Household ID,State,Congressional District,Household Weight,Household Size,Number of Dependents,Employment Income,Adjusted Gross Income,Num with Valid SSN,Num without Valid SSN,Baseline Federal Tax Liability,Baseline State Tax Liability,Baseline Net Income,Baseline Benefits,Baseline Medicaid,Baseline ACA PTC,Baseline CHIP,Baseline Total Benefits,Change in federal tax after Tax Rate Reform,Change in state tax after Tax Rate Reform,Change in net income after Tax Rate Reform,Change in benefits after Tax Rate Reform,Change in federal tax after Standard Deduction Reform,Change in state tax after Standard Deduction Reform,Change in net income after Standard Deduction Reform,Change in benefits after Standard Deduction Reform,Change in federal tax after Exemption Reform,Change in state tax after Exemption Reform,Change in net income after Exemption Reform,Change in benefits after Exemption Reform,Change in federal tax after CTC SSN Requirement,Change in state tax after CTC SSN Requirement,Change in net income after CTC SSN Requirement,Change in benefits after CTC SSN Requirement,Change in federal tax after CTC Expansion,Change in state tax after CTC Expansion,Change in net income after CTC Expansion,Change in benefits after CTC Expansion,Change in federal tax after CDCC Reform,Change in state tax after CDCC Reform,Change in net income after CDCC Reform,Change in benefits after CDCC Reform,Change in federal tax after QBI Deduction Reform,Change in state tax after QBI Deduction Reform,Change in net income after QBI Deduction Reform,Change in benefits after QBI Deduction Reform,Change in federal tax after AMT Reform,Change in state tax after AMT Reform,Change in net income after AMT Reform,Change in benefits after AMT Reform,Change in federal tax after Miscellaneous Reform,Change in state tax after Miscellaneous Reform,Change in net income after Miscellaneous Reform,Change in benefits after Miscellaneous Reform,Change in federal tax after Casualty Loss Repeal,Change in state tax after Casualty Loss Repeal,Change in net income after Casualty Loss Repeal,Change in benefits after Casualty Loss Repeal,Change in federal tax after Other Itemized Deductions Reform,Change in state tax after Other Itemized Deductions Reform,Change in net income after Other Itemized Deductions Reform,Change in benefits after Other Itemized Deductions Reform,Change in federal tax after Limitation on Itemized Deductions Reform,Change in state tax after Limitation on Itemized Deductions Reform,Change in net income after Limitation on Itemized Deductions Reform,Change in benefits after Limitation on Itemized Deductions Reform,Change in federal tax after Estate Tax Reform,Change in state tax after Estate Tax Reform,Change in net income after Estate Tax Reform,Change in benefits after Estate Tax Reform,Change in federal tax after SALT Cap Reform,Change in state tax after SALT Cap Reform,Change in net income after SALT Cap Reform,Change in benefits after SALT Cap Reform,Change in federal tax after Tip Income Exemption,Change in state tax after Tip Income Exemption,Change in net income after Tip Income Exemption,Change in benefits after Tip Income Exemption,Change in federal tax after Overtime Exemption,Change in state tax after Overtime Exemption,Change in net income after Overtime Exemption,Change in benefits after Overtime Exemption,Change in federal tax after Senior Deduction,Change in state tax after Senior Deduction,Change in net income after Senior Deduction,Change in benefits after Senior Deduction,Change in federal tax after Auto Loan Interest,Change in state tax after Auto Loan Interest,Change in net income after Auto Loan Interest,Change in benefits after Auto Loan Interest,Change in federal tax after SNAP Takeup Reform,Change in state tax after SNAP Takeup Reform,Change in net income after SNAP Takeup Reform,Change in benefits after SNAP Takeup Reform,Change in federal tax after ACA Takeup Reform,Change in state tax after ACA Takeup Reform,Change in net income after ACA Takeup Reform,Change in benefits after ACA Takeup Reform,Change in federal tax after Medicaid Takeup Reform,Change in state tax after Medicaid Takeup Reform,Change in net income after Medicaid Takeup Reform,Change in benefits after Medicaid Takeup Reform,Final Federal Tax Liability,Final State Tax Liability,Final Net Income,Final Total Benefits,Total change in federal tax,Total change in state tax,Total change in net income,Total change in benefits,Percentage change in federal tax,Percentage change in state tax,Percentage change in net income,Percentage change in benefits,State Code
8875000,WA,5306,12.470818519592285,1,0.0,2787.483154296875,2787.483154296875,1,0,0.0,0.0,11756.33984375,389.11334228515625,8792.986328125,0.0,0.0,9182.099670410156,0.0,0.0,0.0,0.0,0.0,0.0,0.0,0.0,0.0,0.0,0.0,0.0,0.0,0.0,0.0,0.0,0.0,0.0,0.0,0.0,0.0,0.0,0.0,0.0,0.0,0.0,0.0,0.0,0.0,0.0,0.0,0.0,0.0,0.0,0.0,0.0,0.0,0.0,0.0,0.0,0.0,0.0,0.0,0.0,0.0,0.0,0.0,0.0,0.0,0.0,0.0,0.0,0.0,0.0,0.0,0.0,0.0,0.0,0.0,0.0,0.0,0.0,0.0,0.0,0.0,0.0,0.0,0.0,0.0,0.0,0.0,0.0,0.0,0.0,0.0,0.0,0.0,0.0,0.0,0.0,0.0,0.0,0.0,0.0,0.0,0.0,11756.33984375,9182.099670410156,0.0,0.0,0.0,0.0,0.0,0.0,0.0,0.0,WA
8875001,WA,5306,0.30630725622177124,2,0.0,0.0,36260.6171875,2,0,575.8031616210938,0.0,131093.875,53715.5859375,0.0,0.0,0.0,53715.5859375,0.0,0.0,0.0,0.0,-575.8031616210938,0.0,575.796875,0.0,75.80318450927734,0.0,-75.796875,0.0,0.0,0.0,0.0,0.0,0.0,0.0,0.0,0.0,0.0,0.0,0.0,0.0,0.0,0.0,0.0,0.0,0.0,0.0,0.0,0.0,0.0,0.0,0.0,0.0,0.0,0.0,0.0,0.0,0.0,0.0,0.0,0.0,0.0,0.0,0.0,0.0,0.0,0.0,0.0,0.0,0.0,0.0,0.0,0.0,0.0,0.0,0.0,0.0,0.0,0.0,0.0,0.0,-75.80318450927734,0.0,75.796875,0.0,0.0,0.0,0.0,0.0,0.0,0.0,0.0,0.0,0.0,0.0,0.0,0.0,0.0,0.0,0.0,0.0,0.0,0.0,131669.671875,53715.5859375,-575.8031616210938,0.0,575.796875,0.0,-100.0,0.0,0.43922486901283264,0.0,WA
8875002,WA,5306,0.8270024061203003,4,2.0,211962.125,212338.53125,4,0,32559.6328125,0.0,167530.0,0.0,0.0,0.0,0.0,0.0,-4737.15625,0.0,4737.15625,0.0,-754.44921875,0.0,754.453125,0.0,1986.44921875,0.0,-1986.453125,0.0,0.0,0.0,0.0,0.0,-4400.0,0.0,4400.0,0.0,0.0,0.0,0.0,0.0,0.0,0.0,0.0,0.0,0.0,0.0,0.0,0.0,0.0,0.0,0.0,0.0,0.0,0.0,0.0,0.0,0.0,0.0,0.0,0.0,0.0,0.0,0.0,0.0,0.0,0.0,0.0,0.0,0.0,0.0,0.0,0.0,0.0,0.0,0.0,0.0,0.0,0.0,0.0,0.0,0.0,0.0,0.0,0.0,0.0,0.0,0.0,0.0,0.0,0.0,0.0,0.0,0.0,0.0,0.0,0.0,0.0,0.0,0.0,0.0,24654.4765625,0.0,175435.15625,0.0,-7905.15625,0.0,7905.15625,0.0,-24.27900921218351,0.0,4.718651294708252,0.0,WA
8875003,WA,5306,1311.8680419921875,2,0.0,256148.5390625,257240.5390625,2,0,47615.685546875,0.0,195721.390625,0.0,0.0,0.0,0.0,0.0,-6521.734375,0.0,6521.734375,0.0,-3588.0,0.0,3588.0,0.0,2438.0,0.0,-2438.0,0.0,0.0,0.0,0.0,0.0,0.0,0.0,0.0,0.0,0.0,0.0,0.0,0.0,0.0,0.0,0.0,0.0,0.0,0.0,0.0,0.0,0.0,0.0,0.0,0.0,0.0,0.0,0.0,0.0,0.0,0.0,0.0,0.0,0.0,0.0,0.0,0.0,0.0,0.0,0.0,0.0,0.0,0.0,0.0,0.0,0.0,0.0,0.0,0.0,0.0,0.0,0.0,0.0,0.0,0.0,0.0,0.0,0.0,0.0,0.0,0.0,0.0,0.0,0.0,0.0,0.0,0.0,0.0,0.0,0.0,0.0,0.0,0.0,39943.951171875,0.0,203393.125,0.0,-7671.734375,0.0,7671.734375,0.0,-16.11177973579232,0.0,3.919722080230713,0.0,WA
8875004,WA,5306,0.7953434586524963,2,0.0,506938.453125,513805.625,2,0,133610.59375,0.0,364091.375,0.0,0.0,0.0,0.0,0.0,0.0,0.0,0.0,0.0,0.0,0.0,0.0,0.0,0.0,0.0,0.0,0.0,0.0,0.0,0.0,0.0,0.0,0.0,0.0,0.0,0.0,0.0,0.0,0.0,0.0,0.0,0.0,0.0,-28203.203125,0.0,28203.1875,0.0,0.0,0.0,0.0,0.0,0.0,0.0,0.0,0.0,0.0,0.0,0.0,0.0,-1017.1796875,0.0,1017.1875,0.0,0.0,0.0,0.0,0.0,0.0,0.0,0.0,0.0,0.0,0.0,0.0,0.0,0.0,0.0,0.0,0.0,0.0,0.0,0.0,0.0,0.0,0.0,0.0,0.0,0.0,0.0,0.0,0.0,0.0,0.0,0.0,0.0,0.0,0.0,0.0,0.0,104390.2109375,0.0,393311.75,0.0,-29220.3828125,0.0,29220.375,0.0,-21.86980986490826,0.0,8.02556037902832,0.0,WA
8875005,WA,5306,1.199920654296875,4,2.0,425022.40234375,589735.25,4,0,137531.859375,0.0,467348.4375,0.0,0.0,0.0,0.0,0.0,0.0,0.0,0.0,0.0,0.0,0.0,0.0,0.0,0.0,0.0,0.0,0.0,0.0,0.0,0.0,0.0,0.0,0.0,0.0,0.0,0.0,0.0,0.0,0.0,-6913.8125,0.0,6913.8125,0.0,-24993.1875,0.0,24993.1875,0.0,0.0,0.0,0.0,0.0,0.0,0.0,0.0,0.0,0.0,0.0,0.0,0.0,-1773.1328125,0.0,1773.15625,0.0,0.0,0.0,0.0,0.0,0.0,0.0,0.0,0.0,0.0,0.0,0.0,0.0,0.0,0.0,0.0,0.0,0.0,0.0,0.0,0.0,0.0,0.0,0.0,0.0,0.0,0.0,0.0,0.0,0.0,0.0,0.0,0.0,0.0,0.0,0.0,0.0,103851.7265625,0.0,501028.59375,0.0,-33680.1328125,0.0,33680.15625,0.0,-24.488967840292457,0.0,7.206647872924805,0.0,WA
8875006,WA,5306,676.9431762695312,2,0.0,116738.4921875,160047.328125,2,0,29667.55078125,0.0,188957.6875,19357.361328125,0.0,0.0,0.0,19357.361328125,-3457.869140625,0.0,3457.875,0.0,-1872.0,0.0,1872.0,0.0,1272.0,0.0,-1272.0,0.0,0.0,0.0,0.0,0.0,0.0,0.0,0.0,0.0,0.0,0.0,0.0,0.0,-1200.0,0.0,1200.0,0.0,0.0,0.0,0.0,0.0,0.0,0.0,0.0,0.0,0.0,0.0,0.0,0.0,-143.1953125,0.0,143.1875,0.0,0.0,0.0,0.0,0.0,0.0,0.0,0.0,0.0,0.0,0.0,0.0,0.0,0.0,0.0,0.0,0.0,0.0,0.0,0.0,0.0,0.0,0.0,0.0,0.0,0.0,0.0,0.0,0.0,0.0,0.0,0.0,0.0,0.0,0.0,0.0,0.0,0.0,0.0,0.0,0.0,24266.486328125,0.0,194358.75,19357.361328125,-5401.064453125,0.0,5401.0625,0.0,-18.205292688126086,0.0,2.8583450317382812,0.0,WA
8875007,WA,5306,333.4905090332031,2,0.0,15206.2578125,15207.0849609375,2,0,0.0,0.0,55782.37890625,19723.216796875,0.0,0.0,0.0,19723.216796875,0.0,0.0,0.0,0.0,0.0,0.0,0.0,0.0,0.0,0.0,0.0,0.0,0.0,0.0,0.0,0.0,0.0,0.0,0.0,0.0,0.0,0.0,0.0,0.0,0.0,0.0,0.0,0.0,0.0,0.0,0.0,0.0,0.0,0.0,0.0,0.0,0.0,0.0,0.0,0.0,0.0,0.0,0.0,0.0,0.0,0.0,0.0,0.0,0.0,0.0,0.0,0.0,0.0,0.0,0.0,0.0,0.0,0.0,0.0,0.0,0.0,0.0,0.0,0.0,0.0,0.0,0.0,0.0,0.0,0.0,0.0,0.0,0.0,0.0,0.0,0.0,0.0,0.0,0.0,0.0,0.0,0.0,0.0,0.0,0.0,0.0,55782.37890625,19723.216796875,0.0,0.0,0.0,0.0,0.0,0.0,0.0,0.0,WA
8875008,WA,5306,1.0154489278793335,4,0.0,553875.703125,607444.5390625,4,0,131001.642578125,0.0,556920.875,43815.6484375,0.0,0.0,0.0,43815.6484375,-4799.662109375,0.0,4799.6875,0.0,-3432.0,0.0,3432.0,0.0,2332.0,0.0,-2332.0,0.0,0.0,0.0,0.0,0.0,0.0,0.0,0.0,0.0,0.0,0.0,0.0,0.0,-336.671875,0.0,336.6875,0.0,-23436.8203125,0.0,23436.8125,0.0,0.0,0.0,0.0,0.0,0.0,0.0,0.0,0.0,-480.0,0.0,480.0,0.0,0.0,0.0,0.0,0.0,0.0,0.0,0.0,0.0,0.0,0.0,0.0,0.0,0.0,0.0,0.0,0.0,0.0,0.0,0.0,0.0,0.0,0.0,0.0,0.0,0.0,0.0,0.0,0.0,0.0,0.0,0.0,0.0,0.0,0.0,0.0,0.0,0.0,0.0,0.0,0.0,100848.48828125,0.0,587074.0625,43815.6484375,-30153.154296875,0.0,30153.1875,0.0,-23.017386426198943,0.0,5.414267539978027,0.0,WA
8875009,WA,5306,0.27636611461639404,4,2.0,348008.953125,359926.71875,4,0,81392.2265625,0.0,269837.875,0.0,0.0,0.0,0.0,0.0,0.0,0.0,0.0,0.0,0.0,0.0,0.0,0.0,0.0,0.0,0.0,0.0,0.0,0.0,0.0,0.0,-4400.0,0.0,4400.0,0.0,0.0,0.0,0.0,0.0,0.0,0.0,0.0,0.0,-18335.4765625,0.0,18335.5,0.0,0.0,0.0,0.0,0.0,0.0,0.0,0.0,0.0,-480.0,0.0,480.0,0.0,0.0,0.0,0.0,0.0,0.0,0.0,0.0,0.0,0.0,0.0,0.0,0.0,0.0,0.0,0.0,0.0,0.0,0.0,0.0,0.0,0.0,0.0,0.0,0.0,0.0,0.0,0.0,0.0,0.0,0.0,0.0,0.0,0.0,0.0,0.0,0.0,0.0,0.0,0.0,0.0,58176.75,0.0,293053.375,0.0,-23215.4765625,0.0,23215.5,0.0,-28.52296532848029,0.0,8.603499412536621,0.0,WA
8875010,WA,5306,1140.259033203125,5,3.0,416282.6875,421825.375,5,0,109779.78125,0.0,309043.625,0.0,0.0,0.0,0.0,0.0,0.0,0.0,0.0,0.0,0.0,0.0,0.0,0.0,0.0,0.0,0.0,0.0,0.0,0.0,0.0,0.0,-5500.0,0.0,5500.0,0.0,0.0,0.0,0.0,0.0,0.0,0.0,0.0,0.0,-30863.0625,0.0,30863.0625,0.0,0.0,0.0,0.0,0.0,0.0,0.0,0.0,0.0,-19.4921875,0.0,19.46875,0.0,0.0,0.0,0.0,0.0,0.0,0.0,0.0,0.0,0.0,0.0,0.0,0.0,0.0,0.0,0.0,0.0,0.0,0.0,0.0,0.0,0.0,0.0,0.0,0.0,0.0,0.0,0.0,0.0,0.0,0.0,0.0,0.0,0.0,0.0,0.0,0.0,0.0,0.0,0.0,0.0,73397.2265625,0.0,345426.15625,0.0,-36382.5546875,0.0,36382.53125,0.0,-33.141398418937,0.0,11.77262020111084,0.0,WA
8875011,WA,5306,1.8313486576080322,3,1.0,139374.15625,750824.0625,3,0,150989.25,0.0,586737.0625,0.0,3643.428466796875,0.0,0.0,3643.428466796875,0.0,0.0,0.0,0.0,0.0,0.0,0.0,0.0,0.0,0.0,0.0,0.0,0.0,0.0,0.0,0.0,0.0,0.0,0.0,0.0,0.0,0.0,0.0,0.0,-29422.59375,0.0,29422.625,0.0,-26099.1171875,0.0,26099.125,0.0,0.0,0.0,0.0,0.0,0.0,0.0,0.0,0.0,0.0,0.0,0.0,0.0,-3292.546875,0.0,3292.5625,0.0,0.0,0.0,0.0,0.0,0.0,0.0,0.0,0.0,0.0,0.0,0.0,0.0,0.0,0.0,0.0,0.0,0.0,0.0,0.0,0.0,0.0,0.0,0.0,0.0,0.0,0.0,0.0,0.0,0.0,0.0,0.0,0.0,0.0,0.0,0.0,0.0,92174.9921875,0.0,645551.375,3643.428466796875,-58814.2578125,0.0,58814.3125,0.0,-38.95261272739616,0.0,10.023963928222656,0.0,WA
8875012,WA,5306,0.7958526611328125,2,0.0,140496.84375,141430.828125,2,0,17482.70703125,0.0,135745.984375,0.0,0.0,0.0,0.0,0.0,-2927.9248046875,0.0,2927.921875,0.0,-3215.0830078125,0.0,3215.09375,0.0,2115.0830078125,0.0,-2115.09375,0.0,0.0,0.0,0.0,0.0,0.0,0.0,0.0,0.0,0.0,0.0,0.0,0.0,0.0,0.0,0.0,0.0,0.0,0.0,0.0,0.0,0.0,0.0,0.0,0.0,0.0,0.0,0.0,0.0,0.0,0.0,0.0,0.0,0.0,0.0,0.0,0.0,0.0,0.0,0.0,0.0,0.0,0.0,0.0,0.0,0.0,0.0,0.0,0.0,0.0,0.0,0.0,0.0,0.0,0.0,0.0,0.0,0.0,0.0,0.0,0.0,0.0,0.0,0.0,0.0,0.0,0.0,0.0,0.0,0.0,0.0,0.0,0.0,13454.7822265625,0.0,139773.90625,0.0,-4027.9248046875,0.0,4027.921875,0.0,-23.039480084449522,0.0,2.9672493934631348,0.0,WA
8875013,WA,5306,0.9224845767021179,4,1.0,197109.0244140625,197546.56445312503,4,0,24634.394775390625,0.0,162832.15625,0.0,0.0,4463.6474609375,0.0,4463.6474609375,-3684.5859375,0.0,3684.578125,0.0,-4272.743225097656,0.0,4272.75,0.0,4038.7432250976562,0.0,-4038.75,0.0,0.0,0.0,0.0,0.0,-500.0,0.0,500.0,0.0,0.0,0.0,0.0,0.0,0.0,0.0,0.0,0.0,0.0,0.0,0.0,0.0,0.0,0.0,0.0,0.0,0.0,0.0,0.0,0.0,0.0,0.0,0.0,0.0,0.0,0.0,0.0,0.0,0.0,0.0,0.0,0.0,0.0,0.0,0.0,0.0,-1211.942237854004,0.0,1211.953125,0.0,0.0,0.0,0.0,0.0,0.0,0.0,0.0,0.0,-49.28984069824219,0.0,49.28125,0.0,0.0,0.0,0.0,0.0,0.0,0.0,0.0,0.0,0.0,0.0,0.0,0.0,18954.57675933838,0.0,168511.96875,4463.6474609375,-5679.818016052246,0.0,5679.8125,0.0,-23.0564544728588,0.0,3.4881393909454346,0.0,WA
8875014,WA,5306,5858.0439453125,4,2.0,83624.49609375,83461.22265625,4,0,-1292.92626953125,-1015.3218383789062,99319.4765625,0.0,16079.84326171875,3704.166015625,0.0,19784.00927734375,-626.241455078125,0.0,626.2421875,0.0,-1831.31689453125,0.0,1831.3203125,0.0,1918.81689453125,0.0,-1918.8203125,0.0,0.0,0.0,0.0,0.0,-2400.0,0.0,2400.0,0.0,0.0,0.0,0.0,0.0,0.0,0.0,0.0,0.0,0.0,0.0,0.0,0.0,0.0,0.0,0.0,0.0,0.0,0.0,0.0,0.0,0.0,0.0,0.0,0.0,0.0,0.0,0.0,0.0,0.0,0.0,0.0,0.0,0.0,0.0,0.0,0.0,0.0,0.0,0.0,0.0,0.0,0.0,0.0,0.0,0.0,0.0,0.0,0.0,-216.768798828125,0.0,216.7734375,0.0,0.0,0.0,0.0,0.0,0.0,0.0,0.0,0.0,0.0,0.0,0.0,0.0,-4448.4365234375,-1015.3218383789062,102474.9921875,19784.00927734375,-3155.51025390625,0.0,3155.515625,0.0,-244.05956691175277,0.0,3.1771368980407715,0.0,WA
8875015,WA,5306,1470.05859375,2,0.0,204036.765625,204070.6875,2,0,33142.671875,0.0,158036.734375,0.0,0.0,0.0,0.0,0.0,-4807.12109375,0.0,4807.125,0.0,-3432.0,0.0,3432.0,0.0,2332.0,0.0,-2332.0,0.0,0.0,0.0,0.0,0.0,0.0,0.0,0.0,0.0,0.0,0.0,0.0,0.0,0.0,0.0,0.0,0.0,0.0,0.0,0.0,0.0,0.0,0.0,0.0,0.0,0.0,0.0,0.0,0.0,0.0,0.0,0.0,0.0,0.0,0.0,0.0,0.0,0.0,0.0,0.0,0.0,0.0,0.0,0.0,0.0,0.0,0.0,0.0,0.0,0.0,0.0,0.0,0.0,0.0,0.0,0.0,0.0,0.0,0.0,0.0,0.0,0.0,0.0,0.0,0.0,0.0,0.0,0.0,0.0,0.0,0.0,0.0,0.0,27235.55078125,0.0,163943.859375,0.0,-5907.12109375,0.0,5907.125,0.0,-17.8233098285773,0.0,3.7378177642822266,0.0,WA
8875016,WA,5306,1.0594422817230225,5,3.0,170605.4140625,171536.921875,5,0,21034.23046875,0.0,141502.015625,0.0,0.0,0.0,0.0,0.0,-3354.107421875,0.0,3354.109375,0.0,-1628.5234375,0.0,1628.53125,0.0,4026.5234375,0.0,-4026.53125,0.0,0.0,0.0,0.0,0.0,-6600.0,0.0,6600.0,0.0,0.0,0.0,0.0,0.0,0.0,0.0,0.0,0.0,0.0,0.0,0.0,0.0,0.0,0.0,0.0,0.0,0.0,0.0,0.0,0.0,0.0,0.0,0.0,0.0,0.0,0.0,0.0,0.0,0.0,0.0,0.0,0.0,0.0,0.0,0.0,0.0,0.0,0.0,0.0,0.0,0.0,0.0,0.0,0.0,0.0,0.0,0.0,0.0,0.0,0.0,0.0,0.0,0.0,0.0,0.0,0.0,0.0,0.0,0.0,0.0,0.0,0.0,0.0,0.0,13478.123046875,0.0,149058.125,0.0,-7556.107421875,0.0,7556.109375,0.0,-35.92290877054385,0.0,5.339930534362793,0.0,WA
8875017,WA,5306,0.7365516424179077,4,2.0,724556.296875,724596.75,4,0,209186.6875,0.0,460772.8125,0.0,0.0,0.0,0.0,0.0,-11180.28125,0.0,11180.25,0.0,0.0,0.0,0.0,0.0,0.0,0.0,0.0,0.0,0.0,0.0,0.0,0.0,0.0,0.0,0.0,0.0,0.0,0.0,0.0,0.0,0.0,0.0,0.0,0.0,-18129.828125,0.0,18129.84375,0.0,0.0,0.0,0.0,0.0,0.0,0.0,0.0,0.0,0.0,0.0,0.0,0.0,0.0,0.0,0.0,0.0,0.0,0.0,0.0,0.0,0.0,0.0,0.0,0.0,0.0,0.0,0.0,0.0,0.0,0.0,0.0,0.0,0.0,0.0,0.0,0.0,0.0,0.0,0.0,0.0,0.0,0.0,0.0,0.0,0.0,0.0,0.0,0.0,0.0,0.0,0.0,0.0,179876.578125,0.0,490082.90625,0.0,-29310.109375,0.0,29310.09375,0.0,-14.011460158046626,0.0,6.361072540283203,0.0,WA
8875018,WA,5306,2589.932373046875,2,0.0,0.0,63956.5546875,2,0,1871.183837890625,0.0,86208.59375,18546.4453125,0.0,0.0,0.0,18546.4453125,0.0,0.0,0.0,0.0,-499.17578125,0.0,499.1796875,0.0,1060.0,0.0,-1060.0,0.0,0.0,0.0,0.0,0.0,0.0,0.0,0.0,0.0,0.0,0.0,0.0,0.0,0.0,0.0,0.0,0.0,0.0,0.0,0.0,0.0,0.0,0.0,0.0,0.0,0.0,0.0,0.0,0.0,-200.0,0.0,200.0,0.0,0.0,0.0,0.0,0.0,0.0,0.0,0.0,0.0,0.0,0.0,0.0,0.0,0.0,0.0,0.0,0.0,0.0,0.0,0.0,0.0,-1200.0,0.0,1200.0,0.0,0.0,0.0,0.0,0.0,0.0,0.0,0.0,0.0,0.0,0.0,0.0,0.0,0.0,0.0,0.0,0.0,1032.008056640625,0.0,87047.7734375,18546.4453125,-839.17578125,0.0,839.1796875,0.0,-44.84731880732778,0.0,0.973429262638092,0.0,WA
8875019,WA,5306,112.7578125,1,0.0,0.0,842.1610717773438,1,0,0.0,0.0,43576.9375,21478.07421875,0.0,0.0,0.0,21478.07421875,0.0,0.0,0.0,0.0,0.0,0.0,0.0,0.0,0.0,0.0,0.0,0.0,0.0,0.0,0.0,0.0,0.0,0.0,0.0,0.0,0.0,0.0,0.0,0.0,0.0,0.0,0.0,0.0,0.0,0.0,0.0,0.0,0.0,0.0,0.0,0.0,0.0,0.0,0.0,0.0,0.0,0.0,0.0,0.0,0.0,0.0,0.0,0.0,0.0,0.0,0.0,0.0,0.0,0.0,0.0,0.0,0.0,0.0,0.0,0.0,0.0,0.0,0.0,0.0,0.0,0.0,0.0,0.0,0.0,0.0,0.0,0.0,0.0,0.0,0.0,0.0,0.0,0.0,0.0,0.0,0.0,0.0,0.0,0.0,0.0,0.0,43576.9375,21478.07421875,0.0,0.0,0.0,0.0,0.0,0.0,0.0,0.0,WA
8875020,WA,5306,0.7213670015335083,2,0.0,171327.015625,226380.84375,2,0,37870.390625,0.0,240205.375,50021.7734375,0.0,0.0,0.0,50021.7734375,-5353.791015625,0.0,5353.78125,0.0,0.0,0.0,0.0,0.0,0.0,0.0,0.0,0.0,0.0,0.0,0.0,0.0,0.0,0.0,0.0,0.0,0.0,0.0,0.0,0.0,-30.06640625,0.0,30.078125,0.0,-1103.080078125,0.0,1103.078125,0.0,0.0,0.0,0.0,0.0,0.0,0.0,0.0,0.0,-440.0,0.0,440.0,0.0,0.0,0.0,0.0,0.0,0.0,0.0,0.0,0.0,0.0,0.0,0.0,0.0,0.0,0.0,0.0,0.0,0.0,0.0,0.0,0.0,-1631.771484375,0.0,1631.78125,0.0,0.0,0.0,0.0,0.0,0.0,0.0,0.0,0.0,0.0,0.0,0.0,0.0,0.0,0.0,0.0,0.0,29311.681640625,0.0,248764.09375,50021.7734375,-8558.708984375,0.0,8558.71875,0.0,-22.600001856661596,0.0,3.5630836486816406,0.0,WA
8875021,WA,5306,0.8346042633056641,2,0.0,213443.58984375,226795.71875,2,0,38841.80078125,0.0,217550.546875,0.0,0.0,0.0,0.0,0.0,-5506.7421875,0.0,5506.734375,0.0,-628.728515625,0.0,628.734375,0.0,0.0,0.0,0.0,0.0,0.0,0.0,0.0,0.0,0.0,0.0,0.0,0.0,0.0,0.0,0.0,0.0,0.0,0.0,0.0,0.0,-471.271484375,0.0,471.265625,0.0,0.0,0.0,0.0,0.0,0.0,0.0,0.0,0.0,0.0,0.0,0.0,0.0,0.0,0.0,0.0,0.0,0.0,0.0,0.0,0.0,0.0,0.0,0.0,0.0,0.0,0.0,0.0,0.0,-755.44921875,0.0,755.453125,0.0,0.0,0.0,0.0,0.0,0.0,0.0,0.0,0.0,0.0,0.0,0.0,0.0,0.0,0.0,0.0,0.0,0.0,0.0,0.0,0.0,31479.609375,0.0,224912.734375,0.0,-7362.19140625,0.0,7362.1875,0.0,-18.95429989899936,0.0,3.384127378463745,0.0,WA
8875022,WA,5306,23.912330627441406,4,2.0,152528.515625,152540.09375,4,0,17367.9765625,0.0,145198.328125,0.0,0.0,0.0,0.0,0.0,-2914.1572265625,0.0,2914.15625,0.0,-3053.0078125,0.0,3053.015625,0.0,4498.0087890625,0.0,-4498.015625,0.0,0.0,0.0,0.0,0.0,-4400.0,0.0,4400.0,0.0,0.0,0.0,0.0,0.0,0.0,0.0,0.0,0.0,0.0,0.0,0.0,0.0,0.0,0.0,0.0,0.0,0.0,0.0,0.0,0.0,-357.97265625,0.0,357.96875,0.0,0.0,0.0,0.0,0.0,0.0,0.0,0.0,0.0,0.0,0.0,0.0,0.0,0.0,0.0,0.0,0.0,0.0,0.0,0.0,0.0,0.0,0.0,0.0,0.0,0.0,0.0,0.0,0.0,0.0,0.0,0.0,0.0,0.0,0.0,0.0,0.0,0.0,0.0,0.0,0.0,11140.84765625,0.0,151425.453125,0.0,-6227.12890625,0.0,6227.125,0.0,-35.854084002481216,0.0,4.288702964782715,0.0,WA
8875023,WA,5306,538.7748413085938,1,0.0,0.0,10114.400390625,1,0,0.0,0.0,56282.14453125,23083.87109375,0.0,0.0,0.0,23083.87109375,0.0,0.0,0.0,0.0,0.0,0.0,0.0,0.0,0.0,0.0,0.0,0.0,0.0,0.0,0.0,0.0,0.0,0.0,0.0,0.0,0.0,0.0,0.0,0.0,0.0,0.0,0.0,0.0,0.0,0.0,0.0,0.0,0.0,0.0,0.0,0.0,0.0,0.0,0.0,0.0,0.0,0.0,0.0,0.0,0.0,0.0,0.0,0.0,0.0,0.0,0.0,0.0,0.0,0.0,0.0,0.0,0.0,0.0,0.0,0.0,0.0,0.0,0.0,0.0,0.0,0.0,0.0,0.0,0.0,0.0,0.0,0.0,0.0,0.0,0.0,0.0,0.0,0.0,0.0,0.0,0.0,0.0,0.0,0.0,0.0,0.0,56282.14453125,23083.87109375,0.0,0.0,0.0,0.0,0.0,0.0,0.0,0.0,WA
8875024,WA,5306,110.1359634399414,1,0.0,0.0,0.0,1,0,0.0,0.0,31262.796875,15960.0185546875,0.0,0.0,0.0,15960.0185546875,0.0,0.0,0.0,0.0,0.0,0.0,0.0,0.0,0.0,0.0,0.0,0.0,0.0,0.0,0.0,0.0,0.0,0.0,0.0,0.0,0.0,0.0,0.0,0.0,0.0,0.0,0.0,0.0,0.0,0.0,0.0,0.0,0.0,0.0,0.0,0.0,0.0,0.0,0.0,0.0,0.0,0.0,0.0,0.0,0.0,0.0,0.0,0.0,0.0,0.0,0.0,0.0,0.0,0.0,0.0,0.0,0.0,0.0,0.0,0.0,0.0,0.0,0.0,0.0,0.0,0.0,0.0,0.0,0.0,0.0,0.0,0.0,0.0,0.0,0.0,0.0,0.0,0.0,0.0,0.0,0.0,0.0,0.0,0.0,0.0,0.0,31262.796875,15960.0185546875,0.0,0.0,0.0,0.0,0.0,0.0,0.0,0.0,WA
8875025,WA,5306,91.97010040283203,2,0.0,113334.08984375,114191.96875,2,0,11586.294921875,0.0,104119.078125,0.0,0.0,0.0,0.0,0.0,-1841.2587890625,0.0,1841.2578125,0.0,-1872.0,0.0,1872.0,0.0,1272.0,0.0,-1272.0,0.0,0.0,0.0,0.0,0.0,0.0,0.0,0.0,0.0,0.0,0.0,0.0,0.0,-6.5859375,0.0,6.5859375,0.0,0.0,0.0,0.0,0.0,0.0,0.0,0.0,0.0,0.0,0.0,0.0,0.0,0.0,0.0,0.0,0.0,0.0,0.0,0.0,0.0,0.0,0.0,0.0,0.0,0.0,0.0,0.0,0.0,0.0,0.0,0.0,0.0,-239.8525390625,0.0,239.8515625,0.0,-720.0,0.0,720.0,0.0,0.0,0.0,0.0,0.0,0.0,0.0,0.0,0.0,0.0,0.0,0.0,0.0,0.0,0.0,0.0,0.0,8178.59765625,0.0,107526.7734375,0.0,-3407.697265625,0.0,3407.6953125,0.0,-29.411449377067427,0.0,3.2728829383850098,0.0,WA
8875026,WA,5306,1831.9522705078125,3,0.0,161157.33203125,161487.43359375,3,0,18129.72802734375,0.0,144138.578125,0.0,0.0,0.0,0.0,0.0,-2649.02099609375,0.0,2649.015625,0.0,-3587.9986572265625,0.0,3588.0,0.0,2437.99951171875,0.0,-2438.0,0.0,0.0,0.0,0.0,0.0,0.0,0.0,0.0,0.0,0.0,0.0,0.0,0.0,0.0,0.0,0.0,0.0,0.0,0.0,0.0,0.0,0.0,0.0,0.0,0.0,0.0,0.0,0.0,0.0,0.0,0.0,0.0,0.0,0.0,0.0,0.0,0.0,0.0,0.0,0.0,0.0,0.0,0.0,0.0,0.0,0.0,0.0,0.0,0.0,-1804.24609375,0.0,1804.25,0.0,0.0,0.0,0.0,0.0,0.0,0.0,0.0,0.0,0.0,0.0,0.0,0.0,0.0,0.0,0.0,0.0,0.0,0.0,0.0,0.0,12526.461791992188,0.0,149741.84375,0.0,-5603.2662353515625,0.0,5603.265625,0.0,-30.90651016331058,0.0,3.887415647506714,0.0,WA
8875027,WA,5306,1811.510009765625,3,0.0,108733.83203125,316653.39453125,3,0,53585.4375,0.0,328141.0,57351.6328125,0.0,0.0,0.0,57351.6328125,-4248.7509765625,0.0,4248.75,0.0,-936.0,0.0,936.0,0.0,1644.58984375,0.0,-1644.5625,0.0,0.0,0.0,0.0,0.0,0.0,0.0,0.0,0.0,0.0,0.0,0.0,0.0,-6934.34765625,0.0,6934.34375,0.0,-3926.97265625,0.0,3926.96875,0.0,0.0,0.0,0.0,0.0,0.0,0.0,0.0,0.0,-440.0,0.0,440.0,0.0,0.0,0.0,0.0,0.0,0.0,0.0,0.0,0.0,0.0,0.0,0.0,0.0,0.0,0.0,0.0,0.0,0.0,0.0,0.0,0.0,-1135.41015625,0.0,1135.40625,0.0,0.0,0.0,0.0,0.0,0.0,0.0,0.0,0.0,0.0,0.0,0.0,0.0,0.0,0.0,0.0,0.0,37608.5458984375,0.0,344117.90625,57351.6328125,-15976.8916015625,0.0,15976.90625,0.0,-29.815734175096548,0.0,4.86891508102417,0.0,WA
8875028,WA,5306,1611.2427978515625,4,2.0,73534.578125,117075.25,4,0,7876.287109375,0.0,111647.5703125,0.0,0.0,0.0,0.0,0.0,-1659.2568359375,0.0,1659.2578125,0.0,-1872.00048828125,0.0,1872.0,0.0,2544.00048828125,0.0,-2544.0,0.0,0.0,0.0,0.0,0.0,-2800.0,0.0,2800.0,0.0,0.0,0.0,0.0,0.0,-1062.994140625,0.0,1062.9921875,0.0,0.0,0.0,0.0,0.0,0.0,0.0,0.0,0.0,0.0,0.0,0.0,0.0,-240.0,0.0,240.0,0.0,0.0,0.0,0.0,0.0,0.0,0.0,0.0,0.0,0.0,0.0,0.0,0.0,0.0,0.0,0.0,0.0,-256.74169921875,0.0,256.7421875,0.0,0.0,0.0,0.0,0.0,0.0,0.0,0.0,0.0,0.0,0.0,0.0,0.0,0.0,0.0,0.0,0.0,0.0,0.0,0.0,0.0,2529.29443359375,0.0,116994.5625,0.0,-5346.99267578125,0.0,5346.9921875,0.0,-67.8872240375395,0.0,4.789170265197754,0.0,WA
8875029,WA,5306,847.9125366210938,1,0.0,0.0,24094.314453125,1,0,844.4314575195312,0.0,25385.208984375,2129.486328125,0.0,0.0,0.0,2129.486328125,0.0,0.0,0.0,0.0,-780.0000152587891,0.0,780.0,0.0,530.0000152587891,0.0,-530.0,0.0,0.0,0.0,0.0,0.0,0.0,0.0,0.0,0.0,0.0,0.0,0.0,0.0,-500.00001525878906,0.0,500.0,0.0,0.0,0.0,0.0,0.0,0.0,0.0,0.0,0.0,0.0,0.0,0.0,0.0,0.0,0.0,0.0,0.0,0.0,0.0,0.0,0.0,0.0,0.0,0.0,0.0,0.0,0.0,0.0,0.0,0.0,0.0,0.0,0.0,0.0,0.0,0.0,0.0,-94.43144226074219,0.0,94.431640625,0.0,0.0,0.0,0.0,0.0,0.0,0.0,0.0,0.0,0.0,0.0,0.0,0.0,0.0,0.0,0.0,0.0,0.0,0.0,26229.640625,2129.486328125,-844.4314575195312,0.0,844.431640625,0.0,-100.0,0.0,3.3264710903167725,0.0,WA
8875030,WA,5306,20.152694702148438,1,0.0,261730.671875,286087.5,1,0,68228.1484375,0.0,217116.28125,0.0,0.0,0.0,0.0,0.0,0.0,0.0,0.0,0.0,0.0,0.0,0.0,0.0,0.0,0.0,0.0,0.0,0.0,0.0,0.0,0.0,0.0,0.0,0.0,0.0,0.0,0.0,0.0,0.0,0.0,0.0,0.0,0.0,-4694.390625,0.0,4694.375,0.0,0.0,0.0,0.0,0.0,0.0,0.0,0.0,0.0,-42.75390625,0.0,42.765625,0.0,0.0,0.0,0.0,0.0,0.0,0.0,0.0,0.0,0.0,0.0,0.0,0.0,0.0,0.0,0.0,0.0,0.0,0.0,0.0,0.0,0.0,0.0,0.0,0.0,0.0,0.0,0.0,0.0,0.0,0.0,0.0,0.0,0.0,0.0,0.0,0.0,0.0,0.0,0.0,0.0,63491.00390625,0.0,221853.421875,0.0,-4737.14453125,0.0,4737.140625,0.0,-6.943094074419203,0.0,2.18184494972229,0.0,WA
8875031,WA,5306,99.36442565917969,1,0.0,0.0,0.0,1,0,0.0,0.0,46023.7109375,21732.84375,8792.986328125,0.0,0.0,30525.830078125,0.0,0.0,0.0,0.0,0.0,0.0,0.0,0.0,0.0,0.0,0.0,0.0,0.0,0.0,0.0,0.0,0.0,0.0,0.0,0.0,0.0,0.0,0.0,0.0,0.0,0.0,0.0,0.0,0.0,0.0,0.0,0.0,0.0,0.0,0.0,0.0,0.0,0.0,0.0,0.0,0.0,0.0,0.0,0.0,0.0,0.0,0.0,0.0,0.0,0.0,0.0,0.0,0.0,0.0,0.0,0.0,0.0,0.0,0.0,0.0,0.0,0.0,0.0,0.0,0.0,0.0,0.0,0.0,0.0,0.0,0.0,0.0,0.0,0.0,0.0,0.0,0.0,0.0,0.0,0.0,0.0,0.0,0.0,0.0,0.0,0.0,46023.7109375,30525.830078125,0.0,0.0,0.0,0.0,0.0,0.0,0.0,0.0,WA
8875032,WA,5306,325.87939453125,4,2.0,554795.0625,554865.6875,4,0,150485.015625,0.0,384795.3125,0.0,0.0,0.0,0.0,0.0,0.0,0.0,0.0,0.0,0.0,0.0,0.0,0.0,0.0,0.0,0.0,0.0,0.0,0.0,0.0,0.0,0.0,0.0,0.0,0.0,0.0,0.0,0.0,0.0,0.0,0.0,0.0,0.0,-30010.9453125,0.0,30010.9375,0.0,0.0,0.0,0.0,0.0,0.0,0.0,0.0,0.0,-700.0,0.0,700.0,0.0,0.0,0.0,0.0,0.0,0.0,0.0,0.0,0.0,0.0,0.0,0.0,0.0,0.0,0.0,0.0,0.0,0.0,0.0,0.0,0.0,0.0,0.0,0.0,0.0,0.0,0.0,0.0,0.0,0.0,0.0,0.0,0.0,0.0,0.0,0.0,0.0,0.0,0.0,0.0,0.0,119774.0703125,0.0,415506.25,0.0,-30710.9453125,0.0,30710.9375,0.0,-20.407975627972096,0.0,7.981110572814941,0.0,WA
8875033,WA,5306,1139.207275390625,2,0.0,156233.1015625,173511.9921875,2,0,28478.69677734375,0.0,136336.46875,0.0,0.0,0.0,0.0,0.0,-3563.04248046875,0.0,3563.046875,0.0,-2807.9998779296875,0.0,2808.0,0.0,1908.0,0.0,-1908.0,0.0,0.0,0.0,0.0,0.0,0.0,0.0,0.0,0.0,0.0,0.0,0.0,0.0,-1200.0,0.0,1200.0,0.0,0.0,0.0,0.0,0.0,0.0,0.0,0.0,0.0,0.0,0.0,0.0,0.0,0.0,0.0,0.0,0.0,0.0,0.0,0.0,0.0,0.0,0.0,0.0,0.0,0.0,0.0,0.0,0.0,0.0,0.0,0.0,0.0,0.0,0.0,0.0,0.0,0.0,0.0,0.0,0.0,0.0,0.0,0.0,0.0,0.0,0.0,0.0,0.0,0.0,0.0,0.0,0.0,0.0,0.0,0.0,0.0,22815.654418945312,0.0,141999.515625,0.0,-5663.0423583984375,0.0,5663.046875,0.0,-19.885187874550763,0.0,4.153728485107422,0.0,WA
8875034,WA,5306,0.7507573962211609,3,1.0,109357.77734375,110350.5,2,1,9043.7109375,0.0,95549.640625,0.0,0.0,0.0,0.0,0.0,-1522.7421875,0.0,1522.7421875,0.0,-1496.90869140625,0.0,1496.90625,0.0,1907.99951171875,0.0,-1908.0,0.0,0.0,0.0,0.0,0.0,-1250.0,0.0,1250.0,0.0,0.0,0.0,0.0,0.0,0.0,0.0,0.0,0.0,0.0,0.0,0.0,0.0,0.0,0.0,0.0,0.0,0.0,0.0,0.0,0.0,-240.0,0.0,240.0,0.0,0.0,0.0,0.0,0.0,0.0,0.0,0.0,0.0,0.0,0.0,0.0,0.0,0.0,0.0,0.0,0.0,0.0,0.0,0.0,0.0,0.0,0.0,0.0,0.0,0.0,0.0,0.0,0.0,0.0,0.0,0.0,0.0,0.0,0.0,0.0,0.0,0.0,0.0,0.0,0.0,6442.0595703125,0.0,98151.2890625,0.0,-2601.6513671875,0.0,2601.6484375,0.0,-28.767520160332417,0.0,2.7228238582611084,0.0,WA
8875035,WA,5306,1450.8004150390625,2,0.0,154039.4921875,159474.5,2,0,21874.701171875,0.0,172854.359375,0.0,0.0,0.0,0.0,0.0,-3433.55859375,0.0,3433.546875,0.0,-3431.998046875,0.0,3432.0,0.0,2331.998046875,0.0,-2332.0,0.0,0.0,0.0,0.0,0.0,0.0,0.0,0.0,0.0,0.0,0.0,0.0,0.0,0.0,0.0,0.0,0.0,0.0,0.0,0.0,0.0,0.0,0.0,0.0,0.0,0.0,0.0,0.0,0.0,-440.0,0.0,440.0,0.0,0.0,0.0,0.0,0.0,0.0,0.0,0.0,0.0,0.0,0.0,0.0,0.0,0.0,0.0,0.0,0.0,0.0,0.0,0.0,0.0,0.0,0.0,0.0,0.0,0.0,0.0,0.0,0.0,0.0,0.0,0.0,0.0,0.0,0.0,0.0,0.0,0.0,0.0,0.0,0.0,16901.142578125,0.0,177827.90625,0.0,-4973.55859375,0.0,4973.546875,0.0,-22.736578455044967,0.0,2.877304792404175,0.0,WA
8875036,WA,5306,0.8957350850105286,4,2.0,334279.86767578125,325069.875,4,0,61618.42578125,0.0,268683.5,0.0,0.0,0.0,0.0,0.0,0.0,0.0,0.0,0.0,0.0,0.0,0.0,0.0,0.0,0.0,0.0,0.0,0.0,0.0,0.0,0.0,-4400.0,0.0,4400.0,0.0,0.0,0.0,0.0,0.0,0.0,0.0,0.0,0.0,-7673.44921875,0.0,7673.4375,0.0,0.0,0.0,0.0,0.0,0.0,0.0,0.0,0.0,0.0,0.0,0.0,0.0,0.0,0.0,0.0,0.0,0.0,0.0,0.0,0.0,0.0,0.0,0.0,0.0,0.0,0.0,0.0,0.0,0.0,0.0,0.0,0.0,0.0,0.0,0.0,0.0,0.0,0.0,0.0,0.0,0.0,0.0,0.0,0.0,0.0,0.0,0.0,0.0,0.0,0.0,0.0,0.0,49544.9765625,0.0,280756.9375,0.0,-12073.44921875,0.0,12073.4375,0.0,-19.593894302998983,0.0,4.49355411529541,0.0,WA
8875037,WA,5306,198.53004455566406,2,0.0,0.0,4.136350989341736,2,0,0.0,0.0,71410.375,18589.04296875,52815.25,0.0,0.0,71404.29296875,0.0,0.0,0.0,0.0,0.0,0.0,0.0,0.0,0.0,0.0,0.0,0.0,0.0,0.0,0.0,0.0,0.0,0.0,0.0,0.0,0.0,0.0,0.0,0.0,0.0,0.0,0.0,0.0,0.0,0.0,0.0,0.0,0.0,0.0,0.0,0.0,0.0,0.0,0.0,0.0,0.0,0.0,0.0,0.0,0.0,0.0,0.0,0.0,0.0,0.0,0.0,0.0,0.0,0.0,0.0,0.0,0.0,0.0,0.0,0.0,0.0,0.0,0.0,0.0,0.0,0.0,0.0,0.0,0.0,0.0,0.0,0.0,0.0,0.0,0.0,0.0,0.0,0.0,0.0,0.0,0.0,0.0,0.0,0.0,0.0,0.0,71410.375,71404.29296875,0.0,0.0,0.0,0.0,0.0,0.0,0.0,0.0,WA
8875038,WA,5306,0.10786272585391998,5,3.0,110831.0546875,212862.875,5,0,25920.064453125,0.0,207249.46875,0.0,0.0,0.0,0.0,0.0,-4056.537109375,0.0,4056.53125,0.0,0.0,0.0,0.0,0.0,5830.0,0.0,-5830.0,0.0,0.0,0.0,0.0,0.0,-6600.0,0.0,6600.0,0.0,0.0,0.0,0.0,0.0,-4329.4140625,0.0,4329.40625,0.0,0.0,0.0,0.0,0.0,0.0,0.0,0.0,0.0,0.0,0.0,0.0,0.0,-45.201171875,0.0,45.21875,0.0,0.0,0.0,0.0,0.0,0.0,0.0,0.0,0.0,0.0,0.0,0.0,0.0,0.0,0.0,0.0,0.0,0.0,0.0,0.0,0.0,0.0,0.0,0.0,0.0,0.0,0.0,0.0,0.0,0.0,0.0,0.0,0.0,0.0,0.0,0.0,0.0,0.0,0.0,0.0,0.0,16718.912109375,0.0,216450.625,0.0,-9201.15234375,0.0,9201.15625,0.0,-35.49818466072788,0.0,4.439652442932129,0.0,WA
8875039,WA,5306,87.47488403320312,2,0.0,0.0,21.50902557373047,2,0,0.0,0.0,71727.921875,35991.98828125,0.0,0.0,0.0,35991.98828125,0.0,0.0,0.0,0.0,0.0,0.0,0.0,0.0,0.0,0.0,0.0,0.0,0.0,0.0,0.0,0.0,0.0,0.0,0.0,0.0,0.0,0.0,0.0,0.0,0.0,0.0,0.0,0.0,0.0,0.0,0.0,0.0,0.0,0.0,0.0,0.0,0.0,0.0,0.0,0.0,0.0,0.0,0.0,0.0,0.0,0.0,0.0,0.0,0.0,0.0,0.0,0.0,0.0,0.0,0.0,0.0,0.0,0.0,0.0,0.0,0.0,0.0,0.0,0.0,0.0,0.0,0.0,0.0,0.0,0.0,0.0,0.0,0.0,0.0,0.0,0.0,0.0,0.0,0.0,0.0,0.0,0.0,0.0,0.0,0.0,0.0,71727.921875,35991.98828125,0.0,0.0,0.0,0.0,0.0,0.0,0.0,0.0,WA
8875040,WA,5306,0.1514904648065567,4,2.0,199984.6875,200325.03125,4,0,29556.20703125,0.0,161042.9375,0.0,0.0,0.0,0.0,0.0,-4376.736328125,0.0,4376.734375,0.0,-1643.01953125,0.0,1643.015625,0.0,2875.01953125,0.0,-2875.015625,0.0,0.0,0.0,0.0,0.0,-4400.0,0.0,4400.0,0.0,0.0,0.0,0.0,0.0,0.0,0.0,0.0,0.0,0.0,0.0,0.0,0.0,0.0,0.0,0.0,0.0,0.0,0.0,0.0,0.0,-14.9765625,0.0,14.96875,0.0,0.0,0.0,0.0,0.0,0.0,0.0,0.0,0.0,0.0,0.0,0.0,0.0,0.0,0.0,0.0,0.0,-3061.509765625,0.0,3061.515625,0.0,0.0,0.0,0.0,0.0,-645.666015625,0.0,645.65625,0.0,0.0,0.0,0.0,0.0,0.0,0.0,0.0,0.0,0.0,0.0,0.0,0.0,18289.318359375,0.0,172309.8125,0.0,-11266.888671875,0.0,11266.875,0.0,-38.12021163596003,0.0,6.9961934089660645,0.0,WA
8875041,WA,5306,62.71514129638672,1,0.0,4065.07958984375,4065.07958984375,0,1,0.0,0.0,19038.794921875,6491.70751953125,8792.986328125,0.0,0.0,15284.69384765625,0.0,0.0,0.0,0.0,0.0,0.0,0.0,0.0,0.0,0.0,0.0,0.0,0.0,0.0,0.0,0.0,0.0,0.0,0.0,0.0,0.0,0.0,0.0,0.0,0.0,0.0,0.0,0.0,0.0,0.0,0.0,0.0,0.0,0.0,0.0,0.0,0.0,0.0,0.0,0.0,0.0,0.0,0.0,0.0,0.0,0.0,0.0,0.0,0.0,0.0,0.0,0.0,0.0,0.0,0.0,0.0,0.0,0.0,0.0,0.0,0.0,0.0,0.0,0.0,0.0,0.0,0.0,0.0,0.0,0.0,0.0,0.0,0.0,0.0,0.0,0.0,0.0,0.0,0.0,0.0,0.0,0.0,0.0,0.0,0.0,0.0,19038.794921875,15284.69384765625,0.0,0.0,0.0,0.0,0.0,0.0,0.0,0.0,WA
8875042,WA,5306,0.14815638959407806,4,1.0,276603.9384765625,452436.46874999994,4,0,76895.09765625,0.0,445751.375,54015.3203125,0.0,0.0,0.0,54015.3203125,-6829.408203125,0.0,6829.4375,0.0,-1872.0,0.0,1872.0,0.0,2473.62109375,0.0,-2473.625,0.0,0.0,0.0,0.0,0.0,-500.0,0.0,500.0,0.0,0.0,0.0,0.0,0.0,0.0,0.0,0.0,0.0,-923.8828125,0.0,923.875,0.0,0.0,0.0,0.0,0.0,0.0,0.0,0.0,0.0,-200.43359375,0.0,200.4375,0.0,0.0,0.0,0.0,0.0,0.0,0.0,0.0,0.0,0.0,0.0,0.0,0.0,0.0,0.0,0.0,0.0,0.0,0.0,0.0,0.0,-947.62109375,0.0,947.625,0.0,0.0,0.0,0.0,0.0,0.0,0.0,0.0,0.0,0.0,0.0,0.0,0.0,0.0,0.0,0.0,0.0,68095.373046875,0.0,454551.125,54015.3203125,-8799.724609375,0.0,8799.75,0.0,-11.443804452545308,0.0,1.974138617515564,0.0,WA
8875043,WA,5306,0.21543759107589722,1,0.0,56854.1171875,56937.671875,1,0,4265.0380859375,0.0,69325.7421875,0.0,0.0,0.0,0.0,0.0,-876.248291015625,0.0,876.2421875,0.0,-678.470703125,0.0,678.4765625,0.0,636.0,0.0,-636.0,0.0,0.0,0.0,0.0,0.0,0.0,0.0,0.0,0.0,0.0,0.0,0.0,0.0,0.0,0.0,0.0,0.0,0.0,0.0,0.0,0.0,0.0,0.0,0.0,0.0,0.0,0.0,0.0,0.0,0.0,0.0,0.0,0.0,0.0,0.0,0.0,0.0,0.0,0.0,0.0,0.0,0.0,0.0,0.0,0.0,0.0,0.0,0.0,0.0,0.0,0.0,0.0,0.0,0.0,0.0,0.0,0.0,-385.22216796875,0.0,385.21875,0.0,0.0,0.0,0.0,0.0,0.0,0.0,0.0,0.0,0.0,0.0,0.0,0.0,2961.096923828125,0.0,70629.6796875,0.0,-1303.941162109375,0.0,1303.9375,0.0,-30.572790578557168,0.0,1.880885124206543,0.0,WA
8875044,WA,5306,0.11964185535907745,4,2.0,358523.125,474050.53125,4,0,123249.8828125,0.0,386639.3125,0.0,0.0,0.0,0.0,0.0,0.0,0.0,0.0,0.0,0.0,0.0,0.0,0.0,0.0,0.0,0.0,0.0,0.0,0.0,0.0,0.0,-650.0,0.0,650.0,0.0,0.0,0.0,0.0,0.0,-3776.21875,0.0,3776.25,0.0,-29586.875,0.0,29586.875,0.0,0.0,0.0,0.0,0.0,0.0,0.0,0.0,0.0,-721.5546875,0.0,721.53125,0.0,0.0,0.0,0.0,0.0,0.0,0.0,0.0,0.0,0.0,0.0,0.0,0.0,0.0,0.0,0.0,0.0,0.0,0.0,0.0,0.0,0.0,0.0,0.0,0.0,0.0,0.0,0.0,0.0,0.0,0.0,0.0,0.0,0.0,0.0,0.0,0.0,0.0,0.0,0.0,0.0,88515.234375,0.0,421373.96875,0.0,-34734.6484375,0.0,34734.65625,0.0,-28.182297333573786,0.0,8.983736038208008,0.0,WA
8875045,WA,5306,63.42354965209961,3,1.0,0.0,8.27270221710205,3,0,0.0,0.0,22637.875,1130.9622802734375,21229.401123046875,0.0,0.0,22360.363403320312,0.0,0.0,0.0,0.0,0.0,0.0,0.0,0.0,0.0,0.0,0.0,0.0,0.0,0.0,0.0,0.0,0.0,0.0,0.0,0.0,0.0,0.0,0.0,0.0,0.0,0.0,0.0,0.0,0.0,0.0,0.0,0.0,0.0,0.0,0.0,0.0,0.0,0.0,0.0,0.0,0.0,0.0,0.0,0.0,0.0,0.0,0.0,0.0,0.0,0.0,0.0,0.0,0.0,0.0,0.0,0.0,0.0,0.0,0.0,0.0,0.0,0.0,0.0,0.0,0.0,0.0,0.0,0.0,0.0,0.0,0.0,0.0,0.0,0.0,0.0,0.0,0.0,0.0,0.0,0.0,0.0,0.0,0.0,0.0,0.0,0.0,22637.875,22360.363403320312,0.0,0.0,0.0,0.0,0.0,0.0,0.0,0.0,WA
8875046,WA,5306,0.101337730884552,1,0.0,97857.359375,98910.4765625,1,0,15790.119140625,0.0,85590.59375,0.0,0.0,0.0,0.0,0.0,-2309.814453125,0.0,2309.8125,0.0,-1716.0,0.0,1716.0,0.0,1166.0,0.0,-1166.0,0.0,0.0,0.0,0.0,0.0,0.0,0.0,0.0,0.0,0.0,0.0,0.0,0.0,0.0,0.0,0.0,0.0,0.0,0.0,0.0,0.0,0.0,0.0,0.0,0.0,0.0,0.0,0.0,0.0,0.0,0.0,0.0,0.0,0.0,0.0,0.0,0.0,0.0,0.0,0.0,0.0,0.0,0.0,0.0,0.0,0.0,0.0,0.0,0.0,0.0,0.0,0.0,0.0,0.0,0.0,0.0,0.0,0.0,0.0,0.0,0.0,0.0,0.0,0.0,0.0,0.0,0.0,0.0,0.0,0.0,0.0,0.0,0.0,12930.3046875,0.0,88450.40625,0.0,-2859.814453125,0.0,2859.8125,0.0,-18.111417828173547,0.0,3.3412694931030273,0.0,WA
8875047,WA,5306,162.9261016845703,1,0.0,0.0,0.0,1,0,0.0,0.0,36614.4765625,23195.119140625,0.0,0.0,0.0,23195.119140625,0.0,0.0,0.0,0.0,0.0,0.0,0.0,0.0,0.0,0.0,0.0,0.0,0.0,0.0,0.0,0.0,0.0,0.0,0.0,0.0,0.0,0.0,0.0,0.0,0.0,0.0,0.0,0.0,0.0,0.0,0.0,0.0,0.0,0.0,0.0,0.0,0.0,0.0,0.0,0.0,0.0,0.0,0.0,0.0,0.0,0.0,0.0,0.0,0.0,0.0,0.0,0.0,0.0,0.0,0.0,0.0,0.0,0.0,0.0,0.0,0.0,0.0,0.0,0.0,0.0,0.0,0.0,0.0,0.0,0.0,0.0,0.0,0.0,0.0,0.0,0.0,0.0,0.0,0.0,0.0,0.0,0.0,0.0,0.0,0.0,0.0,36614.4765625,23195.119140625,0.0,0.0,0.0,0.0,0.0,0.0,0.0,0.0,WA
8875048,WA,5306,83.84545135498047,2,0.0,8724.685546875,8793.146725654602,1,1,0.0,0.0,28606.5703125,0.0,17585.97265625,0.0,0.0,17585.97265625,0.0,0.0,0.0,0.0,0.0,0.0,0.0,0.0,0.0,0.0,0.0,0.0,0.0,0.0,0.0,0.0,0.0,0.0,0.0,0.0,0.0,0.0,0.0,0.0,0.0,0.0,0.0,0.0,0.0,0.0,0.0,0.0,0.0,0.0,0.0,0.0,0.0,0.0,0.0,0.0,0.0,0.0,0.0,0.0,0.0,0.0,0.0,0.0,0.0,0.0,0.0,0.0,0.0,0.0,0.0,0.0,0.0,0.0,0.0,0.0,0.0,0.0,0.0,0.0,0.0,0.0,0.0,0.0,0.0,0.0,0.0,0.0,0.0,0.0,0.0,0.0,0.0,0.0,0.0,0.0,0.0,0.0,0.0,0.0,0.0,0.0,28606.5703125,17585.97265625,0.0,0.0,0.0,0.0,0.0,0.0,0.0,0.0,WA
8875049,WA,5306,0.1021648719906807,2,0.0,353735.625,409692.8125,2,0,106356.375,0.0,372772.96875,28774.455078125,0.0,0.0,0.0,28774.455078125,0.0,0.0,0.0,0.0,0.0,0.0,0.0,0.0,0.0,0.0,0.0,0.0,0.0,0.0,0.0,0.0,0.0,0.0,0.0,0.0,0.0,0.0,0.0,0.0,0.0,0.0,0.0,0.0,-31255.1171875,0.0,31255.09375,0.0,0.0,0.0,0.0,0.0,0.0,0.0,0.0,0.0,0.0,0.0,0.0,0.0,0.0,0.0,0.0,0.0,0.0,0.0,0.0,0.0,0.0,0.0,0.0,0.0,0.0,0.0,0.0,0.0,0.0,0.0,0.0,0.0,0.0,0.0,0.0,0.0,0.0,0.0,0.0,0.0,0.0,0.0,0.0,0.0,0.0,0.0,0.0,0.0,0.0,0.0,0.0,0.0,75101.2578125,0.0,404028.0625,28774.455078125,-31255.1171875,0.0,31255.09375,0.0,-29.387159150074453,0.0,8.384485244750977,0.0,WA
8875050,WA,5306,529.05078125,2,0.0,0.0,0.8272702097892761,2,0,0.0,0.0,94415.53125,32902.41796875,52815.25,0.0,0.0,85717.66796875,0.0,0.0,0.0,0.0,0.0,0.0,0.0,0.0,0.0,0.0,0.0,0.0,0.0,0.0,0.0,0.0,0.0,0.0,0.0,0.0,0.0,0.0,0.0,0.0,0.0,0.0,0.0,0.0,0.0,0.0,0.0,0.0,0.0,0.0,0.0,0.0,0.0,0.0,0.0,0.0,0.0,0.0,0.0,0.0,0.0,0.0,0.0,0.0,0.0,0.0,0.0,0.0,0.0,0.0,0.0,0.0,0.0,0.0,0.0,0.0,0.0,0.0,0.0,0.0,0.0,0.0,0.0,0.0,0.0,0.0,0.0,0.0,0.0,0.0,-1537.015625,-1537.017578125,0.0,0.0,0.0,0.0,0.0,0.0,0.0,0.0,0.0,0.0,92878.515625,84180.650390625,0.0,0.0,-1537.015625,-1537.017578125,0.0,0.0,-1.6279267072677612,-1.7931164187590227,WA
8875051,WA,5306,0.02437233179807663,4,2.0,56471.9765625,56780.546875,4,0,-1412.0234375,0.0,71062.0390625,0.0,3643.428466796875,0.0,0.0,3643.428466796875,0.0,0.0,0.0,0.0,-587.9765625,0.0,587.9765625,0.0,2058.0546875,0.0,-2058.0546875,0.0,0.0,0.0,0.0,0.0,-2400.0,0.0,2400.0,0.0,0.0,0.0,0.0,0.0,0.0,0.0,0.0,0.0,0.0,0.0,0.0,0.0,0.0,0.0,0.0,0.0,0.0,0.0,0.0,0.0,-110.200439453125,0.0,110.203125,0.0,0.0,0.0,0.0,0.0,0.0,0.0,0.0,0.0,0.0,0.0,0.0,0.0,0.0,0.0,0.0,0.0,0.0,0.0,0.0,0.0,0.0,0.0,0.0,0.0,-285.349609375,0.0,285.34375,0.0,0.0,0.0,0.0,0.0,0.0,0.0,0.0,0.0,0.0,0.0,0.0,0.0,-2737.495361328125,0.0,72387.5078125,3643.428466796875,-1325.471923828125,0.0,1325.46875,0.0,-93.87039114413602,0.0,1.865227460861206,0.0,WA
8875052,WA,5306,75.77616119384766,1,0.0,0.0,421.90777587890625,1,0,0.0,0.0,44957.47265625,23410.142578125,0.0,0.0,0.0,23410.142578125,0.0,0.0,0.0,0.0,0.0,0.0,0.0,0.0,0.0,0.0,0.0,0.0,0.0,0.0,0.0,0.0,0.0,0.0,0.0,0.0,0.0,0.0,0.0,0.0,0.0,0.0,0.0,0.0,0.0,0.0,0.0,0.0,0.0,0.0,0.0,0.0,0.0,0.0,0.0,0.0,0.0,0.0,0.0,0.0,0.0,0.0,0.0,0.0,0.0,0.0,0.0,0.0,0.0,0.0,0.0,0.0,0.0,0.0,0.0,0.0,0.0,0.0,0.0,0.0,0.0,0.0,0.0,0.0,0.0,0.0,0.0,0.0,0.0,0.0,0.0,0.0,0.0,0.0,0.0,0.0,0.0,0.0,0.0,0.0,0.0,0.0,44957.47265625,23410.142578125,0.0,0.0,0.0,0.0,0.0,0.0,0.0,0.0,WA
8875053,WA,5306,0.12615731358528137,5,2.0,193089.625,272447.125,5,0,48549.3203125,0.0,297304.40625,28447.47265625,0.0,0.0,0.0,28447.47265625,-1469.26953125,0.0,1469.28125,0.0,0.0,0.0,0.0,0.0,-0.01171875,0.0,0.0,0.0,0.0,0.0,0.0,0.0,-4400.0,0.0,4400.0,0.0,0.0,0.0,0.0,0.0,0.0,0.0,0.0,0.0,-4069.76953125,0.0,4069.78125,0.0,0.0,0.0,0.0,0.0,0.0,0.0,0.0,0.0,-85.74609375,0.0,85.75,0.0,0.0,0.0,0.0,0.0,0.0,0.0,0.0,0.0,0.0,0.0,0.0,0.0,0.0,0.0,0.0,0.0,0.0,0.0,0.0,0.0,0.0,0.0,0.0,0.0,0.0,0.0,0.0,0.0,0.0,0.0,0.0,0.0,0.0,0.0,0.0,0.0,0.0,0.0,0.0,0.0,38524.5234375,0.0,307329.21875,28447.47265625,-10024.796875,0.0,10024.8125,0.0,-20.6486863471473,0.0,3.371901750564575,0.0,WA
8875054,WA,5306,339.2156066894531,1,0.0,0.0,0.0,1,0,0.0,0.0,39319.6875,12912.0615234375,26407.625,0.0,0.0,39319.6865234375,0.0,0.0,0.0,0.0,0.0,0.0,0.0,0.0,0.0,0.0,0.0,0.0,0.0,0.0,0.0,0.0,0.0,0.0,0.0,0.0,0.0,0.0,0.0,0.0,0.0,0.0,0.0,0.0,0.0,0.0,0.0,0.0,0.0,0.0,0.0,0.0,0.0,0.0,0.0,0.0,0.0,0.0,0.0,0.0,0.0,0.0,0.0,0.0,0.0,0.0,0.0,0.0,0.0,0.0,0.0,0.0,0.0,0.0,0.0,0.0,0.0,0.0,0.0,0.0,0.0,0.0,0.0,0.0,0.0,0.0,0.0,0.0,0.0,0.0,0.0,0.0,0.0,0.0,0.0,0.0,0.0,0.0,0.0,0.0,0.0,0.0,39319.6875,39319.6865234375,0.0,0.0,0.0,0.0,0.0,0.0,0.0,0.0,WA
8875055,WA,5306,0.11112453043460846,1,0.0,0.0,351896.25,1,0,85835.890625,0.0,334999.1875,59946.78125,0.0,0.0,0.0,59946.78125,0.0,0.0,0.0,0.0,0.0,0.0,0.0,0.0,0.0,0.0,0.0,0.0,0.0,0.0,0.0,0.0,0.0,0.0,0.0,0.0,0.0,0.0,0.0,0.0,-21810.0,0.0,21810.0,0.0,-4094.76953125,0.0,4094.75,0.0,0.0,0.0,0.0,0.0,0.0,0.0,0.0,0.0,0.0,0.0,0.0,0.0,-126.48828125,0.0,126.5,0.0,0.0,0.0,0.0,0.0,0.0,0.0,0.0,0.0,0.0,0.0,0.0,0.0,0.0,0.0,0.0,0.0,0.0,0.0,0.0,0.0,0.0,0.0,0.0,0.0,0.0,0.0,0.0,0.0,0.0,0.0,0.0,0.0,0.0,0.0,0.0,0.0,59804.6328125,0.0,361030.4375,59946.78125,-26031.2578125,0.0,26031.25,0.0,-30.326775458328274,0.0,7.770541191101074,0.0,WA
8875056,WA,5306,0.10543133318424225,4,2.0,703662.09375,850149.25,4,0,262702.46875,0.0,654655.25,0.0,0.0,0.0,0.0,0.0,-25369.703125,0.0,25369.6875,0.0,0.0,0.0,0.0,0.0,0.0,0.0,0.0,0.0,0.0,0.0,0.0,0.0,0.0,0.0,0.0,0.0,0.0,0.0,0.0,0.0,-1400.0,0.0,1400.0,0.0,-9006.328125,0.0,9006.3125,0.0,0.0,0.0,0.0,0.0,0.0,0.0,0.0,0.0,-83.65625,0.0,83.625,0.0,0.0,0.0,0.0,0.0,0.0,0.0,0.0,0.0,0.0,0.0,0.0,0.0,0.0,0.0,0.0,0.0,0.0,0.0,0.0,0.0,0.0,0.0,0.0,0.0,0.0,0.0,0.0,0.0,0.0,0.0,0.0,0.0,0.0,0.0,0.0,0.0,0.0,0.0,0.0,0.0,226842.78125,0.0,690514.875,0.0,-35859.6875,0.0,35859.625,0.0,-13.650304723297351,0.0,5.477634906768799,0.0,WA
8875057,WA,5306,0.34446650743484497,1,0.0,55436.49609375,55437.32421875,1,0,5037.615234375,0.0,62111.765625,0.0,0.0,13316.4931640625,0.0,13316.4931640625,-769.52294921875,0.0,769.5234375,0.0,-431.61328125,0.0,431.61328125,0.0,636.0,0.0,-636.0,0.0,0.0,0.0,0.0,0.0,0.0,0.0,0.0,0.0,0.0,0.0,0.0,0.0,0.0,0.0,0.0,0.0,0.0,0.0,0.0,0.0,0.0,0.0,0.0,0.0,0.0,0.0,0.0,0.0,-120.0,0.0,120.0,0.0,0.0,0.0,0.0,0.0,0.0,0.0,0.0,0.0,0.0,0.0,0.0,0.0,0.0,0.0,0.0,0.0,-536.0546875,0.0,536.0546875,0.0,0.0,0.0,0.0,0.0,0.0,0.0,0.0,0.0,0.0,0.0,0.0,0.0,0.0,0.0,0.0,0.0,0.0,0.0,0.0,0.0,3816.42431640625,0.0,63332.95703125,13316.4931640625,-1221.19091796875,0.0,1221.19140625,0.0,-24.2414488037068,0.0,1.966119408607483,0.0,WA
8875058,WA,5306,0.12578117847442627,2,0.0,256150.568359375,788021.625,2,0,226127.484375,0.0,634894.6875,0.0,0.0,0.0,0.0,0.0,-11491.984375,0.0,11491.9375,0.0,0.0,0.0,0.0,0.0,0.0,0.0,0.0,0.0,0.0,0.0,0.0,0.0,0.0,0.0,0.0,0.0,0.0,0.0,0.0,0.0,-1540.609375,0.0,1540.625,0.0,-12590.34375,0.0,12590.375,0.0,0.0,0.0,0.0,0.0,0.0,0.0,0.0,0.0,0.0,0.0,0.0,0.0,-3991.796875,0.0,3991.75,0.0,0.0,0.0,0.0,0.0,2402.328125,0.0,-2402.3125,0.0,0.0,0.0,0.0,0.0,0.0,0.0,0.0,0.0,0.0,0.0,0.0,0.0,0.0,0.0,0.0,0.0,0.0,0.0,0.0,0.0,0.0,0.0,0.0,0.0,0.0,0.0,0.0,0.0,198915.078125,0.0,662107.0625,0.0,-27212.40625,0.0,27212.375,0.0,-12.034099404242312,0.0,4.286124229431152,0.0,WA
8875059,WA,5306,0.18506687879562378,5,0.0,133566.90234375,143656.1171875,5,0,10958.41748046875,0.0,215455.046875,23968.185546875,26407.625,32097.736328125,0.0,82473.546875,-1239.68359375,0.0,1239.6875,0.0,-3743.9998779296875,0.0,3744.0,0.0,2544.0,0.0,-2544.0,0.0,0.0,0.0,0.0,0.0,0.0,0.0,0.0,0.0,0.0,0.0,0.0,0.0,0.0,0.0,0.0,0.0,0.0,0.0,0.0,0.0,0.0,0.0,0.0,0.0,0.0,0.0,0.0,0.0,0.0,0.0,0.0,0.0,0.0,0.0,0.0,0.0,0.0,0.0,0.0,0.0,0.0,0.0,0.0,0.0,0.0,0.0,0.0,0.0,0.0,0.0,0.0,0.0,0.0,0.0,0.0,0.0,0.0,0.0,0.0,0.0,0.0,0.0,0.0,0.0,0.0,0.0,0.0,0.0,0.0,0.0,0.0,0.0,8518.734008789062,0.0,217894.734375,82473.546875,-2439.6834716796875,0.0,2439.6875,0.0,-22.263100269979212,0.0,1.132341742515564,0.0,WA
8875060,WA,5306,0.17482855916023254,2,0.0,140286.671875,195407.84375,2,0,30976.9609375,0.0,188637.5,0.0,0.0,0.0,0.0,0.0,-4547.234375,0.0,4547.234375,0.0,-3432.0,0.0,3432.0,0.0,2332.0,0.0,-2332.0,0.0,0.0,0.0,0.0,0.0,0.0,0.0,0.0,0.0,0.0,0.0,0.0,0.0,-529.947265625,0.0,529.953125,0.0,0.0,0.0,0.0,0.0,0.0,0.0,0.0,0.0,0.0,0.0,0.0,0.0,-219.603515625,0.0,219.59375,0.0,0.0,0.0,0.0,0.0,0.0,0.0,0.0,0.0,0.0,0.0,0.0,0.0,0.0,0.0,0.0,0.0,0.0,0.0,0.0,0.0,0.0,0.0,0.0,0.0,0.0,0.0,0.0,0.0,0.0,0.0,0.0,0.0,0.0,0.0,0.0,0.0,0.0,0.0,0.0,0.0,24580.17578125,0.0,195034.28125,0.0,-6396.78515625,0.0,6396.78125,0.0,-20.65013791751985,0.0,3.3910441398620605,0.0,WA
8875061,WA,5306,555.5294189453125,2,0.0,0.0,0.0,2,0,0.0,0.0,72922.109375,20106.859375,52815.25,0.0,0.0,72922.109375,0.0,0.0,0.0,0.0,0.0,0.0,0.0,0.0,0.0,0.0,0.0,0.0,0.0,0.0,0.0,0.0,0.0,0.0,0.0,0.0,0.0,0.0,0.0,0.0,0.0,0.0,0.0,0.0,0.0,0.0,0.0,0.0,0.0,0.0,0.0,0.0,0.0,0.0,0.0,0.0,0.0,0.0,0.0,0.0,0.0,0.0,0.0,0.0,0.0,0.0,0.0,0.0,0.0,0.0,0.0,0.0,0.0,0.0,0.0,0.0,0.0,0.0,0.0,0.0,0.0,0.0,0.0,0.0,0.0,0.0,0.0,0.0,0.0,0.0,0.0,0.0,0.0,0.0,0.0,0.0,0.0,0.0,0.0,0.0,0.0,0.0,72922.109375,72922.109375,0.0,0.0,0.0,0.0,0.0,0.0,0.0,0.0,WA
8875062,WA,5306,103.85438537597656,1,0.0,0.0,484.7803649902344,1,0,0.0,0.0,57631.7734375,28603.2734375,0.0,0.0,0.0,28603.2734375,0.0,0.0,0.0,0.0,0.0,0.0,0.0,0.0,0.0,0.0,0.0,0.0,0.0,0.0,0.0,0.0,0.0,0.0,0.0,0.0,0.0,0.0,0.0,0.0,0.0,0.0,0.0,0.0,0.0,0.0,0.0,0.0,0.0,0.0,0.0,0.0,0.0,0.0,0.0,0.0,0.0,0.0,0.0,0.0,0.0,0.0,0.0,0.0,0.0,0.0,0.0,0.0,0.0,0.0,0.0,0.0,0.0,0.0,0.0,0.0,0.0,0.0,0.0,0.0,0.0,0.0,0.0,0.0,0.0,0.0,0.0,0.0,0.0,0.0,0.0,0.0,0.0,0.0,0.0,0.0,0.0,0.0,0.0,0.0,0.0,0.0,57631.7734375,28603.2734375,0.0,0.0,0.0,0.0,0.0,0.0,0.0,0.0,WA
8875063,WA,5306,0.16950435936450958,2,0.0,240156.625,280472.5625,2,0,52867.10546875,0.0,266498.71875,22025.537109375,0.0,0.0,0.0,22025.537109375,-229.42578125,0.0,229.4375,0.0,0.0,0.0,0.0,0.0,0.0,0.0,0.0,0.0,0.0,0.0,0.0,0.0,0.0,0.0,0.0,0.0,0.0,0.0,0.0,0.0,0.0,0.0,0.0,0.0,-7035.68359375,0.0,7035.6875,0.0,0.0,0.0,0.0,0.0,0.0,0.0,0.0,0.0,-480.0,0.0,480.0,0.0,0.0,0.0,0.0,0.0,0.0,0.0,0.0,0.0,0.0,0.0,0.0,0.0,0.0,0.0,0.0,0.0,0.0,0.0,0.0,0.0,0.0,0.0,0.0,0.0,0.0,0.0,0.0,0.0,0.0,0.0,0.0,0.0,0.0,0.0,0.0,0.0,0.0,0.0,0.0,0.0,45121.99609375,0.0,274243.84375,22025.537109375,-7745.109375,0.0,7745.125,0.0,-14.650148341444893,0.0,2.906252145767212,0.0,WA
8875064,WA,5306,276.6036071777344,1,0.0,0.0,2.858635663986206,1,0,0.0,0.0,39629.78125,12857.291015625,26407.625,0.0,0.0,39264.916015625,0.0,0.0,0.0,0.0,0.0,0.0,0.0,0.0,0.0,0.0,0.0,0.0,0.0,0.0,0.0,0.0,0.0,0.0,0.0,0.0,0.0,0.0,0.0,0.0,0.0,0.0,0.0,0.0,0.0,0.0,0.0,0.0,0.0,0.0,0.0,0.0,0.0,0.0,0.0,0.0,0.0,0.0,0.0,0.0,0.0,0.0,0.0,0.0,0.0,0.0,0.0,0.0,0.0,0.0,0.0,0.0,0.0,0.0,0.0,0.0,0.0,0.0,0.0,0.0,0.0,0.0,0.0,0.0,0.0,0.0,0.0,0.0,0.0,0.0,0.0,0.0,0.0,0.0,0.0,0.0,0.0,0.0,0.0,0.0,0.0,0.0,39629.78125,39264.916015625,0.0,0.0,0.0,0.0,0.0,0.0,0.0,0.0,WA
8875065,WA,5306,86.24327087402344,2,0.0,0.0,-60.975006103515625,1,1,0.0,0.0,54914.9765625,22864.390625,17585.97265625,0.0,0.0,40450.36328125,0.0,0.0,0.0,0.0,0.0,0.0,0.0,0.0,0.0,0.0,0.0,0.0,0.0,0.0,0.0,0.0,0.0,0.0,0.0,0.0,0.0,0.0,0.0,0.0,0.0,0.0,0.0,0.0,0.0,0.0,0.0,0.0,0.0,0.0,0.0,0.0,0.0,0.0,0.0,0.0,0.0,0.0,0.0,0.0,0.0,0.0,0.0,0.0,0.0,0.0,0.0,0.0,0.0,0.0,0.0,0.0,0.0,0.0,0.0,0.0,0.0,0.0,0.0,0.0,0.0,0.0,0.0,0.0,0.0,0.0,0.0,0.0,0.0,0.0,0.0,0.0,0.0,0.0,0.0,0.0,0.0,0.0,0.0,0.0,0.0,0.0,54914.9765625,40450.36328125,0.0,0.0,0.0,0.0,0.0,0.0,0.0,0.0,WA
8875066,WA,5306,0.09908762574195862,4,2.0,184353.49462890625,322252.625,4,0,62237.375,0.0,313152.59375,13526.681640625,0.0,0.0,0.0,13526.681640625,0.0,0.0,0.0,0.0,0.0,0.0,0.0,0.0,0.0,0.0,0.0,0.0,0.0,0.0,0.0,0.0,-2700.0,0.0,2700.0,0.0,0.0,0.0,0.0,0.0,-414.58203125,0.0,414.5625,0.0,-7026.24609375,0.0,7026.25,0.0,0.0,0.0,0.0,0.0,0.0,0.0,0.0,0.0,-480.0,0.0,480.0,0.0,0.0,0.0,0.0,0.0,0.0,0.0,0.0,0.0,0.0,0.0,0.0,0.0,0.0,0.0,0.0,0.0,0.0,0.0,0.0,0.0,0.0,0.0,0.0,0.0,0.0,0.0,0.0,0.0,0.0,0.0,0.0,0.0,0.0,0.0,0.0,0.0,0.0,0.0,0.0,0.0,51616.546875,0.0,323773.40625,13526.681640625,-10620.828125,0.0,10620.8125,0.0,-17.065032265579966,0.0,3.3915772438049316,0.0,WA
8875067,WA,5306,186.96197509765625,2,0.0,0.0,2084.720947265625,2,0,0.0,0.0,62498.09375,29716.1640625,0.0,0.0,0.0,29716.1640625,0.0,0.0,0.0,0.0,0.0,0.0,0.0,0.0,0.0,0.0,0.0,0.0,0.0,0.0,0.0,0.0,0.0,0.0,0.0,0.0,0.0,0.0,0.0,0.0,0.0,0.0,0.0,0.0,0.0,0.0,0.0,0.0,0.0,0.0,0.0,0.0,0.0,0.0,0.0,0.0,0.0,0.0,0.0,0.0,0.0,0.0,0.0,0.0,0.0,0.0,0.0,0.0,0.0,0.0,0.0,0.0,0.0,0.0,0.0,0.0,0.0,0.0,0.0,0.0,0.0,0.0,0.0,0.0,0.0,0.0,0.0,0.0,0.0,0.0,0.0,0.0,0.0,0.0,0.0,0.0,0.0,0.0,0.0,0.0,0.0,0.0,62498.09375,29716.1640625,0.0,0.0,0.0,0.0,0.0,0.0,0.0,0.0,WA
8875068,WA,5306,0.07446419447660446,2,0.0,852600.640625,1001407.765625,2,0,319047.80078125,0.0,735449.375,0.0,0.0,0.0,0.0,0.0,-11675.1123046875,0.0,11675.125,0.0,-4390.7080078125,0.0,4390.75,0.0,954.7080078125,0.0,-954.75,0.0,0.0,0.0,0.0,0.0,0.0,0.0,0.0,0.0,0.0,0.0,0.0,0.0,0.0,0.0,0.0,0.0,0.0,0.0,0.0,0.0,0.0,0.0,0.0,0.0,0.0,0.0,0.0,0.0,0.0,0.0,0.0,0.0,0.0,0.0,0.0,0.0,0.0,0.0,0.0,0.0,0.0,0.0,0.0,0.0,0.0,0.0,0.0,0.0,0.0,0.0,0.0,0.0,0.0,0.0,0.0,0.0,0.0,0.0,0.0,0.0,0.0,0.0,0.0,0.0,0.0,0.0,0.0,0.0,0.0,0.0,0.0,0.0,303936.6884765625,0.0,750560.5,0.0,-15111.1123046875,0.0,15111.125,0.0,-4.736316084199618,0.0,2.0546791553497314,0.0,WA
8875069,WA,5306,34.163299560546875,1,0.0,0.0,0.0,1,0,0.0,0.0,39984.19140625,20300.9375,0.0,0.0,0.0,20300.9375,0.0,0.0,0.0,0.0,0.0,0.0,0.0,0.0,0.0,0.0,0.0,0.0,0.0,0.0,0.0,0.0,0.0,0.0,0.0,0.0,0.0,0.0,0.0,0.0,0.0,0.0,0.0,0.0,0.0,0.0,0.0,0.0,0.0,0.0,0.0,0.0,0.0,0.0,0.0,0.0,0.0,0.0,0.0,0.0,0.0,0.0,0.0,0.0,0.0,0.0,0.0,0.0,0.0,0.0,0.0,0.0,0.0,0.0,0.0,0.0,0.0,0.0,0.0,0.0,0.0,0.0,0.0,0.0,0.0,0.0,0.0,0.0,0.0,0.0,0.0,0.0,0.0,0.0,0.0,0.0,0.0,0.0,0.0,0.0,0.0,0.0,39984.19140625,20300.9375,0.0,0.0,0.0,0.0,0.0,0.0,0.0,0.0,WA
8875070,WA,5306,0.11129339784383774,5,3.0,530174.15625,540928.1875,5,0,139983.578125,0.0,414796.4375,0.0,0.0,0.0,0.0,0.0,0.0,0.0,0.0,0.0,0.0,0.0,0.0,0.0,0.0,0.0,0.0,0.0,0.0,0.0,0.0,0.0,0.0,0.0,0.0,0.0,0.0,0.0,0.0,0.0,0.0,0.0,0.0,0.0,-25999.3671875,0.0,25999.375,0.0,0.0,0.0,0.0,0.0,0.0,0.0,0.0,0.0,-640.0,0.0,640.0,0.0,0.0,0.0,0.0,0.0,0.0,0.0,0.0,0.0,0.0,0.0,0.0,0.0,0.0,0.0,0.0,0.0,0.0,0.0,0.0,0.0,0.0,0.0,0.0,0.0,0.0,0.0,0.0,0.0,0.0,0.0,0.0,0.0,0.0,0.0,0.0,0.0,0.0,0.0,0.0,0.0,113344.2109375,0.0,441435.8125,0.0,-26639.3671875,0.0,26639.375,0.0,-19.03035166290153,0.0,6.422276973724365,0.0,WA
8875071,WA,5306,54.778167724609375,1,0.0,0.0,1489.50341796875,1,0,0.0,0.0,57754.65234375,28403.818359375,0.0,0.0,0.0,28403.818359375,0.0,0.0,0.0,0.0,0.0,0.0,0.0,0.0,0.0,0.0,0.0,0.0,0.0,0.0,0.0,0.0,0.0,0.0,0.0,0.0,0.0,0.0,0.0,0.0,0.0,0.0,0.0,0.0,0.0,0.0,0.0,0.0,0.0,0.0,0.0,0.0,0.0,0.0,0.0,0.0,0.0,0.0,0.0,0.0,0.0,0.0,0.0,0.0,0.0,0.0,0.0,0.0,0.0,0.0,0.0,0.0,0.0,0.0,0.0,0.0,0.0,0.0,0.0,0.0,0.0,0.0,0.0,0.0,0.0,0.0,0.0,0.0,0.0,0.0,0.0,0.0,0.0,0.0,0.0,0.0,0.0,0.0,0.0,0.0,0.0,0.0,57754.65234375,28403.818359375,0.0,0.0,0.0,0.0,0.0,0.0,0.0,0.0,WA
8875072,WA,5306,0.09760219603776932,1,0.0,27874.83203125,27874.83203125,1,0,1533.724853515625,0.0,30001.43359375,0.0,0.0,5792.74951171875,0.0,5792.74951171875,-68.7449951171875,0.0,68.744140625,0.0,-817.4966430664062,0.0,817.49609375,0.0,529.9999389648438,0.0,-530.0,0.0,0.0,0.0,0.0,0.0,0.0,0.0,0.0,0.0,0.0,0.0,0.0,0.0,0.0,0.0,0.0,0.0,0.0,0.0,0.0,0.0,0.0,0.0,0.0,0.0,0.0,0.0,0.0,0.0,0.0,0.0,0.0,0.0,0.0,0.0,0.0,0.0,0.0,0.0,0.0,0.0,0.0,0.0,0.0,0.0,0.0,0.0,0.0,0.0,0.0,0.0,0.0,0.0,0.0,0.0,0.0,0.0,0.0,0.0,0.0,0.0,0.0,0.0,0.0,0.0,0.0,0.0,0.0,0.0,0.0,0.0,0.0,0.0,1177.483154296875,0.0,30357.673828125,5792.74951171875,-356.24169921875,0.0,356.240234375,0.0,-23.227223475069074,0.0,1.1874107122421265,0.0,WA
8875073,WA,5306,60.6711540222168,1,0.0,1672.489990234375,1672.489990234375,1,0,0.0,0.0,65275.6953125,22851.400390625,0.0,18646.029296875,0.0,41497.4296875,0.0,0.0,0.0,0.0,0.0,0.0,0.0,0.0,0.0,0.0,0.0,0.0,0.0,0.0,0.0,0.0,0.0,0.0,0.0,0.0,0.0,0.0,0.0,0.0,0.0,0.0,0.0,0.0,0.0,0.0,0.0,0.0,0.0,0.0,0.0,0.0,0.0,0.0,0.0,0.0,0.0,0.0,0.0,0.0,0.0,0.0,0.0,0.0,0.0,0.0,0.0,0.0,0.0,0.0,0.0,0.0,0.0,0.0,0.0,0.0,0.0,0.0,0.0,0.0,0.0,0.0,0.0,0.0,0.0,0.0,0.0,0.0,0.0,0.0,0.0,0.0,0.0,0.0,0.0,0.0,0.0,0.0,0.0,0.0,0.0,0.0,65275.6953125,41497.4296875,0.0,0.0,0.0,0.0,0.0,0.0,0.0,0.0,WA
8875074,WA,5306,0.08707382529973984,2,1.0,0.0,129677.734375,2,0,18877.8984375,0.0,100942.4140625,0.0,0.0,0.0,0.0,0.0,-2788.5478515625,0.0,2788.546875,0.0,-729.1396484375,0.0,729.140625,0.0,751.390625,0.0,-751.390625,0.0,0.0,0.0,0.0,0.0,-2200.0,0.0,2200.0,0.0,0.0,0.0,0.0,0.0,-4642.1201171875,0.0,4642.1171875,0.0,0.0,0.0,0.0,0.0,0.0,0.0,0.0,0.0,0.0,0.0,0.0,0.0,-176.0,0.0,176.0,0.0,0.0,0.0,0.0,0.0,0.0,0.0,0.0,0.0,0.0,0.0,0.0,0.0,0.0,0.0,0.0,0.0,0.0,0.0,0.0,0.0,0.0,0.0,0.0,0.0,0.0,0.0,0.0,0.0,0.0,0.0,0.0,0.0,0.0,0.0,0.0,0.0,0.0,0.0,0.0,0.0,9093.4814453125,0.0,110726.828125,0.0,-9784.4169921875,0.0,9784.4140625,0.0,-51.83001182351551,0.0,9.693065643310547,0.0,WA
8875075,WA,5306,68.80315399169922,1,0.0,0.0,1601.4466552734375,1,0,0.0,0.0,49495.65625,23947.10546875,0.0,0.0,0.0,23947.10546875,0.0,0.0,0.0,0.0,0.0,0.0,0.0,0.0,0.0,0.0,0.0,0.0,0.0,0.0,0.0,0.0,0.0,0.0,0.0,0.0,0.0,0.0,0.0,0.0,0.0,0.0,0.0,0.0,0.0,0.0,0.0,0.0,0.0,0.0,0.0,0.0,0.0,0.0,0.0,0.0,0.0,0.0,0.0,0.0,0.0,0.0,0.0,0.0,0.0,0.0,0.0,0.0,0.0,0.0,0.0,0.0,0.0,0.0,0.0,0.0,0.0,0.0,0.0,0.0,0.0,0.0,0.0,0.0,0.0,0.0,0.0,0.0,0.0,0.0,0.0,0.0,0.0,0.0,0.0,0.0,0.0,0.0,0.0,0.0,0.0,0.0,49495.65625,23947.10546875,0.0,0.0,0.0,0.0,0.0,0.0,0.0,0.0,WA
8875076,WA,5306,36.99080276489258,1,0.0,0.0,0.0,1,0,0.0,0.0,33706.12890625,17161.90625,0.0,0.0,0.0,17161.90625,0.0,0.0,0.0,0.0,0.0,0.0,0.0,0.0,0.0,0.0,0.0,0.0,0.0,0.0,0.0,0.0,0.0,0.0,0.0,0.0,0.0,0.0,0.0,0.0,0.0,0.0,0.0,0.0,0.0,0.0,0.0,0.0,0.0,0.0,0.0,0.0,0.0,0.0,0.0,0.0,0.0,0.0,0.0,0.0,0.0,0.0,0.0,0.0,0.0,0.0,0.0,0.0,0.0,0.0,0.0,0.0,0.0,0.0,0.0,0.0,0.0,0.0,0.0,0.0,0.0,0.0,0.0,0.0,0.0,0.0,0.0,0.0,0.0,0.0,0.0,0.0,0.0,0.0,0.0,0.0,0.0,0.0,0.0,0.0,0.0,0.0,33706.12890625,17161.90625,0.0,0.0,0.0,0.0,0.0,0.0,0.0,0.0,WA
8875077,WA,5306,0.26023849844932556,2,0.0,0.0,148901.421875,2,0,15935.912109375,0.0,201873.578125,52578.77734375,0.0,0.0,0.0,52578.77734375,-2742.3095703125,0.0,2742.296875,0.0,-1153.2900390625,0.0,1153.296875,0.0,2332.0,0.0,-2332.0,0.0,0.0,0.0,0.0,0.0,0.0,0.0,0.0,0.0,0.0,0.0,0.0,0.0,0.0,0.0,0.0,0.0,0.0,0.0,0.0,0.0,0.0,0.0,0.0,0.0,0.0,0.0,0.0,0.0,0.0,0.0,0.0,0.0,0.0,0.0,0.0,0.0,0.0,0.0,0.0,0.0,0.0,0.0,0.0,0.0,0.0,0.0,0.0,0.0,0.0,0.0,0.0,0.0,-2640.0,0.0,2640.0,0.0,0.0,0.0,0.0,0.0,0.0,0.0,0.0,0.0,0.0,0.0,0.0,0.0,0.0,0.0,0.0,0.0,11732.3125,0.0,206077.171875,52578.77734375,-4203.599609375,0.0,4203.59375,0.0,-26.378155078441022,0.0,2.0822901725769043,0.0,WA
8875078,WA,5306,0.16091248393058777,2,0.0,812590.65625,972917.3125,2,0,311800.71875,0.0,692170.125,0.0,0.0,0.0,0.0,0.0,-31391.25,0.0,31391.25,0.0,-5772.0,0.0,5772.0,0.0,0.0,0.0,0.0,0.0,0.0,0.0,0.0,0.0,0.0,0.0,0.0,0.0,0.0,0.0,0.0,0.0,-1850.0,0.0,1850.0,0.0,0.0,0.0,0.0,0.0,0.0,0.0,0.0,0.0,0.0,0.0,0.0,0.0,0.0,0.0,0.0,0.0,0.0,0.0,0.0,0.0,0.0,0.0,0.0,0.0,0.0,0.0,0.0,0.0,0.0,0.0,0.0,0.0,0.0,0.0,0.0,0.0,0.0,0.0,0.0,0.0,0.0,0.0,0.0,0.0,0.0,0.0,0.0,0.0,0.0,0.0,0.0,0.0,0.0,0.0,0.0,0.0,272787.46875,0.0,731183.375,0.0,-39013.25,0.0,39013.25,0.0,-12.512238636396663,0.0,5.636367321014404,0.0,WA
8875079,WA,5306,255.49200439453125,1,0.0,0.0,0.0,1,0,0.0,0.0,51920.0859375,14996.7060546875,26407.625,0.0,0.0,41404.3310546875,0.0,0.0,0.0,0.0,0.0,0.0,0.0,0.0,0.0,0.0,0.0,0.0,0.0,0.0,0.0,0.0,0.0,0.0,0.0,0.0,0.0,0.0,0.0,0.0,0.0,0.0,0.0,0.0,0.0,0.0,0.0,0.0,0.0,0.0,0.0,0.0,0.0,0.0,0.0,0.0,0.0,0.0,0.0,0.0,0.0,0.0,0.0,0.0,0.0,0.0,0.0,0.0,0.0,0.0,0.0,0.0,0.0,0.0,0.0,0.0,0.0,0.0,0.0,0.0,0.0,0.0,0.0,0.0,0.0,0.0,0.0,0.0,0.0,0.0,0.0,0.0,0.0,0.0,0.0,0.0,0.0,0.0,0.0,0.0,0.0,0.0,51920.0859375,41404.3310546875,0.0,0.0,0.0,0.0,0.0,0.0,0.0,0.0,WA
8875080,WA,5306,87.80210876464844,1,0.0,0.0,0.0,1,0,0.0,0.0,30150.6796875,3743.05419921875,26407.625,0.0,0.0,30150.67919921875,0.0,0.0,0.0,0.0,0.0,0.0,0.0,0.0,0.0,0.0,0.0,0.0,0.0,0.0,0.0,0.0,0.0,0.0,0.0,0.0,0.0,0.0,0.0,0.0,0.0,0.0,0.0,0.0,0.0,0.0,0.0,0.0,0.0,0.0,0.0,0.0,0.0,0.0,0.0,0.0,0.0,0.0,0.0,0.0,0.0,0.0,0.0,0.0,0.0,0.0,0.0,0.0,0.0,0.0,0.0,0.0,0.0,0.0,0.0,0.0,0.0,0.0,0.0,0.0,0.0,0.0,0.0,0.0,0.0,0.0,0.0,0.0,0.0,0.0,0.0,0.0,0.0,0.0,0.0,0.0,0.0,0.0,0.0,0.0,0.0,0.0,30150.6796875,30150.67919921875,0.0,0.0,0.0,0.0,0.0,0.0,0.0,0.0,WA
8875081,WA,5306,0.1046021580696106,2,0.0,77895.00390625,78465.8203125,2,0,6366.50439453125,0.0,75769.53125,0.0,0.0,8276.87548828125,0.0,8276.87548828125,-818.974609375,0.0,818.96875,0.0,-1872.0,0.0,1872.0,0.0,1272.0,0.0,-1272.0,0.0,0.0,0.0,0.0,0.0,0.0,0.0,0.0,0.0,0.0,0.0,0.0,0.0,0.0,0.0,0.0,0.0,0.0,0.0,0.0,0.0,0.0,0.0,0.0,0.0,0.0,0.0,0.0,0.0,0.0,0.0,0.0,0.0,0.0,0.0,0.0,0.0,0.0,0.0,0.0,0.0,0.0,0.0,0.0,0.0,0.0,0.0,0.0,0.0,-481.474365234375,0.0,481.4765625,0.0,0.0,0.0,0.0,0.0,0.0,0.0,0.0,0.0,0.0,0.0,0.0,0.0,0.0,0.0,0.0,0.0,0.0,0.0,0.0,0.0,4466.055419921875,0.0,77669.9765625,8276.87548828125,-1900.448974609375,0.0,1900.4453125,0.0,-29.850744723302753,0.0,2.5081920623779297,0.0,WA
8875082,WA,5306,171.56454467773438,1,0.0,13799.6142578125,16786.86328125,1,0,113.68632507324219,0.0,48693.59765625,18038.8046875,0.0,0.0,0.0,18038.8046875,0.0,0.0,0.0,0.0,-113.68632507324219,0.0,113.68359375,0.0,0.0,0.0,0.0,0.0,0.0,0.0,0.0,0.0,0.0,0.0,0.0,0.0,0.0,0.0,0.0,0.0,0.0,0.0,0.0,0.0,0.0,0.0,0.0,0.0,0.0,0.0,0.0,0.0,0.0,0.0,0.0,0.0,0.0,0.0,0.0,0.0,0.0,0.0,0.0,0.0,0.0,0.0,0.0,0.0,0.0,0.0,0.0,0.0,0.0,0.0,0.0,0.0,0.0,0.0,0.0,0.0,0.0,0.0,0.0,0.0,0.0,0.0,0.0,0.0,0.0,0.0,0.0,0.0,0.0,0.0,0.0,0.0,0.0,0.0,0.0,0.0,0.0,0.0,48807.28125,18038.8046875,-113.68632507324219,0.0,113.68359375,0.0,-100.0,0.0,0.2334672212600708,0.0,WA
8875083,WA,5306,0.1667620986700058,3,1.0,154002.37890625,234586.84375,3,0,39539.31640625,0.0,244941.03125,0.0,0.0,0.0,0.0,0.0,-3794.44921875,0.0,3794.453125,0.0,0.0,0.0,0.0,0.0,0.0,0.0,0.0,0.0,0.0,0.0,0.0,0.0,-500.0,0.0,500.0,0.0,0.0,0.0,0.0,0.0,-1950.0,0.0,1950.0,0.0,-945.76171875,0.0,945.765625,0.0,0.0,0.0,0.0,0.0,0.0,0.0,0.0,0.0,-28.890625,0.0,28.875,0.0,0.0,0.0,0.0,0.0,0.0,0.0,0.0,0.0,0.0,0.0,0.0,0.0,0.0,0.0,0.0,0.0,0.0,0.0,0.0,0.0,0.0,0.0,0.0,0.0,0.0,0.0,0.0,0.0,0.0,0.0,0.0,0.0,0.0,0.0,0.0,0.0,0.0,0.0,0.0,0.0,32320.21484375,0.0,252160.125,0.0,-7219.1015625,0.0,7219.09375,0.0,-18.258033316324287,0.0,2.9472782611846924,0.0,WA
8875084,WA,5306,0.1350381076335907,4,2.0,623758.421875,705616.8125,3,1,198158.9375,0.0,548776.0,0.0,0.0,0.0,0.0,0.0,-3512.125,0.0,3512.125,0.0,0.0,0.0,0.0,0.0,0.0,0.0,0.0,0.0,0.0,0.0,0.0,0.0,0.0,0.0,0.0,0.0,0.0,0.0,0.0,0.0,0.0,0.0,0.0,0.0,-18695.765625,0.0,18695.75,0.0,0.0,0.0,0.0,0.0,0.0,0.0,0.0,0.0,0.0,0.0,0.0,0.0,-3126.578125,0.0,3126.5625,0.0,0.0,0.0,0.0,0.0,3518.09375,0.0,-3518.0625,0.0,0.0,0.0,0.0,0.0,0.0,0.0,0.0,0.0,0.0,0.0,0.0,0.0,0.0,0.0,0.0,0.0,0.0,0.0,0.0,0.0,0.0,0.0,0.0,0.0,0.0,0.0,0.0,0.0,176342.5625,0.0,570592.375,0.0,-21816.375,0.0,21816.375,0.0,-11.009533698170944,0.0,3.9754607677459717,0.0,WA
8875085,WA,5306,100.34263610839844,1,0.0,0.0,0.0,1,0,0.0,0.0,56227.78125,30069.185546875,0.0,0.0,0.0,30069.185546875,0.0,0.0,0.0,0.0,0.0,0.0,0.0,0.0,0.0,0.0,0.0,0.0,0.0,0.0,0.0,0.0,0.0,0.0,0.0,0.0,0.0,0.0,0.0,0.0,0.0,0.0,0.0,0.0,0.0,0.0,0.0,0.0,0.0,0.0,0.0,0.0,0.0,0.0,0.0,0.0,0.0,0.0,0.0,0.0,0.0,0.0,0.0,0.0,0.0,0.0,0.0,0.0,0.0,0.0,0.0,0.0,0.0,0.0,0.0,0.0,0.0,0.0,0.0,0.0,0.0,0.0,0.0,0.0,0.0,0.0,0.0,0.0,0.0,0.0,0.0,0.0,0.0,0.0,0.0,0.0,0.0,0.0,0.0,0.0,0.0,0.0,56227.78125,30069.185546875,0.0,0.0,0.0,0.0,0.0,0.0,0.0,0.0,WA
8875086,WA,5306,0.16534548997879028,3,1.0,312936.6875,293602.40625,3,0,59565.8984375,0.0,372999.5625,0.0,0.0,0.0,0.0,0.0,0.0,0.0,0.0,0.0,0.0,0.0,0.0,0.0,0.0,0.0,0.0,0.0,0.0,0.0,0.0,0.0,-2200.0,0.0,2200.0,0.0,0.0,0.0,0.0,0.0,0.0,0.0,0.0,0.0,-10813.8828125,0.0,10813.875,0.0,0.0,0.0,0.0,0.0,0.0,0.0,0.0,0.0,0.0,0.0,0.0,0.0,0.0,0.0,0.0,0.0,0.0,0.0,0.0,0.0,0.0,0.0,0.0,0.0,-6000.0,0.0,6000.0,0.0,0.0,0.0,0.0,0.0,0.0,0.0,0.0,0.0,0.0,0.0,0.0,0.0,0.0,0.0,0.0,0.0,0.0,0.0,0.0,0.0,0.0,0.0,0.0,0.0,40552.015625,0.0,392013.4375,0.0,-19013.8828125,0.0,19013.875,0.0,-31.920752160651904,0.0,5.097559452056885,0.0,WA
8875087,WA,5306,215.9353790283203,1,0.0,0.0,0.0,1,0,0.0,0.0,30003.6640625,3596.039794921875,26407.625,0.0,0.0,30003.664794921875,0.0,0.0,0.0,0.0,0.0,0.0,0.0,0.0,0.0,0.0,0.0,0.0,0.0,0.0,0.0,0.0,0.0,0.0,0.0,0.0,0.0,0.0,0.0,0.0,0.0,0.0,0.0,0.0,0.0,0.0,0.0,0.0,0.0,0.0,0.0,0.0,0.0,0.0,0.0,0.0,0.0,0.0,0.0,0.0,0.0,0.0,0.0,0.0,0.0,0.0,0.0,0.0,0.0,0.0,0.0,0.0,0.0,0.0,0.0,0.0,0.0,0.0,0.0,0.0,0.0,0.0,0.0,0.0,0.0,0.0,0.0,0.0,0.0,0.0,0.0,0.0,0.0,0.0,0.0,0.0,0.0,0.0,0.0,0.0,0.0,0.0,30003.6640625,30003.664794921875,0.0,0.0,0.0,0.0,0.0,0.0,0.0,0.0,WA
8875088,WA,5306,0.1274479180574417,4,2.0,743328.8671875,890303.0,4,0,265360.4375,0.0,604916.1875,0.0,0.0,0.0,0.0,0.0,-27645.1875,0.0,27645.1875,0.0,0.0,0.0,0.0,0.0,0.0,0.0,0.0,0.0,0.0,0.0,0.0,0.0,0.0,0.0,0.0,0.0,0.0,0.0,0.0,0.0,-4599.71875,0.0,4599.75,0.0,-2071.25,0.0,2071.25,0.0,0.0,0.0,0.0,0.0,0.0,0.0,0.0,0.0,0.0,0.0,0.0,0.0,-5355.234375,0.0,5355.1875,0.0,0.0,0.0,0.0,0.0,1103.390625,0.0,-1103.375,0.0,0.0,0.0,0.0,0.0,0.0,0.0,0.0,0.0,0.0,0.0,0.0,0.0,0.0,0.0,0.0,0.0,0.0,0.0,0.0,0.0,0.0,0.0,0.0,0.0,0.0,0.0,0.0,0.0,226792.4375,0.0,643484.1875,0.0,-38568.0,0.0,38568.0,0.0,-14.534193703987997,0.0,6.375759124755859,0.0,WA
8875089,WA,5306,133.5859375,2,0.0,0.0,1013.406005859375,2,0,0.0,0.0,83858.3671875,41220.59375,0.0,0.0,0.0,41220.59375,0.0,0.0,0.0,0.0,0.0,0.0,0.0,0.0,0.0,0.0,0.0,0.0,0.0,0.0,0.0,0.0,0.0,0.0,0.0,0.0,0.0,0.0,0.0,0.0,0.0,0.0,0.0,0.0,0.0,0.0,0.0,0.0,0.0,0.0,0.0,0.0,0.0,0.0,0.0,0.0,0.0,0.0,0.0,0.0,0.0,0.0,0.0,0.0,0.0,0.0,0.0,0.0,0.0,0.0,0.0,0.0,0.0,0.0,0.0,0.0,0.0,0.0,0.0,0.0,0.0,0.0,0.0,0.0,0.0,0.0,0.0,0.0,0.0,0.0,0.0,0.0,0.0,0.0,0.0,0.0,0.0,0.0,0.0,0.0,0.0,0.0,83858.3671875,41220.59375,0.0,0.0,0.0,0.0,0.0,0.0,0.0,0.0,WA
8875090,WA,5306,150.00132751464844,2,0.0,0.0,471.5440216064453,2,0,0.0,0.0,80477.1640625,39891.859375,0.0,0.0,0.0,39891.859375,0.0,0.0,0.0,0.0,0.0,0.0,0.0,0.0,0.0,0.0,0.0,0.0,0.0,0.0,0.0,0.0,0.0,0.0,0.0,0.0,0.0,0.0,0.0,0.0,0.0,0.0,0.0,0.0,0.0,0.0,0.0,0.0,0.0,0.0,0.0,0.0,0.0,0.0,0.0,0.0,0.0,0.0,0.0,0.0,0.0,0.0,0.0,0.0,0.0,0.0,0.0,0.0,0.0,0.0,0.0,0.0,0.0,0.0,0.0,0.0,0.0,0.0,0.0,0.0,0.0,0.0,0.0,0.0,0.0,0.0,0.0,0.0,0.0,0.0,0.0,0.0,0.0,0.0,0.0,0.0,0.0,0.0,0.0,0.0,0.0,0.0,80477.1640625,39891.859375,0.0,0.0,0.0,0.0,0.0,0.0,0.0,0.0,WA
8875091,WA,5306,27.836429595947266,2,1.0,0.0,0.0,2,0,0.0,0.0,36764.8125,24328.396484375,12436.414794921875,0.0,0.0,36764.811279296875,0.0,0.0,0.0,0.0,0.0,0.0,0.0,0.0,0.0,0.0,0.0,0.0,0.0,0.0,0.0,0.0,0.0,0.0,0.0,0.0,0.0,0.0,0.0,0.0,0.0,0.0,0.0,0.0,0.0,0.0,0.0,0.0,0.0,0.0,0.0,0.0,0.0,0.0,0.0,0.0,0.0,0.0,0.0,0.0,0.0,0.0,0.0,0.0,0.0,0.0,0.0,0.0,0.0,0.0,0.0,0.0,0.0,0.0,0.0,0.0,0.0,0.0,0.0,0.0,0.0,0.0,0.0,0.0,0.0,0.0,0.0,0.0,0.0,0.0,0.0,0.0,0.0,0.0,0.0,0.0,0.0,0.0,0.0,0.0,0.0,0.0,36764.8125,36764.811279296875,0.0,0.0,0.0,0.0,0.0,0.0,0.0,0.0,WA
8875092,WA,5306,0.615912139415741,4,2.0,20906.123291015625,38339.8828125,4,0,-2000.0,0.0,87944.53125,22000.05859375,24872.82958984375,0.0,0.0,46872.88818359375,0.0,0.0,0.0,0.0,0.0,0.0,0.0,0.0,613.9365234375,0.0,-613.9375,0.0,0.0,0.0,0.0,0.0,-1026.419677734375,0.0,1026.421875,0.0,0.0,0.0,0.0,0.0,0.0,0.0,0.0,0.0,0.0,0.0,0.0,0.0,0.0,0.0,0.0,0.0,0.0,0.0,0.0,0.0,0.0,0.0,0.0,0.0,0.0,0.0,0.0,0.0,0.0,0.0,0.0,0.0,0.0,0.0,0.0,0.0,0.0,0.0,0.0,0.0,0.0,0.0,0.0,0.0,0.0,0.0,0.0,0.0,0.0,0.0,0.0,0.0,0.0,0.0,0.0,0.0,0.0,0.0,0.0,0.0,0.0,0.0,0.0,0.0,-2412.483154296875,0.0,88357.015625,46872.88818359375,-412.483154296875,0.0,412.484375,0.0,-20.62415771484375,0.0,0.46902787685394287,0.0,WA
8875093,WA,5306,62.9937858581543,1,0.0,0.0,1.6545404195785522,1,0,0.0,0.0,41121.56640625,20559.56640625,0.0,0.0,0.0,20559.56640625,0.0,0.0,0.0,0.0,0.0,0.0,0.0,0.0,0.0,0.0,0.0,0.0,0.0,0.0,0.0,0.0,0.0,0.0,0.0,0.0,0.0,0.0,0.0,0.0,0.0,0.0,0.0,0.0,0.0,0.0,0.0,0.0,0.0,0.0,0.0,0.0,0.0,0.0,0.0,0.0,0.0,0.0,0.0,0.0,0.0,0.0,0.0,0.0,0.0,0.0,0.0,0.0,0.0,0.0,0.0,0.0,0.0,0.0,0.0,0.0,0.0,0.0,0.0,0.0,0.0,0.0,0.0,0.0,0.0,0.0,0.0,0.0,0.0,0.0,0.0,0.0,0.0,0.0,0.0,0.0,0.0,0.0,0.0,0.0,0.0,0.0,41121.56640625,20559.56640625,0.0,0.0,0.0,0.0,0.0,0.0,0.0,0.0,WA
8875094,WA,5306,0.1412588208913803,5,3.0,450095.423828125,509381.4375,5,0,135678.90625,0.0,403836.375,0.0,0.0,0.0,0.0,0.0,0.0,0.0,0.0,0.0,0.0,0.0,0.0,0.0,0.0,0.0,0.0,0.0,0.0,0.0,0.0,0.0,-1100.0,0.0,1100.0,0.0,0.0,0.0,0.0,0.0,-1400.0,0.0,1400.0,0.0,-27989.859375,0.0,27989.84375,0.0,0.0,0.0,0.0,0.0,0.0,0.0,0.0,0.0,-640.0,0.0,640.0,0.0,0.0,0.0,0.0,0.0,0.0,0.0,0.0,0.0,0.0,0.0,0.0,0.0,0.0,0.0,0.0,0.0,0.0,0.0,0.0,0.0,0.0,0.0,0.0,0.0,0.0,0.0,0.0,0.0,0.0,0.0,0.0,0.0,0.0,0.0,0.0,0.0,0.0,0.0,0.0,0.0,104549.046875,0.0,434966.21875,0.0,-31129.859375,0.0,31129.84375,0.0,-22.9437723485481,0.0,7.708528518676758,0.0,WA
8875095,WA,5306,75.23279571533203,1,0.0,0.0,0.0,1,0,0.0,0.0,68038.5078125,34019.25390625,0.0,0.0,0.0,34019.25390625,0.0,0.0,0.0,0.0,0.0,0.0,0.0,0.0,0.0,0.0,0.0,0.0,0.0,0.0,0.0,0.0,0.0,0.0,0.0,0.0,0.0,0.0,0.0,0.0,0.0,0.0,0.0,0.0,0.0,0.0,0.0,0.0,0.0,0.0,0.0,0.0,0.0,0.0,0.0,0.0,0.0,0.0,0.0,0.0,0.0,0.0,0.0,0.0,0.0,0.0,0.0,0.0,0.0,0.0,0.0,0.0,0.0,0.0,0.0,0.0,0.0,0.0,0.0,0.0,0.0,0.0,0.0,0.0,0.0,0.0,0.0,0.0,0.0,0.0,0.0,0.0,0.0,0.0,0.0,0.0,0.0,0.0,0.0,0.0,0.0,0.0,68038.5078125,34019.25390625,0.0,0.0,0.0,0.0,0.0,0.0,0.0,0.0,WA
8875096,WA,5306,245.1712646484375,1,0.0,13937.416015625,13937.416015625,1,0,33.741600036621094,0.0,24512.7890625,2882.340087890625,8792.986328125,0.0,0.0,11675.326416015625,0.0,0.0,0.0,0.0,-33.741600036621094,0.0,33.7421875,0.0,0.0,0.0,0.0,0.0,0.0,0.0,0.0,0.0,0.0,0.0,0.0,0.0,0.0,0.0,0.0,0.0,0.0,0.0,0.0,0.0,0.0,0.0,0.0,0.0,0.0,0.0,0.0,0.0,0.0,0.0,0.0,0.0,0.0,0.0,0.0,0.0,0.0,0.0,0.0,0.0,0.0,0.0,0.0,0.0,0.0,0.0,0.0,0.0,0.0,0.0,0.0,0.0,0.0,0.0,0.0,0.0,0.0,0.0,0.0,0.0,0.0,0.0,0.0,0.0,0.0,0.0,0.0,0.0,0.0,0.0,0.0,0.0,0.0,0.0,0.0,0.0,0.0,0.0,24546.53125,11675.326416015625,-33.741600036621094,0.0,33.7421875,0.0,-100.0,0.0,0.13765136897563934,0.0,WA
8875097,WA,5306,0.1414094716310501,2,0.0,120678.265625,122669.5078125,2,0,13105.42578125,0.0,112996.4375,0.0,0.0,0.0,0.0,0.0,-2145.0849609375,0.0,2145.0859375,0.0,-1872.0,0.0,1872.0,0.0,1272.0,0.0,-1272.0,0.0,0.0,0.0,0.0,0.0,0.0,0.0,0.0,0.0,0.0,0.0,0.0,0.0,0.0,0.0,0.0,0.0,0.0,0.0,0.0,0.0,0.0,0.0,0.0,0.0,0.0,0.0,0.0,0.0,0.0,0.0,0.0,0.0,0.0,0.0,0.0,0.0,0.0,0.0,0.0,0.0,0.0,0.0,0.0,0.0,0.0,0.0,0.0,0.0,0.0,0.0,0.0,0.0,0.0,0.0,0.0,0.0,0.0,0.0,0.0,0.0,0.0,0.0,0.0,0.0,0.0,0.0,0.0,0.0,0.0,0.0,0.0,0.0,10360.3408203125,0.0,115741.5234375,0.0,-2745.0849609375,0.0,2745.0859375,0.0,-20.946171507566792,0.0,2.429356336593628,0.0,WA
8875098,WA,5306,0.1320599466562271,4,2.0,296850.455078125,410253.09375,4,0,105147.796875,0.0,376235.46875,0.0,0.0,0.0,0.0,0.0,0.0,0.0,0.0,0.0,0.0,0.0,0.0,0.0,0.0,0.0,0.0,0.0,0.0,0.0,0.0,0.0,-450.0,0.0,450.0,0.0,0.0,0.0,0.0,0.0,0.0,0.0,0.0,0.0,-26349.6875,0.0,26349.6875,0.0,0.0,0.0,0.0,0.0,0.0,0.0,0.0,0.0,-480.0,0.0,480.0,0.0,0.0,0.0,0.0,0.0,0.0,0.0,0.0,0.0,0.0,0.0,0.0,0.0,0.0,0.0,0.0,0.0,0.0,0.0,0.0,0.0,0.0,0.0,0.0,0.0,0.0,0.0,0.0,0.0,0.0,0.0,0.0,0.0,0.0,0.0,0.0,0.0,0.0,0.0,0.0,0.0,77868.109375,0.0,403515.15625,0.0,-27279.6875,0.0,27279.6875,0.0,-25.944136073939973,0.0,7.250695705413818,0.0,WA
8875099,WA,5306,0.163382425904274,1,0.0,187019.109375,228293.078125,1,0,48509.4921875,0.0,174423.125,0.0,0.0,0.0,0.0,0.0,-459.9921875,0.0,459.984375,0.0,0.0,0.0,0.0,0.0,0.0,0.0,0.0,0.0,0.0,0.0,0.0,0.0,0.0,0.0,0.0,0.0,0.0,0.0,0.0,0.0,0.0,0.0,0.0,0.0,-5914.78515625,0.0,5914.796875,0.0,0.0,0.0,0.0,0.0,0.0,0.0,0.0,0.0,0.0,0.0,0.0,0.0,0.0,0.0,0.0,0.0,0.0,0.0,0.0,0.0,0.0,0.0,0.0,0.0,0.0,0.0,0.0,0.0,0.0,0.0,0.0,0.0,0.0,0.0,0.0,0.0,0.0,0.0,0.0,0.0,0.0,0.0,0.0,0.0,0.0,0.0,0.0,0.0,0.0,0.0,0.0,0.0,42134.71484375,0.0,180797.90625,0.0,-6374.77734375,0.0,6374.78125,0.0,-13.14129885983977,0.0,3.6547799110412598,0.0,WA
8875100,WA,5306,0.3522840440273285,1,0.0,56868.47265625,59334.4140625,1,0,0.0,0.0,56188.4609375,0.0,0.0,0.0,0.0,0.0,0.0,0.0,0.0,0.0,0.0,0.0,0.0,0.0,242.52304077148438,0.0,-242.5234375,0.0,0.0,0.0,0.0,0.0,0.0,0.0,0.0,0.0,0.0,0.0,0.0,0.0,-242.52304077148438,0.0,242.5234375,0.0,0.0,0.0,0.0,0.0,0.0,0.0,0.0,0.0,0.0,0.0,0.0,0.0,0.0,0.0,0.0,0.0,0.0,0.0,0.0,0.0,0.0,0.0,0.0,0.0,0.0,0.0,0.0,0.0,0.0,0.0,0.0,0.0,0.0,0.0,0.0,0.0,0.0,0.0,0.0,0.0,0.0,0.0,0.0,0.0,0.0,0.0,0.0,0.0,0.0,0.0,0.0,0.0,0.0,0.0,0.0,0.0,0.0,0.0,56188.4609375,0.0,0.0,0.0,0.0,0.0,0.0,0.0,0.0,0.0,WA
8875101,WA,5306,83.04330444335938,3,2.0,0.0,0.0,3,0,0.0,0.0,102144.859375,29835.666015625,43993.59765625,0.0,0.0,73829.263671875,0.0,0.0,0.0,0.0,0.0,0.0,0.0,0.0,0.0,0.0,0.0,0.0,0.0,0.0,0.0,0.0,0.0,0.0,0.0,0.0,0.0,0.0,0.0,0.0,0.0,0.0,0.0,0.0,0.0,0.0,0.0,0.0,0.0,0.0,0.0,0.0,0.0,0.0,0.0,0.0,0.0,0.0,0.0,0.0,0.0,0.0,0.0,0.0,0.0,0.0,0.0,0.0,0.0,0.0,0.0,0.0,0.0,0.0,0.0,0.0,0.0,0.0,0.0,0.0,0.0,0.0,0.0,0.0,0.0,0.0,0.0,0.0,0.0,0.0,0.0,0.0,0.0,0.0,0.0,0.0,0.0,0.0,0.0,0.0,0.0,0.0,102144.859375,73829.263671875,0.0,0.0,0.0,0.0,0.0,0.0,0.0,0.0,WA
8875102,WA,5306,0.11900903284549713,3,1.0,172746.5078125,177237.75,3,0,25109.4375,0.0,142497.9375,0.0,0.0,0.0,0.0,0.0,-3843.1328125,0.0,3843.125,0.0,-3432.0,0.0,3432.015625,0.0,3498.0,0.0,-3498.015625,0.0,0.0,0.0,0.0,0.0,-2200.0,0.0,2200.015625,0.0,0.0,0.0,0.0,0.0,0.0,0.0,0.0,0.0,0.0,0.0,0.0,0.0,0.0,0.0,0.0,0.0,0.0,0.0,0.0,0.0,0.0,0.0,0.0,0.0,0.0,0.0,0.0,0.0,0.0,0.0,0.0,0.0,0.0,0.0,0.0,0.0,0.0,0.0,0.0,0.0,0.0,0.0,0.0,0.0,0.0,0.0,0.0,0.0,0.0,0.0,0.0,0.0,0.0,0.0,0.0,0.0,0.0,0.0,0.0,0.0,0.0,0.0,0.0,0.0,19132.3046875,0.0,148475.078125,0.0,-5977.1328125,0.0,5977.140625,0.0,-23.804327805033466,0.0,4.194545269012451,0.0,WA
8875103,WA,5306,0.11352891474962234,4,1.0,804477.796875,835030.5625,3,1,252646.6875,0.0,612550.375,0.0,8792.986328125,0.0,0.0,8792.986328125,-25881.671875,0.0,25881.6875,0.0,0.0,0.0,0.0,0.0,0.0,0.0,0.0,0.0,0.0,0.0,0.0,0.0,0.0,0.0,0.0,0.0,0.0,0.0,0.0,0.0,-1400.0,0.0,1400.0,0.0,-8040.28125,0.0,8040.3125,0.0,0.0,0.0,0.0,0.0,0.0,0.0,0.0,0.0,-740.0,0.0,740.0,0.0,0.0,0.0,0.0,0.0,0.0,0.0,0.0,0.0,0.0,0.0,0.0,0.0,0.0,0.0,0.0,0.0,0.0,0.0,0.0,0.0,0.0,0.0,0.0,0.0,0.0,0.0,0.0,0.0,0.0,0.0,0.0,0.0,0.0,0.0,0.0,0.0,0.0,0.0,0.0,0.0,216584.734375,0.0,648612.375,8792.986328125,-36061.953125,0.0,36062.0,0.0,-14.273669479636458,0.0,5.887188911437988,0.0,WA
8875104,WA,5306,0.21605247259140015,4,2.0,121771.53930664062,224321.984375,4,0,18325.93359375,0.0,231423.34375,0.0,0.0,0.0,0.0,0.0,-3029.013671875,0.0,3029.015625,0.0,0.0,0.0,0.0,0.0,4663.998046875,0.0,-4664.0,0.0,0.0,0.0,0.0,0.0,-4400.0,0.0,4400.0,0.0,0.0,0.0,0.0,0.0,-4516.302734375,0.0,4516.296875,0.0,0.0,0.0,0.0,0.0,0.0,0.0,0.0,0.0,0.0,0.0,0.0,0.0,0.0,0.0,0.0,0.0,0.0,0.0,0.0,0.0,0.0,0.0,0.0,0.0,0.0,0.0,0.0,0.0,0.0,0.0,0.0,0.0,0.0,0.0,0.0,0.0,0.0,0.0,0.0,0.0,0.0,0.0,0.0,0.0,0.0,0.0,0.0,0.0,0.0,0.0,0.0,0.0,0.0,0.0,0.0,0.0,11044.615234375,0.0,238704.65625,0.0,-7281.318359375,0.0,7281.3125,0.0,-39.732318804528845,0.0,3.14631724357605,0.0,WA
8875105,WA,5306,0.13796333968639374,3,0.0,103442.32421875,133598.30859375,3,0,4553.50146484375,0.0,140054.5,0.0,0.0,0.0,0.0,0.0,-347.741455078125,0.0,347.75,0.0,-936.0,0.0,936.0,0.0,1736.958740234375,0.0,-1736.96875,0.0,0.0,0.0,0.0,0.0,0.0,0.0,0.0,0.0,0.0,0.0,0.0,0.0,0.0,0.0,0.0,0.0,0.0,0.0,0.0,0.0,0.0,0.0,0.0,0.0,0.0,0.0,0.0,0.0,0.0,0.0,0.0,0.0,0.0,0.0,0.0,0.0,0.0,0.0,0.0,0.0,0.0,0.0,0.0,0.0,0.0,0.0,0.0,0.0,0.0,0.0,0.0,0.0,0.0,0.0,0.0,0.0,0.0,0.0,0.0,0.0,0.0,0.0,0.0,0.0,0.0,0.0,0.0,0.0,0.0,0.0,0.0,0.0,5006.71875,0.0,139601.28125,0.0,453.21728515625,0.0,-453.21875,0.0,9.953159972724459,0.0,-0.32360169291496277,0.0,WA
8875106,WA,5306,0.11613968759775162,1,0.0,54269.1640625,54276.609375,1,0,5493.9912109375,0.0,60052.44140625,0.0,0.0,0.0,0.0,0.0,-860.7978515625,0.0,860.796875,0.0,-936.000244140625,0.0,936.0,0.0,636.000244140625,0.0,-636.0,0.0,0.0,0.0,0.0,0.0,0.0,0.0,0.0,0.0,0.0,0.0,0.0,0.0,0.0,0.0,0.0,0.0,0.0,0.0,0.0,0.0,0.0,0.0,0.0,0.0,0.0,0.0,0.0,0.0,0.0,0.0,0.0,0.0,0.0,0.0,0.0,0.0,0.0,0.0,0.0,0.0,0.0,0.0,0.0,0.0,0.0,0.0,0.0,0.0,-760.222900390625,0.0,760.22265625,0.0,0.0,0.0,0.0,0.0,0.0,0.0,0.0,0.0,0.0,0.0,0.0,0.0,0.0,0.0,0.0,0.0,0.0,0.0,0.0,0.0,3572.970458984375,0.0,61973.4609375,0.0,-1921.020751953125,0.0,1921.01953125,0.0,-34.96585047549284,0.0,3.1989033222198486,0.0,WA
8875107,WA,5306,0.33359014987945557,3,1.0,47619.505859375,44618.90234375,3,0,-2787.182861328125,-673.3740844726562,52097.2578125,1003.27294921875,3643.428466796875,0.0,0.0,4646.701416015625,0.0,0.0,0.0,0.0,0.0,0.0,0.0,0.0,0.0,0.0,0.0,0.0,0.0,0.0,0.0,0.0,-700.0,0.0,700.0,0.0,0.0,0.0,0.0,0.0,0.0,0.0,0.0,0.0,0.0,0.0,0.0,0.0,0.0,0.0,0.0,0.0,0.0,0.0,0.0,0.0,0.0,0.0,0.0,0.0,0.0,0.0,0.0,0.0,0.0,0.0,0.0,0.0,0.0,0.0,0.0,0.0,0.0,0.0,0.0,0.0,0.0,0.0,0.0,0.0,0.0,0.0,0.0,0.0,0.0,0.0,0.0,0.0,0.0,0.0,0.0,0.0,0.0,0.0,0.0,0.0,0.0,0.0,0.0,0.0,-3487.182861328125,-673.3740844726562,52797.2578125,4646.701416015625,-700.0,0.0,700.0,0.0,-25.114964996105133,0.0,1.3436408042907715,0.0,WA
8875108,WA,5306,0.1416240930557251,2,0.0,92766.5546875,111630.390625,2,0,11441.8037109375,0.0,128393.0078125,19618.947265625,0.0,0.0,0.0,19618.947265625,-1812.3603515625,0.0,1812.359375,0.0,-1872.00048828125,0.0,1872.0078125,0.0,1272.00048828125,0.0,-1272.0078125,0.0,0.0,0.0,0.0,0.0,0.0,0.0,0.0,0.0,0.0,0.0,0.0,0.0,0.0,0.0,0.0,0.0,0.0,0.0,0.0,0.0,0.0,0.0,0.0,0.0,0.0,0.0,0.0,0.0,-240.0,0.0,240.0,0.0,0.0,0.0,0.0,0.0,0.0,0.0,0.0,0.0,0.0,0.0,0.0,0.0,0.0,0.0,0.0,0.0,-1140.333984375,0.0,1140.3359375,0.0,0.0,0.0,0.0,0.0,0.0,0.0,0.0,0.0,0.0,0.0,0.0,0.0,0.0,0.0,0.0,0.0,0.0,0.0,0.0,0.0,7649.109375,0.0,132185.703125,19618.947265625,-3792.6943359375,0.0,3792.6953125,0.0,-33.147696217791,0.0,2.9539732933044434,0.0,WA
8875109,WA,5306,331.406982421875,2,0.0,0.0,905.404468536377,2,0,0.0,0.0,67941.671875,10394.3837890625,52815.25,0.0,0.0,63209.6337890625,0.0,0.0,0.0,0.0,0.0,0.0,0.0,0.0,0.0,0.0,0.0,0.0,0.0,0.0,0.0,0.0,0.0,0.0,0.0,0.0,0.0,0.0,0.0,0.0,0.0,0.0,0.0,0.0,0.0,0.0,0.0,0.0,0.0,0.0,0.0,0.0,0.0,0.0,0.0,0.0,0.0,0.0,0.0,0.0,0.0,0.0,0.0,0.0,0.0,0.0,0.0,0.0,0.0,0.0,0.0,0.0,0.0,0.0,0.0,0.0,0.0,0.0,0.0,0.0,0.0,0.0,0.0,0.0,0.0,0.0,0.0,0.0,0.0,0.0,0.0,0.0,0.0,0.0,0.0,0.0,0.0,0.0,0.0,0.0,0.0,0.0,67941.671875,63209.6337890625,0.0,0.0,0.0,0.0,0.0,0.0,0.0,0.0,WA
8875110,WA,5306,0.16162823140621185,2,0.0,189389.765625,190617.4375,2,0,29779.359375,0.0,166598.953125,0.0,0.0,0.0,0.0,0.0,-4403.5234375,0.0,4403.515625,0.0,-3432.0,0.0,3432.0,0.0,2332.0,0.0,-2332.0,0.0,0.0,0.0,0.0,0.0,0.0,0.0,0.0,0.0,0.0,0.0,0.0,0.0,0.0,0.0,0.0,0.0,0.0,0.0,0.0,0.0,0.0,0.0,0.0,0.0,0.0,0.0,0.0,0.0,-322.19921875,0.0,322.203125,0.0,0.0,0.0,0.0,0.0,0.0,0.0,0.0,0.0,0.0,0.0,0.0,0.0,0.0,0.0,0.0,0.0,0.0,0.0,0.0,0.0,0.0,0.0,0.0,0.0,0.0,0.0,0.0,0.0,0.0,0.0,0.0,0.0,0.0,0.0,0.0,0.0,0.0,0.0,0.0,0.0,23953.63671875,0.0,172424.671875,0.0,-5825.72265625,0.0,5825.71875,0.0,-19.562954941000974,0.0,3.496851682662964,0.0,WA
8875111,WA,5306,0.09897032380104065,1,0.0,0.0,8104.806640625,1,0,-620.0177001953125,-341.9477844238281,17243.64453125,0.0,8792.986328125,0.0,0.0,8792.986328125,0.0,0.0,0.0,0.0,0.0,0.0,0.0,0.0,0.0,0.0,0.0,0.0,0.0,0.0,0.0,0.0,0.0,0.0,0.0,0.0,0.0,0.0,0.0,0.0,0.0,0.0,0.0,0.0,0.0,0.0,0.0,0.0,0.0,0.0,0.0,0.0,0.0,0.0,0.0,0.0,0.0,0.0,0.0,0.0,0.0,0.0,0.0,0.0,0.0,0.0,0.0,0.0,0.0,0.0,0.0,0.0,0.0,0.0,0.0,0.0,0.0,0.0,0.0,0.0,0.0,0.0,0.0,0.0,0.0,0.0,0.0,0.0,0.0,0.0,0.0,0.0,0.0,0.0,0.0,0.0,0.0,0.0,0.0,0.0,-620.0177001953125,-341.9477844238281,17243.64453125,8792.986328125,0.0,0.0,0.0,0.0,0.0,0.0,0.0,0.0,WA
8875112,WA,5306,77.61509704589844,1,0.0,0.0,0.8272702097892761,1,0,0.0,0.0,71019.625,35509.203125,0.0,0.0,0.0,35509.203125,0.0,0.0,0.0,0.0,0.0,0.0,0.0,0.0,0.0,0.0,0.0,0.0,0.0,0.0,0.0,0.0,0.0,0.0,0.0,0.0,0.0,0.0,0.0,0.0,0.0,0.0,0.0,0.0,0.0,0.0,0.0,0.0,0.0,0.0,0.0,0.0,0.0,0.0,0.0,0.0,0.0,0.0,0.0,0.0,0.0,0.0,0.0,0.0,0.0,0.0,0.0,0.0,0.0,0.0,0.0,0.0,0.0,0.0,0.0,0.0,0.0,0.0,0.0,0.0,0.0,0.0,0.0,0.0,0.0,0.0,0.0,0.0,0.0,0.0,0.0,0.0,0.0,0.0,0.0,0.0,0.0,0.0,0.0,0.0,0.0,0.0,71019.625,35509.203125,0.0,0.0,0.0,0.0,0.0,0.0,0.0,0.0,WA
8875113,WA,5306,60.5446891784668,1,0.0,0.0,2152.92236328125,1,0,0.0,0.0,50936.5234375,24391.80078125,0.0,0.0,0.0,24391.80078125,0.0,0.0,0.0,0.0,0.0,0.0,0.0,0.0,0.0,0.0,0.0,0.0,0.0,0.0,0.0,0.0,0.0,0.0,0.0,0.0,0.0,0.0,0.0,0.0,0.0,0.0,0.0,0.0,0.0,0.0,0.0,0.0,0.0,0.0,0.0,0.0,0.0,0.0,0.0,0.0,0.0,0.0,0.0,0.0,0.0,0.0,0.0,0.0,0.0,0.0,0.0,0.0,0.0,0.0,0.0,0.0,0.0,0.0,0.0,0.0,0.0,0.0,0.0,0.0,0.0,0.0,0.0,0.0,0.0,0.0,0.0,0.0,0.0,0.0,0.0,0.0,0.0,0.0,0.0,0.0,0.0,0.0,0.0,0.0,0.0,0.0,50936.5234375,24391.80078125,0.0,0.0,0.0,0.0,0.0,0.0,0.0,0.0,WA
8875114,WA,5306,0.07841936498880386,5,3.0,112386.7734375,165332.0625,5,0,15047.23828125,0.0,175006.828125,0.0,0.0,0.0,0.0,0.0,-2788.4619140625,0.0,2788.46875,0.0,-2201.3408203125,0.0,2201.328125,0.0,3118.1181640625,0.0,-3118.109375,0.0,0.0,0.0,0.0,0.0,-4650.0,0.0,4650.0,0.0,0.0,0.0,0.0,0.0,0.0,0.0,0.0,0.0,0.0,0.0,0.0,0.0,0.0,0.0,0.0,0.0,0.0,0.0,0.0,0.0,0.0,0.0,0.0,0.0,0.0,0.0,0.0,0.0,0.0,0.0,0.0,0.0,0.0,0.0,0.0,0.0,0.0,0.0,0.0,0.0,-1425.322265625,0.0,1425.328125,0.0,0.0,0.0,0.0,0.0,0.0,0.0,0.0,0.0,0.0,0.0,0.0,0.0,0.0,0.0,0.0,0.0,0.0,0.0,0.0,0.0,7100.2314453125,0.0,182953.84375,0.0,-7947.0068359375,0.0,7947.015625,0.0,-52.81372360428473,0.0,4.5409746170043945,0.0,WA
8875115,WA,5306,187.8168182373047,2,0.0,0.0,836.3701782226562,2,0,0.0,0.0,77698.375,36396.0390625,0.0,0.0,0.0,36396.0390625,0.0,0.0,0.0,0.0,0.0,0.0,0.0,0.0,0.0,0.0,0.0,0.0,0.0,0.0,0.0,0.0,0.0,0.0,0.0,0.0,0.0,0.0,0.0,0.0,0.0,0.0,0.0,0.0,0.0,0.0,0.0,0.0,0.0,0.0,0.0,0.0,0.0,0.0,0.0,0.0,0.0,0.0,0.0,0.0,0.0,0.0,0.0,0.0,0.0,0.0,0.0,0.0,0.0,0.0,0.0,0.0,0.0,0.0,0.0,0.0,0.0,0.0,0.0,0.0,0.0,0.0,0.0,0.0,0.0,0.0,0.0,0.0,0.0,0.0,0.0,0.0,0.0,0.0,0.0,0.0,0.0,0.0,0.0,0.0,0.0,0.0,77698.375,36396.0390625,0.0,0.0,0.0,0.0,0.0,0.0,0.0,0.0,WA
8875116,WA,5306,0.10207264870405197,2,0.0,12919.15234375,201143.390625,2,0,25926.759765625,0.0,149024.65625,0.0,0.0,0.0,0.0,0.0,-2774.076171875,0.0,2774.078125,0.0,-3511.875,0.0,3511.875,0.0,2411.875,0.0,-2411.875,0.0,0.0,0.0,0.0,0.0,0.0,0.0,0.0,0.0,0.0,0.0,0.0,0.0,-1401.48828125,0.0,1401.484375,0.0,0.0,0.0,0.0,0.0,0.0,0.0,0.0,0.0,0.0,0.0,0.0,0.0,-9.17578125,0.0,9.1875,0.0,0.0,0.0,0.0,0.0,0.0,0.0,0.0,0.0,0.0,0.0,0.0,0.0,0.0,0.0,0.0,0.0,0.0,0.0,0.0,0.0,0.0,0.0,0.0,0.0,0.0,0.0,0.0,0.0,0.0,0.0,0.0,0.0,0.0,0.0,0.0,0.0,0.0,0.0,0.0,0.0,20642.01953125,0.0,154309.40625,0.0,-5284.740234375,0.0,5284.75,0.0,-20.383342469897737,0.0,3.5462253093719482,0.0,WA
8875117,WA,5306,131.59385681152344,1,0.0,0.0,62.045265197753906,1,0,0.0,0.0,52042.15234375,26119.296875,0.0,0.0,0.0,26119.296875,0.0,0.0,0.0,0.0,0.0,0.0,0.0,0.0,0.0,0.0,0.0,0.0,0.0,0.0,0.0,0.0,0.0,0.0,0.0,0.0,0.0,0.0,0.0,0.0,0.0,0.0,0.0,0.0,0.0,0.0,0.0,0.0,0.0,0.0,0.0,0.0,0.0,0.0,0.0,0.0,0.0,0.0,0.0,0.0,0.0,0.0,0.0,0.0,0.0,0.0,0.0,0.0,0.0,0.0,0.0,0.0,0.0,0.0,0.0,0.0,0.0,0.0,0.0,0.0,0.0,0.0,0.0,0.0,0.0,0.0,0.0,0.0,0.0,0.0,0.0,0.0,0.0,0.0,0.0,0.0,0.0,0.0,0.0,0.0,0.0,0.0,52042.15234375,26119.296875,0.0,0.0,0.0,0.0,0.0,0.0,0.0,0.0,WA
8875118,WA,5306,0.18866711854934692,2,0.0,96885.22265625,97712.49609375,2,0,10034.162719726562,0.0,111595.7265625,0.0,0.0,5872.6474609375,0.0,5872.6474609375,-1506.375,0.0,1506.375,0.0,-2320.080322265625,0.0,2320.078125,0.0,1478.2880859375,0.0,-1478.28125,0.0,0.0,0.0,0.0,0.0,0.0,0.0,0.0,0.0,0.0,0.0,0.0,0.0,0.0,0.0,0.0,0.0,0.0,0.0,0.0,0.0,0.0,0.0,0.0,0.0,0.0,0.0,0.0,0.0,0.0,0.0,0.0,0.0,0.0,0.0,0.0,0.0,0.0,0.0,0.0,0.0,0.0,0.0,0.0,0.0,0.0,0.0,0.0,0.0,-1566.65576171875,0.0,1566.65625,0.0,0.0,0.0,0.0,0.0,-523.1409912109375,0.0,523.140625,0.0,0.0,0.0,0.0,0.0,0.0,0.0,-5872.6484375,-5872.6474609375,0.0,0.0,0.0,0.0,5596.19873046875,0.0,110161.046875,0.0,-4437.9639892578125,0.0,-1434.6796875,-5872.6474609375,-44.22854316018856,0.0,-1.285604476928711,-100.0,WA
8875119,WA,5306,0.11137282103300095,2,0.0,157152.2734375,159634.91015625,2,0,22033.7275390625,0.0,141489.859375,0.0,0.0,0.0,0.0,0.0,-3397.4921875,0.0,3397.484375,0.0,-2652.0,0.0,2652.0,0.0,1802.0,0.0,-1802.0,0.0,0.0,0.0,0.0,0.0,0.0,0.0,0.0,0.0,0.0,0.0,0.0,0.0,0.0,0.0,0.0,0.0,0.0,0.0,0.0,0.0,0.0,0.0,0.0,0.0,0.0,0.0,0.0,0.0,0.0,0.0,0.0,0.0,0.0,0.0,0.0,0.0,0.0,0.0,0.0,0.0,0.0,0.0,0.0,0.0,0.0,0.0,0.0,0.0,-1928.009765625,0.0,1928.015625,0.0,0.0,0.0,0.0,0.0,0.0,0.0,0.0,0.0,0.0,0.0,0.0,0.0,0.0,0.0,0.0,0.0,0.0,0.0,0.0,0.0,15858.2255859375,0.0,147665.359375,0.0,-6175.501953125,0.0,6175.5,0.0,-28.027495312251453,0.0,4.3646240234375,0.0,WA
8875120,WA,5306,0.18129296600818634,2,0.0,0.0,362260.90625,2,0,82264.3046875,0.0,394938.375,99651.171875,0.0,0.0,0.0,99651.171875,0.0,0.0,0.0,0.0,0.0,0.0,0.0,0.0,0.0,0.0,0.0,0.0,0.0,0.0,0.0,0.0,0.0,0.0,0.0,0.0,0.0,0.0,0.0,0.0,-12840.0546875,0.0,12840.03125,0.0,-12999.109375,0.0,12999.125,0.0,0.0,0.0,0.0,0.0,0.0,0.0,0.0,0.0,0.0,0.0,0.0,0.0,0.0,0.0,0.0,0.0,0.0,0.0,0.0,0.0,0.0,0.0,0.0,0.0,0.0,0.0,0.0,0.0,0.0,0.0,0.0,0.0,0.0,0.0,0.0,0.0,0.0,0.0,0.0,0.0,0.0,0.0,0.0,0.0,0.0,0.0,0.0,0.0,0.0,0.0,0.0,0.0,56425.140625,0.0,420777.53125,99651.171875,-25839.1640625,0.0,25839.15625,0.0,-31.40993430948702,0.0,6.542579174041748,0.0,WA
8875121,WA,5306,212.06861877441406,1,0.0,0.0,9.09997272491455,0,1,0.0,0.0,30347.046875,3926.039794921875,26407.625,0.0,0.0,30333.664794921875,0.0,0.0,0.0,0.0,0.0,0.0,0.0,0.0,0.0,0.0,0.0,0.0,0.0,0.0,0.0,0.0,0.0,0.0,0.0,0.0,0.0,0.0,0.0,0.0,0.0,0.0,0.0,0.0,0.0,0.0,0.0,0.0,0.0,0.0,0.0,0.0,0.0,0.0,0.0,0.0,0.0,0.0,0.0,0.0,0.0,0.0,0.0,0.0,0.0,0.0,0.0,0.0,0.0,0.0,0.0,0.0,0.0,0.0,0.0,0.0,0.0,0.0,0.0,0.0,0.0,0.0,0.0,0.0,0.0,0.0,0.0,0.0,0.0,0.0,0.0,0.0,0.0,0.0,0.0,0.0,0.0,0.0,0.0,0.0,0.0,0.0,30347.046875,30333.664794921875,0.0,0.0,0.0,0.0,0.0,0.0,0.0,0.0,WA
8875122,WA,5306,0.4234263002872467,1,0.0,0.0,0.0,0,1,0.0,0.0,8792.986328125,0.0,8792.986328125,0.0,0.0,8792.986328125,0.0,0.0,0.0,0.0,0.0,0.0,0.0,0.0,0.0,0.0,0.0,0.0,0.0,0.0,0.0,0.0,0.0,0.0,0.0,0.0,0.0,0.0,0.0,0.0,0.0,0.0,0.0,0.0,0.0,0.0,0.0,0.0,0.0,0.0,0.0,0.0,0.0,0.0,0.0,0.0,0.0,0.0,0.0,0.0,0.0,0.0,0.0,0.0,0.0,0.0,0.0,0.0,0.0,0.0,0.0,0.0,0.0,0.0,0.0,0.0,0.0,0.0,0.0,0.0,0.0,0.0,0.0,0.0,0.0,0.0,0.0,0.0,0.0,0.0,0.0,0.0,0.0,0.0,0.0,0.0,0.0,0.0,0.0,0.0,0.0,0.0,8792.986328125,8792.986328125,0.0,0.0,0.0,0.0,0.0,0.0,0.0,0.0,WA
8875123,WA,5306,0.14597856998443604,4,2.0,139351.08984375,139351.09375,4,0,13812.7734375,0.0,107830.4453125,0.0,0.0,0.0,0.0,0.0,-2547.533203125,0.0,2547.5390625,0.0,-1947.109375,0.0,1947.109375,0.0,3179.109375,0.0,-3179.109375,0.0,0.0,0.0,0.0,0.0,-3900.0,0.0,3900.0,0.0,0.0,0.0,0.0,0.0,0.0,0.0,0.0,0.0,0.0,0.0,0.0,0.0,0.0,0.0,0.0,0.0,0.0,0.0,0.0,0.0,0.0,0.0,0.0,0.0,0.0,0.0,0.0,0.0,0.0,0.0,0.0,0.0,0.0,0.0,0.0,0.0,0.0,0.0,0.0,0.0,-466.5986328125,0.0,466.59375,0.0,0.0,0.0,0.0,0.0,-334.7890625,0.0,334.7890625,0.0,0.0,0.0,0.0,0.0,0.0,0.0,0.0,0.0,0.0,0.0,0.0,0.0,7795.8525390625,0.0,113847.3671875,0.0,-6016.9208984375,0.0,6016.921875,0.0,-43.560555927908666,0.0,5.579984188079834,0.0,WA
8875124,WA,5306,0.09773581475019455,3,1.0,423157.984375,423177.84375,3,0,112823.4453125,0.0,297283.28125,0.0,0.0,0.0,0.0,0.0,0.0,0.0,0.0,0.0,0.0,0.0,0.0,0.0,0.0,0.0,0.0,0.0,0.0,0.0,0.0,0.0,-1000.0,0.0,1000.0,0.0,0.0,0.0,0.0,0.0,0.0,0.0,0.0,0.0,-33792.0078125,0.0,33792.0,0.0,0.0,0.0,0.0,0.0,0.0,0.0,0.0,0.0,0.0,0.0,0.0,0.0,0.0,0.0,0.0,0.0,0.0,0.0,0.0,0.0,0.0,0.0,0.0,0.0,0.0,0.0,0.0,0.0,0.0,0.0,0.0,0.0,0.0,0.0,0.0,0.0,0.0,0.0,0.0,0.0,0.0,0.0,0.0,0.0,0.0,0.0,0.0,0.0,0.0,0.0,0.0,0.0,78031.4375,0.0,332075.28125,0.0,-34792.0078125,0.0,34792.0,0.0,-30.837569014252843,0.0,11.703315734863281,0.0,WA
8875125,WA,5306,248.92733764648438,1,0.0,0.0,0.0,1,0,0.0,0.0,30333.6640625,3926.039794921875,26407.625,0.0,0.0,30333.664794921875,0.0,0.0,0.0,0.0,0.0,0.0,0.0,0.0,0.0,0.0,0.0,0.0,0.0,0.0,0.0,0.0,0.0,0.0,0.0,0.0,0.0,0.0,0.0,0.0,0.0,0.0,0.0,0.0,0.0,0.0,0.0,0.0,0.0,0.0,0.0,0.0,0.0,0.0,0.0,0.0,0.0,0.0,0.0,0.0,0.0,0.0,0.0,0.0,0.0,0.0,0.0,0.0,0.0,0.0,0.0,0.0,0.0,0.0,0.0,0.0,0.0,0.0,0.0,0.0,0.0,0.0,0.0,0.0,0.0,0.0,0.0,0.0,0.0,0.0,0.0,0.0,0.0,0.0,0.0,0.0,0.0,0.0,0.0,0.0,0.0,0.0,30333.6640625,30333.664794921875,0.0,0.0,0.0,0.0,0.0,0.0,0.0,0.0,WA
8875126,WA,5306,0.09599997848272324,2,0.0,468755.09375,551895.75,2,0,151639.421875,0.0,472981.5625,0.0,0.0,0.0,0.0,0.0,0.0,0.0,0.0,0.0,0.0,0.0,0.0,0.0,0.0,0.0,0.0,0.0,0.0,0.0,0.0,0.0,0.0,0.0,0.0,0.0,0.0,0.0,0.0,0.0,0.0,0.0,0.0,0.0,-29048.0625,0.0,29048.0625,0.0,0.0,0.0,0.0,0.0,0.0,0.0,0.0,0.0,-547.75,0.0,547.75,0.0,0.0,0.0,0.0,0.0,0.0,0.0,0.0,0.0,0.0,0.0,0.0,0.0,0.0,0.0,0.0,0.0,0.0,0.0,0.0,0.0,0.0,0.0,0.0,0.0,0.0,0.0,0.0,0.0,0.0,0.0,0.0,0.0,0.0,0.0,0.0,0.0,0.0,0.0,0.0,0.0,122043.609375,0.0,502577.375,0.0,-29595.8125,0.0,29595.8125,0.0,-19.51722852412121,0.0,6.257286548614502,0.0,WA
8875127,WA,5306,73.5814437866211,1,0.0,0.0,0.8272702097892761,1,0,0.0,0.0,29966.666015625,15291.56640625,0.0,0.0,0.0,15291.56640625,0.0,0.0,0.0,0.0,0.0,0.0,0.0,0.0,0.0,0.0,0.0,0.0,0.0,0.0,0.0,0.0,0.0,0.0,0.0,0.0,0.0,0.0,0.0,0.0,0.0,0.0,0.0,0.0,0.0,0.0,0.0,0.0,0.0,0.0,0.0,0.0,0.0,0.0,0.0,0.0,0.0,0.0,0.0,0.0,0.0,0.0,0.0,0.0,0.0,0.0,0.0,0.0,0.0,0.0,0.0,0.0,0.0,0.0,0.0,0.0,0.0,0.0,0.0,0.0,0.0,0.0,0.0,0.0,0.0,0.0,0.0,0.0,0.0,0.0,0.0,0.0,0.0,0.0,0.0,0.0,0.0,0.0,0.0,0.0,0.0,0.0,29966.666015625,15291.56640625,0.0,0.0,0.0,0.0,0.0,0.0,0.0,0.0,WA
8875128,WA,5306,0.16976501047611237,2,0.0,0.0,186515.3125,2,0,25343.53125,0.0,236916.5625,51009.26171875,0.0,0.0,0.0,51009.26171875,-3405.87109375,0.0,3405.875,0.0,-3432.0,0.0,3432.0,0.0,2332.0,0.0,-2332.0,0.0,0.0,0.0,0.0,0.0,0.0,0.0,0.0,0.0,0.0,0.0,0.0,0.0,0.0,0.0,0.0,0.0,0.0,0.0,0.0,0.0,0.0,0.0,0.0,0.0,0.0,0.0,0.0,0.0,0.0,0.0,0.0,0.0,0.0,0.0,0.0,0.0,0.0,0.0,0.0,0.0,0.0,0.0,0.0,0.0,0.0,0.0,0.0,0.0,0.0,0.0,0.0,0.0,-2157.99609375,0.0,2158.0,0.0,0.0,0.0,0.0,0.0,0.0,0.0,0.0,0.0,0.0,0.0,0.0,0.0,0.0,0.0,0.0,0.0,18679.6640625,0.0,243580.4375,51009.26171875,-6663.8671875,0.0,6663.875,0.0,-26.294154203550463,0.0,2.8127520084381104,0.0,WA
8875129,WA,5306,43.57606887817383,1,0.0,0.0,17.3726749420166,1,0,0.0,0.0,43250.140625,22115.693359375,0.0,0.0,0.0,22115.693359375,0.0,0.0,0.0,0.0,0.0,0.0,0.0,0.0,0.0,0.0,0.0,0.0,0.0,0.0,0.0,0.0,0.0,0.0,0.0,0.0,0.0,0.0,0.0,0.0,0.0,0.0,0.0,0.0,0.0,0.0,0.0,0.0,0.0,0.0,0.0,0.0,0.0,0.0,0.0,0.0,0.0,0.0,0.0,0.0,0.0,0.0,0.0,0.0,0.0,0.0,0.0,0.0,0.0,0.0,0.0,0.0,0.0,0.0,0.0,0.0,0.0,0.0,0.0,0.0,0.0,0.0,0.0,0.0,0.0,0.0,0.0,0.0,0.0,0.0,0.0,0.0,0.0,0.0,0.0,0.0,0.0,0.0,0.0,0.0,0.0,0.0,43250.140625,22115.693359375,0.0,0.0,0.0,0.0,0.0,0.0,0.0,0.0,WA
8875130,WA,5306,0.12316403537988663,4,2.0,182386.6171875,237566.890625,4,0,37689.73046875,0.0,237110.25,27053.36328125,0.0,0.0,0.0,27053.36328125,-1982.640625,0.0,1982.65625,0.0,0.0,0.0,0.0,0.0,0.0,0.0,0.0,0.0,0.0,0.0,0.0,0.0,-4400.0,0.0,4400.0,0.0,0.0,0.0,0.0,0.0,-1950.0,0.0,1950.0,0.0,-1452.375,0.0,1452.375,0.0,0.0,0.0,0.0,0.0,0.0,0.0,0.0,0.0,0.0,0.0,0.0,0.0,0.0,0.0,0.0,0.0,0.0,0.0,0.0,0.0,0.0,0.0,0.0,0.0,0.0,0.0,0.0,0.0,-1095.080078125,0.0,1095.0625,0.0,0.0,0.0,0.0,0.0,0.0,0.0,0.0,0.0,0.0,0.0,0.0,0.0,0.0,0.0,0.0,0.0,0.0,0.0,0.0,0.0,26809.634765625,0.0,247990.34375,27053.36328125,-10880.095703125,0.0,10880.09375,0.0,-28.86753385553156,0.0,4.588622093200684,0.0,WA
8875131,WA,5306,0.11147724092006683,6,2.0,82580.84118652344,82994.47985839844,6,0,635.0392456054688,0.0,131421.703125,0.0,24872.82958984375,0.0,0.0,24872.82958984375,-72.368896484375,0.0,72.375,0.0,-1973.7564086914062,0.0,1973.75,0.0,2395.7564239501953,0.0,-2395.75,0.0,0.0,0.0,0.0,0.0,-2400.0,0.0,2400.0,0.0,-72.24560546875,0.0,72.25,0.0,0.0,0.0,0.0,0.0,0.0,0.0,0.0,0.0,0.0,0.0,0.0,0.0,0.0,0.0,0.0,0.0,-195.2578125,0.0,195.25,0.0,0.0,0.0,0.0,0.0,0.0,0.0,0.0,0.0,0.0,0.0,0.0,0.0,-1584.989990234375,0.0,1585.0,0.0,0.0,0.0,0.0,0.0,0.0,0.0,0.0,0.0,0.0,0.0,0.0,0.0,0.0,0.0,0.0,0.0,0.0,0.0,0.0,0.0,0.0,0.0,-3643.4375,-3643.428466796875,-3267.823043823242,0.0,131681.140625,21229.401123046875,-3902.862289428711,0.0,259.4375,-3643.428466796875,-614.585998650774,0.0,0.19740842282772064,-14.648226707123765,WA
8875132,WA,5306,341.7582702636719,1,0.0,13937.416015625,13937.416015625,1,0,0.0,0.0,45690.1953125,6411.3681640625,26407.625,0.0,0.0,32818.9931640625,0.0,0.0,0.0,0.0,0.0,0.0,0.0,0.0,0.0,0.0,0.0,0.0,0.0,0.0,0.0,0.0,0.0,0.0,0.0,0.0,0.0,0.0,0.0,0.0,0.0,0.0,0.0,0.0,0.0,0.0,0.0,0.0,0.0,0.0,0.0,0.0,0.0,0.0,0.0,0.0,0.0,0.0,0.0,0.0,0.0,0.0,0.0,0.0,0.0,0.0,0.0,0.0,0.0,0.0,0.0,0.0,0.0,0.0,0.0,0.0,0.0,0.0,0.0,0.0,0.0,0.0,0.0,0.0,0.0,0.0,0.0,0.0,0.0,0.0,0.0,0.0,0.0,0.0,0.0,0.0,0.0,0.0,0.0,0.0,0.0,0.0,45690.1953125,32818.9931640625,0.0,0.0,0.0,0.0,0.0,0.0,0.0,0.0,WA
8875133,WA,5306,0.11392077058553696,4,2.0,205757.03515625,280253.15625,4,0,53608.8984375,0.0,214190.1875,0.0,0.0,0.0,0.0,0.0,0.0,0.0,0.0,0.0,0.0,0.0,0.0,0.0,0.0,0.0,0.0,0.0,0.0,0.0,0.0,0.0,-4400.0,0.0,4400.0,0.0,0.0,0.0,0.0,0.0,-5669.8203125,0.0,5669.828125,0.0,-6642.58984375,0.0,6642.59375,0.0,0.0,0.0,0.0,0.0,0.0,0.0,0.0,0.0,0.0,0.0,0.0,0.0,0.0,0.0,0.0,0.0,0.0,0.0,0.0,0.0,0.0,0.0,0.0,0.0,0.0,0.0,0.0,0.0,0.0,0.0,0.0,0.0,0.0,0.0,0.0,0.0,0.0,0.0,0.0,0.0,0.0,0.0,0.0,0.0,0.0,0.0,0.0,0.0,0.0,0.0,0.0,0.0,36896.48828125,0.0,230902.609375,0.0,-16712.41015625,0.0,16712.421875,0.0,-31.17469420815312,0.0,7.802608489990234,0.0,WA
8875134,WA,5306,0.12131970375776291,2,0.0,1993.3154296875,240313.40625,2,0,41618.73046875,0.0,337488.25,88716.875,0.0,0.0,0.0,88716.875,-3711.59765625,0.0,3711.59375,0.0,0.0,0.0,0.0,0.0,0.0,0.0,0.0,0.0,0.0,0.0,0.0,0.0,0.0,0.0,0.0,0.0,0.0,0.0,0.0,0.0,0.0,0.0,0.0,0.0,-3469.42578125,0.0,3469.4375,0.0,0.0,0.0,0.0,0.0,0.0,0.0,0.0,0.0,0.0,0.0,0.0,0.0,0.0,0.0,0.0,0.0,0.0,0.0,0.0,0.0,0.0,0.0,0.0,0.0,0.0,0.0,0.0,0.0,0.0,0.0,0.0,0.0,-1447.86328125,0.0,1447.84375,0.0,0.0,0.0,0.0,0.0,0.0,0.0,0.0,0.0,0.0,0.0,0.0,0.0,0.0,0.0,0.0,0.0,32989.84375,0.0,346117.125,88716.875,-8628.88671875,0.0,8628.875,0.0,-20.7331810018307,0.0,2.556792736053467,0.0,WA
8875135,WA,5306,0.1870037466287613,3,1.0,131235.970703125,132191.46875,3,0,13404.5849609375,0.0,143467.828125,0.0,0.0,0.0,0.0,0.0,-2204.9169921875,0.0,2204.921875,0.0,-1604.69140625,0.0,1604.6875,0.0,1908.0,0.0,-1908.0,0.0,0.0,0.0,0.0,0.0,-2200.0,0.0,2200.0,0.0,0.0,0.0,0.0,0.0,0.0,0.0,0.0,0.0,0.0,0.0,0.0,0.0,0.0,0.0,0.0,0.0,0.0,0.0,0.0,0.0,-153.33984375,0.0,153.34375,0.0,0.0,0.0,0.0,0.0,0.0,0.0,0.0,0.0,0.0,0.0,0.0,0.0,-194.3994140625,0.0,194.40625,0.0,0.0,0.0,0.0,0.0,0.0,0.0,0.0,0.0,-395.599609375,0.0,395.59375,0.0,0.0,0.0,0.0,0.0,0.0,0.0,0.0,0.0,0.0,0.0,0.0,0.0,8559.6376953125,0.0,148312.78125,0.0,-4844.947265625,0.0,4844.953125,0.0,-36.14395581619075,0.0,3.377031087875366,0.0,WA
8875136,WA,5306,0.12058667093515396,1,0.0,105294.53125,124445.8359375,1,0,20660.16015625,0.0,115593.625,0.0,0.0,0.0,0.0,0.0,-2894.21875,0.0,2894.21875,0.0,-383.857421875,0.0,383.8515625,0.0,1218.916015625,0.0,-1218.9140625,0.0,0.0,0.0,0.0,0.0,0.0,0.0,0.0,0.0,0.0,0.0,0.0,0.0,0.0,0.0,0.0,0.0,0.0,0.0,0.0,0.0,0.0,0.0,0.0,0.0,0.0,0.0,0.0,0.0,0.0,0.0,0.0,0.0,0.0,0.0,0.0,0.0,0.0,0.0,0.0,0.0,0.0,0.0,0.0,0.0,0.0,0.0,0.0,0.0,-2375.818359375,0.0,2375.8203125,0.0,0.0,0.0,0.0,0.0,0.0,0.0,0.0,0.0,0.0,0.0,0.0,0.0,0.0,0.0,0.0,0.0,0.0,0.0,0.0,0.0,16225.181640625,0.0,120028.6015625,0.0,-4434.978515625,0.0,4434.9765625,0.0,-21.466331732589953,0.0,3.8366966247558594,0.0,WA
8875137,WA,5306,0.18750421702861786,5,3.0,97592.85546875,110224.1796875,5,0,1012.26708984375,0.0,118689.765625,0.0,0.0,0.0,8430.76904296875,8430.76904296875,-316.45361328125,0.0,316.46875,0.0,0.0,0.0,0.0,0.0,3180.0,0.0,-3180.0,0.0,0.0,0.0,0.0,0.0,-3650.0,0.0,3650.0,0.0,0.0,0.0,0.0,0.0,-706.841796875,0.0,706.84375,0.0,0.0,0.0,0.0,0.0,0.0,0.0,0.0,0.0,0.0,0.0,0.0,0.0,0.0,0.0,0.0,0.0,0.0,0.0,0.0,0.0,0.0,0.0,0.0,0.0,0.0,0.0,0.0,0.0,0.0,0.0,0.0,0.0,0.0,0.0,0.0,0.0,0.0,0.0,0.0,0.0,0.0,0.0,0.0,0.0,0.0,0.0,0.0,0.0,0.0,0.0,0.0,0.0,0.0,0.0,0.0,0.0,-481.0283203125,0.0,120183.078125,8430.76904296875,-1493.29541015625,0.0,1493.3125,0.0,-147.51990113466496,0.0,1.258164405822754,0.0,WA
8875138,WA,5306,0.1279098242521286,3,1.0,161123.375,161168.875,3,0,20492.21875,0.0,136820.65625,0.0,0.0,0.0,0.0,0.0,-3361.06640625,0.0,3361.0625,0.0,-3432.0,0.0,3432.0,0.0,3498.0,0.0,-3498.0,0.0,0.0,0.0,0.0,0.0,-2200.0,0.0,2200.0,0.0,0.0,0.0,0.0,0.0,0.0,0.0,0.0,0.0,0.0,0.0,0.0,0.0,0.0,0.0,0.0,0.0,0.0,0.0,0.0,0.0,-123.326171875,0.0,123.328125,0.0,0.0,0.0,0.0,0.0,0.0,0.0,0.0,0.0,0.0,0.0,0.0,0.0,0.0,0.0,0.0,0.0,0.0,0.0,0.0,0.0,0.0,0.0,0.0,0.0,0.0,0.0,0.0,0.0,0.0,0.0,0.0,0.0,0.0,0.0,0.0,0.0,0.0,0.0,0.0,0.0,14873.826171875,0.0,142439.046875,0.0,-5618.392578125,0.0,5618.390625,0.0,-27.417199897522078,0.0,4.106390476226807,0.0,WA
8875139,WA,5306,0.13579916954040527,1,0.0,0.0,74883.375,1,0,9219.0068359375,0.0,103699.8984375,31651.900390625,0.0,0.0,0.0,31651.900390625,-1511.94970703125,0.0,1511.953125,0.0,-1716.0,0.0,1716.0,0.0,1166.0,0.0,-1166.0,0.0,0.0,0.0,0.0,0.0,0.0,0.0,0.0,0.0,0.0,0.0,0.0,0.0,0.0,0.0,0.0,0.0,0.0,0.0,0.0,0.0,0.0,0.0,0.0,0.0,0.0,0.0,0.0,0.0,-220.0,0.0,220.0,0.0,0.0,0.0,0.0,0.0,0.0,0.0,0.0,0.0,0.0,0.0,0.0,0.0,0.0,0.0,0.0,0.0,0.0,0.0,0.0,0.0,-1236.75,0.0,1236.75,0.0,0.0,0.0,0.0,0.0,0.0,0.0,0.0,0.0,0.0,0.0,0.0,0.0,0.0,0.0,0.0,0.0,5700.30712890625,0.0,107218.6015625,31651.900390625,-3518.69970703125,0.0,3518.703125,0.0,-38.1678826108976,0.0,3.393159866333008,0.0,WA
8875140,WA,5306,0.2212107926607132,2,0.0,170502.8359375,180843.7109375,2,0,26722.326171875,0.0,185664.078125,0.0,0.0,0.0,0.0,0.0,-4036.6796875,0.0,4036.6875,0.0,-2892.0302734375,0.0,2892.03125,0.0,2332.0,0.0,-2332.0,0.0,0.0,0.0,0.0,0.0,0.0,0.0,0.0,0.0,0.0,0.0,0.0,0.0,-303.2763671875,0.0,303.265625,0.0,0.0,0.0,0.0,0.0,0.0,0.0,0.0,0.0,0.0,0.0,0.0,0.0,0.0,0.0,0.0,0.0,0.0,0.0,0.0,0.0,0.0,0.0,0.0,0.0,0.0,0.0,0.0,0.0,0.0,0.0,0.0,0.0,0.0,0.0,0.0,0.0,0.0,0.0,0.0,0.0,-428.5,0.0,428.5,0.0,0.0,0.0,0.0,0.0,0.0,0.0,0.0,0.0,0.0,0.0,0.0,0.0,21393.83984375,0.0,190992.5625,0.0,-5328.486328125,0.0,5328.484375,0.0,-19.940203909842182,0.0,2.869959831237793,0.0,WA
8875141,WA,5306,68.58473205566406,1,0.0,0.0,152.16644287109375,1,0,0.0,0.0,27147.880859375,13915.6376953125,0.0,0.0,0.0,13915.6376953125,0.0,0.0,0.0,0.0,0.0,0.0,0.0,0.0,0.0,0.0,0.0,0.0,0.0,0.0,0.0,0.0,0.0,0.0,0.0,0.0,0.0,0.0,0.0,0.0,0.0,0.0,0.0,0.0,0.0,0.0,0.0,0.0,0.0,0.0,0.0,0.0,0.0,0.0,0.0,0.0,0.0,0.0,0.0,0.0,0.0,0.0,0.0,0.0,0.0,0.0,0.0,0.0,0.0,0.0,0.0,0.0,0.0,0.0,0.0,0.0,0.0,0.0,0.0,0.0,0.0,0.0,0.0,0.0,0.0,0.0,0.0,0.0,0.0,0.0,0.0,0.0,0.0,0.0,0.0,0.0,0.0,0.0,0.0,0.0,0.0,0.0,27147.880859375,13915.6376953125,0.0,0.0,0.0,0.0,0.0,0.0,0.0,0.0,WA
8875142,WA,5306,228.4666748046875,1,0.0,0.0,0.0,1,0,0.0,0.0,30977.697265625,4570.072265625,26407.625,0.0,0.0,30977.697265625,0.0,0.0,0.0,0.0,0.0,0.0,0.0,0.0,0.0,0.0,0.0,0.0,0.0,0.0,0.0,0.0,0.0,0.0,0.0,0.0,0.0,0.0,0.0,0.0,0.0,0.0,0.0,0.0,0.0,0.0,0.0,0.0,0.0,0.0,0.0,0.0,0.0,0.0,0.0,0.0,0.0,0.0,0.0,0.0,0.0,0.0,0.0,0.0,0.0,0.0,0.0,0.0,0.0,0.0,0.0,0.0,0.0,0.0,0.0,0.0,0.0,0.0,0.0,0.0,0.0,0.0,0.0,0.0,0.0,0.0,0.0,0.0,0.0,0.0,0.0,0.0,0.0,0.0,0.0,0.0,0.0,0.0,0.0,0.0,0.0,0.0,30977.697265625,30977.697265625,0.0,0.0,0.0,0.0,0.0,0.0,0.0,0.0,WA
8875143,WA,5306,0.12564752995967865,3,1.0,162026.578125,163554.984375,3,0,21688.74609375,0.0,139226.265625,0.0,0.0,0.0,0.0,0.0,-3432.650390625,0.0,3432.65625,0.0,-3431.9990234375,0.0,3432.0,0.0,3497.9990234375,0.0,-3498.0,0.0,0.0,0.0,0.0,0.0,-2200.0,0.0,2200.0,0.0,0.0,0.0,0.0,0.0,0.0,0.0,0.0,0.0,0.0,0.0,0.0,0.0,0.0,0.0,0.0,0.0,0.0,0.0,0.0,0.0,-440.0,0.0,440.0,0.0,0.0,0.0,0.0,0.0,0.0,0.0,0.0,0.0,0.0,0.0,0.0,0.0,0.0,0.0,0.0,0.0,0.0,0.0,0.0,0.0,0.0,0.0,0.0,0.0,0.0,0.0,0.0,0.0,0.0,0.0,0.0,0.0,0.0,0.0,0.0,0.0,0.0,0.0,0.0,0.0,15682.095703125,0.0,145232.921875,0.0,-6006.650390625,0.0,6006.65625,0.0,-27.694779424597183,0.0,4.314312934875488,0.0,WA
8875144,WA,5306,65.08146667480469,2,0.0,0.0,82.72702026367188,2,0,0.0,0.0,123982.609375,61930.4765625,0.0,0.0,0.0,61930.4765625,0.0,0.0,0.0,0.0,0.0,0.0,0.0,0.0,0.0,0.0,0.0,0.0,0.0,0.0,0.0,0.0,0.0,0.0,0.0,0.0,0.0,0.0,0.0,0.0,0.0,0.0,0.0,0.0,0.0,0.0,0.0,0.0,0.0,0.0,0.0,0.0,0.0,0.0,0.0,0.0,0.0,0.0,0.0,0.0,0.0,0.0,0.0,0.0,0.0,0.0,0.0,0.0,0.0,0.0,0.0,0.0,0.0,0.0,0.0,0.0,0.0,0.0,0.0,0.0,0.0,0.0,0.0,0.0,0.0,0.0,0.0,0.0,0.0,0.0,0.0,0.0,0.0,0.0,0.0,0.0,0.0,0.0,0.0,0.0,0.0,0.0,123982.609375,61930.4765625,0.0,0.0,0.0,0.0,0.0,0.0,0.0,0.0,WA
8875145,WA,5306,57.533416748046875,1,0.0,0.0,0.0,1,0,0.0,0.0,29021.169921875,2613.544677734375,26407.625,0.0,0.0,29021.169677734375,0.0,0.0,0.0,0.0,0.0,0.0,0.0,0.0,0.0,0.0,0.0,0.0,0.0,0.0,0.0,0.0,0.0,0.0,0.0,0.0,0.0,0.0,0.0,0.0,0.0,0.0,0.0,0.0,0.0,0.0,0.0,0.0,0.0,0.0,0.0,0.0,0.0,0.0,0.0,0.0,0.0,0.0,0.0,0.0,0.0,0.0,0.0,0.0,0.0,0.0,0.0,0.0,0.0,0.0,0.0,0.0,0.0,0.0,0.0,0.0,0.0,0.0,0.0,0.0,0.0,0.0,0.0,0.0,0.0,0.0,0.0,0.0,0.0,0.0,0.0,0.0,0.0,0.0,0.0,0.0,0.0,0.0,0.0,0.0,0.0,0.0,29021.169921875,29021.169677734375,0.0,0.0,0.0,0.0,0.0,0.0,0.0,0.0,WA
8875146,WA,5306,0.10378944873809814,1,0.0,20906.125,20906.125,1,0,730.6124877929688,0.0,18576.193359375,0.0,0.0,0.0,0.0,0.0,0.0,0.0,0.0,0.0,-730.6124877929688,0.0,730.61328125,0.0,480.61248779296875,0.0,-480.61328125,0.0,0.0,0.0,0.0,0.0,0.0,0.0,0.0,0.0,0.0,0.0,0.0,0.0,0.0,0.0,0.0,0.0,0.0,0.0,0.0,0.0,0.0,0.0,0.0,0.0,0.0,0.0,0.0,0.0,0.0,0.0,0.0,0.0,0.0,0.0,0.0,0.0,0.0,0.0,0.0,0.0,0.0,0.0,0.0,0.0,0.0,0.0,0.0,0.0,0.0,0.0,0.0,0.0,0.0,0.0,0.0,0.0,0.0,0.0,0.0,0.0,0.0,0.0,0.0,0.0,0.0,0.0,0.0,0.0,0.0,0.0,0.0,0.0,480.61248779296875,0.0,18826.193359375,0.0,-250.0,0.0,250.0,0.0,-34.21786571910357,0.0,1.345808506011963,0.0,WA
8875147,WA,5306,107.49917602539062,1,0.0,0.0,4136.35107421875,1,0,0.0,0.0,44797.53125,19501.171875,0.0,0.0,0.0,19501.171875,0.0,0.0,0.0,0.0,0.0,0.0,0.0,0.0,0.0,0.0,0.0,0.0,0.0,0.0,0.0,0.0,0.0,0.0,0.0,0.0,0.0,0.0,0.0,0.0,0.0,0.0,0.0,0.0,0.0,0.0,0.0,0.0,0.0,0.0,0.0,0.0,0.0,0.0,0.0,0.0,0.0,0.0,0.0,0.0,0.0,0.0,0.0,0.0,0.0,0.0,0.0,0.0,0.0,0.0,0.0,0.0,0.0,0.0,0.0,0.0,0.0,0.0,0.0,0.0,0.0,0.0,0.0,0.0,0.0,0.0,0.0,0.0,0.0,0.0,0.0,0.0,0.0,0.0,0.0,0.0,0.0,0.0,0.0,0.0,0.0,0.0,44797.53125,19501.171875,0.0,0.0,0.0,0.0,0.0,0.0,0.0,0.0,WA
8875148,WA,5306,0.13881076872348785,2,0.0,281007.953125,305994.0,2,0,59475.71875,0.0,269363.25,0.0,0.0,0.0,0.0,0.0,-7819.57421875,0.0,7819.5625,0.0,-2669.47265625,0.0,2669.46875,0.0,1919.888671875,0.0,-1919.90625,0.0,0.0,0.0,0.0,0.0,0.0,0.0,0.0,0.0,0.0,0.0,0.0,0.0,0.0,0.0,0.0,0.0,0.0,0.0,0.0,0.0,0.0,0.0,0.0,0.0,0.0,0.0,0.0,0.0,0.0,0.0,0.0,0.0,0.0,0.0,0.0,0.0,0.0,0.0,0.0,0.0,0.0,0.0,0.0,0.0,0.0,0.0,0.0,0.0,0.0,0.0,0.0,0.0,0.0,0.0,0.0,0.0,0.0,0.0,0.0,0.0,0.0,0.0,0.0,0.0,0.0,0.0,0.0,0.0,0.0,0.0,0.0,0.0,50906.560546875,0.0,277932.375,0.0,-8569.158203125,0.0,8569.125,0.0,-14.40782622425223,0.0,3.1812527179718018,0.0,WA
8875149,WA,5306,105.77666473388672,1,0.0,0.0,0.0,1,0,0.0,0.0,51963.96875,15210.619140625,26407.625,0.0,0.0,41618.244140625,0.0,0.0,0.0,0.0,0.0,0.0,0.0,0.0,0.0,0.0,0.0,0.0,0.0,0.0,0.0,0.0,0.0,0.0,0.0,0.0,0.0,0.0,0.0,0.0,0.0,0.0,0.0,0.0,0.0,0.0,0.0,0.0,0.0,0.0,0.0,0.0,0.0,0.0,0.0,0.0,0.0,0.0,0.0,0.0,0.0,0.0,0.0,0.0,0.0,0.0,0.0,0.0,0.0,0.0,0.0,0.0,0.0,0.0,0.0,0.0,0.0,0.0,0.0,0.0,0.0,0.0,0.0,0.0,0.0,0.0,0.0,0.0,0.0,0.0,0.0,0.0,0.0,0.0,0.0,0.0,0.0,0.0,0.0,0.0,0.0,0.0,51963.96875,41618.244140625,0.0,0.0,0.0,0.0,0.0,0.0,0.0,0.0,WA
8875150,WA,5306,429.80401611328125,3,0.0,0.0,0.0,3,0,0.0,0.0,110970.875,21000.08203125,79222.875,0.0,0.0,100222.95703125,0.0,0.0,0.0,0.0,0.0,0.0,0.0,0.0,0.0,0.0,0.0,0.0,0.0,0.0,0.0,0.0,0.0,0.0,0.0,0.0,0.0,0.0,0.0,0.0,0.0,0.0,0.0,0.0,0.0,0.0,0.0,0.0,0.0,0.0,0.0,0.0,0.0,0.0,0.0,0.0,0.0,0.0,0.0,0.0,0.0,0.0,0.0,0.0,0.0,0.0,0.0,0.0,0.0,0.0,0.0,0.0,0.0,0.0,0.0,0.0,0.0,0.0,0.0,0.0,0.0,0.0,0.0,0.0,0.0,0.0,0.0,0.0,0.0,0.0,0.0,0.0,0.0,0.0,0.0,0.0,0.0,0.0,0.0,0.0,0.0,0.0,110970.875,100222.95703125,0.0,0.0,0.0,0.0,0.0,0.0,0.0,0.0,WA
8875151,WA,5306,396.9502868652344,1,0.0,0.0,0.0,1,0,0.0,0.0,43631.625,12895.84375,26407.625,0.0,0.0,39303.46875,0.0,0.0,0.0,0.0,0.0,0.0,0.0,0.0,0.0,0.0,0.0,0.0,0.0,0.0,0.0,0.0,0.0,0.0,0.0,0.0,0.0,0.0,0.0,0.0,0.0,0.0,0.0,0.0,0.0,0.0,0.0,0.0,0.0,0.0,0.0,0.0,0.0,0.0,0.0,0.0,0.0,0.0,0.0,0.0,0.0,0.0,0.0,0.0,0.0,0.0,0.0,0.0,0.0,0.0,0.0,0.0,0.0,0.0,0.0,0.0,0.0,0.0,0.0,0.0,0.0,0.0,0.0,0.0,0.0,0.0,0.0,0.0,0.0,0.0,0.0,0.0,0.0,0.0,0.0,0.0,0.0,0.0,0.0,0.0,0.0,0.0,43631.625,39303.46875,0.0,0.0,0.0,0.0,0.0,0.0,0.0,0.0,WA
8875152,WA,5306,444.0996398925781,2,0.0,0.0,1164.784423828125,2,0,0.0,0.0,64583.73828125,7420.1396484375,52815.25,0.0,0.0,60235.3896484375,0.0,0.0,0.0,0.0,0.0,0.0,0.0,0.0,0.0,0.0,0.0,0.0,0.0,0.0,0.0,0.0,0.0,0.0,0.0,0.0,0.0,0.0,0.0,0.0,0.0,0.0,0.0,0.0,0.0,0.0,0.0,0.0,0.0,0.0,0.0,0.0,0.0,0.0,0.0,0.0,0.0,0.0,0.0,0.0,0.0,0.0,0.0,0.0,0.0,0.0,0.0,0.0,0.0,0.0,0.0,0.0,0.0,0.0,0.0,0.0,0.0,0.0,0.0,0.0,0.0,0.0,0.0,0.0,0.0,0.0,0.0,0.0,0.0,0.0,0.0,0.0,0.0,0.0,0.0,0.0,0.0,0.0,0.0,0.0,0.0,0.0,64583.73828125,60235.3896484375,0.0,0.0,0.0,0.0,0.0,0.0,0.0,0.0,WA
8875153,WA,5306,0.13011662662029266,2,0.0,148002.53125,156255.375,2,0,21188.84375,0.0,141067.25,0.0,0.0,0.0,0.0,0.0,-3372.662109375,0.0,3372.65625,0.0,-3431.9990234375,0.0,3432.0,0.0,2331.9990234375,0.0,-2332.0,0.0,0.0,0.0,0.0,0.0,0.0,0.0,0.0,0.0,0.0,0.0,0.0,0.0,-20.451171875,0.0,20.453125,0.0,0.0,0.0,0.0,0.0,0.0,0.0,0.0,0.0,0.0,0.0,0.0,0.0,-439.9990234375,0.0,440.0,0.0,0.0,0.0,0.0,0.0,0.0,0.0,0.0,0.0,0.0,0.0,0.0,0.0,0.0,0.0,0.0,0.0,-2701.203125,0.0,2701.203125,0.0,0.0,0.0,0.0,0.0,-184.05078125,0.0,184.046875,0.0,0.0,0.0,0.0,0.0,0.0,0.0,0.0,0.0,0.0,0.0,0.0,0.0,13370.4775390625,0.0,148885.609375,0.0,-7818.3662109375,0.0,7818.359375,0.0,-36.89850330288787,0.0,5.542292594909668,0.0,WA
8875154,WA,5306,0.10370303690433502,1,0.0,0.0,175831.3125,1,0,35128.69921875,0.0,149938.359375,5426.81884765625,0.0,0.0,0.0,5426.81884765625,-4598.9609375,0.0,4598.96875,0.0,-732.69921875,0.0,732.703125,0.0,132.69921875,0.0,-132.703125,0.0,0.0,0.0,0.0,0.0,0.0,0.0,0.0,0.0,0.0,0.0,0.0,0.0,-7459.755859375,0.0,7459.75,0.0,0.0,0.0,0.0,0.0,0.0,0.0,0.0,0.0,0.0,0.0,0.0,0.0,0.0,0.0,0.0,0.0,0.0,0.0,0.0,0.0,0.0,0.0,0.0,0.0,0.0,0.0,0.0,0.0,0.0,0.0,0.0,0.0,0.0,0.0,0.0,0.0,0.0,0.0,0.0,0.0,0.0,0.0,0.0,0.0,0.0,0.0,0.0,0.0,0.0,0.0,0.0,0.0,0.0,0.0,0.0,0.0,22469.982421875,0.0,162597.078125,5426.81884765625,-12658.716796875,0.0,12658.71875,0.0,-36.035256295850516,0.0,8.442614555358887,0.0,WA
8875155,WA,5306,0.15115855634212494,3,0.0,246930.8828125,247758.1640625,3,0,33401.673828125,0.0,207696.03125,0.0,0.0,0.0,0.0,0.0,-5253.2001953125,0.0,5253.203125,0.0,-3395.15673828125,0.0,3395.15625,0.0,3263.47900390625,0.0,-3263.484375,0.0,0.0,0.0,0.0,0.0,0.0,0.0,0.0,0.0,0.0,0.0,0.0,0.0,0.0,0.0,0.0,0.0,0.0,0.0,0.0,0.0,0.0,0.0,0.0,0.0,0.0,0.0,0.0,0.0,-440.0,0.0,440.0,0.0,0.0,0.0,0.0,0.0,0.0,0.0,0.0,0.0,0.0,0.0,0.0,0.0,0.0,0.0,0.0,0.0,0.0,0.0,0.0,0.0,0.0,0.0,0.0,0.0,0.0,0.0,0.0,0.0,0.0,0.0,0.0,0.0,0.0,0.0,0.0,0.0,0.0,0.0,0.0,0.0,27576.7958984375,0.0,213520.90625,0.0,-5824.8779296875,0.0,5824.875,0.0,-17.438880337735693,0.0,2.8045191764831543,0.0,WA
8875156,WA,5306,186.41165161132812,1,0.0,0.0,2852.131591796875,1,0,0.0,0.0,47487.3671875,10133.353515625,26407.625,0.0,0.0,36540.978515625,0.0,0.0,0.0,0.0,0.0,0.0,0.0,0.0,0.0,0.0,0.0,0.0,0.0,0.0,0.0,0.0,0.0,0.0,0.0,0.0,0.0,0.0,0.0,0.0,0.0,0.0,0.0,0.0,0.0,0.0,0.0,0.0,0.0,0.0,0.0,0.0,0.0,0.0,0.0,0.0,0.0,0.0,0.0,0.0,0.0,0.0,0.0,0.0,0.0,0.0,0.0,0.0,0.0,0.0,0.0,0.0,0.0,0.0,0.0,0.0,0.0,0.0,0.0,0.0,0.0,0.0,0.0,0.0,0.0,0.0,0.0,0.0,0.0,0.0,0.0,0.0,0.0,0.0,0.0,0.0,0.0,0.0,0.0,0.0,0.0,0.0,47487.3671875,36540.978515625,0.0,0.0,0.0,0.0,0.0,0.0,0.0,0.0,WA
8875157,WA,5306,0.2710955739021301,2,0.0,75494.3359375,75380.04331207275,2,0,9936.083984375,0.0,68575.921875,0.0,8792.986328125,0.0,0.0,8792.986328125,-1607.330078125,0.0,1607.328125,0.0,-1716.0,0.0,1716.0,0.0,1166.0,0.0,-1166.0,0.0,0.0,0.0,0.0,0.0,0.0,0.0,0.0,0.0,0.0,0.0,0.0,0.0,0.0,0.0,0.0,0.0,0.0,0.0,0.0,0.0,0.0,0.0,0.0,0.0,0.0,0.0,0.0,0.0,0.0,0.0,0.0,0.0,0.0,0.0,0.0,0.0,0.0,0.0,0.0,0.0,0.0,0.0,0.0,0.0,0.0,0.0,0.0,0.0,0.0,0.0,0.0,0.0,0.0,0.0,0.0,0.0,-266.326171875,0.0,266.328125,0.0,0.0,0.0,0.0,0.0,0.0,0.0,0.0,0.0,0.0,0.0,0.0,0.0,7512.427734375,0.0,70999.578125,8792.986328125,-2423.65625,0.0,2423.65625,0.0,-24.392469445823156,0.0,3.5342671871185303,0.0,WA
8875158,WA,5306,23.30691146850586,2,0.0,0.0,28.08690643310547,2,0,0.0,0.0,9488.859375,660.0,8792.986328125,0.0,0.0,9452.986328125,0.0,0.0,0.0,0.0,0.0,0.0,0.0,0.0,0.0,0.0,0.0,0.0,0.0,0.0,0.0,0.0,0.0,0.0,0.0,0.0,0.0,0.0,0.0,0.0,0.0,0.0,0.0,0.0,0.0,0.0,0.0,0.0,0.0,0.0,0.0,0.0,0.0,0.0,0.0,0.0,0.0,0.0,0.0,0.0,0.0,0.0,0.0,0.0,0.0,0.0,0.0,0.0,0.0,0.0,0.0,0.0,0.0,0.0,0.0,0.0,0.0,0.0,0.0,0.0,0.0,0.0,0.0,0.0,0.0,0.0,0.0,0.0,0.0,0.0,0.0,0.0,0.0,0.0,0.0,0.0,0.0,0.0,0.0,0.0,0.0,0.0,9488.859375,9452.986328125,0.0,0.0,0.0,0.0,0.0,0.0,0.0,0.0,WA
8875159,WA,5306,172.96646118164062,1,0.0,0.0,2.4818105697631836,1,0,0.0,0.0,45547.6015625,10634.783203125,26407.625,0.0,0.0,37042.408203125,0.0,0.0,0.0,0.0,0.0,0.0,0.0,0.0,0.0,0.0,0.0,0.0,0.0,0.0,0.0,0.0,0.0,0.0,0.0,0.0,0.0,0.0,0.0,0.0,0.0,0.0,0.0,0.0,0.0,0.0,0.0,0.0,0.0,0.0,0.0,0.0,0.0,0.0,0.0,0.0,0.0,0.0,0.0,0.0,0.0,0.0,0.0,0.0,0.0,0.0,0.0,0.0,0.0,0.0,0.0,0.0,0.0,0.0,0.0,0.0,0.0,0.0,0.0,0.0,0.0,0.0,0.0,0.0,0.0,0.0,0.0,0.0,0.0,0.0,0.0,0.0,0.0,0.0,0.0,0.0,0.0,0.0,0.0,0.0,0.0,0.0,45547.6015625,37042.408203125,0.0,0.0,0.0,0.0,0.0,0.0,0.0,0.0,WA
8875160,WA,5306,45.26150894165039,1,0.0,0.0,2.4818105697631836,1,0,0.0,0.0,38812.8828125,19713.458984375,0.0,0.0,0.0,19713.458984375,0.0,0.0,0.0,0.0,0.0,0.0,0.0,0.0,0.0,0.0,0.0,0.0,0.0,0.0,0.0,0.0,0.0,0.0,0.0,0.0,0.0,0.0,0.0,0.0,0.0,0.0,0.0,0.0,0.0,0.0,0.0,0.0,0.0,0.0,0.0,0.0,0.0,0.0,0.0,0.0,0.0,0.0,0.0,0.0,0.0,0.0,0.0,0.0,0.0,0.0,0.0,0.0,0.0,0.0,0.0,0.0,0.0,0.0,0.0,0.0,0.0,0.0,0.0,0.0,0.0,0.0,0.0,0.0,0.0,0.0,0.0,0.0,0.0,0.0,-287.6796875,-287.68359375,0.0,0.0,0.0,0.0,0.0,0.0,0.0,0.0,0.0,0.0,38525.203125,19425.775390625,0.0,0.0,-287.6796875,-287.68359375,0.0,0.0,-0.7411963939666748,-1.4593258036452135,WA
8875161,WA,5306,0.10667002946138382,4,2.0,0.0,165887.890625,4,0,20766.916015625,0.0,137496.859375,0.0,0.0,0.0,0.0,0.0,-3341.63671875,0.0,3341.640625,0.0,-3024.001953125,0.0,3024.0,0.0,4256.005859375,0.0,-4256.0,0.0,0.0,0.0,0.0,0.0,-4399.9990234375,0.0,4400.0,0.0,0.0,0.0,0.0,0.0,-3566.1171875,0.0,3566.109375,0.0,0.0,0.0,0.0,0.0,0.0,0.0,0.0,0.0,0.0,0.0,0.0,0.0,-440.0,0.0,440.0,0.0,0.0,0.0,0.0,0.0,0.0,0.0,0.0,0.0,0.0,0.0,0.0,0.0,0.0,0.0,0.0,0.0,0.0,0.0,0.0,0.0,0.0,0.0,0.0,0.0,-359.70703125,0.0,359.703125,0.0,0.0,0.0,0.0,0.0,0.0,0.0,0.0,0.0,0.0,0.0,0.0,0.0,9891.4599609375,0.0,148372.3125,0.0,-10875.4560546875,0.0,10875.453125,0.0,-52.36914352860492,0.0,7.909601211547852,0.0,WA
8875162,WA,5306,0.021144729107618332,4,1.0,145712.501953125,145872.990234375,4,0,12543.448364257814,0.0,122888.4375,0.0,0.0,0.0,0.0,0.0,-1914.6893310546893,0.0,1914.6875,0.0,-2700.4822998046875,0.0,2700.484375,0.0,2438.0,0.0,-2438.0,0.0,0.0,0.0,0.0,0.0,-1600.0,0.0,1600.0,0.0,0.0,0.0,0.0,0.0,0.0,0.0,0.0,0.0,0.0,0.0,0.0,0.0,0.0,0.0,0.0,0.0,0.0,0.0,0.0,0.0,-77.494140625,0.0,77.4921875,0.0,0.0,0.0,0.0,0.0,0.0,0.0,0.0,0.0,0.0,0.0,0.0,0.0,0.0,0.0,0.0,0.0,0.0,0.0,0.0,0.0,0.0,0.0,0.0,0.0,-164.6973876953125,0.0,164.6953125,0.0,0.0,0.0,0.0,0.0,0.0,0.0,0.0,0.0,0.0,0.0,0.0,0.0,8524.085205078125,0.0,126907.796875,0.0,-4019.3631591796893,0.0,4019.359375,0.0,-32.04352616966755,0.0,3.2707386016845703,0.0,WA
8875163,WA,5306,119.23468780517578,1,0.0,0.0,165.45404052734375,1,0,0.0,0.0,42191.578125,21282.974609375,0.0,0.0,0.0,21282.974609375,0.0,0.0,0.0,0.0,0.0,0.0,0.0,0.0,0.0,0.0,0.0,0.0,0.0,0.0,0.0,0.0,0.0,0.0,0.0,0.0,0.0,0.0,0.0,0.0,0.0,0.0,0.0,0.0,0.0,0.0,0.0,0.0,0.0,0.0,0.0,0.0,0.0,0.0,0.0,0.0,0.0,0.0,0.0,0.0,0.0,0.0,0.0,0.0,0.0,0.0,0.0,0.0,0.0,0.0,0.0,0.0,0.0,0.0,0.0,0.0,0.0,0.0,0.0,0.0,0.0,0.0,0.0,0.0,0.0,0.0,0.0,0.0,0.0,0.0,0.0,0.0,0.0,0.0,0.0,0.0,0.0,0.0,0.0,0.0,0.0,0.0,42191.578125,21282.974609375,0.0,0.0,0.0,0.0,0.0,0.0,0.0,0.0,WA
8875164,WA,5306,124.99024963378906,1,0.0,0.0,0.0,1,0,0.0,0.0,51870.25390625,26078.96875,0.0,0.0,0.0,26078.96875,0.0,0.0,0.0,0.0,0.0,0.0,0.0,0.0,0.0,0.0,0.0,0.0,0.0,0.0,0.0,0.0,0.0,0.0,0.0,0.0,0.0,0.0,0.0,0.0,0.0,0.0,0.0,0.0,0.0,0.0,0.0,0.0,0.0,0.0,0.0,0.0,0.0,0.0,0.0,0.0,0.0,0.0,0.0,0.0,0.0,0.0,0.0,0.0,0.0,0.0,0.0,0.0,0.0,0.0,0.0,0.0,0.0,0.0,0.0,0.0,0.0,0.0,0.0,0.0,0.0,0.0,0.0,0.0,0.0,0.0,0.0,0.0,0.0,0.0,0.0,0.0,0.0,0.0,0.0,0.0,0.0,0.0,0.0,0.0,0.0,0.0,51870.25390625,26078.96875,0.0,0.0,0.0,0.0,0.0,0.0,0.0,0.0,WA
8875165,WA,5306,0.1783604919910431,3,0.0,180312.88671875,180313.71484375,3,0,20422.41796875,0.0,162558.734375,0.0,8792.986328125,0.0,0.0,8792.986328125,-3280.68994140625,0.0,3280.6875,0.0,-1402.888671875,0.0,1402.890625,0.0,1888.41796875,0.0,-1888.40625,0.0,0.0,0.0,0.0,0.0,0.0,0.0,0.0,0.0,0.0,0.0,0.0,0.0,0.0,0.0,0.0,0.0,0.0,0.0,0.0,0.0,0.0,0.0,0.0,0.0,0.0,0.0,0.0,0.0,-220.0,0.0,220.0,0.0,0.0,0.0,0.0,0.0,0.0,0.0,0.0,0.0,0.0,0.0,0.0,0.0,0.0,0.0,0.0,0.0,0.0,0.0,0.0,0.0,0.0,0.0,0.0,0.0,-480.8623046875,0.0,480.859375,0.0,0.0,0.0,0.0,0.0,0.0,0.0,0.0,0.0,0.0,0.0,0.0,0.0,16926.39501953125,0.0,166054.765625,8792.986328125,-3496.02294921875,0.0,3496.03125,0.0,-17.11855547451971,0.0,2.1506264209747314,0.0,WA
8875166,WA,5306,300.842529296875,3,2.0,0.0,0.0,3,0,0.0,0.0,51035.5625,17341.08203125,33694.48193359375,0.0,0.0,51035.56396484375,0.0,0.0,0.0,0.0,0.0,0.0,0.0,0.0,0.0,0.0,0.0,0.0,0.0,0.0,0.0,0.0,0.0,0.0,0.0,0.0,0.0,0.0,0.0,0.0,0.0,0.0,0.0,0.0,0.0,0.0,0.0,0.0,0.0,0.0,0.0,0.0,0.0,0.0,0.0,0.0,0.0,0.0,0.0,0.0,0.0,0.0,0.0,0.0,0.0,0.0,0.0,0.0,0.0,0.0,0.0,0.0,0.0,0.0,0.0,0.0,0.0,0.0,0.0,0.0,0.0,0.0,0.0,0.0,0.0,0.0,0.0,0.0,0.0,0.0,0.0,0.0,0.0,0.0,0.0,0.0,0.0,0.0,0.0,0.0,0.0,0.0,51035.5625,51035.56396484375,0.0,0.0,0.0,0.0,0.0,0.0,0.0,0.0,WA
8875167,WA,5306,513.8240966796875,2,1.0,0.0,0.0,2,0,0.0,0.0,49359.765625,19308.7109375,30051.053466796875,0.0,0.0,49359.764404296875,0.0,0.0,0.0,0.0,0.0,0.0,0.0,0.0,0.0,0.0,0.0,0.0,0.0,0.0,0.0,0.0,0.0,0.0,0.0,0.0,0.0,0.0,0.0,0.0,0.0,0.0,0.0,0.0,0.0,0.0,0.0,0.0,0.0,0.0,0.0,0.0,0.0,0.0,0.0,0.0,0.0,0.0,0.0,0.0,0.0,0.0,0.0,0.0,0.0,0.0,0.0,0.0,0.0,0.0,0.0,0.0,0.0,0.0,0.0,0.0,0.0,0.0,0.0,0.0,0.0,0.0,0.0,0.0,0.0,0.0,0.0,0.0,0.0,0.0,-5831.8203125,-5831.818359375,0.0,0.0,0.0,0.0,0.0,0.0,0.0,0.0,0.0,0.0,43527.9453125,43527.946044921875,0.0,0.0,-5831.8203125,-5831.818359375,0.0,0.0,-11.814927101135254,-11.814923409292707,WA
8875168,WA,5306,90.66412353515625,1,0.0,0.0,496.36212158203125,1,0,0.0,0.0,58872.9765625,28603.2734375,0.0,0.0,0.0,28603.2734375,0.0,0.0,0.0,0.0,0.0,0.0,0.0,0.0,0.0,0.0,0.0,0.0,0.0,0.0,0.0,0.0,0.0,0.0,0.0,0.0,0.0,0.0,0.0,0.0,0.0,0.0,0.0,0.0,0.0,0.0,0.0,0.0,0.0,0.0,0.0,0.0,0.0,0.0,0.0,0.0,0.0,0.0,0.0,0.0,0.0,0.0,0.0,0.0,0.0,0.0,0.0,0.0,0.0,0.0,0.0,0.0,0.0,0.0,0.0,0.0,0.0,0.0,0.0,0.0,0.0,0.0,0.0,0.0,0.0,0.0,0.0,0.0,0.0,0.0,0.0,0.0,0.0,0.0,0.0,0.0,0.0,0.0,0.0,0.0,0.0,0.0,58872.9765625,28603.2734375,0.0,0.0,0.0,0.0,0.0,0.0,0.0,0.0,WA
8875169,WA,5306,0.1665067970752716,2,0.0,153547.046875,156384.578125,2,0,19304.1328125,0.0,135725.546875,0.0,0.0,0.0,0.0,0.0,-3146.49609375,0.0,3146.5,0.0,-1745.029296875,0.0,1745.03125,0.0,2332.0,0.0,-2332.0,0.0,0.0,0.0,0.0,0.0,0.0,0.0,0.0,0.0,0.0,0.0,0.0,0.0,0.0,0.0,0.0,0.0,0.0,0.0,0.0,0.0,0.0,0.0,0.0,0.0,0.0,0.0,0.0,0.0,-440.0,0.0,440.0,0.0,0.0,0.0,0.0,0.0,0.0,0.0,0.0,0.0,0.0,0.0,0.0,0.0,0.0,0.0,0.0,0.0,0.0,0.0,0.0,0.0,0.0,0.0,0.0,0.0,-164.9072265625,0.0,164.90625,0.0,0.0,0.0,0.0,0.0,0.0,0.0,0.0,0.0,0.0,0.0,0.0,0.0,16139.7001953125,0.0,138889.984375,0.0,-3164.4326171875,0.0,3164.4375,0.0,-16.39251370638331,0.0,2.3314974308013916,0.0,WA
8875170,WA,5306,0.09872735291719437,4,2.0,0.0,36122.85546875,4,0,2770.92822265625,0.0,51693.6953125,2261.924560546875,16079.84326171875,0.0,0.0,18341.767822265625,-316.185546875,0.0,316.1875,0.0,-936.0,0.0,936.0,0.0,636.0,0.0,-636.0,0.0,0.0,0.0,0.0,0.0,0.0,0.0,0.0,0.0,0.0,0.0,0.0,0.0,-600.0,0.0,600.0,0.0,0.0,0.0,0.0,0.0,0.0,0.0,0.0,0.0,0.0,0.0,0.0,0.0,0.0,0.0,0.0,0.0,0.0,0.0,0.0,0.0,0.0,0.0,0.0,0.0,0.0,0.0,0.0,0.0,0.0,0.0,0.0,0.0,0.0,0.0,0.0,0.0,0.0,0.0,0.0,0.0,-142.6748046875,0.0,142.67578125,0.0,0.0,0.0,0.0,0.0,0.0,0.0,0.0,0.0,0.0,0.0,0.0,0.0,1412.06787109375,0.0,53052.55859375,18341.767822265625,-1358.8603515625,0.0,1358.86328125,0.0,-49.039897188671226,0.0,2.628682851791382,0.0,WA
8875171,WA,5306,129.1419219970703,1,0.0,0.0,0.0,1,0,0.0,0.0,48864.1953125,24575.939453125,0.0,0.0,0.0,24575.939453125,0.0,0.0,0.0,0.0,0.0,0.0,0.0,0.0,0.0,0.0,0.0,0.0,0.0,0.0,0.0,0.0,0.0,0.0,0.0,0.0,0.0,0.0,0.0,0.0,0.0,0.0,0.0,0.0,0.0,0.0,0.0,0.0,0.0,0.0,0.0,0.0,0.0,0.0,0.0,0.0,0.0,0.0,0.0,0.0,0.0,0.0,0.0,0.0,0.0,0.0,0.0,0.0,0.0,0.0,0.0,0.0,0.0,0.0,0.0,0.0,0.0,0.0,0.0,0.0,0.0,0.0,0.0,0.0,0.0,0.0,0.0,0.0,0.0,0.0,0.0,0.0,0.0,0.0,0.0,0.0,0.0,0.0,0.0,0.0,0.0,0.0,48864.1953125,24575.939453125,0.0,0.0,0.0,0.0,0.0,0.0,0.0,0.0,WA
8875172,WA,5306,243.44635009765625,2,0.0,0.0,0.0,2,0,0.0,0.0,9122.986328125,330.0,8792.986328125,0.0,0.0,9122.986328125,0.0,0.0,0.0,0.0,0.0,0.0,0.0,0.0,0.0,0.0,0.0,0.0,0.0,0.0,0.0,0.0,0.0,0.0,0.0,0.0,0.0,0.0,0.0,0.0,0.0,0.0,0.0,0.0,0.0,0.0,0.0,0.0,0.0,0.0,0.0,0.0,0.0,0.0,0.0,0.0,0.0,0.0,0.0,0.0,0.0,0.0,0.0,0.0,0.0,0.0,0.0,0.0,0.0,0.0,0.0,0.0,0.0,0.0,0.0,0.0,0.0,0.0,0.0,0.0,0.0,0.0,0.0,0.0,0.0,0.0,0.0,0.0,0.0,0.0,0.0,0.0,0.0,0.0,0.0,0.0,0.0,0.0,0.0,0.0,0.0,0.0,9122.986328125,9122.986328125,0.0,0.0,0.0,0.0,0.0,0.0,0.0,0.0,WA
8875173,WA,5306,0.21991555392742157,6,3.9999999999999996,242383.0,271337.46875,6,0,50888.4375,0.0,229830.109375,0.0,0.0,0.0,0.0,0.0,0.0,0.0,0.0,0.0,0.0,0.0,0.0,0.0,0.0,0.0,0.0,0.0,0.0,0.0,0.0,0.0,-8800.0,0.0,8800.0,0.0,0.0,0.0,0.0,0.0,0.0,0.0,0.0,0.0,-7488.62109375,0.0,7488.609375,0.0,0.0,0.0,0.0,0.0,0.0,0.0,0.0,0.0,0.0,0.0,0.0,0.0,0.0,0.0,0.0,0.0,0.0,0.0,0.0,0.0,0.0,0.0,0.0,0.0,0.0,0.0,0.0,0.0,0.0,0.0,0.0,0.0,0.0,0.0,0.0,0.0,0.0,0.0,0.0,0.0,0.0,0.0,0.0,0.0,0.0,0.0,0.0,0.0,0.0,0.0,0.0,0.0,34599.81640625,0.0,246118.71875,0.0,-16288.62109375,0.0,16288.609375,0.0,-32.00849130757846,0.0,7.087238788604736,0.0,WA
8875174,WA,5306,0.1879865825176239,3,1.0,139374.15625,210707.40625,3,0,33045.73828125,0.0,200372.578125,0.0,0.0,0.0,0.0,0.0,-4792.138671875,0.0,4792.140625,0.0,-1842.1875,0.0,1842.1875,0.0,1908.1875,0.0,-1908.1875,0.0,0.0,0.0,0.0,0.0,-2200.0,0.0,2200.0,0.0,0.0,0.0,0.0,0.0,0.0,0.0,0.0,0.0,0.0,0.0,0.0,0.0,0.0,0.0,0.0,0.0,0.0,0.0,0.0,0.0,-118.806640625,0.0,118.8125,0.0,0.0,0.0,0.0,0.0,0.0,0.0,0.0,0.0,0.0,0.0,0.0,0.0,0.0,0.0,0.0,0.0,0.0,0.0,0.0,0.0,-518.66015625,0.0,518.65625,0.0,0.0,0.0,0.0,0.0,0.0,0.0,0.0,0.0,0.0,0.0,0.0,0.0,0.0,0.0,0.0,0.0,25482.1328125,0.0,207936.1875,0.0,-7563.60546875,0.0,7563.609375,0.0,-22.888293202520323,0.0,3.7747726440429688,0.0,WA
8875175,WA,5306,610.4439697265625,2,0.0,0.0,1454.0142798423767,2,0,0.0,0.0,81118.71875,42807.3203125,0.0,0.0,0.0,42807.3203125,0.0,0.0,0.0,0.0,0.0,0.0,0.0,0.0,0.0,0.0,0.0,0.0,0.0,0.0,0.0,0.0,0.0,0.0,0.0,0.0,0.0,0.0,0.0,0.0,0.0,0.0,0.0,0.0,0.0,0.0,0.0,0.0,0.0,0.0,0.0,0.0,0.0,0.0,0.0,0.0,0.0,0.0,0.0,0.0,0.0,0.0,0.0,0.0,0.0,0.0,0.0,0.0,0.0,0.0,0.0,0.0,0.0,0.0,0.0,0.0,0.0,0.0,0.0,0.0,0.0,0.0,0.0,0.0,0.0,0.0,0.0,0.0,0.0,0.0,0.0,0.0,0.0,0.0,0.0,0.0,0.0,0.0,0.0,0.0,0.0,0.0,81118.71875,42807.3203125,0.0,0.0,0.0,0.0,0.0,0.0,0.0,0.0,WA
8875176,WA,5306,0.11531899124383926,5,1.0,367369.484375,451649.7265625,5,0,100699.275390625,0.0,436100.9375,32241.62890625,26407.625,0.0,0.0,58649.25390625,-1521.47314453125,0.0,1521.5,0.0,-1716.0,0.0,1716.0,0.0,1166.0,0.0,-1166.0,0.0,0.0,0.0,0.0,0.0,-2200.0,0.0,2200.0,0.0,0.0,0.0,0.0,0.0,0.0,0.0,0.0,0.0,-23262.21875,0.0,23262.21875,0.0,0.0,0.0,0.0,0.0,0.0,0.0,0.0,0.0,-480.0,0.0,480.0,0.0,0.0,0.0,0.0,0.0,0.0,0.0,0.0,0.0,0.0,0.0,0.0,0.0,0.0,0.0,0.0,0.0,0.0,0.0,0.0,0.0,-1320.0,0.0,1320.0,0.0,-1213.24462890625,0.0,1213.21875,0.0,0.0,0.0,0.0,0.0,0.0,0.0,0.0,0.0,0.0,0.0,0.0,0.0,70152.3388671875,0.0,466647.875,58649.25390625,-30546.9365234375,0.0,30546.9375,0.0,-30.334812643827018,0.0,7.004556655883789,0.0,WA
8875177,WA,5306,162.03965759277344,1,0.0,0.0,0.0,1,0,0.0,0.0,51453.8984375,25870.791015625,0.0,0.0,0.0,25870.791015625,0.0,0.0,0.0,0.0,0.0,0.0,0.0,0.0,0.0,0.0,0.0,0.0,0.0,0.0,0.0,0.0,0.0,0.0,0.0,0.0,0.0,0.0,0.0,0.0,0.0,0.0,0.0,0.0,0.0,0.0,0.0,0.0,0.0,0.0,0.0,0.0,0.0,0.0,0.0,0.0,0.0,0.0,0.0,0.0,0.0,0.0,0.0,0.0,0.0,0.0,0.0,0.0,0.0,0.0,0.0,0.0,0.0,0.0,0.0,0.0,0.0,0.0,0.0,0.0,0.0,0.0,0.0,0.0,0.0,0.0,0.0,0.0,0.0,0.0,0.0,0.0,0.0,0.0,0.0,0.0,0.0,0.0,0.0,0.0,0.0,0.0,51453.8984375,25870.791015625,0.0,0.0,0.0,0.0,0.0,0.0,0.0,0.0,WA
8875178,WA,5306,0.15772102773189545,2,0.0,0.0,230928.578125,2,0,39049.921875,0.0,288372.75,73244.0703125,0.0,0.0,0.0,73244.0703125,-4754.9609375,0.0,4754.96875,0.0,0.0,0.0,0.0,0.0,0.0,0.0,0.0,0.0,0.0,0.0,0.0,0.0,0.0,0.0,0.0,0.0,0.0,0.0,0.0,0.0,0.0,0.0,0.0,0.0,-1890.1796875,0.0,1890.1875,0.0,0.0,0.0,0.0,0.0,0.0,0.0,0.0,0.0,-440.0,0.0,440.0,0.0,0.0,0.0,0.0,0.0,0.0,0.0,0.0,0.0,0.0,0.0,0.0,0.0,0.0,0.0,0.0,0.0,0.0,0.0,0.0,0.0,-1571.7421875,0.0,1571.75,0.0,0.0,0.0,0.0,0.0,0.0,0.0,0.0,0.0,0.0,0.0,0.0,0.0,0.0,0.0,0.0,0.0,30393.0390625,0.0,297029.65625,73244.0703125,-8656.8828125,0.0,8656.90625,0.0,-22.16875834018554,0.0,3.0019848346710205,0.0,WA
8875179,WA,5306,161.34207153320312,2,0.0,0.0,-404.0516061782837,2,0,0.0,0.0,91349.71875,45671.8203125,0.0,0.0,0.0,45671.8203125,0.0,0.0,0.0,0.0,0.0,0.0,0.0,0.0,0.0,0.0,0.0,0.0,0.0,0.0,0.0,0.0,0.0,0.0,0.0,0.0,0.0,0.0,0.0,0.0,0.0,0.0,0.0,0.0,0.0,0.0,0.0,0.0,0.0,0.0,0.0,0.0,0.0,0.0,0.0,0.0,0.0,0.0,0.0,0.0,0.0,0.0,0.0,0.0,0.0,0.0,0.0,0.0,0.0,0.0,0.0,0.0,0.0,0.0,0.0,0.0,0.0,0.0,0.0,0.0,0.0,0.0,0.0,0.0,0.0,0.0,0.0,0.0,0.0,0.0,0.0,0.0,0.0,0.0,0.0,0.0,0.0,0.0,0.0,0.0,0.0,0.0,91349.71875,45671.8203125,0.0,0.0,0.0,0.0,0.0,0.0,0.0,0.0,WA
8875180,WA,5306,0.20844149589538574,1,0.0,0.0,95689.0625,1,0,14472.265625,0.0,76964.625,0.0,0.0,0.0,0.0,0.0,-2151.671875,0.0,2151.671875,0.0,-1716.0,0.0,1716.0,0.0,1166.0,0.0,-1166.0,0.0,0.0,0.0,0.0,0.0,0.0,0.0,0.0,0.0,0.0,0.0,0.0,0.0,-1561.19921875,0.0,1561.203125,0.0,0.0,0.0,0.0,0.0,0.0,0.0,0.0,0.0,0.0,0.0,0.0,0.0,0.0,0.0,0.0,0.0,0.0,0.0,0.0,0.0,0.0,0.0,0.0,0.0,0.0,0.0,0.0,0.0,0.0,0.0,0.0,0.0,0.0,0.0,0.0,0.0,-1046.904296875,0.0,1046.90625,0.0,0.0,0.0,0.0,0.0,0.0,0.0,0.0,0.0,0.0,0.0,0.0,0.0,0.0,0.0,0.0,0.0,9162.490234375,0.0,82274.40625,0.0,-5309.775390625,0.0,5309.78125,0.0,-36.689316850657235,0.0,6.898989677429199,0.0,WA
8875181,WA,5306,0.23244644701480865,3,1.0,238332.796875,342692.90625,3,0,76942.5234375,0.0,254805.703125,0.0,0.0,0.0,0.0,0.0,0.0,0.0,0.0,0.0,0.0,0.0,0.0,0.0,0.0,0.0,0.0,0.0,0.0,0.0,0.0,0.0,-2200.0,0.0,2200.0,0.0,0.0,0.0,0.0,0.0,-8895.0390625,0.0,8895.046875,0.0,-14011.35546875,0.0,14011.34375,0.0,0.0,0.0,0.0,0.0,0.0,0.0,0.0,0.0,-480.0,0.0,480.0,0.0,0.0,0.0,0.0,0.0,0.0,0.0,0.0,0.0,0.0,0.0,0.0,0.0,0.0,0.0,0.0,0.0,0.0,0.0,0.0,0.0,0.0,0.0,0.0,0.0,0.0,0.0,0.0,0.0,0.0,0.0,0.0,0.0,0.0,0.0,0.0,0.0,0.0,0.0,0.0,0.0,51356.12890625,0.0,280392.09375,0.0,-25586.39453125,0.0,25586.390625,0.0,-33.253906147273284,0.0,10.041529655456543,0.0,WA
8875182,WA,5306,0.2211015522480011,4,2.0,420718.8125,425027.375,4,0,113735.875,0.0,320361.125,0.0,0.0,0.0,0.0,0.0,0.0,0.0,0.0,0.0,0.0,0.0,0.0,0.0,0.0,0.0,0.0,0.0,0.0,0.0,0.0,0.0,-3100.0,0.0,3100.0,0.0,0.0,0.0,0.0,0.0,0.0,0.0,0.0,0.0,-34134.5390625,0.0,34134.5625,0.0,0.0,0.0,0.0,0.0,0.0,0.0,0.0,0.0,0.0,0.0,0.0,0.0,0.0,0.0,0.0,0.0,0.0,0.0,0.0,0.0,0.0,0.0,0.0,0.0,0.0,0.0,0.0,0.0,0.0,0.0,0.0,0.0,0.0,0.0,0.0,0.0,0.0,0.0,0.0,0.0,0.0,0.0,0.0,0.0,0.0,0.0,0.0,0.0,0.0,0.0,0.0,0.0,76501.3359375,0.0,357595.6875,0.0,-37234.5390625,0.0,37234.5625,0.0,-32.737725948386995,0.0,11.622684478759766,0.0,WA
8875183,WA,5306,141.1912384033203,2,0.0,0.0,1341021.375,2,0,388252.8125,0.0,1014845.3125,48890.4140625,0.0,0.0,0.0,48890.4140625,-27051.75,0.0,27051.75,0.0,-5772.0,0.0,5772.0,0.0,0.0,0.0,0.0,0.0,0.0,0.0,0.0,0.0,0.0,0.0,0.0,0.0,0.0,0.0,0.0,0.0,-1752.625,0.0,1752.6875,0.0,0.0,0.0,0.0,0.0,0.0,0.0,0.0,0.0,0.0,0.0,0.0,0.0,0.0,0.0,0.0,0.0,0.0,0.0,0.0,0.0,0.0,0.0,0.0,0.0,0.0,0.0,0.0,0.0,0.0,0.0,0.0,0.0,0.0,0.0,0.0,0.0,0.0,0.0,0.0,0.0,0.0,0.0,0.0,0.0,0.0,0.0,0.0,0.0,0.0,0.0,0.0,0.0,0.0,0.0,0.0,0.0,353676.4375,0.0,1049421.75,48890.4140625,-34576.375,0.0,34576.4375,0.0,-8.905634134974875,0.0,3.407064914703369,0.0,WA
8875184,WA,5306,0.24291454255580902,2,0.0,90544.125,174704.15625,2,0,22957.2109375,0.0,166924.96875,0.0,0.0,0.0,0.0,0.0,-3072.9765625,0.0,3072.984375,0.0,-3432.0,0.0,3432.0,0.0,2332.0,0.0,-2332.0,0.0,0.0,0.0,0.0,0.0,0.0,0.0,0.0,0.0,0.0,0.0,0.0,0.0,0.0,0.0,0.0,0.0,0.0,0.0,0.0,0.0,0.0,0.0,0.0,0.0,0.0,0.0,0.0,0.0,0.0,0.0,0.0,0.0,0.0,0.0,0.0,0.0,0.0,0.0,0.0,0.0,0.0,0.0,0.0,0.0,0.0,0.0,0.0,0.0,-1269.876953125,0.0,1269.875,0.0,0.0,0.0,0.0,0.0,-749.041015625,0.0,749.046875,0.0,0.0,0.0,0.0,0.0,0.0,0.0,0.0,0.0,0.0,0.0,0.0,0.0,16765.31640625,0.0,173116.875,0.0,-6191.89453125,0.0,6191.90625,0.0,-26.97145811007775,0.0,3.709394931793213,0.0,WA
8875185,WA,5306,42.73908233642578,1,0.0,0.0,0.0,1,0,0.0,0.0,37185.22265625,18901.453125,0.0,0.0,0.0,18901.453125,0.0,0.0,0.0,0.0,0.0,0.0,0.0,0.0,0.0,0.0,0.0,0.0,0.0,0.0,0.0,0.0,0.0,0.0,0.0,0.0,0.0,0.0,0.0,0.0,0.0,0.0,0.0,0.0,0.0,0.0,0.0,0.0,0.0,0.0,0.0,0.0,0.0,0.0,0.0,0.0,0.0,0.0,0.0,0.0,0.0,0.0,0.0,0.0,0.0,0.0,0.0,0.0,0.0,0.0,0.0,0.0,0.0,0.0,0.0,0.0,0.0,0.0,0.0,0.0,0.0,0.0,0.0,0.0,0.0,0.0,0.0,0.0,0.0,0.0,0.0,0.0,0.0,0.0,0.0,0.0,0.0,0.0,0.0,0.0,0.0,0.0,37185.22265625,18901.453125,0.0,0.0,0.0,0.0,0.0,0.0,0.0,0.0,WA
8875186,WA,5306,0.26584962010383606,2,0.0,0.0,793503.8125,2,0,255588.15625,0.0,588161.75,18572.603515625,0.0,0.0,0.0,18572.603515625,-17788.546875,0.0,17788.5625,0.0,0.0,0.0,0.0,0.0,0.0,0.0,0.0,0.0,0.0,0.0,0.0,0.0,0.0,0.0,0.0,0.0,0.0,0.0,0.0,0.0,-1400.0,0.0,1400.0,0.0,-14835.03125,0.0,14835.0625,0.0,0.0,0.0,0.0,0.0,0.0,0.0,0.0,0.0,-700.0,0.0,700.0,0.0,0.0,0.0,0.0,0.0,0.0,0.0,0.0,0.0,0.0,0.0,0.0,0.0,0.0,0.0,0.0,0.0,0.0,0.0,0.0,0.0,0.0,0.0,0.0,0.0,0.0,0.0,0.0,0.0,0.0,0.0,0.0,0.0,0.0,0.0,0.0,0.0,0.0,0.0,0.0,0.0,220864.578125,0.0,622885.375,18572.603515625,-34723.578125,0.0,34723.625,0.0,-13.58575398581287,0.0,5.903754234313965,0.0,WA
8875187,WA,5306,9.869219779968262,1,0.0,0.0,17.3726749420166,1,0,0.0,0.0,36059.8515625,18182.15234375,0.0,0.0,0.0,18182.15234375,0.0,0.0,0.0,0.0,0.0,0.0,0.0,0.0,0.0,0.0,0.0,0.0,0.0,0.0,0.0,0.0,0.0,0.0,0.0,0.0,0.0,0.0,0.0,0.0,0.0,0.0,0.0,0.0,0.0,0.0,0.0,0.0,0.0,0.0,0.0,0.0,0.0,0.0,0.0,0.0,0.0,0.0,0.0,0.0,0.0,0.0,0.0,0.0,0.0,0.0,0.0,0.0,0.0,0.0,0.0,0.0,0.0,0.0,0.0,0.0,0.0,0.0,0.0,0.0,0.0,0.0,0.0,0.0,0.0,0.0,0.0,0.0,0.0,0.0,0.0,0.0,0.0,0.0,0.0,0.0,0.0,0.0,0.0,0.0,0.0,0.0,36059.8515625,18182.15234375,0.0,0.0,0.0,0.0,0.0,0.0,0.0,0.0,WA
8875188,WA,5306,79.52637481689453,1,0.0,0.0,0.0,1,0,0.0,0.0,49071.28515625,24679.484375,0.0,0.0,0.0,24679.484375,0.0,0.0,0.0,0.0,0.0,0.0,0.0,0.0,0.0,0.0,0.0,0.0,0.0,0.0,0.0,0.0,0.0,0.0,0.0,0.0,0.0,0.0,0.0,0.0,0.0,0.0,0.0,0.0,0.0,0.0,0.0,0.0,0.0,0.0,0.0,0.0,0.0,0.0,0.0,0.0,0.0,0.0,0.0,0.0,0.0,0.0,0.0,0.0,0.0,0.0,0.0,0.0,0.0,0.0,0.0,0.0,0.0,0.0,0.0,0.0,0.0,0.0,0.0,0.0,0.0,0.0,0.0,0.0,0.0,0.0,0.0,0.0,0.0,0.0,0.0,0.0,0.0,0.0,0.0,0.0,0.0,0.0,0.0,0.0,0.0,0.0,49071.28515625,24679.484375,0.0,0.0,0.0,0.0,0.0,0.0,0.0,0.0,WA
8875189,WA,5306,0.018888842314481735,1,0.0,73173.0,73182.1015625,1,0,9358.025390625,0.0,71005.0234375,0.0,0.0,0.0,0.0,0.0,-1537.962890625,0.0,1537.9609375,0.0,-1716.0,0.0,1716.0,0.0,1166.0,0.0,-1166.0,0.0,0.0,0.0,0.0,0.0,0.0,0.0,0.0,0.0,0.0,0.0,0.0,0.0,0.0,0.0,0.0,0.0,0.0,0.0,0.0,0.0,0.0,0.0,0.0,0.0,0.0,0.0,0.0,0.0,-220.0,0.0,220.0,0.0,0.0,0.0,0.0,0.0,0.0,0.0,0.0,0.0,0.0,0.0,0.0,0.0,0.0,0.0,0.0,0.0,-1505.818359375,0.0,1505.8203125,0.0,0.0,0.0,0.0,0.0,0.0,0.0,0.0,0.0,0.0,0.0,0.0,0.0,0.0,0.0,0.0,0.0,0.0,0.0,0.0,0.0,5544.244140625,0.0,74818.8046875,0.0,-3813.78125,0.0,3813.78125,0.0,-40.75412376868201,0.0,5.371142864227295,0.0,WA
8875190,WA,5306,0.10286896675825119,6,3.9999999999999996,1199843.96875,1272931.125,6,0,426725.59375000006,0.0,825859.625,0.0,0.0,0.0,0.0,0.0,-39321.09375000006,0.0,39321.0625,0.0,-5772.0,0.0,5772.0,0.0,0.0,0.0,0.0,0.0,0.0,0.0,0.0,0.0,0.0,0.0,0.0,0.0,0.0,0.0,0.0,0.0,-1850.0,0.0,1850.0,0.0,0.0,0.0,0.0,0.0,0.0,0.0,0.0,0.0,0.0,0.0,0.0,0.0,-740.0,0.0,740.0,0.0,0.0,0.0,0.0,0.0,0.0,0.0,0.0,0.0,0.0,0.0,0.0,0.0,0.0,0.0,0.0,0.0,0.0,0.0,0.0,0.0,0.0,0.0,0.0,0.0,0.0,0.0,0.0,0.0,0.0,0.0,0.0,0.0,0.0,0.0,0.0,0.0,0.0,0.0,0.0,0.0,379042.5,0.0,873542.6875,0.0,-47683.09375000006,0.0,47683.0625,0.0,-11.174181827475646,0.0,5.773749351501465,0.0,WA
8875191,WA,5306,0.086372010409832,3,1.0,149062.125,299077.28125,3,0,61338.73828125,0.0,388197.09375,18113.73828125,0.0,0.0,0.0,18113.73828125,0.0,0.0,0.0,0.0,0.0,0.0,0.0,0.0,0.0,0.0,0.0,0.0,0.0,0.0,0.0,0.0,-500.0,0.0,500.0,0.0,0.0,0.0,0.0,0.0,0.0,0.0,0.0,0.0,-11555.04296875,0.0,11555.0625,0.0,0.0,0.0,0.0,0.0,0.0,0.0,0.0,0.0,-309.796875,0.0,309.78125,0.0,0.0,0.0,0.0,0.0,0.0,0.0,0.0,0.0,0.0,0.0,0.0,0.0,0.0,0.0,0.0,0.0,0.0,0.0,0.0,0.0,0.0,0.0,0.0,0.0,0.0,0.0,0.0,0.0,0.0,0.0,0.0,0.0,0.0,0.0,0.0,0.0,0.0,0.0,0.0,0.0,48973.8984375,0.0,400561.9375,18113.73828125,-12364.83984375,0.0,12364.84375,0.0,-20.158288530577224,0.0,3.185197353363037,0.0,WA
8875192,WA,5306,0.18485252559185028,3,2.0,78328.2666015625,65202.6875,3,0,2582.03466796875,0.0,83690.0703125,0.0,0.0,0.0,5620.5126953125,5620.5126953125,-262.08056640625,0.0,262.0859375,0.0,-1718.0538330078125,0.0,1718.046875,0.0,1754.0538330078125,0.0,-1754.046875,0.0,0.0,0.0,0.0,0.0,-1700.000244140625,0.0,1700.0,0.0,-21.673583984375,0.0,21.671875,0.0,0.0,0.0,0.0,0.0,0.0,0.0,0.0,0.0,0.0,0.0,0.0,0.0,0.0,0.0,0.0,0.0,0.0,0.0,0.0,0.0,0.0,0.0,0.0,0.0,0.0,0.0,0.0,0.0,0.0,0.0,0.0,0.0,0.0,0.0,0.0,0.0,0.0,0.0,0.0,0.0,0.0,0.0,0.0,0.0,-49.0283203125,0.0,49.0234375,0.0,0.0,0.0,0.0,0.0,0.0,0.0,0.0,0.0,0.0,0.0,0.0,0.0,585.251953125,0.0,85686.8515625,5620.5126953125,-1996.78271484375,0.0,1996.78125,0.0,-77.33369112408512,0.0,2.3859238624572754,0.0,WA
8875193,WA,5306,0.12873947620391846,4,2.0,138844.5078125,171395.03125,4,0,12765.947265625,0.0,187101.203125,0.0,0.0,0.0,0.0,0.0,-2077.189453125,0.0,2077.1875,0.0,0.0,0.0,0.0,0.0,3904.630859375,0.0,-3904.640625,0.0,0.0,0.0,0.0,0.0,-4400.0,0.0,4400.0,0.0,0.0,0.0,0.0,0.0,0.0,0.0,0.0,0.0,0.0,0.0,0.0,0.0,0.0,0.0,0.0,0.0,0.0,0.0,0.0,0.0,0.0,0.0,0.0,0.0,0.0,0.0,0.0,0.0,0.0,0.0,0.0,0.0,0.0,0.0,0.0,0.0,-5.2802734375,0.0,5.28125,0.0,0.0,0.0,0.0,0.0,0.0,0.0,0.0,0.0,-124.1279296875,0.0,124.125,0.0,0.0,0.0,0.0,0.0,0.0,0.0,0.0,0.0,0.0,0.0,0.0,0.0,10063.98046875,0.0,189803.15625,0.0,-2701.966796875,0.0,2701.953125,0.0,-21.165423455497223,0.0,1.4441131353378296,0.0,WA
8875194,WA,5306,159.7073211669922,1,0.0,0.0,0.0,1,0,0.0,0.0,59742.90625,30209.8515625,0.0,0.0,0.0,30209.8515625,0.0,0.0,0.0,0.0,0.0,0.0,0.0,0.0,0.0,0.0,0.0,0.0,0.0,0.0,0.0,0.0,0.0,0.0,0.0,0.0,0.0,0.0,0.0,0.0,0.0,0.0,0.0,0.0,0.0,0.0,0.0,0.0,0.0,0.0,0.0,0.0,0.0,0.0,0.0,0.0,0.0,0.0,0.0,0.0,0.0,0.0,0.0,0.0,0.0,0.0,0.0,0.0,0.0,0.0,0.0,0.0,0.0,0.0,0.0,0.0,0.0,0.0,0.0,0.0,0.0,0.0,0.0,0.0,0.0,0.0,0.0,0.0,0.0,0.0,0.0,0.0,0.0,0.0,0.0,0.0,0.0,0.0,0.0,0.0,0.0,0.0,59742.90625,30209.8515625,0.0,0.0,0.0,0.0,0.0,0.0,0.0,0.0,WA
8875195,WA,5306,116.19220733642578,1,0.0,0.0,0.0,1,0,0.0,0.0,31446.171875,2684.273681640625,26407.625,0.0,0.0,29091.898681640625,0.0,0.0,0.0,0.0,0.0,0.0,0.0,0.0,0.0,0.0,0.0,0.0,0.0,0.0,0.0,0.0,0.0,0.0,0.0,0.0,0.0,0.0,0.0,0.0,0.0,0.0,0.0,0.0,0.0,0.0,0.0,0.0,0.0,0.0,0.0,0.0,0.0,0.0,0.0,0.0,0.0,0.0,0.0,0.0,0.0,0.0,0.0,0.0,0.0,0.0,0.0,0.0,0.0,0.0,0.0,0.0,0.0,0.0,0.0,0.0,0.0,0.0,0.0,0.0,0.0,0.0,0.0,0.0,0.0,0.0,0.0,0.0,0.0,0.0,0.0,0.0,0.0,0.0,0.0,0.0,0.0,0.0,0.0,0.0,0.0,0.0,31446.171875,29091.898681640625,0.0,0.0,0.0,0.0,0.0,0.0,0.0,0.0,WA
8875196,WA,5306,238.60519409179688,1,0.0,0.0,3307.640869140625,1,0,0.0,0.0,44833.75390625,22424.109375,0.0,0.0,0.0,22424.109375,0.0,0.0,0.0,0.0,0.0,0.0,0.0,0.0,0.0,0.0,0.0,0.0,0.0,0.0,0.0,0.0,0.0,0.0,0.0,0.0,0.0,0.0,0.0,0.0,0.0,0.0,0.0,0.0,0.0,0.0,0.0,0.0,0.0,0.0,0.0,0.0,0.0,0.0,0.0,0.0,0.0,0.0,0.0,0.0,0.0,0.0,0.0,0.0,0.0,0.0,0.0,0.0,0.0,0.0,0.0,0.0,0.0,0.0,0.0,0.0,0.0,0.0,0.0,0.0,0.0,0.0,0.0,0.0,0.0,0.0,0.0,0.0,0.0,0.0,0.0,0.0,0.0,0.0,0.0,0.0,0.0,0.0,0.0,0.0,0.0,0.0,44833.75390625,22424.109375,0.0,0.0,0.0,0.0,0.0,0.0,0.0,0.0,WA
8875197,WA,5306,96.52167510986328,1,0.0,0.0,24.818105697631836,1,0,0.0,0.0,59756.515625,30003.849609375,0.0,0.0,0.0,30003.849609375,0.0,0.0,0.0,0.0,0.0,0.0,0.0,0.0,0.0,0.0,0.0,0.0,0.0,0.0,0.0,0.0,0.0,0.0,0.0,0.0,0.0,0.0,0.0,0.0,0.0,0.0,0.0,0.0,0.0,0.0,0.0,0.0,0.0,0.0,0.0,0.0,0.0,0.0,0.0,0.0,0.0,0.0,0.0,0.0,0.0,0.0,0.0,0.0,0.0,0.0,0.0,0.0,0.0,0.0,0.0,0.0,0.0,0.0,0.0,0.0,0.0,0.0,0.0,0.0,0.0,0.0,0.0,0.0,0.0,0.0,0.0,0.0,0.0,0.0,0.0,0.0,0.0,0.0,0.0,0.0,0.0,0.0,0.0,0.0,0.0,0.0,59756.515625,30003.849609375,0.0,0.0,0.0,0.0,0.0,0.0,0.0,0.0,WA
8875198,WA,5306,0.09998506307601929,4,2.0,791756.59375,967366.875,4,0,305532.4375,0.0,663327.75,0.0,0.0,0.0,0.0,0.0,-31376.4375,0.0,31376.5,0.0,-5772.0,0.0,5772.0,0.0,0.0,0.0,0.0,0.0,0.0,0.0,0.0,0.0,0.0,0.0,0.0,0.0,0.0,0.0,0.0,0.0,-1850.0,0.0,1850.0,0.0,0.0,0.0,0.0,0.0,0.0,0.0,0.0,0.0,0.0,0.0,0.0,0.0,-740.0,0.0,740.0,0.0,0.0,0.0,0.0,0.0,0.0,0.0,0.0,0.0,0.0,0.0,0.0,0.0,0.0,0.0,0.0,0.0,0.0,0.0,0.0,0.0,0.0,0.0,0.0,0.0,0.0,0.0,0.0,0.0,0.0,0.0,0.0,0.0,0.0,0.0,0.0,0.0,0.0,0.0,0.0,0.0,265794.0,0.0,703066.25,0.0,-39738.4375,0.0,39738.5,0.0,-13.00629086232456,0.0,5.990778923034668,0.0,WA
8875199,WA,5306,0.13496613502502441,3,1.0,408025.359375,413712.75,3,0,107075.78125,0.0,290955.25,0.0,0.0,0.0,0.0,0.0,0.0,0.0,0.0,0.0,0.0,0.0,0.0,0.0,0.0,0.0,0.0,0.0,0.0,0.0,0.0,0.0,-1500.0,0.0,1500.0,0.0,0.0,0.0,0.0,0.0,-2100.0,0.0,2100.0,0.0,-29799.8046875,0.0,29799.8125,0.0,0.0,0.0,0.0,0.0,0.0,0.0,0.0,0.0,-480.0,0.0,480.0,0.0,0.0,0.0,0.0,0.0,0.0,0.0,0.0,0.0,0.0,0.0,0.0,0.0,0.0,0.0,0.0,0.0,0.0,0.0,0.0,0.0,0.0,0.0,0.0,0.0,0.0,0.0,0.0,0.0,0.0,0.0,0.0,0.0,0.0,0.0,0.0,0.0,0.0,0.0,0.0,0.0,73195.9765625,0.0,324835.0625,0.0,-33879.8046875,0.0,33879.8125,0.0,-31.64095960075005,0.0,11.64433765411377,0.0,WA
8875200,WA,5306,102.90290069580078,1,0.0,0.0,0.0,1,0,0.0,0.0,56945.0234375,28616.353515625,0.0,0.0,0.0,28616.353515625,0.0,0.0,0.0,0.0,0.0,0.0,0.0,0.0,0.0,0.0,0.0,0.0,0.0,0.0,0.0,0.0,0.0,0.0,0.0,0.0,0.0,0.0,0.0,0.0,0.0,0.0,0.0,0.0,0.0,0.0,0.0,0.0,0.0,0.0,0.0,0.0,0.0,0.0,0.0,0.0,0.0,0.0,0.0,0.0,0.0,0.0,0.0,0.0,0.0,0.0,0.0,0.0,0.0,0.0,0.0,0.0,0.0,0.0,0.0,0.0,0.0,0.0,0.0,0.0,0.0,0.0,0.0,0.0,0.0,0.0,0.0,0.0,0.0,0.0,0.0,0.0,0.0,0.0,0.0,0.0,0.0,0.0,0.0,0.0,0.0,0.0,56945.0234375,28616.353515625,0.0,0.0,0.0,0.0,0.0,0.0,0.0,0.0,WA
8875201,WA,5306,379.2544250488281,1,0.0,0.0,905.7119140625,1,0,0.0,0.0,40451.109375,8453.6572265625,26407.625,0.0,0.0,34861.2822265625,0.0,0.0,0.0,0.0,0.0,0.0,0.0,0.0,0.0,0.0,0.0,0.0,0.0,0.0,0.0,0.0,0.0,0.0,0.0,0.0,0.0,0.0,0.0,0.0,0.0,0.0,0.0,0.0,0.0,0.0,0.0,0.0,0.0,0.0,0.0,0.0,0.0,0.0,0.0,0.0,0.0,0.0,0.0,0.0,0.0,0.0,0.0,0.0,0.0,0.0,0.0,0.0,0.0,0.0,0.0,0.0,0.0,0.0,0.0,0.0,0.0,0.0,0.0,0.0,0.0,0.0,0.0,0.0,0.0,0.0,0.0,0.0,0.0,0.0,0.0,0.0,0.0,0.0,0.0,0.0,0.0,0.0,0.0,0.0,0.0,0.0,40451.109375,34861.2822265625,0.0,0.0,0.0,0.0,0.0,0.0,0.0,0.0,WA
8875202,WA,5306,183.65211486816406,3,0.0,0.0,0.0,3,0,0.0,0.0,75868.5234375,7460.14501953125,61608.236328125,0.0,0.0,69068.38134765625,0.0,0.0,0.0,0.0,0.0,0.0,0.0,0.0,0.0,0.0,0.0,0.0,0.0,0.0,0.0,0.0,0.0,0.0,0.0,0.0,0.0,0.0,0.0,0.0,0.0,0.0,0.0,0.0,0.0,0.0,0.0,0.0,0.0,0.0,0.0,0.0,0.0,0.0,0.0,0.0,0.0,0.0,0.0,0.0,0.0,0.0,0.0,0.0,0.0,0.0,0.0,0.0,0.0,0.0,0.0,0.0,0.0,0.0,0.0,0.0,0.0,0.0,0.0,0.0,0.0,0.0,0.0,0.0,0.0,0.0,0.0,0.0,0.0,0.0,0.0,0.0,0.0,0.0,0.0,0.0,0.0,0.0,0.0,0.0,0.0,0.0,75868.5234375,69068.38134765625,0.0,0.0,0.0,0.0,0.0,0.0,0.0,0.0,WA
8875203,WA,5306,0.1063430905342102,4,2.0,462178.9443359375,584972.5,4,0,161847.609375,0.0,463693.3125,0.0,0.0,0.0,0.0,0.0,0.0,0.0,0.0,0.0,0.0,0.0,0.0,0.0,0.0,0.0,0.0,0.0,0.0,0.0,0.0,0.0,0.0,0.0,0.0,0.0,0.0,0.0,0.0,0.0,-1400.0,0.0,1400.0,0.0,-29185.421875,0.0,29185.4375,0.0,0.0,0.0,0.0,0.0,0.0,0.0,0.0,0.0,-8.859375,0.0,8.875,0.0,0.0,0.0,0.0,0.0,0.0,0.0,0.0,0.0,0.0,0.0,0.0,0.0,0.0,0.0,0.0,0.0,0.0,0.0,0.0,0.0,0.0,0.0,0.0,0.0,0.0,0.0,0.0,0.0,0.0,0.0,0.0,0.0,0.0,0.0,0.0,0.0,0.0,0.0,0.0,0.0,131253.328125,0.0,494287.625,0.0,-30594.28125,0.0,30594.3125,0.0,-18.90314065690845,0.0,6.597962856292725,0.0,WA
8875204,WA,5306,19.07586097717285,1,0.0,0.0,8.27270221710205,1,0,0.0,0.0,8805.15234375,0.0,8792.986328125,0.0,0.0,8792.986328125,0.0,0.0,0.0,0.0,0.0,0.0,0.0,0.0,0.0,0.0,0.0,0.0,0.0,0.0,0.0,0.0,0.0,0.0,0.0,0.0,0.0,0.0,0.0,0.0,0.0,0.0,0.0,0.0,0.0,0.0,0.0,0.0,0.0,0.0,0.0,0.0,0.0,0.0,0.0,0.0,0.0,0.0,0.0,0.0,0.0,0.0,0.0,0.0,0.0,0.0,0.0,0.0,0.0,0.0,0.0,0.0,0.0,0.0,0.0,0.0,0.0,0.0,0.0,0.0,0.0,0.0,0.0,0.0,0.0,0.0,0.0,0.0,0.0,0.0,0.0,0.0,0.0,0.0,0.0,0.0,0.0,0.0,0.0,0.0,0.0,0.0,8805.15234375,8792.986328125,0.0,0.0,0.0,0.0,0.0,0.0,0.0,0.0,WA
8875205,WA,5306,0.10990636795759201,2,0.0,415304.828125,423426.140625,2,0,97314.12890625,0.0,327929.40625,0.0,0.0,0.0,0.0,0.0,-3608.6171875,0.0,3608.625,0.0,-1726.482421875,0.0,1726.46875,0.0,1272.0,0.0,-1272.0,0.0,0.0,0.0,0.0,0.0,0.0,0.0,0.0,0.0,0.0,0.0,0.0,0.0,0.0,0.0,0.0,0.0,-9730.2578125,0.0,9730.25,0.0,0.0,0.0,0.0,0.0,0.0,0.0,0.0,0.0,0.0,0.0,0.0,0.0,0.0,0.0,0.0,0.0,0.0,0.0,0.0,0.0,0.0,0.0,0.0,0.0,0.0,0.0,0.0,0.0,0.0,0.0,0.0,0.0,0.0,0.0,0.0,0.0,0.0,0.0,0.0,0.0,0.0,0.0,0.0,0.0,0.0,0.0,0.0,0.0,0.0,0.0,0.0,0.0,83520.771484375,0.0,341722.75,0.0,-13793.357421875,0.0,13793.34375,0.0,-14.174054247727147,0.0,4.206192970275879,0.0,WA
8875206,WA,5306,200.9684600830078,2,0.0,0.0,0.0,2,0,0.0,0.0,69102.234375,34694.95703125,0.0,0.0,0.0,34694.95703125,0.0,0.0,0.0,0.0,0.0,0.0,0.0,0.0,0.0,0.0,0.0,0.0,0.0,0.0,0.0,0.0,0.0,0.0,0.0,0.0,0.0,0.0,0.0,0.0,0.0,0.0,0.0,0.0,0.0,0.0,0.0,0.0,0.0,0.0,0.0,0.0,0.0,0.0,0.0,0.0,0.0,0.0,0.0,0.0,0.0,0.0,0.0,0.0,0.0,0.0,0.0,0.0,0.0,0.0,0.0,0.0,0.0,0.0,0.0,0.0,0.0,0.0,0.0,0.0,0.0,0.0,0.0,0.0,0.0,0.0,0.0,0.0,0.0,0.0,0.0,0.0,0.0,0.0,0.0,0.0,0.0,0.0,0.0,0.0,0.0,0.0,69102.234375,34694.95703125,0.0,0.0,0.0,0.0,0.0,0.0,0.0,0.0,WA
8875207,WA,5306,0.1047995314002037,1,0.0,278321.90625,282649.1875,1,0,72253.2421875,0.0,208160.3125,0.0,0.0,0.0,0.0,0.0,0.0,0.0,0.0,0.0,0.0,0.0,0.0,0.0,0.0,0.0,0.0,0.0,0.0,0.0,0.0,0.0,0.0,0.0,0.0,0.0,0.0,0.0,0.0,0.0,0.0,0.0,0.0,0.0,-10041.45703125,0.0,10041.46875,0.0,0.0,0.0,0.0,0.0,0.0,0.0,0.0,0.0,0.0,0.0,0.0,0.0,0.0,0.0,0.0,0.0,0.0,0.0,0.0,0.0,0.0,0.0,0.0,0.0,0.0,0.0,0.0,0.0,0.0,0.0,0.0,0.0,0.0,0.0,0.0,0.0,0.0,0.0,0.0,0.0,0.0,0.0,0.0,0.0,0.0,0.0,0.0,0.0,0.0,0.0,0.0,0.0,62211.78515625,0.0,218201.78125,0.0,-10041.45703125,0.0,10041.46875,0.0,-13.89758677567994,0.0,4.823911190032959,0.0,WA
8875208,WA,5306,229.1197509765625,1,0.0,0.0,8.27270221710205,1,0,0.0,0.0,43871.796875,26649.453125,0.0,0.0,0.0,26649.453125,0.0,0.0,0.0,0.0,0.0,0.0,0.0,0.0,0.0,0.0,0.0,0.0,0.0,0.0,0.0,0.0,0.0,0.0,0.0,0.0,0.0,0.0,0.0,0.0,0.0,0.0,0.0,0.0,0.0,0.0,0.0,0.0,0.0,0.0,0.0,0.0,0.0,0.0,0.0,0.0,0.0,0.0,0.0,0.0,0.0,0.0,0.0,0.0,0.0,0.0,0.0,0.0,0.0,0.0,0.0,0.0,0.0,0.0,0.0,0.0,0.0,0.0,0.0,0.0,0.0,0.0,0.0,0.0,0.0,0.0,0.0,0.0,0.0,0.0,0.0,0.0,0.0,0.0,0.0,0.0,0.0,0.0,0.0,0.0,0.0,0.0,43871.796875,26649.453125,0.0,0.0,0.0,0.0,0.0,0.0,0.0,0.0,WA
8875209,WA,5306,356.13916015625,1,0.0,0.0,0.0,1,0,0.0,0.0,63131.23828125,24991.484375,26407.625,0.0,0.0,51399.109375,0.0,0.0,0.0,0.0,0.0,0.0,0.0,0.0,0.0,0.0,0.0,0.0,0.0,0.0,0.0,0.0,0.0,0.0,0.0,0.0,0.0,0.0,0.0,0.0,0.0,0.0,0.0,0.0,0.0,0.0,0.0,0.0,0.0,0.0,0.0,0.0,0.0,0.0,0.0,0.0,0.0,0.0,0.0,0.0,0.0,0.0,0.0,0.0,0.0,0.0,0.0,0.0,0.0,0.0,0.0,0.0,0.0,0.0,0.0,0.0,0.0,0.0,0.0,0.0,0.0,0.0,0.0,0.0,0.0,0.0,0.0,0.0,0.0,0.0,0.0,0.0,0.0,0.0,0.0,0.0,0.0,0.0,0.0,0.0,0.0,0.0,63131.23828125,51399.109375,0.0,0.0,0.0,0.0,0.0,0.0,0.0,0.0,WA
8875210,WA,5306,291.1265563964844,2,0.0,6497.28857421875,6266.963623046875,2,0,0.0,0.0,44149.07421875,15184.0673828125,17585.97265625,0.0,0.0,32770.0400390625,0.0,0.0,0.0,0.0,0.0,0.0,0.0,0.0,0.0,0.0,0.0,0.0,0.0,0.0,0.0,0.0,0.0,0.0,0.0,0.0,0.0,0.0,0.0,0.0,0.0,0.0,0.0,0.0,0.0,0.0,0.0,0.0,0.0,0.0,0.0,0.0,0.0,0.0,0.0,0.0,0.0,0.0,0.0,0.0,0.0,0.0,0.0,0.0,0.0,0.0,0.0,0.0,0.0,0.0,0.0,0.0,0.0,0.0,0.0,0.0,0.0,0.0,0.0,0.0,0.0,0.0,0.0,0.0,0.0,0.0,0.0,0.0,0.0,0.0,0.0,0.0,0.0,0.0,0.0,0.0,0.0,0.0,0.0,0.0,0.0,0.0,44149.07421875,32770.0400390625,0.0,0.0,0.0,0.0,0.0,0.0,0.0,0.0,WA
8875211,WA,5306,0.10708105564117432,4,2.0,925200.375,940587.625,4,0,294104.8125,0.0,673200.875,0.0,0.0,0.0,0.0,0.0,-30680.1875,0.0,30680.25,0.0,-5555.375,0.0,5555.375,0.0,0.0,0.0,0.0,0.0,0.0,0.0,0.0,0.0,0.0,0.0,0.0,0.0,0.0,0.0,0.0,0.0,0.0,0.0,0.0,0.0,-216.609375,0.0,216.625,0.0,0.0,0.0,0.0,0.0,0.0,0.0,0.0,0.0,0.0,0.0,0.0,0.0,0.0,0.0,0.0,0.0,0.0,0.0,0.0,0.0,0.0,0.0,0.0,0.0,0.0,0.0,0.0,0.0,0.0,0.0,0.0,0.0,0.0,0.0,0.0,0.0,0.0,0.0,0.0,0.0,0.0,0.0,0.0,0.0,0.0,0.0,0.0,0.0,0.0,0.0,0.0,0.0,257652.640625,0.0,709653.125,0.0,-36452.171875,0.0,36452.25,0.0,-12.394279292862642,0.0,5.41476583480835,0.0,WA
8875212,WA,5306,0.09721069782972336,5,3.0,499452.78125,502724.75,5,0,135940.046875,0.0,381577.0,0.0,0.0,0.0,0.0,0.0,0.0,0.0,0.0,0.0,0.0,0.0,0.0,0.0,0.0,0.0,0.0,0.0,0.0,0.0,0.0,0.0,-1450.0,0.0,1450.0,0.0,0.0,0.0,0.0,0.0,0.0,0.0,0.0,0.0,-32423.6875,0.0,32423.6875,0.0,0.0,0.0,0.0,0.0,0.0,0.0,0.0,0.0,-25.984375,0.0,26.0,0.0,0.0,0.0,0.0,0.0,0.0,0.0,0.0,0.0,0.0,0.0,0.0,0.0,0.0,0.0,0.0,0.0,0.0,0.0,0.0,0.0,0.0,0.0,0.0,0.0,0.0,0.0,0.0,0.0,0.0,0.0,0.0,0.0,0.0,0.0,0.0,0.0,0.0,0.0,0.0,0.0,102040.375,0.0,415476.6875,0.0,-33899.671875,0.0,33899.6875,0.0,-24.937222440545078,0.0,8.884100914001465,0.0,WA
8875213,WA,5306,0.08157935738563538,7,5.0,1156648.15625,1303579.2499999998,7,0,435847.0625,0.0,927382.75,0.0,0.0,0.0,0.0,0.0,-39189.25000000006,0.0,39189.25,0.0,-5772.0,0.0,5772.0,0.0,0.0,0.0,0.0,0.0,0.0,0.0,0.0,0.0,0.0,0.0,0.0,0.0,0.0,0.0,0.0,0.0,-1849.9999999998836,0.0,1850.0,0.0,0.0,0.0,0.0,0.0,0.0,0.0,0.0,0.0,0.0,0.0,0.0,0.0,-624.6250000000582,0.0,624.625,0.0,0.0,0.0,0.0,0.0,0.0,0.0,0.0,0.0,0.0,0.0,0.0,0.0,0.0,0.0,0.0,0.0,0.0,0.0,0.0,0.0,0.0,0.0,0.0,0.0,0.0,0.0,0.0,0.0,0.0,0.0,0.0,0.0,0.0,0.0,0.0,0.0,0.0,0.0,0.0,0.0,388411.1875,0.0,974818.625,0.0,-47435.875,0.0,47435.875,0.0,-10.883605530781798,0.0,5.115026473999023,0.0,WA
8875214,WA,5306,134.20358276367188,2,0.0,0.0,5809.37451171875,2,0,0.0,0.0,81398.484375,37210.6015625,0.0,0.0,0.0,37210.6015625,0.0,0.0,0.0,0.0,0.0,0.0,0.0,0.0,0.0,0.0,0.0,0.0,0.0,0.0,0.0,0.0,0.0,0.0,0.0,0.0,0.0,0.0,0.0,0.0,0.0,0.0,0.0,0.0,0.0,0.0,0.0,0.0,0.0,0.0,0.0,0.0,0.0,0.0,0.0,0.0,0.0,0.0,0.0,0.0,0.0,0.0,0.0,0.0,0.0,0.0,0.0,0.0,0.0,0.0,0.0,0.0,0.0,0.0,0.0,0.0,0.0,0.0,0.0,0.0,0.0,0.0,0.0,0.0,0.0,0.0,0.0,0.0,0.0,0.0,0.0,0.0,0.0,0.0,0.0,0.0,0.0,0.0,0.0,0.0,0.0,0.0,81398.484375,37210.6015625,0.0,0.0,0.0,0.0,0.0,0.0,0.0,0.0,WA
8875215,WA,5306,157.16224670410156,1,0.0,0.0,-408.1879577636719,1,0,0.0,0.0,56223.078125,17796.66796875,26407.625,0.0,0.0,44204.29296875,0.0,0.0,0.0,0.0,0.0,0.0,0.0,0.0,0.0,0.0,0.0,0.0,0.0,0.0,0.0,0.0,0.0,0.0,0.0,0.0,0.0,0.0,0.0,0.0,0.0,0.0,0.0,0.0,0.0,0.0,0.0,0.0,0.0,0.0,0.0,0.0,0.0,0.0,0.0,0.0,0.0,0.0,0.0,0.0,0.0,0.0,0.0,0.0,0.0,0.0,0.0,0.0,0.0,0.0,0.0,0.0,0.0,0.0,0.0,0.0,0.0,0.0,0.0,0.0,0.0,0.0,0.0,0.0,0.0,0.0,0.0,0.0,0.0,0.0,0.0,0.0,0.0,0.0,0.0,0.0,0.0,0.0,0.0,0.0,0.0,0.0,56223.078125,44204.29296875,0.0,0.0,0.0,0.0,0.0,0.0,0.0,0.0,WA
8875216,WA,5306,0.09198564291000366,2,0.0,81301.59375,82004.7734375,2,0,7005.716064453125,0.0,69110.390625,0.0,0.0,0.0,0.0,0.0,-925.14306640625,0.0,925.140625,0.0,-1872.0,0.0,1872.0,0.0,1272.0,0.0,-1272.0,0.0,0.0,0.0,0.0,0.0,0.0,0.0,0.0,0.0,0.0,0.0,0.0,0.0,0.0,0.0,0.0,0.0,0.0,0.0,0.0,0.0,0.0,0.0,0.0,0.0,0.0,0.0,0.0,0.0,0.0,0.0,0.0,0.0,0.0,0.0,0.0,0.0,0.0,0.0,0.0,0.0,0.0,0.0,0.0,0.0,0.0,0.0,0.0,0.0,0.0,0.0,0.0,0.0,0.0,0.0,0.0,0.0,0.0,0.0,0.0,0.0,0.0,0.0,0.0,0.0,0.0,0.0,0.0,0.0,0.0,0.0,0.0,0.0,5480.572998046875,0.0,70635.53125,0.0,-1525.14306640625,0.0,1525.140625,0.0,-21.769981146464072,0.0,2.206818103790283,0.0,WA
8875217,WA,5306,0.1315917670726776,2,0.0,235510.0,413784.71875,2,0,108873.2578125,0.0,365663.96875,0.0,0.0,0.0,0.0,0.0,0.0,0.0,0.0,0.0,0.0,0.0,0.0,0.0,0.0,0.0,0.0,0.0,0.0,0.0,0.0,0.0,0.0,0.0,0.0,0.0,0.0,0.0,0.0,0.0,0.0,0.0,0.0,0.0,-30543.25,0.0,30543.25,0.0,0.0,0.0,0.0,0.0,0.0,0.0,0.0,0.0,0.0,0.0,0.0,0.0,0.0,0.0,0.0,0.0,0.0,0.0,0.0,0.0,0.0,0.0,0.0,0.0,0.0,0.0,0.0,0.0,0.0,0.0,0.0,0.0,0.0,0.0,0.0,0.0,0.0,0.0,0.0,0.0,0.0,0.0,0.0,0.0,0.0,0.0,0.0,0.0,0.0,0.0,0.0,0.0,78330.0078125,0.0,396207.21875,0.0,-30543.25,0.0,30543.25,0.0,-28.05395063368192,0.0,8.352819442749023,0.0,WA
8875218,WA,5306,0.09831363707780838,4,2.0,364364.640625,447588.125,4,0,117507.9296875,0.0,366708.9375,0.0,0.0,0.0,0.0,0.0,0.0,0.0,0.0,0.0,0.0,0.0,0.0,0.0,0.0,0.0,0.0,0.0,0.0,0.0,0.0,0.0,-2000.0,0.0,2000.0,0.0,0.0,0.0,0.0,0.0,-54.3671875,0.0,54.375,0.0,-32406.046875,0.0,32406.03125,0.0,0.0,0.0,0.0,0.0,0.0,0.0,0.0,0.0,-480.0,0.0,480.0,0.0,0.0,0.0,0.0,0.0,0.0,0.0,0.0,0.0,0.0,0.0,0.0,0.0,0.0,0.0,0.0,0.0,0.0,0.0,0.0,0.0,0.0,0.0,0.0,0.0,0.0,0.0,0.0,0.0,0.0,0.0,0.0,0.0,0.0,0.0,0.0,0.0,0.0,0.0,0.0,0.0,82567.515625,0.0,401649.34375,0.0,-34940.4140625,0.0,34940.40625,0.0,-29.734515921964043,0.0,9.528103828430176,0.0,WA
8875219,WA,5306,99.8983154296875,2,0.0,29036.283203125,34863.6796875,2,0,766.3679809570312,0.0,116510.578125,29036.041015625,0.0,32347.275390625,0.0,61383.31640625,0.0,0.0,0.0,0.0,-766.3679809570312,0.0,766.3671875,0.0,266.36798095703125,0.0,-266.3671875,0.0,0.0,0.0,0.0,0.0,0.0,0.0,0.0,0.0,0.0,0.0,0.0,0.0,0.0,0.0,0.0,0.0,0.0,0.0,0.0,0.0,0.0,0.0,0.0,0.0,0.0,0.0,0.0,0.0,-200.00001525878906,0.0,200.0,0.0,0.0,0.0,0.0,0.0,0.0,0.0,0.0,0.0,0.0,0.0,0.0,0.0,0.0,0.0,0.0,0.0,0.0,0.0,0.0,0.0,0.0,0.0,0.0,0.0,-66.36796569824219,0.0,66.3671875,0.0,0.0,0.0,0.0,0.0,0.0,0.0,0.0,0.0,0.0,0.0,0.0,0.0,0.0,0.0,117276.9453125,61383.31640625,-766.3679809570312,0.0,766.3671875,0.0,-100.0,0.0,0.6577661633491516,0.0,WA
8875220,WA,5306,0.12488826364278793,3,0.0,214170.33984375,278101.26171875,3,0,43347.79296875,0.0,290608.25,57090.046875,0.0,0.0,0.0,57090.046875,-5575.078857421875,0.0,5575.0625,0.0,-936.0,0.0,936.0,0.0,636.0,0.0,-636.0,0.0,0.0,0.0,0.0,0.0,0.0,0.0,0.0,0.0,0.0,0.0,0.0,0.0,0.0,0.0,0.0,0.0,-1531.203125,0.0,1531.21875,0.0,0.0,0.0,0.0,0.0,0.0,0.0,0.0,0.0,-357.544921875,0.0,357.53125,0.0,0.0,0.0,0.0,0.0,0.0,0.0,0.0,0.0,0.0,0.0,0.0,0.0,0.0,0.0,0.0,0.0,0.0,0.0,0.0,0.0,-230.986328125,0.0,231.0,0.0,0.0,0.0,0.0,0.0,0.0,0.0,0.0,0.0,0.0,0.0,0.0,0.0,0.0,0.0,0.0,0.0,35352.979736328125,0.0,298603.0625,57090.046875,-7994.813232421875,0.0,7994.8125,0.0,-18.443414727447465,0.0,2.7510616779327393,0.0,WA
8875221,WA,5306,81.28584289550781,1,0.0,0.0,0.0,1,0,0.0,0.0,44040.953125,22329.318359375,0.0,0.0,0.0,22329.318359375,0.0,0.0,0.0,0.0,0.0,0.0,0.0,0.0,0.0,0.0,0.0,0.0,0.0,0.0,0.0,0.0,0.0,0.0,0.0,0.0,0.0,0.0,0.0,0.0,0.0,0.0,0.0,0.0,0.0,0.0,0.0,0.0,0.0,0.0,0.0,0.0,0.0,0.0,0.0,0.0,0.0,0.0,0.0,0.0,0.0,0.0,0.0,0.0,0.0,0.0,0.0,0.0,0.0,0.0,0.0,0.0,0.0,0.0,0.0,0.0,0.0,0.0,0.0,0.0,0.0,0.0,0.0,0.0,0.0,0.0,0.0,0.0,0.0,0.0,0.0,0.0,0.0,0.0,0.0,0.0,0.0,0.0,0.0,0.0,0.0,0.0,44040.953125,22329.318359375,0.0,0.0,0.0,0.0,0.0,0.0,0.0,0.0,WA
8875222,WA,5306,143.41207885742188,1,0.0,2481.66796875,2481.66796875,1,0,0.0,0.0,44910.69921875,19906.630859375,0.0,0.0,0.0,19906.630859375,0.0,0.0,0.0,0.0,0.0,0.0,0.0,0.0,0.0,0.0,0.0,0.0,0.0,0.0,0.0,0.0,0.0,0.0,0.0,0.0,0.0,0.0,0.0,0.0,0.0,0.0,0.0,0.0,0.0,0.0,0.0,0.0,0.0,0.0,0.0,0.0,0.0,0.0,0.0,0.0,0.0,0.0,0.0,0.0,0.0,0.0,0.0,0.0,0.0,0.0,0.0,0.0,0.0,0.0,0.0,0.0,0.0,0.0,0.0,0.0,0.0,0.0,0.0,0.0,0.0,0.0,0.0,0.0,0.0,0.0,0.0,0.0,0.0,0.0,0.0,0.0,0.0,0.0,0.0,0.0,0.0,0.0,0.0,0.0,0.0,0.0,44910.69921875,19906.630859375,0.0,0.0,0.0,0.0,0.0,0.0,0.0,0.0,WA
8875223,WA,5306,9.869258880615234,1,0.0,0.0,0.0,1,0,0.0,0.0,31720.314453125,16025.1572265625,0.0,0.0,0.0,16025.1572265625,0.0,0.0,0.0,0.0,0.0,0.0,0.0,0.0,0.0,0.0,0.0,0.0,0.0,0.0,0.0,0.0,0.0,0.0,0.0,0.0,0.0,0.0,0.0,0.0,0.0,0.0,0.0,0.0,0.0,0.0,0.0,0.0,0.0,0.0,0.0,0.0,0.0,0.0,0.0,0.0,0.0,0.0,0.0,0.0,0.0,0.0,0.0,0.0,0.0,0.0,0.0,0.0,0.0,0.0,0.0,0.0,0.0,0.0,0.0,0.0,0.0,0.0,0.0,0.0,0.0,0.0,0.0,0.0,0.0,0.0,0.0,0.0,0.0,0.0,0.0,0.0,0.0,0.0,0.0,0.0,0.0,0.0,0.0,0.0,0.0,0.0,31720.314453125,16025.1572265625,0.0,0.0,0.0,0.0,0.0,0.0,0.0,0.0,WA
8875224,WA,5306,0.09642305225133896,3,0.0,92916.109375,195042.2734375,3,0,18716.6650390625,0.0,227935.03125,17003.087890625,0.0,0.0,0.0,17003.087890625,-2946.693359375,0.0,2946.6875,0.0,-1872.0009765625,0.0,1872.015625,0.0,2438.00146484375,0.0,-2438.015625,0.0,0.0,0.0,0.0,0.0,0.0,0.0,0.0,0.0,0.0,0.0,0.0,0.0,-621.759765625,0.0,621.765625,0.0,0.0,0.0,0.0,0.0,0.0,0.0,0.0,0.0,0.0,0.0,0.0,0.0,-240.0,0.0,240.0,0.0,0.0,0.0,0.0,0.0,0.0,0.0,0.0,0.0,0.0,0.0,0.0,0.0,0.0,0.0,0.0,0.0,0.0,0.0,0.0,0.0,-720.0,0.0,720.0,0.0,0.0,0.0,0.0,0.0,0.0,0.0,0.0,0.0,0.0,0.0,0.0,0.0,0.0,0.0,0.0,0.0,14754.21240234375,0.0,231897.484375,17003.087890625,-3962.45263671875,0.0,3962.453125,0.0,-21.17071940139409,0.0,1.7384134531021118,0.0,WA
8875225,WA,5306,161.0686492919922,2,0.0,0.0,-1436.8216552734375,2,0,0.0,0.0,88677.640625,44338.8203125,0.0,0.0,0.0,44338.8203125,0.0,0.0,0.0,0.0,0.0,0.0,0.0,0.0,0.0,0.0,0.0,0.0,0.0,0.0,0.0,0.0,0.0,0.0,0.0,0.0,0.0,0.0,0.0,0.0,0.0,0.0,0.0,0.0,0.0,0.0,0.0,0.0,0.0,0.0,0.0,0.0,0.0,0.0,0.0,0.0,0.0,0.0,0.0,0.0,0.0,0.0,0.0,0.0,0.0,0.0,0.0,0.0,0.0,0.0,0.0,0.0,0.0,0.0,0.0,0.0,0.0,0.0,0.0,0.0,0.0,0.0,0.0,0.0,0.0,0.0,0.0,0.0,0.0,0.0,0.0,0.0,0.0,0.0,0.0,0.0,0.0,0.0,0.0,0.0,0.0,0.0,88677.640625,44338.8203125,0.0,0.0,0.0,0.0,0.0,0.0,0.0,0.0,WA
8875226,WA,5306,68.71243286132812,1,0.0,8073.87646484375,8516.4658203125,1,0,0.0,0.0,18426.34375,1469.983642578125,8792.986328125,0.0,0.0,10262.969970703125,0.0,0.0,0.0,0.0,0.0,0.0,0.0,0.0,0.0,0.0,0.0,0.0,0.0,0.0,0.0,0.0,0.0,0.0,0.0,0.0,0.0,0.0,0.0,0.0,0.0,0.0,0.0,0.0,0.0,0.0,0.0,0.0,0.0,0.0,0.0,0.0,0.0,0.0,0.0,0.0,0.0,0.0,0.0,0.0,0.0,0.0,0.0,0.0,0.0,0.0,0.0,0.0,0.0,0.0,0.0,0.0,0.0,0.0,0.0,0.0,0.0,0.0,0.0,0.0,0.0,0.0,0.0,0.0,0.0,0.0,0.0,0.0,0.0,0.0,0.0,0.0,0.0,0.0,0.0,0.0,0.0,0.0,0.0,0.0,0.0,0.0,18426.34375,10262.969970703125,0.0,0.0,0.0,0.0,0.0,0.0,0.0,0.0,WA
8875227,WA,5306,76.87867736816406,2,0.0,0.0,421.433349609375,2,0,0.0,0.0,70580.2421875,30826.75390625,8792.986328125,0.0,0.0,39619.740234375,0.0,0.0,0.0,0.0,0.0,0.0,0.0,0.0,0.0,0.0,0.0,0.0,0.0,0.0,0.0,0.0,0.0,0.0,0.0,0.0,0.0,0.0,0.0,0.0,0.0,0.0,0.0,0.0,0.0,0.0,0.0,0.0,0.0,0.0,0.0,0.0,0.0,0.0,0.0,0.0,0.0,0.0,0.0,0.0,0.0,0.0,0.0,0.0,0.0,0.0,0.0,0.0,0.0,0.0,0.0,0.0,0.0,0.0,0.0,0.0,0.0,0.0,0.0,0.0,0.0,0.0,0.0,0.0,0.0,0.0,0.0,0.0,0.0,0.0,0.0,0.0,0.0,0.0,0.0,0.0,0.0,0.0,0.0,0.0,0.0,0.0,70580.2421875,39619.740234375,0.0,0.0,0.0,0.0,0.0,0.0,0.0,0.0,WA
8875228,WA,5306,0.10401591658592224,4,2.0,40650.796875,65166.873046875,4,0,3450.11962890625,0.0,94242.921875,10488.5068359375,16079.84326171875,0.0,0.0,26568.35009765625,-452.02392578125,0.0,452.0234375,0.0,-936.0,0.0,936.0,0.0,636.0,0.0,-636.0,0.0,0.0,0.0,0.0,0.0,0.0,0.0,0.0,0.0,0.0,0.0,0.0,0.0,0.0,0.0,0.0,0.0,0.0,0.0,0.0,0.0,0.0,0.0,0.0,0.0,0.0,0.0,0.0,0.0,0.0,0.0,0.0,0.0,0.0,0.0,0.0,0.0,0.0,0.0,0.0,0.0,0.0,0.0,0.0,0.0,0.0,0.0,0.0,0.0,0.0,0.0,0.0,0.0,0.0,0.0,0.0,0.0,0.0,0.0,0.0,0.0,0.0,0.0,0.0,0.0,0.0,0.0,0.0,0.0,0.0,0.0,0.0,0.0,2698.095703125,0.0,94994.9453125,26568.35009765625,-752.02392578125,0.0,752.0234375,0.0,-21.797039136861905,0.0,0.7979627847671509,0.0,WA
8875229,WA,5306,0.2437937706708908,3,2.0,18583.220703125,19789.09375,3,0,-2000.0,0.0,64099.109375,19993.59765625,7286.85693359375,0.0,0.0,27280.45458984375,0.0,0.0,0.0,0.0,0.0,0.0,0.0,0.0,0.0,0.0,0.0,0.0,0.0,0.0,0.0,0.0,-412.483154296875,0.0,412.484375,0.0,0.0,0.0,0.0,0.0,0.0,0.0,0.0,0.0,0.0,0.0,0.0,0.0,0.0,0.0,0.0,0.0,0.0,0.0,0.0,0.0,0.0,0.0,0.0,0.0,0.0,0.0,0.0,0.0,0.0,0.0,0.0,0.0,0.0,0.0,0.0,0.0,0.0,0.0,0.0,0.0,0.0,0.0,0.0,0.0,0.0,0.0,0.0,0.0,0.0,0.0,0.0,0.0,0.0,0.0,0.0,0.0,0.0,0.0,0.0,0.0,0.0,0.0,-3643.42578125,-3643.428466796875,-2412.483154296875,0.0,60868.16796875,23637.026123046875,-412.483154296875,0.0,-3230.94140625,-3643.428466796875,-20.62415771484375,0.0,-5.0405402183532715,-13.355453644651833,WA
8875230,WA,5306,0.23988868296146393,4,2.0,33449.797790527344,45633.484375,4,0,-6255.248046875,-1015.3218383789062,68910.75,1128.627685546875,3643.428466796875,13638.41796875,0.0,18410.47412109375,0.0,0.0,0.0,0.0,0.0,0.0,0.0,0.0,222.0859375,0.0,-222.0859375,0.0,0.0,0.0,0.0,0.0,-1622.0859375,0.0,1622.0859375,0.0,0.0,0.0,0.0,0.0,0.0,0.0,0.0,0.0,0.0,0.0,0.0,0.0,0.0,0.0,0.0,0.0,0.0,0.0,0.0,0.0,0.0,0.0,0.0,0.0,0.0,0.0,0.0,0.0,0.0,0.0,0.0,0.0,0.0,0.0,0.0,0.0,0.0,0.0,0.0,0.0,0.0,0.0,0.0,0.0,0.0,0.0,0.0,0.0,0.0,0.0,0.0,0.0,0.0,0.0,0.0,0.0,0.0,0.0,0.0,0.0,0.0,0.0,0.0,0.0,-7655.248046875,-1015.3218383789062,70310.75,18410.47412109375,-1400.0,0.0,1400.0,0.0,-22.381206780431555,0.0,2.031613349914551,0.0,WA
8875231,WA,5306,118.2592544555664,1,0.0,0.0,0.0,1,0,0.0,0.0,39806.39453125,12526.8173828125,26407.625,0.0,0.0,38934.4423828125,0.0,0.0,0.0,0.0,0.0,0.0,0.0,0.0,0.0,0.0,0.0,0.0,0.0,0.0,0.0,0.0,0.0,0.0,0.0,0.0,0.0,0.0,0.0,0.0,0.0,0.0,0.0,0.0,0.0,0.0,0.0,0.0,0.0,0.0,0.0,0.0,0.0,0.0,0.0,0.0,0.0,0.0,0.0,0.0,0.0,0.0,0.0,0.0,0.0,0.0,0.0,0.0,0.0,0.0,0.0,0.0,0.0,0.0,0.0,0.0,0.0,0.0,0.0,0.0,0.0,0.0,0.0,0.0,0.0,0.0,0.0,0.0,0.0,0.0,0.0,0.0,0.0,0.0,0.0,0.0,0.0,0.0,0.0,0.0,0.0,0.0,39806.39453125,38934.4423828125,0.0,0.0,0.0,0.0,0.0,0.0,0.0,0.0,WA
8875232,WA,5306,0.16972731053829193,2,0.0,83851.4140625,240281.921875,2,0,40769.9375,0.0,334251.46875,119893.5625,0.0,0.0,0.0,119893.5625,-5128.1484375,0.0,5128.15625,0.0,0.0,0.0,0.0,0.0,2324.16015625,0.0,-2324.1875,0.0,0.0,0.0,0.0,0.0,0.0,0.0,0.0,0.0,0.0,0.0,0.0,0.0,0.0,0.0,0.0,0.0,-4215.92578125,0.0,4215.9375,0.0,0.0,0.0,0.0,0.0,0.0,0.0,0.0,0.0,-440.0,0.0,440.0,0.0,0.0,0.0,0.0,0.0,0.0,0.0,0.0,0.0,0.0,0.0,0.0,0.0,0.0,0.0,0.0,0.0,0.0,0.0,0.0,0.0,-1448.27734375,0.0,1448.28125,0.0,0.0,0.0,0.0,0.0,0.0,0.0,0.0,0.0,0.0,0.0,0.0,0.0,0.0,0.0,0.0,0.0,31861.74609375,0.0,343159.65625,119893.5625,-8908.19140625,0.0,8908.1875,0.0,-21.849902041792436,0.0,2.6651155948638916,0.0,WA
8875233,WA,5306,486.7612609863281,3,1.0,0.0,0.0,3,0,0.0,0.0,41314.8046875,11263.751953125,30051.053466796875,0.0,0.0,41314.805419921875,0.0,0.0,0.0,0.0,0.0,0.0,0.0,0.0,0.0,0.0,0.0,0.0,0.0,0.0,0.0,0.0,0.0,0.0,0.0,0.0,0.0,0.0,0.0,0.0,0.0,0.0,0.0,0.0,0.0,0.0,0.0,0.0,0.0,0.0,0.0,0.0,0.0,0.0,0.0,0.0,0.0,0.0,0.0,0.0,0.0,0.0,0.0,0.0,0.0,0.0,0.0,0.0,0.0,0.0,0.0,0.0,0.0,0.0,0.0,0.0,0.0,0.0,0.0,0.0,0.0,0.0,0.0,0.0,0.0,0.0,0.0,0.0,0.0,0.0,0.0,0.0,0.0,0.0,0.0,0.0,0.0,0.0,0.0,0.0,0.0,0.0,41314.8046875,41314.805419921875,0.0,0.0,0.0,0.0,0.0,0.0,0.0,0.0,WA
8875234,WA,5306,0.21950966119766235,1,0.0,0.0,90256.734375,1,0,12428.4580078125,0.0,109337.5859375,27296.494140625,0.0,0.0,0.0,27296.494140625,-1782.984375,0.0,1782.984375,0.0,-1716.0009765625,0.0,1716.0078125,0.0,1166.0,0.0,-1166.0,0.0,0.0,0.0,0.0,0.0,0.0,0.0,0.0,0.0,0.0,0.0,0.0,0.0,0.0,0.0,0.0,0.0,0.0,0.0,0.0,0.0,0.0,0.0,0.0,0.0,0.0,0.0,0.0,0.0,0.0,0.0,0.0,0.0,0.0,0.0,0.0,0.0,0.0,0.0,0.0,0.0,0.0,0.0,0.0,0.0,0.0,0.0,0.0,0.0,0.0,0.0,0.0,0.0,-1118.6103515625,0.0,1118.609375,0.0,0.0,0.0,0.0,0.0,0.0,0.0,0.0,0.0,0.0,0.0,0.0,0.0,0.0,0.0,0.0,0.0,8976.8623046875,0.0,112789.1875,27296.494140625,-3451.595703125,0.0,3451.6015625,0.0,-27.77171311964312,0.0,3.156830072402954,0.0,WA
8875235,WA,5306,0.1054236963391304,1,0.0,59382.37890625,59382.37890625,1,0,6259.85693359375,0.0,49592.859375,0.0,0.0,0.0,0.0,0.0,-1013.9716796875,0.0,1013.97265625,0.0,-936.0,0.0,936.0,0.0,636.0,0.0,-636.0,0.0,0.0,0.0,0.0,0.0,0.0,0.0,0.0,0.0,0.0,0.0,0.0,0.0,0.0,0.0,0.0,0.0,0.0,0.0,0.0,0.0,0.0,0.0,0.0,0.0,0.0,0.0,0.0,0.0,0.0,0.0,0.0,0.0,0.0,0.0,0.0,0.0,0.0,0.0,0.0,0.0,0.0,0.0,0.0,0.0,0.0,0.0,0.0,0.0,0.0,0.0,0.0,0.0,0.0,0.0,0.0,0.0,0.0,0.0,0.0,0.0,0.0,0.0,0.0,0.0,0.0,0.0,0.0,0.0,0.0,0.0,0.0,0.0,4945.88525390625,0.0,50906.83203125,0.0,-1313.9716796875,0.0,1313.97265625,0.0,-20.990442651109536,0.0,2.649519681930542,0.0,WA
8875236,WA,5306,0.11555566638708115,3,0.0,480325.40625,491491.53125,0,3,138256.484375,0.0,432341.4375,0.0,52815.25,0.0,0.0,52815.25,2.40625,0.0,-2.40625,0.0,-2730.0,0.0,2730.0,0.0,0.0,0.0,0.0,0.0,0.0,0.0,0.0,0.0,0.0,0.0,0.0,0.0,0.0,0.0,0.0,0.0,0.0,0.0,0.0,0.0,0.0,0.0,0.0,0.0,0.0,0.0,0.0,0.0,0.0,0.0,0.0,0.0,0.0,0.0,0.0,0.0,0.0,0.0,0.0,0.0,0.0,0.0,0.0,0.0,0.0,0.0,0.0,0.0,0.0,0.0,0.0,0.0,0.0,0.0,0.0,0.0,0.0,0.0,0.0,0.0,0.0,0.0,0.0,0.0,0.0,0.0,0.0,0.0,0.0,0.0,0.0,0.0,0.0,0.0,0.0,0.0,135528.890625,0.0,435069.03125,52815.25,-2727.59375,0.0,2727.59375,0.0,-1.9728505048644305,0.0,0.630888819694519,0.0,WA
8875237,WA,5306,0.10393708944320679,2,0.0,0.0,1461969.224972725,2,0,483650.65625,0.0,1006976.9375,28253.533203125,26407.625,0.0,0.0,54661.158203125,-17217.59375,0.0,17217.5625,0.0,-2886.0,0.0,2886.0,0.0,0.0,0.0,0.0,0.0,0.0,0.0,0.0,0.0,0.0,0.0,0.0,0.0,0.0,0.0,0.0,0.0,-1850.0,0.0,1850.0,0.0,0.0,0.0,0.0,0.0,0.0,0.0,0.0,0.0,0.0,0.0,0.0,0.0,0.0,0.0,0.0,0.0,0.0,0.0,0.0,0.0,0.0,0.0,0.0,0.0,0.0,0.0,0.0,0.0,0.0,0.0,0.0,0.0,0.0,0.0,0.0,0.0,0.0,0.0,0.0,0.0,0.0,0.0,0.0,0.0,0.0,0.0,0.0,0.0,0.0,0.0,0.0,0.0,0.0,0.0,0.0,0.0,461697.0625,0.0,1028930.5,54661.158203125,-21953.59375,0.0,21953.5625,0.0,-4.5391427606483274,0.0,2.180145502090454,0.0,WA
8875238,WA,5306,409.08221435546875,2,1.0,0.0,0.0,2,0,0.0,0.0,45147.296875,32710.880859375,12436.414794921875,0.0,0.0,45147.295654296875,0.0,0.0,0.0,0.0,0.0,0.0,0.0,0.0,0.0,0.0,0.0,0.0,0.0,0.0,0.0,0.0,0.0,0.0,0.0,0.0,0.0,0.0,0.0,0.0,0.0,0.0,0.0,0.0,0.0,0.0,0.0,0.0,0.0,0.0,0.0,0.0,0.0,0.0,0.0,0.0,0.0,0.0,0.0,0.0,0.0,0.0,0.0,0.0,0.0,0.0,0.0,0.0,0.0,0.0,0.0,0.0,0.0,0.0,0.0,0.0,0.0,0.0,0.0,0.0,0.0,0.0,0.0,0.0,0.0,0.0,0.0,0.0,0.0,0.0,-6588.71875,-6588.71875,0.0,0.0,0.0,0.0,0.0,0.0,0.0,0.0,0.0,0.0,38558.578125,38558.576904296875,0.0,0.0,-6588.71875,-6588.71875,0.0,0.0,-14.593828201293945,-14.593828167364265,WA
8875239,WA,5306,123.35389709472656,1,0.0,0.0,0.0,1,0,0.0,0.0,39842.484375,13434.857421875,26407.625,0.0,0.0,39842.482421875,0.0,0.0,0.0,0.0,0.0,0.0,0.0,0.0,0.0,0.0,0.0,0.0,0.0,0.0,0.0,0.0,0.0,0.0,0.0,0.0,0.0,0.0,0.0,0.0,0.0,0.0,0.0,0.0,0.0,0.0,0.0,0.0,0.0,0.0,0.0,0.0,0.0,0.0,0.0,0.0,0.0,0.0,0.0,0.0,0.0,0.0,0.0,0.0,0.0,0.0,0.0,0.0,0.0,0.0,0.0,0.0,0.0,0.0,0.0,0.0,0.0,0.0,0.0,0.0,0.0,0.0,0.0,0.0,0.0,0.0,0.0,0.0,0.0,0.0,0.0,0.0,0.0,0.0,0.0,0.0,0.0,0.0,0.0,0.0,0.0,0.0,39842.484375,39842.482421875,0.0,0.0,0.0,0.0,0.0,0.0,0.0,0.0,WA
8875240,WA,5306,0.10738734900951385,4,2.0,48719.046875,49132.6796875,4,0,-4385.0498046875,-1015.3218383789062,57882.90234375,3176.86865234375,3643.428466796875,0.0,0.0,6820.297119140625,0.0,0.0,0.0,0.0,-1133.267578125,0.0,1133.26953125,0.0,1693.267578125,0.0,-1693.26953125,0.0,0.0,0.0,0.0,0.0,-2400.0,0.0,2400.0,0.0,0.0,0.0,0.0,0.0,0.0,0.0,0.0,0.0,0.0,0.0,0.0,0.0,0.0,0.0,0.0,0.0,0.0,0.0,0.0,0.0,-9.2587890625,0.0,9.2578125,0.0,0.0,0.0,0.0,0.0,0.0,0.0,0.0,0.0,0.0,0.0,0.0,0.0,0.0,0.0,0.0,0.0,0.0,0.0,0.0,0.0,0.0,0.0,0.0,0.0,0.0,0.0,0.0,0.0,0.0,0.0,-1170.3203125,-1170.32275390625,0.0,0.0,0.0,0.0,0.0,0.0,0.0,0.0,-6234.30859375,-1015.3218383789062,58561.83984375,5649.974365234375,-1849.2587890625,0.0,678.9375,-1170.32275390625,-42.17189932679196,0.0,1.172950029373169,-17.159410117512795,WA
8875241,WA,5306,156.27880859375,2,1.0,0.0,115.41502380371094,2,0,0.0,0.0,75112.4375,25409.181640625,35200.611328125,0.0,0.0,60609.79296875,0.0,0.0,0.0,0.0,0.0,0.0,0.0,0.0,0.0,0.0,0.0,0.0,0.0,0.0,0.0,0.0,0.0,0.0,0.0,0.0,0.0,0.0,0.0,0.0,0.0,0.0,0.0,0.0,0.0,0.0,0.0,0.0,0.0,0.0,0.0,0.0,0.0,0.0,0.0,0.0,0.0,0.0,0.0,0.0,0.0,0.0,0.0,0.0,0.0,0.0,0.0,0.0,0.0,0.0,0.0,0.0,0.0,0.0,0.0,0.0,0.0,0.0,0.0,0.0,0.0,0.0,0.0,0.0,0.0,0.0,0.0,0.0,0.0,0.0,0.0,0.0,0.0,0.0,0.0,0.0,0.0,0.0,0.0,0.0,0.0,0.0,75112.4375,60609.79296875,0.0,0.0,0.0,0.0,0.0,0.0,0.0,0.0,WA
8875242,WA,5306,138.89906311035156,1,0.0,0.0,0.0,1,0,0.0,0.0,30991.33203125,18370.900390625,0.0,0.0,0.0,18370.900390625,0.0,0.0,0.0,0.0,0.0,0.0,0.0,0.0,0.0,0.0,0.0,0.0,0.0,0.0,0.0,0.0,0.0,0.0,0.0,0.0,0.0,0.0,0.0,0.0,0.0,0.0,0.0,0.0,0.0,0.0,0.0,0.0,0.0,0.0,0.0,0.0,0.0,0.0,0.0,0.0,0.0,0.0,0.0,0.0,0.0,0.0,0.0,0.0,0.0,0.0,0.0,0.0,0.0,0.0,0.0,0.0,0.0,0.0,0.0,0.0,0.0,0.0,0.0,0.0,0.0,0.0,0.0,0.0,0.0,0.0,0.0,0.0,0.0,0.0,0.0,0.0,0.0,0.0,0.0,0.0,0.0,0.0,0.0,0.0,0.0,0.0,30991.33203125,18370.900390625,0.0,0.0,0.0,0.0,0.0,0.0,0.0,0.0,WA
8875243,WA,5306,306.3503112792969,1,0.0,0.0,0.0,1,0,0.0,0.0,43507.890625,13883.845703125,26407.625,0.0,0.0,40291.470703125,0.0,0.0,0.0,0.0,0.0,0.0,0.0,0.0,0.0,0.0,0.0,0.0,0.0,0.0,0.0,0.0,0.0,0.0,0.0,0.0,0.0,0.0,0.0,0.0,0.0,0.0,0.0,0.0,0.0,0.0,0.0,0.0,0.0,0.0,0.0,0.0,0.0,0.0,0.0,0.0,0.0,0.0,0.0,0.0,0.0,0.0,0.0,0.0,0.0,0.0,0.0,0.0,0.0,0.0,0.0,0.0,0.0,0.0,0.0,0.0,0.0,0.0,0.0,0.0,0.0,0.0,0.0,0.0,0.0,0.0,0.0,0.0,0.0,0.0,0.0,0.0,0.0,0.0,0.0,0.0,0.0,0.0,0.0,0.0,0.0,0.0,43507.890625,40291.470703125,0.0,0.0,0.0,0.0,0.0,0.0,0.0,0.0,WA
8875244,WA,5306,135.78378295898438,2,0.0,0.0,0.0,2,0,0.0,0.0,94240.703125,47120.3515625,0.0,0.0,0.0,47120.3515625,0.0,0.0,0.0,0.0,0.0,0.0,0.0,0.0,0.0,0.0,0.0,0.0,0.0,0.0,0.0,0.0,0.0,0.0,0.0,0.0,0.0,0.0,0.0,0.0,0.0,0.0,0.0,0.0,0.0,0.0,0.0,0.0,0.0,0.0,0.0,0.0,0.0,0.0,0.0,0.0,0.0,0.0,0.0,0.0,0.0,0.0,0.0,0.0,0.0,0.0,0.0,0.0,0.0,0.0,0.0,0.0,0.0,0.0,0.0,0.0,0.0,0.0,0.0,0.0,0.0,0.0,0.0,0.0,0.0,0.0,0.0,0.0,0.0,0.0,0.0,0.0,0.0,0.0,0.0,0.0,0.0,0.0,0.0,0.0,0.0,0.0,94240.703125,47120.3515625,0.0,0.0,0.0,0.0,0.0,0.0,0.0,0.0,WA
8875245,WA,5306,77.62586212158203,1,0.0,0.0,8.27270221710205,1,0,0.0,0.0,59601.390625,29938.453125,0.0,0.0,0.0,29938.453125,0.0,0.0,0.0,0.0,0.0,0.0,0.0,0.0,0.0,0.0,0.0,0.0,0.0,0.0,0.0,0.0,0.0,0.0,0.0,0.0,0.0,0.0,0.0,0.0,0.0,0.0,0.0,0.0,0.0,0.0,0.0,0.0,0.0,0.0,0.0,0.0,0.0,0.0,0.0,0.0,0.0,0.0,0.0,0.0,0.0,0.0,0.0,0.0,0.0,0.0,0.0,0.0,0.0,0.0,0.0,0.0,0.0,0.0,0.0,0.0,0.0,0.0,0.0,0.0,0.0,0.0,0.0,0.0,0.0,0.0,0.0,0.0,0.0,0.0,0.0,0.0,0.0,0.0,0.0,0.0,0.0,0.0,0.0,0.0,0.0,0.0,59601.390625,29938.453125,0.0,0.0,0.0,0.0,0.0,0.0,0.0,0.0,WA
8875246,WA,5306,162.3942413330078,2,0.0,12870.748046875,12874.884765625,2,0,0.0,0.0,91910.7890625,37733.7734375,0.0,0.0,0.0,37733.7734375,0.0,0.0,0.0,0.0,0.0,0.0,0.0,0.0,0.0,0.0,0.0,0.0,0.0,0.0,0.0,0.0,0.0,0.0,0.0,0.0,0.0,0.0,0.0,0.0,0.0,0.0,0.0,0.0,0.0,0.0,0.0,0.0,0.0,0.0,0.0,0.0,0.0,0.0,0.0,0.0,0.0,0.0,0.0,0.0,0.0,0.0,0.0,0.0,0.0,0.0,0.0,0.0,0.0,0.0,0.0,0.0,0.0,0.0,0.0,0.0,0.0,0.0,0.0,0.0,0.0,0.0,0.0,0.0,0.0,0.0,0.0,0.0,0.0,0.0,0.0,0.0,0.0,0.0,0.0,0.0,0.0,0.0,0.0,0.0,0.0,0.0,91910.7890625,37733.7734375,0.0,0.0,0.0,0.0,0.0,0.0,0.0,0.0,WA
8875247,WA,5306,0.09541778266429901,1,0.0,127624.875,134330.140625,1,0,24684.939453125,0.0,111127.7109375,4058.00439453125,0.0,0.0,0.0,4058.00439453125,-3111.705078125,0.0,3111.703125,0.0,-1872.0,0.0,1872.0,0.0,1272.0,0.0,-1272.0,0.0,0.0,0.0,0.0,0.0,0.0,0.0,0.0,0.0,0.0,0.0,0.0,0.0,0.0,0.0,0.0,0.0,0.0,0.0,0.0,0.0,0.0,0.0,0.0,0.0,0.0,0.0,0.0,0.0,0.0,0.0,0.0,0.0,0.0,0.0,0.0,0.0,0.0,0.0,0.0,0.0,0.0,0.0,0.0,0.0,0.0,0.0,0.0,0.0,0.0,0.0,0.0,0.0,0.0,0.0,0.0,0.0,0.0,0.0,0.0,0.0,0.0,0.0,0.0,0.0,0.0,0.0,0.0,0.0,0.0,0.0,0.0,0.0,20973.234375,0.0,114839.4140625,4058.00439453125,-3711.705078125,0.0,3711.703125,0.0,-15.036314288610155,0.0,3.340033769607544,0.0,WA
8875248,WA,5306,0.1191026121377945,2,0.0,416229.140625,416324.28125,2,0,109947.8203125,0.0,295222.3125,0.0,0.0,0.0,0.0,0.0,0.0,0.0,0.0,0.0,0.0,0.0,0.0,0.0,0.0,0.0,0.0,0.0,0.0,0.0,0.0,0.0,0.0,0.0,0.0,0.0,0.0,0.0,0.0,0.0,0.0,0.0,0.0,0.0,-32954.375,0.0,32954.34375,0.0,0.0,0.0,0.0,0.0,0.0,0.0,0.0,0.0,-480.0,0.0,480.0,0.0,0.0,0.0,0.0,0.0,0.0,0.0,0.0,0.0,0.0,0.0,0.0,0.0,0.0,0.0,0.0,0.0,0.0,0.0,0.0,0.0,0.0,0.0,0.0,0.0,0.0,0.0,0.0,0.0,0.0,0.0,0.0,0.0,0.0,0.0,0.0,0.0,0.0,0.0,0.0,0.0,76513.4453125,0.0,328656.65625,0.0,-33434.375,0.0,33434.34375,0.0,-30.409311348756983,0.0,11.325140953063965,0.0,WA
8875249,WA,5306,178.81314086914062,2,0.0,0.0,162.14495849609375,2,0,0.0,0.0,144681.84375,72221.703125,0.0,0.0,0.0,72221.703125,0.0,0.0,0.0,0.0,0.0,0.0,0.0,0.0,0.0,0.0,0.0,0.0,0.0,0.0,0.0,0.0,0.0,0.0,0.0,0.0,0.0,0.0,0.0,0.0,0.0,0.0,0.0,0.0,0.0,0.0,0.0,0.0,0.0,0.0,0.0,0.0,0.0,0.0,0.0,0.0,0.0,0.0,0.0,0.0,0.0,0.0,0.0,0.0,0.0,0.0,0.0,0.0,0.0,0.0,0.0,0.0,0.0,0.0,0.0,0.0,0.0,0.0,0.0,0.0,0.0,0.0,0.0,0.0,0.0,0.0,0.0,0.0,0.0,0.0,0.0,0.0,0.0,0.0,0.0,0.0,0.0,0.0,0.0,0.0,0.0,0.0,144681.84375,72221.703125,0.0,0.0,0.0,0.0,0.0,0.0,0.0,0.0,WA
8875250,WA,5306,0.12118635326623917,2,1.0,15609.90625,15609.90625,2,0,-5427.0,-673.3740844726562,38907.31640625,5954.779296875,12436.414794921875,0.0,0.0,18391.194091796875,0.0,0.0,0.0,0.0,0.0,0.0,0.0,0.0,0.0,0.0,0.0,0.0,0.0,0.0,0.0,0.0,-700.0,0.0,700.0,0.0,0.0,0.0,0.0,0.0,0.0,0.0,0.0,0.0,0.0,0.0,0.0,0.0,0.0,0.0,0.0,0.0,0.0,0.0,0.0,0.0,0.0,0.0,0.0,0.0,0.0,0.0,0.0,0.0,0.0,0.0,0.0,0.0,0.0,0.0,0.0,0.0,0.0,0.0,0.0,0.0,0.0,0.0,0.0,0.0,0.0,0.0,0.0,0.0,0.0,0.0,0.0,0.0,0.0,0.0,0.0,0.0,0.0,0.0,0.0,0.0,0.0,0.0,0.0,0.0,-6127.0,-673.3740844726562,39607.31640625,18391.194091796875,-700.0,0.0,700.0,0.0,-12.898470609913396,0.0,1.799147367477417,0.0,WA
8875251,WA,5306,71.98816680908203,2,1.0,0.0,0.0,2,0,0.0,0.0,21450.1640625,9013.75,12436.414794921875,0.0,0.0,21450.164794921875,0.0,0.0,0.0,0.0,0.0,0.0,0.0,0.0,0.0,0.0,0.0,0.0,0.0,0.0,0.0,0.0,0.0,0.0,0.0,0.0,0.0,0.0,0.0,0.0,0.0,0.0,0.0,0.0,0.0,0.0,0.0,0.0,0.0,0.0,0.0,0.0,0.0,0.0,0.0,0.0,0.0,0.0,0.0,0.0,0.0,0.0,0.0,0.0,0.0,0.0,0.0,0.0,0.0,0.0,0.0,0.0,0.0,0.0,0.0,0.0,0.0,0.0,0.0,0.0,0.0,0.0,0.0,0.0,0.0,0.0,0.0,0.0,0.0,0.0,0.0,0.0,0.0,0.0,0.0,0.0,0.0,0.0,0.0,0.0,0.0,0.0,21450.1640625,21450.164794921875,0.0,0.0,0.0,0.0,0.0,0.0,0.0,0.0,WA
8875252,WA,5306,582.0618896484375,2,0.0,0.0,-366.8244400024414,2,0,0.0,0.0,81200.7890625,22199.23828125,52815.25,0.0,0.0,75014.48828125,0.0,0.0,0.0,0.0,0.0,0.0,0.0,0.0,0.0,0.0,0.0,0.0,0.0,0.0,0.0,0.0,0.0,0.0,0.0,0.0,0.0,0.0,0.0,0.0,0.0,0.0,0.0,0.0,0.0,0.0,0.0,0.0,0.0,0.0,0.0,0.0,0.0,0.0,0.0,0.0,0.0,0.0,0.0,0.0,0.0,0.0,0.0,0.0,0.0,0.0,0.0,0.0,0.0,0.0,0.0,0.0,0.0,0.0,0.0,0.0,0.0,0.0,0.0,0.0,0.0,0.0,0.0,0.0,0.0,0.0,0.0,0.0,0.0,0.0,0.0,0.0,0.0,0.0,0.0,0.0,0.0,0.0,-26407.625,-26407.625,0.0,0.0,54793.1640625,48606.86328125,0.0,0.0,-26407.625,-26407.625,0.0,0.0,-32.521392822265625,-35.203366183063906,WA
8875253,WA,5306,0.11809241026639938,2,0.0,1330232.32421875,1334535.0,2,0,450886.75,0.0,852412.75,0.0,0.0,0.0,0.0,0.0,-40922.8125,0.0,40922.8125,0.0,-5772.0,0.0,5772.0,0.0,0.0,0.0,0.0,0.0,0.0,0.0,0.0,0.0,0.0,0.0,0.0,0.0,0.0,0.0,0.0,0.0,0.0,0.0,0.0,0.0,0.0,0.0,0.0,0.0,0.0,0.0,0.0,0.0,0.0,0.0,0.0,0.0,0.0,0.0,0.0,0.0,0.0,0.0,0.0,0.0,0.0,0.0,0.0,0.0,0.0,0.0,0.0,0.0,0.0,0.0,0.0,0.0,0.0,0.0,0.0,0.0,0.0,0.0,0.0,0.0,0.0,0.0,0.0,0.0,0.0,0.0,0.0,0.0,0.0,0.0,0.0,0.0,0.0,0.0,0.0,0.0,404191.9375,0.0,899107.5625,0.0,-46694.8125,0.0,46694.8125,0.0,-10.356217498074628,0.0,5.4779582023620605,0.0,WA
8875254,WA,5306,0.1069783866405487,2,0.0,0.0,67017.703125,2,0,4250.1923828125,0.0,115600.2734375,36452.00390625,0.0,0.0,0.0,36452.00390625,-376.53125,0.0,376.53125,0.0,-1794.35400390625,0.0,1794.359375,0.0,1194.35400390625,0.0,-1194.359375,0.0,0.0,0.0,0.0,0.0,0.0,0.0,0.0,0.0,0.0,0.0,0.0,0.0,-0.04296875,0.0,0.046875,0.0,0.0,0.0,0.0,0.0,0.0,0.0,0.0,0.0,0.0,0.0,0.0,0.0,0.0,0.0,0.0,0.0,0.0,0.0,0.0,0.0,0.0,0.0,0.0,0.0,0.0,0.0,0.0,0.0,0.0,0.0,0.0,0.0,0.0,0.0,0.0,0.0,-1334.346923828125,0.0,1334.34375,0.0,0.0,0.0,0.0,0.0,0.0,0.0,0.0,0.0,0.0,0.0,0.0,0.0,0.0,0.0,0.0,0.0,1939.271240234375,0.0,117911.1953125,36452.00390625,-2310.921142578125,0.0,2310.921875,0.0,-54.37215387998291,0.0,1.9990626573562622,0.0,WA
8875255,WA,5306,11.081379890441895,4,2.0,0.0,0.0,4,0,0.0,0.0,27464.75390625,2591.924560546875,24872.82958984375,0.0,0.0,27464.754150390625,0.0,0.0,0.0,0.0,0.0,0.0,0.0,0.0,0.0,0.0,0.0,0.0,0.0,0.0,0.0,0.0,0.0,0.0,0.0,0.0,0.0,0.0,0.0,0.0,0.0,0.0,0.0,0.0,0.0,0.0,0.0,0.0,0.0,0.0,0.0,0.0,0.0,0.0,0.0,0.0,0.0,0.0,0.0,0.0,0.0,0.0,0.0,0.0,0.0,0.0,0.0,0.0,0.0,0.0,0.0,0.0,0.0,0.0,0.0,0.0,0.0,0.0,0.0,0.0,0.0,0.0,0.0,0.0,0.0,0.0,0.0,0.0,0.0,0.0,0.0,0.0,0.0,0.0,0.0,0.0,0.0,0.0,0.0,0.0,0.0,0.0,27464.75390625,27464.754150390625,0.0,0.0,0.0,0.0,0.0,0.0,0.0,0.0,WA
8875256,WA,5306,170.73391723632812,1,0.0,0.0,534.6182861328125,1,0,0.0,0.0,53139.4921875,26446.279296875,0.0,0.0,0.0,26446.279296875,0.0,0.0,0.0,0.0,0.0,0.0,0.0,0.0,0.0,0.0,0.0,0.0,0.0,0.0,0.0,0.0,0.0,0.0,0.0,0.0,0.0,0.0,0.0,0.0,0.0,0.0,0.0,0.0,0.0,0.0,0.0,0.0,0.0,0.0,0.0,0.0,0.0,0.0,0.0,0.0,0.0,0.0,0.0,0.0,0.0,0.0,0.0,0.0,0.0,0.0,0.0,0.0,0.0,0.0,0.0,0.0,0.0,0.0,0.0,0.0,0.0,0.0,0.0,0.0,0.0,0.0,0.0,0.0,0.0,0.0,0.0,0.0,0.0,0.0,0.0,0.0,0.0,0.0,0.0,0.0,0.0,0.0,0.0,0.0,0.0,0.0,53139.4921875,26446.279296875,0.0,0.0,0.0,0.0,0.0,0.0,0.0,0.0,WA
8875257,WA,5306,0.11965654790401459,5,3.0,90618.65625,92810.921875,5,0,3241.63818359375,0.0,100204.09375,0.0,0.0,0.0,8430.76904296875,8430.76904296875,-772.32763671875,0.0,772.328125,0.0,-1872.0,0.0,1872.0,0.0,3180.0,0.0,-3180.0,0.0,0.0,0.0,0.0,0.0,-3600.0,0.0,3600.0,0.0,0.0,0.0,0.0,0.0,0.0,0.0,0.0,0.0,0.0,0.0,0.0,0.0,0.0,0.0,0.0,0.0,0.0,0.0,0.0,0.0,0.0,0.0,0.0,0.0,0.0,0.0,0.0,0.0,0.0,0.0,0.0,0.0,0.0,0.0,0.0,0.0,0.0,0.0,0.0,0.0,0.0,0.0,0.0,0.0,0.0,0.0,0.0,0.0,0.0,0.0,0.0,0.0,0.0,0.0,0.0,0.0,0.0,0.0,0.0,0.0,0.0,0.0,0.0,0.0,177.310546875,0.0,103268.421875,8430.76904296875,-3064.32763671875,0.0,3064.328125,0.0,-94.53021784564403,0.0,3.058086633682251,0.0,WA
8875258,WA,5306,147.2213592529297,2,0.0,17718.494140625,17719.322265625,2,0,0.0,0.0,74849.390625,28229.484375,0.0,0.0,0.0,28229.484375,0.0,0.0,0.0,0.0,0.0,0.0,0.0,0.0,0.0,0.0,0.0,0.0,0.0,0.0,0.0,0.0,0.0,0.0,0.0,0.0,0.0,0.0,0.0,0.0,0.0,0.0,0.0,0.0,0.0,0.0,0.0,0.0,0.0,0.0,0.0,0.0,0.0,0.0,0.0,0.0,0.0,0.0,0.0,0.0,0.0,0.0,0.0,0.0,0.0,0.0,0.0,0.0,0.0,0.0,0.0,0.0,0.0,0.0,0.0,0.0,0.0,0.0,0.0,0.0,0.0,0.0,0.0,0.0,0.0,0.0,0.0,0.0,0.0,0.0,0.0,0.0,0.0,0.0,0.0,0.0,0.0,0.0,0.0,0.0,0.0,0.0,74849.390625,28229.484375,0.0,0.0,0.0,0.0,0.0,0.0,0.0,0.0,WA
8875259,WA,5306,50.698204040527344,4,0.0,0.0,0.0,4,0,0.0,0.0,121869.5703125,47910.3046875,26378.958984375,0.0,0.0,74289.263671875,0.0,0.0,0.0,0.0,0.0,0.0,0.0,0.0,0.0,0.0,0.0,0.0,0.0,0.0,0.0,0.0,0.0,0.0,0.0,0.0,0.0,0.0,0.0,0.0,0.0,0.0,0.0,0.0,0.0,0.0,0.0,0.0,0.0,0.0,0.0,0.0,0.0,0.0,0.0,0.0,0.0,0.0,0.0,0.0,0.0,0.0,0.0,0.0,0.0,0.0,0.0,0.0,0.0,0.0,0.0,0.0,0.0,0.0,0.0,0.0,0.0,0.0,0.0,0.0,0.0,0.0,0.0,0.0,0.0,0.0,0.0,0.0,0.0,0.0,0.0,0.0,0.0,0.0,0.0,0.0,0.0,0.0,0.0,0.0,0.0,0.0,121869.5703125,74289.263671875,0.0,0.0,0.0,0.0,0.0,0.0,0.0,0.0,WA
8875260,WA,5306,0.10685554146766663,6,4.0,42276.828125,92183.765625,4,2,455.59814453125,0.0,142750.34375,31335.626953125,3643.428466796875,8553.1171875,8430.76904296875,51962.941650390625,-215.11962890625,0.0,215.109375,0.0,0.0,0.0,0.0,0.0,3180.0,0.0,-3180.0,0.0,0.0,0.0,0.0,0.0,-3600.0,0.0,3600.0,0.0,0.0,0.0,0.0,0.0,-1252.75,0.0,1252.75,0.0,0.0,0.0,0.0,0.0,0.0,0.0,0.0,0.0,0.0,0.0,0.0,0.0,0.0,0.0,0.0,0.0,0.0,0.0,0.0,0.0,0.0,0.0,0.0,0.0,0.0,0.0,0.0,0.0,0.0,0.0,0.0,0.0,0.0,0.0,0.0,0.0,0.0,0.0,0.0,0.0,0.0,0.0,0.0,0.0,0.0,0.0,0.0,0.0,0.0,0.0,0.0,0.0,0.0,0.0,0.0,0.0,-1432.271484375,0.0,144638.203125,51962.941650390625,-1887.86962890625,0.0,1887.859375,0.0,-414.37166756871176,0.0,1.3224902153015137,0.0,WA
8875261,WA,5306,264.158203125,2,0.0,0.0,55.25179481506348,2,0,0.0,0.0,78998.15625,15445.755859375,52815.25,0.0,0.0,68261.005859375,0.0,0.0,0.0,0.0,0.0,0.0,0.0,0.0,0.0,0.0,0.0,0.0,0.0,0.0,0.0,0.0,0.0,0.0,0.0,0.0,0.0,0.0,0.0,0.0,0.0,0.0,0.0,0.0,0.0,0.0,0.0,0.0,0.0,0.0,0.0,0.0,0.0,0.0,0.0,0.0,0.0,0.0,0.0,0.0,0.0,0.0,0.0,0.0,0.0,0.0,0.0,0.0,0.0,0.0,0.0,0.0,0.0,0.0,0.0,0.0,0.0,0.0,0.0,0.0,0.0,0.0,0.0,0.0,0.0,0.0,0.0,0.0,0.0,0.0,0.0,0.0,0.0,0.0,0.0,0.0,0.0,0.0,0.0,0.0,0.0,0.0,78998.15625,68261.005859375,0.0,0.0,0.0,0.0,0.0,0.0,0.0,0.0,WA
8875262,WA,5306,0.12413150072097778,4,1.0,212621.390625,213456.9296875,4,0,28032.37841796875,0.0,177025.84375,0.0,0.0,0.0,0.0,0.0,-4162.20849609375,0.0,4162.21875,0.0,-4367.9998779296875,0.0,4368.0,0.0,4134.0,0.0,-4134.0,0.0,0.0,0.0,0.0,0.0,-2199.9999999999964,0.0,2200.0,0.0,0.0,0.0,0.0,0.0,-5.392578125003638,0.0,5.390625,0.0,0.0,0.0,0.0,0.0,0.0,0.0,0.0,0.0,0.0,0.0,0.0,0.0,-23.000000000003638,0.0,23.0,0.0,0.0,0.0,0.0,0.0,0.0,0.0,0.0,0.0,0.0,0.0,0.0,0.0,0.0,0.0,0.0,0.0,0.0,0.0,0.0,0.0,0.0,0.0,0.0,0.0,-269.4704589843677,0.0,269.46875,0.0,0.0,0.0,0.0,0.0,0.0,0.0,0.0,0.0,0.0,0.0,0.0,0.0,21138.30700683594,0.0,183919.921875,0.0,-6894.071411132809,0.0,6894.078125,0.0,-24.59324466993393,0.0,3.894390821456909,0.0,WA
8875263,WA,5306,0.1108211874961853,2,1.0,120939.1953125,131004.453125,2,0,13710.90625,0.0,121099.59375,0.0,0.0,0.0,0.0,0.0,-2240.5087890625,0.0,2240.5,0.0,0.0,0.0,0.0,0.0,2332.0,0.0,-2332.0,0.0,0.0,0.0,0.0,0.0,-2200.0,0.0,2200.0,0.0,0.0,0.0,0.0,0.0,0.0,0.0,0.0,0.0,0.0,0.0,0.0,0.0,0.0,0.0,0.0,0.0,0.0,0.0,0.0,0.0,0.0,0.0,0.0,0.0,0.0,0.0,0.0,0.0,0.0,0.0,0.0,0.0,0.0,0.0,0.0,0.0,0.0,0.0,0.0,0.0,0.0,0.0,0.0,0.0,0.0,0.0,0.0,0.0,0.0,0.0,0.0,0.0,0.0,0.0,0.0,0.0,0.0,0.0,0.0,0.0,0.0,0.0,0.0,0.0,11602.3974609375,0.0,123208.09375,0.0,-2108.5087890625,0.0,2108.5,0.0,-15.378332771128822,0.0,1.7411288022994995,0.0,WA
8875264,WA,5306,136.29013061523438,2,0.0,8806.1181640625,8806.1181640625,2,0,0.0,0.0,73630.2265625,31671.619140625,0.0,0.0,0.0,31671.619140625,0.0,0.0,0.0,0.0,0.0,0.0,0.0,0.0,0.0,0.0,0.0,0.0,0.0,0.0,0.0,0.0,0.0,0.0,0.0,0.0,0.0,0.0,0.0,0.0,0.0,0.0,0.0,0.0,0.0,0.0,0.0,0.0,0.0,0.0,0.0,0.0,0.0,0.0,0.0,0.0,0.0,0.0,0.0,0.0,0.0,0.0,0.0,0.0,0.0,0.0,0.0,0.0,0.0,0.0,0.0,0.0,0.0,0.0,0.0,0.0,0.0,0.0,0.0,0.0,0.0,0.0,0.0,0.0,0.0,0.0,0.0,0.0,0.0,0.0,0.0,0.0,0.0,0.0,0.0,0.0,0.0,0.0,0.0,0.0,0.0,0.0,73630.2265625,31671.619140625,0.0,0.0,0.0,0.0,0.0,0.0,0.0,0.0,WA
8875265,WA,5306,0.10919968038797379,3,1.0,141002.6328125,142967.359375,3,0,16541.322265625,0.0,153257.90625,0.0,0.0,0.0,0.0,0.0,-2814.865234375,0.0,2814.875,0.0,-2838.994140625,0.0,2839.0,0.0,2904.994140625,0.0,-2905.0,0.0,0.0,0.0,0.0,0.0,-2200.0,0.0,2200.0,0.0,0.0,0.0,0.0,0.0,0.0,0.0,0.0,0.0,0.0,0.0,0.0,0.0,0.0,0.0,0.0,0.0,0.0,0.0,0.0,0.0,-299.951171875,0.0,299.953125,0.0,0.0,0.0,0.0,0.0,0.0,0.0,0.0,0.0,0.0,0.0,0.0,0.0,0.0,0.0,0.0,0.0,0.0,0.0,0.0,0.0,0.0,0.0,0.0,0.0,0.0,0.0,0.0,0.0,0.0,0.0,0.0,0.0,0.0,0.0,0.0,0.0,0.0,0.0,0.0,0.0,11292.505859375,0.0,158506.734375,0.0,-5248.81640625,0.0,5248.828125,0.0,-31.731540695254555,0.0,3.424833297729492,0.0,WA
8875266,WA,5306,123.41944122314453,5,3.0,0.0,0.0,5,0,0.0,0.0,89178.953125,11437.8896484375,68895.09326171875,0.0,0.0,80332.98291015625,0.0,0.0,0.0,0.0,0.0,0.0,0.0,0.0,0.0,0.0,0.0,0.0,0.0,0.0,0.0,0.0,0.0,0.0,0.0,0.0,0.0,0.0,0.0,0.0,0.0,0.0,0.0,0.0,0.0,0.0,0.0,0.0,0.0,0.0,0.0,0.0,0.0,0.0,0.0,0.0,0.0,0.0,0.0,0.0,0.0,0.0,0.0,0.0,0.0,0.0,0.0,0.0,0.0,0.0,0.0,0.0,0.0,0.0,0.0,0.0,0.0,0.0,0.0,0.0,0.0,0.0,0.0,0.0,0.0,0.0,0.0,0.0,0.0,0.0,0.0,0.0,0.0,0.0,0.0,0.0,0.0,0.0,0.0,0.0,0.0,0.0,89178.953125,80332.98291015625,0.0,0.0,0.0,0.0,0.0,0.0,0.0,0.0,WA
8875267,WA,5306,139.93553161621094,1,0.0,0.0,1.6545404195785522,1,0,0.0,0.0,49206.69140625,24745.970703125,0.0,0.0,0.0,24745.970703125,0.0,0.0,0.0,0.0,0.0,0.0,0.0,0.0,0.0,0.0,0.0,0.0,0.0,0.0,0.0,0.0,0.0,0.0,0.0,0.0,0.0,0.0,0.0,0.0,0.0,0.0,0.0,0.0,0.0,0.0,0.0,0.0,0.0,0.0,0.0,0.0,0.0,0.0,0.0,0.0,0.0,0.0,0.0,0.0,0.0,0.0,0.0,0.0,0.0,0.0,0.0,0.0,0.0,0.0,0.0,0.0,0.0,0.0,0.0,0.0,0.0,0.0,0.0,0.0,0.0,0.0,0.0,0.0,0.0,0.0,0.0,0.0,0.0,0.0,0.0,0.0,0.0,0.0,0.0,0.0,0.0,0.0,0.0,0.0,0.0,0.0,49206.69140625,24745.970703125,0.0,0.0,0.0,0.0,0.0,0.0,0.0,0.0,WA
8875268,WA,5306,0.15600739419460297,3,1.0,127191.64453125,127191.640625,3,0,12988.74609375,0.0,146045.84375,11113.1318359375,26407.625,0.0,0.0,37520.7568359375,-2121.7490234375,0.0,2121.75,0.0,-1872.0,0.0,1872.0,0.0,1908.0,0.0,-1908.0,0.0,0.0,0.0,0.0,0.0,-500.0,0.0,500.0,0.0,0.0,0.0,0.0,0.0,0.0,0.0,0.0,0.0,0.0,0.0,0.0,0.0,0.0,0.0,0.0,0.0,0.0,0.0,0.0,0.0,-118.126953125,0.0,118.125,0.0,0.0,0.0,0.0,0.0,0.0,0.0,0.0,0.0,0.0,0.0,0.0,0.0,0.0,0.0,0.0,0.0,-1254.3671875,0.0,1254.375,0.0,0.0,0.0,0.0,0.0,0.0,0.0,0.0,0.0,0.0,0.0,0.0,0.0,0.0,0.0,0.0,0.0,0.0,0.0,0.0,0.0,9030.5029296875,0.0,150004.09375,37520.7568359375,-3958.2431640625,0.0,3958.25,0.0,-30.474405577665042,0.0,2.7102789878845215,0.0,WA
8875269,WA,5306,0.1586851179599762,2,0.0,112660.78125,128870.39453125,2,0,19488.656646728516,0.0,108323.953125,0.0,8792.986328125,0.0,0.0,8792.986328125,-2722.32421875,0.0,2722.3203125,0.0,-1976.9603576660156,0.0,1976.9609375,0.0,1176.9613285064697,0.0,-1176.9609375,0.0,0.0,0.0,0.0,0.0,0.0,0.0,0.0,0.0,0.0,0.0,0.0,0.0,-10.961328506469727,0.0,10.9609375,0.0,0.0,0.0,0.0,0.0,0.0,0.0,0.0,0.0,0.0,0.0,0.0,0.0,0.0,0.0,0.0,0.0,0.0,0.0,0.0,0.0,0.0,0.0,0.0,0.0,0.0,0.0,0.0,0.0,0.0,0.0,0.0,0.0,0.0,0.0,0.0,0.0,0.0,0.0,0.0,0.0,0.0,0.0,0.0,0.0,0.0,0.0,0.0,0.0,0.0,0.0,0.0,0.0,0.0,0.0,0.0,0.0,15955.3720703125,0.0,111857.234375,8792.986328125,-3533.2845764160156,0.0,3533.28125,0.0,-18.129954467688435,0.0,3.261772871017456,0.0,WA
8875270,WA,5306,79.18876647949219,1,0.0,13937.416015625,15685.0634765625,1,0,208.50634765625,0.0,29117.732421875,5914.40234375,8792.986328125,0.0,0.0,14707.388671875,0.0,0.0,0.0,0.0,-208.50634765625,0.0,208.505859375,0.0,0.0,0.0,0.0,0.0,0.0,0.0,0.0,0.0,0.0,0.0,0.0,0.0,0.0,0.0,0.0,0.0,0.0,0.0,0.0,0.0,0.0,0.0,0.0,0.0,0.0,0.0,0.0,0.0,0.0,0.0,0.0,0.0,0.0,0.0,0.0,0.0,0.0,0.0,0.0,0.0,0.0,0.0,0.0,0.0,0.0,0.0,0.0,0.0,0.0,0.0,0.0,0.0,0.0,0.0,0.0,0.0,0.0,0.0,0.0,0.0,0.0,0.0,0.0,0.0,0.0,0.0,0.0,0.0,0.0,0.0,0.0,0.0,0.0,0.0,0.0,0.0,0.0,0.0,29326.23828125,14707.388671875,-208.50634765625,0.0,208.505859375,0.0,-100.0,0.0,0.7160785794258118,0.0,WA
8875271,WA,5306,0.1890515238046646,4,2.0,95469.2109375,138374.4375,3,1,12482.7373046875,0.0,126431.203125,0.0,0.0,0.0,0.0,0.0,-2130.5478515625,0.0,2130.546875,0.0,-1201.2568359375,0.0,1201.2578125,0.0,3081.443359375,0.0,-3081.4453125,0.0,0.0,0.0,0.0,0.0,-3850.0,0.0,3850.0,0.0,0.0,0.0,0.0,0.0,-1100.0,0.0,1100.0,0.0,0.0,0.0,0.0,0.0,0.0,0.0,0.0,0.0,0.0,0.0,0.0,0.0,-277.443359375,0.0,277.453125,0.0,0.0,0.0,0.0,0.0,0.0,0.0,0.0,0.0,0.0,0.0,0.0,0.0,0.0,0.0,0.0,0.0,0.0,0.0,0.0,0.0,0.0,0.0,0.0,0.0,0.0,0.0,0.0,0.0,0.0,0.0,0.0,0.0,0.0,0.0,0.0,0.0,0.0,0.0,0.0,0.0,7004.9326171875,0.0,131909.015625,0.0,-5477.8046875,0.0,5477.8125,0.0,-43.883040664830645,0.0,4.332643032073975,0.0,WA
8875272,WA,5306,0.158782958984375,1,0.0,0.0,9741.0400390625,1,0,0.0,0.0,79451.875,34878.12890625,0.0,0.0,0.0,34878.12890625,0.0,0.0,0.0,0.0,0.0,0.0,0.0,0.0,0.0,0.0,0.0,0.0,0.0,0.0,0.0,0.0,0.0,0.0,0.0,0.0,0.0,0.0,0.0,0.0,0.0,0.0,0.0,0.0,0.0,0.0,0.0,0.0,0.0,0.0,0.0,0.0,0.0,0.0,0.0,0.0,0.0,0.0,0.0,0.0,0.0,0.0,0.0,0.0,0.0,0.0,0.0,0.0,0.0,0.0,0.0,0.0,0.0,0.0,0.0,0.0,0.0,0.0,0.0,0.0,0.0,0.0,0.0,0.0,0.0,0.0,0.0,0.0,0.0,0.0,0.0,0.0,0.0,0.0,0.0,0.0,0.0,0.0,0.0,0.0,0.0,0.0,79451.875,34878.12890625,0.0,0.0,0.0,0.0,0.0,0.0,0.0,0.0,WA
8875273,WA,5306,1.6460599899291992,1,0.0,0.0,0.0,1,0,0.0,0.0,0.0,0.0,0.0,0.0,0.0,0.0,0.0,0.0,0.0,0.0,0.0,0.0,0.0,0.0,0.0,0.0,0.0,0.0,0.0,0.0,0.0,0.0,0.0,0.0,0.0,0.0,0.0,0.0,0.0,0.0,0.0,0.0,0.0,0.0,0.0,0.0,0.0,0.0,0.0,0.0,0.0,0.0,0.0,0.0,0.0,0.0,0.0,0.0,0.0,0.0,0.0,0.0,0.0,0.0,0.0,0.0,0.0,0.0,0.0,0.0,0.0,0.0,0.0,0.0,0.0,0.0,0.0,0.0,0.0,0.0,0.0,0.0,0.0,0.0,0.0,0.0,0.0,0.0,0.0,0.0,0.0,0.0,0.0,0.0,0.0,0.0,0.0,0.0,0.0,0.0,0.0,0.0,0.0,0.0,0.0,0.0,0.0,0.0,0.0,0.0,0.0,0.0,WA
8875274,WA,5306,39.58344268798828,1,0.0,0.0,0.0,1,0,0.0,0.0,44304.859375,9722.6708984375,26407.625,0.0,0.0,36130.2958984375,0.0,0.0,0.0,0.0,0.0,0.0,0.0,0.0,0.0,0.0,0.0,0.0,0.0,0.0,0.0,0.0,0.0,0.0,0.0,0.0,0.0,0.0,0.0,0.0,0.0,0.0,0.0,0.0,0.0,0.0,0.0,0.0,0.0,0.0,0.0,0.0,0.0,0.0,0.0,0.0,0.0,0.0,0.0,0.0,0.0,0.0,0.0,0.0,0.0,0.0,0.0,0.0,0.0,0.0,0.0,0.0,0.0,0.0,0.0,0.0,0.0,0.0,0.0,0.0,0.0,0.0,0.0,0.0,0.0,0.0,0.0,0.0,0.0,0.0,0.0,0.0,0.0,0.0,0.0,0.0,0.0,0.0,0.0,0.0,0.0,0.0,44304.859375,36130.2958984375,0.0,0.0,0.0,0.0,0.0,0.0,0.0,0.0,WA
8875275,WA,5306,0.30983954668045044,4,2.0,141804.453125,141806.3125,4,0,14482.333984375,0.0,119643.4375,2.1798830032348633,0.0,0.0,0.0,2.1798830032348633,-2615.8798828125,0.0,2615.875,0.0,-2153.6962890625,0.0,2153.703125,0.0,3424.630859375,0.0,-3424.6328125,0.0,0.0,0.0,0.0,0.0,-4000.0,0.0,4000.0,0.0,0.0,0.0,0.0,0.0,0.0,0.0,0.0,0.0,0.0,0.0,0.0,0.0,0.0,0.0,0.0,0.0,0.0,0.0,0.0,0.0,-0.4912109375,0.0,0.4921875,0.0,0.0,0.0,0.0,0.0,0.0,0.0,0.0,0.0,0.0,0.0,0.0,0.0,0.0,0.0,0.0,0.0,0.0,0.0,0.0,0.0,0.0,0.0,0.0,0.0,0.0,0.0,0.0,0.0,0.0,0.0,0.0,0.0,0.0,0.0,0.0,0.0,0.0,0.0,0.0,0.0,9136.8974609375,0.0,124988.875,2.1798830032348633,-5345.4365234375,0.0,5345.4375,0.0,-36.91004867865011,0.0,4.467806816101074,0.0,WA
8875276,WA,5306,0.42364174127578735,1,0.0,0.0,0.0,1,0,0.0,0.0,8792.986328125,0.0,8792.986328125,0.0,0.0,8792.986328125,0.0,0.0,0.0,0.0,0.0,0.0,0.0,0.0,0.0,0.0,0.0,0.0,0.0,0.0,0.0,0.0,0.0,0.0,0.0,0.0,0.0,0.0,0.0,0.0,0.0,0.0,0.0,0.0,0.0,0.0,0.0,0.0,0.0,0.0,0.0,0.0,0.0,0.0,0.0,0.0,0.0,0.0,0.0,0.0,0.0,0.0,0.0,0.0,0.0,0.0,0.0,0.0,0.0,0.0,0.0,0.0,0.0,0.0,0.0,0.0,0.0,0.0,0.0,0.0,0.0,0.0,0.0,0.0,0.0,0.0,0.0,0.0,0.0,0.0,0.0,0.0,0.0,0.0,0.0,0.0,0.0,0.0,0.0,0.0,0.0,0.0,8792.986328125,8792.986328125,0.0,0.0,0.0,0.0,0.0,0.0,0.0,0.0,WA
8875277,WA,5306,513.2244262695312,3,1.0,0.0,3298.838134765625,3,0,0.0,0.0,51994.953125,3036.04736328125,18042.986328125,0.0,0.0,21079.03369140625,0.0,0.0,0.0,0.0,0.0,0.0,0.0,0.0,0.0,0.0,0.0,0.0,0.0,0.0,0.0,0.0,0.0,0.0,0.0,0.0,0.0,0.0,0.0,0.0,0.0,0.0,0.0,0.0,0.0,0.0,0.0,0.0,0.0,0.0,0.0,0.0,0.0,0.0,0.0,0.0,0.0,0.0,0.0,0.0,0.0,0.0,0.0,0.0,0.0,0.0,0.0,0.0,0.0,0.0,0.0,0.0,0.0,0.0,0.0,0.0,0.0,0.0,0.0,0.0,0.0,0.0,0.0,0.0,0.0,0.0,0.0,0.0,0.0,0.0,0.0,0.0,0.0,0.0,0.0,0.0,0.0,0.0,0.0,0.0,0.0,0.0,51994.953125,21079.03369140625,0.0,0.0,0.0,0.0,0.0,0.0,0.0,0.0,WA
8875278,WA,5306,0.14607788622379303,2,1.0,90593.203125,90593.203125,2,0,8293.98046875,0.0,75368.84375,0.0,0.0,0.0,0.0,0.0,-1182.7958984375,0.0,1182.796875,0.0,-1872.0,0.0,1872.0,0.0,1272.0,0.0,-1272.0,0.0,0.0,0.0,0.0,0.0,-500.0,0.0,500.0,0.0,0.0,0.0,0.0,0.0,-600.0,0.0,600.0,0.0,0.0,0.0,0.0,0.0,0.0,0.0,0.0,0.0,0.0,0.0,0.0,0.0,0.0,0.0,0.0,0.0,0.0,0.0,0.0,0.0,0.0,0.0,0.0,0.0,0.0,0.0,0.0,0.0,0.0,0.0,0.0,0.0,0.0,0.0,0.0,0.0,0.0,0.0,0.0,0.0,0.0,0.0,0.0,0.0,0.0,0.0,0.0,0.0,0.0,0.0,0.0,0.0,0.0,0.0,0.0,0.0,5411.1845703125,0.0,78251.640625,0.0,-2882.7958984375,0.0,2882.796875,0.0,-34.75768853446518,0.0,3.824918746948242,0.0,WA
8875279,WA,5306,0.2067081779241562,4,1.0,162603.18359375,224455.8671875,4,0,30133.62255859375,0.0,193338.90625,0.0,0.0,11416.888671875,0.0,11416.888671875,-4466.37451171875,0.0,4466.375,0.0,-3984.2928466796875,0.0,3984.296875,0.0,3939.5078125,0.0,-3939.515625,0.0,0.0,0.0,0.0,0.0,-2200.0,0.0,2200.0,0.0,0.0,0.0,0.0,0.0,-2736.0625,0.0,2736.0625,0.0,0.0,0.0,0.0,0.0,0.0,0.0,0.0,0.0,0.0,0.0,0.0,0.0,-440.0,0.0,440.0,0.0,0.0,0.0,0.0,0.0,0.0,0.0,0.0,0.0,0.0,0.0,0.0,0.0,-2.638671875,0.0,2.640625,0.0,0.0,0.0,0.0,0.0,0.0,0.0,0.0,0.0,-541.2564697265625,0.0,541.25,0.0,0.0,0.0,0.0,0.0,0.0,0.0,0.0,0.0,0.0,0.0,0.0,0.0,19702.50537109375,0.0,203770.015625,11416.888671875,-10431.1171875,0.0,10431.109375,0.0,-34.61620708634372,0.0,5.3952460289001465,0.0,WA
8875280,WA,5306,241.57843017578125,1,0.0,0.0,0.0,1,0,0.0,0.0,57668.3828125,20797.318359375,26407.625,0.0,0.0,47204.943359375,0.0,0.0,0.0,0.0,0.0,0.0,0.0,0.0,0.0,0.0,0.0,0.0,0.0,0.0,0.0,0.0,0.0,0.0,0.0,0.0,0.0,0.0,0.0,0.0,0.0,0.0,0.0,0.0,0.0,0.0,0.0,0.0,0.0,0.0,0.0,0.0,0.0,0.0,0.0,0.0,0.0,0.0,0.0,0.0,0.0,0.0,0.0,0.0,0.0,0.0,0.0,0.0,0.0,0.0,0.0,0.0,0.0,0.0,0.0,0.0,0.0,0.0,0.0,0.0,0.0,0.0,0.0,0.0,0.0,0.0,0.0,0.0,0.0,0.0,0.0,0.0,0.0,0.0,0.0,0.0,0.0,0.0,0.0,0.0,0.0,0.0,57668.3828125,47204.943359375,0.0,0.0,0.0,0.0,0.0,0.0,0.0,0.0,WA
8875281,WA,5306,122.9057388305664,3,0.0,0.0,0.8272702097892761,3,0,0.0,0.0,125649.671875,62824.2265625,0.0,0.0,0.0,62824.2265625,0.0,0.0,0.0,0.0,0.0,0.0,0.0,0.0,0.0,0.0,0.0,0.0,0.0,0.0,0.0,0.0,0.0,0.0,0.0,0.0,0.0,0.0,0.0,0.0,0.0,0.0,0.0,0.0,0.0,0.0,0.0,0.0,0.0,0.0,0.0,0.0,0.0,0.0,0.0,0.0,0.0,0.0,0.0,0.0,0.0,0.0,0.0,0.0,0.0,0.0,0.0,0.0,0.0,0.0,0.0,0.0,0.0,0.0,0.0,0.0,0.0,0.0,0.0,0.0,0.0,0.0,0.0,0.0,0.0,0.0,0.0,0.0,0.0,0.0,0.0,0.0,0.0,0.0,0.0,0.0,0.0,0.0,0.0,0.0,0.0,0.0,125649.671875,62824.2265625,0.0,0.0,0.0,0.0,0.0,0.0,0.0,0.0,WA
8875282,WA,5306,298.3472595214844,1,0.0,10038.59765625,10039.4248046875,1,0,0.0,0.0,40851.44140625,3596.039794921875,26407.625,0.0,0.0,30003.664794921875,0.0,0.0,0.0,0.0,0.0,0.0,0.0,0.0,0.0,0.0,0.0,0.0,0.0,0.0,0.0,0.0,0.0,0.0,0.0,0.0,0.0,0.0,0.0,0.0,0.0,0.0,0.0,0.0,0.0,0.0,0.0,0.0,0.0,0.0,0.0,0.0,0.0,0.0,0.0,0.0,0.0,0.0,0.0,0.0,0.0,0.0,0.0,0.0,0.0,0.0,0.0,0.0,0.0,0.0,0.0,0.0,0.0,0.0,0.0,0.0,0.0,0.0,0.0,0.0,0.0,0.0,0.0,0.0,0.0,0.0,0.0,0.0,0.0,0.0,0.0,0.0,0.0,0.0,0.0,0.0,0.0,0.0,0.0,0.0,0.0,0.0,40851.44140625,30003.664794921875,0.0,0.0,0.0,0.0,0.0,0.0,0.0,0.0,WA
8875283,WA,5306,24.59232521057129,1,0.0,0.0,11.581783294677734,1,0,0.0,0.0,8810.0185546875,0.0,8792.986328125,0.0,0.0,8792.986328125,0.0,0.0,0.0,0.0,0.0,0.0,0.0,0.0,0.0,0.0,0.0,0.0,0.0,0.0,0.0,0.0,0.0,0.0,0.0,0.0,0.0,0.0,0.0,0.0,0.0,0.0,0.0,0.0,0.0,0.0,0.0,0.0,0.0,0.0,0.0,0.0,0.0,0.0,0.0,0.0,0.0,0.0,0.0,0.0,0.0,0.0,0.0,0.0,0.0,0.0,0.0,0.0,0.0,0.0,0.0,0.0,0.0,0.0,0.0,0.0,0.0,0.0,0.0,0.0,0.0,0.0,0.0,0.0,0.0,0.0,0.0,0.0,0.0,0.0,0.0,0.0,0.0,0.0,0.0,0.0,0.0,0.0,0.0,0.0,0.0,0.0,8810.0185546875,8792.986328125,0.0,0.0,0.0,0.0,0.0,0.0,0.0,0.0,WA
8875284,WA,5306,0.21380923688411713,2,0.0,167286.3828125,274689.0625,2,0,51718.41015625,0.0,318008.1875,79557.0078125,0.0,0.0,0.0,79557.0078125,-1365.3203125,0.0,1365.3125,0.0,0.0,0.0,0.0,0.0,-0.01171875,0.0,0.0,0.0,0.0,0.0,0.0,0.0,0.0,0.0,0.0,0.0,0.0,0.0,0.0,0.0,-1950.0,0.0,1950.0,0.0,-6509.9375,0.0,6509.9375,0.0,0.0,0.0,0.0,0.0,0.0,0.0,0.0,0.0,0.0,0.0,0.0,0.0,0.0,0.0,0.0,0.0,0.0,0.0,0.0,0.0,0.0,0.0,0.0,0.0,0.0,0.0,0.0,0.0,0.0,0.0,0.0,0.0,-1084.4765625,0.0,1084.5,0.0,0.0,0.0,0.0,0.0,0.0,0.0,0.0,0.0,0.0,0.0,0.0,0.0,0.0,0.0,0.0,0.0,40808.6640625,0.0,328917.9375,79557.0078125,-10909.74609375,0.0,10909.75,0.0,-21.094511723755286,0.0,3.4306507110595703,0.0,WA
8875285,WA,5306,410.1177673339844,2,0.0,0.0,0.0,2,0,0.0,0.0,57702.66796875,4887.4169921875,52815.25,0.0,0.0,57702.6669921875,0.0,0.0,0.0,0.0,0.0,0.0,0.0,0.0,0.0,0.0,0.0,0.0,0.0,0.0,0.0,0.0,0.0,0.0,0.0,0.0,0.0,0.0,0.0,0.0,0.0,0.0,0.0,0.0,0.0,0.0,0.0,0.0,0.0,0.0,0.0,0.0,0.0,0.0,0.0,0.0,0.0,0.0,0.0,0.0,0.0,0.0,0.0,0.0,0.0,0.0,0.0,0.0,0.0,0.0,0.0,0.0,0.0,0.0,0.0,0.0,0.0,0.0,0.0,0.0,0.0,0.0,0.0,0.0,0.0,0.0,0.0,0.0,0.0,0.0,0.0,0.0,0.0,0.0,0.0,0.0,0.0,0.0,0.0,0.0,0.0,0.0,57702.66796875,57702.6669921875,0.0,0.0,0.0,0.0,0.0,0.0,0.0,0.0,WA
8875286,WA,5306,0.1509304642677307,2,0.0,0.0,19156.818359375,2,0,0.0,0.0,63008.3359375,21868.525390625,0.0,0.0,0.0,21868.525390625,0.0,0.0,0.0,0.0,0.0,0.0,0.0,0.0,0.0,0.0,0.0,0.0,0.0,0.0,0.0,0.0,0.0,0.0,0.0,0.0,0.0,0.0,0.0,0.0,0.0,0.0,0.0,0.0,0.0,0.0,0.0,0.0,0.0,0.0,0.0,0.0,0.0,0.0,0.0,0.0,0.0,0.0,0.0,0.0,0.0,0.0,0.0,0.0,0.0,0.0,0.0,0.0,0.0,0.0,0.0,0.0,0.0,0.0,0.0,0.0,0.0,0.0,0.0,0.0,0.0,0.0,0.0,0.0,0.0,0.0,0.0,0.0,0.0,0.0,0.0,0.0,0.0,0.0,0.0,0.0,0.0,0.0,0.0,0.0,0.0,0.0,63008.3359375,21868.525390625,0.0,0.0,0.0,0.0,0.0,0.0,0.0,0.0,WA
8875287,WA,5306,0.5354635119438171,1,0.0,0.0,2932234.25,1,0,905598.625,71728.0,1945405.5,24327.494140625,0.0,0.0,0.0,24327.494140625,-28564.375,0.0,28564.5,0.0,-2886.0,0.0,2886.0,0.0,0.0,0.0,0.0,0.0,0.0,0.0,0.0,0.0,0.0,0.0,0.0,0.0,0.0,0.0,0.0,0.0,-1850.0,0.0,1850.0,0.0,0.0,0.0,0.0,0.0,0.0,0.0,0.0,0.0,0.0,0.0,0.0,0.0,0.0,0.0,0.0,0.0,0.0,0.0,0.0,0.0,0.0,0.0,0.0,0.0,0.0,0.0,0.0,0.0,0.0,0.0,0.0,0.0,0.0,0.0,0.0,0.0,0.0,0.0,0.0,0.0,0.0,0.0,0.0,0.0,0.0,0.0,0.0,0.0,0.0,0.0,0.0,0.0,0.0,0.0,0.0,0.0,872298.25,71728.0,1978706.0,24327.494140625,-33300.375,0.0,33300.5,0.0,-3.67716713350796,0.0,1.711751103401184,0.0,WA
8875288,WA,5306,208.37135314941406,2,0.0,0.0,41.36351013183594,2,0,0.0,0.0,106526.3125,53232.7421875,0.0,0.0,0.0,53232.7421875,0.0,0.0,0.0,0.0,0.0,0.0,0.0,0.0,0.0,0.0,0.0,0.0,0.0,0.0,0.0,0.0,0.0,0.0,0.0,0.0,0.0,0.0,0.0,0.0,0.0,0.0,0.0,0.0,0.0,0.0,0.0,0.0,0.0,0.0,0.0,0.0,0.0,0.0,0.0,0.0,0.0,0.0,0.0,0.0,0.0,0.0,0.0,0.0,0.0,0.0,0.0,0.0,0.0,0.0,0.0,0.0,0.0,0.0,0.0,0.0,0.0,0.0,0.0,0.0,0.0,0.0,0.0,0.0,0.0,0.0,0.0,0.0,0.0,0.0,0.0,0.0,0.0,0.0,0.0,0.0,0.0,0.0,0.0,0.0,0.0,0.0,106526.3125,53232.7421875,0.0,0.0,0.0,0.0,0.0,0.0,0.0,0.0,WA
8875289,WA,5306,326.6097717285156,1,0.0,0.0,0.0,1,0,0.0,0.0,34783.6875,20579.572265625,0.0,0.0,0.0,20579.572265625,0.0,0.0,0.0,0.0,0.0,0.0,0.0,0.0,0.0,0.0,0.0,0.0,0.0,0.0,0.0,0.0,0.0,0.0,0.0,0.0,0.0,0.0,0.0,0.0,0.0,0.0,0.0,0.0,0.0,0.0,0.0,0.0,0.0,0.0,0.0,0.0,0.0,0.0,0.0,0.0,0.0,0.0,0.0,0.0,0.0,0.0,0.0,0.0,0.0,0.0,0.0,0.0,0.0,0.0,0.0,0.0,0.0,0.0,0.0,0.0,0.0,0.0,0.0,0.0,0.0,0.0,0.0,0.0,0.0,0.0,0.0,0.0,0.0,0.0,0.0,0.0,0.0,0.0,0.0,0.0,0.0,0.0,0.0,0.0,0.0,0.0,34783.6875,20579.572265625,0.0,0.0,0.0,0.0,0.0,0.0,0.0,0.0,WA
8875290,WA,5306,0.14713698625564575,2,0.0,139333.1875,140896.734375,2,0,17349.18359375,0.0,115988.21875,0.0,0.0,0.0,0.0,0.0,-2911.90234375,0.0,2911.90625,0.0,-3161.6728515625,0.0,3161.671875,0.0,2061.6728515625,0.0,-2061.671875,0.0,0.0,0.0,0.0,0.0,0.0,0.0,0.0,0.0,0.0,0.0,0.0,0.0,0.0,0.0,0.0,0.0,0.0,0.0,0.0,0.0,0.0,0.0,0.0,0.0,0.0,0.0,0.0,0.0,-440.0,0.0,440.0,0.0,0.0,0.0,0.0,0.0,0.0,0.0,0.0,0.0,0.0,0.0,0.0,0.0,0.0,0.0,0.0,0.0,0.0,0.0,0.0,0.0,0.0,0.0,0.0,0.0,0.0,0.0,0.0,0.0,0.0,0.0,0.0,0.0,0.0,0.0,0.0,0.0,0.0,0.0,0.0,0.0,12897.28125,0.0,120440.125,0.0,-4451.90234375,0.0,4451.90625,0.0,-25.660586964759464,0.0,3.838239908218384,0.0,WA
8875291,WA,5306,294.763427734375,1,0.0,0.0,2409.017578125,1,0,0.0,0.0,30842.54296875,15353.837890625,0.0,0.0,0.0,15353.837890625,0.0,0.0,0.0,0.0,0.0,0.0,0.0,0.0,0.0,0.0,0.0,0.0,0.0,0.0,0.0,0.0,0.0,0.0,0.0,0.0,0.0,0.0,0.0,0.0,0.0,0.0,0.0,0.0,0.0,0.0,0.0,0.0,0.0,0.0,0.0,0.0,0.0,0.0,0.0,0.0,0.0,0.0,0.0,0.0,0.0,0.0,0.0,0.0,0.0,0.0,0.0,0.0,0.0,0.0,0.0,0.0,0.0,0.0,0.0,0.0,0.0,0.0,0.0,0.0,0.0,0.0,0.0,0.0,0.0,0.0,0.0,0.0,0.0,0.0,0.0,0.0,0.0,0.0,0.0,0.0,0.0,0.0,0.0,0.0,0.0,0.0,30842.54296875,15353.837890625,0.0,0.0,0.0,0.0,0.0,0.0,0.0,0.0,WA
8875292,WA,5306,24.7885799407959,1,0.0,0.0,0.0,1,0,0.0,0.0,34166.66796875,4044.520751953125,26407.625,0.0,0.0,30452.145751953125,0.0,0.0,0.0,0.0,0.0,0.0,0.0,0.0,0.0,0.0,0.0,0.0,0.0,0.0,0.0,0.0,0.0,0.0,0.0,0.0,0.0,0.0,0.0,0.0,0.0,0.0,0.0,0.0,0.0,0.0,0.0,0.0,0.0,0.0,0.0,0.0,0.0,0.0,0.0,0.0,0.0,0.0,0.0,0.0,0.0,0.0,0.0,0.0,0.0,0.0,0.0,0.0,0.0,0.0,0.0,0.0,0.0,0.0,0.0,0.0,0.0,0.0,0.0,0.0,0.0,0.0,0.0,0.0,0.0,0.0,0.0,0.0,0.0,0.0,0.0,0.0,0.0,0.0,0.0,0.0,0.0,0.0,0.0,0.0,0.0,0.0,34166.66796875,30452.145751953125,0.0,0.0,0.0,0.0,0.0,0.0,0.0,0.0,WA
8875293,WA,5306,42.00569534301758,1,0.0,0.0,0.0,1,0,0.0,0.0,32385.1171875,16501.400390625,0.0,0.0,0.0,16501.400390625,0.0,0.0,0.0,0.0,0.0,0.0,0.0,0.0,0.0,0.0,0.0,0.0,0.0,0.0,0.0,0.0,0.0,0.0,0.0,0.0,0.0,0.0,0.0,0.0,0.0,0.0,0.0,0.0,0.0,0.0,0.0,0.0,0.0,0.0,0.0,0.0,0.0,0.0,0.0,0.0,0.0,0.0,0.0,0.0,0.0,0.0,0.0,0.0,0.0,0.0,0.0,0.0,0.0,0.0,0.0,0.0,0.0,0.0,0.0,0.0,0.0,0.0,0.0,0.0,0.0,0.0,0.0,0.0,0.0,0.0,0.0,0.0,0.0,0.0,0.0,0.0,0.0,0.0,0.0,0.0,0.0,0.0,0.0,0.0,0.0,0.0,32385.1171875,16501.400390625,0.0,0.0,0.0,0.0,0.0,0.0,0.0,0.0,WA
8875294,WA,5306,77.14723205566406,1,0.0,0.0,691.5978393554688,1,0,0.0,0.0,71711.5625,32698.244140625,0.0,0.0,0.0,32698.244140625,0.0,0.0,0.0,0.0,0.0,0.0,0.0,0.0,0.0,0.0,0.0,0.0,0.0,0.0,0.0,0.0,0.0,0.0,0.0,0.0,0.0,0.0,0.0,0.0,0.0,0.0,0.0,0.0,0.0,0.0,0.0,0.0,0.0,0.0,0.0,0.0,0.0,0.0,0.0,0.0,0.0,0.0,0.0,0.0,0.0,0.0,0.0,0.0,0.0,0.0,0.0,0.0,0.0,0.0,0.0,0.0,0.0,0.0,0.0,0.0,0.0,0.0,0.0,0.0,0.0,0.0,0.0,0.0,0.0,0.0,0.0,0.0,0.0,0.0,0.0,0.0,0.0,0.0,0.0,0.0,0.0,0.0,0.0,0.0,0.0,0.0,71711.5625,32698.244140625,0.0,0.0,0.0,0.0,0.0,0.0,0.0,0.0,WA
8875295,WA,5306,0.42287322878837585,1,0.0,0.0,0.8272702097892761,1,0,0.0,0.0,48032.09375,19618.947265625,8792.986328125,0.0,0.0,28411.93359375,0.0,0.0,0.0,0.0,0.0,0.0,0.0,0.0,0.0,0.0,0.0,0.0,0.0,0.0,0.0,0.0,0.0,0.0,0.0,0.0,0.0,0.0,0.0,0.0,0.0,0.0,0.0,0.0,0.0,0.0,0.0,0.0,0.0,0.0,0.0,0.0,0.0,0.0,0.0,0.0,0.0,0.0,0.0,0.0,0.0,0.0,0.0,0.0,0.0,0.0,0.0,0.0,0.0,0.0,0.0,0.0,0.0,0.0,0.0,0.0,0.0,0.0,0.0,0.0,0.0,0.0,0.0,0.0,0.0,0.0,0.0,0.0,0.0,0.0,0.0,0.0,0.0,0.0,0.0,0.0,0.0,0.0,0.0,0.0,0.0,0.0,48032.09375,28411.93359375,0.0,0.0,0.0,0.0,0.0,0.0,0.0,0.0,WA
8875296,WA,5306,0.2804671823978424,1,0.0,120826.734375,123321.78125,1,0,21892.9453125,0.0,94485.390625,0.0,0.0,0.0,0.0,0.0,-2961.71875,0.0,2961.71875,0.0,-1796.435546875,0.0,1796.4375,0.0,1196.435546875,0.0,-1196.4375,0.0,0.0,0.0,0.0,0.0,0.0,0.0,0.0,0.0,0.0,0.0,0.0,0.0,0.0,0.0,0.0,0.0,0.0,0.0,0.0,0.0,0.0,0.0,0.0,0.0,0.0,0.0,0.0,0.0,0.0,0.0,0.0,0.0,0.0,0.0,0.0,0.0,0.0,0.0,0.0,0.0,0.0,0.0,0.0,0.0,0.0,0.0,0.0,0.0,0.0,0.0,0.0,0.0,0.0,0.0,0.0,0.0,0.0,0.0,0.0,0.0,0.0,0.0,0.0,0.0,0.0,0.0,0.0,0.0,0.0,0.0,0.0,0.0,18331.2265625,0.0,98047.109375,0.0,-3561.71875,0.0,3561.71875,0.0,-16.26879663361878,0.0,3.7695975303649902,0.0,WA
8875297,WA,5306,0.15782812237739563,1,0.0,37493.96484375,56083.1015625,1,0,5457.46533203125,0.0,83714.28125,26158.595703125,0.0,0.0,0.0,26158.595703125,-853.4931640625,0.0,853.5,0.0,-936.0,0.0,936.0,0.0,636.0,0.0,-636.0,0.0,0.0,0.0,0.0,0.0,0.0,0.0,0.0,0.0,0.0,0.0,0.0,0.0,0.0,0.0,0.0,0.0,0.0,0.0,0.0,0.0,0.0,0.0,0.0,0.0,0.0,0.0,0.0,0.0,0.0,0.0,0.0,0.0,0.0,0.0,0.0,0.0,0.0,0.0,0.0,0.0,0.0,0.0,0.0,0.0,0.0,0.0,0.0,0.0,0.0,0.0,0.0,0.0,-720.0,0.0,720.0,0.0,0.0,0.0,0.0,0.0,0.0,0.0,0.0,0.0,0.0,0.0,0.0,0.0,0.0,0.0,0.0,0.0,3583.97216796875,0.0,85587.78125,26158.595703125,-1873.4931640625,0.0,1873.5,0.0,-34.3289979886174,0.0,2.237969398498535,0.0,WA
8875298,WA,5306,7.781485557556152,3,0.0,21405.466796875,1320443.419921875,3,0,436793.34826660156,0.0,851745.3125,287.68316650390625,8792.986328125,0.0,0.0,9080.669494628906,-39956.9375,0.0,39956.9375,0.0,-6552.000024437904,0.0,6552.0,0.0,530.0000244379044,0.0,-530.0,0.0,0.0,0.0,0.0,0.0,0.0,0.0,0.0,0.0,0.0,0.0,0.0,0.0,-1850.0,0.0,1850.0,0.0,0.0,0.0,0.0,0.0,0.0,0.0,0.0,0.0,0.0,0.0,0.0,0.0,0.0,0.0,0.0,0.0,0.0,0.0,0.0,0.0,0.0,0.0,0.0,0.0,0.0,0.0,0.0,0.0,0.0,0.0,0.0,0.0,0.0,0.0,0.0,0.0,0.0,0.0,0.0,0.0,-29.712127685546875,0.0,29.75,0.0,0.0,0.0,0.0,0.0,0.0,0.0,0.0,0.0,0.0,0.0,0.0,0.0,388934.698638916,0.0,899604.0,9080.669494628906,-47858.64962768555,0.0,47858.6875,0.0,-10.956817409791347,0.0,5.618896484375,0.0,WA
8875299,WA,5306,0.446370929479599,2,0.0,0.0,35457.0,2,0,0.0,0.0,197542.5,89329.421875,0.0,0.0,0.0,89329.421875,0.0,0.0,0.0,0.0,0.0,0.0,0.0,0.0,0.0,0.0,0.0,0.0,0.0,0.0,0.0,0.0,0.0,0.0,0.0,0.0,0.0,0.0,0.0,0.0,0.0,0.0,0.0,0.0,0.0,0.0,0.0,0.0,0.0,0.0,0.0,0.0,0.0,0.0,0.0,0.0,0.0,0.0,0.0,0.0,0.0,0.0,0.0,0.0,0.0,0.0,0.0,0.0,0.0,0.0,0.0,0.0,0.0,0.0,0.0,0.0,0.0,0.0,0.0,0.0,0.0,0.0,0.0,0.0,0.0,0.0,0.0,0.0,0.0,0.0,0.0,0.0,0.0,0.0,0.0,0.0,0.0,0.0,0.0,0.0,0.0,0.0,197542.5,89329.421875,0.0,0.0,0.0,0.0,0.0,0.0,0.0,0.0,WA
8875300,WA,5306,0.5029327273368835,4,2.0,1331302.375,1426891.5,4,0,489903.34375,0.0,998869.0625,0.0,0.0,0.0,0.0,0.0,-43186.21875,0.0,43186.1875,0.0,-5772.0,0.0,5772.0,0.0,0.0,0.0,0.0,0.0,0.0,0.0,0.0,0.0,0.0,0.0,0.0,0.0,0.0,0.0,0.0,0.0,0.0,0.0,0.0,0.0,0.0,0.0,0.0,0.0,0.0,0.0,0.0,0.0,0.0,0.0,0.0,0.0,-361.03125,0.0,361.0625,0.0,-1643.875,0.0,1643.9375,0.0,0.0,0.0,0.0,0.0,1643.875,0.0,-1643.9375,0.0,0.0,0.0,0.0,0.0,0.0,0.0,0.0,0.0,0.0,0.0,0.0,0.0,0.0,0.0,0.0,0.0,0.0,0.0,0.0,0.0,0.0,0.0,0.0,0.0,0.0,0.0,0.0,0.0,440584.09375,0.0,1048188.3125,0.0,-49319.25,0.0,49319.25,0.0,-10.067138881413278,0.0,4.937509059906006,0.0,WA
8875301,WA,5306,0.09779436141252518,5,3.0,47745.35546875,200798.03125,3,2,26325.95703125,0.0,179312.1875,7457.04052734375,0.0,0.0,0.0,7457.04052734375,-3989.115234375,0.0,3989.125,0.0,0.0,0.0,0.0,0.0,4178.724609375,0.0,-4178.71875,0.0,0.0,0.0,0.0,0.0,0.0,0.0,0.0,0.0,0.0,0.0,0.0,0.0,-6734.31640625,0.0,6734.3125,0.0,0.0,0.0,0.0,0.0,0.0,0.0,0.0,0.0,0.0,0.0,0.0,0.0,-440.0,0.0,440.0,0.0,0.0,0.0,0.0,0.0,0.0,0.0,0.0,0.0,0.0,0.0,0.0,0.0,0.0,0.0,0.0,0.0,0.0,0.0,0.0,0.0,0.0,0.0,0.0,0.0,0.0,0.0,0.0,0.0,0.0,0.0,-4064.15625,-4064.15380859375,0.0,0.0,0.0,0.0,0.0,0.0,0.0,0.0,19341.25,0.0,182232.75,3392.88671875,-6984.70703125,0.0,2920.5625,-4064.15380859375,-26.531635765259605,0.0,1.6287585496902466,-54.500894740898374,WA
8875302,WA,5306,0.07910406589508057,1,0.0,0.0,1463516.25,1,0,475809.6875,3022.0224609375,984014.3125,24327.494140625,0.0,0.0,0.0,24327.494140625,-15897.03125,0.0,15897.0625,0.0,-2886.0,0.0,2886.0,0.0,0.0,0.0,0.0,0.0,0.0,0.0,0.0,0.0,0.0,0.0,0.0,0.0,0.0,0.0,0.0,0.0,-1850.0,0.0,1850.0,0.0,0.0,0.0,0.0,0.0,0.0,0.0,0.0,0.0,0.0,0.0,0.0,0.0,0.0,0.0,0.0,0.0,0.0,0.0,0.0,0.0,0.0,0.0,0.0,0.0,0.0,0.0,0.0,0.0,0.0,0.0,0.0,0.0,0.0,0.0,0.0,0.0,0.0,0.0,0.0,0.0,0.0,0.0,0.0,0.0,0.0,0.0,0.0,0.0,0.0,0.0,0.0,0.0,0.0,0.0,0.0,0.0,455176.65625,3022.0224609375,1004647.375,24327.494140625,-20633.03125,0.0,20633.0625,0.0,-4.336404195217232,0.0,2.096825361251831,0.0,WA
8875303,WA,5306,24.787946701049805,1,0.0,0.0,0.0,1,0,0.0,0.0,26739.8046875,331.0899353027344,26407.625,0.0,0.0,26738.714935302734,0.0,0.0,0.0,0.0,0.0,0.0,0.0,0.0,0.0,0.0,0.0,0.0,0.0,0.0,0.0,0.0,0.0,0.0,0.0,0.0,0.0,0.0,0.0,0.0,0.0,0.0,0.0,0.0,0.0,0.0,0.0,0.0,0.0,0.0,0.0,0.0,0.0,0.0,0.0,0.0,0.0,0.0,0.0,0.0,0.0,0.0,0.0,0.0,0.0,0.0,0.0,0.0,0.0,0.0,0.0,0.0,0.0,0.0,0.0,0.0,0.0,0.0,0.0,0.0,0.0,0.0,0.0,0.0,0.0,0.0,0.0,0.0,0.0,0.0,0.0,0.0,0.0,0.0,0.0,0.0,0.0,0.0,0.0,0.0,0.0,0.0,26739.8046875,26738.714935302734,0.0,0.0,0.0,0.0,0.0,0.0,0.0,0.0,WA
8875304,WA,5306,0.20426484942436218,1,0.0,257705.578125,411045.84375,1,0,115754.2421875,0.0,380519.0,0.0,0.0,0.0,0.0,0.0,-185.0,0.0,185.0,0.0,0.0,0.0,0.0,0.0,0.0,0.0,0.0,0.0,0.0,0.0,0.0,0.0,0.0,0.0,0.0,0.0,0.0,0.0,0.0,0.0,0.0,0.0,0.0,0.0,-3465.8984375,0.0,3465.875,0.0,0.0,0.0,0.0,0.0,0.0,0.0,0.0,0.0,0.0,0.0,0.0,0.0,0.0,0.0,0.0,0.0,0.0,0.0,0.0,0.0,0.0,0.0,0.0,0.0,0.0,0.0,0.0,0.0,0.0,0.0,0.0,0.0,0.0,0.0,0.0,0.0,0.0,0.0,0.0,0.0,0.0,0.0,0.0,0.0,0.0,0.0,0.0,0.0,0.0,0.0,0.0,0.0,112103.34375,0.0,384169.875,0.0,-3650.8984375,0.0,3650.875,0.0,-3.1540083270436297,0.0,0.9594461917877197,0.0,WA
8875305,WA,5306,101.76012420654297,1,0.0,0.0,0.0,1,0,0.0,0.0,43020.76953125,21819.2265625,0.0,0.0,0.0,21819.2265625,0.0,0.0,0.0,0.0,0.0,0.0,0.0,0.0,0.0,0.0,0.0,0.0,0.0,0.0,0.0,0.0,0.0,0.0,0.0,0.0,0.0,0.0,0.0,0.0,0.0,0.0,0.0,0.0,0.0,0.0,0.0,0.0,0.0,0.0,0.0,0.0,0.0,0.0,0.0,0.0,0.0,0.0,0.0,0.0,0.0,0.0,0.0,0.0,0.0,0.0,0.0,0.0,0.0,0.0,0.0,0.0,0.0,0.0,0.0,0.0,0.0,0.0,0.0,0.0,0.0,0.0,0.0,0.0,0.0,0.0,0.0,0.0,0.0,0.0,0.0,0.0,0.0,0.0,0.0,0.0,0.0,0.0,0.0,0.0,0.0,0.0,43020.76953125,21819.2265625,0.0,0.0,0.0,0.0,0.0,0.0,0.0,0.0,WA
8875306,WA,5306,105.02709197998047,1,0.0,0.0,0.0,1,0,0.0,0.0,35906.609375,14531.337890625,8792.986328125,0.0,0.0,23324.32421875,0.0,0.0,0.0,0.0,0.0,0.0,0.0,0.0,0.0,0.0,0.0,0.0,0.0,0.0,0.0,0.0,0.0,0.0,0.0,0.0,0.0,0.0,0.0,0.0,0.0,0.0,0.0,0.0,0.0,0.0,0.0,0.0,0.0,0.0,0.0,0.0,0.0,0.0,0.0,0.0,0.0,0.0,0.0,0.0,0.0,0.0,0.0,0.0,0.0,0.0,0.0,0.0,0.0,0.0,0.0,0.0,0.0,0.0,0.0,0.0,0.0,0.0,0.0,0.0,0.0,0.0,0.0,0.0,0.0,0.0,0.0,0.0,0.0,0.0,0.0,0.0,0.0,0.0,0.0,0.0,0.0,0.0,0.0,0.0,0.0,0.0,35906.609375,23324.32421875,0.0,0.0,0.0,0.0,0.0,0.0,0.0,0.0,WA
8875307,WA,5306,80.34235382080078,2,0.0,0.0,3.3090808391571045,2,0,0.0,0.0,17590.83984375,0.0,17585.97265625,0.0,0.0,17585.97265625,0.0,0.0,0.0,0.0,0.0,0.0,0.0,0.0,0.0,0.0,0.0,0.0,0.0,0.0,0.0,0.0,0.0,0.0,0.0,0.0,0.0,0.0,0.0,0.0,0.0,0.0,0.0,0.0,0.0,0.0,0.0,0.0,0.0,0.0,0.0,0.0,0.0,0.0,0.0,0.0,0.0,0.0,0.0,0.0,0.0,0.0,0.0,0.0,0.0,0.0,0.0,0.0,0.0,0.0,0.0,0.0,0.0,0.0,0.0,0.0,0.0,0.0,0.0,0.0,0.0,0.0,0.0,0.0,0.0,0.0,0.0,0.0,0.0,0.0,0.0,0.0,0.0,0.0,0.0,0.0,0.0,0.0,0.0,0.0,0.0,0.0,17590.83984375,17585.97265625,0.0,0.0,0.0,0.0,0.0,0.0,0.0,0.0,WA
8875308,WA,5306,121.62818908691406,2,0.0,0.0,0.0,2,0,0.0,0.0,91738.1953125,45869.09765625,0.0,0.0,0.0,45869.09765625,0.0,0.0,0.0,0.0,0.0,0.0,0.0,0.0,0.0,0.0,0.0,0.0,0.0,0.0,0.0,0.0,0.0,0.0,0.0,0.0,0.0,0.0,0.0,0.0,0.0,0.0,0.0,0.0,0.0,0.0,0.0,0.0,0.0,0.0,0.0,0.0,0.0,0.0,0.0,0.0,0.0,0.0,0.0,0.0,0.0,0.0,0.0,0.0,0.0,0.0,0.0,0.0,0.0,0.0,0.0,0.0,0.0,0.0,0.0,0.0,0.0,0.0,0.0,0.0,0.0,0.0,0.0,0.0,0.0,0.0,0.0,0.0,0.0,0.0,0.0,0.0,0.0,0.0,0.0,0.0,0.0,0.0,0.0,0.0,0.0,0.0,91738.1953125,45869.09765625,0.0,0.0,0.0,0.0,0.0,0.0,0.0,0.0,WA
8875309,WA,5306,21.6923770904541,1,0.0,0.0,0.0,1,0,0.0,0.0,8792.986328125,0.0,8792.986328125,0.0,0.0,8792.986328125,0.0,0.0,0.0,0.0,0.0,0.0,0.0,0.0,0.0,0.0,0.0,0.0,0.0,0.0,0.0,0.0,0.0,0.0,0.0,0.0,0.0,0.0,0.0,0.0,0.0,0.0,0.0,0.0,0.0,0.0,0.0,0.0,0.0,0.0,0.0,0.0,0.0,0.0,0.0,0.0,0.0,0.0,0.0,0.0,0.0,0.0,0.0,0.0,0.0,0.0,0.0,0.0,0.0,0.0,0.0,0.0,0.0,0.0,0.0,0.0,0.0,0.0,0.0,0.0,0.0,0.0,0.0,0.0,0.0,0.0,0.0,0.0,0.0,0.0,0.0,0.0,0.0,0.0,0.0,0.0,0.0,0.0,0.0,0.0,0.0,0.0,8792.986328125,8792.986328125,0.0,0.0,0.0,0.0,0.0,0.0,0.0,0.0,WA
8875310,WA,5306,170.7649383544922,3,1.0,0.0,0.0,3,0,0.0,0.0,97048.6796875,47398.81640625,3643.428466796875,0.0,0.0,51042.244873046875,0.0,0.0,0.0,0.0,0.0,0.0,0.0,0.0,0.0,0.0,0.0,0.0,0.0,0.0,0.0,0.0,0.0,0.0,0.0,0.0,0.0,0.0,0.0,0.0,0.0,0.0,0.0,0.0,0.0,0.0,0.0,0.0,0.0,0.0,0.0,0.0,0.0,0.0,0.0,0.0,0.0,0.0,0.0,0.0,0.0,0.0,0.0,0.0,0.0,0.0,0.0,0.0,0.0,0.0,0.0,0.0,0.0,0.0,0.0,0.0,0.0,0.0,0.0,0.0,0.0,0.0,0.0,0.0,0.0,0.0,0.0,0.0,0.0,0.0,0.0,0.0,0.0,0.0,0.0,0.0,0.0,0.0,0.0,0.0,0.0,0.0,97048.6796875,51042.244873046875,0.0,0.0,0.0,0.0,0.0,0.0,0.0,0.0,WA
8875311,WA,5306,0.13231317698955536,7,3.9999999999999996,101975.42578125,101975.421875,2,5,1382.5319824218748,0.0,107911.2578125,0.0,10930.285400390625,4189.205078125,0.0,15119.490478515625,-235.99389648437523,0.0,236.0,0.0,-2488.995849609375,0.0,2488.9921875,0.0,4039.50830078125,0.0,-4039.5078125,0.0,3000.0,0.0,-3000.0,0.0,0.0,0.0,0.0,0.0,0.0,0.0,0.0,0.0,0.0,0.0,0.0,0.0,0.0,0.0,0.0,0.0,0.0,0.0,0.0,0.0,0.0,0.0,0.0,0.0,-63.729248046875,0.0,63.734375,0.0,0.0,0.0,0.0,0.0,0.0,0.0,0.0,0.0,0.0,0.0,0.0,0.0,0.0,0.0,0.0,0.0,0.0,0.0,0.0,0.0,0.0,0.0,0.0,0.0,-476.584716796875,0.0,476.578125,0.0,0.0,0.0,0.0,0.0,0.0,0.0,0.0,0.0,0.0,0.0,0.0,0.0,5156.736572265625,0.0,104137.0546875,15119.490478515625,3774.20458984375,0.0,-3774.203125,0.0,272.9922083416993,0.0,-3.4975063800811768,0.0,WA
8875312,WA,5306,309.91461181640625,1,0.0,0.0,0.0,1,0,0.0,0.0,47307.72265625,20900.09765625,26407.625,0.0,0.0,47307.72265625,0.0,0.0,0.0,0.0,0.0,0.0,0.0,0.0,0.0,0.0,0.0,0.0,0.0,0.0,0.0,0.0,0.0,0.0,0.0,0.0,0.0,0.0,0.0,0.0,0.0,0.0,0.0,0.0,0.0,0.0,0.0,0.0,0.0,0.0,0.0,0.0,0.0,0.0,0.0,0.0,0.0,0.0,0.0,0.0,0.0,0.0,0.0,0.0,0.0,0.0,0.0,0.0,0.0,0.0,0.0,0.0,0.0,0.0,0.0,0.0,0.0,0.0,0.0,0.0,0.0,0.0,0.0,0.0,0.0,0.0,0.0,0.0,0.0,0.0,-2230.73828125,-2230.740234375,0.0,0.0,0.0,0.0,0.0,0.0,0.0,0.0,0.0,0.0,45076.984375,45076.982421875,0.0,0.0,-2230.73828125,-2230.740234375,0.0,0.0,-4.715378761291504,-4.715382836295309,WA
8875313,WA,5306,143.36155700683594,1,0.0,0.0,0.0,1,0,0.0,0.0,27221.765625,814.1397705078125,26407.625,0.0,0.0,27221.764770507812,0.0,0.0,0.0,0.0,0.0,0.0,0.0,0.0,0.0,0.0,0.0,0.0,0.0,0.0,0.0,0.0,0.0,0.0,0.0,0.0,0.0,0.0,0.0,0.0,0.0,0.0,0.0,0.0,0.0,0.0,0.0,0.0,0.0,0.0,0.0,0.0,0.0,0.0,0.0,0.0,0.0,0.0,0.0,0.0,0.0,0.0,0.0,0.0,0.0,0.0,0.0,0.0,0.0,0.0,0.0,0.0,0.0,0.0,0.0,0.0,0.0,0.0,0.0,0.0,0.0,0.0,0.0,0.0,0.0,0.0,0.0,0.0,0.0,0.0,0.0,0.0,0.0,0.0,0.0,0.0,0.0,0.0,0.0,0.0,0.0,0.0,27221.765625,27221.764770507812,0.0,0.0,0.0,0.0,0.0,0.0,0.0,0.0,WA
8875314,WA,5306,233.56765747070312,2,0.0,0.0,0.0,2,0,0.0,0.0,35200.609375,0.0,35200.611328125,0.0,0.0,35200.611328125,0.0,0.0,0.0,0.0,0.0,0.0,0.0,0.0,0.0,0.0,0.0,0.0,0.0,0.0,0.0,0.0,0.0,0.0,0.0,0.0,0.0,0.0,0.0,0.0,0.0,0.0,0.0,0.0,0.0,0.0,0.0,0.0,0.0,0.0,0.0,0.0,0.0,0.0,0.0,0.0,0.0,0.0,0.0,0.0,0.0,0.0,0.0,0.0,0.0,0.0,0.0,0.0,0.0,0.0,0.0,0.0,0.0,0.0,0.0,0.0,0.0,0.0,0.0,0.0,0.0,0.0,0.0,0.0,0.0,0.0,0.0,0.0,0.0,0.0,0.0,0.0,0.0,0.0,0.0,0.0,0.0,0.0,0.0,0.0,0.0,0.0,35200.609375,35200.611328125,0.0,0.0,0.0,0.0,0.0,0.0,0.0,0.0,WA
8875315,WA,5306,0.1090342253446579,5,2.0,494993.0471191406,494819.859375,5,0,113773.54296875,0.0,360814.0,0.0,0.0,0.0,0.0,0.0,-2130.033203125,0.0,2130.0625,0.0,-1716.0,0.0,1716.0,0.0,1166.0,0.0,-1166.0,0.0,0.0,0.0,0.0,0.0,-2600.0,0.0,2600.0,0.0,0.0,0.0,0.0,0.0,-0.109375,0.0,0.09375,0.0,-25551.796875,0.0,25551.78125,0.0,0.0,0.0,0.0,0.0,0.0,0.0,0.0,0.0,-58.1015625,0.0,58.125,0.0,0.0,0.0,0.0,0.0,0.0,0.0,0.0,0.0,0.0,0.0,0.0,0.0,0.0,0.0,0.0,0.0,0.0,0.0,0.0,0.0,0.0,0.0,0.0,0.0,-72.2890625,0.0,72.28125,0.0,0.0,0.0,0.0,0.0,0.0,0.0,0.0,0.0,0.0,0.0,0.0,0.0,82811.212890625,0.0,391776.34375,0.0,-30962.330078125,0.0,30962.34375,0.0,-27.213998325277938,0.0,8.58124828338623,0.0,WA
8875316,WA,5306,113.82875061035156,1,0.0,0.0,2889.82861328125,1,0,0.0,0.0,34294.0,16010.927734375,0.0,0.0,0.0,16010.927734375,0.0,0.0,0.0,0.0,0.0,0.0,0.0,0.0,0.0,0.0,0.0,0.0,0.0,0.0,0.0,0.0,0.0,0.0,0.0,0.0,0.0,0.0,0.0,0.0,0.0,0.0,0.0,0.0,0.0,0.0,0.0,0.0,0.0,0.0,0.0,0.0,0.0,0.0,0.0,0.0,0.0,0.0,0.0,0.0,0.0,0.0,0.0,0.0,0.0,0.0,0.0,0.0,0.0,0.0,0.0,0.0,0.0,0.0,0.0,0.0,0.0,0.0,0.0,0.0,0.0,0.0,0.0,0.0,0.0,0.0,0.0,0.0,0.0,0.0,0.0,0.0,0.0,0.0,0.0,0.0,0.0,0.0,0.0,0.0,0.0,0.0,34294.0,16010.927734375,0.0,0.0,0.0,0.0,0.0,0.0,0.0,0.0,WA
8875317,WA,5306,3.6924595832824707,2,0.0,0.0,0.0,2,0,0.0,0.0,59723.7734375,25465.39453125,8792.986328125,0.0,0.0,34258.380859375,0.0,0.0,0.0,0.0,0.0,0.0,0.0,0.0,0.0,0.0,0.0,0.0,0.0,0.0,0.0,0.0,0.0,0.0,0.0,0.0,0.0,0.0,0.0,0.0,0.0,0.0,0.0,0.0,0.0,0.0,0.0,0.0,0.0,0.0,0.0,0.0,0.0,0.0,0.0,0.0,0.0,0.0,0.0,0.0,0.0,0.0,0.0,0.0,0.0,0.0,0.0,0.0,0.0,0.0,0.0,0.0,0.0,0.0,0.0,0.0,0.0,0.0,0.0,0.0,0.0,0.0,0.0,0.0,0.0,0.0,0.0,0.0,0.0,0.0,0.0,0.0,0.0,0.0,0.0,0.0,0.0,0.0,0.0,0.0,0.0,0.0,59723.7734375,34258.380859375,0.0,0.0,0.0,0.0,0.0,0.0,0.0,0.0,WA
8875318,WA,5306,0.09578247368335724,2,0.0,77817.23828125,77610.8125,2,0,6346.6220703125,0.0,65715.8984375,0.0,0.0,0.0,0.0,0.0,-793.32470703125,0.0,793.3203125,0.0,-1871.999755859375,0.0,1872.0,0.0,1271.999755859375,0.0,-1272.0,0.0,0.0,0.0,0.0,0.0,0.0,0.0,0.0,0.0,0.0,0.0,0.0,0.0,0.0,0.0,0.0,0.0,0.0,0.0,0.0,0.0,0.0,0.0,0.0,0.0,0.0,0.0,0.0,0.0,-240.0,0.0,240.0,0.0,0.0,0.0,0.0,0.0,0.0,0.0,0.0,0.0,0.0,0.0,0.0,0.0,0.0,0.0,0.0,0.0,0.0,0.0,0.0,0.0,0.0,0.0,0.0,0.0,0.0,0.0,0.0,0.0,0.0,0.0,0.0,0.0,0.0,0.0,0.0,0.0,0.0,0.0,0.0,0.0,4713.29736328125,0.0,67349.21875,0.0,-1633.32470703125,0.0,1633.3203125,0.0,-25.73533903446731,0.0,2.485426425933838,0.0,WA
8875319,WA,5306,0.13798721134662628,3,1.0,126250.1484375,126250.1484375,3,0,12697.5224609375,0.0,111211.25,0.0,0.0,0.0,0.0,0.0,-2093.5048828125,0.0,2093.5,0.0,-1872.0,0.0,1872.0,0.0,1908.0,0.0,-1908.0,0.0,0.0,0.0,0.0,0.0,-2050.0,0.0,2050.0,0.0,0.0,0.0,0.0,0.0,0.0,0.0,0.0,0.0,0.0,0.0,0.0,0.0,0.0,0.0,0.0,0.0,0.0,0.0,0.0,0.0,-231.0634765625,0.0,231.0625,0.0,0.0,0.0,0.0,0.0,0.0,0.0,0.0,0.0,0.0,0.0,0.0,0.0,0.0,0.0,0.0,0.0,0.0,0.0,0.0,0.0,0.0,0.0,0.0,0.0,0.0,0.0,0.0,0.0,0.0,0.0,0.0,0.0,0.0,0.0,0.0,0.0,0.0,0.0,0.0,0.0,8358.9541015625,0.0,115549.8125,0.0,-4338.568359375,0.0,4338.5625,0.0,-34.16862126231411,0.0,3.9011902809143066,0.0,WA
8875320,WA,5306,0.10558575391769409,1,0.0,15098.8671875,15099.6943359375,1,0,-188.16395568847656,-341.9477844238281,24694.859375,1426.739990234375,8792.986328125,0.0,0.0,10219.726318359375,0.0,0.0,0.0,0.0,-149.9694366455078,0.0,149.96875,0.0,0.0,0.0,0.0,0.0,0.0,0.0,0.0,0.0,0.0,0.0,0.0,0.0,0.0,0.0,0.0,0.0,0.0,0.0,0.0,0.0,0.0,0.0,0.0,0.0,0.0,0.0,0.0,0.0,0.0,0.0,0.0,0.0,0.0,0.0,0.0,0.0,0.0,0.0,0.0,0.0,0.0,0.0,0.0,0.0,0.0,0.0,0.0,0.0,0.0,0.0,0.0,0.0,0.0,0.0,0.0,0.0,0.0,0.0,0.0,0.0,0.0,0.0,0.0,0.0,0.0,0.0,0.0,0.0,0.0,0.0,0.0,0.0,0.0,0.0,0.0,0.0,-338.1333923339844,-341.9477844238281,24844.828125,10219.726318359375,-149.9694366455078,0.0,149.96875,0.0,-79.70146891139798,0.0,0.6072873473167419,0.0,WA
8875321,WA,5306,0.2657434940338135,2,0.0,69687.078125,69687.078125,2,0,5687.1455078125,0.0,114412.84375,27871.984375,0.0,0.0,0.0,27871.984375,-899.4287109375,0.0,899.421875,0.0,0.0,0.0,0.0,0.0,636.0,0.0,-636.0,0.0,0.0,0.0,0.0,0.0,0.0,0.0,0.0,0.0,0.0,0.0,0.0,0.0,0.0,0.0,0.0,0.0,0.0,0.0,0.0,0.0,0.0,0.0,0.0,0.0,0.0,0.0,0.0,0.0,0.0,0.0,0.0,0.0,0.0,0.0,0.0,0.0,0.0,0.0,0.0,0.0,0.0,0.0,0.0,0.0,0.0,0.0,0.0,0.0,0.0,0.0,0.0,0.0,0.0,0.0,0.0,0.0,-31.32421875,0.0,31.328125,0.0,0.0,0.0,0.0,0.0,0.0,0.0,0.0,0.0,0.0,0.0,0.0,0.0,5392.392578125,0.0,114707.59375,27871.984375,-294.7529296875,0.0,294.75,0.0,-5.1827921280121,0.0,0.2576196789741516,0.0,WA
8875322,WA,5306,210.9553680419922,1,0.0,1754.90087890625,1763.173583984375,1,0,0.0,0.0,47826.609375,21214.560546875,0.0,0.0,0.0,21214.560546875,0.0,0.0,0.0,0.0,0.0,0.0,0.0,0.0,0.0,0.0,0.0,0.0,0.0,0.0,0.0,0.0,0.0,0.0,0.0,0.0,0.0,0.0,0.0,0.0,0.0,0.0,0.0,0.0,0.0,0.0,0.0,0.0,0.0,0.0,0.0,0.0,0.0,0.0,0.0,0.0,0.0,0.0,0.0,0.0,0.0,0.0,0.0,0.0,0.0,0.0,0.0,0.0,0.0,0.0,0.0,0.0,0.0,0.0,0.0,0.0,0.0,0.0,0.0,0.0,0.0,0.0,0.0,0.0,0.0,0.0,0.0,0.0,0.0,0.0,0.0,0.0,0.0,0.0,0.0,0.0,0.0,0.0,0.0,0.0,0.0,0.0,47826.609375,21214.560546875,0.0,0.0,0.0,0.0,0.0,0.0,0.0,0.0,WA
8875323,WA,5306,127.99147033691406,3,1.0,0.0,0.0,3,0,0.0,0.0,99760.1640625,24598.08984375,56458.678466796875,0.0,0.0,81056.76831054688,0.0,0.0,0.0,0.0,0.0,0.0,0.0,0.0,0.0,0.0,0.0,0.0,0.0,0.0,0.0,0.0,0.0,0.0,0.0,0.0,0.0,0.0,0.0,0.0,0.0,0.0,0.0,0.0,0.0,0.0,0.0,0.0,0.0,0.0,0.0,0.0,0.0,0.0,0.0,0.0,0.0,0.0,0.0,0.0,0.0,0.0,0.0,0.0,0.0,0.0,0.0,0.0,0.0,0.0,0.0,0.0,0.0,0.0,0.0,0.0,0.0,0.0,0.0,0.0,0.0,0.0,0.0,0.0,0.0,0.0,0.0,0.0,0.0,0.0,0.0,0.0,0.0,0.0,0.0,0.0,0.0,0.0,0.0,0.0,0.0,0.0,99760.1640625,81056.76831054688,0.0,0.0,0.0,0.0,0.0,0.0,0.0,0.0,WA
8875324,WA,5306,116.99747467041016,1,0.0,0.0,4.136351108551025,1,0,0.0,0.0,41823.5546875,21217.578125,0.0,0.0,0.0,21217.578125,0.0,0.0,0.0,0.0,0.0,0.0,0.0,0.0,0.0,0.0,0.0,0.0,0.0,0.0,0.0,0.0,0.0,0.0,0.0,0.0,0.0,0.0,0.0,0.0,0.0,0.0,0.0,0.0,0.0,0.0,0.0,0.0,0.0,0.0,0.0,0.0,0.0,0.0,0.0,0.0,0.0,0.0,0.0,0.0,0.0,0.0,0.0,0.0,0.0,0.0,0.0,0.0,0.0,0.0,0.0,0.0,0.0,0.0,0.0,0.0,0.0,0.0,0.0,0.0,0.0,0.0,0.0,0.0,0.0,0.0,0.0,0.0,0.0,0.0,0.0,0.0,0.0,0.0,0.0,0.0,0.0,0.0,0.0,0.0,0.0,0.0,41823.5546875,21217.578125,0.0,0.0,0.0,0.0,0.0,0.0,0.0,0.0,WA
8875325,WA,5306,246.7519073486328,2,0.0,0.0,895.7827758789062,2,0,0.0,0.0,46089.3671875,12438.9833984375,26407.625,0.0,0.0,38846.6083984375,0.0,0.0,0.0,0.0,0.0,0.0,0.0,0.0,0.0,0.0,0.0,0.0,0.0,0.0,0.0,0.0,0.0,0.0,0.0,0.0,0.0,0.0,0.0,0.0,0.0,0.0,0.0,0.0,0.0,0.0,0.0,0.0,0.0,0.0,0.0,0.0,0.0,0.0,0.0,0.0,0.0,0.0,0.0,0.0,0.0,0.0,0.0,0.0,0.0,0.0,0.0,0.0,0.0,0.0,0.0,0.0,0.0,0.0,0.0,0.0,0.0,0.0,0.0,0.0,0.0,0.0,0.0,0.0,0.0,0.0,0.0,0.0,0.0,0.0,0.0,0.0,0.0,0.0,0.0,0.0,0.0,0.0,0.0,0.0,0.0,0.0,46089.3671875,38846.6083984375,0.0,0.0,0.0,0.0,0.0,0.0,0.0,0.0,WA
8875326,WA,5306,0.15060210227966309,4,1.0,99371.85595703125,99859.17578125,4,0,4931.908813476562,0.0,100213.1796875,0.0,0.0,0.0,2810.25634765625,2810.25634765625,-322.9677734374982,0.0,322.96875,0.0,-1524.2528991699223,0.0,1524.2578125,0.0,2437.9997253417964,0.0,-2438.0,0.0,0.0,0.0,0.0,0.0,-500.0000000000009,0.0,500.0,0.0,0.0,0.0,0.0,0.0,0.0,0.0,0.0,0.0,0.0,0.0,0.0,0.0,0.0,0.0,0.0,0.0,0.0,0.0,0.0,0.0,-208.07373046875,0.0,208.0703125,0.0,0.0,0.0,0.0,0.0,0.0,0.0,0.0,0.0,0.0,0.0,0.0,0.0,0.0,0.0,0.0,0.0,-513.4838867187491,0.0,513.484375,0.0,0.0,0.0,0.0,0.0,0.0,0.0,0.0,0.0,0.0,0.0,0.0,0.0,0.0,0.0,0.0,0.0,0.0,0.0,0.0,0.0,4301.1302490234375,0.0,100843.9609375,2810.25634765625,-630.7785644531241,0.0,630.78125,0.0,-12.789745072526609,0.0,0.6294394135475159,0.0,WA
8875327,WA,5306,115.01039123535156,1,0.0,0.0,0.0,1,0,0.0,0.0,49071.28515625,24679.484375,0.0,0.0,0.0,24679.484375,0.0,0.0,0.0,0.0,0.0,0.0,0.0,0.0,0.0,0.0,0.0,0.0,0.0,0.0,0.0,0.0,0.0,0.0,0.0,0.0,0.0,0.0,0.0,0.0,0.0,0.0,0.0,0.0,0.0,0.0,0.0,0.0,0.0,0.0,0.0,0.0,0.0,0.0,0.0,0.0,0.0,0.0,0.0,0.0,0.0,0.0,0.0,0.0,0.0,0.0,0.0,0.0,0.0,0.0,0.0,0.0,0.0,0.0,0.0,0.0,0.0,0.0,0.0,0.0,0.0,0.0,0.0,0.0,0.0,0.0,0.0,0.0,0.0,0.0,0.0,0.0,0.0,0.0,0.0,0.0,0.0,0.0,0.0,0.0,0.0,0.0,49071.28515625,24679.484375,0.0,0.0,0.0,0.0,0.0,0.0,0.0,0.0,WA
8875328,WA,5306,65.0157699584961,1,0.0,0.0,374.75341796875,1,0,0.0,0.0,53496.109375,26472.5,0.0,0.0,0.0,26472.5,0.0,0.0,0.0,0.0,0.0,0.0,0.0,0.0,0.0,0.0,0.0,0.0,0.0,0.0,0.0,0.0,0.0,0.0,0.0,0.0,0.0,0.0,0.0,0.0,0.0,0.0,0.0,0.0,0.0,0.0,0.0,0.0,0.0,0.0,0.0,0.0,0.0,0.0,0.0,0.0,0.0,0.0,0.0,0.0,0.0,0.0,0.0,0.0,0.0,0.0,0.0,0.0,0.0,0.0,0.0,0.0,0.0,0.0,0.0,0.0,0.0,0.0,0.0,0.0,0.0,0.0,0.0,0.0,0.0,0.0,0.0,0.0,0.0,0.0,0.0,0.0,0.0,0.0,0.0,0.0,0.0,0.0,0.0,0.0,0.0,0.0,53496.109375,26472.5,0.0,0.0,0.0,0.0,0.0,0.0,0.0,0.0,WA
8875329,WA,5306,0.16173657774925232,2,0.0,96784.05078125,149231.625,2,0,18864.140625,0.0,148147.125,0.0,0.0,0.0,0.0,0.0,-2991.3203125,0.0,2991.328125,0.0,-3426.396484375,0.0,3426.390625,0.0,2326.396484375,0.0,-2326.390625,0.0,0.0,0.0,0.0,0.0,0.0,0.0,0.0,0.0,0.0,0.0,0.0,0.0,-1100.0,0.0,1100.0,0.0,0.0,0.0,0.0,0.0,0.0,0.0,0.0,0.0,0.0,0.0,0.0,0.0,0.0,0.0,0.0,0.0,0.0,0.0,0.0,0.0,0.0,0.0,0.0,0.0,0.0,0.0,0.0,0.0,0.0,0.0,0.0,0.0,0.0,0.0,0.0,0.0,0.0,0.0,0.0,0.0,0.0,0.0,0.0,0.0,0.0,0.0,0.0,0.0,0.0,0.0,0.0,0.0,0.0,0.0,0.0,0.0,13672.8203125,0.0,153338.453125,0.0,-5191.3203125,0.0,5191.328125,0.0,-27.51951660930751,0.0,3.5041708946228027,0.0,WA
8875330,WA,5306,0.3048727810382843,2,0.0,279614.3828125,299882.5,2,0,60271.9296875,0.0,262605.625,0.0,0.0,0.0,0.0,0.0,0.0,0.0,0.0,0.0,0.0,0.0,0.0,0.0,0.0,0.0,0.0,0.0,0.0,0.0,0.0,0.0,0.0,0.0,0.0,0.0,0.0,0.0,0.0,0.0,-1950.0,0.0,1950.0,0.0,-9311.94140625,0.0,9311.9375,0.0,0.0,0.0,0.0,0.0,0.0,0.0,0.0,0.0,-480.0,0.0,480.0,0.0,0.0,0.0,0.0,0.0,0.0,0.0,0.0,0.0,0.0,0.0,0.0,0.0,0.0,0.0,0.0,0.0,0.0,0.0,0.0,0.0,0.0,0.0,0.0,0.0,0.0,0.0,0.0,0.0,0.0,0.0,0.0,0.0,0.0,0.0,0.0,0.0,0.0,0.0,0.0,0.0,48529.98828125,0.0,274347.5625,0.0,-11741.94140625,0.0,11741.9375,0.0,-19.481608548340873,0.0,4.471320152282715,0.0,WA
8875331,WA,5306,388.31854248046875,4,1.0,0.0,0.0,4,0,0.0,0.0,123534.2578125,57550.6796875,38844.039794921875,0.0,0.0,96394.71948242188,0.0,0.0,0.0,0.0,0.0,0.0,0.0,0.0,0.0,0.0,0.0,0.0,0.0,0.0,0.0,0.0,0.0,0.0,0.0,0.0,0.0,0.0,0.0,0.0,0.0,0.0,0.0,0.0,0.0,0.0,0.0,0.0,0.0,0.0,0.0,0.0,0.0,0.0,0.0,0.0,0.0,0.0,0.0,0.0,0.0,0.0,0.0,0.0,0.0,0.0,0.0,0.0,0.0,0.0,0.0,0.0,0.0,0.0,0.0,0.0,0.0,0.0,0.0,0.0,0.0,0.0,0.0,0.0,0.0,0.0,0.0,0.0,0.0,0.0,0.0,0.0,0.0,0.0,0.0,0.0,0.0,0.0,0.0,0.0,0.0,0.0,123534.2578125,96394.71948242188,0.0,0.0,0.0,0.0,0.0,0.0,0.0,0.0,WA
8875332,WA,5306,36.42913055419922,5,0.0,8130.1591796875,8130.1591796875,5,0,0.0,0.0,69417.7734375,330.0,61579.5703125,0.0,0.0,61909.5703125,0.0,0.0,0.0,0.0,0.0,0.0,0.0,0.0,0.0,0.0,0.0,0.0,0.0,0.0,0.0,0.0,0.0,0.0,0.0,0.0,0.0,0.0,0.0,0.0,0.0,0.0,0.0,0.0,0.0,0.0,0.0,0.0,0.0,0.0,0.0,0.0,0.0,0.0,0.0,0.0,0.0,0.0,0.0,0.0,0.0,0.0,0.0,0.0,0.0,0.0,0.0,0.0,0.0,0.0,0.0,0.0,0.0,0.0,0.0,0.0,0.0,0.0,0.0,0.0,0.0,0.0,0.0,0.0,0.0,0.0,0.0,0.0,0.0,0.0,0.0,0.0,0.0,0.0,0.0,0.0,0.0,0.0,0.0,0.0,0.0,0.0,69417.7734375,61909.5703125,0.0,0.0,0.0,0.0,0.0,0.0,0.0,0.0,WA
8875333,WA,5306,511.8282165527344,2,0.0,0.0,16422.18359375,2,0,0.0,0.0,39818.03125,6918.7177734375,17585.97265625,0.0,0.0,24504.6904296875,0.0,0.0,0.0,0.0,0.0,0.0,0.0,0.0,0.0,0.0,0.0,0.0,0.0,0.0,0.0,0.0,0.0,0.0,0.0,0.0,0.0,0.0,0.0,0.0,0.0,0.0,0.0,0.0,0.0,0.0,0.0,0.0,0.0,0.0,0.0,0.0,0.0,0.0,0.0,0.0,0.0,0.0,0.0,0.0,0.0,0.0,0.0,0.0,0.0,0.0,0.0,0.0,0.0,0.0,0.0,0.0,0.0,0.0,0.0,0.0,0.0,0.0,0.0,0.0,0.0,0.0,0.0,0.0,0.0,0.0,0.0,0.0,0.0,0.0,0.0,0.0,0.0,0.0,0.0,0.0,0.0,0.0,0.0,0.0,0.0,0.0,39818.03125,24504.6904296875,0.0,0.0,0.0,0.0,0.0,0.0,0.0,0.0,WA
8875334,WA,5306,177.34373474121094,1,0.0,0.0,0.8272702097892761,1,0,0.0,0.0,50753.5078125,13619.640625,26407.625,0.0,0.0,40027.265625,0.0,0.0,0.0,0.0,0.0,0.0,0.0,0.0,0.0,0.0,0.0,0.0,0.0,0.0,0.0,0.0,0.0,0.0,0.0,0.0,0.0,0.0,0.0,0.0,0.0,0.0,0.0,0.0,0.0,0.0,0.0,0.0,0.0,0.0,0.0,0.0,0.0,0.0,0.0,0.0,0.0,0.0,0.0,0.0,0.0,0.0,0.0,0.0,0.0,0.0,0.0,0.0,0.0,0.0,0.0,0.0,0.0,0.0,0.0,0.0,0.0,0.0,0.0,0.0,0.0,0.0,0.0,0.0,0.0,0.0,0.0,0.0,0.0,0.0,0.0,0.0,0.0,0.0,0.0,0.0,0.0,0.0,0.0,0.0,0.0,0.0,50753.5078125,40027.265625,0.0,0.0,0.0,0.0,0.0,0.0,0.0,0.0,WA
8875335,WA,5306,3.963590621948242,1,0.0,0.0,371.4443359375,1,0,0.0,0.0,41788.28515625,20786.021484375,0.0,0.0,0.0,20786.021484375,0.0,0.0,0.0,0.0,0.0,0.0,0.0,0.0,0.0,0.0,0.0,0.0,0.0,0.0,0.0,0.0,0.0,0.0,0.0,0.0,0.0,0.0,0.0,0.0,0.0,0.0,0.0,0.0,0.0,0.0,0.0,0.0,0.0,0.0,0.0,0.0,0.0,0.0,0.0,0.0,0.0,0.0,0.0,0.0,0.0,0.0,0.0,0.0,0.0,0.0,0.0,0.0,0.0,0.0,0.0,0.0,0.0,0.0,0.0,0.0,0.0,0.0,0.0,0.0,0.0,0.0,0.0,0.0,0.0,0.0,0.0,0.0,0.0,0.0,0.0,0.0,0.0,0.0,0.0,0.0,0.0,0.0,0.0,0.0,0.0,0.0,41788.28515625,20786.021484375,0.0,0.0,0.0,0.0,0.0,0.0,0.0,0.0,WA
8875336,WA,5306,47.99616622924805,1,0.0,0.0,12.409052848815918,1,0,0.0,0.0,36340.234375,18469.8359375,0.0,0.0,0.0,18469.8359375,0.0,0.0,0.0,0.0,0.0,0.0,0.0,0.0,0.0,0.0,0.0,0.0,0.0,0.0,0.0,0.0,0.0,0.0,0.0,0.0,0.0,0.0,0.0,0.0,0.0,0.0,0.0,0.0,0.0,0.0,0.0,0.0,0.0,0.0,0.0,0.0,0.0,0.0,0.0,0.0,0.0,0.0,0.0,0.0,0.0,0.0,0.0,0.0,0.0,0.0,0.0,0.0,0.0,0.0,0.0,0.0,0.0,0.0,0.0,0.0,0.0,0.0,0.0,0.0,0.0,0.0,0.0,0.0,0.0,0.0,0.0,0.0,0.0,0.0,0.0,0.0,0.0,0.0,0.0,0.0,0.0,0.0,0.0,0.0,0.0,0.0,36340.234375,18469.8359375,0.0,0.0,0.0,0.0,0.0,0.0,0.0,0.0,WA
8875337,WA,5306,1052.6207275390625,6,5.0,0.0,0.0,6,0,0.0,0.0,93049.734375,66039.609375,27010.128662109375,0.0,0.0,93049.73803710938,0.0,0.0,0.0,0.0,0.0,0.0,0.0,0.0,0.0,0.0,0.0,0.0,0.0,0.0,0.0,0.0,0.0,0.0,0.0,0.0,0.0,0.0,0.0,0.0,0.0,0.0,0.0,0.0,0.0,0.0,0.0,0.0,0.0,0.0,0.0,0.0,0.0,0.0,0.0,0.0,0.0,0.0,0.0,0.0,0.0,0.0,0.0,0.0,0.0,0.0,0.0,0.0,0.0,0.0,0.0,0.0,0.0,0.0,0.0,0.0,0.0,0.0,0.0,0.0,0.0,0.0,0.0,0.0,0.0,0.0,0.0,0.0,0.0,0.0,0.0,0.0,0.0,0.0,0.0,0.0,0.0,0.0,-3643.421875,-3643.428466796875,0.0,0.0,89406.3125,89406.3095703125,0.0,0.0,-3643.421875,-3643.428466796875,0.0,0.0,-3.9155640602111816,-3.9155709018157916,WA
8875338,WA,5306,464.1542663574219,2,1.0,0.0,0.8272702097892761,2,0,0.0,0.0,52280.4921875,39842.86328125,12436.414794921875,0.0,0.0,52279.278076171875,0.0,0.0,0.0,0.0,0.0,0.0,0.0,0.0,0.0,0.0,0.0,0.0,0.0,0.0,0.0,0.0,0.0,0.0,0.0,0.0,0.0,0.0,0.0,0.0,0.0,0.0,0.0,0.0,0.0,0.0,0.0,0.0,0.0,0.0,0.0,0.0,0.0,0.0,0.0,0.0,0.0,0.0,0.0,0.0,0.0,0.0,0.0,0.0,0.0,0.0,0.0,0.0,0.0,0.0,0.0,0.0,0.0,0.0,0.0,0.0,0.0,0.0,0.0,0.0,0.0,0.0,0.0,0.0,0.0,0.0,0.0,0.0,0.0,0.0,0.0,0.0,0.0,0.0,0.0,0.0,0.0,0.0,-8792.984375,-8792.986328125,0.0,0.0,43487.5078125,43486.291748046875,0.0,0.0,-8792.984375,-8792.986328125,0.0,0.0,-16.818862915039062,-16.8192573648654,WA
8875339,WA,5306,207.96377563476562,2,0.0,0.0,3482.243408203125,2,0,0.0,0.0,71102.15625,33953.796875,0.0,0.0,0.0,33953.796875,0.0,0.0,0.0,0.0,0.0,0.0,0.0,0.0,0.0,0.0,0.0,0.0,0.0,0.0,0.0,0.0,0.0,0.0,0.0,0.0,0.0,0.0,0.0,0.0,0.0,0.0,0.0,0.0,0.0,0.0,0.0,0.0,0.0,0.0,0.0,0.0,0.0,0.0,0.0,0.0,0.0,0.0,0.0,0.0,0.0,0.0,0.0,0.0,0.0,0.0,0.0,0.0,0.0,0.0,0.0,0.0,0.0,0.0,0.0,0.0,0.0,0.0,0.0,0.0,0.0,0.0,0.0,0.0,0.0,0.0,0.0,0.0,0.0,0.0,0.0,0.0,0.0,0.0,0.0,0.0,0.0,0.0,0.0,0.0,0.0,0.0,71102.15625,33953.796875,0.0,0.0,0.0,0.0,0.0,0.0,0.0,0.0,WA
8875340,WA,5306,0.0429605171084404,3,1.0,584962.978515625,572733.375,3,0,154127.375,0.0,416639.1875,0.0,0.0,0.0,0.0,0.0,0.0,0.0,0.0,0.0,0.0,0.0,0.0,0.0,0.0,0.0,0.0,0.0,0.0,0.0,0.0,0.0,0.0,0.0,0.0,0.0,0.0,0.0,0.0,0.0,0.0,0.0,0.0,0.0,-27442.53125,0.0,27442.5,0.0,0.0,0.0,0.0,0.0,0.0,0.0,0.0,0.0,-700.0,0.0,700.0,0.0,0.0,0.0,0.0,0.0,0.0,0.0,0.0,0.0,0.0,0.0,0.0,0.0,0.0,0.0,0.0,0.0,0.0,0.0,0.0,0.0,0.0,0.0,0.0,0.0,0.0,0.0,0.0,0.0,0.0,0.0,0.0,0.0,0.0,0.0,0.0,0.0,0.0,0.0,0.0,0.0,125984.84375,0.0,444781.6875,0.0,-28142.53125,0.0,28142.5,0.0,-18.25926851086642,0.0,6.754645824432373,0.0,WA
8875341,WA,5306,167.43313598632812,2,0.0,0.0,3295.231689453125,2,0,0.0,0.0,72385.4140625,10822.654296875,52815.25,0.0,0.0,63637.904296875,0.0,0.0,0.0,0.0,0.0,0.0,0.0,0.0,0.0,0.0,0.0,0.0,0.0,0.0,0.0,0.0,0.0,0.0,0.0,0.0,0.0,0.0,0.0,0.0,0.0,0.0,0.0,0.0,0.0,0.0,0.0,0.0,0.0,0.0,0.0,0.0,0.0,0.0,0.0,0.0,0.0,0.0,0.0,0.0,0.0,0.0,0.0,0.0,0.0,0.0,0.0,0.0,0.0,0.0,0.0,0.0,0.0,0.0,0.0,0.0,0.0,0.0,0.0,0.0,0.0,0.0,0.0,0.0,0.0,0.0,0.0,0.0,0.0,0.0,0.0,0.0,0.0,0.0,0.0,0.0,0.0,0.0,0.0,0.0,0.0,0.0,72385.4140625,63637.904296875,0.0,0.0,0.0,0.0,0.0,0.0,0.0,0.0,WA
8875342,WA,5306,0.13348270952701569,2,0.0,577079.1015625,586756.875,2,0,159779.625,0.0,434229.96875,0.0,0.0,0.0,0.0,0.0,0.0,0.0,0.0,0.0,0.0,0.0,0.0,0.0,0.0,0.0,0.0,0.0,0.0,0.0,0.0,0.0,0.0,0.0,0.0,0.0,0.0,0.0,0.0,0.0,0.0,0.0,0.0,0.0,-27778.515625,0.0,27778.53125,0.0,0.0,0.0,0.0,0.0,0.0,0.0,0.0,0.0,-606.875,0.0,606.875,0.0,0.0,0.0,0.0,0.0,0.0,0.0,0.0,0.0,0.0,0.0,0.0,0.0,0.0,0.0,0.0,0.0,0.0,0.0,0.0,0.0,0.0,0.0,0.0,0.0,0.0,0.0,0.0,0.0,0.0,0.0,0.0,0.0,0.0,0.0,0.0,0.0,0.0,0.0,0.0,0.0,131394.234375,0.0,462615.375,0.0,-28385.390625,0.0,28385.40625,0.0,-17.765338118048533,0.0,6.536952495574951,0.0,WA
8875343,WA,5306,0.14611823856830597,4,2.0,108379.05859375,117692.0234375,4,0,7681.5498046875,0.0,111910.25,0.0,0.0,0.0,0.0,0.0,-1380.3095703125,0.0,1380.3125,0.0,-682.197265625,0.0,682.1953125,0.0,2544.0,0.0,-2544.0,0.0,0.0,0.0,0.0,0.0,-2800.0,0.0,2800.0,0.0,0.0,0.0,0.0,0.0,-600.0,0.0,600.0,0.0,0.0,0.0,0.0,0.0,0.0,0.0,0.0,0.0,0.0,0.0,0.0,0.0,-240.0,0.0,240.0,0.0,0.0,0.0,0.0,0.0,0.0,0.0,0.0,0.0,0.0,0.0,0.0,0.0,0.0,0.0,0.0,0.0,0.0,0.0,0.0,0.0,0.0,0.0,0.0,0.0,-587.3671875,0.0,587.3671875,0.0,0.0,0.0,0.0,0.0,0.0,0.0,0.0,0.0,0.0,0.0,0.0,0.0,3935.67578125,0.0,115656.125,0.0,-3745.8740234375,0.0,3745.875,0.0,-48.76456078110255,0.0,3.3472135066986084,0.0,WA
8875344,WA,5306,0.15665203332901,5,1.0,445435.32421875,452542.03125,5,0,90188.03906250001,0.0,353213.84375,0.0,0.0,0.0,0.0,0.0,-1338.976562500029,0.0,1338.96875,0.0,-1759.43408203125,0.0,1759.4375,0.0,1907.999511718779,0.0,-1908.0,0.0,0.0,0.0,0.0,0.0,-1200.0,0.0,1200.0,0.0,0.0,0.0,0.0,0.0,0.0,0.0,0.0,0.0,-20591.156250000015,0.0,20591.15625,0.0,0.0,0.0,0.0,0.0,0.0,0.0,0.0,0.0,0.0,0.0,0.0,0.0,0.0,0.0,0.0,0.0,0.0,0.0,0.0,0.0,0.0,0.0,0.0,0.0,0.0,0.0,0.0,0.0,0.0,0.0,0.0,0.0,0.0,0.0,0.0,0.0,0.0,0.0,0.0,0.0,0.0,0.0,0.0,0.0,0.0,0.0,0.0,0.0,0.0,0.0,0.0,0.0,67206.4716796875,0.0,376195.40625,0.0,-22981.567382812515,0.0,22981.5625,0.0,-25.48183508778405,0.0,6.506416320800781,0.0,WA
8875345,WA,5306,80.012451171875,1,0.0,0.0,0.0,1,0,0.0,0.0,29644.013671875,16512.3984375,0.0,0.0,0.0,16512.3984375,0.0,0.0,0.0,0.0,0.0,0.0,0.0,0.0,0.0,0.0,0.0,0.0,0.0,0.0,0.0,0.0,0.0,0.0,0.0,0.0,0.0,0.0,0.0,0.0,0.0,0.0,0.0,0.0,0.0,0.0,0.0,0.0,0.0,0.0,0.0,0.0,0.0,0.0,0.0,0.0,0.0,0.0,0.0,0.0,0.0,0.0,0.0,0.0,0.0,0.0,0.0,0.0,0.0,0.0,0.0,0.0,0.0,0.0,0.0,0.0,0.0,0.0,0.0,0.0,0.0,0.0,0.0,0.0,0.0,0.0,0.0,0.0,0.0,0.0,0.0,0.0,0.0,0.0,0.0,0.0,0.0,0.0,0.0,0.0,0.0,0.0,29644.013671875,16512.3984375,0.0,0.0,0.0,0.0,0.0,0.0,0.0,0.0,WA
8875346,WA,5306,119.72795867919922,1,0.0,0.0,397.0896911621094,1,0,0.0,0.0,44991.125,22512.427734375,0.0,0.0,0.0,22512.427734375,0.0,0.0,0.0,0.0,0.0,0.0,0.0,0.0,0.0,0.0,0.0,0.0,0.0,0.0,0.0,0.0,0.0,0.0,0.0,0.0,0.0,0.0,0.0,0.0,0.0,0.0,0.0,0.0,0.0,0.0,0.0,0.0,0.0,0.0,0.0,0.0,0.0,0.0,0.0,0.0,0.0,0.0,0.0,0.0,0.0,0.0,0.0,0.0,0.0,0.0,0.0,0.0,0.0,0.0,0.0,0.0,0.0,0.0,0.0,0.0,0.0,0.0,0.0,0.0,0.0,0.0,0.0,0.0,0.0,0.0,0.0,0.0,0.0,0.0,0.0,0.0,0.0,0.0,0.0,0.0,0.0,0.0,0.0,0.0,0.0,0.0,44991.125,22512.427734375,0.0,0.0,0.0,0.0,0.0,0.0,0.0,0.0,WA
8875347,WA,5306,117.45164489746094,2,0.0,0.0,0.0,2,0,0.0,0.0,84194.75,17671.310546875,52815.25,0.0,0.0,70486.560546875,0.0,0.0,0.0,0.0,0.0,0.0,0.0,0.0,0.0,0.0,0.0,0.0,0.0,0.0,0.0,0.0,0.0,0.0,0.0,0.0,0.0,0.0,0.0,0.0,0.0,0.0,0.0,0.0,0.0,0.0,0.0,0.0,0.0,0.0,0.0,0.0,0.0,0.0,0.0,0.0,0.0,0.0,0.0,0.0,0.0,0.0,0.0,0.0,0.0,0.0,0.0,0.0,0.0,0.0,0.0,0.0,0.0,0.0,0.0,0.0,0.0,0.0,0.0,0.0,0.0,0.0,0.0,0.0,0.0,0.0,0.0,0.0,0.0,0.0,0.0,0.0,0.0,0.0,0.0,0.0,0.0,0.0,0.0,0.0,0.0,0.0,84194.75,70486.560546875,0.0,0.0,0.0,0.0,0.0,0.0,0.0,0.0,WA
8875348,WA,5306,99.74357604980469,2,0.0,0.0,8.27270221710205,2,0,0.0,0.0,76154.9375,29587.23828125,17585.97265625,0.0,0.0,47173.2109375,0.0,0.0,0.0,0.0,0.0,0.0,0.0,0.0,0.0,0.0,0.0,0.0,0.0,0.0,0.0,0.0,0.0,0.0,0.0,0.0,0.0,0.0,0.0,0.0,0.0,0.0,0.0,0.0,0.0,0.0,0.0,0.0,0.0,0.0,0.0,0.0,0.0,0.0,0.0,0.0,0.0,0.0,0.0,0.0,0.0,0.0,0.0,0.0,0.0,0.0,0.0,0.0,0.0,0.0,0.0,0.0,0.0,0.0,0.0,0.0,0.0,0.0,0.0,0.0,0.0,0.0,0.0,0.0,0.0,0.0,0.0,0.0,0.0,0.0,-287.6875,-287.68359375,0.0,0.0,0.0,0.0,0.0,0.0,0.0,0.0,0.0,0.0,75867.25,46885.52734375,0.0,0.0,-287.6875,-287.68359375,0.0,0.0,-0.37776604294776917,-0.6098452660582153,WA
8875349,WA,5306,102.92566680908203,1,0.0,0.0,0.0,1,0,0.0,0.0,58096.0625,29048.03125,0.0,0.0,0.0,29048.03125,0.0,0.0,0.0,0.0,0.0,0.0,0.0,0.0,0.0,0.0,0.0,0.0,0.0,0.0,0.0,0.0,0.0,0.0,0.0,0.0,0.0,0.0,0.0,0.0,0.0,0.0,0.0,0.0,0.0,0.0,0.0,0.0,0.0,0.0,0.0,0.0,0.0,0.0,0.0,0.0,0.0,0.0,0.0,0.0,0.0,0.0,0.0,0.0,0.0,0.0,0.0,0.0,0.0,0.0,0.0,0.0,0.0,0.0,0.0,0.0,0.0,0.0,0.0,0.0,0.0,0.0,0.0,0.0,0.0,0.0,0.0,0.0,0.0,0.0,0.0,0.0,0.0,0.0,0.0,0.0,0.0,0.0,0.0,0.0,0.0,0.0,58096.0625,29048.03125,0.0,0.0,0.0,0.0,0.0,0.0,0.0,0.0,WA
8875350,WA,5306,0.07859358191490173,2,0.0,0.0,148760.5,2,0,13436.1357421875,0.0,166625.140625,0.0,0.0,0.0,0.0,0.0,-2211.2265625,0.0,2211.234375,0.0,0.0,0.0,0.0,0.0,2019.578125,0.0,-2019.578125,0.0,0.0,0.0,0.0,0.0,0.0,0.0,0.0,0.0,0.0,0.0,0.0,0.0,-1100.0,0.0,1100.0,0.0,0.0,0.0,0.0,0.0,0.0,0.0,0.0,0.0,0.0,0.0,0.0,0.0,0.0,0.0,0.0,0.0,0.0,0.0,0.0,0.0,0.0,0.0,0.0,0.0,0.0,0.0,0.0,0.0,0.0,0.0,0.0,0.0,0.0,0.0,0.0,0.0,0.0,0.0,0.0,0.0,0.0,0.0,0.0,0.0,0.0,0.0,0.0,0.0,0.0,0.0,0.0,0.0,0.0,0.0,0.0,0.0,12144.4873046875,0.0,167916.796875,0.0,-1291.6484375,0.0,1291.65625,0.0,-9.613243437578657,0.0,0.7751868963241577,0.0,WA
8875351,WA,5306,54.77812957763672,1,0.0,0.0,14.063593864440918,1,0,0.0,0.0,43093.765625,21845.384765625,0.0,0.0,0.0,21845.384765625,0.0,0.0,0.0,0.0,0.0,0.0,0.0,0.0,0.0,0.0,0.0,0.0,0.0,0.0,0.0,0.0,0.0,0.0,0.0,0.0,0.0,0.0,0.0,0.0,0.0,0.0,0.0,0.0,0.0,0.0,0.0,0.0,0.0,0.0,0.0,0.0,0.0,0.0,0.0,0.0,0.0,0.0,0.0,0.0,0.0,0.0,0.0,0.0,0.0,0.0,0.0,0.0,0.0,0.0,0.0,0.0,0.0,0.0,0.0,0.0,0.0,0.0,0.0,0.0,0.0,0.0,0.0,0.0,0.0,0.0,0.0,0.0,0.0,0.0,0.0,0.0,0.0,0.0,0.0,0.0,0.0,0.0,0.0,0.0,0.0,0.0,43093.765625,21845.384765625,0.0,0.0,0.0,0.0,0.0,0.0,0.0,0.0,WA
8875352,WA,5306,0.11063876003026962,3,1.0,156210.7734375,163342.03125,3,0,21323.513671875,0.0,148153.9375,0.0,0.0,0.0,0.0,0.0,-3332.662109375,0.0,3332.65625,0.0,-3432.0009765625,0.0,3432.015625,0.0,3498.0009765625,0.0,-3498.015625,0.0,0.0,0.0,0.0,0.0,-500.0,0.0,500.0,0.0,0.0,0.0,0.0,0.0,0.0,0.0,0.0,0.0,0.0,0.0,0.0,0.0,0.0,0.0,0.0,0.0,0.0,0.0,0.0,0.0,-440.0,0.0,440.0,0.0,0.0,0.0,0.0,0.0,0.0,0.0,0.0,0.0,0.0,0.0,0.0,0.0,0.0,0.0,0.0,0.0,0.0,0.0,0.0,0.0,0.0,0.0,0.0,0.0,-400.6796875,0.0,400.6875,0.0,0.0,0.0,0.0,0.0,0.0,0.0,0.0,0.0,0.0,0.0,0.0,0.0,16716.171875,0.0,152761.28125,0.0,-4607.341796875,0.0,4607.34375,0.0,-21.60686023782248,0.0,3.109835386276245,0.0,WA
8875353,WA,5306,0.15425829589366913,2,0.0,111714.10546875,171595.0625,2,0,24198.765625,0.0,200227.828125,47498.5625,0.0,0.0,0.0,47498.5625,-3733.8515625,0.0,3733.84375,0.0,-3432.0,0.0,3432.0,0.0,2332.0,0.0,-2332.0,0.0,0.0,0.0,0.0,0.0,0.0,0.0,0.0,0.0,0.0,0.0,0.0,0.0,-16.9609375,0.0,16.96875,0.0,0.0,0.0,0.0,0.0,0.0,0.0,0.0,0.0,0.0,0.0,0.0,0.0,0.0,0.0,0.0,0.0,0.0,0.0,0.0,0.0,0.0,0.0,0.0,0.0,0.0,0.0,0.0,0.0,0.0,0.0,0.0,0.0,0.0,0.0,0.0,0.0,-2354.943359375,0.0,2354.9375,0.0,-497.697265625,0.0,497.703125,0.0,0.0,0.0,0.0,0.0,0.0,0.0,0.0,0.0,0.0,0.0,0.0,0.0,16495.3125,0.0,207931.28125,47498.5625,-7703.453125,0.0,7703.453125,0.0,-31.83407469776674,0.0,3.847343921661377,0.0,WA
8875354,WA,5306,271.5660400390625,3,1.0,0.0,0.8272702097892761,3,0,0.0,0.0,38781.69140625,38487.79296875,12436.414794921875,0.0,0.0,50924.207763671875,0.0,0.0,0.0,0.0,0.0,0.0,0.0,0.0,0.0,0.0,0.0,0.0,0.0,0.0,0.0,0.0,0.0,0.0,0.0,0.0,0.0,0.0,0.0,0.0,0.0,0.0,0.0,0.0,0.0,0.0,0.0,0.0,0.0,0.0,0.0,0.0,0.0,0.0,0.0,0.0,0.0,0.0,0.0,0.0,0.0,0.0,0.0,0.0,0.0,0.0,0.0,0.0,0.0,0.0,0.0,0.0,0.0,0.0,0.0,0.0,0.0,0.0,0.0,0.0,0.0,0.0,0.0,0.0,0.0,0.0,0.0,0.0,0.0,0.0,-468.1796875,-468.1796875,0.0,0.0,0.0,0.0,0.0,0.0,0.0,0.0,0.0,0.0,38313.51171875,50456.028076171875,0.0,0.0,-468.1796875,-468.1796875,0.0,0.0,-1.2072182893753052,-0.9193656770719334,WA
8875355,WA,5306,70.0995101928711,1,0.0,0.0,0.0,1,0,0.0,0.0,26139.3046875,13518.8720703125,0.0,0.0,0.0,13518.8720703125,0.0,0.0,0.0,0.0,0.0,0.0,0.0,0.0,0.0,0.0,0.0,0.0,0.0,0.0,0.0,0.0,0.0,0.0,0.0,0.0,0.0,0.0,0.0,0.0,0.0,0.0,0.0,0.0,0.0,0.0,0.0,0.0,0.0,0.0,0.0,0.0,0.0,0.0,0.0,0.0,0.0,0.0,0.0,0.0,0.0,0.0,0.0,0.0,0.0,0.0,0.0,0.0,0.0,0.0,0.0,0.0,0.0,0.0,0.0,0.0,0.0,0.0,0.0,0.0,0.0,0.0,0.0,0.0,0.0,0.0,0.0,0.0,0.0,0.0,0.0,0.0,0.0,0.0,0.0,0.0,0.0,0.0,0.0,0.0,0.0,0.0,26139.3046875,13518.8720703125,0.0,0.0,0.0,0.0,0.0,0.0,0.0,0.0,WA
8875356,WA,5306,88.34832000732422,1,0.0,17517.001953125,18565.5234375,1,0,0.0,0.0,57113.8984375,19549.1953125,0.0,0.0,0.0,19549.1953125,0.0,0.0,0.0,0.0,0.0,0.0,0.0,0.0,41.552345275878906,0.0,-41.55078125,0.0,0.0,0.0,0.0,0.0,0.0,0.0,0.0,0.0,0.0,0.0,0.0,0.0,0.0,0.0,0.0,0.0,0.0,0.0,0.0,0.0,0.0,0.0,0.0,0.0,0.0,0.0,0.0,0.0,-41.552345275878906,0.0,41.55078125,0.0,0.0,0.0,0.0,0.0,0.0,0.0,0.0,0.0,0.0,0.0,0.0,0.0,0.0,0.0,0.0,0.0,0.0,0.0,0.0,0.0,0.0,0.0,0.0,0.0,0.0,0.0,0.0,0.0,0.0,0.0,0.0,0.0,0.0,0.0,0.0,0.0,0.0,0.0,0.0,0.0,0.0,0.0,57113.8984375,19549.1953125,0.0,0.0,0.0,0.0,0.0,0.0,0.0,0.0,WA
8875357,WA,5306,9.64535140991211,2,1.0,0.0,0.0,2,0,0.0,0.0,4774.390625,1130.9622802734375,3643.428466796875,0.0,0.0,4774.3907470703125,0.0,0.0,0.0,0.0,0.0,0.0,0.0,0.0,0.0,0.0,0.0,0.0,0.0,0.0,0.0,0.0,0.0,0.0,0.0,0.0,0.0,0.0,0.0,0.0,0.0,0.0,0.0,0.0,0.0,0.0,0.0,0.0,0.0,0.0,0.0,0.0,0.0,0.0,0.0,0.0,0.0,0.0,0.0,0.0,0.0,0.0,0.0,0.0,0.0,0.0,0.0,0.0,0.0,0.0,0.0,0.0,0.0,0.0,0.0,0.0,0.0,0.0,0.0,0.0,0.0,0.0,0.0,0.0,0.0,0.0,0.0,0.0,0.0,0.0,0.0,0.0,0.0,0.0,0.0,0.0,0.0,0.0,0.0,0.0,0.0,0.0,4774.390625,4774.3907470703125,0.0,0.0,0.0,0.0,0.0,0.0,0.0,0.0,WA
8875358,WA,5306,43.18635177612305,1,0.0,0.0,0.8272702097892761,1,0,0.0,0.0,36639.2890625,18627.876953125,0.0,0.0,0.0,18627.876953125,0.0,0.0,0.0,0.0,0.0,0.0,0.0,0.0,0.0,0.0,0.0,0.0,0.0,0.0,0.0,0.0,0.0,0.0,0.0,0.0,0.0,0.0,0.0,0.0,0.0,0.0,0.0,0.0,0.0,0.0,0.0,0.0,0.0,0.0,0.0,0.0,0.0,0.0,0.0,0.0,0.0,0.0,0.0,0.0,0.0,0.0,0.0,0.0,0.0,0.0,0.0,0.0,0.0,0.0,0.0,0.0,0.0,0.0,0.0,0.0,0.0,0.0,0.0,0.0,0.0,0.0,0.0,0.0,0.0,0.0,0.0,0.0,0.0,0.0,0.0,0.0,0.0,0.0,0.0,0.0,0.0,0.0,0.0,0.0,0.0,0.0,36639.2890625,18627.876953125,0.0,0.0,0.0,0.0,0.0,0.0,0.0,0.0,WA
8875359,WA,5306,217.93771362304688,2,0.0,0.0,0.0,2,0,0.0,0.0,74183.5390625,37235.609375,0.0,0.0,0.0,37235.609375,0.0,0.0,0.0,0.0,0.0,0.0,0.0,0.0,0.0,0.0,0.0,0.0,0.0,0.0,0.0,0.0,0.0,0.0,0.0,0.0,0.0,0.0,0.0,0.0,0.0,0.0,0.0,0.0,0.0,0.0,0.0,0.0,0.0,0.0,0.0,0.0,0.0,0.0,0.0,0.0,0.0,0.0,0.0,0.0,0.0,0.0,0.0,0.0,0.0,0.0,0.0,0.0,0.0,0.0,0.0,0.0,0.0,0.0,0.0,0.0,0.0,0.0,0.0,0.0,0.0,0.0,0.0,0.0,0.0,0.0,0.0,0.0,0.0,0.0,0.0,0.0,0.0,0.0,0.0,0.0,0.0,0.0,0.0,0.0,0.0,0.0,74183.5390625,37235.609375,0.0,0.0,0.0,0.0,0.0,0.0,0.0,0.0,WA
8875360,WA,5306,0.11486925184726715,2,0.0,163141.84375,337464.71875,2,0,79808.390625,0.0,351073.125,0.0,0.0,0.0,0.0,0.0,0.0,0.0,0.0,0.0,0.0,0.0,0.0,0.0,0.0,0.0,0.0,0.0,0.0,0.0,0.0,0.0,0.0,0.0,0.0,0.0,0.0,0.0,0.0,0.0,-3034.328125,0.0,3034.34375,0.0,-16959.07421875,0.0,16959.0625,0.0,0.0,0.0,0.0,0.0,0.0,0.0,0.0,0.0,0.0,0.0,0.0,0.0,0.0,0.0,0.0,0.0,0.0,0.0,0.0,0.0,0.0,0.0,0.0,0.0,0.0,0.0,0.0,0.0,-1077.4296875,0.0,1077.4375,0.0,0.0,0.0,0.0,0.0,0.0,0.0,0.0,0.0,0.0,0.0,0.0,0.0,0.0,0.0,0.0,0.0,0.0,0.0,0.0,0.0,58737.55859375,0.0,372143.96875,0.0,-21070.83203125,0.0,21070.84375,0.0,-26.40177538506779,0.0,6.0018391609191895,0.0,WA
8875361,WA,5306,0.046047139912843704,2,0.0,0.0,143619.71875,2,0,17204.9296875,0.0,159270.34375,28552.107421875,0.0,0.0,0.0,28552.107421875,-2894.591796875,0.0,2894.578125,0.0,-3103.9716796875,0.0,3103.984375,0.0,2003.9716796875,0.0,-2003.984375,0.0,0.0,0.0,0.0,0.0,0.0,0.0,0.0,0.0,0.0,0.0,0.0,0.0,-11.66015625,0.0,11.671875,0.0,0.0,0.0,0.0,0.0,0.0,0.0,0.0,0.0,0.0,0.0,0.0,0.0,0.0,0.0,0.0,0.0,0.0,0.0,0.0,0.0,0.0,0.0,0.0,0.0,0.0,0.0,0.0,0.0,0.0,0.0,0.0,0.0,0.0,0.0,0.0,0.0,-2166.671875,0.0,2166.671875,0.0,0.0,0.0,0.0,0.0,0.0,0.0,0.0,0.0,0.0,0.0,0.0,0.0,0.0,0.0,0.0,0.0,11032.005859375,0.0,165443.265625,28552.107421875,-6172.923828125,0.0,6172.921875,0.0,-35.878808807977,0.0,3.87575101852417,0.0,WA
8875362,WA,5306,940.7651977539062,4,3.0,0.0,0.0,4,0,0.0,0.0,89820.203125,47332.73828125,42487.46826171875,0.0,0.0,89820.20654296875,0.0,0.0,0.0,0.0,0.0,0.0,0.0,0.0,0.0,0.0,0.0,0.0,0.0,0.0,0.0,0.0,0.0,0.0,0.0,0.0,0.0,0.0,0.0,0.0,0.0,0.0,0.0,0.0,0.0,0.0,0.0,0.0,0.0,0.0,0.0,0.0,0.0,0.0,0.0,0.0,0.0,0.0,0.0,0.0,0.0,0.0,0.0,0.0,0.0,0.0,0.0,0.0,0.0,0.0,0.0,0.0,0.0,0.0,0.0,0.0,0.0,0.0,0.0,0.0,0.0,0.0,0.0,0.0,0.0,0.0,0.0,0.0,0.0,0.0,-7236.5390625,-7236.54296875,0.0,0.0,0.0,0.0,0.0,0.0,0.0,0.0,0.0,0.0,82583.6640625,82583.66357421875,0.0,0.0,-7236.5390625,-7236.54296875,0.0,0.0,-8.056694030761719,-8.056698205529218,WA
8875363,WA,5306,91.33871459960938,2,0.0,0.0,0.0,2,0,0.0,0.0,56661.1328125,28804.408203125,0.0,0.0,0.0,28804.408203125,0.0,0.0,0.0,0.0,0.0,0.0,0.0,0.0,0.0,0.0,0.0,0.0,0.0,0.0,0.0,0.0,0.0,0.0,0.0,0.0,0.0,0.0,0.0,0.0,0.0,0.0,0.0,0.0,0.0,0.0,0.0,0.0,0.0,0.0,0.0,0.0,0.0,0.0,0.0,0.0,0.0,0.0,0.0,0.0,0.0,0.0,0.0,0.0,0.0,0.0,0.0,0.0,0.0,0.0,0.0,0.0,0.0,0.0,0.0,0.0,0.0,0.0,0.0,0.0,0.0,0.0,0.0,0.0,0.0,0.0,0.0,0.0,0.0,0.0,0.0,0.0,0.0,0.0,0.0,0.0,0.0,0.0,0.0,0.0,0.0,0.0,56661.1328125,28804.408203125,0.0,0.0,0.0,0.0,0.0,0.0,0.0,0.0,WA
8875364,WA,5306,0.13973945379257202,2,0.0,0.0,24417.763671875,2,0,0.0,0.0,89699.46875,34229.61328125,0.0,0.0,0.0,34229.61328125,0.0,0.0,0.0,0.0,0.0,0.0,0.0,0.0,0.0,0.0,0.0,0.0,0.0,0.0,0.0,0.0,0.0,0.0,0.0,0.0,0.0,0.0,0.0,0.0,0.0,0.0,0.0,0.0,0.0,0.0,0.0,0.0,0.0,0.0,0.0,0.0,0.0,0.0,0.0,0.0,0.0,0.0,0.0,0.0,0.0,0.0,0.0,0.0,0.0,0.0,0.0,0.0,0.0,0.0,0.0,0.0,0.0,0.0,0.0,0.0,0.0,0.0,0.0,0.0,0.0,0.0,0.0,0.0,0.0,0.0,0.0,0.0,0.0,0.0,0.0,0.0,0.0,0.0,0.0,0.0,0.0,0.0,0.0,0.0,0.0,0.0,89699.46875,34229.61328125,0.0,0.0,0.0,0.0,0.0,0.0,0.0,0.0,WA
8875365,WA,5306,547.7623901367188,2,0.0,0.0,0.0,2,0,0.0,0.0,37156.87109375,21631.744140625,0.0,0.0,0.0,21631.744140625,0.0,0.0,0.0,0.0,0.0,0.0,0.0,0.0,0.0,0.0,0.0,0.0,0.0,0.0,0.0,0.0,0.0,0.0,0.0,0.0,0.0,0.0,0.0,0.0,0.0,0.0,0.0,0.0,0.0,0.0,0.0,0.0,0.0,0.0,0.0,0.0,0.0,0.0,0.0,0.0,0.0,0.0,0.0,0.0,0.0,0.0,0.0,0.0,0.0,0.0,0.0,0.0,0.0,0.0,0.0,0.0,0.0,0.0,0.0,0.0,0.0,0.0,0.0,0.0,0.0,0.0,0.0,0.0,0.0,0.0,0.0,0.0,0.0,0.0,0.0,0.0,0.0,0.0,0.0,0.0,0.0,0.0,0.0,0.0,0.0,0.0,37156.87109375,21631.744140625,0.0,0.0,0.0,0.0,0.0,0.0,0.0,0.0,WA
8875366,WA,5306,0.1677428036928177,5,3.0,91684.01263427734,92158.5390625,5,0,1738.8623046875,0.0,94022.421875,0.0,0.0,24.54541015625,8430.76904296875,8455.314453125,-471.7724609375,0.0,471.7734375,0.0,-748.065185546875,0.0,748.0625,0.0,3180.000244140625,0.0,-3180.0,0.0,0.0,0.0,0.0,0.0,-3600.0,0.0,3600.0,0.0,0.0,0.0,0.0,0.0,-11.38916015625,0.0,11.390625,0.0,0.0,0.0,0.0,0.0,0.0,0.0,0.0,0.0,0.0,0.0,0.0,0.0,-240.0,0.0,240.0,0.0,0.0,0.0,0.0,0.0,0.0,0.0,0.0,0.0,0.0,0.0,0.0,0.0,0.0,0.0,0.0,0.0,0.0,0.0,0.0,0.0,0.0,0.0,0.0,0.0,0.0,0.0,0.0,0.0,0.0,0.0,0.0,0.0,0.0,0.0,0.0,0.0,0.0,0.0,0.0,0.0,-152.3642578125,0.0,95913.6484375,8455.314453125,-1891.2265625,0.0,1891.2265625,0.0,-108.76229574945452,0.0,2.0114634037017822,0.0,WA
8875367,WA,5306,113.14419555664062,1,0.0,0.0,27.694190979003906,1,0,0.0,0.0,38722.13671875,12286.8173828125,26407.625,0.0,0.0,38694.4423828125,0.0,0.0,0.0,0.0,0.0,0.0,0.0,0.0,0.0,0.0,0.0,0.0,0.0,0.0,0.0,0.0,0.0,0.0,0.0,0.0,0.0,0.0,0.0,0.0,0.0,0.0,0.0,0.0,0.0,0.0,0.0,0.0,0.0,0.0,0.0,0.0,0.0,0.0,0.0,0.0,0.0,0.0,0.0,0.0,0.0,0.0,0.0,0.0,0.0,0.0,0.0,0.0,0.0,0.0,0.0,0.0,0.0,0.0,0.0,0.0,0.0,0.0,0.0,0.0,0.0,0.0,0.0,0.0,0.0,0.0,0.0,0.0,0.0,0.0,0.0,0.0,0.0,0.0,0.0,0.0,0.0,0.0,0.0,0.0,0.0,0.0,38722.13671875,38694.4423828125,0.0,0.0,0.0,0.0,0.0,0.0,0.0,0.0,WA
8875368,WA,5306,91.09282684326172,1,0.0,0.0,0.0,1,0,0.0,0.0,14691.2958984375,5898.3095703125,8792.986328125,0.0,0.0,14691.2958984375,0.0,0.0,0.0,0.0,0.0,0.0,0.0,0.0,0.0,0.0,0.0,0.0,0.0,0.0,0.0,0.0,0.0,0.0,0.0,0.0,0.0,0.0,0.0,0.0,0.0,0.0,0.0,0.0,0.0,0.0,0.0,0.0,0.0,0.0,0.0,0.0,0.0,0.0,0.0,0.0,0.0,0.0,0.0,0.0,0.0,0.0,0.0,0.0,0.0,0.0,0.0,0.0,0.0,0.0,0.0,0.0,0.0,0.0,0.0,0.0,0.0,0.0,0.0,0.0,0.0,0.0,0.0,0.0,0.0,0.0,0.0,0.0,0.0,0.0,0.0,0.0,0.0,0.0,0.0,0.0,0.0,0.0,0.0,0.0,0.0,0.0,14691.2958984375,14691.2958984375,0.0,0.0,0.0,0.0,0.0,0.0,0.0,0.0,WA
8875369,WA,5306,120.01078796386719,1,0.0,0.0,0.0,1,0,0.0,0.0,39461.78125,13054.1572265625,26407.625,0.0,0.0,39461.7822265625,0.0,0.0,0.0,0.0,0.0,0.0,0.0,0.0,0.0,0.0,0.0,0.0,0.0,0.0,0.0,0.0,0.0,0.0,0.0,0.0,0.0,0.0,0.0,0.0,0.0,0.0,0.0,0.0,0.0,0.0,0.0,0.0,0.0,0.0,0.0,0.0,0.0,0.0,0.0,0.0,0.0,0.0,0.0,0.0,0.0,0.0,0.0,0.0,0.0,0.0,0.0,0.0,0.0,0.0,0.0,0.0,0.0,0.0,0.0,0.0,0.0,0.0,0.0,0.0,0.0,0.0,0.0,0.0,0.0,0.0,0.0,0.0,0.0,0.0,0.0,0.0,0.0,0.0,0.0,0.0,0.0,0.0,0.0,0.0,0.0,0.0,39461.78125,39461.7822265625,0.0,0.0,0.0,0.0,0.0,0.0,0.0,0.0,WA
8875370,WA,5306,25.920820236206055,1,0.0,0.0,0.8272702097892761,1,0,0.0,0.0,26408.841796875,0.0,26407.625,0.0,0.0,26407.625,0.0,0.0,0.0,0.0,0.0,0.0,0.0,0.0,0.0,0.0,0.0,0.0,0.0,0.0,0.0,0.0,0.0,0.0,0.0,0.0,0.0,0.0,0.0,0.0,0.0,0.0,0.0,0.0,0.0,0.0,0.0,0.0,0.0,0.0,0.0,0.0,0.0,0.0,0.0,0.0,0.0,0.0,0.0,0.0,0.0,0.0,0.0,0.0,0.0,0.0,0.0,0.0,0.0,0.0,0.0,0.0,0.0,0.0,0.0,0.0,0.0,0.0,0.0,0.0,0.0,0.0,0.0,0.0,0.0,0.0,0.0,0.0,0.0,0.0,0.0,0.0,0.0,0.0,0.0,0.0,0.0,0.0,0.0,0.0,0.0,0.0,26408.841796875,26407.625,0.0,0.0,0.0,0.0,0.0,0.0,0.0,0.0,WA
8875371,WA,5306,0.15015318989753723,5,3.0,1161451.375,1457032.25,5,0,499389.34375,0.0,915608.0625,0.0,0.0,0.0,0.0,0.0,-44107.71875,0.0,44107.6875,0.0,-5772.0,0.0,5772.0,0.0,0.0,0.0,0.0,0.0,0.0,0.0,0.0,0.0,0.0,0.0,0.0,0.0,0.0,0.0,0.0,0.0,-8368.84375,0.0,8368.875,0.0,0.0,0.0,0.0,0.0,0.0,0.0,0.0,0.0,0.0,0.0,0.0,0.0,-740.0,0.0,740.0,0.0,-5041.34375,0.0,5041.375,0.0,0.0,0.0,0.0,0.0,5041.34375,0.0,-5041.375,0.0,0.0,0.0,0.0,0.0,0.0,0.0,0.0,0.0,0.0,0.0,0.0,0.0,0.0,0.0,0.0,0.0,0.0,0.0,0.0,0.0,0.0,0.0,0.0,0.0,0.0,0.0,0.0,0.0,440400.78125,0.0,974596.625,0.0,-58988.5625,0.0,58988.5625,0.0,-11.812138812783788,0.0,6.442555904388428,0.0,WA
8875372,WA,5306,0.005418749991804361,1,0.0,63316.99609375,63399.72265625,0,1,6912.4306640625,0.0,52245.30078125,0.0,0.0,0.0,0.0,0.0,-1184.4638671875,0.0,1184.46484375,0.0,-936.0,0.0,936.0,0.0,636.0,0.0,-636.0,0.0,0.0,0.0,0.0,0.0,0.0,0.0,0.0,0.0,0.0,0.0,0.0,0.0,0.0,0.0,0.0,0.0,0.0,0.0,0.0,0.0,0.0,0.0,0.0,0.0,0.0,0.0,0.0,0.0,0.0,0.0,0.0,0.0,0.0,0.0,0.0,0.0,0.0,0.0,0.0,0.0,0.0,0.0,0.0,0.0,0.0,0.0,0.0,0.0,0.0,0.0,0.0,0.0,0.0,0.0,0.0,0.0,0.0,0.0,0.0,0.0,0.0,0.0,0.0,0.0,0.0,0.0,0.0,0.0,0.0,0.0,0.0,0.0,5427.966796875,0.0,53729.765625,0.0,-1484.4638671875,0.0,1484.46484375,0.0,-21.4752803945677,0.0,2.841336727142334,0.0,WA
8875373,WA,5306,60.50783157348633,3,1.0,0.0,0.0,3,0,0.0,0.0,51931.8203125,13087.779296875,38844.039794921875,0.0,0.0,51931.819091796875,0.0,0.0,0.0,0.0,0.0,0.0,0.0,0.0,0.0,0.0,0.0,0.0,0.0,0.0,0.0,0.0,0.0,0.0,0.0,0.0,0.0,0.0,0.0,0.0,0.0,0.0,0.0,0.0,0.0,0.0,0.0,0.0,0.0,0.0,0.0,0.0,0.0,0.0,0.0,0.0,0.0,0.0,0.0,0.0,0.0,0.0,0.0,0.0,0.0,0.0,0.0,0.0,0.0,0.0,0.0,0.0,0.0,0.0,0.0,0.0,0.0,0.0,0.0,0.0,0.0,0.0,0.0,0.0,0.0,0.0,0.0,0.0,0.0,0.0,0.0,0.0,0.0,0.0,0.0,0.0,0.0,0.0,0.0,0.0,0.0,0.0,51931.8203125,51931.819091796875,0.0,0.0,0.0,0.0,0.0,0.0,0.0,0.0,WA
8875374,WA,5306,216.95828247070312,2,0.0,0.0,59.362052619457245,2,0,0.0,0.0,129017.65625,64478.7578125,0.0,0.0,0.0,64478.7578125,0.0,0.0,0.0,0.0,0.0,0.0,0.0,0.0,0.0,0.0,0.0,0.0,0.0,0.0,0.0,0.0,0.0,0.0,0.0,0.0,0.0,0.0,0.0,0.0,0.0,0.0,0.0,0.0,0.0,0.0,0.0,0.0,0.0,0.0,0.0,0.0,0.0,0.0,0.0,0.0,0.0,0.0,0.0,0.0,0.0,0.0,0.0,0.0,0.0,0.0,0.0,0.0,0.0,0.0,0.0,0.0,0.0,0.0,0.0,0.0,0.0,0.0,0.0,0.0,0.0,0.0,0.0,0.0,0.0,0.0,0.0,0.0,0.0,0.0,0.0,0.0,0.0,0.0,0.0,0.0,0.0,0.0,0.0,0.0,0.0,0.0,129017.65625,64478.7578125,0.0,0.0,0.0,0.0,0.0,0.0,0.0,0.0,WA
8875375,WA,5306,0.4235430955886841,1,0.0,0.0,303.608154296875,1,0,0.0,0.0,2520.388916015625,1201.953125,0.0,0.0,0.0,1201.953125,0.0,0.0,0.0,0.0,0.0,0.0,0.0,0.0,0.0,0.0,0.0,0.0,0.0,0.0,0.0,0.0,0.0,0.0,0.0,0.0,0.0,0.0,0.0,0.0,0.0,0.0,0.0,0.0,0.0,0.0,0.0,0.0,0.0,0.0,0.0,0.0,0.0,0.0,0.0,0.0,0.0,0.0,0.0,0.0,0.0,0.0,0.0,0.0,0.0,0.0,0.0,0.0,0.0,0.0,0.0,0.0,0.0,0.0,0.0,0.0,0.0,0.0,0.0,0.0,0.0,0.0,0.0,0.0,0.0,0.0,0.0,0.0,0.0,0.0,0.0,0.0,0.0,0.0,0.0,0.0,0.0,0.0,0.0,0.0,0.0,0.0,2520.388916015625,1201.953125,0.0,0.0,0.0,0.0,0.0,0.0,0.0,0.0,WA
8875376,WA,5306,0.42235738039016724,1,0.0,0.0,0.0,1,0,0.0,0.0,0.0,0.0,0.0,0.0,0.0,0.0,0.0,0.0,0.0,0.0,0.0,0.0,0.0,0.0,0.0,0.0,0.0,0.0,0.0,0.0,0.0,0.0,0.0,0.0,0.0,0.0,0.0,0.0,0.0,0.0,0.0,0.0,0.0,0.0,0.0,0.0,0.0,0.0,0.0,0.0,0.0,0.0,0.0,0.0,0.0,0.0,0.0,0.0,0.0,0.0,0.0,0.0,0.0,0.0,0.0,0.0,0.0,0.0,0.0,0.0,0.0,0.0,0.0,0.0,0.0,0.0,0.0,0.0,0.0,0.0,0.0,0.0,0.0,0.0,0.0,0.0,0.0,0.0,0.0,0.0,0.0,0.0,0.0,0.0,0.0,0.0,0.0,0.0,0.0,0.0,0.0,0.0,0.0,0.0,0.0,0.0,0.0,0.0,0.0,0.0,0.0,0.0,WA
8875377,WA,5306,34.17461395263672,2,0.0,348.4353942871094,348.4353942871094,2,0,0.0,0.0,79690.65625,35287.9453125,8792.986328125,0.0,0.0,44080.931640625,0.0,0.0,0.0,0.0,0.0,0.0,0.0,0.0,0.0,0.0,0.0,0.0,0.0,0.0,0.0,0.0,0.0,0.0,0.0,0.0,0.0,0.0,0.0,0.0,0.0,0.0,0.0,0.0,0.0,0.0,0.0,0.0,0.0,0.0,0.0,0.0,0.0,0.0,0.0,0.0,0.0,0.0,0.0,0.0,0.0,0.0,0.0,0.0,0.0,0.0,0.0,0.0,0.0,0.0,0.0,0.0,0.0,0.0,0.0,0.0,0.0,0.0,0.0,0.0,0.0,0.0,0.0,0.0,0.0,0.0,0.0,0.0,0.0,0.0,0.0,0.0,0.0,0.0,0.0,0.0,0.0,0.0,0.0,0.0,0.0,0.0,79690.65625,44080.931640625,0.0,0.0,0.0,0.0,0.0,0.0,0.0,0.0,WA
8875378,WA,5306,231.6944580078125,1,0.0,0.0,0.0,1,0,0.0,0.0,12719.0263671875,3926.039794921875,8792.986328125,0.0,0.0,12719.026123046875,0.0,0.0,0.0,0.0,0.0,0.0,0.0,0.0,0.0,0.0,0.0,0.0,0.0,0.0,0.0,0.0,0.0,0.0,0.0,0.0,0.0,0.0,0.0,0.0,0.0,0.0,0.0,0.0,0.0,0.0,0.0,0.0,0.0,0.0,0.0,0.0,0.0,0.0,0.0,0.0,0.0,0.0,0.0,0.0,0.0,0.0,0.0,0.0,0.0,0.0,0.0,0.0,0.0,0.0,0.0,0.0,0.0,0.0,0.0,0.0,0.0,0.0,0.0,0.0,0.0,0.0,0.0,0.0,0.0,0.0,0.0,0.0,0.0,0.0,0.0,0.0,0.0,0.0,0.0,0.0,0.0,0.0,0.0,0.0,0.0,0.0,12719.0263671875,12719.026123046875,0.0,0.0,0.0,0.0,0.0,0.0,0.0,0.0,WA
8875379,WA,5306,340.5863037109375,2,0.0,0.0,1.6545404195785522,2,0,0.0,0.0,67100.8046875,14282.0283203125,52815.25,0.0,0.0,67097.2783203125,0.0,0.0,0.0,0.0,0.0,0.0,0.0,0.0,0.0,0.0,0.0,0.0,0.0,0.0,0.0,0.0,0.0,0.0,0.0,0.0,0.0,0.0,0.0,0.0,0.0,0.0,0.0,0.0,0.0,0.0,0.0,0.0,0.0,0.0,0.0,0.0,0.0,0.0,0.0,0.0,0.0,0.0,0.0,0.0,0.0,0.0,0.0,0.0,0.0,0.0,0.0,0.0,0.0,0.0,0.0,0.0,0.0,0.0,0.0,0.0,0.0,0.0,0.0,0.0,0.0,0.0,0.0,0.0,0.0,0.0,0.0,0.0,0.0,0.0,-4656.421875,-4656.4169921875,0.0,0.0,0.0,0.0,0.0,0.0,0.0,0.0,0.0,0.0,62444.3828125,62440.861328125,0.0,0.0,-4656.421875,-4656.4169921875,0.0,0.0,-6.9394426345825195,-6.9398001062851655,WA
8875380,WA,5306,0.09371843934059143,2,0.0,118865.03125,129432.2734375,2,0,14483.068359375,0.0,114170.7578125,0.0,0.0,0.0,0.0,0.0,-2567.9677734375,0.0,2567.96875,0.0,-2015.2275390625,0.0,2015.2265625,0.0,1272.0,0.0,-1272.0,0.0,0.0,0.0,0.0,0.0,0.0,0.0,0.0,0.0,0.0,0.0,0.0,0.0,-600.0,0.0,600.0,0.0,0.0,0.0,0.0,0.0,0.0,0.0,0.0,0.0,0.0,0.0,0.0,0.0,-240.0,0.0,240.0,0.0,0.0,0.0,0.0,0.0,0.0,0.0,0.0,0.0,0.0,0.0,0.0,0.0,0.0,0.0,0.0,0.0,0.0,0.0,0.0,0.0,0.0,0.0,0.0,0.0,0.0,0.0,0.0,0.0,0.0,0.0,0.0,0.0,0.0,0.0,0.0,0.0,0.0,0.0,0.0,0.0,10331.873046875,0.0,118321.953125,0.0,-4151.1953125,0.0,4151.1953125,0.0,-28.662402258240395,0.0,3.635953426361084,0.0,WA
8875381,WA,5306,58.1190185546875,2,0.0,0.0,0.0,2,0,0.0,0.0,8792.986328125,0.0,8792.986328125,0.0,0.0,8792.986328125,0.0,0.0,0.0,0.0,0.0,0.0,0.0,0.0,0.0,0.0,0.0,0.0,0.0,0.0,0.0,0.0,0.0,0.0,0.0,0.0,0.0,0.0,0.0,0.0,0.0,0.0,0.0,0.0,0.0,0.0,0.0,0.0,0.0,0.0,0.0,0.0,0.0,0.0,0.0,0.0,0.0,0.0,0.0,0.0,0.0,0.0,0.0,0.0,0.0,0.0,0.0,0.0,0.0,0.0,0.0,0.0,0.0,0.0,0.0,0.0,0.0,0.0,0.0,0.0,0.0,0.0,0.0,0.0,0.0,0.0,0.0,0.0,0.0,0.0,0.0,0.0,0.0,0.0,0.0,0.0,0.0,0.0,0.0,0.0,0.0,0.0,8792.986328125,8792.986328125,0.0,0.0,0.0,0.0,0.0,0.0,0.0,0.0,WA
8875382,WA,5306,563.5440063476562,4,0.0,0.0,0.0,4,0,0.0,0.0,146661.03125,51104.8125,52815.25,0.0,0.0,103920.0625,0.0,0.0,0.0,0.0,0.0,0.0,0.0,0.0,0.0,0.0,0.0,0.0,0.0,0.0,0.0,0.0,0.0,0.0,0.0,0.0,0.0,0.0,0.0,0.0,0.0,0.0,0.0,0.0,0.0,0.0,0.0,0.0,0.0,0.0,0.0,0.0,0.0,0.0,0.0,0.0,0.0,0.0,0.0,0.0,0.0,0.0,0.0,0.0,0.0,0.0,0.0,0.0,0.0,0.0,0.0,0.0,0.0,0.0,0.0,0.0,0.0,0.0,0.0,0.0,0.0,0.0,0.0,0.0,0.0,0.0,0.0,0.0,0.0,0.0,0.0,0.0,0.0,0.0,0.0,0.0,0.0,0.0,0.0,0.0,0.0,0.0,146661.03125,103920.0625,0.0,0.0,0.0,0.0,0.0,0.0,0.0,0.0,WA
8875383,WA,5306,96.84434509277344,3,0.0,10974.91796875,10974.91796875,3,0,0.0,0.0,119789.796875,49530.2109375,8792.986328125,0.0,0.0,58323.197265625,0.0,0.0,0.0,0.0,0.0,0.0,0.0,0.0,0.0,0.0,0.0,0.0,0.0,0.0,0.0,0.0,0.0,0.0,0.0,0.0,0.0,0.0,0.0,0.0,0.0,0.0,0.0,0.0,0.0,0.0,0.0,0.0,0.0,0.0,0.0,0.0,0.0,0.0,0.0,0.0,0.0,0.0,0.0,0.0,0.0,0.0,0.0,0.0,0.0,0.0,0.0,0.0,0.0,0.0,0.0,0.0,0.0,0.0,0.0,0.0,0.0,0.0,0.0,0.0,0.0,0.0,0.0,0.0,0.0,0.0,0.0,0.0,0.0,0.0,0.0,0.0,0.0,0.0,0.0,0.0,0.0,0.0,0.0,0.0,0.0,0.0,119789.796875,58323.197265625,0.0,0.0,0.0,0.0,0.0,0.0,0.0,0.0,WA
8875384,WA,5306,68.63985443115234,1,0.0,0.0,0.0,1,0,0.0,0.0,36321.98828125,18469.8359375,0.0,0.0,0.0,18469.8359375,0.0,0.0,0.0,0.0,0.0,0.0,0.0,0.0,0.0,0.0,0.0,0.0,0.0,0.0,0.0,0.0,0.0,0.0,0.0,0.0,0.0,0.0,0.0,0.0,0.0,0.0,0.0,0.0,0.0,0.0,0.0,0.0,0.0,0.0,0.0,0.0,0.0,0.0,0.0,0.0,0.0,0.0,0.0,0.0,0.0,0.0,0.0,0.0,0.0,0.0,0.0,0.0,0.0,0.0,0.0,0.0,0.0,0.0,0.0,0.0,0.0,0.0,0.0,0.0,0.0,0.0,0.0,0.0,0.0,0.0,0.0,0.0,0.0,0.0,0.0,0.0,0.0,0.0,0.0,0.0,0.0,0.0,0.0,0.0,0.0,0.0,36321.98828125,18469.8359375,0.0,0.0,0.0,0.0,0.0,0.0,0.0,0.0,WA
8875385,WA,5306,0.18393494188785553,3,0.0,51724.99609375,88639.546875,3,0,8000.93212890625,0.0,77594.53125,0.0,0.0,0.0,0.0,0.0,-1124.1865234375,0.0,1124.1796875,0.0,-1872.0,0.0,1872.0,0.0,1272.0,0.0,-1272.0,0.0,0.0,0.0,0.0,0.0,0.0,0.0,0.0,0.0,0.0,0.0,0.0,0.0,0.0,0.0,0.0,0.0,0.0,0.0,0.0,0.0,0.0,0.0,0.0,0.0,0.0,0.0,0.0,0.0,-240.0,0.0,240.0,0.0,0.0,0.0,0.0,0.0,0.0,0.0,0.0,0.0,0.0,0.0,0.0,0.0,0.0,0.0,0.0,0.0,0.0,0.0,0.0,0.0,0.0,0.0,0.0,0.0,-145.26904296875,0.0,145.2734375,0.0,0.0,0.0,0.0,0.0,0.0,0.0,0.0,0.0,0.0,0.0,0.0,0.0,5891.4765625,0.0,79703.984375,0.0,-2109.45556640625,0.0,2109.453125,0.0,-26.365122618464436,0.0,2.7185590267181396,0.0,WA
8875386,WA,5306,127.05722045898438,1,0.0,0.0,0.0,1,0,0.0,0.0,36322.765625,9915.142578125,26407.625,0.0,0.0,36322.767578125,0.0,0.0,0.0,0.0,0.0,0.0,0.0,0.0,0.0,0.0,0.0,0.0,0.0,0.0,0.0,0.0,0.0,0.0,0.0,0.0,0.0,0.0,0.0,0.0,0.0,0.0,0.0,0.0,0.0,0.0,0.0,0.0,0.0,0.0,0.0,0.0,0.0,0.0,0.0,0.0,0.0,0.0,0.0,0.0,0.0,0.0,0.0,0.0,0.0,0.0,0.0,0.0,0.0,0.0,0.0,0.0,0.0,0.0,0.0,0.0,0.0,0.0,0.0,0.0,0.0,0.0,0.0,0.0,0.0,0.0,0.0,0.0,0.0,0.0,0.0,0.0,0.0,0.0,0.0,0.0,0.0,0.0,0.0,0.0,0.0,0.0,36322.765625,36322.767578125,0.0,0.0,0.0,0.0,0.0,0.0,0.0,0.0,WA
8875387,WA,5306,0.10101933032274246,3,0.0,410913.7890625,445308.578125,3,0,87077.697265625,0.0,379726.71875,36622.03515625,0.0,0.0,0.0,36622.03515625,-5902.76953125,0.0,5902.78125,0.0,-1872.0,0.0,1872.0,0.0,1272.0,0.0,-1272.0,0.0,0.0,0.0,0.0,0.0,0.0,0.0,0.0,0.0,0.0,0.0,0.0,0.0,0.0,0.0,0.0,0.0,-7990.8671875,0.0,7990.84375,0.0,0.0,0.0,0.0,0.0,0.0,0.0,0.0,0.0,-480.0,0.0,480.0,0.0,0.0,0.0,0.0,0.0,0.0,0.0,0.0,0.0,0.0,0.0,0.0,0.0,0.0,0.0,0.0,0.0,0.0,0.0,0.0,0.0,-249.1015625,0.0,249.09375,0.0,0.0,0.0,0.0,0.0,0.0,0.0,0.0,0.0,0.0,0.0,0.0,0.0,0.0,0.0,0.0,0.0,71854.958984375,0.0,394949.4375,36622.03515625,-15222.73828125,0.0,15222.71875,0.0,-17.481787827730447,0.0,4.008861541748047,0.0,WA
8875388,WA,5306,0.22552712261676788,1,0.0,56384.0859375,106237.765625,1,0,17621.94140625,0.0,85992.875,0.0,0.0,0.0,0.0,0.0,-2529.6328125,0.0,2529.625,0.0,-1716.0,0.0,1716.0,0.0,1166.0,0.0,-1166.0,0.0,0.0,0.0,0.0,0.0,0.0,0.0,0.0,0.0,0.0,0.0,0.0,0.0,-81.1083984375,0.0,81.109375,0.0,0.0,0.0,0.0,0.0,0.0,0.0,0.0,0.0,0.0,0.0,0.0,0.0,0.0,0.0,0.0,0.0,0.0,0.0,0.0,0.0,0.0,0.0,0.0,0.0,0.0,0.0,0.0,0.0,0.0,0.0,0.0,0.0,0.0,0.0,0.0,0.0,0.0,0.0,0.0,0.0,-227.029296875,0.0,227.03125,0.0,0.0,0.0,0.0,0.0,0.0,0.0,0.0,0.0,0.0,0.0,0.0,0.0,14234.1708984375,0.0,89380.640625,0.0,-3387.7705078125,0.0,3387.765625,0.0,-19.224729158451034,0.0,3.939588785171509,0.0,WA
8875389,WA,5306,0.1853497326374054,5,3.0,106619.546875,110677.5390625,5,0,5466.73828125,0.0,116884.875,0.0,0.0,0.0,8430.76904296875,8430.76904296875,-1207.34814453125,0.0,1207.34375,0.0,-1872.0,0.0,1872.0,0.0,3180.00048828125,0.0,-3180.0,0.0,0.0,0.0,0.0,0.0,-3650.0,0.0,3650.0,0.0,0.0,0.0,0.0,0.0,0.0,0.0,0.0,0.0,0.0,0.0,0.0,0.0,0.0,0.0,0.0,0.0,0.0,0.0,0.0,0.0,0.0,0.0,0.0,0.0,0.0,0.0,0.0,0.0,0.0,0.0,0.0,0.0,0.0,0.0,0.0,0.0,0.0,0.0,0.0,0.0,0.0,0.0,0.0,0.0,-1440.00048828125,0.0,1440.0,0.0,-155.64501953125,0.0,155.640625,0.0,0.0,0.0,0.0,0.0,0.0,0.0,0.0,0.0,0.0,0.0,0.0,0.0,321.7451171875,0.0,122029.859375,8430.76904296875,-5144.9931640625,0.0,5144.984375,0.0,-94.11449568948578,0.0,4.401753902435303,0.0,WA
8875390,WA,5306,131.1833038330078,2,0.0,0.0,0.0,2,0,0.0,0.0,86227.453125,43113.7265625,0.0,0.0,0.0,43113.7265625,0.0,0.0,0.0,0.0,0.0,0.0,0.0,0.0,0.0,0.0,0.0,0.0,0.0,0.0,0.0,0.0,0.0,0.0,0.0,0.0,0.0,0.0,0.0,0.0,0.0,0.0,0.0,0.0,0.0,0.0,0.0,0.0,0.0,0.0,0.0,0.0,0.0,0.0,0.0,0.0,0.0,0.0,0.0,0.0,0.0,0.0,0.0,0.0,0.0,0.0,0.0,0.0,0.0,0.0,0.0,0.0,0.0,0.0,0.0,0.0,0.0,0.0,0.0,0.0,0.0,0.0,0.0,0.0,0.0,0.0,0.0,0.0,0.0,0.0,0.0,0.0,0.0,0.0,0.0,0.0,0.0,0.0,0.0,0.0,0.0,0.0,86227.453125,43113.7265625,0.0,0.0,0.0,0.0,0.0,0.0,0.0,0.0,WA
8875391,WA,5306,237.4651641845703,2,0.0,22257.138671875,22257.138671875,2,0,660.7138671875,0.0,56174.46875,16636.8046875,0.0,0.0,0.0,16636.8046875,0.0,0.0,0.0,0.0,-660.7138671875,0.0,660.71484375,0.0,410.7138671875,0.0,-410.71484375,0.0,0.0,0.0,0.0,0.0,0.0,0.0,0.0,0.0,0.0,0.0,0.0,0.0,0.0,0.0,0.0,0.0,0.0,0.0,0.0,0.0,0.0,0.0,0.0,0.0,0.0,0.0,0.0,0.0,-100.0,0.0,100.0,0.0,0.0,0.0,0.0,0.0,0.0,0.0,0.0,0.0,0.0,0.0,0.0,0.0,0.0,0.0,0.0,0.0,0.0,0.0,0.0,0.0,-310.7138671875,0.0,310.71484375,0.0,0.0,0.0,0.0,0.0,0.0,0.0,0.0,0.0,0.0,0.0,0.0,0.0,0.0,0.0,0.0,0.0,0.0,0.0,56835.18359375,16636.8046875,-660.7138671875,0.0,660.71484375,0.0,-100.0,0.0,1.1761834621429443,0.0,WA
8875392,WA,5306,69.90174102783203,1,0.0,0.0,4.136351108551025,1,0,0.0,0.0,46662.95703125,23493.4375,0.0,0.0,0.0,23493.4375,0.0,0.0,0.0,0.0,0.0,0.0,0.0,0.0,0.0,0.0,0.0,0.0,0.0,0.0,0.0,0.0,0.0,0.0,0.0,0.0,0.0,0.0,0.0,0.0,0.0,0.0,0.0,0.0,0.0,0.0,0.0,0.0,0.0,0.0,0.0,0.0,0.0,0.0,0.0,0.0,0.0,0.0,0.0,0.0,0.0,0.0,0.0,0.0,0.0,0.0,0.0,0.0,0.0,0.0,0.0,0.0,0.0,0.0,0.0,0.0,0.0,0.0,0.0,0.0,0.0,0.0,0.0,0.0,0.0,0.0,0.0,0.0,0.0,0.0,0.0,0.0,0.0,0.0,0.0,0.0,0.0,0.0,0.0,0.0,0.0,0.0,46662.95703125,23493.4375,0.0,0.0,0.0,0.0,0.0,0.0,0.0,0.0,WA
8875393,WA,5306,29.443822860717773,2,0.0,12775.96484375,12999.328125,2,0,0.0,0.0,24563.4921875,0.0,12436.414794921875,0.0,0.0,12436.414794921875,0.0,0.0,0.0,0.0,0.0,0.0,0.0,0.0,0.0,0.0,0.0,0.0,0.0,0.0,0.0,0.0,0.0,0.0,0.0,0.0,0.0,0.0,0.0,0.0,0.0,0.0,0.0,0.0,0.0,0.0,0.0,0.0,0.0,0.0,0.0,0.0,0.0,0.0,0.0,0.0,0.0,0.0,0.0,0.0,0.0,0.0,0.0,0.0,0.0,0.0,0.0,0.0,0.0,0.0,0.0,0.0,0.0,0.0,0.0,0.0,0.0,0.0,0.0,0.0,0.0,0.0,0.0,0.0,0.0,0.0,0.0,0.0,0.0,0.0,0.0,0.0,0.0,0.0,0.0,0.0,0.0,0.0,0.0,0.0,0.0,0.0,24563.4921875,12436.414794921875,0.0,0.0,0.0,0.0,0.0,0.0,0.0,0.0,WA
8875394,WA,5306,0.18001876771450043,4,2.0,206819.0703125,211791.796875,4,0,32037.638671875,0.0,182452.1875,0.0,0.0,0.0,0.0,0.0,-4720.75390625,0.0,4720.75,0.0,-847.39453125,0.0,847.40625,0.0,2079.39453125,0.0,-2079.40625,0.0,0.0,0.0,0.0,0.0,-4400.0,0.0,4400.0,0.0,0.0,0.0,0.0,0.0,0.0,0.0,0.0,0.0,0.0,0.0,0.0,0.0,0.0,0.0,0.0,0.0,0.0,0.0,0.0,0.0,0.0,0.0,0.0,0.0,0.0,0.0,0.0,0.0,0.0,0.0,0.0,0.0,0.0,0.0,0.0,0.0,0.0,0.0,0.0,0.0,0.0,0.0,0.0,0.0,0.0,0.0,0.0,0.0,-548.837890625,0.0,548.84375,0.0,0.0,0.0,0.0,0.0,0.0,0.0,0.0,0.0,0.0,0.0,0.0,0.0,23600.046875,0.0,190889.78125,0.0,-8437.591796875,0.0,8437.59375,0.0,-26.336497153525052,0.0,4.624550819396973,0.0,WA
8875395,WA,5306,327.55084228515625,2,0.0,0.0,0.0,2,0,0.0,0.0,77888.03125,16898.21875,52815.25,0.0,0.0,69713.46875,0.0,0.0,0.0,0.0,0.0,0.0,0.0,0.0,0.0,0.0,0.0,0.0,0.0,0.0,0.0,0.0,0.0,0.0,0.0,0.0,0.0,0.0,0.0,0.0,0.0,0.0,0.0,0.0,0.0,0.0,0.0,0.0,0.0,0.0,0.0,0.0,0.0,0.0,0.0,0.0,0.0,0.0,0.0,0.0,0.0,0.0,0.0,0.0,0.0,0.0,0.0,0.0,0.0,0.0,0.0,0.0,0.0,0.0,0.0,0.0,0.0,0.0,0.0,0.0,0.0,0.0,0.0,0.0,0.0,0.0,0.0,0.0,0.0,0.0,0.0,0.0,0.0,0.0,0.0,0.0,0.0,0.0,0.0,0.0,0.0,0.0,77888.03125,69713.46875,0.0,0.0,0.0,0.0,0.0,0.0,0.0,0.0,WA
8875396,WA,5306,64.87915802001953,1,0.0,0.0,0.0,1,0,0.0,0.0,58096.0625,29048.03125,0.0,0.0,0.0,29048.03125,0.0,0.0,0.0,0.0,0.0,0.0,0.0,0.0,0.0,0.0,0.0,0.0,0.0,0.0,0.0,0.0,0.0,0.0,0.0,0.0,0.0,0.0,0.0,0.0,0.0,0.0,0.0,0.0,0.0,0.0,0.0,0.0,0.0,0.0,0.0,0.0,0.0,0.0,0.0,0.0,0.0,0.0,0.0,0.0,0.0,0.0,0.0,0.0,0.0,0.0,0.0,0.0,0.0,0.0,0.0,0.0,0.0,0.0,0.0,0.0,0.0,0.0,0.0,0.0,0.0,0.0,0.0,0.0,0.0,0.0,0.0,0.0,0.0,0.0,0.0,0.0,0.0,0.0,0.0,0.0,0.0,0.0,0.0,0.0,0.0,0.0,58096.0625,29048.03125,0.0,0.0,0.0,0.0,0.0,0.0,0.0,0.0,WA
8875397,WA,5306,0.09449553489685059,3,1.0,77055.6875,61905.890625,3,0,3195.883544921875,0.0,73809.0546875,0.0,0.0,1742.123046875,0.0,1742.123046875,-163.1767578125,0.0,163.171875,0.0,-1652.11767578125,0.0,1652.1171875,0.0,1688.11767578125,0.0,-1688.1171875,0.0,0.0,0.0,0.0,0.0,-500.0,0.0,500.0,0.0,0.0,0.0,0.0,0.0,0.0,0.0,0.0,0.0,0.0,0.0,0.0,0.0,0.0,0.0,0.0,0.0,0.0,0.0,0.0,0.0,0.0,0.0,0.0,0.0,0.0,0.0,0.0,0.0,0.0,0.0,0.0,0.0,0.0,0.0,0.0,0.0,0.0,0.0,0.0,0.0,-729.584228515625,0.0,729.5859375,0.0,0.0,0.0,0.0,0.0,-54.043212890625,0.0,54.046875,0.0,0.0,0.0,0.0,0.0,0.0,0.0,0.0,0.0,0.0,0.0,0.0,0.0,1785.079345703125,0.0,75219.859375,1742.123046875,-1410.80419921875,0.0,1410.8046875,0.0,-44.14441826143693,0.0,1.911424994468689,0.0,WA
8875398,WA,5306,0.16330386698246002,5,3.0,500570.0,838114.3125,5,0,254043.828125,0.0,586412.125,0.0,0.0,0.0,0.0,0.0,-24080.078125,0.0,24080.0625,0.0,0.0,0.0,0.0,0.0,0.0,0.0,0.0,0.0,0.0,0.0,0.0,0.0,0.0,0.0,0.0,0.0,0.0,0.0,0.0,0.0,-1400.0,0.0,1400.0,0.0,-10028.6875,0.0,10028.6875,0.0,0.0,0.0,0.0,0.0,0.0,0.0,0.0,0.0,-740.0,0.0,740.0,0.0,0.0,0.0,0.0,0.0,0.0,0.0,0.0,0.0,0.0,0.0,0.0,0.0,0.0,0.0,0.0,0.0,0.0,0.0,0.0,0.0,0.0,0.0,0.0,0.0,0.0,0.0,0.0,0.0,0.0,0.0,0.0,0.0,0.0,0.0,0.0,0.0,0.0,0.0,0.0,0.0,217795.0625,0.0,622660.875,0.0,-36248.765625,0.0,36248.75,0.0,-14.26870547989228,0.0,6.181446075439453,0.0,WA
8875399,WA,5306,0.2563741207122803,3,1.0,177675.98046875,191666.421875,3,0,26256.689453125,0.0,169113.109375,0.0,0.0,0.0,0.0,0.0,-3830.158203125,0.0,3830.171875,0.0,-2003.763671875,0.0,2003.75,0.0,3498.0,0.0,-3498.0,0.0,0.0,0.0,0.0,0.0,-500.0,0.0,500.0,0.0,0.0,0.0,0.0,0.0,0.0,0.0,0.0,0.0,0.0,0.0,0.0,0.0,0.0,0.0,0.0,0.0,0.0,0.0,0.0,0.0,-394.359375,0.0,394.359375,0.0,0.0,0.0,0.0,0.0,0.0,0.0,0.0,0.0,0.0,0.0,0.0,0.0,0.0,0.0,0.0,0.0,0.0,0.0,0.0,0.0,0.0,0.0,0.0,0.0,0.0,0.0,0.0,0.0,0.0,0.0,0.0,0.0,0.0,0.0,0.0,0.0,0.0,0.0,0.0,0.0,23026.408203125,0.0,172343.390625,0.0,-3230.28125,0.0,3230.28125,0.0,-12.302698159137273,0.0,1.9101307392120361,0.0,WA
8875400,WA,5306,54.01243591308594,1,0.0,0.0,2351.671630859375,1,0,0.0,0.0,41519.57421875,19892.208984375,0.0,0.0,0.0,19892.208984375,0.0,0.0,0.0,0.0,0.0,0.0,0.0,0.0,0.0,0.0,0.0,0.0,0.0,0.0,0.0,0.0,0.0,0.0,0.0,0.0,0.0,0.0,0.0,0.0,0.0,0.0,0.0,0.0,0.0,0.0,0.0,0.0,0.0,0.0,0.0,0.0,0.0,0.0,0.0,0.0,0.0,0.0,0.0,0.0,0.0,0.0,0.0,0.0,0.0,0.0,0.0,0.0,0.0,0.0,0.0,0.0,0.0,0.0,0.0,0.0,0.0,0.0,0.0,0.0,0.0,0.0,0.0,0.0,0.0,0.0,0.0,0.0,0.0,0.0,0.0,0.0,0.0,0.0,0.0,0.0,0.0,0.0,0.0,0.0,0.0,0.0,41519.57421875,19892.208984375,0.0,0.0,0.0,0.0,0.0,0.0,0.0,0.0,WA
8875401,WA,5306,0.41334643959999084,2,0.0,626489.8125,785595.0,2,0,234331.296875,0.0,585339.25,0.0,0.0,0.0,0.0,0.0,-14748.40625,0.0,14748.375,0.0,0.0,0.0,0.0,0.0,0.0,0.0,0.0,0.0,0.0,0.0,0.0,0.0,0.0,0.0,0.0,0.0,0.0,0.0,0.0,0.0,-1400.0,0.0,1400.0,0.0,-14220.1875,0.0,14220.25,0.0,0.0,0.0,0.0,0.0,0.0,0.0,0.0,0.0,-700.0,0.0,700.0,0.0,-876.6875,0.0,876.625,0.0,0.0,0.0,0.0,0.0,876.6875,0.0,-876.625,0.0,0.0,0.0,0.0,0.0,0.0,0.0,0.0,0.0,0.0,0.0,0.0,0.0,0.0,0.0,0.0,0.0,0.0,0.0,0.0,0.0,0.0,0.0,0.0,0.0,0.0,0.0,0.0,0.0,203262.703125,0.0,616407.875,0.0,-31068.59375,0.0,31068.625,0.0,-13.258405584027901,0.0,5.307797908782959,0.0,WA
8875402,WA,5306,206.91261291503906,1,0.0,0.0,303.608154296875,1,0,0.0,0.0,49262.9296875,21536.87109375,26407.625,0.0,0.0,47944.49609375,0.0,0.0,0.0,0.0,0.0,0.0,0.0,0.0,0.0,0.0,0.0,0.0,0.0,0.0,0.0,0.0,0.0,0.0,0.0,0.0,0.0,0.0,0.0,0.0,0.0,0.0,0.0,0.0,0.0,0.0,0.0,0.0,0.0,0.0,0.0,0.0,0.0,0.0,0.0,0.0,0.0,0.0,0.0,0.0,0.0,0.0,0.0,0.0,0.0,0.0,0.0,0.0,0.0,0.0,0.0,0.0,0.0,0.0,0.0,0.0,0.0,0.0,0.0,0.0,0.0,0.0,0.0,0.0,0.0,0.0,0.0,0.0,0.0,0.0,0.0,0.0,0.0,0.0,0.0,0.0,0.0,0.0,0.0,0.0,0.0,0.0,49262.9296875,47944.49609375,0.0,0.0,0.0,0.0,0.0,0.0,0.0,0.0,WA
8875403,WA,5306,0.5413223505020142,2,0.0,68633.0234375,577689.0,2,0,164124.609375,0.0,516367.25,14169.2392578125,0.0,0.0,0.0,14169.2392578125,0.0,0.0,0.0,0.0,0.0,0.0,0.0,0.0,0.0,0.0,0.0,0.0,0.0,0.0,0.0,0.0,0.0,0.0,0.0,0.0,0.0,0.0,0.0,0.0,-3509.59375,0.0,3509.59375,0.0,-34283.9765625,0.0,34283.96875,0.0,0.0,0.0,0.0,0.0,0.0,0.0,0.0,0.0,0.0,0.0,0.0,0.0,-2221.328125,0.0,2221.3125,0.0,0.0,0.0,0.0,0.0,11662.6484375,0.0,-11662.625,0.0,0.0,0.0,0.0,0.0,0.0,0.0,0.0,0.0,0.0,0.0,0.0,0.0,0.0,0.0,0.0,0.0,0.0,0.0,0.0,0.0,0.0,0.0,0.0,0.0,0.0,0.0,0.0,0.0,135772.359375,0.0,544719.5,14169.2392578125,-28352.25,0.0,28352.25,0.0,-17.274831670867457,0.0,5.490714073181152,0.0,WA
8875404,WA,5306,0.11836148798465729,2,0.0,311257.1525878906,337234.8125,2,0,77029.390625,0.0,299467.5625,21188.462890625,0.0,0.0,0.0,21188.462890625,0.0,0.0,0.0,0.0,0.0,0.0,0.0,0.0,0.0,0.0,0.0,0.0,0.0,0.0,0.0,0.0,0.0,0.0,0.0,0.0,0.0,0.0,0.0,0.0,0.0,0.0,0.0,0.0,-18718.2734375,0.0,18718.28125,0.0,0.0,0.0,0.0,0.0,0.0,0.0,0.0,0.0,0.0,0.0,0.0,0.0,0.0,0.0,0.0,0.0,0.0,0.0,0.0,0.0,0.0,0.0,0.0,0.0,0.0,0.0,0.0,0.0,0.0,0.0,0.0,0.0,0.0,0.0,0.0,0.0,0.0,0.0,0.0,0.0,0.0,0.0,0.0,0.0,0.0,0.0,0.0,0.0,0.0,0.0,0.0,0.0,58311.1171875,0.0,318185.84375,21188.462890625,-18718.2734375,0.0,18718.28125,0.0,-24.3001707343443,0.0,6.250520706176758,0.0,WA
8875405,WA,5306,266.2684631347656,2,0.0,0.0,0.0,2,0,0.0,0.0,77130.6171875,26264.705078125,26407.625,0.0,0.0,52672.330078125,0.0,0.0,0.0,0.0,0.0,0.0,0.0,0.0,0.0,0.0,0.0,0.0,0.0,0.0,0.0,0.0,0.0,0.0,0.0,0.0,0.0,0.0,0.0,0.0,0.0,0.0,0.0,0.0,0.0,0.0,0.0,0.0,0.0,0.0,0.0,0.0,0.0,0.0,0.0,0.0,0.0,0.0,0.0,0.0,0.0,0.0,0.0,0.0,0.0,0.0,0.0,0.0,0.0,0.0,0.0,0.0,0.0,0.0,0.0,0.0,0.0,0.0,0.0,0.0,0.0,0.0,0.0,0.0,0.0,0.0,0.0,0.0,0.0,0.0,0.0,0.0,0.0,0.0,0.0,0.0,0.0,0.0,0.0,0.0,0.0,0.0,77130.6171875,52672.330078125,0.0,0.0,0.0,0.0,0.0,0.0,0.0,0.0,WA
8875406,WA,5306,0.17674876749515533,4,2.0,112362.93359375,104362.453125,4,0,5389.48095703125,0.0,107780.40625,0.0,0.0,0.0,5620.5126953125,5620.5126953125,-801.896484375,0.0,801.890625,0.0,0.0,0.0,0.0,0.0,2544.0,0.0,-2544.0,0.0,0.0,0.0,0.0,0.0,-1700.0,0.0,1700.0,0.0,0.0,0.0,0.0,0.0,0.0,0.0,0.0,0.0,0.0,0.0,0.0,0.0,0.0,0.0,0.0,0.0,0.0,0.0,0.0,0.0,-208.09033203125,0.0,208.09375,0.0,0.0,0.0,0.0,0.0,0.0,0.0,0.0,0.0,0.0,0.0,0.0,0.0,0.0,0.0,0.0,0.0,0.0,0.0,0.0,0.0,0.0,0.0,0.0,0.0,-157.5908203125,0.0,157.59375,0.0,0.0,0.0,0.0,0.0,0.0,0.0,0.0,0.0,0.0,0.0,0.0,0.0,5065.9033203125,0.0,108103.984375,5620.5126953125,-323.57763671875,0.0,323.578125,0.0,-6.003873829382449,0.0,0.3002198040485382,0.0,WA
8875407,WA,5306,0.1593167781829834,4,2.0,210536.4296875,217242.28125,4,0,29115.20703125,0.0,191148.875,0.0,0.0,0.0,0.0,0.0,-4323.82421875,0.0,4323.8125,0.0,0.0,0.0,0.0,0.0,4664.0,0.0,-4664.0,0.0,0.0,0.0,0.0,0.0,-4400.0,0.0,4400.0,0.0,0.0,0.0,0.0,0.0,0.0,0.0,0.0,0.0,0.0,0.0,0.0,0.0,0.0,0.0,0.0,0.0,0.0,0.0,0.0,0.0,0.0,0.0,0.0,0.0,0.0,0.0,0.0,0.0,0.0,0.0,0.0,0.0,0.0,0.0,0.0,0.0,0.0,0.0,0.0,0.0,0.0,0.0,0.0,0.0,0.0,0.0,0.0,0.0,0.0,0.0,0.0,0.0,0.0,0.0,0.0,0.0,0.0,0.0,0.0,0.0,0.0,0.0,0.0,0.0,25055.3828125,0.0,195208.6875,0.0,-4059.82421875,0.0,4059.8125,0.0,-13.943999142415509,0.0,2.123900890350342,0.0,WA
8875408,WA,5306,1.917543649673462,1,0.0,0.0,0.0,1,0,0.0,0.0,8792.986328125,0.0,8792.986328125,0.0,0.0,8792.986328125,0.0,0.0,0.0,0.0,0.0,0.0,0.0,0.0,0.0,0.0,0.0,0.0,0.0,0.0,0.0,0.0,0.0,0.0,0.0,0.0,0.0,0.0,0.0,0.0,0.0,0.0,0.0,0.0,0.0,0.0,0.0,0.0,0.0,0.0,0.0,0.0,0.0,0.0,0.0,0.0,0.0,0.0,0.0,0.0,0.0,0.0,0.0,0.0,0.0,0.0,0.0,0.0,0.0,0.0,0.0,0.0,0.0,0.0,0.0,0.0,0.0,0.0,0.0,0.0,0.0,0.0,0.0,0.0,0.0,0.0,0.0,0.0,0.0,0.0,0.0,0.0,0.0,0.0,0.0,0.0,0.0,0.0,0.0,0.0,0.0,0.0,8792.986328125,8792.986328125,0.0,0.0,0.0,0.0,0.0,0.0,0.0,0.0,WA
8875409,WA,5306,145.839111328125,3,2.0,0.0,0.0,3,0,0.0,0.0,35956.40625,2261.924560546875,33694.48193359375,0.0,0.0,35956.406494140625,0.0,0.0,0.0,0.0,0.0,0.0,0.0,0.0,0.0,0.0,0.0,0.0,0.0,0.0,0.0,0.0,0.0,0.0,0.0,0.0,0.0,0.0,0.0,0.0,0.0,0.0,0.0,0.0,0.0,0.0,0.0,0.0,0.0,0.0,0.0,0.0,0.0,0.0,0.0,0.0,0.0,0.0,0.0,0.0,0.0,0.0,0.0,0.0,0.0,0.0,0.0,0.0,0.0,0.0,0.0,0.0,0.0,0.0,0.0,0.0,0.0,0.0,0.0,0.0,0.0,0.0,0.0,0.0,0.0,0.0,0.0,0.0,0.0,0.0,0.0,0.0,0.0,0.0,0.0,0.0,0.0,0.0,0.0,0.0,0.0,0.0,35956.40625,35956.406494140625,0.0,0.0,0.0,0.0,0.0,0.0,0.0,0.0,WA
8875410,WA,5306,0.34970128536224365,4,2.0,138749.78515625,141156.53125,4,0,13930.1708984375,0.0,135709.265625,0.0,0.0,0.0,0.0,0.0,-2548.224609375,0.0,2548.234375,0.0,-1756.4697265625,0.0,1756.46875,0.0,3363.5302734375,0.0,-3363.53125,0.0,0.0,0.0,0.0,0.0,-4000.0,0.0,4000.0,0.0,0.0,0.0,0.0,0.0,0.0,0.0,0.0,0.0,0.0,0.0,0.0,0.0,0.0,0.0,0.0,0.0,0.0,0.0,0.0,0.0,0.0,0.0,0.0,0.0,0.0,0.0,0.0,0.0,0.0,0.0,0.0,0.0,0.0,0.0,0.0,0.0,0.0,0.0,0.0,0.0,0.0,0.0,0.0,0.0,0.0,0.0,0.0,0.0,0.0,0.0,0.0,0.0,0.0,0.0,0.0,0.0,0.0,0.0,0.0,0.0,0.0,0.0,0.0,0.0,8989.0068359375,0.0,140650.4375,0.0,-4941.1640625,0.0,4941.171875,0.0,-35.470950776736224,0.0,3.640998125076294,0.0,WA
8875411,WA,5306,0.12077624350786209,5,3.0,170154.546875,169951.09375,5,0,17853.705078125,0.0,181910.359375,0.0,0.0,0.0,0.0,0.0,-2982.8359375,0.0,2982.84375,0.0,0.0,0.0,0.0,0.0,4771.771484375,0.0,-4771.78125,0.0,0.0,0.0,0.0,0.0,-4899.9990234375,0.0,4900.0,0.0,0.0,0.0,0.0,0.0,0.0,0.0,0.0,0.0,0.0,0.0,0.0,0.0,0.0,0.0,0.0,0.0,0.0,0.0,0.0,0.0,-1.29296875,0.0,1.296875,0.0,0.0,0.0,0.0,0.0,0.0,0.0,0.0,0.0,0.0,0.0,0.0,0.0,0.0,0.0,0.0,0.0,0.0,0.0,0.0,0.0,0.0,0.0,0.0,0.0,0.0,0.0,0.0,0.0,0.0,0.0,0.0,0.0,0.0,0.0,0.0,0.0,0.0,0.0,0.0,0.0,14741.3486328125,0.0,185022.71875,0.0,-3112.3564453125,0.0,3112.359375,0.0,-17.43255213241912,0.0,1.7109302282333374,0.0,WA
8875412,WA,5306,207.20022583007812,2,0.0,3579.586669921875,3591.99560546875,2,0,0.0,0.0,96736.171875,45592.25,0.0,0.0,0.0,45592.25,0.0,0.0,0.0,0.0,0.0,0.0,0.0,0.0,0.0,0.0,0.0,0.0,0.0,0.0,0.0,0.0,0.0,0.0,0.0,0.0,0.0,0.0,0.0,0.0,0.0,0.0,0.0,0.0,0.0,0.0,0.0,0.0,0.0,0.0,0.0,0.0,0.0,0.0,0.0,0.0,0.0,0.0,0.0,0.0,0.0,0.0,0.0,0.0,0.0,0.0,0.0,0.0,0.0,0.0,0.0,0.0,0.0,0.0,0.0,0.0,0.0,0.0,0.0,0.0,0.0,0.0,0.0,0.0,0.0,0.0,0.0,0.0,0.0,0.0,0.0,0.0,0.0,0.0,0.0,0.0,0.0,0.0,0.0,0.0,0.0,0.0,96736.171875,45592.25,0.0,0.0,0.0,0.0,0.0,0.0,0.0,0.0,WA
8875413,WA,5306,0.45902907848358154,2,0.0,299853.78125,301019.5,2,0,61008.7265625,0.0,253419.046875,0.0,0.0,0.0,0.0,0.0,0.0,0.0,0.0,0.0,0.0,0.0,0.0,0.0,0.0,0.0,0.0,0.0,0.0,0.0,0.0,0.0,0.0,0.0,0.0,0.0,0.0,0.0,0.0,0.0,0.0,0.0,0.0,0.0,-11298.28515625,0.0,11298.265625,0.0,0.0,0.0,0.0,0.0,0.0,0.0,0.0,0.0,-480.0,0.0,480.0,0.0,0.0,0.0,0.0,0.0,0.0,0.0,0.0,0.0,0.0,0.0,0.0,0.0,0.0,0.0,0.0,0.0,0.0,0.0,0.0,0.0,0.0,0.0,0.0,0.0,0.0,0.0,0.0,0.0,0.0,0.0,0.0,0.0,0.0,0.0,0.0,0.0,0.0,0.0,0.0,0.0,49230.44140625,0.0,265197.3125,0.0,-11778.28515625,0.0,11778.265625,0.0,-19.305902319045803,0.0,4.647742748260498,0.0,WA
8875414,WA,5306,0.3165971040725708,5,3.0,362150.9375,370578.65625,5,0,90849.6328125,0.0,280406.84375,0.0,0.0,0.0,0.0,0.0,0.0,0.0,0.0,0.0,0.0,0.0,0.0,0.0,0.0,0.0,0.0,0.0,0.0,0.0,0.0,0.0,-6600.0,0.0,6600.0,0.0,0.0,0.0,0.0,0.0,0.0,0.0,0.0,0.0,-24262.109375,0.0,24262.125,0.0,0.0,0.0,0.0,0.0,0.0,0.0,0.0,0.0,0.0,0.0,0.0,0.0,0.0,0.0,0.0,0.0,0.0,0.0,0.0,0.0,0.0,0.0,0.0,0.0,0.0,0.0,0.0,0.0,0.0,0.0,0.0,0.0,0.0,0.0,0.0,0.0,0.0,0.0,0.0,0.0,0.0,0.0,0.0,0.0,0.0,0.0,0.0,0.0,0.0,0.0,0.0,0.0,59987.5234375,0.0,311268.96875,0.0,-30862.109375,0.0,30862.125,0.0,-33.97053837156916,0.0,11.006195068359375,0.0,WA
8875415,WA,5306,6.577134132385254,1,0.0,0.0,523.6620483398438,1,0,0.0,0.0,9893.078125,330.0,8792.986328125,0.0,0.0,9122.986328125,0.0,0.0,0.0,0.0,0.0,0.0,0.0,0.0,0.0,0.0,0.0,0.0,0.0,0.0,0.0,0.0,0.0,0.0,0.0,0.0,0.0,0.0,0.0,0.0,0.0,0.0,0.0,0.0,0.0,0.0,0.0,0.0,0.0,0.0,0.0,0.0,0.0,0.0,0.0,0.0,0.0,0.0,0.0,0.0,0.0,0.0,0.0,0.0,0.0,0.0,0.0,0.0,0.0,0.0,0.0,0.0,0.0,0.0,0.0,0.0,0.0,0.0,0.0,0.0,0.0,0.0,0.0,0.0,0.0,0.0,0.0,0.0,0.0,0.0,0.0,0.0,0.0,0.0,0.0,0.0,0.0,0.0,0.0,0.0,0.0,0.0,9893.078125,9122.986328125,0.0,0.0,0.0,0.0,0.0,0.0,0.0,0.0,WA
8875416,WA,5306,0.12018502503633499,2,0.0,25647.162109375,77777.59375,2,0,5876.63916015625,0.0,96698.5859375,0.0,0.0,0.0,0.0,0.0,-699.328125,0.0,699.328125,0.0,-1871.999755859375,0.0,1872.0,0.0,1271.999755859375,0.0,-1272.0,0.0,0.0,0.0,0.0,0.0,0.0,0.0,0.0,0.0,0.0,0.0,0.0,0.0,0.0,0.0,0.0,0.0,0.0,0.0,0.0,0.0,0.0,0.0,0.0,0.0,0.0,0.0,0.0,0.0,-240.0,0.0,240.0,0.0,0.0,0.0,0.0,0.0,0.0,0.0,0.0,0.0,0.0,0.0,0.0,0.0,0.0,0.0,0.0,0.0,0.0,0.0,0.0,0.0,-1439.999755859375,0.0,1440.0,0.0,0.0,0.0,0.0,0.0,0.0,0.0,0.0,0.0,0.0,0.0,0.0,0.0,0.0,0.0,0.0,0.0,2897.311279296875,0.0,99677.9140625,0.0,-2979.327880859375,0.0,2979.328125,0.0,-50.697818934660596,0.0,3.0810463428497314,0.0,WA
8875417,WA,5306,107.10234832763672,3,0.0,40418.505859375,40419.333984375,3,0,320.6884765625,0.0,74618.03125,2410.40625,35200.611328125,0.0,0.0,37611.017578125,0.0,0.0,0.0,0.0,-320.6884765625,0.0,320.6875,0.0,0.0,0.0,0.0,0.0,0.0,0.0,0.0,0.0,0.0,0.0,0.0,0.0,0.0,0.0,0.0,0.0,0.0,0.0,0.0,0.0,0.0,0.0,0.0,0.0,0.0,0.0,0.0,0.0,0.0,0.0,0.0,0.0,0.0,0.0,0.0,0.0,0.0,0.0,0.0,0.0,0.0,0.0,0.0,0.0,0.0,0.0,0.0,0.0,0.0,0.0,0.0,0.0,0.0,0.0,0.0,0.0,0.0,0.0,0.0,0.0,0.0,0.0,0.0,0.0,0.0,0.0,0.0,0.0,0.0,0.0,0.0,0.0,0.0,0.0,0.0,0.0,0.0,0.0,74938.71875,37611.017578125,-320.6884765625,0.0,320.6875,0.0,-100.0,0.0,0.42977210879325867,0.0,WA
8875418,WA,5306,66.74515533447266,1,0.0,0.0,0.0,1,0,0.0,0.0,59380.01171875,29690.005859375,0.0,0.0,0.0,29690.005859375,0.0,0.0,0.0,0.0,0.0,0.0,0.0,0.0,0.0,0.0,0.0,0.0,0.0,0.0,0.0,0.0,0.0,0.0,0.0,0.0,0.0,0.0,0.0,0.0,0.0,0.0,0.0,0.0,0.0,0.0,0.0,0.0,0.0,0.0,0.0,0.0,0.0,0.0,0.0,0.0,0.0,0.0,0.0,0.0,0.0,0.0,0.0,0.0,0.0,0.0,0.0,0.0,0.0,0.0,0.0,0.0,0.0,0.0,0.0,0.0,0.0,0.0,0.0,0.0,0.0,0.0,0.0,0.0,0.0,0.0,0.0,0.0,0.0,0.0,0.0,0.0,0.0,0.0,0.0,0.0,0.0,0.0,0.0,0.0,0.0,0.0,59380.01171875,29690.005859375,0.0,0.0,0.0,0.0,0.0,0.0,0.0,0.0,WA
8875419,WA,5306,0.3564198315143585,4,2.0,82296.12109375,82465.7109375,4,0,3484.8564453125,0.0,87844.0625,0.0,0.0,0.0,5620.5126953125,5620.5126953125,-620.97119140625,0.0,620.96875,0.0,-1872.0,0.0,1872.0,0.0,2544.0,0.0,-2544.0,0.0,0.0,0.0,0.0,0.0,-2400.0,0.0,2400.0,0.0,0.0,0.0,0.0,0.0,0.0,0.0,0.0,0.0,0.0,0.0,0.0,0.0,0.0,0.0,0.0,0.0,0.0,0.0,0.0,0.0,0.0,0.0,0.0,0.0,0.0,0.0,0.0,0.0,0.0,0.0,0.0,0.0,0.0,0.0,0.0,0.0,0.0,0.0,0.0,0.0,0.0,0.0,0.0,0.0,0.0,0.0,0.0,0.0,-217.9033203125,0.0,217.90625,0.0,0.0,0.0,0.0,0.0,0.0,0.0,0.0,0.0,0.0,0.0,0.0,0.0,917.98193359375,0.0,90410.9375,5620.5126953125,-2566.87451171875,0.0,2566.875,0.0,-73.65796990494306,0.0,2.922081470489502,0.0,WA
8875420,WA,5306,48.701271057128906,1,0.0,0.0,0.8272702097892761,1,0,0.0,0.0,31987.326171875,16761.806640625,0.0,0.0,0.0,16761.806640625,0.0,0.0,0.0,0.0,0.0,0.0,0.0,0.0,0.0,0.0,0.0,0.0,0.0,0.0,0.0,0.0,0.0,0.0,0.0,0.0,0.0,0.0,0.0,0.0,0.0,0.0,0.0,0.0,0.0,0.0,0.0,0.0,0.0,0.0,0.0,0.0,0.0,0.0,0.0,0.0,0.0,0.0,0.0,0.0,0.0,0.0,0.0,0.0,0.0,0.0,0.0,0.0,0.0,0.0,0.0,0.0,0.0,0.0,0.0,0.0,0.0,0.0,0.0,0.0,0.0,0.0,0.0,0.0,0.0,0.0,0.0,0.0,0.0,0.0,0.0,0.0,0.0,0.0,0.0,0.0,0.0,0.0,0.0,0.0,0.0,0.0,31987.326171875,16761.806640625,0.0,0.0,0.0,0.0,0.0,0.0,0.0,0.0,WA
8875421,WA,5306,102.09091186523438,2,0.0,0.0,0.0,2,0,0.0,0.0,97919.3828125,37537.5859375,8792.986328125,14051.22265625,0.0,60381.794921875,0.0,0.0,0.0,0.0,0.0,0.0,0.0,0.0,0.0,0.0,0.0,0.0,0.0,0.0,0.0,0.0,0.0,0.0,0.0,0.0,0.0,0.0,0.0,0.0,0.0,0.0,0.0,0.0,0.0,0.0,0.0,0.0,0.0,0.0,0.0,0.0,0.0,0.0,0.0,0.0,0.0,0.0,0.0,0.0,0.0,0.0,0.0,0.0,0.0,0.0,0.0,0.0,0.0,0.0,0.0,0.0,0.0,0.0,0.0,0.0,0.0,0.0,0.0,0.0,0.0,0.0,0.0,0.0,0.0,0.0,0.0,0.0,0.0,0.0,0.0,0.0,0.0,0.0,0.0,0.0,0.0,0.0,0.0,0.0,0.0,0.0,97919.3828125,60381.794921875,0.0,0.0,0.0,0.0,0.0,0.0,0.0,0.0,WA
8875422,WA,5306,216.73731994628906,3,0.0,50817.53515625,50825.80859375,3,0,461.7135772705078,0.0,103105.65625,3755.9326171875,52815.25,0.0,0.0,56571.1826171875,0.0,0.0,0.0,0.0,-461.7135772705078,0.0,461.71875,0.0,0.0,0.0,0.0,0.0,0.0,0.0,0.0,0.0,0.0,0.0,0.0,0.0,0.0,0.0,0.0,0.0,0.0,0.0,0.0,0.0,0.0,0.0,0.0,0.0,0.0,0.0,0.0,0.0,0.0,0.0,0.0,0.0,0.0,0.0,0.0,0.0,0.0,0.0,0.0,0.0,0.0,0.0,0.0,0.0,0.0,0.0,0.0,0.0,0.0,0.0,0.0,0.0,0.0,0.0,0.0,0.0,0.0,0.0,0.0,0.0,0.0,0.0,0.0,0.0,0.0,0.0,0.0,0.0,0.0,0.0,0.0,0.0,0.0,0.0,0.0,0.0,0.0,0.0,103567.375,56571.1826171875,-461.7135772705078,0.0,461.71875,0.0,-100.0,0.0,0.4478112757205963,0.0,WA
8875423,WA,5306,0.1448594331741333,4,2.0,330729.71875,713653.375,4,0,201077.234375,0.0,516707.125,0.0,0.0,0.0,0.0,0.0,-10595.90625,0.0,10595.9375,0.0,0.0,0.0,0.0,0.0,0.0,0.0,0.0,0.0,0.0,0.0,0.0,0.0,0.0,0.0,0.0,0.0,0.0,0.0,0.0,0.0,-1400.0,0.0,1400.0,0.0,-13028.1875,0.0,13028.1875,0.0,0.0,0.0,0.0,0.0,0.0,0.0,0.0,0.0,-700.0,0.0,700.0,0.0,-1899.046875,0.0,1899.0,0.0,0.0,0.0,0.0,0.0,0.0,0.0,0.0,0.0,0.0,0.0,0.0,0.0,0.0,0.0,0.0,0.0,0.0,0.0,0.0,0.0,0.0,0.0,0.0,0.0,0.0,0.0,0.0,0.0,0.0,0.0,0.0,0.0,0.0,0.0,0.0,0.0,173454.09375,0.0,544330.25,0.0,-27623.140625,0.0,27623.125,0.0,-13.737577359694574,0.0,5.345992565155029,0.0,WA
8875424,WA,5306,0.2066226750612259,5,2.0,1153624.75,1263295.5,5,0,420567.84375,0.0,856969.25,0.0,26407.625,0.0,0.0,26407.625,-38255.625,0.0,38255.625,0.0,-5772.0,0.0,5772.0,0.0,0.0,0.0,0.0,0.0,0.0,0.0,0.0,0.0,0.0,0.0,0.0,0.0,0.0,0.0,0.0,0.0,-1850.0,0.0,1850.0,0.0,0.0,0.0,0.0,0.0,0.0,0.0,0.0,0.0,0.0,0.0,0.0,0.0,-477.625,0.0,477.625,0.0,0.0,0.0,0.0,0.0,0.0,0.0,0.0,0.0,0.0,0.0,0.0,0.0,0.0,0.0,0.0,0.0,0.0,0.0,0.0,0.0,0.0,0.0,0.0,0.0,0.0,0.0,0.0,0.0,0.0,0.0,0.0,0.0,0.0,0.0,0.0,0.0,0.0,0.0,0.0,0.0,374212.59375,0.0,903324.5,26407.625,-46355.25,0.0,46355.25,0.0,-11.022062358993654,0.0,5.409207820892334,0.0,WA
8875425,WA,5306,97.53170013427734,3,1.0,29036.283203125,29037.939453125,1,2,0.0,0.0,40714.8203125,1460.9622802734375,12436.414794921875,0.0,0.0,13897.377075195312,0.0,0.0,0.0,0.0,0.0,0.0,0.0,0.0,0.0,0.0,0.0,0.0,0.0,0.0,0.0,0.0,0.0,0.0,0.0,0.0,0.0,0.0,0.0,0.0,0.0,0.0,0.0,0.0,0.0,0.0,0.0,0.0,0.0,0.0,0.0,0.0,0.0,0.0,0.0,0.0,0.0,0.0,0.0,0.0,0.0,0.0,0.0,0.0,0.0,0.0,0.0,0.0,0.0,0.0,0.0,0.0,0.0,0.0,0.0,0.0,0.0,0.0,0.0,0.0,0.0,0.0,0.0,0.0,0.0,0.0,0.0,0.0,0.0,0.0,0.0,0.0,0.0,0.0,0.0,0.0,0.0,0.0,0.0,0.0,0.0,0.0,40714.8203125,13897.377075195312,0.0,0.0,0.0,0.0,0.0,0.0,0.0,0.0,WA
8875426,WA,5306,0.17873084545135498,4,2.0,465806.4208984375,465807.21875,4,0,123642.7265625,0.0,323040.90625,0.0,0.0,0.0,0.0,0.0,0.0,0.0,0.0,0.0,0.0,0.0,0.0,0.0,0.0,0.0,0.0,0.0,0.0,0.0,0.0,0.0,-1100.0,0.0,1100.0,0.0,0.0,0.0,0.0,0.0,0.0,0.0,0.0,0.0,-31976.3828125,0.0,31976.375,0.0,0.0,0.0,0.0,0.0,0.0,0.0,0.0,0.0,-313.5703125,0.0,313.59375,0.0,0.0,0.0,0.0,0.0,0.0,0.0,0.0,0.0,0.0,0.0,0.0,0.0,0.0,0.0,0.0,0.0,0.0,0.0,0.0,0.0,0.0,0.0,0.0,0.0,0.0,0.0,0.0,0.0,0.0,0.0,0.0,0.0,0.0,0.0,0.0,0.0,0.0,0.0,0.0,0.0,90252.7734375,0.0,356430.875,0.0,-33389.953125,0.0,33389.96875,0.0,-27.005189915576437,0.0,10.336142539978027,0.0,WA
8875427,WA,5306,0.2151801884174347,3,2.0,0.0,97274.2265625,3,0,7783.556640625,0.0,89030.8046875,0.0,0.0,6925.708984375,0.0,6925.708984375,-1703.2265625,0.0,1703.21875,0.0,-1195.03125,0.0,1195.03125,0.0,2047.53125,0.0,-2047.53125,0.0,0.0,0.0,0.0,0.0,-3550.0,0.0,3550.0,0.0,0.0,0.0,0.0,0.0,-2319.30419921875,0.0,2319.3125,0.0,0.0,0.0,0.0,0.0,0.0,0.0,0.0,0.0,0.0,0.0,0.0,0.0,-13.01806640625,0.0,13.015625,0.0,0.0,0.0,0.0,0.0,0.0,0.0,0.0,0.0,0.0,0.0,0.0,0.0,0.0,0.0,0.0,0.0,0.0,0.0,0.0,0.0,0.0,0.0,0.0,0.0,0.0,0.0,0.0,0.0,0.0,0.0,0.0,0.0,0.0,0.0,0.0,0.0,0.0,0.0,0.0,0.0,1050.5078125,0.0,95763.8515625,6925.708984375,-6733.048828125,0.0,6733.046875,0.0,-86.50349883731755,0.0,7.562603950500488,0.0,WA
8875428,WA,5306,11.489532470703125,1,0.0,10235.0908203125,10235.0908203125,1,0,0.0,0.0,18695.35546875,0.0,8792.986328125,0.0,0.0,8792.986328125,0.0,0.0,0.0,0.0,0.0,0.0,0.0,0.0,0.0,0.0,0.0,0.0,0.0,0.0,0.0,0.0,0.0,0.0,0.0,0.0,0.0,0.0,0.0,0.0,0.0,0.0,0.0,0.0,0.0,0.0,0.0,0.0,0.0,0.0,0.0,0.0,0.0,0.0,0.0,0.0,0.0,0.0,0.0,0.0,0.0,0.0,0.0,0.0,0.0,0.0,0.0,0.0,0.0,0.0,0.0,0.0,0.0,0.0,0.0,0.0,0.0,0.0,0.0,0.0,0.0,0.0,0.0,0.0,0.0,0.0,0.0,0.0,0.0,0.0,0.0,0.0,0.0,0.0,0.0,0.0,0.0,0.0,0.0,0.0,0.0,0.0,18695.35546875,8792.986328125,0.0,0.0,0.0,0.0,0.0,0.0,0.0,0.0,WA
8875429,WA,5306,0.1052151545882225,6,3.9999999999999996,61693.8828125,61694.71093749999,6,0,-2990.9384765625,0.0,143398.5625,51341.27734375,14573.7138671875,0.0,0.0,65914.9912109375,0.0,0.0,0.0,0.0,-1009.0615234374995,0.0,1009.0625,0.0,2722.9558105468745,0.0,-2722.953125,0.0,0.0,0.0,0.0,0.0,-4799.999755859375,0.0,4800.0,0.0,-36.123046875,0.0,36.125,0.0,0.0,0.0,0.0,0.0,0.0,0.0,0.0,0.0,0.0,0.0,0.0,0.0,0.0,0.0,0.0,0.0,0.0,0.0,0.0,0.0,0.0,0.0,0.0,0.0,0.0,0.0,0.0,0.0,0.0,0.0,0.0,0.0,0.0,0.0,0.0,0.0,0.0,0.0,0.0,0.0,0.0,0.0,0.0,0.0,0.0,0.0,0.0,0.0,0.0,0.0,0.0,0.0,0.0,0.0,0.0,0.0,0.0,0.0,0.0,0.0,-6113.1669921875,0.0,146520.796875,65914.9912109375,-3122.228515625,0.0,3122.234375,0.0,-104.38959343668589,0.0,2.177312135696411,0.0,WA
8875430,WA,5306,13.202722549438477,1,0.0,0.0,12.409052848815918,1,0,0.0,0.0,8811.2353515625,0.0,8792.986328125,0.0,0.0,8792.986328125,0.0,0.0,0.0,0.0,0.0,0.0,0.0,0.0,0.0,0.0,0.0,0.0,0.0,0.0,0.0,0.0,0.0,0.0,0.0,0.0,0.0,0.0,0.0,0.0,0.0,0.0,0.0,0.0,0.0,0.0,0.0,0.0,0.0,0.0,0.0,0.0,0.0,0.0,0.0,0.0,0.0,0.0,0.0,0.0,0.0,0.0,0.0,0.0,0.0,0.0,0.0,0.0,0.0,0.0,0.0,0.0,0.0,0.0,0.0,0.0,0.0,0.0,0.0,0.0,0.0,0.0,0.0,0.0,0.0,0.0,0.0,0.0,0.0,0.0,0.0,0.0,0.0,0.0,0.0,0.0,0.0,0.0,0.0,0.0,0.0,0.0,8811.2353515625,8792.986328125,0.0,0.0,0.0,0.0,0.0,0.0,0.0,0.0,WA
8875431,WA,5306,140.8971405029297,1,0.0,11418.0205078125,11418.0205078125,1,0,0.0,0.0,22018.921875,1555.7396240234375,8792.986328125,0.0,0.0,10348.725952148438,0.0,0.0,0.0,0.0,0.0,0.0,0.0,0.0,0.0,0.0,0.0,0.0,0.0,0.0,0.0,0.0,0.0,0.0,0.0,0.0,0.0,0.0,0.0,0.0,0.0,0.0,0.0,0.0,0.0,0.0,0.0,0.0,0.0,0.0,0.0,0.0,0.0,0.0,0.0,0.0,0.0,0.0,0.0,0.0,0.0,0.0,0.0,0.0,0.0,0.0,0.0,0.0,0.0,0.0,0.0,0.0,0.0,0.0,0.0,0.0,0.0,0.0,0.0,0.0,0.0,0.0,0.0,0.0,0.0,0.0,0.0,0.0,0.0,0.0,0.0,0.0,0.0,0.0,0.0,0.0,0.0,0.0,0.0,0.0,0.0,0.0,22018.921875,10348.725952148438,0.0,0.0,0.0,0.0,0.0,0.0,0.0,0.0,WA
8875432,WA,5306,159.0014190673828,2,0.0,0.0,166.28131073713303,2,0,0.0,0.0,100226.78125,50007.3359375,0.0,0.0,0.0,50007.3359375,0.0,0.0,0.0,0.0,0.0,0.0,0.0,0.0,0.0,0.0,0.0,0.0,0.0,0.0,0.0,0.0,0.0,0.0,0.0,0.0,0.0,0.0,0.0,0.0,0.0,0.0,0.0,0.0,0.0,0.0,0.0,0.0,0.0,0.0,0.0,0.0,0.0,0.0,0.0,0.0,0.0,0.0,0.0,0.0,0.0,0.0,0.0,0.0,0.0,0.0,0.0,0.0,0.0,0.0,0.0,0.0,0.0,0.0,0.0,0.0,0.0,0.0,0.0,0.0,0.0,0.0,0.0,0.0,0.0,0.0,0.0,0.0,0.0,0.0,0.0,0.0,0.0,0.0,0.0,0.0,0.0,0.0,0.0,0.0,0.0,0.0,100226.78125,50007.3359375,0.0,0.0,0.0,0.0,0.0,0.0,0.0,0.0,WA
8875433,WA,5306,187.04025268554688,2,0.0,31359.185546875,31359.185546875,1,1,85.9185562133789,0.0,74949.4609375,1587.021484375,26407.625,18080.52734375,0.0,46075.173828125,0.0,0.0,0.0,0.0,-85.9185562133789,0.0,85.921875,0.0,0.0,0.0,0.0,0.0,0.0,0.0,0.0,0.0,0.0,0.0,0.0,0.0,0.0,0.0,0.0,0.0,0.0,0.0,0.0,0.0,0.0,0.0,0.0,0.0,0.0,0.0,0.0,0.0,0.0,0.0,0.0,0.0,0.0,0.0,0.0,0.0,0.0,0.0,0.0,0.0,0.0,0.0,0.0,0.0,0.0,0.0,0.0,0.0,0.0,0.0,0.0,0.0,0.0,0.0,0.0,0.0,0.0,0.0,0.0,0.0,0.0,0.0,0.0,0.0,0.0,0.0,0.0,0.0,0.0,0.0,0.0,0.0,0.0,0.0,0.0,0.0,0.0,0.0,75035.3828125,46075.173828125,-85.9185562133789,0.0,85.921875,0.0,-100.0,0.0,0.1146397590637207,0.0,WA
8875434,WA,5306,0.2668120563030243,2,0.0,529297.484375,641276.875,2,0,165969.59375,0.0,495543.03125,0.0,0.0,0.0,0.0,0.0,0.0,0.0,0.0,0.0,0.0,0.0,0.0,0.0,0.0,0.0,0.0,0.0,0.0,0.0,0.0,0.0,0.0,0.0,0.0,0.0,0.0,0.0,0.0,0.0,0.0,0.0,0.0,0.0,-22188.640625,0.0,22188.65625,0.0,0.0,0.0,0.0,0.0,0.0,0.0,0.0,0.0,0.0,0.0,0.0,0.0,-2450.984375,0.0,2450.96875,0.0,0.0,0.0,0.0,0.0,1645.71875,0.0,-1645.71875,0.0,0.0,0.0,0.0,0.0,0.0,0.0,0.0,0.0,0.0,0.0,0.0,0.0,0.0,0.0,0.0,0.0,0.0,0.0,0.0,0.0,0.0,0.0,0.0,0.0,0.0,0.0,0.0,0.0,142975.6875,0.0,518536.9375,0.0,-22993.90625,0.0,22993.90625,0.0,-13.854288445530402,0.0,4.640143394470215,0.0,WA
8875435,WA,5306,335.84893798828125,3,2.0,0.0,324.2899169921875,3,0,0.0,0.0,67147.015625,32701.49609375,7286.85693359375,0.0,0.0,39988.35302734375,0.0,0.0,0.0,0.0,0.0,0.0,0.0,0.0,0.0,0.0,0.0,0.0,0.0,0.0,0.0,0.0,0.0,0.0,0.0,0.0,0.0,0.0,0.0,0.0,0.0,0.0,0.0,0.0,0.0,0.0,0.0,0.0,0.0,0.0,0.0,0.0,0.0,0.0,0.0,0.0,0.0,0.0,0.0,0.0,0.0,0.0,0.0,0.0,0.0,0.0,0.0,0.0,0.0,0.0,0.0,0.0,0.0,0.0,0.0,0.0,0.0,0.0,0.0,0.0,0.0,0.0,0.0,0.0,0.0,0.0,0.0,0.0,0.0,0.0,0.0,0.0,0.0,0.0,0.0,0.0,0.0,0.0,0.0,0.0,0.0,0.0,67147.015625,39988.35302734375,0.0,0.0,0.0,0.0,0.0,0.0,0.0,0.0,WA
8875436,WA,5306,0.2462674230337143,3,0.0,191120.91796875,192172.78515625,3,0,22378.20361328125,0.0,160176.703125,0.0,0.0,0.0,0.0,0.0,-3626.909912109375,0.0,3626.90625,0.0,-3958.9921875,0.0,3959.0,0.0,2968.0,0.0,-2968.0,0.0,0.0,0.0,0.0,0.0,0.0,0.0,0.0,0.0,0.0,0.0,0.0,0.0,-12.072265625,0.0,12.0625,0.0,0.0,0.0,0.0,0.0,0.0,0.0,0.0,0.0,0.0,0.0,0.0,0.0,-244.49609375,0.0,244.5,0.0,0.0,0.0,0.0,0.0,0.0,0.0,0.0,0.0,0.0,0.0,0.0,0.0,0.0,0.0,0.0,0.0,0.0,0.0,0.0,0.0,0.0,0.0,0.0,0.0,0.0,0.0,0.0,0.0,0.0,0.0,0.0,0.0,0.0,0.0,0.0,0.0,0.0,0.0,0.0,0.0,17503.733154296875,0.0,165051.171875,0.0,-4874.470458984375,0.0,4874.46875,0.0,-21.782224092783853,0.0,3.043181896209717,0.0,WA
8875437,WA,5306,258.0418395996094,1,0.0,0.0,165.45404052734375,1,0,0.0,0.0,30246.98046875,3596.039794921875,26407.625,0.0,0.0,30003.664794921875,0.0,0.0,0.0,0.0,0.0,0.0,0.0,0.0,0.0,0.0,0.0,0.0,0.0,0.0,0.0,0.0,0.0,0.0,0.0,0.0,0.0,0.0,0.0,0.0,0.0,0.0,0.0,0.0,0.0,0.0,0.0,0.0,0.0,0.0,0.0,0.0,0.0,0.0,0.0,0.0,0.0,0.0,0.0,0.0,0.0,0.0,0.0,0.0,0.0,0.0,0.0,0.0,0.0,0.0,0.0,0.0,0.0,0.0,0.0,0.0,0.0,0.0,0.0,0.0,0.0,0.0,0.0,0.0,0.0,0.0,0.0,0.0,0.0,0.0,0.0,0.0,0.0,0.0,0.0,0.0,0.0,0.0,0.0,0.0,0.0,0.0,30246.98046875,30003.664794921875,0.0,0.0,0.0,0.0,0.0,0.0,0.0,0.0,WA
8875438,WA,5306,0.2866055965423584,2,0.0,2148458.6875,2148471.9375,2,0,729381.1875,0.0,1349369.25,0.0,0.0,0.0,0.0,0.0,-28673.5625,0.0,28673.625,0.0,-5772.0,0.0,5772.0,0.0,0.0,0.0,0.0,0.0,0.0,0.0,0.0,0.0,0.0,0.0,0.0,0.0,0.0,0.0,0.0,0.0,0.0,0.0,0.0,0.0,0.0,0.0,0.0,0.0,0.0,0.0,0.0,0.0,0.0,0.0,0.0,0.0,0.0,0.0,0.0,0.0,-2538.9375,0.0,2538.875,0.0,0.0,0.0,0.0,0.0,2538.9375,0.0,-2538.875,0.0,0.0,0.0,0.0,0.0,0.0,0.0,0.0,0.0,0.0,0.0,0.0,0.0,0.0,0.0,0.0,0.0,0.0,0.0,0.0,0.0,0.0,0.0,0.0,0.0,0.0,0.0,0.0,0.0,694935.625,0.0,1383814.875,0.0,-34445.5625,0.0,34445.625,0.0,-4.72257347602621,0.0,2.552720546722412,0.0,WA
8875439,WA,5306,0.22146086394786835,2,0.0,318698.1015625,321762.3125,2,0,70344.609375,0.0,246851.75,0.0,0.0,0.0,0.0,0.0,0.0,0.0,0.0,0.0,0.0,0.0,0.0,0.0,0.0,0.0,0.0,0.0,0.0,0.0,0.0,0.0,0.0,0.0,0.0,0.0,0.0,0.0,0.0,0.0,0.0,0.0,0.0,0.0,-15537.21484375,0.0,15537.21875,0.0,0.0,0.0,0.0,0.0,0.0,0.0,0.0,0.0,-78.8828125,0.0,78.875,0.0,0.0,0.0,0.0,0.0,0.0,0.0,0.0,0.0,0.0,0.0,0.0,0.0,0.0,0.0,0.0,0.0,0.0,0.0,0.0,0.0,0.0,0.0,0.0,0.0,0.0,0.0,0.0,0.0,0.0,0.0,0.0,0.0,0.0,0.0,0.0,0.0,0.0,0.0,0.0,0.0,54728.51171875,0.0,262467.84375,0.0,-15616.09765625,0.0,15616.09375,0.0,-22.199423374436787,0.0,6.326102256774902,0.0,WA
8875440,WA,5306,0.2851620018482208,7,5.0,104679.76708984375,100892.53125,7,0,1863.8798828125,0.0,144742.453125,0.0,37337.910400390625,0.0,0.0,37337.910400390625,-696.7763671875002,0.0,696.765625,0.0,-1871.9997558593748,0.0,1872.015625,0.0,4451.999755859376,0.0,-4452.015625,0.0,0.0,0.0,0.0,0.0,-5300.000000000001,0.0,5300.015625,0.0,0.0,0.0,0.0,0.0,-5.683105468750455,0.0,5.671875,0.0,0.0,0.0,0.0,0.0,0.0,0.0,0.0,0.0,0.0,0.0,0.0,0.0,-28.985351562499545,0.0,28.984375,0.0,0.0,0.0,0.0,0.0,0.0,0.0,0.0,0.0,0.0,0.0,0.0,0.0,0.0,0.0,0.0,0.0,0.0,0.0,0.0,0.0,0.0,0.0,0.0,0.0,0.0,0.0,0.0,0.0,0.0,0.0,0.0,0.0,0.0,0.0,0.0,0.0,0.0,0.0,0.0,0.0,-1587.5649414062498,0.0,148193.890625,37337.910400390625,-3451.44482421875,0.0,3451.4375,0.0,-185.1752817360041,0.0,2.3845369815826416,0.0,WA
8875441,WA,5306,0.11557422578334808,10,6.0,0.0,32791.719093322754,10,0,-4259.296875,0.0,137347.65625,48983.33203125,53389.087646484375,0.0,0.0,102372.41967773438,0.0,0.0,0.0,0.0,0.0,0.0,0.0,0.0,0.0,0.0,0.0,0.0,0.0,0.0,0.0,0.0,-75.0,0.0,75.0,0.0,0.0,0.0,0.0,0.0,0.0,0.0,0.0,0.0,0.0,0.0,0.0,0.0,0.0,0.0,0.0,0.0,0.0,0.0,0.0,0.0,0.0,0.0,0.0,0.0,0.0,0.0,0.0,0.0,0.0,0.0,0.0,0.0,0.0,0.0,0.0,0.0,0.0,0.0,0.0,0.0,0.0,0.0,0.0,0.0,0.0,0.0,0.0,0.0,0.0,0.0,0.0,0.0,0.0,0.0,0.0,0.0,0.0,0.0,0.0,0.0,0.0,0.0,0.0,0.0,-4334.296875,0.0,137422.65625,102372.41967773438,-75.0,0.0,75.0,0.0,-1.7608540141968856,0.0,0.05460595712065697,0.0,WA
8875442,WA,5306,0.13067945837974548,4,0.0,511909.78125,575550.546875,4,0,136184.072265625,0.0,451671.46875,0.0,0.0,0.0,0.0,0.0,-1949.2607421875,0.0,1949.25,0.0,-1872.0,0.0,1872.0,0.0,1272.0,0.0,-1272.0,0.0,0.0,0.0,0.0,0.0,0.0,0.0,0.0,0.0,0.0,0.0,0.0,0.0,0.0,0.0,0.0,0.0,-34147.0,0.0,34147.0,0.0,0.0,0.0,0.0,0.0,0.0,0.0,0.0,0.0,0.0,0.0,0.0,0.0,0.0,0.0,0.0,0.0,0.0,0.0,0.0,0.0,0.0,0.0,0.0,0.0,0.0,0.0,0.0,0.0,-204.19921875,0.0,204.21875,0.0,0.0,0.0,0.0,0.0,0.0,0.0,0.0,0.0,0.0,0.0,0.0,0.0,0.0,0.0,0.0,0.0,0.0,0.0,0.0,0.0,99283.6123046875,0.0,488571.9375,0.0,-36900.4599609375,0.0,36900.46875,0.0,-27.096017432173497,0.0,8.169757843017578,0.0,WA
8875443,WA,5306,0.42240598797798157,1,0.0,0.0,0.0,1,0,0.0,0.0,69708.296875,34854.1484375,0.0,0.0,0.0,34854.1484375,0.0,0.0,0.0,0.0,0.0,0.0,0.0,0.0,0.0,0.0,0.0,0.0,0.0,0.0,0.0,0.0,0.0,0.0,0.0,0.0,0.0,0.0,0.0,0.0,0.0,0.0,0.0,0.0,0.0,0.0,0.0,0.0,0.0,0.0,0.0,0.0,0.0,0.0,0.0,0.0,0.0,0.0,0.0,0.0,0.0,0.0,0.0,0.0,0.0,0.0,0.0,0.0,0.0,0.0,0.0,0.0,0.0,0.0,0.0,0.0,0.0,0.0,0.0,0.0,0.0,0.0,0.0,0.0,0.0,0.0,0.0,0.0,0.0,0.0,0.0,0.0,0.0,0.0,0.0,0.0,0.0,0.0,0.0,0.0,0.0,0.0,69708.296875,34854.1484375,0.0,0.0,0.0,0.0,0.0,0.0,0.0,0.0,WA
8875444,WA,5306,199.88343811035156,2,0.0,0.0,1.2040952444076538,2,0,0.0,0.0,124960.4140625,62780.62890625,0.0,0.0,0.0,62780.62890625,0.0,0.0,0.0,0.0,0.0,0.0,0.0,0.0,0.0,0.0,0.0,0.0,0.0,0.0,0.0,0.0,0.0,0.0,0.0,0.0,0.0,0.0,0.0,0.0,0.0,0.0,0.0,0.0,0.0,0.0,0.0,0.0,0.0,0.0,0.0,0.0,0.0,0.0,0.0,0.0,0.0,0.0,0.0,0.0,0.0,0.0,0.0,0.0,0.0,0.0,0.0,0.0,0.0,0.0,0.0,0.0,0.0,0.0,0.0,0.0,0.0,0.0,0.0,0.0,0.0,0.0,0.0,0.0,0.0,0.0,0.0,0.0,0.0,0.0,0.0,0.0,0.0,0.0,0.0,0.0,0.0,0.0,0.0,0.0,0.0,0.0,124960.4140625,62780.62890625,0.0,0.0,0.0,0.0,0.0,0.0,0.0,0.0,WA
8875445,WA,5306,0.0979594886302948,1,0.0,0.0,151141.828125,1,0,25518.23046875,0.0,125639.171875,0.0,0.0,0.0,0.0,0.0,-2939.19921875,0.0,2939.1953125,0.0,-1729.3125,0.0,1729.3125,0.0,1166.0,0.0,-1166.0,0.0,0.0,0.0,0.0,0.0,0.0,0.0,0.0,0.0,0.0,0.0,0.0,0.0,0.0,0.0,0.0,0.0,0.0,0.0,0.0,0.0,0.0,0.0,0.0,0.0,0.0,0.0,0.0,0.0,0.0,0.0,0.0,0.0,0.0,0.0,0.0,0.0,0.0,0.0,0.0,0.0,0.0,0.0,0.0,0.0,0.0,0.0,0.0,0.0,0.0,0.0,0.0,0.0,-314.92578125,0.0,314.9296875,0.0,0.0,0.0,0.0,0.0,0.0,0.0,0.0,0.0,0.0,0.0,0.0,0.0,0.0,0.0,0.0,0.0,21700.79296875,0.0,129456.609375,0.0,-3817.4375,0.0,3817.4375,0.0,-14.959648180444526,0.0,3.0384135246276855,0.0,WA
8875446,WA,5306,602.930908203125,3,1.0,0.0,0.0,3,0,0.0,0.0,32655.283203125,11425.8828125,21229.401123046875,0.0,0.0,32655.283935546875,0.0,0.0,0.0,0.0,0.0,0.0,0.0,0.0,0.0,0.0,0.0,0.0,0.0,0.0,0.0,0.0,0.0,0.0,0.0,0.0,0.0,0.0,0.0,0.0,0.0,0.0,0.0,0.0,0.0,0.0,0.0,0.0,0.0,0.0,0.0,0.0,0.0,0.0,0.0,0.0,0.0,0.0,0.0,0.0,0.0,0.0,0.0,0.0,0.0,0.0,0.0,0.0,0.0,0.0,0.0,0.0,0.0,0.0,0.0,0.0,0.0,0.0,0.0,0.0,0.0,0.0,0.0,0.0,0.0,0.0,0.0,0.0,0.0,0.0,0.0,0.0,0.0,0.0,0.0,0.0,0.0,0.0,0.0,0.0,0.0,0.0,32655.283203125,32655.283935546875,0.0,0.0,0.0,0.0,0.0,0.0,0.0,0.0,WA
8875447,WA,5306,0.24688763916492462,1,0.0,37891.1796875,37892.0078125,1,0,3036.30126953125,0.0,35878.48828125,0.0,0.0,0.0,0.0,0.0,-369.26025390625,0.0,369.26171875,0.0,-936.0001220703125,0.0,936.0,0.0,636.0001220703125,0.0,-636.0,0.0,0.0,0.0,0.0,0.0,0.0,0.0,0.0,0.0,0.0,0.0,0.0,0.0,0.0,0.0,0.0,0.0,0.0,0.0,0.0,0.0,0.0,0.0,0.0,0.0,0.0,0.0,0.0,0.0,0.0,0.0,0.0,0.0,0.0,0.0,0.0,0.0,0.0,0.0,0.0,0.0,0.0,0.0,0.0,0.0,0.0,0.0,0.0,0.0,0.0,0.0,0.0,0.0,0.0,0.0,0.0,0.0,0.0,0.0,0.0,0.0,0.0,0.0,0.0,0.0,0.0,0.0,0.0,0.0,0.0,0.0,0.0,0.0,2367.041015625,0.0,36547.75,0.0,-669.26025390625,0.0,669.26171875,0.0,-22.041958109432656,0.0,1.8653565645217896,0.0,WA
8875448,WA,5306,861.6041259765625,4,2.0,24949.8828125,25151.259841918945,4,0,1116.1470947265625,0.0,109927.703125,44860.6484375,33694.48193359375,8237.1650390625,0.0,86792.29541015625,0.0,0.0,0.0,0.0,-780.0001220703125,0.0,780.0,0.0,530.0,0.0,-530.0,0.0,0.0,0.0,0.0,0.0,0.0,0.0,0.0,0.0,0.0,0.0,0.0,0.0,0.0,0.0,0.0,0.0,0.0,0.0,0.0,0.0,0.0,0.0,0.0,0.0,0.0,0.0,0.0,0.0,-37.9681396484375,0.0,37.96875,0.0,0.0,0.0,0.0,0.0,0.0,0.0,0.0,0.0,0.0,0.0,0.0,0.0,0.0,0.0,0.0,0.0,0.0,0.0,0.0,0.0,0.0,0.0,0.0,0.0,-51.23321533203125,0.0,51.234375,0.0,0.0,0.0,0.0,0.0,0.0,0.0,0.0,0.0,0.0,0.0,0.0,0.0,776.9456176757812,0.0,110266.90625,86792.29541015625,-339.20147705078125,0.0,339.203125,0.0,-30.3903919701444,0.0,0.3085692822933197,0.0,WA
8875449,WA,5306,149.08473205566406,2,0.0,0.0,0.0,2,0,0.0,0.0,56758.46875,19586.248046875,17585.97265625,0.0,0.0,37172.220703125,0.0,0.0,0.0,0.0,0.0,0.0,0.0,0.0,0.0,0.0,0.0,0.0,0.0,0.0,0.0,0.0,0.0,0.0,0.0,0.0,0.0,0.0,0.0,0.0,0.0,0.0,0.0,0.0,0.0,0.0,0.0,0.0,0.0,0.0,0.0,0.0,0.0,0.0,0.0,0.0,0.0,0.0,0.0,0.0,0.0,0.0,0.0,0.0,0.0,0.0,0.0,0.0,0.0,0.0,0.0,0.0,0.0,0.0,0.0,0.0,0.0,0.0,0.0,0.0,0.0,0.0,0.0,0.0,0.0,0.0,0.0,0.0,0.0,0.0,0.0,0.0,0.0,0.0,0.0,0.0,0.0,0.0,0.0,0.0,0.0,0.0,56758.46875,37172.220703125,0.0,0.0,0.0,0.0,0.0,0.0,0.0,0.0,WA
8875450,WA,5306,0.10130060464143753,2,0.0,136346.2578125,202630.78125,2,0,32782.6953125,0.0,194031.625,0.0,0.0,0.0,0.0,0.0,-4763.923828125,0.0,4763.9375,0.0,-3432.0,0.0,3432.0,0.0,2332.0,0.0,-2332.0,0.0,0.0,0.0,0.0,0.0,0.0,0.0,0.0,0.0,0.0,0.0,0.0,0.0,-1100.0,0.0,1100.0,0.0,0.0,0.0,0.0,0.0,0.0,0.0,0.0,0.0,0.0,0.0,0.0,0.0,-440.0,0.0,440.0,0.0,0.0,0.0,0.0,0.0,0.0,0.0,0.0,0.0,0.0,0.0,0.0,0.0,0.0,0.0,0.0,0.0,0.0,0.0,0.0,0.0,0.0,0.0,0.0,0.0,0.0,0.0,0.0,0.0,0.0,0.0,0.0,0.0,0.0,0.0,0.0,0.0,0.0,0.0,0.0,0.0,25378.771484375,0.0,201435.5625,0.0,-7403.923828125,0.0,7403.9375,0.0,-22.58485386130497,0.0,3.815840482711792,0.0,WA
8875451,WA,5306,0.1090557798743248,2,0.0,105131.6640625,132125.640625,2,0,15156.3583984375,0.0,146893.8125,31390.314453125,0.0,0.0,0.0,31390.314453125,-2648.75390625,0.0,2648.75,0.0,-2284.58984375,0.0,2284.59375,0.0,1272.0771484375,0.0,-1272.09375,0.0,0.0,0.0,0.0,0.0,0.0,0.0,0.0,0.0,0.0,0.0,0.0,0.0,0.0,0.0,0.0,0.0,0.0,0.0,0.0,0.0,0.0,0.0,0.0,0.0,0.0,0.0,0.0,0.0,-0.1318359375,0.0,0.140625,0.0,0.0,0.0,0.0,0.0,0.0,0.0,0.0,0.0,0.0,0.0,0.0,0.0,0.0,0.0,0.0,0.0,0.0,0.0,0.0,0.0,0.0,0.0,0.0,0.0,-69.8076171875,0.0,69.8125,0.0,0.0,0.0,0.0,0.0,0.0,0.0,0.0,0.0,0.0,0.0,0.0,0.0,11425.15234375,0.0,150625.015625,31390.314453125,-3731.2060546875,0.0,3731.203125,0.0,-24.61809068246999,0.0,2.5400683879852295,0.0,WA
8875452,WA,5306,0.15178890526294708,2,0.0,0.0,117109.703125,2,0,12023.955078125,0.0,256783.140625,104634.3828125,0.0,0.0,0.0,104634.3828125,-1928.791015625,0.0,1928.796875,0.0,-1872.0,0.0,1872.0,0.0,1272.0,0.0,-1272.0,0.0,0.0,0.0,0.0,0.0,0.0,0.0,0.0,0.0,0.0,0.0,0.0,0.0,0.0,0.0,0.0,0.0,0.0,0.0,0.0,0.0,0.0,0.0,0.0,0.0,0.0,0.0,0.0,0.0,-237.5712890625,0.0,237.5625,0.0,0.0,0.0,0.0,0.0,0.0,0.0,0.0,0.0,0.0,0.0,0.0,0.0,0.0,0.0,0.0,0.0,0.0,0.0,0.0,0.0,-720.0,0.0,720.0,0.0,0.0,0.0,0.0,0.0,0.0,0.0,0.0,0.0,0.0,0.0,0.0,0.0,0.0,0.0,0.0,0.0,8537.5927734375,0.0,260269.5,104634.3828125,-3486.3623046875,0.0,3486.359375,0.0,-28.995137473776712,0.0,1.3577057123184204,0.0,WA
8875453,WA,5306,68.81227111816406,1,0.0,0.0,0.0,0,1,0.0,0.0,35931.7890625,18274.736328125,0.0,0.0,0.0,18274.736328125,0.0,0.0,0.0,0.0,0.0,0.0,0.0,0.0,0.0,0.0,0.0,0.0,0.0,0.0,0.0,0.0,0.0,0.0,0.0,0.0,0.0,0.0,0.0,0.0,0.0,0.0,0.0,0.0,0.0,0.0,0.0,0.0,0.0,0.0,0.0,0.0,0.0,0.0,0.0,0.0,0.0,0.0,0.0,0.0,0.0,0.0,0.0,0.0,0.0,0.0,0.0,0.0,0.0,0.0,0.0,0.0,0.0,0.0,0.0,0.0,0.0,0.0,0.0,0.0,0.0,0.0,0.0,0.0,0.0,0.0,0.0,0.0,0.0,0.0,0.0,0.0,0.0,0.0,0.0,0.0,0.0,0.0,0.0,0.0,0.0,0.0,35931.7890625,18274.736328125,0.0,0.0,0.0,0.0,0.0,0.0,0.0,0.0,WA
8875454,WA,5306,133.2904510498047,1,0.0,0.0,0.0,1,0,0.0,0.0,52082.12109375,26289.74609375,0.0,0.0,0.0,26289.74609375,0.0,0.0,0.0,0.0,0.0,0.0,0.0,0.0,0.0,0.0,0.0,0.0,0.0,0.0,0.0,0.0,0.0,0.0,0.0,0.0,0.0,0.0,0.0,0.0,0.0,0.0,0.0,0.0,0.0,0.0,0.0,0.0,0.0,0.0,0.0,0.0,0.0,0.0,0.0,0.0,0.0,0.0,0.0,0.0,0.0,0.0,0.0,0.0,0.0,0.0,0.0,0.0,0.0,0.0,0.0,0.0,0.0,0.0,0.0,0.0,0.0,0.0,0.0,0.0,0.0,0.0,0.0,0.0,0.0,0.0,0.0,0.0,0.0,0.0,0.0,0.0,0.0,0.0,0.0,0.0,0.0,0.0,0.0,0.0,0.0,0.0,52082.12109375,26289.74609375,0.0,0.0,0.0,0.0,0.0,0.0,0.0,0.0,WA
8875455,WA,5306,0.1356143057346344,2,0.0,138460.5390625,140793.09375,2,0,17310.873046875,0.0,131081.953125,0.0,0.0,0.0,0.0,0.0,-2905.0732421875,0.0,2905.078125,0.0,-3157.509765625,0.0,3157.515625,0.0,2057.509765625,0.0,-2057.515625,0.0,0.0,0.0,0.0,0.0,0.0,0.0,0.0,0.0,0.0,0.0,0.0,0.0,0.0,0.0,0.0,0.0,0.0,0.0,0.0,0.0,0.0,0.0,0.0,0.0,0.0,0.0,0.0,0.0,-440.0,0.0,440.0,0.0,0.0,0.0,0.0,0.0,0.0,0.0,0.0,0.0,0.0,0.0,0.0,0.0,0.0,0.0,0.0,0.0,0.0,0.0,0.0,0.0,0.0,0.0,0.0,0.0,0.0,0.0,0.0,0.0,0.0,0.0,0.0,0.0,0.0,0.0,0.0,0.0,0.0,0.0,0.0,0.0,12865.7998046875,0.0,135527.03125,0.0,-4445.0732421875,0.0,4445.078125,0.0,-25.677926411631418,0.0,3.3910679817199707,0.0,WA
8875456,WA,5306,0.10090862959623337,1,0.0,49942.40625,49942.40625,1,0,4843.86083984375,0.0,47024.38671875,0.0,0.0,5746.4345703125,0.0,5746.4345703125,-730.77197265625,0.0,730.76953125,0.0,-936.0,0.0,936.0,0.0,636.0,0.0,-636.0,0.0,0.0,0.0,0.0,0.0,0.0,0.0,0.0,0.0,0.0,0.0,0.0,0.0,0.0,0.0,0.0,0.0,0.0,0.0,0.0,0.0,0.0,0.0,0.0,0.0,0.0,0.0,0.0,0.0,0.0,0.0,0.0,0.0,0.0,0.0,0.0,0.0,0.0,0.0,0.0,0.0,0.0,0.0,0.0,0.0,0.0,0.0,0.0,0.0,-315.42578125,0.0,315.42578125,0.0,0.0,0.0,0.0,0.0,0.0,0.0,0.0,0.0,0.0,0.0,0.0,0.0,0.0,0.0,0.0,0.0,0.0,0.0,0.0,0.0,3497.6630859375,0.0,48370.58203125,5746.4345703125,-1346.19775390625,0.0,1346.1953125,0.0,-27.791833795738746,0.0,2.862759828567505,0.0,WA
8875457,WA,5306,225.94166564941406,1,0.0,0.0,16.5454044342041,1,0,0.0,0.0,30360.17578125,3927.129638671875,26407.625,0.0,0.0,30334.754638671875,0.0,0.0,0.0,0.0,0.0,0.0,0.0,0.0,0.0,0.0,0.0,0.0,0.0,0.0,0.0,0.0,0.0,0.0,0.0,0.0,0.0,0.0,0.0,0.0,0.0,0.0,0.0,0.0,0.0,0.0,0.0,0.0,0.0,0.0,0.0,0.0,0.0,0.0,0.0,0.0,0.0,0.0,0.0,0.0,0.0,0.0,0.0,0.0,0.0,0.0,0.0,0.0,0.0,0.0,0.0,0.0,0.0,0.0,0.0,0.0,0.0,0.0,0.0,0.0,0.0,0.0,0.0,0.0,0.0,0.0,0.0,0.0,0.0,0.0,0.0,0.0,0.0,0.0,0.0,0.0,0.0,0.0,0.0,0.0,0.0,0.0,30360.17578125,30334.754638671875,0.0,0.0,0.0,0.0,0.0,0.0,0.0,0.0,WA
8875458,WA,5306,0.2251518815755844,4,2.0,617227.09375,622555.5,4,0,168438.015625,0.0,443266.46875,389.11334228515625,0.0,0.0,0.0,389.11334228515625,0.0,0.0,0.0,0.0,0.0,0.0,0.0,0.0,0.0,0.0,0.0,0.0,0.0,0.0,0.0,0.0,0.0,0.0,0.0,0.0,0.0,0.0,0.0,0.0,0.0,0.0,0.0,0.0,-25272.609375,0.0,25272.59375,0.0,0.0,0.0,0.0,0.0,0.0,0.0,0.0,0.0,0.0,0.0,0.0,0.0,0.0,0.0,0.0,0.0,0.0,0.0,0.0,0.0,0.0,0.0,0.0,0.0,0.0,0.0,0.0,0.0,0.0,0.0,0.0,0.0,0.0,0.0,0.0,0.0,0.0,0.0,0.0,0.0,0.0,0.0,0.0,0.0,0.0,0.0,0.0,0.0,0.0,0.0,0.0,0.0,143165.40625,0.0,468539.0625,389.11334228515625,-25272.609375,0.0,25272.59375,0.0,-15.004100636797679,0.0,5.70144510269165,0.0,WA
8875459,WA,5306,0.14950452744960785,3,1.0,789530.5625,847588.75,3,0,253847.0,0.0,631225.75,0.0,0.0,0.0,0.0,0.0,-23825.90625,0.0,23825.9375,0.0,0.0,0.0,0.0,0.0,0.0,0.0,0.0,0.0,0.0,0.0,0.0,0.0,0.0,0.0,0.0,0.0,0.0,0.0,0.0,0.0,-1400.0,0.0,1400.0,0.0,-9836.625,0.0,9836.625,0.0,0.0,0.0,0.0,0.0,0.0,0.0,0.0,0.0,-740.0,0.0,740.0,0.0,0.0,0.0,0.0,0.0,0.0,0.0,0.0,0.0,0.0,0.0,0.0,0.0,0.0,0.0,0.0,0.0,0.0,0.0,0.0,0.0,0.0,0.0,0.0,0.0,0.0,0.0,0.0,0.0,0.0,0.0,0.0,0.0,0.0,0.0,0.0,0.0,0.0,0.0,0.0,0.0,218044.46875,0.0,667028.3125,0.0,-35802.53125,0.0,35802.5625,0.0,-14.103980448853049,0.0,5.671910762786865,0.0,WA
8875460,WA,5306,0.3504420220851898,2,0.0,95747.171875,95915.4375,2,0,7376.24462890625,0.0,87753.7109375,0.0,0.0,0.0,0.0,0.0,-999.2490234375,0.0,999.25,0.0,-499.20458984375,0.0,499.2109375,0.0,1272.0,0.0,-1272.0,0.0,0.0,0.0,0.0,0.0,0.0,0.0,0.0,0.0,0.0,0.0,0.0,0.0,0.0,0.0,0.0,0.0,0.0,0.0,0.0,0.0,0.0,0.0,0.0,0.0,0.0,0.0,0.0,0.0,-240.0,0.0,240.0,0.0,0.0,0.0,0.0,0.0,0.0,0.0,0.0,0.0,0.0,0.0,0.0,0.0,0.0,0.0,0.0,0.0,0.0,0.0,0.0,0.0,0.0,0.0,0.0,0.0,-252.5341796875,0.0,252.53125,0.0,0.0,0.0,0.0,0.0,0.0,0.0,0.0,0.0,0.0,0.0,0.0,0.0,6657.2568359375,0.0,88472.703125,0.0,-718.98779296875,0.0,718.9921875,0.0,-9.7473420302678,0.0,0.8193296194076538,0.0,WA
8875461,WA,5306,98.29060363769531,1,0.0,0.0,771.015869140625,1,0,0.0,0.0,42136.6484375,12088.310546875,26407.625,0.0,0.0,38495.935546875,0.0,0.0,0.0,0.0,0.0,0.0,0.0,0.0,0.0,0.0,0.0,0.0,0.0,0.0,0.0,0.0,0.0,0.0,0.0,0.0,0.0,0.0,0.0,0.0,0.0,0.0,0.0,0.0,0.0,0.0,0.0,0.0,0.0,0.0,0.0,0.0,0.0,0.0,0.0,0.0,0.0,0.0,0.0,0.0,0.0,0.0,0.0,0.0,0.0,0.0,0.0,0.0,0.0,0.0,0.0,0.0,0.0,0.0,0.0,0.0,0.0,0.0,0.0,0.0,0.0,0.0,0.0,0.0,0.0,0.0,0.0,0.0,0.0,0.0,0.0,0.0,0.0,0.0,0.0,0.0,0.0,0.0,0.0,0.0,0.0,0.0,42136.6484375,38495.935546875,0.0,0.0,0.0,0.0,0.0,0.0,0.0,0.0,WA
8875462,WA,5306,99.8615493774414,1,0.0,0.0,0.0,1,0,0.0,0.0,29950.125,16965.65234375,0.0,0.0,0.0,16965.65234375,0.0,0.0,0.0,0.0,0.0,0.0,0.0,0.0,0.0,0.0,0.0,0.0,0.0,0.0,0.0,0.0,0.0,0.0,0.0,0.0,0.0,0.0,0.0,0.0,0.0,0.0,0.0,0.0,0.0,0.0,0.0,0.0,0.0,0.0,0.0,0.0,0.0,0.0,0.0,0.0,0.0,0.0,0.0,0.0,0.0,0.0,0.0,0.0,0.0,0.0,0.0,0.0,0.0,0.0,0.0,0.0,0.0,0.0,0.0,0.0,0.0,0.0,0.0,0.0,0.0,0.0,0.0,0.0,0.0,0.0,0.0,0.0,0.0,0.0,0.0,0.0,0.0,0.0,0.0,0.0,0.0,0.0,0.0,0.0,0.0,0.0,29950.125,16965.65234375,0.0,0.0,0.0,0.0,0.0,0.0,0.0,0.0,WA
8875463,WA,5306,0.17039208114147186,1,0.0,73954.21875,73954.21875,1,0,9551.0546875,0.0,61447.234375,0.0,0.0,0.0,0.0,0.0,-1561.12646484375,0.0,1561.12890625,0.0,-1716.0,0.0,1716.0,0.0,1166.0,0.0,-1166.0,0.0,0.0,0.0,0.0,0.0,0.0,0.0,0.0,0.0,0.0,0.0,0.0,0.0,0.0,0.0,0.0,0.0,0.0,0.0,0.0,0.0,0.0,0.0,0.0,0.0,0.0,0.0,0.0,0.0,0.0,0.0,0.0,0.0,0.0,0.0,0.0,0.0,0.0,0.0,0.0,0.0,0.0,0.0,0.0,0.0,0.0,0.0,0.0,0.0,0.0,0.0,0.0,0.0,0.0,0.0,0.0,0.0,-216.390625,0.0,216.390625,0.0,0.0,0.0,0.0,0.0,0.0,0.0,0.0,0.0,0.0,0.0,0.0,0.0,7223.53759765625,0.0,63774.75390625,0.0,-2327.51708984375,0.0,2327.51953125,0.0,-24.36921540078607,0.0,3.787834644317627,0.0,WA
8875464,WA,5306,0.11142519116401672,1,0.0,0.0,357643.0,1,0,79095.84375,0.0,327973.96875,34855.23828125,0.0,0.0,0.0,34855.23828125,0.0,0.0,0.0,0.0,0.0,0.0,0.0,0.0,0.0,0.0,0.0,0.0,0.0,0.0,0.0,0.0,0.0,0.0,0.0,0.0,0.0,0.0,0.0,0.0,0.0,0.0,0.0,0.0,-14460.8125,0.0,14460.8125,0.0,0.0,0.0,0.0,0.0,0.0,0.0,0.0,0.0,0.0,0.0,0.0,0.0,0.0,0.0,0.0,0.0,0.0,0.0,0.0,0.0,0.0,0.0,0.0,0.0,0.0,0.0,0.0,0.0,0.0,0.0,0.0,0.0,0.0,0.0,0.0,0.0,0.0,0.0,0.0,0.0,0.0,0.0,0.0,0.0,0.0,0.0,0.0,0.0,0.0,0.0,0.0,0.0,64635.03125,0.0,342434.78125,34855.23828125,-14460.8125,0.0,14460.8125,0.0,-18.28264522432634,0.0,4.409134387969971,0.0,WA
8875465,WA,5306,0.2627885341644287,2,0.0,126317.68359375,130207.6484375,2,0,13388.0654296875,0.0,114534.7578125,0.0,0.0,0.0,0.0,0.0,-2177.3837890625,0.0,2177.3828125,0.0,-1993.1474609375,0.0,1993.1484375,0.0,1272.0,0.0,-1272.0,0.0,0.0,0.0,0.0,0.0,0.0,0.0,0.0,0.0,0.0,0.0,0.0,0.0,0.0,0.0,0.0,0.0,0.0,0.0,0.0,0.0,0.0,0.0,0.0,0.0,0.0,0.0,0.0,0.0,0.0,0.0,0.0,0.0,0.0,0.0,0.0,0.0,0.0,0.0,0.0,0.0,0.0,0.0,0.0,0.0,0.0,0.0,0.0,0.0,0.0,0.0,0.0,0.0,-1440.0,0.0,1440.0,0.0,-271.470703125,0.0,271.46875,0.0,0.0,0.0,0.0,0.0,0.0,0.0,0.0,0.0,0.0,0.0,0.0,0.0,8778.0634765625,0.0,119144.7578125,0.0,-4610.001953125,0.0,4610.0,0.0,-34.43366763731603,0.0,4.024979114532471,0.0,WA
8875466,WA,5306,0.11280227452516556,3,0.0,87239.876953125,224815.13671875,3,0,29161.4580078125,0.0,262598.0,25257.478515625,0.0,2287.84375,0.0,27545.322265625,-4562.95361328125,0.0,4562.96875,0.0,-4368.0,0.0,4368.0,0.0,2968.0,0.0,-2968.0,0.0,0.0,0.0,0.0,0.0,0.0,0.0,0.0,0.0,0.0,0.0,0.0,0.0,0.0,0.0,0.0,0.0,0.0,0.0,0.0,0.0,0.0,0.0,0.0,0.0,0.0,0.0,0.0,0.0,0.0,0.0,0.0,0.0,0.0,0.0,0.0,0.0,0.0,0.0,0.0,0.0,0.0,0.0,0.0,0.0,0.0,0.0,0.0,0.0,0.0,0.0,0.0,0.0,-2404.1572265625,0.0,2404.15625,0.0,-685.99267578125,0.0,685.96875,0.0,0.0,0.0,0.0,0.0,0.0,0.0,0.0,0.0,0.0,0.0,0.0,0.0,20108.3544921875,0.0,271651.09375,27545.322265625,-9053.103515625,0.0,9053.09375,0.0,-31.04475610650067,0.0,3.4475107192993164,0.0,WA
8875467,WA,5306,0.10428126156330109,2,1.0,211580.15625,238799.5,2,0,54275.609375,0.0,195960.75,0.0,0.0,0.0,0.0,0.0,0.0,0.0,0.0,0.0,0.0,0.0,0.0,0.0,0.0,0.0,0.0,0.0,0.0,0.0,0.0,0.0,-250.0,0.0,250.0,0.0,0.0,0.0,0.0,0.0,0.0,0.0,0.0,0.0,-11672.43359375,0.0,11672.4375,0.0,0.0,0.0,0.0,0.0,0.0,0.0,0.0,0.0,0.0,0.0,0.0,0.0,0.0,0.0,0.0,0.0,0.0,0.0,0.0,0.0,0.0,0.0,0.0,0.0,0.0,0.0,0.0,0.0,0.0,0.0,0.0,0.0,0.0,0.0,0.0,0.0,0.0,0.0,0.0,0.0,0.0,0.0,0.0,0.0,0.0,0.0,0.0,0.0,0.0,0.0,0.0,0.0,42353.17578125,0.0,207883.1875,0.0,-11922.43359375,0.0,11922.4375,0.0,-21.966466578708957,0.0,6.084094524383545,0.0,WA
8875468,WA,5306,352.4591064453125,1,0.0,0.0,0.0,1,0,0.0,0.0,40655.41796875,13222.1572265625,26407.625,0.0,0.0,39629.7822265625,0.0,0.0,0.0,0.0,0.0,0.0,0.0,0.0,0.0,0.0,0.0,0.0,0.0,0.0,0.0,0.0,0.0,0.0,0.0,0.0,0.0,0.0,0.0,0.0,0.0,0.0,0.0,0.0,0.0,0.0,0.0,0.0,0.0,0.0,0.0,0.0,0.0,0.0,0.0,0.0,0.0,0.0,0.0,0.0,0.0,0.0,0.0,0.0,0.0,0.0,0.0,0.0,0.0,0.0,0.0,0.0,0.0,0.0,0.0,0.0,0.0,0.0,0.0,0.0,0.0,0.0,0.0,0.0,0.0,0.0,0.0,0.0,0.0,0.0,0.0,0.0,0.0,0.0,0.0,0.0,0.0,0.0,0.0,0.0,0.0,0.0,40655.41796875,39629.7822265625,0.0,0.0,0.0,0.0,0.0,0.0,0.0,0.0,WA
8875469,WA,5306,0.1096966564655304,2,0.0,412852.171875,775646.4375,2,0,223035.59375,0.0,535176.3125,0.0,0.0,0.0,0.0,0.0,-17650.0625,0.0,17650.0625,0.0,0.0,0.0,0.0,0.0,0.0,0.0,0.0,0.0,0.0,0.0,0.0,0.0,0.0,0.0,0.0,0.0,0.0,0.0,0.0,0.0,-1400.0,0.0,1400.0,0.0,-8053.921875,0.0,8053.9375,0.0,0.0,0.0,0.0,0.0,0.0,0.0,0.0,0.0,-457.1875,0.0,457.1875,0.0,-3404.65625,0.0,3404.625,0.0,0.0,0.0,0.0,0.0,0.0,0.0,0.0,0.0,0.0,0.0,0.0,0.0,0.0,0.0,0.0,0.0,0.0,0.0,0.0,0.0,0.0,0.0,0.0,0.0,0.0,0.0,0.0,0.0,0.0,0.0,0.0,0.0,0.0,0.0,0.0,0.0,192069.765625,0.0,566142.125,0.0,-30965.828125,0.0,30965.8125,0.0,-13.883805541688343,0.0,5.78609561920166,0.0,WA
8875470,WA,5306,0.13582149147987366,3,1.0,225795.578125,247559.421875,3,0,43171.63671875,0.0,237800.203125,20722.107421875,26407.625,0.0,0.0,47129.732421875,-2367.46484375,0.0,2367.46875,0.0,0.0,0.0,0.0,0.0,0.0,0.0,0.0,0.0,0.0,0.0,0.0,0.0,-500.0,0.0,500.0,0.0,0.0,0.0,0.0,0.0,0.0,0.0,0.0,0.0,-3921.91015625,0.0,3921.90625,0.0,0.0,0.0,0.0,0.0,0.0,0.0,0.0,0.0,-46.87890625,0.0,46.875,0.0,0.0,0.0,0.0,0.0,0.0,0.0,0.0,0.0,0.0,0.0,0.0,0.0,0.0,0.0,0.0,0.0,0.0,0.0,0.0,0.0,0.0,0.0,0.0,0.0,0.0,0.0,0.0,0.0,0.0,0.0,0.0,0.0,0.0,0.0,0.0,0.0,0.0,0.0,0.0,0.0,36335.3828125,0.0,244636.453125,47129.732421875,-6836.25390625,0.0,6836.25,0.0,-15.835058445400396,0.0,2.8747873306274414,0.0,WA
8875471,WA,5306,235.20567321777344,2,0.0,0.0,0.0,2,0,0.0,0.0,57298.29296875,23906.322265625,26407.625,0.0,0.0,50313.947265625,0.0,0.0,0.0,0.0,0.0,0.0,0.0,0.0,0.0,0.0,0.0,0.0,0.0,0.0,0.0,0.0,0.0,0.0,0.0,0.0,0.0,0.0,0.0,0.0,0.0,0.0,0.0,0.0,0.0,0.0,0.0,0.0,0.0,0.0,0.0,0.0,0.0,0.0,0.0,0.0,0.0,0.0,0.0,0.0,0.0,0.0,0.0,0.0,0.0,0.0,0.0,0.0,0.0,0.0,0.0,0.0,0.0,0.0,0.0,0.0,0.0,0.0,0.0,0.0,0.0,0.0,0.0,0.0,0.0,0.0,0.0,0.0,0.0,0.0,0.0,0.0,0.0,0.0,0.0,0.0,0.0,0.0,0.0,0.0,0.0,0.0,57298.29296875,50313.947265625,0.0,0.0,0.0,0.0,0.0,0.0,0.0,0.0,WA
8875472,WA,5306,264.0284118652344,1,0.0,0.0,0.0,1,0,0.0,0.0,42510.70703125,9598.310546875,26407.625,0.0,0.0,36005.935546875,0.0,0.0,0.0,0.0,0.0,0.0,0.0,0.0,0.0,0.0,0.0,0.0,0.0,0.0,0.0,0.0,0.0,0.0,0.0,0.0,0.0,0.0,0.0,0.0,0.0,0.0,0.0,0.0,0.0,0.0,0.0,0.0,0.0,0.0,0.0,0.0,0.0,0.0,0.0,0.0,0.0,0.0,0.0,0.0,0.0,0.0,0.0,0.0,0.0,0.0,0.0,0.0,0.0,0.0,0.0,0.0,0.0,0.0,0.0,0.0,0.0,0.0,0.0,0.0,0.0,0.0,0.0,0.0,0.0,0.0,0.0,0.0,0.0,0.0,-2763.5390625,-2763.53955078125,0.0,0.0,0.0,0.0,0.0,0.0,0.0,0.0,0.0,0.0,39747.16796875,33242.39599609375,0.0,0.0,-2763.5390625,-2763.53955078125,0.0,0.0,-6.500807285308838,-7.675233288087973,WA
8875473,WA,5306,62.3463020324707,1,0.0,0.0,2481.810546875,1,0,0.0,0.0,32754.17578125,14717.2275390625,0.0,0.0,0.0,14717.2275390625,0.0,0.0,0.0,0.0,0.0,0.0,0.0,0.0,0.0,0.0,0.0,0.0,0.0,0.0,0.0,0.0,0.0,0.0,0.0,0.0,0.0,0.0,0.0,0.0,0.0,0.0,0.0,0.0,0.0,0.0,0.0,0.0,0.0,0.0,0.0,0.0,0.0,0.0,0.0,0.0,0.0,0.0,0.0,0.0,0.0,0.0,0.0,0.0,0.0,0.0,0.0,0.0,0.0,0.0,0.0,0.0,0.0,0.0,0.0,0.0,0.0,0.0,0.0,0.0,0.0,0.0,0.0,0.0,0.0,0.0,0.0,0.0,0.0,0.0,0.0,0.0,0.0,0.0,0.0,0.0,0.0,0.0,0.0,0.0,0.0,0.0,32754.17578125,14717.2275390625,0.0,0.0,0.0,0.0,0.0,0.0,0.0,0.0,WA
8875474,WA,5306,0.09469587355852127,2,0.0,68111.65625,81532.6484375,2,0,6439.8974609375,0.0,122112.28125,15302.7783203125,0.0,0.0,0.0,15302.7783203125,-811.9794921875,0.0,811.9765625,0.0,-1872.000244140625,0.0,1872.0,0.0,1272.000244140625,0.0,-1272.0,0.0,0.0,0.0,0.0,0.0,0.0,0.0,0.0,0.0,0.0,0.0,0.0,0.0,0.0,0.0,0.0,0.0,0.0,0.0,0.0,0.0,0.0,0.0,0.0,0.0,0.0,0.0,0.0,0.0,0.0,0.0,0.0,0.0,0.0,0.0,0.0,0.0,0.0,0.0,0.0,0.0,0.0,0.0,0.0,0.0,0.0,0.0,0.0,0.0,-586.83837890625,0.0,586.8359375,0.0,-1440.000244140625,0.0,1440.0,0.0,-132.7265625,0.0,132.734375,0.0,0.0,0.0,0.0,0.0,0.0,0.0,0.0,0.0,0.0,0.0,0.0,0.0,2868.352783203125,0.0,125683.828125,15302.7783203125,-3571.544677734375,0.0,3571.546875,0.0,-55.45965132827504,0.0,2.9248056411743164,0.0,WA
8875475,WA,5306,0.09091031551361084,3,1.0,46232.921875,46232.921875,3,0,4287.4384765625,0.0,73124.921875,9730.998046875,12436.414794921875,2592.708984375,0.0,24760.121826171875,-619.48779296875,0.0,619.484375,0.0,-936.0,0.0,936.0,0.0,636.0,0.0,-636.0,0.0,0.0,0.0,0.0,0.0,0.0,0.0,0.0,0.0,0.0,0.0,0.0,0.0,0.0,0.0,0.0,0.0,0.0,0.0,0.0,0.0,0.0,0.0,0.0,0.0,0.0,0.0,0.0,0.0,0.0,0.0,0.0,0.0,0.0,0.0,0.0,0.0,0.0,0.0,0.0,0.0,0.0,0.0,0.0,0.0,0.0,0.0,0.0,0.0,0.0,0.0,0.0,0.0,0.0,0.0,0.0,0.0,0.0,0.0,0.0,0.0,0.0,0.0,0.0,0.0,0.0,0.0,0.0,0.0,0.0,0.0,0.0,0.0,3367.95068359375,0.0,74044.40625,24760.121826171875,-919.48779296875,0.0,919.484375,0.0,-21.446087168251548,0.0,1.2574158906936646,0.0,WA
8875476,WA,5306,46.273197174072266,1,0.0,0.0,0.0,1,0,0.0,0.0,41791.3125,21204.498046875,0.0,0.0,0.0,21204.498046875,0.0,0.0,0.0,0.0,0.0,0.0,0.0,0.0,0.0,0.0,0.0,0.0,0.0,0.0,0.0,0.0,0.0,0.0,0.0,0.0,0.0,0.0,0.0,0.0,0.0,0.0,0.0,0.0,0.0,0.0,0.0,0.0,0.0,0.0,0.0,0.0,0.0,0.0,0.0,0.0,0.0,0.0,0.0,0.0,0.0,0.0,0.0,0.0,0.0,0.0,0.0,0.0,0.0,0.0,0.0,0.0,0.0,0.0,0.0,0.0,0.0,0.0,0.0,0.0,0.0,0.0,0.0,0.0,0.0,0.0,0.0,0.0,0.0,0.0,0.0,0.0,0.0,0.0,0.0,0.0,0.0,0.0,0.0,0.0,0.0,0.0,41791.3125,21204.498046875,0.0,0.0,0.0,0.0,0.0,0.0,0.0,0.0,WA
8875477,WA,5306,0.09012097865343094,2,0.0,300699.7578125,300699.75,0,2,61528.90234375,0.0,217997.734375,0.0,0.0,0.0,0.0,0.0,0.0,0.0,0.0,0.0,0.0,0.0,0.0,0.0,0.0,0.0,0.0,0.0,0.0,0.0,0.0,0.0,0.0,0.0,0.0,0.0,0.0,0.0,0.0,0.0,0.0,0.0,0.0,0.0,-11892.9609375,0.0,11892.953125,0.0,0.0,0.0,0.0,0.0,0.0,0.0,0.0,0.0,0.0,0.0,0.0,0.0,0.0,0.0,0.0,0.0,0.0,0.0,0.0,0.0,0.0,0.0,0.0,0.0,0.0,0.0,0.0,0.0,0.0,0.0,0.0,0.0,0.0,0.0,0.0,0.0,0.0,0.0,0.0,0.0,0.0,0.0,0.0,0.0,0.0,0.0,0.0,0.0,0.0,0.0,0.0,0.0,49635.94140625,0.0,229890.6875,0.0,-11892.9609375,0.0,11892.953125,0.0,-19.32906404059728,0.0,5.455539703369141,0.0,WA
8875478,WA,5306,0.5467556715011597,1,0.0,0.0,0.0,1,0,0.0,0.0,59386.53125,26158.595703125,0.0,7069.33984375,0.0,33227.935546875,0.0,0.0,0.0,0.0,0.0,0.0,0.0,0.0,0.0,0.0,0.0,0.0,0.0,0.0,0.0,0.0,0.0,0.0,0.0,0.0,0.0,0.0,0.0,0.0,0.0,0.0,0.0,0.0,0.0,0.0,0.0,0.0,0.0,0.0,0.0,0.0,0.0,0.0,0.0,0.0,0.0,0.0,0.0,0.0,0.0,0.0,0.0,0.0,0.0,0.0,0.0,0.0,0.0,0.0,0.0,0.0,0.0,0.0,0.0,0.0,0.0,0.0,0.0,0.0,0.0,0.0,0.0,0.0,0.0,0.0,0.0,0.0,0.0,0.0,0.0,0.0,0.0,0.0,0.0,0.0,0.0,0.0,0.0,0.0,0.0,0.0,59386.53125,33227.935546875,0.0,0.0,0.0,0.0,0.0,0.0,0.0,0.0,WA
8875479,WA,5306,0.14750440418720245,2,0.0,93971.728515625,94406.044921875,2,0,9112.882934570312,0.0,92359.9765625,0.0,0.0,4653.8251953125,0.0,4653.8251953125,-1407.1812744140625,0.0,1407.1796875,0.0,-1913.7017822265625,0.0,1913.703125,0.0,1176.7257080078125,0.0,-1176.7265625,0.0,0.0,0.0,0.0,0.0,0.0,0.0,0.0,0.0,0.0,0.0,0.0,0.0,0.0,0.0,0.0,0.0,0.0,0.0,0.0,0.0,0.0,0.0,0.0,0.0,0.0,0.0,0.0,0.0,-120.0,0.0,120.0,0.0,0.0,0.0,0.0,0.0,0.0,0.0,0.0,0.0,0.0,0.0,0.0,0.0,0.0,0.0,0.0,0.0,0.0,0.0,0.0,0.0,0.0,0.0,0.0,0.0,0.0,0.0,0.0,0.0,0.0,0.0,0.0,0.0,0.0,0.0,0.0,0.0,0.0,0.0,0.0,0.0,6848.7255859375,0.0,94624.1328125,4653.8251953125,-2264.1573486328125,0.0,2264.15625,0.0,-24.84567578547053,0.0,2.4514474868774414,0.0,WA
8875480,WA,5306,0.17538118362426758,2,0.0,0.0,104884.265625,2,0,9942.6396484375,0.0,140001.703125,38845.515625,0.0,0.0,0.0,38845.515625,-1512.52734375,0.0,1512.53125,0.0,-1872.00048828125,0.0,1872.0,0.0,1272.0,0.0,-1272.0,0.0,0.0,0.0,0.0,0.0,0.0,0.0,0.0,0.0,0.0,0.0,0.0,0.0,0.0,0.0,0.0,0.0,0.0,0.0,0.0,0.0,0.0,0.0,0.0,0.0,0.0,0.0,0.0,0.0,0.0,0.0,0.0,0.0,0.0,0.0,0.0,0.0,0.0,0.0,0.0,0.0,0.0,0.0,0.0,0.0,0.0,0.0,0.0,0.0,0.0,0.0,0.0,0.0,-1440.0,0.0,1440.0,0.0,0.0,0.0,0.0,0.0,0.0,0.0,0.0,0.0,0.0,0.0,0.0,0.0,0.0,0.0,0.0,0.0,6390.11181640625,0.0,143554.234375,38845.515625,-3552.52783203125,0.0,3552.53125,0.0,-35.73022816520897,0.0,2.5374915599823,0.0,WA
8875481,WA,5306,406.25518798828125,1,0.0,0.0,0.0,1,0,0.0,0.0,30333.6640625,3926.039794921875,26407.625,0.0,0.0,30333.664794921875,0.0,0.0,0.0,0.0,0.0,0.0,0.0,0.0,0.0,0.0,0.0,0.0,0.0,0.0,0.0,0.0,0.0,0.0,0.0,0.0,0.0,0.0,0.0,0.0,0.0,0.0,0.0,0.0,0.0,0.0,0.0,0.0,0.0,0.0,0.0,0.0,0.0,0.0,0.0,0.0,0.0,0.0,0.0,0.0,0.0,0.0,0.0,0.0,0.0,0.0,0.0,0.0,0.0,0.0,0.0,0.0,0.0,0.0,0.0,0.0,0.0,0.0,0.0,0.0,0.0,0.0,0.0,0.0,0.0,0.0,0.0,0.0,0.0,0.0,0.0,0.0,0.0,0.0,0.0,0.0,0.0,0.0,-26407.625,-26407.625,0.0,0.0,3926.039794921875,3926.039794921875,0.0,0.0,-26407.625,-26407.625,0.0,0.0,-87.0571517944336,-87.05715309552993,WA
8875482,WA,5306,43.30555725097656,2,0.0,31359.185546875,31360.83984375,2,0,416.083984375,0.0,32189.984375,0.0,3643.428466796875,0.0,0.0,3643.428466796875,0.0,0.0,0.0,0.0,-416.083984375,0.0,416.083984375,0.0,0.0,0.0,0.0,0.0,0.0,0.0,0.0,0.0,0.0,0.0,0.0,0.0,0.0,0.0,0.0,0.0,0.0,0.0,0.0,0.0,0.0,0.0,0.0,0.0,0.0,0.0,0.0,0.0,0.0,0.0,0.0,0.0,0.0,0.0,0.0,0.0,0.0,0.0,0.0,0.0,0.0,0.0,0.0,0.0,0.0,0.0,0.0,0.0,0.0,0.0,0.0,0.0,0.0,0.0,0.0,0.0,0.0,0.0,0.0,0.0,0.0,0.0,0.0,0.0,0.0,0.0,0.0,0.0,0.0,0.0,0.0,0.0,0.0,0.0,0.0,0.0,0.0,0.0,32606.068359375,3643.428466796875,-416.083984375,0.0,416.083984375,0.0,-100.0,0.0,1.2925883531570435,0.0,WA
8875483,WA,5306,92.22872161865234,1,0.0,0.0,0.0,1,0,0.0,0.0,31793.87890625,18714.58203125,0.0,0.0,0.0,18714.58203125,0.0,0.0,0.0,0.0,0.0,0.0,0.0,0.0,0.0,0.0,0.0,0.0,0.0,0.0,0.0,0.0,0.0,0.0,0.0,0.0,0.0,0.0,0.0,0.0,0.0,0.0,0.0,0.0,0.0,0.0,0.0,0.0,0.0,0.0,0.0,0.0,0.0,0.0,0.0,0.0,0.0,0.0,0.0,0.0,0.0,0.0,0.0,0.0,0.0,0.0,0.0,0.0,0.0,0.0,0.0,0.0,0.0,0.0,0.0,0.0,0.0,0.0,0.0,0.0,0.0,0.0,0.0,0.0,0.0,0.0,0.0,0.0,0.0,0.0,0.0,0.0,0.0,0.0,0.0,0.0,0.0,0.0,0.0,0.0,0.0,0.0,31793.87890625,18714.58203125,0.0,0.0,0.0,0.0,0.0,0.0,0.0,0.0,WA
8875484,WA,5306,0.14356984198093414,2,0.0,0.0,78283.4296875,2,0,3957.921630859375,0.0,239157.328125,66966.0078125,0.0,0.0,0.0,66966.0078125,-315.584228515625,0.0,315.578125,0.0,-1753.722900390625,0.0,1753.734375,0.0,1153.722900390625,0.0,-1153.734375,0.0,0.0,0.0,0.0,0.0,0.0,0.0,0.0,0.0,0.0,0.0,0.0,0.0,0.0,0.0,0.0,0.0,0.0,0.0,0.0,0.0,0.0,0.0,0.0,0.0,0.0,0.0,0.0,0.0,0.0,0.0,0.0,0.0,0.0,0.0,0.0,0.0,0.0,0.0,0.0,0.0,0.0,0.0,0.0,0.0,0.0,0.0,0.0,0.0,0.0,0.0,0.0,0.0,-1293.722900390625,0.0,1293.734375,0.0,0.0,0.0,0.0,0.0,0.0,0.0,0.0,0.0,0.0,0.0,0.0,0.0,0.0,0.0,0.0,0.0,1748.614501953125,0.0,241366.640625,66966.0078125,-2209.30712890625,0.0,2209.3125,0.0,-55.81988060805914,0.0,0.9237903952598572,0.0,WA
8875485,WA,5306,0.21629014611244202,1,0.0,71928.484375,108681.96875,0,1,17720.4921875,0.0,125394.0234375,30908.560546875,0.0,0.0,0.0,30908.560546875,-2541.458984375,0.0,2541.4609375,0.0,-1716.0,0.0,1716.0,0.0,1166.0,0.0,-1166.0,0.0,0.0,0.0,0.0,0.0,0.0,0.0,0.0,0.0,0.0,0.0,0.0,0.0,-1100.0,0.0,1100.0,0.0,0.0,0.0,0.0,0.0,0.0,0.0,0.0,0.0,0.0,0.0,0.0,0.0,0.0,0.0,0.0,0.0,0.0,0.0,0.0,0.0,0.0,0.0,0.0,0.0,0.0,0.0,0.0,0.0,0.0,0.0,0.0,0.0,0.0,0.0,0.0,0.0,0.0,0.0,0.0,0.0,0.0,0.0,0.0,0.0,0.0,0.0,0.0,0.0,0.0,0.0,0.0,0.0,0.0,0.0,0.0,0.0,13529.033203125,0.0,129585.484375,30908.560546875,-4191.458984375,0.0,4191.4609375,0.0,-23.65317475398142,0.0,3.342632293701172,0.0,WA
8875486,WA,5306,35.37063217163086,1,0.0,0.0,0.0,1,0,0.0,0.0,29363.861328125,14846.9306640625,0.0,0.0,0.0,14846.9306640625,0.0,0.0,0.0,0.0,0.0,0.0,0.0,0.0,0.0,0.0,0.0,0.0,0.0,0.0,0.0,0.0,0.0,0.0,0.0,0.0,0.0,0.0,0.0,0.0,0.0,0.0,0.0,0.0,0.0,0.0,0.0,0.0,0.0,0.0,0.0,0.0,0.0,0.0,0.0,0.0,0.0,0.0,0.0,0.0,0.0,0.0,0.0,0.0,0.0,0.0,0.0,0.0,0.0,0.0,0.0,0.0,0.0,0.0,0.0,0.0,0.0,0.0,0.0,0.0,0.0,0.0,0.0,0.0,0.0,0.0,0.0,0.0,0.0,0.0,0.0,0.0,0.0,0.0,0.0,0.0,0.0,0.0,0.0,0.0,0.0,0.0,29363.861328125,14846.9306640625,0.0,0.0,0.0,0.0,0.0,0.0,0.0,0.0,WA
8875487,WA,5306,189.2519073486328,1,0.0,0.0,0.0,0,1,0.0,0.0,22030.51171875,11676.9306640625,0.0,0.0,0.0,11676.9306640625,0.0,0.0,0.0,0.0,0.0,0.0,0.0,0.0,0.0,0.0,0.0,0.0,0.0,0.0,0.0,0.0,0.0,0.0,0.0,0.0,0.0,0.0,0.0,0.0,0.0,0.0,0.0,0.0,0.0,0.0,0.0,0.0,0.0,0.0,0.0,0.0,0.0,0.0,0.0,0.0,0.0,0.0,0.0,0.0,0.0,0.0,0.0,0.0,0.0,0.0,0.0,0.0,0.0,0.0,0.0,0.0,0.0,0.0,0.0,0.0,0.0,0.0,0.0,0.0,0.0,0.0,0.0,0.0,0.0,0.0,0.0,0.0,0.0,0.0,0.0,0.0,0.0,0.0,0.0,0.0,0.0,0.0,0.0,0.0,0.0,0.0,22030.51171875,11676.9306640625,0.0,0.0,0.0,0.0,0.0,0.0,0.0,0.0,WA
8875488,WA,5306,0.10754410922527313,2,0.0,781654.140625,810625.9296875,2,0,235109.982421875,0.0,576935.3125,0.0,0.0,0.0,0.0,0.0,-7196.1044921875,0.0,7196.0625,0.0,-4602.0,0.0,4602.0,0.0,1166.0,0.0,-1166.0,0.0,0.0,0.0,0.0,0.0,0.0,0.0,0.0,0.0,0.0,0.0,0.0,0.0,0.0,0.0,0.0,0.0,0.0,0.0,0.0,0.0,0.0,0.0,0.0,0.0,0.0,0.0,0.0,0.0,0.0,0.0,0.0,0.0,0.0,0.0,0.0,0.0,0.0,0.0,0.0,0.0,0.0,0.0,0.0,0.0,0.0,0.0,0.0,0.0,0.0,0.0,0.0,0.0,-883.796875,0.0,883.8125,0.0,0.0,0.0,0.0,0.0,0.0,0.0,0.0,0.0,0.0,0.0,0.0,0.0,0.0,0.0,0.0,0.0,223594.0810546875,0.0,588451.1875,0.0,-11515.9013671875,0.0,11515.875,0.0,-4.8980912033431565,0.0,1.9960426092147827,0.0,WA
8875489,WA,5306,468.7722473144531,2,0.0,0.0,0.0,2,0,0.0,0.0,67281.5859375,14466.337890625,52815.25,0.0,0.0,67281.587890625,0.0,0.0,0.0,0.0,0.0,0.0,0.0,0.0,0.0,0.0,0.0,0.0,0.0,0.0,0.0,0.0,0.0,0.0,0.0,0.0,0.0,0.0,0.0,0.0,0.0,0.0,0.0,0.0,0.0,0.0,0.0,0.0,0.0,0.0,0.0,0.0,0.0,0.0,0.0,0.0,0.0,0.0,0.0,0.0,0.0,0.0,0.0,0.0,0.0,0.0,0.0,0.0,0.0,0.0,0.0,0.0,0.0,0.0,0.0,0.0,0.0,0.0,0.0,0.0,0.0,0.0,0.0,0.0,0.0,0.0,0.0,0.0,0.0,0.0,0.0,0.0,0.0,0.0,0.0,0.0,0.0,0.0,0.0,0.0,0.0,0.0,67281.5859375,67281.587890625,0.0,0.0,0.0,0.0,0.0,0.0,0.0,0.0,WA
8875490,WA,5306,0.13692201673984528,2,0.0,81138.5,118470.546875,2,0,9302.162109375,0.0,148365.90625,32618.6796875,0.0,0.0,0.0,32618.6796875,-1384.4326171875,0.0,1384.421875,0.0,0.0,0.0,0.0,0.0,1272.0,0.0,-1272.0,0.0,0.0,0.0,0.0,0.0,0.0,0.0,0.0,0.0,0.0,0.0,0.0,0.0,-600.0,0.0,600.0,0.0,0.0,0.0,0.0,0.0,0.0,0.0,0.0,0.0,0.0,0.0,0.0,0.0,0.0,0.0,0.0,0.0,0.0,0.0,0.0,0.0,0.0,0.0,0.0,0.0,0.0,0.0,0.0,0.0,0.0,0.0,0.0,0.0,-550.16064453125,0.0,550.171875,0.0,0.0,0.0,0.0,0.0,0.0,0.0,0.0,0.0,0.0,0.0,0.0,0.0,0.0,0.0,0.0,0.0,0.0,0.0,0.0,0.0,8039.56884765625,0.0,149628.5,32618.6796875,-1262.59326171875,0.0,1262.59375,0.0,-13.5731160871328,0.0,0.8509998917579651,0.0,WA
8875491,WA,5306,68.99024200439453,1,0.0,0.0,0.0,1,0,0.0,0.0,62649.77734375,31468.73046875,0.0,0.0,0.0,31468.73046875,0.0,0.0,0.0,0.0,0.0,0.0,0.0,0.0,0.0,0.0,0.0,0.0,0.0,0.0,0.0,0.0,0.0,0.0,0.0,0.0,0.0,0.0,0.0,0.0,0.0,0.0,0.0,0.0,0.0,0.0,0.0,0.0,0.0,0.0,0.0,0.0,0.0,0.0,0.0,0.0,0.0,0.0,0.0,0.0,0.0,0.0,0.0,0.0,0.0,0.0,0.0,0.0,0.0,0.0,0.0,0.0,0.0,0.0,0.0,0.0,0.0,0.0,0.0,0.0,0.0,0.0,0.0,0.0,0.0,0.0,0.0,0.0,0.0,0.0,0.0,0.0,0.0,0.0,0.0,0.0,0.0,0.0,0.0,0.0,0.0,0.0,62649.77734375,31468.73046875,0.0,0.0,0.0,0.0,0.0,0.0,0.0,0.0,WA
8875492,WA,5306,0.0876580998301506,1,0.0,112092.7734375,114964.03125,1,0,19288.423828125,0.0,92476.8828125,0.0,0.0,0.0,0.0,0.0,-2729.14453125,0.0,2729.1484375,0.0,-1716.001953125,0.0,1716.0,0.0,1166.0,0.0,-1166.0,0.0,0.0,0.0,0.0,0.0,0.0,0.0,0.0,0.0,0.0,0.0,0.0,0.0,0.0,0.0,0.0,0.0,0.0,0.0,0.0,0.0,0.0,0.0,0.0,0.0,0.0,0.0,0.0,0.0,0.0,0.0,0.0,0.0,0.0,0.0,0.0,0.0,0.0,0.0,0.0,0.0,0.0,0.0,0.0,0.0,0.0,0.0,0.0,0.0,0.0,0.0,0.0,0.0,-792.474609375,0.0,792.4765625,0.0,0.0,0.0,0.0,0.0,0.0,0.0,0.0,0.0,0.0,0.0,0.0,0.0,0.0,0.0,0.0,0.0,15216.802734375,0.0,96548.5078125,0.0,-4071.62109375,0.0,4071.625,0.0,-21.109143650260595,0.0,4.402857303619385,0.0,WA
8875493,WA,5306,0.1008601114153862,2,0.0,0.0,88272.4921875,2,0,7240.3271484375,0.0,146455.90625,43658.6953125,0.0,0.0,0.0,43658.6953125,-972.0654296875,0.0,972.0625,0.0,-1703.5625,0.0,1703.5625,0.0,1272.0,0.0,-1272.0,0.0,0.0,0.0,0.0,0.0,0.0,0.0,0.0,0.0,0.0,0.0,0.0,0.0,-600.0,0.0,600.0,0.0,0.0,0.0,0.0,0.0,0.0,0.0,0.0,0.0,0.0,0.0,0.0,0.0,-240.0,0.0,240.0,0.0,0.0,0.0,0.0,0.0,0.0,0.0,0.0,0.0,0.0,0.0,0.0,0.0,0.0,0.0,0.0,0.0,0.0,0.0,0.0,0.0,-1440.000244140625,0.0,1440.0,0.0,0.0,0.0,0.0,0.0,0.0,0.0,0.0,0.0,0.0,0.0,0.0,0.0,0.0,0.0,0.0,0.0,3556.698974609375,0.0,150139.53125,43658.6953125,-3683.628173828125,0.0,3683.625,0.0,-50.87654325983144,0.0,2.515176773071289,0.0,WA
8875494,WA,5306,107.07609558105469,1,0.0,0.0,205.72811889648438,1,0,0.0,0.0,44407.53125,22380.544921875,0.0,0.0,0.0,22380.544921875,0.0,0.0,0.0,0.0,0.0,0.0,0.0,0.0,0.0,0.0,0.0,0.0,0.0,0.0,0.0,0.0,0.0,0.0,0.0,0.0,0.0,0.0,0.0,0.0,0.0,0.0,0.0,0.0,0.0,0.0,0.0,0.0,0.0,0.0,0.0,0.0,0.0,0.0,0.0,0.0,0.0,0.0,0.0,0.0,0.0,0.0,0.0,0.0,0.0,0.0,0.0,0.0,0.0,0.0,0.0,0.0,0.0,0.0,0.0,0.0,0.0,0.0,0.0,0.0,0.0,0.0,0.0,0.0,0.0,0.0,0.0,0.0,0.0,0.0,0.0,0.0,0.0,0.0,0.0,0.0,0.0,0.0,0.0,0.0,0.0,0.0,44407.53125,22380.544921875,0.0,0.0,0.0,0.0,0.0,0.0,0.0,0.0,WA
8875495,WA,5306,0.10300328582525253,4,2.0,156101.3828125,159554.203125,4,0,12026.7607421875,0.0,161627.109375,14744.0830078125,0.0,0.0,0.0,14744.0830078125,-1929.3515625,0.0,1929.359375,0.0,0.0,0.0,0.0,0.0,3411.83984375,0.0,-3411.84375,0.0,0.0,0.0,0.0,0.0,-4400.0,0.0,4400.0,0.0,0.0,0.0,0.0,0.0,-1.3779296875,0.0,1.375,0.0,0.0,0.0,0.0,0.0,0.0,0.0,0.0,0.0,0.0,0.0,0.0,0.0,0.0,0.0,0.0,0.0,0.0,0.0,0.0,0.0,0.0,0.0,0.0,0.0,0.0,0.0,0.0,0.0,0.0,0.0,0.0,0.0,0.0,0.0,0.0,0.0,0.0,0.0,0.0,0.0,-518.3857421875,0.0,518.375,0.0,0.0,0.0,0.0,0.0,0.0,0.0,0.0,0.0,0.0,0.0,0.0,0.0,8589.4853515625,0.0,165064.375,14744.0830078125,-3437.275390625,0.0,3437.265625,0.0,-28.580225917089358,0.0,2.126664161682129,0.0,WA
8875496,WA,5306,151.4108123779297,2,0.0,30197.734375,30232.478515625,2,0,0.0,0.0,71283.921875,1006.7965087890625,26407.625,15930.798828125,0.0,43345.22033691406,0.0,0.0,0.0,0.0,0.0,0.0,0.0,0.0,0.0,0.0,0.0,0.0,0.0,0.0,0.0,0.0,0.0,0.0,0.0,0.0,0.0,0.0,0.0,0.0,0.0,0.0,0.0,0.0,0.0,0.0,0.0,0.0,0.0,0.0,0.0,0.0,0.0,0.0,0.0,0.0,0.0,0.0,0.0,0.0,0.0,0.0,0.0,0.0,0.0,0.0,0.0,0.0,0.0,0.0,0.0,0.0,0.0,0.0,0.0,0.0,0.0,0.0,0.0,0.0,0.0,0.0,0.0,0.0,0.0,0.0,0.0,0.0,0.0,0.0,0.0,0.0,0.0,0.0,0.0,0.0,0.0,0.0,0.0,0.0,0.0,0.0,71283.921875,43345.22033691406,0.0,0.0,0.0,0.0,0.0,0.0,0.0,0.0,WA
8875497,WA,5306,144.87892150878906,2,0.0,6103.9814453125,21189.568359375,2,0,0.0,0.0,92777.25,35968.0703125,0.0,0.0,0.0,35968.0703125,0.0,0.0,0.0,0.0,0.0,0.0,0.0,0.0,0.0,0.0,0.0,0.0,0.0,0.0,0.0,0.0,0.0,0.0,0.0,0.0,0.0,0.0,0.0,0.0,0.0,0.0,0.0,0.0,0.0,0.0,0.0,0.0,0.0,0.0,0.0,0.0,0.0,0.0,0.0,0.0,0.0,0.0,0.0,0.0,0.0,0.0,0.0,0.0,0.0,0.0,0.0,0.0,0.0,0.0,0.0,0.0,0.0,0.0,0.0,0.0,0.0,0.0,0.0,0.0,0.0,0.0,0.0,0.0,0.0,0.0,0.0,0.0,0.0,0.0,0.0,0.0,0.0,0.0,0.0,0.0,0.0,0.0,0.0,0.0,0.0,0.0,92777.25,35968.0703125,0.0,0.0,0.0,0.0,0.0,0.0,0.0,0.0,WA
8875498,WA,5306,0.3616490066051483,4,3.0,32957.75390625,43492.50390625,4,0,-2190.74951171875,0.0,80581.5,18418.173828125,10930.285400390625,0.0,0.0,29348.459228515625,0.0,0.0,0.0,0.0,-809.25048828125,0.0,809.25,0.0,1726.7503662109375,0.0,-1726.75,0.0,0.0,0.0,0.0,0.0,-3599.9998779296875,0.0,3600.0,0.0,0.0,0.0,0.0,0.0,0.0,0.0,0.0,0.0,0.0,0.0,0.0,0.0,0.0,0.0,0.0,0.0,0.0,0.0,0.0,0.0,0.0,0.0,0.0,0.0,0.0,0.0,0.0,0.0,0.0,0.0,0.0,0.0,0.0,0.0,0.0,0.0,0.0,0.0,0.0,0.0,0.0,0.0,0.0,0.0,-47.96875,0.0,47.96875,0.0,0.0,0.0,0.0,0.0,0.0,0.0,0.0,0.0,0.0,0.0,0.0,0.0,0.0,0.0,0.0,0.0,-4921.21826171875,0.0,83311.96875,29348.459228515625,-2730.46875,0.0,2730.46875,0.0,-124.63628248661864,0.0,3.388456344604492,0.0,WA
8875499,WA,5306,0.18279005587100983,4,2.0,235722.0703125,236714.796875,4,0,37453.69921875,0.0,201841.171875,0.0,0.0,0.0,0.0,0.0,-2078.9296875,0.0,2078.921875,0.0,0.0,0.0,0.0,0.0,0.0,0.0,0.0,0.0,0.0,0.0,0.0,0.0,-4400.0,0.0,4400.0,0.0,0.0,0.0,0.0,0.0,0.0,0.0,0.0,0.0,-2157.515625,0.0,2157.53125,0.0,0.0,0.0,0.0,0.0,0.0,0.0,0.0,0.0,0.0,0.0,0.0,0.0,0.0,0.0,0.0,0.0,0.0,0.0,0.0,0.0,0.0,0.0,0.0,0.0,0.0,0.0,0.0,0.0,-2874.58984375,0.0,2874.578125,0.0,0.0,0.0,0.0,0.0,0.0,0.0,0.0,0.0,0.0,0.0,0.0,0.0,0.0,0.0,0.0,0.0,0.0,0.0,0.0,0.0,25942.6640625,0.0,213352.203125,0.0,-11511.03515625,0.0,11511.03125,0.0,-30.73404068585932,0.0,5.703014373779297,0.0,WA
8875500,WA,5306,0.061309874057769775,2,0.0,567655.34375,618897.125,2,0,164705.765625,0.0,435430.625,0.0,0.0,0.0,0.0,0.0,-1225.1875,0.0,1225.1875,0.0,0.0,0.0,0.0,0.0,0.0,0.0,0.0,0.0,0.0,0.0,0.0,0.0,0.0,0.0,0.0,0.0,0.0,0.0,0.0,0.0,-3080.125,0.0,3080.125,0.0,-21364.9375,0.0,21364.9375,0.0,0.0,0.0,0.0,0.0,0.0,0.0,0.0,0.0,-700.0,0.0,700.0,0.0,0.0,0.0,0.0,0.0,0.0,0.0,0.0,0.0,0.0,0.0,0.0,0.0,0.0,0.0,0.0,0.0,0.0,0.0,0.0,0.0,0.0,0.0,0.0,0.0,0.0,0.0,0.0,0.0,0.0,0.0,0.0,0.0,0.0,0.0,0.0,0.0,0.0,0.0,0.0,0.0,138335.515625,0.0,461800.875,0.0,-26370.25,0.0,26370.25,0.0,-16.010520275312917,0.0,6.056130886077881,0.0,WA
8875501,WA,5306,0.282315731048584,4,2.0,91065.421875,91065.421875,4,0,4774.8134765625,0.0,87376.03125,0.0,0.0,0.0,5620.5126953125,5620.5126953125,-878.962890625,0.0,878.96875,0.0,-1872.0,0.0,1872.0,0.0,2544.0,0.0,-2544.0,0.0,0.0,0.0,0.0,0.0,-2400.0,0.0,2400.0,0.0,0.0,0.0,0.0,0.0,0.0,0.0,0.0,0.0,0.0,0.0,0.0,0.0,0.0,0.0,0.0,0.0,0.0,0.0,0.0,0.0,0.0,0.0,0.0,0.0,0.0,0.0,0.0,0.0,0.0,0.0,0.0,0.0,0.0,0.0,0.0,0.0,0.0,0.0,0.0,0.0,0.0,0.0,0.0,0.0,0.0,0.0,0.0,0.0,-181.58642578125,0.0,181.578125,0.0,0.0,0.0,0.0,0.0,0.0,0.0,0.0,0.0,0.0,0.0,0.0,0.0,1986.26416015625,0.0,90164.578125,5620.5126953125,-2788.54931640625,0.0,2788.546875,0.0,-58.4012198611325,0.0,3.191432476043701,0.0,WA
8875502,WA,5306,0.19043497741222382,2,1.0,148421.0625,148421.890625,2,0,22006.21875,0.0,123436.7265625,0.0,0.0,0.0,0.0,0.0,-2919.6484375,0.0,2919.6484375,0.0,0.0,0.0,0.0,0.0,1519.68359375,0.0,-1519.6875,0.0,0.0,0.0,0.0,0.0,-2200.0,0.0,2200.0,0.0,0.0,0.0,0.0,0.0,0.0,0.0,0.0,0.0,0.0,0.0,0.0,0.0,0.0,0.0,0.0,0.0,0.0,0.0,0.0,0.0,0.0,0.0,0.0,0.0,0.0,0.0,0.0,0.0,0.0,0.0,0.0,0.0,0.0,0.0,0.0,0.0,0.0,0.0,0.0,0.0,0.0,0.0,0.0,0.0,0.0,0.0,0.0,0.0,0.0,0.0,0.0,0.0,0.0,0.0,0.0,0.0,0.0,0.0,0.0,0.0,0.0,0.0,0.0,0.0,18406.25390625,0.0,127036.6875,0.0,-3599.96484375,0.0,3599.9609375,0.0,-16.358852398256744,0.0,2.916442394256592,0.0,WA
8875503,WA,5306,0.18523356318473816,2,0.0,100316.24609375,106814.34375,2,0,4629.8359375,0.0,103390.734375,0.0,0.0,0.0,0.0,0.0,-449.966796875,0.0,449.96875,0.0,0.0,0.0,0.0,0.0,1272.0,0.0,-1272.0,0.0,0.0,0.0,0.0,0.0,0.0,0.0,0.0,0.0,0.0,0.0,0.0,0.0,-600.0,0.0,600.0,0.0,0.0,0.0,0.0,0.0,0.0,0.0,0.0,0.0,0.0,0.0,0.0,0.0,0.0,0.0,0.0,0.0,0.0,0.0,0.0,0.0,0.0,0.0,0.0,0.0,0.0,0.0,0.0,0.0,0.0,0.0,0.0,0.0,0.0,0.0,0.0,0.0,0.0,0.0,0.0,0.0,0.0,0.0,0.0,0.0,0.0,0.0,0.0,0.0,0.0,0.0,0.0,0.0,0.0,0.0,0.0,0.0,4851.869140625,0.0,103168.703125,0.0,222.033203125,0.0,-222.03125,0.0,4.795703478963718,0.0,-0.21474966406822205,0.0,WA
8875504,WA,5306,0.16873927414417267,7,5.0,171829.85791015625,166861.45312500003,7,0,7906.491210937501,0.0,162515.09375,0.0,0.0,0.0,0.0,0.0,-1335.2978515625,0.0,1335.3125,0.0,0.0,0.0,0.0,0.0,4929.661132812499,0.0,-4929.671875,0.0,0.0,0.0,0.0,0.0,-8150.0,0.0,8150.0,0.0,0.0,0.0,0.0,0.0,0.0,0.0,0.0,0.0,0.0,0.0,0.0,0.0,0.0,0.0,0.0,0.0,0.0,0.0,0.0,0.0,0.0,0.0,0.0,0.0,0.0,0.0,0.0,0.0,0.0,0.0,0.0,0.0,0.0,0.0,0.0,0.0,0.0,0.0,0.0,0.0,0.0,0.0,0.0,0.0,0.0,0.0,0.0,0.0,-310.3193359374991,0.0,310.328125,0.0,0.0,0.0,0.0,0.0,0.0,0.0,0.0,0.0,0.0,0.0,0.0,0.0,3040.5351562500005,0.0,167381.0625,0.0,-4865.9560546875,0.0,4865.96875,0.0,-61.54381159566895,0.0,2.994164228439331,0.0,WA
8875505,WA,5306,0.10194039344787598,5,3.0,68525.62890625,237176.390625,5,0,36030.0234375,0.0,208924.03125,0.0,0.0,0.0,0.0,0.0,-5107.06640625,0.0,5107.0625,0.0,0.0,0.0,0.0,0.0,5547.453125,0.0,-5547.453125,0.0,0.0,0.0,0.0,0.0,-6600.0,0.0,6600.0,0.0,0.0,0.0,0.0,0.0,-9058.525390625,0.0,9058.53125,0.0,0.0,0.0,0.0,0.0,0.0,0.0,0.0,0.0,0.0,0.0,0.0,0.0,-440.0,0.0,440.0,0.0,0.0,0.0,0.0,0.0,0.0,0.0,0.0,0.0,0.0,0.0,0.0,0.0,0.0,0.0,0.0,0.0,0.0,0.0,0.0,0.0,0.0,0.0,0.0,0.0,0.0,0.0,0.0,0.0,0.0,0.0,0.0,0.0,0.0,0.0,0.0,0.0,0.0,0.0,0.0,0.0,20371.884765625,0.0,224582.171875,0.0,-15658.138671875,0.0,15658.140625,0.0,-43.458585862528274,0.0,7.494657516479492,0.0,WA
8875506,WA,5306,0.10131799429655075,2,0.0,383470.41015625,384042.875,2,0,96407.7578125,0.0,300329.8125,0.0,0.0,0.0,0.0,0.0,0.0,0.0,0.0,0.0,0.0,0.0,0.0,0.0,0.0,0.0,0.0,0.0,0.0,0.0,0.0,0.0,0.0,0.0,0.0,0.0,0.0,0.0,0.0,0.0,0.0,0.0,0.0,0.0,-27143.71875,0.0,27143.75,0.0,0.0,0.0,0.0,0.0,0.0,0.0,0.0,0.0,0.0,0.0,0.0,0.0,0.0,0.0,0.0,0.0,0.0,0.0,0.0,0.0,0.0,0.0,0.0,0.0,0.0,0.0,0.0,0.0,0.0,0.0,0.0,0.0,0.0,0.0,0.0,0.0,0.0,0.0,0.0,0.0,0.0,0.0,0.0,0.0,0.0,0.0,0.0,0.0,0.0,0.0,0.0,0.0,69264.0390625,0.0,327473.5625,0.0,-27143.71875,0.0,27143.75,0.0,-28.155118805678324,0.0,9.037980079650879,0.0,WA
8875507,WA,5306,0.10169302672147751,1,0.0,0.0,13962.0087890625,1,0,0.0,0.0,43313.83984375,14818.7841796875,0.0,0.0,0.0,14818.7841796875,0.0,0.0,0.0,0.0,0.0,0.0,0.0,0.0,0.0,0.0,0.0,0.0,0.0,0.0,0.0,0.0,0.0,0.0,0.0,0.0,0.0,0.0,0.0,0.0,0.0,0.0,0.0,0.0,0.0,0.0,0.0,0.0,0.0,0.0,0.0,0.0,0.0,0.0,0.0,0.0,0.0,0.0,0.0,0.0,0.0,0.0,0.0,0.0,0.0,0.0,0.0,0.0,0.0,0.0,0.0,0.0,0.0,0.0,0.0,0.0,0.0,0.0,0.0,0.0,0.0,0.0,0.0,0.0,0.0,0.0,0.0,0.0,0.0,0.0,0.0,0.0,0.0,0.0,0.0,0.0,0.0,0.0,0.0,0.0,0.0,0.0,43313.83984375,14818.7841796875,0.0,0.0,0.0,0.0,0.0,0.0,0.0,0.0,WA
8875508,WA,5306,0.1853713095188141,1,0.0,59278.1484375,85430.0546875,1,0,11907.513671875,0.0,108958.28125,30749.4296875,0.0,0.0,0.0,30749.4296875,-1843.9013671875,0.0,1843.90625,0.0,-1716.0,0.0,1716.0,0.0,1166.0,0.0,-1166.0,0.0,0.0,0.0,0.0,0.0,0.0,0.0,0.0,0.0,0.0,0.0,0.0,0.0,0.0,0.0,0.0,0.0,0.0,0.0,0.0,0.0,0.0,0.0,0.0,0.0,0.0,0.0,0.0,0.0,0.0,0.0,0.0,0.0,0.0,0.0,0.0,0.0,0.0,0.0,0.0,0.0,0.0,0.0,0.0,0.0,0.0,0.0,0.0,0.0,0.0,0.0,0.0,0.0,-1182.3232421875,0.0,1182.3203125,0.0,0.0,0.0,0.0,0.0,0.0,0.0,0.0,0.0,0.0,0.0,0.0,0.0,0.0,0.0,0.0,0.0,8331.2890625,0.0,112534.5078125,30749.4296875,-3576.224609375,0.0,3576.2265625,0.0,-30.033344558082497,0.0,3.282197952270508,0.0,WA
8875509,WA,5306,42.474082946777344,1,0.0,0.0,0.8272702097892761,1,0,0.0,0.0,33535.1328125,17075.80078125,0.0,0.0,0.0,17075.80078125,0.0,0.0,0.0,0.0,0.0,0.0,0.0,0.0,0.0,0.0,0.0,0.0,0.0,0.0,0.0,0.0,0.0,0.0,0.0,0.0,0.0,0.0,0.0,0.0,0.0,0.0,0.0,0.0,0.0,0.0,0.0,0.0,0.0,0.0,0.0,0.0,0.0,0.0,0.0,0.0,0.0,0.0,0.0,0.0,0.0,0.0,0.0,0.0,0.0,0.0,0.0,0.0,0.0,0.0,0.0,0.0,0.0,0.0,0.0,0.0,0.0,0.0,0.0,0.0,0.0,0.0,0.0,0.0,0.0,0.0,0.0,0.0,0.0,0.0,-287.6796875,-287.68359375,0.0,0.0,0.0,0.0,0.0,0.0,0.0,0.0,0.0,0.0,33247.453125,16788.1171875,0.0,0.0,-287.6796875,-287.68359375,0.0,0.0,-0.857845664024353,-1.6847443785236098,WA
8875510,WA,5306,0.1447734832763672,2,0.0,0.0,1576388.25,2,0,381968.3125,71728.0,1177976.0,42836.8828125,0.0,0.0,0.0,42836.8828125,0.0,0.0,0.0,0.0,0.0,0.0,0.0,0.0,0.0,0.0,0.0,0.0,0.0,0.0,0.0,0.0,0.0,0.0,0.0,0.0,0.0,0.0,0.0,0.0,0.0,0.0,0.0,0.0,0.0,0.0,0.0,0.0,0.0,0.0,0.0,0.0,0.0,0.0,0.0,0.0,0.0,0.0,0.0,0.0,0.0,0.0,0.0,0.0,0.0,0.0,0.0,0.0,0.0,0.0,0.0,0.0,0.0,0.0,0.0,0.0,0.0,0.0,0.0,0.0,0.0,0.0,0.0,0.0,0.0,0.0,0.0,0.0,0.0,0.0,0.0,0.0,0.0,0.0,0.0,0.0,0.0,0.0,0.0,0.0,381968.3125,71728.0,1177976.0,42836.8828125,0.0,0.0,0.0,0.0,0.0,0.0,0.0,0.0,WA
8875511,WA,5306,0.09101605415344238,3,1.0,94077.5546875,210644.984375,3,0,33431.01171875,0.0,171676.375,0.0,0.0,0.0,0.0,0.0,-4841.720703125,0.0,4841.734375,0.0,-2181.748046875,0.0,2181.734375,0.0,2274.353515625,0.0,-2274.34375,0.0,0.0,0.0,0.0,0.0,-2200.0,0.0,2200.0,0.0,0.0,0.0,0.0,0.0,-5310.947265625,0.0,5310.9375,0.0,0.0,0.0,0.0,0.0,0.0,0.0,0.0,0.0,0.0,0.0,0.0,0.0,-440.0,0.0,440.0,0.0,0.0,0.0,0.0,0.0,0.0,0.0,0.0,0.0,0.0,0.0,0.0,0.0,0.0,0.0,0.0,0.0,0.0,0.0,0.0,0.0,0.0,0.0,0.0,0.0,0.0,0.0,0.0,0.0,0.0,0.0,0.0,0.0,0.0,0.0,0.0,0.0,0.0,0.0,0.0,0.0,20730.94921875,0.0,184376.4375,0.0,-12700.0625,0.0,12700.0625,0.0,-37.988866764917816,0.0,7.397676467895508,0.0,WA
8875512,WA,5306,0.12254100292921066,5,2.0,494166.4140625,643315.234375,5,0,156175.859375,0.0,526206.25,28774.455078125,0.0,0.0,0.0,28774.455078125,-3477.412109375,0.0,3477.375,0.0,-1872.0,0.0,1872.0,0.0,1272.0,0.0,-1272.0,0.0,0.0,0.0,0.0,0.0,0.0,0.0,0.0,0.0,0.0,0.0,0.0,0.0,-5437.171875,0.0,5437.1875,0.0,-29189.34375,0.0,29189.3125,0.0,0.0,0.0,0.0,0.0,0.0,0.0,0.0,0.0,-693.734375,0.0,693.75,0.0,0.0,0.0,0.0,0.0,0.0,0.0,0.0,0.0,0.0,0.0,0.0,0.0,0.0,0.0,0.0,0.0,0.0,0.0,0.0,0.0,-424.470703125,0.0,424.5,0.0,0.0,0.0,0.0,0.0,0.0,0.0,0.0,0.0,0.0,0.0,0.0,0.0,0.0,0.0,0.0,0.0,116353.7265625,0.0,566028.375,28774.455078125,-39822.1328125,0.0,39822.125,0.0,-25.498263926233,0.0,7.567779064178467,0.0,WA
8875513,WA,5306,195.10293579101562,2,0.0,0.0,0.0,2,0,0.0,0.0,65684.171875,32985.9296875,0.0,0.0,0.0,32985.9296875,0.0,0.0,0.0,0.0,0.0,0.0,0.0,0.0,0.0,0.0,0.0,0.0,0.0,0.0,0.0,0.0,0.0,0.0,0.0,0.0,0.0,0.0,0.0,0.0,0.0,0.0,0.0,0.0,0.0,0.0,0.0,0.0,0.0,0.0,0.0,0.0,0.0,0.0,0.0,0.0,0.0,0.0,0.0,0.0,0.0,0.0,0.0,0.0,0.0,0.0,0.0,0.0,0.0,0.0,0.0,0.0,0.0,0.0,0.0,0.0,0.0,0.0,0.0,0.0,0.0,0.0,0.0,0.0,0.0,0.0,0.0,0.0,0.0,0.0,0.0,0.0,0.0,0.0,0.0,0.0,0.0,0.0,0.0,0.0,0.0,0.0,65684.171875,32985.9296875,0.0,0.0,0.0,0.0,0.0,0.0,0.0,0.0,WA
8875514,WA,5306,19.176254272460938,1,0.0,10453.0625,10461.3349609375,1,0,0.0,0.0,71265.890625,28509.603515625,0.0,4970.2236328125,0.0,33479.8271484375,0.0,0.0,0.0,0.0,0.0,0.0,0.0,0.0,0.0,0.0,0.0,0.0,0.0,0.0,0.0,0.0,0.0,0.0,0.0,0.0,0.0,0.0,0.0,0.0,0.0,0.0,0.0,0.0,0.0,0.0,0.0,0.0,0.0,0.0,0.0,0.0,0.0,0.0,0.0,0.0,0.0,0.0,0.0,0.0,0.0,0.0,0.0,0.0,0.0,0.0,0.0,0.0,0.0,0.0,0.0,0.0,0.0,0.0,0.0,0.0,0.0,0.0,0.0,0.0,0.0,0.0,0.0,0.0,0.0,0.0,0.0,0.0,0.0,0.0,0.0,0.0,0.0,0.0,0.0,0.0,0.0,0.0,0.0,0.0,0.0,0.0,71265.890625,33479.8271484375,0.0,0.0,0.0,0.0,0.0,0.0,0.0,0.0,WA
8875515,WA,5306,0.516452431678772,4,2.0,46897.966796875,35283.453125,3,1,-1000.0,0.0,77718.4453125,2006.5458984375,24872.82958984375,0.0,0.0,26879.37548828125,0.0,0.0,0.0,0.0,0.0,0.0,0.0,0.0,308.3453369140625,0.0,-308.34375,0.0,0.0,0.0,0.0,0.0,-1008.3453369140625,0.0,1008.34375,0.0,0.0,0.0,0.0,0.0,0.0,0.0,0.0,0.0,0.0,0.0,0.0,0.0,0.0,0.0,0.0,0.0,0.0,0.0,0.0,0.0,0.0,0.0,0.0,0.0,0.0,0.0,0.0,0.0,0.0,0.0,0.0,0.0,0.0,0.0,0.0,0.0,0.0,0.0,0.0,0.0,0.0,0.0,0.0,0.0,0.0,0.0,0.0,0.0,0.0,0.0,0.0,0.0,0.0,0.0,0.0,0.0,0.0,0.0,0.0,0.0,0.0,0.0,0.0,0.0,-1700.0,0.0,78418.4453125,26879.37548828125,-700.0,0.0,700.0,0.0,-70.0,0.0,0.9006870985031128,0.0,WA
8875516,WA,5306,119.09088134765625,1,0.0,0.0,413.6351013183594,1,0,0.0,0.0,67940.515625,33666.11328125,0.0,0.0,0.0,33666.11328125,0.0,0.0,0.0,0.0,0.0,0.0,0.0,0.0,0.0,0.0,0.0,0.0,0.0,0.0,0.0,0.0,0.0,0.0,0.0,0.0,0.0,0.0,0.0,0.0,0.0,0.0,0.0,0.0,0.0,0.0,0.0,0.0,0.0,0.0,0.0,0.0,0.0,0.0,0.0,0.0,0.0,0.0,0.0,0.0,0.0,0.0,0.0,0.0,0.0,0.0,0.0,0.0,0.0,0.0,0.0,0.0,0.0,0.0,0.0,0.0,0.0,0.0,0.0,0.0,0.0,0.0,0.0,0.0,0.0,0.0,0.0,0.0,0.0,0.0,0.0,0.0,0.0,0.0,0.0,0.0,0.0,0.0,0.0,0.0,0.0,0.0,67940.515625,33666.11328125,0.0,0.0,0.0,0.0,0.0,0.0,0.0,0.0,WA
8875517,WA,5306,0.18726152181625366,1,0.0,614114.3125,783604.8125,1,0,230389.765625,0.0,563506.8125,0.0,0.0,0.0,0.0,0.0,-3377.640625,0.0,3377.625,0.0,-2806.625,0.0,2806.625,0.0,0.0,0.0,0.0,0.0,0.0,0.0,0.0,0.0,0.0,0.0,0.0,0.0,0.0,0.0,0.0,0.0,-662.265625,0.0,662.25,0.0,0.0,0.0,0.0,0.0,0.0,0.0,0.0,0.0,0.0,0.0,0.0,0.0,0.0,0.0,0.0,0.0,0.0,0.0,0.0,0.0,0.0,0.0,0.0,0.0,0.0,0.0,0.0,0.0,0.0,0.0,0.0,0.0,0.0,0.0,0.0,0.0,0.0,0.0,0.0,0.0,0.0,0.0,0.0,0.0,0.0,0.0,0.0,0.0,0.0,0.0,0.0,0.0,0.0,0.0,0.0,0.0,223543.234375,0.0,570353.3125,0.0,-6846.53125,0.0,6846.5,0.0,-2.971716747671829,0.0,1.2149808406829834,0.0,WA
8875518,WA,5306,0.09327972680330276,2,0.0,659067.21875,703868.3125,1,1,195299.75,0.0,502210.5,0.0,0.0,0.0,0.0,0.0,-10175.65625,0.0,10175.625,0.0,0.0,0.0,0.0,0.0,0.0,0.0,0.0,0.0,0.0,0.0,0.0,0.0,0.0,0.0,0.0,0.0,0.0,0.0,0.0,0.0,-83.6875,0.0,83.6875,0.0,-15869.515625,0.0,15869.5625,0.0,0.0,0.0,0.0,0.0,0.0,0.0,0.0,0.0,-700.0,0.0,700.0,0.0,0.0,0.0,0.0,0.0,0.0,0.0,0.0,0.0,0.0,0.0,0.0,0.0,0.0,0.0,0.0,0.0,0.0,0.0,0.0,0.0,0.0,0.0,0.0,0.0,0.0,0.0,0.0,0.0,0.0,0.0,0.0,0.0,0.0,0.0,0.0,0.0,0.0,0.0,0.0,0.0,168470.890625,0.0,529039.375,0.0,-26828.859375,0.0,26828.875,0.0,-13.73727276916637,0.0,5.342157363891602,0.0,WA
8875519,WA,5306,0.1467614322900772,2,0.0,277172.40625,776628.375,2,0,230378.328125,0.0,549927.0625,0.0,0.0,0.0,0.0,0.0,-17182.171875,0.0,17182.1875,0.0,0.0,0.0,0.0,0.0,0.0,0.0,0.0,0.0,0.0,0.0,0.0,0.0,0.0,0.0,0.0,0.0,0.0,0.0,0.0,0.0,-1400.0,0.0,1400.0,0.0,-14847.859375,0.0,14847.875,0.0,0.0,0.0,0.0,0.0,0.0,0.0,0.0,0.0,0.0,0.0,0.0,0.0,0.0,0.0,0.0,0.0,0.0,0.0,0.0,0.0,0.0,0.0,0.0,0.0,0.0,0.0,0.0,0.0,0.0,0.0,0.0,0.0,0.0,0.0,0.0,0.0,0.0,0.0,0.0,0.0,0.0,0.0,0.0,0.0,0.0,0.0,0.0,0.0,0.0,0.0,0.0,0.0,196948.296875,0.0,583357.125,0.0,-33430.03125,0.0,33430.0625,0.0,-14.510927100686894,0.0,6.0789995193481445,0.0,WA
8875520,WA,5306,0.2055235356092453,3,1.0,0.0,73294.6171875,3,0,3771.4921875,0.0,132361.5625,51401.640625,0.0,0.0,0.0,51401.640625,-278.29833984375,0.0,278.3125,0.0,-1728.86572265625,0.0,1728.859375,0.0,1764.86572265625,0.0,-1764.859375,0.0,0.0,0.0,0.0,0.0,-500.0,0.0,500.0,0.0,0.0,0.0,0.0,0.0,0.0,0.0,0.0,0.0,0.0,0.0,0.0,0.0,0.0,0.0,0.0,0.0,0.0,0.0,0.0,0.0,0.0,0.0,0.0,0.0,0.0,0.0,0.0,0.0,0.0,0.0,0.0,0.0,0.0,0.0,0.0,0.0,0.0,0.0,0.0,0.0,0.0,0.0,0.0,0.0,-1374.86572265625,0.0,1374.859375,0.0,0.0,0.0,0.0,0.0,0.0,0.0,0.0,0.0,0.0,0.0,0.0,0.0,0.0,0.0,0.0,0.0,1654.328125,0.0,134478.734375,51401.640625,-2117.1640625,0.0,2117.171875,0.0,-56.13597900366856,0.0,1.5995368957519531,0.0,WA
8875521,WA,5306,42.70512771606445,4,3.0,0.0,3.3090808391571045,4,0,0.0,0.0,23510.13671875,3782.0,19723.271728515625,0.0,0.0,23505.271728515625,0.0,0.0,0.0,0.0,0.0,0.0,0.0,0.0,0.0,0.0,0.0,0.0,0.0,0.0,0.0,0.0,0.0,0.0,0.0,0.0,0.0,0.0,0.0,0.0,0.0,0.0,0.0,0.0,0.0,0.0,0.0,0.0,0.0,0.0,0.0,0.0,0.0,0.0,0.0,0.0,0.0,0.0,0.0,0.0,0.0,0.0,0.0,0.0,0.0,0.0,0.0,0.0,0.0,0.0,0.0,0.0,0.0,0.0,0.0,0.0,0.0,0.0,0.0,0.0,0.0,0.0,0.0,0.0,0.0,0.0,0.0,0.0,0.0,0.0,0.0,0.0,0.0,0.0,0.0,0.0,0.0,0.0,0.0,0.0,0.0,0.0,23510.13671875,23505.271728515625,0.0,0.0,0.0,0.0,0.0,0.0,0.0,0.0,WA
8875522,WA,5306,0.4952188730239868,5,2.0,245311.380859375,240534.44140625,5,0,24482.96875,0.0,214820.21875,0.0,0.0,2490.86767578125,0.0,2490.86767578125,-1931.6162109375,0.0,1931.625,0.0,-936.0,0.0,936.0,0.0,3216.681640625,0.0,-3216.6875,0.0,0.0,0.0,0.0,0.0,-2700.0,0.0,2700.0,0.0,0.0,0.0,0.0,0.0,-200.6513671875,0.0,200.65625,0.0,0.0,0.0,0.0,0.0,0.0,0.0,0.0,0.0,0.0,0.0,0.0,0.0,0.0,0.0,0.0,0.0,0.0,0.0,0.0,0.0,0.0,0.0,0.0,0.0,0.0,0.0,0.0,0.0,0.0,0.0,0.0,0.0,0.0,0.0,0.0,0.0,0.0,0.0,0.0,0.0,-389.5458984375,0.0,389.546875,0.0,0.0,0.0,0.0,0.0,0.0,0.0,0.0,0.0,0.0,0.0,0.0,0.0,21541.8369140625,0.0,217761.359375,2490.86767578125,-2941.1318359375,0.0,2941.140625,0.0,-12.012970591801698,0.0,1.369117259979248,0.0,WA
8875523,WA,5306,0.14725954830646515,4,1.0,131769.830078125,131769.830078125,4,0,11897.3798828125,0.0,127815.3046875,0.0,8792.986328125,0.0,0.0,8792.986328125,-1903.4755859375,0.0,1903.4765625,0.0,-1872.0,0.0,1872.0,0.0,1908.0,0.0,-1908.0,0.0,0.0,0.0,0.0,0.0,-500.0,0.0,500.0,0.0,0.0,0.0,0.0,0.0,0.0,0.0,0.0,0.0,0.0,0.0,0.0,0.0,0.0,0.0,0.0,0.0,0.0,0.0,0.0,0.0,-66.40234375,0.0,66.40625,0.0,0.0,0.0,0.0,0.0,0.0,0.0,0.0,0.0,0.0,0.0,0.0,0.0,0.0,0.0,0.0,0.0,0.0,0.0,0.0,0.0,0.0,0.0,0.0,0.0,0.0,0.0,0.0,0.0,0.0,0.0,0.0,0.0,0.0,0.0,0.0,0.0,0.0,0.0,0.0,0.0,9463.501953125,0.0,130249.1875,8792.986328125,-2433.8779296875,0.0,2433.8828125,0.0,-20.457259948500017,0.0,1.9042186737060547,0.0,WA
8875524,WA,5306,71.36238098144531,1,0.0,0.0,1047.620849609375,1,0,0.0,0.0,100166.65625,49596.69921875,0.0,0.0,0.0,49596.69921875,0.0,0.0,0.0,0.0,0.0,0.0,0.0,0.0,0.0,0.0,0.0,0.0,0.0,0.0,0.0,0.0,0.0,0.0,0.0,0.0,0.0,0.0,0.0,0.0,0.0,0.0,0.0,0.0,0.0,0.0,0.0,0.0,0.0,0.0,0.0,0.0,0.0,0.0,0.0,0.0,0.0,0.0,0.0,0.0,0.0,0.0,0.0,0.0,0.0,0.0,0.0,0.0,0.0,0.0,0.0,0.0,0.0,0.0,0.0,0.0,0.0,0.0,0.0,0.0,0.0,0.0,0.0,0.0,0.0,0.0,0.0,0.0,0.0,0.0,0.0,0.0,0.0,0.0,0.0,0.0,0.0,0.0,0.0,0.0,0.0,0.0,100166.65625,49596.69921875,0.0,0.0,0.0,0.0,0.0,0.0,0.0,0.0,WA
8875525,WA,5306,0.1326397955417633,4,2.0,632777.75,632778.5625,4,0,164904.1875,0.0,449742.96875,0.0,0.0,0.0,0.0,0.0,0.0,0.0,0.0,0.0,0.0,0.0,0.0,0.0,0.0,0.0,0.0,0.0,0.0,0.0,0.0,0.0,0.0,0.0,0.0,0.0,0.0,0.0,0.0,0.0,0.0,0.0,0.0,0.0,-25353.765625,0.0,25353.78125,0.0,0.0,0.0,0.0,0.0,0.0,0.0,0.0,0.0,0.0,0.0,0.0,0.0,-2361.765625,0.0,2361.75,0.0,0.0,0.0,0.0,0.0,6718.3125,0.0,-6718.3125,0.0,0.0,0.0,0.0,0.0,0.0,0.0,0.0,0.0,0.0,0.0,0.0,0.0,0.0,0.0,0.0,0.0,0.0,0.0,0.0,0.0,0.0,0.0,0.0,0.0,0.0,0.0,0.0,0.0,143906.96875,0.0,470740.1875,0.0,-20997.21875,0.0,20997.21875,0.0,-12.732980931730435,0.0,4.668715000152588,0.0,WA
8875526,WA,5306,0.09177140891551971,4,2.0,1345256.1640625,1345298.375,4,0,453787.15625,0.0,848424.875,0.0,0.0,0.0,0.0,0.0,-41202.65625,0.0,41202.625,0.0,-5772.0,0.0,5772.0,0.0,0.0,0.0,0.0,0.0,0.0,0.0,0.0,0.0,0.0,0.0,0.0,0.0,0.0,0.0,0.0,0.0,0.0,0.0,0.0,0.0,0.0,0.0,0.0,0.0,0.0,0.0,0.0,0.0,0.0,0.0,0.0,0.0,0.0,0.0,0.0,0.0,0.0,0.0,0.0,0.0,0.0,0.0,0.0,0.0,0.0,0.0,0.0,0.0,0.0,0.0,0.0,0.0,0.0,0.0,0.0,0.0,0.0,0.0,0.0,0.0,0.0,0.0,0.0,0.0,0.0,0.0,0.0,0.0,0.0,0.0,0.0,0.0,0.0,0.0,0.0,0.0,406812.5,0.0,895399.5,0.0,-46974.65625,0.0,46974.625,0.0,-10.351693652634092,0.0,5.536686420440674,0.0,WA
8875527,WA,5306,0.07496394962072372,3,0.0,110221.73046875,110054.484375,1,2,8565.6728515625,0.0,104950.03125,0.0,0.0,11725.9267578125,0.0,11725.9267578125,-999.134521484375,0.0,999.1328125,0.0,-2751.15771484375,0.0,2751.15625,0.0,1851.15771484375,0.0,-1851.15625,0.0,0.0,0.0,0.0,0.0,0.0,0.0,0.0,0.0,0.0,0.0,0.0,0.0,0.0,0.0,0.0,0.0,0.0,0.0,0.0,0.0,0.0,0.0,0.0,0.0,0.0,0.0,0.0,0.0,-80.09130859375,0.0,80.09375,0.0,0.0,0.0,0.0,0.0,0.0,0.0,0.0,0.0,0.0,0.0,0.0,0.0,0.0,0.0,0.0,0.0,0.0,0.0,0.0,0.0,0.0,0.0,0.0,0.0,0.0,0.0,0.0,0.0,0.0,0.0,0.0,0.0,0.0,0.0,0.0,0.0,0.0,0.0,0.0,0.0,6586.447021484375,0.0,106929.2578125,11725.9267578125,-1979.225830078125,0.0,1979.2265625,0.0,-23.10648403665202,0.0,1.8858751058578491,0.0,WA
8875528,WA,5306,0.2787935137748718,3,0.0,133494.890625,133494.890625,3,0,12081.7333984375,0.0,111200.796875,0.0,0.0,0.0,0.0,0.0,-1702.346435546875,0.0,1702.34375,0.0,-2808.0,0.0,2808.0,0.0,1908.0,0.0,-1908.0,0.0,0.0,0.0,0.0,0.0,0.0,0.0,0.0,0.0,0.0,0.0,0.0,0.0,0.0,0.0,0.0,0.0,0.0,0.0,0.0,0.0,0.0,0.0,0.0,0.0,0.0,0.0,0.0,0.0,0.0,0.0,0.0,0.0,0.0,0.0,0.0,0.0,0.0,0.0,0.0,0.0,0.0,0.0,0.0,0.0,0.0,0.0,0.0,0.0,0.0,0.0,0.0,0.0,0.0,0.0,0.0,0.0,-233.4677734375,0.0,233.46875,0.0,0.0,0.0,0.0,0.0,0.0,0.0,0.0,0.0,0.0,0.0,0.0,0.0,9245.919189453125,0.0,114036.609375,0.0,-2835.814208984375,0.0,2835.8125,0.0,-23.471915125615368,0.0,2.550172805786133,0.0,WA
8875529,WA,5306,0.12745301425457,4,1.0,108920.56640625,109213.41576194763,4,0,13490.477355957031,0.0,126548.0625,19358.7421875,12436.414794921875,0.0,0.0,31795.156982421875,-1916.3232421875,0.0,1916.3203125,0.0,-2496.000015258789,0.0,2496.0,0.0,1696.000015258789,0.0,-1696.0,0.0,0.0,0.0,0.0,0.0,0.0,0.0,0.0,0.0,0.0,0.0,0.0,0.0,0.0,0.0,0.0,0.0,0.0,0.0,0.0,0.0,0.0,0.0,0.0,0.0,0.0,0.0,0.0,0.0,0.0,0.0,0.0,0.0,0.0,0.0,0.0,0.0,0.0,0.0,0.0,0.0,0.0,0.0,0.0,0.0,0.0,0.0,0.0,0.0,0.0,0.0,0.0,0.0,0.0,0.0,0.0,0.0,-28.44775390625,0.0,28.453125,0.0,0.0,0.0,0.0,0.0,0.0,0.0,0.0,0.0,0.0,0.0,0.0,0.0,10745.706359863281,0.0,129292.8359375,31795.156982421875,-2744.77099609375,0.0,2744.7734375,0.0,-20.345988682763203,0.0,2.168957233428955,0.0,WA
8875530,WA,5306,0.10108937323093414,5,2.0,116896.09436035156,117723.36779785156,5,0,12575.009399414062,-1015.3218383789062,170778.84375,48083.3515625,16079.84326171875,0.0,0.0,64163.19482421875,-2056.845947265625,0.0,2056.859375,0.0,-2652.0,0.0,2652.0,0.0,1802.0,0.0,-1802.0,0.0,0.0,0.0,0.0,0.0,-43.1224365234375,0.0,43.125,0.0,0.0,0.0,0.0,0.0,0.0,0.0,0.0,0.0,0.0,0.0,0.0,0.0,0.0,0.0,0.0,0.0,0.0,0.0,0.0,0.0,0.0,0.0,0.0,0.0,0.0,0.0,0.0,0.0,0.0,0.0,0.0,0.0,0.0,0.0,0.0,0.0,0.0,0.0,0.0,0.0,0.0,0.0,0.0,0.0,0.0,0.0,0.0,0.0,-65.9287109375,0.0,65.921875,0.0,0.0,0.0,0.0,0.0,0.0,0.0,0.0,0.0,0.0,0.0,0.0,0.0,9559.1123046875,-1015.3218383789062,173794.75,64163.19482421875,-3015.8970947265625,0.0,3015.90625,0.0,-23.98325916851473,0.0,1.7659717798233032,0.0,WA
8875531,WA,5306,0.26029258966445923,3,1.0,0.0,71789.28125,3,0,2844.40771484375,0.0,117491.65625,0.0,0.0,19348.99609375,0.0,19348.99609375,-92.88134765625,0.0,92.875,0.0,-1140.3536376953125,0.0,1140.359375,0.0,1734.2344970703125,0.0,-1734.234375,0.0,0.0,0.0,0.0,0.0,-500.0,0.0,500.0,0.0,0.0,0.0,0.0,0.0,-39.84716796875,0.0,39.84375,0.0,0.0,0.0,0.0,0.0,0.0,0.0,0.0,0.0,0.0,0.0,0.0,0.0,-240.0,0.0,240.0,0.0,0.0,0.0,0.0,0.0,0.0,0.0,0.0,0.0,0.0,0.0,0.0,0.0,0.0,0.0,0.0,0.0,0.0,0.0,0.0,0.0,0.0,0.0,0.0,0.0,-124.516357421875,0.0,124.515625,0.0,0.0,0.0,0.0,0.0,0.0,0.0,-19349.0,-19348.99609375,0.0,0.0,0.0,0.0,2441.043701171875,0.0,98546.015625,0.0,-403.364013671875,0.0,-18945.640625,-19348.99609375,-14.180949220707367,0.0,-16.12509536743164,-100.0,WA
8875532,WA,5306,83.93221282958984,1,0.0,0.0,0.0,0,1,0.0,0.0,31090.267578125,15853.9755859375,0.0,0.0,0.0,15853.9755859375,0.0,0.0,0.0,0.0,0.0,0.0,0.0,0.0,0.0,0.0,0.0,0.0,0.0,0.0,0.0,0.0,0.0,0.0,0.0,0.0,0.0,0.0,0.0,0.0,0.0,0.0,0.0,0.0,0.0,0.0,0.0,0.0,0.0,0.0,0.0,0.0,0.0,0.0,0.0,0.0,0.0,0.0,0.0,0.0,0.0,0.0,0.0,0.0,0.0,0.0,0.0,0.0,0.0,0.0,0.0,0.0,0.0,0.0,0.0,0.0,0.0,0.0,0.0,0.0,0.0,0.0,0.0,0.0,0.0,0.0,0.0,0.0,0.0,0.0,0.0,0.0,0.0,0.0,0.0,0.0,0.0,0.0,0.0,0.0,0.0,0.0,31090.267578125,15853.9755859375,0.0,0.0,0.0,0.0,0.0,0.0,0.0,0.0,WA
8875533,WA,5306,145.04856872558594,2,0.0,8943.175109863281,13340.173828125,2,0,0.0,0.0,35027.66796875,4785.28466796875,17585.97265625,0.0,0.0,22371.25732421875,0.0,0.0,0.0,0.0,0.0,0.0,0.0,0.0,0.0,0.0,0.0,0.0,0.0,0.0,0.0,0.0,0.0,0.0,0.0,0.0,0.0,0.0,0.0,0.0,0.0,0.0,0.0,0.0,0.0,0.0,0.0,0.0,0.0,0.0,0.0,0.0,0.0,0.0,0.0,0.0,0.0,0.0,0.0,0.0,0.0,0.0,0.0,0.0,0.0,0.0,0.0,0.0,0.0,0.0,0.0,0.0,0.0,0.0,0.0,0.0,0.0,0.0,0.0,0.0,0.0,0.0,0.0,0.0,0.0,0.0,0.0,0.0,0.0,0.0,0.0,0.0,0.0,0.0,0.0,0.0,0.0,0.0,0.0,0.0,0.0,0.0,35027.66796875,22371.25732421875,0.0,0.0,0.0,0.0,0.0,0.0,0.0,0.0,WA
8875534,WA,5306,47.4723014831543,2,0.0,27874.83203125,27875.66015625,0,2,67.5660171508789,0.0,43981.14453125,719.1133422851562,17585.97265625,0.0,0.0,18305.085998535156,0.0,0.0,0.0,0.0,-67.5660171508789,0.0,67.56640625,0.0,0.0,0.0,0.0,0.0,0.0,0.0,0.0,0.0,0.0,0.0,0.0,0.0,0.0,0.0,0.0,0.0,0.0,0.0,0.0,0.0,0.0,0.0,0.0,0.0,0.0,0.0,0.0,0.0,0.0,0.0,0.0,0.0,0.0,0.0,0.0,0.0,0.0,0.0,0.0,0.0,0.0,0.0,0.0,0.0,0.0,0.0,0.0,0.0,0.0,0.0,0.0,0.0,0.0,0.0,0.0,0.0,0.0,0.0,0.0,0.0,0.0,0.0,0.0,0.0,0.0,0.0,0.0,0.0,0.0,0.0,0.0,0.0,0.0,0.0,0.0,0.0,0.0,0.0,44048.7109375,18305.085998535156,-67.5660171508789,0.0,67.56640625,0.0,-100.0,0.0,0.15362584590911865,0.0,WA
8875535,WA,5306,188.15403747558594,2,0.0,27990.976440429688,27990.9765625,1,1,0.0,0.0,57528.4765625,7153.224609375,0.0,17660.041015625,0.0,24813.265625,0.0,0.0,0.0,0.0,0.0,0.0,0.0,0.0,0.0,0.0,0.0,0.0,0.0,0.0,0.0,0.0,0.0,0.0,0.0,0.0,0.0,0.0,0.0,0.0,0.0,0.0,0.0,0.0,0.0,0.0,0.0,0.0,0.0,0.0,0.0,0.0,0.0,0.0,0.0,0.0,0.0,0.0,0.0,0.0,0.0,0.0,0.0,0.0,0.0,0.0,0.0,0.0,0.0,0.0,0.0,0.0,0.0,0.0,0.0,0.0,0.0,0.0,0.0,0.0,0.0,0.0,0.0,0.0,0.0,0.0,0.0,0.0,0.0,0.0,0.0,0.0,0.0,0.0,0.0,0.0,0.0,0.0,0.0,0.0,0.0,0.0,57528.4765625,24813.265625,0.0,0.0,0.0,0.0,0.0,0.0,0.0,0.0,WA
8875536,WA,5306,0.10379134863615036,2,0.0,1743891.1875,1794552.9375,2,0,586137.5625,0.0,1219237.375,0.0,0.0,0.0,0.0,0.0,-18441.578125,0.0,18441.625,0.0,-2886.0,0.0,2886.0,0.0,0.0,0.0,0.0,0.0,0.0,0.0,0.0,0.0,0.0,0.0,0.0,0.0,0.0,0.0,0.0,0.0,0.0,0.0,0.0,0.0,0.0,0.0,0.0,0.0,0.0,0.0,0.0,0.0,0.0,0.0,0.0,0.0,0.0,0.0,0.0,0.0,-2024.53125,0.0,2024.5,0.0,0.0,0.0,0.0,0.0,3536.59375,0.0,-3536.625,0.0,0.0,0.0,0.0,0.0,0.0,0.0,0.0,0.0,0.0,0.0,0.0,0.0,0.0,0.0,0.0,0.0,0.0,0.0,0.0,0.0,0.0,0.0,0.0,0.0,0.0,0.0,0.0,0.0,566322.046875,0.0,1239052.875,0.0,-19815.515625,0.0,19815.5,0.0,-3.3806936959444567,0.0,1.625237226486206,0.0,WA
8875537,WA,5306,332.4826965332031,1,0.0,0.0,0.0,1,0,0.0,0.0,44477.93359375,18070.30859375,26407.625,0.0,0.0,44477.93359375,0.0,0.0,0.0,0.0,0.0,0.0,0.0,0.0,0.0,0.0,0.0,0.0,0.0,0.0,0.0,0.0,0.0,0.0,0.0,0.0,0.0,0.0,0.0,0.0,0.0,0.0,0.0,0.0,0.0,0.0,0.0,0.0,0.0,0.0,0.0,0.0,0.0,0.0,0.0,0.0,0.0,0.0,0.0,0.0,0.0,0.0,0.0,0.0,0.0,0.0,0.0,0.0,0.0,0.0,0.0,0.0,0.0,0.0,0.0,0.0,0.0,0.0,0.0,0.0,0.0,0.0,0.0,0.0,0.0,0.0,0.0,0.0,0.0,0.0,0.0,0.0,0.0,0.0,0.0,0.0,0.0,0.0,0.0,0.0,0.0,0.0,44477.93359375,44477.93359375,0.0,0.0,0.0,0.0,0.0,0.0,0.0,0.0,WA
8875538,WA,5306,109.58988189697266,1,0.0,0.0,0.0,1,0,0.0,0.0,35213.4765625,8805.8505859375,26407.625,0.0,0.0,35213.4755859375,0.0,0.0,0.0,0.0,0.0,0.0,0.0,0.0,0.0,0.0,0.0,0.0,0.0,0.0,0.0,0.0,0.0,0.0,0.0,0.0,0.0,0.0,0.0,0.0,0.0,0.0,0.0,0.0,0.0,0.0,0.0,0.0,0.0,0.0,0.0,0.0,0.0,0.0,0.0,0.0,0.0,0.0,0.0,0.0,0.0,0.0,0.0,0.0,0.0,0.0,0.0,0.0,0.0,0.0,0.0,0.0,0.0,0.0,0.0,0.0,0.0,0.0,0.0,0.0,0.0,0.0,0.0,0.0,0.0,0.0,0.0,0.0,0.0,0.0,0.0,0.0,0.0,0.0,0.0,0.0,0.0,0.0,-26407.625,-26407.625,0.0,0.0,8805.8505859375,8805.8505859375,0.0,0.0,-26407.625,-26407.625,0.0,0.0,-74.99295043945312,-74.99295244388169,WA
8875539,WA,5306,0.10032318532466888,7,1.0,108059.912109375,109809.578125,5,2,-1795.4249877929688,-673.3740844726562,177696.421875,13797.5693359375,21229.401123046875,21538.2412109375,0.0,56565.211669921875,0.0,0.0,0.0,0.0,-2132.771499633789,0.0,2132.78125,0.0,1282.3898468017578,0.0,-1282.390625,0.0,0.0,0.0,0.0,0.0,-922.389892578125,0.0,922.390625,0.0,0.0,0.0,0.0,0.0,0.0,0.0,0.0,0.0,0.0,0.0,0.0,0.0,0.0,0.0,0.0,0.0,0.0,0.0,0.0,0.0,0.0,0.0,0.0,0.0,0.0,0.0,0.0,0.0,0.0,0.0,0.0,0.0,0.0,0.0,0.0,0.0,0.0,0.0,0.0,0.0,0.0,0.0,0.0,0.0,0.0,0.0,0.0,0.0,-56.2052001953125,0.0,56.203125,0.0,0.0,0.0,0.0,0.0,0.0,0.0,-5041.0625,-5041.0615234375,0.0,0.0,0.0,0.0,-3624.4017333984375,-673.3740844726562,174484.34375,51524.150146484375,-1828.9767456054688,0.0,-3212.078125,-5041.0615234375,-101.8687362624792,0.0,-1.8076211214065552,-8.911946715330771,WA
8875540,WA,5306,265.4867858886719,4,2.0,47038.7783203125,12197.6064453125,3,1,0.0,0.0,69318.78125,1003.27294921875,24872.82958984375,0.0,0.0,25876.1025390625,0.0,0.0,0.0,0.0,0.0,0.0,0.0,0.0,0.0,0.0,0.0,0.0,0.0,0.0,0.0,0.0,0.0,0.0,0.0,0.0,0.0,0.0,0.0,0.0,0.0,0.0,0.0,0.0,0.0,0.0,0.0,0.0,0.0,0.0,0.0,0.0,0.0,0.0,0.0,0.0,0.0,0.0,0.0,0.0,0.0,0.0,0.0,0.0,0.0,0.0,0.0,0.0,0.0,0.0,0.0,0.0,0.0,0.0,0.0,0.0,0.0,0.0,0.0,0.0,0.0,0.0,0.0,0.0,0.0,0.0,0.0,0.0,0.0,0.0,0.0,0.0,0.0,0.0,0.0,0.0,0.0,0.0,0.0,0.0,0.0,0.0,69318.78125,25876.1025390625,0.0,0.0,0.0,0.0,0.0,0.0,0.0,0.0,WA
8875541,WA,5306,0.11469150334596634,1,0.0,0.0,419766.1875,1,0,96765.609375,0.0,330680.5,4983.21240234375,0.0,0.0,0.0,4983.21240234375,0.0,0.0,0.0,0.0,0.0,0.0,0.0,0.0,0.0,0.0,0.0,0.0,0.0,0.0,0.0,0.0,0.0,0.0,0.0,0.0,0.0,0.0,0.0,0.0,0.0,0.0,0.0,0.0,-15318.7265625,0.0,15318.75,0.0,0.0,0.0,0.0,0.0,0.0,0.0,0.0,0.0,0.0,0.0,0.0,0.0,0.0,0.0,0.0,0.0,0.0,0.0,0.0,0.0,0.0,0.0,0.0,0.0,0.0,0.0,0.0,0.0,0.0,0.0,0.0,0.0,0.0,0.0,0.0,0.0,0.0,0.0,0.0,0.0,0.0,0.0,0.0,0.0,0.0,0.0,0.0,0.0,0.0,0.0,0.0,0.0,81446.8828125,0.0,345999.25,4983.21240234375,-15318.7265625,0.0,15318.75,0.0,-15.830755018691267,0.0,4.632492542266846,0.0,WA
8875542,WA,5306,0.09395056962966919,2,0.0,551209.8125,622174.765625,2,0,159332.8359375,0.0,499727.625,0.0,0.0,0.0,0.0,0.0,0.0,0.0,0.0,0.0,0.0,0.0,0.0,0.0,0.0,0.0,0.0,0.0,0.0,0.0,0.0,0.0,0.0,0.0,0.0,0.0,0.0,0.0,0.0,0.0,0.0,0.0,0.0,0.0,-15116.5,0.0,15116.5,0.0,0.0,0.0,0.0,0.0,0.0,0.0,0.0,0.0,0.0,0.0,0.0,0.0,0.0,0.0,0.0,0.0,0.0,0.0,0.0,0.0,0.0,0.0,0.0,0.0,0.0,0.0,0.0,0.0,0.0,0.0,0.0,0.0,0.0,0.0,0.0,0.0,0.0,0.0,0.0,0.0,0.0,0.0,0.0,0.0,0.0,0.0,0.0,0.0,0.0,0.0,0.0,0.0,144216.3359375,0.0,514844.125,0.0,-15116.5,0.0,15116.5,0.0,-9.487372713261445,0.0,3.0249478816986084,0.0,WA
8875543,WA,5306,0.1698990762233734,4,0.0,237803.95703125,241344.6796875,4,0,30880.288818359375,0.0,222106.984375,0.0,0.0,0.0,0.0,0.0,-4393.759033203125,0.0,4393.765625,0.0,-5148.000061035156,0.0,5148.0,0.0,3498.0,0.0,-3498.0,0.0,0.0,0.0,0.0,0.0,0.0,0.0,0.0,0.0,0.0,0.0,0.0,0.0,0.0,0.0,0.0,0.0,0.0,0.0,0.0,0.0,0.0,0.0,0.0,0.0,0.0,0.0,0.0,0.0,0.0,0.0,0.0,0.0,0.0,0.0,0.0,0.0,0.0,0.0,0.0,0.0,0.0,0.0,0.0,0.0,0.0,0.0,0.0,0.0,-2093.541015625,0.0,2093.53125,0.0,0.0,0.0,0.0,0.0,0.0,0.0,0.0,0.0,0.0,0.0,0.0,0.0,0.0,0.0,0.0,0.0,0.0,0.0,0.0,0.0,22742.988708496094,0.0,230244.28125,0.0,-8137.300109863281,0.0,8137.296875,0.0,-26.35111399937873,0.0,3.6636834144592285,0.0,WA
8875544,WA,5306,74.01971435546875,3,1.0,0.0,297.8172912597656,3,0,0.0,0.0,87291.5234375,38740.06640625,3643.428466796875,7063.2685546875,0.0,49446.763427734375,0.0,0.0,0.0,0.0,0.0,0.0,0.0,0.0,0.0,0.0,0.0,0.0,0.0,0.0,0.0,0.0,0.0,0.0,0.0,0.0,0.0,0.0,0.0,0.0,0.0,0.0,0.0,0.0,0.0,0.0,0.0,0.0,0.0,0.0,0.0,0.0,0.0,0.0,0.0,0.0,0.0,0.0,0.0,0.0,0.0,0.0,0.0,0.0,0.0,0.0,0.0,0.0,0.0,0.0,0.0,0.0,0.0,0.0,0.0,0.0,0.0,0.0,0.0,0.0,0.0,0.0,0.0,0.0,0.0,0.0,0.0,0.0,0.0,0.0,0.0,0.0,0.0,0.0,0.0,0.0,0.0,0.0,0.0,0.0,0.0,0.0,87291.5234375,49446.763427734375,0.0,0.0,0.0,0.0,0.0,0.0,0.0,0.0,WA
8875545,WA,5306,130.27972412109375,1,0.0,0.0,41.36351013183594,1,0,0.0,0.0,66608.296875,33273.734375,0.0,0.0,0.0,33273.734375,0.0,0.0,0.0,0.0,0.0,0.0,0.0,0.0,0.0,0.0,0.0,0.0,0.0,0.0,0.0,0.0,0.0,0.0,0.0,0.0,0.0,0.0,0.0,0.0,0.0,0.0,0.0,0.0,0.0,0.0,0.0,0.0,0.0,0.0,0.0,0.0,0.0,0.0,0.0,0.0,0.0,0.0,0.0,0.0,0.0,0.0,0.0,0.0,0.0,0.0,0.0,0.0,0.0,0.0,0.0,0.0,0.0,0.0,0.0,0.0,0.0,0.0,0.0,0.0,0.0,0.0,0.0,0.0,0.0,0.0,0.0,0.0,0.0,0.0,0.0,0.0,0.0,0.0,0.0,0.0,0.0,0.0,0.0,0.0,0.0,0.0,66608.296875,33273.734375,0.0,0.0,0.0,0.0,0.0,0.0,0.0,0.0,WA
8875546,WA,5306,208.34014892578125,3,2.0,0.0,0.0,2,1,0.0,0.0,41882.046875,25802.201171875,16079.84326171875,0.0,0.0,41882.04443359375,0.0,0.0,0.0,0.0,0.0,0.0,0.0,0.0,0.0,0.0,0.0,0.0,0.0,0.0,0.0,0.0,0.0,0.0,0.0,0.0,0.0,0.0,0.0,0.0,0.0,0.0,0.0,0.0,0.0,0.0,0.0,0.0,0.0,0.0,0.0,0.0,0.0,0.0,0.0,0.0,0.0,0.0,0.0,0.0,0.0,0.0,0.0,0.0,0.0,0.0,0.0,0.0,0.0,0.0,0.0,0.0,0.0,0.0,0.0,0.0,0.0,0.0,0.0,0.0,0.0,0.0,0.0,0.0,0.0,0.0,0.0,0.0,0.0,0.0,0.0,0.0,0.0,0.0,0.0,0.0,0.0,0.0,0.0,0.0,0.0,0.0,41882.046875,41882.04443359375,0.0,0.0,0.0,0.0,0.0,0.0,0.0,0.0,WA
8875547,WA,5306,43.11357498168945,4,2.0,0.0,-10857.7998046875,4,0,0.0,0.0,53567.3359375,20039.70703125,16079.84326171875,0.0,0.0,36119.55029296875,0.0,0.0,0.0,0.0,0.0,0.0,0.0,0.0,0.0,0.0,0.0,0.0,0.0,0.0,0.0,0.0,0.0,0.0,0.0,0.0,0.0,0.0,0.0,0.0,0.0,0.0,0.0,0.0,0.0,0.0,0.0,0.0,0.0,0.0,0.0,0.0,0.0,0.0,0.0,0.0,0.0,0.0,0.0,0.0,0.0,0.0,0.0,0.0,0.0,0.0,0.0,0.0,0.0,0.0,0.0,0.0,0.0,0.0,0.0,0.0,0.0,0.0,0.0,0.0,0.0,0.0,0.0,0.0,0.0,0.0,0.0,0.0,0.0,0.0,0.0,0.0,0.0,0.0,0.0,0.0,0.0,0.0,0.0,0.0,0.0,0.0,53567.3359375,36119.55029296875,0.0,0.0,0.0,0.0,0.0,0.0,0.0,0.0,WA
8875548,WA,5306,0.14250990748405457,1,0.0,169882.953125,170093.90625,1,0,34698.79296875,0.0,126833.078125,0.0,0.0,0.0,0.0,0.0,-4542.255859375,0.0,4542.265625,0.0,-1872.0,0.0,1872.0,0.0,1272.0,0.0,-1272.0,0.0,0.0,0.0,0.0,0.0,0.0,0.0,0.0,0.0,0.0,0.0,0.0,0.0,0.0,0.0,0.0,0.0,0.0,0.0,0.0,0.0,0.0,0.0,0.0,0.0,0.0,0.0,0.0,0.0,0.0,0.0,0.0,0.0,0.0,0.0,0.0,0.0,0.0,0.0,0.0,0.0,0.0,0.0,0.0,0.0,0.0,0.0,0.0,0.0,0.0,0.0,0.0,0.0,0.0,0.0,0.0,0.0,0.0,0.0,0.0,0.0,0.0,0.0,0.0,0.0,0.0,0.0,0.0,0.0,0.0,0.0,0.0,0.0,29556.537109375,0.0,131975.34375,0.0,-5142.255859375,0.0,5142.265625,0.0,-14.819696650561173,0.0,4.054356575012207,0.0,WA
8875549,WA,5306,121.02790069580078,2,0.0,0.0,2167.371337890625,2,0,0.0,0.0,108737.5,53285.0625,0.0,0.0,0.0,53285.0625,0.0,0.0,0.0,0.0,0.0,0.0,0.0,0.0,0.0,0.0,0.0,0.0,0.0,0.0,0.0,0.0,0.0,0.0,0.0,0.0,0.0,0.0,0.0,0.0,0.0,0.0,0.0,0.0,0.0,0.0,0.0,0.0,0.0,0.0,0.0,0.0,0.0,0.0,0.0,0.0,0.0,0.0,0.0,0.0,0.0,0.0,0.0,0.0,0.0,0.0,0.0,0.0,0.0,0.0,0.0,0.0,0.0,0.0,0.0,0.0,0.0,0.0,0.0,0.0,0.0,0.0,0.0,0.0,0.0,0.0,0.0,0.0,0.0,0.0,0.0,0.0,0.0,0.0,0.0,0.0,0.0,0.0,0.0,0.0,0.0,0.0,108737.5,53285.0625,0.0,0.0,0.0,0.0,0.0,0.0,0.0,0.0,WA
8875550,WA,5306,354.076904296875,1,0.0,0.0,0.0,1,0,0.0,0.0,70047.984375,28135.947265625,0.0,18369.298828125,0.0,46505.24609375,0.0,0.0,0.0,0.0,0.0,0.0,0.0,0.0,0.0,0.0,0.0,0.0,0.0,0.0,0.0,0.0,0.0,0.0,0.0,0.0,0.0,0.0,0.0,0.0,0.0,0.0,0.0,0.0,0.0,0.0,0.0,0.0,0.0,0.0,0.0,0.0,0.0,0.0,0.0,0.0,0.0,0.0,0.0,0.0,0.0,0.0,0.0,0.0,0.0,0.0,0.0,0.0,0.0,0.0,0.0,0.0,0.0,0.0,0.0,0.0,0.0,0.0,0.0,0.0,0.0,0.0,0.0,0.0,0.0,0.0,0.0,0.0,0.0,0.0,0.0,0.0,0.0,0.0,0.0,0.0,0.0,0.0,0.0,0.0,0.0,0.0,70047.984375,46505.24609375,0.0,0.0,0.0,0.0,0.0,0.0,0.0,0.0,WA
8875551,WA,5306,0.2043847292661667,5,3.0,380353.5,421099.0,5,0,109786.2578125,0.0,341407.78125,40580.046875,0.0,0.0,0.0,40580.046875,0.0,0.0,0.0,0.0,0.0,0.0,0.0,0.0,-0.0234375,0.0,0.03125,0.0,0.0,0.0,0.0,0.0,-5500.0,0.0,5500.0,0.0,0.0,0.0,0.0,0.0,0.0,0.0,0.0,0.0,-32063.703125,0.0,32063.6875,0.0,0.0,0.0,0.0,0.0,0.0,0.0,0.0,0.0,0.0,0.0,0.0,0.0,-95.390625,0.0,95.40625,0.0,0.0,0.0,0.0,0.0,0.0,0.0,0.0,0.0,0.0,0.0,0.0,0.0,0.0,0.0,0.0,0.0,0.0,0.0,0.0,0.0,0.0,0.0,0.0,0.0,0.0,0.0,0.0,0.0,0.0,0.0,0.0,0.0,0.0,0.0,0.0,0.0,72127.140625,0.0,379066.90625,40580.046875,-37659.1171875,0.0,37659.125,0.0,-34.30221408203625,0.0,11.030540466308594,0.0,WA
8875552,WA,5306,193.29969787597656,2,0.0,0.0,-5388.0810546875,2,0,0.0,0.0,75915.875,33705.2890625,8792.986328125,0.0,0.0,42498.275390625,0.0,0.0,0.0,0.0,0.0,0.0,0.0,0.0,0.0,0.0,0.0,0.0,0.0,0.0,0.0,0.0,0.0,0.0,0.0,0.0,0.0,0.0,0.0,0.0,0.0,0.0,0.0,0.0,0.0,0.0,0.0,0.0,0.0,0.0,0.0,0.0,0.0,0.0,0.0,0.0,0.0,0.0,0.0,0.0,0.0,0.0,0.0,0.0,0.0,0.0,0.0,0.0,0.0,0.0,0.0,0.0,0.0,0.0,0.0,0.0,0.0,0.0,0.0,0.0,0.0,0.0,0.0,0.0,0.0,0.0,0.0,0.0,0.0,0.0,0.0,0.0,0.0,0.0,0.0,0.0,0.0,0.0,0.0,0.0,0.0,0.0,75915.875,42498.275390625,0.0,0.0,0.0,0.0,0.0,0.0,0.0,0.0,WA
8875553,WA,5306,263.6998596191406,1,0.0,0.0,0.0,1,0,0.0,0.0,39747.984375,13340.357421875,26407.625,0.0,0.0,39747.982421875,0.0,0.0,0.0,0.0,0.0,0.0,0.0,0.0,0.0,0.0,0.0,0.0,0.0,0.0,0.0,0.0,0.0,0.0,0.0,0.0,0.0,0.0,0.0,0.0,0.0,0.0,0.0,0.0,0.0,0.0,0.0,0.0,0.0,0.0,0.0,0.0,0.0,0.0,0.0,0.0,0.0,0.0,0.0,0.0,0.0,0.0,0.0,0.0,0.0,0.0,0.0,0.0,0.0,0.0,0.0,0.0,0.0,0.0,0.0,0.0,0.0,0.0,0.0,0.0,0.0,0.0,0.0,0.0,0.0,0.0,0.0,0.0,0.0,0.0,0.0,0.0,0.0,0.0,0.0,0.0,0.0,0.0,0.0,0.0,0.0,0.0,39747.984375,39747.982421875,0.0,0.0,0.0,0.0,0.0,0.0,0.0,0.0,WA
8875554,WA,5306,120.20223999023438,1,0.0,0.0,165.45404052734375,1,0,0.0,0.0,54679.2890625,27361.830078125,0.0,0.0,0.0,27361.830078125,0.0,0.0,0.0,0.0,0.0,0.0,0.0,0.0,0.0,0.0,0.0,0.0,0.0,0.0,0.0,0.0,0.0,0.0,0.0,0.0,0.0,0.0,0.0,0.0,0.0,0.0,0.0,0.0,0.0,0.0,0.0,0.0,0.0,0.0,0.0,0.0,0.0,0.0,0.0,0.0,0.0,0.0,0.0,0.0,0.0,0.0,0.0,0.0,0.0,0.0,0.0,0.0,0.0,0.0,0.0,0.0,0.0,0.0,0.0,0.0,0.0,0.0,0.0,0.0,0.0,0.0,0.0,0.0,0.0,0.0,0.0,0.0,0.0,0.0,0.0,0.0,0.0,0.0,0.0,0.0,0.0,0.0,0.0,0.0,0.0,0.0,54679.2890625,27361.830078125,0.0,0.0,0.0,0.0,0.0,0.0,0.0,0.0,WA
8875555,WA,5306,0.1296323984861374,1,0.0,464580.53125,541919.875,1,0,146980.296875,0.0,418608.0,0.0,0.0,0.0,0.0,0.0,368.671875,0.0,-368.6875,0.0,0.0,0.0,0.0,0.0,0.0,0.0,0.0,0.0,0.0,0.0,0.0,0.0,0.0,0.0,0.0,0.0,0.0,0.0,0.0,0.0,0.0,0.0,0.0,0.0,0.0,0.0,0.0,0.0,0.0,0.0,0.0,0.0,0.0,0.0,0.0,0.0,0.0,0.0,0.0,0.0,-2121.734375,0.0,2121.75,0.0,0.0,0.0,0.0,0.0,4158.375,0.0,-4158.375,0.0,0.0,0.0,0.0,0.0,0.0,0.0,0.0,0.0,0.0,0.0,0.0,0.0,0.0,0.0,0.0,0.0,0.0,0.0,0.0,0.0,0.0,0.0,0.0,0.0,0.0,0.0,0.0,0.0,149385.609375,0.0,416202.6875,0.0,2405.3125,0.0,-2405.3125,0.0,1.636486353028398,0.0,-0.5745978355407715,0.0,WA
8875556,WA,5306,169.29576110839844,1,0.0,0.0,806.3076171875,1,0,0.0,0.0,51575.5234375,24981.3984375,0.0,0.0,0.0,24981.3984375,0.0,0.0,0.0,0.0,0.0,0.0,0.0,0.0,0.0,0.0,0.0,0.0,0.0,0.0,0.0,0.0,0.0,0.0,0.0,0.0,0.0,0.0,0.0,0.0,0.0,0.0,0.0,0.0,0.0,0.0,0.0,0.0,0.0,0.0,0.0,0.0,0.0,0.0,0.0,0.0,0.0,0.0,0.0,0.0,0.0,0.0,0.0,0.0,0.0,0.0,0.0,0.0,0.0,0.0,0.0,0.0,0.0,0.0,0.0,0.0,0.0,0.0,0.0,0.0,0.0,0.0,0.0,0.0,0.0,0.0,0.0,0.0,0.0,0.0,0.0,0.0,0.0,0.0,0.0,0.0,0.0,0.0,0.0,0.0,0.0,0.0,51575.5234375,24981.3984375,0.0,0.0,0.0,0.0,0.0,0.0,0.0,0.0,WA
8875557,WA,5306,70.48046112060547,1,0.0,0.0,19.85448455810547,1,0,0.0,0.0,65948.859375,32959.83203125,0.0,0.0,0.0,32959.83203125,0.0,0.0,0.0,0.0,0.0,0.0,0.0,0.0,0.0,0.0,0.0,0.0,0.0,0.0,0.0,0.0,0.0,0.0,0.0,0.0,0.0,0.0,0.0,0.0,0.0,0.0,0.0,0.0,0.0,0.0,0.0,0.0,0.0,0.0,0.0,0.0,0.0,0.0,0.0,0.0,0.0,0.0,0.0,0.0,0.0,0.0,0.0,0.0,0.0,0.0,0.0,0.0,0.0,0.0,0.0,0.0,0.0,0.0,0.0,0.0,0.0,0.0,0.0,0.0,0.0,0.0,0.0,0.0,0.0,0.0,0.0,0.0,0.0,0.0,0.0,0.0,0.0,0.0,0.0,0.0,0.0,0.0,0.0,0.0,0.0,0.0,65948.859375,32959.83203125,0.0,0.0,0.0,0.0,0.0,0.0,0.0,0.0,WA
8875558,WA,5306,92.53069305419922,1,0.0,0.0,0.0,1,0,0.0,0.0,93277.1953125,46638.59765625,0.0,0.0,0.0,46638.59765625,0.0,0.0,0.0,0.0,0.0,0.0,0.0,0.0,0.0,0.0,0.0,0.0,0.0,0.0,0.0,0.0,0.0,0.0,0.0,0.0,0.0,0.0,0.0,0.0,0.0,0.0,0.0,0.0,0.0,0.0,0.0,0.0,0.0,0.0,0.0,0.0,0.0,0.0,0.0,0.0,0.0,0.0,0.0,0.0,0.0,0.0,0.0,0.0,0.0,0.0,0.0,0.0,0.0,0.0,0.0,0.0,0.0,0.0,0.0,0.0,0.0,0.0,0.0,0.0,0.0,0.0,0.0,0.0,0.0,0.0,0.0,0.0,0.0,0.0,0.0,0.0,0.0,0.0,0.0,0.0,0.0,0.0,0.0,0.0,0.0,0.0,93277.1953125,46638.59765625,0.0,0.0,0.0,0.0,0.0,0.0,0.0,0.0,WA
8875559,WA,5306,0.16355229914188385,1,0.0,86279.859375,88678.9453125,1,0,13232.236328125,0.0,89387.484375,0.0,0.0,0.0,0.0,0.0,-2002.8681640625,0.0,2002.875,0.0,-1716.0,0.0,1716.0,0.0,1166.0,0.0,-1166.0,0.0,0.0,0.0,0.0,0.0,0.0,0.0,0.0,0.0,0.0,0.0,0.0,0.0,0.0,0.0,0.0,0.0,0.0,0.0,0.0,0.0,0.0,0.0,0.0,0.0,0.0,0.0,0.0,0.0,0.0,0.0,0.0,0.0,0.0,0.0,0.0,0.0,0.0,0.0,0.0,0.0,0.0,0.0,0.0,0.0,0.0,0.0,0.0,0.0,0.0,0.0,0.0,0.0,0.0,0.0,0.0,0.0,0.0,0.0,0.0,0.0,0.0,0.0,0.0,0.0,0.0,0.0,0.0,0.0,0.0,0.0,0.0,0.0,10679.3681640625,0.0,91940.359375,0.0,-2552.8681640625,0.0,2552.875,0.0,-19.292794511509754,0.0,2.8559646606445312,0.0,WA
8875560,WA,5306,0.11249526590108871,4,2.0,299053.75,380550.25,4,0,86178.0625,0.0,350800.8125,0.0,0.0,0.0,0.0,0.0,0.0,0.0,0.0,0.0,0.0,0.0,0.0,0.0,0.0,0.0,0.0,0.0,0.0,0.0,0.0,0.0,-4400.0,0.0,4400.0,0.0,0.0,0.0,0.0,0.0,-2100.0,0.0,2100.0,0.0,-15067.3359375,0.0,15067.34375,0.0,0.0,0.0,0.0,0.0,0.0,0.0,0.0,0.0,0.0,0.0,0.0,0.0,0.0,0.0,0.0,0.0,0.0,0.0,0.0,0.0,0.0,0.0,0.0,0.0,0.0,0.0,0.0,0.0,0.0,0.0,0.0,0.0,0.0,0.0,0.0,0.0,0.0,0.0,0.0,0.0,0.0,0.0,0.0,0.0,0.0,0.0,0.0,0.0,0.0,0.0,0.0,0.0,64610.7265625,0.0,372368.15625,0.0,-21567.3359375,0.0,21567.34375,0.0,-25.026480419538327,0.0,6.148031234741211,0.0,WA
8875561,WA,5306,63.3676872253418,1,0.0,0.0,0.0,1,0,0.0,0.0,77691.03125,38845.515625,0.0,0.0,0.0,38845.515625,0.0,0.0,0.0,0.0,0.0,0.0,0.0,0.0,0.0,0.0,0.0,0.0,0.0,0.0,0.0,0.0,0.0,0.0,0.0,0.0,0.0,0.0,0.0,0.0,0.0,0.0,0.0,0.0,0.0,0.0,0.0,0.0,0.0,0.0,0.0,0.0,0.0,0.0,0.0,0.0,0.0,0.0,0.0,0.0,0.0,0.0,0.0,0.0,0.0,0.0,0.0,0.0,0.0,0.0,0.0,0.0,0.0,0.0,0.0,0.0,0.0,0.0,0.0,0.0,0.0,0.0,0.0,0.0,0.0,0.0,0.0,0.0,0.0,0.0,0.0,0.0,0.0,0.0,0.0,0.0,0.0,0.0,0.0,0.0,0.0,0.0,77691.03125,38845.515625,0.0,0.0,0.0,0.0,0.0,0.0,0.0,0.0,WA
8875562,WA,5306,0.13326701521873474,3,1.0,483006.390625,483055.875,3,0,129774.8359375,0.0,383993.6875,0.0,0.0,0.0,0.0,0.0,0.0,0.0,0.0,0.0,0.0,0.0,0.0,0.0,0.0,0.0,0.0,0.0,0.0,0.0,0.0,0.0,0.0,0.0,0.0,0.0,0.0,0.0,0.0,0.0,0.0,0.0,0.0,0.0,-33190.59375,0.0,33190.625,0.0,0.0,0.0,0.0,0.0,0.0,0.0,0.0,0.0,-640.0,0.0,640.0,0.0,0.0,0.0,0.0,0.0,0.0,0.0,0.0,0.0,0.0,0.0,0.0,0.0,0.0,0.0,0.0,0.0,0.0,0.0,0.0,0.0,0.0,0.0,0.0,0.0,0.0,0.0,0.0,0.0,0.0,0.0,0.0,0.0,0.0,0.0,0.0,0.0,0.0,0.0,0.0,0.0,95944.2421875,0.0,417824.3125,0.0,-33830.59375,0.0,33830.625,0.0,-26.06868543166021,0.0,8.810203552246094,0.0,WA
8875563,WA,5306,0.09488659352064133,1,0.0,135700.484375,540027.0625,1,0,135722.40625,0.0,398808.3125,0.0,0.0,0.0,0.0,0.0,0.0,0.0,0.0,0.0,0.0,0.0,0.0,0.0,0.0,0.0,0.0,0.0,0.0,0.0,0.0,0.0,0.0,0.0,0.0,0.0,0.0,0.0,0.0,0.0,0.0,0.0,0.0,0.0,-6851.796875,0.0,6851.78125,0.0,0.0,0.0,0.0,0.0,0.0,0.0,0.0,0.0,0.0,0.0,0.0,0.0,0.0,0.0,0.0,0.0,0.0,0.0,0.0,0.0,0.0,0.0,0.0,0.0,0.0,0.0,0.0,0.0,0.0,0.0,0.0,0.0,0.0,0.0,0.0,0.0,0.0,0.0,0.0,0.0,0.0,0.0,0.0,0.0,0.0,0.0,0.0,0.0,0.0,0.0,0.0,0.0,128870.609375,0.0,405660.09375,0.0,-6851.796875,0.0,6851.78125,0.0,-5.048390361116222,0.0,1.7180638313293457,0.0,WA
8875564,WA,5306,0.13071775436401367,2,0.0,82920.8515625,554298.625,2,0,145323.96875,0.0,440306.46875,24850.666015625,0.0,0.0,0.0,24850.666015625,0.0,0.0,0.0,0.0,0.0,0.0,0.0,0.0,0.0,0.0,0.0,0.0,0.0,0.0,0.0,0.0,0.0,0.0,0.0,0.0,0.0,0.0,0.0,0.0,0.0,0.0,0.0,0.0,-35009.3203125,0.0,35009.3125,0.0,0.0,0.0,0.0,0.0,0.0,0.0,0.0,0.0,0.0,0.0,0.0,0.0,0.0,0.0,0.0,0.0,0.0,0.0,0.0,0.0,0.0,0.0,0.0,0.0,0.0,0.0,0.0,0.0,0.0,0.0,0.0,0.0,0.0,0.0,0.0,0.0,0.0,0.0,0.0,0.0,0.0,0.0,0.0,0.0,0.0,0.0,0.0,0.0,0.0,0.0,0.0,0.0,110314.6484375,0.0,475315.78125,24850.666015625,-35009.3203125,0.0,35009.3125,0.0,-24.09053414493953,0.0,7.95112419128418,0.0,WA
8875565,WA,5306,0.12146013230085373,1,0.0,0.0,82242.609375,1,0,11110.65234375,0.0,121098.828125,32698.244140625,0.0,0.0,0.0,32698.244140625,-1748.2783203125,0.0,1748.28125,0.0,-1716.0,0.0,1716.0,0.0,1166.0,0.0,-1166.0,0.0,0.0,0.0,0.0,0.0,0.0,0.0,0.0,0.0,0.0,0.0,0.0,0.0,0.0,0.0,0.0,0.0,0.0,0.0,0.0,0.0,0.0,0.0,0.0,0.0,0.0,0.0,0.0,0.0,0.0,0.0,0.0,0.0,0.0,0.0,0.0,0.0,0.0,0.0,0.0,0.0,0.0,0.0,0.0,0.0,0.0,0.0,0.0,0.0,0.0,0.0,0.0,0.0,-1224.39794921875,0.0,1224.3984375,0.0,0.0,0.0,0.0,0.0,0.0,0.0,0.0,0.0,0.0,0.0,0.0,0.0,0.0,0.0,0.0,0.0,7587.97607421875,0.0,124621.5078125,32698.244140625,-3522.67626953125,0.0,3522.6796875,0.0,-31.705395511838123,0.0,2.9089295864105225,0.0,WA
8875566,WA,5306,0.10338456928730011,4,0.0,278981.7578125,285361.5949707031,2,2,44638.259765625,0.0,266754.9375,0.0,8792.986328125,0.0,0.0,8792.986328125,-6300.7705078125,0.0,6300.78125,0.0,-4493.525634765625,0.0,4493.53125,0.0,3043.525634765625,0.0,-3043.53125,0.0,0.0,0.0,0.0,0.0,0.0,0.0,0.0,0.0,0.0,0.0,0.0,0.0,0.0,0.0,0.0,0.0,0.0,0.0,0.0,0.0,0.0,0.0,0.0,0.0,0.0,0.0,0.0,0.0,0.0,0.0,0.0,0.0,0.0,0.0,0.0,0.0,0.0,0.0,0.0,0.0,0.0,0.0,0.0,0.0,0.0,0.0,0.0,0.0,0.0,0.0,0.0,0.0,0.0,0.0,0.0,0.0,0.0,0.0,0.0,0.0,0.0,0.0,0.0,0.0,0.0,0.0,0.0,0.0,0.0,0.0,0.0,0.0,36887.4892578125,0.0,274505.71875,8792.986328125,-7750.7705078125,0.0,7750.78125,0.0,-17.363514053881662,0.0,2.90558123588562,0.0,WA
8875567,WA,5306,0.23499375581741333,4,2.0,197446.73046875,197446.734375,4,0,25372.0234375,0.0,156970.03125,0.0,0.0,0.0,0.0,0.0,-3874.642578125,0.0,3874.65625,0.0,0.0,0.0,0.0,0.0,4280.900390625,0.0,-4280.90625,0.0,0.0,0.0,0.0,0.0,-2700.0,0.0,2700.0,0.0,0.0,0.0,0.0,0.0,0.0,0.0,0.0,0.0,0.0,0.0,0.0,0.0,0.0,0.0,0.0,0.0,0.0,0.0,0.0,0.0,-215.576171875,0.0,215.578125,0.0,0.0,0.0,0.0,0.0,0.0,0.0,0.0,0.0,0.0,0.0,0.0,0.0,0.0,0.0,0.0,0.0,0.0,0.0,0.0,0.0,0.0,0.0,0.0,0.0,-232.443359375,0.0,232.4375,0.0,0.0,0.0,0.0,0.0,0.0,0.0,0.0,0.0,0.0,0.0,0.0,0.0,22630.26171875,0.0,159711.796875,0.0,-2741.76171875,0.0,2741.765625,0.0,-10.806239894519647,0.0,1.7466809749603271,0.0,WA
8875568,WA,5306,0.12419518828392029,3,1.0,428884.125,438861.8125,3,0,116108.4453125,0.0,323555.125,0.0,0.0,0.0,0.0,0.0,0.0,0.0,0.0,0.0,0.0,0.0,0.0,0.0,0.0,0.0,0.0,0.0,0.0,0.0,0.0,0.0,-250.0,0.0,250.0,0.0,0.0,0.0,0.0,0.0,0.0,0.0,0.0,0.0,-33285.5078125,0.0,33285.53125,0.0,0.0,0.0,0.0,0.0,0.0,0.0,0.0,0.0,-640.0,0.0,640.0,0.0,0.0,0.0,0.0,0.0,0.0,0.0,0.0,0.0,0.0,0.0,0.0,0.0,0.0,0.0,0.0,0.0,0.0,0.0,0.0,0.0,0.0,0.0,0.0,0.0,0.0,0.0,0.0,0.0,0.0,0.0,0.0,0.0,0.0,0.0,0.0,0.0,0.0,0.0,0.0,0.0,81932.9375,0.0,357730.65625,0.0,-34175.5078125,0.0,34175.53125,0.0,-29.434127483593763,0.0,10.562506675720215,0.0,WA
8875569,WA,5306,0.15261590480804443,3,0.0,12829.181640625,516635.71875,3,0,115604.69921875,0.0,490195.1875,37929.96484375,0.0,0.0,0.0,37929.96484375,-2009.59375,0.0,2009.625,0.0,0.0,0.0,0.0,0.0,1166.0,0.0,-1166.0,0.0,0.0,0.0,0.0,0.0,0.0,0.0,0.0,0.0,0.0,0.0,0.0,0.0,-11859.015625,0.0,11859.0,0.0,-21724.1953125,0.0,21724.1875,0.0,0.0,0.0,0.0,0.0,0.0,0.0,0.0,0.0,0.0,0.0,0.0,0.0,0.0,0.0,0.0,0.0,0.0,0.0,0.0,0.0,0.0,0.0,0.0,0.0,0.0,0.0,0.0,0.0,0.0,0.0,0.0,0.0,0.0,0.0,0.0,0.0,0.0,0.0,0.0,0.0,0.0,0.0,0.0,0.0,0.0,0.0,0.0,0.0,0.0,0.0,0.0,0.0,81177.89453125,0.0,524622.0,37929.96484375,-34426.8046875,0.0,34426.8125,0.0,-29.779762345436122,0.0,7.023082733154297,0.0,WA
8875570,WA,5306,0.14892947673797607,2,0.0,74345.05078125,133415.74609375,2,0,17021.9140625,0.0,162003.828125,3755.9326171875,26407.625,0.0,0.0,30163.5576171875,-1893.431640625,0.0,1893.4375,0.0,-1716.0,0.0,1716.0,0.0,1166.0,0.0,-1166.0,0.0,0.0,0.0,0.0,0.0,0.0,0.0,0.0,0.0,0.0,0.0,0.0,0.0,0.0,0.0,0.0,0.0,0.0,0.0,0.0,0.0,0.0,0.0,0.0,0.0,0.0,0.0,0.0,0.0,0.0,0.0,0.0,0.0,0.0,0.0,0.0,0.0,0.0,0.0,0.0,0.0,0.0,0.0,0.0,0.0,0.0,0.0,0.0,0.0,0.0,0.0,0.0,0.0,-746.78515625,0.0,746.78125,0.0,0.0,0.0,0.0,0.0,0.0,0.0,0.0,0.0,0.0,0.0,0.0,0.0,0.0,0.0,0.0,0.0,13831.697265625,0.0,165194.046875,30163.5576171875,-3190.216796875,0.0,3190.21875,0.0,-18.74182177845195,0.0,1.969224214553833,0.0,WA
8875571,WA,5306,0.10919813066720963,4,2.0,901019.6875,1018872.0625,4,0,317510.875,0.0,699454.5,0.0,0.0,0.0,0.0,0.0,-31116.71875,0.0,31116.75,0.0,-5772.0,0.0,5772.0,0.0,0.0,0.0,0.0,0.0,0.0,0.0,0.0,0.0,0.0,0.0,0.0,0.0,0.0,0.0,0.0,0.0,-1850.0,0.0,1850.0,0.0,0.0,0.0,0.0,0.0,0.0,0.0,0.0,0.0,0.0,0.0,0.0,0.0,-740.0,0.0,740.0,0.0,0.0,0.0,0.0,0.0,0.0,0.0,0.0,0.0,0.0,0.0,0.0,0.0,0.0,0.0,0.0,0.0,0.0,0.0,0.0,0.0,0.0,0.0,0.0,0.0,0.0,0.0,0.0,0.0,0.0,0.0,0.0,0.0,0.0,0.0,0.0,0.0,0.0,0.0,0.0,0.0,278032.15625,0.0,738933.25,0.0,-39478.71875,0.0,39478.75,0.0,-12.433816243301903,0.0,5.644219875335693,0.0,WA
8875572,WA,5306,149.6820831298828,1,0.0,0.0,0.0,1,0,0.0,0.0,39086.5703125,12678.9443359375,26407.625,0.0,0.0,39086.5693359375,0.0,0.0,0.0,0.0,0.0,0.0,0.0,0.0,0.0,0.0,0.0,0.0,0.0,0.0,0.0,0.0,0.0,0.0,0.0,0.0,0.0,0.0,0.0,0.0,0.0,0.0,0.0,0.0,0.0,0.0,0.0,0.0,0.0,0.0,0.0,0.0,0.0,0.0,0.0,0.0,0.0,0.0,0.0,0.0,0.0,0.0,0.0,0.0,0.0,0.0,0.0,0.0,0.0,0.0,0.0,0.0,0.0,0.0,0.0,0.0,0.0,0.0,0.0,0.0,0.0,0.0,0.0,0.0,0.0,0.0,0.0,0.0,0.0,0.0,0.0,0.0,0.0,0.0,0.0,0.0,0.0,0.0,0.0,0.0,0.0,0.0,39086.5703125,39086.5693359375,0.0,0.0,0.0,0.0,0.0,0.0,0.0,0.0,WA
8875573,WA,5306,0.15732569992542267,2,0.0,481331.4375,482139.671875,2,0,112868.24609375,0.0,345273.34375,0.0,0.0,0.0,0.0,0.0,-1486.41015625,0.0,1486.40625,0.0,0.0,0.0,0.0,0.0,0.0,0.0,0.0,0.0,0.0,0.0,0.0,0.0,0.0,0.0,0.0,0.0,0.0,0.0,0.0,0.0,0.0,0.0,0.0,0.0,-12765.66015625,0.0,12765.65625,0.0,0.0,0.0,0.0,0.0,0.0,0.0,0.0,0.0,0.0,0.0,0.0,0.0,0.0,0.0,0.0,0.0,0.0,0.0,0.0,0.0,0.0,0.0,0.0,0.0,0.0,0.0,0.0,0.0,0.0,0.0,0.0,0.0,0.0,0.0,0.0,0.0,0.0,0.0,0.0,0.0,0.0,0.0,0.0,0.0,0.0,0.0,0.0,0.0,0.0,0.0,0.0,0.0,98616.17578125,0.0,359525.40625,0.0,-14252.0703125,0.0,14252.0625,0.0,-12.6271744319142,0.0,4.127762317657471,0.0,WA
8875574,WA,5306,399.21942138671875,1,0.0,0.0,0.8272702097892761,1,0,0.0,0.0,42294.28125,29213.767578125,0.0,0.0,0.0,29213.767578125,0.0,0.0,0.0,0.0,0.0,0.0,0.0,0.0,0.0,0.0,0.0,0.0,0.0,0.0,0.0,0.0,0.0,0.0,0.0,0.0,0.0,0.0,0.0,0.0,0.0,0.0,0.0,0.0,0.0,0.0,0.0,0.0,0.0,0.0,0.0,0.0,0.0,0.0,0.0,0.0,0.0,0.0,0.0,0.0,0.0,0.0,0.0,0.0,0.0,0.0,0.0,0.0,0.0,0.0,0.0,0.0,0.0,0.0,0.0,0.0,0.0,0.0,0.0,0.0,0.0,0.0,0.0,0.0,0.0,0.0,0.0,0.0,0.0,0.0,0.0,0.0,0.0,0.0,0.0,0.0,0.0,0.0,0.0,0.0,0.0,0.0,42294.28125,29213.767578125,0.0,0.0,0.0,0.0,0.0,0.0,0.0,0.0,WA
8875575,WA,5306,0.0007065659738145769,4,2.0,347425.5625,428755.875,3,1,104433.515625,0.0,358567.0,0.0,0.0,0.0,0.0,0.0,0.0,0.0,0.0,0.0,0.0,0.0,0.0,0.0,0.0,0.0,0.0,0.0,0.0,0.0,0.0,0.0,-2950.0,0.0,2950.0,0.0,0.0,0.0,0.0,0.0,-2100.0,0.0,2100.0,0.0,-26253.484375,0.0,26253.5,0.0,0.0,0.0,0.0,0.0,0.0,0.0,0.0,0.0,0.0,0.0,0.0,0.0,-150.5234375,0.0,150.5,0.0,0.0,0.0,0.0,0.0,0.0,0.0,0.0,0.0,0.0,0.0,0.0,0.0,0.0,0.0,0.0,0.0,0.0,0.0,0.0,0.0,0.0,0.0,0.0,0.0,0.0,0.0,0.0,0.0,0.0,0.0,0.0,0.0,0.0,0.0,0.0,0.0,72979.5078125,0.0,390021.0,0.0,-31454.0078125,0.0,31454.0,0.0,-30.118690943475553,0.0,8.772139549255371,0.0,WA
8875576,WA,5306,0.1403416395187378,1,0.0,173092.046875,173100.3125,1,0,35343.53125,0.0,125644.796875,0.0,0.0,0.0,0.0,0.0,-4634.359375,0.0,4634.359375,0.0,-1703.09765625,0.0,1703.09375,0.0,1272.0,0.0,-1271.9921875,0.0,0.0,0.0,0.0,0.0,0.0,0.0,0.0,0.0,0.0,0.0,0.0,0.0,0.0,0.0,0.0,0.0,0.0,0.0,0.0,0.0,0.0,0.0,0.0,0.0,0.0,0.0,0.0,0.0,0.0,0.0,0.0,0.0,0.0,0.0,0.0,0.0,0.0,0.0,0.0,0.0,0.0,0.0,0.0,0.0,0.0,0.0,0.0,0.0,0.0,0.0,0.0,0.0,0.0,0.0,0.0,0.0,0.0,0.0,0.0,0.0,0.0,0.0,0.0,0.0,0.0,0.0,0.0,0.0,0.0,0.0,0.0,0.0,30278.07421875,0.0,130710.2578125,0.0,-5065.45703125,0.0,5065.4609375,0.0,-14.33206262107723,0.0,4.031572341918945,0.0,WA
8875577,WA,5306,0.12620770931243896,4,2.0,352129.359375,380989.4375,2,2,94031.8671875,0.0,301930.40625,0.0,0.0,0.0,0.0,0.0,0.0,0.0,0.0,0.0,0.0,0.0,0.0,0.0,0.0,0.0,0.0,0.0,0.0,0.0,0.0,0.0,0.0,0.0,0.0,0.0,0.0,0.0,0.0,0.0,0.0,0.0,0.0,0.0,-25392.59375,0.0,25392.59375,0.0,0.0,0.0,0.0,0.0,0.0,0.0,0.0,0.0,-390.515625,0.0,390.53125,0.0,0.0,0.0,0.0,0.0,0.0,0.0,0.0,0.0,0.0,0.0,0.0,0.0,0.0,0.0,0.0,0.0,0.0,0.0,0.0,0.0,0.0,0.0,0.0,0.0,0.0,0.0,0.0,0.0,0.0,0.0,0.0,0.0,0.0,0.0,0.0,0.0,0.0,0.0,0.0,0.0,68248.7578125,0.0,327713.53125,0.0,-25783.109375,0.0,25783.125,0.0,-27.419544188767787,0.0,8.539426803588867,0.0,WA
8875578,WA,5306,0.11107366532087326,2,0.0,206562.28125,962881.375,2,0,302242.53125,0.0,646734.875,10463.4384765625,0.0,0.0,0.0,10463.4384765625,-31174.03125,0.0,31174.0,0.0,-5772.0,0.0,5772.0,0.0,0.0,0.0,0.0,0.0,0.0,0.0,0.0,0.0,0.0,0.0,0.0,0.0,0.0,0.0,0.0,0.0,-1850.0,0.0,1850.0,0.0,0.0,0.0,0.0,0.0,0.0,0.0,0.0,0.0,0.0,0.0,0.0,0.0,0.0,0.0,0.0,0.0,0.0,0.0,0.0,0.0,0.0,0.0,0.0,0.0,0.0,0.0,0.0,0.0,0.0,0.0,0.0,0.0,0.0,0.0,0.0,0.0,0.0,0.0,0.0,0.0,0.0,0.0,0.0,0.0,0.0,0.0,0.0,0.0,0.0,0.0,0.0,0.0,0.0,0.0,0.0,0.0,263446.5,0.0,685530.875,10463.4384765625,-38796.03125,0.0,38796.0,0.0,-12.836059534556323,0.0,5.998748779296875,0.0,WA
8875579,WA,5306,0.11591948568820953,2,0.0,419900.0625,453065.0,2,0,120562.875,0.0,344832.1875,0.0,0.0,0.0,0.0,0.0,0.0,0.0,0.0,0.0,0.0,0.0,0.0,0.0,-0.0078125,0.0,0.0,0.0,0.0,0.0,0.0,0.0,0.0,0.0,0.0,0.0,0.0,0.0,0.0,0.0,-1400.0,0.0,1400.0,0.0,-32968.609375,0.0,32968.625,0.0,0.0,0.0,0.0,0.0,0.0,0.0,0.0,0.0,-640.0,0.0,640.0,0.0,0.0,0.0,0.0,0.0,0.0,0.0,0.0,0.0,0.0,0.0,0.0,0.0,0.0,0.0,0.0,0.0,0.0,0.0,0.0,0.0,0.0,0.0,0.0,0.0,0.0,0.0,0.0,0.0,0.0,0.0,0.0,0.0,0.0,0.0,0.0,0.0,0.0,0.0,0.0,0.0,85554.2578125,0.0,379840.8125,0.0,-35008.6171875,0.0,35008.625,0.0,-29.037642962230287,0.0,10.152365684509277,0.0,WA
8875580,WA,5306,0.0941954180598259,2,0.0,333124.6953125,337769.7109375,1,1,67541.830078125,0.0,247271.453125,0.0,0.0,0.0,0.0,0.0,-8566.62890625,0.0,8566.625,0.0,-1872.0,0.0,1872.0,0.0,2225.953125,0.0,-2225.953125,0.0,0.0,0.0,0.0,0.0,0.0,0.0,0.0,0.0,0.0,0.0,0.0,0.0,0.0,0.0,0.0,0.0,-808.203125,0.0,808.203125,0.0,0.0,0.0,0.0,0.0,0.0,0.0,0.0,0.0,-97.6328125,0.0,97.640625,0.0,0.0,0.0,0.0,0.0,0.0,0.0,0.0,0.0,0.0,0.0,0.0,0.0,0.0,0.0,0.0,0.0,0.0,0.0,0.0,0.0,0.0,0.0,0.0,0.0,0.0,0.0,0.0,0.0,0.0,0.0,0.0,0.0,0.0,0.0,0.0,0.0,0.0,0.0,0.0,0.0,58423.318359375,0.0,256389.96875,0.0,-9118.51171875,0.0,9118.515625,0.0,-13.500539899796472,0.0,3.6876540184020996,0.0,WA
8875581,WA,5306,0.1337793618440628,2,0.0,0.0,97138.03125,1,1,9271.05078125,0.0,99548.421875,0.0,0.0,0.0,0.0,0.0,-1378.2099609375,0.0,1378.2109375,0.0,-1872.0,0.0,1872.0,0.0,1272.0,0.0,-1272.0,0.0,0.0,0.0,0.0,0.0,0.0,0.0,0.0,0.0,0.0,0.0,0.0,0.0,0.0,0.0,0.0,0.0,0.0,0.0,0.0,0.0,0.0,0.0,0.0,0.0,0.0,0.0,0.0,0.0,-37.7109375,0.0,37.7109375,0.0,0.0,0.0,0.0,0.0,0.0,0.0,0.0,0.0,0.0,0.0,0.0,0.0,0.0,0.0,0.0,0.0,0.0,0.0,0.0,0.0,0.0,0.0,0.0,0.0,0.0,0.0,0.0,0.0,0.0,0.0,0.0,0.0,0.0,0.0,0.0,0.0,0.0,0.0,0.0,0.0,7255.1298828125,0.0,101564.34375,0.0,-2015.9208984375,0.0,2015.921875,0.0,-21.744254734474627,0.0,2.025066614151001,0.0,WA
8875582,WA,5306,394.3764953613281,4,3.0,0.0,0.0,3,1,0.0,0.0,35956.8984375,16233.626953125,19723.271728515625,0.0,0.0,35956.898681640625,0.0,0.0,0.0,0.0,0.0,0.0,0.0,0.0,0.0,0.0,0.0,0.0,0.0,0.0,0.0,0.0,0.0,0.0,0.0,0.0,0.0,0.0,0.0,0.0,0.0,0.0,0.0,0.0,0.0,0.0,0.0,0.0,0.0,0.0,0.0,0.0,0.0,0.0,0.0,0.0,0.0,0.0,0.0,0.0,0.0,0.0,0.0,0.0,0.0,0.0,0.0,0.0,0.0,0.0,0.0,0.0,0.0,0.0,0.0,0.0,0.0,0.0,0.0,0.0,0.0,0.0,0.0,0.0,0.0,0.0,0.0,0.0,0.0,0.0,0.0,0.0,0.0,0.0,0.0,0.0,0.0,0.0,-3643.427734375,-3643.428466796875,0.0,0.0,32313.470703125,32313.47021484375,0.0,0.0,-3643.427734375,-3643.428466796875,0.0,0.0,-10.132763862609863,-10.132766173900274,WA
8875583,WA,5306,5061.705078125,2,0.0,0.0,131647.59375,2,0,14211.8984375,0.0,177827.8125,52317.19140625,0.0,0.0,0.0,52317.19140625,-2535.427734375,0.0,2535.4375,0.0,-1906.759765625,0.0,1906.75,0.0,1272.0,0.0,-1272.0,0.0,0.0,0.0,0.0,0.0,0.0,0.0,0.0,0.0,0.0,0.0,0.0,0.0,0.0,0.0,0.0,0.0,0.0,0.0,0.0,0.0,0.0,0.0,0.0,0.0,0.0,0.0,0.0,0.0,0.0,0.0,0.0,0.0,0.0,0.0,0.0,0.0,0.0,0.0,0.0,0.0,0.0,0.0,0.0,0.0,0.0,0.0,0.0,0.0,0.0,0.0,0.0,0.0,-1440.0,0.0,1440.0,0.0,0.0,0.0,0.0,0.0,0.0,0.0,0.0,0.0,0.0,0.0,0.0,0.0,0.0,0.0,0.0,0.0,9601.7109375,0.0,182438.0,52317.19140625,-4610.1875,0.0,4610.1875,0.0,-32.43892798892653,0.0,2.592500925064087,0.0,WA
8875584,WA,5306,1.2201920747756958,3,1.0,145750.8798828125,138552.265625,3,0,13800.259765625,0.0,162226.28125,0.0,0.0,0.0,0.0,0.0,-2335.9697265625,0.0,2335.96875,0.0,-1137.0419921875,0.0,1137.046875,0.0,2476.15234375,0.0,-2476.15625,0.0,0.0,0.0,0.0,0.0,-2200.0,0.0,2200.0,0.0,0.0,0.0,0.0,0.0,-51.017578125,0.0,51.015625,0.0,0.0,0.0,0.0,0.0,0.0,0.0,0.0,0.0,0.0,0.0,0.0,0.0,-112.1533203125,0.0,112.15625,0.0,0.0,0.0,0.0,0.0,0.0,0.0,0.0,0.0,0.0,0.0,0.0,0.0,0.0,0.0,0.0,0.0,0.0,0.0,0.0,0.0,0.0,0.0,0.0,0.0,0.0,0.0,0.0,0.0,0.0,0.0,0.0,0.0,0.0,0.0,0.0,0.0,0.0,0.0,0.0,0.0,10440.2294921875,0.0,165586.3125,0.0,-3360.0302734375,0.0,3360.03125,0.0,-24.34758715054758,0.0,2.071200370788574,0.0,WA
8875585,WA,5306,19.637672424316406,2,0.0,581897.1875,605428.890625,2,0,152251.17578125,0.0,459016.875,0.0,0.0,0.0,0.0,0.0,-3189.796875,0.0,3189.8125,0.0,0.0,0.0,0.0,0.0,0.0,0.0,0.0,0.0,0.0,0.0,0.0,0.0,0.0,0.0,0.0,0.0,0.0,0.0,0.0,0.0,-1950.0,0.0,1950.0,0.0,-6640.48828125,0.0,6640.46875,0.0,0.0,0.0,0.0,0.0,0.0,0.0,0.0,0.0,0.0,0.0,0.0,0.0,0.0,0.0,0.0,0.0,0.0,0.0,0.0,0.0,0.0,0.0,0.0,0.0,0.0,0.0,0.0,0.0,0.0,0.0,0.0,0.0,0.0,0.0,0.0,0.0,0.0,0.0,0.0,0.0,0.0,0.0,0.0,0.0,0.0,0.0,0.0,0.0,0.0,0.0,0.0,0.0,140470.890625,0.0,470797.15625,0.0,-11780.28515625,0.0,11780.28125,0.0,-7.7374017611368515,0.0,2.566415548324585,0.0,WA
8875586,WA,5306,1163.6043701171875,4,0.0,63427.986328125,64563.0785446167,4,0,4219.446533203125,0.0,167021.5625,52173.3203125,0.0,4399.84619140625,0.0,56573.16650390625,-367.889404296875,0.0,367.890625,0.0,-1749.7265014648438,0.0,1749.71875,0.0,1165.9999389648438,0.0,-1166.0,0.0,0.0,0.0,0.0,0.0,0.0,0.0,0.0,0.0,0.0,0.0,0.0,0.0,0.0,0.0,0.0,0.0,0.0,0.0,0.0,0.0,0.0,0.0,0.0,0.0,0.0,0.0,0.0,0.0,0.0,0.0,0.0,0.0,0.0,0.0,0.0,0.0,0.0,0.0,0.0,0.0,0.0,0.0,0.0,0.0,0.0,0.0,0.0,0.0,0.0,0.0,0.0,0.0,0.0,0.0,0.0,0.0,-166.4541015625,0.0,166.453125,0.0,0.0,0.0,0.0,0.0,0.0,0.0,0.0,0.0,0.0,0.0,0.0,0.0,3101.37646484375,0.0,168139.625,56573.16650390625,-1118.070068359375,0.0,1118.0625,0.0,-26.49802668575611,0.0,0.6694120764732361,0.0,WA
8875587,WA,5306,98.4480209350586,1,0.0,0.0,408.08892822265625,1,0,0.0,0.0,43548.4296875,9721.353515625,26407.625,0.0,0.0,36128.978515625,0.0,0.0,0.0,0.0,0.0,0.0,0.0,0.0,0.0,0.0,0.0,0.0,0.0,0.0,0.0,0.0,0.0,0.0,0.0,0.0,0.0,0.0,0.0,0.0,0.0,0.0,0.0,0.0,0.0,0.0,0.0,0.0,0.0,0.0,0.0,0.0,0.0,0.0,0.0,0.0,0.0,0.0,0.0,0.0,0.0,0.0,0.0,0.0,0.0,0.0,0.0,0.0,0.0,0.0,0.0,0.0,0.0,0.0,0.0,0.0,0.0,0.0,0.0,0.0,0.0,0.0,0.0,0.0,0.0,0.0,0.0,0.0,0.0,0.0,0.0,0.0,0.0,0.0,0.0,0.0,0.0,0.0,0.0,0.0,0.0,0.0,43548.4296875,36128.978515625,0.0,0.0,0.0,0.0,0.0,0.0,0.0,0.0,WA
8875588,WA,5306,741.723876953125,1,0.0,80851.328125,80851.328125,1,0,11275.33203125,0.0,63841.1328125,0.0,0.0,0.0,0.0,0.0,-1768.0400390625,0.0,1768.0390625,0.0,-1716.0,0.0,1716.0,0.0,1166.0,0.0,-1166.0,0.0,0.0,0.0,0.0,0.0,0.0,0.0,0.0,0.0,0.0,0.0,0.0,0.0,0.0,0.0,0.0,0.0,0.0,0.0,0.0,0.0,0.0,0.0,0.0,0.0,0.0,0.0,0.0,0.0,0.0,0.0,0.0,0.0,0.0,0.0,0.0,0.0,0.0,0.0,0.0,0.0,0.0,0.0,0.0,0.0,0.0,0.0,0.0,0.0,-3336.4990234375,0.0,3336.5,0.0,0.0,0.0,0.0,0.0,-103.76318359375,0.0,103.765625,0.0,0.0,0.0,0.0,0.0,0.0,0.0,0.0,0.0,0.0,0.0,0.0,0.0,5517.02978515625,0.0,69599.4375,0.0,-5758.30224609375,0.0,5758.3046875,0.0,-51.06991288712742,0.0,9.01974105834961,0.0,WA
8875589,WA,5306,4379.59228515625,5,0.0,500895.140625,513793.125,4,1,81982.630859375,0.0,479614.625,11771.3681640625,8792.986328125,0.0,0.0,20564.3544921875,-10992.04296875,0.0,10992.03125,0.0,-1872.0,0.0,1872.0,0.0,3604.0,0.0,-3604.0,0.0,0.0,0.0,0.0,0.0,0.0,0.0,0.0,0.0,0.0,0.0,0.0,0.0,0.0,0.0,0.0,0.0,-948.07421875,0.0,948.09375,0.0,0.0,0.0,0.0,0.0,0.0,0.0,0.0,0.0,0.0,0.0,0.0,0.0,0.0,0.0,0.0,0.0,0.0,0.0,0.0,0.0,0.0,0.0,0.0,0.0,0.0,0.0,0.0,0.0,0.0,0.0,0.0,0.0,-833.919921875,0.0,833.90625,0.0,-422.603515625,0.0,422.59375,0.0,0.0,0.0,0.0,0.0,0.0,0.0,0.0,0.0,0.0,0.0,0.0,0.0,70517.990234375,0.0,491079.25,20564.3544921875,-11464.640625,0.0,11464.625,0.0,-13.984231177778772,0.0,2.3903825283050537,0.0,WA
8875590,WA,5306,0.8803678154945374,2,0.0,358538.9609375,387948.28125,2,0,93240.1796875,0.0,318539.625,0.0,0.0,0.0,0.0,0.0,0.0,0.0,0.0,0.0,0.0,0.0,0.0,0.0,0.0,0.0,0.0,0.0,0.0,0.0,0.0,0.0,0.0,0.0,0.0,0.0,0.0,0.0,0.0,0.0,-2100.0,0.0,2100.0,0.0,-20902.9765625,0.0,20902.96875,0.0,0.0,0.0,0.0,0.0,0.0,0.0,0.0,0.0,-390.046875,0.0,390.03125,0.0,0.0,0.0,0.0,0.0,0.0,0.0,0.0,0.0,0.0,0.0,0.0,0.0,0.0,0.0,0.0,0.0,0.0,0.0,0.0,0.0,0.0,0.0,0.0,0.0,0.0,0.0,0.0,0.0,0.0,0.0,0.0,0.0,0.0,0.0,0.0,0.0,0.0,0.0,0.0,0.0,69847.15625,0.0,341932.625,0.0,-23393.0234375,0.0,23393.0,0.0,-25.088994375496814,0.0,7.343827247619629,0.0,WA
8875591,WA,5306,9.418134689331055,2,0.0,211683.2578125,316878.1875,2,0,50890.50390625,0.0,369102.125,0.0,0.0,0.0,0.0,0.0,-6965.6484375,0.0,6965.65625,0.0,0.0,0.0,0.0,0.0,2408.62890625,0.0,-2408.625,0.0,0.0,0.0,0.0,0.0,0.0,0.0,0.0,0.0,0.0,0.0,0.0,0.0,-1200.0,0.0,1200.0,0.0,0.0,0.0,0.0,0.0,0.0,0.0,0.0,0.0,0.0,0.0,0.0,0.0,0.0,0.0,0.0,0.0,0.0,0.0,0.0,0.0,0.0,0.0,0.0,0.0,0.0,0.0,0.0,0.0,0.0,0.0,0.0,0.0,0.0,0.0,0.0,0.0,0.0,0.0,0.0,0.0,0.0,0.0,0.0,0.0,0.0,0.0,0.0,0.0,0.0,0.0,0.0,0.0,0.0,0.0,0.0,0.0,45133.484375,0.0,374859.15625,0.0,-5757.01953125,0.0,5757.03125,0.0,-11.312561459119223,0.0,1.559739351272583,0.0,WA
8875592,WA,5306,362.322021484375,5,3.0,87108.8515625,115111.6875,5,0,5016.9140625,0.0,124259.9921875,0.0,0.0,8629.453125,0.0,8629.453125,-1067.3828125,0.0,1067.3828125,0.0,-1617.0712890625,0.0,1617.0703125,0.0,3180.0,0.0,-3180.0,0.0,0.0,0.0,0.0,0.0,-3900.0,0.0,3900.0,0.0,0.0,0.0,0.0,0.0,-0.0283203125,0.0,0.03125,0.0,0.0,0.0,0.0,0.0,0.0,0.0,0.0,0.0,0.0,0.0,0.0,0.0,-240.0,0.0,240.0,0.0,0.0,0.0,0.0,0.0,0.0,0.0,0.0,0.0,0.0,0.0,0.0,0.0,0.0,0.0,0.0,0.0,-61.212890625,0.0,61.2109375,0.0,0.0,0.0,0.0,0.0,-97.27783203125,0.0,97.28125,0.0,0.0,0.0,0.0,0.0,0.0,0.0,-8629.453125,-8629.453125,0.0,0.0,0.0,0.0,1213.94091796875,0.0,119433.515625,0.0,-3802.97314453125,0.0,-4826.4765625,-8629.453125,-75.80303543481816,0.0,-3.8841757774353027,-100.0,WA
8875593,WA,5306,919.26220703125,2,0.0,220552.84375,486787.65625,2,0,132277.640625,0.0,444702.0625,76641.796875,0.0,0.0,0.0,76641.796875,0.0,0.0,0.0,0.0,0.0,0.0,0.0,0.0,0.0,0.0,0.0,0.0,0.0,0.0,0.0,0.0,0.0,0.0,0.0,0.0,0.0,0.0,0.0,0.0,-3721.0546875,0.0,3721.0625,0.0,-34748.875,0.0,34748.875,0.0,0.0,0.0,0.0,0.0,0.0,0.0,0.0,0.0,0.0,0.0,0.0,0.0,0.0,0.0,0.0,0.0,0.0,0.0,0.0,0.0,0.0,0.0,0.0,0.0,0.0,0.0,0.0,0.0,0.0,0.0,0.0,0.0,0.0,0.0,0.0,0.0,0.0,0.0,0.0,0.0,0.0,0.0,0.0,0.0,0.0,0.0,0.0,0.0,0.0,0.0,0.0,0.0,93807.7109375,0.0,483172.0,76641.796875,-38469.9296875,0.0,38469.9375,0.0,-29.082715344583583,0.0,8.650721549987793,0.0,WA
8875594,WA,5306,0.7288286685943604,2,0.0,418831.1875,444757.453125,2,0,104733.79296875,0.0,345057.59375,0.0,0.0,0.0,0.0,0.0,-4263.9140625,0.0,4263.90625,0.0,-1872.0,0.0,1872.0,0.0,1272.0,0.0,-1272.0,0.0,0.0,0.0,0.0,0.0,0.0,0.0,0.0,0.0,0.0,0.0,0.0,0.0,0.0,0.0,0.0,0.0,-9961.66796875,0.0,9961.6875,0.0,0.0,0.0,0.0,0.0,0.0,0.0,0.0,0.0,0.0,0.0,0.0,0.0,0.0,0.0,0.0,0.0,0.0,0.0,0.0,0.0,0.0,0.0,0.0,0.0,0.0,0.0,0.0,0.0,0.0,0.0,0.0,0.0,0.0,0.0,0.0,0.0,0.0,0.0,0.0,0.0,0.0,0.0,0.0,0.0,0.0,0.0,0.0,0.0,0.0,0.0,0.0,0.0,89908.2109375,0.0,359883.1875,0.0,-14825.58203125,0.0,14825.59375,0.0,-14.155490421008231,0.0,4.296555995941162,0.0,WA
8875595,WA,5306,4269.9541015625,6,3.9999999999999996,99536.3779296875,651504.0,6,0,125441.82812500001,0.0,529603.9375,0.0,0.0,0.0,0.0,0.0,0.0,0.0,0.0,0.0,0.0,0.0,0.0,0.0,0.0,0.0,0.0,0.0,0.0,0.0,0.0,0.0,0.0,0.0,0.0,0.0,0.0,0.0,0.0,0.0,-33617.718750000015,0.0,33617.75,0.0,-18064.40625,0.0,18064.375,0.0,0.0,0.0,0.0,0.0,0.0,0.0,0.0,0.0,0.0,0.0,0.0,0.0,-1403.4453125,0.0,1403.4375,0.0,0.0,0.0,0.0,0.0,0.0,0.0,0.0,0.0,0.0,0.0,0.0,0.0,0.0,0.0,0.0,0.0,0.0,0.0,0.0,0.0,0.0,0.0,0.0,0.0,0.0,0.0,0.0,0.0,0.0,0.0,0.0,0.0,0.0,0.0,0.0,0.0,72356.2578125,0.0,582689.5,0.0,-53085.570312500015,0.0,53085.5625,0.0,-42.318874896817846,0.0,10.02363395690918,0.0,WA
8875596,WA,5306,2776.524658203125,6,3.0,230652.88671875,230652.88671875,6,0,27534.06298828125,0.0,191634.609375,0.0,0.0,1038.98193359375,0.0,1038.98193359375,-4360.0859375,0.0,4360.078125,0.0,-2336.955078125,0.0,2336.953125,0.0,4434.955078125,0.0,-4434.953125,0.0,0.0,0.0,0.0,0.0,-6600.0,0.0,6600.0,0.0,0.0,0.0,0.0,0.0,0.0,0.0,0.0,0.0,0.0,0.0,0.0,0.0,0.0,0.0,0.0,0.0,0.0,0.0,0.0,0.0,0.0,0.0,0.0,0.0,0.0,0.0,0.0,0.0,0.0,0.0,0.0,0.0,0.0,0.0,0.0,0.0,0.0,0.0,0.0,0.0,0.0,0.0,0.0,0.0,0.0,0.0,0.0,0.0,-450.5419921875,0.0,450.546875,0.0,0.0,0.0,0.0,0.0,0.0,0.0,0.0,0.0,0.0,0.0,0.0,0.0,18221.43505859375,0.0,200947.234375,1038.98193359375,-9312.6279296875,0.0,9312.625,0.0,-33.82220754579896,0.0,4.859573841094971,0.0,WA
8875597,WA,5306,1778.9271240234375,2,0.0,249694.9140625,249708.1484375,2,0,38805.927734375,0.0,197631.15625,0.0,0.0,0.0,0.0,0.0,-5253.515625,0.0,5253.53125,0.0,-1872.0,0.0,1872.0,0.0,2438.0,0.0,-2438.0,0.0,0.0,0.0,0.0,0.0,0.0,0.0,0.0,0.0,0.0,0.0,0.0,0.0,0.0,0.0,0.0,0.0,0.0,0.0,0.0,0.0,0.0,0.0,0.0,0.0,0.0,0.0,0.0,0.0,0.0,0.0,0.0,0.0,0.0,0.0,0.0,0.0,0.0,0.0,0.0,0.0,0.0,0.0,0.0,0.0,0.0,0.0,0.0,0.0,0.0,0.0,0.0,0.0,0.0,0.0,0.0,0.0,0.0,0.0,0.0,0.0,0.0,0.0,0.0,0.0,0.0,0.0,0.0,0.0,0.0,0.0,0.0,0.0,34118.412109375,0.0,202318.6875,0.0,-4687.515625,0.0,4687.53125,0.0,-12.079380390248248,0.0,2.3718583583831787,0.0,WA
8875598,WA,5306,1.0825995206832886,2,0.0,129076.431640625,129160.814453125,2,0,18159.441650390625,0.0,102179.8203125,0.0,0.0,0.0,0.0,0.0,-2450.671875,0.0,2450.671875,0.0,-2496.0000610351562,0.0,2496.0,0.0,1696.0,0.0,-1696.0,0.0,0.0,0.0,0.0,0.0,0.0,0.0,0.0,0.0,0.0,0.0,0.0,0.0,0.0,0.0,0.0,0.0,0.0,0.0,0.0,0.0,0.0,0.0,0.0,0.0,0.0,0.0,0.0,0.0,0.0,0.0,0.0,0.0,0.0,0.0,0.0,0.0,0.0,0.0,0.0,0.0,0.0,0.0,0.0,0.0,0.0,0.0,0.0,0.0,0.0,0.0,0.0,0.0,0.0,0.0,0.0,0.0,0.0,0.0,0.0,0.0,0.0,0.0,0.0,0.0,0.0,0.0,0.0,0.0,0.0,0.0,0.0,0.0,14908.769714355469,0.0,105430.4921875,0.0,-3250.6719360351562,0.0,3250.671875,0.0,-17.900726237170577,0.0,3.1813244819641113,0.0,WA
8875599,WA,5306,0.7806521654129028,2,0.0,675.958251953125,1331.15625,2,0,-222.1275634765625,-341.9477844238281,69385.1484375,28106.322265625,8792.986328125,0.0,0.0,36899.30859375,0.0,0.0,0.0,0.0,0.0,0.0,0.0,0.0,0.0,0.0,0.0,0.0,0.0,0.0,0.0,0.0,0.0,0.0,0.0,0.0,0.0,0.0,0.0,0.0,0.0,0.0,0.0,0.0,0.0,0.0,0.0,0.0,0.0,0.0,0.0,0.0,0.0,0.0,0.0,0.0,0.0,0.0,0.0,0.0,0.0,0.0,0.0,0.0,0.0,0.0,0.0,0.0,0.0,0.0,0.0,0.0,0.0,0.0,0.0,0.0,0.0,0.0,0.0,0.0,0.0,0.0,0.0,0.0,0.0,0.0,0.0,0.0,0.0,0.0,0.0,0.0,0.0,0.0,0.0,0.0,0.0,0.0,0.0,0.0,-222.1275634765625,-341.9477844238281,69385.1484375,36899.30859375,0.0,0.0,0.0,0.0,0.0,0.0,0.0,0.0,WA
8875600,WA,5306,0.8090834021568298,2,0.0,234140.46875,239999.1875,1,1,42538.7734375,0.0,232720.859375,0.0,0.0,0.0,0.0,0.0,-4683.08984375,0.0,4683.078125,0.0,0.0,0.0,0.0,0.0,0.0,0.0,0.0,0.0,0.0,0.0,0.0,0.0,0.0,0.0,0.0,0.0,0.0,0.0,0.0,0.0,0.0,0.0,0.0,0.0,-2715.86328125,0.0,2715.875,0.0,0.0,0.0,0.0,0.0,0.0,0.0,0.0,0.0,0.0,0.0,0.0,0.0,0.0,0.0,0.0,0.0,0.0,0.0,0.0,0.0,0.0,0.0,0.0,0.0,0.0,0.0,0.0,0.0,0.0,0.0,0.0,0.0,0.0,0.0,0.0,0.0,0.0,0.0,0.0,0.0,0.0,0.0,0.0,0.0,0.0,0.0,0.0,0.0,0.0,0.0,0.0,0.0,35139.8203125,0.0,240119.8125,0.0,-7398.953125,0.0,7398.953125,0.0,-17.39343316015187,0.0,3.1793251037597656,0.0,WA
8875601,WA,5306,1174.5450439453125,2,0.0,105674.95703125,108479.578125,2,0,11400.534423828125,0.0,96491.921875,0.0,0.0,0.0,0.0,0.0,-1829.38720703125,0.0,1829.390625,0.0,-2185.59765625,0.0,2185.59375,0.0,1335.59765625,0.0,-1335.59375,0.0,0.0,0.0,0.0,0.0,0.0,0.0,0.0,0.0,0.0,0.0,0.0,0.0,-600.0,0.0,600.0,0.0,0.0,0.0,0.0,0.0,0.0,0.0,0.0,0.0,0.0,0.0,0.0,0.0,0.0,0.0,0.0,0.0,0.0,0.0,0.0,0.0,0.0,0.0,0.0,0.0,0.0,0.0,0.0,0.0,0.0,0.0,0.0,0.0,0.0,0.0,0.0,0.0,0.0,0.0,0.0,0.0,-245.184326171875,0.0,245.1875,0.0,0.0,0.0,0.0,0.0,0.0,0.0,0.0,0.0,0.0,0.0,0.0,0.0,7875.962890625,0.0,100016.5,0.0,-3524.571533203125,0.0,3524.578125,0.0,-30.915844838260025,0.0,3.6527183055877686,0.0,WA
8875602,WA,5306,1343.6656494140625,2,0.0,125436.74609375,125438.40625,2,0,13341.697265625,0.0,102501.5703125,0.0,0.0,0.0,0.0,0.0,-2192.33984375,0.0,2192.3359375,0.0,-1728.7490234375,0.0,1728.75,0.0,1272.0,0.0,-1272.0,0.0,0.0,0.0,0.0,0.0,0.0,0.0,0.0,0.0,0.0,0.0,0.0,0.0,0.0,0.0,0.0,0.0,0.0,0.0,0.0,0.0,0.0,0.0,0.0,0.0,0.0,0.0,0.0,0.0,-240.0,0.0,240.0,0.0,0.0,0.0,0.0,0.0,0.0,0.0,0.0,0.0,0.0,0.0,0.0,0.0,0.0,0.0,0.0,0.0,0.0,0.0,0.0,0.0,0.0,0.0,0.0,0.0,-91.181640625,0.0,91.1875,0.0,0.0,0.0,0.0,0.0,0.0,0.0,0.0,0.0,0.0,0.0,0.0,0.0,10361.4267578125,0.0,105481.84375,0.0,-2980.2705078125,0.0,2980.2734375,0.0,-22.338016284413776,0.0,2.9075393676757812,0.0,WA
8875603,WA,5306,1906.7481689453125,3,0.0,75796.69140625,107169.0234375,3,0,8316.576965332031,0.0,148783.90625,36465.546875,0.0,0.0,0.0,36465.546875,-1290.5224609375,0.0,1290.53125,0.0,-2049.9641723632812,0.0,2049.96875,0.0,1434.4937744140625,0.0,-1434.5,0.0,0.0,0.0,0.0,0.0,0.0,0.0,0.0,0.0,0.0,0.0,0.0,0.0,0.0,0.0,0.0,0.0,0.0,0.0,0.0,0.0,0.0,0.0,0.0,0.0,0.0,0.0,0.0,0.0,-108.0762939453125,0.0,108.078125,0.0,0.0,0.0,0.0,0.0,0.0,0.0,0.0,0.0,0.0,0.0,0.0,0.0,0.0,0.0,0.0,0.0,0.0,0.0,0.0,0.0,-720.0,0.0,720.0,0.0,0.0,0.0,0.0,0.0,0.0,0.0,0.0,0.0,0.0,0.0,0.0,0.0,0.0,0.0,0.0,0.0,5582.5078125,0.0,151517.984375,36465.546875,-2734.0691528320312,0.0,2734.078125,0.0,-32.874933572178826,0.0,1.8376168012619019,0.0,WA
8875604,WA,5306,943.927734375,2,0.0,44385.7265625,126232.4140625,1,1,11416.02734375,0.0,116359.0078125,0.0,0.0,0.0,0.0,0.0,-1807.205078125,0.0,1807.2109375,0.0,-92.9326171875,0.0,92.9296875,0.0,1272.0,0.0,-1272.0,0.0,0.0,0.0,0.0,0.0,0.0,0.0,0.0,0.0,0.0,0.0,0.0,0.0,-2192.8642578125,0.0,2192.8671875,0.0,0.0,0.0,0.0,0.0,0.0,0.0,0.0,0.0,0.0,0.0,0.0,0.0,-240.0,0.0,240.0,0.0,0.0,0.0,0.0,0.0,0.0,0.0,0.0,0.0,0.0,0.0,0.0,0.0,0.0,0.0,0.0,0.0,0.0,0.0,0.0,0.0,0.0,0.0,0.0,0.0,0.0,0.0,0.0,0.0,0.0,0.0,0.0,0.0,0.0,0.0,0.0,0.0,0.0,0.0,0.0,0.0,8355.025390625,0.0,119420.015625,0.0,-3061.001953125,0.0,3061.0078125,0.0,-26.81319745437387,0.0,2.6306581497192383,0.0,WA
8875605,WA,5306,5.708858966827393,2,0.0,100332.890625,119401.46875,2,0,10827.552734375,0.0,119876.890625,0.0,0.0,0.0,0.0,0.0,-1689.509765625,0.0,1689.5078125,0.0,-837.8671875,0.0,837.8671875,0.0,1272.0,0.0,-1272.0,0.0,0.0,0.0,0.0,0.0,0.0,0.0,0.0,0.0,0.0,0.0,0.0,0.0,0.0,0.0,0.0,0.0,0.0,0.0,0.0,0.0,0.0,0.0,0.0,0.0,0.0,0.0,0.0,0.0,0.0,0.0,0.0,0.0,0.0,0.0,0.0,0.0,0.0,0.0,0.0,0.0,0.0,0.0,0.0,0.0,0.0,0.0,0.0,0.0,0.0,0.0,0.0,0.0,-1439.99951171875,0.0,1440.0,0.0,0.0,0.0,0.0,0.0,0.0,0.0,0.0,0.0,0.0,0.0,0.0,0.0,0.0,0.0,0.0,0.0,8132.17626953125,0.0,122572.265625,0.0,-2695.37646484375,0.0,2695.375,0.0,-24.89368124974859,0.0,2.248452663421631,0.0,WA
8875606,WA,5306,1592.0770263671875,6,3.9999999999999996,201309.92669677734,201021.10937499997,6,0,27069.9375,0.0,168353.28125,0.0,0.0,0.0,0.0,0.0,-3363.82421875,0.0,3363.84375,0.0,0.0,0.0,0.0,0.0,2851.29296875,0.0,-2851.3125,0.0,0.0,0.0,0.0,0.0,-7100.0,0.0,7100.0,0.0,0.0,0.0,0.0,0.0,0.0,0.0,0.0,0.0,0.0,0.0,0.0,0.0,0.0,0.0,0.0,0.0,0.0,0.0,0.0,0.0,-211.2578125,0.0,211.265625,0.0,0.0,0.0,0.0,0.0,0.0,0.0,0.0,0.0,0.0,0.0,0.0,0.0,0.0,0.0,0.0,0.0,0.0,0.0,0.0,0.0,0.0,0.0,0.0,0.0,0.0,0.0,0.0,0.0,0.0,0.0,0.0,0.0,0.0,0.0,0.0,0.0,0.0,0.0,0.0,0.0,19246.1484375,0.0,176177.078125,0.0,-7823.7890625,0.0,7823.796875,0.0,-28.90213197758584,0.0,4.647249221801758,0.0,WA
8875607,WA,5306,1.1287193298339844,7,5.0,166517.09375,168346.98437500003,7,0,14975.939453125,0.0,154729.359375,0.0,0.0,0.0,0.0,0.0,-2868.4501953125,0.0,2868.453125,0.0,0.0,0.0,0.0,0.0,4837.713867187496,0.0,-4837.71875,0.0,0.0,0.0,0.0,0.0,-8949.999999999996,0.0,8950.0,0.0,0.0,0.0,0.0,0.0,0.0,0.0,0.0,0.0,0.0,0.0,0.0,0.0,0.0,0.0,0.0,0.0,0.0,0.0,0.0,0.0,-376.1445312499982,0.0,376.15625,0.0,0.0,0.0,0.0,0.0,0.0,0.0,0.0,0.0,0.0,0.0,0.0,0.0,0.0,0.0,0.0,0.0,0.0,0.0,0.0,0.0,0.0,0.0,0.0,0.0,-487.4726562500018,0.0,487.46875,0.0,0.0,0.0,0.0,0.0,0.0,0.0,0.0,0.0,0.0,0.0,0.0,0.0,7131.5859375,0.0,162573.71875,0.0,-7844.353515625,0.0,7844.359375,0.0,-52.37970906718733,0.0,5.069728851318359,0.0,WA
8875608,WA,5306,2049.286865234375,2,0.0,93130.890625,93133.375,2,0,782.0343627929688,0.0,91981.921875,0.0,0.0,0.0,0.0,0.0,0.0,0.0,0.0,0.0,0.0,0.0,0.0,0.0,1060.0000610351562,0.0,-1060.0,0.0,0.0,0.0,0.0,0.0,0.0,0.0,0.0,0.0,0.0,0.0,0.0,0.0,0.0,0.0,0.0,0.0,0.0,0.0,0.0,0.0,0.0,0.0,0.0,0.0,0.0,0.0,0.0,0.0,0.0,0.0,0.0,0.0,0.0,0.0,0.0,0.0,0.0,0.0,0.0,0.0,0.0,0.0,0.0,0.0,0.0,0.0,0.0,0.0,-852.4828491210938,0.0,852.484375,0.0,0.0,0.0,0.0,0.0,0.0,0.0,0.0,0.0,0.0,0.0,0.0,0.0,0.0,0.0,0.0,0.0,0.0,0.0,0.0,0.0,989.5515747070312,0.0,91774.40625,0.0,207.5172119140625,0.0,-207.515625,0.0,26.535561835535276,0.0,-0.22560478746891022,0.0,WA
8875609,WA,5306,606.8391723632812,1,0.0,44867.81640625,46315.2109375,1,0,4299.78173828125,0.0,40682.6484375,972.7833251953125,0.0,0.0,0.0,972.7833251953125,-621.95654296875,0.0,621.9609375,0.0,-936.0,0.0,936.0,0.0,636.0,0.0,-636.0,0.0,0.0,0.0,0.0,0.0,0.0,0.0,0.0,0.0,0.0,0.0,0.0,0.0,0.0,0.0,0.0,0.0,0.0,0.0,0.0,0.0,0.0,0.0,0.0,0.0,0.0,0.0,0.0,0.0,0.0,0.0,0.0,0.0,0.0,0.0,0.0,0.0,0.0,0.0,0.0,0.0,0.0,0.0,0.0,0.0,0.0,0.0,0.0,0.0,0.0,0.0,0.0,0.0,0.0,0.0,0.0,0.0,-59.015625,0.0,59.015625,0.0,0.0,0.0,0.0,0.0,0.0,0.0,0.0,0.0,0.0,0.0,0.0,0.0,3318.8095703125,0.0,41663.625,972.7833251953125,-980.97216796875,0.0,980.9765625,0.0,-22.814464260710906,0.0,2.411289930343628,0.0,WA
8875610,WA,5306,464.3333740234375,2,0.0,170042.59375,191754.09375,2,0,29651.0234375,0.0,179193.171875,23591.09765625,0.0,0.0,0.0,23591.09765625,-4388.123046875,0.0,4388.125,0.0,-3432.0,0.0,3432.0,0.0,2332.0,0.0,-2332.0,0.0,0.0,0.0,0.0,0.0,0.0,0.0,0.0,0.0,0.0,0.0,0.0,0.0,0.0,0.0,0.0,0.0,0.0,0.0,0.0,0.0,0.0,0.0,0.0,0.0,0.0,0.0,0.0,0.0,-65.552734375,0.0,65.546875,0.0,0.0,0.0,0.0,0.0,0.0,0.0,0.0,0.0,0.0,0.0,0.0,0.0,0.0,0.0,0.0,0.0,0.0,0.0,0.0,0.0,-768.845703125,0.0,768.84375,0.0,0.0,0.0,0.0,0.0,0.0,0.0,0.0,0.0,0.0,0.0,0.0,0.0,0.0,0.0,0.0,0.0,23328.501953125,0.0,185515.6875,23591.09765625,-6322.521484375,0.0,6322.515625,0.0,-21.32311384698726,0.0,3.5283241271972656,0.0,WA
8875611,WA,5306,1062.4976806640625,3,1.0,56697.89453125,57223.2109375,3,0,1293.481689453125,0.0,61754.1640625,250.70948791503906,3643.428466796875,0.0,0.0,3894.137954711914,-21.16064453125,0.0,21.16015625,0.0,-1559.9999389648438,0.0,1560.00390625,0.0,1594.4642944335938,0.0,-1594.46875,0.0,0.0,0.0,0.0,0.0,-1200.0,0.0,1200.0,0.0,0.0,0.0,0.0,0.0,0.0,0.0,0.0,0.0,0.0,0.0,0.0,0.0,0.0,0.0,0.0,0.0,0.0,0.0,0.0,0.0,0.0,0.0,0.0,0.0,0.0,0.0,0.0,0.0,0.0,0.0,0.0,0.0,0.0,0.0,0.0,0.0,0.0,0.0,0.0,0.0,0.0,0.0,0.0,0.0,0.0,0.0,0.0,0.0,-315.214599609375,0.0,315.21875,0.0,0.0,0.0,0.0,0.0,0.0,0.0,0.0,0.0,0.0,0.0,0.0,0.0,-208.42919921875,0.0,63256.078125,3894.137954711914,-1501.910888671875,0.0,1501.9140625,0.0,-116.11381134485734,0.0,2.4320855140686035,0.0,WA
8875612,WA,5306,1183.9580078125,2,0.0,101725.71484375,102160.03125,2,0,10029.0048828125,0.0,86196.84375,0.0,0.0,0.0,0.0,0.0,-1529.80078125,0.0,1529.8046875,0.0,-1872.00048828125,0.0,1872.0,0.0,1272.0,0.0,-1272.0,0.0,0.0,0.0,0.0,0.0,0.0,0.0,0.0,0.0,0.0,0.0,0.0,0.0,0.0,0.0,0.0,0.0,0.0,0.0,0.0,0.0,0.0,0.0,0.0,0.0,0.0,0.0,0.0,0.0,-27.77685546875,0.0,27.7734375,0.0,0.0,0.0,0.0,0.0,0.0,0.0,0.0,0.0,0.0,0.0,0.0,0.0,0.0,0.0,0.0,0.0,0.0,0.0,0.0,0.0,0.0,0.0,0.0,0.0,-36.31787109375,0.0,36.3203125,0.0,0.0,0.0,0.0,0.0,0.0,0.0,0.0,0.0,0.0,0.0,0.0,0.0,7835.10888671875,0.0,88390.7421875,0.0,-2193.89599609375,0.0,2193.8984375,0.0,-21.875510299666953,0.0,2.5452189445495605,0.0,WA
8875613,WA,5306,1.0220876932144165,7,3.9999999999999996,58072.56640625,451233.62500000006,6,1,115801.359375,0.0,362033.9375,4853.84912109375,26407.625,0.0,0.0,31261.47412109375,0.0,0.0,0.0,0.0,0.0,0.0,0.0,0.0,0.0,0.0,0.0,0.0,0.0,0.0,0.0,0.0,-6199.999999999985,0.0,6200.0,0.0,0.0,0.0,0.0,0.0,-33657.320312500015,0.0,33657.3125,0.0,-15786.078125000007,0.0,15786.09375,0.0,0.0,0.0,0.0,0.0,0.0,0.0,0.0,0.0,-480.0,0.0,480.0,0.0,0.0,0.0,0.0,0.0,0.0,0.0,0.0,0.0,0.0,0.0,0.0,0.0,0.0,0.0,0.0,0.0,0.0,0.0,0.0,0.0,0.0,0.0,0.0,0.0,0.0,0.0,0.0,0.0,0.0,0.0,0.0,0.0,0.0,0.0,0.0,0.0,0.0,0.0,0.0,0.0,59677.96093749999,0.0,418157.34375,31261.47412109375,-56123.39843750001,0.0,56123.40625,0.0,-48.46523282663322,0.0,15.502250671386719,0.0,WA
8875614,WA,5306,4099.53173828125,2,0.0,0.0,174726.90625,2,0,24981.7265625,0.0,215850.3125,56022.9921875,0.0,0.0,0.0,56022.9921875,-3827.806640625,0.0,3827.796875,0.0,-3432.0,0.0,3432.0,0.0,2332.0,0.0,-2332.0,0.0,0.0,0.0,0.0,0.0,0.0,0.0,0.0,0.0,0.0,0.0,0.0,0.0,0.0,0.0,0.0,0.0,0.0,0.0,0.0,0.0,0.0,0.0,0.0,0.0,0.0,0.0,0.0,0.0,-440.0,0.0,440.0,0.0,0.0,0.0,0.0,0.0,0.0,0.0,0.0,0.0,0.0,0.0,0.0,0.0,0.0,0.0,0.0,0.0,0.0,0.0,0.0,0.0,-2313.607421875,0.0,2313.609375,0.0,0.0,0.0,0.0,0.0,0.0,0.0,0.0,0.0,0.0,0.0,0.0,0.0,0.0,0.0,0.0,0.0,17300.3125,0.0,223531.71875,56022.9921875,-7681.4140625,0.0,7681.40625,0.0,-30.748131212157887,0.0,3.5586726665496826,0.0,WA
8875615,WA,5306,542.5105590820312,3,1.0,0.0,0.0,2,1,0.0,0.0,88364.71875,31906.04296875,56458.678466796875,0.0,0.0,88364.72143554688,0.0,0.0,0.0,0.0,0.0,0.0,0.0,0.0,0.0,0.0,0.0,0.0,0.0,0.0,0.0,0.0,0.0,0.0,0.0,0.0,0.0,0.0,0.0,0.0,0.0,0.0,0.0,0.0,0.0,0.0,0.0,0.0,0.0,0.0,0.0,0.0,0.0,0.0,0.0,0.0,0.0,0.0,0.0,0.0,0.0,0.0,0.0,0.0,0.0,0.0,0.0,0.0,0.0,0.0,0.0,0.0,0.0,0.0,0.0,0.0,0.0,0.0,0.0,0.0,0.0,0.0,0.0,0.0,0.0,0.0,0.0,0.0,0.0,0.0,0.0,0.0,0.0,0.0,0.0,0.0,0.0,0.0,0.0,0.0,0.0,0.0,88364.71875,88364.72143554688,0.0,0.0,0.0,0.0,0.0,0.0,0.0,0.0,WA
8875616,WA,5306,124.95467376708984,2,0.0,0.0,0.0,2,0,0.0,0.0,82670.171875,33015.94140625,17585.97265625,0.0,0.0,50601.9140625,0.0,0.0,0.0,0.0,0.0,0.0,0.0,0.0,0.0,0.0,0.0,0.0,0.0,0.0,0.0,0.0,0.0,0.0,0.0,0.0,0.0,0.0,0.0,0.0,0.0,0.0,0.0,0.0,0.0,0.0,0.0,0.0,0.0,0.0,0.0,0.0,0.0,0.0,0.0,0.0,0.0,0.0,0.0,0.0,0.0,0.0,0.0,0.0,0.0,0.0,0.0,0.0,0.0,0.0,0.0,0.0,0.0,0.0,0.0,0.0,0.0,0.0,0.0,0.0,0.0,0.0,0.0,0.0,0.0,0.0,0.0,0.0,0.0,0.0,0.0,0.0,0.0,0.0,0.0,0.0,0.0,0.0,0.0,0.0,0.0,0.0,82670.171875,50601.9140625,0.0,0.0,0.0,0.0,0.0,0.0,0.0,0.0,WA
8875617,WA,5306,0.09284381568431854,2,0.0,13072.689453125,13072.689453125,2,0,-338.1966552734375,-341.9477844238281,71850.2421875,4256.0400390625,52815.25,0.0,0.0,57071.2900390625,0.0,0.0,0.0,0.0,0.0,0.0,0.0,0.0,0.0,0.0,0.0,0.0,0.0,0.0,0.0,0.0,0.0,0.0,0.0,0.0,0.0,0.0,0.0,0.0,0.0,0.0,0.0,0.0,0.0,0.0,0.0,0.0,0.0,0.0,0.0,0.0,0.0,0.0,0.0,0.0,0.0,0.0,0.0,0.0,0.0,0.0,0.0,0.0,0.0,0.0,0.0,0.0,0.0,0.0,0.0,0.0,0.0,0.0,0.0,0.0,0.0,0.0,0.0,0.0,0.0,0.0,0.0,0.0,0.0,0.0,0.0,0.0,0.0,0.0,0.0,0.0,0.0,0.0,0.0,0.0,0.0,0.0,0.0,0.0,-338.1966552734375,-341.9477844238281,71850.2421875,57071.2900390625,0.0,0.0,0.0,0.0,0.0,0.0,0.0,0.0,WA
8875618,WA,5306,0.858539879322052,1,0.0,0.0,4.136351108551025,1,0,0.0,0.0,81878.125,40936.0234375,0.0,0.0,0.0,40936.0234375,0.0,0.0,0.0,0.0,0.0,0.0,0.0,0.0,0.0,0.0,0.0,0.0,0.0,0.0,0.0,0.0,0.0,0.0,0.0,0.0,0.0,0.0,0.0,0.0,0.0,0.0,0.0,0.0,0.0,0.0,0.0,0.0,0.0,0.0,0.0,0.0,0.0,0.0,0.0,0.0,0.0,0.0,0.0,0.0,0.0,0.0,0.0,0.0,0.0,0.0,0.0,0.0,0.0,0.0,0.0,0.0,0.0,0.0,0.0,0.0,0.0,0.0,0.0,0.0,0.0,0.0,0.0,0.0,0.0,0.0,0.0,0.0,0.0,0.0,0.0,0.0,0.0,0.0,0.0,0.0,0.0,0.0,0.0,0.0,0.0,0.0,81878.125,40936.0234375,0.0,0.0,0.0,0.0,0.0,0.0,0.0,0.0,WA
8875619,WA,5306,0.11478777974843979,6,0.0,369805.37109375,383112.03125,3,3,44625.1142578125,0.0,317297.3125,0.0,0.0,0.0,0.0,0.0,-7108.361328125,0.0,7108.34375,0.0,-7176.00048828125,0.0,7176.0,0.0,4876.00048828125,0.0,-4876.0,0.0,0.0,0.0,0.0,0.0,0.0,0.0,0.0,0.0,0.0,0.0,0.0,0.0,-566.853515625,0.0,566.875,0.0,0.0,0.0,0.0,0.0,0.0,0.0,0.0,0.0,0.0,0.0,0.0,0.0,-671.5556640625,0.0,671.53125,0.0,0.0,0.0,0.0,0.0,0.0,0.0,0.0,0.0,0.0,0.0,0.0,0.0,0.0,0.0,0.0,0.0,0.0,0.0,0.0,0.0,0.0,0.0,0.0,0.0,0.0,0.0,0.0,0.0,0.0,0.0,0.0,0.0,0.0,0.0,0.0,0.0,0.0,0.0,0.0,0.0,33978.34375,0.0,327944.0625,0.0,-10646.7705078125,0.0,10646.75,0.0,-23.858248174565905,0.0,3.3554489612579346,0.0,WA
8875620,WA,5306,0.10423097014427185,9,1.0,442944.42578125,494486.74609375006,9,0,43605.16259765625,0.0,421429.84375,0.0,0.0,0.0,0.0,0.0,-7007.032958984375,0.0,7007.03125,0.0,-5616.000000000004,0.0,5616.0,0.0,5816.804687500004,0.0,-5816.8125,0.0,0.0,0.0,0.0,0.0,-1250.0,0.0,1250.0,0.0,0.0,0.0,0.0,0.0,-1318.6416015625,0.0,1318.65625,0.0,0.0,0.0,0.0,0.0,0.0,0.0,0.0,0.0,0.0,0.0,0.0,0.0,-240.0,0.0,240.0,0.0,0.0,0.0,0.0,0.0,0.0,0.0,0.0,0.0,0.0,0.0,0.0,0.0,0.0,0.0,0.0,0.0,0.0,0.0,0.0,0.0,0.0,0.0,0.0,0.0,0.0,0.0,0.0,0.0,0.0,0.0,0.0,0.0,0.0,0.0,0.0,0.0,0.0,0.0,0.0,0.0,33990.292724609375,0.0,431044.71875,0.0,-9614.869873046875,0.0,9614.875,0.0,-22.049842954979987,0.0,2.2814888954162598,0.0,WA
8875621,WA,5306,0.11335854977369308,1,0.0,125326.9921875,447141.0625,1,0,124001.984375,0.0,348534.40625,0.0,0.0,0.0,0.0,0.0,-898.078125,0.0,898.09375,0.0,-1717.875,0.0,1717.875,0.0,0.0,0.0,0.0,0.0,0.0,0.0,0.0,0.0,0.0,0.0,0.0,0.0,0.0,0.0,0.0,0.0,-18028.6171875,0.0,18028.625,0.0,-3962.484375,0.0,3962.46875,0.0,0.0,0.0,0.0,0.0,0.0,0.0,0.0,0.0,-350.0,0.0,350.0,0.0,0.0,0.0,0.0,0.0,0.0,0.0,0.0,0.0,0.0,0.0,0.0,0.0,0.0,0.0,0.0,0.0,0.0,0.0,0.0,0.0,0.0,0.0,0.0,0.0,0.0,0.0,0.0,0.0,0.0,0.0,0.0,0.0,0.0,0.0,0.0,0.0,0.0,0.0,0.0,0.0,99044.9296875,0.0,373491.46875,0.0,-24957.0546875,0.0,24957.0625,0.0,-20.126334923823674,0.0,7.160573482513428,0.0,WA
8875622,WA,5306,0.14077293872833252,3,1.0,163575.6796875,215251.78125,3,0,34584.91015625,0.0,169529.21875,389.11334228515625,0.0,0.0,0.0,389.11334228515625,-4975.14453125,0.0,4975.140625,0.0,-1462.41796875,0.0,1462.421875,0.0,1528.41796875,0.0,-1528.421875,0.0,0.0,0.0,0.0,0.0,-2200.0,0.0,2200.0,0.0,0.0,0.0,0.0,0.0,-2247.4921875,0.0,2247.484375,0.0,0.0,0.0,0.0,0.0,0.0,0.0,0.0,0.0,0.0,0.0,0.0,0.0,-200.103515625,0.0,200.109375,0.0,0.0,0.0,0.0,0.0,0.0,0.0,0.0,0.0,0.0,0.0,0.0,0.0,0.0,0.0,0.0,0.0,0.0,0.0,0.0,0.0,0.0,0.0,0.0,0.0,0.0,0.0,0.0,0.0,0.0,0.0,0.0,0.0,0.0,0.0,0.0,0.0,0.0,0.0,0.0,0.0,25028.169921875,0.0,179085.953125,389.11334228515625,-9556.740234375,0.0,9556.734375,0.0,-27.632687756593626,0.0,5.637219429016113,0.0,WA
8875623,WA,5306,0.09780219942331314,2,0.0,434184.0205078125,506351.71875,2,0,131039.8359375,0.0,370378.875,0.0,0.0,0.0,0.0,0.0,0.0,0.0,0.0,0.0,0.0,0.0,0.0,0.0,0.0,0.0,0.0,0.0,0.0,0.0,0.0,0.0,0.0,0.0,0.0,0.0,0.0,0.0,0.0,0.0,-1400.0,0.0,1400.0,0.0,-27297.421875,0.0,27297.40625,0.0,0.0,0.0,0.0,0.0,0.0,0.0,0.0,0.0,-640.0,0.0,640.0,0.0,-53.28125,0.0,53.28125,0.0,0.0,0.0,0.0,0.0,0.0,0.0,0.0,0.0,0.0,0.0,0.0,0.0,0.0,0.0,0.0,0.0,0.0,0.0,0.0,0.0,0.0,0.0,0.0,0.0,0.0,0.0,0.0,0.0,0.0,0.0,0.0,0.0,0.0,0.0,0.0,0.0,101649.1328125,0.0,399769.5625,0.0,-29390.703125,0.0,29390.6875,0.0,-22.428830832036464,0.0,7.935303688049316,0.0,WA
8875624,WA,5306,0.09920167177915573,1,0.0,82702.3984375,376243.46875,1,0,84807.1640625,0.0,287337.25,0.0,0.0,0.0,0.0,0.0,0.0,0.0,0.0,0.0,0.0,0.0,0.0,0.0,0.0,0.0,0.0,0.0,0.0,0.0,0.0,0.0,0.0,0.0,0.0,0.0,0.0,0.0,0.0,0.0,0.0,0.0,0.0,0.0,-15698.6171875,0.0,15698.625,0.0,0.0,0.0,0.0,0.0,0.0,0.0,0.0,0.0,0.0,0.0,0.0,0.0,0.0,0.0,0.0,0.0,0.0,0.0,0.0,0.0,0.0,0.0,0.0,0.0,0.0,0.0,0.0,0.0,0.0,0.0,0.0,0.0,0.0,0.0,0.0,0.0,0.0,0.0,0.0,0.0,0.0,0.0,0.0,0.0,0.0,0.0,0.0,0.0,0.0,0.0,0.0,0.0,69108.546875,0.0,303035.875,0.0,-15698.6171875,0.0,15698.625,0.0,-18.51095642808036,0.0,5.463483810424805,0.0,WA
8875625,WA,5306,212.04385375976562,2,0.0,0.0,0.0,2,0,0.0,0.0,107594.296875,30866.671875,52815.25,0.0,0.0,83681.921875,0.0,0.0,0.0,0.0,0.0,0.0,0.0,0.0,0.0,0.0,0.0,0.0,0.0,0.0,0.0,0.0,0.0,0.0,0.0,0.0,0.0,0.0,0.0,0.0,0.0,0.0,0.0,0.0,0.0,0.0,0.0,0.0,0.0,0.0,0.0,0.0,0.0,0.0,0.0,0.0,0.0,0.0,0.0,0.0,0.0,0.0,0.0,0.0,0.0,0.0,0.0,0.0,0.0,0.0,0.0,0.0,0.0,0.0,0.0,0.0,0.0,0.0,0.0,0.0,0.0,0.0,0.0,0.0,0.0,0.0,0.0,0.0,0.0,0.0,0.0,0.0,0.0,0.0,0.0,0.0,0.0,0.0,0.0,0.0,0.0,0.0,107594.296875,83681.921875,0.0,0.0,0.0,0.0,0.0,0.0,0.0,0.0,WA
8875626,WA,5306,0.16647586226463318,2,0.0,106527.65625,106530.78125,2,0,3446.925048828125,0.0,121950.1953125,0.0,0.0,0.0,0.0,0.0,-213.385009765625,0.0,213.3828125,0.0,0.0,0.0,0.0,0.0,1272.0,0.0,-1272.0,0.0,0.0,0.0,0.0,0.0,0.0,0.0,0.0,0.0,0.0,0.0,0.0,0.0,0.0,0.0,0.0,0.0,0.0,0.0,0.0,0.0,0.0,0.0,0.0,0.0,0.0,0.0,0.0,0.0,0.0,0.0,0.0,0.0,0.0,0.0,0.0,0.0,0.0,0.0,0.0,0.0,0.0,0.0,0.0,0.0,0.0,0.0,0.0,0.0,0.0,0.0,0.0,0.0,-1440.0,0.0,1440.0,0.0,0.0,0.0,0.0,0.0,0.0,0.0,0.0,0.0,0.0,0.0,0.0,0.0,0.0,0.0,0.0,0.0,3065.5400390625,0.0,122331.578125,0.0,-381.385009765625,0.0,381.3828125,0.0,-11.064499644263721,0.0,0.31273654103279114,0.0,WA
8875627,WA,5306,1.0107890367507935,4,2.0,474208.4375,608733.25,4,0,156330.203125,0.0,350133.40625,0.0,0.0,0.0,0.0,0.0,0.0,0.0,0.0,0.0,0.0,0.0,0.0,0.0,0.0,0.0,0.0,0.0,0.0,0.0,0.0,0.0,0.0,0.0,0.0,0.0,0.0,0.0,0.0,0.0,-1400.0,0.0,1400.0,0.0,-21613.21875,0.0,21613.21875,0.0,0.0,0.0,0.0,0.0,0.0,0.0,0.0,0.0,0.0,0.0,0.0,0.0,-2109.28125,0.0,2109.28125,0.0,0.0,0.0,0.0,0.0,3.421875,0.0,-3.40625,0.0,0.0,0.0,0.0,0.0,0.0,0.0,0.0,0.0,0.0,0.0,0.0,0.0,0.0,0.0,0.0,0.0,0.0,0.0,0.0,0.0,0.0,0.0,0.0,0.0,0.0,0.0,0.0,0.0,131211.125,0.0,375252.5,0.0,-25119.078125,0.0,25119.09375,0.0,-16.067962314943742,0.0,7.174149036407471,0.0,WA
8875628,WA,5306,1.5476982593536377,2,0.0,5198.4990234375,169123.515625,2,0,17927.0859375,0.0,201015.375,41670.64453125,0.0,0.0,0.0,41670.64453125,-2632.158203125,0.0,2632.15625,0.0,-163.333984375,0.0,163.328125,0.0,2332.0,0.0,-2332.0,0.0,0.0,0.0,0.0,0.0,0.0,0.0,0.0,0.0,0.0,0.0,0.0,0.0,-4.01171875,0.0,4.015625,0.0,0.0,0.0,0.0,0.0,0.0,0.0,0.0,0.0,0.0,0.0,0.0,0.0,-440.0,0.0,440.0,0.0,0.0,0.0,0.0,0.0,0.0,0.0,0.0,0.0,0.0,0.0,0.0,0.0,0.0,0.0,0.0,0.0,0.0,0.0,0.0,0.0,-2387.5703125,0.0,2387.5625,0.0,0.0,0.0,0.0,0.0,0.0,0.0,0.0,0.0,0.0,0.0,0.0,0.0,0.0,0.0,0.0,0.0,14632.01171875,0.0,204310.4375,41670.64453125,-3295.07421875,0.0,3295.0625,0.0,-18.380422954616073,0.0,1.6392091512680054,0.0,WA
8875629,WA,5306,1.1967203617095947,1,0.0,200698.0,379174.9375,1,0,89436.6796875,0.0,326678.5625,40589.421875,0.0,0.0,0.0,40589.421875,-1278.6328125,0.0,1278.65625,0.0,0.0,0.0,0.0,0.0,0.0,0.0,0.0,0.0,0.0,0.0,0.0,0.0,0.0,0.0,0.0,0.0,0.0,0.0,0.0,0.0,-1400.0,0.0,1400.0,0.0,-9215.171875,0.0,9215.15625,0.0,0.0,0.0,0.0,0.0,0.0,0.0,0.0,0.0,0.0,0.0,0.0,0.0,-1945.5546875,0.0,1945.5625,0.0,0.0,0.0,0.0,0.0,1846.8515625,0.0,-1846.84375,0.0,0.0,0.0,0.0,0.0,0.0,0.0,0.0,0.0,0.0,0.0,0.0,0.0,0.0,0.0,0.0,0.0,0.0,0.0,0.0,0.0,0.0,0.0,0.0,0.0,0.0,0.0,0.0,0.0,77444.171875,0.0,338671.09375,40589.421875,-11992.5078125,0.0,11992.53125,0.0,-13.408936752127792,0.0,3.6710493564605713,0.0,WA
8875630,WA,5306,1.0165051221847534,2,0.0,0.0,95564.046875,2,0,8541.373046875,0.0,134636.59375,40936.0234375,0.0,0.0,0.0,40936.0234375,-1232.27490234375,0.0,1232.28125,0.0,-1872.0,0.0,1872.0,0.0,1272.0,0.0,-1272.0,0.0,0.0,0.0,0.0,0.0,0.0,0.0,0.0,0.0,0.0,0.0,0.0,0.0,0.0,0.0,0.0,0.0,0.0,0.0,0.0,0.0,0.0,0.0,0.0,0.0,0.0,0.0,0.0,0.0,0.0,0.0,0.0,0.0,0.0,0.0,0.0,0.0,0.0,0.0,0.0,0.0,0.0,0.0,0.0,0.0,0.0,0.0,0.0,0.0,0.0,0.0,0.0,0.0,-1440.0,0.0,1440.0,0.0,0.0,0.0,0.0,0.0,0.0,0.0,0.0,0.0,0.0,0.0,0.0,0.0,0.0,0.0,0.0,0.0,5269.09814453125,0.0,137908.875,40936.0234375,-3272.27490234375,0.0,3272.28125,0.0,-38.310876768705995,0.0,2.430454730987549,0.0,WA
8875631,WA,5306,2940.131103515625,2,0.0,239998.5693359375,847662.5625,2,0,206344.4375,22637.9609375,608926.1875,0.0,0.0,0.0,0.0,0.0,0.0,0.0,0.0,0.0,0.0,0.0,0.0,0.0,0.0,0.0,0.0,0.0,0.0,0.0,0.0,0.0,0.0,0.0,0.0,0.0,0.0,0.0,0.0,0.0,-1152.25,0.0,1152.25,0.0,-36166.0,0.0,36166.0,0.0,0.0,0.0,0.0,0.0,0.0,0.0,0.0,0.0,-352.578125,0.0,352.5625,0.0,0.0,0.0,0.0,0.0,0.0,0.0,0.0,0.0,0.0,0.0,0.0,0.0,0.0,0.0,0.0,0.0,0.0,0.0,0.0,0.0,0.0,0.0,0.0,0.0,0.0,0.0,0.0,0.0,0.0,0.0,0.0,0.0,0.0,0.0,0.0,0.0,0.0,0.0,0.0,0.0,168673.609375,22637.9609375,646597.0,0.0,-37670.828125,0.0,37670.8125,0.0,-18.256284773850517,0.0,6.1864333152771,0.0,WA
8875632,WA,5306,3470.994873046875,3,0.0,80813.16259765625,101537.9267578125,3,0,9044.413452148438,-341.9477844238281,125388.5390625,23166.703125,8792.986328125,5691.9091796875,0.0,37651.5986328125,-1444.27099609375,0.0,1444.265625,0.0,-2338.418502807617,0.0,2338.421875,0.0,1538.418441772461,0.0,-1538.421875,0.0,0.0,0.0,0.0,0.0,0.0,0.0,0.0,0.0,0.0,0.0,0.0,0.0,0.0,0.0,0.0,0.0,0.0,0.0,0.0,0.0,0.0,0.0,0.0,0.0,0.0,0.0,0.0,0.0,-220.0,0.0,220.0,0.0,0.0,0.0,0.0,0.0,0.0,0.0,0.0,0.0,0.0,0.0,0.0,0.0,0.0,0.0,0.0,0.0,0.0,0.0,0.0,0.0,0.0,0.0,0.0,0.0,-84.1639404296875,0.0,84.1640625,0.0,0.0,0.0,0.0,0.0,0.0,0.0,0.0,0.0,0.0,0.0,0.0,0.0,6495.978454589844,-341.9477844238281,127936.96875,37651.5986328125,-2548.4349975585938,0.0,2548.4296875,0.0,-28.17689628013667,0.0,2.032426357269287,0.0,WA
8875633,WA,5306,0.7923481464385986,2,0.0,164376.52734375,258844.015625,2,0,46512.7265625,0.0,289453.15625,39237.89453125,0.0,0.0,0.0,39237.89453125,-2710.90625,0.0,2710.90625,0.0,0.0,0.0,0.0,0.0,986.05078125,0.0,-986.0625,0.0,0.0,0.0,0.0,0.0,0.0,0.0,0.0,0.0,0.0,0.0,0.0,0.0,-1801.3515625,0.0,1801.375,0.0,-5546.65234375,0.0,5546.625,0.0,0.0,0.0,0.0,0.0,0.0,0.0,0.0,0.0,-468.9296875,0.0,468.9375,0.0,0.0,0.0,0.0,0.0,0.0,0.0,0.0,0.0,0.0,0.0,0.0,0.0,0.0,0.0,0.0,0.0,0.0,0.0,0.0,0.0,-1203.26171875,0.0,1203.28125,0.0,0.0,0.0,0.0,0.0,0.0,0.0,0.0,0.0,0.0,0.0,0.0,0.0,0.0,0.0,0.0,0.0,35767.67578125,0.0,300198.21875,39237.89453125,-10745.05078125,0.0,10745.0625,0.0,-23.101313501395534,0.0,3.7121939659118652,0.0,WA
8875634,WA,5306,0.747153639793396,2,0.0,391323.78125,819161.5625,2,0,200493.171875,714.5119018554688,599756.625,0.0,0.0,0.0,0.0,0.0,-2885.296875,0.0,2885.25,0.0,0.0,0.0,0.0,0.0,0.0,0.0,0.0,0.0,0.0,0.0,0.0,0.0,0.0,0.0,0.0,0.0,0.0,0.0,0.0,0.0,-1613.09375,0.0,1613.125,0.0,-23369.25,0.0,23369.25,0.0,0.0,0.0,0.0,0.0,0.0,0.0,0.0,0.0,-740.0,0.0,740.0,0.0,0.0,0.0,0.0,0.0,0.0,0.0,0.0,0.0,0.0,0.0,0.0,0.0,0.0,0.0,0.0,0.0,0.0,0.0,0.0,0.0,0.0,0.0,0.0,0.0,0.0,0.0,0.0,0.0,0.0,0.0,0.0,0.0,0.0,0.0,0.0,0.0,0.0,0.0,0.0,0.0,171885.53125,714.5119018554688,628364.25,0.0,-28607.640625,0.0,28607.625,0.0,-14.268635862988788,0.0,4.769872188568115,0.0,WA
8875635,WA,5306,1.5394251346588135,2,0.0,75237.203125,551409.1544799805,2,0,124465.7265625,714.5119018554688,480388.0625,27661.625,0.0,0.0,0.0,27661.625,0.0,0.0,0.0,0.0,0.0,0.0,0.0,0.0,0.0,0.0,0.0,0.0,0.0,0.0,0.0,0.0,0.0,0.0,0.0,0.0,0.0,0.0,0.0,0.0,-1400.0,0.0,1400.0,0.0,-16565.8359375,0.0,16565.8125,0.0,0.0,0.0,0.0,0.0,0.0,0.0,0.0,0.0,0.0,0.0,0.0,0.0,0.0,0.0,0.0,0.0,0.0,0.0,0.0,0.0,0.0,0.0,0.0,0.0,0.0,0.0,0.0,0.0,0.0,0.0,0.0,0.0,0.0,0.0,0.0,0.0,0.0,0.0,0.0,0.0,0.0,0.0,0.0,0.0,0.0,0.0,0.0,0.0,0.0,0.0,0.0,0.0,106499.890625,714.5119018554688,498353.875,27661.625,-17965.8359375,0.0,17965.8125,0.0,-14.434363927870958,0.0,3.739853858947754,0.0,WA
8875636,WA,5306,1.379084587097168,4,2.0,340680.7421875,1016756.75,4,0,285307.1875,0.0,714046.8125,0.0,0.0,0.0,0.0,0.0,-6819.0625,0.0,6819.0625,0.0,0.0,0.0,0.0,0.0,0.0,0.0,0.0,0.0,0.0,0.0,0.0,0.0,0.0,0.0,0.0,0.0,0.0,0.0,0.0,0.0,-1946.21875,0.0,1946.25,0.0,-19861.8125,0.0,19861.75,0.0,0.0,0.0,0.0,0.0,0.0,0.0,0.0,0.0,0.0,0.0,0.0,0.0,-6393.515625,0.0,6393.5,0.0,0.0,0.0,0.0,0.0,1043.75,0.0,-1043.75,0.0,0.0,0.0,0.0,0.0,0.0,0.0,0.0,0.0,0.0,0.0,0.0,0.0,0.0,0.0,0.0,0.0,0.0,0.0,0.0,0.0,0.0,0.0,0.0,0.0,0.0,0.0,0.0,0.0,251330.328125,0.0,748023.625,0.0,-33976.859375,0.0,33976.8125,0.0,-11.908869058898139,0.0,4.758345127105713,0.0,WA
8875637,WA,5306,272.45526123046875,2,0.0,0.0,8254.1376953125,2,0,0.0,0.0,67224.4296875,29453.427734375,0.0,0.0,0.0,29453.427734375,0.0,0.0,0.0,0.0,0.0,0.0,0.0,0.0,0.0,0.0,0.0,0.0,0.0,0.0,0.0,0.0,0.0,0.0,0.0,0.0,0.0,0.0,0.0,0.0,0.0,0.0,0.0,0.0,0.0,0.0,0.0,0.0,0.0,0.0,0.0,0.0,0.0,0.0,0.0,0.0,0.0,0.0,0.0,0.0,0.0,0.0,0.0,0.0,0.0,0.0,0.0,0.0,0.0,0.0,0.0,0.0,0.0,0.0,0.0,0.0,0.0,0.0,0.0,0.0,0.0,0.0,0.0,0.0,0.0,0.0,0.0,0.0,0.0,0.0,0.0,0.0,0.0,0.0,0.0,0.0,0.0,0.0,0.0,0.0,0.0,0.0,67224.4296875,29453.427734375,0.0,0.0,0.0,0.0,0.0,0.0,0.0,0.0,WA
8875638,WA,5306,767.3152465820312,1,0.0,206258.734375,646415.1875,1,0,148002.1875,0.0,524219.625,24609.142578125,0.0,0.0,0.0,24609.142578125,-2822.328125,0.0,2822.3125,0.0,0.0,0.0,0.0,0.0,0.0,0.0,0.0,0.0,0.0,0.0,0.0,0.0,0.0,0.0,0.0,0.0,0.0,0.0,0.0,0.0,-1789.546875,0.0,1789.5625,0.0,-210.453125,0.0,210.4375,0.0,0.0,0.0,0.0,0.0,0.0,0.0,0.0,0.0,0.0,0.0,0.0,0.0,-3678.78125,0.0,3678.8125,0.0,0.0,0.0,0.0,0.0,0.0,0.0,0.0,0.0,0.0,0.0,0.0,0.0,0.0,0.0,0.0,0.0,0.0,0.0,0.0,0.0,0.0,0.0,0.0,0.0,0.0,0.0,0.0,0.0,0.0,0.0,0.0,0.0,0.0,0.0,0.0,0.0,139501.078125,0.0,532720.75,24609.142578125,-8501.109375,0.0,8501.125,0.0,-5.743907923658223,0.0,1.62167227268219,0.0,WA
8875639,WA,5306,830.507080078125,1,0.0,66270.109375,75719.90625,1,0,9992.4765625,0.0,85428.5546875,20712.2890625,0.0,0.0,0.0,20712.2890625,-1614.09765625,0.0,1614.1015625,0.0,-1715.99951171875,0.0,1716.0,0.0,1166.0,0.0,-1166.0,0.0,0.0,0.0,0.0,0.0,0.0,0.0,0.0,0.0,0.0,0.0,0.0,0.0,0.0,0.0,0.0,0.0,0.0,0.0,0.0,0.0,0.0,0.0,0.0,0.0,0.0,0.0,0.0,0.0,0.0,0.0,0.0,0.0,0.0,0.0,0.0,0.0,0.0,0.0,0.0,0.0,0.0,0.0,0.0,0.0,0.0,0.0,0.0,0.0,0.0,0.0,0.0,0.0,0.0,0.0,0.0,0.0,0.0,0.0,0.0,0.0,0.0,0.0,0.0,0.0,0.0,0.0,0.0,0.0,0.0,0.0,0.0,0.0,7828.37939453125,0.0,87592.65625,20712.2890625,-2164.09716796875,0.0,2164.1015625,0.0,-21.65726538794421,0.0,2.5332298278808594,0.0,WA
8875640,WA,5306,790.8853759765625,1,0.0,103680.859375,113985.25,1,0,18762.298828125,0.0,107256.1171875,18197.2421875,0.0,0.0,0.0,18197.2421875,-2661.9462890625,0.0,2661.9453125,0.0,-1037.2138671875,0.0,1037.2109375,0.0,1166.0,0.0,-1166.0,0.0,0.0,0.0,0.0,0.0,0.0,0.0,0.0,0.0,0.0,0.0,0.0,0.0,0.0,0.0,0.0,0.0,0.0,0.0,0.0,0.0,0.0,0.0,0.0,0.0,0.0,0.0,0.0,0.0,-220.0,0.0,220.0,0.0,0.0,0.0,0.0,0.0,0.0,0.0,0.0,0.0,0.0,0.0,0.0,0.0,0.0,0.0,0.0,0.0,0.0,0.0,0.0,0.0,0.0,0.0,0.0,0.0,0.0,0.0,0.0,0.0,0.0,0.0,0.0,0.0,0.0,0.0,0.0,0.0,0.0,0.0,0.0,0.0,16009.138671875,0.0,110009.2734375,18197.2421875,-2753.16015625,0.0,2753.15625,0.0,-14.673895674889087,0.0,2.566899061203003,0.0,WA
8875641,WA,5306,218.5702667236328,2,0.0,404107.20703125,1464360.375,2,0,366555.33740234375,27055.572265625,1127503.5,2310.357177734375,0.0,0.0,0.0,2310.357177734375,-3169.69873046875,0.0,3169.625,0.0,-936.0,0.0,936.0,0.0,636.0,0.0,-636.0,0.0,0.0,0.0,0.0,0.0,0.0,0.0,0.0,0.0,0.0,0.0,0.0,0.0,-1750.0,0.0,1750.0,0.0,0.0,0.0,0.0,0.0,0.0,0.0,0.0,0.0,0.0,0.0,0.0,0.0,0.0,0.0,0.0,0.0,-11204.03125,0.0,11204.0,0.0,0.0,0.0,0.0,0.0,0.0,0.0,0.0,0.0,0.0,0.0,0.0,0.0,0.0,0.0,0.0,0.0,0.0,0.0,0.0,0.0,0.0,0.0,0.0,0.0,0.0,0.0,0.0,0.0,0.0,0.0,0.0,0.0,0.0,0.0,0.0,0.0,350131.607421875,27055.572265625,1143927.125,2310.357177734375,-16423.72998046875,0.0,16423.625,0.0,-4.480559496652888,0.0,1.4566363096237183,0.0,WA
8875642,WA,5306,835.5047607421875,2,0.0,47255.880859375,47255.880859375,2,0,1994.6131591796875,0.0,61509.80859375,0.0,8792.986328125,5934.587890625,0.0,14727.57421875,-63.4361572265625,0.0,63.4375,0.0,-1409.75830078125,0.0,1409.7578125,0.0,875.8009033203125,0.0,-875.80078125,0.0,0.0,0.0,0.0,0.0,0.0,0.0,0.0,0.0,0.0,0.0,0.0,0.0,0.0,0.0,0.0,0.0,0.0,0.0,0.0,0.0,0.0,0.0,0.0,0.0,0.0,0.0,0.0,0.0,0.0,0.0,0.0,0.0,0.0,0.0,0.0,0.0,0.0,0.0,0.0,0.0,0.0,0.0,0.0,0.0,0.0,0.0,0.0,0.0,-345.80078125,0.0,345.80078125,0.0,0.0,0.0,0.0,0.0,0.0,0.0,0.0,0.0,0.0,0.0,0.0,0.0,0.0,0.0,0.0,0.0,0.0,0.0,0.0,0.0,1051.4188232421875,0.0,62453.00390625,14727.57421875,-943.1943359375,0.0,943.1953125,0.0,-47.2870807853991,0.0,1.533406376838684,0.0,WA
8875643,WA,5306,563.6971435546875,1,0.0,38519.9609375,38519.9609375,1,0,2434.383056640625,0.0,34602.15234375,0.0,0.0,0.0,0.0,0.0,-248.87646484375,0.0,248.87890625,0.0,-379.111328125,0.0,379.109375,0.0,636.0,0.0,-636.0,0.0,0.0,0.0,0.0,0.0,0.0,0.0,0.0,0.0,0.0,0.0,0.0,0.0,0.0,0.0,0.0,0.0,0.0,0.0,0.0,0.0,0.0,0.0,0.0,0.0,0.0,0.0,0.0,0.0,-120.0,0.0,120.0,0.0,0.0,0.0,0.0,0.0,0.0,0.0,0.0,0.0,0.0,0.0,0.0,0.0,0.0,0.0,0.0,0.0,-436.181396484375,0.0,436.1796875,0.0,0.0,0.0,0.0,0.0,-62.25830078125,0.0,62.2578125,0.0,0.0,0.0,0.0,0.0,0.0,0.0,0.0,0.0,0.0,0.0,0.0,0.0,1823.95556640625,0.0,35212.578125,0.0,-610.427490234375,0.0,610.42578125,0.0,-25.075243954283287,0.0,1.7641266584396362,0.0,WA
8875644,WA,5306,968.5528564453125,1,0.0,117195.609375,112473.5703125,1,0,14090.8984375,0.0,96456.625,0.0,0.0,0.0,0.0,0.0,-2105.908203125,0.0,2105.90625,0.0,0.0,0.0,0.0,0.0,1166.0,0.0,-1166.0,0.0,0.0,0.0,0.0,0.0,0.0,0.0,0.0,0.0,0.0,0.0,0.0,0.0,0.0,0.0,0.0,0.0,0.0,0.0,0.0,0.0,0.0,0.0,0.0,0.0,0.0,0.0,0.0,0.0,0.0,0.0,0.0,0.0,0.0,0.0,0.0,0.0,0.0,0.0,0.0,0.0,0.0,0.0,0.0,0.0,0.0,0.0,0.0,0.0,-3268.2900390625,0.0,3268.2890625,0.0,0.0,0.0,0.0,0.0,0.0,0.0,0.0,0.0,0.0,0.0,0.0,0.0,0.0,0.0,0.0,0.0,0.0,0.0,0.0,0.0,9882.7001953125,0.0,100664.8203125,0.0,-4208.1982421875,0.0,4208.1953125,0.0,-29.86465526561638,0.0,4.3627848625183105,0.0,WA
8875645,WA,5306,2001.9393310546875,3,0.0,74257.79443359375,83096.38037109375,2,1,6393.757507324219,0.0,93728.5625,2941.423095703125,17585.97265625,0.0,0.0,20527.395751953125,-926.171875,0.0,926.171875,0.0,-1508.8993530273438,0.0,1508.90625,0.0,958.8993530273438,0.0,-958.90625,0.0,0.0,0.0,0.0,0.0,0.0,0.0,0.0,0.0,0.0,0.0,0.0,0.0,0.0,0.0,0.0,0.0,0.0,0.0,0.0,0.0,0.0,0.0,0.0,0.0,0.0,0.0,0.0,0.0,-120.0,0.0,120.0,0.0,0.0,0.0,0.0,0.0,0.0,0.0,0.0,0.0,0.0,0.0,0.0,0.0,0.0,0.0,0.0,0.0,0.0,0.0,0.0,0.0,0.0,0.0,0.0,0.0,0.0,0.0,0.0,0.0,0.0,0.0,0.0,0.0,0.0,0.0,0.0,0.0,0.0,0.0,0.0,0.0,4797.585632324219,0.0,95324.734375,20527.395751953125,-1596.171875,0.0,1596.171875,0.0,-24.96453569237718,0.0,1.702972650527954,0.0,WA
8875646,WA,5306,1.021108865737915,5,2.0,198855.53076171875,214490.29785156247,5,0,26628.489257812496,-1015.3218383789062,192901.59375,0.0,16079.84326171875,0.0,0.0,16079.84326171875,-4242.337890625,0.0,4242.34375,0.0,-2808.0,0.0,2808.0,0.0,1908.0,0.0,-1908.0,0.0,0.0,0.0,0.0,0.0,-639.1547851562464,0.0,639.15625,0.0,0.0,0.0,0.0,0.0,-57.361328125,0.0,57.359375,0.0,0.0,0.0,0.0,0.0,0.0,0.0,0.0,0.0,0.0,0.0,0.0,0.0,0.0,0.0,0.0,0.0,0.0,0.0,0.0,0.0,0.0,0.0,0.0,0.0,0.0,0.0,0.0,0.0,0.0,0.0,0.0,0.0,0.0,0.0,0.0,0.0,0.0,0.0,0.0,0.0,0.0,0.0,0.0,0.0,0.0,0.0,0.0,0.0,0.0,0.0,0.0,0.0,0.0,0.0,-3643.421875,-3643.428466796875,20789.63525390625,-1015.3218383789062,195097.03125,12436.414794921875,-5838.854003906246,0.0,2195.4375,-3643.428466796875,-21.927094501589846,0.0,1.1381126642227173,-22.658358091529273,WA
8875647,WA,5306,1175.8382568359375,3,0.0,67568.0693359375,66629.08203125,3,0,2679.1546020507812,0.0,66086.46875,0.0,0.0,0.0,0.0,0.0,-101.0380859375,0.0,101.0390625,0.0,-1856.7042236328125,0.0,1856.703125,0.0,1056.7042236328125,0.0,-1056.703125,0.0,0.0,0.0,0.0,0.0,0.0,0.0,0.0,0.0,0.0,0.0,0.0,0.0,0.0,0.0,0.0,0.0,0.0,0.0,0.0,0.0,0.0,0.0,0.0,0.0,0.0,0.0,0.0,0.0,0.0,0.0,0.0,0.0,0.0,0.0,0.0,0.0,0.0,0.0,0.0,0.0,0.0,0.0,0.0,0.0,0.0,0.0,0.0,0.0,0.0,0.0,0.0,0.0,0.0,0.0,0.0,0.0,-164.34637451171875,0.0,164.34375,0.0,0.0,0.0,0.0,0.0,0.0,0.0,0.0,0.0,0.0,0.0,0.0,0.0,1613.7701416015625,0.0,67151.8515625,0.0,-1065.3844604492188,0.0,1065.3828125,0.0,-39.765695478480836,0.0,1.6121042966842651,0.0,WA
8875648,WA,5306,1.4185831546783447,5,0.0,324124.95703125,561382.572265625,5,0,102814.29864501953,0.0,304242.71875,29820.798828125,8792.986328125,0.0,0.0,38613.78515625,-497.4755859375,0.0,497.46875,0.0,-3024.6234741210938,0.0,3024.625,0.0,2223.0387573242188,0.0,-2223.03125,0.0,0.0,0.0,0.0,0.0,0.0,0.0,0.0,0.0,0.0,0.0,0.0,0.0,-2.802734375,0.0,2.8125,0.0,-10080.796875,0.0,10080.78125,0.0,0.0,0.0,0.0,0.0,0.0,0.0,0.0,0.0,0.0,0.0,0.0,0.0,-1000.3125,0.0,1000.3125,0.0,0.0,0.0,0.0,0.0,0.0,0.0,0.0,0.0,-527.0388793945312,0.0,527.0625,0.0,0.0,0.0,0.0,0.0,0.0,0.0,0.0,0.0,0.0,0.0,0.0,0.0,0.0,0.0,0.0,0.0,0.0,0.0,0.0,0.0,0.0,0.0,0.0,0.0,89904.28735351562,0.0,317152.75,38613.78515625,-12910.011291503906,0.0,12910.03125,0.0,-12.556630217434533,0.0,4.243332862854004,0.0,WA
8875649,WA,5306,2571.098876953125,2,0.0,86364.8515625,214649.4140625,2,0,35765.171875,0.0,232116.609375,53820.046875,0.0,0.0,0.0,53820.046875,-5108.9326171875,0.0,5108.921875,0.0,-3440.8955078125,0.0,3440.90625,0.0,2332.0009765625,0.0,-2332.0,0.0,0.0,0.0,0.0,0.0,0.0,0.0,0.0,0.0,0.0,0.0,0.0,0.0,-161.705078125,0.0,161.703125,0.0,0.0,0.0,0.0,0.0,0.0,0.0,0.0,0.0,0.0,0.0,0.0,0.0,0.0,0.0,0.0,0.0,0.0,0.0,0.0,0.0,0.0,0.0,0.0,0.0,0.0,0.0,0.0,0.0,0.0,0.0,0.0,0.0,0.0,0.0,0.0,0.0,0.0,0.0,0.0,0.0,0.0,0.0,0.0,0.0,0.0,0.0,0.0,0.0,0.0,0.0,0.0,0.0,0.0,0.0,0.0,0.0,29385.6396484375,0.0,238496.140625,53820.046875,-6379.5322265625,0.0,6379.53125,0.0,-17.83727546133175,0.0,2.7484166622161865,0.0,WA
8875650,WA,5306,0.7051033973693848,3,1.0,114329.8828125,117610.4765625,3,0,8014.3203125,0.0,122117.84375,0.0,0.0,0.0,0.0,0.0,-1246.86376953125,0.0,1246.859375,0.0,0.0,0.0,0.0,0.0,1908.00048828125,0.0,-1908.0,0.0,0.0,0.0,0.0,0.0,-1600.0,0.0,1600.0,0.0,0.0,0.0,0.0,0.0,-600.0,0.0,600.0,0.0,0.0,0.0,0.0,0.0,0.0,0.0,0.0,0.0,0.0,0.0,0.0,0.0,0.0,0.0,0.0,0.0,0.0,0.0,0.0,0.0,0.0,0.0,0.0,0.0,0.0,0.0,0.0,0.0,0.0,0.0,0.0,0.0,0.0,0.0,0.0,0.0,0.0,0.0,0.0,0.0,-330.7470703125,0.0,330.75,0.0,0.0,0.0,0.0,0.0,0.0,0.0,0.0,0.0,0.0,0.0,0.0,0.0,6144.7099609375,0.0,123987.453125,0.0,-1869.6103515625,0.0,1869.609375,0.0,-23.32837069971428,0.0,1.5309878587722778,0.0,WA
8875651,WA,5306,344.9993896484375,1,0.0,0.0,0.0,1,0,0.0,0.0,52604.875,26446.279296875,0.0,0.0,0.0,26446.279296875,0.0,0.0,0.0,0.0,0.0,0.0,0.0,0.0,0.0,0.0,0.0,0.0,0.0,0.0,0.0,0.0,0.0,0.0,0.0,0.0,0.0,0.0,0.0,0.0,0.0,0.0,0.0,0.0,0.0,0.0,0.0,0.0,0.0,0.0,0.0,0.0,0.0,0.0,0.0,0.0,0.0,0.0,0.0,0.0,0.0,0.0,0.0,0.0,0.0,0.0,0.0,0.0,0.0,0.0,0.0,0.0,0.0,0.0,0.0,0.0,0.0,0.0,0.0,0.0,0.0,0.0,0.0,0.0,0.0,0.0,0.0,0.0,0.0,0.0,0.0,0.0,0.0,0.0,0.0,0.0,0.0,0.0,0.0,0.0,0.0,0.0,52604.875,26446.279296875,0.0,0.0,0.0,0.0,0.0,0.0,0.0,0.0,WA
8875652,WA,5306,576.735595703125,2,0.0,44212.36328125,87072.1328125,2,0,12830.533203125,0.0,73965.171875,0.0,0.0,0.0,0.0,0.0,-1954.6640625,0.0,1954.6640625,0.0,-1716.0,0.0,1716.0,0.0,1166.0,0.0,-1166.0,0.0,0.0,0.0,0.0,0.0,0.0,0.0,0.0,0.0,0.0,0.0,0.0,0.0,0.0,0.0,0.0,0.0,0.0,0.0,0.0,0.0,0.0,0.0,0.0,0.0,0.0,0.0,0.0,0.0,0.0,0.0,0.0,0.0,0.0,0.0,0.0,0.0,0.0,0.0,0.0,0.0,0.0,0.0,0.0,0.0,0.0,0.0,0.0,0.0,0.0,0.0,0.0,0.0,0.0,0.0,0.0,0.0,0.0,0.0,0.0,0.0,0.0,0.0,0.0,0.0,0.0,0.0,0.0,0.0,0.0,0.0,0.0,0.0,10325.869140625,0.0,76469.8359375,0.0,-2504.6640625,0.0,2504.6640625,0.0,-19.52112217666811,0.0,3.386275053024292,0.0,WA
8875653,WA,5306,7.238908767700195,5,3.0,394171.87890625,1472581.81640625,5,0,342666.73583984375,25698.302612304688,1179385.375,0.0,7286.85693359375,0.0,0.0,7286.85693359375,-574.875,0.0,574.875,0.0,-1202.5,0.0,1202.5,0.0,2237.87890625,0.0,-2238.0,0.0,0.0,0.0,0.0,0.0,-3600.0,0.0,3600.0,0.0,0.0,0.0,0.0,0.0,-2499.15625,0.0,2499.125,0.0,0.0,0.0,0.0,0.0,0.0,0.0,0.0,0.0,0.0,0.0,0.0,0.0,0.0,0.0,0.0,0.0,-11559.84375,0.0,11559.875,0.0,0.0,0.0,0.0,0.0,0.0,0.0,0.0,0.0,0.0,0.0,0.0,0.0,0.0,0.0,0.0,0.0,0.0,0.0,0.0,0.0,0.0,0.0,0.0,0.0,0.0,0.0,0.0,0.0,0.0,0.0,0.0,0.0,0.0,0.0,0.0,0.0,325468.23974609375,25698.302612304688,1196583.75,7286.85693359375,-17198.49609375,0.0,17198.375,0.0,-5.019015356596582,0.0,1.4582489728927612,0.0,WA
8875654,WA,5306,1.024204969406128,2,0.0,154738.14453125,479327.5625,2,0,103302.46875,0.0,378793.9375,0.0,0.0,0.0,0.0,0.0,0.0,0.0,0.0,0.0,0.0,0.0,0.0,0.0,0.0,0.0,0.0,0.0,0.0,0.0,0.0,0.0,0.0,0.0,0.0,0.0,0.0,0.0,0.0,0.0,-2275.8984375,0.0,2275.90625,0.0,-23135.859375,0.0,23135.84375,0.0,0.0,0.0,0.0,0.0,0.0,0.0,0.0,0.0,-471.3203125,0.0,471.34375,0.0,0.0,0.0,0.0,0.0,0.0,0.0,0.0,0.0,0.0,0.0,0.0,0.0,0.0,0.0,0.0,0.0,0.0,0.0,0.0,0.0,0.0,0.0,0.0,0.0,0.0,0.0,0.0,0.0,0.0,0.0,0.0,0.0,0.0,0.0,0.0,0.0,0.0,0.0,0.0,0.0,77419.390625,0.0,404677.03125,0.0,-25883.078125,0.0,25883.09375,0.0,-25.0556239731686,0.0,6.833027362823486,0.0,WA
8875655,WA,5306,1964.1322021484375,2,0.0,0.0,37969.546875,2,0,746.9547119140625,0.0,80742.4921875,24850.666015625,0.0,0.0,0.0,24850.666015625,0.0,0.0,0.0,0.0,-746.9547119140625,0.0,746.953125,0.0,246.95468139648438,0.0,-246.953125,0.0,0.0,0.0,0.0,0.0,0.0,0.0,0.0,0.0,0.0,0.0,0.0,0.0,0.0,0.0,0.0,0.0,0.0,0.0,0.0,0.0,0.0,0.0,0.0,0.0,0.0,0.0,0.0,0.0,0.0,0.0,0.0,0.0,0.0,0.0,0.0,0.0,0.0,0.0,0.0,0.0,0.0,0.0,0.0,0.0,0.0,0.0,0.0,0.0,0.0,0.0,0.0,0.0,-246.95468139648438,0.0,246.953125,0.0,0.0,0.0,0.0,0.0,0.0,0.0,0.0,0.0,0.0,0.0,0.0,0.0,0.0,0.0,0.0,0.0,0.0,0.0,81489.4453125,24850.666015625,-746.9547119140625,0.0,746.953125,0.0,-100.0,0.0,0.9251053333282471,0.0,WA
8875656,WA,5306,2911.363037109375,1,0.0,204043.453125,224834.171875,1,0,45787.05859375,0.0,195236.484375,24834.3203125,0.0,0.0,0.0,24834.3203125,-4912.640625,0.0,4912.640625,0.0,0.0,0.0,0.0,0.0,58.41015625,0.0,-58.40625,0.0,0.0,0.0,0.0,0.0,0.0,0.0,0.0,0.0,0.0,0.0,0.0,0.0,0.0,0.0,0.0,0.0,0.0,0.0,0.0,0.0,0.0,0.0,0.0,0.0,0.0,0.0,0.0,0.0,0.0,0.0,0.0,0.0,0.0,0.0,0.0,0.0,0.0,0.0,0.0,0.0,0.0,0.0,0.0,0.0,0.0,0.0,0.0,0.0,0.0,0.0,0.0,0.0,0.0,0.0,0.0,0.0,0.0,0.0,0.0,0.0,0.0,0.0,0.0,0.0,0.0,0.0,0.0,0.0,0.0,0.0,0.0,0.0,40932.828125,0.0,200090.71875,24834.3203125,-4854.23046875,0.0,4854.234375,0.0,-10.60175214970592,0.0,2.4863357543945312,0.0,WA
8875657,WA,5306,1046.8585205078125,3,0.0,53888.675048828125,57506.405517578125,3,0,4085.2100219726562,-341.9477844238281,80014.296875,0.0,17585.97265625,0.0,0.0,17585.97265625,-703.2412109375,0.0,703.25,0.0,-882.939453125,0.0,882.9375,0.0,636.0,0.0,-636.0,0.0,0.0,0.0,0.0,0.0,0.0,0.0,0.0,0.0,0.0,0.0,0.0,0.0,-600.0,0.0,600.0,0.0,0.0,0.0,0.0,0.0,0.0,0.0,0.0,0.0,0.0,0.0,0.0,0.0,0.0,0.0,0.0,0.0,0.0,0.0,0.0,0.0,0.0,0.0,0.0,0.0,0.0,0.0,0.0,0.0,0.0,0.0,0.0,0.0,-477.254150390625,0.0,477.25,0.0,0.0,0.0,0.0,0.0,0.0,0.0,0.0,0.0,0.0,0.0,0.0,0.0,0.0,0.0,0.0,0.0,0.0,0.0,0.0,0.0,2057.7752075195312,-341.9477844238281,82041.734375,17585.97265625,-2027.434814453125,0.0,2027.4375,0.0,-49.628655651689655,0.0,2.533843994140625,0.0,WA
8875658,WA,5306,3209.1171875,3,0.0,22303.50390625,323862.21875,3,0,54713.265625,0.0,349464.34375,57351.6328125,8792.986328125,0.0,0.0,66144.619140625,0.0,0.0,0.0,0.0,0.0,0.0,0.0,0.0,0.0,0.0,0.0,0.0,0.0,0.0,0.0,0.0,0.0,0.0,0.0,0.0,0.0,0.0,0.0,0.0,-1950.0,0.0,1950.0,0.0,-9616.296875,0.0,9616.3125,0.0,0.0,0.0,0.0,0.0,0.0,0.0,0.0,0.0,-440.0,0.0,440.0,0.0,0.0,0.0,0.0,0.0,0.0,0.0,0.0,0.0,0.0,0.0,0.0,0.0,0.0,0.0,0.0,0.0,-77.4140625,0.0,77.40625,0.0,-345.015625,0.0,345.0,0.0,0.0,0.0,0.0,0.0,0.0,0.0,0.0,0.0,0.0,0.0,0.0,0.0,0.0,0.0,0.0,0.0,42284.5390625,0.0,361893.0625,66144.619140625,-12428.7265625,0.0,12428.71875,0.0,-22.71611175192031,0.0,3.5565056800842285,0.0,WA
8875659,WA,5306,1937.7894287109375,4,2.0,137539.41015625,184990.828125,4,0,24522.70703125,0.0,158020.375,0.0,0.0,0.0,0.0,0.0,-3916.724609375,0.0,3916.71875,0.0,-2256.3671875,0.0,2256.375,0.0,3488.3671875,0.0,-3488.375,0.0,0.0,0.0,0.0,0.0,-4400.0,0.0,4400.0,0.0,0.0,0.0,0.0,0.0,-2118.13671875,0.0,2118.140625,0.0,0.0,0.0,0.0,0.0,0.0,0.0,0.0,0.0,0.0,0.0,0.0,0.0,-440.0,0.0,440.0,0.0,0.0,0.0,0.0,0.0,0.0,0.0,0.0,0.0,0.0,0.0,0.0,0.0,0.0,0.0,0.0,0.0,-227.341796875,0.0,227.34375,0.0,0.0,0.0,0.0,0.0,0.0,0.0,0.0,0.0,0.0,0.0,0.0,0.0,0.0,0.0,0.0,0.0,0.0,0.0,0.0,0.0,14652.50390625,0.0,167890.578125,0.0,-9870.203125,0.0,9870.203125,0.0,-40.249239663557994,0.0,6.246158599853516,0.0,WA
8875660,WA,5306,0.10757321119308472,2,0.0,383288.3125,1441231.125,2,0,363085.9499511719,27055.572265625,1107125.875,0.0,0.0,0.0,0.0,0.0,-2475.8212890625,0.0,2475.75,0.0,-935.9998779296875,0.0,936.0,0.0,636.0,0.0,-636.0,0.0,0.0,0.0,0.0,0.0,0.0,0.0,0.0,0.0,0.0,0.0,0.0,0.0,-1750.0,0.0,1750.0,0.0,0.0,0.0,0.0,0.0,0.0,0.0,0.0,0.0,0.0,0.0,0.0,0.0,0.0,0.0,0.0,0.0,-11204.03125,0.0,11204.125,0.0,0.0,0.0,0.0,0.0,0.0,0.0,0.0,0.0,0.0,0.0,0.0,0.0,0.0,0.0,0.0,0.0,0.0,0.0,0.0,0.0,0.0,0.0,0.0,0.0,0.0,0.0,0.0,0.0,0.0,0.0,0.0,0.0,0.0,0.0,0.0,0.0,347356.0975341797,27055.572265625,1122855.75,0.0,-15729.852416992188,0.0,15729.875,0.0,-4.332266896889718,0.0,1.4207847118377686,0.0,WA
8875661,WA,5306,0.19766996800899506,2,0.0,31826.107421875,36962.3994140625,2,0,2126.416015625,0.0,70885.4140625,287.68316650390625,26407.625,10663.1650390625,0.0,37358.473205566406,-187.2830810546875,0.0,187.28125,0.0,-896.522216796875,0.0,896.5234375,0.0,596.522216796875,0.0,-596.5234375,0.0,0.0,0.0,0.0,0.0,0.0,0.0,0.0,0.0,0.0,0.0,0.0,0.0,0.0,0.0,0.0,0.0,0.0,0.0,0.0,0.0,0.0,0.0,0.0,0.0,0.0,0.0,0.0,0.0,0.0,0.0,0.0,0.0,0.0,0.0,0.0,0.0,0.0,0.0,0.0,0.0,0.0,0.0,0.0,0.0,0.0,0.0,0.0,0.0,0.0,0.0,0.0,0.0,0.0,0.0,0.0,0.0,0.0,0.0,0.0,0.0,0.0,0.0,0.0,0.0,0.0,0.0,0.0,0.0,0.0,0.0,0.0,0.0,1639.1329345703125,0.0,71372.6953125,37358.473205566406,-487.2830810546875,0.0,487.28125,0.0,-22.915698408689064,0.0,0.6874210238456726,0.0,WA
8875662,WA,5306,0.35112887620925903,2,0.0,29503.03515625,34046.08203125,2,0,1697.7116088867188,-341.9477844238281,53511.90625,0.0,8792.986328125,0.0,0.0,8792.986328125,-227.1865234375,0.0,227.1875,0.0,-829.216552734375,0.0,829.21875,0.0,636.0,0.0,-636.0,0.0,0.0,0.0,0.0,0.0,0.0,0.0,0.0,0.0,0.0,0.0,0.0,0.0,0.0,0.0,0.0,0.0,0.0,0.0,0.0,0.0,0.0,0.0,0.0,0.0,0.0,0.0,0.0,0.0,0.0,0.0,0.0,0.0,0.0,0.0,0.0,0.0,0.0,0.0,0.0,0.0,0.0,0.0,0.0,0.0,0.0,0.0,0.0,0.0,0.0,0.0,0.0,0.0,0.0,0.0,0.0,0.0,-51.8817138671875,0.0,51.8828125,0.0,0.0,0.0,0.0,0.0,0.0,0.0,0.0,0.0,0.0,0.0,0.0,0.0,1225.4268188476562,-341.9477844238281,53984.1953125,8792.986328125,-472.2847900390625,0.0,472.2890625,0.0,-27.818905611935186,0.0,0.8825868368148804,0.0,WA
8875663,WA,5306,0.11691799759864807,5,1.0,317752.609375,370661.0,5,0,50404.10156250001,0.0,356318.4375,17852.15234375,0.0,0.0,0.0,17852.15234375,-7524.523437500007,0.0,7524.5,0.0,-3562.59765625,0.0,3562.59375,0.0,5830.0,0.0,-5830.0,0.0,0.0,0.0,0.0,0.0,-2200.0,0.0,2200.0,0.0,0.0,0.0,0.0,0.0,-49.26171875,0.0,49.28125,0.0,0.0,0.0,0.0,0.0,0.0,0.0,0.0,0.0,0.0,0.0,0.0,0.0,-880.0,0.0,880.0,0.0,0.0,0.0,0.0,0.0,0.0,0.0,0.0,0.0,0.0,0.0,0.0,0.0,0.0,0.0,0.0,0.0,0.0,0.0,0.0,0.0,-676.873046875,0.0,676.875,0.0,-535.03125,0.0,535.0,0.0,0.0,0.0,0.0,0.0,0.0,0.0,0.0,0.0,0.0,0.0,0.0,0.0,40805.814453125,0.0,365916.6875,17852.15234375,-9598.287109375007,0.0,9598.25,0.0,-19.04267075859558,0.0,2.69372820854187,0.0,WA
8875664,WA,5306,41.397071838378906,1,0.0,4687.6982421875,4687.6982421875,1,0,0.0,0.0,41045.6328125,18667.115234375,0.0,0.0,0.0,18667.115234375,0.0,0.0,0.0,0.0,0.0,0.0,0.0,0.0,0.0,0.0,0.0,0.0,0.0,0.0,0.0,0.0,0.0,0.0,0.0,0.0,0.0,0.0,0.0,0.0,0.0,0.0,0.0,0.0,0.0,0.0,0.0,0.0,0.0,0.0,0.0,0.0,0.0,0.0,0.0,0.0,0.0,0.0,0.0,0.0,0.0,0.0,0.0,0.0,0.0,0.0,0.0,0.0,0.0,0.0,0.0,0.0,0.0,0.0,0.0,0.0,0.0,0.0,0.0,0.0,0.0,0.0,0.0,0.0,0.0,0.0,0.0,0.0,0.0,0.0,0.0,0.0,0.0,0.0,0.0,0.0,0.0,0.0,0.0,0.0,0.0,0.0,41045.6328125,18667.115234375,0.0,0.0,0.0,0.0,0.0,0.0,0.0,0.0,WA
8875665,WA,5306,0.10018885135650635,4,2.0,82076.19921875,107847.23828125,4,0,7408.7802734375,0.0,117063.9921875,0.0,8792.986328125,8192.3974609375,0.0,16985.3837890625,-1351.755859375,0.0,1351.75,0.0,-1443.0,0.0,1443.0,0.0,2330.42431640625,0.0,-2330.421875,0.0,0.0,0.0,0.0,0.0,-3350.0,0.0,3350.0,0.0,0.0,0.0,0.0,0.0,-1022.42431640625,0.0,1022.421875,0.0,0.0,0.0,0.0,0.0,0.0,0.0,0.0,0.0,0.0,0.0,0.0,0.0,0.0,0.0,0.0,0.0,0.0,0.0,0.0,0.0,0.0,0.0,0.0,0.0,0.0,0.0,0.0,0.0,0.0,0.0,0.0,0.0,0.0,0.0,0.0,0.0,0.0,0.0,0.0,0.0,0.0,0.0,0.0,0.0,0.0,0.0,0.0,0.0,0.0,0.0,0.0,0.0,0.0,0.0,0.0,0.0,2572.0244140625,0.0,121900.7421875,16985.3837890625,-4836.755859375,0.0,4836.75,0.0,-65.2841045470884,0.0,4.131714820861816,0.0,WA
8875666,WA,5306,114.82379913330078,2,0.0,11912.26953125,48694.05078125,2,0,2562.26708984375,0.0,118060.53125,37431.859375,8792.986328125,0.0,0.0,46224.845703125,-274.453369140625,0.0,274.453125,0.0,-936.0,0.0,936.0,0.0,636.0,0.0,-636.0,0.0,0.0,0.0,0.0,0.0,0.0,0.0,0.0,0.0,0.0,0.0,0.0,0.0,0.0,0.0,0.0,0.0,0.0,0.0,0.0,0.0,0.0,0.0,0.0,0.0,0.0,0.0,0.0,0.0,0.0,0.0,0.0,0.0,0.0,0.0,0.0,0.0,0.0,0.0,0.0,0.0,0.0,0.0,0.0,0.0,0.0,0.0,0.0,0.0,0.0,0.0,0.0,0.0,-720.0,0.0,720.0,0.0,0.0,0.0,0.0,0.0,0.0,0.0,0.0,0.0,0.0,0.0,0.0,0.0,0.0,0.0,0.0,0.0,1267.813720703125,0.0,119354.984375,46224.845703125,-1294.453369140625,0.0,1294.453125,0.0,-50.51984526794833,0.0,1.0964317321777344,0.0,WA
8875667,WA,5306,0.12455429136753082,5,0.0,185963.3115234375,152971.5966796875,5,0,9629.36572265625,0.0,190618.90625,17630.89453125,8792.986328125,6690.4638671875,0.0,33114.3447265625,-1211.873046875,0.0,1211.875,0.0,-2458.3223876953125,0.0,2458.328125,0.0,1879.260498046875,0.0,-1879.265625,0.0,0.0,0.0,0.0,0.0,0.0,0.0,0.0,0.0,0.0,0.0,0.0,0.0,0.0,0.0,0.0,0.0,0.0,0.0,0.0,0.0,0.0,0.0,0.0,0.0,0.0,0.0,0.0,0.0,0.0,0.0,0.0,0.0,0.0,0.0,0.0,0.0,0.0,0.0,0.0,0.0,0.0,0.0,0.0,0.0,0.0,0.0,0.0,0.0,0.0,0.0,0.0,0.0,0.0,0.0,0.0,0.0,0.0,0.0,0.0,0.0,0.0,0.0,0.0,0.0,0.0,0.0,0.0,0.0,0.0,0.0,0.0,0.0,7838.4307861328125,0.0,192409.84375,33114.3447265625,-1790.9349365234375,0.0,1790.9375,0.0,-18.598680204965877,0.0,0.9395382404327393,0.0,WA
8875668,WA,5306,0.14903083443641663,3,0.0,183337.22412109375,266592.99169921875,3,0,47325.66491699219,-341.9477844238281,286580.34375,55651.32421875,0.0,0.0,0.0,55651.32421875,-5283.42578125,0.0,5283.4375,0.0,0.0,0.0,0.0,0.0,921.234375,0.0,-921.25,0.0,0.0,0.0,0.0,0.0,0.0,0.0,0.0,0.0,0.0,0.0,0.0,0.0,-1711.84375,0.0,1711.84375,0.0,-3817.40234375,0.0,3817.40625,0.0,0.0,0.0,0.0,0.0,0.0,0.0,0.0,0.0,0.0,0.0,0.0,0.0,0.0,0.0,0.0,0.0,0.0,0.0,0.0,0.0,0.0,0.0,0.0,0.0,0.0,0.0,0.0,0.0,0.0,0.0,0.0,0.0,-1278.6640625,0.0,1278.65625,0.0,0.0,0.0,0.0,0.0,0.0,0.0,0.0,0.0,0.0,0.0,0.0,0.0,0.0,0.0,0.0,0.0,36155.56335449219,-341.9477844238281,297750.4375,55651.32421875,-11170.1015625,0.0,11170.09375,0.0,-23.602629951617217,0.0,3.8977179527282715,0.0,WA
8875669,WA,5306,0.15325713157653809,4,1.0,175931.845703125,176623.537109375,3,1,18695.196166992188,0.0,158985.078125,0.0,0.0,0.0,0.0,0.0,-2969.87353515625,0.0,2969.875,0.0,-3902.744873046875,0.0,3902.75,0.0,3668.744873046875,0.0,-3668.75,0.0,0.0,0.0,0.0,0.0,-500.0,0.0,500.0,0.0,0.0,0.0,0.0,0.0,0.0,0.0,0.0,0.0,0.0,0.0,0.0,0.0,0.0,0.0,0.0,0.0,0.0,0.0,0.0,0.0,-5.3486328125,0.0,5.34375,0.0,0.0,0.0,0.0,0.0,0.0,0.0,0.0,0.0,0.0,0.0,0.0,0.0,0.0,0.0,0.0,0.0,0.0,0.0,0.0,0.0,0.0,0.0,0.0,0.0,0.0,0.0,0.0,0.0,0.0,0.0,0.0,0.0,0.0,0.0,0.0,0.0,0.0,0.0,0.0,0.0,14985.973999023438,0.0,162694.296875,0.0,-3709.22216796875,0.0,3709.21875,0.0,-19.84050948081341,0.0,2.3330609798431396,0.0,WA
8875670,WA,5306,0.09349113702774048,3,0.0,190935.701171875,382302.25390625,3,0,62810.35205078125,0.0,341834.9375,12373.015625,0.0,3013.924560546875,0.0,15386.940185546875,-4606.84521484375,0.0,4606.84375,0.0,-936.0,0.0,936.0,0.0,636.0,0.0,-636.0,0.0,0.0,0.0,0.0,0.0,0.0,0.0,0.0,0.0,0.0,0.0,0.0,0.0,-6095.71875,0.0,6095.71875,0.0,0.0,0.0,0.0,0.0,0.0,0.0,0.0,0.0,0.0,0.0,0.0,0.0,0.0,0.0,0.0,0.0,0.0,0.0,0.0,0.0,0.0,0.0,0.0,0.0,0.0,0.0,0.0,0.0,0.0,0.0,0.0,0.0,0.0,0.0,0.0,0.0,0.0,0.0,0.0,0.0,0.0,0.0,0.0,0.0,0.0,0.0,0.0,0.0,0.0,0.0,0.0,0.0,0.0,0.0,0.0,0.0,51807.7880859375,0.0,352837.5,15386.940185546875,-11002.56396484375,0.0,11002.5625,0.0,-17.51711876403485,0.0,3.218676805496216,0.0,WA
8875671,WA,5306,0.11179112643003464,1,0.0,126474.9765625,499091.75,1,0,134085.59375,0.0,389165.6875,0.0,0.0,0.0,0.0,0.0,-865.78125,0.0,865.75,0.0,-1961.4375,0.0,1961.4375,0.0,0.0,0.0,0.0,0.0,0.0,0.0,0.0,0.0,0.0,0.0,0.0,0.0,0.0,0.0,0.0,0.0,-17594.09375,0.0,17594.125,0.0,-4316.640625,0.0,4316.625,0.0,0.0,0.0,0.0,0.0,0.0,0.0,0.0,0.0,-350.0,0.0,350.0,0.0,0.0,0.0,0.0,0.0,0.0,0.0,0.0,0.0,0.0,0.0,0.0,0.0,0.0,0.0,0.0,0.0,0.0,0.0,0.0,0.0,0.0,0.0,0.0,0.0,0.0,0.0,0.0,0.0,0.0,0.0,0.0,0.0,0.0,0.0,0.0,0.0,0.0,0.0,0.0,0.0,108997.640625,0.0,414253.625,0.0,-25087.953125,0.0,25087.9375,0.0,-18.710401634776666,0.0,6.446595668792725,0.0,WA
8875672,WA,5306,188.3373260498047,1,0.0,0.0,0.0,1,0,0.0,0.0,39656.47265625,21804.3203125,0.0,0.0,0.0,21804.3203125,0.0,0.0,0.0,0.0,0.0,0.0,0.0,0.0,0.0,0.0,0.0,0.0,0.0,0.0,0.0,0.0,0.0,0.0,0.0,0.0,0.0,0.0,0.0,0.0,0.0,0.0,0.0,0.0,0.0,0.0,0.0,0.0,0.0,0.0,0.0,0.0,0.0,0.0,0.0,0.0,0.0,0.0,0.0,0.0,0.0,0.0,0.0,0.0,0.0,0.0,0.0,0.0,0.0,0.0,0.0,0.0,0.0,0.0,0.0,0.0,0.0,0.0,0.0,0.0,0.0,0.0,0.0,0.0,0.0,0.0,0.0,0.0,0.0,0.0,0.0,0.0,0.0,0.0,0.0,0.0,0.0,0.0,0.0,0.0,0.0,0.0,39656.47265625,21804.3203125,0.0,0.0,0.0,0.0,0.0,0.0,0.0,0.0,WA
8875673,WA,5306,0.16568168997764587,3,1.0,164694.78125,164873.28125,3,0,22000.470703125,0.0,143455.265625,0.0,0.0,0.0,0.0,0.0,-3466.84375,0.0,3466.84375,0.0,-3432.0,0.0,3432.0,0.0,3498.0,0.0,-3498.0,0.0,0.0,0.0,0.0,0.0,-2200.0,0.0,2200.0,0.0,0.0,0.0,0.0,0.0,0.0,0.0,0.0,0.0,0.0,0.0,0.0,0.0,0.0,0.0,0.0,0.0,0.0,0.0,0.0,0.0,-281.12109375,0.0,281.125,0.0,0.0,0.0,0.0,0.0,0.0,0.0,0.0,0.0,0.0,0.0,0.0,0.0,0.0,0.0,0.0,0.0,0.0,0.0,0.0,0.0,0.0,0.0,0.0,0.0,-59.44921875,0.0,59.453125,0.0,0.0,0.0,0.0,0.0,0.0,0.0,0.0,0.0,0.0,0.0,0.0,0.0,16059.056640625,0.0,149396.6875,0.0,-5941.4140625,0.0,5941.421875,0.0,-27.005849750551324,0.0,4.141654968261719,0.0,WA
8875674,WA,5306,0.15808244049549103,4,2.0,88912.63806152344,88912.640625,4,0,4451.89599609375,0.0,93815.5703125,0.0,0.0,0.0,5620.5126953125,5620.5126953125,-814.37890625,0.0,814.375,0.0,-1872.000244140625,0.0,1872.0,0.0,2544.000244140625,0.0,-2544.0,0.0,0.0,0.0,0.0,0.0,-2400.0,0.0,2400.0,0.0,0.0,0.0,0.0,0.0,-0.7529296875,0.0,0.7578125,0.0,0.0,0.0,0.0,0.0,0.0,0.0,0.0,0.0,0.0,0.0,0.0,0.0,0.0,0.0,0.0,0.0,0.0,0.0,0.0,0.0,0.0,0.0,0.0,0.0,0.0,0.0,0.0,0.0,0.0,0.0,0.0,0.0,-1681.7587890625,0.0,1681.7578125,0.0,0.0,0.0,0.0,0.0,0.0,0.0,0.0,0.0,0.0,0.0,0.0,0.0,0.0,0.0,0.0,0.0,0.0,0.0,0.0,0.0,227.00537109375,0.0,98040.4609375,5620.5126953125,-4224.890625,0.0,4224.890625,0.0,-94.90092824960573,0.0,4.5034003257751465,0.0,WA
8875675,WA,5306,0.4171159863471985,2,0.0,32770.716796875,32770.71875,2,0,0.0,0.0,48409.609375,0.0,0.0,0.0,0.0,0.0,0.0,0.0,0.0,0.0,0.0,0.0,0.0,0.0,0.0,0.0,0.0,0.0,0.0,0.0,0.0,0.0,0.0,0.0,0.0,0.0,0.0,0.0,0.0,0.0,0.0,0.0,0.0,0.0,0.0,0.0,0.0,0.0,0.0,0.0,0.0,0.0,0.0,0.0,0.0,0.0,0.0,0.0,0.0,0.0,0.0,0.0,0.0,0.0,0.0,0.0,0.0,0.0,0.0,0.0,0.0,0.0,0.0,0.0,0.0,0.0,0.0,0.0,0.0,0.0,0.0,0.0,0.0,0.0,0.0,0.0,0.0,0.0,0.0,0.0,0.0,0.0,0.0,0.0,0.0,0.0,0.0,0.0,0.0,0.0,0.0,0.0,48409.609375,0.0,0.0,0.0,0.0,0.0,0.0,0.0,0.0,0.0,WA
8875676,WA,5306,117.77995300292969,1,0.0,2460.028076171875,2460.028076171875,1,0,0.0,0.0,40821.49609375,18469.8359375,0.0,0.0,0.0,18469.8359375,0.0,0.0,0.0,0.0,0.0,0.0,0.0,0.0,0.0,0.0,0.0,0.0,0.0,0.0,0.0,0.0,0.0,0.0,0.0,0.0,0.0,0.0,0.0,0.0,0.0,0.0,0.0,0.0,0.0,0.0,0.0,0.0,0.0,0.0,0.0,0.0,0.0,0.0,0.0,0.0,0.0,0.0,0.0,0.0,0.0,0.0,0.0,0.0,0.0,0.0,0.0,0.0,0.0,0.0,0.0,0.0,0.0,0.0,0.0,0.0,0.0,0.0,0.0,0.0,0.0,0.0,0.0,0.0,0.0,0.0,0.0,0.0,0.0,0.0,0.0,0.0,0.0,0.0,0.0,0.0,0.0,0.0,0.0,0.0,0.0,0.0,40821.49609375,18469.8359375,0.0,0.0,0.0,0.0,0.0,0.0,0.0,0.0,WA
8875677,WA,5306,107.80712890625,3,2.0,0.0,0.0,3,0,0.0,0.0,25502.53515625,9422.6904296875,16079.84326171875,0.0,0.0,25502.53369140625,0.0,0.0,0.0,0.0,0.0,0.0,0.0,0.0,0.0,0.0,0.0,0.0,0.0,0.0,0.0,0.0,0.0,0.0,0.0,0.0,0.0,0.0,0.0,0.0,0.0,0.0,0.0,0.0,0.0,0.0,0.0,0.0,0.0,0.0,0.0,0.0,0.0,0.0,0.0,0.0,0.0,0.0,0.0,0.0,0.0,0.0,0.0,0.0,0.0,0.0,0.0,0.0,0.0,0.0,0.0,0.0,0.0,0.0,0.0,0.0,0.0,0.0,0.0,0.0,0.0,0.0,0.0,0.0,0.0,0.0,0.0,0.0,0.0,0.0,0.0,0.0,0.0,0.0,0.0,0.0,0.0,0.0,0.0,0.0,0.0,0.0,25502.53515625,25502.53369140625,0.0,0.0,0.0,0.0,0.0,0.0,0.0,0.0,WA
8875678,WA,5306,0.1247224435210228,4,2.0,85347.4921875,85460.0625,4,0,3917.8837890625,0.0,86036.75,0.0,0.0,0.0,5620.5126953125,5620.5126953125,-707.57666015625,0.0,707.578125,0.0,-1872.0,0.0,1872.0,0.0,2544.0,0.0,-2544.0,0.0,0.0,0.0,0.0,0.0,-2400.0,0.0,2400.0,0.0,0.0,0.0,0.0,0.0,0.0,0.0,0.0,0.0,0.0,0.0,0.0,0.0,0.0,0.0,0.0,0.0,0.0,0.0,0.0,0.0,-5.3662109375,0.0,5.3671875,0.0,0.0,0.0,0.0,0.0,0.0,0.0,0.0,0.0,0.0,0.0,0.0,0.0,0.0,0.0,0.0,0.0,0.0,0.0,0.0,0.0,0.0,0.0,0.0,0.0,0.0,0.0,0.0,0.0,0.0,0.0,0.0,0.0,0.0,0.0,0.0,0.0,0.0,0.0,0.0,0.0,1476.94091796875,0.0,88477.6953125,5620.5126953125,-2440.94287109375,0.0,2440.9453125,0.0,-62.30258482673976,0.0,2.8370962142944336,0.0,WA
8875679,WA,5306,0.09637020528316498,3,1.0,94877.775390625,111912.703125,0,3,9196.9052734375,0.0,94875.625,0.0,0.0,0.0,0.0,0.0,-1663.380859375,0.0,1663.375,0.0,-1872.0,0.0,1872.0,0.0,1908.0,0.0,-1908.0,0.0,900.0,0.0,-900.0,0.0,0.0,0.0,0.0,0.0,0.0,0.0,0.0,0.0,-600.0,0.0,600.0,0.0,0.0,0.0,0.0,0.0,0.0,0.0,0.0,0.0,0.0,0.0,0.0,0.0,-203.4013671875,0.0,203.40625,0.0,0.0,0.0,0.0,0.0,0.0,0.0,0.0,0.0,0.0,0.0,0.0,0.0,0.0,0.0,0.0,0.0,0.0,0.0,0.0,0.0,0.0,0.0,0.0,0.0,0.0,0.0,0.0,0.0,0.0,0.0,0.0,0.0,0.0,0.0,0.0,0.0,0.0,0.0,0.0,0.0,7666.123046875,0.0,96406.40625,0.0,-1530.7822265625,0.0,1530.78125,0.0,-16.64453618962136,0.0,1.6134610176086426,0.0,WA
8875680,WA,5306,0.1446603685617447,3,0.0,268733.443359375,301991.802734375,3,0,50674.86511230469,-105.17565155029297,247222.0,0.0,8792.986328125,0.0,0.0,8792.986328125,-6308.9599609375,0.0,6308.953125,0.0,-1716.0,0.0,1716.0,0.0,2438.0,0.0,-2438.0,0.0,0.0,0.0,0.0,0.0,0.0,0.0,0.0,0.0,0.0,0.0,0.0,0.0,0.0,0.0,0.0,0.0,-815.9453125,0.0,815.953125,0.0,0.0,0.0,0.0,0.0,0.0,0.0,0.0,0.0,-240.0,0.0,240.0,0.0,0.0,0.0,0.0,0.0,0.0,0.0,0.0,0.0,0.0,0.0,0.0,0.0,0.0,0.0,0.0,0.0,0.0,0.0,0.0,0.0,0.0,0.0,0.0,0.0,0.0,0.0,0.0,0.0,0.0,0.0,0.0,0.0,0.0,0.0,0.0,0.0,0.0,0.0,0.0,0.0,44031.95983886719,-105.17565155029297,253864.90625,8792.986328125,-6642.9052734375,0.0,6642.90625,0.0,-13.108876084259164,0.0,2.6870205402374268,0.0,WA
8875681,WA,5306,668.2695922851562,2,0.0,7489.763671875,7489.763671875,2,0,0.0,0.0,80653.3125,16071.349609375,52815.25,0.0,0.0,68886.599609375,0.0,0.0,0.0,0.0,0.0,0.0,0.0,0.0,0.0,0.0,0.0,0.0,0.0,0.0,0.0,0.0,0.0,0.0,0.0,0.0,0.0,0.0,0.0,0.0,0.0,0.0,0.0,0.0,0.0,0.0,0.0,0.0,0.0,0.0,0.0,0.0,0.0,0.0,0.0,0.0,0.0,0.0,0.0,0.0,0.0,0.0,0.0,0.0,0.0,0.0,0.0,0.0,0.0,0.0,0.0,0.0,0.0,0.0,0.0,0.0,0.0,0.0,0.0,0.0,0.0,0.0,0.0,0.0,0.0,0.0,0.0,0.0,0.0,0.0,0.0,0.0,0.0,0.0,0.0,0.0,0.0,0.0,0.0,0.0,0.0,0.0,80653.3125,68886.599609375,0.0,0.0,0.0,0.0,0.0,0.0,0.0,0.0,WA
8875682,WA,5306,0.11282462626695633,2,0.0,470.69195556640625,533082.3125,2,0,119497.484375,0.0,474949.9375,39628.09375,0.0,0.0,0.0,39628.09375,0.0,0.0,0.0,0.0,0.0,0.0,0.0,0.0,0.0,0.0,0.0,0.0,0.0,0.0,0.0,0.0,0.0,0.0,0.0,0.0,0.0,0.0,0.0,0.0,-1400.0,0.0,1400.0,0.0,-28996.3125,0.0,28996.3125,0.0,0.0,0.0,0.0,0.0,0.0,0.0,0.0,0.0,0.0,0.0,0.0,0.0,0.0,0.0,0.0,0.0,0.0,0.0,0.0,0.0,0.0,0.0,0.0,0.0,0.0,0.0,0.0,0.0,0.0,0.0,0.0,0.0,0.0,0.0,0.0,0.0,0.0,0.0,0.0,0.0,0.0,0.0,0.0,0.0,0.0,0.0,0.0,0.0,0.0,0.0,0.0,0.0,89101.171875,0.0,505346.25,39628.09375,-30396.3125,0.0,30396.3125,0.0,-25.436780246027666,0.0,6.399898052215576,0.0,WA
8875683,WA,5306,0.09416117519140244,1,0.0,114253.5,109531.4609375,1,0,13351.693359375,0.0,97420.8984375,0.0,0.0,0.0,0.0,0.0,-2017.203125,0.0,2017.203125,0.0,0.0,0.0,0.0,0.0,1166.0,0.0,-1166.0,0.0,0.0,0.0,0.0,0.0,0.0,0.0,0.0,0.0,0.0,0.0,0.0,0.0,0.0,0.0,0.0,0.0,0.0,0.0,0.0,0.0,0.0,0.0,0.0,0.0,0.0,0.0,0.0,0.0,0.0,0.0,0.0,0.0,0.0,0.0,0.0,0.0,0.0,0.0,0.0,0.0,0.0,0.0,0.0,0.0,0.0,0.0,0.0,0.0,0.0,0.0,0.0,0.0,0.0,0.0,0.0,0.0,0.0,0.0,0.0,0.0,0.0,0.0,0.0,0.0,0.0,0.0,0.0,0.0,0.0,0.0,0.0,0.0,12500.490234375,0.0,98272.1015625,0.0,-851.203125,0.0,851.203125,0.0,-6.375244713078441,0.0,0.8737376928329468,0.0,WA
8875684,WA,5306,0.09351565688848495,1,0.0,29229.1796875,29229.1796875,0,1,1736.876953125,0.0,30107.37890625,0.0,0.0,4851.1103515625,0.0,4851.1103515625,-109.3753662109375,0.0,109.37890625,0.0,-844.5836181640625,0.0,844.58203125,0.0,544.5836181640625,0.0,-544.58203125,0.0,0.0,0.0,0.0,0.0,0.0,0.0,0.0,0.0,0.0,0.0,0.0,0.0,0.0,0.0,0.0,0.0,0.0,0.0,0.0,0.0,0.0,0.0,0.0,0.0,0.0,0.0,0.0,0.0,0.0,0.0,0.0,0.0,0.0,0.0,0.0,0.0,0.0,0.0,0.0,0.0,0.0,0.0,0.0,0.0,0.0,0.0,0.0,0.0,0.0,0.0,0.0,0.0,0.0,0.0,0.0,0.0,0.0,0.0,0.0,0.0,0.0,0.0,0.0,0.0,0.0,0.0,-4851.111328125,-4851.1103515625,0.0,0.0,0.0,0.0,1327.5015869140625,0.0,25665.646484375,0.0,-409.3753662109375,0.0,-4441.732421875,-4851.1103515625,-23.569623943387974,0.0,-14.752968788146973,-100.0,WA
8875685,WA,5306,132.5829620361328,4,2.0,1346.1141357421875,32674.75,4,0,216.6816864013672,0.0,82545.078125,24436.453125,7286.85693359375,0.0,0.0,31723.31005859375,0.0,0.0,0.0,0.0,-216.6816864013672,0.0,216.6796875,0.0,0.0,0.0,0.0,0.0,0.0,0.0,0.0,0.0,0.0,0.0,0.0,0.0,0.0,0.0,0.0,0.0,0.0,0.0,0.0,0.0,0.0,0.0,0.0,0.0,0.0,0.0,0.0,0.0,0.0,0.0,0.0,0.0,0.0,0.0,0.0,0.0,0.0,0.0,0.0,0.0,0.0,0.0,0.0,0.0,0.0,0.0,0.0,0.0,0.0,0.0,0.0,0.0,0.0,0.0,0.0,0.0,0.0,0.0,0.0,0.0,0.0,0.0,0.0,0.0,0.0,0.0,0.0,0.0,0.0,0.0,0.0,0.0,0.0,0.0,0.0,0.0,0.0,0.0,82761.7578125,31723.31005859375,-216.6816864013672,0.0,216.6796875,0.0,-100.0,0.0,0.2624986171722412,0.0,WA
8875686,WA,5306,0.29210013151168823,4,2.0,195957.703125,289261.21875,4,0,48743.328125,0.0,226266.5625,0.0,0.0,0.0,0.0,0.0,0.0,0.0,0.0,0.0,0.0,0.0,0.0,0.0,0.0,0.0,0.0,0.0,0.0,0.0,0.0,0.0,-1000.0,0.0,1000.0,0.0,0.0,0.0,0.0,0.0,-4494.8984375,0.0,4494.90625,0.0,-9894.2265625,0.0,9894.21875,0.0,0.0,0.0,0.0,0.0,0.0,0.0,0.0,0.0,0.0,0.0,0.0,0.0,0.0,0.0,0.0,0.0,0.0,0.0,0.0,0.0,3185.4609375,0.0,-3185.46875,0.0,0.0,0.0,0.0,0.0,0.0,0.0,0.0,0.0,0.0,0.0,0.0,0.0,0.0,0.0,0.0,0.0,0.0,0.0,0.0,0.0,0.0,0.0,0.0,0.0,0.0,0.0,0.0,0.0,36539.6640625,0.0,238470.21875,0.0,-12203.6640625,0.0,12203.65625,0.0,-25.036583532425755,0.0,5.393486499786377,0.0,WA
8875687,WA,5306,531.7164306640625,3,0.0,19123.0517578125,19123.0517578125,3,0,156.60830688476562,0.0,66049.8515625,7001.27978515625,26378.958984375,0.0,0.0,33380.23876953125,0.0,0.0,0.0,0.0,-156.60830688476562,0.0,156.609375,0.0,0.0,0.0,0.0,0.0,0.0,0.0,0.0,0.0,0.0,0.0,0.0,0.0,0.0,0.0,0.0,0.0,0.0,0.0,0.0,0.0,0.0,0.0,0.0,0.0,0.0,0.0,0.0,0.0,0.0,0.0,0.0,0.0,0.0,0.0,0.0,0.0,0.0,0.0,0.0,0.0,0.0,0.0,0.0,0.0,0.0,0.0,0.0,0.0,0.0,0.0,0.0,0.0,0.0,0.0,0.0,0.0,0.0,0.0,0.0,0.0,0.0,0.0,0.0,0.0,0.0,0.0,0.0,0.0,0.0,0.0,0.0,0.0,0.0,0.0,0.0,0.0,0.0,0.0,66206.4609375,33380.23876953125,-156.60830688476562,0.0,156.609375,0.0,-100.0,0.0,0.23710784316062927,0.0,WA
8875688,WA,5306,200.3603973388672,1,0.0,0.0,0.0,1,0,0.0,0.0,78475.7890625,39237.89453125,0.0,0.0,0.0,39237.89453125,0.0,0.0,0.0,0.0,0.0,0.0,0.0,0.0,0.0,0.0,0.0,0.0,0.0,0.0,0.0,0.0,0.0,0.0,0.0,0.0,0.0,0.0,0.0,0.0,0.0,0.0,0.0,0.0,0.0,0.0,0.0,0.0,0.0,0.0,0.0,0.0,0.0,0.0,0.0,0.0,0.0,0.0,0.0,0.0,0.0,0.0,0.0,0.0,0.0,0.0,0.0,0.0,0.0,0.0,0.0,0.0,0.0,0.0,0.0,0.0,0.0,0.0,0.0,0.0,0.0,0.0,0.0,0.0,0.0,0.0,0.0,0.0,0.0,0.0,0.0,0.0,0.0,0.0,0.0,0.0,0.0,0.0,0.0,0.0,0.0,0.0,78475.7890625,39237.89453125,0.0,0.0,0.0,0.0,0.0,0.0,0.0,0.0,WA
8875689,WA,5306,0.12647144496440887,3,0.0,112831.80859375,114384.08984375,3,0,8146.8564453125,0.0,99629.3515625,0.0,0.0,1460.931640625,0.0,1460.931640625,-915.371337890625,0.0,915.375,0.0,-2514.8043212890625,0.0,2514.8046875,0.0,1695.9998779296875,0.0,-1696.0,0.0,0.0,0.0,0.0,0.0,0.0,0.0,0.0,0.0,0.0,0.0,0.0,0.0,0.0,0.0,0.0,0.0,0.0,0.0,0.0,0.0,0.0,0.0,0.0,0.0,0.0,0.0,0.0,0.0,0.0,0.0,0.0,0.0,0.0,0.0,0.0,0.0,0.0,0.0,0.0,0.0,0.0,0.0,0.0,0.0,0.0,0.0,0.0,0.0,0.0,0.0,0.0,0.0,-599.9998779296875,0.0,600.0,0.0,0.0,0.0,0.0,0.0,0.0,0.0,0.0,0.0,0.0,0.0,0.0,0.0,0.0,0.0,0.0,0.0,5812.6807861328125,0.0,101963.53125,1460.931640625,-2334.1756591796875,0.0,2334.1796875,0.0,-28.65124327215456,0.0,2.3428635597229004,0.0,WA
8875690,WA,5306,0.1017233207821846,3,1.0,200487.8203125,269570.09375,3,0,39839.546875,0.0,214799.359375,0.0,0.0,0.0,0.0,0.0,-4688.45703125,0.0,4688.453125,0.0,0.0,0.0,0.0,0.0,3498.0,0.0,-3498.0,0.0,0.0,0.0,0.0,0.0,-2200.0,0.0,2200.0,0.0,0.0,0.0,0.0,0.0,-1100.0,0.0,1100.0,0.0,0.0,0.0,0.0,0.0,0.0,0.0,0.0,0.0,0.0,0.0,0.0,0.0,0.0,0.0,0.0,0.0,0.0,0.0,0.0,0.0,0.0,0.0,0.0,0.0,0.0,0.0,0.0,0.0,0.0,0.0,0.0,0.0,0.0,0.0,0.0,0.0,0.0,0.0,0.0,0.0,0.0,0.0,0.0,0.0,0.0,0.0,0.0,0.0,0.0,0.0,0.0,0.0,0.0,0.0,0.0,0.0,35349.08984375,0.0,219289.8125,0.0,-4490.45703125,0.0,4490.453125,0.0,-11.271355684187862,0.0,2.09053373336792,0.0,WA
8875691,WA,5306,12.117925643920898,1,0.0,4701.48583984375,4701.48583984375,0,1,0.0,0.0,13134.80859375,0.0,8792.986328125,0.0,0.0,8792.986328125,0.0,0.0,0.0,0.0,0.0,0.0,0.0,0.0,0.0,0.0,0.0,0.0,0.0,0.0,0.0,0.0,0.0,0.0,0.0,0.0,0.0,0.0,0.0,0.0,0.0,0.0,0.0,0.0,0.0,0.0,0.0,0.0,0.0,0.0,0.0,0.0,0.0,0.0,0.0,0.0,0.0,0.0,0.0,0.0,0.0,0.0,0.0,0.0,0.0,0.0,0.0,0.0,0.0,0.0,0.0,0.0,0.0,0.0,0.0,0.0,0.0,0.0,0.0,0.0,0.0,0.0,0.0,0.0,0.0,0.0,0.0,0.0,0.0,0.0,0.0,0.0,0.0,0.0,0.0,0.0,0.0,0.0,0.0,0.0,0.0,0.0,13134.80859375,8792.986328125,0.0,0.0,0.0,0.0,0.0,0.0,0.0,0.0,WA
8875692,WA,5306,0.09805010259151459,6,0.0,204580.5205078125,208692.0947265625,1,5,18952.27569580078,-341.9477844238281,194447.65625,2426.03955078125,17585.97265625,0.0,0.0,20012.01220703125,-2931.399169921875,0.0,2931.390625,0.0,-4334.18603515625,0.0,4334.1875,0.0,2884.18603515625,0.0,-2884.1875,0.0,0.0,0.0,0.0,0.0,0.0,0.0,0.0,0.0,0.0,0.0,0.0,0.0,-642.2412109375,0.0,642.25,0.0,0.0,0.0,0.0,0.0,0.0,0.0,0.0,0.0,0.0,0.0,0.0,0.0,0.0,0.0,0.0,0.0,0.0,0.0,0.0,0.0,0.0,0.0,0.0,0.0,0.0,0.0,0.0,0.0,0.0,0.0,0.0,0.0,0.0,0.0,0.0,0.0,0.0,0.0,0.0,0.0,-146.90478515625,0.0,146.890625,0.0,0.0,0.0,0.0,0.0,0.0,0.0,0.0,0.0,0.0,0.0,0.0,0.0,13781.730529785156,-341.9477844238281,199618.1875,20012.01220703125,-5170.545166015625,0.0,5170.53125,0.0,-27.281922493145522,0.0,2.6590864658355713,0.0,WA
8875693,WA,5306,0.1442568451166153,3,1.0,36191.78830718994,35308.159423828125,0,3,548.9222412109375,0.0,41450.5859375,2716.1513671875,3643.428466796875,5181.7412109375,0.0,11541.321044921875,0.0,0.0,0.0,0.0,-1202.5,0.0,1202.5,0.0,1060.0,0.0,-1060.0,0.0,1000.0,0.0,-1000.0,0.0,0.0,0.0,0.0,0.0,0.0,0.0,0.0,0.0,-500.0,0.0,500.0,0.0,0.0,0.0,0.0,0.0,0.0,0.0,0.0,0.0,0.0,0.0,0.0,0.0,0.0,0.0,0.0,0.0,0.0,0.0,0.0,0.0,0.0,0.0,0.0,0.0,0.0,0.0,0.0,0.0,0.0,0.0,0.0,0.0,0.0,0.0,0.0,0.0,0.0,0.0,0.0,0.0,0.0,0.0,0.0,0.0,0.0,0.0,0.0,0.0,0.0,0.0,0.0,0.0,0.0,0.0,0.0,0.0,906.4222412109375,0.0,41093.0859375,11541.321044921875,357.5,0.0,-357.5,0.0,65.12762157557056,0.0,-0.8624727129936218,0.0,WA
8875694,WA,5306,0.1115698516368866,4,2.0,244406.7890625,342870.53125,4,0,62602.859375,0.0,307118.34375,0.0,0.0,0.0,0.0,0.0,0.0,0.0,0.0,0.0,0.0,0.0,0.0,0.0,0.0,0.0,0.0,0.0,0.0,0.0,0.0,0.0,-4400.0,0.0,4400.0,0.0,0.0,0.0,0.0,0.0,-7579.6640625,0.0,7579.65625,0.0,-3793.95703125,0.0,3793.9375,0.0,0.0,0.0,0.0,0.0,0.0,0.0,0.0,0.0,0.0,0.0,0.0,0.0,0.0,0.0,0.0,0.0,0.0,0.0,0.0,0.0,0.0,0.0,0.0,0.0,0.0,0.0,0.0,0.0,0.0,0.0,0.0,0.0,0.0,0.0,0.0,0.0,0.0,0.0,0.0,0.0,0.0,0.0,0.0,0.0,0.0,0.0,0.0,0.0,0.0,0.0,0.0,0.0,46829.23828125,0.0,322891.9375,0.0,-15773.62109375,0.0,15773.59375,0.0,-25.196326895012533,0.0,5.135998725891113,0.0,WA
8875695,WA,5306,29.12441635131836,1,0.0,4232.7158203125,4232.7158203125,1,0,0.0,0.0,13091.0126953125,389.11334228515625,8792.986328125,0.0,0.0,9182.099670410156,0.0,0.0,0.0,0.0,0.0,0.0,0.0,0.0,0.0,0.0,0.0,0.0,0.0,0.0,0.0,0.0,0.0,0.0,0.0,0.0,0.0,0.0,0.0,0.0,0.0,0.0,0.0,0.0,0.0,0.0,0.0,0.0,0.0,0.0,0.0,0.0,0.0,0.0,0.0,0.0,0.0,0.0,0.0,0.0,0.0,0.0,0.0,0.0,0.0,0.0,0.0,0.0,0.0,0.0,0.0,0.0,0.0,0.0,0.0,0.0,0.0,0.0,0.0,0.0,0.0,0.0,0.0,0.0,0.0,0.0,0.0,0.0,0.0,0.0,0.0,0.0,0.0,0.0,0.0,0.0,0.0,0.0,0.0,0.0,0.0,0.0,13091.0126953125,9182.099670410156,0.0,0.0,0.0,0.0,0.0,0.0,0.0,0.0,WA
8875696,WA,5306,0.20002050697803497,6,3.9999999999999996,620619.875,736759.4375,6,0,149202.578125,0.0,596993.1875,0.0,0.0,0.0,0.0,0.0,0.0,0.0,0.0,0.0,0.0,0.0,0.0,0.0,0.0,0.0,0.0,0.0,0.0,0.0,0.0,0.0,0.0,0.0,0.0,0.0,0.0,0.0,0.0,0.0,-1400.0,0.0,1400.0,0.0,-38948.0,0.0,38948.0,0.0,0.0,0.0,0.0,0.0,0.0,0.0,0.0,0.0,0.0,0.0,0.0,0.0,-2762.8281250000146,0.0,2762.8125,0.0,0.0,0.0,0.0,0.0,13585.78906250003,0.0,-13585.75,0.0,0.0,0.0,0.0,0.0,0.0,0.0,0.0,0.0,0.0,0.0,0.0,0.0,0.0,0.0,0.0,0.0,0.0,0.0,0.0,0.0,0.0,0.0,0.0,0.0,0.0,0.0,0.0,0.0,119677.53906250001,0.0,626518.25,0.0,-29525.039062499985,0.0,29525.0625,0.0,-19.788558236416186,0.0,4.9456281661987305,0.0,WA
8875697,WA,5306,0.08937129378318787,2,0.0,150033.5390625,156082.75,2,0,21077.751953125,0.0,126732.84375,2755.138671875,0.0,0.0,0.0,2755.138671875,-3347.1015625,0.0,3347.09375,0.0,-3432.0,0.0,3432.0,0.0,2332.0,0.0,-2332.0,0.0,0.0,0.0,0.0,0.0,0.0,0.0,0.0,0.0,0.0,0.0,0.0,0.0,-1100.0,0.0,1100.0,0.0,0.0,0.0,0.0,0.0,0.0,0.0,0.0,0.0,0.0,0.0,0.0,0.0,-440.0,0.0,440.0,0.0,0.0,0.0,0.0,0.0,0.0,0.0,0.0,0.0,0.0,0.0,0.0,0.0,0.0,0.0,0.0,0.0,0.0,0.0,0.0,0.0,0.0,0.0,0.0,0.0,-927.3857421875,0.0,927.390625,0.0,0.0,0.0,0.0,0.0,0.0,0.0,0.0,0.0,0.0,0.0,0.0,0.0,14163.2646484375,0.0,133647.328125,2755.138671875,-6914.4873046875,0.0,6914.484375,0.0,-32.80467158008449,0.0,5.4559526443481445,0.0,WA
8875698,WA,5306,66.5191879272461,1,0.0,0.0,19804.09765625,1,0,0.0,0.0,74299.0859375,26222.90234375,0.0,0.0,0.0,26222.90234375,0.0,0.0,0.0,0.0,0.0,0.0,0.0,0.0,165.40975952148438,0.0,-165.40625,0.0,0.0,0.0,0.0,0.0,0.0,0.0,0.0,0.0,0.0,0.0,0.0,0.0,0.0,0.0,0.0,0.0,0.0,0.0,0.0,0.0,0.0,0.0,0.0,0.0,0.0,0.0,0.0,0.0,0.0,0.0,0.0,0.0,0.0,0.0,0.0,0.0,0.0,0.0,0.0,0.0,0.0,0.0,0.0,0.0,0.0,0.0,0.0,0.0,0.0,0.0,0.0,0.0,-165.40975952148438,0.0,165.40625,0.0,0.0,0.0,0.0,0.0,0.0,0.0,0.0,0.0,0.0,0.0,0.0,0.0,0.0,0.0,0.0,0.0,0.0,0.0,74299.0859375,26222.90234375,0.0,0.0,0.0,0.0,0.0,0.0,0.0,0.0,WA
8875699,WA,5306,0.09597762674093246,3,0.0,28455.9453125,34953.599609375,3,0,-502.86651611328125,-341.9477844238281,81050.3125,8732.2958984375,26378.958984375,0.0,0.0,35111.2548828125,0.0,0.0,0.0,0.0,0.0,0.0,0.0,0.0,0.0,0.0,0.0,0.0,0.0,0.0,0.0,0.0,0.0,0.0,0.0,0.0,0.0,0.0,0.0,0.0,0.0,0.0,0.0,0.0,0.0,0.0,0.0,0.0,0.0,0.0,0.0,0.0,0.0,0.0,0.0,0.0,0.0,0.0,0.0,0.0,0.0,0.0,0.0,0.0,0.0,0.0,0.0,0.0,0.0,0.0,0.0,0.0,0.0,0.0,0.0,0.0,0.0,0.0,0.0,0.0,0.0,0.0,0.0,0.0,0.0,0.0,0.0,0.0,0.0,0.0,0.0,0.0,0.0,0.0,0.0,0.0,0.0,0.0,0.0,0.0,-502.86651611328125,-341.9477844238281,81050.3125,35111.2548828125,0.0,0.0,0.0,0.0,0.0,0.0,0.0,0.0,WA
8875700,WA,5306,0.10546721518039703,4,2.0,732621.83203125,1024044.4375,4,0,298184.46875,0.0,727588.25,0.0,0.0,0.0,0.0,0.0,-27991.0625,0.0,27991.125,0.0,-5499.28125,0.0,5499.25,0.0,0.0,0.0,0.0,0.0,0.0,0.0,0.0,0.0,0.0,0.0,0.0,0.0,0.0,0.0,0.0,0.0,-1400.0,0.0,1400.0,0.0,-619.90625,0.0,619.875,0.0,0.0,0.0,0.0,0.0,0.0,0.0,0.0,0.0,-740.015625,0.0,740.0,0.0,-430.5625,0.0,430.625,0.0,0.0,0.0,0.0,0.0,430.5625,0.0,-430.625,0.0,0.0,0.0,0.0,0.0,0.0,0.0,0.0,0.0,0.0,0.0,0.0,0.0,0.0,0.0,0.0,0.0,0.0,0.0,0.0,0.0,0.0,0.0,0.0,0.0,0.0,0.0,0.0,0.0,261934.203125,0.0,763838.5,0.0,-36250.265625,0.0,36250.25,0.0,-12.156993211941055,0.0,4.982247829437256,0.0,WA
8875701,WA,5306,0.15774497389793396,4,2.0,262099.171875,366971.375,4,0,68763.375,0.0,317444.96875,0.0,0.0,0.0,0.0,0.0,0.0,0.0,0.0,0.0,0.0,0.0,0.0,0.0,0.0,0.0,0.0,0.0,0.0,0.0,0.0,0.0,-4400.0,0.0,4400.0,0.0,0.0,0.0,0.0,0.0,-7234.11328125,0.0,7234.125,0.0,-7500.61328125,0.0,7500.59375,0.0,0.0,0.0,0.0,0.0,0.0,0.0,0.0,0.0,0.0,0.0,0.0,0.0,0.0,0.0,0.0,0.0,0.0,0.0,0.0,0.0,0.0,0.0,0.0,0.0,0.0,0.0,0.0,0.0,0.0,0.0,0.0,0.0,0.0,0.0,0.0,0.0,0.0,0.0,0.0,0.0,0.0,0.0,0.0,0.0,0.0,0.0,0.0,0.0,0.0,0.0,0.0,0.0,49628.6484375,0.0,336579.6875,0.0,-19134.7265625,0.0,19134.71875,0.0,-27.826915945443343,0.0,6.027728080749512,0.0,WA
8875702,WA,5306,0.20670150220394135,5,3.0,160623.13671875,160625.015625,5,0,15804.896484375,0.0,137035.0625,0.0,0.0,0.0,0.0,0.0,-2924.587890625,0.0,2924.578125,0.0,-1315.8046875,0.0,1315.8125,0.0,4463.0,0.0,-4463.0,0.0,0.0,0.0,0.0,0.0,-6150.0,0.0,6150.0,0.0,0.0,0.0,0.0,0.0,0.0,0.0,0.0,0.0,0.0,0.0,0.0,0.0,0.0,0.0,0.0,0.0,0.0,0.0,0.0,0.0,-237.638671875,0.0,237.640625,0.0,0.0,0.0,0.0,0.0,0.0,0.0,0.0,0.0,0.0,0.0,0.0,0.0,0.0,0.0,0.0,0.0,0.0,0.0,0.0,0.0,0.0,0.0,0.0,0.0,-180.72265625,0.0,180.71875,0.0,0.0,0.0,0.0,0.0,0.0,0.0,0.0,0.0,0.0,0.0,0.0,0.0,9459.142578125,0.0,143380.8125,0.0,-6345.75390625,0.0,6345.75,0.0,-40.15055658557159,0.0,4.630749225616455,0.0,WA
8875703,WA,5306,0.10195237398147583,4,2.0,44032.2578125,44032.2578125,3,1,-1162.75,0.0,53906.765625,23842.6875,24872.82958984375,0.0,0.0,48715.51708984375,0.0,0.0,0.0,0.0,-780.0,0.0,780.00390625,0.0,530.0,0.0,-530.0,0.0,2000.0,0.0,-2000.00390625,0.0,0.0,0.0,0.0,0.0,0.0,0.0,0.0,0.0,0.0,0.0,0.0,0.0,0.0,0.0,0.0,0.0,0.0,0.0,0.0,0.0,0.0,0.0,0.0,0.0,0.0,0.0,0.0,0.0,0.0,0.0,0.0,0.0,0.0,0.0,0.0,0.0,0.0,0.0,0.0,0.0,0.0,0.0,0.0,0.0,0.0,0.0,0.0,0.0,0.0,0.0,0.0,0.0,-43.2347412109375,0.0,43.234375,0.0,0.0,0.0,0.0,0.0,0.0,0.0,0.0,0.0,0.0,0.0,0.0,0.0,544.0152587890625,0.0,52200.0,48715.51708984375,1706.7652587890625,0.0,-1706.765625,0.0,146.78694979910233,0.0,-3.1661436557769775,0.0,WA
8875704,WA,5306,0.13799330592155457,4,2.0,93067.85766601562,479926.3125,2,2,121353.9296875,0.0,340742.625,0.0,0.0,0.0,0.0,0.0,0.0,0.0,0.0,0.0,0.0,0.0,0.0,0.0,0.0,0.0,0.0,0.0,0.0,0.0,0.0,0.0,0.0,0.0,0.0,0.0,0.0,0.0,0.0,0.0,-21032.5625,0.0,21032.5625,0.0,-25370.3984375,0.0,25370.4375,0.0,0.0,0.0,0.0,0.0,0.0,0.0,0.0,0.0,0.0,0.0,0.0,0.0,-778.7265625,0.0,778.71875,0.0,0.0,0.0,0.0,0.0,0.0,0.0,0.0,0.0,0.0,0.0,0.0,0.0,0.0,0.0,0.0,0.0,0.0,0.0,0.0,0.0,0.0,0.0,0.0,0.0,0.0,0.0,0.0,0.0,0.0,0.0,0.0,0.0,0.0,0.0,0.0,0.0,74172.2421875,0.0,387924.34375,0.0,-47181.6875,0.0,47181.71875,0.0,-38.87940639540734,0.0,13.846733093261719,0.0,WA
8875705,WA,5306,0.08762166649103165,3,1.0,254496.51171875,255522.421875,3,0,45023.734375,0.0,218601.109375,0.0,26407.625,0.0,0.0,26407.625,-6594.34375,0.0,6594.34375,0.0,0.0,0.0,0.0,0.0,3816.0,0.0,-3816.0,0.0,0.0,0.0,0.0,0.0,-500.0,0.0,500.0,0.0,0.0,0.0,0.0,0.0,0.0,0.0,0.0,0.0,-3511.04296875,0.0,3511.046875,0.0,0.0,0.0,0.0,0.0,0.0,0.0,0.0,0.0,-480.0,0.0,480.0,0.0,0.0,0.0,0.0,0.0,0.0,0.0,0.0,0.0,0.0,0.0,0.0,0.0,0.0,0.0,0.0,0.0,0.0,0.0,0.0,0.0,0.0,0.0,0.0,0.0,0.0,0.0,0.0,0.0,0.0,0.0,0.0,0.0,0.0,0.0,0.0,0.0,0.0,0.0,0.0,0.0,37754.34765625,0.0,225870.5,26407.625,-7269.38671875,0.0,7269.390625,0.0,-16.14567698495134,0.0,3.325413465499878,0.0,WA
8875706,WA,5306,0.0827125832438469,2,0.0,149691.58203125,154005.03125,2,0,20379.388671875,0.0,129747.640625,0.0,0.0,0.0,0.0,0.0,-3231.08984375,0.0,3231.09375,0.0,-3432.0009765625,0.0,3432.0,0.0,2332.0,0.0,-2332.0,0.0,0.0,0.0,0.0,0.0,0.0,0.0,0.0,0.0,0.0,0.0,0.0,0.0,0.0,0.0,0.0,0.0,0.0,0.0,0.0,0.0,0.0,0.0,0.0,0.0,0.0,0.0,0.0,0.0,-440.0,0.0,440.0,0.0,0.0,0.0,0.0,0.0,0.0,0.0,0.0,0.0,0.0,0.0,0.0,0.0,0.0,0.0,0.0,0.0,0.0,0.0,0.0,0.0,0.0,0.0,0.0,0.0,0.0,0.0,0.0,0.0,0.0,0.0,0.0,0.0,0.0,0.0,0.0,0.0,0.0,0.0,0.0,0.0,15608.2978515625,0.0,134518.734375,0.0,-4771.0908203125,0.0,4771.09375,0.0,-23.411353976956843,0.0,3.677210569381714,0.0,WA
8875707,WA,5306,0.11476645618677139,2,0.0,223734.59765625,223885.33203125,2,0,40751.09814453125,0.0,170804.640625,0.0,0.0,0.0,0.0,0.0,-5436.949951171875,0.0,5436.953125,0.0,-2780.328125,0.0,2780.328125,0.0,1880.328125,0.0,-1880.328125,0.0,0.0,0.0,0.0,0.0,0.0,0.0,0.0,0.0,0.0,0.0,0.0,0.0,0.0,0.0,0.0,0.0,0.0,0.0,0.0,0.0,0.0,0.0,0.0,0.0,0.0,0.0,0.0,0.0,-240.0,0.0,240.0,0.0,0.0,0.0,0.0,0.0,0.0,0.0,0.0,0.0,0.0,0.0,0.0,0.0,0.0,0.0,0.0,0.0,-222.98828125,0.0,222.984375,0.0,0.0,0.0,0.0,0.0,0.0,0.0,0.0,0.0,0.0,0.0,0.0,0.0,0.0,0.0,0.0,0.0,0.0,0.0,0.0,0.0,33951.159912109375,0.0,177604.578125,0.0,-6799.938232421875,0.0,6799.9375,0.0,-16.686515313782824,0.0,3.9811198711395264,0.0,WA
8875708,WA,5306,0.10173380374908447,4,1.0,250895.95947265625,251830.57666015625,4,0,43014.4140625,0.0,203067.453125,3206.9423828125,8792.986328125,0.0,0.0,11999.9287109375,-5781.19921875,0.0,5781.1875,0.0,0.0,0.0,0.0,0.0,3416.37109375,0.0,-3416.359375,0.0,0.0,0.0,0.0,0.0,-500.0,0.0,500.0,0.0,0.0,0.0,0.0,0.0,-393.97265625,0.0,393.96875,0.0,-3731.14453125,0.0,3731.140625,0.0,0.0,0.0,0.0,0.0,0.0,0.0,0.0,0.0,0.0,0.0,0.0,0.0,0.0,0.0,0.0,0.0,0.0,0.0,0.0,0.0,0.0,0.0,0.0,0.0,0.0,0.0,0.0,0.0,0.0,0.0,0.0,0.0,0.0,0.0,0.0,0.0,0.0,0.0,0.0,0.0,0.0,0.0,0.0,0.0,0.0,0.0,0.0,0.0,0.0,0.0,0.0,0.0,36024.46875,0.0,210057.390625,11999.9287109375,-6989.9453125,0.0,6989.9375,0.0,-16.250239518184763,0.0,3.4421753883361816,0.0,WA
8875709,WA,5306,0.12268255650997162,1,0.0,62206.21875,62206.21875,1,0,6683.4326171875,0.0,56253.67578125,0.0,0.0,0.0,0.0,0.0,-1098.6865234375,0.0,1098.68359375,0.0,-936.0,0.0,936.0,0.0,636.0,0.0,-636.0,0.0,0.0,0.0,0.0,0.0,0.0,0.0,0.0,0.0,0.0,0.0,0.0,0.0,0.0,0.0,0.0,0.0,0.0,0.0,0.0,0.0,0.0,0.0,0.0,0.0,0.0,0.0,0.0,0.0,0.0,0.0,0.0,0.0,0.0,0.0,0.0,0.0,0.0,0.0,0.0,0.0,0.0,0.0,0.0,0.0,0.0,0.0,0.0,0.0,0.0,0.0,0.0,0.0,0.0,0.0,0.0,0.0,0.0,0.0,0.0,0.0,0.0,0.0,0.0,0.0,0.0,0.0,0.0,0.0,0.0,0.0,0.0,0.0,5284.74609375,0.0,57652.359375,0.0,-1398.6865234375,0.0,1398.68359375,0.0,-20.927667017103715,0.0,2.4863860607147217,0.0,WA
8875710,WA,5306,79.13236999511719,1,0.0,2460.028076171875,2460.028076171875,1,0,0.0,0.0,38519.6015625,17175.046875,0.0,0.0,0.0,17175.046875,0.0,0.0,0.0,0.0,0.0,0.0,0.0,0.0,0.0,0.0,0.0,0.0,0.0,0.0,0.0,0.0,0.0,0.0,0.0,0.0,0.0,0.0,0.0,0.0,0.0,0.0,0.0,0.0,0.0,0.0,0.0,0.0,0.0,0.0,0.0,0.0,0.0,0.0,0.0,0.0,0.0,0.0,0.0,0.0,0.0,0.0,0.0,0.0,0.0,0.0,0.0,0.0,0.0,0.0,0.0,0.0,0.0,0.0,0.0,0.0,0.0,0.0,0.0,0.0,0.0,0.0,0.0,0.0,0.0,0.0,0.0,0.0,0.0,0.0,0.0,0.0,0.0,0.0,0.0,0.0,0.0,0.0,0.0,0.0,0.0,0.0,38519.6015625,17175.046875,0.0,0.0,0.0,0.0,0.0,0.0,0.0,0.0,WA
8875711,WA,5306,205.5506134033203,2,0.0,21880.283203125,47183.921875,2,0,1668.3922119140625,0.0,127378.0078125,48588.5,0.0,0.0,0.0,48588.5,0.0,0.0,0.0,0.0,-1560.0000228881836,0.0,1560.0,0.0,1060.0000228881836,0.0,-1060.0,0.0,0.0,0.0,0.0,0.0,0.0,0.0,0.0,0.0,0.0,0.0,0.0,0.0,0.0,0.0,0.0,0.0,0.0,0.0,0.0,0.0,0.0,0.0,0.0,0.0,0.0,0.0,0.0,0.0,-200.0,0.0,200.0,0.0,0.0,0.0,0.0,0.0,0.0,0.0,0.0,0.0,0.0,0.0,0.0,0.0,0.0,0.0,0.0,0.0,0.0,0.0,0.0,0.0,-968.3922119140625,0.0,968.390625,0.0,0.0,0.0,0.0,0.0,0.0,0.0,0.0,0.0,0.0,0.0,0.0,0.0,0.0,0.0,0.0,0.0,0.0,0.0,129046.3984375,48588.5,-1668.3922119140625,0.0,1668.390625,0.0,-100.0,0.0,1.3097947835922241,0.0,WA
8875712,WA,5306,0.10590455681085587,2,0.0,206772.48828125,240030.83203125,0,2,42292.5849609375,0.0,187122.140625,0.0,0.0,5026.3642578125,0.0,5026.3642578125,-4840.8935546875,0.0,4840.890625,0.0,-935.580078125,0.0,935.578125,0.0,1907.580078125,0.0,-1907.578125,0.0,0.0,0.0,0.0,0.0,0.0,0.0,0.0,0.0,0.0,0.0,0.0,0.0,0.0,0.0,0.0,0.0,-818.71484375,0.0,818.703125,0.0,0.0,0.0,0.0,0.0,0.0,0.0,0.0,0.0,-240.0,0.0,240.0,0.0,0.0,0.0,0.0,0.0,0.0,0.0,0.0,0.0,0.0,0.0,0.0,0.0,0.0,0.0,0.0,0.0,0.0,0.0,0.0,0.0,0.0,0.0,0.0,0.0,0.0,0.0,0.0,0.0,0.0,0.0,0.0,0.0,0.0,0.0,0.0,0.0,0.0,0.0,0.0,0.0,37364.9765625,0.0,192049.734375,5026.3642578125,-4927.6083984375,0.0,4927.59375,0.0,-11.651234851189077,0.0,2.633356809616089,0.0,WA
8875713,WA,5306,0.13184262812137604,4,2.0,480232.8984375,586761.1875,4,0,147970.4375,0.0,409789.75,0.0,0.0,0.0,0.0,0.0,0.0,0.0,0.0,0.0,0.0,0.0,0.0,0.0,0.0,0.0,0.0,0.0,0.0,0.0,0.0,0.0,0.0,0.0,0.0,0.0,0.0,0.0,0.0,0.0,-1400.0,0.0,1400.0,0.0,-30655.2421875,0.0,30655.25,0.0,0.0,0.0,0.0,0.0,0.0,0.0,0.0,0.0,-640.0,0.0,640.0,0.0,0.0,0.0,0.0,0.0,0.0,0.0,0.0,0.0,0.0,0.0,0.0,0.0,0.0,0.0,0.0,0.0,0.0,0.0,0.0,0.0,0.0,0.0,0.0,0.0,0.0,0.0,0.0,0.0,0.0,0.0,0.0,0.0,0.0,0.0,0.0,0.0,0.0,0.0,0.0,0.0,115275.1953125,0.0,442485.0,0.0,-32695.2421875,0.0,32695.25,0.0,-22.095793416505916,0.0,7.978542804718018,0.0,WA
8875714,WA,5306,0.09536620229482651,2,0.0,20517.068359375,20517.068359375,2,0,0.0,0.0,72154.796875,575.3663330078125,17585.97265625,0.0,0.0,18161.338989257812,0.0,0.0,0.0,0.0,0.0,0.0,0.0,0.0,0.0,0.0,0.0,0.0,0.0,0.0,0.0,0.0,0.0,0.0,0.0,0.0,0.0,0.0,0.0,0.0,0.0,0.0,0.0,0.0,0.0,0.0,0.0,0.0,0.0,0.0,0.0,0.0,0.0,0.0,0.0,0.0,0.0,0.0,0.0,0.0,0.0,0.0,0.0,0.0,0.0,0.0,0.0,0.0,0.0,0.0,0.0,0.0,0.0,0.0,0.0,0.0,0.0,0.0,0.0,0.0,0.0,0.0,0.0,0.0,0.0,0.0,0.0,0.0,0.0,0.0,0.0,0.0,0.0,0.0,0.0,0.0,0.0,0.0,0.0,0.0,0.0,0.0,72154.796875,18161.338989257812,0.0,0.0,0.0,0.0,0.0,0.0,0.0,0.0,WA
8875715,WA,5306,0.11213120073080063,2,0.0,256556.06640625,902778.8125,2,0,221419.5625,22637.9609375,648359.25,0.0,0.0,0.0,0.0,0.0,0.0,0.0,0.0,0.0,0.0,0.0,0.0,0.0,0.0,0.0,0.0,0.0,0.0,0.0,0.0,0.0,0.0,0.0,0.0,0.0,0.0,0.0,0.0,0.0,-1400.0,0.0,1400.0,0.0,-37046.1875,0.0,37046.125,0.0,0.0,0.0,0.0,0.0,0.0,0.0,0.0,0.0,0.0,0.0,0.0,0.0,-3860.453125,0.0,3860.5,0.0,0.0,0.0,0.0,0.0,0.0,0.0,0.0,0.0,0.0,0.0,0.0,0.0,0.0,0.0,0.0,0.0,0.0,0.0,0.0,0.0,0.0,0.0,0.0,0.0,0.0,0.0,0.0,0.0,0.0,0.0,0.0,0.0,0.0,0.0,0.0,0.0,179112.921875,22637.9609375,690665.875,0.0,-42306.640625,0.0,42306.625,0.0,-19.107002176015953,0.0,6.525182723999023,0.0,WA
8875716,WA,5306,199.29576110839844,1,0.0,0.0,29788.77734375,1,0,1513.316650390625,0.0,77904.1640625,28315.58984375,0.0,0.0,0.0,28315.58984375,-64.663330078125,0.0,64.6640625,0.0,-814.7755737304688,0.0,814.78125,0.0,529.9999389648438,0.0,-530.0,0.0,0.0,0.0,0.0,0.0,0.0,0.0,0.0,0.0,0.0,0.0,0.0,0.0,0.0,0.0,0.0,0.0,0.0,0.0,0.0,0.0,0.0,0.0,0.0,0.0,0.0,0.0,0.0,0.0,0.0,0.0,0.0,0.0,0.0,0.0,0.0,0.0,0.0,0.0,0.0,0.0,0.0,0.0,0.0,0.0,0.0,0.0,0.0,0.0,0.0,0.0,0.0,0.0,-599.9999389648438,0.0,600.0,0.0,0.0,0.0,0.0,0.0,0.0,0.0,0.0,0.0,0.0,0.0,0.0,0.0,0.0,0.0,0.0,0.0,563.8777465820312,0.0,78853.609375,28315.58984375,-949.4389038085938,0.0,949.4453125,0.0,-62.738945187943294,0.0,1.2187349796295166,0.0,WA
8875717,WA,5306,0.10120125859975815,2,0.0,0.0,683060.543009758,2,0,200305.703125,714.5119018554688,523682.5,28246.923828125,0.0,0.0,0.0,28246.923828125,0.0,0.0,0.0,0.0,0.0,0.0,0.0,0.0,0.0,0.0,0.0,0.0,0.0,0.0,0.0,0.0,0.0,0.0,0.0,0.0,0.0,0.0,0.0,0.0,-1400.0,0.0,1400.0,0.0,-20383.234375,0.0,20383.25,0.0,0.0,0.0,0.0,0.0,0.0,0.0,0.0,0.0,0.0,0.0,0.0,0.0,-4324.28125,0.0,4324.25,0.0,0.0,0.0,0.0,0.0,0.0,0.0,0.0,0.0,0.0,0.0,0.0,0.0,0.0,0.0,0.0,0.0,0.0,0.0,0.0,0.0,0.0,0.0,0.0,0.0,0.0,0.0,0.0,0.0,0.0,0.0,0.0,0.0,0.0,0.0,0.0,0.0,174198.1875,714.5119018554688,549790.0,28246.923828125,-26107.515625,0.0,26107.5,0.0,-13.033835391450491,0.0,4.985367774963379,0.0,WA
8875718,WA,5306,0.11497887223958969,2,0.0,158820.384765625,159016.875,2,0,21879.21875,0.0,134963.84375,0.0,0.0,0.0,0.0,0.0,-3455.505859375,0.0,3455.515625,0.0,-3432.0,0.0,3432.0,0.0,2332.0,0.0,-2332.0,0.0,0.0,0.0,0.0,0.0,0.0,0.0,0.0,0.0,0.0,0.0,0.0,0.0,0.0,0.0,0.0,0.0,0.0,0.0,0.0,0.0,0.0,0.0,0.0,0.0,0.0,0.0,0.0,0.0,0.0,0.0,0.0,0.0,0.0,0.0,0.0,0.0,0.0,0.0,0.0,0.0,0.0,0.0,0.0,0.0,0.0,0.0,0.0,0.0,0.0,0.0,0.0,0.0,0.0,0.0,0.0,0.0,0.0,0.0,0.0,0.0,0.0,0.0,0.0,0.0,0.0,0.0,0.0,0.0,0.0,0.0,0.0,0.0,17323.712890625,0.0,139519.359375,0.0,-4555.505859375,0.0,4555.515625,0.0,-20.821154134559762,0.0,3.3753600120544434,0.0,WA
8875719,WA,5306,772.8058471679688,4,3.0,0.0,0.0,4,0,0.0,0.0,35111.0,15387.73046875,19723.271728515625,0.0,0.0,35111.002197265625,0.0,0.0,0.0,0.0,0.0,0.0,0.0,0.0,0.0,0.0,0.0,0.0,0.0,0.0,0.0,0.0,0.0,0.0,0.0,0.0,0.0,0.0,0.0,0.0,0.0,0.0,0.0,0.0,0.0,0.0,0.0,0.0,0.0,0.0,0.0,0.0,0.0,0.0,0.0,0.0,0.0,0.0,0.0,0.0,0.0,0.0,0.0,0.0,0.0,0.0,0.0,0.0,0.0,0.0,0.0,0.0,0.0,0.0,0.0,0.0,0.0,0.0,0.0,0.0,0.0,0.0,0.0,0.0,0.0,0.0,0.0,0.0,0.0,0.0,0.0,0.0,0.0,0.0,0.0,0.0,0.0,0.0,0.0,0.0,0.0,0.0,35111.0,35111.002197265625,0.0,0.0,0.0,0.0,0.0,0.0,0.0,0.0,WA
8875720,WA,5306,65.11337280273438,1,0.0,2269.79248046875,2269.79248046875,1,0,0.0,0.0,60310.34375,27898.142578125,0.0,0.0,0.0,27898.142578125,0.0,0.0,0.0,0.0,0.0,0.0,0.0,0.0,0.0,0.0,0.0,0.0,0.0,0.0,0.0,0.0,0.0,0.0,0.0,0.0,0.0,0.0,0.0,0.0,0.0,0.0,0.0,0.0,0.0,0.0,0.0,0.0,0.0,0.0,0.0,0.0,0.0,0.0,0.0,0.0,0.0,0.0,0.0,0.0,0.0,0.0,0.0,0.0,0.0,0.0,0.0,0.0,0.0,0.0,0.0,0.0,0.0,0.0,0.0,0.0,0.0,0.0,0.0,0.0,0.0,0.0,0.0,0.0,0.0,0.0,0.0,0.0,0.0,0.0,0.0,0.0,0.0,0.0,0.0,0.0,0.0,0.0,0.0,0.0,0.0,0.0,60310.34375,27898.142578125,0.0,0.0,0.0,0.0,0.0,0.0,0.0,0.0,WA
8875721,WA,5306,783.681396484375,1,0.0,0.0,0.0,1,0,0.0,0.0,27053.369140625,13145.85546875,0.0,0.0,0.0,13145.85546875,0.0,0.0,0.0,0.0,0.0,0.0,0.0,0.0,0.0,0.0,0.0,0.0,0.0,0.0,0.0,0.0,0.0,0.0,0.0,0.0,0.0,0.0,0.0,0.0,0.0,0.0,0.0,0.0,0.0,0.0,0.0,0.0,0.0,0.0,0.0,0.0,0.0,0.0,0.0,0.0,0.0,0.0,0.0,0.0,0.0,0.0,0.0,0.0,0.0,0.0,0.0,0.0,0.0,0.0,0.0,0.0,0.0,0.0,0.0,0.0,0.0,0.0,0.0,0.0,0.0,0.0,0.0,0.0,0.0,0.0,0.0,0.0,0.0,0.0,0.0,0.0,0.0,0.0,0.0,0.0,0.0,0.0,0.0,0.0,0.0,0.0,27053.369140625,13145.85546875,0.0,0.0,0.0,0.0,0.0,0.0,0.0,0.0,WA
8875722,WA,5306,0.3202562630176544,2,0.0,89273.443359375,89273.4453125,2,0,8096.0166015625,0.0,75890.15625,0.0,0.0,0.0,0.0,0.0,-1143.203125,0.0,1143.203125,0.0,-1872.0,0.0,1872.0,0.0,1272.0,0.0,-1272.0,0.0,0.0,0.0,0.0,0.0,0.0,0.0,0.0,0.0,0.0,0.0,0.0,0.0,0.0,0.0,0.0,0.0,0.0,0.0,0.0,0.0,0.0,0.0,0.0,0.0,0.0,0.0,0.0,0.0,0.0,0.0,0.0,0.0,0.0,0.0,0.0,0.0,0.0,0.0,0.0,0.0,0.0,0.0,0.0,0.0,0.0,0.0,0.0,0.0,0.0,0.0,0.0,0.0,0.0,0.0,0.0,0.0,-263.3515625,0.0,263.3515625,0.0,0.0,0.0,0.0,0.0,0.0,0.0,0.0,0.0,0.0,0.0,0.0,0.0,6089.4619140625,0.0,77896.7109375,0.0,-2006.5546875,0.0,2006.5546875,0.0,-24.78446853867299,0.0,2.6440250873565674,0.0,WA
8875723,WA,5306,106.69761657714844,1,0.0,0.0,0.0,1,0,0.0,0.0,58355.9375,32239.37890625,0.0,0.0,0.0,32239.37890625,0.0,0.0,0.0,0.0,0.0,0.0,0.0,0.0,0.0,0.0,0.0,0.0,0.0,0.0,0.0,0.0,0.0,0.0,0.0,0.0,0.0,0.0,0.0,0.0,0.0,0.0,0.0,0.0,0.0,0.0,0.0,0.0,0.0,0.0,0.0,0.0,0.0,0.0,0.0,0.0,0.0,0.0,0.0,0.0,0.0,0.0,0.0,0.0,0.0,0.0,0.0,0.0,0.0,0.0,0.0,0.0,0.0,0.0,0.0,0.0,0.0,0.0,0.0,0.0,0.0,0.0,0.0,0.0,0.0,0.0,0.0,0.0,0.0,0.0,0.0,0.0,0.0,0.0,0.0,0.0,0.0,0.0,0.0,0.0,0.0,0.0,58355.9375,32239.37890625,0.0,0.0,0.0,0.0,0.0,0.0,0.0,0.0,WA
8875724,WA,5306,0.15803328156471252,3,1.0,160100.154296875,157309.921875,3,0,14973.66015625,0.0,150112.875,0.0,0.0,0.0,0.0,0.0,-2626.8388671875,0.0,2626.828125,0.0,0.0,0.0,0.0,0.0,3498.0,0.0,-3498.0,0.0,0.0,0.0,0.0,0.0,-500.0,0.0,500.0,0.0,0.0,0.0,0.0,0.0,0.0,0.0,0.0,0.0,0.0,0.0,0.0,0.0,0.0,0.0,0.0,0.0,0.0,0.0,0.0,0.0,0.0,0.0,0.0,0.0,0.0,0.0,0.0,0.0,0.0,0.0,0.0,0.0,0.0,0.0,0.0,0.0,0.0,0.0,0.0,0.0,0.0,0.0,0.0,0.0,0.0,0.0,0.0,0.0,-149.8095703125,0.0,149.8125,0.0,0.0,0.0,0.0,0.0,0.0,0.0,0.0,0.0,0.0,0.0,0.0,0.0,15195.01171875,0.0,149891.515625,0.0,221.3515625,0.0,-221.359375,0.0,1.4782729151737022,0.0,-0.14746195077896118,0.0,WA
8875725,WA,5306,0.2500363886356354,4,2.0,257069.1484375,277021.375,4,0,47187.75,0.0,214321.75,0.0,0.0,0.0,0.0,0.0,0.0,0.0,0.0,0.0,0.0,0.0,0.0,0.0,0.0,0.0,0.0,0.0,0.0,0.0,0.0,0.0,-4400.0,0.0,4400.0,0.0,0.0,0.0,0.0,0.0,-2046.5234375,0.0,2046.515625,0.0,-2447.03515625,0.0,2447.046875,0.0,0.0,0.0,0.0,0.0,0.0,0.0,0.0,0.0,-480.0,0.0,480.0,0.0,0.0,0.0,0.0,0.0,0.0,0.0,0.0,0.0,0.0,0.0,0.0,0.0,0.0,0.0,0.0,0.0,0.0,0.0,0.0,0.0,0.0,0.0,0.0,0.0,0.0,0.0,0.0,0.0,0.0,0.0,0.0,0.0,0.0,0.0,0.0,0.0,0.0,0.0,0.0,0.0,37814.19140625,0.0,223695.3125,0.0,-9373.55859375,0.0,9373.5625,0.0,-19.864389791312366,0.0,4.373593807220459,0.0,WA
8875726,WA,5306,109.32234954833984,1,0.0,0.0,65564.078125,1,0,6941.01953125,0.0,85060.328125,18912.6640625,0.0,0.0,0.0,18912.6640625,-1199.330078125,0.0,1199.328125,0.0,-936.0,0.0,936.0,0.0,636.0,0.0,-636.0,0.0,0.0,0.0,0.0,0.0,0.0,0.0,0.0,0.0,0.0,0.0,0.0,0.0,0.0,0.0,0.0,0.0,0.0,0.0,0.0,0.0,0.0,0.0,0.0,0.0,0.0,0.0,0.0,0.0,0.0,0.0,0.0,0.0,0.0,0.0,0.0,0.0,0.0,0.0,0.0,0.0,0.0,0.0,0.0,0.0,0.0,0.0,0.0,0.0,0.0,0.0,0.0,0.0,-720.0,0.0,720.0,0.0,0.0,0.0,0.0,0.0,0.0,0.0,0.0,0.0,0.0,0.0,0.0,0.0,0.0,0.0,0.0,0.0,4721.689453125,0.0,87279.65625,18912.6640625,-2219.330078125,0.0,2219.328125,0.0,-31.97412236247264,0.0,2.6091225147247314,0.0,WA
8875727,WA,5306,0.13700151443481445,1,0.0,82566.1953125,108970.03125,1,0,16973.650390625,0.0,123766.765625,31063.33203125,0.0,0.0,0.0,31063.33203125,-2451.837890625,0.0,2451.84375,0.0,-995.4052734375,0.0,995.40625,0.0,1166.0,0.0,-1166.0,0.0,0.0,0.0,0.0,0.0,0.0,0.0,0.0,0.0,0.0,0.0,0.0,0.0,0.0,0.0,0.0,0.0,0.0,0.0,0.0,0.0,0.0,0.0,0.0,0.0,0.0,0.0,0.0,0.0,0.0,0.0,0.0,0.0,0.0,0.0,0.0,0.0,0.0,0.0,0.0,0.0,0.0,0.0,0.0,0.0,0.0,0.0,0.0,0.0,0.0,0.0,0.0,0.0,-871.595703125,0.0,871.59375,0.0,0.0,0.0,0.0,0.0,0.0,0.0,0.0,0.0,0.0,0.0,0.0,0.0,0.0,0.0,0.0,0.0,13820.8115234375,0.0,126919.609375,31063.33203125,-3152.8388671875,0.0,3152.84375,0.0,-18.574901654206904,0.0,2.547407388687134,0.0,WA
8875728,WA,5306,0.19599376618862152,5,1.0,105138.583984375,104750.666015625,5,0,7263.583984375,0.0,120905.7421875,0.0,8792.986328125,9404.3056640625,2810.25634765625,21007.54833984375,-849.1103515625,0.0,849.109375,0.0,-2510.032470703125,0.0,2510.0390625,0.0,2296.032470703125,0.0,-2296.0390625,0.0,0.0,0.0,0.0,0.0,-500.0,0.0,500.0,0.0,0.0,0.0,0.0,0.0,0.0,0.0,0.0,0.0,0.0,0.0,0.0,0.0,0.0,0.0,0.0,0.0,0.0,0.0,0.0,0.0,-130.8427734375,0.0,130.84375,0.0,0.0,0.0,0.0,0.0,0.0,0.0,0.0,0.0,0.0,0.0,0.0,0.0,0.0,0.0,0.0,0.0,-158.0242156982422,0.0,158.0234375,0.0,0.0,0.0,0.0,0.0,0.0,0.0,0.0,0.0,0.0,0.0,0.0,0.0,0.0,0.0,0.0,0.0,0.0,0.0,0.0,0.0,5411.606643676758,0.0,122757.71875,21007.54833984375,-1851.9773406982422,0.0,1851.9765625,0.0,-25.49674299467189,0.0,1.531752347946167,0.0,WA
8875729,WA,5306,149.1140899658203,4,2.0,2615.3173828125,2617.9287109375,4,0,0.0,0.0,38974.34765625,1130.9622802734375,30022.387451171875,0.0,0.0,31153.349731445312,0.0,0.0,0.0,0.0,0.0,0.0,0.0,0.0,0.0,0.0,0.0,0.0,0.0,0.0,0.0,0.0,0.0,0.0,0.0,0.0,0.0,0.0,0.0,0.0,0.0,0.0,0.0,0.0,0.0,0.0,0.0,0.0,0.0,0.0,0.0,0.0,0.0,0.0,0.0,0.0,0.0,0.0,0.0,0.0,0.0,0.0,0.0,0.0,0.0,0.0,0.0,0.0,0.0,0.0,0.0,0.0,0.0,0.0,0.0,0.0,0.0,0.0,0.0,0.0,0.0,0.0,0.0,0.0,0.0,0.0,0.0,0.0,0.0,0.0,0.0,0.0,0.0,0.0,0.0,0.0,0.0,0.0,0.0,0.0,0.0,0.0,38974.34765625,31153.349731445312,0.0,0.0,0.0,0.0,0.0,0.0,0.0,0.0,WA
8875730,WA,5306,0.11303460597991943,1,0.0,57426.2109375,80587.46875,1,0,10696.8671875,0.0,101312.296875,27248.537109375,0.0,0.0,0.0,27248.537109375,-1698.6240234375,0.0,1698.625,0.0,-1716.0,0.0,1716.0,0.0,1166.0,0.0,-1166.0,0.0,0.0,0.0,0.0,0.0,0.0,0.0,0.0,0.0,0.0,0.0,0.0,0.0,0.0,0.0,0.0,0.0,0.0,0.0,0.0,0.0,0.0,0.0,0.0,0.0,0.0,0.0,0.0,0.0,0.0,0.0,0.0,0.0,0.0,0.0,0.0,0.0,0.0,0.0,0.0,0.0,0.0,0.0,0.0,0.0,0.0,0.0,0.0,0.0,0.0,0.0,0.0,0.0,-1246.2451171875,0.0,1246.2421875,0.0,0.0,0.0,0.0,0.0,0.0,0.0,0.0,0.0,0.0,0.0,0.0,0.0,0.0,0.0,0.0,0.0,7201.998046875,0.0,104807.1640625,27248.537109375,-3494.869140625,0.0,3494.8671875,0.0,-32.67189429732274,0.0,3.4495983123779297,0.0,WA
8875731,WA,5306,0.21281354129314423,4,2.0,48208.539794921875,50885.56640625,4,0,-3467.43359375,-1015.3218383789062,111781.21875,48160.1171875,7286.85693359375,0.0,0.0,55446.97412109375,0.0,0.0,0.0,0.0,-803.28857421875,0.0,803.2890625,0.0,1363.28857421875,0.0,-1363.2890625,0.0,0.0,0.0,0.0,0.0,-2400.0,0.0,2400.0,0.0,-183.1611328125,0.0,183.15625,0.0,-180.12744140625,0.0,180.1328125,0.0,0.0,0.0,0.0,0.0,0.0,0.0,0.0,0.0,0.0,0.0,0.0,0.0,0.0,0.0,0.0,0.0,0.0,0.0,0.0,0.0,0.0,0.0,0.0,0.0,0.0,0.0,0.0,0.0,0.0,0.0,0.0,0.0,0.0,0.0,0.0,0.0,0.0,0.0,0.0,0.0,0.0,0.0,0.0,0.0,0.0,0.0,0.0,0.0,0.0,0.0,0.0,0.0,0.0,0.0,0.0,0.0,-5670.72216796875,-1015.3218383789062,113984.5078125,55446.97412109375,-2203.28857421875,0.0,2203.2890625,0.0,-63.542343772355046,0.0,1.9710726737976074,0.0,WA
8875732,WA,5306,0.1160280629992485,3,1.0,303735.921875,557358.7421875,3,0,123683.748046875,0.0,425152.4375,0.0,0.0,0.0,0.0,0.0,-2292.93359375,0.0,2292.9375,0.0,-1716.0,0.0,1716.0,0.0,1166.0,0.0,-1166.0,0.0,0.0,0.0,0.0,0.0,0.0,0.0,0.0,0.0,0.0,0.0,0.0,0.0,-1400.0,0.0,1400.0,0.0,-13506.796875,0.0,13506.8125,0.0,0.0,0.0,0.0,0.0,0.0,0.0,0.0,0.0,-350.0,0.0,350.0,0.0,0.0,0.0,0.0,0.0,0.0,0.0,0.0,0.0,0.0,0.0,0.0,0.0,0.0,0.0,0.0,0.0,0.0,0.0,0.0,0.0,0.0,0.0,0.0,0.0,-83.615234375,0.0,83.625,0.0,0.0,0.0,0.0,0.0,0.0,0.0,0.0,0.0,0.0,0.0,0.0,0.0,105500.40234375,0.0,443335.8125,0.0,-18183.345703125,0.0,18183.375,0.0,-14.701483412544775,0.0,4.276906967163086,0.0,WA
8875733,WA,5306,0.2518959939479828,4,2.0,329330.3046875,425217.0,4,0,103789.7109375,0.0,303439.40625,0.0,0.0,0.0,0.0,0.0,0.0,0.0,0.0,0.0,0.0,0.0,0.0,0.0,0.0,0.0,0.0,0.0,0.0,0.0,0.0,0.0,-3100.0,0.0,3100.0,0.0,0.0,0.0,0.0,0.0,-8054.4140625,0.0,8054.40625,0.0,-25694.6796875,0.0,25694.6875,0.0,0.0,0.0,0.0,0.0,0.0,0.0,0.0,0.0,0.0,0.0,0.0,0.0,-125.0390625,0.0,125.03125,0.0,0.0,0.0,0.0,0.0,0.0,0.0,0.0,0.0,0.0,0.0,0.0,0.0,0.0,0.0,0.0,0.0,0.0,0.0,0.0,0.0,0.0,0.0,0.0,0.0,0.0,0.0,0.0,0.0,0.0,0.0,0.0,0.0,0.0,0.0,0.0,0.0,66815.578125,0.0,340413.53125,0.0,-36974.1328125,0.0,36974.125,0.0,-35.62408304110708,0.0,12.18501091003418,0.0,WA
8875734,WA,5306,508.7569580078125,5,2.0,18591.224609375,18591.224609375,5,0,0.0,0.0,87700.75,19210.486328125,42487.46826171875,0.0,0.0,61697.95458984375,0.0,0.0,0.0,0.0,0.0,0.0,0.0,0.0,0.0,0.0,0.0,0.0,0.0,0.0,0.0,0.0,0.0,0.0,0.0,0.0,0.0,0.0,0.0,0.0,0.0,0.0,0.0,0.0,0.0,0.0,0.0,0.0,0.0,0.0,0.0,0.0,0.0,0.0,0.0,0.0,0.0,0.0,0.0,0.0,0.0,0.0,0.0,0.0,0.0,0.0,0.0,0.0,0.0,0.0,0.0,0.0,0.0,0.0,0.0,0.0,0.0,0.0,0.0,0.0,0.0,0.0,0.0,0.0,0.0,0.0,0.0,0.0,0.0,0.0,0.0,0.0,0.0,0.0,0.0,0.0,0.0,0.0,0.0,0.0,0.0,0.0,87700.75,61697.95458984375,0.0,0.0,0.0,0.0,0.0,0.0,0.0,0.0,WA
8875735,WA,5306,0.5340881943702698,4,2.0,22521.4814453125,22952.3984375,4,0,-2000.0,0.0,113318.8671875,14298.666015625,60102.10693359375,0.0,0.0,74400.77294921875,0.0,0.0,0.0,0.0,0.0,0.0,0.0,0.0,0.0,0.0,0.0,0.0,0.0,0.0,0.0,0.0,-1400.0,0.0,1400.0,0.0,0.0,0.0,0.0,0.0,0.0,0.0,0.0,0.0,0.0,0.0,0.0,0.0,0.0,0.0,0.0,0.0,0.0,0.0,0.0,0.0,0.0,0.0,0.0,0.0,0.0,0.0,0.0,0.0,0.0,0.0,0.0,0.0,0.0,0.0,0.0,0.0,0.0,0.0,0.0,0.0,0.0,0.0,0.0,0.0,0.0,0.0,0.0,0.0,0.0,0.0,0.0,0.0,0.0,0.0,0.0,0.0,0.0,0.0,0.0,0.0,0.0,0.0,0.0,0.0,-3400.0,0.0,114718.8671875,74400.77294921875,-1400.0,0.0,1400.0,0.0,-70.0,0.0,1.2354518175125122,0.0,WA
8875736,WA,5306,64.96429443359375,2,0.0,22639.354736328125,20118.390625,2,0,0.0,0.0,16838.314453125,0.0,17585.97265625,0.0,0.0,17585.97265625,0.0,0.0,0.0,0.0,0.0,0.0,0.0,0.0,0.0,0.0,0.0,0.0,0.0,0.0,0.0,0.0,0.0,0.0,0.0,0.0,0.0,0.0,0.0,0.0,0.0,0.0,0.0,0.0,0.0,0.0,0.0,0.0,0.0,0.0,0.0,0.0,0.0,0.0,0.0,0.0,0.0,0.0,0.0,0.0,0.0,0.0,0.0,0.0,0.0,0.0,0.0,0.0,0.0,0.0,0.0,0.0,0.0,0.0,0.0,0.0,0.0,0.0,0.0,0.0,0.0,0.0,0.0,0.0,0.0,0.0,0.0,0.0,0.0,0.0,0.0,0.0,0.0,0.0,0.0,0.0,0.0,0.0,0.0,0.0,0.0,0.0,16838.314453125,17585.97265625,0.0,0.0,0.0,0.0,0.0,0.0,0.0,0.0,WA
8875737,WA,5306,0.189946711063385,4,2.0,103757.8984375,105879.65625,4,0,6678.6845703125,0.0,104837.5234375,0.0,0.0,0.0,0.0,0.0,-1259.73681640625,0.0,1259.734375,0.0,-1872.0,0.0,1872.0,0.0,2544.0,0.0,-2544.0,0.0,0.0,0.0,0.0,0.0,-2400.0,0.0,2400.0,0.0,0.0,0.0,0.0,0.0,0.0,0.0,0.0,0.0,0.0,0.0,0.0,0.0,0.0,0.0,0.0,0.0,0.0,0.0,0.0,0.0,0.0,0.0,0.0,0.0,0.0,0.0,0.0,0.0,0.0,0.0,0.0,0.0,0.0,0.0,0.0,0.0,0.0,0.0,0.0,0.0,0.0,0.0,0.0,0.0,0.0,0.0,0.0,0.0,0.0,0.0,0.0,0.0,0.0,0.0,0.0,0.0,0.0,0.0,0.0,0.0,0.0,0.0,0.0,0.0,3690.94775390625,0.0,107825.2578125,0.0,-2987.73681640625,0.0,2987.734375,0.0,-44.735408371988015,0.0,2.8498711585998535,0.0,WA
8875738,WA,5306,0.27809762954711914,1,0.0,0.0,135.22311401367188,1,0,0.0,0.0,30712.458984375,15823.7880859375,0.0,0.0,0.0,15823.7880859375,0.0,0.0,0.0,0.0,0.0,0.0,0.0,0.0,0.0,0.0,0.0,0.0,0.0,0.0,0.0,0.0,0.0,0.0,0.0,0.0,0.0,0.0,0.0,0.0,0.0,0.0,0.0,0.0,0.0,0.0,0.0,0.0,0.0,0.0,0.0,0.0,0.0,0.0,0.0,0.0,0.0,0.0,0.0,0.0,0.0,0.0,0.0,0.0,0.0,0.0,0.0,0.0,0.0,0.0,0.0,0.0,0.0,0.0,0.0,0.0,0.0,0.0,0.0,0.0,0.0,0.0,0.0,0.0,0.0,0.0,0.0,0.0,0.0,0.0,0.0,0.0,0.0,0.0,0.0,0.0,0.0,0.0,0.0,0.0,0.0,0.0,30712.458984375,15823.7880859375,0.0,0.0,0.0,0.0,0.0,0.0,0.0,0.0,WA
8875739,WA,5306,0.09069691598415375,1,0.0,111677.5234375,632428.0,1,0,184320.703125,714.5119018554688,481210.0625,23472.984375,0.0,0.0,0.0,23472.984375,0.0,0.0,0.0,0.0,0.0,0.0,0.0,0.0,0.0,0.0,0.0,0.0,0.0,0.0,0.0,0.0,0.0,0.0,0.0,0.0,0.0,0.0,0.0,0.0,-1400.0,0.0,1400.0,0.0,-19460.0,0.0,19460.0,0.0,0.0,0.0,0.0,0.0,0.0,0.0,0.0,0.0,-280.0,0.0,280.0,0.0,-2390.78125,0.0,2390.8125,0.0,0.0,0.0,0.0,0.0,0.0,0.0,0.0,0.0,0.0,0.0,0.0,0.0,0.0,0.0,0.0,0.0,0.0,0.0,0.0,0.0,0.0,0.0,0.0,0.0,0.0,0.0,0.0,0.0,0.0,0.0,0.0,0.0,0.0,0.0,0.0,0.0,160789.921875,714.5119018554688,504740.875,23472.984375,-23530.78125,0.0,23530.8125,0.0,-12.766217169886895,0.0,4.889925003051758,0.0,WA
8875740,WA,5306,0.16448771953582764,1,0.0,68411.234375,110267.3359375,1,0,17699.51171875,0.0,155380.71875,49242.46875,0.0,0.0,0.0,49242.46875,-2538.94140625,0.0,2538.9375,0.0,-1348.7568359375,0.0,1348.75,0.0,1166.0,0.0,-1166.0,0.0,0.0,0.0,0.0,0.0,0.0,0.0,0.0,0.0,0.0,0.0,0.0,0.0,0.0,0.0,0.0,0.0,0.0,0.0,0.0,0.0,0.0,0.0,0.0,0.0,0.0,0.0,0.0,0.0,0.0,0.0,0.0,0.0,0.0,0.0,0.0,0.0,0.0,0.0,0.0,0.0,0.0,0.0,0.0,0.0,0.0,0.0,0.0,0.0,0.0,0.0,0.0,0.0,-854.470703125,0.0,854.484375,0.0,0.0,0.0,0.0,0.0,0.0,0.0,0.0,0.0,0.0,0.0,0.0,0.0,0.0,0.0,0.0,0.0,14123.3427734375,0.0,158956.890625,49242.46875,-3576.1689453125,0.0,3576.171875,0.0,-20.204901706548668,0.0,2.3015544414520264,0.0,WA
8875741,WA,5306,0.011278210207819939,5,2.0,118441.6171875,121171.234375,4,1,4863.732421875,0.0,143141.625,125.35475158691406,7286.85693359375,0.0,0.0,7412.211685180664,-1159.140625,0.0,1159.140625,0.0,-936.0,0.0,936.0,0.0,2703.084228515625,0.0,-2703.09375,0.0,0.0,0.0,0.0,0.0,-2400.0,0.0,2400.015625,0.0,0.0,0.0,0.0,0.0,-500.0,0.0,500.0,0.0,0.0,0.0,0.0,0.0,0.0,0.0,0.0,0.0,0.0,0.0,0.0,0.0,-105.905517578125,0.0,105.90625,0.0,0.0,0.0,0.0,0.0,0.0,0.0,0.0,0.0,0.0,0.0,0.0,0.0,0.0,0.0,0.0,0.0,-7.89013671875,0.0,7.890625,0.0,0.0,0.0,0.0,0.0,0.0,0.0,0.0,0.0,0.0,0.0,0.0,0.0,0.0,0.0,0.0,0.0,0.0,0.0,0.0,0.0,2457.88037109375,0.0,145547.484375,7412.211685180664,-2405.85205078125,0.0,2405.859375,0.0,-49.46513998098971,0.0,1.680754542350769,0.0,WA
8875742,WA,5306,0.15779656171798706,3,1.0,141712.6083984375,190215.78125,3,0,23725.890625,0.0,168095.78125,0.0,0.0,0.0,0.0,0.0,-2844.056640625,0.0,2844.0625,0.0,-3395.23828125,0.0,3395.234375,0.0,3461.23828125,0.0,-3461.234375,0.0,0.0,0.0,0.0,0.0,-2200.0,0.0,2200.0,0.0,0.0,0.0,0.0,0.0,-1100.0,0.0,1100.0,0.0,0.0,0.0,0.0,0.0,0.0,0.0,0.0,0.0,0.0,0.0,0.0,0.0,-440.0,0.0,440.0,0.0,0.0,0.0,0.0,0.0,0.0,0.0,0.0,0.0,0.0,0.0,0.0,0.0,0.0,0.0,0.0,0.0,-405.23046875,0.0,405.21875,0.0,0.0,0.0,0.0,0.0,-256.814453125,0.0,256.8125,0.0,0.0,0.0,0.0,0.0,0.0,0.0,0.0,0.0,0.0,0.0,0.0,0.0,16545.7890625,0.0,175275.875,0.0,-7180.1015625,0.0,7180.09375,0.0,-30.26272722902262,0.0,4.271430015563965,0.0,WA
8875743,WA,5306,0.0940774604678154,3,0.0,112063.88232421875,2081342.6635742188,3,0,501076.8125,107866.3125,1505940.0,0.0,26407.625,0.0,0.0,26407.625,0.0,0.0,0.0,0.0,0.0,0.0,0.0,0.0,0.0,0.0,0.0,0.0,0.0,0.0,0.0,0.0,0.0,0.0,0.0,0.0,0.0,0.0,0.0,0.0,-1400.0,0.0,1400.0,0.0,0.0,0.0,0.0,0.0,0.0,0.0,0.0,0.0,0.0,0.0,0.0,0.0,-560.0,0.0,560.0,0.0,0.0,0.0,0.0,0.0,0.0,0.0,0.0,0.0,0.0,0.0,0.0,0.0,0.0,0.0,0.0,0.0,0.0,0.0,0.0,0.0,0.0,0.0,0.0,0.0,0.0,0.0,0.0,0.0,0.0,0.0,0.0,0.0,0.0,0.0,0.0,0.0,0.0,0.0,0.0,0.0,499116.8125,107866.3125,1507900.0,26407.625,-1960.0,0.0,1960.0,0.0,-0.39115759322828375,0.0,0.13015127182006836,0.0,WA
8875744,WA,5306,0.14654774963855743,1,0.0,127304.4296875,127674.2421875,1,0,18934.314453125,0.0,103503.7578125,0.0,0.0,0.0,0.0,0.0,-2687.1181640625,0.0,2687.1171875,0.0,0.0,0.0,0.0,0.0,1166.0009765625,0.0,-1166.0,0.0,0.0,0.0,0.0,0.0,0.0,0.0,0.0,0.0,0.0,0.0,0.0,0.0,-16.271484375,0.0,16.265625,0.0,0.0,0.0,0.0,0.0,0.0,0.0,0.0,0.0,0.0,0.0,0.0,0.0,0.0,0.0,0.0,0.0,0.0,0.0,0.0,0.0,0.0,0.0,0.0,0.0,0.0,0.0,0.0,0.0,0.0,0.0,0.0,0.0,0.0,0.0,0.0,0.0,0.0,0.0,0.0,0.0,0.0,0.0,0.0,0.0,0.0,0.0,0.0,0.0,0.0,0.0,0.0,0.0,0.0,0.0,0.0,0.0,17396.92578125,0.0,105041.140625,0.0,-1537.388671875,0.0,1537.3828125,0.0,-8.11958983612033,0.0,1.4853401184082031,0.0,WA
8875745,WA,5306,0.1399238258600235,2,0.0,21904.33203125,223173.09375,2,0,37093.2734375,0.0,254130.046875,68535.5234375,0.0,0.0,0.0,68535.5234375,-5281.193359375,0.0,5281.1875,0.0,-518.57421875,0.0,518.578125,0.0,0.0,0.0,0.0,0.0,0.0,0.0,0.0,0.0,0.0,0.0,0.0,0.0,0.0,0.0,0.0,0.0,0.0,0.0,0.0,0.0,-581.42578125,0.0,581.421875,0.0,0.0,0.0,0.0,0.0,0.0,0.0,0.0,0.0,0.0,0.0,0.0,0.0,0.0,0.0,0.0,0.0,0.0,0.0,0.0,0.0,0.0,0.0,0.0,0.0,0.0,0.0,0.0,0.0,0.0,0.0,0.0,0.0,-1674.11328125,0.0,1674.109375,0.0,0.0,0.0,0.0,0.0,0.0,0.0,0.0,0.0,0.0,0.0,0.0,0.0,0.0,0.0,0.0,0.0,29037.966796875,0.0,262185.34375,68535.5234375,-8055.306640625,0.0,8055.296875,0.0,-21.716354190734126,0.0,3.1697537899017334,0.0,WA
8875746,WA,5306,374.1841735839844,1,0.0,0.0,0.0,1,0,0.0,0.0,24162.525390625,3926.039794921875,8792.986328125,0.0,0.0,12719.026123046875,0.0,0.0,0.0,0.0,0.0,0.0,0.0,0.0,0.0,0.0,0.0,0.0,0.0,0.0,0.0,0.0,0.0,0.0,0.0,0.0,0.0,0.0,0.0,0.0,0.0,0.0,0.0,0.0,0.0,0.0,0.0,0.0,0.0,0.0,0.0,0.0,0.0,0.0,0.0,0.0,0.0,0.0,0.0,0.0,0.0,0.0,0.0,0.0,0.0,0.0,0.0,0.0,0.0,0.0,0.0,0.0,0.0,0.0,0.0,0.0,0.0,0.0,0.0,0.0,0.0,0.0,0.0,0.0,0.0,0.0,0.0,0.0,0.0,0.0,0.0,0.0,0.0,0.0,0.0,0.0,0.0,0.0,0.0,0.0,0.0,0.0,24162.525390625,12719.026123046875,0.0,0.0,0.0,0.0,0.0,0.0,0.0,0.0,WA
8875747,WA,5306,0.15682806074619293,2,0.0,202554.84375,620505.3125,2,0,175738.953125,7398.46630859375,435655.75,0.0,0.0,0.0,0.0,0.0,0.0,0.0,0.0,0.0,0.0,0.0,0.0,0.0,0.0,0.0,0.0,0.0,0.0,0.0,0.0,0.0,0.0,0.0,0.0,0.0,0.0,0.0,0.0,0.0,-35.4375,0.0,35.4375,0.0,-38948.0,0.0,38948.0,0.0,0.0,0.0,0.0,0.0,0.0,0.0,0.0,0.0,0.0,0.0,0.0,0.0,-1786.296875,0.0,1786.28125,0.0,0.0,0.0,0.0,0.0,-0.015625,0.0,0.03125,0.0,0.0,0.0,0.0,0.0,0.0,0.0,0.0,0.0,0.0,0.0,0.0,0.0,0.0,0.0,0.0,0.0,0.0,0.0,0.0,0.0,0.0,0.0,0.0,0.0,0.0,0.0,0.0,0.0,134969.203125,7398.46630859375,476425.5,0.0,-40769.75,0.0,40769.75,0.0,-23.199039982331747,0.0,9.358248710632324,0.0,WA
8875748,WA,5306,0.11986469477415085,3,0.0,264713.712890625,277067.7734375,3,0,41583.853271484375,0.0,233056.046875,13719.09375,0.0,0.0,0.0,13719.09375,-5531.544921875,0.0,5531.546875,0.0,-2535.5520629882812,0.0,2535.546875,0.0,2968.0000610351562,0.0,-2968.0,0.0,0.0,0.0,0.0,0.0,0.0,0.0,0.0,0.0,0.0,0.0,0.0,0.0,0.0,0.0,0.0,0.0,0.0,0.0,0.0,0.0,0.0,0.0,0.0,0.0,0.0,0.0,0.0,0.0,0.0,0.0,0.0,0.0,0.0,0.0,0.0,0.0,0.0,0.0,0.0,0.0,0.0,0.0,0.0,0.0,0.0,0.0,0.0,0.0,0.0,0.0,0.0,0.0,-85.75390625,0.0,85.765625,0.0,-31.704833984375,0.0,31.703125,0.0,0.0,0.0,0.0,0.0,0.0,0.0,0.0,0.0,0.0,0.0,0.0,0.0,36367.297607421875,0.0,238272.609375,13719.09375,-5216.5556640625,0.0,5216.5625,0.0,-12.54466638770989,0.0,2.2383296489715576,0.0,WA
8875749,WA,5306,71.44635009765625,1,0.0,2149.347412109375,89291.9609375,1,0,12872.990234375,0.0,117372.3046875,33547.30859375,0.0,0.0,0.0,33547.30859375,-1959.7587890625,0.0,1959.7578125,0.0,-1716.0,0.0,1716.0,0.0,1166.0,0.0,-1166.0,0.0,0.0,0.0,0.0,0.0,0.0,0.0,0.0,0.0,0.0,0.0,0.0,0.0,0.0,0.0,0.0,0.0,0.0,0.0,0.0,0.0,0.0,0.0,0.0,0.0,0.0,0.0,0.0,0.0,0.0,0.0,0.0,0.0,0.0,0.0,0.0,0.0,0.0,0.0,0.0,0.0,0.0,0.0,0.0,0.0,0.0,0.0,0.0,0.0,0.0,0.0,0.0,0.0,-1131.3466796875,0.0,1131.34375,0.0,0.0,0.0,0.0,0.0,0.0,0.0,0.0,0.0,0.0,0.0,0.0,0.0,0.0,0.0,0.0,0.0,9231.884765625,0.0,121013.40625,33547.30859375,-3641.10546875,0.0,3641.1015625,0.0,-28.284846041653044,0.0,3.1021811962127686,0.0,WA
8875750,WA,5306,0.14812074601650238,2,0.0,161037.06640625,429172.0,2,0,103237.890625,0.0,201444.96875,0.0,0.0,0.0,0.0,0.0,0.0,0.0,0.0,0.0,0.0,0.0,0.0,0.0,0.0,0.0,0.0,0.0,0.0,0.0,0.0,0.0,0.0,0.0,0.0,0.0,0.0,0.0,0.0,0.0,0.0,0.0,0.0,0.0,-26815.9453125,0.0,26815.9375,0.0,0.0,0.0,0.0,0.0,0.0,0.0,0.0,0.0,-480.0,0.0,480.0,0.0,0.0,0.0,0.0,0.0,0.0,0.0,0.0,0.0,0.0,0.0,0.0,0.0,0.0,0.0,0.0,0.0,0.0,0.0,0.0,0.0,0.0,0.0,0.0,0.0,0.0,0.0,0.0,0.0,0.0,0.0,0.0,0.0,0.0,0.0,0.0,0.0,0.0,0.0,0.0,0.0,75941.9453125,0.0,228740.90625,0.0,-27295.9453125,0.0,27295.9375,0.0,-26.439851828869156,0.0,13.550071716308594,0.0,WA
8875751,WA,5306,37.3145637512207,1,0.0,12449.9755859375,12449.9755859375,1,0,0.0,0.0,48143.22265625,14216.0458984375,0.0,8501.26171875,0.0,22717.3076171875,0.0,0.0,0.0,0.0,0.0,0.0,0.0,0.0,0.0,0.0,0.0,0.0,0.0,0.0,0.0,0.0,0.0,0.0,0.0,0.0,0.0,0.0,0.0,0.0,0.0,0.0,0.0,0.0,0.0,0.0,0.0,0.0,0.0,0.0,0.0,0.0,0.0,0.0,0.0,0.0,0.0,0.0,0.0,0.0,0.0,0.0,0.0,0.0,0.0,0.0,0.0,0.0,0.0,0.0,0.0,0.0,0.0,0.0,0.0,0.0,0.0,0.0,0.0,0.0,0.0,0.0,0.0,0.0,0.0,0.0,0.0,0.0,0.0,0.0,0.0,0.0,0.0,0.0,-8501.26171875,-8501.26171875,0.0,0.0,0.0,0.0,0.0,0.0,39641.9609375,14216.0458984375,0.0,0.0,-8501.26171875,-8501.26171875,0.0,0.0,-17.65827178955078,-37.42195977624611,WA
8875752,WA,5306,0.0894254520535469,2,0.0,422592.328125,504832.875,2,0,126104.3203125,0.0,367017.5625,0.0,0.0,0.0,0.0,0.0,0.0,0.0,0.0,0.0,0.0,0.0,0.0,0.0,0.0,0.0,0.0,0.0,0.0,0.0,0.0,0.0,0.0,0.0,0.0,0.0,0.0,0.0,0.0,0.0,-1400.0,0.0,1400.0,0.0,-27308.3984375,0.0,27308.40625,0.0,0.0,0.0,0.0,0.0,0.0,0.0,0.0,0.0,-640.0,0.0,640.0,0.0,0.0,0.0,0.0,0.0,0.0,0.0,0.0,0.0,0.0,0.0,0.0,0.0,0.0,0.0,0.0,0.0,0.0,0.0,0.0,0.0,0.0,0.0,0.0,0.0,0.0,0.0,0.0,0.0,0.0,0.0,0.0,0.0,0.0,0.0,0.0,0.0,0.0,0.0,0.0,0.0,96755.921875,0.0,396365.96875,0.0,-29348.3984375,0.0,29348.40625,0.0,-23.273110996333454,0.0,7.996458530426025,0.0,WA
8875753,WA,5306,120.87760925292969,1,0.0,177.201171875,20406.001953125,1,0,475.6001892089844,0.0,24717.20703125,288.7731018066406,0.0,0.0,0.0,288.7731018066406,0.0,0.0,0.0,0.0,-475.6001892089844,0.0,475.599609375,0.0,225.60018920898438,0.0,-225.599609375,0.0,0.0,0.0,0.0,0.0,0.0,0.0,0.0,0.0,0.0,0.0,0.0,0.0,0.0,0.0,0.0,0.0,0.0,0.0,0.0,0.0,0.0,0.0,0.0,0.0,0.0,0.0,0.0,0.0,0.0,0.0,0.0,0.0,0.0,0.0,0.0,0.0,0.0,0.0,0.0,0.0,0.0,0.0,0.0,0.0,0.0,0.0,0.0,0.0,0.0,0.0,0.0,0.0,-225.60018920898438,0.0,225.599609375,0.0,0.0,0.0,0.0,0.0,0.0,0.0,0.0,0.0,0.0,0.0,0.0,0.0,0.0,0.0,0.0,0.0,0.0,0.0,25192.806640625,288.7731018066406,-475.6001892089844,0.0,475.599609375,0.0,-100.0,0.0,1.924164056777954,0.0,WA
8875754,WA,5306,0.17916101217269897,2,0.0,179259.49609375,194826.078125,2,0,30831.51953125,0.0,186178.65625,5205.06689453125,0.0,0.0,0.0,5205.06689453125,-4529.783203125,0.0,4529.78125,0.0,-3432.0,0.0,3432.0,0.0,2332.0,0.0,-2332.0,0.0,0.0,0.0,0.0,0.0,0.0,0.0,0.0,0.0,0.0,0.0,0.0,0.0,-1100.0,0.0,1100.0,0.0,0.0,0.0,0.0,0.0,0.0,0.0,0.0,0.0,0.0,0.0,0.0,0.0,-440.0,0.0,440.0,0.0,0.0,0.0,0.0,0.0,0.0,0.0,0.0,0.0,0.0,0.0,0.0,0.0,0.0,0.0,0.0,0.0,0.0,0.0,0.0,0.0,0.0,0.0,0.0,0.0,0.0,0.0,0.0,0.0,0.0,0.0,0.0,0.0,0.0,0.0,0.0,0.0,0.0,0.0,0.0,0.0,23661.736328125,0.0,193348.4375,5205.06689453125,-7169.783203125,0.0,7169.78125,0.0,-23.254718911462994,0.0,3.851022243499756,0.0,WA
8875755,WA,5306,0.2046533077955246,5,3.0,190471.734375,193381.96875,5,0,23960.1015625,0.0,172010.46875,0.0,0.0,0.0,0.0,0.0,-3705.212890625,0.0,3705.21875,0.0,0.0,0.0,0.0,0.0,4629.14453125,0.0,-4629.140625,0.0,0.0,0.0,0.0,0.0,-6600.0,0.0,6600.0,0.0,0.0,0.0,0.0,0.0,-1100.0,0.0,1100.0,0.0,0.0,0.0,0.0,0.0,0.0,0.0,0.0,0.0,0.0,0.0,0.0,0.0,-440.0,0.0,440.0,0.0,0.0,0.0,0.0,0.0,0.0,0.0,0.0,0.0,0.0,0.0,0.0,0.0,0.0,0.0,0.0,0.0,0.0,0.0,0.0,0.0,0.0,0.0,0.0,0.0,-808.494140625,0.0,808.484375,0.0,0.0,0.0,0.0,0.0,0.0,0.0,0.0,0.0,0.0,0.0,0.0,0.0,15935.5390625,0.0,180035.03125,0.0,-8024.5625,0.0,8024.5625,0.0,-33.49135427939612,0.0,4.665159225463867,0.0,WA
8875756,WA,5306,378.0396728515625,3,1.0,0.0,0.17323553562164307,3,0,0.0,0.0,25163.42578125,3933.85205078125,21229.401123046875,0.0,0.0,25163.253173828125,0.0,0.0,0.0,0.0,0.0,0.0,0.0,0.0,0.0,0.0,0.0,0.0,0.0,0.0,0.0,0.0,0.0,0.0,0.0,0.0,0.0,0.0,0.0,0.0,0.0,0.0,0.0,0.0,0.0,0.0,0.0,0.0,0.0,0.0,0.0,0.0,0.0,0.0,0.0,0.0,0.0,0.0,0.0,0.0,0.0,0.0,0.0,0.0,0.0,0.0,0.0,0.0,0.0,0.0,0.0,0.0,0.0,0.0,0.0,0.0,0.0,0.0,0.0,0.0,0.0,0.0,0.0,0.0,0.0,0.0,0.0,0.0,0.0,0.0,0.0,0.0,0.0,0.0,0.0,0.0,0.0,0.0,0.0,0.0,0.0,0.0,25163.42578125,25163.253173828125,0.0,0.0,0.0,0.0,0.0,0.0,0.0,0.0,WA
8875757,WA,5306,266.7474670410156,1,0.0,0.0,0.0,1,0,0.0,0.0,48330.9609375,24474.322265625,0.0,0.0,0.0,24474.322265625,0.0,0.0,0.0,0.0,0.0,0.0,0.0,0.0,0.0,0.0,0.0,0.0,0.0,0.0,0.0,0.0,0.0,0.0,0.0,0.0,0.0,0.0,0.0,0.0,0.0,0.0,0.0,0.0,0.0,0.0,0.0,0.0,0.0,0.0,0.0,0.0,0.0,0.0,0.0,0.0,0.0,0.0,0.0,0.0,0.0,0.0,0.0,0.0,0.0,0.0,0.0,0.0,0.0,0.0,0.0,0.0,0.0,0.0,0.0,0.0,0.0,0.0,0.0,0.0,0.0,0.0,0.0,0.0,0.0,0.0,0.0,0.0,0.0,0.0,0.0,0.0,0.0,0.0,0.0,0.0,0.0,0.0,0.0,0.0,0.0,0.0,48330.9609375,24474.322265625,0.0,0.0,0.0,0.0,0.0,0.0,0.0,0.0,WA
8875758,WA,5306,0.12868943810462952,5,1.0,99607.58984375,125175.60546875,5,0,6953.8380126953125,0.0,236188.671875,54195.3125,8792.986328125,0.0,0.0,62988.298828125,-967.63232421875,0.0,967.625,0.0,-772.1441650390625,0.0,772.140625,0.0,2393.6769104003906,0.0,-2393.671875,0.0,0.0,0.0,0.0,0.0,-1200.0,0.0,1200.0,0.0,0.0,0.0,0.0,0.0,-94.212890625,0.0,94.21875,0.0,0.0,0.0,0.0,0.0,0.0,0.0,0.0,0.0,0.0,0.0,0.0,0.0,-47.31103515624909,0.0,47.3125,0.0,0.0,0.0,0.0,0.0,0.0,0.0,0.0,0.0,0.0,0.0,0.0,0.0,0.0,0.0,0.0,0.0,-1037.727050781251,0.0,1037.71875,0.0,0.0,0.0,0.0,0.0,0.0,0.0,0.0,0.0,0.0,0.0,0.0,0.0,0.0,0.0,0.0,0.0,0.0,0.0,0.0,0.0,5228.487457275391,0.0,237914.015625,62988.298828125,-1725.3505554199219,0.0,1725.34375,0.0,-24.811486150094755,0.0,0.7304938435554504,0.0,WA
8875759,WA,5306,0.10507463663816452,3,0.0,289989.3039550781,290161.4133300781,3,0,50824.3046875,0.0,227145.609375,0.0,8792.986328125,0.0,0.0,8792.986328125,-7019.7998046875,0.0,7019.8125,0.0,-1716.0,0.0,1716.0,0.0,2438.0,0.0,-2438.0,0.0,0.0,0.0,0.0,0.0,0.0,0.0,0.0,0.0,0.0,0.0,0.0,0.0,0.0,0.0,0.0,0.0,0.0,0.0,0.0,0.0,0.0,0.0,0.0,0.0,0.0,0.0,0.0,0.0,0.0,0.0,0.0,0.0,0.0,0.0,0.0,0.0,0.0,0.0,0.0,0.0,0.0,0.0,0.0,0.0,0.0,0.0,0.0,0.0,0.0,0.0,0.0,0.0,-1256.26025390625,0.0,1256.25,0.0,0.0,0.0,0.0,0.0,0.0,0.0,0.0,0.0,0.0,0.0,0.0,0.0,0.0,0.0,0.0,0.0,43270.24462890625,0.0,234699.671875,8792.986328125,-7554.06005859375,0.0,7554.0625,0.0,-14.863085889794053,0.0,3.3256475925445557,0.0,WA
8875760,WA,5306,0.09863049536943436,2,0.0,313196.03125,1171348.125,2,0,325826.375,7612.39453125,819226.8125,0.0,0.0,0.0,0.0,0.0,-25541.59375,0.0,25541.5625,0.0,0.0,0.0,0.0,0.0,0.0,0.0,0.0,0.0,0.0,0.0,0.0,0.0,0.0,0.0,0.0,0.0,0.0,0.0,0.0,0.0,-10249.15625,0.0,10249.1875,0.0,-4072.09375,0.0,4072.0625,0.0,0.0,0.0,0.0,0.0,0.0,0.0,0.0,0.0,-700.0,0.0,700.0,0.0,-3244.65625,0.0,3244.6875,0.0,0.0,0.0,0.0,0.0,0.0,0.0,0.0,0.0,0.0,0.0,0.0,0.0,0.0,0.0,0.0,0.0,0.0,0.0,0.0,0.0,0.0,0.0,0.0,0.0,0.0,0.0,0.0,0.0,0.0,0.0,0.0,0.0,0.0,0.0,0.0,0.0,282018.875,7612.39453125,863034.3125,0.0,-43807.5,0.0,43807.5,0.0,-13.445044158871426,0.0,5.3474202156066895,0.0,WA
8875761,WA,5306,0.09919814765453339,3,0.0,146705.287109375,619043.998046875,3,0,167305.77185058594,0.0,461032.15625,7245.93115234375,0.0,0.0,0.0,7245.93115234375,-132.3125,0.0,132.3125,0.0,-859.875,0.0,859.875,0.0,559.875,0.0,-559.875,0.0,0.0,0.0,0.0,0.0,0.0,0.0,0.0,0.0,0.0,0.0,0.0,0.0,-6421.421875,0.0,6421.40625,0.0,-29604.390625,0.0,29604.40625,0.0,0.0,0.0,0.0,0.0,0.0,0.0,0.0,0.0,-640.0,0.0,640.0,0.0,0.0,0.0,0.0,0.0,0.0,0.0,0.0,0.0,0.0,0.0,0.0,0.0,0.0,0.0,0.0,0.0,0.0,0.0,0.0,0.0,0.0,0.0,0.0,0.0,0.0,0.0,0.0,0.0,0.0,0.0,0.0,0.0,0.0,0.0,0.0,0.0,0.0,0.0,0.0,0.0,130207.64685058594,0.0,498130.28125,7245.93115234375,-37098.125,0.0,37098.125,0.0,-22.173846478608546,0.0,8.046754837036133,0.0,WA
8875762,WA,5306,0.08755963295698166,3,0.0,211335.318359375,516592.62994384766,3,0,126053.53125,0.0,412984.125,0.0,8792.986328125,0.0,0.0,8792.986328125,0.0,0.0,0.0,0.0,0.0,0.0,0.0,0.0,0.0,0.0,0.0,0.0,0.0,0.0,0.0,0.0,0.0,0.0,0.0,0.0,0.0,0.0,0.0,0.0,-9293.53125,0.0,9293.5625,0.0,-26396.796875,0.0,26396.78125,0.0,0.0,0.0,0.0,0.0,0.0,0.0,0.0,0.0,0.0,0.0,0.0,0.0,-1468.6796875,0.0,1468.6875,0.0,0.0,0.0,0.0,0.0,0.0,0.0,0.0,0.0,0.0,0.0,0.0,0.0,0.0,0.0,0.0,0.0,0.0,0.0,0.0,0.0,0.0,0.0,0.0,0.0,0.0,0.0,0.0,0.0,0.0,0.0,0.0,0.0,0.0,0.0,0.0,0.0,88894.5234375,0.0,450143.15625,8792.986328125,-37159.0078125,0.0,37159.03125,0.0,-29.47875195880322,0.0,8.997690200805664,0.0,WA
8875763,WA,5306,0.10613099485635757,6,3.9999999999999996,181022.796875,723708.375,6,0,203637.95312499997,0.0,565674.0625,0.0,0.0,0.0,0.0,0.0,-8675.70312499997,0.0,8675.6875,0.0,0.0,0.0,0.0,0.0,0.0,0.0,0.0,0.0,0.0,0.0,0.0,0.0,0.0,0.0,0.0,0.0,0.0,0.0,0.0,0.0,-23029.046875,0.0,23029.0625,0.0,-26554.234375,0.0,26554.25,0.0,0.0,0.0,0.0,0.0,0.0,0.0,0.0,0.0,-700.0,0.0,700.0,0.0,0.0,0.0,0.0,0.0,0.0,0.0,0.0,0.0,0.0,0.0,0.0,0.0,0.0,0.0,0.0,0.0,0.0,0.0,0.0,0.0,0.0,0.0,0.0,0.0,0.0,0.0,0.0,0.0,0.0,0.0,0.0,0.0,0.0,0.0,0.0,0.0,0.0,0.0,0.0,0.0,144678.96875,0.0,624633.0625,0.0,-58958.98437499997,0.0,58959.0,0.0,-28.952846691996026,0.0,10.422786712646484,0.0,WA
8875764,WA,5306,0.11120520532131195,4,2.0,469354.3583984375,778135.6875,4,0,199034.984375,0.0,637214.4375,0.0,0.0,0.0,0.0,0.0,-6988.5,0.0,6988.5,0.0,0.0,0.0,0.0,0.0,0.0,0.0,0.0,0.0,0.0,0.0,0.0,0.0,0.0,0.0,0.0,0.0,0.0,0.0,0.0,0.0,-1400.0,0.0,1400.0,0.0,-13352.109375,0.0,13352.125,0.0,0.0,0.0,0.0,0.0,0.0,0.0,0.0,0.0,-800.0,0.0,800.0,0.0,-3325.8125,0.0,3325.8125,0.0,0.0,0.0,0.0,0.0,328.140625,0.0,-328.125,0.0,0.0,0.0,0.0,0.0,0.0,0.0,0.0,0.0,0.0,0.0,0.0,0.0,0.0,0.0,0.0,0.0,0.0,0.0,0.0,0.0,0.0,0.0,0.0,0.0,0.0,0.0,0.0,0.0,173496.703125,0.0,662752.75,0.0,-25538.28125,0.0,25538.3125,0.0,-12.831051450675405,0.0,4.007805347442627,0.0,WA
8875765,WA,5306,255.24298095703125,1,0.0,1705.9580078125,1668.7723388671875,1,0,0.0,0.0,16192.0908203125,3596.039794921875,8792.986328125,0.0,0.0,12389.026123046875,0.0,0.0,0.0,0.0,0.0,0.0,0.0,0.0,0.0,0.0,0.0,0.0,0.0,0.0,0.0,0.0,0.0,0.0,0.0,0.0,0.0,0.0,0.0,0.0,0.0,0.0,0.0,0.0,0.0,0.0,0.0,0.0,0.0,0.0,0.0,0.0,0.0,0.0,0.0,0.0,0.0,0.0,0.0,0.0,0.0,0.0,0.0,0.0,0.0,0.0,0.0,0.0,0.0,0.0,0.0,0.0,0.0,0.0,0.0,0.0,0.0,0.0,0.0,0.0,0.0,0.0,0.0,0.0,0.0,0.0,0.0,0.0,0.0,0.0,0.0,0.0,0.0,0.0,0.0,0.0,0.0,0.0,0.0,0.0,0.0,0.0,16192.0908203125,12389.026123046875,0.0,0.0,0.0,0.0,0.0,0.0,0.0,0.0,WA
8875766,WA,5306,0.12115662544965744,5,2.0,75338.515625,499709.62109375,5,0,104447.8173828125,-300.8099365234375,469834.0625,27699.17578125,24872.82958984375,0.0,0.0,52572.00537109375,0.0,0.0,0.0,0.0,0.0,0.0,0.0,0.0,0.0,0.0,0.0,0.0,0.0,0.0,0.0,0.0,-74.9990234375,0.0,75.0,0.0,0.0,0.0,0.0,0.0,-400.3828125,0.0,400.375,0.0,-19017.5625,0.0,19017.5625,0.0,0.0,0.0,0.0,0.0,0.0,0.0,0.0,0.0,-240.0,0.0,240.0,0.0,0.0,0.0,0.0,0.0,0.0,0.0,0.0,0.0,0.0,0.0,0.0,0.0,0.0,0.0,0.0,0.0,0.0,0.0,0.0,0.0,0.0,0.0,0.0,0.0,0.0,0.0,0.0,0.0,0.0,0.0,0.0,0.0,0.0,0.0,0.0,0.0,0.0,0.0,0.0,0.0,84714.873046875,-300.8099365234375,489567.0,52572.00537109375,-19732.9443359375,0.0,19732.9375,0.0,-18.89263445650964,0.0,4.19998025894165,0.0,WA
8875767,WA,5306,0.09686901420354843,1,0.0,0.0,687919.875,1,0,201717.5,714.5119018554688,505613.6875,20586.814453125,0.0,0.0,0.0,20586.814453125,0.0,0.0,0.0,0.0,0.0,0.0,0.0,0.0,0.0,0.0,0.0,0.0,0.0,0.0,0.0,0.0,0.0,0.0,0.0,0.0,0.0,0.0,0.0,0.0,-1400.0,0.0,1400.0,0.0,-19677.34375,0.0,19677.3125,0.0,0.0,0.0,0.0,0.0,0.0,0.0,0.0,0.0,0.0,0.0,0.0,0.0,-4385.6875,0.0,4385.75,0.0,0.0,0.0,0.0,0.0,0.0,0.0,0.0,0.0,0.0,0.0,0.0,0.0,0.0,0.0,0.0,0.0,0.0,0.0,0.0,0.0,0.0,0.0,0.0,0.0,0.0,0.0,0.0,0.0,0.0,0.0,0.0,0.0,0.0,0.0,0.0,0.0,176254.46875,714.5119018554688,531076.75,20586.814453125,-25463.03125,0.0,25463.0625,0.0,-12.623114628130928,0.0,5.036070346832275,0.0,WA
8875768,WA,5306,0.04869779944419861,2,0.0,440090.89453125,448800.03125,1,1,117332.7578125,0.0,318759.75,0.0,0.0,0.0,0.0,0.0,0.0,0.0,0.0,0.0,0.0,0.0,0.0,0.0,0.0,0.0,0.0,0.0,0.0,0.0,0.0,0.0,0.0,0.0,0.0,0.0,0.0,0.0,0.0,0.0,0.0,0.0,0.0,0.0,-32256.2421875,0.0,32256.25,0.0,0.0,0.0,0.0,0.0,0.0,0.0,0.0,0.0,-313.5703125,0.0,313.5625,0.0,0.0,0.0,0.0,0.0,0.0,0.0,0.0,0.0,0.0,0.0,0.0,0.0,0.0,0.0,0.0,0.0,0.0,0.0,0.0,0.0,0.0,0.0,0.0,0.0,0.0,0.0,0.0,0.0,0.0,0.0,0.0,0.0,0.0,0.0,0.0,0.0,0.0,0.0,0.0,0.0,84762.9453125,0.0,351329.5625,0.0,-32569.8125,0.0,32569.8125,0.0,-27.75849908177151,0.0,10.217668533325195,0.0,WA
8875769,WA,5306,0.118929922580719,2,0.0,180972.296875,562599.5,1,1,126843.4609375,0.0,439499.25,0.0,0.0,0.0,0.0,0.0,0.0,0.0,0.0,0.0,0.0,0.0,0.0,0.0,0.0,0.0,0.0,0.0,0.0,0.0,0.0,0.0,0.0,0.0,0.0,0.0,0.0,0.0,0.0,0.0,-1400.0,0.0,1400.0,0.0,-23679.921875,0.0,23679.90625,0.0,0.0,0.0,0.0,0.0,0.0,0.0,0.0,0.0,-480.0,0.0,480.0,0.0,-363.6875,0.0,363.6875,0.0,0.0,0.0,0.0,0.0,0.0,0.0,0.0,0.0,0.0,0.0,0.0,0.0,0.0,0.0,0.0,0.0,0.0,0.0,0.0,0.0,0.0,0.0,0.0,0.0,0.0,0.0,0.0,0.0,0.0,0.0,0.0,0.0,0.0,0.0,0.0,0.0,100919.8515625,0.0,465422.84375,0.0,-25923.609375,0.0,25923.59375,0.0,-20.43748190359882,0.0,5.898438930511475,0.0,WA
8875770,WA,5306,0.1715203821659088,4,2.0,266478.125,299776.15625,4,0,47833.60546875,0.0,259650.84375,0.0,0.0,0.0,0.0,0.0,0.0,0.0,0.0,0.0,0.0,0.0,0.0,0.0,0.0,0.0,0.0,0.0,0.0,0.0,0.0,0.0,-2700.0,0.0,2700.0,0.0,0.0,0.0,0.0,0.0,-1950.0,0.0,1950.0,0.0,-2637.35546875,0.0,2637.375,0.0,0.0,0.0,0.0,0.0,0.0,0.0,0.0,0.0,0.0,0.0,0.0,0.0,0.0,0.0,0.0,0.0,0.0,0.0,0.0,0.0,0.0,0.0,0.0,0.0,0.0,0.0,0.0,0.0,0.0,0.0,0.0,0.0,0.0,0.0,0.0,0.0,0.0,0.0,0.0,0.0,0.0,0.0,0.0,0.0,0.0,0.0,0.0,0.0,0.0,0.0,0.0,0.0,40546.25,0.0,266938.21875,0.0,-7287.35546875,0.0,7287.375,0.0,-15.234802807224881,0.0,2.806605577468872,0.0,WA
8875771,WA,5306,0.39703667163848877,5,3.0,25425.60546875,25425.60546875,5,0,-4510.4052734375,-1357.2696533203125,95455.28125,8827.740234375,19723.271728515625,0.0,0.0,28551.011962890625,0.0,0.0,0.0,0.0,0.0,0.0,0.0,0.0,0.0,0.0,0.0,0.0,0.0,0.0,0.0,0.0,-2100.0,0.0,2100.0,0.0,0.0,0.0,0.0,0.0,0.0,0.0,0.0,0.0,0.0,0.0,0.0,0.0,0.0,0.0,0.0,0.0,0.0,0.0,0.0,0.0,0.0,0.0,0.0,0.0,0.0,0.0,0.0,0.0,0.0,0.0,0.0,0.0,0.0,0.0,0.0,0.0,0.0,0.0,0.0,0.0,0.0,0.0,0.0,0.0,0.0,0.0,0.0,0.0,0.0,0.0,0.0,0.0,0.0,0.0,-5817.921875,-5817.92138671875,0.0,0.0,0.0,0.0,0.0,0.0,0.0,0.0,-6610.4052734375,-1357.2696533203125,91737.359375,22733.090576171875,-2100.0,0.0,-3717.921875,-5817.92138671875,-46.55900906216204,0.0,-3.8949358463287354,-20.37728608107003,WA
8875772,WA,5306,0.1097150668501854,5,3.0,368702.59375,395330.5625,5,0,90467.578125,0.0,284543.375,0.0,0.0,0.0,0.0,0.0,0.0,0.0,0.0,0.0,0.0,0.0,0.0,0.0,0.0,0.0,0.0,0.0,0.0,0.0,0.0,0.0,-4900.0,0.0,4900.0,0.0,0.0,0.0,0.0,0.0,-2100.0,0.0,2100.0,0.0,-17515.4921875,0.0,17515.5,0.0,0.0,0.0,0.0,0.0,0.0,0.0,0.0,0.0,-480.0,0.0,480.0,0.0,0.0,0.0,0.0,0.0,0.0,0.0,0.0,0.0,0.0,0.0,0.0,0.0,0.0,0.0,0.0,0.0,0.0,0.0,0.0,0.0,0.0,0.0,0.0,0.0,0.0,0.0,0.0,0.0,0.0,0.0,0.0,0.0,0.0,0.0,0.0,0.0,0.0,0.0,0.0,0.0,65472.0859375,0.0,309538.875,0.0,-24995.4921875,0.0,24995.5,0.0,-27.629226630742192,0.0,8.784425735473633,0.0,WA
8875773,WA,5306,0.11582376807928085,3,1.0,62838.21484375,89109.921875,3,0,6276.48828125,0.0,110036.1640625,28038.75,0.0,0.0,0.0,28038.75,-979.2978515625,0.0,979.3046875,0.0,-1872.0,0.0,1872.0,0.0,1908.0,0.0,-1908.0,0.0,0.0,0.0,0.0,0.0,-1200.0,0.0,1200.0,0.0,0.0,0.0,0.0,0.0,-600.0,0.0,600.0,0.0,0.0,0.0,0.0,0.0,0.0,0.0,0.0,0.0,0.0,0.0,0.0,0.0,0.0,0.0,0.0,0.0,0.0,0.0,0.0,0.0,0.0,0.0,0.0,0.0,0.0,0.0,0.0,0.0,0.0,0.0,0.0,0.0,0.0,0.0,0.0,0.0,0.0,0.0,0.0,0.0,0.0,0.0,0.0,0.0,0.0,0.0,0.0,0.0,0.0,0.0,0.0,0.0,0.0,0.0,0.0,0.0,3533.1904296875,0.0,112779.46875,28038.75,-2743.2978515625,0.0,2743.3046875,0.0,-43.707527659338766,0.0,2.493093729019165,0.0,WA
8875774,WA,5306,0.09912056475877762,5,0.0,558602.3245849609,585827.2152099609,5,0,128869.0689163208,-341.9477844238281,440706.71875,0.0,8792.986328125,0.0,0.0,8792.986328125,-3685.671875,0.0,3685.65625,0.0,-3431.99951171875,0.0,3432.0,0.0,2331.99951171875,0.0,-2332.0,0.0,0.0,0.0,0.0,0.0,0.0,0.0,0.0,0.0,0.0,0.0,0.0,0.0,0.0,0.0,0.0,0.0,-28681.6875,0.0,28681.6875,0.0,0.0,0.0,0.0,0.0,0.0,0.0,0.0,0.0,-480.0,0.0,480.0,0.0,0.0,0.0,0.0,0.0,0.0,0.0,0.0,0.0,0.0,0.0,0.0,0.0,0.0,0.0,0.0,0.0,0.0,0.0,0.0,0.0,0.0,0.0,0.0,0.0,-418.51171875,0.0,418.53125,0.0,0.0,0.0,0.0,0.0,0.0,0.0,0.0,0.0,0.0,0.0,0.0,0.0,94503.1978225708,-341.9477844238281,475072.59375,8792.986328125,-34365.87109375,0.0,34365.875,0.0,-26.667276626375692,0.0,7.797901153564453,0.0,WA
8875775,WA,5306,0.11265730857849121,3,1.0,371209.62109375,1068765.875,2,1,265584.375,27055.572265625,762166.25,0.0,0.0,0.0,0.0,0.0,0.0,0.0,0.0,0.0,0.0,0.0,0.0,0.0,0.0,0.0,0.0,0.0,0.0,0.0,0.0,0.0,0.0,0.0,0.0,0.0,0.0,0.0,0.0,0.0,0.0,0.0,0.0,0.0,-38948.015625,0.0,38948.0,0.0,0.0,0.0,0.0,0.0,0.0,0.0,0.0,0.0,-268.875,0.0,268.875,0.0,0.0,0.0,0.0,0.0,0.0,0.0,0.0,0.0,0.0,0.0,0.0,0.0,0.0,0.0,0.0,0.0,0.0,0.0,0.0,0.0,0.0,0.0,0.0,0.0,0.0,0.0,0.0,0.0,0.0,0.0,0.0,0.0,0.0,0.0,0.0,0.0,0.0,0.0,0.0,0.0,226367.484375,27055.572265625,801383.125,0.0,-39216.890625,0.0,39216.875,0.0,-14.766264252179745,0.0,5.145448684692383,0.0,WA
8875776,WA,5306,0.1737031191587448,4,2.0,47022.857421875,67811.203125,4,0,-751.48828125,0.0,104563.9765625,0.0,7286.85693359375,0.0,0.0,7286.85693359375,-93.702392578125,0.0,93.6953125,0.0,-1154.809326171875,0.0,1154.8125,0.0,2149.218505859375,0.0,-2149.21875,0.0,0.0,0.0,0.0,0.0,-2400.0,0.0,2400.0,0.0,-180.0,0.0,180.0,0.0,-599.99951171875,0.0,600.0,0.0,0.0,0.0,0.0,0.0,0.0,0.0,0.0,0.0,0.0,0.0,0.0,0.0,-240.0,0.0,240.0,0.0,0.0,0.0,0.0,0.0,0.0,0.0,0.0,0.0,0.0,0.0,0.0,0.0,0.0,0.0,0.0,0.0,0.0,0.0,0.0,0.0,0.0,0.0,0.0,0.0,0.0,0.0,0.0,0.0,0.0,0.0,0.0,0.0,0.0,0.0,0.0,0.0,0.0,0.0,0.0,0.0,-3270.781005859375,0.0,107083.265625,7286.85693359375,-2519.292724609375,0.0,2519.2890625,0.0,-335.2404538389966,0.0,2.409327983856201,0.0,WA
8875777,WA,5306,0.11900142580270767,1,0.0,115953.46875,534072.5625,1,0,118732.8203125,714.5119018554688,419122.15625,6763.3408203125,0.0,0.0,0.0,6763.3408203125,0.0,0.0,0.0,0.0,0.0,0.0,0.0,0.0,0.0,0.0,0.0,0.0,0.0,0.0,0.0,0.0,0.0,0.0,0.0,0.0,0.0,0.0,0.0,0.0,-1299.9921875,0.0,1299.96875,0.0,-15550.28125,0.0,15550.3125,0.0,0.0,0.0,0.0,0.0,0.0,0.0,0.0,0.0,-320.0,0.0,320.0,0.0,-266.7109375,0.0,266.6875,0.0,0.0,0.0,0.0,0.0,0.0,0.0,0.0,0.0,0.0,0.0,0.0,0.0,0.0,0.0,0.0,0.0,0.0,0.0,0.0,0.0,0.0,0.0,0.0,0.0,0.0,0.0,0.0,0.0,0.0,0.0,0.0,0.0,0.0,0.0,0.0,0.0,101295.8359375,714.5119018554688,436559.125,6763.3408203125,-17436.984375,0.0,17436.96875,0.0,-14.685900940537383,0.0,4.1603546142578125,0.0,WA
8875778,WA,5306,303.59674072265625,1,0.0,0.0,0.0,1,0,0.0,0.0,17199.9140625,3926.039794921875,8792.986328125,0.0,0.0,12719.026123046875,0.0,0.0,0.0,0.0,0.0,0.0,0.0,0.0,0.0,0.0,0.0,0.0,0.0,0.0,0.0,0.0,0.0,0.0,0.0,0.0,0.0,0.0,0.0,0.0,0.0,0.0,0.0,0.0,0.0,0.0,0.0,0.0,0.0,0.0,0.0,0.0,0.0,0.0,0.0,0.0,0.0,0.0,0.0,0.0,0.0,0.0,0.0,0.0,0.0,0.0,0.0,0.0,0.0,0.0,0.0,0.0,0.0,0.0,0.0,0.0,0.0,0.0,0.0,0.0,0.0,0.0,0.0,0.0,0.0,0.0,0.0,0.0,0.0,0.0,0.0,0.0,0.0,0.0,0.0,0.0,0.0,0.0,0.0,0.0,0.0,0.0,17199.9140625,12719.026123046875,0.0,0.0,0.0,0.0,0.0,0.0,0.0,0.0,WA
8875779,WA,5306,0.09750618785619736,4,2.0,906108.8125,969794.3125,4,0,302427.40625,0.0,646087.5625,0.0,0.0,0.0,0.0,0.0,-30792.96875,0.0,30792.9375,0.0,-5772.03125,0.0,5772.0625,0.0,0.0,0.0,0.0,0.0,0.0,0.0,0.0,0.0,0.0,0.0,0.0,0.0,0.0,0.0,0.0,0.0,-1850.0,0.0,1850.0,0.0,0.0,0.0,0.0,0.0,0.0,0.0,0.0,0.0,0.0,0.0,0.0,0.0,0.0,0.0,0.0,0.0,0.0,0.0,0.0,0.0,0.0,0.0,0.0,0.0,0.0,0.0,0.0,0.0,0.0,0.0,0.0,0.0,0.0,0.0,0.0,0.0,0.0,0.0,0.0,0.0,0.0,0.0,0.0,0.0,0.0,0.0,0.0,0.0,0.0,0.0,0.0,0.0,0.0,0.0,0.0,0.0,264012.40625,0.0,684502.5625,0.0,-38415.0,0.0,38415.0,0.0,-12.702221824514293,0.0,5.945788383483887,0.0,WA
8875780,WA,5306,0.1687432825565338,5,3.0,114404.859375,114772.140625,5,0,4775.59912109375,0.0,120481.609375,0.0,0.0,0.0,8430.76904296875,8430.76904296875,-1029.1201171875,0.0,1029.125,0.0,-278.25732421875,0.0,278.25,0.0,3180.0009765625,0.0,-3180.0,0.0,0.0,0.0,0.0,0.0,-3850.0,0.0,3850.0,0.0,0.0,0.0,0.0,0.0,0.0,0.0,0.0,0.0,0.0,0.0,0.0,0.0,0.0,0.0,0.0,0.0,0.0,0.0,0.0,0.0,-177.4541015625,0.0,177.453125,0.0,0.0,0.0,0.0,0.0,0.0,0.0,0.0,0.0,0.0,0.0,0.0,0.0,0.0,0.0,0.0,0.0,0.0,0.0,0.0,0.0,0.0,0.0,0.0,0.0,-421.5390625,0.0,421.546875,0.0,0.0,0.0,0.0,0.0,0.0,0.0,0.0,0.0,0.0,0.0,0.0,0.0,2199.2294921875,0.0,123057.984375,8430.76904296875,-2576.36962890625,0.0,2576.375,0.0,-53.948615944886654,0.0,2.138396978378296,0.0,WA
8875781,WA,5306,0.23569534718990326,3,1.0,0.0,28941.833984375,3,0,-4038.079833984375,-673.3740844726562,63084.1015625,660.0,26378.958984375,0.0,0.0,27038.958984375,0.0,0.0,0.0,0.0,0.0,0.0,0.0,0.0,0.0,0.0,0.0,0.0,0.0,0.0,0.0,0.0,0.0,0.0,0.0,0.0,0.0,0.0,0.0,0.0,0.0,0.0,0.0,0.0,0.0,0.0,0.0,0.0,0.0,0.0,0.0,0.0,0.0,0.0,0.0,0.0,0.0,0.0,0.0,0.0,0.0,0.0,0.0,0.0,0.0,0.0,0.0,0.0,0.0,0.0,0.0,0.0,0.0,0.0,0.0,0.0,0.0,0.0,0.0,0.0,0.0,0.0,0.0,0.0,0.0,0.0,0.0,0.0,0.0,0.0,0.0,0.0,0.0,0.0,0.0,0.0,0.0,0.0,0.0,0.0,-4038.079833984375,-673.3740844726562,63084.1015625,27038.958984375,0.0,0.0,0.0,0.0,0.0,0.0,0.0,0.0,WA
8875782,WA,5306,0.11341425776481628,3,1.0,322443.28125,1057354.25,3,0,307116.75,2322.244873046875,926940.5625,52317.19140625,0.0,0.0,0.0,52317.19140625,0.0,0.0,0.0,0.0,0.0,0.0,0.0,0.0,0.0,0.0,0.0,0.0,0.0,0.0,0.0,0.0,0.0,0.0,0.0,0.0,0.0,0.0,0.0,0.0,-1400.0,0.0,1400.0,0.0,-36351.1875,0.0,36351.1875,0.0,0.0,0.0,0.0,0.0,0.0,0.0,0.0,0.0,-560.0,0.0,560.0,0.0,-2990.6875,0.0,2990.6875,0.0,0.0,0.0,0.0,0.0,0.0,0.0,0.0,0.0,0.0,0.0,0.0,0.0,0.0,0.0,0.0,0.0,0.0,0.0,0.0,0.0,0.0,0.0,0.0,0.0,0.0,0.0,0.0,0.0,0.0,0.0,0.0,0.0,0.0,0.0,0.0,0.0,265814.875,2322.244873046875,968242.4375,52317.19140625,-41301.875,0.0,41301.875,0.0,-13.448265195564879,0.0,4.455719947814941,0.0,WA
8875783,WA,5306,0.09191299229860306,3,1.0,36398.59765625,36398.59765625,1,2,364.8597412109375,0.0,77981.8984375,14681.6025390625,30051.053466796875,0.0,0.0,44732.656005859375,0.0,0.0,0.0,0.0,-1202.5,0.0,1202.5,0.0,1060.0,0.0,-1060.0,0.0,1000.0,0.0,-1000.0,0.0,0.0,0.0,0.0,0.0,0.0,0.0,0.0,0.0,0.0,0.0,0.0,0.0,0.0,0.0,0.0,0.0,0.0,0.0,0.0,0.0,0.0,0.0,0.0,0.0,0.0,0.0,0.0,0.0,0.0,0.0,0.0,0.0,0.0,0.0,0.0,0.0,0.0,0.0,0.0,0.0,0.0,0.0,0.0,0.0,0.0,0.0,0.0,0.0,0.0,0.0,0.0,0.0,-211.8505859375,0.0,211.8515625,0.0,0.0,0.0,0.0,0.0,0.0,0.0,0.0,0.0,0.0,0.0,0.0,0.0,1010.5091552734375,0.0,77336.25,44732.656005859375,645.6494140625,0.0,-645.6484375,0.0,176.95825029082303,0.0,-0.8279465436935425,0.0,WA
8875784,WA,5306,0.09331351518630981,7,0.0,539155.9768018723,804915.5314893723,7,0,154775.77748215199,-341.9477844238281,720101.875,50005.42578125,17585.97265625,12713.529296875,0.0,80304.927734375,-3960.91552734375,0.0,3960.875,0.0,-3431.999499320984,0.0,3432.0,0.0,2331.999987602234,0.0,-2332.0,0.0,0.0,0.0,0.0,0.0,0.0,0.0,0.0,0.0,0.0,0.0,0.0,0.0,-49.23828125,0.0,49.25,0.0,-13514.18359375,0.0,13514.1875,0.0,0.0,0.0,0.0,0.0,0.0,0.0,0.0,0.0,-440.0,0.0,440.0,0.0,-140.8515625,0.0,140.8125,0.0,0.0,0.0,0.0,0.0,0.0,0.0,0.0,0.0,0.0,0.0,0.0,0.0,0.0,0.0,0.0,0.0,0.0,0.0,0.0,0.0,0.0,0.0,0.0,0.0,0.0,0.0,0.0,0.0,0.0,0.0,0.0,0.0,0.0,0.0,0.0,0.0,135570.58900558949,-341.9477844238281,739307.0,80304.927734375,-19205.1884765625,0.0,19205.125,0.0,-12.408394122767143,0.0,2.6670010089874268,0.0,WA
8875785,WA,5306,0.2379731684923172,1,0.0,10949.7783203125,58586.29296875,1,0,5244.591796875,0.0,61959.5390625,0.0,0.0,0.0,0.0,0.0,-810.91845703125,0.0,810.91796875,0.0,-219.318359375,0.0,219.3203125,0.0,636.0,0.0,-636.0,0.0,0.0,0.0,0.0,0.0,0.0,0.0,0.0,0.0,0.0,0.0,0.0,0.0,0.0,0.0,0.0,0.0,0.0,0.0,0.0,0.0,0.0,0.0,0.0,0.0,0.0,0.0,0.0,0.0,0.0,0.0,0.0,0.0,0.0,0.0,0.0,0.0,0.0,0.0,0.0,0.0,0.0,0.0,0.0,0.0,0.0,0.0,0.0,0.0,0.0,0.0,0.0,0.0,0.0,0.0,0.0,0.0,-488.9853515625,0.0,488.984375,0.0,0.0,0.0,0.0,0.0,0.0,0.0,0.0,0.0,0.0,0.0,0.0,0.0,4361.36962890625,0.0,62842.76171875,0.0,-883.22216796875,0.0,883.22265625,0.0,-16.84062749163852,0.0,1.4254828691482544,0.0,WA
8875786,WA,5306,0.10402517765760422,5,3.0,1159299.3232421875,1160552.25,5,0,371980.4375,0.0,775995.625,0.0,0.0,0.0,0.0,0.0,-35831.5,0.0,35831.5,0.0,0.0,0.0,0.0,0.0,0.0,0.0,0.0,0.0,0.0,0.0,0.0,0.0,0.0,0.0,0.0,0.0,0.0,0.0,0.0,0.0,-1850.0,0.0,1850.0,0.0,0.0,0.0,0.0,0.0,0.0,0.0,0.0,0.0,0.0,0.0,0.0,0.0,0.0,0.0,0.0,0.0,-8355.03125,0.0,8355.0,0.0,0.0,0.0,0.0,0.0,0.0,0.0,0.0,0.0,0.0,0.0,0.0,0.0,0.0,0.0,0.0,0.0,0.0,0.0,0.0,0.0,0.0,0.0,0.0,0.0,0.0,0.0,0.0,0.0,0.0,0.0,0.0,0.0,0.0,0.0,0.0,0.0,325943.90625,0.0,822032.125,0.0,-46036.53125,0.0,46036.5,0.0,-12.376062450864772,0.0,5.932571887969971,0.0,WA
8875787,WA,5306,0.09115519374608994,5,3.0,1073068.455078125,1278719.125,5,0,424627.125,0.0,829329.3125,0.0,0.0,0.0,0.0,0.0,-38769.84375,0.0,38769.8125,0.0,-5772.0,0.0,5772.0,0.0,0.0,0.0,0.0,0.0,0.0,0.0,0.0,0.0,0.0,0.0,0.0,0.0,0.0,0.0,0.0,0.0,-1850.0,0.0,1850.0,0.0,0.0,0.0,0.0,0.0,0.0,0.0,0.0,0.0,0.0,0.0,0.0,0.0,-740.0,0.0,740.0,0.0,0.0,0.0,0.0,0.0,0.0,0.0,0.0,0.0,0.0,0.0,0.0,0.0,0.0,0.0,0.0,0.0,0.0,0.0,0.0,0.0,0.0,0.0,0.0,0.0,0.0,0.0,0.0,0.0,0.0,0.0,0.0,0.0,0.0,0.0,0.0,0.0,0.0,0.0,0.0,0.0,377495.28125,0.0,876461.125,0.0,-47131.84375,0.0,47131.8125,0.0,-11.099583840763822,0.0,5.68312406539917,0.0,WA
8875788,WA,5306,0.10610824823379517,1,0.0,0.0,0.0,1,0,-587.2451171875,-341.9477844238281,21565.51171875,0.0,8792.986328125,0.0,0.0,8792.986328125,0.0,0.0,0.0,0.0,0.0,0.0,0.0,0.0,0.0,0.0,0.0,0.0,0.0,0.0,0.0,0.0,0.0,0.0,0.0,0.0,0.0,0.0,0.0,0.0,0.0,0.0,0.0,0.0,0.0,0.0,0.0,0.0,0.0,0.0,0.0,0.0,0.0,0.0,0.0,0.0,0.0,0.0,0.0,0.0,0.0,0.0,0.0,0.0,0.0,0.0,0.0,0.0,0.0,0.0,0.0,0.0,0.0,0.0,0.0,0.0,0.0,0.0,0.0,0.0,0.0,0.0,0.0,0.0,0.0,0.0,0.0,0.0,0.0,0.0,0.0,0.0,0.0,0.0,0.0,0.0,0.0,0.0,0.0,0.0,-587.2451171875,-341.9477844238281,21565.51171875,8792.986328125,0.0,0.0,0.0,0.0,0.0,0.0,0.0,0.0,WA
8875789,WA,5306,76.59556579589844,1,0.0,2079.556640625,40108.1015625,1,0,3061.21533203125,0.0,65468.52734375,17630.89453125,0.0,0.0,0.0,17630.89453125,-374.2431640625,0.0,374.24609375,0.0,-936.0,0.0,936.0,0.0,636.0,0.0,-636.0,0.0,0.0,0.0,0.0,0.0,0.0,0.0,0.0,0.0,0.0,0.0,0.0,0.0,0.0,0.0,0.0,0.0,0.0,0.0,0.0,0.0,0.0,0.0,0.0,0.0,0.0,0.0,0.0,0.0,0.0,0.0,0.0,0.0,0.0,0.0,0.0,0.0,0.0,0.0,0.0,0.0,0.0,0.0,0.0,0.0,0.0,0.0,0.0,0.0,0.0,0.0,0.0,0.0,-720.0,0.0,720.0,0.0,0.0,0.0,0.0,0.0,0.0,0.0,0.0,0.0,0.0,0.0,0.0,0.0,0.0,0.0,0.0,0.0,1666.97216796875,0.0,66862.7734375,17630.89453125,-1394.2431640625,0.0,1394.24609375,0.0,-45.54541294347166,0.0,2.129643201828003,0.0,WA
8875790,WA,5306,0.11461051553487778,4,1.0,225776.513671875,321338.58984375,4,0,50812.26904296875,0.0,268301.28125,0.0,0.0,0.0,0.0,0.0,-6551.8212890625,0.0,6551.8125,0.0,-1053.8349609375,0.0,1053.84375,0.0,3905.2734375,0.0,-3905.28125,0.0,0.0,0.0,0.0,0.0,-2200.0,0.0,2200.0,0.0,0.0,0.0,0.0,0.0,-4249.88232421875,0.0,4249.875,0.0,-2542.2734375,0.0,2542.28125,0.0,0.0,0.0,0.0,0.0,0.0,0.0,0.0,0.0,-560.0,0.0,560.0,0.0,0.0,0.0,0.0,0.0,0.0,0.0,0.0,0.0,0.0,0.0,0.0,0.0,-116.64013671875,0.0,116.65625,0.0,0.0,0.0,0.0,0.0,0.0,0.0,0.0,0.0,0.0,0.0,0.0,0.0,0.0,0.0,0.0,0.0,0.0,0.0,0.0,0.0,0.0,0.0,0.0,0.0,37443.09033203125,0.0,281670.46875,0.0,-13369.1787109375,0.0,13369.1875,0.0,-26.310926401716134,0.0,4.982901096343994,0.0,WA
8875791,WA,5306,0.1260768175125122,4,2.0,369983.9453125,414588.59375,4,0,93548.484375,0.0,346579.25,0.0,0.0,0.0,0.0,0.0,0.0,0.0,0.0,0.0,0.0,0.0,0.0,0.0,0.0,0.0,0.0,0.0,0.0,0.0,0.0,0.0,-3650.0,0.0,3650.0,0.0,0.0,0.0,0.0,0.0,-2318.2109375,0.0,2318.21875,0.0,-20894.6875,0.0,20894.6875,0.0,0.0,0.0,0.0,0.0,0.0,0.0,0.0,0.0,0.0,0.0,0.0,0.0,-48.515625,0.0,48.53125,0.0,0.0,0.0,0.0,0.0,0.0,0.0,0.0,0.0,0.0,0.0,0.0,0.0,0.0,0.0,0.0,0.0,0.0,0.0,0.0,0.0,0.0,0.0,0.0,0.0,0.0,0.0,0.0,0.0,0.0,0.0,0.0,0.0,0.0,0.0,0.0,0.0,66637.0703125,0.0,373490.6875,0.0,-26911.4140625,0.0,26911.4375,0.0,-28.76734373869967,0.0,7.764873027801514,0.0,WA
8875792,WA,5306,218.36814880371094,1,0.0,0.0,8560.9619140625,1,0,0.0,0.0,55038.85546875,47892.015625,0.0,0.0,0.0,47892.015625,0.0,0.0,0.0,0.0,0.0,0.0,0.0,0.0,0.0,0.0,0.0,0.0,0.0,0.0,0.0,0.0,0.0,0.0,0.0,0.0,0.0,0.0,0.0,0.0,0.0,0.0,0.0,0.0,0.0,0.0,0.0,0.0,0.0,0.0,0.0,0.0,0.0,0.0,0.0,0.0,0.0,0.0,0.0,0.0,0.0,0.0,0.0,0.0,0.0,0.0,0.0,0.0,0.0,0.0,0.0,0.0,0.0,0.0,0.0,0.0,0.0,0.0,0.0,0.0,0.0,0.0,0.0,0.0,0.0,0.0,0.0,0.0,0.0,0.0,0.0,0.0,0.0,0.0,0.0,0.0,0.0,0.0,0.0,0.0,0.0,0.0,55038.85546875,47892.015625,0.0,0.0,0.0,0.0,0.0,0.0,0.0,0.0,WA
8875793,WA,5306,0.11211173981428146,3,1.0,153053.74609375,207140.5703125,3,0,30440.66357421875,0.0,220939.109375,41120.22265625,0.0,0.0,2810.25634765625,43930.47900390625,-4066.70703125,0.0,4066.703125,0.0,-3315.000244140625,0.0,3315.0,0.0,2544.000244140625,0.0,-2544.0,0.0,0.0,0.0,0.0,0.0,-1200.0,0.0,1200.0,0.0,0.0,0.0,0.0,0.0,-600.0,0.0,600.0,0.0,0.0,0.0,0.0,0.0,0.0,0.0,0.0,0.0,0.0,0.0,0.0,0.0,-240.0,0.0,240.0,0.0,0.0,0.0,0.0,0.0,0.0,0.0,0.0,0.0,0.0,0.0,0.0,0.0,0.0,0.0,0.0,0.0,0.0,0.0,0.0,0.0,-507.380859375,0.0,507.390625,0.0,0.0,0.0,0.0,0.0,0.0,0.0,0.0,0.0,0.0,0.0,0.0,0.0,0.0,0.0,0.0,0.0,23055.57568359375,0.0,228324.203125,43930.47900390625,-7385.087890625,0.0,7385.09375,0.0,-24.260600865743566,0.0,3.342592239379883,0.0,WA
8875794,WA,5306,0.10929913818836212,2,0.0,203770.4609375,502471.21875,2,0,107849.984375,729.5513305664062,387057.34375,1217.4013671875,0.0,0.0,0.0,1217.4013671875,0.0,0.0,0.0,0.0,0.0,0.0,0.0,0.0,0.0,0.0,0.0,0.0,0.0,0.0,0.0,0.0,0.0,0.0,0.0,0.0,0.0,0.0,0.0,0.0,0.0,0.0,0.0,0.0,-25981.9609375,0.0,25981.96875,0.0,0.0,0.0,0.0,0.0,0.0,0.0,0.0,0.0,-440.0,0.0,440.0,0.0,0.0,0.0,0.0,0.0,0.0,0.0,0.0,0.0,0.0,0.0,0.0,0.0,0.0,0.0,0.0,0.0,0.0,0.0,0.0,0.0,0.0,0.0,0.0,0.0,0.0,0.0,0.0,0.0,0.0,0.0,0.0,0.0,0.0,0.0,0.0,0.0,0.0,0.0,0.0,0.0,81428.0234375,729.5513305664062,413479.3125,1217.4013671875,-26421.9609375,0.0,26421.96875,0.0,-24.498808312877884,0.0,6.826371192932129,0.0,WA
8875795,WA,5306,0.1513017863035202,1,0.0,61905.19140625,74856.0390625,1,0,9264.009765625,0.0,78378.015625,15236.2919921875,0.0,0.0,0.0,15236.2919921875,-1526.68115234375,0.0,1526.6796875,0.0,-1716.0,0.0,1716.0,0.0,1166.0,0.0,-1166.0,0.0,0.0,0.0,0.0,0.0,0.0,0.0,0.0,0.0,0.0,0.0,0.0,0.0,0.0,0.0,0.0,0.0,0.0,0.0,0.0,0.0,0.0,0.0,0.0,0.0,0.0,0.0,0.0,0.0,0.0,0.0,0.0,0.0,0.0,0.0,0.0,0.0,0.0,0.0,0.0,0.0,0.0,0.0,0.0,0.0,0.0,0.0,0.0,0.0,0.0,0.0,0.0,0.0,-1320.0,0.0,1320.0,0.0,0.0,0.0,0.0,0.0,0.0,0.0,0.0,0.0,0.0,0.0,0.0,0.0,0.0,0.0,0.0,0.0,5867.32861328125,0.0,81774.6953125,15236.2919921875,-3396.68115234375,0.0,3396.6796875,0.0,-36.66534511813084,0.0,4.333714962005615,0.0,WA
8875796,WA,5306,0.3959473669528961,1,0.0,2874.03271484375,2874.03271484375,1,0,-664.0,-341.9477844238281,22876.986328125,3026.340087890625,8792.986328125,0.0,0.0,11819.326416015625,0.0,0.0,0.0,0.0,0.0,0.0,0.0,0.0,0.0,0.0,0.0,0.0,0.0,0.0,0.0,0.0,0.0,0.0,0.0,0.0,0.0,0.0,0.0,0.0,0.0,0.0,0.0,0.0,0.0,0.0,0.0,0.0,0.0,0.0,0.0,0.0,0.0,0.0,0.0,0.0,0.0,0.0,0.0,0.0,0.0,0.0,0.0,0.0,0.0,0.0,0.0,0.0,0.0,0.0,0.0,0.0,0.0,0.0,0.0,0.0,0.0,0.0,0.0,0.0,0.0,0.0,0.0,0.0,0.0,0.0,0.0,0.0,0.0,0.0,0.0,0.0,0.0,0.0,0.0,0.0,0.0,0.0,0.0,0.0,-664.0,-341.9477844238281,22876.986328125,11819.326416015625,0.0,0.0,0.0,0.0,0.0,0.0,0.0,0.0,WA
8875797,WA,5306,230.26681518554688,2,0.0,27377.51953125,41400.5,2,0,1090.050048828125,0.0,112082.2890625,40282.05859375,0.0,0.0,0.0,40282.05859375,0.0,0.0,0.0,0.0,-1090.050048828125,0.0,1090.046875,0.0,590.0499877929688,0.0,-590.046875,0.0,0.0,0.0,0.0,0.0,0.0,0.0,0.0,0.0,0.0,0.0,0.0,0.0,0.0,0.0,0.0,0.0,0.0,0.0,0.0,0.0,0.0,0.0,0.0,0.0,0.0,0.0,0.0,0.0,-23.04449462890625,0.0,23.046875,0.0,0.0,0.0,0.0,0.0,0.0,0.0,0.0,0.0,0.0,0.0,0.0,0.0,0.0,0.0,0.0,0.0,0.0,0.0,0.0,0.0,-567.0054931640625,0.0,567.0,0.0,0.0,0.0,0.0,0.0,0.0,0.0,0.0,0.0,0.0,0.0,0.0,0.0,0.0,0.0,0.0,0.0,0.0,0.0,113172.3359375,40282.05859375,-1090.050048828125,0.0,1090.046875,0.0,-100.0,0.0,0.9725416302680969,0.0,WA
8875798,WA,5306,0.13610173761844635,3,0.0,157519.837890625,591722.525390625,3,0,156536.56188964844,714.5119018554688,454554.65625,0.0,8792.986328125,0.0,0.0,8792.986328125,0.0,0.0,0.0,0.0,-643.2025146484375,0.0,643.21875,0.0,393.2025451660156,0.0,-393.21875,0.0,0.0,0.0,0.0,0.0,0.0,0.0,0.0,0.0,0.0,0.0,0.0,0.0,-1400.0,0.0,1400.0,0.0,-38948.0078125,0.0,38948.03125,0.0,0.0,0.0,0.0,0.0,0.0,0.0,0.0,0.0,0.0,0.0,0.0,0.0,-1376.265625,0.0,1376.25,0.0,0.0,0.0,0.0,0.0,0.0,0.0,0.0,0.0,0.0,0.0,0.0,0.0,0.0,0.0,0.0,0.0,0.0,0.0,0.0,0.0,-64.92422485351562,0.0,64.9375,0.0,0.0,0.0,0.0,0.0,0.0,0.0,0.0,0.0,0.0,0.0,0.0,0.0,114497.3642578125,714.5119018554688,496593.875,8792.986328125,-42039.19763183594,0.0,42039.21875,0.0,-26.85583299157405,0.0,9.248440742492676,0.0,WA
8875799,WA,5306,0.10514253377914429,4,2.0,126513.01171875,482487.65625,4,0,97886.328125,714.5119018554688,411037.90625,0.0,0.0,0.0,0.0,0.0,0.0,0.0,0.0,0.0,0.0,0.0,0.0,0.0,0.015625,0.0,0.0,0.0,0.0,0.0,0.0,0.0,-250.0,0.0,250.0,0.0,0.0,0.0,0.0,0.0,-1300.0,0.0,1300.0,0.0,-20959.0390625,0.0,20959.03125,0.0,0.0,0.0,0.0,0.0,0.0,0.0,0.0,0.0,-440.0,0.0,440.0,0.0,0.0,0.0,0.0,0.0,0.0,0.0,0.0,0.0,0.0,0.0,0.0,0.0,0.0,0.0,0.0,0.0,0.0,0.0,0.0,0.0,0.0,0.0,0.0,0.0,0.0,0.0,0.0,0.0,0.0,0.0,0.0,0.0,0.0,0.0,0.0,0.0,0.0,0.0,0.0,0.0,74937.3046875,714.5119018554688,433986.9375,0.0,-22949.0234375,0.0,22949.03125,0.0,-23.444564605788763,0.0,5.58319091796875,0.0,WA
8875800,WA,5306,20.743824005126953,1,0.0,38110.98828125,480066.96875,1,0,86514.8046875,0.0,-475478.8125,0.0,0.0,0.0,0.0,0.0,0.0,0.0,0.0,0.0,0.0,0.0,0.0,0.0,0.0,0.0,0.0,0.0,0.0,0.0,0.0,0.0,0.0,0.0,0.0,0.0,0.0,0.0,0.0,0.0,0.0,0.0,0.0,0.0,-11661.390625,0.0,11661.40625,0.0,0.0,0.0,0.0,0.0,0.0,0.0,0.0,0.0,0.0,0.0,0.0,0.0,0.0,0.0,0.0,0.0,0.0,0.0,0.0,0.0,0.0,0.0,0.0,0.0,0.0,0.0,0.0,0.0,0.0,0.0,0.0,0.0,0.0,0.0,0.0,0.0,0.0,0.0,0.0,0.0,0.0,0.0,0.0,0.0,0.0,0.0,0.0,0.0,0.0,0.0,0.0,0.0,74853.4140625,0.0,-463817.40625,0.0,-11661.390625,0.0,11661.40625,0.0,-13.479069469233727,0.0,2.4525606632232666,0.0,WA
8875801,WA,5306,0.08554878830909729,6,4.0,99158.43359375,327814.12890625,6,0,64449.171630859375,-1129.10302734375,274433.65625,83.56983184814453,14573.7138671875,0.0,0.0,14657.283699035645,2.796875,0.0,-2.8125,0.0,-1206.695068359375,0.0,1206.71875,0.0,2929.822998046875,0.0,-2929.8125,0.0,0.0,0.0,0.0,0.0,-4799.999755859375,0.0,4800.0,0.0,0.0,0.0,0.0,0.0,-193.75,0.0,193.75,0.0,-9232.7890625,0.0,9232.78125,0.0,0.0,0.0,0.0,0.0,0.0,0.0,0.0,0.0,0.0,0.0,0.0,0.0,0.0,0.0,0.0,0.0,0.0,0.0,0.0,0.0,0.0,0.0,0.0,0.0,0.0,0.0,0.0,0.0,0.0,0.0,0.0,0.0,0.0,0.0,0.0,0.0,-160.185546875,0.0,160.1875,0.0,0.0,0.0,0.0,0.0,0.0,0.0,0.0,0.0,0.0,0.0,0.0,0.0,51788.3720703125,-1129.10302734375,287094.46875,14657.283699035645,-12660.799560546875,0.0,12660.8125,0.0,-19.64462729337031,0.0,4.613432884216309,0.0,WA
8875802,WA,5306,134.03872680664062,1,0.0,0.0,0.0,1,0,0.0,0.0,56918.86328125,28603.2734375,0.0,0.0,0.0,28603.2734375,0.0,0.0,0.0,0.0,0.0,0.0,0.0,0.0,0.0,0.0,0.0,0.0,0.0,0.0,0.0,0.0,0.0,0.0,0.0,0.0,0.0,0.0,0.0,0.0,0.0,0.0,0.0,0.0,0.0,0.0,0.0,0.0,0.0,0.0,0.0,0.0,0.0,0.0,0.0,0.0,0.0,0.0,0.0,0.0,0.0,0.0,0.0,0.0,0.0,0.0,0.0,0.0,0.0,0.0,0.0,0.0,0.0,0.0,0.0,0.0,0.0,0.0,0.0,0.0,0.0,0.0,0.0,0.0,0.0,0.0,0.0,0.0,0.0,0.0,0.0,0.0,0.0,0.0,0.0,0.0,0.0,0.0,0.0,0.0,0.0,0.0,56918.86328125,28603.2734375,0.0,0.0,0.0,0.0,0.0,0.0,0.0,0.0,WA
8875803,WA,5306,0.2332744598388672,2,0.0,3375.957275390625,5874.044921875,2,0,0.0,0.0,70234.1015625,5019.76611328125,52815.25,0.0,0.0,57835.01611328125,0.0,0.0,0.0,0.0,0.0,0.0,0.0,0.0,0.0,0.0,0.0,0.0,0.0,0.0,0.0,0.0,0.0,0.0,0.0,0.0,0.0,0.0,0.0,0.0,0.0,0.0,0.0,0.0,0.0,0.0,0.0,0.0,0.0,0.0,0.0,0.0,0.0,0.0,0.0,0.0,0.0,0.0,0.0,0.0,0.0,0.0,0.0,0.0,0.0,0.0,0.0,0.0,0.0,0.0,0.0,0.0,0.0,0.0,0.0,0.0,0.0,0.0,0.0,0.0,0.0,0.0,0.0,0.0,0.0,0.0,0.0,0.0,0.0,0.0,0.0,0.0,0.0,0.0,0.0,0.0,0.0,0.0,0.0,0.0,0.0,0.0,70234.1015625,57835.01611328125,0.0,0.0,0.0,0.0,0.0,0.0,0.0,0.0,WA
8875804,WA,5306,0.32584214210510254,3,1.0,33924.2294921875,33951.248779296875,3,0,132.2025146484375,-673.3740844726562,69374.7890625,25734.556640625,12436.414794921875,0.0,0.0,38170.971435546875,-130.2769775390625,0.0,130.2734375,0.0,-858.5179443359375,0.0,858.5234375,0.0,558.5179443359375,0.0,-558.5234375,0.0,0.0,0.0,0.0,0.0,-75.0,0.0,75.0,0.0,0.0,0.0,0.0,0.0,0.0,0.0,0.0,0.0,0.0,0.0,0.0,0.0,0.0,0.0,0.0,0.0,0.0,0.0,0.0,0.0,0.0,0.0,0.0,0.0,0.0,0.0,0.0,0.0,0.0,0.0,0.0,0.0,0.0,0.0,0.0,0.0,0.0,0.0,0.0,0.0,0.0,0.0,0.0,0.0,0.0,0.0,0.0,0.0,-88.9771728515625,0.0,88.9765625,0.0,0.0,0.0,0.0,0.0,0.0,0.0,0.0,0.0,0.0,0.0,0.0,0.0,-462.0516357421875,-673.3740844726562,69969.0390625,38170.971435546875,-594.254150390625,0.0,594.25,0.0,-449.5029099642383,0.0,0.8565791845321655,0.0,WA
8875805,WA,5306,0.1426163762807846,5,2.0,268517.875,271402.8125,4,1,37881.2275390625,0.0,238107.65625,0.0,26407.625,0.0,0.0,26407.625,-5699.4912109375,0.0,5699.5,0.0,-3652.060546875,0.0,3652.0625,0.0,4334.060546875,0.0,-4334.0625,0.0,0.0,0.0,0.0,0.0,-2700.0,0.0,2700.0,0.0,0.0,0.0,0.0,0.0,0.0,0.0,0.0,0.0,0.0,0.0,0.0,0.0,0.0,0.0,0.0,0.0,0.0,0.0,0.0,0.0,-86.833984375,0.0,86.84375,0.0,0.0,0.0,0.0,0.0,0.0,0.0,0.0,0.0,0.0,0.0,0.0,0.0,0.0,0.0,0.0,0.0,0.0,0.0,0.0,0.0,0.0,0.0,0.0,0.0,-873.1689453125,0.0,873.15625,0.0,0.0,0.0,0.0,0.0,0.0,0.0,0.0,0.0,0.0,0.0,0.0,0.0,29203.7333984375,0.0,246785.15625,26407.625,-8677.494140625,0.0,8677.5,0.0,-22.907109152354977,0.0,3.644359827041626,0.0,WA
8875806,WA,5306,0.10479246079921722,3,0.0,783642.4921875,790721.6875,3,0,235011.015625,0.0,560392.25,19160.08203125,0.0,0.0,0.0,19160.08203125,-22088.125,0.0,22088.125,0.0,0.0,0.0,0.0,0.0,0.0,0.0,0.0,0.0,0.0,0.0,0.0,0.0,0.0,0.0,0.0,0.0,0.0,0.0,0.0,0.0,0.0,0.0,0.0,0.0,-9898.3125,0.0,9898.375,0.0,0.0,0.0,0.0,0.0,0.0,0.0,0.0,0.0,-700.0,0.0,700.0,0.0,0.0,0.0,0.0,0.0,0.0,0.0,0.0,0.0,0.0,0.0,0.0,0.0,0.0,0.0,0.0,0.0,0.0,0.0,0.0,0.0,0.0,0.0,0.0,0.0,0.0,0.0,0.0,0.0,0.0,0.0,0.0,0.0,0.0,0.0,0.0,0.0,0.0,0.0,0.0,0.0,202324.578125,0.0,593078.75,19160.08203125,-32686.4375,0.0,32686.5,0.0,-13.908470380876429,0.0,5.832789421081543,0.0,WA
8875807,WA,5306,0.1110459491610527,1,0.0,143136.34375,525385.875,1,0,142916.390625,0.0,388693.03125,0.0,0.0,0.0,0.0,0.0,-330.59375,0.0,330.59375,0.0,-2730.0,0.0,2730.0,0.0,0.0,0.0,0.0,0.0,0.0,0.0,0.0,0.0,0.0,0.0,0.0,0.0,0.0,0.0,0.0,0.0,-18279.2421875,0.0,18279.25,0.0,-3025.9765625,0.0,3025.96875,0.0,0.0,0.0,0.0,0.0,0.0,0.0,0.0,0.0,-350.0,0.0,350.0,0.0,0.0,0.0,0.0,0.0,0.0,0.0,0.0,0.0,0.0,0.0,0.0,0.0,0.0,0.0,0.0,0.0,0.0,0.0,0.0,0.0,0.0,0.0,0.0,0.0,0.0,0.0,0.0,0.0,0.0,0.0,0.0,0.0,0.0,0.0,0.0,0.0,0.0,0.0,0.0,0.0,118200.578125,0.0,413408.84375,0.0,-24715.8125,0.0,24715.8125,0.0,-17.2938963766949,0.0,6.358697414398193,0.0,WA
8875808,WA,5306,59.086387634277344,1,0.0,4687.6982421875,6855.0693359375,1,0,0.0,0.0,39289.21484375,16705.21875,0.0,0.0,0.0,16705.21875,0.0,0.0,0.0,0.0,0.0,0.0,0.0,0.0,0.0,0.0,0.0,0.0,0.0,0.0,0.0,0.0,0.0,0.0,0.0,0.0,0.0,0.0,0.0,0.0,0.0,0.0,0.0,0.0,0.0,0.0,0.0,0.0,0.0,0.0,0.0,0.0,0.0,0.0,0.0,0.0,0.0,0.0,0.0,0.0,0.0,0.0,0.0,0.0,0.0,0.0,0.0,0.0,0.0,0.0,0.0,0.0,0.0,0.0,0.0,0.0,0.0,0.0,0.0,0.0,0.0,0.0,0.0,0.0,0.0,0.0,0.0,0.0,0.0,0.0,0.0,0.0,0.0,0.0,0.0,0.0,0.0,0.0,0.0,0.0,0.0,0.0,39289.21484375,16705.21875,0.0,0.0,0.0,0.0,0.0,0.0,0.0,0.0,WA
8875809,WA,5306,0.10619411617517471,2,0.0,53323.6640625,1318978.0,2,0,316434.59375,58421.24609375,963300.75,0.0,0.0,0.0,0.0,0.0,0.0,0.0,0.0,0.0,0.0,0.0,0.0,0.0,0.0,0.0,0.0,0.0,0.0,0.0,0.0,0.0,0.0,0.0,0.0,0.0,0.0,0.0,0.0,0.0,0.0,0.0,0.0,0.0,-30045.84375,0.0,30045.875,0.0,0.0,0.0,0.0,0.0,0.0,0.0,0.0,0.0,-780.0,0.0,780.0,0.0,-5157.46875,0.0,5157.5,0.0,0.0,0.0,0.0,0.0,0.0,0.0,0.0,0.0,0.0,0.0,0.0,0.0,0.0,0.0,0.0,0.0,0.0,0.0,0.0,0.0,0.0,0.0,0.0,0.0,0.0,0.0,0.0,0.0,0.0,0.0,0.0,0.0,0.0,0.0,0.0,0.0,280451.28125,58421.24609375,999284.125,0.0,-35983.3125,0.0,35983.375,0.0,-11.371485043265753,0.0,3.7354249954223633,0.0,WA
8875810,WA,5306,136.559326171875,1,0.0,0.0,59113.625,1,0,5910.6474609375,0.0,85539.6328125,26158.595703125,0.0,0.0,0.0,26158.595703125,-944.12939453125,0.0,944.1328125,0.0,-934.883056640625,0.0,934.8828125,0.0,635.999755859375,0.0,-636.0,0.0,0.0,0.0,0.0,0.0,0.0,0.0,0.0,0.0,0.0,0.0,0.0,0.0,0.0,0.0,0.0,0.0,0.0,0.0,0.0,0.0,0.0,0.0,0.0,0.0,0.0,0.0,0.0,0.0,0.0,0.0,0.0,0.0,0.0,0.0,0.0,0.0,0.0,0.0,0.0,0.0,0.0,0.0,0.0,0.0,0.0,0.0,0.0,0.0,0.0,0.0,0.0,0.0,-719.999755859375,0.0,720.0,0.0,0.0,0.0,0.0,0.0,0.0,0.0,0.0,0.0,0.0,0.0,0.0,0.0,0.0,0.0,0.0,0.0,3947.635009765625,0.0,87502.6484375,26158.595703125,-1963.012451171875,0.0,1963.015625,0.0,-33.21146226610709,0.0,2.294861078262329,0.0,WA
8875811,WA,5306,0.0622778981924057,1,0.0,200315.28125,419214.5625,1,0,89496.9375,0.0,325640.0,3842.043701171875,0.0,0.0,0.0,3842.043701171875,0.0,0.0,0.0,0.0,0.0,0.0,0.0,0.0,0.0,0.0,0.0,0.0,0.0,0.0,0.0,0.0,0.0,0.0,0.0,0.0,0.0,0.0,0.0,0.0,0.0,0.0,0.0,0.0,-12228.296875,0.0,12228.3125,0.0,0.0,0.0,0.0,0.0,0.0,0.0,0.0,0.0,0.0,0.0,0.0,0.0,-761.8984375,0.0,761.875,0.0,0.0,0.0,0.0,0.0,0.0,0.0,0.0,0.0,0.0,0.0,0.0,0.0,0.0,0.0,0.0,0.0,0.0,0.0,0.0,0.0,0.0,0.0,0.0,0.0,0.0,0.0,0.0,0.0,0.0,0.0,0.0,0.0,0.0,0.0,0.0,0.0,76506.7421875,0.0,338630.1875,3842.043701171875,-12990.1953125,0.0,12990.1875,0.0,-14.514681368287045,0.0,3.9891254901885986,0.0,WA
8875812,WA,5306,0.040406111627817154,2,0.0,429489.21875,449513.9375,2,0,115634.9609375,0.0,330587.375,0.0,0.0,0.0,0.0,0.0,0.0,0.0,0.0,0.0,0.0,0.0,0.0,0.0,0.0,0.0,0.0,0.0,0.0,0.0,0.0,0.0,0.0,0.0,0.0,0.0,0.0,0.0,0.0,0.0,0.0,0.0,0.0,0.0,-30721.625,0.0,30721.65625,0.0,0.0,0.0,0.0,0.0,0.0,0.0,0.0,0.0,-480.0,0.0,480.0,0.0,0.0,0.0,0.0,0.0,0.0,0.0,0.0,0.0,0.0,0.0,0.0,0.0,0.0,0.0,0.0,0.0,0.0,0.0,0.0,0.0,0.0,0.0,0.0,0.0,0.0,0.0,0.0,0.0,0.0,0.0,0.0,0.0,0.0,0.0,0.0,0.0,0.0,0.0,0.0,0.0,84433.3359375,0.0,361789.03125,0.0,-31201.625,0.0,31201.65625,0.0,-26.98286465186276,0.0,9.438247680664062,0.0,WA
8875813,WA,5306,0.09778562188148499,8,2.0,169300.470703125,196092.349609375,8,0,12690.013763427734,-1015.3218688964844,282692.875,39000.66796875,12436.414794921875,0.0,2810.25634765625,54247.339111328125,-2517.32666015625,0.0,2517.3125,0.0,-3159.0001220703125,0.0,3159.0,0.0,2438.0001220703125,0.0,-2438.0,0.0,0.0,0.0,0.0,0.0,-1200.0,0.0,1200.0,0.0,-8.4287109375,0.0,8.4375,0.0,-9.3427734375,0.0,9.34375,0.0,0.0,0.0,0.0,0.0,0.0,0.0,0.0,0.0,0.0,0.0,0.0,0.0,-120.0,0.0,120.0,0.0,0.0,0.0,0.0,0.0,0.0,0.0,0.0,0.0,0.0,0.0,0.0,0.0,0.0,0.0,0.0,0.0,0.0,0.0,0.0,0.0,0.0,0.0,0.0,0.0,0.0,0.0,0.0,0.0,0.0,0.0,0.0,0.0,0.0,0.0,0.0,0.0,0.0,0.0,0.0,0.0,8113.915618896484,-1015.3218688964844,287268.96875,54247.339111328125,-4576.09814453125,0.0,4576.09375,0.0,-36.0606239665353,0.0,1.6187509298324585,0.0,WA
8875814,WA,5306,0.10281115770339966,2,0.0,194263.75390625,441759.09375,2,0,89710.16796875,0.0,379053.9375,29986.048828125,0.0,0.0,0.0,29986.048828125,-5628.20703125,0.0,5628.21875,0.0,0.0,0.0,0.0,0.0,1272.0,0.0,-1272.0,0.0,0.0,0.0,0.0,0.0,0.0,0.0,0.0,0.0,0.0,0.0,0.0,0.0,-9051.609375,0.0,9051.625,0.0,-5022.39453125,0.0,5022.375,0.0,0.0,0.0,0.0,0.0,0.0,0.0,0.0,0.0,-362.45703125,0.0,362.46875,0.0,0.0,0.0,0.0,0.0,0.0,0.0,0.0,0.0,0.0,0.0,0.0,0.0,0.0,0.0,0.0,0.0,0.0,0.0,0.0,0.0,0.0,0.0,0.0,0.0,0.0,0.0,0.0,0.0,0.0,0.0,0.0,0.0,0.0,0.0,0.0,0.0,0.0,0.0,0.0,0.0,70917.5,0.0,397846.625,29986.048828125,-18792.66796875,0.0,18792.6875,0.0,-20.948202856220615,0.0,4.95778751373291,0.0,WA
8875815,WA,5306,477.4871520996094,2,0.0,3956.96875,3956.96875,2,0,0.0,0.0,32061.66796875,6588.7177734375,17585.97265625,0.0,0.0,24174.6904296875,0.0,0.0,0.0,0.0,0.0,0.0,0.0,0.0,0.0,0.0,0.0,0.0,0.0,0.0,0.0,0.0,0.0,0.0,0.0,0.0,0.0,0.0,0.0,0.0,0.0,0.0,0.0,0.0,0.0,0.0,0.0,0.0,0.0,0.0,0.0,0.0,0.0,0.0,0.0,0.0,0.0,0.0,0.0,0.0,0.0,0.0,0.0,0.0,0.0,0.0,0.0,0.0,0.0,0.0,0.0,0.0,0.0,0.0,0.0,0.0,0.0,0.0,0.0,0.0,0.0,0.0,0.0,0.0,0.0,0.0,0.0,0.0,0.0,0.0,0.0,0.0,0.0,0.0,0.0,0.0,0.0,0.0,0.0,0.0,0.0,0.0,32061.66796875,24174.6904296875,0.0,0.0,0.0,0.0,0.0,0.0,0.0,0.0,WA
8875816,WA,5306,0.1688152551651001,2,0.0,83209.92578125,98720.03125,2,0,9435.744140625,0.0,91209.625,0.0,0.0,0.0,0.0,0.0,-1411.14892578125,0.0,1411.1484375,0.0,-1872.0,0.0,1872.0,0.0,1272.0,0.0,-1272.0,0.0,0.0,0.0,0.0,0.0,0.0,0.0,0.0,0.0,0.0,0.0,0.0,0.0,-600.0,0.0,600.0,0.0,0.0,0.0,0.0,0.0,0.0,0.0,0.0,0.0,0.0,0.0,0.0,0.0,0.0,0.0,0.0,0.0,0.0,0.0,0.0,0.0,0.0,0.0,0.0,0.0,0.0,0.0,0.0,0.0,0.0,0.0,0.0,0.0,0.0,0.0,0.0,0.0,0.0,0.0,0.0,0.0,0.0,0.0,0.0,0.0,0.0,0.0,0.0,0.0,0.0,0.0,0.0,0.0,0.0,0.0,0.0,0.0,6824.59521484375,0.0,93820.7734375,0.0,-2611.14892578125,0.0,2611.1484375,0.0,-27.67295177641701,0.0,2.8627991676330566,0.0,WA
8875817,WA,5306,0.11034606397151947,2,0.0,305273.765625,512673.21875,2,0,123172.7734375,0.0,376689.34375,0.0,0.0,0.0,0.0,0.0,0.0,0.0,0.0,0.0,0.0,0.0,0.0,0.0,0.0,0.0,0.0,0.0,0.0,0.0,0.0,0.0,0.0,0.0,0.0,0.0,0.0,0.0,0.0,0.0,-1400.0,0.0,1400.0,0.0,-30419.0078125,0.0,30419.03125,0.0,0.0,0.0,0.0,0.0,0.0,0.0,0.0,0.0,-480.0,0.0,480.0,0.0,0.0,0.0,0.0,0.0,0.0,0.0,0.0,0.0,0.0,0.0,0.0,0.0,0.0,0.0,0.0,0.0,0.0,0.0,0.0,0.0,0.0,0.0,0.0,0.0,0.0,0.0,0.0,0.0,0.0,0.0,0.0,0.0,0.0,0.0,0.0,0.0,0.0,0.0,0.0,0.0,90873.765625,0.0,408988.375,0.0,-32299.0078125,0.0,32299.03125,0.0,-26.222522162244786,0.0,8.574447631835938,0.0,WA
8875818,WA,5306,28.112497329711914,1,0.0,3042.408203125,3042.408203125,1,0,0.0,0.0,12806.74609375,0.0,8792.986328125,0.0,0.0,8792.986328125,0.0,0.0,0.0,0.0,0.0,0.0,0.0,0.0,0.0,0.0,0.0,0.0,0.0,0.0,0.0,0.0,0.0,0.0,0.0,0.0,0.0,0.0,0.0,0.0,0.0,0.0,0.0,0.0,0.0,0.0,0.0,0.0,0.0,0.0,0.0,0.0,0.0,0.0,0.0,0.0,0.0,0.0,0.0,0.0,0.0,0.0,0.0,0.0,0.0,0.0,0.0,0.0,0.0,0.0,0.0,0.0,0.0,0.0,0.0,0.0,0.0,0.0,0.0,0.0,0.0,0.0,0.0,0.0,0.0,0.0,0.0,0.0,0.0,0.0,0.0,0.0,0.0,0.0,0.0,0.0,0.0,0.0,0.0,0.0,0.0,0.0,12806.74609375,8792.986328125,0.0,0.0,0.0,0.0,0.0,0.0,0.0,0.0,WA
8875819,WA,5306,437.64630126953125,2,0.0,0.0,110776.7578125,2,0,9819.2392578125,0.0,109994.0,0.0,0.0,0.0,0.0,0.0,-1487.84765625,0.0,1487.8515625,0.0,-1066.1806640625,0.0,1066.1796875,0.0,1272.0,0.0,-1272.0,0.0,0.0,0.0,0.0,0.0,0.0,0.0,0.0,0.0,0.0,0.0,0.0,0.0,0.0,0.0,0.0,0.0,0.0,0.0,0.0,0.0,0.0,0.0,0.0,0.0,0.0,0.0,0.0,0.0,0.0,0.0,0.0,0.0,0.0,0.0,0.0,0.0,0.0,0.0,0.0,0.0,0.0,0.0,0.0,0.0,0.0,0.0,0.0,0.0,0.0,0.0,0.0,0.0,-1440.0,0.0,1440.0,0.0,0.0,0.0,0.0,0.0,0.0,0.0,0.0,0.0,0.0,0.0,0.0,0.0,0.0,0.0,0.0,0.0,7097.2109375,0.0,112716.03125,0.0,-2722.0283203125,0.0,2722.03125,0.0,-27.721376868852314,0.0,2.4747087955474854,0.0,WA
8875820,WA,5306,0.11804370582103729,1,0.0,68277.203125,68277.203125,1,0,7154.56640625,0.0,64004.140625,0.0,0.0,0.0,0.0,0.0,-1273.5478515625,0.0,1273.546875,0.0,-503.75439453125,0.0,503.7578125,0.0,813.720703125,0.0,-813.72265625,0.0,0.0,0.0,0.0,0.0,0.0,0.0,0.0,0.0,0.0,0.0,0.0,0.0,0.0,0.0,0.0,0.0,0.0,0.0,0.0,0.0,0.0,0.0,0.0,0.0,0.0,0.0,0.0,0.0,0.0,0.0,0.0,0.0,0.0,0.0,0.0,0.0,0.0,0.0,0.0,0.0,0.0,0.0,0.0,0.0,0.0,0.0,0.0,0.0,0.0,0.0,0.0,0.0,0.0,0.0,0.0,0.0,0.0,0.0,0.0,0.0,0.0,0.0,0.0,0.0,0.0,0.0,0.0,0.0,0.0,0.0,0.0,0.0,6190.98486328125,0.0,64967.72265625,0.0,-963.58154296875,0.0,963.58203125,0.0,-13.468063447241136,0.0,1.5054994821548462,0.0,WA
8875821,WA,5306,214.0072479248047,1,0.0,0.0,7488.69970703125,1,0,0.0,0.0,46019.5234375,19940.021484375,0.0,0.0,0.0,19940.021484375,0.0,0.0,0.0,0.0,0.0,0.0,0.0,0.0,0.0,0.0,0.0,0.0,0.0,0.0,0.0,0.0,0.0,0.0,0.0,0.0,0.0,0.0,0.0,0.0,0.0,0.0,0.0,0.0,0.0,0.0,0.0,0.0,0.0,0.0,0.0,0.0,0.0,0.0,0.0,0.0,0.0,0.0,0.0,0.0,0.0,0.0,0.0,0.0,0.0,0.0,0.0,0.0,0.0,0.0,0.0,0.0,0.0,0.0,0.0,0.0,0.0,0.0,0.0,0.0,0.0,0.0,0.0,0.0,0.0,0.0,0.0,0.0,0.0,0.0,0.0,0.0,0.0,0.0,0.0,0.0,0.0,0.0,0.0,0.0,0.0,0.0,46019.5234375,19940.021484375,0.0,0.0,0.0,0.0,0.0,0.0,0.0,0.0,WA
8875822,WA,5306,0.11959388852119446,1,0.0,83827.078125,103245.5625,1,0,16873.890625,0.0,78876.6953125,389.11334228515625,0.0,0.0,0.0,389.11334228515625,-2439.8671875,0.0,2439.8671875,0.0,-1716.0,0.0,1716.0,0.0,1166.0,0.0,-1166.0,0.0,0.0,0.0,0.0,0.0,0.0,0.0,0.0,0.0,0.0,0.0,0.0,0.0,-1100.0,0.0,1100.0,0.0,0.0,0.0,0.0,0.0,0.0,0.0,0.0,0.0,0.0,0.0,0.0,0.0,0.0,0.0,0.0,0.0,0.0,0.0,0.0,0.0,0.0,0.0,0.0,0.0,0.0,0.0,0.0,0.0,0.0,0.0,0.0,0.0,0.0,0.0,0.0,0.0,0.0,0.0,0.0,0.0,0.0,0.0,0.0,0.0,0.0,0.0,0.0,0.0,0.0,0.0,0.0,0.0,0.0,0.0,0.0,0.0,12784.0234375,0.0,82966.5625,389.11334228515625,-4089.8671875,0.0,4089.8671875,0.0,-24.23784341377998,0.0,5.185140132904053,0.0,WA
8875823,WA,5306,36.55344772338867,1,0.0,4425.73876953125,4425.73876953125,1,0,0.0,0.0,12880.15625,0.0,8792.986328125,0.0,0.0,8792.986328125,0.0,0.0,0.0,0.0,0.0,0.0,0.0,0.0,0.0,0.0,0.0,0.0,0.0,0.0,0.0,0.0,0.0,0.0,0.0,0.0,0.0,0.0,0.0,0.0,0.0,0.0,0.0,0.0,0.0,0.0,0.0,0.0,0.0,0.0,0.0,0.0,0.0,0.0,0.0,0.0,0.0,0.0,0.0,0.0,0.0,0.0,0.0,0.0,0.0,0.0,0.0,0.0,0.0,0.0,0.0,0.0,0.0,0.0,0.0,0.0,0.0,0.0,0.0,0.0,0.0,0.0,0.0,0.0,0.0,0.0,0.0,0.0,0.0,0.0,0.0,0.0,0.0,0.0,0.0,0.0,0.0,0.0,0.0,0.0,0.0,0.0,12880.15625,8792.986328125,0.0,0.0,0.0,0.0,0.0,0.0,0.0,0.0,WA
8875824,WA,5306,0.12539339065551758,4,2.0,303149.546875,301375.53125,4,0,53052.3125,0.0,246311.34375,0.0,0.0,0.0,0.0,0.0,0.0,0.0,0.0,0.0,0.0,0.0,0.0,0.0,0.0,0.0,0.0,0.0,0.0,0.0,0.0,0.0,-4400.0,0.0,4400.0,0.0,0.0,0.0,0.0,0.0,0.0,0.0,0.0,0.0,-3254.18359375,0.0,3254.1875,0.0,0.0,0.0,0.0,0.0,0.0,0.0,0.0,0.0,-117.640625,0.0,117.640625,0.0,0.0,0.0,0.0,0.0,0.0,0.0,0.0,0.0,0.0,0.0,0.0,0.0,0.0,0.0,0.0,0.0,0.0,0.0,0.0,0.0,0.0,0.0,0.0,0.0,0.0,0.0,0.0,0.0,0.0,0.0,0.0,0.0,0.0,0.0,0.0,0.0,0.0,0.0,0.0,0.0,45280.48828125,0.0,254083.171875,0.0,-7771.82421875,0.0,7771.828125,0.0,-14.649359947787385,0.0,3.1552863121032715,0.0,WA
8875825,WA,5306,0.1895674765110016,5,2.0,181434.55078125,185169.296875,5,0,22320.677734375,0.0,157643.765625,0.0,8792.986328125,0.0,0.0,8792.986328125,-3470.2890625,0.0,3470.296875,0.0,-599.025390625,0.0,599.03125,0.0,3737.064453125,0.0,-3737.078125,0.0,0.0,0.0,0.0,0.0,-2700.0,0.0,2700.0,0.0,0.0,0.0,0.0,0.0,-1100.0,0.0,1100.0,0.0,0.0,0.0,0.0,0.0,0.0,0.0,0.0,0.0,0.0,0.0,0.0,0.0,-188.1484375,0.0,188.15625,0.0,0.0,0.0,0.0,0.0,0.0,0.0,0.0,0.0,0.0,0.0,0.0,0.0,0.0,0.0,0.0,0.0,0.0,0.0,0.0,0.0,0.0,0.0,0.0,0.0,0.0,0.0,0.0,0.0,0.0,0.0,0.0,0.0,0.0,0.0,0.0,0.0,0.0,0.0,0.0,0.0,18000.279296875,0.0,161964.171875,8792.986328125,-4320.3984375,0.0,4320.40625,0.0,-19.356036088663934,0.0,2.7406134605407715,0.0,WA
8875826,WA,5306,0.11439258605241776,3,0.0,127620.453125,138161.2703857422,3,0,16278.00390625,0.0,162010.5,0.0,26407.625,0.0,0.0,26407.625,-2773.24609375,0.0,2773.25,0.0,-2783.7705078125,0.0,2783.765625,0.0,1683.7705078125,0.0,-1683.765625,0.0,0.0,0.0,0.0,0.0,0.0,0.0,0.0,0.0,0.0,0.0,0.0,0.0,-927.48828125,0.0,927.484375,0.0,0.0,0.0,0.0,0.0,0.0,0.0,0.0,0.0,0.0,0.0,0.0,0.0,0.0,0.0,0.0,0.0,0.0,0.0,0.0,0.0,0.0,0.0,0.0,0.0,0.0,0.0,0.0,0.0,0.0,0.0,0.0,0.0,-359.1318359375,0.0,359.140625,0.0,0.0,0.0,0.0,0.0,0.0,0.0,0.0,0.0,0.0,0.0,0.0,0.0,0.0,0.0,0.0,0.0,0.0,0.0,0.0,0.0,11118.1376953125,0.0,167170.375,26407.625,-5159.8662109375,0.0,5159.875,0.0,-31.698396441325034,0.0,3.184901475906372,0.0,WA
8875827,WA,5306,441.4665832519531,2,0.0,25249.2294921875,25249.2294921875,2,0,0.0,0.0,46825.765625,5320.07958984375,17585.97265625,0.0,0.0,22906.05224609375,0.0,0.0,0.0,0.0,0.0,0.0,0.0,0.0,0.0,0.0,0.0,0.0,0.0,0.0,0.0,0.0,0.0,0.0,0.0,0.0,0.0,0.0,0.0,0.0,0.0,0.0,0.0,0.0,0.0,0.0,0.0,0.0,0.0,0.0,0.0,0.0,0.0,0.0,0.0,0.0,0.0,0.0,0.0,0.0,0.0,0.0,0.0,0.0,0.0,0.0,0.0,0.0,0.0,0.0,0.0,0.0,0.0,0.0,0.0,0.0,0.0,0.0,0.0,0.0,0.0,0.0,0.0,0.0,0.0,0.0,0.0,0.0,0.0,0.0,0.0,0.0,0.0,0.0,0.0,0.0,0.0,0.0,0.0,0.0,0.0,0.0,46825.765625,22906.05224609375,0.0,0.0,0.0,0.0,0.0,0.0,0.0,0.0,WA
8875828,WA,5306,0.0965764969587326,5,3.0,1237827.84375,1265825.125,5,0,402242.78125,0.0,855407.0625,0.0,0.0,0.0,0.0,0.0,-37739.65625,0.0,37739.6875,0.0,0.0,0.0,0.0,0.0,0.0,0.0,0.0,0.0,0.0,0.0,0.0,0.0,0.0,0.0,0.0,0.0,0.0,0.0,0.0,0.0,-1850.0,0.0,1850.0,0.0,0.0,0.0,0.0,0.0,0.0,0.0,0.0,0.0,0.0,0.0,0.0,0.0,0.0,0.0,0.0,0.0,-9523.53125,0.0,9523.5,0.0,0.0,0.0,0.0,0.0,0.0,0.0,0.0,0.0,0.0,0.0,0.0,0.0,0.0,0.0,0.0,0.0,0.0,0.0,0.0,0.0,0.0,0.0,0.0,0.0,0.0,0.0,0.0,0.0,0.0,0.0,0.0,0.0,0.0,0.0,0.0,0.0,353129.59375,0.0,904520.25,0.0,-49113.1875,0.0,49113.1875,0.0,-12.209836891883315,0.0,5.741498947143555,0.0,WA
8875829,WA,5306,0.10366949439048767,2,0.0,165644.5078125,597790.6875,2,0,156987.765625,0.0,444423.4375,0.0,0.0,0.0,0.0,0.0,-335.90625,0.0,335.90625,0.0,0.0,0.0,0.0,0.0,0.0,0.0,0.0,0.0,0.0,0.0,0.0,0.0,0.0,0.0,0.0,0.0,0.0,0.0,0.0,0.0,-20305.015625,0.0,20305.03125,0.0,-25392.78125,0.0,25392.75,0.0,0.0,0.0,0.0,0.0,0.0,0.0,0.0,0.0,-640.0,0.0,640.0,0.0,0.0,0.0,0.0,0.0,0.0,0.0,0.0,0.0,0.0,0.0,0.0,0.0,0.0,0.0,0.0,0.0,0.0,0.0,0.0,0.0,0.0,0.0,0.0,0.0,0.0,0.0,0.0,0.0,0.0,0.0,0.0,0.0,0.0,0.0,0.0,0.0,0.0,0.0,0.0,0.0,110314.0625,0.0,491097.125,0.0,-46673.703125,0.0,46673.6875,0.0,-29.73079012825143,0.0,10.502076148986816,0.0,WA
8875830,WA,5306,0.09056011587381363,1,0.0,77601.078125,509949.96875,1,0,112515.4140625,714.5119018554688,395299.5,0.0,0.0,0.0,0.0,0.0,0.0,0.0,0.0,0.0,0.0,0.0,0.0,0.0,0.0,0.0,0.0,0.0,0.0,0.0,0.0,0.0,0.0,0.0,0.0,0.0,0.0,0.0,0.0,0.0,-400.375,0.0,400.375,0.0,-19004.09375,0.0,19004.09375,0.0,0.0,0.0,0.0,0.0,0.0,0.0,0.0,0.0,-240.0,0.0,240.0,0.0,0.0,0.0,0.0,0.0,0.0,0.0,0.0,0.0,0.0,0.0,0.0,0.0,0.0,0.0,0.0,0.0,0.0,0.0,0.0,0.0,0.0,0.0,0.0,0.0,0.0,0.0,0.0,0.0,0.0,0.0,0.0,0.0,0.0,0.0,0.0,0.0,0.0,0.0,0.0,0.0,92870.9453125,714.5119018554688,414943.96875,0.0,-19644.46875,0.0,19644.46875,0.0,-17.459357825486826,0.0,4.969515323638916,0.0,WA
8875831,WA,5306,251.3366241455078,1,0.0,4020.503173828125,4020.503173828125,1,0,0.0,0.0,16507.1953125,3596.039794921875,8792.986328125,0.0,0.0,12389.026123046875,0.0,0.0,0.0,0.0,0.0,0.0,0.0,0.0,0.0,0.0,0.0,0.0,0.0,0.0,0.0,0.0,0.0,0.0,0.0,0.0,0.0,0.0,0.0,0.0,0.0,0.0,0.0,0.0,0.0,0.0,0.0,0.0,0.0,0.0,0.0,0.0,0.0,0.0,0.0,0.0,0.0,0.0,0.0,0.0,0.0,0.0,0.0,0.0,0.0,0.0,0.0,0.0,0.0,0.0,0.0,0.0,0.0,0.0,0.0,0.0,0.0,0.0,0.0,0.0,0.0,0.0,0.0,0.0,0.0,0.0,0.0,0.0,0.0,0.0,0.0,0.0,0.0,0.0,0.0,0.0,0.0,0.0,0.0,0.0,0.0,0.0,16507.1953125,12389.026123046875,0.0,0.0,0.0,0.0,0.0,0.0,0.0,0.0,WA
8875832,WA,5306,125.22488403320312,5,3.0,0.0,0.0,5,0,0.0,0.0,28265.716796875,3392.88671875,24872.82958984375,0.0,0.0,28265.71630859375,0.0,0.0,0.0,0.0,0.0,0.0,0.0,0.0,0.0,0.0,0.0,0.0,0.0,0.0,0.0,0.0,0.0,0.0,0.0,0.0,0.0,0.0,0.0,0.0,0.0,0.0,0.0,0.0,0.0,0.0,0.0,0.0,0.0,0.0,0.0,0.0,0.0,0.0,0.0,0.0,0.0,0.0,0.0,0.0,0.0,0.0,0.0,0.0,0.0,0.0,0.0,0.0,0.0,0.0,0.0,0.0,0.0,0.0,0.0,0.0,0.0,0.0,0.0,0.0,0.0,0.0,0.0,0.0,0.0,0.0,0.0,0.0,0.0,0.0,0.0,0.0,0.0,0.0,0.0,0.0,0.0,0.0,0.0,0.0,0.0,0.0,28265.716796875,28265.71630859375,0.0,0.0,0.0,0.0,0.0,0.0,0.0,0.0,WA
8875833,WA,5306,0.09867359697818756,1,0.0,85455.484375,262940.3125,1,0,48929.3046875,0.0,240761.90625,24247.927734375,0.0,0.0,0.0,24247.927734375,0.0,0.0,0.0,0.0,0.0,0.0,0.0,0.0,0.0,0.0,0.0,0.0,0.0,0.0,0.0,0.0,0.0,0.0,0.0,0.0,0.0,0.0,0.0,0.0,-143.7890625,0.0,143.796875,0.0,-8439.20703125,0.0,8439.203125,0.0,0.0,0.0,0.0,0.0,0.0,0.0,0.0,0.0,0.0,0.0,0.0,0.0,0.0,0.0,0.0,0.0,0.0,0.0,0.0,0.0,0.0,0.0,0.0,0.0,0.0,0.0,0.0,0.0,0.0,0.0,0.0,0.0,0.0,0.0,0.0,0.0,0.0,0.0,0.0,0.0,0.0,0.0,0.0,0.0,0.0,0.0,0.0,0.0,0.0,0.0,0.0,0.0,40346.30859375,0.0,249344.90625,24247.927734375,-8582.99609375,0.0,8583.0,0.0,-17.54162694231521,0.0,3.5649325847625732,0.0,WA
8875834,WA,5306,0.10121661424636841,2,0.0,106860.84375,459691.75,2,0,84228.71875,714.5119018554688,378170.5,4119.97900390625,0.0,0.0,0.0,4119.97900390625,0.0,0.0,0.0,0.0,0.0,0.0,0.0,0.0,0.0,0.0,0.0,0.0,0.0,0.0,0.0,0.0,0.0,0.0,0.0,0.0,0.0,0.0,0.0,0.0,-1950.0,0.0,1950.0,0.0,-14831.34375,0.0,14831.3125,0.0,0.0,0.0,0.0,0.0,0.0,0.0,0.0,0.0,0.0,0.0,0.0,0.0,-342.1484375,0.0,342.15625,0.0,0.0,0.0,0.0,0.0,0.0,0.0,0.0,0.0,0.0,0.0,0.0,0.0,0.0,0.0,0.0,0.0,0.0,0.0,0.0,0.0,0.0,0.0,0.0,0.0,0.0,0.0,0.0,0.0,0.0,0.0,0.0,0.0,0.0,0.0,0.0,0.0,67105.2265625,714.5119018554688,395293.96875,4119.97900390625,-17123.4921875,0.0,17123.46875,0.0,-20.329755030851633,0.0,4.527976036071777,0.0,WA
8875835,WA,5306,0.31225502490997314,4,2.0,4169.5166015625,4169.5166015625,4,0,-3462.03564453125,-1015.3218383789062,38405.9375,2261.924560546875,24872.82958984375,0.0,0.0,27134.754150390625,0.0,0.0,0.0,0.0,0.0,0.0,0.0,0.0,0.0,0.0,0.0,0.0,0.0,0.0,0.0,0.0,-75.0,0.0,75.0,0.0,0.0,0.0,0.0,0.0,0.0,0.0,0.0,0.0,0.0,0.0,0.0,0.0,0.0,0.0,0.0,0.0,0.0,0.0,0.0,0.0,0.0,0.0,0.0,0.0,0.0,0.0,0.0,0.0,0.0,0.0,0.0,0.0,0.0,0.0,0.0,0.0,0.0,0.0,0.0,0.0,0.0,0.0,0.0,0.0,0.0,0.0,0.0,0.0,0.0,0.0,0.0,0.0,0.0,0.0,0.0,0.0,0.0,0.0,0.0,0.0,0.0,0.0,0.0,0.0,-3537.03564453125,-1015.3218383789062,38480.9375,27134.754150390625,-75.0,0.0,75.0,0.0,-2.1663555116329483,0.0,0.19528229534626007,0.0,WA
8875836,WA,5306,0.12037891149520874,6,3.0,158399.4609375,294625.3359375,6,0,38421.369140625,0.0,220154.234375,16571.470703125,0.0,0.0,0.0,16571.470703125,-5788.0498046875,0.0,5788.046875,0.0,-1716.0,0.0,1716.0,0.0,6696.697265625,0.0,-6696.6875,0.0,0.0,0.0,0.0,0.0,-6600.0,0.0,6600.0,0.0,0.0,0.0,0.0,0.0,-2964.5498046875,0.0,2964.546875,0.0,0.0,0.0,0.0,0.0,0.0,0.0,0.0,0.0,0.0,0.0,0.0,0.0,-440.0,0.0,440.0,0.0,0.0,0.0,0.0,0.0,0.0,0.0,0.0,0.0,0.0,0.0,0.0,0.0,0.0,0.0,0.0,0.0,-2299.708984375,0.0,2299.703125,0.0,-1049.44140625,0.0,1049.4375,0.0,0.0,0.0,0.0,0.0,0.0,0.0,0.0,0.0,0.0,0.0,0.0,0.0,0.0,0.0,0.0,0.0,24260.31640625,0.0,234315.28125,16571.470703125,-14161.052734375,0.0,14161.046875,0.0,-36.85723088769824,0.0,6.4323296546936035,0.0,WA
8875837,WA,5306,37.46819305419922,1,0.0,4687.6982421875,4687.6982421875,1,0,0.0,0.0,28225.7421875,12257.1689453125,0.0,0.0,0.0,12257.1689453125,0.0,0.0,0.0,0.0,0.0,0.0,0.0,0.0,0.0,0.0,0.0,0.0,0.0,0.0,0.0,0.0,0.0,0.0,0.0,0.0,0.0,0.0,0.0,0.0,0.0,0.0,0.0,0.0,0.0,0.0,0.0,0.0,0.0,0.0,0.0,0.0,0.0,0.0,0.0,0.0,0.0,0.0,0.0,0.0,0.0,0.0,0.0,0.0,0.0,0.0,0.0,0.0,0.0,0.0,0.0,0.0,0.0,0.0,0.0,0.0,0.0,0.0,0.0,0.0,0.0,0.0,0.0,0.0,0.0,0.0,0.0,0.0,0.0,0.0,0.0,0.0,0.0,0.0,0.0,0.0,0.0,0.0,0.0,0.0,0.0,0.0,28225.7421875,12257.1689453125,0.0,0.0,0.0,0.0,0.0,0.0,0.0,0.0,WA
8875838,WA,5306,0.12323112785816193,1,0.0,32479.021484375,32543.25390625,1,0,2043.936767578125,0.0,32072.125,0.0,0.0,0.0,0.0,0.0,-206.9102783203125,0.0,206.91015625,0.0,-909.6065673828125,0.0,909.60546875,0.0,609.6068115234375,0.0,-609.60546875,0.0,0.0,0.0,0.0,0.0,0.0,0.0,0.0,0.0,0.0,0.0,0.0,0.0,-79.5316162109375,0.0,79.53125,0.0,0.0,0.0,0.0,0.0,0.0,0.0,0.0,0.0,0.0,0.0,0.0,0.0,0.0,0.0,0.0,0.0,0.0,0.0,0.0,0.0,0.0,0.0,0.0,0.0,0.0,0.0,0.0,0.0,0.0,0.0,0.0,0.0,-398.5013427734375,0.0,398.50390625,0.0,0.0,0.0,0.0,0.0,0.0,0.0,0.0,0.0,0.0,0.0,0.0,0.0,0.0,0.0,0.0,0.0,0.0,0.0,0.0,0.0,1058.9937744140625,0.0,33057.0703125,0.0,-984.9429931640625,0.0,984.9453125,0.0,-48.18852563287114,0.0,3.0710322856903076,0.0,WA
8875839,WA,5306,0.11375170946121216,3,1.0,130979.8125,219625.9921875,2,1,32296.498046875,0.0,183138.0,5068.22802734375,0.0,0.0,0.0,5068.22802734375,-4341.736328125,0.0,4341.734375,0.0,-1197.3388671875,0.0,1197.34375,0.0,636.0,0.0,-636.0,0.0,0.0,0.0,0.0,0.0,-500.0,0.0,500.0,0.0,0.0,0.0,0.0,0.0,-4278.7734375,0.0,4278.765625,0.0,0.0,0.0,0.0,0.0,0.0,0.0,0.0,0.0,0.0,0.0,0.0,0.0,-240.0,0.0,240.0,0.0,0.0,0.0,0.0,0.0,0.0,0.0,0.0,0.0,0.0,0.0,0.0,0.0,0.0,0.0,0.0,0.0,0.0,0.0,0.0,0.0,-300.927734375,0.0,300.9375,0.0,0.0,0.0,0.0,0.0,0.0,0.0,0.0,0.0,0.0,0.0,0.0,0.0,0.0,0.0,0.0,0.0,22073.7216796875,0.0,193360.78125,5068.22802734375,-10222.7763671875,0.0,10222.78125,0.0,-31.6528942312885,0.0,5.582009792327881,0.0,WA
8875840,WA,5306,221.99159240722656,2,0.0,21655.15234375,83541.375,2,0,6741.2060546875,0.0,182511.15625,71359.5625,0.0,0.0,0.0,71359.5625,-872.2412109375,0.0,872.25,0.0,-1871.999755859375,0.0,1872.0,0.0,1271.999755859375,0.0,-1272.0,0.0,0.0,0.0,0.0,0.0,0.0,0.0,0.0,0.0,0.0,0.0,0.0,0.0,0.0,0.0,0.0,0.0,0.0,0.0,0.0,0.0,0.0,0.0,0.0,0.0,0.0,0.0,0.0,0.0,-240.0,0.0,240.0,0.0,0.0,0.0,0.0,0.0,0.0,0.0,0.0,0.0,0.0,0.0,0.0,0.0,0.0,0.0,0.0,0.0,0.0,0.0,0.0,0.0,-1439.999755859375,0.0,1440.0,0.0,0.0,0.0,0.0,0.0,0.0,0.0,0.0,0.0,0.0,0.0,0.0,0.0,0.0,0.0,0.0,0.0,3588.965087890625,0.0,185663.40625,71359.5625,-3152.240966796875,0.0,3152.25,0.0,-46.7607864412476,0.0,1.7271546125411987,0.0,WA
8875841,WA,5306,0.1010606437921524,1,0.0,100595.4921875,129224.9375,1,0,22348.208984375,0.0,103979.484375,22064.775390625,0.0,0.0,0.0,22064.775390625,-2949.447265625,0.0,2949.453125,0.0,-1771.892578125,0.0,1771.890625,0.0,1171.892578125,0.0,-1171.890625,0.0,0.0,0.0,0.0,0.0,0.0,0.0,0.0,0.0,0.0,0.0,0.0,0.0,0.0,0.0,0.0,0.0,0.0,0.0,0.0,0.0,0.0,0.0,0.0,0.0,0.0,0.0,0.0,0.0,-225.892578125,0.0,225.890625,0.0,0.0,0.0,0.0,0.0,0.0,0.0,0.0,0.0,0.0,0.0,0.0,0.0,0.0,0.0,0.0,0.0,0.0,0.0,0.0,0.0,-604.23046875,0.0,604.2265625,0.0,0.0,0.0,0.0,0.0,0.0,0.0,0.0,0.0,0.0,0.0,0.0,0.0,0.0,0.0,0.0,0.0,17968.638671875,0.0,108359.0546875,22064.775390625,-4379.5703125,0.0,4379.5703125,0.0,-19.596963298320798,0.0,4.211956024169922,0.0,WA
8875842,WA,5306,0.12365676462650299,2,0.0,0.0,15050.236328125,2,0,0.0,0.0,83252.65625,36622.03515625,0.0,0.0,0.0,36622.03515625,0.0,0.0,0.0,0.0,0.0,0.0,0.0,0.0,0.0,0.0,0.0,0.0,0.0,0.0,0.0,0.0,0.0,0.0,0.0,0.0,0.0,0.0,0.0,0.0,0.0,0.0,0.0,0.0,0.0,0.0,0.0,0.0,0.0,0.0,0.0,0.0,0.0,0.0,0.0,0.0,0.0,0.0,0.0,0.0,0.0,0.0,0.0,0.0,0.0,0.0,0.0,0.0,0.0,0.0,0.0,0.0,0.0,0.0,0.0,0.0,0.0,0.0,0.0,0.0,0.0,0.0,0.0,0.0,0.0,0.0,0.0,0.0,0.0,0.0,0.0,0.0,0.0,0.0,0.0,0.0,0.0,0.0,0.0,0.0,0.0,0.0,83252.65625,36622.03515625,0.0,0.0,0.0,0.0,0.0,0.0,0.0,0.0,WA
8875843,WA,5306,0.1143418401479721,2,0.0,126429.98828125,312694.875,1,1,61961.45703125,0.0,241061.53125,0.0,0.0,0.0,0.0,0.0,-4013.7412109375,0.0,4013.734375,0.0,-1716.0,0.0,1716.0,0.0,1166.0,0.0,-1166.0,0.0,0.0,0.0,0.0,0.0,0.0,0.0,0.0,0.0,0.0,0.0,0.0,0.0,0.0,0.0,0.0,0.0,-3411.546875,0.0,3411.546875,0.0,0.0,0.0,0.0,0.0,0.0,0.0,0.0,0.0,-320.0,0.0,320.0,0.0,0.0,0.0,0.0,0.0,0.0,0.0,0.0,0.0,0.0,0.0,0.0,0.0,0.0,0.0,0.0,0.0,0.0,0.0,0.0,0.0,0.0,0.0,0.0,0.0,0.0,0.0,0.0,0.0,0.0,0.0,0.0,0.0,0.0,0.0,0.0,0.0,0.0,0.0,0.0,0.0,53666.1689453125,0.0,249356.8125,0.0,-8295.2880859375,0.0,8295.28125,0.0,-13.387819595258721,0.0,3.4411468505859375,0.0,WA
8875844,WA,5306,0.10973678529262543,2,0.0,85881.3935546875,85881.3935546875,1,1,11674.5859375,0.0,76429.859375,0.0,8792.986328125,0.0,0.0,8792.986328125,-1815.9501953125,0.0,1815.953125,0.0,-1716.0,0.0,1716.0,0.0,1166.0,0.0,-1166.0,0.0,0.0,0.0,0.0,0.0,0.0,0.0,0.0,0.0,0.0,0.0,0.0,0.0,0.0,0.0,0.0,0.0,0.0,0.0,0.0,0.0,0.0,0.0,0.0,0.0,0.0,0.0,0.0,0.0,0.0,0.0,0.0,0.0,0.0,0.0,0.0,0.0,0.0,0.0,0.0,0.0,0.0,0.0,0.0,0.0,0.0,0.0,0.0,0.0,0.0,0.0,0.0,0.0,0.0,0.0,0.0,0.0,0.0,0.0,0.0,0.0,0.0,0.0,0.0,0.0,0.0,0.0,0.0,0.0,0.0,0.0,0.0,0.0,9308.6357421875,0.0,78795.8125,8792.986328125,-2365.9501953125,0.0,2365.953125,0.0,-20.265816774818703,0.0,3.0955874919891357,0.0,WA
8875845,WA,5306,0.13689938187599182,3,0.0,217655.1875,245622.6304769516,3,0,41052.5546875,0.0,277299.5,32698.244140625,0.0,0.0,0.0,32698.244140625,-5980.4765625,0.0,5980.46875,0.0,0.0,0.0,0.0,0.0,2465.82421875,0.0,-2465.84375,0.0,0.0,0.0,0.0,0.0,0.0,0.0,0.0,0.0,0.0,0.0,0.0,0.0,-1335.0390625,0.0,1335.0625,0.0,-1050.21484375,0.0,1050.1875,0.0,0.0,0.0,0.0,0.0,0.0,0.0,0.0,0.0,-440.0,0.0,440.0,0.0,0.0,0.0,0.0,0.0,0.0,0.0,0.0,0.0,0.0,0.0,0.0,0.0,0.0,0.0,0.0,0.0,0.0,0.0,0.0,0.0,0.0,0.0,0.0,0.0,0.0,0.0,0.0,0.0,0.0,0.0,0.0,0.0,0.0,0.0,0.0,0.0,0.0,0.0,0.0,0.0,34712.6484375,0.0,283639.375,32698.244140625,-6339.90625,0.0,6339.875,0.0,-15.443390303625668,0.0,2.2862915992736816,0.0,WA
8875846,WA,5306,0.18291445076465607,2,0.0,103623.0234375,148530.96875,2,0,18760.30859375,0.0,132288.1875,2800.059814453125,0.0,0.0,0.0,2800.059814453125,-3065.94921875,0.0,3065.953125,0.0,-3432.0,0.0,3432.0,0.0,2332.0,0.0,-2332.0,0.0,0.0,0.0,0.0,0.0,0.0,0.0,0.0,0.0,0.0,0.0,0.0,0.0,-1152.150390625,0.0,1152.140625,0.0,0.0,0.0,0.0,0.0,0.0,0.0,0.0,0.0,0.0,0.0,0.0,0.0,-249.93359375,0.0,249.9375,0.0,0.0,0.0,0.0,0.0,0.0,0.0,0.0,0.0,0.0,0.0,0.0,0.0,0.0,0.0,0.0,0.0,0.0,0.0,0.0,0.0,-1320.0,0.0,1320.0,0.0,-1393.2529296875,0.0,1393.25,0.0,0.0,0.0,0.0,0.0,0.0,0.0,0.0,0.0,0.0,0.0,0.0,0.0,10479.0224609375,0.0,140569.46875,2800.059814453125,-8281.2861328125,0.0,8281.28125,0.0,-44.14259014679221,0.0,6.260030746459961,0.0,WA
8875847,WA,5306,0.16067270934581757,1,0.0,35734.5390625,35734.5390625,1,0,2712.680908203125,0.0,30400.732421875,0.0,0.0,0.0,0.0,0.0,-304.5361328125,0.0,304.537109375,0.0,-936.0001220703125,0.0,936.0,0.0,636.0001220703125,0.0,-636.0,0.0,0.0,0.0,0.0,0.0,0.0,0.0,0.0,0.0,0.0,0.0,0.0,0.0,0.0,0.0,0.0,0.0,0.0,0.0,0.0,0.0,0.0,0.0,0.0,0.0,0.0,0.0,0.0,0.0,0.0,0.0,0.0,0.0,0.0,0.0,0.0,0.0,0.0,0.0,0.0,0.0,0.0,0.0,0.0,0.0,0.0,0.0,0.0,0.0,0.0,0.0,0.0,0.0,0.0,0.0,0.0,0.0,0.0,0.0,0.0,0.0,0.0,0.0,0.0,0.0,0.0,0.0,0.0,0.0,0.0,0.0,0.0,0.0,2108.144775390625,0.0,31005.26953125,0.0,-604.5361328125,0.0,604.537109375,0.0,-22.28556005184346,0.0,1.9885610342025757,0.0,WA
8875848,WA,5306,0.4565768539905548,1,0.0,0.0,0.0,1,0,0.0,0.0,95869.078125,47934.5390625,0.0,0.0,0.0,47934.5390625,0.0,0.0,0.0,0.0,0.0,0.0,0.0,0.0,0.0,0.0,0.0,0.0,0.0,0.0,0.0,0.0,0.0,0.0,0.0,0.0,0.0,0.0,0.0,0.0,0.0,0.0,0.0,0.0,0.0,0.0,0.0,0.0,0.0,0.0,0.0,0.0,0.0,0.0,0.0,0.0,0.0,0.0,0.0,0.0,0.0,0.0,0.0,0.0,0.0,0.0,0.0,0.0,0.0,0.0,0.0,0.0,0.0,0.0,0.0,0.0,0.0,0.0,0.0,0.0,0.0,0.0,0.0,0.0,0.0,0.0,0.0,0.0,0.0,0.0,0.0,0.0,0.0,0.0,0.0,0.0,0.0,0.0,0.0,0.0,0.0,0.0,95869.078125,47934.5390625,0.0,0.0,0.0,0.0,0.0,0.0,0.0,0.0,WA
8875849,WA,5306,0.113440603017807,2,1.0,124387.1875,124387.1875,2,0,16259.03515625,0.0,98725.09375,0.0,0.0,0.0,0.0,0.0,-2474.2841796875,0.0,2474.28125,0.0,0.0,0.0,0.0,0.0,1162.9306640625,0.0,-1162.921875,0.0,0.0,0.0,0.0,0.0,-2200.0,0.0,2200.0,0.0,0.0,0.0,0.0,0.0,0.0,0.0,0.0,0.0,0.0,0.0,0.0,0.0,0.0,0.0,0.0,0.0,0.0,0.0,0.0,0.0,-220.0,0.0,220.0,0.0,0.0,0.0,0.0,0.0,0.0,0.0,0.0,0.0,0.0,0.0,0.0,0.0,0.0,0.0,0.0,0.0,0.0,0.0,0.0,0.0,0.0,0.0,0.0,0.0,0.0,0.0,0.0,0.0,0.0,0.0,0.0,0.0,0.0,0.0,0.0,0.0,0.0,0.0,0.0,0.0,12527.681640625,0.0,102456.453125,0.0,-3731.353515625,0.0,3731.359375,0.0,-22.949415385147635,0.0,3.7795450687408447,0.0,WA
8875850,WA,5306,0.12005944550037384,3,1.0,590386.0859375,983586.9375,3,0,278972.0,0.0,703533.875,0.0,0.0,0.0,0.0,0.0,-26341.484375,0.0,26341.5,0.0,0.0,0.0,0.0,0.0,0.0,0.0,0.0,0.0,0.0,0.0,0.0,0.0,0.0,0.0,0.0,0.0,0.0,0.0,0.0,0.0,-7916.4375,0.0,7916.4375,0.0,0.0,0.0,0.0,0.0,0.0,0.0,0.0,0.0,0.0,0.0,0.0,0.0,-58.796875,0.0,58.8125,0.0,-5986.4375,0.0,5986.4375,0.0,0.0,0.0,0.0,0.0,0.0,0.0,0.0,0.0,0.0,0.0,0.0,0.0,0.0,0.0,0.0,0.0,0.0,0.0,0.0,0.0,0.0,0.0,0.0,0.0,0.0,0.0,0.0,0.0,0.0,0.0,0.0,0.0,0.0,0.0,0.0,0.0,238668.84375,0.0,743837.0625,0.0,-40303.15625,0.0,40303.1875,0.0,-14.447025597551008,0.0,5.728677749633789,0.0,WA
8875851,WA,5306,0.08507877588272095,1,0.0,70484.71875,241599.59375,1,0,44980.62890625,0.0,290036.09375,59946.78125,0.0,0.0,0.0,59946.78125,0.0,0.0,0.0,0.0,0.0,0.0,0.0,0.0,0.0,0.0,0.0,0.0,0.0,0.0,0.0,0.0,0.0,0.0,0.0,0.0,0.0,0.0,0.0,0.0,-0.140625,0.0,0.15625,0.0,-6353.92578125,0.0,6353.90625,0.0,0.0,0.0,0.0,0.0,0.0,0.0,0.0,0.0,-240.00390625,0.0,240.03125,0.0,0.0,0.0,0.0,0.0,0.0,0.0,0.0,0.0,0.0,0.0,0.0,0.0,0.0,0.0,0.0,0.0,0.0,0.0,0.0,0.0,0.0,0.0,0.0,0.0,0.0,0.0,0.0,0.0,0.0,0.0,0.0,0.0,0.0,0.0,0.0,0.0,0.0,0.0,0.0,0.0,38386.55859375,0.0,296630.1875,59946.78125,-6594.0703125,0.0,6594.09375,0.0,-14.659800169187411,0.0,2.2735424041748047,0.0,WA
8875852,WA,5306,245.3715057373047,1,0.0,8695.283203125,8695.283203125,1,0,0.0,0.0,20644.25,3596.039794921875,8792.986328125,0.0,0.0,12389.026123046875,0.0,0.0,0.0,0.0,0.0,0.0,0.0,0.0,0.0,0.0,0.0,0.0,0.0,0.0,0.0,0.0,0.0,0.0,0.0,0.0,0.0,0.0,0.0,0.0,0.0,0.0,0.0,0.0,0.0,0.0,0.0,0.0,0.0,0.0,0.0,0.0,0.0,0.0,0.0,0.0,0.0,0.0,0.0,0.0,0.0,0.0,0.0,0.0,0.0,0.0,0.0,0.0,0.0,0.0,0.0,0.0,0.0,0.0,0.0,0.0,0.0,0.0,0.0,0.0,0.0,0.0,0.0,0.0,0.0,0.0,0.0,0.0,0.0,0.0,0.0,0.0,0.0,0.0,0.0,0.0,0.0,0.0,0.0,0.0,0.0,0.0,20644.25,12389.026123046875,0.0,0.0,0.0,0.0,0.0,0.0,0.0,0.0,WA
8875853,WA,5306,0.10617852210998535,2,0.0,66648.04296875,66648.04296875,2,0,5624.9091796875,0.0,64717.546875,0.0,8792.986328125,0.0,0.0,8792.986328125,-886.98193359375,0.0,886.984375,0.0,-936.0,0.0,936.0,0.0,636.0,0.0,-636.0,0.0,0.0,0.0,0.0,0.0,0.0,0.0,0.0,0.0,0.0,0.0,0.0,0.0,0.0,0.0,0.0,0.0,0.0,0.0,0.0,0.0,0.0,0.0,0.0,0.0,0.0,0.0,0.0,0.0,0.0,0.0,0.0,0.0,0.0,0.0,0.0,0.0,0.0,0.0,0.0,0.0,0.0,0.0,0.0,0.0,0.0,0.0,0.0,0.0,0.0,0.0,0.0,0.0,0.0,0.0,0.0,0.0,-77.822265625,0.0,77.8203125,0.0,0.0,0.0,0.0,0.0,0.0,0.0,0.0,0.0,0.0,0.0,0.0,0.0,4360.10498046875,0.0,65982.3515625,8792.986328125,-1264.80419921875,0.0,1264.8046875,0.0,-22.485771037622655,0.0,1.9543458223342896,0.0,WA
8875854,WA,5306,0.10026093572378159,5,0.0,873496.08984375,1604455.9453125,5,0,393599.24395751953,13249.4873046875,1186477.5,0.0,17585.97265625,0.0,0.0,17585.97265625,-29805.072265625,0.0,29805.125,0.0,-1979.9461059570312,0.0,1979.875,0.0,1179.9461059570312,0.0,-1179.875,0.0,0.0,0.0,0.0,0.0,0.0,0.0,0.0,0.0,0.0,0.0,0.0,0.0,-1850.0,0.0,1850.0,0.0,0.0,0.0,0.0,0.0,0.0,0.0,0.0,0.0,0.0,0.0,0.0,0.0,0.0,0.0,0.0,0.0,-12278.5625,0.0,12278.625,0.0,0.0,0.0,0.0,0.0,0.0,0.0,0.0,0.0,0.0,0.0,0.0,0.0,0.0,0.0,0.0,0.0,0.0,0.0,0.0,0.0,-145.2685546875,0.0,145.25,0.0,0.0,0.0,0.0,0.0,0.0,0.0,0.0,0.0,0.0,0.0,0.0,0.0,348720.34063720703,13249.4873046875,1231356.5,17585.97265625,-44878.9033203125,0.0,44879.0,0.0,-11.402182298184545,0.0,3.782541275024414,0.0,WA
8875855,WA,5306,0.11782200634479523,2,0.0,105426.171875,126015.6015625,2,0,16069.862060546875,0.0,135936.265625,24222.859375,0.0,3808.44580078125,0.0,28031.30517578125,-2293.96826171875,0.0,2293.96875,0.0,-2643.3076171875,0.0,2643.3125,0.0,1793.3076171875,0.0,-1793.3125,0.0,0.0,0.0,0.0,0.0,0.0,0.0,0.0,0.0,0.0,0.0,0.0,0.0,-84.916015625,0.0,84.921875,0.0,0.0,0.0,0.0,0.0,0.0,0.0,0.0,0.0,0.0,0.0,0.0,0.0,-29.833984375,0.0,29.828125,0.0,0.0,0.0,0.0,0.0,0.0,0.0,0.0,0.0,0.0,0.0,0.0,0.0,0.0,0.0,0.0,0.0,0.0,0.0,0.0,0.0,-1087.0166015625,0.0,1087.015625,0.0,0.0,0.0,0.0,0.0,0.0,0.0,0.0,0.0,0.0,0.0,0.0,0.0,0.0,0.0,0.0,0.0,11724.127197265625,0.0,140282.0,28031.30517578125,-4345.73486328125,0.0,4345.734375,0.0,-27.04276394475386,0.0,3.1968910694122314,0.0,WA
8875856,WA,5306,0.3568846881389618,2,0.0,114203.34375,129838.421875,2,0,12748.923828125,0.0,113942.265625,0.0,0.0,0.0,0.0,0.0,-2073.7841796875,0.0,2073.7890625,0.0,-803.025390625,0.0,803.0234375,0.0,1272.0,0.0,-1272.0,0.0,0.0,0.0,0.0,0.0,0.0,0.0,0.0,0.0,0.0,0.0,0.0,0.0,-600.0,0.0,600.0,0.0,0.0,0.0,0.0,0.0,0.0,0.0,0.0,0.0,0.0,0.0,0.0,0.0,-27.77734375,0.0,27.78125,0.0,0.0,0.0,0.0,0.0,0.0,0.0,0.0,0.0,0.0,0.0,0.0,0.0,0.0,0.0,0.0,0.0,0.0,0.0,0.0,0.0,0.0,0.0,0.0,0.0,-282.7548828125,0.0,282.75,0.0,0.0,0.0,0.0,0.0,0.0,0.0,0.0,0.0,0.0,0.0,0.0,0.0,10233.58203125,0.0,116457.609375,0.0,-2515.341796875,0.0,2515.34375,0.0,-19.729836265285257,0.0,2.207559823989868,0.0,WA
8875857,WA,5306,0.10449058562517166,2,0.0,107761.375,547949.2580566406,1,1,160299.046875,714.5119018554688,473266.375,45461.4609375,0.0,0.0,0.0,45461.4609375,0.0,0.0,0.0,0.0,0.0,0.0,0.0,0.0,0.0,0.0,0.0,0.0,0.0,0.0,0.0,0.0,0.0,0.0,0.0,0.0,0.0,0.0,0.0,0.0,-1400.0,0.0,1400.0,0.0,-25032.0,0.0,25032.0,0.0,0.0,0.0,0.0,0.0,0.0,0.0,0.0,0.0,0.0,0.0,0.0,0.0,-1767.5625,0.0,1767.5625,0.0,0.0,0.0,0.0,0.0,0.0,0.0,0.0,0.0,0.0,0.0,0.0,0.0,0.0,0.0,0.0,0.0,0.0,0.0,0.0,0.0,0.0,0.0,0.0,0.0,0.0,0.0,0.0,0.0,0.0,0.0,0.0,0.0,0.0,0.0,0.0,0.0,132099.484375,714.5119018554688,501465.9375,45461.4609375,-28199.5625,0.0,28199.5625,0.0,-17.59184664522042,0.0,5.958496570587158,0.0,WA
8875858,WA,5306,0.10509050637483597,2,0.0,19663.064453125,19663.064453125,2,0,-174.98153686523438,-312.86029052734375,47650.70703125,6588.7177734375,17585.97265625,0.0,0.0,24174.6904296875,0.0,0.0,0.0,0.0,0.0,0.0,0.0,0.0,0.0,0.0,0.0,0.0,0.0,0.0,0.0,0.0,0.0,0.0,0.0,0.0,0.0,0.0,0.0,0.0,0.0,0.0,0.0,0.0,0.0,0.0,0.0,0.0,0.0,0.0,0.0,0.0,0.0,0.0,0.0,0.0,0.0,0.0,0.0,0.0,0.0,0.0,0.0,0.0,0.0,0.0,0.0,0.0,0.0,0.0,0.0,0.0,0.0,0.0,0.0,0.0,0.0,0.0,0.0,0.0,0.0,0.0,0.0,0.0,0.0,0.0,0.0,0.0,0.0,0.0,0.0,0.0,0.0,0.0,0.0,0.0,0.0,0.0,0.0,0.0,-174.98153686523438,-312.86029052734375,47650.70703125,24174.6904296875,0.0,0.0,0.0,0.0,0.0,0.0,0.0,0.0,WA
8875859,WA,5306,0.10504332184791565,6,3.0,1085230.1420898438,1133578.6997070312,6,0,369301.53125,0.0,737203.5625,0.0,8792.986328125,0.0,0.0,8792.986328125,-35568.84375,0.0,35568.8125,0.0,-5772.0,0.0,5772.0,0.0,0.0,0.0,0.0,0.0,0.0,0.0,0.0,0.0,0.0,0.0,0.0,0.0,0.0,0.0,0.0,0.0,-1850.0,0.0,1850.0,0.0,0.0,0.0,0.0,0.0,0.0,0.0,0.0,0.0,0.0,0.0,0.0,0.0,-740.0,0.0,740.0,0.0,0.0,0.0,0.0,0.0,0.0,0.0,0.0,0.0,0.0,0.0,0.0,0.0,0.0,0.0,0.0,0.0,0.0,0.0,0.0,0.0,0.0,0.0,0.0,0.0,0.0,0.0,0.0,0.0,0.0,0.0,0.0,0.0,0.0,0.0,0.0,0.0,0.0,0.0,0.0,0.0,325370.6875,0.0,781134.375,8792.986328125,-43930.84375,0.0,43930.8125,0.0,-11.895657080354985,0.0,5.959115505218506,0.0,WA
8875860,WA,5306,0.11188629269599915,4,1.0,194932.5244140625,288859.824259758,4,0,56476.46484375,0.0,271125.40625,21463.12890625,0.0,0.0,0.0,21463.12890625,-1216.20703125,0.0,1216.21875,0.0,0.0,0.0,0.0,0.0,-0.0078125,0.0,0.0,0.0,0.0,0.0,0.0,0.0,-2200.0,0.0,2200.0,0.0,0.0,0.0,0.0,0.0,-7090.88671875,0.0,7090.875,0.0,-5844.9375,0.0,5844.9375,0.0,0.0,0.0,0.0,0.0,0.0,0.0,0.0,0.0,-480.0,0.0,480.0,0.0,0.0,0.0,0.0,0.0,0.0,0.0,0.0,0.0,0.0,0.0,0.0,0.0,0.0,0.0,0.0,0.0,-156.44140625,0.0,156.4375,0.0,0.0,0.0,0.0,0.0,0.0,0.0,0.0,0.0,0.0,0.0,0.0,0.0,0.0,0.0,0.0,0.0,0.0,0.0,0.0,0.0,39487.984375,0.0,288113.875,21463.12890625,-16988.48046875,0.0,16988.46875,0.0,-30.080637157001583,0.0,6.2659077644348145,0.0,WA
8875861,WA,5306,0.12626133859157562,5,3.0,140438.765625,181506.984375,5,0,23526.74609375,0.0,154490.875,0.0,0.0,0.0,0.0,0.0,-3653.208984375,0.0,3653.21875,0.0,-1229.720703125,0.0,1229.71875,0.0,3627.720703125,0.0,-3627.71875,0.0,0.0,0.0,0.0,0.0,-4900.0,0.0,4900.0,0.0,0.0,0.0,0.0,0.0,-1868.34765625,0.0,1868.34375,0.0,0.0,0.0,0.0,0.0,0.0,0.0,0.0,0.0,0.0,0.0,0.0,0.0,-440.0,0.0,440.0,0.0,0.0,0.0,0.0,0.0,0.0,0.0,0.0,0.0,0.0,0.0,0.0,0.0,0.0,0.0,0.0,0.0,0.0,0.0,0.0,0.0,0.0,0.0,0.0,0.0,0.0,0.0,0.0,0.0,0.0,0.0,0.0,0.0,0.0,0.0,0.0,0.0,0.0,0.0,0.0,0.0,15063.189453125,0.0,162954.4375,0.0,-8463.556640625,0.0,8463.5625,0.0,-35.97419127532212,0.0,5.478357315063477,0.0,WA
8875862,WA,5306,279.823974609375,1,0.0,0.0,544.472900390625,1,0,0.0,0.0,24335.63671875,3596.039794921875,8792.986328125,0.0,0.0,12389.026123046875,0.0,0.0,0.0,0.0,0.0,0.0,0.0,0.0,0.0,0.0,0.0,0.0,0.0,0.0,0.0,0.0,0.0,0.0,0.0,0.0,0.0,0.0,0.0,0.0,0.0,0.0,0.0,0.0,0.0,0.0,0.0,0.0,0.0,0.0,0.0,0.0,0.0,0.0,0.0,0.0,0.0,0.0,0.0,0.0,0.0,0.0,0.0,0.0,0.0,0.0,0.0,0.0,0.0,0.0,0.0,0.0,0.0,0.0,0.0,0.0,0.0,0.0,0.0,0.0,0.0,0.0,0.0,0.0,0.0,0.0,0.0,0.0,0.0,0.0,0.0,0.0,0.0,0.0,0.0,0.0,0.0,0.0,0.0,0.0,0.0,0.0,24335.63671875,12389.026123046875,0.0,0.0,0.0,0.0,0.0,0.0,0.0,0.0,WA
8875863,WA,5306,223.28465270996094,1,0.0,0.0,50930.87109375,1,0,4684.630859375,0.0,74238.6796875,21580.841796875,0.0,0.0,0.0,21580.841796875,-698.92626953125,0.0,698.9296875,0.0,-936.0,0.0,936.0,0.0,636.0,0.0,-636.0,0.0,0.0,0.0,0.0,0.0,0.0,0.0,0.0,0.0,0.0,0.0,0.0,0.0,0.0,0.0,0.0,0.0,0.0,0.0,0.0,0.0,0.0,0.0,0.0,0.0,0.0,0.0,0.0,0.0,0.0,0.0,0.0,0.0,0.0,0.0,0.0,0.0,0.0,0.0,0.0,0.0,0.0,0.0,0.0,0.0,0.0,0.0,0.0,0.0,0.0,0.0,0.0,0.0,-720.0,0.0,720.0,0.0,0.0,0.0,0.0,0.0,0.0,0.0,0.0,0.0,0.0,0.0,0.0,0.0,0.0,0.0,0.0,0.0,2965.70458984375,0.0,75957.609375,21580.841796875,-1718.92626953125,0.0,1718.9296875,0.0,-36.69288618742055,0.0,2.3154098987579346,0.0,WA
8875864,WA,5306,189.45730590820312,1,0.0,0.0,28039.28515625,1,0,1250.892822265625,0.0,54453.8359375,15642.8408203125,0.0,0.0,0.0,15642.8408203125,-11.96435546875,0.0,11.96484375,0.0,-779.9999389648438,0.0,780.0,0.0,530.0,0.0,-530.0,0.0,0.0,0.0,0.0,0.0,0.0,0.0,0.0,0.0,0.0,0.0,0.0,0.0,0.0,0.0,0.0,0.0,0.0,0.0,0.0,0.0,0.0,0.0,0.0,0.0,0.0,0.0,0.0,0.0,0.0,0.0,0.0,0.0,0.0,0.0,0.0,0.0,0.0,0.0,0.0,0.0,0.0,0.0,0.0,0.0,0.0,0.0,0.0,0.0,0.0,0.0,0.0,0.0,-600.0,0.0,600.0,0.0,0.0,0.0,0.0,0.0,0.0,0.0,0.0,0.0,0.0,0.0,0.0,0.0,0.0,0.0,0.0,0.0,388.92852783203125,0.0,55315.80078125,15642.8408203125,-861.9642944335938,0.0,861.96484375,0.0,-68.90792553053416,0.0,1.5829275846481323,0.0,WA
8875865,WA,5306,67.0520248413086,1,0.0,0.0,7488.69970703125,1,0,0.0,0.0,27646.486328125,10721.40234375,0.0,0.0,0.0,10721.40234375,0.0,0.0,0.0,0.0,0.0,0.0,0.0,0.0,0.0,0.0,0.0,0.0,0.0,0.0,0.0,0.0,0.0,0.0,0.0,0.0,0.0,0.0,0.0,0.0,0.0,0.0,0.0,0.0,0.0,0.0,0.0,0.0,0.0,0.0,0.0,0.0,0.0,0.0,0.0,0.0,0.0,0.0,0.0,0.0,0.0,0.0,0.0,0.0,0.0,0.0,0.0,0.0,0.0,0.0,0.0,0.0,0.0,0.0,0.0,0.0,0.0,0.0,0.0,0.0,0.0,0.0,0.0,0.0,0.0,0.0,0.0,0.0,0.0,0.0,0.0,0.0,0.0,0.0,0.0,0.0,0.0,0.0,0.0,0.0,0.0,0.0,27646.486328125,10721.40234375,0.0,0.0,0.0,0.0,0.0,0.0,0.0,0.0,WA
8875866,WA,5306,0.15710902214050293,2,0.0,44576.4375,1467845.75,2,0,359455.28125,58421.24609375,1176757.25,52564.609375,0.0,0.0,0.0,52564.609375,0.0,0.0,0.0,0.0,0.0,0.0,0.0,0.0,0.0,0.0,0.0,0.0,0.0,0.0,0.0,0.0,0.0,0.0,0.0,0.0,0.0,0.0,0.0,0.0,-1400.0,0.0,1400.0,0.0,-12215.59375,0.0,12215.625,0.0,0.0,0.0,0.0,0.0,0.0,0.0,0.0,0.0,-840.0,0.0,840.0,0.0,0.0,0.0,0.0,0.0,0.0,0.0,0.0,0.0,0.0,0.0,0.0,0.0,0.0,0.0,0.0,0.0,0.0,0.0,0.0,0.0,0.0,0.0,0.0,0.0,0.0,0.0,0.0,0.0,0.0,0.0,0.0,0.0,0.0,0.0,0.0,0.0,0.0,0.0,0.0,0.0,344999.6875,58421.24609375,1191212.875,52564.609375,-14455.59375,0.0,14455.625,0.0,-4.021527712635326,0.0,1.228428840637207,0.0,WA
8875867,WA,5306,0.3078919053077698,7,2.0,121905.708984375,403014.9453125,7,0,42952.41015625,0.0,411745.625,44589.5078125,0.0,0.0,0.0,44589.5078125,-5199.380859375,0.0,5199.375,0.0,-3544.919921875,0.0,3544.9375,0.0,5088.0,0.0,-5088.0,0.0,0.0,0.0,0.0,0.0,-4400.0,0.0,4400.0,0.0,0.0,0.0,0.0,0.0,-6031.970703125,0.0,6031.96875,0.0,0.0,0.0,0.0,0.0,0.0,0.0,0.0,0.0,0.0,0.0,0.0,0.0,-176.0,0.0,176.0,0.0,0.0,0.0,0.0,0.0,0.0,0.0,0.0,0.0,0.0,0.0,0.0,0.0,-2144.8798828125,0.0,2144.875,0.0,0.0,0.0,0.0,0.0,-2298.05224609375,0.0,2298.03125,0.0,0.0,0.0,0.0,0.0,0.0,0.0,0.0,0.0,0.0,0.0,0.0,0.0,0.0,0.0,0.0,0.0,24245.20654296875,0.0,430452.8125,44589.5078125,-18707.20361328125,0.0,18707.1875,0.0,-43.553326915135095,0.0,4.543384552001953,0.0,WA
8875868,WA,5306,220.9899444580078,1,0.0,8272.4091796875,8272.4091796875,1,0,0.0,0.0,19502.09765625,3069.53955078125,8792.986328125,0.0,0.0,11862.52587890625,0.0,0.0,0.0,0.0,0.0,0.0,0.0,0.0,0.0,0.0,0.0,0.0,0.0,0.0,0.0,0.0,0.0,0.0,0.0,0.0,0.0,0.0,0.0,0.0,0.0,0.0,0.0,0.0,0.0,0.0,0.0,0.0,0.0,0.0,0.0,0.0,0.0,0.0,0.0,0.0,0.0,0.0,0.0,0.0,0.0,0.0,0.0,0.0,0.0,0.0,0.0,0.0,0.0,0.0,0.0,0.0,0.0,0.0,0.0,0.0,0.0,0.0,0.0,0.0,0.0,0.0,0.0,0.0,0.0,0.0,0.0,0.0,0.0,0.0,0.0,0.0,0.0,0.0,0.0,0.0,0.0,0.0,0.0,0.0,0.0,0.0,19502.09765625,11862.52587890625,0.0,0.0,0.0,0.0,0.0,0.0,0.0,0.0,WA
8875869,WA,5306,0.28490322828292847,4,2.0,395024.25,577893.1875,4,0,148097.921875,0.0,411920.25,0.0,0.0,0.0,0.0,0.0,0.0,0.0,0.0,0.0,0.0,0.0,0.0,0.0,0.0,0.0,0.0,0.0,0.0,0.0,0.0,0.0,0.0,0.0,0.0,0.0,0.0,0.0,0.0,0.0,-1400.0,0.0,1400.0,0.0,-24478.15625,0.0,24478.125,0.0,0.0,0.0,0.0,0.0,0.0,0.0,0.0,0.0,0.0,0.0,0.0,0.0,-1785.4609375,0.0,1785.5,0.0,0.0,0.0,0.0,0.0,0.0,0.0,0.0,0.0,0.0,0.0,0.0,0.0,0.0,0.0,0.0,0.0,0.0,0.0,0.0,0.0,0.0,0.0,0.0,0.0,0.0,0.0,0.0,0.0,0.0,0.0,0.0,0.0,0.0,0.0,0.0,0.0,120434.3046875,0.0,439583.875,0.0,-27663.6171875,0.0,27663.625,0.0,-18.67927438634088,0.0,6.7157721519470215,0.0,WA
8875870,WA,5306,0.20780523121356964,4,0.0,368018.28759765625,478765.693359375,4,0,116792.4375,0.0,380823.59375,21161.21484375,12436.414794921875,0.0,0.0,33597.629638671875,0.0,0.0,0.0,0.0,0.0,0.0,0.0,0.0,0.0,0.0,0.0,0.0,0.0,0.0,0.0,0.0,0.0,0.0,0.0,0.0,0.0,0.0,0.0,0.0,-1400.0,0.0,1400.0,0.0,-32597.828125,0.0,32597.8125,0.0,0.0,0.0,0.0,0.0,0.0,0.0,0.0,0.0,-379.4375,0.0,379.4375,0.0,0.0,0.0,0.0,0.0,0.0,0.0,0.0,0.0,0.0,0.0,0.0,0.0,0.0,0.0,0.0,0.0,0.0,0.0,0.0,0.0,0.0,0.0,0.0,0.0,0.0,0.0,0.0,0.0,0.0,0.0,0.0,0.0,0.0,0.0,0.0,0.0,0.0,0.0,0.0,0.0,82415.171875,0.0,415200.84375,33597.629638671875,-34377.265625,0.0,34377.25,0.0,-29.434496240392278,0.0,9.027080535888672,0.0,WA
8875871,WA,5306,0.2813480496406555,2,0.0,132910.046875,270946.734375,2,0,42998.212890625,0.0,292650.9375,4337.96728515625,0.0,0.0,0.0,4337.96728515625,-5092.67822265625,0.0,5092.6875,0.0,-30.939453125,0.0,30.9375,0.0,1166.00048828125,0.0,-1166.0,0.0,0.0,0.0,0.0,0.0,0.0,0.0,0.0,0.0,0.0,0.0,0.0,0.0,-3552.07373046875,0.0,3552.0625,0.0,0.0,0.0,0.0,0.0,0.0,0.0,0.0,0.0,0.0,0.0,0.0,0.0,-240.0,0.0,240.0,0.0,0.0,0.0,0.0,0.0,0.0,0.0,0.0,0.0,0.0,0.0,0.0,0.0,0.0,0.0,0.0,0.0,0.0,0.0,0.0,0.0,-1061.107421875,0.0,1061.09375,0.0,-45.396484375,0.0,45.40625,0.0,0.0,0.0,0.0,0.0,0.0,0.0,0.0,0.0,0.0,0.0,0.0,0.0,34142.01806640625,0.0,301507.125,4337.96728515625,-8856.19482421875,0.0,8856.1875,0.0,-20.59665792796167,0.0,3.0261948108673096,0.0,WA
8875872,WA,5306,0.28866711258888245,2,0.0,68798.87109375,78414.5,2,0,6467.1748046875,0.0,98314.921875,11312.5029296875,0.0,18621.3330078125,0.0,29933.8359375,-817.4346923828125,0.0,817.4375,0.0,-1780.5836181640625,0.0,1780.578125,0.0,1180.5836181640625,0.0,-1180.578125,0.0,0.0,0.0,0.0,0.0,0.0,0.0,0.0,0.0,0.0,0.0,0.0,0.0,0.0,0.0,0.0,0.0,0.0,0.0,0.0,0.0,0.0,0.0,0.0,0.0,0.0,0.0,0.0,0.0,0.0,0.0,0.0,0.0,0.0,0.0,0.0,0.0,0.0,0.0,0.0,0.0,0.0,0.0,0.0,0.0,0.0,0.0,0.0,0.0,0.0,0.0,0.0,0.0,0.0,0.0,0.0,0.0,-90.7933349609375,0.0,90.78125,0.0,0.0,0.0,0.0,0.0,0.0,0.0,-13770.21875,-13770.22265625,0.0,0.0,0.0,0.0,4958.94677734375,0.0,86052.921875,16163.61328125,-1508.22802734375,0.0,-12262.0,-13770.22265625,-23.321281284225766,0.0,-12.47216510772705,-46.002198598941256,WA
8875873,WA,5306,0.10971187800168991,1,0.0,21972.625,21972.625,0,1,596.4434814453125,0.0,32800.08984375,2432.340087890625,8792.986328125,0.0,0.0,11225.326416015625,0.0,0.0,0.0,0.0,-596.4434814453125,0.0,596.44140625,0.0,346.4434814453125,0.0,-346.44140625,0.0,0.0,0.0,0.0,0.0,0.0,0.0,0.0,0.0,0.0,0.0,0.0,0.0,0.0,0.0,0.0,0.0,0.0,0.0,0.0,0.0,0.0,0.0,0.0,0.0,0.0,0.0,0.0,0.0,0.0,0.0,0.0,0.0,0.0,0.0,0.0,0.0,0.0,0.0,0.0,0.0,0.0,0.0,0.0,0.0,0.0,0.0,0.0,0.0,0.0,0.0,0.0,0.0,0.0,0.0,0.0,0.0,-151.32191467285156,0.0,151.32421875,0.0,0.0,0.0,0.0,0.0,0.0,0.0,0.0,0.0,0.0,0.0,0.0,0.0,195.12156677246094,0.0,33201.4140625,11225.326416015625,-401.32191467285156,0.0,401.32421875,0.0,-67.28582458481415,0.0,1.223546028137207,0.0,WA
8875874,WA,5306,0.10016161948442459,3,0.0,179757.28125,242101.61328125,3,0,36580.38671875,0.0,211090.109375,9615.23046875,8792.986328125,0.0,0.0,18408.216796875,-4815.8359375,0.0,4815.84375,0.0,0.0,0.0,0.0,0.0,168.58203125,0.0,-168.578125,0.0,0.0,0.0,0.0,0.0,0.0,0.0,0.0,0.0,0.0,0.0,0.0,0.0,0.0,0.0,0.0,0.0,-312.55859375,0.0,312.546875,0.0,0.0,0.0,0.0,0.0,0.0,0.0,0.0,0.0,-440.0,0.0,440.0,0.0,0.0,0.0,0.0,0.0,0.0,0.0,0.0,0.0,0.0,0.0,0.0,0.0,0.0,0.0,0.0,0.0,0.0,0.0,0.0,0.0,0.0,0.0,0.0,0.0,0.0,0.0,0.0,0.0,0.0,0.0,0.0,0.0,0.0,0.0,0.0,0.0,0.0,0.0,0.0,0.0,31180.57421875,0.0,216489.921875,18408.216796875,-5399.8125,0.0,5399.8125,0.0,-14.76149648585377,0.0,2.55806040763855,0.0,WA
8875875,WA,5306,0.11352241784334183,4,1.0,209621.37890625,416317.515625,4,0,78186.474609375,0.0,339984.3125,9482.4912109375,0.0,0.0,0.0,9482.4912109375,-689.9658203125,0.0,689.9375,0.0,-2106.0,0.0,2106.0,0.0,1431.0,0.0,-1431.0,0.0,0.0,0.0,0.0,0.0,-500.0,0.0,500.0,0.0,0.0,0.0,0.0,0.0,-6426.54296875,0.0,6426.5625,0.0,-10917.515625,0.0,10917.5,0.0,0.0,0.0,0.0,0.0,0.0,0.0,0.0,0.0,-480.0,0.0,480.0,0.0,0.0,0.0,0.0,0.0,0.0,0.0,0.0,0.0,0.0,0.0,0.0,0.0,0.0,0.0,0.0,0.0,0.0,0.0,0.0,0.0,-1426.72802734375,0.0,1426.75,0.0,0.0,0.0,0.0,0.0,0.0,0.0,0.0,0.0,0.0,0.0,0.0,0.0,0.0,0.0,0.0,0.0,57070.72216796875,0.0,361100.0625,9482.4912109375,-21115.75244140625,0.0,21115.75,0.0,-27.00691206107194,0.0,6.210801601409912,0.0,WA
8875876,WA,5306,0.5577412843704224,2,0.0,115705.83203125,323639.0625,2,0,48989.57421875,0.0,291311.03125,18311.017578125,0.0,0.0,0.0,18311.017578125,0.0,0.0,0.0,0.0,0.0,0.0,0.0,0.0,0.0,0.0,0.0,0.0,0.0,0.0,0.0,0.0,0.0,0.0,0.0,0.0,0.0,0.0,0.0,0.0,-0.26953125,0.0,0.25,0.0,-9199.328125,0.0,9199.34375,0.0,0.0,0.0,0.0,0.0,0.0,0.0,0.0,0.0,0.0,0.0,0.0,0.0,0.0,0.0,0.0,0.0,0.0,0.0,0.0,0.0,0.0,0.0,0.0,0.0,0.0,0.0,0.0,0.0,0.0,0.0,0.0,0.0,-427.046875,0.0,427.03125,0.0,0.0,0.0,0.0,0.0,0.0,0.0,0.0,0.0,0.0,0.0,0.0,0.0,0.0,0.0,0.0,0.0,39362.9296875,0.0,300937.65625,18311.017578125,-9626.64453125,0.0,9626.625,0.0,-19.650394364043176,0.0,3.30458664894104,0.0,WA
8875877,WA,5306,0.22708144783973694,1,0.0,49980.07421875,64429.21875,1,0,7169.8046875,0.0,56812.8984375,0.0,0.0,0.0,0.0,0.0,-1275.37646484375,0.0,1275.375,0.0,-978.921875,0.0,978.921875,0.0,636.0,0.0,-636.0,0.0,0.0,0.0,0.0,0.0,0.0,0.0,0.0,0.0,0.0,0.0,0.0,0.0,0.0,0.0,0.0,0.0,0.0,0.0,0.0,0.0,0.0,0.0,0.0,0.0,0.0,0.0,0.0,0.0,0.0,0.0,0.0,0.0,0.0,0.0,0.0,0.0,0.0,0.0,0.0,0.0,0.0,0.0,0.0,0.0,0.0,0.0,0.0,0.0,0.0,0.0,0.0,0.0,0.0,0.0,0.0,0.0,0.0,0.0,0.0,0.0,0.0,0.0,0.0,0.0,0.0,0.0,0.0,0.0,0.0,0.0,0.0,0.0,5551.50634765625,0.0,58431.1953125,0.0,-1618.29833984375,0.0,1618.296875,0.0,-22.571024042888197,0.0,2.8484673500061035,0.0,WA
8875878,WA,5306,0.231087788939476,3,1.0,96631.177734375,96631.546875,3,0,7404.732421875,0.0,100175.234375,0.0,0.0,18340.701171875,0.0,18340.701171875,-1204.94677734375,0.0,1204.9453125,0.0,-1872.0,0.0,1872.0,0.0,1908.0,0.0,-1908.0,0.0,0.0,0.0,0.0,0.0,-1200.0,0.0,1200.0,0.0,0.0,0.0,0.0,0.0,0.0,0.0,0.0,0.0,0.0,0.0,0.0,0.0,0.0,0.0,0.0,0.0,0.0,0.0,0.0,0.0,0.0,0.0,0.0,0.0,0.0,0.0,0.0,0.0,0.0,0.0,0.0,0.0,0.0,0.0,0.0,0.0,0.0,0.0,0.0,0.0,0.0,0.0,0.0,0.0,0.0,0.0,0.0,0.0,-126.4619140625,0.0,126.4609375,0.0,0.0,0.0,0.0,0.0,0.0,0.0,0.0,0.0,0.0,0.0,0.0,0.0,4909.32373046875,0.0,102670.640625,18340.701171875,-2495.40869140625,0.0,2495.40625,0.0,-33.70018724828373,0.0,2.4910411834716797,0.0,WA
8875879,WA,5306,97.4182357788086,1,0.0,0.0,7488.69970703125,1,0,0.0,0.0,47551.875,12197.53515625,26407.625,0.0,0.0,38605.16015625,0.0,0.0,0.0,0.0,0.0,0.0,0.0,0.0,0.0,0.0,0.0,0.0,0.0,0.0,0.0,0.0,0.0,0.0,0.0,0.0,0.0,0.0,0.0,0.0,0.0,0.0,0.0,0.0,0.0,0.0,0.0,0.0,0.0,0.0,0.0,0.0,0.0,0.0,0.0,0.0,0.0,0.0,0.0,0.0,0.0,0.0,0.0,0.0,0.0,0.0,0.0,0.0,0.0,0.0,0.0,0.0,0.0,0.0,0.0,0.0,0.0,0.0,0.0,0.0,0.0,0.0,0.0,0.0,0.0,0.0,0.0,0.0,0.0,0.0,0.0,0.0,0.0,0.0,0.0,0.0,0.0,0.0,0.0,0.0,0.0,0.0,47551.875,38605.16015625,0.0,0.0,0.0,0.0,0.0,0.0,0.0,0.0,WA
8875880,WA,5306,0.2584175765514374,1,0.0,156719.921875,161119.703125,1,0,27966.244140625,0.0,127692.703125,5165.23291015625,0.0,0.0,0.0,5165.23291015625,-3571.701171875,0.0,3571.703125,0.0,0.0,0.0,0.0,0.0,1272.0,0.0,-1272.0078125,0.0,0.0,0.0,0.0,0.0,0.0,0.0,0.0,0.0,0.0,0.0,0.0,0.0,0.0,0.0,0.0,0.0,0.0,0.0,0.0,0.0,0.0,0.0,0.0,0.0,0.0,0.0,0.0,0.0,0.0,0.0,0.0,0.0,0.0,0.0,0.0,0.0,0.0,0.0,0.0,0.0,0.0,0.0,0.0,0.0,0.0,0.0,0.0,0.0,0.0,0.0,0.0,0.0,-199.875,0.0,199.875,0.0,0.0,0.0,0.0,0.0,0.0,0.0,0.0,0.0,0.0,0.0,0.0,0.0,0.0,0.0,0.0,0.0,25466.66796875,0.0,130192.2734375,5165.23291015625,-2499.576171875,0.0,2499.5703125,0.0,-8.937832907794743,0.0,1.957488775253296,0.0,WA
8875881,WA,5306,0.08208804577589035,5,3.0,203392.06640625,318318.8125,5,0,59804.94921875,0.0,267661.34375,0.0,0.0,0.0,0.0,0.0,0.0,0.0,0.0,0.0,0.0,0.0,0.0,0.0,0.0,0.0,0.0,0.0,0.0,0.0,0.0,0.0,-6600.0,0.0,6600.0,0.0,0.0,0.0,0.0,0.0,-2192.60546875,0.0,2192.59375,0.0,-7038.58203125,0.0,7038.59375,0.0,0.0,0.0,0.0,0.0,0.0,0.0,0.0,0.0,-480.0,0.0,480.0,0.0,0.0,0.0,0.0,0.0,0.0,0.0,0.0,0.0,0.0,0.0,0.0,0.0,0.0,0.0,0.0,0.0,0.0,0.0,0.0,0.0,0.0,0.0,0.0,0.0,0.0,0.0,0.0,0.0,0.0,0.0,0.0,0.0,0.0,0.0,0.0,0.0,0.0,0.0,0.0,0.0,43493.76171875,0.0,283972.53125,0.0,-16311.1875,0.0,16311.1875,0.0,-27.27397600546098,0.0,6.093964576721191,0.0,WA
8875882,WA,5306,0.2539583444595337,3,1.0,55591.572265625,82496.7109375,3,0,6284.5068359375,0.0,75050.9609375,0.0,0.0,0.0,0.0,0.0,-780.9013671875,0.0,780.90625,0.0,-1872.000244140625,0.0,1872.0,0.0,1908.000244140625,0.0,-1908.0,0.0,0.0,0.0,0.0,0.0,-500.0,0.0,500.0,0.0,0.0,0.0,0.0,0.0,-624.72216796875,0.0,624.71875,0.0,0.0,0.0,0.0,0.0,0.0,0.0,0.0,0.0,0.0,0.0,0.0,0.0,0.0,0.0,0.0,0.0,0.0,0.0,0.0,0.0,0.0,0.0,0.0,0.0,0.0,0.0,0.0,0.0,0.0,0.0,0.0,0.0,-371.70556640625,0.0,371.7109375,0.0,0.0,0.0,0.0,0.0,0.0,0.0,0.0,0.0,0.0,0.0,0.0,0.0,0.0,0.0,0.0,0.0,0.0,0.0,0.0,0.0,4043.177734375,0.0,77292.296875,0.0,-2241.3291015625,0.0,2241.3359375,0.0,-35.664359353475774,0.0,2.9864187240600586,0.0,WA
8875883,WA,5306,0.1998695582151413,2,0.0,145021.20703125,178010.83984375,2,0,28373.47802734375,0.0,156739.546875,36190.41796875,0.0,5631.259765625,0.0,41821.677734375,-3447.751220703125,0.0,3447.75,0.0,-2807.9998779296875,0.0,2808.0,0.0,1907.9998779296875,0.0,-1908.0,0.0,0.0,0.0,0.0,0.0,0.0,0.0,0.0,0.0,0.0,0.0,0.0,0.0,0.0,0.0,0.0,0.0,0.0,0.0,0.0,0.0,0.0,0.0,0.0,0.0,0.0,0.0,0.0,0.0,0.0,0.0,0.0,0.0,0.0,0.0,0.0,0.0,0.0,0.0,0.0,0.0,0.0,0.0,0.0,0.0,0.0,0.0,0.0,0.0,0.0,0.0,0.0,0.0,-472.841796875,0.0,472.84375,0.0,-202.2091064453125,0.0,202.203125,0.0,0.0,0.0,0.0,0.0,0.0,0.0,0.0,0.0,0.0,0.0,0.0,0.0,23350.675903320312,0.0,161762.34375,41821.677734375,-5022.8021240234375,0.0,5022.796875,0.0,-17.70245480368294,0.0,3.204549789428711,0.0,WA
8875884,WA,5306,0.11404390633106232,2,0.0,770302.78125,787673.0,2,0,230479.3125,0.0,598478.75,0.0,0.0,0.0,0.0,0.0,-21172.5625,0.0,21172.5625,0.0,0.0,0.0,0.0,0.0,0.0,0.0,0.0,0.0,0.0,0.0,0.0,0.0,0.0,0.0,0.0,0.0,0.0,0.0,0.0,0.0,-1400.0,0.0,1400.0,0.0,-7693.171875,0.0,7693.1875,0.0,0.0,0.0,0.0,0.0,0.0,0.0,0.0,0.0,-700.0,0.0,700.0,0.0,-1022.9375,0.0,1022.875,0.0,0.0,0.0,0.0,0.0,0.0,0.0,0.0,0.0,0.0,0.0,0.0,0.0,0.0,0.0,0.0,0.0,0.0,0.0,0.0,0.0,0.0,0.0,0.0,0.0,0.0,0.0,0.0,0.0,0.0,0.0,0.0,0.0,0.0,0.0,0.0,0.0,198490.640625,0.0,630467.375,0.0,-31988.671875,0.0,31988.625,0.0,-13.879194417937185,0.0,5.34498929977417,0.0,WA
8875885,WA,5306,0.10406467318534851,3,0.0,131116.83056640625,113043.162109375,3,0,9263.374420166016,0.0,108013.015625,0.0,8792.986328125,0.0,0.0,8792.986328125,-1332.43505859375,0.0,1332.4375,0.0,-2093.2005920410156,0.0,2093.203125,0.0,1272.0,0.0,-1272.0,0.0,0.0,0.0,0.0,0.0,0.0,0.0,0.0,0.0,0.0,0.0,0.0,0.0,-24.94384765625,0.0,24.9375,0.0,0.0,0.0,0.0,0.0,0.0,0.0,0.0,0.0,0.0,0.0,0.0,0.0,0.0,0.0,0.0,0.0,0.0,0.0,0.0,0.0,0.0,0.0,0.0,0.0,0.0,0.0,0.0,0.0,0.0,0.0,0.0,0.0,-108.27783203125,0.0,108.28125,0.0,0.0,0.0,0.0,0.0,-71.30908203125,0.0,71.3125,0.0,0.0,0.0,0.0,0.0,0.0,0.0,0.0,0.0,0.0,0.0,0.0,0.0,6905.2080078125,0.0,110371.1875,8792.986328125,-2358.1664123535156,0.0,2358.171875,0.0,-25.456883262970315,0.0,2.1832292079925537,0.0,WA
8875886,WA,5306,0.08090747892856598,1,0.0,0.0,93670.203125,1,0,2439.15576171875,0.0,113343.9375,19213.48828125,0.0,0.0,0.0,19213.48828125,0.0,0.0,0.0,0.0,0.0,0.0,0.0,0.0,795.0,0.0,-795.0,0.0,0.0,0.0,0.0,0.0,0.0,0.0,0.0,0.0,0.0,0.0,0.0,0.0,0.0,0.0,0.0,0.0,0.0,0.0,0.0,0.0,0.0,0.0,0.0,0.0,0.0,0.0,0.0,0.0,0.0,0.0,0.0,0.0,0.0,0.0,0.0,0.0,0.0,0.0,0.0,0.0,0.0,0.0,0.0,0.0,0.0,0.0,0.0,0.0,0.0,0.0,0.0,0.0,-731.96826171875,0.0,731.96875,0.0,-218.875732421875,0.0,218.875,0.0,0.0,0.0,0.0,0.0,0.0,0.0,0.0,0.0,0.0,0.0,0.0,0.0,2283.311767578125,0.0,113499.78125,19213.48828125,-155.843994140625,0.0,155.84375,0.0,-6.38925961951727,0.0,0.13749632239341736,0.0,WA
8875887,WA,5306,0.12823675572872162,4,1.0,693858.92578125,1168892.015625,4,0,311311.44140625,2636.18896484375,855950.75,15956.7431640625,0.0,0.0,0.0,15956.7431640625,-27286.2666015625,0.0,27286.25,0.0,-5734.46875,0.0,5734.5,0.0,1166.0,0.0,-1166.0,0.0,0.0,0.0,0.0,0.0,0.0,0.0,0.0,0.0,0.0,0.0,0.0,0.0,-1424.99609375,0.0,1425.0,0.0,-1791.53125,0.0,1791.5,0.0,0.0,0.0,0.0,0.0,0.0,0.0,0.0,0.0,-700.0,0.0,700.0,0.0,0.0,0.0,0.0,0.0,0.0,0.0,0.0,0.0,0.0,0.0,0.0,0.0,0.0,0.0,0.0,0.0,0.0,0.0,0.0,0.0,-1085.044921875,0.0,1085.0625,0.0,-60.8330078125,0.0,60.8125,0.0,0.0,0.0,0.0,0.0,0.0,0.0,0.0,0.0,0.0,0.0,0.0,0.0,274394.30078125,2636.18896484375,892867.875,15956.7431640625,-36917.140625,0.0,36917.125,0.0,-11.85858780462376,0.0,4.3129963874816895,0.0,WA
8875888,WA,5306,697.569580078125,3,0.0,11827.2783203125,11827.2783203125,3,0,0.0,0.0,38785.0859375,10164.0576171875,17585.97265625,0.0,0.0,27750.0302734375,0.0,0.0,0.0,0.0,0.0,0.0,0.0,0.0,0.0,0.0,0.0,0.0,0.0,0.0,0.0,0.0,0.0,0.0,0.0,0.0,0.0,0.0,0.0,0.0,0.0,0.0,0.0,0.0,0.0,0.0,0.0,0.0,0.0,0.0,0.0,0.0,0.0,0.0,0.0,0.0,0.0,0.0,0.0,0.0,0.0,0.0,0.0,0.0,0.0,0.0,0.0,0.0,0.0,0.0,0.0,0.0,0.0,0.0,0.0,0.0,0.0,0.0,0.0,0.0,0.0,0.0,0.0,0.0,0.0,0.0,0.0,0.0,0.0,0.0,0.0,0.0,0.0,0.0,0.0,0.0,0.0,0.0,0.0,0.0,0.0,0.0,38785.0859375,27750.0302734375,0.0,0.0,0.0,0.0,0.0,0.0,0.0,0.0,WA
8875889,WA,5306,0.109931580722332,3,1.0,96716.1171875,84289.09375,3,0,5553.3642578125,0.0,77152.015625,194.55667114257812,0.0,0.0,5620.5126953125,5815.069366455078,-834.6728515625,0.0,834.671875,0.0,-1872.000244140625,0.0,1872.0,0.0,1908.000244140625,0.0,-1908.0,0.0,0.0,0.0,0.0,0.0,-1200.0,0.0,1200.0,0.0,0.0,0.0,0.0,0.0,-10.4169921875,0.0,10.421875,0.0,0.0,0.0,0.0,0.0,0.0,0.0,0.0,0.0,0.0,0.0,0.0,0.0,0.0,0.0,0.0,0.0,0.0,0.0,0.0,0.0,0.0,0.0,0.0,0.0,0.0,0.0,0.0,0.0,0.0,0.0,0.0,0.0,0.0,0.0,0.0,0.0,0.0,0.0,0.0,0.0,-134.89306640625,0.0,134.890625,0.0,0.0,0.0,0.0,0.0,0.0,0.0,0.0,0.0,0.0,0.0,0.0,0.0,3409.38134765625,0.0,79296.0,5815.069366455078,-2143.98291015625,0.0,2143.984375,0.0,-38.606920249109976,0.0,2.778909206390381,0.0,WA
8875890,WA,5306,299.5127868652344,1,0.0,4687.6982421875,4687.6982421875,1,0,0.0,0.0,41045.29296875,10308.5791015625,26407.625,0.0,0.0,36716.2041015625,0.0,0.0,0.0,0.0,0.0,0.0,0.0,0.0,0.0,0.0,0.0,0.0,0.0,0.0,0.0,0.0,0.0,0.0,0.0,0.0,0.0,0.0,0.0,0.0,0.0,0.0,0.0,0.0,0.0,0.0,0.0,0.0,0.0,0.0,0.0,0.0,0.0,0.0,0.0,0.0,0.0,0.0,0.0,0.0,0.0,0.0,0.0,0.0,0.0,0.0,0.0,0.0,0.0,0.0,0.0,0.0,0.0,0.0,0.0,0.0,0.0,0.0,0.0,0.0,0.0,0.0,0.0,0.0,0.0,0.0,0.0,0.0,0.0,0.0,-3596.0390625,-3596.03955078125,0.0,0.0,0.0,0.0,0.0,0.0,0.0,0.0,0.0,0.0,37449.25390625,33120.16455078125,0.0,0.0,-3596.0390625,-3596.03955078125,0.0,0.0,-8.761148452758789,-9.794148493221325,WA
8875891,WA,5306,184.6180419921875,2,0.0,0.0,253360.65625,2,0,45376.98828125,0.0,229137.640625,16937.69140625,0.0,0.0,0.0,16937.69140625,-2289.328125,0.0,2289.328125,0.0,0.0,0.0,0.0,0.0,0.0,0.0,0.0,0.0,0.0,0.0,0.0,0.0,0.0,0.0,0.0,0.0,0.0,0.0,0.0,0.0,0.0,0.0,0.0,0.0,-5584.09765625,0.0,5584.09375,0.0,0.0,0.0,0.0,0.0,0.0,0.0,0.0,0.0,0.0,0.0,0.0,0.0,0.0,0.0,0.0,0.0,0.0,0.0,0.0,0.0,0.0,0.0,0.0,0.0,0.0,0.0,0.0,0.0,0.0,0.0,0.0,0.0,-1391.60546875,0.0,1391.609375,0.0,0.0,0.0,0.0,0.0,0.0,0.0,0.0,0.0,0.0,0.0,0.0,0.0,0.0,0.0,0.0,0.0,36111.95703125,0.0,238402.671875,16937.69140625,-9265.03125,0.0,9265.03125,0.0,-20.41790696327098,0.0,4.043435096740723,0.0,WA
8875892,WA,5306,90.7896728515625,4,2.0,1443.943603515625,1443.943603515625,4,0,0.0,0.0,29031.0625,2261.924560546875,24872.82958984375,0.0,0.0,27134.754150390625,0.0,0.0,0.0,0.0,0.0,0.0,0.0,0.0,0.0,0.0,0.0,0.0,0.0,0.0,0.0,0.0,0.0,0.0,0.0,0.0,0.0,0.0,0.0,0.0,0.0,0.0,0.0,0.0,0.0,0.0,0.0,0.0,0.0,0.0,0.0,0.0,0.0,0.0,0.0,0.0,0.0,0.0,0.0,0.0,0.0,0.0,0.0,0.0,0.0,0.0,0.0,0.0,0.0,0.0,0.0,0.0,0.0,0.0,0.0,0.0,0.0,0.0,0.0,0.0,0.0,0.0,0.0,0.0,0.0,0.0,0.0,0.0,0.0,0.0,0.0,0.0,0.0,0.0,0.0,0.0,0.0,0.0,0.0,0.0,0.0,0.0,29031.0625,27134.754150390625,0.0,0.0,0.0,0.0,0.0,0.0,0.0,0.0,WA
8875893,WA,5306,83.44786834716797,4,2.0,23353.015625,23413.12890625,4,0,0.0,0.0,44558.25,1130.9622802734375,21229.401123046875,0.0,0.0,22360.363403320312,0.0,0.0,0.0,0.0,0.0,0.0,0.0,0.0,0.0,0.0,0.0,0.0,0.0,0.0,0.0,0.0,0.0,0.0,0.0,0.0,0.0,0.0,0.0,0.0,0.0,0.0,0.0,0.0,0.0,0.0,0.0,0.0,0.0,0.0,0.0,0.0,0.0,0.0,0.0,0.0,0.0,0.0,0.0,0.0,0.0,0.0,0.0,0.0,0.0,0.0,0.0,0.0,0.0,0.0,0.0,0.0,0.0,0.0,0.0,0.0,0.0,0.0,0.0,0.0,0.0,0.0,0.0,0.0,0.0,0.0,0.0,0.0,0.0,0.0,0.0,0.0,0.0,0.0,0.0,0.0,0.0,0.0,0.0,0.0,0.0,0.0,44558.25,22360.363403320312,0.0,0.0,0.0,0.0,0.0,0.0,0.0,0.0,WA
8875894,WA,5306,0.13190791010856628,2,0.0,387534.9375,492146.5625,2,0,126923.71875,0.0,396407.25,0.0,0.0,0.0,0.0,0.0,0.0,0.0,0.0,0.0,0.0,0.0,0.0,0.0,0.0,0.0,0.0,0.0,0.0,0.0,0.0,0.0,0.0,0.0,0.0,0.0,0.0,0.0,0.0,0.0,-1400.0,0.0,1400.0,0.0,-32470.171875,0.0,32470.1875,0.0,0.0,0.0,0.0,0.0,0.0,0.0,0.0,0.0,-680.2421875,0.0,680.25,0.0,0.0,0.0,0.0,0.0,0.0,0.0,0.0,0.0,0.0,0.0,0.0,0.0,0.0,0.0,0.0,0.0,0.0,0.0,0.0,0.0,0.0,0.0,0.0,0.0,0.0,0.0,0.0,0.0,0.0,0.0,0.0,0.0,0.0,0.0,0.0,0.0,0.0,0.0,0.0,0.0,92373.3046875,0.0,430957.6875,0.0,-34550.4140625,0.0,34550.4375,0.0,-27.221400698598742,0.0,8.71589469909668,0.0,WA
8875895,WA,5306,386.02044677734375,1,0.0,0.0,1401.56689453125,1,0,0.0,0.0,60045.1875,32527.0625,0.0,0.0,0.0,32527.0625,0.0,0.0,0.0,0.0,0.0,0.0,0.0,0.0,0.0,0.0,0.0,0.0,0.0,0.0,0.0,0.0,0.0,0.0,0.0,0.0,0.0,0.0,0.0,0.0,0.0,0.0,0.0,0.0,0.0,0.0,0.0,0.0,0.0,0.0,0.0,0.0,0.0,0.0,0.0,0.0,0.0,0.0,0.0,0.0,0.0,0.0,0.0,0.0,0.0,0.0,0.0,0.0,0.0,0.0,0.0,0.0,0.0,0.0,0.0,0.0,0.0,0.0,0.0,0.0,0.0,0.0,0.0,0.0,0.0,0.0,0.0,0.0,0.0,0.0,0.0,0.0,0.0,0.0,0.0,0.0,0.0,0.0,0.0,0.0,0.0,0.0,60045.1875,32527.0625,0.0,0.0,0.0,0.0,0.0,0.0,0.0,0.0,WA
8875896,WA,5306,0.11305201798677444,2,0.0,203363.390625,388475.625,2,0,78337.388671875,0.0,298829.78125,0.0,0.0,0.0,0.0,0.0,-6754.583984375,0.0,6754.59375,0.0,0.0,0.0,0.0,0.0,1272.0,0.0,-1272.0,0.0,0.0,0.0,0.0,0.0,0.0,0.0,0.0,0.0,0.0,0.0,0.0,0.0,-1200.0,0.0,1200.0,0.0,-3411.546875,0.0,3411.53125,0.0,0.0,0.0,0.0,0.0,0.0,0.0,0.0,0.0,-320.0,0.0,320.0,0.0,0.0,0.0,0.0,0.0,0.0,0.0,0.0,0.0,0.0,0.0,0.0,0.0,0.0,0.0,0.0,0.0,0.0,0.0,0.0,0.0,0.0,0.0,0.0,0.0,0.0,0.0,0.0,0.0,0.0,0.0,0.0,0.0,0.0,0.0,0.0,0.0,0.0,0.0,0.0,0.0,67923.2578125,0.0,309243.90625,0.0,-10414.130859375,0.0,10414.125,0.0,-13.293946908283813,0.0,3.484968900680542,0.0,WA
8875897,WA,5306,0.1365252286195755,5,2.0,238832.28198242188,278857.84375,5,0,39925.541015625,0.0,225029.328125,0.0,0.0,0.0,0.0,0.0,-6036.0029296875,0.0,6036.015625,0.0,-3350.958984375,0.0,3350.953125,0.0,4319.904296875,0.0,-4319.90625,0.0,0.0,0.0,0.0,0.0,-2700.0,0.0,2700.0,0.0,0.0,0.0,0.0,0.0,0.0,0.0,0.0,0.0,0.0,0.0,0.0,0.0,0.0,0.0,0.0,0.0,0.0,0.0,0.0,0.0,-86.833984375,0.0,86.828125,0.0,0.0,0.0,0.0,0.0,0.0,0.0,0.0,0.0,0.0,0.0,0.0,0.0,0.0,0.0,0.0,0.0,-426.55859375,0.0,426.5625,0.0,0.0,0.0,0.0,0.0,0.0,0.0,0.0,0.0,0.0,0.0,0.0,0.0,0.0,0.0,0.0,0.0,0.0,0.0,0.0,0.0,31645.0908203125,0.0,233309.78125,0.0,-8280.4501953125,0.0,8280.453125,0.0,-20.739731972753773,0.0,3.6797218322753906,0.0,WA
8875898,WA,5306,181.21078491210938,1,0.0,0.0,1040.3382568359375,1,0,0.0,0.0,44936.875,22289.53515625,0.0,0.0,0.0,22289.53515625,0.0,0.0,0.0,0.0,0.0,0.0,0.0,0.0,0.0,0.0,0.0,0.0,0.0,0.0,0.0,0.0,0.0,0.0,0.0,0.0,0.0,0.0,0.0,0.0,0.0,0.0,0.0,0.0,0.0,0.0,0.0,0.0,0.0,0.0,0.0,0.0,0.0,0.0,0.0,0.0,0.0,0.0,0.0,0.0,0.0,0.0,0.0,0.0,0.0,0.0,0.0,0.0,0.0,0.0,0.0,0.0,0.0,0.0,0.0,0.0,0.0,0.0,0.0,0.0,0.0,0.0,0.0,0.0,0.0,0.0,0.0,0.0,0.0,0.0,0.0,0.0,0.0,0.0,0.0,0.0,0.0,0.0,0.0,0.0,0.0,0.0,44936.875,22289.53515625,0.0,0.0,0.0,0.0,0.0,0.0,0.0,0.0,WA
8875899,WA,5306,0.1594720333814621,1,0.0,131117.6875,223777.515625,1,0,34271.98828125,0.0,219544.75,34843.25,0.0,0.0,0.0,34843.25,-3163.548828125,0.0,3163.5625,0.0,0.0,0.0,0.0,0.0,1272.0,0.0,-1272.0,0.0,0.0,0.0,0.0,0.0,0.0,0.0,0.0,0.0,0.0,0.0,0.0,0.0,-1200.0,0.0,1200.0,0.0,0.0,0.0,0.0,0.0,0.0,0.0,0.0,0.0,0.0,0.0,0.0,0.0,0.0,0.0,0.0,0.0,0.0,0.0,0.0,0.0,0.0,0.0,0.0,0.0,0.0,0.0,0.0,0.0,0.0,0.0,0.0,0.0,0.0,0.0,0.0,0.0,0.0,0.0,0.0,0.0,0.0,0.0,0.0,0.0,0.0,0.0,0.0,0.0,0.0,0.0,0.0,0.0,0.0,0.0,0.0,0.0,31180.439453125,0.0,222636.3125,34843.25,-3091.548828125,0.0,3091.5625,0.0,-9.020628750087335,0.0,1.4081696271896362,0.0,WA
8875900,WA,5306,15.57650089263916,1,0.0,132634.296875,1751209.875,1,0,690274.6875,0.0,1218985.125,0.0,0.0,0.0,0.0,0.0,-31748.375,0.0,31748.375,0.0,-2862.4375,0.0,2862.5,0.0,0.0,0.0,0.0,0.0,0.0,0.0,0.0,0.0,0.0,0.0,0.0,0.0,0.0,0.0,0.0,0.0,-1850.0,0.0,1850.0,0.0,0.0,0.0,0.0,0.0,0.0,0.0,0.0,0.0,0.0,0.0,0.0,0.0,-370.0,0.0,370.0,0.0,-9145.6875,0.0,9145.625,0.0,0.0,0.0,0.0,0.0,0.0,0.0,0.0,0.0,0.0,0.0,0.0,0.0,0.0,0.0,0.0,0.0,0.0,0.0,0.0,0.0,0.0,0.0,0.0,0.0,0.0,0.0,0.0,0.0,0.0,0.0,0.0,0.0,0.0,0.0,0.0,0.0,644298.1875,0.0,1264961.625,0.0,-45976.5,0.0,45976.5,0.0,-6.660609295484271,0.0,3.771703004837036,0.0,WA
8875901,WA,5306,0.09682251513004303,3,1.0,170279.466796875,180448.125,3,0,23974.75390625,0.0,157644.9375,11954.478515625,0.0,0.0,0.0,11954.478515625,-3706.970703125,0.0,3706.96875,0.0,-1727.1953125,0.0,1727.1875,0.0,3498.0,0.0,-3498.0,0.0,0.0,0.0,0.0,0.0,-2200.0,0.0,2200.0,0.0,0.0,0.0,0.0,0.0,-222.2421875,0.0,222.25,0.0,0.0,0.0,0.0,0.0,0.0,0.0,0.0,0.0,0.0,0.0,0.0,0.0,-440.0,0.0,440.0,0.0,0.0,0.0,0.0,0.0,0.0,0.0,0.0,0.0,0.0,0.0,0.0,0.0,0.0,0.0,0.0,0.0,0.0,0.0,0.0,0.0,0.0,0.0,0.0,0.0,-689.666015625,0.0,689.65625,0.0,0.0,0.0,0.0,0.0,0.0,0.0,0.0,0.0,0.0,0.0,0.0,0.0,18486.6796875,0.0,163133.0,11954.478515625,-5488.07421875,0.0,5488.0625,0.0,-22.891055483657368,0.0,3.4812803268432617,0.0,WA
8875902,WA,5306,0.12051372230052948,1,0.0,203962.40625,230961.234375,1,0,47669.9296875,0.0,207041.046875,31285.681640625,0.0,0.0,0.0,31285.681640625,-4379.04296875,0.0,4379.046875,0.0,0.0,0.0,0.0,0.0,0.0,0.0,0.0,0.0,0.0,0.0,0.0,0.0,0.0,0.0,0.0,0.0,0.0,0.0,0.0,0.0,0.0,0.0,0.0,0.0,-238.88671875,0.0,238.875,0.0,0.0,0.0,0.0,0.0,0.0,0.0,0.0,0.0,0.0,0.0,0.0,0.0,0.0,0.0,0.0,0.0,0.0,0.0,0.0,0.0,0.0,0.0,0.0,0.0,0.0,0.0,0.0,0.0,0.0,0.0,0.0,0.0,0.0,0.0,0.0,0.0,0.0,0.0,0.0,0.0,0.0,0.0,0.0,0.0,0.0,0.0,0.0,0.0,0.0,0.0,0.0,0.0,43052.0,0.0,211658.96875,31285.681640625,-4617.9296875,0.0,4617.921875,0.0,-9.687301235333923,0.0,2.230437755584717,0.0,WA
8875903,WA,5306,135.0851593017578,1,0.0,0.0,0.0,1,0,0.0,0.0,34990.078125,17803.880859375,0.0,0.0,0.0,17803.880859375,0.0,0.0,0.0,0.0,0.0,0.0,0.0,0.0,0.0,0.0,0.0,0.0,0.0,0.0,0.0,0.0,0.0,0.0,0.0,0.0,0.0,0.0,0.0,0.0,0.0,0.0,0.0,0.0,0.0,0.0,0.0,0.0,0.0,0.0,0.0,0.0,0.0,0.0,0.0,0.0,0.0,0.0,0.0,0.0,0.0,0.0,0.0,0.0,0.0,0.0,0.0,0.0,0.0,0.0,0.0,0.0,0.0,0.0,0.0,0.0,0.0,0.0,0.0,0.0,0.0,0.0,0.0,0.0,0.0,0.0,0.0,0.0,0.0,0.0,0.0,0.0,0.0,0.0,0.0,0.0,0.0,0.0,0.0,0.0,0.0,0.0,34990.078125,17803.880859375,0.0,0.0,0.0,0.0,0.0,0.0,0.0,0.0,WA
8875904,WA,5306,0.14704281091690063,3,0.0,439932.59375,462275.359375,3,0,86513.857421875,0.0,374746.28125,25504.630859375,0.0,0.0,0.0,25504.630859375,-10350.515625,0.0,10350.53125,0.0,-2759.71875,0.0,2759.71875,0.0,2556.4375,0.0,-2556.4375,0.0,0.0,0.0,0.0,0.0,0.0,0.0,0.0,0.0,0.0,0.0,0.0,0.0,0.0,0.0,0.0,0.0,0.0,0.0,0.0,0.0,0.0,0.0,0.0,0.0,0.0,0.0,0.0,0.0,-240.0,0.0,240.0,0.0,0.0,0.0,0.0,0.0,0.0,0.0,0.0,0.0,0.0,0.0,0.0,0.0,0.0,0.0,0.0,0.0,0.0,0.0,0.0,0.0,0.0,0.0,0.0,0.0,-21.75390625,0.0,21.75,0.0,0.0,0.0,0.0,0.0,0.0,0.0,0.0,0.0,0.0,0.0,0.0,0.0,75698.306640625,0.0,385561.84375,25504.630859375,-10815.55078125,0.0,10815.5625,0.0,-12.501524152956438,0.0,2.8861026763916016,0.0,WA
8875905,WA,5306,0.34600168466567993,4,2.0,4602.77587890625,4602.77587890625,4,0,-3185.2509765625,-1015.3218383789062,63950.59375,37412.7421875,16079.84326171875,0.0,0.0,53492.58544921875,0.0,0.0,0.0,0.0,0.0,0.0,0.0,0.0,0.0,0.0,0.0,0.0,0.0,0.0,0.0,0.0,-75.0,0.0,75.0,0.0,0.0,0.0,0.0,0.0,0.0,0.0,0.0,0.0,0.0,0.0,0.0,0.0,0.0,0.0,0.0,0.0,0.0,0.0,0.0,0.0,0.0,0.0,0.0,0.0,0.0,0.0,0.0,0.0,0.0,0.0,0.0,0.0,0.0,0.0,0.0,0.0,0.0,0.0,0.0,0.0,0.0,0.0,0.0,0.0,0.0,0.0,0.0,0.0,0.0,0.0,0.0,0.0,0.0,0.0,0.0,0.0,0.0,0.0,0.0,0.0,0.0,0.0,0.0,0.0,-3260.2509765625,-1015.3218383789062,64025.59375,53492.58544921875,-75.0,0.0,75.0,0.0,-2.354602527457333,0.0,0.11727803945541382,0.0,WA
8875906,WA,5306,0.09552397578954697,3,2.0,60940.08203125,73596.34375,3,0,3964.45166015625,0.0,82330.71875,11482.0859375,0.0,1219.322265625,5620.5126953125,18321.9208984375,-852.890625,0.0,852.890625,0.0,-1442.999755859375,0.0,1443.0,0.0,1907.999755859375,0.0,-1908.0,0.0,0.0,0.0,0.0,0.0,-2400.0,0.0,2400.0,0.0,0.0,0.0,0.0,0.0,-600.0,0.0,600.0,0.0,0.0,0.0,0.0,0.0,0.0,0.0,0.0,0.0,0.0,0.0,0.0,0.0,0.0,0.0,0.0,0.0,0.0,0.0,0.0,0.0,0.0,0.0,0.0,0.0,0.0,0.0,0.0,0.0,0.0,0.0,0.0,0.0,0.0,0.0,0.0,0.0,0.0,0.0,0.0,0.0,-55.64306640625,0.0,55.640625,0.0,0.0,0.0,0.0,0.0,0.0,0.0,0.0,0.0,0.0,0.0,0.0,0.0,520.91796875,0.0,85774.25,18321.9208984375,-3443.53369140625,0.0,3443.53125,0.0,-86.86027694610686,0.0,4.182559490203857,0.0,WA
8875907,WA,5306,308.0440673828125,2,0.0,15952.1865234375,31324.7890625,2,0,82.4789047241211,0.0,175400.046875,78148.8046875,0.0,0.0,0.0,78148.8046875,0.0,0.0,0.0,0.0,-82.4789047241211,0.0,82.484375,0.0,0.0,0.0,0.0,0.0,0.0,0.0,0.0,0.0,0.0,0.0,0.0,0.0,0.0,0.0,0.0,0.0,0.0,0.0,0.0,0.0,0.0,0.0,0.0,0.0,0.0,0.0,0.0,0.0,0.0,0.0,0.0,0.0,0.0,0.0,0.0,0.0,0.0,0.0,0.0,0.0,0.0,0.0,0.0,0.0,0.0,0.0,0.0,0.0,0.0,0.0,0.0,0.0,0.0,0.0,0.0,0.0,0.0,0.0,0.0,0.0,0.0,0.0,0.0,0.0,0.0,0.0,0.0,0.0,0.0,0.0,0.0,0.0,0.0,0.0,0.0,0.0,0.0,0.0,175482.53125,78148.8046875,-82.4789047241211,0.0,82.484375,0.0,-100.0,0.0,0.04702642560005188,0.0,WA
8875908,WA,5306,0.10810496658086777,2,0.0,0.0,107475.0703125,2,0,1261.1304931640625,0.0,145453.28125,32328.7578125,0.0,0.0,0.0,32328.7578125,0.0,0.0,0.0,0.0,-1261.1304931640625,0.0,1261.125,0.0,761.1304931640625,0.0,-761.125,0.0,0.0,0.0,0.0,0.0,0.0,0.0,0.0,0.0,0.0,0.0,0.0,0.0,-1.823486328125,0.0,1.8125,0.0,0.0,0.0,0.0,0.0,0.0,0.0,0.0,0.0,0.0,0.0,0.0,0.0,0.0,0.0,0.0,0.0,0.0,0.0,0.0,0.0,0.0,0.0,0.0,0.0,0.0,0.0,0.0,0.0,0.0,0.0,0.0,0.0,0.0,0.0,0.0,0.0,-759.3070068359375,0.0,759.3125,0.0,0.0,0.0,0.0,0.0,0.0,0.0,0.0,0.0,0.0,0.0,0.0,0.0,0.0,0.0,0.0,0.0,0.0,0.0,146714.40625,32328.7578125,-1261.1304931640625,0.0,1261.125,0.0,-100.0,0.0,0.8670309782028198,0.0,WA
8875909,WA,5306,24.276521682739258,1,0.0,5363.2783203125,5363.2783203125,1,0,0.0,0.0,14602.0234375,856.0493774414062,8792.986328125,0.0,0.0,9649.035705566406,0.0,0.0,0.0,0.0,0.0,0.0,0.0,0.0,0.0,0.0,0.0,0.0,0.0,0.0,0.0,0.0,0.0,0.0,0.0,0.0,0.0,0.0,0.0,0.0,0.0,0.0,0.0,0.0,0.0,0.0,0.0,0.0,0.0,0.0,0.0,0.0,0.0,0.0,0.0,0.0,0.0,0.0,0.0,0.0,0.0,0.0,0.0,0.0,0.0,0.0,0.0,0.0,0.0,0.0,0.0,0.0,0.0,0.0,0.0,0.0,0.0,0.0,0.0,0.0,0.0,0.0,0.0,0.0,0.0,0.0,0.0,0.0,0.0,0.0,0.0,0.0,0.0,0.0,0.0,0.0,0.0,0.0,0.0,0.0,0.0,0.0,14602.0234375,9649.035705566406,0.0,0.0,0.0,0.0,0.0,0.0,0.0,0.0,WA
8875910,WA,5306,153.41490173339844,1,0.0,0.0,0.0,1,0,0.0,0.0,32775.3671875,6367.7421875,26407.625,0.0,0.0,32775.3671875,0.0,0.0,0.0,0.0,0.0,0.0,0.0,0.0,0.0,0.0,0.0,0.0,0.0,0.0,0.0,0.0,0.0,0.0,0.0,0.0,0.0,0.0,0.0,0.0,0.0,0.0,0.0,0.0,0.0,0.0,0.0,0.0,0.0,0.0,0.0,0.0,0.0,0.0,0.0,0.0,0.0,0.0,0.0,0.0,0.0,0.0,0.0,0.0,0.0,0.0,0.0,0.0,0.0,0.0,0.0,0.0,0.0,0.0,0.0,0.0,0.0,0.0,0.0,0.0,0.0,0.0,0.0,0.0,0.0,0.0,0.0,0.0,0.0,0.0,0.0,0.0,0.0,0.0,0.0,0.0,0.0,0.0,0.0,0.0,0.0,0.0,32775.3671875,32775.3671875,0.0,0.0,0.0,0.0,0.0,0.0,0.0,0.0,WA
8875911,WA,5306,0.10211524367332458,3,1.0,220283.8671875,441178.6875,3,0,117214.9296875,0.0,346047.75,28434.39453125,0.0,0.0,0.0,28434.39453125,0.0,0.0,0.0,0.0,0.0,0.0,0.0,0.0,0.0,0.0,0.0,0.0,0.0,0.0,0.0,0.0,-100.0,0.0,100.0,0.0,0.0,0.0,0.0,0.0,0.0,0.0,0.0,0.0,-34865.8359375,0.0,34865.8125,0.0,0.0,0.0,0.0,0.0,0.0,0.0,0.0,0.0,0.0,0.0,0.0,0.0,0.0,0.0,0.0,0.0,0.0,0.0,0.0,0.0,0.0,0.0,0.0,0.0,0.0,0.0,0.0,0.0,0.0,0.0,0.0,0.0,0.0,0.0,0.0,0.0,0.0,0.0,0.0,0.0,0.0,0.0,0.0,0.0,0.0,0.0,0.0,0.0,0.0,0.0,0.0,0.0,82249.09375,0.0,381013.5625,28434.39453125,-34965.8359375,0.0,34965.8125,0.0,-29.83053100037718,0.0,10.104331016540527,0.0,WA
8875912,WA,5306,0.11643387377262115,3,0.0,173208.337890625,187672.701171875,3,0,23248.60369873047,0.0,159966.640625,0.0,8792.986328125,0.0,0.0,8792.986328125,-3307.43359375,0.0,3307.4375,0.0,-4211.999987602234,0.0,4212.0,0.0,2861.999987602234,0.0,-2862.0,0.0,0.0,0.0,0.0,0.0,0.0,0.0,0.0,0.0,0.0,0.0,0.0,0.0,-27.84765625,0.0,27.84375,0.0,0.0,0.0,0.0,0.0,0.0,0.0,0.0,0.0,0.0,0.0,0.0,0.0,-440.0,0.0,440.0,0.0,0.0,0.0,0.0,0.0,0.0,0.0,0.0,0.0,0.0,0.0,0.0,0.0,0.0,0.0,0.0,0.0,0.0,0.0,0.0,0.0,0.0,0.0,0.0,0.0,0.0,0.0,0.0,0.0,0.0,0.0,0.0,0.0,0.0,0.0,0.0,0.0,0.0,0.0,0.0,0.0,18123.32244873047,0.0,165091.921875,8792.986328125,-5125.28125,0.0,5125.28125,0.0,-22.045544396629182,0.0,3.2039687633514404,0.0,WA
8875913,WA,5306,117.20072174072266,1,0.0,0.0,4883.810546875,1,0,0.0,0.0,50713.609375,23058.7421875,0.0,0.0,0.0,23058.7421875,0.0,0.0,0.0,0.0,0.0,0.0,0.0,0.0,0.0,0.0,0.0,0.0,0.0,0.0,0.0,0.0,0.0,0.0,0.0,0.0,0.0,0.0,0.0,0.0,0.0,0.0,0.0,0.0,0.0,0.0,0.0,0.0,0.0,0.0,0.0,0.0,0.0,0.0,0.0,0.0,0.0,0.0,0.0,0.0,0.0,0.0,0.0,0.0,0.0,0.0,0.0,0.0,0.0,0.0,0.0,0.0,0.0,0.0,0.0,0.0,0.0,0.0,0.0,0.0,0.0,0.0,0.0,0.0,0.0,0.0,0.0,0.0,0.0,0.0,0.0,0.0,0.0,0.0,0.0,0.0,0.0,0.0,0.0,0.0,0.0,0.0,50713.609375,23058.7421875,0.0,0.0,0.0,0.0,0.0,0.0,0.0,0.0,WA
8875914,WA,5306,204.90582275390625,1,0.0,0.0,12281.771484375,1,0,0.0,0.0,41343.91015625,14674.9111328125,0.0,0.0,0.0,14674.9111328125,0.0,0.0,0.0,0.0,0.0,0.0,0.0,0.0,0.0,0.0,0.0,0.0,0.0,0.0,0.0,0.0,0.0,0.0,0.0,0.0,0.0,0.0,0.0,0.0,0.0,0.0,0.0,0.0,0.0,0.0,0.0,0.0,0.0,0.0,0.0,0.0,0.0,0.0,0.0,0.0,0.0,0.0,0.0,0.0,0.0,0.0,0.0,0.0,0.0,0.0,0.0,0.0,0.0,0.0,0.0,0.0,0.0,0.0,0.0,0.0,0.0,0.0,0.0,0.0,0.0,0.0,0.0,0.0,0.0,0.0,0.0,0.0,0.0,0.0,0.0,0.0,0.0,0.0,0.0,0.0,0.0,0.0,0.0,0.0,0.0,0.0,41343.91015625,14674.9111328125,0.0,0.0,0.0,0.0,0.0,0.0,0.0,0.0,WA
8875915,WA,5306,0.0982556864619255,2,1.0,99420.7578125,99420.7578125,2,0,11695.189453125,0.0,80795.2734375,0.0,0.0,0.0,0.0,0.0,-1926.623046875,0.0,1926.6171875,0.0,-2275.16943359375,0.0,2275.171875,0.0,1961.66943359375,0.0,-1961.671875,0.0,0.0,0.0,0.0,0.0,-2200.0,0.0,2200.0,0.0,0.0,0.0,0.0,0.0,0.0,0.0,0.0,0.0,0.0,0.0,0.0,0.0,0.0,0.0,0.0,0.0,0.0,0.0,0.0,0.0,-29.83203125,0.0,29.8359375,0.0,0.0,0.0,0.0,0.0,0.0,0.0,0.0,0.0,0.0,0.0,0.0,0.0,0.0,0.0,0.0,0.0,0.0,0.0,0.0,0.0,0.0,0.0,0.0,0.0,0.0,0.0,0.0,0.0,0.0,0.0,0.0,0.0,0.0,0.0,0.0,0.0,0.0,0.0,0.0,0.0,7225.234375,0.0,85265.2265625,0.0,-4469.955078125,0.0,4469.953125,0.0,-38.22045889928368,0.0,5.532444000244141,0.0,WA
8875916,WA,5306,0.09480132162570953,2,0.0,54198.91796875,78843.47802734375,2,0,8258.109375,0.0,119267.015625,32841.02734375,0.0,0.0,0.0,32841.02734375,-1405.91650390625,0.0,1405.9140625,0.0,-1414.52685546875,0.0,1414.5234375,0.0,864.52685546875,0.0,-864.5234375,0.0,0.0,0.0,0.0,0.0,0.0,0.0,0.0,0.0,0.0,0.0,0.0,0.0,0.0,0.0,0.0,0.0,0.0,0.0,0.0,0.0,0.0,0.0,0.0,0.0,0.0,0.0,0.0,0.0,0.0,0.0,0.0,0.0,0.0,0.0,0.0,0.0,0.0,0.0,0.0,0.0,0.0,0.0,0.0,0.0,0.0,0.0,0.0,0.0,0.0,0.0,0.0,0.0,-948.52685546875,0.0,948.5234375,0.0,0.0,0.0,0.0,0.0,0.0,0.0,0.0,0.0,0.0,0.0,0.0,0.0,0.0,0.0,0.0,0.0,5353.666015625,0.0,122171.453125,32841.02734375,-2904.443359375,0.0,2904.4375,0.0,-35.17080275259735,0.0,2.435239553451538,0.0,WA
8875917,WA,5306,143.1154022216797,2,1.0,0.0,0.0,2,0,0.0,0.0,31512.015625,1460.9622802734375,30051.053466796875,0.0,0.0,31512.015747070312,0.0,0.0,0.0,0.0,0.0,0.0,0.0,0.0,0.0,0.0,0.0,0.0,0.0,0.0,0.0,0.0,0.0,0.0,0.0,0.0,0.0,0.0,0.0,0.0,0.0,0.0,0.0,0.0,0.0,0.0,0.0,0.0,0.0,0.0,0.0,0.0,0.0,0.0,0.0,0.0,0.0,0.0,0.0,0.0,0.0,0.0,0.0,0.0,0.0,0.0,0.0,0.0,0.0,0.0,0.0,0.0,0.0,0.0,0.0,0.0,0.0,0.0,0.0,0.0,0.0,0.0,0.0,0.0,0.0,0.0,0.0,0.0,0.0,0.0,0.0,0.0,0.0,0.0,0.0,0.0,0.0,0.0,0.0,0.0,0.0,0.0,31512.015625,31512.015747070312,0.0,0.0,0.0,0.0,0.0,0.0,0.0,0.0,WA
8875918,WA,5306,0.06493773311376572,2,0.0,394995.84375,469716.90625,2,0,121043.40625,0.0,353927.5625,0.0,0.0,0.0,0.0,0.0,0.0,0.0,0.0,0.0,0.0,0.0,0.0,0.0,0.0,0.0,0.0,0.0,0.0,0.0,0.0,0.0,0.0,0.0,0.0,0.0,0.0,0.0,0.0,0.0,-1400.0,0.0,1400.0,0.0,-32690.1953125,0.0,32690.1875,0.0,0.0,0.0,0.0,0.0,0.0,0.0,0.0,0.0,-480.0,0.0,480.0,0.0,0.0,0.0,0.0,0.0,0.0,0.0,0.0,0.0,0.0,0.0,0.0,0.0,0.0,0.0,0.0,0.0,0.0,0.0,0.0,0.0,0.0,0.0,0.0,0.0,0.0,0.0,0.0,0.0,0.0,0.0,0.0,0.0,0.0,0.0,0.0,0.0,0.0,0.0,0.0,0.0,86473.2109375,0.0,388497.75,0.0,-34570.1953125,0.0,34570.1875,0.0,-28.560163980431607,0.0,9.76758861541748,0.0,WA
8875919,WA,5306,0.09874685853719711,3,1.0,203808.765625,222327.640625,3,0,33610.348876953125,-312.7890930175781,204011.59375,21775.94140625,0.0,0.0,2810.25634765625,24586.19775390625,-4410.47705078125,0.0,4410.46875,0.0,-1376.22802734375,0.0,1376.234375,0.0,2477.22802734375,0.0,-2477.234375,0.0,0.0,0.0,0.0,0.0,-1200.0,0.0,1200.0,0.0,0.0,0.0,0.0,0.0,0.0,0.0,0.0,0.0,0.0,0.0,0.0,0.0,0.0,0.0,0.0,0.0,0.0,0.0,0.0,0.0,0.0,0.0,0.0,0.0,0.0,0.0,0.0,0.0,0.0,0.0,0.0,0.0,0.0,0.0,0.0,0.0,0.0,0.0,0.0,0.0,0.0,0.0,0.0,0.0,-26.044921875,0.0,26.046875,0.0,-145.268798828125,0.0,145.265625,0.0,0.0,0.0,0.0,0.0,0.0,0.0,0.0,0.0,0.0,0.0,0.0,0.0,28929.55810546875,-312.7890930175781,208692.375,24586.19775390625,-4680.790771484375,0.0,4680.78125,0.0,-13.926635479508603,0.0,2.294370174407959,0.0,WA
8875920,WA,5306,68.33887481689453,1,0.0,0.0,0.0,1,0,0.0,0.0,37422.890625,18876.4453125,0.0,0.0,0.0,18876.4453125,0.0,0.0,0.0,0.0,0.0,0.0,0.0,0.0,0.0,0.0,0.0,0.0,0.0,0.0,0.0,0.0,0.0,0.0,0.0,0.0,0.0,0.0,0.0,0.0,0.0,0.0,0.0,0.0,0.0,0.0,0.0,0.0,0.0,0.0,0.0,0.0,0.0,0.0,0.0,0.0,0.0,0.0,0.0,0.0,0.0,0.0,0.0,0.0,0.0,0.0,0.0,0.0,0.0,0.0,0.0,0.0,0.0,0.0,0.0,0.0,0.0,0.0,0.0,0.0,0.0,0.0,0.0,0.0,0.0,0.0,0.0,0.0,0.0,0.0,0.0,0.0,0.0,0.0,0.0,0.0,0.0,0.0,0.0,0.0,0.0,0.0,37422.890625,18876.4453125,0.0,0.0,0.0,0.0,0.0,0.0,0.0,0.0,WA
8875921,WA,5306,0.1414211392402649,5,3.0,203498.6953125,206408.921875,5,0,29370.625,0.0,168791.296875,0.0,0.0,0.0,0.0,0.0,-4354.474609375,0.0,4354.46875,0.0,0.0,0.0,0.0,0.0,2733.8125,0.0,-2733.8125,0.0,0.0,0.0,0.0,0.0,-4900.0,0.0,4900.0,0.0,0.0,0.0,0.0,0.0,-1100.0,0.0,1100.0,0.0,0.0,0.0,0.0,0.0,0.0,0.0,0.0,0.0,0.0,0.0,0.0,0.0,-218.775390625,0.0,218.78125,0.0,0.0,0.0,0.0,0.0,0.0,0.0,0.0,0.0,0.0,0.0,0.0,0.0,0.0,0.0,0.0,0.0,0.0,0.0,0.0,0.0,0.0,0.0,0.0,0.0,-376.83984375,0.0,376.828125,0.0,0.0,0.0,0.0,0.0,0.0,0.0,0.0,0.0,0.0,0.0,0.0,0.0,21154.34765625,0.0,177007.5625,0.0,-8216.27734375,0.0,8216.265625,0.0,-27.97447226182623,0.0,4.867706775665283,0.0,WA
8875922,WA,5306,139.62872314453125,1,0.0,0.0,0.0,1,0,0.0,0.0,59118.3671875,29703.025390625,0.0,0.0,0.0,29703.025390625,0.0,0.0,0.0,0.0,0.0,0.0,0.0,0.0,0.0,0.0,0.0,0.0,0.0,0.0,0.0,0.0,0.0,0.0,0.0,0.0,0.0,0.0,0.0,0.0,0.0,0.0,0.0,0.0,0.0,0.0,0.0,0.0,0.0,0.0,0.0,0.0,0.0,0.0,0.0,0.0,0.0,0.0,0.0,0.0,0.0,0.0,0.0,0.0,0.0,0.0,0.0,0.0,0.0,0.0,0.0,0.0,0.0,0.0,0.0,0.0,0.0,0.0,0.0,0.0,0.0,0.0,0.0,0.0,0.0,0.0,0.0,0.0,0.0,0.0,0.0,0.0,0.0,0.0,0.0,0.0,0.0,0.0,0.0,0.0,0.0,0.0,59118.3671875,29703.025390625,0.0,0.0,0.0,0.0,0.0,0.0,0.0,0.0,WA
8875923,WA,5306,0.10535537451505661,6,3.0,218724.078125,219040.4140625,5,1,19494.322265625,-1357.2696533203125,214076.71875,2884.16015625,19723.271728515625,0.0,0.0,22607.431884765625,-4166.05078125,0.0,4166.046875,0.0,-3723.072265625,0.0,3723.0625,0.0,3540.57275390625,0.0,-3540.5625,0.0,0.0,0.0,0.0,0.0,-3272.68212890625,0.0,3272.671875,0.0,0.0,0.0,0.0,0.0,-21.970703125,0.0,21.96875,0.0,0.0,0.0,0.0,0.0,0.0,0.0,0.0,0.0,0.0,0.0,0.0,0.0,-440.0,0.0,440.0,0.0,0.0,0.0,0.0,0.0,0.0,0.0,0.0,0.0,0.0,0.0,0.0,0.0,0.0,0.0,0.0,0.0,0.0,0.0,0.0,0.0,0.0,0.0,0.0,0.0,0.0,0.0,0.0,0.0,0.0,0.0,0.0,0.0,0.0,0.0,0.0,0.0,0.0,0.0,0.0,0.0,11411.119140625,-1357.2696533203125,222159.90625,22607.431884765625,-8083.203125,0.0,8083.1875,0.0,-41.464396734906686,0.0,3.775836944580078,0.0,WA
8875924,WA,5306,0.10828831791877747,5,3.0,152849.224609375,236645.140625,5,0,28751.00390625,0.0,216231.25,0.0,0.0,0.0,0.0,0.0,-4195.861328125,0.0,4195.859375,0.0,0.0,0.0,0.0,0.0,5830.0,0.0,-5830.0,0.0,0.0,0.0,0.0,0.0,-6600.0,0.0,6600.0,0.0,0.0,0.0,0.0,0.0,-2296.70703125,0.0,2296.703125,0.0,0.0,0.0,0.0,0.0,0.0,0.0,0.0,0.0,0.0,0.0,0.0,0.0,0.0,0.0,0.0,0.0,0.0,0.0,0.0,0.0,0.0,0.0,0.0,0.0,0.0,0.0,0.0,0.0,0.0,0.0,0.0,0.0,0.0,0.0,0.0,0.0,0.0,0.0,0.0,0.0,0.0,0.0,0.0,0.0,0.0,0.0,0.0,0.0,0.0,0.0,0.0,0.0,0.0,0.0,0.0,0.0,21488.435546875,0.0,223493.8125,0.0,-7262.568359375,0.0,7262.5625,0.0,-25.260225288328925,0.0,3.358701705932617,0.0,WA
8875925,WA,5306,377.4497985839844,1,0.0,0.0,0.0,1,0,0.0,0.0,30003.6640625,3596.039794921875,26407.625,0.0,0.0,30003.664794921875,0.0,0.0,0.0,0.0,0.0,0.0,0.0,0.0,0.0,0.0,0.0,0.0,0.0,0.0,0.0,0.0,0.0,0.0,0.0,0.0,0.0,0.0,0.0,0.0,0.0,0.0,0.0,0.0,0.0,0.0,0.0,0.0,0.0,0.0,0.0,0.0,0.0,0.0,0.0,0.0,0.0,0.0,0.0,0.0,0.0,0.0,0.0,0.0,0.0,0.0,0.0,0.0,0.0,0.0,0.0,0.0,0.0,0.0,0.0,0.0,0.0,0.0,0.0,0.0,0.0,0.0,0.0,0.0,0.0,0.0,0.0,0.0,0.0,0.0,0.0,0.0,0.0,0.0,0.0,0.0,0.0,0.0,0.0,0.0,0.0,0.0,30003.6640625,30003.664794921875,0.0,0.0,0.0,0.0,0.0,0.0,0.0,0.0,WA
8875926,WA,5306,0.12656985223293304,3,0.0,121901.3046875,121901.3046875,3,0,18601.989601135254,-341.9477844238281,114389.9375,0.0,17585.97265625,0.0,0.0,17585.97265625,-2654.580078125,0.0,2654.578125,0.0,-1716.0,0.0,1716.0,0.0,1166.0,0.0,-1166.0,0.0,0.0,0.0,0.0,0.0,0.0,0.0,0.0,0.0,0.0,0.0,0.0,0.0,0.0,0.0,0.0,0.0,0.0,0.0,0.0,0.0,0.0,0.0,0.0,0.0,0.0,0.0,0.0,0.0,0.0,0.0,0.0,0.0,0.0,0.0,0.0,0.0,0.0,0.0,0.0,0.0,0.0,0.0,0.0,0.0,0.0,0.0,0.0,0.0,0.0,0.0,0.0,0.0,0.0,0.0,0.0,0.0,0.0,0.0,0.0,0.0,0.0,0.0,0.0,0.0,0.0,0.0,0.0,0.0,0.0,0.0,0.0,0.0,15397.409523010254,-341.9477844238281,117594.515625,17585.97265625,-3204.580078125,0.0,3204.578125,0.0,-17.227082408052894,0.0,2.8014512062072754,0.0,WA
8875927,WA,5306,0.07695043832063675,2,0.0,147918.4375,656539.75,2,0,180683.90625,714.5119018554688,516569.71875,35000.203125,0.0,0.0,0.0,35000.203125,0.0,0.0,0.0,0.0,0.0,0.0,0.0,0.0,0.0,0.0,0.0,0.0,0.0,0.0,0.0,0.0,0.0,0.0,0.0,0.0,0.0,0.0,0.0,0.0,-1400.0,0.0,1400.0,0.0,-38948.0,0.0,38948.03125,0.0,0.0,0.0,0.0,0.0,0.0,0.0,0.0,0.0,0.0,0.0,0.0,0.0,-2089.0,0.0,2089.0,0.0,0.0,0.0,0.0,0.0,0.0,0.0,0.0,0.0,0.0,0.0,0.0,0.0,0.0,0.0,0.0,0.0,0.0,0.0,0.0,0.0,0.0,0.0,0.0,0.0,0.0,0.0,0.0,0.0,0.0,0.0,0.0,0.0,0.0,0.0,0.0,0.0,138246.90625,714.5119018554688,559006.75,35000.203125,-42437.0,0.0,42437.03125,0.0,-23.486873225600302,0.0,8.215160369873047,0.0,WA
8875928,WA,5306,267.9415588378906,1,0.0,0.0,0.0,1,0,0.0,0.0,18786.35546875,3596.039794921875,8792.986328125,0.0,0.0,12389.026123046875,0.0,0.0,0.0,0.0,0.0,0.0,0.0,0.0,0.0,0.0,0.0,0.0,0.0,0.0,0.0,0.0,0.0,0.0,0.0,0.0,0.0,0.0,0.0,0.0,0.0,0.0,0.0,0.0,0.0,0.0,0.0,0.0,0.0,0.0,0.0,0.0,0.0,0.0,0.0,0.0,0.0,0.0,0.0,0.0,0.0,0.0,0.0,0.0,0.0,0.0,0.0,0.0,0.0,0.0,0.0,0.0,0.0,0.0,0.0,0.0,0.0,0.0,0.0,0.0,0.0,0.0,0.0,0.0,0.0,0.0,0.0,0.0,0.0,0.0,-3596.0390625,-3596.039794921875,0.0,0.0,0.0,0.0,0.0,0.0,0.0,0.0,0.0,0.0,15190.31640625,8792.986328125,0.0,0.0,-3596.0390625,-3596.039794921875,0.0,0.0,-19.141759872436523,-29.026008656421244,WA
8875929,WA,5306,0.11623500287532806,2,0.0,77601.078125,534408.25,2,0,119406.765625,714.5119018554688,491577.6875,51584.75,0.0,0.0,0.0,51584.75,0.0,0.0,0.0,0.0,0.0,0.0,0.0,0.0,0.0,0.0,0.0,0.0,0.0,0.0,0.0,0.0,0.0,0.0,0.0,0.0,0.0,0.0,0.0,0.0,-400.3828125,0.0,400.375,0.0,-19493.2578125,0.0,19493.25,0.0,0.0,0.0,0.0,0.0,0.0,0.0,0.0,0.0,-240.0,0.0,240.0,0.0,0.0,0.0,0.0,0.0,0.0,0.0,0.0,0.0,0.0,0.0,0.0,0.0,0.0,0.0,0.0,0.0,0.0,0.0,0.0,0.0,0.0,0.0,0.0,0.0,0.0,0.0,0.0,0.0,0.0,0.0,0.0,0.0,0.0,0.0,0.0,0.0,0.0,0.0,0.0,0.0,99273.125,714.5119018554688,511711.3125,51584.75,-20133.640625,0.0,20133.625,0.0,-16.861390156258157,0.0,4.095715522766113,0.0,WA
8875930,WA,5306,235.51206970214844,1,0.0,4687.6982421875,4687.6982421875,1,0,0.0,0.0,41477.3671875,10740.65234375,26407.625,0.0,0.0,37148.27734375,0.0,0.0,0.0,0.0,0.0,0.0,0.0,0.0,0.0,0.0,0.0,0.0,0.0,0.0,0.0,0.0,0.0,0.0,0.0,0.0,0.0,0.0,0.0,0.0,0.0,0.0,0.0,0.0,0.0,0.0,0.0,0.0,0.0,0.0,0.0,0.0,0.0,0.0,0.0,0.0,0.0,0.0,0.0,0.0,0.0,0.0,0.0,0.0,0.0,0.0,0.0,0.0,0.0,0.0,0.0,0.0,0.0,0.0,0.0,0.0,0.0,0.0,0.0,0.0,0.0,0.0,0.0,0.0,0.0,0.0,0.0,0.0,0.0,0.0,0.0,0.0,0.0,0.0,0.0,0.0,0.0,0.0,0.0,0.0,0.0,0.0,41477.3671875,37148.27734375,0.0,0.0,0.0,0.0,0.0,0.0,0.0,0.0,WA
8875931,WA,5306,54.77836227416992,1,0.0,4687.6982421875,4687.6982421875,1,0,0.0,0.0,33982.8125,15135.7041015625,0.0,0.0,0.0,15135.7041015625,0.0,0.0,0.0,0.0,0.0,0.0,0.0,0.0,0.0,0.0,0.0,0.0,0.0,0.0,0.0,0.0,0.0,0.0,0.0,0.0,0.0,0.0,0.0,0.0,0.0,0.0,0.0,0.0,0.0,0.0,0.0,0.0,0.0,0.0,0.0,0.0,0.0,0.0,0.0,0.0,0.0,0.0,0.0,0.0,0.0,0.0,0.0,0.0,0.0,0.0,0.0,0.0,0.0,0.0,0.0,0.0,0.0,0.0,0.0,0.0,0.0,0.0,0.0,0.0,0.0,0.0,0.0,0.0,0.0,0.0,0.0,0.0,0.0,0.0,0.0,0.0,0.0,0.0,0.0,0.0,0.0,0.0,0.0,0.0,0.0,0.0,33982.8125,15135.7041015625,0.0,0.0,0.0,0.0,0.0,0.0,0.0,0.0,WA
8875932,WA,5306,162.10743713378906,1,0.0,0.0,0.0,1,0,0.0,0.0,37432.890625,18860.287109375,0.0,0.0,0.0,18860.287109375,0.0,0.0,0.0,0.0,0.0,0.0,0.0,0.0,0.0,0.0,0.0,0.0,0.0,0.0,0.0,0.0,0.0,0.0,0.0,0.0,0.0,0.0,0.0,0.0,0.0,0.0,0.0,0.0,0.0,0.0,0.0,0.0,0.0,0.0,0.0,0.0,0.0,0.0,0.0,0.0,0.0,0.0,0.0,0.0,0.0,0.0,0.0,0.0,0.0,0.0,0.0,0.0,0.0,0.0,0.0,0.0,0.0,0.0,0.0,0.0,0.0,0.0,0.0,0.0,0.0,0.0,0.0,0.0,0.0,0.0,0.0,0.0,0.0,0.0,0.0,0.0,0.0,0.0,0.0,0.0,0.0,0.0,0.0,0.0,0.0,0.0,37432.890625,18860.287109375,0.0,0.0,0.0,0.0,0.0,0.0,0.0,0.0,WA
8875933,WA,5306,0.09583137184381485,2,0.0,117424.0078125,411693.15625,2,0,78591.953125,714.5119018554688,324876.46875,0.0,0.0,0.0,0.0,0.0,0.0,0.0,0.0,0.0,0.0,0.0,0.0,0.0,0.0,0.0,0.0,0.0,0.0,0.0,0.0,0.0,0.0,0.0,0.0,0.0,0.0,0.0,0.0,0.0,0.0,0.0,0.0,0.0,-20626.796875,0.0,20626.8125,0.0,0.0,0.0,0.0,0.0,0.0,0.0,0.0,0.0,-101.35546875,0.0,101.34375,0.0,0.0,0.0,0.0,0.0,0.0,0.0,0.0,0.0,0.0,0.0,0.0,0.0,0.0,0.0,0.0,0.0,0.0,0.0,0.0,0.0,0.0,0.0,0.0,0.0,0.0,0.0,0.0,0.0,0.0,0.0,0.0,0.0,0.0,0.0,0.0,0.0,0.0,0.0,0.0,0.0,57863.80078125,714.5119018554688,345604.625,0.0,-20728.15234375,0.0,20728.15625,0.0,-26.3743952396526,0.0,6.380319595336914,0.0,WA
8875934,WA,5306,21.650386810302734,2,1.0,0.0,0.0,2,0,0.0,0.0,13567.376953125,1130.9622802734375,12436.414794921875,0.0,0.0,13567.377075195312,0.0,0.0,0.0,0.0,0.0,0.0,0.0,0.0,0.0,0.0,0.0,0.0,0.0,0.0,0.0,0.0,0.0,0.0,0.0,0.0,0.0,0.0,0.0,0.0,0.0,0.0,0.0,0.0,0.0,0.0,0.0,0.0,0.0,0.0,0.0,0.0,0.0,0.0,0.0,0.0,0.0,0.0,0.0,0.0,0.0,0.0,0.0,0.0,0.0,0.0,0.0,0.0,0.0,0.0,0.0,0.0,0.0,0.0,0.0,0.0,0.0,0.0,0.0,0.0,0.0,0.0,0.0,0.0,0.0,0.0,0.0,0.0,0.0,0.0,0.0,0.0,0.0,0.0,0.0,0.0,0.0,0.0,0.0,0.0,0.0,0.0,13567.376953125,13567.377075195312,0.0,0.0,0.0,0.0,0.0,0.0,0.0,0.0,WA
8875935,WA,5306,0.34778645634651184,4,2.0,7308.15771484375,7308.15771484375,4,0,-6605.65283203125,-1015.3218383789062,47025.1171875,2261.924560546875,24872.82958984375,0.0,0.0,27134.754150390625,0.0,0.0,0.0,0.0,0.0,0.0,0.0,0.0,0.0,0.0,0.0,0.0,0.0,0.0,0.0,0.0,-75.0,0.0,75.0,0.0,0.0,0.0,0.0,0.0,0.0,0.0,0.0,0.0,0.0,0.0,0.0,0.0,0.0,0.0,0.0,0.0,0.0,0.0,0.0,0.0,0.0,0.0,0.0,0.0,0.0,0.0,0.0,0.0,0.0,0.0,0.0,0.0,0.0,0.0,0.0,0.0,0.0,0.0,0.0,0.0,0.0,0.0,0.0,0.0,0.0,0.0,0.0,0.0,0.0,0.0,0.0,0.0,0.0,0.0,0.0,0.0,0.0,0.0,0.0,0.0,0.0,0.0,0.0,0.0,-6680.65283203125,-1015.3218383789062,47100.1171875,27134.754150390625,-75.0,0.0,75.0,0.0,-1.1353911855058445,0.0,0.1594892293214798,0.0,WA
8875936,WA,5306,0.09964772313833237,8,6.0,64720.44140625,168234.703125,8,0,13183.67578125,0.0,165510.5,6199.87255859375,0.0,206.4296875,16861.5380859375,23267.84033203125,-2620.7841796875,0.0,2620.78125,0.0,0.0,0.0,0.0,0.0,5738.7431640625,0.0,-5738.75,0.0,0.0,0.0,0.0,0.0,-10150.0,0.0,10150.0,0.0,0.0,0.0,0.0,0.0,-4547.853515625,0.0,4547.859375,0.0,0.0,0.0,0.0,0.0,0.0,0.0,0.0,0.0,0.0,0.0,0.0,0.0,-295.65625,0.0,295.65625,0.0,0.0,0.0,0.0,0.0,0.0,0.0,0.0,0.0,0.0,0.0,0.0,0.0,0.0,0.0,0.0,0.0,0.0,0.0,0.0,0.0,0.0,0.0,0.0,0.0,0.0,0.0,0.0,0.0,0.0,0.0,0.0,0.0,0.0,0.0,0.0,0.0,0.0,0.0,0.0,0.0,1308.125,0.0,177386.046875,23267.84033203125,-11875.55078125,0.0,11875.546875,0.0,-90.07769136843889,0.0,7.175102233886719,0.0,WA
8875937,WA,5306,263.77294921875,1,0.0,0.0,0.0,1,0,0.0,0.0,13188.6923828125,3596.039794921875,8792.986328125,0.0,0.0,12389.026123046875,0.0,0.0,0.0,0.0,0.0,0.0,0.0,0.0,0.0,0.0,0.0,0.0,0.0,0.0,0.0,0.0,0.0,0.0,0.0,0.0,0.0,0.0,0.0,0.0,0.0,0.0,0.0,0.0,0.0,0.0,0.0,0.0,0.0,0.0,0.0,0.0,0.0,0.0,0.0,0.0,0.0,0.0,0.0,0.0,0.0,0.0,0.0,0.0,0.0,0.0,0.0,0.0,0.0,0.0,0.0,0.0,0.0,0.0,0.0,0.0,0.0,0.0,0.0,0.0,0.0,0.0,0.0,0.0,0.0,0.0,0.0,0.0,0.0,0.0,0.0,0.0,0.0,0.0,0.0,0.0,0.0,0.0,0.0,0.0,0.0,0.0,13188.6923828125,12389.026123046875,0.0,0.0,0.0,0.0,0.0,0.0,0.0,0.0,WA
8875938,WA,5306,113.75517272949219,1,0.0,0.0,2384.108642578125,1,0,0.0,0.0,54919.2890625,26267.58984375,0.0,0.0,0.0,26267.58984375,0.0,0.0,0.0,0.0,0.0,0.0,0.0,0.0,0.0,0.0,0.0,0.0,0.0,0.0,0.0,0.0,0.0,0.0,0.0,0.0,0.0,0.0,0.0,0.0,0.0,0.0,0.0,0.0,0.0,0.0,0.0,0.0,0.0,0.0,0.0,0.0,0.0,0.0,0.0,0.0,0.0,0.0,0.0,0.0,0.0,0.0,0.0,0.0,0.0,0.0,0.0,0.0,0.0,0.0,0.0,0.0,0.0,0.0,0.0,0.0,0.0,0.0,0.0,0.0,0.0,0.0,0.0,0.0,0.0,0.0,0.0,0.0,0.0,0.0,0.0,0.0,0.0,0.0,0.0,0.0,0.0,0.0,0.0,0.0,0.0,0.0,54919.2890625,26267.58984375,0.0,0.0,0.0,0.0,0.0,0.0,0.0,0.0,WA
8875939,WA,5306,90.04344940185547,1,0.0,2571.4677734375,9796.0390625,1,0,0.0,0.0,45093.859375,16832.99609375,0.0,0.0,0.0,16832.99609375,0.0,0.0,0.0,0.0,0.0,0.0,0.0,0.0,0.0,0.0,0.0,0.0,0.0,0.0,0.0,0.0,0.0,0.0,0.0,0.0,0.0,0.0,0.0,0.0,0.0,0.0,0.0,0.0,0.0,0.0,0.0,0.0,0.0,0.0,0.0,0.0,0.0,0.0,0.0,0.0,0.0,0.0,0.0,0.0,0.0,0.0,0.0,0.0,0.0,0.0,0.0,0.0,0.0,0.0,0.0,0.0,0.0,0.0,0.0,0.0,0.0,0.0,0.0,0.0,0.0,0.0,0.0,0.0,0.0,0.0,0.0,0.0,0.0,0.0,0.0,0.0,0.0,0.0,0.0,0.0,0.0,0.0,0.0,0.0,0.0,0.0,45093.859375,16832.99609375,0.0,0.0,0.0,0.0,0.0,0.0,0.0,0.0,WA
8875940,WA,5306,0.10412821918725967,4,2.0,208357.5859375,558375.4375,4,0,143347.421875,0.0,396224.0,0.0,0.0,0.0,0.0,0.0,0.0,0.0,0.0,0.0,0.0,0.0,0.0,0.0,0.0,0.0,0.0,0.0,0.0,0.0,0.0,0.0,0.0,0.0,0.0,0.0,0.0,0.0,0.0,0.0,-1400.0,0.0,1400.0,0.0,-27705.8984375,0.0,27705.875,0.0,0.0,0.0,0.0,0.0,0.0,0.0,0.0,0.0,-640.0,0.0,640.0,0.0,0.0,0.0,0.0,0.0,0.0,0.0,0.0,0.0,0.0,0.0,0.0,0.0,0.0,0.0,0.0,0.0,0.0,0.0,0.0,0.0,0.0,0.0,0.0,0.0,0.0,0.0,0.0,0.0,0.0,0.0,0.0,0.0,0.0,0.0,0.0,0.0,0.0,0.0,0.0,0.0,113601.5234375,0.0,425969.875,0.0,-29745.8984375,0.0,29745.875,0.0,-20.75091274640338,0.0,7.507338523864746,0.0,WA
8875941,WA,5306,0.17029453814029694,2,0.0,17545.8515625,101774.296875,1,1,11058.2998046875,0.0,157511.328125,33547.30859375,8792.986328125,0.0,0.0,42340.294921875,-1674.4248046875,0.0,1674.421875,0.0,-1563.39404296875,0.0,1563.390625,0.0,1166.00048828125,0.0,-1166.0,0.0,0.0,0.0,0.0,0.0,0.0,0.0,0.0,0.0,0.0,0.0,0.0,0.0,-1100.00048828125,0.0,1100.0,0.0,0.0,0.0,0.0,0.0,0.0,0.0,0.0,0.0,0.0,0.0,0.0,0.0,0.0,0.0,0.0,0.0,0.0,0.0,0.0,0.0,0.0,0.0,0.0,0.0,0.0,0.0,0.0,0.0,0.0,0.0,0.0,0.0,0.0,0.0,0.0,0.0,0.0,0.0,0.0,0.0,-305.32373046875,0.0,305.328125,0.0,0.0,0.0,0.0,0.0,0.0,0.0,0.0,0.0,0.0,0.0,0.0,0.0,7581.1572265625,0.0,160988.46875,42340.294921875,-3477.142578125,0.0,3477.140625,0.0,-31.44373583225764,0.0,2.207549571990967,0.0,WA
8875942,WA,5306,250.31675720214844,2,0.0,33184.91796875,72461.1875,2,0,5326.67822265625,0.0,94260.734375,20708.888671875,0.0,5849.64208984375,0.0,26558.53076171875,-589.3359375,0.0,589.328125,0.0,-1871.999755859375,0.0,1872.0,0.0,1271.999755859375,0.0,-1272.0,0.0,0.0,0.0,0.0,0.0,0.0,0.0,0.0,0.0,0.0,0.0,0.0,0.0,0.0,0.0,0.0,0.0,0.0,0.0,0.0,0.0,0.0,0.0,0.0,0.0,0.0,0.0,0.0,0.0,0.0,0.0,0.0,0.0,0.0,0.0,0.0,0.0,0.0,0.0,0.0,0.0,0.0,0.0,0.0,0.0,0.0,0.0,0.0,0.0,0.0,0.0,0.0,0.0,-719.999755859375,0.0,720.0,0.0,0.0,0.0,0.0,0.0,0.0,0.0,0.0,0.0,0.0,0.0,0.0,0.0,0.0,0.0,0.0,0.0,3417.342529296875,0.0,96170.0625,26558.53076171875,-1909.335693359375,0.0,1909.328125,0.0,-35.84477254958435,0.0,2.0255815982818604,0.0,WA
8875943,WA,5306,60.02814483642578,2,0.0,182.5196075439453,182.5196075439453,2,0,0.0,0.0,23670.94140625,0.0,17585.97265625,0.0,0.0,17585.97265625,0.0,0.0,0.0,0.0,0.0,0.0,0.0,0.0,0.0,0.0,0.0,0.0,0.0,0.0,0.0,0.0,0.0,0.0,0.0,0.0,0.0,0.0,0.0,0.0,0.0,0.0,0.0,0.0,0.0,0.0,0.0,0.0,0.0,0.0,0.0,0.0,0.0,0.0,0.0,0.0,0.0,0.0,0.0,0.0,0.0,0.0,0.0,0.0,0.0,0.0,0.0,0.0,0.0,0.0,0.0,0.0,0.0,0.0,0.0,0.0,0.0,0.0,0.0,0.0,0.0,0.0,0.0,0.0,0.0,0.0,0.0,0.0,0.0,0.0,0.0,0.0,0.0,0.0,0.0,0.0,0.0,0.0,0.0,0.0,0.0,0.0,23670.94140625,17585.97265625,0.0,0.0,0.0,0.0,0.0,0.0,0.0,0.0,WA
8875944,WA,5306,0.13152499496936798,2,0.0,17635.97265625,72244.921875,2,0,5046.73828125,0.0,112751.9296875,34398.5546875,0.0,0.0,0.0,34398.5546875,-533.34765625,0.0,533.3515625,0.0,-1872.0,0.0,1872.0,0.0,1272.0,0.0,-1272.0,0.0,0.0,0.0,0.0,0.0,0.0,0.0,0.0,0.0,0.0,0.0,0.0,0.0,-10.43115234375,0.0,10.4296875,0.0,0.0,0.0,0.0,0.0,0.0,0.0,0.0,0.0,0.0,0.0,0.0,0.0,0.0,0.0,0.0,0.0,0.0,0.0,0.0,0.0,0.0,0.0,0.0,0.0,0.0,0.0,0.0,0.0,0.0,0.0,0.0,0.0,0.0,0.0,0.0,0.0,-1437.159912109375,0.0,1437.15625,0.0,0.0,0.0,0.0,0.0,0.0,0.0,0.0,0.0,0.0,0.0,0.0,0.0,0.0,0.0,0.0,0.0,2465.799560546875,0.0,115332.8671875,34398.5546875,-2580.938720703125,0.0,2580.9375,0.0,-51.14072846400638,0.0,2.2890405654907227,0.0,WA
8875945,WA,5306,0.0710587427020073,2,0.0,2337.331787109375,690156.2067871094,2,0,201688.21875,714.5119018554688,538008.625,34515.1796875,0.0,0.0,0.0,34515.1796875,0.0,0.0,0.0,0.0,0.0,0.0,0.0,0.0,0.0,0.0,0.0,0.0,0.0,0.0,0.0,0.0,0.0,0.0,0.0,0.0,0.0,0.0,0.0,0.0,-1400.0,0.0,1400.0,0.0,-19691.96875,0.0,19691.9375,0.0,0.0,0.0,0.0,0.0,0.0,0.0,0.0,0.0,0.0,0.0,0.0,0.0,-4384.40625,0.0,4384.4375,0.0,0.0,0.0,0.0,0.0,0.0,0.0,0.0,0.0,0.0,0.0,0.0,0.0,0.0,0.0,0.0,0.0,0.0,0.0,0.0,0.0,0.0,0.0,0.0,0.0,0.0,0.0,0.0,0.0,0.0,0.0,0.0,0.0,0.0,0.0,0.0,0.0,176211.84375,714.5119018554688,563485.0,34515.1796875,-25476.375,0.0,25476.375,0.0,-12.63156329005955,0.0,4.735309600830078,0.0,WA
8875946,WA,5306,0.10441331565380096,1,0.0,0.0,73124.328125,1,0,2105.4794921875,0.0,98967.2890625,24340.51171875,0.0,0.0,0.0,24340.51171875,0.0,0.0,0.0,0.0,-1726.8302612304688,0.0,1726.828125,0.0,1101.8305053710938,0.0,-1101.828125,0.0,0.0,0.0,0.0,0.0,0.0,0.0,0.0,0.0,0.0,0.0,0.0,0.0,-92.16796875,0.0,92.1640625,0.0,0.0,0.0,0.0,0.0,0.0,0.0,0.0,0.0,0.0,0.0,0.0,0.0,0.0,0.0,0.0,0.0,0.0,0.0,0.0,0.0,0.0,0.0,0.0,0.0,0.0,0.0,0.0,0.0,0.0,0.0,0.0,0.0,0.0,0.0,0.0,0.0,-1346.847312927246,0.0,1346.8515625,0.0,0.0,0.0,0.0,0.0,0.0,0.0,0.0,0.0,0.0,0.0,0.0,0.0,0.0,0.0,0.0,0.0,41.464454650878906,0.0,101031.3046875,24340.51171875,-2064.015037536621,0.0,2064.015625,0.0,-98.03064077305265,0.0,2.0855534076690674,0.0,WA
8875947,WA,5306,0.1466594934463501,7,5.0,91823.7421875,91823.7421875,5,2,-2249.7529296875,0.0,150266.140625,36207.03125,27010.128662109375,0.0,0.0,63217.159912109375,-312.04931640625,0.0,312.0625,0.0,-936.0001220703125,0.0,936.0,0.0,2881.6514892578125,0.0,-2881.65625,0.0,5000.0,0.0,-5000.015625,0.0,0.0,0.0,0.0,0.0,-540.0001220703125,0.0,540.0,0.0,0.0,0.0,0.0,0.0,0.0,0.0,0.0,0.0,0.0,0.0,0.0,0.0,0.0,0.0,0.0,0.0,0.0,0.0,0.0,0.0,0.0,0.0,0.0,0.0,0.0,0.0,0.0,0.0,0.0,0.0,0.0,0.0,0.0,0.0,0.0,0.0,0.0,0.0,0.0,0.0,0.0,0.0,0.0,0.0,0.0,0.0,0.0,0.0,0.0,0.0,0.0,0.0,0.0,0.0,0.0,0.0,0.0,0.0,0.0,0.0,3843.8489990234375,0.0,144172.53125,63217.159912109375,6093.6019287109375,0.0,-6093.609375,0.0,270.85649487552234,0.0,-4.055211544036865,0.0,WA
8875948,WA,5306,0.09805765002965927,4,1.0,375282.876953125,549731.529296875,2,2,123725.27465820312,0.0,401123.625,0.0,0.0,0.0,0.0,0.0,-35.2923583984375,0.0,35.3125,0.0,-795.1950073242188,0.0,795.1875,0.0,530.0000610351562,0.0,-530.0,0.0,0.0,0.0,0.0,0.0,0.0,0.0,0.0,0.0,0.0,0.0,0.0,0.0,-1400.0,0.0,1400.0,0.0,-27157.140625,0.0,27157.125,0.0,0.0,0.0,0.0,0.0,0.0,0.0,0.0,0.0,-480.0,0.0,480.0,0.0,0.0,0.0,0.0,0.0,0.0,0.0,0.0,0.0,0.0,0.0,0.0,0.0,0.0,0.0,0.0,0.0,0.0,0.0,0.0,0.0,0.0,0.0,0.0,0.0,-96.6568603515625,0.0,96.65625,0.0,0.0,0.0,0.0,0.0,0.0,0.0,0.0,0.0,0.0,0.0,0.0,0.0,94290.98986816406,0.0,430557.90625,0.0,-29434.284790039062,0.0,29434.28125,0.0,-23.790033904836868,0.0,7.337957382202148,0.0,WA
8875949,WA,5306,0.5259590148925781,3,2.0,72771.125,82874.859375,3,0,5889.2802734375,0.0,83085.78125,0.0,0.0,643.5458984375,5620.5126953125,6264.05859375,-957.85595703125,0.0,957.859375,0.0,-749.44140625,0.0,749.4375,0.0,1908.0,0.0,-1908.0,0.0,0.0,0.0,0.0,0.0,-2100.0,0.0,2100.0,0.0,0.0,0.0,0.0,0.0,0.0,0.0,0.0,0.0,0.0,0.0,0.0,0.0,0.0,0.0,0.0,0.0,0.0,0.0,0.0,0.0,0.0,0.0,0.0,0.0,0.0,0.0,0.0,0.0,0.0,0.0,0.0,0.0,0.0,0.0,0.0,0.0,0.0,0.0,0.0,0.0,0.0,0.0,0.0,0.0,0.0,0.0,0.0,0.0,-599.234375,0.0,599.234375,0.0,0.0,0.0,0.0,0.0,0.0,0.0,0.0,0.0,0.0,0.0,0.0,0.0,3390.74853515625,0.0,85584.3125,6264.05859375,-2498.53173828125,0.0,2498.53125,0.0,-42.42507780705244,0.0,3.0071706771850586,0.0,WA
8875950,WA,5306,0.07477810978889465,2,0.0,0.0,681538.4375,2,0,199868.140625,714.5119018554688,526314.1875,33547.30859375,0.0,0.0,0.0,33547.30859375,0.0,0.0,0.0,0.0,0.0,0.0,0.0,0.0,0.0,0.0,0.0,0.0,0.0,0.0,0.0,0.0,0.0,0.0,0.0,0.0,0.0,0.0,0.0,0.0,-1400.0,0.0,1400.0,0.0,-20601.984375,0.0,20601.9375,0.0,0.0,0.0,0.0,0.0,0.0,0.0,0.0,0.0,0.0,0.0,0.0,0.0,-4305.28125,0.0,4305.3125,0.0,0.0,0.0,0.0,0.0,0.0,0.0,0.0,0.0,0.0,0.0,0.0,0.0,0.0,0.0,0.0,0.0,0.0,0.0,0.0,0.0,0.0,0.0,0.0,0.0,0.0,0.0,0.0,0.0,0.0,0.0,0.0,0.0,0.0,0.0,0.0,0.0,173560.875,714.5119018554688,552621.4375,33547.30859375,-26307.265625,0.0,26307.25,0.0,-13.162310682800948,0.0,4.998392581939697,0.0,WA
8875951,WA,5306,0.29910752177238464,4,2.0,394712.0,592054.25,4,0,127945.03125,0.0,489978.46875,0.0,0.0,0.0,0.0,0.0,0.0,0.0,0.0,0.0,0.0,0.0,0.0,0.0,0.0,0.0,0.0,0.0,0.0,0.0,0.0,0.0,0.0,0.0,0.0,0.0,0.0,0.0,0.0,0.0,-1789.546875,0.0,1789.53125,0.0,-27854.609375,0.0,27854.625,0.0,0.0,0.0,0.0,0.0,0.0,0.0,0.0,0.0,0.0,0.0,0.0,0.0,-1326.265625,0.0,1326.28125,0.0,0.0,0.0,0.0,0.0,302.421875,0.0,-302.4375,0.0,0.0,0.0,0.0,0.0,0.0,0.0,0.0,0.0,0.0,0.0,0.0,0.0,0.0,0.0,0.0,0.0,0.0,0.0,0.0,0.0,0.0,0.0,0.0,0.0,0.0,0.0,0.0,0.0,97277.03125,0.0,520646.46875,0.0,-30668.0,0.0,30668.0,0.0,-23.969668615013138,0.0,6.259050369262695,0.0,WA
8875952,WA,5306,0.6200128793716431,2,0.0,153523.0625,202008.21875,2,0,20604.396484375,0.0,190720.1875,14169.2392578125,0.0,0.0,0.0,14169.2392578125,-2405.943359375,0.0,2405.9375,0.0,0.0,0.0,0.0,0.0,1442.775390625,0.0,-1442.78125,0.0,0.0,0.0,0.0,0.0,0.0,0.0,0.0,0.0,0.0,0.0,0.0,0.0,0.0,0.0,0.0,0.0,0.0,0.0,0.0,0.0,0.0,0.0,0.0,0.0,0.0,0.0,0.0,0.0,0.0,0.0,0.0,0.0,0.0,0.0,0.0,0.0,0.0,0.0,0.0,0.0,656.318359375,0.0,-656.3125,0.0,0.0,0.0,0.0,0.0,0.0,0.0,0.0,0.0,-1953.494140625,0.0,1953.5,0.0,-617.041015625,0.0,617.03125,0.0,0.0,0.0,0.0,0.0,0.0,0.0,0.0,0.0,0.0,0.0,0.0,0.0,17727.01171875,0.0,193597.5625,14169.2392578125,-2877.384765625,0.0,2877.375,0.0,-13.964906799415438,0.0,1.508689284324646,0.0,WA
8875953,WA,5306,0.0940898135304451,3,1.0,290809.78125,377851.59375,3,0,85876.7109375,0.0,270683.1875,0.0,0.0,0.0,0.0,0.0,0.0,0.0,0.0,0.0,0.0,0.0,0.0,0.0,0.0,0.0,0.0,0.0,0.0,0.0,0.0,0.0,-500.0,0.0,500.0,0.0,0.0,0.0,0.0,0.0,-2365.4765625,0.0,2365.5,0.0,-17739.328125,0.0,17739.3125,0.0,0.0,0.0,0.0,0.0,0.0,0.0,0.0,0.0,-480.0,0.0,480.0,0.0,0.0,0.0,0.0,0.0,0.0,0.0,0.0,0.0,0.0,0.0,0.0,0.0,0.0,0.0,0.0,0.0,0.0,0.0,0.0,0.0,0.0,0.0,0.0,0.0,0.0,0.0,0.0,0.0,0.0,0.0,0.0,0.0,0.0,0.0,0.0,0.0,0.0,0.0,0.0,0.0,64791.90625,0.0,291768.0,0.0,-21084.8046875,0.0,21084.8125,0.0,-24.552412938643233,0.0,7.789479732513428,0.0,WA
8875954,WA,5306,84.24935150146484,1,0.0,1897.200927734375,34068.31640625,1,0,2155.24755859375,0.0,84536.2421875,29623.51953125,0.0,0.0,0.0,29623.51953125,-193.049560546875,0.0,193.046875,0.0,-900.3663330078125,0.0,900.3671875,0.0,600.3663330078125,0.0,-600.3671875,0.0,0.0,0.0,0.0,0.0,0.0,0.0,0.0,0.0,0.0,0.0,0.0,0.0,0.0,0.0,0.0,0.0,0.0,0.0,0.0,0.0,0.0,0.0,0.0,0.0,0.0,0.0,0.0,0.0,0.0,0.0,0.0,0.0,0.0,0.0,0.0,0.0,0.0,0.0,0.0,0.0,0.0,0.0,0.0,0.0,0.0,0.0,0.0,0.0,0.0,0.0,0.0,0.0,-670.3663330078125,0.0,670.3671875,0.0,0.0,0.0,0.0,0.0,0.0,0.0,0.0,0.0,0.0,0.0,0.0,0.0,0.0,0.0,0.0,0.0,991.8316650390625,0.0,85699.65625,29623.51953125,-1163.4158935546875,0.0,1163.4140625,0.0,-53.98061530870216,0.0,1.376231074333191,0.0,WA
8875955,WA,5306,0.2482772022485733,2,1.0,31986.6484375,31986.6484375,2,0,-3201.500732421875,-673.3740844726562,50704.24609375,1003.27294921875,3643.428466796875,12642.9970703125,0.0,17289.698486328125,0.0,0.0,0.0,0.0,-923.664794921875,0.0,923.6640625,0.0,781.164794921875,0.0,-781.1640625,0.0,0.0,0.0,0.0,0.0,-1200.000244140625,0.0,1200.0,0.0,0.0,0.0,0.0,0.0,0.0,0.0,0.0,0.0,0.0,0.0,0.0,0.0,0.0,0.0,0.0,0.0,0.0,0.0,0.0,0.0,0.0,0.0,0.0,0.0,0.0,0.0,0.0,0.0,0.0,0.0,0.0,0.0,0.0,0.0,0.0,0.0,0.0,0.0,0.0,0.0,0.0,0.0,0.0,0.0,0.0,0.0,0.0,0.0,-75.876953125,0.0,75.875,0.0,0.0,0.0,0.0,0.0,0.0,0.0,0.0,0.0,0.0,0.0,0.0,0.0,-4619.8779296875,-673.3740844726562,52122.62109375,17289.698486328125,-1418.377197265625,0.0,1418.375,0.0,-44.30351000396771,0.0,2.797349452972412,0.0,WA
8875956,WA,5306,0.14477333426475525,4,0.0,384942.04296875,432555.73046875,4,0,94700.47589111328,0.0,344181.5,0.0,8792.986328125,8294.01318359375,0.0,17086.99951171875,-4577.4033203125,0.0,4577.4375,0.0,-2175.8600463867188,0.0,2175.84375,0.0,1325.8600463867188,0.0,-1325.84375,0.0,0.0,0.0,0.0,0.0,0.0,0.0,0.0,0.0,0.0,0.0,0.0,0.0,0.0,0.0,0.0,0.0,-8163.734375,0.0,8163.71875,0.0,0.0,0.0,0.0,0.0,0.0,0.0,0.0,0.0,-400.0,0.0,400.0,0.0,0.0,0.0,0.0,0.0,0.0,0.0,0.0,0.0,0.0,0.0,0.0,0.0,0.0,0.0,0.0,0.0,0.0,0.0,0.0,0.0,0.0,0.0,0.0,0.0,-155.03732299804688,0.0,155.03125,0.0,0.0,0.0,0.0,0.0,0.0,0.0,-3392.53125,-3392.5390625,0.0,0.0,0.0,0.0,80554.30087280273,0.0,354935.15625,13694.46044921875,-14146.175018310547,0.0,10753.65625,-3392.5390625,-14.937807740877496,0.0,3.1244144439697266,-19.854504356796525,WA
8875957,WA,5306,0.21090470254421234,4,2.0,128575.998046875,206389.15625,4,0,25991.5546875,0.0,175351.78125,0.0,0.0,0.0,0.0,0.0,-3487.81640625,0.0,3487.8125,0.0,-208.81640625,0.0,208.8125,0.0,3657.25390625,0.0,-3657.25,0.0,0.0,0.0,0.0,0.0,-4400.0,0.0,4400.0,0.0,0.0,0.0,0.0,0.0,-1100.0,0.0,1100.0,0.0,0.0,0.0,0.0,0.0,0.0,0.0,0.0,0.0,0.0,0.0,0.0,0.0,-440.0,0.0,440.0,0.0,0.0,0.0,0.0,0.0,0.0,0.0,0.0,0.0,0.0,0.0,0.0,0.0,0.0,0.0,0.0,0.0,0.0,0.0,0.0,0.0,0.0,0.0,0.0,0.0,0.0,0.0,0.0,0.0,0.0,0.0,0.0,0.0,0.0,0.0,0.0,0.0,0.0,0.0,0.0,0.0,20012.17578125,0.0,181331.15625,0.0,-5979.37890625,0.0,5979.375,0.0,-23.00508368253029,0.0,3.409931182861328,0.0,WA
8875958,WA,5306,0.29495587944984436,2,0.0,136253.5859375,136502.59375,2,0,16250.4609375,0.0,120995.84375,0.0,0.0,0.0,0.0,0.0,-2780.021484375,0.0,2780.015625,0.0,-2722.353515625,0.0,2722.359375,0.0,1622.353515625,0.0,-1622.359375,0.0,0.0,0.0,0.0,0.0,0.0,0.0,0.0,0.0,0.0,0.0,0.0,0.0,0.0,0.0,0.0,0.0,0.0,0.0,0.0,0.0,0.0,0.0,0.0,0.0,0.0,0.0,0.0,0.0,0.0,0.0,0.0,0.0,0.0,0.0,0.0,0.0,0.0,0.0,0.0,0.0,0.0,0.0,0.0,0.0,0.0,0.0,0.0,0.0,0.0,0.0,0.0,0.0,0.0,0.0,0.0,0.0,-504.1181640625,0.0,504.125,0.0,0.0,0.0,0.0,0.0,0.0,0.0,0.0,0.0,0.0,0.0,0.0,0.0,11866.3212890625,0.0,125379.984375,0.0,-4384.1396484375,0.0,4384.140625,0.0,-26.97855565635398,0.0,3.6233811378479004,0.0,WA
8875959,WA,5306,0.13867495954036713,2,0.0,117828.1484375,123102.1484375,2,0,12937.166015625,0.0,103444.78125,0.0,0.0,0.0,0.0,0.0,-2111.43359375,0.0,2111.4296875,0.0,-1872.0,0.0,1872.0,0.0,1272.0,0.0,-1272.0,0.0,0.0,0.0,0.0,0.0,0.0,0.0,0.0,0.0,0.0,0.0,0.0,0.0,-15.0595703125,0.0,15.0625,0.0,0.0,0.0,0.0,0.0,0.0,0.0,0.0,0.0,0.0,0.0,0.0,0.0,-3.8486328125,0.0,3.8515625,0.0,0.0,0.0,0.0,0.0,0.0,0.0,0.0,0.0,0.0,0.0,0.0,0.0,0.0,0.0,0.0,0.0,0.0,0.0,0.0,0.0,0.0,0.0,0.0,0.0,-113.4912109375,0.0,113.484375,0.0,0.0,0.0,0.0,0.0,0.0,0.0,0.0,0.0,0.0,0.0,0.0,0.0,10093.3330078125,0.0,106288.609375,0.0,-2843.8330078125,0.0,2843.828125,0.0,-21.981885401932928,0.0,2.749126672744751,0.0,WA
8875960,WA,5306,0.2927299737930298,3,0.0,152527.4658203125,155487.3681640625,3,0,13911.233703613281,-341.9477844238281,143282.9375,0.0,8792.986328125,0.0,0.0,8792.986328125,-2573.13671875,0.0,2573.140625,0.0,0.0,0.0,0.0,0.0,2332.0,0.0,-2332.0,0.0,0.0,0.0,0.0,0.0,0.0,0.0,0.0,0.0,0.0,0.0,0.0,0.0,-1163.626953125,0.0,1163.625,0.0,0.0,0.0,0.0,0.0,0.0,0.0,0.0,0.0,0.0,0.0,0.0,0.0,0.0,0.0,0.0,0.0,0.0,0.0,0.0,0.0,0.0,0.0,0.0,0.0,0.0,0.0,0.0,0.0,0.0,0.0,0.0,0.0,0.0,0.0,0.0,0.0,0.0,0.0,0.0,0.0,-196.0830078125,0.0,196.078125,0.0,0.0,0.0,0.0,0.0,0.0,0.0,0.0,0.0,0.0,0.0,0.0,0.0,12310.387023925781,-341.9477844238281,144883.78125,8792.986328125,-1600.8466796875,0.0,1600.84375,0.0,-11.507582388409581,0.0,1.1172605752944946,0.0,WA
8875961,WA,5306,156.146728515625,3,1.0,23942.1328125,24984.8203125,3,0,0.0,0.0,59914.515625,330.0,26378.958984375,0.0,0.0,26708.958984375,0.0,0.0,0.0,0.0,0.0,0.0,0.0,0.0,0.0,0.0,0.0,0.0,0.0,0.0,0.0,0.0,0.0,0.0,0.0,0.0,0.0,0.0,0.0,0.0,0.0,0.0,0.0,0.0,0.0,0.0,0.0,0.0,0.0,0.0,0.0,0.0,0.0,0.0,0.0,0.0,0.0,0.0,0.0,0.0,0.0,0.0,0.0,0.0,0.0,0.0,0.0,0.0,0.0,0.0,0.0,0.0,0.0,0.0,0.0,0.0,0.0,0.0,0.0,0.0,0.0,0.0,0.0,0.0,0.0,0.0,0.0,0.0,0.0,0.0,0.0,0.0,0.0,0.0,0.0,0.0,0.0,0.0,0.0,0.0,0.0,0.0,59914.515625,26708.958984375,0.0,0.0,0.0,0.0,0.0,0.0,0.0,0.0,WA
8875962,WA,5306,0.10946102440357208,3,1.0,34820.041015625,34820.041015625,2,1,232.0041046142578,0.0,58640.9609375,0.0,26378.958984375,0.0,0.0,26378.958984375,0.0,0.0,0.0,0.0,-232.0041046142578,0.0,232.00390625,0.0,286.458984375,0.0,-286.45703125,0.0,0.0,0.0,0.0,0.0,0.0,0.0,0.0,0.0,0.0,0.0,0.0,0.0,0.0,0.0,0.0,0.0,0.0,0.0,0.0,0.0,0.0,0.0,0.0,0.0,0.0,0.0,0.0,0.0,0.0,0.0,0.0,0.0,0.0,0.0,0.0,0.0,0.0,0.0,0.0,0.0,0.0,0.0,0.0,0.0,0.0,0.0,0.0,0.0,0.0,0.0,0.0,0.0,0.0,0.0,0.0,0.0,-206.0859375,0.0,206.0859375,0.0,0.0,0.0,0.0,0.0,0.0,0.0,0.0,0.0,0.0,0.0,0.0,0.0,80.373046875,0.0,58792.59375,26378.958984375,-151.6310577392578,0.0,151.6328125,0.0,-65.35705822591697,0.0,0.2585783004760742,0.0,WA
8875963,WA,5306,0.21926534175872803,5,2.0,150533.060546875,152297.6640625,5,0,11631.937255859375,0.0,140619.984375,0.0,3643.428466796875,0.0,0.0,3643.428466796875,-1728.599609375,0.0,1728.59375,0.0,-1870.173583984375,0.0,1870.1875,0.0,3560.22021484375,0.0,-3560.21875,0.0,0.0,0.0,0.0,0.0,-1700.0,0.0,1700.0,0.0,0.0,0.0,0.0,0.0,0.0,0.0,0.0,0.0,0.0,0.0,0.0,0.0,0.0,0.0,0.0,0.0,0.0,0.0,0.0,0.0,-154.8984375,0.0,154.890625,0.0,0.0,0.0,0.0,0.0,0.0,0.0,0.0,0.0,0.0,0.0,0.0,0.0,0.0,0.0,0.0,0.0,0.0,0.0,0.0,0.0,-1233.05615234375,0.0,1233.0625,0.0,0.0,0.0,0.0,0.0,0.0,0.0,0.0,0.0,0.0,0.0,0.0,0.0,0.0,0.0,0.0,0.0,8505.4296875,0.0,143746.5,3643.428466796875,-3126.507568359375,0.0,3126.515625,0.0,-26.87864884058289,0.0,2.223379373550415,0.0,WA
8875964,WA,5306,0.2884218692779541,8,6.0,113138.560546875,113146.5,5,3,2106.97509765625,0.0,132940.28125,208.59942626953125,21860.57080078125,8486.68359375,0.0,30555.85382080078,-905.39501953125,0.0,905.390625,0.0,-1872.0,0.0,1872.0,0.0,5088.0,0.0,-5088.0,0.0,0.0,0.0,0.0,0.0,-6700.0,0.0,6700.0,0.0,0.0,0.0,0.0,0.0,0.0,0.0,0.0,0.0,0.0,0.0,0.0,0.0,0.0,0.0,0.0,0.0,0.0,0.0,0.0,0.0,0.0,0.0,0.0,0.0,0.0,0.0,0.0,0.0,0.0,0.0,0.0,0.0,0.0,0.0,0.0,0.0,0.0,0.0,0.0,0.0,0.0,0.0,0.0,0.0,0.0,0.0,0.0,0.0,-129.4443359375,0.0,129.453125,0.0,0.0,0.0,0.0,0.0,0.0,0.0,0.0,0.0,0.0,0.0,0.0,0.0,-2411.8642578125,0.0,137459.125,30555.85382080078,-4518.83935546875,0.0,4518.84375,0.0,-214.47046813678062,0.0,3.399152994155884,0.0,WA
8875965,WA,5306,0.129944309592247,4,0.0,76621.30755615234,77206.90673828125,4,0,2386.2337341308594,-683.8955688476562,113681.5234375,0.0,8792.986328125,33343.14453125,0.0,42136.130859375,-144.775390625,0.0,144.7734375,0.0,-1449.6956176757812,0.0,1449.6953125,0.0,1087.0296630859375,0.0,-1087.03125,0.0,0.0,0.0,0.0,0.0,0.0,0.0,0.0,0.0,0.0,0.0,0.0,0.0,0.0,0.0,0.0,0.0,0.0,0.0,0.0,0.0,0.0,0.0,0.0,0.0,0.0,0.0,0.0,0.0,-23.113525390625,0.0,23.1171875,0.0,0.0,0.0,0.0,0.0,0.0,0.0,0.0,0.0,0.0,0.0,0.0,0.0,0.0,0.0,0.0,0.0,0.0,0.0,0.0,0.0,0.0,0.0,0.0,0.0,0.0,0.0,0.0,0.0,0.0,0.0,0.0,0.0,0.0,0.0,0.0,0.0,0.0,0.0,0.0,0.0,1855.6788635253906,-683.8955688476562,114212.078125,42136.130859375,-530.5548706054688,0.0,530.5546875,0.0,-22.233985842074826,0.0,0.4667026400566101,0.0,WA
8875966,WA,5306,213.9535675048828,2,0.0,0.0,36420.77734375,2,0,592.0777587890625,0.0,118146.421875,46365.01953125,0.0,0.0,0.0,46365.01953125,0.0,0.0,0.0,0.0,-592.0777587890625,0.0,592.078125,0.0,92.0777359008789,0.0,-92.078125,0.0,0.0,0.0,0.0,0.0,0.0,0.0,0.0,0.0,0.0,0.0,0.0,0.0,0.0,0.0,0.0,0.0,0.0,0.0,0.0,0.0,0.0,0.0,0.0,0.0,0.0,0.0,0.0,0.0,0.0,0.0,0.0,0.0,0.0,0.0,0.0,0.0,0.0,0.0,0.0,0.0,0.0,0.0,0.0,0.0,0.0,0.0,0.0,0.0,0.0,0.0,0.0,0.0,-92.0777359008789,0.0,92.078125,0.0,0.0,0.0,0.0,0.0,0.0,0.0,0.0,0.0,0.0,0.0,0.0,0.0,0.0,0.0,0.0,0.0,0.0,0.0,118738.5,46365.01953125,-592.0777587890625,0.0,592.078125,0.0,-100.0,0.0,0.5011392831802368,0.0,WA
8875967,WA,5306,0.23012669384479523,7,3.9999999999999996,140034.55053710938,1969594.0505371096,7,0,467182.15624999994,107975.12500000001,1393313.0,0.0,8792.986328125,0.0,0.0,8792.986328125,0.0,0.0,0.0,0.0,0.0,0.0,0.0,0.0,0.0,0.0,0.0,0.0,0.0,0.0,0.0,0.0,0.0,0.0,0.0,0.0,0.0,0.0,0.0,0.0,0.0,0.0,0.0,0.0,0.0,0.0,0.0,0.0,0.0,0.0,0.0,0.0,0.0,0.0,0.0,0.0,-442.2499999999418,0.0,442.25,0.0,-1376.0625,0.0,1376.0,0.0,0.0,0.0,0.0,0.0,0.0,0.0,0.0,0.0,0.0,0.0,0.0,0.0,0.0,0.0,0.0,0.0,0.0,0.0,0.0,0.0,0.0,0.0,0.0,0.0,0.0,0.0,0.0,0.0,0.0,0.0,0.0,0.0,0.0,0.0,0.0,0.0,465363.84375,107975.12500000001,1395131.25,8792.986328125,-1818.3124999999418,0.0,1818.25,0.0,-0.38920846519380353,0.0,0.13049831986427307,0.0,WA
8875968,WA,5306,0.21128731966018677,2,0.0,89368.412109375,2028164.25,1,1,483599.5,107866.3125,1451970.0,0.0,0.0,0.0,0.0,0.0,0.0,0.0,0.0,0.0,0.0,0.0,0.0,0.0,0.0,0.0,0.0,0.0,0.0,0.0,0.0,0.0,0.0,0.0,0.0,0.0,0.0,0.0,0.0,0.0,-1430.59375,0.0,1430.5,0.0,0.0,0.0,0.0,0.0,0.0,0.0,0.0,0.0,0.0,0.0,0.0,0.0,0.0,0.0,0.0,0.0,-12638.4375,0.0,12638.5,0.0,0.0,0.0,0.0,0.0,0.0,0.0,0.0,0.0,0.0,0.0,0.0,0.0,0.0,0.0,0.0,0.0,0.0,0.0,0.0,0.0,0.0,0.0,0.0,0.0,0.0,0.0,0.0,0.0,0.0,0.0,0.0,0.0,0.0,0.0,0.0,0.0,469530.46875,107866.3125,1466039.0,0.0,-14069.03125,0.0,14069.0,0.0,-2.9092319677749874,0.0,0.968959391117096,0.0,WA
8875969,WA,5306,4.46575403213501,2,0.0,0.0,0.0,0,2,0.0,0.0,85705.0,22172.806640625,52815.25,0.0,0.0,74988.056640625,0.0,0.0,0.0,0.0,0.0,0.0,0.0,0.0,0.0,0.0,0.0,0.0,0.0,0.0,0.0,0.0,0.0,0.0,0.0,0.0,0.0,0.0,0.0,0.0,0.0,0.0,0.0,0.0,0.0,0.0,0.0,0.0,0.0,0.0,0.0,0.0,0.0,0.0,0.0,0.0,0.0,0.0,0.0,0.0,0.0,0.0,0.0,0.0,0.0,0.0,0.0,0.0,0.0,0.0,0.0,0.0,0.0,0.0,0.0,0.0,0.0,0.0,0.0,0.0,0.0,0.0,0.0,0.0,0.0,0.0,0.0,0.0,0.0,0.0,0.0,0.0,0.0,0.0,0.0,0.0,0.0,0.0,0.0,0.0,0.0,0.0,85705.0,74988.056640625,0.0,0.0,0.0,0.0,0.0,0.0,0.0,0.0,WA
8875970,WA,5306,292.6302795410156,2,0.0,0.0,77774.359375,2,0,5627.4638671875,0.0,94189.6953125,17997.11328125,0.0,0.0,0.0,17997.11328125,-649.49267578125,0.0,649.4921875,0.0,-1872.0,0.0,1872.0,0.0,1272.0,0.0,-1272.0,0.0,0.0,0.0,0.0,0.0,0.0,0.0,0.0,0.0,0.0,0.0,0.0,0.0,0.0,0.0,0.0,0.0,0.0,0.0,0.0,0.0,0.0,0.0,0.0,0.0,0.0,0.0,0.0,0.0,0.0,0.0,0.0,0.0,0.0,0.0,0.0,0.0,0.0,0.0,0.0,0.0,0.0,0.0,0.0,0.0,0.0,0.0,0.0,0.0,0.0,0.0,0.0,0.0,-1440.0,0.0,1440.0,0.0,-530.294189453125,0.0,530.2890625,0.0,0.0,0.0,0.0,0.0,0.0,0.0,0.0,0.0,0.0,0.0,0.0,0.0,2407.677001953125,0.0,97409.4765625,17997.11328125,-3219.786865234375,0.0,3219.78125,0.0,-57.215593759886076,0.0,3.418400764465332,0.0,WA
8875971,WA,5306,0.15839660167694092,4,2.0,346492.56640625,491583.8125,4,0,118568.3515625,0.0,366656.5,0.0,0.0,0.0,0.0,0.0,0.0,0.0,0.0,0.0,0.0,0.0,0.0,0.0,0.0,0.0,0.0,0.0,0.0,0.0,0.0,0.0,0.0,0.0,0.0,0.0,0.0,0.0,0.0,0.0,-1400.0,0.0,1400.0,0.0,-27630.3671875,0.0,27630.375,0.0,0.0,0.0,0.0,0.0,0.0,0.0,0.0,0.0,0.0,0.0,0.0,0.0,-803.8515625,0.0,803.875,0.0,0.0,0.0,0.0,0.0,0.0,0.0,0.0,0.0,0.0,0.0,0.0,0.0,0.0,0.0,0.0,0.0,0.0,0.0,0.0,0.0,0.0,0.0,0.0,0.0,0.0,0.0,0.0,0.0,0.0,0.0,0.0,0.0,0.0,0.0,0.0,0.0,88734.1328125,0.0,396490.75,0.0,-29834.21875,0.0,29834.25,0.0,-25.16204227927865,0.0,8.136839866638184,0.0,WA
8875972,WA,5306,303.43609619140625,1,0.0,0.0,0.0,1,0,0.0,0.0,41198.78125,14791.1572265625,26407.625,0.0,0.0,41198.7822265625,0.0,0.0,0.0,0.0,0.0,0.0,0.0,0.0,0.0,0.0,0.0,0.0,0.0,0.0,0.0,0.0,0.0,0.0,0.0,0.0,0.0,0.0,0.0,0.0,0.0,0.0,0.0,0.0,0.0,0.0,0.0,0.0,0.0,0.0,0.0,0.0,0.0,0.0,0.0,0.0,0.0,0.0,0.0,0.0,0.0,0.0,0.0,0.0,0.0,0.0,0.0,0.0,0.0,0.0,0.0,0.0,0.0,0.0,0.0,0.0,0.0,0.0,0.0,0.0,0.0,0.0,0.0,0.0,0.0,0.0,0.0,0.0,0.0,0.0,0.0,0.0,0.0,0.0,0.0,0.0,0.0,0.0,0.0,0.0,0.0,0.0,41198.78125,41198.7822265625,0.0,0.0,0.0,0.0,0.0,0.0,0.0,0.0,WA
8875973,WA,5306,0.24349766969680786,2,0.0,65913.4765625,69957.4140625,2,0,4798.6123046875,0.0,104749.1953125,0.0,0.0,0.0,0.0,0.0,-563.72265625,0.0,563.71875,0.0,-1872.0,0.0,1872.0,0.0,1272.0,0.0,-1272.0,0.0,0.0,0.0,0.0,0.0,0.0,0.0,0.0,0.0,0.0,0.0,0.0,0.0,-600.0,0.0,600.0,0.0,0.0,0.0,0.0,0.0,0.0,0.0,0.0,0.0,0.0,0.0,0.0,0.0,-240.0,0.0,240.0,0.0,0.0,0.0,0.0,0.0,0.0,0.0,0.0,0.0,0.0,0.0,0.0,0.0,0.0,0.0,0.0,0.0,0.0,0.0,0.0,0.0,0.0,0.0,0.0,0.0,0.0,0.0,0.0,0.0,0.0,0.0,0.0,0.0,0.0,0.0,0.0,0.0,0.0,0.0,0.0,0.0,2794.8896484375,0.0,106752.9140625,0.0,-2003.72265625,0.0,2003.71875,0.0,-41.75629388297683,0.0,1.9128726720809937,0.0,WA
8875974,WA,5306,0.3198342025279999,2,0.0,82998.4453125,363474.125,2,0,66116.65625,0.0,357406.25,56057.87109375,0.0,0.0,0.0,56057.87109375,0.0,0.0,0.0,0.0,0.0,0.0,0.0,0.0,0.0,0.0,0.0,0.0,0.0,0.0,0.0,0.0,0.0,0.0,0.0,0.0,0.0,0.0,0.0,0.0,-0.2578125,0.0,0.25,0.0,-12771.1015625,0.0,12771.09375,0.0,0.0,0.0,0.0,0.0,0.0,0.0,0.0,0.0,-440.0,0.0,440.0,0.0,0.0,0.0,0.0,0.0,0.0,0.0,0.0,0.0,0.0,0.0,0.0,0.0,0.0,0.0,0.0,0.0,0.0,0.0,0.0,0.0,0.0,0.0,0.0,0.0,0.0,0.0,0.0,0.0,0.0,0.0,0.0,0.0,0.0,0.0,0.0,0.0,0.0,0.0,0.0,0.0,52905.296875,0.0,370617.59375,56057.87109375,-13211.359375,0.0,13211.34375,0.0,-19.981892800273002,0.0,3.6964502334594727,0.0,WA
8875975,WA,5306,0.35160720348358154,2,0.0,0.0,17679.19921875,2,0,0.0,0.0,100088.484375,49069.1640625,0.0,0.0,0.0,49069.1640625,0.0,0.0,0.0,0.0,0.0,0.0,0.0,0.0,0.0,0.0,0.0,0.0,0.0,0.0,0.0,0.0,0.0,0.0,0.0,0.0,0.0,0.0,0.0,0.0,0.0,0.0,0.0,0.0,0.0,0.0,0.0,0.0,0.0,0.0,0.0,0.0,0.0,0.0,0.0,0.0,0.0,0.0,0.0,0.0,0.0,0.0,0.0,0.0,0.0,0.0,0.0,0.0,0.0,0.0,0.0,0.0,0.0,0.0,0.0,0.0,0.0,0.0,0.0,0.0,0.0,0.0,0.0,0.0,0.0,0.0,0.0,0.0,0.0,0.0,0.0,0.0,0.0,0.0,0.0,0.0,0.0,0.0,0.0,0.0,0.0,0.0,100088.484375,49069.1640625,0.0,0.0,0.0,0.0,0.0,0.0,0.0,0.0,WA
8875976,WA,5306,0.15531416237354279,6,1.9999999999999998,173210.064453125,411839.083984375,6,0,65903.4306640625,-673.3740844726562,351295.03125,0.0,12436.414794921875,0.0,0.0,12436.414794921875,0.0,0.0,0.0,0.0,-776.25048828125,0.0,776.25,0.0,633.75048828125,0.0,-633.75,0.0,0.0,0.0,0.0,0.0,-1700.0,0.0,1700.0,0.0,-133.75048828125,0.0,133.75,0.0,-10323.77734375,0.0,10323.8125,0.0,-3403.98046875,0.0,3403.96875,0.0,0.0,0.0,0.0,0.0,0.0,0.0,0.0,0.0,0.0,0.0,0.0,0.0,0.0,0.0,0.0,0.0,0.0,0.0,0.0,0.0,0.0,0.0,0.0,0.0,0.0,0.0,0.0,0.0,0.0,0.0,0.0,0.0,0.0,0.0,0.0,0.0,0.0,0.0,0.0,0.0,0.0,0.0,0.0,0.0,0.0,0.0,0.0,0.0,0.0,0.0,0.0,0.0,50199.42236328125,-673.3740844726562,366999.0625,12436.414794921875,-15704.00830078125,0.0,15704.03125,0.0,-23.828817623821717,0.0,4.470325469970703,0.0,WA
8875977,WA,5306,0.22772042453289032,2,0.0,0.0,4124.33349609375,2,0,0.0,0.0,79414.265625,14941.009765625,52815.25,0.0,0.0,67756.259765625,0.0,0.0,0.0,0.0,0.0,0.0,0.0,0.0,0.0,0.0,0.0,0.0,0.0,0.0,0.0,0.0,0.0,0.0,0.0,0.0,0.0,0.0,0.0,0.0,0.0,0.0,0.0,0.0,0.0,0.0,0.0,0.0,0.0,0.0,0.0,0.0,0.0,0.0,0.0,0.0,0.0,0.0,0.0,0.0,0.0,0.0,0.0,0.0,0.0,0.0,0.0,0.0,0.0,0.0,0.0,0.0,0.0,0.0,0.0,0.0,0.0,0.0,0.0,0.0,0.0,0.0,0.0,0.0,0.0,0.0,0.0,0.0,0.0,0.0,0.0,0.0,0.0,0.0,0.0,0.0,0.0,0.0,0.0,0.0,0.0,0.0,79414.265625,67756.259765625,0.0,0.0,0.0,0.0,0.0,0.0,0.0,0.0,WA
8875978,WA,5306,0.10907603800296783,3,2.0,232248.4375,407327.96875,3,0,74951.6953125,0.0,334050.875,389.11334228515625,0.0,0.0,0.0,389.11334228515625,0.0,0.0,0.0,0.0,0.0,0.0,0.0,0.0,0.0,0.0,0.0,0.0,0.0,0.0,0.0,0.0,0.0,0.0,0.0,0.0,0.0,0.0,0.0,0.0,-1300.0,0.0,1300.0,0.0,-13251.33203125,0.0,13251.3125,0.0,0.0,0.0,0.0,0.0,0.0,0.0,0.0,0.0,0.0,0.0,0.0,0.0,-241.0390625,0.0,241.0625,0.0,0.0,0.0,0.0,0.0,0.0,0.0,0.0,0.0,0.0,0.0,0.0,0.0,0.0,0.0,0.0,0.0,0.0,0.0,0.0,0.0,0.0,0.0,0.0,0.0,0.0,0.0,0.0,0.0,0.0,0.0,0.0,0.0,0.0,0.0,0.0,0.0,60159.32421875,0.0,348843.25,389.11334228515625,-14792.37109375,0.0,14792.375,0.0,-19.735872593775763,0.0,4.42818021774292,0.0,WA
8875979,WA,5306,0.1037839725613594,2,0.0,2758.935546875,175521.640625,2,0,23431.154296875,0.0,201047.8125,38320.1640625,0.0,0.0,0.0,38320.1640625,-3326.873046875,0.0,3326.859375,0.0,-3119.080078125,0.0,3119.078125,0.0,2019.080078125,0.0,-2019.078125,0.0,0.0,0.0,0.0,0.0,0.0,0.0,0.0,0.0,0.0,0.0,0.0,0.0,-1100.0,0.0,1100.0,0.0,0.0,0.0,0.0,0.0,0.0,0.0,0.0,0.0,0.0,0.0,0.0,0.0,-152.142578125,0.0,152.140625,0.0,0.0,0.0,0.0,0.0,0.0,0.0,0.0,0.0,0.0,0.0,0.0,0.0,0.0,0.0,0.0,0.0,0.0,0.0,0.0,0.0,-2303.1142578125,0.0,2303.125,0.0,0.0,0.0,0.0,0.0,0.0,0.0,0.0,0.0,0.0,0.0,0.0,0.0,0.0,0.0,0.0,0.0,15449.0244140625,0.0,209029.9375,38320.1640625,-7982.1298828125,0.0,7982.125,0.0,-34.06631095369071,0.0,3.970262050628662,0.0,WA
8875980,WA,5306,1.025320053100586,3,1.0,5747.81787109375,-6679.20751953125,3,0,0.0,0.0,48937.41015625,20553.720703125,16079.84326171875,0.0,0.0,36633.56396484375,0.0,0.0,0.0,0.0,0.0,0.0,0.0,0.0,0.0,0.0,0.0,0.0,0.0,0.0,0.0,0.0,0.0,0.0,0.0,0.0,0.0,0.0,0.0,0.0,0.0,0.0,0.0,0.0,0.0,0.0,0.0,0.0,0.0,0.0,0.0,0.0,0.0,0.0,0.0,0.0,0.0,0.0,0.0,0.0,0.0,0.0,0.0,0.0,0.0,0.0,0.0,0.0,0.0,0.0,0.0,0.0,0.0,0.0,0.0,0.0,0.0,0.0,0.0,0.0,0.0,0.0,0.0,0.0,0.0,0.0,0.0,0.0,0.0,0.0,0.0,0.0,0.0,0.0,0.0,0.0,0.0,0.0,0.0,0.0,0.0,0.0,48937.41015625,36633.56396484375,0.0,0.0,0.0,0.0,0.0,0.0,0.0,0.0,WA
8875981,WA,5306,0.11980579048395157,6,1.0,196687.3662109375,213063.373046875,6,0,16999.745361328125,0.0,181146.6875,0.0,0.0,0.0,0.0,0.0,-2379.9486083984357,0.0,2379.9375,0.0,-4539.194763183594,0.0,4539.203125,0.0,3709.9998168945312,0.0,-3710.0,0.0,0.0,0.0,0.0,0.0,-1350.0,0.0,1350.0,0.0,0.0,0.0,0.0,0.0,-617.853759765625,0.0,617.84375,0.0,0.0,0.0,0.0,0.0,0.0,0.0,0.0,0.0,0.0,0.0,0.0,0.0,-133.16796875000364,0.0,133.171875,0.0,0.0,0.0,0.0,0.0,0.0,0.0,0.0,0.0,0.0,0.0,0.0,0.0,0.0,0.0,0.0,0.0,0.0,0.0,0.0,0.0,0.0,0.0,0.0,0.0,0.0,0.0,0.0,0.0,0.0,0.0,0.0,0.0,0.0,0.0,0.0,0.0,0.0,0.0,0.0,0.0,11689.580078124998,0.0,186456.84375,0.0,-5310.165283203127,0.0,5310.15625,0.0,-31.23673425887283,0.0,2.9314122200012207,0.0,WA
8875982,WA,5306,0.03946949169039726,4,2.0,1485945.9375,1868088.625,4,0,631225.125,0.0,1204025.25,0.0,0.0,0.0,0.0,0.0,-50477.25,0.0,50477.25,0.0,-238.25,0.0,238.25,0.0,0.0,0.0,0.0,0.0,0.0,0.0,0.0,0.0,0.0,0.0,0.0,0.0,0.0,0.0,0.0,0.0,-1850.0,0.0,1850.0,0.0,0.0,0.0,0.0,0.0,0.0,0.0,0.0,0.0,0.0,0.0,0.0,0.0,-740.0,0.0,740.0,0.0,-15230.4375,0.0,15230.5,0.0,0.0,0.0,0.0,0.0,0.0,0.0,0.0,0.0,0.0,0.0,0.0,0.0,0.0,0.0,0.0,0.0,0.0,0.0,0.0,0.0,0.0,0.0,0.0,0.0,0.0,0.0,0.0,0.0,0.0,0.0,0.0,0.0,0.0,0.0,0.0,0.0,562689.1875,0.0,1272561.25,0.0,-68535.9375,0.0,68536.0,0.0,-10.85760607200165,0.0,5.692239284515381,0.0,WA
8875983,WA,5306,0.1034318208694458,2,0.0,150777.48046875,562716.9375,2,0,146984.875,0.0,428754.4375,0.0,0.0,0.0,0.0,0.0,0.0,0.0,0.0,0.0,0.0,0.0,0.0,0.0,0.0,0.0,0.0,0.0,0.0,0.0,0.0,0.0,0.0,0.0,0.0,0.0,0.0,0.0,0.0,0.0,-20306.2578125,0.0,20306.25,0.0,-26452.1875,0.0,26452.1875,0.0,0.0,0.0,0.0,0.0,0.0,0.0,0.0,0.0,-640.0,0.0,640.0,0.0,0.0,0.0,0.0,0.0,0.0,0.0,0.0,0.0,0.0,0.0,0.0,0.0,0.0,0.0,0.0,0.0,0.0,0.0,0.0,0.0,0.0,0.0,0.0,0.0,0.0,0.0,0.0,0.0,0.0,0.0,0.0,0.0,0.0,0.0,0.0,0.0,0.0,0.0,0.0,0.0,99586.4296875,0.0,476152.875,0.0,-47398.4453125,0.0,47398.4375,0.0,-32.247158296049165,0.0,11.054914474487305,0.0,WA
8875984,WA,5306,61.419063568115234,1,0.0,0.0,0.0,1,0,-119.18473815917969,-341.9477844238281,10812.08984375,0.0,8792.986328125,0.0,0.0,8792.986328125,0.0,0.0,0.0,0.0,0.0,0.0,0.0,0.0,0.0,0.0,0.0,0.0,0.0,0.0,0.0,0.0,0.0,0.0,0.0,0.0,0.0,0.0,0.0,0.0,0.0,0.0,0.0,0.0,0.0,0.0,0.0,0.0,0.0,0.0,0.0,0.0,0.0,0.0,0.0,0.0,0.0,0.0,0.0,0.0,0.0,0.0,0.0,0.0,0.0,0.0,0.0,0.0,0.0,0.0,0.0,0.0,0.0,0.0,0.0,0.0,0.0,0.0,0.0,0.0,0.0,0.0,0.0,0.0,0.0,0.0,0.0,0.0,0.0,0.0,0.0,0.0,0.0,0.0,0.0,0.0,0.0,0.0,0.0,0.0,-119.18473815917969,-341.9477844238281,10812.08984375,8792.986328125,0.0,0.0,0.0,0.0,0.0,0.0,0.0,0.0,WA
8875985,WA,5306,0.10815347731113434,3,1.0,392781.171875,1089791.0,3,0,271024.09375,27055.572265625,774483.5,0.0,0.0,0.0,0.0,0.0,0.0,0.0,0.0,0.0,0.0,0.0,0.0,0.0,0.0,0.0,0.0,0.0,0.0,0.0,0.0,0.0,0.0,0.0,0.0,0.0,0.0,0.0,0.0,0.0,0.0,0.0,0.0,0.0,-38948.0,0.0,38948.0,0.0,0.0,0.0,0.0,0.0,0.0,0.0,0.0,0.0,-560.0,0.0,560.0,0.0,0.0,0.0,0.0,0.0,0.0,0.0,0.0,0.0,0.0,0.0,0.0,0.0,0.0,0.0,0.0,0.0,0.0,0.0,0.0,0.0,0.0,0.0,0.0,0.0,0.0,0.0,0.0,0.0,0.0,0.0,0.0,0.0,0.0,0.0,0.0,0.0,0.0,0.0,0.0,0.0,231516.09375,27055.572265625,813991.5,0.0,-39508.0,0.0,39508.0,0.0,-14.577301764338063,0.0,5.101206302642822,0.0,WA
8875986,WA,5306,127.9576644897461,1,0.0,0.0,0.0,1,0,0.0,0.0,57836.59375,29062.138671875,0.0,0.0,0.0,29062.138671875,0.0,0.0,0.0,0.0,0.0,0.0,0.0,0.0,0.0,0.0,0.0,0.0,0.0,0.0,0.0,0.0,0.0,0.0,0.0,0.0,0.0,0.0,0.0,0.0,0.0,0.0,0.0,0.0,0.0,0.0,0.0,0.0,0.0,0.0,0.0,0.0,0.0,0.0,0.0,0.0,0.0,0.0,0.0,0.0,0.0,0.0,0.0,0.0,0.0,0.0,0.0,0.0,0.0,0.0,0.0,0.0,0.0,0.0,0.0,0.0,0.0,0.0,0.0,0.0,0.0,0.0,0.0,0.0,0.0,0.0,0.0,0.0,0.0,0.0,0.0,0.0,0.0,0.0,0.0,0.0,0.0,0.0,0.0,0.0,0.0,0.0,57836.59375,29062.138671875,0.0,0.0,0.0,0.0,0.0,0.0,0.0,0.0,WA
8875987,WA,5306,0.0944652184844017,3,1.0,149757.359375,458645.6875,3,0,115402.0390625,0.0,358532.1875,0.0,0.0,0.0,0.0,0.0,0.0,0.0,0.0,0.0,0.0,0.0,0.0,0.0,0.0,0.0,0.0,0.0,0.0,0.0,0.0,0.0,0.0,0.0,0.0,0.0,0.0,0.0,0.0,0.0,-15357.4296875,0.0,15357.4375,0.0,-20393.6796875,0.0,20393.65625,0.0,0.0,0.0,0.0,0.0,0.0,0.0,0.0,0.0,-570.8203125,0.0,570.84375,0.0,0.0,0.0,0.0,0.0,0.0,0.0,0.0,0.0,0.0,0.0,0.0,0.0,0.0,0.0,0.0,0.0,0.0,0.0,0.0,0.0,0.0,0.0,0.0,0.0,0.0,0.0,0.0,0.0,0.0,0.0,0.0,0.0,0.0,0.0,0.0,0.0,0.0,0.0,0.0,0.0,79080.109375,0.0,394854.125,0.0,-36321.9296875,0.0,36321.9375,0.0,-31.47425295304236,0.0,10.130732536315918,0.0,WA
8875988,WA,5306,0.11661122739315033,2,0.0,43922.0234375,145007.0625,2,0,17551.765625,0.0,162636.25,30108.544921875,0.0,0.0,0.0,30108.544921875,-2936.2119140625,0.0,2936.203125,0.0,-3242.7060546875,0.0,3242.703125,0.0,2142.7060546875,0.0,-2142.703125,0.0,0.0,0.0,0.0,0.0,0.0,0.0,0.0,0.0,0.0,0.0,0.0,0.0,0.0,0.0,0.0,0.0,0.0,0.0,0.0,0.0,0.0,0.0,0.0,0.0,0.0,0.0,0.0,0.0,-440.0,0.0,440.0,0.0,0.0,0.0,0.0,0.0,0.0,0.0,0.0,0.0,0.0,0.0,0.0,0.0,0.0,0.0,0.0,0.0,0.0,0.0,0.0,0.0,-2110.7060546875,0.0,2110.703125,0.0,0.0,0.0,0.0,0.0,0.0,0.0,0.0,0.0,0.0,0.0,0.0,0.0,0.0,0.0,0.0,0.0,10964.84765625,0.0,169223.15625,30108.544921875,-6586.91796875,0.0,6586.90625,0.0,-37.52852054592086,0.0,4.050085067749023,0.0,WA
8875989,WA,5306,0.09178899973630905,1,0.0,52924.71875,99799.421875,1,0,15499.85546875,0.0,139255.796875,43499.56640625,0.0,0.0,0.0,43499.56640625,-2274.982421875,0.0,2274.984375,0.0,-1716.0,0.0,1716.0,0.0,1166.0,0.0,-1166.0,0.0,0.0,0.0,0.0,0.0,0.0,0.0,0.0,0.0,0.0,0.0,0.0,0.0,0.0,0.0,0.0,0.0,0.0,0.0,0.0,0.0,0.0,0.0,0.0,0.0,0.0,0.0,0.0,0.0,0.0,0.0,0.0,0.0,0.0,0.0,0.0,0.0,0.0,0.0,0.0,0.0,0.0,0.0,0.0,0.0,0.0,0.0,0.0,0.0,0.0,0.0,0.0,0.0,-992.6474609375,0.0,992.640625,0.0,0.0,0.0,0.0,0.0,0.0,0.0,0.0,0.0,0.0,0.0,0.0,0.0,0.0,0.0,0.0,0.0,11682.2255859375,0.0,143073.421875,43499.56640625,-3817.6298828125,0.0,3817.625,0.0,-24.630099877443413,0.0,2.741447925567627,0.0,WA
8875990,WA,5306,122.17831420898438,1,0.0,0.0,0.0,1,0,0.0,0.0,37716.37890625,22232.19921875,0.0,0.0,0.0,22232.19921875,0.0,0.0,0.0,0.0,0.0,0.0,0.0,0.0,0.0,0.0,0.0,0.0,0.0,0.0,0.0,0.0,0.0,0.0,0.0,0.0,0.0,0.0,0.0,0.0,0.0,0.0,0.0,0.0,0.0,0.0,0.0,0.0,0.0,0.0,0.0,0.0,0.0,0.0,0.0,0.0,0.0,0.0,0.0,0.0,0.0,0.0,0.0,0.0,0.0,0.0,0.0,0.0,0.0,0.0,0.0,0.0,0.0,0.0,0.0,0.0,0.0,0.0,0.0,0.0,0.0,0.0,0.0,0.0,0.0,0.0,0.0,0.0,0.0,0.0,0.0,0.0,0.0,0.0,0.0,0.0,0.0,0.0,0.0,0.0,0.0,0.0,37716.37890625,22232.19921875,0.0,0.0,0.0,0.0,0.0,0.0,0.0,0.0,WA
8875991,WA,5306,0.2337293028831482,4,1.0,74631.611328125,81061.26953125,4,0,1866.3372192382812,0.0,88055.2578125,0.0,0.0,0.0,2810.25634765625,2810.25634765625,-33.8896484375,0.0,33.890625,0.0,-2082.8160400390625,0.0,2082.8125,0.0,1868.8160400390625,0.0,-1868.8125,0.0,0.0,0.0,0.0,0.0,-1200.0,0.0,1200.0,0.0,0.0,0.0,0.0,0.0,0.0,0.0,0.0,0.0,0.0,0.0,0.0,0.0,0.0,0.0,0.0,0.0,0.0,0.0,0.0,0.0,-211.92626953125,0.0,211.921875,0.0,0.0,0.0,0.0,0.0,0.0,0.0,0.0,0.0,0.0,0.0,0.0,0.0,0.0,0.0,0.0,0.0,-802.088623046875,0.0,802.0859375,0.0,-266.88946533203125,0.0,266.890625,0.0,0.0,0.0,0.0,0.0,0.0,0.0,0.0,0.0,0.0,0.0,0.0,0.0,0.0,0.0,0.0,0.0,-862.456787109375,0.0,90784.046875,2810.25634765625,-2728.7940063476562,0.0,2728.7890625,0.0,-146.21119796675194,0.0,3.0989506244659424,0.0,WA
8875992,WA,5306,49.61942672729492,1,0.0,0.0,15289.0849609375,1,0,0.0,0.0,64924.8671875,25308.44140625,0.0,0.0,0.0,25308.44140625,0.0,0.0,0.0,0.0,0.0,0.0,0.0,0.0,0.0,0.0,0.0,0.0,0.0,0.0,0.0,0.0,0.0,0.0,0.0,0.0,0.0,0.0,0.0,0.0,0.0,0.0,0.0,0.0,0.0,0.0,0.0,0.0,0.0,0.0,0.0,0.0,0.0,0.0,0.0,0.0,0.0,0.0,0.0,0.0,0.0,0.0,0.0,0.0,0.0,0.0,0.0,0.0,0.0,0.0,0.0,0.0,0.0,0.0,0.0,0.0,0.0,0.0,0.0,0.0,0.0,0.0,0.0,0.0,0.0,0.0,0.0,0.0,0.0,0.0,0.0,0.0,0.0,0.0,0.0,0.0,0.0,0.0,0.0,0.0,0.0,0.0,64924.8671875,25308.44140625,0.0,0.0,0.0,0.0,0.0,0.0,0.0,0.0,WA
8875993,WA,5306,121.36378479003906,2,0.0,2433.935791015625,2433.935791015625,2,0,0.0,0.0,24128.00390625,0.0,17585.97265625,0.0,0.0,17585.97265625,0.0,0.0,0.0,0.0,0.0,0.0,0.0,0.0,0.0,0.0,0.0,0.0,0.0,0.0,0.0,0.0,0.0,0.0,0.0,0.0,0.0,0.0,0.0,0.0,0.0,0.0,0.0,0.0,0.0,0.0,0.0,0.0,0.0,0.0,0.0,0.0,0.0,0.0,0.0,0.0,0.0,0.0,0.0,0.0,0.0,0.0,0.0,0.0,0.0,0.0,0.0,0.0,0.0,0.0,0.0,0.0,0.0,0.0,0.0,0.0,0.0,0.0,0.0,0.0,0.0,0.0,0.0,0.0,0.0,0.0,0.0,0.0,0.0,0.0,0.0,0.0,0.0,0.0,0.0,0.0,0.0,0.0,0.0,0.0,0.0,0.0,24128.00390625,17585.97265625,0.0,0.0,0.0,0.0,0.0,0.0,0.0,0.0,WA
8875994,WA,5306,108.87391662597656,1,0.0,0.0,-1156.655517578125,1,0,0.0,0.0,55895.1796875,28669.759765625,0.0,0.0,0.0,28669.759765625,0.0,0.0,0.0,0.0,0.0,0.0,0.0,0.0,0.0,0.0,0.0,0.0,0.0,0.0,0.0,0.0,0.0,0.0,0.0,0.0,0.0,0.0,0.0,0.0,0.0,0.0,0.0,0.0,0.0,0.0,0.0,0.0,0.0,0.0,0.0,0.0,0.0,0.0,0.0,0.0,0.0,0.0,0.0,0.0,0.0,0.0,0.0,0.0,0.0,0.0,0.0,0.0,0.0,0.0,0.0,0.0,0.0,0.0,0.0,0.0,0.0,0.0,0.0,0.0,0.0,0.0,0.0,0.0,0.0,0.0,0.0,0.0,0.0,0.0,0.0,0.0,0.0,0.0,0.0,0.0,0.0,0.0,0.0,0.0,0.0,0.0,55895.1796875,28669.759765625,0.0,0.0,0.0,0.0,0.0,0.0,0.0,0.0,WA
8875995,WA,5306,0.16996140778064728,4,2.0,44423.705078125,44423.705078125,4,0,-1854.3974609375,-341.9477844238281,97726.2265625,26723.501953125,24872.82958984375,0.0,0.0,51596.33154296875,0.0,0.0,0.0,0.0,-696.986694335937,0.0,696.984375,0.0,1084.4866943359373,0.0,-1084.484375,0.0,0.0,0.0,0.0,0.0,-2399.9998779296875,0.0,2400.0,0.0,0.0,0.0,0.0,0.0,0.0,0.0,0.0,0.0,0.0,0.0,0.0,0.0,0.0,0.0,0.0,0.0,0.0,0.0,0.0,0.0,0.0,0.0,0.0,0.0,0.0,0.0,0.0,0.0,0.0,0.0,0.0,0.0,0.0,0.0,0.0,0.0,0.0,0.0,0.0,0.0,0.0,0.0,0.0,0.0,0.0,0.0,0.0,0.0,-32.42626953125,0.0,32.4296875,0.0,0.0,0.0,0.0,0.0,0.0,0.0,0.0,0.0,0.0,0.0,0.0,0.0,-3899.3236083984375,-341.9477844238281,99771.15625,51596.33154296875,-2044.9261474609375,0.0,2044.9296875,0.0,-110.27442554990961,0.0,2.092508554458618,0.0,WA
8875996,WA,5306,0.04421137645840645,2,0.0,67164.625,172552.515625,2,0,19135.724609375,0.0,208122.0625,41394.88671875,0.0,0.0,0.0,41394.88671875,-3118.451171875,0.0,3118.4375,0.0,0.0,0.0,0.0,0.0,2332.0,0.0,-2332.0,0.0,0.0,0.0,0.0,0.0,0.0,0.0,0.0,0.0,0.0,0.0,0.0,0.0,0.0,0.0,0.0,0.0,0.0,0.0,0.0,0.0,0.0,0.0,0.0,0.0,0.0,0.0,0.0,0.0,0.0,0.0,0.0,0.0,0.0,0.0,0.0,0.0,0.0,0.0,0.0,0.0,0.0,0.0,0.0,0.0,0.0,0.0,0.0,0.0,0.0,0.0,0.0,0.0,-2342.3056640625,0.0,2342.3125,0.0,0.0,0.0,0.0,0.0,0.0,0.0,0.0,0.0,0.0,0.0,0.0,0.0,0.0,0.0,0.0,0.0,16006.9677734375,0.0,211250.8125,41394.88671875,-3128.7568359375,0.0,3128.75,0.0,-16.350344185057175,0.0,1.5033245086669922,0.0,WA
8875997,WA,5306,110.91194152832031,1,0.0,0.0,10957.6572265625,1,0,0.0,0.0,79581.671875,34878.12890625,0.0,0.0,0.0,34878.12890625,0.0,0.0,0.0,0.0,0.0,0.0,0.0,0.0,0.0,0.0,0.0,0.0,0.0,0.0,0.0,0.0,0.0,0.0,0.0,0.0,0.0,0.0,0.0,0.0,0.0,0.0,0.0,0.0,0.0,0.0,0.0,0.0,0.0,0.0,0.0,0.0,0.0,0.0,0.0,0.0,0.0,0.0,0.0,0.0,0.0,0.0,0.0,0.0,0.0,0.0,0.0,0.0,0.0,0.0,0.0,0.0,0.0,0.0,0.0,0.0,0.0,0.0,0.0,0.0,0.0,0.0,0.0,0.0,0.0,0.0,0.0,0.0,0.0,0.0,0.0,0.0,0.0,0.0,0.0,0.0,0.0,0.0,0.0,0.0,0.0,0.0,79581.671875,34878.12890625,0.0,0.0,0.0,0.0,0.0,0.0,0.0,0.0,WA
8875998,WA,5306,0.0994621142745018,4,2.0,82706.34375,413786.8125,4,0,85111.8984375,0.0,322464.9375,0.0,0.0,0.0,0.0,0.0,0.0,0.0,0.0,0.0,0.0,0.0,0.0,0.0,0.0,0.0,0.0,0.0,0.0,0.0,0.0,0.0,-3700.0,0.0,3700.0,0.0,0.0,0.0,0.0,0.0,-3651.3203125,0.0,3651.3125,0.0,-15349.8515625,0.0,15349.875,0.0,0.0,0.0,0.0,0.0,0.0,0.0,0.0,0.0,-440.0,0.0,440.0,0.0,0.0,0.0,0.0,0.0,0.0,0.0,0.0,0.0,0.0,0.0,0.0,0.0,0.0,0.0,0.0,0.0,0.0,0.0,0.0,0.0,0.0,0.0,0.0,0.0,0.0,0.0,0.0,0.0,0.0,0.0,0.0,0.0,0.0,0.0,0.0,0.0,0.0,0.0,0.0,0.0,61970.7265625,0.0,345606.125,0.0,-23141.171875,0.0,23141.1875,0.0,-27.1891149179256,0.0,7.176342487335205,0.0,WA
8875999,WA,5306,0.09153389185667038,4,2.0,90055.56335449219,106436.640625,4,0,4810.9052734375,0.0,112095.21875,0.0,0.0,0.0,0.0,0.0,-886.18115234375,0.0,886.1796875,0.0,-1872.0,0.0,1872.0,0.0,2544.0,0.0,-2544.0,0.0,0.0,0.0,0.0,0.0,-2400.0,0.0,2400.0,0.0,0.0,0.0,0.0,0.0,-600.0,0.0,600.0,0.0,0.0,0.0,0.0,0.0,0.0,0.0,0.0,0.0,0.0,0.0,0.0,0.0,-216.02978515625,0.0,216.03125,0.0,0.0,0.0,0.0,0.0,0.0,0.0,0.0,0.0,0.0,0.0,0.0,0.0,0.0,0.0,0.0,0.0,0.0,0.0,0.0,0.0,0.0,0.0,0.0,0.0,-47.0830078125,0.0,47.0859375,0.0,0.0,0.0,0.0,0.0,0.0,0.0,0.0,0.0,0.0,0.0,0.0,0.0,1333.611328125,0.0,115572.515625,0.0,-3477.2939453125,0.0,3477.296875,0.0,-72.27940995869776,0.0,3.1020920276641846,0.0,WA
8876000,WA,5306,0.12060242146253586,6,3.9999999999999996,124166.94921875,125051.51562499999,6,0,6892.680664062499,0.0,156066.71875,0.0,0.0,0.0,11241.025390625,11241.025390625,-1542.536132812499,0.0,1542.53125,0.0,-1719.962890625,0.0,1719.96875,0.0,3816.0,0.0,-3816.0,0.0,0.0,0.0,0.0,0.0,-5600.0,0.0,5600.0,0.0,0.0,0.0,0.0,0.0,0.0,0.0,0.0,0.0,0.0,0.0,0.0,0.0,0.0,0.0,0.0,0.0,0.0,0.0,0.0,0.0,-73.224609375,0.0,73.21875,0.0,0.0,0.0,0.0,0.0,0.0,0.0,0.0,0.0,0.0,0.0,0.0,0.0,0.0,0.0,0.0,0.0,-1366.1210937500002,0.0,1366.125,0.0,0.0,0.0,0.0,0.0,-105.05957031249994,0.0,105.0625,0.0,0.0,0.0,0.0,0.0,0.0,0.0,0.0,0.0,0.0,0.0,0.0,0.0,301.7763671875,0.0,162657.625,11241.025390625,-6590.904296874999,0.0,6590.90625,0.0,-95.62178516754851,0.0,4.223133563995361,0.0,WA
8876001,WA,5306,0.10226495563983917,2,0.0,4353.4365234375,81147.40625,2,0,2120.55419921875,0.0,147157.828125,48889.328125,0.0,0.0,0.0,48889.328125,0.0,0.0,0.0,0.0,-1560.0001220703125,0.0,1560.0,0.0,1060.0,0.0,-1060.0,0.0,0.0,0.0,0.0,0.0,0.0,0.0,0.0,0.0,0.0,0.0,0.0,0.0,0.0,0.0,0.0,0.0,0.0,0.0,0.0,0.0,0.0,0.0,0.0,0.0,0.0,0.0,0.0,0.0,-200.0,0.0,200.0,0.0,0.0,0.0,0.0,0.0,0.0,0.0,0.0,0.0,0.0,0.0,0.0,0.0,0.0,0.0,0.0,0.0,0.0,0.0,0.0,0.0,-1199.9999694824219,0.0,1200.0,0.0,0.0,0.0,0.0,0.0,0.0,0.0,0.0,0.0,0.0,0.0,0.0,0.0,0.0,0.0,0.0,0.0,220.55410766601562,0.0,149057.828125,48889.328125,-1900.0000915527344,0.0,1900.0,0.0,-89.59922327157346,0.0,1.291130781173706,0.0,WA
8876002,WA,5306,292.71331787109375,2,0.0,0.0,-2566.994873046875,2,0,0.0,0.0,46000.4140625,31485.623046875,0.0,0.0,0.0,31485.623046875,0.0,0.0,0.0,0.0,0.0,0.0,0.0,0.0,0.0,0.0,0.0,0.0,0.0,0.0,0.0,0.0,0.0,0.0,0.0,0.0,0.0,0.0,0.0,0.0,0.0,0.0,0.0,0.0,0.0,0.0,0.0,0.0,0.0,0.0,0.0,0.0,0.0,0.0,0.0,0.0,0.0,0.0,0.0,0.0,0.0,0.0,0.0,0.0,0.0,0.0,0.0,0.0,0.0,0.0,0.0,0.0,0.0,0.0,0.0,0.0,0.0,0.0,0.0,0.0,0.0,0.0,0.0,0.0,0.0,0.0,0.0,0.0,0.0,0.0,0.0,0.0,0.0,0.0,0.0,0.0,0.0,0.0,0.0,0.0,0.0,0.0,46000.4140625,31485.623046875,0.0,0.0,0.0,0.0,0.0,0.0,0.0,0.0,WA
8876003,WA,5306,234.8449249267578,2,0.0,0.0,21138.52734375,2,0,0.0,0.0,67461.890625,22307.9296875,0.0,0.0,0.0,22307.9296875,0.0,0.0,0.0,0.0,0.0,0.0,0.0,0.0,0.0,0.0,0.0,0.0,0.0,0.0,0.0,0.0,0.0,0.0,0.0,0.0,0.0,0.0,0.0,0.0,0.0,0.0,0.0,0.0,0.0,0.0,0.0,0.0,0.0,0.0,0.0,0.0,0.0,0.0,0.0,0.0,0.0,0.0,0.0,0.0,0.0,0.0,0.0,0.0,0.0,0.0,0.0,0.0,0.0,0.0,0.0,0.0,0.0,0.0,0.0,0.0,0.0,0.0,0.0,0.0,0.0,0.0,0.0,0.0,0.0,0.0,0.0,0.0,0.0,0.0,0.0,0.0,0.0,0.0,0.0,0.0,0.0,0.0,0.0,0.0,0.0,0.0,67461.890625,22307.9296875,0.0,0.0,0.0,0.0,0.0,0.0,0.0,0.0,WA
8876004,WA,5306,0.4201321303844452,2,0.0,64014.6572265625,78499.0126953125,2,0,7265.563183784485,0.0,84219.234375,9089.9296875,8792.986328125,0.0,0.0,17882.916015625,-1284.326171875,0.0,1284.328125,0.0,-1029.9333009719849,0.0,1029.9375,0.0,636.0,0.0,-636.0,0.0,0.0,0.0,0.0,0.0,0.0,0.0,0.0,0.0,0.0,0.0,0.0,0.0,-12.0341796875,0.0,12.03125,0.0,0.0,0.0,0.0,0.0,0.0,0.0,0.0,0.0,0.0,0.0,0.0,0.0,-120.0,0.0,120.0,0.0,0.0,0.0,0.0,0.0,0.0,0.0,0.0,0.0,0.0,0.0,0.0,0.0,0.0,0.0,0.0,0.0,0.0,0.0,0.0,0.0,0.0,0.0,0.0,0.0,-85.60498046875,0.0,85.6015625,0.0,0.0,0.0,0.0,0.0,0.0,0.0,0.0,0.0,0.0,0.0,0.0,0.0,5369.66455078125,0.0,86115.1328125,17882.916015625,-1895.8986330032349,0.0,1895.8984375,0.0,-26.094310723696708,0.0,2.2511465549468994,0.0,WA
8876005,WA,5306,63.136199951171875,1,0.0,4687.6982421875,4687.6982421875,1,0,0.0,0.0,39780.89453125,18448.71875,0.0,0.0,0.0,18448.71875,0.0,0.0,0.0,0.0,0.0,0.0,0.0,0.0,0.0,0.0,0.0,0.0,0.0,0.0,0.0,0.0,0.0,0.0,0.0,0.0,0.0,0.0,0.0,0.0,0.0,0.0,0.0,0.0,0.0,0.0,0.0,0.0,0.0,0.0,0.0,0.0,0.0,0.0,0.0,0.0,0.0,0.0,0.0,0.0,0.0,0.0,0.0,0.0,0.0,0.0,0.0,0.0,0.0,0.0,0.0,0.0,0.0,0.0,0.0,0.0,0.0,0.0,0.0,0.0,0.0,0.0,0.0,0.0,0.0,0.0,0.0,0.0,0.0,0.0,0.0,0.0,0.0,0.0,0.0,0.0,0.0,0.0,0.0,0.0,0.0,0.0,39780.89453125,18448.71875,0.0,0.0,0.0,0.0,0.0,0.0,0.0,0.0,WA
8876006,WA,5306,0.00967358984053135,4,2.0,180408.42578125,220637.03125,4,0,33791.59765625,0.0,173719.578125,0.0,0.0,0.0,0.0,0.0,-4733.3125,0.0,4733.3125,0.0,-348.431640625,0.0,348.4375,0.0,1580.431640625,0.0,-1580.4375,0.0,0.0,0.0,0.0,0.0,-4400.0,0.0,4400.0,0.0,0.0,0.0,0.0,0.0,-86.501953125,0.0,86.5,0.0,0.0,0.0,0.0,0.0,0.0,0.0,0.0,0.0,0.0,0.0,0.0,0.0,-440.0,0.0,440.0,0.0,0.0,0.0,0.0,0.0,0.0,0.0,0.0,0.0,0.0,0.0,0.0,0.0,0.0,0.0,0.0,0.0,0.0,0.0,0.0,0.0,0.0,0.0,0.0,0.0,-103.255859375,0.0,103.265625,0.0,0.0,0.0,0.0,0.0,0.0,0.0,0.0,0.0,0.0,0.0,0.0,0.0,25260.52734375,0.0,182250.65625,0.0,-8531.0703125,0.0,8531.078125,0.0,-25.246128932060476,0.0,4.91083288192749,0.0,WA
8876007,WA,5306,0.08755754679441452,4,2.0,340964.4140625,712134.6875,4,0,177773.421875,0.0,511876.375,0.0,0.0,0.0,0.0,0.0,0.0,0.0,0.0,0.0,0.0,0.0,0.0,0.0,0.0,0.0,0.0,0.0,0.0,0.0,0.0,0.0,0.0,0.0,0.0,0.0,0.0,0.0,0.0,0.0,-8407.25,0.0,8407.25,0.0,-22223.5,0.0,22223.5,0.0,0.0,0.0,0.0,0.0,0.0,0.0,0.0,0.0,0.0,0.0,0.0,0.0,-3134.375,0.0,3134.375,0.0,0.0,0.0,0.0,0.0,0.0,0.0,0.0,0.0,0.0,0.0,0.0,0.0,0.0,0.0,0.0,0.0,0.0,0.0,0.0,0.0,0.0,0.0,0.0,0.0,0.0,0.0,0.0,0.0,0.0,0.0,0.0,0.0,0.0,0.0,0.0,0.0,144008.296875,0.0,545641.5,0.0,-33765.125,0.0,33765.125,0.0,-18.993348186626953,0.0,6.596343994140625,0.0,WA
8876008,WA,5306,199.52842712402344,2,0.0,21478.08203125,60677.87109375,2,0,3311.6806640625,0.0,77879.5,15433.5712890625,0.0,0.0,0.0,15433.5712890625,-186.336181640625,0.0,186.34375,0.0,-1667.557373046875,0.0,1667.5546875,0.0,1067.557373046875,0.0,-1067.5546875,0.0,0.0,0.0,0.0,0.0,0.0,0.0,0.0,0.0,0.0,0.0,0.0,0.0,0.0,0.0,0.0,0.0,0.0,0.0,0.0,0.0,0.0,0.0,0.0,0.0,0.0,0.0,0.0,0.0,0.0,0.0,0.0,0.0,0.0,0.0,0.0,0.0,0.0,0.0,0.0,0.0,0.0,0.0,0.0,0.0,0.0,0.0,0.0,0.0,0.0,0.0,0.0,0.0,-1207.557373046875,0.0,1207.5546875,0.0,0.0,0.0,0.0,0.0,0.0,0.0,0.0,0.0,0.0,0.0,0.0,0.0,0.0,0.0,0.0,0.0,1317.787109375,0.0,79873.3984375,15433.5712890625,-1993.8935546875,0.0,1993.8984375,0.0,-60.207905198249215,0.0,2.5602352619171143,0.0,WA
8876009,WA,5306,0.10485146194696426,1,0.0,1296.0107421875,673847.875,1,0,197639.4375,714.5119018554688,473432.6875,2506.865478515625,0.0,0.0,0.0,2506.865478515625,0.0,0.0,0.0,0.0,0.0,0.0,0.0,0.0,0.0,0.0,0.0,0.0,0.0,0.0,0.0,0.0,0.0,0.0,0.0,0.0,0.0,0.0,0.0,0.0,-1400.0,0.0,1400.0,0.0,-21716.359375,0.0,21716.34375,0.0,0.0,0.0,0.0,0.0,0.0,0.0,0.0,0.0,0.0,0.0,0.0,0.0,-4208.390625,0.0,4208.40625,0.0,0.0,0.0,0.0,0.0,0.0,0.0,0.0,0.0,0.0,0.0,0.0,0.0,0.0,0.0,0.0,0.0,0.0,0.0,0.0,0.0,0.0,0.0,0.0,0.0,0.0,0.0,0.0,0.0,0.0,0.0,0.0,0.0,0.0,0.0,0.0,0.0,170314.6875,714.5119018554688,500757.4375,2506.865478515625,-27324.75,0.0,27324.75,0.0,-13.825555438549555,0.0,5.771623134613037,0.0,WA
8876010,WA,5306,0.13093893229961395,2,0.0,52918.4296875,198120.765625,2,0,26276.478515625,0.0,229741.4375,21798.830078125,0.0,0.0,0.0,21798.830078125,-3981.78125,0.0,3981.78125,0.0,0.0,0.0,0.0,0.0,2332.0,0.0,-2332.0,0.0,0.0,0.0,0.0,0.0,0.0,0.0,0.0,0.0,0.0,0.0,0.0,0.0,-1100.0,0.0,1100.0,0.0,0.0,0.0,0.0,0.0,0.0,0.0,0.0,0.0,0.0,0.0,0.0,0.0,0.0,0.0,0.0,0.0,0.0,0.0,0.0,0.0,0.0,0.0,0.0,0.0,0.0,0.0,0.0,0.0,0.0,0.0,0.0,0.0,-52.2734375,0.0,52.265625,0.0,-684.8046875,0.0,684.8125,0.0,-88.53125,0.0,88.53125,0.0,0.0,0.0,0.0,0.0,0.0,0.0,0.0,0.0,0.0,0.0,0.0,0.0,22701.087890625,0.0,233316.828125,21798.830078125,-3575.390625,0.0,3575.390625,0.0,-13.60681045168947,0.0,1.556267261505127,0.0,WA
8876011,WA,5306,0.09226083010435104,4,2.0,103527.994140625,116788.9296875,4,0,6328.4296875,0.0,168691.203125,2313.0625,0.0,0.0,0.0,2313.0625,-919.68603515625,0.0,919.6875,0.0,0.0,0.0,0.0,0.0,2543.99951171875,0.0,-2544.0,0.0,0.0,0.0,0.0,0.0,-2050.0,0.0,2050.0,0.0,0.0,0.0,0.0,0.0,-0.0361328125,0.0,0.046875,0.0,0.0,0.0,0.0,0.0,0.0,0.0,0.0,0.0,0.0,0.0,0.0,0.0,0.0,0.0,0.0,0.0,0.0,0.0,0.0,0.0,0.0,0.0,0.0,0.0,0.0,0.0,0.0,0.0,0.0,0.0,0.0,0.0,0.0,0.0,0.0,0.0,0.0,0.0,0.0,0.0,0.0,0.0,0.0,0.0,0.0,0.0,0.0,0.0,0.0,0.0,0.0,0.0,0.0,0.0,0.0,0.0,5902.70703125,0.0,169116.9375,2313.0625,-425.72265625,0.0,425.734375,0.0,-6.727145236217022,0.0,0.25237494707107544,0.0,WA
8876012,WA,5306,0.11925201863050461,3,0.0,288625.95703125,660758.8828125,3,0,147069.83862304688,0.0,548309.375,0.0,0.0,0.0,0.0,0.0,-233.46142578125,0.0,233.4375,0.0,-927.3076171875,0.0,927.3125,0.0,627.3076171875,0.0,-627.3125,0.0,0.0,0.0,0.0,0.0,0.0,0.0,0.0,0.0,0.0,0.0,0.0,0.0,-4780.75,0.0,4780.75,0.0,-27649.5859375,0.0,27649.5625,0.0,0.0,0.0,0.0,0.0,0.0,0.0,0.0,0.0,0.0,0.0,0.0,0.0,-1580.71875,0.0,1580.75,0.0,0.0,0.0,0.0,0.0,0.0,0.0,0.0,0.0,-31.6800537109375,0.0,31.6875,0.0,0.0,0.0,0.0,0.0,0.0,0.0,0.0,0.0,0.0,0.0,0.0,0.0,0.0,0.0,0.0,0.0,0.0,0.0,0.0,0.0,0.0,0.0,0.0,0.0,112493.64245605469,0.0,582885.5625,0.0,-34576.19616699219,0.0,34576.1875,0.0,-23.510052428638385,0.0,6.305963516235352,0.0,WA
8876013,WA,5306,0.1100335642695427,2,0.0,37450.41796875,353116.90625,2,0,75474.5859375,0.0,318132.4375,32698.244140625,0.0,0.0,0.0,32698.244140625,0.0,0.0,0.0,0.0,0.0,0.0,0.0,0.0,0.0,0.0,0.0,0.0,0.0,0.0,0.0,0.0,0.0,0.0,0.0,0.0,0.0,0.0,0.0,0.0,-2064.21875,0.0,2064.1875,0.0,-15232.61328125,0.0,15232.625,0.0,0.0,0.0,0.0,0.0,0.0,0.0,0.0,0.0,-480.0,0.0,480.0,0.0,0.0,0.0,0.0,0.0,0.0,0.0,0.0,0.0,0.0,0.0,0.0,0.0,0.0,0.0,0.0,0.0,0.0,0.0,0.0,0.0,0.0,0.0,0.0,0.0,0.0,0.0,0.0,0.0,0.0,0.0,0.0,0.0,0.0,0.0,0.0,0.0,0.0,0.0,0.0,0.0,57697.75390625,0.0,335909.25,32698.244140625,-17776.83203125,0.0,17776.8125,0.0,-23.553401201791125,0.0,5.587865352630615,0.0,WA
8876014,WA,5306,218.35879516601562,2,0.0,351.1186828613281,903.863525390625,2,0,0.0,0.0,67712.15625,33561.41796875,0.0,0.0,0.0,33561.41796875,0.0,0.0,0.0,0.0,0.0,0.0,0.0,0.0,0.0,0.0,0.0,0.0,0.0,0.0,0.0,0.0,0.0,0.0,0.0,0.0,0.0,0.0,0.0,0.0,0.0,0.0,0.0,0.0,0.0,0.0,0.0,0.0,0.0,0.0,0.0,0.0,0.0,0.0,0.0,0.0,0.0,0.0,0.0,0.0,0.0,0.0,0.0,0.0,0.0,0.0,0.0,0.0,0.0,0.0,0.0,0.0,0.0,0.0,0.0,0.0,0.0,0.0,0.0,0.0,0.0,0.0,0.0,0.0,0.0,0.0,0.0,0.0,0.0,0.0,0.0,0.0,0.0,0.0,0.0,0.0,0.0,0.0,0.0,0.0,0.0,0.0,67712.15625,33561.41796875,0.0,0.0,0.0,0.0,0.0,0.0,0.0,0.0,WA
8876015,WA,5306,0.13326749205589294,2,0.0,58999.6328125,258172.828125,2,0,42614.296875,0.0,328536.09375,57091.1328125,0.0,0.0,0.0,57091.1328125,-5376.85546875,0.0,5376.875,0.0,0.0,0.0,0.0,0.0,2332.0,0.0,-2332.0,0.0,0.0,0.0,0.0,0.0,0.0,0.0,0.0,0.0,0.0,0.0,0.0,0.0,-13.78515625,0.0,13.78125,0.0,-3269.37109375,0.0,3269.375,0.0,0.0,0.0,0.0,0.0,0.0,0.0,0.0,0.0,-440.0,0.0,440.0,0.0,0.0,0.0,0.0,0.0,0.0,0.0,0.0,0.0,0.0,0.0,0.0,0.0,0.0,0.0,0.0,0.0,0.0,0.0,0.0,0.0,-1212.12109375,0.0,1212.125,0.0,0.0,0.0,0.0,0.0,0.0,0.0,0.0,0.0,0.0,0.0,0.0,0.0,0.0,0.0,0.0,0.0,34634.1640625,0.0,336516.25,57091.1328125,-7980.1328125,0.0,7980.15625,0.0,-18.726421407134854,0.0,2.429004430770874,0.0,WA
8876016,WA,5306,0.10253952443599701,3,1.0,47416.81640625,48274.08984375,3,0,-480.091796875,-673.3740844726562,59477.046875,41.784915924072266,3643.428466796875,3970.4208984375,0.0,7655.634281158447,0.0,0.0,0.0,0.0,-1377.408935546875,0.0,1377.4140625,0.0,1407.408935546875,0.0,-1407.4140625,0.0,0.0,0.0,0.0,0.0,-1200.0,0.0,1200.0,0.0,0.0,0.0,0.0,0.0,0.0,0.0,0.0,0.0,0.0,0.0,0.0,0.0,0.0,0.0,0.0,0.0,0.0,0.0,0.0,0.0,-200.0,0.0,200.0,0.0,0.0,0.0,0.0,0.0,0.0,0.0,0.0,0.0,0.0,0.0,0.0,0.0,0.0,0.0,0.0,0.0,-607.89013671875,0.0,607.890625,0.0,0.0,0.0,0.0,0.0,-49.719970703125,0.0,49.71875,0.0,0.0,0.0,0.0,0.0,0.0,0.0,0.0,0.0,0.0,0.0,0.0,0.0,-2507.701904296875,-673.3740844726562,61504.65625,7655.634281158447,-2027.610107421875,0.0,2027.609375,0.0,-422.33800298608253,0.0,3.409061908721924,0.0,WA
8876017,WA,5306,0.09957258403301239,2,1.0,0.0,18993.078125,2,0,-5427.0,-673.3740844726562,43805.7265625,7719.68017578125,12436.414794921875,0.0,0.0,20156.094970703125,0.0,0.0,0.0,0.0,0.0,0.0,0.0,0.0,0.0,0.0,0.0,0.0,0.0,0.0,0.0,0.0,-700.0,0.0,700.0,0.0,0.0,0.0,0.0,0.0,0.0,0.0,0.0,0.0,0.0,0.0,0.0,0.0,0.0,0.0,0.0,0.0,0.0,0.0,0.0,0.0,0.0,0.0,0.0,0.0,0.0,0.0,0.0,0.0,0.0,0.0,0.0,0.0,0.0,0.0,0.0,0.0,0.0,0.0,0.0,0.0,0.0,0.0,0.0,0.0,0.0,0.0,0.0,0.0,0.0,0.0,0.0,0.0,0.0,0.0,0.0,0.0,0.0,0.0,0.0,0.0,0.0,0.0,0.0,0.0,-6127.0,-673.3740844726562,44505.7265625,20156.094970703125,-700.0,0.0,700.0,0.0,-12.898470609913396,0.0,1.5979645252227783,0.0,WA
8876018,WA,5306,0.09616143256425858,1,0.0,113469.875,120184.859375,1,0,20334.353515625,0.0,92198.6953125,0.0,0.0,0.0,0.0,0.0,-2715.736328125,0.0,2715.734375,0.0,-1716.001953125,0.0,1716.0,0.0,1166.0,0.0,-1166.0,0.0,0.0,0.0,0.0,0.0,0.0,0.0,0.0,0.0,0.0,0.0,0.0,0.0,0.0,0.0,0.0,0.0,0.0,0.0,0.0,0.0,0.0,0.0,0.0,0.0,0.0,0.0,0.0,0.0,0.0,0.0,0.0,0.0,0.0,0.0,0.0,0.0,0.0,0.0,0.0,0.0,0.0,0.0,0.0,0.0,0.0,0.0,0.0,0.0,0.0,0.0,0.0,0.0,0.0,0.0,0.0,0.0,0.0,0.0,0.0,0.0,0.0,0.0,0.0,0.0,0.0,0.0,0.0,0.0,0.0,0.0,0.0,0.0,17068.615234375,0.0,95464.4296875,0.0,-3265.73828125,0.0,3265.734375,0.0,-16.060202153663717,0.0,3.5420615673065186,0.0,WA
8876019,WA,5306,0.04803464561700821,2,0.0,0.0,63848.3984375,2,0,3657.500732421875,0.0,142759.078125,53625.12109375,0.0,0.0,0.0,53625.12109375,-255.500244140625,0.0,255.5,0.0,-1713.6666259765625,0.0,1713.671875,0.0,1113.6666259765625,0.0,-1113.671875,0.0,0.0,0.0,0.0,0.0,0.0,0.0,0.0,0.0,0.0,0.0,0.0,0.0,0.0,0.0,0.0,0.0,0.0,0.0,0.0,0.0,0.0,0.0,0.0,0.0,0.0,0.0,0.0,0.0,0.0,0.0,0.0,0.0,0.0,0.0,0.0,0.0,0.0,0.0,0.0,0.0,0.0,0.0,0.0,0.0,0.0,0.0,0.0,0.0,0.0,0.0,0.0,0.0,-1253.666748046875,0.0,1253.671875,0.0,-181.58642578125,0.0,181.578125,0.0,0.0,0.0,0.0,0.0,0.0,0.0,0.0,0.0,0.0,0.0,0.0,0.0,1366.747314453125,0.0,145049.828125,53625.12109375,-2290.75341796875,0.0,2290.75,0.0,-62.631659856207044,0.0,1.6046265363693237,0.0,WA
8876020,WA,5306,0.07638471573591232,1,0.0,41133.26953125,483089.25,1,0,87415.4375,0.0,-476610.625,0.0,0.0,0.0,0.0,0.0,0.0,0.0,0.0,0.0,0.0,0.0,0.0,0.0,0.0,0.0,0.0,0.0,0.0,0.0,0.0,0.0,0.0,0.0,0.0,0.0,0.0,0.0,0.0,0.0,0.0,0.0,0.0,0.0,-11631.1640625,0.0,11631.15625,0.0,0.0,0.0,0.0,0.0,0.0,0.0,0.0,0.0,0.0,0.0,0.0,0.0,0.0,0.0,0.0,0.0,0.0,0.0,0.0,0.0,0.0,0.0,0.0,0.0,0.0,0.0,0.0,0.0,0.0,0.0,0.0,0.0,0.0,0.0,0.0,0.0,0.0,0.0,0.0,0.0,0.0,0.0,0.0,0.0,0.0,0.0,0.0,0.0,0.0,0.0,0.0,0.0,75784.2734375,0.0,-464979.46875,0.0,-11631.1640625,0.0,11631.15625,0.0,-13.305617857829747,0.0,2.440389633178711,0.0,WA
8876021,WA,5306,0.0968218445777893,2,1.0,140493.078125,242293.90625,2,0,42937.44921875,0.0,203063.03125,14500.5859375,0.0,0.0,0.0,14500.5859375,-39.01171875,0.0,39.015625,0.0,0.0,0.0,0.0,0.0,144.59375,0.0,-144.59375,0.0,0.0,0.0,0.0,0.0,-50.0,0.0,50.0,0.0,0.0,0.0,0.0,0.0,-6793.06640625,0.0,6793.0625,0.0,0.0,0.0,0.0,0.0,0.0,0.0,0.0,0.0,0.0,0.0,0.0,0.0,0.0,0.0,0.0,0.0,0.0,0.0,0.0,0.0,0.0,0.0,0.0,0.0,0.0,0.0,0.0,0.0,0.0,0.0,0.0,0.0,0.0,0.0,0.0,0.0,0.0,0.0,0.0,0.0,0.0,0.0,0.0,0.0,0.0,0.0,0.0,0.0,0.0,0.0,0.0,0.0,0.0,0.0,0.0,0.0,36199.96484375,0.0,209800.515625,14500.5859375,-6737.484375,0.0,6737.484375,0.0,-15.691394103723011,0.0,3.317927598953247,0.0,WA
8876022,WA,5306,0.1471063792705536,2,0.0,131348.25,154454.8125,2,0,20738.703125,0.0,151581.390625,23542.736328125,0.0,0.0,0.0,23542.736328125,-3318.64453125,0.0,3318.640625,0.0,-3432.0,0.0,3432.0,0.0,2332.0,0.0,-2332.0,0.0,0.0,0.0,0.0,0.0,0.0,0.0,0.0,0.0,0.0,0.0,0.0,0.0,0.0,0.0,0.0,0.0,0.0,0.0,0.0,0.0,0.0,0.0,0.0,0.0,0.0,0.0,0.0,0.0,-440.0,0.0,440.0,0.0,0.0,0.0,0.0,0.0,0.0,0.0,0.0,0.0,0.0,0.0,0.0,0.0,0.0,0.0,0.0,0.0,0.0,0.0,0.0,0.0,0.0,0.0,0.0,0.0,-808.4912109375,0.0,808.5,0.0,0.0,0.0,0.0,0.0,0.0,0.0,0.0,0.0,0.0,0.0,0.0,0.0,15071.5673828125,0.0,157248.53125,23542.736328125,-5667.1357421875,0.0,5667.140625,0.0,-27.32637478838253,0.0,3.738678216934204,0.0,WA
8876023,WA,5306,0.09899614751338959,2,0.0,198506.5625,462113.40625,2,0,106659.59375,0.0,348957.15625,0.0,0.0,0.0,0.0,0.0,0.0,0.0,0.0,0.0,0.0,0.0,0.0,0.0,0.0,0.0,0.0,0.0,0.0,0.0,0.0,0.0,0.0,0.0,0.0,0.0,0.0,0.0,0.0,0.0,-13546.34375,0.0,13546.34375,0.0,-16977.9140625,0.0,16977.90625,0.0,0.0,0.0,0.0,0.0,0.0,0.0,0.0,0.0,0.0,0.0,0.0,0.0,-563.2890625,0.0,563.28125,0.0,0.0,0.0,0.0,0.0,0.0,0.0,0.0,0.0,0.0,0.0,0.0,0.0,0.0,0.0,0.0,0.0,0.0,0.0,0.0,0.0,0.0,0.0,0.0,0.0,0.0,0.0,0.0,0.0,0.0,0.0,0.0,0.0,0.0,0.0,0.0,0.0,75572.046875,0.0,380044.6875,0.0,-31087.546875,0.0,31087.53125,0.0,-29.146507859261373,0.0,8.908696174621582,0.0,WA
8876024,WA,5306,139.75608825683594,1,0.0,0.0,0.0,1,0,0.0,0.0,55637.75390625,20291.97265625,26407.625,0.0,0.0,46699.59765625,0.0,0.0,0.0,0.0,0.0,0.0,0.0,0.0,0.0,0.0,0.0,0.0,0.0,0.0,0.0,0.0,0.0,0.0,0.0,0.0,0.0,0.0,0.0,0.0,0.0,0.0,0.0,0.0,0.0,0.0,0.0,0.0,0.0,0.0,0.0,0.0,0.0,0.0,0.0,0.0,0.0,0.0,0.0,0.0,0.0,0.0,0.0,0.0,0.0,0.0,0.0,0.0,0.0,0.0,0.0,0.0,0.0,0.0,0.0,0.0,0.0,0.0,0.0,0.0,0.0,0.0,0.0,0.0,0.0,0.0,0.0,0.0,0.0,0.0,0.0,0.0,0.0,0.0,0.0,0.0,0.0,0.0,0.0,0.0,0.0,0.0,55637.75390625,46699.59765625,0.0,0.0,0.0,0.0,0.0,0.0,0.0,0.0,WA
8876025,WA,5306,0.09689253568649292,2,0.0,176048.75,570839.5625,2,0,132678.796875,0.0,448657.71875,1370.0565185546875,0.0,0.0,0.0,1370.0565185546875,0.0,0.0,0.0,0.0,0.0,0.0,0.0,0.0,0.0,0.0,0.0,0.0,0.0,0.0,0.0,0.0,0.0,0.0,0.0,0.0,0.0,0.0,0.0,0.0,0.0,0.0,0.0,0.0,-26118.140625,0.0,26118.15625,0.0,0.0,0.0,0.0,0.0,0.0,0.0,0.0,0.0,-480.0,0.0,480.0,0.0,0.0,0.0,0.0,0.0,0.0,0.0,0.0,0.0,0.0,0.0,0.0,0.0,0.0,0.0,0.0,0.0,0.0,0.0,0.0,0.0,0.0,0.0,0.0,0.0,0.0,0.0,0.0,0.0,0.0,0.0,0.0,0.0,0.0,0.0,0.0,0.0,0.0,0.0,0.0,0.0,106080.65625,0.0,475255.875,1370.0565185546875,-26598.140625,0.0,26598.15625,0.0,-20.047016743797254,0.0,5.928384780883789,0.0,WA
8876026,WA,5306,0.09573500603437424,9,3.9999999999999996,799196.7578125,836433.755859375,9,0,193976.27807617188,0.0,644482.125,0.0,8792.986328125,0.0,0.0,8792.986328125,-8627.257568359375,0.0,8627.3125,0.0,-1774.2584228515625,0.0,1774.25,0.0,1167.1812744140625,0.0,-1167.1875,0.0,0.0,0.0,0.0,0.0,0.0,0.0,0.0,0.0,0.0,0.0,0.0,0.0,-1532.90625,0.0,1532.875,0.0,-13776.6875,0.0,13776.75,0.0,0.0,0.0,0.0,0.0,0.0,0.0,0.0,0.0,-120.0,0.0,120.0,0.0,-3525.15625,0.0,3525.125,0.0,0.0,0.0,0.0,0.0,0.0,0.0,0.0,0.0,0.0,0.0,0.0,0.0,0.0,0.0,0.0,0.0,0.0,0.0,0.0,0.0,-48.79248046875,0.0,48.75,0.0,0.0,0.0,0.0,0.0,0.0,0.0,0.0,0.0,0.0,0.0,0.0,0.0,165738.40087890625,0.0,672720.0,8792.986328125,-28237.877197265625,0.0,28237.875,0.0,-14.557386850250312,0.0,4.38148307800293,0.0,WA
8876027,WA,5306,0.08992362767457962,3,1.0,173904.0830078125,554989.875,1,2,130679.0234375,0.0,490786.4375,13928.3623046875,0.0,0.0,0.0,13928.3623046875,0.0,0.0,0.0,0.0,0.0,0.0,0.0,0.0,0.0,0.0,0.0,0.0,0.0,0.0,0.0,0.0,0.0,0.0,0.0,0.0,0.0,0.0,0.0,0.0,-5930.8359375,0.0,5930.8125,0.0,-25580.609375,0.0,25580.625,0.0,0.0,0.0,0.0,0.0,0.0,0.0,0.0,0.0,-509.1953125,0.0,509.1875,0.0,0.0,0.0,0.0,0.0,0.0,0.0,0.0,0.0,0.0,0.0,0.0,0.0,0.0,0.0,0.0,0.0,0.0,0.0,0.0,0.0,0.0,0.0,0.0,0.0,0.0,0.0,0.0,0.0,0.0,0.0,0.0,0.0,0.0,0.0,0.0,0.0,0.0,0.0,0.0,0.0,98658.3828125,0.0,522807.0625,13928.3623046875,-32020.640625,0.0,32020.625,0.0,-24.50327511080196,0.0,6.524349689483643,0.0,WA
8876028,WA,5306,0.13265153765678406,2,0.0,89861.2109375,104613.6875,2,0,7914.767578125,0.0,93581.171875,389.11334228515625,0.0,0.0,0.0,389.11334228515625,-1106.95361328125,0.0,1106.953125,0.0,-1603.0517578125,0.0,1603.046875,0.0,1272.0,0.0,-1272.0,0.0,0.0,0.0,0.0,0.0,0.0,0.0,0.0,0.0,0.0,0.0,0.0,0.0,-0.0234375,0.0,0.03125,0.0,0.0,0.0,0.0,0.0,0.0,0.0,0.0,0.0,0.0,0.0,0.0,0.0,-240.0,0.0,240.0,0.0,0.0,0.0,0.0,0.0,0.0,0.0,0.0,0.0,0.0,0.0,0.0,0.0,0.0,0.0,0.0,0.0,0.0,0.0,0.0,0.0,0.0,0.0,0.0,0.0,0.0,0.0,0.0,0.0,0.0,0.0,0.0,0.0,0.0,0.0,0.0,0.0,0.0,0.0,0.0,0.0,6236.73876953125,0.0,95259.203125,389.11334228515625,-1678.02880859375,0.0,1678.03125,0.0,-21.201239228193145,0.0,1.7931292057037354,0.0,WA
8876029,WA,5306,0.10905645042657852,2,0.0,126924.4111328125,2055650.75,2,0,493888.3125,107866.3125,1476505.25,21907.82421875,0.0,0.0,0.0,21907.82421875,0.0,0.0,0.0,0.0,0.0,0.0,0.0,0.0,0.0,0.0,0.0,0.0,0.0,0.0,0.0,0.0,0.0,0.0,0.0,0.0,0.0,0.0,0.0,0.0,-1300.0,0.0,1300.0,0.0,0.0,0.0,0.0,0.0,0.0,0.0,0.0,0.0,0.0,0.0,0.0,0.0,-520.0,0.0,520.0,0.0,0.0,0.0,0.0,0.0,0.0,0.0,0.0,0.0,0.0,0.0,0.0,0.0,0.0,0.0,0.0,0.0,0.0,0.0,0.0,0.0,0.0,0.0,0.0,0.0,0.0,0.0,0.0,0.0,0.0,0.0,0.0,0.0,0.0,0.0,0.0,0.0,0.0,0.0,0.0,0.0,492068.3125,107866.3125,1478325.25,21907.82421875,-1820.0,0.0,1820.0,0.0,-0.3685043670678074,0.0,0.12326403707265854,0.0,WA
8876030,WA,5306,331.610595703125,1,0.0,0.0,0.0,1,0,0.0,0.0,30333.6640625,3926.039794921875,26407.625,0.0,0.0,30333.664794921875,0.0,0.0,0.0,0.0,0.0,0.0,0.0,0.0,0.0,0.0,0.0,0.0,0.0,0.0,0.0,0.0,0.0,0.0,0.0,0.0,0.0,0.0,0.0,0.0,0.0,0.0,0.0,0.0,0.0,0.0,0.0,0.0,0.0,0.0,0.0,0.0,0.0,0.0,0.0,0.0,0.0,0.0,0.0,0.0,0.0,0.0,0.0,0.0,0.0,0.0,0.0,0.0,0.0,0.0,0.0,0.0,0.0,0.0,0.0,0.0,0.0,0.0,0.0,0.0,0.0,0.0,0.0,0.0,0.0,0.0,0.0,0.0,0.0,0.0,0.0,0.0,0.0,0.0,0.0,0.0,0.0,0.0,0.0,0.0,0.0,0.0,30333.6640625,30333.664794921875,0.0,0.0,0.0,0.0,0.0,0.0,0.0,0.0,WA
8876031,WA,5306,0.146407350897789,3,1.0,462949.828125,1185457.75,3,0,295377.5625,29359.248046875,857083.8125,0.0,0.0,0.0,0.0,0.0,0.0,0.0,0.0,0.0,0.0,0.0,0.0,0.0,0.0,0.0,0.0,0.0,0.0,0.0,0.0,0.0,0.0,0.0,0.0,0.0,0.0,0.0,0.0,0.0,-1400.0,0.0,1400.0,0.0,-36799.53125,0.0,36799.5625,0.0,0.0,0.0,0.0,0.0,0.0,0.0,0.0,0.0,-560.0,0.0,560.0,0.0,-4258.375,0.0,4258.375,0.0,0.0,0.0,0.0,0.0,0.0,0.0,0.0,0.0,0.0,0.0,0.0,0.0,0.0,0.0,0.0,0.0,0.0,0.0,0.0,0.0,0.0,0.0,0.0,0.0,0.0,0.0,0.0,0.0,0.0,0.0,0.0,0.0,0.0,0.0,0.0,0.0,252359.65625,29359.248046875,900101.75,0.0,-43017.90625,0.0,43017.9375,0.0,-14.563701415201432,0.0,5.019105434417725,0.0,WA
8876032,WA,5306,78.3996810913086,2,0.0,26010.0078125,98405.0,2,0,9206.6142578125,0.0,123889.6015625,32698.244140625,0.0,0.0,0.0,32698.244140625,-1365.32275390625,0.0,1365.328125,0.0,-1871.9990234375,0.0,1872.0,0.0,1272.0,0.0,-1272.0,0.0,0.0,0.0,0.0,0.0,0.0,0.0,0.0,0.0,0.0,0.0,0.0,0.0,-344.7626953125,0.0,344.7578125,0.0,0.0,0.0,0.0,0.0,0.0,0.0,0.0,0.0,0.0,0.0,0.0,0.0,-113.904296875,0.0,113.90625,0.0,0.0,0.0,0.0,0.0,0.0,0.0,0.0,0.0,0.0,0.0,0.0,0.0,0.0,0.0,0.0,0.0,0.0,0.0,0.0,0.0,-720.0,0.0,720.0,0.0,-152.259765625,0.0,152.2578125,0.0,0.0,0.0,0.0,0.0,0.0,0.0,0.0,0.0,0.0,0.0,0.0,0.0,5910.36572265625,0.0,127185.8515625,32698.244140625,-3296.24853515625,0.0,3296.25,0.0,-35.80304814399209,0.0,2.660634994506836,0.0,WA
8876033,WA,5306,0.12314386665821075,2,0.0,138874.26953125,142370.578125,2,0,13015.7421875,0.0,142028.453125,0.0,0.0,0.0,0.0,0.0,-2127.1484375,0.0,2127.140625,0.0,0.0,0.0,0.0,0.0,2133.705078125,0.0,-2133.6875,0.0,0.0,0.0,0.0,0.0,0.0,0.0,0.0,0.0,0.0,0.0,0.0,0.0,0.0,0.0,0.0,0.0,0.0,0.0,0.0,0.0,0.0,0.0,0.0,0.0,0.0,0.0,0.0,0.0,0.0,0.0,0.0,0.0,0.0,0.0,0.0,0.0,0.0,0.0,0.0,0.0,0.0,0.0,0.0,0.0,0.0,0.0,0.0,0.0,0.0,0.0,0.0,0.0,0.0,0.0,0.0,0.0,0.0,0.0,0.0,0.0,0.0,0.0,0.0,0.0,0.0,0.0,0.0,0.0,0.0,0.0,0.0,0.0,13022.298828125,0.0,142021.90625,0.0,6.556640625,0.0,-6.546875,0.0,0.05037469650633398,0.0,-0.0046095517463982105,0.0,WA
8876034,WA,5306,0.09878084063529968,2,0.0,5547.559326171875,225966.765625,1,1,26822.36328125,0.0,198720.015625,0.0,0.0,0.0,0.0,0.0,-1892.46875,0.0,1892.46875,0.0,-4212.0,0.0,4212.0,0.0,2862.0,0.0,-2862.0,0.0,0.0,0.0,0.0,0.0,0.0,0.0,0.0,0.0,0.0,0.0,0.0,0.0,-12.765625,0.0,12.765625,0.0,0.0,0.0,0.0,0.0,0.0,0.0,0.0,0.0,0.0,0.0,0.0,0.0,0.0,0.0,0.0,0.0,0.0,0.0,0.0,0.0,0.0,0.0,0.0,0.0,0.0,0.0,0.0,0.0,0.0,0.0,0.0,0.0,0.0,0.0,0.0,0.0,0.0,0.0,0.0,0.0,0.0,0.0,0.0,0.0,0.0,0.0,0.0,0.0,0.0,0.0,0.0,0.0,0.0,0.0,0.0,0.0,23567.12890625,0.0,201975.25,0.0,-3255.234375,0.0,3255.234375,0.0,-12.136269801682802,0.0,1.6381008625030518,0.0,WA
8876035,WA,5306,0.21607138216495514,4,0.0,342039.37890625,778369.56640625,4,0,178045.52563476562,714.5119018554688,664997.625,60658.515625,0.0,0.0,0.0,60658.515625,-455.058349609375,0.0,455.125,0.0,-936.0,0.0,936.0,0.0,636.0,0.0,-636.0,0.0,0.0,0.0,0.0,0.0,0.0,0.0,0.0,0.0,0.0,0.0,0.0,0.0,0.0,0.0,0.0,0.0,-30805.96875,0.0,30805.9375,0.0,0.0,0.0,0.0,0.0,0.0,0.0,0.0,0.0,-860.0,0.0,860.0,0.0,0.0,0.0,0.0,0.0,0.0,0.0,0.0,0.0,0.0,0.0,0.0,0.0,0.0,0.0,0.0,0.0,0.0,0.0,0.0,0.0,0.0,0.0,0.0,0.0,0.0,0.0,0.0,0.0,0.0,0.0,0.0,0.0,0.0,0.0,0.0,0.0,0.0,0.0,0.0,0.0,145624.49853515625,714.5119018554688,697418.6875,60658.515625,-32421.027099609375,0.0,32421.0625,0.0,-18.209402895142883,0.0,4.875365257263184,0.0,WA
8876036,WA,5306,0.22515152394771576,2,0.0,97035.46875,244569.6875,2,0,42532.625,0.0,212942.0,0.0,0.0,0.0,0.0,0.0,-5803.3359375,0.0,5803.34375,0.0,0.0,0.0,0.0,0.0,2544.0,0.0,-2544.0,0.0,0.0,0.0,0.0,0.0,0.0,0.0,0.0,0.0,0.0,0.0,0.0,0.0,-3157.05859375,0.0,3157.0625,0.0,-2705.76953125,0.0,2705.765625,0.0,0.0,0.0,0.0,0.0,0.0,0.0,0.0,0.0,0.0,0.0,0.0,0.0,0.0,0.0,0.0,0.0,0.0,0.0,0.0,0.0,0.0,0.0,0.0,0.0,0.0,0.0,0.0,0.0,0.0,0.0,0.0,0.0,-1391.677734375,0.0,1391.671875,0.0,0.0,0.0,0.0,0.0,0.0,0.0,0.0,0.0,0.0,0.0,0.0,0.0,0.0,0.0,0.0,0.0,32018.783203125,0.0,223455.84375,0.0,-10513.841796875,0.0,10513.84375,0.0,-24.719475454136678,0.0,4.9374213218688965,0.0,WA
8876037,WA,5306,165.20567321777344,1,0.0,0.0,9391.943359375,0,1,0.0,0.0,61709.1328125,26158.595703125,0.0,0.0,0.0,26158.595703125,0.0,0.0,0.0,0.0,0.0,0.0,0.0,0.0,0.0,0.0,0.0,0.0,0.0,0.0,0.0,0.0,0.0,0.0,0.0,0.0,0.0,0.0,0.0,0.0,0.0,0.0,0.0,0.0,0.0,0.0,0.0,0.0,0.0,0.0,0.0,0.0,0.0,0.0,0.0,0.0,0.0,0.0,0.0,0.0,0.0,0.0,0.0,0.0,0.0,0.0,0.0,0.0,0.0,0.0,0.0,0.0,0.0,0.0,0.0,0.0,0.0,0.0,0.0,0.0,0.0,0.0,0.0,0.0,0.0,0.0,0.0,0.0,0.0,0.0,0.0,0.0,0.0,0.0,0.0,0.0,0.0,0.0,0.0,0.0,0.0,0.0,61709.1328125,26158.595703125,0.0,0.0,0.0,0.0,0.0,0.0,0.0,0.0,WA
8876038,WA,5306,0.06863880157470703,1,0.0,143388.421875,545068.5625,1,0,148735.171875,0.0,441526.84375,34122.796875,0.0,0.0,0.0,34122.796875,22.078125,0.0,-22.09375,0.0,-2730.0,0.0,2730.0,0.0,0.0,0.0,0.0,0.0,0.0,0.0,0.0,0.0,0.0,0.0,0.0,0.0,0.0,0.0,0.0,0.0,-18939.5390625,0.0,18939.5625,0.0,-2365.6875,0.0,2365.6875,0.0,0.0,0.0,0.0,0.0,0.0,0.0,0.0,0.0,-350.0,0.0,350.0,0.0,0.0,0.0,0.0,0.0,0.0,0.0,0.0,0.0,0.0,0.0,0.0,0.0,0.0,0.0,0.0,0.0,0.0,0.0,0.0,0.0,0.0,0.0,0.0,0.0,0.0,0.0,0.0,0.0,0.0,0.0,0.0,0.0,0.0,0.0,0.0,0.0,0.0,0.0,0.0,0.0,124372.0234375,0.0,465890.0,34122.796875,-24363.1484375,0.0,24363.15625,0.0,-16.380220045044407,0.0,5.517933368682861,0.0,WA
8876039,WA,5306,0.2908731997013092,2,0.0,156575.859375,159127.78125,2,0,16005.443359375,0.0,148795.296875,0.0,0.0,0.0,0.0,0.0,-2749.5205078125,0.0,2749.515625,0.0,0.0,0.0,0.0,0.0,2332.0,0.0,-2332.0,0.0,0.0,0.0,0.0,0.0,0.0,0.0,0.0,0.0,0.0,0.0,0.0,0.0,-1100.0,0.0,1100.0,0.0,0.0,0.0,0.0,0.0,0.0,0.0,0.0,0.0,0.0,0.0,0.0,0.0,0.0,0.0,0.0,0.0,0.0,0.0,0.0,0.0,0.0,0.0,0.0,0.0,0.0,0.0,0.0,0.0,0.0,0.0,0.0,0.0,0.0,0.0,0.0,0.0,0.0,0.0,0.0,0.0,0.0,0.0,0.0,0.0,0.0,0.0,0.0,0.0,0.0,0.0,0.0,0.0,0.0,0.0,0.0,0.0,14487.9228515625,0.0,150312.8125,0.0,-1517.5205078125,0.0,1517.515625,0.0,-9.481277548763622,0.0,1.019868016242981,0.0,WA
8876040,WA,5306,0.33027222752571106,4,2.0,123227.63916015625,465961.9375,4,0,113946.296875,0.0,368354.1875,0.0,0.0,0.0,0.0,0.0,0.0,0.0,0.0,0.0,0.0,0.0,0.0,0.0,0.0,0.0,0.0,0.0,0.0,0.0,0.0,0.0,-1100.0,0.0,1100.0,0.0,0.0,0.0,0.0,0.0,-23168.1328125,0.0,23168.125,0.0,-20767.203125,0.0,20767.21875,0.0,0.0,0.0,0.0,0.0,0.0,0.0,0.0,0.0,0.0,0.0,0.0,0.0,-418.40625,0.0,418.40625,0.0,0.0,0.0,0.0,0.0,0.0,0.0,0.0,0.0,0.0,0.0,0.0,0.0,0.0,0.0,0.0,0.0,0.0,0.0,0.0,0.0,0.0,0.0,0.0,0.0,0.0,0.0,0.0,0.0,0.0,0.0,0.0,0.0,0.0,0.0,0.0,0.0,68492.5546875,0.0,413807.9375,0.0,-45453.7421875,0.0,45453.75,0.0,-39.89049528951618,0.0,12.339685440063477,0.0,WA
8876041,WA,5306,227.293701171875,2,0.0,0.0,10139.607421875,2,0,0.0,0.0,106053.03125,47607.5546875,0.0,0.0,0.0,47607.5546875,0.0,0.0,0.0,0.0,0.0,0.0,0.0,0.0,0.0,0.0,0.0,0.0,0.0,0.0,0.0,0.0,0.0,0.0,0.0,0.0,0.0,0.0,0.0,0.0,0.0,0.0,0.0,0.0,0.0,0.0,0.0,0.0,0.0,0.0,0.0,0.0,0.0,0.0,0.0,0.0,0.0,0.0,0.0,0.0,0.0,0.0,0.0,0.0,0.0,0.0,0.0,0.0,0.0,0.0,0.0,0.0,0.0,0.0,0.0,0.0,0.0,0.0,0.0,0.0,0.0,0.0,0.0,0.0,0.0,0.0,0.0,0.0,0.0,0.0,0.0,0.0,0.0,0.0,0.0,0.0,0.0,0.0,0.0,0.0,0.0,0.0,106053.03125,47607.5546875,0.0,0.0,0.0,0.0,0.0,0.0,0.0,0.0,WA
8876042,WA,5306,0.11118842661380768,4,1.0,572681.623046875,600707.771484375,4,0,147568.9813232422,0.0,454183.875,0.0,0.0,0.0,0.0,0.0,33.9256591796875,0.0,-33.90625,0.0,-826.0079345703125,0.0,826.0,0.0,530.0,0.0,-530.0,0.0,0.0,0.0,0.0,0.0,0.0,0.0,0.0,0.0,0.0,0.0,0.0,0.0,0.0,0.0,0.0,0.0,-20864.3125,0.0,20864.3125,0.0,0.0,0.0,0.0,0.0,0.0,0.0,0.0,0.0,0.0,0.0,0.0,0.0,-1727.859375,0.0,1727.84375,0.0,0.0,0.0,0.0,0.0,0.0,0.0,0.0,0.0,0.0,0.0,0.0,0.0,0.0,0.0,0.0,0.0,0.0,0.0,0.0,0.0,-29.18359375,0.0,29.1875,0.0,0.0,0.0,0.0,0.0,0.0,0.0,0.0,0.0,0.0,0.0,0.0,0.0,124685.54357910156,0.0,477067.3125,0.0,-22883.437744140625,0.0,22883.4375,0.0,-15.506942948949174,0.0,5.038364410400391,0.0,WA
8876043,WA,5306,0.7349870204925537,4,2.0,3795.05517578125,3863.593017578125,4,0,-1452.7357177734375,0.0,41050.61328125,2261.924560546875,24872.82958984375,0.0,0.0,27134.754150390625,0.0,0.0,0.0,0.0,0.0,0.0,0.0,0.0,0.0,0.0,0.0,0.0,0.0,0.0,0.0,0.0,-75.0,0.0,75.0,0.0,0.0,0.0,0.0,0.0,0.0,0.0,0.0,0.0,0.0,0.0,0.0,0.0,0.0,0.0,0.0,0.0,0.0,0.0,0.0,0.0,0.0,0.0,0.0,0.0,0.0,0.0,0.0,0.0,0.0,0.0,0.0,0.0,0.0,0.0,0.0,0.0,0.0,0.0,0.0,0.0,0.0,0.0,0.0,0.0,0.0,0.0,0.0,0.0,0.0,0.0,0.0,0.0,0.0,0.0,0.0,0.0,0.0,0.0,0.0,0.0,0.0,0.0,0.0,0.0,-1527.7357177734375,0.0,41125.61328125,27134.754150390625,-75.0,0.0,75.0,0.0,-5.162673367386475,0.0,0.18270128965377808,0.0,WA
8876044,WA,5306,254.2322540283203,1,0.0,4232.7158203125,4232.7158203125,1,0,0.0,0.0,16297.939453125,3596.039794921875,8792.986328125,0.0,0.0,12389.026123046875,0.0,0.0,0.0,0.0,0.0,0.0,0.0,0.0,0.0,0.0,0.0,0.0,0.0,0.0,0.0,0.0,0.0,0.0,0.0,0.0,0.0,0.0,0.0,0.0,0.0,0.0,0.0,0.0,0.0,0.0,0.0,0.0,0.0,0.0,0.0,0.0,0.0,0.0,0.0,0.0,0.0,0.0,0.0,0.0,0.0,0.0,0.0,0.0,0.0,0.0,0.0,0.0,0.0,0.0,0.0,0.0,0.0,0.0,0.0,0.0,0.0,0.0,0.0,0.0,0.0,0.0,0.0,0.0,0.0,0.0,0.0,0.0,0.0,0.0,0.0,0.0,0.0,0.0,0.0,0.0,0.0,0.0,0.0,0.0,0.0,0.0,16297.939453125,12389.026123046875,0.0,0.0,0.0,0.0,0.0,0.0,0.0,0.0,WA
8876045,WA,5306,250.26626586914062,2,0.0,0.0,40689.73828125,2,0,1018.9738159179688,0.0,71521.59375,18964.982421875,0.0,0.0,0.0,18964.982421875,0.0,0.0,0.0,0.0,-1018.9738159179688,0.0,1018.9765625,0.0,518.9738159179688,0.0,-518.9765625,0.0,0.0,0.0,0.0,0.0,0.0,0.0,0.0,0.0,0.0,0.0,0.0,0.0,0.0,0.0,0.0,0.0,0.0,0.0,0.0,0.0,0.0,0.0,0.0,0.0,0.0,0.0,0.0,0.0,0.0,0.0,0.0,0.0,0.0,0.0,0.0,0.0,0.0,0.0,0.0,0.0,0.0,0.0,0.0,0.0,0.0,0.0,0.0,0.0,0.0,0.0,0.0,0.0,-518.9738159179688,0.0,518.9765625,0.0,0.0,0.0,0.0,0.0,0.0,0.0,0.0,0.0,0.0,0.0,0.0,0.0,0.0,0.0,0.0,0.0,0.0,0.0,72540.5703125,18964.982421875,-1018.9738159179688,0.0,1018.9765625,0.0,-100.0,0.0,1.4247117042541504,0.0,WA
8876046,WA,5306,226.46942138671875,1,0.0,0.0,0.0,1,0,0.0,0.0,42546.484375,23799.48828125,0.0,0.0,0.0,23799.48828125,0.0,0.0,0.0,0.0,0.0,0.0,0.0,0.0,0.0,0.0,0.0,0.0,0.0,0.0,0.0,0.0,0.0,0.0,0.0,0.0,0.0,0.0,0.0,0.0,0.0,0.0,0.0,0.0,0.0,0.0,0.0,0.0,0.0,0.0,0.0,0.0,0.0,0.0,0.0,0.0,0.0,0.0,0.0,0.0,0.0,0.0,0.0,0.0,0.0,0.0,0.0,0.0,0.0,0.0,0.0,0.0,0.0,0.0,0.0,0.0,0.0,0.0,0.0,0.0,0.0,0.0,0.0,0.0,0.0,0.0,0.0,0.0,0.0,0.0,0.0,0.0,0.0,0.0,0.0,0.0,0.0,0.0,0.0,0.0,0.0,0.0,42546.484375,23799.48828125,0.0,0.0,0.0,0.0,0.0,0.0,0.0,0.0,WA
8876047,WA,5306,193.96559143066406,1,0.0,0.0,0.0,1,0,0.0,0.0,63356.12109375,31678.060546875,0.0,0.0,0.0,31678.060546875,0.0,0.0,0.0,0.0,0.0,0.0,0.0,0.0,0.0,0.0,0.0,0.0,0.0,0.0,0.0,0.0,0.0,0.0,0.0,0.0,0.0,0.0,0.0,0.0,0.0,0.0,0.0,0.0,0.0,0.0,0.0,0.0,0.0,0.0,0.0,0.0,0.0,0.0,0.0,0.0,0.0,0.0,0.0,0.0,0.0,0.0,0.0,0.0,0.0,0.0,0.0,0.0,0.0,0.0,0.0,0.0,0.0,0.0,0.0,0.0,0.0,0.0,0.0,0.0,0.0,0.0,0.0,0.0,0.0,0.0,0.0,0.0,0.0,0.0,0.0,0.0,0.0,0.0,0.0,0.0,0.0,0.0,0.0,0.0,0.0,0.0,63356.12109375,31678.060546875,0.0,0.0,0.0,0.0,0.0,0.0,0.0,0.0,WA
8876048,WA,5306,0.08959556370973587,1,0.0,73820.859375,73820.859375,1,0,9517.71484375,0.0,62595.640625,0.0,0.0,0.0,0.0,0.0,-1557.1259765625,0.0,1557.125,0.0,-1716.0,0.0,1716.0,0.0,1166.0,0.0,-1166.0,0.0,0.0,0.0,0.0,0.0,0.0,0.0,0.0,0.0,0.0,0.0,0.0,0.0,0.0,0.0,0.0,0.0,0.0,0.0,0.0,0.0,0.0,0.0,0.0,0.0,0.0,0.0,0.0,0.0,0.0,0.0,0.0,0.0,0.0,0.0,0.0,0.0,0.0,0.0,0.0,0.0,0.0,0.0,0.0,0.0,0.0,0.0,0.0,0.0,0.0,0.0,0.0,0.0,0.0,0.0,0.0,0.0,0.0,0.0,0.0,0.0,0.0,0.0,0.0,0.0,0.0,0.0,0.0,0.0,0.0,0.0,0.0,0.0,7410.5888671875,0.0,64702.765625,0.0,-2107.1259765625,0.0,2107.125,0.0,-22.13899041056254,0.0,3.366248607635498,0.0,WA
8876049,WA,5306,0.33480459451675415,1,0.0,59677.51953125,95249.7265625,1,0,14083.27734375,0.0,107407.0546875,24850.666015625,0.0,0.0,0.0,24850.666015625,-2104.9931640625,0.0,2104.9921875,0.0,-1470.3447265625,0.0,1470.34375,0.0,1166.0,0.0,-1166.0,0.0,0.0,0.0,0.0,0.0,0.0,0.0,0.0,0.0,0.0,0.0,0.0,0.0,0.0,0.0,0.0,0.0,0.0,0.0,0.0,0.0,0.0,0.0,0.0,0.0,0.0,0.0,0.0,0.0,0.0,0.0,0.0,0.0,0.0,0.0,0.0,0.0,0.0,0.0,0.0,0.0,0.0,0.0,0.0,0.0,0.0,0.0,0.0,0.0,0.0,0.0,0.0,0.0,-1052.703125,0.0,1052.703125,0.0,0.0,0.0,0.0,0.0,0.0,0.0,0.0,0.0,0.0,0.0,0.0,0.0,0.0,0.0,0.0,0.0,10621.236328125,0.0,110869.09375,24850.666015625,-3462.041015625,0.0,3462.0390625,0.0,-24.582637486447105,0.0,3.2232885360717773,0.0,WA
8876050,WA,5306,0.09969570487737656,1,0.0,31848.7734375,31848.7734375,1,0,2129.81591796875,0.0,41124.3203125,0.0,0.0,13841.7919921875,0.0,13841.7919921875,-187.963134765625,0.0,187.9609375,0.0,-896.9754638671875,0.0,896.9765625,0.0,596.9754638671875,0.0,-596.9765625,0.0,0.0,0.0,0.0,0.0,0.0,0.0,0.0,0.0,0.0,0.0,0.0,0.0,0.0,0.0,0.0,0.0,0.0,0.0,0.0,0.0,0.0,0.0,0.0,0.0,0.0,0.0,0.0,0.0,0.0,0.0,0.0,0.0,0.0,0.0,0.0,0.0,0.0,0.0,0.0,0.0,0.0,0.0,0.0,0.0,0.0,0.0,0.0,0.0,0.0,0.0,0.0,0.0,0.0,0.0,0.0,0.0,0.0,0.0,0.0,0.0,0.0,0.0,0.0,0.0,0.0,0.0,0.0,0.0,0.0,0.0,0.0,0.0,1641.852783203125,0.0,41612.28125,13841.7919921875,-487.963134765625,0.0,487.9609375,0.0,-22.911047412539094,0.0,1.1865507364273071,0.0,WA
8876051,WA,5306,0.077557772397995,4,0.0,296152.609375,518178.7265625,2,2,127381.8427734375,0.0,387643.6875,0.0,8792.986328125,0.0,0.0,8792.986328125,-796.65625,0.0,796.625,0.0,-935.999755859375,0.0,936.0,0.0,636.0,0.0,-636.0,0.0,0.0,0.0,0.0,0.0,0.0,0.0,0.0,0.0,0.0,0.0,0.0,0.0,-6432.796875,0.0,6432.8125,0.0,-32461.3203125,0.0,32461.3125,0.0,0.0,0.0,0.0,0.0,0.0,0.0,0.0,0.0,-672.140625,0.0,672.15625,0.0,0.0,0.0,0.0,0.0,0.0,0.0,0.0,0.0,0.0,0.0,0.0,0.0,0.0,0.0,0.0,0.0,0.0,0.0,0.0,0.0,0.0,0.0,0.0,0.0,-65.83837890625,0.0,65.84375,0.0,0.0,0.0,0.0,0.0,0.0,0.0,0.0,0.0,0.0,0.0,0.0,0.0,86653.09057617188,0.0,428372.4375,8792.986328125,-40728.752197265625,0.0,40728.75,0.0,-31.97375019115256,0.0,10.506749153137207,0.0,WA
8876052,WA,5306,410.0318908691406,2,0.0,0.0,14449.142578125,2,0,0.0,0.0,70705.609375,5653.56689453125,52815.25,0.0,0.0,58468.81689453125,0.0,0.0,0.0,0.0,0.0,0.0,0.0,0.0,0.0,0.0,0.0,0.0,0.0,0.0,0.0,0.0,0.0,0.0,0.0,0.0,0.0,0.0,0.0,0.0,0.0,0.0,0.0,0.0,0.0,0.0,0.0,0.0,0.0,0.0,0.0,0.0,0.0,0.0,0.0,0.0,0.0,0.0,0.0,0.0,0.0,0.0,0.0,0.0,0.0,0.0,0.0,0.0,0.0,0.0,0.0,0.0,0.0,0.0,0.0,0.0,0.0,0.0,0.0,0.0,0.0,0.0,0.0,0.0,0.0,0.0,0.0,0.0,0.0,0.0,0.0,0.0,0.0,0.0,0.0,0.0,0.0,0.0,0.0,0.0,0.0,0.0,70705.609375,58468.81689453125,0.0,0.0,0.0,0.0,0.0,0.0,0.0,0.0,WA
8876053,WA,5306,0.11026543378829956,7,1.0,299689.84716796875,320560.765625,5,2,30012.6591796875,0.0,293431.25,13797.5693359375,0.0,0.0,0.0,13797.5693359375,-4871.373046875,0.0,4871.375,0.0,-6512.697509765625,0.0,6512.6875,0.0,4848.697509765625,0.0,-4848.6875,0.0,0.0,0.0,0.0,0.0,-1200.000244140625,0.0,1200.0,0.0,0.0,0.0,0.0,0.0,-24.6689453125,0.0,24.6875,0.0,0.0,0.0,0.0,0.0,0.0,0.0,0.0,0.0,0.0,0.0,0.0,0.0,-153.9453125,0.0,153.9375,0.0,0.0,0.0,0.0,0.0,0.0,0.0,0.0,0.0,0.0,0.0,0.0,0.0,0.0,0.0,0.0,0.0,0.0,0.0,0.0,0.0,0.0,0.0,0.0,0.0,-292.2666015625,0.0,292.25,0.0,0.0,0.0,0.0,0.0,0.0,0.0,0.0,0.0,0.0,0.0,0.0,0.0,21806.405029296875,0.0,301637.5,13797.5693359375,-8206.254150390625,0.0,8206.25,0.0,-27.342642653752584,0.0,2.796651601791382,0.0,WA
8876054,WA,5306,0.08460360765457153,4,1.0,229740.32373046875,294609.7529296875,3,1,49747.578125,0.0,265861.53125,1230.9281005859375,8792.986328125,0.0,0.0,10023.914428710938,-4990.27734375,0.0,4990.28125,0.0,0.0,0.0,0.0,0.0,1792.41796875,0.0,-1792.4375,0.0,0.0,0.0,0.0,0.0,-2200.0,0.0,2200.0,0.0,0.0,0.0,0.0,0.0,-244.0703125,0.0,244.09375,0.0,0.0,0.0,0.0,0.0,0.0,0.0,0.0,0.0,0.0,0.0,0.0,0.0,0.0,0.0,0.0,0.0,0.0,0.0,0.0,0.0,0.0,0.0,0.0,0.0,0.0,0.0,0.0,0.0,0.0,0.0,0.0,0.0,0.0,0.0,0.0,0.0,0.0,0.0,0.0,0.0,0.0,0.0,0.0,0.0,0.0,0.0,0.0,0.0,0.0,0.0,0.0,0.0,0.0,0.0,0.0,0.0,44105.6484375,0.0,271503.46875,10023.914428710938,-5641.9296875,0.0,5641.9375,0.0,-11.341114281631173,0.0,2.122133731842041,0.0,WA
8876055,WA,5306,0.12559109926223755,3,0.0,186652.89453125,913009.53125,3,0,240464.9140625,714.5119018554688,681671.3125,30932.5390625,0.0,0.0,0.0,30932.5390625,-5173.873046875,0.0,5173.875,0.0,-2413.716796875,0.0,2413.6875,0.0,1313.716796875,0.0,-1313.6875,0.0,0.0,0.0,0.0,0.0,0.0,0.0,0.0,0.0,0.0,0.0,0.0,0.0,-2767.734375,0.0,2767.75,0.0,-18403.09375,0.0,18403.0625,0.0,0.0,0.0,0.0,0.0,0.0,0.0,0.0,0.0,0.0,0.0,0.0,0.0,-4496.5,0.0,4496.5,0.0,0.0,0.0,0.0,0.0,0.0,0.0,0.0,0.0,0.0,0.0,0.0,0.0,0.0,0.0,0.0,0.0,0.0,0.0,0.0,0.0,0.0,0.0,0.0,0.0,0.0,0.0,0.0,0.0,0.0,0.0,0.0,0.0,0.0,0.0,0.0,0.0,208523.712890625,714.5119018554688,713612.5,30932.5390625,-31941.201171875,0.0,31941.1875,0.0,-13.283102566710859,0.0,4.68571662902832,0.0,WA
8876056,WA,5306,0.22917288541793823,2,0.0,57104.154296875,438972.3125,2,0,116571.2265625,0.0,402543.9375,78475.7890625,0.0,0.0,0.0,78475.7890625,0.0,0.0,0.0,0.0,0.0,0.0,0.0,0.0,-0.0078125,0.0,0.0,0.0,0.0,0.0,0.0,0.0,0.0,0.0,0.0,0.0,0.0,0.0,0.0,0.0,-19977.5234375,0.0,19977.53125,0.0,-30737.265625,0.0,30737.28125,0.0,0.0,0.0,0.0,0.0,0.0,0.0,0.0,0.0,0.0,0.0,0.0,0.0,-224.0859375,0.0,224.0625,0.0,0.0,0.0,0.0,0.0,2229.5703125,0.0,-2229.5625,0.0,0.0,0.0,0.0,0.0,0.0,0.0,0.0,0.0,0.0,0.0,0.0,0.0,0.0,0.0,0.0,0.0,0.0,0.0,0.0,0.0,0.0,0.0,0.0,0.0,0.0,0.0,0.0,0.0,67861.9140625,0.0,451253.25,78475.7890625,-48709.3125,0.0,48709.3125,0.0,-41.78502185861823,0.0,12.100371360778809,0.0,WA
8876057,WA,5306,0.09361595660448074,1,0.0,92788.859375,103398.4453125,1,0,16912.111328125,0.0,79387.984375,0.0,0.0,0.0,0.0,0.0,-2444.453125,0.0,2444.453125,0.0,-1716.0,0.0,1716.0,0.0,1166.0,0.0,-1166.0,0.0,0.0,0.0,0.0,0.0,0.0,0.0,0.0,0.0,0.0,0.0,0.0,0.0,0.0,0.0,0.0,0.0,0.0,0.0,0.0,0.0,0.0,0.0,0.0,0.0,0.0,0.0,0.0,0.0,0.0,0.0,0.0,0.0,0.0,0.0,0.0,0.0,0.0,0.0,0.0,0.0,0.0,0.0,0.0,0.0,0.0,0.0,0.0,0.0,0.0,0.0,0.0,0.0,0.0,0.0,0.0,0.0,0.0,0.0,0.0,0.0,0.0,0.0,0.0,0.0,0.0,0.0,0.0,0.0,0.0,0.0,0.0,0.0,13917.658203125,0.0,82382.4375,0.0,-2994.453125,0.0,2994.453125,0.0,-17.705968621553456,0.0,3.7719223499298096,0.0,WA
8876058,WA,5306,411.2988586425781,2,0.0,4687.6982421875,4687.6982421875,2,0,0.0,0.0,72674.4296875,11389.4052734375,52815.25,0.0,0.0,64204.6552734375,0.0,0.0,0.0,0.0,0.0,0.0,0.0,0.0,0.0,0.0,0.0,0.0,0.0,0.0,0.0,0.0,0.0,0.0,0.0,0.0,0.0,0.0,0.0,0.0,0.0,0.0,0.0,0.0,0.0,0.0,0.0,0.0,0.0,0.0,0.0,0.0,0.0,0.0,0.0,0.0,0.0,0.0,0.0,0.0,0.0,0.0,0.0,0.0,0.0,0.0,0.0,0.0,0.0,0.0,0.0,0.0,0.0,0.0,0.0,0.0,0.0,0.0,0.0,0.0,0.0,0.0,0.0,0.0,0.0,0.0,0.0,0.0,0.0,0.0,0.0,0.0,0.0,0.0,0.0,0.0,0.0,0.0,0.0,0.0,0.0,0.0,72674.4296875,64204.6552734375,0.0,0.0,0.0,0.0,0.0,0.0,0.0,0.0,WA
8876059,WA,5306,0.10986638814210892,2,0.0,79828.75,87838.53271484375,2,0,10507.1875,0.0,71018.1796875,0.0,0.0,0.0,0.0,0.0,-1675.8623046875,0.0,1675.8671875,0.0,-1716.0,0.0,1716.0,0.0,1166.0,0.0,-1166.0,0.0,0.0,0.0,0.0,0.0,0.0,0.0,0.0,0.0,0.0,0.0,0.0,0.0,0.0,0.0,0.0,0.0,0.0,0.0,0.0,0.0,0.0,0.0,0.0,0.0,0.0,0.0,0.0,0.0,0.0,0.0,0.0,0.0,0.0,0.0,0.0,0.0,0.0,0.0,0.0,0.0,0.0,0.0,0.0,0.0,0.0,0.0,0.0,0.0,0.0,0.0,0.0,0.0,-1256.26025390625,0.0,1256.2578125,0.0,0.0,0.0,0.0,0.0,0.0,0.0,0.0,0.0,0.0,0.0,0.0,0.0,0.0,0.0,0.0,0.0,7025.06494140625,0.0,74500.3046875,0.0,-3482.12255859375,0.0,3482.125,0.0,-33.14038660292062,0.0,4.903145790100098,0.0,WA
8876060,WA,5306,0.09641007333993912,3,1.0,210618.5703125,735483.015625,2,1,161114.14453125,7398.46630859375,581270.6875,0.0,0.0,0.0,0.0,0.0,-1840.767578125,0.0,1840.75,0.0,-1716.0,0.0,1716.0,0.0,1166.0,0.0,-1166.0,0.0,0.0,0.0,0.0,0.0,0.0,0.0,0.0,0.0,0.0,0.0,0.0,0.0,-108.078125,0.0,108.0625,0.0,-18978.1484375,0.0,18978.1875,0.0,0.0,0.0,0.0,0.0,0.0,0.0,0.0,0.0,-521.2607421875,0.0,521.25,0.0,-2524.8046875,0.0,2524.8125,0.0,0.0,0.0,0.0,0.0,0.0,0.0,0.0,0.0,0.0,0.0,0.0,0.0,0.0,0.0,0.0,0.0,0.0,0.0,0.0,0.0,-203.5498046875,0.0,203.5625,0.0,0.0,0.0,0.0,0.0,0.0,0.0,0.0,0.0,0.0,0.0,0.0,0.0,136387.53515625,7398.46630859375,605997.3125,0.0,-24726.609375,0.0,24726.625,0.0,-15.347261686390285,0.0,4.253891468048096,0.0,WA
8876061,WA,5306,0.16748635470867157,2,0.0,86733.888671875,86980.25,2,0,7752.03759765625,0.0,121921.7578125,0.0,0.0,0.0,0.0,0.0,-1074.40771484375,0.0,1074.40625,0.0,-1872.0,0.0,1872.0,0.0,1272.0,0.0,-1272.0,0.0,0.0,0.0,0.0,0.0,0.0,0.0,0.0,0.0,0.0,0.0,0.0,0.0,0.0,0.0,0.0,0.0,0.0,0.0,0.0,0.0,0.0,0.0,0.0,0.0,0.0,0.0,0.0,0.0,0.0,0.0,0.0,0.0,0.0,0.0,0.0,0.0,0.0,0.0,0.0,0.0,0.0,0.0,0.0,0.0,0.0,0.0,0.0,0.0,0.0,0.0,0.0,0.0,0.0,0.0,0.0,0.0,0.0,0.0,0.0,0.0,0.0,0.0,0.0,0.0,0.0,0.0,0.0,0.0,0.0,0.0,0.0,0.0,6077.6298828125,0.0,123596.1640625,0.0,-1674.40771484375,0.0,1674.40625,0.0,-21.599581964746793,0.0,1.373344898223877,0.0,WA
8876062,WA,5306,0.10767281800508499,4,0.0,84463.82080078125,82070.84887695312,2,2,5955.93505859375,0.0,87970.8984375,0.0,17585.97265625,25886.111328125,0.0,43472.083984375,-715.18701171875,0.0,715.1875,0.0,-1872.0,0.0,1872.0,0.0,1272.0,0.0,-1272.0,0.0,0.0,0.0,0.0,0.0,0.0,0.0,0.0,0.0,0.0,0.0,0.0,0.0,0.0,0.0,0.0,0.0,0.0,0.0,0.0,0.0,0.0,0.0,0.0,0.0,0.0,0.0,0.0,0.0,-118.28662109375,0.0,118.2890625,0.0,0.0,0.0,0.0,0.0,0.0,0.0,0.0,0.0,0.0,0.0,0.0,0.0,0.0,0.0,0.0,0.0,0.0,0.0,0.0,0.0,0.0,0.0,0.0,0.0,-131.326171875,0.0,131.328125,0.0,0.0,0.0,0.0,0.0,0.0,0.0,0.0,0.0,0.0,0.0,0.0,0.0,4391.13525390625,0.0,89535.703125,43472.083984375,-1564.7998046875,0.0,1564.8046875,0.0,-26.272949407493428,0.0,1.7787754535675049,0.0,WA
8876063,WA,5306,0.10093747824430466,1,0.0,68.9367446899414,-2931.063232421875,1,0,-5.273660659790039,-341.9477844238281,4283.44921875,0.0,8792.986328125,0.0,0.0,8792.986328125,0.0,0.0,0.0,0.0,0.0,0.0,0.0,0.0,0.0,0.0,0.0,0.0,0.0,0.0,0.0,0.0,0.0,0.0,0.0,0.0,0.0,0.0,0.0,0.0,0.0,0.0,0.0,0.0,0.0,0.0,0.0,0.0,0.0,0.0,0.0,0.0,0.0,0.0,0.0,0.0,0.0,0.0,0.0,0.0,0.0,0.0,0.0,0.0,0.0,0.0,0.0,0.0,0.0,0.0,0.0,0.0,0.0,0.0,0.0,0.0,0.0,0.0,0.0,0.0,0.0,0.0,0.0,0.0,0.0,0.0,0.0,0.0,0.0,0.0,0.0,0.0,0.0,0.0,0.0,0.0,0.0,0.0,0.0,0.0,-5.273660659790039,-341.9477844238281,4283.44921875,8792.986328125,0.0,0.0,0.0,0.0,0.0,0.0,0.0,0.0,WA
8876064,WA,5306,0.16936106979846954,5,3.0,99403.18359375,102362.2265625,3,2,6674.333984375,0.0,110440.8671875,0.0,0.0,16960.89453125,5620.5126953125,22581.4072265625,-1058.86669921875,0.0,1058.8671875,0.0,-1872.0,0.0,1872.0,0.0,3180.0,0.0,-3180.0,0.0,1000.0,0.0,-1000.0,0.0,0.0,0.0,0.0,0.0,0.0,0.0,0.0,0.0,-600.0,0.0,600.0,0.0,0.0,0.0,0.0,0.0,0.0,0.0,0.0,0.0,0.0,0.0,0.0,0.0,-112.75341796875,0.0,112.7578125,0.0,0.0,0.0,0.0,0.0,0.0,0.0,0.0,0.0,0.0,0.0,0.0,0.0,0.0,0.0,0.0,0.0,0.0,0.0,0.0,0.0,0.0,0.0,0.0,0.0,0.0,0.0,0.0,0.0,0.0,0.0,0.0,0.0,0.0,0.0,0.0,0.0,0.0,0.0,0.0,0.0,7210.7138671875,0.0,109904.4921875,22581.4072265625,536.3798828125,0.0,-536.375,0.0,8.036455533513848,0.0,-0.4856671094894409,0.0,WA
8876065,WA,5306,0.22098125517368317,4,0.0,169071.306640625,161848.583984375,3,1,14835.861328125,0.0,145946.8125,0.0,8792.986328125,1183.95263671875,0.0,9976.93896484375,-2253.17236328125,0.0,2253.171875,0.0,-2808.0009765625,0.0,2808.0,0.0,1908.0009765625,0.0,-1908.0,0.0,0.0,0.0,0.0,0.0,0.0,0.0,0.0,0.0,0.0,0.0,0.0,0.0,0.0,0.0,0.0,0.0,0.0,0.0,0.0,0.0,0.0,0.0,0.0,0.0,0.0,0.0,0.0,0.0,0.0,0.0,0.0,0.0,0.0,0.0,0.0,0.0,0.0,0.0,0.0,0.0,0.0,0.0,0.0,0.0,0.0,0.0,0.0,0.0,0.0,0.0,0.0,0.0,0.0,0.0,0.0,0.0,-210.12158203125,0.0,210.125,0.0,0.0,0.0,0.0,0.0,0.0,0.0,0.0,0.0,0.0,0.0,0.0,0.0,11472.5673828125,0.0,149310.109375,9976.93896484375,-3363.2939453125,0.0,3363.296875,0.0,-22.67002818998149,0.0,2.3044676780700684,0.0,WA
8876066,WA,5306,0.11239490658044815,2,0.0,374881.296875,915817.75,2,0,258357.078125,11140.9404296875,676247.5,28774.455078125,0.0,0.0,0.0,28774.455078125,0.0,0.0,0.0,0.0,0.0,0.0,0.0,0.0,0.0,0.0,0.0,0.0,0.0,0.0,0.0,0.0,0.0,0.0,0.0,0.0,0.0,0.0,0.0,0.0,-35.4375,0.0,35.5,0.0,-38948.0,0.0,38948.0,0.0,0.0,0.0,0.0,0.0,0.0,0.0,0.0,0.0,0.0,0.0,0.0,0.0,-4266.9375,0.0,4266.875,0.0,0.0,0.0,0.0,0.0,0.0,0.0,0.0,0.0,0.0,0.0,0.0,0.0,0.0,0.0,0.0,0.0,0.0,0.0,0.0,0.0,0.0,0.0,0.0,0.0,0.0,0.0,0.0,0.0,0.0,0.0,0.0,0.0,0.0,0.0,0.0,0.0,215106.703125,11140.9404296875,719497.875,28774.455078125,-43250.375,0.0,43250.375,0.0,-16.740541932849357,0.0,6.39564323425293,0.0,WA
8876067,WA,5306,0.12348944693803787,3,0.0,386619.25,454840.6640625,3,0,113882.9765625,0.0,323553.8125,0.0,8792.986328125,0.0,0.0,8792.986328125,0.0,0.0,0.0,0.0,0.0,0.0,0.0,0.0,0.0,0.0,0.0,0.0,0.0,0.0,0.0,0.0,0.0,0.0,0.0,0.0,0.0,0.0,0.0,0.0,-1400.0,0.0,1400.0,0.0,-31989.5625,0.0,31989.5625,0.0,0.0,0.0,0.0,0.0,0.0,0.0,0.0,0.0,-480.0,0.0,480.0,0.0,0.0,0.0,0.0,0.0,0.0,0.0,0.0,0.0,0.0,0.0,0.0,0.0,0.0,0.0,0.0,0.0,0.0,0.0,0.0,0.0,0.0,0.0,0.0,0.0,0.0,0.0,0.0,0.0,0.0,0.0,0.0,0.0,0.0,0.0,0.0,0.0,0.0,0.0,-8793.0,-8792.986328125,80013.4140625,0.0,348630.375,0.0,-33869.5625,0.0,25076.5625,-8792.986328125,-29.740671979549184,0.0,7.7503533363342285,-100.0,WA
8876068,WA,5306,0.13858915865421295,4,2.0,99043.52746582031,99043.53125,4,0,5971.52978515625,0.0,91520.921875,0.0,0.0,0.0,5620.5126953125,5620.5126953125,-1118.30615234375,0.0,1118.3046875,0.0,-1872.0,0.0,1872.0,0.0,2544.0,0.0,-2544.0,0.0,0.0,0.0,0.0,0.0,-2400.0,0.0,2400.0,0.0,0.0,0.0,0.0,0.0,-0.7529296875,0.0,0.7578125,0.0,0.0,0.0,0.0,0.0,0.0,0.0,0.0,0.0,0.0,0.0,0.0,0.0,0.0,0.0,0.0,0.0,0.0,0.0,0.0,0.0,0.0,0.0,0.0,0.0,0.0,0.0,0.0,0.0,0.0,0.0,0.0,0.0,0.0,0.0,0.0,0.0,0.0,0.0,0.0,0.0,-187.55224609375,0.0,187.546875,0.0,0.0,0.0,0.0,0.0,0.0,0.0,0.0,0.0,0.0,0.0,0.0,0.0,2936.91845703125,0.0,94555.53125,5620.5126953125,-3034.611328125,0.0,3034.609375,0.0,-50.817988644522806,0.0,3.3157548904418945,0.0,WA
8876069,WA,5306,0.364475816488266,3,0.0,69752.6796875,950.80859375,2,1,803.4802856445312,0.0,33009.578125,0.0,26378.958984375,0.0,0.0,26378.958984375,0.0,0.0,0.0,0.0,-780.0000114440918,0.0,780.0,0.0,530.0000114440918,0.0,-530.0,0.0,0.0,0.0,0.0,0.0,0.0,0.0,0.0,0.0,0.0,0.0,0.0,0.0,0.0,0.0,0.0,0.0,0.0,0.0,0.0,0.0,0.0,0.0,0.0,0.0,0.0,0.0,0.0,0.0,0.0,0.0,0.0,0.0,0.0,0.0,0.0,0.0,0.0,0.0,0.0,0.0,0.0,0.0,0.0,0.0,0.0,0.0,0.0,0.0,0.0,0.0,0.0,0.0,0.0,0.0,0.0,0.0,0.0,0.0,0.0,0.0,0.0,0.0,0.0,0.0,0.0,0.0,0.0,0.0,0.0,0.0,0.0,0.0,553.4802856445312,0.0,33259.578125,26378.958984375,-250.0,0.0,250.0,0.0,-31.11464020544778,0.0,0.7573559284210205,0.0,WA
8876070,WA,5306,0.14025436341762543,2,0.0,68823.8203125,111875.9296875,2,0,11238.8896484375,0.0,136108.0,32698.244140625,0.0,0.0,0.0,32698.244140625,-1771.7783203125,0.0,1771.765625,0.0,-1872.0,0.0,1872.0,0.0,1272.0,0.0,-1272.0,0.0,0.0,0.0,0.0,0.0,0.0,0.0,0.0,0.0,0.0,0.0,0.0,0.0,-600.0,0.0,600.0,0.0,0.0,0.0,0.0,0.0,0.0,0.0,0.0,0.0,0.0,0.0,0.0,0.0,-240.0,0.0,240.0,0.0,0.0,0.0,0.0,0.0,0.0,0.0,0.0,0.0,0.0,0.0,0.0,0.0,0.0,0.0,0.0,0.0,0.0,0.0,0.0,0.0,-720.0,0.0,720.0,0.0,0.0,0.0,0.0,0.0,0.0,0.0,0.0,0.0,0.0,0.0,0.0,0.0,0.0,0.0,0.0,0.0,7307.111328125,0.0,140039.765625,32698.244140625,-3931.7783203125,0.0,3931.765625,0.0,-34.983690055708664,0.0,2.8887102603912354,0.0,WA
8876071,WA,5306,0.15847676992416382,6,0.0,192971.654296875,210749.943359375,6,0,22612.215270996094,0.0,370176.15625,59946.78125,17585.97265625,0.0,0.0,77532.75390625,-3337.9359130859375,0.0,3337.9375,0.0,-4783.3895263671875,0.0,4783.375,0.0,3182.2286987304688,0.0,-3182.21875,0.0,0.0,0.0,0.0,0.0,0.0,0.0,0.0,0.0,0.0,0.0,0.0,0.0,-1100.0,0.0,1100.0,0.0,0.0,0.0,0.0,0.0,0.0,0.0,0.0,0.0,0.0,0.0,0.0,0.0,-440.0,0.0,440.0,0.0,0.0,0.0,0.0,0.0,0.0,0.0,0.0,0.0,0.0,0.0,0.0,0.0,0.0,0.0,0.0,0.0,0.0,0.0,0.0,0.0,0.0,0.0,0.0,0.0,0.0,0.0,0.0,0.0,0.0,0.0,0.0,0.0,0.0,0.0,0.0,0.0,0.0,0.0,0.0,0.0,16133.118530273438,0.0,376655.25,77532.75390625,-6479.096740722656,0.0,6479.09375,0.0,-28.653082694790942,0.0,1.7502731084823608,0.0,WA
8876072,WA,5306,0.20036053657531738,7,3.0,55786.208984375,157367.41064453125,7,0,9232.67333984375,-1357.2696533203125,176324.453125,17668.439453125,10930.285400390625,0.0,0.0,28598.724853515625,-2103.775390625,0.0,2103.78125,0.0,-1716.0,0.0,1716.0,0.0,1389.57421875,0.0,-1389.578125,0.0,0.0,0.0,0.0,0.0,-2323.57421875,0.0,2323.578125,0.0,0.0,0.0,0.0,0.0,-3341.4697265625,0.0,3341.46875,0.0,0.0,0.0,0.0,0.0,0.0,0.0,0.0,0.0,0.0,0.0,0.0,0.0,0.0,0.0,0.0,0.0,0.0,0.0,0.0,0.0,0.0,0.0,0.0,0.0,0.0,0.0,0.0,0.0,0.0,0.0,0.0,0.0,0.0,0.0,0.0,0.0,-854.3828125,0.0,854.375,0.0,-48.9716796875,0.0,48.96875,0.0,0.0,0.0,0.0,0.0,0.0,0.0,0.0,0.0,0.0,0.0,0.0,0.0,234.07373046875,-1357.2696533203125,185323.046875,28598.724853515625,-8998.599609375,0.0,8998.59375,0.0,-97.46472422609602,0.0,5.103429317474365,0.0,WA
8876073,WA,5306,128.00442504882812,1,0.0,0.0,23072.873046875,1,0,742.2872924804688,0.0,22660.5859375,330.0,0.0,0.0,0.0,330.0,0.0,0.0,0.0,0.0,-742.2872924804688,0.0,742.287109375,0.0,492.28729248046875,0.0,-492.287109375,0.0,0.0,0.0,0.0,0.0,0.0,0.0,0.0,0.0,0.0,0.0,0.0,0.0,0.0,0.0,0.0,0.0,0.0,0.0,0.0,0.0,0.0,0.0,0.0,0.0,0.0,0.0,0.0,0.0,0.0,0.0,0.0,0.0,0.0,0.0,0.0,0.0,0.0,0.0,0.0,0.0,0.0,0.0,0.0,0.0,0.0,0.0,0.0,0.0,0.0,0.0,0.0,0.0,-492.28729248046875,0.0,492.287109375,0.0,0.0,0.0,0.0,0.0,0.0,0.0,0.0,0.0,0.0,0.0,0.0,0.0,0.0,0.0,0.0,0.0,0.0,0.0,23402.873046875,330.0,-742.2872924804688,0.0,742.287109375,0.0,-100.0,0.0,3.275675058364868,0.0,WA
8876074,WA,5306,0.09783652424812317,2,0.0,203557.15625,655374.5625,2,0,164880.53125,0.0,540764.75,40545.82421875,0.0,0.0,0.0,40545.82421875,0.0,0.0,0.0,0.0,0.0,0.0,0.0,0.0,0.0,0.0,0.0,0.0,0.0,0.0,0.0,0.0,0.0,0.0,0.0,0.0,0.0,0.0,0.0,0.0,-1400.0,0.0,1400.0,0.0,-34657.1328125,0.0,34657.125,0.0,0.0,0.0,0.0,0.0,0.0,0.0,0.0,0.0,-698.7265625,0.0,698.75,0.0,0.0,0.0,0.0,0.0,0.0,0.0,0.0,0.0,0.0,0.0,0.0,0.0,0.0,0.0,0.0,0.0,0.0,0.0,0.0,0.0,0.0,0.0,0.0,0.0,0.0,0.0,0.0,0.0,0.0,0.0,0.0,0.0,0.0,0.0,0.0,0.0,0.0,0.0,0.0,0.0,128124.671875,0.0,577520.625,40545.82421875,-36755.859375,0.0,36755.875,0.0,-22.292419302839917,0.0,6.797018051147461,0.0,WA
8876075,WA,5306,0.10770203173160553,4,2.0,154460.7578125,173283.171875,4,0,22785.04296875,0.0,152591.84375,12620.4326171875,0.0,0.0,0.0,12620.4326171875,-3562.26953125,0.0,3562.265625,0.0,-2728.974609375,0.0,2728.96875,0.0,3960.974609375,0.0,-3960.96875,0.0,0.0,0.0,0.0,0.0,-4400.0,0.0,4400.0,0.0,0.0,0.0,0.0,0.0,-1100.0,0.0,1100.0,0.0,0.0,0.0,0.0,0.0,0.0,0.0,0.0,0.0,0.0,0.0,0.0,0.0,-440.0,0.0,440.0,0.0,0.0,0.0,0.0,0.0,0.0,0.0,0.0,0.0,0.0,0.0,0.0,0.0,0.0,0.0,0.0,0.0,-475.138671875,0.0,475.140625,0.0,0.0,0.0,0.0,0.0,-535.03125,0.0,535.03125,0.0,0.0,0.0,0.0,0.0,0.0,0.0,0.0,0.0,0.0,0.0,0.0,0.0,13504.603515625,0.0,161872.28125,12620.4326171875,-9280.439453125,0.0,9280.4375,0.0,-40.73040136835928,0.0,6.081869602203369,0.0,WA
8876076,WA,5306,0.13135729730129242,3,1.0,38885.404296875,216753.796875,3,0,34388.44921875,0.0,226612.515625,0.0,0.0,0.0,0.0,0.0,-5028.61328125,0.0,5028.609375,0.0,-1169.85546875,0.0,1169.859375,0.0,1235.85546875,0.0,-1235.859375,0.0,0.0,0.0,0.0,0.0,-2200.0,0.0,2200.0,0.0,0.0,0.0,0.0,0.0,-6870.4453125,0.0,6870.4375,0.0,0.0,0.0,0.0,0.0,0.0,0.0,0.0,0.0,0.0,0.0,0.0,0.0,-440.0,0.0,440.0,0.0,0.0,0.0,0.0,0.0,0.0,0.0,0.0,0.0,0.0,0.0,0.0,0.0,0.0,0.0,0.0,0.0,0.0,0.0,0.0,0.0,0.0,0.0,0.0,0.0,0.0,0.0,0.0,0.0,0.0,0.0,0.0,0.0,0.0,0.0,0.0,0.0,0.0,0.0,0.0,0.0,19915.390625,0.0,241085.5625,0.0,-14473.05859375,0.0,14473.046875,0.0,-42.086976652203006,0.0,6.386693477630615,0.0,WA
8876077,WA,5306,353.1483459472656,1,0.0,2458.90234375,2458.90234375,1,0,0.0,0.0,42855.2265625,7937.0244140625,26407.625,0.0,0.0,34344.6494140625,0.0,0.0,0.0,0.0,0.0,0.0,0.0,0.0,0.0,0.0,0.0,0.0,0.0,0.0,0.0,0.0,0.0,0.0,0.0,0.0,0.0,0.0,0.0,0.0,0.0,0.0,0.0,0.0,0.0,0.0,0.0,0.0,0.0,0.0,0.0,0.0,0.0,0.0,0.0,0.0,0.0,0.0,0.0,0.0,0.0,0.0,0.0,0.0,0.0,0.0,0.0,0.0,0.0,0.0,0.0,0.0,0.0,0.0,0.0,0.0,0.0,0.0,0.0,0.0,0.0,0.0,0.0,0.0,0.0,0.0,0.0,0.0,0.0,0.0,0.0,0.0,0.0,0.0,0.0,0.0,0.0,0.0,0.0,0.0,0.0,0.0,42855.2265625,34344.6494140625,0.0,0.0,0.0,0.0,0.0,0.0,0.0,0.0,WA
8876078,WA,5306,92.28600311279297,2,0.0,25489.880859375,25489.880859375,2,0,0.0,0.0,39721.84765625,0.0,12436.414794921875,0.0,0.0,12436.414794921875,0.0,0.0,0.0,0.0,0.0,0.0,0.0,0.0,0.0,0.0,0.0,0.0,0.0,0.0,0.0,0.0,0.0,0.0,0.0,0.0,0.0,0.0,0.0,0.0,0.0,0.0,0.0,0.0,0.0,0.0,0.0,0.0,0.0,0.0,0.0,0.0,0.0,0.0,0.0,0.0,0.0,0.0,0.0,0.0,0.0,0.0,0.0,0.0,0.0,0.0,0.0,0.0,0.0,0.0,0.0,0.0,0.0,0.0,0.0,0.0,0.0,0.0,0.0,0.0,0.0,0.0,0.0,0.0,0.0,0.0,0.0,0.0,0.0,0.0,0.0,0.0,0.0,0.0,0.0,0.0,0.0,0.0,0.0,0.0,0.0,0.0,39721.84765625,12436.414794921875,0.0,0.0,0.0,0.0,0.0,0.0,0.0,0.0,WA
8876079,WA,5306,0.1347309947013855,6,0.0,243537.35229492188,253231.03784179688,6,0,30011.16796875,0.0,222703.84375,11312.5029296875,8792.986328125,3424.75732421875,0.0,23530.24658203125,-4399.7060546875,0.0,4399.71875,0.0,-5304.001708984375,0.0,5304.0,0.0,3604.001708984375,0.0,-3604.0,0.0,0.0,0.0,0.0,0.0,0.0,0.0,0.0,0.0,0.0,0.0,0.0,0.0,0.0,0.0,0.0,0.0,0.0,0.0,0.0,0.0,0.0,0.0,0.0,0.0,0.0,0.0,0.0,0.0,-364.0595703125,0.0,364.0625,0.0,0.0,0.0,0.0,0.0,0.0,0.0,0.0,0.0,0.0,0.0,0.0,0.0,0.0,0.0,0.0,0.0,0.0,0.0,0.0,0.0,-720.0,0.0,720.0,0.0,-71.048828125,0.0,71.03125,0.0,0.0,0.0,0.0,0.0,0.0,0.0,0.0,0.0,0.0,0.0,0.0,0.0,22756.353515625,0.0,229958.65625,23530.24658203125,-7254.814453125,0.0,7254.8125,0.0,-24.173715800329017,0.0,3.25760555267334,0.0,WA
8876080,WA,5306,0.09709752351045609,1,0.0,193000.046875,491451.125,1,0,115886.953125,0.0,403931.1875,21777.03125,0.0,0.0,0.0,21777.03125,0.0,0.0,0.0,0.0,0.0,0.0,0.0,0.0,0.0,0.0,0.0,0.0,0.0,0.0,0.0,0.0,0.0,0.0,0.0,0.0,0.0,0.0,0.0,0.0,-1400.0,0.0,1400.0,0.0,-10711.8125,0.0,10711.8125,0.0,0.0,0.0,0.0,0.0,0.0,0.0,0.0,0.0,-350.0,0.0,350.0,0.0,0.0,0.0,0.0,0.0,0.0,0.0,0.0,0.0,0.0,0.0,0.0,0.0,0.0,0.0,0.0,0.0,0.0,0.0,0.0,0.0,0.0,0.0,0.0,0.0,0.0,0.0,0.0,0.0,0.0,0.0,0.0,0.0,0.0,0.0,0.0,0.0,0.0,0.0,0.0,0.0,103425.140625,0.0,416393.0,21777.03125,-12461.8125,0.0,12461.8125,0.0,-10.753421471490602,0.0,3.085132598876953,0.0,WA
8876081,WA,5306,0.09318839758634567,1,0.0,54960.9609375,54960.9609375,1,0,5596.64404296875,0.0,63823.28125,0.0,0.0,0.0,0.0,0.0,-881.32861328125,0.0,881.328125,0.0,-936.0,0.0,936.0,0.0,636.0,0.0,-636.0,0.0,0.0,0.0,0.0,0.0,0.0,0.0,0.0,0.0,0.0,0.0,0.0,0.0,0.0,0.0,0.0,0.0,0.0,0.0,0.0,0.0,0.0,0.0,0.0,0.0,0.0,0.0,0.0,0.0,0.0,0.0,0.0,0.0,0.0,0.0,0.0,0.0,0.0,0.0,0.0,0.0,0.0,0.0,0.0,0.0,0.0,0.0,0.0,0.0,0.0,0.0,0.0,0.0,0.0,0.0,0.0,0.0,-570.699462890625,0.0,570.6953125,0.0,0.0,0.0,0.0,0.0,0.0,0.0,0.0,0.0,0.0,0.0,0.0,0.0,3844.615966796875,0.0,65575.3046875,0.0,-1752.028076171875,0.0,1752.0234375,0.0,-31.30497603064476,0.0,2.7451164722442627,0.0,WA
8876082,WA,5306,0.1316564530134201,3,0.0,144607.58984375,410973.7421875,3,0,68307.2353515625,0.0,407838.4375,50940.59765625,0.0,0.0,0.0,50940.59765625,-1088.36328125,0.0,1088.375,0.0,-936.0,0.0,936.0,0.0,636.0,0.0,-636.0,0.0,0.0,0.0,0.0,0.0,0.0,0.0,0.0,0.0,0.0,0.0,0.0,0.0,-0.2421875,0.0,0.25,0.0,-13111.921875,0.0,13111.90625,0.0,0.0,0.0,0.0,0.0,0.0,0.0,0.0,0.0,-440.0,0.0,440.0,0.0,0.0,0.0,0.0,0.0,0.0,0.0,0.0,0.0,0.0,0.0,0.0,0.0,0.0,0.0,0.0,0.0,0.0,0.0,0.0,0.0,-785.84375,0.0,785.84375,0.0,-121.0576171875,0.0,121.0625,0.0,0.0,0.0,0.0,0.0,0.0,0.0,0.0,0.0,0.0,0.0,0.0,0.0,52459.806640625,0.0,423685.875,50940.59765625,-15847.4287109375,0.0,15847.4375,0.0,-23.20021975618575,0.0,3.8857147693634033,0.0,WA
8876083,WA,5306,0.2048334777355194,1,0.0,0.0,72124.703125,1,0,8467.296875,0.0,88005.421875,24348.02734375,0.0,0.0,0.0,24348.02734375,-1431.07568359375,0.0,1431.078125,0.0,-1443.2568359375,0.0,1443.2578125,0.0,993.47021484375,0.0,-993.4765625,0.0,0.0,0.0,0.0,0.0,0.0,0.0,0.0,0.0,0.0,0.0,0.0,0.0,0.0,0.0,0.0,0.0,0.0,0.0,0.0,0.0,0.0,0.0,0.0,0.0,0.0,0.0,0.0,0.0,0.0,0.0,0.0,0.0,0.0,0.0,0.0,0.0,0.0,0.0,0.0,0.0,0.0,0.0,0.0,0.0,0.0,0.0,0.0,0.0,0.0,0.0,0.0,0.0,-1077.47021484375,0.0,1077.4765625,0.0,0.0,0.0,0.0,0.0,0.0,0.0,0.0,0.0,0.0,0.0,0.0,0.0,0.0,0.0,0.0,0.0,5508.96435546875,0.0,90963.7578125,24348.02734375,-2958.33251953125,0.0,2958.3359375,0.0,-34.93833466812571,0.0,3.3615384101867676,0.0,WA
8876084,WA,5306,0.10553301125764847,3,0.0,214018.435546875,380112.908203125,3,0,63235.070556640625,0.0,317422.15625,0.0,0.0,0.0,0.0,0.0,-3343.1422119140625,0.0,3343.125,0.0,-853.3031616210938,0.0,853.3125,0.0,553.3031616210938,0.0,-553.3125,0.0,0.0,0.0,0.0,0.0,0.0,0.0,0.0,0.0,0.0,0.0,0.0,0.0,-6655.7890625,0.0,6655.78125,0.0,-207.09765625,0.0,207.125,0.0,0.0,0.0,0.0,0.0,0.0,0.0,0.0,0.0,0.0,0.0,0.0,0.0,0.0,0.0,0.0,0.0,0.0,0.0,0.0,0.0,0.0,0.0,0.0,0.0,0.0,0.0,0.0,0.0,0.0,0.0,0.0,0.0,0.0,0.0,0.0,0.0,0.0,0.0,0.0,0.0,0.0,0.0,0.0,0.0,0.0,0.0,0.0,0.0,0.0,0.0,0.0,0.0,52729.04162597656,0.0,327928.1875,0.0,-10506.028930664062,0.0,10506.03125,0.0,-16.614244023423126,0.0,3.309797763824463,0.0,WA
8876085,WA,5306,0.6851087212562561,4,2.0,0.0,-48679.78515625,1,3,0.0,0.0,-6563.037109375,14256.7685546875,24872.82958984375,0.0,0.0,39129.59814453125,0.0,0.0,0.0,0.0,0.0,0.0,0.0,0.0,0.0,0.0,0.0,0.0,0.0,0.0,0.0,0.0,0.0,0.0,0.0,0.0,0.0,0.0,0.0,0.0,0.0,0.0,0.0,0.0,0.0,0.0,0.0,0.0,0.0,0.0,0.0,0.0,0.0,0.0,0.0,0.0,0.0,0.0,0.0,0.0,0.0,0.0,0.0,0.0,0.0,0.0,0.0,0.0,0.0,0.0,0.0,0.0,0.0,0.0,0.0,0.0,0.0,0.0,0.0,0.0,0.0,0.0,0.0,0.0,0.0,0.0,0.0,0.0,0.0,0.0,0.0,0.0,0.0,0.0,0.0,0.0,0.0,0.0,0.0,0.0,0.0,0.0,-6563.037109375,39129.59814453125,0.0,0.0,0.0,0.0,0.0,0.0,0.0,0.0,WA
8876086,WA,5306,0.5799676179885864,1,0.0,59677.51953125,89637.6484375,1,0,8534.8291015625,0.0,117344.5625,33547.30859375,0.0,0.0,0.0,33547.30859375,-1439.1796875,0.0,1439.1796875,0.0,0.0,0.0,0.0,0.0,1166.0,0.0,-1166.0,0.0,0.0,0.0,0.0,0.0,0.0,0.0,0.0,0.0,0.0,0.0,0.0,0.0,0.0,0.0,0.0,0.0,0.0,0.0,0.0,0.0,0.0,0.0,0.0,0.0,0.0,0.0,0.0,0.0,0.0,0.0,0.0,0.0,0.0,0.0,0.0,0.0,0.0,0.0,0.0,0.0,1770.6328125,0.0,-1770.6328125,0.0,0.0,0.0,0.0,0.0,0.0,0.0,0.0,0.0,-1126.783203125,0.0,1126.78125,0.0,-96.8046875,0.0,96.8046875,0.0,0.0,0.0,0.0,0.0,0.0,0.0,0.0,0.0,0.0,0.0,0.0,0.0,8808.6943359375,0.0,117070.6953125,33547.30859375,273.865234375,0.0,-273.8671875,0.0,3.2087957604782336,0.0,-0.23338720202445984,0.0,WA
8876087,WA,5306,0.11352163553237915,4,0.0,221135.8349609375,615934.8349609375,3,1,147347.27142333984,-341.9477844238281,496763.4375,0.0,17585.97265625,0.0,0.0,17585.97265625,-2218.41552734375,0.0,2218.40625,0.0,-1046.72802734375,0.0,1046.75,0.0,749.921875,0.0,-749.9375,0.0,0.0,0.0,0.0,0.0,0.0,0.0,0.0,0.0,0.0,0.0,0.0,0.0,-20678.640625,0.0,20678.625,0.0,-755.6171875,0.0,755.625,0.0,0.0,0.0,0.0,0.0,0.0,0.0,0.0,0.0,0.0,0.0,0.0,0.0,-2061.2734375,0.0,2061.28125,0.0,0.0,0.0,0.0,0.0,0.0,0.0,0.0,0.0,0.0,0.0,0.0,0.0,0.0,0.0,0.0,0.0,0.0,0.0,0.0,0.0,-114.14013671875,0.0,114.15625,0.0,0.0,0.0,0.0,0.0,0.0,0.0,0.0,0.0,0.0,0.0,0.0,0.0,121222.3783569336,-341.9477844238281,522888.34375,17585.97265625,-26124.89306640625,0.0,26124.90625,0.0,-17.73015055796144,0.0,5.259023666381836,0.0,WA
8876088,WA,5306,0.12191847711801529,2,0.0,224674.390625,376887.6875,2,0,82539.484375,0.0,283713.375,0.0,0.0,0.0,0.0,0.0,0.0,0.0,0.0,0.0,0.0,0.0,0.0,0.0,0.0,0.0,0.0,0.0,0.0,0.0,0.0,0.0,0.0,0.0,0.0,0.0,0.0,0.0,0.0,0.0,-2439.4453125,0.0,2439.46875,0.0,-18417.51953125,0.0,18417.5,0.0,0.0,0.0,0.0,0.0,0.0,0.0,0.0,0.0,-480.0,0.0,480.0,0.0,0.0,0.0,0.0,0.0,0.0,0.0,0.0,0.0,0.0,0.0,0.0,0.0,0.0,0.0,0.0,0.0,0.0,0.0,0.0,0.0,0.0,0.0,0.0,0.0,0.0,0.0,0.0,0.0,0.0,0.0,0.0,0.0,0.0,0.0,0.0,0.0,0.0,0.0,0.0,0.0,61202.51953125,0.0,305050.34375,0.0,-21336.96484375,0.0,21336.96875,0.0,-25.85061562392393,0.0,7.520606994628906,0.0,WA
8876089,WA,5306,0.10575857013463974,2,0.0,147666.884765625,634224.125,2,0,174299.765625,0.0,507969.625,0.0,0.0,0.0,0.0,0.0,0.0,0.0,0.0,0.0,0.0,0.0,0.0,0.0,0.0,0.0,0.0,0.0,0.0,0.0,0.0,0.0,0.0,0.0,0.0,0.0,0.0,0.0,0.0,0.0,-22646.25,0.0,22646.25,0.0,-30913.6796875,0.0,30913.6875,0.0,0.0,0.0,0.0,0.0,0.0,0.0,0.0,0.0,-640.0,0.0,640.0,0.0,0.0,0.0,0.0,0.0,0.0,0.0,0.0,0.0,0.0,0.0,0.0,0.0,0.0,0.0,0.0,0.0,0.0,0.0,0.0,0.0,0.0,0.0,0.0,0.0,0.0,0.0,0.0,0.0,0.0,0.0,0.0,0.0,0.0,0.0,0.0,0.0,0.0,0.0,0.0,0.0,120099.8359375,0.0,562169.5625,0.0,-54199.9296875,0.0,54199.9375,0.0,-31.095813292204475,0.0,10.669917106628418,0.0,WA
8876090,WA,5306,270.40179443359375,1,0.0,0.0,0.0,1,0,0.0,0.0,13891.84765625,3596.039794921875,8792.986328125,0.0,0.0,12389.026123046875,0.0,0.0,0.0,0.0,0.0,0.0,0.0,0.0,0.0,0.0,0.0,0.0,0.0,0.0,0.0,0.0,0.0,0.0,0.0,0.0,0.0,0.0,0.0,0.0,0.0,0.0,0.0,0.0,0.0,0.0,0.0,0.0,0.0,0.0,0.0,0.0,0.0,0.0,0.0,0.0,0.0,0.0,0.0,0.0,0.0,0.0,0.0,0.0,0.0,0.0,0.0,0.0,0.0,0.0,0.0,0.0,0.0,0.0,0.0,0.0,0.0,0.0,0.0,0.0,0.0,0.0,0.0,0.0,0.0,0.0,0.0,0.0,0.0,0.0,0.0,0.0,0.0,0.0,0.0,0.0,0.0,0.0,0.0,0.0,0.0,0.0,13891.84765625,12389.026123046875,0.0,0.0,0.0,0.0,0.0,0.0,0.0,0.0,WA
8876091,WA,5306,0.10780320316553116,5,2.0,338304.2255859375,357526.34375,3,2,54213.716796875,0.0,315985.4375,37600.23828125,0.0,0.0,0.0,37600.23828125,-7620.453125,0.0,7620.46875,0.0,-3.443359375,0.0,3.4375,0.0,5630.92578125,0.0,-5630.90625,0.0,0.0,0.0,0.0,0.0,0.0,0.0,0.0,0.0,0.0,0.0,0.0,0.0,-1100.0,0.0,1100.0,0.0,0.0,0.0,0.0,0.0,0.0,0.0,0.0,0.0,0.0,0.0,0.0,0.0,-440.0,0.0,440.0,0.0,0.0,0.0,0.0,0.0,0.0,0.0,0.0,0.0,0.0,0.0,0.0,0.0,0.0,0.0,0.0,0.0,0.0,0.0,0.0,0.0,0.0,0.0,0.0,0.0,-114.138671875,0.0,114.125,0.0,0.0,0.0,0.0,0.0,0.0,0.0,0.0,0.0,0.0,0.0,0.0,0.0,50566.607421875,0.0,319632.5625,37600.23828125,-3647.109375,0.0,3647.125,0.0,-6.727281563565897,0.0,1.1542067527770996,0.0,WA
8876092,WA,5306,0.11347855627536774,2,0.0,202881.765625,498082.0078125,2,0,102880.068359375,0.0,453364.65625,51858.328125,0.0,0.0,0.0,51858.328125,-443.033935546875,0.0,443.03125,0.0,-936.0,0.0,936.0,0.0,636.0,0.0,-636.0,0.0,0.0,0.0,0.0,0.0,0.0,0.0,0.0,0.0,0.0,0.0,0.0,0.0,0.0,0.0,0.0,0.0,-10405.3125,0.0,10405.3125,0.0,0.0,0.0,0.0,0.0,0.0,0.0,0.0,0.0,0.0,0.0,0.0,0.0,-1111.984375,0.0,1111.96875,0.0,0.0,0.0,0.0,0.0,0.0,0.0,0.0,0.0,0.0,0.0,0.0,0.0,0.0,0.0,0.0,0.0,-720.0,0.0,720.0,0.0,0.0,0.0,0.0,0.0,0.0,0.0,0.0,0.0,0.0,0.0,0.0,0.0,0.0,0.0,0.0,0.0,89899.73754882812,0.0,466344.96875,51858.328125,-12980.330810546875,0.0,12980.3125,0.0,-12.61695391298215,0.0,2.8631062507629395,0.0,WA
8876093,WA,5306,139.11813354492188,1,0.0,0.0,0.0,1,0,0.0,0.0,75810.734375,35561.51953125,0.0,0.0,0.0,35561.51953125,0.0,0.0,0.0,0.0,0.0,0.0,0.0,0.0,0.0,0.0,0.0,0.0,0.0,0.0,0.0,0.0,0.0,0.0,0.0,0.0,0.0,0.0,0.0,0.0,0.0,0.0,0.0,0.0,0.0,0.0,0.0,0.0,0.0,0.0,0.0,0.0,0.0,0.0,0.0,0.0,0.0,0.0,0.0,0.0,0.0,0.0,0.0,0.0,0.0,0.0,0.0,0.0,0.0,0.0,0.0,0.0,0.0,0.0,0.0,0.0,0.0,0.0,0.0,0.0,0.0,0.0,0.0,0.0,0.0,0.0,0.0,0.0,0.0,0.0,0.0,0.0,0.0,0.0,0.0,0.0,0.0,0.0,0.0,0.0,0.0,0.0,75810.734375,35561.51953125,0.0,0.0,0.0,0.0,0.0,0.0,0.0,0.0,WA
8876094,WA,5306,0.0968177393078804,4,2.0,687107.25,691399.25,4,0,196048.34375,0.0,506056.0625,0.0,0.0,0.0,0.0,0.0,-7328.71875,0.0,7328.75,0.0,0.0,0.0,0.0,0.0,0.0,0.0,0.0,0.0,0.0,0.0,0.0,0.0,0.0,0.0,0.0,0.0,0.0,0.0,0.0,0.0,-1400.0,0.0,1400.0,0.0,-20803.859375,0.0,20803.8125,0.0,0.0,0.0,0.0,0.0,0.0,0.0,0.0,0.0,-700.0,0.0,700.0,0.0,0.0,0.0,0.0,0.0,0.0,0.0,0.0,0.0,0.0,0.0,0.0,0.0,0.0,0.0,0.0,0.0,0.0,0.0,0.0,0.0,0.0,0.0,0.0,0.0,0.0,0.0,0.0,0.0,0.0,0.0,0.0,0.0,0.0,0.0,0.0,0.0,0.0,0.0,0.0,0.0,165815.765625,0.0,536288.625,0.0,-30232.578125,0.0,30232.5625,0.0,-15.420981145116153,0.0,5.974152565002441,0.0,WA
8876095,WA,5306,0.5247103571891785,2,0.0,13864.38671875,185031.125,2,0,14928.68359375,0.0,238269.34375,64152.8671875,0.0,0.0,0.0,64152.8671875,-403.95703125,0.0,403.953125,0.0,0.0,0.0,0.0,0.0,1573.728515625,0.0,-1573.71875,0.0,0.0,0.0,0.0,0.0,0.0,0.0,0.0,0.0,0.0,0.0,0.0,0.0,0.0,0.0,0.0,0.0,0.0,0.0,0.0,0.0,0.0,0.0,0.0,0.0,0.0,0.0,0.0,0.0,0.0,0.0,0.0,0.0,0.0,0.0,0.0,0.0,0.0,0.0,0.0,0.0,2182.5625,0.0,-2182.5625,0.0,0.0,0.0,0.0,0.0,0.0,0.0,0.0,0.0,-2619.232421875,0.0,2619.234375,0.0,0.0,0.0,0.0,0.0,0.0,0.0,0.0,0.0,0.0,0.0,0.0,0.0,0.0,0.0,0.0,0.0,15661.78515625,0.0,237536.25,64152.8671875,733.1015625,0.0,-733.09375,0.0,4.910691273589041,0.0,-0.307674378156662,0.0,WA
8876096,WA,5306,142.11087036132812,1,0.0,0.0,0.0,1,0,0.0,0.0,41076.3125,20846.998046875,0.0,0.0,0.0,20846.998046875,0.0,0.0,0.0,0.0,0.0,0.0,0.0,0.0,0.0,0.0,0.0,0.0,0.0,0.0,0.0,0.0,0.0,0.0,0.0,0.0,0.0,0.0,0.0,0.0,0.0,0.0,0.0,0.0,0.0,0.0,0.0,0.0,0.0,0.0,0.0,0.0,0.0,0.0,0.0,0.0,0.0,0.0,0.0,0.0,0.0,0.0,0.0,0.0,0.0,0.0,0.0,0.0,0.0,0.0,0.0,0.0,0.0,0.0,0.0,0.0,0.0,0.0,0.0,0.0,0.0,0.0,0.0,0.0,0.0,0.0,0.0,0.0,0.0,0.0,0.0,0.0,0.0,0.0,0.0,0.0,0.0,0.0,0.0,0.0,0.0,0.0,41076.3125,20846.998046875,0.0,0.0,0.0,0.0,0.0,0.0,0.0,0.0,WA
8876097,WA,5306,1706.6905517578125,1,0.0,41362.046875,483318.0,1,0,87483.609375,0.0,-476696.3125,0.0,0.0,0.0,0.0,0.0,0.0,0.0,0.0,0.0,0.0,0.0,0.0,0.0,0.0,0.0,0.0,0.0,0.0,0.0,0.0,0.0,0.0,0.0,0.0,0.0,0.0,0.0,0.0,0.0,0.0,0.0,0.0,0.0,-11628.8828125,0.0,11628.875,0.0,0.0,0.0,0.0,0.0,0.0,0.0,0.0,0.0,0.0,0.0,0.0,0.0,0.0,0.0,0.0,0.0,0.0,0.0,0.0,0.0,0.0,0.0,0.0,0.0,0.0,0.0,0.0,0.0,0.0,0.0,0.0,0.0,0.0,0.0,0.0,0.0,0.0,0.0,0.0,0.0,0.0,0.0,0.0,0.0,0.0,0.0,0.0,0.0,0.0,0.0,0.0,0.0,75854.7265625,0.0,-465067.4375,0.0,-11628.8828125,0.0,11628.875,0.0,-13.292641782362447,0.0,2.4394724369049072,0.0,WA
8876098,WA,5306,2733.9267578125,1,0.0,73926.9453125,503134.0625,1,0,111903.453125,714.5119018554688,417490.6875,23241.912109375,0.0,0.0,0.0,23241.912109375,0.0,0.0,0.0,0.0,0.0,0.0,0.0,0.0,0.0,0.0,0.0,0.0,0.0,0.0,0.0,0.0,0.0,0.0,0.0,0.0,0.0,0.0,0.0,0.0,-1300.0,0.0,1300.0,0.0,-17982.265625,0.0,17982.25,0.0,0.0,0.0,0.0,0.0,0.0,0.0,0.0,0.0,0.0,0.0,0.0,0.0,0.0,0.0,0.0,0.0,0.0,0.0,0.0,0.0,0.0,0.0,0.0,0.0,0.0,0.0,0.0,0.0,0.0,0.0,0.0,0.0,0.0,0.0,0.0,0.0,0.0,0.0,0.0,0.0,0.0,0.0,0.0,0.0,0.0,0.0,0.0,0.0,0.0,0.0,0.0,0.0,92621.1875,714.5119018554688,436772.9375,23241.912109375,-19282.265625,0.0,19282.25,0.0,-17.23116229796863,0.0,4.618606090545654,0.0,WA
8876099,WA,5306,4306.3095703125,4,1.0,222013.3681640625,566482.9619140625,4,0,124101.6484375,714.5119018554688,446018.65625,8996.376953125,8792.986328125,0.0,0.0,17789.36328125,0.0,0.0,0.0,0.0,0.0,0.0,0.0,0.0,0.0,0.0,0.0,0.0,0.0,0.0,0.0,0.0,0.0,0.0,0.0,0.0,0.0,0.0,0.0,0.0,-31.8671875,0.0,31.84375,0.0,-28170.7109375,0.0,28170.71875,0.0,0.0,0.0,0.0,0.0,0.0,0.0,0.0,0.0,-480.46875,0.0,480.46875,0.0,0.0,0.0,0.0,0.0,0.0,0.0,0.0,0.0,0.0,0.0,0.0,0.0,0.0,0.0,0.0,0.0,0.0,0.0,0.0,0.0,0.0,0.0,0.0,0.0,0.0,0.0,0.0,0.0,0.0,0.0,0.0,0.0,0.0,0.0,0.0,0.0,0.0,0.0,0.0,0.0,95418.6015625,714.5119018554688,474701.6875,17789.36328125,-28683.046875,0.0,28683.03125,0.0,-23.11254301303285,0.0,6.430903911590576,0.0,WA
8876100,WA,5306,6224.18701171875,6,4.0,125051.248046875,125051.248046875,6,0,874.1953125,-1357.2696533203125,168953.765625,45699.00390625,7286.85693359375,0.0,0.0,52985.86083984375,-1946.884765625,0.0,1946.875,0.0,-2248.15380859375,0.0,2248.15625,0.0,2012.66357421875,0.0,-2012.671875,0.0,0.0,0.0,0.0,0.0,-2646.275390625,0.0,2646.28125,0.0,0.0,0.0,0.0,0.0,0.0,0.0,0.0,0.0,0.0,0.0,0.0,0.0,0.0,0.0,0.0,0.0,0.0,0.0,0.0,0.0,0.0,0.0,0.0,0.0,0.0,0.0,0.0,0.0,0.0,0.0,0.0,0.0,0.0,0.0,0.0,0.0,0.0,0.0,0.0,0.0,0.0,0.0,0.0,0.0,0.0,0.0,0.0,0.0,-212.8134765625,0.0,212.8125,0.0,0.0,0.0,0.0,0.0,0.0,0.0,0.0,0.0,0.0,0.0,0.0,0.0,-4167.2685546875,-1357.2696533203125,173995.21875,52985.86083984375,-5041.4638671875,0.0,5041.453125,0.0,-576.697654986282,0.0,2.9839248657226562,0.0,WA
8876101,WA,5306,75.73602294921875,2,0.0,130993.40625,1419868.125,2,0,346980.15625,58421.24609375,1045287.625,0.0,0.0,0.0,0.0,0.0,0.0,0.0,0.0,0.0,0.0,0.0,0.0,0.0,0.0,0.0,0.0,0.0,0.0,0.0,0.0,0.0,0.0,0.0,0.0,0.0,0.0,0.0,0.0,0.0,-1400.0,0.0,1400.0,0.0,-18721.46875,0.0,18721.375,0.0,0.0,0.0,0.0,0.0,0.0,0.0,0.0,0.0,-434.09375,0.0,434.125,0.0,-6559.40625,0.0,6559.375,0.0,0.0,0.0,0.0,0.0,0.0,0.0,0.0,0.0,0.0,0.0,0.0,0.0,0.0,0.0,0.0,0.0,0.0,0.0,0.0,0.0,0.0,0.0,0.0,0.0,0.0,0.0,0.0,0.0,0.0,0.0,0.0,0.0,0.0,0.0,0.0,0.0,319865.1875,58421.24609375,1072402.5,0.0,-27114.96875,0.0,27114.875,0.0,-7.814558919750904,0.0,2.594010829925537,0.0,WA
8876102,WA,5306,1400.4085693359375,4,1.0,22749.125,46807.0234375,3,1,1045.7023162841797,0.0,61991.921875,1663.27294921875,12436.414794921875,5700.06396484375,0.0,19799.751708984375,0.0,0.0,0.0,0.0,-910.7898101806641,0.0,910.796875,0.0,529.9999694824219,0.0,-530.0,0.0,0.0,0.0,0.0,0.0,0.0,0.0,0.0,0.0,0.0,0.0,0.0,0.0,0.0,0.0,0.0,0.0,0.0,0.0,0.0,0.0,0.0,0.0,0.0,0.0,0.0,0.0,0.0,0.0,0.0,0.0,0.0,0.0,0.0,0.0,0.0,0.0,0.0,0.0,0.0,0.0,0.0,0.0,0.0,0.0,0.0,0.0,0.0,0.0,0.0,0.0,0.0,0.0,0.0,0.0,0.0,0.0,0.0,0.0,0.0,0.0,0.0,0.0,0.0,0.0,0.0,0.0,0.0,0.0,0.0,0.0,0.0,0.0,664.9124755859375,0.0,62372.71875,19799.751708984375,-380.7898406982422,0.0,380.796875,0.0,-36.414745838122336,0.0,0.6142685413360596,0.0,WA
8876103,WA,5306,0.8520949482917786,4,2.0,128253.43676757812,128253.4375,4,0,11303.015625,0.0,120264.6015625,0.0,0.0,13125.568359375,0.0,13125.568359375,-1994.603515625,0.0,1994.609375,0.0,-1872.0,0.0,1872.0,0.0,2544.0,0.0,-2544.0,0.0,0.0,0.0,0.0,0.0,-3350.0,0.0,3350.0,0.0,0.0,0.0,0.0,0.0,0.0,0.0,0.0,0.0,0.0,0.0,0.0,0.0,0.0,0.0,0.0,0.0,0.0,0.0,0.0,0.0,0.0,0.0,0.0,0.0,0.0,0.0,0.0,0.0,0.0,0.0,0.0,0.0,0.0,0.0,0.0,0.0,0.0,0.0,0.0,0.0,0.0,0.0,0.0,0.0,0.0,0.0,0.0,0.0,-350.2021484375,0.0,350.203125,0.0,0.0,0.0,0.0,0.0,0.0,0.0,0.0,0.0,0.0,0.0,0.0,0.0,6280.2099609375,0.0,125287.4140625,13125.568359375,-5022.8056640625,0.0,5022.8125,0.0,-44.43774856820566,0.0,4.1764678955078125,0.0,WA
8876104,WA,5306,4715.92236328125,2,0.0,36941.712890625,50355.68359375,2,0,1948.001708984375,0.0,58158.09765625,0.0,0.0,12679.1416015625,0.0,12679.1416015625,0.0,0.0,0.0,0.0,-1522.433349609375,0.0,1522.43359375,0.0,1060.0,0.0,-1060.0,0.0,0.0,0.0,0.0,0.0,0.0,0.0,0.0,0.0,0.0,0.0,0.0,0.0,-500.0,0.0,500.0,0.0,0.0,0.0,0.0,0.0,0.0,0.0,0.0,0.0,0.0,0.0,0.0,0.0,-200.0,0.0,200.0,0.0,0.0,0.0,0.0,0.0,0.0,0.0,0.0,0.0,0.0,0.0,0.0,0.0,0.0,0.0,0.0,0.0,0.0,0.0,0.0,0.0,-600.0,0.0,600.0,0.0,0.0,0.0,0.0,0.0,0.0,0.0,0.0,0.0,0.0,0.0,0.0,0.0,0.0,0.0,0.0,0.0,185.568359375,0.0,59920.53125,12679.1416015625,-1762.433349609375,0.0,1762.43359375,0.0,-90.47391188010049,0.0,3.0304181575775146,0.0,WA
8876105,WA,5306,799.4132690429688,2,0.0,44387.6953125,44934.75390625,2,0,2965.982177734375,0.0,53219.5,0.0,8792.986328125,0.0,0.0,8792.986328125,-355.1962890625,0.0,355.1953125,0.0,-935.9998779296875,0.0,936.0,0.0,635.9998779296875,0.0,-636.0,0.0,0.0,0.0,0.0,0.0,0.0,0.0,0.0,0.0,0.0,0.0,0.0,0.0,0.0,0.0,0.0,0.0,0.0,0.0,0.0,0.0,0.0,0.0,0.0,0.0,0.0,0.0,0.0,0.0,-120.0,0.0,120.0,0.0,0.0,0.0,0.0,0.0,0.0,0.0,0.0,0.0,0.0,0.0,0.0,0.0,0.0,0.0,0.0,0.0,0.0,0.0,0.0,0.0,0.0,0.0,0.0,0.0,0.0,0.0,0.0,0.0,0.0,0.0,0.0,0.0,0.0,0.0,0.0,0.0,0.0,0.0,0.0,0.0,2190.785888671875,0.0,53994.6953125,8792.986328125,-775.1962890625,0.0,775.1953125,0.0,-26.136242317364474,0.0,1.4566001892089844,0.0,WA
8876106,WA,5306,525.4475708007812,1,0.0,51151.0625,45790.796875,1,0,3801.460205078125,0.0,43497.015625,0.0,0.0,0.0,0.0,0.0,-522.2919921875,0.0,522.2890625,0.0,-605.934814453125,0.0,605.9375,0.0,636.0,0.0,-636.0,0.0,0.0,0.0,0.0,0.0,0.0,0.0,0.0,0.0,0.0,0.0,0.0,0.0,0.0,0.0,0.0,0.0,0.0,0.0,0.0,0.0,0.0,0.0,0.0,0.0,0.0,0.0,0.0,0.0,-120.0,0.0,120.0,0.0,0.0,0.0,0.0,0.0,0.0,0.0,0.0,0.0,0.0,0.0,0.0,0.0,0.0,0.0,0.0,0.0,0.0,0.0,0.0,0.0,0.0,0.0,0.0,0.0,-249.03271484375,0.0,249.03125,0.0,0.0,0.0,0.0,0.0,0.0,0.0,0.0,0.0,0.0,0.0,0.0,0.0,2940.20068359375,0.0,44358.2734375,0.0,-861.259521484375,0.0,861.2578125,0.0,-22.65601834615746,0.0,1.9800388813018799,0.0,WA
8876107,WA,5306,149.72264099121094,1,0.0,132634.296875,1751209.875,1,0,690299.875,0.0,1227985.25,9025.267578125,0.0,0.0,0.0,9025.267578125,-31750.0,0.0,31750.0,0.0,-2886.0,0.0,2886.0,0.0,0.0,0.0,0.0,0.0,0.0,0.0,0.0,0.0,0.0,0.0,0.0,0.0,0.0,0.0,0.0,0.0,-1850.0,0.0,1850.0,0.0,0.0,0.0,0.0,0.0,0.0,0.0,0.0,0.0,0.0,0.0,0.0,0.0,-370.0,0.0,370.0,0.0,-8645.8125,0.0,8645.75,0.0,0.0,0.0,0.0,0.0,0.0,0.0,0.0,0.0,0.0,0.0,0.0,0.0,0.0,0.0,0.0,0.0,0.0,0.0,0.0,0.0,0.0,0.0,0.0,0.0,0.0,0.0,0.0,0.0,0.0,0.0,0.0,0.0,0.0,0.0,0.0,0.0,644798.0625,0.0,1273487.0,9025.267578125,-45501.8125,0.0,45501.75,0.0,-6.591600860423161,0.0,3.7053987979888916,0.0,WA
8876108,WA,5306,2098.587646484375,2,0.0,73537.6796875,217545.84375,2,0,33951.171875,0.0,180625.90625,0.0,0.0,0.0,0.0,0.0,-4443.2890625,0.0,4443.296875,0.0,-658.791015625,0.0,658.78125,0.0,0.0,0.0,0.0,0.0,0.0,0.0,0.0,0.0,0.0,0.0,0.0,0.0,0.0,0.0,0.0,0.0,-1541.208984375,0.0,1541.21875,0.0,0.0,0.0,0.0,0.0,0.0,0.0,0.0,0.0,0.0,0.0,0.0,0.0,-440.0,0.0,440.0,0.0,0.0,0.0,0.0,0.0,0.0,0.0,0.0,0.0,0.0,0.0,0.0,0.0,0.0,0.0,0.0,0.0,0.0,0.0,0.0,0.0,0.0,0.0,0.0,0.0,0.0,0.0,0.0,0.0,0.0,0.0,0.0,0.0,0.0,0.0,0.0,0.0,0.0,0.0,0.0,0.0,26867.8828125,0.0,187709.203125,0.0,-7083.2890625,0.0,7083.296875,0.0,-20.863165161364552,0.0,3.9215288162231445,0.0,WA
8876109,WA,5306,1006.5932006835938,2,0.0,34717.515625,25639.57421875,2,0,0.0,0.0,69126.140625,0.0,17585.97265625,0.0,0.0,17585.97265625,0.0,0.0,0.0,0.0,0.0,0.0,0.0,0.0,0.0,0.0,0.0,0.0,0.0,0.0,0.0,0.0,0.0,0.0,0.0,0.0,0.0,0.0,0.0,0.0,0.0,0.0,0.0,0.0,0.0,0.0,0.0,0.0,0.0,0.0,0.0,0.0,0.0,0.0,0.0,0.0,0.0,0.0,0.0,0.0,0.0,0.0,0.0,0.0,0.0,0.0,0.0,0.0,0.0,0.0,0.0,0.0,0.0,0.0,0.0,0.0,0.0,0.0,0.0,0.0,0.0,0.0,0.0,0.0,0.0,0.0,0.0,0.0,0.0,0.0,0.0,0.0,0.0,0.0,0.0,0.0,0.0,0.0,0.0,0.0,0.0,0.0,69126.140625,17585.97265625,0.0,0.0,0.0,0.0,0.0,0.0,0.0,0.0,WA
8876110,WA,5306,189.0763702392578,3,0.0,1296.0107421875,671713.5027925968,3,0,196815.95272827148,372.5641174316406,439394.28125,0.0,17585.97265625,0.0,0.0,17585.97265625,0.0,0.0,0.0,0.0,0.0,0.0,0.0,0.0,0.0,0.0,0.0,0.0,0.0,0.0,0.0,0.0,0.0,0.0,0.0,0.0,0.0,0.0,0.0,0.0,-1400.0,0.0,1400.0,0.0,-22025.125,0.0,22025.125,0.0,0.0,0.0,0.0,0.0,0.0,0.0,0.0,0.0,0.0,0.0,0.0,0.0,-4181.515625,0.0,4181.53125,0.0,0.0,0.0,0.0,0.0,0.0,0.0,0.0,0.0,0.0,0.0,0.0,0.0,0.0,0.0,0.0,0.0,0.0,0.0,0.0,0.0,0.0,0.0,0.0,0.0,0.0,0.0,0.0,0.0,0.0,0.0,0.0,0.0,0.0,0.0,0.0,0.0,169209.31210327148,372.5641174316406,467000.9375,17585.97265625,-27606.640625,0.0,27606.65625,0.0,-14.026627538223158,0.0,6.282888889312744,0.0,WA
8876111,WA,5306,467.460205078125,1,0.0,204091.84375,659696.25,1,0,152907.734375,0.0,518260.6875,9155.5087890625,0.0,0.0,0.0,9155.5087890625,-2564.15625,0.0,2564.15625,0.0,0.0,0.0,0.0,0.0,0.0,0.0,0.0,0.0,0.0,0.0,0.0,0.0,0.0,0.0,0.0,0.0,0.0,0.0,0.0,0.0,-2000.0,0.0,2000.0,0.0,0.0,0.0,0.0,0.0,0.0,0.0,0.0,0.0,0.0,0.0,0.0,0.0,0.0,0.0,0.0,0.0,-3838.15625,0.0,3838.15625,0.0,0.0,0.0,0.0,0.0,0.0,0.0,0.0,0.0,0.0,0.0,0.0,0.0,0.0,0.0,0.0,0.0,0.0,0.0,0.0,0.0,0.0,0.0,0.0,0.0,0.0,0.0,0.0,0.0,0.0,0.0,0.0,0.0,0.0,0.0,0.0,0.0,144505.421875,0.0,526663.0,9155.5087890625,-8402.3125,0.0,8402.3125,0.0,-5.495021252092893,0.0,1.6212520599365234,0.0,WA
8876112,WA,5306,264.3026123046875,2,0.0,108999.59375,231595.125,2,0,38984.625,0.0,242581.4375,46167.7421875,0.0,0.0,0.0,46167.7421875,-5407.6455078125,0.0,5407.640625,0.0,-3529.9609375,0.0,3529.953125,0.0,2379.9609375,0.0,-2379.953125,0.0,0.0,0.0,0.0,0.0,0.0,0.0,0.0,0.0,0.0,0.0,0.0,0.0,-1820.2607421875,0.0,1820.265625,0.0,0.0,0.0,0.0,0.0,0.0,0.0,0.0,0.0,0.0,0.0,0.0,0.0,0.0,0.0,0.0,0.0,0.0,0.0,0.0,0.0,0.0,0.0,0.0,0.0,0.0,0.0,0.0,0.0,0.0,0.0,0.0,0.0,0.0,0.0,0.0,0.0,-1610.5400390625,0.0,1610.53125,0.0,0.0,0.0,0.0,0.0,0.0,0.0,0.0,0.0,0.0,0.0,0.0,0.0,0.0,0.0,0.0,0.0,28996.1787109375,0.0,252569.875,46167.7421875,-9988.4462890625,0.0,9988.4375,0.0,-25.621501525441122,0.0,4.117560386657715,0.0,WA
8876113,WA,5306,1338.8936767578125,1,0.0,0.0,98138.2578125,1,0,15084.564453125,0.0,80496.078125,0.0,0.0,0.0,0.0,0.0,-2225.1474609375,0.0,2225.140625,0.0,-1716.0,0.0,1716.0,0.0,1166.0,0.0,-1166.0,0.0,0.0,0.0,0.0,0.0,0.0,0.0,0.0,0.0,0.0,0.0,0.0,0.0,-3519.4833984375,0.0,3519.484375,0.0,0.0,0.0,0.0,0.0,0.0,0.0,0.0,0.0,0.0,0.0,0.0,0.0,0.0,0.0,0.0,0.0,0.0,0.0,0.0,0.0,0.0,0.0,0.0,0.0,0.0,0.0,0.0,0.0,0.0,0.0,0.0,0.0,0.0,0.0,0.0,0.0,-811.66015625,0.0,811.6640625,0.0,0.0,0.0,0.0,0.0,0.0,0.0,0.0,0.0,0.0,0.0,0.0,0.0,0.0,0.0,0.0,0.0,7978.2734375,0.0,87602.3671875,0.0,-7106.291015625,0.0,7106.2890625,0.0,-47.10968644608643,0.0,8.828118324279785,0.0,WA
8876114,WA,5306,0.899829626083374,4,2.0,164694.19140625,168573.21875,4,0,11926.791015625,0.0,194701.78125,0.0,0.0,0.0,0.0,0.0,-2039.400390625,0.0,2039.390625,0.0,0.0,0.0,0.0,0.0,3778.669921875,0.0,-3778.671875,0.0,0.0,0.0,0.0,0.0,-4400.0,0.0,4400.0,0.0,0.0,0.0,0.0,0.0,-1100.00048828125,0.0,1100.0,0.0,0.0,0.0,0.0,0.0,0.0,0.0,0.0,0.0,0.0,0.0,0.0,0.0,0.0,0.0,0.0,0.0,0.0,0.0,0.0,0.0,0.0,0.0,0.0,0.0,0.0,0.0,0.0,0.0,0.0,0.0,0.0,0.0,0.0,0.0,0.0,0.0,0.0,0.0,0.0,0.0,0.0,0.0,0.0,0.0,0.0,0.0,0.0,0.0,0.0,0.0,0.0,0.0,0.0,0.0,0.0,0.0,8166.06005859375,0.0,198462.5,0.0,-3760.73095703125,0.0,3760.71875,0.0,-31.53179218202455,0.0,1.9315276145935059,0.0,WA
8876115,WA,5306,964.7354736328125,1,0.0,75085.8984375,75085.8984375,1,0,9833.974609375,0.0,66732.421875,0.0,0.0,0.0,0.0,0.0,-1595.0771484375,0.0,1595.078125,0.0,-1716.0,0.0,1716.0,0.0,1166.0,0.0,-1166.0,0.0,0.0,0.0,0.0,0.0,0.0,0.0,0.0,0.0,0.0,0.0,0.0,0.0,0.0,0.0,0.0,0.0,0.0,0.0,0.0,0.0,0.0,0.0,0.0,0.0,0.0,0.0,0.0,0.0,0.0,0.0,0.0,0.0,0.0,0.0,0.0,0.0,0.0,0.0,0.0,0.0,0.0,0.0,0.0,0.0,0.0,0.0,0.0,0.0,0.0,0.0,0.0,0.0,0.0,0.0,0.0,0.0,-237.79150390625,0.0,237.7890625,0.0,0.0,0.0,0.0,0.0,0.0,0.0,0.0,0.0,0.0,0.0,0.0,0.0,7451.10595703125,0.0,69115.2890625,0.0,-2382.86865234375,0.0,2382.8671875,0.0,-24.23098235450085,0.0,3.5707786083221436,0.0,WA
8876116,WA,5306,1.0274568796157837,3,1.0,1463307.849609375,1962058.5,3,0,648838.9375,2636.18896484375,1282341.125,0.0,0.0,0.0,0.0,0.0,-48875.25,0.0,48875.25,0.0,-5772.0,0.0,5772.0,0.0,0.0,0.0,0.0,0.0,0.0,0.0,0.0,0.0,0.0,0.0,0.0,0.0,0.0,0.0,0.0,0.0,-8368.875,0.0,8368.875,0.0,0.0,0.0,0.0,0.0,0.0,0.0,0.0,0.0,0.0,0.0,0.0,0.0,-740.0,0.0,740.0,0.0,0.0,0.0,0.0,0.0,0.0,0.0,0.0,0.0,0.0,0.0,0.0,0.0,0.0,0.0,0.0,0.0,0.0,0.0,0.0,0.0,0.0,0.0,0.0,0.0,0.0,0.0,0.0,0.0,0.0,0.0,0.0,0.0,0.0,0.0,0.0,0.0,0.0,0.0,0.0,0.0,585082.8125,2636.18896484375,1346097.25,0.0,-63756.125,0.0,63756.125,0.0,-9.826186641272589,0.0,4.971853733062744,0.0,WA
8876117,WA,5306,384.1920166015625,6,3.9999999999999996,132538.28125,821751.4374999999,6,0,173017.78125,0.0,665693.8125,0.0,0.0,0.0,0.0,0.0,-3856.28125,0.0,3856.3125,0.0,0.0,0.0,0.0,0.0,0.0,0.0,0.0,0.0,0.0,0.0,0.0,0.0,0.0,0.0,0.0,0.0,0.0,0.0,0.0,0.0,-32360.421875,0.0,32360.375,0.0,-23340.859375000015,0.0,23340.875,0.0,0.0,0.0,0.0,0.0,0.0,0.0,0.0,0.0,0.0,0.0,0.0,0.0,-3178.7656249999854,0.0,3178.75,0.0,0.0,0.0,0.0,0.0,0.0,0.0,0.0,0.0,0.0,0.0,0.0,0.0,0.0,0.0,0.0,0.0,0.0,0.0,0.0,0.0,0.0,0.0,0.0,0.0,0.0,0.0,0.0,0.0,0.0,0.0,0.0,0.0,0.0,0.0,0.0,0.0,110281.453125,0.0,728430.125,0.0,-62736.328125,0.0,62736.3125,0.0,-36.260046610093724,0.0,9.424199104309082,0.0,WA
8876118,WA,5306,396.0860290527344,5,3.0,111352.953125,151676.515625,5,0,9653.89453125,0.0,203014.359375,0.0,0.0,0.0,0.0,0.0,-1851.515625,0.0,1851.515625,0.0,0.0,0.0,0.0,0.0,4491.0087890625,0.0,-4491.015625,0.0,0.0,0.0,0.0,0.0,-5700.0,0.0,5700.0,0.0,0.0,0.0,0.0,0.0,-1751.76953125,0.0,1751.78125,0.0,0.0,0.0,0.0,0.0,0.0,0.0,0.0,0.0,0.0,0.0,0.0,0.0,0.0,0.0,0.0,0.0,0.0,0.0,0.0,0.0,0.0,0.0,0.0,0.0,0.0,0.0,0.0,0.0,0.0,0.0,0.0,0.0,0.0,0.0,0.0,0.0,0.0,0.0,0.0,0.0,0.0,0.0,0.0,0.0,0.0,0.0,0.0,0.0,0.0,0.0,0.0,0.0,0.0,0.0,0.0,0.0,4841.6181640625,0.0,207826.640625,0.0,-4812.2763671875,0.0,4812.28125,0.0,-49.84803129565991,0.0,2.3704142570495605,0.0,WA
8876119,WA,5306,1586.5592041015625,5,3.0,170298.1015625,203742.59375,5,0,28945.369140625,0.0,172675.9375,0.0,0.0,0.0,0.0,0.0,-4278.193359375,0.0,4278.1875,0.0,-396.408203125,0.0,396.40625,0.0,2794.408203125,0.0,-2794.40625,0.0,0.0,0.0,0.0,0.0,-6600.0,0.0,6600.0,0.0,0.0,0.0,0.0,0.0,-1714.6796875,0.0,1714.6875,0.0,0.0,0.0,0.0,0.0,0.0,0.0,0.0,0.0,0.0,0.0,0.0,0.0,-440.0,0.0,440.0,0.0,0.0,0.0,0.0,0.0,0.0,0.0,0.0,0.0,0.0,0.0,0.0,0.0,0.0,0.0,0.0,0.0,0.0,0.0,0.0,0.0,0.0,0.0,0.0,0.0,0.0,0.0,0.0,0.0,0.0,0.0,0.0,0.0,0.0,0.0,0.0,0.0,0.0,0.0,0.0,0.0,18310.49609375,0.0,183310.8125,0.0,-10634.873046875,0.0,10634.875,0.0,-36.741189912651315,0.0,6.158863544464111,0.0,WA
8876120,WA,5306,150.54446411132812,2,0.0,733759.4609375,851499.5625,2,0,189799.484375,0.0,628674.375,0.0,0.0,0.0,0.0,0.0,-7910.71875,0.0,7910.6875,0.0,0.0,0.0,0.0,0.0,0.0,0.0,0.0,0.0,0.0,0.0,0.0,0.0,0.0,0.0,0.0,0.0,0.0,0.0,0.0,0.0,-1400.0,0.0,1400.0,0.0,-12632.90625,0.0,12632.9375,0.0,0.0,0.0,0.0,0.0,0.0,0.0,0.0,0.0,0.0,0.0,0.0,0.0,-4833.671875,0.0,4833.625,0.0,0.0,0.0,0.0,0.0,0.0,0.0,0.0,0.0,0.0,0.0,0.0,0.0,0.0,0.0,0.0,0.0,0.0,0.0,0.0,0.0,0.0,0.0,0.0,0.0,0.0,0.0,0.0,0.0,0.0,0.0,0.0,0.0,0.0,0.0,0.0,0.0,163022.1875,0.0,655451.625,0.0,-26777.296875,0.0,26777.25,0.0,-14.108203171982407,0.0,4.25931978225708,0.0,WA
8876121,WA,5306,2209.61083984375,4,2.0,78117.640625,79425.28125,4,0,973.0224609375,0.0,116235.6171875,0.0,0.0,0.0,5620.5126953125,5620.5126953125,-118.6044921875,0.0,118.609375,0.0,-382.654052734375,0.0,382.6484375,0.0,2542.352294921875,0.0,-2542.3515625,0.0,0.0,0.0,0.0,0.0,-2400.0,0.0,2400.0,0.0,0.0,0.0,0.0,0.0,0.0,0.0,0.0,0.0,0.0,0.0,0.0,0.0,0.0,0.0,0.0,0.0,0.0,0.0,0.0,0.0,-29.0517578125,0.0,29.0546875,0.0,0.0,0.0,0.0,0.0,0.0,0.0,0.0,0.0,0.0,0.0,0.0,0.0,0.0,0.0,0.0,0.0,0.0,0.0,0.0,0.0,0.0,0.0,0.0,0.0,0.0,0.0,0.0,0.0,0.0,0.0,0.0,0.0,0.0,0.0,0.0,0.0,0.0,0.0,0.0,0.0,585.064453125,0.0,116623.578125,5620.5126953125,-387.9580078125,0.0,387.9609375,0.0,-39.87143394806172,0.0,0.33377113938331604,0.0,WA
8876122,WA,5306,2094.195068359375,5,1.0,117756.513671875,185527.4453125,5,0,16508.4462890625,-61.91569519042969,165522.109375,0.0,3643.428466796875,0.0,0.0,3643.428466796875,-2556.823486328125,0.0,2556.8125,0.0,-3451.1941528320312,0.0,3451.203125,0.0,2868.8875122070312,0.0,-2868.890625,0.0,0.0,0.0,0.0,0.0,-500.0,0.0,500.0,0.0,0.0,0.0,0.0,0.0,0.0,0.0,0.0,0.0,0.0,0.0,0.0,0.0,0.0,0.0,0.0,0.0,0.0,0.0,0.0,0.0,-145.505126953125,0.0,145.5,0.0,0.0,0.0,0.0,0.0,0.0,0.0,0.0,0.0,0.0,0.0,0.0,0.0,0.0,0.0,0.0,0.0,0.0,0.0,0.0,0.0,0.0,0.0,0.0,0.0,0.0,0.0,0.0,0.0,0.0,0.0,0.0,0.0,0.0,0.0,0.0,0.0,0.0,0.0,0.0,0.0,12723.81103515625,-61.91569519042969,169306.734375,3643.428466796875,-3784.63525390625,0.0,3784.625,0.0,-22.92544790489291,0.0,2.2864770889282227,0.0,WA
8876123,WA,5306,254.17333984375,5,2.0,199787.939453125,542390.994140625,5,0,135038.63690185547,0.0,418083.0,0.0,26407.625,0.0,0.0,26407.625,0.0,0.0,0.0,0.0,-270.52752685546875,0.0,270.5,0.0,20.527538299560547,0.0,-20.5,0.0,0.0,0.0,0.0,0.0,0.0,0.0,0.0,0.0,0.0,0.0,0.0,0.0,-6918.0625,0.0,6918.0625,0.0,-29501.328125,0.0,29501.3125,0.0,0.0,0.0,0.0,0.0,0.0,0.0,0.0,0.0,-915.2890625,0.0,915.3125,0.0,0.0,0.0,0.0,0.0,0.0,0.0,0.0,0.0,0.0,0.0,0.0,0.0,0.0,0.0,0.0,0.0,0.0,0.0,0.0,0.0,-20.527538299560547,0.0,20.5,0.0,0.0,0.0,0.0,0.0,0.0,0.0,0.0,0.0,0.0,0.0,0.0,0.0,0.0,0.0,0.0,0.0,97433.4296875,0.0,455688.1875,26407.625,-37605.20721435547,0.0,37605.1875,0.0,-27.847739045001248,0.0,8.994669914245605,0.0,WA
8876124,WA,5306,1312.24853515625,2,0.0,137760.171875,141808.421875,2,0,17577.10546875,0.0,121325.9296875,0.0,0.0,0.0,0.0,0.0,-2939.2529296875,0.0,2939.2578125,0.0,-3252.841796875,0.0,3252.8359375,0.0,2152.841796875,0.0,-2152.8359375,0.0,0.0,0.0,0.0,0.0,0.0,0.0,0.0,0.0,0.0,0.0,0.0,0.0,-1100.0,0.0,1100.0,0.0,0.0,0.0,0.0,0.0,0.0,0.0,0.0,0.0,0.0,0.0,0.0,0.0,-440.0,0.0,440.0,0.0,0.0,0.0,0.0,0.0,0.0,0.0,0.0,0.0,0.0,0.0,0.0,0.0,0.0,0.0,0.0,0.0,0.0,0.0,0.0,0.0,0.0,0.0,0.0,0.0,0.0,0.0,0.0,0.0,0.0,0.0,0.0,0.0,0.0,0.0,0.0,0.0,0.0,0.0,0.0,0.0,11997.8525390625,0.0,126905.1875,0.0,-5579.2529296875,0.0,5579.2578125,0.0,-31.741591012278715,0.0,4.598569869995117,0.0,WA
8876125,WA,5306,0.7932913899421692,2,0.0,77901.0078125,78090.734375,2,0,6412.05224609375,0.0,68211.3828125,0.0,0.0,0.0,0.0,0.0,-806.41015625,0.0,806.40625,0.0,-1872.00048828125,0.0,1872.0,0.0,1272.00048828125,0.0,-1272.0,0.0,0.0,0.0,0.0,0.0,0.0,0.0,0.0,0.0,0.0,0.0,0.0,0.0,0.0,0.0,0.0,0.0,0.0,0.0,0.0,0.0,0.0,0.0,0.0,0.0,0.0,0.0,0.0,0.0,-38.4501953125,0.0,38.453125,0.0,0.0,0.0,0.0,0.0,0.0,0.0,0.0,0.0,0.0,0.0,0.0,0.0,0.0,0.0,0.0,0.0,0.0,0.0,0.0,0.0,0.0,0.0,0.0,0.0,0.0,0.0,0.0,0.0,0.0,0.0,0.0,0.0,0.0,0.0,0.0,0.0,0.0,0.0,0.0,0.0,4967.19189453125,0.0,69656.2421875,0.0,-1444.8603515625,0.0,1444.859375,0.0,-22.53350871310687,0.0,2.118208646774292,0.0,WA
8876126,WA,5306,2312.530517578125,3,1.0,281943.62109375,450863.03125,3,0,104626.828125,0.0,333168.28125,0.0,0.0,0.0,0.0,0.0,0.0,0.0,0.0,0.0,0.0,0.0,0.0,0.0,0.0,0.0,0.0,0.0,0.0,0.0,0.0,0.0,0.0,0.0,0.0,0.0,0.0,0.0,0.0,0.0,-1400.0,0.0,1400.0,0.0,-26730.703125,0.0,26730.71875,0.0,0.0,0.0,0.0,0.0,0.0,0.0,0.0,0.0,-480.0,0.0,480.0,0.0,0.0,0.0,0.0,0.0,0.0,0.0,0.0,0.0,0.0,0.0,0.0,0.0,0.0,0.0,0.0,0.0,0.0,0.0,0.0,0.0,0.0,0.0,0.0,0.0,0.0,0.0,0.0,0.0,0.0,0.0,0.0,0.0,0.0,0.0,0.0,0.0,0.0,0.0,0.0,0.0,76016.125,0.0,361779.0,0.0,-28610.703125,0.0,28610.71875,0.0,-27.345474996927322,0.0,8.587467193603516,0.0,WA
8876127,WA,5306,2.0629804134368896,3,0.0,312436.8515625,529872.875,3,0,98188.25,0.0,421250.78125,15695.1572265625,0.0,0.0,0.0,15695.1572265625,-4104.390625,0.0,4104.375,0.0,0.0,0.0,0.0,0.0,22.3984375,0.0,-22.40625,0.0,0.0,0.0,0.0,0.0,0.0,0.0,0.0,0.0,0.0,0.0,0.0,0.0,-0.83984375,0.0,0.84375,0.0,-14755.09375,0.0,14755.09375,0.0,0.0,0.0,0.0,0.0,0.0,0.0,0.0,0.0,-341.375,0.0,341.375,0.0,0.0,0.0,0.0,0.0,0.0,0.0,0.0,0.0,0.0,0.0,0.0,0.0,0.0,0.0,0.0,0.0,0.0,0.0,0.0,0.0,0.0,0.0,0.0,0.0,0.0,0.0,0.0,0.0,0.0,0.0,0.0,0.0,0.0,0.0,0.0,0.0,0.0,0.0,0.0,0.0,79008.94921875,0.0,440430.0625,15695.1572265625,-19179.30078125,0.0,19179.28125,0.0,-19.533193412908368,0.0,4.552936553955078,0.0,WA
8876128,WA,5306,602.6447143554688,4,1.0,170436.076171875,272439.8203125,4,0,41414.59814453125,0.0,203014.75,0.0,0.0,0.0,0.0,0.0,-4762.532958984375,0.0,4762.53125,0.0,-936.0,0.0,936.0,0.0,636.0,0.0,-636.0,0.0,0.0,0.0,0.0,0.0,-500.0,0.0,500.0,0.0,0.0,0.0,0.0,0.0,-4875.96484375,0.0,4875.96875,0.0,0.0,0.0,0.0,0.0,0.0,0.0,0.0,0.0,0.0,0.0,0.0,0.0,-107.931640625,0.0,107.9375,0.0,0.0,0.0,0.0,0.0,0.0,0.0,0.0,0.0,0.0,0.0,0.0,0.0,0.0,0.0,0.0,0.0,-4555.591552734379,0.0,4555.59375,0.0,-289.2617187499927,0.0,289.25,0.0,0.0,0.0,0.0,0.0,0.0,0.0,0.0,0.0,0.0,0.0,0.0,0.0,0.0,0.0,0.0,0.0,26023.315429687504,0.0,218406.03125,0.0,-15391.282714843746,0.0,15391.28125,0.0,-37.163906942016645,0.0,7.581361293792725,0.0,WA
8876129,WA,5306,2695.43408203125,2,0.0,281331.77734375,946565.875,1,1,231784.71875,22652.93359375,686281.375,0.0,0.0,0.0,0.0,0.0,0.0,0.0,0.0,0.0,0.0,0.0,0.0,0.0,0.0,0.0,0.0,0.0,0.0,0.0,0.0,0.0,0.0,0.0,0.0,0.0,0.0,0.0,0.0,0.0,-1400.0,0.0,1400.0,0.0,-37773.703125,0.0,37773.6875,0.0,0.0,0.0,0.0,0.0,0.0,0.0,0.0,0.0,0.0,0.0,0.0,0.0,-4201.984375,0.0,4202.0,0.0,0.0,0.0,0.0,0.0,0.0,0.0,0.0,0.0,0.0,0.0,0.0,0.0,0.0,0.0,0.0,0.0,0.0,0.0,0.0,0.0,0.0,0.0,0.0,0.0,0.0,0.0,0.0,0.0,0.0,0.0,0.0,0.0,0.0,0.0,0.0,0.0,188409.03125,22652.93359375,729657.0625,0.0,-43375.6875,0.0,43375.6875,0.0,-18.713782225990684,0.0,6.320394039154053,0.0,WA
8876130,WA,5306,4348.955078125,3,1.0,170398.11328125,210597.30078125,3,0,29051.2060546875,-673.3740844726562,175641.1875,0.0,0.0,6986.8095703125,0.0,6986.8095703125,-3384.400390625,0.0,3384.390625,0.0,-2791.85986328125,0.0,2791.859375,0.0,1691.85986328125,0.0,-1691.859375,0.0,0.0,0.0,0.0,0.0,-1119.85986328125,0.0,1119.859375,0.0,0.0,0.0,0.0,0.0,-1200.0,0.0,1200.0,0.0,0.0,0.0,0.0,0.0,0.0,0.0,0.0,0.0,0.0,0.0,0.0,0.0,0.0,0.0,0.0,0.0,0.0,0.0,0.0,0.0,0.0,0.0,0.0,0.0,0.0,0.0,0.0,0.0,-5254.578125,0.0,5254.578125,0.0,0.0,0.0,0.0,0.0,0.0,0.0,0.0,0.0,0.0,0.0,0.0,0.0,0.0,0.0,0.0,0.0,0.0,0.0,0.0,0.0,0.0,0.0,0.0,0.0,16992.36767578125,-673.3740844726562,187700.015625,6986.8095703125,-12058.83837890625,0.0,12058.828125,0.0,-41.50890794759455,0.0,6.865603446960449,0.0,WA
8876131,WA,5306,1298.26953125,3,0.0,177145.732421875,418202.400390625,3,0,72611.15698242188,0.0,367741.78125,15695.1572265625,0.0,0.0,0.0,15695.1572265625,-2590.491943359375,0.0,2590.5,0.0,-2626.762939453125,0.0,2626.78125,0.0,1776.762939453125,0.0,-1776.78125,0.0,0.0,0.0,0.0,0.0,0.0,0.0,0.0,0.0,0.0,0.0,0.0,0.0,-0.015625,0.0,0.03125,0.0,-10579.34765625,0.0,10579.3125,0.0,0.0,0.0,0.0,0.0,0.0,0.0,0.0,0.0,-220.0,0.0,220.0,0.0,0.0,0.0,0.0,0.0,0.0,0.0,0.0,0.0,0.0,0.0,0.0,0.0,0.0,0.0,0.0,0.0,0.0,0.0,0.0,0.0,-945.626953125,0.0,945.65625,0.0,0.0,0.0,0.0,0.0,0.0,0.0,0.0,0.0,0.0,0.0,0.0,0.0,0.0,0.0,0.0,0.0,57425.6748046875,0.0,382927.28125,15695.1572265625,-15185.482177734375,0.0,15185.5,0.0,-20.91342819590461,0.0,4.129391670227051,0.0,WA
8876132,WA,5306,3130.67578125,3,1.0,23934.8369140625,23934.8369140625,3,0,-5427.0,-673.3740844726562,73621.1171875,32980.50390625,12436.414794921875,0.0,0.0,45416.918701171875,0.0,0.0,0.0,0.0,0.0,0.0,0.0,0.0,0.0,0.0,0.0,0.0,0.0,0.0,0.0,0.0,-700.0,0.0,700.0,0.0,0.0,0.0,0.0,0.0,0.0,0.0,0.0,0.0,0.0,0.0,0.0,0.0,0.0,0.0,0.0,0.0,0.0,0.0,0.0,0.0,0.0,0.0,0.0,0.0,0.0,0.0,0.0,0.0,0.0,0.0,0.0,0.0,0.0,0.0,0.0,0.0,0.0,0.0,0.0,0.0,0.0,0.0,0.0,0.0,0.0,0.0,0.0,0.0,0.0,0.0,0.0,0.0,0.0,0.0,0.0,0.0,0.0,0.0,0.0,0.0,0.0,0.0,0.0,0.0,-6127.0,-673.3740844726562,74321.1171875,45416.918701171875,-700.0,0.0,700.0,0.0,-12.898470609913396,0.0,0.9508141279220581,0.0,WA
8876133,WA,5306,3124.838623046875,3,1.0,63712.73046875,63712.73046875,3,0,-1532.3046875,-673.3740844726562,79807.7890625,0.0,12436.414794921875,0.0,0.0,12436.414794921875,-250.4619140625,0.0,250.46875,0.0,-1639.0670166015625,0.0,1639.0625,0.0,1196.567138671875,0.0,-1196.5625,0.0,0.0,0.0,0.0,0.0,-1199.999755859375,0.0,1200.0,0.0,0.0,0.0,0.0,0.0,0.0,0.0,0.0,0.0,0.0,0.0,0.0,0.0,0.0,0.0,0.0,0.0,0.0,0.0,0.0,0.0,0.0,0.0,0.0,0.0,0.0,0.0,0.0,0.0,0.0,0.0,0.0,0.0,0.0,0.0,0.0,0.0,0.0,0.0,0.0,0.0,-683.7705078125,0.0,683.765625,0.0,0.0,0.0,0.0,0.0,0.0,0.0,0.0,0.0,0.0,0.0,0.0,0.0,0.0,0.0,0.0,0.0,0.0,0.0,0.0,0.0,-4109.0367431640625,-673.3740844726562,82384.5234375,12436.414794921875,-2576.7320556640625,0.0,2576.734375,0.0,-168.160554273842,0.0,3.228675127029419,0.0,WA
8876134,WA,5306,3.787569522857666,4,1.0,108292.28125,116059.18359375,4,0,3365.7408447265625,-673.3740844726562,124585.2265625,5442.54541015625,3643.428466796875,0.0,0.0,9085.973876953125,-619.79833984375,0.0,619.796875,0.0,-2724.0765380859375,0.0,2724.078125,0.0,2257.1029052734375,0.0,-2257.1015625,0.0,0.0,0.0,0.0,0.0,-1200.0,0.0,1199.9921875,0.0,0.0,0.0,0.0,0.0,0.0,0.0,0.0,0.0,0.0,0.0,0.0,0.0,0.0,0.0,0.0,0.0,0.0,0.0,0.0,0.0,-16.2720947265625,0.0,16.28125,0.0,0.0,0.0,0.0,0.0,0.0,0.0,0.0,0.0,0.0,0.0,0.0,0.0,0.0,0.0,0.0,0.0,-315.85565185546875,0.0,315.8515625,0.0,0.0,0.0,0.0,0.0,0.0,0.0,0.0,0.0,0.0,0.0,0.0,0.0,0.0,0.0,0.0,0.0,0.0,0.0,0.0,0.0,746.8411254882812,-673.3740844726562,127204.125,9085.973876953125,-2618.8997192382812,0.0,2618.8984375,0.0,-77.8104981951171,0.0,2.1020939350128174,0.0,WA
8876135,WA,5306,0.9123741388320923,5,3.0,473455.6015625,909696.25,5,0,222291.84375,7398.46630859375,680496.0,0.0,0.0,0.0,0.0,0.0,0.0,0.0,0.0,0.0,0.0,0.0,0.0,0.0,0.0,0.0,0.0,0.0,0.0,0.0,0.0,0.0,0.0,0.0,0.0,0.0,0.0,0.0,0.0,0.0,-1400.0,0.0,1400.0,0.0,-27256.265625,0.0,27256.25,0.0,0.0,0.0,0.0,0.0,0.0,0.0,0.0,0.0,-567.234375,0.0,567.25,0.0,0.0,0.0,0.0,0.0,0.0,0.0,0.0,0.0,0.0,0.0,0.0,0.0,0.0,0.0,0.0,0.0,0.0,0.0,0.0,0.0,0.0,0.0,0.0,0.0,0.0,0.0,0.0,0.0,0.0,0.0,0.0,0.0,0.0,0.0,0.0,0.0,0.0,0.0,0.0,0.0,193068.34375,7398.46630859375,709719.5,0.0,-29223.5,0.0,29223.5,0.0,-13.146456256337565,0.0,4.294441223144531,0.0,WA
8876136,WA,5306,36.69508743286133,2,0.0,141220.0234375,1966173.75,2,0,466922.9375,107866.3125,1395617.0,0.0,0.0,0.0,0.0,0.0,0.0,0.0,0.0,0.0,0.0,0.0,0.0,0.0,0.0,0.0,0.0,0.0,0.0,0.0,0.0,0.0,0.0,0.0,0.0,0.0,0.0,0.0,0.0,0.0,-72.0,0.0,72.0,0.0,0.0,0.0,0.0,0.0,0.0,0.0,0.0,0.0,0.0,0.0,0.0,0.0,-85.84375,0.0,85.875,0.0,0.0,0.0,0.0,0.0,0.0,0.0,0.0,0.0,0.0,0.0,0.0,0.0,0.0,0.0,0.0,0.0,0.0,0.0,0.0,0.0,0.0,0.0,0.0,0.0,0.0,0.0,0.0,0.0,0.0,0.0,0.0,0.0,0.0,0.0,0.0,0.0,0.0,0.0,0.0,0.0,466765.09375,107866.3125,1395774.875,0.0,-157.84375,0.0,157.875,0.0,-0.03380509658512974,0.0,0.011312201619148254,0.0,WA
8876137,WA,5306,4547.52392578125,2,0.0,401024.0625,859993.5625,2,0,196894.359375,714.5119018554688,651460.0,0.0,0.0,0.0,0.0,0.0,0.0,0.0,0.0,0.0,0.0,0.0,0.0,0.0,0.0,0.0,0.0,0.0,0.0,0.0,0.0,0.0,0.0,0.0,0.0,0.0,0.0,0.0,0.0,0.0,-1300.0,0.0,1300.0,0.0,-23874.5625,0.0,23874.5625,0.0,0.0,0.0,0.0,0.0,0.0,0.0,0.0,0.0,-320.0,0.0,320.0,0.0,0.0,0.0,0.0,0.0,0.0,0.0,0.0,0.0,0.0,0.0,0.0,0.0,0.0,0.0,0.0,0.0,0.0,0.0,0.0,0.0,0.0,0.0,0.0,0.0,0.0,0.0,0.0,0.0,0.0,0.0,0.0,0.0,0.0,0.0,0.0,0.0,0.0,0.0,0.0,0.0,171399.796875,714.5119018554688,676954.5625,0.0,-25494.5625,0.0,25494.5625,0.0,-12.948345793616008,0.0,3.913450241088867,0.0,WA
8876138,WA,5306,2813.26123046875,2,0.0,131124.365234375,506765.65625,2,0,111449.1171875,0.0,383477.5625,0.0,0.0,0.0,0.0,0.0,0.0,0.0,0.0,0.0,0.0,0.0,0.0,0.0,0.0,0.0,0.0,0.0,0.0,0.0,0.0,0.0,0.0,0.0,0.0,0.0,0.0,0.0,0.0,0.0,-1732.953125,0.0,1732.9375,0.0,-24681.2734375,0.0,24681.28125,0.0,0.0,0.0,0.0,0.0,0.0,0.0,0.0,0.0,-514.1796875,0.0,514.1875,0.0,0.0,0.0,0.0,0.0,0.0,0.0,0.0,0.0,0.0,0.0,0.0,0.0,0.0,0.0,0.0,0.0,0.0,0.0,0.0,0.0,0.0,0.0,0.0,0.0,0.0,0.0,0.0,0.0,0.0,0.0,0.0,0.0,0.0,0.0,0.0,0.0,0.0,0.0,0.0,0.0,84520.7109375,0.0,410405.96875,0.0,-26928.40625,0.0,26928.40625,0.0,-24.162063307057092,0.0,7.022159576416016,0.0,WA
8876139,WA,5306,0.1369417905807495,1,0.0,103581.1796875,93909.34375,1,0,14539.8359375,0.0,82144.4765625,389.11334228515625,0.0,0.0,0.0,389.11334228515625,-2159.7802734375,0.0,2159.78125,0.0,-1716.0,0.0,1716.0,0.0,1166.0,0.0,-1166.0,0.0,0.0,0.0,0.0,0.0,0.0,0.0,0.0,0.0,0.0,0.0,0.0,0.0,0.0,0.0,0.0,0.0,0.0,0.0,0.0,0.0,0.0,0.0,0.0,0.0,0.0,0.0,0.0,0.0,0.0,0.0,0.0,0.0,0.0,0.0,0.0,0.0,0.0,0.0,0.0,0.0,0.0,0.0,0.0,0.0,0.0,0.0,0.0,0.0,0.0,0.0,0.0,0.0,0.0,0.0,0.0,0.0,-450.8525390625,0.0,450.8515625,0.0,0.0,0.0,0.0,0.0,0.0,0.0,0.0,0.0,0.0,0.0,0.0,0.0,11379.203125,0.0,85305.109375,389.11334228515625,-3160.6328125,0.0,3160.6328125,0.0,-21.737747427729527,0.0,3.847651243209839,0.0,WA
8876140,WA,5306,0.45629534125328064,2,0.0,4785.11328125,140452.6875,2,0,15936.759765625,0.0,267055.5,106332.515625,0.0,0.0,0.0,106332.515625,-2742.4111328125,0.0,2742.40625,0.0,-2368.0263671875,0.0,2368.03125,0.0,1687.2685546875,0.0,-1687.28125,0.0,0.0,0.0,0.0,0.0,0.0,0.0,0.0,0.0,0.0,0.0,0.0,0.0,0.0,0.0,0.0,0.0,0.0,0.0,0.0,0.0,0.0,0.0,0.0,0.0,0.0,0.0,0.0,0.0,-440.0,0.0,440.0,0.0,0.0,0.0,0.0,0.0,0.0,0.0,0.0,0.0,0.0,0.0,0.0,0.0,0.0,0.0,0.0,0.0,0.0,0.0,0.0,0.0,-1655.2685546875,0.0,1655.28125,0.0,0.0,0.0,0.0,0.0,0.0,0.0,0.0,0.0,0.0,0.0,0.0,0.0,0.0,0.0,0.0,0.0,10418.322265625,0.0,272573.9375,106332.515625,-5518.4375,0.0,5518.4375,0.0,-34.627098489010706,0.0,2.0664010047912598,0.0,WA
8876141,WA,5306,0.11176502704620361,5,0.0,97639.02734375,293561.390625,4,1,30814.958129882812,0.0,322234.09375,30474.765625,0.0,0.0,0.0,30474.765625,-4793.6607666015625,0.0,4793.65625,0.0,-4960.542236328125,0.0,4960.53125,0.0,3709.99951171875,0.0,-3710.0,0.0,0.0,0.0,0.0,0.0,0.0,0.0,0.0,0.0,0.0,0.0,0.0,0.0,-1699.9996337890625,0.0,1700.0,0.0,0.0,0.0,0.0,0.0,0.0,0.0,0.0,0.0,0.0,0.0,0.0,0.0,-220.0,0.0,220.0,0.0,0.0,0.0,0.0,0.0,0.0,0.0,0.0,0.0,0.0,0.0,0.0,0.0,0.0,0.0,0.0,0.0,0.0,0.0,0.0,0.0,-1896.896484375,0.0,1896.90625,0.0,-1248.40576171875,0.0,1248.40625,0.0,0.0,0.0,0.0,0.0,0.0,0.0,0.0,0.0,0.0,0.0,0.0,0.0,19705.452758789062,0.0,333343.59375,30474.765625,-11109.50537109375,0.0,11109.5,0.0,-36.05231369865242,0.0,3.4476490020751953,0.0,WA
8876142,WA,5306,0.09775890409946442,4,0.0,242657.76171875,256820.6328125,4,0,32377.196838378906,0.0,227178.796875,4118.88916015625,0.0,0.0,0.0,4118.88916015625,-5026.1767578125,0.0,5026.171875,0.0,-5579.554260253906,0.0,5579.5625,0.0,3679.554168701172,0.0,-3679.5625,0.0,0.0,0.0,0.0,0.0,0.0,0.0,0.0,0.0,0.0,0.0,0.0,0.0,0.0,0.0,0.0,0.0,0.0,0.0,0.0,0.0,0.0,0.0,0.0,0.0,0.0,0.0,0.0,0.0,-0.41796875,0.0,0.421875,0.0,0.0,0.0,0.0,0.0,0.0,0.0,0.0,0.0,0.0,0.0,0.0,0.0,0.0,0.0,0.0,0.0,0.0,0.0,0.0,0.0,-378.7065124511719,0.0,378.703125,0.0,0.0,0.0,0.0,0.0,0.0,0.0,0.0,0.0,0.0,0.0,0.0,0.0,0.0,0.0,0.0,0.0,25071.8955078125,0.0,234484.09375,4118.88916015625,-7305.301330566406,0.0,7305.296875,0.0,-22.56310627208756,0.0,3.2156598567962646,0.0,WA
8876143,WA,5306,0.134915292263031,6,1.0,178022.619140625,221718.30322265625,6,0,17407.16796875,-673.3740844726562,279469.6875,26590.212890625,56458.678466796875,0.0,0.0,83048.89135742188,-3321.9541015625,0.0,3321.9375,0.0,-1025.5849609375,0.0,1025.59375,0.0,1802.0,0.0,-1802.0,0.0,0.0,0.0,0.0,0.0,-700.0,0.0,700.0,0.0,0.0,0.0,0.0,0.0,0.0,0.0,0.0,0.0,0.0,0.0,0.0,0.0,0.0,0.0,0.0,0.0,0.0,0.0,0.0,0.0,0.0,0.0,0.0,0.0,0.0,0.0,0.0,0.0,0.0,0.0,0.0,0.0,0.0,0.0,0.0,0.0,0.0,0.0,0.0,0.0,0.0,0.0,0.0,0.0,0.0,0.0,0.0,0.0,-101.234375,0.0,101.25,0.0,0.0,0.0,0.0,0.0,0.0,0.0,0.0,0.0,0.0,0.0,0.0,0.0,14060.39453125,-673.3740844726562,282816.46875,83048.89135742188,-3346.7734375,0.0,3346.78125,0.0,-19.2264097382656,0.0,1.197547197341919,0.0,WA
8876144,WA,5306,186.3853302001953,2,0.0,29129.697265625,102245.890625,2,0,9545.6953125,0.0,144931.15625,44248.35546875,0.0,0.0,0.0,44248.35546875,-1433.1396484375,0.0,1433.140625,0.0,-1872.0009765625,0.0,1872.015625,0.0,1272.0009765625,0.0,-1272.015625,0.0,0.0,0.0,0.0,0.0,0.0,0.0,0.0,0.0,0.0,0.0,0.0,0.0,0.0,0.0,0.0,0.0,0.0,0.0,0.0,0.0,0.0,0.0,0.0,0.0,0.0,0.0,0.0,0.0,0.0,0.0,0.0,0.0,0.0,0.0,0.0,0.0,0.0,0.0,0.0,0.0,0.0,0.0,0.0,0.0,0.0,0.0,0.0,0.0,0.0,0.0,0.0,0.0,-1440.0009765625,0.0,1440.015625,0.0,0.0,0.0,0.0,0.0,0.0,0.0,0.0,0.0,0.0,0.0,0.0,0.0,0.0,0.0,0.0,0.0,6072.5546875,0.0,148404.3125,44248.35546875,-3473.140625,0.0,3473.15625,0.0,-36.384365007460005,0.0,2.3964178562164307,0.0,WA
8876145,WA,5306,0.10563954710960388,3,1.0,483127.67578125,530342.75,3,0,136249.078125,0.0,384036.875,0.0,0.0,0.0,0.0,0.0,0.0,0.0,0.0,0.0,0.0,0.0,0.0,0.0,0.0,0.0,0.0,0.0,0.0,0.0,0.0,0.0,0.0,0.0,0.0,0.0,0.0,0.0,0.0,0.0,-1400.0,0.0,1400.0,0.0,-30564.0625,0.0,30564.0625,0.0,0.0,0.0,0.0,0.0,0.0,0.0,0.0,0.0,-640.0,0.0,640.0,0.0,0.0,0.0,0.0,0.0,0.0,0.0,0.0,0.0,0.0,0.0,0.0,0.0,0.0,0.0,0.0,0.0,0.0,0.0,0.0,0.0,0.0,0.0,0.0,0.0,0.0,0.0,0.0,0.0,0.0,0.0,0.0,0.0,0.0,0.0,0.0,0.0,0.0,0.0,0.0,0.0,103645.015625,0.0,416640.9375,0.0,-32604.0625,0.0,32604.0625,0.0,-23.929749065962717,0.0,8.489826202392578,0.0,WA
8876146,WA,5306,0.4218021035194397,3,1.0,5711.6826171875,-62817.03125,3,0,-2184.708251953125,-673.3740844726562,-38089.8046875,1130.9622802734375,21229.401123046875,0.0,0.0,22360.363403320312,0.0,0.0,0.0,0.0,0.0,0.0,0.0,0.0,0.0,0.0,0.0,0.0,0.0,0.0,0.0,0.0,0.0,0.0,0.0,0.0,0.0,0.0,0.0,0.0,0.0,0.0,0.0,0.0,0.0,0.0,0.0,0.0,0.0,0.0,0.0,0.0,0.0,0.0,0.0,0.0,0.0,0.0,0.0,0.0,0.0,0.0,0.0,0.0,0.0,0.0,0.0,0.0,0.0,0.0,0.0,0.0,0.0,0.0,0.0,0.0,0.0,0.0,0.0,0.0,0.0,0.0,0.0,0.0,0.0,0.0,0.0,0.0,0.0,0.0,0.0,0.0,0.0,0.0,0.0,0.0,0.0,0.0,0.0,0.0,-2184.708251953125,-673.3740844726562,-38089.8046875,22360.363403320312,0.0,0.0,0.0,0.0,0.0,0.0,0.0,0.0,WA
8876147,WA,5306,0.10175293684005737,2,0.0,153191.4140625,151922.6328125,2,0,20105.658203125,0.0,120773.21875,0.0,0.0,0.0,0.0,0.0,-3242.6787109375,0.0,3242.671875,0.0,-3254.5791015625,0.0,3254.578125,0.0,2154.5791015625,0.0,-2154.578125,0.0,0.0,0.0,0.0,0.0,0.0,0.0,0.0,0.0,0.0,0.0,0.0,0.0,0.0,0.0,0.0,0.0,0.0,0.0,0.0,0.0,0.0,0.0,0.0,0.0,0.0,0.0,0.0,0.0,0.0,0.0,0.0,0.0,0.0,0.0,0.0,0.0,0.0,0.0,0.0,0.0,0.0,0.0,0.0,0.0,0.0,0.0,0.0,0.0,0.0,0.0,0.0,0.0,0.0,0.0,0.0,0.0,0.0,0.0,0.0,0.0,0.0,0.0,0.0,0.0,0.0,0.0,0.0,0.0,0.0,0.0,0.0,0.0,15762.9794921875,0.0,125115.890625,0.0,-4342.6787109375,0.0,4342.671875,0.0,-21.59928646485457,0.0,3.59572434425354,0.0,WA
8876148,WA,5306,246.56008911132812,2,0.0,27015.1953125,32811.5234375,2,0,0.0,0.0,85370.4765625,27466.525390625,0.0,0.0,0.0,27466.525390625,0.0,0.0,0.0,0.0,0.0,0.0,0.0,0.0,0.0,0.0,0.0,0.0,0.0,0.0,0.0,0.0,0.0,0.0,0.0,0.0,0.0,0.0,0.0,0.0,0.0,0.0,0.0,0.0,0.0,0.0,0.0,0.0,0.0,0.0,0.0,0.0,0.0,0.0,0.0,0.0,0.0,0.0,0.0,0.0,0.0,0.0,0.0,0.0,0.0,0.0,0.0,0.0,0.0,0.0,0.0,0.0,0.0,0.0,0.0,0.0,0.0,0.0,0.0,0.0,0.0,0.0,0.0,0.0,0.0,0.0,0.0,0.0,0.0,0.0,0.0,0.0,0.0,0.0,0.0,0.0,0.0,0.0,0.0,0.0,0.0,0.0,85370.4765625,27466.525390625,0.0,0.0,0.0,0.0,0.0,0.0,0.0,0.0,WA
