Household ID,State,Congressional District,Household Weight,Household Size,Number of Dependents,Employment Income,Adjusted Gross Income,Num with Valid SSN,Num without Valid SSN,Baseline Federal Tax Liability,Baseline State Tax Liability,Baseline Net Income,Baseline Benefits,Baseline Medicaid,Baseline ACA PTC,Baseline CHIP,Baseline Total Benefits,Change in federal tax after Tax Rate Reform,Change in state tax after Tax Rate Reform,Change in net income after Tax Rate Reform,Change in benefits after Tax Rate Reform,Change in federal tax after Standard Deduction Reform,Change in state tax after Standard Deduction Reform,Change in net income after Standard Deduction Reform,Change in benefits after Standard Deduction Reform,Change in federal tax after Exemption Reform,Change in state tax after Exemption Reform,Change in net income after Exemption Reform,Change in benefits after Exemption Reform,Change in federal tax after CTC SSN Requirement,Change in state tax after CTC SSN Requirement,Change in net income after CTC SSN Requirement,Change in benefits after CTC SSN Requirement,Change in federal tax after CTC Expansion,Change in state tax after CTC Expansion,Change in net income after CTC Expansion,Change in benefits after CTC Expansion,Change in federal tax after CDCC Reform,Change in state tax after CDCC Reform,Change in net income after CDCC Reform,Change in benefits after CDCC Reform,Change in federal tax after QBI Deduction Reform,Change in state tax after QBI Deduction Reform,Change in net income after QBI Deduction Reform,Change in benefits after QBI Deduction Reform,Change in federal tax after AMT Reform,Change in state tax after AMT Reform,Change in net income after AMT Reform,Change in benefits after AMT Reform,Change in federal tax after Miscellaneous Reform,Change in state tax after Miscellaneous Reform,Change in net income after Miscellaneous Reform,Change in benefits after Miscellaneous Reform,Change in federal tax after Casualty Loss Repeal,Change in state tax after Casualty Loss Repeal,Change in net income after Casualty Loss Repeal,Change in benefits after Casualty Loss Repeal,Change in federal tax after Other Itemized Deductions Reform,Change in state tax after Other Itemized Deductions Reform,Change in net income after Other Itemized Deductions Reform,Change in benefits after Other Itemized Deductions Reform,Change in federal tax after Limitation on Itemized Deductions Reform,Change in state tax after Limitation on Itemized Deductions Reform,Change in net income after Limitation on Itemized Deductions Reform,Change in benefits after Limitation on Itemized Deductions Reform,Change in federal tax after Estate Tax Reform,Change in state tax after Estate Tax Reform,Change in net income after Estate Tax Reform,Change in benefits after Estate Tax Reform,Change in federal tax after SALT Cap Reform,Change in state tax after SALT Cap Reform,Change in net income after SALT Cap Reform,Change in benefits after SALT Cap Reform,Change in federal tax after Tip Income Exemption,Change in state tax after Tip Income Exemption,Change in net income after Tip Income Exemption,Change in benefits after Tip Income Exemption,Change in federal tax after Overtime Exemption,Change in state tax after Overtime Exemption,Change in net income after Overtime Exemption,Change in benefits after Overtime Exemption,Change in federal tax after Senior Deduction,Change in state tax after Senior Deduction,Change in net income after Senior Deduction,Change in benefits after Senior Deduction,Change in federal tax after Auto Loan Interest,Change in state tax after Auto Loan Interest,Change in net income after Auto Loan Interest,Change in benefits after Auto Loan Interest,Change in federal tax after SNAP Takeup Reform,Change in state tax after SNAP Takeup Reform,Change in net income after SNAP Takeup Reform,Change in benefits after SNAP Takeup Reform,Change in federal tax after ACA Takeup Reform,Change in state tax after ACA Takeup Reform,Change in net income after ACA Takeup Reform,Change in benefits after ACA Takeup Reform,Change in federal tax after Medicaid Takeup Reform,Change in state tax after Medicaid Takeup Reform,Change in net income after Medicaid Takeup Reform,Change in benefits after Medicaid Takeup Reform,Final Federal Tax Liability,Final State Tax Liability,Final Net Income,Final Total Benefits,Total change in federal tax,Total change in state tax,Total change in net income,Total change in benefits,Percentage change in federal tax,Percentage change in state tax,Percentage change in net income,Percentage change in benefits,State Code
8150000,TX,4835,4.6160149574279785,1,0.0,0.0,2771.900634765625,1,0,0.0,0.0,43107.3828125,20310.998046875,0.0,0.0,0.0,20310.998046875,0.0,0.0,0.0,0.0,0.0,0.0,0.0,0.0,0.0,0.0,0.0,0.0,0.0,0.0,0.0,0.0,0.0,0.0,0.0,0.0,0.0,0.0,0.0,0.0,0.0,0.0,0.0,0.0,0.0,0.0,0.0,0.0,0.0,0.0,0.0,0.0,0.0,0.0,0.0,0.0,0.0,0.0,0.0,0.0,0.0,0.0,0.0,0.0,0.0,0.0,0.0,0.0,0.0,0.0,0.0,0.0,0.0,0.0,0.0,0.0,0.0,0.0,0.0,0.0,0.0,0.0,0.0,0.0,0.0,0.0,0.0,0.0,0.0,0.0,0.0,0.0,0.0,0.0,0.0,0.0,0.0,0.0,0.0,0.0,0.0,0.0,43107.3828125,20310.998046875,0.0,0.0,0.0,0.0,0.0,0.0,0.0,0.0,TX
8150001,TX,4835,0.11740335077047348,2,0.0,78415.86328125,78415.86328125,2,0,6709.573425292969,0.0,71134.53125,0.0,0.0,4864.2373046875,0.0,4864.2373046875,-957.79248046875,0.0,957.796875,0.0,-1666.6122436523438,0.0,1666.609375,0.0,1116.6122436523438,0.0,-1116.609375,0.0,0.0,0.0,0.0,0.0,0.0,0.0,0.0,0.0,0.0,0.0,0.0,0.0,0.0,0.0,0.0,0.0,0.0,0.0,0.0,0.0,0.0,0.0,0.0,0.0,0.0,0.0,0.0,0.0,0.0,0.0,0.0,0.0,0.0,0.0,0.0,0.0,0.0,0.0,0.0,0.0,0.0,0.0,0.0,0.0,0.0,0.0,0.0,0.0,0.0,0.0,0.0,0.0,0.0,0.0,0.0,0.0,-79.0653076171875,0.0,79.0625,0.0,0.0,0.0,0.0,0.0,0.0,0.0,0.0,0.0,0.0,0.0,0.0,0.0,5122.715637207031,0.0,72721.390625,4864.2373046875,-1586.8577880859375,0.0,1586.859375,0.0,-23.650650905823397,0.0,2.2307863235473633,0.0,TX
8150002,TX,4835,12.470865249633789,1,0.0,2787.483154296875,2787.483154296875,1,0,0.0,0.0,2963.35400390625,389.11334228515625,0.0,0.0,0.0,389.11334228515625,0.0,0.0,0.0,0.0,0.0,0.0,0.0,0.0,0.0,0.0,0.0,0.0,0.0,0.0,0.0,0.0,0.0,0.0,0.0,0.0,0.0,0.0,0.0,0.0,0.0,0.0,0.0,0.0,0.0,0.0,0.0,0.0,0.0,0.0,0.0,0.0,0.0,0.0,0.0,0.0,0.0,0.0,0.0,0.0,0.0,0.0,0.0,0.0,0.0,0.0,0.0,0.0,0.0,0.0,0.0,0.0,0.0,0.0,0.0,0.0,0.0,0.0,0.0,0.0,0.0,0.0,0.0,0.0,0.0,0.0,0.0,0.0,0.0,0.0,0.0,0.0,0.0,0.0,0.0,0.0,0.0,0.0,0.0,0.0,0.0,0.0,2963.35400390625,389.11334228515625,0.0,0.0,0.0,0.0,0.0,0.0,0.0,0.0,TX
8150003,TX,4835,0.11676861345767975,4,2.0,355040.265625,394048.5,4,0,95285.2109375,0.0,356755.84375,0.0,0.0,0.0,0.0,0.0,0.0,0.0,0.0,0.0,0.0,0.0,0.0,0.0,0.0,0.0,0.0,0.0,0.0,0.0,0.0,0.0,-1000.0,0.0,1000.0,0.0,0.0,0.0,0.0,0.0,0.0,0.0,0.0,0.0,-21763.4921875,0.0,21763.46875,0.0,0.0,0.0,0.0,0.0,0.0,0.0,0.0,0.0,-274.21875,0.0,274.25,0.0,0.0,0.0,0.0,0.0,0.0,0.0,0.0,0.0,0.0,0.0,0.0,0.0,0.0,0.0,0.0,0.0,0.0,0.0,0.0,0.0,0.0,0.0,0.0,0.0,0.0,0.0,0.0,0.0,0.0,0.0,0.0,0.0,0.0,0.0,0.0,0.0,0.0,0.0,0.0,0.0,72247.5,0.0,379793.5625,0.0,-23037.7109375,0.0,23037.71875,0.0,-24.177635449231488,0.0,6.457559108734131,0.0,TX
8150004,TX,4835,1447.8038330078125,2,0.0,256148.5390625,257240.5390625,2,0,47615.685546875,0.0,195721.390625,0.0,0.0,0.0,0.0,0.0,-6521.734375,0.0,6521.734375,0.0,-3588.0,0.0,3588.0,0.0,2438.0,0.0,-2438.0,0.0,0.0,0.0,0.0,0.0,0.0,0.0,0.0,0.0,0.0,0.0,0.0,0.0,0.0,0.0,0.0,0.0,0.0,0.0,0.0,0.0,0.0,0.0,0.0,0.0,0.0,0.0,0.0,0.0,0.0,0.0,0.0,0.0,0.0,0.0,0.0,0.0,0.0,0.0,0.0,0.0,0.0,0.0,0.0,0.0,0.0,0.0,0.0,0.0,0.0,0.0,0.0,0.0,0.0,0.0,0.0,0.0,0.0,0.0,0.0,0.0,0.0,0.0,0.0,0.0,0.0,0.0,0.0,0.0,0.0,0.0,0.0,0.0,39943.951171875,0.0,203393.125,0.0,-7671.734375,0.0,7671.734375,0.0,-16.11177973579232,0.0,3.919722080230713,0.0,TX
8150005,TX,4835,14.32470703125,2,0.0,116738.4921875,160047.328125,2,0,29667.55078125,0.0,188957.6875,19357.361328125,0.0,0.0,0.0,19357.361328125,-3457.869140625,0.0,3457.875,0.0,-1872.0,0.0,1872.0,0.0,1272.0,0.0,-1272.0,0.0,0.0,0.0,0.0,0.0,0.0,0.0,0.0,0.0,0.0,0.0,0.0,0.0,-1200.0,0.0,1200.0,0.0,0.0,0.0,0.0,0.0,0.0,0.0,0.0,0.0,0.0,0.0,0.0,0.0,-143.1953125,0.0,143.1875,0.0,0.0,0.0,0.0,0.0,0.0,0.0,0.0,0.0,0.0,0.0,0.0,0.0,0.0,0.0,0.0,0.0,0.0,0.0,0.0,0.0,0.0,0.0,0.0,0.0,0.0,0.0,0.0,0.0,0.0,0.0,0.0,0.0,0.0,0.0,0.0,0.0,0.0,0.0,0.0,0.0,24266.486328125,0.0,194358.75,19357.361328125,-5401.064453125,0.0,5401.0625,0.0,-18.205292688126086,0.0,2.8583450317382812,0.0,TX
8150006,TX,4835,2.2597320079803467,3,0.0,379804.6630859375,463093.515625,3,0,101921.966796875,0.0,425721.9375,22234.806640625,0.0,0.0,0.0,22234.806640625,-499.402587890625,0.0,499.40625,0.0,-936.0,0.0,936.0,0.0,636.0,0.0,-636.0,0.0,0.0,0.0,0.0,0.0,0.0,0.0,0.0,0.0,0.0,0.0,0.0,0.0,0.0,0.0,0.0,0.0,-21120.921875,0.0,21120.9375,0.0,0.0,0.0,0.0,0.0,0.0,0.0,0.0,0.0,0.0,0.0,0.0,0.0,-78.9375,0.0,78.9375,0.0,0.0,0.0,0.0,0.0,0.0,0.0,0.0,0.0,0.0,0.0,0.0,0.0,0.0,0.0,0.0,0.0,-720.0,0.0,720.0,0.0,0.0,0.0,0.0,0.0,0.0,0.0,0.0,0.0,0.0,0.0,0.0,0.0,0.0,0.0,0.0,0.0,79202.70483398438,0.0,448441.21875,22234.806640625,-22719.261962890625,0.0,22719.28125,0.0,-22.290839430295623,0.0,5.336647987365723,0.0,TX
8150007,TX,4835,236.94284057617188,2,0.0,15206.2578125,15207.0849609375,2,0,0.0,0.0,55782.37890625,19723.216796875,0.0,0.0,0.0,19723.216796875,0.0,0.0,0.0,0.0,0.0,0.0,0.0,0.0,0.0,0.0,0.0,0.0,0.0,0.0,0.0,0.0,0.0,0.0,0.0,0.0,0.0,0.0,0.0,0.0,0.0,0.0,0.0,0.0,0.0,0.0,0.0,0.0,0.0,0.0,0.0,0.0,0.0,0.0,0.0,0.0,0.0,0.0,0.0,0.0,0.0,0.0,0.0,0.0,0.0,0.0,0.0,0.0,0.0,0.0,0.0,0.0,0.0,0.0,0.0,0.0,0.0,0.0,0.0,0.0,0.0,0.0,0.0,0.0,0.0,0.0,0.0,0.0,0.0,0.0,0.0,0.0,0.0,0.0,0.0,0.0,0.0,0.0,0.0,0.0,0.0,0.0,55782.37890625,19723.216796875,0.0,0.0,0.0,0.0,0.0,0.0,0.0,0.0,TX
8150008,TX,4835,0.9427354335784912,4,2.0,300053.453125,317809.90625,4,0,66740.171875,0.0,243344.75,0.0,0.0,0.0,0.0,0.0,0.0,0.0,0.0,0.0,0.0,0.0,0.0,0.0,0.0,0.0,0.0,0.0,0.0,0.0,0.0,0.0,-4400.0,0.0,4400.0,0.0,0.0,0.0,0.0,0.0,0.0,0.0,0.0,0.0,-14344.6328125,0.0,14344.640625,0.0,0.0,0.0,0.0,0.0,0.0,0.0,0.0,0.0,0.0,0.0,0.0,0.0,0.0,0.0,0.0,0.0,0.0,0.0,0.0,0.0,0.0,0.0,0.0,0.0,0.0,0.0,0.0,0.0,0.0,0.0,0.0,0.0,0.0,0.0,0.0,0.0,0.0,0.0,0.0,0.0,0.0,0.0,0.0,0.0,0.0,0.0,0.0,0.0,0.0,0.0,0.0,0.0,47995.5390625,0.0,262089.390625,0.0,-18744.6328125,0.0,18744.640625,0.0,-28.08598222912503,0.0,7.702915191650391,0.0,TX
8150009,TX,4835,436.046142578125,4,2.0,124383.84375,124387.15625,4,0,10523.0732421875,0.0,107727.234375,0.0,0.0,0.0,0.0,0.0,-1878.6142578125,0.0,1878.6171875,0.0,-1872.0,0.0,1872.0,0.0,2544.0,0.0,-2544.0,0.0,0.0,0.0,0.0,0.0,-3150.0,0.0,3150.0,0.0,0.0,0.0,0.0,0.0,0.0,0.0,0.0,0.0,0.0,0.0,0.0,0.0,0.0,0.0,0.0,0.0,0.0,0.0,0.0,0.0,-240.0,0.0,240.0,0.0,0.0,0.0,0.0,0.0,0.0,0.0,0.0,0.0,0.0,0.0,0.0,0.0,0.0,0.0,0.0,0.0,0.0,0.0,0.0,0.0,0.0,0.0,0.0,0.0,-321.66796875,0.0,321.6640625,0.0,0.0,0.0,0.0,0.0,0.0,0.0,0.0,0.0,0.0,0.0,0.0,0.0,5604.791015625,0.0,112645.515625,0.0,-4918.2822265625,0.0,4918.28125,0.0,-46.73807844313839,0.0,4.565495014190674,0.0,TX
8150010,TX,4835,0.7712433338165283,2,1.0,440623.78125,529373.25,2,0,146741.953125,0.0,548956.125,0.0,0.0,0.0,0.0,0.0,3704.453125,0.0,-3704.4375,0.0,-4208.75,0.0,4208.75,0.0,0.0,0.0,0.0,0.0,0.0,0.0,0.0,0.0,0.0,0.0,0.0,0.0,0.0,0.0,0.0,0.0,-93.546875,0.0,93.5625,0.0,0.0,0.0,0.0,0.0,0.0,0.0,0.0,0.0,0.0,0.0,0.0,0.0,0.0,0.0,0.0,0.0,0.0,0.0,0.0,0.0,0.0,0.0,0.0,0.0,0.0,0.0,0.0,0.0,0.0,0.0,0.0,0.0,0.0,0.0,0.0,0.0,0.0,0.0,0.0,0.0,0.0,0.0,0.0,0.0,0.0,0.0,0.0,0.0,0.0,0.0,0.0,0.0,0.0,0.0,0.0,0.0,146144.109375,0.0,549554.0,0.0,-597.84375,0.0,597.875,0.0,-0.407411607429496,0.0,0.10891124606132507,0.0,TX
8150011,TX,4835,0.9768079519271851,4,2.0,348008.953125,359926.71875,4,0,81392.2265625,0.0,269837.875,0.0,0.0,0.0,0.0,0.0,0.0,0.0,0.0,0.0,0.0,0.0,0.0,0.0,0.0,0.0,0.0,0.0,0.0,0.0,0.0,0.0,-4400.0,0.0,4400.0,0.0,0.0,0.0,0.0,0.0,0.0,0.0,0.0,0.0,-18335.4765625,0.0,18335.5,0.0,0.0,0.0,0.0,0.0,0.0,0.0,0.0,0.0,-480.0,0.0,480.0,0.0,0.0,0.0,0.0,0.0,0.0,0.0,0.0,0.0,0.0,0.0,0.0,0.0,0.0,0.0,0.0,0.0,0.0,0.0,0.0,0.0,0.0,0.0,0.0,0.0,0.0,0.0,0.0,0.0,0.0,0.0,0.0,0.0,0.0,0.0,0.0,0.0,0.0,0.0,0.0,0.0,58176.75,0.0,293053.375,0.0,-23215.4765625,0.0,23215.5,0.0,-28.52296532848029,0.0,8.603499412536621,0.0,TX
8150012,TX,4835,2.1608078479766846,4,2.0,345245.30725097656,482735.125,4,0,122129.2265625,0.0,372633.375,0.0,0.0,0.0,0.0,0.0,0.0,0.0,0.0,0.0,0.0,0.0,0.0,0.0,0.0,0.0,0.0,0.0,0.0,0.0,0.0,0.0,-250.0,0.0,250.0,0.0,0.0,0.0,0.0,0.0,-6406.5078125,0.0,6406.5,0.0,-27281.125,0.0,27281.125,0.0,0.0,0.0,0.0,0.0,0.0,0.0,0.0,0.0,0.0,0.0,0.0,0.0,-720.59375,0.0,720.625,0.0,0.0,0.0,0.0,0.0,0.0,0.0,0.0,0.0,0.0,0.0,0.0,0.0,0.0,0.0,0.0,0.0,0.0,0.0,0.0,0.0,0.0,0.0,0.0,0.0,0.0,0.0,0.0,0.0,0.0,0.0,0.0,0.0,0.0,0.0,0.0,0.0,87471.0,0.0,407291.625,0.0,-34658.2265625,0.0,34658.25,0.0,-28.378323140172796,0.0,9.300897598266602,0.0,TX
8150013,TX,4835,1610.2034912109375,5,3.0,416282.6875,421825.375,5,0,109779.78125,0.0,309043.625,0.0,0.0,0.0,0.0,0.0,0.0,0.0,0.0,0.0,0.0,0.0,0.0,0.0,0.0,0.0,0.0,0.0,0.0,0.0,0.0,0.0,-5500.0,0.0,5500.0,0.0,0.0,0.0,0.0,0.0,0.0,0.0,0.0,0.0,-30863.0625,0.0,30863.0625,0.0,0.0,0.0,0.0,0.0,0.0,0.0,0.0,0.0,-19.4921875,0.0,19.46875,0.0,0.0,0.0,0.0,0.0,0.0,0.0,0.0,0.0,0.0,0.0,0.0,0.0,0.0,0.0,0.0,0.0,0.0,0.0,0.0,0.0,0.0,0.0,0.0,0.0,0.0,0.0,0.0,0.0,0.0,0.0,0.0,0.0,0.0,0.0,0.0,0.0,0.0,0.0,0.0,0.0,73397.2265625,0.0,345426.15625,0.0,-36382.5546875,0.0,36382.53125,0.0,-33.141398418937,0.0,11.77262020111084,0.0,TX
8150014,TX,4835,0.7770295739173889,2,0.0,140496.84375,141430.828125,2,0,17482.70703125,0.0,135745.984375,0.0,0.0,0.0,0.0,0.0,-2927.9248046875,0.0,2927.921875,0.0,-3215.0830078125,0.0,3215.09375,0.0,2115.0830078125,0.0,-2115.09375,0.0,0.0,0.0,0.0,0.0,0.0,0.0,0.0,0.0,0.0,0.0,0.0,0.0,0.0,0.0,0.0,0.0,0.0,0.0,0.0,0.0,0.0,0.0,0.0,0.0,0.0,0.0,0.0,0.0,0.0,0.0,0.0,0.0,0.0,0.0,0.0,0.0,0.0,0.0,0.0,0.0,0.0,0.0,0.0,0.0,0.0,0.0,0.0,0.0,0.0,0.0,0.0,0.0,0.0,0.0,0.0,0.0,0.0,0.0,0.0,0.0,0.0,0.0,0.0,0.0,0.0,0.0,0.0,0.0,0.0,0.0,0.0,0.0,13454.7822265625,0.0,139773.90625,0.0,-4027.9248046875,0.0,4027.921875,0.0,-23.039480084449522,0.0,2.9672493934631348,0.0,TX
8150015,TX,4835,5701.1748046875,4,2.0,83624.49609375,83461.22265625,4,0,-1292.92626953125,0.0,89766.8671875,0.0,8275.0205078125,2971.69873046875,0.0,11246.71923828125,-626.241455078125,0.0,626.2421875,0.0,-1831.31689453125,0.0,1831.3203125,0.0,1918.81689453125,0.0,-1918.8203125,0.0,0.0,0.0,0.0,0.0,-2400.0,0.0,2400.0,0.0,0.0,0.0,0.0,0.0,0.0,0.0,0.0,0.0,0.0,0.0,0.0,0.0,0.0,0.0,0.0,0.0,0.0,0.0,0.0,0.0,0.0,0.0,0.0,0.0,0.0,0.0,0.0,0.0,0.0,0.0,0.0,0.0,0.0,0.0,0.0,0.0,0.0,0.0,0.0,0.0,0.0,0.0,0.0,0.0,0.0,0.0,0.0,0.0,-216.768798828125,0.0,216.7734375,0.0,0.0,0.0,0.0,0.0,0.0,0.0,0.0,0.0,0.0,0.0,0.0,0.0,-4448.4365234375,0.0,92922.3828125,11246.71923828125,-3155.51025390625,0.0,3155.515625,0.0,-244.05956691175277,0.0,3.5152342319488525,0.0,TX
8150016,TX,4835,1445.1475830078125,2,0.0,204036.765625,204070.6875,2,0,33142.671875,0.0,158036.734375,0.0,0.0,0.0,0.0,0.0,-4807.12109375,0.0,4807.125,0.0,-3432.0,0.0,3432.0,0.0,2332.0,0.0,-2332.0,0.0,0.0,0.0,0.0,0.0,0.0,0.0,0.0,0.0,0.0,0.0,0.0,0.0,0.0,0.0,0.0,0.0,0.0,0.0,0.0,0.0,0.0,0.0,0.0,0.0,0.0,0.0,0.0,0.0,0.0,0.0,0.0,0.0,0.0,0.0,0.0,0.0,0.0,0.0,0.0,0.0,0.0,0.0,0.0,0.0,0.0,0.0,0.0,0.0,0.0,0.0,0.0,0.0,0.0,0.0,0.0,0.0,0.0,0.0,0.0,0.0,0.0,0.0,0.0,0.0,0.0,0.0,0.0,0.0,0.0,0.0,0.0,0.0,27235.55078125,0.0,163943.859375,0.0,-5907.12109375,0.0,5907.125,0.0,-17.8233098285773,0.0,3.7378177642822266,0.0,TX
8150017,TX,4835,5.154359817504883,5,3.0,369422.15966796875,663007.8125,5,0,171580.875,0.0,536829.0,0.0,0.0,0.0,0.0,0.0,0.0,0.0,0.0,0.0,0.0,0.0,0.0,0.0,0.0,0.0,0.0,0.0,0.0,0.0,0.0,0.0,0.0,0.0,0.0,0.0,0.0,0.0,0.0,0.0,-1400.0,0.0,1400.0,0.0,-25933.890625,0.0,25933.875,0.0,0.0,0.0,0.0,0.0,0.0,0.0,0.0,0.0,-740.0,0.0,740.0,0.0,-1853.046875,0.0,1853.0,0.0,0.0,0.0,0.0,0.0,1853.046875,0.0,-1853.0,0.0,0.0,0.0,0.0,0.0,0.0,0.0,0.0,0.0,0.0,0.0,0.0,0.0,0.0,0.0,0.0,0.0,0.0,0.0,0.0,0.0,0.0,0.0,0.0,0.0,0.0,0.0,0.0,0.0,143506.984375,0.0,564902.875,0.0,-28073.890625,0.0,28073.875,0.0,-16.361899672676223,0.0,5.229574680328369,0.0,TX
8150018,TX,4835,2342.474609375,2,0.0,0.0,63956.5546875,2,0,1847.425048828125,0.0,86232.359375,18546.4453125,0.0,0.0,0.0,18546.4453125,0.0,0.0,0.0,0.0,-475.4169921875,0.0,475.4140625,0.0,1060.0,0.0,-1060.0,0.0,0.0,0.0,0.0,0.0,0.0,0.0,0.0,0.0,0.0,0.0,0.0,0.0,0.0,0.0,0.0,0.0,0.0,0.0,0.0,0.0,0.0,0.0,0.0,0.0,0.0,0.0,0.0,0.0,-200.0,0.0,200.0,0.0,0.0,0.0,0.0,0.0,0.0,0.0,0.0,0.0,0.0,0.0,0.0,0.0,0.0,0.0,0.0,0.0,0.0,0.0,0.0,0.0,-1200.0,0.0,1200.0,0.0,0.0,0.0,0.0,0.0,0.0,0.0,0.0,0.0,0.0,0.0,0.0,0.0,0.0,0.0,0.0,0.0,1032.008056640625,0.0,87047.7734375,18546.4453125,-815.4169921875,0.0,815.4140625,0.0,-44.13802837115057,0.0,0.9456010460853577,0.0,TX
8150019,TX,4835,0.9783353805541992,2,0.0,134823.587890625,159652.5,2,0,21625.625,0.0,157014.6875,23542.736328125,0.0,0.0,0.0,23542.736328125,-3425.07421875,0.0,3425.0625,0.0,-3432.0009765625,0.0,3432.0,0.0,2332.0009765625,0.0,-2332.0,0.0,0.0,0.0,0.0,0.0,0.0,0.0,0.0,0.0,0.0,0.0,0.0,0.0,-1100.0009765625,0.0,1100.0,0.0,0.0,0.0,0.0,0.0,0.0,0.0,0.0,0.0,0.0,0.0,0.0,0.0,-208.82421875,0.0,208.828125,0.0,0.0,0.0,0.0,0.0,0.0,0.0,0.0,0.0,0.0,0.0,0.0,0.0,0.0,0.0,0.0,0.0,-418.1240234375,0.0,418.125,0.0,-1192.5859375,0.0,1192.59375,0.0,-274.6494140625,0.0,274.640625,0.0,0.0,0.0,0.0,0.0,0.0,0.0,0.0,0.0,0.0,0.0,0.0,0.0,13906.3662109375,0.0,164733.9375,23542.736328125,-7719.2587890625,0.0,7719.25,0.0,-35.69496275396665,0.0,4.916259765625,0.0,TX
8150020,TX,4835,1.9109264612197876,3,1.0,173690.12109375,286883.625,3,0,55529.109375,0.0,330813.0625,0.0,0.0,0.0,0.0,0.0,0.0,0.0,0.0,0.0,0.0,0.0,0.0,0.0,0.0,0.0,0.0,0.0,0.0,0.0,0.0,0.0,-2200.0,0.0,2200.0,0.0,0.0,0.0,0.0,0.0,-46.95703125,0.0,46.96875,0.0,-7789.40234375,0.0,7789.40625,0.0,0.0,0.0,0.0,0.0,0.0,0.0,0.0,0.0,-142.05078125,0.0,142.03125,0.0,0.0,0.0,0.0,0.0,0.0,0.0,0.0,0.0,0.0,0.0,0.0,0.0,0.0,0.0,0.0,0.0,0.0,0.0,0.0,0.0,0.0,0.0,0.0,0.0,0.0,0.0,0.0,0.0,0.0,0.0,0.0,0.0,0.0,0.0,0.0,0.0,0.0,0.0,0.0,0.0,45350.69921875,0.0,340991.46875,0.0,-10178.41015625,0.0,10178.40625,0.0,-18.329863869260013,0.0,3.07678484916687,0.0,TX
8150021,TX,4835,367.2025146484375,1,0.0,0.0,10114.400390625,1,0,0.0,0.0,56282.14453125,23083.87109375,0.0,0.0,0.0,23083.87109375,0.0,0.0,0.0,0.0,0.0,0.0,0.0,0.0,0.0,0.0,0.0,0.0,0.0,0.0,0.0,0.0,0.0,0.0,0.0,0.0,0.0,0.0,0.0,0.0,0.0,0.0,0.0,0.0,0.0,0.0,0.0,0.0,0.0,0.0,0.0,0.0,0.0,0.0,0.0,0.0,0.0,0.0,0.0,0.0,0.0,0.0,0.0,0.0,0.0,0.0,0.0,0.0,0.0,0.0,0.0,0.0,0.0,0.0,0.0,0.0,0.0,0.0,0.0,0.0,0.0,0.0,0.0,0.0,0.0,0.0,0.0,0.0,0.0,0.0,0.0,0.0,0.0,0.0,0.0,0.0,0.0,0.0,0.0,0.0,0.0,0.0,56282.14453125,23083.87109375,0.0,0.0,0.0,0.0,0.0,0.0,0.0,0.0,TX
8150022,TX,4835,9.264165878295898,1,0.0,0.0,0.0,1,0,0.0,0.0,31262.796875,15960.0185546875,0.0,0.0,0.0,15960.0185546875,0.0,0.0,0.0,0.0,0.0,0.0,0.0,0.0,0.0,0.0,0.0,0.0,0.0,0.0,0.0,0.0,0.0,0.0,0.0,0.0,0.0,0.0,0.0,0.0,0.0,0.0,0.0,0.0,0.0,0.0,0.0,0.0,0.0,0.0,0.0,0.0,0.0,0.0,0.0,0.0,0.0,0.0,0.0,0.0,0.0,0.0,0.0,0.0,0.0,0.0,0.0,0.0,0.0,0.0,0.0,0.0,0.0,0.0,0.0,0.0,0.0,0.0,0.0,0.0,0.0,0.0,0.0,0.0,0.0,0.0,0.0,0.0,0.0,0.0,0.0,0.0,0.0,0.0,0.0,0.0,0.0,0.0,0.0,0.0,0.0,0.0,31262.796875,15960.0185546875,0.0,0.0,0.0,0.0,0.0,0.0,0.0,0.0,TX
8150023,TX,4835,1855.1170654296875,3,0.0,161157.33203125,161487.43359375,3,0,18129.72802734375,0.0,144138.578125,0.0,0.0,0.0,0.0,0.0,-2649.02099609375,0.0,2649.015625,0.0,-3587.9986572265625,0.0,3588.0,0.0,2437.99951171875,0.0,-2438.0,0.0,0.0,0.0,0.0,0.0,0.0,0.0,0.0,0.0,0.0,0.0,0.0,0.0,0.0,0.0,0.0,0.0,0.0,0.0,0.0,0.0,0.0,0.0,0.0,0.0,0.0,0.0,0.0,0.0,0.0,0.0,0.0,0.0,0.0,0.0,0.0,0.0,0.0,0.0,0.0,0.0,0.0,0.0,0.0,0.0,0.0,0.0,0.0,0.0,-1804.24609375,0.0,1804.25,0.0,0.0,0.0,0.0,0.0,0.0,0.0,0.0,0.0,0.0,0.0,0.0,0.0,0.0,0.0,0.0,0.0,0.0,0.0,0.0,0.0,12526.461791992188,0.0,149741.84375,0.0,-5603.2662353515625,0.0,5603.265625,0.0,-30.90651016331058,0.0,3.887415647506714,0.0,TX
8150024,TX,4835,30.580093383789062,3,0.0,108733.83203125,316653.39453125,3,0,53585.4375,0.0,328141.0,57351.6328125,0.0,0.0,0.0,57351.6328125,-4248.7509765625,0.0,4248.75,0.0,-936.0,0.0,936.0,0.0,1566.109375,0.0,-1566.09375,0.0,0.0,0.0,0.0,0.0,0.0,0.0,0.0,0.0,0.0,0.0,0.0,0.0,-6855.8671875,0.0,6855.875,0.0,-3926.97265625,0.0,3926.96875,0.0,0.0,0.0,0.0,0.0,0.0,0.0,0.0,0.0,-440.0,0.0,440.0,0.0,0.0,0.0,0.0,0.0,0.0,0.0,0.0,0.0,0.0,0.0,0.0,0.0,0.0,0.0,0.0,0.0,0.0,0.0,0.0,0.0,-1135.41015625,0.0,1135.40625,0.0,0.0,0.0,0.0,0.0,0.0,0.0,0.0,0.0,0.0,0.0,0.0,0.0,0.0,0.0,0.0,0.0,37608.5458984375,0.0,344117.90625,57351.6328125,-15976.8916015625,0.0,15976.90625,0.0,-29.815734175096548,0.0,4.86891508102417,0.0,TX
8150025,TX,4835,776.528564453125,4,2.0,73534.578125,117075.25,4,0,7876.287109375,0.0,111647.5703125,0.0,0.0,0.0,0.0,0.0,-1659.2568359375,0.0,1659.2578125,0.0,-1872.00048828125,0.0,1872.0,0.0,2544.00048828125,0.0,-2544.0,0.0,0.0,0.0,0.0,0.0,-2800.0,0.0,2800.0,0.0,0.0,0.0,0.0,0.0,-1062.994140625,0.0,1062.9921875,0.0,0.0,0.0,0.0,0.0,0.0,0.0,0.0,0.0,0.0,0.0,0.0,0.0,-240.0,0.0,240.0,0.0,0.0,0.0,0.0,0.0,0.0,0.0,0.0,0.0,0.0,0.0,0.0,0.0,0.0,0.0,0.0,0.0,-256.74169921875,0.0,256.7421875,0.0,0.0,0.0,0.0,0.0,0.0,0.0,0.0,0.0,0.0,0.0,0.0,0.0,0.0,0.0,0.0,0.0,0.0,0.0,0.0,0.0,2529.29443359375,0.0,116994.5625,0.0,-5346.99267578125,0.0,5346.9921875,0.0,-67.8872240375395,0.0,4.789170265197754,0.0,TX
8150026,TX,4835,6.449914455413818,2,0.0,0.0,343886.40625,2,0,73888.453125,0.0,397756.3125,44181.8671875,0.0,0.0,0.0,44181.8671875,0.0,0.0,0.0,0.0,0.0,0.0,0.0,0.0,0.0,0.0,0.0,0.0,0.0,0.0,0.0,0.0,0.0,0.0,0.0,0.0,0.0,0.0,0.0,0.0,0.0,0.0,0.0,0.0,-17350.140625,0.0,17350.15625,0.0,0.0,0.0,0.0,0.0,0.0,0.0,0.0,0.0,0.0,0.0,0.0,0.0,0.0,0.0,0.0,0.0,0.0,0.0,0.0,0.0,0.0,0.0,0.0,0.0,0.0,0.0,0.0,0.0,0.0,0.0,0.0,0.0,-88.03515625,0.0,88.03125,0.0,0.0,0.0,0.0,0.0,0.0,0.0,0.0,0.0,0.0,0.0,0.0,0.0,0.0,0.0,0.0,0.0,56450.27734375,0.0,415194.5,44181.8671875,-17438.17578125,0.0,17438.1875,0.0,-23.600677837644202,0.0,4.384138584136963,0.0,TX
8150027,TX,4835,357.7815246582031,1,0.0,0.0,24094.314453125,1,0,844.4314575195312,0.0,25385.208984375,2129.486328125,0.0,0.0,0.0,2129.486328125,0.0,0.0,0.0,0.0,-780.0000152587891,0.0,780.0,0.0,530.0000152587891,0.0,-530.0,0.0,0.0,0.0,0.0,0.0,0.0,0.0,0.0,0.0,0.0,0.0,0.0,0.0,-500.00001525878906,0.0,500.0,0.0,0.0,0.0,0.0,0.0,0.0,0.0,0.0,0.0,0.0,0.0,0.0,0.0,0.0,0.0,0.0,0.0,0.0,0.0,0.0,0.0,0.0,0.0,0.0,0.0,0.0,0.0,0.0,0.0,0.0,0.0,0.0,0.0,0.0,0.0,0.0,0.0,-94.43144226074219,0.0,94.431640625,0.0,0.0,0.0,0.0,0.0,0.0,0.0,0.0,0.0,0.0,0.0,0.0,0.0,0.0,0.0,0.0,0.0,0.0,0.0,26229.640625,2129.486328125,-844.4314575195312,0.0,844.431640625,0.0,-100.0,0.0,3.3264710903167725,0.0,TX
8150028,TX,4835,0.8659157156944275,3,0.0,300391.015625,300402.625,3,0,61413.46484375,0.0,260599.65625,0.0,20223.16015625,0.0,0.0,20223.16015625,0.0,0.0,0.0,0.0,0.0,0.0,0.0,0.0,0.0,0.0,0.0,0.0,0.0,0.0,0.0,0.0,0.0,0.0,0.0,0.0,0.0,0.0,0.0,0.0,0.0,0.0,0.0,0.0,-11848.39453125,0.0,11848.40625,0.0,0.0,0.0,0.0,0.0,0.0,0.0,0.0,0.0,0.0,0.0,0.0,0.0,0.0,0.0,0.0,0.0,0.0,0.0,0.0,0.0,0.0,0.0,0.0,0.0,0.0,0.0,0.0,0.0,0.0,0.0,0.0,0.0,0.0,0.0,0.0,0.0,0.0,0.0,0.0,0.0,0.0,0.0,0.0,0.0,0.0,0.0,0.0,0.0,0.0,0.0,0.0,0.0,49565.0703125,0.0,272448.0625,20223.16015625,-11848.39453125,0.0,11848.40625,0.0,-19.29282863521061,0.0,4.546593189239502,0.0,TX
8150029,TX,4835,170.45880126953125,1,0.0,261730.671875,286087.5,1,0,68228.1484375,0.0,217116.28125,0.0,0.0,0.0,0.0,0.0,0.0,0.0,0.0,0.0,0.0,0.0,0.0,0.0,0.0,0.0,0.0,0.0,0.0,0.0,0.0,0.0,0.0,0.0,0.0,0.0,0.0,0.0,0.0,0.0,0.0,0.0,0.0,0.0,-4786.890625,0.0,4786.875,0.0,0.0,0.0,0.0,0.0,0.0,0.0,0.0,0.0,0.0,0.0,0.0,0.0,0.0,0.0,0.0,0.0,0.0,0.0,0.0,0.0,0.0,0.0,0.0,0.0,0.0,0.0,0.0,0.0,0.0,0.0,0.0,0.0,0.0,0.0,0.0,0.0,0.0,0.0,0.0,0.0,0.0,0.0,0.0,0.0,0.0,0.0,0.0,0.0,0.0,0.0,0.0,0.0,63441.2578125,0.0,221903.15625,0.0,-4786.890625,0.0,4786.875,0.0,-7.01600546786786,0.0,2.20475172996521,0.0,TX
8150030,TX,4835,5.647475242614746,1,0.0,0.0,0.0,1,0,0.0,0.0,37230.72265625,21732.84375,0.0,0.0,0.0,21732.84375,0.0,0.0,0.0,0.0,0.0,0.0,0.0,0.0,0.0,0.0,0.0,0.0,0.0,0.0,0.0,0.0,0.0,0.0,0.0,0.0,0.0,0.0,0.0,0.0,0.0,0.0,0.0,0.0,0.0,0.0,0.0,0.0,0.0,0.0,0.0,0.0,0.0,0.0,0.0,0.0,0.0,0.0,0.0,0.0,0.0,0.0,0.0,0.0,0.0,0.0,0.0,0.0,0.0,0.0,0.0,0.0,0.0,0.0,0.0,0.0,0.0,0.0,0.0,0.0,0.0,0.0,0.0,0.0,0.0,0.0,0.0,0.0,0.0,0.0,0.0,0.0,0.0,0.0,0.0,0.0,0.0,0.0,0.0,0.0,0.0,0.0,37230.72265625,21732.84375,0.0,0.0,0.0,0.0,0.0,0.0,0.0,0.0,TX
8150031,TX,4835,916.285400390625,4,2.0,554795.0625,554865.6875,4,0,150485.015625,0.0,384795.3125,0.0,0.0,0.0,0.0,0.0,0.0,0.0,0.0,0.0,0.0,0.0,0.0,0.0,0.0,0.0,0.0,0.0,0.0,0.0,0.0,0.0,0.0,0.0,0.0,0.0,0.0,0.0,0.0,0.0,0.0,0.0,0.0,0.0,-30010.9453125,0.0,30010.9375,0.0,0.0,0.0,0.0,0.0,0.0,0.0,0.0,0.0,-700.0,0.0,700.0,0.0,0.0,0.0,0.0,0.0,0.0,0.0,0.0,0.0,0.0,0.0,0.0,0.0,0.0,0.0,0.0,0.0,0.0,0.0,0.0,0.0,0.0,0.0,0.0,0.0,0.0,0.0,0.0,0.0,0.0,0.0,0.0,0.0,0.0,0.0,0.0,0.0,0.0,0.0,0.0,0.0,119774.0703125,0.0,415506.25,0.0,-30710.9453125,0.0,30710.9375,0.0,-20.407975627972096,0.0,7.981110572814941,0.0,TX
8150032,TX,4835,572.51806640625,2,0.0,156233.1015625,173511.9921875,2,0,28478.69677734375,0.0,136336.46875,0.0,0.0,0.0,0.0,0.0,-3563.04248046875,0.0,3563.046875,0.0,-2807.9998779296875,0.0,2808.0,0.0,1908.0,0.0,-1908.0,0.0,0.0,0.0,0.0,0.0,0.0,0.0,0.0,0.0,0.0,0.0,0.0,0.0,-1200.0,0.0,1200.0,0.0,0.0,0.0,0.0,0.0,0.0,0.0,0.0,0.0,0.0,0.0,0.0,0.0,0.0,0.0,0.0,0.0,0.0,0.0,0.0,0.0,0.0,0.0,0.0,0.0,0.0,0.0,0.0,0.0,0.0,0.0,0.0,0.0,0.0,0.0,0.0,0.0,0.0,0.0,0.0,0.0,0.0,0.0,0.0,0.0,0.0,0.0,0.0,0.0,0.0,0.0,0.0,0.0,0.0,0.0,0.0,0.0,22815.654418945312,0.0,141999.515625,0.0,-5663.0423583984375,0.0,5663.046875,0.0,-19.885187874550763,0.0,4.153728485107422,0.0,TX
8150033,TX,4835,2.356088876724243,4,2.0,315505.15625,315772.78125,4,0,65809.875,0.0,266268.40625,0.0,0.0,0.0,0.0,0.0,0.0,0.0,0.0,0.0,0.0,0.0,0.0,0.0,0.0,0.0,0.0,0.0,0.0,0.0,0.0,0.0,-4400.0,0.0,4400.0,0.0,0.0,0.0,0.0,0.0,0.0,0.0,0.0,0.0,-12550.890625,0.0,12550.90625,0.0,0.0,0.0,0.0,0.0,0.0,0.0,0.0,0.0,0.0,0.0,0.0,0.0,0.0,0.0,0.0,0.0,0.0,0.0,0.0,0.0,0.0,0.0,0.0,0.0,0.0,0.0,0.0,0.0,0.0,0.0,0.0,0.0,0.0,0.0,0.0,0.0,0.0,0.0,0.0,0.0,0.0,0.0,0.0,0.0,0.0,0.0,0.0,0.0,0.0,0.0,0.0,0.0,48858.984375,0.0,283219.3125,0.0,-16950.890625,0.0,16950.90625,0.0,-25.75736639068225,0.0,6.3660969734191895,0.0,TX
8150034,TX,4835,0.8513793349266052,3,1.0,109357.77734375,110350.5,2,1,8997.86328125,0.0,95595.484375,0.0,0.0,0.0,0.0,0.0,-1513.5732421875,0.0,1513.578125,0.0,-1460.22998046875,0.0,1460.2265625,0.0,1907.99951171875,0.0,-1908.0,0.0,0.0,0.0,0.0,0.0,-1250.0,0.0,1250.0,0.0,0.0,0.0,0.0,0.0,0.0,0.0,0.0,0.0,0.0,0.0,0.0,0.0,0.0,0.0,0.0,0.0,0.0,0.0,0.0,0.0,-240.0,0.0,240.0,0.0,0.0,0.0,0.0,0.0,0.0,0.0,0.0,0.0,0.0,0.0,0.0,0.0,0.0,0.0,0.0,0.0,0.0,0.0,0.0,0.0,0.0,0.0,0.0,0.0,0.0,0.0,0.0,0.0,0.0,0.0,0.0,0.0,0.0,0.0,0.0,0.0,0.0,0.0,0.0,0.0,6442.0595703125,0.0,98151.2890625,0.0,-2555.8037109375,0.0,2555.8046875,0.0,-28.404562628367064,0.0,2.6735620498657227,0.0,TX
8150035,TX,4835,0.7993563413619995,4,2.0,334279.86767578125,325069.875,4,0,61618.4140625,0.0,268683.5,0.0,0.0,0.0,0.0,0.0,0.0,0.0,0.0,0.0,0.0,0.0,0.0,0.0,0.0,0.0,0.0,0.0,0.0,0.0,0.0,0.0,-4400.0,0.0,4400.0,0.0,0.0,0.0,0.0,0.0,0.0,0.0,0.0,0.0,-7786.19921875,0.0,7786.1875,0.0,0.0,0.0,0.0,0.0,0.0,0.0,0.0,0.0,0.0,0.0,0.0,0.0,0.0,0.0,0.0,0.0,0.0,0.0,0.0,0.0,0.0,0.0,0.0,0.0,0.0,0.0,0.0,0.0,0.0,0.0,0.0,0.0,0.0,0.0,0.0,0.0,0.0,0.0,0.0,0.0,0.0,0.0,0.0,0.0,0.0,0.0,0.0,0.0,0.0,0.0,0.0,0.0,49432.21484375,0.0,280869.6875,0.0,-12186.19921875,0.0,12186.1875,0.0,-19.776879045263076,0.0,4.535517692565918,0.0,TX
8150036,TX,4835,0.13534323871135712,2,0.0,582556.9921875,583730.5,2,0,158152.34375,0.0,407150.625,0.0,0.0,0.0,0.0,0.0,0.0,0.0,0.0,0.0,0.0,0.0,0.0,0.0,0.0,0.0,0.0,0.0,0.0,0.0,0.0,0.0,0.0,0.0,0.0,0.0,0.0,0.0,0.0,0.0,0.0,0.0,0.0,0.0,-27564.6015625,0.0,27564.625,0.0,0.0,0.0,0.0,0.0,0.0,0.0,0.0,0.0,0.0,0.0,0.0,0.0,0.0,0.0,0.0,0.0,0.0,0.0,0.0,0.0,0.0,0.0,0.0,0.0,0.0,0.0,0.0,0.0,0.0,0.0,0.0,0.0,0.0,0.0,0.0,0.0,0.0,0.0,0.0,0.0,0.0,0.0,0.0,0.0,0.0,0.0,0.0,0.0,0.0,0.0,0.0,0.0,130587.7421875,0.0,434715.25,0.0,-27564.6015625,0.0,27564.625,0.0,-17.42914515770494,0.0,6.770129680633545,0.0,TX
8150037,TX,4835,198.53335571289062,2,0.0,0.0,4.136350989341736,2,0,0.0,0.0,50076.92578125,9624.521484375,40446.3203125,0.0,0.0,50070.841796875,0.0,0.0,0.0,0.0,0.0,0.0,0.0,0.0,0.0,0.0,0.0,0.0,0.0,0.0,0.0,0.0,0.0,0.0,0.0,0.0,0.0,0.0,0.0,0.0,0.0,0.0,0.0,0.0,0.0,0.0,0.0,0.0,0.0,0.0,0.0,0.0,0.0,0.0,0.0,0.0,0.0,0.0,0.0,0.0,0.0,0.0,0.0,0.0,0.0,0.0,0.0,0.0,0.0,0.0,0.0,0.0,0.0,0.0,0.0,0.0,0.0,0.0,0.0,0.0,0.0,0.0,0.0,0.0,0.0,0.0,0.0,0.0,0.0,0.0,0.0,0.0,0.0,0.0,0.0,0.0,0.0,0.0,0.0,0.0,0.0,0.0,50076.92578125,50070.841796875,0.0,0.0,0.0,0.0,0.0,0.0,0.0,0.0,TX
8150038,TX,4835,0.15506434440612793,2,0.0,90393.501953125,197537.109375,2,0,30684.27734375,0.0,253144.3125,33552.7578125,0.0,0.0,0.0,33552.7578125,-4512.11328125,0.0,4512.109375,0.0,-3360.515625,0.0,3360.515625,0.0,2260.515625,0.0,-2260.515625,0.0,0.0,0.0,0.0,0.0,0.0,0.0,0.0,0.0,0.0,0.0,0.0,0.0,0.0,0.0,0.0,0.0,0.0,0.0,0.0,0.0,0.0,0.0,0.0,0.0,0.0,0.0,0.0,0.0,0.0,0.0,0.0,0.0,0.0,0.0,0.0,0.0,0.0,0.0,0.0,0.0,0.0,0.0,0.0,0.0,0.0,0.0,0.0,0.0,0.0,0.0,0.0,0.0,-2012.5078125,0.0,2012.5,0.0,-271.0859375,0.0,271.09375,0.0,0.0,0.0,0.0,0.0,0.0,0.0,0.0,0.0,0.0,0.0,0.0,0.0,22788.5703125,0.0,261040.015625,33552.7578125,-7895.70703125,0.0,7895.703125,0.0,-25.73209381076806,0.0,3.1190521717071533,0.0,TX
8150039,TX,4835,0.12046312540769577,1,0.0,38006.33203125,39329.96484375,1,0,3251.99462890625,0.0,37599.2890625,0.0,0.0,0.0,0.0,0.0,-412.39892578125,0.0,412.3984375,0.0,-935.9998779296875,0.0,936.0,0.0,635.9998779296875,0.0,-636.0,0.0,0.0,0.0,0.0,0.0,0.0,0.0,0.0,0.0,0.0,0.0,0.0,0.0,0.0,0.0,0.0,0.0,0.0,0.0,0.0,0.0,0.0,0.0,0.0,0.0,0.0,0.0,0.0,0.0,0.0,0.0,0.0,0.0,0.0,0.0,0.0,0.0,0.0,0.0,0.0,0.0,0.0,0.0,0.0,0.0,0.0,0.0,0.0,0.0,0.0,0.0,0.0,0.0,0.0,0.0,0.0,0.0,0.0,0.0,0.0,0.0,0.0,0.0,0.0,0.0,0.0,0.0,0.0,0.0,0.0,0.0,0.0,0.0,2539.595703125,0.0,38311.6875,0.0,-712.39892578125,0.0,712.3984375,0.0,-21.906522214055826,0.0,1.8947124481201172,0.0,TX
8150040,TX,4835,0.21558107435703278,3,1.0,92225.6796875,92247.1875,3,0,6747.078125,0.0,84952.6484375,0.0,0.0,0.0,0.0,0.0,-1073.41552734375,0.0,1073.4140625,0.0,-1872.0,0.0,1872.0,0.0,1908.0,0.0,-1908.0,0.0,0.0,0.0,0.0,0.0,-1200.0,0.0,1200.0,0.0,0.0,0.0,0.0,0.0,0.0,0.0,0.0,0.0,0.0,0.0,0.0,0.0,0.0,0.0,0.0,0.0,0.0,0.0,0.0,0.0,-240.0,0.0,240.0,0.0,0.0,0.0,0.0,0.0,0.0,0.0,0.0,0.0,0.0,0.0,0.0,0.0,0.0,0.0,0.0,0.0,0.0,0.0,0.0,0.0,0.0,0.0,0.0,0.0,0.0,0.0,0.0,0.0,0.0,0.0,0.0,0.0,0.0,0.0,0.0,0.0,0.0,0.0,0.0,0.0,4269.66259765625,0.0,87430.0625,0.0,-2477.41552734375,0.0,2477.4140625,0.0,-36.718346541211126,0.0,2.916229248046875,0.0,TX
8150041,TX,4835,62.716007232666016,1,0.0,4065.07958984375,4065.07958984375,0,1,0.0,0.0,10245.80859375,6491.70751953125,0.0,0.0,0.0,6491.70751953125,0.0,0.0,0.0,0.0,0.0,0.0,0.0,0.0,0.0,0.0,0.0,0.0,0.0,0.0,0.0,0.0,0.0,0.0,0.0,0.0,0.0,0.0,0.0,0.0,0.0,0.0,0.0,0.0,0.0,0.0,0.0,0.0,0.0,0.0,0.0,0.0,0.0,0.0,0.0,0.0,0.0,0.0,0.0,0.0,0.0,0.0,0.0,0.0,0.0,0.0,0.0,0.0,0.0,0.0,0.0,0.0,0.0,0.0,0.0,0.0,0.0,0.0,0.0,0.0,0.0,0.0,0.0,0.0,0.0,0.0,0.0,0.0,0.0,0.0,0.0,0.0,0.0,0.0,0.0,0.0,0.0,0.0,0.0,0.0,0.0,0.0,10245.80859375,6491.70751953125,0.0,0.0,0.0,0.0,0.0,0.0,0.0,0.0,TX
8150042,TX,4835,63.38325119018555,3,1.0,0.0,8.27270221710205,3,0,0.0,0.0,17183.115234375,1130.9622802734375,15774.64111328125,0.0,0.0,16905.603393554688,0.0,0.0,0.0,0.0,0.0,0.0,0.0,0.0,0.0,0.0,0.0,0.0,0.0,0.0,0.0,0.0,0.0,0.0,0.0,0.0,0.0,0.0,0.0,0.0,0.0,0.0,0.0,0.0,0.0,0.0,0.0,0.0,0.0,0.0,0.0,0.0,0.0,0.0,0.0,0.0,0.0,0.0,0.0,0.0,0.0,0.0,0.0,0.0,0.0,0.0,0.0,0.0,0.0,0.0,0.0,0.0,0.0,0.0,0.0,0.0,0.0,0.0,0.0,0.0,0.0,0.0,0.0,0.0,0.0,0.0,0.0,0.0,0.0,0.0,0.0,0.0,0.0,0.0,0.0,0.0,0.0,0.0,0.0,0.0,0.0,0.0,17183.115234375,16905.603393554688,0.0,0.0,0.0,0.0,0.0,0.0,0.0,0.0,TX
8150043,TX,4835,0.10674421489238739,3,1.0,266291.97265625,314410.125,3,0,63316.54296875,0.0,283260.96875,0.0,0.0,0.0,0.0,0.0,0.0,0.0,0.0,0.0,0.0,0.0,0.0,0.0,0.0,0.0,0.0,0.0,0.0,0.0,0.0,0.0,-2200.0,0.0,2200.0,0.0,0.0,0.0,0.0,0.0,0.0,0.0,0.0,0.0,-9162.0859375,0.0,9162.09375,0.0,0.0,0.0,0.0,0.0,0.0,0.0,0.0,0.0,0.0,0.0,0.0,0.0,0.0,0.0,0.0,0.0,0.0,0.0,0.0,0.0,0.0,0.0,0.0,0.0,0.0,0.0,0.0,0.0,0.0,0.0,0.0,0.0,0.0,0.0,0.0,0.0,0.0,0.0,0.0,0.0,0.0,0.0,0.0,0.0,0.0,0.0,0.0,0.0,0.0,0.0,0.0,0.0,51954.45703125,0.0,294623.0625,0.0,-11362.0859375,0.0,11362.09375,0.0,-17.9448930796929,0.0,4.011175155639648,0.0,TX
8150044,TX,4835,0.1515994518995285,6,3.9999999999999996,232694.390625,232715.90625,6,0,35015.203125,0.0,188207.875,0.0,0.0,0.0,0.0,0.0,-657.25,0.0,657.25,0.0,0.0,0.0,0.0,0.0,657.25,0.0,-657.25,0.0,0.0,0.0,0.0,0.0,-8800.000000000004,0.0,8800.0,0.0,0.0,0.0,0.0,0.0,0.0,0.0,0.0,0.0,-1477.7031249999927,0.0,1477.71875,0.0,0.0,0.0,0.0,0.0,0.0,0.0,0.0,0.0,-381.46875000000364,0.0,381.46875,0.0,0.0,0.0,0.0,0.0,0.0,0.0,0.0,0.0,0.0,0.0,0.0,0.0,0.0,0.0,0.0,0.0,0.0,0.0,0.0,0.0,0.0,0.0,0.0,0.0,0.0,0.0,0.0,0.0,0.0,0.0,0.0,0.0,0.0,0.0,0.0,0.0,0.0,0.0,0.0,0.0,24356.03125,0.0,198867.0625,0.0,-10659.171875,0.0,10659.1875,0.0,-30.441553735810295,0.0,5.66351842880249,0.0,TX
8150045,TX,4835,0.10506772994995117,1,0.0,156795.9375,210060.046875,0,1,54051.73046875,0.0,140709.21875,0.0,0.0,0.0,0.0,0.0,0.0,0.0,0.0,0.0,0.0,0.0,0.0,0.0,0.0,0.0,0.0,0.0,0.0,0.0,0.0,0.0,0.0,0.0,0.0,0.0,0.0,0.0,0.0,0.0,-4153.95703125,0.0,4153.96875,0.0,-13305.33203125,0.0,13305.328125,0.0,0.0,0.0,0.0,0.0,0.0,0.0,0.0,0.0,0.0,0.0,0.0,0.0,0.0,0.0,0.0,0.0,0.0,0.0,0.0,0.0,0.0,0.0,0.0,0.0,0.0,0.0,0.0,0.0,0.0,0.0,0.0,0.0,0.0,0.0,0.0,0.0,0.0,0.0,0.0,0.0,0.0,0.0,0.0,0.0,0.0,0.0,0.0,0.0,0.0,0.0,0.0,0.0,36592.44140625,0.0,158168.515625,0.0,-17459.2890625,0.0,17459.296875,0.0,-32.30107327015938,0.0,12.408068656921387,0.0,TX
8150046,TX,4835,0.12448834627866745,2,0.0,473309.328125,533735.734375,2,0,127653.38671875,0.0,428286.5625,0.0,0.0,0.0,0.0,0.0,-4825.1171875,0.0,4825.125,0.0,0.0,0.0,0.0,0.0,0.0,0.0,0.0,0.0,0.0,0.0,0.0,0.0,0.0,0.0,0.0,0.0,0.0,0.0,0.0,0.0,-1400.0,0.0,1400.0,0.0,-7118.99609375,0.0,7119.0,0.0,0.0,0.0,0.0,0.0,0.0,0.0,0.0,0.0,0.0,0.0,0.0,0.0,-32.2109375,0.0,32.21875,0.0,0.0,0.0,0.0,0.0,0.0,0.0,0.0,0.0,0.0,0.0,0.0,0.0,0.0,0.0,0.0,0.0,0.0,0.0,0.0,0.0,0.0,0.0,0.0,0.0,0.0,0.0,0.0,0.0,0.0,0.0,0.0,0.0,0.0,0.0,0.0,0.0,114277.0625,0.0,441662.90625,0.0,-13376.32421875,0.0,13376.34375,0.0,-10.478628544514173,0.0,3.123222827911377,0.0,TX
8150047,TX,4835,84.35133361816406,2,0.0,8724.685546875,8793.146725654602,1,1,0.0,0.0,11020.5986328125,0.0,0.0,0.0,0.0,0.0,0.0,0.0,0.0,0.0,0.0,0.0,0.0,0.0,0.0,0.0,0.0,0.0,0.0,0.0,0.0,0.0,0.0,0.0,0.0,0.0,0.0,0.0,0.0,0.0,0.0,0.0,0.0,0.0,0.0,0.0,0.0,0.0,0.0,0.0,0.0,0.0,0.0,0.0,0.0,0.0,0.0,0.0,0.0,0.0,0.0,0.0,0.0,0.0,0.0,0.0,0.0,0.0,0.0,0.0,0.0,0.0,0.0,0.0,0.0,0.0,0.0,0.0,0.0,0.0,0.0,0.0,0.0,0.0,0.0,0.0,0.0,0.0,0.0,0.0,0.0,0.0,0.0,0.0,0.0,0.0,0.0,0.0,0.0,0.0,0.0,0.0,11020.5986328125,0.0,0.0,0.0,0.0,0.0,0.0,0.0,0.0,0.0,TX
8150048,TX,4835,0.09251222759485245,2,0.0,211877.1953125,215185.875,2,0,35921.46875,0.0,178188.1875,0.0,0.0,0.0,0.0,0.0,-5140.576171875,0.0,5140.578125,0.0,-2602.400390625,0.0,2602.40625,0.0,1502.400390625,0.0,-1502.40625,0.0,0.0,0.0,0.0,0.0,0.0,0.0,0.0,0.0,0.0,0.0,0.0,0.0,-1100.0,0.0,1100.0,0.0,0.0,0.0,0.0,0.0,0.0,0.0,0.0,0.0,0.0,0.0,0.0,0.0,-440.0,0.0,440.0,0.0,0.0,0.0,0.0,0.0,0.0,0.0,0.0,0.0,0.0,0.0,0.0,0.0,0.0,0.0,0.0,0.0,0.0,0.0,0.0,0.0,0.0,0.0,0.0,0.0,0.0,0.0,0.0,0.0,0.0,0.0,0.0,0.0,0.0,0.0,0.0,0.0,0.0,0.0,0.0,0.0,28140.892578125,0.0,185968.765625,0.0,-7780.576171875,0.0,7780.578125,0.0,-21.659961139186436,0.0,4.366495132446289,0.0,TX
8150049,TX,4835,627.6666259765625,2,0.0,0.0,0.8272702097892761,2,0,0.0,0.0,80120.84375,30976.66015625,40446.3203125,0.0,0.0,71422.98046875,0.0,0.0,0.0,0.0,0.0,0.0,0.0,0.0,0.0,0.0,0.0,0.0,0.0,0.0,0.0,0.0,0.0,0.0,0.0,0.0,0.0,0.0,0.0,0.0,0.0,0.0,0.0,0.0,0.0,0.0,0.0,0.0,0.0,0.0,0.0,0.0,0.0,0.0,0.0,0.0,0.0,0.0,0.0,0.0,0.0,0.0,0.0,0.0,0.0,0.0,0.0,0.0,0.0,0.0,0.0,0.0,0.0,0.0,0.0,0.0,0.0,0.0,0.0,0.0,0.0,0.0,0.0,0.0,0.0,0.0,0.0,0.0,0.0,0.0,-3110.21875,-3110.216796875,0.0,0.0,0.0,0.0,0.0,0.0,0.0,0.0,0.0,0.0,77010.625,68312.763671875,0.0,0.0,-3110.21875,-3110.216796875,0.0,0.0,-3.8819096088409424,-4.354644368608821,TX
8150050,TX,4835,0.12440090626478195,4,0.0,160431.90625,167314.8125,4,0,14395.86328125,0.0,171961.0625,129.70445251464844,0.0,9739.61572265625,0.0,9869.320175170898,-1927.17236328125,0.0,1927.171875,0.0,-3475.5322265625,0.0,3475.53125,0.0,2392.0474853515625,0.0,-2392.046875,0.0,0.0,0.0,0.0,0.0,0.0,0.0,0.0,0.0,0.0,0.0,0.0,0.0,0.0,0.0,0.0,0.0,0.0,0.0,0.0,0.0,0.0,0.0,0.0,0.0,0.0,0.0,0.0,0.0,0.0,0.0,0.0,0.0,0.0,0.0,0.0,0.0,0.0,0.0,0.0,0.0,0.0,0.0,0.0,0.0,0.0,0.0,0.0,0.0,0.0,0.0,0.0,0.0,0.0,0.0,0.0,0.0,0.0,0.0,0.0,0.0,0.0,0.0,0.0,0.0,0.0,0.0,0.0,0.0,0.0,0.0,0.0,0.0,11385.206176757812,0.0,174971.71875,9869.320175170898,-3010.6571044921875,0.0,3010.65625,0.0,-20.913348825793868,0.0,1.7507778406143188,0.0,TX
8150051,TX,4835,110.60762023925781,1,0.0,0.0,421.90777587890625,1,0,0.0,0.0,44627.47265625,23080.142578125,0.0,0.0,0.0,23080.142578125,0.0,0.0,0.0,0.0,0.0,0.0,0.0,0.0,0.0,0.0,0.0,0.0,0.0,0.0,0.0,0.0,0.0,0.0,0.0,0.0,0.0,0.0,0.0,0.0,0.0,0.0,0.0,0.0,0.0,0.0,0.0,0.0,0.0,0.0,0.0,0.0,0.0,0.0,0.0,0.0,0.0,0.0,0.0,0.0,0.0,0.0,0.0,0.0,0.0,0.0,0.0,0.0,0.0,0.0,0.0,0.0,0.0,0.0,0.0,0.0,0.0,0.0,0.0,0.0,0.0,0.0,0.0,0.0,0.0,0.0,0.0,0.0,0.0,0.0,0.0,0.0,0.0,0.0,0.0,0.0,0.0,0.0,0.0,0.0,0.0,0.0,44627.47265625,23080.142578125,0.0,0.0,0.0,0.0,0.0,0.0,0.0,0.0,TX
8150052,TX,4835,253.6859893798828,1,0.0,0.0,0.0,1,0,0.0,0.0,43478.33984375,23255.1796875,20223.16015625,0.0,0.0,43478.33984375,0.0,0.0,0.0,0.0,0.0,0.0,0.0,0.0,0.0,0.0,0.0,0.0,0.0,0.0,0.0,0.0,0.0,0.0,0.0,0.0,0.0,0.0,0.0,0.0,0.0,0.0,0.0,0.0,0.0,0.0,0.0,0.0,0.0,0.0,0.0,0.0,0.0,0.0,0.0,0.0,0.0,0.0,0.0,0.0,0.0,0.0,0.0,0.0,0.0,0.0,0.0,0.0,0.0,0.0,0.0,0.0,0.0,0.0,0.0,0.0,0.0,0.0,0.0,0.0,0.0,0.0,0.0,0.0,0.0,0.0,0.0,0.0,0.0,0.0,0.0,0.0,0.0,0.0,0.0,0.0,0.0,0.0,0.0,0.0,0.0,0.0,43478.33984375,43478.33984375,0.0,0.0,0.0,0.0,0.0,0.0,0.0,0.0,TX
8150053,TX,4835,0.10887986421585083,2,0.0,142779.81640625,143271.21875,2,0,17942.8046875,0.0,146042.5625,0.0,0.0,0.0,0.0,0.0,-2983.13671875,0.0,2983.140625,0.0,-3399.1220703125,0.0,3399.125,0.0,2299.1220703125,0.0,-2299.125,0.0,0.0,0.0,0.0,0.0,0.0,0.0,0.0,0.0,0.0,0.0,0.0,0.0,-3.021484375,0.0,3.03125,0.0,0.0,0.0,0.0,0.0,0.0,0.0,0.0,0.0,0.0,0.0,0.0,0.0,0.0,0.0,0.0,0.0,0.0,0.0,0.0,0.0,0.0,0.0,0.0,0.0,0.0,0.0,0.0,0.0,0.0,0.0,0.0,0.0,0.0,0.0,0.0,0.0,0.0,0.0,0.0,0.0,-344.798828125,0.0,344.796875,0.0,0.0,0.0,0.0,0.0,0.0,0.0,0.0,0.0,0.0,0.0,0.0,0.0,13511.84765625,0.0,150473.53125,0.0,-4430.95703125,0.0,4430.96875,0.0,-24.69489641347354,0.0,3.0340256690979004,0.0,TX
8150054,TX,4835,0.2455141544342041,4,2.0,160972.65625,207914.90625,0,4,29615.138671875,0.0,201157.921875,0.0,0.0,0.0,0.0,0.0,-4381.025390625,0.0,4381.015625,0.0,0.0,0.0,0.0,0.0,2836.306640625,0.0,-2836.296875,0.0,0.0,0.0,0.0,0.0,0.0,0.0,0.0,0.0,0.0,0.0,0.0,0.0,0.0,0.0,0.0,0.0,0.0,0.0,0.0,0.0,0.0,0.0,0.0,0.0,0.0,0.0,0.0,0.0,0.0,0.0,0.0,0.0,0.0,0.0,0.0,0.0,0.0,0.0,0.0,0.0,0.0,0.0,0.0,0.0,0.0,0.0,0.0,0.0,0.0,0.0,0.0,0.0,0.0,0.0,0.0,0.0,-456.494140625,0.0,456.484375,0.0,0.0,0.0,0.0,0.0,0.0,0.0,0.0,0.0,0.0,0.0,0.0,0.0,27613.92578125,0.0,203159.125,0.0,-2001.212890625,0.0,2001.203125,0.0,-6.757398345480375,0.0,0.9948418736457825,0.0,TX
8150055,TX,4835,0.16124744713306427,4,2.0,380870.984375,475091.90625,3,1,119221.828125,0.0,339531.53125,0.0,0.0,0.0,0.0,0.0,0.0,0.0,0.0,0.0,0.0,0.0,0.0,0.0,0.0,0.0,0.0,0.0,0.0,0.0,0.0,0.0,0.0,0.0,0.0,0.0,0.0,0.0,0.0,0.0,-5337.359375,0.0,5337.34375,0.0,-29864.0859375,0.0,29864.09375,0.0,0.0,0.0,0.0,0.0,0.0,0.0,0.0,0.0,0.0,0.0,0.0,0.0,-645.53125,0.0,645.53125,0.0,0.0,0.0,0.0,0.0,0.0,0.0,0.0,0.0,0.0,0.0,0.0,0.0,0.0,0.0,0.0,0.0,0.0,0.0,0.0,0.0,0.0,0.0,0.0,0.0,0.0,0.0,0.0,0.0,0.0,0.0,0.0,0.0,0.0,0.0,0.0,0.0,83374.8515625,0.0,375378.5,0.0,-35846.9765625,0.0,35846.96875,0.0,-30.06746090566207,0.0,10.557772636413574,0.0,TX
8150056,TX,4835,0.1867218166589737,4,1.0,155045.775390625,156394.939453125,4,0,13693.181823730469,0.0,149409.0625,0.0,0.0,0.0,0.0,0.0,-2209.3466796875,0.0,2209.34375,0.0,-982.7130737304688,0.0,982.71875,0.0,2656.8839836120605,0.0,-2656.875,0.0,0.0,0.0,0.0,0.0,-2200.0,0.0,2200.0,0.0,0.0,0.0,0.0,0.0,0.0,0.0,0.0,0.0,0.0,0.0,0.0,0.0,0.0,0.0,0.0,0.0,0.0,0.0,0.0,0.0,-231.2578125,0.0,231.25,0.0,0.0,0.0,0.0,0.0,0.0,0.0,0.0,0.0,0.0,0.0,0.0,0.0,0.0,0.0,0.0,0.0,0.0,0.0,0.0,0.0,0.0,0.0,0.0,0.0,0.0,0.0,0.0,0.0,0.0,0.0,0.0,0.0,0.0,0.0,0.0,0.0,0.0,0.0,0.0,0.0,10726.74824142456,0.0,152375.5,0.0,-2966.433582305908,0.0,2966.4375,0.0,-21.663581339181803,0.0,1.9854469299316406,0.0,TX
8150057,TX,4835,654.1239624023438,2,0.0,0.0,0.0,2,0,0.0,0.0,47035.0390625,6588.7177734375,40446.3203125,0.0,0.0,47035.0380859375,0.0,0.0,0.0,0.0,0.0,0.0,0.0,0.0,0.0,0.0,0.0,0.0,0.0,0.0,0.0,0.0,0.0,0.0,0.0,0.0,0.0,0.0,0.0,0.0,0.0,0.0,0.0,0.0,0.0,0.0,0.0,0.0,0.0,0.0,0.0,0.0,0.0,0.0,0.0,0.0,0.0,0.0,0.0,0.0,0.0,0.0,0.0,0.0,0.0,0.0,0.0,0.0,0.0,0.0,0.0,0.0,0.0,0.0,0.0,0.0,0.0,0.0,0.0,0.0,0.0,0.0,0.0,0.0,0.0,0.0,0.0,0.0,0.0,0.0,0.0,0.0,0.0,0.0,0.0,0.0,0.0,0.0,0.0,0.0,0.0,0.0,47035.0390625,47035.0380859375,0.0,0.0,0.0,0.0,0.0,0.0,0.0,0.0,TX
8150058,TX,4835,8.333898544311523,1,0.0,0.0,0.0,1,0,0.0,0.0,34559.640625,19531.525390625,0.0,0.0,0.0,19531.525390625,0.0,0.0,0.0,0.0,0.0,0.0,0.0,0.0,0.0,0.0,0.0,0.0,0.0,0.0,0.0,0.0,0.0,0.0,0.0,0.0,0.0,0.0,0.0,0.0,0.0,0.0,0.0,0.0,0.0,0.0,0.0,0.0,0.0,0.0,0.0,0.0,0.0,0.0,0.0,0.0,0.0,0.0,0.0,0.0,0.0,0.0,0.0,0.0,0.0,0.0,0.0,0.0,0.0,0.0,0.0,0.0,0.0,0.0,0.0,0.0,0.0,0.0,0.0,0.0,0.0,0.0,0.0,0.0,0.0,0.0,0.0,0.0,0.0,0.0,0.0,0.0,0.0,0.0,0.0,0.0,0.0,0.0,0.0,0.0,0.0,0.0,34559.640625,19531.525390625,0.0,0.0,0.0,0.0,0.0,0.0,0.0,0.0,TX
8150059,TX,4835,3.2403223514556885,1,0.0,0.0,484.7803649902344,1,0,0.0,0.0,57344.09375,28315.58984375,0.0,0.0,0.0,28315.58984375,0.0,0.0,0.0,0.0,0.0,0.0,0.0,0.0,0.0,0.0,0.0,0.0,0.0,0.0,0.0,0.0,0.0,0.0,0.0,0.0,0.0,0.0,0.0,0.0,0.0,0.0,0.0,0.0,0.0,0.0,0.0,0.0,0.0,0.0,0.0,0.0,0.0,0.0,0.0,0.0,0.0,0.0,0.0,0.0,0.0,0.0,0.0,0.0,0.0,0.0,0.0,0.0,0.0,0.0,0.0,0.0,0.0,0.0,0.0,0.0,0.0,0.0,0.0,0.0,0.0,0.0,0.0,0.0,0.0,0.0,0.0,0.0,0.0,0.0,0.0,0.0,0.0,0.0,0.0,0.0,0.0,0.0,0.0,0.0,0.0,0.0,57344.09375,28315.58984375,0.0,0.0,0.0,0.0,0.0,0.0,0.0,0.0,TX
8150060,TX,4835,0.11007963120937347,3,1.0,65416.40625,528185.4375,3,0,115903.0078125,0.0,424636.75,0.0,0.0,0.0,0.0,0.0,0.0,0.0,0.0,0.0,0.0,0.0,0.0,0.0,0.0,0.0,0.0,0.0,0.0,0.0,0.0,0.0,0.0,0.0,0.0,0.0,0.0,0.0,0.0,0.0,0.0,0.0,0.0,0.0,-34309.7890625,0.0,34309.8125,0.0,0.0,0.0,0.0,0.0,0.0,0.0,0.0,0.0,-376.140625,0.0,376.125,0.0,0.0,0.0,0.0,0.0,0.0,0.0,0.0,0.0,0.0,0.0,0.0,0.0,0.0,0.0,0.0,0.0,0.0,0.0,0.0,0.0,0.0,0.0,0.0,0.0,0.0,0.0,0.0,0.0,0.0,0.0,0.0,0.0,0.0,0.0,0.0,0.0,0.0,0.0,0.0,0.0,81217.078125,0.0,459322.6875,0.0,-34685.9296875,0.0,34685.9375,0.0,-29.92668640973713,0.0,8.168378829956055,0.0,TX
8150061,TX,4835,246.27479553222656,1,0.0,0.0,2.858635663986206,1,0,0.0,0.0,33445.31640625,12857.291015625,20223.16015625,0.0,0.0,33080.451171875,0.0,0.0,0.0,0.0,0.0,0.0,0.0,0.0,0.0,0.0,0.0,0.0,0.0,0.0,0.0,0.0,0.0,0.0,0.0,0.0,0.0,0.0,0.0,0.0,0.0,0.0,0.0,0.0,0.0,0.0,0.0,0.0,0.0,0.0,0.0,0.0,0.0,0.0,0.0,0.0,0.0,0.0,0.0,0.0,0.0,0.0,0.0,0.0,0.0,0.0,0.0,0.0,0.0,0.0,0.0,0.0,0.0,0.0,0.0,0.0,0.0,0.0,0.0,0.0,0.0,0.0,0.0,0.0,0.0,0.0,0.0,0.0,0.0,0.0,0.0,0.0,0.0,0.0,0.0,0.0,0.0,0.0,0.0,0.0,0.0,0.0,33445.31640625,33080.451171875,0.0,0.0,0.0,0.0,0.0,0.0,0.0,0.0,TX
8150062,TX,4835,0.14950023591518402,4,2.0,465921.6875,478297.65625,4,0,127034.125,0.0,366982.1875,0.0,0.0,0.0,0.0,0.0,0.0,0.0,0.0,0.0,0.0,0.0,0.0,0.0,0.0,0.0,0.0,0.0,0.0,0.0,0.0,0.0,-450.0,0.0,450.0,0.0,0.0,0.0,0.0,0.0,0.0,0.0,0.0,0.0,-30900.5859375,0.0,30900.5625,0.0,0.0,0.0,0.0,0.0,0.0,0.0,0.0,0.0,0.0,0.0,0.0,0.0,0.0,0.0,0.0,0.0,0.0,0.0,0.0,0.0,0.0,0.0,0.0,0.0,0.0,0.0,0.0,0.0,0.0,0.0,0.0,0.0,0.0,0.0,0.0,0.0,0.0,0.0,0.0,0.0,0.0,0.0,0.0,0.0,0.0,0.0,0.0,0.0,0.0,0.0,0.0,0.0,95683.5390625,0.0,398332.75,0.0,-31350.5859375,0.0,31350.5625,0.0,-24.678869506520392,0.0,8.542801856994629,0.0,TX
8150063,TX,4835,86.24425506591797,2,0.0,0.0,-60.975006103515625,1,1,0.0,0.0,37329.00390625,22864.390625,0.0,0.0,0.0,22864.390625,0.0,0.0,0.0,0.0,0.0,0.0,0.0,0.0,0.0,0.0,0.0,0.0,0.0,0.0,0.0,0.0,0.0,0.0,0.0,0.0,0.0,0.0,0.0,0.0,0.0,0.0,0.0,0.0,0.0,0.0,0.0,0.0,0.0,0.0,0.0,0.0,0.0,0.0,0.0,0.0,0.0,0.0,0.0,0.0,0.0,0.0,0.0,0.0,0.0,0.0,0.0,0.0,0.0,0.0,0.0,0.0,0.0,0.0,0.0,0.0,0.0,0.0,0.0,0.0,0.0,0.0,0.0,0.0,0.0,0.0,0.0,0.0,0.0,0.0,0.0,0.0,0.0,0.0,0.0,0.0,0.0,0.0,0.0,0.0,0.0,0.0,37329.00390625,22864.390625,0.0,0.0,0.0,0.0,0.0,0.0,0.0,0.0,TX
8150064,TX,4835,0.11331427842378616,3,2.0,0.0,492559.0,3,0,133246.1875,0.0,358948.8125,0.0,0.0,0.0,0.0,0.0,1787.5625,0.0,-1787.5625,0.0,-1787.5625,0.0,1787.5625,0.0,0.0,0.0,0.0,0.0,0.0,0.0,0.0,0.0,0.0,0.0,0.0,0.0,0.0,0.0,0.0,0.0,-1400.0,0.0,1400.0,0.0,-2491.1171875,0.0,2491.09375,0.0,0.0,0.0,0.0,0.0,0.0,0.0,0.0,0.0,0.0,0.0,0.0,0.0,0.0,0.0,0.0,0.0,0.0,0.0,0.0,0.0,0.0,0.0,0.0,0.0,0.0,0.0,0.0,0.0,0.0,0.0,0.0,0.0,0.0,0.0,0.0,0.0,0.0,0.0,0.0,0.0,0.0,0.0,0.0,0.0,0.0,0.0,0.0,0.0,0.0,0.0,0.0,0.0,129355.0703125,0.0,362839.90625,0.0,-3891.1171875,0.0,3891.09375,0.0,-2.920246545515608,0.0,1.0840246677398682,0.0,TX
8150065,TX,4835,187.8709259033203,2,0.0,0.0,2084.720947265625,2,0,0.0,0.0,62498.09375,29716.1640625,0.0,0.0,0.0,29716.1640625,0.0,0.0,0.0,0.0,0.0,0.0,0.0,0.0,0.0,0.0,0.0,0.0,0.0,0.0,0.0,0.0,0.0,0.0,0.0,0.0,0.0,0.0,0.0,0.0,0.0,0.0,0.0,0.0,0.0,0.0,0.0,0.0,0.0,0.0,0.0,0.0,0.0,0.0,0.0,0.0,0.0,0.0,0.0,0.0,0.0,0.0,0.0,0.0,0.0,0.0,0.0,0.0,0.0,0.0,0.0,0.0,0.0,0.0,0.0,0.0,0.0,0.0,0.0,0.0,0.0,0.0,0.0,0.0,0.0,0.0,0.0,0.0,0.0,0.0,0.0,0.0,0.0,0.0,0.0,0.0,0.0,0.0,0.0,0.0,0.0,0.0,62498.09375,29716.1640625,0.0,0.0,0.0,0.0,0.0,0.0,0.0,0.0,TX
8150066,TX,4835,0.0744190439581871,4,0.0,193916.22265625,193917.87890625,4,0,18067.697021484375,0.0,166869.78125,0.0,0.0,0.0,0.0,0.0,-2585.759765625,0.0,2585.75,0.0,-3281.3394165039062,0.0,3281.34375,0.0,3032.2734985351562,0.0,-3032.28125,0.0,0.0,0.0,0.0,0.0,0.0,0.0,0.0,0.0,0.0,0.0,0.0,0.0,0.0,0.0,0.0,0.0,0.0,0.0,0.0,0.0,0.0,0.0,0.0,0.0,0.0,0.0,0.0,0.0,-98.572265625,0.0,98.578125,0.0,0.0,0.0,0.0,0.0,0.0,0.0,0.0,0.0,0.0,0.0,0.0,0.0,0.0,0.0,0.0,0.0,-787.5594482421875,0.0,787.5625,0.0,0.0,0.0,0.0,0.0,-302.6435546875,0.0,302.640625,0.0,0.0,0.0,0.0,0.0,0.0,0.0,0.0,0.0,0.0,0.0,0.0,0.0,14044.096069335938,0.0,170893.375,0.0,-4023.6009521484375,0.0,4023.59375,0.0,-22.269583928510407,0.0,2.41121768951416,0.0,TX
8150067,TX,4835,0.15403927862644196,3,1.0,297901.0234375,507851.125,3,0,136319.421875,0.0,445030.875,0.0,0.0,0.0,0.0,0.0,0.0,0.0,0.0,0.0,0.0,0.0,0.0,0.0,0.0,0.0,0.0,0.0,0.0,0.0,0.0,0.0,0.0,0.0,0.0,0.0,0.0,0.0,0.0,0.0,0.0,0.0,0.0,0.0,-34652.453125,0.0,34652.4375,0.0,0.0,0.0,0.0,0.0,0.0,0.0,0.0,0.0,0.0,0.0,0.0,0.0,0.0,0.0,0.0,0.0,0.0,0.0,0.0,0.0,0.0,0.0,0.0,0.0,0.0,0.0,0.0,0.0,0.0,0.0,0.0,0.0,0.0,0.0,0.0,0.0,0.0,0.0,0.0,0.0,0.0,0.0,0.0,0.0,0.0,0.0,0.0,0.0,0.0,0.0,0.0,0.0,101666.96875,0.0,479683.3125,0.0,-34652.453125,0.0,34652.4375,0.0,-25.420041141881494,0.0,7.786524295806885,0.0,TX
8150068,TX,4835,0.1963758021593094,1,0.0,0.0,180227.765625,1,0,35127.28125,0.0,206481.828125,52317.19140625,0.0,0.0,0.0,52317.19140625,-3591.453125,0.0,3591.453125,0.0,0.0,0.0,0.0,0.0,0.0,0.0,0.0,0.0,0.0,0.0,0.0,0.0,0.0,0.0,0.0,0.0,0.0,0.0,0.0,0.0,0.0,0.0,0.0,0.0,-39.1640625,0.0,39.15625,0.0,0.0,0.0,0.0,0.0,0.0,0.0,0.0,0.0,0.0,0.0,0.0,0.0,0.0,0.0,0.0,0.0,0.0,0.0,0.0,0.0,0.0,0.0,0.0,0.0,0.0,0.0,0.0,0.0,0.0,0.0,0.0,0.0,0.0,0.0,0.0,0.0,0.0,0.0,0.0,0.0,0.0,0.0,0.0,0.0,0.0,0.0,0.0,0.0,0.0,0.0,0.0,0.0,31496.6640625,0.0,210112.4375,52317.19140625,-3630.6171875,0.0,3630.609375,0.0,-10.335605427761365,0.0,1.7583191394805908,0.0,TX
8150069,TX,4835,0.14032875001430511,4,2.0,197886.359375,1732163.5,4,0,430983.0,0.0,1352262.75,0.0,0.0,0.0,0.0,0.0,0.0,0.0,0.0,0.0,0.0,0.0,0.0,0.0,0.0,0.0,0.0,0.0,0.0,0.0,0.0,0.0,0.0,0.0,0.0,0.0,0.0,0.0,0.0,0.0,0.0,0.0,0.0,0.0,0.0,0.0,0.0,0.0,0.0,0.0,0.0,0.0,0.0,0.0,0.0,0.0,0.0,0.0,0.0,0.0,-6202.28125,0.0,6202.25,0.0,0.0,0.0,0.0,0.0,0.0,0.0,0.0,0.0,0.0,0.0,0.0,0.0,0.0,0.0,0.0,0.0,0.0,0.0,0.0,0.0,0.0,0.0,0.0,0.0,0.0,0.0,0.0,0.0,0.0,0.0,0.0,0.0,0.0,0.0,0.0,0.0,424780.71875,0.0,1358465.0,0.0,-6202.28125,0.0,6202.25,0.0,-1.4391011362397126,0.0,0.4586571753025055,0.0,TX
8150070,TX,4835,0.4242275357246399,1,0.0,0.0,1489.50341796875,1,0,0.0,0.0,57466.96875,28116.134765625,0.0,0.0,0.0,28116.134765625,0.0,0.0,0.0,0.0,0.0,0.0,0.0,0.0,0.0,0.0,0.0,0.0,0.0,0.0,0.0,0.0,0.0,0.0,0.0,0.0,0.0,0.0,0.0,0.0,0.0,0.0,0.0,0.0,0.0,0.0,0.0,0.0,0.0,0.0,0.0,0.0,0.0,0.0,0.0,0.0,0.0,0.0,0.0,0.0,0.0,0.0,0.0,0.0,0.0,0.0,0.0,0.0,0.0,0.0,0.0,0.0,0.0,0.0,0.0,0.0,0.0,0.0,0.0,0.0,0.0,0.0,0.0,0.0,0.0,0.0,0.0,0.0,0.0,0.0,0.0,0.0,0.0,0.0,0.0,0.0,0.0,0.0,0.0,0.0,0.0,0.0,57466.96875,28116.134765625,0.0,0.0,0.0,0.0,0.0,0.0,0.0,0.0,TX
8150071,TX,4835,0.13672739267349243,5,3.0,836081.7166442871,842772.4375,5,0,251594.03125,0.0,566195.4375,0.0,0.0,0.0,0.0,0.0,-20696.796875,0.0,20696.8125,0.0,0.0,0.0,0.0,0.0,0.0,0.0,0.0,0.0,0.0,0.0,0.0,0.0,0.0,0.0,0.0,0.0,0.0,0.0,0.0,0.0,0.0,0.0,0.0,0.0,-8993.875,0.0,8993.875,0.0,0.0,0.0,0.0,0.0,0.0,0.0,0.0,0.0,-62.5625,0.0,62.5625,0.0,-2871.0,0.0,2871.0,0.0,0.0,0.0,0.0,0.0,2871.0,0.0,-2871.0,0.0,0.0,0.0,0.0,0.0,0.0,0.0,0.0,0.0,0.0,0.0,0.0,0.0,0.0,0.0,0.0,0.0,0.0,0.0,0.0,0.0,0.0,0.0,0.0,0.0,0.0,0.0,0.0,0.0,221840.796875,0.0,595948.6875,0.0,-29753.234375,0.0,29753.25,0.0,-11.825890394607683,0.0,5.254943370819092,0.0,TX
8150072,TX,4835,0.11954579502344131,2,0.0,945232.0546875,951682.1875,2,0,298359.5625,0.0,617100.5,0.0,0.0,0.0,0.0,0.0,-30836.125,0.0,30836.125,0.0,-5771.96875,0.0,5772.0,0.0,0.0,0.0,0.0,0.0,0.0,0.0,0.0,0.0,0.0,0.0,0.0,0.0,0.0,0.0,0.0,0.0,0.0,0.0,0.0,0.0,0.0,0.0,0.0,0.0,0.0,0.0,0.0,0.0,0.0,0.0,0.0,0.0,0.0,0.0,0.0,0.0,0.0,0.0,0.0,0.0,0.0,0.0,0.0,0.0,0.0,0.0,0.0,0.0,0.0,0.0,0.0,0.0,0.0,0.0,0.0,0.0,0.0,0.0,0.0,0.0,0.0,0.0,0.0,0.0,0.0,0.0,0.0,0.0,0.0,0.0,0.0,0.0,0.0,0.0,0.0,0.0,261751.46875,0.0,653708.625,0.0,-36608.09375,0.0,36608.125,0.0,-12.269790665750826,0.0,5.932279109954834,0.0,TX
8150073,TX,4835,4.772559642791748,1,0.0,1672.489990234375,1672.489990234375,1,0,0.0,0.0,63204.5078125,22521.400390625,0.0,16904.841796875,0.0,39426.2421875,0.0,0.0,0.0,0.0,0.0,0.0,0.0,0.0,0.0,0.0,0.0,0.0,0.0,0.0,0.0,0.0,0.0,0.0,0.0,0.0,0.0,0.0,0.0,0.0,0.0,0.0,0.0,0.0,0.0,0.0,0.0,0.0,0.0,0.0,0.0,0.0,0.0,0.0,0.0,0.0,0.0,0.0,0.0,0.0,0.0,0.0,0.0,0.0,0.0,0.0,0.0,0.0,0.0,0.0,0.0,0.0,0.0,0.0,0.0,0.0,0.0,0.0,0.0,0.0,0.0,0.0,0.0,0.0,0.0,0.0,0.0,0.0,0.0,0.0,0.0,0.0,0.0,0.0,0.0,0.0,0.0,0.0,0.0,0.0,0.0,0.0,63204.5078125,39426.2421875,0.0,0.0,0.0,0.0,0.0,0.0,0.0,0.0,TX
8150074,TX,4835,68.8337631225586,1,0.0,0.0,1601.4466552734375,1,0,0.0,0.0,49495.65625,23947.10546875,0.0,0.0,0.0,23947.10546875,0.0,0.0,0.0,0.0,0.0,0.0,0.0,0.0,0.0,0.0,0.0,0.0,0.0,0.0,0.0,0.0,0.0,0.0,0.0,0.0,0.0,0.0,0.0,0.0,0.0,0.0,0.0,0.0,0.0,0.0,0.0,0.0,0.0,0.0,0.0,0.0,0.0,0.0,0.0,0.0,0.0,0.0,0.0,0.0,0.0,0.0,0.0,0.0,0.0,0.0,0.0,0.0,0.0,0.0,0.0,0.0,0.0,0.0,0.0,0.0,0.0,0.0,0.0,0.0,0.0,0.0,0.0,0.0,0.0,0.0,0.0,0.0,0.0,0.0,0.0,0.0,0.0,0.0,0.0,0.0,0.0,0.0,0.0,0.0,0.0,0.0,49495.65625,23947.10546875,0.0,0.0,0.0,0.0,0.0,0.0,0.0,0.0,TX
8150075,TX,4835,0.14082662761211395,4,2.0,5574.96630859375,884614.875,4,0,266965.15625,0.0,698756.6875,44469.61328125,0.0,0.0,0.0,44469.61328125,-27394.375,0.0,27394.375,0.0,0.0,0.0,0.0,0.0,0.0,0.0,0.0,0.0,0.0,0.0,0.0,0.0,0.0,0.0,0.0,0.0,0.0,0.0,0.0,0.0,-1607.453125,0.0,1607.4375,0.0,-6662.125,0.0,6662.125,0.0,0.0,0.0,0.0,0.0,0.0,0.0,0.0,0.0,-740.0,0.0,740.0,0.0,0.0,0.0,0.0,0.0,0.0,0.0,0.0,0.0,0.0,0.0,0.0,0.0,0.0,0.0,0.0,0.0,0.0,0.0,0.0,0.0,0.0,0.0,0.0,0.0,0.0,0.0,0.0,0.0,0.0,0.0,0.0,0.0,0.0,0.0,0.0,0.0,0.0,0.0,0.0,0.0,230561.203125,0.0,735160.625,44469.61328125,-36403.953125,0.0,36403.9375,0.0,-13.636218911995188,0.0,5.209815979003906,0.0,TX
8150076,TX,4835,0.17378520965576172,2,0.0,226661.9921875,226757.953125,2,0,38831.2265625,0.0,-380637.5625,0.0,0.0,0.0,0.0,0.0,-5504.4765625,0.0,5504.5,0.0,-635.1484375,0.0,635.125,0.0,0.0,0.0,0.0,0.0,0.0,0.0,0.0,0.0,0.0,0.0,0.0,0.0,0.0,0.0,0.0,0.0,0.0,0.0,0.0,0.0,-464.8515625,0.0,464.875,0.0,0.0,0.0,0.0,0.0,0.0,0.0,0.0,0.0,-11.939453125,0.0,11.9375,0.0,0.0,0.0,0.0,0.0,0.0,0.0,0.0,0.0,0.0,0.0,0.0,0.0,0.0,0.0,0.0,0.0,0.0,0.0,0.0,0.0,0.0,0.0,0.0,0.0,0.0,0.0,0.0,0.0,0.0,0.0,0.0,0.0,0.0,0.0,0.0,0.0,0.0,0.0,0.0,0.0,32214.810546875,0.0,-374021.125,0.0,-6616.416015625,0.0,6616.4375,0.0,-17.03890554416478,0.0,1.7382513284683228,0.0,TX
8150077,TX,4835,0.16241787374019623,2,0.0,133566.90234375,133566.90625,2,0,15516.7265625,0.0,107832.3125,0.0,0.0,0.0,0.0,0.0,-2692.0068359375,0.0,2692.0078125,0.0,-2428.69140625,0.0,2428.6875,0.0,1328.69140625,0.0,-1328.6875,0.0,0.0,0.0,0.0,0.0,0.0,0.0,0.0,0.0,0.0,0.0,0.0,0.0,0.0,0.0,0.0,0.0,0.0,0.0,0.0,0.0,0.0,0.0,0.0,0.0,0.0,0.0,0.0,0.0,0.0,0.0,0.0,0.0,0.0,0.0,0.0,0.0,0.0,0.0,0.0,0.0,0.0,0.0,0.0,0.0,0.0,0.0,0.0,0.0,0.0,0.0,0.0,0.0,0.0,0.0,0.0,0.0,-238.27734375,0.0,238.2734375,0.0,0.0,0.0,0.0,0.0,0.0,0.0,0.0,0.0,0.0,0.0,0.0,0.0,11486.4423828125,0.0,111862.59375,0.0,-4030.2841796875,0.0,4030.28125,0.0,-25.973804226386747,0.0,3.7375450134277344,0.0,TX
8150078,TX,4835,117.4157485961914,1,0.0,0.0,0.0,1,0,0.0,0.0,45735.62109375,14996.7060546875,20223.16015625,0.0,0.0,35219.8662109375,0.0,0.0,0.0,0.0,0.0,0.0,0.0,0.0,0.0,0.0,0.0,0.0,0.0,0.0,0.0,0.0,0.0,0.0,0.0,0.0,0.0,0.0,0.0,0.0,0.0,0.0,0.0,0.0,0.0,0.0,0.0,0.0,0.0,0.0,0.0,0.0,0.0,0.0,0.0,0.0,0.0,0.0,0.0,0.0,0.0,0.0,0.0,0.0,0.0,0.0,0.0,0.0,0.0,0.0,0.0,0.0,0.0,0.0,0.0,0.0,0.0,0.0,0.0,0.0,0.0,0.0,0.0,0.0,0.0,0.0,0.0,0.0,0.0,0.0,0.0,0.0,0.0,0.0,0.0,0.0,0.0,0.0,0.0,0.0,0.0,0.0,45735.62109375,35219.8662109375,0.0,0.0,0.0,0.0,0.0,0.0,0.0,0.0,TX
8150079,TX,4835,87.79733276367188,1,0.0,0.0,0.0,1,0,0.0,0.0,23966.21484375,3743.05419921875,20223.16015625,0.0,0.0,23966.21435546875,0.0,0.0,0.0,0.0,0.0,0.0,0.0,0.0,0.0,0.0,0.0,0.0,0.0,0.0,0.0,0.0,0.0,0.0,0.0,0.0,0.0,0.0,0.0,0.0,0.0,0.0,0.0,0.0,0.0,0.0,0.0,0.0,0.0,0.0,0.0,0.0,0.0,0.0,0.0,0.0,0.0,0.0,0.0,0.0,0.0,0.0,0.0,0.0,0.0,0.0,0.0,0.0,0.0,0.0,0.0,0.0,0.0,0.0,0.0,0.0,0.0,0.0,0.0,0.0,0.0,0.0,0.0,0.0,0.0,0.0,0.0,0.0,0.0,0.0,0.0,0.0,0.0,0.0,0.0,0.0,0.0,0.0,0.0,0.0,0.0,0.0,23966.21484375,23966.21435546875,0.0,0.0,0.0,0.0,0.0,0.0,0.0,0.0,TX
8150080,TX,4835,0.16636843979358673,4,2.0,356336.7578125,437613.03125,4,0,98462.109375,0.0,358636.125,0.0,0.0,0.0,0.0,0.0,-83.90625,0.0,83.9375,0.0,0.0,0.0,0.0,0.0,0.0,0.0,0.0,0.0,0.0,0.0,0.0,0.0,-2500.0,0.0,2500.0,0.0,0.0,0.0,0.0,0.0,-6828.046875,0.0,6828.03125,0.0,-21121.21875,0.0,21121.21875,0.0,0.0,0.0,0.0,0.0,0.0,0.0,0.0,0.0,0.0,0.0,0.0,0.0,-214.296875,0.0,214.3125,0.0,0.0,0.0,0.0,0.0,0.0,0.0,0.0,0.0,0.0,0.0,0.0,0.0,0.0,0.0,0.0,0.0,0.0,0.0,0.0,0.0,0.0,0.0,0.0,0.0,0.0,0.0,0.0,0.0,0.0,0.0,0.0,0.0,0.0,0.0,0.0,0.0,67714.640625,0.0,389383.625,0.0,-30747.46875,0.0,30747.5,0.0,-31.227716880303735,0.0,8.573452949523926,0.0,TX
8150081,TX,4835,166.3005828857422,1,0.0,13799.6142578125,16786.86328125,1,0,113.68632507324219,0.0,48620.47265625,17965.681640625,0.0,0.0,0.0,17965.681640625,0.0,0.0,0.0,0.0,-113.68632507324219,0.0,113.68359375,0.0,0.0,0.0,0.0,0.0,0.0,0.0,0.0,0.0,0.0,0.0,0.0,0.0,0.0,0.0,0.0,0.0,0.0,0.0,0.0,0.0,0.0,0.0,0.0,0.0,0.0,0.0,0.0,0.0,0.0,0.0,0.0,0.0,0.0,0.0,0.0,0.0,0.0,0.0,0.0,0.0,0.0,0.0,0.0,0.0,0.0,0.0,0.0,0.0,0.0,0.0,0.0,0.0,0.0,0.0,0.0,0.0,0.0,0.0,0.0,0.0,0.0,0.0,0.0,0.0,0.0,0.0,0.0,0.0,0.0,0.0,0.0,0.0,0.0,0.0,0.0,0.0,0.0,0.0,48734.15625,17965.681640625,-113.68632507324219,0.0,113.68359375,0.0,-100.0,0.0,0.23381835222244263,0.0,TX
8150082,TX,4835,0.11923515796661377,2,0.0,381634.234375,397439.28125,2,0,102572.7578125,0.0,295987.5,0.0,0.0,0.0,0.0,0.0,0.0,0.0,0.0,0.0,0.0,0.0,0.0,0.0,0.0,0.0,0.0,0.0,0.0,0.0,0.0,0.0,0.0,0.0,0.0,0.0,0.0,0.0,0.0,0.0,0.0,0.0,0.0,0.0,-29146.65625,0.0,29146.6875,0.0,0.0,0.0,0.0,0.0,0.0,0.0,0.0,0.0,0.0,0.0,0.0,0.0,0.0,0.0,0.0,0.0,0.0,0.0,0.0,0.0,0.0,0.0,0.0,0.0,0.0,0.0,0.0,0.0,0.0,0.0,0.0,0.0,0.0,0.0,0.0,0.0,0.0,0.0,0.0,0.0,0.0,0.0,0.0,0.0,0.0,0.0,0.0,0.0,0.0,0.0,0.0,0.0,73426.1015625,0.0,325134.1875,0.0,-29146.65625,0.0,29146.6875,0.0,-28.41559188968989,0.0,9.847270011901855,0.0,TX
8150083,TX,4835,0.11407868564128876,4,0.0,95371.84765625,95371.84375,4,0,9010.7763671875,0.0,90546.796875,0.0,0.0,0.0,0.0,0.0,-1326.1552734375,0.0,1326.15625,0.0,-1872.0,0.0,1872.0,0.0,1272.0,0.0,-1272.0,0.0,0.0,0.0,0.0,0.0,0.0,0.0,0.0,0.0,0.0,0.0,0.0,0.0,0.0,0.0,0.0,0.0,0.0,0.0,0.0,0.0,0.0,0.0,0.0,0.0,0.0,0.0,0.0,0.0,-61.26904296875,0.0,61.2734375,0.0,0.0,0.0,0.0,0.0,0.0,0.0,0.0,0.0,0.0,0.0,0.0,0.0,0.0,0.0,0.0,0.0,0.0,0.0,0.0,0.0,0.0,0.0,0.0,0.0,0.0,0.0,0.0,0.0,0.0,0.0,0.0,0.0,0.0,0.0,0.0,0.0,0.0,0.0,0.0,0.0,7023.35205078125,0.0,92534.2265625,0.0,-1987.42431640625,0.0,1987.4296875,0.0,-22.056083021252224,0.0,2.194920063018799,0.0,TX
8150084,TX,4835,100.34268188476562,1,0.0,0.0,0.0,1,0,0.0,0.0,56227.78125,30069.185546875,0.0,0.0,0.0,30069.185546875,0.0,0.0,0.0,0.0,0.0,0.0,0.0,0.0,0.0,0.0,0.0,0.0,0.0,0.0,0.0,0.0,0.0,0.0,0.0,0.0,0.0,0.0,0.0,0.0,0.0,0.0,0.0,0.0,0.0,0.0,0.0,0.0,0.0,0.0,0.0,0.0,0.0,0.0,0.0,0.0,0.0,0.0,0.0,0.0,0.0,0.0,0.0,0.0,0.0,0.0,0.0,0.0,0.0,0.0,0.0,0.0,0.0,0.0,0.0,0.0,0.0,0.0,0.0,0.0,0.0,0.0,0.0,0.0,0.0,0.0,0.0,0.0,0.0,0.0,0.0,0.0,0.0,0.0,0.0,0.0,0.0,0.0,0.0,0.0,0.0,0.0,56227.78125,30069.185546875,0.0,0.0,0.0,0.0,0.0,0.0,0.0,0.0,TX
8150085,TX,4835,0.5693676471710205,4,2.0,75884.21484375,84001.046875,4,0,-1273.2945556640625,0.0,96827.234375,8116.0087890625,0.0,2825.39453125,0.0,10941.4033203125,0.0,0.0,0.0,0.0,0.0,0.0,0.0,0.0,2193.3411865234375,0.0,-2193.34375,0.0,0.0,0.0,0.0,0.0,-2400.0,0.0,2400.0,0.0,0.0,0.0,0.0,0.0,0.0,0.0,0.0,0.0,0.0,0.0,0.0,0.0,0.0,0.0,0.0,0.0,0.0,0.0,0.0,0.0,0.0,0.0,0.0,0.0,0.0,0.0,0.0,0.0,0.0,0.0,0.0,0.0,0.0,0.0,0.0,0.0,0.0,0.0,0.0,0.0,0.0,0.0,0.0,0.0,0.0,0.0,0.0,0.0,-124.516357421875,0.0,124.515625,0.0,0.0,0.0,0.0,0.0,0.0,0.0,0.0,0.0,0.0,0.0,0.0,0.0,-1604.4697265625,0.0,97158.40625,10941.4033203125,-331.1751708984375,0.0,331.171875,0.0,-26.009313353713303,0.0,0.34202349185943604,0.0,TX
8150086,TX,4835,0.18387721478939056,5,3.0,261372.3125,369702.25,5,0,93279.484375,0.0,311816.75,0.0,0.0,0.0,0.0,0.0,0.0,0.0,0.0,0.0,0.0,0.0,0.0,0.0,0.0,0.0,0.0,0.0,0.0,0.0,0.0,0.0,-6600.0,0.0,6600.0,0.0,0.0,0.0,0.0,0.0,-3540.0390625,0.0,3540.03125,0.0,-22649.2421875,0.0,22649.25,0.0,0.0,0.0,0.0,0.0,0.0,0.0,0.0,0.0,-261.71875,0.0,261.71875,0.0,0.0,0.0,0.0,0.0,0.0,0.0,0.0,0.0,0.0,0.0,0.0,0.0,0.0,0.0,0.0,0.0,0.0,0.0,0.0,0.0,0.0,0.0,0.0,0.0,0.0,0.0,0.0,0.0,0.0,0.0,0.0,0.0,0.0,0.0,0.0,0.0,0.0,0.0,0.0,0.0,60228.484375,0.0,344867.75,0.0,-33051.0,0.0,33051.0,0.0,-35.4322284492152,0.0,10.599494934082031,0.0,TX
8150087,TX,4835,0.14305013418197632,2,0.0,388888.234375,458935.40625,2,0,102169.25,0.0,342635.46875,0.0,0.0,0.0,0.0,0.0,0.0,0.0,0.0,0.0,0.0,0.0,0.0,0.0,0.0,0.0,0.0,0.0,0.0,0.0,0.0,0.0,0.0,0.0,0.0,0.0,0.0,0.0,0.0,0.0,-5771.6171875,0.0,5771.625,0.0,-23140.296875,0.0,23140.28125,0.0,0.0,0.0,0.0,0.0,0.0,0.0,0.0,0.0,0.0,0.0,0.0,0.0,-367.8125,0.0,367.8125,0.0,0.0,0.0,0.0,0.0,0.0,0.0,0.0,0.0,0.0,0.0,0.0,0.0,0.0,0.0,0.0,0.0,0.0,0.0,0.0,0.0,0.0,0.0,0.0,0.0,0.0,0.0,0.0,0.0,0.0,0.0,0.0,0.0,0.0,0.0,0.0,0.0,72889.5234375,0.0,371915.1875,0.0,-29279.7265625,0.0,29279.71875,0.0,-28.65806156206491,0.0,8.545442581176758,0.0,TX
8150088,TX,4835,0.17708589136600494,2,0.0,290025.15625,432550.85546875,2,0,103703.5126953125,0.0,311863.3125,0.0,0.0,0.0,0.0,0.0,-464.4306640625,0.0,464.4375,0.0,-936.0,0.0,936.0,0.0,636.0,0.0,-636.0,0.0,0.0,0.0,0.0,0.0,0.0,0.0,0.0,0.0,0.0,0.0,0.0,0.0,-600.0,0.0,600.0,0.0,-8892.1015625,0.0,8892.09375,0.0,0.0,0.0,0.0,0.0,0.0,0.0,0.0,0.0,0.0,0.0,0.0,0.0,0.0,0.0,0.0,0.0,0.0,0.0,0.0,0.0,0.0,0.0,0.0,0.0,0.0,0.0,0.0,0.0,0.0,0.0,0.0,0.0,0.0,0.0,0.0,0.0,0.0,0.0,0.0,0.0,0.0,0.0,0.0,0.0,0.0,0.0,0.0,0.0,0.0,0.0,0.0,0.0,93446.98046875,0.0,322119.84375,0.0,-10256.5322265625,0.0,10256.53125,0.0,-9.890245720698818,0.0,3.288790702819824,0.0,TX
8150089,TX,4835,128.7052764892578,2,0.0,0.0,1013.406005859375,2,0,0.0,0.0,83785.2421875,41147.46875,0.0,0.0,0.0,41147.46875,0.0,0.0,0.0,0.0,0.0,0.0,0.0,0.0,0.0,0.0,0.0,0.0,0.0,0.0,0.0,0.0,0.0,0.0,0.0,0.0,0.0,0.0,0.0,0.0,0.0,0.0,0.0,0.0,0.0,0.0,0.0,0.0,0.0,0.0,0.0,0.0,0.0,0.0,0.0,0.0,0.0,0.0,0.0,0.0,0.0,0.0,0.0,0.0,0.0,0.0,0.0,0.0,0.0,0.0,0.0,0.0,0.0,0.0,0.0,0.0,0.0,0.0,0.0,0.0,0.0,0.0,0.0,0.0,0.0,0.0,0.0,0.0,0.0,0.0,0.0,0.0,0.0,0.0,0.0,0.0,0.0,0.0,0.0,0.0,0.0,0.0,83785.2421875,41147.46875,0.0,0.0,0.0,0.0,0.0,0.0,0.0,0.0,TX
8150090,TX,4835,0.19245189428329468,2,0.0,246242.78125,331359.8125,2,0,69095.3359375,0.0,282727.0,21057.669921875,0.0,0.0,0.0,21057.669921875,0.0,0.0,0.0,0.0,0.0,0.0,0.0,0.0,0.0,0.0,0.0,0.0,0.0,0.0,0.0,0.0,0.0,0.0,0.0,0.0,0.0,0.0,0.0,0.0,-1950.0,0.0,1950.0,0.0,-13777.94140625,0.0,13777.9375,0.0,0.0,0.0,0.0,0.0,0.0,0.0,0.0,0.0,0.0,0.0,0.0,0.0,0.0,0.0,0.0,0.0,0.0,0.0,0.0,0.0,0.0,0.0,0.0,0.0,0.0,0.0,0.0,0.0,0.0,0.0,0.0,0.0,0.0,0.0,0.0,0.0,0.0,0.0,0.0,0.0,0.0,0.0,0.0,0.0,0.0,0.0,0.0,0.0,0.0,0.0,0.0,0.0,53367.39453125,0.0,298454.9375,21057.669921875,-15727.94140625,0.0,15727.9375,0.0,-22.76266725221029,0.0,5.562941551208496,0.0,TX
8150091,TX,4835,0.35597872734069824,1,0.0,67180.359375,75453.0625,1,0,8900.765625,0.0,67812.75,0.0,0.0,0.0,0.0,0.0,-1483.091796875,0.0,1483.09375,0.0,-1671.30615234375,0.0,1671.3046875,0.0,1121.30615234375,0.0,-1121.3046875,0.0,0.0,0.0,0.0,0.0,0.0,0.0,0.0,0.0,0.0,0.0,0.0,0.0,0.0,0.0,0.0,0.0,0.0,0.0,0.0,0.0,0.0,0.0,0.0,0.0,0.0,0.0,0.0,0.0,0.0,0.0,0.0,0.0,0.0,0.0,0.0,0.0,0.0,0.0,0.0,0.0,0.0,0.0,0.0,0.0,0.0,0.0,0.0,0.0,-1398.8515625,0.0,1398.8515625,0.0,-716.73779296875,0.0,716.734375,0.0,0.0,0.0,0.0,0.0,0.0,0.0,0.0,0.0,0.0,0.0,0.0,0.0,0.0,0.0,0.0,0.0,4752.08447265625,0.0,71961.4296875,0.0,-4148.68115234375,0.0,4148.6796875,0.0,-46.61038529866637,0.0,6.1178460121154785,0.0,TX
8150092,TX,4835,151.09657287597656,2,0.0,0.0,471.5440216064453,2,0,0.0,0.0,80477.1640625,39891.859375,0.0,0.0,0.0,39891.859375,0.0,0.0,0.0,0.0,0.0,0.0,0.0,0.0,0.0,0.0,0.0,0.0,0.0,0.0,0.0,0.0,0.0,0.0,0.0,0.0,0.0,0.0,0.0,0.0,0.0,0.0,0.0,0.0,0.0,0.0,0.0,0.0,0.0,0.0,0.0,0.0,0.0,0.0,0.0,0.0,0.0,0.0,0.0,0.0,0.0,0.0,0.0,0.0,0.0,0.0,0.0,0.0,0.0,0.0,0.0,0.0,0.0,0.0,0.0,0.0,0.0,0.0,0.0,0.0,0.0,0.0,0.0,0.0,0.0,0.0,0.0,0.0,0.0,0.0,0.0,0.0,0.0,0.0,0.0,0.0,0.0,0.0,0.0,0.0,0.0,0.0,80477.1640625,39891.859375,0.0,0.0,0.0,0.0,0.0,0.0,0.0,0.0,TX
8150093,TX,4835,27.852542877197266,2,1.0,0.0,0.0,2,0,0.0,0.0,30776.80078125,20820.724609375,9956.07568359375,0.0,0.0,30776.80029296875,0.0,0.0,0.0,0.0,0.0,0.0,0.0,0.0,0.0,0.0,0.0,0.0,0.0,0.0,0.0,0.0,0.0,0.0,0.0,0.0,0.0,0.0,0.0,0.0,0.0,0.0,0.0,0.0,0.0,0.0,0.0,0.0,0.0,0.0,0.0,0.0,0.0,0.0,0.0,0.0,0.0,0.0,0.0,0.0,0.0,0.0,0.0,0.0,0.0,0.0,0.0,0.0,0.0,0.0,0.0,0.0,0.0,0.0,0.0,0.0,0.0,0.0,0.0,0.0,0.0,0.0,0.0,0.0,0.0,0.0,0.0,0.0,0.0,0.0,0.0,0.0,0.0,0.0,0.0,0.0,0.0,0.0,0.0,0.0,0.0,0.0,30776.80078125,30776.80029296875,0.0,0.0,0.0,0.0,0.0,0.0,0.0,0.0,TX
8150094,TX,4835,62.9120979309082,1,0.0,0.0,1.6545404195785522,1,0,0.0,0.0,41121.56640625,20559.56640625,0.0,0.0,0.0,20559.56640625,0.0,0.0,0.0,0.0,0.0,0.0,0.0,0.0,0.0,0.0,0.0,0.0,0.0,0.0,0.0,0.0,0.0,0.0,0.0,0.0,0.0,0.0,0.0,0.0,0.0,0.0,0.0,0.0,0.0,0.0,0.0,0.0,0.0,0.0,0.0,0.0,0.0,0.0,0.0,0.0,0.0,0.0,0.0,0.0,0.0,0.0,0.0,0.0,0.0,0.0,0.0,0.0,0.0,0.0,0.0,0.0,0.0,0.0,0.0,0.0,0.0,0.0,0.0,0.0,0.0,0.0,0.0,0.0,0.0,0.0,0.0,0.0,0.0,0.0,0.0,0.0,0.0,0.0,0.0,0.0,0.0,0.0,0.0,0.0,0.0,0.0,41121.56640625,20559.56640625,0.0,0.0,0.0,0.0,0.0,0.0,0.0,0.0,TX
8150095,TX,4835,0.16193345189094543,2,1.0,117038.4140625,567241.0,2,0,131202.40625,0.0,445016.34375,0.0,0.0,0.0,0.0,0.0,0.0,0.0,0.0,0.0,0.0,0.0,0.0,0.0,0.0,0.0,0.0,0.0,0.0,0.0,0.0,0.0,0.0,0.0,0.0,0.0,0.0,0.0,0.0,0.0,0.0,0.0,0.0,0.0,-23244.0,0.0,23244.0,0.0,0.0,0.0,0.0,0.0,0.0,0.0,0.0,0.0,-35.2578125,0.0,35.25,0.0,0.0,0.0,0.0,0.0,0.0,0.0,0.0,0.0,0.0,0.0,0.0,0.0,0.0,0.0,0.0,0.0,0.0,0.0,0.0,0.0,0.0,0.0,0.0,0.0,0.0,0.0,0.0,0.0,0.0,0.0,0.0,0.0,0.0,0.0,0.0,0.0,0.0,0.0,0.0,0.0,107923.1484375,0.0,468295.59375,0.0,-23279.2578125,0.0,23279.25,0.0,-17.74301133482451,0.0,5.231100082397461,0.0,TX
8150096,TX,4835,0.29502567648887634,5,3.0,160351.875,160016.890625,5,0,13660.953125,0.0,136682.9375,0.0,0.0,0.0,0.0,0.0,-2543.9794921875,0.0,2543.984375,0.0,0.0,0.0,0.0,0.0,5804.5341796875,0.0,-5804.53125,0.0,0.0,0.0,0.0,0.0,-6150.0,0.0,6150.0,0.0,0.0,0.0,0.0,0.0,0.0,0.0,0.0,0.0,0.0,0.0,0.0,0.0,0.0,0.0,0.0,0.0,0.0,0.0,0.0,0.0,-440.0,0.0,440.0,0.0,0.0,0.0,0.0,0.0,0.0,0.0,0.0,0.0,0.0,0.0,0.0,0.0,0.0,0.0,0.0,0.0,0.0,0.0,0.0,0.0,0.0,0.0,0.0,0.0,-445.62109375,0.0,445.609375,0.0,0.0,0.0,0.0,0.0,0.0,0.0,0.0,0.0,0.0,0.0,0.0,0.0,9885.88671875,0.0,140458.0,0.0,-3775.06640625,0.0,3775.0625,0.0,-27.63398989592829,0.0,2.7619118690490723,0.0,TX
8150097,TX,4835,75.2936019897461,1,0.0,0.0,0.0,1,0,0.0,0.0,68038.5078125,34019.25390625,0.0,0.0,0.0,34019.25390625,0.0,0.0,0.0,0.0,0.0,0.0,0.0,0.0,0.0,0.0,0.0,0.0,0.0,0.0,0.0,0.0,0.0,0.0,0.0,0.0,0.0,0.0,0.0,0.0,0.0,0.0,0.0,0.0,0.0,0.0,0.0,0.0,0.0,0.0,0.0,0.0,0.0,0.0,0.0,0.0,0.0,0.0,0.0,0.0,0.0,0.0,0.0,0.0,0.0,0.0,0.0,0.0,0.0,0.0,0.0,0.0,0.0,0.0,0.0,0.0,0.0,0.0,0.0,0.0,0.0,0.0,0.0,0.0,0.0,0.0,0.0,0.0,0.0,0.0,0.0,0.0,0.0,0.0,0.0,0.0,0.0,0.0,0.0,0.0,0.0,0.0,68038.5078125,34019.25390625,0.0,0.0,0.0,0.0,0.0,0.0,0.0,0.0,TX
8150098,TX,4835,0.11139395833015442,3,1.0,1226009.625,1238348.5,3,0,413051.1875,0.0,832791.75,0.0,0.0,0.0,0.0,0.0,-38415.1875,0.0,38415.125,0.0,-5772.0,0.0,5772.0,0.0,0.0,0.0,0.0,0.0,0.0,0.0,0.0,0.0,0.0,0.0,0.0,0.0,0.0,0.0,0.0,0.0,0.0,0.0,0.0,0.0,0.0,0.0,0.0,0.0,0.0,0.0,0.0,0.0,0.0,0.0,0.0,0.0,-66.03125,0.0,66.0625,0.0,0.0,0.0,0.0,0.0,0.0,0.0,0.0,0.0,0.0,0.0,0.0,0.0,0.0,0.0,0.0,0.0,0.0,0.0,0.0,0.0,0.0,0.0,0.0,0.0,0.0,0.0,0.0,0.0,0.0,0.0,0.0,0.0,0.0,0.0,0.0,0.0,0.0,0.0,0.0,0.0,368797.96875,0.0,877044.9375,0.0,-44253.21875,0.0,44253.1875,0.0,-10.713737204786513,0.0,5.313836097717285,0.0,TX
8150099,TX,4835,0.1181049644947052,2,0.0,173475.2421875,176792.59375,2,0,26323.1484375,0.0,145309.421875,0.0,0.0,0.0,0.0,0.0,-3988.7783203125,0.0,3988.765625,0.0,-3432.0,0.0,3432.0,0.0,2332.0,0.0,-2332.0,0.0,0.0,0.0,0.0,0.0,0.0,0.0,0.0,0.0,0.0,0.0,0.0,0.0,0.0,0.0,0.0,0.0,0.0,0.0,0.0,0.0,0.0,0.0,0.0,0.0,0.0,0.0,0.0,0.0,0.0,0.0,0.0,0.0,0.0,0.0,0.0,0.0,0.0,0.0,0.0,0.0,0.0,0.0,0.0,0.0,0.0,0.0,0.0,0.0,-5878.4130859375,0.0,5878.421875,0.0,0.0,0.0,0.0,0.0,0.0,0.0,0.0,0.0,0.0,0.0,0.0,0.0,0.0,0.0,0.0,0.0,0.0,0.0,0.0,0.0,15355.95703125,0.0,156276.609375,0.0,-10967.19140625,0.0,10967.1875,0.0,-41.663676487217316,0.0,7.547471523284912,0.0,TX
8150100,TX,4835,0.21647024154663086,4,2.0,132316.03515625,158244.1875,4,0,19036.046875,0.0,140017.375,0.0,0.0,0.0,0.0,0.0,-3114.3251953125,0.0,3114.3125,0.0,-3326.2333984375,0.0,3326.25,0.0,4558.232421875,0.0,-4558.25,0.0,0.0,0.0,0.0,0.0,-4400.0,0.0,4400.0,0.0,0.0,0.0,0.0,0.0,-1099.9990234375,0.0,1100.0,0.0,0.0,0.0,0.0,0.0,0.0,0.0,0.0,0.0,0.0,0.0,0.0,0.0,0.0,0.0,0.0,0.0,0.0,0.0,0.0,0.0,0.0,0.0,0.0,0.0,0.0,0.0,0.0,0.0,0.0,0.0,0.0,0.0,0.0,0.0,0.0,0.0,0.0,0.0,0.0,0.0,-178.3447265625,0.0,178.34375,0.0,0.0,0.0,0.0,0.0,0.0,0.0,0.0,0.0,0.0,0.0,0.0,0.0,11475.376953125,0.0,147578.03125,0.0,-7560.669921875,0.0,7560.65625,0.0,-39.71764711193484,0.0,5.399798393249512,0.0,TX
8150101,TX,4835,82.66339111328125,3,2.0,0.0,0.0,3,0,0.0,0.0,78374.421875,29835.666015625,20223.16015625,0.0,0.0,50058.826171875,0.0,0.0,0.0,0.0,0.0,0.0,0.0,0.0,0.0,0.0,0.0,0.0,0.0,0.0,0.0,0.0,0.0,0.0,0.0,0.0,0.0,0.0,0.0,0.0,0.0,0.0,0.0,0.0,0.0,0.0,0.0,0.0,0.0,0.0,0.0,0.0,0.0,0.0,0.0,0.0,0.0,0.0,0.0,0.0,0.0,0.0,0.0,0.0,0.0,0.0,0.0,0.0,0.0,0.0,0.0,0.0,0.0,0.0,0.0,0.0,0.0,0.0,0.0,0.0,0.0,0.0,0.0,0.0,0.0,0.0,0.0,0.0,0.0,0.0,0.0,0.0,0.0,0.0,0.0,0.0,0.0,0.0,0.0,0.0,0.0,0.0,78374.421875,50058.826171875,0.0,0.0,0.0,0.0,0.0,0.0,0.0,0.0,TX
8150102,TX,4835,0.26217103004455566,1,0.0,0.0,101020.578125,1,0,15444.640625,0.0,149241.796875,21502.365234375,0.0,0.0,0.0,21502.365234375,-2268.3564453125,0.0,2268.359375,0.0,-1398.7568359375,0.0,1398.75,0.0,1166.0,0.0,-1166.0,0.0,0.0,0.0,0.0,0.0,0.0,0.0,0.0,0.0,0.0,0.0,0.0,0.0,0.0,0.0,0.0,0.0,0.0,0.0,0.0,0.0,0.0,0.0,0.0,0.0,0.0,0.0,0.0,0.0,-220.0,0.0,220.0,0.0,0.0,0.0,0.0,0.0,0.0,0.0,0.0,0.0,0.0,0.0,0.0,0.0,0.0,0.0,0.0,0.0,0.0,0.0,0.0,0.0,-976.5283203125,0.0,976.53125,0.0,0.0,0.0,0.0,0.0,0.0,0.0,0.0,0.0,0.0,0.0,0.0,0.0,0.0,0.0,0.0,0.0,11746.9990234375,0.0,152939.4375,21502.365234375,-3697.6416015625,0.0,3697.640625,0.0,-23.94126021668115,0.0,2.4776172637939453,0.0,TX
8150103,TX,4835,329.5060729980469,2,0.0,0.0,905.404468536377,2,0,0.0,0.0,60275.2421875,15096.88671875,40446.3203125,0.0,0.0,55543.20703125,0.0,0.0,0.0,0.0,0.0,0.0,0.0,0.0,0.0,0.0,0.0,0.0,0.0,0.0,0.0,0.0,0.0,0.0,0.0,0.0,0.0,0.0,0.0,0.0,0.0,0.0,0.0,0.0,0.0,0.0,0.0,0.0,0.0,0.0,0.0,0.0,0.0,0.0,0.0,0.0,0.0,0.0,0.0,0.0,0.0,0.0,0.0,0.0,0.0,0.0,0.0,0.0,0.0,0.0,0.0,0.0,0.0,0.0,0.0,0.0,0.0,0.0,0.0,0.0,0.0,0.0,0.0,0.0,0.0,0.0,0.0,0.0,0.0,0.0,0.0,0.0,0.0,0.0,0.0,0.0,0.0,0.0,0.0,0.0,0.0,0.0,60275.2421875,55543.20703125,0.0,0.0,0.0,0.0,0.0,0.0,0.0,0.0,TX
8150104,TX,4835,0.152688667178154,6,3.9999999999999996,364323.55712890625,353017.84375,6,0,79493.8359375,0.0,321816.15625,0.0,0.0,0.0,0.0,0.0,0.0,0.0,0.0,0.0,0.0,0.0,0.0,0.0,0.0,0.0,0.0,0.0,0.0,0.0,0.0,0.0,-7100.0,0.0,7100.0,0.0,0.0,0.0,0.0,0.0,0.0,0.0,0.0,0.0,-17097.996093750007,0.0,17098.0,0.0,0.0,0.0,0.0,0.0,0.0,0.0,0.0,0.0,-480.0,0.0,480.0,0.0,0.0,0.0,0.0,0.0,0.0,0.0,0.0,0.0,0.0,0.0,0.0,0.0,0.0,0.0,0.0,0.0,0.0,0.0,0.0,0.0,0.0,0.0,0.0,0.0,0.0,0.0,0.0,0.0,0.0,0.0,0.0,0.0,0.0,0.0,0.0,0.0,0.0,0.0,0.0,0.0,54815.83984374999,0.0,346494.15625,0.0,-24677.996093750007,0.0,24678.0,0.0,-31.043911521834787,0.0,7.66835355758667,0.0,TX
8150105,TX,4835,0.154473215341568,3,1.0,162174.5234375,164908.578125,3,0,22026.109375,0.0,161019.03125,0.0,0.0,0.0,0.0,0.0,-3472.947265625,0.0,3472.9375,0.0,-3432.0,0.0,3432.0,0.0,3498.0,0.0,-3498.0,0.0,0.0,0.0,0.0,0.0,-500.0,0.0,500.0,0.0,0.0,0.0,0.0,0.0,0.0,0.0,0.0,0.0,0.0,0.0,0.0,0.0,0.0,0.0,0.0,0.0,0.0,0.0,0.0,0.0,0.0,0.0,0.0,0.0,0.0,0.0,0.0,0.0,0.0,0.0,0.0,0.0,0.0,0.0,0.0,0.0,0.0,0.0,0.0,0.0,0.0,0.0,0.0,0.0,0.0,0.0,0.0,0.0,0.0,0.0,0.0,0.0,0.0,0.0,0.0,0.0,0.0,0.0,0.0,0.0,0.0,0.0,0.0,0.0,18119.162109375,0.0,164925.96875,0.0,-3906.947265625,0.0,3906.9375,0.0,-17.737800167556827,0.0,2.426382541656494,0.0,TX
8150106,TX,4835,0.27594542503356934,1,0.0,0.0,122898.953125,1,0,21274.73828125,0.0,173896.125,28315.58984375,0.0,0.0,0.0,28315.58984375,-2936.990234375,0.0,2936.984375,0.0,-1746.978515625,0.0,1746.984375,0.0,1166.0,0.0,-1166.0,0.0,0.0,0.0,0.0,0.0,0.0,0.0,0.0,0.0,0.0,0.0,0.0,0.0,0.0,0.0,0.0,0.0,0.0,0.0,0.0,0.0,0.0,0.0,0.0,0.0,0.0,0.0,0.0,0.0,0.0,0.0,0.0,0.0,0.0,0.0,0.0,0.0,0.0,0.0,0.0,0.0,0.0,0.0,0.0,0.0,0.0,0.0,0.0,0.0,0.0,0.0,0.0,0.0,-687.734375,0.0,687.734375,0.0,0.0,0.0,0.0,0.0,0.0,0.0,0.0,0.0,0.0,0.0,0.0,0.0,0.0,0.0,0.0,0.0,17069.03515625,0.0,178101.828125,28315.58984375,-4205.703125,0.0,4205.703125,0.0,-19.768530495656435,0.0,2.4185144901275635,0.0,TX
8150107,TX,4835,0.13018286228179932,2,1.0,66310.1171875,68284.9453125,0,2,4590.109375,0.0,62174.26171875,0.0,0.0,0.0,0.0,0.0,-811.736328125,0.0,811.734375,0.0,-1443.0,0.0,1443.0,0.0,1272.0,0.0,-1272.0,0.0,1000.0,0.0,-1000.0,0.0,0.0,0.0,0.0,0.0,-25.2861328125,0.0,25.28515625,0.0,0.0,0.0,0.0,0.0,0.0,0.0,0.0,0.0,0.0,0.0,0.0,0.0,0.0,0.0,0.0,0.0,-16.2724609375,0.0,16.2734375,0.0,0.0,0.0,0.0,0.0,0.0,0.0,0.0,0.0,0.0,0.0,0.0,0.0,0.0,0.0,0.0,0.0,0.0,0.0,0.0,0.0,0.0,0.0,0.0,0.0,-570.69921875,0.0,570.69921875,0.0,0.0,0.0,0.0,0.0,0.0,0.0,0.0,0.0,0.0,0.0,0.0,0.0,3995.115234375,0.0,62769.25390625,0.0,-594.994140625,0.0,594.9921875,0.0,-12.962526424002697,0.0,0.9569751024246216,0.0,TX
8150108,TX,4835,77.69656372070312,1,0.0,0.0,0.8272702097892761,1,0,0.0,0.0,71019.625,35509.203125,0.0,0.0,0.0,35509.203125,0.0,0.0,0.0,0.0,0.0,0.0,0.0,0.0,0.0,0.0,0.0,0.0,0.0,0.0,0.0,0.0,0.0,0.0,0.0,0.0,0.0,0.0,0.0,0.0,0.0,0.0,0.0,0.0,0.0,0.0,0.0,0.0,0.0,0.0,0.0,0.0,0.0,0.0,0.0,0.0,0.0,0.0,0.0,0.0,0.0,0.0,0.0,0.0,0.0,0.0,0.0,0.0,0.0,0.0,0.0,0.0,0.0,0.0,0.0,0.0,0.0,0.0,0.0,0.0,0.0,0.0,0.0,0.0,0.0,0.0,0.0,0.0,0.0,0.0,0.0,0.0,0.0,0.0,0.0,0.0,0.0,0.0,0.0,0.0,0.0,0.0,71019.625,35509.203125,0.0,0.0,0.0,0.0,0.0,0.0,0.0,0.0,TX
8150109,TX,4835,60.39120864868164,1,0.0,0.0,2152.92236328125,1,0,0.0,0.0,50936.5234375,24391.80078125,0.0,0.0,0.0,24391.80078125,0.0,0.0,0.0,0.0,0.0,0.0,0.0,0.0,0.0,0.0,0.0,0.0,0.0,0.0,0.0,0.0,0.0,0.0,0.0,0.0,0.0,0.0,0.0,0.0,0.0,0.0,0.0,0.0,0.0,0.0,0.0,0.0,0.0,0.0,0.0,0.0,0.0,0.0,0.0,0.0,0.0,0.0,0.0,0.0,0.0,0.0,0.0,0.0,0.0,0.0,0.0,0.0,0.0,0.0,0.0,0.0,0.0,0.0,0.0,0.0,0.0,0.0,0.0,0.0,0.0,0.0,0.0,0.0,0.0,0.0,0.0,0.0,0.0,0.0,0.0,0.0,0.0,0.0,0.0,0.0,0.0,0.0,0.0,0.0,0.0,0.0,50936.5234375,24391.80078125,0.0,0.0,0.0,0.0,0.0,0.0,0.0,0.0,TX
8150110,TX,4835,0.19845883548259735,2,0.0,101412.796875,145863.4375,1,1,18178.359375,0.0,183043.234375,36622.03515625,0.0,0.0,0.0,36622.03515625,-3011.4033203125,0.0,3011.40625,0.0,-3432.0,0.0,3432.0,0.0,2332.0,0.0,-2332.0,0.0,0.0,0.0,0.0,0.0,0.0,0.0,0.0,0.0,0.0,0.0,0.0,0.0,-11.712890625,0.0,11.703125,0.0,0.0,0.0,0.0,0.0,0.0,0.0,0.0,0.0,0.0,0.0,0.0,0.0,0.0,0.0,0.0,0.0,0.0,0.0,0.0,0.0,0.0,0.0,0.0,0.0,0.0,0.0,0.0,0.0,0.0,0.0,0.0,0.0,0.0,0.0,0.0,0.0,-1320.0,0.0,1320.0,0.0,0.0,0.0,0.0,0.0,0.0,0.0,0.0,0.0,0.0,0.0,0.0,0.0,0.0,0.0,0.0,0.0,12735.2431640625,0.0,188486.34375,36622.03515625,-5443.1162109375,0.0,5443.109375,0.0,-29.94283531671845,0.0,2.9736742973327637,0.0,TX
8150111,TX,4835,0.09988277405500412,1,0.0,91947.375,142948.75,1,0,26524.150390625,0.0,136515.4375,21855.5078125,0.0,0.0,0.0,21855.5078125,-3374.451171875,0.0,3374.453125,0.0,-1872.0,0.0,1872.0,0.0,1272.0,0.0,-1272.0,0.0,0.0,0.0,0.0,0.0,0.0,0.0,0.0,0.0,0.0,0.0,0.0,0.0,-1556.12109375,0.0,1556.109375,0.0,0.0,0.0,0.0,0.0,0.0,0.0,0.0,0.0,0.0,0.0,0.0,0.0,0.0,0.0,0.0,0.0,0.0,0.0,0.0,0.0,0.0,0.0,0.0,0.0,0.0,0.0,0.0,0.0,0.0,0.0,0.0,0.0,0.0,0.0,0.0,0.0,-461.5390625,0.0,461.546875,0.0,0.0,0.0,0.0,0.0,0.0,0.0,0.0,0.0,0.0,0.0,0.0,0.0,0.0,0.0,0.0,0.0,20532.0390625,0.0,142507.546875,21855.5078125,-5992.111328125,0.0,5992.109375,0.0,-22.59115274147639,0.0,4.389327526092529,0.0,TX
8150112,TX,4835,0.16568686068058014,2,0.0,154533.90234375,172175.78125,2,0,24866.64453125,0.0,144095.765625,0.0,0.0,0.0,0.0,0.0,-3813.998046875,0.0,3813.984375,0.0,-3165.974609375,0.0,3165.984375,0.0,2332.0,0.0,-2332.0,0.0,0.0,0.0,0.0,0.0,0.0,0.0,0.0,0.0,0.0,0.0,0.0,0.0,-1100.0,0.0,1100.0,0.0,0.0,0.0,0.0,0.0,0.0,0.0,0.0,0.0,0.0,0.0,0.0,0.0,-440.0,0.0,440.0,0.0,0.0,0.0,0.0,0.0,0.0,0.0,0.0,0.0,0.0,0.0,0.0,0.0,0.0,0.0,0.0,0.0,0.0,0.0,0.0,0.0,0.0,0.0,0.0,0.0,0.0,0.0,0.0,0.0,0.0,0.0,0.0,0.0,0.0,0.0,0.0,0.0,0.0,0.0,0.0,0.0,18678.671875,0.0,150283.734375,0.0,-6187.97265625,0.0,6187.96875,0.0,-24.884630688605988,0.0,4.294344902038574,0.0,TX
8150113,TX,4835,84.11632537841797,1,0.0,0.0,62.045265197753906,1,0,0.0,0.0,51827.59375,25904.736328125,0.0,0.0,0.0,25904.736328125,0.0,0.0,0.0,0.0,0.0,0.0,0.0,0.0,0.0,0.0,0.0,0.0,0.0,0.0,0.0,0.0,0.0,0.0,0.0,0.0,0.0,0.0,0.0,0.0,0.0,0.0,0.0,0.0,0.0,0.0,0.0,0.0,0.0,0.0,0.0,0.0,0.0,0.0,0.0,0.0,0.0,0.0,0.0,0.0,0.0,0.0,0.0,0.0,0.0,0.0,0.0,0.0,0.0,0.0,0.0,0.0,0.0,0.0,0.0,0.0,0.0,0.0,0.0,0.0,0.0,0.0,0.0,0.0,0.0,0.0,0.0,0.0,0.0,0.0,0.0,0.0,0.0,0.0,0.0,0.0,0.0,0.0,0.0,0.0,0.0,0.0,51827.59375,25904.736328125,0.0,0.0,0.0,0.0,0.0,0.0,0.0,0.0,TX
8150114,TX,4835,340.4968566894531,1,0.0,0.0,9.09997272491455,0,1,0.0,0.0,24162.58203125,3926.039794921875,20223.16015625,0.0,0.0,24149.199951171875,0.0,0.0,0.0,0.0,0.0,0.0,0.0,0.0,0.0,0.0,0.0,0.0,0.0,0.0,0.0,0.0,0.0,0.0,0.0,0.0,0.0,0.0,0.0,0.0,0.0,0.0,0.0,0.0,0.0,0.0,0.0,0.0,0.0,0.0,0.0,0.0,0.0,0.0,0.0,0.0,0.0,0.0,0.0,0.0,0.0,0.0,0.0,0.0,0.0,0.0,0.0,0.0,0.0,0.0,0.0,0.0,0.0,0.0,0.0,0.0,0.0,0.0,0.0,0.0,0.0,0.0,0.0,0.0,0.0,0.0,0.0,0.0,0.0,0.0,0.0,0.0,0.0,0.0,0.0,0.0,0.0,0.0,0.0,0.0,0.0,0.0,24162.58203125,24149.199951171875,0.0,0.0,0.0,0.0,0.0,0.0,0.0,0.0,TX
8150115,TX,4835,0.4231882393360138,1,0.0,0.0,0.0,0,1,0.0,0.0,0.0,0.0,0.0,0.0,0.0,0.0,0.0,0.0,0.0,0.0,0.0,0.0,0.0,0.0,0.0,0.0,0.0,0.0,0.0,0.0,0.0,0.0,0.0,0.0,0.0,0.0,0.0,0.0,0.0,0.0,0.0,0.0,0.0,0.0,0.0,0.0,0.0,0.0,0.0,0.0,0.0,0.0,0.0,0.0,0.0,0.0,0.0,0.0,0.0,0.0,0.0,0.0,0.0,0.0,0.0,0.0,0.0,0.0,0.0,0.0,0.0,0.0,0.0,0.0,0.0,0.0,0.0,0.0,0.0,0.0,0.0,0.0,0.0,0.0,0.0,0.0,0.0,0.0,0.0,0.0,0.0,0.0,0.0,0.0,0.0,0.0,0.0,0.0,0.0,0.0,0.0,0.0,0.0,0.0,0.0,0.0,0.0,0.0,0.0,0.0,0.0,0.0,TX
8150116,TX,4835,0.12234821170568466,2,1.0,53754.8828125,53760.671875,2,0,2584.100830078125,0.0,51309.265625,389.11334228515625,0.0,0.0,0.0,389.11334228515625,-416.8203125,0.0,416.8203125,0.0,-1442.9998779296875,0.0,1443.0,0.0,1271.9998779296875,0.0,-1272.0,0.0,0.0,0.0,0.0,0.0,-1200.0,0.0,1200.0,0.0,0.0,0.0,0.0,0.0,0.0,0.0,0.0,0.0,0.0,0.0,0.0,0.0,0.0,0.0,0.0,0.0,0.0,0.0,0.0,0.0,0.0,0.0,0.0,0.0,0.0,0.0,0.0,0.0,0.0,0.0,0.0,0.0,0.0,0.0,0.0,0.0,0.0,0.0,0.0,0.0,0.0,0.0,0.0,0.0,0.0,0.0,0.0,0.0,0.0,0.0,0.0,0.0,0.0,0.0,0.0,0.0,0.0,0.0,0.0,0.0,0.0,0.0,0.0,0.0,796.280517578125,0.0,53097.0859375,389.11334228515625,-1787.8203125,0.0,1787.8203125,0.0,-69.18539291076922,0.0,3.4844002723693848,0.0,TX
8150117,TX,4835,4.5506744384765625,1,0.0,0.0,1733.8970947265625,1,0,0.0,0.0,39625.3984375,19254.59375,0.0,0.0,0.0,19254.59375,0.0,0.0,0.0,0.0,0.0,0.0,0.0,0.0,0.0,0.0,0.0,0.0,0.0,0.0,0.0,0.0,0.0,0.0,0.0,0.0,0.0,0.0,0.0,0.0,0.0,0.0,0.0,0.0,0.0,0.0,0.0,0.0,0.0,0.0,0.0,0.0,0.0,0.0,0.0,0.0,0.0,0.0,0.0,0.0,0.0,0.0,0.0,0.0,0.0,0.0,0.0,0.0,0.0,0.0,0.0,0.0,0.0,0.0,0.0,0.0,0.0,0.0,0.0,0.0,0.0,0.0,0.0,0.0,0.0,0.0,0.0,0.0,0.0,0.0,0.0,0.0,0.0,0.0,0.0,0.0,0.0,0.0,0.0,0.0,0.0,0.0,39625.3984375,19254.59375,0.0,0.0,0.0,0.0,0.0,0.0,0.0,0.0,TX
8150118,TX,4835,6.257308483123779,1,0.0,0.0,0.0,1,0,0.0,0.0,37239.71875,18928.701171875,0.0,0.0,0.0,18928.701171875,0.0,0.0,0.0,0.0,0.0,0.0,0.0,0.0,0.0,0.0,0.0,0.0,0.0,0.0,0.0,0.0,0.0,0.0,0.0,0.0,0.0,0.0,0.0,0.0,0.0,0.0,0.0,0.0,0.0,0.0,0.0,0.0,0.0,0.0,0.0,0.0,0.0,0.0,0.0,0.0,0.0,0.0,0.0,0.0,0.0,0.0,0.0,0.0,0.0,0.0,0.0,0.0,0.0,0.0,0.0,0.0,0.0,0.0,0.0,0.0,0.0,0.0,0.0,0.0,0.0,0.0,0.0,0.0,0.0,0.0,0.0,0.0,0.0,0.0,0.0,0.0,0.0,0.0,0.0,0.0,0.0,0.0,0.0,0.0,0.0,0.0,37239.71875,18928.701171875,0.0,0.0,0.0,0.0,0.0,0.0,0.0,0.0,TX
8150119,TX,4835,218.71205139160156,1,0.0,0.0,0.0,1,0,0.0,0.0,24149.19921875,3926.039794921875,20223.16015625,0.0,0.0,24149.199951171875,0.0,0.0,0.0,0.0,0.0,0.0,0.0,0.0,0.0,0.0,0.0,0.0,0.0,0.0,0.0,0.0,0.0,0.0,0.0,0.0,0.0,0.0,0.0,0.0,0.0,0.0,0.0,0.0,0.0,0.0,0.0,0.0,0.0,0.0,0.0,0.0,0.0,0.0,0.0,0.0,0.0,0.0,0.0,0.0,0.0,0.0,0.0,0.0,0.0,0.0,0.0,0.0,0.0,0.0,0.0,0.0,0.0,0.0,0.0,0.0,0.0,0.0,0.0,0.0,0.0,0.0,0.0,0.0,0.0,0.0,0.0,0.0,0.0,0.0,0.0,0.0,0.0,0.0,0.0,0.0,0.0,0.0,0.0,0.0,0.0,0.0,24149.19921875,24149.199951171875,0.0,0.0,0.0,0.0,0.0,0.0,0.0,0.0,TX
8150120,TX,4835,0.11973448842763901,2,0.0,2549000.875,2564650.0,2,0,938233.125,0.0,1558128.625,0.0,0.0,0.0,0.0,0.0,-72877.875,0.0,72877.875,0.0,-5772.0,0.0,5772.0,0.0,0.0,0.0,0.0,0.0,0.0,0.0,0.0,0.0,0.0,0.0,0.0,0.0,0.0,0.0,0.0,0.0,0.0,0.0,0.0,0.0,0.0,0.0,0.0,0.0,0.0,0.0,0.0,0.0,0.0,0.0,0.0,0.0,-740.0,0.0,740.0,0.0,0.0,0.0,0.0,0.0,0.0,0.0,0.0,0.0,0.0,0.0,0.0,0.0,0.0,0.0,0.0,0.0,0.0,0.0,0.0,0.0,0.0,0.0,0.0,0.0,0.0,0.0,0.0,0.0,0.0,0.0,0.0,0.0,0.0,0.0,0.0,0.0,0.0,0.0,0.0,0.0,858843.25,0.0,1637518.5,0.0,-79389.875,0.0,79389.875,0.0,-8.461636333720364,0.0,5.0952067375183105,0.0,TX
8150121,TX,4835,0.018253451213240623,6,3.0,118073.650390625,277585.7734375,6,0,30416.373046875007,0.0,266415.53125,15695.1572265625,0.0,0.0,0.0,15695.1572265625,-4894.964843750011,0.0,4894.96875,0.0,-1716.0,0.0,1716.0,0.0,6996.0009765625,0.0,-6996.0,0.0,0.0,0.0,0.0,0.0,-4900.0,0.0,4900.0,0.0,0.0,0.0,0.0,0.0,-5931.565429687493,0.0,5931.5625,0.0,0.0,0.0,0.0,0.0,0.0,0.0,0.0,0.0,0.0,0.0,0.0,0.0,0.0,0.0,0.0,0.0,0.0,0.0,0.0,0.0,0.0,0.0,0.0,0.0,0.0,0.0,0.0,0.0,0.0,0.0,0.0,0.0,0.0,0.0,0.0,0.0,0.0,0.0,0.0,0.0,-374.5185546875073,0.0,374.5,0.0,0.0,0.0,0.0,0.0,0.0,0.0,0.0,0.0,0.0,0.0,0.0,0.0,19595.325195312496,0.0,277236.5625,15695.1572265625,-10821.047851562511,0.0,10821.03125,0.0,-35.5763911590842,0.0,4.06171178817749,0.0,TX
8150122,TX,4835,0.14602535963058472,2,0.0,162441.015625,172077.859375,2,0,25092.7578125,0.0,154057.203125,0.0,0.0,0.0,0.0,0.0,-3831.82421875,0.0,3831.828125,0.0,-3432.0,0.0,3432.0,0.0,2332.0,0.0,-2332.0,0.0,0.0,0.0,0.0,0.0,0.0,0.0,0.0,0.0,0.0,0.0,0.0,0.0,0.0,0.0,0.0,0.0,0.0,0.0,0.0,0.0,0.0,0.0,0.0,0.0,0.0,0.0,0.0,0.0,-68.451171875,0.0,68.453125,0.0,0.0,0.0,0.0,0.0,0.0,0.0,0.0,0.0,0.0,0.0,0.0,0.0,0.0,0.0,0.0,0.0,0.0,0.0,0.0,0.0,0.0,0.0,0.0,0.0,0.0,0.0,0.0,0.0,0.0,0.0,0.0,0.0,0.0,0.0,0.0,0.0,0.0,0.0,0.0,0.0,20092.482421875,0.0,159057.484375,0.0,-5000.275390625,0.0,5000.28125,0.0,-19.92716555106631,0.0,3.245730400085449,0.0,TX
8150123,TX,4835,0.12185563892126083,3,1.0,408784.609375,431184.6875,3,0,114420.28125,0.0,335390.0625,0.0,0.0,0.0,0.0,0.0,0.0,0.0,0.0,0.0,0.0,0.0,0.0,0.0,-0.0078125,0.0,0.0,0.0,0.0,0.0,0.0,0.0,-600.0,0.0,600.0,0.0,0.0,0.0,0.0,0.0,-10.3125,0.0,10.3125,0.0,-32682.0625,0.0,32682.0625,0.0,0.0,0.0,0.0,0.0,0.0,0.0,0.0,0.0,-480.0,0.0,480.0,0.0,0.0,0.0,0.0,0.0,0.0,0.0,0.0,0.0,0.0,0.0,0.0,0.0,0.0,0.0,0.0,0.0,0.0,0.0,0.0,0.0,0.0,0.0,0.0,0.0,0.0,0.0,0.0,0.0,0.0,0.0,0.0,0.0,0.0,0.0,0.0,0.0,0.0,0.0,0.0,0.0,80647.8984375,0.0,369162.4375,0.0,-33772.3828125,0.0,33772.375,0.0,-29.516080928615967,0.0,10.069581031799316,0.0,TX
8150124,TX,4835,0.1467728614807129,4,2.0,519051.015625,896789.875,2,2,281461.5625,0.0,590201.4375,0.0,0.0,0.0,0.0,0.0,-28234.765625,0.0,28234.75,0.0,0.0,0.0,0.0,0.0,0.0,0.0,0.0,0.0,0.0,0.0,0.0,0.0,0.0,0.0,0.0,0.0,0.0,0.0,0.0,0.0,-1400.0,0.0,1400.0,0.0,-5806.359375,0.0,5806.375,0.0,0.0,0.0,0.0,0.0,0.0,0.0,0.0,0.0,-740.0,0.0,740.0,0.0,0.0,0.0,0.0,0.0,0.0,0.0,0.0,0.0,0.0,0.0,0.0,0.0,0.0,0.0,0.0,0.0,0.0,0.0,0.0,0.0,0.0,0.0,0.0,0.0,0.0,0.0,0.0,0.0,0.0,0.0,0.0,0.0,0.0,0.0,0.0,0.0,0.0,0.0,0.0,0.0,245280.4375,0.0,626382.5625,0.0,-36181.125,0.0,36181.125,0.0,-12.854730386142869,0.0,6.130300998687744,0.0,TX
8150125,TX,4835,0.12461772561073303,3,1.0,150319.75625610352,151243.81704616547,3,0,29416.296875,0.0,136979.671875,20945.75390625,4137.51025390625,0.0,0.0,25083.26416015625,-3787.615234375,0.0,3787.625,0.0,-1872.0,0.0,1872.0,0.0,1272.0,0.0,-1272.0,0.0,0.0,0.0,0.0,0.0,0.0,0.0,0.0,0.0,0.0,0.0,0.0,0.0,0.0,0.0,0.0,0.0,0.0,0.0,0.0,0.0,0.0,0.0,0.0,0.0,0.0,0.0,0.0,0.0,0.0,0.0,0.0,0.0,0.0,0.0,0.0,0.0,0.0,0.0,0.0,0.0,0.0,0.0,0.0,0.0,0.0,0.0,0.0,0.0,0.0,0.0,0.0,0.0,0.0,0.0,0.0,0.0,0.0,0.0,0.0,0.0,0.0,0.0,0.0,0.0,0.0,0.0,0.0,0.0,0.0,0.0,0.0,0.0,25028.681640625,0.0,141367.296875,25083.26416015625,-4387.615234375,0.0,4387.625,0.0,-14.915593397154957,0.0,3.2031211853027344,0.0,TX
8150126,TX,4835,5.99409818649292,1,0.0,0.0,0.8272702097892761,1,0,0.0,0.0,29966.666015625,15291.56640625,0.0,0.0,0.0,15291.56640625,0.0,0.0,0.0,0.0,0.0,0.0,0.0,0.0,0.0,0.0,0.0,0.0,0.0,0.0,0.0,0.0,0.0,0.0,0.0,0.0,0.0,0.0,0.0,0.0,0.0,0.0,0.0,0.0,0.0,0.0,0.0,0.0,0.0,0.0,0.0,0.0,0.0,0.0,0.0,0.0,0.0,0.0,0.0,0.0,0.0,0.0,0.0,0.0,0.0,0.0,0.0,0.0,0.0,0.0,0.0,0.0,0.0,0.0,0.0,0.0,0.0,0.0,0.0,0.0,0.0,0.0,0.0,0.0,0.0,0.0,0.0,0.0,0.0,0.0,0.0,0.0,0.0,0.0,0.0,0.0,0.0,0.0,0.0,0.0,0.0,0.0,29966.666015625,15291.56640625,0.0,0.0,0.0,0.0,0.0,0.0,0.0,0.0,TX
8150127,TX,4835,0.11711210757493973,4,2.0,111565.75,176205.4375,4,0,16984.0625,0.0,156427.4375,0.0,0.0,0.0,0.0,0.0,-1735.6484375,0.0,1735.65625,0.0,-4212.0,0.0,4212.0,0.0,5724.0,0.0,-5724.0,0.0,0.0,0.0,0.0,0.0,-4400.0,0.0,4400.0,0.0,0.0,0.0,0.0,0.0,-1.6953125,0.0,1.6875,0.0,0.0,0.0,0.0,0.0,0.0,0.0,0.0,0.0,0.0,0.0,0.0,0.0,0.0,0.0,0.0,0.0,0.0,0.0,0.0,0.0,0.0,0.0,0.0,0.0,0.0,0.0,0.0,0.0,0.0,0.0,0.0,0.0,0.0,0.0,0.0,0.0,0.0,0.0,0.0,0.0,-326.853515625,0.0,326.859375,0.0,0.0,0.0,0.0,0.0,0.0,0.0,0.0,0.0,0.0,0.0,0.0,0.0,12031.865234375,0.0,161379.640625,0.0,-4952.197265625,0.0,4952.203125,0.0,-29.157907689193912,0.0,3.1658151149749756,0.0,TX
8150128,TX,4835,0.15189144015312195,2,0.0,0.0,135554.46875,2,0,15178.275390625,0.0,199676.15625,68875.5859375,0.0,0.0,0.0,68875.5859375,-2649.53125,0.0,2649.53125,0.0,-2302.6171875,0.0,2302.625,0.0,1287.51171875,0.0,-1287.515625,0.0,0.0,0.0,0.0,0.0,0.0,0.0,0.0,0.0,0.0,0.0,0.0,0.0,-0.029296875,0.0,0.03125,0.0,0.0,0.0,0.0,0.0,0.0,0.0,0.0,0.0,0.0,0.0,0.0,0.0,0.0,0.0,0.0,0.0,0.0,0.0,0.0,0.0,0.0,0.0,0.0,0.0,0.0,0.0,0.0,0.0,0.0,0.0,0.0,0.0,0.0,0.0,0.0,0.0,-1455.51171875,0.0,1455.515625,0.0,0.0,0.0,0.0,0.0,0.0,0.0,0.0,0.0,0.0,0.0,0.0,0.0,0.0,0.0,0.0,0.0,10058.09765625,0.0,204796.34375,68875.5859375,-5120.177734375,0.0,5120.1875,0.0,-33.733593590860295,0.0,2.5642459392547607,0.0,TX
8150129,TX,4835,6.8330254554748535,1,0.0,0.0,124.09053039550781,1,0,0.0,0.0,42323.921875,21214.560546875,0.0,0.0,0.0,21214.560546875,0.0,0.0,0.0,0.0,0.0,0.0,0.0,0.0,0.0,0.0,0.0,0.0,0.0,0.0,0.0,0.0,0.0,0.0,0.0,0.0,0.0,0.0,0.0,0.0,0.0,0.0,0.0,0.0,0.0,0.0,0.0,0.0,0.0,0.0,0.0,0.0,0.0,0.0,0.0,0.0,0.0,0.0,0.0,0.0,0.0,0.0,0.0,0.0,0.0,0.0,0.0,0.0,0.0,0.0,0.0,0.0,0.0,0.0,0.0,0.0,0.0,0.0,0.0,0.0,0.0,0.0,0.0,0.0,0.0,0.0,0.0,0.0,0.0,0.0,0.0,0.0,0.0,0.0,0.0,0.0,0.0,0.0,0.0,0.0,0.0,0.0,42323.921875,21214.560546875,0.0,0.0,0.0,0.0,0.0,0.0,0.0,0.0,TX
8150130,TX,4835,4.733609676361084,1,0.0,0.0,17.3726749420166,1,0,0.0,0.0,42920.140625,21785.693359375,0.0,0.0,0.0,21785.693359375,0.0,0.0,0.0,0.0,0.0,0.0,0.0,0.0,0.0,0.0,0.0,0.0,0.0,0.0,0.0,0.0,0.0,0.0,0.0,0.0,0.0,0.0,0.0,0.0,0.0,0.0,0.0,0.0,0.0,0.0,0.0,0.0,0.0,0.0,0.0,0.0,0.0,0.0,0.0,0.0,0.0,0.0,0.0,0.0,0.0,0.0,0.0,0.0,0.0,0.0,0.0,0.0,0.0,0.0,0.0,0.0,0.0,0.0,0.0,0.0,0.0,0.0,0.0,0.0,0.0,0.0,0.0,0.0,0.0,0.0,0.0,0.0,0.0,0.0,0.0,0.0,0.0,0.0,0.0,0.0,0.0,0.0,0.0,0.0,0.0,0.0,42920.140625,21785.693359375,0.0,0.0,0.0,0.0,0.0,0.0,0.0,0.0,TX
8150131,TX,4835,295.6729431152344,1,0.0,13937.416015625,13937.416015625,1,0,0.0,0.0,42530.640625,9436.27734375,20223.16015625,0.0,0.0,29659.4375,0.0,0.0,0.0,0.0,0.0,0.0,0.0,0.0,0.0,0.0,0.0,0.0,0.0,0.0,0.0,0.0,0.0,0.0,0.0,0.0,0.0,0.0,0.0,0.0,0.0,0.0,0.0,0.0,0.0,0.0,0.0,0.0,0.0,0.0,0.0,0.0,0.0,0.0,0.0,0.0,0.0,0.0,0.0,0.0,0.0,0.0,0.0,0.0,0.0,0.0,0.0,0.0,0.0,0.0,0.0,0.0,0.0,0.0,0.0,0.0,0.0,0.0,0.0,0.0,0.0,0.0,0.0,0.0,0.0,0.0,0.0,0.0,0.0,0.0,0.0,0.0,0.0,0.0,0.0,0.0,0.0,0.0,0.0,0.0,0.0,0.0,42530.640625,29659.4375,0.0,0.0,0.0,0.0,0.0,0.0,0.0,0.0,TX
8150132,TX,4835,6.727653980255127,1,0.0,0.0,152.16644287109375,1,0,0.0,0.0,27147.880859375,13915.6376953125,0.0,0.0,0.0,13915.6376953125,0.0,0.0,0.0,0.0,0.0,0.0,0.0,0.0,0.0,0.0,0.0,0.0,0.0,0.0,0.0,0.0,0.0,0.0,0.0,0.0,0.0,0.0,0.0,0.0,0.0,0.0,0.0,0.0,0.0,0.0,0.0,0.0,0.0,0.0,0.0,0.0,0.0,0.0,0.0,0.0,0.0,0.0,0.0,0.0,0.0,0.0,0.0,0.0,0.0,0.0,0.0,0.0,0.0,0.0,0.0,0.0,0.0,0.0,0.0,0.0,0.0,0.0,0.0,0.0,0.0,0.0,0.0,0.0,0.0,0.0,0.0,0.0,0.0,0.0,0.0,0.0,0.0,0.0,0.0,0.0,0.0,0.0,0.0,0.0,0.0,0.0,27147.880859375,13915.6376953125,0.0,0.0,0.0,0.0,0.0,0.0,0.0,0.0,TX
8150133,TX,4835,179.48886108398438,1,0.0,0.0,0.0,1,0,0.0,0.0,24793.232421875,4570.072265625,20223.16015625,0.0,0.0,24793.232421875,0.0,0.0,0.0,0.0,0.0,0.0,0.0,0.0,0.0,0.0,0.0,0.0,0.0,0.0,0.0,0.0,0.0,0.0,0.0,0.0,0.0,0.0,0.0,0.0,0.0,0.0,0.0,0.0,0.0,0.0,0.0,0.0,0.0,0.0,0.0,0.0,0.0,0.0,0.0,0.0,0.0,0.0,0.0,0.0,0.0,0.0,0.0,0.0,0.0,0.0,0.0,0.0,0.0,0.0,0.0,0.0,0.0,0.0,0.0,0.0,0.0,0.0,0.0,0.0,0.0,0.0,0.0,0.0,0.0,0.0,0.0,0.0,0.0,0.0,0.0,0.0,0.0,0.0,0.0,0.0,0.0,0.0,0.0,0.0,0.0,0.0,24793.232421875,24793.232421875,0.0,0.0,0.0,0.0,0.0,0.0,0.0,0.0,TX
8150134,TX,4835,0.11465475708246231,3,1.0,58556.83984375,420469.8984375,2,1,98133.43017578125,0.0,333242.875,3700.351318359375,0.0,0.0,0.0,3700.351318359375,-561.20751953125,0.0,561.21875,0.0,-1443.0,0.0,1443.0,0.0,1272.0,0.0,-1272.0,0.0,0.0,0.0,0.0,0.0,-1200.0,0.0,1200.0,0.0,0.0,0.0,0.0,0.0,-17259.40625,0.0,17259.40625,0.0,-8640.4609375,0.0,8640.4375,0.0,0.0,0.0,0.0,0.0,0.0,0.0,0.0,0.0,-350.0,0.0,350.0,0.0,0.0,0.0,0.0,0.0,0.0,0.0,0.0,0.0,0.0,0.0,0.0,0.0,0.0,0.0,0.0,0.0,0.0,0.0,0.0,0.0,0.0,0.0,0.0,0.0,0.0,0.0,0.0,0.0,0.0,0.0,0.0,0.0,0.0,0.0,0.0,0.0,0.0,0.0,0.0,0.0,69951.35546875,0.0,361424.9375,3700.351318359375,-28182.07470703125,0.0,28182.0625,0.0,-28.718118439914086,0.0,8.456912994384766,0.0,TX
8150135,TX,4835,65.14202880859375,2,0.0,0.0,82.72702026367188,2,0,0.0,0.0,123982.609375,61930.4765625,0.0,0.0,0.0,61930.4765625,0.0,0.0,0.0,0.0,0.0,0.0,0.0,0.0,0.0,0.0,0.0,0.0,0.0,0.0,0.0,0.0,0.0,0.0,0.0,0.0,0.0,0.0,0.0,0.0,0.0,0.0,0.0,0.0,0.0,0.0,0.0,0.0,0.0,0.0,0.0,0.0,0.0,0.0,0.0,0.0,0.0,0.0,0.0,0.0,0.0,0.0,0.0,0.0,0.0,0.0,0.0,0.0,0.0,0.0,0.0,0.0,0.0,0.0,0.0,0.0,0.0,0.0,0.0,0.0,0.0,0.0,0.0,0.0,0.0,0.0,0.0,0.0,0.0,0.0,0.0,0.0,0.0,0.0,0.0,0.0,0.0,0.0,0.0,0.0,0.0,0.0,123982.609375,61930.4765625,0.0,0.0,0.0,0.0,0.0,0.0,0.0,0.0,TX
8150136,TX,4835,57.53379821777344,1,0.0,0.0,0.0,1,0,0.0,0.0,34793.5234375,14570.3623046875,20223.16015625,0.0,0.0,34793.5224609375,0.0,0.0,0.0,0.0,0.0,0.0,0.0,0.0,0.0,0.0,0.0,0.0,0.0,0.0,0.0,0.0,0.0,0.0,0.0,0.0,0.0,0.0,0.0,0.0,0.0,0.0,0.0,0.0,0.0,0.0,0.0,0.0,0.0,0.0,0.0,0.0,0.0,0.0,0.0,0.0,0.0,0.0,0.0,0.0,0.0,0.0,0.0,0.0,0.0,0.0,0.0,0.0,0.0,0.0,0.0,0.0,0.0,0.0,0.0,0.0,0.0,0.0,0.0,0.0,0.0,0.0,0.0,0.0,0.0,0.0,0.0,0.0,0.0,0.0,0.0,0.0,0.0,0.0,0.0,0.0,0.0,0.0,0.0,0.0,0.0,0.0,34793.5234375,34793.5224609375,0.0,0.0,0.0,0.0,0.0,0.0,0.0,0.0,TX
8150137,TX,4835,0.11896287649869919,6,3.0,395450.77490234375,440839.578125,6,0,109423.07186889648,0.0,404105.21875,32698.244140625,0.0,0.0,0.0,32698.244140625,0.0,0.0,0.0,0.0,-433.2671813964844,0.0,433.28125,0.0,183.26718139648438,0.0,-183.28125,0.0,0.0,0.0,0.0,0.0,-5550.0,0.0,5550.0,0.0,0.0,0.0,0.0,0.0,0.0,0.0,0.0,0.0,-29248.1328125,0.0,29248.125,0.0,0.0,0.0,0.0,0.0,0.0,0.0,0.0,0.0,-142.3359375,0.0,142.34375,0.0,0.0,0.0,0.0,0.0,0.0,0.0,0.0,0.0,0.0,0.0,0.0,0.0,0.0,0.0,0.0,0.0,0.0,0.0,0.0,0.0,-183.26718139648438,0.0,183.25,0.0,0.0,0.0,0.0,0.0,0.0,0.0,0.0,0.0,0.0,0.0,0.0,0.0,0.0,0.0,0.0,0.0,74049.3359375,0.0,439478.9375,32698.244140625,-35373.735931396484,0.0,35373.71875,0.0,-32.32749302978714,0.0,8.75359058380127,0.0,TX
8150138,TX,4835,3.505402088165283,1,0.0,0.0,4136.35107421875,1,0,0.0,0.0,44797.53125,19501.171875,0.0,0.0,0.0,19501.171875,0.0,0.0,0.0,0.0,0.0,0.0,0.0,0.0,0.0,0.0,0.0,0.0,0.0,0.0,0.0,0.0,0.0,0.0,0.0,0.0,0.0,0.0,0.0,0.0,0.0,0.0,0.0,0.0,0.0,0.0,0.0,0.0,0.0,0.0,0.0,0.0,0.0,0.0,0.0,0.0,0.0,0.0,0.0,0.0,0.0,0.0,0.0,0.0,0.0,0.0,0.0,0.0,0.0,0.0,0.0,0.0,0.0,0.0,0.0,0.0,0.0,0.0,0.0,0.0,0.0,0.0,0.0,0.0,0.0,0.0,0.0,0.0,0.0,0.0,0.0,0.0,0.0,0.0,0.0,0.0,0.0,0.0,0.0,0.0,0.0,0.0,44797.53125,19501.171875,0.0,0.0,0.0,0.0,0.0,0.0,0.0,0.0,TX
8150139,TX,4835,0.2995050847530365,2,0.0,0.0,24293.87890625,2,0,0.0,0.0,121296.0703125,51399.4609375,0.0,0.0,0.0,51399.4609375,0.0,0.0,0.0,0.0,0.0,0.0,0.0,0.0,0.0,0.0,0.0,0.0,0.0,0.0,0.0,0.0,0.0,0.0,0.0,0.0,0.0,0.0,0.0,0.0,0.0,0.0,0.0,0.0,0.0,0.0,0.0,0.0,0.0,0.0,0.0,0.0,0.0,0.0,0.0,0.0,0.0,0.0,0.0,0.0,0.0,0.0,0.0,0.0,0.0,0.0,0.0,0.0,0.0,0.0,0.0,0.0,0.0,0.0,0.0,0.0,0.0,0.0,0.0,0.0,0.0,0.0,0.0,0.0,0.0,0.0,0.0,0.0,0.0,0.0,0.0,0.0,0.0,0.0,0.0,0.0,0.0,0.0,0.0,0.0,0.0,0.0,121296.0703125,51399.4609375,0.0,0.0,0.0,0.0,0.0,0.0,0.0,0.0,TX
8150140,TX,4835,3.587794303894043,1,0.0,3390.25244140625,3398.525146484375,1,0,0.0,0.0,50275.58203125,21777.03125,0.0,0.0,0.0,21777.03125,0.0,0.0,0.0,0.0,0.0,0.0,0.0,0.0,0.0,0.0,0.0,0.0,0.0,0.0,0.0,0.0,0.0,0.0,0.0,0.0,0.0,0.0,0.0,0.0,0.0,0.0,0.0,0.0,0.0,0.0,0.0,0.0,0.0,0.0,0.0,0.0,0.0,0.0,0.0,0.0,0.0,0.0,0.0,0.0,0.0,0.0,0.0,0.0,0.0,0.0,0.0,0.0,0.0,0.0,0.0,0.0,0.0,0.0,0.0,0.0,0.0,0.0,0.0,0.0,0.0,0.0,0.0,0.0,0.0,0.0,0.0,0.0,0.0,0.0,0.0,0.0,0.0,0.0,0.0,0.0,0.0,0.0,0.0,0.0,0.0,0.0,50275.58203125,21777.03125,0.0,0.0,0.0,0.0,0.0,0.0,0.0,0.0,TX
8150141,TX,4835,105.74422454833984,1,0.0,0.0,0.0,1,0,0.0,0.0,43928.41015625,13359.525390625,20223.16015625,0.0,0.0,33582.685546875,0.0,0.0,0.0,0.0,0.0,0.0,0.0,0.0,0.0,0.0,0.0,0.0,0.0,0.0,0.0,0.0,0.0,0.0,0.0,0.0,0.0,0.0,0.0,0.0,0.0,0.0,0.0,0.0,0.0,0.0,0.0,0.0,0.0,0.0,0.0,0.0,0.0,0.0,0.0,0.0,0.0,0.0,0.0,0.0,0.0,0.0,0.0,0.0,0.0,0.0,0.0,0.0,0.0,0.0,0.0,0.0,0.0,0.0,0.0,0.0,0.0,0.0,0.0,0.0,0.0,0.0,0.0,0.0,0.0,0.0,0.0,0.0,0.0,0.0,0.0,0.0,0.0,0.0,0.0,0.0,0.0,0.0,0.0,0.0,0.0,0.0,43928.41015625,33582.685546875,0.0,0.0,0.0,0.0,0.0,0.0,0.0,0.0,TX
8150142,TX,4835,669.6150512695312,3,0.0,0.0,0.0,3,0,0.0,0.0,91203.390625,19786.001953125,60669.48046875,0.0,0.0,80455.482421875,0.0,0.0,0.0,0.0,0.0,0.0,0.0,0.0,0.0,0.0,0.0,0.0,0.0,0.0,0.0,0.0,0.0,0.0,0.0,0.0,0.0,0.0,0.0,0.0,0.0,0.0,0.0,0.0,0.0,0.0,0.0,0.0,0.0,0.0,0.0,0.0,0.0,0.0,0.0,0.0,0.0,0.0,0.0,0.0,0.0,0.0,0.0,0.0,0.0,0.0,0.0,0.0,0.0,0.0,0.0,0.0,0.0,0.0,0.0,0.0,0.0,0.0,0.0,0.0,0.0,0.0,0.0,0.0,0.0,0.0,0.0,0.0,0.0,0.0,0.0,0.0,0.0,0.0,0.0,0.0,0.0,0.0,0.0,0.0,0.0,0.0,91203.390625,80455.482421875,0.0,0.0,0.0,0.0,0.0,0.0,0.0,0.0,TX
8150143,TX,4835,340.8083801269531,1,0.0,0.0,0.0,1,0,0.0,0.0,42807.5234375,18256.203125,20223.16015625,0.0,0.0,38479.36328125,0.0,0.0,0.0,0.0,0.0,0.0,0.0,0.0,0.0,0.0,0.0,0.0,0.0,0.0,0.0,0.0,0.0,0.0,0.0,0.0,0.0,0.0,0.0,0.0,0.0,0.0,0.0,0.0,0.0,0.0,0.0,0.0,0.0,0.0,0.0,0.0,0.0,0.0,0.0,0.0,0.0,0.0,0.0,0.0,0.0,0.0,0.0,0.0,0.0,0.0,0.0,0.0,0.0,0.0,0.0,0.0,0.0,0.0,0.0,0.0,0.0,0.0,0.0,0.0,0.0,0.0,0.0,0.0,0.0,0.0,0.0,0.0,0.0,0.0,0.0,0.0,0.0,0.0,0.0,0.0,0.0,0.0,0.0,0.0,0.0,0.0,42807.5234375,38479.36328125,0.0,0.0,0.0,0.0,0.0,0.0,0.0,0.0,TX
8150144,TX,4835,0.13784193992614746,2,0.0,395277.41064453125,416381.78125,2,0,108501.28125,0.0,330285.875,0.0,0.0,0.0,0.0,0.0,0.0,0.0,0.0,0.0,0.0,0.0,0.0,0.0,0.0,0.0,0.0,0.0,0.0,0.0,0.0,0.0,0.0,0.0,0.0,0.0,0.0,0.0,0.0,0.0,0.0,0.0,0.0,0.0,-31086.9765625,0.0,31087.0,0.0,0.0,0.0,0.0,0.0,0.0,0.0,0.0,0.0,-480.0,0.0,480.0,0.0,0.0,0.0,0.0,0.0,0.0,0.0,0.0,0.0,0.0,0.0,0.0,0.0,0.0,0.0,0.0,0.0,0.0,0.0,0.0,0.0,0.0,0.0,0.0,0.0,0.0,0.0,0.0,0.0,0.0,0.0,0.0,0.0,0.0,0.0,0.0,0.0,0.0,0.0,0.0,0.0,76934.3046875,0.0,361852.875,0.0,-31566.9765625,0.0,31567.0,0.0,-29.09364405547054,0.0,9.557477951049805,0.0,TX
8150145,TX,4835,0.23501022160053253,2,0.0,92554.98828125,93921.640625,2,0,8793.24609375,0.0,86601.6171875,0.0,0.0,0.0,0.0,0.0,-1282.649169921875,0.0,1282.6484375,0.0,-1872.0,0.0,1872.0,0.0,1272.0,0.0,-1272.0,0.0,0.0,0.0,0.0,0.0,0.0,0.0,0.0,0.0,0.0,0.0,0.0,0.0,0.0,0.0,0.0,0.0,0.0,0.0,0.0,0.0,0.0,0.0,0.0,0.0,0.0,0.0,0.0,0.0,0.0,0.0,0.0,0.0,0.0,0.0,0.0,0.0,0.0,0.0,0.0,0.0,0.0,0.0,0.0,0.0,0.0,0.0,0.0,0.0,-150.71875,0.0,150.71875,0.0,0.0,0.0,0.0,0.0,-69.806640625,0.0,69.8046875,0.0,0.0,0.0,0.0,0.0,0.0,0.0,0.0,0.0,0.0,0.0,0.0,0.0,6690.071533203125,0.0,88704.7890625,0.0,-2103.174560546875,0.0,2103.171875,0.0,-23.91806777751568,0.0,2.4285595417022705,0.0,TX
8150146,TX,4835,0.1108364388346672,10,7.000000000000001,111174.12255859375,662450.984375,10,0,113910.18041992188,0.0,573355.5625,5564.98486328125,0.0,12521.9091796875,3383.1650390625,21470.05908203125,-19.11572265625,0.0,19.125,0.0,-1203.5772094726562,0.0,1203.5625,0.0,2304.5772094726562,0.0,-2304.5625,0.0,0.0,0.0,0.0,0.0,-2200.0,0.0,2200.0,0.0,0.0,0.0,0.0,0.0,-35208.515625,0.0,35208.5,0.0,-12233.421875000007,0.0,12233.4375,0.0,0.0,0.0,0.0,0.0,0.0,0.0,0.0,0.0,0.0,0.0,0.0,0.0,-1172.1406249999854,0.0,1172.1875,0.0,0.0,0.0,0.0,0.0,0.0,0.0,0.0,0.0,0.0,0.0,0.0,0.0,0.0,0.0,0.0,0.0,0.0,0.0,0.0,0.0,-55.37353515625,0.0,55.375,0.0,0.0,0.0,0.0,0.0,0.0,0.0,0.0,0.0,0.0,0.0,0.0,0.0,64122.61303710938,0.0,623143.1875,21470.05908203125,-49787.56738281249,0.0,49787.625,0.0,-43.70774166038024,0.0,8.683550834655762,0.0,TX
8150147,TX,4835,43.80323028564453,1,0.0,0.0,2852.131591796875,1,0,0.0,0.0,40933.0,9763.453125,20223.16015625,0.0,0.0,29986.61328125,0.0,0.0,0.0,0.0,0.0,0.0,0.0,0.0,0.0,0.0,0.0,0.0,0.0,0.0,0.0,0.0,0.0,0.0,0.0,0.0,0.0,0.0,0.0,0.0,0.0,0.0,0.0,0.0,0.0,0.0,0.0,0.0,0.0,0.0,0.0,0.0,0.0,0.0,0.0,0.0,0.0,0.0,0.0,0.0,0.0,0.0,0.0,0.0,0.0,0.0,0.0,0.0,0.0,0.0,0.0,0.0,0.0,0.0,0.0,0.0,0.0,0.0,0.0,0.0,0.0,0.0,0.0,0.0,0.0,0.0,0.0,0.0,0.0,0.0,0.0,0.0,0.0,0.0,0.0,0.0,0.0,0.0,0.0,0.0,0.0,0.0,40933.0,29986.61328125,0.0,0.0,0.0,0.0,0.0,0.0,0.0,0.0,TX
8150148,TX,4835,0.28762176632881165,2,0.0,22119.3828125,22120.2109375,2,0,452.0211181640625,0.0,27328.4609375,2758.017333984375,0.0,0.0,0.0,2758.017333984375,0.0,0.0,0.0,0.0,-452.0211181640625,0.0,452.021484375,0.0,202.0211181640625,0.0,-202.021484375,0.0,0.0,0.0,0.0,0.0,0.0,0.0,0.0,0.0,0.0,0.0,0.0,0.0,0.0,0.0,0.0,0.0,0.0,0.0,0.0,0.0,0.0,0.0,0.0,0.0,0.0,0.0,0.0,0.0,0.0,0.0,0.0,0.0,0.0,0.0,0.0,0.0,0.0,0.0,0.0,0.0,0.0,0.0,0.0,0.0,0.0,0.0,0.0,0.0,0.0,0.0,0.0,0.0,0.0,0.0,0.0,0.0,0.0,0.0,0.0,0.0,0.0,0.0,0.0,0.0,0.0,0.0,0.0,0.0,0.0,0.0,0.0,0.0,202.0211181640625,0.0,27578.4609375,2758.017333984375,-250.0,0.0,250.0,0.0,-55.307150474607184,0.0,0.9147971868515015,0.0,TX
8150149,TX,4835,23.29804039001465,2,0.0,0.0,28.08690643310547,2,0,0.0,0.0,695.8729858398438,660.0,0.0,0.0,0.0,660.0,0.0,0.0,0.0,0.0,0.0,0.0,0.0,0.0,0.0,0.0,0.0,0.0,0.0,0.0,0.0,0.0,0.0,0.0,0.0,0.0,0.0,0.0,0.0,0.0,0.0,0.0,0.0,0.0,0.0,0.0,0.0,0.0,0.0,0.0,0.0,0.0,0.0,0.0,0.0,0.0,0.0,0.0,0.0,0.0,0.0,0.0,0.0,0.0,0.0,0.0,0.0,0.0,0.0,0.0,0.0,0.0,0.0,0.0,0.0,0.0,0.0,0.0,0.0,0.0,0.0,0.0,0.0,0.0,0.0,0.0,0.0,0.0,0.0,0.0,0.0,0.0,0.0,0.0,0.0,0.0,0.0,0.0,0.0,0.0,0.0,0.0,695.8729858398438,660.0,0.0,0.0,0.0,0.0,0.0,0.0,0.0,0.0,TX
8150150,TX,4835,62.624263763427734,1,0.0,0.0,2.4818105697631836,1,0,0.0,0.0,39363.13671875,10634.783203125,20223.16015625,0.0,0.0,30857.943359375,0.0,0.0,0.0,0.0,0.0,0.0,0.0,0.0,0.0,0.0,0.0,0.0,0.0,0.0,0.0,0.0,0.0,0.0,0.0,0.0,0.0,0.0,0.0,0.0,0.0,0.0,0.0,0.0,0.0,0.0,0.0,0.0,0.0,0.0,0.0,0.0,0.0,0.0,0.0,0.0,0.0,0.0,0.0,0.0,0.0,0.0,0.0,0.0,0.0,0.0,0.0,0.0,0.0,0.0,0.0,0.0,0.0,0.0,0.0,0.0,0.0,0.0,0.0,0.0,0.0,0.0,0.0,0.0,0.0,0.0,0.0,0.0,0.0,0.0,0.0,0.0,0.0,0.0,0.0,0.0,0.0,0.0,0.0,0.0,0.0,0.0,39363.13671875,30857.943359375,0.0,0.0,0.0,0.0,0.0,0.0,0.0,0.0,TX
8150151,TX,4835,9.029547691345215,1,0.0,0.0,2.4818105697631836,1,0,0.0,0.0,38991.94140625,19892.515625,0.0,0.0,0.0,19892.515625,0.0,0.0,0.0,0.0,0.0,0.0,0.0,0.0,0.0,0.0,0.0,0.0,0.0,0.0,0.0,0.0,0.0,0.0,0.0,0.0,0.0,0.0,0.0,0.0,0.0,0.0,0.0,0.0,0.0,0.0,0.0,0.0,0.0,0.0,0.0,0.0,0.0,0.0,0.0,0.0,0.0,0.0,0.0,0.0,0.0,0.0,0.0,0.0,0.0,0.0,0.0,0.0,0.0,0.0,0.0,0.0,0.0,0.0,0.0,0.0,0.0,0.0,0.0,0.0,0.0,0.0,0.0,0.0,0.0,0.0,0.0,0.0,0.0,0.0,-466.73828125,-466.740234375,0.0,0.0,0.0,0.0,0.0,0.0,0.0,0.0,0.0,0.0,38525.203125,19425.775390625,0.0,0.0,-466.73828125,-466.740234375,0.0,0.0,-1.197012186050415,-2.3463107591501515,TX
8150152,TX,4835,0.22594764828681946,2,0.0,165841.7109375,436611.96875,2,0,123449.5,0.0,425978.875,95869.078125,0.0,0.0,0.0,95869.078125,0.0,0.0,0.0,0.0,0.0,0.0,0.0,0.0,0.0,0.0,0.0,0.0,0.0,0.0,0.0,0.0,0.0,0.0,0.0,0.0,0.0,0.0,0.0,0.0,-14243.8828125,0.0,14243.875,0.0,-29636.5234375,0.0,29636.5,0.0,0.0,0.0,0.0,0.0,0.0,0.0,0.0,0.0,0.0,0.0,0.0,0.0,0.0,0.0,0.0,0.0,0.0,0.0,0.0,0.0,0.0,0.0,0.0,0.0,0.0,0.0,0.0,0.0,0.0,0.0,0.0,0.0,0.0,0.0,0.0,0.0,0.0,0.0,0.0,0.0,0.0,0.0,0.0,0.0,0.0,0.0,0.0,0.0,0.0,0.0,0.0,0.0,79569.09375,0.0,469859.25,95869.078125,-43880.40625,0.0,43880.375,0.0,-35.54522800821388,0.0,10.301068305969238,0.0,TX
8150153,TX,4835,77.60232543945312,1,0.0,0.0,0.0,1,0,0.0,0.0,51870.25390625,26078.96875,0.0,0.0,0.0,26078.96875,0.0,0.0,0.0,0.0,0.0,0.0,0.0,0.0,0.0,0.0,0.0,0.0,0.0,0.0,0.0,0.0,0.0,0.0,0.0,0.0,0.0,0.0,0.0,0.0,0.0,0.0,0.0,0.0,0.0,0.0,0.0,0.0,0.0,0.0,0.0,0.0,0.0,0.0,0.0,0.0,0.0,0.0,0.0,0.0,0.0,0.0,0.0,0.0,0.0,0.0,0.0,0.0,0.0,0.0,0.0,0.0,0.0,0.0,0.0,0.0,0.0,0.0,0.0,0.0,0.0,0.0,0.0,0.0,0.0,0.0,0.0,0.0,0.0,0.0,0.0,0.0,0.0,0.0,0.0,0.0,0.0,0.0,0.0,0.0,0.0,0.0,51870.25390625,26078.96875,0.0,0.0,0.0,0.0,0.0,0.0,0.0,0.0,TX
8150154,TX,4835,0.1406942903995514,1,0.0,220649.046875,222303.59375,1,0,49380.37890625,0.0,170425.78125,0.0,0.0,0.0,0.0,0.0,-1372.10546875,0.0,1372.09375,0.0,0.0,0.0,0.0,0.0,0.0,0.0,0.0,0.0,0.0,0.0,0.0,0.0,0.0,0.0,0.0,0.0,0.0,0.0,0.0,0.0,0.0,0.0,0.0,0.0,-5504.25390625,0.0,5504.25,0.0,0.0,0.0,0.0,0.0,0.0,0.0,0.0,0.0,0.0,0.0,0.0,0.0,0.0,0.0,0.0,0.0,0.0,0.0,0.0,0.0,0.0,0.0,0.0,0.0,0.0,0.0,0.0,0.0,0.0,0.0,0.0,0.0,0.0,0.0,0.0,0.0,0.0,0.0,0.0,0.0,0.0,0.0,0.0,0.0,0.0,0.0,0.0,0.0,0.0,0.0,0.0,0.0,42504.01953125,0.0,177302.125,0.0,-6876.359375,0.0,6876.34375,0.0,-13.9252867784894,0.0,4.0348029136657715,0.0,TX
8150155,TX,4835,147.46888732910156,3,2.0,0.0,0.0,3,0,0.0,0.0,45839.26171875,17341.08203125,28498.1806640625,0.0,0.0,45839.2626953125,0.0,0.0,0.0,0.0,0.0,0.0,0.0,0.0,0.0,0.0,0.0,0.0,0.0,0.0,0.0,0.0,0.0,0.0,0.0,0.0,0.0,0.0,0.0,0.0,0.0,0.0,0.0,0.0,0.0,0.0,0.0,0.0,0.0,0.0,0.0,0.0,0.0,0.0,0.0,0.0,0.0,0.0,0.0,0.0,0.0,0.0,0.0,0.0,0.0,0.0,0.0,0.0,0.0,0.0,0.0,0.0,0.0,0.0,0.0,0.0,0.0,0.0,0.0,0.0,0.0,0.0,0.0,0.0,0.0,0.0,0.0,0.0,0.0,0.0,0.0,0.0,0.0,0.0,0.0,0.0,0.0,0.0,0.0,0.0,0.0,0.0,45839.26171875,45839.2626953125,0.0,0.0,0.0,0.0,0.0,0.0,0.0,0.0,TX
8150156,TX,4835,647.9469604492188,2,1.0,0.0,0.0,2,0,0.0,0.0,43669.3828125,19308.7109375,24360.67041015625,0.0,0.0,43669.38134765625,0.0,0.0,0.0,0.0,0.0,0.0,0.0,0.0,0.0,0.0,0.0,0.0,0.0,0.0,0.0,0.0,0.0,0.0,0.0,0.0,0.0,0.0,0.0,0.0,0.0,0.0,0.0,0.0,0.0,0.0,0.0,0.0,0.0,0.0,0.0,0.0,0.0,0.0,0.0,0.0,0.0,0.0,0.0,0.0,0.0,0.0,0.0,0.0,0.0,0.0,0.0,0.0,0.0,0.0,0.0,0.0,0.0,0.0,0.0,0.0,0.0,0.0,0.0,0.0,0.0,0.0,0.0,0.0,0.0,0.0,0.0,0.0,0.0,0.0,-5831.8203125,-5831.818359375,0.0,0.0,0.0,0.0,0.0,0.0,0.0,0.0,0.0,0.0,37837.5625,37837.56298828125,0.0,0.0,-5831.8203125,-5831.818359375,0.0,0.0,-13.354483604431152,-13.354478995127774,TX
8150157,TX,4835,85.37030029296875,1,0.0,0.0,496.36212158203125,1,0,0.0,0.0,58585.29296875,28315.58984375,0.0,0.0,0.0,28315.58984375,0.0,0.0,0.0,0.0,0.0,0.0,0.0,0.0,0.0,0.0,0.0,0.0,0.0,0.0,0.0,0.0,0.0,0.0,0.0,0.0,0.0,0.0,0.0,0.0,0.0,0.0,0.0,0.0,0.0,0.0,0.0,0.0,0.0,0.0,0.0,0.0,0.0,0.0,0.0,0.0,0.0,0.0,0.0,0.0,0.0,0.0,0.0,0.0,0.0,0.0,0.0,0.0,0.0,0.0,0.0,0.0,0.0,0.0,0.0,0.0,0.0,0.0,0.0,0.0,0.0,0.0,0.0,0.0,0.0,0.0,0.0,0.0,0.0,0.0,0.0,0.0,0.0,0.0,0.0,0.0,0.0,0.0,0.0,0.0,0.0,0.0,58585.29296875,28315.58984375,0.0,0.0,0.0,0.0,0.0,0.0,0.0,0.0,TX
8150158,TX,4835,0.2815502882003784,1,0.0,77023.6640625,77026.1484375,1,0,10319.037109375,0.0,74598.71875,0.0,0.0,0.0,0.0,0.0,-1653.2841796875,0.0,1653.2890625,0.0,-1716.00048828125,0.0,1716.0,0.0,1166.0,0.0,-1166.0,0.0,0.0,0.0,0.0,0.0,0.0,0.0,0.0,0.0,0.0,0.0,0.0,0.0,0.0,0.0,0.0,0.0,0.0,0.0,0.0,0.0,0.0,0.0,0.0,0.0,0.0,0.0,0.0,0.0,0.0,0.0,0.0,0.0,0.0,0.0,0.0,0.0,0.0,0.0,0.0,0.0,0.0,0.0,0.0,0.0,0.0,0.0,0.0,0.0,0.0,0.0,0.0,0.0,0.0,0.0,0.0,0.0,0.0,0.0,0.0,0.0,0.0,0.0,0.0,0.0,0.0,0.0,0.0,0.0,0.0,0.0,0.0,0.0,8115.75244140625,0.0,76802.0078125,0.0,-2203.28466796875,0.0,2203.2890625,0.0,-21.35164981592161,0.0,2.953521251678467,0.0,TX
8150159,TX,4835,161.8354949951172,1,0.0,0.0,0.0,1,0,0.0,0.0,48864.1953125,24575.939453125,0.0,0.0,0.0,24575.939453125,0.0,0.0,0.0,0.0,0.0,0.0,0.0,0.0,0.0,0.0,0.0,0.0,0.0,0.0,0.0,0.0,0.0,0.0,0.0,0.0,0.0,0.0,0.0,0.0,0.0,0.0,0.0,0.0,0.0,0.0,0.0,0.0,0.0,0.0,0.0,0.0,0.0,0.0,0.0,0.0,0.0,0.0,0.0,0.0,0.0,0.0,0.0,0.0,0.0,0.0,0.0,0.0,0.0,0.0,0.0,0.0,0.0,0.0,0.0,0.0,0.0,0.0,0.0,0.0,0.0,0.0,0.0,0.0,0.0,0.0,0.0,0.0,0.0,0.0,0.0,0.0,0.0,0.0,0.0,0.0,0.0,0.0,0.0,0.0,0.0,0.0,48864.1953125,24575.939453125,0.0,0.0,0.0,0.0,0.0,0.0,0.0,0.0,TX
8150160,TX,4835,243.09368896484375,2,0.0,0.0,0.0,2,0,0.0,0.0,330.0,330.0,0.0,0.0,0.0,330.0,0.0,0.0,0.0,0.0,0.0,0.0,0.0,0.0,0.0,0.0,0.0,0.0,0.0,0.0,0.0,0.0,0.0,0.0,0.0,0.0,0.0,0.0,0.0,0.0,0.0,0.0,0.0,0.0,0.0,0.0,0.0,0.0,0.0,0.0,0.0,0.0,0.0,0.0,0.0,0.0,0.0,0.0,0.0,0.0,0.0,0.0,0.0,0.0,0.0,0.0,0.0,0.0,0.0,0.0,0.0,0.0,0.0,0.0,0.0,0.0,0.0,0.0,0.0,0.0,0.0,0.0,0.0,0.0,0.0,0.0,0.0,0.0,0.0,0.0,0.0,0.0,0.0,0.0,0.0,0.0,0.0,0.0,0.0,0.0,0.0,0.0,330.0,330.0,0.0,0.0,0.0,0.0,0.0,0.0,0.0,0.0,TX
8150161,TX,4835,666.2730712890625,2,0.0,0.0,1454.0142798423767,2,0,0.0,0.0,81118.71875,42807.3203125,0.0,0.0,0.0,42807.3203125,0.0,0.0,0.0,0.0,0.0,0.0,0.0,0.0,0.0,0.0,0.0,0.0,0.0,0.0,0.0,0.0,0.0,0.0,0.0,0.0,0.0,0.0,0.0,0.0,0.0,0.0,0.0,0.0,0.0,0.0,0.0,0.0,0.0,0.0,0.0,0.0,0.0,0.0,0.0,0.0,0.0,0.0,0.0,0.0,0.0,0.0,0.0,0.0,0.0,0.0,0.0,0.0,0.0,0.0,0.0,0.0,0.0,0.0,0.0,0.0,0.0,0.0,0.0,0.0,0.0,0.0,0.0,0.0,0.0,0.0,0.0,0.0,0.0,0.0,0.0,0.0,0.0,0.0,0.0,0.0,0.0,0.0,0.0,0.0,0.0,0.0,81118.71875,42807.3203125,0.0,0.0,0.0,0.0,0.0,0.0,0.0,0.0,TX
8150162,TX,4835,0.27666255831718445,2,0.0,111271.98828125,119298.9453125,2,0,12599.841796875,0.0,109956.5625,0.0,0.0,0.0,0.0,0.0,-2043.96875,0.0,2043.96875,0.0,-1872.0,0.0,1872.0,0.0,1272.0,0.0,-1272.0,0.0,0.0,0.0,0.0,0.0,0.0,0.0,0.0,0.0,0.0,0.0,0.0,0.0,-600.0,0.0,600.0,0.0,0.0,0.0,0.0,0.0,0.0,0.0,0.0,0.0,0.0,0.0,0.0,0.0,-240.0,0.0,240.0,0.0,0.0,0.0,0.0,0.0,0.0,0.0,0.0,0.0,0.0,0.0,0.0,0.0,0.0,0.0,0.0,0.0,0.0,0.0,0.0,0.0,0.0,0.0,0.0,0.0,0.0,0.0,0.0,0.0,0.0,0.0,0.0,0.0,0.0,0.0,0.0,0.0,0.0,0.0,0.0,0.0,9115.873046875,0.0,113440.53125,0.0,-3483.96875,0.0,3483.96875,0.0,-27.650892814099382,0.0,3.1684954166412354,0.0,TX
8150163,TX,4835,114.16996002197266,1,0.0,0.0,0.0,1,0,0.0,0.0,51453.8984375,25870.791015625,0.0,0.0,0.0,25870.791015625,0.0,0.0,0.0,0.0,0.0,0.0,0.0,0.0,0.0,0.0,0.0,0.0,0.0,0.0,0.0,0.0,0.0,0.0,0.0,0.0,0.0,0.0,0.0,0.0,0.0,0.0,0.0,0.0,0.0,0.0,0.0,0.0,0.0,0.0,0.0,0.0,0.0,0.0,0.0,0.0,0.0,0.0,0.0,0.0,0.0,0.0,0.0,0.0,0.0,0.0,0.0,0.0,0.0,0.0,0.0,0.0,0.0,0.0,0.0,0.0,0.0,0.0,0.0,0.0,0.0,0.0,0.0,0.0,0.0,0.0,0.0,0.0,0.0,0.0,0.0,0.0,0.0,0.0,0.0,0.0,0.0,0.0,0.0,0.0,0.0,0.0,51453.8984375,25870.791015625,0.0,0.0,0.0,0.0,0.0,0.0,0.0,0.0,TX
8150164,TX,4835,161.4713592529297,2,0.0,0.0,-404.0516061782837,2,0,0.0,0.0,91349.71875,45671.8203125,0.0,0.0,0.0,45671.8203125,0.0,0.0,0.0,0.0,0.0,0.0,0.0,0.0,0.0,0.0,0.0,0.0,0.0,0.0,0.0,0.0,0.0,0.0,0.0,0.0,0.0,0.0,0.0,0.0,0.0,0.0,0.0,0.0,0.0,0.0,0.0,0.0,0.0,0.0,0.0,0.0,0.0,0.0,0.0,0.0,0.0,0.0,0.0,0.0,0.0,0.0,0.0,0.0,0.0,0.0,0.0,0.0,0.0,0.0,0.0,0.0,0.0,0.0,0.0,0.0,0.0,0.0,0.0,0.0,0.0,0.0,0.0,0.0,0.0,0.0,0.0,0.0,0.0,0.0,0.0,0.0,0.0,0.0,0.0,0.0,0.0,0.0,0.0,0.0,0.0,0.0,91349.71875,45671.8203125,0.0,0.0,0.0,0.0,0.0,0.0,0.0,0.0,TX
8150165,TX,4835,0.10441408306360245,5,0.0,220675.75,220675.75,5,0,48861.7109375,0.0,156896.15625,0.0,0.0,0.0,0.0,0.0,-1551.16796875,0.0,1551.171875,0.0,0.0,0.0,0.0,0.0,0.0,0.0,0.0,0.0,0.0,0.0,0.0,0.0,0.0,0.0,0.0,0.0,0.0,0.0,0.0,0.0,0.0,0.0,0.0,0.0,-5390.3046875,0.0,5390.296875,0.0,0.0,0.0,0.0,0.0,0.0,0.0,0.0,0.0,0.0,0.0,0.0,0.0,0.0,0.0,0.0,0.0,0.0,0.0,0.0,0.0,0.0,0.0,0.0,0.0,0.0,0.0,0.0,0.0,0.0,0.0,0.0,0.0,0.0,0.0,0.0,0.0,0.0,0.0,0.0,0.0,0.0,0.0,0.0,0.0,0.0,0.0,0.0,0.0,0.0,0.0,0.0,0.0,41920.23828125,0.0,163837.625,0.0,-6941.47265625,0.0,6941.46875,0.0,-14.20636429438375,0.0,4.424243927001953,0.0,TX
8150166,TX,4835,0.1911841332912445,2,0.0,20174.001953125,67468.5546875,2,0,3166.899658203125,0.0,96663.703125,24850.666015625,0.0,0.0,0.0,24850.666015625,-157.3798828125,0.0,157.3828125,0.0,-1648.2532958984375,0.0,1648.25,0.0,1059.9998779296875,0.0,-1060.0,0.0,0.0,0.0,0.0,0.0,0.0,0.0,0.0,0.0,0.0,0.0,0.0,0.0,0.0,0.0,0.0,0.0,0.0,0.0,0.0,0.0,0.0,0.0,0.0,0.0,0.0,0.0,0.0,0.0,0.0,0.0,0.0,0.0,0.0,0.0,0.0,0.0,0.0,0.0,0.0,0.0,0.0,0.0,0.0,0.0,0.0,0.0,0.0,0.0,0.0,0.0,0.0,0.0,-1199.9998779296875,0.0,1200.0,0.0,0.0,0.0,0.0,0.0,0.0,0.0,0.0,0.0,0.0,0.0,0.0,0.0,0.0,0.0,0.0,0.0,1221.2664794921875,0.0,98609.3359375,24850.666015625,-1945.6331787109375,0.0,1945.6328125,0.0,-61.43652747794589,0.0,2.0127854347229004,0.0,TX
8150167,TX,4835,0.39205825328826904,2,0.0,69687.078125,708221.6875,2,0,141878.609375,0.0,555495.8125,0.0,0.0,0.0,0.0,0.0,0.0,0.0,0.0,0.0,0.0,0.0,0.0,0.0,0.0,0.0,0.0,0.0,0.0,0.0,0.0,0.0,0.0,0.0,0.0,0.0,0.0,0.0,0.0,0.0,-30367.578125,0.0,30367.5625,0.0,-25372.734375,0.0,25372.75,0.0,0.0,0.0,0.0,0.0,0.0,0.0,0.0,0.0,0.0,0.0,0.0,0.0,-2306.84375,0.0,2306.8125,0.0,0.0,0.0,0.0,0.0,0.0,0.0,0.0,0.0,0.0,0.0,0.0,0.0,0.0,0.0,0.0,0.0,0.0,0.0,0.0,0.0,0.0,0.0,0.0,0.0,0.0,0.0,0.0,0.0,0.0,0.0,0.0,0.0,0.0,0.0,0.0,0.0,83831.453125,0.0,613542.9375,0.0,-58047.15625,0.0,58047.125,0.0,-40.913254299367495,0.0,10.449605941772461,0.0,TX
8150168,TX,4835,0.4113210141658783,2,0.0,112092.7734375,112092.7734375,2,0,11518.916015625,0.0,74551.46875,0.0,0.0,0.0,0.0,0.0,-1827.783203125,0.0,1827.78125,0.0,-1872.0,0.0,1872.0,0.0,1272.0,0.0,-1272.0,0.0,0.0,0.0,0.0,0.0,0.0,0.0,0.0,0.0,0.0,0.0,0.0,0.0,0.0,0.0,0.0,0.0,0.0,0.0,0.0,0.0,0.0,0.0,0.0,0.0,0.0,0.0,0.0,0.0,-6.5107421875,0.0,6.515625,0.0,0.0,0.0,0.0,0.0,0.0,0.0,0.0,0.0,0.0,0.0,0.0,0.0,0.0,0.0,0.0,0.0,0.0,0.0,0.0,0.0,0.0,0.0,0.0,0.0,-136.189453125,0.0,136.1875,0.0,0.0,0.0,0.0,0.0,0.0,0.0,0.0,0.0,0.0,0.0,0.0,0.0,8948.4326171875,0.0,77121.953125,0.0,-2570.4833984375,0.0,2570.484375,0.0,-22.315323724478333,0.0,3.447932720184326,0.0,TX
8150169,TX,4835,0.7140692472457886,5,3.0,1255082.125,1432556.875,5,0,492138.6875,0.0,994229.5,0.0,0.0,0.0,0.0,0.0,-42921.5,0.0,42921.5,0.0,-5772.0,0.0,5772.0,0.0,0.0,0.0,0.0,0.0,0.0,0.0,0.0,0.0,0.0,0.0,0.0,0.0,0.0,0.0,0.0,0.0,-1850.0,0.0,1850.0,0.0,0.0,0.0,0.0,0.0,0.0,0.0,0.0,0.0,0.0,0.0,0.0,0.0,-384.9375,0.0,384.9375,0.0,0.0,0.0,0.0,0.0,0.0,0.0,0.0,0.0,0.0,0.0,0.0,0.0,0.0,0.0,0.0,0.0,0.0,0.0,0.0,0.0,0.0,0.0,0.0,0.0,0.0,0.0,0.0,0.0,0.0,0.0,0.0,0.0,0.0,0.0,0.0,0.0,0.0,0.0,0.0,0.0,441210.25,0.0,1045157.9375,0.0,-50928.4375,0.0,50928.4375,0.0,-10.348391376973385,0.0,5.122402667999268,0.0,TX
8150170,TX,4835,52.605262756347656,2,0.0,0.0,1341021.375,2,0,388252.8125,0.0,1014845.3125,48890.4140625,0.0,0.0,0.0,48890.4140625,-27051.75,0.0,27051.75,0.0,-5772.0,0.0,5772.0,0.0,0.0,0.0,0.0,0.0,0.0,0.0,0.0,0.0,0.0,0.0,0.0,0.0,0.0,0.0,0.0,0.0,-1752.625,0.0,1752.6875,0.0,0.0,0.0,0.0,0.0,0.0,0.0,0.0,0.0,0.0,0.0,0.0,0.0,0.0,0.0,0.0,0.0,0.0,0.0,0.0,0.0,0.0,0.0,0.0,0.0,0.0,0.0,0.0,0.0,0.0,0.0,0.0,0.0,0.0,0.0,0.0,0.0,0.0,0.0,0.0,0.0,0.0,0.0,0.0,0.0,0.0,0.0,0.0,0.0,0.0,0.0,0.0,0.0,0.0,0.0,0.0,0.0,353676.4375,0.0,1049421.75,48890.4140625,-34576.375,0.0,34576.4375,0.0,-8.905634134974875,0.0,3.407064914703369,0.0,TX
8150171,TX,4835,0.1888122707605362,2,0.0,81165.3984375,465840.78125,2,0,122894.1015625,0.0,418682.875,58551.65625,0.0,0.0,0.0,58551.65625,0.0,0.0,0.0,0.0,0.0,0.0,0.0,0.0,0.0,0.0,0.0,0.0,0.0,0.0,0.0,0.0,0.0,0.0,0.0,0.0,0.0,0.0,0.0,0.0,-1400.0,0.0,1400.0,0.0,-34598.859375,0.0,34598.875,0.0,0.0,0.0,0.0,0.0,0.0,0.0,0.0,0.0,0.0,0.0,0.0,0.0,0.0,0.0,0.0,0.0,0.0,0.0,0.0,0.0,0.0,0.0,0.0,0.0,0.0,0.0,0.0,0.0,0.0,0.0,0.0,0.0,0.0,0.0,0.0,0.0,0.0,0.0,0.0,0.0,0.0,0.0,0.0,0.0,0.0,0.0,0.0,0.0,0.0,0.0,0.0,0.0,86895.2421875,0.0,454681.75,58551.65625,-35998.859375,0.0,35998.875,0.0,-29.29258517479957,0.0,8.598124504089355,0.0,TX
8150172,TX,4835,3.9415078163146973,1,0.0,0.0,0.0,1,0,0.0,0.0,37185.22265625,18901.453125,0.0,0.0,0.0,18901.453125,0.0,0.0,0.0,0.0,0.0,0.0,0.0,0.0,0.0,0.0,0.0,0.0,0.0,0.0,0.0,0.0,0.0,0.0,0.0,0.0,0.0,0.0,0.0,0.0,0.0,0.0,0.0,0.0,0.0,0.0,0.0,0.0,0.0,0.0,0.0,0.0,0.0,0.0,0.0,0.0,0.0,0.0,0.0,0.0,0.0,0.0,0.0,0.0,0.0,0.0,0.0,0.0,0.0,0.0,0.0,0.0,0.0,0.0,0.0,0.0,0.0,0.0,0.0,0.0,0.0,0.0,0.0,0.0,0.0,0.0,0.0,0.0,0.0,0.0,0.0,0.0,0.0,0.0,0.0,0.0,0.0,0.0,0.0,0.0,0.0,0.0,37185.22265625,18901.453125,0.0,0.0,0.0,0.0,0.0,0.0,0.0,0.0,TX
8150173,TX,4835,0.3955635726451874,2,0.0,468136.4921875,468136.4921875,2,0,114995.888671875,0.0,330657.5,0.0,0.0,0.0,0.0,0.0,-1607.330078125,0.0,1607.34375,0.0,-1716.0,0.0,1716.0,0.0,1166.0,0.0,-1166.0,0.0,0.0,0.0,0.0,0.0,0.0,0.0,0.0,0.0,0.0,0.0,0.0,0.0,0.0,0.0,0.0,0.0,-6071.6953125,0.0,6071.71875,0.0,0.0,0.0,0.0,0.0,0.0,0.0,0.0,0.0,0.0,0.0,0.0,0.0,-554.3125,0.0,554.28125,0.0,0.0,0.0,0.0,0.0,760.2109375,0.0,-760.21875,0.0,0.0,0.0,0.0,0.0,0.0,0.0,0.0,0.0,0.0,0.0,0.0,0.0,-370.71728515625,0.0,370.75,0.0,0.0,0.0,0.0,0.0,0.0,0.0,0.0,0.0,0.0,0.0,0.0,0.0,106602.04443359375,0.0,339051.375,0.0,-8393.84423828125,0.0,8393.875,0.0,-7.299255943168484,0.0,2.5385406017303467,0.0,TX
8150174,TX,4835,0.27335670590400696,3,1.0,249462.703125,296435.75,3,0,57188.25,0.0,282858.53125,0.0,0.0,0.0,0.0,0.0,0.0,0.0,0.0,0.0,0.0,0.0,0.0,0.0,0.0,0.0,0.0,0.0,0.0,0.0,0.0,0.0,-2200.0,0.0,2200.0,0.0,0.0,0.0,0.0,0.0,0.0,0.0,0.0,0.0,-8356.53125,0.0,8356.53125,0.0,0.0,0.0,0.0,0.0,0.0,0.0,0.0,0.0,-134.53515625,0.0,134.5625,0.0,0.0,0.0,0.0,0.0,0.0,0.0,0.0,0.0,0.0,0.0,0.0,0.0,0.0,0.0,0.0,0.0,0.0,0.0,0.0,0.0,0.0,0.0,0.0,0.0,0.0,0.0,0.0,0.0,0.0,0.0,0.0,0.0,0.0,0.0,0.0,0.0,0.0,0.0,0.0,0.0,46497.18359375,0.0,293549.625,0.0,-10691.06640625,0.0,10691.09375,0.0,-18.694515754984632,0.0,3.779660940170288,0.0,TX
8150175,TX,4835,0.21816273033618927,2,0.0,119644.55859375,167541.078125,2,0,21298.6328125,0.0,162580.640625,0.0,0.0,0.0,0.0,0.0,-3376.51953125,0.0,3376.515625,0.0,-1091.306640625,0.0,1091.3125,0.0,2332.0,0.0,-2332.0,0.0,0.0,0.0,0.0,0.0,0.0,0.0,0.0,0.0,0.0,0.0,0.0,0.0,0.0,0.0,0.0,0.0,0.0,0.0,0.0,0.0,0.0,0.0,0.0,0.0,0.0,0.0,0.0,0.0,-440.0,0.0,440.0,0.0,0.0,0.0,0.0,0.0,0.0,0.0,0.0,0.0,0.0,0.0,0.0,0.0,0.0,0.0,0.0,0.0,0.0,0.0,0.0,0.0,0.0,0.0,0.0,0.0,0.0,0.0,0.0,0.0,0.0,0.0,0.0,0.0,0.0,0.0,0.0,0.0,0.0,0.0,0.0,0.0,18722.806640625,0.0,165156.46875,0.0,-2575.826171875,0.0,2575.828125,0.0,-12.093856890021918,0.0,1.5843387842178345,0.0,TX
8150176,TX,4835,0.2553347051143646,2,0.0,33069.84521484375,82156.68359375,2,0,7028.50244140625,0.0,96843.109375,0.0,0.0,11745.900634765625,0.0,11745.900634765625,-929.700439453125,0.0,929.6953125,0.0,-1846.031982421875,0.0,1846.03125,0.0,1246.031982421875,0.0,-1246.03125,0.0,0.0,0.0,0.0,0.0,0.0,0.0,0.0,0.0,0.0,0.0,0.0,0.0,-600.0,0.0,600.0,0.0,0.0,0.0,0.0,0.0,0.0,0.0,0.0,0.0,0.0,0.0,0.0,0.0,-82.987548828125,0.0,82.9921875,0.0,0.0,0.0,0.0,0.0,0.0,0.0,0.0,0.0,0.0,0.0,0.0,0.0,0.0,0.0,0.0,0.0,0.0,0.0,0.0,0.0,0.0,0.0,0.0,0.0,0.0,0.0,0.0,0.0,0.0,0.0,0.0,0.0,0.0,0.0,0.0,0.0,0.0,0.0,0.0,0.0,4815.814453125,0.0,99055.796875,11745.900634765625,-2212.68798828125,0.0,2212.6875,0.0,-31.481642166699448,0.0,2.2848167419433594,0.0,TX
8150177,TX,4835,9.86924934387207,1,0.0,0.0,17.3726749420166,1,0,0.0,0.0,36059.8515625,18182.15234375,0.0,0.0,0.0,18182.15234375,0.0,0.0,0.0,0.0,0.0,0.0,0.0,0.0,0.0,0.0,0.0,0.0,0.0,0.0,0.0,0.0,0.0,0.0,0.0,0.0,0.0,0.0,0.0,0.0,0.0,0.0,0.0,0.0,0.0,0.0,0.0,0.0,0.0,0.0,0.0,0.0,0.0,0.0,0.0,0.0,0.0,0.0,0.0,0.0,0.0,0.0,0.0,0.0,0.0,0.0,0.0,0.0,0.0,0.0,0.0,0.0,0.0,0.0,0.0,0.0,0.0,0.0,0.0,0.0,0.0,0.0,0.0,0.0,0.0,0.0,0.0,0.0,0.0,0.0,0.0,0.0,0.0,0.0,0.0,0.0,0.0,0.0,0.0,0.0,0.0,0.0,36059.8515625,18182.15234375,0.0,0.0,0.0,0.0,0.0,0.0,0.0,0.0,TX
8150178,TX,4835,113.80677032470703,1,0.0,0.0,0.0,1,0,0.0,0.0,49071.28515625,24679.484375,0.0,0.0,0.0,24679.484375,0.0,0.0,0.0,0.0,0.0,0.0,0.0,0.0,0.0,0.0,0.0,0.0,0.0,0.0,0.0,0.0,0.0,0.0,0.0,0.0,0.0,0.0,0.0,0.0,0.0,0.0,0.0,0.0,0.0,0.0,0.0,0.0,0.0,0.0,0.0,0.0,0.0,0.0,0.0,0.0,0.0,0.0,0.0,0.0,0.0,0.0,0.0,0.0,0.0,0.0,0.0,0.0,0.0,0.0,0.0,0.0,0.0,0.0,0.0,0.0,0.0,0.0,0.0,0.0,0.0,0.0,0.0,0.0,0.0,0.0,0.0,0.0,0.0,0.0,0.0,0.0,0.0,0.0,0.0,0.0,0.0,0.0,0.0,0.0,0.0,0.0,49071.28515625,24679.484375,0.0,0.0,0.0,0.0,0.0,0.0,0.0,0.0,TX
8150179,TX,4835,0.13540665805339813,3,1.0,128163.765625,575520.0625,3,0,156265.65625,0.0,394486.03125,162.13055419921875,0.0,0.0,0.0,162.13055419921875,0.0,0.0,0.0,0.0,0.0,0.0,0.0,0.0,0.0,0.0,0.0,0.0,0.0,0.0,0.0,0.0,0.0,0.0,0.0,0.0,0.0,0.0,0.0,0.0,-1700.1875,0.0,1700.1875,0.0,-28990.140625,0.0,28990.15625,0.0,0.0,0.0,0.0,0.0,0.0,0.0,0.0,0.0,0.0,0.0,0.0,0.0,0.0,0.0,0.0,0.0,0.0,0.0,0.0,0.0,0.0,0.0,0.0,0.0,0.0,0.0,0.0,0.0,0.0,0.0,0.0,0.0,0.0,0.0,0.0,0.0,0.0,0.0,0.0,0.0,0.0,0.0,0.0,0.0,0.0,0.0,0.0,0.0,0.0,0.0,0.0,0.0,125575.328125,0.0,425176.375,162.13055419921875,-30690.328125,0.0,30690.34375,0.0,-19.6398420878228,0.0,7.779829978942871,0.0,TX
8150180,TX,4835,0.148108571767807,2,0.0,2292.4482421875,83767.25,2,0,5947.6171875,0.0,165838.1875,60830.7265625,0.0,0.0,0.0,60830.7265625,-713.5234375,0.0,713.515625,0.0,-1210.023681640625,0.0,1210.03125,0.0,1271.999755859375,0.0,-1272.0,0.0,0.0,0.0,0.0,0.0,0.0,0.0,0.0,0.0,0.0,0.0,0.0,0.0,-600.0,0.0,600.0,0.0,0.0,0.0,0.0,0.0,0.0,0.0,0.0,0.0,0.0,0.0,0.0,0.0,-240.0,0.0,240.0,0.0,0.0,0.0,0.0,0.0,0.0,0.0,0.0,0.0,0.0,0.0,0.0,0.0,0.0,0.0,0.0,0.0,0.0,0.0,0.0,0.0,-1439.999755859375,0.0,1440.0,0.0,0.0,0.0,0.0,0.0,0.0,0.0,0.0,0.0,0.0,0.0,0.0,0.0,0.0,0.0,0.0,0.0,3016.070068359375,0.0,168769.734375,60830.7265625,-2931.547119140625,0.0,2931.546875,0.0,-49.289438555356334,0.0,1.7677152156829834,0.0,TX
8150181,TX,4835,0.1666153371334076,5,0.0,143334.8279724121,143529.2310180664,5,0,13621.190029144287,0.0,126045.8203125,0.0,0.0,0.0,0.0,0.0,-2059.333984375,0.0,2059.3359375,0.0,-2652.000030517578,0.0,2652.0,0.0,1802.0000305175781,0.0,-1802.0,0.0,0.0,0.0,0.0,0.0,0.0,0.0,0.0,0.0,0.0,0.0,0.0,0.0,0.0,0.0,0.0,0.0,0.0,0.0,0.0,0.0,0.0,0.0,0.0,0.0,0.0,0.0,0.0,0.0,-27.9375,0.0,27.9375,0.0,0.0,0.0,0.0,0.0,0.0,0.0,0.0,0.0,0.0,0.0,0.0,0.0,0.0,0.0,0.0,0.0,0.0,0.0,0.0,0.0,0.0,0.0,0.0,0.0,0.0,0.0,0.0,0.0,0.0,0.0,0.0,0.0,0.0,0.0,0.0,0.0,0.0,0.0,0.0,0.0,10683.918544769287,0.0,128983.09375,0.0,-2937.271484375,0.0,2937.2734375,0.0,-21.563985805133985,0.0,2.330322027206421,0.0,TX
8150182,TX,4835,104.92257690429688,1,0.0,0.0,0.0,1,0,0.0,0.0,59455.22265625,29922.16796875,0.0,0.0,0.0,29922.16796875,0.0,0.0,0.0,0.0,0.0,0.0,0.0,0.0,0.0,0.0,0.0,0.0,0.0,0.0,0.0,0.0,0.0,0.0,0.0,0.0,0.0,0.0,0.0,0.0,0.0,0.0,0.0,0.0,0.0,0.0,0.0,0.0,0.0,0.0,0.0,0.0,0.0,0.0,0.0,0.0,0.0,0.0,0.0,0.0,0.0,0.0,0.0,0.0,0.0,0.0,0.0,0.0,0.0,0.0,0.0,0.0,0.0,0.0,0.0,0.0,0.0,0.0,0.0,0.0,0.0,0.0,0.0,0.0,0.0,0.0,0.0,0.0,0.0,0.0,0.0,0.0,0.0,0.0,0.0,0.0,0.0,0.0,0.0,0.0,0.0,0.0,59455.22265625,29922.16796875,0.0,0.0,0.0,0.0,0.0,0.0,0.0,0.0,TX
8150183,TX,4835,116.20928192138672,1,0.0,0.0,0.0,1,0,0.0,0.0,35104.25,12526.8173828125,20223.16015625,0.0,0.0,32749.9775390625,0.0,0.0,0.0,0.0,0.0,0.0,0.0,0.0,0.0,0.0,0.0,0.0,0.0,0.0,0.0,0.0,0.0,0.0,0.0,0.0,0.0,0.0,0.0,0.0,0.0,0.0,0.0,0.0,0.0,0.0,0.0,0.0,0.0,0.0,0.0,0.0,0.0,0.0,0.0,0.0,0.0,0.0,0.0,0.0,0.0,0.0,0.0,0.0,0.0,0.0,0.0,0.0,0.0,0.0,0.0,0.0,0.0,0.0,0.0,0.0,0.0,0.0,0.0,0.0,0.0,0.0,0.0,0.0,0.0,0.0,0.0,0.0,0.0,0.0,0.0,0.0,0.0,0.0,0.0,0.0,0.0,0.0,0.0,0.0,0.0,0.0,35104.25,32749.9775390625,0.0,0.0,0.0,0.0,0.0,0.0,0.0,0.0,TX
8150184,TX,4835,0.11653324216604233,5,3.0,74561.296875,77346.1796875,5,0,790.103271484375,0.0,94846.578125,0.0,0.0,0.0,5074.74755859375,5074.74755859375,-282.0205078125,0.0,282.015625,0.0,-1731.34716796875,0.0,1731.3515625,0.0,3039.346923828125,0.0,-3039.3515625,0.0,0.0,0.0,0.0,0.0,-3600.0,0.0,3600.0,0.0,0.0,0.0,0.0,0.0,0.0,0.0,0.0,0.0,0.0,0.0,0.0,0.0,0.0,0.0,0.0,0.0,0.0,0.0,0.0,0.0,0.0,0.0,0.0,0.0,0.0,0.0,0.0,0.0,0.0,0.0,0.0,0.0,0.0,0.0,0.0,0.0,0.0,0.0,0.0,0.0,0.0,0.0,0.0,0.0,0.0,0.0,0.0,0.0,0.0,0.0,0.0,0.0,0.0,0.0,0.0,0.0,0.0,0.0,0.0,0.0,0.0,0.0,0.0,0.0,-1783.91748046875,0.0,97420.59375,5074.74755859375,-2574.020751953125,0.0,2574.015625,0.0,-325.7828242018649,0.0,2.7138729095458984,0.0,TX
8150185,TX,4835,170.17845153808594,1,0.0,0.0,3307.640869140625,1,0,0.0,0.0,44503.75390625,22094.109375,0.0,0.0,0.0,22094.109375,0.0,0.0,0.0,0.0,0.0,0.0,0.0,0.0,0.0,0.0,0.0,0.0,0.0,0.0,0.0,0.0,0.0,0.0,0.0,0.0,0.0,0.0,0.0,0.0,0.0,0.0,0.0,0.0,0.0,0.0,0.0,0.0,0.0,0.0,0.0,0.0,0.0,0.0,0.0,0.0,0.0,0.0,0.0,0.0,0.0,0.0,0.0,0.0,0.0,0.0,0.0,0.0,0.0,0.0,0.0,0.0,0.0,0.0,0.0,0.0,0.0,0.0,0.0,0.0,0.0,0.0,0.0,0.0,0.0,0.0,0.0,0.0,0.0,0.0,0.0,0.0,0.0,0.0,0.0,0.0,0.0,0.0,0.0,0.0,0.0,0.0,44503.75390625,22094.109375,0.0,0.0,0.0,0.0,0.0,0.0,0.0,0.0,TX
8150186,TX,4835,0.13667571544647217,2,0.0,167392.17578125,167888.53125,2,0,24097.1328125,0.0,135722.09375,0.0,0.0,0.0,0.0,0.0,-3721.65625,0.0,3721.65625,0.0,-3432.0,0.0,3432.0,0.0,2332.0,0.0,-2332.0,0.0,0.0,0.0,0.0,0.0,0.0,0.0,0.0,0.0,0.0,0.0,0.0,0.0,0.0,0.0,0.0,0.0,0.0,0.0,0.0,0.0,0.0,0.0,0.0,0.0,0.0,0.0,0.0,0.0,-0.419921875,0.0,0.421875,0.0,0.0,0.0,0.0,0.0,0.0,0.0,0.0,0.0,0.0,0.0,0.0,0.0,0.0,0.0,0.0,0.0,0.0,0.0,0.0,0.0,0.0,0.0,0.0,0.0,0.0,0.0,0.0,0.0,0.0,0.0,0.0,0.0,0.0,0.0,0.0,0.0,0.0,0.0,0.0,0.0,19275.056640625,0.0,140544.171875,0.0,-4822.076171875,0.0,4822.078125,0.0,-20.010995537915722,0.0,3.552905797958374,0.0,TX
8150187,TX,4835,0.7804134488105774,1,0.0,0.0,6636.37548828125,1,0,0.0,0.0,66739.8828125,29623.51953125,0.0,0.0,0.0,29623.51953125,0.0,0.0,0.0,0.0,0.0,0.0,0.0,0.0,0.0,0.0,0.0,0.0,0.0,0.0,0.0,0.0,0.0,0.0,0.0,0.0,0.0,0.0,0.0,0.0,0.0,0.0,0.0,0.0,0.0,0.0,0.0,0.0,0.0,0.0,0.0,0.0,0.0,0.0,0.0,0.0,0.0,0.0,0.0,0.0,0.0,0.0,0.0,0.0,0.0,0.0,0.0,0.0,0.0,0.0,0.0,0.0,0.0,0.0,0.0,0.0,0.0,0.0,0.0,0.0,0.0,0.0,0.0,0.0,0.0,0.0,0.0,0.0,0.0,0.0,0.0,0.0,0.0,0.0,0.0,0.0,0.0,0.0,0.0,0.0,0.0,0.0,66739.8828125,29623.51953125,0.0,0.0,0.0,0.0,0.0,0.0,0.0,0.0,TX
8150188,TX,4835,0.12721490859985352,2,0.0,50459.66015625,1127348.5,2,0,402016.65625,0.0,774094.8125,0.0,0.0,0.0,0.0,0.0,-35535.96875,0.0,35535.9375,0.0,-5772.0,0.0,5772.0,0.0,0.0,0.0,0.0,0.0,0.0,0.0,0.0,0.0,0.0,0.0,0.0,0.0,0.0,0.0,0.0,0.0,-1850.0,0.0,1850.0,0.0,0.0,0.0,0.0,0.0,0.0,0.0,0.0,0.0,0.0,0.0,0.0,0.0,-740.0,0.0,740.0,0.0,0.0,0.0,0.0,0.0,0.0,0.0,0.0,0.0,0.0,0.0,0.0,0.0,0.0,0.0,0.0,0.0,0.0,0.0,0.0,0.0,0.0,0.0,0.0,0.0,0.0,0.0,0.0,0.0,0.0,0.0,0.0,0.0,0.0,0.0,0.0,0.0,0.0,0.0,0.0,0.0,358118.6875,0.0,817992.75,0.0,-43897.96875,0.0,43897.9375,0.0,-10.919440293712954,0.0,5.670873641967773,0.0,TX
8150189,TX,4835,3.0803942680358887,1,0.0,0.0,0.0,1,0,0.0,0.0,56657.33984375,28328.669921875,0.0,0.0,0.0,28328.669921875,0.0,0.0,0.0,0.0,0.0,0.0,0.0,0.0,0.0,0.0,0.0,0.0,0.0,0.0,0.0,0.0,0.0,0.0,0.0,0.0,0.0,0.0,0.0,0.0,0.0,0.0,0.0,0.0,0.0,0.0,0.0,0.0,0.0,0.0,0.0,0.0,0.0,0.0,0.0,0.0,0.0,0.0,0.0,0.0,0.0,0.0,0.0,0.0,0.0,0.0,0.0,0.0,0.0,0.0,0.0,0.0,0.0,0.0,0.0,0.0,0.0,0.0,0.0,0.0,0.0,0.0,0.0,0.0,0.0,0.0,0.0,0.0,0.0,0.0,0.0,0.0,0.0,0.0,0.0,0.0,0.0,0.0,0.0,0.0,0.0,0.0,56657.33984375,28328.669921875,0.0,0.0,0.0,0.0,0.0,0.0,0.0,0.0,TX
8150190,TX,4835,0.15814784169197083,6,3.0,308137.1494140625,333589.8125,6,0,67097.32342529297,0.0,353582.78125,0.0,20223.16015625,0.0,0.0,20223.16015625,0.0,0.0,0.0,0.0,-614.5499877929688,0.0,614.5625,0.0,364.54998779296875,0.0,-364.5625,0.0,0.0,0.0,0.0,0.0,-3200.0,0.0,3200.0,0.0,0.0,0.0,0.0,0.0,0.0,0.0,0.0,0.0,-11849.78125,0.0,11849.78125,0.0,0.0,0.0,0.0,0.0,0.0,0.0,0.0,0.0,-231.37109375,0.0,231.375,0.0,0.0,0.0,0.0,0.0,0.0,0.0,0.0,0.0,0.0,0.0,0.0,0.0,0.0,0.0,0.0,0.0,0.0,0.0,0.0,0.0,0.0,0.0,0.0,0.0,-6.4852294921875,0.0,6.46875,0.0,0.0,0.0,0.0,0.0,0.0,0.0,0.0,0.0,0.0,0.0,0.0,0.0,51559.68585205078,0.0,369120.40625,20223.16015625,-15537.637573242188,0.0,15537.625,0.0,-23.156866444221123,0.0,4.394338607788086,0.0,TX
8150191,TX,4835,0.21761289238929749,4,0.0,105606.78515625,159705.015625,4,0,13365.752197265625,0.0,138318.609375,0.0,0.0,1726.35888671875,0.0,1726.35888671875,-1721.150146484375,0.0,1721.15625,0.0,-3472.806396484375,0.0,3472.796875,0.0,2332.0,0.0,-2332.0,0.0,0.0,0.0,0.0,0.0,0.0,0.0,0.0,0.0,0.0,0.0,0.0,0.0,-500.0,0.0,500.0,0.0,0.0,0.0,0.0,0.0,0.0,0.0,0.0,0.0,0.0,0.0,0.0,0.0,0.0,0.0,0.0,0.0,0.0,0.0,0.0,0.0,0.0,0.0,0.0,0.0,0.0,0.0,0.0,0.0,0.0,0.0,0.0,0.0,0.0,0.0,0.0,0.0,0.0,0.0,0.0,0.0,-172.3994140625,0.0,172.40625,0.0,0.0,0.0,0.0,0.0,0.0,0.0,0.0,0.0,0.0,0.0,0.0,0.0,9831.396240234375,0.0,141852.96875,1726.35888671875,-3534.35595703125,0.0,3534.359375,0.0,-26.443374864860285,0.0,2.5552306175231934,0.0,TX
8150192,TX,4835,0.12763400375843048,2,0.0,169676.75,202573.625,2,0,31530.90625,0.0,183770.09375,17055.404296875,0.0,0.0,0.0,17055.404296875,-4613.708984375,0.0,4613.703125,0.0,-2796.0546875,0.0,2796.046875,0.0,1696.0546875,0.0,-1696.046875,0.0,0.0,0.0,0.0,0.0,0.0,0.0,0.0,0.0,0.0,0.0,0.0,0.0,-1100.0,0.0,1100.0,0.0,0.0,0.0,0.0,0.0,0.0,0.0,0.0,0.0,0.0,0.0,0.0,0.0,0.0,0.0,0.0,0.0,0.0,0.0,0.0,0.0,0.0,0.0,0.0,0.0,0.0,0.0,0.0,0.0,0.0,0.0,0.0,0.0,0.0,0.0,0.0,0.0,-1946.02734375,0.0,1946.03125,0.0,0.0,0.0,0.0,0.0,0.0,0.0,0.0,0.0,0.0,0.0,0.0,0.0,0.0,0.0,0.0,0.0,22771.169921875,0.0,192529.828125,17055.404296875,-8759.736328125,0.0,8759.734375,0.0,-27.78142898485514,0.0,4.76668119430542,0.0,TX
8150193,TX,4835,349.8671875,1,0.0,0.0,905.7119140625,1,0,0.0,0.0,38458.93359375,12645.9453125,20223.16015625,0.0,0.0,32869.10546875,0.0,0.0,0.0,0.0,0.0,0.0,0.0,0.0,0.0,0.0,0.0,0.0,0.0,0.0,0.0,0.0,0.0,0.0,0.0,0.0,0.0,0.0,0.0,0.0,0.0,0.0,0.0,0.0,0.0,0.0,0.0,0.0,0.0,0.0,0.0,0.0,0.0,0.0,0.0,0.0,0.0,0.0,0.0,0.0,0.0,0.0,0.0,0.0,0.0,0.0,0.0,0.0,0.0,0.0,0.0,0.0,0.0,0.0,0.0,0.0,0.0,0.0,0.0,0.0,0.0,0.0,0.0,0.0,0.0,0.0,0.0,0.0,0.0,0.0,0.0,0.0,0.0,0.0,0.0,0.0,0.0,0.0,0.0,0.0,0.0,0.0,38458.93359375,32869.10546875,0.0,0.0,0.0,0.0,0.0,0.0,0.0,0.0,TX
8150194,TX,4835,0.17131094634532928,2,0.0,58072.56640625,58072.56640625,2,0,3415.885009765625,0.0,50214.12890625,0.0,0.0,0.0,0.0,0.0,-207.177001953125,0.0,207.1796875,0.0,-1681.451416015625,0.0,1681.44921875,0.0,1081.451416015625,0.0,-1081.44921875,0.0,0.0,0.0,0.0,0.0,0.0,0.0,0.0,0.0,0.0,0.0,0.0,0.0,0.0,0.0,0.0,0.0,0.0,0.0,0.0,0.0,0.0,0.0,0.0,0.0,0.0,0.0,0.0,0.0,-221.451416015625,0.0,221.44921875,0.0,0.0,0.0,0.0,0.0,0.0,0.0,0.0,0.0,0.0,0.0,0.0,0.0,0.0,0.0,0.0,0.0,0.0,0.0,0.0,0.0,0.0,0.0,0.0,0.0,0.0,0.0,0.0,0.0,0.0,0.0,0.0,0.0,0.0,0.0,0.0,0.0,0.0,0.0,0.0,0.0,2387.256591796875,0.0,51242.7578125,0.0,-1028.62841796875,0.0,1028.62890625,0.0,-30.113086799702533,0.0,2.048485040664673,0.0,TX
8150195,TX,4835,183.68190002441406,3,0.0,0.0,0.0,3,0,0.0,0.0,60391.05859375,13144.59375,40446.3203125,0.0,0.0,53590.9140625,0.0,0.0,0.0,0.0,0.0,0.0,0.0,0.0,0.0,0.0,0.0,0.0,0.0,0.0,0.0,0.0,0.0,0.0,0.0,0.0,0.0,0.0,0.0,0.0,0.0,0.0,0.0,0.0,0.0,0.0,0.0,0.0,0.0,0.0,0.0,0.0,0.0,0.0,0.0,0.0,0.0,0.0,0.0,0.0,0.0,0.0,0.0,0.0,0.0,0.0,0.0,0.0,0.0,0.0,0.0,0.0,0.0,0.0,0.0,0.0,0.0,0.0,0.0,0.0,0.0,0.0,0.0,0.0,0.0,0.0,0.0,0.0,0.0,0.0,0.0,0.0,0.0,0.0,0.0,0.0,0.0,0.0,0.0,0.0,0.0,0.0,60391.05859375,53590.9140625,0.0,0.0,0.0,0.0,0.0,0.0,0.0,0.0,TX
8150196,TX,4835,0.14064520597457886,1,0.0,181474.4375,186024.421875,1,0,39159.33984375,0.0,166194.625,0.0,0.0,0.0,0.0,0.0,-5179.48046875,0.0,5179.46875,0.0,-183.3359375,0.0,183.34375,0.0,0.0,0.0,0.0,0.0,0.0,0.0,0.0,0.0,0.0,0.0,0.0,0.0,0.0,0.0,0.0,0.0,0.0,0.0,0.0,0.0,-416.6640625,0.0,416.65625,0.0,0.0,0.0,0.0,0.0,0.0,0.0,0.0,0.0,0.0,0.0,0.0,0.0,0.0,0.0,0.0,0.0,0.0,0.0,0.0,0.0,0.0,0.0,0.0,0.0,0.0,0.0,0.0,0.0,0.0,0.0,0.0,0.0,0.0,0.0,0.0,0.0,0.0,0.0,0.0,0.0,0.0,0.0,0.0,0.0,0.0,0.0,0.0,0.0,0.0,0.0,0.0,0.0,33379.859375,0.0,171974.09375,0.0,-5779.48046875,0.0,5779.46875,0.0,-14.758881257474595,0.0,3.4775304794311523,0.0,TX
8150197,TX,4835,0.15575151145458221,3,1.0,311986.65625,399190.03125,3,0,94720.203125,0.0,374952.375,0.0,0.0,0.0,0.0,0.0,0.0,0.0,0.0,0.0,0.0,0.0,0.0,0.0,0.0,0.0,0.0,0.0,0.0,0.0,0.0,0.0,-2200.0,0.0,2200.0,0.0,0.0,0.0,0.0,0.0,0.0,0.0,0.0,0.0,-20055.453125,0.0,20055.4375,0.0,0.0,0.0,0.0,0.0,0.0,0.0,0.0,0.0,0.0,0.0,0.0,0.0,0.0,0.0,0.0,0.0,0.0,0.0,0.0,0.0,0.0,0.0,0.0,0.0,0.0,0.0,0.0,0.0,0.0,0.0,0.0,0.0,0.0,0.0,0.0,0.0,0.0,0.0,0.0,0.0,0.0,0.0,0.0,0.0,0.0,0.0,0.0,0.0,0.0,0.0,0.0,0.0,72464.75,0.0,397207.8125,0.0,-22255.453125,0.0,22255.4375,0.0,-23.495993875382645,0.0,5.935536861419678,0.0,TX
8150198,TX,4835,18.92681312561035,1,0.0,0.0,8.27270221710205,1,0,0.0,0.0,12.165739059448242,0.0,0.0,0.0,0.0,0.0,0.0,0.0,0.0,0.0,0.0,0.0,0.0,0.0,0.0,0.0,0.0,0.0,0.0,0.0,0.0,0.0,0.0,0.0,0.0,0.0,0.0,0.0,0.0,0.0,0.0,0.0,0.0,0.0,0.0,0.0,0.0,0.0,0.0,0.0,0.0,0.0,0.0,0.0,0.0,0.0,0.0,0.0,0.0,0.0,0.0,0.0,0.0,0.0,0.0,0.0,0.0,0.0,0.0,0.0,0.0,0.0,0.0,0.0,0.0,0.0,0.0,0.0,0.0,0.0,0.0,0.0,0.0,0.0,0.0,0.0,0.0,0.0,0.0,0.0,0.0,0.0,0.0,0.0,0.0,0.0,0.0,0.0,0.0,0.0,0.0,0.0,12.165739059448242,0.0,0.0,0.0,0.0,0.0,0.0,0.0,0.0,0.0,TX
8150199,TX,4835,6.194474220275879,2,0.0,0.0,0.0,2,0,0.0,0.0,69102.234375,34694.95703125,0.0,0.0,0.0,34694.95703125,0.0,0.0,0.0,0.0,0.0,0.0,0.0,0.0,0.0,0.0,0.0,0.0,0.0,0.0,0.0,0.0,0.0,0.0,0.0,0.0,0.0,0.0,0.0,0.0,0.0,0.0,0.0,0.0,0.0,0.0,0.0,0.0,0.0,0.0,0.0,0.0,0.0,0.0,0.0,0.0,0.0,0.0,0.0,0.0,0.0,0.0,0.0,0.0,0.0,0.0,0.0,0.0,0.0,0.0,0.0,0.0,0.0,0.0,0.0,0.0,0.0,0.0,0.0,0.0,0.0,0.0,0.0,0.0,0.0,0.0,0.0,0.0,0.0,0.0,0.0,0.0,0.0,0.0,0.0,0.0,0.0,0.0,0.0,0.0,0.0,0.0,69102.234375,34694.95703125,0.0,0.0,0.0,0.0,0.0,0.0,0.0,0.0,TX
8150200,TX,4835,0.12745879590511322,2,0.0,311710.59375,779813.3125,2,0,228546.234375,0.0,571690.9375,41383.98828125,0.0,0.0,0.0,41383.98828125,-15425.796875,0.0,15425.8125,0.0,0.0,0.0,0.0,0.0,0.0,0.0,0.0,0.0,0.0,0.0,0.0,0.0,0.0,0.0,0.0,0.0,0.0,0.0,0.0,0.0,-1400.0,0.0,1400.0,0.0,-16028.09375,0.0,16028.0625,0.0,0.0,0.0,0.0,0.0,0.0,0.0,0.0,0.0,0.0,0.0,0.0,0.0,0.0,0.0,0.0,0.0,0.0,0.0,0.0,0.0,0.0,0.0,0.0,0.0,0.0,0.0,0.0,0.0,0.0,0.0,0.0,0.0,0.0,0.0,0.0,0.0,0.0,0.0,0.0,0.0,0.0,0.0,0.0,0.0,0.0,0.0,0.0,0.0,0.0,0.0,0.0,0.0,195692.34375,0.0,604544.8125,41383.98828125,-32853.890625,0.0,32853.875,0.0,-14.375161645014526,0.0,5.746789455413818,0.0,TX
8150201,TX,4835,0.14839580655097961,2,0.0,394652.21875,524474.875,2,0,144537.0625,0.0,504073.625,54933.05078125,0.0,0.0,0.0,54933.05078125,0.0,0.0,0.0,0.0,0.0,0.0,0.0,0.0,0.0,0.0,0.0,0.0,0.0,0.0,0.0,0.0,0.0,0.0,0.0,0.0,0.0,0.0,0.0,0.0,0.0,0.0,0.0,0.0,-32589.0,0.0,32589.0,0.0,0.0,0.0,0.0,0.0,0.0,0.0,0.0,0.0,0.0,0.0,0.0,0.0,0.0,0.0,0.0,0.0,0.0,0.0,0.0,0.0,0.0,0.0,0.0,0.0,0.0,0.0,0.0,0.0,0.0,0.0,0.0,0.0,0.0,0.0,0.0,0.0,0.0,0.0,0.0,0.0,0.0,0.0,0.0,0.0,0.0,0.0,0.0,0.0,0.0,0.0,0.0,0.0,111948.0625,0.0,536662.625,54933.05078125,-32589.0,0.0,32589.0,0.0,-22.547158103479514,0.0,6.465127468109131,0.0,TX
8150202,TX,4835,0.12951241433620453,5,3.0,545235.4375,550858.875,5,0,147881.859375,0.0,418747.0,0.0,0.0,0.0,0.0,0.0,0.0,0.0,0.0,0.0,0.0,0.0,0.0,0.0,0.0,0.0,0.0,0.0,0.0,0.0,0.0,0.0,0.0,0.0,0.0,0.0,0.0,0.0,0.0,0.0,0.0,0.0,0.0,0.0,-28650.7734375,0.0,28650.75,0.0,0.0,0.0,0.0,0.0,0.0,0.0,0.0,0.0,-336.0859375,0.0,336.09375,0.0,0.0,0.0,0.0,0.0,0.0,0.0,0.0,0.0,0.0,0.0,0.0,0.0,0.0,0.0,0.0,0.0,0.0,0.0,0.0,0.0,0.0,0.0,0.0,0.0,0.0,0.0,0.0,0.0,0.0,0.0,0.0,0.0,0.0,0.0,0.0,0.0,0.0,0.0,0.0,0.0,118895.0,0.0,447733.84375,0.0,-28986.859375,0.0,28986.84375,0.0,-19.601362531894388,0.0,6.922280788421631,0.0,TX
8150203,TX,4835,167.6380615234375,1,0.0,0.0,8.27270221710205,1,0,0.0,0.0,43871.796875,26649.453125,0.0,0.0,0.0,26649.453125,0.0,0.0,0.0,0.0,0.0,0.0,0.0,0.0,0.0,0.0,0.0,0.0,0.0,0.0,0.0,0.0,0.0,0.0,0.0,0.0,0.0,0.0,0.0,0.0,0.0,0.0,0.0,0.0,0.0,0.0,0.0,0.0,0.0,0.0,0.0,0.0,0.0,0.0,0.0,0.0,0.0,0.0,0.0,0.0,0.0,0.0,0.0,0.0,0.0,0.0,0.0,0.0,0.0,0.0,0.0,0.0,0.0,0.0,0.0,0.0,0.0,0.0,0.0,0.0,0.0,0.0,0.0,0.0,0.0,0.0,0.0,0.0,0.0,0.0,0.0,0.0,0.0,0.0,0.0,0.0,0.0,0.0,0.0,0.0,0.0,0.0,43871.796875,26649.453125,0.0,0.0,0.0,0.0,0.0,0.0,0.0,0.0,TX
8150204,TX,4835,22.61570930480957,1,0.0,0.0,0.0,1,0,0.0,0.0,56946.7734375,24991.484375,20223.16015625,0.0,0.0,45214.64453125,0.0,0.0,0.0,0.0,0.0,0.0,0.0,0.0,0.0,0.0,0.0,0.0,0.0,0.0,0.0,0.0,0.0,0.0,0.0,0.0,0.0,0.0,0.0,0.0,0.0,0.0,0.0,0.0,0.0,0.0,0.0,0.0,0.0,0.0,0.0,0.0,0.0,0.0,0.0,0.0,0.0,0.0,0.0,0.0,0.0,0.0,0.0,0.0,0.0,0.0,0.0,0.0,0.0,0.0,0.0,0.0,0.0,0.0,0.0,0.0,0.0,0.0,0.0,0.0,0.0,0.0,0.0,0.0,0.0,0.0,0.0,0.0,0.0,0.0,0.0,0.0,0.0,0.0,0.0,0.0,0.0,0.0,0.0,0.0,0.0,0.0,56946.7734375,45214.64453125,0.0,0.0,0.0,0.0,0.0,0.0,0.0,0.0,TX
8150205,TX,4835,291.1419677734375,2,0.0,6497.28857421875,6266.963623046875,2,0,0.0,0.0,26563.1015625,15184.0673828125,0.0,0.0,0.0,15184.0673828125,0.0,0.0,0.0,0.0,0.0,0.0,0.0,0.0,0.0,0.0,0.0,0.0,0.0,0.0,0.0,0.0,0.0,0.0,0.0,0.0,0.0,0.0,0.0,0.0,0.0,0.0,0.0,0.0,0.0,0.0,0.0,0.0,0.0,0.0,0.0,0.0,0.0,0.0,0.0,0.0,0.0,0.0,0.0,0.0,0.0,0.0,0.0,0.0,0.0,0.0,0.0,0.0,0.0,0.0,0.0,0.0,0.0,0.0,0.0,0.0,0.0,0.0,0.0,0.0,0.0,0.0,0.0,0.0,0.0,0.0,0.0,0.0,0.0,0.0,0.0,0.0,0.0,0.0,0.0,0.0,0.0,0.0,0.0,0.0,0.0,0.0,26563.1015625,15184.0673828125,0.0,0.0,0.0,0.0,0.0,0.0,0.0,0.0,TX
8150206,TX,4835,134.10557556152344,2,0.0,0.0,5809.37451171875,2,0,0.0,0.0,81398.484375,37210.6015625,0.0,0.0,0.0,37210.6015625,0.0,0.0,0.0,0.0,0.0,0.0,0.0,0.0,0.0,0.0,0.0,0.0,0.0,0.0,0.0,0.0,0.0,0.0,0.0,0.0,0.0,0.0,0.0,0.0,0.0,0.0,0.0,0.0,0.0,0.0,0.0,0.0,0.0,0.0,0.0,0.0,0.0,0.0,0.0,0.0,0.0,0.0,0.0,0.0,0.0,0.0,0.0,0.0,0.0,0.0,0.0,0.0,0.0,0.0,0.0,0.0,0.0,0.0,0.0,0.0,0.0,0.0,0.0,0.0,0.0,0.0,0.0,0.0,0.0,0.0,0.0,0.0,0.0,0.0,0.0,0.0,0.0,0.0,0.0,0.0,0.0,0.0,0.0,0.0,0.0,0.0,81398.484375,37210.6015625,0.0,0.0,0.0,0.0,0.0,0.0,0.0,0.0,TX
8150207,TX,4835,22.8033390045166,1,0.0,0.0,-408.1879577636719,1,0,0.0,0.0,50162.6484375,17920.701171875,20223.16015625,0.0,0.0,38143.861328125,0.0,0.0,0.0,0.0,0.0,0.0,0.0,0.0,0.0,0.0,0.0,0.0,0.0,0.0,0.0,0.0,0.0,0.0,0.0,0.0,0.0,0.0,0.0,0.0,0.0,0.0,0.0,0.0,0.0,0.0,0.0,0.0,0.0,0.0,0.0,0.0,0.0,0.0,0.0,0.0,0.0,0.0,0.0,0.0,0.0,0.0,0.0,0.0,0.0,0.0,0.0,0.0,0.0,0.0,0.0,0.0,0.0,0.0,0.0,0.0,0.0,0.0,0.0,0.0,0.0,0.0,0.0,0.0,0.0,0.0,0.0,0.0,0.0,0.0,0.0,0.0,0.0,0.0,0.0,0.0,0.0,0.0,0.0,0.0,0.0,0.0,50162.6484375,38143.861328125,0.0,0.0,0.0,0.0,0.0,0.0,0.0,0.0,TX
8150208,TX,4835,0.15439121425151825,2,0.0,0.0,744585.125,2,0,251878.765625,0.0,517078.4375,18611.841796875,0.0,0.0,0.0,18611.841796875,-5712.5625,0.0,5712.5625,0.0,-2886.0,0.0,2886.0,0.0,0.0,0.0,0.0,0.0,0.0,0.0,0.0,0.0,0.0,0.0,0.0,0.0,0.0,0.0,0.0,0.0,-1850.0,0.0,1850.0,0.0,0.0,0.0,0.0,0.0,0.0,0.0,0.0,0.0,0.0,0.0,0.0,0.0,0.0,0.0,0.0,0.0,0.0,0.0,0.0,0.0,0.0,0.0,0.0,0.0,0.0,0.0,0.0,0.0,0.0,0.0,0.0,0.0,0.0,0.0,0.0,0.0,0.0,0.0,0.0,0.0,0.0,0.0,0.0,0.0,0.0,0.0,0.0,0.0,0.0,0.0,0.0,0.0,0.0,0.0,0.0,0.0,241430.203125,0.0,527527.0,18611.841796875,-10448.5625,0.0,10448.5625,0.0,-4.148250637195808,0.0,2.0206918716430664,0.0,TX
8150209,TX,4835,0.11903101950883865,4,2.0,54286.3125,55215.55468749999,4,0,359.52807617187534,0.0,90557.890625,12070.5595703125,8275.0205078125,7092.9912109375,0.0,27438.5712890625,-233.9055175781251,0.0,233.90625,0.0,-927.6037597656251,0.0,927.609375,0.0,627.6037597656251,0.0,-627.609375,0.0,0.0,0.0,0.0,0.0,-760.9189453125001,0.0,760.921875,0.0,0.0,0.0,0.0,0.0,0.0,0.0,0.0,0.0,0.0,0.0,0.0,0.0,0.0,0.0,0.0,0.0,0.0,0.0,0.0,0.0,0.0,0.0,0.0,0.0,0.0,0.0,0.0,0.0,0.0,0.0,0.0,0.0,0.0,0.0,0.0,0.0,0.0,0.0,0.0,0.0,0.0,0.0,0.0,0.0,0.0,0.0,0.0,0.0,0.0,0.0,0.0,0.0,0.0,0.0,0.0,0.0,0.0,0.0,0.0,0.0,0.0,0.0,0.0,0.0,-935.2963867187499,0.0,91852.71875,27438.5712890625,-1294.8244628906252,0.0,1294.828125,0.0,-360.14557657845444,0.0,1.4298347234725952,0.0,TX
8150210,TX,4835,0.16457167267799377,2,0.0,0.0,43234.44921875,2,0,1197.9901123046875,0.0,109291.4140625,40585.0625,0.0,0.0,0.0,40585.0625,0.0,0.0,0.0,0.0,-1197.9901123046875,0.0,1197.9921875,0.0,697.9901123046875,0.0,-697.9921875,0.0,0.0,0.0,0.0,0.0,0.0,0.0,0.0,0.0,0.0,0.0,0.0,0.0,0.0,0.0,0.0,0.0,0.0,0.0,0.0,0.0,0.0,0.0,0.0,0.0,0.0,0.0,0.0,0.0,-199.99996948242188,0.0,200.0,0.0,0.0,0.0,0.0,0.0,0.0,0.0,0.0,0.0,0.0,0.0,0.0,0.0,0.0,0.0,0.0,0.0,0.0,0.0,0.0,0.0,-497.9901428222656,0.0,497.9921875,0.0,0.0,0.0,0.0,0.0,0.0,0.0,0.0,0.0,0.0,0.0,0.0,0.0,0.0,0.0,0.0,0.0,0.0,0.0,110489.40625,40585.0625,-1197.9901123046875,0.0,1197.9921875,0.0,-100.0,0.0,1.0961449146270752,0.0,TX
8150211,TX,4835,0.14032480120658875,4,1.0,382913.63330078125,483385.11328125,4,0,120870.55615234375,0.0,440966.25,0.0,0.0,0.0,0.0,0.0,-1045.60498046875,0.0,1045.625,0.0,-936.0,0.0,936.0,0.0,636.0,0.0,-636.0,0.0,0.0,0.0,0.0,0.0,0.0,0.0,0.0,0.0,0.0,0.0,0.0,0.0,0.0,0.0,0.0,0.0,-31471.3359375,0.0,31471.3125,0.0,0.0,0.0,0.0,0.0,0.0,0.0,0.0,0.0,-379.4375,0.0,379.4375,0.0,0.0,0.0,0.0,0.0,0.0,0.0,0.0,0.0,0.0,0.0,0.0,0.0,0.0,0.0,0.0,0.0,0.0,0.0,0.0,0.0,0.0,0.0,0.0,0.0,0.0,0.0,0.0,0.0,0.0,0.0,0.0,0.0,0.0,0.0,0.0,0.0,0.0,0.0,0.0,0.0,87674.177734375,0.0,474162.625,0.0,-33196.37841796875,0.0,33196.375,0.0,-27.46440446267861,0.0,7.5280985832214355,0.0,TX
8150212,TX,4835,0.200601264834404,5,3.0,187991.234375,197678.171875,5,0,27087.25390625,0.0,166968.140625,0.0,0.0,0.0,0.0,0.0,-3993.65625,0.0,3993.65625,0.0,-824.8671875,0.0,824.859375,0.0,3222.8671875,0.0,-3222.859375,0.0,0.0,0.0,0.0,0.0,-6600.0,0.0,6600.0,0.0,0.0,0.0,0.0,0.0,0.0,0.0,0.0,0.0,0.0,0.0,0.0,0.0,0.0,0.0,0.0,0.0,0.0,0.0,0.0,0.0,0.0,0.0,0.0,0.0,0.0,0.0,0.0,0.0,0.0,0.0,0.0,0.0,0.0,0.0,0.0,0.0,0.0,0.0,0.0,0.0,0.0,0.0,0.0,0.0,0.0,0.0,0.0,0.0,-1076.83984375,0.0,1076.84375,0.0,0.0,0.0,0.0,0.0,0.0,0.0,0.0,0.0,0.0,0.0,0.0,0.0,17814.7578125,0.0,176240.640625,0.0,-9272.49609375,0.0,9272.5,0.0,-34.2319532494599,0.0,5.553454399108887,0.0,TX
8150213,TX,4835,4.546021461486816,1,0.0,0.0,2.4818105697631836,1,0,0.0,0.0,39440.6875,20027.361328125,0.0,0.0,0.0,20027.361328125,0.0,0.0,0.0,0.0,0.0,0.0,0.0,0.0,0.0,0.0,0.0,0.0,0.0,0.0,0.0,0.0,0.0,0.0,0.0,0.0,0.0,0.0,0.0,0.0,0.0,0.0,0.0,0.0,0.0,0.0,0.0,0.0,0.0,0.0,0.0,0.0,0.0,0.0,0.0,0.0,0.0,0.0,0.0,0.0,0.0,0.0,0.0,0.0,0.0,0.0,0.0,0.0,0.0,0.0,0.0,0.0,0.0,0.0,0.0,0.0,0.0,0.0,0.0,0.0,0.0,0.0,0.0,0.0,0.0,0.0,0.0,0.0,0.0,0.0,0.0,0.0,0.0,0.0,0.0,0.0,0.0,0.0,0.0,0.0,0.0,0.0,39440.6875,20027.361328125,0.0,0.0,0.0,0.0,0.0,0.0,0.0,0.0,TX
8150214,TX,4835,99.83483123779297,2,0.0,29036.283203125,34863.6796875,2,0,766.3679809570312,0.0,112544.671875,29036.041015625,0.0,28381.365234375,0.0,57417.40625,0.0,0.0,0.0,0.0,-766.3679809570312,0.0,766.3671875,0.0,266.36798095703125,0.0,-266.3671875,0.0,0.0,0.0,0.0,0.0,0.0,0.0,0.0,0.0,0.0,0.0,0.0,0.0,0.0,0.0,0.0,0.0,0.0,0.0,0.0,0.0,0.0,0.0,0.0,0.0,0.0,0.0,0.0,0.0,-200.00001525878906,0.0,200.0,0.0,0.0,0.0,0.0,0.0,0.0,0.0,0.0,0.0,0.0,0.0,0.0,0.0,0.0,0.0,0.0,0.0,0.0,0.0,0.0,0.0,0.0,0.0,0.0,0.0,-66.36796569824219,0.0,66.3671875,0.0,0.0,0.0,0.0,0.0,0.0,0.0,0.0,0.0,0.0,0.0,0.0,0.0,0.0,0.0,113311.0390625,57417.40625,-766.3679809570312,0.0,766.3671875,0.0,-100.0,0.0,0.6809448599815369,0.0,TX
8150215,TX,4835,0.12049383670091629,3,0.0,125058.078125,125501.5,3,0,10882.724853515625,0.0,111849.2578125,0.0,0.0,3887.19580078125,0.0,3887.19580078125,-1462.545166015625,0.0,1462.546875,0.0,-2807.9998779296875,0.0,2808.0,0.0,1907.9998779296875,0.0,-1908.0,0.0,0.0,0.0,0.0,0.0,0.0,0.0,0.0,0.0,0.0,0.0,0.0,0.0,0.0,0.0,0.0,0.0,0.0,0.0,0.0,0.0,0.0,0.0,0.0,0.0,0.0,0.0,0.0,0.0,0.0,0.0,0.0,0.0,0.0,0.0,0.0,0.0,0.0,0.0,0.0,0.0,0.0,0.0,0.0,0.0,0.0,0.0,0.0,0.0,0.0,0.0,0.0,0.0,0.0,0.0,0.0,0.0,0.0,0.0,0.0,0.0,0.0,0.0,0.0,0.0,0.0,0.0,0.0,0.0,0.0,0.0,0.0,0.0,8520.1796875,0.0,114211.8046875,3887.19580078125,-2362.545166015625,0.0,2362.546875,0.0,-21.70913257310198,0.0,2.11225962638855,0.0,TX
8150216,TX,4835,9.869256973266602,1,0.0,0.0,0.0,1,0,0.0,0.0,31720.314453125,16025.1572265625,0.0,0.0,0.0,16025.1572265625,0.0,0.0,0.0,0.0,0.0,0.0,0.0,0.0,0.0,0.0,0.0,0.0,0.0,0.0,0.0,0.0,0.0,0.0,0.0,0.0,0.0,0.0,0.0,0.0,0.0,0.0,0.0,0.0,0.0,0.0,0.0,0.0,0.0,0.0,0.0,0.0,0.0,0.0,0.0,0.0,0.0,0.0,0.0,0.0,0.0,0.0,0.0,0.0,0.0,0.0,0.0,0.0,0.0,0.0,0.0,0.0,0.0,0.0,0.0,0.0,0.0,0.0,0.0,0.0,0.0,0.0,0.0,0.0,0.0,0.0,0.0,0.0,0.0,0.0,0.0,0.0,0.0,0.0,0.0,0.0,0.0,0.0,0.0,0.0,0.0,0.0,31720.314453125,16025.1572265625,0.0,0.0,0.0,0.0,0.0,0.0,0.0,0.0,TX
8150217,TX,4835,0.1529645472764969,3,0.0,92916.109375,195042.2734375,3,0,18664.943359375,0.0,227986.75,17003.087890625,0.0,0.0,0.0,17003.087890625,-2940.48681640625,0.0,2940.5,0.0,-1872.0009765625,0.0,1872.0,0.0,2438.0009765625,0.0,-2438.0,0.0,0.0,0.0,0.0,0.0,0.0,0.0,0.0,0.0,0.0,0.0,0.0,0.0,-621.7587890625,0.0,621.75,0.0,0.0,0.0,0.0,0.0,0.0,0.0,0.0,0.0,0.0,0.0,0.0,0.0,-240.0,0.0,240.0,0.0,0.0,0.0,0.0,0.0,0.0,0.0,0.0,0.0,0.0,0.0,0.0,0.0,0.0,0.0,0.0,0.0,0.0,0.0,0.0,0.0,-720.0,0.0,720.0,0.0,0.0,0.0,0.0,0.0,0.0,0.0,0.0,0.0,0.0,0.0,0.0,0.0,0.0,0.0,0.0,0.0,14708.69775390625,0.0,231943.0,17003.087890625,-3956.24560546875,0.0,3956.25,0.0,-21.196129713844606,0.0,1.7352981567382812,0.0,TX
8150218,TX,4835,162.29205322265625,2,0.0,0.0,-1436.8216552734375,2,0,0.0,0.0,88677.640625,44338.8203125,0.0,0.0,0.0,44338.8203125,0.0,0.0,0.0,0.0,0.0,0.0,0.0,0.0,0.0,0.0,0.0,0.0,0.0,0.0,0.0,0.0,0.0,0.0,0.0,0.0,0.0,0.0,0.0,0.0,0.0,0.0,0.0,0.0,0.0,0.0,0.0,0.0,0.0,0.0,0.0,0.0,0.0,0.0,0.0,0.0,0.0,0.0,0.0,0.0,0.0,0.0,0.0,0.0,0.0,0.0,0.0,0.0,0.0,0.0,0.0,0.0,0.0,0.0,0.0,0.0,0.0,0.0,0.0,0.0,0.0,0.0,0.0,0.0,0.0,0.0,0.0,0.0,0.0,0.0,0.0,0.0,0.0,0.0,0.0,0.0,0.0,0.0,0.0,0.0,0.0,0.0,88677.640625,44338.8203125,0.0,0.0,0.0,0.0,0.0,0.0,0.0,0.0,TX
8150219,TX,4835,69.24632263183594,1,0.0,8073.87646484375,8516.4658203125,1,0,0.0,0.0,9633.3583984375,1469.983642578125,0.0,0.0,0.0,1469.983642578125,0.0,0.0,0.0,0.0,0.0,0.0,0.0,0.0,0.0,0.0,0.0,0.0,0.0,0.0,0.0,0.0,0.0,0.0,0.0,0.0,0.0,0.0,0.0,0.0,0.0,0.0,0.0,0.0,0.0,0.0,0.0,0.0,0.0,0.0,0.0,0.0,0.0,0.0,0.0,0.0,0.0,0.0,0.0,0.0,0.0,0.0,0.0,0.0,0.0,0.0,0.0,0.0,0.0,0.0,0.0,0.0,0.0,0.0,0.0,0.0,0.0,0.0,0.0,0.0,0.0,0.0,0.0,0.0,0.0,0.0,0.0,0.0,0.0,0.0,0.0,0.0,0.0,0.0,0.0,0.0,0.0,0.0,0.0,0.0,0.0,0.0,9633.3583984375,1469.983642578125,0.0,0.0,0.0,0.0,0.0,0.0,0.0,0.0,TX
8150220,TX,4835,0.13407178223133087,7,5.0,167013.3671875,191222.6875,7,0,23305.671875000004,0.0,195993.65625,0.0,0.0,0.0,0.0,0.0,-3113.1464843750036,0.0,3113.15625,0.0,0.0,0.0,0.0,0.0,4216.466796875004,0.0,-4216.46875,0.0,0.0,0.0,0.0,0.0,-9300.000000000004,0.0,9300.0,0.0,0.0,0.0,0.0,0.0,-1099.9999999999982,0.0,1100.0,0.0,0.0,0.0,0.0,0.0,0.0,0.0,0.0,0.0,0.0,0.0,0.0,0.0,-440.0000000000018,0.0,440.0,0.0,0.0,0.0,0.0,0.0,0.0,0.0,0.0,0.0,0.0,0.0,0.0,0.0,0.0,0.0,0.0,0.0,0.0,0.0,0.0,0.0,0.0,0.0,0.0,0.0,-71.33984375,0.0,71.34375,0.0,0.0,0.0,0.0,0.0,0.0,0.0,0.0,0.0,0.0,0.0,0.0,0.0,13497.65234375,0.0,205801.6875,0.0,-9808.019531250004,0.0,9808.03125,0.0,-42.08425993404235,0.0,5.0042595863342285,0.0,TX
8150221,TX,4835,118.28588104248047,1,0.0,0.0,0.0,1,0,0.0,0.0,33621.9296875,12526.8173828125,20223.16015625,0.0,0.0,32749.9775390625,0.0,0.0,0.0,0.0,0.0,0.0,0.0,0.0,0.0,0.0,0.0,0.0,0.0,0.0,0.0,0.0,0.0,0.0,0.0,0.0,0.0,0.0,0.0,0.0,0.0,0.0,0.0,0.0,0.0,0.0,0.0,0.0,0.0,0.0,0.0,0.0,0.0,0.0,0.0,0.0,0.0,0.0,0.0,0.0,0.0,0.0,0.0,0.0,0.0,0.0,0.0,0.0,0.0,0.0,0.0,0.0,0.0,0.0,0.0,0.0,0.0,0.0,0.0,0.0,0.0,0.0,0.0,0.0,0.0,0.0,0.0,0.0,0.0,0.0,0.0,0.0,0.0,0.0,0.0,0.0,0.0,0.0,0.0,0.0,0.0,0.0,33621.9296875,32749.9775390625,0.0,0.0,0.0,0.0,0.0,0.0,0.0,0.0,TX
8150222,TX,4835,0.17608396708965302,2,0.0,83851.4140625,240281.921875,2,0,40769.9375,0.0,334251.46875,119893.5625,0.0,0.0,0.0,119893.5625,-5200.09375,0.0,5200.09375,0.0,0.0,0.0,0.0,0.0,2396.10546875,0.0,-2396.125,0.0,0.0,0.0,0.0,0.0,0.0,0.0,0.0,0.0,0.0,0.0,0.0,0.0,0.0,0.0,0.0,0.0,-4215.92578125,0.0,4215.9375,0.0,0.0,0.0,0.0,0.0,0.0,0.0,0.0,0.0,-440.0,0.0,440.0,0.0,0.0,0.0,0.0,0.0,0.0,0.0,0.0,0.0,0.0,0.0,0.0,0.0,0.0,0.0,0.0,0.0,0.0,0.0,0.0,0.0,-1448.27734375,0.0,1448.28125,0.0,0.0,0.0,0.0,0.0,0.0,0.0,0.0,0.0,0.0,0.0,0.0,0.0,0.0,0.0,0.0,0.0,31861.74609375,0.0,343159.65625,119893.5625,-8908.19140625,0.0,8908.1875,0.0,-21.849902041792436,0.0,2.6651155948638916,0.0,TX
8150223,TX,4835,867.1460571289062,3,1.0,0.0,0.0,3,0,0.0,0.0,35624.421875,11263.751953125,24360.67041015625,0.0,0.0,35624.42236328125,0.0,0.0,0.0,0.0,0.0,0.0,0.0,0.0,0.0,0.0,0.0,0.0,0.0,0.0,0.0,0.0,0.0,0.0,0.0,0.0,0.0,0.0,0.0,0.0,0.0,0.0,0.0,0.0,0.0,0.0,0.0,0.0,0.0,0.0,0.0,0.0,0.0,0.0,0.0,0.0,0.0,0.0,0.0,0.0,0.0,0.0,0.0,0.0,0.0,0.0,0.0,0.0,0.0,0.0,0.0,0.0,0.0,0.0,0.0,0.0,0.0,0.0,0.0,0.0,0.0,0.0,0.0,0.0,0.0,0.0,0.0,0.0,0.0,0.0,0.0,0.0,0.0,0.0,0.0,0.0,0.0,0.0,0.0,0.0,0.0,0.0,35624.421875,35624.42236328125,0.0,0.0,0.0,0.0,0.0,0.0,0.0,0.0,TX
8150224,TX,4835,507.663818359375,2,1.0,0.0,0.0,2,0,0.0,0.0,39467.9921875,29511.91796875,9956.07568359375,0.0,0.0,39467.99365234375,0.0,0.0,0.0,0.0,0.0,0.0,0.0,0.0,0.0,0.0,0.0,0.0,0.0,0.0,0.0,0.0,0.0,0.0,0.0,0.0,0.0,0.0,0.0,0.0,0.0,0.0,0.0,0.0,0.0,0.0,0.0,0.0,0.0,0.0,0.0,0.0,0.0,0.0,0.0,0.0,0.0,0.0,0.0,0.0,0.0,0.0,0.0,0.0,0.0,0.0,0.0,0.0,0.0,0.0,0.0,0.0,0.0,0.0,0.0,0.0,0.0,0.0,0.0,0.0,0.0,0.0,0.0,0.0,0.0,0.0,0.0,0.0,0.0,0.0,-6588.71875,-6588.71875,0.0,0.0,0.0,0.0,0.0,0.0,0.0,0.0,0.0,0.0,32879.2734375,32879.27490234375,0.0,0.0,-6588.71875,-6588.71875,0.0,0.0,-16.69382667541504,-16.693827428972284,TX
8150225,TX,4835,237.79977416992188,1,0.0,0.0,0.0,1,0,0.0,0.0,24149.19921875,3926.039794921875,20223.16015625,0.0,0.0,24149.199951171875,0.0,0.0,0.0,0.0,0.0,0.0,0.0,0.0,0.0,0.0,0.0,0.0,0.0,0.0,0.0,0.0,0.0,0.0,0.0,0.0,0.0,0.0,0.0,0.0,0.0,0.0,0.0,0.0,0.0,0.0,0.0,0.0,0.0,0.0,0.0,0.0,0.0,0.0,0.0,0.0,0.0,0.0,0.0,0.0,0.0,0.0,0.0,0.0,0.0,0.0,0.0,0.0,0.0,0.0,0.0,0.0,0.0,0.0,0.0,0.0,0.0,0.0,0.0,0.0,0.0,0.0,0.0,0.0,0.0,0.0,0.0,0.0,0.0,0.0,0.0,0.0,0.0,0.0,0.0,0.0,0.0,0.0,0.0,0.0,0.0,0.0,24149.19921875,24149.199951171875,0.0,0.0,0.0,0.0,0.0,0.0,0.0,0.0,TX
8150226,TX,4835,156.26412963867188,2,1.0,0.0,115.41502380371094,2,0,0.0,0.0,50243.9921875,15518.189453125,20223.16015625,0.0,0.0,35741.349609375,0.0,0.0,0.0,0.0,0.0,0.0,0.0,0.0,0.0,0.0,0.0,0.0,0.0,0.0,0.0,0.0,0.0,0.0,0.0,0.0,0.0,0.0,0.0,0.0,0.0,0.0,0.0,0.0,0.0,0.0,0.0,0.0,0.0,0.0,0.0,0.0,0.0,0.0,0.0,0.0,0.0,0.0,0.0,0.0,0.0,0.0,0.0,0.0,0.0,0.0,0.0,0.0,0.0,0.0,0.0,0.0,0.0,0.0,0.0,0.0,0.0,0.0,0.0,0.0,0.0,0.0,0.0,0.0,0.0,0.0,0.0,0.0,0.0,0.0,0.0,0.0,0.0,0.0,0.0,0.0,0.0,0.0,0.0,0.0,0.0,0.0,50243.9921875,35741.349609375,0.0,0.0,0.0,0.0,0.0,0.0,0.0,0.0,TX
8150227,TX,4835,0.1142009049654007,2,0.0,111678.3125,112507.953125,2,0,10301.046875,0.0,99681.0859375,0.0,0.0,0.0,0.0,0.0,-1584.208984375,0.0,1584.2109375,0.0,-847.88330078125,0.0,847.8828125,0.0,1271.99951171875,0.0,-1272.0,0.0,0.0,0.0,0.0,0.0,0.0,0.0,0.0,0.0,0.0,0.0,0.0,0.0,-0.0283203125,0.0,0.0234375,0.0,0.0,0.0,0.0,0.0,0.0,0.0,0.0,0.0,0.0,0.0,0.0,0.0,-240.0,0.0,240.0,0.0,0.0,0.0,0.0,0.0,0.0,0.0,0.0,0.0,0.0,0.0,0.0,0.0,0.0,0.0,0.0,0.0,0.0,0.0,0.0,0.0,0.0,0.0,0.0,0.0,0.0,0.0,0.0,0.0,0.0,0.0,0.0,0.0,0.0,0.0,0.0,0.0,0.0,0.0,0.0,0.0,8900.92578125,0.0,101081.203125,0.0,-1400.12109375,0.0,1400.1171875,0.0,-13.592027205972693,0.0,1.4045966863632202,0.0,TX
8150228,TX,4835,13.793578147888184,1,0.0,0.0,0.0,1,0,0.0,0.0,30991.33203125,18370.900390625,0.0,0.0,0.0,18370.900390625,0.0,0.0,0.0,0.0,0.0,0.0,0.0,0.0,0.0,0.0,0.0,0.0,0.0,0.0,0.0,0.0,0.0,0.0,0.0,0.0,0.0,0.0,0.0,0.0,0.0,0.0,0.0,0.0,0.0,0.0,0.0,0.0,0.0,0.0,0.0,0.0,0.0,0.0,0.0,0.0,0.0,0.0,0.0,0.0,0.0,0.0,0.0,0.0,0.0,0.0,0.0,0.0,0.0,0.0,0.0,0.0,0.0,0.0,0.0,0.0,0.0,0.0,0.0,0.0,0.0,0.0,0.0,0.0,0.0,0.0,0.0,0.0,0.0,0.0,0.0,0.0,0.0,0.0,0.0,0.0,0.0,0.0,0.0,0.0,0.0,0.0,30991.33203125,18370.900390625,0.0,0.0,0.0,0.0,0.0,0.0,0.0,0.0,TX
8150229,TX,4835,415.7738342285156,1,0.0,0.0,0.0,1,0,0.0,0.0,37323.421875,13883.845703125,20223.16015625,0.0,0.0,34107.005859375,0.0,0.0,0.0,0.0,0.0,0.0,0.0,0.0,0.0,0.0,0.0,0.0,0.0,0.0,0.0,0.0,0.0,0.0,0.0,0.0,0.0,0.0,0.0,0.0,0.0,0.0,0.0,0.0,0.0,0.0,0.0,0.0,0.0,0.0,0.0,0.0,0.0,0.0,0.0,0.0,0.0,0.0,0.0,0.0,0.0,0.0,0.0,0.0,0.0,0.0,0.0,0.0,0.0,0.0,0.0,0.0,0.0,0.0,0.0,0.0,0.0,0.0,0.0,0.0,0.0,0.0,0.0,0.0,0.0,0.0,0.0,0.0,0.0,0.0,0.0,0.0,0.0,0.0,0.0,0.0,0.0,0.0,0.0,0.0,0.0,0.0,37323.421875,34107.005859375,0.0,0.0,0.0,0.0,0.0,0.0,0.0,0.0,TX
8150230,TX,4835,137.4462890625,2,0.0,0.0,0.0,2,0,0.0,0.0,94240.703125,47120.3515625,0.0,0.0,0.0,47120.3515625,0.0,0.0,0.0,0.0,0.0,0.0,0.0,0.0,0.0,0.0,0.0,0.0,0.0,0.0,0.0,0.0,0.0,0.0,0.0,0.0,0.0,0.0,0.0,0.0,0.0,0.0,0.0,0.0,0.0,0.0,0.0,0.0,0.0,0.0,0.0,0.0,0.0,0.0,0.0,0.0,0.0,0.0,0.0,0.0,0.0,0.0,0.0,0.0,0.0,0.0,0.0,0.0,0.0,0.0,0.0,0.0,0.0,0.0,0.0,0.0,0.0,0.0,0.0,0.0,0.0,0.0,0.0,0.0,0.0,0.0,0.0,0.0,0.0,0.0,0.0,0.0,0.0,0.0,0.0,0.0,0.0,0.0,0.0,0.0,0.0,0.0,94240.703125,47120.3515625,0.0,0.0,0.0,0.0,0.0,0.0,0.0,0.0,TX
8150231,TX,4835,3.894176721572876,1,0.0,0.0,8.27270221710205,1,0,0.0,0.0,59313.703125,29650.76953125,0.0,0.0,0.0,29650.76953125,0.0,0.0,0.0,0.0,0.0,0.0,0.0,0.0,0.0,0.0,0.0,0.0,0.0,0.0,0.0,0.0,0.0,0.0,0.0,0.0,0.0,0.0,0.0,0.0,0.0,0.0,0.0,0.0,0.0,0.0,0.0,0.0,0.0,0.0,0.0,0.0,0.0,0.0,0.0,0.0,0.0,0.0,0.0,0.0,0.0,0.0,0.0,0.0,0.0,0.0,0.0,0.0,0.0,0.0,0.0,0.0,0.0,0.0,0.0,0.0,0.0,0.0,0.0,0.0,0.0,0.0,0.0,0.0,0.0,0.0,0.0,0.0,0.0,0.0,0.0,0.0,0.0,0.0,0.0,0.0,0.0,0.0,0.0,0.0,0.0,0.0,59313.703125,29650.76953125,0.0,0.0,0.0,0.0,0.0,0.0,0.0,0.0,TX
8150232,TX,4835,161.7745361328125,2,0.0,12870.748046875,12874.884765625,2,0,0.0,0.0,91910.7890625,37733.7734375,0.0,0.0,0.0,37733.7734375,0.0,0.0,0.0,0.0,0.0,0.0,0.0,0.0,0.0,0.0,0.0,0.0,0.0,0.0,0.0,0.0,0.0,0.0,0.0,0.0,0.0,0.0,0.0,0.0,0.0,0.0,0.0,0.0,0.0,0.0,0.0,0.0,0.0,0.0,0.0,0.0,0.0,0.0,0.0,0.0,0.0,0.0,0.0,0.0,0.0,0.0,0.0,0.0,0.0,0.0,0.0,0.0,0.0,0.0,0.0,0.0,0.0,0.0,0.0,0.0,0.0,0.0,0.0,0.0,0.0,0.0,0.0,0.0,0.0,0.0,0.0,0.0,0.0,0.0,0.0,0.0,0.0,0.0,0.0,0.0,0.0,0.0,0.0,0.0,0.0,0.0,91910.7890625,37733.7734375,0.0,0.0,0.0,0.0,0.0,0.0,0.0,0.0,TX
8150233,TX,4835,0.15908172726631165,2,0.0,416229.140625,416324.28125,2,0,109947.8203125,0.0,295222.3125,0.0,0.0,0.0,0.0,0.0,0.0,0.0,0.0,0.0,0.0,0.0,0.0,0.0,0.0,0.0,0.0,0.0,0.0,0.0,0.0,0.0,0.0,0.0,0.0,0.0,0.0,0.0,0.0,0.0,0.0,0.0,0.0,0.0,-32954.375,0.0,32954.34375,0.0,0.0,0.0,0.0,0.0,0.0,0.0,0.0,0.0,-480.0,0.0,480.0,0.0,0.0,0.0,0.0,0.0,0.0,0.0,0.0,0.0,0.0,0.0,0.0,0.0,0.0,0.0,0.0,0.0,0.0,0.0,0.0,0.0,0.0,0.0,0.0,0.0,0.0,0.0,0.0,0.0,0.0,0.0,0.0,0.0,0.0,0.0,0.0,0.0,0.0,0.0,0.0,0.0,76513.4453125,0.0,328656.65625,0.0,-33434.375,0.0,33434.34375,0.0,-30.409311348756983,0.0,11.325140953063965,0.0,TX
8150234,TX,4835,178.530029296875,2,0.0,0.0,162.14495849609375,2,0,0.0,0.0,144681.84375,72221.703125,0.0,0.0,0.0,72221.703125,0.0,0.0,0.0,0.0,0.0,0.0,0.0,0.0,0.0,0.0,0.0,0.0,0.0,0.0,0.0,0.0,0.0,0.0,0.0,0.0,0.0,0.0,0.0,0.0,0.0,0.0,0.0,0.0,0.0,0.0,0.0,0.0,0.0,0.0,0.0,0.0,0.0,0.0,0.0,0.0,0.0,0.0,0.0,0.0,0.0,0.0,0.0,0.0,0.0,0.0,0.0,0.0,0.0,0.0,0.0,0.0,0.0,0.0,0.0,0.0,0.0,0.0,0.0,0.0,0.0,0.0,0.0,0.0,0.0,0.0,0.0,0.0,0.0,0.0,0.0,0.0,0.0,0.0,0.0,0.0,0.0,0.0,0.0,0.0,0.0,0.0,144681.84375,72221.703125,0.0,0.0,0.0,0.0,0.0,0.0,0.0,0.0,TX
8150235,TX,4835,71.98810577392578,2,1.0,0.0,0.0,2,0,0.0,0.0,18969.826171875,9013.75,9956.07568359375,0.0,0.0,18969.82568359375,0.0,0.0,0.0,0.0,0.0,0.0,0.0,0.0,0.0,0.0,0.0,0.0,0.0,0.0,0.0,0.0,0.0,0.0,0.0,0.0,0.0,0.0,0.0,0.0,0.0,0.0,0.0,0.0,0.0,0.0,0.0,0.0,0.0,0.0,0.0,0.0,0.0,0.0,0.0,0.0,0.0,0.0,0.0,0.0,0.0,0.0,0.0,0.0,0.0,0.0,0.0,0.0,0.0,0.0,0.0,0.0,0.0,0.0,0.0,0.0,0.0,0.0,0.0,0.0,0.0,0.0,0.0,0.0,0.0,0.0,0.0,0.0,0.0,0.0,0.0,0.0,0.0,0.0,0.0,0.0,0.0,0.0,0.0,0.0,0.0,0.0,18969.826171875,18969.82568359375,0.0,0.0,0.0,0.0,0.0,0.0,0.0,0.0,TX
8150236,TX,4835,0.13565683364868164,1,0.0,80046.046875,100278.984375,1,0,15619.74609375,0.0,82116.109375,0.0,0.0,0.0,0.0,0.0,-2289.369140625,0.0,2289.375,0.0,-1716.0,0.0,1716.0,0.0,1166.0,0.0,-1166.0,0.0,0.0,0.0,0.0,0.0,0.0,0.0,0.0,0.0,0.0,0.0,0.0,0.0,-1100.0,0.0,1100.0,0.0,0.0,0.0,0.0,0.0,0.0,0.0,0.0,0.0,0.0,0.0,0.0,0.0,0.0,0.0,0.0,0.0,0.0,0.0,0.0,0.0,0.0,0.0,0.0,0.0,0.0,0.0,0.0,0.0,0.0,0.0,0.0,0.0,0.0,0.0,0.0,0.0,-986.318359375,0.0,986.3125,0.0,0.0,0.0,0.0,0.0,0.0,0.0,0.0,0.0,0.0,0.0,0.0,0.0,0.0,0.0,0.0,0.0,10694.05859375,0.0,87041.796875,0.0,-4925.6875,0.0,4925.6875,0.0,-31.535003644975625,0.0,5.99844217300415,0.0,TX
8150237,TX,4835,0.20486128330230713,4,2.0,108838.73046875,108838.734375,3,1,5411.4921875,0.0,95438.765625,0.0,0.0,0.0,0.0,0.0,-1237.48486328125,0.0,1237.484375,0.0,-1173.291015625,0.0,1173.296875,0.0,2544.00048828125,0.0,-2544.0,0.0,0.0,0.0,0.0,0.0,-2400.0,0.0,2400.0,0.0,0.0,0.0,0.0,0.0,0.0,0.0,0.0,0.0,0.0,0.0,0.0,0.0,0.0,0.0,0.0,0.0,0.0,0.0,0.0,0.0,-240.0,0.0,240.0,0.0,0.0,0.0,0.0,0.0,0.0,0.0,0.0,0.0,0.0,0.0,0.0,0.0,0.0,0.0,0.0,0.0,0.0,0.0,0.0,0.0,0.0,0.0,0.0,0.0,-78.990234375,0.0,78.984375,0.0,0.0,0.0,0.0,0.0,0.0,0.0,0.0,0.0,0.0,0.0,0.0,0.0,2825.7265625,0.0,98024.53125,0.0,-2585.765625,0.0,2585.765625,0.0,-47.782857951321766,0.0,2.7093451023101807,0.0,TX
8150238,TX,4835,828.40771484375,2,0.0,0.0,-366.8244400024414,2,0,0.0,0.0,68458.4921875,21825.873046875,40446.3203125,0.0,0.0,62272.193359375,0.0,0.0,0.0,0.0,0.0,0.0,0.0,0.0,0.0,0.0,0.0,0.0,0.0,0.0,0.0,0.0,0.0,0.0,0.0,0.0,0.0,0.0,0.0,0.0,0.0,0.0,0.0,0.0,0.0,0.0,0.0,0.0,0.0,0.0,0.0,0.0,0.0,0.0,0.0,0.0,0.0,0.0,0.0,0.0,0.0,0.0,0.0,0.0,0.0,0.0,0.0,0.0,0.0,0.0,0.0,0.0,0.0,0.0,0.0,0.0,0.0,0.0,0.0,0.0,0.0,0.0,0.0,0.0,0.0,0.0,0.0,0.0,0.0,0.0,0.0,0.0,0.0,0.0,0.0,0.0,0.0,0.0,-20223.16015625,-20223.16015625,0.0,0.0,48235.33203125,42049.033203125,0.0,0.0,-20223.16015625,-20223.16015625,0.0,0.0,-29.540761947631836,-32.475426133686085,TX
8150239,TX,4835,0.11500217765569687,4,2.0,0.0,24099.3125,4,0,0.0,0.0,81130.359375,23692.021484375,8275.0205078125,4359.2138671875,0.0,36326.255859375,0.0,0.0,0.0,0.0,0.0,0.0,0.0,0.0,0.0,0.0,0.0,0.0,0.0,0.0,0.0,0.0,0.0,0.0,0.0,0.0,0.0,0.0,0.0,0.0,0.0,0.0,0.0,0.0,0.0,0.0,0.0,0.0,0.0,0.0,0.0,0.0,0.0,0.0,0.0,0.0,0.0,0.0,0.0,0.0,0.0,0.0,0.0,0.0,0.0,0.0,0.0,0.0,0.0,0.0,0.0,0.0,0.0,0.0,0.0,0.0,0.0,0.0,0.0,0.0,0.0,0.0,0.0,0.0,0.0,0.0,0.0,0.0,0.0,0.0,0.0,0.0,0.0,0.0,0.0,0.0,0.0,0.0,0.0,0.0,0.0,0.0,81130.359375,36326.255859375,0.0,0.0,0.0,0.0,0.0,0.0,0.0,0.0,TX
8150240,TX,4835,11.081374168395996,4,2.0,0.0,0.0,4,0,0.0,0.0,10866.9453125,2591.924560546875,8275.0205078125,0.0,0.0,10866.945068359375,0.0,0.0,0.0,0.0,0.0,0.0,0.0,0.0,0.0,0.0,0.0,0.0,0.0,0.0,0.0,0.0,0.0,0.0,0.0,0.0,0.0,0.0,0.0,0.0,0.0,0.0,0.0,0.0,0.0,0.0,0.0,0.0,0.0,0.0,0.0,0.0,0.0,0.0,0.0,0.0,0.0,0.0,0.0,0.0,0.0,0.0,0.0,0.0,0.0,0.0,0.0,0.0,0.0,0.0,0.0,0.0,0.0,0.0,0.0,0.0,0.0,0.0,0.0,0.0,0.0,0.0,0.0,0.0,0.0,0.0,0.0,0.0,0.0,0.0,0.0,0.0,0.0,0.0,0.0,0.0,0.0,0.0,0.0,0.0,0.0,0.0,10866.9453125,10866.945068359375,0.0,0.0,0.0,0.0,0.0,0.0,0.0,0.0,TX
8150241,TX,4835,115.23639678955078,1,0.0,0.0,534.6182861328125,1,0,0.0,0.0,52851.8125,26158.595703125,0.0,0.0,0.0,26158.595703125,0.0,0.0,0.0,0.0,0.0,0.0,0.0,0.0,0.0,0.0,0.0,0.0,0.0,0.0,0.0,0.0,0.0,0.0,0.0,0.0,0.0,0.0,0.0,0.0,0.0,0.0,0.0,0.0,0.0,0.0,0.0,0.0,0.0,0.0,0.0,0.0,0.0,0.0,0.0,0.0,0.0,0.0,0.0,0.0,0.0,0.0,0.0,0.0,0.0,0.0,0.0,0.0,0.0,0.0,0.0,0.0,0.0,0.0,0.0,0.0,0.0,0.0,0.0,0.0,0.0,0.0,0.0,0.0,0.0,0.0,0.0,0.0,0.0,0.0,0.0,0.0,0.0,0.0,0.0,0.0,0.0,0.0,0.0,0.0,0.0,0.0,52851.8125,26158.595703125,0.0,0.0,0.0,0.0,0.0,0.0,0.0,0.0,TX
8150242,TX,4835,0.21764516830444336,4,2.0,102183.69140625,102441.796875,4,0,6357.626953125,0.0,94130.203125,0.0,0.0,0.0,0.0,0.0,-1219.607421875,0.0,1219.609375,0.0,-1869.413330078125,0.0,1869.4140625,0.0,2544.000244140625,0.0,-2544.0,0.0,0.0,0.0,0.0,0.0,-2400.00048828125,0.0,2400.0,0.0,0.0,0.0,0.0,0.0,0.0,0.0,0.0,0.0,0.0,0.0,0.0,0.0,0.0,0.0,0.0,0.0,0.0,0.0,0.0,0.0,-172.98193359375,0.0,172.9765625,0.0,0.0,0.0,0.0,0.0,0.0,0.0,0.0,0.0,0.0,0.0,0.0,0.0,0.0,0.0,0.0,0.0,0.0,0.0,0.0,0.0,0.0,0.0,0.0,0.0,-218.5517578125,0.0,218.5546875,0.0,0.0,0.0,0.0,0.0,0.0,0.0,0.0,0.0,0.0,0.0,0.0,0.0,3021.072265625,0.0,97466.7578125,0.0,-3336.5546875,0.0,3336.5546875,0.0,-52.481133481101224,0.0,3.544616222381592,0.0,TX
8150243,TX,4835,0.3579147458076477,1,0.0,0.0,7045.22998046875,1,0,0.0,0.0,50629.34765625,21762.861328125,0.0,0.0,0.0,21762.861328125,0.0,0.0,0.0,0.0,0.0,0.0,0.0,0.0,0.0,0.0,0.0,0.0,0.0,0.0,0.0,0.0,0.0,0.0,0.0,0.0,0.0,0.0,0.0,0.0,0.0,0.0,0.0,0.0,0.0,0.0,0.0,0.0,0.0,0.0,0.0,0.0,0.0,0.0,0.0,0.0,0.0,0.0,0.0,0.0,0.0,0.0,0.0,0.0,0.0,0.0,0.0,0.0,0.0,0.0,0.0,0.0,0.0,0.0,0.0,0.0,0.0,0.0,0.0,0.0,0.0,0.0,0.0,0.0,0.0,0.0,0.0,0.0,0.0,0.0,0.0,0.0,0.0,0.0,0.0,0.0,0.0,0.0,0.0,0.0,0.0,0.0,50629.34765625,21762.861328125,0.0,0.0,0.0,0.0,0.0,0.0,0.0,0.0,TX
8150244,TX,4835,147.72415161132812,2,0.0,17718.494140625,17719.322265625,2,0,0.0,0.0,74849.390625,28229.484375,0.0,0.0,0.0,28229.484375,0.0,0.0,0.0,0.0,0.0,0.0,0.0,0.0,0.0,0.0,0.0,0.0,0.0,0.0,0.0,0.0,0.0,0.0,0.0,0.0,0.0,0.0,0.0,0.0,0.0,0.0,0.0,0.0,0.0,0.0,0.0,0.0,0.0,0.0,0.0,0.0,0.0,0.0,0.0,0.0,0.0,0.0,0.0,0.0,0.0,0.0,0.0,0.0,0.0,0.0,0.0,0.0,0.0,0.0,0.0,0.0,0.0,0.0,0.0,0.0,0.0,0.0,0.0,0.0,0.0,0.0,0.0,0.0,0.0,0.0,0.0,0.0,0.0,0.0,0.0,0.0,0.0,0.0,0.0,0.0,0.0,0.0,0.0,0.0,0.0,0.0,74849.390625,28229.484375,0.0,0.0,0.0,0.0,0.0,0.0,0.0,0.0,TX
8150245,TX,4835,50.72431182861328,4,0.0,0.0,0.0,4,0,0.0,0.0,95160.609375,47580.3046875,0.0,0.0,0.0,47580.3046875,0.0,0.0,0.0,0.0,0.0,0.0,0.0,0.0,0.0,0.0,0.0,0.0,0.0,0.0,0.0,0.0,0.0,0.0,0.0,0.0,0.0,0.0,0.0,0.0,0.0,0.0,0.0,0.0,0.0,0.0,0.0,0.0,0.0,0.0,0.0,0.0,0.0,0.0,0.0,0.0,0.0,0.0,0.0,0.0,0.0,0.0,0.0,0.0,0.0,0.0,0.0,0.0,0.0,0.0,0.0,0.0,0.0,0.0,0.0,0.0,0.0,0.0,0.0,0.0,0.0,0.0,0.0,0.0,0.0,0.0,0.0,0.0,0.0,0.0,0.0,0.0,0.0,0.0,0.0,0.0,0.0,0.0,0.0,0.0,0.0,0.0,95160.609375,47580.3046875,0.0,0.0,0.0,0.0,0.0,0.0,0.0,0.0,TX
8150246,TX,4835,190.62574768066406,1,0.0,0.0,0.0,1,0,0.0,0.0,3926.039794921875,3926.039794921875,0.0,0.0,0.0,3926.039794921875,0.0,0.0,0.0,0.0,0.0,0.0,0.0,0.0,0.0,0.0,0.0,0.0,0.0,0.0,0.0,0.0,0.0,0.0,0.0,0.0,0.0,0.0,0.0,0.0,0.0,0.0,0.0,0.0,0.0,0.0,0.0,0.0,0.0,0.0,0.0,0.0,0.0,0.0,0.0,0.0,0.0,0.0,0.0,0.0,0.0,0.0,0.0,0.0,0.0,0.0,0.0,0.0,0.0,0.0,0.0,0.0,0.0,0.0,0.0,0.0,0.0,0.0,0.0,0.0,0.0,0.0,0.0,0.0,0.0,0.0,0.0,0.0,0.0,0.0,0.0,0.0,0.0,0.0,0.0,0.0,0.0,0.0,0.0,0.0,0.0,0.0,3926.039794921875,3926.039794921875,0.0,0.0,0.0,0.0,0.0,0.0,0.0,0.0,TX
8150247,TX,4835,0.1349973827600479,5,1.0,252786.4666442871,282991.2478942871,3,2,51405.53125,0.0,253575.171875,0.0,9956.07568359375,0.0,0.0,9956.07568359375,-5617.34716796875,0.0,5617.34375,0.0,-1716.0,0.0,1716.0,0.0,1166.0,0.0,-1166.0,0.0,0.0,0.0,0.0,0.0,0.0,0.0,0.0,0.0,0.0,0.0,0.0,0.0,0.0,0.0,0.0,0.0,-2119.3203125,0.0,2119.3125,0.0,0.0,0.0,0.0,0.0,0.0,0.0,0.0,0.0,0.0,0.0,0.0,0.0,0.0,0.0,0.0,0.0,0.0,0.0,0.0,0.0,0.0,0.0,0.0,0.0,0.0,0.0,0.0,0.0,-2077.322265625,0.0,2077.328125,0.0,0.0,0.0,0.0,0.0,0.0,0.0,0.0,0.0,0.0,0.0,0.0,0.0,0.0,0.0,0.0,0.0,0.0,0.0,0.0,0.0,41041.54150390625,0.0,263939.15625,9956.07568359375,-10363.98974609375,0.0,10363.984375,0.0,-20.161234587170522,0.0,4.08714485168457,0.0,TX
8150248,TX,4835,0.03112216480076313,5,3.0,212869.3388671875,178816.5,5,0,18753.134765625,0.0,179841.796875,0.0,0.0,0.0,0.0,0.0,-3080.3759765625,0.0,3080.375,0.0,0.0,0.0,0.0,0.0,5829.9990234375,0.0,-5830.0,0.0,0.0,0.0,0.0,0.0,-1500.0,0.0,1500.0,0.0,0.0,0.0,0.0,0.0,0.0,0.0,0.0,0.0,0.0,0.0,0.0,0.0,0.0,0.0,0.0,0.0,0.0,0.0,0.0,0.0,-263.126953125,0.0,263.140625,0.0,0.0,0.0,0.0,0.0,0.0,0.0,0.0,0.0,0.0,0.0,0.0,0.0,-5500.0009765625,0.0,5500.0,0.0,0.0,0.0,0.0,0.0,0.0,0.0,0.0,0.0,-347.6513671875,0.0,347.640625,0.0,0.0,0.0,0.0,0.0,0.0,0.0,0.0,0.0,0.0,0.0,0.0,0.0,13891.978515625,0.0,184702.953125,0.0,-4861.15625,0.0,4861.15625,0.0,-25.921832860235344,0.0,2.7030181884765625,0.0,TX
8150249,TX,4835,133.51173400878906,2,0.0,8806.1181640625,8806.1181640625,2,0,0.0,0.0,73557.109375,31598.49609375,0.0,0.0,0.0,31598.49609375,0.0,0.0,0.0,0.0,0.0,0.0,0.0,0.0,0.0,0.0,0.0,0.0,0.0,0.0,0.0,0.0,0.0,0.0,0.0,0.0,0.0,0.0,0.0,0.0,0.0,0.0,0.0,0.0,0.0,0.0,0.0,0.0,0.0,0.0,0.0,0.0,0.0,0.0,0.0,0.0,0.0,0.0,0.0,0.0,0.0,0.0,0.0,0.0,0.0,0.0,0.0,0.0,0.0,0.0,0.0,0.0,0.0,0.0,0.0,0.0,0.0,0.0,0.0,0.0,0.0,0.0,0.0,0.0,0.0,0.0,0.0,0.0,0.0,0.0,0.0,0.0,0.0,0.0,0.0,0.0,0.0,0.0,0.0,0.0,0.0,0.0,73557.109375,31598.49609375,0.0,0.0,0.0,0.0,0.0,0.0,0.0,0.0,TX
8150250,TX,4835,0.3698773980140686,2,0.0,0.0,4787.69189453125,2,0,0.0,0.0,74902.0703125,36163.16796875,0.0,0.0,0.0,36163.16796875,0.0,0.0,0.0,0.0,0.0,0.0,0.0,0.0,0.0,0.0,0.0,0.0,0.0,0.0,0.0,0.0,0.0,0.0,0.0,0.0,0.0,0.0,0.0,0.0,0.0,0.0,0.0,0.0,0.0,0.0,0.0,0.0,0.0,0.0,0.0,0.0,0.0,0.0,0.0,0.0,0.0,0.0,0.0,0.0,0.0,0.0,0.0,0.0,0.0,0.0,0.0,0.0,0.0,0.0,0.0,0.0,0.0,0.0,0.0,0.0,0.0,0.0,0.0,0.0,0.0,0.0,0.0,0.0,0.0,0.0,0.0,0.0,0.0,0.0,0.0,0.0,0.0,0.0,0.0,0.0,0.0,0.0,0.0,0.0,0.0,0.0,74902.0703125,36163.16796875,0.0,0.0,0.0,0.0,0.0,0.0,0.0,0.0,TX
8150251,TX,4835,19.57530975341797,1,0.0,0.0,8.27270221710205,1,0,0.0,0.0,33837.9609375,13601.546875,20223.16015625,0.0,0.0,33824.70703125,0.0,0.0,0.0,0.0,0.0,0.0,0.0,0.0,0.0,0.0,0.0,0.0,0.0,0.0,0.0,0.0,0.0,0.0,0.0,0.0,0.0,0.0,0.0,0.0,0.0,0.0,0.0,0.0,0.0,0.0,0.0,0.0,0.0,0.0,0.0,0.0,0.0,0.0,0.0,0.0,0.0,0.0,0.0,0.0,0.0,0.0,0.0,0.0,0.0,0.0,0.0,0.0,0.0,0.0,0.0,0.0,0.0,0.0,0.0,0.0,0.0,0.0,0.0,0.0,0.0,0.0,0.0,0.0,0.0,0.0,0.0,0.0,0.0,0.0,0.0,0.0,0.0,0.0,0.0,0.0,0.0,0.0,0.0,0.0,0.0,0.0,33837.9609375,33824.70703125,0.0,0.0,0.0,0.0,0.0,0.0,0.0,0.0,TX
8150252,TX,4835,123.22021484375,5,3.0,0.0,0.0,5,0,0.0,0.0,80962.015625,23394.70703125,48721.3408203125,0.0,0.0,72116.0478515625,0.0,0.0,0.0,0.0,0.0,0.0,0.0,0.0,0.0,0.0,0.0,0.0,0.0,0.0,0.0,0.0,0.0,0.0,0.0,0.0,0.0,0.0,0.0,0.0,0.0,0.0,0.0,0.0,0.0,0.0,0.0,0.0,0.0,0.0,0.0,0.0,0.0,0.0,0.0,0.0,0.0,0.0,0.0,0.0,0.0,0.0,0.0,0.0,0.0,0.0,0.0,0.0,0.0,0.0,0.0,0.0,0.0,0.0,0.0,0.0,0.0,0.0,0.0,0.0,0.0,0.0,0.0,0.0,0.0,0.0,0.0,0.0,0.0,0.0,0.0,0.0,0.0,0.0,0.0,0.0,0.0,0.0,0.0,0.0,0.0,0.0,80962.015625,72116.0478515625,0.0,0.0,0.0,0.0,0.0,0.0,0.0,0.0,TX
8150253,TX,4835,5.133393287658691,1,0.0,0.0,1.6545404195785522,1,0,0.0,0.0,49206.69140625,24745.970703125,0.0,0.0,0.0,24745.970703125,0.0,0.0,0.0,0.0,0.0,0.0,0.0,0.0,0.0,0.0,0.0,0.0,0.0,0.0,0.0,0.0,0.0,0.0,0.0,0.0,0.0,0.0,0.0,0.0,0.0,0.0,0.0,0.0,0.0,0.0,0.0,0.0,0.0,0.0,0.0,0.0,0.0,0.0,0.0,0.0,0.0,0.0,0.0,0.0,0.0,0.0,0.0,0.0,0.0,0.0,0.0,0.0,0.0,0.0,0.0,0.0,0.0,0.0,0.0,0.0,0.0,0.0,0.0,0.0,0.0,0.0,0.0,0.0,0.0,0.0,0.0,0.0,0.0,0.0,0.0,0.0,0.0,0.0,0.0,0.0,0.0,0.0,0.0,0.0,0.0,0.0,49206.69140625,24745.970703125,0.0,0.0,0.0,0.0,0.0,0.0,0.0,0.0,TX
8150254,TX,4835,0.14073289930820465,3,0.0,326026.6796875,483775.203125,3,0,100696.8046875,0.0,379832.1875,0.0,0.0,0.0,0.0,0.0,-6453.7109375,0.0,6453.6875,0.0,0.0,0.0,0.0,0.0,0.0,0.0,0.0,0.0,0.0,0.0,0.0,0.0,0.0,0.0,0.0,0.0,0.0,0.0,0.0,0.0,0.0,0.0,0.0,0.0,-10991.25,0.0,10991.25,0.0,0.0,0.0,0.0,0.0,0.0,0.0,0.0,0.0,-480.0,0.0,480.0,0.0,0.0,0.0,0.0,0.0,0.0,0.0,0.0,0.0,0.0,0.0,0.0,0.0,0.0,0.0,0.0,0.0,0.0,0.0,0.0,0.0,0.0,0.0,0.0,0.0,0.0,0.0,0.0,0.0,0.0,0.0,0.0,0.0,0.0,0.0,0.0,0.0,0.0,0.0,0.0,0.0,82771.84375,0.0,397757.125,0.0,-17924.9609375,0.0,17924.9375,0.0,-17.800923269738185,0.0,4.719172954559326,0.0,TX
8150255,TX,4835,78.96697235107422,1,0.0,13937.416015625,15685.0634765625,1,0,208.50634765625,0.0,28795.4296875,5914.40234375,0.0,8470.6845703125,0.0,14385.0869140625,0.0,0.0,0.0,0.0,-208.50634765625,0.0,208.5078125,0.0,0.0,0.0,0.0,0.0,0.0,0.0,0.0,0.0,0.0,0.0,0.0,0.0,0.0,0.0,0.0,0.0,0.0,0.0,0.0,0.0,0.0,0.0,0.0,0.0,0.0,0.0,0.0,0.0,0.0,0.0,0.0,0.0,0.0,0.0,0.0,0.0,0.0,0.0,0.0,0.0,0.0,0.0,0.0,0.0,0.0,0.0,0.0,0.0,0.0,0.0,0.0,0.0,0.0,0.0,0.0,0.0,0.0,0.0,0.0,0.0,0.0,0.0,0.0,0.0,0.0,0.0,0.0,0.0,0.0,0.0,0.0,0.0,0.0,0.0,0.0,0.0,0.0,0.0,29003.9375,14385.0869140625,-208.50634765625,0.0,208.5078125,0.0,-100.0,0.0,0.7241003513336182,0.0,TX
8150256,TX,4835,0.18286994099617004,1,0.0,66521.1015625,75101.2109375,1,0,8820.7275390625,0.0,83845.3828125,0.0,0.0,0.0,0.0,0.0,-1462.318359375,0.0,1462.3203125,0.0,-875.576171875,0.0,875.578125,0.0,1166.0,0.0,-1166.0,0.0,0.0,0.0,0.0,0.0,0.0,0.0,0.0,0.0,0.0,0.0,0.0,0.0,0.0,0.0,0.0,0.0,0.0,0.0,0.0,0.0,0.0,0.0,0.0,0.0,0.0,0.0,0.0,0.0,-220.0,0.0,220.0,0.0,0.0,0.0,0.0,0.0,0.0,0.0,0.0,0.0,0.0,0.0,0.0,0.0,0.0,0.0,0.0,0.0,-2002.955078125,0.0,2002.953125,0.0,0.0,0.0,0.0,0.0,0.0,0.0,0.0,0.0,0.0,0.0,0.0,0.0,0.0,0.0,0.0,0.0,0.0,0.0,0.0,0.0,5425.8779296875,0.0,87240.234375,0.0,-3394.849609375,0.0,3394.8515625,0.0,-38.487183674373156,0.0,4.048942565917969,0.0,TX
8150257,TX,4835,0.154761403799057,1,0.0,0.0,7269.57080078125,1,0,0.0,0.0,56131.30078125,20468.01171875,0.0,0.0,0.0,20468.01171875,0.0,0.0,0.0,0.0,0.0,0.0,0.0,0.0,0.0,0.0,0.0,0.0,0.0,0.0,0.0,0.0,0.0,0.0,0.0,0.0,0.0,0.0,0.0,0.0,0.0,0.0,0.0,0.0,0.0,0.0,0.0,0.0,0.0,0.0,0.0,0.0,0.0,0.0,0.0,0.0,0.0,0.0,0.0,0.0,0.0,0.0,0.0,0.0,0.0,0.0,0.0,0.0,0.0,0.0,0.0,0.0,0.0,0.0,0.0,0.0,0.0,0.0,0.0,0.0,0.0,0.0,0.0,0.0,0.0,0.0,0.0,0.0,0.0,0.0,0.0,0.0,0.0,0.0,0.0,0.0,0.0,0.0,0.0,0.0,0.0,0.0,56131.30078125,20468.01171875,0.0,0.0,0.0,0.0,0.0,0.0,0.0,0.0,TX
8150258,TX,4835,1.6455806493759155,1,0.0,0.0,0.0,1,0,0.0,0.0,0.0,0.0,0.0,0.0,0.0,0.0,0.0,0.0,0.0,0.0,0.0,0.0,0.0,0.0,0.0,0.0,0.0,0.0,0.0,0.0,0.0,0.0,0.0,0.0,0.0,0.0,0.0,0.0,0.0,0.0,0.0,0.0,0.0,0.0,0.0,0.0,0.0,0.0,0.0,0.0,0.0,0.0,0.0,0.0,0.0,0.0,0.0,0.0,0.0,0.0,0.0,0.0,0.0,0.0,0.0,0.0,0.0,0.0,0.0,0.0,0.0,0.0,0.0,0.0,0.0,0.0,0.0,0.0,0.0,0.0,0.0,0.0,0.0,0.0,0.0,0.0,0.0,0.0,0.0,0.0,0.0,0.0,0.0,0.0,0.0,0.0,0.0,0.0,0.0,0.0,0.0,0.0,0.0,0.0,0.0,0.0,0.0,0.0,0.0,0.0,0.0,0.0,TX
8150259,TX,4835,39.64578628540039,1,0.0,0.0,0.0,1,0,0.0,0.0,38120.390625,9722.6708984375,20223.16015625,0.0,0.0,29945.8310546875,0.0,0.0,0.0,0.0,0.0,0.0,0.0,0.0,0.0,0.0,0.0,0.0,0.0,0.0,0.0,0.0,0.0,0.0,0.0,0.0,0.0,0.0,0.0,0.0,0.0,0.0,0.0,0.0,0.0,0.0,0.0,0.0,0.0,0.0,0.0,0.0,0.0,0.0,0.0,0.0,0.0,0.0,0.0,0.0,0.0,0.0,0.0,0.0,0.0,0.0,0.0,0.0,0.0,0.0,0.0,0.0,0.0,0.0,0.0,0.0,0.0,0.0,0.0,0.0,0.0,0.0,0.0,0.0,0.0,0.0,0.0,0.0,0.0,0.0,0.0,0.0,0.0,0.0,0.0,0.0,0.0,0.0,0.0,0.0,0.0,0.0,38120.390625,29945.8310546875,0.0,0.0,0.0,0.0,0.0,0.0,0.0,0.0,TX
8150260,TX,4835,0.6609178781509399,4,2.0,1152420.625,1326825.625,4,0,430974.71875,0.0,934930.25,0.0,0.0,0.0,0.0,0.0,-37426.875,0.0,37426.875,0.0,-5772.0,0.0,5772.0,0.0,0.0,0.0,0.0,0.0,0.0,0.0,0.0,0.0,0.0,0.0,0.0,0.0,0.0,0.0,0.0,0.0,-1850.0,0.0,1850.0,0.0,0.0,0.0,0.0,0.0,0.0,0.0,0.0,0.0,0.0,0.0,0.0,0.0,0.0,0.0,0.0,0.0,-2661.375,0.0,2661.375,0.0,0.0,0.0,0.0,0.0,2661.375,0.0,-2661.375,0.0,0.0,0.0,0.0,0.0,0.0,0.0,0.0,0.0,0.0,0.0,0.0,0.0,0.0,0.0,0.0,0.0,0.0,0.0,0.0,0.0,0.0,0.0,0.0,0.0,0.0,0.0,0.0,0.0,385925.84375,0.0,979979.125,0.0,-45048.875,0.0,45048.875,0.0,-10.452788305230492,0.0,4.818420886993408,0.0,TX
8150261,TX,4835,0.42369621992111206,1,0.0,0.0,0.0,1,0,0.0,0.0,0.0,0.0,0.0,0.0,0.0,0.0,0.0,0.0,0.0,0.0,0.0,0.0,0.0,0.0,0.0,0.0,0.0,0.0,0.0,0.0,0.0,0.0,0.0,0.0,0.0,0.0,0.0,0.0,0.0,0.0,0.0,0.0,0.0,0.0,0.0,0.0,0.0,0.0,0.0,0.0,0.0,0.0,0.0,0.0,0.0,0.0,0.0,0.0,0.0,0.0,0.0,0.0,0.0,0.0,0.0,0.0,0.0,0.0,0.0,0.0,0.0,0.0,0.0,0.0,0.0,0.0,0.0,0.0,0.0,0.0,0.0,0.0,0.0,0.0,0.0,0.0,0.0,0.0,0.0,0.0,0.0,0.0,0.0,0.0,0.0,0.0,0.0,0.0,0.0,0.0,0.0,0.0,0.0,0.0,0.0,0.0,0.0,0.0,0.0,0.0,0.0,0.0,TX
8150262,TX,4835,399.0408630371094,3,1.0,0.0,3298.838134765625,3,0,0.0,0.0,39770.53125,3036.04736328125,5818.5654296875,0.0,0.0,8854.61279296875,0.0,0.0,0.0,0.0,0.0,0.0,0.0,0.0,0.0,0.0,0.0,0.0,0.0,0.0,0.0,0.0,0.0,0.0,0.0,0.0,0.0,0.0,0.0,0.0,0.0,0.0,0.0,0.0,0.0,0.0,0.0,0.0,0.0,0.0,0.0,0.0,0.0,0.0,0.0,0.0,0.0,0.0,0.0,0.0,0.0,0.0,0.0,0.0,0.0,0.0,0.0,0.0,0.0,0.0,0.0,0.0,0.0,0.0,0.0,0.0,0.0,0.0,0.0,0.0,0.0,0.0,0.0,0.0,0.0,0.0,0.0,0.0,0.0,0.0,0.0,0.0,0.0,0.0,0.0,0.0,0.0,0.0,0.0,0.0,0.0,0.0,39770.53125,8854.61279296875,0.0,0.0,0.0,0.0,0.0,0.0,0.0,0.0,TX
8150263,TX,4835,0.450126588344574,2,0.0,86895.6328125,387837.9375,2,0,102074.4375,0.0,340069.9375,27466.525390625,0.0,0.0,0.0,27466.525390625,0.0,0.0,0.0,0.0,0.0,0.0,0.0,0.0,0.0,0.0,0.0,0.0,0.0,0.0,0.0,0.0,0.0,0.0,0.0,0.0,0.0,0.0,0.0,0.0,-16852.71875,0.0,16852.6875,0.0,-9694.015625,0.0,9694.03125,0.0,0.0,0.0,0.0,0.0,0.0,0.0,0.0,0.0,0.0,0.0,0.0,0.0,-503.8828125,0.0,503.875,0.0,0.0,0.0,0.0,0.0,0.0,0.0,0.0,0.0,0.0,0.0,0.0,0.0,0.0,0.0,0.0,0.0,0.0,0.0,0.0,0.0,0.0,0.0,0.0,0.0,0.0,0.0,0.0,0.0,0.0,0.0,0.0,0.0,0.0,0.0,0.0,0.0,75023.8203125,0.0,367120.53125,27466.525390625,-27050.6171875,0.0,27050.59375,0.0,-26.50087313731217,0.0,7.954421043395996,0.0,TX
8150264,TX,4835,124.29641723632812,3,0.0,0.0,0.8272702097892761,3,0,0.0,0.0,125649.671875,62824.2265625,0.0,0.0,0.0,62824.2265625,0.0,0.0,0.0,0.0,0.0,0.0,0.0,0.0,0.0,0.0,0.0,0.0,0.0,0.0,0.0,0.0,0.0,0.0,0.0,0.0,0.0,0.0,0.0,0.0,0.0,0.0,0.0,0.0,0.0,0.0,0.0,0.0,0.0,0.0,0.0,0.0,0.0,0.0,0.0,0.0,0.0,0.0,0.0,0.0,0.0,0.0,0.0,0.0,0.0,0.0,0.0,0.0,0.0,0.0,0.0,0.0,0.0,0.0,0.0,0.0,0.0,0.0,0.0,0.0,0.0,0.0,0.0,0.0,0.0,0.0,0.0,0.0,0.0,0.0,0.0,0.0,0.0,0.0,0.0,0.0,0.0,0.0,0.0,0.0,0.0,0.0,125649.671875,62824.2265625,0.0,0.0,0.0,0.0,0.0,0.0,0.0,0.0,TX
8150265,TX,4835,292.75152587890625,1,0.0,10038.59765625,10039.4248046875,1,0,0.0,0.0,34666.9765625,3596.039794921875,20223.16015625,0.0,0.0,23819.199951171875,0.0,0.0,0.0,0.0,0.0,0.0,0.0,0.0,0.0,0.0,0.0,0.0,0.0,0.0,0.0,0.0,0.0,0.0,0.0,0.0,0.0,0.0,0.0,0.0,0.0,0.0,0.0,0.0,0.0,0.0,0.0,0.0,0.0,0.0,0.0,0.0,0.0,0.0,0.0,0.0,0.0,0.0,0.0,0.0,0.0,0.0,0.0,0.0,0.0,0.0,0.0,0.0,0.0,0.0,0.0,0.0,0.0,0.0,0.0,0.0,0.0,0.0,0.0,0.0,0.0,0.0,0.0,0.0,0.0,0.0,0.0,0.0,0.0,0.0,0.0,0.0,0.0,0.0,0.0,0.0,0.0,0.0,0.0,0.0,0.0,0.0,34666.9765625,23819.199951171875,0.0,0.0,0.0,0.0,0.0,0.0,0.0,0.0,TX
8150266,TX,4835,0.11033184826374054,2,0.0,0.0,5360.30712890625,1,1,0.0,0.0,111186.828125,44903.48046875,20223.16015625,0.0,0.0,65126.640625,0.0,0.0,0.0,0.0,0.0,0.0,0.0,0.0,0.0,0.0,0.0,0.0,0.0,0.0,0.0,0.0,0.0,0.0,0.0,0.0,0.0,0.0,0.0,0.0,0.0,0.0,0.0,0.0,0.0,0.0,0.0,0.0,0.0,0.0,0.0,0.0,0.0,0.0,0.0,0.0,0.0,0.0,0.0,0.0,0.0,0.0,0.0,0.0,0.0,0.0,0.0,0.0,0.0,0.0,0.0,0.0,0.0,0.0,0.0,0.0,0.0,0.0,0.0,0.0,0.0,0.0,0.0,0.0,0.0,0.0,0.0,0.0,0.0,0.0,0.0,0.0,0.0,0.0,0.0,0.0,0.0,0.0,0.0,0.0,0.0,0.0,111186.828125,65126.640625,0.0,0.0,0.0,0.0,0.0,0.0,0.0,0.0,TX
8150267,TX,4835,0.12811365723609924,1,0.0,0.0,180198.046875,1,0,36059.15234375,0.0,174336.328125,25699.73046875,0.0,0.0,0.0,25699.73046875,-4589.099609375,0.0,4589.109375,0.0,-742.21875,0.0,742.21875,0.0,142.21875,0.0,-142.21875,0.0,0.0,0.0,0.0,0.0,0.0,0.0,0.0,0.0,0.0,0.0,0.0,0.0,-3467.794921875,0.0,3467.78125,0.0,0.0,0.0,0.0,0.0,0.0,0.0,0.0,0.0,0.0,0.0,0.0,0.0,0.0,0.0,0.0,0.0,0.0,0.0,0.0,0.0,0.0,0.0,0.0,0.0,0.0,0.0,0.0,0.0,0.0,0.0,0.0,0.0,0.0,0.0,0.0,0.0,0.0,0.0,0.0,0.0,0.0,0.0,0.0,0.0,0.0,0.0,0.0,0.0,0.0,0.0,0.0,0.0,0.0,0.0,0.0,0.0,27402.2578125,0.0,182993.21875,25699.73046875,-8656.89453125,0.0,8656.890625,0.0,-24.00748206370544,0.0,4.965626239776611,0.0,TX
8150268,TX,4835,24.67815399169922,1,0.0,0.0,11.581783294677734,1,0,0.0,0.0,17.032033920288086,0.0,0.0,0.0,0.0,0.0,0.0,0.0,0.0,0.0,0.0,0.0,0.0,0.0,0.0,0.0,0.0,0.0,0.0,0.0,0.0,0.0,0.0,0.0,0.0,0.0,0.0,0.0,0.0,0.0,0.0,0.0,0.0,0.0,0.0,0.0,0.0,0.0,0.0,0.0,0.0,0.0,0.0,0.0,0.0,0.0,0.0,0.0,0.0,0.0,0.0,0.0,0.0,0.0,0.0,0.0,0.0,0.0,0.0,0.0,0.0,0.0,0.0,0.0,0.0,0.0,0.0,0.0,0.0,0.0,0.0,0.0,0.0,0.0,0.0,0.0,0.0,0.0,0.0,0.0,0.0,0.0,0.0,0.0,0.0,0.0,0.0,0.0,0.0,0.0,0.0,0.0,17.032033920288086,0.0,0.0,0.0,0.0,0.0,0.0,0.0,0.0,0.0,TX
8150269,TX,4835,460.2697448730469,2,0.0,0.0,0.0,2,0,0.0,0.0,45333.73828125,4887.4169921875,40446.3203125,0.0,0.0,45333.7373046875,0.0,0.0,0.0,0.0,0.0,0.0,0.0,0.0,0.0,0.0,0.0,0.0,0.0,0.0,0.0,0.0,0.0,0.0,0.0,0.0,0.0,0.0,0.0,0.0,0.0,0.0,0.0,0.0,0.0,0.0,0.0,0.0,0.0,0.0,0.0,0.0,0.0,0.0,0.0,0.0,0.0,0.0,0.0,0.0,0.0,0.0,0.0,0.0,0.0,0.0,0.0,0.0,0.0,0.0,0.0,0.0,0.0,0.0,0.0,0.0,0.0,0.0,0.0,0.0,0.0,0.0,0.0,0.0,0.0,0.0,0.0,0.0,0.0,0.0,0.0,0.0,0.0,0.0,0.0,0.0,0.0,0.0,0.0,0.0,0.0,0.0,45333.73828125,45333.7373046875,0.0,0.0,0.0,0.0,0.0,0.0,0.0,0.0,TX
8150270,TX,4835,0.15257781744003296,3,1.0,151220.7890625,152048.875,3,0,15922.671875,0.0,199869.0625,11956.8173828125,20223.16015625,0.0,0.0,32179.9775390625,-2740.720703125,0.0,2740.71875,0.0,-1252.1982421875,0.0,1252.203125,0.0,3498.0,0.0,-3498.0,0.0,0.0,0.0,0.0,0.0,-500.0,0.0,500.0,0.0,0.0,0.0,0.0,0.0,0.0,0.0,0.0,0.0,0.0,0.0,0.0,0.0,0.0,0.0,0.0,0.0,0.0,0.0,0.0,0.0,-440.0,0.0,440.0,0.0,0.0,0.0,0.0,0.0,0.0,0.0,0.0,0.0,0.0,0.0,0.0,0.0,0.0,0.0,0.0,0.0,-1091.7646484375,0.0,1091.765625,0.0,0.0,0.0,0.0,0.0,0.0,0.0,0.0,0.0,0.0,0.0,0.0,0.0,0.0,0.0,0.0,0.0,0.0,0.0,0.0,0.0,13395.98828125,0.0,202395.75,32179.9775390625,-2526.68359375,0.0,2526.6875,0.0,-15.868464875653917,0.0,1.2641713619232178,0.0,TX
8150271,TX,4835,208.4106903076172,2,0.0,0.0,41.36351013183594,2,0,0.0,0.0,106526.3125,53232.7421875,0.0,0.0,0.0,53232.7421875,0.0,0.0,0.0,0.0,0.0,0.0,0.0,0.0,0.0,0.0,0.0,0.0,0.0,0.0,0.0,0.0,0.0,0.0,0.0,0.0,0.0,0.0,0.0,0.0,0.0,0.0,0.0,0.0,0.0,0.0,0.0,0.0,0.0,0.0,0.0,0.0,0.0,0.0,0.0,0.0,0.0,0.0,0.0,0.0,0.0,0.0,0.0,0.0,0.0,0.0,0.0,0.0,0.0,0.0,0.0,0.0,0.0,0.0,0.0,0.0,0.0,0.0,0.0,0.0,0.0,0.0,0.0,0.0,0.0,0.0,0.0,0.0,0.0,0.0,0.0,0.0,0.0,0.0,0.0,0.0,0.0,0.0,0.0,0.0,0.0,0.0,106526.3125,53232.7421875,0.0,0.0,0.0,0.0,0.0,0.0,0.0,0.0,TX
8150272,TX,4835,292.07318115234375,1,0.0,0.0,0.0,1,0,0.0,0.0,34783.6875,20579.572265625,0.0,0.0,0.0,20579.572265625,0.0,0.0,0.0,0.0,0.0,0.0,0.0,0.0,0.0,0.0,0.0,0.0,0.0,0.0,0.0,0.0,0.0,0.0,0.0,0.0,0.0,0.0,0.0,0.0,0.0,0.0,0.0,0.0,0.0,0.0,0.0,0.0,0.0,0.0,0.0,0.0,0.0,0.0,0.0,0.0,0.0,0.0,0.0,0.0,0.0,0.0,0.0,0.0,0.0,0.0,0.0,0.0,0.0,0.0,0.0,0.0,0.0,0.0,0.0,0.0,0.0,0.0,0.0,0.0,0.0,0.0,0.0,0.0,0.0,0.0,0.0,0.0,0.0,0.0,0.0,0.0,0.0,0.0,0.0,0.0,0.0,0.0,0.0,0.0,0.0,0.0,34783.6875,20579.572265625,0.0,0.0,0.0,0.0,0.0,0.0,0.0,0.0,TX
8150273,TX,4835,0.032412271946668625,4,2.0,168978.052734375,279882.75,4,0,49403.85546875,0.0,257473.328125,0.0,0.0,0.0,0.0,0.0,0.0,0.0,0.0,0.0,0.0,0.0,0.0,0.0,0.01171875,0.0,-0.015625,0.0,0.0,0.0,0.0,0.0,-2700.0,0.0,2700.0,0.0,0.0,0.0,0.0,0.0,-3700.54296875,0.0,3700.53125,0.0,-5456.46484375,0.0,5456.46875,0.0,0.0,0.0,0.0,0.0,0.0,0.0,0.0,0.0,-440.0,0.0,440.0,0.0,0.0,0.0,0.0,0.0,0.0,0.0,0.0,0.0,0.0,0.0,0.0,0.0,0.0,0.0,0.0,0.0,0.0,0.0,0.0,0.0,0.0,0.0,0.0,0.0,0.0,0.0,0.0,0.0,0.0,0.0,0.0,0.0,0.0,0.0,0.0,0.0,0.0,0.0,0.0,0.0,37106.859375,0.0,269770.3125,0.0,-12296.99609375,0.0,12296.984375,0.0,-24.890762020645056,0.0,4.776022434234619,0.0,TX
8150274,TX,4835,0.23255914449691772,7,1.0,713891.98046875,864300.6757812501,7,0,193344.3369140625,0.0,744293.375,51990.2109375,0.0,0.0,0.0,51990.2109375,-4081.43115234375,0.0,4081.4375,0.0,-7466.859375,0.0,7466.875,0.0,5406.001953125,0.0,-5406.0,0.0,0.0,0.0,0.0,0.0,-2200.0,0.0,2200.0,0.0,0.0,0.0,0.0,0.0,0.0,0.0,0.0,0.0,0.0,0.0,0.0,0.0,0.0,0.0,0.0,0.0,0.0,0.0,0.0,0.0,-378.892578125,0.0,378.875,0.0,0.0,0.0,0.0,0.0,0.0,0.0,0.0,0.0,0.0,0.0,0.0,0.0,0.0,0.0,0.0,0.0,0.0,0.0,0.0,0.0,-1440.0,0.0,1440.0,0.0,-535.49609375,0.0,535.5,0.0,0.0,0.0,0.0,0.0,0.0,0.0,0.0,0.0,0.0,0.0,0.0,0.0,182647.65966796875,0.0,754990.0625,51990.2109375,-10696.67724609375,0.0,10696.6875,0.0,-5.5324492130577365,0.0,1.4371601343154907,0.0,TX
8150275,TX,4835,24.787904739379883,1,0.0,0.0,0.0,1,0,0.0,0.0,27982.201171875,4044.520751953125,20223.16015625,0.0,0.0,24267.680908203125,0.0,0.0,0.0,0.0,0.0,0.0,0.0,0.0,0.0,0.0,0.0,0.0,0.0,0.0,0.0,0.0,0.0,0.0,0.0,0.0,0.0,0.0,0.0,0.0,0.0,0.0,0.0,0.0,0.0,0.0,0.0,0.0,0.0,0.0,0.0,0.0,0.0,0.0,0.0,0.0,0.0,0.0,0.0,0.0,0.0,0.0,0.0,0.0,0.0,0.0,0.0,0.0,0.0,0.0,0.0,0.0,0.0,0.0,0.0,0.0,0.0,0.0,0.0,0.0,0.0,0.0,0.0,0.0,0.0,0.0,0.0,0.0,0.0,0.0,0.0,0.0,0.0,0.0,0.0,0.0,0.0,0.0,0.0,0.0,0.0,0.0,27982.201171875,24267.680908203125,0.0,0.0,0.0,0.0,0.0,0.0,0.0,0.0,TX
8150276,TX,4835,4.587418079376221,1,0.0,0.0,0.0,1,0,0.0,0.0,32385.1171875,16501.400390625,0.0,0.0,0.0,16501.400390625,0.0,0.0,0.0,0.0,0.0,0.0,0.0,0.0,0.0,0.0,0.0,0.0,0.0,0.0,0.0,0.0,0.0,0.0,0.0,0.0,0.0,0.0,0.0,0.0,0.0,0.0,0.0,0.0,0.0,0.0,0.0,0.0,0.0,0.0,0.0,0.0,0.0,0.0,0.0,0.0,0.0,0.0,0.0,0.0,0.0,0.0,0.0,0.0,0.0,0.0,0.0,0.0,0.0,0.0,0.0,0.0,0.0,0.0,0.0,0.0,0.0,0.0,0.0,0.0,0.0,0.0,0.0,0.0,0.0,0.0,0.0,0.0,0.0,0.0,0.0,0.0,0.0,0.0,0.0,0.0,0.0,0.0,0.0,0.0,0.0,0.0,32385.1171875,16501.400390625,0.0,0.0,0.0,0.0,0.0,0.0,0.0,0.0,TX
8150277,TX,4835,77.24425506591797,1,0.0,0.0,691.5978393554688,1,0,0.0,0.0,71711.5625,32698.244140625,0.0,0.0,0.0,32698.244140625,0.0,0.0,0.0,0.0,0.0,0.0,0.0,0.0,0.0,0.0,0.0,0.0,0.0,0.0,0.0,0.0,0.0,0.0,0.0,0.0,0.0,0.0,0.0,0.0,0.0,0.0,0.0,0.0,0.0,0.0,0.0,0.0,0.0,0.0,0.0,0.0,0.0,0.0,0.0,0.0,0.0,0.0,0.0,0.0,0.0,0.0,0.0,0.0,0.0,0.0,0.0,0.0,0.0,0.0,0.0,0.0,0.0,0.0,0.0,0.0,0.0,0.0,0.0,0.0,0.0,0.0,0.0,0.0,0.0,0.0,0.0,0.0,0.0,0.0,0.0,0.0,0.0,0.0,0.0,0.0,0.0,0.0,0.0,0.0,0.0,0.0,71711.5625,32698.244140625,0.0,0.0,0.0,0.0,0.0,0.0,0.0,0.0,TX
8150278,TX,4835,0.4230528473854065,1,0.0,0.0,0.8272702097892761,1,0,0.0,0.0,47298.6328125,19618.947265625,0.0,8059.525390625,0.0,27678.47265625,0.0,0.0,0.0,0.0,0.0,0.0,0.0,0.0,0.0,0.0,0.0,0.0,0.0,0.0,0.0,0.0,0.0,0.0,0.0,0.0,0.0,0.0,0.0,0.0,0.0,0.0,0.0,0.0,0.0,0.0,0.0,0.0,0.0,0.0,0.0,0.0,0.0,0.0,0.0,0.0,0.0,0.0,0.0,0.0,0.0,0.0,0.0,0.0,0.0,0.0,0.0,0.0,0.0,0.0,0.0,0.0,0.0,0.0,0.0,0.0,0.0,0.0,0.0,0.0,0.0,0.0,0.0,0.0,0.0,0.0,0.0,0.0,0.0,0.0,0.0,0.0,0.0,0.0,0.0,0.0,0.0,0.0,0.0,0.0,0.0,0.0,47298.6328125,27678.47265625,0.0,0.0,0.0,0.0,0.0,0.0,0.0,0.0,TX
8150279,TX,4835,0.29964181780815125,2,0.0,201903.1953125,201638.125,2,0,29853.8671875,0.0,157969.125,0.0,0.0,0.0,0.0,0.0,-4412.46484375,0.0,4412.453125,0.0,-1073.015625,0.0,1073.015625,0.0,2332.0,0.0,-2332.0,0.0,0.0,0.0,0.0,0.0,0.0,0.0,0.0,0.0,0.0,0.0,0.0,0.0,-263.943359375,0.0,263.9375,0.0,0.0,0.0,0.0,0.0,0.0,0.0,0.0,0.0,0.0,0.0,0.0,0.0,-440.0,0.0,440.0,0.0,0.0,0.0,0.0,0.0,0.0,0.0,0.0,0.0,0.0,0.0,0.0,0.0,0.0,0.0,0.0,0.0,0.0,0.0,0.0,0.0,0.0,0.0,0.0,0.0,0.0,0.0,0.0,0.0,0.0,0.0,0.0,0.0,0.0,0.0,0.0,0.0,0.0,0.0,0.0,0.0,25996.443359375,0.0,161826.53125,0.0,-3857.423828125,0.0,3857.40625,0.0,-12.92101892159595,0.0,2.441873550415039,0.0,TX
8150280,TX,4835,0.21817977726459503,4,2.0,98663.65234375,460533.625,4,0,112293.6015625,0.0,369140.8125,0.0,0.0,0.0,0.0,0.0,0.0,0.0,0.0,0.0,0.0,0.0,0.0,0.0,0.0,0.0,0.0,0.0,0.0,0.0,0.0,0.0,0.0,0.0,0.0,0.0,0.0,0.0,0.0,0.0,-27612.3046875,0.0,27612.28125,0.0,-15677.0390625,0.0,15677.03125,0.0,0.0,0.0,0.0,0.0,0.0,0.0,0.0,0.0,0.0,0.0,0.0,0.0,-400.421875,0.0,400.4375,0.0,0.0,0.0,0.0,0.0,0.0,0.0,0.0,0.0,0.0,0.0,0.0,0.0,0.0,0.0,0.0,0.0,0.0,0.0,0.0,0.0,0.0,0.0,0.0,0.0,0.0,0.0,0.0,0.0,0.0,0.0,0.0,0.0,0.0,0.0,0.0,0.0,68603.8359375,0.0,412830.5625,0.0,-43689.765625,0.0,43689.75,0.0,-38.906727558010765,0.0,11.835524559020996,0.0,TX
8150281,TX,4835,0.27566003799438477,3,0.0,84280.755859375,88875.736328125,3,0,4602.1572265625,0.0,82765.296875,0.0,0.0,0.0,0.0,0.0,-206.431396484375,0.0,206.4296875,0.0,-1929.23779296875,0.0,1929.234375,0.0,1657.297607421875,0.0,-1657.296875,0.0,0.0,0.0,0.0,0.0,0.0,0.0,0.0,0.0,0.0,0.0,0.0,0.0,-555.74462890625,0.0,555.75,0.0,0.0,0.0,0.0,0.0,0.0,0.0,0.0,0.0,0.0,0.0,0.0,0.0,-200.0,0.0,200.0,0.0,0.0,0.0,0.0,0.0,0.0,0.0,0.0,0.0,0.0,0.0,0.0,0.0,0.0,0.0,0.0,0.0,-468.0096435546875,0.0,468.0078125,0.0,0.0,0.0,0.0,0.0,-206.3255615234375,0.0,206.328125,0.0,0.0,0.0,0.0,0.0,0.0,0.0,0.0,0.0,0.0,0.0,0.0,0.0,2693.705810546875,0.0,84673.75,0.0,-1908.451416015625,0.0,1908.453125,0.0,-41.46862703865311,0.0,2.305861473083496,0.0,TX
8150282,TX,4835,0.17816458642482758,2,0.0,0.0,142202.09375,2,0,14734.7587890625,0.0,172987.78125,37012.234375,0.0,0.0,0.0,37012.234375,-2086.8896484375,0.0,2086.890625,0.0,-3792.3134765625,0.0,3792.3125,0.0,2442.3134765625,0.0,-2442.3125,0.0,0.0,0.0,0.0,0.0,0.0,0.0,0.0,0.0,0.0,0.0,0.0,0.0,0.0,0.0,0.0,0.0,0.0,0.0,0.0,0.0,0.0,0.0,0.0,0.0,0.0,0.0,0.0,0.0,0.0,0.0,0.0,0.0,0.0,0.0,0.0,0.0,0.0,0.0,0.0,0.0,0.0,0.0,0.0,0.0,0.0,0.0,0.0,0.0,0.0,0.0,0.0,0.0,-2610.3134765625,0.0,2610.3125,0.0,0.0,0.0,0.0,0.0,0.0,0.0,0.0,0.0,0.0,0.0,0.0,0.0,0.0,0.0,0.0,0.0,8687.5556640625,0.0,179034.984375,37012.234375,-6047.203125,0.0,6047.203125,0.0,-41.04039442769022,0.0,3.4957401752471924,0.0,TX
8150283,TX,4835,24.788503646850586,1,0.0,0.0,0.0,1,0,0.0,0.0,20555.33984375,331.0899353027344,20223.16015625,0.0,0.0,20554.250091552734,0.0,0.0,0.0,0.0,0.0,0.0,0.0,0.0,0.0,0.0,0.0,0.0,0.0,0.0,0.0,0.0,0.0,0.0,0.0,0.0,0.0,0.0,0.0,0.0,0.0,0.0,0.0,0.0,0.0,0.0,0.0,0.0,0.0,0.0,0.0,0.0,0.0,0.0,0.0,0.0,0.0,0.0,0.0,0.0,0.0,0.0,0.0,0.0,0.0,0.0,0.0,0.0,0.0,0.0,0.0,0.0,0.0,0.0,0.0,0.0,0.0,0.0,0.0,0.0,0.0,0.0,0.0,0.0,0.0,0.0,0.0,0.0,0.0,0.0,0.0,0.0,0.0,0.0,0.0,0.0,0.0,0.0,0.0,0.0,0.0,0.0,20555.33984375,20554.250091552734,0.0,0.0,0.0,0.0,0.0,0.0,0.0,0.0,TX
8150284,TX,4835,6.5742716789245605,1,0.0,0.0,0.0,1,0,0.0,0.0,42690.76953125,21489.2265625,0.0,0.0,0.0,21489.2265625,0.0,0.0,0.0,0.0,0.0,0.0,0.0,0.0,0.0,0.0,0.0,0.0,0.0,0.0,0.0,0.0,0.0,0.0,0.0,0.0,0.0,0.0,0.0,0.0,0.0,0.0,0.0,0.0,0.0,0.0,0.0,0.0,0.0,0.0,0.0,0.0,0.0,0.0,0.0,0.0,0.0,0.0,0.0,0.0,0.0,0.0,0.0,0.0,0.0,0.0,0.0,0.0,0.0,0.0,0.0,0.0,0.0,0.0,0.0,0.0,0.0,0.0,0.0,0.0,0.0,0.0,0.0,0.0,0.0,0.0,0.0,0.0,0.0,0.0,0.0,0.0,0.0,0.0,0.0,0.0,0.0,0.0,0.0,0.0,0.0,0.0,42690.76953125,21489.2265625,0.0,0.0,0.0,0.0,0.0,0.0,0.0,0.0,TX
8150285,TX,4835,15.796907424926758,1,0.0,0.0,0.0,1,0,0.0,0.0,27113.623046875,14531.337890625,0.0,0.0,0.0,14531.337890625,0.0,0.0,0.0,0.0,0.0,0.0,0.0,0.0,0.0,0.0,0.0,0.0,0.0,0.0,0.0,0.0,0.0,0.0,0.0,0.0,0.0,0.0,0.0,0.0,0.0,0.0,0.0,0.0,0.0,0.0,0.0,0.0,0.0,0.0,0.0,0.0,0.0,0.0,0.0,0.0,0.0,0.0,0.0,0.0,0.0,0.0,0.0,0.0,0.0,0.0,0.0,0.0,0.0,0.0,0.0,0.0,0.0,0.0,0.0,0.0,0.0,0.0,0.0,0.0,0.0,0.0,0.0,0.0,0.0,0.0,0.0,0.0,0.0,0.0,0.0,0.0,0.0,0.0,0.0,0.0,0.0,0.0,0.0,0.0,0.0,0.0,27113.623046875,14531.337890625,0.0,0.0,0.0,0.0,0.0,0.0,0.0,0.0,TX
8150286,TX,4835,80.26998138427734,2,0.0,0.0,3.3090808391571045,2,0,0.0,0.0,4.866295337677002,0.0,0.0,0.0,0.0,0.0,0.0,0.0,0.0,0.0,0.0,0.0,0.0,0.0,0.0,0.0,0.0,0.0,0.0,0.0,0.0,0.0,0.0,0.0,0.0,0.0,0.0,0.0,0.0,0.0,0.0,0.0,0.0,0.0,0.0,0.0,0.0,0.0,0.0,0.0,0.0,0.0,0.0,0.0,0.0,0.0,0.0,0.0,0.0,0.0,0.0,0.0,0.0,0.0,0.0,0.0,0.0,0.0,0.0,0.0,0.0,0.0,0.0,0.0,0.0,0.0,0.0,0.0,0.0,0.0,0.0,0.0,0.0,0.0,0.0,0.0,0.0,0.0,0.0,0.0,0.0,0.0,0.0,0.0,0.0,0.0,0.0,0.0,0.0,0.0,0.0,0.0,4.866295337677002,0.0,0.0,0.0,0.0,0.0,0.0,0.0,0.0,0.0,TX
8150287,TX,4835,0.33019477128982544,2,0.0,292408.453125,319737.3125,2,0,67224.75,0.0,270579.3125,0.0,0.0,0.0,0.0,0.0,0.0,0.0,0.0,0.0,0.0,0.0,0.0,0.0,0.0,0.0,0.0,0.0,0.0,0.0,0.0,0.0,0.0,0.0,0.0,0.0,0.0,0.0,0.0,0.0,0.0,0.0,0.0,0.0,-11981.30078125,0.0,11981.28125,0.0,0.0,0.0,0.0,0.0,0.0,0.0,0.0,0.0,-480.0,0.0,480.0,0.0,0.0,0.0,0.0,0.0,0.0,0.0,0.0,0.0,0.0,0.0,0.0,0.0,0.0,0.0,0.0,0.0,0.0,0.0,0.0,0.0,0.0,0.0,0.0,0.0,0.0,0.0,0.0,0.0,0.0,0.0,0.0,0.0,0.0,0.0,0.0,0.0,0.0,0.0,0.0,0.0,54763.44921875,0.0,283040.59375,0.0,-12461.30078125,0.0,12461.28125,0.0,-18.536775192544415,0.0,4.605408191680908,0.0,TX
8150288,TX,4835,122.191650390625,2,0.0,0.0,0.0,2,0,0.0,0.0,91738.1953125,45869.09765625,0.0,0.0,0.0,45869.09765625,0.0,0.0,0.0,0.0,0.0,0.0,0.0,0.0,0.0,0.0,0.0,0.0,0.0,0.0,0.0,0.0,0.0,0.0,0.0,0.0,0.0,0.0,0.0,0.0,0.0,0.0,0.0,0.0,0.0,0.0,0.0,0.0,0.0,0.0,0.0,0.0,0.0,0.0,0.0,0.0,0.0,0.0,0.0,0.0,0.0,0.0,0.0,0.0,0.0,0.0,0.0,0.0,0.0,0.0,0.0,0.0,0.0,0.0,0.0,0.0,0.0,0.0,0.0,0.0,0.0,0.0,0.0,0.0,0.0,0.0,0.0,0.0,0.0,0.0,0.0,0.0,0.0,0.0,0.0,0.0,0.0,0.0,0.0,0.0,0.0,0.0,91738.1953125,45869.09765625,0.0,0.0,0.0,0.0,0.0,0.0,0.0,0.0,TX
8150289,TX,4835,21.689651489257812,1,0.0,0.0,0.0,1,0,0.0,0.0,0.0,0.0,0.0,0.0,0.0,0.0,0.0,0.0,0.0,0.0,0.0,0.0,0.0,0.0,0.0,0.0,0.0,0.0,0.0,0.0,0.0,0.0,0.0,0.0,0.0,0.0,0.0,0.0,0.0,0.0,0.0,0.0,0.0,0.0,0.0,0.0,0.0,0.0,0.0,0.0,0.0,0.0,0.0,0.0,0.0,0.0,0.0,0.0,0.0,0.0,0.0,0.0,0.0,0.0,0.0,0.0,0.0,0.0,0.0,0.0,0.0,0.0,0.0,0.0,0.0,0.0,0.0,0.0,0.0,0.0,0.0,0.0,0.0,0.0,0.0,0.0,0.0,0.0,0.0,0.0,0.0,0.0,0.0,0.0,0.0,0.0,0.0,0.0,0.0,0.0,0.0,0.0,0.0,0.0,0.0,0.0,0.0,0.0,0.0,0.0,0.0,0.0,TX
8150290,TX,4835,170.84637451171875,3,1.0,0.0,0.0,3,0,0.0,0.0,97542.7578125,47398.81640625,4137.51025390625,0.0,0.0,51536.32666015625,0.0,0.0,0.0,0.0,0.0,0.0,0.0,0.0,0.0,0.0,0.0,0.0,0.0,0.0,0.0,0.0,0.0,0.0,0.0,0.0,0.0,0.0,0.0,0.0,0.0,0.0,0.0,0.0,0.0,0.0,0.0,0.0,0.0,0.0,0.0,0.0,0.0,0.0,0.0,0.0,0.0,0.0,0.0,0.0,0.0,0.0,0.0,0.0,0.0,0.0,0.0,0.0,0.0,0.0,0.0,0.0,0.0,0.0,0.0,0.0,0.0,0.0,0.0,0.0,0.0,0.0,0.0,0.0,0.0,0.0,0.0,0.0,0.0,0.0,0.0,0.0,0.0,0.0,0.0,0.0,0.0,0.0,0.0,0.0,0.0,0.0,97542.7578125,51536.32666015625,0.0,0.0,0.0,0.0,0.0,0.0,0.0,0.0,TX
8150291,TX,4835,281.56341552734375,1,0.0,0.0,0.0,1,0,0.0,0.0,41123.2578125,20900.09765625,20223.16015625,0.0,0.0,41123.2578125,0.0,0.0,0.0,0.0,0.0,0.0,0.0,0.0,0.0,0.0,0.0,0.0,0.0,0.0,0.0,0.0,0.0,0.0,0.0,0.0,0.0,0.0,0.0,0.0,0.0,0.0,0.0,0.0,0.0,0.0,0.0,0.0,0.0,0.0,0.0,0.0,0.0,0.0,0.0,0.0,0.0,0.0,0.0,0.0,0.0,0.0,0.0,0.0,0.0,0.0,0.0,0.0,0.0,0.0,0.0,0.0,0.0,0.0,0.0,0.0,0.0,0.0,0.0,0.0,0.0,0.0,0.0,0.0,0.0,0.0,0.0,0.0,0.0,0.0,-2230.7421875,-2230.740234375,0.0,0.0,0.0,0.0,0.0,0.0,0.0,0.0,0.0,0.0,38892.515625,38892.517578125,0.0,0.0,-2230.7421875,-2230.740234375,0.0,0.0,-5.424527168273926,-5.424522163457912,TX
8150292,TX,4835,0.10971604287624359,2,0.0,0.0,177196.796875,2,0,25354.701171875,0.0,209255.203125,38464.03515625,0.0,0.0,0.0,38464.03515625,-3754.3046875,0.0,3754.3125,0.0,-3432.0,0.0,3432.0,0.0,2332.0,0.0,-2332.0,0.0,0.0,0.0,0.0,0.0,0.0,0.0,0.0,0.0,0.0,0.0,0.0,0.0,0.0,0.0,0.0,0.0,0.0,0.0,0.0,0.0,0.0,0.0,0.0,0.0,0.0,0.0,0.0,0.0,0.0,0.0,0.0,0.0,0.0,0.0,0.0,0.0,0.0,0.0,0.0,0.0,0.0,0.0,0.0,0.0,0.0,0.0,0.0,0.0,0.0,0.0,0.0,0.0,-961.0,0.0,961.0,0.0,0.0,0.0,0.0,0.0,0.0,0.0,0.0,0.0,0.0,0.0,0.0,0.0,0.0,0.0,0.0,0.0,19539.396484375,0.0,215070.515625,38464.03515625,-5815.3046875,0.0,5815.3125,0.0,-22.935804480909027,0.0,2.779052734375,0.0,TX
8150293,TX,4835,233.48814392089844,2,0.0,0.0,0.0,2,0,0.0,0.0,20223.16015625,0.0,20223.16015625,0.0,0.0,20223.16015625,0.0,0.0,0.0,0.0,0.0,0.0,0.0,0.0,0.0,0.0,0.0,0.0,0.0,0.0,0.0,0.0,0.0,0.0,0.0,0.0,0.0,0.0,0.0,0.0,0.0,0.0,0.0,0.0,0.0,0.0,0.0,0.0,0.0,0.0,0.0,0.0,0.0,0.0,0.0,0.0,0.0,0.0,0.0,0.0,0.0,0.0,0.0,0.0,0.0,0.0,0.0,0.0,0.0,0.0,0.0,0.0,0.0,0.0,0.0,0.0,0.0,0.0,0.0,0.0,0.0,0.0,0.0,0.0,0.0,0.0,0.0,0.0,0.0,0.0,0.0,0.0,0.0,0.0,0.0,0.0,0.0,0.0,0.0,0.0,0.0,0.0,20223.16015625,20223.16015625,0.0,0.0,0.0,0.0,0.0,0.0,0.0,0.0,TX
8150294,TX,4835,0.14618226885795593,2,0.0,100300.779296875,196544.734375,2,0,30103.2421875,0.0,223796.3125,0.0,0.0,0.0,0.0,0.0,-4308.208984375,0.0,4308.203125,0.0,-3432.0,0.0,3432.0,0.0,2332.0,0.0,-2332.0,0.0,0.0,0.0,0.0,0.0,0.0,0.0,0.0,0.0,0.0,0.0,0.0,0.0,0.0,0.0,0.0,0.0,0.0,0.0,0.0,0.0,0.0,0.0,0.0,0.0,0.0,0.0,0.0,0.0,0.0,0.0,0.0,0.0,0.0,0.0,0.0,0.0,0.0,0.0,0.0,0.0,0.0,0.0,0.0,0.0,0.0,0.0,0.0,0.0,0.0,0.0,0.0,0.0,-705.609375,0.0,705.609375,0.0,0.0,0.0,0.0,0.0,0.0,0.0,0.0,0.0,0.0,0.0,0.0,0.0,0.0,0.0,0.0,0.0,23989.423828125,0.0,229910.125,0.0,-6113.818359375,0.0,6113.8125,0.0,-20.309501286587953,0.0,2.7318646907806396,0.0,TX
8150295,TX,4835,3.6924431324005127,2,0.0,0.0,0.0,2,0,0.0,0.0,50930.7890625,25465.39453125,0.0,0.0,0.0,25465.39453125,0.0,0.0,0.0,0.0,0.0,0.0,0.0,0.0,0.0,0.0,0.0,0.0,0.0,0.0,0.0,0.0,0.0,0.0,0.0,0.0,0.0,0.0,0.0,0.0,0.0,0.0,0.0,0.0,0.0,0.0,0.0,0.0,0.0,0.0,0.0,0.0,0.0,0.0,0.0,0.0,0.0,0.0,0.0,0.0,0.0,0.0,0.0,0.0,0.0,0.0,0.0,0.0,0.0,0.0,0.0,0.0,0.0,0.0,0.0,0.0,0.0,0.0,0.0,0.0,0.0,0.0,0.0,0.0,0.0,0.0,0.0,0.0,0.0,0.0,0.0,0.0,0.0,0.0,0.0,0.0,0.0,0.0,0.0,0.0,0.0,0.0,50930.7890625,25465.39453125,0.0,0.0,0.0,0.0,0.0,0.0,0.0,0.0,TX
8150296,TX,4835,154.51333618164062,1,0.0,1754.90087890625,1763.173583984375,1,0,0.0,0.0,47538.92578125,20926.876953125,0.0,0.0,0.0,20926.876953125,0.0,0.0,0.0,0.0,0.0,0.0,0.0,0.0,0.0,0.0,0.0,0.0,0.0,0.0,0.0,0.0,0.0,0.0,0.0,0.0,0.0,0.0,0.0,0.0,0.0,0.0,0.0,0.0,0.0,0.0,0.0,0.0,0.0,0.0,0.0,0.0,0.0,0.0,0.0,0.0,0.0,0.0,0.0,0.0,0.0,0.0,0.0,0.0,0.0,0.0,0.0,0.0,0.0,0.0,0.0,0.0,0.0,0.0,0.0,0.0,0.0,0.0,0.0,0.0,0.0,0.0,0.0,0.0,0.0,0.0,0.0,0.0,0.0,0.0,0.0,0.0,0.0,0.0,0.0,0.0,0.0,0.0,0.0,0.0,0.0,0.0,47538.92578125,20926.876953125,0.0,0.0,0.0,0.0,0.0,0.0,0.0,0.0,TX
8150297,TX,4835,127.99147033691406,3,1.0,0.0,0.0,3,0,0.0,0.0,87885.3125,24598.08984375,44583.83056640625,0.0,0.0,69181.92041015625,0.0,0.0,0.0,0.0,0.0,0.0,0.0,0.0,0.0,0.0,0.0,0.0,0.0,0.0,0.0,0.0,0.0,0.0,0.0,0.0,0.0,0.0,0.0,0.0,0.0,0.0,0.0,0.0,0.0,0.0,0.0,0.0,0.0,0.0,0.0,0.0,0.0,0.0,0.0,0.0,0.0,0.0,0.0,0.0,0.0,0.0,0.0,0.0,0.0,0.0,0.0,0.0,0.0,0.0,0.0,0.0,0.0,0.0,0.0,0.0,0.0,0.0,0.0,0.0,0.0,0.0,0.0,0.0,0.0,0.0,0.0,0.0,0.0,0.0,0.0,0.0,0.0,0.0,0.0,0.0,0.0,0.0,0.0,0.0,0.0,0.0,87885.3125,69181.92041015625,0.0,0.0,0.0,0.0,0.0,0.0,0.0,0.0,TX
8150298,TX,4835,9.539284706115723,1,0.0,0.0,4.136351108551025,1,0,0.0,0.0,41823.5546875,21217.578125,0.0,0.0,0.0,21217.578125,0.0,0.0,0.0,0.0,0.0,0.0,0.0,0.0,0.0,0.0,0.0,0.0,0.0,0.0,0.0,0.0,0.0,0.0,0.0,0.0,0.0,0.0,0.0,0.0,0.0,0.0,0.0,0.0,0.0,0.0,0.0,0.0,0.0,0.0,0.0,0.0,0.0,0.0,0.0,0.0,0.0,0.0,0.0,0.0,0.0,0.0,0.0,0.0,0.0,0.0,0.0,0.0,0.0,0.0,0.0,0.0,0.0,0.0,0.0,0.0,0.0,0.0,0.0,0.0,0.0,0.0,0.0,0.0,0.0,0.0,0.0,0.0,0.0,0.0,0.0,0.0,0.0,0.0,0.0,0.0,0.0,0.0,0.0,0.0,0.0,0.0,41823.5546875,21217.578125,0.0,0.0,0.0,0.0,0.0,0.0,0.0,0.0,TX
8150299,TX,4835,463.844482421875,2,0.0,0.0,895.7827758789062,2,0,0.0,0.0,46247.3984375,18781.478515625,20223.16015625,0.0,0.0,39004.638671875,0.0,0.0,0.0,0.0,0.0,0.0,0.0,0.0,0.0,0.0,0.0,0.0,0.0,0.0,0.0,0.0,0.0,0.0,0.0,0.0,0.0,0.0,0.0,0.0,0.0,0.0,0.0,0.0,0.0,0.0,0.0,0.0,0.0,0.0,0.0,0.0,0.0,0.0,0.0,0.0,0.0,0.0,0.0,0.0,0.0,0.0,0.0,0.0,0.0,0.0,0.0,0.0,0.0,0.0,0.0,0.0,0.0,0.0,0.0,0.0,0.0,0.0,0.0,0.0,0.0,0.0,0.0,0.0,0.0,0.0,0.0,0.0,0.0,0.0,0.0,0.0,0.0,0.0,0.0,0.0,0.0,0.0,0.0,0.0,0.0,0.0,46247.3984375,39004.638671875,0.0,0.0,0.0,0.0,0.0,0.0,0.0,0.0,TX
8150300,TX,4835,148.23028564453125,1,0.0,0.0,0.0,1,0,0.0,0.0,49071.28515625,24679.484375,0.0,0.0,0.0,24679.484375,0.0,0.0,0.0,0.0,0.0,0.0,0.0,0.0,0.0,0.0,0.0,0.0,0.0,0.0,0.0,0.0,0.0,0.0,0.0,0.0,0.0,0.0,0.0,0.0,0.0,0.0,0.0,0.0,0.0,0.0,0.0,0.0,0.0,0.0,0.0,0.0,0.0,0.0,0.0,0.0,0.0,0.0,0.0,0.0,0.0,0.0,0.0,0.0,0.0,0.0,0.0,0.0,0.0,0.0,0.0,0.0,0.0,0.0,0.0,0.0,0.0,0.0,0.0,0.0,0.0,0.0,0.0,0.0,0.0,0.0,0.0,0.0,0.0,0.0,0.0,0.0,0.0,0.0,0.0,0.0,0.0,0.0,0.0,0.0,0.0,0.0,49071.28515625,24679.484375,0.0,0.0,0.0,0.0,0.0,0.0,0.0,0.0,TX
8150301,TX,4835,0.23585756123065948,6,3.9999999999999996,347532.96875,347506.21875,6,0,81048.03125,0.0,262278.0,0.0,0.0,0.0,0.0,0.0,0.0,0.0,0.0,0.0,0.0,0.0,0.0,0.0,0.0,0.0,0.0,0.0,0.0,0.0,0.0,0.0,-8800.0,0.0,8800.0,0.0,0.0,0.0,0.0,0.0,0.0,0.0,0.0,0.0,-20171.121093750007,0.0,20171.125,0.0,0.0,0.0,0.0,0.0,0.0,0.0,0.0,0.0,0.0,0.0,0.0,0.0,0.0,0.0,0.0,0.0,0.0,0.0,0.0,0.0,0.0,0.0,0.0,0.0,0.0,0.0,0.0,0.0,0.0,0.0,0.0,0.0,0.0,0.0,0.0,0.0,0.0,0.0,0.0,0.0,0.0,0.0,0.0,0.0,0.0,0.0,0.0,0.0,0.0,0.0,0.0,0.0,52076.91015624999,0.0,291249.125,0.0,-28971.121093750007,0.0,28971.125,0.0,-35.74561978487294,0.0,11.045961380004883,0.0,TX
8150302,TX,4835,65.07649993896484,1,0.0,0.0,374.75341796875,1,0,0.0,0.0,53496.109375,26472.5,0.0,0.0,0.0,26472.5,0.0,0.0,0.0,0.0,0.0,0.0,0.0,0.0,0.0,0.0,0.0,0.0,0.0,0.0,0.0,0.0,0.0,0.0,0.0,0.0,0.0,0.0,0.0,0.0,0.0,0.0,0.0,0.0,0.0,0.0,0.0,0.0,0.0,0.0,0.0,0.0,0.0,0.0,0.0,0.0,0.0,0.0,0.0,0.0,0.0,0.0,0.0,0.0,0.0,0.0,0.0,0.0,0.0,0.0,0.0,0.0,0.0,0.0,0.0,0.0,0.0,0.0,0.0,0.0,0.0,0.0,0.0,0.0,0.0,0.0,0.0,0.0,0.0,0.0,0.0,0.0,0.0,0.0,0.0,0.0,0.0,0.0,0.0,0.0,0.0,0.0,53496.109375,26472.5,0.0,0.0,0.0,0.0,0.0,0.0,0.0,0.0,TX
8150303,TX,4835,0.23656153678894043,4,2.0,172439.890625,180719.21875,4,0,24654.8046875,0.0,162514.328125,0.0,0.0,0.0,0.0,0.0,-3788.576171875,0.0,3788.578125,0.0,-2427.232421875,0.0,2427.21875,0.0,3659.232421875,0.0,-3659.21875,0.0,0.0,0.0,0.0,0.0,-4400.0,0.0,4400.0,0.0,0.0,0.0,0.0,0.0,0.0,0.0,0.0,0.0,0.0,0.0,0.0,0.0,0.0,0.0,0.0,0.0,0.0,0.0,0.0,0.0,0.0,0.0,0.0,0.0,0.0,0.0,0.0,0.0,0.0,0.0,0.0,0.0,0.0,0.0,0.0,0.0,0.0,0.0,0.0,0.0,0.0,0.0,0.0,0.0,0.0,0.0,0.0,0.0,0.0,0.0,0.0,0.0,0.0,0.0,0.0,0.0,0.0,0.0,0.0,0.0,0.0,0.0,0.0,0.0,17698.228515625,0.0,169470.90625,0.0,-6956.576171875,0.0,6956.578125,0.0,-28.215904607842983,0.0,4.280593395233154,0.0,TX
8150304,TX,4835,435.7391052246094,4,1.0,0.0,0.0,4,0,0.0,0.0,105529.171875,54028.953125,24360.67041015625,0.0,0.0,78389.62353515625,0.0,0.0,0.0,0.0,0.0,0.0,0.0,0.0,0.0,0.0,0.0,0.0,0.0,0.0,0.0,0.0,0.0,0.0,0.0,0.0,0.0,0.0,0.0,0.0,0.0,0.0,0.0,0.0,0.0,0.0,0.0,0.0,0.0,0.0,0.0,0.0,0.0,0.0,0.0,0.0,0.0,0.0,0.0,0.0,0.0,0.0,0.0,0.0,0.0,0.0,0.0,0.0,0.0,0.0,0.0,0.0,0.0,0.0,0.0,0.0,0.0,0.0,0.0,0.0,0.0,0.0,0.0,0.0,0.0,0.0,0.0,0.0,0.0,0.0,0.0,0.0,0.0,0.0,0.0,0.0,0.0,0.0,0.0,0.0,0.0,0.0,105529.171875,78389.62353515625,0.0,0.0,0.0,0.0,0.0,0.0,0.0,0.0,TX
8150305,TX,4835,36.43193435668945,5,0.0,8130.1591796875,8130.1591796875,5,0,0.0,0.0,28061.36328125,330.0,20223.16015625,0.0,0.0,20553.16015625,0.0,0.0,0.0,0.0,0.0,0.0,0.0,0.0,0.0,0.0,0.0,0.0,0.0,0.0,0.0,0.0,0.0,0.0,0.0,0.0,0.0,0.0,0.0,0.0,0.0,0.0,0.0,0.0,0.0,0.0,0.0,0.0,0.0,0.0,0.0,0.0,0.0,0.0,0.0,0.0,0.0,0.0,0.0,0.0,0.0,0.0,0.0,0.0,0.0,0.0,0.0,0.0,0.0,0.0,0.0,0.0,0.0,0.0,0.0,0.0,0.0,0.0,0.0,0.0,0.0,0.0,0.0,0.0,0.0,0.0,0.0,0.0,0.0,0.0,0.0,0.0,0.0,0.0,0.0,0.0,0.0,0.0,0.0,0.0,0.0,0.0,28061.36328125,20553.16015625,0.0,0.0,0.0,0.0,0.0,0.0,0.0,0.0,TX
8150306,TX,4835,545.110107421875,2,0.0,0.0,16422.18359375,2,0,0.0,0.0,21334.7578125,6021.4169921875,0.0,0.0,0.0,6021.4169921875,0.0,0.0,0.0,0.0,0.0,0.0,0.0,0.0,0.0,0.0,0.0,0.0,0.0,0.0,0.0,0.0,0.0,0.0,0.0,0.0,0.0,0.0,0.0,0.0,0.0,0.0,0.0,0.0,0.0,0.0,0.0,0.0,0.0,0.0,0.0,0.0,0.0,0.0,0.0,0.0,0.0,0.0,0.0,0.0,0.0,0.0,0.0,0.0,0.0,0.0,0.0,0.0,0.0,0.0,0.0,0.0,0.0,0.0,0.0,0.0,0.0,0.0,0.0,0.0,0.0,0.0,0.0,0.0,0.0,0.0,0.0,0.0,0.0,0.0,0.0,0.0,0.0,0.0,0.0,0.0,0.0,0.0,0.0,0.0,0.0,0.0,21334.7578125,6021.4169921875,0.0,0.0,0.0,0.0,0.0,0.0,0.0,0.0,TX
8150307,TX,4835,72.25592803955078,1,0.0,0.0,0.8272702097892761,1,0,0.0,0.0,44656.34375,13706.9404296875,20223.16015625,0.0,0.0,33930.1005859375,0.0,0.0,0.0,0.0,0.0,0.0,0.0,0.0,0.0,0.0,0.0,0.0,0.0,0.0,0.0,0.0,0.0,0.0,0.0,0.0,0.0,0.0,0.0,0.0,0.0,0.0,0.0,0.0,0.0,0.0,0.0,0.0,0.0,0.0,0.0,0.0,0.0,0.0,0.0,0.0,0.0,0.0,0.0,0.0,0.0,0.0,0.0,0.0,0.0,0.0,0.0,0.0,0.0,0.0,0.0,0.0,0.0,0.0,0.0,0.0,0.0,0.0,0.0,0.0,0.0,0.0,0.0,0.0,0.0,0.0,0.0,0.0,0.0,0.0,0.0,0.0,0.0,0.0,0.0,0.0,0.0,0.0,0.0,0.0,0.0,0.0,44656.34375,33930.1005859375,0.0,0.0,0.0,0.0,0.0,0.0,0.0,0.0,TX
8150308,TX,4835,3.9651217460632324,1,0.0,0.0,371.4443359375,1,0,0.0,0.0,41458.28515625,20456.021484375,0.0,0.0,0.0,20456.021484375,0.0,0.0,0.0,0.0,0.0,0.0,0.0,0.0,0.0,0.0,0.0,0.0,0.0,0.0,0.0,0.0,0.0,0.0,0.0,0.0,0.0,0.0,0.0,0.0,0.0,0.0,0.0,0.0,0.0,0.0,0.0,0.0,0.0,0.0,0.0,0.0,0.0,0.0,0.0,0.0,0.0,0.0,0.0,0.0,0.0,0.0,0.0,0.0,0.0,0.0,0.0,0.0,0.0,0.0,0.0,0.0,0.0,0.0,0.0,0.0,0.0,0.0,0.0,0.0,0.0,0.0,0.0,0.0,0.0,0.0,0.0,0.0,0.0,0.0,0.0,0.0,0.0,0.0,0.0,0.0,0.0,0.0,0.0,0.0,0.0,0.0,41458.28515625,20456.021484375,0.0,0.0,0.0,0.0,0.0,0.0,0.0,0.0,TX
8150309,TX,4835,1602.5902099609375,6,5.0,0.0,0.0,6,0,0.0,0.0,81677.4296875,55171.3125,26506.11669921875,0.0,0.0,81677.42919921875,0.0,0.0,0.0,0.0,0.0,0.0,0.0,0.0,0.0,0.0,0.0,0.0,0.0,0.0,0.0,0.0,0.0,0.0,0.0,0.0,0.0,0.0,0.0,0.0,0.0,0.0,0.0,0.0,0.0,0.0,0.0,0.0,0.0,0.0,0.0,0.0,0.0,0.0,0.0,0.0,0.0,0.0,0.0,0.0,0.0,0.0,0.0,0.0,0.0,0.0,0.0,0.0,0.0,0.0,0.0,0.0,0.0,0.0,0.0,0.0,0.0,0.0,0.0,0.0,0.0,0.0,0.0,0.0,0.0,0.0,0.0,0.0,0.0,0.0,0.0,0.0,0.0,0.0,0.0,0.0,0.0,0.0,-4137.5078125,-4137.51025390625,0.0,0.0,77539.921875,77539.9189453125,0.0,0.0,-4137.5078125,-4137.51025390625,0.0,0.0,-5.06566858291626,-5.065671501259525,TX
8150310,TX,4835,562.7890625,2,1.0,0.0,0.8272702097892761,2,0,0.0,0.0,46681.9765625,36724.68359375,9956.07568359375,0.0,0.0,46680.75927734375,0.0,0.0,0.0,0.0,0.0,0.0,0.0,0.0,0.0,0.0,0.0,0.0,0.0,0.0,0.0,0.0,0.0,0.0,0.0,0.0,0.0,0.0,0.0,0.0,0.0,0.0,0.0,0.0,0.0,0.0,0.0,0.0,0.0,0.0,0.0,0.0,0.0,0.0,0.0,0.0,0.0,0.0,0.0,0.0,0.0,0.0,0.0,0.0,0.0,0.0,0.0,0.0,0.0,0.0,0.0,0.0,0.0,0.0,0.0,0.0,0.0,0.0,0.0,0.0,0.0,0.0,0.0,0.0,0.0,0.0,0.0,0.0,0.0,0.0,0.0,0.0,0.0,0.0,0.0,0.0,0.0,0.0,-5818.56640625,-5818.5654296875,0.0,0.0,40863.41015625,40862.19384765625,0.0,0.0,-5818.56640625,-5818.5654296875,0.0,0.0,-12.46426773071289,-12.464590378913371,TX
8150311,TX,4835,0.12220282852649689,3,2.0,83624.5,83624.5,3,0,5918.6748046875,0.0,71308.546875,0.0,0.0,0.0,0.0,0.0,-1153.73486328125,0.0,1153.7421875,0.0,-1443.0,0.0,1443.0,0.0,1908.0,0.0,-1908.0,0.0,0.0,0.0,0.0,0.0,-2850.0,0.0,2850.0,0.0,0.0,0.0,0.0,0.0,0.0,0.0,0.0,0.0,0.0,0.0,0.0,0.0,0.0,0.0,0.0,0.0,0.0,0.0,0.0,0.0,0.0,0.0,0.0,0.0,0.0,0.0,0.0,0.0,0.0,0.0,0.0,0.0,0.0,0.0,0.0,0.0,0.0,0.0,0.0,0.0,0.0,0.0,0.0,0.0,0.0,0.0,0.0,0.0,0.0,0.0,0.0,0.0,0.0,0.0,0.0,0.0,0.0,0.0,0.0,0.0,0.0,0.0,0.0,0.0,2379.93994140625,0.0,74847.2890625,0.0,-3538.73486328125,0.0,3538.7421875,0.0,-59.78931061525168,0.0,4.962577819824219,0.0,TX
8150312,TX,4835,120.83253479003906,2,0.0,0.0,3482.243408203125,2,0,0.0,0.0,70814.46875,33666.11328125,0.0,0.0,0.0,33666.11328125,0.0,0.0,0.0,0.0,0.0,0.0,0.0,0.0,0.0,0.0,0.0,0.0,0.0,0.0,0.0,0.0,0.0,0.0,0.0,0.0,0.0,0.0,0.0,0.0,0.0,0.0,0.0,0.0,0.0,0.0,0.0,0.0,0.0,0.0,0.0,0.0,0.0,0.0,0.0,0.0,0.0,0.0,0.0,0.0,0.0,0.0,0.0,0.0,0.0,0.0,0.0,0.0,0.0,0.0,0.0,0.0,0.0,0.0,0.0,0.0,0.0,0.0,0.0,0.0,0.0,0.0,0.0,0.0,0.0,0.0,0.0,0.0,0.0,0.0,0.0,0.0,0.0,0.0,0.0,0.0,0.0,0.0,0.0,0.0,0.0,0.0,70814.46875,33666.11328125,0.0,0.0,0.0,0.0,0.0,0.0,0.0,0.0,TX
8150313,TX,4835,167.43585205078125,2,0.0,0.0,3295.231689453125,2,0,0.0,0.0,55305.71875,6111.8876953125,40446.3203125,0.0,0.0,46558.2080078125,0.0,0.0,0.0,0.0,0.0,0.0,0.0,0.0,0.0,0.0,0.0,0.0,0.0,0.0,0.0,0.0,0.0,0.0,0.0,0.0,0.0,0.0,0.0,0.0,0.0,0.0,0.0,0.0,0.0,0.0,0.0,0.0,0.0,0.0,0.0,0.0,0.0,0.0,0.0,0.0,0.0,0.0,0.0,0.0,0.0,0.0,0.0,0.0,0.0,0.0,0.0,0.0,0.0,0.0,0.0,0.0,0.0,0.0,0.0,0.0,0.0,0.0,0.0,0.0,0.0,0.0,0.0,0.0,0.0,0.0,0.0,0.0,0.0,0.0,0.0,0.0,0.0,0.0,0.0,0.0,0.0,0.0,0.0,0.0,0.0,0.0,55305.71875,46558.2080078125,0.0,0.0,0.0,0.0,0.0,0.0,0.0,0.0,TX
8150314,TX,4835,0.14526396989822388,2,0.0,577079.1015625,586756.875,2,0,159779.625,0.0,434229.96875,0.0,0.0,0.0,0.0,0.0,0.0,0.0,0.0,0.0,0.0,0.0,0.0,0.0,0.0,0.0,0.0,0.0,0.0,0.0,0.0,0.0,0.0,0.0,0.0,0.0,0.0,0.0,0.0,0.0,0.0,0.0,0.0,0.0,-27778.515625,0.0,27778.53125,0.0,0.0,0.0,0.0,0.0,0.0,0.0,0.0,0.0,-606.875,0.0,606.875,0.0,0.0,0.0,0.0,0.0,0.0,0.0,0.0,0.0,0.0,0.0,0.0,0.0,0.0,0.0,0.0,0.0,0.0,0.0,0.0,0.0,0.0,0.0,0.0,0.0,0.0,0.0,0.0,0.0,0.0,0.0,0.0,0.0,0.0,0.0,0.0,0.0,0.0,0.0,0.0,0.0,131394.234375,0.0,462615.375,0.0,-28385.390625,0.0,28385.40625,0.0,-17.765338118048533,0.0,6.536952495574951,0.0,TX
8150315,TX,4835,165.17669677734375,2,1.0,0.0,0.0,2,0,0.0,0.0,13427.455078125,3471.37939453125,9956.07568359375,0.0,0.0,13427.455078125,0.0,0.0,0.0,0.0,0.0,0.0,0.0,0.0,0.0,0.0,0.0,0.0,0.0,0.0,0.0,0.0,0.0,0.0,0.0,0.0,0.0,0.0,0.0,0.0,0.0,0.0,0.0,0.0,0.0,0.0,0.0,0.0,0.0,0.0,0.0,0.0,0.0,0.0,0.0,0.0,0.0,0.0,0.0,0.0,0.0,0.0,0.0,0.0,0.0,0.0,0.0,0.0,0.0,0.0,0.0,0.0,0.0,0.0,0.0,0.0,0.0,0.0,0.0,0.0,0.0,0.0,0.0,0.0,0.0,0.0,0.0,0.0,0.0,0.0,0.0,0.0,0.0,0.0,0.0,0.0,0.0,0.0,0.0,0.0,0.0,0.0,13427.455078125,13427.455078125,0.0,0.0,0.0,0.0,0.0,0.0,0.0,0.0,TX
8150316,TX,4835,0.019561896100640297,1,0.0,59663.5546875,60052.37109375,1,0,6360.35546875,0.0,54688.4453125,0.0,0.0,0.0,0.0,0.0,-1034.07080078125,0.0,1034.0703125,0.0,-936.0,0.0,936.0,0.0,636.0,0.0,-636.0,0.0,0.0,0.0,0.0,0.0,0.0,0.0,0.0,0.0,0.0,0.0,0.0,0.0,0.0,0.0,0.0,0.0,0.0,0.0,0.0,0.0,0.0,0.0,0.0,0.0,0.0,0.0,0.0,0.0,0.0,0.0,0.0,0.0,0.0,0.0,0.0,0.0,0.0,0.0,0.0,0.0,0.0,0.0,0.0,0.0,0.0,0.0,0.0,0.0,0.0,0.0,0.0,0.0,0.0,0.0,0.0,0.0,0.0,0.0,0.0,0.0,0.0,0.0,0.0,0.0,0.0,0.0,0.0,0.0,0.0,0.0,0.0,0.0,5026.28466796875,0.0,56022.515625,0.0,-1334.07080078125,0.0,1334.0703125,0.0,-20.97478367892911,0.0,2.4394006729125977,0.0,TX
8150317,TX,4835,153.4989013671875,1,0.0,0.0,397.0896911621094,1,0,0.0,0.0,44661.125,22182.427734375,0.0,0.0,0.0,22182.427734375,0.0,0.0,0.0,0.0,0.0,0.0,0.0,0.0,0.0,0.0,0.0,0.0,0.0,0.0,0.0,0.0,0.0,0.0,0.0,0.0,0.0,0.0,0.0,0.0,0.0,0.0,0.0,0.0,0.0,0.0,0.0,0.0,0.0,0.0,0.0,0.0,0.0,0.0,0.0,0.0,0.0,0.0,0.0,0.0,0.0,0.0,0.0,0.0,0.0,0.0,0.0,0.0,0.0,0.0,0.0,0.0,0.0,0.0,0.0,0.0,0.0,0.0,0.0,0.0,0.0,0.0,0.0,0.0,0.0,0.0,0.0,0.0,0.0,0.0,0.0,0.0,0.0,0.0,0.0,0.0,0.0,0.0,0.0,0.0,0.0,0.0,44661.125,22182.427734375,0.0,0.0,0.0,0.0,0.0,0.0,0.0,0.0,TX
8150318,TX,4835,0.1457788199186325,2,1.0,43231.125,43975.66796875,2,0,395.3465576171875,0.0,45542.02734375,0.0,0.0,0.0,1691.58251953125,1691.58251953125,-123.27001953125,0.0,123.2734375,0.0,-1273.0133666992188,0.0,1273.01171875,0.0,1102.0134887695312,0.0,-1102.01171875,0.0,0.0,0.0,0.0,0.0,-1200.0,0.0,1199.99609375,0.0,0.0,0.0,0.0,0.0,0.0,0.0,0.0,0.0,0.0,0.0,0.0,0.0,0.0,0.0,0.0,0.0,0.0,0.0,0.0,0.0,0.0,0.0,0.0,0.0,0.0,0.0,0.0,0.0,0.0,0.0,0.0,0.0,0.0,0.0,0.0,0.0,0.0,0.0,0.0,0.0,0.0,0.0,0.0,0.0,0.0,0.0,0.0,0.0,0.0,0.0,0.0,0.0,0.0,0.0,0.0,0.0,0.0,0.0,0.0,0.0,0.0,0.0,0.0,0.0,-1098.92333984375,0.0,47036.296875,1691.58251953125,-1494.2698974609375,0.0,1494.26953125,0.0,-377.96456518228575,0.0,3.2810781002044678,0.0,TX
8150319,TX,4835,0.05347756668925285,4,1.0,115610.3408203125,129100.1796875,3,1,11160.083984375,0.0,118711.1015625,0.0,0.0,0.0,0.0,0.0,-1726.0400390625,0.0,1726.0390625,0.0,-2021.88623046875,0.0,2021.8828125,0.0,1907.99951171875,0.0,-1907.9921875,0.0,0.0,0.0,0.0,0.0,-500.0,0.0,500.0,0.0,0.0,0.0,0.0,0.0,-600.0,0.0,600.0,0.0,0.0,0.0,0.0,0.0,0.0,0.0,0.0,0.0,0.0,0.0,0.0,0.0,-240.0,0.0,240.0,0.0,0.0,0.0,0.0,0.0,0.0,0.0,0.0,0.0,0.0,0.0,0.0,0.0,0.0,0.0,0.0,0.0,0.0,0.0,0.0,0.0,0.0,0.0,0.0,0.0,0.0,0.0,0.0,0.0,0.0,0.0,0.0,0.0,0.0,0.0,0.0,0.0,0.0,0.0,0.0,0.0,7980.1572265625,0.0,121891.03125,0.0,-3179.9267578125,0.0,3179.9296875,0.0,-28.493752934696985,0.0,2.678713083267212,0.0,TX
8150320,TX,4835,17.932636260986328,2,0.0,0.0,0.0,2,0,0.0,0.0,79790.34375,25635.828125,40446.3203125,0.0,0.0,66082.1484375,0.0,0.0,0.0,0.0,0.0,0.0,0.0,0.0,0.0,0.0,0.0,0.0,0.0,0.0,0.0,0.0,0.0,0.0,0.0,0.0,0.0,0.0,0.0,0.0,0.0,0.0,0.0,0.0,0.0,0.0,0.0,0.0,0.0,0.0,0.0,0.0,0.0,0.0,0.0,0.0,0.0,0.0,0.0,0.0,0.0,0.0,0.0,0.0,0.0,0.0,0.0,0.0,0.0,0.0,0.0,0.0,0.0,0.0,0.0,0.0,0.0,0.0,0.0,0.0,0.0,0.0,0.0,0.0,0.0,0.0,0.0,0.0,0.0,0.0,0.0,0.0,0.0,0.0,0.0,0.0,0.0,0.0,0.0,0.0,0.0,0.0,79790.34375,66082.1484375,0.0,0.0,0.0,0.0,0.0,0.0,0.0,0.0,TX
8150321,TX,4835,0.16584542393684387,1,0.0,81301.59375,81715.2265625,1,0,11491.306640625,0.0,64199.00390625,0.0,0.0,0.0,0.0,0.0,-1793.95703125,0.0,1793.95703125,0.0,-1716.0,0.0,1716.0,0.0,1166.0,0.0,-1166.0,0.0,0.0,0.0,0.0,0.0,0.0,0.0,0.0,0.0,0.0,0.0,0.0,0.0,0.0,0.0,0.0,0.0,0.0,0.0,0.0,0.0,0.0,0.0,0.0,0.0,0.0,0.0,0.0,0.0,0.0,0.0,0.0,0.0,0.0,0.0,0.0,0.0,0.0,0.0,0.0,0.0,0.0,0.0,0.0,0.0,0.0,0.0,0.0,0.0,-651.1083984375,0.0,651.109375,0.0,0.0,0.0,0.0,0.0,-349.5537109375,0.0,349.5546875,0.0,0.0,0.0,0.0,0.0,0.0,0.0,0.0,0.0,0.0,0.0,0.0,0.0,8146.6875,0.0,67543.625,0.0,-3344.619140625,0.0,3344.62109375,0.0,-29.105646948805898,0.0,5.209771156311035,0.0,TX
8150322,TX,4835,154.67971801757812,2,0.0,0.0,8.27270221710205,2,0,0.0,0.0,58238.9609375,29257.23828125,0.0,0.0,0.0,29257.23828125,0.0,0.0,0.0,0.0,0.0,0.0,0.0,0.0,0.0,0.0,0.0,0.0,0.0,0.0,0.0,0.0,0.0,0.0,0.0,0.0,0.0,0.0,0.0,0.0,0.0,0.0,0.0,0.0,0.0,0.0,0.0,0.0,0.0,0.0,0.0,0.0,0.0,0.0,0.0,0.0,0.0,0.0,0.0,0.0,0.0,0.0,0.0,0.0,0.0,0.0,0.0,0.0,0.0,0.0,0.0,0.0,0.0,0.0,0.0,0.0,0.0,0.0,0.0,0.0,0.0,0.0,0.0,0.0,0.0,0.0,0.0,0.0,0.0,0.0,-287.6875,-287.68359375,0.0,0.0,0.0,0.0,0.0,0.0,0.0,0.0,0.0,0.0,57951.2734375,28969.5546875,0.0,0.0,-287.6875,-287.68359375,0.0,0.0,-0.49397772550582886,-0.9832903262587397,TX
8150323,TX,4835,0.14326220750808716,2,1.0,130761.203125,133284.375,2,0,20161.09375,0.0,130342.15625,0.0,0.0,0.0,0.0,0.0,-2845.84375,0.0,2845.84375,0.0,-1017.3125,0.0,1017.3125,0.0,675.3125,0.0,-675.3125,0.0,0.0,0.0,0.0,0.0,-2200.0,0.0,2200.0,0.0,0.0,0.0,0.0,0.0,0.0,0.0,0.0,0.0,0.0,0.0,0.0,0.0,0.0,0.0,0.0,0.0,0.0,0.0,0.0,0.0,0.0,0.0,0.0,0.0,0.0,0.0,0.0,0.0,0.0,0.0,0.0,0.0,0.0,0.0,0.0,0.0,0.0,0.0,0.0,0.0,0.0,0.0,0.0,0.0,0.0,0.0,0.0,0.0,0.0,0.0,0.0,0.0,0.0,0.0,0.0,0.0,0.0,0.0,0.0,0.0,0.0,0.0,0.0,0.0,14773.25,0.0,135730.0,0.0,-5387.84375,0.0,5387.84375,0.0,-26.723965558664197,0.0,4.133615493774414,0.0,TX
8150324,TX,4835,103.0363540649414,1,0.0,0.0,0.0,1,0,0.0,0.0,58096.0625,29048.03125,0.0,0.0,0.0,29048.03125,0.0,0.0,0.0,0.0,0.0,0.0,0.0,0.0,0.0,0.0,0.0,0.0,0.0,0.0,0.0,0.0,0.0,0.0,0.0,0.0,0.0,0.0,0.0,0.0,0.0,0.0,0.0,0.0,0.0,0.0,0.0,0.0,0.0,0.0,0.0,0.0,0.0,0.0,0.0,0.0,0.0,0.0,0.0,0.0,0.0,0.0,0.0,0.0,0.0,0.0,0.0,0.0,0.0,0.0,0.0,0.0,0.0,0.0,0.0,0.0,0.0,0.0,0.0,0.0,0.0,0.0,0.0,0.0,0.0,0.0,0.0,0.0,0.0,0.0,0.0,0.0,0.0,0.0,0.0,0.0,0.0,0.0,0.0,0.0,0.0,0.0,58096.0625,29048.03125,0.0,0.0,0.0,0.0,0.0,0.0,0.0,0.0,TX
8150325,TX,4835,89.3749008178711,1,0.0,0.0,14.063593864440918,1,0,0.0,0.0,42763.765625,21515.384765625,0.0,0.0,0.0,21515.384765625,0.0,0.0,0.0,0.0,0.0,0.0,0.0,0.0,0.0,0.0,0.0,0.0,0.0,0.0,0.0,0.0,0.0,0.0,0.0,0.0,0.0,0.0,0.0,0.0,0.0,0.0,0.0,0.0,0.0,0.0,0.0,0.0,0.0,0.0,0.0,0.0,0.0,0.0,0.0,0.0,0.0,0.0,0.0,0.0,0.0,0.0,0.0,0.0,0.0,0.0,0.0,0.0,0.0,0.0,0.0,0.0,0.0,0.0,0.0,0.0,0.0,0.0,0.0,0.0,0.0,0.0,0.0,0.0,0.0,0.0,0.0,0.0,0.0,0.0,0.0,0.0,0.0,0.0,0.0,0.0,0.0,0.0,0.0,0.0,0.0,0.0,42763.765625,21515.384765625,0.0,0.0,0.0,0.0,0.0,0.0,0.0,0.0,TX
8150326,TX,4835,0.14995534718036652,3,1.0,185089.5234375,186640.53125,3,0,26858.580078125,0.0,167520.4375,0.0,0.0,0.0,0.0,0.0,-4124.75,0.0,4124.75,0.0,-3357.0,0.0,3357.0,0.0,3423.0,0.0,-3423.0,0.0,0.0,0.0,0.0,0.0,-2200.0,0.0,2200.0,0.0,0.0,0.0,0.0,0.0,0.0,0.0,0.0,0.0,0.0,0.0,0.0,0.0,0.0,0.0,0.0,0.0,0.0,0.0,0.0,0.0,0.0,0.0,0.0,0.0,0.0,0.0,0.0,0.0,0.0,0.0,0.0,0.0,0.0,0.0,0.0,0.0,0.0,0.0,0.0,0.0,0.0,0.0,0.0,0.0,0.0,0.0,0.0,0.0,-190.232421875,0.0,190.21875,0.0,0.0,0.0,0.0,0.0,0.0,0.0,0.0,0.0,0.0,0.0,0.0,0.0,20409.59765625,0.0,173969.40625,0.0,-6448.982421875,0.0,6448.96875,0.0,-24.01088368453022,0.0,3.849660873413086,0.0,TX
8150327,TX,4835,351.865478515625,3,1.0,0.0,0.8272702097892761,3,0,0.0,0.0,30152.787109375,38157.79296875,4137.51025390625,0.0,0.0,42295.30322265625,0.0,0.0,0.0,0.0,0.0,0.0,0.0,0.0,0.0,0.0,0.0,0.0,0.0,0.0,0.0,0.0,0.0,0.0,0.0,0.0,0.0,0.0,0.0,0.0,0.0,0.0,0.0,0.0,0.0,0.0,0.0,0.0,0.0,0.0,0.0,0.0,0.0,0.0,0.0,0.0,0.0,0.0,0.0,0.0,0.0,0.0,0.0,0.0,0.0,0.0,0.0,0.0,0.0,0.0,0.0,0.0,0.0,0.0,0.0,0.0,0.0,0.0,0.0,0.0,0.0,0.0,0.0,0.0,0.0,0.0,0.0,0.0,0.0,0.0,-468.1796875,-468.1796875,0.0,0.0,0.0,0.0,0.0,0.0,0.0,0.0,0.0,0.0,29684.607421875,41827.12353515625,0.0,0.0,-468.1796875,-468.1796875,0.0,0.0,-1.5526912212371826,-1.106930679833053,TX
8150328,TX,4835,0.15407495200634003,2,0.0,453144.984375,453145.0,2,0,122000.6015625,0.0,314321.375,0.0,0.0,0.0,0.0,0.0,0.0,0.0,0.0,0.0,0.0,0.0,0.0,0.0,0.0,0.0,0.0,0.0,0.0,0.0,0.0,0.0,0.0,0.0,0.0,0.0,0.0,0.0,0.0,0.0,0.0,0.0,0.0,0.0,-34386.203125,0.0,34386.21875,0.0,0.0,0.0,0.0,0.0,0.0,0.0,0.0,0.0,-263.4765625,0.0,263.46875,0.0,0.0,0.0,0.0,0.0,0.0,0.0,0.0,0.0,0.0,0.0,0.0,0.0,0.0,0.0,0.0,0.0,0.0,0.0,0.0,0.0,0.0,0.0,0.0,0.0,0.0,0.0,0.0,0.0,0.0,0.0,0.0,0.0,0.0,0.0,0.0,0.0,0.0,0.0,0.0,0.0,87350.921875,0.0,348971.0625,0.0,-34649.6796875,0.0,34649.6875,0.0,-28.40123675107391,0.0,11.023649215698242,0.0,TX
8150329,TX,4835,6.88983678817749,1,0.0,0.0,0.0,1,0,0.0,0.0,26139.3046875,13518.8720703125,0.0,0.0,0.0,13518.8720703125,0.0,0.0,0.0,0.0,0.0,0.0,0.0,0.0,0.0,0.0,0.0,0.0,0.0,0.0,0.0,0.0,0.0,0.0,0.0,0.0,0.0,0.0,0.0,0.0,0.0,0.0,0.0,0.0,0.0,0.0,0.0,0.0,0.0,0.0,0.0,0.0,0.0,0.0,0.0,0.0,0.0,0.0,0.0,0.0,0.0,0.0,0.0,0.0,0.0,0.0,0.0,0.0,0.0,0.0,0.0,0.0,0.0,0.0,0.0,0.0,0.0,0.0,0.0,0.0,0.0,0.0,0.0,0.0,0.0,0.0,0.0,0.0,0.0,0.0,0.0,0.0,0.0,0.0,0.0,0.0,0.0,0.0,0.0,0.0,0.0,0.0,26139.3046875,13518.8720703125,0.0,0.0,0.0,0.0,0.0,0.0,0.0,0.0,TX
8150330,TX,4835,0.1300792396068573,3,1.0,63703.50390625,63786.23046875,3,0,2477.9345703125,0.0,64282.4765625,0.0,0.0,6998.095703125,0.0,6998.095703125,-219.5869140625,0.0,219.5859375,0.0,-1689.724609375,0.0,1689.7265625,0.0,1725.724609375,0.0,-1725.7265625,0.0,0.0,0.0,0.0,0.0,-1200.0,0.0,1200.0,0.0,0.0,0.0,0.0,0.0,0.0,0.0,0.0,0.0,0.0,0.0,0.0,0.0,0.0,0.0,0.0,0.0,0.0,0.0,0.0,0.0,0.0,0.0,0.0,0.0,0.0,0.0,0.0,0.0,0.0,0.0,0.0,0.0,0.0,0.0,0.0,0.0,0.0,0.0,0.0,0.0,0.0,0.0,0.0,0.0,0.0,0.0,0.0,0.0,-74.19091796875,0.0,74.1875,0.0,0.0,0.0,0.0,0.0,0.0,0.0,0.0,0.0,0.0,0.0,0.0,0.0,1020.15673828125,0.0,65740.25,6998.095703125,-1457.77783203125,0.0,1457.7734375,0.0,-58.83036015141454,0.0,2.267761707305908,0.0,TX
8150331,TX,4835,88.64484405517578,1,0.0,17517.001953125,18565.5234375,1,0,0.0,0.0,57113.8984375,19549.1953125,0.0,0.0,0.0,19549.1953125,0.0,0.0,0.0,0.0,0.0,0.0,0.0,0.0,41.552345275878906,0.0,-41.55078125,0.0,0.0,0.0,0.0,0.0,0.0,0.0,0.0,0.0,0.0,0.0,0.0,0.0,0.0,0.0,0.0,0.0,0.0,0.0,0.0,0.0,0.0,0.0,0.0,0.0,0.0,0.0,0.0,0.0,-41.552345275878906,0.0,41.55078125,0.0,0.0,0.0,0.0,0.0,0.0,0.0,0.0,0.0,0.0,0.0,0.0,0.0,0.0,0.0,0.0,0.0,0.0,0.0,0.0,0.0,0.0,0.0,0.0,0.0,0.0,0.0,0.0,0.0,0.0,0.0,0.0,0.0,0.0,0.0,0.0,0.0,0.0,0.0,0.0,0.0,0.0,0.0,57113.8984375,19549.1953125,0.0,0.0,0.0,0.0,0.0,0.0,0.0,0.0,TX
8150332,TX,4835,9.614470481872559,2,1.0,0.0,0.0,2,0,0.0,0.0,5268.47265625,1130.9622802734375,4137.51025390625,0.0,0.0,5268.4725341796875,0.0,0.0,0.0,0.0,0.0,0.0,0.0,0.0,0.0,0.0,0.0,0.0,0.0,0.0,0.0,0.0,0.0,0.0,0.0,0.0,0.0,0.0,0.0,0.0,0.0,0.0,0.0,0.0,0.0,0.0,0.0,0.0,0.0,0.0,0.0,0.0,0.0,0.0,0.0,0.0,0.0,0.0,0.0,0.0,0.0,0.0,0.0,0.0,0.0,0.0,0.0,0.0,0.0,0.0,0.0,0.0,0.0,0.0,0.0,0.0,0.0,0.0,0.0,0.0,0.0,0.0,0.0,0.0,0.0,0.0,0.0,0.0,0.0,0.0,0.0,0.0,0.0,0.0,0.0,0.0,0.0,0.0,0.0,0.0,0.0,0.0,5268.47265625,5268.4725341796875,0.0,0.0,0.0,0.0,0.0,0.0,0.0,0.0,TX
8150333,TX,4835,127.60050201416016,2,0.0,0.0,0.0,2,0,0.0,0.0,73895.859375,36947.9296875,0.0,0.0,0.0,36947.9296875,0.0,0.0,0.0,0.0,0.0,0.0,0.0,0.0,0.0,0.0,0.0,0.0,0.0,0.0,0.0,0.0,0.0,0.0,0.0,0.0,0.0,0.0,0.0,0.0,0.0,0.0,0.0,0.0,0.0,0.0,0.0,0.0,0.0,0.0,0.0,0.0,0.0,0.0,0.0,0.0,0.0,0.0,0.0,0.0,0.0,0.0,0.0,0.0,0.0,0.0,0.0,0.0,0.0,0.0,0.0,0.0,0.0,0.0,0.0,0.0,0.0,0.0,0.0,0.0,0.0,0.0,0.0,0.0,0.0,0.0,0.0,0.0,0.0,0.0,0.0,0.0,0.0,0.0,0.0,0.0,0.0,0.0,0.0,0.0,0.0,0.0,73895.859375,36947.9296875,0.0,0.0,0.0,0.0,0.0,0.0,0.0,0.0,TX
8150334,TX,4835,1259.3988037109375,4,3.0,0.0,0.0,4,0,0.0,0.0,74386.8125,40070.0625,34316.74609375,0.0,0.0,74386.80859375,0.0,0.0,0.0,0.0,0.0,0.0,0.0,0.0,0.0,0.0,0.0,0.0,0.0,0.0,0.0,0.0,0.0,0.0,0.0,0.0,0.0,0.0,0.0,0.0,0.0,0.0,0.0,0.0,0.0,0.0,0.0,0.0,0.0,0.0,0.0,0.0,0.0,0.0,0.0,0.0,0.0,0.0,0.0,0.0,0.0,0.0,0.0,0.0,0.0,0.0,0.0,0.0,0.0,0.0,0.0,0.0,0.0,0.0,0.0,0.0,0.0,0.0,0.0,0.0,0.0,0.0,0.0,0.0,0.0,0.0,0.0,0.0,0.0,0.0,-7236.546875,-7236.546875,0.0,0.0,0.0,0.0,0.0,0.0,0.0,0.0,0.0,0.0,67150.265625,67150.26171875,0.0,0.0,-7236.546875,-7236.546875,0.0,0.0,-9.728265762329102,-9.728266357710117,TX
8150335,TX,4835,0.16963879764080048,3,1.0,214691.0625,217672.40625,3,0,32395.123046875,0.0,176540.28125,0.0,0.0,0.0,0.0,0.0,-4712.76171875,0.0,4712.765625,0.0,0.0,0.0,0.0,0.0,2527.470703125,0.0,-2527.46875,0.0,0.0,0.0,0.0,0.0,-2200.0,0.0,2200.0,0.0,0.0,0.0,0.0,0.0,-1100.0,0.0,1100.0,0.0,0.0,0.0,0.0,0.0,0.0,0.0,0.0,0.0,0.0,0.0,0.0,0.0,-440.0,0.0,440.0,0.0,0.0,0.0,0.0,0.0,0.0,0.0,0.0,0.0,0.0,0.0,0.0,0.0,0.0,0.0,0.0,0.0,0.0,0.0,0.0,0.0,0.0,0.0,0.0,0.0,0.0,0.0,0.0,0.0,0.0,0.0,0.0,0.0,0.0,0.0,0.0,0.0,0.0,0.0,0.0,0.0,26469.83203125,0.0,182465.578125,0.0,-5925.291015625,0.0,5925.296875,0.0,-18.290688407175487,0.0,3.3563427925109863,0.0,TX
8150336,TX,4835,0.20011931657791138,6,3.9999999999999996,7551.756591796875,24892.46484375,6,0,0.0,0.0,55457.3203125,1130.9622802734375,20687.55126953125,0.0,0.0,21818.513549804688,0.0,0.0,0.0,0.0,0.0,0.0,0.0,0.0,0.0,0.0,0.0,0.0,0.0,0.0,0.0,0.0,0.0,0.0,0.0,0.0,0.0,0.0,0.0,0.0,0.0,0.0,0.0,0.0,0.0,0.0,0.0,0.0,0.0,0.0,0.0,0.0,0.0,0.0,0.0,0.0,0.0,0.0,0.0,0.0,0.0,0.0,0.0,0.0,0.0,0.0,0.0,0.0,0.0,0.0,0.0,0.0,0.0,0.0,0.0,0.0,0.0,0.0,0.0,0.0,0.0,0.0,0.0,0.0,0.0,0.0,0.0,0.0,0.0,0.0,0.0,0.0,0.0,0.0,0.0,0.0,0.0,0.0,0.0,0.0,0.0,0.0,55457.3203125,21818.513549804688,0.0,0.0,0.0,0.0,0.0,0.0,0.0,0.0,TX
8150337,TX,4835,0.2737123966217041,1,0.0,0.0,39341.90625,1,0,2946.285888671875,0.0,79784.6640625,27270.3359375,0.0,0.0,0.0,27270.3359375,-351.257080078125,0.0,351.2578125,0.0,-936.0,0.0,936.0,0.0,636.0,0.0,-636.0,0.0,0.0,0.0,0.0,0.0,0.0,0.0,0.0,0.0,0.0,0.0,0.0,0.0,0.0,0.0,0.0,0.0,0.0,0.0,0.0,0.0,0.0,0.0,0.0,0.0,0.0,0.0,0.0,0.0,0.0,0.0,0.0,0.0,0.0,0.0,0.0,0.0,0.0,0.0,0.0,0.0,0.0,0.0,0.0,0.0,0.0,0.0,0.0,0.0,0.0,0.0,0.0,0.0,-720.0,0.0,720.0,0.0,0.0,0.0,0.0,0.0,0.0,0.0,0.0,0.0,0.0,0.0,0.0,0.0,0.0,0.0,0.0,0.0,1575.02880859375,0.0,81155.921875,27270.3359375,-1371.257080078125,0.0,1371.2578125,0.0,-46.541888054735225,0.0,1.718698501586914,0.0,TX
8150338,TX,4835,0.11701244115829468,2,0.0,161927.796875,170122.15625,2,0,24655.5390625,0.0,139759.046875,4058.00439453125,0.0,0.0,0.0,4058.00439453125,-3788.6640625,0.0,3788.671875,0.0,-3432.0,0.0,3432.0,0.0,2332.0,0.0,-2332.0,0.0,0.0,0.0,0.0,0.0,0.0,0.0,0.0,0.0,0.0,0.0,0.0,0.0,0.0,0.0,0.0,0.0,0.0,0.0,0.0,0.0,0.0,0.0,0.0,0.0,0.0,0.0,0.0,0.0,-376.146484375,0.0,376.140625,0.0,0.0,0.0,0.0,0.0,0.0,0.0,0.0,0.0,0.0,0.0,0.0,0.0,0.0,0.0,0.0,0.0,0.0,0.0,0.0,0.0,0.0,0.0,0.0,0.0,0.0,0.0,0.0,0.0,0.0,0.0,0.0,0.0,0.0,0.0,0.0,0.0,0.0,0.0,0.0,0.0,19390.728515625,0.0,145023.859375,4058.00439453125,-5264.810546875,0.0,5264.8125,0.0,-21.3534594945545,0.0,3.767063856124878,0.0,TX
8150339,TX,4835,0.11983083933591843,2,0.0,144592.71875,144609.265625,2,0,16953.341796875,0.0,134612.828125,0.0,0.0,0.0,0.0,0.0,-2864.4013671875,0.0,2864.40625,0.0,-2266.90234375,0.0,2266.90625,0.0,2332.0,0.0,-2332.0,0.0,0.0,0.0,0.0,0.0,0.0,0.0,0.0,0.0,0.0,0.0,0.0,0.0,0.0,0.0,0.0,0.0,0.0,0.0,0.0,0.0,0.0,0.0,0.0,0.0,0.0,0.0,0.0,0.0,-440.0,0.0,440.0,0.0,0.0,0.0,0.0,0.0,0.0,0.0,0.0,0.0,0.0,0.0,0.0,0.0,0.0,0.0,0.0,0.0,0.0,0.0,0.0,0.0,0.0,0.0,0.0,0.0,-38.5224609375,0.0,38.515625,0.0,0.0,0.0,0.0,0.0,0.0,0.0,0.0,0.0,0.0,0.0,0.0,0.0,13675.515625,0.0,137890.65625,0.0,-3277.826171875,0.0,3277.828125,0.0,-19.33439560853542,0.0,2.435004234313965,0.0,TX
8150340,TX,4835,145.85557556152344,2,0.0,0.0,0.0,2,0,0.0,0.0,56661.1328125,28804.408203125,0.0,0.0,0.0,28804.408203125,0.0,0.0,0.0,0.0,0.0,0.0,0.0,0.0,0.0,0.0,0.0,0.0,0.0,0.0,0.0,0.0,0.0,0.0,0.0,0.0,0.0,0.0,0.0,0.0,0.0,0.0,0.0,0.0,0.0,0.0,0.0,0.0,0.0,0.0,0.0,0.0,0.0,0.0,0.0,0.0,0.0,0.0,0.0,0.0,0.0,0.0,0.0,0.0,0.0,0.0,0.0,0.0,0.0,0.0,0.0,0.0,0.0,0.0,0.0,0.0,0.0,0.0,0.0,0.0,0.0,0.0,0.0,0.0,0.0,0.0,0.0,0.0,0.0,0.0,0.0,0.0,0.0,0.0,0.0,0.0,0.0,0.0,0.0,0.0,0.0,0.0,56661.1328125,28804.408203125,0.0,0.0,0.0,0.0,0.0,0.0,0.0,0.0,TX
8150341,TX,4835,0.2329234778881073,1,0.0,97406.59375,105195.53125,1,0,17361.3828125,0.0,93352.7578125,0.0,0.0,0.0,0.0,0.0,-2498.3662109375,0.0,2498.3671875,0.0,-1716.0,0.0,1716.0,0.0,1166.0,0.0,-1166.0,0.0,0.0,0.0,0.0,0.0,0.0,0.0,0.0,0.0,0.0,0.0,0.0,0.0,0.0,0.0,0.0,0.0,0.0,0.0,0.0,0.0,0.0,0.0,0.0,0.0,0.0,0.0,0.0,0.0,0.0,0.0,0.0,0.0,0.0,0.0,0.0,0.0,0.0,0.0,0.0,0.0,0.0,0.0,0.0,0.0,0.0,0.0,0.0,0.0,0.0,0.0,0.0,0.0,0.0,0.0,0.0,0.0,0.0,0.0,0.0,0.0,0.0,0.0,0.0,0.0,0.0,0.0,0.0,0.0,0.0,0.0,0.0,0.0,14313.0166015625,0.0,96401.125,0.0,-3048.3662109375,0.0,3048.3671875,0.0,-17.558314587376707,0.0,3.265428066253662,0.0,TX
8150342,TX,4835,610.2213745117188,2,0.0,0.0,0.0,2,0,0.0,0.0,43954.75390625,28429.626953125,0.0,0.0,0.0,28429.626953125,0.0,0.0,0.0,0.0,0.0,0.0,0.0,0.0,0.0,0.0,0.0,0.0,0.0,0.0,0.0,0.0,0.0,0.0,0.0,0.0,0.0,0.0,0.0,0.0,0.0,0.0,0.0,0.0,0.0,0.0,0.0,0.0,0.0,0.0,0.0,0.0,0.0,0.0,0.0,0.0,0.0,0.0,0.0,0.0,0.0,0.0,0.0,0.0,0.0,0.0,0.0,0.0,0.0,0.0,0.0,0.0,0.0,0.0,0.0,0.0,0.0,0.0,0.0,0.0,0.0,0.0,0.0,0.0,0.0,0.0,0.0,0.0,0.0,0.0,0.0,0.0,0.0,0.0,0.0,0.0,0.0,0.0,0.0,0.0,0.0,0.0,43954.75390625,28429.626953125,0.0,0.0,0.0,0.0,0.0,0.0,0.0,0.0,TX
8150343,TX,4835,113.16757202148438,1,0.0,0.0,27.694190979003906,1,0,0.0,0.0,20580.853515625,330.0,20223.16015625,0.0,0.0,20553.16015625,0.0,0.0,0.0,0.0,0.0,0.0,0.0,0.0,0.0,0.0,0.0,0.0,0.0,0.0,0.0,0.0,0.0,0.0,0.0,0.0,0.0,0.0,0.0,0.0,0.0,0.0,0.0,0.0,0.0,0.0,0.0,0.0,0.0,0.0,0.0,0.0,0.0,0.0,0.0,0.0,0.0,0.0,0.0,0.0,0.0,0.0,0.0,0.0,0.0,0.0,0.0,0.0,0.0,0.0,0.0,0.0,0.0,0.0,0.0,0.0,0.0,0.0,0.0,0.0,0.0,0.0,0.0,0.0,0.0,0.0,0.0,0.0,0.0,0.0,0.0,0.0,0.0,0.0,0.0,0.0,0.0,0.0,0.0,0.0,0.0,0.0,20580.853515625,20553.16015625,0.0,0.0,0.0,0.0,0.0,0.0,0.0,0.0,TX
8150344,TX,4835,91.1029052734375,1,0.0,0.0,0.0,1,0,0.0,0.0,5898.3095703125,5898.3095703125,0.0,0.0,0.0,5898.3095703125,0.0,0.0,0.0,0.0,0.0,0.0,0.0,0.0,0.0,0.0,0.0,0.0,0.0,0.0,0.0,0.0,0.0,0.0,0.0,0.0,0.0,0.0,0.0,0.0,0.0,0.0,0.0,0.0,0.0,0.0,0.0,0.0,0.0,0.0,0.0,0.0,0.0,0.0,0.0,0.0,0.0,0.0,0.0,0.0,0.0,0.0,0.0,0.0,0.0,0.0,0.0,0.0,0.0,0.0,0.0,0.0,0.0,0.0,0.0,0.0,0.0,0.0,0.0,0.0,0.0,0.0,0.0,0.0,0.0,0.0,0.0,0.0,0.0,0.0,0.0,0.0,0.0,0.0,0.0,0.0,0.0,0.0,0.0,0.0,0.0,0.0,5898.3095703125,5898.3095703125,0.0,0.0,0.0,0.0,0.0,0.0,0.0,0.0,TX
8150345,TX,4835,12.538017272949219,1,0.0,0.0,0.0,1,0,0.0,0.0,24149.19921875,3926.039794921875,20223.16015625,0.0,0.0,24149.199951171875,0.0,0.0,0.0,0.0,0.0,0.0,0.0,0.0,0.0,0.0,0.0,0.0,0.0,0.0,0.0,0.0,0.0,0.0,0.0,0.0,0.0,0.0,0.0,0.0,0.0,0.0,0.0,0.0,0.0,0.0,0.0,0.0,0.0,0.0,0.0,0.0,0.0,0.0,0.0,0.0,0.0,0.0,0.0,0.0,0.0,0.0,0.0,0.0,0.0,0.0,0.0,0.0,0.0,0.0,0.0,0.0,0.0,0.0,0.0,0.0,0.0,0.0,0.0,0.0,0.0,0.0,0.0,0.0,0.0,0.0,0.0,0.0,0.0,0.0,0.0,0.0,0.0,0.0,0.0,0.0,0.0,0.0,0.0,0.0,0.0,0.0,24149.19921875,24149.199951171875,0.0,0.0,0.0,0.0,0.0,0.0,0.0,0.0,TX
8150346,TX,4835,25.920764923095703,1,0.0,0.0,0.8272702097892761,1,0,0.0,0.0,20224.376953125,0.0,20223.16015625,0.0,0.0,20223.16015625,0.0,0.0,0.0,0.0,0.0,0.0,0.0,0.0,0.0,0.0,0.0,0.0,0.0,0.0,0.0,0.0,0.0,0.0,0.0,0.0,0.0,0.0,0.0,0.0,0.0,0.0,0.0,0.0,0.0,0.0,0.0,0.0,0.0,0.0,0.0,0.0,0.0,0.0,0.0,0.0,0.0,0.0,0.0,0.0,0.0,0.0,0.0,0.0,0.0,0.0,0.0,0.0,0.0,0.0,0.0,0.0,0.0,0.0,0.0,0.0,0.0,0.0,0.0,0.0,0.0,0.0,0.0,0.0,0.0,0.0,0.0,0.0,0.0,0.0,0.0,0.0,0.0,0.0,0.0,0.0,0.0,0.0,0.0,0.0,0.0,0.0,20224.376953125,20223.16015625,0.0,0.0,0.0,0.0,0.0,0.0,0.0,0.0,TX
8150347,TX,4835,60.74951934814453,3,1.0,0.0,0.0,3,0,0.0,0.0,37448.44921875,13087.779296875,24360.67041015625,0.0,0.0,37448.44970703125,0.0,0.0,0.0,0.0,0.0,0.0,0.0,0.0,0.0,0.0,0.0,0.0,0.0,0.0,0.0,0.0,0.0,0.0,0.0,0.0,0.0,0.0,0.0,0.0,0.0,0.0,0.0,0.0,0.0,0.0,0.0,0.0,0.0,0.0,0.0,0.0,0.0,0.0,0.0,0.0,0.0,0.0,0.0,0.0,0.0,0.0,0.0,0.0,0.0,0.0,0.0,0.0,0.0,0.0,0.0,0.0,0.0,0.0,0.0,0.0,0.0,0.0,0.0,0.0,0.0,0.0,0.0,0.0,0.0,0.0,0.0,0.0,0.0,0.0,0.0,0.0,0.0,0.0,0.0,0.0,0.0,0.0,0.0,0.0,0.0,0.0,37448.44921875,37448.44970703125,0.0,0.0,0.0,0.0,0.0,0.0,0.0,0.0,TX
8150348,TX,4835,217.20318603515625,2,0.0,0.0,59.362052619457245,2,0,0.0,0.0,129017.65625,64478.7578125,0.0,0.0,0.0,64478.7578125,0.0,0.0,0.0,0.0,0.0,0.0,0.0,0.0,0.0,0.0,0.0,0.0,0.0,0.0,0.0,0.0,0.0,0.0,0.0,0.0,0.0,0.0,0.0,0.0,0.0,0.0,0.0,0.0,0.0,0.0,0.0,0.0,0.0,0.0,0.0,0.0,0.0,0.0,0.0,0.0,0.0,0.0,0.0,0.0,0.0,0.0,0.0,0.0,0.0,0.0,0.0,0.0,0.0,0.0,0.0,0.0,0.0,0.0,0.0,0.0,0.0,0.0,0.0,0.0,0.0,0.0,0.0,0.0,0.0,0.0,0.0,0.0,0.0,0.0,0.0,0.0,0.0,0.0,0.0,0.0,0.0,0.0,0.0,0.0,0.0,0.0,129017.65625,64478.7578125,0.0,0.0,0.0,0.0,0.0,0.0,0.0,0.0,TX
8150349,TX,4835,0.4224126935005188,1,0.0,0.0,303.608154296875,1,0,0.0,0.0,2520.388916015625,1201.953125,0.0,0.0,0.0,1201.953125,0.0,0.0,0.0,0.0,0.0,0.0,0.0,0.0,0.0,0.0,0.0,0.0,0.0,0.0,0.0,0.0,0.0,0.0,0.0,0.0,0.0,0.0,0.0,0.0,0.0,0.0,0.0,0.0,0.0,0.0,0.0,0.0,0.0,0.0,0.0,0.0,0.0,0.0,0.0,0.0,0.0,0.0,0.0,0.0,0.0,0.0,0.0,0.0,0.0,0.0,0.0,0.0,0.0,0.0,0.0,0.0,0.0,0.0,0.0,0.0,0.0,0.0,0.0,0.0,0.0,0.0,0.0,0.0,0.0,0.0,0.0,0.0,0.0,0.0,0.0,0.0,0.0,0.0,0.0,0.0,0.0,0.0,0.0,0.0,0.0,0.0,2520.388916015625,1201.953125,0.0,0.0,0.0,0.0,0.0,0.0,0.0,0.0,TX
8150350,TX,4835,0.4233322739601135,1,0.0,0.0,0.0,1,0,0.0,0.0,0.0,0.0,0.0,0.0,0.0,0.0,0.0,0.0,0.0,0.0,0.0,0.0,0.0,0.0,0.0,0.0,0.0,0.0,0.0,0.0,0.0,0.0,0.0,0.0,0.0,0.0,0.0,0.0,0.0,0.0,0.0,0.0,0.0,0.0,0.0,0.0,0.0,0.0,0.0,0.0,0.0,0.0,0.0,0.0,0.0,0.0,0.0,0.0,0.0,0.0,0.0,0.0,0.0,0.0,0.0,0.0,0.0,0.0,0.0,0.0,0.0,0.0,0.0,0.0,0.0,0.0,0.0,0.0,0.0,0.0,0.0,0.0,0.0,0.0,0.0,0.0,0.0,0.0,0.0,0.0,0.0,0.0,0.0,0.0,0.0,0.0,0.0,0.0,0.0,0.0,0.0,0.0,0.0,0.0,0.0,0.0,0.0,0.0,0.0,0.0,0.0,0.0,TX
8150351,TX,4835,34.17266082763672,2,0.0,348.4353942871094,348.4353942871094,2,0,0.0,0.0,70897.671875,35287.9453125,0.0,0.0,0.0,35287.9453125,0.0,0.0,0.0,0.0,0.0,0.0,0.0,0.0,0.0,0.0,0.0,0.0,0.0,0.0,0.0,0.0,0.0,0.0,0.0,0.0,0.0,0.0,0.0,0.0,0.0,0.0,0.0,0.0,0.0,0.0,0.0,0.0,0.0,0.0,0.0,0.0,0.0,0.0,0.0,0.0,0.0,0.0,0.0,0.0,0.0,0.0,0.0,0.0,0.0,0.0,0.0,0.0,0.0,0.0,0.0,0.0,0.0,0.0,0.0,0.0,0.0,0.0,0.0,0.0,0.0,0.0,0.0,0.0,0.0,0.0,0.0,0.0,0.0,0.0,0.0,0.0,0.0,0.0,0.0,0.0,0.0,0.0,0.0,0.0,0.0,0.0,70897.671875,35287.9453125,0.0,0.0,0.0,0.0,0.0,0.0,0.0,0.0,TX
8150352,TX,4835,0.21312913298606873,4,2.0,476007.15625,574982.625,4,0,152924.765625,0.0,481490.0,0.0,0.0,0.0,0.0,0.0,0.0,0.0,0.0,0.0,0.0,0.0,0.0,0.0,0.0,0.0,0.0,0.0,0.0,0.0,0.0,0.0,0.0,0.0,0.0,0.0,0.0,0.0,0.0,0.0,-1400.0,0.0,1400.0,0.0,-26261.21875,0.0,26261.21875,0.0,0.0,0.0,0.0,0.0,0.0,0.0,0.0,0.0,0.0,0.0,0.0,0.0,-1754.890625,0.0,1754.90625,0.0,0.0,0.0,0.0,0.0,326.1875,0.0,-326.1875,0.0,0.0,0.0,0.0,0.0,0.0,0.0,0.0,0.0,0.0,0.0,0.0,0.0,0.0,0.0,0.0,0.0,0.0,0.0,0.0,0.0,0.0,0.0,0.0,0.0,0.0,0.0,0.0,0.0,123834.84375,0.0,510579.9375,0.0,-29089.921875,0.0,29089.9375,0.0,-19.022374666464362,0.0,6.041649341583252,0.0,TX
8150353,TX,4835,0.1276806741952896,1,0.0,418066.1875,418076.125,1,0,112997.53125,0.0,285582.96875,0.0,0.0,0.0,0.0,0.0,-815.84375,0.0,815.84375,0.0,0.0,0.0,0.0,0.0,0.0,0.0,0.0,0.0,0.0,0.0,0.0,0.0,0.0,0.0,0.0,0.0,0.0,0.0,0.0,0.0,0.0,0.0,0.0,0.0,-2720.421875,0.0,2720.4375,0.0,0.0,0.0,0.0,0.0,0.0,0.0,0.0,0.0,0.0,0.0,0.0,0.0,0.0,0.0,0.0,0.0,0.0,0.0,0.0,0.0,0.0,0.0,0.0,0.0,0.0,0.0,0.0,0.0,0.0,0.0,0.0,0.0,0.0,0.0,0.0,0.0,0.0,0.0,0.0,0.0,0.0,0.0,0.0,0.0,0.0,0.0,0.0,0.0,0.0,0.0,0.0,0.0,109461.265625,0.0,289119.25,0.0,-3536.265625,0.0,3536.28125,0.0,-3.129506977613725,0.0,1.2382675409317017,0.0,TX
8150354,TX,4835,200.9128875732422,1,0.0,0.0,0.0,1,0,0.0,0.0,3926.039794921875,3926.039794921875,0.0,0.0,0.0,3926.039794921875,0.0,0.0,0.0,0.0,0.0,0.0,0.0,0.0,0.0,0.0,0.0,0.0,0.0,0.0,0.0,0.0,0.0,0.0,0.0,0.0,0.0,0.0,0.0,0.0,0.0,0.0,0.0,0.0,0.0,0.0,0.0,0.0,0.0,0.0,0.0,0.0,0.0,0.0,0.0,0.0,0.0,0.0,0.0,0.0,0.0,0.0,0.0,0.0,0.0,0.0,0.0,0.0,0.0,0.0,0.0,0.0,0.0,0.0,0.0,0.0,0.0,0.0,0.0,0.0,0.0,0.0,0.0,0.0,0.0,0.0,0.0,0.0,0.0,0.0,0.0,0.0,0.0,0.0,0.0,0.0,0.0,0.0,0.0,0.0,0.0,0.0,3926.039794921875,3926.039794921875,0.0,0.0,0.0,0.0,0.0,0.0,0.0,0.0,TX
8150355,TX,4835,554.8004150390625,2,0.0,0.0,1.6545404195785522,2,0,0.0,0.0,54731.87109375,14282.0283203125,40446.3203125,0.0,0.0,54728.3486328125,0.0,0.0,0.0,0.0,0.0,0.0,0.0,0.0,0.0,0.0,0.0,0.0,0.0,0.0,0.0,0.0,0.0,0.0,0.0,0.0,0.0,0.0,0.0,0.0,0.0,0.0,0.0,0.0,0.0,0.0,0.0,0.0,0.0,0.0,0.0,0.0,0.0,0.0,0.0,0.0,0.0,0.0,0.0,0.0,0.0,0.0,0.0,0.0,0.0,0.0,0.0,0.0,0.0,0.0,0.0,0.0,0.0,0.0,0.0,0.0,0.0,0.0,0.0,0.0,0.0,0.0,0.0,0.0,0.0,0.0,0.0,0.0,0.0,0.0,-4656.41796875,-4656.4169921875,0.0,0.0,0.0,0.0,0.0,0.0,0.0,0.0,0.0,0.0,50075.453125,50071.931640625,0.0,0.0,-4656.41796875,-4656.4169921875,0.0,0.0,-8.507689476013184,-8.508235875028276,TX
8150356,TX,4835,58.2104377746582,2,0.0,0.0,0.0,2,0,0.0,0.0,0.0,0.0,0.0,0.0,0.0,0.0,0.0,0.0,0.0,0.0,0.0,0.0,0.0,0.0,0.0,0.0,0.0,0.0,0.0,0.0,0.0,0.0,0.0,0.0,0.0,0.0,0.0,0.0,0.0,0.0,0.0,0.0,0.0,0.0,0.0,0.0,0.0,0.0,0.0,0.0,0.0,0.0,0.0,0.0,0.0,0.0,0.0,0.0,0.0,0.0,0.0,0.0,0.0,0.0,0.0,0.0,0.0,0.0,0.0,0.0,0.0,0.0,0.0,0.0,0.0,0.0,0.0,0.0,0.0,0.0,0.0,0.0,0.0,0.0,0.0,0.0,0.0,0.0,0.0,0.0,0.0,0.0,0.0,0.0,0.0,0.0,0.0,0.0,0.0,0.0,0.0,0.0,0.0,0.0,0.0,0.0,0.0,0.0,0.0,0.0,0.0,0.0,TX
8150357,TX,4835,737.5941162109375,4,0.0,0.0,0.0,4,0,0.0,0.0,139367.84375,56180.5546875,40446.3203125,0.0,0.0,96626.875,0.0,0.0,0.0,0.0,0.0,0.0,0.0,0.0,0.0,0.0,0.0,0.0,0.0,0.0,0.0,0.0,0.0,0.0,0.0,0.0,0.0,0.0,0.0,0.0,0.0,0.0,0.0,0.0,0.0,0.0,0.0,0.0,0.0,0.0,0.0,0.0,0.0,0.0,0.0,0.0,0.0,0.0,0.0,0.0,0.0,0.0,0.0,0.0,0.0,0.0,0.0,0.0,0.0,0.0,0.0,0.0,0.0,0.0,0.0,0.0,0.0,0.0,0.0,0.0,0.0,0.0,0.0,0.0,0.0,0.0,0.0,0.0,0.0,0.0,0.0,0.0,0.0,0.0,0.0,0.0,0.0,0.0,0.0,0.0,0.0,0.0,139367.84375,96626.875,0.0,0.0,0.0,0.0,0.0,0.0,0.0,0.0,TX
8150358,TX,4835,96.66851806640625,3,0.0,10974.91796875,10974.91796875,3,0,0.0,0.0,110996.8125,49530.2109375,0.0,0.0,0.0,49530.2109375,0.0,0.0,0.0,0.0,0.0,0.0,0.0,0.0,0.0,0.0,0.0,0.0,0.0,0.0,0.0,0.0,0.0,0.0,0.0,0.0,0.0,0.0,0.0,0.0,0.0,0.0,0.0,0.0,0.0,0.0,0.0,0.0,0.0,0.0,0.0,0.0,0.0,0.0,0.0,0.0,0.0,0.0,0.0,0.0,0.0,0.0,0.0,0.0,0.0,0.0,0.0,0.0,0.0,0.0,0.0,0.0,0.0,0.0,0.0,0.0,0.0,0.0,0.0,0.0,0.0,0.0,0.0,0.0,0.0,0.0,0.0,0.0,0.0,0.0,0.0,0.0,0.0,0.0,0.0,0.0,0.0,0.0,0.0,0.0,0.0,0.0,110996.8125,49530.2109375,0.0,0.0,0.0,0.0,0.0,0.0,0.0,0.0,TX
8150359,TX,4835,5.091316223144531,1,0.0,0.0,0.0,1,0,0.0,0.0,36321.98828125,18469.8359375,0.0,0.0,0.0,18469.8359375,0.0,0.0,0.0,0.0,0.0,0.0,0.0,0.0,0.0,0.0,0.0,0.0,0.0,0.0,0.0,0.0,0.0,0.0,0.0,0.0,0.0,0.0,0.0,0.0,0.0,0.0,0.0,0.0,0.0,0.0,0.0,0.0,0.0,0.0,0.0,0.0,0.0,0.0,0.0,0.0,0.0,0.0,0.0,0.0,0.0,0.0,0.0,0.0,0.0,0.0,0.0,0.0,0.0,0.0,0.0,0.0,0.0,0.0,0.0,0.0,0.0,0.0,0.0,0.0,0.0,0.0,0.0,0.0,0.0,0.0,0.0,0.0,0.0,0.0,0.0,0.0,0.0,0.0,0.0,0.0,0.0,0.0,0.0,0.0,0.0,0.0,36321.98828125,18469.8359375,0.0,0.0,0.0,0.0,0.0,0.0,0.0,0.0,TX
8150360,TX,4835,260.7288513183594,1,0.0,0.0,0.0,1,0,0.0,0.0,30138.302734375,9915.142578125,20223.16015625,0.0,0.0,30138.302734375,0.0,0.0,0.0,0.0,0.0,0.0,0.0,0.0,0.0,0.0,0.0,0.0,0.0,0.0,0.0,0.0,0.0,0.0,0.0,0.0,0.0,0.0,0.0,0.0,0.0,0.0,0.0,0.0,0.0,0.0,0.0,0.0,0.0,0.0,0.0,0.0,0.0,0.0,0.0,0.0,0.0,0.0,0.0,0.0,0.0,0.0,0.0,0.0,0.0,0.0,0.0,0.0,0.0,0.0,0.0,0.0,0.0,0.0,0.0,0.0,0.0,0.0,0.0,0.0,0.0,0.0,0.0,0.0,0.0,0.0,0.0,0.0,0.0,0.0,0.0,0.0,0.0,0.0,0.0,0.0,0.0,0.0,0.0,0.0,0.0,0.0,30138.302734375,30138.302734375,0.0,0.0,0.0,0.0,0.0,0.0,0.0,0.0,TX
8150361,TX,4835,0.22376252710819244,1,0.0,112917.609375,137221.765625,1,0,23664.58203125,0.0,110463.640625,0.0,0.0,0.0,0.0,0.0,-2930.380859375,0.0,2930.3828125,0.0,-1733.763671875,0.0,1733.765625,0.0,1166.0,0.0,-1166.0,0.0,0.0,0.0,0.0,0.0,0.0,0.0,0.0,0.0,0.0,0.0,0.0,0.0,-0.0546875,0.0,0.0546875,0.0,0.0,0.0,0.0,0.0,0.0,0.0,0.0,0.0,0.0,0.0,0.0,0.0,0.0,0.0,0.0,0.0,0.0,0.0,0.0,0.0,0.0,0.0,0.0,0.0,0.0,0.0,0.0,0.0,0.0,0.0,0.0,0.0,0.0,0.0,0.0,0.0,0.0,0.0,0.0,0.0,0.0,0.0,0.0,0.0,0.0,0.0,0.0,0.0,0.0,0.0,0.0,0.0,0.0,0.0,0.0,0.0,20166.3828125,0.0,113961.84375,0.0,-3498.19921875,0.0,3498.203125,0.0,-14.78242554265481,0.0,3.166836977005005,0.0,TX
8150362,TX,4835,128.4054412841797,2,0.0,0.0,0.0,2,0,0.0,0.0,86227.453125,43113.7265625,0.0,0.0,0.0,43113.7265625,0.0,0.0,0.0,0.0,0.0,0.0,0.0,0.0,0.0,0.0,0.0,0.0,0.0,0.0,0.0,0.0,0.0,0.0,0.0,0.0,0.0,0.0,0.0,0.0,0.0,0.0,0.0,0.0,0.0,0.0,0.0,0.0,0.0,0.0,0.0,0.0,0.0,0.0,0.0,0.0,0.0,0.0,0.0,0.0,0.0,0.0,0.0,0.0,0.0,0.0,0.0,0.0,0.0,0.0,0.0,0.0,0.0,0.0,0.0,0.0,0.0,0.0,0.0,0.0,0.0,0.0,0.0,0.0,0.0,0.0,0.0,0.0,0.0,0.0,0.0,0.0,0.0,0.0,0.0,0.0,0.0,0.0,0.0,0.0,0.0,0.0,86227.453125,43113.7265625,0.0,0.0,0.0,0.0,0.0,0.0,0.0,0.0,TX
8150363,TX,4835,288.78680419921875,2,0.0,22257.138671875,22257.138671875,2,0,660.7138671875,0.0,55886.78515625,16349.1220703125,0.0,0.0,0.0,16349.1220703125,0.0,0.0,0.0,0.0,-660.7138671875,0.0,660.71484375,0.0,410.7138671875,0.0,-410.71484375,0.0,0.0,0.0,0.0,0.0,0.0,0.0,0.0,0.0,0.0,0.0,0.0,0.0,0.0,0.0,0.0,0.0,0.0,0.0,0.0,0.0,0.0,0.0,0.0,0.0,0.0,0.0,0.0,0.0,-100.0,0.0,100.0,0.0,0.0,0.0,0.0,0.0,0.0,0.0,0.0,0.0,0.0,0.0,0.0,0.0,0.0,0.0,0.0,0.0,0.0,0.0,0.0,0.0,-310.7138671875,0.0,310.71484375,0.0,0.0,0.0,0.0,0.0,0.0,0.0,0.0,0.0,0.0,0.0,0.0,0.0,0.0,0.0,0.0,0.0,0.0,0.0,56547.5,16349.1220703125,-660.7138671875,0.0,660.71484375,0.0,-100.0,0.0,1.182237982749939,0.0,TX
8150364,TX,4835,69.89590454101562,1,0.0,0.0,4.136351108551025,1,0,0.0,0.0,46332.95703125,23163.4375,0.0,0.0,0.0,23163.4375,0.0,0.0,0.0,0.0,0.0,0.0,0.0,0.0,0.0,0.0,0.0,0.0,0.0,0.0,0.0,0.0,0.0,0.0,0.0,0.0,0.0,0.0,0.0,0.0,0.0,0.0,0.0,0.0,0.0,0.0,0.0,0.0,0.0,0.0,0.0,0.0,0.0,0.0,0.0,0.0,0.0,0.0,0.0,0.0,0.0,0.0,0.0,0.0,0.0,0.0,0.0,0.0,0.0,0.0,0.0,0.0,0.0,0.0,0.0,0.0,0.0,0.0,0.0,0.0,0.0,0.0,0.0,0.0,0.0,0.0,0.0,0.0,0.0,0.0,0.0,0.0,0.0,0.0,0.0,0.0,0.0,0.0,0.0,0.0,0.0,0.0,46332.95703125,23163.4375,0.0,0.0,0.0,0.0,0.0,0.0,0.0,0.0,TX
8150365,TX,4835,0.17979711294174194,1,0.0,52493.82421875,67051.515625,1,0,7312.87890625,0.0,81472.046875,17570.544921875,0.0,0.0,0.0,17570.544921875,-1292.54541015625,0.0,1292.546875,0.0,-1036.15185546875,0.0,1036.1484375,0.0,636.0,0.0,-636.0,0.0,0.0,0.0,0.0,0.0,0.0,0.0,0.0,0.0,0.0,0.0,0.0,0.0,0.0,0.0,0.0,0.0,0.0,0.0,0.0,0.0,0.0,0.0,0.0,0.0,0.0,0.0,0.0,0.0,0.0,0.0,0.0,0.0,0.0,0.0,0.0,0.0,0.0,0.0,0.0,0.0,0.0,0.0,0.0,0.0,0.0,0.0,0.0,0.0,-482.9794921875,0.0,482.984375,0.0,-720.0,0.0,720.0,0.0,0.0,0.0,0.0,0.0,0.0,0.0,0.0,0.0,0.0,0.0,0.0,0.0,0.0,0.0,0.0,0.0,4417.2021484375,0.0,84367.7265625,17570.544921875,-2895.6767578125,0.0,2895.6796875,0.0,-39.596946632572994,0.0,3.5542004108428955,0.0,TX
8150366,TX,4835,31.271543502807617,2,0.0,12775.96484375,12999.328125,2,0,0.0,0.0,16264.587890625,0.0,4137.51025390625,0.0,0.0,4137.51025390625,0.0,0.0,0.0,0.0,0.0,0.0,0.0,0.0,0.0,0.0,0.0,0.0,0.0,0.0,0.0,0.0,0.0,0.0,0.0,0.0,0.0,0.0,0.0,0.0,0.0,0.0,0.0,0.0,0.0,0.0,0.0,0.0,0.0,0.0,0.0,0.0,0.0,0.0,0.0,0.0,0.0,0.0,0.0,0.0,0.0,0.0,0.0,0.0,0.0,0.0,0.0,0.0,0.0,0.0,0.0,0.0,0.0,0.0,0.0,0.0,0.0,0.0,0.0,0.0,0.0,0.0,0.0,0.0,0.0,0.0,0.0,0.0,0.0,0.0,0.0,0.0,0.0,0.0,0.0,0.0,0.0,0.0,0.0,0.0,0.0,0.0,16264.587890625,4137.51025390625,0.0,0.0,0.0,0.0,0.0,0.0,0.0,0.0,TX
8150367,TX,4835,307.4072265625,2,0.0,0.0,0.0,2,0,0.0,0.0,62019.4609375,13398.578125,40446.3203125,0.0,0.0,53844.8984375,0.0,0.0,0.0,0.0,0.0,0.0,0.0,0.0,0.0,0.0,0.0,0.0,0.0,0.0,0.0,0.0,0.0,0.0,0.0,0.0,0.0,0.0,0.0,0.0,0.0,0.0,0.0,0.0,0.0,0.0,0.0,0.0,0.0,0.0,0.0,0.0,0.0,0.0,0.0,0.0,0.0,0.0,0.0,0.0,0.0,0.0,0.0,0.0,0.0,0.0,0.0,0.0,0.0,0.0,0.0,0.0,0.0,0.0,0.0,0.0,0.0,0.0,0.0,0.0,0.0,0.0,0.0,0.0,0.0,0.0,0.0,0.0,0.0,0.0,0.0,0.0,0.0,0.0,0.0,0.0,0.0,0.0,0.0,0.0,0.0,0.0,62019.4609375,53844.8984375,0.0,0.0,0.0,0.0,0.0,0.0,0.0,0.0,TX
8150368,TX,4835,0.21490640938282013,5,3.0,0.0,21612.818359375,5,0,-11231.0,0.0,47038.6953125,3425.312744140625,12412.53076171875,0.0,0.0,15837.843505859375,0.0,0.0,0.0,0.0,0.0,0.0,0.0,0.0,0.0,0.0,0.0,0.0,0.0,0.0,0.0,0.0,-113.3681640625,0.0,113.3671875,0.0,0.0,0.0,0.0,0.0,0.0,0.0,0.0,0.0,0.0,0.0,0.0,0.0,0.0,0.0,0.0,0.0,0.0,0.0,0.0,0.0,0.0,0.0,0.0,0.0,0.0,0.0,0.0,0.0,0.0,0.0,0.0,0.0,0.0,0.0,0.0,0.0,0.0,0.0,0.0,0.0,0.0,0.0,0.0,0.0,0.0,0.0,0.0,0.0,0.0,0.0,0.0,0.0,0.0,0.0,0.0,0.0,0.0,0.0,0.0,0.0,0.0,0.0,0.0,0.0,-11344.3681640625,0.0,47152.0625,15837.843505859375,-113.3681640625,0.0,113.3671875,0.0,-1.009421815176743,0.0,0.24100835621356964,0.0,TX
8150369,TX,4835,64.91038513183594,1,0.0,0.0,0.0,1,0,0.0,0.0,58096.0625,29048.03125,0.0,0.0,0.0,29048.03125,0.0,0.0,0.0,0.0,0.0,0.0,0.0,0.0,0.0,0.0,0.0,0.0,0.0,0.0,0.0,0.0,0.0,0.0,0.0,0.0,0.0,0.0,0.0,0.0,0.0,0.0,0.0,0.0,0.0,0.0,0.0,0.0,0.0,0.0,0.0,0.0,0.0,0.0,0.0,0.0,0.0,0.0,0.0,0.0,0.0,0.0,0.0,0.0,0.0,0.0,0.0,0.0,0.0,0.0,0.0,0.0,0.0,0.0,0.0,0.0,0.0,0.0,0.0,0.0,0.0,0.0,0.0,0.0,0.0,0.0,0.0,0.0,0.0,0.0,0.0,0.0,0.0,0.0,0.0,0.0,0.0,0.0,0.0,0.0,0.0,0.0,58096.0625,29048.03125,0.0,0.0,0.0,0.0,0.0,0.0,0.0,0.0,TX
8150370,TX,4835,0.30840009450912476,2,0.0,377741.7265625,1189303.625,2,0,418578.21875,0.0,779994.3125,0.0,0.0,0.0,0.0,0.0,-36420.84375,0.0,36420.8125,0.0,-5772.0,0.0,5772.0,0.0,0.0,0.0,0.0,0.0,0.0,0.0,0.0,0.0,0.0,0.0,0.0,0.0,0.0,0.0,0.0,0.0,-1850.0,0.0,1850.0,0.0,0.0,0.0,0.0,0.0,0.0,0.0,0.0,0.0,0.0,0.0,0.0,0.0,-740.0,0.0,740.0,0.0,0.0,0.0,0.0,0.0,0.0,0.0,0.0,0.0,0.0,0.0,0.0,0.0,0.0,0.0,0.0,0.0,0.0,0.0,0.0,0.0,0.0,0.0,0.0,0.0,0.0,0.0,0.0,0.0,0.0,0.0,0.0,0.0,0.0,0.0,0.0,0.0,0.0,0.0,0.0,0.0,373795.375,0.0,824777.125,0.0,-44782.84375,0.0,44782.8125,0.0,-10.698799350748587,0.0,5.741428375244141,0.0,TX
8150371,TX,4835,0.43249014019966125,2,0.0,507994.09375,711692.4375,2,0,207214.703125,0.0,577009.875,0.0,0.0,0.0,0.0,0.0,-7373.453125,0.0,7373.4375,0.0,0.0,0.0,0.0,0.0,0.0,0.0,0.0,0.0,0.0,0.0,0.0,0.0,0.0,0.0,0.0,0.0,0.0,0.0,0.0,0.0,-1400.0,0.0,1400.0,0.0,-20777.4375,0.0,20777.4375,0.0,0.0,0.0,0.0,0.0,0.0,0.0,0.0,0.0,0.0,0.0,0.0,0.0,0.0,0.0,0.0,0.0,0.0,0.0,0.0,0.0,0.0,0.0,0.0,0.0,0.0,0.0,0.0,0.0,0.0,0.0,0.0,0.0,0.0,0.0,0.0,0.0,0.0,0.0,0.0,0.0,0.0,0.0,0.0,0.0,0.0,0.0,0.0,0.0,0.0,0.0,0.0,0.0,177663.8125,0.0,606560.75,0.0,-29550.890625,0.0,29550.875,0.0,-14.261000874621214,0.0,5.1213812828063965,0.0,TX
8150372,TX,4835,2.385791301727295,2,0.0,0.0,0.0,2,0,0.0,0.0,83794.875,33417.54296875,0.0,17247.47265625,0.0,50665.015625,0.0,0.0,0.0,0.0,0.0,0.0,0.0,0.0,0.0,0.0,0.0,0.0,0.0,0.0,0.0,0.0,0.0,0.0,0.0,0.0,0.0,0.0,0.0,0.0,0.0,0.0,0.0,0.0,0.0,0.0,0.0,0.0,0.0,0.0,0.0,0.0,0.0,0.0,0.0,0.0,0.0,0.0,0.0,0.0,0.0,0.0,0.0,0.0,0.0,0.0,0.0,0.0,0.0,0.0,0.0,0.0,0.0,0.0,0.0,0.0,0.0,0.0,0.0,0.0,0.0,0.0,0.0,0.0,0.0,0.0,0.0,0.0,0.0,0.0,0.0,0.0,0.0,0.0,0.0,0.0,0.0,0.0,0.0,0.0,0.0,0.0,83794.875,50665.015625,0.0,0.0,0.0,0.0,0.0,0.0,0.0,0.0,TX
8150373,TX,4835,0.2679601013660431,2,0.0,397630.533203125,439076.78125,2,0,119636.453125,0.0,356431.5625,0.0,0.0,0.0,0.0,0.0,0.0,0.0,0.0,0.0,0.0,0.0,0.0,0.0,0.0,0.0,0.0,0.0,0.0,0.0,0.0,0.0,0.0,0.0,0.0,0.0,0.0,0.0,0.0,0.0,0.0,0.0,0.0,0.0,-36004.921875,0.0,36004.9375,0.0,0.0,0.0,0.0,0.0,0.0,0.0,0.0,0.0,0.0,0.0,0.0,0.0,0.0,0.0,0.0,0.0,0.0,0.0,0.0,0.0,0.0,0.0,0.0,0.0,0.0,0.0,0.0,0.0,0.0,0.0,0.0,0.0,0.0,0.0,0.0,0.0,0.0,0.0,0.0,0.0,0.0,0.0,0.0,0.0,0.0,0.0,0.0,0.0,0.0,0.0,0.0,0.0,83631.53125,0.0,392436.5,0.0,-36004.921875,0.0,36004.9375,0.0,-30.09527692816244,0.0,10.101500511169434,0.0,TX
8150374,TX,4835,0.1260683387517929,2,0.0,94300.60546875,157041.875,2,0,17905.71435546875,0.0,138295.34375,0.0,0.0,0.0,0.0,0.0,-2003.24951171875,0.0,2003.25,0.0,-3042.0,0.0,3042.0,0.0,2067.0,0.0,-2067.0,0.0,0.0,0.0,0.0,0.0,0.0,0.0,0.0,0.0,0.0,0.0,0.0,0.0,0.0,0.0,0.0,0.0,0.0,0.0,0.0,0.0,0.0,0.0,0.0,0.0,0.0,0.0,0.0,0.0,0.0,0.0,0.0,0.0,0.0,0.0,0.0,0.0,0.0,0.0,0.0,0.0,0.0,0.0,0.0,0.0,0.0,0.0,0.0,0.0,0.0,0.0,0.0,0.0,0.0,0.0,0.0,0.0,-954.47021484375,0.0,954.46875,0.0,0.0,0.0,0.0,0.0,0.0,0.0,0.0,0.0,0.0,0.0,0.0,0.0,13972.99462890625,0.0,142228.0625,0.0,-3932.7197265625,0.0,3932.71875,0.0,-21.963489690995612,0.0,2.84371018409729,0.0,TX
8150375,TX,4835,0.214201420545578,2,0.0,42197.84375,72487.296875,2,0,5083.0947265625,0.0,79849.5703125,10331.5556640625,0.0,0.0,0.0,10331.5556640625,-540.619140625,0.0,540.6171875,0.0,-1872.0,0.0,1872.0,0.0,1272.0,0.0,-1272.0,0.0,0.0,0.0,0.0,0.0,0.0,0.0,0.0,0.0,0.0,0.0,0.0,0.0,-600.0,0.0,600.0,0.0,0.0,0.0,0.0,0.0,0.0,0.0,0.0,0.0,0.0,0.0,0.0,0.0,0.0,0.0,0.0,0.0,0.0,0.0,0.0,0.0,0.0,0.0,0.0,0.0,0.0,0.0,0.0,0.0,0.0,0.0,0.0,0.0,0.0,0.0,0.0,0.0,-1343.745849609375,0.0,1343.7421875,0.0,0.0,0.0,0.0,0.0,0.0,0.0,0.0,0.0,0.0,0.0,0.0,0.0,0.0,0.0,0.0,0.0,1998.729736328125,0.0,82933.9296875,10331.5556640625,-3084.364990234375,0.0,3084.359375,0.0,-60.678880802998755,0.0,3.8627126216888428,0.0,TX
8150376,TX,4835,0.31825023889541626,2,0.0,50561.36328125,64123.9453125,2,0,4076.091796875,0.0,76932.375,15804.1513671875,0.0,0.0,0.0,15804.1513671875,-339.21826171875,0.0,339.21875,0.0,-1769.47900390625,0.0,1769.484375,0.0,1169.47900390625,0.0,-1169.484375,0.0,0.0,0.0,0.0,0.0,0.0,0.0,0.0,0.0,0.0,0.0,0.0,0.0,0.0,0.0,0.0,0.0,0.0,0.0,0.0,0.0,0.0,0.0,0.0,0.0,0.0,0.0,0.0,0.0,0.0,0.0,0.0,0.0,0.0,0.0,0.0,0.0,0.0,0.0,0.0,0.0,0.0,0.0,0.0,0.0,0.0,0.0,0.0,0.0,0.0,0.0,0.0,0.0,-709.47900390625,0.0,709.484375,0.0,0.0,0.0,0.0,0.0,0.0,0.0,0.0,0.0,0.0,0.0,0.0,0.0,0.0,0.0,0.0,0.0,2427.39453125,0.0,78581.078125,15804.1513671875,-1648.697265625,0.0,1648.703125,0.0,-40.447991551343364,0.0,2.143054962158203,0.0,TX
8150377,TX,4835,0.13282924890518188,2,0.0,56774.1640625,64219.59375,1,1,7117.3984375,0.0,99144.375,15552.857421875,20223.16015625,0.0,0.0,35776.017578125,-1269.087890625,0.0,1269.09375,0.0,-957.95947265625,0.0,957.953125,0.0,636.0,0.0,-636.0,0.0,0.0,0.0,0.0,0.0,0.0,0.0,0.0,0.0,0.0,0.0,0.0,0.0,0.0,0.0,0.0,0.0,0.0,0.0,0.0,0.0,0.0,0.0,0.0,0.0,0.0,0.0,0.0,0.0,0.0,0.0,0.0,0.0,0.0,0.0,0.0,0.0,0.0,0.0,0.0,0.0,0.0,0.0,0.0,0.0,0.0,0.0,0.0,0.0,0.0,0.0,0.0,0.0,0.0,0.0,0.0,0.0,0.0,0.0,0.0,0.0,0.0,0.0,0.0,0.0,0.0,0.0,0.0,0.0,0.0,0.0,0.0,0.0,5526.35107421875,0.0,100735.421875,35776.017578125,-1591.04736328125,0.0,1591.046875,0.0,-22.35433883957336,0.0,1.6047778129577637,0.0,TX
8150378,TX,4835,206.90570068359375,1,0.0,0.0,303.608154296875,1,0,0.0,0.0,43078.46875,21536.87109375,20223.16015625,0.0,0.0,41760.03125,0.0,0.0,0.0,0.0,0.0,0.0,0.0,0.0,0.0,0.0,0.0,0.0,0.0,0.0,0.0,0.0,0.0,0.0,0.0,0.0,0.0,0.0,0.0,0.0,0.0,0.0,0.0,0.0,0.0,0.0,0.0,0.0,0.0,0.0,0.0,0.0,0.0,0.0,0.0,0.0,0.0,0.0,0.0,0.0,0.0,0.0,0.0,0.0,0.0,0.0,0.0,0.0,0.0,0.0,0.0,0.0,0.0,0.0,0.0,0.0,0.0,0.0,0.0,0.0,0.0,0.0,0.0,0.0,0.0,0.0,0.0,0.0,0.0,0.0,0.0,0.0,0.0,0.0,0.0,0.0,0.0,0.0,0.0,0.0,0.0,0.0,43078.46875,41760.03125,0.0,0.0,0.0,0.0,0.0,0.0,0.0,0.0,TX
8150379,TX,4835,0.3103494942188263,2,0.0,152112.6484375,201193.765625,2,0,32010.94140625,0.0,243399.03125,0.0,0.0,0.0,0.0,0.0,-4671.3125,0.0,4671.3125,0.0,-3432.0,0.0,3432.0,0.0,2332.0,0.0,-2332.0,0.0,0.0,0.0,0.0,0.0,0.0,0.0,0.0,0.0,0.0,0.0,0.0,0.0,0.0,0.0,0.0,0.0,0.0,0.0,0.0,0.0,0.0,0.0,0.0,0.0,0.0,0.0,0.0,0.0,0.0,0.0,0.0,0.0,0.0,0.0,0.0,0.0,0.0,0.0,0.0,0.0,0.0,0.0,0.0,0.0,0.0,0.0,0.0,0.0,0.0,0.0,0.0,0.0,-644.2421875,0.0,644.25,0.0,0.0,0.0,0.0,0.0,0.0,0.0,0.0,0.0,0.0,0.0,0.0,0.0,0.0,0.0,0.0,0.0,25595.38671875,0.0,249814.59375,0.0,-6415.5546875,0.0,6415.5625,0.0,-20.04175574245183,0.0,2.6358208656311035,0.0,TX
8150380,TX,4835,159.613525390625,2,0.0,0.0,0.0,2,0,0.0,0.0,70946.15625,26264.705078125,20223.16015625,0.0,0.0,46487.865234375,0.0,0.0,0.0,0.0,0.0,0.0,0.0,0.0,0.0,0.0,0.0,0.0,0.0,0.0,0.0,0.0,0.0,0.0,0.0,0.0,0.0,0.0,0.0,0.0,0.0,0.0,0.0,0.0,0.0,0.0,0.0,0.0,0.0,0.0,0.0,0.0,0.0,0.0,0.0,0.0,0.0,0.0,0.0,0.0,0.0,0.0,0.0,0.0,0.0,0.0,0.0,0.0,0.0,0.0,0.0,0.0,0.0,0.0,0.0,0.0,0.0,0.0,0.0,0.0,0.0,0.0,0.0,0.0,0.0,0.0,0.0,0.0,0.0,0.0,0.0,0.0,0.0,0.0,0.0,0.0,0.0,0.0,0.0,0.0,0.0,0.0,70946.15625,46487.865234375,0.0,0.0,0.0,0.0,0.0,0.0,0.0,0.0,TX
8150381,TX,4835,0.22207769751548767,4,2.0,404703.4140625,420587.00781249994,4,0,94234.541015625,0.0,322332.25,0.0,0.0,0.0,0.0,0.0,-2581.7890625000146,0.0,2581.8125,0.0,0.0,0.0,0.0,0.0,781.6562500000291,0.0,-781.65625,0.0,0.0,0.0,0.0,0.0,-4400.000000000015,0.0,4400.0,0.0,0.0,0.0,0.0,0.0,0.0,0.0,0.0,0.0,-10668.375,0.0,10668.375,0.0,0.0,0.0,0.0,0.0,0.0,0.0,0.0,0.0,0.0,0.0,0.0,0.0,0.0,0.0,0.0,0.0,0.0,0.0,0.0,0.0,0.0,0.0,0.0,0.0,0.0,0.0,0.0,0.0,0.0,0.0,0.0,0.0,0.0,0.0,0.0,0.0,0.0,0.0,0.0,0.0,0.0,0.0,0.0,0.0,0.0,0.0,0.0,0.0,0.0,0.0,0.0,0.0,77366.033203125,0.0,339200.78125,0.0,-16868.5078125,0.0,16868.53125,0.0,-17.900557089467902,0.0,5.233274459838867,0.0,TX
8150382,TX,4835,1.917698621749878,1,0.0,0.0,0.0,1,0,0.0,0.0,0.0,0.0,0.0,0.0,0.0,0.0,0.0,0.0,0.0,0.0,0.0,0.0,0.0,0.0,0.0,0.0,0.0,0.0,0.0,0.0,0.0,0.0,0.0,0.0,0.0,0.0,0.0,0.0,0.0,0.0,0.0,0.0,0.0,0.0,0.0,0.0,0.0,0.0,0.0,0.0,0.0,0.0,0.0,0.0,0.0,0.0,0.0,0.0,0.0,0.0,0.0,0.0,0.0,0.0,0.0,0.0,0.0,0.0,0.0,0.0,0.0,0.0,0.0,0.0,0.0,0.0,0.0,0.0,0.0,0.0,0.0,0.0,0.0,0.0,0.0,0.0,0.0,0.0,0.0,0.0,0.0,0.0,0.0,0.0,0.0,0.0,0.0,0.0,0.0,0.0,0.0,0.0,0.0,0.0,0.0,0.0,0.0,0.0,0.0,0.0,0.0,0.0,TX
8150383,TX,4835,145.83883666992188,3,2.0,0.0,0.0,3,0,0.0,0.0,30760.103515625,2261.924560546875,28498.1806640625,0.0,0.0,30760.105224609375,0.0,0.0,0.0,0.0,0.0,0.0,0.0,0.0,0.0,0.0,0.0,0.0,0.0,0.0,0.0,0.0,0.0,0.0,0.0,0.0,0.0,0.0,0.0,0.0,0.0,0.0,0.0,0.0,0.0,0.0,0.0,0.0,0.0,0.0,0.0,0.0,0.0,0.0,0.0,0.0,0.0,0.0,0.0,0.0,0.0,0.0,0.0,0.0,0.0,0.0,0.0,0.0,0.0,0.0,0.0,0.0,0.0,0.0,0.0,0.0,0.0,0.0,0.0,0.0,0.0,0.0,0.0,0.0,0.0,0.0,0.0,0.0,0.0,0.0,0.0,0.0,0.0,0.0,0.0,0.0,0.0,0.0,0.0,0.0,0.0,0.0,30760.103515625,30760.105224609375,0.0,0.0,0.0,0.0,0.0,0.0,0.0,0.0,TX
8150384,TX,4835,208.27806091308594,2,0.0,3579.586669921875,3591.99560546875,2,0,0.0,0.0,96736.171875,45592.25,0.0,0.0,0.0,45592.25,0.0,0.0,0.0,0.0,0.0,0.0,0.0,0.0,0.0,0.0,0.0,0.0,0.0,0.0,0.0,0.0,0.0,0.0,0.0,0.0,0.0,0.0,0.0,0.0,0.0,0.0,0.0,0.0,0.0,0.0,0.0,0.0,0.0,0.0,0.0,0.0,0.0,0.0,0.0,0.0,0.0,0.0,0.0,0.0,0.0,0.0,0.0,0.0,0.0,0.0,0.0,0.0,0.0,0.0,0.0,0.0,0.0,0.0,0.0,0.0,0.0,0.0,0.0,0.0,0.0,0.0,0.0,0.0,0.0,0.0,0.0,0.0,0.0,0.0,0.0,0.0,0.0,0.0,0.0,0.0,0.0,0.0,0.0,0.0,0.0,0.0,96736.171875,45592.25,0.0,0.0,0.0,0.0,0.0,0.0,0.0,0.0,TX
8150385,TX,4835,0.12396511435508728,3,0.0,2090.6123046875,30079.2109375,3,0,287.92108154296875,0.0,27833.712890625,330.0,0.0,0.0,0.0,330.0,0.0,0.0,0.0,0.0,-287.92108154296875,0.0,287.921875,0.0,0.0,0.0,0.0,0.0,0.0,0.0,0.0,0.0,0.0,0.0,0.0,0.0,0.0,0.0,0.0,0.0,0.0,0.0,0.0,0.0,0.0,0.0,0.0,0.0,0.0,0.0,0.0,0.0,0.0,0.0,0.0,0.0,0.0,0.0,0.0,0.0,0.0,0.0,0.0,0.0,0.0,0.0,0.0,0.0,0.0,0.0,0.0,0.0,0.0,0.0,0.0,0.0,0.0,0.0,0.0,0.0,0.0,0.0,0.0,0.0,0.0,0.0,0.0,0.0,0.0,0.0,0.0,0.0,0.0,0.0,0.0,0.0,0.0,0.0,0.0,0.0,0.0,0.0,28121.634765625,330.0,-287.92108154296875,0.0,287.921875,0.0,-100.0,0.0,1.034435749053955,0.0,TX
8150386,TX,4835,6.576999664306641,1,0.0,0.0,523.6620483398438,1,0,0.0,0.0,1100.09130859375,330.0,0.0,0.0,0.0,330.0,0.0,0.0,0.0,0.0,0.0,0.0,0.0,0.0,0.0,0.0,0.0,0.0,0.0,0.0,0.0,0.0,0.0,0.0,0.0,0.0,0.0,0.0,0.0,0.0,0.0,0.0,0.0,0.0,0.0,0.0,0.0,0.0,0.0,0.0,0.0,0.0,0.0,0.0,0.0,0.0,0.0,0.0,0.0,0.0,0.0,0.0,0.0,0.0,0.0,0.0,0.0,0.0,0.0,0.0,0.0,0.0,0.0,0.0,0.0,0.0,0.0,0.0,0.0,0.0,0.0,0.0,0.0,0.0,0.0,0.0,0.0,0.0,0.0,0.0,0.0,0.0,0.0,0.0,0.0,0.0,0.0,0.0,0.0,0.0,0.0,0.0,1100.09130859375,330.0,0.0,0.0,0.0,0.0,0.0,0.0,0.0,0.0,TX
8150387,TX,4835,106.77706146240234,3,0.0,40418.505859375,40419.333984375,3,0,320.6884765625,0.0,57230.1796875,0.0,20223.16015625,0.0,0.0,20223.16015625,0.0,0.0,0.0,0.0,-320.6884765625,0.0,320.6875,0.0,0.0,0.0,0.0,0.0,0.0,0.0,0.0,0.0,0.0,0.0,0.0,0.0,0.0,0.0,0.0,0.0,0.0,0.0,0.0,0.0,0.0,0.0,0.0,0.0,0.0,0.0,0.0,0.0,0.0,0.0,0.0,0.0,0.0,0.0,0.0,0.0,0.0,0.0,0.0,0.0,0.0,0.0,0.0,0.0,0.0,0.0,0.0,0.0,0.0,0.0,0.0,0.0,0.0,0.0,0.0,0.0,0.0,0.0,0.0,0.0,0.0,0.0,0.0,0.0,0.0,0.0,0.0,0.0,0.0,0.0,0.0,0.0,0.0,0.0,0.0,0.0,0.0,0.0,57550.8671875,20223.16015625,-320.6884765625,0.0,320.6875,0.0,-100.0,0.0,0.5603468418121338,0.0,TX
8150388,TX,4835,0.11802046746015549,3,0.0,90598.3828125,90599.2109375,0,3,6266.090911865234,0.0,102165.75,508.63671875,20223.16015625,1713.5029296875,0.0,22445.2998046875,-974.7021484375,0.0,974.703125,0.0,-1138.5816345214844,0.0,1138.578125,0.0,636.0,0.0,-636.0,0.0,0.0,0.0,0.0,0.0,0.0,0.0,0.0,0.0,0.0,0.0,0.0,0.0,0.0,0.0,0.0,0.0,0.0,0.0,0.0,0.0,0.0,0.0,0.0,0.0,0.0,0.0,0.0,0.0,0.0,0.0,0.0,0.0,0.0,0.0,0.0,0.0,0.0,0.0,0.0,0.0,0.0,0.0,0.0,0.0,0.0,0.0,0.0,0.0,0.0,0.0,0.0,0.0,0.0,0.0,0.0,0.0,0.0,0.0,0.0,0.0,0.0,0.0,0.0,0.0,0.0,0.0,0.0,0.0,0.0,0.0,0.0,0.0,4788.80712890625,0.0,103643.03125,22445.2998046875,-1477.2837829589844,0.0,1477.28125,0.0,-23.57584343632256,0.0,1.44596529006958,0.0,TX
8150389,TX,4835,66.74129486083984,1,0.0,0.0,0.0,1,0,0.0,0.0,59380.01171875,29690.005859375,0.0,0.0,0.0,29690.005859375,0.0,0.0,0.0,0.0,0.0,0.0,0.0,0.0,0.0,0.0,0.0,0.0,0.0,0.0,0.0,0.0,0.0,0.0,0.0,0.0,0.0,0.0,0.0,0.0,0.0,0.0,0.0,0.0,0.0,0.0,0.0,0.0,0.0,0.0,0.0,0.0,0.0,0.0,0.0,0.0,0.0,0.0,0.0,0.0,0.0,0.0,0.0,0.0,0.0,0.0,0.0,0.0,0.0,0.0,0.0,0.0,0.0,0.0,0.0,0.0,0.0,0.0,0.0,0.0,0.0,0.0,0.0,0.0,0.0,0.0,0.0,0.0,0.0,0.0,0.0,0.0,0.0,0.0,0.0,0.0,0.0,0.0,0.0,0.0,0.0,0.0,59380.01171875,29690.005859375,0.0,0.0,0.0,0.0,0.0,0.0,0.0,0.0,TX
8150390,TX,4835,0.3969462215900421,1,0.0,60035.73828125,62061.203125,1,0,5737.130859375,0.0,57200.8984375,0.0,0.0,0.0,0.0,0.0,-909.42626953125,0.0,909.4296875,0.0,-196.3603515625,0.0,196.359375,0.0,636.0,0.0,-636.0,0.0,0.0,0.0,0.0,0.0,0.0,0.0,0.0,0.0,0.0,0.0,0.0,0.0,0.0,0.0,0.0,0.0,0.0,0.0,0.0,0.0,0.0,0.0,0.0,0.0,0.0,0.0,0.0,0.0,-120.0,0.0,120.0,0.0,0.0,0.0,0.0,0.0,0.0,0.0,0.0,0.0,0.0,0.0,0.0,0.0,0.0,0.0,0.0,0.0,0.0,0.0,0.0,0.0,0.0,0.0,0.0,0.0,-103.76318359375,0.0,103.765625,0.0,0.0,0.0,0.0,0.0,0.0,0.0,0.0,0.0,0.0,0.0,0.0,0.0,5043.5810546875,0.0,57894.453125,0.0,-693.5498046875,0.0,693.5546875,0.0,-12.088791796585497,0.0,1.212489128112793,0.0,TX
8150391,TX,4835,0.4109041094779968,3,1.0,181668.91796875,183003.3125,3,0,25950.828125,0.0,165367.828125,0.0,0.0,0.0,0.0,0.0,-4016.099609375,0.0,4016.109375,0.0,-3432.0,0.0,3431.984375,0.0,3498.0,0.0,-3497.984375,0.0,0.0,0.0,0.0,0.0,-2200.0,0.0,2200.0,0.0,0.0,0.0,0.0,0.0,0.0,0.0,0.0,0.0,0.0,0.0,0.0,0.0,0.0,0.0,0.0,0.0,0.0,0.0,0.0,0.0,0.0,0.0,0.0,0.0,0.0,0.0,0.0,0.0,0.0,0.0,0.0,0.0,0.0,0.0,0.0,0.0,0.0,0.0,0.0,0.0,0.0,0.0,0.0,0.0,0.0,0.0,0.0,0.0,0.0,0.0,0.0,0.0,0.0,0.0,0.0,0.0,0.0,0.0,0.0,0.0,0.0,0.0,0.0,0.0,19800.728515625,0.0,171517.9375,0.0,-6150.099609375,0.0,6150.109375,0.0,-23.69904952455154,0.0,3.719048261642456,0.0,TX
8150392,TX,4835,101.63182067871094,2,0.0,0.0,0.0,2,0,0.0,0.0,87329.8203125,37537.5859375,0.0,12254.6484375,0.0,49792.234375,0.0,0.0,0.0,0.0,0.0,0.0,0.0,0.0,0.0,0.0,0.0,0.0,0.0,0.0,0.0,0.0,0.0,0.0,0.0,0.0,0.0,0.0,0.0,0.0,0.0,0.0,0.0,0.0,0.0,0.0,0.0,0.0,0.0,0.0,0.0,0.0,0.0,0.0,0.0,0.0,0.0,0.0,0.0,0.0,0.0,0.0,0.0,0.0,0.0,0.0,0.0,0.0,0.0,0.0,0.0,0.0,0.0,0.0,0.0,0.0,0.0,0.0,0.0,0.0,0.0,0.0,0.0,0.0,0.0,0.0,0.0,0.0,0.0,0.0,0.0,0.0,0.0,0.0,0.0,0.0,0.0,0.0,0.0,0.0,0.0,0.0,87329.8203125,49792.234375,0.0,0.0,0.0,0.0,0.0,0.0,0.0,0.0,TX
8150393,TX,4835,0.3373163044452667,4,2.0,280059.66796875,280398.03125,4,0,47685.1875,0.0,235508.578125,0.0,0.0,0.0,0.0,0.0,0.0,0.0,0.0,0.0,0.0,0.0,0.0,0.0,0.0,0.0,0.0,0.0,0.0,0.0,0.0,0.0,-4400.0,0.0,4400.0,0.0,0.0,0.0,0.0,0.0,0.0,0.0,0.0,0.0,-4108.80078125,0.0,4108.796875,0.0,0.0,0.0,0.0,0.0,0.0,0.0,0.0,0.0,-480.0,0.0,480.0,0.0,0.0,0.0,0.0,0.0,0.0,0.0,0.0,0.0,0.0,0.0,0.0,0.0,0.0,0.0,0.0,0.0,0.0,0.0,0.0,0.0,0.0,0.0,0.0,0.0,0.0,0.0,0.0,0.0,0.0,0.0,0.0,0.0,0.0,0.0,0.0,0.0,0.0,0.0,0.0,0.0,38696.38671875,0.0,244497.375,0.0,-8988.80078125,0.0,8988.796875,0.0,-18.85029975241263,0.0,3.8167600631713867,0.0,TX
8150394,TX,4835,76.76493835449219,3,0.0,50817.53515625,50825.80859375,3,0,461.7135772705078,0.0,91590.765625,4609.962890625,40446.3203125,0.0,0.0,45056.283203125,0.0,0.0,0.0,0.0,-461.7135772705078,0.0,461.7109375,0.0,0.0,0.0,0.0,0.0,0.0,0.0,0.0,0.0,0.0,0.0,0.0,0.0,0.0,0.0,0.0,0.0,0.0,0.0,0.0,0.0,0.0,0.0,0.0,0.0,0.0,0.0,0.0,0.0,0.0,0.0,0.0,0.0,0.0,0.0,0.0,0.0,0.0,0.0,0.0,0.0,0.0,0.0,0.0,0.0,0.0,0.0,0.0,0.0,0.0,0.0,0.0,0.0,0.0,0.0,0.0,0.0,0.0,0.0,0.0,0.0,0.0,0.0,0.0,0.0,0.0,0.0,0.0,0.0,0.0,0.0,0.0,0.0,0.0,0.0,0.0,0.0,0.0,0.0,92052.4765625,45056.283203125,-461.7135772705078,0.0,461.7109375,0.0,-100.0,0.0,0.5041020512580872,0.0,TX
8150395,TX,4835,0.2166401594877243,4,2.0,658771.21875,683049.0,4,0,192163.453125,0.0,508027.78125,0.0,0.0,0.0,0.0,0.0,-7021.71875,0.0,7021.71875,0.0,0.0,0.0,0.0,0.0,0.0,0.0,0.0,0.0,0.0,0.0,0.0,0.0,0.0,0.0,0.0,0.0,0.0,0.0,0.0,0.0,0.0,0.0,0.0,0.0,-20308.453125,0.0,20308.4375,0.0,0.0,0.0,0.0,0.0,0.0,0.0,0.0,0.0,-138.140625,0.0,138.1875,0.0,0.0,0.0,0.0,0.0,0.0,0.0,0.0,0.0,0.0,0.0,0.0,0.0,0.0,0.0,0.0,0.0,0.0,0.0,0.0,0.0,0.0,0.0,0.0,0.0,0.0,0.0,0.0,0.0,0.0,0.0,0.0,0.0,0.0,0.0,0.0,0.0,0.0,0.0,0.0,0.0,164695.140625,0.0,535496.125,0.0,-27468.3125,0.0,27468.34375,0.0,-14.29424380822934,0.0,5.406858921051025,0.0,TX
8150396,TX,4835,97.53378295898438,3,1.0,29036.283203125,29037.939453125,1,2,0.0,0.0,43774.25,1460.9622802734375,4137.51025390625,11358.3359375,0.0,16956.808471679688,0.0,0.0,0.0,0.0,0.0,0.0,0.0,0.0,0.0,0.0,0.0,0.0,0.0,0.0,0.0,0.0,0.0,0.0,0.0,0.0,0.0,0.0,0.0,0.0,0.0,0.0,0.0,0.0,0.0,0.0,0.0,0.0,0.0,0.0,0.0,0.0,0.0,0.0,0.0,0.0,0.0,0.0,0.0,0.0,0.0,0.0,0.0,0.0,0.0,0.0,0.0,0.0,0.0,0.0,0.0,0.0,0.0,0.0,0.0,0.0,0.0,0.0,0.0,0.0,0.0,0.0,0.0,0.0,0.0,0.0,0.0,0.0,0.0,0.0,0.0,0.0,0.0,0.0,0.0,0.0,0.0,0.0,0.0,0.0,0.0,0.0,43774.25,16956.808471679688,0.0,0.0,0.0,0.0,0.0,0.0,0.0,0.0,TX
8150397,TX,4835,0.22068814933300018,2,0.0,534446.609375,674254.4375,2,0,125425.4921875,0.0,521169.3125,0.0,0.0,0.0,0.0,0.0,0.0,0.0,0.0,0.0,0.0,0.0,0.0,0.0,0.0,0.0,0.0,0.0,0.0,0.0,0.0,0.0,0.0,0.0,0.0,0.0,0.0,0.0,0.0,0.0,-1400.0,0.0,1400.0,0.0,-26247.2734375,0.0,26247.3125,0.0,0.0,0.0,0.0,0.0,0.0,0.0,0.0,0.0,0.0,0.0,0.0,0.0,-1918.109375,0.0,1918.0625,0.0,0.0,0.0,0.0,0.0,0.0,0.0,0.0,0.0,0.0,0.0,0.0,0.0,0.0,0.0,0.0,0.0,0.0,0.0,0.0,0.0,0.0,0.0,0.0,0.0,0.0,0.0,0.0,0.0,0.0,0.0,0.0,0.0,0.0,0.0,0.0,0.0,95860.109375,0.0,550734.6875,0.0,-29565.3828125,0.0,29565.375,0.0,-23.572068402412462,0.0,5.6728925704956055,0.0,TX
8150398,TX,4835,0.30494633316993713,4,2.0,202966.296875,184220.296875,4,0,17621.458984375,0.0,182531.78125,0.0,0.0,0.0,0.0,0.0,-3016.5751953125,0.0,3016.5625,0.0,0.0,0.0,0.0,0.0,4664.0009765625,0.0,-4664.0,0.0,0.0,0.0,0.0,0.0,-2700.0,0.0,2700.0,0.0,0.0,0.0,0.0,0.0,0.0,0.0,0.0,0.0,0.0,0.0,0.0,0.0,0.0,0.0,0.0,0.0,0.0,0.0,0.0,0.0,0.0,0.0,0.0,0.0,0.0,0.0,0.0,0.0,0.0,0.0,0.0,0.0,0.0,0.0,0.0,0.0,0.0,0.0,0.0,0.0,0.0,0.0,0.0,0.0,0.0,0.0,0.0,0.0,-525.521484375,0.0,525.53125,0.0,0.0,0.0,0.0,0.0,0.0,0.0,0.0,0.0,0.0,0.0,0.0,0.0,16043.36328125,0.0,184109.875,0.0,-1578.095703125,0.0,1578.09375,0.0,-8.955533730347199,0.0,0.8645583987236023,0.0,TX
8150399,TX,4835,0.2352575659751892,1,0.0,98723.3671875,453955.5625,1,0,129112.1640625,0.0,351004.75,0.0,0.0,0.0,0.0,0.0,-1405.4375,0.0,1405.4375,0.0,-560.9375,0.0,560.9375,0.0,0.0,0.0,0.0,0.0,0.0,0.0,0.0,0.0,0.0,0.0,0.0,0.0,0.0,0.0,0.0,0.0,-1400.0,0.0,1400.0,0.0,-2357.390625,0.0,2357.375,0.0,0.0,0.0,0.0,0.0,0.0,0.0,0.0,0.0,0.0,0.0,0.0,0.0,0.0,0.0,0.0,0.0,0.0,0.0,0.0,0.0,0.0,0.0,0.0,0.0,0.0,0.0,0.0,0.0,0.0,0.0,0.0,0.0,0.0,0.0,0.0,0.0,0.0,0.0,0.0,0.0,0.0,0.0,0.0,0.0,0.0,0.0,0.0,0.0,0.0,0.0,0.0,0.0,123388.3984375,0.0,356728.5,0.0,-5723.765625,0.0,5723.75,0.0,-4.433173021737337,0.0,1.630676031112671,0.0,TX
8150400,TX,4835,0.10690576583147049,1,0.0,63453.3828125,146351.4375,1,0,28050.90234375,0.0,124889.3828125,0.0,0.0,0.0,0.0,0.0,-3592.556640625,0.0,3592.5546875,0.0,-1872.0,0.0,1872.0,0.0,1272.0,0.0,-1272.0,0.0,0.0,0.0,0.0,0.0,0.0,0.0,0.0,0.0,0.0,0.0,0.0,0.0,0.0,0.0,0.0,0.0,0.0,0.0,0.0,0.0,0.0,0.0,0.0,0.0,0.0,0.0,0.0,0.0,0.0,0.0,0.0,0.0,0.0,0.0,0.0,0.0,0.0,0.0,0.0,0.0,0.0,0.0,0.0,0.0,0.0,0.0,0.0,0.0,0.0,0.0,0.0,0.0,0.0,0.0,0.0,0.0,0.0,0.0,0.0,0.0,0.0,0.0,0.0,0.0,0.0,0.0,0.0,0.0,0.0,0.0,0.0,0.0,23858.345703125,0.0,129081.9375,0.0,-4192.556640625,0.0,4192.5546875,0.0,-14.946245184013272,0.0,3.3570144176483154,0.0,TX
8150401,TX,4835,0.32318198680877686,4,2.0,126071.1640625,126071.1640625,4,0,11875.6748046875,0.0,106239.53125,0.0,0.0,0.0,0.0,0.0,-1929.134765625,0.0,1929.1328125,0.0,-1872.0,0.0,1872.0,0.0,2544.0,0.0,-2544.0,0.0,0.0,0.0,0.0,0.0,-2550.0,0.0,2550.0,0.0,0.0,0.0,0.0,0.0,0.0,0.0,0.0,0.0,0.0,0.0,0.0,0.0,0.0,0.0,0.0,0.0,0.0,0.0,0.0,0.0,0.0,0.0,0.0,0.0,0.0,0.0,0.0,0.0,0.0,0.0,0.0,0.0,0.0,0.0,0.0,0.0,0.0,0.0,0.0,0.0,0.0,0.0,0.0,0.0,0.0,0.0,0.0,0.0,-190.5107421875,0.0,190.5078125,0.0,0.0,0.0,0.0,0.0,0.0,0.0,0.0,0.0,0.0,0.0,0.0,0.0,7878.029296875,0.0,110237.171875,0.0,-3997.6455078125,0.0,3997.640625,0.0,-33.662470331661254,0.0,3.7628560066223145,0.0,TX
8150402,TX,4835,11.489546775817871,1,0.0,10235.0908203125,10235.0908203125,1,0,0.0,0.0,9902.3681640625,0.0,0.0,0.0,0.0,0.0,0.0,0.0,0.0,0.0,0.0,0.0,0.0,0.0,0.0,0.0,0.0,0.0,0.0,0.0,0.0,0.0,0.0,0.0,0.0,0.0,0.0,0.0,0.0,0.0,0.0,0.0,0.0,0.0,0.0,0.0,0.0,0.0,0.0,0.0,0.0,0.0,0.0,0.0,0.0,0.0,0.0,0.0,0.0,0.0,0.0,0.0,0.0,0.0,0.0,0.0,0.0,0.0,0.0,0.0,0.0,0.0,0.0,0.0,0.0,0.0,0.0,0.0,0.0,0.0,0.0,0.0,0.0,0.0,0.0,0.0,0.0,0.0,0.0,0.0,0.0,0.0,0.0,0.0,0.0,0.0,0.0,0.0,0.0,0.0,0.0,0.0,9902.3681640625,0.0,0.0,0.0,0.0,0.0,0.0,0.0,0.0,0.0,TX
8150403,TX,4835,3.678659677505493,5,3.0,235939.49609375,1406106.125,5,0,419678.84375,0.0,1001721.125,0.0,0.0,0.0,0.0,0.0,-29078.125,0.0,29078.125,0.0,-5772.0,0.0,5772.0,0.0,0.0,0.0,0.0,0.0,0.0,0.0,0.0,0.0,0.0,0.0,0.0,0.0,0.0,0.0,0.0,0.0,0.0,0.0,0.0,0.0,0.0,0.0,0.0,0.0,0.0,0.0,0.0,0.0,0.0,0.0,0.0,0.0,0.0,0.0,0.0,0.0,0.0,0.0,0.0,0.0,0.0,0.0,0.0,0.0,0.0,0.0,0.0,0.0,0.0,0.0,0.0,0.0,0.0,0.0,0.0,0.0,0.0,0.0,0.0,0.0,0.0,0.0,0.0,0.0,0.0,0.0,0.0,0.0,0.0,0.0,0.0,0.0,0.0,0.0,0.0,0.0,384828.71875,0.0,1036571.25,0.0,-34850.125,0.0,34850.125,0.0,-8.303998526254041,0.0,3.479024887084961,0.0,TX
8150404,TX,4835,13.201444625854492,1,0.0,0.0,12.409052848815918,1,0,0.0,0.0,18.248607635498047,0.0,0.0,0.0,0.0,0.0,0.0,0.0,0.0,0.0,0.0,0.0,0.0,0.0,0.0,0.0,0.0,0.0,0.0,0.0,0.0,0.0,0.0,0.0,0.0,0.0,0.0,0.0,0.0,0.0,0.0,0.0,0.0,0.0,0.0,0.0,0.0,0.0,0.0,0.0,0.0,0.0,0.0,0.0,0.0,0.0,0.0,0.0,0.0,0.0,0.0,0.0,0.0,0.0,0.0,0.0,0.0,0.0,0.0,0.0,0.0,0.0,0.0,0.0,0.0,0.0,0.0,0.0,0.0,0.0,0.0,0.0,0.0,0.0,0.0,0.0,0.0,0.0,0.0,0.0,0.0,0.0,0.0,0.0,0.0,0.0,0.0,0.0,0.0,0.0,0.0,0.0,18.248607635498047,0.0,0.0,0.0,0.0,0.0,0.0,0.0,0.0,0.0,TX
8150405,TX,4835,58.67728042602539,1,0.0,11418.0205078125,11418.0205078125,1,0,0.0,0.0,13499.5361328125,1829.3399658203125,0.0,0.0,0.0,1829.3399658203125,0.0,0.0,0.0,0.0,0.0,0.0,0.0,0.0,0.0,0.0,0.0,0.0,0.0,0.0,0.0,0.0,0.0,0.0,0.0,0.0,0.0,0.0,0.0,0.0,0.0,0.0,0.0,0.0,0.0,0.0,0.0,0.0,0.0,0.0,0.0,0.0,0.0,0.0,0.0,0.0,0.0,0.0,0.0,0.0,0.0,0.0,0.0,0.0,0.0,0.0,0.0,0.0,0.0,0.0,0.0,0.0,0.0,0.0,0.0,0.0,0.0,0.0,0.0,0.0,0.0,0.0,0.0,0.0,0.0,0.0,0.0,0.0,0.0,0.0,0.0,0.0,0.0,0.0,0.0,0.0,0.0,0.0,0.0,0.0,0.0,0.0,13499.5361328125,1829.3399658203125,0.0,0.0,0.0,0.0,0.0,0.0,0.0,0.0,TX
8150406,TX,4835,158.11463928222656,2,0.0,0.0,166.28131073713303,2,0,0.0,0.0,100226.78125,50007.3359375,0.0,0.0,0.0,50007.3359375,0.0,0.0,0.0,0.0,0.0,0.0,0.0,0.0,0.0,0.0,0.0,0.0,0.0,0.0,0.0,0.0,0.0,0.0,0.0,0.0,0.0,0.0,0.0,0.0,0.0,0.0,0.0,0.0,0.0,0.0,0.0,0.0,0.0,0.0,0.0,0.0,0.0,0.0,0.0,0.0,0.0,0.0,0.0,0.0,0.0,0.0,0.0,0.0,0.0,0.0,0.0,0.0,0.0,0.0,0.0,0.0,0.0,0.0,0.0,0.0,0.0,0.0,0.0,0.0,0.0,0.0,0.0,0.0,0.0,0.0,0.0,0.0,0.0,0.0,0.0,0.0,0.0,0.0,0.0,0.0,0.0,0.0,0.0,0.0,0.0,0.0,100226.78125,50007.3359375,0.0,0.0,0.0,0.0,0.0,0.0,0.0,0.0,TX
8150407,TX,4835,0.11608501523733139,2,0.0,464017.71875,476115.5625,2,0,128509.375,0.0,328936.375,0.0,0.0,0.0,0.0,0.0,0.0,0.0,0.0,0.0,0.0,0.0,0.0,0.0,0.0,0.0,0.0,0.0,0.0,0.0,0.0,0.0,0.0,0.0,0.0,0.0,0.0,0.0,0.0,0.0,0.0,0.0,0.0,0.0,-33467.3828125,0.0,33467.40625,0.0,0.0,0.0,0.0,0.0,0.0,0.0,0.0,0.0,-227.90625,0.0,227.90625,0.0,0.0,0.0,0.0,0.0,0.0,0.0,0.0,0.0,0.0,0.0,0.0,0.0,0.0,0.0,0.0,0.0,0.0,0.0,0.0,0.0,0.0,0.0,0.0,0.0,0.0,0.0,0.0,0.0,0.0,0.0,0.0,0.0,0.0,0.0,0.0,0.0,0.0,0.0,0.0,0.0,94814.0859375,0.0,362631.6875,0.0,-33695.2890625,0.0,33695.3125,0.0,-26.22010188945359,0.0,10.243717193603516,0.0,TX
8150408,TX,4835,0.7347666025161743,1,0.0,0.0,72837.453125,1,0,322.61407470703125,0.0,89975.8828125,0.0,0.0,0.0,0.0,0.0,0.0,0.0,0.0,0.0,0.0,0.0,0.0,0.0,530.0,0.0,-530.0,0.0,0.0,0.0,0.0,0.0,0.0,0.0,0.0,0.0,0.0,0.0,0.0,0.0,0.0,0.0,0.0,0.0,0.0,0.0,0.0,0.0,0.0,0.0,0.0,0.0,0.0,0.0,0.0,0.0,0.0,0.0,0.0,0.0,0.0,0.0,0.0,0.0,0.0,0.0,0.0,0.0,2599.3070678710938,0.0,-2599.3046875,0.0,0.0,0.0,0.0,0.0,0.0,0.0,0.0,0.0,-720.0,0.0,720.0,0.0,0.0,0.0,0.0,0.0,0.0,0.0,0.0,0.0,0.0,0.0,0.0,0.0,0.0,0.0,0.0,0.0,2731.921142578125,0.0,87566.578125,0.0,2409.3070678710938,0.0,-2409.3046875,0.0,746.8077981591496,0.0,-2.677722930908203,0.0,TX
8150409,TX,4835,227.93698120117188,1,0.0,0.0,165.45404052734375,1,0,0.0,0.0,24062.515625,3596.039794921875,20223.16015625,0.0,0.0,23819.199951171875,0.0,0.0,0.0,0.0,0.0,0.0,0.0,0.0,0.0,0.0,0.0,0.0,0.0,0.0,0.0,0.0,0.0,0.0,0.0,0.0,0.0,0.0,0.0,0.0,0.0,0.0,0.0,0.0,0.0,0.0,0.0,0.0,0.0,0.0,0.0,0.0,0.0,0.0,0.0,0.0,0.0,0.0,0.0,0.0,0.0,0.0,0.0,0.0,0.0,0.0,0.0,0.0,0.0,0.0,0.0,0.0,0.0,0.0,0.0,0.0,0.0,0.0,0.0,0.0,0.0,0.0,0.0,0.0,0.0,0.0,0.0,0.0,0.0,0.0,0.0,0.0,0.0,0.0,0.0,0.0,0.0,0.0,0.0,0.0,0.0,0.0,24062.515625,23819.199951171875,0.0,0.0,0.0,0.0,0.0,0.0,0.0,0.0,TX
8150410,TX,4835,40.163272857666016,2,0.0,0.0,0.0,2,0,0.0,0.0,43254.234375,22536.625,0.0,0.0,0.0,22536.625,0.0,0.0,0.0,0.0,0.0,0.0,0.0,0.0,0.0,0.0,0.0,0.0,0.0,0.0,0.0,0.0,0.0,0.0,0.0,0.0,0.0,0.0,0.0,0.0,0.0,0.0,0.0,0.0,0.0,0.0,0.0,0.0,0.0,0.0,0.0,0.0,0.0,0.0,0.0,0.0,0.0,0.0,0.0,0.0,0.0,0.0,0.0,0.0,0.0,0.0,0.0,0.0,0.0,0.0,0.0,0.0,0.0,0.0,0.0,0.0,0.0,0.0,0.0,0.0,0.0,0.0,0.0,0.0,0.0,0.0,0.0,0.0,0.0,0.0,0.0,0.0,0.0,0.0,0.0,0.0,0.0,0.0,0.0,0.0,0.0,0.0,43254.234375,22536.625,0.0,0.0,0.0,0.0,0.0,0.0,0.0,0.0,TX
8150411,TX,4835,0.21216227114200592,5,3.0,35181.60546875,36388.4765625,5,0,-3000.0,0.0,55642.796875,3782.0,12412.53076171875,0.0,0.0,16194.53076171875,0.0,0.0,0.0,0.0,0.0,0.0,0.0,0.0,418.84765625,0.0,-418.84765625,0.0,0.0,0.0,0.0,0.0,-2518.84765625,0.0,2518.84765625,0.0,0.0,0.0,0.0,0.0,0.0,0.0,0.0,0.0,0.0,0.0,0.0,0.0,0.0,0.0,0.0,0.0,0.0,0.0,0.0,0.0,0.0,0.0,0.0,0.0,0.0,0.0,0.0,0.0,0.0,0.0,0.0,0.0,0.0,0.0,0.0,0.0,0.0,0.0,0.0,0.0,0.0,0.0,0.0,0.0,0.0,0.0,0.0,0.0,0.0,0.0,0.0,0.0,0.0,0.0,0.0,0.0,0.0,0.0,0.0,0.0,0.0,0.0,0.0,0.0,-5100.0,0.0,57742.796875,16194.53076171875,-2100.0,0.0,2100.0,0.0,-70.0,0.0,3.774073362350464,0.0,TX
8150412,TX,4835,0.4219687283039093,1,0.0,0.0,0.0,1,0,0.0,0.0,69708.296875,34854.1484375,0.0,0.0,0.0,34854.1484375,0.0,0.0,0.0,0.0,0.0,0.0,0.0,0.0,0.0,0.0,0.0,0.0,0.0,0.0,0.0,0.0,0.0,0.0,0.0,0.0,0.0,0.0,0.0,0.0,0.0,0.0,0.0,0.0,0.0,0.0,0.0,0.0,0.0,0.0,0.0,0.0,0.0,0.0,0.0,0.0,0.0,0.0,0.0,0.0,0.0,0.0,0.0,0.0,0.0,0.0,0.0,0.0,0.0,0.0,0.0,0.0,0.0,0.0,0.0,0.0,0.0,0.0,0.0,0.0,0.0,0.0,0.0,0.0,0.0,0.0,0.0,0.0,0.0,0.0,0.0,0.0,0.0,0.0,0.0,0.0,0.0,0.0,0.0,0.0,0.0,0.0,69708.296875,34854.1484375,0.0,0.0,0.0,0.0,0.0,0.0,0.0,0.0,TX
8150413,TX,4835,200.14390563964844,2,0.0,0.0,1.2040952444076538,2,0,0.0,0.0,124960.4140625,62780.62890625,0.0,0.0,0.0,62780.62890625,0.0,0.0,0.0,0.0,0.0,0.0,0.0,0.0,0.0,0.0,0.0,0.0,0.0,0.0,0.0,0.0,0.0,0.0,0.0,0.0,0.0,0.0,0.0,0.0,0.0,0.0,0.0,0.0,0.0,0.0,0.0,0.0,0.0,0.0,0.0,0.0,0.0,0.0,0.0,0.0,0.0,0.0,0.0,0.0,0.0,0.0,0.0,0.0,0.0,0.0,0.0,0.0,0.0,0.0,0.0,0.0,0.0,0.0,0.0,0.0,0.0,0.0,0.0,0.0,0.0,0.0,0.0,0.0,0.0,0.0,0.0,0.0,0.0,0.0,0.0,0.0,0.0,0.0,0.0,0.0,0.0,0.0,0.0,0.0,0.0,0.0,124960.4140625,62780.62890625,0.0,0.0,0.0,0.0,0.0,0.0,0.0,0.0,TX
8150414,TX,4835,0.23397274315357208,4,2.0,40650.796875,40650.796875,4,0,-923.0152587890625,0.0,50394.46875,2651.037841796875,4137.51025390625,3450.314697265625,1691.58251953125,11930.4453125,-23.52392578125,0.0,23.5234375,0.0,-1206.5159912109375,0.0,1206.51953125,0.0,1060.0001220703125,0.0,-1060.00390625,0.0,0.0,0.0,0.0,0.0,-1200.0001220703125,0.0,1200.00390625,0.0,0.0,0.0,0.0,0.0,-28.723388671875,0.0,28.72265625,0.0,0.0,0.0,0.0,0.0,0.0,0.0,0.0,0.0,0.0,0.0,0.0,0.0,0.0,0.0,0.0,0.0,0.0,0.0,0.0,0.0,0.0,0.0,0.0,0.0,0.0,0.0,0.0,0.0,0.0,0.0,0.0,0.0,0.0,0.0,0.0,0.0,0.0,0.0,0.0,0.0,0.0,0.0,0.0,0.0,0.0,0.0,0.0,0.0,0.0,0.0,0.0,0.0,0.0,0.0,0.0,0.0,-2321.778564453125,0.0,51793.234375,11930.4453125,-1398.7633056640625,0.0,1398.765625,0.0,-151.54281495835195,0.0,2.7756330966949463,0.0,TX
8150415,TX,4835,825.6578369140625,3,1.0,0.0,0.0,3,0,0.0,0.0,21381.958984375,11425.8828125,9956.07568359375,0.0,0.0,21381.95849609375,0.0,0.0,0.0,0.0,0.0,0.0,0.0,0.0,0.0,0.0,0.0,0.0,0.0,0.0,0.0,0.0,0.0,0.0,0.0,0.0,0.0,0.0,0.0,0.0,0.0,0.0,0.0,0.0,0.0,0.0,0.0,0.0,0.0,0.0,0.0,0.0,0.0,0.0,0.0,0.0,0.0,0.0,0.0,0.0,0.0,0.0,0.0,0.0,0.0,0.0,0.0,0.0,0.0,0.0,0.0,0.0,0.0,0.0,0.0,0.0,0.0,0.0,0.0,0.0,0.0,0.0,0.0,0.0,0.0,0.0,0.0,0.0,0.0,0.0,0.0,0.0,0.0,0.0,0.0,0.0,0.0,0.0,0.0,0.0,0.0,0.0,21381.958984375,21381.95849609375,0.0,0.0,0.0,0.0,0.0,0.0,0.0,0.0,TX
8150416,TX,4835,1187.56298828125,4,2.0,24949.8828125,25151.259841918945,4,0,1116.1470947265625,0.0,90250.484375,31376.388671875,28498.1806640625,7240.51416015625,0.0,67115.08349609375,0.0,0.0,0.0,0.0,-780.0001220703125,0.0,780.0,0.0,530.0,0.0,-530.0,0.0,0.0,0.0,0.0,0.0,0.0,0.0,0.0,0.0,0.0,0.0,0.0,0.0,0.0,0.0,0.0,0.0,0.0,0.0,0.0,0.0,0.0,0.0,0.0,0.0,0.0,0.0,0.0,0.0,-37.9681396484375,0.0,37.96875,0.0,0.0,0.0,0.0,0.0,0.0,0.0,0.0,0.0,0.0,0.0,0.0,0.0,0.0,0.0,0.0,0.0,0.0,0.0,0.0,0.0,0.0,0.0,0.0,0.0,-51.23321533203125,0.0,51.234375,0.0,0.0,0.0,0.0,0.0,0.0,0.0,0.0,0.0,0.0,0.0,0.0,0.0,776.9456176757812,0.0,90589.6875,67115.08349609375,-339.20147705078125,0.0,339.203125,0.0,-30.3903919701444,0.0,0.37584632635116577,0.0,TX
8150417,TX,4835,0.15820308029651642,2,0.0,157484.73046875,159601.75,2,0,22004.75390625,0.0,160483.15625,0.0,0.0,0.0,0.0,0.0,-3466.84765625,0.0,3466.859375,0.0,-3431.998046875,0.0,3432.0,0.0,2332.0,0.0,-2332.0,0.0,0.0,0.0,0.0,0.0,0.0,0.0,0.0,0.0,0.0,0.0,0.0,0.0,0.0,0.0,0.0,0.0,0.0,0.0,0.0,0.0,0.0,0.0,0.0,0.0,0.0,0.0,0.0,0.0,0.0,0.0,0.0,0.0,0.0,0.0,0.0,0.0,0.0,0.0,0.0,0.0,0.0,0.0,0.0,0.0,0.0,0.0,0.0,0.0,0.0,0.0,0.0,0.0,0.0,0.0,0.0,0.0,0.0,0.0,0.0,0.0,0.0,0.0,0.0,0.0,0.0,0.0,0.0,0.0,0.0,0.0,0.0,0.0,17437.908203125,0.0,165050.015625,0.0,-4566.845703125,0.0,4566.859375,0.0,-20.753904917918128,0.0,2.845693826675415,0.0,TX
8150418,TX,4835,0.13678500056266785,1,0.0,195758.25,195758.25,1,0,41884.80859375,0.0,141191.4375,0.0,0.0,0.0,0.0,0.0,-4292.08984375,0.0,4292.09375,0.0,0.0,0.0,0.0,0.0,0.0,0.0,0.0,0.0,0.0,0.0,0.0,0.0,0.0,0.0,0.0,0.0,0.0,0.0,0.0,0.0,0.0,0.0,0.0,0.0,-1876.73828125,0.0,1876.71875,0.0,0.0,0.0,0.0,0.0,0.0,0.0,0.0,0.0,0.0,0.0,0.0,0.0,0.0,0.0,0.0,0.0,0.0,0.0,0.0,0.0,0.0,0.0,0.0,0.0,0.0,0.0,0.0,0.0,0.0,0.0,0.0,0.0,0.0,0.0,0.0,0.0,0.0,0.0,0.0,0.0,0.0,0.0,0.0,0.0,0.0,0.0,0.0,0.0,0.0,0.0,0.0,0.0,35715.98046875,0.0,147360.25,0.0,-6168.828125,0.0,6168.8125,0.0,-14.728080017824183,0.0,4.369112491607666,0.0,TX
8150419,TX,4835,148.89732360839844,2,0.0,0.0,0.0,2,0,0.0,0.0,53325.75,19586.248046875,0.0,14153.25390625,0.0,33739.501953125,0.0,0.0,0.0,0.0,0.0,0.0,0.0,0.0,0.0,0.0,0.0,0.0,0.0,0.0,0.0,0.0,0.0,0.0,0.0,0.0,0.0,0.0,0.0,0.0,0.0,0.0,0.0,0.0,0.0,0.0,0.0,0.0,0.0,0.0,0.0,0.0,0.0,0.0,0.0,0.0,0.0,0.0,0.0,0.0,0.0,0.0,0.0,0.0,0.0,0.0,0.0,0.0,0.0,0.0,0.0,0.0,0.0,0.0,0.0,0.0,0.0,0.0,0.0,0.0,0.0,0.0,0.0,0.0,0.0,0.0,0.0,0.0,0.0,0.0,0.0,0.0,0.0,0.0,0.0,0.0,0.0,0.0,0.0,0.0,0.0,0.0,53325.75,33739.501953125,0.0,0.0,0.0,0.0,0.0,0.0,0.0,0.0,TX
8150420,TX,4835,0.12981697916984558,5,2.0,224567.03515625,268543.37109375,5,0,39530.64416503906,0.0,250078.640625,0.0,0.0,0.0,0.0,0.0,-5457.578125,0.0,5457.578125,0.0,-765.5386962890625,0.0,765.53125,0.0,5346.5894775390625,0.0,-5346.59375,0.0,0.0,0.0,0.0,0.0,-2700.0,0.0,2700.0,0.0,0.0,0.0,0.0,0.0,-2250.17578125,0.0,2250.1875,0.0,-1322.421875,0.0,1322.421875,0.0,0.0,0.0,0.0,0.0,0.0,0.0,0.0,0.0,-440.0,0.0,440.0,0.0,0.0,0.0,0.0,0.0,0.0,0.0,0.0,0.0,0.0,0.0,0.0,0.0,0.0,0.0,0.0,0.0,0.0,0.0,0.0,0.0,0.0,0.0,0.0,0.0,-40.986541748046875,0.0,40.984375,0.0,0.0,0.0,0.0,0.0,0.0,0.0,0.0,0.0,0.0,0.0,0.0,0.0,31900.532623291016,0.0,257708.75,0.0,-7630.111541748047,0.0,7630.109375,0.0,-19.301763740283604,0.0,3.05108380317688,0.0,TX
8150421,TX,4835,85.66475677490234,1,0.0,0.0,0.0,1,0,0.0,0.0,52082.12109375,26289.74609375,0.0,0.0,0.0,26289.74609375,0.0,0.0,0.0,0.0,0.0,0.0,0.0,0.0,0.0,0.0,0.0,0.0,0.0,0.0,0.0,0.0,0.0,0.0,0.0,0.0,0.0,0.0,0.0,0.0,0.0,0.0,0.0,0.0,0.0,0.0,0.0,0.0,0.0,0.0,0.0,0.0,0.0,0.0,0.0,0.0,0.0,0.0,0.0,0.0,0.0,0.0,0.0,0.0,0.0,0.0,0.0,0.0,0.0,0.0,0.0,0.0,0.0,0.0,0.0,0.0,0.0,0.0,0.0,0.0,0.0,0.0,0.0,0.0,0.0,0.0,0.0,0.0,0.0,0.0,0.0,0.0,0.0,0.0,0.0,0.0,0.0,0.0,0.0,0.0,0.0,0.0,52082.12109375,26289.74609375,0.0,0.0,0.0,0.0,0.0,0.0,0.0,0.0,TX
8150422,TX,4835,0.15394136309623718,2,0.0,0.0,14208.806640625,0,2,51.827735900878906,0.0,72755.703125,32752.751953125,0.0,10148.087890625,0.0,42900.83984375,0.0,0.0,0.0,0.0,-51.827735900878906,0.0,51.828125,0.0,0.0,0.0,0.0,0.0,0.0,0.0,0.0,0.0,0.0,0.0,0.0,0.0,0.0,0.0,0.0,0.0,0.0,0.0,0.0,0.0,0.0,0.0,0.0,0.0,0.0,0.0,0.0,0.0,0.0,0.0,0.0,0.0,0.0,0.0,0.0,0.0,0.0,0.0,0.0,0.0,0.0,0.0,0.0,0.0,0.0,0.0,0.0,0.0,0.0,0.0,0.0,0.0,0.0,0.0,0.0,0.0,0.0,0.0,0.0,0.0,0.0,0.0,0.0,0.0,0.0,0.0,0.0,0.0,0.0,0.0,0.0,0.0,0.0,0.0,0.0,0.0,0.0,0.0,72807.53125,42900.83984375,-51.827735900878906,0.0,51.828125,0.0,-100.0,0.0,0.07123582065105438,0.0,TX
8150423,TX,4835,342.4610595703125,1,0.0,8130.1591796875,8130.986328125,1,0,0.0,0.0,39729.75,11997.169921875,20223.16015625,0.0,0.0,32220.330078125,0.0,0.0,0.0,0.0,0.0,0.0,0.0,0.0,0.0,0.0,0.0,0.0,0.0,0.0,0.0,0.0,0.0,0.0,0.0,0.0,0.0,0.0,0.0,0.0,0.0,0.0,0.0,0.0,0.0,0.0,0.0,0.0,0.0,0.0,0.0,0.0,0.0,0.0,0.0,0.0,0.0,0.0,0.0,0.0,0.0,0.0,0.0,0.0,0.0,0.0,0.0,0.0,0.0,0.0,0.0,0.0,0.0,0.0,0.0,0.0,0.0,0.0,0.0,0.0,0.0,0.0,0.0,0.0,0.0,0.0,0.0,0.0,0.0,0.0,0.0,0.0,0.0,0.0,0.0,0.0,0.0,0.0,0.0,0.0,0.0,0.0,39729.75,32220.330078125,0.0,0.0,0.0,0.0,0.0,0.0,0.0,0.0,TX
8150424,TX,4835,0.23590849339962006,4,2.0,52544.05859375,72113.59375,2,2,1317.435302734375,0.0,85571.5703125,0.0,0.0,18212.234375,0.0,18212.234375,-227.487060546875,0.0,227.484375,0.0,-1418.5888671875,0.0,1418.5859375,0.0,2422.27197265625,0.0,-2422.265625,0.0,2000.0,0.0,-2000.0,0.0,0.0,0.0,0.0,0.0,0.0,0.0,0.0,0.0,-600.0,0.0,600.0,0.0,0.0,0.0,0.0,0.0,0.0,0.0,0.0,0.0,0.0,0.0,0.0,0.0,-240.0,0.0,240.0,0.0,0.0,0.0,0.0,0.0,0.0,0.0,0.0,0.0,0.0,0.0,0.0,0.0,0.0,0.0,0.0,0.0,0.0,0.0,0.0,0.0,0.0,0.0,0.0,0.0,0.0,0.0,0.0,0.0,0.0,0.0,0.0,0.0,0.0,0.0,0.0,0.0,0.0,0.0,0.0,0.0,3253.63134765625,0.0,83635.375,18212.234375,1936.196044921875,0.0,-1936.1953125,0.0,146.96706858418352,0.0,-2.262661933898926,0.0,TX
8150425,TX,4835,0.1819009631872177,1,0.0,56384.0859375,56384.0859375,1,0,5810.11279296875,0.0,47949.0703125,0.0,0.0,0.0,0.0,0.0,-924.0224609375,0.0,924.0234375,0.0,-936.0,0.0,936.0,0.0,636.0,0.0,-636.0,0.0,0.0,0.0,0.0,0.0,0.0,0.0,0.0,0.0,0.0,0.0,0.0,0.0,0.0,0.0,0.0,0.0,0.0,0.0,0.0,0.0,0.0,0.0,0.0,0.0,0.0,0.0,0.0,0.0,0.0,0.0,0.0,0.0,0.0,0.0,0.0,0.0,0.0,0.0,0.0,0.0,0.0,0.0,0.0,0.0,0.0,0.0,0.0,0.0,0.0,0.0,0.0,0.0,0.0,0.0,0.0,0.0,0.0,0.0,0.0,0.0,0.0,0.0,0.0,0.0,0.0,0.0,0.0,0.0,0.0,0.0,0.0,0.0,4586.09033203125,0.0,49173.09375,0.0,-1224.0224609375,0.0,1224.0234375,0.0,-21.067103248301493,0.0,2.552757501602173,0.0,TX
8150426,TX,4835,0.2138940989971161,4,2.0,51859.6640625,56048.1319577098,4,0,5759.595703125,0.0,106145.5078125,43365.26953125,8275.0205078125,0.0,0.0,51640.2900390625,-913.9189453125,0.0,913.921875,0.0,-936.000244140625,0.0,936.0,0.0,636.000244140625,0.0,-636.0,0.0,0.0,0.0,0.0,0.0,0.0,0.0,0.0,0.0,0.0,0.0,0.0,0.0,0.0,0.0,0.0,0.0,0.0,0.0,0.0,0.0,0.0,0.0,0.0,0.0,0.0,0.0,0.0,0.0,0.0,0.0,0.0,0.0,0.0,0.0,0.0,0.0,0.0,0.0,0.0,0.0,0.0,0.0,0.0,0.0,0.0,0.0,0.0,0.0,0.0,0.0,0.0,0.0,0.0,0.0,0.0,0.0,-59.8916015625,0.0,59.890625,0.0,0.0,0.0,0.0,0.0,0.0,0.0,0.0,0.0,0.0,0.0,0.0,0.0,4485.78515625,0.0,107419.3203125,51640.2900390625,-1273.810546875,0.0,1273.8125,0.0,-22.116318792721252,0.0,1.20006263256073,0.0,TX
8150427,TX,4835,0.1970917284488678,2,0.0,0.0,32841.23828125,2,0,0.0,0.0,45595.7734375,10076.5302734375,0.0,0.0,0.0,10076.5302734375,0.0,0.0,0.0,0.0,0.0,0.0,0.0,0.0,0.0,0.0,0.0,0.0,0.0,0.0,0.0,0.0,0.0,0.0,0.0,0.0,0.0,0.0,0.0,0.0,0.0,0.0,0.0,0.0,0.0,0.0,0.0,0.0,0.0,0.0,0.0,0.0,0.0,0.0,0.0,0.0,0.0,0.0,0.0,0.0,0.0,0.0,0.0,0.0,0.0,0.0,0.0,0.0,0.0,0.0,0.0,0.0,0.0,0.0,0.0,0.0,0.0,0.0,0.0,0.0,0.0,0.0,0.0,0.0,0.0,0.0,0.0,0.0,0.0,0.0,0.0,0.0,0.0,0.0,0.0,0.0,0.0,0.0,0.0,0.0,0.0,0.0,45595.7734375,10076.5302734375,0.0,0.0,0.0,0.0,0.0,0.0,0.0,0.0,TX
8150428,TX,4835,84.93911743164062,1,0.0,0.0,16.5454044342041,1,0,0.0,0.0,24175.7109375,3927.129638671875,20223.16015625,0.0,0.0,24150.289794921875,0.0,0.0,0.0,0.0,0.0,0.0,0.0,0.0,0.0,0.0,0.0,0.0,0.0,0.0,0.0,0.0,0.0,0.0,0.0,0.0,0.0,0.0,0.0,0.0,0.0,0.0,0.0,0.0,0.0,0.0,0.0,0.0,0.0,0.0,0.0,0.0,0.0,0.0,0.0,0.0,0.0,0.0,0.0,0.0,0.0,0.0,0.0,0.0,0.0,0.0,0.0,0.0,0.0,0.0,0.0,0.0,0.0,0.0,0.0,0.0,0.0,0.0,0.0,0.0,0.0,0.0,0.0,0.0,0.0,0.0,0.0,0.0,0.0,0.0,0.0,0.0,0.0,0.0,0.0,0.0,0.0,0.0,0.0,0.0,0.0,0.0,24175.7109375,24150.289794921875,0.0,0.0,0.0,0.0,0.0,0.0,0.0,0.0,TX
8150429,TX,4835,0.4503435790538788,3,1.0,610592.7954101562,708786.0625,3,0,202523.015625,0.0,557218.875,0.0,0.0,0.0,0.0,0.0,-8032.734375,0.0,8032.75,0.0,0.0,0.0,0.0,0.0,0.0,0.0,0.0,0.0,0.0,0.0,0.0,0.0,0.0,0.0,0.0,0.0,0.0,0.0,0.0,0.0,-1400.0,0.0,1400.0,0.0,-19984.609375,0.0,19984.5625,0.0,0.0,0.0,0.0,0.0,0.0,0.0,0.0,0.0,-700.0,0.0,700.0,0.0,0.0,0.0,0.0,0.0,0.0,0.0,0.0,0.0,0.0,0.0,0.0,0.0,0.0,0.0,0.0,0.0,0.0,0.0,0.0,0.0,0.0,0.0,0.0,0.0,0.0,0.0,0.0,0.0,0.0,0.0,0.0,0.0,0.0,0.0,0.0,0.0,0.0,0.0,0.0,0.0,172405.671875,0.0,587336.1875,0.0,-30117.34375,0.0,30117.3125,0.0,-14.871072138174418,0.0,5.404933929443359,0.0,TX
8150430,TX,4835,0.35313114523887634,3,1.0,60611.146484375,60626.0390625,3,0,2003.90576171875,0.0,56099.609375,0.0,0.0,0.0,0.0,0.0,-124.781005859375,0.0,124.78125,0.0,-1626.5208740234375,0.0,1626.5234375,0.0,1662.5208740234375,0.0,-1662.5234375,0.0,0.0,0.0,0.0,0.0,-1200.0,0.0,1200.0,0.0,0.0,0.0,0.0,0.0,0.0,0.0,0.0,0.0,0.0,0.0,0.0,0.0,0.0,0.0,0.0,0.0,0.0,0.0,0.0,0.0,0.0,0.0,0.0,0.0,0.0,0.0,0.0,0.0,0.0,0.0,0.0,0.0,0.0,0.0,0.0,0.0,0.0,0.0,0.0,0.0,-431.831298828125,0.0,431.83203125,0.0,0.0,0.0,0.0,0.0,-275.8466796875,0.0,275.84765625,0.0,0.0,0.0,0.0,0.0,0.0,0.0,0.0,0.0,0.0,0.0,0.0,0.0,7.44677734375,0.0,58096.0703125,0.0,-1996.458984375,0.0,1996.4609375,0.0,-99.62838684902214,0.0,3.558778762817383,0.0,TX
8150431,TX,4835,0.3057640790939331,2,0.0,149146.556640625,303997.65625,2,0,62868.5234375,0.0,274553.9375,4381.56494140625,0.0,0.0,0.0,4381.56494140625,-666.8515625,0.0,666.875,0.0,0.0,0.0,0.0,0.0,0.0,0.0,0.0,0.0,0.0,0.0,0.0,0.0,0.0,0.0,0.0,0.0,0.0,0.0,0.0,0.0,-10800.73046875,0.0,10800.71875,0.0,-7153.7734375,0.0,7153.78125,0.0,0.0,0.0,0.0,0.0,0.0,0.0,0.0,0.0,0.0,0.0,0.0,0.0,0.0,0.0,0.0,0.0,0.0,0.0,0.0,0.0,0.0,0.0,0.0,0.0,-5606.41015625,0.0,5606.40625,0.0,0.0,0.0,0.0,0.0,-607.23046875,0.0,607.21875,0.0,0.0,0.0,0.0,0.0,0.0,0.0,0.0,0.0,0.0,0.0,0.0,0.0,0.0,0.0,0.0,0.0,38033.52734375,0.0,299388.9375,4381.56494140625,-24834.99609375,0.0,24835.0,0.0,-39.50306884245408,0.0,9.045581817626953,0.0,TX
8150432,TX,4835,0.3137160837650299,2,0.0,0.0,1497256.625,2,0,358077.5625,0.0,1192575.875,8924.349609375,40446.3203125,0.0,0.0,49370.669921875,0.0,0.0,0.0,0.0,0.0,0.0,0.0,0.0,0.0,0.0,0.0,0.0,0.0,0.0,0.0,0.0,0.0,0.0,0.0,0.0,0.0,0.0,0.0,0.0,0.0,0.0,0.0,0.0,-6869.625,0.0,6869.75,0.0,0.0,0.0,0.0,0.0,0.0,0.0,0.0,0.0,0.0,0.0,0.0,0.0,0.0,0.0,0.0,0.0,0.0,0.0,0.0,0.0,0.0,0.0,0.0,0.0,0.0,0.0,0.0,0.0,0.0,0.0,0.0,0.0,0.0,0.0,0.0,0.0,0.0,0.0,0.0,0.0,0.0,0.0,-4235.25,-4235.216796875,0.0,0.0,0.0,0.0,0.0,0.0,0.0,0.0,351207.9375,0.0,1195210.375,45135.453125,-6869.625,0.0,2634.5,-4235.216796875,-1.918474017762562,0.0,0.22090838849544525,-8.578406579406114,TX
8150433,TX,4835,4.678813934326172,1,0.0,0.0,0.0,1,0,0.0,0.0,39855.578125,20236.630859375,0.0,0.0,0.0,20236.630859375,0.0,0.0,0.0,0.0,0.0,0.0,0.0,0.0,0.0,0.0,0.0,0.0,0.0,0.0,0.0,0.0,0.0,0.0,0.0,0.0,0.0,0.0,0.0,0.0,0.0,0.0,0.0,0.0,0.0,0.0,0.0,0.0,0.0,0.0,0.0,0.0,0.0,0.0,0.0,0.0,0.0,0.0,0.0,0.0,0.0,0.0,0.0,0.0,0.0,0.0,0.0,0.0,0.0,0.0,0.0,0.0,0.0,0.0,0.0,0.0,0.0,0.0,0.0,0.0,0.0,0.0,0.0,0.0,0.0,0.0,0.0,0.0,0.0,0.0,0.0,0.0,0.0,0.0,0.0,0.0,0.0,0.0,0.0,0.0,0.0,0.0,39855.578125,20236.630859375,0.0,0.0,0.0,0.0,0.0,0.0,0.0,0.0,TX
8150434,TX,4835,236.27064514160156,1,0.0,0.0,771.015869140625,1,0,0.0,0.0,30267.078125,6403.20556640625,20223.16015625,0.0,0.0,26626.36572265625,0.0,0.0,0.0,0.0,0.0,0.0,0.0,0.0,0.0,0.0,0.0,0.0,0.0,0.0,0.0,0.0,0.0,0.0,0.0,0.0,0.0,0.0,0.0,0.0,0.0,0.0,0.0,0.0,0.0,0.0,0.0,0.0,0.0,0.0,0.0,0.0,0.0,0.0,0.0,0.0,0.0,0.0,0.0,0.0,0.0,0.0,0.0,0.0,0.0,0.0,0.0,0.0,0.0,0.0,0.0,0.0,0.0,0.0,0.0,0.0,0.0,0.0,0.0,0.0,0.0,0.0,0.0,0.0,0.0,0.0,0.0,0.0,0.0,0.0,0.0,0.0,0.0,0.0,0.0,0.0,0.0,0.0,0.0,0.0,0.0,0.0,30267.078125,26626.36572265625,0.0,0.0,0.0,0.0,0.0,0.0,0.0,0.0,TX
8150435,TX,4835,15.706238746643066,1,0.0,0.0,2.4818105697631836,1,0,0.0,0.0,32845.90625,17147.09765625,0.0,0.0,0.0,17147.09765625,0.0,0.0,0.0,0.0,0.0,0.0,0.0,0.0,0.0,0.0,0.0,0.0,0.0,0.0,0.0,0.0,0.0,0.0,0.0,0.0,0.0,0.0,0.0,0.0,0.0,0.0,0.0,0.0,0.0,0.0,0.0,0.0,0.0,0.0,0.0,0.0,0.0,0.0,0.0,0.0,0.0,0.0,0.0,0.0,0.0,0.0,0.0,0.0,0.0,0.0,0.0,0.0,0.0,0.0,0.0,0.0,0.0,0.0,0.0,0.0,0.0,0.0,0.0,0.0,0.0,0.0,0.0,0.0,0.0,0.0,0.0,0.0,0.0,0.0,0.0,0.0,0.0,0.0,0.0,0.0,0.0,0.0,0.0,0.0,0.0,0.0,32845.90625,17147.09765625,0.0,0.0,0.0,0.0,0.0,0.0,0.0,0.0,TX
8150436,TX,4835,99.8688735961914,1,0.0,0.0,0.0,1,0,0.0,0.0,29950.125,16965.65234375,0.0,0.0,0.0,16965.65234375,0.0,0.0,0.0,0.0,0.0,0.0,0.0,0.0,0.0,0.0,0.0,0.0,0.0,0.0,0.0,0.0,0.0,0.0,0.0,0.0,0.0,0.0,0.0,0.0,0.0,0.0,0.0,0.0,0.0,0.0,0.0,0.0,0.0,0.0,0.0,0.0,0.0,0.0,0.0,0.0,0.0,0.0,0.0,0.0,0.0,0.0,0.0,0.0,0.0,0.0,0.0,0.0,0.0,0.0,0.0,0.0,0.0,0.0,0.0,0.0,0.0,0.0,0.0,0.0,0.0,0.0,0.0,0.0,0.0,0.0,0.0,0.0,0.0,0.0,0.0,0.0,0.0,0.0,0.0,0.0,0.0,0.0,0.0,0.0,0.0,0.0,29950.125,16965.65234375,0.0,0.0,0.0,0.0,0.0,0.0,0.0,0.0,TX
8150437,TX,4835,0.19666390120983124,4,2.0,113259.39990234375,108789.625,4,0,8993.6240234375,0.0,102575.2265625,0.0,0.0,0.0,0.0,0.0,-1361.1884765625,0.0,1361.1875,0.0,-1872.0,0.0,1872.0,0.0,2544.0,0.0,-2544.0,0.0,0.0,0.0,0.0,0.0,-1000.0,0.0,1000.0,0.0,0.0,0.0,0.0,0.0,0.0,0.0,0.0,0.0,0.0,0.0,0.0,0.0,0.0,0.0,0.0,0.0,0.0,0.0,0.0,0.0,-54.89453125,0.0,54.8984375,0.0,0.0,0.0,0.0,0.0,0.0,0.0,0.0,0.0,0.0,0.0,0.0,0.0,0.0,0.0,0.0,0.0,0.0,0.0,0.0,0.0,-719.99951171875,0.0,720.0,0.0,0.0,0.0,0.0,0.0,0.0,0.0,0.0,0.0,0.0,0.0,0.0,0.0,0.0,0.0,0.0,0.0,6529.54150390625,0.0,105039.3125,0.0,-2464.08251953125,0.0,2464.0859375,0.0,-27.398104625119075,0.0,2.4022233486175537,0.0,TX
8150438,TX,4835,351.0216979980469,2,0.0,0.0,0.0,2,0,0.0,0.0,51113.828125,23906.322265625,20223.16015625,0.0,0.0,44129.482421875,0.0,0.0,0.0,0.0,0.0,0.0,0.0,0.0,0.0,0.0,0.0,0.0,0.0,0.0,0.0,0.0,0.0,0.0,0.0,0.0,0.0,0.0,0.0,0.0,0.0,0.0,0.0,0.0,0.0,0.0,0.0,0.0,0.0,0.0,0.0,0.0,0.0,0.0,0.0,0.0,0.0,0.0,0.0,0.0,0.0,0.0,0.0,0.0,0.0,0.0,0.0,0.0,0.0,0.0,0.0,0.0,0.0,0.0,0.0,0.0,0.0,0.0,0.0,0.0,0.0,0.0,0.0,0.0,0.0,0.0,0.0,0.0,0.0,0.0,0.0,0.0,0.0,0.0,0.0,0.0,0.0,0.0,0.0,0.0,0.0,0.0,51113.828125,44129.482421875,0.0,0.0,0.0,0.0,0.0,0.0,0.0,0.0,TX
8150439,TX,4835,62.32828903198242,1,0.0,0.0,2481.810546875,1,0,0.0,0.0,32754.17578125,14717.2275390625,0.0,0.0,0.0,14717.2275390625,0.0,0.0,0.0,0.0,0.0,0.0,0.0,0.0,0.0,0.0,0.0,0.0,0.0,0.0,0.0,0.0,0.0,0.0,0.0,0.0,0.0,0.0,0.0,0.0,0.0,0.0,0.0,0.0,0.0,0.0,0.0,0.0,0.0,0.0,0.0,0.0,0.0,0.0,0.0,0.0,0.0,0.0,0.0,0.0,0.0,0.0,0.0,0.0,0.0,0.0,0.0,0.0,0.0,0.0,0.0,0.0,0.0,0.0,0.0,0.0,0.0,0.0,0.0,0.0,0.0,0.0,0.0,0.0,0.0,0.0,0.0,0.0,0.0,0.0,0.0,0.0,0.0,0.0,0.0,0.0,0.0,0.0,0.0,0.0,0.0,0.0,32754.17578125,14717.2275390625,0.0,0.0,0.0,0.0,0.0,0.0,0.0,0.0,TX
8150440,TX,4835,0.11261148750782013,2,0.0,53356.73046875,583675.296875,2,0,146392.65234375,0.0,529409.25,0.0,0.0,0.0,0.0,0.0,-1845.9677734375,0.0,1846.0,0.0,-1534.48583984375,0.0,1534.4375,0.0,984.48583984375,0.0,-984.4375,0.0,0.0,0.0,0.0,0.0,0.0,0.0,0.0,0.0,0.0,0.0,0.0,0.0,-1400.0,0.0,1400.0,0.0,-4333.75,0.0,4333.75,0.0,0.0,0.0,0.0,0.0,0.0,0.0,0.0,0.0,-350.0,0.0,350.0,0.0,0.0,0.0,0.0,0.0,0.0,0.0,0.0,0.0,0.0,0.0,0.0,0.0,0.0,0.0,0.0,0.0,0.0,0.0,0.0,0.0,0.0,0.0,0.0,0.0,0.0,0.0,0.0,0.0,0.0,0.0,0.0,0.0,0.0,0.0,0.0,0.0,0.0,0.0,0.0,0.0,137912.9345703125,0.0,537889.0,0.0,-8479.7177734375,0.0,8479.75,0.0,-5.792447665697019,0.0,1.6017380952835083,0.0,TX
8150441,TX,4835,4.490706443786621,1,0.0,0.0,0.0,1,0,0.0,0.0,41791.3125,21204.498046875,0.0,0.0,0.0,21204.498046875,0.0,0.0,0.0,0.0,0.0,0.0,0.0,0.0,0.0,0.0,0.0,0.0,0.0,0.0,0.0,0.0,0.0,0.0,0.0,0.0,0.0,0.0,0.0,0.0,0.0,0.0,0.0,0.0,0.0,0.0,0.0,0.0,0.0,0.0,0.0,0.0,0.0,0.0,0.0,0.0,0.0,0.0,0.0,0.0,0.0,0.0,0.0,0.0,0.0,0.0,0.0,0.0,0.0,0.0,0.0,0.0,0.0,0.0,0.0,0.0,0.0,0.0,0.0,0.0,0.0,0.0,0.0,0.0,0.0,0.0,0.0,0.0,0.0,0.0,0.0,0.0,0.0,0.0,0.0,0.0,0.0,0.0,0.0,0.0,0.0,0.0,41791.3125,21204.498046875,0.0,0.0,0.0,0.0,0.0,0.0,0.0,0.0,TX
8150442,TX,4835,0.5468356609344482,1,0.0,0.0,0.0,1,0,0.0,0.0,58504.453125,26158.595703125,0.0,6187.26318359375,0.0,32345.85888671875,0.0,0.0,0.0,0.0,0.0,0.0,0.0,0.0,0.0,0.0,0.0,0.0,0.0,0.0,0.0,0.0,0.0,0.0,0.0,0.0,0.0,0.0,0.0,0.0,0.0,0.0,0.0,0.0,0.0,0.0,0.0,0.0,0.0,0.0,0.0,0.0,0.0,0.0,0.0,0.0,0.0,0.0,0.0,0.0,0.0,0.0,0.0,0.0,0.0,0.0,0.0,0.0,0.0,0.0,0.0,0.0,0.0,0.0,0.0,0.0,0.0,0.0,0.0,0.0,0.0,0.0,0.0,0.0,0.0,0.0,0.0,0.0,0.0,0.0,0.0,0.0,0.0,0.0,0.0,0.0,0.0,0.0,0.0,0.0,0.0,0.0,58504.453125,32345.85888671875,0.0,0.0,0.0,0.0,0.0,0.0,0.0,0.0,TX
8150443,TX,4835,260.79327392578125,1,0.0,0.0,0.0,1,0,0.0,0.0,34740.71875,14517.556640625,20223.16015625,0.0,0.0,34740.716796875,0.0,0.0,0.0,0.0,0.0,0.0,0.0,0.0,0.0,0.0,0.0,0.0,0.0,0.0,0.0,0.0,0.0,0.0,0.0,0.0,0.0,0.0,0.0,0.0,0.0,0.0,0.0,0.0,0.0,0.0,0.0,0.0,0.0,0.0,0.0,0.0,0.0,0.0,0.0,0.0,0.0,0.0,0.0,0.0,0.0,0.0,0.0,0.0,0.0,0.0,0.0,0.0,0.0,0.0,0.0,0.0,0.0,0.0,0.0,0.0,0.0,0.0,0.0,0.0,0.0,0.0,0.0,0.0,0.0,0.0,0.0,0.0,0.0,0.0,0.0,0.0,0.0,0.0,0.0,0.0,0.0,0.0,-20223.162109375,-20223.16015625,0.0,0.0,14517.556640625,14517.556640625,0.0,0.0,-20223.162109375,-20223.16015625,0.0,0.0,-58.21169662475586,-58.2116951543991,TX
8150444,TX,4835,0.14911189675331116,2,0.0,0.0,198158.34375,2,0,31664.5859375,0.0,224587.96875,27466.525390625,0.0,0.0,0.0,27466.525390625,-4629.75,0.0,4629.75,0.0,-3432.0,0.0,3432.0,0.0,2332.0,0.0,-2332.0,0.0,0.0,0.0,0.0,0.0,0.0,0.0,0.0,0.0,0.0,0.0,0.0,0.0,-1100.0,0.0,1100.0,0.0,0.0,0.0,0.0,0.0,0.0,0.0,0.0,0.0,0.0,0.0,0.0,0.0,0.0,0.0,0.0,0.0,0.0,0.0,0.0,0.0,0.0,0.0,0.0,0.0,0.0,0.0,0.0,0.0,0.0,0.0,0.0,0.0,0.0,0.0,0.0,0.0,0.0,0.0,0.0,0.0,-334.3359375,0.0,334.328125,0.0,0.0,0.0,0.0,0.0,0.0,0.0,0.0,0.0,0.0,0.0,0.0,0.0,24500.5,0.0,231752.046875,27466.525390625,-7164.0859375,0.0,7164.078125,0.0,-22.62491589702317,0.0,3.1898763179779053,0.0,TX
8150445,TX,4835,43.39401626586914,2,0.0,31359.185546875,31360.83984375,2,0,416.083984375,0.0,30238.138671875,0.0,0.0,0.0,1691.58251953125,1691.58251953125,0.0,0.0,0.0,0.0,-416.083984375,0.0,416.083984375,0.0,0.0,0.0,0.0,0.0,0.0,0.0,0.0,0.0,0.0,0.0,0.0,0.0,0.0,0.0,0.0,0.0,0.0,0.0,0.0,0.0,0.0,0.0,0.0,0.0,0.0,0.0,0.0,0.0,0.0,0.0,0.0,0.0,0.0,0.0,0.0,0.0,0.0,0.0,0.0,0.0,0.0,0.0,0.0,0.0,0.0,0.0,0.0,0.0,0.0,0.0,0.0,0.0,0.0,0.0,0.0,0.0,0.0,0.0,0.0,0.0,0.0,0.0,0.0,0.0,0.0,0.0,0.0,0.0,0.0,0.0,0.0,0.0,0.0,0.0,0.0,0.0,0.0,0.0,30654.22265625,1691.58251953125,-416.083984375,0.0,416.083984375,0.0,-100.0,0.0,1.376023769378662,0.0,TX
8150446,TX,4835,35.3704719543457,1,0.0,0.0,0.0,1,0,0.0,0.0,29363.861328125,14846.9306640625,0.0,0.0,0.0,14846.9306640625,0.0,0.0,0.0,0.0,0.0,0.0,0.0,0.0,0.0,0.0,0.0,0.0,0.0,0.0,0.0,0.0,0.0,0.0,0.0,0.0,0.0,0.0,0.0,0.0,0.0,0.0,0.0,0.0,0.0,0.0,0.0,0.0,0.0,0.0,0.0,0.0,0.0,0.0,0.0,0.0,0.0,0.0,0.0,0.0,0.0,0.0,0.0,0.0,0.0,0.0,0.0,0.0,0.0,0.0,0.0,0.0,0.0,0.0,0.0,0.0,0.0,0.0,0.0,0.0,0.0,0.0,0.0,0.0,0.0,0.0,0.0,0.0,0.0,0.0,0.0,0.0,0.0,0.0,0.0,0.0,0.0,0.0,0.0,0.0,0.0,0.0,29363.861328125,14846.9306640625,0.0,0.0,0.0,0.0,0.0,0.0,0.0,0.0,TX
8150447,TX,4835,84.84687042236328,1,0.0,0.0,0.0,0,1,0.0,0.0,23897.39453125,13543.8134765625,0.0,0.0,0.0,13543.8134765625,0.0,0.0,0.0,0.0,0.0,0.0,0.0,0.0,0.0,0.0,0.0,0.0,0.0,0.0,0.0,0.0,0.0,0.0,0.0,0.0,0.0,0.0,0.0,0.0,0.0,0.0,0.0,0.0,0.0,0.0,0.0,0.0,0.0,0.0,0.0,0.0,0.0,0.0,0.0,0.0,0.0,0.0,0.0,0.0,0.0,0.0,0.0,0.0,0.0,0.0,0.0,0.0,0.0,0.0,0.0,0.0,0.0,0.0,0.0,0.0,0.0,0.0,0.0,0.0,0.0,0.0,0.0,0.0,0.0,0.0,0.0,0.0,0.0,0.0,0.0,0.0,0.0,0.0,0.0,0.0,0.0,0.0,0.0,0.0,0.0,0.0,23897.39453125,13543.8134765625,0.0,0.0,0.0,0.0,0.0,0.0,0.0,0.0,TX
8150448,TX,4835,394.537109375,2,0.0,0.0,0.0,2,0,0.0,0.0,47695.0390625,7248.7177734375,40446.3203125,0.0,0.0,47695.0380859375,0.0,0.0,0.0,0.0,0.0,0.0,0.0,0.0,0.0,0.0,0.0,0.0,0.0,0.0,0.0,0.0,0.0,0.0,0.0,0.0,0.0,0.0,0.0,0.0,0.0,0.0,0.0,0.0,0.0,0.0,0.0,0.0,0.0,0.0,0.0,0.0,0.0,0.0,0.0,0.0,0.0,0.0,0.0,0.0,0.0,0.0,0.0,0.0,0.0,0.0,0.0,0.0,0.0,0.0,0.0,0.0,0.0,0.0,0.0,0.0,0.0,0.0,0.0,0.0,0.0,0.0,0.0,0.0,0.0,0.0,0.0,0.0,0.0,0.0,0.0,0.0,0.0,0.0,0.0,0.0,0.0,0.0,0.0,0.0,0.0,0.0,47695.0390625,47695.0380859375,0.0,0.0,0.0,0.0,0.0,0.0,0.0,0.0,TX
8150449,TX,4835,63.80620574951172,1,0.0,0.0,0.0,1,0,0.0,0.0,62362.09375,31181.046875,0.0,0.0,0.0,31181.046875,0.0,0.0,0.0,0.0,0.0,0.0,0.0,0.0,0.0,0.0,0.0,0.0,0.0,0.0,0.0,0.0,0.0,0.0,0.0,0.0,0.0,0.0,0.0,0.0,0.0,0.0,0.0,0.0,0.0,0.0,0.0,0.0,0.0,0.0,0.0,0.0,0.0,0.0,0.0,0.0,0.0,0.0,0.0,0.0,0.0,0.0,0.0,0.0,0.0,0.0,0.0,0.0,0.0,0.0,0.0,0.0,0.0,0.0,0.0,0.0,0.0,0.0,0.0,0.0,0.0,0.0,0.0,0.0,0.0,0.0,0.0,0.0,0.0,0.0,0.0,0.0,0.0,0.0,0.0,0.0,0.0,0.0,0.0,0.0,0.0,0.0,62362.09375,31181.046875,0.0,0.0,0.0,0.0,0.0,0.0,0.0,0.0,TX
8150450,TX,4835,0.12919342517852783,5,2.0,169278.142578125,301459.55078125,5,0,48298.2060546875,0.0,271890.1875,10657.9951171875,0.0,0.0,0.0,10657.9951171875,-3576.054443359375,0.0,3576.0625,0.0,-860.419189453125,0.0,860.4375,0.0,2109.591064453125,0.0,-2109.59375,0.0,0.0,0.0,0.0,0.0,-4400.0,0.0,4400.0,0.0,0.0,0.0,0.0,0.0,-6030.0078125,0.0,6030.0,0.0,-3455.1328125,0.0,3455.125,0.0,0.0,0.0,0.0,0.0,0.0,0.0,0.0,0.0,-576.94921875,0.0,576.96875,0.0,0.0,0.0,0.0,0.0,0.0,0.0,0.0,0.0,0.0,0.0,0.0,0.0,0.0,0.0,0.0,0.0,0.0,0.0,0.0,0.0,-610.419189453125,0.0,610.40625,0.0,0.0,0.0,0.0,0.0,0.0,0.0,0.0,0.0,0.0,0.0,0.0,0.0,0.0,0.0,0.0,0.0,30898.814453125,0.0,289289.59375,10657.9951171875,-17399.3916015625,0.0,17399.40625,0.0,-36.024923124186785,0.0,6.3994245529174805,0.0,TX
8150451,TX,4835,0.16033238172531128,4,2.0,596399.015625,731492.25,4,0,214331.71875,0.0,580325.875,0.0,0.0,0.0,0.0,0.0,-11468.609375,0.0,11468.5625,0.0,0.0,0.0,0.0,0.0,0.0,0.0,0.0,0.0,0.0,0.0,0.0,0.0,0.0,0.0,0.0,0.0,0.0,0.0,0.0,0.0,-1400.0,0.0,1400.0,0.0,-18152.15625,0.0,18152.1875,0.0,0.0,0.0,0.0,0.0,0.0,0.0,0.0,0.0,-0.796875,0.0,0.75,0.0,0.0,0.0,0.0,0.0,0.0,0.0,0.0,0.0,0.0,0.0,0.0,0.0,0.0,0.0,0.0,0.0,0.0,0.0,0.0,0.0,0.0,0.0,0.0,0.0,0.0,0.0,0.0,0.0,0.0,0.0,0.0,0.0,0.0,0.0,0.0,0.0,0.0,0.0,0.0,0.0,183310.15625,0.0,611347.375,0.0,-31021.5625,0.0,31021.5,0.0,-14.47362186097339,0.0,5.345530986785889,0.0,TX
8150452,TX,4835,0.1337672919034958,3,1.0,671439.5625,743036.75,3,0,219007.953125,0.0,579340.9375,0.0,0.0,0.0,0.0,0.0,-13251.40625,0.0,13251.4375,0.0,0.0,0.0,0.0,0.0,0.0,0.0,0.0,0.0,0.0,0.0,0.0,0.0,0.0,0.0,0.0,0.0,0.0,0.0,0.0,0.0,-1400.0,0.0,1400.0,0.0,-17209.609375,0.0,17209.625,0.0,0.0,0.0,0.0,0.0,0.0,0.0,0.0,0.0,0.0,0.0,0.0,0.0,0.0,0.0,0.0,0.0,0.0,0.0,0.0,0.0,0.0,0.0,0.0,0.0,0.0,0.0,0.0,0.0,0.0,0.0,0.0,0.0,0.0,0.0,0.0,0.0,0.0,0.0,0.0,0.0,0.0,0.0,0.0,0.0,0.0,0.0,0.0,0.0,0.0,0.0,0.0,0.0,187146.9375,0.0,611202.0,0.0,-31861.015625,0.0,31861.0625,0.0,-14.547880645601555,0.0,5.49953556060791,0.0,TX
8150453,TX,4835,0.11389521509408951,2,0.0,1334542.11328125,1334542.11328125,2,0,450976.6796875,0.0,840549.4375,0.0,0.0,0.0,0.0,0.0,-20567.29248046875,0.0,20567.3125,0.0,-3821.999755859375,0.0,3822.0,0.0,635.999755859375,0.0,-636.0,0.0,0.0,0.0,0.0,0.0,0.0,0.0,0.0,0.0,0.0,0.0,0.0,0.0,0.0,0.0,0.0,0.0,0.0,0.0,0.0,0.0,0.0,0.0,0.0,0.0,0.0,0.0,0.0,0.0,0.0,0.0,0.0,0.0,0.0,0.0,0.0,0.0,0.0,0.0,0.0,0.0,0.0,0.0,0.0,0.0,0.0,0.0,0.0,0.0,0.0,0.0,0.0,0.0,0.0,0.0,0.0,0.0,0.0,0.0,0.0,0.0,0.0,0.0,0.0,0.0,0.0,0.0,0.0,0.0,0.0,0.0,0.0,0.0,427223.38720703125,0.0,864302.75,0.0,-23753.29248046875,0.0,23753.3125,0.0,-5.267077778152158,0.0,2.8259267807006836,0.0,TX
8150454,TX,4835,0.20134051144123077,2,0.0,41120.45703125,88806.96875,2,0,7510.880859375,0.0,211932.875,82726.5625,0.0,0.0,0.0,82726.5625,-1026.17626953125,0.0,1026.171875,0.0,-1872.0,0.0,1872.0,0.0,1272.0,0.0,-1272.0,0.0,0.0,0.0,0.0,0.0,0.0,0.0,0.0,0.0,0.0,0.0,0.0,0.0,-600.0,0.0,600.0,0.0,0.0,0.0,0.0,0.0,0.0,0.0,0.0,0.0,0.0,0.0,0.0,0.0,-240.0,0.0,240.0,0.0,0.0,0.0,0.0,0.0,0.0,0.0,0.0,0.0,0.0,0.0,0.0,0.0,0.0,0.0,0.0,0.0,0.0,0.0,0.0,0.0,-1440.000244140625,0.0,1440.0,0.0,0.0,0.0,0.0,0.0,0.0,0.0,0.0,0.0,0.0,0.0,0.0,0.0,0.0,0.0,0.0,0.0,3604.704345703125,0.0,215839.046875,82726.5625,-3906.176513671875,0.0,3906.171875,0.0,-52.00690287606184,0.0,1.843117594718933,0.0,TX
8150455,TX,4835,45.216400146484375,2,0.0,30197.734375,30232.478515625,2,0,0.0,0.0,66287.5078125,3991.42431640625,20223.16015625,14134.2236328125,0.0,38348.80810546875,0.0,0.0,0.0,0.0,0.0,0.0,0.0,0.0,0.0,0.0,0.0,0.0,0.0,0.0,0.0,0.0,0.0,0.0,0.0,0.0,0.0,0.0,0.0,0.0,0.0,0.0,0.0,0.0,0.0,0.0,0.0,0.0,0.0,0.0,0.0,0.0,0.0,0.0,0.0,0.0,0.0,0.0,0.0,0.0,0.0,0.0,0.0,0.0,0.0,0.0,0.0,0.0,0.0,0.0,0.0,0.0,0.0,0.0,0.0,0.0,0.0,0.0,0.0,0.0,0.0,0.0,0.0,0.0,0.0,0.0,0.0,0.0,0.0,0.0,0.0,0.0,0.0,0.0,0.0,0.0,0.0,0.0,0.0,0.0,0.0,0.0,66287.5078125,38348.80810546875,0.0,0.0,0.0,0.0,0.0,0.0,0.0,0.0,TX
8150456,TX,4835,145.454833984375,2,0.0,6103.9814453125,21189.568359375,2,0,0.0,0.0,92777.25,35968.0703125,0.0,0.0,0.0,35968.0703125,0.0,0.0,0.0,0.0,0.0,0.0,0.0,0.0,0.0,0.0,0.0,0.0,0.0,0.0,0.0,0.0,0.0,0.0,0.0,0.0,0.0,0.0,0.0,0.0,0.0,0.0,0.0,0.0,0.0,0.0,0.0,0.0,0.0,0.0,0.0,0.0,0.0,0.0,0.0,0.0,0.0,0.0,0.0,0.0,0.0,0.0,0.0,0.0,0.0,0.0,0.0,0.0,0.0,0.0,0.0,0.0,0.0,0.0,0.0,0.0,0.0,0.0,0.0,0.0,0.0,0.0,0.0,0.0,0.0,0.0,0.0,0.0,0.0,0.0,0.0,0.0,0.0,0.0,0.0,0.0,0.0,0.0,0.0,0.0,0.0,0.0,92777.25,35968.0703125,0.0,0.0,0.0,0.0,0.0,0.0,0.0,0.0,TX
8150457,TX,4835,0.21311353147029877,2,0.0,99718.2109375,125018.78125,2,0,13457.8173828125,0.0,139664.25,259.4089050292969,20223.16015625,0.0,0.0,20482.569061279297,-2215.5634765625,0.0,2215.5625,0.0,-1872.0,0.0,1872.0,0.0,1272.0,0.0,-1272.0,0.0,0.0,0.0,0.0,0.0,0.0,0.0,0.0,0.0,0.0,0.0,0.0,0.0,-1344.7890625,0.0,1344.78125,0.0,0.0,0.0,0.0,0.0,0.0,0.0,0.0,0.0,0.0,0.0,0.0,0.0,-240.0,0.0,240.0,0.0,0.0,0.0,0.0,0.0,0.0,0.0,0.0,0.0,0.0,0.0,0.0,0.0,0.0,0.0,0.0,0.0,0.0,0.0,0.0,0.0,0.0,0.0,0.0,0.0,0.0,0.0,0.0,0.0,0.0,0.0,0.0,0.0,0.0,0.0,0.0,0.0,0.0,0.0,0.0,0.0,9057.46484375,0.0,144064.59375,20482.569061279297,-4400.3525390625,0.0,4400.34375,0.0,-32.69737145253851,0.0,3.15065860748291,0.0,TX
8150458,TX,4835,0.14092859625816345,2,0.0,0.0,164677.28125,2,0,17369.65625,0.0,200007.5625,41526.7734375,0.0,0.0,0.0,41526.7734375,-1939.6123046875,0.0,1939.609375,0.0,-4212.0,0.0,4212.0,0.0,2862.0,0.0,-2862.0,0.0,0.0,0.0,0.0,0.0,0.0,0.0,0.0,0.0,0.0,0.0,0.0,0.0,0.0,0.0,0.0,0.0,0.0,0.0,0.0,0.0,0.0,0.0,0.0,0.0,0.0,0.0,0.0,0.0,-540.0,0.0,540.0,0.0,0.0,0.0,0.0,0.0,0.0,0.0,0.0,0.0,0.0,0.0,0.0,0.0,0.0,0.0,0.0,0.0,0.0,0.0,0.0,0.0,-3002.2265625,0.0,3002.234375,0.0,0.0,0.0,0.0,0.0,0.0,0.0,0.0,0.0,0.0,0.0,0.0,0.0,0.0,0.0,0.0,0.0,10537.8173828125,0.0,206839.40625,41526.7734375,-6831.8388671875,0.0,6831.84375,0.0,-39.332032648530394,0.0,3.41579270362854,0.0,TX
8150459,TX,4835,0.13508756458759308,2,0.0,173805.234375,333699.625,2,0,72574.3046875,0.0,343519.46875,0.0,0.0,0.0,0.0,0.0,0.0,0.0,0.0,0.0,0.0,0.0,0.0,0.0,0.0,0.0,0.0,0.0,0.0,0.0,0.0,0.0,0.0,0.0,0.0,0.0,0.0,0.0,0.0,0.0,0.0,0.0,0.0,0.0,-16724.91796875,0.0,16724.90625,0.0,0.0,0.0,0.0,0.0,0.0,0.0,0.0,0.0,0.0,0.0,0.0,0.0,0.0,0.0,0.0,0.0,0.0,0.0,0.0,0.0,0.0,0.0,0.0,0.0,0.0,0.0,0.0,0.0,-282.7265625,0.0,282.75,0.0,-234.7265625,0.0,234.71875,0.0,0.0,0.0,0.0,0.0,0.0,0.0,0.0,0.0,0.0,0.0,0.0,0.0,0.0,0.0,0.0,0.0,55331.93359375,0.0,360761.84375,0.0,-17242.37109375,0.0,17242.375,0.0,-23.75823119214779,0.0,5.019330024719238,0.0,TX
8150460,TX,4835,0.11642509698867798,2,0.0,113822.234375,113823.0625,2,0,10724.71484375,0.0,94391.3359375,0.0,0.0,0.0,0.0,0.0,-1668.9423828125,0.0,1668.9453125,0.0,-1029.0048828125,0.0,1029.0,0.0,1272.0,0.0,-1272.0,0.0,0.0,0.0,0.0,0.0,0.0,0.0,0.0,0.0,0.0,0.0,0.0,0.0,0.0,0.0,0.0,0.0,0.0,0.0,0.0,0.0,0.0,0.0,0.0,0.0,0.0,0.0,0.0,0.0,-240.0,0.0,240.0,0.0,0.0,0.0,0.0,0.0,0.0,0.0,0.0,0.0,0.0,0.0,0.0,0.0,0.0,0.0,0.0,0.0,0.0,0.0,0.0,0.0,0.0,0.0,0.0,0.0,0.0,0.0,0.0,0.0,0.0,0.0,0.0,0.0,0.0,0.0,0.0,0.0,0.0,0.0,0.0,0.0,9058.767578125,0.0,96057.28125,0.0,-1665.947265625,0.0,1665.9453125,0.0,-15.533720848492841,0.0,1.7649345397949219,0.0,TX
8150461,TX,4835,0.11090373247861862,2,0.0,46458.0546875,46458.0546875,1,1,4321.2080078125,0.0,46537.18359375,0.0,0.0,7954.37890625,0.0,7954.37890625,-626.241455078125,0.0,626.2421875,0.0,-936.0,0.0,936.0,0.0,636.0,0.0,-636.0,0.0,0.0,0.0,0.0,0.0,0.0,0.0,0.0,0.0,0.0,0.0,0.0,0.0,0.0,0.0,0.0,0.0,0.0,0.0,0.0,0.0,0.0,0.0,0.0,0.0,0.0,0.0,0.0,0.0,0.0,0.0,0.0,0.0,0.0,0.0,0.0,0.0,0.0,0.0,0.0,0.0,0.0,0.0,0.0,0.0,0.0,0.0,0.0,0.0,0.0,0.0,0.0,0.0,0.0,0.0,0.0,0.0,0.0,0.0,0.0,0.0,0.0,0.0,0.0,0.0,0.0,0.0,0.0,0.0,0.0,0.0,0.0,0.0,3394.966552734375,0.0,47463.42578125,7954.37890625,-926.241455078125,0.0,926.2421875,0.0,-21.434780584584974,0.0,1.990327000617981,0.0,TX
8150462,TX,4835,0.11227064579725266,4,2.0,150040.98046875,167037.078125,2,2,15995.48046875,0.0,176287.6875,0.0,0.0,0.0,0.0,0.0,-2749.4580078125,0.0,2749.453125,0.0,0.0,0.0,0.0,0.0,4664.0009765625,0.0,-4664.0,0.0,0.0,0.0,0.0,0.0,-2700.0,0.0,2700.0,0.0,0.0,0.0,0.0,0.0,-2206.39453125,0.0,2206.390625,0.0,0.0,0.0,0.0,0.0,0.0,0.0,0.0,0.0,0.0,0.0,0.0,0.0,0.0,0.0,0.0,0.0,0.0,0.0,0.0,0.0,0.0,0.0,0.0,0.0,0.0,0.0,0.0,0.0,0.0,0.0,0.0,0.0,0.0,0.0,0.0,0.0,0.0,0.0,0.0,0.0,0.0,0.0,0.0,0.0,0.0,0.0,0.0,0.0,0.0,0.0,0.0,0.0,0.0,0.0,0.0,0.0,13003.62890625,0.0,179279.53125,0.0,-2991.8515625,0.0,2991.84375,0.0,-18.704355698130552,0.0,1.6971369981765747,0.0,TX
8150463,TX,4835,0.15238268673419952,6,3.9999999999999996,338979.90625,338759.875,6,0,77367.15625,0.0,253822.59375,0.0,0.0,0.0,0.0,0.0,0.0,0.0,0.0,0.0,0.0,0.0,0.0,0.0,0.0,0.0,0.0,0.0,0.0,0.0,0.0,0.0,-8800.0,0.0,8800.0,0.0,0.0,0.0,0.0,0.0,0.0,0.0,0.0,0.0,-18596.761718750007,0.0,18596.78125,0.0,0.0,0.0,0.0,0.0,0.0,0.0,0.0,0.0,0.0,0.0,0.0,0.0,0.0,0.0,0.0,0.0,0.0,0.0,0.0,0.0,0.0,0.0,0.0,0.0,0.0,0.0,0.0,0.0,0.0,0.0,0.0,0.0,0.0,0.0,0.0,0.0,0.0,0.0,0.0,0.0,0.0,0.0,0.0,0.0,0.0,0.0,0.0,0.0,0.0,0.0,0.0,0.0,49970.39453124999,0.0,281219.375,0.0,-27396.761718750007,0.0,27396.78125,0.0,-35.41135935024109,0.0,10.793673515319824,0.0,TX
8150464,TX,4835,0.11130451411008835,1,0.0,0.0,13962.0087890625,1,0,0.0,0.0,43026.15625,14531.1005859375,0.0,0.0,0.0,14531.1005859375,0.0,0.0,0.0,0.0,0.0,0.0,0.0,0.0,0.0,0.0,0.0,0.0,0.0,0.0,0.0,0.0,0.0,0.0,0.0,0.0,0.0,0.0,0.0,0.0,0.0,0.0,0.0,0.0,0.0,0.0,0.0,0.0,0.0,0.0,0.0,0.0,0.0,0.0,0.0,0.0,0.0,0.0,0.0,0.0,0.0,0.0,0.0,0.0,0.0,0.0,0.0,0.0,0.0,0.0,0.0,0.0,0.0,0.0,0.0,0.0,0.0,0.0,0.0,0.0,0.0,0.0,0.0,0.0,0.0,0.0,0.0,0.0,0.0,0.0,0.0,0.0,0.0,0.0,0.0,0.0,0.0,0.0,0.0,0.0,0.0,0.0,43026.15625,14531.1005859375,0.0,0.0,0.0,0.0,0.0,0.0,0.0,0.0,TX
8150465,TX,4835,4.680995464324951,1,0.0,0.0,0.8272702097892761,1,0,0.0,0.0,33535.1328125,17075.80078125,0.0,0.0,0.0,17075.80078125,0.0,0.0,0.0,0.0,0.0,0.0,0.0,0.0,0.0,0.0,0.0,0.0,0.0,0.0,0.0,0.0,0.0,0.0,0.0,0.0,0.0,0.0,0.0,0.0,0.0,0.0,0.0,0.0,0.0,0.0,0.0,0.0,0.0,0.0,0.0,0.0,0.0,0.0,0.0,0.0,0.0,0.0,0.0,0.0,0.0,0.0,0.0,0.0,0.0,0.0,0.0,0.0,0.0,0.0,0.0,0.0,0.0,0.0,0.0,0.0,0.0,0.0,0.0,0.0,0.0,0.0,0.0,0.0,0.0,0.0,0.0,0.0,0.0,0.0,-287.6796875,-287.68359375,0.0,0.0,0.0,0.0,0.0,0.0,0.0,0.0,0.0,0.0,33247.453125,16788.1171875,0.0,0.0,-287.6796875,-287.68359375,0.0,0.0,-0.857845664024353,-1.6847443785236098,TX
8150466,TX,4835,0.11322430521249771,2,0.0,97141.12890625,112048.53515625,2,0,11512.2802734375,0.0,133526.203125,0.0,0.0,0.0,0.0,0.0,-1826.4560546875,0.0,1826.453125,0.0,-1872.0,0.0,1872.0,0.0,1272.0,0.0,-1272.0,0.0,0.0,0.0,0.0,0.0,0.0,0.0,0.0,0.0,0.0,0.0,0.0,0.0,0.0,0.0,0.0,0.0,0.0,0.0,0.0,0.0,0.0,0.0,0.0,0.0,0.0,0.0,0.0,0.0,0.0,0.0,0.0,0.0,0.0,0.0,0.0,0.0,0.0,0.0,0.0,0.0,0.0,0.0,0.0,0.0,0.0,0.0,0.0,0.0,0.0,0.0,0.0,0.0,0.0,0.0,0.0,0.0,-233.7275390625,0.0,233.734375,0.0,0.0,0.0,0.0,0.0,0.0,0.0,0.0,0.0,0.0,0.0,0.0,0.0,8852.0966796875,0.0,136186.390625,0.0,-2660.18359375,0.0,2660.1875,0.0,-23.107356062967746,0.0,1.9922587871551514,0.0,TX
8150467,TX,4835,0.02382975071668625,2,0.0,0.0,165186.953125,2,0,22596.634765625,0.0,218023.109375,51833.2578125,0.0,0.0,0.0,51833.2578125,-3541.578125,0.0,3541.578125,0.0,-3431.9990234375,0.0,3432.0,0.0,2331.9990234375,0.0,-2332.0,0.0,0.0,0.0,0.0,0.0,0.0,0.0,0.0,0.0,0.0,0.0,0.0,0.0,0.0,0.0,0.0,0.0,0.0,0.0,0.0,0.0,0.0,0.0,0.0,0.0,0.0,0.0,0.0,0.0,-440.0,0.0,440.0,0.0,0.0,0.0,0.0,0.0,0.0,0.0,0.0,0.0,0.0,0.0,0.0,0.0,0.0,0.0,0.0,0.0,0.0,0.0,0.0,0.0,-2439.5302734375,0.0,2439.53125,0.0,-624.2021484375,0.0,624.203125,0.0,0.0,0.0,0.0,0.0,0.0,0.0,0.0,0.0,0.0,0.0,0.0,0.0,14451.32421875,0.0,226168.421875,51833.2578125,-8145.310546875,0.0,8145.3125,0.0,-36.04656459406073,0.0,3.7359859943389893,0.0,TX
8150468,TX,4835,19.176362991333008,1,0.0,10453.0625,10461.3349609375,1,0,0.0,0.0,70405.8828125,28509.603515625,0.0,4110.21875,0.0,32619.822265625,0.0,0.0,0.0,0.0,0.0,0.0,0.0,0.0,0.0,0.0,0.0,0.0,0.0,0.0,0.0,0.0,0.0,0.0,0.0,0.0,0.0,0.0,0.0,0.0,0.0,0.0,0.0,0.0,0.0,0.0,0.0,0.0,0.0,0.0,0.0,0.0,0.0,0.0,0.0,0.0,0.0,0.0,0.0,0.0,0.0,0.0,0.0,0.0,0.0,0.0,0.0,0.0,0.0,0.0,0.0,0.0,0.0,0.0,0.0,0.0,0.0,0.0,0.0,0.0,0.0,0.0,0.0,0.0,0.0,0.0,0.0,0.0,0.0,0.0,0.0,0.0,0.0,0.0,0.0,0.0,0.0,0.0,0.0,0.0,0.0,0.0,70405.8828125,32619.822265625,0.0,0.0,0.0,0.0,0.0,0.0,0.0,0.0,TX
8150469,TX,4835,0.10831024497747421,2,0.0,54480.337890625,54480.337890625,2,0,3055.014892578125,0.0,49891.60546875,0.0,0.0,0.0,0.0,0.0,-373.0029296875,0.0,373.00390625,0.0,-936.0001220703125,0.0,936.0,0.0,672.357349395752,0.0,-672.359375,0.0,0.0,0.0,0.0,0.0,0.0,0.0,0.0,0.0,0.0,0.0,0.0,0.0,0.0,0.0,0.0,0.0,0.0,0.0,0.0,0.0,0.0,0.0,0.0,0.0,0.0,0.0,0.0,0.0,-36.35722732543945,0.0,36.359375,0.0,0.0,0.0,0.0,0.0,0.0,0.0,0.0,0.0,0.0,0.0,0.0,0.0,0.0,0.0,0.0,0.0,0.0,0.0,0.0,0.0,0.0,0.0,0.0,0.0,-22.0498046875,0.0,22.05078125,0.0,0.0,0.0,0.0,0.0,0.0,0.0,0.0,0.0,0.0,0.0,0.0,0.0,2359.962158203125,0.0,50586.66015625,0.0,-695.052734375,0.0,695.0546875,0.0,-22.75120609276132,0.0,1.3931294679641724,0.0,TX
8150470,TX,4835,119.01271057128906,1,0.0,0.0,413.6351013183594,1,0,0.0,0.0,67940.515625,33666.11328125,0.0,0.0,0.0,33666.11328125,0.0,0.0,0.0,0.0,0.0,0.0,0.0,0.0,0.0,0.0,0.0,0.0,0.0,0.0,0.0,0.0,0.0,0.0,0.0,0.0,0.0,0.0,0.0,0.0,0.0,0.0,0.0,0.0,0.0,0.0,0.0,0.0,0.0,0.0,0.0,0.0,0.0,0.0,0.0,0.0,0.0,0.0,0.0,0.0,0.0,0.0,0.0,0.0,0.0,0.0,0.0,0.0,0.0,0.0,0.0,0.0,0.0,0.0,0.0,0.0,0.0,0.0,0.0,0.0,0.0,0.0,0.0,0.0,0.0,0.0,0.0,0.0,0.0,0.0,0.0,0.0,0.0,0.0,0.0,0.0,0.0,0.0,0.0,0.0,0.0,0.0,67940.515625,33666.11328125,0.0,0.0,0.0,0.0,0.0,0.0,0.0,0.0,TX
8150471,TX,4835,0.3306332528591156,2,0.0,45132.64453125,108371.1796875,2,0,9114.94921875,0.0,132531.1875,0.0,0.0,0.0,0.0,0.0,-1346.98974609375,0.0,1346.984375,0.0,-494.6923828125,0.0,494.703125,0.0,1271.99853515625,0.0,-1272.0,0.0,0.0,0.0,0.0,0.0,0.0,0.0,0.0,0.0,0.0,0.0,0.0,0.0,-1444.9130859375,0.0,1444.90625,0.0,0.0,0.0,0.0,0.0,0.0,0.0,0.0,0.0,0.0,0.0,0.0,0.0,-218.818359375,0.0,218.8125,0.0,0.0,0.0,0.0,0.0,0.0,0.0,0.0,0.0,0.0,0.0,0.0,0.0,0.0,0.0,0.0,0.0,0.0,0.0,0.0,0.0,0.0,0.0,0.0,0.0,0.0,0.0,0.0,0.0,0.0,0.0,0.0,0.0,0.0,0.0,0.0,0.0,0.0,0.0,0.0,0.0,6881.5341796875,0.0,134764.59375,0.0,-2233.4150390625,0.0,2233.40625,0.0,-24.502769960234453,0.0,1.6851929426193237,0.0,TX
8150472,TX,4835,0.26568788290023804,6,2.0,110543.33984375,123901.8046875,6,0,10922.513427734375,0.0,154467.28125,11800.2216796875,14093.5859375,20669.259765625,0.0,46563.0673828125,-1524.39892578125,0.0,1524.40625,0.0,-2790.3475341796875,0.0,2790.34375,0.0,1719.8294677734375,0.0,-1719.84375,0.0,0.0,0.0,0.0,0.0,0.0,0.0,0.0,0.0,0.0,0.0,0.0,0.0,0.0,0.0,0.0,0.0,0.0,0.0,0.0,0.0,0.0,0.0,0.0,0.0,0.0,0.0,0.0,0.0,0.0,0.0,0.0,0.0,0.0,0.0,0.0,0.0,0.0,0.0,0.0,0.0,0.0,0.0,0.0,0.0,0.0,0.0,0.0,0.0,0.0,0.0,0.0,0.0,0.0,0.0,0.0,0.0,0.0,0.0,0.0,0.0,0.0,0.0,0.0,0.0,0.0,0.0,0.0,0.0,0.0,0.0,0.0,0.0,8327.596435546875,0.0,157062.1875,46563.0673828125,-2594.9169921875,0.0,2594.90625,0.0,-23.757507915701012,0.0,1.6799068450927734,0.0,TX
8150473,TX,4835,0.35961756110191345,2,0.0,416665.87109375,550018.75,2,0,146426.546875,0.0,397072.625,0.0,0.0,0.0,0.0,0.0,0.0,0.0,0.0,0.0,0.0,0.0,0.0,0.0,0.0,0.0,0.0,0.0,0.0,0.0,0.0,0.0,0.0,0.0,0.0,0.0,0.0,0.0,0.0,0.0,-1400.0,0.0,1400.0,0.0,-32370.65625,0.0,32370.625,0.0,0.0,0.0,0.0,0.0,0.0,0.0,0.0,0.0,-640.0,0.0,640.0,0.0,0.0,0.0,0.0,0.0,0.0,0.0,0.0,0.0,0.0,0.0,0.0,0.0,0.0,0.0,0.0,0.0,0.0,0.0,0.0,0.0,0.0,0.0,0.0,0.0,0.0,0.0,0.0,0.0,0.0,0.0,0.0,0.0,0.0,0.0,0.0,0.0,0.0,0.0,0.0,0.0,112015.890625,0.0,431483.25,0.0,-34410.65625,0.0,34410.625,0.0,-23.500285285956622,0.0,8.666078567504883,0.0,TX
8150474,TX,4835,0.28167492151260376,3,1.0,0.0,73294.6171875,3,0,3771.4921875,0.0,132361.5625,51401.640625,0.0,0.0,0.0,51401.640625,-278.29833984375,0.0,278.3125,0.0,-1728.86572265625,0.0,1728.859375,0.0,1764.86572265625,0.0,-1764.859375,0.0,0.0,0.0,0.0,0.0,-500.0,0.0,500.0,0.0,0.0,0.0,0.0,0.0,0.0,0.0,0.0,0.0,0.0,0.0,0.0,0.0,0.0,0.0,0.0,0.0,0.0,0.0,0.0,0.0,0.0,0.0,0.0,0.0,0.0,0.0,0.0,0.0,0.0,0.0,0.0,0.0,0.0,0.0,0.0,0.0,0.0,0.0,0.0,0.0,0.0,0.0,0.0,0.0,-1374.86572265625,0.0,1374.859375,0.0,0.0,0.0,0.0,0.0,0.0,0.0,0.0,0.0,0.0,0.0,0.0,0.0,0.0,0.0,0.0,0.0,1654.328125,0.0,134478.734375,51401.640625,-2117.1640625,0.0,2117.171875,0.0,-56.13597900366856,0.0,1.5995368957519531,0.0,TX
8150475,TX,4835,0.27465197443962097,1,0.0,0.0,60705.1328125,1,0,4909.82763671875,0.0,86588.84375,25699.73046875,0.0,0.0,0.0,25699.73046875,-743.9658203125,0.0,743.96875,0.0,-935.999755859375,0.0,936.0,0.0,636.0,0.0,-636.0,0.0,0.0,0.0,0.0,0.0,0.0,0.0,0.0,0.0,0.0,0.0,0.0,0.0,0.0,0.0,0.0,0.0,0.0,0.0,0.0,0.0,0.0,0.0,0.0,0.0,0.0,0.0,0.0,0.0,0.0,0.0,0.0,0.0,0.0,0.0,0.0,0.0,0.0,0.0,0.0,0.0,0.0,0.0,0.0,0.0,0.0,0.0,0.0,0.0,0.0,0.0,0.0,0.0,-720.0,0.0,720.0,0.0,0.0,0.0,0.0,0.0,0.0,0.0,0.0,0.0,0.0,0.0,0.0,0.0,0.0,0.0,0.0,0.0,3145.862060546875,0.0,88352.8125,25699.73046875,-1763.965576171875,0.0,1763.96875,0.0,-35.9272403572753,0.0,2.037177801132202,0.0,TX
8150476,TX,4835,42.702449798583984,4,3.0,0.0,3.3090808391571045,4,0,0.0,0.0,22017.9609375,3782.0,18231.09619140625,0.0,0.0,22013.09619140625,0.0,0.0,0.0,0.0,0.0,0.0,0.0,0.0,0.0,0.0,0.0,0.0,0.0,0.0,0.0,0.0,0.0,0.0,0.0,0.0,0.0,0.0,0.0,0.0,0.0,0.0,0.0,0.0,0.0,0.0,0.0,0.0,0.0,0.0,0.0,0.0,0.0,0.0,0.0,0.0,0.0,0.0,0.0,0.0,0.0,0.0,0.0,0.0,0.0,0.0,0.0,0.0,0.0,0.0,0.0,0.0,0.0,0.0,0.0,0.0,0.0,0.0,0.0,0.0,0.0,0.0,0.0,0.0,0.0,0.0,0.0,0.0,0.0,0.0,0.0,0.0,0.0,0.0,0.0,0.0,0.0,0.0,0.0,0.0,0.0,0.0,22017.9609375,22013.09619140625,0.0,0.0,0.0,0.0,0.0,0.0,0.0,0.0,TX
8150477,TX,4835,0.010347802191972733,3,1.0,974151.3818359375,992426.875,3,0,316223.6875,0.0,671588.125,0.0,0.0,0.0,0.0,0.0,-32022.59375,0.0,32022.625,0.0,-5772.0,0.0,5772.0,0.0,0.0,0.0,0.0,0.0,0.0,0.0,0.0,0.0,0.0,0.0,0.0,0.0,0.0,0.0,0.0,0.0,0.0,0.0,0.0,0.0,0.0,0.0,0.0,0.0,0.0,0.0,0.0,0.0,0.0,0.0,0.0,0.0,-740.0,0.0,740.0,0.0,0.0,0.0,0.0,0.0,0.0,0.0,0.0,0.0,0.0,0.0,0.0,0.0,0.0,0.0,0.0,0.0,0.0,0.0,0.0,0.0,0.0,0.0,0.0,0.0,0.0,0.0,0.0,0.0,0.0,0.0,0.0,0.0,0.0,0.0,0.0,0.0,0.0,0.0,0.0,0.0,277689.09375,0.0,710122.75,0.0,-38534.59375,0.0,38534.625,0.0,-12.18586566194539,0.0,5.737835884094238,0.0,TX
8150478,TX,4835,0.1432008594274521,2,0.0,0.0,63666.26953125,2,0,3185.872802734375,0.0,61259.3984375,0.0,0.0,0.0,0.0,0.0,-161.174560546875,0.0,161.171875,0.0,-1268.0712890625,0.0,1268.0703125,0.0,1127.325439453125,0.0,-1127.32421875,0.0,0.0,0.0,0.0,0.0,0.0,0.0,0.0,0.0,0.0,0.0,0.0,0.0,0.0,0.0,0.0,0.0,0.0,0.0,0.0,0.0,0.0,0.0,0.0,0.0,0.0,0.0,0.0,0.0,-240.0,0.0,240.0,0.0,0.0,0.0,0.0,0.0,0.0,0.0,0.0,0.0,0.0,0.0,0.0,0.0,0.0,0.0,0.0,0.0,0.0,0.0,0.0,0.0,-1227.325439453125,0.0,1227.32421875,0.0,0.0,0.0,0.0,0.0,0.0,0.0,0.0,0.0,0.0,0.0,0.0,0.0,0.0,0.0,0.0,0.0,1416.626953125,0.0,63028.640625,0.0,-1769.245849609375,0.0,1769.2421875,0.0,-55.53410192933204,0.0,2.888115406036377,0.0,TX
8150479,TX,4835,0.13635049760341644,3,1.0,245733.59375,253278.296875,3,0,44435.49609375,0.0,217343.28125,0.0,0.0,0.0,0.0,0.0,-4817.7890625,0.0,4817.796875,0.0,0.0,0.0,0.0,0.0,2169.046875,0.0,-2169.046875,0.0,0.0,0.0,0.0,0.0,-500.0,0.0,500.0,0.0,0.0,0.0,0.0,0.0,-241.42578125,0.0,241.4375,0.0,-3803.38671875,0.0,3803.375,0.0,0.0,0.0,0.0,0.0,0.0,0.0,0.0,0.0,-480.0,0.0,480.0,0.0,0.0,0.0,0.0,0.0,0.0,0.0,0.0,0.0,0.0,0.0,0.0,0.0,0.0,0.0,0.0,0.0,0.0,0.0,0.0,0.0,0.0,0.0,0.0,0.0,0.0,0.0,0.0,0.0,0.0,0.0,0.0,0.0,0.0,0.0,0.0,0.0,0.0,0.0,0.0,0.0,36761.94140625,0.0,225016.84375,0.0,-7673.5546875,0.0,7673.5625,0.0,-17.268974945863857,0.0,3.530618667602539,0.0,TX
8150480,TX,4835,71.34618377685547,1,0.0,0.0,1047.620849609375,1,0,0.0,0.0,100166.65625,49596.69921875,0.0,0.0,0.0,49596.69921875,0.0,0.0,0.0,0.0,0.0,0.0,0.0,0.0,0.0,0.0,0.0,0.0,0.0,0.0,0.0,0.0,0.0,0.0,0.0,0.0,0.0,0.0,0.0,0.0,0.0,0.0,0.0,0.0,0.0,0.0,0.0,0.0,0.0,0.0,0.0,0.0,0.0,0.0,0.0,0.0,0.0,0.0,0.0,0.0,0.0,0.0,0.0,0.0,0.0,0.0,0.0,0.0,0.0,0.0,0.0,0.0,0.0,0.0,0.0,0.0,0.0,0.0,0.0,0.0,0.0,0.0,0.0,0.0,0.0,0.0,0.0,0.0,0.0,0.0,0.0,0.0,0.0,0.0,0.0,0.0,0.0,0.0,0.0,0.0,0.0,0.0,100166.65625,49596.69921875,0.0,0.0,0.0,0.0,0.0,0.0,0.0,0.0,TX
8150481,TX,4835,0.17693401873111725,2,0.0,122535.96484375,123877.796875,2,0,13286.669921875,0.0,117318.578125,0.0,0.0,0.0,0.0,0.0,-2181.333984375,0.0,2181.3359375,0.0,-1872.0,0.0,1872.0,0.0,1272.0,0.0,-1272.0,0.0,0.0,0.0,0.0,0.0,0.0,0.0,0.0,0.0,0.0,0.0,0.0,0.0,-186.2509765625,0.0,186.25,0.0,0.0,0.0,0.0,0.0,0.0,0.0,0.0,0.0,0.0,0.0,0.0,0.0,-240.0,0.0,240.0,0.0,0.0,0.0,0.0,0.0,0.0,0.0,0.0,0.0,0.0,0.0,0.0,0.0,0.0,0.0,0.0,0.0,0.0,0.0,0.0,0.0,0.0,0.0,0.0,0.0,0.0,0.0,0.0,0.0,0.0,0.0,0.0,0.0,0.0,0.0,0.0,0.0,0.0,0.0,0.0,0.0,10079.0849609375,0.0,120526.1640625,0.0,-3207.5849609375,0.0,3207.5859375,0.0,-24.14137612959417,0.0,2.734081745147705,0.0,TX
8150482,TX,4835,0.1345328390598297,4,2.0,237160.916015625,379532.96875,4,0,80197.625,0.0,338778.59375,0.0,0.0,0.0,0.0,0.0,0.0,0.0,0.0,0.0,0.0,0.0,0.0,0.0,0.0,0.0,0.0,0.0,0.0,0.0,0.0,0.0,-2700.0,0.0,2700.0,0.0,0.0,0.0,0.0,0.0,-8020.9375,0.0,8020.9375,0.0,-11367.0546875,0.0,11367.0625,0.0,0.0,0.0,0.0,0.0,0.0,0.0,0.0,0.0,0.0,0.0,0.0,0.0,0.0,0.0,0.0,0.0,0.0,0.0,0.0,0.0,0.0,0.0,0.0,0.0,0.0,0.0,0.0,0.0,0.0,0.0,0.0,0.0,0.0,0.0,0.0,0.0,0.0,0.0,0.0,0.0,0.0,0.0,0.0,0.0,0.0,0.0,0.0,0.0,0.0,0.0,0.0,0.0,58109.6328125,0.0,360866.59375,0.0,-22087.9921875,0.0,22088.0,0.0,-27.541953003595804,0.0,6.519892692565918,0.0,TX
8150483,TX,4835,0.11354304850101471,2,0.0,401104.8125,409150.24609375,2,0,111193.9921875,0.0,307682.5625,15695.1572265625,0.0,0.0,0.0,15695.1572265625,0.0,0.0,0.0,0.0,0.0,0.0,0.0,0.0,0.0,0.0,0.0,0.0,0.0,0.0,0.0,0.0,0.0,0.0,0.0,0.0,0.0,0.0,0.0,0.0,0.0,0.0,0.0,0.0,-3685.625,0.0,3685.625,0.0,0.0,0.0,0.0,0.0,0.0,0.0,0.0,0.0,0.0,0.0,0.0,0.0,0.0,0.0,0.0,0.0,0.0,0.0,0.0,0.0,0.0,0.0,0.0,0.0,0.0,0.0,0.0,0.0,0.0,0.0,0.0,0.0,0.0,0.0,0.0,0.0,0.0,0.0,0.0,0.0,0.0,0.0,0.0,0.0,0.0,0.0,0.0,0.0,0.0,0.0,0.0,0.0,107508.3671875,0.0,311368.1875,15695.1572265625,-3685.625,0.0,3685.625,0.0,-3.314590048880648,0.0,1.1978660821914673,0.0,TX
8150484,TX,4835,0.11408105492591858,3,0.0,110221.73046875,110054.484375,1,2,8565.6728515625,0.0,102577.8359375,0.0,0.0,9353.7314453125,0.0,9353.7314453125,-999.134521484375,0.0,999.1328125,0.0,-2751.15771484375,0.0,2751.15625,0.0,1851.15771484375,0.0,-1851.15625,0.0,0.0,0.0,0.0,0.0,0.0,0.0,0.0,0.0,0.0,0.0,0.0,0.0,0.0,0.0,0.0,0.0,0.0,0.0,0.0,0.0,0.0,0.0,0.0,0.0,0.0,0.0,0.0,0.0,-80.09130859375,0.0,80.09375,0.0,0.0,0.0,0.0,0.0,0.0,0.0,0.0,0.0,0.0,0.0,0.0,0.0,0.0,0.0,0.0,0.0,0.0,0.0,0.0,0.0,0.0,0.0,0.0,0.0,0.0,0.0,0.0,0.0,0.0,0.0,0.0,0.0,0.0,0.0,0.0,0.0,0.0,0.0,0.0,0.0,6586.447021484375,0.0,104557.0625,9353.7314453125,-1979.225830078125,0.0,1979.2265625,0.0,-23.10648403665202,0.0,1.9294874668121338,0.0,TX
8150485,TX,4835,6.490850925445557,1,0.0,0.0,0.0,0,1,0.0,0.0,31090.267578125,15853.9755859375,0.0,0.0,0.0,15853.9755859375,0.0,0.0,0.0,0.0,0.0,0.0,0.0,0.0,0.0,0.0,0.0,0.0,0.0,0.0,0.0,0.0,0.0,0.0,0.0,0.0,0.0,0.0,0.0,0.0,0.0,0.0,0.0,0.0,0.0,0.0,0.0,0.0,0.0,0.0,0.0,0.0,0.0,0.0,0.0,0.0,0.0,0.0,0.0,0.0,0.0,0.0,0.0,0.0,0.0,0.0,0.0,0.0,0.0,0.0,0.0,0.0,0.0,0.0,0.0,0.0,0.0,0.0,0.0,0.0,0.0,0.0,0.0,0.0,0.0,0.0,0.0,0.0,0.0,0.0,0.0,0.0,0.0,0.0,0.0,0.0,0.0,0.0,0.0,0.0,0.0,0.0,31090.267578125,15853.9755859375,0.0,0.0,0.0,0.0,0.0,0.0,0.0,0.0,TX
8150486,TX,4835,145.53005981445312,2,0.0,8943.175109863281,13340.173828125,2,0,0.0,0.0,17441.6953125,4785.28466796875,0.0,0.0,0.0,4785.28466796875,0.0,0.0,0.0,0.0,0.0,0.0,0.0,0.0,0.0,0.0,0.0,0.0,0.0,0.0,0.0,0.0,0.0,0.0,0.0,0.0,0.0,0.0,0.0,0.0,0.0,0.0,0.0,0.0,0.0,0.0,0.0,0.0,0.0,0.0,0.0,0.0,0.0,0.0,0.0,0.0,0.0,0.0,0.0,0.0,0.0,0.0,0.0,0.0,0.0,0.0,0.0,0.0,0.0,0.0,0.0,0.0,0.0,0.0,0.0,0.0,0.0,0.0,0.0,0.0,0.0,0.0,0.0,0.0,0.0,0.0,0.0,0.0,0.0,0.0,0.0,0.0,0.0,0.0,0.0,0.0,0.0,0.0,0.0,0.0,0.0,0.0,17441.6953125,4785.28466796875,0.0,0.0,0.0,0.0,0.0,0.0,0.0,0.0,TX
8150487,TX,4835,47.309837341308594,2,0.0,27874.83203125,27875.66015625,0,2,67.5660171508789,0.0,57706.890625,719.1133422851562,0.0,31311.720703125,0.0,32030.834045410156,0.0,0.0,0.0,0.0,-67.5660171508789,0.0,67.5703125,0.0,0.0,0.0,0.0,0.0,0.0,0.0,0.0,0.0,0.0,0.0,0.0,0.0,0.0,0.0,0.0,0.0,0.0,0.0,0.0,0.0,0.0,0.0,0.0,0.0,0.0,0.0,0.0,0.0,0.0,0.0,0.0,0.0,0.0,0.0,0.0,0.0,0.0,0.0,0.0,0.0,0.0,0.0,0.0,0.0,0.0,0.0,0.0,0.0,0.0,0.0,0.0,0.0,0.0,0.0,0.0,0.0,0.0,0.0,0.0,0.0,0.0,0.0,0.0,0.0,0.0,0.0,0.0,0.0,0.0,0.0,0.0,0.0,0.0,0.0,0.0,0.0,0.0,0.0,57774.4609375,32030.834045410156,-67.5660171508789,0.0,67.5703125,0.0,-100.0,0.0,0.11709227412939072,0.0,TX
8150488,TX,4835,107.14356231689453,2,0.0,27990.976440429688,27990.9765625,1,1,0.0,0.0,55815.16796875,7153.224609375,0.0,15946.7353515625,0.0,23099.9599609375,0.0,0.0,0.0,0.0,0.0,0.0,0.0,0.0,0.0,0.0,0.0,0.0,0.0,0.0,0.0,0.0,0.0,0.0,0.0,0.0,0.0,0.0,0.0,0.0,0.0,0.0,0.0,0.0,0.0,0.0,0.0,0.0,0.0,0.0,0.0,0.0,0.0,0.0,0.0,0.0,0.0,0.0,0.0,0.0,0.0,0.0,0.0,0.0,0.0,0.0,0.0,0.0,0.0,0.0,0.0,0.0,0.0,0.0,0.0,0.0,0.0,0.0,0.0,0.0,0.0,0.0,0.0,0.0,0.0,0.0,0.0,0.0,0.0,0.0,0.0,0.0,0.0,0.0,0.0,0.0,0.0,0.0,0.0,0.0,0.0,0.0,55815.16796875,23099.9599609375,0.0,0.0,0.0,0.0,0.0,0.0,0.0,0.0,TX
8150489,TX,4835,0.11309658735990524,2,0.0,0.0,18370.89453125,2,0,389.2028503417969,0.0,20181.20703125,3596.039794921875,0.0,0.0,0.0,3596.039794921875,0.0,0.0,0.0,0.0,-477.0894470214844,0.0,477.08984375,0.0,227.08944702148438,0.0,-227.08984375,0.0,0.0,0.0,0.0,0.0,0.0,0.0,0.0,0.0,0.0,0.0,0.0,0.0,-45.41796875,0.0,45.41796875,0.0,0.0,0.0,0.0,0.0,0.0,0.0,0.0,0.0,0.0,0.0,0.0,0.0,0.0,0.0,0.0,0.0,0.0,0.0,0.0,0.0,0.0,0.0,0.0,0.0,0.0,0.0,0.0,0.0,0.0,0.0,0.0,0.0,0.0,0.0,0.0,0.0,0.0,0.0,0.0,0.0,-84.30780792236328,0.0,84.30859375,0.0,0.0,0.0,0.0,0.0,0.0,0.0,0.0,0.0,0.0,0.0,0.0,0.0,9.477073669433594,0.0,20560.93359375,3596.039794921875,-379.7257766723633,0.0,379.7265625,0.0,-97.56500404323585,0.0,1.8815851211547852,0.0,TX
8150490,TX,4835,0.11025021225214005,2,0.0,1743891.1875,1794552.9375,2,0,586041.546875,0.0,1219333.375,0.0,0.0,0.0,0.0,0.0,-18447.40625,0.0,18447.375,0.0,-2886.0,0.0,2886.0,0.0,0.0,0.0,0.0,0.0,0.0,0.0,0.0,0.0,0.0,0.0,0.0,0.0,0.0,0.0,0.0,0.0,0.0,0.0,0.0,0.0,0.0,0.0,0.0,0.0,0.0,0.0,0.0,0.0,0.0,0.0,0.0,0.0,0.0,0.0,0.0,0.0,-2024.53125,0.0,2024.5,0.0,0.0,0.0,0.0,0.0,3638.4375,0.0,-3638.375,0.0,0.0,0.0,0.0,0.0,0.0,0.0,0.0,0.0,0.0,0.0,0.0,0.0,0.0,0.0,0.0,0.0,0.0,0.0,0.0,0.0,0.0,0.0,0.0,0.0,0.0,0.0,0.0,0.0,566322.046875,0.0,1239052.875,0.0,-19719.5,0.0,19719.5,0.0,-3.364863823248027,0.0,1.6172360181808472,0.0,TX
8150491,TX,4835,355.7279052734375,1,0.0,0.0,0.0,1,0,0.0,0.0,38293.46875,18070.30859375,20223.16015625,0.0,0.0,38293.46875,0.0,0.0,0.0,0.0,0.0,0.0,0.0,0.0,0.0,0.0,0.0,0.0,0.0,0.0,0.0,0.0,0.0,0.0,0.0,0.0,0.0,0.0,0.0,0.0,0.0,0.0,0.0,0.0,0.0,0.0,0.0,0.0,0.0,0.0,0.0,0.0,0.0,0.0,0.0,0.0,0.0,0.0,0.0,0.0,0.0,0.0,0.0,0.0,0.0,0.0,0.0,0.0,0.0,0.0,0.0,0.0,0.0,0.0,0.0,0.0,0.0,0.0,0.0,0.0,0.0,0.0,0.0,0.0,0.0,0.0,0.0,0.0,0.0,0.0,0.0,0.0,0.0,0.0,0.0,0.0,0.0,0.0,0.0,0.0,0.0,0.0,38293.46875,38293.46875,0.0,0.0,0.0,0.0,0.0,0.0,0.0,0.0,TX
8150492,TX,4835,109.59040832519531,1,0.0,0.0,0.0,1,0,0.0,0.0,40985.828125,20762.66796875,20223.16015625,0.0,0.0,40985.828125,0.0,0.0,0.0,0.0,0.0,0.0,0.0,0.0,0.0,0.0,0.0,0.0,0.0,0.0,0.0,0.0,0.0,0.0,0.0,0.0,0.0,0.0,0.0,0.0,0.0,0.0,0.0,0.0,0.0,0.0,0.0,0.0,0.0,0.0,0.0,0.0,0.0,0.0,0.0,0.0,0.0,0.0,0.0,0.0,0.0,0.0,0.0,0.0,0.0,0.0,0.0,0.0,0.0,0.0,0.0,0.0,0.0,0.0,0.0,0.0,0.0,0.0,0.0,0.0,0.0,0.0,0.0,0.0,0.0,0.0,0.0,0.0,0.0,0.0,0.0,0.0,0.0,0.0,0.0,0.0,0.0,0.0,-20223.16015625,-20223.16015625,0.0,0.0,20762.66796875,20762.66796875,0.0,0.0,-20223.16015625,-20223.16015625,0.0,0.0,-49.341835021972656,-49.341836145344445,TX
8150493,TX,4835,267.0937805175781,4,2.0,47038.7783203125,12197.6064453125,3,1,0.0,0.0,58539.5390625,1003.27294921875,14093.5859375,0.0,0.0,15096.85888671875,0.0,0.0,0.0,0.0,0.0,0.0,0.0,0.0,0.0,0.0,0.0,0.0,0.0,0.0,0.0,0.0,0.0,0.0,0.0,0.0,0.0,0.0,0.0,0.0,0.0,0.0,0.0,0.0,0.0,0.0,0.0,0.0,0.0,0.0,0.0,0.0,0.0,0.0,0.0,0.0,0.0,0.0,0.0,0.0,0.0,0.0,0.0,0.0,0.0,0.0,0.0,0.0,0.0,0.0,0.0,0.0,0.0,0.0,0.0,0.0,0.0,0.0,0.0,0.0,0.0,0.0,0.0,0.0,0.0,0.0,0.0,0.0,0.0,0.0,0.0,0.0,0.0,0.0,0.0,0.0,0.0,0.0,0.0,0.0,0.0,0.0,58539.5390625,15096.85888671875,0.0,0.0,0.0,0.0,0.0,0.0,0.0,0.0,TX
8150494,TX,4835,0.10535059869289398,2,0.0,551209.8125,622174.765625,2,0,159332.8359375,0.0,499727.625,0.0,0.0,0.0,0.0,0.0,0.0,0.0,0.0,0.0,0.0,0.0,0.0,0.0,0.0,0.0,0.0,0.0,0.0,0.0,0.0,0.0,0.0,0.0,0.0,0.0,0.0,0.0,0.0,0.0,0.0,0.0,0.0,0.0,-15116.5,0.0,15116.5,0.0,0.0,0.0,0.0,0.0,0.0,0.0,0.0,0.0,0.0,0.0,0.0,0.0,0.0,0.0,0.0,0.0,0.0,0.0,0.0,0.0,0.0,0.0,0.0,0.0,0.0,0.0,0.0,0.0,0.0,0.0,0.0,0.0,0.0,0.0,0.0,0.0,0.0,0.0,0.0,0.0,0.0,0.0,0.0,0.0,0.0,0.0,0.0,0.0,0.0,0.0,0.0,0.0,144216.3359375,0.0,514844.125,0.0,-15116.5,0.0,15116.5,0.0,-9.487372713261445,0.0,3.0249478816986084,0.0,TX
8150495,TX,4835,73.9621353149414,3,1.0,0.0,297.8172912597656,3,0,0.0,0.0,86644.8203125,38410.06640625,4137.51025390625,6252.48046875,0.0,48800.05712890625,0.0,0.0,0.0,0.0,0.0,0.0,0.0,0.0,0.0,0.0,0.0,0.0,0.0,0.0,0.0,0.0,0.0,0.0,0.0,0.0,0.0,0.0,0.0,0.0,0.0,0.0,0.0,0.0,0.0,0.0,0.0,0.0,0.0,0.0,0.0,0.0,0.0,0.0,0.0,0.0,0.0,0.0,0.0,0.0,0.0,0.0,0.0,0.0,0.0,0.0,0.0,0.0,0.0,0.0,0.0,0.0,0.0,0.0,0.0,0.0,0.0,0.0,0.0,0.0,0.0,0.0,0.0,0.0,0.0,0.0,0.0,0.0,0.0,0.0,0.0,0.0,0.0,0.0,0.0,0.0,0.0,0.0,0.0,0.0,0.0,0.0,86644.8203125,48800.05712890625,0.0,0.0,0.0,0.0,0.0,0.0,0.0,0.0,TX
8150496,TX,4835,0.11419785767793655,2,0.0,421494.28125,433726.8125,1,1,116564.7421875,0.0,293595.625,0.0,0.0,0.0,0.0,0.0,0.0,0.0,0.0,0.0,0.0,0.0,0.0,0.0,0.0,0.0,0.0,0.0,0.0,0.0,0.0,0.0,0.0,0.0,0.0,0.0,0.0,0.0,0.0,0.0,0.0,0.0,0.0,0.0,-34999.2109375,0.0,34999.21875,0.0,0.0,0.0,0.0,0.0,0.0,0.0,0.0,0.0,0.0,0.0,0.0,0.0,0.0,0.0,0.0,0.0,0.0,0.0,0.0,0.0,0.0,0.0,0.0,0.0,0.0,0.0,0.0,0.0,0.0,0.0,0.0,0.0,0.0,0.0,0.0,0.0,0.0,0.0,0.0,0.0,0.0,0.0,0.0,0.0,0.0,0.0,0.0,0.0,0.0,0.0,0.0,0.0,81565.53125,0.0,328594.84375,0.0,-34999.2109375,0.0,34999.21875,0.0,-30.025555138450084,0.0,11.920892715454102,0.0,TX
8150497,TX,4835,0.1562211513519287,3,0.0,100698.1875,309643.8671875,3,0,49258.15234375,0.0,318386.34375,8696.6435546875,0.0,0.0,0.0,8696.6435546875,-7006.970703125,0.0,7006.96875,0.0,-5148.0,0.0,5148.0,0.0,3498.0,0.0,-3498.0,0.0,0.0,0.0,0.0,0.0,0.0,0.0,0.0,0.0,0.0,0.0,0.0,0.0,0.0,0.0,0.0,0.0,0.0,0.0,0.0,0.0,0.0,0.0,0.0,0.0,0.0,0.0,0.0,0.0,0.0,0.0,0.0,0.0,0.0,0.0,0.0,0.0,0.0,0.0,0.0,0.0,0.0,0.0,0.0,0.0,0.0,0.0,0.0,0.0,0.0,0.0,0.0,0.0,-915.0146484375,0.0,915.0,0.0,0.0,0.0,0.0,0.0,0.0,0.0,0.0,0.0,0.0,0.0,0.0,0.0,0.0,0.0,0.0,0.0,39686.1669921875,0.0,327958.3125,8696.6435546875,-9571.9853515625,0.0,9571.96875,0.0,-19.432286628950298,0.0,3.0064005851745605,0.0,TX
8150498,TX,4835,130.26370239257812,1,0.0,0.0,41.36351013183594,1,0,0.0,0.0,66608.296875,33273.734375,0.0,0.0,0.0,33273.734375,0.0,0.0,0.0,0.0,0.0,0.0,0.0,0.0,0.0,0.0,0.0,0.0,0.0,0.0,0.0,0.0,0.0,0.0,0.0,0.0,0.0,0.0,0.0,0.0,0.0,0.0,0.0,0.0,0.0,0.0,0.0,0.0,0.0,0.0,0.0,0.0,0.0,0.0,0.0,0.0,0.0,0.0,0.0,0.0,0.0,0.0,0.0,0.0,0.0,0.0,0.0,0.0,0.0,0.0,0.0,0.0,0.0,0.0,0.0,0.0,0.0,0.0,0.0,0.0,0.0,0.0,0.0,0.0,0.0,0.0,0.0,0.0,0.0,0.0,0.0,0.0,0.0,0.0,0.0,0.0,0.0,0.0,0.0,0.0,0.0,0.0,66608.296875,33273.734375,0.0,0.0,0.0,0.0,0.0,0.0,0.0,0.0,TX
8150499,TX,4835,0.12014022469520569,3,1.0,1316479.9375,1396861.5,3,0,470329.84375,0.0,961940.125,21390.796875,0.0,0.0,0.0,21390.796875,-41475.15625,0.0,41475.125,0.0,-5772.0,0.0,5772.0,0.0,0.0,0.0,0.0,0.0,0.0,0.0,0.0,0.0,0.0,0.0,0.0,0.0,0.0,0.0,0.0,0.0,-373.78125,0.0,373.75,0.0,0.0,0.0,0.0,0.0,0.0,0.0,0.0,0.0,0.0,0.0,0.0,0.0,-740.0,0.0,740.0,0.0,0.0,0.0,0.0,0.0,0.0,0.0,0.0,0.0,0.0,0.0,0.0,0.0,0.0,0.0,0.0,0.0,0.0,0.0,0.0,0.0,0.0,0.0,0.0,0.0,0.0,0.0,0.0,0.0,0.0,0.0,0.0,0.0,0.0,0.0,0.0,0.0,0.0,0.0,0.0,0.0,421968.90625,0.0,1010301.0,21390.796875,-48360.9375,0.0,48360.875,0.0,-10.282345069666867,0.0,5.027431011199951,0.0,TX
8150500,TX,4835,208.33567810058594,3,2.0,0.0,0.0,2,1,0.0,0.0,39895.7890625,25802.201171875,14093.5859375,0.0,0.0,39895.787109375,0.0,0.0,0.0,0.0,0.0,0.0,0.0,0.0,0.0,0.0,0.0,0.0,0.0,0.0,0.0,0.0,0.0,0.0,0.0,0.0,0.0,0.0,0.0,0.0,0.0,0.0,0.0,0.0,0.0,0.0,0.0,0.0,0.0,0.0,0.0,0.0,0.0,0.0,0.0,0.0,0.0,0.0,0.0,0.0,0.0,0.0,0.0,0.0,0.0,0.0,0.0,0.0,0.0,0.0,0.0,0.0,0.0,0.0,0.0,0.0,0.0,0.0,0.0,0.0,0.0,0.0,0.0,0.0,0.0,0.0,0.0,0.0,0.0,0.0,0.0,0.0,0.0,0.0,0.0,0.0,0.0,0.0,0.0,0.0,0.0,0.0,39895.7890625,39895.787109375,0.0,0.0,0.0,0.0,0.0,0.0,0.0,0.0,TX
8150501,TX,4835,0.15323124825954437,4,2.0,151663.84375,151953.390625,3,1,17463.34765625,0.0,145577.875,0.0,0.0,0.0,0.0,0.0,-2925.6015625,0.0,2925.59375,0.0,-3207.3388671875,0.0,3207.34375,0.0,4439.3388671875,0.0,-4439.34375,0.0,0.0,0.0,0.0,0.0,-4400.0,0.0,4400.0,0.0,0.0,0.0,0.0,0.0,0.0,0.0,0.0,0.0,0.0,0.0,0.0,0.0,0.0,0.0,0.0,0.0,0.0,0.0,0.0,0.0,0.0,0.0,0.0,0.0,0.0,0.0,0.0,0.0,0.0,0.0,0.0,0.0,0.0,0.0,0.0,0.0,0.0,0.0,0.0,0.0,0.0,0.0,0.0,0.0,0.0,0.0,0.0,0.0,0.0,0.0,0.0,0.0,0.0,0.0,0.0,0.0,0.0,0.0,0.0,0.0,0.0,0.0,0.0,0.0,11369.74609375,0.0,151671.46875,0.0,-6093.6015625,0.0,6093.59375,0.0,-34.893662328935804,0.0,4.185796737670898,0.0,TX
8150502,TX,4835,43.11257553100586,4,2.0,0.0,-10857.7998046875,4,0,0.0,0.0,45762.51171875,20039.70703125,8275.0205078125,0.0,0.0,28314.7275390625,0.0,0.0,0.0,0.0,0.0,0.0,0.0,0.0,0.0,0.0,0.0,0.0,0.0,0.0,0.0,0.0,0.0,0.0,0.0,0.0,0.0,0.0,0.0,0.0,0.0,0.0,0.0,0.0,0.0,0.0,0.0,0.0,0.0,0.0,0.0,0.0,0.0,0.0,0.0,0.0,0.0,0.0,0.0,0.0,0.0,0.0,0.0,0.0,0.0,0.0,0.0,0.0,0.0,0.0,0.0,0.0,0.0,0.0,0.0,0.0,0.0,0.0,0.0,0.0,0.0,0.0,0.0,0.0,0.0,0.0,0.0,0.0,0.0,0.0,0.0,0.0,0.0,0.0,0.0,0.0,0.0,0.0,0.0,0.0,0.0,0.0,45762.51171875,28314.7275390625,0.0,0.0,0.0,0.0,0.0,0.0,0.0,0.0,TX
8150503,TX,4835,120.3525619506836,2,0.0,0.0,2167.371337890625,2,0,0.0,0.0,108737.5,53285.0625,0.0,0.0,0.0,53285.0625,0.0,0.0,0.0,0.0,0.0,0.0,0.0,0.0,0.0,0.0,0.0,0.0,0.0,0.0,0.0,0.0,0.0,0.0,0.0,0.0,0.0,0.0,0.0,0.0,0.0,0.0,0.0,0.0,0.0,0.0,0.0,0.0,0.0,0.0,0.0,0.0,0.0,0.0,0.0,0.0,0.0,0.0,0.0,0.0,0.0,0.0,0.0,0.0,0.0,0.0,0.0,0.0,0.0,0.0,0.0,0.0,0.0,0.0,0.0,0.0,0.0,0.0,0.0,0.0,0.0,0.0,0.0,0.0,0.0,0.0,0.0,0.0,0.0,0.0,0.0,0.0,0.0,0.0,0.0,0.0,0.0,0.0,0.0,0.0,0.0,0.0,108737.5,53285.0625,0.0,0.0,0.0,0.0,0.0,0.0,0.0,0.0,TX
8150504,TX,4835,0.1690654158592224,4,0.0,197446.7265625,197446.7265625,4,0,19027.0087890625,0.0,163679.109375,0.0,0.0,364.083984375,0.0,364.083984375,-2853.4013671875,0.0,2853.40625,0.0,-3744.0,0.0,3744.0,0.0,2544.0,0.0,-2544.0,0.0,0.0,0.0,0.0,0.0,0.0,0.0,0.0,0.0,0.0,0.0,0.0,0.0,0.0,0.0,0.0,0.0,0.0,0.0,0.0,0.0,0.0,0.0,0.0,0.0,0.0,0.0,0.0,0.0,0.0,0.0,0.0,0.0,0.0,0.0,0.0,0.0,0.0,0.0,0.0,0.0,0.0,0.0,0.0,0.0,0.0,0.0,0.0,0.0,0.0,0.0,0.0,0.0,0.0,0.0,0.0,0.0,0.0,0.0,0.0,0.0,0.0,0.0,0.0,0.0,0.0,0.0,0.0,0.0,0.0,0.0,0.0,0.0,14973.607421875,0.0,167732.515625,364.083984375,-4053.4013671875,0.0,4053.40625,0.0,-21.303408287263526,0.0,2.4764347076416016,0.0,TX
8150505,TX,4835,112.51295471191406,2,0.0,0.0,-5388.0810546875,2,0,0.0,0.0,67122.890625,33705.2890625,0.0,0.0,0.0,33705.2890625,0.0,0.0,0.0,0.0,0.0,0.0,0.0,0.0,0.0,0.0,0.0,0.0,0.0,0.0,0.0,0.0,0.0,0.0,0.0,0.0,0.0,0.0,0.0,0.0,0.0,0.0,0.0,0.0,0.0,0.0,0.0,0.0,0.0,0.0,0.0,0.0,0.0,0.0,0.0,0.0,0.0,0.0,0.0,0.0,0.0,0.0,0.0,0.0,0.0,0.0,0.0,0.0,0.0,0.0,0.0,0.0,0.0,0.0,0.0,0.0,0.0,0.0,0.0,0.0,0.0,0.0,0.0,0.0,0.0,0.0,0.0,0.0,0.0,0.0,0.0,0.0,0.0,0.0,0.0,0.0,0.0,0.0,0.0,0.0,0.0,0.0,67122.890625,33705.2890625,0.0,0.0,0.0,0.0,0.0,0.0,0.0,0.0,TX
8150506,TX,4835,13.863853454589844,1,0.0,0.0,0.0,1,0,0.0,0.0,24149.19921875,3926.039794921875,20223.16015625,0.0,0.0,24149.199951171875,0.0,0.0,0.0,0.0,0.0,0.0,0.0,0.0,0.0,0.0,0.0,0.0,0.0,0.0,0.0,0.0,0.0,0.0,0.0,0.0,0.0,0.0,0.0,0.0,0.0,0.0,0.0,0.0,0.0,0.0,0.0,0.0,0.0,0.0,0.0,0.0,0.0,0.0,0.0,0.0,0.0,0.0,0.0,0.0,0.0,0.0,0.0,0.0,0.0,0.0,0.0,0.0,0.0,0.0,0.0,0.0,0.0,0.0,0.0,0.0,0.0,0.0,0.0,0.0,0.0,0.0,0.0,0.0,0.0,0.0,0.0,0.0,0.0,0.0,0.0,0.0,0.0,0.0,0.0,0.0,0.0,0.0,0.0,0.0,0.0,0.0,24149.19921875,24149.199951171875,0.0,0.0,0.0,0.0,0.0,0.0,0.0,0.0,TX
8150507,TX,4835,68.10072326660156,1,0.0,0.0,165.45404052734375,1,0,0.0,0.0,54391.609375,27074.146484375,0.0,0.0,0.0,27074.146484375,0.0,0.0,0.0,0.0,0.0,0.0,0.0,0.0,0.0,0.0,0.0,0.0,0.0,0.0,0.0,0.0,0.0,0.0,0.0,0.0,0.0,0.0,0.0,0.0,0.0,0.0,0.0,0.0,0.0,0.0,0.0,0.0,0.0,0.0,0.0,0.0,0.0,0.0,0.0,0.0,0.0,0.0,0.0,0.0,0.0,0.0,0.0,0.0,0.0,0.0,0.0,0.0,0.0,0.0,0.0,0.0,0.0,0.0,0.0,0.0,0.0,0.0,0.0,0.0,0.0,0.0,0.0,0.0,0.0,0.0,0.0,0.0,0.0,0.0,0.0,0.0,0.0,0.0,0.0,0.0,0.0,0.0,0.0,0.0,0.0,0.0,54391.609375,27074.146484375,0.0,0.0,0.0,0.0,0.0,0.0,0.0,0.0,TX
8150508,TX,4835,113.80628204345703,1,0.0,0.0,806.3076171875,1,0,0.0,0.0,51287.84375,24693.71484375,0.0,0.0,0.0,24693.71484375,0.0,0.0,0.0,0.0,0.0,0.0,0.0,0.0,0.0,0.0,0.0,0.0,0.0,0.0,0.0,0.0,0.0,0.0,0.0,0.0,0.0,0.0,0.0,0.0,0.0,0.0,0.0,0.0,0.0,0.0,0.0,0.0,0.0,0.0,0.0,0.0,0.0,0.0,0.0,0.0,0.0,0.0,0.0,0.0,0.0,0.0,0.0,0.0,0.0,0.0,0.0,0.0,0.0,0.0,0.0,0.0,0.0,0.0,0.0,0.0,0.0,0.0,0.0,0.0,0.0,0.0,0.0,0.0,0.0,0.0,0.0,0.0,0.0,0.0,0.0,0.0,0.0,0.0,0.0,0.0,0.0,0.0,0.0,0.0,0.0,0.0,51287.84375,24693.71484375,0.0,0.0,0.0,0.0,0.0,0.0,0.0,0.0,TX
8150509,TX,4835,0.18564654886722565,5,3.0,221577.65625,400199.84375,5,0,92118.5,0.0,367505.25,0.0,0.0,0.0,0.0,0.0,0.0,0.0,0.0,0.0,0.0,0.0,0.0,0.0,0.0,0.0,0.0,0.0,0.0,0.0,0.0,0.0,-6550.0,0.0,6550.0,0.0,0.0,0.0,0.0,0.0,0.0,0.0,0.0,0.0,-21802.3984375,0.0,21802.40625,0.0,0.0,0.0,0.0,0.0,0.0,0.0,0.0,0.0,0.0,0.0,0.0,0.0,0.0,0.0,0.0,0.0,0.0,0.0,0.0,0.0,0.0,0.0,0.0,0.0,0.0,0.0,0.0,0.0,0.0,0.0,0.0,0.0,0.0,0.0,0.0,0.0,0.0,0.0,0.0,0.0,0.0,0.0,0.0,0.0,0.0,0.0,0.0,0.0,0.0,0.0,0.0,0.0,63766.1015625,0.0,395857.65625,0.0,-28352.3984375,0.0,28352.40625,0.0,-30.778180753594555,0.0,7.71483039855957,0.0,TX
8150510,TX,4835,70.39883422851562,1,0.0,0.0,19.85448455810547,1,0,0.0,0.0,65948.859375,32959.83203125,0.0,0.0,0.0,32959.83203125,0.0,0.0,0.0,0.0,0.0,0.0,0.0,0.0,0.0,0.0,0.0,0.0,0.0,0.0,0.0,0.0,0.0,0.0,0.0,0.0,0.0,0.0,0.0,0.0,0.0,0.0,0.0,0.0,0.0,0.0,0.0,0.0,0.0,0.0,0.0,0.0,0.0,0.0,0.0,0.0,0.0,0.0,0.0,0.0,0.0,0.0,0.0,0.0,0.0,0.0,0.0,0.0,0.0,0.0,0.0,0.0,0.0,0.0,0.0,0.0,0.0,0.0,0.0,0.0,0.0,0.0,0.0,0.0,0.0,0.0,0.0,0.0,0.0,0.0,0.0,0.0,0.0,0.0,0.0,0.0,0.0,0.0,0.0,0.0,0.0,0.0,65948.859375,32959.83203125,0.0,0.0,0.0,0.0,0.0,0.0,0.0,0.0,TX
8150511,TX,4835,92.67172241210938,1,0.0,0.0,0.0,1,0,0.0,0.0,93277.1953125,46638.59765625,0.0,0.0,0.0,46638.59765625,0.0,0.0,0.0,0.0,0.0,0.0,0.0,0.0,0.0,0.0,0.0,0.0,0.0,0.0,0.0,0.0,0.0,0.0,0.0,0.0,0.0,0.0,0.0,0.0,0.0,0.0,0.0,0.0,0.0,0.0,0.0,0.0,0.0,0.0,0.0,0.0,0.0,0.0,0.0,0.0,0.0,0.0,0.0,0.0,0.0,0.0,0.0,0.0,0.0,0.0,0.0,0.0,0.0,0.0,0.0,0.0,0.0,0.0,0.0,0.0,0.0,0.0,0.0,0.0,0.0,0.0,0.0,0.0,0.0,0.0,0.0,0.0,0.0,0.0,0.0,0.0,0.0,0.0,0.0,0.0,0.0,0.0,0.0,0.0,0.0,0.0,93277.1953125,46638.59765625,0.0,0.0,0.0,0.0,0.0,0.0,0.0,0.0,TX
8150512,TX,4835,0.14726246893405914,1,0.0,86279.859375,88678.9453125,1,0,13232.236328125,0.0,89387.484375,0.0,0.0,0.0,0.0,0.0,-2002.8681640625,0.0,2002.875,0.0,-1716.0,0.0,1716.0,0.0,1166.0,0.0,-1166.0,0.0,0.0,0.0,0.0,0.0,0.0,0.0,0.0,0.0,0.0,0.0,0.0,0.0,0.0,0.0,0.0,0.0,0.0,0.0,0.0,0.0,0.0,0.0,0.0,0.0,0.0,0.0,0.0,0.0,0.0,0.0,0.0,0.0,0.0,0.0,0.0,0.0,0.0,0.0,0.0,0.0,0.0,0.0,0.0,0.0,0.0,0.0,0.0,0.0,0.0,0.0,0.0,0.0,0.0,0.0,0.0,0.0,0.0,0.0,0.0,0.0,0.0,0.0,0.0,0.0,0.0,0.0,0.0,0.0,0.0,0.0,0.0,0.0,10679.3681640625,0.0,91940.359375,0.0,-2552.8681640625,0.0,2552.875,0.0,-19.292794511509754,0.0,2.8559646606445312,0.0,TX
8150513,TX,4835,63.29750061035156,1,0.0,0.0,0.0,1,0,0.0,0.0,77691.03125,38845.515625,0.0,0.0,0.0,38845.515625,0.0,0.0,0.0,0.0,0.0,0.0,0.0,0.0,0.0,0.0,0.0,0.0,0.0,0.0,0.0,0.0,0.0,0.0,0.0,0.0,0.0,0.0,0.0,0.0,0.0,0.0,0.0,0.0,0.0,0.0,0.0,0.0,0.0,0.0,0.0,0.0,0.0,0.0,0.0,0.0,0.0,0.0,0.0,0.0,0.0,0.0,0.0,0.0,0.0,0.0,0.0,0.0,0.0,0.0,0.0,0.0,0.0,0.0,0.0,0.0,0.0,0.0,0.0,0.0,0.0,0.0,0.0,0.0,0.0,0.0,0.0,0.0,0.0,0.0,0.0,0.0,0.0,0.0,0.0,0.0,0.0,0.0,0.0,0.0,0.0,0.0,77691.03125,38845.515625,0.0,0.0,0.0,0.0,0.0,0.0,0.0,0.0,TX
8150514,TX,4835,0.2524717450141907,3,0.0,103179.828125,135600.703125,3,0,14825.67578125,0.0,111768.890625,0.0,0.0,0.0,0.0,0.0,-2609.0810546875,0.0,2609.0859375,0.0,-1576.5107421875,0.0,1576.5078125,0.0,1532.0703125,0.0,-1532.0703125,0.0,0.0,0.0,0.0,0.0,0.0,0.0,0.0,0.0,0.0,0.0,0.0,0.0,-1038.130859375,0.0,1038.1328125,0.0,0.0,0.0,0.0,0.0,0.0,0.0,0.0,0.0,0.0,0.0,0.0,0.0,-60.9775390625,0.0,60.9765625,0.0,0.0,0.0,0.0,0.0,0.0,0.0,0.0,0.0,0.0,0.0,0.0,0.0,0.0,0.0,0.0,0.0,0.0,0.0,0.0,0.0,0.0,0.0,0.0,0.0,0.0,0.0,0.0,0.0,0.0,0.0,0.0,0.0,0.0,0.0,0.0,0.0,0.0,0.0,0.0,0.0,11073.0458984375,0.0,115521.5234375,0.0,-3752.6298828125,0.0,3752.6328125,0.0,-25.311695319537762,0.0,3.3574931621551514,0.0,TX
8150515,TX,4835,149.68222045898438,1,0.0,0.0,0.0,1,0,0.0,0.0,32902.10546875,12678.9443359375,20223.16015625,0.0,0.0,32902.1044921875,0.0,0.0,0.0,0.0,0.0,0.0,0.0,0.0,0.0,0.0,0.0,0.0,0.0,0.0,0.0,0.0,0.0,0.0,0.0,0.0,0.0,0.0,0.0,0.0,0.0,0.0,0.0,0.0,0.0,0.0,0.0,0.0,0.0,0.0,0.0,0.0,0.0,0.0,0.0,0.0,0.0,0.0,0.0,0.0,0.0,0.0,0.0,0.0,0.0,0.0,0.0,0.0,0.0,0.0,0.0,0.0,0.0,0.0,0.0,0.0,0.0,0.0,0.0,0.0,0.0,0.0,0.0,0.0,0.0,0.0,0.0,0.0,0.0,0.0,0.0,0.0,0.0,0.0,0.0,0.0,0.0,0.0,0.0,0.0,0.0,0.0,32902.10546875,32902.1044921875,0.0,0.0,0.0,0.0,0.0,0.0,0.0,0.0,TX
8150516,TX,4835,369.8979797363281,1,0.0,0.0,0.8272702097892761,1,0,0.0,0.0,42294.28125,29213.767578125,0.0,0.0,0.0,29213.767578125,0.0,0.0,0.0,0.0,0.0,0.0,0.0,0.0,0.0,0.0,0.0,0.0,0.0,0.0,0.0,0.0,0.0,0.0,0.0,0.0,0.0,0.0,0.0,0.0,0.0,0.0,0.0,0.0,0.0,0.0,0.0,0.0,0.0,0.0,0.0,0.0,0.0,0.0,0.0,0.0,0.0,0.0,0.0,0.0,0.0,0.0,0.0,0.0,0.0,0.0,0.0,0.0,0.0,0.0,0.0,0.0,0.0,0.0,0.0,0.0,0.0,0.0,0.0,0.0,0.0,0.0,0.0,0.0,0.0,0.0,0.0,0.0,0.0,0.0,0.0,0.0,0.0,0.0,0.0,0.0,0.0,0.0,0.0,0.0,0.0,0.0,42294.28125,29213.767578125,0.0,0.0,0.0,0.0,0.0,0.0,0.0,0.0,TX
8150517,TX,4835,0.06431471556425095,2,0.0,0.0,61720.16796875,2,0,0.0,0.0,142963.625,52317.19140625,0.0,0.0,0.0,52317.19140625,0.0,0.0,0.0,0.0,0.0,0.0,0.0,0.0,0.0,0.0,0.0,0.0,0.0,0.0,0.0,0.0,0.0,0.0,0.0,0.0,0.0,0.0,0.0,0.0,0.0,0.0,0.0,0.0,0.0,0.0,0.0,0.0,0.0,0.0,0.0,0.0,0.0,0.0,0.0,0.0,0.0,0.0,0.0,0.0,0.0,0.0,0.0,0.0,0.0,0.0,0.0,0.0,99.8086929321289,0.0,-99.8125,0.0,0.0,0.0,0.0,0.0,0.0,0.0,0.0,0.0,-99.8086929321289,0.0,99.8125,0.0,0.0,0.0,0.0,0.0,0.0,0.0,0.0,0.0,0.0,0.0,0.0,0.0,0.0,0.0,0.0,0.0,0.0,0.0,142963.625,52317.19140625,0.0,0.0,0.0,0.0,0.0,0.0,0.0,0.0,TX
8150518,TX,4835,0.1728881299495697,2,0.0,0.0,790661.375,2,0,225198.0,0.0,716297.0,75641.9375,0.0,0.0,0.0,75641.9375,-7640.8125,0.0,7640.8125,0.0,0.0,0.0,0.0,0.0,0.0,0.0,0.0,0.0,0.0,0.0,0.0,0.0,0.0,0.0,0.0,0.0,0.0,0.0,0.0,0.0,-1400.0,0.0,1400.0,0.0,-18683.4375,0.0,18683.4375,0.0,0.0,0.0,0.0,0.0,0.0,0.0,0.0,0.0,0.0,0.0,0.0,0.0,0.0,0.0,0.0,0.0,0.0,0.0,0.0,0.0,0.0,0.0,0.0,0.0,0.0,0.0,0.0,0.0,0.0,0.0,0.0,0.0,0.0,0.0,0.0,0.0,0.0,0.0,0.0,0.0,0.0,0.0,0.0,0.0,0.0,0.0,0.0,0.0,0.0,0.0,0.0,0.0,197473.75,0.0,744021.25,75641.9375,-27724.25,0.0,27724.25,0.0,-12.311055160347783,0.0,3.8704965114593506,0.0,TX
8150519,TX,4835,0.18921633064746857,4,2.0,278523.1875,278523.1875,4,0,52883.88671875,0.0,204300.6875,0.0,0.0,0.0,0.0,0.0,-7.6875,0.0,7.6875,0.0,0.0,0.0,0.0,0.0,0.0,0.0,0.0,0.0,0.0,0.0,0.0,0.0,-4400.0,0.0,4400.0,0.0,0.0,0.0,0.0,0.0,0.0,0.0,0.0,0.0,-8562.6328125,0.0,8562.640625,0.0,0.0,0.0,0.0,0.0,0.0,0.0,0.0,0.0,0.0,0.0,0.0,0.0,0.0,0.0,0.0,0.0,0.0,0.0,0.0,0.0,0.0,0.0,0.0,0.0,0.0,0.0,0.0,0.0,0.0,0.0,0.0,0.0,0.0,0.0,0.0,0.0,0.0,0.0,0.0,0.0,0.0,0.0,0.0,0.0,0.0,0.0,0.0,0.0,0.0,0.0,0.0,0.0,39913.56640625,0.0,217271.015625,0.0,-12970.3203125,0.0,12970.328125,0.0,-24.526034520646096,0.0,6.348646640777588,0.0,TX
8150520,TX,4835,0.01754397712647915,2,0.0,472793.640625,472997.15625,2,0,125072.1875,0.0,351455.78125,0.0,0.0,0.0,0.0,0.0,0.0,0.0,0.0,0.0,0.0,0.0,0.0,0.0,0.0,0.0,0.0,0.0,0.0,0.0,0.0,0.0,0.0,0.0,0.0,0.0,0.0,0.0,0.0,0.0,0.0,0.0,0.0,0.0,-31097.359375,0.0,31097.34375,0.0,0.0,0.0,0.0,0.0,0.0,0.0,0.0,0.0,-640.0,0.0,640.0,0.0,0.0,0.0,0.0,0.0,0.0,0.0,0.0,0.0,0.0,0.0,0.0,0.0,0.0,0.0,0.0,0.0,0.0,0.0,0.0,0.0,0.0,0.0,0.0,0.0,0.0,0.0,0.0,0.0,0.0,0.0,0.0,0.0,0.0,0.0,0.0,0.0,0.0,0.0,0.0,0.0,93334.828125,0.0,383193.125,0.0,-31737.359375,0.0,31737.34375,0.0,-25.375233302767654,0.0,9.030251502990723,0.0,TX
8150521,TX,4835,0.11689803004264832,1,0.0,124761.3515625,161434.125,1,0,30363.36328125,0.0,138229.0,15826.2177734375,0.0,0.0,0.0,15826.2177734375,-3911.828125,0.0,3911.828125,0.0,-291.880859375,0.0,291.890625,0.0,1272.0,0.0,-1272.0,0.0,0.0,0.0,0.0,0.0,0.0,0.0,0.0,0.0,0.0,0.0,0.0,0.0,0.0,0.0,0.0,0.0,0.0,0.0,0.0,0.0,0.0,0.0,0.0,0.0,0.0,0.0,0.0,0.0,-240.0,0.0,240.0,0.0,0.0,0.0,0.0,0.0,0.0,0.0,0.0,0.0,0.0,0.0,0.0,0.0,0.0,0.0,0.0,0.0,0.0,0.0,0.0,0.0,0.0,0.0,0.0,0.0,0.0,0.0,0.0,0.0,0.0,0.0,0.0,0.0,0.0,0.0,0.0,0.0,0.0,0.0,0.0,0.0,27191.654296875,0.0,141400.71875,15826.2177734375,-3171.708984375,0.0,3171.71875,0.0,-10.445842099230145,0.0,2.294539213180542,0.0,TX
8150522,TX,4835,0.2988955080509186,6,2.0,173388.662109375,174293.630859375,6,0,12101.9638671875,0.0,164187.96875,0.0,0.0,0.0,0.0,0.0,-2194.958984375,0.0,2194.96875,0.0,-2305.291259765625,0.0,2305.28125,0.0,3710.000244140625,0.0,-3710.0,0.0,0.0,0.0,0.0,0.0,-2400.0,0.0,2400.0,0.0,0.0,0.0,0.0,0.0,0.0,0.0,0.0,0.0,0.0,0.0,0.0,0.0,0.0,0.0,0.0,0.0,0.0,0.0,0.0,0.0,-61.26904296875,0.0,61.265625,0.0,0.0,0.0,0.0,0.0,0.0,0.0,0.0,0.0,0.0,0.0,0.0,0.0,0.0,0.0,0.0,0.0,0.0,0.0,0.0,0.0,0.0,0.0,0.0,0.0,0.0,0.0,0.0,0.0,0.0,0.0,0.0,0.0,0.0,0.0,0.0,0.0,0.0,0.0,0.0,0.0,8850.44482421875,0.0,167439.484375,0.0,-3251.51904296875,0.0,3251.515625,0.0,-26.867697496475866,0.0,1.9803617000579834,0.0,TX
8150523,TX,4835,407.81121826171875,4,3.0,0.0,0.0,3,1,0.0,0.0,34464.72265625,16233.626953125,18231.09619140625,0.0,0.0,34464.72314453125,0.0,0.0,0.0,0.0,0.0,0.0,0.0,0.0,0.0,0.0,0.0,0.0,0.0,0.0,0.0,0.0,0.0,0.0,0.0,0.0,0.0,0.0,0.0,0.0,0.0,0.0,0.0,0.0,0.0,0.0,0.0,0.0,0.0,0.0,0.0,0.0,0.0,0.0,0.0,0.0,0.0,0.0,0.0,0.0,0.0,0.0,0.0,0.0,0.0,0.0,0.0,0.0,0.0,0.0,0.0,0.0,0.0,0.0,0.0,0.0,0.0,0.0,0.0,0.0,0.0,0.0,0.0,0.0,0.0,0.0,0.0,0.0,0.0,0.0,0.0,0.0,0.0,0.0,0.0,0.0,0.0,0.0,-4137.509765625,-4137.51025390625,0.0,0.0,30327.212890625,30327.212890625,0.0,0.0,-4137.509765625,-4137.51025390625,0.0,0.0,-12.005057334899902,-12.005058727891672,TX
8150524,TX,4835,2131.30419921875,2,0.0,0.0,131647.59375,2,0,14211.8984375,0.0,177827.8125,52317.19140625,0.0,0.0,0.0,52317.19140625,-2535.427734375,0.0,2535.4375,0.0,-1906.759765625,0.0,1906.75,0.0,1272.0,0.0,-1272.0,0.0,0.0,0.0,0.0,0.0,0.0,0.0,0.0,0.0,0.0,0.0,0.0,0.0,0.0,0.0,0.0,0.0,0.0,0.0,0.0,0.0,0.0,0.0,0.0,0.0,0.0,0.0,0.0,0.0,0.0,0.0,0.0,0.0,0.0,0.0,0.0,0.0,0.0,0.0,0.0,0.0,0.0,0.0,0.0,0.0,0.0,0.0,0.0,0.0,0.0,0.0,0.0,0.0,-1440.0,0.0,1440.0,0.0,0.0,0.0,0.0,0.0,0.0,0.0,0.0,0.0,0.0,0.0,0.0,0.0,0.0,0.0,0.0,0.0,9601.7109375,0.0,182438.0,52317.19140625,-4610.1875,0.0,4610.1875,0.0,-32.43892798892653,0.0,2.592500925064087,0.0,TX
8150525,TX,4835,1152.5875244140625,1,0.0,0.0,2124.90283203125,1,0,0.0,0.0,24254.900390625,11229.4150390625,0.0,0.0,0.0,11229.4150390625,0.0,0.0,0.0,0.0,0.0,0.0,0.0,0.0,0.0,0.0,0.0,0.0,0.0,0.0,0.0,0.0,0.0,0.0,0.0,0.0,0.0,0.0,0.0,0.0,0.0,0.0,0.0,0.0,0.0,0.0,0.0,0.0,0.0,0.0,0.0,0.0,0.0,0.0,0.0,0.0,0.0,0.0,0.0,0.0,0.0,0.0,0.0,0.0,0.0,0.0,0.0,0.0,0.0,0.0,0.0,0.0,0.0,0.0,0.0,0.0,0.0,0.0,0.0,0.0,0.0,0.0,0.0,0.0,0.0,0.0,0.0,0.0,0.0,0.0,0.0,0.0,0.0,0.0,0.0,0.0,0.0,0.0,0.0,0.0,0.0,0.0,24254.900390625,11229.4150390625,0.0,0.0,0.0,0.0,0.0,0.0,0.0,0.0,TX
8150526,TX,4835,1594.574462890625,5,3.0,156354.22216796875,151708.78125,5,0,15027.892578125,0.0,144203.796875,0.0,0.0,0.0,0.0,0.0,-2741.3466796875,0.0,2741.34375,0.0,-2290.2626953125,0.0,2290.265625,0.0,4819.6484375,0.0,-4819.65625,0.0,0.0,0.0,0.0,0.0,-5700.0,0.0,5700.0,0.0,0.0,0.0,0.0,0.0,0.0,0.0,0.0,0.0,0.0,0.0,0.0,0.0,0.0,0.0,0.0,0.0,0.0,0.0,0.0,0.0,-211.2578125,0.0,211.265625,0.0,0.0,0.0,0.0,0.0,0.0,0.0,0.0,0.0,0.0,0.0,0.0,0.0,0.0,0.0,0.0,0.0,0.0,0.0,0.0,0.0,0.0,0.0,0.0,0.0,0.0,0.0,0.0,0.0,0.0,0.0,0.0,0.0,0.0,0.0,0.0,0.0,0.0,0.0,0.0,0.0,8904.673828125,0.0,150327.015625,0.0,-6123.21875,0.0,6123.21875,0.0,-40.74569150775751,0.0,4.246225357055664,0.0,TX
8150527,TX,4835,0.7862697243690491,1,0.0,1274186.75,1311128.875,1,0,458347.0,0.0,843997.375,23542.736328125,0.0,0.0,0.0,23542.736328125,-20442.6875,0.0,20442.6875,0.0,-2886.0,0.0,2886.0,0.0,0.0,0.0,0.0,0.0,0.0,0.0,0.0,0.0,0.0,0.0,0.0,0.0,0.0,0.0,0.0,0.0,-1850.0,0.0,1850.0,0.0,0.0,0.0,0.0,0.0,0.0,0.0,0.0,0.0,0.0,0.0,0.0,0.0,-370.0,0.0,370.0,0.0,-7343.4375,0.0,7343.4375,0.0,0.0,0.0,0.0,0.0,4103.71875,0.0,-4103.75,0.0,0.0,0.0,0.0,0.0,0.0,0.0,0.0,0.0,0.0,0.0,0.0,0.0,0.0,0.0,0.0,0.0,0.0,0.0,0.0,0.0,0.0,0.0,0.0,0.0,0.0,0.0,0.0,0.0,429558.59375,0.0,872785.75,23542.736328125,-28788.40625,0.0,28788.375,0.0,-6.28091953258121,0.0,3.4109554290771484,0.0,TX
8150528,TX,4835,4.522478103637695,5,3.0,238097.5234375,403642.9375,5,0,95107.1484375,0.0,290399.1875,0.0,0.0,0.0,0.0,0.0,0.0,0.0,0.0,0.0,0.0,0.0,0.0,0.0,0.0,0.0,0.0,0.0,0.0,0.0,0.0,0.0,-6400.0,0.0,6400.0,0.0,0.0,0.0,0.0,0.0,-14100.46875,0.0,14100.4375,0.0,-14715.4921875,0.0,14715.5,0.0,0.0,0.0,0.0,0.0,0.0,0.0,0.0,0.0,-480.0,0.0,480.0,0.0,0.0,0.0,0.0,0.0,0.0,0.0,0.0,0.0,0.0,0.0,0.0,0.0,0.0,0.0,0.0,0.0,0.0,0.0,0.0,0.0,0.0,0.0,0.0,0.0,0.0,0.0,0.0,0.0,0.0,0.0,0.0,0.0,0.0,0.0,0.0,0.0,0.0,0.0,0.0,0.0,59411.1875,0.0,326095.125,0.0,-35695.9609375,0.0,35695.9375,0.0,-37.53236378541801,0.0,12.292023658752441,0.0,TX
8150529,TX,4835,1096.7064208984375,4,0.0,63427.986328125,64563.0785446167,4,0,4219.446533203125,0.0,166271.328125,52173.3203125,0.0,3649.61083984375,0.0,55822.93115234375,-367.889404296875,0.0,367.890625,0.0,-1749.7265014648438,0.0,1749.71875,0.0,1165.9999389648438,0.0,-1166.0,0.0,0.0,0.0,0.0,0.0,0.0,0.0,0.0,0.0,0.0,0.0,0.0,0.0,0.0,0.0,0.0,0.0,0.0,0.0,0.0,0.0,0.0,0.0,0.0,0.0,0.0,0.0,0.0,0.0,0.0,0.0,0.0,0.0,0.0,0.0,0.0,0.0,0.0,0.0,0.0,0.0,0.0,0.0,0.0,0.0,0.0,0.0,0.0,0.0,0.0,0.0,0.0,0.0,0.0,0.0,0.0,0.0,-166.4541015625,0.0,166.453125,0.0,0.0,0.0,0.0,0.0,0.0,0.0,0.0,0.0,0.0,0.0,0.0,0.0,3101.37646484375,0.0,167389.390625,55822.93115234375,-1118.070068359375,0.0,1118.0625,0.0,-26.49802668575611,0.0,0.672432541847229,0.0,TX
8150530,TX,4835,8.79340934753418,1,0.0,0.0,408.08892822265625,1,0,0.0,0.0,40454.73046875,12812.12109375,20223.16015625,0.0,0.0,33035.28125,0.0,0.0,0.0,0.0,0.0,0.0,0.0,0.0,0.0,0.0,0.0,0.0,0.0,0.0,0.0,0.0,0.0,0.0,0.0,0.0,0.0,0.0,0.0,0.0,0.0,0.0,0.0,0.0,0.0,0.0,0.0,0.0,0.0,0.0,0.0,0.0,0.0,0.0,0.0,0.0,0.0,0.0,0.0,0.0,0.0,0.0,0.0,0.0,0.0,0.0,0.0,0.0,0.0,0.0,0.0,0.0,0.0,0.0,0.0,0.0,0.0,0.0,0.0,0.0,0.0,0.0,0.0,0.0,0.0,0.0,0.0,0.0,0.0,0.0,0.0,0.0,0.0,0.0,0.0,0.0,0.0,0.0,0.0,0.0,0.0,0.0,40454.73046875,33035.28125,0.0,0.0,0.0,0.0,0.0,0.0,0.0,0.0,TX
8150531,TX,4835,714.8639526367188,1,0.0,80851.328125,80851.328125,1,0,11275.33203125,0.0,63841.1328125,0.0,0.0,0.0,0.0,0.0,-1768.0400390625,0.0,1768.0390625,0.0,-1716.0,0.0,1716.0,0.0,1166.0,0.0,-1166.0,0.0,0.0,0.0,0.0,0.0,0.0,0.0,0.0,0.0,0.0,0.0,0.0,0.0,0.0,0.0,0.0,0.0,0.0,0.0,0.0,0.0,0.0,0.0,0.0,0.0,0.0,0.0,0.0,0.0,0.0,0.0,0.0,0.0,0.0,0.0,0.0,0.0,0.0,0.0,0.0,0.0,0.0,0.0,0.0,0.0,0.0,0.0,0.0,0.0,-3336.4990234375,0.0,3336.5,0.0,0.0,0.0,0.0,0.0,-103.76318359375,0.0,103.765625,0.0,0.0,0.0,0.0,0.0,0.0,0.0,0.0,0.0,0.0,0.0,0.0,0.0,5517.02978515625,0.0,69599.4375,0.0,-5758.30224609375,0.0,5758.3046875,0.0,-51.06991288712742,0.0,9.01974105834961,0.0,TX
8150532,TX,4835,4306.408203125,5,0.0,500895.140625,513793.125,4,1,81906.548828125,0.0,470897.6875,11771.3681640625,0.0,0.0,0.0,11771.3681640625,-10982.9130859375,0.0,10982.9375,0.0,-1872.0,0.0,1872.0,0.0,3604.0,0.0,-3604.0,0.0,0.0,0.0,0.0,0.0,0.0,0.0,0.0,0.0,0.0,0.0,0.0,0.0,0.0,0.0,0.0,0.0,-948.07421875,0.0,948.0625,0.0,0.0,0.0,0.0,0.0,0.0,0.0,0.0,0.0,0.0,0.0,0.0,0.0,0.0,0.0,0.0,0.0,0.0,0.0,0.0,0.0,0.0,0.0,0.0,0.0,0.0,0.0,0.0,0.0,0.0,0.0,0.0,0.0,-833.919921875,0.0,833.9375,0.0,-422.603515625,0.0,422.59375,0.0,0.0,0.0,0.0,0.0,0.0,0.0,0.0,0.0,0.0,0.0,0.0,0.0,70451.0380859375,0.0,482353.21875,11771.3681640625,-11455.5107421875,0.0,11455.53125,0.0,-13.98607425912434,0.0,2.4327006340026855,0.0,TX
8150533,TX,4835,818.43017578125,2,0.0,155597.5703125,155681.125,2,0,20924.66015625,0.0,127575.28125,0.0,0.0,0.0,0.0,0.0,-3340.958984375,0.0,3340.9609375,0.0,-2792.3017578125,0.0,2792.3046875,0.0,1802.0,0.0,-1802.0,0.0,0.0,0.0,0.0,0.0,0.0,0.0,0.0,0.0,0.0,0.0,0.0,0.0,0.0,0.0,0.0,0.0,0.0,0.0,0.0,0.0,0.0,0.0,0.0,0.0,0.0,0.0,0.0,0.0,-220.0,0.0,220.0,0.0,0.0,0.0,0.0,0.0,0.0,0.0,0.0,0.0,0.0,0.0,0.0,0.0,0.0,0.0,0.0,0.0,0.0,0.0,0.0,0.0,0.0,0.0,0.0,0.0,-373.0810546875,0.0,373.078125,0.0,0.0,0.0,0.0,0.0,0.0,0.0,0.0,0.0,0.0,0.0,0.0,0.0,16000.318359375,0.0,132499.625,0.0,-4924.341796875,0.0,4924.34375,0.0,-23.533676342189697,0.0,3.8599512577056885,0.0,TX
8150534,TX,4835,394.9267578125,4,2.0,209045.734375,242391.0,4,0,22361.8671875,0.0,257150.4375,0.0,0.0,0.0,0.0,0.0,-3657.423828125,0.0,3657.4375,0.0,0.0,0.0,0.0,0.0,4664.0,0.0,-4664.0,0.0,0.0,0.0,0.0,0.0,-4400.0,0.0,4400.0,0.0,0.0,0.0,0.0,0.0,0.0,0.0,0.0,0.0,0.0,0.0,0.0,0.0,0.0,0.0,0.0,0.0,0.0,0.0,0.0,0.0,0.0,0.0,0.0,0.0,0.0,0.0,0.0,0.0,0.0,0.0,0.0,0.0,0.0,0.0,0.0,0.0,0.0,0.0,0.0,0.0,0.0,0.0,0.0,0.0,0.0,0.0,0.0,0.0,0.0,0.0,0.0,0.0,0.0,0.0,0.0,0.0,0.0,0.0,0.0,0.0,0.0,0.0,0.0,0.0,18968.443359375,0.0,260543.875,0.0,-3393.423828125,0.0,3393.4375,0.0,-15.175046876326503,0.0,1.3196313381195068,0.0,TX
8150535,TX,4835,1.138673186302185,3,1.0,110096.8359375,215837.390625,3,0,34159.34765625,0.0,182033.15625,0.0,0.0,0.0,0.0,0.0,-5001.12109375,0.0,5001.125,0.0,-1325.64453125,0.0,1325.65625,0.0,1391.64453125,0.0,-1391.65625,0.0,0.0,0.0,0.0,0.0,-2200.0,0.0,2200.0,0.0,0.0,0.0,0.0,0.0,-4643.962890625,0.0,4643.96875,0.0,0.0,0.0,0.0,0.0,0.0,0.0,0.0,0.0,0.0,0.0,0.0,0.0,-440.0,0.0,440.0,0.0,0.0,0.0,0.0,0.0,0.0,0.0,0.0,0.0,0.0,0.0,0.0,0.0,0.0,0.0,0.0,0.0,-1283.490234375,0.0,1283.484375,0.0,0.0,0.0,0.0,0.0,-128.271484375,0.0,128.28125,0.0,0.0,0.0,0.0,0.0,0.0,0.0,0.0,0.0,0.0,0.0,0.0,0.0,20528.501953125,0.0,195664.015625,0.0,-13630.845703125,0.0,13630.859375,0.0,-39.90370612546232,0.0,7.488118648529053,0.0,TX
8150536,TX,4835,298.65667724609375,2,0.0,418831.1875,444757.453125,2,0,104733.79296875,0.0,345057.59375,0.0,0.0,0.0,0.0,0.0,-4263.9140625,0.0,4263.90625,0.0,-1872.0,0.0,1872.0,0.0,1272.0,0.0,-1272.0,0.0,0.0,0.0,0.0,0.0,0.0,0.0,0.0,0.0,0.0,0.0,0.0,0.0,0.0,0.0,0.0,0.0,-9961.66796875,0.0,9961.6875,0.0,0.0,0.0,0.0,0.0,0.0,0.0,0.0,0.0,0.0,0.0,0.0,0.0,0.0,0.0,0.0,0.0,0.0,0.0,0.0,0.0,0.0,0.0,0.0,0.0,0.0,0.0,0.0,0.0,0.0,0.0,0.0,0.0,0.0,0.0,0.0,0.0,0.0,0.0,0.0,0.0,0.0,0.0,0.0,0.0,0.0,0.0,0.0,0.0,0.0,0.0,0.0,0.0,89908.2109375,0.0,359883.1875,0.0,-14825.58203125,0.0,14825.59375,0.0,-14.155490421008231,0.0,4.296555995941162,0.0,TX
8150537,TX,4835,457.97015380859375,6,3.9999999999999996,99536.3779296875,651504.0,6,0,125441.82812500001,0.0,529603.9375,0.0,0.0,0.0,0.0,0.0,0.0,0.0,0.0,0.0,0.0,0.0,0.0,0.0,0.0,0.0,0.0,0.0,0.0,0.0,0.0,0.0,0.0,0.0,0.0,0.0,0.0,0.0,0.0,0.0,-33570.843750000015,0.0,33570.875,0.0,-18218.3984375,0.0,18218.375,0.0,0.0,0.0,0.0,0.0,0.0,0.0,0.0,0.0,0.0,0.0,0.0,0.0,-1403.453125,0.0,1403.4375,0.0,0.0,0.0,0.0,0.0,0.0,0.0,0.0,0.0,0.0,0.0,0.0,0.0,0.0,0.0,0.0,0.0,0.0,0.0,0.0,0.0,0.0,0.0,0.0,0.0,0.0,0.0,0.0,0.0,0.0,0.0,0.0,0.0,0.0,0.0,0.0,0.0,72249.1328125,0.0,582796.625,0.0,-53192.695312500015,0.0,53192.6875,0.0,-42.40427304638344,0.0,10.043861389160156,0.0,TX
8150538,TX,4835,5.354626178741455,3,1.0,315483.015625,439074.125,3,0,116692.8828125,0.0,380196.96875,0.0,0.0,0.0,0.0,0.0,0.0,0.0,0.0,0.0,0.0,0.0,0.0,0.0,0.0,0.0,0.0,0.0,0.0,0.0,0.0,0.0,-200.0,0.0,200.0,0.0,0.0,0.0,0.0,0.0,-2100.0,0.0,2100.0,0.0,-29142.140625,0.0,29142.15625,0.0,0.0,0.0,0.0,0.0,0.0,0.0,0.0,0.0,-104.8515625,0.0,104.84375,0.0,0.0,0.0,0.0,0.0,0.0,0.0,0.0,0.0,0.0,0.0,0.0,0.0,0.0,0.0,0.0,0.0,0.0,0.0,0.0,0.0,0.0,0.0,0.0,0.0,0.0,0.0,0.0,0.0,0.0,0.0,0.0,0.0,0.0,0.0,0.0,0.0,0.0,0.0,0.0,0.0,85145.890625,0.0,411743.96875,0.0,-31546.9921875,0.0,31547.0,0.0,-27.034204166666388,0.0,8.297540664672852,0.0,TX
8150539,TX,4835,2584.203369140625,6,3.0,230652.88671875,230652.88671875,6,0,27534.06298828125,0.0,190965.109375,0.0,0.0,369.47802734375,0.0,369.47802734375,-4360.0859375,0.0,4360.078125,0.0,-2336.955078125,0.0,2336.953125,0.0,4434.955078125,0.0,-4434.953125,0.0,0.0,0.0,0.0,0.0,-6600.0,0.0,6600.0,0.0,0.0,0.0,0.0,0.0,0.0,0.0,0.0,0.0,0.0,0.0,0.0,0.0,0.0,0.0,0.0,0.0,0.0,0.0,0.0,0.0,0.0,0.0,0.0,0.0,0.0,0.0,0.0,0.0,0.0,0.0,0.0,0.0,0.0,0.0,0.0,0.0,0.0,0.0,0.0,0.0,0.0,0.0,0.0,0.0,0.0,0.0,0.0,0.0,-450.5419921875,0.0,450.546875,0.0,0.0,0.0,0.0,0.0,0.0,0.0,0.0,0.0,0.0,0.0,0.0,0.0,18221.43505859375,0.0,200277.734375,369.47802734375,-9312.6279296875,0.0,9312.625,0.0,-33.82220754579896,0.0,4.87661075592041,0.0,TX
8150540,TX,4835,1013.0523071289062,2,0.0,272941.0703125,285270.0,2,0,11353.513671875,0.0,252830.8125,0.0,0.0,0.0,0.0,0.0,-1794.6904296875,0.0,1794.6875,0.0,0.0,0.0,0.0,0.0,1272.0,0.0,-1272.0,0.0,0.0,0.0,0.0,0.0,0.0,0.0,0.0,0.0,0.0,0.0,0.0,0.0,-600.0,0.0,600.0,0.0,0.0,0.0,0.0,0.0,0.0,0.0,0.0,0.0,0.0,0.0,0.0,0.0,0.0,0.0,0.0,0.0,0.0,0.0,0.0,0.0,0.0,0.0,0.0,0.0,0.0,0.0,0.0,0.0,0.0,0.0,0.0,0.0,0.0,0.0,0.0,0.0,0.0,0.0,0.0,0.0,0.0,0.0,0.0,0.0,0.0,0.0,0.0,0.0,0.0,0.0,0.0,0.0,0.0,0.0,0.0,0.0,10230.8232421875,0.0,253953.5,0.0,-1122.6904296875,0.0,1122.6875,0.0,-9.88848441226293,0.0,0.4440469741821289,0.0,TX
8150541,TX,4835,1757.7552490234375,2,0.0,249694.9140625,249708.1484375,2,0,38752.537109375,0.0,197684.5625,0.0,0.0,0.0,0.0,0.0,-5247.1083984375,0.0,5247.09375,0.0,-1872.0,0.0,1872.0,0.0,2438.0,0.0,-2438.0,0.0,0.0,0.0,0.0,0.0,0.0,0.0,0.0,0.0,0.0,0.0,0.0,0.0,0.0,0.0,0.0,0.0,0.0,0.0,0.0,0.0,0.0,0.0,0.0,0.0,0.0,0.0,0.0,0.0,0.0,0.0,0.0,0.0,0.0,0.0,0.0,0.0,0.0,0.0,0.0,0.0,0.0,0.0,0.0,0.0,0.0,0.0,0.0,0.0,0.0,0.0,0.0,0.0,0.0,0.0,0.0,0.0,0.0,0.0,0.0,0.0,0.0,0.0,0.0,0.0,0.0,0.0,0.0,0.0,0.0,0.0,0.0,0.0,34071.4287109375,0.0,202365.65625,0.0,-4681.1083984375,0.0,4681.09375,0.0,-12.079488847983189,0.0,2.3679611682891846,0.0,TX
8150542,TX,4835,0.8073671460151672,2,0.0,234140.46875,239999.1875,1,1,42538.7734375,0.0,232720.859375,0.0,0.0,0.0,0.0,0.0,-4683.08984375,0.0,4683.078125,0.0,0.0,0.0,0.0,0.0,0.0,0.0,0.0,0.0,0.0,0.0,0.0,0.0,0.0,0.0,0.0,0.0,0.0,0.0,0.0,0.0,0.0,0.0,0.0,0.0,-2715.86328125,0.0,2715.875,0.0,0.0,0.0,0.0,0.0,0.0,0.0,0.0,0.0,0.0,0.0,0.0,0.0,0.0,0.0,0.0,0.0,0.0,0.0,0.0,0.0,0.0,0.0,0.0,0.0,0.0,0.0,0.0,0.0,0.0,0.0,0.0,0.0,0.0,0.0,0.0,0.0,0.0,0.0,0.0,0.0,0.0,0.0,0.0,0.0,0.0,0.0,0.0,0.0,0.0,0.0,0.0,0.0,35139.8203125,0.0,240119.8125,0.0,-7398.953125,0.0,7398.953125,0.0,-17.39343316015187,0.0,3.1793251037597656,0.0,TX
8150543,TX,4835,1141.5640869140625,2,0.0,105674.95703125,108479.578125,2,0,11400.534423828125,0.0,96491.921875,0.0,0.0,0.0,0.0,0.0,-1829.38720703125,0.0,1829.390625,0.0,-2185.59765625,0.0,2185.59375,0.0,1335.59765625,0.0,-1335.59375,0.0,0.0,0.0,0.0,0.0,0.0,0.0,0.0,0.0,0.0,0.0,0.0,0.0,-600.0,0.0,600.0,0.0,0.0,0.0,0.0,0.0,0.0,0.0,0.0,0.0,0.0,0.0,0.0,0.0,0.0,0.0,0.0,0.0,0.0,0.0,0.0,0.0,0.0,0.0,0.0,0.0,0.0,0.0,0.0,0.0,0.0,0.0,0.0,0.0,0.0,0.0,0.0,0.0,0.0,0.0,0.0,0.0,-245.184326171875,0.0,245.1875,0.0,0.0,0.0,0.0,0.0,0.0,0.0,0.0,0.0,0.0,0.0,0.0,0.0,7875.962890625,0.0,100016.5,0.0,-3524.571533203125,0.0,3524.578125,0.0,-30.915844838260025,0.0,3.6527183055877686,0.0,TX
8150544,TX,4835,838.1099853515625,3,1.0,534267.625,572995.25,3,0,154854.40625,0.0,388153.8125,0.0,0.0,0.0,0.0,0.0,0.0,0.0,0.0,0.0,0.0,0.0,0.0,0.0,0.0,0.0,0.0,0.0,0.0,0.0,0.0,0.0,0.0,0.0,0.0,0.0,0.0,0.0,0.0,0.0,-1400.0,0.0,1400.0,0.0,-30174.0390625,0.0,30174.0,0.0,0.0,0.0,0.0,0.0,0.0,0.0,0.0,0.0,-52.6484375,0.0,52.6875,0.0,0.0,0.0,0.0,0.0,0.0,0.0,0.0,0.0,0.0,0.0,0.0,0.0,0.0,0.0,0.0,0.0,0.0,0.0,0.0,0.0,0.0,0.0,0.0,0.0,0.0,0.0,0.0,0.0,0.0,0.0,0.0,0.0,0.0,0.0,0.0,0.0,0.0,0.0,0.0,0.0,123227.71875,0.0,419780.5,0.0,-31626.6875,0.0,31626.6875,0.0,-20.4234986048387,0.0,8.147977828979492,0.0,TX
8150545,TX,4835,2.9831223487854004,1,0.0,124505.328125,168814.8125,1,0,34340.6484375,0.0,149337.1875,0.0,0.0,0.0,0.0,0.0,-4491.09375,0.0,4491.09375,0.0,-1872.0,0.0,1872.0,0.0,1272.0,0.0,-1272.0,0.0,0.0,0.0,0.0,0.0,0.0,0.0,0.0,0.0,0.0,0.0,0.0,0.0,-1200.0,0.0,1200.0,0.0,0.0,0.0,0.0,0.0,0.0,0.0,0.0,0.0,0.0,0.0,0.0,0.0,0.0,0.0,0.0,0.0,0.0,0.0,0.0,0.0,0.0,0.0,0.0,0.0,0.0,0.0,0.0,0.0,0.0,0.0,0.0,0.0,0.0,0.0,0.0,0.0,0.0,0.0,0.0,0.0,0.0,0.0,0.0,0.0,0.0,0.0,0.0,0.0,0.0,0.0,0.0,0.0,0.0,0.0,0.0,0.0,28049.5546875,0.0,155628.28125,0.0,-6291.09375,0.0,6291.09375,0.0,-18.319670816495485,0.0,4.212677001953125,0.0,TX
8150546,TX,4835,1220.6650390625,2,0.0,125436.74609375,125438.40625,2,0,13299.853515625,0.0,102543.4140625,0.0,0.0,0.0,0.0,0.0,-2183.970703125,0.0,2183.9765625,0.0,-1695.2744140625,0.0,1695.265625,0.0,1272.0,0.0,-1272.0,0.0,0.0,0.0,0.0,0.0,0.0,0.0,0.0,0.0,0.0,0.0,0.0,0.0,0.0,0.0,0.0,0.0,0.0,0.0,0.0,0.0,0.0,0.0,0.0,0.0,0.0,0.0,0.0,0.0,-240.0,0.0,240.0,0.0,0.0,0.0,0.0,0.0,0.0,0.0,0.0,0.0,0.0,0.0,0.0,0.0,0.0,0.0,0.0,0.0,0.0,0.0,0.0,0.0,0.0,0.0,0.0,0.0,-91.181640625,0.0,91.1875,0.0,0.0,0.0,0.0,0.0,0.0,0.0,0.0,0.0,0.0,0.0,0.0,0.0,10361.4267578125,0.0,105481.84375,0.0,-2938.4267578125,0.0,2938.4296875,0.0,-22.09367760600042,0.0,2.865546941757202,0.0,TX
8150547,TX,4835,0.8941056728363037,1,0.0,0.0,10177.5107421875,1,0,0.0,0.0,41448.9375,17380.2421875,0.0,0.0,0.0,17380.2421875,0.0,0.0,0.0,0.0,0.0,0.0,0.0,0.0,0.0,0.0,0.0,0.0,0.0,0.0,0.0,0.0,0.0,0.0,0.0,0.0,0.0,0.0,0.0,0.0,0.0,0.0,0.0,0.0,0.0,0.0,0.0,0.0,0.0,0.0,0.0,0.0,0.0,0.0,0.0,0.0,0.0,0.0,0.0,0.0,0.0,0.0,0.0,0.0,0.0,0.0,0.0,0.0,0.0,0.0,0.0,0.0,0.0,0.0,0.0,0.0,0.0,0.0,0.0,0.0,0.0,0.0,0.0,0.0,0.0,0.0,0.0,0.0,0.0,0.0,0.0,0.0,0.0,0.0,0.0,0.0,0.0,0.0,0.0,0.0,0.0,0.0,41448.9375,17380.2421875,0.0,0.0,0.0,0.0,0.0,0.0,0.0,0.0,TX
8150548,TX,4835,0.7765539884567261,2,0.0,0.0,3632.591064453125,2,0,0.0,0.0,120712.421875,58202.875,0.0,0.0,0.0,58202.875,0.0,0.0,0.0,0.0,0.0,0.0,0.0,0.0,0.0,0.0,0.0,0.0,0.0,0.0,0.0,0.0,0.0,0.0,0.0,0.0,0.0,0.0,0.0,0.0,0.0,0.0,0.0,0.0,0.0,0.0,0.0,0.0,0.0,0.0,0.0,0.0,0.0,0.0,0.0,0.0,0.0,0.0,0.0,0.0,0.0,0.0,0.0,0.0,0.0,0.0,0.0,0.0,0.0,0.0,0.0,0.0,0.0,0.0,0.0,0.0,0.0,0.0,0.0,0.0,0.0,0.0,0.0,0.0,0.0,0.0,0.0,0.0,0.0,0.0,0.0,0.0,0.0,0.0,0.0,0.0,0.0,0.0,0.0,0.0,0.0,0.0,120712.421875,58202.875,0.0,0.0,0.0,0.0,0.0,0.0,0.0,0.0,TX
8150549,TX,4835,87.1697998046875,2,0.0,60231.58203125,65130.6875,2,0,2601.042724609375,0.0,67416.359375,0.0,0.0,0.0,0.0,0.0,-44.20849609375,0.0,44.2109375,0.0,-323.765380859375,0.0,323.765625,0.0,1222.61376953125,0.0,-1222.6171875,0.0,0.0,0.0,0.0,0.0,0.0,0.0,0.0,0.0,0.0,0.0,0.0,0.0,-600.0,0.0,600.0,0.0,0.0,0.0,0.0,0.0,0.0,0.0,0.0,0.0,0.0,0.0,0.0,0.0,-240.0,0.0,240.0,0.0,0.0,0.0,0.0,0.0,0.0,0.0,0.0,0.0,0.0,0.0,0.0,0.0,0.0,0.0,0.0,0.0,-984.491943359375,0.0,984.4921875,0.0,0.0,0.0,0.0,0.0,-151.3218994140625,0.0,151.3203125,0.0,0.0,0.0,0.0,0.0,0.0,0.0,0.0,0.0,0.0,0.0,0.0,0.0,1479.8687744140625,0.0,68537.53125,0.0,-1121.1739501953125,0.0,1121.171875,0.0,-43.104787921685926,0.0,1.6630560159683228,0.0,TX
8150550,TX,4835,336.83868408203125,2,0.0,44385.7265625,126232.4140625,1,1,11374.1826171875,0.0,116400.8515625,0.0,0.0,0.0,0.0,0.0,-1798.8369140625,0.0,1798.8359375,0.0,-59.4560546875,0.0,59.4609375,0.0,1272.0,0.0,-1272.0,0.0,0.0,0.0,0.0,0.0,0.0,0.0,0.0,0.0,0.0,0.0,0.0,0.0,-2192.8642578125,0.0,2192.8671875,0.0,0.0,0.0,0.0,0.0,0.0,0.0,0.0,0.0,0.0,0.0,0.0,0.0,-240.0,0.0,240.0,0.0,0.0,0.0,0.0,0.0,0.0,0.0,0.0,0.0,0.0,0.0,0.0,0.0,0.0,0.0,0.0,0.0,0.0,0.0,0.0,0.0,0.0,0.0,0.0,0.0,0.0,0.0,0.0,0.0,0.0,0.0,0.0,0.0,0.0,0.0,0.0,0.0,0.0,0.0,0.0,0.0,8355.025390625,0.0,119420.015625,0.0,-3019.1572265625,0.0,3019.1640625,0.0,-26.54394894275971,0.0,2.5937647819519043,0.0,TX
8150551,TX,4835,1897.018310546875,2,0.0,93130.890625,93133.375,2,0,756.0062255859375,0.0,92007.953125,0.0,0.0,0.0,0.0,0.0,0.0,0.0,0.0,0.0,0.0,0.0,0.0,0.0,1060.0,0.0,-1060.0,0.0,0.0,0.0,0.0,0.0,0.0,0.0,0.0,0.0,0.0,0.0,0.0,0.0,0.0,0.0,0.0,0.0,0.0,0.0,0.0,0.0,0.0,0.0,0.0,0.0,0.0,0.0,0.0,0.0,0.0,0.0,0.0,0.0,0.0,0.0,0.0,0.0,0.0,0.0,0.0,0.0,0.0,0.0,0.0,0.0,0.0,0.0,0.0,0.0,-852.4827880859375,0.0,852.4765625,0.0,0.0,0.0,0.0,0.0,0.0,0.0,0.0,0.0,0.0,0.0,0.0,0.0,0.0,0.0,0.0,0.0,0.0,0.0,0.0,0.0,963.5234375,0.0,91800.4296875,0.0,207.5172119140625,0.0,-207.5234375,0.0,27.449140614315404,0.0,-0.22554944455623627,0.0,TX
8150552,TX,4835,574.6218872070312,1,0.0,44867.81640625,46315.2109375,1,0,4299.78173828125,0.0,40682.6484375,972.7833251953125,0.0,0.0,0.0,972.7833251953125,-621.95654296875,0.0,621.9609375,0.0,-936.0,0.0,936.0,0.0,636.0,0.0,-636.0,0.0,0.0,0.0,0.0,0.0,0.0,0.0,0.0,0.0,0.0,0.0,0.0,0.0,0.0,0.0,0.0,0.0,0.0,0.0,0.0,0.0,0.0,0.0,0.0,0.0,0.0,0.0,0.0,0.0,0.0,0.0,0.0,0.0,0.0,0.0,0.0,0.0,0.0,0.0,0.0,0.0,0.0,0.0,0.0,0.0,0.0,0.0,0.0,0.0,0.0,0.0,0.0,0.0,0.0,0.0,0.0,0.0,-59.015625,0.0,59.015625,0.0,0.0,0.0,0.0,0.0,0.0,0.0,0.0,0.0,0.0,0.0,0.0,0.0,3318.8095703125,0.0,41663.625,972.7833251953125,-980.97216796875,0.0,980.9765625,0.0,-22.814464260710906,0.0,2.411289930343628,0.0,TX
8150553,TX,4835,1162.3255615234375,2,0.0,101725.71484375,102160.03125,2,0,10029.0048828125,0.0,86196.84375,0.0,0.0,0.0,0.0,0.0,-1529.80078125,0.0,1529.8046875,0.0,-1872.00048828125,0.0,1872.0,0.0,1272.0,0.0,-1272.0,0.0,0.0,0.0,0.0,0.0,0.0,0.0,0.0,0.0,0.0,0.0,0.0,0.0,0.0,0.0,0.0,0.0,0.0,0.0,0.0,0.0,0.0,0.0,0.0,0.0,0.0,0.0,0.0,0.0,-27.77685546875,0.0,27.7734375,0.0,0.0,0.0,0.0,0.0,0.0,0.0,0.0,0.0,0.0,0.0,0.0,0.0,0.0,0.0,0.0,0.0,0.0,0.0,0.0,0.0,0.0,0.0,0.0,0.0,-36.31787109375,0.0,36.3203125,0.0,0.0,0.0,0.0,0.0,0.0,0.0,0.0,0.0,0.0,0.0,0.0,0.0,7835.10888671875,0.0,88390.7421875,0.0,-2193.89599609375,0.0,2193.8984375,0.0,-21.875510299666953,0.0,2.5452189445495605,0.0,TX
8150554,TX,4835,660.0357666015625,2,0.0,151566.3046875,174462.53125,2,0,24533.546875,0.0,214602.9375,0.0,0.0,0.0,0.0,0.0,-3755.412109375,0.0,3755.40625,0.0,-2460.765625,0.0,2460.765625,0.0,2331.998046875,0.0,-2332.0,0.0,0.0,0.0,0.0,0.0,0.0,0.0,0.0,0.0,0.0,0.0,0.0,0.0,-1100.0,0.0,1100.0,0.0,0.0,0.0,0.0,0.0,0.0,0.0,0.0,0.0,0.0,0.0,0.0,0.0,-440.0,0.0,440.0,0.0,0.0,0.0,0.0,0.0,0.0,0.0,0.0,0.0,0.0,0.0,0.0,0.0,0.0,0.0,0.0,0.0,0.0,0.0,0.0,0.0,0.0,0.0,0.0,0.0,-400.6796875,0.0,400.671875,0.0,0.0,0.0,0.0,0.0,0.0,0.0,0.0,0.0,0.0,0.0,0.0,0.0,18708.6875,0.0,220427.78125,0.0,-5824.859375,0.0,5824.84375,0.0,-23.742426664509754,0.0,2.7142422199249268,0.0,TX
8150555,TX,4835,1196.3572998046875,3,1.0,0.0,0.0,2,1,0.0,0.0,60480.94140625,15897.109375,44583.83056640625,0.0,0.0,60480.93994140625,0.0,0.0,0.0,0.0,0.0,0.0,0.0,0.0,0.0,0.0,0.0,0.0,0.0,0.0,0.0,0.0,0.0,0.0,0.0,0.0,0.0,0.0,0.0,0.0,0.0,0.0,0.0,0.0,0.0,0.0,0.0,0.0,0.0,0.0,0.0,0.0,0.0,0.0,0.0,0.0,0.0,0.0,0.0,0.0,0.0,0.0,0.0,0.0,0.0,0.0,0.0,0.0,0.0,0.0,0.0,0.0,0.0,0.0,0.0,0.0,0.0,0.0,0.0,0.0,0.0,0.0,0.0,0.0,0.0,0.0,0.0,0.0,0.0,0.0,0.0,0.0,0.0,0.0,0.0,0.0,0.0,0.0,0.0,0.0,0.0,0.0,60480.94140625,60480.93994140625,0.0,0.0,0.0,0.0,0.0,0.0,0.0,0.0,TX
8150556,TX,4835,1331.3875732421875,3,1.0,111499.89282226562,185553.828125,3,0,23321.525390625,0.0,161400.328125,3582.6376953125,0.0,0.0,0.0,3582.6376953125,-3736.783203125,0.0,3736.78125,0.0,-3165.2314453125,0.0,3165.234375,0.0,2703.8310546875,0.0,-2703.828125,0.0,0.0,0.0,0.0,0.0,-2200.0,0.0,2200.0,0.0,0.0,0.0,0.0,0.0,0.0,0.0,0.0,0.0,0.0,0.0,0.0,0.0,0.0,0.0,0.0,0.0,0.0,0.0,0.0,0.0,-104.412109375,0.0,104.40625,0.0,0.0,0.0,0.0,0.0,0.0,0.0,0.0,0.0,0.0,0.0,0.0,0.0,0.0,0.0,0.0,0.0,0.0,0.0,0.0,0.0,-1312.91015625,0.0,1312.90625,0.0,0.0,0.0,0.0,0.0,0.0,0.0,0.0,0.0,0.0,0.0,0.0,0.0,0.0,0.0,0.0,0.0,15506.01953125,0.0,169215.828125,3582.6376953125,-7815.505859375,0.0,7815.5,0.0,-33.511984008201914,0.0,4.8423075675964355,0.0,TX
8150557,TX,4835,179.32752990722656,2,0.0,0.0,0.0,2,0,0.0,0.0,64424.19921875,32355.94140625,0.0,0.0,0.0,32355.94140625,0.0,0.0,0.0,0.0,0.0,0.0,0.0,0.0,0.0,0.0,0.0,0.0,0.0,0.0,0.0,0.0,0.0,0.0,0.0,0.0,0.0,0.0,0.0,0.0,0.0,0.0,0.0,0.0,0.0,0.0,0.0,0.0,0.0,0.0,0.0,0.0,0.0,0.0,0.0,0.0,0.0,0.0,0.0,0.0,0.0,0.0,0.0,0.0,0.0,0.0,0.0,0.0,0.0,0.0,0.0,0.0,0.0,0.0,0.0,0.0,0.0,0.0,0.0,0.0,0.0,0.0,0.0,0.0,0.0,0.0,0.0,0.0,0.0,0.0,0.0,0.0,0.0,0.0,0.0,0.0,0.0,0.0,0.0,0.0,0.0,0.0,64424.19921875,32355.94140625,0.0,0.0,0.0,0.0,0.0,0.0,0.0,0.0,TX
8150558,TX,4835,0.17533785104751587,2,0.0,57960.0,101307.4296875,2,0,9559.136962890625,0.0,87426.921875,0.0,0.0,0.0,0.0,0.0,-1435.82763671875,0.0,1435.828125,0.0,-1844.41748046875,0.0,1844.421875,0.0,1272.0,0.0,-1272.0,0.0,0.0,0.0,0.0,0.0,0.0,0.0,0.0,0.0,0.0,0.0,0.0,0.0,0.0,0.0,0.0,0.0,0.0,0.0,0.0,0.0,0.0,0.0,0.0,0.0,0.0,0.0,0.0,0.0,-120.0,0.0,120.0,0.0,0.0,0.0,0.0,0.0,0.0,0.0,0.0,0.0,0.0,0.0,0.0,0.0,0.0,0.0,0.0,0.0,0.0,0.0,0.0,0.0,-720.0,0.0,720.0,0.0,-363.1727294921875,0.0,363.171875,0.0,0.0,0.0,0.0,0.0,0.0,0.0,0.0,0.0,0.0,0.0,0.0,0.0,6347.7191162109375,0.0,90638.34375,0.0,-3211.4178466796875,0.0,3211.421875,0.0,-33.59526973142745,0.0,3.673264503479004,0.0,TX
8150559,TX,4835,0.8600427508354187,1,0.0,0.0,4.136351108551025,1,0,0.0,0.0,81878.125,40936.0234375,0.0,0.0,0.0,40936.0234375,0.0,0.0,0.0,0.0,0.0,0.0,0.0,0.0,0.0,0.0,0.0,0.0,0.0,0.0,0.0,0.0,0.0,0.0,0.0,0.0,0.0,0.0,0.0,0.0,0.0,0.0,0.0,0.0,0.0,0.0,0.0,0.0,0.0,0.0,0.0,0.0,0.0,0.0,0.0,0.0,0.0,0.0,0.0,0.0,0.0,0.0,0.0,0.0,0.0,0.0,0.0,0.0,0.0,0.0,0.0,0.0,0.0,0.0,0.0,0.0,0.0,0.0,0.0,0.0,0.0,0.0,0.0,0.0,0.0,0.0,0.0,0.0,0.0,0.0,0.0,0.0,0.0,0.0,0.0,0.0,0.0,0.0,0.0,0.0,0.0,0.0,81878.125,40936.0234375,0.0,0.0,0.0,0.0,0.0,0.0,0.0,0.0,TX
8150560,TX,4835,0.13641266524791718,3,1.0,217809.953125,220503.859375,3,0,34182.8828125,0.0,171745.03125,0.0,0.0,0.0,0.0,0.0,-4931.9453125,0.0,4931.9375,0.0,0.0,0.0,0.0,0.0,1599.912109375,0.0,-1599.90625,0.0,0.0,0.0,0.0,0.0,-500.0,0.0,500.0,0.0,0.0,0.0,0.0,0.0,0.0,0.0,0.0,0.0,0.0,0.0,0.0,0.0,0.0,0.0,0.0,0.0,0.0,0.0,0.0,0.0,-432.564453125,0.0,432.5625,0.0,0.0,0.0,0.0,0.0,0.0,0.0,0.0,0.0,0.0,0.0,0.0,0.0,0.0,0.0,0.0,0.0,0.0,0.0,0.0,0.0,0.0,0.0,0.0,0.0,0.0,0.0,0.0,0.0,0.0,0.0,0.0,0.0,0.0,0.0,0.0,0.0,0.0,0.0,0.0,0.0,29918.28515625,0.0,176009.625,0.0,-4264.59765625,0.0,4264.59375,0.0,-12.475827974024828,0.0,2.48309588432312,0.0,TX
8150561,TX,4835,0.11672408878803253,4,1.0,347806.955078125,444816.455078125,4,0,98835.85729980467,0.0,358360.0625,1014.5010986328125,0.0,0.0,0.0,1014.5010986328125,-117.1339111328125,0.0,117.125,0.0,-849.755981445298,0.0,849.75,0.0,549.755981445298,0.0,-549.75,0.0,0.0,0.0,0.0,0.0,-1399.9999999999854,0.0,1400.0,0.0,0.0,0.0,0.0,0.0,-2100.0,0.0,2100.0,0.0,-18845.6328125,0.0,18845.625,0.0,0.0,0.0,0.0,0.0,0.0,0.0,0.0,0.0,0.0,0.0,0.0,0.0,-53.8359375,0.0,53.84375,0.0,0.0,0.0,0.0,0.0,0.0,0.0,0.0,0.0,0.0,0.0,0.0,0.0,0.0,0.0,0.0,0.0,0.0,0.0,0.0,0.0,0.0,0.0,0.0,0.0,0.0,0.0,0.0,0.0,0.0,0.0,0.0,0.0,0.0,0.0,0.0,0.0,76019.25463867188,0.0,381176.65625,1014.5010986328125,-22816.602661132798,0.0,22816.59375,0.0,-23.085349067112197,0.0,6.366946697235107,0.0,TX
8150562,TX,4835,68.4849624633789,2,0.0,0.0,0.0,2,0,0.0,0.0,95225.3671875,30866.671875,40446.3203125,0.0,0.0,71312.9921875,0.0,0.0,0.0,0.0,0.0,0.0,0.0,0.0,0.0,0.0,0.0,0.0,0.0,0.0,0.0,0.0,0.0,0.0,0.0,0.0,0.0,0.0,0.0,0.0,0.0,0.0,0.0,0.0,0.0,0.0,0.0,0.0,0.0,0.0,0.0,0.0,0.0,0.0,0.0,0.0,0.0,0.0,0.0,0.0,0.0,0.0,0.0,0.0,0.0,0.0,0.0,0.0,0.0,0.0,0.0,0.0,0.0,0.0,0.0,0.0,0.0,0.0,0.0,0.0,0.0,0.0,0.0,0.0,0.0,0.0,0.0,0.0,0.0,0.0,0.0,0.0,0.0,0.0,0.0,0.0,0.0,0.0,0.0,0.0,0.0,0.0,95225.3671875,71312.9921875,0.0,0.0,0.0,0.0,0.0,0.0,0.0,0.0,TX
8150563,TX,4835,0.7190869450569153,4,2.0,474208.4375,608733.25,4,0,156330.203125,0.0,350133.40625,0.0,0.0,0.0,0.0,0.0,0.0,0.0,0.0,0.0,0.0,0.0,0.0,0.0,0.0,0.0,0.0,0.0,0.0,0.0,0.0,0.0,0.0,0.0,0.0,0.0,0.0,0.0,0.0,0.0,-1400.0,0.0,1400.0,0.0,-21777.65625,0.0,21777.65625,0.0,0.0,0.0,0.0,0.0,0.0,0.0,0.0,0.0,0.0,0.0,0.0,0.0,-2109.2734375,0.0,2109.28125,0.0,0.0,0.0,0.0,0.0,167.8515625,0.0,-167.84375,0.0,0.0,0.0,0.0,0.0,0.0,0.0,0.0,0.0,0.0,0.0,0.0,0.0,0.0,0.0,0.0,0.0,0.0,0.0,0.0,0.0,0.0,0.0,0.0,0.0,0.0,0.0,0.0,0.0,131211.125,0.0,375252.5,0.0,-25119.078125,0.0,25119.09375,0.0,-16.067962314943742,0.0,7.174149036407471,0.0,TX
8150564,TX,4835,2.5374393463134766,4,1.0,76030.7109375,761770.7082214355,4,0,211227.083984375,0.0,586947.75,18311.017578125,24360.67041015625,0.0,0.0,42671.68798828125,-1623.4208984375,0.0,1623.4375,0.0,-1716.00048828125,0.0,1716.0,0.0,1166.0,0.0,-1166.0,0.0,0.0,0.0,0.0,0.0,0.0,0.0,0.0,0.0,0.0,0.0,0.0,0.0,-1400.0,0.0,1400.0,0.0,-19957.640625,0.0,19957.625,0.0,0.0,0.0,0.0,0.0,0.0,0.0,0.0,0.0,0.0,0.0,0.0,0.0,-4361.3125,0.0,4361.3125,0.0,0.0,0.0,0.0,0.0,0.0,0.0,0.0,0.0,0.0,0.0,0.0,0.0,0.0,0.0,0.0,0.0,0.0,0.0,0.0,0.0,-59.4482421875,0.0,59.4375,0.0,0.0,0.0,0.0,0.0,0.0,0.0,0.0,0.0,0.0,0.0,0.0,0.0,183275.26123046875,0.0,614899.5625,42671.68798828125,-27951.82275390625,0.0,27951.8125,0.0,-13.233067571947316,0.0,4.762231826782227,0.0,TX
8150565,TX,4835,1.3786871433258057,2,0.0,5198.4990234375,169123.515625,2,0,17853.005859375,0.0,201089.453125,41670.64453125,0.0,0.0,0.0,41670.64453125,-2623.267578125,0.0,2623.265625,0.0,-98.14453125,0.0,98.140625,0.0,2332.0,0.0,-2332.0,0.0,0.0,0.0,0.0,0.0,0.0,0.0,0.0,0.0,0.0,0.0,0.0,0.0,-4.01171875,0.0,4.015625,0.0,0.0,0.0,0.0,0.0,0.0,0.0,0.0,0.0,0.0,0.0,0.0,0.0,-440.0,0.0,440.0,0.0,0.0,0.0,0.0,0.0,0.0,0.0,0.0,0.0,0.0,0.0,0.0,0.0,0.0,0.0,0.0,0.0,0.0,0.0,0.0,0.0,-2387.5703125,0.0,2387.5625,0.0,0.0,0.0,0.0,0.0,0.0,0.0,0.0,0.0,0.0,0.0,0.0,0.0,0.0,0.0,0.0,0.0,14632.01171875,0.0,204310.4375,41670.64453125,-3220.994140625,0.0,3220.984375,0.0,-18.041746952844843,0.0,1.6017669439315796,0.0,TX
8150566,TX,4835,419.0304260253906,2,0.0,153321.578125,181919.701171875,2,0,30142.228515625,0.0,203754.796875,37458.01953125,0.0,0.0,0.0,37458.01953125,-3882.5546875,0.0,3882.546875,0.0,0.0,0.0,0.0,0.0,1272.0,0.0,-1272.0,0.0,0.0,0.0,0.0,0.0,0.0,0.0,0.0,0.0,0.0,0.0,0.0,0.0,0.0,0.0,0.0,0.0,0.0,0.0,0.0,0.0,0.0,0.0,0.0,0.0,0.0,0.0,0.0,0.0,0.0,0.0,0.0,0.0,0.0,0.0,0.0,0.0,0.0,0.0,0.0,0.0,0.0,0.0,0.0,0.0,0.0,0.0,0.0,0.0,0.0,0.0,0.0,0.0,-65.228515625,0.0,65.234375,0.0,0.0,0.0,0.0,0.0,0.0,0.0,0.0,0.0,0.0,0.0,0.0,0.0,0.0,0.0,0.0,0.0,27466.4453125,0.0,206430.578125,37458.01953125,-2675.783203125,0.0,2675.78125,0.0,-8.877191020358495,0.0,1.3132359981536865,0.0,TX
8150567,TX,4835,2450.317626953125,2,0.0,239998.5693359375,847662.5625,2,0,206344.4375,0.0,631564.125,0.0,0.0,0.0,0.0,0.0,0.0,0.0,0.0,0.0,0.0,0.0,0.0,0.0,0.0,0.0,0.0,0.0,0.0,0.0,0.0,0.0,0.0,0.0,0.0,0.0,0.0,0.0,0.0,0.0,-1152.25,0.0,1152.25,0.0,-36166.0,0.0,36166.0,0.0,0.0,0.0,0.0,0.0,0.0,0.0,0.0,0.0,-352.578125,0.0,352.625,0.0,0.0,0.0,0.0,0.0,0.0,0.0,0.0,0.0,0.0,0.0,0.0,0.0,0.0,0.0,0.0,0.0,0.0,0.0,0.0,0.0,0.0,0.0,0.0,0.0,0.0,0.0,0.0,0.0,0.0,0.0,0.0,0.0,0.0,0.0,0.0,0.0,0.0,0.0,0.0,0.0,168673.609375,0.0,669235.0,0.0,-37670.828125,0.0,37670.875,0.0,-18.256284773850517,0.0,5.964695453643799,0.0,TX
8150568,TX,4835,0.8191205263137817,2,1.0,87789.078125,96670.609375,2,0,8774.8251953125,0.0,85090.9140625,0.0,0.0,0.0,0.0,0.0,-1414.96484375,0.0,1414.96875,0.0,-286.38720703125,0.0,286.3828125,0.0,1776.56103515625,0.0,-1776.5625,0.0,0.0,0.0,0.0,0.0,-2200.0,0.0,2200.0,0.0,0.0,0.0,0.0,0.0,-1100.0,0.0,1100.0,0.0,0.0,0.0,0.0,0.0,0.0,0.0,0.0,0.0,0.0,0.0,0.0,0.0,0.0,0.0,0.0,0.0,0.0,0.0,0.0,0.0,0.0,0.0,0.0,0.0,0.0,0.0,0.0,0.0,0.0,0.0,0.0,0.0,0.0,0.0,0.0,0.0,0.0,0.0,0.0,0.0,0.0,0.0,0.0,0.0,0.0,0.0,0.0,0.0,0.0,0.0,0.0,0.0,0.0,0.0,0.0,0.0,5550.0341796875,0.0,88315.703125,0.0,-3224.791015625,0.0,3224.7890625,0.0,-36.75048726153176,0.0,3.78981614112854,0.0,TX
8150569,TX,4835,2453.98779296875,3,0.0,80813.16259765625,101537.9267578125,3,0,9044.413452148438,0.0,115659.2578125,23166.703125,0.0,5097.57275390625,0.0,28264.27587890625,-1444.27099609375,0.0,1444.2734375,0.0,-2338.418502807617,0.0,2338.421875,0.0,1538.418441772461,0.0,-1538.421875,0.0,0.0,0.0,0.0,0.0,0.0,0.0,0.0,0.0,0.0,0.0,0.0,0.0,0.0,0.0,0.0,0.0,0.0,0.0,0.0,0.0,0.0,0.0,0.0,0.0,0.0,0.0,0.0,0.0,-220.0,0.0,220.0,0.0,0.0,0.0,0.0,0.0,0.0,0.0,0.0,0.0,0.0,0.0,0.0,0.0,0.0,0.0,0.0,0.0,0.0,0.0,0.0,0.0,0.0,0.0,0.0,0.0,-84.1639404296875,0.0,84.1640625,0.0,0.0,0.0,0.0,0.0,0.0,0.0,0.0,0.0,0.0,0.0,0.0,0.0,6495.978454589844,0.0,118207.6953125,28264.27587890625,-2548.4349975585938,0.0,2548.4375,0.0,-28.17689628013667,0.0,2.2034010887145996,0.0,TX
8150570,TX,4835,1.5092799663543701,2,0.0,164376.52734375,258844.015625,2,0,46512.7265625,0.0,289453.15625,39237.89453125,0.0,0.0,0.0,39237.89453125,-2710.90234375,0.0,2710.90625,0.0,0.0,0.0,0.0,0.0,897.31640625,0.0,-897.3125,0.0,0.0,0.0,0.0,0.0,0.0,0.0,0.0,0.0,0.0,0.0,0.0,0.0,-1712.62109375,0.0,1712.625,0.0,-5546.65234375,0.0,5546.625,0.0,0.0,0.0,0.0,0.0,0.0,0.0,0.0,0.0,-468.9296875,0.0,468.9375,0.0,0.0,0.0,0.0,0.0,0.0,0.0,0.0,0.0,0.0,0.0,0.0,0.0,0.0,0.0,0.0,0.0,0.0,0.0,0.0,0.0,-1203.26171875,0.0,1203.28125,0.0,0.0,0.0,0.0,0.0,0.0,0.0,0.0,0.0,0.0,0.0,0.0,0.0,0.0,0.0,0.0,0.0,35767.67578125,0.0,300198.21875,39237.89453125,-10745.05078125,0.0,10745.0625,0.0,-23.101313501395534,0.0,3.7121939659118652,0.0,TX
8150571,TX,4835,1.1158448457717896,4,0.0,162880.37109375,228043.62109375,4,0,24335.3134765625,0.0,294976.75,43815.6484375,0.0,0.0,0.0,43815.6484375,-3583.57373046875,0.0,3583.59375,0.0,-1200.142578125,0.0,1200.125,0.0,2968.0,0.0,-2968.0,0.0,0.0,0.0,0.0,0.0,0.0,0.0,0.0,0.0,0.0,0.0,0.0,0.0,-1100.0,0.0,1100.0,0.0,0.0,0.0,0.0,0.0,0.0,0.0,0.0,0.0,0.0,0.0,0.0,0.0,-440.0,0.0,440.0,0.0,0.0,0.0,0.0,0.0,0.0,0.0,0.0,0.0,0.0,0.0,0.0,0.0,0.0,0.0,0.0,0.0,0.0,0.0,0.0,0.0,-2221.720703125,0.0,2221.71875,0.0,0.0,0.0,0.0,0.0,0.0,0.0,0.0,0.0,0.0,0.0,0.0,0.0,0.0,0.0,0.0,0.0,18757.87646484375,0.0,300554.1875,43815.6484375,-5577.43701171875,0.0,5577.4375,0.0,-22.91910896110057,0.0,1.890805721282959,0.0,TX
8150572,TX,4835,1.5005048513412476,4,2.0,136689.0166015625,524039.4375,4,0,132502.25,0.0,374337.8125,0.0,0.0,0.0,0.0,0.0,0.0,0.0,0.0,0.0,0.0,0.0,0.0,0.0,0.0,0.0,0.0,0.0,0.0,0.0,0.0,0.0,0.0,0.0,0.0,0.0,0.0,0.0,0.0,0.0,-3426.625,0.0,3426.625,0.0,-32605.984375,0.0,32606.0,0.0,0.0,0.0,0.0,0.0,0.0,0.0,0.0,0.0,0.0,0.0,0.0,0.0,-1543.6328125,0.0,1543.625,0.0,0.0,0.0,0.0,0.0,0.0,0.0,0.0,0.0,0.0,0.0,0.0,0.0,0.0,0.0,0.0,0.0,0.0,0.0,0.0,0.0,0.0,0.0,0.0,0.0,0.0,0.0,0.0,0.0,0.0,0.0,0.0,0.0,0.0,0.0,0.0,0.0,94926.0078125,0.0,411914.0625,0.0,-37576.2421875,0.0,37576.25,0.0,-28.358946499021716,0.0,10.03805923461914,0.0,TX
8150573,TX,4835,10.3084077835083,2,0.0,0.0,8254.1376953125,2,0,0.0,0.0,66936.75,29165.74609375,0.0,0.0,0.0,29165.74609375,0.0,0.0,0.0,0.0,0.0,0.0,0.0,0.0,0.0,0.0,0.0,0.0,0.0,0.0,0.0,0.0,0.0,0.0,0.0,0.0,0.0,0.0,0.0,0.0,0.0,0.0,0.0,0.0,0.0,0.0,0.0,0.0,0.0,0.0,0.0,0.0,0.0,0.0,0.0,0.0,0.0,0.0,0.0,0.0,0.0,0.0,0.0,0.0,0.0,0.0,0.0,0.0,0.0,0.0,0.0,0.0,0.0,0.0,0.0,0.0,0.0,0.0,0.0,0.0,0.0,0.0,0.0,0.0,0.0,0.0,0.0,0.0,0.0,0.0,0.0,0.0,0.0,0.0,0.0,0.0,0.0,0.0,0.0,0.0,0.0,0.0,66936.75,29165.74609375,0.0,0.0,0.0,0.0,0.0,0.0,0.0,0.0,TX
8150574,TX,4835,791.1856689453125,1,0.0,66270.109375,75719.90625,1,0,9992.4765625,0.0,85428.5546875,20712.2890625,0.0,0.0,0.0,20712.2890625,-1614.09765625,0.0,1614.1015625,0.0,-1715.99951171875,0.0,1716.0,0.0,1166.0,0.0,-1166.0,0.0,0.0,0.0,0.0,0.0,0.0,0.0,0.0,0.0,0.0,0.0,0.0,0.0,0.0,0.0,0.0,0.0,0.0,0.0,0.0,0.0,0.0,0.0,0.0,0.0,0.0,0.0,0.0,0.0,0.0,0.0,0.0,0.0,0.0,0.0,0.0,0.0,0.0,0.0,0.0,0.0,0.0,0.0,0.0,0.0,0.0,0.0,0.0,0.0,0.0,0.0,0.0,0.0,0.0,0.0,0.0,0.0,0.0,0.0,0.0,0.0,0.0,0.0,0.0,0.0,0.0,0.0,0.0,0.0,0.0,0.0,0.0,0.0,7828.37939453125,0.0,87592.65625,20712.2890625,-2164.09716796875,0.0,2164.1015625,0.0,-21.65726538794421,0.0,2.5332298278808594,0.0,TX
8150575,TX,4835,834.158447265625,1,0.0,103680.859375,113985.25,1,0,18708.908203125,0.0,107309.5078125,18197.2421875,0.0,0.0,0.0,18197.2421875,-2655.5390625,0.0,2655.5390625,0.0,-990.23046875,0.0,990.2265625,0.0,1166.0,0.0,-1166.0,0.0,0.0,0.0,0.0,0.0,0.0,0.0,0.0,0.0,0.0,0.0,0.0,0.0,0.0,0.0,0.0,0.0,0.0,0.0,0.0,0.0,0.0,0.0,0.0,0.0,0.0,0.0,0.0,0.0,-220.0,0.0,220.0,0.0,0.0,0.0,0.0,0.0,0.0,0.0,0.0,0.0,0.0,0.0,0.0,0.0,0.0,0.0,0.0,0.0,0.0,0.0,0.0,0.0,0.0,0.0,0.0,0.0,0.0,0.0,0.0,0.0,0.0,0.0,0.0,0.0,0.0,0.0,0.0,0.0,0.0,0.0,0.0,0.0,16009.138671875,0.0,110009.2734375,18197.2421875,-2699.76953125,0.0,2699.765625,0.0,-14.43039594795302,0.0,2.5158681869506836,0.0,TX
8150576,TX,4835,780.2625122070312,2,0.0,47255.880859375,47255.880859375,2,0,1994.6131591796875,0.0,52058.05859375,0.0,0.0,5275.82421875,0.0,5275.82421875,-63.4361572265625,0.0,63.4375,0.0,-1409.75830078125,0.0,1409.7578125,0.0,875.8009033203125,0.0,-875.80078125,0.0,0.0,0.0,0.0,0.0,0.0,0.0,0.0,0.0,0.0,0.0,0.0,0.0,0.0,0.0,0.0,0.0,0.0,0.0,0.0,0.0,0.0,0.0,0.0,0.0,0.0,0.0,0.0,0.0,0.0,0.0,0.0,0.0,0.0,0.0,0.0,0.0,0.0,0.0,0.0,0.0,0.0,0.0,0.0,0.0,0.0,0.0,0.0,0.0,-345.80078125,0.0,345.80078125,0.0,0.0,0.0,0.0,0.0,0.0,0.0,0.0,0.0,0.0,0.0,0.0,0.0,0.0,0.0,0.0,0.0,0.0,0.0,0.0,0.0,1051.4188232421875,0.0,53001.25390625,5275.82421875,-943.1943359375,0.0,943.1953125,0.0,-47.2870807853991,0.0,1.811814308166504,0.0,TX
8150577,TX,4835,1160.4891357421875,3,1.0,291098.80078125,1138872.375,3,0,281816.65625,0.0,836022.375,0.0,4137.51025390625,0.0,0.0,4137.51025390625,-26026.9375,0.0,26027.0,0.0,0.0,0.0,0.0,0.0,0.0,0.0,0.0,0.0,0.0,0.0,0.0,0.0,0.0,0.0,0.0,0.0,0.0,0.0,0.0,0.0,-33465.234375,0.0,33465.25,0.0,-7662.90625,0.0,7662.875,0.0,0.0,0.0,0.0,0.0,0.0,0.0,0.0,0.0,0.0,0.0,0.0,0.0,-7675.765625,0.0,7675.75,0.0,0.0,0.0,0.0,0.0,0.0,0.0,0.0,0.0,0.0,0.0,0.0,0.0,0.0,0.0,0.0,0.0,0.0,0.0,0.0,0.0,0.0,0.0,0.0,0.0,0.0,0.0,0.0,0.0,0.0,0.0,0.0,0.0,0.0,0.0,0.0,0.0,206985.8125,0.0,910853.25,4137.51025390625,-74830.84375,0.0,74830.875,0.0,-26.55302377997752,0.0,8.950821876525879,0.0,TX
8150578,TX,4835,480.6480407714844,1,0.0,38519.9609375,38519.9609375,1,0,2409.95703125,0.0,34626.578125,0.0,0.0,0.0,0.0,0.0,-243.9912109375,0.0,243.9921875,0.0,-359.570556640625,0.0,359.5703125,0.0,636.0,0.0,-636.0,0.0,0.0,0.0,0.0,0.0,0.0,0.0,0.0,0.0,0.0,0.0,0.0,0.0,0.0,0.0,0.0,0.0,0.0,0.0,0.0,0.0,0.0,0.0,0.0,0.0,0.0,0.0,0.0,0.0,-120.0,0.0,120.0,0.0,0.0,0.0,0.0,0.0,0.0,0.0,0.0,0.0,0.0,0.0,0.0,0.0,0.0,0.0,0.0,0.0,-436.181396484375,0.0,436.1796875,0.0,0.0,0.0,0.0,0.0,-62.25830078125,0.0,62.2578125,0.0,0.0,0.0,0.0,0.0,0.0,0.0,0.0,0.0,0.0,0.0,0.0,0.0,1823.95556640625,0.0,35212.578125,0.0,-586.00146484375,0.0,586.0,0.0,-24.31584701490723,0.0,1.692341685295105,0.0,TX
8150579,TX,4835,959.2588500976562,1,0.0,117195.609375,112473.5703125,1,0,14037.5078125,0.0,96510.015625,0.0,0.0,0.0,0.0,0.0,-2099.5009765625,0.0,2099.5,0.0,0.0,0.0,0.0,0.0,1166.0,0.0,-1166.0,0.0,0.0,0.0,0.0,0.0,0.0,0.0,0.0,0.0,0.0,0.0,0.0,0.0,0.0,0.0,0.0,0.0,0.0,0.0,0.0,0.0,0.0,0.0,0.0,0.0,0.0,0.0,0.0,0.0,0.0,0.0,0.0,0.0,0.0,0.0,0.0,0.0,0.0,0.0,0.0,0.0,0.0,0.0,0.0,0.0,0.0,0.0,0.0,0.0,-3268.291015625,0.0,3268.2890625,0.0,0.0,0.0,0.0,0.0,0.0,0.0,0.0,0.0,0.0,0.0,0.0,0.0,0.0,0.0,0.0,0.0,0.0,0.0,0.0,0.0,9835.7158203125,0.0,100711.8046875,0.0,-4201.7919921875,0.0,4201.7890625,0.0,-29.932606615868977,0.0,4.353733539581299,0.0,TX
8150580,TX,4835,1578.3809814453125,3,0.0,74257.79443359375,83096.38037109375,2,1,6393.757507324219,0.0,76142.59375,2941.423095703125,0.0,0.0,0.0,2941.423095703125,-926.171875,0.0,926.171875,0.0,-1508.8993530273438,0.0,1508.8984375,0.0,958.8993530273438,0.0,-958.8984375,0.0,0.0,0.0,0.0,0.0,0.0,0.0,0.0,0.0,0.0,0.0,0.0,0.0,0.0,0.0,0.0,0.0,0.0,0.0,0.0,0.0,0.0,0.0,0.0,0.0,0.0,0.0,0.0,0.0,-120.0,0.0,120.0,0.0,0.0,0.0,0.0,0.0,0.0,0.0,0.0,0.0,0.0,0.0,0.0,0.0,0.0,0.0,0.0,0.0,0.0,0.0,0.0,0.0,0.0,0.0,0.0,0.0,0.0,0.0,0.0,0.0,0.0,0.0,0.0,0.0,0.0,0.0,0.0,0.0,0.0,0.0,0.0,0.0,4797.585632324219,0.0,77738.765625,2941.423095703125,-1596.171875,0.0,1596.171875,0.0,-24.96453569237718,0.0,2.0962929725646973,0.0,TX
8150581,TX,4835,2423.18994140625,5,2.0,198855.53076171875,214490.29785156247,5,0,26628.489257812496,0.0,184081.4375,0.0,8275.0205078125,0.0,0.0,8275.0205078125,-4242.337890625,0.0,4242.328125,0.0,-2808.0,0.0,2808.0,0.0,1908.0,0.0,-1908.0,0.0,0.0,0.0,0.0,0.0,-639.1547851562464,0.0,639.15625,0.0,0.0,0.0,0.0,0.0,-57.361328125,0.0,57.375,0.0,0.0,0.0,0.0,0.0,0.0,0.0,0.0,0.0,0.0,0.0,0.0,0.0,0.0,0.0,0.0,0.0,0.0,0.0,0.0,0.0,0.0,0.0,0.0,0.0,0.0,0.0,0.0,0.0,0.0,0.0,0.0,0.0,0.0,0.0,0.0,0.0,0.0,0.0,0.0,0.0,0.0,0.0,0.0,0.0,0.0,0.0,0.0,0.0,0.0,0.0,0.0,0.0,0.0,0.0,-4137.5,-4137.51025390625,20789.63525390625,0.0,185782.796875,4137.51025390625,-5838.854003906246,0.0,1701.359375,-4137.51025390625,-21.927094501589846,0.0,0.9242427349090576,-50.0,TX
8150582,TX,4835,1085.5919189453125,3,0.0,67568.0693359375,66629.08203125,3,0,2679.1546020507812,0.0,66086.46875,0.0,0.0,0.0,0.0,0.0,-101.0380859375,0.0,101.0390625,0.0,-1856.7042236328125,0.0,1856.703125,0.0,1056.7042236328125,0.0,-1056.703125,0.0,0.0,0.0,0.0,0.0,0.0,0.0,0.0,0.0,0.0,0.0,0.0,0.0,0.0,0.0,0.0,0.0,0.0,0.0,0.0,0.0,0.0,0.0,0.0,0.0,0.0,0.0,0.0,0.0,0.0,0.0,0.0,0.0,0.0,0.0,0.0,0.0,0.0,0.0,0.0,0.0,0.0,0.0,0.0,0.0,0.0,0.0,0.0,0.0,0.0,0.0,0.0,0.0,0.0,0.0,0.0,0.0,-164.34637451171875,0.0,164.34375,0.0,0.0,0.0,0.0,0.0,0.0,0.0,0.0,0.0,0.0,0.0,0.0,0.0,1613.7701416015625,0.0,67151.8515625,0.0,-1065.3844604492188,0.0,1065.3828125,0.0,-39.765695478480836,0.0,1.6121042966842651,0.0,TX
8150583,TX,4835,265.0835266113281,5,0.0,324124.95703125,561382.572265625,5,0,102780.06182861328,0.0,295483.96875,29820.798828125,0.0,0.0,0.0,29820.798828125,-490.6279296875,0.0,490.625,0.0,-2997.2343139648438,0.0,2997.21875,0.0,2223.0387573242188,0.0,-2223.03125,0.0,0.0,0.0,0.0,0.0,0.0,0.0,0.0,0.0,0.0,0.0,0.0,0.0,-2.802734375,0.0,2.8125,0.0,-10173.90625,0.0,10173.90625,0.0,0.0,0.0,0.0,0.0,0.0,0.0,0.0,0.0,0.0,0.0,0.0,0.0,-1000.3125,0.0,1000.3125,0.0,0.0,0.0,0.0,0.0,0.0,0.0,0.0,0.0,-527.0388793945312,0.0,527.03125,0.0,0.0,0.0,0.0,0.0,0.0,0.0,0.0,0.0,0.0,0.0,0.0,0.0,0.0,0.0,0.0,0.0,0.0,0.0,0.0,0.0,0.0,0.0,0.0,0.0,89811.17797851562,0.0,308452.84375,29820.798828125,-12968.883850097656,0.0,12968.875,0.0,-12.618093061398808,0.0,4.389028072357178,0.0,TX
8150584,TX,4835,0.6786549091339111,4,0.0,101120.30517578125,102960.15478515625,4,0,6646.26806640625,0.0,92481.3125,0.0,0.0,0.0,0.0,0.0,-1091.25390625,0.0,1091.25,0.0,-936.0,0.0,936.0,0.0,636.0,0.0,-636.0,0.0,0.0,0.0,0.0,0.0,0.0,0.0,0.0,0.0,0.0,0.0,0.0,0.0,0.0,0.0,0.0,0.0,0.0,0.0,0.0,0.0,0.0,0.0,0.0,0.0,0.0,0.0,0.0,0.0,0.0,0.0,0.0,0.0,0.0,0.0,0.0,0.0,0.0,0.0,0.0,0.0,0.0,0.0,0.0,0.0,0.0,0.0,0.0,0.0,0.0,0.0,0.0,0.0,0.0,0.0,0.0,0.0,0.0,0.0,0.0,0.0,0.0,0.0,0.0,0.0,0.0,0.0,0.0,0.0,0.0,0.0,0.0,0.0,5255.01416015625,0.0,93872.5625,0.0,-1391.25390625,0.0,1391.25,0.0,-20.93285874643143,0.0,1.5043580532073975,0.0,TX
8150585,TX,4835,2.7772445678710938,3,0.0,211069.125,622424.890625,3,0,127041.89337158203,0.0,521704.4375,0.0,0.0,0.0,0.0,0.0,-1638.9208984375,0.0,1638.90625,0.0,-2495.999523162842,0.0,2496.03125,0.0,1696.0000114440918,0.0,-1696.03125,0.0,0.0,0.0,0.0,0.0,0.0,0.0,0.0,0.0,0.0,0.0,0.0,0.0,-1300.0,0.0,1300.03125,0.0,-16065.234375,0.0,16065.1875,0.0,0.0,0.0,0.0,0.0,0.0,0.0,0.0,0.0,-424.41259765625,0.0,424.4375,0.0,-479.765625,0.0,479.75,0.0,0.0,0.0,0.0,0.0,0.0,0.0,0.0,0.0,0.0,0.0,0.0,0.0,0.0,0.0,0.0,0.0,0.0,0.0,0.0,0.0,0.0,0.0,0.0,0.0,0.0,0.0,0.0,0.0,0.0,0.0,0.0,0.0,0.0,0.0,0.0,0.0,106333.56036376953,0.0,542412.75,0.0,-20708.3330078125,0.0,20708.3125,0.0,-16.300397025131826,0.0,3.9693572521209717,0.0,TX
8150586,TX,4835,7.801977634429932,2,0.0,86364.8515625,214649.4140625,2,0,35765.171875,0.0,232116.609375,53820.046875,0.0,0.0,0.0,53820.046875,-5108.9326171875,0.0,5108.921875,0.0,-3440.8955078125,0.0,3440.90625,0.0,2332.0009765625,0.0,-2332.0,0.0,0.0,0.0,0.0,0.0,0.0,0.0,0.0,0.0,0.0,0.0,0.0,0.0,-161.705078125,0.0,161.703125,0.0,0.0,0.0,0.0,0.0,0.0,0.0,0.0,0.0,0.0,0.0,0.0,0.0,0.0,0.0,0.0,0.0,0.0,0.0,0.0,0.0,0.0,0.0,0.0,0.0,0.0,0.0,0.0,0.0,0.0,0.0,0.0,0.0,0.0,0.0,0.0,0.0,0.0,0.0,0.0,0.0,0.0,0.0,0.0,0.0,0.0,0.0,0.0,0.0,0.0,0.0,0.0,0.0,0.0,0.0,0.0,0.0,29385.6396484375,0.0,238496.140625,53820.046875,-6379.5322265625,0.0,6379.53125,0.0,-17.83727546133175,0.0,2.7484166622161865,0.0,TX
8150587,TX,4835,0.7558994293212891,3,1.0,114329.8828125,117610.4765625,3,0,7968.4716796875,0.0,122163.6875,0.0,0.0,0.0,0.0,0.0,-1237.6943359375,0.0,1237.6953125,0.0,0.0,0.0,0.0,0.0,1908.0,0.0,-1908.0,0.0,0.0,0.0,0.0,0.0,-1600.0,0.0,1600.0,0.0,0.0,0.0,0.0,0.0,-600.0,0.0,600.0,0.0,0.0,0.0,0.0,0.0,0.0,0.0,0.0,0.0,0.0,0.0,0.0,0.0,0.0,0.0,0.0,0.0,0.0,0.0,0.0,0.0,0.0,0.0,0.0,0.0,0.0,0.0,0.0,0.0,0.0,0.0,0.0,0.0,0.0,0.0,0.0,0.0,0.0,0.0,0.0,0.0,-330.7470703125,0.0,330.75,0.0,0.0,0.0,0.0,0.0,0.0,0.0,0.0,0.0,0.0,0.0,0.0,0.0,6108.0302734375,0.0,124024.1328125,0.0,-1860.44140625,0.0,1860.4453125,0.0,-23.347531133133938,0.0,1.5229119062423706,0.0,TX
8150588,TX,4835,185.00244140625,1,0.0,0.0,0.0,1,0,0.0,0.0,52604.875,26446.279296875,0.0,0.0,0.0,26446.279296875,0.0,0.0,0.0,0.0,0.0,0.0,0.0,0.0,0.0,0.0,0.0,0.0,0.0,0.0,0.0,0.0,0.0,0.0,0.0,0.0,0.0,0.0,0.0,0.0,0.0,0.0,0.0,0.0,0.0,0.0,0.0,0.0,0.0,0.0,0.0,0.0,0.0,0.0,0.0,0.0,0.0,0.0,0.0,0.0,0.0,0.0,0.0,0.0,0.0,0.0,0.0,0.0,0.0,0.0,0.0,0.0,0.0,0.0,0.0,0.0,0.0,0.0,0.0,0.0,0.0,0.0,0.0,0.0,0.0,0.0,0.0,0.0,0.0,0.0,0.0,0.0,0.0,0.0,0.0,0.0,0.0,0.0,0.0,0.0,0.0,0.0,52604.875,26446.279296875,0.0,0.0,0.0,0.0,0.0,0.0,0.0,0.0,TX
8150589,TX,4835,0.8354082107543945,3,0.0,77647.91064453125,80353.24658203125,3,0,10044.376953125,0.0,74507.9609375,2705.33642578125,0.0,0.0,0.0,2705.33642578125,-1620.3251953125,0.0,1620.328125,0.0,-1716.0,0.0,1716.0,0.0,1166.0,0.0,-1166.0,0.0,0.0,0.0,0.0,0.0,0.0,0.0,0.0,0.0,0.0,0.0,0.0,0.0,0.0,0.0,0.0,0.0,0.0,0.0,0.0,0.0,0.0,0.0,0.0,0.0,0.0,0.0,0.0,0.0,0.0,0.0,0.0,0.0,0.0,0.0,0.0,0.0,0.0,0.0,0.0,0.0,0.0,0.0,0.0,0.0,0.0,0.0,0.0,0.0,0.0,0.0,0.0,0.0,0.0,0.0,0.0,0.0,-166.8974609375,0.0,166.8984375,0.0,0.0,0.0,0.0,0.0,0.0,0.0,0.0,0.0,0.0,0.0,0.0,0.0,7707.154296875,0.0,76845.1875,2705.33642578125,-2337.22265625,0.0,2337.2265625,0.0,-23.26896598123834,0.0,3.1368818283081055,0.0,TX
8150590,TX,4835,545.4215698242188,2,0.0,44212.36328125,87072.1328125,2,0,12830.533203125,0.0,73965.171875,0.0,0.0,0.0,0.0,0.0,-1954.6640625,0.0,1954.6640625,0.0,-1716.0,0.0,1716.0,0.0,1166.0,0.0,-1166.0,0.0,0.0,0.0,0.0,0.0,0.0,0.0,0.0,0.0,0.0,0.0,0.0,0.0,0.0,0.0,0.0,0.0,0.0,0.0,0.0,0.0,0.0,0.0,0.0,0.0,0.0,0.0,0.0,0.0,0.0,0.0,0.0,0.0,0.0,0.0,0.0,0.0,0.0,0.0,0.0,0.0,0.0,0.0,0.0,0.0,0.0,0.0,0.0,0.0,0.0,0.0,0.0,0.0,0.0,0.0,0.0,0.0,0.0,0.0,0.0,0.0,0.0,0.0,0.0,0.0,0.0,0.0,0.0,0.0,0.0,0.0,0.0,0.0,10325.869140625,0.0,76469.8359375,0.0,-2504.6640625,0.0,2504.6640625,0.0,-19.52112217666811,0.0,3.386275053024292,0.0,TX
8150591,TX,4835,0.7760640382766724,2,0.0,70185.71875,70813.234375,2,0,4133.01220703125,0.0,66666.453125,0.0,0.0,0.0,0.0,0.0,-350.6025390625,0.0,350.6015625,0.0,-916.821533203125,0.0,916.8203125,0.0,1271.999755859375,0.0,-1272.0,0.0,0.0,0.0,0.0,0.0,0.0,0.0,0.0,0.0,0.0,0.0,0.0,0.0,-15.0595703125,0.0,15.0625,0.0,0.0,0.0,0.0,0.0,0.0,0.0,0.0,0.0,0.0,0.0,0.0,0.0,0.0,0.0,0.0,0.0,0.0,0.0,0.0,0.0,0.0,0.0,0.0,0.0,0.0,0.0,0.0,0.0,0.0,0.0,0.0,0.0,0.0,0.0,0.0,0.0,0.0,0.0,0.0,0.0,-129.704833984375,0.0,129.703125,0.0,0.0,0.0,0.0,0.0,0.0,0.0,0.0,0.0,0.0,0.0,0.0,0.0,3992.823486328125,0.0,66806.640625,0.0,-140.188720703125,0.0,140.1875,0.0,-3.391926122662551,0.0,0.21028192341327667,0.0,TX
8150592,TX,4835,0.8031136393547058,1,0.0,154514.171875,175203.671875,1,0,29220.109375,0.0,157049.9375,17067.39453125,0.0,0.0,0.0,17067.39453125,-3676.462890625,0.0,3676.46875,0.0,0.0,0.0,0.0,0.0,1272.0,0.0,-1272.0,0.0,0.0,0.0,0.0,0.0,0.0,0.0,0.0,0.0,0.0,0.0,0.0,0.0,0.0,0.0,0.0,0.0,0.0,0.0,0.0,0.0,0.0,0.0,0.0,0.0,0.0,0.0,0.0,0.0,0.0,0.0,0.0,0.0,0.0,0.0,0.0,0.0,0.0,0.0,0.0,0.0,0.0,0.0,0.0,0.0,0.0,0.0,0.0,0.0,0.0,0.0,0.0,0.0,0.0,0.0,0.0,0.0,0.0,0.0,0.0,0.0,0.0,0.0,0.0,0.0,0.0,0.0,0.0,0.0,0.0,0.0,0.0,0.0,26815.646484375,0.0,159454.40625,17067.39453125,-2404.462890625,0.0,2404.46875,0.0,-8.228794970501372,0.0,1.5310217142105103,0.0,TX
8150593,TX,4835,949.967529296875,3,0.0,53888.675048828125,57506.405517578125,3,0,4059.1821899414062,0.0,62112.4140625,0.0,0.0,0.0,0.0,0.0,-698.03564453125,0.0,698.03515625,0.0,-862.1171875,0.0,862.1171875,0.0,636.0,0.0,-636.0,0.0,0.0,0.0,0.0,0.0,0.0,0.0,0.0,0.0,0.0,0.0,0.0,0.0,-600.0,0.0,600.0,0.0,0.0,0.0,0.0,0.0,0.0,0.0,0.0,0.0,0.0,0.0,0.0,0.0,0.0,0.0,0.0,0.0,0.0,0.0,0.0,0.0,0.0,0.0,0.0,0.0,0.0,0.0,0.0,0.0,0.0,0.0,0.0,0.0,-477.254150390625,0.0,477.25390625,0.0,0.0,0.0,0.0,0.0,0.0,0.0,0.0,0.0,0.0,0.0,0.0,0.0,0.0,0.0,0.0,0.0,0.0,0.0,0.0,0.0,2057.7752075195312,0.0,64113.8203125,0.0,-2001.406982421875,0.0,2001.40625,0.0,-49.305670176158436,0.0,3.2222323417663574,0.0,TX
8150594,TX,4835,993.3965454101562,4,2.0,137539.41015625,184990.828125,4,0,24522.70703125,0.0,158020.375,0.0,0.0,0.0,0.0,0.0,-3916.724609375,0.0,3916.71875,0.0,-2256.3671875,0.0,2256.375,0.0,3488.3671875,0.0,-3488.375,0.0,0.0,0.0,0.0,0.0,-4400.0,0.0,4400.0,0.0,0.0,0.0,0.0,0.0,-2118.13671875,0.0,2118.140625,0.0,0.0,0.0,0.0,0.0,0.0,0.0,0.0,0.0,0.0,0.0,0.0,0.0,-440.0,0.0,440.0,0.0,0.0,0.0,0.0,0.0,0.0,0.0,0.0,0.0,0.0,0.0,0.0,0.0,0.0,0.0,0.0,0.0,-227.341796875,0.0,227.34375,0.0,0.0,0.0,0.0,0.0,0.0,0.0,0.0,0.0,0.0,0.0,0.0,0.0,0.0,0.0,0.0,0.0,0.0,0.0,0.0,0.0,14652.50390625,0.0,167890.578125,0.0,-9870.203125,0.0,9870.203125,0.0,-40.249239663557994,0.0,6.246158599853516,0.0,TX
8150595,TX,4835,0.8725622296333313,4,2.0,429872.0859375,486809.84375,4,0,123622.359375,0.0,361076.9375,0.0,0.0,0.0,0.0,0.0,0.0,0.0,0.0,0.0,0.0,0.0,0.0,0.0,0.0,0.0,0.0,0.0,0.0,0.0,0.0,0.0,-50.0,0.0,50.0,0.0,0.0,0.0,0.0,0.0,-1400.0,0.0,1400.0,0.0,-28943.15625,0.0,28943.15625,0.0,0.0,0.0,0.0,0.0,0.0,0.0,0.0,0.0,0.0,0.0,0.0,0.0,-758.0234375,0.0,758.03125,0.0,0.0,0.0,0.0,0.0,0.0,0.0,0.0,0.0,0.0,0.0,0.0,0.0,0.0,0.0,0.0,0.0,0.0,0.0,0.0,0.0,0.0,0.0,0.0,0.0,0.0,0.0,0.0,0.0,0.0,0.0,0.0,0.0,0.0,0.0,0.0,0.0,92471.1796875,0.0,392228.125,0.0,-31151.1796875,0.0,31151.1875,0.0,-25.19866134653281,0.0,8.627299308776855,0.0,TX
8150596,TX,4835,0.9375925064086914,4,2.0,387935.6640625,1096584.25,4,0,264410.8125,0.0,828837.0625,0.0,0.0,0.0,0.0,0.0,0.0,0.0,0.0,0.0,0.0,0.0,0.0,0.0,0.0,0.0,0.0,0.0,0.0,0.0,0.0,0.0,0.0,0.0,0.0,0.0,0.0,0.0,0.0,0.0,-1400.0,0.0,1400.0,0.0,-38947.984375,0.0,38948.0,0.0,0.0,0.0,0.0,0.0,0.0,0.0,0.0,0.0,0.0,0.0,0.0,0.0,-5446.0625,0.0,5446.0625,0.0,0.0,0.0,0.0,0.0,0.0,0.0,0.0,0.0,0.0,0.0,0.0,0.0,0.0,0.0,0.0,0.0,0.0,0.0,0.0,0.0,0.0,0.0,0.0,0.0,0.0,0.0,0.0,0.0,0.0,0.0,0.0,0.0,0.0,0.0,0.0,0.0,218616.765625,0.0,874631.125,0.0,-45794.046875,0.0,45794.0625,0.0,-17.31927920875021,0.0,5.5250983238220215,0.0,TX
8150597,TX,4835,0.13801008462905884,3,0.0,474600.80859375,833920.9375,3,0,183553.734375,0.0,664998.875,26158.595703125,0.0,0.0,0.0,26158.595703125,0.0,0.0,0.0,0.0,0.0,0.0,0.0,0.0,0.0,0.0,0.0,0.0,0.0,0.0,0.0,0.0,0.0,0.0,0.0,0.0,0.0,0.0,0.0,0.0,-162.7109375,0.0,162.6875,0.0,-34722.6953125,0.0,34722.6875,0.0,0.0,0.0,0.0,0.0,0.0,0.0,0.0,0.0,-81.359375,0.0,81.375,0.0,0.0,0.0,0.0,0.0,0.0,0.0,0.0,0.0,0.0,0.0,0.0,0.0,0.0,0.0,0.0,0.0,0.0,0.0,0.0,0.0,0.0,0.0,0.0,0.0,0.0,0.0,0.0,0.0,0.0,0.0,0.0,0.0,0.0,0.0,0.0,0.0,0.0,0.0,0.0,0.0,148586.96875,0.0,699965.625,26158.595703125,-34966.765625,0.0,34966.75,0.0,-19.049879722720842,0.0,5.258166790008545,0.0,TX
8150598,TX,4835,0.5119316577911377,4,2.0,490.3909912109375,490.3909912109375,4,0,-2203.0234375,0.0,27834.380859375,2261.924560546875,19912.1513671875,0.0,0.0,22174.075927734375,0.0,0.0,0.0,0.0,0.0,0.0,0.0,0.0,0.0,0.0,0.0,0.0,0.0,0.0,0.0,0.0,-75.0,0.0,75.0,0.0,0.0,0.0,0.0,0.0,0.0,0.0,0.0,0.0,0.0,0.0,0.0,0.0,0.0,0.0,0.0,0.0,0.0,0.0,0.0,0.0,0.0,0.0,0.0,0.0,0.0,0.0,0.0,0.0,0.0,0.0,0.0,0.0,0.0,0.0,0.0,0.0,0.0,0.0,0.0,0.0,0.0,0.0,0.0,0.0,0.0,0.0,0.0,0.0,0.0,0.0,0.0,0.0,0.0,0.0,0.0,0.0,0.0,0.0,0.0,0.0,0.0,0.0,0.0,0.0,-2278.0234375,0.0,27909.380859375,22174.075927734375,-75.0,0.0,75.0,0.0,-3.404412260139652,0.0,0.26945093274116516,0.0,TX
8150599,TX,4835,0.10580318421125412,1,0.0,82714.78125,213695.828125,1,0,34294.38671875,0.0,205354.21875,12730.5166015625,0.0,0.0,0.0,12730.5166015625,-1310.98828125,0.0,1310.984375,0.0,0.0,0.0,0.0,0.0,905.40234375,0.0,-905.40625,0.0,0.0,0.0,0.0,0.0,0.0,0.0,0.0,0.0,0.0,0.0,0.0,0.0,-0.2578125,0.0,0.265625,0.0,-2776.171875,0.0,2776.171875,0.0,0.0,0.0,0.0,0.0,0.0,0.0,0.0,0.0,-220.0,0.0,220.0,0.0,0.0,0.0,0.0,0.0,0.0,0.0,0.0,0.0,0.0,0.0,0.0,0.0,0.0,0.0,0.0,0.0,0.0,0.0,0.0,0.0,0.0,0.0,0.0,0.0,0.0,0.0,0.0,0.0,0.0,0.0,0.0,0.0,0.0,0.0,0.0,0.0,0.0,0.0,0.0,0.0,30892.37109375,0.0,208756.234375,12730.5166015625,-3402.015625,0.0,3402.015625,0.0,-9.920036339766336,0.0,1.6566572189331055,0.0,TX
8150600,TX,4835,0.13603422045707703,4,2.0,204485.40625,344616.90625,4,0,58277.18359375,0.0,317931.4375,0.0,0.0,0.0,0.0,0.0,0.0,0.0,0.0,0.0,0.0,0.0,0.0,0.0,-0.01171875,0.0,0.0,0.0,0.0,0.0,0.0,0.0,-2700.0,0.0,2700.0,0.0,0.0,0.0,0.0,0.0,-10540.5078125,0.0,10540.5,0.0,-461.43359375,0.0,461.4375,0.0,0.0,0.0,0.0,0.0,0.0,0.0,0.0,0.0,0.0,0.0,0.0,0.0,0.0,0.0,0.0,0.0,0.0,0.0,0.0,0.0,0.0,0.0,0.0,0.0,0.0,0.0,0.0,0.0,0.0,0.0,0.0,0.0,0.0,0.0,0.0,0.0,0.0,0.0,0.0,0.0,0.0,0.0,0.0,0.0,0.0,0.0,0.0,0.0,0.0,0.0,0.0,0.0,44575.23046875,0.0,331633.375,0.0,-13701.953125,0.0,13701.9375,0.0,-23.511694079995795,0.0,4.3097147941589355,0.0,TX
8150601,TX,4835,0.13496914505958557,2,0.0,182628.9765625,364343.90625,1,1,73338.34375,0.0,287567.1875,0.0,0.0,0.0,0.0,0.0,0.0,0.0,0.0,0.0,0.0,0.0,0.0,0.0,0.0,0.0,0.0,0.0,0.0,0.0,0.0,0.0,0.0,0.0,0.0,0.0,0.0,0.0,0.0,0.0,-1950.0,0.0,1950.0,0.0,-15029.765625,0.0,15029.78125,0.0,0.0,0.0,0.0,0.0,0.0,0.0,0.0,0.0,-440.0,0.0,440.0,0.0,0.0,0.0,0.0,0.0,0.0,0.0,0.0,0.0,0.0,0.0,0.0,0.0,0.0,0.0,0.0,0.0,0.0,0.0,0.0,0.0,0.0,0.0,0.0,0.0,0.0,0.0,0.0,0.0,0.0,0.0,0.0,0.0,0.0,0.0,0.0,0.0,0.0,0.0,0.0,0.0,55918.578125,0.0,304986.96875,0.0,-17419.765625,0.0,17419.78125,0.0,-23.75260298266553,0.0,6.057638645172119,0.0,TX
8150602,TX,4835,0.2563880681991577,1,0.0,130985.09375,133047.203125,1,0,22246.55859375,0.0,103099.953125,0.0,0.0,0.0,0.0,0.0,-2975.86328125,0.0,2975.8671875,0.0,0.0,0.0,0.0,0.0,1272.0,0.0,-1272.0,0.0,0.0,0.0,0.0,0.0,0.0,0.0,0.0,0.0,0.0,0.0,0.0,0.0,-1200.0,0.0,1200.0,0.0,0.0,0.0,0.0,0.0,0.0,0.0,0.0,0.0,0.0,0.0,0.0,0.0,0.0,0.0,0.0,0.0,0.0,0.0,0.0,0.0,0.0,0.0,0.0,0.0,0.0,0.0,0.0,0.0,0.0,0.0,0.0,0.0,0.0,0.0,0.0,0.0,0.0,0.0,0.0,0.0,0.0,0.0,0.0,0.0,0.0,0.0,0.0,0.0,0.0,0.0,0.0,0.0,0.0,0.0,0.0,0.0,19342.6953125,0.0,106003.8203125,0.0,-2903.86328125,0.0,2903.8671875,0.0,-13.053089847639706,0.0,2.8165552616119385,0.0,TX
8150603,TX,4835,0.12362553924322128,4,2.0,1364910.642578125,1671792.375,4,0,551631.4375,0.0,1146074.25,0.0,0.0,0.0,0.0,0.0,-45337.6875,0.0,45337.625,0.0,0.0,0.0,0.0,0.0,0.0,0.0,0.0,0.0,0.0,0.0,0.0,0.0,0.0,0.0,0.0,0.0,0.0,0.0,0.0,0.0,-1850.0,0.0,1850.0,0.0,0.0,0.0,0.0,0.0,0.0,0.0,0.0,0.0,0.0,0.0,0.0,0.0,0.0,0.0,0.0,0.0,-14029.75,0.0,14029.75,0.0,0.0,0.0,0.0,0.0,1277.25,0.0,-1277.25,0.0,0.0,0.0,0.0,0.0,0.0,0.0,0.0,0.0,0.0,0.0,0.0,0.0,0.0,0.0,0.0,0.0,0.0,0.0,0.0,0.0,0.0,0.0,0.0,0.0,0.0,0.0,0.0,0.0,491691.25,0.0,1206014.375,0.0,-59940.1875,0.0,59940.125,0.0,-10.865984682027845,0.0,5.230038642883301,0.0,TX
8150604,TX,4835,114.8152084350586,2,0.0,11912.26953125,48694.05078125,2,0,2562.26708984375,0.0,109267.546875,37431.859375,0.0,0.0,0.0,37431.859375,-274.453369140625,0.0,274.453125,0.0,-936.0,0.0,936.0,0.0,636.0,0.0,-636.0,0.0,0.0,0.0,0.0,0.0,0.0,0.0,0.0,0.0,0.0,0.0,0.0,0.0,0.0,0.0,0.0,0.0,0.0,0.0,0.0,0.0,0.0,0.0,0.0,0.0,0.0,0.0,0.0,0.0,0.0,0.0,0.0,0.0,0.0,0.0,0.0,0.0,0.0,0.0,0.0,0.0,0.0,0.0,0.0,0.0,0.0,0.0,0.0,0.0,0.0,0.0,0.0,0.0,-720.0,0.0,720.0,0.0,0.0,0.0,0.0,0.0,0.0,0.0,0.0,0.0,0.0,0.0,0.0,0.0,0.0,0.0,0.0,0.0,1267.813720703125,0.0,110562.0,37431.859375,-1294.453369140625,0.0,1294.453125,0.0,-50.51984526794833,0.0,1.1846637725830078,0.0,TX
8150605,TX,4835,0.18399308621883392,2,0.0,700198.828125,748064.25,2,0,208060.78125,0.0,525735.6875,0.0,0.0,0.0,0.0,0.0,-8631.515625,0.0,8631.5,0.0,0.0,0.0,0.0,0.0,0.0,0.0,0.0,0.0,0.0,0.0,0.0,0.0,0.0,0.0,0.0,0.0,0.0,0.0,0.0,0.0,0.0,0.0,0.0,0.0,-14766.046875,0.0,14766.0625,0.0,0.0,0.0,0.0,0.0,0.0,0.0,0.0,0.0,0.0,0.0,0.0,0.0,-3572.25,0.0,3572.25,0.0,0.0,0.0,0.0,0.0,5145.828125,0.0,-5145.875,0.0,0.0,0.0,0.0,0.0,0.0,0.0,0.0,0.0,0.0,0.0,0.0,0.0,0.0,0.0,0.0,0.0,0.0,0.0,0.0,0.0,0.0,0.0,0.0,0.0,0.0,0.0,0.0,0.0,186236.796875,0.0,547559.625,0.0,-21823.984375,0.0,21823.9375,0.0,-10.489235041743362,0.0,4.151123523712158,0.0,TX
8150606,TX,4835,27.858932495117188,1,0.0,0.0,0.0,1,0,0.0,0.0,39656.47265625,21804.3203125,0.0,0.0,0.0,21804.3203125,0.0,0.0,0.0,0.0,0.0,0.0,0.0,0.0,0.0,0.0,0.0,0.0,0.0,0.0,0.0,0.0,0.0,0.0,0.0,0.0,0.0,0.0,0.0,0.0,0.0,0.0,0.0,0.0,0.0,0.0,0.0,0.0,0.0,0.0,0.0,0.0,0.0,0.0,0.0,0.0,0.0,0.0,0.0,0.0,0.0,0.0,0.0,0.0,0.0,0.0,0.0,0.0,0.0,0.0,0.0,0.0,0.0,0.0,0.0,0.0,0.0,0.0,0.0,0.0,0.0,0.0,0.0,0.0,0.0,0.0,0.0,0.0,0.0,0.0,0.0,0.0,0.0,0.0,0.0,0.0,0.0,0.0,0.0,0.0,0.0,0.0,39656.47265625,21804.3203125,0.0,0.0,0.0,0.0,0.0,0.0,0.0,0.0,TX
8150607,TX,4835,0.17584814131259918,3,1.0,164694.78125,164873.28125,3,0,22000.470703125,0.0,143455.265625,0.0,0.0,0.0,0.0,0.0,-3466.84375,0.0,3466.84375,0.0,-3432.0,0.0,3432.0,0.0,3498.0,0.0,-3498.0,0.0,0.0,0.0,0.0,0.0,-2200.0,0.0,2200.0,0.0,0.0,0.0,0.0,0.0,0.0,0.0,0.0,0.0,0.0,0.0,0.0,0.0,0.0,0.0,0.0,0.0,0.0,0.0,0.0,0.0,-281.12109375,0.0,281.125,0.0,0.0,0.0,0.0,0.0,0.0,0.0,0.0,0.0,0.0,0.0,0.0,0.0,0.0,0.0,0.0,0.0,0.0,0.0,0.0,0.0,0.0,0.0,0.0,0.0,-59.44921875,0.0,59.453125,0.0,0.0,0.0,0.0,0.0,0.0,0.0,0.0,0.0,0.0,0.0,0.0,0.0,16059.056640625,0.0,149396.6875,0.0,-5941.4140625,0.0,5941.421875,0.0,-27.005849750551324,0.0,4.141654968261719,0.0,TX
8150608,TX,4835,0.1310514658689499,3,1.0,271564.7412109375,271792.8125,3,0,49639.40625,0.0,210770.5625,0.0,0.0,0.0,0.0,0.0,-3194.3203125,0.0,3194.328125,0.0,0.0,0.0,0.0,0.0,248.57421875,0.0,-248.578125,0.0,0.0,0.0,0.0,0.0,-2200.0,0.0,2200.0,0.0,0.0,0.0,0.0,0.0,0.0,0.0,0.0,0.0,-4606.73046875,0.0,4606.734375,0.0,0.0,0.0,0.0,0.0,0.0,0.0,0.0,0.0,-185.42578125,0.0,185.421875,0.0,0.0,0.0,0.0,0.0,0.0,0.0,0.0,0.0,0.0,0.0,0.0,0.0,0.0,0.0,0.0,0.0,0.0,0.0,0.0,0.0,0.0,0.0,0.0,0.0,0.0,0.0,0.0,0.0,0.0,0.0,0.0,0.0,0.0,0.0,0.0,0.0,0.0,0.0,0.0,0.0,39701.50390625,0.0,220708.46875,0.0,-9937.90234375,0.0,9937.90625,0.0,-20.02018777924041,0.0,4.7150349617004395,0.0,TX
8150609,TX,4835,0.5696279406547546,5,3.0,6594.041015625,13086.84765625,5,0,-3000.0,0.0,50403.63671875,9885.693359375,8275.0205078125,0.0,0.0,18160.7138671875,0.0,0.0,0.0,0.0,0.0,0.0,0.0,0.0,0.0,0.0,0.0,0.0,0.0,0.0,0.0,0.0,-113.1845703125,0.0,113.18359375,0.0,0.0,0.0,0.0,0.0,0.0,0.0,0.0,0.0,0.0,0.0,0.0,0.0,0.0,0.0,0.0,0.0,0.0,0.0,0.0,0.0,0.0,0.0,0.0,0.0,0.0,0.0,0.0,0.0,0.0,0.0,0.0,0.0,0.0,0.0,0.0,0.0,0.0,0.0,0.0,0.0,0.0,0.0,0.0,0.0,0.0,0.0,0.0,0.0,0.0,0.0,0.0,0.0,0.0,0.0,0.0,0.0,0.0,0.0,0.0,0.0,0.0,0.0,0.0,0.0,-3113.1845703125,0.0,50516.8203125,18160.7138671875,-113.1845703125,0.0,113.18359375,0.0,-3.772819010416667,0.0,0.2245544195175171,0.0,TX
8150610,TX,4835,0.33512893319129944,1,0.0,49099.2265625,49099.2265625,1,0,4078.950927734375,0.0,51588.4296875,0.0,0.0,0.0,0.0,0.0,-577.790283203125,0.0,577.79296875,0.0,-425.25341796875,0.0,425.25390625,0.0,636.0,0.0,-636.0,0.0,0.0,0.0,0.0,0.0,0.0,0.0,0.0,0.0,0.0,0.0,0.0,0.0,0.0,0.0,0.0,0.0,0.0,0.0,0.0,0.0,0.0,0.0,0.0,0.0,0.0,0.0,0.0,0.0,0.0,0.0,0.0,0.0,0.0,0.0,0.0,0.0,0.0,0.0,0.0,0.0,0.0,0.0,0.0,0.0,0.0,0.0,0.0,0.0,-648.255859375,0.0,648.25390625,0.0,0.0,0.0,0.0,0.0,0.0,0.0,0.0,0.0,0.0,0.0,0.0,0.0,0.0,0.0,0.0,0.0,0.0,0.0,0.0,0.0,3063.6513671875,0.0,52603.73046875,0.0,-1015.299560546875,0.0,1015.30078125,0.0,-24.89119331256128,0.0,1.9680784940719604,0.0,TX
8150611,TX,4835,0.14027169346809387,4,1.0,242143.6953125,246926.1796875,4,0,39672.7265625,0.0,223422.03125,2265.74853515625,4137.51025390625,0.0,0.0,6403.2587890625,-5394.73828125,0.0,5394.734375,0.0,0.0,0.0,0.0,0.0,1272.0,0.0,-1272.0,0.0,0.0,0.0,0.0,0.0,-700.0,0.0,700.0,0.0,0.0,0.0,0.0,0.0,0.0,0.0,0.0,0.0,0.0,0.0,0.0,0.0,0.0,0.0,0.0,0.0,0.0,0.0,0.0,0.0,0.0,0.0,0.0,0.0,0.0,0.0,0.0,0.0,0.0,0.0,0.0,0.0,0.0,0.0,0.0,0.0,0.0,0.0,0.0,0.0,0.0,0.0,0.0,0.0,0.0,0.0,0.0,0.0,0.0,0.0,0.0,0.0,0.0,0.0,0.0,0.0,0.0,0.0,0.0,0.0,0.0,0.0,-6403.265625,-6403.2587890625,34849.98828125,0.0,221841.5,0.0,-4822.73828125,0.0,-1580.53125,-6403.2587890625,-12.156306609409134,0.0,-0.7074195742607117,-100.0,TX
8150612,TX,4835,150.8779296875,1,0.0,2460.028076171875,2460.028076171875,1,0,0.0,0.0,40491.49609375,18139.8359375,0.0,0.0,0.0,18139.8359375,0.0,0.0,0.0,0.0,0.0,0.0,0.0,0.0,0.0,0.0,0.0,0.0,0.0,0.0,0.0,0.0,0.0,0.0,0.0,0.0,0.0,0.0,0.0,0.0,0.0,0.0,0.0,0.0,0.0,0.0,0.0,0.0,0.0,0.0,0.0,0.0,0.0,0.0,0.0,0.0,0.0,0.0,0.0,0.0,0.0,0.0,0.0,0.0,0.0,0.0,0.0,0.0,0.0,0.0,0.0,0.0,0.0,0.0,0.0,0.0,0.0,0.0,0.0,0.0,0.0,0.0,0.0,0.0,0.0,0.0,0.0,0.0,0.0,0.0,0.0,0.0,0.0,0.0,0.0,0.0,0.0,0.0,0.0,0.0,0.0,0.0,40491.49609375,18139.8359375,0.0,0.0,0.0,0.0,0.0,0.0,0.0,0.0,TX
8150613,TX,4835,0.1271718293428421,6,3.9999999999999996,758042.7421875,833046.2499999999,6,0,250648.40625,0.0,551605.9375,0.0,0.0,0.0,0.0,0.0,-26476.39062500003,0.0,26476.375,0.0,0.0,0.0,0.0,0.0,0.0,0.0,0.0,0.0,0.0,0.0,0.0,0.0,0.0,0.0,0.0,0.0,0.0,0.0,0.0,0.0,0.0,0.0,0.0,0.0,-6907.562499999971,0.0,6907.5625,0.0,0.0,0.0,0.0,0.0,0.0,0.0,0.0,0.0,-738.9375,0.0,738.9375,0.0,0.0,0.0,0.0,0.0,0.0,0.0,0.0,0.0,0.0,0.0,0.0,0.0,0.0,0.0,0.0,0.0,0.0,0.0,0.0,0.0,0.0,0.0,0.0,0.0,0.0,0.0,0.0,0.0,0.0,0.0,0.0,0.0,0.0,0.0,0.0,0.0,0.0,0.0,0.0,0.0,216525.515625,0.0,585728.8125,0.0,-34122.890625,0.0,34122.875,0.0,-13.613847035981303,0.0,6.18609619140625,0.0,TX
8150614,TX,4835,107.80712890625,3,2.0,0.0,0.0,3,0,0.0,0.0,23516.27734375,9422.6904296875,14093.5859375,0.0,0.0,23516.2763671875,0.0,0.0,0.0,0.0,0.0,0.0,0.0,0.0,0.0,0.0,0.0,0.0,0.0,0.0,0.0,0.0,0.0,0.0,0.0,0.0,0.0,0.0,0.0,0.0,0.0,0.0,0.0,0.0,0.0,0.0,0.0,0.0,0.0,0.0,0.0,0.0,0.0,0.0,0.0,0.0,0.0,0.0,0.0,0.0,0.0,0.0,0.0,0.0,0.0,0.0,0.0,0.0,0.0,0.0,0.0,0.0,0.0,0.0,0.0,0.0,0.0,0.0,0.0,0.0,0.0,0.0,0.0,0.0,0.0,0.0,0.0,0.0,0.0,0.0,0.0,0.0,0.0,0.0,0.0,0.0,0.0,0.0,0.0,0.0,0.0,0.0,23516.27734375,23516.2763671875,0.0,0.0,0.0,0.0,0.0,0.0,0.0,0.0,TX
8150615,TX,4835,0.18436987698078156,5,3.0,171783.6953125,171790.40625,5,0,20111.14453125,0.0,151359.6875,0.0,0.0,0.0,0.0,0.0,-3243.337890625,0.0,3243.34375,0.0,-750.30078125,0.0,750.296875,0.0,4016.3828125,0.0,-4016.390625,0.0,0.0,0.0,0.0,0.0,-6600.0,0.0,6600.0,0.0,0.0,0.0,0.0,0.0,-1100.0,0.0,1100.0,0.0,0.0,0.0,0.0,0.0,0.0,0.0,0.0,0.0,0.0,0.0,0.0,0.0,-440.0,0.0,440.0,0.0,0.0,0.0,0.0,0.0,0.0,0.0,0.0,0.0,0.0,0.0,0.0,0.0,0.0,0.0,0.0,0.0,0.0,0.0,0.0,0.0,0.0,0.0,0.0,0.0,-175.15625,0.0,175.15625,0.0,0.0,0.0,0.0,0.0,0.0,0.0,0.0,0.0,0.0,0.0,0.0,0.0,11818.732421875,0.0,159652.09375,0.0,-8292.412109375,0.0,8292.40625,0.0,-41.23291986932774,0.0,5.478609561920166,0.0,TX
8150616,TX,4835,633.1005859375,2,0.0,0.0,-645.3011474609375,2,0,0.0,0.0,62758.140625,18137.3984375,40446.3203125,0.0,0.0,58583.71875,0.0,0.0,0.0,0.0,0.0,0.0,0.0,0.0,0.0,0.0,0.0,0.0,0.0,0.0,0.0,0.0,0.0,0.0,0.0,0.0,0.0,0.0,0.0,0.0,0.0,0.0,0.0,0.0,0.0,0.0,0.0,0.0,0.0,0.0,0.0,0.0,0.0,0.0,0.0,0.0,0.0,0.0,0.0,0.0,0.0,0.0,0.0,0.0,0.0,0.0,0.0,0.0,0.0,0.0,0.0,0.0,0.0,0.0,0.0,0.0,0.0,0.0,0.0,0.0,0.0,0.0,0.0,0.0,0.0,0.0,0.0,0.0,0.0,0.0,0.0,0.0,0.0,0.0,0.0,0.0,0.0,0.0,0.0,0.0,0.0,0.0,62758.140625,58583.71875,0.0,0.0,0.0,0.0,0.0,0.0,0.0,0.0,TX
8150617,TX,4835,0.10370546579360962,1,0.0,109174.1015625,187432.296875,1,0,38319.109375,0.0,145479.375,29454.580078125,0.0,0.0,0.0,29454.580078125,-4532.34375,0.0,4532.34375,0.0,0.0,0.0,0.0,0.0,0.0,0.0,0.0,0.0,0.0,0.0,0.0,0.0,0.0,0.0,0.0,0.0,0.0,0.0,0.0,0.0,0.0,0.0,0.0,0.0,-1018.23828125,0.0,1018.234375,0.0,0.0,0.0,0.0,0.0,0.0,0.0,0.0,0.0,-239.998046875,0.0,240.0,0.0,0.0,0.0,0.0,0.0,0.0,0.0,0.0,0.0,0.0,0.0,0.0,0.0,0.0,0.0,0.0,0.0,0.0,0.0,0.0,0.0,0.0,0.0,0.0,0.0,0.0,0.0,0.0,0.0,0.0,0.0,0.0,0.0,0.0,0.0,0.0,0.0,0.0,0.0,0.0,0.0,32528.529296875,0.0,151269.953125,29454.580078125,-5790.580078125,0.0,5790.578125,0.0,-15.11146833152356,0.0,3.9803431034088135,0.0,TX
8150618,TX,4835,0.11546626687049866,1,0.0,59677.51953125,88392.8515625,1,0,12648.212890625,0.0,94584.96875,18415.65234375,0.0,0.0,0.0,18415.65234375,-1932.78515625,0.0,1932.7890625,0.0,-1716.0,0.0,1716.0,0.0,1166.0,0.0,-1166.0,0.0,0.0,0.0,0.0,0.0,0.0,0.0,0.0,0.0,0.0,0.0,0.0,0.0,0.0,0.0,0.0,0.0,0.0,0.0,0.0,0.0,0.0,0.0,0.0,0.0,0.0,0.0,0.0,0.0,0.0,0.0,0.0,0.0,0.0,0.0,0.0,0.0,0.0,0.0,0.0,0.0,0.0,0.0,0.0,0.0,0.0,0.0,0.0,0.0,0.0,0.0,0.0,0.0,-1143.21484375,0.0,1143.2109375,0.0,0.0,0.0,0.0,0.0,0.0,0.0,0.0,0.0,0.0,0.0,0.0,0.0,0.0,0.0,0.0,0.0,9022.212890625,0.0,98210.96875,18415.65234375,-3626.0,0.0,3626.0,0.0,-28.668081659881235,0.0,3.833590030670166,0.0,TX
8150619,TX,4835,0.11745727807283401,3,1.0,139211.00390625,789133.375,3,0,186908.25,0.0,596391.875,0.0,0.0,0.0,0.0,0.0,0.0,0.0,0.0,0.0,0.0,0.0,0.0,0.0,0.0,0.0,0.0,0.0,0.0,0.0,0.0,0.0,0.0,0.0,0.0,0.0,0.0,0.0,0.0,0.0,0.0,0.0,0.0,0.0,-36166.0,0.0,36166.0,0.0,0.0,0.0,0.0,0.0,0.0,0.0,0.0,0.0,0.0,0.0,0.0,0.0,-2974.0,0.0,2974.0,0.0,0.0,0.0,0.0,0.0,0.0,0.0,0.0,0.0,0.0,0.0,0.0,0.0,0.0,0.0,0.0,0.0,0.0,0.0,0.0,0.0,0.0,0.0,0.0,0.0,0.0,0.0,0.0,0.0,0.0,0.0,0.0,0.0,0.0,0.0,0.0,0.0,147768.25,0.0,635531.875,0.0,-39140.0,0.0,39140.0,0.0,-20.940755691629448,0.0,6.562799453735352,0.0,TX
8150620,TX,4835,767.2080688476562,2,0.0,7489.763671875,7489.763671875,2,0,0.0,0.0,59774.53125,7561.5009765625,40446.3203125,0.0,0.0,48007.8212890625,0.0,0.0,0.0,0.0,0.0,0.0,0.0,0.0,0.0,0.0,0.0,0.0,0.0,0.0,0.0,0.0,0.0,0.0,0.0,0.0,0.0,0.0,0.0,0.0,0.0,0.0,0.0,0.0,0.0,0.0,0.0,0.0,0.0,0.0,0.0,0.0,0.0,0.0,0.0,0.0,0.0,0.0,0.0,0.0,0.0,0.0,0.0,0.0,0.0,0.0,0.0,0.0,0.0,0.0,0.0,0.0,0.0,0.0,0.0,0.0,0.0,0.0,0.0,0.0,0.0,0.0,0.0,0.0,0.0,0.0,0.0,0.0,0.0,0.0,0.0,0.0,0.0,0.0,0.0,0.0,0.0,0.0,0.0,0.0,0.0,0.0,59774.53125,48007.8212890625,0.0,0.0,0.0,0.0,0.0,0.0,0.0,0.0,TX
8150621,TX,4835,132.3875732421875,4,2.0,1346.1141357421875,32674.75,4,0,216.6816864013672,0.0,83533.2421875,24436.453125,8275.0205078125,0.0,0.0,32711.4736328125,0.0,0.0,0.0,0.0,-216.6816864013672,0.0,216.6796875,0.0,0.0,0.0,0.0,0.0,0.0,0.0,0.0,0.0,0.0,0.0,0.0,0.0,0.0,0.0,0.0,0.0,0.0,0.0,0.0,0.0,0.0,0.0,0.0,0.0,0.0,0.0,0.0,0.0,0.0,0.0,0.0,0.0,0.0,0.0,0.0,0.0,0.0,0.0,0.0,0.0,0.0,0.0,0.0,0.0,0.0,0.0,0.0,0.0,0.0,0.0,0.0,0.0,0.0,0.0,0.0,0.0,0.0,0.0,0.0,0.0,0.0,0.0,0.0,0.0,0.0,0.0,0.0,0.0,0.0,0.0,0.0,0.0,0.0,0.0,0.0,0.0,0.0,0.0,83749.921875,32711.4736328125,-216.6816864013672,0.0,216.6796875,0.0,-100.0,0.0,0.2593933641910553,0.0,TX
8150622,TX,4835,0.11273226886987686,2,0.0,248940.91796875,401187.53125,2,0,90014.796875,0.0,293310.53125,0.0,0.0,0.0,0.0,0.0,0.0,0.0,0.0,0.0,0.0,0.0,0.0,0.0,0.0,0.0,0.0,0.0,0.0,0.0,0.0,0.0,0.0,0.0,0.0,0.0,0.0,0.0,0.0,0.0,-2507.328125,0.0,2507.34375,0.0,-19991.734375,0.0,19991.71875,0.0,0.0,0.0,0.0,0.0,0.0,0.0,0.0,0.0,-480.0,0.0,480.0,0.0,0.0,0.0,0.0,0.0,0.0,0.0,0.0,0.0,0.0,0.0,0.0,0.0,0.0,0.0,0.0,0.0,0.0,0.0,0.0,0.0,0.0,0.0,0.0,0.0,0.0,0.0,0.0,0.0,0.0,0.0,0.0,0.0,0.0,0.0,0.0,0.0,0.0,0.0,0.0,0.0,67035.734375,0.0,316289.59375,0.0,-22979.0625,0.0,22979.0625,0.0,-25.528094599724664,0.0,7.834380149841309,0.0,TX
8150623,TX,4835,0.10448314249515533,4,2.0,149703.021484375,163930.4609375,3,1,23191.076171875,0.0,157985.5625,21071.109375,8275.0205078125,0.0,0.0,29346.1298828125,-3061.966796875,0.0,3061.96875,0.0,-554.767578125,0.0,554.765625,0.0,1272.0,0.0,-1272.0,0.0,2000.0,0.0,-2000.0,0.0,0.0,0.0,0.0,0.0,0.0,0.0,0.0,0.0,0.0,0.0,0.0,0.0,0.0,0.0,0.0,0.0,0.0,0.0,0.0,0.0,0.0,0.0,0.0,0.0,-240.0,0.0,240.0,0.0,0.0,0.0,0.0,0.0,0.0,0.0,0.0,0.0,0.0,0.0,0.0,0.0,0.0,0.0,0.0,0.0,0.0,0.0,0.0,0.0,0.0,0.0,0.0,0.0,0.0,0.0,0.0,0.0,0.0,0.0,0.0,0.0,0.0,0.0,0.0,0.0,0.0,0.0,0.0,0.0,22606.341796875,0.0,158570.296875,29346.1298828125,-584.734375,0.0,584.734375,0.0,-2.5213766306763166,0.0,0.3701188564300537,0.0,TX
8150624,TX,4835,658.407470703125,3,0.0,19123.0517578125,19123.0517578125,3,0,156.60830688476562,0.0,39670.890625,7001.27978515625,0.0,0.0,0.0,7001.27978515625,0.0,0.0,0.0,0.0,-156.60830688476562,0.0,156.609375,0.0,0.0,0.0,0.0,0.0,0.0,0.0,0.0,0.0,0.0,0.0,0.0,0.0,0.0,0.0,0.0,0.0,0.0,0.0,0.0,0.0,0.0,0.0,0.0,0.0,0.0,0.0,0.0,0.0,0.0,0.0,0.0,0.0,0.0,0.0,0.0,0.0,0.0,0.0,0.0,0.0,0.0,0.0,0.0,0.0,0.0,0.0,0.0,0.0,0.0,0.0,0.0,0.0,0.0,0.0,0.0,0.0,0.0,0.0,0.0,0.0,0.0,0.0,0.0,0.0,0.0,0.0,0.0,0.0,0.0,0.0,0.0,0.0,0.0,0.0,0.0,0.0,0.0,0.0,39827.5,7001.27978515625,-156.60830688476562,0.0,156.609375,0.0,-100.0,0.0,0.3947715163230896,0.0,TX
8150625,TX,4835,0.1091628298163414,4,2.0,130955.6875,133315.1875,4,0,10524.701171875,0.0,158790.796875,0.0,0.0,0.0,0.0,0.0,-1628.9404296875,0.0,1628.9375,0.0,0.0,0.0,0.0,0.0,2730.951171875,0.0,-2730.953125,0.0,0.0,0.0,0.0,0.0,-2700.0,0.0,2700.0,0.0,0.0,0.0,0.0,0.0,-786.951171875,0.0,786.953125,0.0,0.0,0.0,0.0,0.0,0.0,0.0,0.0,0.0,0.0,0.0,0.0,0.0,-4.7451171875,0.0,4.75,0.0,0.0,0.0,0.0,0.0,0.0,0.0,0.0,0.0,0.0,0.0,0.0,0.0,0.0,0.0,0.0,0.0,-696.833984375,0.0,696.828125,0.0,0.0,0.0,0.0,0.0,0.0,0.0,0.0,0.0,0.0,0.0,0.0,0.0,0.0,0.0,0.0,0.0,0.0,0.0,0.0,0.0,7438.181640625,0.0,161877.3125,0.0,-3086.51953125,0.0,3086.515625,0.0,-29.32643388962016,0.0,1.943762183189392,0.0,TX
8150626,TX,4835,0.12681318819522858,2,0.0,144215.662109375,555571.451171875,0,2,119521.13104248047,0.0,424867.9375,0.0,0.0,0.0,0.0,0.0,0.0,0.0,0.0,0.0,-779.9999876022339,0.0,780.0,0.0,529.9999876022339,0.0,-530.0,0.0,0.0,0.0,0.0,0.0,0.0,0.0,0.0,0.0,0.0,0.0,0.0,0.0,-1300.0,0.0,1300.0,0.0,-15550.7578125,0.0,15550.75,0.0,0.0,0.0,0.0,0.0,0.0,0.0,0.0,0.0,-320.0,0.0,320.0,0.0,0.0,0.0,0.0,0.0,0.0,0.0,0.0,0.0,0.0,0.0,0.0,0.0,0.0,0.0,0.0,0.0,0.0,0.0,0.0,0.0,0.0,0.0,0.0,0.0,0.0,0.0,0.0,0.0,0.0,0.0,0.0,0.0,0.0,0.0,0.0,0.0,0.0,0.0,0.0,0.0,102100.37322998047,0.0,442288.6875,0.0,-17420.7578125,0.0,17420.75,0.0,-14.57546264878323,0.0,4.100274085998535,0.0,TX
8150627,TX,4835,12.036980628967285,1,0.0,4701.48583984375,4701.48583984375,0,1,0.0,0.0,4341.822265625,0.0,0.0,0.0,0.0,0.0,0.0,0.0,0.0,0.0,0.0,0.0,0.0,0.0,0.0,0.0,0.0,0.0,0.0,0.0,0.0,0.0,0.0,0.0,0.0,0.0,0.0,0.0,0.0,0.0,0.0,0.0,0.0,0.0,0.0,0.0,0.0,0.0,0.0,0.0,0.0,0.0,0.0,0.0,0.0,0.0,0.0,0.0,0.0,0.0,0.0,0.0,0.0,0.0,0.0,0.0,0.0,0.0,0.0,0.0,0.0,0.0,0.0,0.0,0.0,0.0,0.0,0.0,0.0,0.0,0.0,0.0,0.0,0.0,0.0,0.0,0.0,0.0,0.0,0.0,0.0,0.0,0.0,0.0,0.0,0.0,0.0,0.0,0.0,0.0,0.0,0.0,4341.822265625,0.0,0.0,0.0,0.0,0.0,0.0,0.0,0.0,0.0,TX
8150628,TX,4835,0.12088130414485931,6,3.9999999999999996,54393.78515625,55864.82421875001,6,0,-6425.702148437501,0.0,112144.609375,21324.154296875,16550.041015625,16141.000976562502,0.0,54015.1962890625,0.0,0.0,0.0,0.0,-583.5078124999991,0.0,583.5,0.0,2203.5078125,0.0,-2203.5,0.0,0.0,0.0,0.0,0.0,-4800.0,0.0,4800.0,0.0,0.0,0.0,0.0,0.0,0.0,0.0,0.0,0.0,0.0,0.0,0.0,0.0,0.0,0.0,0.0,0.0,0.0,0.0,0.0,0.0,-0.1904296875,0.0,0.1875,0.0,0.0,0.0,0.0,0.0,0.0,0.0,0.0,0.0,0.0,0.0,0.0,0.0,0.0,0.0,0.0,0.0,0.0,0.0,0.0,0.0,0.0,0.0,0.0,0.0,-203.3173828125,0.0,203.3125,0.0,0.0,0.0,0.0,0.0,0.0,0.0,0.0,0.0,0.0,0.0,0.0,0.0,-9809.2099609375,0.0,115528.109375,54015.1962890625,-3383.507812499999,0.0,3383.5,0.0,-52.65584576345087,0.0,3.0170865058898926,0.0,TX
8150629,TX,4835,0.08174752444028854,5,3.0,120734.0,549233.875,5,0,138348.609375,0.0,484420.375,0.0,0.0,0.0,0.0,0.0,0.0,0.0,0.0,0.0,0.0,0.0,0.0,0.0,0.0,0.0,0.0,0.0,0.0,0.0,0.0,0.0,0.0,0.0,0.0,0.0,0.0,0.0,0.0,0.0,-2770.46875,0.0,2770.5,0.0,-25221.5546875,0.0,25221.53125,0.0,0.0,0.0,0.0,0.0,0.0,0.0,0.0,0.0,0.0,0.0,0.0,0.0,-1390.625,0.0,1390.625,0.0,0.0,0.0,0.0,0.0,0.0,0.0,0.0,0.0,0.0,0.0,0.0,0.0,0.0,0.0,0.0,0.0,0.0,0.0,0.0,0.0,0.0,0.0,0.0,0.0,0.0,0.0,0.0,0.0,0.0,0.0,0.0,0.0,0.0,0.0,0.0,0.0,108965.9609375,0.0,513803.03125,0.0,-29382.6484375,0.0,29382.65625,0.0,-21.238123440660715,0.0,6.065528392791748,0.0,TX
8150630,TX,4835,31.345945358276367,1,0.0,4232.7158203125,4232.7158203125,1,0,0.0,0.0,4298.0263671875,389.11334228515625,0.0,0.0,0.0,389.11334228515625,0.0,0.0,0.0,0.0,0.0,0.0,0.0,0.0,0.0,0.0,0.0,0.0,0.0,0.0,0.0,0.0,0.0,0.0,0.0,0.0,0.0,0.0,0.0,0.0,0.0,0.0,0.0,0.0,0.0,0.0,0.0,0.0,0.0,0.0,0.0,0.0,0.0,0.0,0.0,0.0,0.0,0.0,0.0,0.0,0.0,0.0,0.0,0.0,0.0,0.0,0.0,0.0,0.0,0.0,0.0,0.0,0.0,0.0,0.0,0.0,0.0,0.0,0.0,0.0,0.0,0.0,0.0,0.0,0.0,0.0,0.0,0.0,0.0,0.0,0.0,0.0,0.0,0.0,0.0,0.0,0.0,0.0,0.0,0.0,0.0,0.0,4298.0263671875,389.11334228515625,0.0,0.0,0.0,0.0,0.0,0.0,0.0,0.0,TX
8150631,TX,4835,0.4458238184452057,5,3.0,89430.259765625,90387.9453125,5,0,1996.795654296875,0.0,81476.9296875,0.0,0.0,0.0,0.0,0.0,-323.359130859375,0.0,323.359375,0.0,-366.883056640625,0.0,366.8828125,0.0,3179.999755859375,0.0,-3180.0,0.0,0.0,0.0,0.0,0.0,-2900.0,0.0,2900.0,0.0,0.0,0.0,0.0,0.0,-22.984375,0.0,22.984375,0.0,0.0,0.0,0.0,0.0,0.0,0.0,0.0,0.0,0.0,0.0,0.0,0.0,-239.99951171875,0.0,240.0,0.0,0.0,0.0,0.0,0.0,0.0,0.0,0.0,0.0,0.0,0.0,0.0,0.0,0.0,0.0,0.0,0.0,0.0,0.0,0.0,0.0,0.0,0.0,0.0,0.0,-393.16064453125,0.0,393.15625,0.0,0.0,0.0,0.0,0.0,0.0,0.0,0.0,0.0,0.0,0.0,0.0,0.0,930.40869140625,0.0,82543.3125,0.0,-1066.386962890625,0.0,1066.3828125,0.0,-53.40491204474943,0.0,1.308815598487854,0.0,TX
8150632,TX,4835,0.13446152210235596,1,0.0,0.0,501676.90625,1,0,152027.09375,0.0,393053.28125,23542.736328125,0.0,0.0,0.0,23542.736328125,170.296875,0.0,-170.28125,0.0,-2730.0,0.0,2730.0,0.0,0.0,0.0,0.0,0.0,0.0,0.0,0.0,0.0,0.0,0.0,0.0,0.0,0.0,0.0,0.0,0.0,-1750.0,0.0,1750.0,0.0,0.0,0.0,0.0,0.0,0.0,0.0,0.0,0.0,0.0,0.0,0.0,0.0,-350.0,0.0,350.0,0.0,0.0,0.0,0.0,0.0,0.0,0.0,0.0,0.0,0.0,0.0,0.0,0.0,0.0,0.0,0.0,0.0,0.0,0.0,0.0,0.0,0.0,0.0,0.0,0.0,0.0,0.0,0.0,0.0,0.0,0.0,0.0,0.0,0.0,0.0,0.0,0.0,0.0,0.0,0.0,0.0,147367.390625,0.0,397713.0,23542.736328125,-4659.703125,0.0,4659.71875,0.0,-3.065047821451234,0.0,1.1855182647705078,0.0,TX
8150633,TX,4835,0.1513775736093521,2,0.0,160370.78125,447955.5625,2,0,97458.0234375,0.0,367912.1875,16009.060546875,0.0,0.0,0.0,16009.060546875,0.0,0.0,0.0,0.0,0.0,0.0,0.0,0.0,0.0,0.0,0.0,0.0,0.0,0.0,0.0,0.0,0.0,0.0,0.0,0.0,0.0,0.0,0.0,0.0,0.0,0.0,0.0,0.0,-22937.8828125,0.0,22937.875,0.0,0.0,0.0,0.0,0.0,0.0,0.0,0.0,0.0,0.0,0.0,0.0,0.0,-288.7578125,0.0,288.75,0.0,0.0,0.0,0.0,0.0,0.0,0.0,0.0,0.0,0.0,0.0,0.0,0.0,0.0,0.0,0.0,0.0,0.0,0.0,0.0,0.0,0.0,0.0,0.0,0.0,0.0,0.0,0.0,0.0,0.0,0.0,0.0,0.0,0.0,0.0,0.0,0.0,74231.3828125,0.0,391138.8125,16009.060546875,-23226.640625,0.0,23226.625,0.0,-23.832456072634475,0.0,6.313089370727539,0.0,TX
8150634,TX,4835,0.17925934493541718,2,0.0,186345.3125,388184.3125,2,0,84712.421875,0.0,337347.09375,23564.53515625,0.0,0.0,0.0,23564.53515625,0.0,0.0,0.0,0.0,0.0,0.0,0.0,0.0,0.0,0.0,0.0,0.0,0.0,0.0,0.0,0.0,0.0,0.0,0.0,0.0,0.0,0.0,0.0,0.0,0.0,0.0,0.0,0.0,-21566.5234375,0.0,21566.53125,0.0,0.0,0.0,0.0,0.0,0.0,0.0,0.0,0.0,-480.0,0.0,480.0,0.0,0.0,0.0,0.0,0.0,0.0,0.0,0.0,0.0,0.0,0.0,0.0,0.0,0.0,0.0,0.0,0.0,0.0,0.0,0.0,0.0,0.0,0.0,0.0,0.0,0.0,0.0,0.0,0.0,0.0,0.0,0.0,0.0,0.0,0.0,0.0,0.0,0.0,0.0,0.0,0.0,62665.8984375,0.0,359393.625,23564.53515625,-22046.5234375,0.0,22046.53125,0.0,-26.02513651425457,0.0,6.535266399383545,0.0,TX
8150635,TX,4835,0.04526742920279503,5,1.0,69417.525390625,61810.58981323242,3,2,3322.62841796875,0.0,103591.6328125,9967.794921875,40446.3203125,0.0,0.0,50414.115234375,-388.525634765625,0.0,388.5234375,0.0,-1802.350341796875,0.0,1802.359375,0.0,1838.350341796875,0.0,-1838.359375,0.0,0.0,0.0,0.0,0.0,-1200.0,0.0,1200.0,0.0,0.0,0.0,0.0,0.0,0.0,0.0,0.0,0.0,0.0,0.0,0.0,0.0,0.0,0.0,0.0,0.0,0.0,0.0,0.0,0.0,0.0,0.0,0.0,0.0,0.0,0.0,0.0,0.0,0.0,0.0,0.0,0.0,0.0,0.0,0.0,0.0,0.0,0.0,0.0,0.0,0.0,0.0,0.0,0.0,0.0,0.0,0.0,0.0,-68.312744140625,0.0,68.3125,0.0,0.0,0.0,0.0,0.0,0.0,0.0,0.0,0.0,0.0,0.0,0.0,0.0,1701.7900390625,0.0,105212.46875,50414.115234375,-1620.83837890625,0.0,1620.8359375,0.0,-48.78181292078187,0.0,1.5646398067474365,0.0,TX
8150636,TX,4835,0.25466108322143555,5,2.0,177954.3984375,178104.96875,5,0,22378.144271850586,0.0,149111.453125,0.0,0.0,0.0,0.0,0.0,-3536.15625,0.0,3536.15625,0.0,-1286.61328125,0.0,1286.609375,0.0,3405.53125,0.0,-3405.53125,0.0,0.0,0.0,0.0,0.0,-1000.0,0.0,1000.0,0.0,0.0,0.0,0.0,0.0,-67.5703125,0.0,67.578125,0.0,0.0,0.0,0.0,0.0,0.0,0.0,0.0,0.0,0.0,0.0,0.0,0.0,-56.0859375,0.0,56.078125,0.0,0.0,0.0,0.0,0.0,0.0,0.0,0.0,0.0,0.0,0.0,0.0,0.0,0.0,0.0,0.0,0.0,0.0,0.0,0.0,0.0,-949.015625,0.0,949.015625,0.0,-228.279296875,0.0,228.28125,0.0,0.0,0.0,0.0,0.0,0.0,0.0,0.0,0.0,0.0,0.0,0.0,0.0,18659.954818725586,0.0,152829.640625,0.0,-3718.189453125,0.0,3718.1875,0.0,-16.615271614823314,0.0,2.493562698364258,0.0,TX
8150637,TX,4835,0.11927971243858337,2,0.0,175194.54321289062,191711.49633789062,2,0,27674.94921875,0.0,155902.234375,0.0,0.0,0.0,0.0,0.0,-3538.78125,0.0,3538.78125,0.0,0.0,0.0,0.0,0.0,1272.0,0.0,-1272.0,0.0,0.0,0.0,0.0,0.0,0.0,0.0,0.0,0.0,0.0,0.0,0.0,0.0,-1200.0,0.0,1200.0,0.0,0.0,0.0,0.0,0.0,0.0,0.0,0.0,0.0,0.0,0.0,0.0,0.0,0.0,0.0,0.0,0.0,0.0,0.0,0.0,0.0,0.0,0.0,0.0,0.0,0.0,0.0,0.0,0.0,0.0,0.0,0.0,0.0,0.0,0.0,0.0,0.0,0.0,0.0,0.0,0.0,0.0,0.0,0.0,0.0,0.0,0.0,0.0,0.0,0.0,0.0,0.0,0.0,0.0,0.0,0.0,0.0,24208.16796875,0.0,159369.015625,0.0,-3466.78125,0.0,3466.78125,0.0,-12.526784503189722,0.0,2.223689317703247,0.0,TX
8150638,TX,4835,3.973813772201538,1,0.0,0.0,58908.3671875,1,0,5881.2548828125,0.0,107799.6484375,38779.02734375,0.0,0.0,0.0,38779.02734375,-938.2509765625,0.0,938.2578125,0.0,-935.999755859375,0.0,935.9921875,0.0,635.999755859375,0.0,-635.9921875,0.0,0.0,0.0,0.0,0.0,0.0,0.0,0.0,0.0,0.0,0.0,0.0,0.0,0.0,0.0,0.0,0.0,0.0,0.0,0.0,0.0,0.0,0.0,0.0,0.0,0.0,0.0,0.0,0.0,0.0,0.0,0.0,0.0,0.0,0.0,0.0,0.0,0.0,0.0,0.0,0.0,0.0,0.0,0.0,0.0,0.0,0.0,0.0,0.0,0.0,0.0,0.0,0.0,-719.999755859375,0.0,719.9921875,0.0,0.0,0.0,0.0,0.0,0.0,0.0,0.0,0.0,0.0,0.0,0.0,0.0,0.0,0.0,0.0,0.0,3923.004150390625,0.0,109757.8984375,38779.02734375,-1958.250732421875,0.0,1958.25,0.0,-33.29647790210058,0.0,1.8165644407272339,0.0,TX
8150639,TX,4835,0.22864122688770294,4,2.0,202477.4375,298364.125,4,0,51431.6484375,0.0,254540.4375,0.0,0.0,0.0,0.0,0.0,0.0,0.0,0.0,0.0,0.0,0.0,0.0,0.0,0.0,0.0,0.0,0.0,0.0,0.0,0.0,0.0,-4400.0,0.0,4400.0,0.0,0.0,0.0,0.0,0.0,-7479.10546875,0.0,7479.09375,0.0,-1761.18359375,0.0,1761.1875,0.0,0.0,0.0,0.0,0.0,0.0,0.0,0.0,0.0,0.0,0.0,0.0,0.0,0.0,0.0,0.0,0.0,0.0,0.0,0.0,0.0,0.0,0.0,0.0,0.0,0.0,0.0,0.0,0.0,0.0,0.0,0.0,0.0,0.0,0.0,0.0,0.0,0.0,0.0,0.0,0.0,0.0,0.0,0.0,0.0,0.0,0.0,0.0,0.0,0.0,0.0,0.0,0.0,37791.359375,0.0,268180.71875,0.0,-13640.2890625,0.0,13640.28125,0.0,-26.52119750560931,0.0,5.358787536621094,0.0,TX
8150640,TX,4835,0.21725237369537354,5,2.0,177301.64453125,196990.58984375,0,5,15911.521728515625,0.0,176184.421875,0.0,0.0,3621.408447265625,3383.1650390625,7004.573486328125,-2715.1416015625,0.0,2715.15625,0.0,-1484.0019531250018,0.0,1484.0,0.0,3981.6220703125,0.0,-3981.625,0.0,2000.0000000000018,0.0,-2000.0,0.0,0.0,0.0,0.0,0.0,0.0,0.0,0.0,0.0,-1100.0,0.0,1100.0,0.0,0.0,0.0,0.0,0.0,0.0,0.0,0.0,0.0,0.0,0.0,0.0,0.0,-439.9999999999982,0.0,440.0,0.0,0.0,0.0,0.0,0.0,0.0,0.0,0.0,0.0,0.0,0.0,0.0,0.0,0.0,0.0,0.0,0.0,0.0,0.0,0.0,0.0,0.0,0.0,0.0,0.0,0.0,0.0,0.0,0.0,0.0,0.0,0.0,0.0,0.0,0.0,0.0,0.0,0.0,0.0,0.0,0.0,16154.000244140627,0.0,175941.953125,7004.573486328125,242.47851562500182,0.0,-242.46875,0.0,1.52391782358847,0.0,-0.13762213289737701,0.0,TX
8150641,TX,4835,0.3366694450378418,3,0.0,75003.17578125,126045.654296875,3,0,9228.62158203125,0.0,195689.8125,49989.078125,0.0,6357.413818359375,0.0,56346.491943359375,-1131.7244873046875,0.0,1131.71875,0.0,-2125.341796875,0.0,2125.34375,0.0,1866.218017578125,0.0,-1866.21875,0.0,0.0,0.0,0.0,0.0,0.0,0.0,0.0,0.0,0.0,0.0,0.0,0.0,0.0,0.0,0.0,0.0,0.0,0.0,0.0,0.0,0.0,0.0,0.0,0.0,0.0,0.0,0.0,0.0,0.0,0.0,0.0,0.0,0.0,0.0,0.0,0.0,0.0,0.0,0.0,0.0,0.0,0.0,0.0,0.0,0.0,0.0,0.0,0.0,0.0,0.0,0.0,0.0,-720.0,0.0,720.0,0.0,-638.1453857421875,0.0,638.125,0.0,0.0,0.0,0.0,0.0,0.0,0.0,0.0,0.0,0.0,0.0,0.0,0.0,6479.6279296875,0.0,198438.78125,56346.491943359375,-2748.99365234375,0.0,2748.96875,0.0,-29.78769503016817,0.0,1.4047582149505615,0.0,TX
8150642,TX,4835,0.11840537935495377,3,1.0,147776.6796875,154540.03125,3,0,18835.0078125,0.0,150125.390625,6763.3408203125,0.0,0.0,0.0,6763.3408203125,-3162.201171875,0.0,3162.203125,0.0,-3432.0,0.0,3432.0,0.0,3498.0,0.0,-3498.0,0.0,0.0,0.0,0.0,0.0,-2200.0,0.0,2200.0,0.0,0.0,0.0,0.0,0.0,0.0,0.0,0.0,0.0,0.0,0.0,0.0,0.0,0.0,0.0,0.0,0.0,0.0,0.0,0.0,0.0,-281.1220703125,0.0,281.125,0.0,0.0,0.0,0.0,0.0,0.0,0.0,0.0,0.0,0.0,0.0,0.0,0.0,0.0,0.0,0.0,0.0,0.0,0.0,0.0,0.0,0.0,0.0,0.0,0.0,0.0,0.0,0.0,0.0,0.0,0.0,0.0,0.0,0.0,0.0,0.0,0.0,0.0,0.0,0.0,0.0,13257.6845703125,0.0,155702.71875,6763.3408203125,-5577.3232421875,0.0,5577.328125,0.0,-29.611472942878557,0.0,3.7151131629943848,0.0,TX
8150643,TX,4835,0.1344422549009323,2,0.0,142802.87890625,603601.875,2,0,137523.21875,0.0,455984.6875,0.0,0.0,0.0,0.0,0.0,0.0,0.0,0.0,0.0,0.0,0.0,0.0,0.0,0.0,0.0,0.0,0.0,0.0,0.0,0.0,0.0,0.0,0.0,0.0,0.0,0.0,0.0,0.0,0.0,-1400.0,0.0,1400.0,0.0,-28248.6171875,0.0,28248.625,0.0,0.0,0.0,0.0,0.0,0.0,0.0,0.0,0.0,-480.0,0.0,480.0,0.0,0.0,0.0,0.0,0.0,0.0,0.0,0.0,0.0,0.0,0.0,0.0,0.0,0.0,0.0,0.0,0.0,0.0,0.0,0.0,0.0,0.0,0.0,0.0,0.0,0.0,0.0,0.0,0.0,0.0,0.0,0.0,0.0,0.0,0.0,0.0,0.0,0.0,0.0,0.0,0.0,107394.6015625,0.0,486113.3125,0.0,-30128.6171875,0.0,30128.625,0.0,-21.90802212262793,0.0,6.607376575469971,0.0,TX
8150644,TX,4835,0.14471054077148438,2,0.0,135842.109375,194265.40625,2,0,30604.28125,0.0,150851.3125,0.0,0.0,0.0,0.0,0.0,-4486.841796875,0.0,4486.84375,0.0,-3432.0,0.0,3432.0,0.0,2332.0,0.0,-2332.0,0.0,0.0,0.0,0.0,0.0,0.0,0.0,0.0,0.0,0.0,0.0,0.0,0.0,-1514.134765625,0.0,1514.125,0.0,0.0,0.0,0.0,0.0,0.0,0.0,0.0,0.0,0.0,0.0,0.0,0.0,-440.0,0.0,440.0,0.0,0.0,0.0,0.0,0.0,0.0,0.0,0.0,0.0,0.0,0.0,0.0,0.0,0.0,0.0,0.0,0.0,0.0,0.0,0.0,0.0,0.0,0.0,0.0,0.0,0.0,0.0,0.0,0.0,0.0,0.0,0.0,0.0,0.0,0.0,0.0,0.0,0.0,0.0,0.0,0.0,23063.3046875,0.0,158392.28125,0.0,-7540.9765625,0.0,7540.96875,0.0,-24.64026683358231,0.0,4.998941421508789,0.0,TX
8150645,TX,4835,0.11139818280935287,4,1.0,250895.95947265625,251830.57666015625,4,0,43014.4140625,0.0,194274.46875,3206.9423828125,0.0,0.0,0.0,3206.9423828125,-5869.29296875,0.0,5869.28125,0.0,0.0,0.0,0.0,0.0,3504.46484375,0.0,-3504.453125,0.0,0.0,0.0,0.0,0.0,-500.0,0.0,500.0,0.0,0.0,0.0,0.0,0.0,-393.97265625,0.0,393.96875,0.0,-3731.14453125,0.0,3731.140625,0.0,0.0,0.0,0.0,0.0,0.0,0.0,0.0,0.0,0.0,0.0,0.0,0.0,0.0,0.0,0.0,0.0,0.0,0.0,0.0,0.0,0.0,0.0,0.0,0.0,0.0,0.0,0.0,0.0,0.0,0.0,0.0,0.0,0.0,0.0,0.0,0.0,0.0,0.0,0.0,0.0,0.0,0.0,0.0,0.0,0.0,0.0,0.0,0.0,0.0,0.0,0.0,0.0,36024.46875,0.0,201264.40625,3206.9423828125,-6989.9453125,0.0,6989.9375,0.0,-16.250239518184763,0.0,3.5979702472686768,0.0,TX
8150646,TX,4835,29.399551391601562,1,0.0,0.0,0.0,1,0,0.0,0.0,46812.0546875,26776.279296875,0.0,0.0,0.0,26776.279296875,0.0,0.0,0.0,0.0,0.0,0.0,0.0,0.0,0.0,0.0,0.0,0.0,0.0,0.0,0.0,0.0,0.0,0.0,0.0,0.0,0.0,0.0,0.0,0.0,0.0,0.0,0.0,0.0,0.0,0.0,0.0,0.0,0.0,0.0,0.0,0.0,0.0,0.0,0.0,0.0,0.0,0.0,0.0,0.0,0.0,0.0,0.0,0.0,0.0,0.0,0.0,0.0,0.0,0.0,0.0,0.0,0.0,0.0,0.0,0.0,0.0,0.0,0.0,0.0,0.0,0.0,0.0,0.0,0.0,0.0,0.0,0.0,0.0,0.0,0.0,0.0,0.0,0.0,0.0,0.0,0.0,0.0,0.0,0.0,0.0,0.0,46812.0546875,26776.279296875,0.0,0.0,0.0,0.0,0.0,0.0,0.0,0.0,TX
8150647,TX,4835,79.12935638427734,1,0.0,2460.028076171875,2460.028076171875,1,0,0.0,0.0,38189.6015625,16845.046875,0.0,0.0,0.0,16845.046875,0.0,0.0,0.0,0.0,0.0,0.0,0.0,0.0,0.0,0.0,0.0,0.0,0.0,0.0,0.0,0.0,0.0,0.0,0.0,0.0,0.0,0.0,0.0,0.0,0.0,0.0,0.0,0.0,0.0,0.0,0.0,0.0,0.0,0.0,0.0,0.0,0.0,0.0,0.0,0.0,0.0,0.0,0.0,0.0,0.0,0.0,0.0,0.0,0.0,0.0,0.0,0.0,0.0,0.0,0.0,0.0,0.0,0.0,0.0,0.0,0.0,0.0,0.0,0.0,0.0,0.0,0.0,0.0,0.0,0.0,0.0,0.0,0.0,0.0,0.0,0.0,0.0,0.0,0.0,0.0,0.0,0.0,0.0,0.0,0.0,0.0,38189.6015625,16845.046875,0.0,0.0,0.0,0.0,0.0,0.0,0.0,0.0,TX
8150648,TX,4835,0.364165723323822,4,2.0,15589.259765625,41831.1064453125,4,0,-8660.595703125,0.0,95572.0703125,32749.0390625,8275.0205078125,0.0,0.0,41024.0595703125,0.0,0.0,0.0,0.0,0.0,0.0,0.0,0.0,0.0,0.0,0.0,0.0,0.0,0.0,0.0,0.0,-1400.0,0.0,1400.0,0.0,0.0,0.0,0.0,0.0,0.0,0.0,0.0,0.0,0.0,0.0,0.0,0.0,0.0,0.0,0.0,0.0,0.0,0.0,0.0,0.0,0.0,0.0,0.0,0.0,0.0,0.0,0.0,0.0,0.0,0.0,0.0,0.0,0.0,0.0,0.0,0.0,0.0,0.0,0.0,0.0,0.0,0.0,0.0,0.0,0.0,0.0,0.0,0.0,0.0,0.0,0.0,0.0,0.0,0.0,0.0,0.0,0.0,0.0,0.0,0.0,0.0,0.0,0.0,0.0,-10060.595703125,0.0,96972.0703125,41024.0595703125,-1400.0,0.0,1400.0,0.0,-16.165169787279627,0.0,1.4648630619049072,0.0,TX
8150649,TX,4835,0.06902478635311127,4,2.0,130144.775390625,131830.4375,4,0,12615.67578125,0.0,110083.75,0.0,0.0,0.0,0.0,0.0,-2047.134765625,0.0,2047.1328125,0.0,-1872.0,0.0,1872.0,0.0,2653.5654296875,0.0,-2653.5625,0.0,0.0,0.0,0.0,0.0,-2700.0,0.0,2700.0,0.0,0.0,0.0,0.0,0.0,0.0,0.0,0.0,0.0,0.0,0.0,0.0,0.0,0.0,0.0,0.0,0.0,0.0,0.0,0.0,0.0,-115.69921875,0.0,115.6953125,0.0,0.0,0.0,0.0,0.0,0.0,0.0,0.0,0.0,0.0,0.0,0.0,0.0,0.0,0.0,0.0,0.0,0.0,0.0,0.0,0.0,0.0,0.0,0.0,0.0,-90.685546875,0.0,90.6875,0.0,0.0,0.0,0.0,0.0,0.0,0.0,0.0,0.0,0.0,0.0,0.0,0.0,8443.7216796875,0.0,114255.703125,0.0,-4171.9541015625,0.0,4171.953125,0.0,-33.06960462445501,0.0,3.789799213409424,0.0,TX
8150650,TX,4835,0.2844333350658417,1,0.0,59677.51953125,124815.0625,1,0,21241.265625,0.0,130716.875,25635.423828125,0.0,0.0,0.0,25635.423828125,-2935.650390625,0.0,2935.65625,0.0,-1744.30078125,0.0,1744.296875,0.0,1166.0,0.0,-1166.0,0.0,0.0,0.0,0.0,0.0,0.0,0.0,0.0,0.0,0.0,0.0,0.0,0.0,0.0,0.0,0.0,0.0,0.0,0.0,0.0,0.0,0.0,0.0,0.0,0.0,0.0,0.0,0.0,0.0,0.0,0.0,0.0,0.0,0.0,0.0,0.0,0.0,0.0,0.0,0.0,0.0,0.0,0.0,0.0,0.0,0.0,0.0,0.0,0.0,0.0,0.0,0.0,0.0,-662.44140625,0.0,662.4375,0.0,0.0,0.0,0.0,0.0,0.0,0.0,0.0,0.0,0.0,0.0,0.0,0.0,0.0,0.0,0.0,0.0,17064.873046875,0.0,134893.265625,25635.423828125,-4176.392578125,0.0,4176.390625,0.0,-19.66169366673508,0.0,3.1949896812438965,0.0,TX
8150651,TX,4835,0.09817482531070709,4,2.0,132418.03125,457737.15625,2,2,122326.2265625,0.0,306200.4375,0.0,0.0,0.0,0.0,0.0,0.0,0.0,0.0,0.0,0.0,0.0,0.0,0.0,0.0,0.0,0.0,0.0,0.0,0.0,0.0,0.0,0.0,0.0,0.0,0.0,0.0,0.0,0.0,0.0,-15141.28125,0.0,15141.3125,0.0,-31437.1796875,0.0,31437.15625,0.0,0.0,0.0,0.0,0.0,0.0,0.0,0.0,0.0,-833.6484375,0.0,833.65625,0.0,0.0,0.0,0.0,0.0,0.0,0.0,0.0,0.0,0.0,0.0,0.0,0.0,0.0,0.0,0.0,0.0,0.0,0.0,0.0,0.0,0.0,0.0,0.0,0.0,0.0,0.0,0.0,0.0,0.0,0.0,0.0,0.0,0.0,0.0,0.0,0.0,0.0,0.0,0.0,0.0,74914.1171875,0.0,353612.5625,0.0,-47412.109375,0.0,47412.125,0.0,-38.75874430801296,0.0,15.484015464782715,0.0,TX
8150652,TX,4835,14.274327278137207,1,0.0,0.0,29788.77734375,1,0,1513.316650390625,0.0,77904.1640625,28315.58984375,0.0,0.0,0.0,28315.58984375,-64.663330078125,0.0,64.6640625,0.0,-814.7755737304688,0.0,814.78125,0.0,529.9999389648438,0.0,-530.0,0.0,0.0,0.0,0.0,0.0,0.0,0.0,0.0,0.0,0.0,0.0,0.0,0.0,0.0,0.0,0.0,0.0,0.0,0.0,0.0,0.0,0.0,0.0,0.0,0.0,0.0,0.0,0.0,0.0,0.0,0.0,0.0,0.0,0.0,0.0,0.0,0.0,0.0,0.0,0.0,0.0,0.0,0.0,0.0,0.0,0.0,0.0,0.0,0.0,0.0,0.0,0.0,0.0,-599.9999389648438,0.0,600.0,0.0,0.0,0.0,0.0,0.0,0.0,0.0,0.0,0.0,0.0,0.0,0.0,0.0,0.0,0.0,0.0,0.0,563.8777465820312,0.0,78853.609375,28315.58984375,-949.4389038085938,0.0,949.4453125,0.0,-62.738945187943294,0.0,1.2187349796295166,0.0,TX
8150653,TX,4835,0.11194015294313431,2,0.0,0.0,683060.543009758,2,0,200305.703125,0.0,524397.0,28246.923828125,0.0,0.0,0.0,28246.923828125,0.0,0.0,0.0,0.0,0.0,0.0,0.0,0.0,0.0,0.0,0.0,0.0,0.0,0.0,0.0,0.0,0.0,0.0,0.0,0.0,0.0,0.0,0.0,0.0,-1400.0,0.0,1400.0,0.0,-20383.234375,0.0,20383.25,0.0,0.0,0.0,0.0,0.0,0.0,0.0,0.0,0.0,0.0,0.0,0.0,0.0,-4324.28125,0.0,4324.25,0.0,0.0,0.0,0.0,0.0,0.0,0.0,0.0,0.0,0.0,0.0,0.0,0.0,0.0,0.0,0.0,0.0,0.0,0.0,0.0,0.0,0.0,0.0,0.0,0.0,0.0,0.0,0.0,0.0,0.0,0.0,0.0,0.0,0.0,0.0,0.0,0.0,174198.1875,0.0,550504.5,28246.923828125,-26107.515625,0.0,26107.5,0.0,-13.033835391450491,0.0,4.978575706481934,0.0,TX
8150654,TX,4835,0.25430822372436523,4,2.0,135058.54345703125,134739.765625,4,0,13273.3896484375,0.0,110102.2109375,0.0,0.0,0.0,0.0,0.0,-2178.677734375,0.0,2178.6796875,0.0,-1829.9404296875,0.0,1829.9375,0.0,2717.9765625,0.0,-2717.9765625,0.0,0.0,0.0,0.0,0.0,-2700.0,0.0,2700.0,0.0,0.0,0.0,0.0,0.0,0.0,0.0,0.0,0.0,0.0,0.0,0.0,0.0,0.0,0.0,0.0,0.0,0.0,0.0,0.0,0.0,-413.9765625,0.0,413.9765625,0.0,0.0,0.0,0.0,0.0,0.0,0.0,0.0,0.0,0.0,0.0,0.0,0.0,0.0,0.0,0.0,0.0,-108.0634765625,0.0,108.0625,0.0,0.0,0.0,0.0,0.0,-218.8759765625,0.0,218.875,0.0,0.0,0.0,0.0,0.0,0.0,0.0,0.0,0.0,0.0,0.0,0.0,0.0,8541.83203125,0.0,114833.765625,0.0,-4731.5576171875,0.0,4731.5546875,0.0,-35.64694281196276,0.0,4.297420501708984,0.0,TX
8150655,TX,4835,1103.99755859375,4,3.0,0.0,0.0,4,0,0.0,0.0,33618.828125,15387.73046875,18231.09619140625,0.0,0.0,33618.82666015625,0.0,0.0,0.0,0.0,0.0,0.0,0.0,0.0,0.0,0.0,0.0,0.0,0.0,0.0,0.0,0.0,0.0,0.0,0.0,0.0,0.0,0.0,0.0,0.0,0.0,0.0,0.0,0.0,0.0,0.0,0.0,0.0,0.0,0.0,0.0,0.0,0.0,0.0,0.0,0.0,0.0,0.0,0.0,0.0,0.0,0.0,0.0,0.0,0.0,0.0,0.0,0.0,0.0,0.0,0.0,0.0,0.0,0.0,0.0,0.0,0.0,0.0,0.0,0.0,0.0,0.0,0.0,0.0,0.0,0.0,0.0,0.0,0.0,0.0,0.0,0.0,0.0,0.0,0.0,0.0,0.0,0.0,0.0,0.0,0.0,0.0,33618.828125,33618.82666015625,0.0,0.0,0.0,0.0,0.0,0.0,0.0,0.0,TX
8150656,TX,4835,65.10362243652344,1,0.0,2269.79248046875,2269.79248046875,1,0,0.0,0.0,60310.34375,27898.142578125,0.0,0.0,0.0,27898.142578125,0.0,0.0,0.0,0.0,0.0,0.0,0.0,0.0,0.0,0.0,0.0,0.0,0.0,0.0,0.0,0.0,0.0,0.0,0.0,0.0,0.0,0.0,0.0,0.0,0.0,0.0,0.0,0.0,0.0,0.0,0.0,0.0,0.0,0.0,0.0,0.0,0.0,0.0,0.0,0.0,0.0,0.0,0.0,0.0,0.0,0.0,0.0,0.0,0.0,0.0,0.0,0.0,0.0,0.0,0.0,0.0,0.0,0.0,0.0,0.0,0.0,0.0,0.0,0.0,0.0,0.0,0.0,0.0,0.0,0.0,0.0,0.0,0.0,0.0,0.0,0.0,0.0,0.0,0.0,0.0,0.0,0.0,0.0,0.0,0.0,0.0,60310.34375,27898.142578125,0.0,0.0,0.0,0.0,0.0,0.0,0.0,0.0,TX
8150657,TX,4835,754.6799926757812,1,0.0,0.0,0.0,1,0,0.0,0.0,27053.369140625,13145.85546875,0.0,0.0,0.0,13145.85546875,0.0,0.0,0.0,0.0,0.0,0.0,0.0,0.0,0.0,0.0,0.0,0.0,0.0,0.0,0.0,0.0,0.0,0.0,0.0,0.0,0.0,0.0,0.0,0.0,0.0,0.0,0.0,0.0,0.0,0.0,0.0,0.0,0.0,0.0,0.0,0.0,0.0,0.0,0.0,0.0,0.0,0.0,0.0,0.0,0.0,0.0,0.0,0.0,0.0,0.0,0.0,0.0,0.0,0.0,0.0,0.0,0.0,0.0,0.0,0.0,0.0,0.0,0.0,0.0,0.0,0.0,0.0,0.0,0.0,0.0,0.0,0.0,0.0,0.0,0.0,0.0,0.0,0.0,0.0,0.0,0.0,0.0,0.0,0.0,0.0,0.0,27053.369140625,13145.85546875,0.0,0.0,0.0,0.0,0.0,0.0,0.0,0.0,TX
8150658,TX,4835,0.29746779799461365,2,0.0,26058.08837890625,26058.08837890625,2,0,790.8263549804688,0.0,23306.244140625,32.42611312866211,0.0,0.0,0.0,32.42611312866211,0.0,0.0,0.0,0.0,-779.9999876022339,0.0,780.0,0.0,529.9999876022339,0.0,-530.0,0.0,0.0,0.0,0.0,0.0,0.0,0.0,0.0,0.0,0.0,0.0,0.0,0.0,0.0,0.0,0.0,0.0,0.0,0.0,0.0,0.0,0.0,0.0,0.0,0.0,0.0,0.0,0.0,0.0,0.0,0.0,0.0,0.0,0.0,0.0,0.0,0.0,0.0,0.0,0.0,0.0,0.0,0.0,0.0,0.0,0.0,0.0,0.0,0.0,-195.5296630859375,0.0,195.529296875,0.0,0.0,0.0,0.0,0.0,-17.25079345703125,0.0,17.25,0.0,0.0,0.0,0.0,0.0,0.0,0.0,0.0,0.0,0.0,0.0,0.0,0.0,328.0458984375,0.0,23769.0234375,32.42611312866211,-462.78045654296875,0.0,462.779296875,0.0,-58.51859306767769,0.0,1.985645055770874,0.0,TX
8150659,TX,4835,0.22278361022472382,6,3.9999999999999996,135823.30859375,134695.484375,6,0,8471.6298828125,0.0,147271.25,0.0,0.0,0.0,0.0,0.0,-1768.326171875,0.0,1768.328125,0.0,-1465.845703125,0.0,1465.84375,0.0,3985.548828125,0.0,-3985.546875,0.0,0.0,0.0,0.0,0.0,-6050.0,0.0,6050.0,0.0,0.0,0.0,0.0,0.0,0.0,0.0,0.0,0.0,0.0,0.0,0.0,0.0,0.0,0.0,0.0,0.0,0.0,0.0,0.0,0.0,-106.810546875,0.0,106.8125,0.0,0.0,0.0,0.0,0.0,0.0,0.0,0.0,0.0,0.0,0.0,0.0,0.0,0.0,0.0,0.0,0.0,0.0,0.0,0.0,0.0,0.0,0.0,0.0,0.0,-192.609375,0.0,192.609375,0.0,0.0,0.0,0.0,0.0,0.0,0.0,0.0,0.0,0.0,0.0,0.0,0.0,2873.5869140625,0.0,152869.296875,0.0,-5598.04296875,0.0,5598.046875,0.0,-66.07988127653546,0.0,3.8011810779571533,0.0,TX
8150660,TX,4835,0.44911688566207886,1,0.0,47153.10546875,47153.10546875,1,0,4092.342529296875,0.0,44416.62109375,0.0,0.0,0.0,0.0,0.0,-580.468505859375,0.0,580.46875,0.0,-669.50146484375,0.0,669.5,0.0,636.0,0.0,-636.0,0.0,0.0,0.0,0.0,0.0,0.0,0.0,0.0,0.0,0.0,0.0,0.0,0.0,0.0,0.0,0.0,0.0,0.0,0.0,0.0,0.0,0.0,0.0,0.0,0.0,0.0,0.0,0.0,0.0,0.0,0.0,0.0,0.0,0.0,0.0,0.0,0.0,0.0,0.0,0.0,0.0,0.0,0.0,0.0,0.0,0.0,0.0,0.0,0.0,0.0,0.0,0.0,0.0,0.0,0.0,0.0,0.0,-252.534423828125,0.0,252.53515625,0.0,0.0,0.0,0.0,0.0,0.0,0.0,0.0,0.0,0.0,0.0,0.0,0.0,3225.838134765625,0.0,45283.125,0.0,-866.50439453125,0.0,866.50390625,0.0,-21.17379931733447,0.0,1.950855016708374,0.0,TX
8150661,TX,4835,106.95378875732422,1,0.0,0.0,0.0,1,0,0.0,0.0,58355.9375,32239.37890625,0.0,0.0,0.0,32239.37890625,0.0,0.0,0.0,0.0,0.0,0.0,0.0,0.0,0.0,0.0,0.0,0.0,0.0,0.0,0.0,0.0,0.0,0.0,0.0,0.0,0.0,0.0,0.0,0.0,0.0,0.0,0.0,0.0,0.0,0.0,0.0,0.0,0.0,0.0,0.0,0.0,0.0,0.0,0.0,0.0,0.0,0.0,0.0,0.0,0.0,0.0,0.0,0.0,0.0,0.0,0.0,0.0,0.0,0.0,0.0,0.0,0.0,0.0,0.0,0.0,0.0,0.0,0.0,0.0,0.0,0.0,0.0,0.0,0.0,0.0,0.0,0.0,0.0,0.0,0.0,0.0,0.0,0.0,0.0,0.0,0.0,0.0,0.0,0.0,0.0,0.0,58355.9375,32239.37890625,0.0,0.0,0.0,0.0,0.0,0.0,0.0,0.0,TX
8150662,TX,4835,0.1512932926416397,3,1.0,310213.9609375,606574.0,3,0,167739.8125,0.0,447671.0,0.0,0.0,0.0,0.0,0.0,0.0,0.0,0.0,0.0,0.0,0.0,0.0,0.0,0.0,0.0,0.0,0.0,0.0,0.0,0.0,0.0,0.0,0.0,0.0,0.0,0.0,0.0,0.0,0.0,-9330.3125,0.0,9330.3125,0.0,-38947.984375,0.0,38947.96875,0.0,0.0,0.0,0.0,0.0,0.0,0.0,0.0,0.0,0.0,0.0,0.0,0.0,-1669.2890625,0.0,1669.28125,0.0,0.0,0.0,0.0,0.0,0.0,0.0,0.0,0.0,0.0,0.0,0.0,0.0,0.0,0.0,0.0,0.0,0.0,0.0,0.0,0.0,0.0,0.0,0.0,0.0,0.0,0.0,0.0,0.0,0.0,0.0,0.0,0.0,0.0,0.0,0.0,0.0,117792.2265625,0.0,497618.5625,0.0,-49947.5859375,0.0,49947.5625,0.0,-29.776822325647945,0.0,11.15720272064209,0.0,TX
8150663,TX,4835,0.11158044636249542,1,0.0,50308.453125,95960.734375,1,0,15030.501953125,0.0,78337.875,0.0,0.0,0.0,0.0,0.0,-2214.6669921875,0.0,2214.6640625,0.0,-1716.0,0.0,1716.0,0.0,1166.0,0.0,-1166.0,0.0,0.0,0.0,0.0,0.0,0.0,0.0,0.0,0.0,0.0,0.0,0.0,0.0,-161.7041015625,0.0,161.703125,0.0,0.0,0.0,0.0,0.0,0.0,0.0,0.0,0.0,0.0,0.0,0.0,0.0,0.0,0.0,0.0,0.0,0.0,0.0,0.0,0.0,0.0,0.0,0.0,0.0,0.0,0.0,0.0,0.0,0.0,0.0,0.0,0.0,0.0,0.0,0.0,0.0,0.0,0.0,0.0,0.0,-485.0927734375,0.0,485.09375,0.0,0.0,0.0,0.0,0.0,0.0,0.0,0.0,0.0,0.0,0.0,0.0,0.0,11619.0380859375,0.0,81749.3359375,0.0,-3411.4638671875,0.0,3411.4609375,0.0,-22.696939049851363,0.0,4.354804039001465,0.0,TX
8150664,TX,4835,109.3391342163086,1,0.0,0.0,65564.078125,1,0,6941.01953125,0.0,85060.328125,18912.6640625,0.0,0.0,0.0,18912.6640625,-1199.330078125,0.0,1199.328125,0.0,-936.0,0.0,936.0,0.0,636.0,0.0,-636.0,0.0,0.0,0.0,0.0,0.0,0.0,0.0,0.0,0.0,0.0,0.0,0.0,0.0,0.0,0.0,0.0,0.0,0.0,0.0,0.0,0.0,0.0,0.0,0.0,0.0,0.0,0.0,0.0,0.0,0.0,0.0,0.0,0.0,0.0,0.0,0.0,0.0,0.0,0.0,0.0,0.0,0.0,0.0,0.0,0.0,0.0,0.0,0.0,0.0,0.0,0.0,0.0,0.0,-720.0,0.0,720.0,0.0,0.0,0.0,0.0,0.0,0.0,0.0,0.0,0.0,0.0,0.0,0.0,0.0,0.0,0.0,0.0,0.0,4721.689453125,0.0,87279.65625,18912.6640625,-2219.330078125,0.0,2219.328125,0.0,-31.97412236247264,0.0,2.6091225147247314,0.0,TX
8150665,TX,4835,0.14296814799308777,1,0.0,204246.0625,232444.53125,1,0,46775.65234375,0.0,200043.40625,23385.78515625,0.0,0.0,0.0,23385.78515625,-2918.34765625,0.0,2918.34375,0.0,0.0,0.0,0.0,0.0,0.0,0.0,0.0,0.0,0.0,0.0,0.0,0.0,0.0,0.0,0.0,0.0,0.0,0.0,0.0,0.0,0.0,0.0,0.0,0.0,-1825.1953125,0.0,1825.203125,0.0,0.0,0.0,0.0,0.0,0.0,0.0,0.0,0.0,0.0,0.0,0.0,0.0,0.0,0.0,0.0,0.0,0.0,0.0,0.0,0.0,0.0,0.0,0.0,0.0,0.0,0.0,0.0,0.0,0.0,0.0,0.0,0.0,0.0,0.0,0.0,0.0,0.0,0.0,0.0,0.0,0.0,0.0,0.0,0.0,0.0,0.0,0.0,0.0,0.0,0.0,0.0,0.0,42032.109375,0.0,204786.953125,23385.78515625,-4743.54296875,0.0,4743.546875,0.0,-10.141051446787177,0.0,2.3712587356567383,0.0,TX
8150666,TX,4835,0.161028653383255,4,2.0,344204.1640625,345809.625,4,0,80147.7109375,0.0,264501.75,0.0,0.0,0.0,0.0,0.0,0.0,0.0,0.0,0.0,0.0,0.0,0.0,0.0,0.0,0.0,0.0,0.0,0.0,0.0,0.0,0.0,-4400.0,0.0,4400.0,0.0,0.0,0.0,0.0,0.0,-2100.0,0.0,2100.0,0.0,-18965.7265625,0.0,18965.71875,0.0,0.0,0.0,0.0,0.0,0.0,0.0,0.0,0.0,-390.515625,0.0,390.5,0.0,0.0,0.0,0.0,0.0,0.0,0.0,0.0,0.0,0.0,0.0,0.0,0.0,0.0,0.0,0.0,0.0,0.0,0.0,0.0,0.0,0.0,0.0,0.0,0.0,0.0,0.0,0.0,0.0,0.0,0.0,0.0,0.0,0.0,0.0,0.0,0.0,0.0,0.0,0.0,0.0,54291.46875,0.0,290357.96875,0.0,-25856.2421875,0.0,25856.21875,0.0,-32.260736938155304,0.0,9.775443077087402,0.0,TX
8150667,TX,4835,0.1443382203578949,6,4.0,51523.15234375,54876.6591796875,6,0,-2507.871826171875,0.0,80737.2578125,6431.20751953125,9956.07568359375,0.0,5074.74755859375,21462.03076171875,-31.694580078125,0.0,31.6953125,0.0,-1211.963134765625,0.0,1211.9609375,0.0,2312.963134765625,0.0,-2312.953125,0.0,0.0,0.0,0.0,0.0,-3600.0,0.0,3599.9921875,0.0,0.0,0.0,0.0,0.0,0.0,0.0,0.0,0.0,0.0,0.0,0.0,0.0,0.0,0.0,0.0,0.0,0.0,0.0,0.0,0.0,0.0,0.0,0.0,0.0,0.0,0.0,0.0,0.0,0.0,0.0,0.0,0.0,0.0,0.0,0.0,0.0,0.0,0.0,0.0,0.0,0.0,0.0,0.0,0.0,0.0,0.0,0.0,0.0,-58.3671875,0.0,58.359375,0.0,0.0,0.0,0.0,0.0,0.0,0.0,0.0,0.0,0.0,0.0,-5818.5625,-5818.5654296875,-5096.93359375,0.0,77507.75,15643.46533203125,-2589.061767578125,0.0,-3229.5078125,-5818.5654296875,-103.23740394381247,0.0,-4.000021457672119,-27.110973301118918,TX
8150668,TX,4835,148.86373901367188,4,2.0,2615.3173828125,2617.9287109375,4,0,0.0,0.0,24726.6015625,1130.9622802734375,15774.64111328125,0.0,0.0,16905.603393554688,0.0,0.0,0.0,0.0,0.0,0.0,0.0,0.0,0.0,0.0,0.0,0.0,0.0,0.0,0.0,0.0,0.0,0.0,0.0,0.0,0.0,0.0,0.0,0.0,0.0,0.0,0.0,0.0,0.0,0.0,0.0,0.0,0.0,0.0,0.0,0.0,0.0,0.0,0.0,0.0,0.0,0.0,0.0,0.0,0.0,0.0,0.0,0.0,0.0,0.0,0.0,0.0,0.0,0.0,0.0,0.0,0.0,0.0,0.0,0.0,0.0,0.0,0.0,0.0,0.0,0.0,0.0,0.0,0.0,0.0,0.0,0.0,0.0,0.0,0.0,0.0,0.0,0.0,0.0,0.0,0.0,0.0,0.0,0.0,0.0,0.0,24726.6015625,16905.603393554688,0.0,0.0,0.0,0.0,0.0,0.0,0.0,0.0,TX
8150669,TX,4835,0.08385424315929413,4,0.0,86142.49658203125,111660.16845703125,4,0,5679.034133911133,0.0,129679.0546875,0.0,0.0,0.0,0.0,0.0,-701.57421875,0.0,701.578125,0.0,-1021.5732421875,0.0,1021.5703125,0.0,1272.0,0.0,-1272.0,0.0,0.0,0.0,0.0,0.0,0.0,0.0,0.0,0.0,0.0,0.0,0.0,0.0,0.0,0.0,0.0,0.0,0.0,0.0,0.0,0.0,0.0,0.0,0.0,0.0,0.0,0.0,0.0,0.0,-240.0,0.0,240.0,0.0,0.0,0.0,0.0,0.0,0.0,0.0,0.0,0.0,0.0,0.0,0.0,0.0,0.0,0.0,0.0,0.0,0.0,0.0,0.0,0.0,0.0,0.0,0.0,0.0,-141.3779296875,0.0,141.375,0.0,0.0,0.0,0.0,0.0,0.0,0.0,0.0,0.0,0.0,0.0,0.0,0.0,4846.508743286133,0.0,130511.578125,0.0,-832.525390625,0.0,832.5234375,0.0,-14.659629982742196,0.0,0.6419876217842102,0.0,TX
8150670,TX,4835,0.12124021351337433,4,2.0,164214.171875,278199.03125,4,0,40599.06640625,0.0,-17440.7265625,0.0,0.0,0.0,0.0,0.0,-3101.0,0.0,3101.0,0.0,0.0,0.0,0.0,0.0,3351.15234375,0.0,-3351.15234375,0.0,0.0,0.0,0.0,0.0,-4400.0,0.0,4400.0,0.0,0.0,0.0,0.0,0.0,-2311.671875,0.0,2311.671875,0.0,-742.859375,0.0,742.859375,0.0,0.0,0.0,0.0,0.0,0.0,0.0,0.0,0.0,-36.5703125,0.0,36.5703125,0.0,0.0,0.0,0.0,0.0,0.0,0.0,0.0,0.0,0.0,0.0,0.0,0.0,0.0,0.0,0.0,0.0,0.0,0.0,0.0,0.0,0.0,0.0,0.0,0.0,0.0,0.0,0.0,0.0,0.0,0.0,0.0,0.0,0.0,0.0,0.0,0.0,0.0,0.0,0.0,0.0,33358.1171875,0.0,-10199.77734375,0.0,-7240.94921875,0.0,7240.94921875,0.0,-17.83526041287318,0.0,41.51747512817383,0.0,TX
8150671,TX,4835,0.11763451248407364,2,0.0,168109.703125,330508.84375,2,0,55365.94140625,0.0,337217.6875,50030.76953125,0.0,0.0,0.0,50030.76953125,-3289.1201171875,0.0,3289.125,0.0,-994.412109375,0.0,994.40625,0.0,1166.0,0.0,-1166.0,0.0,0.0,0.0,0.0,0.0,0.0,0.0,0.0,0.0,0.0,0.0,0.0,0.0,-0.1953125,0.0,0.21875,0.0,-3833.4609375,0.0,3833.4375,0.0,0.0,0.0,0.0,0.0,0.0,0.0,0.0,0.0,-440.00390625,0.0,440.0,0.0,0.0,0.0,0.0,0.0,0.0,0.0,0.0,0.0,0.0,0.0,0.0,0.0,0.0,0.0,0.0,0.0,0.0,0.0,0.0,0.0,0.0,0.0,0.0,0.0,0.0,0.0,0.0,0.0,0.0,0.0,0.0,0.0,0.0,0.0,0.0,0.0,0.0,0.0,0.0,0.0,47974.7490234375,0.0,344608.875,50030.76953125,-7391.1923828125,0.0,7391.1875,0.0,-13.349709577914162,0.0,2.19181489944458,0.0,TX
8150672,TX,4835,0.5044323205947876,5,3.0,51968.3125,51968.3125,5,0,-2858.98779296875,0.0,86697.3515625,0.0,12412.53076171875,0.0,0.0,12412.53076171875,0.0,0.0,0.0,0.0,-141.01220703125,0.0,141.015625,0.0,1776.831298828125,0.0,-1776.828125,0.0,0.0,0.0,0.0,0.0,-3600.000244140625,0.0,3600.0,0.0,0.0,0.0,0.0,0.0,0.0,0.0,0.0,0.0,0.0,0.0,0.0,0.0,0.0,0.0,0.0,0.0,0.0,0.0,0.0,0.0,-8.1171875,0.0,8.1171875,0.0,0.0,0.0,0.0,0.0,0.0,0.0,0.0,0.0,0.0,0.0,0.0,0.0,0.0,0.0,0.0,0.0,-268.7138671875,0.0,268.7109375,0.0,0.0,0.0,0.0,0.0,0.0,0.0,0.0,0.0,0.0,0.0,0.0,0.0,0.0,0.0,0.0,0.0,0.0,0.0,0.0,0.0,-5100.0,0.0,88938.3671875,12412.53076171875,-2241.01220703125,0.0,2241.015625,0.0,-78.38481201433186,0.0,2.584872007369995,0.0,TX
8150673,TX,4835,0.09156399965286255,2,0.0,43190.28125,1359745.5,2,0,328344.875,0.0,1156540.5,45515.95703125,0.0,0.0,0.0,45515.95703125,0.0,0.0,0.0,0.0,0.0,0.0,0.0,0.0,0.0,0.0,0.0,0.0,0.0,0.0,0.0,0.0,0.0,0.0,0.0,0.0,0.0,0.0,0.0,0.0,-1300.0,0.0,1300.0,0.0,-25396.125,0.0,25396.25,0.0,0.0,0.0,0.0,0.0,0.0,0.0,0.0,0.0,-780.0,0.0,780.0,0.0,0.0,0.0,0.0,0.0,0.0,0.0,0.0,0.0,0.0,0.0,0.0,0.0,0.0,0.0,0.0,0.0,0.0,0.0,0.0,0.0,0.0,0.0,0.0,0.0,0.0,0.0,0.0,0.0,0.0,0.0,0.0,0.0,0.0,0.0,0.0,0.0,0.0,0.0,0.0,0.0,300868.75,0.0,1184016.75,45515.95703125,-27476.125,0.0,27476.25,0.0,-8.36806878742968,0.0,2.375727415084839,0.0,TX
8150674,TX,4835,0.10246849060058594,3,0.0,98170.5341796875,97995.8935546875,3,0,7101.021728515625,0.0,115353.828125,4376.7119140625,20223.16015625,5719.2666015625,0.0,30319.138671875,-944.2044677734375,0.0,944.21875,0.0,-1772.3117065429688,0.0,1772.296875,0.0,1172.3117065429688,0.0,-1172.296875,0.0,0.0,0.0,0.0,0.0,0.0,0.0,0.0,0.0,0.0,0.0,0.0,0.0,0.0,0.0,0.0,0.0,0.0,0.0,0.0,0.0,0.0,0.0,0.0,0.0,0.0,0.0,0.0,0.0,0.0,0.0,0.0,0.0,0.0,0.0,0.0,0.0,0.0,0.0,0.0,0.0,0.0,0.0,0.0,0.0,0.0,0.0,0.0,0.0,0.0,0.0,0.0,0.0,0.0,0.0,0.0,0.0,0.0,0.0,0.0,0.0,0.0,0.0,0.0,0.0,0.0,0.0,0.0,0.0,0.0,0.0,0.0,0.0,5556.8172607421875,0.0,116898.046875,30319.138671875,-1544.2044677734375,0.0,1544.21875,0.0,-21.746229300670414,0.0,1.3386800289154053,0.0,TX
8150675,TX,4835,508.2497253417969,5,2.0,18591.224609375,18591.224609375,5,0,0.0,0.0,78758.296875,18438.755859375,34316.74609375,0.0,0.0,52755.501953125,0.0,0.0,0.0,0.0,0.0,0.0,0.0,0.0,0.0,0.0,0.0,0.0,0.0,0.0,0.0,0.0,0.0,0.0,0.0,0.0,0.0,0.0,0.0,0.0,0.0,0.0,0.0,0.0,0.0,0.0,0.0,0.0,0.0,0.0,0.0,0.0,0.0,0.0,0.0,0.0,0.0,0.0,0.0,0.0,0.0,0.0,0.0,0.0,0.0,0.0,0.0,0.0,0.0,0.0,0.0,0.0,0.0,0.0,0.0,0.0,0.0,0.0,0.0,0.0,0.0,0.0,0.0,0.0,0.0,0.0,0.0,0.0,0.0,0.0,0.0,0.0,0.0,0.0,0.0,0.0,0.0,0.0,0.0,0.0,0.0,0.0,78758.296875,52755.501953125,0.0,0.0,0.0,0.0,0.0,0.0,0.0,0.0,TX
8150676,TX,4835,0.17721638083457947,2,0.0,92675.4375,14078.7216796875,2,0,-48.81988525390625,0.0,52901.8046875,20881.099609375,0.0,0.0,0.0,20881.099609375,0.0,0.0,0.0,0.0,0.0,0.0,0.0,0.0,0.0,0.0,0.0,0.0,0.0,0.0,0.0,0.0,0.0,0.0,0.0,0.0,0.0,0.0,0.0,0.0,0.0,0.0,0.0,0.0,0.0,0.0,0.0,0.0,0.0,0.0,0.0,0.0,0.0,0.0,0.0,0.0,0.0,0.0,0.0,0.0,0.0,0.0,0.0,0.0,0.0,0.0,0.0,0.0,0.0,0.0,0.0,0.0,0.0,0.0,0.0,0.0,0.0,0.0,0.0,0.0,0.0,0.0,0.0,0.0,0.0,0.0,0.0,0.0,0.0,0.0,0.0,0.0,0.0,0.0,0.0,0.0,0.0,0.0,0.0,0.0,-48.81988525390625,0.0,52901.8046875,20881.099609375,0.0,0.0,0.0,0.0,0.0,0.0,0.0,0.0,TX
8150677,TX,4835,64.82582092285156,2,0.0,22639.354736328125,20118.390625,2,0,0.0,0.0,-747.658447265625,0.0,0.0,0.0,0.0,0.0,0.0,0.0,0.0,0.0,0.0,0.0,0.0,0.0,0.0,0.0,0.0,0.0,0.0,0.0,0.0,0.0,0.0,0.0,0.0,0.0,0.0,0.0,0.0,0.0,0.0,0.0,0.0,0.0,0.0,0.0,0.0,0.0,0.0,0.0,0.0,0.0,0.0,0.0,0.0,0.0,0.0,0.0,0.0,0.0,0.0,0.0,0.0,0.0,0.0,0.0,0.0,0.0,0.0,0.0,0.0,0.0,0.0,0.0,0.0,0.0,0.0,0.0,0.0,0.0,0.0,0.0,0.0,0.0,0.0,0.0,0.0,0.0,0.0,0.0,0.0,0.0,0.0,0.0,0.0,0.0,0.0,0.0,0.0,0.0,0.0,0.0,-747.658447265625,0.0,0.0,0.0,0.0,0.0,0.0,0.0,0.0,0.0,TX
8150678,TX,4835,0.12328331917524338,6,3.9999999999999996,112163.6875,1947246.8749999998,0,6,461282.71875,0.0,1476613.375,0.0,0.0,0.0,0.0,0.0,0.0,0.0,0.0,0.0,0.0,0.0,0.0,0.0,0.0,0.0,0.0,0.0,0.0,0.0,0.0,0.0,0.0,0.0,0.0,0.0,0.0,0.0,0.0,0.0,-1300.0000000000582,0.0,1300.0,0.0,0.0,0.0,0.0,0.0,0.0,0.0,0.0,0.0,0.0,0.0,0.0,0.0,-85.875,0.0,85.875,0.0,0.0,0.0,0.0,0.0,0.0,0.0,0.0,0.0,0.0,0.0,0.0,0.0,0.0,0.0,0.0,0.0,0.0,0.0,0.0,0.0,0.0,0.0,0.0,0.0,0.0,0.0,0.0,0.0,0.0,0.0,0.0,0.0,0.0,0.0,0.0,0.0,0.0,0.0,0.0,0.0,459896.84374999994,0.0,1477999.25,0.0,-1385.8750000000582,0.0,1385.875,0.0,-0.3004393929509327,0.0,0.09385497123003006,0.0,TX
8150679,TX,4835,0.28874045610427856,5,2.0,118441.6171875,121171.234375,4,1,4863.732421875,0.0,139112.578125,0.0,0.0,0.0,3383.1650390625,3383.1650390625,-1159.140625,0.0,1159.140625,0.0,-936.0,0.0,936.0,0.0,2674.52001953125,0.0,-2674.53125,0.0,0.0,0.0,0.0,0.0,-2400.0,0.0,2400.015625,0.0,0.0,0.0,0.0,0.0,-500.0,0.0,500.0,0.0,0.0,0.0,0.0,0.0,0.0,0.0,0.0,0.0,0.0,0.0,0.0,0.0,-77.34130859375,0.0,77.34375,0.0,0.0,0.0,0.0,0.0,0.0,0.0,0.0,0.0,0.0,0.0,0.0,0.0,0.0,0.0,0.0,0.0,-7.89013671875,0.0,7.890625,0.0,0.0,0.0,0.0,0.0,0.0,0.0,0.0,0.0,0.0,0.0,0.0,0.0,0.0,0.0,0.0,0.0,0.0,0.0,0.0,0.0,2457.88037109375,0.0,141518.4375,3383.1650390625,-2405.85205078125,0.0,2405.859375,0.0,-49.46513998098971,0.0,1.7294334173202515,0.0,TX
8150680,TX,4835,0.12354941666126251,2,0.0,16156.984375,21567.6572265625,2,0,0.0,0.0,73033.03125,10306.384765625,20223.16015625,0.0,0.0,30529.544921875,0.0,0.0,0.0,0.0,0.0,0.0,0.0,0.0,0.0,0.0,0.0,0.0,0.0,0.0,0.0,0.0,0.0,0.0,0.0,0.0,0.0,0.0,0.0,0.0,0.0,0.0,0.0,0.0,0.0,0.0,0.0,0.0,0.0,0.0,0.0,0.0,0.0,0.0,0.0,0.0,0.0,0.0,0.0,0.0,0.0,0.0,0.0,0.0,0.0,0.0,0.0,0.0,0.0,0.0,0.0,0.0,0.0,0.0,0.0,0.0,0.0,0.0,0.0,0.0,0.0,0.0,0.0,0.0,0.0,0.0,0.0,0.0,0.0,0.0,0.0,0.0,0.0,0.0,0.0,0.0,0.0,0.0,0.0,0.0,0.0,0.0,73033.03125,30529.544921875,0.0,0.0,0.0,0.0,0.0,0.0,0.0,0.0,TX
8150681,TX,4835,0.12235166132450104,3,0.0,112063.88232421875,2081342.6635742188,3,0,501076.8125,0.0,1616359.125,8737.33984375,20223.16015625,0.0,0.0,28960.5,0.0,0.0,0.0,0.0,0.0,0.0,0.0,0.0,0.0,0.0,0.0,0.0,0.0,0.0,0.0,0.0,0.0,0.0,0.0,0.0,0.0,0.0,0.0,0.0,-1400.0,0.0,1400.0,0.0,0.0,0.0,0.0,0.0,0.0,0.0,0.0,0.0,0.0,0.0,0.0,0.0,-560.0,0.0,560.0,0.0,0.0,0.0,0.0,0.0,0.0,0.0,0.0,0.0,0.0,0.0,0.0,0.0,0.0,0.0,0.0,0.0,0.0,0.0,0.0,0.0,0.0,0.0,0.0,0.0,0.0,0.0,0.0,0.0,0.0,0.0,0.0,0.0,0.0,0.0,0.0,0.0,0.0,0.0,0.0,0.0,499116.8125,0.0,1618319.125,28960.5,-1960.0,0.0,1960.0,0.0,-0.39115759322828375,0.0,0.12126018106937408,0.0,TX
8150682,TX,4835,0.11880655586719513,5,3.0,237719.0546875,257326.65625,5,0,37409.23046875,0.0,208164.484375,0.0,0.0,0.0,0.0,0.0,-4585.67578125,0.0,4585.671875,0.0,0.0,0.0,0.0,0.0,5238.7109375,0.0,-5238.71875,0.0,0.0,0.0,0.0,0.0,-6600.001953125,0.0,6600.015625,0.0,0.0,0.0,0.0,0.0,-1199.99609375,0.0,1199.984375,0.0,-36.1796875,0.0,36.1875,0.0,0.0,0.0,0.0,0.0,0.0,0.0,0.0,0.0,-480.0,0.0,480.0,0.0,0.0,0.0,0.0,0.0,0.0,0.0,0.0,0.0,0.0,0.0,0.0,0.0,0.0,0.0,0.0,0.0,0.0,0.0,0.0,0.0,0.0,0.0,0.0,0.0,0.0,0.0,0.0,0.0,0.0,0.0,0.0,0.0,0.0,0.0,0.0,0.0,0.0,0.0,0.0,0.0,29746.087890625,0.0,215827.625,0.0,-7663.142578125,0.0,7663.140625,0.0,-20.484630349524156,0.0,3.681291341781616,0.0,TX
8150683,TX,4835,0.19321192800998688,3,0.0,105583.5146484375,105583.5146484375,3,0,8521.640869140625,0.0,129343.5,11771.3681640625,0.0,16816.03515625,0.0,28587.4033203125,-1424.844970703125,0.0,1424.84375,0.0,-1913.0294799804688,0.0,1913.03125,0.0,1191.6134643554688,0.0,-1191.609375,0.0,0.0,0.0,0.0,0.0,0.0,0.0,0.0,0.0,0.0,0.0,0.0,0.0,-161.4189453125,0.0,161.421875,0.0,0.0,0.0,0.0,0.0,0.0,0.0,0.0,0.0,0.0,0.0,0.0,0.0,0.0,0.0,0.0,0.0,0.0,0.0,0.0,0.0,0.0,0.0,0.0,0.0,0.0,0.0,0.0,0.0,0.0,0.0,0.0,0.0,0.0,0.0,0.0,0.0,0.0,0.0,0.0,0.0,0.0,0.0,0.0,0.0,0.0,0.0,0.0,0.0,0.0,0.0,0.0,0.0,0.0,0.0,0.0,0.0,6213.9609375,0.0,131651.1875,28587.4033203125,-2307.679931640625,0.0,2307.6875,0.0,-27.080229818149398,0.0,1.7841541767120361,0.0,TX
8150684,TX,4835,0.12052854150533676,2,0.0,97461.41796875,97294.171875,2,0,9299.1259765625,0.0,80706.5,0.0,0.0,0.0,0.0,0.0,-1383.8251953125,0.0,1383.8203125,0.0,-1872.0,0.0,1872.0,0.0,1272.0,0.0,-1272.0,0.0,0.0,0.0,0.0,0.0,0.0,0.0,0.0,0.0,0.0,0.0,0.0,0.0,0.0,0.0,0.0,0.0,0.0,0.0,0.0,0.0,0.0,0.0,0.0,0.0,0.0,0.0,0.0,0.0,-37.3359375,0.0,37.3359375,0.0,0.0,0.0,0.0,0.0,0.0,0.0,0.0,0.0,0.0,0.0,0.0,0.0,0.0,0.0,0.0,0.0,0.0,0.0,0.0,0.0,0.0,0.0,0.0,0.0,0.0,0.0,0.0,0.0,0.0,0.0,0.0,0.0,0.0,0.0,0.0,0.0,0.0,0.0,0.0,0.0,7277.96484375,0.0,82727.65625,0.0,-2021.1611328125,0.0,2021.15625,0.0,-21.734958080002688,0.0,2.504328966140747,0.0,TX
8150685,TX,4835,0.1255500614643097,4,2.0,287555.234375,717620.75,4,0,185786.015625,0.0,519374.5,0.0,0.0,0.0,0.0,0.0,0.0,0.0,0.0,0.0,0.0,0.0,0.0,0.0,0.0,0.0,0.0,0.0,0.0,0.0,0.0,0.0,0.0,0.0,0.0,0.0,0.0,0.0,0.0,0.0,-16243.921875,0.0,16243.9375,0.0,-24679.578125,0.0,24679.5625,0.0,0.0,0.0,0.0,0.0,0.0,0.0,0.0,0.0,0.0,0.0,0.0,0.0,-3055.953125,0.0,3056.0,0.0,0.0,0.0,0.0,0.0,412.890625,0.0,-412.9375,0.0,0.0,0.0,0.0,0.0,0.0,0.0,0.0,0.0,0.0,0.0,0.0,0.0,0.0,0.0,0.0,0.0,0.0,0.0,0.0,0.0,0.0,0.0,0.0,0.0,0.0,0.0,0.0,0.0,142219.453125,0.0,562941.0625,0.0,-43566.5625,0.0,43566.5625,0.0,-23.44986104225249,0.0,8.388275146484375,0.0,TX
8150686,TX,4835,0.11296152323484421,2,0.0,283859.8125,449330.609375,2,0,94067.27734375,0.0,377936.96875,35770.7890625,0.0,0.0,0.0,35770.7890625,-2316.046875,0.0,2316.0625,0.0,-1716.0,0.0,1716.0,0.0,1166.0,0.0,-1166.0,0.0,0.0,0.0,0.0,0.0,0.0,0.0,0.0,0.0,0.0,0.0,0.0,0.0,-1300.0,0.0,1300.0,0.0,-11890.87109375,0.0,11890.84375,0.0,0.0,0.0,0.0,0.0,0.0,0.0,0.0,0.0,0.0,0.0,0.0,0.0,-79.80078125,0.0,79.8125,0.0,0.0,0.0,0.0,0.0,0.0,0.0,0.0,0.0,0.0,0.0,0.0,0.0,0.0,0.0,0.0,0.0,-974.5791015625,0.0,974.59375,0.0,-78.4541015625,0.0,78.4375,0.0,0.0,0.0,0.0,0.0,0.0,0.0,0.0,0.0,0.0,0.0,0.0,0.0,76877.525390625,0.0,395126.71875,35770.7890625,-17189.751953125,0.0,17189.75,0.0,-18.273891238829524,0.0,4.548311233520508,0.0,TX
8150687,TX,4835,9.231453895568848,1,0.0,0.0,-60.49698257446289,1,0,0.0,0.0,43912.04296875,22130.111328125,0.0,0.0,0.0,22130.111328125,0.0,0.0,0.0,0.0,0.0,0.0,0.0,0.0,0.0,0.0,0.0,0.0,0.0,0.0,0.0,0.0,0.0,0.0,0.0,0.0,0.0,0.0,0.0,0.0,0.0,0.0,0.0,0.0,0.0,0.0,0.0,0.0,0.0,0.0,0.0,0.0,0.0,0.0,0.0,0.0,0.0,0.0,0.0,0.0,0.0,0.0,0.0,0.0,0.0,0.0,0.0,0.0,0.0,0.0,0.0,0.0,0.0,0.0,0.0,0.0,0.0,0.0,0.0,0.0,0.0,0.0,0.0,0.0,0.0,0.0,0.0,0.0,0.0,0.0,0.0,0.0,0.0,0.0,0.0,0.0,0.0,0.0,0.0,0.0,0.0,0.0,43912.04296875,22130.111328125,0.0,0.0,0.0,0.0,0.0,0.0,0.0,0.0,TX
8150688,TX,4835,387.6791687011719,3,1.0,0.0,0.17323553562164307,3,0,0.0,0.0,19708.666015625,3933.85205078125,15774.64111328125,0.0,0.0,19708.4931640625,0.0,0.0,0.0,0.0,0.0,0.0,0.0,0.0,0.0,0.0,0.0,0.0,0.0,0.0,0.0,0.0,0.0,0.0,0.0,0.0,0.0,0.0,0.0,0.0,0.0,0.0,0.0,0.0,0.0,0.0,0.0,0.0,0.0,0.0,0.0,0.0,0.0,0.0,0.0,0.0,0.0,0.0,0.0,0.0,0.0,0.0,0.0,0.0,0.0,0.0,0.0,0.0,0.0,0.0,0.0,0.0,0.0,0.0,0.0,0.0,0.0,0.0,0.0,0.0,0.0,0.0,0.0,0.0,0.0,0.0,0.0,0.0,0.0,0.0,0.0,0.0,0.0,0.0,0.0,0.0,0.0,0.0,0.0,0.0,0.0,0.0,19708.666015625,19708.4931640625,0.0,0.0,0.0,0.0,0.0,0.0,0.0,0.0,TX
8150689,TX,4835,0.13379359245300293,2,0.0,59967.203125,85458.6640625,2,0,7276.2998046875,0.0,84851.421875,0.0,0.0,0.0,0.0,0.0,-979.26025390625,0.0,979.2578125,0.0,-1872.0,0.0,1872.0,0.0,1272.0,0.0,-1272.0,0.0,0.0,0.0,0.0,0.0,0.0,0.0,0.0,0.0,0.0,0.0,0.0,0.0,0.0,0.0,0.0,0.0,0.0,0.0,0.0,0.0,0.0,0.0,0.0,0.0,0.0,0.0,0.0,0.0,-25.56689453125,0.0,25.5703125,0.0,0.0,0.0,0.0,0.0,0.0,0.0,0.0,0.0,0.0,0.0,0.0,0.0,0.0,0.0,0.0,0.0,0.0,0.0,0.0,0.0,-720.0,0.0,720.0,0.0,0.0,0.0,0.0,0.0,0.0,0.0,0.0,0.0,0.0,0.0,0.0,0.0,0.0,0.0,0.0,0.0,4951.47265625,0.0,87176.25,0.0,-2324.8271484375,0.0,2324.828125,0.0,-31.950678378312723,0.0,2.7398812770843506,0.0,TX
8150690,TX,4835,0.17132624983787537,2,0.0,36874.30859375,45905.0234375,2,0,1160.6953125,0.0,56444.93359375,0.0,0.0,0.0,0.0,0.0,0.0,0.0,0.0,0.0,-1160.6953125,0.0,1160.6953125,0.0,970.5023193359375,0.0,-970.50390625,0.0,0.0,0.0,0.0,0.0,0.0,0.0,0.0,0.0,0.0,0.0,0.0,0.0,0.0,0.0,0.0,0.0,0.0,0.0,0.0,0.0,0.0,0.0,0.0,0.0,0.0,0.0,0.0,0.0,0.0,0.0,0.0,0.0,0.0,0.0,0.0,0.0,0.0,0.0,0.0,0.0,0.0,0.0,0.0,0.0,0.0,0.0,0.0,0.0,0.0,0.0,0.0,0.0,0.0,0.0,0.0,0.0,0.0,0.0,0.0,0.0,0.0,0.0,0.0,0.0,0.0,0.0,0.0,0.0,0.0,0.0,0.0,0.0,970.5023193359375,0.0,56635.125,0.0,-190.1929931640625,0.0,190.19140625,0.0,-16.38612572272816,0.0,0.3369503617286682,0.0,TX
8150691,TX,4835,221.84841918945312,1,0.0,1705.9580078125,1668.7723388671875,1,0,0.0,0.0,7399.1044921875,3596.039794921875,0.0,0.0,0.0,3596.039794921875,0.0,0.0,0.0,0.0,0.0,0.0,0.0,0.0,0.0,0.0,0.0,0.0,0.0,0.0,0.0,0.0,0.0,0.0,0.0,0.0,0.0,0.0,0.0,0.0,0.0,0.0,0.0,0.0,0.0,0.0,0.0,0.0,0.0,0.0,0.0,0.0,0.0,0.0,0.0,0.0,0.0,0.0,0.0,0.0,0.0,0.0,0.0,0.0,0.0,0.0,0.0,0.0,0.0,0.0,0.0,0.0,0.0,0.0,0.0,0.0,0.0,0.0,0.0,0.0,0.0,0.0,0.0,0.0,0.0,0.0,0.0,0.0,0.0,0.0,0.0,0.0,0.0,0.0,0.0,0.0,0.0,0.0,0.0,0.0,0.0,0.0,7399.1044921875,3596.039794921875,0.0,0.0,0.0,0.0,0.0,0.0,0.0,0.0,TX
8150692,TX,4835,0.11027775704860687,3,1.0,402120.359375,499531.28125,3,0,131656.71875,0.0,337658.0,0.0,0.0,0.0,0.0,0.0,0.0,0.0,0.0,0.0,0.0,0.0,0.0,0.0,0.0,0.0,0.0,0.0,0.0,0.0,0.0,0.0,0.0,0.0,0.0,0.0,0.0,0.0,0.0,0.0,-2592.7734375,0.0,2592.75,0.0,-30810.5546875,0.0,30810.5625,0.0,0.0,0.0,0.0,0.0,0.0,0.0,0.0,0.0,-717.5703125,0.0,717.5625,0.0,0.0,0.0,0.0,0.0,0.0,0.0,0.0,0.0,0.0,0.0,0.0,0.0,0.0,0.0,0.0,0.0,0.0,0.0,0.0,0.0,0.0,0.0,0.0,0.0,0.0,0.0,0.0,0.0,0.0,0.0,0.0,0.0,0.0,0.0,0.0,0.0,0.0,0.0,0.0,0.0,97535.8203125,0.0,371778.875,0.0,-34120.8984375,0.0,34120.875,0.0,-25.916564503093394,0.0,10.105158805847168,0.0,TX
8150693,TX,4835,0.11247722804546356,2,0.0,4238.3154296875,188688.59375,2,0,27263.81640625,0.0,213924.328125,43161.68359375,0.0,0.0,0.0,43161.68359375,-3884.158203125,0.0,3884.15625,0.0,-3432.0,0.0,3432.0,0.0,2332.0,0.0,-2332.0,0.0,0.0,0.0,0.0,0.0,0.0,0.0,0.0,0.0,0.0,0.0,0.0,0.0,0.0,0.0,0.0,0.0,0.0,0.0,0.0,0.0,0.0,0.0,0.0,0.0,0.0,0.0,0.0,0.0,-440.0,0.0,440.0,0.0,0.0,0.0,0.0,0.0,0.0,0.0,0.0,0.0,0.0,0.0,0.0,0.0,0.0,0.0,0.0,0.0,0.0,0.0,0.0,0.0,-2129.310546875,0.0,2129.3125,0.0,0.0,0.0,0.0,0.0,0.0,0.0,0.0,0.0,0.0,0.0,0.0,0.0,0.0,0.0,0.0,0.0,19710.34765625,0.0,221477.796875,43161.68359375,-7553.46875,0.0,7553.46875,0.0,-27.705104221096615,0.0,3.530906915664673,0.0,TX
8150694,TX,4835,0.10849227011203766,2,0.0,158731.494140625,273623.21875,2,0,49519.6640625,0.0,228992.484375,0.0,0.0,0.0,0.0,0.0,-7221.70703125,0.0,7221.703125,0.0,0.0,0.0,0.0,0.0,2516.1484375,0.0,-2516.15625,0.0,0.0,0.0,0.0,0.0,0.0,0.0,0.0,0.0,0.0,0.0,0.0,0.0,-6593.5390625,0.0,6593.546875,0.0,-1685.36328125,0.0,1685.359375,0.0,0.0,0.0,0.0,0.0,0.0,0.0,0.0,0.0,-479.37109375,0.0,479.375,0.0,0.0,0.0,0.0,0.0,0.0,0.0,0.0,0.0,0.0,0.0,0.0,0.0,0.0,0.0,0.0,0.0,-103.9140625,0.0,103.90625,0.0,0.0,0.0,0.0,0.0,0.0,0.0,0.0,0.0,0.0,0.0,0.0,0.0,0.0,0.0,0.0,0.0,0.0,0.0,0.0,0.0,35951.91796875,0.0,242560.21875,0.0,-13567.74609375,0.0,13567.734375,0.0,-27.398703829302658,0.0,5.92496919631958,0.0,TX
8150695,TX,4835,0.15505225956439972,2,0.0,159489.57421875,181385.8125,2,0,26942.09375,0.0,148028.265625,0.0,0.0,0.0,0.0,0.0,-3967.765625,0.0,3967.765625,0.0,-3432.0,0.0,3432.0,0.0,2332.0,0.0,-2332.0,0.0,0.0,0.0,0.0,0.0,0.0,0.0,0.0,0.0,0.0,0.0,0.0,0.0,-0.89453125,0.0,0.890625,0.0,0.0,0.0,0.0,0.0,0.0,0.0,0.0,0.0,0.0,0.0,0.0,0.0,-440.0,0.0,440.0,0.0,0.0,0.0,0.0,0.0,0.0,0.0,0.0,0.0,0.0,0.0,0.0,0.0,0.0,0.0,0.0,0.0,0.0,0.0,0.0,0.0,0.0,0.0,0.0,0.0,0.0,0.0,0.0,0.0,0.0,0.0,0.0,0.0,0.0,0.0,0.0,0.0,0.0,0.0,0.0,0.0,21433.43359375,0.0,153536.921875,0.0,-5508.66015625,0.0,5508.65625,0.0,-20.446295701313115,0.0,3.7213542461395264,0.0,TX
8150696,TX,4835,0.11708706617355347,2,1.0,115364.6171875,115364.6171875,2,0,14803.259765625,0.0,99217.578125,6205.27685546875,0.0,0.0,0.0,6205.27685546875,-2299.5908203125,0.0,2299.59375,0.0,-864.8681640625,0.0,864.8671875,0.0,1323.9150390625,0.0,-1323.9140625,0.0,0.0,0.0,0.0,0.0,-2200.0,0.0,2200.0,0.0,0.0,0.0,0.0,0.0,0.0,0.0,0.0,0.0,0.0,0.0,0.0,0.0,0.0,0.0,0.0,0.0,0.0,0.0,0.0,0.0,0.0,0.0,0.0,0.0,0.0,0.0,0.0,0.0,0.0,0.0,0.0,0.0,0.0,0.0,0.0,0.0,0.0,0.0,0.0,0.0,0.0,0.0,0.0,0.0,0.0,0.0,0.0,0.0,0.0,0.0,0.0,0.0,0.0,0.0,0.0,0.0,0.0,0.0,0.0,0.0,0.0,0.0,0.0,0.0,10762.7158203125,0.0,103258.125,6205.27685546875,-4040.5439453125,0.0,4040.546875,0.0,-27.29496076732466,0.0,4.0724101066589355,0.0,TX
8150697,TX,4835,0.144267737865448,6,3.9999999999999996,418964.65625,427673.78125000006,6,0,109667.7421875,0.0,300082.46875,0.0,0.0,0.0,0.0,0.0,0.0,0.0,0.0,0.0,0.0,0.0,0.0,0.0,0.0,0.0,0.0,0.0,0.0,0.0,0.0,0.0,-7399.999999999985,0.0,7400.0,0.0,0.0,0.0,0.0,0.0,0.0,0.0,0.0,0.0,-30009.796875000015,0.0,30009.78125,0.0,0.0,0.0,0.0,0.0,0.0,0.0,0.0,0.0,-235.171875,0.0,235.1875,0.0,0.0,0.0,0.0,0.0,0.0,0.0,0.0,0.0,0.0,0.0,0.0,0.0,0.0,0.0,0.0,0.0,0.0,0.0,0.0,0.0,0.0,0.0,0.0,0.0,0.0,0.0,0.0,0.0,0.0,0.0,0.0,0.0,0.0,0.0,0.0,0.0,0.0,0.0,0.0,0.0,72022.7734375,0.0,337727.4375,0.0,-37644.96875,0.0,37644.96875,0.0,-34.326382579882086,0.0,12.544875144958496,0.0,TX
8150698,TX,4835,0.12182221561670303,3,1.0,459488.7351074219,487373.59375,1,2,124059.3828125,0.0,372025.9375,0.0,0.0,0.0,0.0,0.0,-57.71875,0.0,57.71875,0.0,0.0,0.0,0.0,0.0,0.0078125,0.0,0.0,0.0,0.0,0.0,0.0,0.0,0.0,0.0,0.0,0.0,0.0,0.0,0.0,0.0,0.0,0.0,0.0,0.0,-25327.7578125,0.0,25327.75,0.0,0.0,0.0,0.0,0.0,0.0,0.0,0.0,0.0,-247.234375,0.0,247.25,0.0,0.0,0.0,0.0,0.0,0.0,0.0,0.0,0.0,0.0,0.0,0.0,0.0,0.0,0.0,0.0,0.0,0.0,0.0,0.0,0.0,0.0,0.0,0.0,0.0,0.0,0.0,0.0,0.0,0.0,0.0,0.0,0.0,0.0,0.0,0.0,0.0,0.0,0.0,0.0,0.0,98426.6796875,0.0,397658.65625,0.0,-25632.703125,0.0,25632.71875,0.0,-20.661640050023927,0.0,6.890035629272461,0.0,TX
8150699,TX,4835,220.77708435058594,1,0.0,4100.69091796875,4100.69091796875,1,0,0.0,0.0,13858.119140625,3583.1396484375,0.0,0.0,0.0,3583.1396484375,0.0,0.0,0.0,0.0,0.0,0.0,0.0,0.0,0.0,0.0,0.0,0.0,0.0,0.0,0.0,0.0,0.0,0.0,0.0,0.0,0.0,0.0,0.0,0.0,0.0,0.0,0.0,0.0,0.0,0.0,0.0,0.0,0.0,0.0,0.0,0.0,0.0,0.0,0.0,0.0,0.0,0.0,0.0,0.0,0.0,0.0,0.0,0.0,0.0,0.0,0.0,0.0,0.0,0.0,0.0,0.0,0.0,0.0,0.0,0.0,0.0,0.0,0.0,0.0,0.0,0.0,0.0,0.0,0.0,0.0,0.0,0.0,0.0,0.0,0.0,0.0,0.0,0.0,0.0,0.0,0.0,0.0,0.0,0.0,0.0,0.0,13858.119140625,3583.1396484375,0.0,0.0,0.0,0.0,0.0,0.0,0.0,0.0,TX
8150700,TX,4835,274.0545654296875,1,0.0,0.0,0.0,1,0,0.0,0.0,8406.927734375,3926.039794921875,0.0,0.0,0.0,3926.039794921875,0.0,0.0,0.0,0.0,0.0,0.0,0.0,0.0,0.0,0.0,0.0,0.0,0.0,0.0,0.0,0.0,0.0,0.0,0.0,0.0,0.0,0.0,0.0,0.0,0.0,0.0,0.0,0.0,0.0,0.0,0.0,0.0,0.0,0.0,0.0,0.0,0.0,0.0,0.0,0.0,0.0,0.0,0.0,0.0,0.0,0.0,0.0,0.0,0.0,0.0,0.0,0.0,0.0,0.0,0.0,0.0,0.0,0.0,0.0,0.0,0.0,0.0,0.0,0.0,0.0,0.0,0.0,0.0,0.0,0.0,0.0,0.0,0.0,0.0,0.0,0.0,0.0,0.0,0.0,0.0,0.0,0.0,0.0,0.0,0.0,0.0,8406.927734375,3926.039794921875,0.0,0.0,0.0,0.0,0.0,0.0,0.0,0.0,TX
8150701,TX,4835,0.12792138755321503,2,0.0,223340.0078125,442184.75,2,0,109664.6875,0.0,323198.625,0.0,0.0,0.0,0.0,0.0,0.0,0.0,0.0,0.0,0.0,0.0,0.0,0.0,0.015625,0.0,-0.03125,0.0,0.0,0.0,0.0,0.0,0.0,0.0,0.0,0.0,0.0,0.0,0.0,0.0,-3565.5859375,0.0,3565.59375,0.0,-30373.109375,0.0,30373.125,0.0,0.0,0.0,0.0,0.0,0.0,0.0,0.0,0.0,-526.3203125,0.0,526.3125,0.0,0.0,0.0,0.0,0.0,0.0,0.0,0.0,0.0,0.0,0.0,0.0,0.0,0.0,0.0,0.0,0.0,0.0,0.0,0.0,0.0,0.0,0.0,0.0,0.0,0.0,0.0,0.0,0.0,0.0,0.0,0.0,0.0,0.0,0.0,0.0,0.0,0.0,0.0,0.0,0.0,75199.6875,0.0,357663.625,0.0,-34465.0,0.0,34465.0,0.0,-31.427618849504313,0.0,10.663721084594727,0.0,TX
8150702,TX,4835,0.2892335057258606,3,1.0,25391.84765625,36685.89453125,3,0,-4116.38671875,0.0,40778.96875,1130.9622802734375,4137.51025390625,0.0,0.0,5268.4725341796875,0.0,0.0,0.0,0.0,-417.9873046875,0.0,417.98828125,0.0,447.9873046875,0.0,-447.98828125,0.0,0.0,0.0,0.0,0.0,-1147.9873046875,0.0,1147.98828125,0.0,0.0,0.0,0.0,0.0,0.0,0.0,0.0,0.0,0.0,0.0,0.0,0.0,0.0,0.0,0.0,0.0,0.0,0.0,0.0,0.0,0.0,0.0,0.0,0.0,0.0,0.0,0.0,0.0,0.0,0.0,0.0,0.0,0.0,0.0,0.0,0.0,0.0,0.0,0.0,0.0,0.0,0.0,0.0,0.0,0.0,0.0,0.0,0.0,0.0,0.0,0.0,0.0,0.0,0.0,0.0,0.0,0.0,0.0,0.0,0.0,0.0,0.0,0.0,0.0,-5234.3740234375,0.0,41896.95703125,5268.4725341796875,-1117.9873046875,0.0,1117.98828125,0.0,-27.15943328636025,0.0,2.7415807247161865,0.0,TX
8150703,TX,4835,0.01571708731353283,2,0.0,142021.0390625,173082.9375,2,0,24510.138671875,0.0,163262.375,17970.955078125,0.0,0.0,0.0,17970.955078125,-3760.30859375,0.0,3760.3125,0.0,-3432.0,0.0,3432.0,0.0,2332.0,0.0,-2332.0,0.0,0.0,0.0,0.0,0.0,0.0,0.0,0.0,0.0,0.0,0.0,0.0,0.0,-30.333984375,0.0,30.328125,0.0,0.0,0.0,0.0,0.0,0.0,0.0,0.0,0.0,0.0,0.0,0.0,0.0,-440.0,0.0,440.0,0.0,0.0,0.0,0.0,0.0,0.0,0.0,0.0,0.0,0.0,0.0,0.0,0.0,0.0,0.0,0.0,0.0,-1107.263671875,0.0,1107.265625,0.0,-2335.3056640625,0.0,2335.3125,0.0,0.0,0.0,0.0,0.0,0.0,0.0,0.0,0.0,0.0,0.0,0.0,0.0,0.0,0.0,0.0,0.0,15736.9267578125,0.0,172035.59375,17970.955078125,-8773.2119140625,0.0,8773.21875,0.0,-35.79421573868785,0.0,5.373692989349365,0.0,TX
8150704,TX,4835,0.12039628624916077,3,0.0,567639.69921875,730374.13671875,3,0,173005.12377929688,0.0,541948.3125,0.0,0.0,6175.94921875,0.0,6175.94921875,-889.511474609375,0.0,889.5,0.0,-930.349365234375,0.0,930.3125,0.0,636.0,0.0,-636.0,0.0,0.0,0.0,0.0,0.0,0.0,0.0,0.0,0.0,0.0,0.0,0.0,0.0,-1400.0,0.0,1400.0,0.0,-29334.96875,0.0,29335.0,0.0,0.0,0.0,0.0,0.0,0.0,0.0,0.0,0.0,-860.0,0.0,860.0,0.0,0.0,0.0,0.0,0.0,0.0,0.0,0.0,0.0,0.0,0.0,0.0,0.0,0.0,0.0,0.0,0.0,0.0,0.0,0.0,0.0,0.0,0.0,0.0,0.0,0.0,0.0,0.0,0.0,0.0,0.0,0.0,0.0,0.0,0.0,0.0,0.0,0.0,0.0,0.0,0.0,140226.29418945312,0.0,574727.125,6175.94921875,-32778.82958984375,0.0,32778.8125,0.0,-18.946739191181294,0.0,6.048327922821045,0.0,TX
8150705,TX,4835,0.1763104945421219,2,0.0,58281.7109375,168376.75,2,0,21696.162109375,0.0,230828.25,73898.03125,0.0,0.0,0.0,73898.03125,-3398.701171875,0.0,3398.703125,0.0,-2108.0556640625,0.0,2108.0625,0.0,2332.0009765625,0.0,-2332.0,0.0,0.0,0.0,0.0,0.0,0.0,0.0,0.0,0.0,0.0,0.0,0.0,0.0,0.0,0.0,0.0,0.0,0.0,0.0,0.0,0.0,0.0,0.0,0.0,0.0,0.0,0.0,0.0,0.0,-440.0,0.0,440.0,0.0,0.0,0.0,0.0,0.0,0.0,0.0,0.0,0.0,0.0,0.0,0.0,0.0,0.0,0.0,0.0,0.0,0.0,0.0,0.0,0.0,-2397.4267578125,0.0,2397.421875,0.0,0.0,0.0,0.0,0.0,0.0,0.0,0.0,0.0,0.0,0.0,0.0,0.0,0.0,0.0,0.0,0.0,15683.9794921875,0.0,236840.4375,73898.03125,-6012.1826171875,0.0,6012.1875,0.0,-27.710811648985654,0.0,2.6046152114868164,0.0,TX
8150706,TX,4835,0.11052417755126953,4,2.0,103128.890625,125359.9375,4,0,8900.3544921875,0.0,115510.703125,0.0,0.0,0.0,0.0,0.0,-1544.0712890625,0.0,1544.078125,0.0,-996.57275390625,0.0,996.5703125,0.0,2544.00048828125,0.0,-2544.0,0.0,0.0,0.0,0.0,0.0,-3200.0,0.0,3200.0,0.0,0.0,0.0,0.0,0.0,-600.0,0.0,600.0,0.0,0.0,0.0,0.0,0.0,0.0,0.0,0.0,0.0,0.0,0.0,0.0,0.0,-240.0,0.0,240.0,0.0,0.0,0.0,0.0,0.0,0.0,0.0,0.0,0.0,0.0,0.0,0.0,0.0,0.0,0.0,0.0,0.0,0.0,0.0,0.0,0.0,0.0,0.0,0.0,0.0,0.0,0.0,0.0,0.0,0.0,0.0,0.0,0.0,0.0,0.0,0.0,0.0,0.0,0.0,0.0,0.0,4863.7109375,0.0,119547.3515625,0.0,-4036.6435546875,0.0,4036.6484375,0.0,-45.35373909242335,0.0,3.494609832763672,0.0,TX
8150707,TX,4835,0.09782154858112335,1,0.0,0.0,0.0,1,0,-587.2451171875,0.0,12430.5771484375,0.0,0.0,0.0,0.0,0.0,0.0,0.0,0.0,0.0,0.0,0.0,0.0,0.0,0.0,0.0,0.0,0.0,0.0,0.0,0.0,0.0,0.0,0.0,0.0,0.0,0.0,0.0,0.0,0.0,0.0,0.0,0.0,0.0,0.0,0.0,0.0,0.0,0.0,0.0,0.0,0.0,0.0,0.0,0.0,0.0,0.0,0.0,0.0,0.0,0.0,0.0,0.0,0.0,0.0,0.0,0.0,0.0,0.0,0.0,0.0,0.0,0.0,0.0,0.0,0.0,0.0,0.0,0.0,0.0,0.0,0.0,0.0,0.0,0.0,0.0,0.0,0.0,0.0,0.0,0.0,0.0,0.0,0.0,0.0,0.0,0.0,0.0,0.0,0.0,-587.2451171875,0.0,12430.5771484375,0.0,0.0,0.0,0.0,0.0,0.0,0.0,0.0,0.0,TX
8150708,TX,4835,76.61724090576172,1,0.0,2079.556640625,40108.1015625,1,0,3061.21533203125,0.0,65468.52734375,17630.89453125,0.0,0.0,0.0,17630.89453125,-374.2431640625,0.0,374.24609375,0.0,-936.0,0.0,936.0,0.0,636.0,0.0,-636.0,0.0,0.0,0.0,0.0,0.0,0.0,0.0,0.0,0.0,0.0,0.0,0.0,0.0,0.0,0.0,0.0,0.0,0.0,0.0,0.0,0.0,0.0,0.0,0.0,0.0,0.0,0.0,0.0,0.0,0.0,0.0,0.0,0.0,0.0,0.0,0.0,0.0,0.0,0.0,0.0,0.0,0.0,0.0,0.0,0.0,0.0,0.0,0.0,0.0,0.0,0.0,0.0,0.0,-720.0,0.0,720.0,0.0,0.0,0.0,0.0,0.0,0.0,0.0,0.0,0.0,0.0,0.0,0.0,0.0,0.0,0.0,0.0,0.0,1666.97216796875,0.0,66862.7734375,17630.89453125,-1394.2431640625,0.0,1394.24609375,0.0,-45.54541294347166,0.0,2.129643201828003,0.0,TX
8150709,TX,4835,218.47711181640625,1,0.0,0.0,8560.9619140625,1,0,0.0,0.0,55038.85546875,47892.015625,0.0,0.0,0.0,47892.015625,0.0,0.0,0.0,0.0,0.0,0.0,0.0,0.0,0.0,0.0,0.0,0.0,0.0,0.0,0.0,0.0,0.0,0.0,0.0,0.0,0.0,0.0,0.0,0.0,0.0,0.0,0.0,0.0,0.0,0.0,0.0,0.0,0.0,0.0,0.0,0.0,0.0,0.0,0.0,0.0,0.0,0.0,0.0,0.0,0.0,0.0,0.0,0.0,0.0,0.0,0.0,0.0,0.0,0.0,0.0,0.0,0.0,0.0,0.0,0.0,0.0,0.0,0.0,0.0,0.0,0.0,0.0,0.0,0.0,0.0,0.0,0.0,0.0,0.0,0.0,0.0,0.0,0.0,0.0,0.0,0.0,0.0,0.0,0.0,0.0,0.0,55038.85546875,47892.015625,0.0,0.0,0.0,0.0,0.0,0.0,0.0,0.0,TX
8150710,TX,4835,0.12558844685554504,1,0.0,348957.8125,1406900.625,1,0,359933.5625,0.0,1105629.625,0.0,0.0,0.0,0.0,0.0,-2137.8125,0.0,2137.75,0.0,0.0,0.0,0.0,0.0,0.0,0.0,0.0,0.0,0.0,0.0,0.0,0.0,0.0,0.0,0.0,0.0,0.0,0.0,0.0,0.0,-1750.0,0.0,1750.0,0.0,0.0,0.0,0.0,0.0,0.0,0.0,0.0,0.0,0.0,0.0,0.0,0.0,0.0,0.0,0.0,0.0,-11204.0625,0.0,11204.125,0.0,0.0,0.0,0.0,0.0,0.0,0.0,0.0,0.0,0.0,0.0,0.0,0.0,0.0,0.0,0.0,0.0,0.0,0.0,0.0,0.0,0.0,0.0,0.0,0.0,0.0,0.0,0.0,0.0,0.0,0.0,0.0,0.0,0.0,0.0,0.0,0.0,344841.6875,0.0,1120721.5,0.0,-15091.875,0.0,15091.875,0.0,-4.192961305185315,0.0,1.3650027513504028,0.0,TX
8150711,TX,4835,0.3530277907848358,3,1.0,30480.11083984375,32019.47265625,3,0,-3982.43798828125,0.0,70757.3828125,24090.443359375,4137.51025390625,0.0,0.0,28227.95361328125,0.0,0.0,0.0,0.0,0.0,0.0,0.0,0.0,0.0,0.0,0.0,0.0,0.0,0.0,0.0,0.0,-700.0,0.0,700.0,0.0,0.0,0.0,0.0,0.0,0.0,0.0,0.0,0.0,0.0,0.0,0.0,0.0,0.0,0.0,0.0,0.0,0.0,0.0,0.0,0.0,0.0,0.0,0.0,0.0,0.0,0.0,0.0,0.0,0.0,0.0,0.0,0.0,0.0,0.0,0.0,0.0,0.0,0.0,0.0,0.0,0.0,0.0,0.0,0.0,0.0,0.0,0.0,0.0,0.0,0.0,0.0,0.0,0.0,0.0,0.0,0.0,0.0,0.0,0.0,0.0,0.0,0.0,0.0,0.0,-4682.43798828125,0.0,71457.3828125,28227.95361328125,-700.0,0.0,700.0,0.0,-17.5771726279185,0.0,0.9892960786819458,0.0,TX
8150712,TX,4835,0.18561401963233948,5,3.0,120396.2265625,124218.4765625,5,0,8140.48828125,0.0,109275.859375,0.0,0.0,0.0,0.0,0.0,-1602.09765625,0.0,1602.1015625,0.0,-1872.00048828125,0.0,1872.0,0.0,3180.00048828125,0.0,-3180.0,0.0,0.0,0.0,0.0,0.0,-4350.0,0.0,4350.0,0.0,0.0,0.0,0.0,0.0,0.0,0.0,0.0,0.0,0.0,0.0,0.0,0.0,0.0,0.0,0.0,0.0,0.0,0.0,0.0,0.0,-240.0,0.0,240.0,0.0,0.0,0.0,0.0,0.0,0.0,0.0,0.0,0.0,0.0,0.0,0.0,0.0,0.0,0.0,0.0,0.0,0.0,0.0,0.0,0.0,0.0,0.0,0.0,0.0,0.0,0.0,0.0,0.0,0.0,0.0,0.0,0.0,0.0,0.0,0.0,0.0,0.0,0.0,0.0,0.0,3256.390625,0.0,114159.9609375,0.0,-4884.09765625,0.0,4884.1015625,0.0,-59.997600727459435,0.0,4.469515800476074,0.0,TX
8150713,TX,4835,230.32972717285156,2,0.0,27377.51953125,41400.5,2,0,1090.050048828125,0.0,112082.2890625,40282.05859375,0.0,0.0,0.0,40282.05859375,0.0,0.0,0.0,0.0,-1090.050048828125,0.0,1090.046875,0.0,590.0499877929688,0.0,-590.046875,0.0,0.0,0.0,0.0,0.0,0.0,0.0,0.0,0.0,0.0,0.0,0.0,0.0,0.0,0.0,0.0,0.0,0.0,0.0,0.0,0.0,0.0,0.0,0.0,0.0,0.0,0.0,0.0,0.0,-23.04449462890625,0.0,23.046875,0.0,0.0,0.0,0.0,0.0,0.0,0.0,0.0,0.0,0.0,0.0,0.0,0.0,0.0,0.0,0.0,0.0,0.0,0.0,0.0,0.0,-567.0054931640625,0.0,567.0,0.0,0.0,0.0,0.0,0.0,0.0,0.0,0.0,0.0,0.0,0.0,0.0,0.0,0.0,0.0,0.0,0.0,0.0,0.0,113172.3359375,40282.05859375,-1090.050048828125,0.0,1090.046875,0.0,-100.0,0.0,0.9725416302680969,0.0,TX
8150714,TX,4835,0.2912360429763794,7,5.0,100425.158203125,96575.6640625,7,0,154.90576171875,0.0,114513.046875,1807.41943359375,4137.51025390625,0.0,6766.330078125,12711.259765625,-554.98095703125,0.0,554.984375,0.0,-1871.9999999999995,0.0,1872.0,0.0,4452.0,0.0,-4452.0,0.0,0.0,0.0,0.0,0.0,-6000.0,0.0,6000.0,0.0,0.0,0.0,0.0,0.0,0.0,0.0,0.0,0.0,0.0,0.0,0.0,0.0,0.0,0.0,0.0,0.0,0.0,0.0,0.0,0.0,0.0,0.0,0.0,0.0,0.0,0.0,0.0,0.0,0.0,0.0,0.0,0.0,0.0,0.0,0.0,0.0,0.0,0.0,0.0,0.0,0.0,0.0,0.0,0.0,0.0,0.0,0.0,0.0,-259.4091796874991,0.0,259.40625,0.0,0.0,0.0,0.0,0.0,0.0,0.0,0.0,0.0,0.0,0.0,0.0,0.0,-4079.484374999999,0.0,118747.4375,12711.259765625,-4234.390136718749,0.0,4234.390625,0.0,-2733.526558170762,0.0,3.6977365016937256,0.0,TX
8150715,TX,4835,0.09945430606603622,4,2.0,83622.8828125,470031.96875,4,0,118479.921875,0.0,341132.25,0.0,0.0,0.0,0.0,0.0,0.0,0.0,0.0,0.0,0.0,0.0,0.0,0.0,0.0,0.0,0.0,0.0,0.0,0.0,0.0,0.0,-850.0,0.0,850.0,0.0,0.0,0.0,0.0,0.0,-21479.8671875,0.0,21479.84375,0.0,-21315.0078125,0.0,21315.0,0.0,0.0,0.0,0.0,0.0,0.0,0.0,0.0,0.0,-719.984375,0.0,720.0,0.0,0.0,0.0,0.0,0.0,0.0,0.0,0.0,0.0,0.0,0.0,0.0,0.0,0.0,0.0,0.0,0.0,0.0,0.0,0.0,0.0,0.0,0.0,0.0,0.0,0.0,0.0,0.0,0.0,0.0,0.0,0.0,0.0,0.0,0.0,0.0,0.0,0.0,0.0,0.0,0.0,74115.0625,0.0,385497.09375,0.0,-44364.859375,0.0,44364.84375,0.0,-37.44504442010546,0.0,13.00517463684082,0.0,TX
8150716,TX,4835,0.1683119237422943,1,0.0,0.0,33830.02734375,1,0,1686.95068359375,0.0,46783.69921875,9600.205078125,0.0,0.0,0.0,9600.205078125,-99.39013671875,0.0,99.38671875,0.0,-837.9266967773438,0.0,837.9296875,0.0,537.9266967773438,0.0,-537.9296875,0.0,0.0,0.0,0.0,0.0,0.0,0.0,0.0,0.0,0.0,0.0,0.0,0.0,0.0,0.0,0.0,0.0,0.0,0.0,0.0,0.0,0.0,0.0,0.0,0.0,0.0,0.0,0.0,0.0,0.0,0.0,0.0,0.0,0.0,0.0,0.0,0.0,0.0,0.0,0.0,0.0,0.0,0.0,0.0,0.0,0.0,0.0,0.0,0.0,0.0,0.0,0.0,0.0,-607.9266967773438,0.0,607.9296875,0.0,0.0,0.0,0.0,0.0,0.0,0.0,0.0,0.0,0.0,0.0,0.0,0.0,0.0,0.0,0.0,0.0,679.6338500976562,0.0,47791.015625,9600.205078125,-1007.3168334960938,0.0,1007.31640625,0.0,-59.71228698578096,0.0,2.1531355381011963,0.0,TX
8150717,TX,4835,393.7995910644531,1,0.0,38110.98828125,480066.96875,1,0,86514.8046875,0.0,-475478.8125,0.0,0.0,0.0,0.0,0.0,0.0,0.0,0.0,0.0,0.0,0.0,0.0,0.0,0.0,0.0,0.0,0.0,0.0,0.0,0.0,0.0,0.0,0.0,0.0,0.0,0.0,0.0,0.0,0.0,0.0,0.0,0.0,0.0,-11661.390625,0.0,11661.40625,0.0,0.0,0.0,0.0,0.0,0.0,0.0,0.0,0.0,0.0,0.0,0.0,0.0,0.0,0.0,0.0,0.0,0.0,0.0,0.0,0.0,0.0,0.0,0.0,0.0,0.0,0.0,0.0,0.0,0.0,0.0,0.0,0.0,0.0,0.0,0.0,0.0,0.0,0.0,0.0,0.0,0.0,0.0,0.0,0.0,0.0,0.0,0.0,0.0,0.0,0.0,0.0,0.0,74853.4140625,0.0,-463817.40625,0.0,-11661.390625,0.0,11661.40625,0.0,-13.479069469233727,0.0,2.4525606632232666,0.0,TX
8150718,TX,4835,0.11345288157463074,2,0.0,167763.2890625,138222.4375,2,0,13259.5537109375,0.0,143474.0625,0.0,0.0,0.0,0.0,0.0,-2175.9111328125,0.0,2175.921875,0.0,-292.1533203125,0.0,292.15625,0.0,1862.2451171875,0.0,-1862.25,0.0,0.0,0.0,0.0,0.0,0.0,0.0,0.0,0.0,0.0,0.0,0.0,0.0,0.0,0.0,0.0,0.0,0.0,0.0,0.0,0.0,0.0,0.0,0.0,0.0,0.0,0.0,0.0,0.0,-440.0,0.0,440.0,0.0,0.0,0.0,0.0,0.0,0.0,0.0,0.0,0.0,0.0,0.0,0.0,0.0,0.0,0.0,0.0,0.0,0.0,0.0,0.0,0.0,0.0,0.0,0.0,0.0,0.0,0.0,0.0,0.0,0.0,0.0,0.0,0.0,0.0,0.0,0.0,0.0,0.0,0.0,0.0,0.0,12213.734375,0.0,144519.890625,0.0,-1045.8193359375,0.0,1045.828125,0.0,-7.887289110453452,0.0,0.7289318442344666,0.0,TX
8150719,TX,4835,0.29205575585365295,4,2.0,154454.15625,162459.109375,4,0,20087.529296875,0.0,146355.125,0.0,0.0,0.0,0.0,0.0,-3240.099609375,0.0,3240.09375,0.0,-3158.5341796875,0.0,3158.53125,0.0,4390.5341796875,0.0,-4390.53125,0.0,0.0,0.0,0.0,0.0,-1000.0,0.0,1000.0,0.0,0.0,0.0,0.0,0.0,-1100.0,0.0,1100.0,0.0,0.0,0.0,0.0,0.0,0.0,0.0,0.0,0.0,0.0,0.0,0.0,0.0,-440.0,0.0,440.0,0.0,0.0,0.0,0.0,0.0,0.0,0.0,0.0,0.0,0.0,0.0,0.0,0.0,0.0,0.0,0.0,0.0,-135.552734375,0.0,135.546875,0.0,0.0,0.0,0.0,0.0,-399.4912109375,0.0,399.5,0.0,0.0,0.0,0.0,0.0,0.0,0.0,0.0,0.0,0.0,0.0,0.0,0.0,15004.3857421875,0.0,151438.265625,0.0,-5083.1435546875,0.0,5083.140625,0.0,-25.30497145549045,0.0,3.4731552600860596,0.0,TX
8150720,TX,4835,3.5605897903442383,1,0.0,0.0,0.0,1,0,0.0,0.0,56631.1796875,28315.58984375,0.0,0.0,0.0,28315.58984375,0.0,0.0,0.0,0.0,0.0,0.0,0.0,0.0,0.0,0.0,0.0,0.0,0.0,0.0,0.0,0.0,0.0,0.0,0.0,0.0,0.0,0.0,0.0,0.0,0.0,0.0,0.0,0.0,0.0,0.0,0.0,0.0,0.0,0.0,0.0,0.0,0.0,0.0,0.0,0.0,0.0,0.0,0.0,0.0,0.0,0.0,0.0,0.0,0.0,0.0,0.0,0.0,0.0,0.0,0.0,0.0,0.0,0.0,0.0,0.0,0.0,0.0,0.0,0.0,0.0,0.0,0.0,0.0,0.0,0.0,0.0,0.0,0.0,0.0,0.0,0.0,0.0,0.0,0.0,0.0,0.0,0.0,0.0,0.0,0.0,0.0,56631.1796875,28315.58984375,0.0,0.0,0.0,0.0,0.0,0.0,0.0,0.0,TX
8150721,TX,4835,0.19938628375530243,2,0.0,77152.5546875,125106.9296875,2,0,12779.494140625,0.0,153374.5,4224.61328125,0.0,0.0,0.0,4224.61328125,-2079.8994140625,0.0,2079.890625,0.0,-1872.0,0.0,1872.0,0.0,1272.0,0.0,-1272.0,0.0,0.0,0.0,0.0,0.0,0.0,0.0,0.0,0.0,0.0,0.0,0.0,0.0,-600.0,0.0,600.0,0.0,0.0,0.0,0.0,0.0,0.0,0.0,0.0,0.0,0.0,0.0,0.0,0.0,-240.0,0.0,240.0,0.0,0.0,0.0,0.0,0.0,0.0,0.0,0.0,0.0,0.0,0.0,0.0,0.0,0.0,0.0,0.0,0.0,0.0,0.0,0.0,0.0,-1439.9990234375,0.0,1440.0,0.0,0.0,0.0,0.0,0.0,0.0,0.0,0.0,0.0,0.0,0.0,0.0,0.0,0.0,0.0,0.0,0.0,7819.595703125,0.0,158334.390625,4224.61328125,-4959.8984375,0.0,4959.890625,0.0,-38.81138316526063,0.0,3.2338428497314453,0.0,TX
8150722,TX,4835,0.14320257306098938,2,0.0,147791.6396484375,569436.3125,2,0,148434.75,0.0,444885.53125,11312.5029296875,0.0,0.0,0.0,11312.5029296875,0.0,0.0,0.0,0.0,0.0,0.0,0.0,0.0,0.0,0.0,0.0,0.0,0.0,0.0,0.0,0.0,0.0,0.0,0.0,0.0,0.0,0.0,0.0,0.0,-20311.2578125,0.0,20311.25,0.0,-26249.9765625,0.0,26249.96875,0.0,0.0,0.0,0.0,0.0,0.0,0.0,0.0,0.0,-640.0,0.0,640.0,0.0,0.0,0.0,0.0,0.0,0.0,0.0,0.0,0.0,0.0,0.0,0.0,0.0,0.0,0.0,0.0,0.0,0.0,0.0,0.0,0.0,0.0,0.0,0.0,0.0,0.0,0.0,0.0,0.0,0.0,0.0,0.0,0.0,0.0,0.0,0.0,0.0,0.0,0.0,0.0,0.0,101233.515625,0.0,492086.75,11312.5029296875,-47201.234375,0.0,47201.21875,0.0,-31.799315439949204,0.0,10.60974407196045,0.0,TX
8150723,TX,4835,0.30476614832878113,2,0.0,0.0,127011.53125,2,0,13261.7294921875,0.0,138972.625,21932.892578125,0.0,0.0,0.0,21932.892578125,-2176.345703125,0.0,2176.34375,0.0,-1872.0,0.0,1872.0,0.0,1272.0,0.0,-1272.0,0.0,0.0,0.0,0.0,0.0,0.0,0.0,0.0,0.0,0.0,0.0,0.0,0.0,0.0,0.0,0.0,0.0,0.0,0.0,0.0,0.0,0.0,0.0,0.0,0.0,0.0,0.0,0.0,0.0,0.0,0.0,0.0,0.0,0.0,0.0,0.0,0.0,0.0,0.0,0.0,0.0,0.0,0.0,0.0,0.0,0.0,0.0,0.0,0.0,0.0,0.0,0.0,0.0,-1440.0,0.0,1440.0,0.0,0.0,0.0,0.0,0.0,0.0,0.0,0.0,0.0,0.0,0.0,0.0,0.0,0.0,0.0,0.0,0.0,9045.3837890625,0.0,143188.96875,21932.892578125,-4216.345703125,0.0,4216.34375,0.0,-31.793332126166906,0.0,3.03393816947937,0.0,TX
8150724,TX,4835,0.14010731875896454,1,0.0,203908.375,439244.28125,1,0,94886.9375,0.0,351346.375,16663.025390625,0.0,0.0,0.0,16663.025390625,0.0,0.0,0.0,0.0,0.0,0.0,0.0,0.0,0.0,0.0,0.0,0.0,0.0,0.0,0.0,0.0,0.0,0.0,0.0,0.0,0.0,0.0,0.0,0.0,0.0,0.0,0.0,0.0,-11630.9765625,0.0,11630.96875,0.0,0.0,0.0,0.0,0.0,0.0,0.0,0.0,0.0,0.0,0.0,0.0,0.0,-954.1796875,0.0,954.1875,0.0,0.0,0.0,0.0,0.0,0.0,0.0,0.0,0.0,0.0,0.0,0.0,0.0,0.0,0.0,0.0,0.0,0.0,0.0,0.0,0.0,0.0,0.0,0.0,0.0,0.0,0.0,0.0,0.0,0.0,0.0,0.0,0.0,0.0,0.0,0.0,0.0,82301.78125,0.0,363931.53125,16663.025390625,-12585.15625,0.0,12585.15625,0.0,-13.26331798831636,0.0,3.581979751586914,0.0,TX
8150725,TX,4835,0.33416107296943665,1,0.0,2045.248291015625,2045.248291015625,1,0,-190.90650939941406,0.0,6125.9951171875,3596.039794921875,0.0,0.0,0.0,3596.039794921875,0.0,0.0,0.0,0.0,0.0,0.0,0.0,0.0,0.0,0.0,0.0,0.0,0.0,0.0,0.0,0.0,0.0,0.0,0.0,0.0,0.0,0.0,0.0,0.0,0.0,0.0,0.0,0.0,0.0,0.0,0.0,0.0,0.0,0.0,0.0,0.0,0.0,0.0,0.0,0.0,0.0,0.0,0.0,0.0,0.0,0.0,0.0,0.0,0.0,0.0,0.0,0.0,0.0,0.0,0.0,0.0,0.0,0.0,0.0,0.0,0.0,0.0,0.0,0.0,0.0,0.0,0.0,0.0,0.0,0.0,0.0,0.0,0.0,0.0,0.0,0.0,0.0,0.0,0.0,0.0,0.0,0.0,0.0,0.0,-190.90650939941406,0.0,6125.9951171875,3596.039794921875,0.0,0.0,0.0,0.0,0.0,0.0,0.0,0.0,TX
8150726,TX,4835,93.75016021728516,1,0.0,4687.6982421875,6855.0693359375,1,0,0.0,0.0,38959.21484375,16375.2197265625,0.0,0.0,0.0,16375.2197265625,0.0,0.0,0.0,0.0,0.0,0.0,0.0,0.0,0.0,0.0,0.0,0.0,0.0,0.0,0.0,0.0,0.0,0.0,0.0,0.0,0.0,0.0,0.0,0.0,0.0,0.0,0.0,0.0,0.0,0.0,0.0,0.0,0.0,0.0,0.0,0.0,0.0,0.0,0.0,0.0,0.0,0.0,0.0,0.0,0.0,0.0,0.0,0.0,0.0,0.0,0.0,0.0,0.0,0.0,0.0,0.0,0.0,0.0,0.0,0.0,0.0,0.0,0.0,0.0,0.0,0.0,0.0,0.0,0.0,0.0,0.0,0.0,0.0,0.0,0.0,0.0,0.0,0.0,0.0,0.0,0.0,0.0,0.0,0.0,0.0,0.0,38959.21484375,16375.2197265625,0.0,0.0,0.0,0.0,0.0,0.0,0.0,0.0,TX
8150727,TX,4835,0.1253807246685028,2,0.0,202004.890625,584333.8125,2,0,144584.328125,0.0,496107.40625,44469.61328125,0.0,0.0,0.0,44469.61328125,0.0,0.0,0.0,0.0,0.0,0.0,0.0,0.0,0.0,0.0,0.0,0.0,0.0,0.0,0.0,0.0,0.0,0.0,0.0,0.0,0.0,0.0,0.0,0.0,-1400.0,0.0,1400.0,0.0,-34049.7109375,0.0,34049.71875,0.0,0.0,0.0,0.0,0.0,0.0,0.0,0.0,0.0,-480.0,0.0,480.0,0.0,0.0,0.0,0.0,0.0,0.0,0.0,0.0,0.0,0.0,0.0,0.0,0.0,0.0,0.0,0.0,0.0,0.0,0.0,0.0,0.0,0.0,0.0,0.0,0.0,0.0,0.0,0.0,0.0,0.0,0.0,0.0,0.0,0.0,0.0,0.0,0.0,0.0,0.0,0.0,0.0,108654.6171875,0.0,532037.125,44469.61328125,-35929.7109375,0.0,35929.71875,0.0,-24.85034955271021,0.0,7.242326259613037,0.0,TX
8150728,TX,4835,0.8243051171302795,1,0.0,0.0,59113.625,1,0,5882.21728515625,0.0,85568.0625,26158.595703125,0.0,0.0,0.0,26158.595703125,-938.443359375,0.0,938.4453125,0.0,-912.138916015625,0.0,912.140625,0.0,635.999755859375,0.0,-636.0,0.0,0.0,0.0,0.0,0.0,0.0,0.0,0.0,0.0,0.0,0.0,0.0,0.0,0.0,0.0,0.0,0.0,0.0,0.0,0.0,0.0,0.0,0.0,0.0,0.0,0.0,0.0,0.0,0.0,0.0,0.0,0.0,0.0,0.0,0.0,0.0,0.0,0.0,0.0,0.0,0.0,0.0,0.0,0.0,0.0,0.0,0.0,0.0,0.0,0.0,0.0,0.0,0.0,-719.999755859375,0.0,720.0,0.0,0.0,0.0,0.0,0.0,0.0,0.0,0.0,0.0,0.0,0.0,0.0,0.0,0.0,0.0,0.0,0.0,3947.635009765625,0.0,87502.6484375,26158.595703125,-1934.582275390625,0.0,1934.5859375,0.0,-32.88865714417818,0.0,2.260873794555664,0.0,TX
8150729,TX,4835,0.138636514544487,2,0.0,293637.6328125,901044.75,2,0,221587.015625,0.0,660393.0,0.0,0.0,0.0,0.0,0.0,0.0,0.0,0.0,0.0,0.0,0.0,0.0,0.0,0.0,0.0,0.0,0.0,0.0,0.0,0.0,0.0,0.0,0.0,0.0,0.0,0.0,0.0,0.0,0.0,-1240.890625,0.0,1240.875,0.0,-37070.265625,0.0,37070.3125,0.0,0.0,0.0,0.0,0.0,0.0,0.0,0.0,0.0,-352.578125,0.0,352.5625,0.0,0.0,0.0,0.0,0.0,0.0,0.0,0.0,0.0,0.0,0.0,0.0,0.0,0.0,0.0,0.0,0.0,0.0,0.0,0.0,0.0,0.0,0.0,0.0,0.0,0.0,0.0,0.0,0.0,0.0,0.0,0.0,0.0,0.0,0.0,0.0,0.0,0.0,0.0,0.0,0.0,182923.28125,0.0,699056.75,0.0,-38663.734375,0.0,38663.75,0.0,-17.448555939050188,0.0,5.8546576499938965,0.0,TX
8150730,TX,4835,0.33435705304145813,3,1.0,28772.1484375,28772.1484375,2,1,-1000.0,0.0,56392.54296875,0.0,4137.51025390625,0.0,0.0,4137.51025390625,0.0,0.0,0.0,0.0,0.0,0.0,0.0,0.0,0.0,0.0,0.0,0.0,0.0,0.0,0.0,0.0,-700.0,0.0,700.0,0.0,0.0,0.0,0.0,0.0,0.0,0.0,0.0,0.0,0.0,0.0,0.0,0.0,0.0,0.0,0.0,0.0,0.0,0.0,0.0,0.0,0.0,0.0,0.0,0.0,0.0,0.0,0.0,0.0,0.0,0.0,0.0,0.0,0.0,0.0,0.0,0.0,0.0,0.0,0.0,0.0,0.0,0.0,0.0,0.0,0.0,0.0,0.0,0.0,0.0,0.0,0.0,0.0,0.0,0.0,0.0,0.0,0.0,0.0,0.0,0.0,0.0,0.0,0.0,0.0,-1700.0,0.0,57092.54296875,4137.51025390625,-700.0,0.0,700.0,0.0,-70.0,0.0,1.2412989139556885,0.0,TX
8150731,TX,4835,0.1108875498175621,2,0.0,177616.01953125,829963.6875,2,0,201190.0625,0.0,615908.625,0.0,0.0,0.0,0.0,0.0,0.0,0.0,0.0,0.0,0.0,0.0,0.0,0.0,0.0,0.0,0.0,0.0,0.0,0.0,0.0,0.0,0.0,0.0,0.0,0.0,0.0,0.0,0.0,0.0,-1400.0,0.0,1400.0,0.0,-31215.875,0.0,31215.875,0.0,0.0,0.0,0.0,0.0,0.0,0.0,0.0,0.0,-580.0,0.0,580.0,0.0,0.0,0.0,0.0,0.0,0.0,0.0,0.0,0.0,0.0,0.0,0.0,0.0,0.0,0.0,0.0,0.0,0.0,0.0,0.0,0.0,0.0,0.0,0.0,0.0,0.0,0.0,0.0,0.0,0.0,0.0,0.0,0.0,0.0,0.0,0.0,0.0,0.0,0.0,0.0,0.0,167994.1875,0.0,649104.5,0.0,-33195.875,0.0,33195.875,0.0,-16.499758779089795,0.0,5.389740467071533,0.0,TX
8150732,TX,4835,0.13884851336479187,4,2.0,131246.66796875,131246.671875,4,0,12718.30078125,0.0,109253.4375,0.0,0.0,0.0,0.0,0.0,-2067.66015625,0.0,2067.65625,0.0,-1805.0400390625,0.0,1805.046875,0.0,2544.0,0.0,-2544.0,0.0,0.0,0.0,0.0,0.0,-2700.0,0.0,2700.0,0.0,0.0,0.0,0.0,0.0,0.0,0.0,0.0,0.0,0.0,0.0,0.0,0.0,0.0,0.0,0.0,0.0,0.0,0.0,0.0,0.0,0.0,0.0,0.0,0.0,0.0,0.0,0.0,0.0,0.0,0.0,0.0,0.0,0.0,0.0,0.0,0.0,0.0,0.0,0.0,0.0,-1364.5791015625,0.0,1364.578125,0.0,0.0,0.0,0.0,0.0,-56.421875,0.0,56.421875,0.0,0.0,0.0,0.0,0.0,0.0,0.0,0.0,0.0,0.0,0.0,0.0,0.0,7268.599609375,0.0,114703.140625,0.0,-5449.701171875,0.0,5449.703125,0.0,-42.84928675306407,0.0,4.988129615783691,0.0,TX
8150733,TX,4835,576.4237670898438,2,0.0,3956.96875,3956.96875,2,0,0.0,0.0,14475.6943359375,6588.7177734375,0.0,0.0,0.0,6588.7177734375,0.0,0.0,0.0,0.0,0.0,0.0,0.0,0.0,0.0,0.0,0.0,0.0,0.0,0.0,0.0,0.0,0.0,0.0,0.0,0.0,0.0,0.0,0.0,0.0,0.0,0.0,0.0,0.0,0.0,0.0,0.0,0.0,0.0,0.0,0.0,0.0,0.0,0.0,0.0,0.0,0.0,0.0,0.0,0.0,0.0,0.0,0.0,0.0,0.0,0.0,0.0,0.0,0.0,0.0,0.0,0.0,0.0,0.0,0.0,0.0,0.0,0.0,0.0,0.0,0.0,0.0,0.0,0.0,0.0,0.0,0.0,0.0,0.0,0.0,0.0,0.0,0.0,0.0,0.0,0.0,0.0,0.0,0.0,0.0,0.0,0.0,14475.6943359375,6588.7177734375,0.0,0.0,0.0,0.0,0.0,0.0,0.0,0.0,TX
8150734,TX,4835,0.12064161896705627,5,2.0,37478.07604980469,37478.07604980469,5,0,1996.9173583984375,0.0,64915.90625,11462.37890625,19912.1513671875,0.0,0.0,31374.5302734375,-321.925048828125,0.0,321.92578125,0.0,-936.0,0.0,935.99609375,0.0,636.0,0.0,-636.0,0.0,0.0,0.0,0.0,0.0,0.0,0.0,0.0,0.0,0.0,0.0,0.0,0.0,0.0,0.0,0.0,0.0,0.0,0.0,0.0,0.0,0.0,0.0,0.0,0.0,0.0,0.0,0.0,0.0,0.0,0.0,0.0,0.0,0.0,0.0,0.0,0.0,0.0,0.0,0.0,0.0,0.0,0.0,0.0,0.0,0.0,0.0,0.0,0.0,0.0,0.0,0.0,0.0,0.0,0.0,0.0,0.0,0.0,0.0,0.0,0.0,0.0,0.0,0.0,0.0,0.0,0.0,0.0,0.0,0.0,0.0,0.0,0.0,1374.9923095703125,0.0,65537.828125,31374.5302734375,-621.925048828125,0.0,621.921875,0.0,-31.144255730588654,0.0,0.958042323589325,0.0,TX
8150735,TX,4835,0.20838095247745514,2,0.0,83209.92578125,98720.03125,2,0,9435.744140625,0.0,91209.625,0.0,0.0,0.0,0.0,0.0,-1411.14892578125,0.0,1411.1484375,0.0,-1872.0,0.0,1872.0,0.0,1272.0,0.0,-1272.0,0.0,0.0,0.0,0.0,0.0,0.0,0.0,0.0,0.0,0.0,0.0,0.0,0.0,-600.0,0.0,600.0,0.0,0.0,0.0,0.0,0.0,0.0,0.0,0.0,0.0,0.0,0.0,0.0,0.0,0.0,0.0,0.0,0.0,0.0,0.0,0.0,0.0,0.0,0.0,0.0,0.0,0.0,0.0,0.0,0.0,0.0,0.0,0.0,0.0,0.0,0.0,0.0,0.0,0.0,0.0,0.0,0.0,0.0,0.0,0.0,0.0,0.0,0.0,0.0,0.0,0.0,0.0,0.0,0.0,0.0,0.0,0.0,0.0,6824.59521484375,0.0,93820.7734375,0.0,-2611.14892578125,0.0,2611.1484375,0.0,-27.67295177641701,0.0,2.8627991676330566,0.0,TX
8150736,TX,4835,0.1429346352815628,3,1.0,152346.69921875,172364.1875,3,0,23886.67578125,0.0,139074.296875,0.0,0.0,0.0,0.0,0.0,-3695.61328125,0.0,3695.609375,0.0,-3432.001953125,0.0,3432.015625,0.0,3498.001953125,0.0,-3498.015625,0.0,0.0,0.0,0.0,0.0,-2200.0,0.0,2200.0,0.0,0.0,0.0,0.0,0.0,0.0,0.0,0.0,0.0,0.0,0.0,0.0,0.0,0.0,0.0,0.0,0.0,0.0,0.0,0.0,0.0,-123.328125,0.0,123.34375,0.0,0.0,0.0,0.0,0.0,0.0,0.0,0.0,0.0,0.0,0.0,0.0,0.0,0.0,0.0,0.0,0.0,0.0,0.0,0.0,0.0,0.0,0.0,0.0,0.0,-160.5078125,0.0,160.5,0.0,0.0,0.0,0.0,0.0,0.0,0.0,0.0,0.0,0.0,0.0,0.0,0.0,17773.2265625,0.0,145187.75,0.0,-6113.44921875,0.0,6113.453125,0.0,-25.593553806883378,0.0,4.395817756652832,0.0,TX
8150737,TX,4835,0.14483778178691864,2,0.0,265481.9765625,519486.28125,2,0,131176.671875,0.0,418584.9375,31598.494140625,0.0,0.0,0.0,31598.494140625,0.0,0.0,0.0,0.0,0.0,0.0,0.0,0.0,0.0,0.0,0.0,0.0,0.0,0.0,0.0,0.0,0.0,0.0,0.0,0.0,0.0,0.0,0.0,0.0,0.0,0.0,0.0,0.0,-28210.90625,0.0,28210.90625,0.0,0.0,0.0,0.0,0.0,0.0,0.0,0.0,0.0,-640.0,0.0,640.0,0.0,0.0,0.0,0.0,0.0,0.0,0.0,0.0,0.0,0.0,0.0,0.0,0.0,0.0,0.0,0.0,0.0,0.0,0.0,0.0,0.0,0.0,0.0,0.0,0.0,0.0,0.0,0.0,0.0,0.0,0.0,0.0,0.0,0.0,0.0,0.0,0.0,0.0,0.0,0.0,0.0,102325.765625,0.0,447435.84375,31598.494140625,-28850.90625,0.0,28850.90625,0.0,-21.99393065673477,0.0,6.89248514175415,0.0,TX
8150738,TX,4835,0.12887665629386902,7,5.0,434837.9140625,443574.37499999994,7,0,107727.59375,0.0,324524.3125,0.0,0.0,0.0,0.0,0.0,0.0,0.0,0.0,0.0,0.0,0.0,0.0,0.0,0.0,0.0,0.0,0.0,0.0,0.0,0.0,0.0,-8800.0,0.0,8800.0,0.0,0.0,0.0,0.0,0.0,0.0,0.0,0.0,0.0,-25898.890625,0.0,25898.90625,0.0,0.0,0.0,0.0,0.0,0.0,0.0,0.0,0.0,-33.5703125,0.0,33.5625,0.0,-223.64843750001455,0.0,223.65625,0.0,0.0,0.0,0.0,0.0,0.0,0.0,0.0,0.0,0.0,0.0,0.0,0.0,0.0,0.0,0.0,0.0,0.0,0.0,0.0,0.0,0.0,0.0,0.0,0.0,0.0,0.0,0.0,0.0,0.0,0.0,0.0,0.0,0.0,0.0,0.0,0.0,72771.48437499999,0.0,359480.4375,0.0,-34956.109375000015,0.0,34956.125,0.0,-32.44861242897669,0.0,10.771496772766113,0.0,TX
8150739,TX,4835,0.12427361309528351,7,3.9999999999999996,145737.9765625,343114.859375,6,1,49096.46337890625,0.0,327594.8125,11956.8173828125,36773.201171875,0.0,0.0,48730.0185546875,0.0,0.0,0.0,0.0,-1076.22021484375,0.0,1076.1875,0.0,2739.46435546875,0.0,-2739.4375,0.0,0.0,0.0,0.0,0.0,-4800.0,0.0,4800.0,0.0,0.0,0.0,0.0,0.0,-0.015625,0.0,0.0,0.0,-10579.34765625,0.0,10579.375,0.0,0.0,0.0,0.0,0.0,0.0,0.0,0.0,0.0,-283.72900390625,0.0,283.75,0.0,0.0,0.0,0.0,0.0,0.0,0.0,0.0,0.0,0.0,0.0,0.0,0.0,0.0,0.0,0.0,0.0,0.0,0.0,0.0,0.0,-632.623046875,0.0,632.625,0.0,0.0,0.0,0.0,0.0,0.0,0.0,0.0,0.0,0.0,0.0,0.0,0.0,0.0,0.0,0.0,0.0,34463.9921875,0.0,342227.3125,48730.0185546875,-14632.47119140625,0.0,14632.5,0.0,-29.803513704192653,0.0,4.46664571762085,0.0,TX
8150740,TX,4835,28.134675979614258,1,0.0,3042.408203125,3042.408203125,1,0,0.0,0.0,4013.75927734375,0.0,0.0,0.0,0.0,0.0,0.0,0.0,0.0,0.0,0.0,0.0,0.0,0.0,0.0,0.0,0.0,0.0,0.0,0.0,0.0,0.0,0.0,0.0,0.0,0.0,0.0,0.0,0.0,0.0,0.0,0.0,0.0,0.0,0.0,0.0,0.0,0.0,0.0,0.0,0.0,0.0,0.0,0.0,0.0,0.0,0.0,0.0,0.0,0.0,0.0,0.0,0.0,0.0,0.0,0.0,0.0,0.0,0.0,0.0,0.0,0.0,0.0,0.0,0.0,0.0,0.0,0.0,0.0,0.0,0.0,0.0,0.0,0.0,0.0,0.0,0.0,0.0,0.0,0.0,0.0,0.0,0.0,0.0,0.0,0.0,0.0,0.0,0.0,0.0,0.0,0.0,4013.75927734375,0.0,0.0,0.0,0.0,0.0,0.0,0.0,0.0,0.0,TX
8150741,TX,4835,0.1188407763838768,5,3.0,300801.275390625,494405.84375,5,0,113983.1015625,0.0,372594.40625,0.0,0.0,0.0,0.0,0.0,0.0,0.0,0.0,0.0,0.0,0.0,0.0,0.0,0.0,0.0,0.0,0.0,0.0,0.0,0.0,0.0,-150.0,0.0,150.0,0.0,0.0,0.0,0.0,0.0,-1400.0,0.0,1400.0,0.0,-25626.859375,0.0,25626.84375,0.0,0.0,0.0,0.0,0.0,0.0,0.0,0.0,0.0,-480.0,0.0,480.0,0.0,0.0,0.0,0.0,0.0,0.0,0.0,0.0,0.0,0.0,0.0,0.0,0.0,0.0,0.0,0.0,0.0,0.0,0.0,0.0,0.0,0.0,0.0,0.0,0.0,0.0,0.0,0.0,0.0,0.0,0.0,0.0,0.0,0.0,0.0,0.0,0.0,0.0,0.0,0.0,0.0,86326.2421875,0.0,400251.25,0.0,-27656.859375,0.0,27656.84375,0.0,-24.263999659489,0.0,7.4227752685546875,0.0,TX
8150742,TX,4835,0.12327849864959717,5,4.0,55838.76171875,55838.76171875,5,0,-3766.866455078125,0.0,110909.6015625,41330.73046875,4137.51025390625,5032.6455078125,5074.74755859375,55575.6337890625,0.0,0.0,0.0,0.0,-1202.499755859375,0.0,1202.5,0.0,2929.27490234375,0.0,-2929.2734375,0.0,0.0,0.0,0.0,0.0,-4800.0,0.0,4800.0,0.0,0.0,0.0,0.0,0.0,0.0,0.0,0.0,0.0,0.0,0.0,0.0,0.0,0.0,0.0,0.0,0.0,0.0,0.0,0.0,0.0,0.0,0.0,0.0,0.0,0.0,0.0,0.0,0.0,0.0,0.0,0.0,0.0,0.0,0.0,0.0,0.0,0.0,0.0,0.0,0.0,0.0,0.0,0.0,0.0,0.0,0.0,0.0,0.0,-290.5380859375,0.0,290.5390625,0.0,0.0,0.0,0.0,0.0,0.0,0.0,0.0,0.0,0.0,0.0,0.0,0.0,-7130.62939453125,0.0,114273.3671875,55575.6337890625,-3363.762939453125,0.0,3363.765625,0.0,-89.29870436257238,0.0,3.0328893661499023,0.0,TX
8150743,TX,4835,14.05923843383789,1,0.0,0.0,7488.69970703125,1,0,0.0,0.0,45527.26953125,19447.765625,0.0,0.0,0.0,19447.765625,0.0,0.0,0.0,0.0,0.0,0.0,0.0,0.0,0.0,0.0,0.0,0.0,0.0,0.0,0.0,0.0,0.0,0.0,0.0,0.0,0.0,0.0,0.0,0.0,0.0,0.0,0.0,0.0,0.0,0.0,0.0,0.0,0.0,0.0,0.0,0.0,0.0,0.0,0.0,0.0,0.0,0.0,0.0,0.0,0.0,0.0,0.0,0.0,0.0,0.0,0.0,0.0,0.0,0.0,0.0,0.0,0.0,0.0,0.0,0.0,0.0,0.0,0.0,0.0,0.0,0.0,0.0,0.0,0.0,0.0,0.0,0.0,0.0,0.0,0.0,0.0,0.0,0.0,0.0,0.0,0.0,0.0,0.0,0.0,0.0,0.0,45527.26953125,19447.765625,0.0,0.0,0.0,0.0,0.0,0.0,0.0,0.0,TX
8150744,TX,4835,36.568878173828125,1,0.0,4425.73876953125,4425.73876953125,1,0,0.0,0.0,4087.169677734375,0.0,0.0,0.0,0.0,0.0,0.0,0.0,0.0,0.0,0.0,0.0,0.0,0.0,0.0,0.0,0.0,0.0,0.0,0.0,0.0,0.0,0.0,0.0,0.0,0.0,0.0,0.0,0.0,0.0,0.0,0.0,0.0,0.0,0.0,0.0,0.0,0.0,0.0,0.0,0.0,0.0,0.0,0.0,0.0,0.0,0.0,0.0,0.0,0.0,0.0,0.0,0.0,0.0,0.0,0.0,0.0,0.0,0.0,0.0,0.0,0.0,0.0,0.0,0.0,0.0,0.0,0.0,0.0,0.0,0.0,0.0,0.0,0.0,0.0,0.0,0.0,0.0,0.0,0.0,0.0,0.0,0.0,0.0,0.0,0.0,0.0,0.0,0.0,0.0,0.0,0.0,4087.169677734375,0.0,0.0,0.0,0.0,0.0,0.0,0.0,0.0,0.0,TX
8150745,TX,4835,0.28716176748275757,4,1.0,114004.8466796875,115169.69921875,4,0,6998.6024169921875,0.0,119617.2890625,0.0,0.0,16449.802734375,1691.58251953125,18141.38525390625,-1353.1357421875,0.0,1353.1328125,0.0,-2805.1961669921875,0.0,2805.1953125,0.0,2285.1961669921875,0.0,-2285.1953125,0.0,0.0,0.0,0.0,0.0,-1199.9999999999995,0.0,1200.0,0.0,0.0,0.0,0.0,0.0,-185.025390625,0.0,185.0234375,0.0,0.0,0.0,0.0,0.0,0.0,0.0,0.0,0.0,0.0,0.0,0.0,0.0,-132.50317382812545,0.0,132.5,0.0,0.0,0.0,0.0,0.0,0.0,0.0,0.0,0.0,0.0,0.0,0.0,0.0,0.0,0.0,0.0,0.0,0.0,0.0,0.0,0.0,0.0,0.0,0.0,0.0,-204.51110839843705,0.0,204.515625,0.0,0.0,0.0,0.0,0.0,0.0,0.0,0.0,0.0,0.0,0.0,0.0,0.0,3403.4270019531255,0.0,123212.4609375,18141.38525390625,-3595.175415039062,0.0,3595.171875,0.0,-51.36990503004131,0.0,3.0055620670318604,0.0,TX
8150746,TX,4835,0.13357193768024445,3,0.0,99152.5849609375,444381.578125,3,0,89638.02734375,0.0,387002.1875,17970.955078125,0.0,0.0,0.0,17970.955078125,-3282.216796875,0.0,3282.1875,0.0,-2131.673828125,0.0,2131.6875,0.0,2332.0,0.0,-2332.0,0.0,0.0,0.0,0.0,0.0,0.0,0.0,0.0,0.0,0.0,0.0,0.0,0.0,-193.75,0.0,193.75,0.0,-9176.5078125,0.0,9176.5,0.0,0.0,0.0,0.0,0.0,0.0,0.0,0.0,0.0,-440.0,0.0,440.0,0.0,0.0,0.0,0.0,0.0,0.0,0.0,0.0,0.0,0.0,0.0,0.0,0.0,0.0,0.0,0.0,0.0,-2944.6953125,0.0,2944.6875,0.0,-1016.4482421875,0.0,1016.46875,0.0,0.0,0.0,0.0,0.0,0.0,0.0,0.0,0.0,0.0,0.0,0.0,0.0,0.0,0.0,0.0,0.0,72784.7353515625,0.0,403855.46875,17970.955078125,-16853.2919921875,0.0,16853.28125,0.0,-18.80149808245707,0.0,4.354828834533691,0.0,TX
8150747,TX,4835,506.14849853515625,2,0.0,25249.2294921875,25249.2294921875,2,0,0.0,0.0,29239.791015625,5320.07958984375,0.0,0.0,0.0,5320.07958984375,0.0,0.0,0.0,0.0,0.0,0.0,0.0,0.0,0.0,0.0,0.0,0.0,0.0,0.0,0.0,0.0,0.0,0.0,0.0,0.0,0.0,0.0,0.0,0.0,0.0,0.0,0.0,0.0,0.0,0.0,0.0,0.0,0.0,0.0,0.0,0.0,0.0,0.0,0.0,0.0,0.0,0.0,0.0,0.0,0.0,0.0,0.0,0.0,0.0,0.0,0.0,0.0,0.0,0.0,0.0,0.0,0.0,0.0,0.0,0.0,0.0,0.0,0.0,0.0,0.0,0.0,0.0,0.0,0.0,0.0,0.0,0.0,0.0,0.0,0.0,0.0,0.0,0.0,0.0,0.0,0.0,0.0,0.0,0.0,0.0,0.0,29239.791015625,5320.07958984375,0.0,0.0,0.0,0.0,0.0,0.0,0.0,0.0,TX
8150748,TX,4835,0.13310281932353973,3,0.0,172231.05712890625,194148.91064453125,3,0,30746.362548828125,0.0,159824.25,1738.4566650390625,0.0,0.0,0.0,1738.4566650390625,-4496.35546875,0.0,4496.359375,0.0,-3432.0,0.0,3432.0,0.0,2332.0,0.0,-2332.0,0.0,0.0,0.0,0.0,0.0,0.0,0.0,0.0,0.0,0.0,0.0,0.0,0.0,-0.89453125,0.0,0.890625,0.0,0.0,0.0,0.0,0.0,0.0,0.0,0.0,0.0,0.0,0.0,0.0,0.0,-33.142578125,0.0,33.15625,0.0,0.0,0.0,0.0,0.0,0.0,0.0,0.0,0.0,0.0,0.0,0.0,0.0,0.0,0.0,0.0,0.0,-708.62109375,0.0,708.625,0.0,0.0,0.0,0.0,0.0,0.0,0.0,0.0,0.0,0.0,0.0,0.0,0.0,0.0,0.0,0.0,0.0,0.0,0.0,0.0,0.0,24407.348876953125,0.0,166163.28125,1738.4566650390625,-6339.013671875,0.0,6339.03125,0.0,-20.61711742912043,0.0,3.9662513732910156,0.0,TX
8150749,TX,4835,125.07389831542969,5,3.0,0.0,0.0,5,0,0.0,0.0,23305.0390625,3392.88671875,19912.1513671875,0.0,0.0,23305.0380859375,0.0,0.0,0.0,0.0,0.0,0.0,0.0,0.0,0.0,0.0,0.0,0.0,0.0,0.0,0.0,0.0,0.0,0.0,0.0,0.0,0.0,0.0,0.0,0.0,0.0,0.0,0.0,0.0,0.0,0.0,0.0,0.0,0.0,0.0,0.0,0.0,0.0,0.0,0.0,0.0,0.0,0.0,0.0,0.0,0.0,0.0,0.0,0.0,0.0,0.0,0.0,0.0,0.0,0.0,0.0,0.0,0.0,0.0,0.0,0.0,0.0,0.0,0.0,0.0,0.0,0.0,0.0,0.0,0.0,0.0,0.0,0.0,0.0,0.0,0.0,0.0,0.0,0.0,0.0,0.0,0.0,0.0,0.0,0.0,0.0,0.0,23305.0390625,23305.0380859375,0.0,0.0,0.0,0.0,0.0,0.0,0.0,0.0,TX
8150750,TX,4835,0.10177331417798996,2,0.0,26916.1015625,469439.65625,2,0,125400.65625,0.0,404876.09375,59510.8046875,0.0,0.0,0.0,59510.8046875,0.0,0.0,0.0,0.0,0.0,0.0,0.0,0.0,0.0,0.0,0.0,0.0,0.0,0.0,0.0,0.0,0.0,0.0,0.0,0.0,0.0,0.0,0.0,0.0,-8540.9609375,0.0,8540.96875,0.0,-35411.40625,0.0,35411.40625,0.0,0.0,0.0,0.0,0.0,0.0,0.0,0.0,0.0,-737.3984375,0.0,737.40625,0.0,0.0,0.0,0.0,0.0,0.0,0.0,0.0,0.0,0.0,0.0,0.0,0.0,0.0,0.0,0.0,0.0,0.0,0.0,0.0,0.0,0.0,0.0,0.0,0.0,0.0,0.0,0.0,0.0,0.0,0.0,0.0,0.0,0.0,0.0,0.0,0.0,0.0,0.0,0.0,0.0,80710.890625,0.0,449565.875,59510.8046875,-44689.765625,0.0,44689.78125,0.0,-35.63758513026123,0.0,11.037890434265137,0.0,TX
8150751,TX,4835,0.1238241046667099,2,0.0,177641.64453125,829990.875,2,0,201197.9375,0.0,615901.75,0.0,0.0,0.0,0.0,0.0,0.0,0.0,0.0,0.0,0.0,0.0,0.0,0.0,0.0,0.0,0.0,0.0,0.0,0.0,0.0,0.0,0.0,0.0,0.0,0.0,0.0,0.0,0.0,0.0,-1400.0,0.0,1400.0,0.0,-31215.875,0.0,31215.875,0.0,0.0,0.0,0.0,0.0,0.0,0.0,0.0,0.0,-580.0,0.0,580.0,0.0,0.0,0.0,0.0,0.0,0.0,0.0,0.0,0.0,0.0,0.0,0.0,0.0,0.0,0.0,0.0,0.0,0.0,0.0,0.0,0.0,0.0,0.0,0.0,0.0,0.0,0.0,0.0,0.0,0.0,0.0,0.0,0.0,0.0,0.0,0.0,0.0,0.0,0.0,0.0,0.0,168002.0625,0.0,649097.625,0.0,-33195.875,0.0,33195.875,0.0,-16.499112969286774,0.0,5.389800071716309,0.0,TX
8150752,TX,4835,0.08249575644731522,3,1.0,161147.8828125,288431.15625,3,0,55117.11328125,0.0,264475.625,39915.8359375,0.0,0.0,0.0,39915.8359375,-2716.75,0.0,2716.75,0.0,0.0,0.0,0.0,0.0,0.0,0.0,0.0,0.0,0.0,0.0,0.0,0.0,-2200.0,0.0,2200.0,0.0,0.0,0.0,0.0,0.0,-5823.03125,0.0,5823.0625,0.0,-5802.8203125,0.0,5802.8125,0.0,0.0,0.0,0.0,0.0,0.0,0.0,0.0,0.0,-218.65234375,0.0,218.625,0.0,0.0,0.0,0.0,0.0,0.0,0.0,0.0,0.0,0.0,0.0,0.0,0.0,0.0,0.0,0.0,0.0,0.0,0.0,0.0,0.0,-886.59375,0.0,886.625,0.0,0.0,0.0,0.0,0.0,0.0,0.0,0.0,0.0,0.0,0.0,0.0,0.0,0.0,0.0,0.0,0.0,37469.265625,0.0,282123.5,39915.8359375,-17647.84765625,0.0,17647.875,0.0,-32.01881703455164,0.0,6.672779560089111,0.0,TX
8150753,TX,4835,0.1078837439417839,5,2.0,112079.970703125,540734.4453125,5,0,127530.087890625,0.0,396160.5625,0.0,0.0,0.0,0.0,0.0,-1136.2099609375,0.0,1136.21875,0.0,-936.0,0.0,936.0,0.0,636.0,0.0,-636.0,0.0,0.0,0.0,0.0,0.0,0.0,0.0,0.0,0.0,0.0,0.0,0.0,0.0,-18726.4296875,0.0,18726.4375,0.0,-23545.25,0.0,23545.25,0.0,0.0,0.0,0.0,0.0,0.0,0.0,0.0,0.0,-720.28125,0.0,720.28125,0.0,0.0,0.0,0.0,0.0,0.0,0.0,0.0,0.0,0.0,0.0,0.0,0.0,0.0,0.0,0.0,0.0,0.0,0.0,0.0,0.0,0.0,0.0,0.0,0.0,0.0,0.0,0.0,0.0,0.0,0.0,0.0,0.0,0.0,0.0,0.0,0.0,0.0,0.0,0.0,0.0,83101.9169921875,0.0,440588.75,0.0,-44428.1708984375,0.0,44428.1875,0.0,-34.83740318327147,0.0,11.214692115783691,0.0,TX
8150754,TX,4835,0.15612176060676575,2,0.0,84852.3984375,121750.046875,2,0,12095.8017578125,0.0,157727.953125,39563.7890625,0.0,0.0,0.0,39563.7890625,-1943.16015625,0.0,1943.171875,0.0,-1872.0,0.0,1872.0,0.0,1272.0,0.0,-1272.0,0.0,0.0,0.0,0.0,0.0,0.0,0.0,0.0,0.0,0.0,0.0,0.0,0.0,-17.6982421875,0.0,17.6875,0.0,0.0,0.0,0.0,0.0,0.0,0.0,0.0,0.0,0.0,0.0,0.0,0.0,-240.0,0.0,240.0,0.0,0.0,0.0,0.0,0.0,0.0,0.0,0.0,0.0,0.0,0.0,0.0,0.0,-2881.43896484375,0.0,2881.4375,0.0,0.0,0.0,0.0,0.0,-720.00048828125,0.0,720.0,0.0,0.0,0.0,0.0,0.0,0.0,0.0,0.0,0.0,0.0,0.0,0.0,0.0,0.0,0.0,0.0,0.0,5693.50390625,0.0,164130.25,39563.7890625,-6402.2978515625,0.0,6402.296875,0.0,-52.92991717086757,0.0,4.059075355529785,0.0,TX
8150755,TX,4835,0.13288940489292145,6,1.0,530112.07421875,730240.037109375,6,0,164177.86853027344,0.0,640678.375,38386.6484375,0.0,12652.939453125,0.0,51039.587890625,-2452.800048828125,0.0,2452.8125,0.0,-3432.000030517578,0.0,3432.0,0.0,2332.000030517578,0.0,-2332.0,0.0,0.0,0.0,0.0,0.0,0.0,0.0,0.0,0.0,0.0,0.0,0.0,0.0,-1400.0,0.0,1400.0,0.0,-32494.125,0.0,32494.125,0.0,0.0,0.0,0.0,0.0,0.0,0.0,0.0,0.0,-640.0,0.0,640.0,0.0,0.0,0.0,0.0,0.0,0.0,0.0,0.0,0.0,0.0,0.0,0.0,0.0,0.0,0.0,0.0,0.0,0.0,0.0,0.0,0.0,-600.0000228881836,0.0,600.0,0.0,-203.5494155883789,0.0,203.5625,0.0,0.0,0.0,0.0,0.0,0.0,0.0,0.0,0.0,0.0,0.0,0.0,0.0,125287.39404296875,0.0,679568.875,51039.587890625,-38890.47448730469,0.0,38890.5,0.0,-23.688012784825204,0.0,6.070206165313721,0.0,TX
8150756,TX,4835,0.11436332762241364,5,3.0,122498.421875,305444.125,5,0,58408.88671875,0.0,204637.671875,0.0,0.0,0.0,0.0,0.0,0.0,0.0,0.0,0.0,0.0,0.0,0.0,0.0,-0.01171875,0.0,0.015625,0.0,0.0,0.0,0.0,0.0,-6600.0,0.0,6600.0,0.0,0.0,0.0,0.0,0.0,-13097.2890625,0.0,13097.28125,0.0,-2520.03125,0.0,2520.03125,0.0,0.0,0.0,0.0,0.0,0.0,0.0,0.0,0.0,-480.0,0.0,480.0,0.0,0.0,0.0,0.0,0.0,0.0,0.0,0.0,0.0,0.0,0.0,0.0,0.0,0.0,0.0,0.0,0.0,0.0,0.0,0.0,0.0,0.0,0.0,0.0,0.0,0.0,0.0,0.0,0.0,0.0,0.0,0.0,0.0,0.0,0.0,0.0,0.0,0.0,0.0,0.0,0.0,35711.5546875,0.0,227335.0,0.0,-22697.33203125,0.0,22697.328125,0.0,-38.85938134815343,0.0,11.091470718383789,0.0,TX
8150757,TX,4835,0.1284080594778061,2,0.0,299242.78125,1150018.0,2,0,280982.0625,0.0,864838.625,0.0,0.0,0.0,0.0,0.0,-25924.40625,0.0,25924.375,0.0,0.0,0.0,0.0,0.0,0.0,0.0,0.0,0.0,0.0,0.0,0.0,0.0,0.0,0.0,0.0,0.0,0.0,0.0,0.0,0.0,-38289.34375,0.0,38289.375,0.0,-2838.8125,0.0,2838.8125,0.0,0.0,0.0,0.0,0.0,0.0,0.0,0.0,0.0,0.0,0.0,0.0,0.0,-7812.21875,0.0,7812.1875,0.0,0.0,0.0,0.0,0.0,0.0,0.0,0.0,0.0,0.0,0.0,0.0,0.0,0.0,0.0,0.0,0.0,0.0,0.0,0.0,0.0,0.0,0.0,0.0,0.0,0.0,0.0,0.0,0.0,0.0,0.0,0.0,0.0,0.0,0.0,0.0,0.0,206117.28125,0.0,939703.375,0.0,-74864.78125,0.0,74864.75,0.0,-26.6439717126071,0.0,8.656499862670898,0.0,TX
8150758,TX,4835,0.22065798938274384,4,2.0,4202.5028076171875,4206.05078125,4,0,-2232.842529296875,0.0,28888.23046875,2261.924560546875,19912.1513671875,0.0,0.0,22174.075927734375,0.0,0.0,0.0,0.0,0.0,0.0,0.0,0.0,0.0,0.0,0.0,0.0,0.0,0.0,0.0,0.0,-75.0,0.0,75.0,0.0,0.0,0.0,0.0,0.0,0.0,0.0,0.0,0.0,0.0,0.0,0.0,0.0,0.0,0.0,0.0,0.0,0.0,0.0,0.0,0.0,0.0,0.0,0.0,0.0,0.0,0.0,0.0,0.0,0.0,0.0,0.0,0.0,0.0,0.0,0.0,0.0,0.0,0.0,0.0,0.0,0.0,0.0,0.0,0.0,0.0,0.0,0.0,0.0,0.0,0.0,0.0,0.0,0.0,0.0,0.0,0.0,0.0,0.0,0.0,0.0,0.0,0.0,0.0,0.0,-2307.842529296875,0.0,28963.23046875,22174.075927734375,-75.0,0.0,75.0,0.0,-3.358947127526167,0.0,0.2596212923526764,0.0,TX
8150759,TX,4835,0.111236073076725,4,2.0,588507.20703125,908935.3125,4,0,247912.65625,0.0,638316.0625,0.0,0.0,0.0,0.0,0.0,-22833.28125,0.0,22833.25,0.0,0.0,0.0,0.0,0.0,0.0,0.0,0.0,0.0,0.0,0.0,0.0,0.0,0.0,0.0,0.0,0.0,0.0,0.0,0.0,0.0,-1400.0,0.0,1400.0,0.0,-1616.5625,0.0,1616.5625,0.0,0.0,0.0,0.0,0.0,0.0,0.0,0.0,0.0,0.0,0.0,0.0,0.0,-5261.40625,0.0,5261.4375,0.0,0.0,0.0,0.0,0.0,0.0,0.0,0.0,0.0,0.0,0.0,0.0,0.0,0.0,0.0,0.0,0.0,0.0,0.0,0.0,0.0,0.0,0.0,0.0,0.0,0.0,0.0,0.0,0.0,0.0,0.0,0.0,0.0,0.0,0.0,0.0,0.0,216801.40625,0.0,669427.3125,0.0,-31111.25,0.0,31111.25,0.0,-12.549278633288816,0.0,4.87395715713501,0.0,TX
8150760,TX,4835,0.12488290667533875,1,0.0,138386.125,511002.875,1,0,138170.0,0.0,384170.0625,0.0,0.0,0.0,0.0,0.0,-618.25,0.0,618.25,0.0,-2730.0,0.0,2730.0,0.0,0.0,0.0,0.0,0.0,0.0,0.0,0.0,0.0,0.0,0.0,0.0,0.0,0.0,0.0,0.0,0.0,-17705.6171875,0.0,17705.625,0.0,-3599.6015625,0.0,3599.59375,0.0,0.0,0.0,0.0,0.0,0.0,0.0,0.0,0.0,-350.0,0.0,350.0,0.0,0.0,0.0,0.0,0.0,0.0,0.0,0.0,0.0,0.0,0.0,0.0,0.0,0.0,0.0,0.0,0.0,0.0,0.0,0.0,0.0,0.0,0.0,0.0,0.0,0.0,0.0,0.0,0.0,0.0,0.0,0.0,0.0,0.0,0.0,0.0,0.0,0.0,0.0,0.0,0.0,113166.53125,0.0,409173.53125,0.0,-25003.46875,0.0,25003.46875,0.0,-18.096163240935077,0.0,6.508437633514404,0.0,TX
8150761,TX,4835,221.43455505371094,2,0.0,21655.15234375,83541.375,2,0,6741.2060546875,0.0,182511.15625,71359.5625,0.0,0.0,0.0,71359.5625,-872.2412109375,0.0,872.25,0.0,-1871.999755859375,0.0,1872.0,0.0,1271.999755859375,0.0,-1272.0,0.0,0.0,0.0,0.0,0.0,0.0,0.0,0.0,0.0,0.0,0.0,0.0,0.0,0.0,0.0,0.0,0.0,0.0,0.0,0.0,0.0,0.0,0.0,0.0,0.0,0.0,0.0,0.0,0.0,-240.0,0.0,240.0,0.0,0.0,0.0,0.0,0.0,0.0,0.0,0.0,0.0,0.0,0.0,0.0,0.0,0.0,0.0,0.0,0.0,0.0,0.0,0.0,0.0,-1439.999755859375,0.0,1440.0,0.0,0.0,0.0,0.0,0.0,0.0,0.0,0.0,0.0,0.0,0.0,0.0,0.0,0.0,0.0,0.0,0.0,3588.965087890625,0.0,185663.40625,71359.5625,-3152.240966796875,0.0,3152.25,0.0,-46.7607864412476,0.0,1.7271546125411987,0.0,TX
8150762,TX,4835,0.10968778282403946,5,1.0,742777.23046875,1095649.431640625,5,0,309159.1423339844,0.0,828091.1875,24391.80078125,0.0,9506.654296875,0.0,33898.455078125,-28723.28466796875,0.0,28723.3125,0.0,-6708.0,0.0,6708.0,0.0,636.0,0.0,-636.0,0.0,0.0,0.0,0.0,0.0,0.0,0.0,0.0,0.0,0.0,0.0,0.0,0.0,-450.2550048828125,0.0,450.25,0.0,0.0,0.0,0.0,0.0,0.0,0.0,0.0,0.0,0.0,0.0,0.0,0.0,-860.0,0.0,860.0,0.0,0.0,0.0,0.0,0.0,0.0,0.0,0.0,0.0,0.0,0.0,0.0,0.0,0.0,0.0,0.0,0.0,0.0,0.0,0.0,0.0,0.0,0.0,0.0,0.0,0.0,0.0,0.0,0.0,0.0,0.0,0.0,0.0,0.0,0.0,0.0,0.0,0.0,0.0,0.0,0.0,273053.6026611328,0.0,864196.75,33898.455078125,-36105.53967285156,0.0,36105.5625,0.0,-11.67862590129933,0.0,4.360095024108887,0.0,TX
8150763,TX,4835,0.12766477465629578,2,0.0,244691.703125,574869.875,1,1,127930.109375,0.0,441131.65625,0.0,0.0,0.0,0.0,0.0,0.0,0.0,0.0,0.0,0.0,0.0,0.0,0.0,0.0,0.0,0.0,0.0,0.0,0.0,0.0,0.0,0.0,0.0,0.0,0.0,0.0,0.0,0.0,0.0,0.0,0.0,0.0,0.0,-29588.8125,0.0,29588.8125,0.0,0.0,0.0,0.0,0.0,0.0,0.0,0.0,0.0,-480.0,0.0,480.0,0.0,0.0,0.0,0.0,0.0,0.0,0.0,0.0,0.0,0.0,0.0,0.0,0.0,0.0,0.0,0.0,0.0,0.0,0.0,0.0,0.0,0.0,0.0,0.0,0.0,0.0,0.0,0.0,0.0,0.0,0.0,0.0,0.0,0.0,0.0,0.0,0.0,0.0,0.0,0.0,0.0,97861.296875,0.0,471200.46875,0.0,-30068.8125,0.0,30068.8125,0.0,-23.504093482684087,0.0,6.81628942489624,0.0,TX
8150764,TX,4835,0.11176985502243042,2,0.0,305682.93359375,1153456.5,2,0,306262.5625,0.0,623547.0,0.0,0.0,0.0,0.0,0.0,-30318.59375,0.0,30318.625,0.0,0.0,0.0,0.0,0.0,0.0,0.0,0.0,0.0,0.0,0.0,0.0,0.0,0.0,0.0,0.0,0.0,0.0,0.0,0.0,0.0,-43346.0,0.0,43346.0,0.0,-132.390625,0.0,132.375,0.0,0.0,0.0,0.0,0.0,0.0,0.0,0.0,0.0,0.0,0.0,0.0,0.0,-8276.203125,0.0,8276.1875,0.0,0.0,0.0,0.0,0.0,0.0,0.0,0.0,0.0,0.0,0.0,0.0,0.0,0.0,0.0,0.0,0.0,0.0,0.0,0.0,0.0,0.0,0.0,0.0,0.0,0.0,0.0,0.0,0.0,0.0,0.0,0.0,0.0,0.0,0.0,0.0,0.0,224189.375,0.0,705620.1875,0.0,-82073.1875,0.0,82073.1875,0.0,-26.79830888569673,0.0,13.162310600280762,0.0,TX
8150765,TX,4835,0.11850088834762573,4,2.0,906478.9375,973776.75,4,0,304004.4375,0.0,648114.125,0.0,0.0,0.0,0.0,0.0,-30896.5,0.0,30896.5,0.0,-5772.03125,0.0,5772.0625,0.0,0.0,0.0,0.0,0.0,0.0,0.0,0.0,0.0,0.0,0.0,0.0,0.0,0.0,0.0,0.0,0.0,-1850.0,0.0,1850.0,0.0,0.0,0.0,0.0,0.0,0.0,0.0,0.0,0.0,0.0,0.0,0.0,0.0,0.0,0.0,0.0,0.0,0.0,0.0,0.0,0.0,0.0,0.0,0.0,0.0,0.0,0.0,0.0,0.0,0.0,0.0,0.0,0.0,0.0,0.0,0.0,0.0,0.0,0.0,0.0,0.0,0.0,0.0,0.0,0.0,0.0,0.0,0.0,0.0,0.0,0.0,0.0,0.0,0.0,0.0,0.0,0.0,265485.90625,0.0,686632.6875,0.0,-38518.53125,0.0,38518.5625,0.0,-12.670384540028302,0.0,5.943175792694092,0.0,TX
8150766,TX,4835,0.13355764746665955,3,0.0,272426.6796875,686487.8046875,3,0,137904.244140625,0.0,530861.125,2705.33642578125,0.0,0.0,0.0,2705.33642578125,-3134.5087890625,0.0,3134.5625,0.0,-2178.3916015625,0.0,2178.375,0.0,2006.84375,0.0,-2006.8125,0.0,0.0,0.0,0.0,0.0,0.0,0.0,0.0,0.0,0.0,0.0,0.0,0.0,-1300.0,0.0,1300.0,0.0,-15556.484375,0.0,15556.4375,0.0,0.0,0.0,0.0,0.0,0.0,0.0,0.0,0.0,-540.0,0.0,540.0,0.0,0.0,0.0,0.0,0.0,0.0,0.0,0.0,0.0,0.0,0.0,0.0,0.0,0.0,0.0,0.0,0.0,0.0,0.0,0.0,0.0,0.0,0.0,0.0,0.0,-244.1337890625,0.0,244.1875,0.0,0.0,0.0,0.0,0.0,0.0,0.0,0.0,0.0,0.0,0.0,0.0,0.0,116957.5693359375,0.0,551807.875,2705.33642578125,-20946.6748046875,0.0,20946.75,0.0,-15.18928944879141,0.0,3.945805788040161,0.0,TX
8150767,TX,4835,4.600025653839111,1,0.0,0.0,0.0,1,0,0.0,0.0,42140.09375,21378.888671875,0.0,0.0,0.0,21378.888671875,0.0,0.0,0.0,0.0,0.0,0.0,0.0,0.0,0.0,0.0,0.0,0.0,0.0,0.0,0.0,0.0,0.0,0.0,0.0,0.0,0.0,0.0,0.0,0.0,0.0,0.0,0.0,0.0,0.0,0.0,0.0,0.0,0.0,0.0,0.0,0.0,0.0,0.0,0.0,0.0,0.0,0.0,0.0,0.0,0.0,0.0,0.0,0.0,0.0,0.0,0.0,0.0,0.0,0.0,0.0,0.0,0.0,0.0,0.0,0.0,0.0,0.0,0.0,0.0,0.0,0.0,0.0,0.0,0.0,0.0,0.0,0.0,0.0,0.0,0.0,0.0,0.0,0.0,0.0,0.0,0.0,0.0,0.0,0.0,0.0,0.0,42140.09375,21378.888671875,0.0,0.0,0.0,0.0,0.0,0.0,0.0,0.0,TX
8150768,TX,4835,0.14367608726024628,4,2.0,127344.216796875,204251.59375,4,0,30533.11328125,0.0,167962.65625,0.0,0.0,0.0,0.0,0.0,-4493.111328125,0.0,4493.09375,0.0,-1487.853515625,0.0,1487.859375,0.0,2719.853515625,0.0,-2719.859375,0.0,0.0,0.0,0.0,0.0,-4400.0,0.0,4400.015625,0.0,0.0,0.0,0.0,0.0,-3569.025390625,0.0,3569.015625,0.0,0.0,0.0,0.0,0.0,0.0,0.0,0.0,0.0,0.0,0.0,0.0,0.0,-440.0,0.0,440.0,0.0,0.0,0.0,0.0,0.0,0.0,0.0,0.0,0.0,0.0,0.0,0.0,0.0,0.0,0.0,0.0,0.0,0.0,0.0,0.0,0.0,0.0,0.0,0.0,0.0,-46.328125,0.0,46.328125,0.0,0.0,0.0,0.0,0.0,0.0,0.0,0.0,0.0,0.0,0.0,0.0,0.0,18816.6484375,0.0,179679.109375,0.0,-11716.46484375,0.0,11716.453125,0.0,-38.372978005308525,0.0,6.975629806518555,0.0,TX
8150769,TX,4835,214.73187255859375,1,0.0,8695.283203125,8695.283203125,1,0,0.0,0.0,11851.2646484375,3596.039794921875,0.0,0.0,0.0,3596.039794921875,0.0,0.0,0.0,0.0,0.0,0.0,0.0,0.0,0.0,0.0,0.0,0.0,0.0,0.0,0.0,0.0,0.0,0.0,0.0,0.0,0.0,0.0,0.0,0.0,0.0,0.0,0.0,0.0,0.0,0.0,0.0,0.0,0.0,0.0,0.0,0.0,0.0,0.0,0.0,0.0,0.0,0.0,0.0,0.0,0.0,0.0,0.0,0.0,0.0,0.0,0.0,0.0,0.0,0.0,0.0,0.0,0.0,0.0,0.0,0.0,0.0,0.0,0.0,0.0,0.0,0.0,0.0,0.0,0.0,0.0,0.0,0.0,0.0,0.0,0.0,0.0,0.0,0.0,0.0,0.0,0.0,0.0,0.0,0.0,0.0,0.0,11851.2646484375,3596.039794921875,0.0,0.0,0.0,0.0,0.0,0.0,0.0,0.0,TX
8150770,TX,4835,0.3077998161315918,5,3.0,33151.19921875,33151.19921875,5,0,-3335.34814453125,0.0,66441.4921875,2006.5458984375,4137.51025390625,0.0,0.0,6144.05615234375,0.0,0.0,0.0,0.0,0.0,0.0,0.0,0.0,0.0,0.0,0.0,0.0,0.0,0.0,0.0,0.0,-1400.0,0.0,1400.0078125,0.0,0.0,0.0,0.0,0.0,0.0,0.0,0.0,0.0,0.0,0.0,0.0,0.0,0.0,0.0,0.0,0.0,0.0,0.0,0.0,0.0,0.0,0.0,0.0,0.0,0.0,0.0,0.0,0.0,0.0,0.0,0.0,0.0,0.0,0.0,0.0,0.0,0.0,0.0,0.0,0.0,0.0,0.0,0.0,0.0,0.0,0.0,0.0,0.0,0.0,0.0,0.0,0.0,0.0,0.0,0.0,0.0,0.0,0.0,0.0,0.0,0.0,0.0,0.0,0.0,-4735.34814453125,0.0,67841.5,6144.05615234375,-1400.0,0.0,1400.0078125,0.0,-41.974628714411345,0.0,2.107128858566284,0.0,TX
8150771,TX,4835,0.11302491277456284,1,0.0,163481.3125,156083.15625,1,0,33122.58984375,0.0,126842.1484375,0.0,0.0,0.0,0.0,0.0,-14.02734375,0.0,14.0234375,0.0,0.0,0.0,0.0,0.0,0.0,0.0,0.0,0.0,0.0,0.0,0.0,0.0,0.0,0.0,0.0,0.0,0.0,0.0,0.0,0.0,0.0,0.0,0.0,0.0,-6792.4453125,0.0,6792.453125,0.0,0.0,0.0,0.0,0.0,0.0,0.0,0.0,0.0,0.0,0.0,0.0,0.0,0.0,0.0,0.0,0.0,0.0,0.0,0.0,0.0,0.0,0.0,0.0,0.0,0.0,0.0,0.0,0.0,0.0,0.0,0.0,0.0,0.0,0.0,0.0,0.0,0.0,0.0,0.0,0.0,0.0,0.0,0.0,0.0,0.0,0.0,0.0,0.0,0.0,0.0,0.0,0.0,26316.1171875,0.0,133648.625,0.0,-6806.47265625,0.0,6806.4765625,0.0,-20.54933713927063,0.0,5.366099834442139,0.0,TX
8150772,TX,4835,0.11633894592523575,4,2.0,265452.6953125,465708.5625,4,0,109222.7890625,0.0,93493.140625,0.0,0.0,0.0,0.0,0.0,0.0,0.0,0.0,0.0,0.0,0.0,0.0,0.0,0.0,0.0,0.0,0.0,0.0,0.0,0.0,0.0,-1100.0,0.0,1100.0,0.0,0.0,0.0,0.0,0.0,-8201.078125,0.0,8201.078125,0.0,-22788.5078125,0.0,22788.5,0.0,0.0,0.0,0.0,0.0,0.0,0.0,0.0,0.0,0.0,0.0,0.0,0.0,-445.765625,0.0,445.765625,0.0,0.0,0.0,0.0,0.0,0.0,0.0,0.0,0.0,0.0,0.0,0.0,0.0,0.0,0.0,0.0,0.0,0.0,0.0,0.0,0.0,0.0,0.0,0.0,0.0,0.0,0.0,0.0,0.0,0.0,0.0,0.0,0.0,0.0,0.0,0.0,0.0,76687.4375,0.0,126028.484375,0.0,-32535.3515625,0.0,32535.34375,0.0,-29.78806148585206,0.0,34.799713134765625,0.0,TX
8150773,TX,4835,249.30615234375,1,0.0,0.0,544.472900390625,1,0,0.0,0.0,15542.6494140625,3596.039794921875,0.0,0.0,0.0,3596.039794921875,0.0,0.0,0.0,0.0,0.0,0.0,0.0,0.0,0.0,0.0,0.0,0.0,0.0,0.0,0.0,0.0,0.0,0.0,0.0,0.0,0.0,0.0,0.0,0.0,0.0,0.0,0.0,0.0,0.0,0.0,0.0,0.0,0.0,0.0,0.0,0.0,0.0,0.0,0.0,0.0,0.0,0.0,0.0,0.0,0.0,0.0,0.0,0.0,0.0,0.0,0.0,0.0,0.0,0.0,0.0,0.0,0.0,0.0,0.0,0.0,0.0,0.0,0.0,0.0,0.0,0.0,0.0,0.0,0.0,0.0,0.0,0.0,0.0,0.0,0.0,0.0,0.0,0.0,0.0,0.0,0.0,0.0,0.0,0.0,0.0,0.0,15542.6494140625,3596.039794921875,0.0,0.0,0.0,0.0,0.0,0.0,0.0,0.0,TX
8150774,TX,4835,0.16652235388755798,2,0.0,25354.998046875,50748.0,2,0,0.0,0.0,75080.734375,6049.22705078125,20223.16015625,0.0,0.0,26272.38720703125,0.0,0.0,0.0,0.0,0.0,0.0,0.0,0.0,0.0,0.0,0.0,0.0,0.0,0.0,0.0,0.0,0.0,0.0,0.0,0.0,0.0,0.0,0.0,0.0,0.0,0.0,0.0,0.0,0.0,0.0,0.0,0.0,0.0,0.0,0.0,0.0,0.0,0.0,0.0,0.0,0.0,0.0,0.0,0.0,0.0,0.0,0.0,0.0,0.0,0.0,0.0,0.0,0.0,0.0,0.0,0.0,0.0,0.0,0.0,0.0,0.0,0.0,0.0,0.0,0.0,0.0,0.0,0.0,0.0,0.0,0.0,0.0,0.0,0.0,0.0,0.0,0.0,0.0,0.0,0.0,0.0,0.0,0.0,0.0,0.0,0.0,75080.734375,26272.38720703125,0.0,0.0,0.0,0.0,0.0,0.0,0.0,0.0,TX
8150775,TX,4835,222.95301818847656,1,0.0,0.0,50930.87109375,1,0,4684.630859375,0.0,74238.6796875,21580.841796875,0.0,0.0,0.0,21580.841796875,-698.92626953125,0.0,698.9296875,0.0,-936.0,0.0,936.0,0.0,636.0,0.0,-636.0,0.0,0.0,0.0,0.0,0.0,0.0,0.0,0.0,0.0,0.0,0.0,0.0,0.0,0.0,0.0,0.0,0.0,0.0,0.0,0.0,0.0,0.0,0.0,0.0,0.0,0.0,0.0,0.0,0.0,0.0,0.0,0.0,0.0,0.0,0.0,0.0,0.0,0.0,0.0,0.0,0.0,0.0,0.0,0.0,0.0,0.0,0.0,0.0,0.0,0.0,0.0,0.0,0.0,-720.0,0.0,720.0,0.0,0.0,0.0,0.0,0.0,0.0,0.0,0.0,0.0,0.0,0.0,0.0,0.0,0.0,0.0,0.0,0.0,2965.70458984375,0.0,75957.609375,21580.841796875,-1718.92626953125,0.0,1718.9296875,0.0,-36.69288618742055,0.0,2.3154098987579346,0.0,TX
8150776,TX,4835,0.41226062178611755,2,0.0,72472.8203125,72633.515625,2,0,2168.65673828125,0.0,94405.734375,0.0,0.0,0.0,0.0,0.0,0.0,0.0,0.0,0.0,0.0,0.0,0.0,0.0,1249.731201171875,0.0,-1249.734375,0.0,0.0,0.0,0.0,0.0,0.0,0.0,0.0,0.0,0.0,0.0,0.0,0.0,-0.0234375,0.0,0.03125,0.0,0.0,0.0,0.0,0.0,0.0,0.0,0.0,0.0,0.0,0.0,0.0,0.0,0.0,0.0,0.0,0.0,0.0,0.0,0.0,0.0,0.0,0.0,0.0,0.0,0.0,0.0,0.0,0.0,0.0,0.0,0.0,0.0,0.0,0.0,0.0,0.0,0.0,0.0,0.0,0.0,-139.61376953125,0.0,139.609375,0.0,0.0,0.0,0.0,0.0,0.0,0.0,0.0,0.0,0.0,0.0,0.0,0.0,3278.750732421875,0.0,93295.640625,0.0,1110.093994140625,0.0,-1110.09375,0.0,51.18809143674902,0.0,-1.1758753061294556,0.0,TX
8150777,TX,4835,0.2316187024116516,2,0.0,0.0,35883.5859375,2,0,538.3585815429688,0.0,158353.828125,69211.28125,0.0,0.0,0.0,69211.28125,0.0,0.0,0.0,0.0,-538.3585815429688,0.0,538.359375,0.0,38.35859298706055,0.0,-38.359375,0.0,0.0,0.0,0.0,0.0,0.0,0.0,0.0,0.0,0.0,0.0,0.0,0.0,0.0,0.0,0.0,0.0,0.0,0.0,0.0,0.0,0.0,0.0,0.0,0.0,0.0,0.0,0.0,0.0,0.0,0.0,0.0,0.0,0.0,0.0,0.0,0.0,0.0,0.0,0.0,0.0,0.0,0.0,0.0,0.0,0.0,0.0,0.0,0.0,0.0,0.0,0.0,0.0,-38.35859298706055,0.0,38.359375,0.0,0.0,0.0,0.0,0.0,0.0,0.0,0.0,0.0,0.0,0.0,0.0,0.0,0.0,0.0,0.0,0.0,0.0,0.0,158892.1875,69211.28125,-538.3585815429688,0.0,538.359375,0.0,-100.0,0.0,0.33997243642807007,0.0,TX
8150778,TX,4835,0.4640882909297943,4,2.0,23564.33837890625,23567.078125,4,0,-9316.0,0.0,61880.37109375,20116.755859375,8275.0205078125,0.0,0.0,28391.7763671875,0.0,0.0,0.0,0.0,0.0,0.0,0.0,0.0,0.0,0.0,0.0,0.0,0.0,0.0,0.0,0.0,-1400.0,0.0,1400.0,0.0,0.0,0.0,0.0,0.0,0.0,0.0,0.0,0.0,0.0,0.0,0.0,0.0,0.0,0.0,0.0,0.0,0.0,0.0,0.0,0.0,0.0,0.0,0.0,0.0,0.0,0.0,0.0,0.0,0.0,0.0,0.0,0.0,0.0,0.0,0.0,0.0,0.0,0.0,0.0,0.0,0.0,0.0,0.0,0.0,0.0,0.0,0.0,0.0,0.0,0.0,0.0,0.0,0.0,0.0,0.0,0.0,0.0,0.0,0.0,0.0,0.0,0.0,0.0,0.0,-10716.0,0.0,63280.37109375,28391.7763671875,-1400.0,0.0,1400.0,0.0,-15.0279089738085,0.0,2.26242995262146,0.0,TX
8150779,TX,4835,0.09910205751657486,2,0.0,6276.4287109375,57016.4375,2,0,2762.465576171875,0.0,87415.421875,23528.56640625,0.0,0.0,0.0,23528.56640625,-76.4931640625,0.0,76.4921875,0.0,-1594.32861328125,0.0,1594.328125,0.0,1060.0,0.0,-1060.0,0.0,0.0,0.0,0.0,0.0,0.0,0.0,0.0,0.0,0.0,0.0,0.0,0.0,0.0,0.0,0.0,0.0,0.0,0.0,0.0,0.0,0.0,0.0,0.0,0.0,0.0,0.0,0.0,0.0,0.0,0.0,0.0,0.0,0.0,0.0,0.0,0.0,0.0,0.0,0.0,0.0,0.0,0.0,0.0,0.0,0.0,0.0,0.0,0.0,0.0,0.0,0.0,0.0,-1200.0000610351562,0.0,1200.0,0.0,0.0,0.0,0.0,0.0,0.0,0.0,0.0,0.0,0.0,0.0,0.0,0.0,0.0,0.0,0.0,0.0,951.6437377929688,0.0,89226.2421875,23528.56640625,-1810.8218383789062,0.0,1810.8203125,0.0,-65.55092863413262,0.0,2.0715112686157227,0.0,TX
8150780,TX,4835,165.4036865234375,1,0.0,8272.4091796875,8272.4091796875,1,0,0.0,0.0,10709.1103515625,3069.53955078125,0.0,0.0,0.0,3069.53955078125,0.0,0.0,0.0,0.0,0.0,0.0,0.0,0.0,0.0,0.0,0.0,0.0,0.0,0.0,0.0,0.0,0.0,0.0,0.0,0.0,0.0,0.0,0.0,0.0,0.0,0.0,0.0,0.0,0.0,0.0,0.0,0.0,0.0,0.0,0.0,0.0,0.0,0.0,0.0,0.0,0.0,0.0,0.0,0.0,0.0,0.0,0.0,0.0,0.0,0.0,0.0,0.0,0.0,0.0,0.0,0.0,0.0,0.0,0.0,0.0,0.0,0.0,0.0,0.0,0.0,0.0,0.0,0.0,0.0,0.0,0.0,0.0,0.0,0.0,0.0,0.0,0.0,0.0,0.0,0.0,0.0,0.0,0.0,0.0,0.0,0.0,10709.1103515625,3069.53955078125,0.0,0.0,0.0,0.0,0.0,0.0,0.0,0.0,TX
8150781,TX,4835,0.10593777149915695,2,0.0,139405.2421875,164271.765625,2,0,23061.81640625,0.0,128770.9921875,0.0,0.0,0.0,0.0,0.0,-3573.81640625,0.0,3573.8203125,0.0,-3431.9970703125,0.0,3432.0,0.0,2331.9990234375,0.0,-2332.0,0.0,0.0,0.0,0.0,0.0,0.0,0.0,0.0,0.0,0.0,0.0,0.0,0.0,-1100.0,0.0,1100.0,0.0,0.0,0.0,0.0,0.0,0.0,0.0,0.0,0.0,0.0,0.0,0.0,0.0,-440.0,0.0,440.0,0.0,0.0,0.0,0.0,0.0,0.0,0.0,0.0,0.0,0.0,0.0,0.0,0.0,0.0,0.0,0.0,0.0,0.0,0.0,0.0,0.0,0.0,0.0,0.0,0.0,-92.025390625,0.0,92.015625,0.0,0.0,0.0,0.0,0.0,0.0,0.0,0.0,0.0,0.0,0.0,0.0,0.0,16755.9765625,0.0,135076.828125,0.0,-6305.83984375,0.0,6305.8359375,0.0,-27.343205464254105,0.0,4.896937847137451,0.0,TX
8150782,TX,4835,0.16109611093997955,3,0.0,156955.1728515625,650289.2666015625,3,0,155542.92846679688,0.0,523139.6875,20468.01171875,0.0,0.0,0.0,20468.01171875,-3082.208984375,0.0,3082.1875,0.0,-1716.0,0.0,1716.0,0.0,1166.0,0.0,-1166.0,0.0,0.0,0.0,0.0,0.0,0.0,0.0,0.0,0.0,0.0,0.0,0.0,0.0,-22539.484375,0.0,22539.5,0.0,-710.65625,0.0,710.6875,0.0,0.0,0.0,0.0,0.0,0.0,0.0,0.0,0.0,0.0,0.0,0.0,0.0,-2082.546875,0.0,2082.5625,0.0,0.0,0.0,0.0,0.0,0.0,0.0,0.0,0.0,0.0,0.0,0.0,0.0,0.0,0.0,0.0,0.0,-1009.3359375,0.0,1009.3125,0.0,0.0,0.0,0.0,0.0,0.0,0.0,0.0,0.0,0.0,0.0,0.0,0.0,0.0,0.0,0.0,0.0,125568.69604492188,0.0,553113.9375,20468.01171875,-29974.232421875,0.0,29974.25,0.0,-19.270713697713028,0.0,5.729683876037598,0.0,TX
8150783,TX,4835,0.16078492999076843,7,1.0,335687.3928375244,704381.0411987305,7,0,150701.29428863522,0.0,99506.96875,48496.7265625,20223.16015625,0.0,0.0,68719.88671875,-4329.251953124971,0.0,4329.25,0.0,-4613.8369140625,0.0,4613.828125,0.0,2963.8369140625,0.0,-2963.828125,0.0,0.0,0.0,0.0,0.0,0.0,0.0,0.0,0.0,0.0,0.0,0.0,0.0,-13.1015625,0.0,13.09375,0.0,-31944.828125,0.0,31944.828125,0.0,0.0,0.0,0.0,0.0,0.0,0.0,0.0,0.0,-639.9999999999854,0.0,640.0,0.0,0.0,0.0,0.0,0.0,0.0,0.0,0.0,0.0,0.0,0.0,0.0,0.0,0.0,0.0,0.0,0.0,0.0,0.0,0.0,0.0,-930.0185546875,0.0,930.015625,0.0,-311.2900390625,0.0,311.296875,0.0,0.0,0.0,0.0,0.0,0.0,0.0,0.0,0.0,0.0,0.0,0.0,0.0,110882.80405426027,0.0,139325.453125,68719.88671875,-39818.490234374956,0.0,39818.484375,0.0,-26.422128902298205,0.0,40.01577377319336,0.0,TX
8150784,TX,4835,0.10844910144805908,3,1.0,202581.42138671875,310576.03125,0,3,61544.77734375,0.0,239800.40625,0.0,0.0,0.0,0.0,0.0,-385.6484375,0.0,385.65625,0.0,0.0,0.0,0.0,0.0,0.0,0.0,0.0,0.0,0.0,0.0,0.0,0.0,0.0,0.0,0.0,0.0,0.0,0.0,0.0,0.0,-7547.765625,0.0,7547.75,0.0,-6320.921875,0.0,6320.9375,0.0,0.0,0.0,0.0,0.0,0.0,0.0,0.0,0.0,-480.0,0.0,480.0,0.0,0.0,0.0,0.0,0.0,0.0,0.0,0.0,0.0,0.0,0.0,0.0,0.0,0.0,0.0,0.0,0.0,0.0,0.0,0.0,0.0,0.0,0.0,0.0,0.0,0.0,0.0,0.0,0.0,0.0,0.0,0.0,0.0,0.0,0.0,0.0,0.0,0.0,0.0,0.0,0.0,46810.44140625,0.0,254534.75,0.0,-14734.3359375,0.0,14734.34375,0.0,-23.940838806196936,0.0,6.1444196701049805,0.0,TX
8150785,TX,4835,0.12219980359077454,4,1.0,209621.37890625,416317.515625,4,0,78186.474609375,0.0,339984.3125,9482.4912109375,0.0,0.0,0.0,9482.4912109375,-689.9658203125,0.0,689.9375,0.0,-2106.0,0.0,2106.0,0.0,1431.0,0.0,-1431.0,0.0,0.0,0.0,0.0,0.0,-500.0,0.0,500.0,0.0,0.0,0.0,0.0,0.0,-6426.5546875,0.0,6426.5625,0.0,-10917.50390625,0.0,10917.5,0.0,0.0,0.0,0.0,0.0,0.0,0.0,0.0,0.0,-480.0,0.0,480.0,0.0,0.0,0.0,0.0,0.0,0.0,0.0,0.0,0.0,0.0,0.0,0.0,0.0,0.0,0.0,0.0,0.0,0.0,0.0,0.0,0.0,-1426.72802734375,0.0,1426.75,0.0,0.0,0.0,0.0,0.0,0.0,0.0,0.0,0.0,0.0,0.0,0.0,0.0,0.0,0.0,0.0,0.0,57070.72216796875,0.0,361100.0625,9482.4912109375,-21115.75244140625,0.0,21115.75,0.0,-27.00691206107194,0.0,6.210801601409912,0.0,TX
8150786,TX,4835,97.41986846923828,1,0.0,0.0,7488.69970703125,1,0,0.0,0.0,47897.9453125,18728.072265625,20223.16015625,0.0,0.0,38951.232421875,0.0,0.0,0.0,0.0,0.0,0.0,0.0,0.0,0.0,0.0,0.0,0.0,0.0,0.0,0.0,0.0,0.0,0.0,0.0,0.0,0.0,0.0,0.0,0.0,0.0,0.0,0.0,0.0,0.0,0.0,0.0,0.0,0.0,0.0,0.0,0.0,0.0,0.0,0.0,0.0,0.0,0.0,0.0,0.0,0.0,0.0,0.0,0.0,0.0,0.0,0.0,0.0,0.0,0.0,0.0,0.0,0.0,0.0,0.0,0.0,0.0,0.0,0.0,0.0,0.0,0.0,0.0,0.0,0.0,0.0,0.0,0.0,0.0,0.0,0.0,0.0,0.0,0.0,0.0,0.0,0.0,0.0,0.0,0.0,0.0,0.0,47897.9453125,38951.232421875,0.0,0.0,0.0,0.0,0.0,0.0,0.0,0.0,TX
8150787,TX,4835,0.10998259484767914,2,0.0,43975.8203125,43975.8203125,2,0,1677.58203125,0.0,46954.375,0.0,0.0,6635.7353515625,0.0,6635.7353515625,0.0,0.0,0.0,0.0,-1526.0873107910156,0.0,1526.08984375,0.0,1026.0873413085938,0.0,-1026.08984375,0.0,0.0,0.0,0.0,0.0,0.0,0.0,0.0,0.0,0.0,0.0,0.0,0.0,0.0,0.0,0.0,0.0,0.0,0.0,0.0,0.0,0.0,0.0,0.0,0.0,0.0,0.0,0.0,0.0,0.0,0.0,0.0,0.0,0.0,0.0,0.0,0.0,0.0,0.0,0.0,0.0,0.0,0.0,0.0,0.0,0.0,0.0,0.0,0.0,0.0,0.0,0.0,0.0,0.0,0.0,0.0,0.0,-108.08712768554688,0.0,108.08984375,0.0,0.0,0.0,0.0,0.0,0.0,0.0,0.0,0.0,0.0,0.0,0.0,0.0,1069.4949340820312,0.0,47562.46484375,6635.7353515625,-608.0870971679688,0.0,608.08984375,0.0,-36.24783085658535,0.0,1.2950652837753296,0.0,TX
8150788,TX,4835,0.5389442443847656,2,0.0,72355.890625,80784.5625,2,0,5094.322265625,0.0,72370.296875,0.0,0.0,0.0,0.0,0.0,-542.8642578125,0.0,542.859375,0.0,-489.310546875,0.0,489.3125,0.0,1272.0,0.0,-1272.0,0.0,0.0,0.0,0.0,0.0,0.0,0.0,0.0,0.0,0.0,0.0,0.0,0.0,0.0,0.0,0.0,0.0,0.0,0.0,0.0,0.0,0.0,0.0,0.0,0.0,0.0,0.0,0.0,0.0,0.0,0.0,0.0,0.0,0.0,0.0,0.0,0.0,0.0,0.0,0.0,0.0,0.0,0.0,0.0,0.0,0.0,0.0,0.0,0.0,0.0,0.0,0.0,0.0,0.0,0.0,0.0,0.0,-210.80859375,0.0,210.8125,0.0,0.0,0.0,0.0,0.0,0.0,0.0,0.0,0.0,0.0,0.0,0.0,0.0,5123.3388671875,0.0,72341.28125,0.0,29.0166015625,0.0,-29.015625,0.0,0.5695870824328402,0.0,-0.040093280375003815,0.0,TX
8150789,TX,4835,0.18241453170776367,3,0.0,41500.65234375,746141.48828125,3,0,198406.56689453125,0.0,566054.75,21777.03125,0.0,0.0,0.0,21777.03125,-131.797607421875,0.0,131.75,0.0,-1631.1986083984375,0.0,1631.1875,0.0,1060.0001220703125,0.0,-1060.0,0.0,0.0,0.0,0.0,0.0,0.0,0.0,0.0,0.0,0.0,0.0,0.0,0.0,-1400.0,0.0,1400.0,0.0,-22852.28125,0.0,22852.3125,0.0,0.0,0.0,0.0,0.0,0.0,0.0,0.0,0.0,0.0,0.0,0.0,0.0,-4398.4375,0.0,4398.4375,0.0,0.0,0.0,0.0,0.0,0.0,0.0,0.0,0.0,0.0,0.0,0.0,0.0,0.0,0.0,0.0,0.0,-600.0001220703125,0.0,600.0,0.0,0.0,0.0,0.0,0.0,0.0,0.0,0.0,0.0,0.0,0.0,0.0,0.0,0.0,0.0,0.0,0.0,168452.85192871094,0.0,596008.4375,21777.03125,-29953.714965820312,0.0,29953.6875,0.0,-15.097138887415493,0.0,5.291658878326416,0.0,TX
8150790,TX,4835,0.2652352452278137,7,1.0,423534.9921875,525553.92578125,7,0,77967.951171875,0.0,505422.0625,51990.2109375,0.0,0.0,0.0,51990.2109375,-5048.10546875,0.0,5048.125,0.0,-5209.8583984375,0.0,5209.84375,0.0,3269.5322265625,0.0,-3269.53125,0.0,0.0,0.0,0.0,0.0,-2200.0,0.0,2200.0,0.0,0.0,0.0,0.0,0.0,0.0,0.0,0.0,0.0,-5030.257812499993,0.0,5030.25,0.0,0.0,0.0,0.0,0.0,0.0,0.0,0.0,0.0,-251.51562500000728,0.0,251.53125,0.0,0.0,0.0,0.0,0.0,0.0,0.0,0.0,0.0,0.0,0.0,0.0,0.0,0.0,0.0,0.0,0.0,0.0,0.0,0.0,0.0,-1753.09765625,0.0,1753.09375,0.0,-304.495361328125,0.0,304.5,0.0,0.0,0.0,0.0,0.0,0.0,0.0,0.0,0.0,0.0,0.0,0.0,0.0,61440.153076171875,0.0,521949.875,51990.2109375,-16527.798095703125,0.0,16527.8125,0.0,-21.198194703447736,0.0,3.2701010704040527,0.0,TX
8150791,TX,4835,0.11242014914751053,2,0.0,82525.671875,105118.203125,2,0,16829.55078125,0.0,161160.546875,49152.0,0.0,0.0,0.0,49152.0,-2434.5458984375,0.0,2434.546875,0.0,-1716.0,0.0,1716.0,0.0,1166.0,0.0,-1166.0,0.0,0.0,0.0,0.0,0.0,0.0,0.0,0.0,0.0,0.0,0.0,0.0,0.0,0.0,0.0,0.0,0.0,0.0,0.0,0.0,0.0,0.0,0.0,0.0,0.0,0.0,0.0,0.0,0.0,0.0,0.0,0.0,0.0,0.0,0.0,0.0,0.0,0.0,0.0,0.0,0.0,0.0,0.0,0.0,0.0,0.0,0.0,0.0,0.0,0.0,0.0,0.0,0.0,-922.439453125,0.0,922.4375,0.0,0.0,0.0,0.0,0.0,0.0,0.0,0.0,0.0,0.0,0.0,0.0,0.0,0.0,0.0,0.0,0.0,12922.5654296875,0.0,165067.53125,49152.0,-3906.9853515625,0.0,3906.984375,0.0,-23.21503052782204,0.0,2.424280881881714,0.0,TX
8150792,TX,4835,0.1776254028081894,6,3.9999999999999996,228948.6953125,297309.3125,3,3,54374.7890625,0.0,243978.8125,15759.4638671875,0.0,0.0,0.0,15759.4638671875,0.0,0.0,0.0,0.0,0.0,0.0,0.0,0.0,-0.01171875,0.0,0.0,0.0,0.0,0.0,0.0,0.0,0.0,0.0,0.0,0.0,0.0,0.0,0.0,0.0,-1950.0,0.0,1950.0,0.0,-7194.71484375,0.0,7194.71875,0.0,0.0,0.0,0.0,0.0,0.0,0.0,0.0,0.0,-480.0,0.0,480.0,0.0,0.0,0.0,0.0,0.0,0.0,0.0,0.0,0.0,0.0,0.0,0.0,0.0,0.0,0.0,0.0,0.0,0.0,0.0,0.0,0.0,0.0,0.0,0.0,0.0,0.0,0.0,0.0,0.0,0.0,0.0,0.0,0.0,0.0,0.0,0.0,0.0,0.0,0.0,0.0,0.0,44750.0625,0.0,253603.53125,15759.4638671875,-9624.7265625,0.0,9624.71875,0.0,-17.700715218291798,0.0,3.944899559020996,0.0,TX
8150793,TX,4835,0.21325044333934784,1,0.0,0.0,40750.609375,1,0,2725.0380859375,0.0,78313.0625,25883.931640625,0.0,0.0,0.0,25883.931640625,-307.0078125,0.0,307.0078125,0.0,-935.9998779296875,0.0,936.0,0.0,635.9998779296875,0.0,-636.0,0.0,0.0,0.0,0.0,0.0,0.0,0.0,0.0,0.0,0.0,0.0,0.0,0.0,0.0,0.0,0.0,0.0,0.0,0.0,0.0,0.0,0.0,0.0,0.0,0.0,0.0,0.0,0.0,0.0,0.0,0.0,0.0,0.0,0.0,0.0,0.0,0.0,0.0,0.0,0.0,0.0,0.0,0.0,0.0,0.0,0.0,0.0,0.0,0.0,0.0,0.0,0.0,0.0,-719.9998779296875,0.0,720.0,0.0,0.0,0.0,0.0,0.0,0.0,0.0,0.0,0.0,0.0,0.0,0.0,0.0,0.0,0.0,0.0,0.0,1398.0303955078125,0.0,79640.0703125,25883.931640625,-1327.0076904296875,0.0,1327.0078125,0.0,-48.69684931295757,0.0,1.694490909576416,0.0,TX
8150794,TX,4835,0.2678273320198059,3,1.0,528995.78125,588638.0625,3,0,151546.0,0.0,413842.6875,0.0,0.0,0.0,0.0,0.0,0.0,0.0,0.0,0.0,0.0,0.0,0.0,0.0,0.0,0.0,0.0,0.0,0.0,0.0,0.0,0.0,0.0,0.0,0.0,0.0,0.0,0.0,0.0,0.0,-1400.0,0.0,1400.0,0.0,-27208.1171875,0.0,27208.125,0.0,0.0,0.0,0.0,0.0,0.0,0.0,0.0,0.0,-640.0,0.0,640.0,0.0,0.0,0.0,0.0,0.0,0.0,0.0,0.0,0.0,0.0,0.0,0.0,0.0,0.0,0.0,0.0,0.0,0.0,0.0,0.0,0.0,0.0,0.0,0.0,0.0,0.0,0.0,0.0,0.0,0.0,0.0,0.0,0.0,0.0,0.0,0.0,0.0,0.0,0.0,0.0,0.0,122297.8828125,0.0,443090.8125,0.0,-29248.1171875,0.0,29248.125,0.0,-19.299827898789808,0.0,7.067450046539307,0.0,TX
8150795,TX,4835,0.11382384598255157,5,2.0,194388.46875,621000.09375,5,0,138830.62451171875,0.0,487755.25,17918.638671875,0.0,0.0,0.0,17918.638671875,-286.349853515625,0.0,286.375,0.0,-1694.790283203125,0.0,1694.78125,0.0,2414.1220703125,0.0,-2414.125,0.0,0.0,0.0,0.0,0.0,-1700.0,0.0,1700.0,0.0,0.0,0.0,0.0,0.0,-1400.0,0.0,1400.0,0.0,-16798.265625,0.0,16798.28125,0.0,0.0,0.0,0.0,0.0,0.0,0.0,0.0,0.0,-590.53759765625,0.0,590.53125,0.0,0.0,0.0,0.0,0.0,0.0,0.0,0.0,0.0,0.0,0.0,0.0,0.0,0.0,0.0,0.0,0.0,0.0,0.0,0.0,0.0,0.0,0.0,0.0,0.0,0.0,0.0,0.0,0.0,0.0,0.0,0.0,0.0,0.0,0.0,0.0,0.0,0.0,0.0,0.0,0.0,118774.80322265625,0.0,507811.09375,17918.638671875,-20055.8212890625,0.0,20055.84375,0.0,-14.446251581451023,0.0,4.111866474151611,0.0,TX
8150796,TX,4835,960.2913818359375,3,0.0,11827.2783203125,11827.2783203125,3,0,0.0,0.0,21199.115234375,10164.0576171875,0.0,0.0,0.0,10164.0576171875,0.0,0.0,0.0,0.0,0.0,0.0,0.0,0.0,0.0,0.0,0.0,0.0,0.0,0.0,0.0,0.0,0.0,0.0,0.0,0.0,0.0,0.0,0.0,0.0,0.0,0.0,0.0,0.0,0.0,0.0,0.0,0.0,0.0,0.0,0.0,0.0,0.0,0.0,0.0,0.0,0.0,0.0,0.0,0.0,0.0,0.0,0.0,0.0,0.0,0.0,0.0,0.0,0.0,0.0,0.0,0.0,0.0,0.0,0.0,0.0,0.0,0.0,0.0,0.0,0.0,0.0,0.0,0.0,0.0,0.0,0.0,0.0,0.0,0.0,0.0,0.0,0.0,0.0,0.0,0.0,0.0,0.0,0.0,0.0,0.0,0.0,21199.115234375,10164.0576171875,0.0,0.0,0.0,0.0,0.0,0.0,0.0,0.0,TX
8150797,TX,4835,0.41311541199684143,4,2.0,147342.1640625,132345.109375,4,0,12719.2666015625,0.0,110295.15625,0.0,0.0,0.0,0.0,0.0,-2067.853515625,0.0,2067.84375,0.0,-1872.0,0.0,1872.0,0.0,2544.0,0.0,-2544.0,0.0,0.0,0.0,0.0,0.0,-2700.0,0.0,2700.0,0.0,0.0,0.0,0.0,0.0,0.0,0.0,0.0,0.0,0.0,0.0,0.0,0.0,0.0,0.0,0.0,0.0,0.0,0.0,0.0,0.0,0.0,0.0,0.0,0.0,0.0,0.0,0.0,0.0,0.0,0.0,0.0,0.0,0.0,0.0,0.0,0.0,0.0,0.0,0.0,0.0,0.0,0.0,0.0,0.0,0.0,0.0,0.0,0.0,-233.7275390625,0.0,233.734375,0.0,0.0,0.0,0.0,0.0,0.0,0.0,0.0,0.0,0.0,0.0,0.0,0.0,8389.685546875,0.0,114624.734375,0.0,-4329.5810546875,0.0,4329.578125,0.0,-34.03954952996765,0.0,3.9254472255706787,0.0,TX
8150798,TX,4835,0.3521828353404999,4,2.0,351712.0859375,496412.75,4,0,123798.8203125,0.0,348989.4375,0.0,0.0,0.0,0.0,0.0,-6.6484375,0.0,6.6875,0.0,0.0,0.0,0.0,0.0,0.0,0.0,0.0,0.0,0.0,0.0,0.0,0.0,0.0,0.0,0.0,0.0,0.0,0.0,0.0,0.0,-7284.53125,0.0,7284.5,0.0,-29187.9375,0.0,29187.9375,0.0,0.0,0.0,0.0,0.0,0.0,0.0,0.0,0.0,0.0,0.0,0.0,0.0,-902.1484375,0.0,902.15625,0.0,0.0,0.0,0.0,0.0,0.0,0.0,0.0,0.0,0.0,0.0,0.0,0.0,0.0,0.0,0.0,0.0,0.0,0.0,0.0,0.0,0.0,0.0,0.0,0.0,0.0,0.0,0.0,0.0,0.0,0.0,0.0,0.0,0.0,0.0,0.0,0.0,86417.5546875,0.0,386370.71875,0.0,-37381.265625,0.0,37381.28125,0.0,-30.19517110957931,0.0,10.71129322052002,0.0,TX
8150799,TX,4835,0.16829922795295715,3,1.0,235076.67578125,328996.65625,3,0,71402.109375,0.0,244106.90625,194.55667114257812,0.0,0.0,0.0,194.55667114257812,-168.59375,0.0,168.59375,0.0,0.0,0.0,0.0,0.0,0.0,0.0,0.0,0.0,0.0,0.0,0.0,0.0,-500.0,0.0,500.0,0.0,0.0,0.0,0.0,0.0,-7567.1328125,0.0,7567.125,0.0,-11706.03125,0.0,11706.03125,0.0,0.0,0.0,0.0,0.0,0.0,0.0,0.0,0.0,-480.0,0.0,480.0,0.0,0.0,0.0,0.0,0.0,0.0,0.0,0.0,0.0,0.0,0.0,0.0,0.0,0.0,0.0,0.0,0.0,0.0,0.0,0.0,0.0,0.0,0.0,0.0,0.0,0.0,0.0,0.0,0.0,0.0,0.0,0.0,0.0,0.0,0.0,0.0,0.0,0.0,0.0,0.0,0.0,50980.3515625,0.0,264528.65625,194.55667114257812,-20421.7578125,0.0,20421.75,0.0,-28.601056735237385,0.0,8.365904808044434,0.0,TX
8150800,TX,4835,0.34518155455589294,2,0.0,59492.9296875,59774.22265625,2,0,3671.13330078125,0.0,51939.1484375,162.13055419921875,0.0,0.0,0.0,162.13055419921875,-258.2265625,0.0,258.22265625,0.0,-1715.4844970703125,0.0,1715.484375,0.0,1115.4844970703125,0.0,-1115.484375,0.0,0.0,0.0,0.0,0.0,0.0,0.0,0.0,0.0,0.0,0.0,0.0,0.0,-5.674560546875,0.0,5.67578125,0.0,0.0,0.0,0.0,0.0,0.0,0.0,0.0,0.0,0.0,0.0,0.0,0.0,0.0,0.0,0.0,0.0,0.0,0.0,0.0,0.0,0.0,0.0,0.0,0.0,0.0,0.0,0.0,0.0,0.0,0.0,0.0,0.0,0.0,0.0,0.0,0.0,0.0,0.0,0.0,0.0,-530.12158203125,0.0,530.12109375,0.0,0.0,0.0,0.0,0.0,0.0,0.0,0.0,0.0,0.0,0.0,0.0,0.0,2277.110595703125,0.0,53333.16796875,162.13055419921875,-1394.022705078125,0.0,1394.01953125,0.0,-37.97254392210341,0.0,2.6839475631713867,0.0,TX
8150801,TX,4835,269.6390380859375,1,0.0,4687.6982421875,4687.6982421875,1,0,0.0,0.0,42758.09765625,18205.84765625,20223.16015625,0.0,0.0,38429.0078125,0.0,0.0,0.0,0.0,0.0,0.0,0.0,0.0,0.0,0.0,0.0,0.0,0.0,0.0,0.0,0.0,0.0,0.0,0.0,0.0,0.0,0.0,0.0,0.0,0.0,0.0,0.0,0.0,0.0,0.0,0.0,0.0,0.0,0.0,0.0,0.0,0.0,0.0,0.0,0.0,0.0,0.0,0.0,0.0,0.0,0.0,0.0,0.0,0.0,0.0,0.0,0.0,0.0,0.0,0.0,0.0,0.0,0.0,0.0,0.0,0.0,0.0,0.0,0.0,0.0,0.0,0.0,0.0,0.0,0.0,0.0,0.0,0.0,0.0,-1370.33984375,-1370.33984375,0.0,0.0,0.0,0.0,0.0,0.0,0.0,0.0,0.0,0.0,41387.7578125,37058.66796875,0.0,0.0,-1370.33984375,-1370.33984375,0.0,0.0,-3.2048661708831787,-3.5658996205055873,TX
8150802,TX,4835,63.06079864501953,2,0.0,18455.01953125,54552.2734375,2,0,2405.227294921875,0.0,127203.84375,46431.5078125,0.0,0.0,0.0,46431.5078125,0.0,0.0,0.0,0.0,-1559.9999389648438,0.0,1560.0,0.0,1059.9999389648438,0.0,-1060.0,0.0,0.0,0.0,0.0,0.0,0.0,0.0,0.0,0.0,0.0,0.0,0.0,0.0,0.0,0.0,0.0,0.0,0.0,0.0,0.0,0.0,0.0,0.0,0.0,0.0,0.0,0.0,0.0,0.0,0.0,0.0,0.0,0.0,0.0,0.0,0.0,0.0,0.0,0.0,0.0,0.0,0.0,0.0,0.0,0.0,0.0,0.0,0.0,0.0,0.0,0.0,0.0,0.0,-1199.9999389648438,0.0,1200.0,0.0,0.0,0.0,0.0,0.0,0.0,0.0,0.0,0.0,0.0,0.0,0.0,0.0,0.0,0.0,0.0,0.0,705.2273559570312,0.0,128903.84375,46431.5078125,-1699.9999389648438,0.0,1700.0,0.0,-70.67938828708752,0.0,1.3364375829696655,0.0,TX
8150803,TX,4835,12.16821575164795,2,0.0,0.0,253360.65625,2,0,45376.98828125,0.0,229137.640625,16937.69140625,0.0,0.0,0.0,16937.69140625,-2289.328125,0.0,2289.328125,0.0,0.0,0.0,0.0,0.0,0.0,0.0,0.0,0.0,0.0,0.0,0.0,0.0,0.0,0.0,0.0,0.0,0.0,0.0,0.0,0.0,0.0,0.0,0.0,0.0,-5584.09765625,0.0,5584.09375,0.0,0.0,0.0,0.0,0.0,0.0,0.0,0.0,0.0,0.0,0.0,0.0,0.0,0.0,0.0,0.0,0.0,0.0,0.0,0.0,0.0,0.0,0.0,0.0,0.0,0.0,0.0,0.0,0.0,0.0,0.0,0.0,0.0,-1391.60546875,0.0,1391.609375,0.0,0.0,0.0,0.0,0.0,0.0,0.0,0.0,0.0,0.0,0.0,0.0,0.0,0.0,0.0,0.0,0.0,36111.95703125,0.0,238402.671875,16937.69140625,-9265.03125,0.0,9265.03125,0.0,-20.41790696327098,0.0,4.043435096740723,0.0,TX
8150804,TX,4835,90.7614517211914,4,2.0,1443.943603515625,1443.943603515625,4,0,0.0,0.0,24070.38671875,2261.924560546875,19912.1513671875,0.0,0.0,22174.075927734375,0.0,0.0,0.0,0.0,0.0,0.0,0.0,0.0,0.0,0.0,0.0,0.0,0.0,0.0,0.0,0.0,0.0,0.0,0.0,0.0,0.0,0.0,0.0,0.0,0.0,0.0,0.0,0.0,0.0,0.0,0.0,0.0,0.0,0.0,0.0,0.0,0.0,0.0,0.0,0.0,0.0,0.0,0.0,0.0,0.0,0.0,0.0,0.0,0.0,0.0,0.0,0.0,0.0,0.0,0.0,0.0,0.0,0.0,0.0,0.0,0.0,0.0,0.0,0.0,0.0,0.0,0.0,0.0,0.0,0.0,0.0,0.0,0.0,0.0,0.0,0.0,0.0,0.0,0.0,0.0,0.0,0.0,0.0,0.0,0.0,0.0,24070.38671875,22174.075927734375,0.0,0.0,0.0,0.0,0.0,0.0,0.0,0.0,TX
8150805,TX,4835,84.44287872314453,2,0.0,0.0,0.0,2,0,0.0,0.0,119328.515625,63199.16796875,0.0,0.0,0.0,63199.16796875,0.0,0.0,0.0,0.0,0.0,0.0,0.0,0.0,0.0,0.0,0.0,0.0,0.0,0.0,0.0,0.0,0.0,0.0,0.0,0.0,0.0,0.0,0.0,0.0,0.0,0.0,0.0,0.0,0.0,0.0,0.0,0.0,0.0,0.0,0.0,0.0,0.0,0.0,0.0,0.0,0.0,0.0,0.0,0.0,0.0,0.0,0.0,0.0,0.0,0.0,0.0,0.0,0.0,0.0,0.0,0.0,0.0,0.0,0.0,0.0,0.0,0.0,0.0,0.0,0.0,0.0,0.0,0.0,0.0,0.0,0.0,0.0,0.0,0.0,0.0,0.0,0.0,0.0,0.0,0.0,0.0,0.0,0.0,0.0,0.0,0.0,119328.515625,63199.16796875,0.0,0.0,0.0,0.0,0.0,0.0,0.0,0.0,TX
8150806,TX,4835,83.53549194335938,4,2.0,23353.015625,23413.12890625,4,0,0.0,0.0,27466.357421875,1130.9622802734375,4137.51025390625,0.0,0.0,5268.4725341796875,0.0,0.0,0.0,0.0,0.0,0.0,0.0,0.0,0.0,0.0,0.0,0.0,0.0,0.0,0.0,0.0,0.0,0.0,0.0,0.0,0.0,0.0,0.0,0.0,0.0,0.0,0.0,0.0,0.0,0.0,0.0,0.0,0.0,0.0,0.0,0.0,0.0,0.0,0.0,0.0,0.0,0.0,0.0,0.0,0.0,0.0,0.0,0.0,0.0,0.0,0.0,0.0,0.0,0.0,0.0,0.0,0.0,0.0,0.0,0.0,0.0,0.0,0.0,0.0,0.0,0.0,0.0,0.0,0.0,0.0,0.0,0.0,0.0,0.0,0.0,0.0,0.0,0.0,0.0,0.0,0.0,0.0,0.0,0.0,0.0,0.0,27466.357421875,5268.4725341796875,0.0,0.0,0.0,0.0,0.0,0.0,0.0,0.0,TX
8150807,TX,4835,0.11665233224630356,2,0.0,37818.92041015625,38142.34619140625,2,0,1710.1826171875,0.0,40129.1484375,0.0,0.0,0.0,0.0,0.0,-144.0364990234375,0.0,144.03515625,0.0,-867.6908569335938,0.0,867.69140625,0.0,567.6911010742188,0.0,-567.69140625,0.0,0.0,0.0,0.0,0.0,0.0,0.0,0.0,0.0,0.0,0.0,0.0,0.0,0.0,0.0,0.0,0.0,0.0,0.0,0.0,0.0,0.0,0.0,0.0,0.0,0.0,0.0,0.0,0.0,0.0,0.0,0.0,0.0,0.0,0.0,0.0,0.0,0.0,0.0,0.0,0.0,0.0,0.0,0.0,0.0,0.0,0.0,0.0,0.0,0.0,0.0,0.0,0.0,0.0,0.0,0.0,0.0,-34.9034423828125,0.0,34.90234375,0.0,0.0,0.0,0.0,0.0,0.0,0.0,0.0,0.0,0.0,0.0,0.0,0.0,1231.242919921875,0.0,40608.0859375,0.0,-478.939697265625,0.0,478.9375,0.0,-28.005178654737506,0.0,1.1934903860092163,0.0,TX
8150808,TX,4835,0.26744216680526733,1,0.0,55151.265625,79053.6875,1,0,10313.421875,0.0,103613.6796875,28120.490234375,0.0,0.0,0.0,28120.490234375,-1652.6103515625,0.0,1652.609375,0.0,-1716.00048828125,0.0,1716.0,0.0,1166.0,0.0,-1166.0,0.0,0.0,0.0,0.0,0.0,0.0,0.0,0.0,0.0,0.0,0.0,0.0,0.0,0.0,0.0,0.0,0.0,0.0,0.0,0.0,0.0,0.0,0.0,0.0,0.0,0.0,0.0,0.0,0.0,0.0,0.0,0.0,0.0,0.0,0.0,0.0,0.0,0.0,0.0,0.0,0.0,0.0,0.0,0.0,0.0,0.0,0.0,0.0,0.0,0.0,0.0,0.0,0.0,-1266.49169921875,0.0,1266.4921875,0.0,0.0,0.0,0.0,0.0,0.0,0.0,0.0,0.0,0.0,0.0,0.0,0.0,0.0,0.0,0.0,0.0,6844.3193359375,0.0,107082.78125,28120.490234375,-3469.1025390625,0.0,3469.1015625,0.0,-33.636775273119525,0.0,3.348111391067505,0.0,TX
8150809,TX,4835,0.02774050645530224,4,2.0,154131.078125,162650.828125,4,0,20137.70703125,0.0,155682.78125,0.0,0.0,0.0,0.0,0.0,-3246.525390625,0.0,3246.53125,0.0,-3149.966796875,0.0,3149.953125,0.0,4381.966796875,0.0,-4381.953125,0.0,0.0,0.0,0.0,0.0,-4400.0,0.0,4400.0,0.0,0.0,0.0,0.0,0.0,-1100.0,0.0,1100.0,0.0,0.0,0.0,0.0,0.0,0.0,0.0,0.0,0.0,0.0,0.0,0.0,0.0,-281.892578125,0.0,281.890625,0.0,0.0,0.0,0.0,0.0,0.0,0.0,0.0,0.0,0.0,0.0,0.0,0.0,0.0,0.0,0.0,0.0,0.0,0.0,0.0,0.0,0.0,0.0,0.0,0.0,0.0,0.0,0.0,0.0,0.0,0.0,0.0,0.0,0.0,0.0,0.0,0.0,0.0,0.0,0.0,0.0,12341.2890625,0.0,163479.203125,0.0,-7796.41796875,0.0,7796.421875,0.0,-38.71551987846183,0.0,5.007889270782471,0.0,TX
8150810,TX,4835,0.41656985878944397,4,2.0,4602.77587890625,4602.77587890625,4,0,-3185.2509765625,0.0,57566.04296875,34029.7734375,14093.5859375,0.0,0.0,48123.359375,0.0,0.0,0.0,0.0,0.0,0.0,0.0,0.0,0.0,0.0,0.0,0.0,0.0,0.0,0.0,0.0,-75.0,0.0,75.0,0.0,0.0,0.0,0.0,0.0,0.0,0.0,0.0,0.0,0.0,0.0,0.0,0.0,0.0,0.0,0.0,0.0,0.0,0.0,0.0,0.0,0.0,0.0,0.0,0.0,0.0,0.0,0.0,0.0,0.0,0.0,0.0,0.0,0.0,0.0,0.0,0.0,0.0,0.0,0.0,0.0,0.0,0.0,0.0,0.0,0.0,0.0,0.0,0.0,0.0,0.0,0.0,0.0,0.0,0.0,0.0,0.0,0.0,0.0,0.0,0.0,0.0,0.0,0.0,0.0,-3260.2509765625,0.0,57641.04296875,48123.359375,-75.0,0.0,75.0,0.0,-2.354602527457333,0.0,0.1302851438522339,0.0,TX
8150811,TX,4835,0.146614208817482,2,0.0,442856.337890625,457755.59375,2,0,108452.4140625,0.0,329492.375,0.0,0.0,0.0,0.0,0.0,0.0,0.0,0.0,0.0,0.0,0.0,0.0,0.0,0.0,0.0,0.0,0.0,0.0,0.0,0.0,0.0,0.0,0.0,0.0,0.0,0.0,0.0,0.0,0.0,0.0,0.0,0.0,0.0,-25127.734375,0.0,25127.75,0.0,0.0,0.0,0.0,0.0,0.0,0.0,0.0,0.0,0.0,0.0,0.0,0.0,-359.3203125,0.0,359.3125,0.0,0.0,0.0,0.0,0.0,0.0,0.0,0.0,0.0,0.0,0.0,0.0,0.0,0.0,0.0,0.0,0.0,0.0,0.0,0.0,0.0,0.0,0.0,0.0,0.0,0.0,0.0,0.0,0.0,0.0,0.0,0.0,0.0,0.0,0.0,0.0,0.0,82965.359375,0.0,354979.4375,0.0,-25487.0546875,0.0,25487.0625,0.0,-23.500679913691986,0.0,7.735250949859619,0.0,TX
8150812,TX,4835,0.11684363335371017,3,2.0,60940.08203125,73596.34375,3,0,3964.45166015625,0.0,84842.78125,11482.0859375,0.0,9351.89453125,0.0,20833.98046875,-852.890625,0.0,852.890625,0.0,-1442.999755859375,0.0,1443.0,0.0,1907.999755859375,0.0,-1908.0,0.0,0.0,0.0,0.0,0.0,-2400.0,0.0,2400.0,0.0,0.0,0.0,0.0,0.0,-600.0,0.0,600.0,0.0,0.0,0.0,0.0,0.0,0.0,0.0,0.0,0.0,0.0,0.0,0.0,0.0,0.0,0.0,0.0,0.0,0.0,0.0,0.0,0.0,0.0,0.0,0.0,0.0,0.0,0.0,0.0,0.0,0.0,0.0,0.0,0.0,0.0,0.0,0.0,0.0,0.0,0.0,0.0,0.0,-55.64306640625,0.0,55.640625,0.0,0.0,0.0,0.0,0.0,0.0,0.0,0.0,0.0,0.0,0.0,0.0,0.0,520.91796875,0.0,88286.3125,20833.98046875,-3443.53369140625,0.0,3443.53125,0.0,-86.86027694610686,0.0,4.058720588684082,0.0,TX
8150813,TX,4835,0.15602430701255798,2,0.0,23989.484375,61170.01171875,2,0,1819.1116943359375,0.0,77155.515625,14387.2275390625,0.0,0.0,0.0,14387.2275390625,0.0,0.0,0.0,0.0,-1559.9999694824219,0.0,1560.0,0.0,1059.9999694824219,0.0,-1060.0,0.0,0.0,0.0,0.0,0.0,0.0,0.0,0.0,0.0,0.0,0.0,0.0,0.0,0.0,0.0,0.0,0.0,0.0,0.0,0.0,0.0,0.0,0.0,0.0,0.0,0.0,0.0,0.0,0.0,-200.0,0.0,200.0,0.0,0.0,0.0,0.0,0.0,0.0,0.0,0.0,0.0,0.0,0.0,0.0,0.0,0.0,0.0,0.0,0.0,0.0,0.0,0.0,0.0,-1119.1116943359375,0.0,1119.109375,0.0,0.0,0.0,0.0,0.0,0.0,0.0,0.0,0.0,0.0,0.0,0.0,0.0,0.0,0.0,0.0,0.0,0.0,0.0,78974.625,14387.2275390625,-1819.1116943359375,0.0,1819.109375,0.0,-100.0,0.0,2.357717752456665,0.0,TX
8150814,TX,4835,207.38368225097656,1,0.0,0.0,0.0,1,0,0.0,0.0,3596.039794921875,3596.039794921875,0.0,0.0,0.0,3596.039794921875,0.0,0.0,0.0,0.0,0.0,0.0,0.0,0.0,0.0,0.0,0.0,0.0,0.0,0.0,0.0,0.0,0.0,0.0,0.0,0.0,0.0,0.0,0.0,0.0,0.0,0.0,0.0,0.0,0.0,0.0,0.0,0.0,0.0,0.0,0.0,0.0,0.0,0.0,0.0,0.0,0.0,0.0,0.0,0.0,0.0,0.0,0.0,0.0,0.0,0.0,0.0,0.0,0.0,0.0,0.0,0.0,0.0,0.0,0.0,0.0,0.0,0.0,0.0,0.0,0.0,0.0,0.0,0.0,0.0,0.0,0.0,0.0,0.0,0.0,0.0,0.0,0.0,0.0,0.0,0.0,0.0,0.0,0.0,0.0,0.0,0.0,3596.039794921875,3596.039794921875,0.0,0.0,0.0,0.0,0.0,0.0,0.0,0.0,TX
8150815,TX,4835,24.276142120361328,1,0.0,5363.2783203125,5363.2783203125,1,0,0.0,0.0,5809.037109375,856.0493774414062,0.0,0.0,0.0,856.0493774414062,0.0,0.0,0.0,0.0,0.0,0.0,0.0,0.0,0.0,0.0,0.0,0.0,0.0,0.0,0.0,0.0,0.0,0.0,0.0,0.0,0.0,0.0,0.0,0.0,0.0,0.0,0.0,0.0,0.0,0.0,0.0,0.0,0.0,0.0,0.0,0.0,0.0,0.0,0.0,0.0,0.0,0.0,0.0,0.0,0.0,0.0,0.0,0.0,0.0,0.0,0.0,0.0,0.0,0.0,0.0,0.0,0.0,0.0,0.0,0.0,0.0,0.0,0.0,0.0,0.0,0.0,0.0,0.0,0.0,0.0,0.0,0.0,0.0,0.0,0.0,0.0,0.0,0.0,0.0,0.0,0.0,0.0,0.0,0.0,0.0,0.0,5809.037109375,856.0493774414062,0.0,0.0,0.0,0.0,0.0,0.0,0.0,0.0,TX
8150816,TX,4835,0.12250104546546936,4,1.0,88589.11767578125,155550.25146484375,4,0,16444.5703125,0.0,129807.703125,0.0,0.0,0.0,0.0,0.0,-2803.3486328125,0.0,2803.359375,0.0,-2799.828125,0.0,2799.8125,0.0,2865.828125,0.0,-2865.8125,0.0,0.0,0.0,0.0,0.0,-2200.0,0.0,2200.0,0.0,0.0,0.0,0.0,0.0,-2591.466796875,0.0,2591.453125,0.0,0.0,0.0,0.0,0.0,0.0,0.0,0.0,0.0,0.0,0.0,0.0,0.0,0.0,0.0,0.0,0.0,0.0,0.0,0.0,0.0,0.0,0.0,0.0,0.0,0.0,0.0,0.0,0.0,0.0,0.0,0.0,0.0,0.0,0.0,0.0,0.0,-720.0,0.0,720.0,0.0,0.0,0.0,0.0,0.0,0.0,0.0,0.0,0.0,0.0,0.0,0.0,0.0,0.0,0.0,0.0,0.0,8195.7548828125,0.0,138056.515625,0.0,-8248.8154296875,0.0,8248.8125,0.0,-50.16133150902298,0.0,6.354640483856201,0.0,TX
8150817,TX,4835,0.1377394199371338,1,0.0,143388.421875,461523.875,1,0,128306.2734375,0.0,342848.4375,0.0,0.0,0.0,0.0,0.0,-637.203125,0.0,637.1875,0.0,-1984.296875,0.0,1984.3125,0.0,49.3671875,0.0,-49.375,0.0,0.0,0.0,0.0,0.0,0.0,0.0,0.0,0.0,0.0,0.0,0.0,0.0,-18002.5859375,0.0,18002.5625,0.0,-3045.125,0.0,3045.125,0.0,0.0,0.0,0.0,0.0,0.0,0.0,0.0,0.0,-350.0,0.0,350.0,0.0,0.0,0.0,0.0,0.0,0.0,0.0,0.0,0.0,0.0,0.0,0.0,0.0,0.0,0.0,0.0,0.0,0.0,0.0,0.0,0.0,0.0,0.0,0.0,0.0,0.0,0.0,0.0,0.0,0.0,0.0,0.0,0.0,0.0,0.0,0.0,0.0,0.0,0.0,0.0,0.0,104336.4296875,0.0,366818.25,0.0,-23969.84375,0.0,23969.8125,0.0,-18.681739487723558,0.0,6.991373062133789,0.0,TX
8150818,TX,4835,0.12001210451126099,3,1.0,151093.69140625,168343.3125,3,0,21905.4296875,0.0,140490.09375,0.0,0.0,0.0,0.0,0.0,-3457.8125,0.0,3457.8125,0.0,-2573.35546875,0.0,2573.34375,0.0,3498.001953125,0.0,-3498.0,0.0,0.0,0.0,0.0,0.0,-2200.0,0.0,2200.0,0.0,0.0,0.0,0.0,0.0,-1100.0,0.0,1100.0,0.0,0.0,0.0,0.0,0.0,0.0,0.0,0.0,0.0,0.0,0.0,0.0,0.0,-440.001953125,0.0,440.0,0.0,0.0,0.0,0.0,0.0,0.0,0.0,0.0,0.0,0.0,0.0,0.0,0.0,0.0,0.0,0.0,0.0,0.0,0.0,0.0,0.0,0.0,0.0,0.0,0.0,0.0,0.0,0.0,0.0,0.0,0.0,0.0,0.0,0.0,0.0,0.0,0.0,0.0,0.0,0.0,0.0,15632.26171875,0.0,146763.25,0.0,-6273.16796875,0.0,6273.15625,0.0,-28.637502474236733,0.0,4.4651947021484375,0.0,TX
8150819,TX,4835,0.09772036224603653,3,0.0,89963.16162109375,452845.8515625,3,0,115787.25439453125,0.0,405160.53125,49666.453125,0.0,4967.037109375,0.0,54633.490234375,-237.597900390625,0.0,237.625,0.0,-930.0650634765625,0.0,930.0625,0.0,630.065185546875,0.0,-630.0625,0.0,0.0,0.0,0.0,0.0,0.0,0.0,0.0,0.0,0.0,0.0,0.0,0.0,-12270.828125,0.0,12270.8125,0.0,-29074.25,0.0,29074.25,0.0,0.0,0.0,0.0,0.0,0.0,0.0,0.0,0.0,-480.0,0.0,480.0,0.0,0.0,0.0,0.0,0.0,0.0,0.0,0.0,0.0,0.0,0.0,0.0,0.0,0.0,0.0,0.0,0.0,0.0,0.0,0.0,0.0,0.0,0.0,0.0,0.0,0.0,0.0,0.0,0.0,0.0,0.0,0.0,0.0,0.0,0.0,0.0,0.0,0.0,0.0,0.0,0.0,73424.57849121094,0.0,447523.21875,54633.490234375,-42362.67590332031,0.0,42362.6875,0.0,-36.58664861244102,0.0,10.455778121948242,0.0,TX
8150820,TX,4835,153.4155731201172,1,0.0,0.0,0.0,1,0,0.0,0.0,38547.71875,18324.55859375,20223.16015625,0.0,0.0,38547.71875,0.0,0.0,0.0,0.0,0.0,0.0,0.0,0.0,0.0,0.0,0.0,0.0,0.0,0.0,0.0,0.0,0.0,0.0,0.0,0.0,0.0,0.0,0.0,0.0,0.0,0.0,0.0,0.0,0.0,0.0,0.0,0.0,0.0,0.0,0.0,0.0,0.0,0.0,0.0,0.0,0.0,0.0,0.0,0.0,0.0,0.0,0.0,0.0,0.0,0.0,0.0,0.0,0.0,0.0,0.0,0.0,0.0,0.0,0.0,0.0,0.0,0.0,0.0,0.0,0.0,0.0,0.0,0.0,0.0,0.0,0.0,0.0,0.0,0.0,0.0,0.0,0.0,0.0,0.0,0.0,0.0,0.0,0.0,0.0,0.0,0.0,38547.71875,38547.71875,0.0,0.0,0.0,0.0,0.0,0.0,0.0,0.0,TX
8150821,TX,4835,0.15895415842533112,2,0.0,43945.5322265625,41613.73828125,2,0,375.744384765625,0.0,51896.62890625,0.0,0.0,0.0,0.0,0.0,0.0,0.0,0.0,0.0,-375.744384765625,0.0,375.74609375,0.0,0.0,0.0,0.0,0.0,0.0,0.0,0.0,0.0,0.0,0.0,0.0,0.0,0.0,0.0,0.0,0.0,0.0,0.0,0.0,0.0,0.0,0.0,0.0,0.0,0.0,0.0,0.0,0.0,0.0,0.0,0.0,0.0,0.0,0.0,0.0,0.0,0.0,0.0,0.0,0.0,0.0,0.0,0.0,0.0,0.0,0.0,0.0,0.0,0.0,0.0,0.0,0.0,0.0,0.0,0.0,0.0,0.0,0.0,0.0,0.0,0.0,0.0,0.0,0.0,0.0,0.0,0.0,0.0,0.0,0.0,0.0,0.0,0.0,0.0,0.0,0.0,0.0,0.0,52272.375,0.0,-375.744384765625,0.0,375.74609375,0.0,-100.0,0.0,0.7240279316902161,0.0,TX
8150822,TX,4835,0.09529387950897217,1,0.0,154671.234375,190514.21875,1,0,37989.35546875,0.0,161617.78125,14070.05859375,0.0,0.0,0.0,14070.05859375,-4751.80859375,0.0,4751.8125,0.0,0.0,0.0,0.0,0.0,972.61328125,0.0,-972.625,0.0,0.0,0.0,0.0,0.0,0.0,0.0,0.0,0.0,0.0,0.0,0.0,0.0,0.0,0.0,0.0,0.0,-1338.97265625,0.0,1338.96875,0.0,0.0,0.0,0.0,0.0,0.0,0.0,0.0,0.0,-240.0,0.0,240.0,0.0,0.0,0.0,0.0,0.0,0.0,0.0,0.0,0.0,0.0,0.0,0.0,0.0,0.0,0.0,0.0,0.0,0.0,0.0,0.0,0.0,0.0,0.0,0.0,0.0,0.0,0.0,0.0,0.0,0.0,0.0,0.0,0.0,0.0,0.0,0.0,0.0,0.0,0.0,0.0,0.0,32631.1875,0.0,166975.9375,14070.05859375,-5358.16796875,0.0,5358.15625,0.0,-14.104392934904153,0.0,3.3153257369995117,0.0,TX
8150823,TX,4835,8.237272262573242,1,0.0,0.0,12281.771484375,1,0,0.0,0.0,41056.2265625,14387.2275390625,0.0,0.0,0.0,14387.2275390625,0.0,0.0,0.0,0.0,0.0,0.0,0.0,0.0,0.0,0.0,0.0,0.0,0.0,0.0,0.0,0.0,0.0,0.0,0.0,0.0,0.0,0.0,0.0,0.0,0.0,0.0,0.0,0.0,0.0,0.0,0.0,0.0,0.0,0.0,0.0,0.0,0.0,0.0,0.0,0.0,0.0,0.0,0.0,0.0,0.0,0.0,0.0,0.0,0.0,0.0,0.0,0.0,0.0,0.0,0.0,0.0,0.0,0.0,0.0,0.0,0.0,0.0,0.0,0.0,0.0,0.0,0.0,0.0,0.0,0.0,0.0,0.0,0.0,0.0,0.0,0.0,0.0,0.0,0.0,0.0,0.0,0.0,0.0,0.0,0.0,0.0,41056.2265625,14387.2275390625,0.0,0.0,0.0,0.0,0.0,0.0,0.0,0.0,TX
8150824,TX,4835,0.13134700059890747,4,2.0,133150.3515625,473448.1875,4,0,99224.7578125,0.0,428055.375,0.0,0.0,0.0,0.0,0.0,0.0,0.0,0.0,0.0,0.0,0.0,0.0,0.0,0.0,0.0,0.0,0.0,0.0,0.0,0.0,0.0,-700.0,0.0,700.0,0.0,0.0,0.0,0.0,0.0,-1300.0,0.0,1300.0,0.0,-24629.6328125,0.0,24629.625,0.0,0.0,0.0,0.0,0.0,0.0,0.0,0.0,0.0,0.0,0.0,0.0,0.0,0.0,0.0,0.0,0.0,0.0,0.0,0.0,0.0,0.0,0.0,0.0,0.0,0.0,0.0,0.0,0.0,0.0,0.0,0.0,0.0,0.0,0.0,0.0,0.0,0.0,0.0,0.0,0.0,0.0,0.0,0.0,0.0,0.0,0.0,0.0,0.0,0.0,0.0,0.0,0.0,72595.125,0.0,454685.0,0.0,-26629.6328125,0.0,26629.625,0.0,-26.837689906808006,0.0,6.221070289611816,0.0,TX
8150825,TX,4835,0.1275198757648468,2,0.0,170339.5859375,389929.8125,2,0,81932.5703125,0.0,339640.5625,15015.0341796875,0.0,0.0,0.0,15015.0341796875,0.0,0.0,0.0,0.0,0.0,0.0,0.0,0.0,0.0,0.0,0.0,0.0,0.0,0.0,0.0,0.0,0.0,0.0,0.0,0.0,0.0,0.0,0.0,0.0,-0.25,0.0,0.25,0.0,-21398.45703125,0.0,21398.4375,0.0,0.0,0.0,0.0,0.0,0.0,0.0,0.0,0.0,0.0,0.0,0.0,0.0,0.0,0.0,0.0,0.0,0.0,0.0,0.0,0.0,0.0,0.0,0.0,0.0,0.0,0.0,0.0,0.0,0.0,0.0,0.0,0.0,0.0,0.0,0.0,0.0,0.0,0.0,0.0,0.0,0.0,0.0,0.0,0.0,0.0,0.0,0.0,0.0,0.0,0.0,0.0,0.0,60533.86328125,0.0,361039.25,15015.0341796875,-21398.70703125,0.0,21398.6875,0.0,-26.117460918939727,0.0,6.300392150878906,0.0,TX
8150826,TX,4835,143.91551208496094,2,1.0,0.0,0.0,2,0,0.0,0.0,37778.44921875,13417.779296875,24360.67041015625,0.0,0.0,37778.44970703125,0.0,0.0,0.0,0.0,0.0,0.0,0.0,0.0,0.0,0.0,0.0,0.0,0.0,0.0,0.0,0.0,0.0,0.0,0.0,0.0,0.0,0.0,0.0,0.0,0.0,0.0,0.0,0.0,0.0,0.0,0.0,0.0,0.0,0.0,0.0,0.0,0.0,0.0,0.0,0.0,0.0,0.0,0.0,0.0,0.0,0.0,0.0,0.0,0.0,0.0,0.0,0.0,0.0,0.0,0.0,0.0,0.0,0.0,0.0,0.0,0.0,0.0,0.0,0.0,0.0,0.0,0.0,0.0,0.0,0.0,0.0,0.0,0.0,0.0,0.0,0.0,0.0,0.0,0.0,0.0,0.0,0.0,0.0,0.0,0.0,0.0,37778.44921875,37778.44970703125,0.0,0.0,0.0,0.0,0.0,0.0,0.0,0.0,TX
8150827,TX,4835,0.11029674112796783,6,3.9999999999999996,462046.41796875,505372.56250000006,6,0,130325.7890625,0.0,356216.53125,0.0,0.0,0.0,0.0,0.0,0.0,0.0,0.0,0.0,0.0,0.0,0.0,0.0,0.0,0.0,0.0,0.0,0.0,0.0,0.0,0.0,-100.00000000001455,0.0,100.0,0.0,0.0,0.0,0.0,0.0,-1399.9999999999854,0.0,1400.0,0.0,-27479.3671875,0.0,27479.375,0.0,0.0,0.0,0.0,0.0,0.0,0.0,0.0,0.0,-640.0000000000146,0.0,640.0,0.0,0.0,0.0,0.0,0.0,0.0,0.0,0.0,0.0,0.0,0.0,0.0,0.0,0.0,0.0,0.0,0.0,0.0,0.0,0.0,0.0,0.0,0.0,0.0,0.0,0.0,0.0,0.0,0.0,0.0,0.0,0.0,0.0,0.0,0.0,0.0,0.0,0.0,0.0,0.0,0.0,100706.42187499999,0.0,385835.90625,0.0,-29619.367187500015,0.0,29619.375,0.0,-22.72717272657028,0.0,8.31499195098877,0.0,TX
8150828,TX,4835,0.08700770884752274,3,1.0,119177.59765625,746299.875,3,0,176123.515625,0.0,573517.625,0.0,0.0,0.0,0.0,0.0,0.0,0.0,0.0,0.0,0.0,0.0,0.0,0.0,0.0,0.0,0.0,0.0,0.0,0.0,0.0,0.0,0.0,0.0,0.0,0.0,0.0,0.0,0.0,0.0,-1300.0,0.0,1300.0,0.0,-35839.171875,0.0,35839.1875,0.0,0.0,0.0,0.0,0.0,0.0,0.0,0.0,0.0,-400.0,0.0,400.0,0.0,-1054.296875,0.0,1054.3125,0.0,0.0,0.0,0.0,0.0,0.0,0.0,0.0,0.0,0.0,0.0,0.0,0.0,0.0,0.0,0.0,0.0,0.0,0.0,0.0,0.0,0.0,0.0,0.0,0.0,0.0,0.0,0.0,0.0,0.0,0.0,0.0,0.0,0.0,0.0,0.0,0.0,137530.046875,0.0,612111.125,0.0,-38593.46875,0.0,38593.5,0.0,-21.912729037372124,0.0,6.72926139831543,0.0,TX
8150829,TX,4835,0.13681703805923462,4,2.0,93902.787109375,93902.78710937501,4,0,458.5742187499991,0.0,109832.6953125,13101.9951171875,8275.0205078125,0.0,0.0,21377.015625,-1587.94873046875,0.0,1587.9453125,0.0,-1715.9999999999995,0.0,1716.0,0.0,1165.9999999999995,0.0,-1166.0,0.0,0.0,0.0,0.0,0.0,-685.7910156249982,0.0,685.7890625,0.0,0.0,0.0,0.0,0.0,0.0,0.0,0.0,0.0,0.0,0.0,0.0,0.0,0.0,0.0,0.0,0.0,0.0,0.0,0.0,0.0,0.0,0.0,0.0,0.0,0.0,0.0,0.0,0.0,0.0,0.0,0.0,0.0,0.0,0.0,0.0,0.0,0.0,0.0,0.0,0.0,0.0,0.0,0.0,0.0,0.0,0.0,0.0,0.0,-234.54589843750045,0.0,234.546875,0.0,0.0,0.0,0.0,0.0,0.0,0.0,0.0,0.0,0.0,0.0,0.0,0.0,-2599.7114257812495,0.0,112890.9765625,21377.015625,-3058.2856445312486,0.0,3058.28125,0.0,-666.9118148132384,0.0,2.7844908237457275,0.0,TX
8150830,TX,4835,0.10416347533464432,4,1.0,107477.9453125,213435.4453125,4,0,29262.40625,0.0,177301.75,0.0,0.0,0.0,0.0,0.0,-4221.771484374996,0.0,4221.765625,0.0,-4007.6386718750036,0.0,4007.640625,0.0,3823.6386718750036,0.0,-3823.640625,0.0,0.0,0.0,0.0,0.0,-2200.0000000000036,0.0,2200.0,0.0,0.0,0.0,0.0,0.0,-4678.408203125,0.0,4678.421875,0.0,0.0,0.0,0.0,0.0,0.0,0.0,0.0,0.0,0.0,0.0,0.0,0.0,-440.0,0.0,440.0,0.0,0.0,0.0,0.0,0.0,0.0,0.0,0.0,0.0,0.0,0.0,0.0,0.0,0.0,0.0,0.0,0.0,0.0,0.0,0.0,0.0,0.0,0.0,0.0,0.0,-320.3707275390625,0.0,320.359375,0.0,0.0,0.0,0.0,0.0,0.0,0.0,0.0,0.0,0.0,0.0,0.0,0.0,17217.855834960938,0.0,189346.296875,0.0,-12044.550415039062,0.0,12044.546875,0.0,-41.16049210764772,0.0,6.793247699737549,0.0,TX
8150831,TX,4835,0.12232957035303116,2,0.0,74224.1171875,208030.765625,2,0,33107.69140625,0.0,226022.84375,46722.5234375,0.0,0.0,0.0,46722.5234375,-4802.9228515625,0.0,4802.9375,0.0,-3432.0,0.0,3432.0,0.0,2332.0,0.0,-2332.0,0.0,0.0,0.0,0.0,0.0,0.0,0.0,0.0,0.0,0.0,0.0,0.0,0.0,-3817.0615234375,0.0,3817.0625,0.0,0.0,0.0,0.0,0.0,0.0,0.0,0.0,0.0,0.0,0.0,0.0,0.0,0.0,0.0,0.0,0.0,0.0,0.0,0.0,0.0,0.0,0.0,0.0,0.0,0.0,0.0,0.0,0.0,0.0,0.0,0.0,0.0,0.0,0.0,0.0,0.0,-1688.935546875,0.0,1688.921875,0.0,0.0,0.0,0.0,0.0,0.0,0.0,0.0,0.0,0.0,0.0,0.0,0.0,0.0,0.0,0.0,0.0,21698.771484375,0.0,237431.765625,46722.5234375,-11408.919921875,0.0,11408.921875,0.0,-34.46002858333169,0.0,5.047685146331787,0.0,TX
8150832,TX,4835,0.12403252720832825,2,0.0,0.0,7785.1083984375,2,0,0.0,0.0,51466.94140625,22086.513671875,0.0,0.0,0.0,22086.513671875,0.0,0.0,0.0,0.0,0.0,0.0,0.0,0.0,0.0,0.0,0.0,0.0,0.0,0.0,0.0,0.0,0.0,0.0,0.0,0.0,0.0,0.0,0.0,0.0,0.0,0.0,0.0,0.0,0.0,0.0,0.0,0.0,0.0,0.0,0.0,0.0,0.0,0.0,0.0,0.0,0.0,0.0,0.0,0.0,0.0,0.0,0.0,0.0,0.0,0.0,0.0,0.0,0.0,0.0,0.0,0.0,0.0,0.0,0.0,0.0,0.0,0.0,0.0,0.0,0.0,0.0,0.0,0.0,0.0,0.0,0.0,0.0,0.0,0.0,0.0,0.0,0.0,0.0,0.0,0.0,0.0,0.0,0.0,0.0,0.0,0.0,51466.94140625,22086.513671875,0.0,0.0,0.0,0.0,0.0,0.0,0.0,0.0,TX
8150833,TX,4835,68.52870178222656,1,0.0,0.0,0.0,1,0,0.0,0.0,37422.890625,18876.4453125,0.0,0.0,0.0,18876.4453125,0.0,0.0,0.0,0.0,0.0,0.0,0.0,0.0,0.0,0.0,0.0,0.0,0.0,0.0,0.0,0.0,0.0,0.0,0.0,0.0,0.0,0.0,0.0,0.0,0.0,0.0,0.0,0.0,0.0,0.0,0.0,0.0,0.0,0.0,0.0,0.0,0.0,0.0,0.0,0.0,0.0,0.0,0.0,0.0,0.0,0.0,0.0,0.0,0.0,0.0,0.0,0.0,0.0,0.0,0.0,0.0,0.0,0.0,0.0,0.0,0.0,0.0,0.0,0.0,0.0,0.0,0.0,0.0,0.0,0.0,0.0,0.0,0.0,0.0,0.0,0.0,0.0,0.0,0.0,0.0,0.0,0.0,0.0,0.0,0.0,0.0,37422.890625,18876.4453125,0.0,0.0,0.0,0.0,0.0,0.0,0.0,0.0,TX
8150834,TX,4835,0.12446849048137665,2,0.0,214932.82421875,397425.9375,2,0,86349.0546875,0.0,384694.0,38320.1640625,0.0,0.0,0.0,38320.1640625,0.0,0.0,0.0,0.0,0.0,0.0,0.0,0.0,0.0,0.0,0.0,0.0,0.0,0.0,0.0,0.0,0.0,0.0,0.0,0.0,0.0,0.0,0.0,0.0,0.0,0.0,0.0,0.0,-15537.71875,0.0,15537.71875,0.0,0.0,0.0,0.0,0.0,0.0,0.0,0.0,0.0,-480.0,0.0,480.0,0.0,0.0,0.0,0.0,0.0,0.0,0.0,0.0,0.0,0.0,0.0,0.0,0.0,0.0,0.0,0.0,0.0,0.0,0.0,0.0,0.0,0.0,0.0,0.0,0.0,0.0,0.0,0.0,0.0,0.0,0.0,0.0,0.0,0.0,0.0,0.0,0.0,0.0,0.0,0.0,0.0,70331.3359375,0.0,400711.71875,38320.1640625,-16017.71875,0.0,16017.71875,0.0,-18.549964221343984,0.0,4.163755893707275,0.0,TX
8150835,TX,4835,347.94659423828125,1,0.0,0.0,0.0,1,0,0.0,0.0,23819.19921875,3596.039794921875,20223.16015625,0.0,0.0,23819.199951171875,0.0,0.0,0.0,0.0,0.0,0.0,0.0,0.0,0.0,0.0,0.0,0.0,0.0,0.0,0.0,0.0,0.0,0.0,0.0,0.0,0.0,0.0,0.0,0.0,0.0,0.0,0.0,0.0,0.0,0.0,0.0,0.0,0.0,0.0,0.0,0.0,0.0,0.0,0.0,0.0,0.0,0.0,0.0,0.0,0.0,0.0,0.0,0.0,0.0,0.0,0.0,0.0,0.0,0.0,0.0,0.0,0.0,0.0,0.0,0.0,0.0,0.0,0.0,0.0,0.0,0.0,0.0,0.0,0.0,0.0,0.0,0.0,0.0,0.0,0.0,0.0,0.0,0.0,0.0,0.0,0.0,0.0,0.0,0.0,0.0,0.0,23819.19921875,23819.199951171875,0.0,0.0,0.0,0.0,0.0,0.0,0.0,0.0,TX
8150836,TX,4835,0.12194394320249557,6,3.9999999999999996,250842.1640625,857747.9375000001,6,0,251568.0,0.0,650532.25,0.0,0.0,0.0,0.0,0.0,-21121.28124999997,0.0,21121.3125,0.0,0.0,0.0,0.0,0.0,0.0,0.0,0.0,0.0,0.0,0.0,0.0,0.0,0.0,0.0,0.0,0.0,0.0,0.0,0.0,0.0,-23029.04687500006,0.0,23029.0625,0.0,-16234.54687499997,0.0,16234.5,0.0,0.0,0.0,0.0,0.0,0.0,0.0,0.0,0.0,-700.0,0.0,700.0,0.0,0.0,0.0,0.0,0.0,0.0,0.0,0.0,0.0,0.0,0.0,0.0,0.0,0.0,0.0,0.0,0.0,0.0,0.0,0.0,0.0,0.0,0.0,0.0,0.0,0.0,0.0,0.0,0.0,0.0,0.0,0.0,0.0,0.0,0.0,0.0,0.0,0.0,0.0,0.0,0.0,190483.125,0.0,711617.125,0.0,-61084.875,0.0,61084.875,0.0,-24.281655456973862,0.0,9.389984130859375,0.0,TX
8150837,TX,4835,0.14140333235263824,3,1.0,472059.154296875,500085.28125,3,0,127751.2734375,0.0,378680.71875,0.0,0.0,0.0,0.0,0.0,-57.71875,0.0,57.71875,0.0,0.0,0.0,0.0,0.0,0.0078125,0.0,0.0,0.0,0.0,0.0,0.0,0.0,0.0,0.0,0.0,0.0,0.0,0.0,0.0,0.0,0.0,0.0,0.0,0.0,-24943.8671875,0.0,24943.84375,0.0,0.0,0.0,0.0,0.0,0.0,0.0,0.0,0.0,-247.234375,0.0,247.25,0.0,-447.25,0.0,447.25,0.0,0.0,0.0,0.0,0.0,0.0,0.0,0.0,0.0,0.0,0.0,0.0,0.0,0.0,0.0,0.0,0.0,0.0,0.0,0.0,0.0,0.0,0.0,0.0,0.0,0.0,0.0,0.0,0.0,0.0,0.0,0.0,0.0,0.0,0.0,0.0,0.0,102055.2109375,0.0,404376.78125,0.0,-25696.0625,0.0,25696.0625,0.0,-20.11413413626075,0.0,6.785680294036865,0.0,TX
8150838,TX,4835,0.04084203392267227,1,0.0,0.0,12908.63671875,1,0,0.0,0.0,49530.671875,18311.017578125,0.0,0.0,0.0,18311.017578125,0.0,0.0,0.0,0.0,0.0,0.0,0.0,0.0,0.0,0.0,0.0,0.0,0.0,0.0,0.0,0.0,0.0,0.0,0.0,0.0,0.0,0.0,0.0,0.0,0.0,0.0,0.0,0.0,0.0,0.0,0.0,0.0,0.0,0.0,0.0,0.0,0.0,0.0,0.0,0.0,0.0,0.0,0.0,0.0,0.0,0.0,0.0,0.0,0.0,0.0,0.0,0.0,0.0,0.0,0.0,0.0,0.0,0.0,0.0,0.0,0.0,0.0,0.0,0.0,0.0,0.0,0.0,0.0,0.0,0.0,0.0,0.0,0.0,0.0,0.0,0.0,0.0,0.0,0.0,0.0,0.0,0.0,0.0,0.0,0.0,0.0,49530.671875,18311.017578125,0.0,0.0,0.0,0.0,0.0,0.0,0.0,0.0,TX
8150839,TX,4835,0.11962650716304779,1,0.0,57744.734375,71285.734375,1,0,8883.93359375,0.0,79775.59375,15930.5849609375,0.0,0.0,0.0,15930.5849609375,-1481.072265625,0.0,1481.0703125,0.0,-1664.5732421875,0.0,1664.578125,0.0,1114.5732421875,0.0,-1114.578125,0.0,0.0,0.0,0.0,0.0,0.0,0.0,0.0,0.0,0.0,0.0,0.0,0.0,0.0,0.0,0.0,0.0,0.0,0.0,0.0,0.0,0.0,0.0,0.0,0.0,0.0,0.0,0.0,0.0,0.0,0.0,0.0,0.0,0.0,0.0,0.0,0.0,0.0,0.0,0.0,0.0,0.0,0.0,0.0,0.0,0.0,0.0,0.0,0.0,0.0,0.0,0.0,0.0,0.0,0.0,0.0,0.0,0.0,0.0,0.0,0.0,0.0,0.0,0.0,0.0,0.0,0.0,0.0,0.0,0.0,0.0,0.0,0.0,6852.861328125,0.0,81806.6640625,15930.5849609375,-2031.072265625,0.0,2031.0703125,0.0,-22.86230805522786,0.0,2.5459794998168945,0.0,TX
8150840,TX,4835,0.13851241767406464,6,3.9999999999999996,167616.70703125,710448.5625,6,0,197872.453125,0.0,574061.5,0.0,0.0,0.0,0.0,0.0,-8297.734375,0.0,8297.75,0.0,0.0,0.0,0.0,0.0,0.0,0.0,0.0,0.0,0.0,0.0,0.0,0.0,0.0,0.0,0.0,0.0,0.0,0.0,0.0,0.0,-23029.046875,0.0,23029.0,0.0,-26322.265625,0.0,26322.3125,0.0,0.0,0.0,0.0,0.0,0.0,0.0,0.0,0.0,-700.0,0.0,700.0,0.0,0.0,0.0,0.0,0.0,0.0,0.0,0.0,0.0,0.0,0.0,0.0,0.0,0.0,0.0,0.0,0.0,0.0,0.0,0.0,0.0,0.0,0.0,0.0,0.0,0.0,0.0,0.0,0.0,0.0,0.0,0.0,0.0,0.0,0.0,0.0,0.0,0.0,0.0,0.0,0.0,139523.40625,0.0,632410.5625,0.0,-58349.046875,0.0,58349.0625,0.0,-29.488211195390463,0.0,10.164252281188965,0.0,TX
8150841,TX,4835,0.10642623901367188,1,0.0,198580.15625,219586.28125,1,0,44419.015625,0.0,196621.625,24510.603515625,0.0,0.0,0.0,24510.603515625,-5595.4375,0.0,5595.4375,0.0,0.0,0.0,0.0,0.0,937.51171875,0.0,-937.515625,0.0,0.0,0.0,0.0,0.0,0.0,0.0,0.0,0.0,0.0,0.0,0.0,0.0,0.0,0.0,0.0,0.0,0.0,0.0,0.0,0.0,0.0,0.0,0.0,0.0,0.0,0.0,0.0,0.0,0.0,0.0,0.0,0.0,0.0,0.0,0.0,0.0,0.0,0.0,0.0,0.0,0.0,0.0,0.0,0.0,0.0,0.0,0.0,0.0,0.0,0.0,0.0,0.0,0.0,0.0,0.0,0.0,0.0,0.0,0.0,0.0,0.0,0.0,0.0,0.0,0.0,0.0,0.0,0.0,0.0,0.0,0.0,0.0,39761.08984375,0.0,201279.546875,24510.603515625,-4657.92578125,0.0,4657.921875,0.0,-10.486332746708635,0.0,2.3689775466918945,0.0,TX
8150842,TX,4835,0.11739130318164825,2,0.0,0.0,16146.0732421875,2,0,0.0,0.0,81737.1796875,32894.43359375,0.0,0.0,0.0,32894.43359375,0.0,0.0,0.0,0.0,0.0,0.0,0.0,0.0,0.0,0.0,0.0,0.0,0.0,0.0,0.0,0.0,0.0,0.0,0.0,0.0,0.0,0.0,0.0,0.0,0.0,0.0,0.0,0.0,0.0,0.0,0.0,0.0,0.0,0.0,0.0,0.0,0.0,0.0,0.0,0.0,0.0,0.0,0.0,0.0,0.0,0.0,0.0,0.0,0.0,0.0,0.0,0.0,0.0,0.0,0.0,0.0,0.0,0.0,0.0,0.0,0.0,0.0,0.0,0.0,0.0,0.0,0.0,0.0,0.0,0.0,0.0,0.0,0.0,0.0,0.0,0.0,0.0,0.0,0.0,0.0,0.0,0.0,0.0,0.0,0.0,0.0,81737.1796875,32894.43359375,0.0,0.0,0.0,0.0,0.0,0.0,0.0,0.0,TX
8150843,TX,4835,237.04962158203125,1,0.0,0.0,0.0,1,0,0.0,0.0,9993.369140625,3596.039794921875,0.0,0.0,0.0,3596.039794921875,0.0,0.0,0.0,0.0,0.0,0.0,0.0,0.0,0.0,0.0,0.0,0.0,0.0,0.0,0.0,0.0,0.0,0.0,0.0,0.0,0.0,0.0,0.0,0.0,0.0,0.0,0.0,0.0,0.0,0.0,0.0,0.0,0.0,0.0,0.0,0.0,0.0,0.0,0.0,0.0,0.0,0.0,0.0,0.0,0.0,0.0,0.0,0.0,0.0,0.0,0.0,0.0,0.0,0.0,0.0,0.0,0.0,0.0,0.0,0.0,0.0,0.0,0.0,0.0,0.0,0.0,0.0,0.0,0.0,0.0,0.0,0.0,0.0,0.0,-3596.03955078125,-3596.039794921875,0.0,0.0,0.0,0.0,0.0,0.0,0.0,0.0,0.0,0.0,6397.32958984375,0.0,0.0,0.0,-3596.03955078125,-3596.039794921875,0.0,0.0,-35.984256744384766,-100.0,TX
8150844,TX,4835,0.11502017080783844,4,2.0,130852.7109375,519421.03125,4,0,130796.203125,0.0,361368.15625,351.6937255859375,0.0,0.0,0.0,351.6937255859375,0.0,0.0,0.0,0.0,0.0,0.0,0.0,0.0,0.0,0.0,0.0,0.0,0.0,0.0,0.0,0.0,0.0,0.0,0.0,0.0,0.0,0.0,0.0,0.0,-2145.8984375,0.0,2145.90625,0.0,-32910.4609375,0.0,32910.4375,0.0,0.0,0.0,0.0,0.0,0.0,0.0,0.0,0.0,-885.9140625,0.0,885.9375,0.0,0.0,0.0,0.0,0.0,0.0,0.0,0.0,0.0,0.0,0.0,0.0,0.0,0.0,0.0,0.0,0.0,0.0,0.0,0.0,0.0,0.0,0.0,0.0,0.0,0.0,0.0,0.0,0.0,0.0,0.0,0.0,0.0,0.0,0.0,0.0,0.0,0.0,0.0,0.0,0.0,94853.9296875,0.0,397310.4375,351.6937255859375,-35942.2734375,0.0,35942.28125,0.0,-27.479600002723704,0.0,9.9461669921875,0.0,TX
8150845,TX,4835,381.6134033203125,1,0.0,4687.6982421875,4687.6982421875,1,0,0.0,0.0,35292.90234375,10740.65234375,20223.16015625,0.0,0.0,30963.8125,0.0,0.0,0.0,0.0,0.0,0.0,0.0,0.0,0.0,0.0,0.0,0.0,0.0,0.0,0.0,0.0,0.0,0.0,0.0,0.0,0.0,0.0,0.0,0.0,0.0,0.0,0.0,0.0,0.0,0.0,0.0,0.0,0.0,0.0,0.0,0.0,0.0,0.0,0.0,0.0,0.0,0.0,0.0,0.0,0.0,0.0,0.0,0.0,0.0,0.0,0.0,0.0,0.0,0.0,0.0,0.0,0.0,0.0,0.0,0.0,0.0,0.0,0.0,0.0,0.0,0.0,0.0,0.0,0.0,0.0,0.0,0.0,0.0,0.0,0.0,0.0,0.0,0.0,0.0,0.0,0.0,0.0,0.0,0.0,0.0,0.0,35292.90234375,30963.8125,0.0,0.0,0.0,0.0,0.0,0.0,0.0,0.0,TX
8150846,TX,4835,89.49409484863281,1,0.0,4687.6982421875,4687.6982421875,1,0,0.0,0.0,33982.8125,15135.7041015625,0.0,0.0,0.0,15135.7041015625,0.0,0.0,0.0,0.0,0.0,0.0,0.0,0.0,0.0,0.0,0.0,0.0,0.0,0.0,0.0,0.0,0.0,0.0,0.0,0.0,0.0,0.0,0.0,0.0,0.0,0.0,0.0,0.0,0.0,0.0,0.0,0.0,0.0,0.0,0.0,0.0,0.0,0.0,0.0,0.0,0.0,0.0,0.0,0.0,0.0,0.0,0.0,0.0,0.0,0.0,0.0,0.0,0.0,0.0,0.0,0.0,0.0,0.0,0.0,0.0,0.0,0.0,0.0,0.0,0.0,0.0,0.0,0.0,0.0,0.0,0.0,0.0,0.0,0.0,0.0,0.0,0.0,0.0,0.0,0.0,0.0,0.0,0.0,0.0,0.0,0.0,33982.8125,15135.7041015625,0.0,0.0,0.0,0.0,0.0,0.0,0.0,0.0,TX
8150847,TX,4835,0.11370935291051865,3,0.0,168406.40234375,737998.125,3,0,139796.27197265625,0.0,620078.3125,0.0,0.0,0.0,0.0,0.0,-697.1357421875,0.0,697.1875,0.0,-936.0,0.0,936.0,0.0,636.0,0.0,-636.0,0.0,0.0,0.0,0.0,0.0,0.0,0.0,0.0,0.0,0.0,0.0,0.0,0.0,-31534.09375,0.0,31534.0625,0.0,-22932.78125,0.0,22932.75,0.0,0.0,0.0,0.0,0.0,0.0,0.0,0.0,0.0,0.0,0.0,0.0,0.0,-1620.4375,0.0,1620.4375,0.0,0.0,0.0,0.0,0.0,0.0,0.0,0.0,0.0,0.0,0.0,0.0,0.0,0.0,0.0,0.0,0.0,0.0,0.0,0.0,0.0,-19.45556640625,0.0,19.5,0.0,0.0,0.0,0.0,0.0,0.0,0.0,0.0,0.0,0.0,0.0,0.0,0.0,82692.3681640625,0.0,677182.25,0.0,-57103.90380859375,0.0,57103.9375,0.0,-40.847944657467764,0.0,9.209149360656738,0.0,TX
8150848,TX,4835,22.5906982421875,2,1.0,0.0,0.0,2,0,0.0,0.0,11087.0380859375,1130.9622802734375,9956.07568359375,0.0,0.0,11087.037963867188,0.0,0.0,0.0,0.0,0.0,0.0,0.0,0.0,0.0,0.0,0.0,0.0,0.0,0.0,0.0,0.0,0.0,0.0,0.0,0.0,0.0,0.0,0.0,0.0,0.0,0.0,0.0,0.0,0.0,0.0,0.0,0.0,0.0,0.0,0.0,0.0,0.0,0.0,0.0,0.0,0.0,0.0,0.0,0.0,0.0,0.0,0.0,0.0,0.0,0.0,0.0,0.0,0.0,0.0,0.0,0.0,0.0,0.0,0.0,0.0,0.0,0.0,0.0,0.0,0.0,0.0,0.0,0.0,0.0,0.0,0.0,0.0,0.0,0.0,0.0,0.0,0.0,0.0,0.0,0.0,0.0,0.0,0.0,0.0,0.0,0.0,11087.0380859375,11087.037963867188,0.0,0.0,0.0,0.0,0.0,0.0,0.0,0.0,TX
8150849,TX,4835,0.21203815937042236,1,0.0,0.0,26979.7734375,1,0,1046.47119140625,0.0,26939.779296875,0.0,0.0,0.0,0.0,0.0,0.0,0.0,0.0,0.0,-779.9999389648438,0.0,780.0,0.0,530.0,0.0,-530.0,0.0,0.0,0.0,0.0,0.0,0.0,0.0,0.0,0.0,0.0,0.0,0.0,0.0,0.0,0.0,0.0,0.0,0.0,0.0,0.0,0.0,0.0,0.0,0.0,0.0,0.0,0.0,0.0,0.0,0.0,0.0,0.0,0.0,0.0,0.0,0.0,0.0,0.0,0.0,0.0,0.0,0.0,0.0,0.0,0.0,0.0,0.0,0.0,0.0,0.0,0.0,0.0,0.0,-600.0,0.0,600.0,0.0,0.0,0.0,0.0,0.0,0.0,0.0,0.0,0.0,0.0,0.0,0.0,0.0,0.0,0.0,0.0,0.0,196.47125244140625,0.0,27789.779296875,0.0,-849.9999389648438,0.0,850.0,0.0,-81.2253548826903,0.0,3.1551852226257324,0.0,TX
8150850,TX,4835,5.376229763031006,1,0.0,0.0,0.0,1,0,0.0,0.0,65396.48828125,32698.244140625,0.0,0.0,0.0,32698.244140625,0.0,0.0,0.0,0.0,0.0,0.0,0.0,0.0,0.0,0.0,0.0,0.0,0.0,0.0,0.0,0.0,0.0,0.0,0.0,0.0,0.0,0.0,0.0,0.0,0.0,0.0,0.0,0.0,0.0,0.0,0.0,0.0,0.0,0.0,0.0,0.0,0.0,0.0,0.0,0.0,0.0,0.0,0.0,0.0,0.0,0.0,0.0,0.0,0.0,0.0,0.0,0.0,0.0,0.0,0.0,0.0,0.0,0.0,0.0,0.0,0.0,0.0,0.0,0.0,0.0,0.0,0.0,0.0,0.0,0.0,0.0,0.0,0.0,0.0,0.0,0.0,0.0,0.0,0.0,0.0,0.0,0.0,0.0,0.0,0.0,0.0,65396.48828125,32698.244140625,0.0,0.0,0.0,0.0,0.0,0.0,0.0,0.0,TX
8150851,TX,4835,243.88018798828125,1,0.0,0.0,0.0,1,0,0.0,0.0,4395.7060546875,3596.039794921875,0.0,0.0,0.0,3596.039794921875,0.0,0.0,0.0,0.0,0.0,0.0,0.0,0.0,0.0,0.0,0.0,0.0,0.0,0.0,0.0,0.0,0.0,0.0,0.0,0.0,0.0,0.0,0.0,0.0,0.0,0.0,0.0,0.0,0.0,0.0,0.0,0.0,0.0,0.0,0.0,0.0,0.0,0.0,0.0,0.0,0.0,0.0,0.0,0.0,0.0,0.0,0.0,0.0,0.0,0.0,0.0,0.0,0.0,0.0,0.0,0.0,0.0,0.0,0.0,0.0,0.0,0.0,0.0,0.0,0.0,0.0,0.0,0.0,0.0,0.0,0.0,0.0,0.0,0.0,0.0,0.0,0.0,0.0,0.0,0.0,0.0,0.0,0.0,0.0,0.0,0.0,4395.7060546875,3596.039794921875,0.0,0.0,0.0,0.0,0.0,0.0,0.0,0.0,TX
8150852,TX,4835,0.1219077855348587,4,2.0,149694.517578125,537044.9375,4,0,132991.3125,0.0,383040.75,0.0,0.0,0.0,0.0,0.0,0.0,0.0,0.0,0.0,0.0,0.0,0.0,0.0,0.0,0.0,0.0,0.0,0.0,0.0,0.0,0.0,0.0,0.0,0.0,0.0,0.0,0.0,0.0,0.0,-1547.59375,0.0,1547.5625,0.0,-28843.234375,0.0,28843.25,0.0,0.0,0.0,0.0,0.0,0.0,0.0,0.0,0.0,-821.5546875,0.0,821.5625,0.0,0.0,0.0,0.0,0.0,0.0,0.0,0.0,0.0,0.0,0.0,0.0,0.0,0.0,0.0,0.0,0.0,0.0,0.0,0.0,0.0,0.0,0.0,0.0,0.0,0.0,0.0,0.0,0.0,0.0,0.0,0.0,0.0,0.0,0.0,0.0,0.0,0.0,0.0,0.0,0.0,101778.9296875,0.0,414253.125,0.0,-31212.3828125,0.0,31212.375,0.0,-23.46949001837996,0.0,8.148578643798828,0.0,TX
8150853,TX,4835,0.12481067329645157,1,0.0,177406.53125,181027.625,1,0,25401.78125,0.0,142504.53125,0.0,0.0,0.0,0.0,0.0,-3214.044921875,0.0,3214.03125,0.0,0.0,0.0,0.0,0.0,1272.0,0.0,-1272.0,0.0,0.0,0.0,0.0,0.0,0.0,0.0,0.0,0.0,0.0,0.0,0.0,0.0,-1200.0,0.0,1200.0,0.0,0.0,0.0,0.0,0.0,0.0,0.0,0.0,0.0,0.0,0.0,0.0,0.0,0.0,0.0,0.0,0.0,0.0,0.0,0.0,0.0,0.0,0.0,0.0,0.0,0.0,0.0,0.0,0.0,0.0,0.0,0.0,0.0,0.0,0.0,0.0,0.0,0.0,0.0,0.0,0.0,0.0,0.0,0.0,0.0,0.0,0.0,0.0,0.0,0.0,0.0,0.0,0.0,0.0,0.0,0.0,0.0,22259.736328125,0.0,145646.5625,0.0,-3142.044921875,0.0,3142.03125,0.0,-12.369388158064702,0.0,2.204864025115967,0.0,TX
8150854,TX,4835,0.40920495986938477,1,0.0,6466.265625,16580.666015625,1,0,-224.83905029296875,0.0,23823.091796875,287.68316650390625,0.0,0.0,0.0,287.68316650390625,0.0,0.0,0.0,0.0,0.0,0.0,0.0,0.0,0.0,0.0,0.0,0.0,0.0,0.0,0.0,0.0,0.0,0.0,0.0,0.0,0.0,0.0,0.0,0.0,0.0,0.0,0.0,0.0,0.0,0.0,0.0,0.0,0.0,0.0,0.0,0.0,0.0,0.0,0.0,0.0,0.0,0.0,0.0,0.0,0.0,0.0,0.0,0.0,0.0,0.0,0.0,0.0,0.0,0.0,0.0,0.0,0.0,0.0,0.0,0.0,0.0,0.0,0.0,0.0,0.0,0.0,0.0,0.0,0.0,0.0,0.0,0.0,0.0,0.0,0.0,0.0,0.0,0.0,0.0,0.0,0.0,0.0,0.0,0.0,-224.83905029296875,0.0,23823.091796875,287.68316650390625,0.0,0.0,0.0,0.0,0.0,0.0,0.0,0.0,TX
8150855,TX,4835,0.13929563760757446,2,0.0,444793.96875,563907.9375,2,0,143813.90625,0.0,394880.6875,0.0,0.0,0.0,0.0,0.0,0.0,0.0,0.0,0.0,0.0,0.0,0.0,0.0,0.0,0.0,0.0,0.0,0.0,0.0,0.0,0.0,0.0,0.0,0.0,0.0,0.0,0.0,0.0,0.0,-1400.0,0.0,1400.0,0.0,-29946.9140625,0.0,29946.9375,0.0,0.0,0.0,0.0,0.0,0.0,0.0,0.0,0.0,-640.0,0.0,640.0,0.0,0.0,0.0,0.0,0.0,0.0,0.0,0.0,0.0,0.0,0.0,0.0,0.0,0.0,0.0,0.0,0.0,0.0,0.0,0.0,0.0,0.0,0.0,0.0,0.0,0.0,0.0,0.0,0.0,0.0,0.0,0.0,0.0,0.0,0.0,0.0,0.0,0.0,0.0,0.0,0.0,111826.9921875,0.0,426867.625,0.0,-31986.9140625,0.0,31986.9375,0.0,-22.241878338868915,0.0,8.1004056930542,0.0,TX
8150856,TX,4835,0.12310700118541718,4,1.0,512272.4609375,890507.375,4,0,238558.69677734375,0.0,656294.625,2114.486572265625,0.0,0.0,0.0,2114.486572265625,-21413.67041015625,0.0,21413.625,0.0,-936.0,0.0,936.0,0.0,636.0,0.0,-636.0,0.0,0.0,0.0,0.0,0.0,0.0,0.0,0.0,0.0,0.0,0.0,0.0,0.0,-6933.15625,0.0,6933.1875,0.0,-4359.84375,0.0,4359.8125,0.0,0.0,0.0,0.0,0.0,0.0,0.0,0.0,0.0,-120.0,0.0,120.0,0.0,-4494.59375,0.0,4494.625,0.0,0.0,0.0,0.0,0.0,0.0,0.0,0.0,0.0,0.0,0.0,0.0,0.0,0.0,0.0,0.0,0.0,-720.0,0.0,720.0,0.0,0.0,0.0,0.0,0.0,0.0,0.0,0.0,0.0,0.0,0.0,0.0,0.0,0.0,0.0,0.0,0.0,200217.4326171875,0.0,694635.875,2114.486572265625,-38341.26416015625,0.0,38341.25,0.0,-16.07204628382996,0.0,5.842078685760498,0.0,TX
8150857,TX,4835,0.11266909539699554,5,3.0,1182669.7509765625,1210667.125,5,0,393292.53125,0.0,781209.875,0.0,0.0,0.0,0.0,0.0,-37152.0,0.0,37152.0,0.0,0.0,0.0,0.0,0.0,0.0,0.0,0.0,0.0,0.0,0.0,0.0,0.0,0.0,0.0,0.0,0.0,0.0,0.0,0.0,0.0,-1850.0,0.0,1850.0,0.0,0.0,0.0,0.0,0.0,0.0,0.0,0.0,0.0,0.0,0.0,0.0,0.0,0.0,0.0,0.0,0.0,-8911.28125,0.0,8911.25,0.0,0.0,0.0,0.0,0.0,0.0,0.0,0.0,0.0,0.0,0.0,0.0,0.0,0.0,0.0,0.0,0.0,0.0,0.0,0.0,0.0,0.0,0.0,0.0,0.0,0.0,0.0,0.0,0.0,0.0,0.0,0.0,0.0,0.0,0.0,0.0,0.0,345379.25,0.0,829123.125,0.0,-47913.28125,0.0,47913.25,0.0,-12.182606442516827,0.0,6.133211135864258,0.0,TX
8150858,TX,4835,113.5019760131836,1,0.0,0.0,2384.108642578125,1,0,0.0,0.0,54919.2890625,26267.58984375,0.0,0.0,0.0,26267.58984375,0.0,0.0,0.0,0.0,0.0,0.0,0.0,0.0,0.0,0.0,0.0,0.0,0.0,0.0,0.0,0.0,0.0,0.0,0.0,0.0,0.0,0.0,0.0,0.0,0.0,0.0,0.0,0.0,0.0,0.0,0.0,0.0,0.0,0.0,0.0,0.0,0.0,0.0,0.0,0.0,0.0,0.0,0.0,0.0,0.0,0.0,0.0,0.0,0.0,0.0,0.0,0.0,0.0,0.0,0.0,0.0,0.0,0.0,0.0,0.0,0.0,0.0,0.0,0.0,0.0,0.0,0.0,0.0,0.0,0.0,0.0,0.0,0.0,0.0,0.0,0.0,0.0,0.0,0.0,0.0,0.0,0.0,0.0,0.0,0.0,0.0,54919.2890625,26267.58984375,0.0,0.0,0.0,0.0,0.0,0.0,0.0,0.0,TX
8150859,TX,4835,35.15563201904297,1,0.0,2571.4677734375,9796.0390625,1,0,0.0,0.0,44806.17578125,16545.3125,0.0,0.0,0.0,16545.3125,0.0,0.0,0.0,0.0,0.0,0.0,0.0,0.0,0.0,0.0,0.0,0.0,0.0,0.0,0.0,0.0,0.0,0.0,0.0,0.0,0.0,0.0,0.0,0.0,0.0,0.0,0.0,0.0,0.0,0.0,0.0,0.0,0.0,0.0,0.0,0.0,0.0,0.0,0.0,0.0,0.0,0.0,0.0,0.0,0.0,0.0,0.0,0.0,0.0,0.0,0.0,0.0,0.0,0.0,0.0,0.0,0.0,0.0,0.0,0.0,0.0,0.0,0.0,0.0,0.0,0.0,0.0,0.0,0.0,0.0,0.0,0.0,0.0,0.0,0.0,0.0,0.0,0.0,0.0,0.0,0.0,0.0,0.0,0.0,0.0,0.0,44806.17578125,16545.3125,0.0,0.0,0.0,0.0,0.0,0.0,0.0,0.0,TX
8150860,TX,4835,0.20220020413398743,11,6.0,86487.23681640625,219978.01806640625,11,0,8348.3486328125,0.0,216843.40625,0.0,0.0,0.0,10149.4951171875,10149.4951171875,-555.5361328125,0.0,555.53125,0.0,-1560.0,0.0,1560.0,0.0,6111.5654296875,0.0,-6111.5625,0.0,0.0,0.0,0.0,0.0,-7200.0,0.0,7200.0,0.0,0.0,0.0,0.0,0.0,-415.779296875,0.0,415.78125,0.0,0.0,0.0,0.0,0.0,0.0,0.0,0.0,0.0,0.0,0.0,0.0,0.0,0.0,0.0,0.0,0.0,0.0,0.0,0.0,0.0,0.0,0.0,0.0,0.0,0.0,0.0,0.0,0.0,0.0,0.0,0.0,0.0,-1233.0400390625,0.0,1233.03125,0.0,-672.44921875,0.0,672.453125,0.0,0.0,0.0,0.0,0.0,0.0,0.0,0.0,0.0,0.0,0.0,0.0,0.0,0.0,0.0,0.0,0.0,2823.109375,0.0,222368.640625,10149.4951171875,-5525.2392578125,0.0,5525.234375,0.0,-66.18361907043509,0.0,2.548029661178589,0.0,TX
8150861,TX,4835,0.1352989226579666,5,2.0,718555.5703125,760924.546875,5,0,183276.19921875,0.0,567872.5,0.0,0.0,0.0,0.0,0.0,-2879.857421875,0.0,2879.875,0.0,-1716.0,0.0,1716.0,0.0,1166.0,0.0,-1166.0,0.0,0.0,0.0,0.0,0.0,0.0,0.0,0.0,0.0,0.0,0.0,0.0,0.0,-1400.0,0.0,1400.0,0.0,-19507.3125,0.0,19507.3125,0.0,0.0,0.0,0.0,0.0,0.0,0.0,0.0,0.0,-104.412109375,0.0,104.4375,0.0,-2562.203125,0.0,2562.1875,0.0,0.0,0.0,0.0,0.0,451.5625,0.0,-451.5625,0.0,0.0,0.0,0.0,0.0,0.0,0.0,0.0,0.0,0.0,0.0,0.0,0.0,0.0,0.0,0.0,0.0,0.0,0.0,0.0,0.0,0.0,0.0,0.0,0.0,0.0,0.0,0.0,0.0,156723.9765625,0.0,594424.75,0.0,-26552.22265625,0.0,26552.25,0.0,-14.4875454474907,0.0,4.675741672515869,0.0,TX
8150862,TX,4835,0.1157853901386261,4,2.0,767628.953125,1087459.5,4,0,316047.71875,0.0,744936.5,0.0,0.0,0.0,0.0,0.0,-29710.34375,0.0,29710.375,0.0,0.0,0.0,0.0,0.0,0.0,0.0,0.0,0.0,0.0,0.0,0.0,0.0,0.0,0.0,0.0,0.0,0.0,0.0,0.0,0.0,-1850.0,0.0,1850.0,0.0,0.0,0.0,0.0,0.0,0.0,0.0,0.0,0.0,0.0,0.0,0.0,0.0,0.0,0.0,0.0,0.0,-7543.6875,0.0,7543.625,0.0,0.0,0.0,0.0,0.0,0.0,0.0,0.0,0.0,0.0,0.0,0.0,0.0,0.0,0.0,0.0,0.0,0.0,0.0,0.0,0.0,0.0,0.0,0.0,0.0,0.0,0.0,0.0,0.0,0.0,0.0,0.0,0.0,0.0,0.0,0.0,0.0,276943.6875,0.0,784040.5,0.0,-39104.03125,0.0,39104.0,0.0,-12.37282502928998,0.0,5.249306678771973,0.0,TX
8150863,TX,4835,250.31304931640625,2,0.0,33184.91796875,72461.1875,2,0,5326.67822265625,0.0,93076.71875,20708.888671875,0.0,4665.62744140625,0.0,25374.51611328125,-589.3359375,0.0,589.328125,0.0,-1871.999755859375,0.0,1872.0,0.0,1271.999755859375,0.0,-1272.0,0.0,0.0,0.0,0.0,0.0,0.0,0.0,0.0,0.0,0.0,0.0,0.0,0.0,0.0,0.0,0.0,0.0,0.0,0.0,0.0,0.0,0.0,0.0,0.0,0.0,0.0,0.0,0.0,0.0,0.0,0.0,0.0,0.0,0.0,0.0,0.0,0.0,0.0,0.0,0.0,0.0,0.0,0.0,0.0,0.0,0.0,0.0,0.0,0.0,0.0,0.0,0.0,0.0,-719.999755859375,0.0,720.0,0.0,0.0,0.0,0.0,0.0,0.0,0.0,0.0,0.0,0.0,0.0,0.0,0.0,0.0,0.0,0.0,0.0,3417.342529296875,0.0,94986.046875,25374.51611328125,-1909.335693359375,0.0,1909.328125,0.0,-35.84477254958435,0.0,2.0513486862182617,0.0,TX
8150864,TX,4835,59.97612380981445,2,0.0,182.5196075439453,182.5196075439453,2,0,0.0,0.0,6084.96826171875,0.0,0.0,0.0,0.0,0.0,0.0,0.0,0.0,0.0,0.0,0.0,0.0,0.0,0.0,0.0,0.0,0.0,0.0,0.0,0.0,0.0,0.0,0.0,0.0,0.0,0.0,0.0,0.0,0.0,0.0,0.0,0.0,0.0,0.0,0.0,0.0,0.0,0.0,0.0,0.0,0.0,0.0,0.0,0.0,0.0,0.0,0.0,0.0,0.0,0.0,0.0,0.0,0.0,0.0,0.0,0.0,0.0,0.0,0.0,0.0,0.0,0.0,0.0,0.0,0.0,0.0,0.0,0.0,0.0,0.0,0.0,0.0,0.0,0.0,0.0,0.0,0.0,0.0,0.0,0.0,0.0,0.0,0.0,0.0,0.0,0.0,0.0,0.0,0.0,0.0,0.0,6084.96826171875,0.0,0.0,0.0,0.0,0.0,0.0,0.0,0.0,0.0,TX
8150865,TX,4835,0.13548371195793152,2,0.0,112918.3828125,113241.80859375,2,0,12953.274169921875,0.0,91650.2734375,0.0,0.0,0.0,0.0,0.0,-1963.2890625,0.0,1963.2890625,0.0,-2651.9998779296875,0.0,2652.0,0.0,1801.9998779296875,0.0,-1802.0,0.0,0.0,0.0,0.0,0.0,0.0,0.0,0.0,0.0,0.0,0.0,0.0,0.0,0.0,0.0,0.0,0.0,0.0,0.0,0.0,0.0,0.0,0.0,0.0,0.0,0.0,0.0,0.0,0.0,0.0,0.0,0.0,0.0,0.0,0.0,0.0,0.0,0.0,0.0,0.0,0.0,0.0,0.0,0.0,0.0,0.0,0.0,0.0,0.0,0.0,0.0,0.0,0.0,0.0,0.0,0.0,0.0,-330.745849609375,0.0,330.75,0.0,0.0,0.0,0.0,0.0,0.0,0.0,0.0,0.0,0.0,0.0,0.0,0.0,9809.2392578125,0.0,94794.3125,0.0,-3144.034912109375,0.0,3144.0390625,0.0,-24.27212510802848,0.0,3.430474281311035,0.0,TX
8150866,TX,4835,0.1466873288154602,2,0.0,27325.130859375,33062.8203125,2,0,0.0,0.0,96971.5,32239.37890625,0.0,0.0,0.0,32239.37890625,0.0,0.0,0.0,0.0,0.0,0.0,0.0,0.0,0.0,0.0,0.0,0.0,0.0,0.0,0.0,0.0,0.0,0.0,0.0,0.0,0.0,0.0,0.0,0.0,0.0,0.0,0.0,0.0,0.0,0.0,0.0,0.0,0.0,0.0,0.0,0.0,0.0,0.0,0.0,0.0,0.0,0.0,0.0,0.0,0.0,0.0,0.0,0.0,0.0,0.0,0.0,0.0,0.0,0.0,0.0,0.0,0.0,0.0,0.0,0.0,0.0,0.0,0.0,0.0,0.0,0.0,0.0,0.0,0.0,0.0,0.0,0.0,0.0,0.0,0.0,0.0,0.0,0.0,0.0,0.0,0.0,0.0,0.0,0.0,0.0,0.0,96971.5,32239.37890625,0.0,0.0,0.0,0.0,0.0,0.0,0.0,0.0,TX
8150867,TX,4835,0.14977380633354187,1,0.0,59542.44140625,76940.25,1,0,9785.0625,0.0,88501.15625,20468.01171875,0.0,0.0,0.0,20468.01171875,-1589.20703125,0.0,1589.2109375,0.0,-1716.00048828125,0.0,1716.0,0.0,1166.0,0.0,-1166.0,0.0,0.0,0.0,0.0,0.0,0.0,0.0,0.0,0.0,0.0,0.0,0.0,0.0,0.0,0.0,0.0,0.0,0.0,0.0,0.0,0.0,0.0,0.0,0.0,0.0,0.0,0.0,0.0,0.0,0.0,0.0,0.0,0.0,0.0,0.0,0.0,0.0,0.0,0.0,0.0,0.0,0.0,0.0,0.0,0.0,0.0,0.0,0.0,0.0,0.0,0.0,0.0,0.0,-1294.388671875,0.0,1294.390625,0.0,0.0,0.0,0.0,0.0,0.0,0.0,0.0,0.0,0.0,0.0,0.0,0.0,0.0,0.0,0.0,0.0,6351.46630859375,0.0,91934.7578125,20468.01171875,-3433.59619140625,0.0,3433.6015625,0.0,-35.090181502736954,0.0,3.879725217819214,0.0,TX
8150868,TX,4835,0.11013707518577576,5,0.0,118902.0908203125,112259.7138671875,1,4,6626.0853271484375,0.0,105102.4375,287.68316650390625,0.0,8277.13671875,0.0,8564.819885253906,-644.1748046875,0.0,644.171875,0.0,-2551.9078674316406,0.0,2551.90625,0.0,1701.9078674316406,0.0,-1701.90625,0.0,0.0,0.0,0.0,0.0,0.0,0.0,0.0,0.0,0.0,0.0,0.0,0.0,0.0,0.0,0.0,0.0,0.0,0.0,0.0,0.0,0.0,0.0,0.0,0.0,0.0,0.0,0.0,0.0,0.0,0.0,0.0,0.0,0.0,0.0,0.0,0.0,0.0,0.0,0.0,0.0,0.0,0.0,0.0,0.0,0.0,0.0,0.0,0.0,0.0,0.0,0.0,0.0,0.0,0.0,0.0,0.0,0.0,0.0,0.0,0.0,0.0,0.0,0.0,0.0,0.0,0.0,0.0,0.0,0.0,0.0,0.0,0.0,5131.9105224609375,0.0,106596.609375,8564.819885253906,-1494.1748046875,0.0,1494.171875,0.0,-22.549887768054507,0.0,1.4216339588165283,0.0,TX
8150869,TX,4835,0.20588473975658417,4,2.0,194305.70703125,520316.25,4,0,138065.0,0.0,358514.875,0.0,0.0,0.0,0.0,0.0,0.0,0.0,0.0,0.0,0.0,0.0,0.0,0.0,0.0,0.0,0.0,0.0,0.0,0.0,0.0,0.0,0.0,0.0,0.0,0.0,0.0,0.0,0.0,0.0,-2226.890625,0.0,2226.875,0.0,-31241.6640625,0.0,31241.6875,0.0,0.0,0.0,0.0,0.0,0.0,0.0,0.0,0.0,-882.6953125,0.0,882.6875,0.0,0.0,0.0,0.0,0.0,0.0,0.0,0.0,0.0,0.0,0.0,0.0,0.0,0.0,0.0,0.0,0.0,0.0,0.0,0.0,0.0,0.0,0.0,0.0,0.0,0.0,0.0,0.0,0.0,0.0,0.0,0.0,0.0,0.0,0.0,0.0,0.0,0.0,0.0,0.0,0.0,103713.75,0.0,392866.125,0.0,-34351.25,0.0,34351.25,0.0,-24.880491073045306,0.0,9.581541061401367,0.0,TX
8150870,TX,4835,0.10446204245090485,4,0.0,166928.8955078125,287441.7001953125,4,0,42207.525390625,0.0,253657.671875,32376.25390625,20223.16015625,0.0,0.0,52599.4140625,-5813.282470703125,0.0,5813.28125,0.0,-4368.0009765625,0.0,4368.015625,0.0,2968.0009765625,0.0,-2968.015625,0.0,0.0,0.0,0.0,0.0,0.0,0.0,0.0,0.0,0.0,0.0,0.0,0.0,-3995.4208984375,0.0,3995.421875,0.0,0.0,0.0,0.0,0.0,0.0,0.0,0.0,0.0,0.0,0.0,0.0,0.0,-220.0,0.0,220.0,0.0,0.0,0.0,0.0,0.0,0.0,0.0,0.0,0.0,0.0,0.0,0.0,0.0,0.0,0.0,0.0,0.0,0.0,0.0,0.0,0.0,-1474.2744140625,0.0,1474.28125,0.0,0.0,0.0,0.0,0.0,0.0,0.0,0.0,0.0,0.0,0.0,0.0,0.0,0.0,0.0,0.0,0.0,29304.547607421875,0.0,266560.65625,52599.4140625,-12902.977783203125,0.0,12902.984375,0.0,-30.570325229417723,0.0,5.086770534515381,0.0,TX
8150871,TX,4835,0.3455841541290283,3,1.0,222842.8203125,483181.3125,3,0,131896.140625,0.0,433565.0625,38198.39453125,0.0,0.0,0.0,38198.39453125,0.0,0.0,0.0,0.0,0.0,0.0,0.0,0.0,0.0,0.0,0.0,0.0,0.0,0.0,0.0,0.0,0.0,0.0,0.0,0.0,0.0,0.0,0.0,0.0,-4636.28125,0.0,4636.3125,0.0,-33780.21875,0.0,33780.1875,0.0,0.0,0.0,0.0,0.0,0.0,0.0,0.0,0.0,-774.2109375,0.0,774.21875,0.0,0.0,0.0,0.0,0.0,0.0,0.0,0.0,0.0,0.0,0.0,0.0,0.0,0.0,0.0,0.0,0.0,0.0,0.0,0.0,0.0,0.0,0.0,0.0,0.0,0.0,0.0,0.0,0.0,0.0,0.0,0.0,0.0,0.0,0.0,0.0,0.0,0.0,0.0,0.0,0.0,92705.4296875,0.0,472755.78125,38198.39453125,-39190.7109375,0.0,39190.71875,0.0,-29.713311361342193,0.0,9.039178848266602,0.0,TX
8150872,TX,4835,0.11342784017324448,1,0.0,37756.21875,63663.734375,1,0,3197.283447265625,0.0,68904.84375,0.0,0.0,0.0,0.0,0.0,-401.456787109375,0.0,401.453125,0.0,0.0,0.0,0.0,0.0,636.0,0.0,-636.0,0.0,0.0,0.0,0.0,0.0,0.0,0.0,0.0,0.0,0.0,0.0,0.0,0.0,-11.8681640625,0.0,11.8671875,0.0,0.0,0.0,0.0,0.0,0.0,0.0,0.0,0.0,0.0,0.0,0.0,0.0,0.0,0.0,0.0,0.0,0.0,0.0,0.0,0.0,0.0,0.0,0.0,0.0,0.0,0.0,0.0,0.0,0.0,0.0,0.0,0.0,0.0,0.0,0.0,0.0,0.0,0.0,0.0,0.0,-42.15380859375,0.0,42.15625,0.0,0.0,0.0,0.0,0.0,0.0,0.0,0.0,0.0,0.0,0.0,0.0,0.0,3377.8046875,0.0,68724.3203125,0.0,180.521240234375,0.0,-180.5234375,0.0,5.646081844534617,0.0,-0.2619894742965698,0.0,TX
8150873,TX,4835,0.4795759916305542,4,2.0,92082.09375,92082.09375,4,0,4927.31396484375,0.0,86035.15625,0.0,0.0,0.0,0.0,0.0,-909.462890625,0.0,909.4609375,0.0,-1872.0,0.0,1872.0,0.0,2544.0,0.0,-2544.0,0.0,0.0,0.0,0.0,0.0,-2400.0,0.0,2400.0,0.0,0.0,0.0,0.0,0.0,0.0,0.0,0.0,0.0,0.0,0.0,0.0,0.0,0.0,0.0,0.0,0.0,0.0,0.0,0.0,0.0,0.0,0.0,0.0,0.0,0.0,0.0,0.0,0.0,0.0,0.0,0.0,0.0,0.0,0.0,0.0,0.0,0.0,0.0,0.0,0.0,0.0,0.0,0.0,0.0,0.0,0.0,0.0,0.0,-282.75537109375,0.0,282.7578125,0.0,0.0,0.0,0.0,0.0,0.0,0.0,0.0,0.0,0.0,0.0,0.0,0.0,2007.095703125,0.0,88955.375,0.0,-2920.21826171875,0.0,2920.21875,0.0,-59.26592627452659,0.0,3.3942155838012695,0.0,TX
8150874,TX,4835,84.43450927734375,1,0.0,1897.200927734375,34068.31640625,1,0,2155.24755859375,0.0,84536.2421875,29623.51953125,0.0,0.0,0.0,29623.51953125,-193.049560546875,0.0,193.046875,0.0,-900.3663330078125,0.0,900.3671875,0.0,600.3663330078125,0.0,-600.3671875,0.0,0.0,0.0,0.0,0.0,0.0,0.0,0.0,0.0,0.0,0.0,0.0,0.0,0.0,0.0,0.0,0.0,0.0,0.0,0.0,0.0,0.0,0.0,0.0,0.0,0.0,0.0,0.0,0.0,0.0,0.0,0.0,0.0,0.0,0.0,0.0,0.0,0.0,0.0,0.0,0.0,0.0,0.0,0.0,0.0,0.0,0.0,0.0,0.0,0.0,0.0,0.0,0.0,-670.3663330078125,0.0,670.3671875,0.0,0.0,0.0,0.0,0.0,0.0,0.0,0.0,0.0,0.0,0.0,0.0,0.0,0.0,0.0,0.0,0.0,991.8316650390625,0.0,85699.65625,29623.51953125,-1163.4158935546875,0.0,1163.4140625,0.0,-53.98061530870216,0.0,1.376231074333191,0.0,TX
8150875,TX,4835,0.25052762031555176,3,0.0,38632.52734375,251462.77734375,3,0,20168.590087890625,0.0,285148.90625,47085.47265625,0.0,0.0,0.0,47085.47265625,-816.809814453125,0.0,816.8125,0.0,-1805.0703125,0.0,1805.0625,0.0,636.0,0.0,-636.0,0.0,0.0,0.0,0.0,0.0,0.0,0.0,0.0,0.0,0.0,0.0,0.0,0.0,-1022.26953125,0.0,1022.28125,0.0,-808.66015625,0.0,808.65625,0.0,0.0,0.0,0.0,0.0,0.0,0.0,0.0,0.0,-245.986328125,0.0,245.96875,0.0,0.0,0.0,0.0,0.0,0.0,0.0,0.0,0.0,0.0,0.0,0.0,0.0,0.0,0.0,0.0,0.0,0.0,0.0,0.0,0.0,-2106.2158203125,0.0,2106.21875,0.0,-52.962646484375,0.0,52.96875,0.0,0.0,0.0,0.0,0.0,0.0,0.0,0.0,0.0,0.0,0.0,0.0,0.0,13946.615478515625,0.0,291370.875,47085.47265625,-6221.974609375,0.0,6221.96875,0.0,-30.849824317222456,0.0,2.1820068359375,0.0,TX
8150876,TX,4835,0.40903034806251526,1,0.0,59912.48046875,59912.48046875,1,0,6314.49267578125,0.0,55281.4765625,0.0,0.0,0.0,0.0,0.0,-1024.8984375,0.0,1024.8984375,0.0,-916.0966796875,0.0,916.09375,0.0,636.0,0.0,-636.0,0.0,0.0,0.0,0.0,0.0,0.0,0.0,0.0,0.0,0.0,0.0,0.0,0.0,0.0,0.0,0.0,0.0,0.0,0.0,0.0,0.0,0.0,0.0,0.0,0.0,0.0,0.0,0.0,0.0,0.0,0.0,0.0,0.0,0.0,0.0,0.0,0.0,0.0,0.0,0.0,0.0,0.0,0.0,0.0,0.0,0.0,0.0,0.0,0.0,0.0,0.0,0.0,0.0,0.0,0.0,0.0,0.0,-145.26904296875,0.0,145.2734375,0.0,0.0,0.0,0.0,0.0,0.0,0.0,0.0,0.0,0.0,0.0,0.0,0.0,4864.228515625,0.0,56731.7421875,0.0,-1450.26416015625,0.0,1450.265625,0.0,-22.96723164663135,0.0,2.623420476913452,0.0,TX
8150877,TX,4835,0.18644501268863678,5,2.0,290841.427734375,543917.1796875,5,0,132272.21875,0.0,494545.9375,0.0,0.0,0.0,0.0,0.0,0.0,0.0,0.0,0.0,0.0,0.0,0.0,0.0,0.0,0.0,0.0,0.0,0.0,0.0,0.0,0.0,0.0,0.0,0.0,0.0,0.0,0.0,0.0,0.0,-2892.671875,0.0,2892.65625,0.0,-26398.2265625,0.0,26398.21875,0.0,0.0,0.0,0.0,0.0,0.0,0.0,0.0,0.0,0.0,0.0,0.0,0.0,-1250.8046875,0.0,1250.8125,0.0,0.0,0.0,0.0,0.0,0.0,0.0,0.0,0.0,0.0,0.0,0.0,0.0,0.0,0.0,0.0,0.0,0.0,0.0,0.0,0.0,0.0,0.0,0.0,0.0,0.0,0.0,0.0,0.0,0.0,0.0,0.0,0.0,0.0,0.0,0.0,0.0,101730.515625,0.0,525087.625,0.0,-30541.703125,0.0,30541.6875,0.0,-23.090036149408736,0.0,6.175703048706055,0.0,TX
8150878,TX,4835,0.27644413709640503,2,0.0,91823.7421875,91823.7421875,0,2,8171.0615234375,0.0,94646.671875,0.0,0.0,18018.5126953125,0.0,18018.5126953125,-1158.212646484375,0.0,1158.21875,0.0,-1871.999755859375,0.0,1872.0,0.0,1272.0,0.0,-1272.0,0.0,0.0,0.0,0.0,0.0,0.0,0.0,0.0,0.0,0.0,0.0,0.0,0.0,0.0,0.0,0.0,0.0,0.0,0.0,0.0,0.0,0.0,0.0,0.0,0.0,0.0,0.0,0.0,0.0,0.0,0.0,0.0,0.0,0.0,0.0,0.0,0.0,0.0,0.0,0.0,0.0,0.0,0.0,0.0,0.0,0.0,0.0,0.0,0.0,0.0,0.0,0.0,0.0,0.0,0.0,0.0,0.0,-91.18212890625,0.0,91.1875,0.0,0.0,0.0,0.0,0.0,0.0,0.0,0.0,0.0,0.0,0.0,0.0,0.0,6321.6669921875,0.0,96496.078125,18018.5126953125,-1849.39453125,0.0,1849.40625,0.0,-22.633467217757218,0.0,1.9540108442306519,0.0,TX
8150879,TX,4835,0.14440536499023438,2,0.0,143135.10546875,545908.6875,2,0,120637.5,0.0,425827.0,0.0,0.0,0.0,0.0,0.0,0.0,0.0,0.0,0.0,0.0,0.0,0.0,0.0,0.0,0.0,0.0,0.0,0.0,0.0,0.0,0.0,0.0,0.0,0.0,0.0,0.0,0.0,0.0,0.0,-2.1015625,0.0,2.0625,0.0,-27389.140625,0.0,27389.15625,0.0,0.0,0.0,0.0,0.0,0.0,0.0,0.0,0.0,-480.2890625,0.0,480.28125,0.0,0.0,0.0,0.0,0.0,0.0,0.0,0.0,0.0,0.0,0.0,0.0,0.0,0.0,0.0,0.0,0.0,0.0,0.0,0.0,0.0,0.0,0.0,0.0,0.0,0.0,0.0,0.0,0.0,0.0,0.0,0.0,0.0,0.0,0.0,0.0,0.0,0.0,0.0,0.0,0.0,92765.96875,0.0,453698.5,0.0,-27871.53125,0.0,27871.5,0.0,-23.10353849342037,0.0,6.545263290405273,0.0,TX
8150880,TX,4835,156.0543670654297,3,1.0,23942.1328125,24984.8203125,3,0,0.0,0.0,33535.55859375,330.0,0.0,0.0,0.0,330.0,0.0,0.0,0.0,0.0,0.0,0.0,0.0,0.0,0.0,0.0,0.0,0.0,0.0,0.0,0.0,0.0,0.0,0.0,0.0,0.0,0.0,0.0,0.0,0.0,0.0,0.0,0.0,0.0,0.0,0.0,0.0,0.0,0.0,0.0,0.0,0.0,0.0,0.0,0.0,0.0,0.0,0.0,0.0,0.0,0.0,0.0,0.0,0.0,0.0,0.0,0.0,0.0,0.0,0.0,0.0,0.0,0.0,0.0,0.0,0.0,0.0,0.0,0.0,0.0,0.0,0.0,0.0,0.0,0.0,0.0,0.0,0.0,0.0,0.0,0.0,0.0,0.0,0.0,0.0,0.0,0.0,0.0,0.0,0.0,0.0,0.0,33535.55859375,330.0,0.0,0.0,0.0,0.0,0.0,0.0,0.0,0.0,TX
8150881,TX,4835,0.14427410066127777,3,0.0,112998.2646484375,516383.7568359375,1,2,110521.890625,0.0,408554.25,0.0,0.0,0.0,0.0,0.0,0.0,0.0,0.0,0.0,0.0,0.0,0.0,0.0,0.0,0.0,0.0,0.0,0.0,0.0,0.0,0.0,0.0,0.0,0.0,0.0,0.0,0.0,0.0,0.0,-7.125,0.0,7.125,0.0,-26172.765625,0.0,26172.75,0.0,0.0,0.0,0.0,0.0,0.0,0.0,0.0,0.0,-440.265625,0.0,440.28125,0.0,0.0,0.0,0.0,0.0,0.0,0.0,0.0,0.0,0.0,0.0,0.0,0.0,0.0,0.0,0.0,0.0,0.0,0.0,0.0,0.0,0.0,0.0,0.0,0.0,0.0,0.0,0.0,0.0,0.0,0.0,0.0,0.0,0.0,0.0,0.0,0.0,0.0,0.0,0.0,0.0,83901.734375,0.0,435174.40625,0.0,-26620.15625,0.0,26620.15625,0.0,-24.08586760456533,0.0,6.5156965255737305,0.0,TX
8150882,TX,4835,0.3275160789489746,2,0.0,185559.9140625,186284.375,2,0,28696.09375,0.0,143392.953125,0.0,0.0,0.0,0.0,0.0,-4273.53125,0.0,4273.53125,0.0,-3432.0,0.0,3432.0,0.0,2332.0,0.0,-2332.0,0.0,0.0,0.0,0.0,0.0,0.0,0.0,0.0,0.0,0.0,0.0,0.0,0.0,0.0,0.0,0.0,0.0,0.0,0.0,0.0,0.0,0.0,0.0,0.0,0.0,0.0,0.0,0.0,0.0,0.0,0.0,0.0,0.0,0.0,0.0,0.0,0.0,0.0,0.0,0.0,0.0,0.0,0.0,0.0,0.0,0.0,0.0,0.0,0.0,0.0,0.0,0.0,0.0,0.0,0.0,0.0,0.0,-237.79296875,0.0,237.796875,0.0,0.0,0.0,0.0,0.0,0.0,0.0,0.0,0.0,0.0,0.0,0.0,0.0,23084.76953125,0.0,149004.28125,0.0,-5611.32421875,0.0,5611.328125,0.0,-19.55431379488715,0.0,3.913252353668213,0.0,TX
8150883,TX,4835,0.6400849223136902,3,1.0,1450021.6938476562,1983351.5,2,1,681768.3125,0.0,1292862.75,0.0,0.0,0.0,0.0,0.0,-53233.375,0.0,53233.25,0.0,-5772.0,0.0,5772.0,0.0,0.0,0.0,0.0,0.0,0.0,0.0,0.0,0.0,0.0,0.0,0.0,0.0,0.0,0.0,0.0,0.0,-8368.8125,0.0,8368.875,0.0,0.0,0.0,0.0,0.0,0.0,0.0,0.0,0.0,0.0,0.0,0.0,0.0,-740.0,0.0,740.0,0.0,0.0,0.0,0.0,0.0,0.0,0.0,0.0,0.0,0.0,0.0,0.0,0.0,0.0,0.0,0.0,0.0,0.0,0.0,0.0,0.0,0.0,0.0,0.0,0.0,0.0,0.0,0.0,0.0,0.0,0.0,0.0,0.0,0.0,0.0,0.0,0.0,0.0,0.0,0.0,0.0,613654.125,0.0,1360976.875,0.0,-68114.1875,0.0,68114.125,0.0,-9.990811577943497,0.0,5.268473148345947,0.0,TX
8150884,TX,4835,0.23338426649570465,5,2.0,150533.060546875,152297.6640625,5,0,11601.237915039062,0.0,137007.265625,0.0,0.0,0.0,0.0,0.0,-1728.599609375,0.0,1728.59375,0.0,-1839.4742431640625,0.0,1839.484375,0.0,3560.22021484375,0.0,-3560.21875,0.0,0.0,0.0,0.0,0.0,-1700.0,0.0,1700.0,0.0,0.0,0.0,0.0,0.0,0.0,0.0,0.0,0.0,0.0,0.0,0.0,0.0,0.0,0.0,0.0,0.0,0.0,0.0,0.0,0.0,-154.8984375,0.0,154.890625,0.0,0.0,0.0,0.0,0.0,0.0,0.0,0.0,0.0,0.0,0.0,0.0,0.0,0.0,0.0,0.0,0.0,0.0,0.0,0.0,0.0,-1233.05615234375,0.0,1233.0625,0.0,0.0,0.0,0.0,0.0,0.0,0.0,0.0,0.0,0.0,0.0,0.0,0.0,0.0,0.0,0.0,0.0,8505.4296875,0.0,140103.078125,0.0,-3095.8082275390625,0.0,3095.8125,0.0,-26.685154206913257,0.0,2.2595973014831543,0.0,TX
8150885,TX,4835,0.2549613416194916,2,0.0,489303.109375,859194.0,2,0,231481.765625,0.0,625664.0,0.0,0.0,0.0,0.0,0.0,-16712.453125,0.0,16712.5,0.0,0.0,0.0,0.0,0.0,0.0,0.0,0.0,0.0,0.0,0.0,0.0,0.0,0.0,0.0,0.0,0.0,0.0,0.0,0.0,0.0,-1400.0,0.0,1400.0,0.0,-6581.515625,0.0,6581.5,0.0,0.0,0.0,0.0,0.0,0.0,0.0,0.0,0.0,-700.0,0.0,700.0,0.0,-1931.21875,0.0,1931.1875,0.0,0.0,0.0,0.0,0.0,0.0,0.0,0.0,0.0,0.0,0.0,0.0,0.0,0.0,0.0,0.0,0.0,0.0,0.0,0.0,0.0,0.0,0.0,0.0,0.0,0.0,0.0,0.0,0.0,0.0,0.0,0.0,0.0,0.0,0.0,0.0,0.0,204156.578125,0.0,652989.1875,0.0,-27325.1875,0.0,27325.1875,0.0,-11.804466510017358,0.0,4.367389678955078,0.0,TX
8150886,TX,4835,0.5514475703239441,3,1.0,142175.509765625,144738.626953125,1,2,18533.197265625,0.0,95990.5546875,0.0,0.0,9001.6337890625,1691.58251953125,10693.21630859375,-2547.5400390625,0.0,2547.5390625,0.0,-1716.0,0.0,1716.0,0.0,1166.0,0.0,-1166.0,0.0,0.0,0.0,0.0,0.0,0.0,0.0,0.0,0.0,0.0,0.0,0.0,0.0,0.0,0.0,0.0,0.0,0.0,0.0,0.0,0.0,0.0,0.0,0.0,0.0,0.0,0.0,0.0,0.0,-220.0,0.0,220.0,0.0,0.0,0.0,0.0,0.0,0.0,0.0,0.0,0.0,659.8736572265625,0.0,-659.875,0.0,0.0,0.0,0.0,0.0,0.0,0.0,0.0,0.0,0.0,0.0,0.0,0.0,0.0,0.0,0.0,0.0,0.0,0.0,0.0,0.0,0.0,0.0,0.0,0.0,0.0,0.0,0.0,0.0,15875.530883789062,0.0,98648.21875,10693.21630859375,-2657.6663818359375,0.0,2657.6640625,0.0,-14.34003180209668,0.0,2.768672466278076,0.0,TX
8150887,TX,4835,0.4891684651374817,2,0.0,89668.9765625,90333.3671875,2,0,5105.9990234375,0.0,84154.8125,0.0,0.0,0.0,0.0,0.0,-545.2001953125,0.0,545.1953125,0.0,0.0,0.0,0.0,0.0,1272.0,0.0,-1272.0,0.0,0.0,0.0,0.0,0.0,0.0,0.0,0.0,0.0,0.0,0.0,0.0,0.0,-15.06005859375,0.0,15.0625,0.0,0.0,0.0,0.0,0.0,0.0,0.0,0.0,0.0,0.0,0.0,0.0,0.0,0.0,0.0,0.0,0.0,0.0,0.0,0.0,0.0,0.0,0.0,0.0,0.0,0.0,0.0,0.0,0.0,0.0,0.0,0.0,0.0,0.0,0.0,0.0,0.0,0.0,0.0,0.0,0.0,-217.90380859375,0.0,217.90625,0.0,0.0,0.0,0.0,0.0,0.0,0.0,0.0,0.0,0.0,0.0,0.0,0.0,5599.8349609375,0.0,83660.9765625,0.0,493.8359375,0.0,-493.8359375,0.0,9.671681001762824,0.0,-0.5868184566497803,0.0,TX
8150888,TX,4835,0.11992187052965164,3,1.0,184061.109375,184061.109375,3,0,23917.77734375,0.0,146062.65625,0.0,0.0,0.0,0.0,0.0,-3808.3330078125,0.0,3808.34375,0.0,-2632.748046875,0.0,2632.734375,0.0,1842.6826171875,0.0,-1842.671875,0.0,0.0,0.0,0.0,0.0,-2200.0,0.0,2200.0,0.0,0.0,0.0,0.0,0.0,0.0,0.0,0.0,0.0,0.0,0.0,0.0,0.0,0.0,0.0,0.0,0.0,0.0,0.0,0.0,0.0,-217.3125,0.0,217.3125,0.0,0.0,0.0,0.0,0.0,0.0,0.0,0.0,0.0,0.0,0.0,0.0,0.0,0.0,0.0,0.0,0.0,0.0,0.0,0.0,0.0,0.0,0.0,0.0,0.0,-54.47607421875,0.0,54.46875,0.0,0.0,0.0,0.0,0.0,0.0,0.0,0.0,0.0,0.0,0.0,0.0,0.0,16847.59033203125,0.0,153132.84375,0.0,-7070.18701171875,0.0,7070.1875,0.0,-29.560384771983312,0.0,4.840517044067383,0.0,TX
8150889,TX,4835,0.1620887666940689,4,0.0,449259.4288330078,517612.6007080078,4,0,132192.73713684082,0.0,366419.1875,0.0,0.0,0.0,0.0,0.0,0.0,0.0,0.0,0.0,0.0,0.0,0.0,0.0,0.0,0.0,0.0,0.0,0.0,0.0,0.0,0.0,0.0,0.0,0.0,0.0,0.0,0.0,0.0,0.0,-1400.0,0.0,1400.0,0.0,-32355.734375,0.0,32355.71875,0.0,0.0,0.0,0.0,0.0,0.0,0.0,0.0,0.0,-640.0,0.0,640.0,0.0,0.0,0.0,0.0,0.0,0.0,0.0,0.0,0.0,0.0,0.0,0.0,0.0,0.0,0.0,0.0,0.0,0.0,0.0,0.0,0.0,0.0,0.0,0.0,0.0,0.0,0.0,0.0,0.0,0.0,0.0,0.0,0.0,0.0,0.0,0.0,0.0,0.0,0.0,0.0,0.0,97797.00276184082,0.0,400814.90625,0.0,-34395.734375,0.0,34395.71875,0.0,-26.01938284960002,0.0,9.38698673248291,0.0,TX
8150890,TX,4835,0.10654312372207642,1,0.0,8146.72314453125,8146.72314453125,1,0,-406.8858947753906,0.0,13984.6298828125,0.0,0.0,0.0,0.0,0.0,0.0,0.0,0.0,0.0,0.0,0.0,0.0,0.0,0.0,0.0,0.0,0.0,0.0,0.0,0.0,0.0,0.0,0.0,0.0,0.0,0.0,0.0,0.0,0.0,0.0,0.0,0.0,0.0,0.0,0.0,0.0,0.0,0.0,0.0,0.0,0.0,0.0,0.0,0.0,0.0,0.0,0.0,0.0,0.0,0.0,0.0,0.0,0.0,0.0,0.0,0.0,0.0,0.0,0.0,0.0,0.0,0.0,0.0,0.0,0.0,0.0,0.0,0.0,0.0,0.0,0.0,0.0,0.0,0.0,0.0,0.0,0.0,0.0,0.0,0.0,0.0,0.0,0.0,0.0,0.0,0.0,0.0,0.0,0.0,-406.8858947753906,0.0,13984.6298828125,0.0,0.0,0.0,0.0,0.0,0.0,0.0,0.0,0.0,TX
8150891,TX,4835,4.465733528137207,2,0.0,0.0,0.0,0,2,0.0,0.0,69610.015625,18446.755859375,40446.3203125,0.0,0.0,58893.076171875,0.0,0.0,0.0,0.0,0.0,0.0,0.0,0.0,0.0,0.0,0.0,0.0,0.0,0.0,0.0,0.0,0.0,0.0,0.0,0.0,0.0,0.0,0.0,0.0,0.0,0.0,0.0,0.0,0.0,0.0,0.0,0.0,0.0,0.0,0.0,0.0,0.0,0.0,0.0,0.0,0.0,0.0,0.0,0.0,0.0,0.0,0.0,0.0,0.0,0.0,0.0,0.0,0.0,0.0,0.0,0.0,0.0,0.0,0.0,0.0,0.0,0.0,0.0,0.0,0.0,0.0,0.0,0.0,0.0,0.0,0.0,0.0,0.0,0.0,0.0,0.0,0.0,0.0,0.0,0.0,0.0,0.0,0.0,0.0,0.0,0.0,69610.015625,58893.076171875,0.0,0.0,0.0,0.0,0.0,0.0,0.0,0.0,TX
8150892,TX,4835,81.84281921386719,2,0.0,0.0,77774.359375,2,0,5627.4638671875,0.0,94189.6953125,17997.11328125,0.0,0.0,0.0,17997.11328125,-649.49267578125,0.0,649.4921875,0.0,-1872.0,0.0,1872.0,0.0,1272.0,0.0,-1272.0,0.0,0.0,0.0,0.0,0.0,0.0,0.0,0.0,0.0,0.0,0.0,0.0,0.0,0.0,0.0,0.0,0.0,0.0,0.0,0.0,0.0,0.0,0.0,0.0,0.0,0.0,0.0,0.0,0.0,0.0,0.0,0.0,0.0,0.0,0.0,0.0,0.0,0.0,0.0,0.0,0.0,0.0,0.0,0.0,0.0,0.0,0.0,0.0,0.0,0.0,0.0,0.0,0.0,-1440.0,0.0,1440.0,0.0,-530.294189453125,0.0,530.2890625,0.0,0.0,0.0,0.0,0.0,0.0,0.0,0.0,0.0,0.0,0.0,0.0,0.0,2407.677001953125,0.0,97409.4765625,17997.11328125,-3219.786865234375,0.0,3219.78125,0.0,-57.215593759886076,0.0,3.418400764465332,0.0,TX
8150893,TX,4835,2.2248153686523438,2,0.0,309894.921875,1347407.5,2,0,348960.21875,0.0,990484.3125,0.0,0.0,0.0,0.0,0.0,-29544.15625,0.0,29544.125,0.0,0.0,0.0,0.0,0.0,0.0,0.0,0.0,0.0,0.0,0.0,0.0,0.0,0.0,0.0,0.0,0.0,0.0,0.0,0.0,0.0,-43392.625,0.0,43392.5625,0.0,0.0,0.0,0.0,0.0,0.0,0.0,0.0,0.0,0.0,0.0,0.0,0.0,0.0,0.0,0.0,0.0,-9865.34375,0.0,9865.5,0.0,0.0,0.0,0.0,0.0,0.0,0.0,0.0,0.0,0.0,0.0,0.0,0.0,0.0,0.0,0.0,0.0,0.0,0.0,0.0,0.0,0.0,0.0,0.0,0.0,0.0,0.0,0.0,0.0,0.0,0.0,0.0,0.0,0.0,0.0,0.0,0.0,266158.09375,0.0,1073286.5,0.0,-82802.125,0.0,82802.1875,0.0,-23.72824194591665,0.0,8.35976791381836,0.0,TX
8150894,TX,4835,272.9031982421875,1,0.0,0.0,0.0,1,0,0.0,0.0,24149.19921875,3926.039794921875,20223.16015625,0.0,0.0,24149.199951171875,0.0,0.0,0.0,0.0,0.0,0.0,0.0,0.0,0.0,0.0,0.0,0.0,0.0,0.0,0.0,0.0,0.0,0.0,0.0,0.0,0.0,0.0,0.0,0.0,0.0,0.0,0.0,0.0,0.0,0.0,0.0,0.0,0.0,0.0,0.0,0.0,0.0,0.0,0.0,0.0,0.0,0.0,0.0,0.0,0.0,0.0,0.0,0.0,0.0,0.0,0.0,0.0,0.0,0.0,0.0,0.0,0.0,0.0,0.0,0.0,0.0,0.0,0.0,0.0,0.0,0.0,0.0,0.0,0.0,0.0,0.0,0.0,0.0,0.0,0.0,0.0,0.0,0.0,0.0,0.0,0.0,0.0,0.0,0.0,0.0,0.0,24149.19921875,24149.199951171875,0.0,0.0,0.0,0.0,0.0,0.0,0.0,0.0,TX
8150895,TX,4835,0.13792076706886292,5,3.0,1068254.125,1191635.5,5,0,388598.34375,0.0,789805.625,12985.6142578125,0.0,0.0,0.0,12985.6142578125,-36460.9375,0.0,36460.875,0.0,-5772.0,0.0,5772.0,0.0,0.0,0.0,0.0,0.0,0.0,0.0,0.0,0.0,0.0,0.0,0.0,0.0,0.0,0.0,0.0,0.0,-1850.0,0.0,1850.0,0.0,0.0,0.0,0.0,0.0,0.0,0.0,0.0,0.0,0.0,0.0,0.0,0.0,-740.0,0.0,740.0,0.0,0.0,0.0,0.0,0.0,0.0,0.0,0.0,0.0,0.0,0.0,0.0,0.0,0.0,0.0,0.0,0.0,0.0,0.0,0.0,0.0,0.0,0.0,0.0,0.0,0.0,0.0,0.0,0.0,0.0,0.0,0.0,0.0,0.0,0.0,0.0,0.0,0.0,0.0,0.0,0.0,343775.40625,0.0,834628.5,12985.6142578125,-44822.9375,0.0,44822.875,0.0,-11.534515836443267,0.0,5.675178050994873,0.0,TX
8150896,TX,4835,0.05725286155939102,8,6.0,632166.25,1019838.875,8,0,230560.671875,0.0,790666.8125,0.0,0.0,0.0,0.0,0.0,-11453.265625,0.0,11453.25,0.0,0.0,0.0,0.0,0.0,0.0,0.0,0.0,0.0,0.0,0.0,0.0,0.0,0.0,0.0,0.0,0.0,0.0,0.0,0.0,0.0,-1400.0,0.0,1400.0,0.0,-9717.390625,0.0,9717.4375,0.0,0.0,0.0,0.0,0.0,0.0,0.0,0.0,0.0,0.0,0.0,0.0,0.0,-6425.90625,0.0,6425.875,0.0,0.0,0.0,0.0,0.0,4395.3125,0.0,-4395.3125,0.0,0.0,0.0,0.0,0.0,0.0,0.0,0.0,0.0,0.0,0.0,0.0,0.0,0.0,0.0,0.0,0.0,0.0,0.0,0.0,0.0,0.0,0.0,0.0,0.0,0.0,0.0,0.0,0.0,205959.421875,0.0,815268.0625,0.0,-24601.25,0.0,24601.25,0.0,-10.67018490184559,0.0,3.1114559173583984,0.0,TX
8150897,TX,4835,0.1165357455611229,7,5.0,117037.2109375,1957455.25,7,0,463062.78125000006,0.0,1511743.0,13526.681640625,0.0,0.0,0.0,13526.681640625,0.0,0.0,0.0,0.0,0.0,0.0,0.0,0.0,0.0,0.0,0.0,0.0,0.0,0.0,0.0,0.0,0.0,0.0,0.0,0.0,0.0,0.0,0.0,0.0,0.0,0.0,0.0,0.0,0.0,0.0,0.0,0.0,0.0,0.0,0.0,0.0,0.0,0.0,0.0,0.0,-520.0000000000582,0.0,520.0,0.0,-1195.8125,0.0,1195.75,0.0,0.0,0.0,0.0,0.0,0.0,0.0,0.0,0.0,0.0,0.0,0.0,0.0,0.0,0.0,0.0,0.0,0.0,0.0,0.0,0.0,0.0,0.0,0.0,0.0,0.0,0.0,0.0,0.0,0.0,0.0,0.0,0.0,0.0,0.0,0.0,0.0,461346.96875,0.0,1513458.75,13526.681640625,-1715.8125000000582,0.0,1715.75,0.0,-0.3705356097435347,0.0,0.11349482089281082,0.0,TX
8150898,TX,4835,0.12018609046936035,2,0.0,106714.078125,548670.03125,2,0,94884.1171875,0.0,-423744.1875,0.0,0.0,0.0,0.0,0.0,-1303.06103515625,0.0,1303.0625,0.0,-1071.203125,0.0,1071.21875,0.0,636.0,0.0,-636.0,0.0,0.0,0.0,0.0,0.0,0.0,0.0,0.0,0.0,0.0,0.0,0.0,0.0,0.0,0.0,0.0,0.0,-11628.8828125,0.0,11628.875,0.0,0.0,0.0,0.0,0.0,0.0,0.0,0.0,0.0,0.0,0.0,0.0,0.0,0.0,0.0,0.0,0.0,0.0,0.0,0.0,0.0,0.0,0.0,0.0,0.0,0.0,0.0,0.0,0.0,0.0,0.0,0.0,0.0,0.0,0.0,0.0,0.0,0.0,0.0,0.0,0.0,0.0,0.0,0.0,0.0,0.0,0.0,0.0,0.0,0.0,0.0,0.0,0.0,81516.97021484375,0.0,-410377.03125,0.0,-13367.14697265625,0.0,13367.15625,0.0,-14.087865671176033,0.0,3.1545345783233643,0.0,TX
8150899,TX,4835,0.13912512362003326,1,0.0,0.0,682816.0625,1,0,200238.4375,0.0,495798.25,14582.3271484375,0.0,0.0,0.0,14582.3271484375,0.0,0.0,0.0,0.0,0.0,0.0,0.0,0.0,0.0,0.0,0.0,0.0,0.0,0.0,0.0,0.0,0.0,0.0,0.0,0.0,0.0,0.0,0.0,0.0,-1400.0,0.0,1400.0,0.0,-20416.875,0.0,20416.875,0.0,0.0,0.0,0.0,0.0,0.0,0.0,0.0,0.0,0.0,0.0,0.0,0.0,-4321.375,0.0,4321.375,0.0,0.0,0.0,0.0,0.0,0.0,0.0,0.0,0.0,0.0,0.0,0.0,0.0,0.0,0.0,0.0,0.0,0.0,0.0,0.0,0.0,0.0,0.0,0.0,0.0,0.0,0.0,0.0,0.0,0.0,0.0,0.0,0.0,0.0,0.0,0.0,0.0,174100.1875,0.0,521936.5,14582.3271484375,-26138.25,0.0,26138.25,0.0,-13.053562705711785,0.0,5.271953105926514,0.0,TX
8150900,TX,4835,0.14057697355747223,2,0.0,407834.859375,690904.4375,2,0,173438.03125,0.0,507633.0,0.0,0.0,0.0,0.0,0.0,0.0,0.0,0.0,0.0,0.0,0.0,0.0,0.0,0.0,0.0,0.0,0.0,0.0,0.0,0.0,0.0,0.0,0.0,0.0,0.0,0.0,0.0,0.0,0.0,-1400.0,0.0,1400.0,0.0,-30505.734375,0.0,30505.75,0.0,0.0,0.0,0.0,0.0,0.0,0.0,0.0,0.0,-740.0,0.0,740.0,0.0,0.0,0.0,0.0,0.0,0.0,0.0,0.0,0.0,0.0,0.0,0.0,0.0,0.0,0.0,0.0,0.0,0.0,0.0,0.0,0.0,0.0,0.0,0.0,0.0,0.0,0.0,0.0,0.0,0.0,0.0,0.0,0.0,0.0,0.0,0.0,0.0,0.0,0.0,0.0,0.0,140792.296875,0.0,540278.75,0.0,-32645.734375,0.0,32645.75,0.0,-18.822708110623807,0.0,6.43097448348999,0.0,TX
8150901,TX,4835,3.038398504257202,2,0.0,0.0,4124.33349609375,2,0,0.0,0.0,65665.421875,13561.0927734375,40446.3203125,0.0,0.0,54007.4130859375,0.0,0.0,0.0,0.0,0.0,0.0,0.0,0.0,0.0,0.0,0.0,0.0,0.0,0.0,0.0,0.0,0.0,0.0,0.0,0.0,0.0,0.0,0.0,0.0,0.0,0.0,0.0,0.0,0.0,0.0,0.0,0.0,0.0,0.0,0.0,0.0,0.0,0.0,0.0,0.0,0.0,0.0,0.0,0.0,0.0,0.0,0.0,0.0,0.0,0.0,0.0,0.0,0.0,0.0,0.0,0.0,0.0,0.0,0.0,0.0,0.0,0.0,0.0,0.0,0.0,0.0,0.0,0.0,0.0,0.0,0.0,0.0,0.0,0.0,0.0,0.0,0.0,0.0,0.0,0.0,0.0,0.0,0.0,0.0,0.0,0.0,65665.421875,54007.4130859375,0.0,0.0,0.0,0.0,0.0,0.0,0.0,0.0,TX
8150902,TX,4835,0.0903472900390625,2,0.0,263390.28125,429255.15625,1,1,105118.859375,0.0,311276.25,0.0,0.0,0.0,0.0,0.0,0.0,0.0,0.0,0.0,0.0,0.0,0.0,0.0,0.0,0.0,0.0,0.0,0.0,0.0,0.0,0.0,0.0,0.0,0.0,0.0,0.0,0.0,0.0,0.0,-3548.4609375,0.0,3548.46875,0.0,-28103.421875,0.0,28103.4375,0.0,0.0,0.0,0.0,0.0,0.0,0.0,0.0,0.0,-480.0,0.0,480.0,0.0,0.0,0.0,0.0,0.0,0.0,0.0,0.0,0.0,0.0,0.0,0.0,0.0,0.0,0.0,0.0,0.0,0.0,0.0,0.0,0.0,0.0,0.0,0.0,0.0,0.0,0.0,0.0,0.0,0.0,0.0,0.0,0.0,0.0,0.0,0.0,0.0,0.0,0.0,0.0,0.0,72986.9765625,0.0,343408.15625,0.0,-32131.8828125,0.0,32131.90625,0.0,-30.56719127618483,0.0,10.322633743286133,0.0,TX
8150903,TX,4835,0.10967521369457245,2,0.0,106159.63671875,254984.845703125,2,0,51237.03515625,0.0,241946.390625,19586.248046875,0.0,10535.578125,0.0,30121.826171875,-3193.33203125,0.0,3193.34375,0.0,-128.5325927734375,0.0,128.53125,0.0,530.0,0.0,-530.0,0.0,0.0,0.0,0.0,0.0,0.0,0.0,0.0,0.0,0.0,0.0,0.0,0.0,0.0,0.0,0.0,0.0,-3376.72265625,0.0,3376.71875,0.0,0.0,0.0,0.0,0.0,0.0,0.0,0.0,0.0,-320.0,0.0,320.0,0.0,0.0,0.0,0.0,0.0,0.0,0.0,0.0,0.0,0.0,0.0,0.0,0.0,0.0,0.0,0.0,0.0,0.0,0.0,0.0,0.0,0.0,0.0,0.0,0.0,0.0,0.0,0.0,0.0,0.0,0.0,0.0,0.0,0.0,0.0,0.0,0.0,0.0,0.0,0.0,0.0,44748.44787597656,0.0,248434.984375,30121.826171875,-6488.5872802734375,0.0,6488.59375,0.0,-12.663861717381097,0.0,2.6818313598632812,0.0,TX
8150904,TX,4835,0.11627818644046783,4,2.0,1485945.9375,1868088.625,4,0,631039.0625,0.0,1204211.25,0.0,0.0,0.0,0.0,0.0,-50465.0625,0.0,50465.125,0.0,-64.375,0.0,64.375,0.0,0.0,0.0,0.0,0.0,0.0,0.0,0.0,0.0,0.0,0.0,0.0,0.0,0.0,0.0,0.0,0.0,-1850.0,0.0,1850.0,0.0,0.0,0.0,0.0,0.0,0.0,0.0,0.0,0.0,0.0,0.0,0.0,0.0,-740.0,0.0,740.0,0.0,-15404.25,0.0,15404.25,0.0,0.0,0.0,0.0,0.0,0.0,0.0,0.0,0.0,0.0,0.0,0.0,0.0,0.0,0.0,0.0,0.0,0.0,0.0,0.0,0.0,0.0,0.0,0.0,0.0,0.0,0.0,0.0,0.0,0.0,0.0,0.0,0.0,0.0,0.0,0.0,0.0,562515.375,0.0,1272735.0,0.0,-68523.6875,0.0,68523.75,0.0,-10.858866205291372,0.0,5.690342903137207,0.0,TX
8150905,TX,4835,59.304100036621094,1,0.0,0.0,0.0,1,0,-119.18473815917969,0.0,1677.1551513671875,0.0,0.0,0.0,0.0,0.0,0.0,0.0,0.0,0.0,0.0,0.0,0.0,0.0,0.0,0.0,0.0,0.0,0.0,0.0,0.0,0.0,0.0,0.0,0.0,0.0,0.0,0.0,0.0,0.0,0.0,0.0,0.0,0.0,0.0,0.0,0.0,0.0,0.0,0.0,0.0,0.0,0.0,0.0,0.0,0.0,0.0,0.0,0.0,0.0,0.0,0.0,0.0,0.0,0.0,0.0,0.0,0.0,0.0,0.0,0.0,0.0,0.0,0.0,0.0,0.0,0.0,0.0,0.0,0.0,0.0,0.0,0.0,0.0,0.0,0.0,0.0,0.0,0.0,0.0,0.0,0.0,0.0,0.0,0.0,0.0,0.0,0.0,0.0,0.0,-119.18473815917969,0.0,1677.1551513671875,0.0,0.0,0.0,0.0,0.0,0.0,0.0,0.0,0.0,TX
8150906,TX,4835,0.13455232977867126,1,0.0,68661.0,68661.0,1,0,8227.75,0.0,55180.68359375,0.0,0.0,0.0,0.0,0.0,-1402.330078125,0.0,1402.33203125,0.0,-1402.10009765625,0.0,1402.09765625,0.0,852.10009765625,0.0,-852.09765625,0.0,0.0,0.0,0.0,0.0,0.0,0.0,0.0,0.0,0.0,0.0,0.0,0.0,0.0,0.0,0.0,0.0,0.0,0.0,0.0,0.0,0.0,0.0,0.0,0.0,0.0,0.0,0.0,0.0,0.0,0.0,0.0,0.0,0.0,0.0,0.0,0.0,0.0,0.0,0.0,0.0,0.0,0.0,0.0,0.0,0.0,0.0,0.0,0.0,0.0,0.0,0.0,0.0,0.0,0.0,0.0,0.0,0.0,0.0,0.0,0.0,0.0,0.0,0.0,0.0,0.0,0.0,0.0,0.0,0.0,0.0,0.0,0.0,6275.419921875,0.0,57133.015625,0.0,-1952.330078125,0.0,1952.33203125,0.0,-23.728602329008538,0.0,3.538071393966675,0.0,TX
8150907,TX,4835,4.002389430999756,1,0.0,0.0,0.0,1,0,0.0,0.0,57548.91015625,28774.455078125,0.0,0.0,0.0,28774.455078125,0.0,0.0,0.0,0.0,0.0,0.0,0.0,0.0,0.0,0.0,0.0,0.0,0.0,0.0,0.0,0.0,0.0,0.0,0.0,0.0,0.0,0.0,0.0,0.0,0.0,0.0,0.0,0.0,0.0,0.0,0.0,0.0,0.0,0.0,0.0,0.0,0.0,0.0,0.0,0.0,0.0,0.0,0.0,0.0,0.0,0.0,0.0,0.0,0.0,0.0,0.0,0.0,0.0,0.0,0.0,0.0,0.0,0.0,0.0,0.0,0.0,0.0,0.0,0.0,0.0,0.0,0.0,0.0,0.0,0.0,0.0,0.0,0.0,0.0,0.0,0.0,0.0,0.0,0.0,0.0,0.0,0.0,0.0,0.0,0.0,0.0,57548.91015625,28774.455078125,0.0,0.0,0.0,0.0,0.0,0.0,0.0,0.0,TX
8150908,TX,4835,0.12568657100200653,2,0.0,64022.74609375,186689.578125,2,0,13531.7158203125,0.0,205402.796875,0.0,0.0,0.0,0.0,0.0,-2230.34375,0.0,2230.34375,0.0,0.0,0.0,0.0,0.0,2148.478515625,0.0,-2148.484375,0.0,0.0,0.0,0.0,0.0,0.0,0.0,0.0,0.0,0.0,0.0,0.0,0.0,-2924.416015625,0.0,2924.421875,0.0,0.0,0.0,0.0,0.0,0.0,0.0,0.0,0.0,0.0,0.0,0.0,0.0,0.0,0.0,0.0,0.0,0.0,0.0,0.0,0.0,0.0,0.0,0.0,0.0,0.0,0.0,0.0,0.0,0.0,0.0,0.0,0.0,0.0,0.0,0.0,0.0,0.0,0.0,0.0,0.0,0.0,0.0,0.0,0.0,0.0,0.0,0.0,0.0,0.0,0.0,0.0,0.0,0.0,0.0,0.0,0.0,10525.4345703125,0.0,208409.078125,0.0,-3006.28125,0.0,3006.28125,0.0,-22.21655619967471,0.0,1.463602900505066,0.0,TX
8150909,TX,4835,0.2290186583995819,4,1.0,74631.611328125,81061.26953125,4,0,1866.3372192382812,0.0,85245.0,0.0,0.0,0.0,0.0,0.0,-33.8896484375,0.0,33.890625,0.0,-2082.8160400390625,0.0,2082.8125,0.0,1868.8160400390625,0.0,-1868.8125,0.0,0.0,0.0,0.0,0.0,-1200.0,0.0,1200.0,0.0,0.0,0.0,0.0,0.0,0.0,0.0,0.0,0.0,0.0,0.0,0.0,0.0,0.0,0.0,0.0,0.0,0.0,0.0,0.0,0.0,-211.92626953125,0.0,211.921875,0.0,0.0,0.0,0.0,0.0,0.0,0.0,0.0,0.0,0.0,0.0,0.0,0.0,0.0,0.0,0.0,0.0,-802.088623046875,0.0,802.0859375,0.0,-266.88946533203125,0.0,266.890625,0.0,0.0,0.0,0.0,0.0,0.0,0.0,0.0,0.0,0.0,0.0,0.0,0.0,0.0,0.0,0.0,0.0,-862.456787109375,0.0,87973.7890625,0.0,-2728.7940063476562,0.0,2728.7890625,0.0,-146.21119796675194,0.0,3.201113224029541,0.0,TX
8150910,TX,4835,2.6020267009735107,1,0.0,0.0,15289.0849609375,1,0,0.0,0.0,64924.8671875,25308.44140625,0.0,0.0,0.0,25308.44140625,0.0,0.0,0.0,0.0,0.0,0.0,0.0,0.0,0.0,0.0,0.0,0.0,0.0,0.0,0.0,0.0,0.0,0.0,0.0,0.0,0.0,0.0,0.0,0.0,0.0,0.0,0.0,0.0,0.0,0.0,0.0,0.0,0.0,0.0,0.0,0.0,0.0,0.0,0.0,0.0,0.0,0.0,0.0,0.0,0.0,0.0,0.0,0.0,0.0,0.0,0.0,0.0,0.0,0.0,0.0,0.0,0.0,0.0,0.0,0.0,0.0,0.0,0.0,0.0,0.0,0.0,0.0,0.0,0.0,0.0,0.0,0.0,0.0,0.0,0.0,0.0,0.0,0.0,0.0,0.0,0.0,0.0,0.0,0.0,0.0,0.0,64924.8671875,25308.44140625,0.0,0.0,0.0,0.0,0.0,0.0,0.0,0.0,TX
8150911,TX,4835,121.17122650146484,2,0.0,2433.935791015625,2433.935791015625,2,0,0.0,0.0,6542.0302734375,0.0,0.0,0.0,0.0,0.0,0.0,0.0,0.0,0.0,0.0,0.0,0.0,0.0,0.0,0.0,0.0,0.0,0.0,0.0,0.0,0.0,0.0,0.0,0.0,0.0,0.0,0.0,0.0,0.0,0.0,0.0,0.0,0.0,0.0,0.0,0.0,0.0,0.0,0.0,0.0,0.0,0.0,0.0,0.0,0.0,0.0,0.0,0.0,0.0,0.0,0.0,0.0,0.0,0.0,0.0,0.0,0.0,0.0,0.0,0.0,0.0,0.0,0.0,0.0,0.0,0.0,0.0,0.0,0.0,0.0,0.0,0.0,0.0,0.0,0.0,0.0,0.0,0.0,0.0,0.0,0.0,0.0,0.0,0.0,0.0,0.0,0.0,0.0,0.0,0.0,0.0,6542.0302734375,0.0,0.0,0.0,0.0,0.0,0.0,0.0,0.0,0.0,TX
8150912,TX,4835,0.11261870712041855,6,3.0,433680.10546875,499799.37890625,6,0,115143.935546875,0.0,373397.90625,0.0,12412.53076171875,0.0,0.0,12412.53076171875,0.0,0.0,0.0,0.0,0.0,0.0,0.0,0.0,0.0,0.0,0.0,0.0,0.0,0.0,0.0,0.0,-75.0,0.0,75.0,0.0,0.0,0.0,0.0,0.0,-1400.0,0.0,1400.0,0.0,-33872.015625,0.0,33872.0,0.0,0.0,0.0,0.0,0.0,0.0,0.0,0.0,0.0,-97.4375,0.0,97.4375,0.0,0.0,0.0,0.0,0.0,0.0,0.0,0.0,0.0,0.0,0.0,0.0,0.0,0.0,0.0,0.0,0.0,0.0,0.0,0.0,0.0,0.0,0.0,0.0,0.0,0.0,0.0,0.0,0.0,0.0,0.0,0.0,0.0,0.0,0.0,0.0,0.0,0.0,0.0,0.0,0.0,79699.482421875,0.0,408842.34375,12412.53076171875,-35444.453125,0.0,35444.4375,0.0,-30.78273550114204,0.0,9.492403984069824,0.0,TX
8150913,TX,4835,0.09960249811410904,1,0.0,206258.734375,223394.46875,1,0,45469.6328125,0.0,180720.71875,15187.6142578125,0.0,0.0,0.0,15187.6142578125,-5144.54296875,0.0,5144.53125,0.0,0.0,0.0,0.0,0.0,337.796875,0.0,-337.796875,0.0,0.0,0.0,0.0,0.0,0.0,0.0,0.0,0.0,0.0,0.0,0.0,0.0,0.0,0.0,0.0,0.0,0.0,0.0,0.0,0.0,0.0,0.0,0.0,0.0,0.0,0.0,0.0,0.0,0.0,0.0,0.0,0.0,0.0,0.0,0.0,0.0,0.0,0.0,0.0,0.0,0.0,0.0,0.0,0.0,0.0,0.0,0.0,0.0,0.0,0.0,0.0,0.0,0.0,0.0,0.0,0.0,0.0,0.0,0.0,0.0,0.0,0.0,0.0,0.0,0.0,0.0,0.0,0.0,0.0,0.0,0.0,0.0,40662.88671875,0.0,185527.453125,15187.6142578125,-4806.74609375,0.0,4806.734375,0.0,-10.571332549728846,0.0,2.6597583293914795,0.0,TX
8150914,TX,4835,0.19418658316135406,4,2.0,44423.705078125,44423.705078125,4,0,-1854.3974609375,0.0,82691.5,23215.830078125,8275.0205078125,5412.69482421875,0.0,36903.54541015625,0.0,0.0,0.0,0.0,-696.986694335937,0.0,696.984375,0.0,1084.4866943359373,0.0,-1084.484375,0.0,0.0,0.0,0.0,0.0,-2399.9998779296875,0.0,2400.0,0.0,0.0,0.0,0.0,0.0,0.0,0.0,0.0,0.0,0.0,0.0,0.0,0.0,0.0,0.0,0.0,0.0,0.0,0.0,0.0,0.0,0.0,0.0,0.0,0.0,0.0,0.0,0.0,0.0,0.0,0.0,0.0,0.0,0.0,0.0,0.0,0.0,0.0,0.0,0.0,0.0,0.0,0.0,0.0,0.0,0.0,0.0,0.0,0.0,-32.42626953125,0.0,32.421875,0.0,0.0,0.0,0.0,0.0,0.0,0.0,0.0,0.0,0.0,0.0,0.0,0.0,-3899.3236083984375,0.0,84736.421875,36903.54541015625,-2044.9261474609375,0.0,2044.921875,0.0,-110.27442554990961,0.0,2.4729528427124023,0.0,TX
8150915,TX,4835,0.106028251349926,2,0.0,8664.3359375,318021.890625,2,0,47786.265625,0.0,313002.1875,34855.23828125,0.0,0.0,0.0,34855.23828125,-4538.1533203125,0.0,4538.15625,0.0,-1605.701171875,0.0,1605.71875,0.0,2458.2060546875,0.0,-2458.21875,0.0,0.0,0.0,0.0,0.0,0.0,0.0,0.0,0.0,0.0,0.0,0.0,0.0,-6457.0390625,0.0,6457.03125,0.0,0.0,0.0,0.0,0.0,0.0,0.0,0.0,0.0,0.0,0.0,0.0,0.0,-176.0,0.0,176.0,0.0,0.0,0.0,0.0,0.0,0.0,0.0,0.0,0.0,0.0,0.0,0.0,0.0,0.0,0.0,0.0,0.0,0.0,0.0,0.0,0.0,-309.947265625,0.0,309.9375,0.0,0.0,0.0,0.0,0.0,0.0,0.0,0.0,0.0,0.0,0.0,0.0,0.0,0.0,0.0,0.0,0.0,37157.630859375,0.0,323630.8125,34855.23828125,-10628.634765625,0.0,10628.625,0.0,-22.24202838747143,0.0,3.395703077316284,0.0,TX
8150916,TX,4835,0.24545715749263763,2,0.0,17177.685546875,17156.900390625,2,0,0.0,0.0,26089.14453125,330.0,0.0,0.0,0.0,330.0,0.0,0.0,0.0,0.0,0.0,0.0,0.0,0.0,0.0,0.0,0.0,0.0,0.0,0.0,0.0,0.0,0.0,0.0,0.0,0.0,0.0,0.0,0.0,0.0,0.0,0.0,0.0,0.0,0.0,0.0,0.0,0.0,0.0,0.0,0.0,0.0,0.0,0.0,0.0,0.0,0.0,0.0,0.0,0.0,0.0,0.0,0.0,0.0,0.0,0.0,0.0,0.0,0.0,0.0,0.0,0.0,0.0,0.0,0.0,0.0,0.0,0.0,0.0,0.0,0.0,0.0,0.0,0.0,0.0,0.0,0.0,0.0,0.0,0.0,0.0,0.0,0.0,0.0,0.0,0.0,0.0,0.0,0.0,0.0,0.0,0.0,26089.14453125,330.0,0.0,0.0,0.0,0.0,0.0,0.0,0.0,0.0,TX
8150917,TX,4835,187.64834594726562,2,0.0,0.0,-2566.994873046875,2,0,0.0,0.0,45340.4140625,30825.623046875,0.0,0.0,0.0,30825.623046875,0.0,0.0,0.0,0.0,0.0,0.0,0.0,0.0,0.0,0.0,0.0,0.0,0.0,0.0,0.0,0.0,0.0,0.0,0.0,0.0,0.0,0.0,0.0,0.0,0.0,0.0,0.0,0.0,0.0,0.0,0.0,0.0,0.0,0.0,0.0,0.0,0.0,0.0,0.0,0.0,0.0,0.0,0.0,0.0,0.0,0.0,0.0,0.0,0.0,0.0,0.0,0.0,0.0,0.0,0.0,0.0,0.0,0.0,0.0,0.0,0.0,0.0,0.0,0.0,0.0,0.0,0.0,0.0,0.0,0.0,0.0,0.0,0.0,0.0,0.0,0.0,0.0,0.0,0.0,0.0,0.0,0.0,0.0,0.0,0.0,0.0,45340.4140625,30825.623046875,0.0,0.0,0.0,0.0,0.0,0.0,0.0,0.0,TX
8150918,TX,4835,0.4269355833530426,1,0.0,1296.0107421875,686091.875,0,1,201187.734375,0.0,499408.25,16911.533203125,0.0,0.0,0.0,16911.533203125,0.0,0.0,0.0,0.0,0.0,0.0,0.0,0.0,0.0,0.0,0.0,0.0,0.0,0.0,0.0,0.0,0.0,0.0,0.0,0.0,0.0,0.0,0.0,0.0,-1400.0,0.0,1400.0,0.0,-19942.21875,0.0,19942.25,0.0,0.0,0.0,0.0,0.0,0.0,0.0,0.0,0.0,0.0,0.0,0.0,0.0,-4362.640625,0.0,4362.625,0.0,0.0,0.0,0.0,0.0,0.0,0.0,0.0,0.0,0.0,0.0,0.0,0.0,0.0,0.0,0.0,0.0,0.0,0.0,0.0,0.0,0.0,0.0,0.0,0.0,0.0,0.0,0.0,0.0,0.0,0.0,0.0,0.0,0.0,0.0,0.0,0.0,175482.875,0.0,525113.125,16911.533203125,-25704.859375,0.0,25704.875,0.0,-12.776553926040005,0.0,5.147066593170166,0.0,TX
8150919,TX,4835,0.196576327085495,2,0.0,125623.34375,1964596.625,2,0,466209.1875,0.0,1495033.625,0.0,0.0,0.0,0.0,0.0,0.0,0.0,0.0,0.0,0.0,0.0,0.0,0.0,0.0,0.0,0.0,0.0,0.0,0.0,0.0,0.0,0.0,0.0,0.0,0.0,0.0,0.0,0.0,0.0,-1300.0,0.0,1300.0,0.0,0.0,0.0,0.0,0.0,0.0,0.0,0.0,0.0,0.0,0.0,0.0,0.0,-143.5,0.0,143.5,0.0,-2564.9375,0.0,2564.875,0.0,0.0,0.0,0.0,0.0,0.0,0.0,0.0,0.0,0.0,0.0,0.0,0.0,0.0,0.0,0.0,0.0,0.0,0.0,0.0,0.0,0.0,0.0,0.0,0.0,0.0,0.0,0.0,0.0,0.0,0.0,0.0,0.0,0.0,0.0,0.0,0.0,462200.75,0.0,1499042.0,0.0,-4008.4375,0.0,4008.375,0.0,-0.859793759426931,0.0,0.2681127190589905,0.0,TX
8150920,TX,4835,0.4647775888442993,1,0.0,36433.22265625,36433.22265625,1,0,2617.4833984375,0.0,37611.90234375,0.0,0.0,0.0,0.0,0.0,-325.49658203125,0.0,325.49609375,0.0,-936.0001220703125,0.0,936.0,0.0,636.0001220703125,0.0,-636.0,0.0,0.0,0.0,0.0,0.0,0.0,0.0,0.0,0.0,0.0,0.0,0.0,0.0,0.0,0.0,0.0,0.0,0.0,0.0,0.0,0.0,0.0,0.0,0.0,0.0,0.0,0.0,0.0,0.0,0.0,0.0,0.0,0.0,0.0,0.0,0.0,0.0,0.0,0.0,0.0,0.0,0.0,0.0,0.0,0.0,0.0,0.0,0.0,0.0,-737.4263916015625,0.0,737.42578125,0.0,0.0,0.0,0.0,0.0,-188.0714111328125,0.0,188.07421875,0.0,0.0,0.0,0.0,0.0,0.0,0.0,0.0,0.0,0.0,0.0,0.0,0.0,1066.489013671875,0.0,39162.8984375,0.0,-1550.994384765625,0.0,1550.99609375,0.0,-59.25517562753166,0.0,4.123684406280518,0.0,TX
8150921,TX,4835,0.14357386529445648,4,2.0,368143.0,434644.09375,4,0,97541.0625,0.0,321802.125,0.0,0.0,0.0,0.0,0.0,0.0,0.0,0.0,0.0,0.0,0.0,0.0,0.0,0.0,0.0,0.0,0.0,0.0,0.0,0.0,0.0,-2650.0,0.0,2650.0,0.0,0.0,0.0,0.0,0.0,-2100.0,0.0,2100.0,0.0,-19829.265625,0.0,19829.28125,0.0,0.0,0.0,0.0,0.0,0.0,0.0,0.0,0.0,0.0,0.0,0.0,0.0,-192.921875,0.0,192.90625,0.0,0.0,0.0,0.0,0.0,0.0,0.0,0.0,0.0,-2768.53125,0.0,2768.53125,0.0,0.0,0.0,0.0,0.0,0.0,0.0,0.0,0.0,0.0,0.0,0.0,0.0,0.0,0.0,0.0,0.0,0.0,0.0,0.0,0.0,0.0,0.0,0.0,0.0,70000.34375,0.0,349342.84375,0.0,-27540.71875,0.0,27540.71875,0.0,-28.23499974690147,0.0,8.55827808380127,0.0,TX
8150922,TX,4835,98.04222869873047,1,0.0,4687.6982421875,4687.6982421875,1,0,0.0,0.0,39450.89453125,18118.71875,0.0,0.0,0.0,18118.71875,0.0,0.0,0.0,0.0,0.0,0.0,0.0,0.0,0.0,0.0,0.0,0.0,0.0,0.0,0.0,0.0,0.0,0.0,0.0,0.0,0.0,0.0,0.0,0.0,0.0,0.0,0.0,0.0,0.0,0.0,0.0,0.0,0.0,0.0,0.0,0.0,0.0,0.0,0.0,0.0,0.0,0.0,0.0,0.0,0.0,0.0,0.0,0.0,0.0,0.0,0.0,0.0,0.0,0.0,0.0,0.0,0.0,0.0,0.0,0.0,0.0,0.0,0.0,0.0,0.0,0.0,0.0,0.0,0.0,0.0,0.0,0.0,0.0,0.0,0.0,0.0,0.0,0.0,0.0,0.0,0.0,0.0,0.0,0.0,0.0,0.0,39450.89453125,18118.71875,0.0,0.0,0.0,0.0,0.0,0.0,0.0,0.0,TX
8150923,TX,4835,0.10575485974550247,4,2.0,180408.42578125,220637.03125,4,0,33791.59765625,0.0,173719.578125,0.0,0.0,0.0,0.0,0.0,-4733.3125,0.0,4733.3125,0.0,-348.431640625,0.0,348.4375,0.0,1580.431640625,0.0,-1580.4375,0.0,0.0,0.0,0.0,0.0,-4400.0,0.0,4400.0,0.0,0.0,0.0,0.0,0.0,-86.501953125,0.0,86.5,0.0,0.0,0.0,0.0,0.0,0.0,0.0,0.0,0.0,0.0,0.0,0.0,0.0,-440.0,0.0,440.0,0.0,0.0,0.0,0.0,0.0,0.0,0.0,0.0,0.0,0.0,0.0,0.0,0.0,0.0,0.0,0.0,0.0,0.0,0.0,0.0,0.0,0.0,0.0,0.0,0.0,-103.255859375,0.0,103.265625,0.0,0.0,0.0,0.0,0.0,0.0,0.0,0.0,0.0,0.0,0.0,0.0,0.0,25260.52734375,0.0,182250.65625,0.0,-8531.0703125,0.0,8531.078125,0.0,-25.246128932060476,0.0,4.91083288192749,0.0,TX
8150924,TX,4835,0.3398188650608063,2,0.0,68565.875,183168.4375,2,0,27092.109375,0.0,220998.6875,56631.1796875,0.0,0.0,0.0,56631.1796875,-4081.052734375,0.0,4081.0625,0.0,-3432.0,0.0,3432.0,0.0,2332.0,0.0,-2332.0,0.0,0.0,0.0,0.0,0.0,0.0,0.0,0.0,0.0,0.0,0.0,0.0,0.0,0.0,0.0,0.0,0.0,0.0,0.0,0.0,0.0,0.0,0.0,0.0,0.0,0.0,0.0,0.0,0.0,0.0,0.0,0.0,0.0,0.0,0.0,0.0,0.0,0.0,0.0,0.0,0.0,0.0,0.0,0.0,0.0,0.0,0.0,0.0,0.0,0.0,0.0,0.0,0.0,-2202.17578125,0.0,2202.171875,0.0,-146.6953125,0.0,146.703125,0.0,0.0,0.0,0.0,0.0,0.0,0.0,0.0,0.0,0.0,0.0,0.0,0.0,19562.185546875,0.0,228528.625,56631.1796875,-7529.923828125,0.0,7529.9375,0.0,-27.793789416314134,0.0,3.4072318077087402,0.0,TX
8150925,TX,4835,0.11199857294559479,3,1.0,147235.27734375,815752.44140625,3,0,190927.00048828125,0.0,615787.0,0.0,0.0,0.0,0.0,0.0,-342.453125,0.0,342.4375,0.0,-936.0,0.0,936.0,0.0,636.0,0.0,-636.0,0.0,0.0,0.0,0.0,0.0,0.0,0.0,0.0,0.0,0.0,0.0,0.0,0.0,-1300.0,0.0,1300.0,0.0,-5322.984375,0.0,5323.0,0.0,0.0,0.0,0.0,0.0,0.0,0.0,0.0,0.0,0.0,0.0,0.0,0.0,0.0,0.0,0.0,0.0,0.0,0.0,0.0,0.0,0.0,0.0,0.0,0.0,0.0,0.0,0.0,0.0,0.0,0.0,0.0,0.0,0.0,0.0,0.0,0.0,0.0,0.0,0.0,0.0,0.0,0.0,0.0,0.0,0.0,0.0,0.0,0.0,0.0,0.0,0.0,0.0,183661.56298828125,0.0,623052.4375,0.0,-7265.4375,0.0,7265.4375,0.0,-3.8053483694915844,0.0,1.179862141609192,0.0,TX
8150926,TX,4835,0.1251995861530304,2,0.0,94176.154296875,144553.1875,2,0,12043.6123046875,0.0,162451.703125,0.0,0.0,0.0,0.0,0.0,-1932.72265625,0.0,1932.734375,0.0,0.0,0.0,0.0,0.0,1272.0,0.0,-1272.0,0.0,0.0,0.0,0.0,0.0,0.0,0.0,0.0,0.0,0.0,0.0,0.0,0.0,-17.423828125,0.0,17.421875,0.0,0.0,0.0,0.0,0.0,0.0,0.0,0.0,0.0,0.0,0.0,0.0,0.0,0.0,0.0,0.0,0.0,0.0,0.0,0.0,0.0,0.0,0.0,0.0,0.0,0.0,0.0,0.0,0.0,0.0,0.0,0.0,0.0,0.0,0.0,0.0,0.0,0.0,0.0,0.0,0.0,0.0,0.0,0.0,0.0,0.0,0.0,0.0,0.0,0.0,0.0,0.0,0.0,0.0,0.0,0.0,0.0,11365.4658203125,0.0,163129.859375,0.0,-678.146484375,0.0,678.15625,0.0,-5.63075651406562,0.0,0.41745099425315857,0.0,TX
8150927,TX,4835,197.61285400390625,2,0.0,21478.08203125,60677.87109375,2,0,3311.6806640625,0.0,77879.5,15433.5712890625,0.0,0.0,0.0,15433.5712890625,-186.336181640625,0.0,186.34375,0.0,-1667.557373046875,0.0,1667.5546875,0.0,1067.557373046875,0.0,-1067.5546875,0.0,0.0,0.0,0.0,0.0,0.0,0.0,0.0,0.0,0.0,0.0,0.0,0.0,0.0,0.0,0.0,0.0,0.0,0.0,0.0,0.0,0.0,0.0,0.0,0.0,0.0,0.0,0.0,0.0,0.0,0.0,0.0,0.0,0.0,0.0,0.0,0.0,0.0,0.0,0.0,0.0,0.0,0.0,0.0,0.0,0.0,0.0,0.0,0.0,0.0,0.0,0.0,0.0,-1207.557373046875,0.0,1207.5546875,0.0,0.0,0.0,0.0,0.0,0.0,0.0,0.0,0.0,0.0,0.0,0.0,0.0,0.0,0.0,0.0,0.0,1317.787109375,0.0,79873.3984375,15433.5712890625,-1993.8935546875,0.0,1993.8984375,0.0,-60.207905198249215,0.0,2.5602352619171143,0.0,TX
8150928,TX,4835,5.687763214111328,1,0.0,0.0,693589.125,1,0,203360.453125,0.0,514505.8125,24196.701171875,0.0,0.0,0.0,24196.701171875,0.0,0.0,0.0,0.0,0.0,0.0,0.0,0.0,0.0,0.0,0.0,0.0,0.0,0.0,0.0,0.0,0.0,0.0,0.0,0.0,0.0,0.0,0.0,0.0,-1400.0,0.0,1400.0,0.0,-18855.859375,0.0,18855.875,0.0,0.0,0.0,0.0,0.0,0.0,0.0,0.0,0.0,0.0,0.0,0.0,0.0,-4457.125,0.0,4457.125,0.0,0.0,0.0,0.0,0.0,0.0,0.0,0.0,0.0,0.0,0.0,0.0,0.0,0.0,0.0,0.0,0.0,0.0,0.0,0.0,0.0,0.0,0.0,0.0,0.0,0.0,0.0,0.0,0.0,0.0,0.0,0.0,0.0,0.0,0.0,0.0,0.0,178647.46875,0.0,539218.8125,24196.701171875,-24712.984375,0.0,24713.0,0.0,-12.15230591555066,0.0,4.803249835968018,0.0,TX
8150929,TX,4835,0.18053685128688812,2,1.0,116640.9609375,137148.515625,2,0,21109.279296875,0.0,131095.015625,0.0,0.0,0.0,0.0,0.0,-2882.69921875,0.0,2882.703125,0.0,-1100.736328125,0.0,1100.734375,0.0,758.736328125,0.0,-758.734375,0.0,0.0,0.0,0.0,0.0,-2200.0,0.0,2200.0,0.0,0.0,0.0,0.0,0.0,-1200.0,0.0,1200.0,0.0,0.0,0.0,0.0,0.0,0.0,0.0,0.0,0.0,0.0,0.0,0.0,0.0,-172.486328125,0.0,172.484375,0.0,0.0,0.0,0.0,0.0,0.0,0.0,0.0,0.0,0.0,0.0,0.0,0.0,-5527.5263671875,0.0,5527.515625,0.0,-2332.818359375,0.0,2332.828125,0.0,0.0,0.0,0.0,0.0,0.0,0.0,0.0,0.0,0.0,0.0,0.0,0.0,0.0,0.0,0.0,0.0,0.0,0.0,0.0,0.0,6451.7490234375,0.0,145752.546875,0.0,-14657.5302734375,0.0,14657.53125,0.0,-69.43643156783372,0.0,11.180845260620117,0.0,TX
8150930,TX,4835,0.09210491180419922,4,2.0,477570.2468261719,615095.0,4,0,158575.84375,0.0,437097.4375,0.0,0.0,0.0,0.0,0.0,0.0,0.0,0.0,0.0,0.0,0.0,0.0,0.0,0.0,0.0,0.0,0.0,0.0,0.0,0.0,0.0,0.0,0.0,0.0,0.0,0.0,0.0,0.0,0.0,-1400.0,0.0,1400.0,0.0,-22054.203125,0.0,22054.21875,0.0,0.0,0.0,0.0,0.0,0.0,0.0,0.0,0.0,-591.25,0.0,591.25,0.0,-1584.84375,0.0,1584.84375,0.0,0.0,0.0,0.0,0.0,0.0,0.0,0.0,0.0,0.0,0.0,0.0,0.0,0.0,0.0,0.0,0.0,0.0,0.0,0.0,0.0,0.0,0.0,0.0,0.0,0.0,0.0,0.0,0.0,0.0,0.0,0.0,0.0,0.0,0.0,0.0,0.0,132945.546875,0.0,462727.75,0.0,-25630.296875,0.0,25630.3125,0.0,-16.162800253112323,0.0,5.863752365112305,0.0,TX
8150931,TX,4835,0.010264103300869465,7,5.0,129740.2265625,799370.8749999999,7,0,162750.21875,0.0,650813.0,0.0,4137.51025390625,0.0,0.0,4137.51025390625,-488.703125,0.0,488.6875,0.0,0.0,0.0,0.0,0.0,0.0,0.0,0.0,0.0,0.0,0.0,0.0,0.0,0.0,0.0,0.0,0.0,0.0,0.0,0.0,0.0,-30908.015625,0.0,30908.0,0.0,-24534.062500000015,0.0,24534.0625,0.0,0.0,0.0,0.0,0.0,0.0,0.0,0.0,0.0,0.0,0.0,0.0,0.0,-3006.882812499971,0.0,3006.875,0.0,0.0,0.0,0.0,0.0,0.0,0.0,0.0,0.0,0.0,0.0,0.0,0.0,0.0,0.0,0.0,0.0,0.0,0.0,0.0,0.0,0.0,0.0,0.0,0.0,0.0,0.0,0.0,0.0,0.0,0.0,0.0,0.0,0.0,0.0,0.0,0.0,103812.55468750001,0.0,709750.625,4137.51025390625,-58937.664062499985,0.0,58937.625,0.0,-36.213569797429216,0.0,9.055999755859375,0.0,TX
8150932,TX,4835,0.11214036494493484,2,0.0,82228.5,270591.7834472656,2,0,50030.375,0.0,326540.28125,56645.3515625,0.0,0.0,0.0,56645.3515625,0.0,0.0,0.0,0.0,0.0,0.0,0.0,0.0,0.0,0.0,0.0,0.0,0.0,0.0,0.0,0.0,0.0,0.0,0.0,0.0,0.0,0.0,0.0,0.0,0.0,0.0,0.0,0.0,-9472.6953125,0.0,9472.6875,0.0,0.0,0.0,0.0,0.0,0.0,0.0,0.0,0.0,0.0,0.0,0.0,0.0,0.0,0.0,0.0,0.0,0.0,0.0,0.0,0.0,0.0,0.0,0.0,0.0,0.0,0.0,0.0,0.0,0.0,0.0,0.0,0.0,0.0,0.0,0.0,0.0,0.0,0.0,0.0,0.0,0.0,0.0,0.0,0.0,0.0,0.0,0.0,0.0,0.0,0.0,0.0,0.0,40557.6796875,0.0,336012.96875,56645.3515625,-9472.6953125,0.0,9472.6875,0.0,-18.933888287865123,0.0,2.9009246826171875,0.0,TX
8150933,TX,4835,0.34967467188835144,2,0.0,122639.0625,172459.1875,2,0,22992.19140625,0.0,218598.53125,52317.19140625,0.0,0.0,0.0,52317.19140625,-3587.412109375,0.0,3587.40625,0.0,-1825.177734375,0.0,1825.1875,0.0,2332.0,0.0,-2332.0,0.0,0.0,0.0,0.0,0.0,0.0,0.0,0.0,0.0,0.0,0.0,0.0,0.0,0.0,0.0,0.0,0.0,0.0,0.0,0.0,0.0,0.0,0.0,0.0,0.0,0.0,0.0,0.0,0.0,-440.0,0.0,440.0,0.0,0.0,0.0,0.0,0.0,0.0,0.0,0.0,0.0,0.0,0.0,0.0,0.0,0.0,0.0,0.0,0.0,0.0,0.0,0.0,0.0,-1023.5390625,0.0,1023.53125,0.0,-665.81640625,0.0,665.8125,0.0,0.0,0.0,0.0,0.0,0.0,0.0,0.0,0.0,0.0,0.0,0.0,0.0,17782.24609375,0.0,223808.46875,52317.19140625,-5209.9453125,0.0,5209.9375,0.0,-22.659629177772818,0.0,2.383336067199707,0.0,TX
8150934,TX,4835,0.12621527910232544,4,2.0,419395.96875,439857.4375,4,0,116434.046875,0.0,327050.0,0.0,0.0,0.0,0.0,0.0,0.0,0.0,0.0,0.0,0.0,0.0,0.0,0.0,0.0,0.0,0.0,0.0,0.0,0.0,0.0,0.0,-2400.0,0.0,2400.0,0.0,0.0,0.0,0.0,0.0,-1400.0,0.0,1400.0,0.0,-33454.5703125,0.0,33454.59375,0.0,0.0,0.0,0.0,0.0,0.0,0.0,0.0,0.0,-480.0,0.0,480.0,0.0,0.0,0.0,0.0,0.0,0.0,0.0,0.0,0.0,0.0,0.0,0.0,0.0,0.0,0.0,0.0,0.0,0.0,0.0,0.0,0.0,0.0,0.0,0.0,0.0,0.0,0.0,0.0,0.0,0.0,0.0,0.0,0.0,0.0,0.0,0.0,0.0,0.0,0.0,0.0,0.0,78699.4765625,0.0,364784.59375,0.0,-37734.5703125,0.0,37734.59375,0.0,-32.40853627033223,0.0,11.537866592407227,0.0,TX
8150935,TX,4835,0.1327604502439499,2,0.0,146391.3671875,316145.2734375,2,0,52322.6015625,0.0,272529.40625,942.7993774414062,0.0,0.0,0.0,942.7993774414062,-5368.896484375,0.0,5368.90625,0.0,-1716.0,0.0,1716.0,0.0,2438.0,0.0,-2438.0,0.0,0.0,0.0,0.0,0.0,0.0,0.0,0.0,0.0,0.0,0.0,0.0,0.0,-2984.5283203125,0.0,2984.5,0.0,-940.3046875,0.0,940.3125,0.0,0.0,0.0,0.0,0.0,0.0,0.0,0.0,0.0,-239.99609375,0.0,240.0,0.0,0.0,0.0,0.0,0.0,0.0,0.0,0.0,0.0,0.0,0.0,0.0,0.0,0.0,0.0,0.0,0.0,0.0,0.0,0.0,0.0,0.0,0.0,0.0,0.0,-284.1337890625,0.0,284.125,0.0,0.0,0.0,0.0,0.0,0.0,0.0,0.0,0.0,0.0,0.0,0.0,0.0,43226.7421875,0.0,281625.25,942.7993774414062,-9095.859375,0.0,9095.84375,0.0,-17.38418790995108,0.0,3.33756422996521,0.0,TX
8150936,TX,4835,0.10717088729143143,2,1.0,140493.078125,242293.90625,2,0,42937.4453125,0.0,203063.03125,14500.5859375,0.0,0.0,0.0,14500.5859375,-39.01171875,0.0,39.015625,0.0,0.0,0.0,0.0,0.0,118.96875,0.0,-118.96875,0.0,0.0,0.0,0.0,0.0,-50.0,0.0,50.0,0.0,0.0,0.0,0.0,0.0,-6862.3671875,0.0,6862.375,0.0,0.0,0.0,0.0,0.0,0.0,0.0,0.0,0.0,0.0,0.0,0.0,0.0,0.0,0.0,0.0,0.0,0.0,0.0,0.0,0.0,0.0,0.0,0.0,0.0,0.0,0.0,0.0,0.0,0.0,0.0,0.0,0.0,0.0,0.0,0.0,0.0,0.0,0.0,0.0,0.0,0.0,0.0,0.0,0.0,0.0,0.0,0.0,0.0,0.0,0.0,0.0,0.0,0.0,0.0,0.0,0.0,36105.03515625,0.0,209895.453125,14500.5859375,-6832.41015625,0.0,6832.421875,0.0,-15.912474779352884,0.0,3.364680290222168,0.0,TX
8150937,TX,4835,0.1194337010383606,4,2.0,453834.96875,591359.75,4,0,151558.53125,0.0,445461.25,0.0,0.0,0.0,0.0,0.0,0.0,0.0,0.0,0.0,0.0,0.0,0.0,0.0,0.0,0.0,0.0,0.0,0.0,0.0,0.0,0.0,0.0,0.0,0.0,0.0,0.0,0.0,0.0,0.0,-1400.0,0.0,1400.0,0.0,-24246.703125,0.0,24246.6875,0.0,0.0,0.0,0.0,0.0,0.0,0.0,0.0,0.0,0.0,0.0,0.0,0.0,-1926.8359375,0.0,1926.8125,0.0,0.0,0.0,0.0,0.0,0.0,0.0,0.0,0.0,0.0,0.0,0.0,0.0,0.0,0.0,0.0,0.0,0.0,0.0,0.0,0.0,0.0,0.0,0.0,0.0,0.0,0.0,0.0,0.0,0.0,0.0,0.0,0.0,0.0,0.0,0.0,0.0,123984.9921875,0.0,473034.75,0.0,-27573.5390625,0.0,27573.5,0.0,-18.19332691804507,0.0,6.189876079559326,0.0,TX
8150938,TX,4835,0.11687888205051422,3,1.0,776074.4375,1211655.5,3,0,351240.59375,0.0,836806.875,0.0,0.0,0.0,0.0,0.0,-29363.9375,0.0,29364.0,0.0,-5772.0,0.0,5772.0,0.0,0.0,0.0,0.0,0.0,0.0,0.0,0.0,0.0,0.0,0.0,0.0,0.0,0.0,0.0,0.0,0.0,0.0,0.0,0.0,0.0,0.0,0.0,0.0,0.0,0.0,0.0,0.0,0.0,0.0,0.0,0.0,0.0,-672.40625,0.0,672.375,0.0,0.0,0.0,0.0,0.0,0.0,0.0,0.0,0.0,0.0,0.0,0.0,0.0,0.0,0.0,0.0,0.0,0.0,0.0,0.0,0.0,0.0,0.0,0.0,0.0,0.0,0.0,0.0,0.0,0.0,0.0,0.0,0.0,0.0,0.0,0.0,0.0,0.0,0.0,0.0,0.0,315432.25,0.0,872615.25,0.0,-35808.34375,0.0,35808.375,0.0,-10.194819274074867,0.0,4.279168128967285,0.0,TX
8150939,TX,4835,0.29373934864997864,3,0.0,56403.19274902344,-12839.447875976562,3,0,-118.12999725341797,0.0,-12923.505859375,660.0,0.0,0.0,0.0,660.0,0.0,0.0,0.0,0.0,0.0,0.0,0.0,0.0,0.0,0.0,0.0,0.0,0.0,0.0,0.0,0.0,0.0,0.0,0.0,0.0,0.0,0.0,0.0,0.0,0.0,0.0,0.0,0.0,0.0,0.0,0.0,0.0,0.0,0.0,0.0,0.0,0.0,0.0,0.0,0.0,0.0,0.0,0.0,0.0,0.0,0.0,0.0,0.0,0.0,0.0,0.0,0.0,0.0,0.0,0.0,0.0,0.0,0.0,0.0,0.0,0.0,0.0,0.0,0.0,0.0,0.0,0.0,0.0,0.0,0.0,0.0,0.0,0.0,0.0,0.0,0.0,0.0,0.0,0.0,0.0,0.0,0.0,0.0,0.0,-118.12999725341797,0.0,-12923.505859375,660.0,0.0,0.0,0.0,0.0,0.0,0.0,0.0,0.0,TX
8150940,TX,4835,0.2264929562807083,4,2.0,78199.484375,99850.078125,4,0,5839.4052734375,0.0,133103.625,21642.69140625,0.0,16003.19921875,0.0,37645.890625,-1091.880859375,0.0,1091.890625,0.0,-1669.51513671875,0.0,1669.515625,0.0,2544.0,0.0,-2544.0,0.0,0.0,0.0,0.0,0.0,-2400.0,0.0,2400.0,0.0,0.0,0.0,0.0,0.0,0.0,0.0,0.0,0.0,0.0,0.0,0.0,0.0,0.0,0.0,0.0,0.0,0.0,0.0,0.0,0.0,-84.87646484375,0.0,84.875,0.0,0.0,0.0,0.0,0.0,0.0,0.0,0.0,0.0,0.0,0.0,0.0,0.0,0.0,0.0,0.0,0.0,0.0,0.0,0.0,0.0,0.0,0.0,0.0,0.0,0.0,0.0,0.0,0.0,0.0,0.0,0.0,0.0,0.0,0.0,0.0,0.0,0.0,0.0,0.0,0.0,3137.1328125,0.0,135805.90625,37645.890625,-2702.2724609375,0.0,2702.28125,0.0,-46.276501362727736,0.0,2.0302085876464844,0.0,TX
8150941,TX,4835,0.11461959034204483,2,0.0,123000.1015625,769625.1875,2,0,155948.390625,0.0,629195.0,0.0,0.0,0.0,0.0,0.0,-274.25,0.0,274.25,0.0,0.0,0.0,0.0,0.0,0.0,0.0,0.0,0.0,0.0,0.0,0.0,0.0,0.0,0.0,0.0,0.0,0.0,0.0,0.0,0.0,-30326.953125,0.0,30327.0,0.0,-24352.640625,0.0,24352.625,0.0,0.0,0.0,0.0,0.0,0.0,0.0,0.0,0.0,0.0,0.0,0.0,0.0,-2778.4296875,0.0,2778.4375,0.0,0.0,0.0,0.0,0.0,0.0,0.0,0.0,0.0,0.0,0.0,0.0,0.0,0.0,0.0,0.0,0.0,0.0,0.0,0.0,0.0,0.0,0.0,0.0,0.0,0.0,0.0,0.0,0.0,0.0,0.0,0.0,0.0,0.0,0.0,0.0,0.0,98216.1171875,0.0,686927.3125,0.0,-57732.2734375,0.0,57732.3125,0.0,-37.02011492784522,0.0,9.175583839416504,0.0,TX
8150942,TX,4835,0.13353051245212555,1,0.0,0.0,159103.6875,1,0,29131.1875,0.0,178338.6875,41853.75390625,0.0,0.0,0.0,41853.75390625,-3431.001953125,0.0,3431.0,0.0,-1872.0,0.0,1872.0,0.0,1272.0,0.0,-1272.0,0.0,0.0,0.0,0.0,0.0,0.0,0.0,0.0,0.0,0.0,0.0,0.0,0.0,0.0,0.0,0.0,0.0,0.0,0.0,0.0,0.0,0.0,0.0,0.0,0.0,0.0,0.0,0.0,0.0,0.0,0.0,0.0,0.0,0.0,0.0,0.0,0.0,0.0,0.0,0.0,0.0,0.0,0.0,0.0,0.0,0.0,0.0,0.0,0.0,0.0,0.0,0.0,0.0,-228.908203125,0.0,228.90625,0.0,0.0,0.0,0.0,0.0,0.0,0.0,0.0,0.0,0.0,0.0,0.0,0.0,0.0,0.0,0.0,0.0,24871.27734375,0.0,182598.59375,41853.75390625,-4259.91015625,0.0,4259.90625,0.0,-14.623194321378078,0.0,2.3886609077453613,0.0,TX
8150943,TX,4835,0.12220949679613113,3,1.0,527651.46875,703626.4375,3,0,194245.25,0.0,512069.625,0.0,0.0,0.0,0.0,0.0,-127.65625,0.0,127.6875,0.0,0.0,0.0,0.0,0.0,0.0,0.0,0.0,0.0,0.0,0.0,0.0,0.0,0.0,0.0,0.0,0.0,0.0,0.0,0.0,0.0,-1400.0,0.0,1400.0,0.0,-26468.265625,0.0,26468.25,0.0,0.0,0.0,0.0,0.0,0.0,0.0,0.0,0.0,-700.0,0.0,700.0,0.0,0.0,0.0,0.0,0.0,0.0,0.0,0.0,0.0,0.0,0.0,0.0,0.0,0.0,0.0,0.0,0.0,0.0,0.0,0.0,0.0,0.0,0.0,0.0,0.0,0.0,0.0,0.0,0.0,0.0,0.0,0.0,0.0,0.0,0.0,0.0,0.0,0.0,0.0,0.0,0.0,165549.328125,0.0,540765.5625,0.0,-28695.921875,0.0,28695.9375,0.0,-14.773036599350565,0.0,5.603913307189941,0.0,TX
8150944,TX,4835,301.74951171875,1,0.0,0.0,0.0,1,0,0.0,0.0,24149.19921875,3926.039794921875,20223.16015625,0.0,0.0,24149.199951171875,0.0,0.0,0.0,0.0,0.0,0.0,0.0,0.0,0.0,0.0,0.0,0.0,0.0,0.0,0.0,0.0,0.0,0.0,0.0,0.0,0.0,0.0,0.0,0.0,0.0,0.0,0.0,0.0,0.0,0.0,0.0,0.0,0.0,0.0,0.0,0.0,0.0,0.0,0.0,0.0,0.0,0.0,0.0,0.0,0.0,0.0,0.0,0.0,0.0,0.0,0.0,0.0,0.0,0.0,0.0,0.0,0.0,0.0,0.0,0.0,0.0,0.0,0.0,0.0,0.0,0.0,0.0,0.0,0.0,0.0,0.0,0.0,0.0,0.0,0.0,0.0,0.0,0.0,0.0,0.0,0.0,0.0,0.0,0.0,0.0,0.0,24149.19921875,24149.199951171875,0.0,0.0,0.0,0.0,0.0,0.0,0.0,0.0,TX
8150945,TX,4835,0.18387776613235474,3,1.0,462949.828125,1185457.75,3,0,295377.5625,0.0,886443.0625,0.0,0.0,0.0,0.0,0.0,0.0,0.0,0.0,0.0,0.0,0.0,0.0,0.0,0.0,0.0,0.0,0.0,0.0,0.0,0.0,0.0,0.0,0.0,0.0,0.0,0.0,0.0,0.0,0.0,-1400.0,0.0,1400.0,0.0,-36799.53125,0.0,36799.5625,0.0,0.0,0.0,0.0,0.0,0.0,0.0,0.0,0.0,-560.0,0.0,560.0,0.0,-4415.90625,0.0,4415.875,0.0,0.0,0.0,0.0,0.0,0.0,0.0,0.0,0.0,0.0,0.0,0.0,0.0,0.0,0.0,0.0,0.0,0.0,0.0,0.0,0.0,0.0,0.0,0.0,0.0,0.0,0.0,0.0,0.0,0.0,0.0,0.0,0.0,0.0,0.0,0.0,0.0,252202.125,0.0,929618.5,0.0,-43175.4375,0.0,43175.4375,0.0,-14.61703358053813,0.0,4.870638847351074,0.0,TX
8150946,TX,4835,78.33059692382812,2,0.0,26010.0078125,98405.0,2,0,9206.6142578125,0.0,123889.6015625,32698.244140625,0.0,0.0,0.0,32698.244140625,-1365.32275390625,0.0,1365.328125,0.0,-1871.9990234375,0.0,1872.0,0.0,1272.0,0.0,-1272.0,0.0,0.0,0.0,0.0,0.0,0.0,0.0,0.0,0.0,0.0,0.0,0.0,0.0,-344.7626953125,0.0,344.7578125,0.0,0.0,0.0,0.0,0.0,0.0,0.0,0.0,0.0,0.0,0.0,0.0,0.0,-113.904296875,0.0,113.90625,0.0,0.0,0.0,0.0,0.0,0.0,0.0,0.0,0.0,0.0,0.0,0.0,0.0,0.0,0.0,0.0,0.0,0.0,0.0,0.0,0.0,-720.0,0.0,720.0,0.0,-152.259765625,0.0,152.2578125,0.0,0.0,0.0,0.0,0.0,0.0,0.0,0.0,0.0,0.0,0.0,0.0,0.0,5910.36572265625,0.0,127185.8515625,32698.244140625,-3296.24853515625,0.0,3296.25,0.0,-35.80304814399209,0.0,2.660634994506836,0.0,TX
8150947,TX,4835,0.15049830079078674,2,0.0,124629.2421875,716450.0625,2,0,137851.609375,0.0,594363.1875,0.0,0.0,0.0,0.0,0.0,0.0,0.0,0.0,0.0,0.0,0.0,0.0,0.0,0.0,0.0,0.0,0.0,0.0,0.0,0.0,0.0,0.0,0.0,0.0,0.0,0.0,0.0,0.0,0.0,-30973.140625,0.0,30973.125,0.0,-24306.3046875,0.0,24306.3125,0.0,0.0,0.0,0.0,0.0,0.0,0.0,0.0,0.0,0.0,0.0,0.0,0.0,-1777.5390625,0.0,1777.5625,0.0,0.0,0.0,0.0,0.0,0.0,0.0,0.0,0.0,0.0,0.0,0.0,0.0,0.0,0.0,0.0,0.0,0.0,0.0,0.0,0.0,0.0,0.0,0.0,0.0,0.0,0.0,0.0,0.0,0.0,0.0,0.0,0.0,0.0,0.0,0.0,0.0,80794.625,0.0,651420.1875,0.0,-57056.984375,0.0,57057.0,0.0,-41.39014744455174,0.0,9.599686622619629,0.0,TX
8150948,TX,4835,0.10996188968420029,3,0.0,285598.7890625,287445.37890625,1,2,45256.28515625,0.0,220340.78125,0.0,0.0,0.0,0.0,0.0,-6501.443359375,0.0,6501.4375,0.0,-1400.234375,0.0,1400.25,0.0,636.0,0.0,-636.0,0.0,0.0,0.0,0.0,0.0,0.0,0.0,0.0,0.0,0.0,0.0,0.0,0.0,-0.8359375,0.0,0.828125,0.0,-635.400390625,0.0,635.390625,0.0,0.0,0.0,0.0,0.0,0.0,0.0,0.0,0.0,-2.3828125,0.0,2.390625,0.0,0.0,0.0,0.0,0.0,0.0,0.0,0.0,0.0,0.0,0.0,0.0,0.0,0.0,0.0,0.0,0.0,0.0,0.0,0.0,0.0,0.0,0.0,0.0,0.0,0.0,0.0,0.0,0.0,0.0,0.0,0.0,0.0,0.0,0.0,0.0,0.0,0.0,0.0,0.0,0.0,37351.98828125,0.0,228245.078125,0.0,-7904.296875,0.0,7904.296875,0.0,-17.46563344231624,0.0,3.5873055458068848,0.0,TX
8150949,TX,4835,1.373174786567688,3,1.0,1511220.59765625,2194506.25,3,0,742338.875,0.0,1469409.625,0.0,0.0,0.0,0.0,0.0,-54830.6875,0.0,54830.625,0.0,-5772.0,0.0,5772.0,0.0,0.0,0.0,0.0,0.0,0.0,0.0,0.0,0.0,0.0,0.0,0.0,0.0,0.0,0.0,0.0,0.0,-8368.875,0.0,8369.0,0.0,0.0,0.0,0.0,0.0,0.0,0.0,0.0,0.0,0.0,0.0,0.0,0.0,-740.0,0.0,740.0,0.0,0.0,0.0,0.0,0.0,0.0,0.0,0.0,0.0,0.0,0.0,0.0,0.0,0.0,0.0,0.0,0.0,0.0,0.0,0.0,0.0,0.0,0.0,0.0,0.0,0.0,0.0,0.0,0.0,0.0,0.0,0.0,0.0,0.0,0.0,0.0,0.0,0.0,0.0,0.0,0.0,672627.3125,0.0,1539121.25,0.0,-69711.5625,0.0,69711.625,0.0,-9.390800461581646,0.0,4.744192600250244,0.0,TX
8150950,TX,4835,0.17267894744873047,2,0.0,86356.0078125,952956.953125,2,0,257474.5234375,0.0,740285.5625,34645.96875,0.0,0.0,0.0,34645.96875,0.0,0.0,0.0,0.0,0.0,0.0,0.0,0.0,0.0,0.0,0.0,0.0,0.0,0.0,0.0,0.0,0.0,0.0,0.0,0.0,0.0,0.0,0.0,0.0,-1400.0,0.0,1400.0,0.0,-27871.3046875,0.0,27871.3125,0.0,0.0,0.0,0.0,0.0,0.0,0.0,0.0,0.0,0.0,0.0,0.0,0.0,-4652.703125,0.0,4652.6875,0.0,0.0,0.0,0.0,0.0,0.0,0.0,0.0,0.0,0.0,0.0,0.0,0.0,0.0,0.0,0.0,0.0,0.0,0.0,0.0,0.0,0.0,0.0,0.0,0.0,0.0,0.0,0.0,0.0,0.0,0.0,0.0,0.0,0.0,0.0,0.0,0.0,223550.515625,0.0,774209.5625,34645.96875,-33924.0078125,0.0,33924.0,0.0,-13.175675542413343,0.0,4.582555770874023,0.0,TX
8150951,TX,4835,3.569751262664795,1,0.0,4687.6982421875,4687.6982421875,1,0,0.0,0.0,40820.265625,18389.431640625,0.0,0.0,0.0,18389.431640625,0.0,0.0,0.0,0.0,0.0,0.0,0.0,0.0,0.0,0.0,0.0,0.0,0.0,0.0,0.0,0.0,0.0,0.0,0.0,0.0,0.0,0.0,0.0,0.0,0.0,0.0,0.0,0.0,0.0,0.0,0.0,0.0,0.0,0.0,0.0,0.0,0.0,0.0,0.0,0.0,0.0,0.0,0.0,0.0,0.0,0.0,0.0,0.0,0.0,0.0,0.0,0.0,0.0,0.0,0.0,0.0,0.0,0.0,0.0,0.0,0.0,0.0,0.0,0.0,0.0,0.0,0.0,0.0,0.0,0.0,0.0,0.0,0.0,0.0,0.0,0.0,0.0,0.0,0.0,0.0,0.0,0.0,0.0,0.0,0.0,0.0,40820.265625,18389.431640625,0.0,0.0,0.0,0.0,0.0,0.0,0.0,0.0,TX
8150952,TX,4835,0.15366898477077484,2,0.0,82402.03515625,760632.375,2,0,151038.203125,0.0,646463.875,0.0,0.0,0.0,0.0,0.0,0.0,0.0,0.0,0.0,0.0,0.0,0.0,0.0,0.0,0.0,0.0,0.0,0.0,0.0,0.0,0.0,0.0,0.0,0.0,0.0,0.0,0.0,0.0,0.0,-28442.9921875,0.0,28443.0,0.0,-27044.1875,0.0,27044.125,0.0,0.0,0.0,0.0,0.0,0.0,0.0,0.0,0.0,0.0,0.0,0.0,0.0,-2254.3046875,0.0,2254.3125,0.0,0.0,0.0,0.0,0.0,0.0,0.0,0.0,0.0,0.0,0.0,0.0,0.0,0.0,0.0,0.0,0.0,0.0,0.0,0.0,0.0,0.0,0.0,0.0,0.0,0.0,0.0,0.0,0.0,0.0,0.0,0.0,0.0,0.0,0.0,0.0,0.0,93296.71875,0.0,704205.3125,0.0,-57741.484375,0.0,57741.4375,0.0,-38.22972147464761,0.0,8.931889533996582,0.0,TX
8150953,TX,4835,0.43496111035346985,4,2.0,357266.71875,425858.8125,4,0,94100.1328125,0.0,327754.53125,0.0,0.0,0.0,0.0,0.0,0.0,0.0,0.0,0.0,0.0,0.0,0.0,0.0,-0.015625,0.0,0.0,0.0,0.0,0.0,0.0,0.0,-3100.0,0.0,3100.0,0.0,0.0,0.0,0.0,0.0,-2100.0,0.0,2100.0,0.0,-22099.6953125,0.0,22099.71875,0.0,0.0,0.0,0.0,0.0,0.0,0.0,0.0,0.0,0.0,0.0,0.0,0.0,-129.6640625,0.0,129.65625,0.0,0.0,0.0,0.0,0.0,0.0,0.0,0.0,0.0,0.0,0.0,0.0,0.0,0.0,0.0,0.0,0.0,0.0,0.0,0.0,0.0,0.0,0.0,0.0,0.0,0.0,0.0,0.0,0.0,0.0,0.0,0.0,0.0,0.0,0.0,0.0,0.0,66670.7578125,0.0,355183.90625,0.0,-27429.375,0.0,27429.375,0.0,-29.149135267061343,0.0,8.368877410888672,0.0,TX
8150954,TX,4835,0.22724808752536774,2,0.0,88098.32421875,112602.7421875,2,0,11595.4111328125,0.0,101523.109375,0.0,0.0,0.0,0.0,0.0,-1843.08203125,0.0,1843.0859375,0.0,-1872.0,0.0,1872.0,0.0,1272.0,0.0,-1272.0,0.0,0.0,0.0,0.0,0.0,0.0,0.0,0.0,0.0,0.0,0.0,0.0,0.0,-600.0,0.0,600.0,0.0,0.0,0.0,0.0,0.0,0.0,0.0,0.0,0.0,0.0,0.0,0.0,0.0,0.0,0.0,0.0,0.0,0.0,0.0,0.0,0.0,0.0,0.0,0.0,0.0,0.0,0.0,0.0,0.0,0.0,0.0,0.0,0.0,-315.0810546875,0.0,315.0859375,0.0,0.0,0.0,0.0,0.0,0.0,0.0,0.0,0.0,0.0,0.0,0.0,0.0,0.0,0.0,0.0,0.0,0.0,0.0,0.0,0.0,8237.248046875,0.0,104881.28125,0.0,-3358.1630859375,0.0,3358.171875,0.0,-28.961138570021262,0.0,3.307790756225586,0.0,TX
8150955,TX,4835,0.1195715144276619,4,2.0,213247.421875,629799.0,0,4,141695.546875,0.0,496145.3125,0.0,0.0,0.0,0.0,0.0,0.0,0.0,0.0,0.0,0.0,0.0,0.0,0.0,0.0,0.0,0.0,0.0,0.0,0.0,0.0,0.0,0.0,0.0,0.0,0.0,0.0,0.0,0.0,0.0,-1400.0,0.0,1400.0,0.0,-27976.96875,0.0,27976.9375,0.0,0.0,0.0,0.0,0.0,0.0,0.0,0.0,0.0,-480.0,0.0,480.0,0.0,0.0,0.0,0.0,0.0,0.0,0.0,0.0,0.0,0.0,0.0,0.0,0.0,0.0,0.0,0.0,0.0,0.0,0.0,0.0,0.0,0.0,0.0,0.0,0.0,0.0,0.0,0.0,0.0,0.0,0.0,0.0,0.0,0.0,0.0,0.0,0.0,0.0,0.0,0.0,0.0,111838.578125,0.0,526002.25,0.0,-29856.96875,0.0,29856.9375,0.0,-21.07121176951243,0.0,6.017780780792236,0.0,TX
8150956,TX,4835,0.3234959840774536,2,0.0,104489.421875,162534.78125,2,0,22346.1953125,0.0,172666.78125,29663.84765625,0.0,0.0,0.0,29663.84765625,-3511.54296875,0.0,3511.546875,0.0,-3432.0,0.0,3432.0,0.0,2332.0,0.0,-2332.0,0.0,0.0,0.0,0.0,0.0,0.0,0.0,0.0,0.0,0.0,0.0,0.0,0.0,-1152.150390625,0.0,1152.15625,0.0,0.0,0.0,0.0,0.0,0.0,0.0,0.0,0.0,0.0,0.0,0.0,0.0,-249.9345703125,0.0,249.921875,0.0,0.0,0.0,0.0,0.0,0.0,0.0,0.0,0.0,0.0,0.0,0.0,0.0,0.0,0.0,0.0,0.0,0.0,0.0,0.0,0.0,-1154.5390625,0.0,1154.546875,0.0,0.0,0.0,0.0,0.0,0.0,0.0,0.0,0.0,0.0,0.0,0.0,0.0,0.0,0.0,0.0,0.0,15178.0283203125,0.0,179834.953125,29663.84765625,-7168.1669921875,0.0,7168.171875,0.0,-32.07779620621939,0.0,4.1514482498168945,0.0,TX
8150957,TX,4835,226.9914093017578,2,0.0,0.0,10139.607421875,2,0,0.0,0.0,106053.03125,47607.5546875,0.0,0.0,0.0,47607.5546875,0.0,0.0,0.0,0.0,0.0,0.0,0.0,0.0,0.0,0.0,0.0,0.0,0.0,0.0,0.0,0.0,0.0,0.0,0.0,0.0,0.0,0.0,0.0,0.0,0.0,0.0,0.0,0.0,0.0,0.0,0.0,0.0,0.0,0.0,0.0,0.0,0.0,0.0,0.0,0.0,0.0,0.0,0.0,0.0,0.0,0.0,0.0,0.0,0.0,0.0,0.0,0.0,0.0,0.0,0.0,0.0,0.0,0.0,0.0,0.0,0.0,0.0,0.0,0.0,0.0,0.0,0.0,0.0,0.0,0.0,0.0,0.0,0.0,0.0,0.0,0.0,0.0,0.0,0.0,0.0,0.0,0.0,0.0,0.0,0.0,0.0,106053.03125,47607.5546875,0.0,0.0,0.0,0.0,0.0,0.0,0.0,0.0,TX
8150958,TX,4835,0.14673958718776703,2,0.0,96183.3515625,211141.359375,2,0,33776.48046875,0.0,244007.25,47669.6796875,0.0,0.0,0.0,47669.6796875,-4827.58203125,0.0,4827.578125,0.0,-2687.515625,0.0,2687.515625,0.0,1587.515625,0.0,-1587.515625,0.0,0.0,0.0,0.0,0.0,0.0,0.0,0.0,0.0,0.0,0.0,0.0,0.0,-1814.0078125,0.0,1814.0,0.0,0.0,0.0,0.0,0.0,0.0,0.0,0.0,0.0,0.0,0.0,0.0,0.0,0.0,0.0,0.0,0.0,0.0,0.0,0.0,0.0,0.0,0.0,0.0,0.0,0.0,0.0,0.0,0.0,0.0,0.0,0.0,0.0,0.0,0.0,0.0,0.0,-1832.93359375,0.0,1832.9375,0.0,0.0,0.0,0.0,0.0,0.0,0.0,0.0,0.0,0.0,0.0,0.0,0.0,0.0,0.0,0.0,0.0,24201.95703125,0.0,253581.765625,47669.6796875,-9574.5234375,0.0,9574.515625,0.0,-28.346717315199104,0.0,3.92386531829834,0.0,TX
8150959,TX,4835,0.12601816654205322,2,0.0,113968.005859375,530993.8125,2,0,112358.0234375,0.0,441453.25,0.0,0.0,0.0,0.0,0.0,0.0,0.0,0.0,0.0,0.0,0.0,0.0,0.0,-0.0078125,0.0,0.0,0.0,0.0,0.0,0.0,0.0,0.0,0.0,0.0,0.0,0.0,0.0,0.0,0.0,-1598.984375,0.0,1599.0,0.0,-21627.078125,0.0,21627.0625,0.0,0.0,0.0,0.0,0.0,0.0,0.0,0.0,0.0,0.0,0.0,0.0,0.0,-982.265625,0.0,982.28125,0.0,0.0,0.0,0.0,0.0,0.0,0.0,0.0,0.0,0.0,0.0,0.0,0.0,0.0,0.0,0.0,0.0,0.0,0.0,0.0,0.0,0.0,0.0,0.0,0.0,0.0,0.0,0.0,0.0,0.0,0.0,0.0,0.0,0.0,0.0,0.0,0.0,88149.6875,0.0,465661.59375,0.0,-24208.3359375,0.0,24208.34375,0.0,-21.545711820897303,0.0,5.483784198760986,0.0,TX
8150960,TX,4835,0.12904299795627594,2,0.0,44684.0234375,117367.15625,2,0,12062.4072265625,0.0,143301.328125,28774.455078125,0.0,0.0,0.0,28774.455078125,-1936.4814453125,0.0,1936.484375,0.0,-1872.0,0.0,1872.0,0.0,1272.0,0.0,-1272.0,0.0,0.0,0.0,0.0,0.0,0.0,0.0,0.0,0.0,0.0,0.0,0.0,0.0,-6.3603515625,0.0,6.359375,0.0,0.0,0.0,0.0,0.0,0.0,0.0,0.0,0.0,0.0,0.0,0.0,0.0,-208.07421875,0.0,208.078125,0.0,0.0,0.0,0.0,0.0,0.0,0.0,0.0,0.0,0.0,0.0,0.0,0.0,0.0,0.0,0.0,0.0,0.0,0.0,0.0,0.0,-720.0,0.0,720.0,0.0,0.0,0.0,0.0,0.0,0.0,0.0,0.0,0.0,0.0,0.0,0.0,0.0,0.0,0.0,0.0,0.0,8591.4912109375,0.0,146772.25,28774.455078125,-3470.916015625,0.0,3470.921875,0.0,-28.774654597813047,0.0,2.422114372253418,0.0,TX
8150961,TX,4835,0.10428686439990997,3,1.0,105729.103515625,105729.1015625,1,2,8769.365234375,0.0,91677.28125,0.0,0.0,1455.0341796875,0.0,1455.0341796875,-1477.873046875,0.0,1477.875,0.0,-1872.0,0.0,1872.0,0.0,1908.0,0.0,-1908.0,0.0,1000.0,0.0,-1000.0,0.0,0.0,0.0,0.0,0.0,0.0,0.0,0.0,0.0,0.0,0.0,0.0,0.0,0.0,0.0,0.0,0.0,0.0,0.0,0.0,0.0,0.0,0.0,0.0,0.0,-79.853515625,0.0,79.8515625,0.0,0.0,0.0,0.0,0.0,0.0,0.0,0.0,0.0,0.0,0.0,0.0,0.0,0.0,0.0,0.0,0.0,0.0,0.0,0.0,0.0,0.0,0.0,0.0,0.0,0.0,0.0,0.0,0.0,0.0,0.0,0.0,0.0,0.0,0.0,-1455.03125,-1455.0341796875,0.0,0.0,0.0,0.0,8247.638671875,0.0,90743.9765625,0.0,-521.7265625,0.0,-933.3046875,-1455.0341796875,-5.949422205097424,0.0,-1.0180326700210571,-100.0,TX
8150962,TX,4835,222.7492218017578,1,0.0,4232.7158203125,4232.7158203125,1,0,0.0,0.0,7504.953125,3596.039794921875,0.0,0.0,0.0,3596.039794921875,0.0,0.0,0.0,0.0,0.0,0.0,0.0,0.0,0.0,0.0,0.0,0.0,0.0,0.0,0.0,0.0,0.0,0.0,0.0,0.0,0.0,0.0,0.0,0.0,0.0,0.0,0.0,0.0,0.0,0.0,0.0,0.0,0.0,0.0,0.0,0.0,0.0,0.0,0.0,0.0,0.0,0.0,0.0,0.0,0.0,0.0,0.0,0.0,0.0,0.0,0.0,0.0,0.0,0.0,0.0,0.0,0.0,0.0,0.0,0.0,0.0,0.0,0.0,0.0,0.0,0.0,0.0,0.0,0.0,0.0,0.0,0.0,0.0,0.0,0.0,0.0,0.0,0.0,0.0,0.0,0.0,0.0,0.0,0.0,0.0,0.0,7504.953125,3596.039794921875,0.0,0.0,0.0,0.0,0.0,0.0,0.0,0.0,TX
8150963,TX,4835,41.2086181640625,2,0.0,0.0,40689.73828125,2,0,1018.9738159179688,0.0,71521.59375,18964.982421875,0.0,0.0,0.0,18964.982421875,0.0,0.0,0.0,0.0,-1018.9738159179688,0.0,1018.9765625,0.0,518.9738159179688,0.0,-518.9765625,0.0,0.0,0.0,0.0,0.0,0.0,0.0,0.0,0.0,0.0,0.0,0.0,0.0,0.0,0.0,0.0,0.0,0.0,0.0,0.0,0.0,0.0,0.0,0.0,0.0,0.0,0.0,0.0,0.0,0.0,0.0,0.0,0.0,0.0,0.0,0.0,0.0,0.0,0.0,0.0,0.0,0.0,0.0,0.0,0.0,0.0,0.0,0.0,0.0,0.0,0.0,0.0,0.0,-518.9738159179688,0.0,518.9765625,0.0,0.0,0.0,0.0,0.0,0.0,0.0,0.0,0.0,0.0,0.0,0.0,0.0,0.0,0.0,0.0,0.0,0.0,0.0,72540.5703125,18964.982421875,-1018.9738159179688,0.0,1018.9765625,0.0,-100.0,0.0,1.4247117042541504,0.0,TX
8150964,TX,4835,53.84284973144531,1,0.0,0.0,0.0,1,0,0.0,0.0,42546.484375,23799.48828125,0.0,0.0,0.0,23799.48828125,0.0,0.0,0.0,0.0,0.0,0.0,0.0,0.0,0.0,0.0,0.0,0.0,0.0,0.0,0.0,0.0,0.0,0.0,0.0,0.0,0.0,0.0,0.0,0.0,0.0,0.0,0.0,0.0,0.0,0.0,0.0,0.0,0.0,0.0,0.0,0.0,0.0,0.0,0.0,0.0,0.0,0.0,0.0,0.0,0.0,0.0,0.0,0.0,0.0,0.0,0.0,0.0,0.0,0.0,0.0,0.0,0.0,0.0,0.0,0.0,0.0,0.0,0.0,0.0,0.0,0.0,0.0,0.0,0.0,0.0,0.0,0.0,0.0,0.0,0.0,0.0,0.0,0.0,0.0,0.0,0.0,0.0,0.0,0.0,0.0,0.0,42546.484375,23799.48828125,0.0,0.0,0.0,0.0,0.0,0.0,0.0,0.0,TX
8150965,TX,4835,0.11016538739204407,2,0.0,125391.28515625,131172.33203125,2,0,18464.400634765625,0.0,122149.90625,9265.619140625,0.0,5641.78955078125,0.0,14907.40869140625,-2510.170166015625,0.0,2510.171875,0.0,-2524.7365112304688,0.0,2524.7421875,0.0,1695.9999389648438,0.0,-1696.0,0.0,0.0,0.0,0.0,0.0,0.0,0.0,0.0,0.0,0.0,0.0,0.0,0.0,0.0,0.0,0.0,0.0,0.0,0.0,0.0,0.0,0.0,0.0,0.0,0.0,0.0,0.0,0.0,0.0,-220.0,0.0,220.0,0.0,0.0,0.0,0.0,0.0,0.0,0.0,0.0,0.0,0.0,0.0,0.0,0.0,0.0,0.0,0.0,0.0,0.0,0.0,0.0,0.0,0.0,0.0,0.0,0.0,0.0,0.0,0.0,0.0,0.0,0.0,0.0,0.0,0.0,0.0,-5641.7890625,-5641.78955078125,0.0,0.0,0.0,0.0,14905.493896484375,0.0,120067.03125,9265.619140625,-3558.90673828125,0.0,-2082.875,-5641.78955078125,-19.27442330069667,0.0,-1.7051793336868286,-37.84554155299708,TX
8150966,TX,4835,0.12115278095006943,4,1.0,181445.6640625,187030.462890625,4,0,23947.0927734375,0.0,204554.828125,25138.41015625,0.0,0.0,0.0,25138.41015625,-3590.6669921875,0.0,3590.671875,0.0,-3159.0,0.0,3159.0,0.0,2438.0,0.0,-2438.0,0.0,0.0,0.0,0.0,0.0,-1200.0,0.0,1200.0,0.0,0.0,0.0,0.0,0.0,-4.01171875,0.0,4.0,0.0,0.0,0.0,0.0,0.0,0.0,0.0,0.0,0.0,0.0,0.0,0.0,0.0,-120.0,0.0,120.0,0.0,0.0,0.0,0.0,0.0,0.0,0.0,0.0,0.0,0.0,0.0,0.0,0.0,0.0,0.0,0.0,0.0,0.0,0.0,0.0,0.0,-839.2978515625,0.0,839.3125,0.0,0.0,0.0,0.0,0.0,0.0,0.0,0.0,0.0,0.0,0.0,0.0,0.0,0.0,0.0,0.0,0.0,17472.1162109375,0.0,211029.8125,25138.41015625,-6474.9765625,0.0,6474.984375,0.0,-27.038674897865466,0.0,3.165402889251709,0.0,TX
8150967,TX,4835,0.11621253192424774,3,0.0,140099.998046875,273203.646484375,3,0,33765.76623535156,0.0,257908.3125,20290.0234375,0.0,5458.4697265625,0.0,25748.4931640625,-4786.806640625,0.0,4786.8125,0.0,-584.0162353515625,0.0,584.0,0.0,2666.0162048339844,0.0,-2666.015625,0.0,0.0,0.0,0.0,0.0,0.0,0.0,0.0,0.0,0.0,0.0,0.0,0.0,-3754.55078125,0.0,3754.546875,0.0,0.0,0.0,0.0,0.0,0.0,0.0,0.0,0.0,0.0,0.0,0.0,0.0,0.0,0.0,0.0,0.0,0.0,0.0,0.0,0.0,0.0,0.0,0.0,0.0,0.0,0.0,0.0,0.0,0.0,0.0,0.0,0.0,0.0,0.0,0.0,0.0,0.0,0.0,0.0,0.0,0.0,0.0,0.0,0.0,0.0,0.0,0.0,0.0,0.0,0.0,0.0,0.0,0.0,0.0,0.0,0.0,27306.408782958984,0.0,264367.65625,25748.4931640625,-6459.357452392578,0.0,6459.34375,0.0,-19.129900406731654,0.0,2.504511833190918,0.0,TX
8150968,TX,4835,193.8897705078125,1,0.0,0.0,0.0,1,0,0.0,0.0,63356.12109375,31678.060546875,0.0,0.0,0.0,31678.060546875,0.0,0.0,0.0,0.0,0.0,0.0,0.0,0.0,0.0,0.0,0.0,0.0,0.0,0.0,0.0,0.0,0.0,0.0,0.0,0.0,0.0,0.0,0.0,0.0,0.0,0.0,0.0,0.0,0.0,0.0,0.0,0.0,0.0,0.0,0.0,0.0,0.0,0.0,0.0,0.0,0.0,0.0,0.0,0.0,0.0,0.0,0.0,0.0,0.0,0.0,0.0,0.0,0.0,0.0,0.0,0.0,0.0,0.0,0.0,0.0,0.0,0.0,0.0,0.0,0.0,0.0,0.0,0.0,0.0,0.0,0.0,0.0,0.0,0.0,0.0,0.0,0.0,0.0,0.0,0.0,0.0,0.0,0.0,0.0,0.0,0.0,63356.12109375,31678.060546875,0.0,0.0,0.0,0.0,0.0,0.0,0.0,0.0,TX
8150969,TX,4835,0.12029530853033066,2,0.0,41134.073974609375,41134.073974609375,2,0,3157.06689453125,0.0,39838.62109375,2588.216796875,0.0,0.0,0.0,2588.216796875,-393.413330078125,0.0,393.4140625,0.0,-936.0,0.0,936.0,0.0,636.0,0.0,-636.0,0.0,0.0,0.0,0.0,0.0,0.0,0.0,0.0,0.0,0.0,0.0,0.0,0.0,0.0,0.0,0.0,0.0,0.0,0.0,0.0,0.0,0.0,0.0,0.0,0.0,0.0,0.0,0.0,0.0,0.0,0.0,0.0,0.0,0.0,0.0,0.0,0.0,0.0,0.0,0.0,0.0,0.0,0.0,0.0,0.0,0.0,0.0,0.0,0.0,0.0,0.0,0.0,0.0,0.0,0.0,0.0,0.0,0.0,0.0,0.0,0.0,0.0,0.0,0.0,0.0,0.0,0.0,0.0,0.0,0.0,0.0,0.0,0.0,2463.653564453125,0.0,40532.03515625,2588.216796875,-693.413330078125,0.0,693.4140625,0.0,-21.963846609625943,0.0,1.740557312965393,0.0,TX
8150970,TX,4835,0.10650192201137543,3,1.0,335789.8828125,336017.96875,3,0,70982.9921875,0.0,243375.515625,0.0,0.0,0.0,0.0,0.0,0.0,0.0,0.0,0.0,0.0,0.0,0.0,0.0,0.0,0.0,0.0,0.0,0.0,0.0,0.0,0.0,-2200.0,0.0,2200.0,0.0,0.0,0.0,0.0,0.0,0.0,0.0,0.0,0.0,-12882.01953125,0.0,12882.015625,0.0,0.0,0.0,0.0,0.0,0.0,0.0,0.0,0.0,-480.0,0.0,480.0,0.0,0.0,0.0,0.0,0.0,0.0,0.0,0.0,0.0,0.0,0.0,0.0,0.0,0.0,0.0,0.0,0.0,0.0,0.0,0.0,0.0,0.0,0.0,0.0,0.0,0.0,0.0,0.0,0.0,0.0,0.0,0.0,0.0,0.0,0.0,0.0,0.0,0.0,0.0,0.0,0.0,55420.97265625,0.0,258937.53125,0.0,-15562.01953125,0.0,15562.015625,0.0,-21.923589090388397,0.0,6.394240379333496,0.0,TX
8150971,TX,4835,412.4556579589844,2,0.0,0.0,14449.142578125,2,0,0.0,0.0,58807.3828125,6124.26708984375,40446.3203125,0.0,0.0,46570.58740234375,0.0,0.0,0.0,0.0,0.0,0.0,0.0,0.0,0.0,0.0,0.0,0.0,0.0,0.0,0.0,0.0,0.0,0.0,0.0,0.0,0.0,0.0,0.0,0.0,0.0,0.0,0.0,0.0,0.0,0.0,0.0,0.0,0.0,0.0,0.0,0.0,0.0,0.0,0.0,0.0,0.0,0.0,0.0,0.0,0.0,0.0,0.0,0.0,0.0,0.0,0.0,0.0,0.0,0.0,0.0,0.0,0.0,0.0,0.0,0.0,0.0,0.0,0.0,0.0,0.0,0.0,0.0,0.0,0.0,0.0,0.0,0.0,0.0,0.0,0.0,0.0,0.0,0.0,0.0,0.0,0.0,0.0,0.0,0.0,0.0,0.0,58807.3828125,46570.58740234375,0.0,0.0,0.0,0.0,0.0,0.0,0.0,0.0,TX
8150972,TX,4835,0.12171242386102676,2,0.0,60459.8515625,746445.26171875,2,0,206804.60498046875,0.0,553969.5,18311.017578125,0.0,0.0,0.0,18311.017578125,-1084.8525390625,0.0,1084.875,0.0,-936.0,0.0,936.0,0.0,636.0,0.0,-636.0,0.0,0.0,0.0,0.0,0.0,0.0,0.0,0.0,0.0,0.0,0.0,0.0,0.0,-1400.0,0.0,1400.0,0.0,-20440.90625,0.0,20440.875,0.0,0.0,0.0,0.0,0.0,0.0,0.0,0.0,0.0,0.0,0.0,0.0,0.0,-4319.28125,0.0,4319.25,0.0,0.0,0.0,0.0,0.0,0.0,0.0,0.0,0.0,0.0,0.0,0.0,0.0,0.0,0.0,0.0,0.0,-720.0,0.0,720.0,0.0,0.0,0.0,0.0,0.0,0.0,0.0,0.0,0.0,0.0,0.0,0.0,0.0,0.0,0.0,0.0,0.0,178539.56494140625,0.0,582234.5,18311.017578125,-28265.0400390625,0.0,28265.0,0.0,-13.66750998689412,0.0,5.102266311645508,0.0,TX
8150973,TX,4835,0.14568425714969635,7,3.9999999999999996,344971.2109375,365451.1875,7,0,56130.474609375,0.0,316716.5,15236.2919921875,0.0,15064.660156250002,0.0,30300.9521484375,-7203.9443359375,0.0,7203.9375,0.0,-1872.0,0.0,1872.0,0.0,4833.7353515625,0.0,-4833.71875,0.0,0.0,0.0,0.0,0.0,-5550.0,0.0,5550.0,0.0,0.0,0.0,0.0,0.0,0.0,0.0,0.0,0.0,0.0,0.0,0.0,0.0,0.0,0.0,0.0,0.0,0.0,0.0,0.0,0.0,0.0,0.0,0.0,0.0,0.0,0.0,0.0,0.0,0.0,0.0,0.0,0.0,0.0,0.0,0.0,0.0,0.0,0.0,0.0,0.0,0.0,0.0,0.0,0.0,0.0,0.0,0.0,0.0,0.0,0.0,0.0,0.0,0.0,0.0,0.0,0.0,0.0,0.0,0.0,0.0,0.0,0.0,0.0,0.0,46338.265625,0.0,326508.71875,30300.9521484375,-9792.208984375,0.0,9792.21875,0.0,-17.44544127324997,0.0,3.0917930603027344,0.0,TX
8150974,TX,4835,0.13271605968475342,2,0.0,129587.41796875,247923.0625,2,0,30172.16015625,0.0,264492.59375,0.0,0.0,0.0,0.0,0.0,-4347.56640625,0.0,4347.5625,0.0,0.0,0.0,0.0,0.0,2332.0,0.0,-2332.0,0.0,0.0,0.0,0.0,0.0,0.0,0.0,0.0,0.0,0.0,0.0,0.0,0.0,-4157.2890625,0.0,4157.28125,0.0,0.0,0.0,0.0,0.0,0.0,0.0,0.0,0.0,0.0,0.0,0.0,0.0,0.0,0.0,0.0,0.0,0.0,0.0,0.0,0.0,0.0,0.0,0.0,0.0,0.0,0.0,0.0,0.0,0.0,0.0,0.0,0.0,-791.76953125,0.0,791.78125,0.0,0.0,0.0,0.0,0.0,0.0,0.0,0.0,0.0,0.0,0.0,0.0,0.0,0.0,0.0,0.0,0.0,0.0,0.0,0.0,0.0,23207.53515625,0.0,271457.21875,0.0,-6964.625,0.0,6964.625,0.0,-23.082951183915533,0.0,2.633202314376831,0.0,TX
8150975,TX,4835,0.11719416826963425,2,0.0,223535.078125,470458.46875,2,0,112420.171875,0.0,356692.125,0.0,0.0,0.0,0.0,0.0,0.0,0.0,0.0,0.0,0.0,0.0,0.0,0.0,0.0,0.0,0.0,0.0,0.0,0.0,0.0,0.0,0.0,0.0,0.0,0.0,0.0,0.0,0.0,0.0,-1400.0,0.0,1400.0,0.0,-28727.5,0.0,28727.5,0.0,0.0,0.0,0.0,0.0,0.0,0.0,0.0,0.0,-480.0,0.0,480.0,0.0,0.0,0.0,0.0,0.0,0.0,0.0,0.0,0.0,0.0,0.0,0.0,0.0,0.0,0.0,0.0,0.0,0.0,0.0,0.0,0.0,0.0,0.0,0.0,0.0,0.0,0.0,0.0,0.0,0.0,0.0,0.0,0.0,0.0,0.0,0.0,0.0,0.0,0.0,0.0,0.0,81812.671875,0.0,387299.625,0.0,-30607.5,0.0,30607.5,0.0,-27.225985772404336,0.0,8.58092975616455,0.0,TX
8150976,TX,4835,0.10761217772960663,2,0.0,90057.705078125,85812.09375,2,0,7576.81396484375,0.0,93785.7578125,0.0,0.0,0.0,0.0,0.0,-1039.36279296875,0.0,1039.359375,0.0,-1872.0,0.0,1872.0,0.0,1272.0,0.0,-1272.0,0.0,0.0,0.0,0.0,0.0,0.0,0.0,0.0,0.0,0.0,0.0,0.0,0.0,-600.0,0.0,600.0,0.0,0.0,0.0,0.0,0.0,0.0,0.0,0.0,0.0,0.0,0.0,0.0,0.0,-240.0,0.0,240.0,0.0,0.0,0.0,0.0,0.0,0.0,0.0,0.0,0.0,0.0,0.0,0.0,0.0,0.0,0.0,0.0,0.0,0.0,0.0,0.0,0.0,0.0,0.0,0.0,0.0,0.0,0.0,0.0,0.0,0.0,0.0,0.0,0.0,0.0,0.0,0.0,0.0,0.0,0.0,0.0,0.0,5097.451171875,0.0,96265.1171875,0.0,-2479.36279296875,0.0,2479.359375,0.0,-32.72302585853287,0.0,2.643641710281372,0.0,TX
8150977,TX,4835,0.36892983317375183,4,0.0,110579.19750976562,93900.98266601562,4,0,5188.936828613281,0.0,-126271.328125,0.0,0.0,0.0,0.0,0.0,-409.13720703125,0.0,409.1328125,0.0,-2004.2808227539062,0.0,2004.28125,0.0,1785.2517700195312,0.0,-1785.25,0.0,0.0,0.0,0.0,0.0,0.0,0.0,0.0,0.0,0.0,0.0,0.0,0.0,0.0,0.0,0.0,0.0,0.0,0.0,0.0,0.0,0.0,0.0,0.0,0.0,0.0,0.0,0.0,0.0,0.0,0.0,0.0,0.0,0.0,0.0,0.0,0.0,0.0,0.0,0.0,0.0,0.0,0.0,0.0,0.0,0.0,0.0,0.0,0.0,0.0,0.0,0.0,0.0,0.0,0.0,0.0,0.0,-77.174072265625,0.0,77.171875,0.0,0.0,0.0,0.0,0.0,0.0,0.0,0.0,0.0,0.0,0.0,0.0,0.0,4483.596496582031,0.0,-125565.9921875,0.0,-705.34033203125,0.0,705.3359375,0.0,-13.593157044075035,0.0,0.5585876107215881,0.0,TX
8150978,TX,4835,0.12706604599952698,2,0.0,128497.671875,532438.8125,1,1,116788.1015625,0.0,411588.6875,0.0,0.0,0.0,0.0,0.0,0.0,0.0,0.0,0.0,0.0,0.0,0.0,0.0,0.0,0.0,0.0,0.0,0.0,0.0,0.0,0.0,0.0,0.0,0.0,0.0,0.0,0.0,0.0,0.0,0.0,0.0,0.0,0.0,-27183.4921875,0.0,27183.5,0.0,0.0,0.0,0.0,0.0,0.0,0.0,0.0,0.0,-440.0,0.0,440.0,0.0,0.0,0.0,0.0,0.0,0.0,0.0,0.0,0.0,0.0,0.0,0.0,0.0,0.0,0.0,0.0,0.0,0.0,0.0,0.0,0.0,0.0,0.0,0.0,0.0,0.0,0.0,0.0,0.0,0.0,0.0,0.0,0.0,0.0,0.0,0.0,0.0,0.0,0.0,0.0,0.0,89164.609375,0.0,439212.1875,0.0,-27623.4921875,0.0,27623.5,0.0,-23.652659661324392,0.0,6.711432933807373,0.0,TX
8150979,TX,4835,0.3338980972766876,3,0.0,69752.6796875,950.80859375,2,1,803.4802856445312,0.0,6630.61962890625,0.0,0.0,0.0,0.0,0.0,0.0,0.0,0.0,0.0,-780.0000114440918,0.0,780.0,0.0,530.0000114440918,0.0,-530.0,0.0,0.0,0.0,0.0,0.0,0.0,0.0,0.0,0.0,0.0,0.0,0.0,0.0,0.0,0.0,0.0,0.0,0.0,0.0,0.0,0.0,0.0,0.0,0.0,0.0,0.0,0.0,0.0,0.0,0.0,0.0,0.0,0.0,0.0,0.0,0.0,0.0,0.0,0.0,0.0,0.0,0.0,0.0,0.0,0.0,0.0,0.0,0.0,0.0,0.0,0.0,0.0,0.0,0.0,0.0,0.0,0.0,0.0,0.0,0.0,0.0,0.0,0.0,0.0,0.0,0.0,0.0,0.0,0.0,0.0,0.0,0.0,0.0,553.4802856445312,0.0,6880.61962890625,0.0,-250.0,0.0,250.0,0.0,-31.11464020544778,0.0,3.7703866958618164,0.0,TX
8150980,TX,4835,0.13866205513477325,4,0.0,580455.7416992188,699611.8940429688,2,2,166410.3583984375,0.0,495429.5,194.55667114257812,0.0,0.0,0.0,194.55667114257812,-766.0,0.0,766.0,0.0,0.0,0.0,0.0,0.0,636.0,0.0,-636.0,0.0,0.0,0.0,0.0,0.0,0.0,0.0,0.0,0.0,0.0,0.0,0.0,0.0,-11.86767578125,0.0,11.875,0.0,-30942.84375,0.0,30942.875,0.0,0.0,0.0,0.0,0.0,0.0,0.0,0.0,0.0,-640.0,0.0,640.0,0.0,0.0,0.0,0.0,0.0,0.0,0.0,0.0,0.0,0.0,0.0,0.0,0.0,0.0,0.0,0.0,0.0,0.0,0.0,0.0,0.0,0.0,0.0,0.0,0.0,0.0,0.0,0.0,0.0,0.0,0.0,0.0,0.0,0.0,0.0,0.0,0.0,0.0,0.0,0.0,0.0,134685.64697265625,0.0,527154.25,194.55667114257812,-31724.71142578125,0.0,31724.75,0.0,-19.064144642860843,0.0,6.403484344482422,0.0,TX
8150981,TX,4835,0.17020457983016968,4,0.0,239222.06640625,239258.8125,3,1,33002.203125,0.0,163565.859375,389.11334228515625,0.0,0.0,0.0,389.11334228515625,-5205.263671875,0.0,5205.265625,0.0,-5148.0009765625,0.0,5148.0,0.0,3498.0009765625,0.0,-3498.0,0.0,0.0,0.0,0.0,0.0,0.0,0.0,0.0,0.0,0.0,0.0,0.0,0.0,0.0,0.0,0.0,0.0,0.0,0.0,0.0,0.0,0.0,0.0,0.0,0.0,0.0,0.0,0.0,0.0,-111.7890625,0.0,111.78125,0.0,0.0,0.0,0.0,0.0,0.0,0.0,0.0,0.0,0.0,0.0,0.0,0.0,0.0,0.0,0.0,0.0,0.0,0.0,0.0,0.0,0.0,0.0,0.0,0.0,0.0,0.0,0.0,0.0,0.0,0.0,0.0,0.0,0.0,0.0,0.0,0.0,0.0,0.0,0.0,0.0,26035.150390625,0.0,170532.90625,389.11334228515625,-6967.052734375,0.0,6967.046875,0.0,-21.110871622680495,0.0,4.259474754333496,0.0,TX
8150982,TX,4835,0.12113666534423828,1,0.0,21362.578125,21362.578125,1,0,565.5411376953125,0.0,21876.171875,2291.93994140625,0.0,0.0,0.0,2291.93994140625,0.0,0.0,0.0,0.0,-565.5411376953125,0.0,565.54296875,0.0,315.5411376953125,0.0,-315.54296875,0.0,0.0,0.0,0.0,0.0,0.0,0.0,0.0,0.0,0.0,0.0,0.0,0.0,0.0,0.0,0.0,0.0,0.0,0.0,0.0,0.0,0.0,0.0,0.0,0.0,0.0,0.0,0.0,0.0,0.0,0.0,0.0,0.0,0.0,0.0,0.0,0.0,0.0,0.0,0.0,0.0,0.0,0.0,0.0,0.0,0.0,0.0,0.0,0.0,-94.71307373046875,0.0,94.71484375,0.0,0.0,0.0,0.0,0.0,-64.8521728515625,0.0,64.8515625,0.0,0.0,0.0,0.0,0.0,0.0,0.0,0.0,0.0,0.0,0.0,0.0,0.0,155.97589111328125,0.0,22285.73828125,2291.93994140625,-409.56524658203125,0.0,409.56640625,0.0,-72.42006271216404,0.0,1.8722033500671387,0.0,TX
8150983,TX,4835,0.12567467987537384,4,0.0,519660.203125,616367.4887390137,4,0,150965.94189453125,0.0,488600.96875,0.0,20223.16015625,0.0,0.0,20223.16015625,-338.36328125,0.0,338.34375,0.0,-935.999755859375,0.0,936.0,0.0,635.999755859375,0.0,-636.0,0.0,0.0,0.0,0.0,0.0,0.0,0.0,0.0,0.0,0.0,0.0,0.0,0.0,0.0,0.0,0.0,0.0,-32903.3203125,0.0,32903.34375,0.0,0.0,0.0,0.0,0.0,0.0,0.0,0.0,0.0,-640.0,0.0,640.0,0.0,0.0,0.0,0.0,0.0,0.0,0.0,0.0,0.0,0.0,0.0,0.0,0.0,0.0,0.0,0.0,0.0,0.0,0.0,0.0,0.0,0.0,0.0,0.0,0.0,0.0,0.0,0.0,0.0,0.0,0.0,0.0,0.0,0.0,0.0,0.0,0.0,0.0,0.0,0.0,0.0,116784.25830078125,0.0,522782.65625,20223.16015625,-34181.68359375,0.0,34181.6875,0.0,-22.64198345983905,0.0,6.995829105377197,0.0,TX
8150984,TX,4835,127.94033813476562,1,0.0,0.0,23072.873046875,1,0,742.2872924804688,0.0,22330.5859375,0.0,0.0,0.0,0.0,0.0,0.0,0.0,0.0,0.0,-742.2872924804688,0.0,742.287109375,0.0,492.28729248046875,0.0,-492.287109375,0.0,0.0,0.0,0.0,0.0,0.0,0.0,0.0,0.0,0.0,0.0,0.0,0.0,0.0,0.0,0.0,0.0,0.0,0.0,0.0,0.0,0.0,0.0,0.0,0.0,0.0,0.0,0.0,0.0,0.0,0.0,0.0,0.0,0.0,0.0,0.0,0.0,0.0,0.0,0.0,0.0,0.0,0.0,0.0,0.0,0.0,0.0,0.0,0.0,0.0,0.0,0.0,0.0,-492.28729248046875,0.0,492.287109375,0.0,0.0,0.0,0.0,0.0,0.0,0.0,0.0,0.0,0.0,0.0,0.0,0.0,0.0,0.0,0.0,0.0,0.0,0.0,23072.873046875,0.0,-742.2872924804688,0.0,742.287109375,0.0,-100.0,0.0,3.324082374572754,0.0,TX
8150985,TX,4835,323.2707214355469,1,0.0,2458.90234375,2458.90234375,1,0,0.0,0.0,41638.24609375,12904.5078125,20223.16015625,0.0,0.0,33127.66796875,0.0,0.0,0.0,0.0,0.0,0.0,0.0,0.0,0.0,0.0,0.0,0.0,0.0,0.0,0.0,0.0,0.0,0.0,0.0,0.0,0.0,0.0,0.0,0.0,0.0,0.0,0.0,0.0,0.0,0.0,0.0,0.0,0.0,0.0,0.0,0.0,0.0,0.0,0.0,0.0,0.0,0.0,0.0,0.0,0.0,0.0,0.0,0.0,0.0,0.0,0.0,0.0,0.0,0.0,0.0,0.0,0.0,0.0,0.0,0.0,0.0,0.0,0.0,0.0,0.0,0.0,0.0,0.0,0.0,0.0,0.0,0.0,0.0,0.0,0.0,0.0,0.0,0.0,0.0,0.0,0.0,0.0,0.0,0.0,0.0,0.0,41638.24609375,33127.66796875,0.0,0.0,0.0,0.0,0.0,0.0,0.0,0.0,TX
8150986,TX,4835,92.212890625,2,0.0,25489.880859375,25489.880859375,2,0,0.0,0.0,31422.94140625,0.0,4137.51025390625,0.0,0.0,4137.51025390625,0.0,0.0,0.0,0.0,0.0,0.0,0.0,0.0,0.0,0.0,0.0,0.0,0.0,0.0,0.0,0.0,0.0,0.0,0.0,0.0,0.0,0.0,0.0,0.0,0.0,0.0,0.0,0.0,0.0,0.0,0.0,0.0,0.0,0.0,0.0,0.0,0.0,0.0,0.0,0.0,0.0,0.0,0.0,0.0,0.0,0.0,0.0,0.0,0.0,0.0,0.0,0.0,0.0,0.0,0.0,0.0,0.0,0.0,0.0,0.0,0.0,0.0,0.0,0.0,0.0,0.0,0.0,0.0,0.0,0.0,0.0,0.0,0.0,0.0,0.0,0.0,0.0,0.0,0.0,0.0,0.0,0.0,0.0,0.0,0.0,0.0,31422.94140625,4137.51025390625,0.0,0.0,0.0,0.0,0.0,0.0,0.0,0.0,TX
8150987,TX,4835,0.3067343533039093,2,0.0,2470.7890625,2470.7890625,2,0,-664.0,0.0,73255.515625,17577.87890625,40446.3203125,0.0,0.0,58024.19921875,0.0,0.0,0.0,0.0,0.0,0.0,0.0,0.0,0.0,0.0,0.0,0.0,0.0,0.0,0.0,0.0,0.0,0.0,0.0,0.0,0.0,0.0,0.0,0.0,0.0,0.0,0.0,0.0,0.0,0.0,0.0,0.0,0.0,0.0,0.0,0.0,0.0,0.0,0.0,0.0,0.0,0.0,0.0,0.0,0.0,0.0,0.0,0.0,0.0,0.0,0.0,0.0,0.0,0.0,0.0,0.0,0.0,0.0,0.0,0.0,0.0,0.0,0.0,0.0,0.0,0.0,0.0,0.0,0.0,0.0,0.0,0.0,0.0,0.0,0.0,0.0,0.0,0.0,0.0,0.0,0.0,0.0,0.0,0.0,-664.0,0.0,73255.515625,58024.19921875,0.0,0.0,0.0,0.0,0.0,0.0,0.0,0.0,TX
8150988,TX,4835,0.14654091000556946,5,1.0,207633.26782226562,248409.53881835938,5,0,40603.7265625,0.0,252005.75,9932.1708984375,40446.3203125,0.0,0.0,50378.4912109375,-5633.5078125,0.0,5633.5,0.0,0.0,0.0,0.0,0.0,3622.16796875,0.0,-3622.15625,0.0,0.0,0.0,0.0,0.0,-500.0,0.0,500.0,0.0,0.0,0.0,0.0,0.0,0.0,0.0,0.0,0.0,-2089.42578125,0.0,2089.40625,0.0,0.0,0.0,0.0,0.0,0.0,0.0,0.0,0.0,-440.0,0.0,440.0,0.0,0.0,0.0,0.0,0.0,0.0,0.0,0.0,0.0,0.0,0.0,0.0,0.0,0.0,0.0,0.0,0.0,0.0,0.0,0.0,0.0,0.0,0.0,0.0,0.0,0.0,0.0,0.0,0.0,0.0,0.0,0.0,0.0,0.0,0.0,0.0,0.0,0.0,0.0,0.0,0.0,35562.9609375,0.0,257046.5,50378.4912109375,-5040.765625,0.0,5040.75,0.0,-12.41453938283451,0.0,2.0002520084381104,0.0,TX
8150989,TX,4835,0.2853408455848694,3,1.0,87977.08984375,97548.078125,3,0,5120.2607421875,0.0,25300.390625,0.0,0.0,0.0,0.0,0.0,-748.05224609375,0.0,748.05078125,0.0,-1872.0,0.0,1872.0,0.0,1908.0,0.0,-1908.0,0.0,0.0,0.0,0.0,0.0,-1200.0,0.0,1200.0,0.0,0.0,0.0,0.0,0.0,0.0,0.0,0.0,0.0,0.0,0.0,0.0,0.0,0.0,0.0,0.0,0.0,0.0,0.0,0.0,0.0,-153.33984375,0.0,153.33984375,0.0,0.0,0.0,0.0,0.0,0.0,0.0,0.0,0.0,0.0,0.0,0.0,0.0,0.0,0.0,0.0,0.0,-146.08251953125,0.0,146.083984375,0.0,0.0,0.0,0.0,0.0,0.0,0.0,0.0,0.0,0.0,0.0,0.0,0.0,0.0,0.0,0.0,0.0,0.0,0.0,0.0,0.0,2908.7861328125,0.0,27511.865234375,0.0,-2211.474609375,0.0,2211.474609375,0.0,-43.1906639275992,0.0,8.74087142944336,0.0,TX
8150990,TX,4835,239.88941955566406,1,0.0,0.0,0.0,1,0,0.0,0.0,5098.86083984375,3596.039794921875,0.0,0.0,0.0,3596.039794921875,0.0,0.0,0.0,0.0,0.0,0.0,0.0,0.0,0.0,0.0,0.0,0.0,0.0,0.0,0.0,0.0,0.0,0.0,0.0,0.0,0.0,0.0,0.0,0.0,0.0,0.0,0.0,0.0,0.0,0.0,0.0,0.0,0.0,0.0,0.0,0.0,0.0,0.0,0.0,0.0,0.0,0.0,0.0,0.0,0.0,0.0,0.0,0.0,0.0,0.0,0.0,0.0,0.0,0.0,0.0,0.0,0.0,0.0,0.0,0.0,0.0,0.0,0.0,0.0,0.0,0.0,0.0,0.0,0.0,0.0,0.0,0.0,0.0,0.0,0.0,0.0,0.0,0.0,0.0,0.0,0.0,0.0,0.0,0.0,0.0,0.0,5098.86083984375,3596.039794921875,0.0,0.0,0.0,0.0,0.0,0.0,0.0,0.0,TX
8150991,TX,4835,0.24734555184841156,2,0.0,0.0,135900.875,2,0,15219.3515625,0.0,132819.78125,10554.9931640625,0.0,0.0,0.0,10554.9931640625,-2656.322265625,0.0,2656.3125,0.0,-2282.923828125,0.0,2282.921875,0.0,1272.0,0.0,-1272.0,0.0,0.0,0.0,0.0,0.0,0.0,0.0,0.0,0.0,0.0,0.0,0.0,0.0,0.0,0.0,0.0,0.0,0.0,0.0,0.0,0.0,0.0,0.0,0.0,0.0,0.0,0.0,0.0,0.0,0.0,0.0,0.0,0.0,0.0,0.0,0.0,0.0,0.0,0.0,0.0,0.0,0.0,0.0,0.0,0.0,0.0,0.0,0.0,0.0,0.0,0.0,0.0,0.0,-1440.0,0.0,1440.0,0.0,0.0,0.0,0.0,0.0,0.0,0.0,0.0,0.0,0.0,0.0,0.0,0.0,0.0,0.0,0.0,0.0,10112.10546875,0.0,137927.015625,10554.9931640625,-5107.24609375,0.0,5107.234375,0.0,-33.55758011618637,0.0,3.84523606300354,0.0,TX
8150992,TX,4835,1.2082934379577637,2,0.0,0.0,2652.5048828125,2,0,0.0,0.0,22553.302734375,16463.03125,0.0,0.0,0.0,16463.03125,0.0,0.0,0.0,0.0,0.0,0.0,0.0,0.0,0.0,0.0,0.0,0.0,0.0,0.0,0.0,0.0,0.0,0.0,0.0,0.0,0.0,0.0,0.0,0.0,0.0,0.0,0.0,0.0,0.0,0.0,0.0,0.0,0.0,0.0,0.0,0.0,0.0,0.0,0.0,0.0,0.0,0.0,0.0,0.0,0.0,0.0,0.0,0.0,0.0,0.0,0.0,0.0,0.0,0.0,0.0,0.0,0.0,0.0,0.0,0.0,0.0,0.0,0.0,0.0,0.0,0.0,0.0,0.0,0.0,0.0,0.0,0.0,0.0,0.0,0.0,0.0,0.0,0.0,0.0,0.0,0.0,0.0,0.0,0.0,0.0,0.0,22553.302734375,16463.03125,0.0,0.0,0.0,0.0,0.0,0.0,0.0,0.0,TX
8150993,TX,4835,1565.472412109375,5,3.0,95961.8330078125,93845.21875,5,0,2459.587890625,0.0,108748.203125,0.0,0.0,22386.01171875,0.0,22386.01171875,-615.91748046875,0.0,615.921875,0.0,-1122.244140625,0.0,1122.234375,0.0,3180.0,0.0,-3180.0,0.0,0.0,0.0,0.0,0.0,-3600.0,0.0,3600.0,0.0,0.0,0.0,0.0,0.0,0.0,0.0,0.0,0.0,0.0,0.0,0.0,0.0,0.0,0.0,0.0,0.0,0.0,0.0,0.0,0.0,-240.0,0.0,240.0,0.0,0.0,0.0,0.0,0.0,0.0,0.0,0.0,0.0,0.0,0.0,0.0,0.0,0.0,0.0,0.0,0.0,0.0,0.0,0.0,0.0,0.0,0.0,0.0,0.0,0.0,0.0,0.0,0.0,0.0,0.0,0.0,0.0,0.0,0.0,-22386.0078125,-22386.01171875,0.0,0.0,0.0,0.0,61.42626953125,0.0,88760.3515625,0.0,-2398.16162109375,0.0,-19987.8515625,-22386.01171875,-97.50257879519641,0.0,-18.37993621826172,-100.0,TX
8150994,TX,4835,0.2726096212863922,1,0.0,7748.48974609375,171593.34375,1,0,34085.8671875,0.0,138197.40625,972.7833251953125,0.0,0.0,0.0,972.7833251953125,-4379.072265625,0.0,4379.0625,0.0,-1872.0,0.0,1872.0,0.0,1272.0,0.0,-1272.0,0.0,0.0,0.0,0.0,0.0,0.0,0.0,0.0,0.0,0.0,0.0,0.0,0.0,-7195.892578125,0.0,7195.890625,0.0,0.0,0.0,0.0,0.0,0.0,0.0,0.0,0.0,0.0,0.0,0.0,0.0,0.0,0.0,0.0,0.0,0.0,0.0,0.0,0.0,0.0,0.0,0.0,0.0,0.0,0.0,0.0,0.0,0.0,0.0,0.0,0.0,0.0,0.0,0.0,0.0,-39.2421875,0.0,39.25,0.0,0.0,0.0,0.0,0.0,0.0,0.0,0.0,0.0,0.0,0.0,0.0,0.0,0.0,0.0,0.0,0.0,21871.66015625,0.0,150411.609375,972.7833251953125,-12214.20703125,0.0,12214.203125,0.0,-35.833640271089266,0.0,8.838229179382324,0.0,TX
8150995,TX,4835,3.9441545009613037,9,0.0,495076.77734375,516418.6171875,9,0,56915.060546875,0.0,439009.375,24247.927734375,0.0,7996.61376953125,0.0,32244.54150390625,-8296.748168945312,0.0,8296.75,0.0,-7787.4097900390625,0.0,7787.40625,0.0,6663.905029296875,0.0,-6663.90625,0.0,0.0,0.0,0.0,0.0,0.0,0.0,0.0,0.0,0.0,0.0,0.0,0.0,-17.75,0.0,17.75,0.0,0.0,0.0,0.0,0.0,0.0,0.0,0.0,0.0,0.0,0.0,0.0,0.0,-120.0,0.0,120.0,0.0,0.0,0.0,0.0,0.0,0.0,0.0,0.0,0.0,0.0,0.0,0.0,0.0,0.0,0.0,0.0,0.0,-490.1793212890625,0.0,490.1875,0.0,-720.0,0.0,720.0,0.0,-156.7265625,0.0,156.71875,0.0,0.0,0.0,0.0,0.0,0.0,0.0,0.0,0.0,0.0,0.0,0.0,0.0,45990.15173339844,0.0,449934.28125,32244.54150390625,-10924.908813476562,0.0,10924.90625,0.0,-19.19511058848625,0.0,2.4885361194610596,0.0,TX
8150996,TX,4835,304.2596130371094,3,1.0,199529.2158203125,327951.5625,3,0,65510.1015625,0.0,256689.421875,0.0,0.0,0.0,0.0,0.0,0.0,0.0,0.0,0.0,0.0,0.0,0.0,0.0,0.0,0.0,0.0,0.0,0.0,0.0,0.0,0.0,-2200.0,0.0,2200.0,0.0,0.0,0.0,0.0,0.0,-7607.55859375,0.0,7607.546875,0.0,-6501.53515625,0.0,6501.53125,0.0,0.0,0.0,0.0,0.0,0.0,0.0,0.0,0.0,-480.0,0.0,480.0,0.0,0.0,0.0,0.0,0.0,0.0,0.0,0.0,0.0,0.0,0.0,0.0,0.0,0.0,0.0,0.0,0.0,0.0,0.0,0.0,0.0,0.0,0.0,0.0,0.0,0.0,0.0,0.0,0.0,0.0,0.0,0.0,0.0,0.0,0.0,0.0,0.0,0.0,0.0,0.0,0.0,48721.0078125,0.0,273478.5,0.0,-16789.09375,0.0,16789.078125,0.0,-25.628251749819597,0.0,6.540619373321533,0.0,TX
8150997,TX,4835,5963.1787109375,6,4.0,125051.248046875,125051.248046875,6,0,874.1953125,0.0,158064.375,35178.7109375,8275.0205078125,0.0,0.0,43453.7314453125,-1946.884765625,0.0,1946.875,0.0,-2248.15380859375,0.0,2248.15625,0.0,2012.66357421875,0.0,-2012.671875,0.0,0.0,0.0,0.0,0.0,-2646.275390625,0.0,2646.28125,0.0,0.0,0.0,0.0,0.0,0.0,0.0,0.0,0.0,0.0,0.0,0.0,0.0,0.0,0.0,0.0,0.0,0.0,0.0,0.0,0.0,0.0,0.0,0.0,0.0,0.0,0.0,0.0,0.0,0.0,0.0,0.0,0.0,0.0,0.0,0.0,0.0,0.0,0.0,0.0,0.0,0.0,0.0,0.0,0.0,0.0,0.0,0.0,0.0,-212.8134765625,0.0,212.8125,0.0,0.0,0.0,0.0,0.0,0.0,0.0,0.0,0.0,0.0,0.0,0.0,0.0,-4167.2685546875,0.0,163105.828125,43453.7314453125,-5041.4638671875,0.0,5041.453125,0.0,-576.697654986282,0.0,3.1894936561584473,0.0,TX
8150998,TX,4835,115.50220489501953,2,0.0,130993.40625,1419868.125,2,0,347062.96875,0.0,1103626.0,0.0,0.0,0.0,0.0,0.0,0.0,0.0,0.0,0.0,0.0,0.0,0.0,0.0,0.0,0.0,0.0,0.0,0.0,0.0,0.0,0.0,0.0,0.0,0.0,0.0,0.0,0.0,0.0,0.0,-1400.0,0.0,1400.0,0.0,-18688.9375,0.0,18689.0,0.0,0.0,0.0,0.0,0.0,0.0,0.0,0.0,0.0,-549.4375,0.0,549.375,0.0,-6559.40625,0.0,6559.375,0.0,0.0,0.0,0.0,0.0,0.0,0.0,0.0,0.0,0.0,0.0,0.0,0.0,0.0,0.0,0.0,0.0,0.0,0.0,0.0,0.0,0.0,0.0,0.0,0.0,0.0,0.0,0.0,0.0,0.0,0.0,0.0,0.0,0.0,0.0,0.0,0.0,319865.1875,0.0,1130823.75,0.0,-27197.78125,0.0,27197.75,0.0,-7.836555236059019,0.0,2.4643990993499756,0.0,TX
8150999,TX,4835,749.4031982421875,4,1.0,22749.125,46807.0234375,3,1,1045.7023162841797,0.0,52340.0703125,1003.27294921875,4137.51025390625,5007.1171875,0.0,10147.900390625,0.0,0.0,0.0,0.0,-910.7898101806641,0.0,910.796875,0.0,529.9999694824219,0.0,-530.0,0.0,0.0,0.0,0.0,0.0,0.0,0.0,0.0,0.0,0.0,0.0,0.0,0.0,0.0,0.0,0.0,0.0,0.0,0.0,0.0,0.0,0.0,0.0,0.0,0.0,0.0,0.0,0.0,0.0,0.0,0.0,0.0,0.0,0.0,0.0,0.0,0.0,0.0,0.0,0.0,0.0,0.0,0.0,0.0,0.0,0.0,0.0,0.0,0.0,0.0,0.0,0.0,0.0,0.0,0.0,0.0,0.0,0.0,0.0,0.0,0.0,0.0,0.0,0.0,0.0,0.0,0.0,0.0,0.0,0.0,0.0,0.0,0.0,664.9124755859375,0.0,52720.8671875,10147.900390625,-380.7898406982422,0.0,380.796875,0.0,-36.414745838122336,0.0,0.7275437116622925,0.0,TX
8151000,TX,4835,2252.307373046875,2,0.0,36941.712890625,50355.68359375,2,0,1925.1773681640625,0.0,56422.3125,0.0,0.0,10920.53125,0.0,10920.53125,0.0,0.0,0.0,0.0,-1499.6090087890625,0.0,1499.609375,0.0,1060.0,0.0,-1060.0,0.0,0.0,0.0,0.0,0.0,0.0,0.0,0.0,0.0,0.0,0.0,0.0,0.0,-500.0,0.0,500.0,0.0,0.0,0.0,0.0,0.0,0.0,0.0,0.0,0.0,0.0,0.0,0.0,0.0,-200.0,0.0,200.0,0.0,0.0,0.0,0.0,0.0,0.0,0.0,0.0,0.0,0.0,0.0,0.0,0.0,0.0,0.0,0.0,0.0,0.0,0.0,0.0,0.0,-600.0,0.0,600.0,0.0,0.0,0.0,0.0,0.0,0.0,0.0,0.0,0.0,0.0,0.0,0.0,0.0,0.0,0.0,0.0,0.0,185.568359375,0.0,58161.921875,10920.53125,-1739.6090087890625,0.0,1739.609375,0.0,-90.36097336049787,0.0,3.0831940174102783,0.0,TX
8151001,TX,4835,90.35084533691406,2,0.0,399067.6796875,482591.0625,2,0,125425.109375,0.0,346018.6875,0.0,0.0,0.0,0.0,0.0,0.0,0.0,0.0,0.0,0.0,0.0,0.0,0.0,0.0,0.0,0.0,0.0,0.0,0.0,0.0,0.0,0.0,0.0,0.0,0.0,0.0,0.0,0.0,0.0,-1400.0,0.0,1400.0,0.0,-33726.890625,0.0,33726.875,0.0,0.0,0.0,0.0,0.0,0.0,0.0,0.0,0.0,-350.421875,0.0,350.4375,0.0,0.0,0.0,0.0,0.0,0.0,0.0,0.0,0.0,0.0,0.0,0.0,0.0,0.0,0.0,0.0,0.0,0.0,0.0,0.0,0.0,0.0,0.0,0.0,0.0,0.0,0.0,0.0,0.0,0.0,0.0,0.0,0.0,0.0,0.0,0.0,0.0,0.0,0.0,0.0,0.0,89947.796875,0.0,381496.0,0.0,-35477.3125,0.0,35477.3125,0.0,-28.285654026363094,0.0,10.253005027770996,0.0,TX
8151002,TX,4835,3767.244384765625,1,0.0,79828.75,527742.0625,1,0,117673.5546875,0.0,428280.3125,19283.80078125,0.0,0.0,0.0,19283.80078125,0.0,0.0,0.0,0.0,0.0,0.0,0.0,0.0,0.0,0.0,0.0,0.0,0.0,0.0,0.0,0.0,0.0,0.0,0.0,0.0,0.0,0.0,0.0,0.0,-400.3828125,0.0,400.375,0.0,-19851.9375,0.0,19851.9375,0.0,0.0,0.0,0.0,0.0,0.0,0.0,0.0,0.0,-240.0,0.0,240.0,0.0,0.0,0.0,0.0,0.0,0.0,0.0,0.0,0.0,0.0,0.0,0.0,0.0,0.0,0.0,0.0,0.0,0.0,0.0,0.0,0.0,0.0,0.0,0.0,0.0,0.0,0.0,0.0,0.0,0.0,0.0,0.0,0.0,0.0,0.0,0.0,0.0,0.0,0.0,0.0,0.0,97181.234375,0.0,448772.625,19283.80078125,-20492.3203125,0.0,20492.3125,0.0,-17.414550250411377,0.0,4.784789562225342,0.0,TX
8151003,TX,4835,6781.466796875,10,4.0,539496.86328125,728076.29296875,10,0,134294.49072265625,0.0,630964.3125,52583.69140625,0.0,13105.91552734375,5074.74755859375,70764.3544921875,-5664.36083984375,0.0,5664.375,0.0,-3074.4998779296875,0.0,3074.5,0.0,4791.614501953125,0.0,-4791.625,0.0,0.0,0.0,0.0,0.0,-5799.999755859375,0.0,5800.0,0.0,0.0,0.0,0.0,0.0,-8878.273437500015,0.0,8878.25,0.0,-18976.261718749985,0.0,18976.25,0.0,0.0,0.0,0.0,0.0,0.0,0.0,0.0,0.0,-720.0,0.0,720.0,0.0,0.0,0.0,0.0,0.0,0.0,0.0,0.0,0.0,0.0,0.0,0.0,0.0,0.0,0.0,0.0,0.0,0.0,0.0,0.0,0.0,0.0,0.0,0.0,0.0,-38.911865234375,0.0,38.9375,0.0,0.0,0.0,0.0,0.0,0.0,0.0,-6608.25,-6608.19384765625,0.0,0.0,0.0,0.0,95933.79772949219,0.0,662716.75,64156.16064453125,-38360.69299316406,0.0,31752.4375,-6608.19384765625,-28.564606624396987,0.0,5.032366752624512,-9.338308665538388,TX
8151004,TX,4835,1.0310916900634766,8,1.9999999999999998,98555.220703125,68000.888671875,8,0,4228.997589111328,0.0,119281.09375,12103.9140625,34316.74609375,0.0,0.0,46420.66015625,-228.7752685546875,0.0,228.765625,0.0,-2552.1211853027344,0.0,2552.125,0.0,1480.4891052246094,0.0,-1480.484375,0.0,0.0,0.0,0.0,0.0,0.0,0.0,0.0,0.0,0.0,0.0,0.0,0.0,0.0,0.0,0.0,0.0,0.0,0.0,0.0,0.0,0.0,0.0,0.0,0.0,0.0,0.0,0.0,0.0,0.0,0.0,0.0,0.0,0.0,0.0,0.0,0.0,0.0,0.0,0.0,0.0,0.0,0.0,0.0,0.0,0.0,0.0,0.0,0.0,-16.663330078125,0.0,16.65625,0.0,0.0,0.0,0.0,0.0,-32.3448486328125,0.0,32.34375,0.0,0.0,0.0,0.0,0.0,0.0,0.0,0.0,0.0,0.0,0.0,0.0,0.0,2879.582061767578,0.0,120630.5,46420.66015625,-1349.41552734375,0.0,1349.40625,0.0,-31.908637896086223,0.0,1.1312825679779053,0.0,TX
8151005,TX,4835,0.7768378257751465,1,0.0,47767.5,47785.8671875,1,0,4212.8798828125,0.0,42199.34765625,0.0,0.0,0.0,0.0,0.0,-604.575927734375,0.0,604.57421875,0.0,-936.0,0.0,936.0,0.0,636.0,0.0,-636.0,0.0,0.0,0.0,0.0,0.0,0.0,0.0,0.0,0.0,0.0,0.0,0.0,0.0,0.0,0.0,0.0,0.0,0.0,0.0,0.0,0.0,0.0,0.0,0.0,0.0,0.0,0.0,0.0,0.0,0.0,0.0,0.0,0.0,0.0,0.0,0.0,0.0,0.0,0.0,0.0,0.0,0.0,0.0,0.0,0.0,0.0,0.0,0.0,0.0,-584.63232421875,0.0,584.6328125,0.0,0.0,0.0,0.0,0.0,0.0,0.0,0.0,0.0,0.0,0.0,0.0,0.0,0.0,0.0,0.0,0.0,0.0,0.0,0.0,0.0,2723.671630859375,0.0,43688.5546875,0.0,-1489.208251953125,0.0,1489.20703125,0.0,-35.34893691198563,0.0,3.5289812088012695,0.0,TX
8151006,TX,4835,859.1237182617188,2,0.0,44387.6953125,44934.75390625,2,0,2965.982177734375,0.0,44426.515625,0.0,0.0,0.0,0.0,0.0,-355.1962890625,0.0,355.1953125,0.0,-935.9998779296875,0.0,936.0,0.0,635.9998779296875,0.0,-636.0,0.0,0.0,0.0,0.0,0.0,0.0,0.0,0.0,0.0,0.0,0.0,0.0,0.0,0.0,0.0,0.0,0.0,0.0,0.0,0.0,0.0,0.0,0.0,0.0,0.0,0.0,0.0,0.0,0.0,-120.0,0.0,120.0,0.0,0.0,0.0,0.0,0.0,0.0,0.0,0.0,0.0,0.0,0.0,0.0,0.0,0.0,0.0,0.0,0.0,0.0,0.0,0.0,0.0,0.0,0.0,0.0,0.0,0.0,0.0,0.0,0.0,0.0,0.0,0.0,0.0,0.0,0.0,0.0,0.0,0.0,0.0,0.0,0.0,2190.785888671875,0.0,45201.7109375,0.0,-775.1962890625,0.0,775.1953125,0.0,-26.136242317364474,0.0,1.7448934316635132,0.0,TX
8151007,TX,4835,501.4697265625,1,0.0,51151.0625,45790.796875,1,0,3775.4326171875,0.0,43523.04296875,0.0,0.0,0.0,0.0,0.0,-517.08642578125,0.0,517.0859375,0.0,-585.11279296875,0.0,585.11328125,0.0,636.0,0.0,-636.0,0.0,0.0,0.0,0.0,0.0,0.0,0.0,0.0,0.0,0.0,0.0,0.0,0.0,0.0,0.0,0.0,0.0,0.0,0.0,0.0,0.0,0.0,0.0,0.0,0.0,0.0,0.0,0.0,0.0,-120.0,0.0,120.0,0.0,0.0,0.0,0.0,0.0,0.0,0.0,0.0,0.0,0.0,0.0,0.0,0.0,0.0,0.0,0.0,0.0,0.0,0.0,0.0,0.0,0.0,0.0,0.0,0.0,-249.03271484375,0.0,249.03125,0.0,0.0,0.0,0.0,0.0,0.0,0.0,0.0,0.0,0.0,0.0,0.0,0.0,2940.20068359375,0.0,44358.2734375,0.0,-835.23193359375,0.0,835.23046875,0.0,-22.12281394697369,0.0,1.919053554534912,0.0,TX
8151008,TX,4835,123.19512176513672,1,0.0,132634.296875,1751209.875,1,0,690299.875,0.0,1227985.25,9025.267578125,0.0,0.0,0.0,9025.267578125,-31750.0,0.0,31750.0,0.0,-2886.0,0.0,2886.0,0.0,0.0,0.0,0.0,0.0,0.0,0.0,0.0,0.0,0.0,0.0,0.0,0.0,0.0,0.0,0.0,0.0,-1850.0,0.0,1850.0,0.0,0.0,0.0,0.0,0.0,0.0,0.0,0.0,0.0,0.0,0.0,0.0,0.0,-370.0,0.0,370.0,0.0,-8753.4375,0.0,8753.375,0.0,0.0,0.0,0.0,0.0,0.0,0.0,0.0,0.0,0.0,0.0,0.0,0.0,0.0,0.0,0.0,0.0,0.0,0.0,0.0,0.0,0.0,0.0,0.0,0.0,0.0,0.0,0.0,0.0,0.0,0.0,0.0,0.0,0.0,0.0,0.0,0.0,644690.4375,0.0,1273594.625,9025.267578125,-45609.4375,0.0,45609.375,0.0,-6.607191910617106,0.0,3.714163303375244,0.0,TX
8151009,TX,4835,981.5670166015625,2,0.0,34717.515625,25639.57421875,2,0,0.0,0.0,51540.1640625,0.0,0.0,0.0,0.0,0.0,0.0,0.0,0.0,0.0,0.0,0.0,0.0,0.0,0.0,0.0,0.0,0.0,0.0,0.0,0.0,0.0,0.0,0.0,0.0,0.0,0.0,0.0,0.0,0.0,0.0,0.0,0.0,0.0,0.0,0.0,0.0,0.0,0.0,0.0,0.0,0.0,0.0,0.0,0.0,0.0,0.0,0.0,0.0,0.0,0.0,0.0,0.0,0.0,0.0,0.0,0.0,0.0,0.0,0.0,0.0,0.0,0.0,0.0,0.0,0.0,0.0,0.0,0.0,0.0,0.0,0.0,0.0,0.0,0.0,0.0,0.0,0.0,0.0,0.0,0.0,0.0,0.0,0.0,0.0,0.0,0.0,0.0,0.0,0.0,0.0,0.0,51540.1640625,0.0,0.0,0.0,0.0,0.0,0.0,0.0,0.0,0.0,TX
8151010,TX,4835,78.87432098388672,1,0.0,204091.84375,659696.25,1,0,152797.140625,0.0,518371.28125,9155.5087890625,0.0,0.0,0.0,9155.5087890625,-2569.96875,0.0,2569.96875,0.0,0.0,0.0,0.0,0.0,0.0,0.0,0.0,0.0,0.0,0.0,0.0,0.0,0.0,0.0,0.0,0.0,0.0,0.0,0.0,0.0,-2000.0,0.0,2000.0,0.0,0.0,0.0,0.0,0.0,0.0,0.0,0.0,0.0,0.0,0.0,0.0,0.0,0.0,0.0,0.0,0.0,-3838.140625,0.0,3838.125,0.0,0.0,0.0,0.0,0.0,0.0,0.0,0.0,0.0,0.0,0.0,0.0,0.0,0.0,0.0,0.0,0.0,0.0,0.0,0.0,0.0,0.0,0.0,0.0,0.0,0.0,0.0,0.0,0.0,0.0,0.0,0.0,0.0,0.0,0.0,0.0,0.0,144389.03125,0.0,526779.375,9155.5087890625,-8408.109375,0.0,8408.09375,0.0,-5.50279235632784,0.0,1.6220215559005737,0.0,TX
8151011,TX,4835,120.53169250488281,3,0.0,283471.89453125,433067.98046875,3,0,78580.50634765625,0.0,340691.375,486.39166259765625,0.0,0.0,0.0,486.39166259765625,-994.52294921875,0.0,994.53125,0.0,-936.0,0.0,936.0,0.0,636.0,0.0,-636.0,0.0,0.0,0.0,0.0,0.0,0.0,0.0,0.0,0.0,0.0,0.0,0.0,0.0,-1950.0,0.0,1950.0,0.0,-9602.078125,0.0,9602.09375,0.0,0.0,0.0,0.0,0.0,0.0,0.0,0.0,0.0,-480.0,0.0,480.0,0.0,0.0,0.0,0.0,0.0,0.0,0.0,0.0,0.0,0.0,0.0,0.0,0.0,0.0,0.0,0.0,0.0,0.0,0.0,0.0,0.0,0.0,0.0,0.0,0.0,0.0,0.0,0.0,0.0,0.0,0.0,0.0,0.0,0.0,0.0,0.0,0.0,0.0,0.0,0.0,0.0,65253.9052734375,0.0,354018.0,486.39166259765625,-13326.60107421875,0.0,13326.625,0.0,-16.959169256633622,0.0,3.9116415977478027,0.0,TX
8151012,TX,4835,2.5742998123168945,2,0.0,108999.59375,231595.125,2,0,38984.625,0.0,242581.4375,46167.7421875,0.0,0.0,0.0,46167.7421875,-5407.6455078125,0.0,5407.640625,0.0,-3529.9609375,0.0,3529.953125,0.0,2379.9609375,0.0,-2379.953125,0.0,0.0,0.0,0.0,0.0,0.0,0.0,0.0,0.0,0.0,0.0,0.0,0.0,-1820.2607421875,0.0,1820.265625,0.0,0.0,0.0,0.0,0.0,0.0,0.0,0.0,0.0,0.0,0.0,0.0,0.0,0.0,0.0,0.0,0.0,0.0,0.0,0.0,0.0,0.0,0.0,0.0,0.0,0.0,0.0,0.0,0.0,0.0,0.0,0.0,0.0,0.0,0.0,0.0,0.0,-1610.5400390625,0.0,1610.53125,0.0,0.0,0.0,0.0,0.0,0.0,0.0,0.0,0.0,0.0,0.0,0.0,0.0,0.0,0.0,0.0,0.0,28996.1787109375,0.0,252569.875,46167.7421875,-9988.4462890625,0.0,9988.4375,0.0,-25.621501525441122,0.0,4.117560386657715,0.0,TX
8151013,TX,4835,341.3509521484375,1,0.0,0.0,98138.2578125,1,0,15084.564453125,0.0,80496.078125,0.0,0.0,0.0,0.0,0.0,-2225.1474609375,0.0,2225.140625,0.0,-1716.0,0.0,1716.0,0.0,1166.0,0.0,-1166.0,0.0,0.0,0.0,0.0,0.0,0.0,0.0,0.0,0.0,0.0,0.0,0.0,0.0,-3519.4833984375,0.0,3519.484375,0.0,0.0,0.0,0.0,0.0,0.0,0.0,0.0,0.0,0.0,0.0,0.0,0.0,0.0,0.0,0.0,0.0,0.0,0.0,0.0,0.0,0.0,0.0,0.0,0.0,0.0,0.0,0.0,0.0,0.0,0.0,0.0,0.0,0.0,0.0,0.0,0.0,-811.66015625,0.0,811.6640625,0.0,0.0,0.0,0.0,0.0,0.0,0.0,0.0,0.0,0.0,0.0,0.0,0.0,0.0,0.0,0.0,0.0,7978.2734375,0.0,87602.3671875,0.0,-7106.291015625,0.0,7106.2890625,0.0,-47.10968644608643,0.0,8.828118324279785,0.0,TX
8151014,TX,4835,744.3414306640625,1,0.0,75085.8984375,75085.8984375,1,0,9833.974609375,0.0,66732.421875,0.0,0.0,0.0,0.0,0.0,-1595.0771484375,0.0,1595.078125,0.0,-1716.0,0.0,1716.0,0.0,1166.0,0.0,-1166.0,0.0,0.0,0.0,0.0,0.0,0.0,0.0,0.0,0.0,0.0,0.0,0.0,0.0,0.0,0.0,0.0,0.0,0.0,0.0,0.0,0.0,0.0,0.0,0.0,0.0,0.0,0.0,0.0,0.0,0.0,0.0,0.0,0.0,0.0,0.0,0.0,0.0,0.0,0.0,0.0,0.0,0.0,0.0,0.0,0.0,0.0,0.0,0.0,0.0,0.0,0.0,0.0,0.0,0.0,0.0,0.0,0.0,-237.79150390625,0.0,237.7890625,0.0,0.0,0.0,0.0,0.0,0.0,0.0,0.0,0.0,0.0,0.0,0.0,0.0,7451.10595703125,0.0,69115.2890625,0.0,-2382.86865234375,0.0,2382.8671875,0.0,-24.23098235450085,0.0,3.5707786083221436,0.0,TX
8151015,TX,4835,2.8667564392089844,3,1.0,1463307.849609375,1962058.5,3,0,648838.9375,0.0,1284977.375,0.0,0.0,0.0,0.0,0.0,-48875.25,0.0,48875.25,0.0,-5772.0,0.0,5772.0,0.0,0.0,0.0,0.0,0.0,0.0,0.0,0.0,0.0,0.0,0.0,0.0,0.0,0.0,0.0,0.0,0.0,-8368.875,0.0,8368.875,0.0,0.0,0.0,0.0,0.0,0.0,0.0,0.0,0.0,0.0,0.0,0.0,0.0,-740.0,0.0,740.0,0.0,0.0,0.0,0.0,0.0,0.0,0.0,0.0,0.0,0.0,0.0,0.0,0.0,0.0,0.0,0.0,0.0,0.0,0.0,0.0,0.0,0.0,0.0,0.0,0.0,0.0,0.0,0.0,0.0,0.0,0.0,0.0,0.0,0.0,0.0,0.0,0.0,0.0,0.0,0.0,0.0,585082.8125,0.0,1348733.5,0.0,-63756.125,0.0,63756.125,0.0,-9.826186641272589,0.0,4.961653232574463,0.0,TX
8151016,TX,4835,11.941719055175781,5,3.0,111352.953125,151676.515625,5,0,9593.630859375,0.0,203074.625,0.0,0.0,0.0,0.0,0.0,-1839.462890625,0.0,1839.46875,0.0,0.0,0.0,0.0,0.0,4450.8330078125,0.0,-4450.84375,0.0,0.0,0.0,0.0,0.0,-5700.0,0.0,5700.0,0.0,0.0,0.0,0.0,0.0,-1711.59375,0.0,1711.59375,0.0,0.0,0.0,0.0,0.0,0.0,0.0,0.0,0.0,0.0,0.0,0.0,0.0,0.0,0.0,0.0,0.0,0.0,0.0,0.0,0.0,0.0,0.0,0.0,0.0,0.0,0.0,0.0,0.0,0.0,0.0,0.0,0.0,0.0,0.0,0.0,0.0,0.0,0.0,0.0,0.0,0.0,0.0,0.0,0.0,0.0,0.0,0.0,0.0,0.0,0.0,0.0,0.0,0.0,0.0,0.0,0.0,4793.4072265625,0.0,207874.84375,0.0,-4800.2236328125,0.0,4800.21875,0.0,-50.035525685477765,0.0,2.3637707233428955,0.0,TX
8151017,TX,4835,450.4122619628906,5,3.0,170298.1015625,203742.59375,5,0,28945.369140625,0.0,172675.9375,0.0,0.0,0.0,0.0,0.0,-4278.193359375,0.0,4278.1875,0.0,-396.408203125,0.0,396.40625,0.0,2794.408203125,0.0,-2794.40625,0.0,0.0,0.0,0.0,0.0,-6600.0,0.0,6600.0,0.0,0.0,0.0,0.0,0.0,-1714.6796875,0.0,1714.6875,0.0,0.0,0.0,0.0,0.0,0.0,0.0,0.0,0.0,0.0,0.0,0.0,0.0,-440.0,0.0,440.0,0.0,0.0,0.0,0.0,0.0,0.0,0.0,0.0,0.0,0.0,0.0,0.0,0.0,0.0,0.0,0.0,0.0,0.0,0.0,0.0,0.0,0.0,0.0,0.0,0.0,0.0,0.0,0.0,0.0,0.0,0.0,0.0,0.0,0.0,0.0,0.0,0.0,0.0,0.0,0.0,0.0,18310.49609375,0.0,183310.8125,0.0,-10634.873046875,0.0,10634.875,0.0,-36.741189912651315,0.0,6.158863544464111,0.0,TX
8151018,TX,4835,7480.11572265625,5,4.0,64524.79296875,64524.79296875,5,0,-2094.048583984375,0.0,75251.296875,3218.743408203125,0.0,3583.53369140625,6766.330078125,13568.607177734375,-262.743896484375,0.0,262.75,0.0,-1365.995849609375,0.0,1366.0,0.0,3102.995849609375,0.0,-3103.0,0.0,0.0,0.0,0.0,0.0,-4800.0,0.0,4800.0,0.0,-276.94189453125,0.0,276.9375,0.0,0.0,0.0,0.0,0.0,0.0,0.0,0.0,0.0,0.0,0.0,0.0,0.0,0.0,0.0,0.0,0.0,0.0,0.0,0.0,0.0,0.0,0.0,0.0,0.0,0.0,0.0,0.0,0.0,0.0,0.0,0.0,0.0,0.0,0.0,0.0,0.0,0.0,0.0,0.0,0.0,0.0,0.0,0.0,0.0,-552.541015625,0.0,552.546875,0.0,0.0,0.0,0.0,0.0,0.0,0.0,0.0,0.0,0.0,0.0,0.0,0.0,-6249.275390625,0.0,79406.53125,13568.607177734375,-4155.226806640625,0.0,4155.234375,0.0,-198.43029614596705,0.0,5.521811008453369,0.0,TX
8151019,TX,4835,206.87039184570312,3,0.0,225977.52880859375,378090.11474609375,3,0,81934.484375,0.0,303198.0,0.0,0.0,0.0,0.0,0.0,0.0,0.0,0.0,0.0,0.0,0.0,0.0,0.0,0.0,0.0,0.0,0.0,0.0,0.0,0.0,0.0,0.0,0.0,0.0,0.0,0.0,0.0,0.0,0.0,-2387.8828125,0.0,2387.875,0.0,-18277.1484375,0.0,18277.15625,0.0,0.0,0.0,0.0,0.0,0.0,0.0,0.0,0.0,-480.0,0.0,480.0,0.0,0.0,0.0,0.0,0.0,0.0,0.0,0.0,0.0,0.0,0.0,0.0,0.0,0.0,0.0,0.0,0.0,0.0,0.0,0.0,0.0,0.0,0.0,0.0,0.0,0.0,0.0,0.0,0.0,0.0,0.0,0.0,0.0,0.0,0.0,0.0,0.0,0.0,0.0,0.0,0.0,60789.453125,0.0,324343.03125,0.0,-21145.03125,0.0,21145.03125,0.0,-25.80724271507323,0.0,6.974001407623291,0.0,TX
8151020,TX,4835,1703.5789794921875,4,2.0,78117.640625,79425.28125,4,0,926.97314453125,0.0,110661.15625,0.0,0.0,0.0,0.0,0.0,-109.39453125,0.0,109.390625,0.0,-345.814697265625,0.0,345.8125,0.0,2542.352294921875,0.0,-2542.3515625,0.0,0.0,0.0,0.0,0.0,-2400.0,0.0,2400.0,0.0,0.0,0.0,0.0,0.0,0.0,0.0,0.0,0.0,0.0,0.0,0.0,0.0,0.0,0.0,0.0,0.0,0.0,0.0,0.0,0.0,-29.0517578125,0.0,29.0546875,0.0,0.0,0.0,0.0,0.0,0.0,0.0,0.0,0.0,0.0,0.0,0.0,0.0,0.0,0.0,0.0,0.0,0.0,0.0,0.0,0.0,0.0,0.0,0.0,0.0,0.0,0.0,0.0,0.0,0.0,0.0,0.0,0.0,0.0,0.0,0.0,0.0,0.0,0.0,0.0,0.0,585.064453125,0.0,111003.0625,0.0,-341.90869140625,0.0,341.90625,0.0,-36.88442253406875,0.0,0.30896681547164917,0.0,TX
8151021,TX,4835,283.943603515625,5,2.0,199787.939453125,542390.994140625,5,0,135038.63690185547,0.0,411898.53125,0.0,20223.16015625,0.0,0.0,20223.16015625,0.0,0.0,0.0,0.0,-270.52752685546875,0.0,270.5,0.0,20.527538299560547,0.0,-20.5,0.0,0.0,0.0,0.0,0.0,0.0,0.0,0.0,0.0,0.0,0.0,0.0,0.0,-6974.6484375,0.0,6974.625,0.0,-29444.7421875,0.0,29444.75,0.0,0.0,0.0,0.0,0.0,0.0,0.0,0.0,0.0,-915.2890625,0.0,915.3125,0.0,0.0,0.0,0.0,0.0,0.0,0.0,0.0,0.0,0.0,0.0,0.0,0.0,0.0,0.0,0.0,0.0,0.0,0.0,0.0,0.0,-20.527538299560547,0.0,20.5,0.0,0.0,0.0,0.0,0.0,0.0,0.0,0.0,0.0,0.0,0.0,0.0,0.0,0.0,0.0,0.0,0.0,97433.4296875,0.0,449503.71875,20223.16015625,-37605.20721435547,0.0,37605.1875,0.0,-27.847739045001248,0.0,9.129720687866211,0.0,TX
8151022,TX,4835,1991.1983642578125,2,0.0,137760.171875,141808.421875,2,0,17577.10546875,0.0,121325.9296875,0.0,0.0,0.0,0.0,0.0,-2939.2529296875,0.0,2939.2578125,0.0,-3252.841796875,0.0,3252.8359375,0.0,2152.841796875,0.0,-2152.8359375,0.0,0.0,0.0,0.0,0.0,0.0,0.0,0.0,0.0,0.0,0.0,0.0,0.0,-1100.0,0.0,1100.0,0.0,0.0,0.0,0.0,0.0,0.0,0.0,0.0,0.0,0.0,0.0,0.0,0.0,-440.0,0.0,440.0,0.0,0.0,0.0,0.0,0.0,0.0,0.0,0.0,0.0,0.0,0.0,0.0,0.0,0.0,0.0,0.0,0.0,0.0,0.0,0.0,0.0,0.0,0.0,0.0,0.0,0.0,0.0,0.0,0.0,0.0,0.0,0.0,0.0,0.0,0.0,0.0,0.0,0.0,0.0,0.0,0.0,11997.8525390625,0.0,126905.1875,0.0,-5579.2529296875,0.0,5579.2578125,0.0,-31.741591012278715,0.0,4.598569869995117,0.0,TX
8151023,TX,4835,0.8171504139900208,7,5.0,82832.6337890625,141743.578125,7,0,11591.537109375,0.0,124637.078125,0.0,0.0,0.0,0.0,0.0,-1922.3076171874982,0.0,1922.3125,0.0,-1763.8994140625018,0.0,1763.8984375,0.0,5218.2568359375,0.0,-5218.2578125,0.0,0.0,0.0,0.0,0.0,-5500.0,0.0,5500.0,0.0,0.0,0.0,0.0,0.0,-1099.999999999999,0.0,1100.0,0.0,0.0,0.0,0.0,0.0,0.0,0.0,0.0,0.0,0.0,0.0,0.0,0.0,0.0,0.0,0.0,0.0,0.0,0.0,0.0,0.0,0.0,0.0,0.0,0.0,0.0,0.0,0.0,0.0,0.0,0.0,0.0,0.0,0.0,0.0,0.0,0.0,0.0,0.0,0.0,0.0,-665.8164062500009,0.0,665.8125,0.0,0.0,0.0,0.0,0.0,0.0,0.0,0.0,0.0,0.0,0.0,0.0,0.0,5857.7705078125,0.0,130370.84375,0.0,-5733.7666015625,0.0,5733.765625,0.0,-49.465110170118386,0.0,4.600368976593018,0.0,TX
8151024,TX,4835,1383.7587890625,2,0.0,281331.77734375,946565.875,1,1,231784.703125,0.0,708934.3125,0.0,0.0,0.0,0.0,0.0,0.0,0.0,0.0,0.0,0.0,0.0,0.0,0.0,0.0,0.0,0.0,0.0,0.0,0.0,0.0,0.0,0.0,0.0,0.0,0.0,0.0,0.0,0.0,0.0,-1400.0,0.0,1400.0,0.0,-37773.703125,0.0,37773.6875,0.0,0.0,0.0,0.0,0.0,0.0,0.0,0.0,0.0,0.0,0.0,0.0,0.0,-4201.96875,0.0,4202.0,0.0,0.0,0.0,0.0,0.0,0.0,0.0,0.0,0.0,0.0,0.0,0.0,0.0,0.0,0.0,0.0,0.0,0.0,0.0,0.0,0.0,0.0,0.0,0.0,0.0,0.0,0.0,0.0,0.0,0.0,0.0,0.0,0.0,0.0,0.0,0.0,0.0,188409.03125,0.0,752310.0,0.0,-43375.671875,0.0,43375.6875,0.0,-18.713776746348863,0.0,6.118435382843018,0.0,TX
8151025,TX,4835,4080.70703125,3,1.0,170398.11328125,210597.30078125,3,0,29051.2060546875,0.0,175722.765625,0.0,0.0,6050.1904296875,1691.58251953125,7741.77294921875,-3384.400390625,0.0,3384.390625,0.0,-2791.85986328125,0.0,2791.859375,0.0,1691.85986328125,0.0,-1691.859375,0.0,0.0,0.0,0.0,0.0,-1119.85986328125,0.0,1119.859375,0.0,0.0,0.0,0.0,0.0,-1200.0,0.0,1200.0,0.0,0.0,0.0,0.0,0.0,0.0,0.0,0.0,0.0,0.0,0.0,0.0,0.0,0.0,0.0,0.0,0.0,0.0,0.0,0.0,0.0,0.0,0.0,0.0,0.0,0.0,0.0,0.0,0.0,-5254.578125,0.0,5254.578125,0.0,0.0,0.0,0.0,0.0,0.0,0.0,0.0,0.0,0.0,0.0,0.0,0.0,0.0,0.0,0.0,0.0,0.0,0.0,0.0,0.0,0.0,0.0,0.0,0.0,16992.36767578125,0.0,187781.59375,7741.77294921875,-12058.83837890625,0.0,12058.828125,0.0,-41.50890794759455,0.0,6.862416744232178,0.0,TX
8151026,TX,4835,1.4645953178405762,5,3.0,145992.5078125,588028.6875,5,0,128669.859375,0.0,460115.625,0.0,0.0,0.0,0.0,0.0,0.0,0.0,0.0,0.0,0.0,0.0,0.0,0.0,0.0,0.0,0.0,0.0,0.0,0.0,0.0,0.0,0.0,0.0,0.0,0.0,0.0,0.0,0.0,0.0,-24722.359375,0.0,24722.34375,0.0,-22760.296875,0.0,22760.3125,0.0,0.0,0.0,0.0,0.0,0.0,0.0,0.0,0.0,0.0,0.0,0.0,0.0,-1393.0625,0.0,1393.0625,0.0,0.0,0.0,0.0,0.0,0.0,0.0,0.0,0.0,0.0,0.0,0.0,0.0,0.0,0.0,0.0,0.0,0.0,0.0,0.0,0.0,0.0,0.0,0.0,0.0,0.0,0.0,0.0,0.0,0.0,0.0,0.0,0.0,0.0,0.0,0.0,0.0,79794.140625,0.0,508991.34375,0.0,-48875.71875,0.0,48875.71875,0.0,-37.985367348195254,0.0,10.622486114501953,0.0,TX
8151027,TX,4835,3211.02099609375,3,1.0,23934.8369140625,23934.8369140625,3,0,-5427.0,0.0,60396.546875,28728.21484375,4137.51025390625,0.0,0.0,32865.72509765625,0.0,0.0,0.0,0.0,0.0,0.0,0.0,0.0,0.0,0.0,0.0,0.0,0.0,0.0,0.0,0.0,-700.0,0.0,700.0,0.0,0.0,0.0,0.0,0.0,0.0,0.0,0.0,0.0,0.0,0.0,0.0,0.0,0.0,0.0,0.0,0.0,0.0,0.0,0.0,0.0,0.0,0.0,0.0,0.0,0.0,0.0,0.0,0.0,0.0,0.0,0.0,0.0,0.0,0.0,0.0,0.0,0.0,0.0,0.0,0.0,0.0,0.0,0.0,0.0,0.0,0.0,0.0,0.0,0.0,0.0,0.0,0.0,0.0,0.0,0.0,0.0,0.0,0.0,0.0,0.0,0.0,0.0,0.0,0.0,-6127.0,0.0,61096.546875,32865.72509765625,-700.0,0.0,700.0,0.0,-12.898470609913396,0.0,1.1590065956115723,0.0,TX
8151028,TX,4835,2.745816946029663,3,1.0,521470.35546875,559864.4375,3,0,145073.09375,0.0,420158.09375,0.0,0.0,0.0,0.0,0.0,0.0,0.0,0.0,0.0,0.0,0.0,0.0,0.0,0.0,0.0,0.0,0.0,0.0,0.0,0.0,0.0,0.0,0.0,0.0,0.0,0.0,0.0,0.0,0.0,-1400.0,0.0,1400.0,0.0,-23839.75,0.0,23839.75,0.0,0.0,0.0,0.0,0.0,0.0,0.0,0.0,0.0,-270.421875,0.0,270.40625,0.0,-34.625,0.0,34.625,0.0,0.0,0.0,0.0,0.0,0.0,0.0,0.0,0.0,0.0,0.0,0.0,0.0,0.0,0.0,0.0,0.0,0.0,0.0,0.0,0.0,0.0,0.0,0.0,0.0,0.0,0.0,0.0,0.0,0.0,0.0,0.0,0.0,0.0,0.0,0.0,0.0,119528.296875,0.0,445702.875,0.0,-25544.796875,0.0,25544.78125,0.0,-17.608225077918696,0.0,6.079802513122559,0.0,TX
8151029,TX,4835,3006.673095703125,3,1.0,63712.73046875,63712.73046875,3,0,-1532.3046875,0.0,77026.953125,0.0,4137.51025390625,6191.43603515625,0.0,10328.9462890625,-250.4619140625,0.0,250.4609375,0.0,-1639.0670166015625,0.0,1639.0625,0.0,1196.567138671875,0.0,-1196.5625,0.0,0.0,0.0,0.0,0.0,-1199.999755859375,0.0,1200.0,0.0,0.0,0.0,0.0,0.0,0.0,0.0,0.0,0.0,0.0,0.0,0.0,0.0,0.0,0.0,0.0,0.0,0.0,0.0,0.0,0.0,0.0,0.0,0.0,0.0,0.0,0.0,0.0,0.0,0.0,0.0,0.0,0.0,0.0,0.0,0.0,0.0,0.0,0.0,0.0,0.0,-683.7705078125,0.0,683.7734375,0.0,0.0,0.0,0.0,0.0,0.0,0.0,0.0,0.0,0.0,0.0,0.0,0.0,0.0,0.0,0.0,0.0,0.0,0.0,0.0,0.0,-4109.0367431640625,0.0,79603.6875,10328.9462890625,-2576.7320556640625,0.0,2576.734375,0.0,-168.160554273842,0.0,3.3452372550964355,0.0,TX
8151030,TX,4835,70.26750183105469,2,0.0,48538.73828125,1391984.875,1,1,338099.5625,0.0,1121297.625,0.0,0.0,0.0,0.0,0.0,0.0,0.0,0.0,0.0,0.0,0.0,0.0,0.0,0.0,0.0,0.0,0.0,0.0,0.0,0.0,0.0,0.0,0.0,0.0,0.0,0.0,0.0,0.0,0.0,-1400.0,0.0,1400.0,0.0,-21611.75,0.0,21611.75,0.0,0.0,0.0,0.0,0.0,0.0,0.0,0.0,0.0,-780.0,0.0,780.0,0.0,0.0,0.0,0.0,0.0,0.0,0.0,0.0,0.0,0.0,0.0,0.0,0.0,0.0,0.0,0.0,0.0,0.0,0.0,0.0,0.0,0.0,0.0,0.0,0.0,0.0,0.0,0.0,0.0,0.0,0.0,0.0,0.0,0.0,0.0,0.0,0.0,0.0,0.0,0.0,0.0,314307.8125,0.0,1145089.375,0.0,-23791.75,0.0,23791.75,0.0,-7.036906473370548,0.0,2.12180495262146,0.0,TX
8151031,TX,4835,2766.216796875,4,1.0,108292.28125,116059.18359375,4,0,3333.3062744140625,0.0,121825.296875,5275.40576171875,0.0,0.0,1691.58251953125,6966.98828125,-613.3114013671875,0.0,613.3125,0.0,-2698.12890625,0.0,2698.1328125,0.0,2257.1029052734375,0.0,-2257.1015625,0.0,0.0,0.0,0.0,0.0,-1200.0,0.0,1199.9921875,0.0,0.0,0.0,0.0,0.0,0.0,0.0,0.0,0.0,0.0,0.0,0.0,0.0,0.0,0.0,0.0,0.0,0.0,0.0,0.0,0.0,-16.2720947265625,0.0,16.28125,0.0,0.0,0.0,0.0,0.0,0.0,0.0,0.0,0.0,0.0,0.0,0.0,0.0,0.0,0.0,0.0,0.0,-315.85565185546875,0.0,315.8515625,0.0,0.0,0.0,0.0,0.0,0.0,0.0,0.0,0.0,0.0,0.0,0.0,0.0,0.0,0.0,0.0,0.0,0.0,0.0,0.0,0.0,746.8411254882812,0.0,124411.765625,6966.98828125,-2586.4651489257812,0.0,2586.46875,0.0,-77.59458435545162,0.0,2.123096466064453,0.0,TX
8151032,TX,4835,1039.7484130859375,2,0.0,141220.0234375,1966173.75,2,0,466922.9375,0.0,1503483.375,0.0,0.0,0.0,0.0,0.0,0.0,0.0,0.0,0.0,0.0,0.0,0.0,0.0,0.0,0.0,0.0,0.0,0.0,0.0,0.0,0.0,0.0,0.0,0.0,0.0,0.0,0.0,0.0,0.0,-72.0,0.0,72.0,0.0,0.0,0.0,0.0,0.0,0.0,0.0,0.0,0.0,0.0,0.0,0.0,0.0,-85.84375,0.0,85.875,0.0,0.0,0.0,0.0,0.0,0.0,0.0,0.0,0.0,0.0,0.0,0.0,0.0,0.0,0.0,0.0,0.0,0.0,0.0,0.0,0.0,0.0,0.0,0.0,0.0,0.0,0.0,0.0,0.0,0.0,0.0,0.0,0.0,0.0,0.0,0.0,0.0,0.0,0.0,0.0,0.0,466765.09375,0.0,1503641.25,0.0,-157.84375,0.0,157.875,0.0,-0.03380509658512974,0.0,0.010500614531338215,0.0,TX
8151033,TX,4835,285.76739501953125,2,0.0,131124.365234375,506765.65625,2,0,111449.1171875,0.0,383477.5625,0.0,0.0,0.0,0.0,0.0,0.0,0.0,0.0,0.0,0.0,0.0,0.0,0.0,0.0,0.0,0.0,0.0,0.0,0.0,0.0,0.0,0.0,0.0,0.0,0.0,0.0,0.0,0.0,0.0,-1740.3203125,0.0,1740.3125,0.0,-24673.90625,0.0,24673.90625,0.0,0.0,0.0,0.0,0.0,0.0,0.0,0.0,0.0,-514.1796875,0.0,514.1875,0.0,0.0,0.0,0.0,0.0,0.0,0.0,0.0,0.0,0.0,0.0,0.0,0.0,0.0,0.0,0.0,0.0,0.0,0.0,0.0,0.0,0.0,0.0,0.0,0.0,0.0,0.0,0.0,0.0,0.0,0.0,0.0,0.0,0.0,0.0,0.0,0.0,0.0,0.0,0.0,0.0,84520.7109375,0.0,410405.96875,0.0,-26928.40625,0.0,26928.40625,0.0,-24.162063307057092,0.0,7.022159576416016,0.0,TX
8151034,TX,4835,0.13402172923088074,2,0.0,79993.9140625,241073.703125,1,1,33525.85546875,0.0,205521.921875,0.0,0.0,0.0,0.0,0.0,-4845.26171875,0.0,4845.265625,0.0,0.0,0.0,0.0,0.0,2332.0,0.0,-2332.0,0.0,0.0,0.0,0.0,0.0,0.0,0.0,0.0,0.0,0.0,0.0,0.0,0.0,-3754.552734375,0.0,3754.546875,0.0,0.0,0.0,0.0,0.0,0.0,0.0,0.0,0.0,0.0,0.0,0.0,0.0,0.0,0.0,0.0,0.0,0.0,0.0,0.0,0.0,0.0,0.0,0.0,0.0,0.0,0.0,0.0,0.0,0.0,0.0,0.0,0.0,0.0,0.0,0.0,0.0,0.0,0.0,0.0,0.0,0.0,0.0,0.0,0.0,0.0,0.0,0.0,0.0,0.0,0.0,0.0,0.0,0.0,0.0,0.0,0.0,27258.041015625,0.0,211789.734375,0.0,-6267.814453125,0.0,6267.8125,0.0,-18.695464636144283,0.0,3.0497050285339355,0.0,TX
8151035,TX,4835,0.12052768468856812,6,1.0,181396.044921875,181444.701171875,5,1,14767.176635742188,0.0,167787.1875,14932.224609375,0.0,0.0,0.0,14932.224609375,-2365.7880859375,0.0,2365.796875,0.0,-3074.9081115722656,0.0,3074.90625,0.0,2560.9081115722656,0.0,-2560.90625,0.0,0.0,0.0,0.0,0.0,-1550.0,0.0,1550.0,0.0,0.0,0.0,0.0,0.0,0.0,0.0,0.0,0.0,0.0,0.0,0.0,0.0,0.0,0.0,0.0,0.0,0.0,0.0,0.0,0.0,-240.0,0.0,240.0,0.0,0.0,0.0,0.0,0.0,0.0,0.0,0.0,0.0,0.0,0.0,0.0,0.0,0.0,0.0,0.0,0.0,0.0,0.0,0.0,0.0,0.0,0.0,0.0,0.0,-37.614166259765625,0.0,37.609375,0.0,0.0,0.0,0.0,0.0,0.0,0.0,0.0,0.0,0.0,0.0,0.0,0.0,10059.774383544922,0.0,172494.59375,14932.224609375,-4707.402252197266,0.0,4707.40625,0.0,-31.877469663385487,0.0,2.805581569671631,0.0,TX
8151036,TX,4835,187.1107177734375,2,0.0,29129.697265625,102245.890625,2,0,9545.6953125,0.0,144931.15625,44248.35546875,0.0,0.0,0.0,44248.35546875,-1433.1396484375,0.0,1433.140625,0.0,-1872.0009765625,0.0,1872.015625,0.0,1272.0009765625,0.0,-1272.015625,0.0,0.0,0.0,0.0,0.0,0.0,0.0,0.0,0.0,0.0,0.0,0.0,0.0,0.0,0.0,0.0,0.0,0.0,0.0,0.0,0.0,0.0,0.0,0.0,0.0,0.0,0.0,0.0,0.0,0.0,0.0,0.0,0.0,0.0,0.0,0.0,0.0,0.0,0.0,0.0,0.0,0.0,0.0,0.0,0.0,0.0,0.0,0.0,0.0,0.0,0.0,0.0,0.0,-1440.0009765625,0.0,1440.015625,0.0,0.0,0.0,0.0,0.0,0.0,0.0,0.0,0.0,0.0,0.0,0.0,0.0,0.0,0.0,0.0,0.0,6072.5546875,0.0,148404.3125,44248.35546875,-3473.140625,0.0,3473.15625,0.0,-36.384365007460005,0.0,2.3964178562164307,0.0,TX
8151037,TX,4835,0.10807579755783081,5,1.0,305905.1064453125,1195415.2275390625,5,0,298715.0079345703,0.0,1001476.1875,15236.2919921875,0.0,0.0,0.0,15236.2919921875,-13027.453125,0.0,13027.4375,0.0,-1430.0433654785156,0.0,1430.0625,0.0,639.3993225097656,0.0,-639.4375,0.0,0.0,0.0,0.0,0.0,0.0,0.0,0.0,0.0,0.0,0.0,0.0,0.0,-1400.0,0.0,1400.0,0.0,-14927.03125,0.0,14927.0625,0.0,0.0,0.0,0.0,0.0,0.0,0.0,0.0,0.0,-700.0,0.0,700.0,0.0,0.0,0.0,0.0,0.0,0.0,0.0,0.0,0.0,0.0,0.0,0.0,0.0,0.0,0.0,0.0,0.0,-3.399322509765625,0.0,3.4375,0.0,0.0,0.0,0.0,0.0,-8.30126953125,0.0,8.25,0.0,0.0,0.0,0.0,0.0,0.0,0.0,0.0,0.0,0.0,0.0,0.0,0.0,267858.17892456055,0.0,1032333.0,15236.2919921875,-30856.829010009766,0.0,30856.8125,0.0,-10.329855611663326,0.0,3.0811328887939453,0.0,TX
8151038,TX,4835,244.5291290283203,2,0.0,27015.1953125,32811.5234375,2,0,0.0,0.0,85370.4765625,27466.525390625,0.0,0.0,0.0,27466.525390625,0.0,0.0,0.0,0.0,0.0,0.0,0.0,0.0,0.0,0.0,0.0,0.0,0.0,0.0,0.0,0.0,0.0,0.0,0.0,0.0,0.0,0.0,0.0,0.0,0.0,0.0,0.0,0.0,0.0,0.0,0.0,0.0,0.0,0.0,0.0,0.0,0.0,0.0,0.0,0.0,0.0,0.0,0.0,0.0,0.0,0.0,0.0,0.0,0.0,0.0,0.0,0.0,0.0,0.0,0.0,0.0,0.0,0.0,0.0,0.0,0.0,0.0,0.0,0.0,0.0,0.0,0.0,0.0,0.0,0.0,0.0,0.0,0.0,0.0,0.0,0.0,0.0,0.0,0.0,0.0,0.0,0.0,0.0,0.0,0.0,0.0,85370.4765625,27466.525390625,0.0,0.0,0.0,0.0,0.0,0.0,0.0,0.0,TX
8151039,TX,4835,0.11738742887973785,1,0.0,0.0,454022.3125,1,0,134338.703125,0.0,356542.875,17852.15234375,0.0,0.0,0.0,17852.15234375,-791.984375,0.0,792.0,0.0,-1448.828125,0.0,1448.8125,0.0,0.015625,0.0,0.0,0.0,0.0,0.0,0.0,0.0,0.0,0.0,0.0,0.0,0.0,0.0,0.0,0.0,-1400.0,0.0,1400.0,0.0,-1470.5,0.0,1470.5,0.0,0.0,0.0,0.0,0.0,0.0,0.0,0.0,0.0,-350.0,0.0,350.0,0.0,0.0,0.0,0.0,0.0,0.0,0.0,0.0,0.0,0.0,0.0,0.0,0.0,0.0,0.0,0.0,0.0,0.0,0.0,0.0,0.0,0.0,0.0,0.0,0.0,0.0,0.0,0.0,0.0,0.0,0.0,0.0,0.0,0.0,0.0,0.0,0.0,0.0,0.0,0.0,0.0,128877.40625,0.0,362004.1875,17852.15234375,-5461.296875,0.0,5461.3125,0.0,-4.065319039084627,0.0,1.5317407846450806,0.0,TX
8151040,TX,4835,0.12897108495235443,3,0.0,232587.5546875,231606.453125,3,0,28778.259765625,0.0,193545.203125,0.0,0.0,0.0,0.0,0.0,-4642.3115234375,0.0,4642.3125,0.0,-3388.6201171875,0.0,3388.609375,0.0,3498.0,0.0,-3498.0,0.0,0.0,0.0,0.0,0.0,0.0,0.0,0.0,0.0,0.0,0.0,0.0,0.0,0.0,0.0,0.0,0.0,0.0,0.0,0.0,0.0,0.0,0.0,0.0,0.0,0.0,0.0,0.0,0.0,-55.7880859375,0.0,55.796875,0.0,0.0,0.0,0.0,0.0,0.0,0.0,0.0,0.0,0.0,0.0,0.0,0.0,0.0,0.0,0.0,0.0,0.0,0.0,0.0,0.0,0.0,0.0,0.0,0.0,0.0,0.0,0.0,0.0,0.0,0.0,0.0,0.0,0.0,0.0,0.0,0.0,0.0,0.0,0.0,0.0,24189.5400390625,0.0,198133.921875,0.0,-4588.7197265625,0.0,4588.71875,0.0,-15.9450910650394,0.0,2.3708770275115967,0.0,TX
