Household ID,State,Congressional District,Household Weight,Household Size,Number of Dependents,Employment Income,Adjusted Gross Income,Num with Valid SSN,Num without Valid SSN,Baseline Federal Tax Liability,Baseline State Tax Liability,Baseline Net Income,Baseline Benefits,Baseline Medicaid,Baseline ACA PTC,Baseline CHIP,Baseline Total Benefits,Change in federal tax after Tax Rate Reform,Change in state tax after Tax Rate Reform,Change in net income after Tax Rate Reform,Change in benefits after Tax Rate Reform,Change in federal tax after Standard Deduction Reform,Change in state tax after Standard Deduction Reform,Change in net income after Standard Deduction Reform,Change in benefits after Standard Deduction Reform,Change in federal tax after Exemption Reform,Change in state tax after Exemption Reform,Change in net income after Exemption Reform,Change in benefits after Exemption Reform,Change in federal tax after CTC SSN Requirement,Change in state tax after CTC SSN Requirement,Change in net income after CTC SSN Requirement,Change in benefits after CTC SSN Requirement,Change in federal tax after CTC Expansion,Change in state tax after CTC Expansion,Change in net income after CTC Expansion,Change in benefits after CTC Expansion,Change in federal tax after CDCC Reform,Change in state tax after CDCC Reform,Change in net income after CDCC Reform,Change in benefits after CDCC Reform,Change in federal tax after QBI Deduction Reform,Change in state tax after QBI Deduction Reform,Change in net income after QBI Deduction Reform,Change in benefits after QBI Deduction Reform,Change in federal tax after AMT Reform,Change in state tax after AMT Reform,Change in net income after AMT Reform,Change in benefits after AMT Reform,Change in federal tax after Miscellaneous Reform,Change in state tax after Miscellaneous Reform,Change in net income after Miscellaneous Reform,Change in benefits after Miscellaneous Reform,Change in federal tax after Casualty Loss Repeal,Change in state tax after Casualty Loss Repeal,Change in net income after Casualty Loss Repeal,Change in benefits after Casualty Loss Repeal,Change in federal tax after Other Itemized Deductions Reform,Change in state tax after Other Itemized Deductions Reform,Change in net income after Other Itemized Deductions Reform,Change in benefits after Other Itemized Deductions Reform,Change in federal tax after Limitation on Itemized Deductions Reform,Change in state tax after Limitation on Itemized Deductions Reform,Change in net income after Limitation on Itemized Deductions Reform,Change in benefits after Limitation on Itemized Deductions Reform,Change in federal tax after Estate Tax Reform,Change in state tax after Estate Tax Reform,Change in net income after Estate Tax Reform,Change in benefits after Estate Tax Reform,Change in federal tax after SALT Cap Reform,Change in state tax after SALT Cap Reform,Change in net income after SALT Cap Reform,Change in benefits after SALT Cap Reform,Change in federal tax after Tip Income Exemption,Change in state tax after Tip Income Exemption,Change in net income after Tip Income Exemption,Change in benefits after Tip Income Exemption,Change in federal tax after Overtime Exemption,Change in state tax after Overtime Exemption,Change in net income after Overtime Exemption,Change in benefits after Overtime Exemption,Change in federal tax after Senior Deduction,Change in state tax after Senior Deduction,Change in net income after Senior Deduction,Change in benefits after Senior Deduction,Change in federal tax after Auto Loan Interest,Change in state tax after Auto Loan Interest,Change in net income after Auto Loan Interest,Change in benefits after Auto Loan Interest,Change in federal tax after SNAP Takeup Reform,Change in state tax after SNAP Takeup Reform,Change in net income after SNAP Takeup Reform,Change in benefits after SNAP Takeup Reform,Change in federal tax after ACA Takeup Reform,Change in state tax after ACA Takeup Reform,Change in net income after ACA Takeup Reform,Change in benefits after ACA Takeup Reform,Change in federal tax after Medicaid Takeup Reform,Change in state tax after Medicaid Takeup Reform,Change in net income after Medicaid Takeup Reform,Change in benefits after Medicaid Takeup Reform,Final Federal Tax Liability,Final State Tax Liability,Final Net Income,Final Total Benefits,Total change in federal tax,Total change in state tax,Total change in net income,Total change in benefits,Percentage change in federal tax,Percentage change in state tax,Percentage change in net income,Percentage change in benefits,State Code
7725000,TX,4818,12.470797538757324,1,0.0,2787.483154296875,2787.483154296875,1,0,0.0,0.0,2963.35400390625,389.11334228515625,0.0,0.0,0.0,389.11334228515625,0.0,0.0,0.0,0.0,0.0,0.0,0.0,0.0,0.0,0.0,0.0,0.0,0.0,0.0,0.0,0.0,0.0,0.0,0.0,0.0,0.0,0.0,0.0,0.0,0.0,0.0,0.0,0.0,0.0,0.0,0.0,0.0,0.0,0.0,0.0,0.0,0.0,0.0,0.0,0.0,0.0,0.0,0.0,0.0,0.0,0.0,0.0,0.0,0.0,0.0,0.0,0.0,0.0,0.0,0.0,0.0,0.0,0.0,0.0,0.0,0.0,0.0,0.0,0.0,0.0,0.0,0.0,0.0,0.0,0.0,0.0,0.0,0.0,0.0,0.0,0.0,0.0,0.0,0.0,0.0,0.0,0.0,0.0,0.0,0.0,0.0,2963.35400390625,389.11334228515625,0.0,0.0,0.0,0.0,0.0,0.0,0.0,0.0,TX
7725001,TX,4818,0.12886442244052887,3,1.0,2555190.5,2555273.25,3,0,847414.6875,0.0,1627711.5,0.0,0.0,0.0,0.0,0.0,-733.65625,0.0,733.75,0.0,-897.25,0.0,897.25,0.0,0.0,0.0,0.0,0.0,0.0,0.0,0.0,0.0,0.0,0.0,0.0,0.0,0.0,0.0,0.0,0.0,0.0,0.0,0.0,0.0,0.0,0.0,0.0,0.0,0.0,0.0,0.0,0.0,0.0,0.0,0.0,0.0,-370.0,0.0,370.0,0.0,0.0,0.0,0.0,0.0,0.0,0.0,0.0,0.0,0.0,0.0,0.0,0.0,0.0,0.0,0.0,0.0,0.0,0.0,0.0,0.0,0.0,0.0,0.0,0.0,0.0,0.0,0.0,0.0,0.0,0.0,0.0,0.0,0.0,0.0,0.0,0.0,0.0,0.0,0.0,0.0,845413.78125,0.0,1629712.5,0.0,-2000.90625,0.0,2001.0,0.0,-0.23611890134958274,0.0,0.12293333560228348,0.0,TX
7725002,TX,4818,1.5518699884414673,2,0.0,704811.640625,749050.9375,2,0,189852.5625,0.0,586812.125,51977.12890625,0.0,0.0,0.0,51977.12890625,-749.0,0.0,749.0,0.0,-665.0,0.0,665.0,0.0,0.0,0.0,0.0,0.0,0.0,0.0,0.0,0.0,0.0,0.0,0.0,0.0,0.0,0.0,0.0,0.0,0.0,0.0,0.0,0.0,0.0,0.0,0.0,0.0,0.0,0.0,0.0,0.0,0.0,0.0,0.0,0.0,-49.21875,0.0,49.1875,0.0,0.0,0.0,0.0,0.0,0.0,0.0,0.0,0.0,0.0,0.0,0.0,0.0,0.0,0.0,0.0,0.0,0.0,0.0,0.0,0.0,0.0,0.0,0.0,0.0,0.0,0.0,0.0,0.0,0.0,0.0,0.0,0.0,0.0,0.0,0.0,0.0,0.0,0.0,0.0,0.0,188389.34375,0.0,588275.3125,51977.12890625,-1463.21875,0.0,1463.1875,0.0,-0.770713194877209,0.0,0.24934513866901398,0.0,TX
7725003,TX,4818,1229.94091796875,2,0.0,256148.5390625,257240.5390625,2,0,40626.951171875,0.0,202710.125,0.0,0.0,0.0,0.0,0.0,-246.0,0.0,246.0,0.0,-437.0,0.0,437.0,0.0,0.0,0.0,0.0,0.0,0.0,0.0,0.0,0.0,0.0,0.0,0.0,0.0,0.0,0.0,0.0,0.0,0.0,0.0,0.0,0.0,0.0,0.0,0.0,0.0,0.0,0.0,0.0,0.0,0.0,0.0,0.0,0.0,0.0,0.0,0.0,0.0,0.0,0.0,0.0,0.0,0.0,0.0,0.0,0.0,0.0,0.0,0.0,0.0,0.0,0.0,0.0,0.0,0.0,0.0,0.0,0.0,0.0,0.0,0.0,0.0,0.0,0.0,0.0,0.0,0.0,0.0,0.0,0.0,0.0,0.0,0.0,0.0,0.0,0.0,0.0,0.0,39943.951171875,0.0,203393.125,0.0,-683.0,0.0,683.0,0.0,-1.6811500255348313,0.0,0.33693432807922363,0.0,TX
7725004,TX,4818,542.448974609375,2,0.0,0.0,223254.46875,2,0,22320.267578125,0.0,261871.859375,52447.984375,0.0,0.0,0.0,52447.984375,-10.0,0.0,10.0,0.0,0.0,0.0,0.0,0.0,0.0,0.0,0.0,0.0,0.0,0.0,0.0,0.0,0.0,0.0,0.0,0.0,0.0,0.0,0.0,0.0,0.0,0.0,0.0,0.0,0.0,0.0,0.0,0.0,0.0,0.0,0.0,0.0,0.0,0.0,0.0,0.0,0.0,0.0,0.0,0.0,0.0,0.0,0.0,0.0,0.0,0.0,0.0,0.0,0.0,0.0,0.0,0.0,0.0,0.0,0.0,0.0,0.0,0.0,0.0,0.0,-2053.279296875,0.0,2053.265625,0.0,0.0,0.0,0.0,0.0,0.0,0.0,0.0,0.0,0.0,0.0,0.0,0.0,0.0,0.0,0.0,0.0,20256.98828125,0.0,263935.125,52447.984375,-2063.279296875,0.0,2063.265625,0.0,-9.243972052096359,0.0,0.7878913283348083,0.0,TX
7725005,TX,4818,0.8288732171058655,1,0.0,439896.5625,448051.40625,1,0,120933.578125,0.0,332621.0,0.0,0.0,0.0,0.0,0.0,-362.25,0.0,362.25,0.0,-332.5,0.0,332.5,0.0,0.0,0.0,0.0,0.0,0.0,0.0,0.0,0.0,0.0,0.0,0.0,0.0,0.0,0.0,0.0,0.0,-1750.0,0.0,1750.0,0.0,0.0,0.0,0.0,0.0,0.0,0.0,0.0,0.0,0.0,0.0,0.0,0.0,0.0,0.0,0.0,0.0,0.0,0.0,0.0,0.0,0.0,0.0,0.0,0.0,0.0,0.0,0.0,0.0,0.0,0.0,0.0,0.0,0.0,0.0,0.0,0.0,0.0,0.0,0.0,0.0,0.0,0.0,0.0,0.0,0.0,0.0,0.0,0.0,0.0,0.0,0.0,0.0,0.0,0.0,0.0,0.0,118488.828125,0.0,335065.75,0.0,-2444.75,0.0,2444.75,0.0,-2.0215642651977475,0.0,0.7349956631660461,0.0,TX
7725006,TX,4818,0.7683879137039185,3,0.0,385279.171875,765506.5625,3,0,147317.427734375,0.0,645788.25,0.0,0.0,0.0,0.0,0.0,-879.0,0.0,879.0,0.0,-912.0,0.0,912.0,0.0,0.0,0.0,0.0,0.0,0.0,0.0,0.0,0.0,0.0,0.0,0.0,0.0,0.0,0.0,0.0,0.0,0.0,0.0,0.0,0.0,0.0,0.0,0.0,0.0,0.0,0.0,0.0,0.0,0.0,0.0,0.0,0.0,-740.0,0.0,740.0,0.0,0.0,0.0,0.0,0.0,0.0,0.0,0.0,0.0,0.0,0.0,0.0,0.0,0.0,0.0,0.0,0.0,0.0,0.0,0.0,0.0,0.0,0.0,0.0,0.0,0.0,0.0,0.0,0.0,0.0,0.0,0.0,0.0,0.0,0.0,0.0,0.0,0.0,0.0,0.0,0.0,144786.427734375,0.0,648319.25,0.0,-2531.0,0.0,2531.0,0.0,-1.7180587788727844,0.0,0.3919241428375244,0.0,TX
7725007,TX,4818,2.3839640617370605,3,0.0,379804.6630859375,463093.515625,3,0,80333.70483398438,0.0,447310.21875,22234.806640625,0.0,0.0,0.0,22234.806640625,-297.0,0.0,297.0,0.0,-114.0,0.0,114.0,0.0,0.0,0.0,0.0,0.0,0.0,0.0,0.0,0.0,0.0,0.0,0.0,0.0,0.0,0.0,0.0,0.0,0.0,0.0,0.0,0.0,0.0,0.0,0.0,0.0,0.0,0.0,0.0,0.0,0.0,0.0,0.0,0.0,0.0,0.0,0.0,0.0,0.0,0.0,0.0,0.0,0.0,0.0,0.0,0.0,0.0,0.0,0.0,0.0,0.0,0.0,0.0,0.0,0.0,0.0,0.0,0.0,-720.0,0.0,720.0,0.0,0.0,0.0,0.0,0.0,0.0,0.0,0.0,0.0,0.0,0.0,0.0,0.0,0.0,0.0,0.0,0.0,79202.70483398438,0.0,448441.21875,22234.806640625,-1131.0,0.0,1131.0,0.0,-1.4078773067136594,0.0,0.2528446614742279,0.0,TX
7725008,TX,4818,328.3319396972656,2,0.0,15206.2578125,15207.0849609375,2,0,0.0,0.0,55782.37890625,19723.216796875,0.0,0.0,0.0,19723.216796875,0.0,0.0,0.0,0.0,0.0,0.0,0.0,0.0,0.0,0.0,0.0,0.0,0.0,0.0,0.0,0.0,0.0,0.0,0.0,0.0,0.0,0.0,0.0,0.0,0.0,0.0,0.0,0.0,0.0,0.0,0.0,0.0,0.0,0.0,0.0,0.0,0.0,0.0,0.0,0.0,0.0,0.0,0.0,0.0,0.0,0.0,0.0,0.0,0.0,0.0,0.0,0.0,0.0,0.0,0.0,0.0,0.0,0.0,0.0,0.0,0.0,0.0,0.0,0.0,0.0,0.0,0.0,0.0,0.0,0.0,0.0,0.0,0.0,0.0,0.0,0.0,0.0,0.0,0.0,0.0,0.0,0.0,0.0,0.0,0.0,0.0,55782.37890625,19723.216796875,0.0,0.0,0.0,0.0,0.0,0.0,0.0,0.0,TX
7725009,TX,4818,0.849530816078186,4,2.0,300053.453125,317809.90625,4,0,49143.5390625,0.0,260941.390625,0.0,0.0,0.0,0.0,0.0,-292.0,0.0,292.0,0.0,-456.0,0.0,456.0,0.0,0.0,0.0,0.0,0.0,0.0,0.0,0.0,0.0,-400.0,0.0,400.0,0.0,0.0,0.0,0.0,0.0,0.0,0.0,0.0,0.0,0.0,0.0,0.0,0.0,0.0,0.0,0.0,0.0,0.0,0.0,0.0,0.0,0.0,0.0,0.0,0.0,0.0,0.0,0.0,0.0,0.0,0.0,0.0,0.0,0.0,0.0,0.0,0.0,0.0,0.0,0.0,0.0,0.0,0.0,0.0,0.0,0.0,0.0,0.0,0.0,0.0,0.0,0.0,0.0,0.0,0.0,0.0,0.0,0.0,0.0,0.0,0.0,0.0,0.0,0.0,0.0,47995.5390625,0.0,262089.390625,0.0,-1148.0,0.0,1148.0,0.0,-2.3360140964613705,0.0,0.4399455189704895,0.0,TX
7725010,TX,4818,0.7490108609199524,3,1.0,151098.6015625,151436.125,3,0,14303.947265625,0.0,133171.484375,0.0,0.0,0.0,0.0,0.0,-230.0,0.0,230.0,0.0,-418.0,0.0,418.0,0.0,0.0,0.0,0.0,0.0,0.0,0.0,0.0,0.0,-200.0,0.0,200.0,0.0,0.0,0.0,0.0,0.0,0.0,0.0,0.0,0.0,0.0,0.0,0.0,0.0,0.0,0.0,0.0,0.0,0.0,0.0,0.0,0.0,-376.5400390625,0.0,376.53125,0.0,0.0,0.0,0.0,0.0,0.0,0.0,0.0,0.0,0.0,0.0,0.0,0.0,0.0,0.0,0.0,0.0,0.0,0.0,0.0,0.0,0.0,0.0,0.0,0.0,-399.4912109375,0.0,399.5,0.0,0.0,0.0,0.0,0.0,0.0,0.0,0.0,0.0,0.0,0.0,0.0,0.0,12679.916015625,0.0,134795.515625,0.0,-1624.03125,0.0,1624.03125,0.0,-11.353727889523501,0.0,1.2195037603378296,0.0,TX
7725011,TX,4818,0.8990399837493896,6,3.0,1176135.8046875,1172813.55078125,5,1,341268.75,0.0,831281.5625,1454.9400634765625,0.0,0.0,0.0,1454.9400634765625,-734.0,0.0,734.0,0.0,-703.0,0.0,703.0,0.0,0.0,0.0,0.0,0.0,0.0,0.0,0.0,0.0,0.0,0.0,0.0,0.0,0.0,0.0,0.0,0.0,-1850.0,0.0,1850.0,0.0,0.0,0.0,0.0,0.0,0.0,0.0,0.0,0.0,0.0,0.0,0.0,0.0,-567.84375,0.0,567.8125,0.0,0.0,0.0,0.0,0.0,0.0,0.0,0.0,0.0,0.0,0.0,0.0,0.0,0.0,0.0,0.0,0.0,0.0,0.0,0.0,0.0,0.0,0.0,0.0,0.0,0.0,0.0,0.0,0.0,0.0,0.0,0.0,0.0,0.0,0.0,0.0,0.0,0.0,0.0,0.0,0.0,337413.90625,0.0,835136.375,1454.9400634765625,-3854.84375,0.0,3854.8125,0.0,-1.1295624782521108,0.0,0.4637192487716675,0.0,TX
7725012,TX,4818,0.7705974578857422,4,2.0,348008.953125,359926.71875,4,0,59804.75,0.0,291425.375,0.0,0.0,0.0,0.0,0.0,-292.0,0.0,292.0,0.0,-456.0,0.0,456.0,0.0,0.0,0.0,0.0,0.0,0.0,0.0,0.0,0.0,-400.0,0.0,400.0,0.0,0.0,0.0,0.0,0.0,0.0,0.0,0.0,0.0,0.0,0.0,0.0,0.0,0.0,0.0,0.0,0.0,0.0,0.0,0.0,0.0,-480.0,0.0,480.0,0.0,0.0,0.0,0.0,0.0,0.0,0.0,0.0,0.0,0.0,0.0,0.0,0.0,0.0,0.0,0.0,0.0,0.0,0.0,0.0,0.0,0.0,0.0,0.0,0.0,0.0,0.0,0.0,0.0,0.0,0.0,0.0,0.0,0.0,0.0,0.0,0.0,0.0,0.0,0.0,0.0,58176.75,0.0,293053.375,0.0,-1628.0,0.0,1628.0,0.0,-2.7221917991463886,0.0,0.55863356590271,0.0,TX
7725013,TX,4818,0.8340106010437012,2,0.0,83624.5,101214.296875,2,0,8023.7158203125,0.0,111057.2578125,20926.876953125,0.0,0.0,0.0,20926.876953125,-10.0,0.0,10.0,0.0,-228.0,0.0,228.0,0.0,0.0,0.0,0.0,0.0,0.0,0.0,0.0,0.0,0.0,0.0,0.0,0.0,0.0,0.0,0.0,0.0,0.0,0.0,0.0,0.0,0.0,0.0,0.0,0.0,0.0,0.0,0.0,0.0,0.0,0.0,0.0,0.0,-240.0,0.0,240.0,0.0,0.0,0.0,0.0,0.0,0.0,0.0,0.0,0.0,0.0,0.0,0.0,0.0,0.0,0.0,0.0,0.0,-436.3017578125,0.0,436.3046875,0.0,0.0,0.0,0.0,0.0,0.0,0.0,0.0,0.0,0.0,0.0,0.0,0.0,0.0,0.0,0.0,0.0,0.0,0.0,0.0,0.0,7109.4140625,0.0,111971.5625,20926.876953125,-914.3017578125,0.0,914.3046875,0.0,-11.394991775480037,0.0,0.823273241519928,0.0,TX
7725014,TX,4818,1861.6737060546875,5,3.0,416282.6875,421825.375,5,0,74764.71875,0.0,344058.6875,0.0,0.0,0.0,0.0,0.0,-292.0,0.0,292.0,0.0,-456.0,0.0,456.0,0.0,0.0,0.0,0.0,0.0,0.0,0.0,0.0,0.0,-600.0,0.0,600.0,0.0,0.0,0.0,0.0,0.0,0.0,0.0,0.0,0.0,0.0,0.0,0.0,0.0,0.0,0.0,0.0,0.0,0.0,0.0,0.0,0.0,-19.4921875,0.0,19.46875,0.0,0.0,0.0,0.0,0.0,0.0,0.0,0.0,0.0,0.0,0.0,0.0,0.0,0.0,0.0,0.0,0.0,0.0,0.0,0.0,0.0,0.0,0.0,0.0,0.0,0.0,0.0,0.0,0.0,0.0,0.0,0.0,0.0,0.0,0.0,0.0,0.0,0.0,0.0,0.0,0.0,73397.2265625,0.0,345426.15625,0.0,-1367.4921875,0.0,1367.46875,0.0,-1.8290608329212767,0.0,0.3974522054195404,0.0,TX
7725015,TX,4818,0.7490943074226379,4,1.0,197109.0244140625,197546.56445312503,4,0,20982.808837890625,0.0,166336.125,0.0,0.0,4316.0361328125,0.0,4316.0361328125,-235.0,0.0,235.0,0.0,-532.0,0.0,532.0,0.0,0.0,0.0,0.0,0.0,0.0,0.0,0.0,0.0,0.0,0.0,0.0,0.0,0.0,0.0,0.0,0.0,0.0,0.0,0.0,0.0,0.0,0.0,0.0,0.0,0.0,0.0,0.0,0.0,0.0,0.0,0.0,0.0,0.0,0.0,0.0,0.0,0.0,0.0,0.0,0.0,0.0,0.0,0.0,0.0,0.0,0.0,0.0,0.0,-1211.942237854004,0.0,1211.953125,0.0,0.0,0.0,0.0,0.0,0.0,0.0,0.0,0.0,-49.28984069824219,0.0,49.28125,0.0,0.0,0.0,0.0,0.0,0.0,0.0,0.0,0.0,0.0,0.0,0.0,0.0,18954.57675933838,0.0,168364.359375,4316.0361328125,-2028.232078552246,0.0,2028.234375,0.0,-9.666160971212193,0.0,1.2193589210510254,0.0,TX
7725016,TX,4818,7707.04931640625,4,2.0,83624.49609375,83461.22265625,4,0,-3565.167724609375,0.0,92573.609375,0.0,8275.0205078125,3506.20166015625,0.0,11781.22216796875,-5.0,0.0,5.0,0.0,-261.5,0.0,261.5,0.0,0.0,0.0,0.0,0.0,0.0,0.0,0.0,0.0,-400.0,0.0,400.0,0.0,0.0,0.0,0.0,0.0,0.0,0.0,0.0,0.0,0.0,0.0,0.0,0.0,0.0,0.0,0.0,0.0,0.0,0.0,0.0,0.0,0.0,0.0,0.0,0.0,0.0,0.0,0.0,0.0,0.0,0.0,0.0,0.0,0.0,0.0,0.0,0.0,0.0,0.0,0.0,0.0,0.0,0.0,0.0,0.0,0.0,0.0,0.0,0.0,-216.768798828125,0.0,216.78125,0.0,0.0,0.0,0.0,0.0,0.0,0.0,0.0,0.0,0.0,0.0,0.0,0.0,-4448.4365234375,0.0,93456.890625,11781.22216796875,-883.268798828125,0.0,883.28125,0.0,-24.774957787572312,0.0,0.9541393518447876,0.0,TX
7725017,TX,4818,970.203125,2,0.0,204036.765625,204070.6875,2,0,27883.55078125,0.0,163295.859375,0.0,0.0,0.0,0.0,0.0,-230.0,0.0,230.0,0.0,-418.0,0.0,418.0,0.0,0.0,0.0,0.0,0.0,0.0,0.0,0.0,0.0,0.0,0.0,0.0,0.0,0.0,0.0,0.0,0.0,0.0,0.0,0.0,0.0,0.0,0.0,0.0,0.0,0.0,0.0,0.0,0.0,0.0,0.0,0.0,0.0,0.0,0.0,0.0,0.0,0.0,0.0,0.0,0.0,0.0,0.0,0.0,0.0,0.0,0.0,0.0,0.0,0.0,0.0,0.0,0.0,0.0,0.0,0.0,0.0,0.0,0.0,0.0,0.0,0.0,0.0,0.0,0.0,0.0,0.0,0.0,0.0,0.0,0.0,0.0,0.0,0.0,0.0,0.0,0.0,27235.55078125,0.0,163943.859375,0.0,-648.0,0.0,648.0,0.0,-2.3239507948024354,0.0,0.39682573080062866,0.0,TX
7725018,TX,4818,818.9810791015625,2,0.0,0.0,63956.5546875,2,0,2660.40966796875,0.0,85419.375,18546.4453125,0.0,0.0,0.0,18546.4453125,-10.0,0.0,10.0,0.0,-218.401611328125,0.0,218.3984375,0.0,0.0,0.0,0.0,0.0,0.0,0.0,0.0,0.0,0.0,0.0,0.0,0.0,0.0,0.0,0.0,0.0,0.0,0.0,0.0,0.0,0.0,0.0,0.0,0.0,0.0,0.0,0.0,0.0,0.0,0.0,0.0,0.0,-200.0,0.0,200.0,0.0,0.0,0.0,0.0,0.0,0.0,0.0,0.0,0.0,0.0,0.0,0.0,0.0,0.0,0.0,0.0,0.0,0.0,0.0,0.0,0.0,-1200.0,0.0,1200.0,0.0,0.0,0.0,0.0,0.0,0.0,0.0,0.0,0.0,0.0,0.0,0.0,0.0,0.0,0.0,0.0,0.0,1032.008056640625,0.0,87047.7734375,18546.4453125,-1628.401611328125,0.0,1628.3984375,0.0,-61.20867890889249,0.0,1.9063571691513062,0.0,TX
7725019,TX,4818,1.0935300588607788,4,0.0,592340.185546875,719308.654296875,3,1,137723.93389892578,0.0,537969.1875,0.0,0.0,0.0,0.0,0.0,-661.0,0.0,661.0,0.0,-760.0,0.0,760.0,0.0,0.0,0.0,0.0,0.0,0.0,0.0,0.0,0.0,0.0,0.0,0.0,0.0,0.0,0.0,0.0,0.0,0.0,0.0,0.0,0.0,0.0,0.0,0.0,0.0,0.0,0.0,0.0,0.0,0.0,0.0,0.0,0.0,-480.0,0.0,480.0,0.0,0.0,0.0,0.0,0.0,0.0,0.0,0.0,0.0,0.0,0.0,0.0,0.0,0.0,0.0,0.0,0.0,0.0,0.0,0.0,0.0,0.0,0.0,0.0,0.0,0.0,0.0,0.0,0.0,0.0,0.0,0.0,0.0,0.0,0.0,0.0,0.0,0.0,0.0,0.0,0.0,135822.93389892578,0.0,539870.1875,0.0,-1901.0,0.0,1901.0,0.0,-1.3802974880133216,0.0,0.3533659875392914,0.0,TX
7725020,TX,4818,0.950545072555542,2,0.0,171327.015625,226380.84375,2,0,32031.453125,0.0,246044.3125,50021.7734375,0.0,0.0,0.0,50021.7734375,-230.0,0.0,230.0,0.0,-418.0,0.0,418.0,0.0,0.0,0.0,0.0,0.0,0.0,0.0,0.0,0.0,0.0,0.0,0.0,0.0,0.0,0.0,0.0,0.0,0.0,0.0,0.0,0.0,0.0,0.0,0.0,0.0,0.0,0.0,0.0,0.0,0.0,0.0,0.0,0.0,-440.0,0.0,440.0,0.0,0.0,0.0,0.0,0.0,0.0,0.0,0.0,0.0,0.0,0.0,0.0,0.0,0.0,0.0,0.0,0.0,0.0,0.0,0.0,0.0,-1631.771484375,0.0,1631.78125,0.0,0.0,0.0,0.0,0.0,0.0,0.0,0.0,0.0,0.0,0.0,0.0,0.0,0.0,0.0,0.0,0.0,29311.681640625,0.0,248764.09375,50021.7734375,-2719.771484375,0.0,2719.78125,0.0,-8.490940057453294,0.0,1.1054030656814575,0.0,TX
7725021,TX,4818,0.8369765877723694,1,0.0,106560.046875,120649.671875,1,0,17796.478515625,0.0,126575.0234375,4463.80517578125,0.0,0.0,0.0,4463.80517578125,-115.0,0.0,115.0,0.0,-201.189453125,0.0,201.1875,0.0,0.0,0.0,0.0,0.0,0.0,0.0,0.0,0.0,0.0,0.0,0.0,0.0,0.0,0.0,0.0,0.0,0.0,0.0,0.0,0.0,0.0,0.0,0.0,0.0,0.0,0.0,0.0,0.0,0.0,0.0,0.0,0.0,-220.0,0.0,220.0,0.0,0.0,0.0,0.0,0.0,0.0,0.0,0.0,0.0,-314.623046875,0.0,314.625,0.0,0.0,0.0,0.0,0.0,0.0,0.0,0.0,0.0,0.0,0.0,0.0,0.0,0.0,0.0,0.0,0.0,0.0,0.0,0.0,0.0,0.0,0.0,0.0,0.0,0.0,0.0,0.0,0.0,16945.666015625,0.0,127425.8359375,4463.80517578125,-850.8125,0.0,850.8125,0.0,-4.780791319209592,0.0,0.6721804141998291,0.0,TX
7725022,TX,4818,125.468505859375,1,0.0,0.0,10114.400390625,1,0,0.0,0.0,56282.14453125,23083.87109375,0.0,0.0,0.0,23083.87109375,0.0,0.0,0.0,0.0,0.0,0.0,0.0,0.0,0.0,0.0,0.0,0.0,0.0,0.0,0.0,0.0,0.0,0.0,0.0,0.0,0.0,0.0,0.0,0.0,0.0,0.0,0.0,0.0,0.0,0.0,0.0,0.0,0.0,0.0,0.0,0.0,0.0,0.0,0.0,0.0,0.0,0.0,0.0,0.0,0.0,0.0,0.0,0.0,0.0,0.0,0.0,0.0,0.0,0.0,0.0,0.0,0.0,0.0,0.0,0.0,0.0,0.0,0.0,0.0,0.0,0.0,0.0,0.0,0.0,0.0,0.0,0.0,0.0,0.0,0.0,0.0,0.0,0.0,0.0,0.0,0.0,0.0,0.0,0.0,0.0,0.0,56282.14453125,23083.87109375,0.0,0.0,0.0,0.0,0.0,0.0,0.0,0.0,TX
7725023,TX,4818,39.02406692504883,1,0.0,0.0,0.0,1,0,0.0,0.0,31262.796875,15960.0185546875,0.0,0.0,0.0,15960.0185546875,0.0,0.0,0.0,0.0,0.0,0.0,0.0,0.0,0.0,0.0,0.0,0.0,0.0,0.0,0.0,0.0,0.0,0.0,0.0,0.0,0.0,0.0,0.0,0.0,0.0,0.0,0.0,0.0,0.0,0.0,0.0,0.0,0.0,0.0,0.0,0.0,0.0,0.0,0.0,0.0,0.0,0.0,0.0,0.0,0.0,0.0,0.0,0.0,0.0,0.0,0.0,0.0,0.0,0.0,0.0,0.0,0.0,0.0,0.0,0.0,0.0,0.0,0.0,0.0,0.0,0.0,0.0,0.0,0.0,0.0,0.0,0.0,0.0,0.0,0.0,0.0,0.0,0.0,0.0,0.0,0.0,0.0,0.0,0.0,0.0,0.0,31262.796875,15960.0185546875,0.0,0.0,0.0,0.0,0.0,0.0,0.0,0.0,TX
7725024,TX,4818,1329.634033203125,3,0.0,161157.33203125,161487.43359375,3,0,14892.70703125,0.0,147375.59375,0.0,0.0,0.0,0.0,0.0,-125.0,0.0,125.0,0.0,-436.9991455078125,0.0,437.0,0.0,0.0,0.0,0.0,0.0,0.0,0.0,0.0,0.0,0.0,0.0,0.0,0.0,0.0,0.0,0.0,0.0,0.0,0.0,0.0,0.0,0.0,0.0,0.0,0.0,0.0,0.0,0.0,0.0,0.0,0.0,0.0,0.0,0.0,0.0,0.0,0.0,0.0,0.0,0.0,0.0,0.0,0.0,0.0,0.0,0.0,0.0,0.0,0.0,0.0,0.0,0.0,0.0,-1804.24609375,0.0,1804.25,0.0,0.0,0.0,0.0,0.0,0.0,0.0,0.0,0.0,0.0,0.0,0.0,0.0,0.0,0.0,0.0,0.0,0.0,0.0,0.0,0.0,12526.461791992188,0.0,149741.84375,0.0,-2366.2452392578125,0.0,2366.25,0.0,-15.888617390328164,0.0,1.6055915355682373,0.0,TX
7725025,TX,4818,915.5477905273438,4,2.0,73534.578125,117075.25,4,0,3664.0361328125,0.0,115859.8203125,0.0,0.0,0.0,0.0,0.0,-10.0,0.0,10.0,0.0,-228.0,0.0,228.0,0.0,0.0,0.0,0.0,0.0,0.0,0.0,0.0,0.0,-400.0,0.0,400.0,0.0,0.0,0.0,0.0,0.0,0.0,0.0,0.0,0.0,0.0,0.0,0.0,0.0,0.0,0.0,0.0,0.0,0.0,0.0,0.0,0.0,-240.0,0.0,240.0,0.0,0.0,0.0,0.0,0.0,0.0,0.0,0.0,0.0,0.0,0.0,0.0,0.0,0.0,0.0,0.0,0.0,-256.74169921875,0.0,256.7421875,0.0,0.0,0.0,0.0,0.0,0.0,0.0,0.0,0.0,0.0,0.0,0.0,0.0,0.0,0.0,0.0,0.0,0.0,0.0,0.0,0.0,2529.29443359375,0.0,116994.5625,0.0,-1134.74169921875,0.0,1134.7421875,0.0,-30.969719131774138,0.0,0.9794095754623413,0.0,TX
7725026,TX,4818,141.72560119628906,1,0.0,0.0,24094.314453125,1,0,551.5451049804688,0.0,25678.095703125,2129.486328125,0.0,0.0,0.0,2129.486328125,0.0,0.0,0.0,0.0,-76.0,0.0,76.0,0.0,0.0,0.0,0.0,0.0,0.0,0.0,0.0,0.0,0.0,0.0,0.0,0.0,0.0,0.0,0.0,0.0,-381.11366271972656,0.0,381.11328125,0.0,0.0,0.0,0.0,0.0,0.0,0.0,0.0,0.0,0.0,0.0,0.0,0.0,0.0,0.0,0.0,0.0,0.0,0.0,0.0,0.0,0.0,0.0,0.0,0.0,0.0,0.0,0.0,0.0,0.0,0.0,0.0,0.0,0.0,0.0,0.0,0.0,-94.43144226074219,0.0,94.431640625,0.0,0.0,0.0,0.0,0.0,0.0,0.0,0.0,0.0,0.0,0.0,0.0,0.0,0.0,0.0,0.0,0.0,0.0,0.0,26229.640625,2129.486328125,-551.5451049804688,0.0,551.544921875,0.0,-100.0,0.0,2.1479198932647705,0.0,TX
7725027,TX,4818,0.7919461131095886,3,0.0,300391.015625,300402.625,3,0,50313.0703125,0.0,283656.875,11956.8173828125,20223.16015625,0.0,0.0,32179.9775390625,-292.0,0.0,292.0,0.0,-456.0,0.0,456.0,0.0,0.0,0.0,0.0,0.0,0.0,0.0,0.0,0.0,0.0,0.0,0.0,0.0,0.0,0.0,0.0,0.0,0.0,0.0,0.0,0.0,0.0,0.0,0.0,0.0,0.0,0.0,0.0,0.0,0.0,0.0,0.0,0.0,0.0,0.0,0.0,0.0,0.0,0.0,0.0,0.0,0.0,0.0,0.0,0.0,0.0,0.0,0.0,0.0,0.0,0.0,0.0,0.0,0.0,0.0,0.0,0.0,0.0,0.0,0.0,0.0,0.0,0.0,0.0,0.0,0.0,0.0,0.0,0.0,0.0,0.0,0.0,0.0,0.0,0.0,0.0,0.0,49565.0703125,0.0,284404.875,32179.9775390625,-748.0,0.0,748.0,0.0,-1.48669122228894,0.0,0.26369887590408325,0.0,TX
7725028,TX,4818,16.43733787536621,1,0.0,0.0,0.0,1,0,0.0,0.0,37230.72265625,21732.84375,0.0,0.0,0.0,21732.84375,0.0,0.0,0.0,0.0,0.0,0.0,0.0,0.0,0.0,0.0,0.0,0.0,0.0,0.0,0.0,0.0,0.0,0.0,0.0,0.0,0.0,0.0,0.0,0.0,0.0,0.0,0.0,0.0,0.0,0.0,0.0,0.0,0.0,0.0,0.0,0.0,0.0,0.0,0.0,0.0,0.0,0.0,0.0,0.0,0.0,0.0,0.0,0.0,0.0,0.0,0.0,0.0,0.0,0.0,0.0,0.0,0.0,0.0,0.0,0.0,0.0,0.0,0.0,0.0,0.0,0.0,0.0,0.0,0.0,0.0,0.0,0.0,0.0,0.0,0.0,0.0,0.0,0.0,0.0,0.0,0.0,0.0,0.0,0.0,0.0,0.0,37230.72265625,21732.84375,0.0,0.0,0.0,0.0,0.0,0.0,0.0,0.0,TX
7725029,TX,4818,1579.62939453125,4,2.0,554795.0625,554865.6875,4,0,121888.078125,0.0,413392.25,0.0,0.0,0.0,0.0,0.0,-749.0,0.0,749.0,0.0,-665.0078125,0.0,665.0,0.0,0.0,0.0,0.0,0.0,0.0,0.0,0.0,0.0,0.0,0.0,0.0,0.0,0.0,0.0,0.0,0.0,0.0,0.0,0.0,0.0,0.0,0.0,0.0,0.0,0.0,0.0,0.0,0.0,0.0,0.0,0.0,0.0,-700.0,0.0,700.0,0.0,0.0,0.0,0.0,0.0,0.0,0.0,0.0,0.0,0.0,0.0,0.0,0.0,0.0,0.0,0.0,0.0,0.0,0.0,0.0,0.0,0.0,0.0,0.0,0.0,0.0,0.0,0.0,0.0,0.0,0.0,0.0,0.0,0.0,0.0,0.0,0.0,0.0,0.0,0.0,0.0,119774.0703125,0.0,415506.25,0.0,-2114.0078125,0.0,2114.0,0.0,-1.734384400032971,0.0,0.5113787055015564,0.0,TX
7725030,TX,4818,0.7268435955047607,4,2.0,309944.0,319199.375,4,0,48057.98046875,0.0,270163.5,0.0,0.0,0.0,0.0,0.0,-292.0,0.0,292.0,0.0,0.0,0.0,0.0,0.0,0.0,0.0,0.0,0.0,0.0,0.0,0.0,0.0,-400.0,0.0,400.0,0.0,0.0,0.0,0.0,0.0,-1137.7578125,0.0,1137.75,0.0,0.0,0.0,0.0,0.0,0.0,0.0,0.0,0.0,0.0,0.0,0.0,0.0,0.0,0.0,0.0,0.0,0.0,0.0,0.0,0.0,0.0,0.0,0.0,0.0,-569.0546875,0.0,569.0625,0.0,0.0,0.0,0.0,0.0,0.0,0.0,0.0,0.0,0.0,0.0,0.0,0.0,0.0,0.0,0.0,0.0,0.0,0.0,0.0,0.0,0.0,0.0,0.0,0.0,0.0,0.0,0.0,0.0,45659.16796875,0.0,272562.3125,0.0,-2398.8125,0.0,2398.8125,0.0,-4.991496680889124,0.0,0.8879113793373108,0.0,TX
7725031,TX,4818,257.60723876953125,2,0.0,156233.1015625,173511.9921875,2,0,23341.466796875,0.0,141473.703125,0.0,0.0,0.0,0.0,0.0,-136.0,0.0,136.0,0.0,-341.9998779296875,0.0,342.0,0.0,0.0,0.0,0.0,0.0,0.0,0.0,0.0,0.0,0.0,0.0,0.0,0.0,0.0,0.0,0.0,0.0,-47.8125,0.0,47.8125,0.0,0.0,0.0,0.0,0.0,0.0,0.0,0.0,0.0,0.0,0.0,0.0,0.0,0.0,0.0,0.0,0.0,0.0,0.0,0.0,0.0,0.0,0.0,0.0,0.0,0.0,0.0,0.0,0.0,0.0,0.0,0.0,0.0,0.0,0.0,0.0,0.0,0.0,0.0,0.0,0.0,0.0,0.0,0.0,0.0,0.0,0.0,0.0,0.0,0.0,0.0,0.0,0.0,0.0,0.0,0.0,0.0,22815.654418945312,0.0,141999.515625,0.0,-525.8123779296875,0.0,525.8125,0.0,-2.2526963815319623,0.0,0.3716680109500885,0.0,TX
7725032,TX,4818,1219.9803466796875,2,0.0,154039.4921875,159474.5,2,0,17989.142578125,0.0,176739.90625,0.0,0.0,0.0,0.0,0.0,-230.0,0.0,230.0,0.0,-418.0,0.0,418.0,0.0,0.0,0.0,0.0,0.0,0.0,0.0,0.0,0.0,0.0,0.0,0.0,0.0,0.0,0.0,0.0,0.0,0.0,0.0,0.0,0.0,0.0,0.0,0.0,0.0,0.0,0.0,0.0,0.0,0.0,0.0,0.0,0.0,-440.0,0.0,440.0,0.0,0.0,0.0,0.0,0.0,0.0,0.0,0.0,0.0,0.0,0.0,0.0,0.0,0.0,0.0,0.0,0.0,0.0,0.0,0.0,0.0,0.0,0.0,0.0,0.0,0.0,0.0,0.0,0.0,0.0,0.0,0.0,0.0,0.0,0.0,0.0,0.0,0.0,0.0,0.0,0.0,16901.142578125,0.0,177827.90625,0.0,-1088.0,0.0,1088.0,0.0,-6.048092594046257,0.0,0.6155938506126404,0.0,TX
7725033,TX,4818,0.31663477420806885,1,0.0,46402.6328125,48476.59765625,1,0,3226.753662109375,0.0,54345.9609375,0.0,0.0,0.0,0.0,0.0,-5.0,0.0,5.0,0.0,0.0,0.0,0.0,0.0,0.0,0.0,0.0,0.0,0.0,0.0,0.0,0.0,0.0,0.0,0.0,0.0,0.0,0.0,0.0,0.0,0.0,0.0,0.0,0.0,0.0,0.0,0.0,0.0,0.0,0.0,0.0,0.0,0.0,0.0,0.0,0.0,0.0,0.0,0.0,0.0,0.0,0.0,0.0,0.0,0.0,0.0,0.0,0.0,0.0,0.0,0.0,0.0,0.0,0.0,0.0,0.0,0.0,0.0,0.0,0.0,0.0,0.0,0.0,0.0,0.0,0.0,0.0,0.0,0.0,0.0,0.0,0.0,0.0,0.0,0.0,0.0,0.0,0.0,0.0,0.0,3221.753662109375,0.0,54350.9609375,0.0,-5.0,0.0,5.0,0.0,-0.1549544998960791,0.0,0.009200315922498703,0.0,TX
7725034,TX,4818,0.11236552894115448,1,0.0,0.0,639755.3125,1,0,156604.453125,0.0,523160.5625,26158.595703125,0.0,0.0,0.0,26158.595703125,-362.25,0.0,362.25,0.0,-380.0,0.0,380.0,0.0,0.0,0.0,0.0,0.0,0.0,0.0,0.0,0.0,0.0,0.0,0.0,0.0,0.0,0.0,0.0,0.0,-2000.0,0.0,2000.0,0.0,0.0,0.0,0.0,0.0,0.0,0.0,0.0,0.0,0.0,0.0,0.0,0.0,0.0,0.0,0.0,0.0,0.0,0.0,0.0,0.0,0.0,0.0,0.0,0.0,0.0,0.0,0.0,0.0,0.0,0.0,0.0,0.0,0.0,0.0,0.0,0.0,0.0,0.0,0.0,0.0,0.0,0.0,0.0,0.0,0.0,0.0,0.0,0.0,0.0,0.0,0.0,0.0,0.0,0.0,0.0,0.0,153862.203125,0.0,525902.8125,26158.595703125,-2742.25,0.0,2742.25,0.0,-1.7510677029159352,0.0,0.5241698622703552,0.0,TX
7725035,TX,4818,198.51234436035156,2,0.0,0.0,4.136350989341736,2,0,0.0,0.0,41112.40234375,660.0,40446.3203125,0.0,0.0,41106.3203125,0.0,0.0,0.0,0.0,0.0,0.0,0.0,0.0,0.0,0.0,0.0,0.0,0.0,0.0,0.0,0.0,0.0,0.0,0.0,0.0,0.0,0.0,0.0,0.0,0.0,0.0,0.0,0.0,0.0,0.0,0.0,0.0,0.0,0.0,0.0,0.0,0.0,0.0,0.0,0.0,0.0,0.0,0.0,0.0,0.0,0.0,0.0,0.0,0.0,0.0,0.0,0.0,0.0,0.0,0.0,0.0,0.0,0.0,0.0,0.0,0.0,0.0,0.0,0.0,0.0,0.0,0.0,0.0,0.0,0.0,0.0,0.0,0.0,0.0,0.0,0.0,0.0,0.0,0.0,0.0,0.0,0.0,0.0,0.0,0.0,0.0,41112.40234375,41106.3203125,0.0,0.0,0.0,0.0,0.0,0.0,0.0,0.0,TX
7725036,TX,4818,2.7167320251464844,2,0.0,0.0,21.50902557373047,2,0,0.0,0.0,71513.3671875,35777.4296875,0.0,0.0,0.0,35777.4296875,0.0,0.0,0.0,0.0,0.0,0.0,0.0,0.0,0.0,0.0,0.0,0.0,0.0,0.0,0.0,0.0,0.0,0.0,0.0,0.0,0.0,0.0,0.0,0.0,0.0,0.0,0.0,0.0,0.0,0.0,0.0,0.0,0.0,0.0,0.0,0.0,0.0,0.0,0.0,0.0,0.0,0.0,0.0,0.0,0.0,0.0,0.0,0.0,0.0,0.0,0.0,0.0,0.0,0.0,0.0,0.0,0.0,0.0,0.0,0.0,0.0,0.0,0.0,0.0,0.0,0.0,0.0,0.0,0.0,0.0,0.0,0.0,0.0,0.0,0.0,0.0,0.0,0.0,0.0,0.0,0.0,0.0,0.0,0.0,0.0,0.0,71513.3671875,35777.4296875,0.0,0.0,0.0,0.0,0.0,0.0,0.0,0.0,TX
7725037,TX,4818,0.28859424591064453,2,1.0,60502.859375,60502.859375,2,0,2189.34326171875,0.0,57062.01171875,0.0,0.0,0.0,0.0,0.0,-7.0,0.0,7.0,0.0,-177.000244140625,0.0,177.0,0.0,0.0,0.0,0.0,0.0,0.0,0.0,0.0,0.0,-200.0,0.0,200.0,0.0,0.0,0.0,0.0,0.0,0.0,0.0,0.0,0.0,0.0,0.0,0.0,0.0,0.0,0.0,0.0,0.0,0.0,0.0,0.0,0.0,0.0,0.0,0.0,0.0,0.0,0.0,0.0,0.0,0.0,0.0,0.0,0.0,0.0,0.0,0.0,0.0,0.0,0.0,0.0,0.0,0.0,0.0,0.0,0.0,0.0,0.0,0.0,0.0,-504.55029296875,0.0,504.55078125,0.0,0.0,0.0,0.0,0.0,0.0,0.0,0.0,0.0,0.0,0.0,0.0,0.0,1300.792724609375,0.0,57950.5625,0.0,-888.550537109375,0.0,888.55078125,0.0,-40.58525461246383,0.0,1.5571669340133667,0.0,TX
7725038,TX,4818,0.11057779937982559,4,2.0,390805.291015625,302869.625,4,0,43971.11328125,0.0,319734.8125,0.0,0.0,0.0,0.0,0.0,-292.0,0.0,292.0,0.0,0.0,0.0,0.0,0.0,0.0,0.0,0.0,0.0,0.0,0.0,0.0,0.0,-400.0,0.0,400.0,0.0,0.0,0.0,0.0,0.0,0.0,0.0,0.0,0.0,0.0,0.0,0.0,0.0,0.0,0.0,0.0,0.0,0.0,0.0,0.0,0.0,0.0,0.0,0.0,0.0,0.0,0.0,0.0,0.0,0.0,0.0,0.0,0.0,0.0,0.0,0.0,0.0,0.0,0.0,0.0,0.0,0.0,0.0,0.0,0.0,0.0,0.0,0.0,0.0,0.0,0.0,0.0,0.0,0.0,0.0,0.0,0.0,0.0,0.0,0.0,0.0,0.0,0.0,0.0,0.0,43279.11328125,0.0,320426.8125,0.0,-692.0,0.0,692.0,0.0,-1.5737604721849972,0.0,0.21642935276031494,0.0,TX
7725039,TX,4818,0.3014495074748993,2,0.0,0.0,135031.65625,2,0,10877.3330078125,0.0,178624.796875,40936.0234375,0.0,0.0,0.0,40936.0234375,-10.0,0.0,10.0,0.0,-228.0,0.0,228.0,0.0,0.0,0.0,0.0,0.0,0.0,0.0,0.0,0.0,0.0,0.0,0.0,0.0,0.0,0.0,0.0,0.0,-79.830078125,0.0,79.828125,0.0,0.0,0.0,0.0,0.0,0.0,0.0,0.0,0.0,0.0,0.0,0.0,0.0,-156.2119140625,0.0,156.203125,0.0,0.0,0.0,0.0,0.0,0.0,0.0,0.0,0.0,0.0,0.0,0.0,0.0,0.0,0.0,0.0,0.0,0.0,0.0,0.0,0.0,-1440.0,0.0,1440.0,0.0,-190.6650390625,0.0,190.671875,0.0,0.0,0.0,0.0,0.0,0.0,0.0,0.0,0.0,0.0,0.0,0.0,0.0,8772.6259765625,0.0,180729.5,40936.0234375,-2104.70703125,0.0,2104.703125,0.0,-19.34947684086092,0.0,1.178281545639038,0.0,TX
7725040,TX,4818,62.71406173706055,1,0.0,4065.07958984375,4065.07958984375,0,1,0.0,0.0,10245.80859375,6491.70751953125,0.0,0.0,0.0,6491.70751953125,0.0,0.0,0.0,0.0,0.0,0.0,0.0,0.0,0.0,0.0,0.0,0.0,0.0,0.0,0.0,0.0,0.0,0.0,0.0,0.0,0.0,0.0,0.0,0.0,0.0,0.0,0.0,0.0,0.0,0.0,0.0,0.0,0.0,0.0,0.0,0.0,0.0,0.0,0.0,0.0,0.0,0.0,0.0,0.0,0.0,0.0,0.0,0.0,0.0,0.0,0.0,0.0,0.0,0.0,0.0,0.0,0.0,0.0,0.0,0.0,0.0,0.0,0.0,0.0,0.0,0.0,0.0,0.0,0.0,0.0,0.0,0.0,0.0,0.0,0.0,0.0,0.0,0.0,0.0,0.0,0.0,0.0,0.0,0.0,0.0,0.0,10245.80859375,6491.70751953125,0.0,0.0,0.0,0.0,0.0,0.0,0.0,0.0,TX
7725041,TX,4818,0.1353888362646103,2,0.0,550938.65625,576017.6875,2,0,129901.3125,0.0,469736.625,0.0,0.0,0.0,0.0,0.0,-749.0,0.0,749.0,0.0,-665.0,0.0,665.0,0.0,0.0,0.0,0.0,0.0,0.0,0.0,0.0,0.0,0.0,0.0,0.0,0.0,0.0,0.0,0.0,0.0,0.0,0.0,0.0,0.0,0.0,0.0,0.0,0.0,0.0,0.0,0.0,0.0,0.0,0.0,0.0,0.0,-700.0,0.0,700.0,0.0,0.0,0.0,0.0,0.0,0.0,0.0,0.0,0.0,0.0,0.0,0.0,0.0,0.0,0.0,0.0,0.0,0.0,0.0,0.0,0.0,0.0,0.0,0.0,0.0,0.0,0.0,0.0,0.0,0.0,0.0,0.0,0.0,0.0,0.0,0.0,0.0,0.0,0.0,0.0,0.0,127787.3125,0.0,471850.625,0.0,-2114.0,0.0,2114.0,0.0,-1.627389253669011,0.0,0.45003941655158997,0.0,TX
7725042,TX,4818,0.11385660618543625,3,0.0,155634.4765625,164205.52734375,0,3,13501.44189453125,0.0,146201.453125,0.0,0.0,3466.36962890625,0.0,3466.36962890625,-125.0,0.0,125.0,0.0,-433.5830078125,0.0,433.59375,0.0,0.0,0.0,0.0,0.0,0.0,0.0,0.0,0.0,0.0,0.0,0.0,0.0,0.0,0.0,0.0,0.0,0.0,0.0,0.0,0.0,0.0,0.0,0.0,0.0,0.0,0.0,0.0,0.0,0.0,0.0,0.0,0.0,-120.0,0.0,120.0,0.0,0.0,0.0,0.0,0.0,0.0,0.0,0.0,0.0,0.0,0.0,0.0,0.0,0.0,0.0,0.0,0.0,0.0,0.0,0.0,0.0,0.0,0.0,0.0,0.0,-218.876708984375,0.0,218.875,0.0,0.0,0.0,0.0,0.0,0.0,0.0,0.0,0.0,0.0,0.0,0.0,0.0,12603.982177734375,0.0,147098.921875,3466.36962890625,-897.459716796875,0.0,897.46875,0.0,-6.64713979297567,0.0,0.613857626914978,0.0,TX
7725043,TX,4818,0.00438175443559885,1,0.0,486315.3125,503895.875,1,0,139109.0,0.0,382806.15625,0.0,0.0,0.0,0.0,0.0,-362.25,0.0,362.25,0.0,-332.5,0.0,332.5,0.0,0.0,0.0,0.0,0.0,0.0,0.0,0.0,0.0,0.0,0.0,0.0,0.0,0.0,0.0,0.0,0.0,0.0,0.0,0.0,0.0,0.0,0.0,0.0,0.0,0.0,0.0,0.0,0.0,0.0,0.0,0.0,0.0,0.0,0.0,0.0,0.0,0.0,0.0,0.0,0.0,0.0,0.0,0.0,0.0,0.0,0.0,0.0,0.0,0.0,0.0,0.0,0.0,0.0,0.0,0.0,0.0,0.0,0.0,0.0,0.0,0.0,0.0,0.0,0.0,0.0,0.0,0.0,0.0,0.0,0.0,0.0,0.0,0.0,0.0,0.0,0.0,138414.25,0.0,383500.90625,0.0,-694.75,0.0,694.75,0.0,-0.4994285057041601,0.0,0.18148872256278992,0.0,TX
7725044,TX,4818,63.42914581298828,3,1.0,0.0,8.27270221710205,3,0,0.0,0.0,17183.115234375,1130.9622802734375,15774.64111328125,0.0,0.0,16905.603393554688,0.0,0.0,0.0,0.0,0.0,0.0,0.0,0.0,0.0,0.0,0.0,0.0,0.0,0.0,0.0,0.0,0.0,0.0,0.0,0.0,0.0,0.0,0.0,0.0,0.0,0.0,0.0,0.0,0.0,0.0,0.0,0.0,0.0,0.0,0.0,0.0,0.0,0.0,0.0,0.0,0.0,0.0,0.0,0.0,0.0,0.0,0.0,0.0,0.0,0.0,0.0,0.0,0.0,0.0,0.0,0.0,0.0,0.0,0.0,0.0,0.0,0.0,0.0,0.0,0.0,0.0,0.0,0.0,0.0,0.0,0.0,0.0,0.0,0.0,0.0,0.0,0.0,0.0,0.0,0.0,0.0,0.0,0.0,0.0,0.0,0.0,17183.115234375,16905.603393554688,0.0,0.0,0.0,0.0,0.0,0.0,0.0,0.0,TX
7725045,TX,4818,0.1617879420518875,3,0.0,365401.73828125,468391.70703125,3,0,83894.6201171875,0.0,361647.625,0.0,0.0,0.0,0.0,0.0,-418.7734375,0.0,418.78125,0.0,-570.0,0.0,570.0,0.0,0.0,0.0,0.0,0.0,0.0,0.0,0.0,0.0,0.0,0.0,0.0,0.0,0.0,0.0,0.0,0.0,0.0,0.0,0.0,0.0,0.0,0.0,0.0,0.0,0.0,0.0,0.0,0.0,0.0,0.0,0.0,0.0,0.0,0.0,0.0,0.0,0.0,0.0,0.0,0.0,0.0,0.0,0.0,0.0,0.0,0.0,0.0,0.0,0.0,0.0,0.0,0.0,0.0,0.0,0.0,0.0,0.0,0.0,0.0,0.0,0.0,0.0,0.0,0.0,0.0,0.0,0.0,0.0,0.0,0.0,0.0,0.0,0.0,0.0,0.0,0.0,82905.8466796875,0.0,362636.40625,0.0,-988.7734375,0.0,988.78125,0.0,-1.178589802443637,0.0,0.2734101414680481,0.0,TX
7725046,TX,4818,0.22591891884803772,4,1.0,122124.20703125,155981.4140625,4,0,10220.56005859375,0.0,152409.09375,0.0,0.0,0.0,0.0,0.0,-125.0,0.0,125.0,0.0,-437.0,0.0,437.0,0.0,0.0,0.0,0.0,0.0,0.0,0.0,0.0,0.0,-200.0,0.0,200.0,0.0,0.0,0.0,0.0,0.0,0.0,0.0,0.0,0.0,0.0,0.0,0.0,0.0,0.0,0.0,0.0,0.0,0.0,0.0,0.0,0.0,0.0,0.0,0.0,0.0,0.0,0.0,0.0,0.0,0.0,0.0,0.0,0.0,0.0,0.0,0.0,0.0,0.0,0.0,0.0,0.0,0.0,0.0,0.0,0.0,0.0,0.0,0.0,0.0,-282.42041015625,0.0,282.421875,0.0,0.0,0.0,0.0,0.0,0.0,0.0,0.0,0.0,0.0,0.0,0.0,0.0,9176.1396484375,0.0,153453.515625,0.0,-1044.42041015625,0.0,1044.421875,0.0,-10.21881779636988,0.0,0.6852753162384033,0.0,TX
7725047,TX,4818,0.11074037104845047,1,0.0,97857.359375,98910.4765625,1,0,13254.3046875,0.0,88126.40625,0.0,0.0,0.0,0.0,0.0,-115.0,0.0,115.0,0.0,-209.0,0.0,209.0,0.0,0.0,0.0,0.0,0.0,0.0,0.0,0.0,0.0,0.0,0.0,0.0,0.0,0.0,0.0,0.0,0.0,0.0,0.0,0.0,0.0,0.0,0.0,0.0,0.0,0.0,0.0,0.0,0.0,0.0,0.0,0.0,0.0,0.0,0.0,0.0,0.0,0.0,0.0,0.0,0.0,0.0,0.0,0.0,0.0,0.0,0.0,0.0,0.0,0.0,0.0,0.0,0.0,0.0,0.0,0.0,0.0,0.0,0.0,0.0,0.0,0.0,0.0,0.0,0.0,0.0,0.0,0.0,0.0,0.0,0.0,0.0,0.0,0.0,0.0,0.0,0.0,12930.3046875,0.0,88450.40625,0.0,-324.0,0.0,324.0,0.0,-2.444488848257435,0.0,0.3676537275314331,0.0,TX
7725048,TX,4818,145.1068572998047,1,0.0,0.0,0.0,1,0,0.0,0.0,37022.1796875,23602.818359375,0.0,0.0,0.0,23602.818359375,0.0,0.0,0.0,0.0,0.0,0.0,0.0,0.0,0.0,0.0,0.0,0.0,0.0,0.0,0.0,0.0,0.0,0.0,0.0,0.0,0.0,0.0,0.0,0.0,0.0,0.0,0.0,0.0,0.0,0.0,0.0,0.0,0.0,0.0,0.0,0.0,0.0,0.0,0.0,0.0,0.0,0.0,0.0,0.0,0.0,0.0,0.0,0.0,0.0,0.0,0.0,0.0,0.0,0.0,0.0,0.0,0.0,0.0,0.0,0.0,0.0,0.0,0.0,0.0,0.0,0.0,0.0,0.0,0.0,0.0,0.0,0.0,0.0,0.0,0.0,0.0,0.0,0.0,0.0,0.0,0.0,0.0,0.0,0.0,0.0,0.0,37022.1796875,23602.818359375,0.0,0.0,0.0,0.0,0.0,0.0,0.0,0.0,TX
7725049,TX,4818,0.10416018217802048,2,0.0,0.0,1759221.5,2,0,563125.8125,0.0,1274842.125,77407.640625,0.0,0.0,0.0,77407.640625,-734.0,0.0,734.0,0.0,-703.0,0.0,703.0,0.0,0.0,0.0,0.0,0.0,0.0,0.0,0.0,0.0,0.0,0.0,0.0,0.0,0.0,0.0,0.0,0.0,-1850.0,0.0,1850.0,0.0,0.0,0.0,0.0,0.0,0.0,0.0,0.0,0.0,0.0,0.0,0.0,0.0,0.0,0.0,0.0,0.0,0.0,0.0,0.0,0.0,0.0,0.0,0.0,0.0,0.0,0.0,0.0,0.0,0.0,0.0,0.0,0.0,0.0,0.0,0.0,0.0,0.0,0.0,0.0,0.0,0.0,0.0,0.0,0.0,0.0,0.0,0.0,0.0,0.0,0.0,0.0,0.0,0.0,0.0,0.0,0.0,559838.8125,0.0,1278129.125,77407.640625,-3287.0,0.0,3287.0,0.0,-0.5837061500355216,0.0,0.25783583521842957,0.0,TX
7725050,TX,4818,84.00596618652344,2,0.0,8724.685546875,8793.146725654602,1,1,0.0,0.0,11020.5986328125,0.0,0.0,0.0,0.0,0.0,0.0,0.0,0.0,0.0,0.0,0.0,0.0,0.0,0.0,0.0,0.0,0.0,0.0,0.0,0.0,0.0,0.0,0.0,0.0,0.0,0.0,0.0,0.0,0.0,0.0,0.0,0.0,0.0,0.0,0.0,0.0,0.0,0.0,0.0,0.0,0.0,0.0,0.0,0.0,0.0,0.0,0.0,0.0,0.0,0.0,0.0,0.0,0.0,0.0,0.0,0.0,0.0,0.0,0.0,0.0,0.0,0.0,0.0,0.0,0.0,0.0,0.0,0.0,0.0,0.0,0.0,0.0,0.0,0.0,0.0,0.0,0.0,0.0,0.0,0.0,0.0,0.0,0.0,0.0,0.0,0.0,0.0,0.0,0.0,0.0,0.0,11020.5986328125,0.0,0.0,0.0,0.0,0.0,0.0,0.0,0.0,0.0,TX
7725051,TX,4818,0.12299808859825134,2,0.0,137624.0625,140762.9375,2,0,13883.458984375,0.0,129525.984375,0.0,0.0,0.0,0.0,0.0,-230.0,0.0,230.0,0.0,-418.0,0.0,418.0,0.0,0.0,0.0,0.0,0.0,0.0,0.0,0.0,0.0,0.0,0.0,0.0,0.0,0.0,0.0,0.0,0.0,0.0,0.0,0.0,0.0,0.0,0.0,0.0,0.0,0.0,0.0,0.0,0.0,0.0,0.0,0.0,0.0,0.0,0.0,0.0,0.0,0.0,0.0,0.0,0.0,0.0,0.0,0.0,0.0,0.0,0.0,0.0,0.0,0.0,0.0,0.0,0.0,0.0,0.0,0.0,0.0,0.0,0.0,0.0,0.0,0.0,0.0,0.0,0.0,0.0,0.0,0.0,0.0,0.0,0.0,0.0,0.0,0.0,0.0,0.0,0.0,13235.458984375,0.0,130173.984375,0.0,-648.0,0.0,648.0,0.0,-4.667424744289482,0.0,0.5002857446670532,0.0,TX
7725052,TX,4818,0.12580540776252747,5,3.0,575885.359375,575885.375,5,0,129242.3828125,0.0,417136.0,0.0,0.0,0.0,0.0,0.0,-749.0,0.0,749.0,0.0,-665.0,0.0,665.0,0.0,0.0,0.0,0.0,0.0,0.0,0.0,0.0,0.0,0.0,0.0,0.0,0.0,0.0,0.0,0.0,0.0,0.0,0.0,0.0,0.0,0.0,0.0,0.0,0.0,0.0,0.0,0.0,0.0,0.0,0.0,0.0,0.0,-202.4140625,0.0,202.40625,0.0,0.0,0.0,0.0,0.0,0.0,0.0,0.0,0.0,0.0,0.0,0.0,0.0,0.0,0.0,0.0,0.0,0.0,0.0,0.0,0.0,0.0,0.0,0.0,0.0,0.0,0.0,0.0,0.0,0.0,0.0,0.0,0.0,0.0,0.0,0.0,0.0,0.0,0.0,0.0,0.0,127625.96875,0.0,418752.40625,0.0,-1616.4140625,0.0,1616.40625,0.0,-1.2506842007432135,0.0,0.3875010311603546,0.0,TX
7725053,TX,4818,716.6192016601562,2,0.0,0.0,0.8272702097892761,2,0,0.0,0.0,80120.84375,30976.66015625,40446.3203125,0.0,0.0,71422.98046875,0.0,0.0,0.0,0.0,0.0,0.0,0.0,0.0,0.0,0.0,0.0,0.0,0.0,0.0,0.0,0.0,0.0,0.0,0.0,0.0,0.0,0.0,0.0,0.0,0.0,0.0,0.0,0.0,0.0,0.0,0.0,0.0,0.0,0.0,0.0,0.0,0.0,0.0,0.0,0.0,0.0,0.0,0.0,0.0,0.0,0.0,0.0,0.0,0.0,0.0,0.0,0.0,0.0,0.0,0.0,0.0,0.0,0.0,0.0,0.0,0.0,0.0,0.0,0.0,0.0,0.0,0.0,0.0,0.0,0.0,0.0,0.0,0.0,0.0,-3110.21875,-3110.216796875,0.0,0.0,0.0,0.0,0.0,0.0,0.0,0.0,0.0,0.0,77010.625,68312.763671875,0.0,0.0,-3110.21875,-3110.216796875,0.0,0.0,-3.8819096088409424,-4.354644368608821,TX
7725054,TX,4818,110.6078872680664,1,0.0,0.0,421.90777587890625,1,0,0.0,0.0,44627.47265625,23080.142578125,0.0,0.0,0.0,23080.142578125,0.0,0.0,0.0,0.0,0.0,0.0,0.0,0.0,0.0,0.0,0.0,0.0,0.0,0.0,0.0,0.0,0.0,0.0,0.0,0.0,0.0,0.0,0.0,0.0,0.0,0.0,0.0,0.0,0.0,0.0,0.0,0.0,0.0,0.0,0.0,0.0,0.0,0.0,0.0,0.0,0.0,0.0,0.0,0.0,0.0,0.0,0.0,0.0,0.0,0.0,0.0,0.0,0.0,0.0,0.0,0.0,0.0,0.0,0.0,0.0,0.0,0.0,0.0,0.0,0.0,0.0,0.0,0.0,0.0,0.0,0.0,0.0,0.0,0.0,0.0,0.0,0.0,0.0,0.0,0.0,0.0,0.0,0.0,0.0,0.0,0.0,44627.47265625,23080.142578125,0.0,0.0,0.0,0.0,0.0,0.0,0.0,0.0,TX
7725055,TX,4818,0.11976731568574905,2,0.0,338333.203125,430381.125,2,0,83964.953125,0.0,402925.78125,0.0,0.0,0.0,0.0,0.0,-292.0,0.0,292.0,0.0,-456.0,0.0,456.0,0.0,0.0,0.0,0.0,0.0,0.0,0.0,0.0,0.0,0.0,0.0,0.0,0.0,0.0,0.0,0.0,0.0,-159.6640625,0.0,159.65625,0.0,0.0,0.0,0.0,0.0,0.0,0.0,0.0,0.0,0.0,0.0,0.0,0.0,-55.5546875,0.0,55.5625,0.0,0.0,0.0,0.0,0.0,0.0,0.0,0.0,0.0,0.0,0.0,0.0,0.0,0.0,0.0,0.0,0.0,0.0,0.0,0.0,0.0,0.0,0.0,0.0,0.0,0.0,0.0,0.0,0.0,0.0,0.0,0.0,0.0,0.0,0.0,0.0,0.0,0.0,0.0,0.0,0.0,83001.734375,0.0,403889.0,0.0,-963.21875,0.0,963.21875,0.0,-1.1471676147618883,0.0,0.23905611038208008,0.0,TX
7725056,TX,4818,0.10888857394456863,2,1.0,1268907.5,1306257.875,2,0,430102.71875,0.0,872365.6875,23542.736328125,0.0,0.0,0.0,23542.736328125,-378.4375,0.0,378.4375,0.0,-545.75,0.0,545.75,0.0,0.0,0.0,0.0,0.0,0.0,0.0,0.0,0.0,0.0,0.0,0.0,0.0,0.0,0.0,0.0,0.0,-1850.0,0.0,1850.0,0.0,0.0,0.0,0.0,0.0,0.0,0.0,0.0,0.0,0.0,0.0,0.0,0.0,0.0,0.0,0.0,0.0,0.0,0.0,0.0,0.0,0.0,0.0,0.0,0.0,0.0,0.0,0.0,0.0,0.0,0.0,0.0,0.0,0.0,0.0,0.0,0.0,0.0,0.0,0.0,0.0,0.0,0.0,0.0,0.0,0.0,0.0,0.0,0.0,0.0,0.0,0.0,0.0,0.0,0.0,0.0,0.0,427328.53125,0.0,875139.875,23542.736328125,-2774.1875,0.0,2774.1875,0.0,-0.645005804209416,0.0,0.3180074095726013,0.0,TX
7725057,TX,4818,0.11832994222640991,2,0.0,11266.7470703125,245081.5625,2,0,35455.15625,0.0,295512.59375,70628.2109375,0.0,0.0,0.0,70628.2109375,-230.0,0.0,230.0,0.0,-418.0,0.0,418.0,0.0,0.0,0.0,0.0,0.0,0.0,0.0,0.0,0.0,0.0,0.0,0.0,0.0,0.0,0.0,0.0,0.0,0.0,0.0,0.0,0.0,0.0,0.0,0.0,0.0,0.0,0.0,0.0,0.0,0.0,0.0,0.0,0.0,-440.0,0.0,440.0,0.0,0.0,0.0,0.0,0.0,0.0,0.0,0.0,0.0,0.0,0.0,0.0,0.0,0.0,0.0,0.0,0.0,0.0,0.0,0.0,0.0,-1384.921875,0.0,1384.90625,0.0,0.0,0.0,0.0,0.0,0.0,0.0,0.0,0.0,0.0,0.0,0.0,0.0,0.0,0.0,0.0,0.0,32982.234375,0.0,297985.5,70628.2109375,-2472.921875,0.0,2472.90625,0.0,-6.9747876939620035,0.0,0.8368192315101624,0.0,TX
7725058,TX,4818,0.12002819031476974,4,2.0,646071.609375,653095.8125,4,0,152501.3125,0.0,485298.25,0.0,0.0,0.0,0.0,0.0,-749.0,0.0,749.0,0.0,0.0,0.0,0.0,0.0,0.0,0.0,0.0,0.0,0.0,0.0,0.0,0.0,0.0,0.0,0.0,0.0,0.0,0.0,0.0,0.0,0.0,0.0,0.0,0.0,0.0,0.0,0.0,0.0,0.0,0.0,0.0,0.0,0.0,0.0,0.0,0.0,0.0,0.0,0.0,0.0,0.0,0.0,0.0,0.0,0.0,0.0,0.0,0.0,0.0,0.0,0.0,0.0,0.0,0.0,0.0,0.0,0.0,0.0,0.0,0.0,0.0,0.0,0.0,0.0,0.0,0.0,0.0,0.0,0.0,0.0,0.0,0.0,0.0,0.0,0.0,0.0,0.0,0.0,0.0,0.0,151752.3125,0.0,486047.25,0.0,-749.0,0.0,749.0,0.0,-0.4911433139304948,0.0,0.154338076710701,0.0,TX
7725059,TX,4818,743.300048828125,2,0.0,0.0,0.0,2,0,0.0,0.0,55620.66015625,15174.3388671875,40446.3203125,0.0,0.0,55620.6591796875,0.0,0.0,0.0,0.0,0.0,0.0,0.0,0.0,0.0,0.0,0.0,0.0,0.0,0.0,0.0,0.0,0.0,0.0,0.0,0.0,0.0,0.0,0.0,0.0,0.0,0.0,0.0,0.0,0.0,0.0,0.0,0.0,0.0,0.0,0.0,0.0,0.0,0.0,0.0,0.0,0.0,0.0,0.0,0.0,0.0,0.0,0.0,0.0,0.0,0.0,0.0,0.0,0.0,0.0,0.0,0.0,0.0,0.0,0.0,0.0,0.0,0.0,0.0,0.0,0.0,0.0,0.0,0.0,0.0,0.0,0.0,0.0,0.0,0.0,0.0,0.0,0.0,0.0,0.0,0.0,0.0,0.0,0.0,0.0,0.0,0.0,55620.66015625,55620.6591796875,0.0,0.0,0.0,0.0,0.0,0.0,0.0,0.0,TX
7725060,TX,4818,0.31687816977500916,4,1.0,53928.98046875,93028.60546875,4,0,4280.40478515625,0.0,89975.296875,0.0,0.0,0.0,0.0,0.0,-15.0,0.0,15.0,0.0,-342.0001220703125,0.0,342.0,0.0,0.0,0.0,0.0,0.0,0.0,0.0,0.0,0.0,0.0,0.0,0.0,0.0,0.0,0.0,0.0,0.0,0.0,0.0,0.0,0.0,0.0,0.0,0.0,0.0,0.0,0.0,0.0,0.0,0.0,0.0,0.0,0.0,-52.279296874999545,0.0,52.2734375,0.0,0.0,0.0,0.0,0.0,0.0,0.0,0.0,0.0,0.0,0.0,0.0,0.0,0.0,0.0,0.0,0.0,-220.064453125,0.0,220.0703125,0.0,0.0,0.0,0.0,0.0,0.0,0.0,0.0,0.0,0.0,0.0,0.0,0.0,0.0,0.0,0.0,0.0,0.0,0.0,0.0,0.0,3651.060913085938,0.0,90604.640625,0.0,-629.343872070312,0.0,629.34375,0.0,-14.70290553484041,0.0,0.6994628310203552,0.0,TX
7725061,TX,4818,0.23249776661396027,2,0.0,155439.21875,156536.15625,2,0,17397.927734375,0.0,137247.5,0.0,0.0,0.0,0.0,0.0,-230.0,0.0,230.0,0.0,-418.0,0.0,418.0,0.0,0.0,0.0,0.0,0.0,0.0,0.0,0.0,0.0,0.0,0.0,0.0,0.0,0.0,0.0,0.0,0.0,0.0,0.0,0.0,0.0,0.0,0.0,0.0,0.0,0.0,0.0,0.0,0.0,0.0,0.0,0.0,0.0,-440.001953125,0.0,440.0,0.0,0.0,0.0,0.0,0.0,0.0,0.0,0.0,0.0,0.0,0.0,0.0,0.0,0.0,0.0,0.0,0.0,0.0,0.0,0.0,0.0,0.0,0.0,0.0,0.0,0.0,0.0,0.0,0.0,0.0,0.0,0.0,0.0,0.0,0.0,0.0,0.0,0.0,0.0,0.0,0.0,16309.92578125,0.0,138335.5,0.0,-1088.001953125,0.0,1088.0,0.0,-6.253629568625664,0.0,0.7927284836769104,0.0,TX
7725062,TX,4818,334.30072021484375,1,0.0,0.0,2.858635663986206,1,0,0.0,0.0,33445.31640625,12857.291015625,20223.16015625,0.0,0.0,33080.451171875,0.0,0.0,0.0,0.0,0.0,0.0,0.0,0.0,0.0,0.0,0.0,0.0,0.0,0.0,0.0,0.0,0.0,0.0,0.0,0.0,0.0,0.0,0.0,0.0,0.0,0.0,0.0,0.0,0.0,0.0,0.0,0.0,0.0,0.0,0.0,0.0,0.0,0.0,0.0,0.0,0.0,0.0,0.0,0.0,0.0,0.0,0.0,0.0,0.0,0.0,0.0,0.0,0.0,0.0,0.0,0.0,0.0,0.0,0.0,0.0,0.0,0.0,0.0,0.0,0.0,0.0,0.0,0.0,0.0,0.0,0.0,0.0,0.0,0.0,0.0,0.0,0.0,0.0,0.0,0.0,0.0,0.0,0.0,0.0,0.0,0.0,33445.31640625,33080.451171875,0.0,0.0,0.0,0.0,0.0,0.0,0.0,0.0,TX
7725063,TX,4818,0.14923030138015747,4,2.0,465921.6875,478297.65625,4,0,97455.5390625,0.0,396560.75,0.0,0.0,0.0,0.0,0.0,-764.0,0.0,764.0,0.0,-608.0,0.0,608.0,0.0,0.0,0.0,0.0,0.0,0.0,0.0,0.0,0.0,-400.0,0.0,400.0,0.0,0.0,0.0,0.0,0.0,0.0,0.0,0.0,0.0,0.0,0.0,0.0,0.0,0.0,0.0,0.0,0.0,0.0,0.0,0.0,0.0,0.0,0.0,0.0,0.0,0.0,0.0,0.0,0.0,0.0,0.0,0.0,0.0,0.0,0.0,0.0,0.0,0.0,0.0,0.0,0.0,0.0,0.0,0.0,0.0,0.0,0.0,0.0,0.0,0.0,0.0,0.0,0.0,0.0,0.0,0.0,0.0,0.0,0.0,0.0,0.0,0.0,0.0,0.0,0.0,95683.5390625,0.0,398332.75,0.0,-1772.0,0.0,1772.0,0.0,-1.8182650437791783,0.0,0.4468420147895813,0.0,TX
7725064,TX,4818,86.2433090209961,2,0.0,0.0,-60.975006103515625,1,1,0.0,0.0,37329.00390625,22864.390625,0.0,0.0,0.0,22864.390625,0.0,0.0,0.0,0.0,0.0,0.0,0.0,0.0,0.0,0.0,0.0,0.0,0.0,0.0,0.0,0.0,0.0,0.0,0.0,0.0,0.0,0.0,0.0,0.0,0.0,0.0,0.0,0.0,0.0,0.0,0.0,0.0,0.0,0.0,0.0,0.0,0.0,0.0,0.0,0.0,0.0,0.0,0.0,0.0,0.0,0.0,0.0,0.0,0.0,0.0,0.0,0.0,0.0,0.0,0.0,0.0,0.0,0.0,0.0,0.0,0.0,0.0,0.0,0.0,0.0,0.0,0.0,0.0,0.0,0.0,0.0,0.0,0.0,0.0,0.0,0.0,0.0,0.0,0.0,0.0,0.0,0.0,0.0,0.0,0.0,0.0,37329.00390625,22864.390625,0.0,0.0,0.0,0.0,0.0,0.0,0.0,0.0,TX
7725065,TX,4818,0.10330653190612793,3,0.0,52265.30859375,117115.34375,3,0,8375.71875,0.0,99817.875,0.0,0.0,0.0,0.0,0.0,-10.0,0.0,10.0,0.0,-228.0,0.0,228.0,0.0,0.0,0.0,0.0,0.0,0.0,0.0,0.0,0.0,0.0,0.0,0.0,0.0,0.0,0.0,0.0,0.0,0.0,0.0,0.0,0.0,0.0,0.0,0.0,0.0,0.0,0.0,0.0,0.0,0.0,0.0,0.0,0.0,0.0,0.0,0.0,0.0,0.0,0.0,0.0,0.0,0.0,0.0,0.0,0.0,0.0,0.0,0.0,0.0,0.0,0.0,0.0,0.0,0.0,0.0,0.0,0.0,0.0,0.0,0.0,0.0,0.0,0.0,0.0,0.0,0.0,0.0,0.0,0.0,0.0,0.0,0.0,0.0,0.0,0.0,0.0,0.0,8137.71875,0.0,100055.875,0.0,-238.0,0.0,238.0,0.0,-2.8415471806524066,0.0,0.23843425512313843,0.0,TX
7725066,TX,4818,0.11644776165485382,1,0.0,130945.4921875,134405.578125,1,0,21345.919921875,0.0,113047.671875,0.0,0.0,0.0,0.0,0.0,-131.0,0.0,131.0,0.0,-228.0,0.0,228.0,0.0,0.0,0.0,0.0,0.0,0.0,0.0,0.0,0.0,0.0,0.0,0.0,0.0,0.0,0.0,0.0,0.0,0.0,0.0,0.0,0.0,0.0,0.0,0.0,0.0,0.0,0.0,0.0,0.0,0.0,0.0,0.0,0.0,0.0,0.0,0.0,0.0,0.0,0.0,0.0,0.0,0.0,0.0,0.0,0.0,0.0,0.0,0.0,0.0,0.0,0.0,0.0,0.0,0.0,0.0,0.0,0.0,0.0,0.0,0.0,0.0,0.0,0.0,0.0,0.0,0.0,0.0,0.0,0.0,0.0,0.0,0.0,0.0,0.0,0.0,0.0,0.0,20986.919921875,0.0,113406.671875,0.0,-359.0,0.0,359.0,0.0,-1.6818202322219988,0.0,0.3175651431083679,0.0,TX
7725067,TX,4818,186.98712158203125,2,0.0,0.0,2084.720947265625,2,0,0.0,0.0,62498.09375,29716.1640625,0.0,0.0,0.0,29716.1640625,0.0,0.0,0.0,0.0,0.0,0.0,0.0,0.0,0.0,0.0,0.0,0.0,0.0,0.0,0.0,0.0,0.0,0.0,0.0,0.0,0.0,0.0,0.0,0.0,0.0,0.0,0.0,0.0,0.0,0.0,0.0,0.0,0.0,0.0,0.0,0.0,0.0,0.0,0.0,0.0,0.0,0.0,0.0,0.0,0.0,0.0,0.0,0.0,0.0,0.0,0.0,0.0,0.0,0.0,0.0,0.0,0.0,0.0,0.0,0.0,0.0,0.0,0.0,0.0,0.0,0.0,0.0,0.0,0.0,0.0,0.0,0.0,0.0,0.0,0.0,0.0,0.0,0.0,0.0,0.0,0.0,0.0,0.0,0.0,0.0,0.0,62498.09375,29716.1640625,0.0,0.0,0.0,0.0,0.0,0.0,0.0,0.0,TX
7725068,TX,4818,0.42261746525764465,1,0.0,0.0,1489.50341796875,1,0,0.0,0.0,57466.96875,28116.134765625,0.0,0.0,0.0,28116.134765625,0.0,0.0,0.0,0.0,0.0,0.0,0.0,0.0,0.0,0.0,0.0,0.0,0.0,0.0,0.0,0.0,0.0,0.0,0.0,0.0,0.0,0.0,0.0,0.0,0.0,0.0,0.0,0.0,0.0,0.0,0.0,0.0,0.0,0.0,0.0,0.0,0.0,0.0,0.0,0.0,0.0,0.0,0.0,0.0,0.0,0.0,0.0,0.0,0.0,0.0,0.0,0.0,0.0,0.0,0.0,0.0,0.0,0.0,0.0,0.0,0.0,0.0,0.0,0.0,0.0,0.0,0.0,0.0,0.0,0.0,0.0,0.0,0.0,0.0,0.0,0.0,0.0,0.0,0.0,0.0,0.0,0.0,0.0,0.0,0.0,0.0,57466.96875,28116.134765625,0.0,0.0,0.0,0.0,0.0,0.0,0.0,0.0,TX
7725069,TX,4818,10.419510841369629,1,0.0,1672.489990234375,1672.489990234375,1,0,0.0,0.0,64475.1015625,22521.400390625,0.0,18175.439453125,0.0,40696.83984375,0.0,0.0,0.0,0.0,0.0,0.0,0.0,0.0,0.0,0.0,0.0,0.0,0.0,0.0,0.0,0.0,0.0,0.0,0.0,0.0,0.0,0.0,0.0,0.0,0.0,0.0,0.0,0.0,0.0,0.0,0.0,0.0,0.0,0.0,0.0,0.0,0.0,0.0,0.0,0.0,0.0,0.0,0.0,0.0,0.0,0.0,0.0,0.0,0.0,0.0,0.0,0.0,0.0,0.0,0.0,0.0,0.0,0.0,0.0,0.0,0.0,0.0,0.0,0.0,0.0,0.0,0.0,0.0,0.0,0.0,0.0,0.0,0.0,0.0,0.0,0.0,0.0,0.0,0.0,0.0,0.0,0.0,0.0,0.0,0.0,0.0,64475.1015625,40696.83984375,0.0,0.0,0.0,0.0,0.0,0.0,0.0,0.0,TX
7725070,TX,4818,68.79642486572266,1,0.0,0.0,1601.4466552734375,1,0,0.0,0.0,49495.65625,23947.10546875,0.0,0.0,0.0,23947.10546875,0.0,0.0,0.0,0.0,0.0,0.0,0.0,0.0,0.0,0.0,0.0,0.0,0.0,0.0,0.0,0.0,0.0,0.0,0.0,0.0,0.0,0.0,0.0,0.0,0.0,0.0,0.0,0.0,0.0,0.0,0.0,0.0,0.0,0.0,0.0,0.0,0.0,0.0,0.0,0.0,0.0,0.0,0.0,0.0,0.0,0.0,0.0,0.0,0.0,0.0,0.0,0.0,0.0,0.0,0.0,0.0,0.0,0.0,0.0,0.0,0.0,0.0,0.0,0.0,0.0,0.0,0.0,0.0,0.0,0.0,0.0,0.0,0.0,0.0,0.0,0.0,0.0,0.0,0.0,0.0,0.0,0.0,0.0,0.0,0.0,0.0,49495.65625,23947.10546875,0.0,0.0,0.0,0.0,0.0,0.0,0.0,0.0,TX
7725071,TX,4818,0.08956344425678253,2,0.0,0.0,67978.6953125,2,0,2217.968505859375,0.0,136685.4375,47477.8515625,0.0,0.0,0.0,47477.8515625,0.0,0.0,0.0,0.0,-190.0,0.0,190.0,0.0,0.0,0.0,0.0,0.0,0.0,0.0,0.0,0.0,0.0,0.0,0.0,0.0,0.0,0.0,0.0,0.0,0.0,0.0,0.0,0.0,0.0,0.0,0.0,0.0,0.0,0.0,0.0,0.0,0.0,0.0,0.0,0.0,0.0,0.0,0.0,0.0,0.0,0.0,0.0,0.0,0.0,0.0,0.0,0.0,0.0,0.0,0.0,0.0,0.0,0.0,0.0,0.0,0.0,0.0,0.0,0.0,-1199.9999389648438,0.0,1200.0,0.0,0.0,0.0,0.0,0.0,0.0,0.0,0.0,0.0,0.0,0.0,0.0,0.0,0.0,0.0,0.0,0.0,827.9685668945312,0.0,138075.4375,47477.8515625,-1389.9999389648438,0.0,1390.0,0.0,-62.669958355710456,0.0,1.0169334411621094,0.0,TX
7725072,TX,4818,0.17078879475593567,4,2.0,376177.3359375,376303.09375,4,0,64533.5234375,0.0,293646.3125,0.0,0.0,0.0,0.0,0.0,-292.0,0.0,292.0,0.0,-456.0,0.0,456.0,0.0,0.0,0.0,0.0,0.0,0.0,0.0,0.0,0.0,-400.0,0.0,400.0,0.0,0.0,0.0,0.0,0.0,0.0,0.0,0.0,0.0,0.0,0.0,0.0,0.0,0.0,0.0,0.0,0.0,0.0,0.0,0.0,0.0,0.0,0.0,0.0,0.0,0.0,0.0,0.0,0.0,0.0,0.0,0.0,0.0,0.0,0.0,0.0,0.0,0.0,0.0,0.0,0.0,0.0,0.0,0.0,0.0,0.0,0.0,0.0,0.0,0.0,0.0,0.0,0.0,0.0,0.0,0.0,0.0,0.0,0.0,0.0,0.0,0.0,0.0,0.0,0.0,63385.5234375,0.0,294794.3125,0.0,-1148.0,0.0,1148.0,0.0,-1.7789203794394168,0.0,0.39094650745391846,0.0,TX
7725073,TX,4818,215.2702178955078,1,0.0,0.0,0.0,1,0,0.0,0.0,46657.0859375,15918.16796875,20223.16015625,0.0,0.0,36141.328125,0.0,0.0,0.0,0.0,0.0,0.0,0.0,0.0,0.0,0.0,0.0,0.0,0.0,0.0,0.0,0.0,0.0,0.0,0.0,0.0,0.0,0.0,0.0,0.0,0.0,0.0,0.0,0.0,0.0,0.0,0.0,0.0,0.0,0.0,0.0,0.0,0.0,0.0,0.0,0.0,0.0,0.0,0.0,0.0,0.0,0.0,0.0,0.0,0.0,0.0,0.0,0.0,0.0,0.0,0.0,0.0,0.0,0.0,0.0,0.0,0.0,0.0,0.0,0.0,0.0,0.0,0.0,0.0,0.0,0.0,0.0,0.0,0.0,0.0,0.0,0.0,0.0,0.0,0.0,0.0,0.0,0.0,0.0,0.0,0.0,0.0,46657.0859375,36141.328125,0.0,0.0,0.0,0.0,0.0,0.0,0.0,0.0,TX
7725074,TX,4818,0.13344837725162506,2,0.0,0.0,107865.7578125,2,0,7731.3935546875,0.0,143041.9375,36622.03515625,0.0,0.0,0.0,36622.03515625,-10.0,0.0,10.0,0.0,-228.0,0.0,228.0,0.0,0.0,0.0,0.0,0.0,0.0,0.0,0.0,0.0,0.0,0.0,0.0,0.0,0.0,0.0,0.0,0.0,0.0,0.0,0.0,0.0,0.0,0.0,0.0,0.0,0.0,0.0,0.0,0.0,0.0,0.0,0.0,0.0,0.0,0.0,0.0,0.0,0.0,0.0,0.0,0.0,0.0,0.0,0.0,0.0,0.0,0.0,0.0,0.0,0.0,0.0,0.0,0.0,0.0,0.0,0.0,0.0,-1440.0,0.0,1440.0,0.0,0.0,0.0,0.0,0.0,0.0,0.0,0.0,0.0,0.0,0.0,0.0,0.0,0.0,0.0,0.0,0.0,6053.3935546875,0.0,144719.9375,36622.03515625,-1678.0,0.0,1678.0,0.0,-21.703719880908636,0.0,1.1730825901031494,0.0,TX
7725075,TX,4818,87.80218505859375,1,0.0,0.0,0.0,1,0,0.0,0.0,23966.21484375,3743.05419921875,20223.16015625,0.0,0.0,23966.21435546875,0.0,0.0,0.0,0.0,0.0,0.0,0.0,0.0,0.0,0.0,0.0,0.0,0.0,0.0,0.0,0.0,0.0,0.0,0.0,0.0,0.0,0.0,0.0,0.0,0.0,0.0,0.0,0.0,0.0,0.0,0.0,0.0,0.0,0.0,0.0,0.0,0.0,0.0,0.0,0.0,0.0,0.0,0.0,0.0,0.0,0.0,0.0,0.0,0.0,0.0,0.0,0.0,0.0,0.0,0.0,0.0,0.0,0.0,0.0,0.0,0.0,0.0,0.0,0.0,0.0,0.0,0.0,0.0,0.0,0.0,0.0,0.0,0.0,0.0,0.0,0.0,0.0,0.0,0.0,0.0,0.0,0.0,0.0,0.0,0.0,0.0,23966.21484375,23966.21435546875,0.0,0.0,0.0,0.0,0.0,0.0,0.0,0.0,TX
7725076,TX,4818,0.30354201793670654,2,0.0,153797.1875,198866.09375,2,0,25983.5859375,0.0,223257.46875,51156.40625,0.0,0.0,0.0,51156.40625,-230.0,0.0,230.0,0.0,-418.0,0.0,418.0,0.0,0.0,0.0,0.0,0.0,0.0,0.0,0.0,0.0,0.0,0.0,0.0,0.0,0.0,0.0,0.0,0.0,0.0,0.0,0.0,0.0,0.0,0.0,0.0,0.0,0.0,0.0,0.0,0.0,0.0,0.0,0.0,0.0,0.0,0.0,0.0,0.0,0.0,0.0,0.0,0.0,0.0,0.0,0.0,0.0,0.0,0.0,0.0,0.0,0.0,0.0,0.0,0.0,0.0,0.0,0.0,0.0,-1994.966796875,0.0,1994.96875,0.0,-694.828125,0.0,694.8125,0.0,0.0,0.0,0.0,0.0,0.0,0.0,0.0,0.0,0.0,0.0,0.0,0.0,22645.791015625,0.0,226595.25,51156.40625,-3337.794921875,0.0,3337.78125,0.0,-12.845782448595102,0.0,1.4950367212295532,0.0,TX
7725077,TX,4818,0.23046016693115234,4,2.0,144503.6932373047,130699.671875,3,1,10741.927734375,0.0,133250.65625,0.0,0.0,0.0,0.0,0.0,-189.966796875,0.0,189.96875,0.0,-228.0,0.0,228.0,0.0,0.0,0.0,0.0,0.0,0.0,0.0,0.0,0.0,0.0,0.0,0.0,0.0,0.0,0.0,0.0,0.0,0.0,0.0,0.0,0.0,0.0,0.0,0.0,0.0,0.0,0.0,0.0,0.0,0.0,0.0,0.0,0.0,-240.0,0.0,240.0,0.0,0.0,0.0,0.0,0.0,0.0,0.0,0.0,0.0,0.0,0.0,0.0,0.0,0.0,0.0,0.0,0.0,0.0,0.0,0.0,0.0,0.0,0.0,0.0,0.0,-59.015625,0.0,59.03125,0.0,0.0,0.0,0.0,0.0,0.0,0.0,0.0,0.0,0.0,0.0,0.0,0.0,10024.9453125,0.0,133967.65625,0.0,-716.982421875,0.0,717.0,0.0,-6.6746159498038775,0.0,0.5380836129188538,0.0,TX
7725078,TX,4818,0.25531744956970215,4,0.0,88442.08984375,88034.73046875,3,1,2993.6220703125,0.0,108709.8125,0.0,0.0,0.0,0.0,0.0,-5.0,0.0,5.0,0.0,0.0,0.0,0.0,0.0,0.0,0.0,0.0,0.0,0.0,0.0,0.0,0.0,0.0,0.0,0.0,0.0,0.0,0.0,0.0,0.0,0.0,0.0,0.0,0.0,0.0,0.0,0.0,0.0,0.0,0.0,0.0,0.0,0.0,0.0,0.0,0.0,0.0,0.0,0.0,0.0,0.0,0.0,0.0,0.0,0.0,0.0,0.0,0.0,0.0,0.0,0.0,0.0,0.0,0.0,0.0,0.0,0.0,0.0,0.0,0.0,0.0,0.0,0.0,0.0,-105.9249267578125,0.0,105.921875,0.0,0.0,0.0,0.0,0.0,0.0,0.0,0.0,0.0,0.0,0.0,0.0,0.0,2882.6971435546875,0.0,108820.734375,0.0,-110.9249267578125,0.0,110.921875,0.0,-3.7053750992099412,0.0,0.10203482955694199,0.0,TX
7725079,TX,4818,166.2020263671875,1,0.0,13799.6142578125,16786.86328125,1,0,0.0,0.0,48734.15625,17965.681640625,0.0,0.0,0.0,17965.681640625,0.0,0.0,0.0,0.0,0.0,0.0,0.0,0.0,0.0,0.0,0.0,0.0,0.0,0.0,0.0,0.0,0.0,0.0,0.0,0.0,0.0,0.0,0.0,0.0,0.0,0.0,0.0,0.0,0.0,0.0,0.0,0.0,0.0,0.0,0.0,0.0,0.0,0.0,0.0,0.0,0.0,0.0,0.0,0.0,0.0,0.0,0.0,0.0,0.0,0.0,0.0,0.0,0.0,0.0,0.0,0.0,0.0,0.0,0.0,0.0,0.0,0.0,0.0,0.0,0.0,0.0,0.0,0.0,0.0,0.0,0.0,0.0,0.0,0.0,0.0,0.0,0.0,0.0,0.0,0.0,0.0,0.0,0.0,0.0,0.0,0.0,48734.15625,17965.681640625,0.0,0.0,0.0,0.0,0.0,0.0,0.0,0.0,TX
7725080,TX,4818,0.10470528155565262,3,1.0,96400.4609375,96593.21484375,3,0,2695.84130859375,0.0,88305.0390625,0.0,0.0,0.0,1691.58251953125,1691.58251953125,-12.0,0.0,12.0,0.0,-291.0,0.0,291.0,0.0,0.0,0.0,0.0,0.0,0.0,0.0,0.0,0.0,-200.0,0.0,200.0,0.0,-450.0,0.0,450.0,0.0,0.0,0.0,0.0,0.0,0.0,0.0,0.0,0.0,0.0,0.0,0.0,0.0,0.0,0.0,0.0,0.0,0.0,0.0,0.0,0.0,0.0,0.0,0.0,0.0,0.0,0.0,0.0,0.0,0.0,0.0,0.0,0.0,0.0,0.0,0.0,0.0,0.0,0.0,0.0,0.0,0.0,0.0,0.0,0.0,-269.3955078125,0.0,269.390625,0.0,0.0,0.0,0.0,0.0,0.0,0.0,0.0,0.0,0.0,0.0,0.0,0.0,1473.44580078125,0.0,89527.4296875,1691.58251953125,-1222.3955078125,0.0,1222.390625,0.0,-45.34374868119171,0.0,1.384281873703003,0.0,TX
7725081,TX,4818,100.34268188476562,1,0.0,0.0,0.0,1,0,0.0,0.0,56227.78125,30069.185546875,0.0,0.0,0.0,30069.185546875,0.0,0.0,0.0,0.0,0.0,0.0,0.0,0.0,0.0,0.0,0.0,0.0,0.0,0.0,0.0,0.0,0.0,0.0,0.0,0.0,0.0,0.0,0.0,0.0,0.0,0.0,0.0,0.0,0.0,0.0,0.0,0.0,0.0,0.0,0.0,0.0,0.0,0.0,0.0,0.0,0.0,0.0,0.0,0.0,0.0,0.0,0.0,0.0,0.0,0.0,0.0,0.0,0.0,0.0,0.0,0.0,0.0,0.0,0.0,0.0,0.0,0.0,0.0,0.0,0.0,0.0,0.0,0.0,0.0,0.0,0.0,0.0,0.0,0.0,0.0,0.0,0.0,0.0,0.0,0.0,0.0,0.0,0.0,0.0,0.0,0.0,56227.78125,30069.185546875,0.0,0.0,0.0,0.0,0.0,0.0,0.0,0.0,TX
7725082,TX,4818,0.28102073073387146,5,2.0,216781.14624023438,190274.265625,5,0,15588.87060546875,0.0,195596.5,0.0,0.0,0.0,0.0,0.0,-125.0,0.0,125.0,0.0,-405.73828125,0.0,405.734375,0.0,0.0,0.0,0.0,0.0,0.0,0.0,0.0,0.0,0.0,0.0,0.0,0.0,0.0,0.0,0.0,0.0,0.0,0.0,0.0,0.0,0.0,0.0,0.0,0.0,0.0,0.0,0.0,0.0,0.0,0.0,0.0,0.0,-30.5927734375,0.0,30.59375,0.0,0.0,0.0,0.0,0.0,0.0,0.0,0.0,0.0,0.0,0.0,0.0,0.0,0.0,0.0,0.0,0.0,0.0,0.0,0.0,0.0,-720.0,0.0,720.0,0.0,-155.6455078125,0.0,155.640625,0.0,0.0,0.0,0.0,0.0,0.0,0.0,0.0,0.0,0.0,0.0,0.0,0.0,14151.89404296875,0.0,197033.46875,0.0,-1436.9765625,0.0,1436.96875,0.0,-9.217964526537878,0.0,0.734659731388092,0.0,TX
7725083,TX,4818,335.21295166015625,1,0.0,0.0,0.0,1,0,0.0,0.0,23819.19921875,3596.039794921875,20223.16015625,0.0,0.0,23819.199951171875,0.0,0.0,0.0,0.0,0.0,0.0,0.0,0.0,0.0,0.0,0.0,0.0,0.0,0.0,0.0,0.0,0.0,0.0,0.0,0.0,0.0,0.0,0.0,0.0,0.0,0.0,0.0,0.0,0.0,0.0,0.0,0.0,0.0,0.0,0.0,0.0,0.0,0.0,0.0,0.0,0.0,0.0,0.0,0.0,0.0,0.0,0.0,0.0,0.0,0.0,0.0,0.0,0.0,0.0,0.0,0.0,0.0,0.0,0.0,0.0,0.0,0.0,0.0,0.0,0.0,0.0,0.0,0.0,0.0,0.0,0.0,0.0,0.0,0.0,0.0,0.0,0.0,0.0,0.0,0.0,0.0,0.0,0.0,0.0,0.0,0.0,23819.19921875,23819.199951171875,0.0,0.0,0.0,0.0,0.0,0.0,0.0,0.0,TX
7725084,TX,4818,0.1718541979789734,3,1.0,112092.7734375,280342.625,3,0,43570.15625,0.0,291423.90625,0.0,0.0,0.0,0.0,0.0,-292.0,0.0,292.0,0.0,-456.0,0.0,456.0,0.0,0.0,0.0,0.0,0.0,0.0,0.0,0.0,0.0,0.0,0.0,0.0,0.0,0.0,0.0,0.0,0.0,0.0,0.0,0.0,0.0,0.0,0.0,0.0,0.0,0.0,0.0,0.0,0.0,0.0,0.0,0.0,0.0,-480.0,0.0,480.0,0.0,0.0,0.0,0.0,0.0,0.0,0.0,0.0,0.0,0.0,0.0,0.0,0.0,0.0,0.0,0.0,0.0,0.0,0.0,0.0,0.0,0.0,0.0,0.0,0.0,0.0,0.0,0.0,0.0,0.0,0.0,0.0,0.0,0.0,0.0,0.0,0.0,0.0,0.0,0.0,0.0,42342.15625,0.0,292651.90625,0.0,-1228.0,0.0,1228.0,0.0,-2.818442956582236,0.0,0.4213792681694031,0.0,TX
7725085,TX,4818,0.16649585962295532,2,0.0,251064.109375,441907.125,2,0,91939.109375,0.0,469476.75,0.0,0.0,0.0,0.0,0.0,-764.0,0.0,764.0,0.0,-608.0,0.0,608.0,0.0,0.0,0.0,0.0,0.0,0.0,0.0,0.0,0.0,0.0,0.0,0.0,0.0,0.0,0.0,0.0,0.0,0.0,0.0,0.0,0.0,0.0,0.0,0.0,0.0,0.0,0.0,0.0,0.0,0.0,0.0,0.0,0.0,-478.1171875,0.0,478.125,0.0,0.0,0.0,0.0,0.0,0.0,0.0,0.0,0.0,0.0,0.0,0.0,0.0,0.0,0.0,0.0,0.0,0.0,0.0,0.0,0.0,0.0,0.0,0.0,0.0,0.0,0.0,0.0,0.0,0.0,0.0,0.0,0.0,0.0,0.0,0.0,0.0,0.0,0.0,0.0,0.0,90088.9921875,0.0,471326.875,0.0,-1850.1171875,0.0,1850.125,0.0,-2.0123288120551255,0.0,0.39408233761787415,0.0,TX
7725086,TX,4818,128.23130798339844,2,0.0,0.0,1013.406005859375,2,0,0.0,0.0,83785.2421875,41147.46875,0.0,0.0,0.0,41147.46875,0.0,0.0,0.0,0.0,0.0,0.0,0.0,0.0,0.0,0.0,0.0,0.0,0.0,0.0,0.0,0.0,0.0,0.0,0.0,0.0,0.0,0.0,0.0,0.0,0.0,0.0,0.0,0.0,0.0,0.0,0.0,0.0,0.0,0.0,0.0,0.0,0.0,0.0,0.0,0.0,0.0,0.0,0.0,0.0,0.0,0.0,0.0,0.0,0.0,0.0,0.0,0.0,0.0,0.0,0.0,0.0,0.0,0.0,0.0,0.0,0.0,0.0,0.0,0.0,0.0,0.0,0.0,0.0,0.0,0.0,0.0,0.0,0.0,0.0,0.0,0.0,0.0,0.0,0.0,0.0,0.0,0.0,0.0,0.0,0.0,0.0,83785.2421875,41147.46875,0.0,0.0,0.0,0.0,0.0,0.0,0.0,0.0,TX
7725087,TX,4818,0.10902669280767441,5,3.0,224797.28125,231473.328125,5,0,27454.5234375,0.0,188815.484375,0.0,0.0,0.0,0.0,0.0,-230.0,0.0,230.0,0.0,-418.0,0.0,418.0,0.0,0.0,0.0,0.0,0.0,0.0,0.0,0.0,0.0,-600.0,0.0,600.0,0.0,0.0,0.0,0.0,0.0,-835.046875,0.0,835.046875,0.0,0.0,0.0,0.0,0.0,0.0,0.0,0.0,0.0,0.0,0.0,0.0,0.0,-341.8203125,0.0,341.8125,0.0,0.0,0.0,0.0,0.0,0.0,0.0,0.0,0.0,0.0,0.0,0.0,0.0,-5500.0,0.0,5500.0,0.0,0.0,0.0,0.0,0.0,0.0,0.0,0.0,0.0,0.0,0.0,0.0,0.0,0.0,0.0,0.0,0.0,0.0,0.0,0.0,0.0,0.0,0.0,0.0,0.0,19529.65625,0.0,196740.34375,0.0,-7924.8671875,0.0,7924.859375,0.0,-28.865433434096555,0.0,4.197144985198975,0.0,TX
7725088,TX,4818,152.66989135742188,2,0.0,0.0,471.5440216064453,2,0,0.0,0.0,80477.1640625,39891.859375,0.0,0.0,0.0,39891.859375,0.0,0.0,0.0,0.0,0.0,0.0,0.0,0.0,0.0,0.0,0.0,0.0,0.0,0.0,0.0,0.0,0.0,0.0,0.0,0.0,0.0,0.0,0.0,0.0,0.0,0.0,0.0,0.0,0.0,0.0,0.0,0.0,0.0,0.0,0.0,0.0,0.0,0.0,0.0,0.0,0.0,0.0,0.0,0.0,0.0,0.0,0.0,0.0,0.0,0.0,0.0,0.0,0.0,0.0,0.0,0.0,0.0,0.0,0.0,0.0,0.0,0.0,0.0,0.0,0.0,0.0,0.0,0.0,0.0,0.0,0.0,0.0,0.0,0.0,0.0,0.0,0.0,0.0,0.0,0.0,0.0,0.0,0.0,0.0,0.0,0.0,80477.1640625,39891.859375,0.0,0.0,0.0,0.0,0.0,0.0,0.0,0.0,TX
7725089,TX,4818,27.852462768554688,2,1.0,0.0,0.0,2,0,0.0,0.0,30902.15625,20946.080078125,9956.07568359375,0.0,0.0,30902.15576171875,0.0,0.0,0.0,0.0,0.0,0.0,0.0,0.0,0.0,0.0,0.0,0.0,0.0,0.0,0.0,0.0,0.0,0.0,0.0,0.0,0.0,0.0,0.0,0.0,0.0,0.0,0.0,0.0,0.0,0.0,0.0,0.0,0.0,0.0,0.0,0.0,0.0,0.0,0.0,0.0,0.0,0.0,0.0,0.0,0.0,0.0,0.0,0.0,0.0,0.0,0.0,0.0,0.0,0.0,0.0,0.0,0.0,0.0,0.0,0.0,0.0,0.0,0.0,0.0,0.0,0.0,0.0,0.0,0.0,0.0,0.0,0.0,0.0,0.0,0.0,0.0,0.0,0.0,0.0,0.0,0.0,0.0,0.0,0.0,0.0,0.0,30902.15625,30902.15576171875,0.0,0.0,0.0,0.0,0.0,0.0,0.0,0.0,TX
7725090,TX,4818,0.5898051261901855,4,2.0,20906.123291015625,38339.8828125,4,0,-2412.483154296875,0.0,71759.2109375,22000.05859375,8275.0205078125,0.0,0.0,30275.0791015625,0.0,0.0,0.0,0.0,0.0,0.0,0.0,0.0,0.0,0.0,0.0,0.0,0.0,0.0,0.0,0.0,0.0,0.0,0.0,0.0,0.0,0.0,0.0,0.0,0.0,0.0,0.0,0.0,0.0,0.0,0.0,0.0,0.0,0.0,0.0,0.0,0.0,0.0,0.0,0.0,0.0,0.0,0.0,0.0,0.0,0.0,0.0,0.0,0.0,0.0,0.0,0.0,0.0,0.0,0.0,0.0,0.0,0.0,0.0,0.0,0.0,0.0,0.0,0.0,0.0,0.0,0.0,0.0,0.0,0.0,0.0,0.0,0.0,0.0,0.0,0.0,0.0,0.0,0.0,0.0,0.0,0.0,0.0,0.0,-2412.483154296875,0.0,71759.2109375,30275.0791015625,0.0,0.0,0.0,0.0,0.0,0.0,0.0,0.0,TX
7725091,TX,4818,62.976993560791016,1,0.0,0.0,1.6545404195785522,1,0,0.0,0.0,41121.56640625,20559.56640625,0.0,0.0,0.0,20559.56640625,0.0,0.0,0.0,0.0,0.0,0.0,0.0,0.0,0.0,0.0,0.0,0.0,0.0,0.0,0.0,0.0,0.0,0.0,0.0,0.0,0.0,0.0,0.0,0.0,0.0,0.0,0.0,0.0,0.0,0.0,0.0,0.0,0.0,0.0,0.0,0.0,0.0,0.0,0.0,0.0,0.0,0.0,0.0,0.0,0.0,0.0,0.0,0.0,0.0,0.0,0.0,0.0,0.0,0.0,0.0,0.0,0.0,0.0,0.0,0.0,0.0,0.0,0.0,0.0,0.0,0.0,0.0,0.0,0.0,0.0,0.0,0.0,0.0,0.0,0.0,0.0,0.0,0.0,0.0,0.0,0.0,0.0,0.0,0.0,0.0,0.0,41121.56640625,20559.56640625,0.0,0.0,0.0,0.0,0.0,0.0,0.0,0.0,TX
7725092,TX,4818,75.2497329711914,1,0.0,0.0,0.0,1,0,0.0,0.0,68038.5078125,34019.25390625,0.0,0.0,0.0,34019.25390625,0.0,0.0,0.0,0.0,0.0,0.0,0.0,0.0,0.0,0.0,0.0,0.0,0.0,0.0,0.0,0.0,0.0,0.0,0.0,0.0,0.0,0.0,0.0,0.0,0.0,0.0,0.0,0.0,0.0,0.0,0.0,0.0,0.0,0.0,0.0,0.0,0.0,0.0,0.0,0.0,0.0,0.0,0.0,0.0,0.0,0.0,0.0,0.0,0.0,0.0,0.0,0.0,0.0,0.0,0.0,0.0,0.0,0.0,0.0,0.0,0.0,0.0,0.0,0.0,0.0,0.0,0.0,0.0,0.0,0.0,0.0,0.0,0.0,0.0,0.0,0.0,0.0,0.0,0.0,0.0,0.0,0.0,0.0,0.0,0.0,0.0,68038.5078125,34019.25390625,0.0,0.0,0.0,0.0,0.0,0.0,0.0,0.0,TX
7725093,TX,4818,0.12430795282125473,4,2.0,267055.77587890625,413657.90625,4,0,71123.953125,0.0,349485.625,0.0,0.0,0.0,0.0,0.0,-292.0,0.0,292.0,0.0,-456.0,0.0,456.0,0.0,0.0,0.0,0.0,0.0,0.0,0.0,0.0,0.0,-200.0,0.0,200.0,0.0,0.0,0.0,0.0,0.0,0.0,0.0,0.0,0.0,0.0,0.0,0.0,0.0,0.0,0.0,0.0,0.0,0.0,0.0,0.0,0.0,-205.25,0.0,205.25,0.0,0.0,0.0,0.0,0.0,0.0,0.0,0.0,0.0,0.0,0.0,0.0,0.0,0.0,0.0,0.0,0.0,0.0,0.0,0.0,0.0,0.0,0.0,0.0,0.0,0.0,0.0,0.0,0.0,0.0,0.0,0.0,0.0,0.0,0.0,0.0,0.0,0.0,0.0,0.0,0.0,69970.703125,0.0,350638.875,0.0,-1153.25,0.0,1153.25,0.0,-1.621464990807202,0.0,0.32998496294021606,0.0,TX
7725094,TX,4818,0.1261417716741562,3,1.0,253153.4921875,286137.75,3,0,44970.41796875,0.0,260358.9375,0.0,0.0,0.0,0.0,0.0,-292.0,0.0,292.0,0.0,-456.0,0.0,456.0,0.0,0.0,0.0,0.0,0.0,0.0,0.0,0.0,0.0,-200.0,0.0,200.0,0.0,0.0,0.0,0.0,0.0,0.0,0.0,0.0,0.0,0.0,0.0,0.0,0.0,0.0,0.0,0.0,0.0,0.0,0.0,0.0,0.0,-480.0,0.0,480.0,0.0,0.0,0.0,0.0,0.0,0.0,0.0,0.0,0.0,0.0,0.0,0.0,0.0,0.0,0.0,0.0,0.0,0.0,0.0,0.0,0.0,0.0,0.0,0.0,0.0,0.0,0.0,0.0,0.0,0.0,0.0,0.0,0.0,0.0,0.0,0.0,0.0,0.0,0.0,0.0,0.0,43542.41796875,0.0,261786.9375,0.0,-1428.0,0.0,1428.0,0.0,-3.17542078659869,0.0,0.548473596572876,0.0,TX
7725095,TX,4818,298.97540283203125,1,0.0,13937.416015625,13937.416015625,1,0,0.0,0.0,15753.5439453125,2882.340087890625,0.0,0.0,0.0,2882.340087890625,0.0,0.0,0.0,0.0,0.0,0.0,0.0,0.0,0.0,0.0,0.0,0.0,0.0,0.0,0.0,0.0,0.0,0.0,0.0,0.0,0.0,0.0,0.0,0.0,0.0,0.0,0.0,0.0,0.0,0.0,0.0,0.0,0.0,0.0,0.0,0.0,0.0,0.0,0.0,0.0,0.0,0.0,0.0,0.0,0.0,0.0,0.0,0.0,0.0,0.0,0.0,0.0,0.0,0.0,0.0,0.0,0.0,0.0,0.0,0.0,0.0,0.0,0.0,0.0,0.0,0.0,0.0,0.0,0.0,0.0,0.0,0.0,0.0,0.0,0.0,0.0,0.0,0.0,0.0,0.0,0.0,0.0,0.0,0.0,0.0,0.0,15753.5439453125,2882.340087890625,0.0,0.0,0.0,0.0,0.0,0.0,0.0,0.0,TX
7725096,TX,4818,0.1994730681180954,4,2.0,246732.82983398438,245284.328125,4,0,33084.23828125,0.0,201533.546875,0.0,0.0,0.0,0.0,0.0,-292.0,0.0,292.0,0.0,-456.0,0.0,456.0,0.0,0.0,0.0,0.0,0.0,0.0,0.0,0.0,0.0,-400.0,0.0,400.0,0.0,0.0,0.0,0.0,0.0,0.0,0.0,0.0,0.0,0.0,0.0,0.0,0.0,0.0,0.0,0.0,0.0,0.0,0.0,0.0,0.0,0.0,0.0,0.0,0.0,0.0,0.0,0.0,0.0,0.0,0.0,0.0,0.0,0.0,0.0,0.0,0.0,0.0,0.0,0.0,0.0,0.0,0.0,0.0,0.0,0.0,0.0,0.0,0.0,0.0,0.0,0.0,0.0,0.0,0.0,0.0,0.0,0.0,0.0,0.0,0.0,0.0,0.0,0.0,0.0,31936.23828125,0.0,202681.546875,0.0,-1148.0,0.0,1148.0,0.0,-3.4699302738688464,0.0,0.5696322321891785,0.0,TX
7725097,TX,4818,83.0373306274414,3,2.0,0.0,0.0,3,0,0.0,0.0,78374.421875,29835.666015625,20223.16015625,0.0,0.0,50058.826171875,0.0,0.0,0.0,0.0,0.0,0.0,0.0,0.0,0.0,0.0,0.0,0.0,0.0,0.0,0.0,0.0,0.0,0.0,0.0,0.0,0.0,0.0,0.0,0.0,0.0,0.0,0.0,0.0,0.0,0.0,0.0,0.0,0.0,0.0,0.0,0.0,0.0,0.0,0.0,0.0,0.0,0.0,0.0,0.0,0.0,0.0,0.0,0.0,0.0,0.0,0.0,0.0,0.0,0.0,0.0,0.0,0.0,0.0,0.0,0.0,0.0,0.0,0.0,0.0,0.0,0.0,0.0,0.0,0.0,0.0,0.0,0.0,0.0,0.0,0.0,0.0,0.0,0.0,0.0,0.0,0.0,0.0,0.0,0.0,0.0,0.0,78374.421875,50058.826171875,0.0,0.0,0.0,0.0,0.0,0.0,0.0,0.0,TX
7725098,TX,4818,0.24836155772209167,4,2.0,124760.234375,124763.546875,4,0,6849.6259765625,0.0,114855.078125,0.0,0.0,0.0,0.0,0.0,-10.0,0.0,10.0,0.0,-228.0,0.0,228.0,0.0,0.0,0.0,0.0,0.0,0.0,0.0,0.0,0.0,-400.0,0.0,400.0,0.0,0.0,0.0,0.0,0.0,0.0,0.0,0.0,0.0,0.0,0.0,0.0,0.0,0.0,0.0,0.0,0.0,0.0,0.0,0.0,0.0,0.0,0.0,0.0,0.0,0.0,0.0,0.0,0.0,0.0,0.0,0.0,0.0,0.0,0.0,0.0,0.0,0.0,0.0,0.0,0.0,0.0,0.0,0.0,0.0,0.0,0.0,0.0,0.0,-142.6748046875,0.0,142.671875,0.0,0.0,0.0,0.0,0.0,0.0,0.0,0.0,0.0,0.0,0.0,0.0,0.0,6068.951171875,0.0,115635.75,0.0,-780.6748046875,0.0,780.671875,0.0,-11.397334794027445,0.0,0.6797016859054565,0.0,TX
7725099,TX,4818,0.003182771150022745,6,3.9999999999999996,158114.28173828125,146806.609375,6,0,9467.5556640625,0.0,175187.015625,892.760986328125,0.0,0.0,0.0,892.760986328125,-230.0,0.0,230.0,0.0,-418.0,0.0,418.0,0.0,0.0,0.0,0.0,0.0,0.0,0.0,0.0,0.0,-400.0,0.0,400.0,0.0,0.0,0.0,0.0,0.0,-282.1015624999991,0.0,282.109375,0.0,0.0,0.0,0.0,0.0,0.0,0.0,0.0,0.0,0.0,0.0,0.0,0.0,-440.0000000000018,0.0,440.0,0.0,0.0,0.0,0.0,0.0,0.0,0.0,0.0,0.0,0.0,0.0,0.0,0.0,-530.6396484375,0.0,530.625,0.0,-975.2207031249982,0.0,975.21875,0.0,0.0,0.0,0.0,0.0,0.0,0.0,0.0,0.0,0.0,0.0,0.0,0.0,0.0,0.0,0.0,0.0,0.0,0.0,0.0,0.0,6191.593750000001,0.0,178462.96875,892.760986328125,-3275.961914062499,0.0,3275.953125,0.0,-34.601982077566085,0.0,1.8699748516082764,0.0,TX
7725100,TX,4818,0.015726665034890175,2,0.0,0.0,244292.21875,2,0,36054.1328125,0.0,308150.375,82835.5546875,0.0,0.0,0.0,82835.5546875,-277.84375,0.0,277.84375,0.0,-418.0,0.0,418.0,0.0,0.0,0.0,0.0,0.0,0.0,0.0,0.0,0.0,0.0,0.0,0.0,0.0,0.0,0.0,0.0,0.0,0.0,0.0,0.0,0.0,0.0,0.0,0.0,0.0,0.0,0.0,0.0,0.0,0.0,0.0,0.0,0.0,0.0,0.0,0.0,0.0,0.0,0.0,0.0,0.0,0.0,0.0,0.0,0.0,0.0,0.0,0.0,0.0,0.0,0.0,0.0,0.0,0.0,0.0,0.0,0.0,-1395.34375,0.0,1395.34375,0.0,0.0,0.0,0.0,0.0,0.0,0.0,0.0,0.0,0.0,0.0,0.0,0.0,0.0,0.0,0.0,0.0,33962.9453125,0.0,310241.5625,82835.5546875,-2091.1875,0.0,2091.1875,0.0,-5.800132569753511,0.0,0.6786256432533264,0.0,TX
7725101,TX,4818,0.40232181549072266,3,1.0,47619.505859375,44618.90234375,3,0,-3587.182861328125,0.0,50272.03515625,1003.27294921875,0.0,0.0,1691.58251953125,2694.85546875,0.0,0.0,0.0,0.0,0.0,0.0,0.0,0.0,0.0,0.0,0.0,0.0,0.0,0.0,0.0,0.0,100.0,0.0,-100.0,0.0,0.0,0.0,0.0,0.0,0.0,0.0,0.0,0.0,0.0,0.0,0.0,0.0,0.0,0.0,0.0,0.0,0.0,0.0,0.0,0.0,0.0,0.0,0.0,0.0,0.0,0.0,0.0,0.0,0.0,0.0,0.0,0.0,0.0,0.0,0.0,0.0,0.0,0.0,0.0,0.0,0.0,0.0,0.0,0.0,0.0,0.0,0.0,0.0,0.0,0.0,0.0,0.0,0.0,0.0,0.0,0.0,0.0,0.0,0.0,0.0,0.0,0.0,0.0,0.0,-3487.182861328125,0.0,50172.03515625,2694.85546875,100.0,0.0,-100.0,0.0,2.787702881781048,0.0,-0.19891774654388428,0.0,TX
7725102,TX,4818,0.12180177122354507,2,0.0,406507.96875,564528.4375,2,0,124076.1953125,0.0,421617.3125,0.0,0.0,0.0,0.0,0.0,-749.0,0.0,749.0,0.0,-665.0,0.0,665.0,0.0,0.0,0.0,0.0,0.0,0.0,0.0,0.0,0.0,0.0,0.0,0.0,0.0,0.0,0.0,0.0,0.0,-1750.0,0.0,1750.0,0.0,0.0,0.0,0.0,0.0,0.0,0.0,0.0,0.0,0.0,0.0,0.0,0.0,-700.0,0.0,700.0,0.0,0.0,0.0,0.0,0.0,0.0,0.0,0.0,0.0,0.0,0.0,0.0,0.0,0.0,0.0,0.0,0.0,0.0,0.0,0.0,0.0,0.0,0.0,0.0,0.0,0.0,0.0,0.0,0.0,0.0,0.0,0.0,0.0,0.0,0.0,0.0,0.0,0.0,0.0,0.0,0.0,120212.1953125,0.0,425481.3125,0.0,-3864.0,0.0,3864.0,0.0,-3.114215414381523,0.0,0.9164708852767944,0.0,TX
7725103,TX,4818,0.21041016280651093,1,0.0,0.0,122898.953125,1,0,18096.748046875,0.0,177074.109375,28315.58984375,0.0,0.0,0.0,28315.58984375,-130.978515625,0.0,130.984375,0.0,-209.0,0.0,209.0,0.0,0.0,0.0,0.0,0.0,0.0,0.0,0.0,0.0,0.0,0.0,0.0,0.0,0.0,0.0,0.0,0.0,0.0,0.0,0.0,0.0,0.0,0.0,0.0,0.0,0.0,0.0,0.0,0.0,0.0,0.0,0.0,0.0,0.0,0.0,0.0,0.0,0.0,0.0,0.0,0.0,0.0,0.0,0.0,0.0,0.0,0.0,0.0,0.0,0.0,0.0,0.0,0.0,0.0,0.0,0.0,0.0,-687.734375,0.0,687.734375,0.0,0.0,0.0,0.0,0.0,0.0,0.0,0.0,0.0,0.0,0.0,0.0,0.0,0.0,0.0,0.0,0.0,17069.03515625,0.0,178101.828125,28315.58984375,-1027.712890625,0.0,1027.71875,0.0,-5.678992092739383,0.0,0.5803890228271484,0.0,TX
7725104,TX,4818,77.73191833496094,1,0.0,0.0,0.8272702097892761,1,0,0.0,0.0,71019.625,35509.203125,0.0,0.0,0.0,35509.203125,0.0,0.0,0.0,0.0,0.0,0.0,0.0,0.0,0.0,0.0,0.0,0.0,0.0,0.0,0.0,0.0,0.0,0.0,0.0,0.0,0.0,0.0,0.0,0.0,0.0,0.0,0.0,0.0,0.0,0.0,0.0,0.0,0.0,0.0,0.0,0.0,0.0,0.0,0.0,0.0,0.0,0.0,0.0,0.0,0.0,0.0,0.0,0.0,0.0,0.0,0.0,0.0,0.0,0.0,0.0,0.0,0.0,0.0,0.0,0.0,0.0,0.0,0.0,0.0,0.0,0.0,0.0,0.0,0.0,0.0,0.0,0.0,0.0,0.0,0.0,0.0,0.0,0.0,0.0,0.0,0.0,0.0,0.0,0.0,0.0,0.0,71019.625,35509.203125,0.0,0.0,0.0,0.0,0.0,0.0,0.0,0.0,TX
7725105,TX,4818,60.49366760253906,1,0.0,0.0,2152.92236328125,1,0,0.0,0.0,50936.5234375,24391.80078125,0.0,0.0,0.0,24391.80078125,0.0,0.0,0.0,0.0,0.0,0.0,0.0,0.0,0.0,0.0,0.0,0.0,0.0,0.0,0.0,0.0,0.0,0.0,0.0,0.0,0.0,0.0,0.0,0.0,0.0,0.0,0.0,0.0,0.0,0.0,0.0,0.0,0.0,0.0,0.0,0.0,0.0,0.0,0.0,0.0,0.0,0.0,0.0,0.0,0.0,0.0,0.0,0.0,0.0,0.0,0.0,0.0,0.0,0.0,0.0,0.0,0.0,0.0,0.0,0.0,0.0,0.0,0.0,0.0,0.0,0.0,0.0,0.0,0.0,0.0,0.0,0.0,0.0,0.0,0.0,0.0,0.0,0.0,0.0,0.0,0.0,0.0,0.0,0.0,0.0,0.0,50936.5234375,24391.80078125,0.0,0.0,0.0,0.0,0.0,0.0,0.0,0.0,TX
7725106,TX,4818,0.12478720396757126,5,1.0,1063761.3244628906,1074371.822265625,5,0,299964.6875,0.0,748613.625,0.0,0.0,0.0,0.0,0.0,-734.0,0.0,734.0,0.0,-703.0,0.0,703.0,0.0,0.0,0.0,0.0,0.0,0.0,0.0,0.0,0.0,0.0,0.0,0.0,0.0,0.0,0.0,0.0,0.0,-1850.0,0.0,1850.0,0.0,0.0,0.0,0.0,0.0,0.0,0.0,0.0,0.0,0.0,0.0,0.0,0.0,-20.0625,0.0,20.0625,0.0,0.0,0.0,0.0,0.0,0.0,0.0,0.0,0.0,0.0,0.0,0.0,0.0,0.0,0.0,0.0,0.0,0.0,0.0,0.0,0.0,0.0,0.0,0.0,0.0,0.0,0.0,0.0,0.0,0.0,0.0,0.0,0.0,0.0,0.0,0.0,0.0,0.0,0.0,0.0,0.0,296657.625,0.0,751920.6875,0.0,-3307.0625,0.0,3307.0625,0.0,-1.1024839382135605,0.0,0.44175824522972107,0.0,TX
7725107,TX,4818,85.58444213867188,2,0.0,0.0,836.3701782226562,2,0,0.0,0.0,77483.8125,36181.48046875,0.0,0.0,0.0,36181.48046875,0.0,0.0,0.0,0.0,0.0,0.0,0.0,0.0,0.0,0.0,0.0,0.0,0.0,0.0,0.0,0.0,0.0,0.0,0.0,0.0,0.0,0.0,0.0,0.0,0.0,0.0,0.0,0.0,0.0,0.0,0.0,0.0,0.0,0.0,0.0,0.0,0.0,0.0,0.0,0.0,0.0,0.0,0.0,0.0,0.0,0.0,0.0,0.0,0.0,0.0,0.0,0.0,0.0,0.0,0.0,0.0,0.0,0.0,0.0,0.0,0.0,0.0,0.0,0.0,0.0,0.0,0.0,0.0,0.0,0.0,0.0,0.0,0.0,0.0,0.0,0.0,0.0,0.0,0.0,0.0,0.0,0.0,0.0,0.0,0.0,0.0,77483.8125,36181.48046875,0.0,0.0,0.0,0.0,0.0,0.0,0.0,0.0,TX
7725108,TX,4818,84.34203338623047,1,0.0,0.0,62.045265197753906,1,0,0.0,0.0,51827.59375,25904.736328125,0.0,0.0,0.0,25904.736328125,0.0,0.0,0.0,0.0,0.0,0.0,0.0,0.0,0.0,0.0,0.0,0.0,0.0,0.0,0.0,0.0,0.0,0.0,0.0,0.0,0.0,0.0,0.0,0.0,0.0,0.0,0.0,0.0,0.0,0.0,0.0,0.0,0.0,0.0,0.0,0.0,0.0,0.0,0.0,0.0,0.0,0.0,0.0,0.0,0.0,0.0,0.0,0.0,0.0,0.0,0.0,0.0,0.0,0.0,0.0,0.0,0.0,0.0,0.0,0.0,0.0,0.0,0.0,0.0,0.0,0.0,0.0,0.0,0.0,0.0,0.0,0.0,0.0,0.0,0.0,0.0,0.0,0.0,0.0,0.0,0.0,0.0,0.0,0.0,0.0,0.0,51827.59375,25904.736328125,0.0,0.0,0.0,0.0,0.0,0.0,0.0,0.0,TX
7725109,TX,4818,0.22492235898971558,2,0.0,0.0,362260.90625,2,0,57173.140625,0.0,420029.53125,99651.171875,0.0,0.0,0.0,99651.171875,-292.0,0.0,292.0,0.0,-456.0,0.0,456.0,0.0,0.0,0.0,0.0,0.0,0.0,0.0,0.0,0.0,0.0,0.0,0.0,0.0,0.0,0.0,0.0,0.0,0.0,0.0,0.0,0.0,0.0,0.0,0.0,0.0,0.0,0.0,0.0,0.0,0.0,0.0,0.0,0.0,0.0,0.0,0.0,0.0,0.0,0.0,0.0,0.0,0.0,0.0,0.0,0.0,0.0,0.0,0.0,0.0,0.0,0.0,0.0,0.0,0.0,0.0,0.0,0.0,0.0,0.0,0.0,0.0,0.0,0.0,0.0,0.0,0.0,0.0,0.0,0.0,0.0,0.0,0.0,0.0,0.0,0.0,0.0,0.0,56425.140625,0.0,420777.53125,99651.171875,-748.0,0.0,748.0,0.0,-1.30830664858198,0.0,0.17808271944522858,0.0,TX
7725110,TX,4818,0.42295345664024353,1,0.0,0.0,0.0,0,1,0.0,0.0,0.0,0.0,0.0,0.0,0.0,0.0,0.0,0.0,0.0,0.0,0.0,0.0,0.0,0.0,0.0,0.0,0.0,0.0,0.0,0.0,0.0,0.0,0.0,0.0,0.0,0.0,0.0,0.0,0.0,0.0,0.0,0.0,0.0,0.0,0.0,0.0,0.0,0.0,0.0,0.0,0.0,0.0,0.0,0.0,0.0,0.0,0.0,0.0,0.0,0.0,0.0,0.0,0.0,0.0,0.0,0.0,0.0,0.0,0.0,0.0,0.0,0.0,0.0,0.0,0.0,0.0,0.0,0.0,0.0,0.0,0.0,0.0,0.0,0.0,0.0,0.0,0.0,0.0,0.0,0.0,0.0,0.0,0.0,0.0,0.0,0.0,0.0,0.0,0.0,0.0,0.0,0.0,0.0,0.0,0.0,0.0,0.0,0.0,0.0,0.0,0.0,0.0,TX
7725111,TX,4818,0.08358164876699448,2,0.0,0.0,97051.1875,2,0,6197.435546875,0.0,164713.9375,54749.94140625,0.0,0.0,0.0,54749.94140625,-10.0,0.0,10.0,0.0,-228.0,0.0,228.0,0.0,0.0,0.0,0.0,0.0,0.0,0.0,0.0,0.0,0.0,0.0,0.0,0.0,0.0,0.0,0.0,0.0,0.0,0.0,0.0,0.0,0.0,0.0,0.0,0.0,0.0,0.0,0.0,0.0,0.0,0.0,0.0,0.0,0.0,0.0,0.0,0.0,0.0,0.0,0.0,0.0,0.0,0.0,0.0,0.0,0.0,0.0,0.0,0.0,0.0,0.0,0.0,0.0,0.0,0.0,0.0,0.0,-1440.0,0.0,1440.0,0.0,0.0,0.0,0.0,0.0,0.0,0.0,0.0,0.0,0.0,0.0,0.0,0.0,0.0,0.0,0.0,0.0,4519.435546875,0.0,166391.9375,54749.94140625,-1678.0,0.0,1678.0,0.0,-27.075715226213465,0.0,1.0187358856201172,0.0,TX
7725112,TX,4818,0.12723618745803833,9,7.0,65696.3353881836,65510.503906249985,9,0,-8238.568359375,0.0,108353.53125,14619.33984375,24825.0615234375,0.0,0.0,39444.4013671875,-10.0,0.0,10.0,0.0,-228.0,0.0,228.0,0.0,0.0,0.0,0.0,0.0,0.0,0.0,0.0,0.0,-1000.0,0.0,1000.0,0.0,0.0,0.0,0.0,0.0,0.0,0.0,0.0,0.0,0.0,0.0,0.0,0.0,0.0,0.0,0.0,0.0,0.0,0.0,0.0,0.0,-1.261718749998181,0.0,1.265625,0.0,0.0,0.0,0.0,0.0,0.0,0.0,0.0,0.0,0.0,0.0,0.0,0.0,0.0,0.0,0.0,0.0,0.0,0.0,0.0,0.0,0.0,0.0,0.0,0.0,0.0,0.0,0.0,0.0,0.0,0.0,0.0,0.0,0.0,0.0,0.0,0.0,0.0,0.0,0.0,0.0,-9477.830078124998,0.0,109592.796875,39444.4013671875,-1239.2617187499982,0.0,1239.265625,0.0,-15.042197438827976,0.0,1.1437243223190308,0.0,TX
7725113,TX,4818,0.18365107476711273,2,0.0,111854.921875,113842.85546875,2,0,9830.39892578125,0.0,106234.0234375,0.0,0.0,9617.8388671875,0.0,9617.8388671875,-120.0,0.0,120.0,0.0,-323.0,0.0,323.0,0.0,0.0,0.0,0.0,0.0,0.0,0.0,0.0,0.0,0.0,0.0,0.0,0.0,0.0,0.0,0.0,0.0,0.0,0.0,0.0,0.0,0.0,0.0,0.0,0.0,0.0,0.0,0.0,0.0,0.0,0.0,0.0,0.0,0.0,0.0,0.0,0.0,0.0,0.0,0.0,0.0,0.0,0.0,0.0,0.0,0.0,0.0,0.0,0.0,0.0,0.0,0.0,0.0,0.0,0.0,0.0,0.0,0.0,0.0,0.0,0.0,0.0,0.0,0.0,0.0,0.0,0.0,0.0,0.0,0.0,0.0,0.0,0.0,0.0,0.0,0.0,0.0,9387.39892578125,0.0,106677.0234375,9617.8388671875,-443.0,0.0,443.0,0.0,-4.506429528899241,0.0,0.417003870010376,0.0,TX
7725114,TX,4818,0.14946702122688293,3,1.0,490915.2333984375,486327.03125,3,0,99592.5078125,0.0,364634.78125,0.0,0.0,0.0,0.0,0.0,-764.0,0.0,764.0,0.0,-608.3359375,0.0,608.34375,0.0,0.0,0.0,0.0,0.0,0.0,0.0,0.0,0.0,0.0,0.0,0.0,0.0,0.0,0.0,0.0,0.0,0.0,0.0,0.0,0.0,0.0,0.0,0.0,0.0,0.0,0.0,0.0,0.0,0.0,0.0,0.0,0.0,-640.359375,0.0,640.34375,0.0,0.0,0.0,0.0,0.0,0.0,0.0,0.0,0.0,0.0,0.0,0.0,0.0,0.0,0.0,0.0,0.0,0.0,0.0,0.0,0.0,0.0,0.0,0.0,0.0,0.0,0.0,0.0,0.0,0.0,0.0,0.0,0.0,0.0,0.0,0.0,0.0,0.0,0.0,0.0,0.0,97579.8125,0.0,366647.46875,0.0,-2012.6953125,0.0,2012.6875,0.0,-2.0209304461830047,0.0,0.5519735217094421,0.0,TX
7725115,TX,4818,308.41473388671875,1,0.0,0.0,0.0,1,0,0.0,0.0,33277.31640625,13054.1572265625,20223.16015625,0.0,0.0,33277.3173828125,0.0,0.0,0.0,0.0,0.0,0.0,0.0,0.0,0.0,0.0,0.0,0.0,0.0,0.0,0.0,0.0,0.0,0.0,0.0,0.0,0.0,0.0,0.0,0.0,0.0,0.0,0.0,0.0,0.0,0.0,0.0,0.0,0.0,0.0,0.0,0.0,0.0,0.0,0.0,0.0,0.0,0.0,0.0,0.0,0.0,0.0,0.0,0.0,0.0,0.0,0.0,0.0,0.0,0.0,0.0,0.0,0.0,0.0,0.0,0.0,0.0,0.0,0.0,0.0,0.0,0.0,0.0,0.0,0.0,0.0,0.0,0.0,0.0,0.0,0.0,0.0,0.0,0.0,0.0,0.0,0.0,0.0,0.0,0.0,0.0,0.0,33277.31640625,33277.3173828125,0.0,0.0,0.0,0.0,0.0,0.0,0.0,0.0,TX
7725116,TX,4818,0.11011087149381638,3,1.0,1106700.25,1107031.125,3,0,360316.09375,0.0,725242.875,0.0,5818.5654296875,0.0,0.0,5818.5654296875,-350.25,0.0,350.25,0.0,-351.5,0.0,351.5,0.0,0.0,0.0,0.0,0.0,0.0,0.0,0.0,0.0,0.0,0.0,0.0,0.0,0.0,0.0,0.0,0.0,0.0,0.0,0.0,0.0,0.0,0.0,0.0,0.0,0.0,0.0,0.0,0.0,0.0,0.0,0.0,0.0,0.0,0.0,0.0,0.0,0.0,0.0,0.0,0.0,0.0,0.0,0.0,0.0,0.0,0.0,0.0,0.0,0.0,0.0,0.0,0.0,0.0,0.0,0.0,0.0,0.0,0.0,0.0,0.0,0.0,0.0,0.0,0.0,0.0,0.0,0.0,0.0,0.0,0.0,0.0,0.0,0.0,0.0,0.0,0.0,359614.34375,0.0,725944.625,5818.5654296875,-701.75,0.0,701.75,0.0,-0.19475954923259656,0.0,0.09676069021224976,0.0,TX
7725117,TX,4818,0.19843441247940063,2,0.0,227265.7890625,227480.25,2,0,33032.53515625,0.0,179847.5625,0.0,0.0,0.0,0.0,0.0,-230.0,0.0,230.0,0.0,-418.001953125,0.0,418.0,0.0,0.0,0.0,0.0,0.0,0.0,0.0,0.0,0.0,0.0,0.0,0.0,0.0,0.0,0.0,0.0,0.0,0.0,0.0,0.0,0.0,0.0,0.0,0.0,0.0,0.0,0.0,0.0,0.0,0.0,0.0,0.0,0.0,-30.9375,0.0,30.9375,0.0,0.0,0.0,0.0,0.0,0.0,0.0,0.0,0.0,0.0,0.0,0.0,0.0,0.0,0.0,0.0,0.0,0.0,0.0,0.0,0.0,0.0,0.0,0.0,0.0,0.0,0.0,0.0,0.0,0.0,0.0,0.0,0.0,0.0,0.0,0.0,0.0,0.0,0.0,0.0,0.0,32353.595703125,0.0,180526.5,0.0,-678.939453125,0.0,678.9375,0.0,-2.055365868570156,0.0,0.37750720977783203,0.0,TX
7725118,TX,4818,0.10978198051452637,2,0.0,251625.078125,255424.46875,2,0,39592.44921875,0.0,227571.890625,0.0,0.0,0.0,0.0,0.0,-292.0,0.0,292.0,0.0,-456.0,0.0,456.0,0.0,0.0,0.0,0.0,0.0,0.0,0.0,0.0,0.0,0.0,0.0,0.0,0.0,0.0,0.0,0.0,0.0,0.0,0.0,0.0,0.0,0.0,0.0,0.0,0.0,0.0,0.0,0.0,0.0,0.0,0.0,0.0,0.0,-480.0,0.0,480.0,0.0,0.0,0.0,0.0,0.0,0.0,0.0,0.0,0.0,0.0,0.0,0.0,0.0,0.0,0.0,0.0,0.0,0.0,0.0,0.0,0.0,0.0,0.0,0.0,0.0,0.0,0.0,0.0,0.0,0.0,0.0,0.0,0.0,0.0,0.0,0.0,0.0,0.0,0.0,0.0,0.0,38364.44921875,0.0,228799.890625,0.0,-1228.0,0.0,1228.0,0.0,-3.101601502890732,0.0,0.5396096706390381,0.0,TX
7725119,TX,4818,0.11422641575336456,3,0.0,277059.84375,308121.6268234253,3,0,51754.3671875,0.0,304257.28125,37471.09765625,0.0,0.0,0.0,37471.09765625,-292.0,0.0,292.0,0.0,-456.0,0.0,456.0,0.0,0.0,0.0,0.0,0.0,0.0,0.0,0.0,0.0,0.0,0.0,0.0,0.0,0.0,0.0,0.0,0.0,0.0,0.0,0.0,0.0,0.0,0.0,0.0,0.0,0.0,0.0,0.0,0.0,0.0,0.0,0.0,0.0,-272.65234375,0.0,272.65625,0.0,0.0,0.0,0.0,0.0,0.0,0.0,0.0,0.0,0.0,0.0,0.0,0.0,0.0,0.0,0.0,0.0,0.0,0.0,0.0,0.0,0.0,0.0,0.0,0.0,0.0,0.0,0.0,0.0,0.0,0.0,0.0,0.0,0.0,0.0,0.0,0.0,0.0,0.0,0.0,0.0,50733.71484375,0.0,305277.9375,37471.09765625,-1020.65234375,0.0,1020.65625,0.0,-1.9721086339483127,0.0,0.33545827865600586,0.0,TX
7725120,TX,4818,7.579162120819092,1,0.0,0.0,17.3726749420166,1,0,0.0,0.0,42920.140625,21785.693359375,0.0,0.0,0.0,21785.693359375,0.0,0.0,0.0,0.0,0.0,0.0,0.0,0.0,0.0,0.0,0.0,0.0,0.0,0.0,0.0,0.0,0.0,0.0,0.0,0.0,0.0,0.0,0.0,0.0,0.0,0.0,0.0,0.0,0.0,0.0,0.0,0.0,0.0,0.0,0.0,0.0,0.0,0.0,0.0,0.0,0.0,0.0,0.0,0.0,0.0,0.0,0.0,0.0,0.0,0.0,0.0,0.0,0.0,0.0,0.0,0.0,0.0,0.0,0.0,0.0,0.0,0.0,0.0,0.0,0.0,0.0,0.0,0.0,0.0,0.0,0.0,0.0,0.0,0.0,0.0,0.0,0.0,0.0,0.0,0.0,0.0,0.0,0.0,0.0,0.0,0.0,42920.140625,21785.693359375,0.0,0.0,0.0,0.0,0.0,0.0,0.0,0.0,TX
7725121,TX,4818,400.89141845703125,1,0.0,13937.416015625,13937.416015625,1,0,0.0,0.0,42530.640625,9436.27734375,20223.16015625,0.0,0.0,29659.4375,0.0,0.0,0.0,0.0,0.0,0.0,0.0,0.0,0.0,0.0,0.0,0.0,0.0,0.0,0.0,0.0,0.0,0.0,0.0,0.0,0.0,0.0,0.0,0.0,0.0,0.0,0.0,0.0,0.0,0.0,0.0,0.0,0.0,0.0,0.0,0.0,0.0,0.0,0.0,0.0,0.0,0.0,0.0,0.0,0.0,0.0,0.0,0.0,0.0,0.0,0.0,0.0,0.0,0.0,0.0,0.0,0.0,0.0,0.0,0.0,0.0,0.0,0.0,0.0,0.0,0.0,0.0,0.0,0.0,0.0,0.0,0.0,0.0,0.0,0.0,0.0,0.0,0.0,0.0,0.0,0.0,0.0,0.0,0.0,0.0,0.0,42530.640625,29659.4375,0.0,0.0,0.0,0.0,0.0,0.0,0.0,0.0,TX
7725122,TX,4818,0.12794452905654907,1,0.0,105294.53125,124445.8359375,1,0,18960.0,0.0,117293.78125,0.0,0.0,0.0,0.0,0.0,-131.0,0.0,131.0,0.0,-228.0,0.0,228.0,0.0,0.0,0.0,0.0,0.0,0.0,0.0,0.0,0.0,0.0,0.0,0.0,0.0,0.0,0.0,0.0,0.0,0.0,0.0,0.0,0.0,0.0,0.0,0.0,0.0,0.0,0.0,0.0,0.0,0.0,0.0,0.0,0.0,0.0,0.0,0.0,0.0,0.0,0.0,0.0,0.0,0.0,0.0,0.0,0.0,0.0,0.0,0.0,0.0,0.0,0.0,0.0,0.0,-2375.818359375,0.0,2375.8203125,0.0,0.0,0.0,0.0,0.0,0.0,0.0,0.0,0.0,0.0,0.0,0.0,0.0,0.0,0.0,0.0,0.0,0.0,0.0,0.0,0.0,16225.181640625,0.0,120028.6015625,0.0,-2734.818359375,0.0,2734.8203125,0.0,-14.424147465058018,0.0,2.3315987586975098,0.0,TX
7725123,TX,4818,0.13082817196846008,2,0.0,127759.6484375,127759.6484375,2,0,11420.975830078125,0.0,106565.0625,0.0,0.0,0.0,0.0,0.0,-120.0,0.0,120.0,0.0,-114.0,0.0,114.0,0.0,0.0,0.0,0.0,0.0,0.0,0.0,0.0,0.0,0.0,0.0,0.0,0.0,0.0,0.0,0.0,0.0,0.0,0.0,0.0,0.0,0.0,0.0,0.0,0.0,0.0,0.0,0.0,0.0,0.0,0.0,0.0,0.0,0.0,0.0,0.0,0.0,0.0,0.0,0.0,0.0,0.0,0.0,0.0,0.0,0.0,0.0,0.0,0.0,0.0,0.0,0.0,0.0,0.0,0.0,0.0,0.0,0.0,0.0,0.0,0.0,0.0,0.0,0.0,0.0,0.0,0.0,0.0,0.0,0.0,0.0,0.0,0.0,0.0,0.0,0.0,0.0,11186.975830078125,0.0,106799.0625,0.0,-234.0,0.0,234.0,0.0,-2.048861703951258,0.0,0.2195841670036316,0.0,TX
7725124,TX,4818,18.073972702026367,1,0.0,0.0,152.16644287109375,1,0,0.0,0.0,27147.880859375,13915.6376953125,0.0,0.0,0.0,13915.6376953125,0.0,0.0,0.0,0.0,0.0,0.0,0.0,0.0,0.0,0.0,0.0,0.0,0.0,0.0,0.0,0.0,0.0,0.0,0.0,0.0,0.0,0.0,0.0,0.0,0.0,0.0,0.0,0.0,0.0,0.0,0.0,0.0,0.0,0.0,0.0,0.0,0.0,0.0,0.0,0.0,0.0,0.0,0.0,0.0,0.0,0.0,0.0,0.0,0.0,0.0,0.0,0.0,0.0,0.0,0.0,0.0,0.0,0.0,0.0,0.0,0.0,0.0,0.0,0.0,0.0,0.0,0.0,0.0,0.0,0.0,0.0,0.0,0.0,0.0,0.0,0.0,0.0,0.0,0.0,0.0,0.0,0.0,0.0,0.0,0.0,0.0,27147.880859375,13915.6376953125,0.0,0.0,0.0,0.0,0.0,0.0,0.0,0.0,TX
7725125,TX,4818,270.6173095703125,1,0.0,0.0,0.0,1,0,0.0,0.0,22853.5,2630.340087890625,20223.16015625,0.0,0.0,22853.500244140625,0.0,0.0,0.0,0.0,0.0,0.0,0.0,0.0,0.0,0.0,0.0,0.0,0.0,0.0,0.0,0.0,0.0,0.0,0.0,0.0,0.0,0.0,0.0,0.0,0.0,0.0,0.0,0.0,0.0,0.0,0.0,0.0,0.0,0.0,0.0,0.0,0.0,0.0,0.0,0.0,0.0,0.0,0.0,0.0,0.0,0.0,0.0,0.0,0.0,0.0,0.0,0.0,0.0,0.0,0.0,0.0,0.0,0.0,0.0,0.0,0.0,0.0,0.0,0.0,0.0,0.0,0.0,0.0,0.0,0.0,0.0,0.0,0.0,0.0,0.0,0.0,0.0,0.0,0.0,0.0,0.0,0.0,0.0,0.0,0.0,0.0,22853.5,22853.500244140625,0.0,0.0,0.0,0.0,0.0,0.0,0.0,0.0,TX
7725126,TX,4818,0.13795994222164154,6,3.0,146746.984375,146746.984375,6,0,8072.3369140625,0.0,176536.484375,21842.427734375,0.0,0.0,0.0,21842.427734375,-230.0,0.0,230.0,0.0,-418.0,0.0,418.0,0.0,0.0,0.0,0.0,0.0,0.0,0.0,0.0,0.0,-600.0,0.0,600.0,0.0,0.0,0.0,0.0,0.0,0.0,0.0,0.0,0.0,0.0,0.0,0.0,0.0,0.0,0.0,0.0,0.0,0.0,0.0,0.0,0.0,-337.267578125,0.0,337.265625,0.0,0.0,0.0,0.0,0.0,0.0,0.0,0.0,0.0,0.0,0.0,0.0,0.0,0.0,0.0,0.0,0.0,0.0,0.0,0.0,0.0,0.0,0.0,0.0,0.0,-445.8603515625,0.0,445.859375,0.0,0.0,0.0,0.0,0.0,0.0,0.0,0.0,0.0,0.0,0.0,0.0,0.0,6041.208984375,0.0,178567.609375,21842.427734375,-2031.1279296875,0.0,2031.125,0.0,-25.161585192872117,0.0,1.1505411863327026,0.0,TX
7725127,TX,4818,65.12387084960938,2,0.0,0.0,82.72702026367188,2,0,0.0,0.0,123982.609375,61930.4765625,0.0,0.0,0.0,61930.4765625,0.0,0.0,0.0,0.0,0.0,0.0,0.0,0.0,0.0,0.0,0.0,0.0,0.0,0.0,0.0,0.0,0.0,0.0,0.0,0.0,0.0,0.0,0.0,0.0,0.0,0.0,0.0,0.0,0.0,0.0,0.0,0.0,0.0,0.0,0.0,0.0,0.0,0.0,0.0,0.0,0.0,0.0,0.0,0.0,0.0,0.0,0.0,0.0,0.0,0.0,0.0,0.0,0.0,0.0,0.0,0.0,0.0,0.0,0.0,0.0,0.0,0.0,0.0,0.0,0.0,0.0,0.0,0.0,0.0,0.0,0.0,0.0,0.0,0.0,0.0,0.0,0.0,0.0,0.0,0.0,0.0,0.0,0.0,0.0,0.0,0.0,123982.609375,61930.4765625,0.0,0.0,0.0,0.0,0.0,0.0,0.0,0.0,TX
7725128,TX,4818,0.11359608918428421,2,0.0,0.0,236777.609375,2,0,34353.07421875,0.0,246007.234375,35968.0703125,0.0,0.0,0.0,35968.0703125,-230.0,0.0,230.0,0.0,-418.0,0.0,418.0,0.0,0.0,0.0,0.0,0.0,0.0,0.0,0.0,0.0,0.0,0.0,0.0,0.0,0.0,0.0,0.0,0.0,0.0,0.0,0.0,0.0,0.0,0.0,0.0,0.0,0.0,0.0,0.0,0.0,0.0,0.0,0.0,0.0,-371.40625,0.0,371.40625,0.0,0.0,0.0,0.0,0.0,0.0,0.0,0.0,0.0,0.0,0.0,0.0,0.0,0.0,0.0,0.0,0.0,0.0,0.0,0.0,0.0,-1494.53515625,0.0,1494.546875,0.0,0.0,0.0,0.0,0.0,0.0,0.0,0.0,0.0,0.0,0.0,0.0,0.0,0.0,0.0,0.0,0.0,31839.1328125,0.0,248521.1875,35968.0703125,-2513.94140625,0.0,2513.953125,0.0,-7.317951779925082,0.0,1.021902084350586,0.0,TX
7725129,TX,4818,0.1530110239982605,2,0.0,141727.62109375,161582.109375,2,0,18536.064453125,0.0,162422.71875,0.0,0.0,0.0,0.0,0.0,-230.0,0.0,230.0,0.0,-418.0,0.0,418.0,0.0,0.0,0.0,0.0,0.0,0.0,0.0,0.0,0.0,0.0,0.0,0.0,0.0,0.0,0.0,0.0,0.0,0.0,0.0,0.0,0.0,0.0,0.0,0.0,0.0,0.0,0.0,0.0,0.0,0.0,0.0,0.0,0.0,-42.177734375,0.0,42.1875,0.0,0.0,0.0,0.0,0.0,0.0,0.0,0.0,0.0,0.0,0.0,0.0,0.0,0.0,0.0,0.0,0.0,-1768.9794921875,0.0,1768.96875,0.0,0.0,0.0,0.0,0.0,0.0,0.0,0.0,0.0,0.0,0.0,0.0,0.0,0.0,0.0,0.0,0.0,0.0,0.0,0.0,0.0,16076.9072265625,0.0,164881.875,0.0,-2459.1572265625,0.0,2459.15625,0.0,-13.266878914784472,0.0,1.5140470266342163,0.0,TX
7725130,TX,4818,0.25839030742645264,2,1.0,88873.9921875,89263.6328125,2,0,5691.9990234375,0.0,85644.0625,0.0,0.0,0.0,0.0,0.0,-58.36328125,0.0,58.359375,0.0,-177.0,0.0,177.0,0.0,0.0,0.0,0.0,0.0,0.0,0.0,0.0,0.0,-200.0,0.0,200.0,0.0,0.0,0.0,0.0,0.0,0.0,0.0,0.0,0.0,0.0,0.0,0.0,0.0,0.0,0.0,0.0,0.0,0.0,0.0,0.0,0.0,0.0,0.0,0.0,0.0,0.0,0.0,0.0,0.0,0.0,0.0,0.0,0.0,0.0,0.0,0.0,0.0,0.0,0.0,0.0,0.0,0.0,0.0,0.0,0.0,0.0,0.0,0.0,0.0,-404.41845703125,0.0,404.421875,0.0,0.0,0.0,0.0,0.0,0.0,0.0,0.0,0.0,0.0,0.0,0.0,0.0,4852.21728515625,0.0,86483.84375,0.0,-839.78173828125,0.0,839.78125,0.0,-14.753722458899698,0.0,0.980548083782196,0.0,TX
7725131,TX,4818,0.1284823715686798,1,0.0,580725.6875,580725.6875,1,0,167082.984375,0.0,390263.65625,0.0,0.0,0.0,0.0,0.0,-362.25,0.0,362.25,0.0,-332.5,0.0,332.5,0.0,0.0,0.0,0.0,0.0,0.0,0.0,0.0,0.0,0.0,0.0,0.0,0.0,0.0,0.0,0.0,0.0,0.0,0.0,0.0,0.0,0.0,0.0,0.0,0.0,0.0,0.0,0.0,0.0,0.0,0.0,0.0,0.0,0.0,0.0,0.0,0.0,0.0,0.0,0.0,0.0,0.0,0.0,0.0,0.0,0.0,0.0,0.0,0.0,0.0,0.0,0.0,0.0,0.0,0.0,0.0,0.0,0.0,0.0,0.0,0.0,0.0,0.0,0.0,0.0,0.0,0.0,0.0,0.0,0.0,0.0,0.0,0.0,0.0,0.0,0.0,0.0,166388.234375,0.0,390958.40625,0.0,-694.75,0.0,694.75,0.0,-0.4158113422493744,0.0,0.1780206859111786,0.0,TX
7725132,TX,4818,57.53382873535156,1,0.0,0.0,0.0,1,0,0.0,0.0,34793.5234375,14570.3623046875,20223.16015625,0.0,0.0,34793.5224609375,0.0,0.0,0.0,0.0,0.0,0.0,0.0,0.0,0.0,0.0,0.0,0.0,0.0,0.0,0.0,0.0,0.0,0.0,0.0,0.0,0.0,0.0,0.0,0.0,0.0,0.0,0.0,0.0,0.0,0.0,0.0,0.0,0.0,0.0,0.0,0.0,0.0,0.0,0.0,0.0,0.0,0.0,0.0,0.0,0.0,0.0,0.0,0.0,0.0,0.0,0.0,0.0,0.0,0.0,0.0,0.0,0.0,0.0,0.0,0.0,0.0,0.0,0.0,0.0,0.0,0.0,0.0,0.0,0.0,0.0,0.0,0.0,0.0,0.0,0.0,0.0,0.0,0.0,0.0,0.0,0.0,0.0,0.0,0.0,0.0,0.0,34793.5234375,34793.5224609375,0.0,0.0,0.0,0.0,0.0,0.0,0.0,0.0,TX
7725133,TX,4818,0.09277510643005371,2,0.0,0.0,1678407.5703125,2,0,517680.0,0.0,1194016.75,0.0,0.0,0.0,0.0,0.0,-350.25,0.0,350.25,0.0,-351.5,0.0,351.5,0.0,0.0,0.0,0.0,0.0,0.0,0.0,0.0,0.0,0.0,0.0,0.0,0.0,0.0,0.0,0.0,0.0,-1850.0,0.0,1850.0,0.0,0.0,0.0,0.0,0.0,0.0,0.0,0.0,0.0,0.0,0.0,0.0,0.0,0.0,0.0,0.0,0.0,0.0,0.0,0.0,0.0,0.0,0.0,0.0,0.0,0.0,0.0,0.0,0.0,0.0,0.0,0.0,0.0,0.0,0.0,0.0,0.0,0.0,0.0,0.0,0.0,0.0,0.0,0.0,0.0,0.0,0.0,0.0,0.0,0.0,0.0,0.0,0.0,0.0,0.0,0.0,0.0,515128.25,0.0,1196568.5,0.0,-2551.75,0.0,2551.75,0.0,-0.4929203368876526,0.0,0.21371141076087952,0.0,TX
7725134,TX,4818,0.18625612556934357,2,0.0,121064.34375,266914.5,2,0,30314.28125,0.0,263917.4375,0.0,0.0,0.0,0.0,0.0,-230.0,0.0,230.0,0.0,0.0,0.0,0.0,0.0,0.0,0.0,0.0,0.0,0.0,0.0,0.0,0.0,0.0,0.0,0.0,0.0,0.0,0.0,0.0,0.0,0.0,0.0,0.0,0.0,0.0,0.0,0.0,0.0,0.0,0.0,0.0,0.0,0.0,0.0,0.0,0.0,0.0,0.0,0.0,0.0,0.0,0.0,0.0,0.0,0.0,0.0,0.0,0.0,-504.25,0.0,504.25,0.0,0.0,0.0,0.0,0.0,0.0,0.0,0.0,0.0,0.0,0.0,0.0,0.0,0.0,0.0,0.0,0.0,0.0,0.0,0.0,0.0,0.0,0.0,0.0,0.0,0.0,0.0,0.0,0.0,29580.03125,0.0,264651.6875,0.0,-734.25,0.0,734.25,0.0,-2.4221257101386824,0.0,0.2782120108604431,0.0,TX
7725135,TX,4818,4.624534606933594,1,0.0,0.0,4136.35107421875,1,0,0.0,0.0,44797.53125,19501.171875,0.0,0.0,0.0,19501.171875,0.0,0.0,0.0,0.0,0.0,0.0,0.0,0.0,0.0,0.0,0.0,0.0,0.0,0.0,0.0,0.0,0.0,0.0,0.0,0.0,0.0,0.0,0.0,0.0,0.0,0.0,0.0,0.0,0.0,0.0,0.0,0.0,0.0,0.0,0.0,0.0,0.0,0.0,0.0,0.0,0.0,0.0,0.0,0.0,0.0,0.0,0.0,0.0,0.0,0.0,0.0,0.0,0.0,0.0,0.0,0.0,0.0,0.0,0.0,0.0,0.0,0.0,0.0,0.0,0.0,0.0,0.0,0.0,0.0,0.0,0.0,0.0,0.0,0.0,0.0,0.0,0.0,0.0,0.0,0.0,0.0,0.0,0.0,0.0,0.0,0.0,44797.53125,19501.171875,0.0,0.0,0.0,0.0,0.0,0.0,0.0,0.0,TX
7725136,TX,4818,0.13770200312137604,3,1.0,229859.875,229948.390625,3,0,31576.64453125,0.0,189066.78125,0.0,0.0,0.0,0.0,0.0,-230.0,0.0,230.0,0.0,-418.0,0.0,418.0,0.0,0.0,0.0,0.0,0.0,0.0,0.0,0.0,0.0,-200.0,0.0,200.0,0.0,0.0,0.0,0.0,0.0,0.0,0.0,0.0,0.0,0.0,0.0,0.0,0.0,0.0,0.0,0.0,0.0,0.0,0.0,0.0,0.0,0.0,0.0,0.0,0.0,0.0,0.0,0.0,0.0,0.0,0.0,0.0,0.0,0.0,0.0,0.0,0.0,0.0,0.0,0.0,0.0,0.0,0.0,0.0,0.0,0.0,0.0,0.0,0.0,0.0,0.0,0.0,0.0,0.0,0.0,0.0,0.0,0.0,0.0,0.0,0.0,0.0,0.0,0.0,0.0,30728.64453125,0.0,189914.78125,0.0,-848.0,0.0,848.0,0.0,-2.6855291706526074,0.0,0.4485187530517578,0.0,TX
7725137,TX,4818,105.74427795410156,1,0.0,0.0,0.0,1,0,0.0,0.0,43928.41015625,13359.525390625,20223.16015625,0.0,0.0,33582.685546875,0.0,0.0,0.0,0.0,0.0,0.0,0.0,0.0,0.0,0.0,0.0,0.0,0.0,0.0,0.0,0.0,0.0,0.0,0.0,0.0,0.0,0.0,0.0,0.0,0.0,0.0,0.0,0.0,0.0,0.0,0.0,0.0,0.0,0.0,0.0,0.0,0.0,0.0,0.0,0.0,0.0,0.0,0.0,0.0,0.0,0.0,0.0,0.0,0.0,0.0,0.0,0.0,0.0,0.0,0.0,0.0,0.0,0.0,0.0,0.0,0.0,0.0,0.0,0.0,0.0,0.0,0.0,0.0,0.0,0.0,0.0,0.0,0.0,0.0,0.0,0.0,0.0,0.0,0.0,0.0,0.0,0.0,0.0,0.0,0.0,0.0,43928.41015625,33582.685546875,0.0,0.0,0.0,0.0,0.0,0.0,0.0,0.0,TX
7725138,TX,4818,758.71142578125,3,0.0,0.0,0.0,3,0,0.0,0.0,91203.390625,19786.001953125,60669.48046875,0.0,0.0,80455.482421875,0.0,0.0,0.0,0.0,0.0,0.0,0.0,0.0,0.0,0.0,0.0,0.0,0.0,0.0,0.0,0.0,0.0,0.0,0.0,0.0,0.0,0.0,0.0,0.0,0.0,0.0,0.0,0.0,0.0,0.0,0.0,0.0,0.0,0.0,0.0,0.0,0.0,0.0,0.0,0.0,0.0,0.0,0.0,0.0,0.0,0.0,0.0,0.0,0.0,0.0,0.0,0.0,0.0,0.0,0.0,0.0,0.0,0.0,0.0,0.0,0.0,0.0,0.0,0.0,0.0,0.0,0.0,0.0,0.0,0.0,0.0,0.0,0.0,0.0,0.0,0.0,0.0,0.0,0.0,0.0,0.0,0.0,0.0,0.0,0.0,0.0,91203.390625,80455.482421875,0.0,0.0,0.0,0.0,0.0,0.0,0.0,0.0,TX
7725139,TX,4818,144.08169555664062,1,0.0,0.0,2852.131591796875,1,0,0.0,0.0,40933.0,9763.453125,20223.16015625,0.0,0.0,29986.61328125,0.0,0.0,0.0,0.0,0.0,0.0,0.0,0.0,0.0,0.0,0.0,0.0,0.0,0.0,0.0,0.0,0.0,0.0,0.0,0.0,0.0,0.0,0.0,0.0,0.0,0.0,0.0,0.0,0.0,0.0,0.0,0.0,0.0,0.0,0.0,0.0,0.0,0.0,0.0,0.0,0.0,0.0,0.0,0.0,0.0,0.0,0.0,0.0,0.0,0.0,0.0,0.0,0.0,0.0,0.0,0.0,0.0,0.0,0.0,0.0,0.0,0.0,0.0,0.0,0.0,0.0,0.0,0.0,0.0,0.0,0.0,0.0,0.0,0.0,0.0,0.0,0.0,0.0,0.0,0.0,0.0,0.0,0.0,0.0,0.0,0.0,40933.0,29986.61328125,0.0,0.0,0.0,0.0,0.0,0.0,0.0,0.0,TX
7725140,TX,4818,0.21623702347278595,4,3.0,48780.95703125,49049.8203125,4,0,-6562.8876953125,0.0,61627.875,4545.63916015625,0.0,0.0,5074.74755859375,9620.38671875,-7.0,0.0,7.0,0.0,-177.0,0.0,177.0,0.0,0.0,0.0,0.0,0.0,0.0,0.0,0.0,0.0,-600.0,0.0,600.0,0.0,-277.42333984375,0.0,277.42578125,0.0,0.0,0.0,0.0,0.0,0.0,0.0,0.0,0.0,0.0,0.0,0.0,0.0,0.0,0.0,0.0,0.0,0.0,0.0,0.0,0.0,0.0,0.0,0.0,0.0,0.0,0.0,0.0,0.0,0.0,0.0,0.0,0.0,0.0,0.0,0.0,0.0,0.0,0.0,0.0,0.0,0.0,0.0,0.0,0.0,0.0,0.0,0.0,0.0,0.0,0.0,0.0,0.0,0.0,0.0,0.0,0.0,0.0,0.0,0.0,0.0,-7624.31103515625,0.0,62689.30078125,9620.38671875,-1061.42333984375,0.0,1061.42578125,0.0,-16.173114475231152,0.0,1.7223143577575684,0.0,TX
7725141,TX,4818,0.118820920586586,3,0.0,233666.50390625,233683.05859375,3,0,26878.451171875,0.0,195690.828125,0.0,0.0,0.0,0.0,0.0,-235.0,0.0,235.0,0.0,-532.0,0.0,532.0,0.0,0.0,0.0,0.0,0.0,0.0,0.0,0.0,0.0,0.0,0.0,0.0,0.0,0.0,0.0,0.0,0.0,0.0,0.0,0.0,0.0,0.0,0.0,0.0,0.0,0.0,0.0,0.0,0.0,0.0,0.0,0.0,0.0,-23.865234375,0.0,23.859375,0.0,0.0,0.0,0.0,0.0,0.0,0.0,0.0,0.0,0.0,0.0,0.0,0.0,0.0,0.0,0.0,0.0,-595.508056640625,0.0,595.515625,0.0,0.0,0.0,0.0,0.0,-197.22265625,0.0,197.21875,0.0,0.0,0.0,0.0,0.0,0.0,0.0,0.0,0.0,0.0,0.0,0.0,0.0,25294.855224609375,0.0,197274.421875,0.0,-1583.595947265625,0.0,1583.59375,0.0,-5.891693450412291,0.0,0.8092325329780579,0.0,TX
7725142,TX,4818,23.299339294433594,2,0.0,0.0,28.08690643310547,2,0,0.0,0.0,695.8729858398438,660.0,0.0,0.0,0.0,660.0,0.0,0.0,0.0,0.0,0.0,0.0,0.0,0.0,0.0,0.0,0.0,0.0,0.0,0.0,0.0,0.0,0.0,0.0,0.0,0.0,0.0,0.0,0.0,0.0,0.0,0.0,0.0,0.0,0.0,0.0,0.0,0.0,0.0,0.0,0.0,0.0,0.0,0.0,0.0,0.0,0.0,0.0,0.0,0.0,0.0,0.0,0.0,0.0,0.0,0.0,0.0,0.0,0.0,0.0,0.0,0.0,0.0,0.0,0.0,0.0,0.0,0.0,0.0,0.0,0.0,0.0,0.0,0.0,0.0,0.0,0.0,0.0,0.0,0.0,0.0,0.0,0.0,0.0,0.0,0.0,0.0,0.0,0.0,0.0,0.0,0.0,695.8729858398438,660.0,0.0,0.0,0.0,0.0,0.0,0.0,0.0,0.0,TX
7725143,TX,4818,38.50937271118164,1,0.0,0.0,2.4818105697631836,1,0,0.0,0.0,38991.94140625,19892.515625,0.0,0.0,0.0,19892.515625,0.0,0.0,0.0,0.0,0.0,0.0,0.0,0.0,0.0,0.0,0.0,0.0,0.0,0.0,0.0,0.0,0.0,0.0,0.0,0.0,0.0,0.0,0.0,0.0,0.0,0.0,0.0,0.0,0.0,0.0,0.0,0.0,0.0,0.0,0.0,0.0,0.0,0.0,0.0,0.0,0.0,0.0,0.0,0.0,0.0,0.0,0.0,0.0,0.0,0.0,0.0,0.0,0.0,0.0,0.0,0.0,0.0,0.0,0.0,0.0,0.0,0.0,0.0,0.0,0.0,0.0,0.0,0.0,0.0,0.0,0.0,0.0,0.0,0.0,-466.73828125,-466.740234375,0.0,0.0,0.0,0.0,0.0,0.0,0.0,0.0,0.0,0.0,38525.203125,19425.775390625,0.0,0.0,-466.73828125,-466.740234375,0.0,0.0,-1.197012186050415,-2.3463107591501515,TX
7725144,TX,4818,0.14970508217811584,2,0.0,181453.04296875,191234.0078125,2,0,25841.11328125,0.0,167863.5,0.0,0.0,0.0,0.0,0.0,-136.0,0.0,136.0,0.0,-342.0,0.0,342.0,0.0,0.0,0.0,0.0,0.0,0.0,0.0,0.0,0.0,0.0,0.0,0.0,0.0,0.0,0.0,0.0,0.0,0.0,0.0,0.0,0.0,0.0,0.0,0.0,0.0,0.0,0.0,0.0,0.0,0.0,0.0,0.0,0.0,0.0,0.0,0.0,0.0,0.0,0.0,0.0,0.0,0.0,0.0,0.0,0.0,0.0,0.0,0.0,0.0,0.0,0.0,0.0,0.0,0.0,0.0,0.0,0.0,0.0,0.0,0.0,0.0,0.0,0.0,0.0,0.0,0.0,0.0,0.0,0.0,0.0,0.0,0.0,0.0,0.0,0.0,0.0,0.0,25363.11328125,0.0,168341.5,0.0,-478.0,0.0,478.0,0.0,-1.8497655066077632,0.0,0.2847551703453064,0.0,TX
7725145,TX,4818,0.23868678510189056,1,0.0,0.0,91044.875,1,0,8614.9384765625,0.0,100946.8046875,15733.3056640625,0.0,0.0,0.0,15733.3056640625,-5.0,0.0,5.0,0.0,-256.5,0.0,256.5,0.0,0.0,0.0,0.0,0.0,0.0,0.0,0.0,0.0,0.0,0.0,0.0,0.0,0.0,0.0,0.0,0.0,0.0,0.0,0.0,0.0,0.0,0.0,0.0,0.0,0.0,0.0,0.0,0.0,0.0,0.0,0.0,0.0,0.0,0.0,0.0,0.0,0.0,0.0,0.0,0.0,0.0,0.0,0.0,0.0,0.0,0.0,0.0,0.0,0.0,0.0,0.0,0.0,0.0,0.0,0.0,0.0,-1360.072265625,0.0,1360.0703125,0.0,0.0,0.0,0.0,0.0,0.0,0.0,0.0,0.0,0.0,0.0,0.0,0.0,0.0,0.0,0.0,0.0,6993.3662109375,0.0,102568.375,15733.3056640625,-1621.572265625,0.0,1621.5703125,0.0,-18.822795659383903,0.0,1.6063611507415771,0.0,TX
7725146,TX,4818,41.845401763916016,1,0.0,0.0,165.45404052734375,1,0,0.0,0.0,41861.578125,20952.974609375,0.0,0.0,0.0,20952.974609375,0.0,0.0,0.0,0.0,0.0,0.0,0.0,0.0,0.0,0.0,0.0,0.0,0.0,0.0,0.0,0.0,0.0,0.0,0.0,0.0,0.0,0.0,0.0,0.0,0.0,0.0,0.0,0.0,0.0,0.0,0.0,0.0,0.0,0.0,0.0,0.0,0.0,0.0,0.0,0.0,0.0,0.0,0.0,0.0,0.0,0.0,0.0,0.0,0.0,0.0,0.0,0.0,0.0,0.0,0.0,0.0,0.0,0.0,0.0,0.0,0.0,0.0,0.0,0.0,0.0,0.0,0.0,0.0,0.0,0.0,0.0,0.0,0.0,0.0,0.0,0.0,0.0,0.0,0.0,0.0,0.0,0.0,0.0,0.0,0.0,0.0,41861.578125,20952.974609375,0.0,0.0,0.0,0.0,0.0,0.0,0.0,0.0,TX
7725147,TX,4818,77.83936309814453,1,0.0,0.0,0.0,1,0,0.0,0.0,51870.25390625,26078.96875,0.0,0.0,0.0,26078.96875,0.0,0.0,0.0,0.0,0.0,0.0,0.0,0.0,0.0,0.0,0.0,0.0,0.0,0.0,0.0,0.0,0.0,0.0,0.0,0.0,0.0,0.0,0.0,0.0,0.0,0.0,0.0,0.0,0.0,0.0,0.0,0.0,0.0,0.0,0.0,0.0,0.0,0.0,0.0,0.0,0.0,0.0,0.0,0.0,0.0,0.0,0.0,0.0,0.0,0.0,0.0,0.0,0.0,0.0,0.0,0.0,0.0,0.0,0.0,0.0,0.0,0.0,0.0,0.0,0.0,0.0,0.0,0.0,0.0,0.0,0.0,0.0,0.0,0.0,0.0,0.0,0.0,0.0,0.0,0.0,0.0,0.0,0.0,0.0,0.0,0.0,51870.25390625,26078.96875,0.0,0.0,0.0,0.0,0.0,0.0,0.0,0.0,TX
7725148,TX,4818,0.14132800698280334,8,3.9999999999999996,140535.61328125,140535.61328125,7,1,2329.570678710938,0.0,191491.515625,11956.8173828125,32635.69091796875,19443.951171875,0.0,64036.45947265625,-10.0,0.0,10.0,0.0,-418.0000000000009,0.0,418.0,0.0,0.0,0.0,0.0,0.0,0.0,0.0,0.0,0.0,206.48486328125045,0.0,-206.484375,0.0,0.0,0.0,0.0,0.0,0.0,0.0,0.0,0.0,0.0,0.0,0.0,0.0,0.0,0.0,0.0,0.0,0.0,0.0,0.0,0.0,0.0,0.0,0.0,0.0,0.0,0.0,0.0,0.0,0.0,0.0,0.0,0.0,0.0,0.0,0.0,0.0,0.0,0.0,0.0,0.0,0.0,0.0,0.0,0.0,0.0,0.0,0.0,0.0,0.0,0.0,0.0,0.0,0.0,0.0,0.0,0.0,0.0,0.0,0.0,0.0,0.0,0.0,0.0,0.0,2108.0555419921875,0.0,191713.03125,64036.45947265625,-221.51513671875045,0.0,221.515625,0.0,-9.50883949317757,0.0,0.11567907780408859,0.0,TX
7725149,TX,4818,286.55511474609375,3,2.0,0.0,0.0,3,0,0.0,0.0,34686.14453125,6187.96435546875,28498.1806640625,0.0,0.0,34686.14501953125,0.0,0.0,0.0,0.0,0.0,0.0,0.0,0.0,0.0,0.0,0.0,0.0,0.0,0.0,0.0,0.0,0.0,0.0,0.0,0.0,0.0,0.0,0.0,0.0,0.0,0.0,0.0,0.0,0.0,0.0,0.0,0.0,0.0,0.0,0.0,0.0,0.0,0.0,0.0,0.0,0.0,0.0,0.0,0.0,0.0,0.0,0.0,0.0,0.0,0.0,0.0,0.0,0.0,0.0,0.0,0.0,0.0,0.0,0.0,0.0,0.0,0.0,0.0,0.0,0.0,0.0,0.0,0.0,0.0,0.0,0.0,0.0,0.0,0.0,0.0,0.0,0.0,0.0,0.0,0.0,0.0,0.0,0.0,0.0,0.0,0.0,34686.14453125,34686.14501953125,0.0,0.0,0.0,0.0,0.0,0.0,0.0,0.0,TX
7725150,TX,4818,737.1071166992188,2,1.0,0.0,0.0,2,0,0.0,0.0,43669.3828125,19308.7109375,24360.67041015625,0.0,0.0,43669.38134765625,0.0,0.0,0.0,0.0,0.0,0.0,0.0,0.0,0.0,0.0,0.0,0.0,0.0,0.0,0.0,0.0,0.0,0.0,0.0,0.0,0.0,0.0,0.0,0.0,0.0,0.0,0.0,0.0,0.0,0.0,0.0,0.0,0.0,0.0,0.0,0.0,0.0,0.0,0.0,0.0,0.0,0.0,0.0,0.0,0.0,0.0,0.0,0.0,0.0,0.0,0.0,0.0,0.0,0.0,0.0,0.0,0.0,0.0,0.0,0.0,0.0,0.0,0.0,0.0,0.0,0.0,0.0,0.0,0.0,0.0,0.0,0.0,0.0,0.0,-5831.8203125,-5831.818359375,0.0,0.0,0.0,0.0,0.0,0.0,0.0,0.0,0.0,0.0,37837.5625,37837.56298828125,0.0,0.0,-5831.8203125,-5831.818359375,0.0,0.0,-13.354483604431152,-13.354478995127774,TX
7725151,TX,4818,85.3751449584961,1,0.0,0.0,496.36212158203125,1,0,0.0,0.0,58585.29296875,28315.58984375,0.0,0.0,0.0,28315.58984375,0.0,0.0,0.0,0.0,0.0,0.0,0.0,0.0,0.0,0.0,0.0,0.0,0.0,0.0,0.0,0.0,0.0,0.0,0.0,0.0,0.0,0.0,0.0,0.0,0.0,0.0,0.0,0.0,0.0,0.0,0.0,0.0,0.0,0.0,0.0,0.0,0.0,0.0,0.0,0.0,0.0,0.0,0.0,0.0,0.0,0.0,0.0,0.0,0.0,0.0,0.0,0.0,0.0,0.0,0.0,0.0,0.0,0.0,0.0,0.0,0.0,0.0,0.0,0.0,0.0,0.0,0.0,0.0,0.0,0.0,0.0,0.0,0.0,0.0,0.0,0.0,0.0,0.0,0.0,0.0,0.0,0.0,0.0,0.0,0.0,0.0,58585.29296875,28315.58984375,0.0,0.0,0.0,0.0,0.0,0.0,0.0,0.0,TX
7725152,TX,4818,161.836669921875,1,0.0,0.0,0.0,1,0,0.0,0.0,48864.1953125,24575.939453125,0.0,0.0,0.0,24575.939453125,0.0,0.0,0.0,0.0,0.0,0.0,0.0,0.0,0.0,0.0,0.0,0.0,0.0,0.0,0.0,0.0,0.0,0.0,0.0,0.0,0.0,0.0,0.0,0.0,0.0,0.0,0.0,0.0,0.0,0.0,0.0,0.0,0.0,0.0,0.0,0.0,0.0,0.0,0.0,0.0,0.0,0.0,0.0,0.0,0.0,0.0,0.0,0.0,0.0,0.0,0.0,0.0,0.0,0.0,0.0,0.0,0.0,0.0,0.0,0.0,0.0,0.0,0.0,0.0,0.0,0.0,0.0,0.0,0.0,0.0,0.0,0.0,0.0,0.0,0.0,0.0,0.0,0.0,0.0,0.0,0.0,0.0,0.0,0.0,0.0,0.0,48864.1953125,24575.939453125,0.0,0.0,0.0,0.0,0.0,0.0,0.0,0.0,TX
7725153,TX,4818,243.2836456298828,2,0.0,0.0,0.0,2,0,0.0,0.0,330.0,330.0,0.0,0.0,0.0,330.0,0.0,0.0,0.0,0.0,0.0,0.0,0.0,0.0,0.0,0.0,0.0,0.0,0.0,0.0,0.0,0.0,0.0,0.0,0.0,0.0,0.0,0.0,0.0,0.0,0.0,0.0,0.0,0.0,0.0,0.0,0.0,0.0,0.0,0.0,0.0,0.0,0.0,0.0,0.0,0.0,0.0,0.0,0.0,0.0,0.0,0.0,0.0,0.0,0.0,0.0,0.0,0.0,0.0,0.0,0.0,0.0,0.0,0.0,0.0,0.0,0.0,0.0,0.0,0.0,0.0,0.0,0.0,0.0,0.0,0.0,0.0,0.0,0.0,0.0,0.0,0.0,0.0,0.0,0.0,0.0,0.0,0.0,0.0,0.0,0.0,0.0,330.0,330.0,0.0,0.0,0.0,0.0,0.0,0.0,0.0,0.0,TX
7725154,TX,4818,755.4317626953125,2,0.0,0.0,1454.0142798423767,2,0,0.0,0.0,81118.71875,42807.3203125,0.0,0.0,0.0,42807.3203125,0.0,0.0,0.0,0.0,0.0,0.0,0.0,0.0,0.0,0.0,0.0,0.0,0.0,0.0,0.0,0.0,0.0,0.0,0.0,0.0,0.0,0.0,0.0,0.0,0.0,0.0,0.0,0.0,0.0,0.0,0.0,0.0,0.0,0.0,0.0,0.0,0.0,0.0,0.0,0.0,0.0,0.0,0.0,0.0,0.0,0.0,0.0,0.0,0.0,0.0,0.0,0.0,0.0,0.0,0.0,0.0,0.0,0.0,0.0,0.0,0.0,0.0,0.0,0.0,0.0,0.0,0.0,0.0,0.0,0.0,0.0,0.0,0.0,0.0,0.0,0.0,0.0,0.0,0.0,0.0,0.0,0.0,0.0,0.0,0.0,0.0,81118.71875,42807.3203125,0.0,0.0,0.0,0.0,0.0,0.0,0.0,0.0,TX
7725155,TX,4818,0.10527429729700089,1,0.0,0.0,1414024.5,1,0,518592.25,0.0,913012.4375,0.0,0.0,0.0,0.0,0.0,-350.25,0.0,350.25,0.0,-351.5,0.0,351.5,0.0,0.0,0.0,0.0,0.0,0.0,0.0,0.0,0.0,0.0,0.0,0.0,0.0,0.0,0.0,0.0,0.0,-1850.0,0.0,1850.0,0.0,0.0,0.0,0.0,0.0,0.0,0.0,0.0,0.0,0.0,0.0,0.0,0.0,0.0,0.0,0.0,0.0,0.0,0.0,0.0,0.0,0.0,0.0,0.0,0.0,0.0,0.0,0.0,0.0,0.0,0.0,0.0,0.0,0.0,0.0,0.0,0.0,0.0,0.0,0.0,0.0,0.0,0.0,0.0,0.0,0.0,0.0,0.0,0.0,0.0,0.0,0.0,0.0,0.0,0.0,0.0,0.0,516040.5,0.0,915564.1875,0.0,-2551.75,0.0,2551.75,0.0,-0.49205324607145595,0.0,0.27948686480522156,0.0,TX
7725156,TX,4818,0.14979314804077148,4,0.0,194355.21875,197063.0390625,4,0,19255.093505859375,0.0,167934.0625,2705.33642578125,0.0,0.0,0.0,2705.33642578125,-129.712646484375,0.0,129.71875,0.0,-532.0,0.0,532.0,0.0,0.0,0.0,0.0,0.0,0.0,0.0,0.0,0.0,0.0,0.0,0.0,0.0,0.0,0.0,0.0,0.0,0.0,0.0,0.0,0.0,0.0,0.0,0.0,0.0,0.0,0.0,0.0,0.0,0.0,0.0,0.0,0.0,-240.0,0.0,240.0,0.0,0.0,0.0,0.0,0.0,0.0,0.0,0.0,0.0,0.0,0.0,0.0,0.0,0.0,0.0,0.0,0.0,0.0,0.0,0.0,0.0,0.0,0.0,0.0,0.0,0.0,0.0,0.0,0.0,0.0,0.0,0.0,0.0,0.0,0.0,0.0,0.0,0.0,0.0,0.0,0.0,18353.380859375,0.0,168835.78125,2705.33642578125,-901.712646484375,0.0,901.71875,0.0,-4.682982433764767,0.0,0.5369481444358826,0.0,TX
7725157,TX,4818,114.27731323242188,1,0.0,0.0,0.0,1,0,0.0,0.0,51453.8984375,25870.791015625,0.0,0.0,0.0,25870.791015625,0.0,0.0,0.0,0.0,0.0,0.0,0.0,0.0,0.0,0.0,0.0,0.0,0.0,0.0,0.0,0.0,0.0,0.0,0.0,0.0,0.0,0.0,0.0,0.0,0.0,0.0,0.0,0.0,0.0,0.0,0.0,0.0,0.0,0.0,0.0,0.0,0.0,0.0,0.0,0.0,0.0,0.0,0.0,0.0,0.0,0.0,0.0,0.0,0.0,0.0,0.0,0.0,0.0,0.0,0.0,0.0,0.0,0.0,0.0,0.0,0.0,0.0,0.0,0.0,0.0,0.0,0.0,0.0,0.0,0.0,0.0,0.0,0.0,0.0,0.0,0.0,0.0,0.0,0.0,0.0,0.0,0.0,0.0,0.0,0.0,0.0,51453.8984375,25870.791015625,0.0,0.0,0.0,0.0,0.0,0.0,0.0,0.0,TX
7725158,TX,4818,0.17141051590442657,3,1.0,213622.4375,214040.203125,2,1,28076.84375,0.0,171063.90625,0.0,0.0,0.0,0.0,0.0,-230.0,0.0,230.0,0.0,-418.0,0.0,418.0,0.0,0.0,0.0,0.0,0.0,0.0,0.0,0.0,0.0,-200.0,0.0,200.0,0.0,0.0,0.0,0.0,0.0,0.0,0.0,0.0,0.0,0.0,0.0,0.0,0.0,0.0,0.0,0.0,0.0,0.0,0.0,0.0,0.0,0.0,0.0,0.0,0.0,0.0,0.0,0.0,0.0,0.0,0.0,0.0,0.0,0.0,0.0,0.0,0.0,0.0,0.0,0.0,0.0,0.0,0.0,0.0,0.0,0.0,0.0,0.0,0.0,0.0,0.0,0.0,0.0,0.0,0.0,0.0,0.0,0.0,0.0,0.0,0.0,0.0,0.0,0.0,0.0,27228.84375,0.0,171911.90625,0.0,-848.0,0.0,848.0,0.0,-3.020282505935162,0.0,0.49572116136550903,0.0,TX
7725159,TX,4818,161.99957275390625,2,0.0,0.0,-404.0516061782837,2,0,0.0,0.0,91349.71875,45671.8203125,0.0,0.0,0.0,45671.8203125,0.0,0.0,0.0,0.0,0.0,0.0,0.0,0.0,0.0,0.0,0.0,0.0,0.0,0.0,0.0,0.0,0.0,0.0,0.0,0.0,0.0,0.0,0.0,0.0,0.0,0.0,0.0,0.0,0.0,0.0,0.0,0.0,0.0,0.0,0.0,0.0,0.0,0.0,0.0,0.0,0.0,0.0,0.0,0.0,0.0,0.0,0.0,0.0,0.0,0.0,0.0,0.0,0.0,0.0,0.0,0.0,0.0,0.0,0.0,0.0,0.0,0.0,0.0,0.0,0.0,0.0,0.0,0.0,0.0,0.0,0.0,0.0,0.0,0.0,0.0,0.0,0.0,0.0,0.0,0.0,0.0,0.0,0.0,0.0,0.0,0.0,91349.71875,45671.8203125,0.0,0.0,0.0,0.0,0.0,0.0,0.0,0.0,TX
7725160,TX,4818,37.0607795715332,2,0.0,0.0,1341021.375,2,0,356846.1875,0.0,1046251.9375,48890.4140625,0.0,0.0,0.0,48890.4140625,-734.0,0.0,734.0,0.0,-703.0,0.0,703.0,0.0,0.0,0.0,0.0,0.0,0.0,0.0,0.0,0.0,0.0,0.0,0.0,0.0,0.0,0.0,0.0,0.0,-1732.75,0.0,1732.8125,0.0,0.0,0.0,0.0,0.0,0.0,0.0,0.0,0.0,0.0,0.0,0.0,0.0,0.0,0.0,0.0,0.0,0.0,0.0,0.0,0.0,0.0,0.0,0.0,0.0,0.0,0.0,0.0,0.0,0.0,0.0,0.0,0.0,0.0,0.0,0.0,0.0,0.0,0.0,0.0,0.0,0.0,0.0,0.0,0.0,0.0,0.0,0.0,0.0,0.0,0.0,0.0,0.0,0.0,0.0,0.0,0.0,353676.4375,0.0,1049421.75,48890.4140625,-3169.75,0.0,3169.8125,0.0,-0.888267861906189,0.0,0.3029683828353882,0.0,TX
7725161,TX,4818,0.16378240287303925,5,3.0,60774.337890625,72952.6796875,5,0,-1567.798828125,0.0,98059.15625,0.0,0.0,0.0,5074.74755859375,5074.74755859375,-10.0,0.0,10.0,0.0,-228.0,0.0,228.0,0.0,0.0,0.0,0.0,0.0,0.0,0.0,0.0,0.0,-600.0,0.0,600.0,0.0,0.0,0.0,0.0,0.0,0.0,0.0,0.0,0.0,0.0,0.0,0.0,0.0,0.0,0.0,0.0,0.0,0.0,0.0,0.0,0.0,-239.999755859375,0.0,240.0,0.0,0.0,0.0,0.0,0.0,0.0,0.0,0.0,0.0,0.0,0.0,0.0,0.0,0.0,0.0,0.0,0.0,0.0,0.0,0.0,0.0,0.0,0.0,0.0,0.0,0.0,0.0,0.0,0.0,0.0,0.0,0.0,0.0,0.0,0.0,0.0,0.0,0.0,0.0,0.0,0.0,-2645.798583984375,0.0,99137.15625,5074.74755859375,-1077.999755859375,0.0,1078.0,0.0,-68.75880607390188,0.0,1.0993363857269287,0.0,TX
7725162,TX,4818,9.869210243225098,1,0.0,0.0,17.3726749420166,1,0,0.0,0.0,36059.8515625,18182.15234375,0.0,0.0,0.0,18182.15234375,0.0,0.0,0.0,0.0,0.0,0.0,0.0,0.0,0.0,0.0,0.0,0.0,0.0,0.0,0.0,0.0,0.0,0.0,0.0,0.0,0.0,0.0,0.0,0.0,0.0,0.0,0.0,0.0,0.0,0.0,0.0,0.0,0.0,0.0,0.0,0.0,0.0,0.0,0.0,0.0,0.0,0.0,0.0,0.0,0.0,0.0,0.0,0.0,0.0,0.0,0.0,0.0,0.0,0.0,0.0,0.0,0.0,0.0,0.0,0.0,0.0,0.0,0.0,0.0,0.0,0.0,0.0,0.0,0.0,0.0,0.0,0.0,0.0,0.0,0.0,0.0,0.0,0.0,0.0,0.0,0.0,0.0,0.0,0.0,0.0,0.0,36059.8515625,18182.15234375,0.0,0.0,0.0,0.0,0.0,0.0,0.0,0.0,TX
7725163,TX,4818,113.52931213378906,1,0.0,0.0,0.0,1,0,0.0,0.0,49071.28515625,24679.484375,0.0,0.0,0.0,24679.484375,0.0,0.0,0.0,0.0,0.0,0.0,0.0,0.0,0.0,0.0,0.0,0.0,0.0,0.0,0.0,0.0,0.0,0.0,0.0,0.0,0.0,0.0,0.0,0.0,0.0,0.0,0.0,0.0,0.0,0.0,0.0,0.0,0.0,0.0,0.0,0.0,0.0,0.0,0.0,0.0,0.0,0.0,0.0,0.0,0.0,0.0,0.0,0.0,0.0,0.0,0.0,0.0,0.0,0.0,0.0,0.0,0.0,0.0,0.0,0.0,0.0,0.0,0.0,0.0,0.0,0.0,0.0,0.0,0.0,0.0,0.0,0.0,0.0,0.0,0.0,0.0,0.0,0.0,0.0,0.0,0.0,0.0,0.0,0.0,0.0,0.0,49071.28515625,24679.484375,0.0,0.0,0.0,0.0,0.0,0.0,0.0,0.0,TX
7725164,TX,4818,0.10915445536375046,6,3.9999999999999996,209869.4765625,209901.71874999997,6,0,19966.19921875,0.0,184699.234375,0.0,0.0,0.0,0.0,0.0,-230.0,0.0,230.0,0.0,-418.0,0.0,418.0,0.0,0.0,0.0,0.0,0.0,0.0,0.0,0.0,0.0,-800.0,0.0,800.0,0.0,0.0,0.0,0.0,0.0,0.0,0.0,0.0,0.0,0.0,0.0,0.0,0.0,0.0,0.0,0.0,0.0,0.0,0.0,0.0,0.0,0.0,0.0,0.0,0.0,0.0,0.0,0.0,0.0,0.0,0.0,0.0,0.0,0.0,0.0,0.0,0.0,0.0,0.0,0.0,0.0,0.0,0.0,0.0,0.0,0.0,0.0,0.0,0.0,0.0,0.0,0.0,0.0,0.0,0.0,0.0,0.0,0.0,0.0,0.0,0.0,0.0,0.0,0.0,0.0,18518.19921875,0.0,186147.234375,0.0,-1448.0,0.0,1448.0,0.0,-7.252256596940102,0.0,0.7839772701263428,0.0,TX
7725165,TX,4818,0.1304517388343811,2,0.0,44479.51953125,1333409.125,2,0,446218.4375,0.0,974156.75,45437.48046875,0.0,0.0,0.0,45437.48046875,-734.0,0.0,734.0,0.0,-703.0,0.0,703.0,0.0,0.0,0.0,0.0,0.0,0.0,0.0,0.0,0.0,0.0,0.0,0.0,0.0,0.0,0.0,0.0,0.0,-1850.0,0.0,1850.0,0.0,0.0,0.0,0.0,0.0,0.0,0.0,0.0,0.0,0.0,0.0,0.0,0.0,0.0,0.0,0.0,0.0,0.0,0.0,0.0,0.0,0.0,0.0,0.0,0.0,0.0,0.0,0.0,0.0,0.0,0.0,0.0,0.0,0.0,0.0,0.0,0.0,0.0,0.0,0.0,0.0,0.0,0.0,0.0,0.0,0.0,0.0,0.0,0.0,0.0,0.0,0.0,0.0,0.0,0.0,0.0,0.0,442931.4375,0.0,977443.75,45437.48046875,-3287.0,0.0,3287.0,0.0,-0.7366347339692794,0.0,0.3374200463294983,0.0,TX
7725166,TX,4818,104.3944320678711,1,0.0,0.0,0.0,1,0,0.0,0.0,59455.22265625,29922.16796875,0.0,0.0,0.0,29922.16796875,0.0,0.0,0.0,0.0,0.0,0.0,0.0,0.0,0.0,0.0,0.0,0.0,0.0,0.0,0.0,0.0,0.0,0.0,0.0,0.0,0.0,0.0,0.0,0.0,0.0,0.0,0.0,0.0,0.0,0.0,0.0,0.0,0.0,0.0,0.0,0.0,0.0,0.0,0.0,0.0,0.0,0.0,0.0,0.0,0.0,0.0,0.0,0.0,0.0,0.0,0.0,0.0,0.0,0.0,0.0,0.0,0.0,0.0,0.0,0.0,0.0,0.0,0.0,0.0,0.0,0.0,0.0,0.0,0.0,0.0,0.0,0.0,0.0,0.0,0.0,0.0,0.0,0.0,0.0,0.0,0.0,0.0,0.0,0.0,0.0,0.0,59455.22265625,29922.16796875,0.0,0.0,0.0,0.0,0.0,0.0,0.0,0.0,TX
7725167,TX,4818,0.14680123329162598,2,0.0,0.0,36797.55078125,2,0,319.75506591796875,0.0,97447.921875,34396.375,0.0,0.0,0.0,34396.375,0.0,0.0,0.0,0.0,-189.99998474121094,0.0,190.0,0.0,0.0,0.0,0.0,0.0,0.0,0.0,0.0,0.0,0.0,0.0,0.0,0.0,0.0,0.0,0.0,0.0,0.0,0.0,0.0,0.0,0.0,0.0,0.0,0.0,0.0,0.0,0.0,0.0,0.0,0.0,0.0,0.0,0.0,0.0,0.0,0.0,0.0,0.0,0.0,0.0,0.0,0.0,0.0,0.0,0.0,0.0,0.0,0.0,0.0,0.0,0.0,0.0,0.0,0.0,0.0,0.0,-129.7550811767578,0.0,129.7578125,0.0,0.0,0.0,0.0,0.0,0.0,0.0,0.0,0.0,0.0,0.0,0.0,0.0,0.0,0.0,0.0,0.0,0.0,0.0,97767.6796875,34396.375,-319.75506591796875,0.0,319.7578125,0.0,-100.0,0.0,0.3281320035457611,0.0,TX
7725168,TX,4818,116.1915512084961,1,0.0,0.0,0.0,1,0,0.0,0.0,25261.70703125,2684.273681640625,20223.16015625,0.0,0.0,22907.433837890625,0.0,0.0,0.0,0.0,0.0,0.0,0.0,0.0,0.0,0.0,0.0,0.0,0.0,0.0,0.0,0.0,0.0,0.0,0.0,0.0,0.0,0.0,0.0,0.0,0.0,0.0,0.0,0.0,0.0,0.0,0.0,0.0,0.0,0.0,0.0,0.0,0.0,0.0,0.0,0.0,0.0,0.0,0.0,0.0,0.0,0.0,0.0,0.0,0.0,0.0,0.0,0.0,0.0,0.0,0.0,0.0,0.0,0.0,0.0,0.0,0.0,0.0,0.0,0.0,0.0,0.0,0.0,0.0,0.0,0.0,0.0,0.0,0.0,0.0,0.0,0.0,0.0,0.0,0.0,0.0,0.0,0.0,0.0,0.0,0.0,0.0,25261.70703125,22907.433837890625,0.0,0.0,0.0,0.0,0.0,0.0,0.0,0.0,TX
7725169,TX,4818,10.720024108886719,1,0.0,0.0,1098.1348876953125,1,0,0.0,0.0,42321.84375,20755.6953125,0.0,0.0,0.0,20755.6953125,0.0,0.0,0.0,0.0,0.0,0.0,0.0,0.0,0.0,0.0,0.0,0.0,0.0,0.0,0.0,0.0,0.0,0.0,0.0,0.0,0.0,0.0,0.0,0.0,0.0,0.0,0.0,0.0,0.0,0.0,0.0,0.0,0.0,0.0,0.0,0.0,0.0,0.0,0.0,0.0,0.0,0.0,0.0,0.0,0.0,0.0,0.0,0.0,0.0,0.0,0.0,0.0,0.0,0.0,0.0,0.0,0.0,0.0,0.0,0.0,0.0,0.0,0.0,0.0,0.0,0.0,0.0,0.0,0.0,0.0,0.0,0.0,0.0,0.0,0.0,0.0,0.0,0.0,0.0,0.0,0.0,0.0,0.0,0.0,0.0,0.0,42321.84375,20755.6953125,0.0,0.0,0.0,0.0,0.0,0.0,0.0,0.0,TX
7725170,TX,4818,0.12675288319587708,2,0.0,143791.703125,161073.71875,1,1,17759.107421875,0.0,146469.328125,0.0,0.0,0.0,0.0,0.0,-230.0,0.0,230.0,0.0,-418.0,0.0,418.0,0.0,0.0,0.0,0.0,0.0,0.0,0.0,0.0,0.0,0.0,0.0,0.0,0.0,0.0,0.0,0.0,0.0,-438.5078125,0.0,438.5,0.0,0.0,0.0,0.0,0.0,0.0,0.0,0.0,0.0,0.0,0.0,0.0,0.0,-440.0,0.0,440.0,0.0,0.0,0.0,0.0,0.0,0.0,0.0,0.0,0.0,0.0,0.0,0.0,0.0,0.0,0.0,0.0,0.0,0.0,0.0,0.0,0.0,0.0,0.0,0.0,0.0,0.0,0.0,0.0,0.0,0.0,0.0,0.0,0.0,0.0,0.0,0.0,0.0,0.0,0.0,0.0,0.0,16232.599609375,0.0,147995.828125,0.0,-1526.5078125,0.0,1526.5,0.0,-8.595633644400985,0.0,1.0421977043151855,0.0,TX
7725171,TX,4818,101.61136627197266,1,0.0,0.0,3307.640869140625,1,0,0.0,0.0,44503.75390625,22094.109375,0.0,0.0,0.0,22094.109375,0.0,0.0,0.0,0.0,0.0,0.0,0.0,0.0,0.0,0.0,0.0,0.0,0.0,0.0,0.0,0.0,0.0,0.0,0.0,0.0,0.0,0.0,0.0,0.0,0.0,0.0,0.0,0.0,0.0,0.0,0.0,0.0,0.0,0.0,0.0,0.0,0.0,0.0,0.0,0.0,0.0,0.0,0.0,0.0,0.0,0.0,0.0,0.0,0.0,0.0,0.0,0.0,0.0,0.0,0.0,0.0,0.0,0.0,0.0,0.0,0.0,0.0,0.0,0.0,0.0,0.0,0.0,0.0,0.0,0.0,0.0,0.0,0.0,0.0,0.0,0.0,0.0,0.0,0.0,0.0,0.0,0.0,0.0,0.0,0.0,0.0,44503.75390625,22094.109375,0.0,0.0,0.0,0.0,0.0,0.0,0.0,0.0,TX
7725172,TX,4818,0.11465126276016235,5,3.0,206255.53125,768424.375,5,0,195922.9375,0.0,590299.875,0.0,0.0,0.0,0.0,0.0,-749.0,0.0,749.0,0.0,-665.0,0.0,665.0,0.0,0.0,0.0,0.0,0.0,0.0,0.0,0.0,0.0,0.0,0.0,0.0,0.0,0.0,0.0,0.0,0.0,-1750.0,0.0,1750.0,0.0,0.0,0.0,0.0,0.0,0.0,0.0,0.0,0.0,0.0,0.0,0.0,0.0,0.0,0.0,0.0,0.0,0.0,0.0,0.0,0.0,0.0,0.0,0.0,0.0,0.0,0.0,0.0,0.0,0.0,0.0,0.0,0.0,0.0,0.0,0.0,0.0,0.0,0.0,0.0,0.0,0.0,0.0,0.0,0.0,0.0,0.0,0.0,0.0,0.0,0.0,0.0,0.0,0.0,0.0,0.0,0.0,192758.9375,0.0,593463.875,0.0,-3164.0,0.0,3164.0,0.0,-1.6149206623650179,0.0,0.5359987616539001,0.0,TX
7725173,TX,4818,0.10491073131561279,4,2.0,190358.7823486328,198149.703125,3,1,24061.75,0.0,175069.5,0.0,0.0,0.0,0.0,0.0,-230.0,0.0,230.0,0.0,-418.0,0.0,418.0,0.0,0.0,0.0,0.0,0.0,0.0,0.0,0.0,0.0,-200.0,0.0,200.0,0.0,0.0,0.0,0.0,0.0,0.0,0.0,0.0,0.0,0.0,0.0,0.0,0.0,0.0,0.0,0.0,0.0,0.0,0.0,0.0,0.0,-440.0,0.0,440.0,0.0,0.0,0.0,0.0,0.0,0.0,0.0,0.0,0.0,0.0,0.0,0.0,0.0,0.0,0.0,0.0,0.0,0.0,0.0,0.0,0.0,0.0,0.0,0.0,0.0,0.0,0.0,0.0,0.0,0.0,0.0,0.0,0.0,0.0,0.0,0.0,0.0,0.0,0.0,0.0,0.0,22773.75,0.0,176357.5,0.0,-1288.0,0.0,1288.0,0.0,-5.352894116180244,0.0,0.7357078194618225,0.0,TX
7725174,TX,4818,7.713250160217285,1,0.0,0.0,24.818105697631836,1,0,0.0,0.0,59468.828125,29716.166015625,0.0,0.0,0.0,29716.166015625,0.0,0.0,0.0,0.0,0.0,0.0,0.0,0.0,0.0,0.0,0.0,0.0,0.0,0.0,0.0,0.0,0.0,0.0,0.0,0.0,0.0,0.0,0.0,0.0,0.0,0.0,0.0,0.0,0.0,0.0,0.0,0.0,0.0,0.0,0.0,0.0,0.0,0.0,0.0,0.0,0.0,0.0,0.0,0.0,0.0,0.0,0.0,0.0,0.0,0.0,0.0,0.0,0.0,0.0,0.0,0.0,0.0,0.0,0.0,0.0,0.0,0.0,0.0,0.0,0.0,0.0,0.0,0.0,0.0,0.0,0.0,0.0,0.0,0.0,0.0,0.0,0.0,0.0,0.0,0.0,0.0,0.0,0.0,0.0,0.0,0.0,59468.828125,29716.166015625,0.0,0.0,0.0,0.0,0.0,0.0,0.0,0.0,TX
7725175,TX,4818,0.1530778408050537,3,1.0,164279.53515625,210790.53125,3,0,26689.080078125,0.0,202677.59375,0.0,0.0,0.0,0.0,0.0,-230.0,0.0,230.0,0.0,-418.0,0.0,418.0,0.0,0.0,0.0,0.0,0.0,0.0,0.0,0.0,0.0,-200.0,0.0,200.0,0.0,0.0,0.0,0.0,0.0,0.0,0.0,0.0,0.0,0.0,0.0,0.0,0.0,0.0,0.0,0.0,0.0,0.0,0.0,0.0,0.0,-440.0,0.0,440.0,0.0,0.0,0.0,0.0,0.0,0.0,0.0,0.0,0.0,0.0,0.0,0.0,0.0,0.0,0.0,0.0,0.0,0.0,0.0,0.0,0.0,0.0,0.0,0.0,0.0,0.0,0.0,0.0,0.0,0.0,0.0,0.0,0.0,0.0,0.0,0.0,0.0,0.0,0.0,0.0,0.0,25401.080078125,0.0,203965.59375,0.0,-1288.0,0.0,1288.0,0.0,-4.825943780114307,0.0,0.6354920864105225,0.0,TX
7725176,TX,4818,0.11503486335277557,3,1.0,295939.765625,302206.1875,3,0,48607.6015625,0.0,243900.046875,0.0,0.0,0.0,0.0,0.0,-292.0,0.0,292.0,0.0,-456.0,0.0,456.0,0.0,0.0,0.0,0.0,0.0,0.0,0.0,0.0,0.0,-200.0,0.0,200.0,0.0,0.0,0.0,0.0,0.0,-979.75390625,0.0,979.765625,0.0,0.0,0.0,0.0,0.0,0.0,0.0,0.0,0.0,0.0,0.0,0.0,0.0,0.0,0.0,0.0,0.0,0.0,0.0,0.0,0.0,0.0,0.0,0.0,0.0,0.0,0.0,0.0,0.0,0.0,0.0,0.0,0.0,0.0,0.0,0.0,0.0,0.0,0.0,0.0,0.0,0.0,0.0,0.0,0.0,0.0,0.0,0.0,0.0,0.0,0.0,0.0,0.0,0.0,0.0,0.0,0.0,46679.84765625,0.0,245827.8125,0.0,-1927.75390625,0.0,1927.765625,0.0,-3.9659515061060566,0.0,0.7903916835784912,0.0,TX
7725177,TX,4818,437.2376708984375,1,0.0,0.0,905.7119140625,1,0,0.0,0.0,38458.93359375,12645.9453125,20223.16015625,0.0,0.0,32869.10546875,0.0,0.0,0.0,0.0,0.0,0.0,0.0,0.0,0.0,0.0,0.0,0.0,0.0,0.0,0.0,0.0,0.0,0.0,0.0,0.0,0.0,0.0,0.0,0.0,0.0,0.0,0.0,0.0,0.0,0.0,0.0,0.0,0.0,0.0,0.0,0.0,0.0,0.0,0.0,0.0,0.0,0.0,0.0,0.0,0.0,0.0,0.0,0.0,0.0,0.0,0.0,0.0,0.0,0.0,0.0,0.0,0.0,0.0,0.0,0.0,0.0,0.0,0.0,0.0,0.0,0.0,0.0,0.0,0.0,0.0,0.0,0.0,0.0,0.0,0.0,0.0,0.0,0.0,0.0,0.0,0.0,0.0,0.0,0.0,0.0,0.0,38458.93359375,32869.10546875,0.0,0.0,0.0,0.0,0.0,0.0,0.0,0.0,TX
7725178,TX,4818,0.1532210111618042,4,2.0,518194.52587890625,605702.25,4,0,140687.171875,0.0,588452.8125,34855.23828125,0.0,0.0,0.0,34855.23828125,-749.0,0.0,749.0,0.0,-665.0,0.0,665.0,0.0,0.0,0.0,0.0,0.0,0.0,0.0,0.0,0.0,0.0,0.0,0.0,0.0,0.0,0.0,0.0,0.0,-1750.0,0.0,1750.0,0.0,0.0,0.0,0.0,0.0,0.0,0.0,0.0,0.0,0.0,0.0,0.0,0.0,0.0,0.0,0.0,0.0,0.0,0.0,0.0,0.0,0.0,0.0,0.0,0.0,0.0,0.0,0.0,0.0,0.0,0.0,0.0,0.0,0.0,0.0,0.0,0.0,0.0,0.0,0.0,0.0,0.0,0.0,0.0,0.0,0.0,0.0,0.0,0.0,0.0,0.0,0.0,0.0,0.0,0.0,0.0,0.0,137523.171875,0.0,591616.8125,34855.23828125,-3164.0,0.0,3164.0,0.0,-2.2489612647919324,0.0,0.5376811623573303,0.0,TX
7725179,TX,4818,184.10983276367188,3,0.0,0.0,0.0,3,0,0.0,0.0,60391.05859375,13144.59375,40446.3203125,0.0,0.0,53590.9140625,0.0,0.0,0.0,0.0,0.0,0.0,0.0,0.0,0.0,0.0,0.0,0.0,0.0,0.0,0.0,0.0,0.0,0.0,0.0,0.0,0.0,0.0,0.0,0.0,0.0,0.0,0.0,0.0,0.0,0.0,0.0,0.0,0.0,0.0,0.0,0.0,0.0,0.0,0.0,0.0,0.0,0.0,0.0,0.0,0.0,0.0,0.0,0.0,0.0,0.0,0.0,0.0,0.0,0.0,0.0,0.0,0.0,0.0,0.0,0.0,0.0,0.0,0.0,0.0,0.0,0.0,0.0,0.0,0.0,0.0,0.0,0.0,0.0,0.0,0.0,0.0,0.0,0.0,0.0,0.0,0.0,0.0,0.0,0.0,0.0,0.0,60391.05859375,53590.9140625,0.0,0.0,0.0,0.0,0.0,0.0,0.0,0.0,TX
7725180,TX,4818,0.1360134333372116,2,0.0,743492.1875,1074885.15625,2,0,316422.9375,0.0,946847.625,0.0,0.0,0.0,0.0,0.0,-724.5,0.0,724.5,0.0,-665.0,0.0,665.0,0.0,0.0,0.0,0.0,0.0,0.0,0.0,0.0,0.0,0.0,0.0,0.0,0.0,0.0,0.0,0.0,0.0,0.0,0.0,0.0,0.0,0.0,0.0,0.0,0.0,0.0,0.0,0.0,0.0,0.0,0.0,0.0,0.0,0.0,0.0,0.0,0.0,0.0,0.0,0.0,0.0,0.0,0.0,0.0,0.0,0.0,0.0,0.0,0.0,0.0,0.0,0.0,0.0,0.0,0.0,0.0,0.0,0.0,0.0,0.0,0.0,0.0,0.0,0.0,0.0,0.0,0.0,0.0,0.0,0.0,0.0,0.0,0.0,0.0,0.0,0.0,0.0,315033.4375,0.0,948237.125,0.0,-1389.5,0.0,1389.5,0.0,-0.439127457376569,0.0,0.14675012230873108,0.0,TX
7725181,TX,4818,0.12305350601673126,2,0.0,239646.84375,239780.03125,2,0,36591.625,0.0,195344.515625,0.0,0.0,0.0,0.0,0.0,-246.0,0.0,246.0,0.0,-437.0,0.0,437.0,0.0,0.0,0.0,0.0,0.0,0.0,0.0,0.0,0.0,0.0,0.0,0.0,0.0,0.0,0.0,0.0,0.0,0.0,0.0,0.0,0.0,0.0,0.0,0.0,0.0,0.0,0.0,0.0,0.0,0.0,0.0,0.0,0.0,0.0,0.0,0.0,0.0,0.0,0.0,0.0,0.0,0.0,0.0,0.0,0.0,0.0,0.0,0.0,0.0,0.0,0.0,0.0,0.0,0.0,0.0,0.0,0.0,0.0,0.0,0.0,0.0,-92.025390625,0.0,92.03125,0.0,0.0,0.0,0.0,0.0,0.0,0.0,0.0,0.0,0.0,0.0,0.0,0.0,35816.599609375,0.0,196119.546875,0.0,-775.025390625,0.0,775.03125,0.0,-2.118040372967858,0.0,0.39675095677375793,0.0,TX
7725182,TX,4818,0.10916931182146072,7,5.0,1399743.46875,1425490.0000000002,7,0,439742.81249999994,0.0,994344.5,0.0,0.0,0.0,0.0,0.0,-733.9999999998836,0.0,734.0,0.0,-703.0000000000582,0.0,703.0,0.0,0.0,0.0,0.0,0.0,0.0,0.0,0.0,0.0,0.0,0.0,0.0,0.0,0.0,0.0,0.0,0.0,-1850.0000000000582,0.0,1850.0,0.0,0.0,0.0,0.0,0.0,0.0,0.0,0.0,0.0,0.0,0.0,0.0,0.0,-739.9999999999418,0.0,740.0,0.0,0.0,0.0,0.0,0.0,0.0,0.0,0.0,0.0,0.0,0.0,0.0,0.0,0.0,0.0,0.0,0.0,0.0,0.0,0.0,0.0,0.0,0.0,0.0,0.0,0.0,0.0,0.0,0.0,0.0,0.0,0.0,0.0,0.0,0.0,0.0,0.0,0.0,0.0,0.0,0.0,435715.8125,0.0,998371.5,0.0,-4026.999999999942,0.0,4027.0,0.0,-0.9157625515482284,0.0,0.40499040484428406,0.0,TX
7725183,TX,4818,18.920055389404297,1,0.0,0.0,8.27270221710205,1,0,0.0,0.0,12.165739059448242,0.0,0.0,0.0,0.0,0.0,0.0,0.0,0.0,0.0,0.0,0.0,0.0,0.0,0.0,0.0,0.0,0.0,0.0,0.0,0.0,0.0,0.0,0.0,0.0,0.0,0.0,0.0,0.0,0.0,0.0,0.0,0.0,0.0,0.0,0.0,0.0,0.0,0.0,0.0,0.0,0.0,0.0,0.0,0.0,0.0,0.0,0.0,0.0,0.0,0.0,0.0,0.0,0.0,0.0,0.0,0.0,0.0,0.0,0.0,0.0,0.0,0.0,0.0,0.0,0.0,0.0,0.0,0.0,0.0,0.0,0.0,0.0,0.0,0.0,0.0,0.0,0.0,0.0,0.0,0.0,0.0,0.0,0.0,0.0,0.0,0.0,0.0,0.0,0.0,0.0,0.0,12.165739059448242,0.0,0.0,0.0,0.0,0.0,0.0,0.0,0.0,0.0,TX
7725184,TX,4818,0.12691669166088104,2,0.0,416182.234375,555935.75,2,0,109610.8359375,0.0,461618.5625,0.0,0.0,0.0,0.0,0.0,-764.0,0.0,764.0,0.0,-608.0,0.0,608.0,0.0,0.0,0.0,0.0,0.0,0.0,0.0,0.0,0.0,0.0,0.0,0.0,0.0,0.0,0.0,0.0,0.0,0.0,0.0,0.0,0.0,0.0,0.0,0.0,0.0,0.0,0.0,0.0,0.0,0.0,0.0,0.0,0.0,0.0,0.0,0.0,0.0,0.0,0.0,0.0,0.0,0.0,0.0,0.0,0.0,0.0,0.0,0.0,0.0,0.0,0.0,0.0,0.0,0.0,0.0,0.0,0.0,0.0,0.0,0.0,0.0,0.0,0.0,0.0,0.0,0.0,0.0,0.0,0.0,0.0,0.0,0.0,0.0,0.0,0.0,0.0,0.0,108238.8359375,0.0,462990.5625,0.0,-1372.0,0.0,1372.0,0.0,-1.2517010642837476,0.0,0.2972151041030884,0.0,TX
7725185,TX,4818,259.2769470214844,1,0.0,0.0,8.27270221710205,1,0,0.0,0.0,43871.796875,26649.453125,0.0,0.0,0.0,26649.453125,0.0,0.0,0.0,0.0,0.0,0.0,0.0,0.0,0.0,0.0,0.0,0.0,0.0,0.0,0.0,0.0,0.0,0.0,0.0,0.0,0.0,0.0,0.0,0.0,0.0,0.0,0.0,0.0,0.0,0.0,0.0,0.0,0.0,0.0,0.0,0.0,0.0,0.0,0.0,0.0,0.0,0.0,0.0,0.0,0.0,0.0,0.0,0.0,0.0,0.0,0.0,0.0,0.0,0.0,0.0,0.0,0.0,0.0,0.0,0.0,0.0,0.0,0.0,0.0,0.0,0.0,0.0,0.0,0.0,0.0,0.0,0.0,0.0,0.0,0.0,0.0,0.0,0.0,0.0,0.0,0.0,0.0,0.0,0.0,0.0,0.0,43871.796875,26649.453125,0.0,0.0,0.0,0.0,0.0,0.0,0.0,0.0,TX
7725186,TX,4818,415.1575622558594,1,0.0,0.0,0.0,1,0,0.0,0.0,56946.7734375,24991.484375,20223.16015625,0.0,0.0,45214.64453125,0.0,0.0,0.0,0.0,0.0,0.0,0.0,0.0,0.0,0.0,0.0,0.0,0.0,0.0,0.0,0.0,0.0,0.0,0.0,0.0,0.0,0.0,0.0,0.0,0.0,0.0,0.0,0.0,0.0,0.0,0.0,0.0,0.0,0.0,0.0,0.0,0.0,0.0,0.0,0.0,0.0,0.0,0.0,0.0,0.0,0.0,0.0,0.0,0.0,0.0,0.0,0.0,0.0,0.0,0.0,0.0,0.0,0.0,0.0,0.0,0.0,0.0,0.0,0.0,0.0,0.0,0.0,0.0,0.0,0.0,0.0,0.0,0.0,0.0,0.0,0.0,0.0,0.0,0.0,0.0,0.0,0.0,0.0,0.0,0.0,0.0,56946.7734375,45214.64453125,0.0,0.0,0.0,0.0,0.0,0.0,0.0,0.0,TX
7725187,TX,4818,291.1349182128906,2,0.0,6497.28857421875,6266.963623046875,2,0,0.0,0.0,26563.1015625,15184.0673828125,0.0,0.0,0.0,15184.0673828125,0.0,0.0,0.0,0.0,0.0,0.0,0.0,0.0,0.0,0.0,0.0,0.0,0.0,0.0,0.0,0.0,0.0,0.0,0.0,0.0,0.0,0.0,0.0,0.0,0.0,0.0,0.0,0.0,0.0,0.0,0.0,0.0,0.0,0.0,0.0,0.0,0.0,0.0,0.0,0.0,0.0,0.0,0.0,0.0,0.0,0.0,0.0,0.0,0.0,0.0,0.0,0.0,0.0,0.0,0.0,0.0,0.0,0.0,0.0,0.0,0.0,0.0,0.0,0.0,0.0,0.0,0.0,0.0,0.0,0.0,0.0,0.0,0.0,0.0,0.0,0.0,0.0,0.0,0.0,0.0,0.0,0.0,0.0,0.0,0.0,0.0,26563.1015625,15184.0673828125,0.0,0.0,0.0,0.0,0.0,0.0,0.0,0.0,TX
7725188,TX,4818,0.11229249835014343,1,0.0,171412.0,177685.203125,1,0,31728.142578125,0.0,161722.265625,0.0,0.0,0.0,0.0,0.0,-131.0,0.0,131.0,0.0,-228.0,0.0,228.0,0.0,0.0,0.0,0.0,0.0,0.0,0.0,0.0,0.0,0.0,0.0,0.0,0.0,0.0,0.0,0.0,0.0,0.0,0.0,0.0,0.0,0.0,0.0,0.0,0.0,0.0,0.0,0.0,0.0,0.0,0.0,0.0,0.0,0.0,0.0,0.0,0.0,0.0,0.0,0.0,0.0,0.0,0.0,0.0,0.0,0.0,0.0,0.0,0.0,0.0,0.0,0.0,0.0,0.0,0.0,0.0,0.0,0.0,0.0,0.0,0.0,0.0,0.0,0.0,0.0,0.0,0.0,0.0,0.0,0.0,0.0,0.0,0.0,0.0,0.0,0.0,0.0,31369.142578125,0.0,162081.265625,0.0,-359.0,0.0,359.0,0.0,-1.1314876032091237,0.0,0.22198550403118134,0.0,TX
7725189,TX,4818,0.14031122624874115,3,1.0,343032.25,368750.25,3,0,62402.29296875,0.0,287521.03125,0.0,0.0,0.0,0.0,0.0,-292.0,0.0,292.0,0.0,0.0,0.0,0.0,0.0,0.0,0.0,0.0,0.0,0.0,0.0,0.0,0.0,-200.0,0.0,200.0,0.0,0.0,0.0,0.0,0.0,-138.015625,0.0,138.03125,0.0,0.0,0.0,0.0,0.0,0.0,0.0,0.0,0.0,0.0,0.0,0.0,0.0,0.0,0.0,0.0,0.0,0.0,0.0,0.0,0.0,0.0,0.0,0.0,0.0,-253.265625,0.0,253.25,0.0,0.0,0.0,0.0,0.0,0.0,0.0,0.0,0.0,0.0,0.0,0.0,0.0,0.0,0.0,0.0,0.0,0.0,0.0,0.0,0.0,0.0,0.0,0.0,0.0,0.0,0.0,0.0,0.0,61519.01171875,0.0,288404.3125,0.0,-883.28125,0.0,883.28125,0.0,-1.4154628107052607,0.0,0.30720579624176025,0.0,TX
7725190,TX,4818,133.83319091796875,2,0.0,0.0,5809.37451171875,2,0,0.0,0.0,81398.484375,37210.6015625,0.0,0.0,0.0,37210.6015625,0.0,0.0,0.0,0.0,0.0,0.0,0.0,0.0,0.0,0.0,0.0,0.0,0.0,0.0,0.0,0.0,0.0,0.0,0.0,0.0,0.0,0.0,0.0,0.0,0.0,0.0,0.0,0.0,0.0,0.0,0.0,0.0,0.0,0.0,0.0,0.0,0.0,0.0,0.0,0.0,0.0,0.0,0.0,0.0,0.0,0.0,0.0,0.0,0.0,0.0,0.0,0.0,0.0,0.0,0.0,0.0,0.0,0.0,0.0,0.0,0.0,0.0,0.0,0.0,0.0,0.0,0.0,0.0,0.0,0.0,0.0,0.0,0.0,0.0,0.0,0.0,0.0,0.0,0.0,0.0,0.0,0.0,0.0,0.0,0.0,0.0,81398.484375,37210.6015625,0.0,0.0,0.0,0.0,0.0,0.0,0.0,0.0,TX
7725191,TX,4818,108.37330627441406,1,0.0,0.0,-408.1879577636719,1,0,0.0,0.0,50162.6484375,17920.701171875,20223.16015625,0.0,0.0,38143.861328125,0.0,0.0,0.0,0.0,0.0,0.0,0.0,0.0,0.0,0.0,0.0,0.0,0.0,0.0,0.0,0.0,0.0,0.0,0.0,0.0,0.0,0.0,0.0,0.0,0.0,0.0,0.0,0.0,0.0,0.0,0.0,0.0,0.0,0.0,0.0,0.0,0.0,0.0,0.0,0.0,0.0,0.0,0.0,0.0,0.0,0.0,0.0,0.0,0.0,0.0,0.0,0.0,0.0,0.0,0.0,0.0,0.0,0.0,0.0,0.0,0.0,0.0,0.0,0.0,0.0,0.0,0.0,0.0,0.0,0.0,0.0,0.0,0.0,0.0,0.0,0.0,0.0,0.0,0.0,0.0,0.0,0.0,0.0,0.0,0.0,0.0,50162.6484375,38143.861328125,0.0,0.0,0.0,0.0,0.0,0.0,0.0,0.0,TX
7725192,TX,4818,100.20063781738281,2,0.0,29036.283203125,34863.6796875,2,0,456.36798095703125,0.0,115919.2421875,29036.041015625,0.0,31445.935546875,0.0,60481.9765625,0.0,0.0,0.0,0.0,-190.0,0.0,190.0,0.0,0.0,0.0,0.0,0.0,0.0,0.0,0.0,0.0,0.0,0.0,0.0,0.0,0.0,0.0,0.0,0.0,0.0,0.0,0.0,0.0,0.0,0.0,0.0,0.0,0.0,0.0,0.0,0.0,0.0,0.0,0.0,0.0,-200.00001525878906,0.0,200.0,0.0,0.0,0.0,0.0,0.0,0.0,0.0,0.0,0.0,0.0,0.0,0.0,0.0,0.0,0.0,0.0,0.0,0.0,0.0,0.0,0.0,0.0,0.0,0.0,0.0,-66.36796569824219,0.0,66.3671875,0.0,0.0,0.0,0.0,0.0,0.0,0.0,0.0,0.0,0.0,0.0,0.0,0.0,0.0,0.0,116375.609375,60481.9765625,-456.36798095703125,0.0,456.3671875,0.0,-100.0,0.0,0.39369407296180725,0.0,TX
7725193,TX,4818,8.146648406982422,1,0.0,2481.66796875,2481.66796875,1,0,0.0,0.0,44910.69921875,19906.630859375,0.0,0.0,0.0,19906.630859375,0.0,0.0,0.0,0.0,0.0,0.0,0.0,0.0,0.0,0.0,0.0,0.0,0.0,0.0,0.0,0.0,0.0,0.0,0.0,0.0,0.0,0.0,0.0,0.0,0.0,0.0,0.0,0.0,0.0,0.0,0.0,0.0,0.0,0.0,0.0,0.0,0.0,0.0,0.0,0.0,0.0,0.0,0.0,0.0,0.0,0.0,0.0,0.0,0.0,0.0,0.0,0.0,0.0,0.0,0.0,0.0,0.0,0.0,0.0,0.0,0.0,0.0,0.0,0.0,0.0,0.0,0.0,0.0,0.0,0.0,0.0,0.0,0.0,0.0,0.0,0.0,0.0,0.0,0.0,0.0,0.0,0.0,0.0,0.0,0.0,0.0,44910.69921875,19906.630859375,0.0,0.0,0.0,0.0,0.0,0.0,0.0,0.0,TX
7725194,TX,4818,9.955856323242188,1,0.0,0.0,0.0,1,0,0.0,0.0,31720.314453125,16025.1572265625,0.0,0.0,0.0,16025.1572265625,0.0,0.0,0.0,0.0,0.0,0.0,0.0,0.0,0.0,0.0,0.0,0.0,0.0,0.0,0.0,0.0,0.0,0.0,0.0,0.0,0.0,0.0,0.0,0.0,0.0,0.0,0.0,0.0,0.0,0.0,0.0,0.0,0.0,0.0,0.0,0.0,0.0,0.0,0.0,0.0,0.0,0.0,0.0,0.0,0.0,0.0,0.0,0.0,0.0,0.0,0.0,0.0,0.0,0.0,0.0,0.0,0.0,0.0,0.0,0.0,0.0,0.0,0.0,0.0,0.0,0.0,0.0,0.0,0.0,0.0,0.0,0.0,0.0,0.0,0.0,0.0,0.0,0.0,0.0,0.0,0.0,0.0,0.0,0.0,0.0,0.0,31720.314453125,16025.1572265625,0.0,0.0,0.0,0.0,0.0,0.0,0.0,0.0,TX
7725195,TX,4818,0.11543025821447372,3,0.0,92916.109375,195042.2734375,3,0,16517.6650390625,0.0,230134.03125,17003.087890625,0.0,0.0,0.0,17003.087890625,-125.0,0.0,125.0,0.0,-228.0,0.0,228.0,0.0,0.0,0.0,0.0,0.0,0.0,0.0,0.0,0.0,0.0,0.0,0.0,0.0,0.0,0.0,0.0,0.0,-495.96728515625,0.0,495.96875,0.0,0.0,0.0,0.0,0.0,0.0,0.0,0.0,0.0,0.0,0.0,0.0,0.0,-240.0,0.0,240.0,0.0,0.0,0.0,0.0,0.0,0.0,0.0,0.0,0.0,0.0,0.0,0.0,0.0,0.0,0.0,0.0,0.0,0.0,0.0,0.0,0.0,-720.0,0.0,720.0,0.0,0.0,0.0,0.0,0.0,0.0,0.0,0.0,0.0,0.0,0.0,0.0,0.0,0.0,0.0,0.0,0.0,14708.69775390625,0.0,231943.0,17003.087890625,-1808.96728515625,0.0,1808.96875,0.0,-10.951713095514632,0.0,0.7860501408576965,0.0,TX
7725196,TX,4818,0.09575845301151276,2,0.0,16208.181640625,668530.3125,2,0,73179.8515625,0.0,595526.625,0.0,0.0,0.0,0.0,0.0,-292.0,0.0,292.0,0.0,0.0,0.0,0.0,0.0,0.0,0.0,0.0,0.0,0.0,0.0,0.0,0.0,0.0,0.0,0.0,0.0,0.0,0.0,0.0,0.0,0.0,0.0,0.0,0.0,0.0,0.0,0.0,0.0,0.0,0.0,0.0,0.0,0.0,0.0,0.0,0.0,0.0,0.0,0.0,0.0,0.0,0.0,0.0,0.0,0.0,0.0,0.0,0.0,0.0,0.0,0.0,0.0,0.0,0.0,0.0,0.0,0.0,0.0,0.0,0.0,0.0,0.0,0.0,0.0,0.0,0.0,0.0,0.0,0.0,0.0,0.0,0.0,0.0,0.0,0.0,0.0,0.0,0.0,0.0,0.0,72887.8515625,0.0,595818.625,0.0,-292.0,0.0,292.0,0.0,-0.3990169339857357,0.0,0.04903222993016243,0.0,TX
7725197,TX,4818,159.04281616210938,2,0.0,0.0,-1436.8216552734375,2,0,0.0,0.0,88677.640625,44338.8203125,0.0,0.0,0.0,44338.8203125,0.0,0.0,0.0,0.0,0.0,0.0,0.0,0.0,0.0,0.0,0.0,0.0,0.0,0.0,0.0,0.0,0.0,0.0,0.0,0.0,0.0,0.0,0.0,0.0,0.0,0.0,0.0,0.0,0.0,0.0,0.0,0.0,0.0,0.0,0.0,0.0,0.0,0.0,0.0,0.0,0.0,0.0,0.0,0.0,0.0,0.0,0.0,0.0,0.0,0.0,0.0,0.0,0.0,0.0,0.0,0.0,0.0,0.0,0.0,0.0,0.0,0.0,0.0,0.0,0.0,0.0,0.0,0.0,0.0,0.0,0.0,0.0,0.0,0.0,0.0,0.0,0.0,0.0,0.0,0.0,0.0,0.0,0.0,0.0,0.0,0.0,88677.640625,44338.8203125,0.0,0.0,0.0,0.0,0.0,0.0,0.0,0.0,TX
7725198,TX,4818,68.72608947753906,1,0.0,8073.87646484375,8516.4658203125,1,0,0.0,0.0,9633.3583984375,1469.983642578125,0.0,0.0,0.0,1469.983642578125,0.0,0.0,0.0,0.0,0.0,0.0,0.0,0.0,0.0,0.0,0.0,0.0,0.0,0.0,0.0,0.0,0.0,0.0,0.0,0.0,0.0,0.0,0.0,0.0,0.0,0.0,0.0,0.0,0.0,0.0,0.0,0.0,0.0,0.0,0.0,0.0,0.0,0.0,0.0,0.0,0.0,0.0,0.0,0.0,0.0,0.0,0.0,0.0,0.0,0.0,0.0,0.0,0.0,0.0,0.0,0.0,0.0,0.0,0.0,0.0,0.0,0.0,0.0,0.0,0.0,0.0,0.0,0.0,0.0,0.0,0.0,0.0,0.0,0.0,0.0,0.0,0.0,0.0,0.0,0.0,0.0,0.0,0.0,0.0,0.0,0.0,9633.3583984375,1469.983642578125,0.0,0.0,0.0,0.0,0.0,0.0,0.0,0.0,TX
7725199,TX,4818,0.15052223205566406,1,0.0,61675.59375,64911.875,1,0,5482.4248046875,0.0,61922.8046875,0.0,0.0,0.0,0.0,0.0,-5.0,0.0,5.0,0.0,-114.0,0.0,114.0,0.0,0.0,0.0,0.0,0.0,0.0,0.0,0.0,0.0,0.0,0.0,0.0,0.0,0.0,0.0,0.0,0.0,0.0,0.0,0.0,0.0,0.0,0.0,0.0,0.0,0.0,0.0,0.0,0.0,0.0,0.0,0.0,0.0,0.0,0.0,0.0,0.0,0.0,0.0,0.0,0.0,0.0,0.0,0.0,0.0,0.0,0.0,0.0,0.0,0.0,0.0,0.0,0.0,0.0,0.0,0.0,0.0,-720.0,0.0,720.0,0.0,0.0,0.0,0.0,0.0,0.0,0.0,0.0,0.0,0.0,0.0,0.0,0.0,0.0,0.0,0.0,0.0,4643.4248046875,0.0,62761.8046875,0.0,-839.0,0.0,839.0,0.0,-15.30344746876694,0.0,1.3549127578735352,0.0,TX
7725200,TX,4818,118.25807189941406,1,0.0,0.0,0.0,1,0,0.0,0.0,33621.9296875,12526.8173828125,20223.16015625,0.0,0.0,32749.9775390625,0.0,0.0,0.0,0.0,0.0,0.0,0.0,0.0,0.0,0.0,0.0,0.0,0.0,0.0,0.0,0.0,0.0,0.0,0.0,0.0,0.0,0.0,0.0,0.0,0.0,0.0,0.0,0.0,0.0,0.0,0.0,0.0,0.0,0.0,0.0,0.0,0.0,0.0,0.0,0.0,0.0,0.0,0.0,0.0,0.0,0.0,0.0,0.0,0.0,0.0,0.0,0.0,0.0,0.0,0.0,0.0,0.0,0.0,0.0,0.0,0.0,0.0,0.0,0.0,0.0,0.0,0.0,0.0,0.0,0.0,0.0,0.0,0.0,0.0,0.0,0.0,0.0,0.0,0.0,0.0,0.0,0.0,0.0,0.0,0.0,0.0,33621.9296875,32749.9775390625,0.0,0.0,0.0,0.0,0.0,0.0,0.0,0.0,TX
7725201,TX,4818,952.3236083984375,3,1.0,0.0,0.0,3,0,0.0,0.0,35624.421875,11263.751953125,24360.67041015625,0.0,0.0,35624.42236328125,0.0,0.0,0.0,0.0,0.0,0.0,0.0,0.0,0.0,0.0,0.0,0.0,0.0,0.0,0.0,0.0,0.0,0.0,0.0,0.0,0.0,0.0,0.0,0.0,0.0,0.0,0.0,0.0,0.0,0.0,0.0,0.0,0.0,0.0,0.0,0.0,0.0,0.0,0.0,0.0,0.0,0.0,0.0,0.0,0.0,0.0,0.0,0.0,0.0,0.0,0.0,0.0,0.0,0.0,0.0,0.0,0.0,0.0,0.0,0.0,0.0,0.0,0.0,0.0,0.0,0.0,0.0,0.0,0.0,0.0,0.0,0.0,0.0,0.0,0.0,0.0,0.0,0.0,0.0,0.0,0.0,0.0,0.0,0.0,0.0,0.0,35624.421875,35624.42236328125,0.0,0.0,0.0,0.0,0.0,0.0,0.0,0.0,TX
7725202,TX,4818,0.15405407547950745,4,2.0,454099.875,498077.1875,4,0,101662.1953125,0.0,409962.5,0.0,0.0,0.0,0.0,0.0,-764.0,0.0,764.0,0.0,-636.109375,0.0,636.125,0.0,0.0,0.0,0.0,0.0,0.0,0.0,0.0,0.0,0.0,0.0,0.0,0.0,0.0,0.0,0.0,0.0,-950.125,0.0,950.125,0.0,0.0,0.0,0.0,0.0,0.0,0.0,0.0,0.0,0.0,0.0,0.0,0.0,0.0,0.0,0.0,0.0,0.0,0.0,0.0,0.0,0.0,0.0,0.0,0.0,0.0,0.0,0.0,0.0,0.0,0.0,0.0,0.0,0.0,0.0,0.0,0.0,0.0,0.0,0.0,0.0,0.0,0.0,0.0,0.0,0.0,0.0,0.0,0.0,0.0,0.0,0.0,0.0,0.0,0.0,0.0,0.0,99311.9609375,0.0,412312.75,0.0,-2350.234375,0.0,2350.25,0.0,-2.311807617153654,0.0,0.5732841491699219,0.0,TX
7725203,TX,4818,0.12128911167383194,2,0.0,143380.66796875,155806.26953125,2,0,17668.6142578125,0.0,163853.40625,0.0,0.0,0.0,0.0,0.0,-120.0,0.0,120.0,0.0,-323.0,0.0,323.0,0.0,0.0,0.0,0.0,0.0,0.0,0.0,0.0,0.0,0.0,0.0,0.0,0.0,0.0,0.0,0.0,0.0,0.0,0.0,0.0,0.0,0.0,0.0,0.0,0.0,0.0,0.0,0.0,0.0,0.0,0.0,0.0,0.0,0.0,0.0,0.0,0.0,0.0,0.0,0.0,0.0,0.0,0.0,0.0,0.0,0.0,0.0,0.0,0.0,0.0,0.0,0.0,0.0,0.0,0.0,0.0,0.0,0.0,0.0,0.0,0.0,0.0,0.0,0.0,0.0,0.0,0.0,0.0,0.0,0.0,0.0,0.0,0.0,0.0,0.0,0.0,0.0,17225.6142578125,0.0,164296.40625,0.0,-443.0,0.0,443.0,0.0,-2.5072707657541367,0.0,0.27036362886428833,0.0,TX
7725204,TX,4818,0.11914455890655518,6,3.9999999999999996,1100775.125,1135846.75,6,0,330172.6875,0.0,862112.0,0.0,0.0,0.0,0.0,0.0,-734.0,0.0,734.0,0.0,-703.0,0.0,703.0,0.0,0.0,0.0,0.0,0.0,0.0,0.0,0.0,0.0,0.0,0.0,0.0,0.0,0.0,0.0,0.0,0.0,-1850.0,0.0,1850.0,0.0,0.0,0.0,0.0,0.0,0.0,0.0,0.0,0.0,0.0,0.0,0.0,0.0,0.0,0.0,0.0,0.0,0.0,0.0,0.0,0.0,0.0,0.0,0.0,0.0,0.0,0.0,0.0,0.0,0.0,0.0,0.0,0.0,0.0,0.0,0.0,0.0,0.0,0.0,0.0,0.0,0.0,0.0,0.0,0.0,0.0,0.0,0.0,0.0,0.0,0.0,0.0,0.0,0.0,0.0,0.0,0.0,326885.6875,0.0,865399.0,0.0,-3287.0,0.0,3287.0,0.0,-0.9955396446897201,0.0,0.38127297163009644,0.0,TX
7725205,TX,4818,0.13341479003429413,1,0.0,121949.265625,124721.7734375,1,0,19026.1796875,0.0,105803.921875,0.0,0.0,0.0,0.0,0.0,-131.0,0.0,131.0,0.0,-228.0,0.0,228.0,0.0,0.0,0.0,0.0,0.0,0.0,0.0,0.0,0.0,0.0,0.0,0.0,0.0,0.0,0.0,0.0,0.0,0.0,0.0,0.0,0.0,0.0,0.0,0.0,0.0,0.0,0.0,0.0,0.0,0.0,0.0,0.0,0.0,0.0,0.0,0.0,0.0,0.0,0.0,0.0,0.0,0.0,0.0,0.0,0.0,0.0,0.0,0.0,0.0,0.0,0.0,0.0,0.0,0.0,0.0,0.0,0.0,0.0,0.0,0.0,0.0,0.0,0.0,0.0,0.0,0.0,0.0,0.0,0.0,0.0,0.0,0.0,0.0,0.0,0.0,0.0,0.0,18667.1796875,0.0,106162.921875,0.0,-359.0,0.0,359.0,0.0,-1.886873801764099,0.0,0.33930689096450806,0.0,TX
7725206,TX,4818,596.8228149414062,2,1.0,0.0,0.0,2,0,0.0,0.0,39164.53125,29208.45703125,9956.07568359375,0.0,0.0,39164.53271484375,0.0,0.0,0.0,0.0,0.0,0.0,0.0,0.0,0.0,0.0,0.0,0.0,0.0,0.0,0.0,0.0,0.0,0.0,0.0,0.0,0.0,0.0,0.0,0.0,0.0,0.0,0.0,0.0,0.0,0.0,0.0,0.0,0.0,0.0,0.0,0.0,0.0,0.0,0.0,0.0,0.0,0.0,0.0,0.0,0.0,0.0,0.0,0.0,0.0,0.0,0.0,0.0,0.0,0.0,0.0,0.0,0.0,0.0,0.0,0.0,0.0,0.0,0.0,0.0,0.0,0.0,0.0,0.0,0.0,0.0,0.0,0.0,0.0,0.0,-6588.71484375,-6588.716796875,0.0,0.0,0.0,0.0,0.0,0.0,0.0,0.0,0.0,0.0,32575.81640625,32575.81591796875,0.0,0.0,-6588.71484375,-6588.716796875,0.0,0.0,-16.82316780090332,-16.82317224323172,TX
7725207,TX,4818,0.10277044773101807,4,1.0,379243.353515625,416588.60546875,4,0,70881.84423828125,0.0,423626.71875,33547.30859375,0.0,0.0,0.0,33547.30859375,-297.0,0.0,297.0,0.0,-570.0,0.0,570.0,0.0,0.0,0.0,0.0,0.0,0.0,0.0,0.0,0.0,0.0,0.0,0.0,0.0,0.0,0.0,0.0,0.0,0.0,0.0,0.0,0.0,0.0,0.0,0.0,0.0,0.0,0.0,0.0,0.0,0.0,0.0,0.0,0.0,-480.0,0.0,480.0,0.0,0.0,0.0,0.0,0.0,0.0,0.0,0.0,0.0,0.0,0.0,0.0,0.0,0.0,0.0,0.0,0.0,0.0,0.0,0.0,0.0,-720.0,0.0,720.0,0.0,-70.052978515625,0.0,70.0625,0.0,0.0,0.0,0.0,0.0,0.0,0.0,0.0,0.0,0.0,0.0,0.0,0.0,68744.79125976562,0.0,425763.78125,33547.30859375,-2137.052978515625,0.0,2137.0625,0.0,-3.014951150722831,0.0,0.5044682621955872,0.0,TX
7725208,TX,4818,303.7990417480469,1,0.0,0.0,0.0,1,0,0.0,0.0,24149.19921875,3926.039794921875,20223.16015625,0.0,0.0,24149.199951171875,0.0,0.0,0.0,0.0,0.0,0.0,0.0,0.0,0.0,0.0,0.0,0.0,0.0,0.0,0.0,0.0,0.0,0.0,0.0,0.0,0.0,0.0,0.0,0.0,0.0,0.0,0.0,0.0,0.0,0.0,0.0,0.0,0.0,0.0,0.0,0.0,0.0,0.0,0.0,0.0,0.0,0.0,0.0,0.0,0.0,0.0,0.0,0.0,0.0,0.0,0.0,0.0,0.0,0.0,0.0,0.0,0.0,0.0,0.0,0.0,0.0,0.0,0.0,0.0,0.0,0.0,0.0,0.0,0.0,0.0,0.0,0.0,0.0,0.0,0.0,0.0,0.0,0.0,0.0,0.0,0.0,0.0,0.0,0.0,0.0,0.0,24149.19921875,24149.199951171875,0.0,0.0,0.0,0.0,0.0,0.0,0.0,0.0,TX
7725209,TX,4818,156.27403259277344,2,1.0,0.0,115.41502380371094,2,0,0.0,0.0,60134.984375,25409.181640625,20223.16015625,0.0,0.0,45632.341796875,0.0,0.0,0.0,0.0,0.0,0.0,0.0,0.0,0.0,0.0,0.0,0.0,0.0,0.0,0.0,0.0,0.0,0.0,0.0,0.0,0.0,0.0,0.0,0.0,0.0,0.0,0.0,0.0,0.0,0.0,0.0,0.0,0.0,0.0,0.0,0.0,0.0,0.0,0.0,0.0,0.0,0.0,0.0,0.0,0.0,0.0,0.0,0.0,0.0,0.0,0.0,0.0,0.0,0.0,0.0,0.0,0.0,0.0,0.0,0.0,0.0,0.0,0.0,0.0,0.0,0.0,0.0,0.0,0.0,0.0,0.0,0.0,0.0,0.0,0.0,0.0,0.0,0.0,0.0,0.0,0.0,0.0,0.0,0.0,0.0,0.0,60134.984375,45632.341796875,0.0,0.0,0.0,0.0,0.0,0.0,0.0,0.0,TX
7725210,TX,4818,87.3697509765625,1,0.0,0.0,0.0,1,0,0.0,0.0,30991.33203125,18370.900390625,0.0,0.0,0.0,18370.900390625,0.0,0.0,0.0,0.0,0.0,0.0,0.0,0.0,0.0,0.0,0.0,0.0,0.0,0.0,0.0,0.0,0.0,0.0,0.0,0.0,0.0,0.0,0.0,0.0,0.0,0.0,0.0,0.0,0.0,0.0,0.0,0.0,0.0,0.0,0.0,0.0,0.0,0.0,0.0,0.0,0.0,0.0,0.0,0.0,0.0,0.0,0.0,0.0,0.0,0.0,0.0,0.0,0.0,0.0,0.0,0.0,0.0,0.0,0.0,0.0,0.0,0.0,0.0,0.0,0.0,0.0,0.0,0.0,0.0,0.0,0.0,0.0,0.0,0.0,0.0,0.0,0.0,0.0,0.0,0.0,0.0,0.0,0.0,0.0,0.0,0.0,30991.33203125,18370.900390625,0.0,0.0,0.0,0.0,0.0,0.0,0.0,0.0,TX
7725211,TX,4818,0.7304033041000366,1,0.0,0.0,10.754512786865234,1,0,0.0,0.0,36337.8046875,18469.8359375,0.0,0.0,0.0,18469.8359375,0.0,0.0,0.0,0.0,0.0,0.0,0.0,0.0,0.0,0.0,0.0,0.0,0.0,0.0,0.0,0.0,0.0,0.0,0.0,0.0,0.0,0.0,0.0,0.0,0.0,0.0,0.0,0.0,0.0,0.0,0.0,0.0,0.0,0.0,0.0,0.0,0.0,0.0,0.0,0.0,0.0,0.0,0.0,0.0,0.0,0.0,0.0,0.0,0.0,0.0,0.0,0.0,0.0,0.0,0.0,0.0,0.0,0.0,0.0,0.0,0.0,0.0,0.0,0.0,0.0,0.0,0.0,0.0,0.0,0.0,0.0,0.0,0.0,0.0,0.0,0.0,0.0,0.0,0.0,0.0,0.0,0.0,0.0,0.0,0.0,0.0,36337.8046875,18469.8359375,0.0,0.0,0.0,0.0,0.0,0.0,0.0,0.0,TX
7725212,TX,4818,135.1049346923828,2,0.0,0.0,0.0,2,0,0.0,0.0,94240.703125,47120.3515625,0.0,0.0,0.0,47120.3515625,0.0,0.0,0.0,0.0,0.0,0.0,0.0,0.0,0.0,0.0,0.0,0.0,0.0,0.0,0.0,0.0,0.0,0.0,0.0,0.0,0.0,0.0,0.0,0.0,0.0,0.0,0.0,0.0,0.0,0.0,0.0,0.0,0.0,0.0,0.0,0.0,0.0,0.0,0.0,0.0,0.0,0.0,0.0,0.0,0.0,0.0,0.0,0.0,0.0,0.0,0.0,0.0,0.0,0.0,0.0,0.0,0.0,0.0,0.0,0.0,0.0,0.0,0.0,0.0,0.0,0.0,0.0,0.0,0.0,0.0,0.0,0.0,0.0,0.0,0.0,0.0,0.0,0.0,0.0,0.0,0.0,0.0,0.0,0.0,0.0,0.0,94240.703125,47120.3515625,0.0,0.0,0.0,0.0,0.0,0.0,0.0,0.0,TX
7725213,TX,4818,0.11732875555753708,3,1.0,138010.96875,138498.234375,3,0,11457.611328125,0.0,136658.484375,0.0,0.0,0.0,0.0,0.0,-230.0,0.0,230.0,0.0,-418.0,0.0,418.0,0.0,0.0,0.0,0.0,0.0,0.0,0.0,0.0,0.0,-200.0,0.0,200.0,0.0,0.0,0.0,0.0,0.0,0.0,0.0,0.0,0.0,0.0,0.0,0.0,0.0,0.0,0.0,0.0,0.0,0.0,0.0,0.0,0.0,-440.0,0.0,440.0,0.0,0.0,0.0,0.0,0.0,0.0,0.0,0.0,0.0,0.0,0.0,0.0,0.0,0.0,0.0,0.0,0.0,0.0,0.0,0.0,0.0,0.0,0.0,0.0,0.0,0.0,0.0,0.0,0.0,0.0,0.0,0.0,0.0,0.0,0.0,0.0,0.0,0.0,0.0,0.0,0.0,10169.611328125,0.0,137946.484375,0.0,-1288.0,0.0,1288.0,0.0,-11.241435610914346,0.0,0.9424954652786255,0.0,TX
7725214,TX,4818,163.13848876953125,2,0.0,12870.748046875,12874.884765625,2,0,0.0,0.0,91910.7890625,37733.7734375,0.0,0.0,0.0,37733.7734375,0.0,0.0,0.0,0.0,0.0,0.0,0.0,0.0,0.0,0.0,0.0,0.0,0.0,0.0,0.0,0.0,0.0,0.0,0.0,0.0,0.0,0.0,0.0,0.0,0.0,0.0,0.0,0.0,0.0,0.0,0.0,0.0,0.0,0.0,0.0,0.0,0.0,0.0,0.0,0.0,0.0,0.0,0.0,0.0,0.0,0.0,0.0,0.0,0.0,0.0,0.0,0.0,0.0,0.0,0.0,0.0,0.0,0.0,0.0,0.0,0.0,0.0,0.0,0.0,0.0,0.0,0.0,0.0,0.0,0.0,0.0,0.0,0.0,0.0,0.0,0.0,0.0,0.0,0.0,0.0,0.0,0.0,0.0,0.0,0.0,0.0,91910.7890625,37733.7734375,0.0,0.0,0.0,0.0,0.0,0.0,0.0,0.0,TX
7725215,TX,4818,178.5713348388672,2,0.0,0.0,162.14495849609375,2,0,0.0,0.0,144681.84375,72221.703125,0.0,0.0,0.0,72221.703125,0.0,0.0,0.0,0.0,0.0,0.0,0.0,0.0,0.0,0.0,0.0,0.0,0.0,0.0,0.0,0.0,0.0,0.0,0.0,0.0,0.0,0.0,0.0,0.0,0.0,0.0,0.0,0.0,0.0,0.0,0.0,0.0,0.0,0.0,0.0,0.0,0.0,0.0,0.0,0.0,0.0,0.0,0.0,0.0,0.0,0.0,0.0,0.0,0.0,0.0,0.0,0.0,0.0,0.0,0.0,0.0,0.0,0.0,0.0,0.0,0.0,0.0,0.0,0.0,0.0,0.0,0.0,0.0,0.0,0.0,0.0,0.0,0.0,0.0,0.0,0.0,0.0,0.0,0.0,0.0,0.0,0.0,0.0,0.0,0.0,0.0,144681.84375,72221.703125,0.0,0.0,0.0,0.0,0.0,0.0,0.0,0.0,TX
7725216,TX,4818,71.99011993408203,2,1.0,0.0,0.0,2,0,0.0,0.0,18969.826171875,9013.75,9956.07568359375,0.0,0.0,18969.82568359375,0.0,0.0,0.0,0.0,0.0,0.0,0.0,0.0,0.0,0.0,0.0,0.0,0.0,0.0,0.0,0.0,0.0,0.0,0.0,0.0,0.0,0.0,0.0,0.0,0.0,0.0,0.0,0.0,0.0,0.0,0.0,0.0,0.0,0.0,0.0,0.0,0.0,0.0,0.0,0.0,0.0,0.0,0.0,0.0,0.0,0.0,0.0,0.0,0.0,0.0,0.0,0.0,0.0,0.0,0.0,0.0,0.0,0.0,0.0,0.0,0.0,0.0,0.0,0.0,0.0,0.0,0.0,0.0,0.0,0.0,0.0,0.0,0.0,0.0,0.0,0.0,0.0,0.0,0.0,0.0,0.0,0.0,0.0,0.0,0.0,0.0,18969.826171875,18969.82568359375,0.0,0.0,0.0,0.0,0.0,0.0,0.0,0.0,TX
7725217,TX,4818,0.13664601743221283,4,3.0,34843.5390625,34845.1953125,4,0,-10758.51953125,0.0,100194.8046875,37907.9453125,12412.53076171875,6935.369140625,0.0,57255.84521484375,0.0,0.0,0.0,0.0,0.0,0.0,0.0,0.0,0.0,0.0,0.0,0.0,0.0,0.0,0.0,0.0,0.0,0.0,0.0,0.0,0.0,0.0,0.0,0.0,0.0,0.0,0.0,0.0,0.0,0.0,0.0,0.0,0.0,0.0,0.0,0.0,0.0,0.0,0.0,0.0,0.0,0.0,0.0,0.0,0.0,0.0,0.0,0.0,0.0,0.0,0.0,0.0,0.0,0.0,0.0,0.0,0.0,0.0,0.0,0.0,0.0,0.0,0.0,0.0,0.0,0.0,0.0,0.0,0.0,0.0,0.0,0.0,0.0,0.0,0.0,0.0,0.0,0.0,0.0,0.0,0.0,0.0,0.0,0.0,-10758.51953125,0.0,100194.8046875,57255.84521484375,0.0,0.0,0.0,0.0,0.0,0.0,0.0,0.0,TX
7725218,TX,4818,917.3740234375,2,0.0,0.0,-366.8244400024414,2,0,0.0,0.0,60006.80859375,13374.189453125,40446.3203125,0.0,0.0,53820.509765625,0.0,0.0,0.0,0.0,0.0,0.0,0.0,0.0,0.0,0.0,0.0,0.0,0.0,0.0,0.0,0.0,0.0,0.0,0.0,0.0,0.0,0.0,0.0,0.0,0.0,0.0,0.0,0.0,0.0,0.0,0.0,0.0,0.0,0.0,0.0,0.0,0.0,0.0,0.0,0.0,0.0,0.0,0.0,0.0,0.0,0.0,0.0,0.0,0.0,0.0,0.0,0.0,0.0,0.0,0.0,0.0,0.0,0.0,0.0,0.0,0.0,0.0,0.0,0.0,0.0,0.0,0.0,0.0,0.0,0.0,0.0,0.0,0.0,0.0,0.0,0.0,0.0,0.0,0.0,0.0,0.0,0.0,-20223.16015625,-20223.16015625,0.0,0.0,39783.6484375,33597.349609375,0.0,0.0,-20223.16015625,-20223.16015625,0.0,0.0,-33.70144271850586,-37.575192513628835,TX
7725219,TX,4818,0.10444997251033783,1,0.0,0.0,520742.75,1,0,145176.40625,0.0,421224.40625,39237.89453125,0.0,0.0,0.0,39237.89453125,-362.25,0.0,362.25,0.0,-332.5,0.0,332.5,0.0,0.0,0.0,0.0,0.0,0.0,0.0,0.0,0.0,0.0,0.0,0.0,0.0,0.0,0.0,0.0,0.0,0.0,0.0,0.0,0.0,0.0,0.0,0.0,0.0,0.0,0.0,0.0,0.0,0.0,0.0,0.0,0.0,0.0,0.0,0.0,0.0,0.0,0.0,0.0,0.0,0.0,0.0,0.0,0.0,0.0,0.0,0.0,0.0,0.0,0.0,0.0,0.0,0.0,0.0,0.0,0.0,0.0,0.0,0.0,0.0,0.0,0.0,0.0,0.0,0.0,0.0,0.0,0.0,0.0,0.0,0.0,0.0,0.0,0.0,0.0,0.0,144481.65625,0.0,421919.15625,39237.89453125,-694.75,0.0,694.75,0.0,-0.47855572261763435,0.0,0.16493584215641022,0.0,TX
7725220,TX,4818,0.11962389200925827,6,3.0,1255682.0,1367822.75,5,1,421155.4375,0.0,997804.6875,0.0,20223.16015625,0.0,0.0,20223.16015625,-734.0,0.0,734.0,0.0,-703.0,0.0,703.0,0.0,0.0,0.0,0.0,0.0,0.0,0.0,0.0,0.0,0.0,0.0,0.0,0.0,0.0,0.0,0.0,0.0,0.0,0.0,0.0,0.0,0.0,0.0,0.0,0.0,0.0,0.0,0.0,0.0,0.0,0.0,0.0,0.0,-182.875,0.0,182.875,0.0,0.0,0.0,0.0,0.0,0.0,0.0,0.0,0.0,0.0,0.0,0.0,0.0,0.0,0.0,0.0,0.0,0.0,0.0,0.0,0.0,0.0,0.0,0.0,0.0,0.0,0.0,0.0,0.0,0.0,0.0,0.0,0.0,0.0,0.0,0.0,0.0,0.0,0.0,0.0,0.0,419535.5625,0.0,999424.5625,20223.16015625,-1619.875,0.0,1619.875,0.0,-0.38462640055549563,0.0,0.16234388947486877,0.0,TX
7725221,TX,4818,11.132394790649414,4,2.0,0.0,0.0,4,0,0.0,0.0,10866.9453125,2591.924560546875,8275.0205078125,0.0,0.0,10866.945068359375,0.0,0.0,0.0,0.0,0.0,0.0,0.0,0.0,0.0,0.0,0.0,0.0,0.0,0.0,0.0,0.0,0.0,0.0,0.0,0.0,0.0,0.0,0.0,0.0,0.0,0.0,0.0,0.0,0.0,0.0,0.0,0.0,0.0,0.0,0.0,0.0,0.0,0.0,0.0,0.0,0.0,0.0,0.0,0.0,0.0,0.0,0.0,0.0,0.0,0.0,0.0,0.0,0.0,0.0,0.0,0.0,0.0,0.0,0.0,0.0,0.0,0.0,0.0,0.0,0.0,0.0,0.0,0.0,0.0,0.0,0.0,0.0,0.0,0.0,0.0,0.0,0.0,0.0,0.0,0.0,0.0,0.0,0.0,0.0,0.0,0.0,10866.9453125,10866.945068359375,0.0,0.0,0.0,0.0,0.0,0.0,0.0,0.0,TX
7725222,TX,4818,0.14497806131839752,4,2.0,146693.73828125,147324.125,4,0,11399.3076171875,0.0,169945.125,0.0,0.0,0.0,0.0,0.0,-230.0,0.0,230.0,0.0,-418.0,0.0,418.0,0.0,0.0,0.0,0.0,0.0,0.0,0.0,0.0,0.0,-400.0,0.0,400.0,0.0,0.0,0.0,0.0,0.0,0.0,0.0,0.0,0.0,0.0,0.0,0.0,0.0,0.0,0.0,0.0,0.0,0.0,0.0,0.0,0.0,0.0,0.0,0.0,0.0,0.0,0.0,0.0,0.0,0.0,0.0,0.0,0.0,0.0,0.0,0.0,0.0,0.0,0.0,0.0,0.0,-2007.6513671875,0.0,2007.65625,0.0,0.0,0.0,0.0,0.0,0.0,0.0,0.0,0.0,0.0,0.0,0.0,0.0,0.0,0.0,0.0,0.0,0.0,0.0,0.0,0.0,8343.65625,0.0,173000.78125,0.0,-3055.6513671875,0.0,3055.65625,0.0,-26.80558740760965,0.0,1.798025369644165,0.0,TX
7725223,TX,4818,115.71709442138672,1,0.0,0.0,534.6182861328125,1,0,0.0,0.0,52851.8125,26158.595703125,0.0,0.0,0.0,26158.595703125,0.0,0.0,0.0,0.0,0.0,0.0,0.0,0.0,0.0,0.0,0.0,0.0,0.0,0.0,0.0,0.0,0.0,0.0,0.0,0.0,0.0,0.0,0.0,0.0,0.0,0.0,0.0,0.0,0.0,0.0,0.0,0.0,0.0,0.0,0.0,0.0,0.0,0.0,0.0,0.0,0.0,0.0,0.0,0.0,0.0,0.0,0.0,0.0,0.0,0.0,0.0,0.0,0.0,0.0,0.0,0.0,0.0,0.0,0.0,0.0,0.0,0.0,0.0,0.0,0.0,0.0,0.0,0.0,0.0,0.0,0.0,0.0,0.0,0.0,0.0,0.0,0.0,0.0,0.0,0.0,0.0,0.0,0.0,0.0,0.0,0.0,52851.8125,26158.595703125,0.0,0.0,0.0,0.0,0.0,0.0,0.0,0.0,TX
7725224,TX,4818,0.09789639711380005,4,2.0,1303402.484375,1484881.0,4,0,444862.9375,0.0,1061971.25,0.0,0.0,0.0,0.0,0.0,-734.0,0.0,734.0,0.0,-703.0,0.0,703.0,0.0,0.0,0.0,0.0,0.0,0.0,0.0,0.0,0.0,0.0,0.0,0.0,0.0,0.0,0.0,0.0,0.0,0.0,0.0,0.0,0.0,0.0,0.0,0.0,0.0,0.0,0.0,0.0,0.0,0.0,0.0,0.0,0.0,-740.0,0.0,740.0,0.0,0.0,0.0,0.0,0.0,0.0,0.0,0.0,0.0,0.0,0.0,0.0,0.0,0.0,0.0,0.0,0.0,0.0,0.0,0.0,0.0,0.0,0.0,0.0,0.0,0.0,0.0,0.0,0.0,0.0,0.0,0.0,0.0,0.0,0.0,0.0,0.0,0.0,0.0,0.0,0.0,442685.9375,0.0,1064148.25,0.0,-2177.0,0.0,2177.0,0.0,-0.4893642100720067,0.0,0.20499613881111145,0.0,TX
7725225,TX,4818,147.14247131347656,2,0.0,17718.494140625,17719.322265625,2,0,0.0,0.0,74849.390625,28229.484375,0.0,0.0,0.0,28229.484375,0.0,0.0,0.0,0.0,0.0,0.0,0.0,0.0,0.0,0.0,0.0,0.0,0.0,0.0,0.0,0.0,0.0,0.0,0.0,0.0,0.0,0.0,0.0,0.0,0.0,0.0,0.0,0.0,0.0,0.0,0.0,0.0,0.0,0.0,0.0,0.0,0.0,0.0,0.0,0.0,0.0,0.0,0.0,0.0,0.0,0.0,0.0,0.0,0.0,0.0,0.0,0.0,0.0,0.0,0.0,0.0,0.0,0.0,0.0,0.0,0.0,0.0,0.0,0.0,0.0,0.0,0.0,0.0,0.0,0.0,0.0,0.0,0.0,0.0,0.0,0.0,0.0,0.0,0.0,0.0,0.0,0.0,0.0,0.0,0.0,0.0,74849.390625,28229.484375,0.0,0.0,0.0,0.0,0.0,0.0,0.0,0.0,TX
7725226,TX,4818,50.7120246887207,4,0.0,0.0,0.0,4,0,0.0,0.0,95160.609375,47580.3046875,0.0,0.0,0.0,47580.3046875,0.0,0.0,0.0,0.0,0.0,0.0,0.0,0.0,0.0,0.0,0.0,0.0,0.0,0.0,0.0,0.0,0.0,0.0,0.0,0.0,0.0,0.0,0.0,0.0,0.0,0.0,0.0,0.0,0.0,0.0,0.0,0.0,0.0,0.0,0.0,0.0,0.0,0.0,0.0,0.0,0.0,0.0,0.0,0.0,0.0,0.0,0.0,0.0,0.0,0.0,0.0,0.0,0.0,0.0,0.0,0.0,0.0,0.0,0.0,0.0,0.0,0.0,0.0,0.0,0.0,0.0,0.0,0.0,0.0,0.0,0.0,0.0,0.0,0.0,0.0,0.0,0.0,0.0,0.0,0.0,0.0,0.0,0.0,0.0,0.0,0.0,95160.609375,47580.3046875,0.0,0.0,0.0,0.0,0.0,0.0,0.0,0.0,TX
7725227,TX,4818,281.4235534667969,1,0.0,0.0,0.0,1,0,0.0,0.0,3926.039794921875,3926.039794921875,0.0,0.0,0.0,3926.039794921875,0.0,0.0,0.0,0.0,0.0,0.0,0.0,0.0,0.0,0.0,0.0,0.0,0.0,0.0,0.0,0.0,0.0,0.0,0.0,0.0,0.0,0.0,0.0,0.0,0.0,0.0,0.0,0.0,0.0,0.0,0.0,0.0,0.0,0.0,0.0,0.0,0.0,0.0,0.0,0.0,0.0,0.0,0.0,0.0,0.0,0.0,0.0,0.0,0.0,0.0,0.0,0.0,0.0,0.0,0.0,0.0,0.0,0.0,0.0,0.0,0.0,0.0,0.0,0.0,0.0,0.0,0.0,0.0,0.0,0.0,0.0,0.0,0.0,0.0,0.0,0.0,0.0,0.0,0.0,0.0,0.0,0.0,0.0,0.0,0.0,0.0,3926.039794921875,3926.039794921875,0.0,0.0,0.0,0.0,0.0,0.0,0.0,0.0,TX
7725228,TX,4818,0.12145750224590302,2,0.0,291749.1328125,324839.9375,2,0,57435.03515625,0.0,302417.0,0.0,0.0,0.0,0.0,0.0,-292.0,0.0,292.0,0.0,-456.0,0.0,456.0,0.0,0.0,0.0,0.0,0.0,0.0,0.0,0.0,0.0,0.0,0.0,0.0,0.0,0.0,0.0,0.0,0.0,0.0,0.0,0.0,0.0,0.0,0.0,0.0,0.0,0.0,0.0,0.0,0.0,0.0,0.0,0.0,0.0,-480.0,0.0,480.0,0.0,0.0,0.0,0.0,0.0,0.0,0.0,0.0,0.0,0.0,0.0,0.0,0.0,0.0,0.0,0.0,0.0,0.0,0.0,0.0,0.0,0.0,0.0,0.0,0.0,0.0,0.0,0.0,0.0,0.0,0.0,0.0,0.0,0.0,0.0,0.0,0.0,0.0,0.0,0.0,0.0,56207.03515625,0.0,303645.0,0.0,-1228.0,0.0,1228.0,0.0,-2.138067812893766,0.0,0.4060617983341217,0.0,TX
7725229,TX,4818,0.11995575577020645,4,2.0,819160.78125,832753.375,4,0,220243.65625,0.0,589630.0,0.0,0.0,0.0,0.0,0.0,-734.0,0.0,734.0,0.0,-703.0,0.0,703.0,0.0,0.0,0.0,0.0,0.0,0.0,0.0,0.0,0.0,0.0,0.0,0.0,0.0,0.0,0.0,0.0,0.0,0.0,0.0,0.0,0.0,0.0,0.0,0.0,0.0,0.0,0.0,0.0,0.0,0.0,0.0,0.0,0.0,-0.828125,0.0,0.8125,0.0,0.0,0.0,0.0,0.0,0.0,0.0,0.0,0.0,0.0,0.0,0.0,0.0,0.0,0.0,0.0,0.0,0.0,0.0,0.0,0.0,0.0,0.0,0.0,0.0,0.0,0.0,0.0,0.0,0.0,0.0,0.0,0.0,0.0,0.0,0.0,0.0,0.0,0.0,0.0,0.0,218805.828125,0.0,591067.8125,0.0,-1437.828125,0.0,1437.8125,0.0,-0.6528352051002604,0.0,0.2438499629497528,0.0,TX
7725230,TX,4818,0.12322036921977997,2,0.0,0.0,604017.5,2,0,61745.859375,0.0,610605.625,44205.84765625,0.0,0.0,0.0,44205.84765625,-292.0,0.0,292.0,0.0,0.0,0.0,0.0,0.0,0.0,0.0,0.0,0.0,0.0,0.0,0.0,0.0,0.0,0.0,0.0,0.0,0.0,0.0,0.0,0.0,0.0,0.0,0.0,0.0,0.0,0.0,0.0,0.0,0.0,0.0,0.0,0.0,0.0,0.0,0.0,0.0,0.0,0.0,0.0,0.0,0.0,0.0,0.0,0.0,0.0,0.0,0.0,0.0,0.0,0.0,0.0,0.0,0.0,0.0,0.0,0.0,0.0,0.0,0.0,0.0,0.0,0.0,0.0,0.0,0.0,0.0,0.0,0.0,0.0,0.0,0.0,0.0,0.0,0.0,0.0,0.0,0.0,0.0,0.0,0.0,61453.859375,0.0,610897.625,44205.84765625,-292.0,0.0,292.0,0.0,-0.4729062044899266,0.0,0.047821372747421265,0.0,TX
7725231,TX,4818,0.17101092636585236,4,2.0,663182.765625,668638.875,4,0,160128.6875,0.0,505336.53125,0.0,0.0,0.0,0.0,0.0,-749.0,0.0,749.0,0.0,-171.078125,0.0,171.09375,0.0,0.0,0.0,0.0,0.0,0.0,0.0,0.0,0.0,0.0,0.0,0.0,0.0,0.0,0.0,0.0,0.0,-1750.0,0.0,1750.0,0.0,0.0,0.0,0.0,0.0,0.0,0.0,0.0,0.0,0.0,0.0,0.0,0.0,-700.0,0.0,700.0,0.0,0.0,0.0,0.0,0.0,0.0,0.0,0.0,0.0,0.0,0.0,0.0,0.0,0.0,0.0,0.0,0.0,0.0,0.0,0.0,0.0,0.0,0.0,0.0,0.0,0.0,0.0,0.0,0.0,0.0,0.0,0.0,0.0,0.0,0.0,0.0,0.0,0.0,0.0,0.0,0.0,156758.609375,0.0,508706.625,0.0,-3370.078125,0.0,3370.09375,0.0,-2.1046061000156513,0.0,0.6669008731842041,0.0,TX
7725232,TX,4818,133.32521057128906,2,0.0,8806.1181640625,8806.1181640625,2,0,0.0,0.0,73557.109375,31598.49609375,0.0,0.0,0.0,31598.49609375,0.0,0.0,0.0,0.0,0.0,0.0,0.0,0.0,0.0,0.0,0.0,0.0,0.0,0.0,0.0,0.0,0.0,0.0,0.0,0.0,0.0,0.0,0.0,0.0,0.0,0.0,0.0,0.0,0.0,0.0,0.0,0.0,0.0,0.0,0.0,0.0,0.0,0.0,0.0,0.0,0.0,0.0,0.0,0.0,0.0,0.0,0.0,0.0,0.0,0.0,0.0,0.0,0.0,0.0,0.0,0.0,0.0,0.0,0.0,0.0,0.0,0.0,0.0,0.0,0.0,0.0,0.0,0.0,0.0,0.0,0.0,0.0,0.0,0.0,0.0,0.0,0.0,0.0,0.0,0.0,0.0,0.0,0.0,0.0,0.0,0.0,73557.109375,31598.49609375,0.0,0.0,0.0,0.0,0.0,0.0,0.0,0.0,TX
7725233,TX,4818,0.1250622570514679,5,2.0,27874.83203125,42270.6875,3,2,-6241.92431640625,0.0,56917.1328125,2261.924560546875,8275.0205078125,0.0,0.0,10536.945068359375,0.0,0.0,0.0,0.0,0.0,0.0,0.0,0.0,0.0,0.0,0.0,0.0,0.0,0.0,0.0,0.0,200.0,0.0,-200.0,0.0,0.0,0.0,0.0,0.0,0.0,0.0,0.0,0.0,0.0,0.0,0.0,0.0,0.0,0.0,0.0,0.0,0.0,0.0,0.0,0.0,0.0,0.0,0.0,0.0,0.0,0.0,0.0,0.0,0.0,0.0,0.0,0.0,0.0,0.0,0.0,0.0,0.0,0.0,0.0,0.0,0.0,0.0,0.0,0.0,0.0,0.0,0.0,0.0,0.0,0.0,0.0,0.0,0.0,0.0,0.0,0.0,0.0,0.0,0.0,0.0,0.0,0.0,0.0,0.0,-6041.92431640625,0.0,56717.1328125,10536.945068359375,200.0,0.0,-200.0,0.0,3.204140099461327,0.0,-0.3513880670070648,0.0,TX
7725234,TX,4818,123.33953857421875,5,3.0,0.0,0.0,5,0,0.0,0.0,84312.859375,26745.55859375,48721.3408203125,0.0,0.0,75466.8994140625,0.0,0.0,0.0,0.0,0.0,0.0,0.0,0.0,0.0,0.0,0.0,0.0,0.0,0.0,0.0,0.0,0.0,0.0,0.0,0.0,0.0,0.0,0.0,0.0,0.0,0.0,0.0,0.0,0.0,0.0,0.0,0.0,0.0,0.0,0.0,0.0,0.0,0.0,0.0,0.0,0.0,0.0,0.0,0.0,0.0,0.0,0.0,0.0,0.0,0.0,0.0,0.0,0.0,0.0,0.0,0.0,0.0,0.0,0.0,0.0,0.0,0.0,0.0,0.0,0.0,0.0,0.0,0.0,0.0,0.0,0.0,0.0,0.0,0.0,0.0,0.0,0.0,0.0,0.0,0.0,0.0,0.0,0.0,0.0,0.0,0.0,84312.859375,75466.8994140625,0.0,0.0,0.0,0.0,0.0,0.0,0.0,0.0,TX
7725235,TX,4818,7.563466548919678,1,0.0,0.0,1.6545404195785522,1,0,0.0,0.0,49206.69140625,24745.970703125,0.0,0.0,0.0,24745.970703125,0.0,0.0,0.0,0.0,0.0,0.0,0.0,0.0,0.0,0.0,0.0,0.0,0.0,0.0,0.0,0.0,0.0,0.0,0.0,0.0,0.0,0.0,0.0,0.0,0.0,0.0,0.0,0.0,0.0,0.0,0.0,0.0,0.0,0.0,0.0,0.0,0.0,0.0,0.0,0.0,0.0,0.0,0.0,0.0,0.0,0.0,0.0,0.0,0.0,0.0,0.0,0.0,0.0,0.0,0.0,0.0,0.0,0.0,0.0,0.0,0.0,0.0,0.0,0.0,0.0,0.0,0.0,0.0,0.0,0.0,0.0,0.0,0.0,0.0,0.0,0.0,0.0,0.0,0.0,0.0,0.0,0.0,0.0,0.0,0.0,0.0,49206.69140625,24745.970703125,0.0,0.0,0.0,0.0,0.0,0.0,0.0,0.0,TX
7725236,TX,4818,0.15690281987190247,1,0.0,238092.0625,318438.125,1,0,67587.4609375,0.0,336093.9375,49047.3671875,0.0,0.0,0.0,49047.3671875,-362.25,0.0,362.25,0.0,0.0,0.0,0.0,0.0,0.0,0.0,0.0,0.0,0.0,0.0,0.0,0.0,0.0,0.0,0.0,0.0,0.0,0.0,0.0,0.0,0.0,0.0,0.0,0.0,0.0,0.0,0.0,0.0,0.0,0.0,0.0,0.0,0.0,0.0,0.0,0.0,0.0,0.0,0.0,0.0,0.0,0.0,0.0,0.0,0.0,0.0,0.0,0.0,0.0,0.0,0.0,0.0,0.0,0.0,0.0,0.0,0.0,0.0,0.0,0.0,0.0,0.0,0.0,0.0,0.0,0.0,0.0,0.0,0.0,0.0,0.0,0.0,0.0,0.0,0.0,0.0,0.0,0.0,0.0,0.0,67225.2109375,0.0,336456.1875,49047.3671875,-362.25,0.0,362.25,0.0,-0.5359721980604992,0.0,0.10778237134218216,0.0,TX
7725237,TX,4818,79.19121551513672,1,0.0,13937.416015625,15685.0634765625,1,0,53.50634765625,0.0,29750.4375,5914.40234375,0.0,9270.6904296875,0.0,15185.0927734375,0.0,0.0,0.0,0.0,-53.50634765625,0.0,53.50390625,0.0,0.0,0.0,0.0,0.0,0.0,0.0,0.0,0.0,0.0,0.0,0.0,0.0,0.0,0.0,0.0,0.0,0.0,0.0,0.0,0.0,0.0,0.0,0.0,0.0,0.0,0.0,0.0,0.0,0.0,0.0,0.0,0.0,0.0,0.0,0.0,0.0,0.0,0.0,0.0,0.0,0.0,0.0,0.0,0.0,0.0,0.0,0.0,0.0,0.0,0.0,0.0,0.0,0.0,0.0,0.0,0.0,0.0,0.0,0.0,0.0,0.0,0.0,0.0,0.0,0.0,0.0,0.0,0.0,0.0,0.0,0.0,0.0,0.0,0.0,0.0,0.0,0.0,0.0,29803.94140625,15185.0927734375,-53.50634765625,0.0,53.50390625,0.0,-100.0,0.0,0.17984241247177124,0.0,TX
7725238,TX,4818,0.2599140703678131,4,2.0,218267.5703125,218319.6875,4,0,27018.33203125,0.0,177036.609375,0.0,0.0,0.0,0.0,0.0,-230.0,0.0,230.0,0.0,-418.0,0.0,418.0,0.0,0.0,0.0,0.0,0.0,0.0,0.0,0.0,0.0,-400.0,0.0,400.0,0.0,0.0,0.0,0.0,0.0,0.0,0.0,0.0,0.0,0.0,0.0,0.0,0.0,0.0,0.0,0.0,0.0,0.0,0.0,0.0,0.0,-20.37109375,0.0,20.359375,0.0,0.0,0.0,0.0,0.0,0.0,0.0,0.0,0.0,0.0,0.0,0.0,0.0,0.0,0.0,0.0,0.0,0.0,0.0,0.0,0.0,0.0,0.0,0.0,0.0,0.0,0.0,0.0,0.0,0.0,0.0,0.0,0.0,0.0,0.0,0.0,0.0,0.0,0.0,0.0,0.0,25949.9609375,0.0,178104.96875,0.0,-1068.37109375,0.0,1068.359375,0.0,-3.9542451862472427,0.0,0.6034680604934692,0.0,TX
7725239,TX,4818,0.15487471222877502,1,0.0,0.0,7269.57080078125,1,0,0.0,0.0,56131.30078125,20468.01171875,0.0,0.0,0.0,20468.01171875,0.0,0.0,0.0,0.0,0.0,0.0,0.0,0.0,0.0,0.0,0.0,0.0,0.0,0.0,0.0,0.0,0.0,0.0,0.0,0.0,0.0,0.0,0.0,0.0,0.0,0.0,0.0,0.0,0.0,0.0,0.0,0.0,0.0,0.0,0.0,0.0,0.0,0.0,0.0,0.0,0.0,0.0,0.0,0.0,0.0,0.0,0.0,0.0,0.0,0.0,0.0,0.0,0.0,0.0,0.0,0.0,0.0,0.0,0.0,0.0,0.0,0.0,0.0,0.0,0.0,0.0,0.0,0.0,0.0,0.0,0.0,0.0,0.0,0.0,0.0,0.0,0.0,0.0,0.0,0.0,0.0,0.0,0.0,0.0,0.0,0.0,56131.30078125,20468.01171875,0.0,0.0,0.0,0.0,0.0,0.0,0.0,0.0,TX
7725240,TX,4818,1.6462154388427734,1,0.0,0.0,0.0,1,0,0.0,0.0,0.0,0.0,0.0,0.0,0.0,0.0,0.0,0.0,0.0,0.0,0.0,0.0,0.0,0.0,0.0,0.0,0.0,0.0,0.0,0.0,0.0,0.0,0.0,0.0,0.0,0.0,0.0,0.0,0.0,0.0,0.0,0.0,0.0,0.0,0.0,0.0,0.0,0.0,0.0,0.0,0.0,0.0,0.0,0.0,0.0,0.0,0.0,0.0,0.0,0.0,0.0,0.0,0.0,0.0,0.0,0.0,0.0,0.0,0.0,0.0,0.0,0.0,0.0,0.0,0.0,0.0,0.0,0.0,0.0,0.0,0.0,0.0,0.0,0.0,0.0,0.0,0.0,0.0,0.0,0.0,0.0,0.0,0.0,0.0,0.0,0.0,0.0,0.0,0.0,0.0,0.0,0.0,0.0,0.0,0.0,0.0,0.0,0.0,0.0,0.0,0.0,0.0,TX
7725241,TX,4818,39.591949462890625,1,0.0,0.0,0.0,1,0,0.0,0.0,38120.390625,9722.6708984375,20223.16015625,0.0,0.0,29945.8310546875,0.0,0.0,0.0,0.0,0.0,0.0,0.0,0.0,0.0,0.0,0.0,0.0,0.0,0.0,0.0,0.0,0.0,0.0,0.0,0.0,0.0,0.0,0.0,0.0,0.0,0.0,0.0,0.0,0.0,0.0,0.0,0.0,0.0,0.0,0.0,0.0,0.0,0.0,0.0,0.0,0.0,0.0,0.0,0.0,0.0,0.0,0.0,0.0,0.0,0.0,0.0,0.0,0.0,0.0,0.0,0.0,0.0,0.0,0.0,0.0,0.0,0.0,0.0,0.0,0.0,0.0,0.0,0.0,0.0,0.0,0.0,0.0,0.0,0.0,0.0,0.0,0.0,0.0,0.0,0.0,0.0,0.0,0.0,0.0,0.0,0.0,38120.390625,29945.8310546875,0.0,0.0,0.0,0.0,0.0,0.0,0.0,0.0,TX
7725242,TX,4818,0.6373619437217712,4,2.0,1152420.625,1326825.625,4,0,389208.78125,0.0,976696.25,0.0,0.0,0.0,0.0,0.0,-734.0,0.0,734.0,0.0,-703.0,0.0,703.0,0.0,0.0,0.0,0.0,0.0,0.0,0.0,0.0,0.0,0.0,0.0,0.0,0.0,0.0,0.0,0.0,0.0,-1845.9375,0.0,1845.875,0.0,0.0,0.0,0.0,0.0,0.0,0.0,0.0,0.0,0.0,0.0,0.0,0.0,0.0,0.0,0.0,0.0,0.0,0.0,0.0,0.0,0.0,0.0,0.0,0.0,0.0,0.0,0.0,0.0,0.0,0.0,0.0,0.0,0.0,0.0,0.0,0.0,0.0,0.0,0.0,0.0,0.0,0.0,0.0,0.0,0.0,0.0,0.0,0.0,0.0,0.0,0.0,0.0,0.0,0.0,0.0,0.0,385925.84375,0.0,979979.125,0.0,-3282.9375,0.0,3282.875,0.0,-0.8434900901917921,0.0,0.3361203670501709,0.0,TX
7725243,TX,4818,0.42178019881248474,1,0.0,0.0,0.0,1,0,0.0,0.0,0.0,0.0,0.0,0.0,0.0,0.0,0.0,0.0,0.0,0.0,0.0,0.0,0.0,0.0,0.0,0.0,0.0,0.0,0.0,0.0,0.0,0.0,0.0,0.0,0.0,0.0,0.0,0.0,0.0,0.0,0.0,0.0,0.0,0.0,0.0,0.0,0.0,0.0,0.0,0.0,0.0,0.0,0.0,0.0,0.0,0.0,0.0,0.0,0.0,0.0,0.0,0.0,0.0,0.0,0.0,0.0,0.0,0.0,0.0,0.0,0.0,0.0,0.0,0.0,0.0,0.0,0.0,0.0,0.0,0.0,0.0,0.0,0.0,0.0,0.0,0.0,0.0,0.0,0.0,0.0,0.0,0.0,0.0,0.0,0.0,0.0,0.0,0.0,0.0,0.0,0.0,0.0,0.0,0.0,0.0,0.0,0.0,0.0,0.0,0.0,0.0,0.0,TX
7725244,TX,4818,0.09932654350996017,2,0.0,23229.02734375,23311.75390625,2,0,-265.30084228515625,0.0,21838.96484375,0.0,0.0,0.0,0.0,0.0,0.0,0.0,0.0,0.0,0.0,0.0,0.0,0.0,0.0,0.0,0.0,0.0,0.0,0.0,0.0,0.0,0.0,0.0,0.0,0.0,0.0,0.0,0.0,0.0,0.0,0.0,0.0,0.0,0.0,0.0,0.0,0.0,0.0,0.0,0.0,0.0,0.0,0.0,0.0,0.0,0.0,0.0,0.0,0.0,0.0,0.0,0.0,0.0,0.0,0.0,0.0,0.0,0.0,0.0,0.0,0.0,0.0,0.0,0.0,0.0,0.0,0.0,0.0,0.0,0.0,0.0,0.0,0.0,0.0,0.0,0.0,0.0,0.0,0.0,0.0,0.0,0.0,0.0,0.0,0.0,0.0,0.0,0.0,0.0,-265.30084228515625,0.0,21838.96484375,0.0,0.0,0.0,0.0,0.0,0.0,0.0,0.0,0.0,TX
7725245,TX,4818,399.8544006347656,3,1.0,0.0,3298.838134765625,3,0,0.0,0.0,39770.53125,3036.04736328125,5818.5654296875,0.0,0.0,8854.61279296875,0.0,0.0,0.0,0.0,0.0,0.0,0.0,0.0,0.0,0.0,0.0,0.0,0.0,0.0,0.0,0.0,0.0,0.0,0.0,0.0,0.0,0.0,0.0,0.0,0.0,0.0,0.0,0.0,0.0,0.0,0.0,0.0,0.0,0.0,0.0,0.0,0.0,0.0,0.0,0.0,0.0,0.0,0.0,0.0,0.0,0.0,0.0,0.0,0.0,0.0,0.0,0.0,0.0,0.0,0.0,0.0,0.0,0.0,0.0,0.0,0.0,0.0,0.0,0.0,0.0,0.0,0.0,0.0,0.0,0.0,0.0,0.0,0.0,0.0,0.0,0.0,0.0,0.0,0.0,0.0,0.0,0.0,0.0,0.0,0.0,0.0,39770.53125,8854.61279296875,0.0,0.0,0.0,0.0,0.0,0.0,0.0,0.0,TX
7725246,TX,4818,0.29114848375320435,4,2.0,100853.2421875,213549.78125,4,0,22964.453125,0.0,245478.34375,0.0,0.0,0.0,0.0,0.0,-230.0,0.0,230.0,0.0,0.0,0.0,0.0,0.0,0.0,0.0,0.0,0.0,0.0,0.0,0.0,0.0,-200.0,0.0,200.0,0.0,0.0,0.0,0.0,0.0,-930.7109375,0.0,930.703125,0.0,0.0,0.0,0.0,0.0,0.0,0.0,0.0,0.0,0.0,0.0,0.0,0.0,0.0,0.0,0.0,0.0,0.0,0.0,0.0,0.0,0.0,0.0,0.0,0.0,0.0,0.0,0.0,0.0,0.0,0.0,0.0,0.0,0.0,0.0,0.0,0.0,0.0,0.0,0.0,0.0,0.0,0.0,0.0,0.0,0.0,0.0,0.0,0.0,0.0,0.0,0.0,0.0,0.0,0.0,0.0,0.0,21603.7421875,0.0,246839.046875,0.0,-1360.7109375,0.0,1360.703125,0.0,-5.92529214648999,0.0,0.5543068051338196,0.0,TX
7725247,TX,4818,0.3985694348812103,1,0.0,0.0,7810.35546875,1,0,0.0,0.0,37367.29296875,7016.89892578125,20223.16015625,0.0,0.0,27240.05908203125,0.0,0.0,0.0,0.0,0.0,0.0,0.0,0.0,0.0,0.0,0.0,0.0,0.0,0.0,0.0,0.0,0.0,0.0,0.0,0.0,0.0,0.0,0.0,0.0,0.0,0.0,0.0,0.0,0.0,0.0,0.0,0.0,0.0,0.0,0.0,0.0,0.0,0.0,0.0,0.0,0.0,0.0,0.0,0.0,0.0,0.0,0.0,0.0,0.0,0.0,0.0,0.0,0.0,0.0,0.0,0.0,0.0,0.0,0.0,0.0,0.0,0.0,0.0,0.0,0.0,0.0,0.0,0.0,0.0,0.0,0.0,0.0,0.0,0.0,0.0,0.0,0.0,0.0,0.0,0.0,0.0,0.0,0.0,0.0,0.0,0.0,37367.29296875,27240.05908203125,0.0,0.0,0.0,0.0,0.0,0.0,0.0,0.0,TX
7725248,TX,4818,0.3930060565471649,2,0.0,86895.6328125,387837.9375,2,0,77754.765625,0.0,364389.59375,27466.525390625,0.0,0.0,0.0,27466.525390625,-362.25,0.0,362.25,0.0,0.0,0.0,0.0,0.0,0.0,0.0,0.0,0.0,0.0,0.0,0.0,0.0,0.0,0.0,0.0,0.0,0.0,0.0,0.0,0.0,0.0,0.0,0.0,0.0,0.0,0.0,0.0,0.0,0.0,0.0,0.0,0.0,0.0,0.0,0.0,0.0,0.0,0.0,0.0,0.0,0.0,0.0,0.0,0.0,0.0,0.0,0.0,0.0,-2368.6953125,0.0,2368.6875,0.0,0.0,0.0,0.0,0.0,0.0,0.0,0.0,0.0,0.0,0.0,0.0,0.0,0.0,0.0,0.0,0.0,0.0,0.0,0.0,0.0,0.0,0.0,0.0,0.0,0.0,0.0,0.0,0.0,75023.8203125,0.0,367120.53125,27466.525390625,-2730.9453125,0.0,2730.9375,0.0,-3.5122545744282156,0.0,0.7494553923606873,0.0,TX
7725249,TX,4818,242.02926635742188,1,0.0,0.0,0.0,1,0,0.0,0.0,51483.91796875,20797.318359375,20223.16015625,0.0,0.0,41020.478515625,0.0,0.0,0.0,0.0,0.0,0.0,0.0,0.0,0.0,0.0,0.0,0.0,0.0,0.0,0.0,0.0,0.0,0.0,0.0,0.0,0.0,0.0,0.0,0.0,0.0,0.0,0.0,0.0,0.0,0.0,0.0,0.0,0.0,0.0,0.0,0.0,0.0,0.0,0.0,0.0,0.0,0.0,0.0,0.0,0.0,0.0,0.0,0.0,0.0,0.0,0.0,0.0,0.0,0.0,0.0,0.0,0.0,0.0,0.0,0.0,0.0,0.0,0.0,0.0,0.0,0.0,0.0,0.0,0.0,0.0,0.0,0.0,0.0,0.0,0.0,0.0,0.0,0.0,0.0,0.0,0.0,0.0,0.0,0.0,0.0,0.0,51483.91796875,41020.478515625,0.0,0.0,0.0,0.0,0.0,0.0,0.0,0.0,TX
7725250,TX,4818,123.02090454101562,3,0.0,0.0,0.8272702097892761,3,0,0.0,0.0,125649.671875,62824.2265625,0.0,0.0,0.0,62824.2265625,0.0,0.0,0.0,0.0,0.0,0.0,0.0,0.0,0.0,0.0,0.0,0.0,0.0,0.0,0.0,0.0,0.0,0.0,0.0,0.0,0.0,0.0,0.0,0.0,0.0,0.0,0.0,0.0,0.0,0.0,0.0,0.0,0.0,0.0,0.0,0.0,0.0,0.0,0.0,0.0,0.0,0.0,0.0,0.0,0.0,0.0,0.0,0.0,0.0,0.0,0.0,0.0,0.0,0.0,0.0,0.0,0.0,0.0,0.0,0.0,0.0,0.0,0.0,0.0,0.0,0.0,0.0,0.0,0.0,0.0,0.0,0.0,0.0,0.0,0.0,0.0,0.0,0.0,0.0,0.0,0.0,0.0,0.0,0.0,0.0,0.0,125649.671875,62824.2265625,0.0,0.0,0.0,0.0,0.0,0.0,0.0,0.0,TX
7725251,TX,4818,0.16778521239757538,6,0.0,229811.58203125,229811.5859375,6,0,16224.46630859375,0.0,210099.734375,0.0,0.0,0.0,0.0,0.0,-25.0,0.0,25.0,0.0,-342.0,0.0,342.0,0.0,0.0,0.0,0.0,0.0,0.0,0.0,0.0,0.0,0.0,0.0,0.0,0.0,0.0,0.0,0.0,0.0,0.0,0.0,0.0,0.0,0.0,0.0,0.0,0.0,0.0,0.0,0.0,0.0,0.0,0.0,0.0,0.0,0.0,0.0,0.0,0.0,0.0,0.0,0.0,0.0,0.0,0.0,0.0,0.0,0.0,0.0,0.0,0.0,0.0,0.0,0.0,0.0,0.0,0.0,0.0,0.0,0.0,0.0,0.0,0.0,-160.175048828125,0.0,160.171875,0.0,0.0,0.0,0.0,0.0,0.0,0.0,0.0,0.0,0.0,0.0,0.0,0.0,15697.291259765625,0.0,210626.90625,0.0,-527.175048828125,0.0,527.171875,0.0,-3.249259721713569,0.0,0.2509150505065918,0.0,TX
7725252,TX,4818,366.1886901855469,1,0.0,10038.59765625,10039.4248046875,1,0,0.0,0.0,34666.9765625,3596.039794921875,20223.16015625,0.0,0.0,23819.199951171875,0.0,0.0,0.0,0.0,0.0,0.0,0.0,0.0,0.0,0.0,0.0,0.0,0.0,0.0,0.0,0.0,0.0,0.0,0.0,0.0,0.0,0.0,0.0,0.0,0.0,0.0,0.0,0.0,0.0,0.0,0.0,0.0,0.0,0.0,0.0,0.0,0.0,0.0,0.0,0.0,0.0,0.0,0.0,0.0,0.0,0.0,0.0,0.0,0.0,0.0,0.0,0.0,0.0,0.0,0.0,0.0,0.0,0.0,0.0,0.0,0.0,0.0,0.0,0.0,0.0,0.0,0.0,0.0,0.0,0.0,0.0,0.0,0.0,0.0,0.0,0.0,0.0,0.0,0.0,0.0,0.0,0.0,0.0,0.0,0.0,0.0,34666.9765625,23819.199951171875,0.0,0.0,0.0,0.0,0.0,0.0,0.0,0.0,TX
7725253,TX,4818,24.653667449951172,1,0.0,0.0,11.581783294677734,1,0,0.0,0.0,17.032033920288086,0.0,0.0,0.0,0.0,0.0,0.0,0.0,0.0,0.0,0.0,0.0,0.0,0.0,0.0,0.0,0.0,0.0,0.0,0.0,0.0,0.0,0.0,0.0,0.0,0.0,0.0,0.0,0.0,0.0,0.0,0.0,0.0,0.0,0.0,0.0,0.0,0.0,0.0,0.0,0.0,0.0,0.0,0.0,0.0,0.0,0.0,0.0,0.0,0.0,0.0,0.0,0.0,0.0,0.0,0.0,0.0,0.0,0.0,0.0,0.0,0.0,0.0,0.0,0.0,0.0,0.0,0.0,0.0,0.0,0.0,0.0,0.0,0.0,0.0,0.0,0.0,0.0,0.0,0.0,0.0,0.0,0.0,0.0,0.0,0.0,0.0,0.0,0.0,0.0,0.0,0.0,17.032033920288086,0.0,0.0,0.0,0.0,0.0,0.0,0.0,0.0,0.0,TX
7725254,TX,4818,548.6072387695312,2,0.0,0.0,0.0,2,0,0.0,0.0,46564.98828125,6118.66943359375,40446.3203125,0.0,0.0,46564.98974609375,0.0,0.0,0.0,0.0,0.0,0.0,0.0,0.0,0.0,0.0,0.0,0.0,0.0,0.0,0.0,0.0,0.0,0.0,0.0,0.0,0.0,0.0,0.0,0.0,0.0,0.0,0.0,0.0,0.0,0.0,0.0,0.0,0.0,0.0,0.0,0.0,0.0,0.0,0.0,0.0,0.0,0.0,0.0,0.0,0.0,0.0,0.0,0.0,0.0,0.0,0.0,0.0,0.0,0.0,0.0,0.0,0.0,0.0,0.0,0.0,0.0,0.0,0.0,0.0,0.0,0.0,0.0,0.0,0.0,0.0,0.0,0.0,0.0,0.0,0.0,0.0,0.0,0.0,0.0,0.0,0.0,0.0,0.0,0.0,0.0,0.0,46564.98828125,46564.98974609375,0.0,0.0,0.0,0.0,0.0,0.0,0.0,0.0,TX
7725255,TX,4818,0.25785475969314575,2,0.0,227654.515625,504827.0,2,0,103056.5703125,0.0,443667.75,0.0,0.0,0.0,0.0,0.0,-764.0,0.0,764.0,0.0,-608.0,0.0,608.0,0.0,0.0,0.0,0.0,0.0,0.0,0.0,0.0,0.0,0.0,0.0,0.0,0.0,0.0,0.0,0.0,0.0,0.0,0.0,0.0,0.0,0.0,0.0,0.0,0.0,0.0,0.0,0.0,0.0,0.0,0.0,0.0,0.0,0.0,0.0,0.0,0.0,0.0,0.0,0.0,0.0,0.0,0.0,0.0,0.0,0.0,0.0,0.0,0.0,0.0,0.0,0.0,0.0,0.0,0.0,0.0,0.0,0.0,0.0,0.0,0.0,0.0,0.0,0.0,0.0,0.0,0.0,0.0,0.0,0.0,0.0,0.0,0.0,0.0,0.0,0.0,0.0,101684.5703125,0.0,445039.75,0.0,-1372.0,0.0,1372.0,0.0,-1.331307645732498,0.0,0.3092404305934906,0.0,TX
7725256,TX,4818,208.54757690429688,2,0.0,0.0,41.36351013183594,2,0,0.0,0.0,106526.3125,53232.7421875,0.0,0.0,0.0,53232.7421875,0.0,0.0,0.0,0.0,0.0,0.0,0.0,0.0,0.0,0.0,0.0,0.0,0.0,0.0,0.0,0.0,0.0,0.0,0.0,0.0,0.0,0.0,0.0,0.0,0.0,0.0,0.0,0.0,0.0,0.0,0.0,0.0,0.0,0.0,0.0,0.0,0.0,0.0,0.0,0.0,0.0,0.0,0.0,0.0,0.0,0.0,0.0,0.0,0.0,0.0,0.0,0.0,0.0,0.0,0.0,0.0,0.0,0.0,0.0,0.0,0.0,0.0,0.0,0.0,0.0,0.0,0.0,0.0,0.0,0.0,0.0,0.0,0.0,0.0,0.0,0.0,0.0,0.0,0.0,0.0,0.0,0.0,0.0,0.0,0.0,0.0,106526.3125,53232.7421875,0.0,0.0,0.0,0.0,0.0,0.0,0.0,0.0,TX
7725257,TX,4818,381.0995178222656,1,0.0,0.0,0.0,1,0,0.0,0.0,34783.6875,20579.572265625,0.0,0.0,0.0,20579.572265625,0.0,0.0,0.0,0.0,0.0,0.0,0.0,0.0,0.0,0.0,0.0,0.0,0.0,0.0,0.0,0.0,0.0,0.0,0.0,0.0,0.0,0.0,0.0,0.0,0.0,0.0,0.0,0.0,0.0,0.0,0.0,0.0,0.0,0.0,0.0,0.0,0.0,0.0,0.0,0.0,0.0,0.0,0.0,0.0,0.0,0.0,0.0,0.0,0.0,0.0,0.0,0.0,0.0,0.0,0.0,0.0,0.0,0.0,0.0,0.0,0.0,0.0,0.0,0.0,0.0,0.0,0.0,0.0,0.0,0.0,0.0,0.0,0.0,0.0,0.0,0.0,0.0,0.0,0.0,0.0,0.0,0.0,0.0,0.0,0.0,0.0,34783.6875,20579.572265625,0.0,0.0,0.0,0.0,0.0,0.0,0.0,0.0,TX
7725258,TX,4818,0.1682853251695633,4,2.0,348435.40625,366212.4375,2,2,61711.2421875,0.0,286904.8125,0.0,0.0,0.0,0.0,0.0,-292.0,0.0,292.0,0.0,-456.0,0.0,456.0,0.0,0.0,0.0,0.0,0.0,4000.0,0.0,-4000.0,0.0,0.0,0.0,0.0,0.0,0.0,0.0,0.0,0.0,-346.703125,0.0,346.6875,0.0,0.0,0.0,0.0,0.0,0.0,0.0,0.0,0.0,0.0,0.0,0.0,0.0,0.0,0.0,0.0,0.0,0.0,0.0,0.0,0.0,0.0,0.0,0.0,0.0,0.0,0.0,0.0,0.0,0.0,0.0,0.0,0.0,0.0,0.0,0.0,0.0,0.0,0.0,0.0,0.0,0.0,0.0,0.0,0.0,0.0,0.0,0.0,0.0,0.0,0.0,0.0,0.0,0.0,0.0,0.0,0.0,64616.5390625,0.0,283999.5,0.0,2905.296875,0.0,-2905.3125,0.0,4.707889149553509,0.0,-1.0126398801803589,0.0,TX
7725259,TX,4818,0.21510598063468933,2,0.0,120983.65625,287099.84375,2,0,43578.37109375,0.0,290522.40625,23083.87109375,0.0,0.0,0.0,23083.87109375,-292.0,0.0,292.0,0.0,-456.0,0.0,456.0,0.0,0.0,0.0,0.0,0.0,0.0,0.0,0.0,0.0,0.0,0.0,0.0,0.0,0.0,0.0,0.0,0.0,0.0,0.0,0.0,0.0,0.0,0.0,0.0,0.0,0.0,0.0,0.0,0.0,0.0,0.0,0.0,0.0,-480.0,0.0,480.0,0.0,0.0,0.0,0.0,0.0,0.0,0.0,0.0,0.0,0.0,0.0,0.0,0.0,0.0,0.0,0.0,0.0,0.0,0.0,0.0,0.0,-905.7578125,0.0,905.75,0.0,0.0,0.0,0.0,0.0,0.0,0.0,0.0,0.0,0.0,0.0,0.0,0.0,0.0,0.0,0.0,0.0,41444.61328125,0.0,292656.15625,23083.87109375,-2133.7578125,0.0,2133.75,0.0,-4.896368907203195,0.0,0.7344527840614319,0.0,TX
7725260,TX,4818,0.1014794334769249,3,0.0,113572.03125,228298.4765625,3,0,25892.224365234375,0.0,273644.6875,35314.10546875,0.0,0.0,0.0,35314.10546875,-235.0,0.0,235.0,0.0,-532.0001220703125,0.0,532.0,0.0,0.0,0.0,0.0,0.0,0.0,0.0,0.0,0.0,0.0,0.0,0.0,0.0,0.0,0.0,0.0,0.0,0.0,0.0,0.0,0.0,0.0,0.0,0.0,0.0,0.0,0.0,0.0,0.0,0.0,0.0,0.0,0.0,0.0,0.0,0.0,0.0,0.0,0.0,0.0,0.0,0.0,0.0,0.0,0.0,0.0,0.0,0.0,0.0,0.0,0.0,0.0,0.0,0.0,0.0,0.0,0.0,-2811.9716796875,0.0,2812.0,0.0,0.0,0.0,0.0,0.0,0.0,0.0,0.0,0.0,0.0,0.0,0.0,0.0,0.0,0.0,0.0,0.0,22313.252563476562,0.0,277223.6875,35314.10546875,-3578.9718017578125,0.0,3579.0,0.0,-13.822573724346823,0.0,1.3079004287719727,0.0,TX
7725261,TX,4818,288.5295104980469,1,0.0,0.0,2409.017578125,1,0,0.0,0.0,30842.54296875,15353.837890625,0.0,0.0,0.0,15353.837890625,0.0,0.0,0.0,0.0,0.0,0.0,0.0,0.0,0.0,0.0,0.0,0.0,0.0,0.0,0.0,0.0,0.0,0.0,0.0,0.0,0.0,0.0,0.0,0.0,0.0,0.0,0.0,0.0,0.0,0.0,0.0,0.0,0.0,0.0,0.0,0.0,0.0,0.0,0.0,0.0,0.0,0.0,0.0,0.0,0.0,0.0,0.0,0.0,0.0,0.0,0.0,0.0,0.0,0.0,0.0,0.0,0.0,0.0,0.0,0.0,0.0,0.0,0.0,0.0,0.0,0.0,0.0,0.0,0.0,0.0,0.0,0.0,0.0,0.0,0.0,0.0,0.0,0.0,0.0,0.0,0.0,0.0,0.0,0.0,0.0,0.0,30842.54296875,15353.837890625,0.0,0.0,0.0,0.0,0.0,0.0,0.0,0.0,TX
7725262,TX,4818,24.78889274597168,1,0.0,0.0,0.0,1,0,0.0,0.0,27982.201171875,4044.520751953125,20223.16015625,0.0,0.0,24267.680908203125,0.0,0.0,0.0,0.0,0.0,0.0,0.0,0.0,0.0,0.0,0.0,0.0,0.0,0.0,0.0,0.0,0.0,0.0,0.0,0.0,0.0,0.0,0.0,0.0,0.0,0.0,0.0,0.0,0.0,0.0,0.0,0.0,0.0,0.0,0.0,0.0,0.0,0.0,0.0,0.0,0.0,0.0,0.0,0.0,0.0,0.0,0.0,0.0,0.0,0.0,0.0,0.0,0.0,0.0,0.0,0.0,0.0,0.0,0.0,0.0,0.0,0.0,0.0,0.0,0.0,0.0,0.0,0.0,0.0,0.0,0.0,0.0,0.0,0.0,0.0,0.0,0.0,0.0,0.0,0.0,0.0,0.0,0.0,0.0,0.0,0.0,27982.201171875,24267.680908203125,0.0,0.0,0.0,0.0,0.0,0.0,0.0,0.0,TX
7725263,TX,4818,7.924430847167969,1,0.0,0.0,0.0,1,0,0.0,0.0,32385.1171875,16501.400390625,0.0,0.0,0.0,16501.400390625,0.0,0.0,0.0,0.0,0.0,0.0,0.0,0.0,0.0,0.0,0.0,0.0,0.0,0.0,0.0,0.0,0.0,0.0,0.0,0.0,0.0,0.0,0.0,0.0,0.0,0.0,0.0,0.0,0.0,0.0,0.0,0.0,0.0,0.0,0.0,0.0,0.0,0.0,0.0,0.0,0.0,0.0,0.0,0.0,0.0,0.0,0.0,0.0,0.0,0.0,0.0,0.0,0.0,0.0,0.0,0.0,0.0,0.0,0.0,0.0,0.0,0.0,0.0,0.0,0.0,0.0,0.0,0.0,0.0,0.0,0.0,0.0,0.0,0.0,0.0,0.0,0.0,0.0,0.0,0.0,0.0,0.0,0.0,0.0,0.0,0.0,32385.1171875,16501.400390625,0.0,0.0,0.0,0.0,0.0,0.0,0.0,0.0,TX
7725264,TX,4818,0.2771267294883728,2,0.0,0.0,26933.271484375,2,0,0.0,0.0,100473.65625,38361.578125,0.0,0.0,0.0,38361.578125,0.0,0.0,0.0,0.0,0.0,0.0,0.0,0.0,0.0,0.0,0.0,0.0,0.0,0.0,0.0,0.0,0.0,0.0,0.0,0.0,0.0,0.0,0.0,0.0,0.0,0.0,0.0,0.0,0.0,0.0,0.0,0.0,0.0,0.0,0.0,0.0,0.0,0.0,0.0,0.0,0.0,0.0,0.0,0.0,0.0,0.0,0.0,0.0,0.0,0.0,0.0,0.0,0.0,0.0,0.0,0.0,0.0,0.0,0.0,0.0,0.0,0.0,0.0,0.0,0.0,0.0,0.0,0.0,0.0,0.0,0.0,0.0,0.0,0.0,0.0,0.0,0.0,0.0,0.0,0.0,0.0,0.0,0.0,0.0,0.0,0.0,100473.65625,38361.578125,0.0,0.0,0.0,0.0,0.0,0.0,0.0,0.0,TX
7725265,TX,4818,77.16570281982422,1,0.0,0.0,691.5978393554688,1,0,0.0,0.0,71711.5625,32698.244140625,0.0,0.0,0.0,32698.244140625,0.0,0.0,0.0,0.0,0.0,0.0,0.0,0.0,0.0,0.0,0.0,0.0,0.0,0.0,0.0,0.0,0.0,0.0,0.0,0.0,0.0,0.0,0.0,0.0,0.0,0.0,0.0,0.0,0.0,0.0,0.0,0.0,0.0,0.0,0.0,0.0,0.0,0.0,0.0,0.0,0.0,0.0,0.0,0.0,0.0,0.0,0.0,0.0,0.0,0.0,0.0,0.0,0.0,0.0,0.0,0.0,0.0,0.0,0.0,0.0,0.0,0.0,0.0,0.0,0.0,0.0,0.0,0.0,0.0,0.0,0.0,0.0,0.0,0.0,0.0,0.0,0.0,0.0,0.0,0.0,0.0,0.0,0.0,0.0,0.0,0.0,71711.5625,32698.244140625,0.0,0.0,0.0,0.0,0.0,0.0,0.0,0.0,TX
7725266,TX,4818,0.4224625825881958,1,0.0,0.0,0.8272702097892761,1,0,0.0,0.0,48068.7734375,19618.947265625,0.0,8829.6650390625,0.0,28448.6123046875,0.0,0.0,0.0,0.0,0.0,0.0,0.0,0.0,0.0,0.0,0.0,0.0,0.0,0.0,0.0,0.0,0.0,0.0,0.0,0.0,0.0,0.0,0.0,0.0,0.0,0.0,0.0,0.0,0.0,0.0,0.0,0.0,0.0,0.0,0.0,0.0,0.0,0.0,0.0,0.0,0.0,0.0,0.0,0.0,0.0,0.0,0.0,0.0,0.0,0.0,0.0,0.0,0.0,0.0,0.0,0.0,0.0,0.0,0.0,0.0,0.0,0.0,0.0,0.0,0.0,0.0,0.0,0.0,0.0,0.0,0.0,0.0,0.0,0.0,0.0,0.0,0.0,0.0,0.0,0.0,0.0,0.0,0.0,0.0,0.0,0.0,48068.7734375,28448.6123046875,0.0,0.0,0.0,0.0,0.0,0.0,0.0,0.0,TX
7725267,TX,4818,24.789093017578125,1,0.0,0.0,0.0,1,0,0.0,0.0,20555.33984375,331.0899353027344,20223.16015625,0.0,0.0,20554.250091552734,0.0,0.0,0.0,0.0,0.0,0.0,0.0,0.0,0.0,0.0,0.0,0.0,0.0,0.0,0.0,0.0,0.0,0.0,0.0,0.0,0.0,0.0,0.0,0.0,0.0,0.0,0.0,0.0,0.0,0.0,0.0,0.0,0.0,0.0,0.0,0.0,0.0,0.0,0.0,0.0,0.0,0.0,0.0,0.0,0.0,0.0,0.0,0.0,0.0,0.0,0.0,0.0,0.0,0.0,0.0,0.0,0.0,0.0,0.0,0.0,0.0,0.0,0.0,0.0,0.0,0.0,0.0,0.0,0.0,0.0,0.0,0.0,0.0,0.0,0.0,0.0,0.0,0.0,0.0,0.0,0.0,0.0,0.0,0.0,0.0,0.0,20555.33984375,20554.250091552734,0.0,0.0,0.0,0.0,0.0,0.0,0.0,0.0,TX
7725268,TX,4818,0.24173009395599365,2,0.0,358983.828125,395719.09375,2,0,72462.73828125,0.0,341877.4375,0.0,0.0,0.0,0.0,0.0,-262.0,0.0,262.0,0.0,-228.0,0.0,228.0,0.0,0.0,0.0,0.0,0.0,0.0,0.0,0.0,0.0,0.0,0.0,0.0,0.0,0.0,0.0,0.0,0.0,0.0,0.0,0.0,0.0,0.0,0.0,0.0,0.0,0.0,0.0,0.0,0.0,0.0,0.0,0.0,0.0,-42.27734375,0.0,42.3125,0.0,0.0,0.0,0.0,0.0,0.0,0.0,0.0,0.0,0.0,0.0,0.0,0.0,0.0,0.0,0.0,0.0,0.0,0.0,0.0,0.0,0.0,0.0,0.0,0.0,0.0,0.0,0.0,0.0,0.0,0.0,0.0,0.0,0.0,0.0,0.0,0.0,0.0,0.0,0.0,0.0,71930.4609375,0.0,342409.75,0.0,-532.27734375,0.0,532.3125,0.0,-0.7345531736381107,0.0,0.15570273995399475,0.0,TX
7725269,TX,4818,0.3880927860736847,7,5.0,75494.3359375,85721.42187500001,7,0,-3835.42919921875,0.0,115832.46875,17437.341796875,0.0,4350.8994140625,8457.91259765625,30246.15380859375,-10.000000000000455,0.0,10.0,0.0,-227.99999999999955,0.0,228.0,0.0,0.0,0.0,0.0,0.0,0.0,0.0,0.0,0.0,-1000.0000000000009,0.0,1000.0,0.0,0.0,0.0,0.0,0.0,0.0,0.0,0.0,0.0,0.0,0.0,0.0,0.0,0.0,0.0,0.0,0.0,0.0,0.0,0.0,0.0,-172.4521484374991,0.0,172.453125,0.0,0.0,0.0,0.0,0.0,0.0,0.0,0.0,0.0,0.0,0.0,0.0,0.0,0.0,0.0,0.0,0.0,0.0,0.0,0.0,0.0,0.0,0.0,0.0,0.0,-622.5815429687491,0.0,622.578125,0.0,0.0,0.0,0.0,0.0,0.0,0.0,0.0,0.0,0.0,0.0,0.0,0.0,-5868.462890624999,0.0,117865.5,30246.15380859375,-2033.033691406249,0.0,2033.03125,0.0,-53.0066802385601,0.0,1.755147933959961,0.0,TX
7725270,TX,4818,80.30995178222656,2,0.0,0.0,3.3090808391571045,2,0,0.0,0.0,4.866295337677002,0.0,0.0,0.0,0.0,0.0,0.0,0.0,0.0,0.0,0.0,0.0,0.0,0.0,0.0,0.0,0.0,0.0,0.0,0.0,0.0,0.0,0.0,0.0,0.0,0.0,0.0,0.0,0.0,0.0,0.0,0.0,0.0,0.0,0.0,0.0,0.0,0.0,0.0,0.0,0.0,0.0,0.0,0.0,0.0,0.0,0.0,0.0,0.0,0.0,0.0,0.0,0.0,0.0,0.0,0.0,0.0,0.0,0.0,0.0,0.0,0.0,0.0,0.0,0.0,0.0,0.0,0.0,0.0,0.0,0.0,0.0,0.0,0.0,0.0,0.0,0.0,0.0,0.0,0.0,0.0,0.0,0.0,0.0,0.0,0.0,0.0,0.0,0.0,0.0,0.0,0.0,4.866295337677002,0.0,0.0,0.0,0.0,0.0,0.0,0.0,0.0,0.0,TX
7725271,TX,4818,0.21981224417686462,4,2.0,177220.90625,192091.40625,4,0,11012.5380859375,0.0,182136.25,0.0,0.0,0.0,0.0,0.0,-230.0,0.0,230.0,0.0,0.0,0.0,0.0,0.0,0.0,0.0,0.0,0.0,0.0,0.0,0.0,0.0,-400.0,0.0,400.0,0.0,0.0,0.0,0.0,0.0,-519.5634765625,0.0,519.5625,0.0,0.0,0.0,0.0,0.0,0.0,0.0,0.0,0.0,0.0,0.0,0.0,0.0,0.0,0.0,0.0,0.0,0.0,0.0,0.0,0.0,0.0,0.0,0.0,0.0,0.0,0.0,0.0,0.0,0.0,0.0,0.0,0.0,0.0,0.0,0.0,0.0,0.0,0.0,0.0,0.0,0.0,0.0,0.0,0.0,0.0,0.0,0.0,0.0,0.0,0.0,0.0,0.0,0.0,0.0,0.0,0.0,9862.974609375,0.0,183285.8125,0.0,-1149.5634765625,0.0,1149.5625,0.0,-10.43867878223676,0.0,0.631155252456665,0.0,TX
7725272,TX,4818,0.27675965428352356,7,3.9999999999999996,87108.8515625,86976.8203125,7,0,-1754.5161132812502,0.0,128870.9140625,15420.4921875,0.0,9062.8935546875,6766.330078125,31249.7158203125,-9.999999999999545,0.0,10.0,0.0,-228.0,0.0,228.0,0.0,0.0,0.0,0.0,0.0,0.0,0.0,0.0,0.0,-800.0000000000002,0.0,800.0,0.0,0.0,0.0,0.0,0.0,0.0,0.0,0.0,0.0,0.0,0.0,0.0,0.0,0.0,0.0,0.0,0.0,0.0,0.0,0.0,0.0,-240.0,0.0,240.0,0.0,0.0,0.0,0.0,0.0,0.0,0.0,0.0,0.0,0.0,0.0,0.0,0.0,0.0,0.0,0.0,0.0,0.0,0.0,0.0,0.0,0.0,0.0,0.0,0.0,-569.2172851562505,0.0,569.21875,0.0,0.0,0.0,0.0,0.0,0.0,0.0,0.0,0.0,0.0,0.0,0.0,0.0,-3601.7333984375005,0.0,130718.1328125,31249.7158203125,-1847.2172851562502,0.0,1847.21875,0.0,-105.28357483714599,0.0,1.4333868026733398,0.0,TX
7725273,TX,4818,121.10365295410156,2,0.0,0.0,0.0,2,0,0.0,0.0,91738.1953125,45869.09765625,0.0,0.0,0.0,45869.09765625,0.0,0.0,0.0,0.0,0.0,0.0,0.0,0.0,0.0,0.0,0.0,0.0,0.0,0.0,0.0,0.0,0.0,0.0,0.0,0.0,0.0,0.0,0.0,0.0,0.0,0.0,0.0,0.0,0.0,0.0,0.0,0.0,0.0,0.0,0.0,0.0,0.0,0.0,0.0,0.0,0.0,0.0,0.0,0.0,0.0,0.0,0.0,0.0,0.0,0.0,0.0,0.0,0.0,0.0,0.0,0.0,0.0,0.0,0.0,0.0,0.0,0.0,0.0,0.0,0.0,0.0,0.0,0.0,0.0,0.0,0.0,0.0,0.0,0.0,0.0,0.0,0.0,0.0,0.0,0.0,0.0,0.0,0.0,0.0,0.0,0.0,91738.1953125,45869.09765625,0.0,0.0,0.0,0.0,0.0,0.0,0.0,0.0,TX
7725274,TX,4818,21.68332862854004,1,0.0,0.0,0.0,1,0,0.0,0.0,0.0,0.0,0.0,0.0,0.0,0.0,0.0,0.0,0.0,0.0,0.0,0.0,0.0,0.0,0.0,0.0,0.0,0.0,0.0,0.0,0.0,0.0,0.0,0.0,0.0,0.0,0.0,0.0,0.0,0.0,0.0,0.0,0.0,0.0,0.0,0.0,0.0,0.0,0.0,0.0,0.0,0.0,0.0,0.0,0.0,0.0,0.0,0.0,0.0,0.0,0.0,0.0,0.0,0.0,0.0,0.0,0.0,0.0,0.0,0.0,0.0,0.0,0.0,0.0,0.0,0.0,0.0,0.0,0.0,0.0,0.0,0.0,0.0,0.0,0.0,0.0,0.0,0.0,0.0,0.0,0.0,0.0,0.0,0.0,0.0,0.0,0.0,0.0,0.0,0.0,0.0,0.0,0.0,0.0,0.0,0.0,0.0,0.0,0.0,0.0,0.0,0.0,TX
7725275,TX,4818,0.17414197325706482,4,2.0,79120.943359375,79121.7734375,4,0,1372.61279296875,0.0,77107.9921875,0.0,0.0,3230.55712890625,0.0,3230.55712890625,-10.0,0.0,10.0,0.0,-228.0,0.0,228.0,0.0,0.0,0.0,0.0,0.0,0.0,0.0,0.0,0.0,-400.0,0.0,400.0,0.0,0.0,0.0,0.0,0.0,0.0,0.0,0.0,0.0,0.0,0.0,0.0,0.0,0.0,0.0,0.0,0.0,0.0,0.0,0.0,0.0,0.0,0.0,0.0,0.0,0.0,0.0,0.0,0.0,0.0,0.0,0.0,0.0,0.0,0.0,0.0,0.0,0.0,0.0,0.0,0.0,-315.42578125,0.0,315.4296875,0.0,0.0,0.0,0.0,0.0,0.0,0.0,0.0,0.0,0.0,0.0,0.0,0.0,0.0,0.0,0.0,0.0,0.0,0.0,0.0,0.0,419.18701171875,0.0,78061.421875,3230.55712890625,-953.42578125,0.0,953.4296875,0.0,-69.46065096682415,0.0,1.2364861965179443,0.0,TX
7725276,TX,4818,170.79164123535156,3,1.0,0.0,0.0,3,0,0.0,0.0,97542.7578125,47398.81640625,4137.51025390625,0.0,0.0,51536.32666015625,0.0,0.0,0.0,0.0,0.0,0.0,0.0,0.0,0.0,0.0,0.0,0.0,0.0,0.0,0.0,0.0,0.0,0.0,0.0,0.0,0.0,0.0,0.0,0.0,0.0,0.0,0.0,0.0,0.0,0.0,0.0,0.0,0.0,0.0,0.0,0.0,0.0,0.0,0.0,0.0,0.0,0.0,0.0,0.0,0.0,0.0,0.0,0.0,0.0,0.0,0.0,0.0,0.0,0.0,0.0,0.0,0.0,0.0,0.0,0.0,0.0,0.0,0.0,0.0,0.0,0.0,0.0,0.0,0.0,0.0,0.0,0.0,0.0,0.0,0.0,0.0,0.0,0.0,0.0,0.0,0.0,0.0,0.0,0.0,0.0,0.0,97542.7578125,51536.32666015625,0.0,0.0,0.0,0.0,0.0,0.0,0.0,0.0,TX
7725277,TX,4818,0.1059323325753212,2,0.0,100094.41796875,100096.07421875,2,0,6466.450439453125,0.0,96216.6328125,0.0,0.0,0.0,0.0,0.0,-10.0,0.0,10.0,0.0,-114.0,0.0,114.0,0.0,0.0,0.0,0.0,0.0,0.0,0.0,0.0,0.0,0.0,0.0,0.0,0.0,0.0,0.0,0.0,0.0,0.0,0.0,0.0,0.0,0.0,0.0,0.0,0.0,0.0,0.0,0.0,0.0,0.0,0.0,0.0,0.0,-117.123046875,0.0,117.1171875,0.0,0.0,0.0,0.0,0.0,0.0,0.0,0.0,0.0,0.0,0.0,0.0,0.0,0.0,0.0,0.0,0.0,0.0,0.0,0.0,0.0,0.0,0.0,0.0,0.0,0.0,0.0,0.0,0.0,0.0,0.0,0.0,0.0,0.0,0.0,0.0,0.0,0.0,0.0,0.0,0.0,6225.327392578125,0.0,96457.75,0.0,-241.123046875,0.0,241.1171875,0.0,-3.728831592118288,0.0,0.2505982220172882,0.0,TX
7725278,TX,4818,369.07183837890625,1,0.0,0.0,0.0,1,0,0.0,0.0,30531.73828125,10308.5791015625,20223.16015625,0.0,0.0,30531.7392578125,0.0,0.0,0.0,0.0,0.0,0.0,0.0,0.0,0.0,0.0,0.0,0.0,0.0,0.0,0.0,0.0,0.0,0.0,0.0,0.0,0.0,0.0,0.0,0.0,0.0,0.0,0.0,0.0,0.0,0.0,0.0,0.0,0.0,0.0,0.0,0.0,0.0,0.0,0.0,0.0,0.0,0.0,0.0,0.0,0.0,0.0,0.0,0.0,0.0,0.0,0.0,0.0,0.0,0.0,0.0,0.0,0.0,0.0,0.0,0.0,0.0,0.0,0.0,0.0,0.0,0.0,0.0,0.0,0.0,0.0,0.0,0.0,0.0,0.0,-3596.0390625,-3596.03955078125,0.0,0.0,0.0,0.0,0.0,0.0,0.0,0.0,0.0,0.0,26935.69921875,26935.69970703125,0.0,0.0,-3596.0390625,-3596.03955078125,0.0,0.0,-11.778036117553711,-11.778037013928353,TX
7725279,TX,4818,109.1533203125,1,0.0,0.0,0.0,1,0,0.0,0.0,21037.30078125,814.1397705078125,20223.16015625,0.0,0.0,21037.299926757812,0.0,0.0,0.0,0.0,0.0,0.0,0.0,0.0,0.0,0.0,0.0,0.0,0.0,0.0,0.0,0.0,0.0,0.0,0.0,0.0,0.0,0.0,0.0,0.0,0.0,0.0,0.0,0.0,0.0,0.0,0.0,0.0,0.0,0.0,0.0,0.0,0.0,0.0,0.0,0.0,0.0,0.0,0.0,0.0,0.0,0.0,0.0,0.0,0.0,0.0,0.0,0.0,0.0,0.0,0.0,0.0,0.0,0.0,0.0,0.0,0.0,0.0,0.0,0.0,0.0,0.0,0.0,0.0,0.0,0.0,0.0,0.0,0.0,0.0,0.0,0.0,0.0,0.0,0.0,0.0,0.0,0.0,0.0,0.0,0.0,0.0,21037.30078125,21037.299926757812,0.0,0.0,0.0,0.0,0.0,0.0,0.0,0.0,TX
7725280,TX,4818,233.54617309570312,2,0.0,0.0,0.0,2,0,0.0,0.0,20223.16015625,0.0,20223.16015625,0.0,0.0,20223.16015625,0.0,0.0,0.0,0.0,0.0,0.0,0.0,0.0,0.0,0.0,0.0,0.0,0.0,0.0,0.0,0.0,0.0,0.0,0.0,0.0,0.0,0.0,0.0,0.0,0.0,0.0,0.0,0.0,0.0,0.0,0.0,0.0,0.0,0.0,0.0,0.0,0.0,0.0,0.0,0.0,0.0,0.0,0.0,0.0,0.0,0.0,0.0,0.0,0.0,0.0,0.0,0.0,0.0,0.0,0.0,0.0,0.0,0.0,0.0,0.0,0.0,0.0,0.0,0.0,0.0,0.0,0.0,0.0,0.0,0.0,0.0,0.0,0.0,0.0,0.0,0.0,0.0,0.0,0.0,0.0,0.0,0.0,0.0,0.0,0.0,0.0,20223.16015625,20223.16015625,0.0,0.0,0.0,0.0,0.0,0.0,0.0,0.0,TX
7725281,TX,4818,0.1520254760980606,4,1.0,106853.525390625,95474.62109374999,4,0,4855.1837158203125,0.0,94196.1328125,0.0,0.0,0.0,0.0,0.0,-10.0,0.0,10.0,0.0,-323.0,0.0,323.0,0.0,0.0,0.0,0.0,0.0,0.0,0.0,0.0,0.0,0.0,0.0,0.0,0.0,0.0,0.0,0.0,0.0,0.0,0.0,0.0,0.0,0.0,0.0,0.0,0.0,0.0,0.0,0.0,0.0,0.0,0.0,0.0,0.0,-240.0,0.0,240.0,0.0,0.0,0.0,0.0,0.0,0.0,0.0,0.0,0.0,0.0,0.0,0.0,0.0,0.0,0.0,0.0,0.0,0.0,0.0,0.0,0.0,0.0,0.0,0.0,0.0,-73.95880126953125,0.0,73.9609375,0.0,0.0,0.0,0.0,0.0,0.0,0.0,0.0,0.0,0.0,0.0,0.0,0.0,4208.224914550781,0.0,94843.09375,0.0,-646.9588012695312,0.0,646.9609375,0.0,-13.325114746151757,0.0,0.6868232488632202,0.0,TX
7725282,TX,4818,0.1344689279794693,5,2.0,494993.0471191406,494819.859375,5,0,84213.603515625,0.0,390373.9375,0.0,0.0,0.0,0.0,0.0,-407.0,0.0,407.0,0.0,-665.0,0.0,665.0,0.0,0.0,0.0,0.0,0.0,0.0,0.0,0.0,0.0,-200.0,0.0,200.0,0.0,0.0,0.0,0.0,0.0,0.0,0.0,0.0,0.0,0.0,0.0,0.0,0.0,0.0,0.0,0.0,0.0,0.0,0.0,0.0,0.0,-58.1015625,0.0,58.125,0.0,0.0,0.0,0.0,0.0,0.0,0.0,0.0,0.0,0.0,0.0,0.0,0.0,0.0,0.0,0.0,0.0,0.0,0.0,0.0,0.0,0.0,0.0,0.0,0.0,-72.2890625,0.0,72.28125,0.0,0.0,0.0,0.0,0.0,0.0,0.0,0.0,0.0,0.0,0.0,0.0,0.0,82811.212890625,0.0,391776.34375,0.0,-1402.390625,0.0,1402.40625,0.0,-1.6652780150178472,0.0,0.3592469096183777,0.0,TX
7725283,TX,4818,0.16884155571460724,2,0.0,98511.703125,102699.3515625,2,0,8201.921875,0.0,107726.8125,0.0,0.0,0.0,0.0,0.0,-9.99951171875,0.0,10.0,0.0,-228.0,0.0,228.0,0.0,0.0,0.0,0.0,0.0,0.0,0.0,0.0,0.0,0.0,0.0,0.0,0.0,0.0,0.0,0.0,0.0,0.0,0.0,0.0,0.0,0.0,0.0,0.0,0.0,0.0,0.0,0.0,0.0,0.0,0.0,0.0,0.0,-240.0,0.0,240.0,0.0,0.0,0.0,0.0,0.0,0.0,0.0,0.0,0.0,0.0,0.0,0.0,0.0,0.0,0.0,0.0,0.0,0.0,0.0,0.0,0.0,0.0,0.0,0.0,0.0,0.0,0.0,0.0,0.0,0.0,0.0,0.0,0.0,0.0,0.0,0.0,0.0,0.0,0.0,0.0,0.0,7723.92236328125,0.0,108204.8125,0.0,-477.99951171875,0.0,478.0,0.0,-5.827896424808972,0.0,0.44371500611305237,0.0,TX
7725284,TX,4818,3.6924381256103516,2,0.0,0.0,0.0,2,0,0.0,0.0,50930.7890625,25465.39453125,0.0,0.0,0.0,25465.39453125,0.0,0.0,0.0,0.0,0.0,0.0,0.0,0.0,0.0,0.0,0.0,0.0,0.0,0.0,0.0,0.0,0.0,0.0,0.0,0.0,0.0,0.0,0.0,0.0,0.0,0.0,0.0,0.0,0.0,0.0,0.0,0.0,0.0,0.0,0.0,0.0,0.0,0.0,0.0,0.0,0.0,0.0,0.0,0.0,0.0,0.0,0.0,0.0,0.0,0.0,0.0,0.0,0.0,0.0,0.0,0.0,0.0,0.0,0.0,0.0,0.0,0.0,0.0,0.0,0.0,0.0,0.0,0.0,0.0,0.0,0.0,0.0,0.0,0.0,0.0,0.0,0.0,0.0,0.0,0.0,0.0,0.0,0.0,0.0,0.0,0.0,50930.7890625,25465.39453125,0.0,0.0,0.0,0.0,0.0,0.0,0.0,0.0,TX
7725285,TX,4818,156.76272583007812,1,0.0,1754.90087890625,1763.173583984375,1,0,0.0,0.0,47538.92578125,20926.876953125,0.0,0.0,0.0,20926.876953125,0.0,0.0,0.0,0.0,0.0,0.0,0.0,0.0,0.0,0.0,0.0,0.0,0.0,0.0,0.0,0.0,0.0,0.0,0.0,0.0,0.0,0.0,0.0,0.0,0.0,0.0,0.0,0.0,0.0,0.0,0.0,0.0,0.0,0.0,0.0,0.0,0.0,0.0,0.0,0.0,0.0,0.0,0.0,0.0,0.0,0.0,0.0,0.0,0.0,0.0,0.0,0.0,0.0,0.0,0.0,0.0,0.0,0.0,0.0,0.0,0.0,0.0,0.0,0.0,0.0,0.0,0.0,0.0,0.0,0.0,0.0,0.0,0.0,0.0,0.0,0.0,0.0,0.0,0.0,0.0,0.0,0.0,0.0,0.0,0.0,0.0,47538.92578125,20926.876953125,0.0,0.0,0.0,0.0,0.0,0.0,0.0,0.0,TX
7725286,TX,4818,127.98526000976562,3,1.0,0.0,0.0,3,0,0.0,0.0,91999.703125,28712.4765625,44583.83056640625,0.0,0.0,73296.30712890625,0.0,0.0,0.0,0.0,0.0,0.0,0.0,0.0,0.0,0.0,0.0,0.0,0.0,0.0,0.0,0.0,0.0,0.0,0.0,0.0,0.0,0.0,0.0,0.0,0.0,0.0,0.0,0.0,0.0,0.0,0.0,0.0,0.0,0.0,0.0,0.0,0.0,0.0,0.0,0.0,0.0,0.0,0.0,0.0,0.0,0.0,0.0,0.0,0.0,0.0,0.0,0.0,0.0,0.0,0.0,0.0,0.0,0.0,0.0,0.0,0.0,0.0,0.0,0.0,0.0,0.0,0.0,0.0,0.0,0.0,0.0,0.0,0.0,0.0,0.0,0.0,0.0,0.0,0.0,0.0,0.0,0.0,0.0,0.0,0.0,0.0,91999.703125,73296.30712890625,0.0,0.0,0.0,0.0,0.0,0.0,0.0,0.0,TX
7725287,TX,4818,40.440147399902344,1,0.0,0.0,4.136351108551025,1,0,0.0,0.0,41823.5546875,21217.578125,0.0,0.0,0.0,21217.578125,0.0,0.0,0.0,0.0,0.0,0.0,0.0,0.0,0.0,0.0,0.0,0.0,0.0,0.0,0.0,0.0,0.0,0.0,0.0,0.0,0.0,0.0,0.0,0.0,0.0,0.0,0.0,0.0,0.0,0.0,0.0,0.0,0.0,0.0,0.0,0.0,0.0,0.0,0.0,0.0,0.0,0.0,0.0,0.0,0.0,0.0,0.0,0.0,0.0,0.0,0.0,0.0,0.0,0.0,0.0,0.0,0.0,0.0,0.0,0.0,0.0,0.0,0.0,0.0,0.0,0.0,0.0,0.0,0.0,0.0,0.0,0.0,0.0,0.0,0.0,0.0,0.0,0.0,0.0,0.0,0.0,0.0,0.0,0.0,0.0,0.0,41823.5546875,21217.578125,0.0,0.0,0.0,0.0,0.0,0.0,0.0,0.0,TX
7725288,TX,4818,552.53759765625,2,0.0,0.0,895.7827758789062,2,0,0.0,0.0,46247.3984375,18781.478515625,20223.16015625,0.0,0.0,39004.638671875,0.0,0.0,0.0,0.0,0.0,0.0,0.0,0.0,0.0,0.0,0.0,0.0,0.0,0.0,0.0,0.0,0.0,0.0,0.0,0.0,0.0,0.0,0.0,0.0,0.0,0.0,0.0,0.0,0.0,0.0,0.0,0.0,0.0,0.0,0.0,0.0,0.0,0.0,0.0,0.0,0.0,0.0,0.0,0.0,0.0,0.0,0.0,0.0,0.0,0.0,0.0,0.0,0.0,0.0,0.0,0.0,0.0,0.0,0.0,0.0,0.0,0.0,0.0,0.0,0.0,0.0,0.0,0.0,0.0,0.0,0.0,0.0,0.0,0.0,0.0,0.0,0.0,0.0,0.0,0.0,0.0,0.0,0.0,0.0,0.0,0.0,46247.3984375,39004.638671875,0.0,0.0,0.0,0.0,0.0,0.0,0.0,0.0,TX
7725289,TX,4818,0.27631545066833496,1,0.0,147314.984375,147350.5625,1,0,24457.134765625,0.0,112991.34375,0.0,0.0,0.0,0.0,0.0,-131.0,0.0,131.0,0.0,-228.0,0.0,228.0,0.0,0.0,0.0,0.0,0.0,0.0,0.0,0.0,0.0,0.0,0.0,0.0,0.0,0.0,0.0,0.0,0.0,0.0,0.0,0.0,0.0,0.0,0.0,0.0,0.0,0.0,0.0,0.0,0.0,0.0,0.0,0.0,0.0,0.0,0.0,0.0,0.0,0.0,0.0,0.0,0.0,0.0,0.0,0.0,0.0,0.0,0.0,0.0,0.0,0.0,0.0,0.0,0.0,0.0,0.0,0.0,0.0,0.0,0.0,0.0,0.0,0.0,0.0,0.0,0.0,0.0,0.0,0.0,0.0,0.0,0.0,0.0,0.0,0.0,0.0,0.0,0.0,24098.134765625,0.0,113350.34375,0.0,-359.0,0.0,359.0,0.0,-1.4678743174142452,0.0,0.31772345304489136,0.0,TX
7725290,TX,4818,0.24436810612678528,3,1.0,177998.77734375,178001.640625,3,0,20148.361328125,0.0,146263.328125,0.0,0.0,0.0,0.0,0.0,-230.0,0.0,230.0,0.0,-418.0,0.0,418.0,0.0,0.0,0.0,0.0,0.0,0.0,0.0,0.0,0.0,-200.0,0.0,200.0,0.0,0.0,0.0,0.0,0.0,0.0,0.0,0.0,0.0,0.0,0.0,0.0,0.0,0.0,0.0,0.0,0.0,0.0,0.0,0.0,0.0,-226.79296875,0.0,226.796875,0.0,0.0,0.0,0.0,0.0,0.0,0.0,0.0,0.0,0.0,0.0,0.0,0.0,0.0,0.0,0.0,0.0,0.0,0.0,0.0,0.0,0.0,0.0,0.0,0.0,-499.361328125,0.0,499.359375,0.0,0.0,0.0,0.0,0.0,0.0,0.0,0.0,0.0,0.0,0.0,0.0,0.0,18574.20703125,0.0,147837.484375,0.0,-1574.154296875,0.0,1574.15625,0.0,-7.812815500174923,0.0,1.076248049736023,0.0,TX
7725291,TX,4818,0.5069229602813721,5,3.0,302567.265625,413593.5625,5,0,68625.640625,0.0,353328.875,0.0,0.0,0.0,0.0,0.0,-292.0,0.0,292.0,0.0,-456.0,0.0,456.0,0.0,0.0,0.0,0.0,0.0,0.0,0.0,0.0,0.0,-600.0,0.0,600.0,0.0,0.0,0.0,0.0,0.0,0.0,0.0,0.0,0.0,0.0,0.0,0.0,0.0,0.0,0.0,0.0,0.0,0.0,0.0,0.0,0.0,0.0,0.0,0.0,0.0,0.0,0.0,0.0,0.0,0.0,0.0,0.0,0.0,0.0,0.0,0.0,0.0,0.0,0.0,0.0,0.0,0.0,0.0,0.0,0.0,0.0,0.0,0.0,0.0,0.0,0.0,0.0,0.0,0.0,0.0,0.0,0.0,0.0,0.0,0.0,0.0,0.0,0.0,0.0,0.0,67277.640625,0.0,354676.875,0.0,-1348.0,0.0,1348.0,0.0,-1.9642803880929163,0.0,0.3815142512321472,0.0,TX
7725292,TX,4818,148.31759643554688,1,0.0,0.0,0.0,1,0,0.0,0.0,49071.28515625,24679.484375,0.0,0.0,0.0,24679.484375,0.0,0.0,0.0,0.0,0.0,0.0,0.0,0.0,0.0,0.0,0.0,0.0,0.0,0.0,0.0,0.0,0.0,0.0,0.0,0.0,0.0,0.0,0.0,0.0,0.0,0.0,0.0,0.0,0.0,0.0,0.0,0.0,0.0,0.0,0.0,0.0,0.0,0.0,0.0,0.0,0.0,0.0,0.0,0.0,0.0,0.0,0.0,0.0,0.0,0.0,0.0,0.0,0.0,0.0,0.0,0.0,0.0,0.0,0.0,0.0,0.0,0.0,0.0,0.0,0.0,0.0,0.0,0.0,0.0,0.0,0.0,0.0,0.0,0.0,0.0,0.0,0.0,0.0,0.0,0.0,0.0,0.0,0.0,0.0,0.0,0.0,49071.28515625,24679.484375,0.0,0.0,0.0,0.0,0.0,0.0,0.0,0.0,TX
7725293,TX,4818,0.19004018604755402,4,0.0,156539.9453125,156831.53125,4,0,13627.978515625,0.0,192837.125,11956.8173828125,20223.16015625,0.0,0.0,32179.9775390625,-230.0,0.0,230.0,0.0,0.0,0.0,0.0,0.0,0.0,0.0,0.0,0.0,0.0,0.0,0.0,0.0,0.0,0.0,0.0,0.0,0.0,0.0,0.0,0.0,0.0,0.0,0.0,0.0,0.0,0.0,0.0,0.0,0.0,0.0,0.0,0.0,0.0,0.0,0.0,0.0,0.0,0.0,0.0,0.0,0.0,0.0,0.0,0.0,0.0,0.0,0.0,0.0,0.0,0.0,0.0,0.0,0.0,0.0,0.0,0.0,0.0,0.0,0.0,0.0,0.0,0.0,0.0,0.0,0.0,0.0,0.0,0.0,0.0,0.0,0.0,0.0,0.0,0.0,0.0,0.0,0.0,0.0,0.0,0.0,13397.978515625,0.0,193067.125,32179.9775390625,-230.0,0.0,230.0,0.0,-1.6877044510768504,0.0,0.1192716434597969,0.0,TX
7725294,TX,4818,65.04454040527344,1,0.0,0.0,374.75341796875,1,0,0.0,0.0,53496.109375,26472.5,0.0,0.0,0.0,26472.5,0.0,0.0,0.0,0.0,0.0,0.0,0.0,0.0,0.0,0.0,0.0,0.0,0.0,0.0,0.0,0.0,0.0,0.0,0.0,0.0,0.0,0.0,0.0,0.0,0.0,0.0,0.0,0.0,0.0,0.0,0.0,0.0,0.0,0.0,0.0,0.0,0.0,0.0,0.0,0.0,0.0,0.0,0.0,0.0,0.0,0.0,0.0,0.0,0.0,0.0,0.0,0.0,0.0,0.0,0.0,0.0,0.0,0.0,0.0,0.0,0.0,0.0,0.0,0.0,0.0,0.0,0.0,0.0,0.0,0.0,0.0,0.0,0.0,0.0,0.0,0.0,0.0,0.0,0.0,0.0,0.0,0.0,0.0,0.0,0.0,0.0,53496.109375,26472.5,0.0,0.0,0.0,0.0,0.0,0.0,0.0,0.0,TX
7725295,TX,4818,0.6921554803848267,4,2.0,782703.6875,1720034.25,4,0,546632.6875,0.0,1160049.0,0.0,0.0,0.0,0.0,0.0,-734.0,0.0,734.0,0.0,-703.0,0.0,703.0,0.0,0.0,0.0,0.0,0.0,0.0,0.0,0.0,0.0,0.0,0.0,0.0,0.0,0.0,0.0,0.0,0.0,-1850.0,0.0,1850.0,0.0,0.0,0.0,0.0,0.0,0.0,0.0,0.0,0.0,0.0,0.0,0.0,0.0,-740.0,0.0,740.0,0.0,0.0,0.0,0.0,0.0,0.0,0.0,0.0,0.0,0.0,0.0,0.0,0.0,0.0,0.0,0.0,0.0,0.0,0.0,0.0,0.0,0.0,0.0,0.0,0.0,0.0,0.0,0.0,0.0,0.0,0.0,0.0,0.0,0.0,0.0,0.0,0.0,0.0,0.0,0.0,0.0,542605.6875,0.0,1164076.0,0.0,-4027.0,0.0,4027.0,0.0,-0.7366921320452502,0.0,0.34714049100875854,0.0,TX
7725296,TX,4818,0.14430436491966248,2,0.0,283409.3125,359551.25,2,0,67401.6953125,0.0,336414.25,0.0,0.0,0.0,0.0,0.0,-292.0,0.0,292.0,0.0,-456.0,0.0,456.0,0.0,0.0,0.0,0.0,0.0,0.0,0.0,0.0,0.0,0.0,0.0,0.0,0.0,0.0,0.0,0.0,0.0,0.0,0.0,0.0,0.0,0.0,0.0,0.0,0.0,0.0,0.0,0.0,0.0,0.0,0.0,0.0,0.0,0.0,0.0,0.0,0.0,0.0,0.0,0.0,0.0,0.0,0.0,0.0,0.0,0.0,0.0,0.0,0.0,0.0,0.0,0.0,0.0,0.0,0.0,0.0,0.0,0.0,0.0,0.0,0.0,0.0,0.0,0.0,0.0,0.0,0.0,0.0,0.0,0.0,0.0,0.0,0.0,0.0,0.0,0.0,0.0,66653.6953125,0.0,337162.25,0.0,-748.0,0.0,748.0,0.0,-1.1097643709583065,0.0,0.22234493494033813,0.0,TX
7725297,TX,4818,524.0303344726562,4,1.0,0.0,0.0,4,0,0.0,0.0,105892.328125,54392.109375,24360.67041015625,0.0,0.0,78752.77978515625,0.0,0.0,0.0,0.0,0.0,0.0,0.0,0.0,0.0,0.0,0.0,0.0,0.0,0.0,0.0,0.0,0.0,0.0,0.0,0.0,0.0,0.0,0.0,0.0,0.0,0.0,0.0,0.0,0.0,0.0,0.0,0.0,0.0,0.0,0.0,0.0,0.0,0.0,0.0,0.0,0.0,0.0,0.0,0.0,0.0,0.0,0.0,0.0,0.0,0.0,0.0,0.0,0.0,0.0,0.0,0.0,0.0,0.0,0.0,0.0,0.0,0.0,0.0,0.0,0.0,0.0,0.0,0.0,0.0,0.0,0.0,0.0,0.0,0.0,0.0,0.0,0.0,0.0,0.0,0.0,0.0,0.0,0.0,0.0,0.0,0.0,105892.328125,78752.77978515625,0.0,0.0,0.0,0.0,0.0,0.0,0.0,0.0,TX
7725298,TX,4818,36.4312858581543,5,0.0,8130.1591796875,8130.1591796875,5,0,0.0,0.0,28061.36328125,330.0,20223.16015625,0.0,0.0,20553.16015625,0.0,0.0,0.0,0.0,0.0,0.0,0.0,0.0,0.0,0.0,0.0,0.0,0.0,0.0,0.0,0.0,0.0,0.0,0.0,0.0,0.0,0.0,0.0,0.0,0.0,0.0,0.0,0.0,0.0,0.0,0.0,0.0,0.0,0.0,0.0,0.0,0.0,0.0,0.0,0.0,0.0,0.0,0.0,0.0,0.0,0.0,0.0,0.0,0.0,0.0,0.0,0.0,0.0,0.0,0.0,0.0,0.0,0.0,0.0,0.0,0.0,0.0,0.0,0.0,0.0,0.0,0.0,0.0,0.0,0.0,0.0,0.0,0.0,0.0,0.0,0.0,0.0,0.0,0.0,0.0,0.0,0.0,0.0,0.0,0.0,0.0,28061.36328125,20553.16015625,0.0,0.0,0.0,0.0,0.0,0.0,0.0,0.0,TX
7725299,TX,4818,634.4070434570312,2,0.0,0.0,16422.18359375,2,0,0.0,0.0,21334.7578125,6021.4169921875,0.0,0.0,0.0,6021.4169921875,0.0,0.0,0.0,0.0,0.0,0.0,0.0,0.0,0.0,0.0,0.0,0.0,0.0,0.0,0.0,0.0,0.0,0.0,0.0,0.0,0.0,0.0,0.0,0.0,0.0,0.0,0.0,0.0,0.0,0.0,0.0,0.0,0.0,0.0,0.0,0.0,0.0,0.0,0.0,0.0,0.0,0.0,0.0,0.0,0.0,0.0,0.0,0.0,0.0,0.0,0.0,0.0,0.0,0.0,0.0,0.0,0.0,0.0,0.0,0.0,0.0,0.0,0.0,0.0,0.0,0.0,0.0,0.0,0.0,0.0,0.0,0.0,0.0,0.0,0.0,0.0,0.0,0.0,0.0,0.0,0.0,0.0,0.0,0.0,0.0,0.0,21334.7578125,6021.4169921875,0.0,0.0,0.0,0.0,0.0,0.0,0.0,0.0,TX
7725300,TX,4818,171.32208251953125,1,0.0,0.0,0.8272702097892761,1,0,0.0,0.0,44656.34375,13706.9404296875,20223.16015625,0.0,0.0,33930.1005859375,0.0,0.0,0.0,0.0,0.0,0.0,0.0,0.0,0.0,0.0,0.0,0.0,0.0,0.0,0.0,0.0,0.0,0.0,0.0,0.0,0.0,0.0,0.0,0.0,0.0,0.0,0.0,0.0,0.0,0.0,0.0,0.0,0.0,0.0,0.0,0.0,0.0,0.0,0.0,0.0,0.0,0.0,0.0,0.0,0.0,0.0,0.0,0.0,0.0,0.0,0.0,0.0,0.0,0.0,0.0,0.0,0.0,0.0,0.0,0.0,0.0,0.0,0.0,0.0,0.0,0.0,0.0,0.0,0.0,0.0,0.0,0.0,0.0,0.0,0.0,0.0,0.0,0.0,0.0,0.0,0.0,0.0,0.0,0.0,0.0,0.0,44656.34375,33930.1005859375,0.0,0.0,0.0,0.0,0.0,0.0,0.0,0.0,TX
7725301,TX,4818,3.956439733505249,1,0.0,0.0,371.4443359375,1,0,0.0,0.0,41458.28515625,20456.021484375,0.0,0.0,0.0,20456.021484375,0.0,0.0,0.0,0.0,0.0,0.0,0.0,0.0,0.0,0.0,0.0,0.0,0.0,0.0,0.0,0.0,0.0,0.0,0.0,0.0,0.0,0.0,0.0,0.0,0.0,0.0,0.0,0.0,0.0,0.0,0.0,0.0,0.0,0.0,0.0,0.0,0.0,0.0,0.0,0.0,0.0,0.0,0.0,0.0,0.0,0.0,0.0,0.0,0.0,0.0,0.0,0.0,0.0,0.0,0.0,0.0,0.0,0.0,0.0,0.0,0.0,0.0,0.0,0.0,0.0,0.0,0.0,0.0,0.0,0.0,0.0,0.0,0.0,0.0,0.0,0.0,0.0,0.0,0.0,0.0,0.0,0.0,0.0,0.0,0.0,0.0,41458.28515625,20456.021484375,0.0,0.0,0.0,0.0,0.0,0.0,0.0,0.0,TX
7725302,TX,4818,1685.9056396484375,6,5.0,0.0,0.0,6,0,0.0,0.0,81796.109375,55289.99609375,26506.11669921875,0.0,0.0,81796.11279296875,0.0,0.0,0.0,0.0,0.0,0.0,0.0,0.0,0.0,0.0,0.0,0.0,0.0,0.0,0.0,0.0,0.0,0.0,0.0,0.0,0.0,0.0,0.0,0.0,0.0,0.0,0.0,0.0,0.0,0.0,0.0,0.0,0.0,0.0,0.0,0.0,0.0,0.0,0.0,0.0,0.0,0.0,0.0,0.0,0.0,0.0,0.0,0.0,0.0,0.0,0.0,0.0,0.0,0.0,0.0,0.0,0.0,0.0,0.0,0.0,0.0,0.0,0.0,0.0,0.0,0.0,0.0,0.0,0.0,0.0,0.0,0.0,0.0,0.0,0.0,0.0,0.0,0.0,0.0,0.0,0.0,0.0,-4137.5078125,-4137.51025390625,0.0,0.0,77658.6015625,77658.6025390625,0.0,0.0,-4137.5078125,-4137.51025390625,0.0,0.0,-5.058318614959717,-5.058321370819364,TX
7725303,TX,4818,652.0,2,1.0,0.0,0.8272702097892761,2,0,0.0,0.0,46236.6171875,36279.328125,9956.07568359375,0.0,0.0,46235.40380859375,0.0,0.0,0.0,0.0,0.0,0.0,0.0,0.0,0.0,0.0,0.0,0.0,0.0,0.0,0.0,0.0,0.0,0.0,0.0,0.0,0.0,0.0,0.0,0.0,0.0,0.0,0.0,0.0,0.0,0.0,0.0,0.0,0.0,0.0,0.0,0.0,0.0,0.0,0.0,0.0,0.0,0.0,0.0,0.0,0.0,0.0,0.0,0.0,0.0,0.0,0.0,0.0,0.0,0.0,0.0,0.0,0.0,0.0,0.0,0.0,0.0,0.0,0.0,0.0,0.0,0.0,0.0,0.0,0.0,0.0,0.0,0.0,0.0,0.0,0.0,0.0,0.0,0.0,0.0,0.0,0.0,0.0,-5818.5625,-5818.5654296875,0.0,0.0,40418.0546875,40416.83837890625,0.0,0.0,-5818.5625,-5818.5654296875,0.0,0.0,-12.58431625366211,-12.584653642856269,TX
7725304,TX,4818,0.11260326951742172,1,0.0,39509.9921875,118143.453125,1,0,17034.560546875,0.0,172904.921875,33718.4296875,0.0,0.0,0.0,33718.4296875,-115.0,0.0,115.0,0.0,-209.0,0.0,209.0,0.0,0.0,0.0,0.0,0.0,0.0,0.0,0.0,0.0,0.0,0.0,0.0,0.0,0.0,0.0,0.0,0.0,0.0,0.0,0.0,0.0,0.0,0.0,0.0,0.0,0.0,0.0,0.0,0.0,0.0,0.0,0.0,0.0,0.0,0.0,0.0,0.0,0.0,0.0,0.0,0.0,0.0,0.0,0.0,0.0,0.0,0.0,0.0,0.0,0.0,0.0,0.0,0.0,0.0,0.0,0.0,0.0,-750.5068359375,0.0,750.515625,0.0,0.0,0.0,0.0,0.0,0.0,0.0,0.0,0.0,0.0,0.0,0.0,0.0,0.0,0.0,0.0,0.0,15960.0537109375,0.0,173979.4375,33718.4296875,-1074.5068359375,0.0,1074.515625,0.0,-6.3078048475669,0.0,0.621448814868927,0.0,TX
7725305,TX,4818,0.1365305483341217,2,0.0,76824.765625,153063.70385742188,2,0,21113.826171875,0.0,197825.28125,32698.244140625,0.0,0.0,0.0,32698.244140625,-131.0,0.0,131.0,0.0,-228.0,0.0,228.0,0.0,0.0,0.0,0.0,0.0,0.0,0.0,0.0,0.0,0.0,0.0,0.0,0.0,0.0,0.0,0.0,0.0,0.0,0.0,0.0,0.0,0.0,0.0,0.0,0.0,0.0,0.0,0.0,0.0,0.0,0.0,0.0,0.0,0.0,0.0,0.0,0.0,0.0,0.0,0.0,0.0,0.0,0.0,0.0,0.0,0.0,0.0,0.0,0.0,0.0,0.0,0.0,0.0,0.0,0.0,0.0,0.0,-361.162109375,0.0,361.15625,0.0,0.0,0.0,0.0,0.0,0.0,0.0,0.0,0.0,0.0,0.0,0.0,0.0,0.0,0.0,0.0,0.0,20393.6640625,0.0,198545.4375,32698.244140625,-720.162109375,0.0,720.15625,0.0,-3.410855538511078,0.0,0.364036500453949,0.0,TX
7725306,TX,4818,119.52745819091797,2,0.0,0.0,3482.243408203125,2,0,0.0,0.0,70814.46875,33666.11328125,0.0,0.0,0.0,33666.11328125,0.0,0.0,0.0,0.0,0.0,0.0,0.0,0.0,0.0,0.0,0.0,0.0,0.0,0.0,0.0,0.0,0.0,0.0,0.0,0.0,0.0,0.0,0.0,0.0,0.0,0.0,0.0,0.0,0.0,0.0,0.0,0.0,0.0,0.0,0.0,0.0,0.0,0.0,0.0,0.0,0.0,0.0,0.0,0.0,0.0,0.0,0.0,0.0,0.0,0.0,0.0,0.0,0.0,0.0,0.0,0.0,0.0,0.0,0.0,0.0,0.0,0.0,0.0,0.0,0.0,0.0,0.0,0.0,0.0,0.0,0.0,0.0,0.0,0.0,0.0,0.0,0.0,0.0,0.0,0.0,0.0,0.0,0.0,0.0,0.0,0.0,70814.46875,33666.11328125,0.0,0.0,0.0,0.0,0.0,0.0,0.0,0.0,TX
7725307,TX,4818,0.1214795634150505,1,0.0,26524.046875,30120.609375,1,0,1307.47314453125,0.0,47194.046875,11326.671875,0.0,0.0,0.0,11326.671875,-5.0,0.0,5.0,0.0,-105.4122314453125,0.0,105.4140625,0.0,0.0,0.0,0.0,0.0,0.0,0.0,0.0,0.0,0.0,0.0,0.0,0.0,0.0,0.0,0.0,0.0,0.0,0.0,0.0,0.0,0.0,0.0,0.0,0.0,0.0,0.0,0.0,0.0,0.0,0.0,0.0,0.0,0.0,0.0,0.0,0.0,0.0,0.0,0.0,0.0,0.0,0.0,0.0,0.0,0.0,0.0,0.0,0.0,0.0,0.0,0.0,0.0,0.0,0.0,0.0,0.0,-600.0,0.0,600.0,0.0,0.0,0.0,0.0,0.0,0.0,0.0,0.0,0.0,0.0,0.0,0.0,0.0,0.0,0.0,0.0,0.0,597.0609130859375,0.0,47904.4609375,11326.671875,-710.4122314453125,0.0,710.4140625,0.0,-54.33474747965141,0.0,1.5053044557571411,0.0,TX
7725308,TX,4818,0.013839317485690117,2,0.0,196223.408203125,223004.796875,2,0,31686.0546875,0.0,197898.96875,14811.21484375,0.0,0.0,0.0,14811.21484375,-230.0,0.0,230.0,0.0,-418.0,0.0,418.0,0.0,0.0,0.0,0.0,0.0,0.0,0.0,0.0,0.0,0.0,0.0,0.0,0.0,0.0,0.0,0.0,0.0,0.0,0.0,0.0,0.0,0.0,0.0,0.0,0.0,0.0,0.0,0.0,0.0,0.0,0.0,0.0,0.0,-381.46875,0.0,381.46875,0.0,0.0,0.0,0.0,0.0,0.0,0.0,0.0,0.0,0.0,0.0,0.0,0.0,0.0,0.0,0.0,0.0,0.0,0.0,0.0,0.0,-356.3359375,0.0,356.328125,0.0,0.0,0.0,0.0,0.0,0.0,0.0,0.0,0.0,0.0,0.0,0.0,0.0,0.0,0.0,0.0,0.0,30300.25,0.0,199284.765625,14811.21484375,-1385.8046875,0.0,1385.796875,0.0,-4.373547610036454,0.0,0.7002547383308411,0.0,TX
7725309,TX,4818,167.43402099609375,2,0.0,0.0,3295.231689453125,2,0,0.0,0.0,60016.484375,10822.654296875,40446.3203125,0.0,0.0,51268.974609375,0.0,0.0,0.0,0.0,0.0,0.0,0.0,0.0,0.0,0.0,0.0,0.0,0.0,0.0,0.0,0.0,0.0,0.0,0.0,0.0,0.0,0.0,0.0,0.0,0.0,0.0,0.0,0.0,0.0,0.0,0.0,0.0,0.0,0.0,0.0,0.0,0.0,0.0,0.0,0.0,0.0,0.0,0.0,0.0,0.0,0.0,0.0,0.0,0.0,0.0,0.0,0.0,0.0,0.0,0.0,0.0,0.0,0.0,0.0,0.0,0.0,0.0,0.0,0.0,0.0,0.0,0.0,0.0,0.0,0.0,0.0,0.0,0.0,0.0,0.0,0.0,0.0,0.0,0.0,0.0,0.0,0.0,0.0,0.0,0.0,0.0,60016.484375,51268.974609375,0.0,0.0,0.0,0.0,0.0,0.0,0.0,0.0,TX
7725310,TX,4818,256.7860412597656,2,1.0,0.0,0.0,2,0,0.0,0.0,13427.455078125,3471.37939453125,9956.07568359375,0.0,0.0,13427.455078125,0.0,0.0,0.0,0.0,0.0,0.0,0.0,0.0,0.0,0.0,0.0,0.0,0.0,0.0,0.0,0.0,0.0,0.0,0.0,0.0,0.0,0.0,0.0,0.0,0.0,0.0,0.0,0.0,0.0,0.0,0.0,0.0,0.0,0.0,0.0,0.0,0.0,0.0,0.0,0.0,0.0,0.0,0.0,0.0,0.0,0.0,0.0,0.0,0.0,0.0,0.0,0.0,0.0,0.0,0.0,0.0,0.0,0.0,0.0,0.0,0.0,0.0,0.0,0.0,0.0,0.0,0.0,0.0,0.0,0.0,0.0,0.0,0.0,0.0,0.0,0.0,0.0,0.0,0.0,0.0,0.0,0.0,0.0,0.0,0.0,0.0,13427.455078125,13427.455078125,0.0,0.0,0.0,0.0,0.0,0.0,0.0,0.0,TX
7725311,TX,4818,0.13938066363334656,4,2.0,98344.8515625,98346.5078125,4,0,3679.5810546875,0.0,92772.59375,0.0,0.0,0.0,0.0,0.0,-10.0,0.0,10.0,0.0,-228.0,0.0,228.0,0.0,0.0,0.0,0.0,0.0,0.0,0.0,0.0,0.0,-400.0,0.0,400.0,0.0,0.0,0.0,0.0,0.0,0.0,0.0,0.0,0.0,0.0,0.0,0.0,0.0,0.0,0.0,0.0,0.0,0.0,0.0,0.0,0.0,-58.82373046875,0.0,58.8203125,0.0,0.0,0.0,0.0,0.0,0.0,0.0,0.0,0.0,0.0,0.0,0.0,0.0,0.0,0.0,0.0,0.0,0.0,0.0,0.0,0.0,0.0,0.0,0.0,0.0,0.0,0.0,0.0,0.0,0.0,0.0,0.0,0.0,0.0,0.0,0.0,0.0,0.0,0.0,0.0,0.0,2982.75732421875,0.0,93469.4140625,0.0,-696.82373046875,0.0,696.8203125,0.0,-18.93758338550664,0.0,0.751105785369873,0.0,TX
7725312,TX,4818,21.58165740966797,1,0.0,0.0,0.0,1,0,0.0,0.0,29644.013671875,16512.3984375,0.0,0.0,0.0,16512.3984375,0.0,0.0,0.0,0.0,0.0,0.0,0.0,0.0,0.0,0.0,0.0,0.0,0.0,0.0,0.0,0.0,0.0,0.0,0.0,0.0,0.0,0.0,0.0,0.0,0.0,0.0,0.0,0.0,0.0,0.0,0.0,0.0,0.0,0.0,0.0,0.0,0.0,0.0,0.0,0.0,0.0,0.0,0.0,0.0,0.0,0.0,0.0,0.0,0.0,0.0,0.0,0.0,0.0,0.0,0.0,0.0,0.0,0.0,0.0,0.0,0.0,0.0,0.0,0.0,0.0,0.0,0.0,0.0,0.0,0.0,0.0,0.0,0.0,0.0,0.0,0.0,0.0,0.0,0.0,0.0,0.0,0.0,0.0,0.0,0.0,0.0,29644.013671875,16512.3984375,0.0,0.0,0.0,0.0,0.0,0.0,0.0,0.0,TX
7725313,TX,4818,151.28871154785156,1,0.0,0.0,397.0896911621094,1,0,0.0,0.0,44661.125,22182.427734375,0.0,0.0,0.0,22182.427734375,0.0,0.0,0.0,0.0,0.0,0.0,0.0,0.0,0.0,0.0,0.0,0.0,0.0,0.0,0.0,0.0,0.0,0.0,0.0,0.0,0.0,0.0,0.0,0.0,0.0,0.0,0.0,0.0,0.0,0.0,0.0,0.0,0.0,0.0,0.0,0.0,0.0,0.0,0.0,0.0,0.0,0.0,0.0,0.0,0.0,0.0,0.0,0.0,0.0,0.0,0.0,0.0,0.0,0.0,0.0,0.0,0.0,0.0,0.0,0.0,0.0,0.0,0.0,0.0,0.0,0.0,0.0,0.0,0.0,0.0,0.0,0.0,0.0,0.0,0.0,0.0,0.0,0.0,0.0,0.0,0.0,0.0,0.0,0.0,0.0,0.0,44661.125,22182.427734375,0.0,0.0,0.0,0.0,0.0,0.0,0.0,0.0,TX
7725314,TX,4818,25.142362594604492,1,0.0,0.0,0.0,1,0,0.0,0.0,39695.359375,20351.078125,0.0,0.0,0.0,20351.078125,0.0,0.0,0.0,0.0,0.0,0.0,0.0,0.0,0.0,0.0,0.0,0.0,0.0,0.0,0.0,0.0,0.0,0.0,0.0,0.0,0.0,0.0,0.0,0.0,0.0,0.0,0.0,0.0,0.0,0.0,0.0,0.0,0.0,0.0,0.0,0.0,0.0,0.0,0.0,0.0,0.0,0.0,0.0,0.0,0.0,0.0,0.0,0.0,0.0,0.0,0.0,0.0,0.0,0.0,0.0,0.0,0.0,0.0,0.0,0.0,0.0,0.0,0.0,0.0,0.0,0.0,0.0,0.0,0.0,0.0,0.0,0.0,0.0,0.0,-287.68359375,-287.68359375,0.0,0.0,0.0,0.0,0.0,0.0,0.0,0.0,0.0,0.0,39407.67578125,20063.39453125,0.0,0.0,-287.68359375,-287.68359375,0.0,0.0,-0.724728524684906,-1.413603701892329,TX
7725315,TX,4818,85.71173858642578,2,0.0,0.0,0.0,2,0,0.0,0.0,71913.125,17758.611328125,40446.3203125,0.0,0.0,58204.931640625,0.0,0.0,0.0,0.0,0.0,0.0,0.0,0.0,0.0,0.0,0.0,0.0,0.0,0.0,0.0,0.0,0.0,0.0,0.0,0.0,0.0,0.0,0.0,0.0,0.0,0.0,0.0,0.0,0.0,0.0,0.0,0.0,0.0,0.0,0.0,0.0,0.0,0.0,0.0,0.0,0.0,0.0,0.0,0.0,0.0,0.0,0.0,0.0,0.0,0.0,0.0,0.0,0.0,0.0,0.0,0.0,0.0,0.0,0.0,0.0,0.0,0.0,0.0,0.0,0.0,0.0,0.0,0.0,0.0,0.0,0.0,0.0,0.0,0.0,0.0,0.0,0.0,0.0,0.0,0.0,0.0,0.0,0.0,0.0,0.0,0.0,71913.125,58204.931640625,0.0,0.0,0.0,0.0,0.0,0.0,0.0,0.0,TX
7725316,TX,4818,154.94976806640625,2,0.0,0.0,8.27270221710205,2,0,0.0,0.0,58238.9609375,29257.23828125,0.0,0.0,0.0,29257.23828125,0.0,0.0,0.0,0.0,0.0,0.0,0.0,0.0,0.0,0.0,0.0,0.0,0.0,0.0,0.0,0.0,0.0,0.0,0.0,0.0,0.0,0.0,0.0,0.0,0.0,0.0,0.0,0.0,0.0,0.0,0.0,0.0,0.0,0.0,0.0,0.0,0.0,0.0,0.0,0.0,0.0,0.0,0.0,0.0,0.0,0.0,0.0,0.0,0.0,0.0,0.0,0.0,0.0,0.0,0.0,0.0,0.0,0.0,0.0,0.0,0.0,0.0,0.0,0.0,0.0,0.0,0.0,0.0,0.0,0.0,0.0,0.0,0.0,0.0,-287.6875,-287.68359375,0.0,0.0,0.0,0.0,0.0,0.0,0.0,0.0,0.0,0.0,57951.2734375,28969.5546875,0.0,0.0,-287.6875,-287.68359375,0.0,0.0,-0.49397772550582886,-0.9832903262587397,TX
7725317,TX,4818,102.99282836914062,1,0.0,0.0,0.0,1,0,0.0,0.0,58096.0625,29048.03125,0.0,0.0,0.0,29048.03125,0.0,0.0,0.0,0.0,0.0,0.0,0.0,0.0,0.0,0.0,0.0,0.0,0.0,0.0,0.0,0.0,0.0,0.0,0.0,0.0,0.0,0.0,0.0,0.0,0.0,0.0,0.0,0.0,0.0,0.0,0.0,0.0,0.0,0.0,0.0,0.0,0.0,0.0,0.0,0.0,0.0,0.0,0.0,0.0,0.0,0.0,0.0,0.0,0.0,0.0,0.0,0.0,0.0,0.0,0.0,0.0,0.0,0.0,0.0,0.0,0.0,0.0,0.0,0.0,0.0,0.0,0.0,0.0,0.0,0.0,0.0,0.0,0.0,0.0,0.0,0.0,0.0,0.0,0.0,0.0,0.0,0.0,0.0,0.0,0.0,0.0,58096.0625,29048.03125,0.0,0.0,0.0,0.0,0.0,0.0,0.0,0.0,TX
7725318,TX,4818,85.33557891845703,1,0.0,0.0,14.063593864440918,1,0,0.0,0.0,42763.765625,21515.384765625,0.0,0.0,0.0,21515.384765625,0.0,0.0,0.0,0.0,0.0,0.0,0.0,0.0,0.0,0.0,0.0,0.0,0.0,0.0,0.0,0.0,0.0,0.0,0.0,0.0,0.0,0.0,0.0,0.0,0.0,0.0,0.0,0.0,0.0,0.0,0.0,0.0,0.0,0.0,0.0,0.0,0.0,0.0,0.0,0.0,0.0,0.0,0.0,0.0,0.0,0.0,0.0,0.0,0.0,0.0,0.0,0.0,0.0,0.0,0.0,0.0,0.0,0.0,0.0,0.0,0.0,0.0,0.0,0.0,0.0,0.0,0.0,0.0,0.0,0.0,0.0,0.0,0.0,0.0,0.0,0.0,0.0,0.0,0.0,0.0,0.0,0.0,0.0,0.0,0.0,0.0,42763.765625,21515.384765625,0.0,0.0,0.0,0.0,0.0,0.0,0.0,0.0,TX
7725319,TX,4818,0.10940226912498474,2,0.0,155395.796875,156223.0625,2,0,17357.07421875,0.0,134574.90625,0.0,0.0,0.0,0.0,0.0,-230.0,0.0,230.0,0.0,-418.0,0.0,418.0,0.0,0.0,0.0,0.0,0.0,0.0,0.0,0.0,0.0,0.0,0.0,0.0,0.0,0.0,0.0,0.0,0.0,0.0,0.0,0.0,0.0,0.0,0.0,0.0,0.0,0.0,0.0,0.0,0.0,0.0,0.0,0.0,0.0,0.0,0.0,0.0,0.0,0.0,0.0,0.0,0.0,0.0,0.0,0.0,0.0,0.0,0.0,0.0,0.0,0.0,0.0,0.0,0.0,-3285.248046875,0.0,3285.234375,0.0,0.0,0.0,0.0,0.0,0.0,0.0,0.0,0.0,0.0,0.0,0.0,0.0,0.0,0.0,0.0,0.0,0.0,0.0,0.0,0.0,13423.826171875,0.0,138508.140625,0.0,-3933.248046875,0.0,3933.234375,0.0,-22.660777947392216,0.0,2.9227099418640137,0.0,TX
7725320,TX,4818,0.10829291492700577,1,0.0,46458.0546875,46458.0546875,1,0,3513.966552734375,0.0,39390.046875,0.0,0.0,0.0,0.0,0.0,-5.0,0.0,5.0,0.0,-114.0,0.0,114.0,0.0,0.0,0.0,0.0,0.0,0.0,0.0,0.0,0.0,0.0,0.0,0.0,0.0,0.0,0.0,0.0,0.0,0.0,0.0,0.0,0.0,0.0,0.0,0.0,0.0,0.0,0.0,0.0,0.0,0.0,0.0,0.0,0.0,0.0,0.0,0.0,0.0,0.0,0.0,0.0,0.0,0.0,0.0,0.0,0.0,0.0,0.0,0.0,0.0,0.0,0.0,0.0,0.0,0.0,0.0,0.0,0.0,0.0,0.0,0.0,0.0,-522.968505859375,0.0,522.96875,0.0,0.0,0.0,0.0,0.0,0.0,0.0,0.0,0.0,0.0,0.0,0.0,0.0,2871.998046875,0.0,40032.015625,0.0,-641.968505859375,0.0,641.96875,0.0,-18.269055673276984,0.0,1.6297740936279297,0.0,TX
7725321,TX,4818,0.105243019759655,2,0.0,0.0,174491.9375,2,0,18519.931640625,0.0,225126.59375,59809.44921875,0.0,0.0,0.0,59809.44921875,-230.0,0.0,230.0,0.0,-418.0,0.0,418.0,0.0,0.0,0.0,0.0,0.0,0.0,0.0,0.0,0.0,0.0,0.0,0.0,0.0,0.0,0.0,0.0,0.0,0.0,0.0,0.0,0.0,0.0,0.0,0.0,0.0,0.0,0.0,0.0,0.0,0.0,0.0,0.0,0.0,0.0,0.0,0.0,0.0,0.0,0.0,0.0,0.0,0.0,0.0,0.0,0.0,0.0,0.0,0.0,0.0,0.0,0.0,0.0,0.0,0.0,0.0,0.0,0.0,-2170.2734375,0.0,2170.28125,0.0,0.0,0.0,0.0,0.0,0.0,0.0,0.0,0.0,0.0,0.0,0.0,0.0,0.0,0.0,0.0,0.0,15701.658203125,0.0,227944.875,59809.44921875,-2818.2734375,0.0,2818.28125,0.0,-15.217515335304393,0.0,1.251865029335022,0.0,TX
7725322,TX,4818,350.927001953125,3,1.0,0.0,0.8272702097892761,3,0,0.0,0.0,30152.787109375,38157.79296875,4137.51025390625,0.0,0.0,42295.30322265625,0.0,0.0,0.0,0.0,0.0,0.0,0.0,0.0,0.0,0.0,0.0,0.0,0.0,0.0,0.0,0.0,0.0,0.0,0.0,0.0,0.0,0.0,0.0,0.0,0.0,0.0,0.0,0.0,0.0,0.0,0.0,0.0,0.0,0.0,0.0,0.0,0.0,0.0,0.0,0.0,0.0,0.0,0.0,0.0,0.0,0.0,0.0,0.0,0.0,0.0,0.0,0.0,0.0,0.0,0.0,0.0,0.0,0.0,0.0,0.0,0.0,0.0,0.0,0.0,0.0,0.0,0.0,0.0,0.0,0.0,0.0,0.0,0.0,0.0,-468.1796875,-468.1796875,0.0,0.0,0.0,0.0,0.0,0.0,0.0,0.0,0.0,0.0,29684.607421875,41827.12353515625,0.0,0.0,-468.1796875,-468.1796875,0.0,0.0,-1.5526912212371826,-1.106930679833053,TX
7725323,TX,4818,16.958391189575195,1,0.0,0.0,0.0,1,0,0.0,0.0,26139.3046875,13518.8720703125,0.0,0.0,0.0,13518.8720703125,0.0,0.0,0.0,0.0,0.0,0.0,0.0,0.0,0.0,0.0,0.0,0.0,0.0,0.0,0.0,0.0,0.0,0.0,0.0,0.0,0.0,0.0,0.0,0.0,0.0,0.0,0.0,0.0,0.0,0.0,0.0,0.0,0.0,0.0,0.0,0.0,0.0,0.0,0.0,0.0,0.0,0.0,0.0,0.0,0.0,0.0,0.0,0.0,0.0,0.0,0.0,0.0,0.0,0.0,0.0,0.0,0.0,0.0,0.0,0.0,0.0,0.0,0.0,0.0,0.0,0.0,0.0,0.0,0.0,0.0,0.0,0.0,0.0,0.0,0.0,0.0,0.0,0.0,0.0,0.0,0.0,0.0,0.0,0.0,0.0,0.0,26139.3046875,13518.8720703125,0.0,0.0,0.0,0.0,0.0,0.0,0.0,0.0,TX
7725324,TX,4818,88.65634155273438,1,0.0,17517.001953125,18565.5234375,1,0,136.55233764648438,0.0,56977.34765625,19549.1953125,0.0,0.0,0.0,19549.1953125,0.0,0.0,0.0,0.0,-94.99999237060547,0.0,95.0,0.0,0.0,0.0,0.0,0.0,0.0,0.0,0.0,0.0,0.0,0.0,0.0,0.0,0.0,0.0,0.0,0.0,0.0,0.0,0.0,0.0,0.0,0.0,0.0,0.0,0.0,0.0,0.0,0.0,0.0,0.0,0.0,0.0,-41.552345275878906,0.0,41.55078125,0.0,0.0,0.0,0.0,0.0,0.0,0.0,0.0,0.0,0.0,0.0,0.0,0.0,0.0,0.0,0.0,0.0,0.0,0.0,0.0,0.0,0.0,0.0,0.0,0.0,0.0,0.0,0.0,0.0,0.0,0.0,0.0,0.0,0.0,0.0,0.0,0.0,0.0,0.0,0.0,0.0,0.0,0.0,57113.8984375,19549.1953125,-136.55233764648438,0.0,136.55078125,0.0,-100.0,0.0,0.23965801298618317,0.0,TX
7725325,TX,4818,0.11213724315166473,3,1.0,117306.5859375,226164.171875,3,0,25282.916015625,0.0,193580.28125,0.0,0.0,0.0,0.0,0.0,-230.0,0.0,230.0,0.0,-418.0,0.0,418.0,0.0,0.0,0.0,0.0,0.0,0.0,0.0,0.0,0.0,-200.0,0.0,200.0,0.0,0.0,0.0,0.0,0.0,0.0,0.0,0.0,0.0,0.0,0.0,0.0,0.0,0.0,0.0,0.0,0.0,0.0,0.0,0.0,0.0,-440.0,0.0,440.0,0.0,0.0,0.0,0.0,0.0,0.0,0.0,0.0,0.0,0.0,0.0,0.0,0.0,-5500.0,0.0,5499.984375,0.0,0.0,0.0,0.0,0.0,0.0,0.0,0.0,0.0,0.0,0.0,0.0,0.0,0.0,0.0,0.0,0.0,0.0,0.0,0.0,0.0,0.0,0.0,0.0,0.0,18494.916015625,0.0,200368.265625,0.0,-6788.0,0.0,6787.984375,0.0,-26.84816892088307,0.0,3.506547689437866,0.0,TX
7725326,TX,4818,9.645316123962402,2,1.0,0.0,0.0,2,0,0.0,0.0,5268.47265625,1130.9622802734375,4137.51025390625,0.0,0.0,5268.4725341796875,0.0,0.0,0.0,0.0,0.0,0.0,0.0,0.0,0.0,0.0,0.0,0.0,0.0,0.0,0.0,0.0,0.0,0.0,0.0,0.0,0.0,0.0,0.0,0.0,0.0,0.0,0.0,0.0,0.0,0.0,0.0,0.0,0.0,0.0,0.0,0.0,0.0,0.0,0.0,0.0,0.0,0.0,0.0,0.0,0.0,0.0,0.0,0.0,0.0,0.0,0.0,0.0,0.0,0.0,0.0,0.0,0.0,0.0,0.0,0.0,0.0,0.0,0.0,0.0,0.0,0.0,0.0,0.0,0.0,0.0,0.0,0.0,0.0,0.0,0.0,0.0,0.0,0.0,0.0,0.0,0.0,0.0,0.0,0.0,0.0,0.0,5268.47265625,5268.4725341796875,0.0,0.0,0.0,0.0,0.0,0.0,0.0,0.0,TX
7725327,TX,4818,0.10037126392126083,2,0.0,46177.6328125,46177.6328125,2,0,3480.31591796875,0.0,91004.796875,24850.666015625,0.0,0.0,0.0,24850.666015625,-5.0,0.0,5.0,0.0,-114.0,0.0,114.0,0.0,0.0,0.0,0.0,0.0,0.0,0.0,0.0,0.0,0.0,0.0,0.0,0.0,0.0,0.0,0.0,0.0,0.0,0.0,0.0,0.0,0.0,0.0,0.0,0.0,0.0,0.0,0.0,0.0,0.0,0.0,0.0,0.0,0.0,0.0,0.0,0.0,0.0,0.0,0.0,0.0,0.0,0.0,0.0,0.0,0.0,0.0,0.0,0.0,0.0,0.0,0.0,0.0,0.0,0.0,0.0,0.0,0.0,0.0,0.0,0.0,-220.49755859375,0.0,220.5,0.0,0.0,0.0,0.0,0.0,0.0,0.0,0.0,0.0,0.0,0.0,0.0,0.0,3140.818359375,0.0,91344.296875,24850.666015625,-339.49755859375,0.0,339.5,0.0,-9.754791421115995,0.0,0.3730572462081909,0.0,TX
7725328,TX,4818,8.013582229614258,1,0.0,0.0,0.8272702097892761,1,0,0.0,0.0,36639.2890625,18627.876953125,0.0,0.0,0.0,18627.876953125,0.0,0.0,0.0,0.0,0.0,0.0,0.0,0.0,0.0,0.0,0.0,0.0,0.0,0.0,0.0,0.0,0.0,0.0,0.0,0.0,0.0,0.0,0.0,0.0,0.0,0.0,0.0,0.0,0.0,0.0,0.0,0.0,0.0,0.0,0.0,0.0,0.0,0.0,0.0,0.0,0.0,0.0,0.0,0.0,0.0,0.0,0.0,0.0,0.0,0.0,0.0,0.0,0.0,0.0,0.0,0.0,0.0,0.0,0.0,0.0,0.0,0.0,0.0,0.0,0.0,0.0,0.0,0.0,0.0,0.0,0.0,0.0,0.0,0.0,0.0,0.0,0.0,0.0,0.0,0.0,0.0,0.0,0.0,0.0,0.0,0.0,36639.2890625,18627.876953125,0.0,0.0,0.0,0.0,0.0,0.0,0.0,0.0,TX
7725329,TX,4818,131.32713317871094,2,0.0,0.0,0.0,2,0,0.0,0.0,73895.859375,36947.9296875,0.0,0.0,0.0,36947.9296875,0.0,0.0,0.0,0.0,0.0,0.0,0.0,0.0,0.0,0.0,0.0,0.0,0.0,0.0,0.0,0.0,0.0,0.0,0.0,0.0,0.0,0.0,0.0,0.0,0.0,0.0,0.0,0.0,0.0,0.0,0.0,0.0,0.0,0.0,0.0,0.0,0.0,0.0,0.0,0.0,0.0,0.0,0.0,0.0,0.0,0.0,0.0,0.0,0.0,0.0,0.0,0.0,0.0,0.0,0.0,0.0,0.0,0.0,0.0,0.0,0.0,0.0,0.0,0.0,0.0,0.0,0.0,0.0,0.0,0.0,0.0,0.0,0.0,0.0,0.0,0.0,0.0,0.0,0.0,0.0,0.0,0.0,0.0,0.0,0.0,0.0,73895.859375,36947.9296875,0.0,0.0,0.0,0.0,0.0,0.0,0.0,0.0,TX
7725330,TX,4818,1343.1876220703125,4,3.0,0.0,0.0,4,0,0.0,0.0,74345.0234375,40028.27734375,34316.74609375,0.0,0.0,74345.0234375,0.0,0.0,0.0,0.0,0.0,0.0,0.0,0.0,0.0,0.0,0.0,0.0,0.0,0.0,0.0,0.0,0.0,0.0,0.0,0.0,0.0,0.0,0.0,0.0,0.0,0.0,0.0,0.0,0.0,0.0,0.0,0.0,0.0,0.0,0.0,0.0,0.0,0.0,0.0,0.0,0.0,0.0,0.0,0.0,0.0,0.0,0.0,0.0,0.0,0.0,0.0,0.0,0.0,0.0,0.0,0.0,0.0,0.0,0.0,0.0,0.0,0.0,0.0,0.0,0.0,0.0,0.0,0.0,0.0,0.0,0.0,0.0,0.0,0.0,-7236.546875,-7236.546875,0.0,0.0,0.0,0.0,0.0,0.0,0.0,0.0,0.0,0.0,67108.4765625,67108.4765625,0.0,0.0,-7236.546875,-7236.546875,0.0,0.0,-9.733734130859375,-9.733734069078052,TX
7725331,TX,4818,0.11191754043102264,2,0.0,193982.6953125,194474.921875,2,0,25726.75390625,0.0,170380.125,0.0,0.0,0.0,0.0,0.0,-230.0,0.0,230.0,0.0,-418.0,0.0,418.0,0.0,0.0,0.0,0.0,0.0,0.0,0.0,0.0,0.0,0.0,0.0,0.0,0.0,0.0,0.0,0.0,0.0,0.0,0.0,0.0,0.0,0.0,0.0,0.0,0.0,0.0,0.0,0.0,0.0,0.0,0.0,0.0,0.0,-11.939453125,0.0,11.9375,0.0,0.0,0.0,0.0,0.0,0.0,0.0,0.0,0.0,0.0,0.0,0.0,0.0,0.0,0.0,0.0,0.0,-184.2109375,0.0,184.21875,0.0,0.0,0.0,0.0,0.0,0.0,0.0,0.0,0.0,0.0,0.0,0.0,0.0,0.0,0.0,0.0,0.0,0.0,0.0,0.0,0.0,24882.603515625,0.0,171224.28125,0.0,-844.150390625,0.0,844.15625,0.0,-3.281216097845613,0.0,0.49545466899871826,0.0,TX
7725332,TX,4818,145.60792541503906,2,0.0,0.0,0.0,2,0,0.0,0.0,56661.1328125,28804.408203125,0.0,0.0,0.0,28804.408203125,0.0,0.0,0.0,0.0,0.0,0.0,0.0,0.0,0.0,0.0,0.0,0.0,0.0,0.0,0.0,0.0,0.0,0.0,0.0,0.0,0.0,0.0,0.0,0.0,0.0,0.0,0.0,0.0,0.0,0.0,0.0,0.0,0.0,0.0,0.0,0.0,0.0,0.0,0.0,0.0,0.0,0.0,0.0,0.0,0.0,0.0,0.0,0.0,0.0,0.0,0.0,0.0,0.0,0.0,0.0,0.0,0.0,0.0,0.0,0.0,0.0,0.0,0.0,0.0,0.0,0.0,0.0,0.0,0.0,0.0,0.0,0.0,0.0,0.0,0.0,0.0,0.0,0.0,0.0,0.0,0.0,0.0,0.0,0.0,0.0,0.0,56661.1328125,28804.408203125,0.0,0.0,0.0,0.0,0.0,0.0,0.0,0.0,TX
7725333,TX,4818,699.2994384765625,2,0.0,0.0,0.0,2,0,0.0,0.0,37156.87109375,21631.744140625,0.0,0.0,0.0,21631.744140625,0.0,0.0,0.0,0.0,0.0,0.0,0.0,0.0,0.0,0.0,0.0,0.0,0.0,0.0,0.0,0.0,0.0,0.0,0.0,0.0,0.0,0.0,0.0,0.0,0.0,0.0,0.0,0.0,0.0,0.0,0.0,0.0,0.0,0.0,0.0,0.0,0.0,0.0,0.0,0.0,0.0,0.0,0.0,0.0,0.0,0.0,0.0,0.0,0.0,0.0,0.0,0.0,0.0,0.0,0.0,0.0,0.0,0.0,0.0,0.0,0.0,0.0,0.0,0.0,0.0,0.0,0.0,0.0,0.0,0.0,0.0,0.0,0.0,0.0,0.0,0.0,0.0,0.0,0.0,0.0,0.0,0.0,0.0,0.0,0.0,0.0,37156.87109375,21631.744140625,0.0,0.0,0.0,0.0,0.0,0.0,0.0,0.0,TX
7725334,TX,4818,113.14441680908203,1,0.0,0.0,27.694190979003906,1,0,0.0,0.0,20580.853515625,330.0,20223.16015625,0.0,0.0,20553.16015625,0.0,0.0,0.0,0.0,0.0,0.0,0.0,0.0,0.0,0.0,0.0,0.0,0.0,0.0,0.0,0.0,0.0,0.0,0.0,0.0,0.0,0.0,0.0,0.0,0.0,0.0,0.0,0.0,0.0,0.0,0.0,0.0,0.0,0.0,0.0,0.0,0.0,0.0,0.0,0.0,0.0,0.0,0.0,0.0,0.0,0.0,0.0,0.0,0.0,0.0,0.0,0.0,0.0,0.0,0.0,0.0,0.0,0.0,0.0,0.0,0.0,0.0,0.0,0.0,0.0,0.0,0.0,0.0,0.0,0.0,0.0,0.0,0.0,0.0,0.0,0.0,0.0,0.0,0.0,0.0,0.0,0.0,0.0,0.0,0.0,0.0,20580.853515625,20553.16015625,0.0,0.0,0.0,0.0,0.0,0.0,0.0,0.0,TX
7725335,TX,4818,91.11328887939453,1,0.0,0.0,0.0,1,0,0.0,0.0,5898.3095703125,5898.3095703125,0.0,0.0,0.0,5898.3095703125,0.0,0.0,0.0,0.0,0.0,0.0,0.0,0.0,0.0,0.0,0.0,0.0,0.0,0.0,0.0,0.0,0.0,0.0,0.0,0.0,0.0,0.0,0.0,0.0,0.0,0.0,0.0,0.0,0.0,0.0,0.0,0.0,0.0,0.0,0.0,0.0,0.0,0.0,0.0,0.0,0.0,0.0,0.0,0.0,0.0,0.0,0.0,0.0,0.0,0.0,0.0,0.0,0.0,0.0,0.0,0.0,0.0,0.0,0.0,0.0,0.0,0.0,0.0,0.0,0.0,0.0,0.0,0.0,0.0,0.0,0.0,0.0,0.0,0.0,0.0,0.0,0.0,0.0,0.0,0.0,0.0,0.0,0.0,0.0,0.0,0.0,5898.3095703125,5898.3095703125,0.0,0.0,0.0,0.0,0.0,0.0,0.0,0.0,TX
7725336,TX,4818,56.20545196533203,1,0.0,0.0,0.0,1,0,0.0,0.0,24149.19921875,3926.039794921875,20223.16015625,0.0,0.0,24149.199951171875,0.0,0.0,0.0,0.0,0.0,0.0,0.0,0.0,0.0,0.0,0.0,0.0,0.0,0.0,0.0,0.0,0.0,0.0,0.0,0.0,0.0,0.0,0.0,0.0,0.0,0.0,0.0,0.0,0.0,0.0,0.0,0.0,0.0,0.0,0.0,0.0,0.0,0.0,0.0,0.0,0.0,0.0,0.0,0.0,0.0,0.0,0.0,0.0,0.0,0.0,0.0,0.0,0.0,0.0,0.0,0.0,0.0,0.0,0.0,0.0,0.0,0.0,0.0,0.0,0.0,0.0,0.0,0.0,0.0,0.0,0.0,0.0,0.0,0.0,0.0,0.0,0.0,0.0,0.0,0.0,0.0,0.0,0.0,0.0,0.0,0.0,24149.19921875,24149.199951171875,0.0,0.0,0.0,0.0,0.0,0.0,0.0,0.0,TX
7725337,TX,4818,25.90629005432129,1,0.0,0.0,0.8272702097892761,1,0,0.0,0.0,32181.1953125,11956.8173828125,20223.16015625,0.0,0.0,32179.9775390625,0.0,0.0,0.0,0.0,0.0,0.0,0.0,0.0,0.0,0.0,0.0,0.0,0.0,0.0,0.0,0.0,0.0,0.0,0.0,0.0,0.0,0.0,0.0,0.0,0.0,0.0,0.0,0.0,0.0,0.0,0.0,0.0,0.0,0.0,0.0,0.0,0.0,0.0,0.0,0.0,0.0,0.0,0.0,0.0,0.0,0.0,0.0,0.0,0.0,0.0,0.0,0.0,0.0,0.0,0.0,0.0,0.0,0.0,0.0,0.0,0.0,0.0,0.0,0.0,0.0,0.0,0.0,0.0,0.0,0.0,0.0,0.0,0.0,0.0,0.0,0.0,0.0,0.0,0.0,0.0,0.0,0.0,0.0,0.0,0.0,0.0,32181.1953125,32179.9775390625,0.0,0.0,0.0,0.0,0.0,0.0,0.0,0.0,TX
7725338,TX,4818,60.50800704956055,3,1.0,0.0,0.0,3,0,0.0,0.0,25491.6328125,1130.9622802734375,24360.67041015625,0.0,0.0,25491.632690429688,0.0,0.0,0.0,0.0,0.0,0.0,0.0,0.0,0.0,0.0,0.0,0.0,0.0,0.0,0.0,0.0,0.0,0.0,0.0,0.0,0.0,0.0,0.0,0.0,0.0,0.0,0.0,0.0,0.0,0.0,0.0,0.0,0.0,0.0,0.0,0.0,0.0,0.0,0.0,0.0,0.0,0.0,0.0,0.0,0.0,0.0,0.0,0.0,0.0,0.0,0.0,0.0,0.0,0.0,0.0,0.0,0.0,0.0,0.0,0.0,0.0,0.0,0.0,0.0,0.0,0.0,0.0,0.0,0.0,0.0,0.0,0.0,0.0,0.0,0.0,0.0,0.0,0.0,0.0,0.0,0.0,0.0,0.0,0.0,0.0,0.0,25491.6328125,25491.632690429688,0.0,0.0,0.0,0.0,0.0,0.0,0.0,0.0,TX
7725339,TX,4818,216.9973907470703,2,0.0,0.0,59.362052619457245,2,0,0.0,0.0,129017.65625,64478.7578125,0.0,0.0,0.0,64478.7578125,0.0,0.0,0.0,0.0,0.0,0.0,0.0,0.0,0.0,0.0,0.0,0.0,0.0,0.0,0.0,0.0,0.0,0.0,0.0,0.0,0.0,0.0,0.0,0.0,0.0,0.0,0.0,0.0,0.0,0.0,0.0,0.0,0.0,0.0,0.0,0.0,0.0,0.0,0.0,0.0,0.0,0.0,0.0,0.0,0.0,0.0,0.0,0.0,0.0,0.0,0.0,0.0,0.0,0.0,0.0,0.0,0.0,0.0,0.0,0.0,0.0,0.0,0.0,0.0,0.0,0.0,0.0,0.0,0.0,0.0,0.0,0.0,0.0,0.0,0.0,0.0,0.0,0.0,0.0,0.0,0.0,0.0,0.0,0.0,0.0,0.0,129017.65625,64478.7578125,0.0,0.0,0.0,0.0,0.0,0.0,0.0,0.0,TX
7725340,TX,4818,0.4246474504470825,1,0.0,0.0,303.608154296875,1,0,0.0,0.0,13398.7705078125,12080.3349609375,0.0,0.0,0.0,12080.3349609375,0.0,0.0,0.0,0.0,0.0,0.0,0.0,0.0,0.0,0.0,0.0,0.0,0.0,0.0,0.0,0.0,0.0,0.0,0.0,0.0,0.0,0.0,0.0,0.0,0.0,0.0,0.0,0.0,0.0,0.0,0.0,0.0,0.0,0.0,0.0,0.0,0.0,0.0,0.0,0.0,0.0,0.0,0.0,0.0,0.0,0.0,0.0,0.0,0.0,0.0,0.0,0.0,0.0,0.0,0.0,0.0,0.0,0.0,0.0,0.0,0.0,0.0,0.0,0.0,0.0,0.0,0.0,0.0,0.0,0.0,0.0,0.0,0.0,0.0,0.0,0.0,0.0,0.0,0.0,0.0,0.0,0.0,0.0,0.0,0.0,0.0,13398.7705078125,12080.3349609375,0.0,0.0,0.0,0.0,0.0,0.0,0.0,0.0,TX
7725341,TX,4818,0.42398473620414734,1,0.0,0.0,0.0,1,0,0.0,0.0,0.0,0.0,0.0,0.0,0.0,0.0,0.0,0.0,0.0,0.0,0.0,0.0,0.0,0.0,0.0,0.0,0.0,0.0,0.0,0.0,0.0,0.0,0.0,0.0,0.0,0.0,0.0,0.0,0.0,0.0,0.0,0.0,0.0,0.0,0.0,0.0,0.0,0.0,0.0,0.0,0.0,0.0,0.0,0.0,0.0,0.0,0.0,0.0,0.0,0.0,0.0,0.0,0.0,0.0,0.0,0.0,0.0,0.0,0.0,0.0,0.0,0.0,0.0,0.0,0.0,0.0,0.0,0.0,0.0,0.0,0.0,0.0,0.0,0.0,0.0,0.0,0.0,0.0,0.0,0.0,0.0,0.0,0.0,0.0,0.0,0.0,0.0,0.0,0.0,0.0,0.0,0.0,0.0,0.0,0.0,0.0,0.0,0.0,0.0,0.0,0.0,0.0,TX
7725342,TX,4818,34.17545700073242,2,0.0,348.4353942871094,348.4353942871094,2,0,0.0,0.0,70897.671875,35287.9453125,0.0,0.0,0.0,35287.9453125,0.0,0.0,0.0,0.0,0.0,0.0,0.0,0.0,0.0,0.0,0.0,0.0,0.0,0.0,0.0,0.0,0.0,0.0,0.0,0.0,0.0,0.0,0.0,0.0,0.0,0.0,0.0,0.0,0.0,0.0,0.0,0.0,0.0,0.0,0.0,0.0,0.0,0.0,0.0,0.0,0.0,0.0,0.0,0.0,0.0,0.0,0.0,0.0,0.0,0.0,0.0,0.0,0.0,0.0,0.0,0.0,0.0,0.0,0.0,0.0,0.0,0.0,0.0,0.0,0.0,0.0,0.0,0.0,0.0,0.0,0.0,0.0,0.0,0.0,0.0,0.0,0.0,0.0,0.0,0.0,0.0,0.0,0.0,0.0,0.0,0.0,70897.671875,35287.9453125,0.0,0.0,0.0,0.0,0.0,0.0,0.0,0.0,TX
7725343,TX,4818,0.2201707512140274,2,0.0,101341.796875,101341.796875,1,1,12999.412109375,0.0,83345.34375,0.0,0.0,0.0,0.0,0.0,-115.0,0.0,115.0,0.0,-209.0,0.0,209.0,0.0,0.0,0.0,0.0,0.0,0.0,0.0,0.0,0.0,0.0,0.0,0.0,0.0,0.0,0.0,0.0,0.0,0.0,0.0,0.0,0.0,0.0,0.0,0.0,0.0,0.0,0.0,0.0,0.0,0.0,0.0,0.0,0.0,0.0,0.0,0.0,0.0,0.0,0.0,0.0,0.0,0.0,0.0,0.0,0.0,0.0,0.0,0.0,0.0,0.0,0.0,0.0,0.0,0.0,0.0,0.0,0.0,-972.2880859375,0.0,972.28125,0.0,0.0,0.0,0.0,0.0,0.0,0.0,0.0,0.0,0.0,0.0,0.0,0.0,0.0,0.0,0.0,0.0,11703.1240234375,0.0,84641.625,0.0,-1296.2880859375,0.0,1296.28125,0.0,-9.971897767612388,0.0,1.5553133487701416,0.0,TX
7725344,TX,4818,0.2662959396839142,6,3.0,58072.56640625,74318.9638671875,5,1,-4914.634765625,0.0,85531.3828125,6072.7734375,0.0,0.0,5074.74755859375,11147.52099609375,-10.0,0.0,10.0,0.0,-228.0,0.0,228.0,0.0,0.0,0.0,0.0,0.0,0.0,0.0,0.0,0.0,-600.0,0.0,600.0,0.0,-90.30712890625,0.0,90.3125,0.0,0.0,0.0,0.0,0.0,0.0,0.0,0.0,0.0,0.0,0.0,0.0,0.0,0.0,0.0,0.0,0.0,0.0,0.0,0.0,0.0,0.0,0.0,0.0,0.0,0.0,0.0,0.0,0.0,0.0,0.0,0.0,0.0,0.0,0.0,0.0,0.0,0.0,0.0,0.0,0.0,0.0,0.0,0.0,0.0,0.0,0.0,0.0,0.0,0.0,0.0,0.0,0.0,0.0,0.0,0.0,0.0,0.0,0.0,0.0,0.0,-5842.94189453125,0.0,86459.6953125,11147.52099609375,-928.30712890625,0.0,928.3125,0.0,-18.88862902690585,0.0,1.0853471755981445,0.0,TX
7725345,TX,4818,0.12885582447052002,2,0.0,172610.736328125,187059.890625,2,0,23142.4140625,0.0,173225.828125,0.0,0.0,0.0,0.0,0.0,-230.0,0.0,230.0,0.0,-418.0,0.0,418.0,0.0,0.0,0.0,0.0,0.0,0.0,0.0,0.0,0.0,0.0,0.0,0.0,0.0,0.0,0.0,0.0,0.0,-464.23828125,0.0,464.234375,0.0,0.0,0.0,0.0,0.0,0.0,0.0,0.0,0.0,0.0,0.0,0.0,0.0,0.0,0.0,0.0,0.0,0.0,0.0,0.0,0.0,0.0,0.0,0.0,0.0,0.0,0.0,0.0,0.0,0.0,0.0,0.0,0.0,0.0,0.0,0.0,0.0,-830.80859375,0.0,830.8125,0.0,-342.419921875,0.0,342.421875,0.0,0.0,0.0,0.0,0.0,0.0,0.0,0.0,0.0,0.0,0.0,0.0,0.0,20856.947265625,0.0,175511.296875,0.0,-2285.466796875,0.0,2285.46875,0.0,-9.875662887643056,0.0,1.319357991218567,0.0,TX
7725346,TX,4818,291.3090515136719,1,0.0,0.0,0.0,1,0,0.0,0.0,3926.039794921875,3926.039794921875,0.0,0.0,0.0,3926.039794921875,0.0,0.0,0.0,0.0,0.0,0.0,0.0,0.0,0.0,0.0,0.0,0.0,0.0,0.0,0.0,0.0,0.0,0.0,0.0,0.0,0.0,0.0,0.0,0.0,0.0,0.0,0.0,0.0,0.0,0.0,0.0,0.0,0.0,0.0,0.0,0.0,0.0,0.0,0.0,0.0,0.0,0.0,0.0,0.0,0.0,0.0,0.0,0.0,0.0,0.0,0.0,0.0,0.0,0.0,0.0,0.0,0.0,0.0,0.0,0.0,0.0,0.0,0.0,0.0,0.0,0.0,0.0,0.0,0.0,0.0,0.0,0.0,0.0,0.0,0.0,0.0,0.0,0.0,0.0,0.0,0.0,0.0,0.0,0.0,0.0,0.0,3926.039794921875,3926.039794921875,0.0,0.0,0.0,0.0,0.0,0.0,0.0,0.0,TX
7725347,TX,4818,643.7897338867188,2,0.0,0.0,1.6545404195785522,2,0,0.0,0.0,61007.1953125,20557.349609375,40446.3203125,0.0,0.0,61003.669921875,0.0,0.0,0.0,0.0,0.0,0.0,0.0,0.0,0.0,0.0,0.0,0.0,0.0,0.0,0.0,0.0,0.0,0.0,0.0,0.0,0.0,0.0,0.0,0.0,0.0,0.0,0.0,0.0,0.0,0.0,0.0,0.0,0.0,0.0,0.0,0.0,0.0,0.0,0.0,0.0,0.0,0.0,0.0,0.0,0.0,0.0,0.0,0.0,0.0,0.0,0.0,0.0,0.0,0.0,0.0,0.0,0.0,0.0,0.0,0.0,0.0,0.0,0.0,0.0,0.0,0.0,0.0,0.0,0.0,0.0,0.0,0.0,0.0,0.0,-1967.21875,-1967.216796875,0.0,0.0,0.0,0.0,0.0,0.0,0.0,0.0,0.0,0.0,59039.9765625,59036.453125,0.0,0.0,-1967.21875,-1967.216796875,0.0,0.0,-3.2245683670043945,-3.224751559036263,TX
7725348,TX,4818,58.295738220214844,2,0.0,0.0,0.0,2,0,0.0,0.0,0.0,0.0,0.0,0.0,0.0,0.0,0.0,0.0,0.0,0.0,0.0,0.0,0.0,0.0,0.0,0.0,0.0,0.0,0.0,0.0,0.0,0.0,0.0,0.0,0.0,0.0,0.0,0.0,0.0,0.0,0.0,0.0,0.0,0.0,0.0,0.0,0.0,0.0,0.0,0.0,0.0,0.0,0.0,0.0,0.0,0.0,0.0,0.0,0.0,0.0,0.0,0.0,0.0,0.0,0.0,0.0,0.0,0.0,0.0,0.0,0.0,0.0,0.0,0.0,0.0,0.0,0.0,0.0,0.0,0.0,0.0,0.0,0.0,0.0,0.0,0.0,0.0,0.0,0.0,0.0,0.0,0.0,0.0,0.0,0.0,0.0,0.0,0.0,0.0,0.0,0.0,0.0,0.0,0.0,0.0,0.0,0.0,0.0,0.0,0.0,0.0,0.0,TX
7725349,TX,4818,825.302734375,4,0.0,0.0,0.0,4,0,0.0,0.0,134292.09375,51104.8125,40446.3203125,0.0,0.0,91551.1328125,0.0,0.0,0.0,0.0,0.0,0.0,0.0,0.0,0.0,0.0,0.0,0.0,0.0,0.0,0.0,0.0,0.0,0.0,0.0,0.0,0.0,0.0,0.0,0.0,0.0,0.0,0.0,0.0,0.0,0.0,0.0,0.0,0.0,0.0,0.0,0.0,0.0,0.0,0.0,0.0,0.0,0.0,0.0,0.0,0.0,0.0,0.0,0.0,0.0,0.0,0.0,0.0,0.0,0.0,0.0,0.0,0.0,0.0,0.0,0.0,0.0,0.0,0.0,0.0,0.0,0.0,0.0,0.0,0.0,0.0,0.0,0.0,0.0,0.0,0.0,0.0,0.0,0.0,0.0,0.0,0.0,0.0,0.0,0.0,0.0,0.0,134292.09375,91551.1328125,0.0,0.0,0.0,0.0,0.0,0.0,0.0,0.0,TX
7725350,TX,4818,96.78082275390625,3,0.0,10974.91796875,10974.91796875,3,0,0.0,0.0,110996.8125,49530.2109375,0.0,0.0,0.0,49530.2109375,0.0,0.0,0.0,0.0,0.0,0.0,0.0,0.0,0.0,0.0,0.0,0.0,0.0,0.0,0.0,0.0,0.0,0.0,0.0,0.0,0.0,0.0,0.0,0.0,0.0,0.0,0.0,0.0,0.0,0.0,0.0,0.0,0.0,0.0,0.0,0.0,0.0,0.0,0.0,0.0,0.0,0.0,0.0,0.0,0.0,0.0,0.0,0.0,0.0,0.0,0.0,0.0,0.0,0.0,0.0,0.0,0.0,0.0,0.0,0.0,0.0,0.0,0.0,0.0,0.0,0.0,0.0,0.0,0.0,0.0,0.0,0.0,0.0,0.0,0.0,0.0,0.0,0.0,0.0,0.0,0.0,0.0,0.0,0.0,0.0,0.0,110996.8125,49530.2109375,0.0,0.0,0.0,0.0,0.0,0.0,0.0,0.0,TX
7725351,TX,4818,349.8982238769531,1,0.0,0.0,0.0,1,0,0.0,0.0,39266.421875,19043.259765625,20223.16015625,0.0,0.0,39266.419921875,0.0,0.0,0.0,0.0,0.0,0.0,0.0,0.0,0.0,0.0,0.0,0.0,0.0,0.0,0.0,0.0,0.0,0.0,0.0,0.0,0.0,0.0,0.0,0.0,0.0,0.0,0.0,0.0,0.0,0.0,0.0,0.0,0.0,0.0,0.0,0.0,0.0,0.0,0.0,0.0,0.0,0.0,0.0,0.0,0.0,0.0,0.0,0.0,0.0,0.0,0.0,0.0,0.0,0.0,0.0,0.0,0.0,0.0,0.0,0.0,0.0,0.0,0.0,0.0,0.0,0.0,0.0,0.0,0.0,0.0,0.0,0.0,0.0,0.0,0.0,0.0,0.0,0.0,0.0,0.0,0.0,0.0,0.0,0.0,0.0,0.0,39266.421875,39266.419921875,0.0,0.0,0.0,0.0,0.0,0.0,0.0,0.0,TX
7725352,TX,4818,129.67686462402344,2,0.0,0.0,0.0,2,0,0.0,0.0,86227.453125,43113.7265625,0.0,0.0,0.0,43113.7265625,0.0,0.0,0.0,0.0,0.0,0.0,0.0,0.0,0.0,0.0,0.0,0.0,0.0,0.0,0.0,0.0,0.0,0.0,0.0,0.0,0.0,0.0,0.0,0.0,0.0,0.0,0.0,0.0,0.0,0.0,0.0,0.0,0.0,0.0,0.0,0.0,0.0,0.0,0.0,0.0,0.0,0.0,0.0,0.0,0.0,0.0,0.0,0.0,0.0,0.0,0.0,0.0,0.0,0.0,0.0,0.0,0.0,0.0,0.0,0.0,0.0,0.0,0.0,0.0,0.0,0.0,0.0,0.0,0.0,0.0,0.0,0.0,0.0,0.0,0.0,0.0,0.0,0.0,0.0,0.0,0.0,0.0,0.0,0.0,0.0,0.0,86227.453125,43113.7265625,0.0,0.0,0.0,0.0,0.0,0.0,0.0,0.0,TX
7725353,TX,4818,287.8851318359375,2,0.0,22257.138671875,22257.138671875,2,0,505.7138671875,0.0,56041.78515625,16349.1220703125,0.0,0.0,0.0,16349.1220703125,0.0,0.0,0.0,0.0,-95.0,0.0,95.0,0.0,0.0,0.0,0.0,0.0,0.0,0.0,0.0,0.0,0.0,0.0,0.0,0.0,0.0,0.0,0.0,0.0,0.0,0.0,0.0,0.0,0.0,0.0,0.0,0.0,0.0,0.0,0.0,0.0,0.0,0.0,0.0,0.0,-100.0,0.0,100.0,0.0,0.0,0.0,0.0,0.0,0.0,0.0,0.0,0.0,0.0,0.0,0.0,0.0,0.0,0.0,0.0,0.0,0.0,0.0,0.0,0.0,-310.7138671875,0.0,310.71484375,0.0,0.0,0.0,0.0,0.0,0.0,0.0,0.0,0.0,0.0,0.0,0.0,0.0,0.0,0.0,0.0,0.0,0.0,0.0,56547.5,16349.1220703125,-505.7138671875,0.0,505.71484375,0.0,-100.0,0.0,0.902388870716095,0.0,TX
7725354,TX,4818,69.96009063720703,1,0.0,0.0,4.136351108551025,1,0,0.0,0.0,46332.95703125,23163.4375,0.0,0.0,0.0,23163.4375,0.0,0.0,0.0,0.0,0.0,0.0,0.0,0.0,0.0,0.0,0.0,0.0,0.0,0.0,0.0,0.0,0.0,0.0,0.0,0.0,0.0,0.0,0.0,0.0,0.0,0.0,0.0,0.0,0.0,0.0,0.0,0.0,0.0,0.0,0.0,0.0,0.0,0.0,0.0,0.0,0.0,0.0,0.0,0.0,0.0,0.0,0.0,0.0,0.0,0.0,0.0,0.0,0.0,0.0,0.0,0.0,0.0,0.0,0.0,0.0,0.0,0.0,0.0,0.0,0.0,0.0,0.0,0.0,0.0,0.0,0.0,0.0,0.0,0.0,0.0,0.0,0.0,0.0,0.0,0.0,0.0,0.0,0.0,0.0,0.0,0.0,46332.95703125,23163.4375,0.0,0.0,0.0,0.0,0.0,0.0,0.0,0.0,TX
7725355,TX,4818,31.277660369873047,2,0.0,12775.96484375,12999.328125,2,0,0.0,0.0,16264.587890625,0.0,4137.51025390625,0.0,0.0,4137.51025390625,0.0,0.0,0.0,0.0,0.0,0.0,0.0,0.0,0.0,0.0,0.0,0.0,0.0,0.0,0.0,0.0,0.0,0.0,0.0,0.0,0.0,0.0,0.0,0.0,0.0,0.0,0.0,0.0,0.0,0.0,0.0,0.0,0.0,0.0,0.0,0.0,0.0,0.0,0.0,0.0,0.0,0.0,0.0,0.0,0.0,0.0,0.0,0.0,0.0,0.0,0.0,0.0,0.0,0.0,0.0,0.0,0.0,0.0,0.0,0.0,0.0,0.0,0.0,0.0,0.0,0.0,0.0,0.0,0.0,0.0,0.0,0.0,0.0,0.0,0.0,0.0,0.0,0.0,0.0,0.0,0.0,0.0,0.0,0.0,0.0,0.0,16264.587890625,4137.51025390625,0.0,0.0,0.0,0.0,0.0,0.0,0.0,0.0,TX
7725356,TX,4818,0.14562977850437164,2,0.0,10453.0625,10453.0625,2,0,-664.0,0.0,56382.62890625,23176.455078125,0.0,0.0,0.0,23176.455078125,0.0,0.0,0.0,0.0,0.0,0.0,0.0,0.0,0.0,0.0,0.0,0.0,0.0,0.0,0.0,0.0,0.0,0.0,0.0,0.0,0.0,0.0,0.0,0.0,0.0,0.0,0.0,0.0,0.0,0.0,0.0,0.0,0.0,0.0,0.0,0.0,0.0,0.0,0.0,0.0,0.0,0.0,0.0,0.0,0.0,0.0,0.0,0.0,0.0,0.0,0.0,0.0,0.0,0.0,0.0,0.0,0.0,0.0,0.0,0.0,0.0,0.0,0.0,0.0,0.0,0.0,0.0,0.0,0.0,0.0,0.0,0.0,0.0,0.0,0.0,0.0,0.0,0.0,0.0,0.0,0.0,0.0,0.0,0.0,-664.0,0.0,56382.62890625,23176.455078125,0.0,0.0,0.0,0.0,0.0,0.0,0.0,0.0,TX
7725357,TX,4818,396.3233337402344,2,0.0,0.0,0.0,2,0,0.0,0.0,62019.4609375,13398.578125,40446.3203125,0.0,0.0,53844.8984375,0.0,0.0,0.0,0.0,0.0,0.0,0.0,0.0,0.0,0.0,0.0,0.0,0.0,0.0,0.0,0.0,0.0,0.0,0.0,0.0,0.0,0.0,0.0,0.0,0.0,0.0,0.0,0.0,0.0,0.0,0.0,0.0,0.0,0.0,0.0,0.0,0.0,0.0,0.0,0.0,0.0,0.0,0.0,0.0,0.0,0.0,0.0,0.0,0.0,0.0,0.0,0.0,0.0,0.0,0.0,0.0,0.0,0.0,0.0,0.0,0.0,0.0,0.0,0.0,0.0,0.0,0.0,0.0,0.0,0.0,0.0,0.0,0.0,0.0,0.0,0.0,0.0,0.0,0.0,0.0,0.0,0.0,0.0,0.0,0.0,0.0,62019.4609375,53844.8984375,0.0,0.0,0.0,0.0,0.0,0.0,0.0,0.0,TX
7725358,TX,4818,0.16730493307113647,1,0.0,170165.34375,221014.171875,1,0,41640.73046875,0.0,185980.296875,0.0,0.0,0.0,0.0,0.0,-131.0,0.0,131.0,0.0,-228.0,0.0,228.0,0.0,0.0,0.0,0.0,0.0,0.0,0.0,0.0,0.0,0.0,0.0,0.0,0.0,0.0,0.0,0.0,0.0,0.0,0.0,0.0,0.0,0.0,0.0,0.0,0.0,0.0,0.0,0.0,0.0,0.0,0.0,0.0,0.0,0.0,0.0,0.0,0.0,0.0,0.0,0.0,0.0,0.0,0.0,0.0,0.0,0.0,0.0,0.0,0.0,0.0,0.0,0.0,0.0,0.0,0.0,0.0,0.0,0.0,0.0,0.0,0.0,0.0,0.0,0.0,0.0,0.0,0.0,0.0,0.0,0.0,0.0,0.0,0.0,0.0,0.0,0.0,0.0,41281.73046875,0.0,186339.296875,0.0,-359.0,0.0,359.0,0.0,-0.8621366531247997,0.0,0.1930312067270279,0.0,TX
7725359,TX,4818,0.12066307663917542,3,0.0,101909.21484375,198522.09375,3,0,22858.400390625,0.0,207659.28125,23348.525390625,0.0,6192.279296875,0.0,29540.8046875,-230.0,0.0,230.0,0.0,-418.0,0.0,418.0,0.0,0.0,0.0,0.0,0.0,0.0,0.0,0.0,0.0,0.0,0.0,0.0,0.0,0.0,0.0,0.0,0.0,0.0,0.0,0.0,0.0,0.0,0.0,0.0,0.0,0.0,0.0,0.0,0.0,0.0,0.0,0.0,0.0,-440.0,0.0,440.0,0.0,0.0,0.0,0.0,0.0,0.0,0.0,0.0,0.0,0.0,0.0,0.0,0.0,0.0,0.0,0.0,0.0,0.0,0.0,0.0,0.0,0.0,0.0,0.0,0.0,0.0,0.0,0.0,0.0,0.0,0.0,0.0,0.0,0.0,0.0,-6192.28125,-6192.279296875,0.0,0.0,0.0,0.0,21770.400390625,0.0,202555.0,23348.525390625,-1088.0,0.0,-5104.28125,-6192.279296875,-4.759738133059501,0.0,-2.4580078125,-20.961782735374243,TX
7725360,TX,4818,64.88036346435547,1,0.0,0.0,0.0,1,0,0.0,0.0,58096.0625,29048.03125,0.0,0.0,0.0,29048.03125,0.0,0.0,0.0,0.0,0.0,0.0,0.0,0.0,0.0,0.0,0.0,0.0,0.0,0.0,0.0,0.0,0.0,0.0,0.0,0.0,0.0,0.0,0.0,0.0,0.0,0.0,0.0,0.0,0.0,0.0,0.0,0.0,0.0,0.0,0.0,0.0,0.0,0.0,0.0,0.0,0.0,0.0,0.0,0.0,0.0,0.0,0.0,0.0,0.0,0.0,0.0,0.0,0.0,0.0,0.0,0.0,0.0,0.0,0.0,0.0,0.0,0.0,0.0,0.0,0.0,0.0,0.0,0.0,0.0,0.0,0.0,0.0,0.0,0.0,0.0,0.0,0.0,0.0,0.0,0.0,0.0,0.0,0.0,0.0,0.0,0.0,58096.0625,29048.03125,0.0,0.0,0.0,0.0,0.0,0.0,0.0,0.0,TX
7725361,TX,4818,0.10980469733476639,2,0.0,59533.06640625,66337.365234375,2,0,3838.4837646484375,0.0,74564.2109375,10698.8662109375,0.0,0.0,0.0,10698.8662109375,-10.0,0.0,10.0,0.0,-221.43115234375,0.0,221.4296875,0.0,0.0,0.0,0.0,0.0,0.0,0.0,0.0,0.0,0.0,0.0,0.0,0.0,0.0,0.0,0.0,0.0,0.0,0.0,0.0,0.0,0.0,0.0,0.0,0.0,0.0,0.0,0.0,0.0,0.0,0.0,0.0,0.0,-120.0,0.0,120.0,0.0,0.0,0.0,0.0,0.0,0.0,0.0,0.0,0.0,0.0,0.0,0.0,0.0,0.0,0.0,0.0,0.0,0.0,0.0,0.0,0.0,0.0,0.0,0.0,0.0,0.0,0.0,0.0,0.0,0.0,0.0,0.0,0.0,0.0,0.0,0.0,0.0,0.0,0.0,0.0,0.0,3487.0526123046875,0.0,74915.640625,10698.8662109375,-351.43115234375,0.0,351.4296875,0.0,-9.155467989218842,0.0,0.4713114798069,0.0,TX
7725362,TX,4818,0.15374115109443665,3,1.0,85552.48828125,90034.40625,3,0,4467.064453125,0.0,90815.5625,4382.64501953125,0.0,0.0,0.0,4382.64501953125,-10.0,0.0,10.0,0.0,-12.935546875,0.0,12.9375,0.0,0.0,0.0,0.0,0.0,0.0,0.0,0.0,0.0,-200.0,0.0,200.0,0.0,0.0,0.0,0.0,0.0,0.0,0.0,0.0,0.0,0.0,0.0,0.0,0.0,0.0,0.0,0.0,0.0,0.0,0.0,0.0,0.0,-153.759765625,0.0,153.7578125,0.0,0.0,0.0,0.0,0.0,0.0,0.0,0.0,0.0,0.0,0.0,0.0,0.0,0.0,0.0,0.0,0.0,0.0,0.0,0.0,0.0,0.0,0.0,0.0,0.0,-525.302734375,0.0,525.3046875,0.0,0.0,0.0,0.0,0.0,0.0,0.0,0.0,0.0,0.0,0.0,0.0,0.0,3565.06640625,0.0,91717.5625,4382.64501953125,-901.998046875,0.0,902.0,0.0,-20.192187875059517,0.0,0.9932218194007874,0.0,TX
7725363,TX,4818,0.4429551362991333,3,2.0,56446.5341796875,51962.265625,3,0,632.309326171875,0.0,60270.25390625,0.0,0.0,0.0,1691.58251953125,1691.58251953125,-7.0,0.0,7.0,0.0,-177.0,0.0,177.0,0.0,0.0,0.0,0.0,0.0,0.0,0.0,0.0,0.0,0.0,0.0,0.0,0.0,0.0,0.0,0.0,0.0,-461.2880859375,0.0,461.28515625,0.0,0.0,0.0,0.0,0.0,0.0,0.0,0.0,0.0,0.0,0.0,0.0,0.0,0.0,0.0,0.0,0.0,0.0,0.0,0.0,0.0,0.0,0.0,0.0,0.0,0.0,0.0,0.0,0.0,0.0,0.0,0.0,0.0,-494.14501953125,0.0,494.14453125,0.0,0.0,0.0,0.0,0.0,-494.970703125,0.0,494.97265625,0.0,0.0,0.0,0.0,0.0,0.0,0.0,0.0,0.0,0.0,0.0,0.0,0.0,-1002.094482421875,0.0,61904.65625,1691.58251953125,-1634.40380859375,0.0,1634.40234375,0.0,-258.4816862482089,0.0,2.71178936958313,0.0,TX
7725364,TX,4818,3.1505913734436035,2,0.0,0.0,0.0,2,0,0.0,0.0,85394.890625,33417.54296875,0.0,18847.484375,0.0,52265.02734375,0.0,0.0,0.0,0.0,0.0,0.0,0.0,0.0,0.0,0.0,0.0,0.0,0.0,0.0,0.0,0.0,0.0,0.0,0.0,0.0,0.0,0.0,0.0,0.0,0.0,0.0,0.0,0.0,0.0,0.0,0.0,0.0,0.0,0.0,0.0,0.0,0.0,0.0,0.0,0.0,0.0,0.0,0.0,0.0,0.0,0.0,0.0,0.0,0.0,0.0,0.0,0.0,0.0,0.0,0.0,0.0,0.0,0.0,0.0,0.0,0.0,0.0,0.0,0.0,0.0,0.0,0.0,0.0,0.0,0.0,0.0,0.0,0.0,0.0,0.0,0.0,0.0,0.0,0.0,0.0,0.0,0.0,0.0,0.0,0.0,0.0,85394.890625,52265.02734375,0.0,0.0,0.0,0.0,0.0,0.0,0.0,0.0,TX
7725365,TX,4818,0.2289099097251892,4,2.0,92943.705078125,187326.671875,4,0,13439.208984375,0.0,175985.65625,0.0,0.0,0.0,0.0,0.0,-230.0,0.0,230.0,0.0,0.0,0.0,0.0,0.0,0.0,0.0,0.0,0.0,0.0,0.0,0.0,0.0,-400.0,0.0,400.0,0.0,0.0,0.0,0.0,0.0,0.0,0.0,0.0,0.0,0.0,0.0,0.0,0.0,0.0,0.0,0.0,0.0,0.0,0.0,0.0,0.0,0.0,0.0,0.0,0.0,0.0,0.0,0.0,0.0,0.0,0.0,0.0,0.0,0.0,0.0,0.0,0.0,0.0,0.0,0.0,0.0,0.0,0.0,0.0,0.0,0.0,0.0,0.0,0.0,0.0,0.0,0.0,0.0,0.0,0.0,0.0,0.0,0.0,0.0,0.0,0.0,0.0,0.0,0.0,0.0,12809.208984375,0.0,176615.65625,0.0,-630.0,0.0,630.0,0.0,-4.687775900594038,0.0,0.3579837381839752,0.0,TX
7725366,TX,4818,9.086264610290527,1,0.0,0.0,2351.671630859375,1,0,0.0,0.0,41189.57421875,19562.208984375,0.0,0.0,0.0,19562.208984375,0.0,0.0,0.0,0.0,0.0,0.0,0.0,0.0,0.0,0.0,0.0,0.0,0.0,0.0,0.0,0.0,0.0,0.0,0.0,0.0,0.0,0.0,0.0,0.0,0.0,0.0,0.0,0.0,0.0,0.0,0.0,0.0,0.0,0.0,0.0,0.0,0.0,0.0,0.0,0.0,0.0,0.0,0.0,0.0,0.0,0.0,0.0,0.0,0.0,0.0,0.0,0.0,0.0,0.0,0.0,0.0,0.0,0.0,0.0,0.0,0.0,0.0,0.0,0.0,0.0,0.0,0.0,0.0,0.0,0.0,0.0,0.0,0.0,0.0,0.0,0.0,0.0,0.0,0.0,0.0,0.0,0.0,0.0,0.0,0.0,0.0,41189.57421875,19562.208984375,0.0,0.0,0.0,0.0,0.0,0.0,0.0,0.0,TX
7725367,TX,4818,0.13403499126434326,4,2.0,42379.1328125,57058.8125,4,0,-1624.0166015625,0.0,103312.8125,11131.59765625,0.0,33234.3828125,1691.58251953125,46057.56298828125,-10.0,0.0,10.0,0.0,-228.0,0.0,228.0,0.0,0.0,0.0,0.0,0.0,0.0,0.0,0.0,0.0,-200.0,0.0,200.0,0.0,0.0,0.0,0.0,0.0,0.0,0.0,0.0,0.0,0.0,0.0,0.0,0.0,0.0,0.0,0.0,0.0,0.0,0.0,0.0,0.0,-52.281494140625,0.0,52.28125,0.0,0.0,0.0,0.0,0.0,0.0,0.0,0.0,0.0,0.0,0.0,0.0,0.0,0.0,0.0,0.0,0.0,0.0,0.0,0.0,0.0,0.0,0.0,0.0,0.0,0.0,0.0,0.0,0.0,0.0,0.0,0.0,0.0,0.0,0.0,0.0,0.0,0.0,0.0,0.0,0.0,-2114.298095703125,0.0,103803.09375,46057.56298828125,-490.281494140625,0.0,490.28125,0.0,-30.189438560475,0.0,0.4745599925518036,0.0,TX
7725368,TX,4818,0.20413115620613098,2,0.0,243359.96875,438275.4375,2,0,79515.328125,0.0,379850.6875,25413.076171875,0.0,0.0,0.0,25413.076171875,-292.0,0.0,292.0,0.0,-456.0,0.0,456.0,0.0,0.0,0.0,0.0,0.0,0.0,0.0,0.0,0.0,0.0,0.0,0.0,0.0,0.0,0.0,0.0,0.0,-1084.4140625,0.0,1084.4375,0.0,0.0,0.0,0.0,0.0,0.0,0.0,0.0,0.0,0.0,0.0,0.0,0.0,0.0,0.0,0.0,0.0,0.0,0.0,0.0,0.0,0.0,0.0,0.0,0.0,0.0,0.0,0.0,0.0,0.0,0.0,0.0,0.0,0.0,0.0,0.0,0.0,0.0,0.0,0.0,0.0,0.0,0.0,0.0,0.0,0.0,0.0,0.0,0.0,0.0,0.0,0.0,0.0,0.0,0.0,0.0,0.0,77682.9140625,0.0,381683.125,25413.076171875,-1832.4140625,0.0,1832.4375,0.0,-2.304479030281308,0.0,0.4824099540710449,0.0,TX
7725369,TX,4818,206.90914916992188,1,0.0,0.0,303.608154296875,1,0,0.0,0.0,32200.083984375,10658.48828125,20223.16015625,0.0,0.0,30881.6484375,0.0,0.0,0.0,0.0,0.0,0.0,0.0,0.0,0.0,0.0,0.0,0.0,0.0,0.0,0.0,0.0,0.0,0.0,0.0,0.0,0.0,0.0,0.0,0.0,0.0,0.0,0.0,0.0,0.0,0.0,0.0,0.0,0.0,0.0,0.0,0.0,0.0,0.0,0.0,0.0,0.0,0.0,0.0,0.0,0.0,0.0,0.0,0.0,0.0,0.0,0.0,0.0,0.0,0.0,0.0,0.0,0.0,0.0,0.0,0.0,0.0,0.0,0.0,0.0,0.0,0.0,0.0,0.0,0.0,0.0,0.0,0.0,0.0,0.0,0.0,0.0,0.0,0.0,0.0,0.0,0.0,0.0,0.0,0.0,0.0,0.0,32200.083984375,30881.6484375,0.0,0.0,0.0,0.0,0.0,0.0,0.0,0.0,TX
7725370,TX,4818,248.1461181640625,2,0.0,0.0,0.0,2,0,0.0,0.0,70946.15625,26264.705078125,20223.16015625,0.0,0.0,46487.865234375,0.0,0.0,0.0,0.0,0.0,0.0,0.0,0.0,0.0,0.0,0.0,0.0,0.0,0.0,0.0,0.0,0.0,0.0,0.0,0.0,0.0,0.0,0.0,0.0,0.0,0.0,0.0,0.0,0.0,0.0,0.0,0.0,0.0,0.0,0.0,0.0,0.0,0.0,0.0,0.0,0.0,0.0,0.0,0.0,0.0,0.0,0.0,0.0,0.0,0.0,0.0,0.0,0.0,0.0,0.0,0.0,0.0,0.0,0.0,0.0,0.0,0.0,0.0,0.0,0.0,0.0,0.0,0.0,0.0,0.0,0.0,0.0,0.0,0.0,0.0,0.0,0.0,0.0,0.0,0.0,0.0,0.0,0.0,0.0,0.0,0.0,70946.15625,46487.865234375,0.0,0.0,0.0,0.0,0.0,0.0,0.0,0.0,TX
7725371,TX,4818,0.4461105167865753,1,0.0,132927.25,178133.90625,1,0,29799.19921875,0.0,163744.65625,0.0,0.0,0.0,0.0,0.0,-131.0,0.0,131.0,0.0,-228.0,0.0,228.0,0.0,0.0,0.0,0.0,0.0,0.0,0.0,0.0,0.0,0.0,0.0,0.0,0.0,0.0,0.0,0.0,0.0,0.0,0.0,0.0,0.0,0.0,0.0,0.0,0.0,0.0,0.0,0.0,0.0,0.0,0.0,0.0,0.0,0.0,0.0,0.0,0.0,0.0,0.0,0.0,0.0,0.0,0.0,0.0,0.0,-711.671875,0.0,711.65625,0.0,0.0,0.0,0.0,0.0,0.0,0.0,0.0,0.0,0.0,0.0,0.0,0.0,0.0,0.0,0.0,0.0,0.0,0.0,0.0,0.0,0.0,0.0,0.0,0.0,0.0,0.0,0.0,0.0,28728.52734375,0.0,164815.3125,0.0,-1070.671875,0.0,1070.65625,0.0,-3.5929551903069963,0.0,0.6538572311401367,0.0,TX
7725372,TX,4818,1.9075475931167603,1,0.0,0.0,0.0,1,0,0.0,0.0,0.0,0.0,0.0,0.0,0.0,0.0,0.0,0.0,0.0,0.0,0.0,0.0,0.0,0.0,0.0,0.0,0.0,0.0,0.0,0.0,0.0,0.0,0.0,0.0,0.0,0.0,0.0,0.0,0.0,0.0,0.0,0.0,0.0,0.0,0.0,0.0,0.0,0.0,0.0,0.0,0.0,0.0,0.0,0.0,0.0,0.0,0.0,0.0,0.0,0.0,0.0,0.0,0.0,0.0,0.0,0.0,0.0,0.0,0.0,0.0,0.0,0.0,0.0,0.0,0.0,0.0,0.0,0.0,0.0,0.0,0.0,0.0,0.0,0.0,0.0,0.0,0.0,0.0,0.0,0.0,0.0,0.0,0.0,0.0,0.0,0.0,0.0,0.0,0.0,0.0,0.0,0.0,0.0,0.0,0.0,0.0,0.0,0.0,0.0,0.0,0.0,0.0,TX
7725373,TX,4818,145.86129760742188,3,2.0,0.0,0.0,3,0,0.0,0.0,42716.921875,14218.7421875,28498.1806640625,0.0,0.0,42716.9228515625,0.0,0.0,0.0,0.0,0.0,0.0,0.0,0.0,0.0,0.0,0.0,0.0,0.0,0.0,0.0,0.0,0.0,0.0,0.0,0.0,0.0,0.0,0.0,0.0,0.0,0.0,0.0,0.0,0.0,0.0,0.0,0.0,0.0,0.0,0.0,0.0,0.0,0.0,0.0,0.0,0.0,0.0,0.0,0.0,0.0,0.0,0.0,0.0,0.0,0.0,0.0,0.0,0.0,0.0,0.0,0.0,0.0,0.0,0.0,0.0,0.0,0.0,0.0,0.0,0.0,0.0,0.0,0.0,0.0,0.0,0.0,0.0,0.0,0.0,0.0,0.0,0.0,0.0,0.0,0.0,0.0,0.0,0.0,0.0,0.0,0.0,42716.921875,42716.9228515625,0.0,0.0,0.0,0.0,0.0,0.0,0.0,0.0,TX
7725374,TX,4818,0.10334473848342896,3,1.0,300012.4150390625,290720.8125,3,0,45988.99609375,0.0,241878.90625,0.0,0.0,0.0,0.0,0.0,-292.0,0.0,292.0,0.0,-456.0,0.0,456.0,0.0,0.0,0.0,0.0,0.0,0.0,0.0,0.0,0.0,-200.0,0.0,200.0,0.0,0.0,0.0,0.0,0.0,0.0,0.0,0.0,0.0,0.0,0.0,0.0,0.0,0.0,0.0,0.0,0.0,0.0,0.0,0.0,0.0,0.0,0.0,0.0,0.0,0.0,0.0,0.0,0.0,0.0,0.0,0.0,0.0,0.0,0.0,0.0,0.0,0.0,0.0,0.0,0.0,0.0,0.0,0.0,0.0,0.0,0.0,0.0,0.0,0.0,0.0,0.0,0.0,0.0,0.0,0.0,0.0,0.0,0.0,0.0,0.0,0.0,0.0,0.0,0.0,45040.99609375,0.0,242826.90625,0.0,-948.0,0.0,948.0,0.0,-2.061362674817847,0.0,0.3919316530227661,0.0,TX
7725375,TX,4818,0.17553165555000305,3,1.0,409289.21875,423793.875,3,0,79631.1796875,0.0,377627.1875,0.0,0.0,0.0,0.0,0.0,-292.0,0.0,292.0,0.0,-456.0,0.0,456.0,0.0,0.0,0.0,0.0,0.0,0.0,0.0,0.0,0.0,-200.0,0.0,200.0,0.0,0.0,0.0,0.0,0.0,0.0,0.0,0.0,0.0,0.0,0.0,0.0,0.0,0.0,0.0,0.0,0.0,0.0,0.0,0.0,0.0,-113.0859375,0.0,113.0625,0.0,0.0,0.0,0.0,0.0,0.0,0.0,0.0,0.0,0.0,0.0,0.0,0.0,0.0,0.0,0.0,0.0,0.0,0.0,0.0,0.0,0.0,0.0,0.0,0.0,0.0,0.0,0.0,0.0,0.0,0.0,0.0,0.0,0.0,0.0,0.0,0.0,0.0,0.0,0.0,0.0,78570.09375,0.0,378688.25,0.0,-1061.0859375,0.0,1061.0625,0.0,-1.332500587915518,0.0,0.28098148107528687,0.0,TX
7725376,TX,4818,206.6380157470703,2,0.0,3579.586669921875,3591.99560546875,2,0,0.0,0.0,96736.171875,45592.25,0.0,0.0,0.0,45592.25,0.0,0.0,0.0,0.0,0.0,0.0,0.0,0.0,0.0,0.0,0.0,0.0,0.0,0.0,0.0,0.0,0.0,0.0,0.0,0.0,0.0,0.0,0.0,0.0,0.0,0.0,0.0,0.0,0.0,0.0,0.0,0.0,0.0,0.0,0.0,0.0,0.0,0.0,0.0,0.0,0.0,0.0,0.0,0.0,0.0,0.0,0.0,0.0,0.0,0.0,0.0,0.0,0.0,0.0,0.0,0.0,0.0,0.0,0.0,0.0,0.0,0.0,0.0,0.0,0.0,0.0,0.0,0.0,0.0,0.0,0.0,0.0,0.0,0.0,0.0,0.0,0.0,0.0,0.0,0.0,0.0,0.0,0.0,0.0,0.0,0.0,96736.171875,45592.25,0.0,0.0,0.0,0.0,0.0,0.0,0.0,0.0,TX
7725377,TX,4818,6.577178478240967,1,0.0,0.0,523.6620483398438,1,0,0.0,0.0,1100.09130859375,330.0,0.0,0.0,0.0,330.0,0.0,0.0,0.0,0.0,0.0,0.0,0.0,0.0,0.0,0.0,0.0,0.0,0.0,0.0,0.0,0.0,0.0,0.0,0.0,0.0,0.0,0.0,0.0,0.0,0.0,0.0,0.0,0.0,0.0,0.0,0.0,0.0,0.0,0.0,0.0,0.0,0.0,0.0,0.0,0.0,0.0,0.0,0.0,0.0,0.0,0.0,0.0,0.0,0.0,0.0,0.0,0.0,0.0,0.0,0.0,0.0,0.0,0.0,0.0,0.0,0.0,0.0,0.0,0.0,0.0,0.0,0.0,0.0,0.0,0.0,0.0,0.0,0.0,0.0,0.0,0.0,0.0,0.0,0.0,0.0,0.0,0.0,0.0,0.0,0.0,0.0,1100.09130859375,330.0,0.0,0.0,0.0,0.0,0.0,0.0,0.0,0.0,TX
7725378,TX,4818,106.79407501220703,3,0.0,40418.505859375,40419.333984375,3,0,10.6884765625,0.0,57540.1796875,0.0,20223.16015625,0.0,0.0,20223.16015625,0.0,0.0,0.0,0.0,-10.6884765625,0.0,10.6875,0.0,0.0,0.0,0.0,0.0,0.0,0.0,0.0,0.0,0.0,0.0,0.0,0.0,0.0,0.0,0.0,0.0,0.0,0.0,0.0,0.0,0.0,0.0,0.0,0.0,0.0,0.0,0.0,0.0,0.0,0.0,0.0,0.0,0.0,0.0,0.0,0.0,0.0,0.0,0.0,0.0,0.0,0.0,0.0,0.0,0.0,0.0,0.0,0.0,0.0,0.0,0.0,0.0,0.0,0.0,0.0,0.0,0.0,0.0,0.0,0.0,0.0,0.0,0.0,0.0,0.0,0.0,0.0,0.0,0.0,0.0,0.0,0.0,0.0,0.0,0.0,0.0,0.0,0.0,57550.8671875,20223.16015625,-10.6884765625,0.0,10.6875,0.0,-100.0,0.0,0.018573977053165436,0.0,TX
7725379,TX,4818,66.74848937988281,1,0.0,0.0,0.0,1,0,0.0,0.0,59380.01171875,29690.005859375,0.0,0.0,0.0,29690.005859375,0.0,0.0,0.0,0.0,0.0,0.0,0.0,0.0,0.0,0.0,0.0,0.0,0.0,0.0,0.0,0.0,0.0,0.0,0.0,0.0,0.0,0.0,0.0,0.0,0.0,0.0,0.0,0.0,0.0,0.0,0.0,0.0,0.0,0.0,0.0,0.0,0.0,0.0,0.0,0.0,0.0,0.0,0.0,0.0,0.0,0.0,0.0,0.0,0.0,0.0,0.0,0.0,0.0,0.0,0.0,0.0,0.0,0.0,0.0,0.0,0.0,0.0,0.0,0.0,0.0,0.0,0.0,0.0,0.0,0.0,0.0,0.0,0.0,0.0,0.0,0.0,0.0,0.0,0.0,0.0,0.0,0.0,0.0,0.0,0.0,0.0,59380.01171875,29690.005859375,0.0,0.0,0.0,0.0,0.0,0.0,0.0,0.0,TX
7725380,TX,4818,8.763494491577148,1,0.0,0.0,0.8272702097892761,1,0,0.0,0.0,31987.326171875,16761.806640625,0.0,0.0,0.0,16761.806640625,0.0,0.0,0.0,0.0,0.0,0.0,0.0,0.0,0.0,0.0,0.0,0.0,0.0,0.0,0.0,0.0,0.0,0.0,0.0,0.0,0.0,0.0,0.0,0.0,0.0,0.0,0.0,0.0,0.0,0.0,0.0,0.0,0.0,0.0,0.0,0.0,0.0,0.0,0.0,0.0,0.0,0.0,0.0,0.0,0.0,0.0,0.0,0.0,0.0,0.0,0.0,0.0,0.0,0.0,0.0,0.0,0.0,0.0,0.0,0.0,0.0,0.0,0.0,0.0,0.0,0.0,0.0,0.0,0.0,0.0,0.0,0.0,0.0,0.0,0.0,0.0,0.0,0.0,0.0,0.0,0.0,0.0,0.0,0.0,0.0,0.0,31987.326171875,16761.806640625,0.0,0.0,0.0,0.0,0.0,0.0,0.0,0.0,TX
7725381,TX,4818,102.24530029296875,2,0.0,0.0,0.0,2,0,0.0,0.0,88718.078125,37537.5859375,0.0,13642.908203125,0.0,51180.494140625,0.0,0.0,0.0,0.0,0.0,0.0,0.0,0.0,0.0,0.0,0.0,0.0,0.0,0.0,0.0,0.0,0.0,0.0,0.0,0.0,0.0,0.0,0.0,0.0,0.0,0.0,0.0,0.0,0.0,0.0,0.0,0.0,0.0,0.0,0.0,0.0,0.0,0.0,0.0,0.0,0.0,0.0,0.0,0.0,0.0,0.0,0.0,0.0,0.0,0.0,0.0,0.0,0.0,0.0,0.0,0.0,0.0,0.0,0.0,0.0,0.0,0.0,0.0,0.0,0.0,0.0,0.0,0.0,0.0,0.0,0.0,0.0,0.0,0.0,0.0,0.0,0.0,0.0,0.0,0.0,0.0,0.0,0.0,0.0,0.0,0.0,88718.078125,51180.494140625,0.0,0.0,0.0,0.0,0.0,0.0,0.0,0.0,TX
7725382,TX,4818,0.3179183900356293,4,2.0,240056.0546875,247542.84375,4,0,33626.28125,0.0,208731.46875,0.0,0.0,0.0,0.0,0.0,-292.0,0.0,292.0,0.0,-456.0,0.0,456.0,0.0,0.0,0.0,0.0,0.0,0.0,0.0,0.0,0.0,-400.0,0.0,400.0,0.0,0.0,0.0,0.0,0.0,0.0,0.0,0.0,0.0,0.0,0.0,0.0,0.0,0.0,0.0,0.0,0.0,0.0,0.0,0.0,0.0,0.0,0.0,0.0,0.0,0.0,0.0,0.0,0.0,0.0,0.0,0.0,0.0,0.0,0.0,0.0,0.0,0.0,0.0,0.0,0.0,0.0,0.0,0.0,0.0,0.0,0.0,0.0,0.0,0.0,0.0,0.0,0.0,0.0,0.0,0.0,0.0,0.0,0.0,0.0,0.0,0.0,0.0,0.0,0.0,32478.28125,0.0,209879.46875,0.0,-1148.0,0.0,1148.0,0.0,-3.413996306832175,0.0,0.5499889850616455,0.0,TX
7725383,TX,4818,0.2300843596458435,3,1.0,139374.15625,138574.3203125,3,0,9308.5830078125,0.0,119549.4375,0.0,0.0,0.0,0.0,0.0,-122.0,0.0,122.0,0.0,-209.0,0.0,209.0,0.0,0.0,0.0,0.0,0.0,0.0,0.0,0.0,0.0,-200.0,0.0,200.0,0.0,0.0,0.0,0.0,0.0,0.0,0.0,0.0,0.0,0.0,0.0,0.0,0.0,0.0,0.0,0.0,0.0,0.0,0.0,0.0,0.0,-220.0,0.0,220.0,0.0,0.0,0.0,0.0,0.0,0.0,0.0,0.0,0.0,-373.642578125,0.0,373.640625,0.0,0.0,0.0,0.0,0.0,0.0,0.0,0.0,0.0,0.0,0.0,0.0,0.0,-269.316650390625,0.0,269.3125,0.0,0.0,0.0,0.0,0.0,0.0,0.0,0.0,0.0,0.0,0.0,0.0,0.0,7914.623779296875,0.0,120943.390625,0.0,-1393.959228515625,0.0,1393.953125,0.0,-14.974988431060925,0.0,1.1660056114196777,0.0,TX
7725384,TX,4818,0.46688878536224365,4,1.0,148287.09375,158888.78125,4,0,15648.900390625,0.0,138500.265625,0.0,0.0,0.0,0.0,0.0,-230.0,0.0,230.0,0.0,-417.998046875,0.0,418.0,0.0,0.0,0.0,0.0,0.0,0.0,0.0,0.0,0.0,-200.0,0.0,200.0,0.0,0.0,0.0,0.0,0.0,0.0,0.0,0.0,0.0,0.0,0.0,0.0,0.0,0.0,0.0,0.0,0.0,0.0,0.0,0.0,0.0,0.0,0.0,0.0,0.0,0.0,0.0,0.0,0.0,0.0,0.0,0.0,0.0,-703.267578125,0.0,703.265625,0.0,0.0,0.0,0.0,0.0,0.0,0.0,0.0,0.0,0.0,0.0,0.0,0.0,-784.7099609375,0.0,784.703125,0.0,0.0,0.0,0.0,0.0,0.0,0.0,0.0,0.0,0.0,0.0,0.0,0.0,13312.9248046875,0.0,140836.234375,0.0,-2335.9755859375,0.0,2335.96875,0.0,-14.927410409851829,0.0,1.6866167783737183,0.0,TX
7725385,TX,4818,181.6912384033203,3,0.0,50817.53515625,50825.80859375,3,0,16.309667587280273,0.0,87426.203125,0.0,40446.3203125,0.0,0.0,40446.3203125,0.0,0.0,0.0,0.0,-16.309667587280273,0.0,16.3046875,0.0,0.0,0.0,0.0,0.0,0.0,0.0,0.0,0.0,0.0,0.0,0.0,0.0,0.0,0.0,0.0,0.0,0.0,0.0,0.0,0.0,0.0,0.0,0.0,0.0,0.0,0.0,0.0,0.0,0.0,0.0,0.0,0.0,0.0,0.0,0.0,0.0,0.0,0.0,0.0,0.0,0.0,0.0,0.0,0.0,0.0,0.0,0.0,0.0,0.0,0.0,0.0,0.0,0.0,0.0,0.0,0.0,0.0,0.0,0.0,0.0,0.0,0.0,0.0,0.0,0.0,0.0,0.0,0.0,0.0,0.0,0.0,0.0,0.0,0.0,0.0,0.0,0.0,0.0,87442.5078125,40446.3203125,-16.309667587280273,0.0,16.3046875,0.0,-100.0,0.0,0.01864965818822384,0.0,TX
7725386,TX,4818,0.23559610545635223,4,2.0,658771.21875,683049.0,4,0,166247.28125,0.0,533943.9375,0.0,0.0,0.0,0.0,0.0,-749.0,0.0,749.0,0.0,-665.0,0.0,665.0,0.0,0.0,0.0,0.0,0.0,0.0,0.0,0.0,0.0,0.0,0.0,0.0,0.0,0.0,0.0,0.0,0.0,0.0,0.0,0.0,0.0,0.0,0.0,0.0,0.0,0.0,0.0,0.0,0.0,0.0,0.0,0.0,0.0,-138.140625,0.0,138.1875,0.0,0.0,0.0,0.0,0.0,0.0,0.0,0.0,0.0,0.0,0.0,0.0,0.0,0.0,0.0,0.0,0.0,0.0,0.0,0.0,0.0,0.0,0.0,0.0,0.0,0.0,0.0,0.0,0.0,0.0,0.0,0.0,0.0,0.0,0.0,0.0,0.0,0.0,0.0,0.0,0.0,164695.140625,0.0,535496.125,0.0,-1552.140625,0.0,1552.1875,0.0,-0.9336336891223598,0.0,0.29070234298706055,0.0,TX
7725387,TX,4818,0.14606839418411255,5,3.0,207606.3125,208432.40625,4,1,21901.970703125,0.0,196789.265625,0.0,0.0,0.0,0.0,0.0,-230.0,0.0,230.0,0.0,0.0,0.0,0.0,0.0,0.0,0.0,0.0,0.0,0.0,0.0,0.0,0.0,-600.0,0.0,600.0,0.0,0.0,0.0,0.0,0.0,0.0,0.0,0.0,0.0,0.0,0.0,0.0,0.0,0.0,0.0,0.0,0.0,0.0,0.0,0.0,0.0,0.0,0.0,0.0,0.0,0.0,0.0,0.0,0.0,0.0,0.0,0.0,0.0,0.0,0.0,0.0,0.0,0.0,0.0,0.0,0.0,0.0,0.0,0.0,0.0,0.0,0.0,0.0,0.0,0.0,0.0,0.0,0.0,0.0,0.0,0.0,0.0,0.0,0.0,0.0,0.0,0.0,0.0,0.0,0.0,21071.970703125,0.0,197619.265625,0.0,-830.0,0.0,830.0,0.0,-3.789613324072133,0.0,0.42177098989486694,0.0,TX
7725388,TX,4818,0.14977021515369415,2,0.0,105280.171875,105794.734375,2,0,8375.3681640625,0.0,92342.390625,0.0,0.0,0.0,0.0,0.0,-10.0,0.0,10.0,0.0,-228.0,0.0,228.0,0.0,0.0,0.0,0.0,0.0,0.0,0.0,0.0,0.0,0.0,0.0,0.0,0.0,0.0,0.0,0.0,0.0,0.0,0.0,0.0,0.0,0.0,0.0,0.0,0.0,0.0,0.0,0.0,0.0,0.0,0.0,0.0,0.0,-240.0,0.0,240.0,0.0,0.0,0.0,0.0,0.0,0.0,0.0,0.0,0.0,0.0,0.0,0.0,0.0,0.0,0.0,0.0,0.0,0.0,0.0,0.0,0.0,-720.0,0.0,720.0,0.0,0.0,0.0,0.0,0.0,0.0,0.0,0.0,0.0,0.0,0.0,0.0,0.0,0.0,0.0,0.0,0.0,7177.3681640625,0.0,93540.390625,0.0,-1198.0,0.0,1198.0,0.0,-14.303848816347509,0.0,1.2973456382751465,0.0,TX
7725389,TX,4818,97.52792358398438,3,1.0,29036.283203125,29037.939453125,1,2,0.0,0.0,44862.265625,1460.9622802734375,4137.51025390625,12446.349609375,0.0,18044.822143554688,0.0,0.0,0.0,0.0,0.0,0.0,0.0,0.0,0.0,0.0,0.0,0.0,0.0,0.0,0.0,0.0,0.0,0.0,0.0,0.0,0.0,0.0,0.0,0.0,0.0,0.0,0.0,0.0,0.0,0.0,0.0,0.0,0.0,0.0,0.0,0.0,0.0,0.0,0.0,0.0,0.0,0.0,0.0,0.0,0.0,0.0,0.0,0.0,0.0,0.0,0.0,0.0,0.0,0.0,0.0,0.0,0.0,0.0,0.0,0.0,0.0,0.0,0.0,0.0,0.0,0.0,0.0,0.0,0.0,0.0,0.0,0.0,0.0,0.0,0.0,0.0,0.0,0.0,0.0,0.0,0.0,0.0,0.0,0.0,0.0,0.0,44862.265625,18044.822143554688,0.0,0.0,0.0,0.0,0.0,0.0,0.0,0.0,TX
7725390,TX,4818,10.686002731323242,1,0.0,10235.0908203125,10235.0908203125,1,0,0.0,0.0,9902.3681640625,0.0,0.0,0.0,0.0,0.0,0.0,0.0,0.0,0.0,0.0,0.0,0.0,0.0,0.0,0.0,0.0,0.0,0.0,0.0,0.0,0.0,0.0,0.0,0.0,0.0,0.0,0.0,0.0,0.0,0.0,0.0,0.0,0.0,0.0,0.0,0.0,0.0,0.0,0.0,0.0,0.0,0.0,0.0,0.0,0.0,0.0,0.0,0.0,0.0,0.0,0.0,0.0,0.0,0.0,0.0,0.0,0.0,0.0,0.0,0.0,0.0,0.0,0.0,0.0,0.0,0.0,0.0,0.0,0.0,0.0,0.0,0.0,0.0,0.0,0.0,0.0,0.0,0.0,0.0,0.0,0.0,0.0,0.0,0.0,0.0,0.0,0.0,0.0,0.0,0.0,0.0,9902.3681640625,0.0,0.0,0.0,0.0,0.0,0.0,0.0,0.0,0.0,TX
7725391,TX,4818,0.34611600637435913,2,0.0,19204.357421875,19618.819793701172,2,0,405.43572998046875,0.0,18479.607421875,0.0,0.0,0.0,0.0,0.0,0.0,0.0,0.0,0.0,-95.0,0.0,95.0,0.0,0.0,0.0,0.0,0.0,0.0,0.0,0.0,0.0,0.0,0.0,0.0,0.0,0.0,0.0,0.0,0.0,0.0,0.0,0.0,0.0,0.0,0.0,0.0,0.0,0.0,0.0,0.0,0.0,0.0,0.0,0.0,0.0,0.0,0.0,0.0,0.0,0.0,0.0,0.0,0.0,0.0,0.0,0.0,0.0,0.0,0.0,0.0,0.0,0.0,0.0,0.0,0.0,0.0,0.0,0.0,0.0,0.0,0.0,0.0,0.0,-40.5325927734375,0.0,40.53125,0.0,0.0,0.0,0.0,0.0,0.0,0.0,0.0,0.0,0.0,0.0,0.0,0.0,269.90313720703125,0.0,18615.138671875,0.0,-135.5325927734375,0.0,135.53125,0.0,-33.42887238378487,0.0,0.7334097623825073,0.0,TX
7725392,TX,4818,0.5765653252601624,1,0.0,1150194.875,1195235.25,1,0,393771.5625,0.0,790362.875,0.0,0.0,0.0,0.0,0.0,-350.25,0.0,350.25,0.0,-351.5,0.0,351.5,0.0,0.0,0.0,0.0,0.0,0.0,0.0,0.0,0.0,0.0,0.0,0.0,0.0,0.0,0.0,0.0,0.0,-1850.0,0.0,1850.0,0.0,0.0,0.0,0.0,0.0,0.0,0.0,0.0,0.0,0.0,0.0,0.0,0.0,0.0,0.0,0.0,0.0,0.0,0.0,0.0,0.0,0.0,0.0,0.0,0.0,0.0,0.0,0.0,0.0,0.0,0.0,0.0,0.0,0.0,0.0,0.0,0.0,0.0,0.0,0.0,0.0,0.0,0.0,0.0,0.0,0.0,0.0,0.0,0.0,0.0,0.0,0.0,0.0,0.0,0.0,0.0,0.0,391219.8125,0.0,792914.625,0.0,-2551.75,0.0,2551.75,0.0,-0.6480280048156093,0.0,0.3228580355644226,0.0,TX
7725393,TX,4818,0.10593281686306,4,1.0,3693.415283203125,26170.745361328125,3,1,586.1863403320312,0.0,60264.34375,26714.94140625,9956.07568359375,0.0,0.0,36671.01708984375,0.0,0.0,0.0,0.0,-76.0,0.0,76.0,0.0,0.0,0.0,0.0,0.0,0.0,0.0,0.0,0.0,0.0,0.0,0.0,0.0,0.0,0.0,0.0,0.0,-372.4533386230469,0.0,372.453125,0.0,0.0,0.0,0.0,0.0,0.0,0.0,0.0,0.0,0.0,0.0,0.0,0.0,0.0,0.0,0.0,0.0,0.0,0.0,0.0,0.0,0.0,0.0,0.0,0.0,0.0,0.0,0.0,0.0,0.0,0.0,0.0,0.0,0.0,0.0,0.0,0.0,0.0,0.0,0.0,0.0,0.0,0.0,0.0,0.0,0.0,0.0,0.0,0.0,0.0,0.0,0.0,0.0,0.0,0.0,0.0,0.0,137.73300170898438,0.0,60712.796875,36671.01708984375,-448.4533386230469,0.0,448.453125,0.0,-76.50354635848922,0.0,0.7441433668136597,0.0,TX
7725394,TX,4818,0.32500946521759033,3,1.0,170542.89453125,170552.8125,3,0,18509.619140625,0.0,146160.5,0.0,0.0,0.0,0.0,0.0,-230.0,0.0,230.0,0.0,-418.0,0.0,418.0,0.0,0.0,0.0,0.0,0.0,0.0,0.0,0.0,0.0,-200.0,0.0,200.0,0.0,0.0,0.0,0.0,0.0,0.0,0.0,0.0,0.0,0.0,0.0,0.0,0.0,0.0,0.0,0.0,0.0,0.0,0.0,0.0,0.0,-4.4453125,0.0,4.453125,0.0,0.0,0.0,0.0,0.0,0.0,0.0,0.0,0.0,0.0,0.0,0.0,0.0,0.0,0.0,0.0,0.0,-4118.8173828125,0.0,4118.8125,0.0,0.0,0.0,0.0,0.0,-676.7548828125,0.0,676.765625,0.0,0.0,0.0,0.0,0.0,0.0,0.0,0.0,0.0,0.0,0.0,0.0,0.0,12861.6015625,0.0,151808.53125,0.0,-5648.017578125,0.0,5648.03125,0.0,-30.513958905446653,0.0,3.8642663955688477,0.0,TX
7725395,TX,4818,13.202346801757812,1,0.0,0.0,12.409052848815918,1,0,0.0,0.0,18.248607635498047,0.0,0.0,0.0,0.0,0.0,0.0,0.0,0.0,0.0,0.0,0.0,0.0,0.0,0.0,0.0,0.0,0.0,0.0,0.0,0.0,0.0,0.0,0.0,0.0,0.0,0.0,0.0,0.0,0.0,0.0,0.0,0.0,0.0,0.0,0.0,0.0,0.0,0.0,0.0,0.0,0.0,0.0,0.0,0.0,0.0,0.0,0.0,0.0,0.0,0.0,0.0,0.0,0.0,0.0,0.0,0.0,0.0,0.0,0.0,0.0,0.0,0.0,0.0,0.0,0.0,0.0,0.0,0.0,0.0,0.0,0.0,0.0,0.0,0.0,0.0,0.0,0.0,0.0,0.0,0.0,0.0,0.0,0.0,0.0,0.0,0.0,0.0,0.0,0.0,0.0,0.0,18.248607635498047,0.0,0.0,0.0,0.0,0.0,0.0,0.0,0.0,0.0,TX
7725396,TX,4818,158.09353637695312,1,0.0,11418.0205078125,11418.0205078125,1,0,0.0,0.0,13499.5361328125,1829.3399658203125,0.0,0.0,0.0,1829.3399658203125,0.0,0.0,0.0,0.0,0.0,0.0,0.0,0.0,0.0,0.0,0.0,0.0,0.0,0.0,0.0,0.0,0.0,0.0,0.0,0.0,0.0,0.0,0.0,0.0,0.0,0.0,0.0,0.0,0.0,0.0,0.0,0.0,0.0,0.0,0.0,0.0,0.0,0.0,0.0,0.0,0.0,0.0,0.0,0.0,0.0,0.0,0.0,0.0,0.0,0.0,0.0,0.0,0.0,0.0,0.0,0.0,0.0,0.0,0.0,0.0,0.0,0.0,0.0,0.0,0.0,0.0,0.0,0.0,0.0,0.0,0.0,0.0,0.0,0.0,0.0,0.0,0.0,0.0,0.0,0.0,0.0,0.0,0.0,0.0,0.0,0.0,13499.5361328125,1829.3399658203125,0.0,0.0,0.0,0.0,0.0,0.0,0.0,0.0,TX
7725397,TX,4818,158.0995635986328,2,0.0,0.0,166.28131073713303,2,0,0.0,0.0,100226.78125,50007.3359375,0.0,0.0,0.0,50007.3359375,0.0,0.0,0.0,0.0,0.0,0.0,0.0,0.0,0.0,0.0,0.0,0.0,0.0,0.0,0.0,0.0,0.0,0.0,0.0,0.0,0.0,0.0,0.0,0.0,0.0,0.0,0.0,0.0,0.0,0.0,0.0,0.0,0.0,0.0,0.0,0.0,0.0,0.0,0.0,0.0,0.0,0.0,0.0,0.0,0.0,0.0,0.0,0.0,0.0,0.0,0.0,0.0,0.0,0.0,0.0,0.0,0.0,0.0,0.0,0.0,0.0,0.0,0.0,0.0,0.0,0.0,0.0,0.0,0.0,0.0,0.0,0.0,0.0,0.0,0.0,0.0,0.0,0.0,0.0,0.0,0.0,0.0,0.0,0.0,0.0,0.0,100226.78125,50007.3359375,0.0,0.0,0.0,0.0,0.0,0.0,0.0,0.0,TX
7725398,TX,4818,178.0481719970703,2,0.0,31359.185546875,31359.185546875,1,1,0.0,0.0,68387.859375,1587.021484375,20223.16015625,17617.47265625,0.0,39427.654296875,0.0,0.0,0.0,0.0,0.0,0.0,0.0,0.0,0.0,0.0,0.0,0.0,0.0,0.0,0.0,0.0,0.0,0.0,0.0,0.0,0.0,0.0,0.0,0.0,0.0,0.0,0.0,0.0,0.0,0.0,0.0,0.0,0.0,0.0,0.0,0.0,0.0,0.0,0.0,0.0,0.0,0.0,0.0,0.0,0.0,0.0,0.0,0.0,0.0,0.0,0.0,0.0,0.0,0.0,0.0,0.0,0.0,0.0,0.0,0.0,0.0,0.0,0.0,0.0,0.0,0.0,0.0,0.0,0.0,0.0,0.0,0.0,0.0,0.0,0.0,0.0,0.0,0.0,0.0,0.0,0.0,0.0,0.0,0.0,0.0,0.0,68387.859375,39427.654296875,0.0,0.0,0.0,0.0,0.0,0.0,0.0,0.0,TX
7725399,TX,4818,414.8846435546875,3,2.0,0.0,324.2899169921875,3,0,0.0,0.0,68135.1796875,32701.49609375,8275.0205078125,0.0,0.0,40976.5166015625,0.0,0.0,0.0,0.0,0.0,0.0,0.0,0.0,0.0,0.0,0.0,0.0,0.0,0.0,0.0,0.0,0.0,0.0,0.0,0.0,0.0,0.0,0.0,0.0,0.0,0.0,0.0,0.0,0.0,0.0,0.0,0.0,0.0,0.0,0.0,0.0,0.0,0.0,0.0,0.0,0.0,0.0,0.0,0.0,0.0,0.0,0.0,0.0,0.0,0.0,0.0,0.0,0.0,0.0,0.0,0.0,0.0,0.0,0.0,0.0,0.0,0.0,0.0,0.0,0.0,0.0,0.0,0.0,0.0,0.0,0.0,0.0,0.0,0.0,0.0,0.0,0.0,0.0,0.0,0.0,0.0,0.0,0.0,0.0,0.0,0.0,68135.1796875,40976.5166015625,0.0,0.0,0.0,0.0,0.0,0.0,0.0,0.0,TX
7725400,TX,4818,317.4453125,1,0.0,0.0,165.45404052734375,1,0,0.0,0.0,24062.515625,3596.039794921875,20223.16015625,0.0,0.0,23819.199951171875,0.0,0.0,0.0,0.0,0.0,0.0,0.0,0.0,0.0,0.0,0.0,0.0,0.0,0.0,0.0,0.0,0.0,0.0,0.0,0.0,0.0,0.0,0.0,0.0,0.0,0.0,0.0,0.0,0.0,0.0,0.0,0.0,0.0,0.0,0.0,0.0,0.0,0.0,0.0,0.0,0.0,0.0,0.0,0.0,0.0,0.0,0.0,0.0,0.0,0.0,0.0,0.0,0.0,0.0,0.0,0.0,0.0,0.0,0.0,0.0,0.0,0.0,0.0,0.0,0.0,0.0,0.0,0.0,0.0,0.0,0.0,0.0,0.0,0.0,0.0,0.0,0.0,0.0,0.0,0.0,0.0,0.0,0.0,0.0,0.0,0.0,24062.515625,23819.199951171875,0.0,0.0,0.0,0.0,0.0,0.0,0.0,0.0,TX
7725401,TX,4818,0.4236738681793213,1,0.0,0.0,0.0,1,0,0.0,0.0,69708.296875,34854.1484375,0.0,0.0,0.0,34854.1484375,0.0,0.0,0.0,0.0,0.0,0.0,0.0,0.0,0.0,0.0,0.0,0.0,0.0,0.0,0.0,0.0,0.0,0.0,0.0,0.0,0.0,0.0,0.0,0.0,0.0,0.0,0.0,0.0,0.0,0.0,0.0,0.0,0.0,0.0,0.0,0.0,0.0,0.0,0.0,0.0,0.0,0.0,0.0,0.0,0.0,0.0,0.0,0.0,0.0,0.0,0.0,0.0,0.0,0.0,0.0,0.0,0.0,0.0,0.0,0.0,0.0,0.0,0.0,0.0,0.0,0.0,0.0,0.0,0.0,0.0,0.0,0.0,0.0,0.0,0.0,0.0,0.0,0.0,0.0,0.0,0.0,0.0,0.0,0.0,0.0,0.0,69708.296875,34854.1484375,0.0,0.0,0.0,0.0,0.0,0.0,0.0,0.0,TX
7725402,TX,4818,201.38287353515625,2,0.0,0.0,1.2040952444076538,2,0,0.0,0.0,124960.4140625,62780.62890625,0.0,0.0,0.0,62780.62890625,0.0,0.0,0.0,0.0,0.0,0.0,0.0,0.0,0.0,0.0,0.0,0.0,0.0,0.0,0.0,0.0,0.0,0.0,0.0,0.0,0.0,0.0,0.0,0.0,0.0,0.0,0.0,0.0,0.0,0.0,0.0,0.0,0.0,0.0,0.0,0.0,0.0,0.0,0.0,0.0,0.0,0.0,0.0,0.0,0.0,0.0,0.0,0.0,0.0,0.0,0.0,0.0,0.0,0.0,0.0,0.0,0.0,0.0,0.0,0.0,0.0,0.0,0.0,0.0,0.0,0.0,0.0,0.0,0.0,0.0,0.0,0.0,0.0,0.0,0.0,0.0,0.0,0.0,0.0,0.0,0.0,0.0,0.0,0.0,0.0,0.0,124960.4140625,62780.62890625,0.0,0.0,0.0,0.0,0.0,0.0,0.0,0.0,TX
7725403,TX,4818,0.1538584679365158,2,0.0,400816.4609375,415928.6875,2,0,78199.265625,0.0,362352.0625,0.0,0.0,0.0,0.0,0.0,-292.0,0.0,292.0,0.0,-456.0,0.0,456.0,0.0,0.0,0.0,0.0,0.0,0.0,0.0,0.0,0.0,0.0,0.0,0.0,0.0,0.0,0.0,0.0,0.0,-795.4140625,0.0,795.40625,0.0,0.0,0.0,0.0,0.0,0.0,0.0,0.0,0.0,0.0,0.0,0.0,0.0,0.0,0.0,0.0,0.0,0.0,0.0,0.0,0.0,0.0,0.0,0.0,0.0,0.0,0.0,0.0,0.0,0.0,0.0,0.0,0.0,0.0,0.0,0.0,0.0,0.0,0.0,0.0,0.0,0.0,0.0,0.0,0.0,0.0,0.0,0.0,0.0,0.0,0.0,0.0,0.0,0.0,0.0,0.0,0.0,76655.8515625,0.0,363895.46875,0.0,-1543.4140625,0.0,1543.40625,0.0,-1.973693806667382,0.0,0.4259410798549652,0.0,TX
7725404,TX,4818,911.0569458007812,3,1.0,0.0,0.0,3,0,0.0,0.0,21381.958984375,11425.8828125,9956.07568359375,0.0,0.0,21381.95849609375,0.0,0.0,0.0,0.0,0.0,0.0,0.0,0.0,0.0,0.0,0.0,0.0,0.0,0.0,0.0,0.0,0.0,0.0,0.0,0.0,0.0,0.0,0.0,0.0,0.0,0.0,0.0,0.0,0.0,0.0,0.0,0.0,0.0,0.0,0.0,0.0,0.0,0.0,0.0,0.0,0.0,0.0,0.0,0.0,0.0,0.0,0.0,0.0,0.0,0.0,0.0,0.0,0.0,0.0,0.0,0.0,0.0,0.0,0.0,0.0,0.0,0.0,0.0,0.0,0.0,0.0,0.0,0.0,0.0,0.0,0.0,0.0,0.0,0.0,0.0,0.0,0.0,0.0,0.0,0.0,0.0,0.0,0.0,0.0,0.0,0.0,21381.958984375,21381.95849609375,0.0,0.0,0.0,0.0,0.0,0.0,0.0,0.0,TX
7725405,TX,4818,0.25742822885513306,2,0.0,22742.40625,56587.734375,2,0,2001.553955078125,0.0,103517.6796875,32815.95703125,0.0,0.0,0.0,32815.95703125,0.0,0.0,0.0,0.0,-190.0,0.0,190.0,0.0,0.0,0.0,0.0,0.0,0.0,0.0,0.0,0.0,0.0,0.0,0.0,0.0,0.0,0.0,0.0,0.0,-202.780517578125,0.0,202.78125,0.0,0.0,0.0,0.0,0.0,0.0,0.0,0.0,0.0,0.0,0.0,0.0,0.0,0.0,0.0,0.0,0.0,0.0,0.0,0.0,0.0,0.0,0.0,0.0,0.0,0.0,0.0,0.0,0.0,0.0,0.0,0.0,0.0,0.0,0.0,0.0,0.0,-1200.0,0.0,1200.0,0.0,0.0,0.0,0.0,0.0,0.0,0.0,0.0,0.0,0.0,0.0,0.0,0.0,0.0,0.0,0.0,0.0,408.7734375,0.0,105110.4609375,32815.95703125,-1592.780517578125,0.0,1592.78125,0.0,-79.57719618484906,0.0,1.538656234741211,0.0,TX
7725406,TX,4818,0.11678165197372437,3,1.0,392612.84375,497130.5,3,0,104930.8125,0.0,459010.09375,0.0,0.0,0.0,0.0,0.0,-764.0,0.0,764.0,0.0,-608.0,0.0,608.0,0.0,0.0,0.0,0.0,0.0,0.0,0.0,0.0,0.0,0.0,0.0,0.0,0.0,0.0,0.0,0.0,0.0,0.0,0.0,0.0,0.0,0.0,0.0,0.0,0.0,0.0,0.0,0.0,0.0,0.0,0.0,0.0,0.0,0.0,0.0,0.0,0.0,0.0,0.0,0.0,0.0,0.0,0.0,0.0,0.0,0.0,0.0,0.0,0.0,0.0,0.0,0.0,0.0,0.0,0.0,0.0,0.0,0.0,0.0,0.0,0.0,0.0,0.0,0.0,0.0,0.0,0.0,0.0,0.0,0.0,0.0,0.0,0.0,0.0,0.0,0.0,0.0,103558.8125,0.0,460382.09375,0.0,-1372.0,0.0,1372.0,0.0,-1.307528234378248,0.0,0.29890409111976624,0.0,TX
7725407,TX,4818,1272.51123046875,4,2.0,24949.8828125,25151.259841918945,4,0,961.14697265625,0.0,91258.875,31459.634765625,28498.1806640625,8010.65380859375,0.0,67968.46923828125,0.0,0.0,0.0,0.0,-95.0,0.0,95.0,0.0,0.0,0.0,0.0,0.0,0.0,0.0,0.0,0.0,0.0,0.0,0.0,0.0,0.0,0.0,0.0,0.0,0.0,0.0,0.0,0.0,0.0,0.0,0.0,0.0,0.0,0.0,0.0,0.0,0.0,0.0,0.0,0.0,-37.9681396484375,0.0,37.96875,0.0,0.0,0.0,0.0,0.0,0.0,0.0,0.0,0.0,0.0,0.0,0.0,0.0,0.0,0.0,0.0,0.0,0.0,0.0,0.0,0.0,0.0,0.0,0.0,0.0,-51.23321533203125,0.0,51.234375,0.0,0.0,0.0,0.0,0.0,0.0,0.0,0.0,0.0,0.0,0.0,0.0,0.0,776.9456176757812,0.0,91443.078125,67968.46923828125,-184.20135498046875,0.0,184.203125,0.0,-19.164743813467492,0.0,0.20184679329395294,0.0,TX
7725408,TX,4818,148.64242553710938,2,0.0,0.0,0.0,2,0,0.0,0.0,54357.8828125,19586.248046875,0.0,15185.384765625,0.0,34771.6328125,0.0,0.0,0.0,0.0,0.0,0.0,0.0,0.0,0.0,0.0,0.0,0.0,0.0,0.0,0.0,0.0,0.0,0.0,0.0,0.0,0.0,0.0,0.0,0.0,0.0,0.0,0.0,0.0,0.0,0.0,0.0,0.0,0.0,0.0,0.0,0.0,0.0,0.0,0.0,0.0,0.0,0.0,0.0,0.0,0.0,0.0,0.0,0.0,0.0,0.0,0.0,0.0,0.0,0.0,0.0,0.0,0.0,0.0,0.0,0.0,0.0,0.0,0.0,0.0,0.0,0.0,0.0,0.0,0.0,0.0,0.0,0.0,0.0,0.0,0.0,0.0,0.0,0.0,0.0,0.0,0.0,0.0,0.0,0.0,0.0,0.0,54357.8828125,34771.6328125,0.0,0.0,0.0,0.0,0.0,0.0,0.0,0.0,TX
7725409,TX,4818,0.1483197659254074,4,2.0,128055.6640625,133463.609375,4,0,8244.787109375,0.0,136421.0625,0.0,0.0,0.0,0.0,0.0,-230.0,0.0,230.0,0.0,-418.0,0.0,418.0,0.0,0.0,0.0,0.0,0.0,0.0,0.0,0.0,0.0,-400.0,0.0,400.0,0.0,0.0,0.0,0.0,0.0,0.0,0.0,0.0,0.0,0.0,0.0,0.0,0.0,0.0,0.0,0.0,0.0,0.0,0.0,0.0,0.0,-286.361328125,0.0,286.359375,0.0,0.0,0.0,0.0,0.0,0.0,0.0,0.0,0.0,0.0,0.0,0.0,0.0,0.0,0.0,0.0,0.0,-422.8193359375,0.0,422.828125,0.0,0.0,0.0,0.0,0.0,0.0,0.0,0.0,0.0,0.0,0.0,0.0,0.0,0.0,0.0,0.0,0.0,0.0,0.0,0.0,0.0,6487.6064453125,0.0,138178.25,0.0,-1757.1806640625,0.0,1757.1875,0.0,-21.312626278299426,0.0,1.2880617380142212,0.0,TX
7725410,TX,4818,0.16151461005210876,4,2.0,861496.2177734375,1012907.375,4,0,281023.28125,0.0,720325.375,0.0,0.0,0.0,0.0,0.0,-734.0,0.0,734.0,0.0,-703.0,0.0,703.0,0.0,0.0,0.0,0.0,0.0,0.0,0.0,0.0,0.0,0.0,0.0,0.0,0.0,0.0,0.0,0.0,0.0,0.0,0.0,0.0,0.0,0.0,0.0,0.0,0.0,0.0,0.0,0.0,0.0,0.0,0.0,0.0,0.0,-740.0,0.0,740.0,0.0,0.0,0.0,0.0,0.0,0.0,0.0,0.0,0.0,0.0,0.0,0.0,0.0,0.0,0.0,0.0,0.0,0.0,0.0,0.0,0.0,0.0,0.0,0.0,0.0,0.0,0.0,0.0,0.0,0.0,0.0,0.0,0.0,0.0,0.0,0.0,0.0,0.0,0.0,0.0,0.0,278846.28125,0.0,722502.375,0.0,-2177.0,0.0,2177.0,0.0,-0.7746689136631807,0.0,0.3022245466709137,0.0,TX
7725411,TX,4818,85.6032943725586,1,0.0,0.0,0.0,1,0,0.0,0.0,52082.12109375,26289.74609375,0.0,0.0,0.0,26289.74609375,0.0,0.0,0.0,0.0,0.0,0.0,0.0,0.0,0.0,0.0,0.0,0.0,0.0,0.0,0.0,0.0,0.0,0.0,0.0,0.0,0.0,0.0,0.0,0.0,0.0,0.0,0.0,0.0,0.0,0.0,0.0,0.0,0.0,0.0,0.0,0.0,0.0,0.0,0.0,0.0,0.0,0.0,0.0,0.0,0.0,0.0,0.0,0.0,0.0,0.0,0.0,0.0,0.0,0.0,0.0,0.0,0.0,0.0,0.0,0.0,0.0,0.0,0.0,0.0,0.0,0.0,0.0,0.0,0.0,0.0,0.0,0.0,0.0,0.0,0.0,0.0,0.0,0.0,0.0,0.0,0.0,0.0,0.0,0.0,0.0,0.0,52082.12109375,26289.74609375,0.0,0.0,0.0,0.0,0.0,0.0,0.0,0.0,TX
7725412,TX,4818,444.7057189941406,1,0.0,8130.1591796875,8130.986328125,1,0,0.0,0.0,31328.619140625,3596.039794921875,20223.16015625,0.0,0.0,23819.199951171875,0.0,0.0,0.0,0.0,0.0,0.0,0.0,0.0,0.0,0.0,0.0,0.0,0.0,0.0,0.0,0.0,0.0,0.0,0.0,0.0,0.0,0.0,0.0,0.0,0.0,0.0,0.0,0.0,0.0,0.0,0.0,0.0,0.0,0.0,0.0,0.0,0.0,0.0,0.0,0.0,0.0,0.0,0.0,0.0,0.0,0.0,0.0,0.0,0.0,0.0,0.0,0.0,0.0,0.0,0.0,0.0,0.0,0.0,0.0,0.0,0.0,0.0,0.0,0.0,0.0,0.0,0.0,0.0,0.0,0.0,0.0,0.0,0.0,0.0,0.0,0.0,0.0,0.0,0.0,0.0,0.0,0.0,0.0,0.0,0.0,0.0,31328.619140625,23819.199951171875,0.0,0.0,0.0,0.0,0.0,0.0,0.0,0.0,TX
7725413,TX,4818,346.3789367675781,1,0.0,0.0,0.0,1,0,0.0,0.0,24151.37890625,3927.129638671875,20223.16015625,0.0,0.0,24150.289794921875,0.0,0.0,0.0,0.0,0.0,0.0,0.0,0.0,0.0,0.0,0.0,0.0,0.0,0.0,0.0,0.0,0.0,0.0,0.0,0.0,0.0,0.0,0.0,0.0,0.0,0.0,0.0,0.0,0.0,0.0,0.0,0.0,0.0,0.0,0.0,0.0,0.0,0.0,0.0,0.0,0.0,0.0,0.0,0.0,0.0,0.0,0.0,0.0,0.0,0.0,0.0,0.0,0.0,0.0,0.0,0.0,0.0,0.0,0.0,0.0,0.0,0.0,0.0,0.0,0.0,0.0,0.0,0.0,0.0,0.0,0.0,0.0,0.0,0.0,0.0,0.0,0.0,0.0,0.0,0.0,0.0,0.0,0.0,0.0,0.0,0.0,24151.37890625,24150.289794921875,0.0,0.0,0.0,0.0,0.0,0.0,0.0,0.0,TX
7725414,TX,4818,0.11341821402311325,3,0.0,69955.16479492188,69955.99291992188,3,0,3977.8117065429688,0.0,67118.2578125,287.68316650390625,0.0,5077.9189453125,0.0,5365.602111816406,-5.0,0.0,5.0,0.0,-209.0,0.0,209.0,0.0,0.0,0.0,0.0,0.0,0.0,0.0,0.0,0.0,0.0,0.0,0.0,0.0,0.0,0.0,0.0,0.0,0.0,0.0,0.0,0.0,0.0,0.0,0.0,0.0,0.0,0.0,0.0,0.0,0.0,0.0,0.0,0.0,0.0,0.0,0.0,0.0,0.0,0.0,0.0,0.0,0.0,0.0,0.0,0.0,0.0,0.0,0.0,0.0,0.0,0.0,0.0,0.0,-180.873291015625,0.0,180.875,0.0,0.0,0.0,0.0,0.0,-33.2908935546875,0.0,33.2890625,0.0,0.0,0.0,0.0,0.0,0.0,0.0,0.0,0.0,0.0,0.0,0.0,0.0,3549.6475219726562,0.0,67546.421875,5365.602111816406,-428.1641845703125,0.0,428.1640625,0.0,-10.76381227060194,0.0,0.63792484998703,0.0,TX
7725415,TX,4818,0.1220838725566864,6,3.9999999999999996,196124.640625,213953.14062500003,6,0,22057.69140625,0.0,222081.234375,0.0,0.0,0.0,0.0,0.0,-230.0,0.0,230.0,0.0,-418.0,0.0,418.0,0.0,0.0,0.0,0.0,0.0,0.0,0.0,0.0,0.0,-800.0,0.0,800.0,0.0,0.0,0.0,0.0,0.0,0.0,0.0,0.0,0.0,0.0,0.0,0.0,0.0,0.0,0.0,0.0,0.0,0.0,0.0,0.0,0.0,-134.24609375,0.0,134.25,0.0,0.0,0.0,0.0,0.0,0.0,0.0,0.0,0.0,0.0,0.0,0.0,0.0,0.0,0.0,0.0,0.0,0.0,0.0,0.0,0.0,0.0,0.0,0.0,0.0,0.0,0.0,0.0,0.0,0.0,0.0,0.0,0.0,0.0,0.0,0.0,0.0,0.0,0.0,0.0,0.0,20475.4453125,0.0,223663.484375,0.0,-1582.24609375,0.0,1582.25,0.0,-7.173217108757238,0.0,0.7124645113945007,0.0,TX
7725416,TX,4818,0.1384093463420868,5,3.0,112532.84790039062,112699.1328125,5,0,3401.8955078125,0.0,104379.015625,0.0,0.0,0.0,0.0,0.0,-10.0,0.0,10.0,0.0,-228.0,0.0,228.0,0.0,0.0,0.0,0.0,0.0,0.0,0.0,0.0,0.0,-600.0,0.0,600.0,0.0,0.0,0.0,0.0,0.0,0.0,0.0,0.0,0.0,0.0,0.0,0.0,0.0,0.0,0.0,0.0,0.0,0.0,0.0,0.0,0.0,-183.1767578125,0.0,183.171875,0.0,0.0,0.0,0.0,0.0,0.0,0.0,0.0,0.0,0.0,0.0,0.0,0.0,0.0,0.0,0.0,0.0,-1951.2373046875,0.0,1951.2421875,0.0,0.0,0.0,0.0,0.0,0.0,0.0,0.0,0.0,0.0,0.0,0.0,0.0,0.0,0.0,0.0,0.0,0.0,0.0,0.0,0.0,429.4814453125,0.0,107351.4296875,0.0,-2972.4140625,0.0,2972.4140625,0.0,-87.37523112258475,0.0,2.847712278366089,0.0,TX
7725417,TX,4818,0.25583353638648987,1,0.0,72496.046875,72571.65625,1,0,7459.728515625,0.0,60276.41015625,0.0,0.0,0.0,0.0,0.0,-115.0,0.0,115.0,0.0,-209.0,0.0,209.0,0.0,0.0,0.0,0.0,0.0,0.0,0.0,0.0,0.0,0.0,0.0,0.0,0.0,0.0,0.0,0.0,0.0,0.0,0.0,0.0,0.0,0.0,0.0,0.0,0.0,0.0,0.0,0.0,0.0,0.0,0.0,0.0,0.0,0.0,0.0,0.0,0.0,0.0,0.0,0.0,0.0,0.0,0.0,0.0,0.0,0.0,0.0,0.0,0.0,0.0,0.0,0.0,0.0,0.0,0.0,0.0,0.0,0.0,0.0,0.0,0.0,-727.64111328125,0.0,727.640625,0.0,0.0,0.0,0.0,0.0,0.0,0.0,0.0,0.0,0.0,0.0,0.0,0.0,6408.08740234375,0.0,61328.05078125,0.0,-1051.64111328125,0.0,1051.640625,0.0,-14.097578900874252,0.0,1.744696855545044,0.0,TX
7725418,TX,4818,7.923633575439453,1,0.0,0.0,0.0,1,0,0.0,0.0,39855.578125,20236.630859375,0.0,0.0,0.0,20236.630859375,0.0,0.0,0.0,0.0,0.0,0.0,0.0,0.0,0.0,0.0,0.0,0.0,0.0,0.0,0.0,0.0,0.0,0.0,0.0,0.0,0.0,0.0,0.0,0.0,0.0,0.0,0.0,0.0,0.0,0.0,0.0,0.0,0.0,0.0,0.0,0.0,0.0,0.0,0.0,0.0,0.0,0.0,0.0,0.0,0.0,0.0,0.0,0.0,0.0,0.0,0.0,0.0,0.0,0.0,0.0,0.0,0.0,0.0,0.0,0.0,0.0,0.0,0.0,0.0,0.0,0.0,0.0,0.0,0.0,0.0,0.0,0.0,0.0,0.0,0.0,0.0,0.0,0.0,0.0,0.0,0.0,0.0,0.0,0.0,0.0,0.0,39855.578125,20236.630859375,0.0,0.0,0.0,0.0,0.0,0.0,0.0,0.0,TX
7725419,TX,4818,325.8830871582031,1,0.0,0.0,771.015869140625,1,0,0.0,0.0,30267.078125,6403.20556640625,20223.16015625,0.0,0.0,26626.36572265625,0.0,0.0,0.0,0.0,0.0,0.0,0.0,0.0,0.0,0.0,0.0,0.0,0.0,0.0,0.0,0.0,0.0,0.0,0.0,0.0,0.0,0.0,0.0,0.0,0.0,0.0,0.0,0.0,0.0,0.0,0.0,0.0,0.0,0.0,0.0,0.0,0.0,0.0,0.0,0.0,0.0,0.0,0.0,0.0,0.0,0.0,0.0,0.0,0.0,0.0,0.0,0.0,0.0,0.0,0.0,0.0,0.0,0.0,0.0,0.0,0.0,0.0,0.0,0.0,0.0,0.0,0.0,0.0,0.0,0.0,0.0,0.0,0.0,0.0,0.0,0.0,0.0,0.0,0.0,0.0,0.0,0.0,0.0,0.0,0.0,0.0,30267.078125,26626.36572265625,0.0,0.0,0.0,0.0,0.0,0.0,0.0,0.0,TX
7725420,TX,4818,80.83918762207031,1,0.0,0.0,2.4818105697631836,1,0,0.0,0.0,32845.90625,17147.09765625,0.0,0.0,0.0,17147.09765625,0.0,0.0,0.0,0.0,0.0,0.0,0.0,0.0,0.0,0.0,0.0,0.0,0.0,0.0,0.0,0.0,0.0,0.0,0.0,0.0,0.0,0.0,0.0,0.0,0.0,0.0,0.0,0.0,0.0,0.0,0.0,0.0,0.0,0.0,0.0,0.0,0.0,0.0,0.0,0.0,0.0,0.0,0.0,0.0,0.0,0.0,0.0,0.0,0.0,0.0,0.0,0.0,0.0,0.0,0.0,0.0,0.0,0.0,0.0,0.0,0.0,0.0,0.0,0.0,0.0,0.0,0.0,0.0,0.0,0.0,0.0,0.0,0.0,0.0,0.0,0.0,0.0,0.0,0.0,0.0,0.0,0.0,0.0,0.0,0.0,0.0,32845.90625,17147.09765625,0.0,0.0,0.0,0.0,0.0,0.0,0.0,0.0,TX
7725421,TX,4818,99.8615493774414,1,0.0,0.0,0.0,1,0,0.0,0.0,29950.125,16965.65234375,0.0,0.0,0.0,16965.65234375,0.0,0.0,0.0,0.0,0.0,0.0,0.0,0.0,0.0,0.0,0.0,0.0,0.0,0.0,0.0,0.0,0.0,0.0,0.0,0.0,0.0,0.0,0.0,0.0,0.0,0.0,0.0,0.0,0.0,0.0,0.0,0.0,0.0,0.0,0.0,0.0,0.0,0.0,0.0,0.0,0.0,0.0,0.0,0.0,0.0,0.0,0.0,0.0,0.0,0.0,0.0,0.0,0.0,0.0,0.0,0.0,0.0,0.0,0.0,0.0,0.0,0.0,0.0,0.0,0.0,0.0,0.0,0.0,0.0,0.0,0.0,0.0,0.0,0.0,0.0,0.0,0.0,0.0,0.0,0.0,0.0,0.0,0.0,0.0,0.0,0.0,29950.125,16965.65234375,0.0,0.0,0.0,0.0,0.0,0.0,0.0,0.0,TX
7725422,TX,4818,0.1024153083562851,3,0.0,193311.619140625,249355.580078125,3,0,30205.343872070312,0.0,213724.6875,2000.3397216796875,0.0,0.0,0.0,2000.3397216796875,-251.0,0.0,251.0,0.0,-551.0,0.0,551.0,0.0,0.0,0.0,0.0,0.0,0.0,0.0,0.0,0.0,0.0,0.0,0.0,0.0,0.0,0.0,0.0,0.0,0.0,0.0,0.0,0.0,0.0,0.0,0.0,0.0,0.0,0.0,0.0,0.0,0.0,0.0,0.0,0.0,0.0,0.0,0.0,0.0,0.0,0.0,0.0,0.0,0.0,0.0,0.0,0.0,0.0,0.0,0.0,0.0,0.0,0.0,0.0,0.0,0.0,0.0,0.0,0.0,0.0,0.0,0.0,0.0,0.0,0.0,0.0,0.0,0.0,0.0,0.0,0.0,0.0,0.0,0.0,0.0,0.0,0.0,0.0,0.0,29403.343872070312,0.0,214526.6875,2000.3397216796875,-802.0,0.0,802.0,0.0,-2.6551593102092697,0.0,0.37524911761283875,0.0,TX
7725423,TX,4818,0.12126947194337845,2,0.0,489977.328125,498707.84375,2,0,105062.25390625,0.0,418034.03125,0.0,0.0,0.0,0.0,0.0,-493.25,0.0,493.25,0.0,-560.5,0.0,560.5,0.0,0.0,0.0,0.0,0.0,0.0,0.0,0.0,0.0,0.0,0.0,0.0,0.0,0.0,0.0,0.0,0.0,0.0,0.0,0.0,0.0,0.0,0.0,0.0,0.0,0.0,0.0,0.0,0.0,0.0,0.0,0.0,0.0,0.0,0.0,0.0,0.0,0.0,0.0,0.0,0.0,0.0,0.0,0.0,0.0,0.0,0.0,0.0,0.0,0.0,0.0,0.0,0.0,0.0,0.0,0.0,0.0,0.0,0.0,0.0,0.0,0.0,0.0,0.0,0.0,0.0,0.0,0.0,0.0,0.0,0.0,0.0,0.0,0.0,0.0,0.0,0.0,104008.50390625,0.0,419087.78125,0.0,-1053.75,0.0,1053.75,0.0,-1.0029767693164957,0.0,0.2520727813243866,0.0,TX
7725424,TX,4818,0.10020420700311661,3,0.0,189571.890625,310026.9140625,3,0,36941.2802734375,0.0,288547.21875,0.0,0.0,0.0,0.0,0.0,-345.0,0.0,345.0,0.0,-209.0,0.0,209.0,0.0,0.0,0.0,0.0,0.0,0.0,0.0,0.0,0.0,0.0,0.0,0.0,0.0,0.0,0.0,0.0,0.0,0.0,0.0,0.0,0.0,0.0,0.0,0.0,0.0,0.0,0.0,0.0,0.0,0.0,0.0,0.0,0.0,-409.37890625,0.0,409.375,0.0,0.0,0.0,0.0,0.0,0.0,0.0,0.0,0.0,0.0,0.0,0.0,0.0,0.0,0.0,0.0,0.0,0.0,0.0,0.0,0.0,0.0,0.0,0.0,0.0,0.0,0.0,0.0,0.0,0.0,0.0,0.0,0.0,0.0,0.0,0.0,0.0,0.0,0.0,0.0,0.0,35977.9013671875,0.0,289510.59375,0.0,-963.37890625,0.0,963.375,0.0,-2.60786550741912,0.0,0.3338708281517029,0.0,TX
7725425,TX,4818,0.16368864476680756,4,2.0,190533.21875,190538.1875,4,0,19706.400390625,0.0,167817.640625,0.0,0.0,0.0,0.0,0.0,-230.0,0.0,230.0,0.0,-418.0,0.0,418.0,0.0,0.0,0.0,0.0,0.0,0.0,0.0,0.0,0.0,-400.0,0.0,400.0,0.0,0.0,0.0,0.0,0.0,0.0,0.0,0.0,0.0,0.0,0.0,0.0,0.0,0.0,0.0,0.0,0.0,0.0,0.0,0.0,0.0,0.0,0.0,0.0,0.0,0.0,0.0,0.0,0.0,0.0,0.0,0.0,0.0,0.0,0.0,0.0,0.0,0.0,0.0,0.0,0.0,0.0,0.0,0.0,0.0,0.0,0.0,0.0,0.0,0.0,0.0,0.0,0.0,0.0,0.0,0.0,0.0,0.0,0.0,0.0,0.0,0.0,0.0,0.0,0.0,18658.400390625,0.0,168865.640625,0.0,-1048.0,0.0,1048.0,0.0,-5.3180691512721365,0.0,0.6244874000549316,0.0,TX
7725426,TX,4818,134.0448455810547,1,0.0,0.0,0.0,1,0,0.0,0.0,34470.953125,13222.1572265625,20223.16015625,0.0,0.0,33445.3173828125,0.0,0.0,0.0,0.0,0.0,0.0,0.0,0.0,0.0,0.0,0.0,0.0,0.0,0.0,0.0,0.0,0.0,0.0,0.0,0.0,0.0,0.0,0.0,0.0,0.0,0.0,0.0,0.0,0.0,0.0,0.0,0.0,0.0,0.0,0.0,0.0,0.0,0.0,0.0,0.0,0.0,0.0,0.0,0.0,0.0,0.0,0.0,0.0,0.0,0.0,0.0,0.0,0.0,0.0,0.0,0.0,0.0,0.0,0.0,0.0,0.0,0.0,0.0,0.0,0.0,0.0,0.0,0.0,0.0,0.0,0.0,0.0,0.0,0.0,0.0,0.0,0.0,0.0,0.0,0.0,0.0,0.0,0.0,0.0,0.0,0.0,34470.953125,33445.3173828125,0.0,0.0,0.0,0.0,0.0,0.0,0.0,0.0,TX
7725427,TX,4818,438.47576904296875,2,0.0,0.0,0.0,2,0,0.0,0.0,51113.828125,23906.322265625,20223.16015625,0.0,0.0,44129.482421875,0.0,0.0,0.0,0.0,0.0,0.0,0.0,0.0,0.0,0.0,0.0,0.0,0.0,0.0,0.0,0.0,0.0,0.0,0.0,0.0,0.0,0.0,0.0,0.0,0.0,0.0,0.0,0.0,0.0,0.0,0.0,0.0,0.0,0.0,0.0,0.0,0.0,0.0,0.0,0.0,0.0,0.0,0.0,0.0,0.0,0.0,0.0,0.0,0.0,0.0,0.0,0.0,0.0,0.0,0.0,0.0,0.0,0.0,0.0,0.0,0.0,0.0,0.0,0.0,0.0,0.0,0.0,0.0,0.0,0.0,0.0,0.0,0.0,0.0,0.0,0.0,0.0,0.0,0.0,0.0,0.0,0.0,0.0,0.0,0.0,0.0,51113.828125,44129.482421875,0.0,0.0,0.0,0.0,0.0,0.0,0.0,0.0,TX
7725428,TX,4818,98.02301025390625,1,0.0,0.0,0.0,1,0,0.0,0.0,36326.2421875,9598.310546875,20223.16015625,0.0,0.0,29821.470703125,0.0,0.0,0.0,0.0,0.0,0.0,0.0,0.0,0.0,0.0,0.0,0.0,0.0,0.0,0.0,0.0,0.0,0.0,0.0,0.0,0.0,0.0,0.0,0.0,0.0,0.0,0.0,0.0,0.0,0.0,0.0,0.0,0.0,0.0,0.0,0.0,0.0,0.0,0.0,0.0,0.0,0.0,0.0,0.0,0.0,0.0,0.0,0.0,0.0,0.0,0.0,0.0,0.0,0.0,0.0,0.0,0.0,0.0,0.0,0.0,0.0,0.0,0.0,0.0,0.0,0.0,0.0,0.0,0.0,0.0,0.0,0.0,0.0,0.0,-2763.5390625,-2763.53955078125,0.0,0.0,0.0,0.0,0.0,0.0,0.0,0.0,0.0,0.0,33562.703125,27057.93115234375,0.0,0.0,-2763.5390625,-2763.53955078125,0.0,0.0,-7.607555389404297,-9.26694588034405,TX
7725429,TX,4818,62.33839416503906,1,0.0,0.0,2481.810546875,1,0,0.0,0.0,32754.17578125,14717.2275390625,0.0,0.0,0.0,14717.2275390625,0.0,0.0,0.0,0.0,0.0,0.0,0.0,0.0,0.0,0.0,0.0,0.0,0.0,0.0,0.0,0.0,0.0,0.0,0.0,0.0,0.0,0.0,0.0,0.0,0.0,0.0,0.0,0.0,0.0,0.0,0.0,0.0,0.0,0.0,0.0,0.0,0.0,0.0,0.0,0.0,0.0,0.0,0.0,0.0,0.0,0.0,0.0,0.0,0.0,0.0,0.0,0.0,0.0,0.0,0.0,0.0,0.0,0.0,0.0,0.0,0.0,0.0,0.0,0.0,0.0,0.0,0.0,0.0,0.0,0.0,0.0,0.0,0.0,0.0,0.0,0.0,0.0,0.0,0.0,0.0,0.0,0.0,0.0,0.0,0.0,0.0,32754.17578125,14717.2275390625,0.0,0.0,0.0,0.0,0.0,0.0,0.0,0.0,TX
7725430,TX,4818,8.136076927185059,1,0.0,0.0,0.0,1,0,0.0,0.0,41791.3125,21204.498046875,0.0,0.0,0.0,21204.498046875,0.0,0.0,0.0,0.0,0.0,0.0,0.0,0.0,0.0,0.0,0.0,0.0,0.0,0.0,0.0,0.0,0.0,0.0,0.0,0.0,0.0,0.0,0.0,0.0,0.0,0.0,0.0,0.0,0.0,0.0,0.0,0.0,0.0,0.0,0.0,0.0,0.0,0.0,0.0,0.0,0.0,0.0,0.0,0.0,0.0,0.0,0.0,0.0,0.0,0.0,0.0,0.0,0.0,0.0,0.0,0.0,0.0,0.0,0.0,0.0,0.0,0.0,0.0,0.0,0.0,0.0,0.0,0.0,0.0,0.0,0.0,0.0,0.0,0.0,0.0,0.0,0.0,0.0,0.0,0.0,0.0,0.0,0.0,0.0,0.0,0.0,41791.3125,21204.498046875,0.0,0.0,0.0,0.0,0.0,0.0,0.0,0.0,TX
7725431,TX,4818,0.5454815030097961,1,0.0,0.0,0.0,1,0,0.0,0.0,59186.0625,26158.595703125,0.0,6868.86962890625,0.0,33027.46533203125,0.0,0.0,0.0,0.0,0.0,0.0,0.0,0.0,0.0,0.0,0.0,0.0,0.0,0.0,0.0,0.0,0.0,0.0,0.0,0.0,0.0,0.0,0.0,0.0,0.0,0.0,0.0,0.0,0.0,0.0,0.0,0.0,0.0,0.0,0.0,0.0,0.0,0.0,0.0,0.0,0.0,0.0,0.0,0.0,0.0,0.0,0.0,0.0,0.0,0.0,0.0,0.0,0.0,0.0,0.0,0.0,0.0,0.0,0.0,0.0,0.0,0.0,0.0,0.0,0.0,0.0,0.0,0.0,0.0,0.0,0.0,0.0,0.0,0.0,0.0,0.0,0.0,0.0,0.0,0.0,0.0,0.0,0.0,0.0,0.0,0.0,59186.0625,33027.46533203125,0.0,0.0,0.0,0.0,0.0,0.0,0.0,0.0,TX
7725432,TX,4818,0.36809754371643066,2,0.0,0.0,76901.140625,2,0,4347.63330078125,0.0,108278.1875,6691.15087890625,0.0,0.0,0.0,6691.15087890625,-10.0,0.0,10.0,0.0,-228.0,0.0,228.0,0.0,0.0,0.0,0.0,0.0,0.0,0.0,0.0,0.0,0.0,0.0,0.0,0.0,0.0,0.0,0.0,0.0,-507.525390625,0.0,507.5234375,0.0,0.0,0.0,0.0,0.0,0.0,0.0,0.0,0.0,0.0,0.0,0.0,0.0,0.0,0.0,0.0,0.0,0.0,0.0,0.0,0.0,0.0,0.0,0.0,0.0,0.0,0.0,0.0,0.0,0.0,0.0,0.0,0.0,0.0,0.0,0.0,0.0,-1387.01806640625,0.0,1387.0234375,0.0,0.0,0.0,0.0,0.0,0.0,0.0,0.0,0.0,0.0,0.0,0.0,0.0,0.0,0.0,0.0,0.0,2215.08984375,0.0,110410.734375,6691.15087890625,-2132.54345703125,0.0,2132.546875,0.0,-49.05067445886114,0.0,1.9695073366165161,0.0,TX
7725433,TX,4818,350.527099609375,1,0.0,0.0,0.0,1,0,0.0,0.0,24149.19921875,3926.039794921875,20223.16015625,0.0,0.0,24149.199951171875,0.0,0.0,0.0,0.0,0.0,0.0,0.0,0.0,0.0,0.0,0.0,0.0,0.0,0.0,0.0,0.0,0.0,0.0,0.0,0.0,0.0,0.0,0.0,0.0,0.0,0.0,0.0,0.0,0.0,0.0,0.0,0.0,0.0,0.0,0.0,0.0,0.0,0.0,0.0,0.0,0.0,0.0,0.0,0.0,0.0,0.0,0.0,0.0,0.0,0.0,0.0,0.0,0.0,0.0,0.0,0.0,0.0,0.0,0.0,0.0,0.0,0.0,0.0,0.0,0.0,0.0,0.0,0.0,0.0,0.0,0.0,0.0,0.0,0.0,0.0,0.0,0.0,0.0,0.0,0.0,0.0,0.0,-20223.16015625,-20223.16015625,0.0,0.0,3926.039794921875,3926.039794921875,0.0,0.0,-20223.16015625,-20223.16015625,0.0,0.0,-83.74256896972656,-83.74256785789976,TX
7725434,TX,4818,43.29713821411133,2,0.0,31359.185546875,31360.83984375,2,0,106.083984375,0.0,30548.138671875,0.0,0.0,0.0,1691.58251953125,1691.58251953125,0.0,0.0,0.0,0.0,-106.083984375,0.0,106.083984375,0.0,0.0,0.0,0.0,0.0,0.0,0.0,0.0,0.0,0.0,0.0,0.0,0.0,0.0,0.0,0.0,0.0,0.0,0.0,0.0,0.0,0.0,0.0,0.0,0.0,0.0,0.0,0.0,0.0,0.0,0.0,0.0,0.0,0.0,0.0,0.0,0.0,0.0,0.0,0.0,0.0,0.0,0.0,0.0,0.0,0.0,0.0,0.0,0.0,0.0,0.0,0.0,0.0,0.0,0.0,0.0,0.0,0.0,0.0,0.0,0.0,0.0,0.0,0.0,0.0,0.0,0.0,0.0,0.0,0.0,0.0,0.0,0.0,0.0,0.0,0.0,0.0,0.0,0.0,30654.22265625,1691.58251953125,-106.083984375,0.0,106.083984375,0.0,-100.0,0.0,0.3472682237625122,0.0,TX
7725435,TX,4818,0.19334372878074646,2,0.0,102260.76171875,104791.046875,2,0,8409.4921875,0.0,103253.5078125,0.0,0.0,0.0,0.0,0.0,-10.0,0.0,10.0,0.0,-228.0,0.0,228.0,0.0,0.0,0.0,0.0,0.0,0.0,0.0,0.0,0.0,0.0,0.0,0.0,0.0,0.0,0.0,0.0,0.0,0.0,0.0,0.0,0.0,0.0,0.0,0.0,0.0,0.0,0.0,0.0,0.0,0.0,0.0,0.0,0.0,-240.0,0.0,240.0,0.0,0.0,0.0,0.0,0.0,0.0,0.0,0.0,0.0,0.0,0.0,0.0,0.0,0.0,0.0,0.0,0.0,0.0,0.0,0.0,0.0,0.0,0.0,0.0,0.0,-587.36572265625,0.0,587.3671875,0.0,0.0,0.0,0.0,0.0,0.0,0.0,0.0,0.0,0.0,0.0,0.0,0.0,7344.12646484375,0.0,104318.875,0.0,-1065.36572265625,0.0,1065.3671875,0.0,-12.668609458247982,0.0,1.0317975282669067,0.0,TX
7725436,TX,4818,35.3704719543457,1,0.0,0.0,0.0,1,0,0.0,0.0,29363.861328125,14846.9306640625,0.0,0.0,0.0,14846.9306640625,0.0,0.0,0.0,0.0,0.0,0.0,0.0,0.0,0.0,0.0,0.0,0.0,0.0,0.0,0.0,0.0,0.0,0.0,0.0,0.0,0.0,0.0,0.0,0.0,0.0,0.0,0.0,0.0,0.0,0.0,0.0,0.0,0.0,0.0,0.0,0.0,0.0,0.0,0.0,0.0,0.0,0.0,0.0,0.0,0.0,0.0,0.0,0.0,0.0,0.0,0.0,0.0,0.0,0.0,0.0,0.0,0.0,0.0,0.0,0.0,0.0,0.0,0.0,0.0,0.0,0.0,0.0,0.0,0.0,0.0,0.0,0.0,0.0,0.0,0.0,0.0,0.0,0.0,0.0,0.0,0.0,0.0,0.0,0.0,0.0,0.0,29363.861328125,14846.9306640625,0.0,0.0,0.0,0.0,0.0,0.0,0.0,0.0,TX
7725437,TX,4818,482.69219970703125,2,0.0,0.0,0.0,2,0,0.0,0.0,61002.578125,20556.259765625,40446.3203125,0.0,0.0,61002.580078125,0.0,0.0,0.0,0.0,0.0,0.0,0.0,0.0,0.0,0.0,0.0,0.0,0.0,0.0,0.0,0.0,0.0,0.0,0.0,0.0,0.0,0.0,0.0,0.0,0.0,0.0,0.0,0.0,0.0,0.0,0.0,0.0,0.0,0.0,0.0,0.0,0.0,0.0,0.0,0.0,0.0,0.0,0.0,0.0,0.0,0.0,0.0,0.0,0.0,0.0,0.0,0.0,0.0,0.0,0.0,0.0,0.0,0.0,0.0,0.0,0.0,0.0,0.0,0.0,0.0,0.0,0.0,0.0,0.0,0.0,0.0,0.0,0.0,0.0,0.0,0.0,0.0,0.0,0.0,0.0,0.0,0.0,0.0,0.0,0.0,0.0,61002.578125,61002.580078125,0.0,0.0,0.0,0.0,0.0,0.0,0.0,0.0,TX
7725438,TX,4818,0.10526664555072784,1,0.0,576673.3125,601579.125,0,1,175328.109375,0.0,418739.9375,0.0,0.0,0.0,0.0,0.0,-362.25,0.0,362.25,0.0,-332.5,0.0,332.5,0.0,0.0,0.0,0.0,0.0,0.0,0.0,0.0,0.0,0.0,0.0,0.0,0.0,0.0,0.0,0.0,0.0,0.0,0.0,0.0,0.0,0.0,0.0,0.0,0.0,0.0,0.0,0.0,0.0,0.0,0.0,0.0,0.0,0.0,0.0,0.0,0.0,0.0,0.0,0.0,0.0,0.0,0.0,0.0,0.0,0.0,0.0,0.0,0.0,0.0,0.0,0.0,0.0,0.0,0.0,0.0,0.0,0.0,0.0,0.0,0.0,0.0,0.0,0.0,0.0,0.0,0.0,0.0,0.0,0.0,0.0,0.0,0.0,0.0,0.0,0.0,0.0,174633.359375,0.0,419434.6875,0.0,-694.75,0.0,694.75,0.0,-0.39625705340495976,0.0,0.16591443121433258,0.0,TX
7725439,TX,4818,63.8048095703125,1,0.0,0.0,0.0,1,0,0.0,0.0,62362.09375,31181.046875,0.0,0.0,0.0,31181.046875,0.0,0.0,0.0,0.0,0.0,0.0,0.0,0.0,0.0,0.0,0.0,0.0,0.0,0.0,0.0,0.0,0.0,0.0,0.0,0.0,0.0,0.0,0.0,0.0,0.0,0.0,0.0,0.0,0.0,0.0,0.0,0.0,0.0,0.0,0.0,0.0,0.0,0.0,0.0,0.0,0.0,0.0,0.0,0.0,0.0,0.0,0.0,0.0,0.0,0.0,0.0,0.0,0.0,0.0,0.0,0.0,0.0,0.0,0.0,0.0,0.0,0.0,0.0,0.0,0.0,0.0,0.0,0.0,0.0,0.0,0.0,0.0,0.0,0.0,0.0,0.0,0.0,0.0,0.0,0.0,0.0,0.0,0.0,0.0,0.0,0.0,62362.09375,31181.046875,0.0,0.0,0.0,0.0,0.0,0.0,0.0,0.0,TX
7725440,TX,4818,0.09825282543897629,1,0.0,37048.703125,37048.703125,1,0,2384.844482421875,0.0,35496.578125,64.85222625732422,0.0,0.0,0.0,64.85222625732422,-5.0,0.0,5.0,0.0,-114.0,0.0,114.0,0.0,0.0,0.0,0.0,0.0,0.0,0.0,0.0,0.0,0.0,0.0,0.0,0.0,0.0,0.0,0.0,0.0,0.0,0.0,0.0,0.0,0.0,0.0,0.0,0.0,0.0,0.0,0.0,0.0,0.0,0.0,0.0,0.0,0.0,0.0,0.0,0.0,0.0,0.0,0.0,0.0,0.0,0.0,0.0,0.0,0.0,0.0,0.0,0.0,0.0,0.0,0.0,0.0,0.0,0.0,0.0,0.0,0.0,0.0,0.0,0.0,-171.2099609375,0.0,171.2109375,0.0,0.0,0.0,0.0,0.0,0.0,0.0,0.0,0.0,0.0,0.0,0.0,0.0,2094.634521484375,0.0,35786.7890625,64.85222625732422,-290.2099609375,0.0,290.2109375,0.0,-12.16892602752796,0.0,0.8175743818283081,0.0,TX
7725441,TX,4818,0.5708010196685791,2,0.0,0.0,88272.4921875,2,0,5685.66845703125,0.0,148010.5625,43658.6953125,0.0,0.0,0.0,43658.6953125,-10.0,0.0,10.0,0.0,-228.0,0.0,228.0,0.0,0.0,0.0,0.0,0.0,0.0,0.0,0.0,0.0,0.0,0.0,0.0,0.0,0.0,0.0,0.0,0.0,-210.96923828125,0.0,210.96875,0.0,0.0,0.0,0.0,0.0,0.0,0.0,0.0,0.0,0.0,0.0,0.0,0.0,-240.0,0.0,240.0,0.0,0.0,0.0,0.0,0.0,0.0,0.0,0.0,0.0,0.0,0.0,0.0,0.0,0.0,0.0,0.0,0.0,0.0,0.0,0.0,0.0,-1440.000244140625,0.0,1440.0,0.0,0.0,0.0,0.0,0.0,0.0,0.0,0.0,0.0,0.0,0.0,0.0,0.0,0.0,0.0,0.0,0.0,3556.698974609375,0.0,150139.53125,43658.6953125,-2128.969482421875,0.0,2128.96875,0.0,-37.44448869137031,0.0,1.438389778137207,0.0,TX
7725442,TX,4818,31.751691818237305,1,0.0,0.0,205.72811889648438,1,0,0.0,0.0,44077.53125,22050.544921875,0.0,0.0,0.0,22050.544921875,0.0,0.0,0.0,0.0,0.0,0.0,0.0,0.0,0.0,0.0,0.0,0.0,0.0,0.0,0.0,0.0,0.0,0.0,0.0,0.0,0.0,0.0,0.0,0.0,0.0,0.0,0.0,0.0,0.0,0.0,0.0,0.0,0.0,0.0,0.0,0.0,0.0,0.0,0.0,0.0,0.0,0.0,0.0,0.0,0.0,0.0,0.0,0.0,0.0,0.0,0.0,0.0,0.0,0.0,0.0,0.0,0.0,0.0,0.0,0.0,0.0,0.0,0.0,0.0,0.0,0.0,0.0,0.0,0.0,0.0,0.0,0.0,0.0,0.0,0.0,0.0,0.0,0.0,0.0,0.0,0.0,0.0,0.0,0.0,0.0,0.0,44077.53125,22050.544921875,0.0,0.0,0.0,0.0,0.0,0.0,0.0,0.0,TX
7725443,TX,4818,0.1246870905160904,3,1.0,671439.5625,743036.75,3,0,190310.9375,0.0,608038.0,0.0,0.0,0.0,0.0,0.0,-749.0,0.0,749.0,0.0,-665.0,0.0,665.0,0.0,0.0,0.0,0.0,0.0,0.0,0.0,0.0,0.0,0.0,0.0,0.0,0.0,0.0,0.0,0.0,0.0,-1750.0,0.0,1750.0,0.0,0.0,0.0,0.0,0.0,0.0,0.0,0.0,0.0,0.0,0.0,0.0,0.0,0.0,0.0,0.0,0.0,0.0,0.0,0.0,0.0,0.0,0.0,0.0,0.0,0.0,0.0,0.0,0.0,0.0,0.0,0.0,0.0,0.0,0.0,0.0,0.0,0.0,0.0,0.0,0.0,0.0,0.0,0.0,0.0,0.0,0.0,0.0,0.0,0.0,0.0,0.0,0.0,0.0,0.0,0.0,0.0,187146.9375,0.0,611202.0,0.0,-3164.0,0.0,3164.0,0.0,-1.6625423854054628,0.0,0.5203621983528137,0.0,TX
7725444,TX,4818,0.10783056169748306,4,0.0,316526.875,498943.40234375,4,0,92144.69494628906,0.0,576188.4375,102975.4921875,0.0,0.0,0.0,102975.4921875,-764.0,0.0,764.0,0.0,-798.0,0.0,798.0,0.0,0.0,0.0,0.0,0.0,0.0,0.0,0.0,0.0,0.0,0.0,0.0,0.0,0.0,0.0,0.0,0.0,0.0,0.0,0.0,0.0,0.0,0.0,0.0,0.0,0.0,0.0,0.0,0.0,0.0,0.0,0.0,0.0,-200.0,0.0,200.0,0.0,0.0,0.0,0.0,0.0,0.0,0.0,0.0,0.0,0.0,0.0,0.0,0.0,0.0,0.0,0.0,0.0,0.0,0.0,0.0,0.0,-707.4996337890625,0.0,707.5,0.0,0.0,0.0,0.0,0.0,0.0,0.0,0.0,0.0,0.0,0.0,0.0,0.0,0.0,0.0,0.0,0.0,89675.1953125,0.0,578657.9375,102975.4921875,-2469.4996337890625,0.0,2469.5,0.0,-2.6800236684581007,0.0,0.42859241366386414,0.0,TX
7725445,TX,4818,147.516845703125,2,0.0,30197.734375,30232.478515625,2,0,0.0,0.0,67675.7734375,3991.42431640625,20223.16015625,15522.484375,0.0,39737.06884765625,0.0,0.0,0.0,0.0,0.0,0.0,0.0,0.0,0.0,0.0,0.0,0.0,0.0,0.0,0.0,0.0,0.0,0.0,0.0,0.0,0.0,0.0,0.0,0.0,0.0,0.0,0.0,0.0,0.0,0.0,0.0,0.0,0.0,0.0,0.0,0.0,0.0,0.0,0.0,0.0,0.0,0.0,0.0,0.0,0.0,0.0,0.0,0.0,0.0,0.0,0.0,0.0,0.0,0.0,0.0,0.0,0.0,0.0,0.0,0.0,0.0,0.0,0.0,0.0,0.0,0.0,0.0,0.0,0.0,0.0,0.0,0.0,0.0,0.0,0.0,0.0,0.0,0.0,0.0,0.0,0.0,0.0,0.0,0.0,0.0,0.0,67675.7734375,39737.06884765625,0.0,0.0,0.0,0.0,0.0,0.0,0.0,0.0,TX
7725446,TX,4818,144.794189453125,2,0.0,6103.9814453125,21189.568359375,2,0,0.0,0.0,92777.25,35968.0703125,0.0,0.0,0.0,35968.0703125,0.0,0.0,0.0,0.0,0.0,0.0,0.0,0.0,0.0,0.0,0.0,0.0,0.0,0.0,0.0,0.0,0.0,0.0,0.0,0.0,0.0,0.0,0.0,0.0,0.0,0.0,0.0,0.0,0.0,0.0,0.0,0.0,0.0,0.0,0.0,0.0,0.0,0.0,0.0,0.0,0.0,0.0,0.0,0.0,0.0,0.0,0.0,0.0,0.0,0.0,0.0,0.0,0.0,0.0,0.0,0.0,0.0,0.0,0.0,0.0,0.0,0.0,0.0,0.0,0.0,0.0,0.0,0.0,0.0,0.0,0.0,0.0,0.0,0.0,0.0,0.0,0.0,0.0,0.0,0.0,0.0,0.0,0.0,0.0,0.0,0.0,92777.25,35968.0703125,0.0,0.0,0.0,0.0,0.0,0.0,0.0,0.0,TX
7725447,TX,4818,0.10482782125473022,3,1.0,1393.7415771484375,324766.75,3,0,45987.54296875,0.0,309643.25,0.0,0.0,0.0,0.0,0.0,-292.0,0.0,292.0,0.0,-456.0,0.0,456.0,0.0,0.0,0.0,0.0,0.0,0.0,0.0,0.0,0.0,-200.0,0.0,200.0,0.0,0.0,0.0,0.0,0.0,0.0,0.0,0.0,0.0,0.0,0.0,0.0,0.0,0.0,0.0,0.0,0.0,0.0,0.0,0.0,0.0,-31.51171875,0.0,31.5,0.0,0.0,0.0,0.0,0.0,0.0,0.0,0.0,0.0,0.0,0.0,0.0,0.0,0.0,0.0,0.0,0.0,0.0,0.0,0.0,0.0,0.0,0.0,0.0,0.0,0.0,0.0,0.0,0.0,0.0,0.0,0.0,0.0,0.0,0.0,0.0,0.0,0.0,0.0,0.0,0.0,45008.03125,0.0,310622.75,0.0,-979.51171875,0.0,979.5,0.0,-2.1299501028259096,0.0,0.31633177399635315,0.0,TX
7725448,TX,4818,0.16958115994930267,6,3.9999999999999996,87662.2890625,88089.1640625,6,0,-1551.30029296875,0.0,106769.828125,0.0,0.0,0.0,6766.330078125,6766.330078125,-10.000000000000227,0.0,10.0,0.0,-228.0,0.0,228.0,0.0,0.0,0.0,0.0,0.0,0.0,0.0,0.0,0.0,-799.9999999999998,0.0,800.0,0.0,0.0,0.0,0.0,0.0,0.0,0.0,0.0,0.0,0.0,0.0,0.0,0.0,0.0,0.0,0.0,0.0,0.0,0.0,0.0,0.0,0.0,0.0,0.0,0.0,0.0,0.0,0.0,0.0,0.0,0.0,0.0,0.0,0.0,0.0,0.0,0.0,0.0,0.0,0.0,0.0,0.0,0.0,0.0,0.0,0.0,0.0,0.0,0.0,0.0,0.0,0.0,0.0,0.0,0.0,0.0,0.0,0.0,0.0,0.0,0.0,0.0,0.0,0.0,0.0,-2589.30029296875,0.0,107807.828125,6766.330078125,-1038.0,0.0,1038.0,0.0,-66.91160987364745,0.0,0.9721847176551819,0.0,TX
7725449,TX,4818,0.14344161748886108,2,0.0,69633.3173828125,119514.875,2,0,10021.78515625,0.0,134587.734375,2223.480712890625,0.0,0.0,0.0,2223.480712890625,-10.0,0.0,10.0,0.0,-228.0,0.0,228.0,0.0,0.0,0.0,0.0,0.0,0.0,0.0,0.0,0.0,0.0,0.0,0.0,0.0,0.0,0.0,0.0,0.0,0.0,0.0,0.0,0.0,0.0,0.0,0.0,0.0,0.0,0.0,0.0,0.0,0.0,0.0,0.0,0.0,0.0,0.0,0.0,0.0,0.0,0.0,0.0,0.0,0.0,0.0,0.0,0.0,0.0,0.0,0.0,0.0,0.0,0.0,0.0,0.0,0.0,0.0,0.0,0.0,-720.0,0.0,720.0,0.0,0.0,0.0,0.0,0.0,0.0,0.0,0.0,0.0,0.0,0.0,0.0,0.0,0.0,0.0,0.0,0.0,9063.78515625,0.0,135545.734375,2223.480712890625,-958.0,0.0,958.0,0.0,-9.559175187491936,0.0,0.7118033766746521,0.0,TX
7725450,TX,4818,0.1071569174528122,2,0.0,139374.1640625,139417.890625,1,1,13658.849609375,0.0,115101.203125,0.0,0.0,0.0,0.0,0.0,-230.0,0.0,230.0,0.0,-418.0,0.0,418.0,0.0,0.0,0.0,0.0,0.0,0.0,0.0,0.0,0.0,0.0,0.0,0.0,0.0,0.0,0.0,0.0,0.0,0.0,0.0,0.0,0.0,0.0,0.0,0.0,0.0,0.0,0.0,0.0,0.0,0.0,0.0,0.0,0.0,-68.44921875,0.0,68.4453125,0.0,0.0,0.0,0.0,0.0,0.0,0.0,0.0,0.0,0.0,0.0,0.0,0.0,0.0,0.0,0.0,0.0,0.0,0.0,0.0,0.0,0.0,0.0,0.0,0.0,0.0,0.0,0.0,0.0,0.0,0.0,0.0,0.0,0.0,0.0,0.0,0.0,0.0,0.0,0.0,0.0,12942.400390625,0.0,115817.6484375,0.0,-716.44921875,0.0,716.4453125,0.0,-5.245311568979075,0.0,0.6224481463432312,0.0,TX
7725451,TX,4818,0.11066936701536179,2,0.0,1258971.0,1498945.5,2,0,467407.34375,0.0,1073582.875,0.0,0.0,0.0,0.0,0.0,-734.0,0.0,734.0,0.0,-703.0,0.0,703.0,0.0,0.0,0.0,0.0,0.0,0.0,0.0,0.0,0.0,0.0,0.0,0.0,0.0,0.0,0.0,0.0,0.0,-1850.0,0.0,1850.0,0.0,0.0,0.0,0.0,0.0,0.0,0.0,0.0,0.0,0.0,0.0,0.0,0.0,-740.0,0.0,740.0,0.0,0.0,0.0,0.0,0.0,0.0,0.0,0.0,0.0,0.0,0.0,0.0,0.0,0.0,0.0,0.0,0.0,0.0,0.0,0.0,0.0,0.0,0.0,0.0,0.0,0.0,0.0,0.0,0.0,0.0,0.0,0.0,0.0,0.0,0.0,0.0,0.0,0.0,0.0,0.0,0.0,463380.34375,0.0,1077609.875,0.0,-4027.0,0.0,4027.0,0.0,-0.8615611316012832,0.0,0.3750991225242615,0.0,TX
7725452,TX,4818,0.11274341493844986,1,0.0,0.0,13962.0087890625,1,0,0.0,0.0,43026.15625,14531.1005859375,0.0,0.0,0.0,14531.1005859375,0.0,0.0,0.0,0.0,0.0,0.0,0.0,0.0,0.0,0.0,0.0,0.0,0.0,0.0,0.0,0.0,0.0,0.0,0.0,0.0,0.0,0.0,0.0,0.0,0.0,0.0,0.0,0.0,0.0,0.0,0.0,0.0,0.0,0.0,0.0,0.0,0.0,0.0,0.0,0.0,0.0,0.0,0.0,0.0,0.0,0.0,0.0,0.0,0.0,0.0,0.0,0.0,0.0,0.0,0.0,0.0,0.0,0.0,0.0,0.0,0.0,0.0,0.0,0.0,0.0,0.0,0.0,0.0,0.0,0.0,0.0,0.0,0.0,0.0,0.0,0.0,0.0,0.0,0.0,0.0,0.0,0.0,0.0,0.0,0.0,0.0,43026.15625,14531.1005859375,0.0,0.0,0.0,0.0,0.0,0.0,0.0,0.0,TX
7725453,TX,4818,0.14908026158809662,2,0.0,346948.5078125,347010.546875,2,0,62955.6484375,0.0,261559.859375,0.0,0.0,0.0,0.0,0.0,-484.0,0.0,484.0,0.0,-513.0,0.0,513.015625,0.0,0.0,0.0,0.0,0.0,0.0,0.0,0.0,0.0,0.0,0.0,0.0,0.0,0.0,0.0,0.0,0.0,0.0,0.0,0.0,0.0,0.0,0.0,0.0,0.0,0.0,0.0,0.0,0.0,0.0,0.0,0.0,0.0,0.0,0.0,0.0,0.0,0.0,0.0,0.0,0.0,0.0,0.0,0.0,0.0,0.0,0.0,0.0,0.0,0.0,0.0,0.0,0.0,0.0,0.0,0.0,0.0,0.0,0.0,0.0,0.0,0.0,0.0,0.0,0.0,0.0,0.0,0.0,0.0,0.0,0.0,0.0,0.0,0.0,0.0,0.0,0.0,61958.6484375,0.0,262556.875,0.0,-997.0,0.0,997.015625,0.0,-1.5836545643553877,0.0,0.38118067383766174,0.0,TX
7725454,TX,4818,7.62083625793457,1,0.0,0.0,0.8272702097892761,1,0,0.0,0.0,33535.1328125,17075.80078125,0.0,0.0,0.0,17075.80078125,0.0,0.0,0.0,0.0,0.0,0.0,0.0,0.0,0.0,0.0,0.0,0.0,0.0,0.0,0.0,0.0,0.0,0.0,0.0,0.0,0.0,0.0,0.0,0.0,0.0,0.0,0.0,0.0,0.0,0.0,0.0,0.0,0.0,0.0,0.0,0.0,0.0,0.0,0.0,0.0,0.0,0.0,0.0,0.0,0.0,0.0,0.0,0.0,0.0,0.0,0.0,0.0,0.0,0.0,0.0,0.0,0.0,0.0,0.0,0.0,0.0,0.0,0.0,0.0,0.0,0.0,0.0,0.0,0.0,0.0,0.0,0.0,0.0,0.0,-287.6796875,-287.68359375,0.0,0.0,0.0,0.0,0.0,0.0,0.0,0.0,0.0,0.0,33247.453125,16788.1171875,0.0,0.0,-287.6796875,-287.68359375,0.0,0.0,-0.857845664024353,-1.6847443785236098,TX
7725455,TX,4818,0.10204410552978516,5,3.0,51403.654296875,208813.28125,5,0,17500.970703125,0.0,153960.03125,3392.88671875,0.0,0.0,0.0,3392.88671875,-230.0,0.0,230.0,0.0,-418.0,0.0,418.0,0.0,0.0,0.0,0.0,0.0,0.0,0.0,0.0,0.0,-400.0,0.0,400.0,0.0,0.0,0.0,0.0,0.0,0.0,0.0,0.0,0.0,0.0,0.0,0.0,0.0,0.0,0.0,0.0,0.0,0.0,0.0,0.0,0.0,-440.0,0.0,440.0,0.0,0.0,0.0,0.0,0.0,0.0,0.0,0.0,0.0,0.0,0.0,0.0,0.0,0.0,0.0,0.0,0.0,0.0,0.0,0.0,0.0,0.0,0.0,0.0,0.0,0.0,0.0,0.0,0.0,0.0,0.0,0.0,0.0,0.0,0.0,0.0,0.0,0.0,0.0,0.0,0.0,16012.970703125,0.0,155448.03125,3392.88671875,-1488.0,0.0,1488.0,0.0,-8.502385526159989,0.0,0.966484546661377,0.0,TX
7725456,TX,4818,2.2880725860595703,1,0.0,0.0,1559.4044189453125,1,0,0.0,0.0,51811.46484375,24759.111328125,0.0,0.0,0.0,24759.111328125,0.0,0.0,0.0,0.0,0.0,0.0,0.0,0.0,0.0,0.0,0.0,0.0,0.0,0.0,0.0,0.0,0.0,0.0,0.0,0.0,0.0,0.0,0.0,0.0,0.0,0.0,0.0,0.0,0.0,0.0,0.0,0.0,0.0,0.0,0.0,0.0,0.0,0.0,0.0,0.0,0.0,0.0,0.0,0.0,0.0,0.0,0.0,0.0,0.0,0.0,0.0,0.0,0.0,0.0,0.0,0.0,0.0,0.0,0.0,0.0,0.0,0.0,0.0,0.0,0.0,0.0,0.0,0.0,0.0,0.0,0.0,0.0,0.0,0.0,0.0,0.0,0.0,0.0,0.0,0.0,0.0,0.0,0.0,0.0,0.0,0.0,51811.46484375,24759.111328125,0.0,0.0,0.0,0.0,0.0,0.0,0.0,0.0,TX
7725457,TX,4818,0.1688166707754135,1,0.0,0.0,1360804.625,1,0,497200.1875,0.0,878514.6875,0.0,0.0,0.0,0.0,0.0,-350.25,0.0,350.25,0.0,-351.5,0.0,351.5,0.0,0.0,0.0,0.0,0.0,0.0,0.0,0.0,0.0,0.0,0.0,0.0,0.0,0.0,0.0,0.0,0.0,-1850.0,0.0,1850.0,0.0,0.0,0.0,0.0,0.0,0.0,0.0,0.0,0.0,0.0,0.0,0.0,0.0,-370.0,0.0,370.0,0.0,0.0,0.0,0.0,0.0,0.0,0.0,0.0,0.0,0.0,0.0,0.0,0.0,0.0,0.0,0.0,0.0,0.0,0.0,0.0,0.0,0.0,0.0,0.0,0.0,0.0,0.0,0.0,0.0,0.0,0.0,0.0,0.0,0.0,0.0,0.0,0.0,0.0,0.0,0.0,0.0,494278.4375,0.0,881436.4375,0.0,-2921.75,0.0,2921.75,0.0,-0.5876405668089174,0.0,0.3325783908367157,0.0,TX
7725458,TX,4818,19.176250457763672,1,0.0,10453.0625,10461.3349609375,1,0,0.0,0.0,71070.4296875,28509.603515625,0.0,4774.767578125,0.0,33284.37109375,0.0,0.0,0.0,0.0,0.0,0.0,0.0,0.0,0.0,0.0,0.0,0.0,0.0,0.0,0.0,0.0,0.0,0.0,0.0,0.0,0.0,0.0,0.0,0.0,0.0,0.0,0.0,0.0,0.0,0.0,0.0,0.0,0.0,0.0,0.0,0.0,0.0,0.0,0.0,0.0,0.0,0.0,0.0,0.0,0.0,0.0,0.0,0.0,0.0,0.0,0.0,0.0,0.0,0.0,0.0,0.0,0.0,0.0,0.0,0.0,0.0,0.0,0.0,0.0,0.0,0.0,0.0,0.0,0.0,0.0,0.0,0.0,0.0,0.0,0.0,0.0,0.0,0.0,0.0,0.0,0.0,0.0,0.0,0.0,0.0,0.0,71070.4296875,33284.37109375,0.0,0.0,0.0,0.0,0.0,0.0,0.0,0.0,TX
7725459,TX,4818,0.1818109005689621,1,0.0,96095.140625,100770.046875,1,0,13663.41015625,0.0,84583.5390625,0.0,0.0,0.0,0.0,0.0,-115.0,0.0,115.0,0.0,-209.0,0.0,209.0,0.0,0.0,0.0,0.0,0.0,0.0,0.0,0.0,0.0,0.0,0.0,0.0,0.0,0.0,0.0,0.0,0.0,0.0,0.0,0.0,0.0,0.0,0.0,0.0,0.0,0.0,0.0,0.0,0.0,0.0,0.0,0.0,0.0,0.0,0.0,0.0,0.0,0.0,0.0,0.0,0.0,0.0,0.0,0.0,0.0,0.0,0.0,0.0,0.0,0.0,0.0,0.0,0.0,0.0,0.0,0.0,0.0,0.0,0.0,0.0,0.0,0.0,0.0,0.0,0.0,0.0,0.0,0.0,0.0,0.0,0.0,0.0,0.0,0.0,0.0,0.0,0.0,13339.41015625,0.0,84907.5390625,0.0,-324.0,0.0,324.0,0.0,-2.371296742869085,0.0,0.3830532431602478,0.0,TX
7725460,TX,4818,0.25309696793556213,5,3.0,268112.43212890625,317138.625,5,0,51413.88671875,0.0,324951.78125,0.0,0.0,0.0,0.0,0.0,-292.0,0.0,292.0,0.0,-456.0,0.0,456.0,0.0,0.0,0.0,0.0,0.0,0.0,0.0,0.0,0.0,-400.0,0.0,400.0,0.0,0.0,0.0,0.0,0.0,-1080.77734375,0.0,1080.78125,0.0,0.0,0.0,0.0,0.0,0.0,0.0,0.0,0.0,0.0,0.0,0.0,0.0,-480.0,0.0,480.0,0.0,0.0,0.0,0.0,0.0,0.0,0.0,0.0,0.0,0.0,0.0,0.0,0.0,0.0,0.0,0.0,0.0,0.0,0.0,0.0,0.0,0.0,0.0,0.0,0.0,0.0,0.0,0.0,0.0,0.0,0.0,0.0,0.0,0.0,0.0,0.0,0.0,0.0,0.0,0.0,0.0,48705.109375,0.0,327660.5625,0.0,-2708.77734375,0.0,2708.78125,0.0,-5.268571424229911,0.0,0.833594799041748,0.0,TX
7725461,TX,4818,118.96436309814453,1,0.0,0.0,413.6351013183594,1,0,0.0,0.0,67940.515625,33666.11328125,0.0,0.0,0.0,33666.11328125,0.0,0.0,0.0,0.0,0.0,0.0,0.0,0.0,0.0,0.0,0.0,0.0,0.0,0.0,0.0,0.0,0.0,0.0,0.0,0.0,0.0,0.0,0.0,0.0,0.0,0.0,0.0,0.0,0.0,0.0,0.0,0.0,0.0,0.0,0.0,0.0,0.0,0.0,0.0,0.0,0.0,0.0,0.0,0.0,0.0,0.0,0.0,0.0,0.0,0.0,0.0,0.0,0.0,0.0,0.0,0.0,0.0,0.0,0.0,0.0,0.0,0.0,0.0,0.0,0.0,0.0,0.0,0.0,0.0,0.0,0.0,0.0,0.0,0.0,0.0,0.0,0.0,0.0,0.0,0.0,0.0,0.0,0.0,0.0,0.0,0.0,67940.515625,33666.11328125,0.0,0.0,0.0,0.0,0.0,0.0,0.0,0.0,TX
7725462,TX,4818,0.18798477947711945,3,1.0,134282.84375,229770.3125,3,0,27064.09375,0.0,225114.21875,0.0,0.0,0.0,0.0,0.0,-230.0,0.0,230.0,0.0,-418.0,0.0,418.0,0.0,0.0,0.0,0.0,0.0,0.0,0.0,0.0,0.0,-200.0,0.0,200.0,0.0,0.0,0.0,0.0,0.0,0.0,0.0,0.0,0.0,0.0,0.0,0.0,0.0,0.0,0.0,0.0,0.0,0.0,0.0,0.0,0.0,-239.87890625,0.0,239.875,0.0,0.0,0.0,0.0,0.0,0.0,0.0,0.0,0.0,0.0,0.0,0.0,0.0,0.0,0.0,0.0,0.0,-2774.685546875,0.0,2774.6875,0.0,0.0,0.0,0.0,0.0,0.0,0.0,0.0,0.0,0.0,0.0,0.0,0.0,0.0,0.0,0.0,0.0,0.0,0.0,0.0,0.0,23201.529296875,0.0,228976.78125,0.0,-3862.564453125,0.0,3862.5625,0.0,-14.271914991149481,0.0,1.7158234119415283,0.0,TX
7725463,TX,4818,0.22280441224575043,3,1.0,655633.046875,702173.625,3,0,173918.203125,0.0,547792.5,0.0,0.0,0.0,0.0,0.0,-749.0,0.0,749.0,0.0,-665.0,0.0,665.0,0.0,0.0,0.0,0.0,0.0,0.0,0.0,0.0,0.0,0.0,0.0,0.0,0.0,0.0,0.0,0.0,0.0,-1750.0,0.0,1750.0,0.0,0.0,0.0,0.0,0.0,0.0,0.0,0.0,0.0,0.0,0.0,0.0,0.0,-512.59375,0.0,512.625,0.0,0.0,0.0,0.0,0.0,0.0,0.0,0.0,0.0,0.0,0.0,0.0,0.0,0.0,0.0,0.0,0.0,0.0,0.0,0.0,0.0,0.0,0.0,0.0,0.0,0.0,0.0,0.0,0.0,0.0,0.0,0.0,0.0,0.0,0.0,0.0,0.0,0.0,0.0,0.0,0.0,170241.609375,0.0,551469.125,0.0,-3676.59375,0.0,3676.625,0.0,-2.113978688796323,0.0,0.6711711287498474,0.0,TX
7725464,TX,4818,0.15340034663677216,2,0.0,0.0,133829.796875,2,0,21212.150390625,0.0,104714.140625,0.0,0.0,0.0,0.0,0.0,-131.0,0.0,131.0,0.0,-228.0,0.0,228.0,0.0,0.0,0.0,0.0,0.0,0.0,0.0,0.0,0.0,0.0,0.0,0.0,0.0,0.0,0.0,0.0,0.0,0.0,0.0,0.0,0.0,0.0,0.0,0.0,0.0,0.0,0.0,0.0,0.0,0.0,0.0,0.0,0.0,0.0,0.0,0.0,0.0,0.0,0.0,0.0,0.0,0.0,0.0,0.0,0.0,0.0,0.0,0.0,0.0,0.0,0.0,0.0,0.0,0.0,0.0,0.0,0.0,0.0,0.0,0.0,0.0,0.0,0.0,0.0,0.0,0.0,0.0,0.0,0.0,0.0,0.0,0.0,0.0,0.0,0.0,0.0,0.0,20853.150390625,0.0,105073.140625,0.0,-359.0,0.0,359.0,0.0,-1.6924262433980524,0.0,0.3428381085395813,0.0,TX
7725465,TX,4818,0.5980802178382874,5,1.0,146772.98071289062,148117.7265625,5,0,7629.4114990234375,0.0,144300.109375,0.0,0.0,0.0,0.0,0.0,-14.99999999999909,0.0,15.0,0.0,-209.0,0.0,209.0,0.0,0.0,0.0,0.0,0.0,0.0,0.0,0.0,0.0,0.0,0.0,0.0,0.0,0.0,0.0,0.0,0.0,-541.5715332031259,0.0,541.578125,0.0,0.0,0.0,0.0,0.0,0.0,0.0,0.0,0.0,0.0,0.0,0.0,0.0,0.0,0.0,0.0,0.0,0.0,0.0,0.0,0.0,0.0,0.0,0.0,0.0,-2604.254150390625,0.0,2604.25,0.0,0.0,0.0,0.0,0.0,0.0,0.0,0.0,0.0,0.0,0.0,0.0,0.0,-78.61378479003906,0.0,78.625,0.0,0.0,0.0,0.0,0.0,0.0,0.0,0.0,0.0,0.0,0.0,0.0,0.0,4180.972030639648,0.0,147748.5625,0.0,-3448.439468383789,0.0,3448.453125,0.0,-45.199285276789546,0.0,2.3897786140441895,0.0,TX
7725466,TX,4818,42.71089172363281,4,3.0,0.0,3.3090808391571045,4,0,0.0,0.0,22017.9609375,3782.0,18231.09619140625,0.0,0.0,22013.09619140625,0.0,0.0,0.0,0.0,0.0,0.0,0.0,0.0,0.0,0.0,0.0,0.0,0.0,0.0,0.0,0.0,0.0,0.0,0.0,0.0,0.0,0.0,0.0,0.0,0.0,0.0,0.0,0.0,0.0,0.0,0.0,0.0,0.0,0.0,0.0,0.0,0.0,0.0,0.0,0.0,0.0,0.0,0.0,0.0,0.0,0.0,0.0,0.0,0.0,0.0,0.0,0.0,0.0,0.0,0.0,0.0,0.0,0.0,0.0,0.0,0.0,0.0,0.0,0.0,0.0,0.0,0.0,0.0,0.0,0.0,0.0,0.0,0.0,0.0,0.0,0.0,0.0,0.0,0.0,0.0,0.0,0.0,0.0,0.0,0.0,0.0,22017.9609375,22013.09619140625,0.0,0.0,0.0,0.0,0.0,0.0,0.0,0.0,TX
7725467,TX,4818,0.17331071197986603,3,1.0,655095.265625,877283.5,3,0,226481.0,0.0,693282.125,0.0,0.0,0.0,0.0,0.0,-749.0,0.0,749.0,0.0,-665.0,0.0,665.0,0.0,0.0,0.0,0.0,0.0,0.0,0.0,0.0,0.0,0.0,0.0,0.0,0.0,0.0,0.0,0.0,0.0,-1750.0,0.0,1750.0,0.0,0.0,0.0,0.0,0.0,0.0,0.0,0.0,0.0,0.0,0.0,0.0,0.0,0.0,0.0,0.0,0.0,0.0,0.0,0.0,0.0,0.0,0.0,0.0,0.0,0.0,0.0,0.0,0.0,0.0,0.0,0.0,0.0,0.0,0.0,0.0,0.0,0.0,0.0,0.0,0.0,0.0,0.0,0.0,0.0,0.0,0.0,0.0,0.0,0.0,0.0,0.0,0.0,0.0,0.0,0.0,0.0,223317.0,0.0,696446.125,0.0,-3164.0,0.0,3164.0,0.0,-1.3970266821499375,0.0,0.45637986063957214,0.0,TX
7725468,TX,4818,0.11394976079463959,2,0.0,176882.1796875,177035.2265625,2,0,21935.75,0.0,162204.5625,0.0,0.0,0.0,0.0,0.0,-230.0,0.0,230.0,0.0,-418.0,0.0,418.0,0.0,0.0,0.0,0.0,0.0,0.0,0.0,0.0,0.0,0.0,0.0,0.0,0.0,0.0,0.0,0.0,0.0,0.0,0.0,0.0,0.0,0.0,0.0,0.0,0.0,0.0,0.0,0.0,0.0,0.0,0.0,0.0,0.0,0.0,0.0,0.0,0.0,0.0,0.0,0.0,0.0,0.0,0.0,0.0,0.0,0.0,0.0,0.0,0.0,0.0,0.0,0.0,0.0,0.0,0.0,0.0,0.0,0.0,0.0,0.0,0.0,-35.66943359375,0.0,35.671875,0.0,0.0,0.0,0.0,0.0,0.0,0.0,0.0,0.0,0.0,0.0,0.0,0.0,21252.08056640625,0.0,162888.234375,0.0,-683.66943359375,0.0,683.671875,0.0,-3.1166904874177996,0.0,0.4214874505996704,0.0,TX
7725469,TX,4818,71.39717102050781,1,0.0,0.0,1047.620849609375,1,0,0.0,0.0,100166.65625,49596.69921875,0.0,0.0,0.0,49596.69921875,0.0,0.0,0.0,0.0,0.0,0.0,0.0,0.0,0.0,0.0,0.0,0.0,0.0,0.0,0.0,0.0,0.0,0.0,0.0,0.0,0.0,0.0,0.0,0.0,0.0,0.0,0.0,0.0,0.0,0.0,0.0,0.0,0.0,0.0,0.0,0.0,0.0,0.0,0.0,0.0,0.0,0.0,0.0,0.0,0.0,0.0,0.0,0.0,0.0,0.0,0.0,0.0,0.0,0.0,0.0,0.0,0.0,0.0,0.0,0.0,0.0,0.0,0.0,0.0,0.0,0.0,0.0,0.0,0.0,0.0,0.0,0.0,0.0,0.0,0.0,0.0,0.0,0.0,0.0,0.0,0.0,0.0,0.0,0.0,0.0,0.0,100166.65625,49596.69921875,0.0,0.0,0.0,0.0,0.0,0.0,0.0,0.0,TX
7725470,TX,4818,0.1421772837638855,2,0.0,7463.10009765625,256955.71875,2,0,34787.5,0.0,330887.6875,81719.453125,0.0,0.0,0.0,81719.453125,-230.0,0.0,230.0,0.0,-418.0,0.0,418.0,0.0,0.0,0.0,0.0,0.0,0.0,0.0,0.0,0.0,0.0,0.0,0.0,0.0,0.0,0.0,0.0,0.0,-305.296875,0.0,305.3125,0.0,0.0,0.0,0.0,0.0,0.0,0.0,0.0,0.0,0.0,0.0,0.0,0.0,0.0,0.0,0.0,0.0,0.0,0.0,0.0,0.0,0.0,0.0,0.0,0.0,0.0,0.0,0.0,0.0,0.0,0.0,0.0,0.0,0.0,0.0,0.0,0.0,-1228.18359375,0.0,1228.1875,0.0,0.0,0.0,0.0,0.0,0.0,0.0,0.0,0.0,0.0,0.0,0.0,0.0,0.0,0.0,0.0,0.0,32606.01953125,0.0,333069.1875,81719.453125,-2181.48046875,0.0,2181.5,0.0,-6.270874505928854,0.0,0.65928715467453,0.0,TX
7725471,TX,4818,0.10801873356103897,3,0.0,110221.73046875,110054.484375,1,2,7023.538330078125,0.0,105953.03125,0.0,0.0,11186.796875,0.0,11186.796875,-15.0,0.0,15.0,0.0,-342.0,0.0,342.0,0.0,0.0,0.0,0.0,0.0,0.0,0.0,0.0,0.0,0.0,0.0,0.0,0.0,0.0,0.0,0.0,0.0,0.0,0.0,0.0,0.0,0.0,0.0,0.0,0.0,0.0,0.0,0.0,0.0,0.0,0.0,0.0,0.0,-80.09130859375,0.0,80.09375,0.0,0.0,0.0,0.0,0.0,0.0,0.0,0.0,0.0,0.0,0.0,0.0,0.0,0.0,0.0,0.0,0.0,0.0,0.0,0.0,0.0,0.0,0.0,0.0,0.0,0.0,0.0,0.0,0.0,0.0,0.0,0.0,0.0,0.0,0.0,0.0,0.0,0.0,0.0,0.0,0.0,6586.447021484375,0.0,106390.125,11186.796875,-437.09130859375,0.0,437.09375,0.0,-6.2232351850621725,0.0,0.4125353991985321,0.0,TX
7725472,TX,4818,0.18181288242340088,5,3.0,114415.6796875,168450.203125,5,0,11325.408203125,0.0,148318.109375,0.0,0.0,0.0,0.0,0.0,-230.0,0.0,230.0,0.0,-73.7734375,0.0,73.765625,0.0,0.0,0.0,0.0,0.0,0.0,0.0,0.0,0.0,-600.0,0.0,600.0,0.0,0.0,0.0,0.0,0.0,0.0,0.0,0.0,0.0,0.0,0.0,0.0,0.0,0.0,0.0,0.0,0.0,0.0,0.0,0.0,0.0,-440.0,0.0,440.0,0.0,0.0,0.0,0.0,0.0,0.0,0.0,0.0,0.0,0.0,0.0,0.0,0.0,0.0,0.0,0.0,0.0,0.0,0.0,0.0,0.0,0.0,0.0,0.0,0.0,0.0,0.0,0.0,0.0,0.0,0.0,0.0,0.0,0.0,0.0,0.0,0.0,0.0,0.0,0.0,0.0,9981.634765625,0.0,149661.875,0.0,-1343.7734375,0.0,1343.765625,0.0,-11.865121445505293,0.0,0.906002402305603,0.0,TX
7725473,TX,4818,143.5459747314453,2,0.0,8943.175109863281,13340.173828125,2,0,0.0,0.0,17441.6953125,4785.28466796875,0.0,0.0,0.0,4785.28466796875,0.0,0.0,0.0,0.0,0.0,0.0,0.0,0.0,0.0,0.0,0.0,0.0,0.0,0.0,0.0,0.0,0.0,0.0,0.0,0.0,0.0,0.0,0.0,0.0,0.0,0.0,0.0,0.0,0.0,0.0,0.0,0.0,0.0,0.0,0.0,0.0,0.0,0.0,0.0,0.0,0.0,0.0,0.0,0.0,0.0,0.0,0.0,0.0,0.0,0.0,0.0,0.0,0.0,0.0,0.0,0.0,0.0,0.0,0.0,0.0,0.0,0.0,0.0,0.0,0.0,0.0,0.0,0.0,0.0,0.0,0.0,0.0,0.0,0.0,0.0,0.0,0.0,0.0,0.0,0.0,0.0,0.0,0.0,0.0,0.0,0.0,17441.6953125,4785.28466796875,0.0,0.0,0.0,0.0,0.0,0.0,0.0,0.0,TX
7725474,TX,4818,0.21066397428512573,2,0.0,0.0,155931.734375,2,0,9956.986328125,0.0,204409.984375,43551.8828125,0.0,0.0,0.0,43551.8828125,-10.0,0.0,10.0,0.0,-513.0,0.0,513.0,0.0,0.0,0.0,0.0,0.0,0.0,0.0,0.0,0.0,0.0,0.0,0.0,0.0,0.0,0.0,0.0,0.0,0.0,0.0,0.0,0.0,0.0,0.0,0.0,0.0,0.0,0.0,0.0,0.0,0.0,0.0,0.0,0.0,0.0,0.0,0.0,0.0,0.0,0.0,0.0,0.0,0.0,0.0,0.0,0.0,0.0,0.0,0.0,0.0,0.0,0.0,0.0,0.0,0.0,0.0,0.0,0.0,-3143.9052734375,0.0,3143.90625,0.0,0.0,0.0,0.0,0.0,0.0,0.0,0.0,0.0,0.0,0.0,0.0,0.0,0.0,0.0,0.0,0.0,6290.0810546875,0.0,208076.890625,43551.8828125,-3666.9052734375,0.0,3666.90625,0.0,-36.82746116743956,0.0,1.7938978672027588,0.0,TX
7725475,TX,4818,47.49989318847656,2,0.0,27874.83203125,27875.66015625,0,2,0.0,0.0,60674.1953125,719.1133422851562,0.0,34211.45703125,0.0,34930.570373535156,0.0,0.0,0.0,0.0,0.0,0.0,0.0,0.0,0.0,0.0,0.0,0.0,0.0,0.0,0.0,0.0,0.0,0.0,0.0,0.0,0.0,0.0,0.0,0.0,0.0,0.0,0.0,0.0,0.0,0.0,0.0,0.0,0.0,0.0,0.0,0.0,0.0,0.0,0.0,0.0,0.0,0.0,0.0,0.0,0.0,0.0,0.0,0.0,0.0,0.0,0.0,0.0,0.0,0.0,0.0,0.0,0.0,0.0,0.0,0.0,0.0,0.0,0.0,0.0,0.0,0.0,0.0,0.0,0.0,0.0,0.0,0.0,0.0,0.0,0.0,0.0,0.0,0.0,0.0,0.0,0.0,0.0,0.0,0.0,0.0,0.0,60674.1953125,34930.570373535156,0.0,0.0,0.0,0.0,0.0,0.0,0.0,0.0,TX
7725476,TX,4818,107.14024353027344,2,0.0,27990.976440429688,27990.9765625,1,1,0.0,0.0,57065.421875,7153.224609375,0.0,17196.986328125,0.0,24350.2109375,0.0,0.0,0.0,0.0,0.0,0.0,0.0,0.0,0.0,0.0,0.0,0.0,0.0,0.0,0.0,0.0,0.0,0.0,0.0,0.0,0.0,0.0,0.0,0.0,0.0,0.0,0.0,0.0,0.0,0.0,0.0,0.0,0.0,0.0,0.0,0.0,0.0,0.0,0.0,0.0,0.0,0.0,0.0,0.0,0.0,0.0,0.0,0.0,0.0,0.0,0.0,0.0,0.0,0.0,0.0,0.0,0.0,0.0,0.0,0.0,0.0,0.0,0.0,0.0,0.0,0.0,0.0,0.0,0.0,0.0,0.0,0.0,0.0,0.0,0.0,0.0,0.0,0.0,0.0,0.0,0.0,0.0,0.0,0.0,0.0,0.0,57065.421875,24350.2109375,0.0,0.0,0.0,0.0,0.0,0.0,0.0,0.0,TX
7725477,TX,4818,0.1572752743959427,3,1.0,394646.015625,418908.5,3,0,77468.6484375,0.0,331993.0625,0.0,0.0,0.0,0.0,0.0,-292.0,0.0,292.0,0.0,-456.0,0.0,456.0,0.0,0.0,0.0,0.0,0.0,0.0,0.0,0.0,0.0,-200.0,0.0,200.0,0.0,0.0,0.0,0.0,0.0,0.0,0.0,0.0,0.0,0.0,0.0,0.0,0.0,0.0,0.0,0.0,0.0,0.0,0.0,0.0,0.0,0.0,0.0,0.0,0.0,0.0,0.0,0.0,0.0,0.0,0.0,0.0,0.0,0.0,0.0,0.0,0.0,0.0,0.0,0.0,0.0,0.0,0.0,0.0,0.0,0.0,0.0,0.0,0.0,0.0,0.0,0.0,0.0,0.0,0.0,0.0,0.0,0.0,0.0,0.0,0.0,0.0,0.0,0.0,0.0,76520.6484375,0.0,332941.0625,0.0,-948.0,0.0,948.0,0.0,-1.223720845943021,0.0,0.2855481207370758,0.0,TX
7725478,TX,4818,0.1091417744755745,2,0.0,92916.10546875,92916.10546875,2,0,7027.9326171875,0.0,78780.09375,0.0,0.0,0.0,0.0,0.0,-10.0,0.0,10.0,0.0,-228.0,0.0,228.0,0.0,0.0,0.0,0.0,0.0,0.0,0.0,0.0,0.0,0.0,0.0,0.0,0.0,0.0,0.0,0.0,0.0,0.0,0.0,0.0,0.0,0.0,0.0,0.0,0.0,0.0,0.0,0.0,0.0,0.0,0.0,0.0,0.0,0.0,0.0,0.0,0.0,0.0,0.0,0.0,0.0,0.0,0.0,0.0,0.0,0.0,0.0,0.0,0.0,0.0,0.0,0.0,0.0,0.0,0.0,0.0,0.0,0.0,0.0,0.0,0.0,0.0,0.0,0.0,0.0,0.0,0.0,0.0,0.0,0.0,0.0,0.0,0.0,0.0,0.0,0.0,0.0,6789.9326171875,0.0,79018.09375,0.0,-238.0,0.0,238.0,0.0,-3.386486652105167,0.0,0.3021067678928375,0.0,TX
7725479,TX,4818,0.12528641521930695,3,0.0,459949.046875,473938.265625,3,0,112447.3056640625,0.0,369646.21875,22234.806640625,0.0,0.0,0.0,22234.806640625,-362.488525390625,0.0,362.46875,0.0,-522.5,0.0,522.5,0.0,0.0,0.0,0.0,0.0,0.0,0.0,0.0,0.0,0.0,0.0,0.0,0.0,0.0,0.0,0.0,0.0,0.0,0.0,0.0,0.0,0.0,0.0,0.0,0.0,0.0,0.0,0.0,0.0,0.0,0.0,0.0,0.0,-200.0,0.0,200.0,0.0,0.0,0.0,0.0,0.0,0.0,0.0,0.0,0.0,0.0,0.0,0.0,0.0,0.0,0.0,0.0,0.0,0.0,0.0,0.0,0.0,-600.0,0.0,600.0,0.0,0.0,0.0,0.0,0.0,0.0,0.0,0.0,0.0,0.0,0.0,0.0,0.0,0.0,0.0,0.0,0.0,110762.31713867188,0.0,371331.1875,22234.806640625,-1684.988525390625,0.0,1684.96875,0.0,-1.4984694523713586,0.0,0.4558328092098236,0.0,TX
7725480,TX,4818,446.2640686035156,1,0.0,0.0,0.0,1,0,0.0,0.0,38293.46875,18070.30859375,20223.16015625,0.0,0.0,38293.46875,0.0,0.0,0.0,0.0,0.0,0.0,0.0,0.0,0.0,0.0,0.0,0.0,0.0,0.0,0.0,0.0,0.0,0.0,0.0,0.0,0.0,0.0,0.0,0.0,0.0,0.0,0.0,0.0,0.0,0.0,0.0,0.0,0.0,0.0,0.0,0.0,0.0,0.0,0.0,0.0,0.0,0.0,0.0,0.0,0.0,0.0,0.0,0.0,0.0,0.0,0.0,0.0,0.0,0.0,0.0,0.0,0.0,0.0,0.0,0.0,0.0,0.0,0.0,0.0,0.0,0.0,0.0,0.0,0.0,0.0,0.0,0.0,0.0,0.0,0.0,0.0,0.0,0.0,0.0,0.0,0.0,0.0,0.0,0.0,0.0,0.0,38293.46875,38293.46875,0.0,0.0,0.0,0.0,0.0,0.0,0.0,0.0,TX
7725481,TX,4818,109.58784484863281,1,0.0,0.0,0.0,1,0,0.0,0.0,29029.01171875,8805.8505859375,20223.16015625,0.0,0.0,29029.0107421875,0.0,0.0,0.0,0.0,0.0,0.0,0.0,0.0,0.0,0.0,0.0,0.0,0.0,0.0,0.0,0.0,0.0,0.0,0.0,0.0,0.0,0.0,0.0,0.0,0.0,0.0,0.0,0.0,0.0,0.0,0.0,0.0,0.0,0.0,0.0,0.0,0.0,0.0,0.0,0.0,0.0,0.0,0.0,0.0,0.0,0.0,0.0,0.0,0.0,0.0,0.0,0.0,0.0,0.0,0.0,0.0,0.0,0.0,0.0,0.0,0.0,0.0,0.0,0.0,0.0,0.0,0.0,0.0,0.0,0.0,0.0,0.0,0.0,0.0,0.0,0.0,0.0,0.0,0.0,0.0,0.0,0.0,-20223.16015625,-20223.16015625,0.0,0.0,8805.8505859375,8805.8505859375,0.0,0.0,-20223.16015625,-20223.16015625,0.0,0.0,-69.66534423828125,-69.66534387222481,TX
7725482,TX,4818,0.23977281153202057,1,0.0,40430.44921875,42333.171875,1,0,3018.980712890625,0.0,37337.0078125,0.0,0.0,0.0,0.0,0.0,-5.0,0.0,5.0,0.0,-114.0,0.0,114.0,0.0,0.0,0.0,0.0,0.0,0.0,0.0,0.0,0.0,0.0,0.0,0.0,0.0,0.0,0.0,0.0,0.0,0.0,0.0,0.0,0.0,0.0,0.0,0.0,0.0,0.0,0.0,0.0,0.0,0.0,0.0,0.0,0.0,0.0,0.0,0.0,0.0,0.0,0.0,0.0,0.0,0.0,0.0,0.0,0.0,0.0,0.0,0.0,0.0,0.0,0.0,0.0,0.0,-58.7724609375,0.0,58.7734375,0.0,0.0,0.0,0.0,0.0,0.0,0.0,0.0,0.0,0.0,0.0,0.0,0.0,0.0,0.0,0.0,0.0,0.0,0.0,0.0,0.0,2841.208251953125,0.0,37514.78125,0.0,-177.7724609375,0.0,177.7734375,0.0,-5.888492767722446,0.0,0.47613200545310974,0.0,TX
7725483,TX,4818,265.12322998046875,4,2.0,47038.7783203125,12197.6064453125,3,1,0.0,0.0,58539.5390625,1003.27294921875,14093.5859375,0.0,0.0,15096.85888671875,0.0,0.0,0.0,0.0,0.0,0.0,0.0,0.0,0.0,0.0,0.0,0.0,0.0,0.0,0.0,0.0,0.0,0.0,0.0,0.0,0.0,0.0,0.0,0.0,0.0,0.0,0.0,0.0,0.0,0.0,0.0,0.0,0.0,0.0,0.0,0.0,0.0,0.0,0.0,0.0,0.0,0.0,0.0,0.0,0.0,0.0,0.0,0.0,0.0,0.0,0.0,0.0,0.0,0.0,0.0,0.0,0.0,0.0,0.0,0.0,0.0,0.0,0.0,0.0,0.0,0.0,0.0,0.0,0.0,0.0,0.0,0.0,0.0,0.0,0.0,0.0,0.0,0.0,0.0,0.0,0.0,0.0,0.0,0.0,0.0,0.0,58539.5390625,15096.85888671875,0.0,0.0,0.0,0.0,0.0,0.0,0.0,0.0,TX
7725484,TX,4818,0.11761805415153503,2,0.0,224794.5234375,224794.5234375,2,0,32480.84375,0.0,176805.375,0.0,0.0,0.0,0.0,0.0,-246.0,0.0,246.0,0.0,-437.0,0.0,437.0,0.0,0.0,0.0,0.0,0.0,0.0,0.0,0.0,0.0,0.0,0.0,0.0,0.0,0.0,0.0,0.0,0.0,0.0,0.0,0.0,0.0,0.0,0.0,0.0,0.0,0.0,0.0,0.0,0.0,0.0,0.0,0.0,0.0,0.0,0.0,0.0,0.0,0.0,0.0,0.0,0.0,0.0,0.0,0.0,0.0,0.0,0.0,0.0,0.0,0.0,0.0,0.0,0.0,0.0,0.0,0.0,0.0,0.0,0.0,0.0,0.0,-127.193359375,0.0,127.1875,0.0,0.0,0.0,0.0,0.0,0.0,0.0,0.0,0.0,0.0,0.0,0.0,0.0,31670.650390625,0.0,177615.5625,0.0,-810.193359375,0.0,810.1875,0.0,-2.4943728851717406,0.0,0.4582369327545166,0.0,TX
7725485,TX,4818,0.1762801706790924,2,0.0,129703.875,129703.875,2,0,12228.13525390625,0.0,110254.96875,0.0,0.0,0.0,0.0,0.0,-120.0,0.0,120.0,0.0,-323.0,0.0,323.0,0.0,0.0,0.0,0.0,0.0,0.0,0.0,0.0,0.0,0.0,0.0,0.0,0.0,0.0,0.0,0.0,0.0,0.0,0.0,0.0,0.0,0.0,0.0,0.0,0.0,0.0,0.0,0.0,0.0,0.0,0.0,0.0,0.0,0.0,0.0,0.0,0.0,0.0,0.0,0.0,0.0,0.0,0.0,0.0,0.0,0.0,0.0,0.0,0.0,0.0,0.0,0.0,0.0,0.0,0.0,0.0,0.0,0.0,0.0,0.0,0.0,-124.02978515625,0.0,124.03125,0.0,0.0,0.0,0.0,0.0,0.0,0.0,0.0,0.0,0.0,0.0,0.0,0.0,11661.10546875,0.0,110822.0,0.0,-567.02978515625,0.0,567.03125,0.0,-4.637091211230376,0.0,0.5142909288406372,0.0,TX
7725486,TX,4818,0.14636625349521637,3,0.0,320570.640625,338422.8977022171,3,0,59098.33984375,0.0,292743.46875,0.0,0.0,0.0,0.0,0.0,-292.0,0.0,292.0,0.0,-456.0,0.0,456.0,0.0,0.0,0.0,0.0,0.0,0.0,0.0,0.0,0.0,0.0,0.0,0.0,0.0,0.0,0.0,0.0,0.0,-1084.41015625,0.0,1084.40625,0.0,0.0,0.0,0.0,0.0,0.0,0.0,0.0,0.0,0.0,0.0,0.0,0.0,-480.0,0.0,480.0,0.0,0.0,0.0,0.0,0.0,0.0,0.0,0.0,0.0,0.0,0.0,0.0,0.0,0.0,0.0,0.0,0.0,0.0,0.0,0.0,0.0,0.0,0.0,0.0,0.0,0.0,0.0,0.0,0.0,0.0,0.0,0.0,0.0,0.0,0.0,0.0,0.0,0.0,0.0,0.0,0.0,56785.9296875,0.0,295055.875,0.0,-2312.41015625,0.0,2312.40625,0.0,-3.9128174536946005,0.0,0.789908766746521,0.0,TX
7725487,TX,4818,0.2029932141304016,3,1.0,137445.125,138274.046875,3,0,10808.2900390625,0.0,139015.0,0.0,0.0,0.0,0.0,0.0,-230.0,0.0,230.0,0.0,-418.0,0.0,418.0,0.0,0.0,0.0,0.0,0.0,0.0,0.0,0.0,0.0,-200.0,0.0,200.0,0.0,0.0,0.0,0.0,0.0,0.0,0.0,0.0,0.0,0.0,0.0,0.0,0.0,0.0,0.0,0.0,0.0,0.0,0.0,0.0,0.0,0.0,0.0,0.0,0.0,0.0,0.0,0.0,0.0,0.0,0.0,0.0,0.0,0.0,0.0,0.0,0.0,0.0,0.0,0.0,0.0,0.0,0.0,0.0,0.0,0.0,0.0,0.0,0.0,0.0,0.0,0.0,0.0,0.0,0.0,0.0,0.0,0.0,0.0,0.0,0.0,0.0,0.0,0.0,0.0,9960.2900390625,0.0,139863.0,0.0,-848.0,0.0,848.0,0.0,-7.845829422926502,0.0,0.6100061535835266,0.0,TX
7725488,TX,4818,74.04816436767578,3,1.0,0.0,297.8172912597656,3,0,0.0,0.0,87236.4765625,38410.06640625,4137.51025390625,6844.1376953125,0.0,49391.71435546875,0.0,0.0,0.0,0.0,0.0,0.0,0.0,0.0,0.0,0.0,0.0,0.0,0.0,0.0,0.0,0.0,0.0,0.0,0.0,0.0,0.0,0.0,0.0,0.0,0.0,0.0,0.0,0.0,0.0,0.0,0.0,0.0,0.0,0.0,0.0,0.0,0.0,0.0,0.0,0.0,0.0,0.0,0.0,0.0,0.0,0.0,0.0,0.0,0.0,0.0,0.0,0.0,0.0,0.0,0.0,0.0,0.0,0.0,0.0,0.0,0.0,0.0,0.0,0.0,0.0,0.0,0.0,0.0,0.0,0.0,0.0,0.0,0.0,0.0,0.0,0.0,0.0,0.0,0.0,0.0,0.0,0.0,0.0,0.0,0.0,0.0,87236.4765625,49391.71435546875,0.0,0.0,0.0,0.0,0.0,0.0,0.0,0.0,TX
7725489,TX,4818,0.18295525014400482,3,0.0,59426.732421875,184697.939453125,3,0,15857.00927734375,0.0,229409.640625,52707.390625,0.0,0.0,0.0,52707.390625,-235.0,0.0,235.0,0.0,-532.0,0.0,532.0,0.0,0.0,0.0,0.0,0.0,0.0,0.0,0.0,0.0,0.0,0.0,0.0,0.0,0.0,0.0,0.0,0.0,0.0,0.0,0.0,0.0,0.0,0.0,0.0,0.0,0.0,0.0,0.0,0.0,0.0,0.0,0.0,0.0,0.0,0.0,0.0,0.0,0.0,0.0,0.0,0.0,0.0,0.0,0.0,0.0,0.0,0.0,0.0,0.0,0.0,0.0,0.0,0.0,0.0,0.0,0.0,0.0,-1245.2666015625,0.0,1245.265625,0.0,0.0,0.0,0.0,0.0,0.0,0.0,0.0,0.0,0.0,0.0,0.0,0.0,0.0,0.0,0.0,0.0,13844.74267578125,0.0,231421.90625,52707.390625,-2012.2666015625,0.0,2012.265625,0.0,-12.690076459989182,0.0,0.8771495819091797,0.0,TX
7725490,TX,4818,130.30731201171875,1,0.0,0.0,41.36351013183594,1,0,0.0,0.0,66608.296875,33273.734375,0.0,0.0,0.0,33273.734375,0.0,0.0,0.0,0.0,0.0,0.0,0.0,0.0,0.0,0.0,0.0,0.0,0.0,0.0,0.0,0.0,0.0,0.0,0.0,0.0,0.0,0.0,0.0,0.0,0.0,0.0,0.0,0.0,0.0,0.0,0.0,0.0,0.0,0.0,0.0,0.0,0.0,0.0,0.0,0.0,0.0,0.0,0.0,0.0,0.0,0.0,0.0,0.0,0.0,0.0,0.0,0.0,0.0,0.0,0.0,0.0,0.0,0.0,0.0,0.0,0.0,0.0,0.0,0.0,0.0,0.0,0.0,0.0,0.0,0.0,0.0,0.0,0.0,0.0,0.0,0.0,0.0,0.0,0.0,0.0,0.0,0.0,0.0,0.0,0.0,0.0,66608.296875,33273.734375,0.0,0.0,0.0,0.0,0.0,0.0,0.0,0.0,TX
7725491,TX,4818,0.377471923828125,1,0.0,56181.46875,56181.46875,1,0,4680.7763671875,0.0,49093.90625,0.0,0.0,0.0,0.0,0.0,-5.0,0.0,5.0,0.0,-114.0,0.0,114.0,0.0,0.0,0.0,0.0,0.0,0.0,0.0,0.0,0.0,0.0,0.0,0.0,0.0,0.0,0.0,0.0,0.0,0.0,0.0,0.0,0.0,0.0,0.0,0.0,0.0,0.0,0.0,0.0,0.0,0.0,0.0,0.0,0.0,0.0,0.0,0.0,0.0,0.0,0.0,0.0,0.0,0.0,0.0,0.0,0.0,0.0,0.0,0.0,0.0,0.0,0.0,0.0,0.0,0.0,0.0,0.0,0.0,0.0,0.0,0.0,0.0,0.0,0.0,0.0,0.0,0.0,0.0,0.0,0.0,0.0,0.0,0.0,0.0,0.0,0.0,0.0,0.0,4561.7763671875,0.0,49212.90625,0.0,-119.0,0.0,119.0,0.0,-2.542313297302485,0.0,0.24239259958267212,0.0,TX
7725492,TX,4818,208.32107543945312,3,2.0,0.0,0.0,2,1,0.0,0.0,39895.7890625,25802.201171875,14093.5859375,0.0,0.0,39895.787109375,0.0,0.0,0.0,0.0,0.0,0.0,0.0,0.0,0.0,0.0,0.0,0.0,0.0,0.0,0.0,0.0,0.0,0.0,0.0,0.0,0.0,0.0,0.0,0.0,0.0,0.0,0.0,0.0,0.0,0.0,0.0,0.0,0.0,0.0,0.0,0.0,0.0,0.0,0.0,0.0,0.0,0.0,0.0,0.0,0.0,0.0,0.0,0.0,0.0,0.0,0.0,0.0,0.0,0.0,0.0,0.0,0.0,0.0,0.0,0.0,0.0,0.0,0.0,0.0,0.0,0.0,0.0,0.0,0.0,0.0,0.0,0.0,0.0,0.0,0.0,0.0,0.0,0.0,0.0,0.0,0.0,0.0,0.0,0.0,0.0,0.0,39895.7890625,39895.787109375,0.0,0.0,0.0,0.0,0.0,0.0,0.0,0.0,TX
7725493,TX,4818,0.11712244153022766,1,0.0,20820.8359375,20838.208984375,1,0,0.0,0.0,23060.921875,1399.139892578125,0.0,0.0,0.0,1399.139892578125,0.0,0.0,0.0,0.0,0.0,0.0,0.0,0.0,0.0,0.0,0.0,0.0,0.0,0.0,0.0,0.0,0.0,0.0,0.0,0.0,0.0,0.0,0.0,0.0,0.0,0.0,0.0,0.0,0.0,0.0,0.0,0.0,0.0,0.0,0.0,0.0,0.0,0.0,0.0,0.0,0.0,0.0,0.0,0.0,0.0,0.0,0.0,0.0,0.0,0.0,0.0,0.0,0.0,0.0,0.0,0.0,0.0,0.0,0.0,0.0,0.0,0.0,0.0,0.0,0.0,0.0,0.0,0.0,0.0,0.0,0.0,0.0,0.0,0.0,0.0,0.0,0.0,0.0,0.0,0.0,0.0,0.0,0.0,0.0,0.0,0.0,23060.921875,1399.139892578125,0.0,0.0,0.0,0.0,0.0,0.0,0.0,0.0,TX
7725494,TX,4818,43.20805358886719,4,2.0,0.0,-10857.7998046875,4,0,0.0,0.0,45762.51171875,20039.70703125,8275.0205078125,0.0,0.0,28314.7275390625,0.0,0.0,0.0,0.0,0.0,0.0,0.0,0.0,0.0,0.0,0.0,0.0,0.0,0.0,0.0,0.0,0.0,0.0,0.0,0.0,0.0,0.0,0.0,0.0,0.0,0.0,0.0,0.0,0.0,0.0,0.0,0.0,0.0,0.0,0.0,0.0,0.0,0.0,0.0,0.0,0.0,0.0,0.0,0.0,0.0,0.0,0.0,0.0,0.0,0.0,0.0,0.0,0.0,0.0,0.0,0.0,0.0,0.0,0.0,0.0,0.0,0.0,0.0,0.0,0.0,0.0,0.0,0.0,0.0,0.0,0.0,0.0,0.0,0.0,0.0,0.0,0.0,0.0,0.0,0.0,0.0,0.0,0.0,0.0,0.0,0.0,45762.51171875,28314.7275390625,0.0,0.0,0.0,0.0,0.0,0.0,0.0,0.0,TX
7725495,TX,4818,121.51492309570312,2,0.0,0.0,2167.371337890625,2,0,0.0,0.0,108737.5,53285.0625,0.0,0.0,0.0,53285.0625,0.0,0.0,0.0,0.0,0.0,0.0,0.0,0.0,0.0,0.0,0.0,0.0,0.0,0.0,0.0,0.0,0.0,0.0,0.0,0.0,0.0,0.0,0.0,0.0,0.0,0.0,0.0,0.0,0.0,0.0,0.0,0.0,0.0,0.0,0.0,0.0,0.0,0.0,0.0,0.0,0.0,0.0,0.0,0.0,0.0,0.0,0.0,0.0,0.0,0.0,0.0,0.0,0.0,0.0,0.0,0.0,0.0,0.0,0.0,0.0,0.0,0.0,0.0,0.0,0.0,0.0,0.0,0.0,0.0,0.0,0.0,0.0,0.0,0.0,0.0,0.0,0.0,0.0,0.0,0.0,0.0,0.0,0.0,0.0,0.0,0.0,108737.5,53285.0625,0.0,0.0,0.0,0.0,0.0,0.0,0.0,0.0,TX
7725496,TX,4818,0.22166116535663605,3,0.0,46141.265625,71055.2109375,3,0,4006.62548828125,0.0,100641.8359375,25699.73046875,0.0,0.0,0.0,25699.73046875,-10.0,0.0,10.0,0.0,-228.000244140625,0.0,228.0,0.0,0.0,0.0,0.0,0.0,0.0,0.0,0.0,0.0,0.0,0.0,0.0,0.0,0.0,0.0,0.0,0.0,0.0,0.0,0.0,0.0,0.0,0.0,0.0,0.0,0.0,0.0,0.0,0.0,0.0,0.0,0.0,0.0,0.0,0.0,0.0,0.0,0.0,0.0,0.0,0.0,0.0,0.0,0.0,0.0,0.0,0.0,0.0,0.0,0.0,0.0,0.0,0.0,0.0,0.0,0.0,0.0,-720.0,0.0,720.0,0.0,0.0,0.0,0.0,0.0,0.0,0.0,0.0,0.0,0.0,0.0,0.0,0.0,0.0,0.0,0.0,0.0,3048.625244140625,0.0,101599.8359375,25699.73046875,-958.000244140625,0.0,958.0,0.0,-23.910401582145006,0.0,0.9518904685974121,0.0,TX
7725497,TX,4818,112.01848602294922,2,0.0,0.0,-5388.0810546875,2,0,0.0,0.0,67122.890625,33705.2890625,0.0,0.0,0.0,33705.2890625,0.0,0.0,0.0,0.0,0.0,0.0,0.0,0.0,0.0,0.0,0.0,0.0,0.0,0.0,0.0,0.0,0.0,0.0,0.0,0.0,0.0,0.0,0.0,0.0,0.0,0.0,0.0,0.0,0.0,0.0,0.0,0.0,0.0,0.0,0.0,0.0,0.0,0.0,0.0,0.0,0.0,0.0,0.0,0.0,0.0,0.0,0.0,0.0,0.0,0.0,0.0,0.0,0.0,0.0,0.0,0.0,0.0,0.0,0.0,0.0,0.0,0.0,0.0,0.0,0.0,0.0,0.0,0.0,0.0,0.0,0.0,0.0,0.0,0.0,0.0,0.0,0.0,0.0,0.0,0.0,0.0,0.0,0.0,0.0,0.0,0.0,67122.890625,33705.2890625,0.0,0.0,0.0,0.0,0.0,0.0,0.0,0.0,TX
7725498,TX,4818,64.98948669433594,1,0.0,0.0,165.45404052734375,1,0,0.0,0.0,54391.609375,27074.146484375,0.0,0.0,0.0,27074.146484375,0.0,0.0,0.0,0.0,0.0,0.0,0.0,0.0,0.0,0.0,0.0,0.0,0.0,0.0,0.0,0.0,0.0,0.0,0.0,0.0,0.0,0.0,0.0,0.0,0.0,0.0,0.0,0.0,0.0,0.0,0.0,0.0,0.0,0.0,0.0,0.0,0.0,0.0,0.0,0.0,0.0,0.0,0.0,0.0,0.0,0.0,0.0,0.0,0.0,0.0,0.0,0.0,0.0,0.0,0.0,0.0,0.0,0.0,0.0,0.0,0.0,0.0,0.0,0.0,0.0,0.0,0.0,0.0,0.0,0.0,0.0,0.0,0.0,0.0,0.0,0.0,0.0,0.0,0.0,0.0,0.0,0.0,0.0,0.0,0.0,0.0,54391.609375,27074.146484375,0.0,0.0,0.0,0.0,0.0,0.0,0.0,0.0,TX
7725499,TX,4818,113.76081848144531,1,0.0,0.0,806.3076171875,1,0,0.0,0.0,51287.84375,24693.71484375,0.0,0.0,0.0,24693.71484375,0.0,0.0,0.0,0.0,0.0,0.0,0.0,0.0,0.0,0.0,0.0,0.0,0.0,0.0,0.0,0.0,0.0,0.0,0.0,0.0,0.0,0.0,0.0,0.0,0.0,0.0,0.0,0.0,0.0,0.0,0.0,0.0,0.0,0.0,0.0,0.0,0.0,0.0,0.0,0.0,0.0,0.0,0.0,0.0,0.0,0.0,0.0,0.0,0.0,0.0,0.0,0.0,0.0,0.0,0.0,0.0,0.0,0.0,0.0,0.0,0.0,0.0,0.0,0.0,0.0,0.0,0.0,0.0,0.0,0.0,0.0,0.0,0.0,0.0,0.0,0.0,0.0,0.0,0.0,0.0,0.0,0.0,0.0,0.0,0.0,0.0,51287.84375,24693.71484375,0.0,0.0,0.0,0.0,0.0,0.0,0.0,0.0,TX
7725500,TX,4818,0.11930244415998459,3,1.0,182580.15234375,939766.5,0,3,259401.109375,0.0,649602.5,0.0,0.0,0.0,0.0,0.0,-734.0,0.0,734.0,0.0,-703.0,0.0,703.0,0.0,0.0,0.0,0.0,0.0,0.0,0.0,0.0,0.0,0.0,0.0,0.0,0.0,0.0,0.0,0.0,0.0,-1850.0,0.0,1850.0,0.0,0.0,0.0,0.0,0.0,0.0,0.0,0.0,0.0,0.0,0.0,0.0,0.0,0.0,0.0,0.0,0.0,0.0,0.0,0.0,0.0,0.0,0.0,0.0,0.0,0.0,0.0,0.0,0.0,0.0,0.0,0.0,0.0,0.0,0.0,0.0,0.0,0.0,0.0,0.0,0.0,0.0,0.0,0.0,0.0,0.0,0.0,0.0,0.0,0.0,0.0,0.0,0.0,0.0,0.0,0.0,0.0,256114.109375,0.0,652889.5,0.0,-3287.0,0.0,3287.0,0.0,-1.2671495538009396,0.0,0.5060017704963684,0.0,TX
7725501,TX,4818,70.43600463867188,1,0.0,0.0,19.85448455810547,1,0,0.0,0.0,65948.859375,32959.83203125,0.0,0.0,0.0,32959.83203125,0.0,0.0,0.0,0.0,0.0,0.0,0.0,0.0,0.0,0.0,0.0,0.0,0.0,0.0,0.0,0.0,0.0,0.0,0.0,0.0,0.0,0.0,0.0,0.0,0.0,0.0,0.0,0.0,0.0,0.0,0.0,0.0,0.0,0.0,0.0,0.0,0.0,0.0,0.0,0.0,0.0,0.0,0.0,0.0,0.0,0.0,0.0,0.0,0.0,0.0,0.0,0.0,0.0,0.0,0.0,0.0,0.0,0.0,0.0,0.0,0.0,0.0,0.0,0.0,0.0,0.0,0.0,0.0,0.0,0.0,0.0,0.0,0.0,0.0,0.0,0.0,0.0,0.0,0.0,0.0,0.0,0.0,0.0,0.0,0.0,0.0,65948.859375,32959.83203125,0.0,0.0,0.0,0.0,0.0,0.0,0.0,0.0,TX
7725502,TX,4818,92.59866333007812,1,0.0,0.0,0.0,1,0,0.0,0.0,93277.1953125,46638.59765625,0.0,0.0,0.0,46638.59765625,0.0,0.0,0.0,0.0,0.0,0.0,0.0,0.0,0.0,0.0,0.0,0.0,0.0,0.0,0.0,0.0,0.0,0.0,0.0,0.0,0.0,0.0,0.0,0.0,0.0,0.0,0.0,0.0,0.0,0.0,0.0,0.0,0.0,0.0,0.0,0.0,0.0,0.0,0.0,0.0,0.0,0.0,0.0,0.0,0.0,0.0,0.0,0.0,0.0,0.0,0.0,0.0,0.0,0.0,0.0,0.0,0.0,0.0,0.0,0.0,0.0,0.0,0.0,0.0,0.0,0.0,0.0,0.0,0.0,0.0,0.0,0.0,0.0,0.0,0.0,0.0,0.0,0.0,0.0,0.0,0.0,0.0,0.0,0.0,0.0,0.0,93277.1953125,46638.59765625,0.0,0.0,0.0,0.0,0.0,0.0,0.0,0.0,TX
7725503,TX,4818,63.36439514160156,1,0.0,0.0,0.0,1,0,0.0,0.0,77691.03125,38845.515625,0.0,0.0,0.0,38845.515625,0.0,0.0,0.0,0.0,0.0,0.0,0.0,0.0,0.0,0.0,0.0,0.0,0.0,0.0,0.0,0.0,0.0,0.0,0.0,0.0,0.0,0.0,0.0,0.0,0.0,0.0,0.0,0.0,0.0,0.0,0.0,0.0,0.0,0.0,0.0,0.0,0.0,0.0,0.0,0.0,0.0,0.0,0.0,0.0,0.0,0.0,0.0,0.0,0.0,0.0,0.0,0.0,0.0,0.0,0.0,0.0,0.0,0.0,0.0,0.0,0.0,0.0,0.0,0.0,0.0,0.0,0.0,0.0,0.0,0.0,0.0,0.0,0.0,0.0,0.0,0.0,0.0,0.0,0.0,0.0,0.0,0.0,0.0,0.0,0.0,0.0,77691.03125,38845.515625,0.0,0.0,0.0,0.0,0.0,0.0,0.0,0.0,TX
7725504,TX,4818,422.4315185546875,1,0.0,0.0,0.0,1,0,0.0,0.0,33277.31640625,13054.1572265625,20223.16015625,0.0,0.0,33277.3173828125,0.0,0.0,0.0,0.0,0.0,0.0,0.0,0.0,0.0,0.0,0.0,0.0,0.0,0.0,0.0,0.0,0.0,0.0,0.0,0.0,0.0,0.0,0.0,0.0,0.0,0.0,0.0,0.0,0.0,0.0,0.0,0.0,0.0,0.0,0.0,0.0,0.0,0.0,0.0,0.0,0.0,0.0,0.0,0.0,0.0,0.0,0.0,0.0,0.0,0.0,0.0,0.0,0.0,0.0,0.0,0.0,0.0,0.0,0.0,0.0,0.0,0.0,0.0,0.0,0.0,0.0,0.0,0.0,0.0,0.0,0.0,0.0,0.0,0.0,0.0,0.0,0.0,0.0,0.0,0.0,0.0,0.0,0.0,0.0,0.0,0.0,33277.31640625,33277.3173828125,0.0,0.0,0.0,0.0,0.0,0.0,0.0,0.0,TX
7725505,TX,4818,0.11362104117870331,2,0.0,0.0,169313.8125,2,0,16528.3046875,0.0,229044.46875,51349.32421875,0.0,0.0,0.0,51349.32421875,-10.0,0.0,10.0,0.0,-513.0,0.0,513.0,0.0,0.0,0.0,0.0,0.0,0.0,0.0,0.0,0.0,0.0,0.0,0.0,0.0,0.0,0.0,0.0,0.0,0.0,0.0,0.0,0.0,0.0,0.0,0.0,0.0,0.0,0.0,0.0,0.0,0.0,0.0,0.0,0.0,-540.0,0.0,540.0,0.0,0.0,0.0,0.0,0.0,0.0,0.0,0.0,0.0,0.0,0.0,0.0,0.0,0.0,0.0,0.0,0.0,0.0,0.0,0.0,0.0,-2927.1171875,0.0,2927.109375,0.0,0.0,0.0,0.0,0.0,0.0,0.0,0.0,0.0,0.0,0.0,0.0,0.0,0.0,0.0,0.0,0.0,12538.1875,0.0,233034.578125,51349.32421875,-3990.1171875,0.0,3990.109375,0.0,-24.141115879341452,0.0,1.742067575454712,0.0,TX
7725506,TX,4818,0.12019408494234085,2,0.0,66985.5078125,599643.1484375,2,0,156591.291015625,0.0,441972.9375,0.0,0.0,0.0,0.0,0.0,-477.25,0.0,477.25,0.0,-541.5,0.0,541.5,0.0,0.0,0.0,0.0,0.0,0.0,0.0,0.0,0.0,0.0,0.0,0.0,0.0,0.0,0.0,0.0,0.0,0.0,0.0,0.0,0.0,0.0,0.0,0.0,0.0,0.0,0.0,0.0,0.0,0.0,0.0,0.0,0.0,-350.0,0.0,350.0,0.0,0.0,0.0,0.0,0.0,0.0,0.0,0.0,0.0,0.0,0.0,0.0,0.0,0.0,0.0,0.0,0.0,0.0,0.0,0.0,0.0,0.0,0.0,0.0,0.0,-116.40771484375,0.0,116.40625,0.0,0.0,0.0,0.0,0.0,0.0,0.0,0.0,0.0,0.0,0.0,0.0,0.0,155106.13330078125,0.0,443458.09375,0.0,-1485.15771484375,0.0,1485.15625,0.0,-0.9484293189048156,0.0,0.3360287845134735,0.0,TX
7725507,TX,4818,149.6822967529297,1,0.0,0.0,0.0,1,0,0.0,0.0,44858.921875,24635.76171875,20223.16015625,0.0,0.0,44858.921875,0.0,0.0,0.0,0.0,0.0,0.0,0.0,0.0,0.0,0.0,0.0,0.0,0.0,0.0,0.0,0.0,0.0,0.0,0.0,0.0,0.0,0.0,0.0,0.0,0.0,0.0,0.0,0.0,0.0,0.0,0.0,0.0,0.0,0.0,0.0,0.0,0.0,0.0,0.0,0.0,0.0,0.0,0.0,0.0,0.0,0.0,0.0,0.0,0.0,0.0,0.0,0.0,0.0,0.0,0.0,0.0,0.0,0.0,0.0,0.0,0.0,0.0,0.0,0.0,0.0,0.0,0.0,0.0,0.0,0.0,0.0,0.0,0.0,0.0,0.0,0.0,0.0,0.0,0.0,0.0,0.0,0.0,0.0,0.0,0.0,0.0,44858.921875,44858.921875,0.0,0.0,0.0,0.0,0.0,0.0,0.0,0.0,TX
7725508,TX,4818,0.11468245834112167,3,0.0,401220.734375,405589.3828125,3,0,73071.3369140625,0.0,337268.0625,0.0,0.0,0.0,0.0,0.0,-372.25,0.0,372.25,0.0,-560.5,0.0,560.5,0.0,0.0,0.0,0.0,0.0,0.0,0.0,0.0,0.0,0.0,0.0,0.0,0.0,0.0,0.0,0.0,0.0,0.0,0.0,0.0,0.0,0.0,0.0,0.0,0.0,0.0,0.0,0.0,0.0,0.0,0.0,0.0,0.0,-37.3359375,0.0,37.3125,0.0,0.0,0.0,0.0,0.0,0.0,0.0,0.0,0.0,0.0,0.0,0.0,0.0,0.0,0.0,0.0,0.0,0.0,0.0,0.0,0.0,0.0,0.0,0.0,0.0,-70.0400390625,0.0,70.0625,0.0,0.0,0.0,0.0,0.0,0.0,0.0,0.0,0.0,0.0,0.0,0.0,0.0,72031.2109375,0.0,338308.1875,0.0,-1040.1259765625,0.0,1040.125,0.0,-1.423439094573797,0.0,0.3083971440792084,0.0,TX
7725509,TX,4818,458.1405334472656,1,0.0,0.0,0.8272702097892761,1,0,0.0,0.0,42294.28125,29213.767578125,0.0,0.0,0.0,29213.767578125,0.0,0.0,0.0,0.0,0.0,0.0,0.0,0.0,0.0,0.0,0.0,0.0,0.0,0.0,0.0,0.0,0.0,0.0,0.0,0.0,0.0,0.0,0.0,0.0,0.0,0.0,0.0,0.0,0.0,0.0,0.0,0.0,0.0,0.0,0.0,0.0,0.0,0.0,0.0,0.0,0.0,0.0,0.0,0.0,0.0,0.0,0.0,0.0,0.0,0.0,0.0,0.0,0.0,0.0,0.0,0.0,0.0,0.0,0.0,0.0,0.0,0.0,0.0,0.0,0.0,0.0,0.0,0.0,0.0,0.0,0.0,0.0,0.0,0.0,0.0,0.0,0.0,0.0,0.0,0.0,0.0,0.0,0.0,0.0,0.0,0.0,42294.28125,29213.767578125,0.0,0.0,0.0,0.0,0.0,0.0,0.0,0.0,TX
7725510,TX,4818,0.11702293157577515,1,0.0,48221.375,47857.96484375,1,0,2624.546142578125,0.0,69435.640625,0.0,0.0,0.0,0.0,0.0,-5.0,0.0,5.0,0.0,0.0,0.0,0.0,0.0,0.0,0.0,0.0,0.0,0.0,0.0,0.0,0.0,0.0,0.0,0.0,0.0,0.0,0.0,0.0,0.0,0.0,0.0,0.0,0.0,0.0,0.0,0.0,0.0,0.0,0.0,0.0,0.0,0.0,0.0,0.0,0.0,0.0,0.0,0.0,0.0,0.0,0.0,0.0,0.0,0.0,0.0,0.0,0.0,0.0,0.0,0.0,0.0,0.0,0.0,0.0,0.0,0.0,0.0,0.0,0.0,0.0,0.0,0.0,0.0,-74.19091796875,0.0,74.1953125,0.0,0.0,0.0,0.0,0.0,0.0,0.0,0.0,0.0,0.0,0.0,0.0,0.0,2545.355224609375,0.0,69514.8359375,0.0,-79.19091796875,0.0,79.1953125,0.0,-3.017318563542562,0.0,0.11405570805072784,0.0,TX
7725511,TX,4818,0.11677505075931549,3,1.0,60282.90234375,60282.90234375,1,2,585.465087890625,0.0,70784.015625,0.0,4137.51025390625,11448.1484375,0.0,15585.65869140625,-5.0,0.0,5.0,0.0,-114.0,0.0,114.0,0.0,0.0,0.0,0.0,0.0,1800.0,0.0,-1800.0,0.0,0.0,0.0,0.0,0.0,0.0,0.0,0.0,0.0,0.0,0.0,0.0,0.0,0.0,0.0,0.0,0.0,0.0,0.0,0.0,0.0,0.0,0.0,0.0,0.0,0.0,0.0,0.0,0.0,0.0,0.0,0.0,0.0,0.0,0.0,0.0,0.0,0.0,0.0,0.0,0.0,0.0,0.0,0.0,0.0,0.0,0.0,0.0,0.0,0.0,0.0,0.0,0.0,-89.88525390625,0.0,89.890625,0.0,0.0,0.0,0.0,0.0,0.0,0.0,0.0,0.0,0.0,0.0,0.0,0.0,2176.579833984375,0.0,69192.90625,15585.65869140625,1591.11474609375,0.0,-1591.109375,0.0,271.7693640497651,0.0,-2.2478370666503906,0.0,TX
7725512,TX,4818,0.10664856433868408,2,0.0,413715.15625,469411.09375,1,1,93116.328125,0.0,409860.9375,0.0,0.0,0.0,0.0,0.0,-764.0,0.0,764.0,0.0,-608.0,0.0,608.0,0.0,0.0,0.0,0.0,0.0,0.0,0.0,0.0,0.0,0.0,0.0,0.0,0.0,0.0,0.0,0.0,0.0,0.0,0.0,0.0,0.0,0.0,0.0,0.0,0.0,0.0,0.0,0.0,0.0,0.0,0.0,0.0,0.0,0.0,0.0,0.0,0.0,0.0,0.0,0.0,0.0,0.0,0.0,0.0,0.0,0.0,0.0,0.0,0.0,0.0,0.0,0.0,0.0,0.0,0.0,0.0,0.0,0.0,0.0,0.0,0.0,0.0,0.0,0.0,0.0,0.0,0.0,0.0,0.0,0.0,0.0,0.0,0.0,0.0,0.0,0.0,0.0,91744.328125,0.0,411232.9375,0.0,-1372.0,0.0,1372.0,0.0,-1.473425797200914,0.0,0.33474770188331604,0.0,TX
7725513,TX,4818,0.10863979905843735,5,1.0,1057021.125,1061567.5122070312,5,0,302903.75,0.0,800921.4375,0.0,40446.3203125,0.0,0.0,40446.3203125,-734.0,0.0,734.0,0.0,-703.0,0.0,703.0,0.0,0.0,0.0,0.0,0.0,0.0,0.0,0.0,0.0,0.0,0.0,0.0,0.0,0.0,0.0,0.0,0.0,0.0,0.0,0.0,0.0,0.0,0.0,0.0,0.0,0.0,0.0,0.0,0.0,0.0,0.0,0.0,0.0,-740.0,0.0,740.0,0.0,0.0,0.0,0.0,0.0,0.0,0.0,0.0,0.0,0.0,0.0,0.0,0.0,0.0,0.0,0.0,0.0,0.0,0.0,0.0,0.0,0.0,0.0,0.0,0.0,0.0,0.0,0.0,0.0,0.0,0.0,0.0,0.0,0.0,0.0,0.0,0.0,0.0,0.0,0.0,0.0,300726.75,0.0,803098.4375,40446.3203125,-2177.0,0.0,2177.0,0.0,-0.7187101513269479,0.0,0.27181193232536316,0.0,TX
7725514,TX,4818,0.13976146280765533,3,1.0,173092.0390625,175768.09375,3,0,19619.869140625,0.0,145121.984375,0.0,0.0,0.0,0.0,0.0,-230.0,0.0,230.0,0.0,-418.0,0.0,418.0,0.0,0.0,0.0,0.0,0.0,0.0,0.0,0.0,0.0,-200.0,0.0,200.0,0.0,0.0,0.0,0.0,0.0,0.0,0.0,0.0,0.0,0.0,0.0,0.0,0.0,0.0,0.0,0.0,0.0,0.0,0.0,0.0,0.0,-440.0,0.0,440.0,0.0,0.0,0.0,0.0,0.0,0.0,0.0,0.0,0.0,0.0,0.0,0.0,0.0,0.0,0.0,0.0,0.0,0.0,0.0,0.0,0.0,0.0,0.0,0.0,0.0,0.0,0.0,0.0,0.0,0.0,0.0,0.0,0.0,0.0,0.0,0.0,0.0,0.0,0.0,0.0,0.0,18331.869140625,0.0,146409.984375,0.0,-1288.0,0.0,1288.0,0.0,-6.564773652506482,0.0,0.887529194355011,0.0,TX
7725515,TX,4818,0.11020930856466293,2,0.0,190197.515625,190233.9140625,2,0,24839.4609375,0.0,158109.46875,0.0,0.0,0.0,0.0,0.0,-230.0,0.0,230.0,0.0,-418.0,0.0,418.0,0.0,0.0,0.0,0.0,0.0,0.0,0.0,0.0,0.0,0.0,0.0,0.0,0.0,0.0,0.0,0.0,0.0,0.0,0.0,0.0,0.0,0.0,0.0,0.0,0.0,0.0,0.0,0.0,0.0,0.0,0.0,0.0,0.0,-23.86572265625,0.0,23.875,0.0,0.0,0.0,0.0,0.0,0.0,0.0,0.0,0.0,0.0,0.0,0.0,0.0,0.0,0.0,0.0,0.0,0.0,0.0,0.0,0.0,0.0,0.0,0.0,0.0,0.0,0.0,0.0,0.0,0.0,0.0,0.0,0.0,0.0,0.0,0.0,0.0,0.0,0.0,0.0,0.0,24167.59521484375,0.0,158781.34375,0.0,-671.86572265625,0.0,671.875,0.0,-2.704832139259262,0.0,0.4249429404735565,0.0,TX
7725516,TX,4818,0.09147600084543228,6,2.0,243016.421875,242929.140625,6,0,19428.853393554688,0.0,259011.375,23616.818359375,9956.07568359375,0.0,1691.58251953125,35264.4765625,-237.0,0.0,237.0,0.0,-585.1900634765625,0.0,585.1875,0.0,0.0,0.0,0.0,0.0,0.0,0.0,0.0,0.0,-100.0,0.0,100.0,0.0,0.0,0.0,0.0,0.0,0.0,0.0,0.0,0.0,0.0,0.0,0.0,0.0,0.0,0.0,0.0,0.0,0.0,0.0,0.0,0.0,-244.49609375,0.0,244.5,0.0,0.0,0.0,0.0,0.0,0.0,0.0,0.0,0.0,0.0,0.0,0.0,0.0,0.0,0.0,0.0,0.0,-929.158203125,0.0,929.15625,0.0,0.0,0.0,0.0,0.0,0.0,0.0,0.0,0.0,0.0,0.0,0.0,0.0,0.0,0.0,0.0,0.0,0.0,0.0,0.0,0.0,17333.009033203125,0.0,261107.21875,35264.4765625,-2095.8443603515625,0.0,2095.84375,0.0,-10.78727765297172,0.0,0.8091706037521362,0.0,TX
7725517,TX,4818,0.15770994126796722,5,2.0,111079.6875,491928.42578125,5,0,62405.68505859375,0.0,466726.4375,22365.599609375,0.0,0.0,0.0,22365.599609375,-297.0,0.0,297.0,0.0,-91.2000732421875,0.0,91.21875,0.0,0.0,0.0,0.0,0.0,0.0,0.0,0.0,0.0,-400.0,0.0,400.0,0.0,0.0,0.0,0.0,0.0,-166.084716796875,0.0,166.09375,0.0,0.0,0.0,0.0,0.0,0.0,0.0,0.0,0.0,0.0,0.0,0.0,0.0,-113.595947265625,0.0,113.59375,0.0,0.0,0.0,0.0,0.0,0.0,0.0,0.0,0.0,-2125.515625,0.0,2125.5,0.0,0.0,0.0,0.0,0.0,-664.5234375,0.0,664.53125,0.0,-600.0,0.0,600.0,0.0,-70.36468505859375,0.0,70.375,0.0,0.0,0.0,0.0,0.0,0.0,0.0,0.0,0.0,0.0,0.0,0.0,0.0,57877.40057373047,0.0,471254.75,22365.599609375,-4528.284484863281,0.0,4528.3125,0.0,-7.256205072681437,0.0,0.970228374004364,0.0,TX
7725518,TX,4818,0.5583315491676331,4,1.0,45296.6015625,144500.5546875,4,0,10310.46484375,0.0,168036.15625,15249.5205078125,20223.16015625,0.0,1691.58251953125,37164.26318359375,-115.0,0.0,115.0,0.0,-399.0,0.0,399.0,0.0,0.0,0.0,0.0,0.0,0.0,0.0,0.0,0.0,-200.0,0.0,200.0,0.0,0.0,0.0,0.0,0.0,0.0,0.0,0.0,0.0,0.0,0.0,0.0,0.0,0.0,0.0,0.0,0.0,0.0,0.0,0.0,0.0,-416.62109375,0.0,416.625,0.0,0.0,0.0,0.0,0.0,0.0,0.0,0.0,0.0,-601.940673828125,0.0,601.9375,0.0,0.0,0.0,0.0,0.0,0.0,0.0,0.0,0.0,-999.0419921875,0.0,999.03125,0.0,-59.068359375,0.0,59.09375,0.0,0.0,0.0,0.0,0.0,0.0,0.0,0.0,0.0,0.0,0.0,0.0,0.0,7519.792724609375,0.0,170826.84375,37164.26318359375,-2790.672119140625,0.0,2790.6875,0.0,-27.066404487400735,0.0,1.6607661247253418,0.0,TX
7725519,TX,4818,0.10775109380483627,2,0.0,195004.296875,195460.125,2,0,25989.2265625,0.0,169382.78125,0.0,0.0,0.0,0.0,0.0,-230.0,0.0,230.0,0.0,-418.0,0.0,418.0,0.0,0.0,0.0,0.0,0.0,0.0,0.0,0.0,0.0,0.0,0.0,0.0,0.0,0.0,0.0,0.0,0.0,0.0,0.0,0.0,0.0,0.0,0.0,0.0,0.0,0.0,0.0,0.0,0.0,0.0,0.0,0.0,0.0,0.0,0.0,0.0,0.0,0.0,0.0,0.0,0.0,0.0,0.0,0.0,0.0,0.0,0.0,0.0,0.0,0.0,0.0,0.0,0.0,0.0,0.0,0.0,0.0,0.0,0.0,0.0,0.0,0.0,0.0,0.0,0.0,0.0,0.0,0.0,0.0,0.0,0.0,0.0,0.0,0.0,0.0,0.0,0.0,25341.2265625,0.0,170030.78125,0.0,-648.0,0.0,648.0,0.0,-2.493340840450415,0.0,0.382565438747406,0.0,TX
7725520,TX,4818,394.3133239746094,4,3.0,0.0,0.0,3,1,0.0,0.0,34464.72265625,16233.626953125,18231.09619140625,0.0,0.0,34464.72314453125,0.0,0.0,0.0,0.0,0.0,0.0,0.0,0.0,0.0,0.0,0.0,0.0,0.0,0.0,0.0,0.0,0.0,0.0,0.0,0.0,0.0,0.0,0.0,0.0,0.0,0.0,0.0,0.0,0.0,0.0,0.0,0.0,0.0,0.0,0.0,0.0,0.0,0.0,0.0,0.0,0.0,0.0,0.0,0.0,0.0,0.0,0.0,0.0,0.0,0.0,0.0,0.0,0.0,0.0,0.0,0.0,0.0,0.0,0.0,0.0,0.0,0.0,0.0,0.0,0.0,0.0,0.0,0.0,0.0,0.0,0.0,0.0,0.0,0.0,0.0,0.0,0.0,0.0,0.0,0.0,0.0,0.0,-4137.509765625,-4137.51025390625,0.0,0.0,30327.212890625,30327.212890625,0.0,0.0,-4137.509765625,-4137.51025390625,0.0,0.0,-12.005057334899902,-12.005058727891672,TX
7725521,TX,4818,494.3309631347656,2,0.0,0.0,131647.59375,2,0,11279.7109375,0.0,180760.0,52317.19140625,0.0,0.0,0.0,52317.19140625,-10.0,0.0,10.0,0.0,-228.0,0.0,228.0,0.0,0.0,0.0,0.0,0.0,0.0,0.0,0.0,0.0,0.0,0.0,0.0,0.0,0.0,0.0,0.0,0.0,0.0,0.0,0.0,0.0,0.0,0.0,0.0,0.0,0.0,0.0,0.0,0.0,0.0,0.0,0.0,0.0,0.0,0.0,0.0,0.0,0.0,0.0,0.0,0.0,0.0,0.0,0.0,0.0,0.0,0.0,0.0,0.0,0.0,0.0,0.0,0.0,0.0,0.0,0.0,0.0,-1440.0,0.0,1440.0,0.0,0.0,0.0,0.0,0.0,0.0,0.0,0.0,0.0,0.0,0.0,0.0,0.0,0.0,0.0,0.0,0.0,9601.7109375,0.0,182438.0,52317.19140625,-1678.0,0.0,1678.0,0.0,-14.876267745668903,0.0,0.9283027648925781,0.0,TX
7725522,TX,4818,0.8886663913726807,5,3.0,121668.9296875,136231.34375,5,0,3344.2822265625,0.0,136064.203125,0.0,0.0,8673.1650390625,0.0,8673.1650390625,-10.0,0.0,10.0,0.0,0.0,0.0,0.0,0.0,0.0,0.0,0.0,0.0,0.0,0.0,0.0,0.0,-600.0,0.0,600.0,0.0,0.0,0.0,0.0,0.0,0.0,0.0,0.0,0.0,0.0,0.0,0.0,0.0,0.0,0.0,0.0,0.0,0.0,0.0,0.0,0.0,0.0,0.0,0.0,0.0,0.0,0.0,0.0,0.0,0.0,0.0,0.0,0.0,0.0,0.0,0.0,0.0,0.0,0.0,0.0,0.0,0.0,0.0,0.0,0.0,0.0,0.0,0.0,0.0,-560.3232421875,0.0,560.3125,0.0,0.0,0.0,0.0,0.0,0.0,0.0,-8673.1640625,-8673.1650390625,0.0,0.0,0.0,0.0,2173.958984375,0.0,128561.3515625,0.0,-1170.3232421875,0.0,-7502.8515625,-8673.1650390625,-34.99475112752205,0.0,-5.514199256896973,-100.0,TX
7725523,TX,4818,0.9585776329040527,7,3.0,149198.9453125,156799.15625,7,0,8632.8984375,0.0,192945.453125,29569.396484375,9956.07568359375,0.0,0.0,39525.47216796875,-15.0,0.0,15.0,0.0,-341.9998779296875,0.0,342.0,0.0,0.0,0.0,0.0,0.0,0.0,0.0,0.0,0.0,-400.0,0.0,400.0,0.0,0.0,0.0,0.0,0.0,0.0,0.0,0.0,0.0,0.0,0.0,0.0,0.0,0.0,0.0,0.0,0.0,0.0,0.0,0.0,0.0,0.0,0.0,0.0,0.0,0.0,0.0,0.0,0.0,0.0,0.0,0.0,0.0,0.0,0.0,0.0,0.0,0.0,0.0,0.0,0.0,-1991.0595703125,0.0,1991.046875,0.0,0.0,0.0,0.0,0.0,-201.9678955078125,0.0,201.96875,0.0,0.0,0.0,0.0,0.0,0.0,0.0,0.0,0.0,0.0,0.0,-5818.5625,-5818.5654296875,5682.87109375,0.0,190076.90625,33706.90673828125,-2950.02734375,0.0,-2868.546875,-5818.5654296875,-34.17192227045703,0.0,-1.4867138862609863,-14.721052300047758,TX
7725524,TX,4818,966.3888549804688,2,0.0,581897.1875,605428.890625,2,0,142507.46875,0.0,468760.5625,0.0,0.0,0.0,0.0,0.0,-493.25,0.0,493.25,0.0,-560.5,0.0,560.5,0.0,0.0,0.0,0.0,0.0,0.0,0.0,0.0,0.0,0.0,0.0,0.0,0.0,0.0,0.0,0.0,0.0,-982.828125,0.0,982.84375,0.0,0.0,0.0,0.0,0.0,0.0,0.0,0.0,0.0,0.0,0.0,0.0,0.0,0.0,0.0,0.0,0.0,0.0,0.0,0.0,0.0,0.0,0.0,0.0,0.0,0.0,0.0,0.0,0.0,0.0,0.0,0.0,0.0,0.0,0.0,0.0,0.0,0.0,0.0,0.0,0.0,0.0,0.0,0.0,0.0,0.0,0.0,0.0,0.0,0.0,0.0,0.0,0.0,0.0,0.0,0.0,0.0,140470.890625,0.0,470797.15625,0.0,-2036.578125,0.0,2036.59375,0.0,-1.4291027290455611,0.0,0.4344635605812073,0.0,TX
7725525,TX,4818,981.926513671875,5,3.0,238097.5234375,403642.9375,5,0,61239.1875,0.0,324267.125,0.0,0.0,0.0,0.0,0.0,-292.0,0.0,292.0,0.0,-456.0,0.0,456.0,0.0,0.0,0.0,0.0,0.0,0.0,0.0,0.0,0.0,-600.0,0.0,600.0,0.0,0.0,0.0,0.0,0.0,0.0,0.0,0.0,0.0,0.0,0.0,0.0,0.0,0.0,0.0,0.0,0.0,0.0,0.0,0.0,0.0,-480.0,0.0,480.0,0.0,0.0,0.0,0.0,0.0,0.0,0.0,0.0,0.0,0.0,0.0,0.0,0.0,0.0,0.0,0.0,0.0,0.0,0.0,0.0,0.0,0.0,0.0,0.0,0.0,0.0,0.0,0.0,0.0,0.0,0.0,0.0,0.0,0.0,0.0,0.0,0.0,0.0,0.0,0.0,0.0,59411.1875,0.0,326095.125,0.0,-1828.0,0.0,1828.0,0.0,-2.985016742751527,0.0,0.5637327432632446,0.0,TX
7725526,TX,4818,717.3997192382812,4,0.0,63427.986328125,64563.0785446167,4,0,3489.55712890625,0.0,167580.953125,52173.3203125,0.0,4229.33740234375,0.0,56402.65771484375,-10.0,0.0,10.0,0.0,-211.7265625,0.0,211.71875,0.0,0.0,0.0,0.0,0.0,0.0,0.0,0.0,0.0,0.0,0.0,0.0,0.0,0.0,0.0,0.0,0.0,0.0,0.0,0.0,0.0,0.0,0.0,0.0,0.0,0.0,0.0,0.0,0.0,0.0,0.0,0.0,0.0,0.0,0.0,0.0,0.0,0.0,0.0,0.0,0.0,0.0,0.0,0.0,0.0,0.0,0.0,0.0,0.0,0.0,0.0,0.0,0.0,0.0,0.0,0.0,0.0,0.0,0.0,0.0,0.0,-166.4541015625,0.0,166.453125,0.0,0.0,0.0,0.0,0.0,0.0,0.0,0.0,0.0,0.0,0.0,0.0,0.0,3101.37646484375,0.0,167969.125,56402.65771484375,-388.1806640625,0.0,388.171875,0.0,-11.124066743225077,0.0,0.23163245618343353,0.0,TX
7725527,TX,4818,6.110105514526367,1,0.0,0.0,408.08892822265625,1,0,0.0,0.0,37363.9609375,9721.353515625,20223.16015625,0.0,0.0,29944.513671875,0.0,0.0,0.0,0.0,0.0,0.0,0.0,0.0,0.0,0.0,0.0,0.0,0.0,0.0,0.0,0.0,0.0,0.0,0.0,0.0,0.0,0.0,0.0,0.0,0.0,0.0,0.0,0.0,0.0,0.0,0.0,0.0,0.0,0.0,0.0,0.0,0.0,0.0,0.0,0.0,0.0,0.0,0.0,0.0,0.0,0.0,0.0,0.0,0.0,0.0,0.0,0.0,0.0,0.0,0.0,0.0,0.0,0.0,0.0,0.0,0.0,0.0,0.0,0.0,0.0,0.0,0.0,0.0,0.0,0.0,0.0,0.0,0.0,0.0,0.0,0.0,0.0,0.0,0.0,0.0,0.0,0.0,0.0,0.0,0.0,0.0,37363.9609375,29944.513671875,0.0,0.0,0.0,0.0,0.0,0.0,0.0,0.0,TX
7725528,TX,4818,456.60491943359375,1,0.0,80851.328125,80851.328125,1,0,9281.2919921875,0.0,65835.171875,0.0,0.0,0.0,0.0,0.0,-115.0,0.0,115.0,0.0,-209.0,0.0,209.0,0.0,0.0,0.0,0.0,0.0,0.0,0.0,0.0,0.0,0.0,0.0,0.0,0.0,0.0,0.0,0.0,0.0,0.0,0.0,0.0,0.0,0.0,0.0,0.0,0.0,0.0,0.0,0.0,0.0,0.0,0.0,0.0,0.0,0.0,0.0,0.0,0.0,0.0,0.0,0.0,0.0,0.0,0.0,0.0,0.0,0.0,0.0,0.0,0.0,0.0,0.0,0.0,0.0,-3336.4990234375,0.0,3336.5,0.0,0.0,0.0,0.0,0.0,-103.76318359375,0.0,103.765625,0.0,0.0,0.0,0.0,0.0,0.0,0.0,0.0,0.0,0.0,0.0,0.0,0.0,5517.02978515625,0.0,69599.4375,0.0,-3764.26220703125,0.0,3764.265625,0.0,-40.557523782247195,0.0,5.71771240234375,0.0,TX
7725529,TX,4818,1054.0498046875,2,0.0,339708.25,372117.84375,2,0,67841.25,0.0,332226.9375,28315.58984375,0.0,0.0,0.0,28315.58984375,-292.0,0.0,292.0,0.0,-456.0,0.0,456.0,0.0,0.0,0.0,0.0,0.0,0.0,0.0,0.0,0.0,0.0,0.0,0.0,0.0,0.0,0.0,0.0,0.0,0.0,0.0,0.0,0.0,0.0,0.0,0.0,0.0,0.0,0.0,0.0,0.0,0.0,0.0,0.0,0.0,0.0,0.0,0.0,0.0,0.0,0.0,0.0,0.0,0.0,0.0,0.0,0.0,0.0,0.0,0.0,0.0,0.0,0.0,0.0,0.0,0.0,0.0,0.0,0.0,0.0,0.0,0.0,0.0,0.0,0.0,0.0,0.0,0.0,0.0,0.0,0.0,0.0,0.0,0.0,0.0,0.0,0.0,0.0,0.0,67093.25,0.0,332974.9375,28315.58984375,-748.0,0.0,748.0,0.0,-1.1025740239161277,0.0,0.2251473069190979,0.0,TX
7725530,TX,4818,3299.382568359375,5,0.0,500895.140625,513793.125,4,1,72655.5615234375,0.0,480148.6875,11771.3681640625,0.0,0.0,0.0,11771.3681640625,-492.0,0.0,492.0,0.0,-456.0,0.0,456.0,0.0,0.0,0.0,0.0,0.0,0.0,0.0,0.0,0.0,0.0,0.0,0.0,0.0,0.0,0.0,0.0,0.0,0.0,0.0,0.0,0.0,0.0,0.0,0.0,0.0,0.0,0.0,0.0,0.0,0.0,0.0,0.0,0.0,0.0,0.0,0.0,0.0,0.0,0.0,0.0,0.0,0.0,0.0,0.0,0.0,0.0,0.0,0.0,0.0,0.0,0.0,0.0,0.0,0.0,0.0,0.0,0.0,-833.919921875,0.0,833.9375,0.0,-422.603515625,0.0,422.59375,0.0,0.0,0.0,0.0,0.0,0.0,0.0,0.0,0.0,0.0,0.0,0.0,0.0,70451.0380859375,0.0,482353.21875,11771.3681640625,-2204.5234375,0.0,2204.53125,0.0,-3.03421154730028,0.0,0.45913514494895935,0.0,TX
7725531,TX,4818,0.799517035484314,2,0.0,155597.5703125,155681.125,2,0,17237.84765625,0.0,131262.09375,0.0,0.0,0.0,0.0,0.0,-230.0,0.0,230.0,0.0,-414.4482421875,0.0,414.453125,0.0,0.0,0.0,0.0,0.0,0.0,0.0,0.0,0.0,0.0,0.0,0.0,0.0,0.0,0.0,0.0,0.0,0.0,0.0,0.0,0.0,0.0,0.0,0.0,0.0,0.0,0.0,0.0,0.0,0.0,0.0,0.0,0.0,-220.0,0.0,220.0,0.0,0.0,0.0,0.0,0.0,0.0,0.0,0.0,0.0,0.0,0.0,0.0,0.0,0.0,0.0,0.0,0.0,0.0,0.0,0.0,0.0,0.0,0.0,0.0,0.0,-373.0810546875,0.0,373.078125,0.0,0.0,0.0,0.0,0.0,0.0,0.0,0.0,0.0,0.0,0.0,0.0,0.0,16000.318359375,0.0,132499.625,0.0,-1237.529296875,0.0,1237.53125,0.0,-7.179140467843174,0.0,0.9427940249443054,0.0,TX
7725532,TX,4818,142.4377899169922,2,0.0,220552.84375,486787.65625,2,0,95899.2421875,0.0,481080.46875,76641.796875,0.0,0.0,0.0,76641.796875,-764.0,0.0,764.0,0.0,-726.5859375,0.0,726.59375,0.0,0.0,0.0,0.0,0.0,0.0,0.0,0.0,0.0,0.0,0.0,0.0,0.0,0.0,0.0,0.0,0.0,0.0,0.0,0.0,0.0,0.0,0.0,0.0,0.0,0.0,0.0,0.0,0.0,0.0,0.0,0.0,0.0,0.0,0.0,0.0,0.0,0.0,0.0,0.0,0.0,0.0,0.0,0.0,0.0,0.0,0.0,0.0,0.0,0.0,0.0,0.0,0.0,0.0,0.0,0.0,0.0,0.0,0.0,0.0,0.0,0.0,0.0,0.0,0.0,0.0,0.0,0.0,0.0,0.0,0.0,0.0,0.0,0.0,0.0,0.0,0.0,94408.65625,0.0,482571.0625,76641.796875,-1490.5859375,0.0,1490.59375,0.0,-1.5543250431381308,0.0,0.30984291434288025,0.0,TX
7725533,TX,4818,2422.407958984375,6,3.9999999999999996,99536.3779296875,651504.0,6,0,72541.1328125,0.0,582504.625,0.0,0.0,0.0,0.0,0.0,-292.0,0.0,292.0,0.0,0.0,0.0,0.0,0.0,0.0,0.0,0.0,0.0,0.0,0.0,0.0,0.0,0.0,0.0,0.0,0.0,0.0,0.0,0.0,0.0,0.0,0.0,0.0,0.0,0.0,0.0,0.0,0.0,0.0,0.0,0.0,0.0,0.0,0.0,0.0,0.0,0.0,0.0,0.0,0.0,0.0,0.0,0.0,0.0,0.0,0.0,0.0,0.0,0.0,0.0,0.0,0.0,0.0,0.0,0.0,0.0,0.0,0.0,0.0,0.0,0.0,0.0,0.0,0.0,0.0,0.0,0.0,0.0,0.0,0.0,0.0,0.0,0.0,0.0,0.0,0.0,0.0,0.0,0.0,0.0,72249.1328125,0.0,582796.625,0.0,-292.0,0.0,292.0,0.0,-0.40253024550187855,0.0,0.050128355622291565,0.0,TX
7725534,TX,4818,940.1563110351562,10,3.0000000000000004,379334.07421875,470449.19140625,9,1,46267.39062499999,0.0,476855.65625,20236.630859375,0.0,753.59716796875,0.0,20990.22802734375,-359.99999999998545,0.0,360.0,0.0,-760.0000000000073,0.0,760.0,0.0,0.0,0.0,0.0,0.0,0.0,0.0,0.0,0.0,-600.0,0.0,600.0,0.0,0.0,0.0,0.0,0.0,0.0,0.0,0.0,0.0,0.0,0.0,0.0,0.0,0.0,0.0,0.0,0.0,0.0,0.0,0.0,0.0,-20.37109375,0.0,20.375,0.0,0.0,0.0,0.0,0.0,0.0,0.0,0.0,0.0,0.0,0.0,0.0,0.0,0.0,0.0,0.0,0.0,0.0,0.0,0.0,0.0,-1165.62841796875,0.0,1165.625,0.0,0.0,0.0,0.0,0.0,0.0,0.0,0.0,0.0,0.0,0.0,0.0,0.0,0.0,0.0,0.0,0.0,43361.39111328125,0.0,479761.65625,20990.22802734375,-2905.9995117187427,0.0,2906.0,0.0,-6.2808804915583965,0.0,0.6094087362289429,0.0,TX
7725535,TX,4818,1.1258275508880615,2,0.0,1067769.0234375,1090598.625,2,0,312812.9375,0.0,787343.625,0.0,0.0,0.0,0.0,0.0,-734.0,0.0,734.0,0.0,0.0,0.0,0.0,0.0,0.0,0.0,0.0,0.0,0.0,0.0,0.0,0.0,0.0,0.0,0.0,0.0,0.0,0.0,0.0,0.0,0.0,0.0,0.0,0.0,0.0,0.0,0.0,0.0,0.0,0.0,0.0,0.0,0.0,0.0,0.0,0.0,0.0,0.0,0.0,0.0,0.0,0.0,0.0,0.0,0.0,0.0,0.0,0.0,0.0,0.0,0.0,0.0,0.0,0.0,0.0,0.0,0.0,0.0,0.0,0.0,0.0,0.0,0.0,0.0,0.0,0.0,0.0,0.0,0.0,0.0,0.0,0.0,0.0,0.0,0.0,0.0,0.0,0.0,0.0,0.0,312078.9375,0.0,788077.625,0.0,-734.0,0.0,734.0,0.0,-0.23464502647049246,0.0,0.09322486072778702,0.0,TX
7725536,TX,4818,72.9800796508789,2,0.0,138937.33984375,202082.9375,2,0,27446.24609375,0.0,210674.359375,0.0,0.0,0.0,0.0,0.0,-230.0,0.0,230.0,0.0,-418.0,0.0,418.0,0.0,0.0,0.0,0.0,0.0,0.0,0.0,0.0,0.0,0.0,0.0,0.0,0.0,0.0,0.0,0.0,0.0,0.0,0.0,0.0,0.0,0.0,0.0,0.0,0.0,0.0,0.0,0.0,0.0,0.0,0.0,0.0,0.0,-440.0,0.0,440.0,0.0,0.0,0.0,0.0,0.0,0.0,0.0,0.0,0.0,0.0,0.0,0.0,0.0,0.0,0.0,0.0,0.0,0.0,0.0,0.0,0.0,0.0,0.0,0.0,0.0,0.0,0.0,0.0,0.0,0.0,0.0,0.0,0.0,0.0,0.0,0.0,0.0,0.0,0.0,0.0,0.0,26358.24609375,0.0,211762.359375,0.0,-1088.0,0.0,1088.0,0.0,-3.964112237001901,0.0,0.5164368748664856,0.0,TX
7725537,TX,4818,259.19091796875,5,3.0,498560.296875,499606.96875,5,0,101871.1640625,0.0,427842.96875,0.0,0.0,0.0,0.0,0.0,-764.0,0.0,764.0,0.0,-608.0,0.0,608.0,0.0,0.0,0.0,0.0,0.0,0.0,0.0,0.0,0.0,-600.0,0.0,600.0,0.0,0.0,0.0,0.0,0.0,0.0,0.0,0.0,0.0,0.0,0.0,0.0,0.0,0.0,0.0,0.0,0.0,0.0,0.0,0.0,0.0,-640.0,0.0,640.0,0.0,0.0,0.0,0.0,0.0,0.0,0.0,0.0,0.0,0.0,0.0,0.0,0.0,0.0,0.0,0.0,0.0,0.0,0.0,0.0,0.0,0.0,0.0,0.0,0.0,0.0,0.0,0.0,0.0,0.0,0.0,0.0,0.0,0.0,0.0,0.0,0.0,0.0,0.0,0.0,0.0,99259.1640625,0.0,430454.96875,0.0,-2612.0,0.0,2612.0,0.0,-2.564022924482816,0.0,0.6105043292045593,0.0,TX
7725538,TX,4818,1584.6907958984375,6,3.0,230652.88671875,230652.88671875,6,0,20038.97705078125,0.0,198977.53125,0.0,0.0,886.8212890625,0.0,886.8212890625,-235.0,0.0,235.0,0.0,-532.0,0.0,532.0,0.0,0.0,0.0,0.0,0.0,0.0,0.0,0.0,0.0,-600.0,0.0,600.0,0.0,0.0,0.0,0.0,0.0,0.0,0.0,0.0,0.0,0.0,0.0,0.0,0.0,0.0,0.0,0.0,0.0,0.0,0.0,0.0,0.0,0.0,0.0,0.0,0.0,0.0,0.0,0.0,0.0,0.0,0.0,0.0,0.0,0.0,0.0,0.0,0.0,0.0,0.0,0.0,0.0,0.0,0.0,0.0,0.0,0.0,0.0,0.0,0.0,-450.5419921875,0.0,450.546875,0.0,0.0,0.0,0.0,0.0,0.0,0.0,0.0,0.0,0.0,0.0,0.0,0.0,18221.43505859375,0.0,200795.078125,886.8212890625,-1817.5419921875,0.0,1817.546875,0.0,-9.070033802532054,0.0,0.9134432077407837,0.0,TX
7725539,TX,4818,3.6568329334259033,2,0.0,272941.0703125,285270.0,2,0,10475.0478515625,0.0,253709.28125,0.0,0.0,0.0,0.0,0.0,-10.0,0.0,10.0,0.0,0.0,0.0,0.0,0.0,0.0,0.0,0.0,0.0,0.0,0.0,0.0,0.0,0.0,0.0,0.0,0.0,0.0,0.0,0.0,0.0,-234.224609375,0.0,234.21875,0.0,0.0,0.0,0.0,0.0,0.0,0.0,0.0,0.0,0.0,0.0,0.0,0.0,0.0,0.0,0.0,0.0,0.0,0.0,0.0,0.0,0.0,0.0,0.0,0.0,0.0,0.0,0.0,0.0,0.0,0.0,0.0,0.0,0.0,0.0,0.0,0.0,0.0,0.0,0.0,0.0,0.0,0.0,0.0,0.0,0.0,0.0,0.0,0.0,0.0,0.0,0.0,0.0,0.0,0.0,0.0,0.0,10230.8232421875,0.0,253953.5,0.0,-244.224609375,0.0,244.21875,0.0,-2.331489200200364,0.0,0.09625928848981857,0.0,TX
7725540,TX,4818,1204.64306640625,2,0.0,249694.9140625,249708.1484375,2,0,34545.4287109375,0.0,201891.65625,0.0,0.0,0.0,0.0,0.0,-246.0,0.0,246.0,0.0,-228.0,0.0,228.0,0.0,0.0,0.0,0.0,0.0,0.0,0.0,0.0,0.0,0.0,0.0,0.0,0.0,0.0,0.0,0.0,0.0,0.0,0.0,0.0,0.0,0.0,0.0,0.0,0.0,0.0,0.0,0.0,0.0,0.0,0.0,0.0,0.0,0.0,0.0,0.0,0.0,0.0,0.0,0.0,0.0,0.0,0.0,0.0,0.0,0.0,0.0,0.0,0.0,0.0,0.0,0.0,0.0,0.0,0.0,0.0,0.0,0.0,0.0,0.0,0.0,0.0,0.0,0.0,0.0,0.0,0.0,0.0,0.0,0.0,0.0,0.0,0.0,0.0,0.0,0.0,0.0,34071.4287109375,0.0,202365.65625,0.0,-474.0,0.0,474.0,0.0,-1.3721062892756224,0.0,0.23477938771247864,0.0,TX
7725541,TX,4818,0.9917194843292236,2,0.0,129076.431640625,129160.814453125,2,0,15327.769775390625,0.0,105011.4921875,0.0,0.0,0.0,0.0,0.0,-115.0,0.0,115.0,0.0,-304.00006103515625,0.0,304.0,0.0,0.0,0.0,0.0,0.0,0.0,0.0,0.0,0.0,0.0,0.0,0.0,0.0,0.0,0.0,0.0,0.0,0.0,0.0,0.0,0.0,0.0,0.0,0.0,0.0,0.0,0.0,0.0,0.0,0.0,0.0,0.0,0.0,0.0,0.0,0.0,0.0,0.0,0.0,0.0,0.0,0.0,0.0,0.0,0.0,0.0,0.0,0.0,0.0,0.0,0.0,0.0,0.0,0.0,0.0,0.0,0.0,0.0,0.0,0.0,0.0,0.0,0.0,0.0,0.0,0.0,0.0,0.0,0.0,0.0,0.0,0.0,0.0,0.0,0.0,0.0,0.0,14908.769714355469,0.0,105430.4921875,0.0,-419.00006103515625,0.0,419.0,0.0,-2.733600955488504,0.0,0.3990039825439453,0.0,TX
7725542,TX,4818,2.331265687942505,3,1.0,280091.9619140625,391534.375,3,0,70281.7734375,0.0,372264.5,0.0,0.0,0.0,0.0,0.0,-292.0,0.0,292.0,0.0,0.0,0.0,0.0,0.0,0.0,0.0,0.0,0.0,0.0,0.0,0.0,0.0,0.0,0.0,0.0,0.0,0.0,0.0,0.0,0.0,-884.796875,0.0,884.78125,0.0,0.0,0.0,0.0,0.0,0.0,0.0,0.0,0.0,0.0,0.0,0.0,0.0,0.0,0.0,0.0,0.0,0.0,0.0,0.0,0.0,0.0,0.0,0.0,0.0,0.0,0.0,0.0,0.0,0.0,0.0,0.0,0.0,0.0,0.0,0.0,0.0,0.0,0.0,0.0,0.0,0.0,0.0,0.0,0.0,0.0,0.0,0.0,0.0,0.0,0.0,0.0,0.0,0.0,0.0,0.0,0.0,69104.9765625,0.0,373441.28125,0.0,-1176.796875,0.0,1176.78125,0.0,-1.674398378758184,0.0,0.31611427664756775,0.0,TX
7725543,TX,4818,0.7703174352645874,2,0.0,234140.46875,239999.1875,1,1,35815.8046875,0.0,239443.828125,0.0,0.0,0.0,0.0,0.0,-257.984375,0.0,257.984375,0.0,-418.0,0.0,418.0,0.0,0.0,0.0,0.0,0.0,0.0,0.0,0.0,0.0,0.0,0.0,0.0,0.0,0.0,0.0,0.0,0.0,0.0,0.0,0.0,0.0,0.0,0.0,0.0,0.0,0.0,0.0,0.0,0.0,0.0,0.0,0.0,0.0,0.0,0.0,0.0,0.0,0.0,0.0,0.0,0.0,0.0,0.0,0.0,0.0,0.0,0.0,0.0,0.0,0.0,0.0,0.0,0.0,0.0,0.0,0.0,0.0,0.0,0.0,0.0,0.0,0.0,0.0,0.0,0.0,0.0,0.0,0.0,0.0,0.0,0.0,0.0,0.0,0.0,0.0,0.0,0.0,35139.8203125,0.0,240119.8125,0.0,-675.984375,0.0,675.984375,0.0,-1.8873912813019218,0.0,0.28231438994407654,0.0,TX
7725544,TX,4818,614.55712890625,2,0.0,105674.95703125,108479.578125,2,0,9121.01904296875,0.0,98771.4375,0.0,0.0,0.0,0.0,0.0,-120.0,0.0,120.0,0.0,-323.0,0.0,323.0,0.0,0.0,0.0,0.0,0.0,0.0,0.0,0.0,0.0,0.0,0.0,0.0,0.0,0.0,0.0,0.0,0.0,-556.871826171875,0.0,556.875,0.0,0.0,0.0,0.0,0.0,0.0,0.0,0.0,0.0,0.0,0.0,0.0,0.0,0.0,0.0,0.0,0.0,0.0,0.0,0.0,0.0,0.0,0.0,0.0,0.0,0.0,0.0,0.0,0.0,0.0,0.0,0.0,0.0,0.0,0.0,0.0,0.0,0.0,0.0,0.0,0.0,-245.184326171875,0.0,245.1875,0.0,0.0,0.0,0.0,0.0,0.0,0.0,0.0,0.0,0.0,0.0,0.0,0.0,7875.962890625,0.0,100016.5,0.0,-1245.05615234375,0.0,1245.0625,0.0,-13.65040623726736,0.0,1.2605490684509277,0.0,TX
7725545,TX,4818,26.431804656982422,1,0.0,124505.328125,168814.8125,1,0,28452.625,0.0,155225.21875,0.0,0.0,0.0,0.0,0.0,-131.0,0.0,131.0,0.0,-228.0,0.0,228.0,0.0,0.0,0.0,0.0,0.0,0.0,0.0,0.0,0.0,0.0,0.0,0.0,0.0,0.0,0.0,0.0,0.0,-44.0703125,0.0,44.0625,0.0,0.0,0.0,0.0,0.0,0.0,0.0,0.0,0.0,0.0,0.0,0.0,0.0,0.0,0.0,0.0,0.0,0.0,0.0,0.0,0.0,0.0,0.0,0.0,0.0,0.0,0.0,0.0,0.0,0.0,0.0,0.0,0.0,0.0,0.0,0.0,0.0,0.0,0.0,0.0,0.0,0.0,0.0,0.0,0.0,0.0,0.0,0.0,0.0,0.0,0.0,0.0,0.0,0.0,0.0,0.0,0.0,28049.5546875,0.0,155628.28125,0.0,-403.0703125,0.0,403.0625,0.0,-1.4166366460036641,0.0,0.25966301560401917,0.0,TX
7725546,TX,4818,752.5103149414062,2,0.0,125436.74609375,125438.40625,2,0,10930.6083984375,0.0,104912.65625,0.0,0.0,0.0,0.0,0.0,-10.0,0.0,10.0,0.0,-228.0,0.0,228.0,0.0,0.0,0.0,0.0,0.0,0.0,0.0,0.0,0.0,0.0,0.0,0.0,0.0,0.0,0.0,0.0,0.0,0.0,0.0,0.0,0.0,0.0,0.0,0.0,0.0,0.0,0.0,0.0,0.0,0.0,0.0,0.0,0.0,-240.0,0.0,240.0,0.0,0.0,0.0,0.0,0.0,0.0,0.0,0.0,0.0,0.0,0.0,0.0,0.0,0.0,0.0,0.0,0.0,0.0,0.0,0.0,0.0,0.0,0.0,0.0,0.0,-91.181640625,0.0,91.1875,0.0,0.0,0.0,0.0,0.0,0.0,0.0,0.0,0.0,0.0,0.0,0.0,0.0,10361.4267578125,0.0,105481.84375,0.0,-569.181640625,0.0,569.1875,0.0,-5.20722744679393,0.0,0.5425346493721008,0.0,TX
7725547,TX,4818,0.8337690234184265,2,0.0,0.0,3632.591064453125,2,0,0.0,0.0,120712.421875,58202.875,0.0,0.0,0.0,58202.875,0.0,0.0,0.0,0.0,0.0,0.0,0.0,0.0,0.0,0.0,0.0,0.0,0.0,0.0,0.0,0.0,0.0,0.0,0.0,0.0,0.0,0.0,0.0,0.0,0.0,0.0,0.0,0.0,0.0,0.0,0.0,0.0,0.0,0.0,0.0,0.0,0.0,0.0,0.0,0.0,0.0,0.0,0.0,0.0,0.0,0.0,0.0,0.0,0.0,0.0,0.0,0.0,0.0,0.0,0.0,0.0,0.0,0.0,0.0,0.0,0.0,0.0,0.0,0.0,0.0,0.0,0.0,0.0,0.0,0.0,0.0,0.0,0.0,0.0,0.0,0.0,0.0,0.0,0.0,0.0,0.0,0.0,0.0,0.0,0.0,0.0,120712.421875,58202.875,0.0,0.0,0.0,0.0,0.0,0.0,0.0,0.0,TX
7725548,TX,4818,65.58317565917969,2,0.0,60231.58203125,65130.6875,2,0,3578.089599609375,0.0,66439.3125,0.0,0.0,0.0,0.0,0.0,-10.0,0.0,10.0,0.0,-228.00048828125,0.0,228.0,0.0,0.0,0.0,0.0,0.0,0.0,0.0,0.0,0.0,0.0,0.0,0.0,0.0,0.0,0.0,0.0,0.0,-484.406494140625,0.0,484.40625,0.0,0.0,0.0,0.0,0.0,0.0,0.0,0.0,0.0,0.0,0.0,0.0,0.0,-240.0,0.0,240.0,0.0,0.0,0.0,0.0,0.0,0.0,0.0,0.0,0.0,0.0,0.0,0.0,0.0,0.0,0.0,0.0,0.0,-984.491943359375,0.0,984.4921875,0.0,0.0,0.0,0.0,0.0,-151.3218994140625,0.0,151.3203125,0.0,0.0,0.0,0.0,0.0,0.0,0.0,0.0,0.0,0.0,0.0,0.0,0.0,1479.8687744140625,0.0,68537.53125,0.0,-2098.2208251953125,0.0,2098.21875,0.0,-58.64081283555276,0.0,3.158097982406616,0.0,TX
7725549,TX,4818,3.1110332012176514,2,0.0,27239.2890625,150165.46875,2,0,10830.51171875,0.0,148628.96875,13667.8662109375,0.0,0.0,0.0,13667.8662109375,-10.0,0.0,10.0,0.0,-228.0,0.0,228.0,0.0,0.0,0.0,0.0,0.0,0.0,0.0,0.0,0.0,0.0,0.0,0.0,0.0,0.0,0.0,0.0,0.0,0.0,0.0,0.0,0.0,0.0,0.0,0.0,0.0,0.0,0.0,0.0,0.0,0.0,0.0,0.0,0.0,0.0,0.0,0.0,0.0,0.0,0.0,0.0,0.0,0.0,0.0,0.0,0.0,0.0,0.0,0.0,0.0,0.0,0.0,0.0,0.0,0.0,0.0,0.0,0.0,-1231.6728515625,0.0,1231.65625,0.0,-352.5380859375,0.0,352.546875,0.0,0.0,0.0,0.0,0.0,0.0,0.0,0.0,0.0,0.0,0.0,0.0,0.0,9008.30078125,0.0,150451.171875,13667.8662109375,-1822.2109375,0.0,1822.203125,0.0,-16.82479078384959,0.0,1.2260080575942993,0.0,TX
7725550,TX,4818,1141.166748046875,3,0.0,75796.69140625,107169.0234375,3,0,6767.9927978515625,0.0,150332.5,36465.546875,0.0,0.0,0.0,36465.546875,-53.40869140625,0.0,53.40625,0.0,-304.0,0.0,304.0,0.0,0.0,0.0,0.0,0.0,0.0,0.0,0.0,0.0,0.0,0.0,0.0,0.0,0.0,0.0,0.0,0.0,0.0,0.0,0.0,0.0,0.0,0.0,0.0,0.0,0.0,0.0,0.0,0.0,0.0,0.0,0.0,0.0,-108.0762939453125,0.0,108.078125,0.0,0.0,0.0,0.0,0.0,0.0,0.0,0.0,0.0,0.0,0.0,0.0,0.0,0.0,0.0,0.0,0.0,0.0,0.0,0.0,0.0,-720.0,0.0,720.0,0.0,0.0,0.0,0.0,0.0,0.0,0.0,0.0,0.0,0.0,0.0,0.0,0.0,0.0,0.0,0.0,0.0,5582.5078125,0.0,151517.984375,36465.546875,-1185.4849853515625,0.0,1185.484375,0.0,-17.516049747096123,0.0,0.7885749340057373,0.0,TX
7725551,TX,4818,207.2492218017578,2,0.0,44385.7265625,126232.4140625,1,1,8664.4814453125,0.0,119110.5546875,0.0,0.0,0.0,0.0,0.0,-10.0,0.0,10.0,0.0,-59.4560546875,0.0,59.4609375,0.0,0.0,0.0,0.0,0.0,0.0,0.0,0.0,0.0,0.0,0.0,0.0,0.0,0.0,0.0,0.0,0.0,0.0,0.0,0.0,0.0,0.0,0.0,0.0,0.0,0.0,0.0,0.0,0.0,0.0,0.0,0.0,0.0,-240.0,0.0,240.0,0.0,0.0,0.0,0.0,0.0,0.0,0.0,0.0,0.0,0.0,0.0,0.0,0.0,0.0,0.0,0.0,0.0,0.0,0.0,0.0,0.0,0.0,0.0,0.0,0.0,0.0,0.0,0.0,0.0,0.0,0.0,0.0,0.0,0.0,0.0,0.0,0.0,0.0,0.0,0.0,0.0,8355.025390625,0.0,119420.015625,0.0,-309.4560546875,0.0,309.4609375,0.0,-3.571547318101954,0.0,0.25980985164642334,0.0,TX
7725552,TX,4818,5.186772346496582,2,0.0,100332.890625,119401.46875,2,0,9810.17578125,0.0,120894.265625,0.0,0.0,0.0,0.0,0.0,-10.0,0.0,10.0,0.0,-228.0,0.0,228.0,0.0,0.0,0.0,0.0,0.0,0.0,0.0,0.0,0.0,0.0,0.0,0.0,0.0,0.0,0.0,0.0,0.0,0.0,0.0,0.0,0.0,0.0,0.0,0.0,0.0,0.0,0.0,0.0,0.0,0.0,0.0,0.0,0.0,0.0,0.0,0.0,0.0,0.0,0.0,0.0,0.0,0.0,0.0,0.0,0.0,0.0,0.0,0.0,0.0,0.0,0.0,0.0,0.0,0.0,0.0,0.0,0.0,-1439.99951171875,0.0,1440.0,0.0,0.0,0.0,0.0,0.0,0.0,0.0,0.0,0.0,0.0,0.0,0.0,0.0,0.0,0.0,0.0,0.0,8132.17626953125,0.0,122572.265625,0.0,-1677.99951171875,0.0,1678.0,0.0,-17.1046834341733,0.0,1.3879897594451904,0.0,TX
7725553,TX,4818,0.796457052230835,7,5.0,166517.09375,168346.98437500003,7,0,9643.203124999998,0.0,160062.09375,0.0,0.0,0.0,0.0,0.0,-229.99999999999818,0.0,230.0,0.0,-418.0,0.0,418.0,0.0,0.0,0.0,0.0,0.0,0.0,0.0,0.0,0.0,-1000.0,0.0,1000.0,0.0,0.0,0.0,0.0,0.0,0.0,0.0,0.0,0.0,0.0,0.0,0.0,0.0,0.0,0.0,0.0,0.0,0.0,0.0,0.0,0.0,-376.1445312499982,0.0,376.15625,0.0,0.0,0.0,0.0,0.0,0.0,0.0,0.0,0.0,0.0,0.0,0.0,0.0,0.0,0.0,0.0,0.0,0.0,0.0,0.0,0.0,0.0,0.0,0.0,0.0,-487.4726562500018,0.0,487.46875,0.0,0.0,0.0,0.0,0.0,0.0,0.0,0.0,0.0,0.0,0.0,0.0,0.0,7131.5859375,0.0,162573.71875,0.0,-2511.617187499998,0.0,2511.625,0.0,-26.045465961290727,0.0,1.5691567659378052,0.0,TX
7725554,TX,4818,1223.4010009765625,2,0.0,93130.890625,93133.375,2,0,1816.0062255859375,0.0,90947.953125,0.0,0.0,0.0,0.0,0.0,0.0,0.0,0.0,0.0,0.0,0.0,0.0,0.0,0.0,0.0,0.0,0.0,0.0,0.0,0.0,0.0,0.0,0.0,0.0,0.0,0.0,0.0,0.0,0.0,0.0,0.0,0.0,0.0,0.0,0.0,0.0,0.0,0.0,0.0,0.0,0.0,0.0,0.0,0.0,0.0,0.0,0.0,0.0,0.0,0.0,0.0,0.0,0.0,0.0,0.0,0.0,0.0,0.0,0.0,0.0,0.0,0.0,0.0,0.0,0.0,-852.4827880859375,0.0,852.4765625,0.0,0.0,0.0,0.0,0.0,0.0,0.0,0.0,0.0,0.0,0.0,0.0,0.0,0.0,0.0,0.0,0.0,0.0,0.0,0.0,0.0,963.5234375,0.0,91800.4296875,0.0,-852.4827880859375,0.0,852.4765625,0.0,-46.942723878101376,0.0,0.9373235702514648,0.0,TX
7725555,TX,4818,0.8549941778182983,4,2.0,129342.93359375,129391.7421875,4,0,7454.18359375,0.0,116289.765625,0.0,0.0,0.0,0.0,0.0,-59.1748046875,0.0,59.1796875,0.0,-228.0,0.0,228.0,0.0,0.0,0.0,0.0,0.0,0.0,0.0,0.0,0.0,-400.0,0.0,400.0,0.0,0.0,0.0,0.0,0.0,0.0,0.0,0.0,0.0,0.0,0.0,0.0,0.0,0.0,0.0,0.0,0.0,0.0,0.0,0.0,0.0,0.0,0.0,0.0,0.0,0.0,0.0,0.0,0.0,0.0,0.0,0.0,0.0,0.0,0.0,0.0,0.0,0.0,0.0,0.0,0.0,0.0,0.0,0.0,0.0,0.0,0.0,0.0,0.0,-116.3447265625,0.0,116.34375,0.0,0.0,0.0,0.0,0.0,0.0,0.0,0.0,0.0,0.0,0.0,0.0,0.0,6650.6640625,0.0,117093.2890625,0.0,-803.51953125,0.0,803.5234375,0.0,-10.779443800173036,0.0,0.6909666061401367,0.0,TX
7725556,TX,4818,342.720947265625,1,0.0,44867.81640625,46315.2109375,1,0,3496.8251953125,0.0,41485.609375,972.7833251953125,0.0,0.0,0.0,972.7833251953125,-5.0,0.0,5.0,0.0,-114.0,0.0,114.0,0.0,0.0,0.0,0.0,0.0,0.0,0.0,0.0,0.0,0.0,0.0,0.0,0.0,0.0,0.0,0.0,0.0,0.0,0.0,0.0,0.0,0.0,0.0,0.0,0.0,0.0,0.0,0.0,0.0,0.0,0.0,0.0,0.0,0.0,0.0,0.0,0.0,0.0,0.0,0.0,0.0,0.0,0.0,0.0,0.0,0.0,0.0,0.0,0.0,0.0,0.0,0.0,0.0,0.0,0.0,0.0,0.0,0.0,0.0,0.0,0.0,-59.015625,0.0,59.015625,0.0,0.0,0.0,0.0,0.0,0.0,0.0,0.0,0.0,0.0,0.0,0.0,0.0,3318.8095703125,0.0,41663.625,972.7833251953125,-178.015625,0.0,178.015625,0.0,-5.090778493549814,0.0,0.4291021227836609,0.0,TX
7725557,TX,4818,581.0746459960938,3,1.0,56697.89453125,57223.2109375,3,0,544.785400390625,0.0,58608.71875,0.0,0.0,0.0,0.0,0.0,-10.0,0.0,10.0,0.0,-228.0,0.0,228.0,0.0,0.0,0.0,0.0,0.0,0.0,0.0,0.0,0.0,-200.0,0.0,200.0,0.0,0.0,0.0,0.0,0.0,0.0,0.0,0.0,0.0,0.0,0.0,0.0,0.0,0.0,0.0,0.0,0.0,0.0,0.0,0.0,0.0,0.0,0.0,0.0,0.0,0.0,0.0,0.0,0.0,0.0,0.0,0.0,0.0,0.0,0.0,0.0,0.0,0.0,0.0,0.0,0.0,0.0,0.0,0.0,0.0,0.0,0.0,0.0,0.0,-315.214599609375,0.0,315.21875,0.0,0.0,0.0,0.0,0.0,0.0,0.0,0.0,0.0,0.0,0.0,0.0,0.0,-208.42919921875,0.0,59361.9375,0.0,-753.214599609375,0.0,753.21875,0.0,-138.25895463962524,0.0,1.2851649522781372,0.0,TX
7725558,TX,4818,2.9467039108276367,3,1.0,157535.33984375,173896.84375,3,0,17552.671875,0.0,155331.671875,0.0,0.0,0.0,0.0,0.0,-230.0,0.0,230.0,0.0,0.0,0.0,0.0,0.0,0.0,0.0,0.0,0.0,0.0,0.0,0.0,0.0,-200.0,0.0,200.0,0.0,0.0,0.0,0.0,0.0,-760.357421875,0.0,760.359375,0.0,0.0,0.0,0.0,0.0,0.0,0.0,0.0,0.0,0.0,0.0,0.0,0.0,0.0,0.0,0.0,0.0,0.0,0.0,0.0,0.0,0.0,0.0,0.0,0.0,0.0,0.0,0.0,0.0,0.0,0.0,0.0,0.0,0.0,0.0,0.0,0.0,0.0,0.0,0.0,0.0,0.0,0.0,0.0,0.0,0.0,0.0,0.0,0.0,0.0,0.0,0.0,0.0,0.0,0.0,0.0,0.0,16362.314453125,0.0,156522.03125,0.0,-1190.357421875,0.0,1190.359375,0.0,-6.781630912672661,0.0,0.7663339972496033,0.0,TX
7725559,TX,4818,682.2869873046875,2,0.0,101725.71484375,102160.03125,2,0,8137.20361328125,0.0,88088.6484375,0.0,0.0,0.0,0.0,0.0,-10.0,0.0,10.0,0.0,-228.0,0.0,228.0,0.0,0.0,0.0,0.0,0.0,0.0,0.0,0.0,0.0,0.0,0.0,0.0,0.0,0.0,0.0,0.0,0.0,0.0,0.0,0.0,0.0,0.0,0.0,0.0,0.0,0.0,0.0,0.0,0.0,0.0,0.0,0.0,0.0,-27.77685546875,0.0,27.7734375,0.0,0.0,0.0,0.0,0.0,0.0,0.0,0.0,0.0,0.0,0.0,0.0,0.0,0.0,0.0,0.0,0.0,0.0,0.0,0.0,0.0,0.0,0.0,0.0,0.0,-36.31787109375,0.0,36.3203125,0.0,0.0,0.0,0.0,0.0,0.0,0.0,0.0,0.0,0.0,0.0,0.0,0.0,7835.10888671875,0.0,88390.7421875,0.0,-302.0947265625,0.0,302.09375,0.0,-3.7125128105364342,0.0,0.34294289350509644,0.0,TX
7725560,TX,4818,121.22386932373047,7,3.9999999999999996,58072.56640625,451233.62500000006,6,1,61705.96093749999,0.0,409944.875,4853.84912109375,20223.16015625,0.0,0.0,25077.00927734375,-291.9999999999927,0.0,292.0,0.0,-456.0,0.0,456.0,0.0,0.0,0.0,0.0,0.0,0.0,0.0,0.0,0.0,-800.0000000000073,0.0,800.0,0.0,0.0,0.0,0.0,0.0,0.0,0.0,0.0,0.0,0.0,0.0,0.0,0.0,0.0,0.0,0.0,0.0,0.0,0.0,0.0,0.0,-480.0,0.0,480.0,0.0,0.0,0.0,0.0,0.0,0.0,0.0,0.0,0.0,0.0,0.0,0.0,0.0,0.0,0.0,0.0,0.0,0.0,0.0,0.0,0.0,0.0,0.0,0.0,0.0,0.0,0.0,0.0,0.0,0.0,0.0,0.0,0.0,0.0,0.0,0.0,0.0,0.0,0.0,0.0,0.0,59677.96093749999,0.0,411972.875,25077.00927734375,-2028.0,0.0,2028.0,0.0,-3.2865544417241903,0.0,0.49470067024230957,0.0,TX
7725561,TX,4818,1256.2181396484375,3,1.0,0.0,0.0,2,1,0.0,0.0,76489.875,31906.04296875,44583.83056640625,0.0,0.0,76489.87353515625,0.0,0.0,0.0,0.0,0.0,0.0,0.0,0.0,0.0,0.0,0.0,0.0,0.0,0.0,0.0,0.0,0.0,0.0,0.0,0.0,0.0,0.0,0.0,0.0,0.0,0.0,0.0,0.0,0.0,0.0,0.0,0.0,0.0,0.0,0.0,0.0,0.0,0.0,0.0,0.0,0.0,0.0,0.0,0.0,0.0,0.0,0.0,0.0,0.0,0.0,0.0,0.0,0.0,0.0,0.0,0.0,0.0,0.0,0.0,0.0,0.0,0.0,0.0,0.0,0.0,0.0,0.0,0.0,0.0,0.0,0.0,0.0,0.0,0.0,0.0,0.0,0.0,0.0,0.0,0.0,0.0,0.0,0.0,0.0,0.0,0.0,76489.875,76489.87353515625,0.0,0.0,0.0,0.0,0.0,0.0,0.0,0.0,TX
7725562,TX,4818,178.4583740234375,2,0.0,0.0,0.0,2,0,0.0,0.0,64424.19921875,32355.94140625,0.0,0.0,0.0,32355.94140625,0.0,0.0,0.0,0.0,0.0,0.0,0.0,0.0,0.0,0.0,0.0,0.0,0.0,0.0,0.0,0.0,0.0,0.0,0.0,0.0,0.0,0.0,0.0,0.0,0.0,0.0,0.0,0.0,0.0,0.0,0.0,0.0,0.0,0.0,0.0,0.0,0.0,0.0,0.0,0.0,0.0,0.0,0.0,0.0,0.0,0.0,0.0,0.0,0.0,0.0,0.0,0.0,0.0,0.0,0.0,0.0,0.0,0.0,0.0,0.0,0.0,0.0,0.0,0.0,0.0,0.0,0.0,0.0,0.0,0.0,0.0,0.0,0.0,0.0,0.0,0.0,0.0,0.0,0.0,0.0,0.0,0.0,0.0,0.0,0.0,0.0,64424.19921875,32355.94140625,0.0,0.0,0.0,0.0,0.0,0.0,0.0,0.0,TX
7725563,TX,4818,0.09922369569540024,4,2.0,0.0,123402.875,4,0,6476.59765625,0.0,122384.25,0.0,0.0,13652.962890625,0.0,13652.962890625,-10.0,0.0,10.0,0.0,-228.0,0.0,228.0,0.0,0.0,0.0,0.0,0.0,0.0,0.0,0.0,0.0,-400.0,0.0,400.0,0.0,0.0,0.0,0.0,0.0,-390.2529296875,0.0,390.2578125,0.0,0.0,0.0,0.0,0.0,0.0,0.0,0.0,0.0,0.0,0.0,0.0,0.0,-240.0,0.0,240.0,0.0,0.0,0.0,0.0,0.0,0.0,0.0,0.0,0.0,0.0,0.0,0.0,0.0,0.0,0.0,0.0,0.0,0.0,0.0,0.0,0.0,0.0,0.0,0.0,0.0,-557.859375,0.0,557.859375,0.0,0.0,0.0,0.0,0.0,0.0,0.0,0.0,0.0,0.0,0.0,0.0,0.0,4650.4853515625,0.0,124210.3671875,13652.962890625,-1826.1123046875,0.0,1826.1171875,0.0,-28.195549601962355,0.0,1.4921177625656128,0.0,TX
7725564,TX,4818,0.8599486947059631,1,0.0,0.0,4.136351108551025,1,0,0.0,0.0,81878.125,40936.0234375,0.0,0.0,0.0,40936.0234375,0.0,0.0,0.0,0.0,0.0,0.0,0.0,0.0,0.0,0.0,0.0,0.0,0.0,0.0,0.0,0.0,0.0,0.0,0.0,0.0,0.0,0.0,0.0,0.0,0.0,0.0,0.0,0.0,0.0,0.0,0.0,0.0,0.0,0.0,0.0,0.0,0.0,0.0,0.0,0.0,0.0,0.0,0.0,0.0,0.0,0.0,0.0,0.0,0.0,0.0,0.0,0.0,0.0,0.0,0.0,0.0,0.0,0.0,0.0,0.0,0.0,0.0,0.0,0.0,0.0,0.0,0.0,0.0,0.0,0.0,0.0,0.0,0.0,0.0,0.0,0.0,0.0,0.0,0.0,0.0,0.0,0.0,0.0,0.0,0.0,0.0,81878.125,40936.0234375,0.0,0.0,0.0,0.0,0.0,0.0,0.0,0.0,TX
7725565,TX,4818,0.14842845499515533,7,3.0,57693.8984375,87858.5913848877,7,0,6362.09912109375,0.0,227389.625,58552.75,12412.53076171875,3870.10302734375,0.0,74835.3837890625,-10.0,0.0,10.0,0.0,-228.0,0.0,228.0,0.0,0.0,0.0,0.0,0.0,0.0,0.0,0.0,0.0,0.0,0.0,0.0,0.0,0.0,0.0,0.0,0.0,-504.06756591796875,0.0,504.078125,0.0,0.0,0.0,0.0,0.0,0.0,0.0,0.0,0.0,0.0,0.0,0.0,0.0,0.0,0.0,0.0,0.0,0.0,0.0,0.0,0.0,0.0,0.0,0.0,0.0,0.0,0.0,0.0,0.0,0.0,0.0,0.0,0.0,0.0,0.0,0.0,0.0,0.0,0.0,0.0,0.0,-149.46875,0.0,149.46875,0.0,0.0,0.0,0.0,0.0,0.0,0.0,0.0,0.0,0.0,0.0,0.0,0.0,5470.562805175781,0.0,228281.171875,74835.3837890625,-891.5363159179688,0.0,891.546875,0.0,-14.013241525301776,0.0,0.3920789957046509,0.0,TX
7725566,TX,4818,0.11973085254430771,4,1.0,347806.955078125,444816.455078125,4,0,76728.12963867188,0.0,380467.78125,1014.5010986328125,0.0,0.0,0.0,1014.5010986328125,-297.0,0.0,297.0,0.0,-114.0,0.0,114.0,0.0,0.0,0.0,0.0,0.0,0.0,0.0,0.0,0.0,-200.0,0.0,200.0,0.0,0.0,0.0,0.0,0.0,-97.875,0.0,97.875,0.0,0.0,0.0,0.0,0.0,0.0,0.0,0.0,0.0,0.0,0.0,0.0,0.0,0.0,0.0,0.0,0.0,0.0,0.0,0.0,0.0,0.0,0.0,0.0,0.0,0.0,0.0,0.0,0.0,0.0,0.0,0.0,0.0,0.0,0.0,0.0,0.0,0.0,0.0,0.0,0.0,0.0,0.0,0.0,0.0,0.0,0.0,0.0,0.0,0.0,0.0,0.0,0.0,0.0,0.0,0.0,0.0,76019.25463867188,0.0,381176.65625,1014.5010986328125,-708.875,0.0,708.875,0.0,-0.9238788998744455,0.0,0.18631669878959656,0.0,TX
7725567,TX,4818,0.14356161653995514,2,0.0,59677.51953125,75594.71875,2,0,7070.158203125,0.0,138942.515625,42964.40234375,0.0,0.0,0.0,42964.40234375,-115.0,0.0,115.0,0.0,-209.0,0.0,209.0,0.0,0.0,0.0,0.0,0.0,0.0,0.0,0.0,0.0,0.0,0.0,0.0,0.0,0.0,0.0,0.0,0.0,0.0,0.0,0.0,0.0,0.0,0.0,0.0,0.0,0.0,0.0,0.0,0.0,0.0,0.0,0.0,0.0,0.0,0.0,0.0,0.0,0.0,0.0,0.0,0.0,0.0,0.0,0.0,0.0,0.0,0.0,0.0,0.0,0.0,0.0,0.0,0.0,0.0,0.0,0.0,0.0,-1150.07177734375,0.0,1150.0625,0.0,0.0,0.0,0.0,0.0,0.0,0.0,0.0,0.0,0.0,0.0,0.0,0.0,0.0,0.0,0.0,0.0,5596.08642578125,0.0,140416.578125,42964.40234375,-1474.07177734375,0.0,1474.0625,0.0,-20.849204996462632,0.0,1.0609153509140015,0.0,TX
7725568,TX,4818,170.4804229736328,2,0.0,0.0,0.0,2,0,0.0,0.0,95225.3671875,30866.671875,40446.3203125,0.0,0.0,71312.9921875,0.0,0.0,0.0,0.0,0.0,0.0,0.0,0.0,0.0,0.0,0.0,0.0,0.0,0.0,0.0,0.0,0.0,0.0,0.0,0.0,0.0,0.0,0.0,0.0,0.0,0.0,0.0,0.0,0.0,0.0,0.0,0.0,0.0,0.0,0.0,0.0,0.0,0.0,0.0,0.0,0.0,0.0,0.0,0.0,0.0,0.0,0.0,0.0,0.0,0.0,0.0,0.0,0.0,0.0,0.0,0.0,0.0,0.0,0.0,0.0,0.0,0.0,0.0,0.0,0.0,0.0,0.0,0.0,0.0,0.0,0.0,0.0,0.0,0.0,0.0,0.0,0.0,0.0,0.0,0.0,0.0,0.0,0.0,0.0,0.0,0.0,95225.3671875,71312.9921875,0.0,0.0,0.0,0.0,0.0,0.0,0.0,0.0,TX
7725569,TX,4818,1.1285405158996582,4,2.0,243690.109375,359263.09375,4,0,49676.90625,0.0,292881.3125,0.0,0.0,0.0,0.0,0.0,-230.0,0.0,230.0,0.0,0.0,0.0,0.0,0.0,0.0,0.0,0.0,0.0,0.0,0.0,0.0,0.0,-200.0,0.0,200.0,0.0,0.0,0.0,0.0,0.0,-207.93359375,0.0,207.90625,0.0,0.0,0.0,0.0,0.0,0.0,0.0,0.0,0.0,0.0,0.0,0.0,0.0,0.0,0.0,0.0,0.0,0.0,0.0,0.0,0.0,0.0,0.0,0.0,0.0,0.0,0.0,0.0,0.0,0.0,0.0,0.0,0.0,0.0,0.0,0.0,0.0,0.0,0.0,0.0,0.0,0.0,0.0,0.0,0.0,0.0,0.0,0.0,0.0,0.0,0.0,0.0,0.0,0.0,0.0,0.0,0.0,49038.97265625,0.0,293519.21875,0.0,-637.93359375,0.0,637.90625,0.0,-1.2841653031684113,0.0,0.21780365705490112,0.0,TX
7725570,TX,4818,2.0562596321105957,2,0.0,5198.4990234375,169123.515625,2,0,17787.7265625,0.0,201154.734375,41670.64453125,0.0,0.0,0.0,41670.64453125,-230.0,0.0,230.0,0.0,-98.14453125,0.0,98.140625,0.0,0.0,0.0,0.0,0.0,0.0,0.0,0.0,0.0,0.0,0.0,0.0,0.0,0.0,0.0,0.0,0.0,0.0,0.0,0.0,0.0,0.0,0.0,0.0,0.0,0.0,0.0,0.0,0.0,0.0,0.0,0.0,0.0,-440.0,0.0,440.0,0.0,0.0,0.0,0.0,0.0,0.0,0.0,0.0,0.0,0.0,0.0,0.0,0.0,0.0,0.0,0.0,0.0,0.0,0.0,0.0,0.0,-2387.5703125,0.0,2387.5625,0.0,0.0,0.0,0.0,0.0,0.0,0.0,0.0,0.0,0.0,0.0,0.0,0.0,0.0,0.0,0.0,0.0,14632.01171875,0.0,204310.4375,41670.64453125,-3155.71484375,0.0,3155.703125,0.0,-17.74096781093354,0.0,1.5687938928604126,0.0,TX
7725571,TX,4818,189.83929443359375,2,0.0,0.0,95564.046875,2,0,6947.09814453125,0.0,136230.875,40936.0234375,0.0,0.0,0.0,40936.0234375,-10.0,0.0,10.0,0.0,-228.0,0.0,228.0,0.0,0.0,0.0,0.0,0.0,0.0,0.0,0.0,0.0,0.0,0.0,0.0,0.0,0.0,0.0,0.0,0.0,0.0,0.0,0.0,0.0,0.0,0.0,0.0,0.0,0.0,0.0,0.0,0.0,0.0,0.0,0.0,0.0,0.0,0.0,0.0,0.0,0.0,0.0,0.0,0.0,0.0,0.0,0.0,0.0,0.0,0.0,0.0,0.0,0.0,0.0,0.0,0.0,0.0,0.0,0.0,0.0,-1440.0,0.0,1440.0,0.0,0.0,0.0,0.0,0.0,0.0,0.0,0.0,0.0,0.0,0.0,0.0,0.0,0.0,0.0,0.0,0.0,5269.09814453125,0.0,137908.875,40936.0234375,-1678.0,0.0,1678.0,0.0,-24.153969975520216,0.0,1.2317324876785278,0.0,TX
7725572,TX,4818,2099.527587890625,2,0.0,239998.5693359375,847662.5625,2,0,169026.171875,0.0,668882.4375,0.0,0.0,0.0,0.0,0.0,0.0,0.0,0.0,0.0,0.0,0.0,0.0,0.0,0.0,0.0,0.0,0.0,0.0,0.0,0.0,0.0,0.0,0.0,0.0,0.0,0.0,0.0,0.0,0.0,0.0,0.0,0.0,0.0,0.0,0.0,0.0,0.0,0.0,0.0,0.0,0.0,0.0,0.0,0.0,0.0,-352.5625,0.0,352.5625,0.0,0.0,0.0,0.0,0.0,0.0,0.0,0.0,0.0,0.0,0.0,0.0,0.0,0.0,0.0,0.0,0.0,0.0,0.0,0.0,0.0,0.0,0.0,0.0,0.0,0.0,0.0,0.0,0.0,0.0,0.0,0.0,0.0,0.0,0.0,0.0,0.0,0.0,0.0,0.0,0.0,168673.609375,0.0,669235.0,0.0,-352.5625,0.0,352.5625,0.0,-0.20858456183976687,0.0,0.0527091920375824,0.0,TX
7725573,TX,4818,1760.4847412109375,3,0.0,80813.16259765625,101537.9267578125,3,0,7219.142395019531,0.0,117918.2421875,23166.703125,0.0,5531.279296875,0.0,28697.982421875,-115.0,0.0,115.0,0.0,-304.0,0.0,304.0,0.0,0.0,0.0,0.0,0.0,0.0,0.0,0.0,0.0,0.0,0.0,0.0,0.0,0.0,0.0,0.0,0.0,0.0,0.0,0.0,0.0,0.0,0.0,0.0,0.0,0.0,0.0,0.0,0.0,0.0,0.0,0.0,0.0,-220.0,0.0,220.0,0.0,0.0,0.0,0.0,0.0,0.0,0.0,0.0,0.0,0.0,0.0,0.0,0.0,0.0,0.0,0.0,0.0,0.0,0.0,0.0,0.0,0.0,0.0,0.0,0.0,-84.1639404296875,0.0,84.1640625,0.0,0.0,0.0,0.0,0.0,0.0,0.0,0.0,0.0,0.0,0.0,0.0,0.0,6495.978454589844,0.0,118641.40625,28697.982421875,-723.1639404296875,0.0,723.1640625,0.0,-10.017310933340179,0.0,0.6132758259773254,0.0,TX
7725574,TX,4818,0.9320504665374756,2,0.0,391323.78125,819161.5625,2,0,174092.53125,0.0,626871.75,0.0,0.0,0.0,0.0,0.0,-764.0,0.0,764.0,0.0,-703.0,0.0,703.0,0.0,0.0,0.0,0.0,0.0,0.0,0.0,0.0,0.0,0.0,0.0,0.0,0.0,0.0,0.0,0.0,0.0,0.0,0.0,0.0,0.0,0.0,0.0,0.0,0.0,0.0,0.0,0.0,0.0,0.0,0.0,0.0,0.0,-740.0,0.0,740.0,0.0,0.0,0.0,0.0,0.0,0.0,0.0,0.0,0.0,0.0,0.0,0.0,0.0,0.0,0.0,0.0,0.0,0.0,0.0,0.0,0.0,0.0,0.0,0.0,0.0,0.0,0.0,0.0,0.0,0.0,0.0,0.0,0.0,0.0,0.0,0.0,0.0,0.0,0.0,0.0,0.0,171885.53125,0.0,629078.75,0.0,-2207.0,0.0,2207.0,0.0,-1.267716647091947,0.0,0.3520656228065491,0.0,TX
7725575,TX,4818,2.6134939193725586,2,0.0,75237.203125,551409.1544799805,2,0,108736.53125,0.0,496831.75,27661.625,0.0,0.0,0.0,27661.625,-369.0,0.0,369.0,0.0,-304.0,0.0,304.0,0.0,0.0,0.0,0.0,0.0,0.0,0.0,0.0,0.0,0.0,0.0,0.0,0.0,0.0,0.0,0.0,0.0,-1563.640625,0.0,1563.65625,0.0,0.0,0.0,0.0,0.0,0.0,0.0,0.0,0.0,0.0,0.0,0.0,0.0,0.0,0.0,0.0,0.0,0.0,0.0,0.0,0.0,0.0,0.0,0.0,0.0,0.0,0.0,0.0,0.0,0.0,0.0,0.0,0.0,0.0,0.0,0.0,0.0,0.0,0.0,0.0,0.0,0.0,0.0,0.0,0.0,0.0,0.0,0.0,0.0,0.0,0.0,0.0,0.0,0.0,0.0,0.0,0.0,106499.890625,0.0,499068.40625,27661.625,-2236.640625,0.0,2236.65625,0.0,-2.0569357871621454,0.0,0.45018380880355835,0.0,TX
7725576,TX,4818,1.2816191911697388,4,2.0,136689.0166015625,524039.4375,4,0,102441.140625,0.0,404398.9375,0.0,0.0,0.0,0.0,0.0,-764.0,0.0,764.0,0.0,-740.9375,0.0,740.9375,0.0,0.0,0.0,0.0,0.0,0.0,0.0,0.0,0.0,0.0,0.0,0.0,0.0,0.0,0.0,0.0,0.0,-936.5546875,0.0,936.5625,0.0,0.0,0.0,0.0,0.0,0.0,0.0,0.0,0.0,0.0,0.0,0.0,0.0,-640.0,0.0,640.0,0.0,0.0,0.0,0.0,0.0,0.0,0.0,0.0,0.0,-1689.2890625,0.0,1689.28125,0.0,0.0,0.0,0.0,0.0,0.0,0.0,0.0,0.0,0.0,0.0,0.0,0.0,0.0,0.0,0.0,0.0,0.0,0.0,0.0,0.0,0.0,0.0,0.0,0.0,0.0,0.0,0.0,0.0,97670.359375,0.0,409169.71875,0.0,-4770.78125,0.0,4770.78125,0.0,-4.657095011723958,0.0,1.179721474647522,0.0,TX
7725577,TX,4818,5.7094316482543945,4,2.0,340680.7421875,1016756.75,4,0,252079.328125,0.0,747274.625,0.0,0.0,0.0,0.0,0.0,-749.0,0.0,749.0,0.0,0.0,0.0,0.0,0.0,0.0,0.0,0.0,0.0,0.0,0.0,0.0,0.0,0.0,0.0,0.0,0.0,0.0,0.0,0.0,0.0,0.0,0.0,0.0,0.0,0.0,0.0,0.0,0.0,0.0,0.0,0.0,0.0,0.0,0.0,0.0,0.0,0.0,0.0,0.0,0.0,0.0,0.0,0.0,0.0,0.0,0.0,0.0,0.0,0.0,0.0,0.0,0.0,0.0,0.0,0.0,0.0,0.0,0.0,0.0,0.0,0.0,0.0,0.0,0.0,0.0,0.0,0.0,0.0,0.0,0.0,0.0,0.0,0.0,0.0,0.0,0.0,0.0,0.0,0.0,0.0,251330.328125,0.0,748023.625,0.0,-749.0,0.0,749.0,0.0,-0.297128687850433,0.0,0.10023088753223419,0.0,TX
7725578,TX,4818,75.07526397705078,2,0.0,0.0,8254.1376953125,2,0,0.0,0.0,66936.75,29165.74609375,0.0,0.0,0.0,29165.74609375,0.0,0.0,0.0,0.0,0.0,0.0,0.0,0.0,0.0,0.0,0.0,0.0,0.0,0.0,0.0,0.0,0.0,0.0,0.0,0.0,0.0,0.0,0.0,0.0,0.0,0.0,0.0,0.0,0.0,0.0,0.0,0.0,0.0,0.0,0.0,0.0,0.0,0.0,0.0,0.0,0.0,0.0,0.0,0.0,0.0,0.0,0.0,0.0,0.0,0.0,0.0,0.0,0.0,0.0,0.0,0.0,0.0,0.0,0.0,0.0,0.0,0.0,0.0,0.0,0.0,0.0,0.0,0.0,0.0,0.0,0.0,0.0,0.0,0.0,0.0,0.0,0.0,0.0,0.0,0.0,0.0,0.0,0.0,0.0,0.0,0.0,66936.75,29165.74609375,0.0,0.0,0.0,0.0,0.0,0.0,0.0,0.0,TX
7725579,TX,4818,110.09033203125,1,0.0,206258.734375,646415.1875,1,0,141235.859375,0.0,530985.9375,24609.142578125,0.0,0.0,0.0,24609.142578125,-362.25,0.0,362.25,0.0,0.0,0.0,0.0,0.0,0.0,0.0,0.0,0.0,0.0,0.0,0.0,0.0,0.0,0.0,0.0,0.0,0.0,0.0,0.0,0.0,-1488.9375,0.0,1488.9375,0.0,0.0,0.0,0.0,0.0,0.0,0.0,0.0,0.0,0.0,0.0,0.0,0.0,0.0,0.0,0.0,0.0,0.0,0.0,0.0,0.0,0.0,0.0,0.0,0.0,0.0,0.0,0.0,0.0,0.0,0.0,0.0,0.0,0.0,0.0,0.0,0.0,0.0,0.0,0.0,0.0,0.0,0.0,0.0,0.0,0.0,0.0,0.0,0.0,0.0,0.0,0.0,0.0,0.0,0.0,0.0,0.0,139384.671875,0.0,532837.125,24609.142578125,-1851.1875,0.0,1851.1875,0.0,-1.3107064368722754,0.0,0.3486320972442627,0.0,TX
7725580,TX,4818,509.2345886230469,1,0.0,66270.109375,75719.90625,1,0,8152.37939453125,0.0,87268.65625,20712.2890625,0.0,0.0,0.0,20712.2890625,-115.0,0.0,115.0,0.0,-209.0,0.0,209.0,0.0,0.0,0.0,0.0,0.0,0.0,0.0,0.0,0.0,0.0,0.0,0.0,0.0,0.0,0.0,0.0,0.0,0.0,0.0,0.0,0.0,0.0,0.0,0.0,0.0,0.0,0.0,0.0,0.0,0.0,0.0,0.0,0.0,0.0,0.0,0.0,0.0,0.0,0.0,0.0,0.0,0.0,0.0,0.0,0.0,0.0,0.0,0.0,0.0,0.0,0.0,0.0,0.0,0.0,0.0,0.0,0.0,0.0,0.0,0.0,0.0,0.0,0.0,0.0,0.0,0.0,0.0,0.0,0.0,0.0,0.0,0.0,0.0,0.0,0.0,0.0,0.0,7828.37939453125,0.0,87592.65625,20712.2890625,-324.0,0.0,324.0,0.0,-3.974299824874987,0.0,0.37126731872558594,0.0,TX
7725581,TX,4818,576.7086181640625,1,0.0,103680.859375,113985.25,1,0,16553.138671875,0.0,109465.2734375,18197.2421875,0.0,0.0,0.0,18197.2421875,-115.0,0.0,115.0,0.0,-209.0,0.0,209.0,0.0,0.0,0.0,0.0,0.0,0.0,0.0,0.0,0.0,0.0,0.0,0.0,0.0,0.0,0.0,0.0,0.0,0.0,0.0,0.0,0.0,0.0,0.0,0.0,0.0,0.0,0.0,0.0,0.0,0.0,0.0,0.0,0.0,-220.0,0.0,220.0,0.0,0.0,0.0,0.0,0.0,0.0,0.0,0.0,0.0,0.0,0.0,0.0,0.0,0.0,0.0,0.0,0.0,0.0,0.0,0.0,0.0,0.0,0.0,0.0,0.0,0.0,0.0,0.0,0.0,0.0,0.0,0.0,0.0,0.0,0.0,0.0,0.0,0.0,0.0,0.0,0.0,16009.138671875,0.0,110009.2734375,18197.2421875,-544.0,0.0,544.0,0.0,-3.2863858074498946,0.0,0.4969612658023834,0.0,TX
7725582,TX,4818,0.7318856120109558,2,0.0,44731.5068359375,44764.640625,2,0,646.464111328125,0.0,62521.63671875,0.0,0.0,0.0,0.0,0.0,0.0,0.0,0.0,0.0,-190.0,0.0,190.0,0.0,0.0,0.0,0.0,0.0,0.0,0.0,0.0,0.0,0.0,0.0,0.0,0.0,0.0,0.0,0.0,0.0,0.0,0.0,0.0,0.0,0.0,0.0,0.0,0.0,0.0,0.0,0.0,0.0,0.0,0.0,0.0,0.0,0.0,0.0,0.0,0.0,0.0,0.0,0.0,0.0,0.0,0.0,0.0,0.0,0.0,0.0,0.0,0.0,0.0,0.0,0.0,0.0,-434.3492431640625,0.0,434.3515625,0.0,0.0,0.0,0.0,0.0,0.0,0.0,0.0,0.0,0.0,0.0,0.0,0.0,0.0,0.0,0.0,0.0,0.0,0.0,0.0,0.0,22.1148681640625,0.0,63145.98828125,0.0,-624.3492431640625,0.0,624.3515625,0.0,-96.57910349909004,0.0,0.9986167550086975,0.0,TX
7725583,TX,4818,449.0209655761719,2,0.0,47255.880859375,47255.880859375,2,0,1595.177001953125,0.0,52938.21875,0.0,0.0,5756.544921875,0.0,5756.544921875,-5.0,0.0,5.0,0.0,-192.9573974609375,0.0,192.953125,0.0,0.0,0.0,0.0,0.0,0.0,0.0,0.0,0.0,0.0,0.0,0.0,0.0,0.0,0.0,0.0,0.0,0.0,0.0,0.0,0.0,0.0,0.0,0.0,0.0,0.0,0.0,0.0,0.0,0.0,0.0,0.0,0.0,0.0,0.0,0.0,0.0,0.0,0.0,0.0,0.0,0.0,0.0,0.0,0.0,0.0,0.0,0.0,0.0,0.0,0.0,0.0,0.0,-345.80078125,0.0,345.8046875,0.0,0.0,0.0,0.0,0.0,0.0,0.0,0.0,0.0,0.0,0.0,0.0,0.0,0.0,0.0,0.0,0.0,0.0,0.0,0.0,0.0,1051.4188232421875,0.0,53481.9765625,5756.544921875,-543.7581787109375,0.0,543.7578125,0.0,-34.087639054798515,0.0,1.0271555185317993,0.0,TX
7725584,TX,4818,820.5828857421875,3,1.0,291098.80078125,1138872.375,3,0,207734.8125,0.0,910104.25,0.0,4137.51025390625,0.0,0.0,4137.51025390625,-749.0,0.0,749.0,0.0,0.0,0.0,0.0,0.0,0.0,0.0,0.0,0.0,0.0,0.0,0.0,0.0,0.0,0.0,0.0,0.0,0.0,0.0,0.0,0.0,0.0,0.0,0.0,0.0,0.0,0.0,0.0,0.0,0.0,0.0,0.0,0.0,0.0,0.0,0.0,0.0,0.0,0.0,0.0,0.0,0.0,0.0,0.0,0.0,0.0,0.0,0.0,0.0,0.0,0.0,0.0,0.0,0.0,0.0,0.0,0.0,0.0,0.0,0.0,0.0,0.0,0.0,0.0,0.0,0.0,0.0,0.0,0.0,0.0,0.0,0.0,0.0,0.0,0.0,0.0,0.0,0.0,0.0,0.0,0.0,206985.8125,0.0,910853.25,4137.51025390625,-749.0,0.0,749.0,0.0,-0.3605558408752505,0.0,0.08229826390743256,0.0,TX
7725585,TX,4818,254.22836303710938,1,0.0,38519.9609375,38519.9609375,1,0,2561.395263671875,0.0,34475.140625,0.0,0.0,0.0,0.0,0.0,-5.0,0.0,5.0,0.0,-114.0,0.0,114.0,0.0,0.0,0.0,0.0,0.0,0.0,0.0,0.0,0.0,0.0,0.0,0.0,0.0,0.0,0.0,0.0,0.0,0.0,0.0,0.0,0.0,0.0,0.0,0.0,0.0,0.0,0.0,0.0,0.0,0.0,0.0,0.0,0.0,-120.0,0.0,120.0,0.0,0.0,0.0,0.0,0.0,0.0,0.0,0.0,0.0,0.0,0.0,0.0,0.0,0.0,0.0,0.0,0.0,-436.181396484375,0.0,436.1796875,0.0,0.0,0.0,0.0,0.0,-62.25830078125,0.0,62.2578125,0.0,0.0,0.0,0.0,0.0,0.0,0.0,0.0,0.0,0.0,0.0,0.0,0.0,1823.95556640625,0.0,35212.578125,0.0,-737.439697265625,0.0,737.4375,0.0,-28.790546610462304,0.0,2.1390414237976074,0.0,TX
7725586,TX,4818,639.2736206054688,1,0.0,117195.609375,112473.5703125,1,0,13219.0068359375,0.0,97328.515625,0.0,0.0,0.0,0.0,0.0,-115.0,0.0,115.0,0.0,0.0,0.0,0.0,0.0,0.0,0.0,0.0,0.0,0.0,0.0,0.0,0.0,0.0,0.0,0.0,0.0,0.0,0.0,0.0,0.0,0.0,0.0,0.0,0.0,0.0,0.0,0.0,0.0,0.0,0.0,0.0,0.0,0.0,0.0,0.0,0.0,0.0,0.0,0.0,0.0,0.0,0.0,0.0,0.0,0.0,0.0,0.0,0.0,0.0,0.0,0.0,0.0,0.0,0.0,0.0,0.0,-3268.291015625,0.0,3268.2890625,0.0,0.0,0.0,0.0,0.0,0.0,0.0,0.0,0.0,0.0,0.0,0.0,0.0,0.0,0.0,0.0,0.0,0.0,0.0,0.0,0.0,9835.7158203125,0.0,100711.8046875,0.0,-3383.291015625,0.0,3383.2890625,0.0,-25.59413923916815,0.0,3.476154088973999,0.0,TX
7725587,TX,4818,1095.4505615234375,3,0.0,74257.79443359375,83096.38037109375,2,1,5131.585632324219,0.0,77404.765625,2941.423095703125,0.0,0.0,0.0,2941.423095703125,-5.0,0.0,5.0,0.0,-209.0,0.0,209.0,0.0,0.0,0.0,0.0,0.0,0.0,0.0,0.0,0.0,0.0,0.0,0.0,0.0,0.0,0.0,0.0,0.0,0.0,0.0,0.0,0.0,0.0,0.0,0.0,0.0,0.0,0.0,0.0,0.0,0.0,0.0,0.0,0.0,-120.0,0.0,120.0,0.0,0.0,0.0,0.0,0.0,0.0,0.0,0.0,0.0,0.0,0.0,0.0,0.0,0.0,0.0,0.0,0.0,0.0,0.0,0.0,0.0,0.0,0.0,0.0,0.0,0.0,0.0,0.0,0.0,0.0,0.0,0.0,0.0,0.0,0.0,0.0,0.0,0.0,0.0,0.0,0.0,4797.585632324219,0.0,77738.765625,2941.423095703125,-334.0,0.0,334.0,0.0,-6.5087094697613646,0.0,0.4314979910850525,0.0,TX
7725588,TX,4818,623.9404296875,3,0.0,67568.0693359375,66629.08203125,3,0,2087.1165161132812,0.0,66678.5078125,0.0,0.0,0.0,0.0,0.0,-5.0,0.0,5.0,0.0,-304.0,0.0,304.0,0.0,0.0,0.0,0.0,0.0,0.0,0.0,0.0,0.0,0.0,0.0,0.0,0.0,0.0,0.0,0.0,0.0,0.0,0.0,0.0,0.0,0.0,0.0,0.0,0.0,0.0,0.0,0.0,0.0,0.0,0.0,0.0,0.0,0.0,0.0,0.0,0.0,0.0,0.0,0.0,0.0,0.0,0.0,0.0,0.0,0.0,0.0,0.0,0.0,0.0,0.0,0.0,0.0,0.0,0.0,0.0,0.0,0.0,0.0,0.0,0.0,-164.34637451171875,0.0,164.34375,0.0,0.0,0.0,0.0,0.0,0.0,0.0,0.0,0.0,0.0,0.0,0.0,0.0,1613.7701416015625,0.0,67151.8515625,0.0,-473.34637451171875,0.0,473.34375,0.0,-22.679441749289822,0.0,0.7098895311355591,0.0,TX
7725589,TX,4818,1.1157598495483398,5,0.0,324124.95703125,561382.572265625,5,0,91126.4859008789,0.0,307137.53125,29820.798828125,0.0,0.0,0.0,29820.798828125,-384.0,0.0,384.0,0.0,-404.26904296875,0.0,404.28125,0.0,0.0,0.0,0.0,0.0,0.0,0.0,0.0,0.0,0.0,0.0,0.0,0.0,0.0,0.0,0.0,0.0,0.0,0.0,0.0,0.0,0.0,0.0,0.0,0.0,0.0,0.0,0.0,0.0,0.0,0.0,0.0,0.0,0.0,0.0,0.0,0.0,0.0,0.0,0.0,0.0,0.0,0.0,0.0,0.0,0.0,0.0,0.0,0.0,-527.0388793945312,0.0,527.03125,0.0,0.0,0.0,0.0,0.0,0.0,0.0,0.0,0.0,0.0,0.0,0.0,0.0,0.0,0.0,0.0,0.0,0.0,0.0,0.0,0.0,0.0,0.0,0.0,0.0,89811.17797851562,0.0,308452.84375,29820.798828125,-1315.3079223632812,0.0,1315.3125,0.0,-1.4433870782573384,0.0,0.42824870347976685,0.0,TX
7725590,TX,4818,1492.74169921875,2,0.0,86364.8515625,214649.4140625,2,0,30033.6396484375,0.0,237848.140625,53820.046875,0.0,0.0,0.0,53820.046875,-230.0,0.0,230.0,0.0,-418.0,0.0,418.0,0.0,0.0,0.0,0.0,0.0,0.0,0.0,0.0,0.0,0.0,0.0,0.0,0.0,0.0,0.0,0.0,0.0,0.0,0.0,0.0,0.0,0.0,0.0,0.0,0.0,0.0,0.0,0.0,0.0,0.0,0.0,0.0,0.0,0.0,0.0,0.0,0.0,0.0,0.0,0.0,0.0,0.0,0.0,0.0,0.0,0.0,0.0,0.0,0.0,0.0,0.0,0.0,0.0,0.0,0.0,0.0,0.0,0.0,0.0,0.0,0.0,0.0,0.0,0.0,0.0,0.0,0.0,0.0,0.0,0.0,0.0,0.0,0.0,0.0,0.0,0.0,0.0,29385.6396484375,0.0,238496.140625,53820.046875,-648.0,0.0,648.0,0.0,-2.157580658172784,0.0,0.2724427580833435,0.0,TX
7725591,TX,4818,2.505964756011963,3,1.0,114329.8828125,117610.4765625,3,0,7607.7294921875,0.0,122524.4296875,0.0,0.0,0.0,0.0,0.0,-10.0,0.0,10.0,0.0,0.0,0.0,0.0,0.0,0.0,0.0,0.0,0.0,0.0,0.0,0.0,0.0,-200.0,0.0,200.0,0.0,0.0,0.0,0.0,0.0,-517.556640625,0.0,517.5625,0.0,0.0,0.0,0.0,0.0,0.0,0.0,0.0,0.0,0.0,0.0,0.0,0.0,-166.916015625,0.0,166.9140625,0.0,0.0,0.0,0.0,0.0,0.0,0.0,0.0,0.0,-274.4794921875,0.0,274.4765625,0.0,0.0,0.0,0.0,0.0,0.0,0.0,0.0,0.0,0.0,0.0,0.0,0.0,-330.7470703125,0.0,330.75,0.0,0.0,0.0,0.0,0.0,0.0,0.0,0.0,0.0,0.0,0.0,0.0,0.0,6108.0302734375,0.0,124024.1328125,0.0,-1499.69921875,0.0,1499.703125,0.0,-19.712835745409524,0.0,1.2240033149719238,0.0,TX
7725592,TX,4818,0.7149360775947571,1,0.0,72873.328125,109804.25,1,0,15199.9345703125,0.0,121103.7265625,21842.427734375,0.0,0.0,0.0,21842.427734375,-115.0,0.0,115.0,0.0,-209.0,0.0,209.0,0.0,0.0,0.0,0.0,0.0,0.0,0.0,0.0,0.0,0.0,0.0,0.0,0.0,0.0,0.0,0.0,0.0,0.0,0.0,0.0,0.0,0.0,0.0,0.0,0.0,0.0,0.0,0.0,0.0,0.0,0.0,0.0,0.0,0.0,0.0,0.0,0.0,0.0,0.0,0.0,0.0,0.0,0.0,0.0,0.0,0.0,0.0,0.0,0.0,0.0,0.0,0.0,0.0,0.0,0.0,0.0,0.0,-860.5849609375,0.0,860.5859375,0.0,0.0,0.0,0.0,0.0,0.0,0.0,0.0,0.0,0.0,0.0,0.0,0.0,0.0,0.0,0.0,0.0,14015.349609375,0.0,122288.3125,21842.427734375,-1184.5849609375,0.0,1184.5859375,0.0,-7.793355658590481,0.0,0.9781581163406372,0.0,TX
7725593,TX,4818,327.7581481933594,2,0.0,44212.36328125,87072.1328125,2,0,10649.869140625,0.0,76145.8359375,0.0,0.0,0.0,0.0,0.0,-115.0,0.0,115.0,0.0,-209.0,0.0,209.0,0.0,0.0,0.0,0.0,0.0,0.0,0.0,0.0,0.0,0.0,0.0,0.0,0.0,0.0,0.0,0.0,0.0,0.0,0.0,0.0,0.0,0.0,0.0,0.0,0.0,0.0,0.0,0.0,0.0,0.0,0.0,0.0,0.0,0.0,0.0,0.0,0.0,0.0,0.0,0.0,0.0,0.0,0.0,0.0,0.0,0.0,0.0,0.0,0.0,0.0,0.0,0.0,0.0,0.0,0.0,0.0,0.0,0.0,0.0,0.0,0.0,0.0,0.0,0.0,0.0,0.0,0.0,0.0,0.0,0.0,0.0,0.0,0.0,0.0,0.0,0.0,0.0,10325.869140625,0.0,76469.8359375,0.0,-324.0,0.0,324.0,0.0,-3.042290902562073,0.0,0.4254993200302124,0.0,TX
7725594,TX,4818,1.0336697101593018,2,0.0,154738.14453125,479327.5625,2,0,78777.0234375,0.0,403319.375,0.0,0.0,0.0,0.0,0.0,-230.0,0.0,230.0,0.0,-462.640625,0.0,462.65625,0.0,0.0,0.0,0.0,0.0,0.0,0.0,0.0,0.0,0.0,0.0,0.0,0.0,0.0,0.0,0.0,0.0,0.0,0.0,0.0,0.0,0.0,0.0,0.0,0.0,0.0,0.0,0.0,0.0,0.0,0.0,0.0,0.0,-486.9921875,0.0,487.0,0.0,0.0,0.0,0.0,0.0,0.0,0.0,0.0,0.0,0.0,0.0,0.0,0.0,0.0,0.0,0.0,0.0,0.0,0.0,0.0,0.0,0.0,0.0,0.0,0.0,0.0,0.0,0.0,0.0,0.0,0.0,0.0,0.0,0.0,0.0,0.0,0.0,0.0,0.0,0.0,0.0,77597.390625,0.0,404499.03125,0.0,-1179.6328125,0.0,1179.65625,0.0,-1.4974325774518447,0.0,0.29248687624931335,0.0,TX
7725595,TX,4818,0.7367854118347168,1,0.0,154514.171875,175203.671875,1,0,26946.646484375,0.0,159323.40625,17067.39453125,0.0,0.0,0.0,17067.39453125,-131.0,0.0,131.0,0.0,0.0,0.0,0.0,0.0,0.0,0.0,0.0,0.0,0.0,0.0,0.0,0.0,0.0,0.0,0.0,0.0,0.0,0.0,0.0,0.0,0.0,0.0,0.0,0.0,0.0,0.0,0.0,0.0,0.0,0.0,0.0,0.0,0.0,0.0,0.0,0.0,0.0,0.0,0.0,0.0,0.0,0.0,0.0,0.0,0.0,0.0,0.0,0.0,0.0,0.0,0.0,0.0,0.0,0.0,0.0,0.0,0.0,0.0,0.0,0.0,0.0,0.0,0.0,0.0,0.0,0.0,0.0,0.0,0.0,0.0,0.0,0.0,0.0,0.0,0.0,0.0,0.0,0.0,0.0,0.0,26815.646484375,0.0,159454.40625,17067.39453125,-131.0,0.0,131.0,0.0,-0.4861458366478377,0.0,0.08222270011901855,0.0,TX
7725596,TX,4818,96.20870971679688,2,0.0,33003.43359375,399918.125,2,0,72136.1875,0.0,387893.0,49437.56640625,0.0,0.0,0.0,49437.56640625,-292.0,0.0,292.0,0.0,-456.0,0.0,456.0,0.0,0.0,0.0,0.0,0.0,0.0,0.0,0.0,0.0,0.0,0.0,0.0,0.0,0.0,0.0,0.0,0.0,0.0,0.0,0.0,0.0,0.0,0.0,0.0,0.0,0.0,0.0,0.0,0.0,0.0,0.0,0.0,0.0,0.0,0.0,0.0,0.0,0.0,0.0,0.0,0.0,0.0,0.0,0.0,0.0,0.0,0.0,0.0,0.0,0.0,0.0,0.0,0.0,0.0,0.0,0.0,0.0,0.0,0.0,0.0,0.0,0.0,0.0,0.0,0.0,0.0,0.0,0.0,0.0,0.0,0.0,0.0,0.0,0.0,0.0,0.0,0.0,71388.1875,0.0,388641.0,49437.56640625,-748.0,0.0,748.0,0.0,-1.036927547633426,0.0,0.1928366869688034,0.0,TX
7725597,TX,4818,636.5323486328125,3,0.0,53888.675048828125,57506.405517578125,3,0,3167.2036743164062,0.0,63004.390625,0.0,0.0,0.0,0.0,0.0,-5.0,0.0,5.0,0.0,-113.999755859375,0.0,114.0,0.0,0.0,0.0,0.0,0.0,0.0,0.0,0.0,0.0,0.0,0.0,0.0,0.0,0.0,0.0,0.0,0.0,-513.174560546875,0.0,513.17578125,0.0,0.0,0.0,0.0,0.0,0.0,0.0,0.0,0.0,0.0,0.0,0.0,0.0,0.0,0.0,0.0,0.0,0.0,0.0,0.0,0.0,0.0,0.0,0.0,0.0,0.0,0.0,0.0,0.0,0.0,0.0,0.0,0.0,-477.254150390625,0.0,477.25390625,0.0,0.0,0.0,0.0,0.0,0.0,0.0,0.0,0.0,0.0,0.0,0.0,0.0,0.0,0.0,0.0,0.0,0.0,0.0,0.0,0.0,2057.7752075195312,0.0,64113.8203125,0.0,-1109.428466796875,0.0,1109.4296875,0.0,-35.02864295698724,0.0,1.7608767747879028,0.0,TX
7725598,TX,4818,1115.514892578125,4,2.0,137539.41015625,184990.828125,4,0,16367.845703125,0.0,166175.234375,0.0,0.0,0.0,0.0,0.0,-230.0,0.0,230.0,0.0,-418.0,0.0,418.0,0.0,0.0,0.0,0.0,0.0,0.0,0.0,0.0,0.0,-400.0,0.0,400.0,0.0,0.0,0.0,0.0,0.0,0.0,0.0,0.0,0.0,0.0,0.0,0.0,0.0,0.0,0.0,0.0,0.0,0.0,0.0,0.0,0.0,-440.0,0.0,440.0,0.0,0.0,0.0,0.0,0.0,0.0,0.0,0.0,0.0,0.0,0.0,0.0,0.0,0.0,0.0,0.0,0.0,-227.341796875,0.0,227.34375,0.0,0.0,0.0,0.0,0.0,0.0,0.0,0.0,0.0,0.0,0.0,0.0,0.0,0.0,0.0,0.0,0.0,0.0,0.0,0.0,0.0,14652.50390625,0.0,167890.578125,0.0,-1715.341796875,0.0,1715.34375,0.0,-10.47994847939886,0.0,1.032249927520752,0.0,TX
7725599,TX,4818,224.6565704345703,4,2.0,578204.625,899187.25,4,0,212037.296875,0.0,687632.4375,0.0,0.0,0.0,0.0,0.0,-749.0,0.0,749.0,0.0,0.0,0.0,0.0,0.0,0.0,0.0,0.0,0.0,0.0,0.0,0.0,0.0,0.0,0.0,0.0,0.0,0.0,0.0,0.0,0.0,-1722.28125,0.0,1722.3125,0.0,0.0,0.0,0.0,0.0,0.0,0.0,0.0,0.0,0.0,0.0,0.0,0.0,0.0,0.0,0.0,0.0,0.0,0.0,0.0,0.0,0.0,0.0,0.0,0.0,0.0,0.0,0.0,0.0,0.0,0.0,0.0,0.0,0.0,0.0,0.0,0.0,0.0,0.0,0.0,0.0,0.0,0.0,0.0,0.0,0.0,0.0,0.0,0.0,0.0,0.0,0.0,0.0,0.0,0.0,0.0,0.0,209566.015625,0.0,690103.75,0.0,-2471.28125,0.0,2471.3125,0.0,-1.1654936590975629,0.0,0.3593944013118744,0.0,TX
7725600,TX,4818,0.94216388463974,4,2.0,429872.0859375,486809.84375,4,0,94377.1015625,0.0,390322.1875,0.0,0.0,0.0,0.0,0.0,-764.0,0.0,764.0,0.0,0.0,0.0,0.0,0.0,0.0,0.0,0.0,0.0,0.0,0.0,0.0,0.0,-50.0,0.0,50.0,0.0,0.0,0.0,0.0,0.0,-333.171875,0.0,333.1875,0.0,0.0,0.0,0.0,0.0,0.0,0.0,0.0,0.0,0.0,0.0,0.0,0.0,0.0,0.0,0.0,0.0,0.0,0.0,0.0,0.0,0.0,0.0,0.0,0.0,-758.75,0.0,758.75,0.0,0.0,0.0,0.0,0.0,0.0,0.0,0.0,0.0,0.0,0.0,0.0,0.0,0.0,0.0,0.0,0.0,0.0,0.0,0.0,0.0,0.0,0.0,0.0,0.0,0.0,0.0,0.0,0.0,92471.1796875,0.0,392228.125,0.0,-1905.921875,0.0,1905.9375,0.0,-2.019474897454684,0.0,0.48829853534698486,0.0,TX
7725601,TX,4818,785.8828735351562,4,2.0,387935.6640625,1096584.25,4,0,219916.765625,0.0,873331.125,0.0,0.0,0.0,0.0,0.0,0.0,0.0,0.0,0.0,0.0,0.0,0.0,0.0,0.0,0.0,0.0,0.0,0.0,0.0,0.0,0.0,0.0,0.0,0.0,0.0,0.0,0.0,0.0,0.0,-1300.0,0.0,1300.0,0.0,0.0,0.0,0.0,0.0,0.0,0.0,0.0,0.0,0.0,0.0,0.0,0.0,0.0,0.0,0.0,0.0,0.0,0.0,0.0,0.0,0.0,0.0,0.0,0.0,0.0,0.0,0.0,0.0,0.0,0.0,0.0,0.0,0.0,0.0,0.0,0.0,0.0,0.0,0.0,0.0,0.0,0.0,0.0,0.0,0.0,0.0,0.0,0.0,0.0,0.0,0.0,0.0,0.0,0.0,0.0,0.0,218616.765625,0.0,874631.125,0.0,-1300.0,0.0,1300.0,0.0,-0.5911327389275758,0.0,0.1488553285598755,0.0,TX
7725602,TX,4818,0.11227530986070633,4,1.0,624802.734375,1057441.234375,4,0,252815.0537109375,0.0,787382.8125,0.0,0.0,0.0,0.0,0.0,-754.0,0.0,754.0,0.0,-779.0,0.0,779.0,0.0,0.0,0.0,0.0,0.0,0.0,0.0,0.0,0.0,0.0,0.0,0.0,0.0,0.0,0.0,0.0,0.0,0.0,0.0,0.0,0.0,0.0,0.0,0.0,0.0,0.0,0.0,0.0,0.0,0.0,0.0,0.0,0.0,-125.0625,0.0,125.0625,0.0,0.0,0.0,0.0,0.0,0.0,0.0,0.0,0.0,0.0,0.0,0.0,0.0,0.0,0.0,0.0,0.0,0.0,0.0,0.0,0.0,0.0,0.0,0.0,0.0,-32.344970703125,0.0,32.375,0.0,0.0,0.0,0.0,0.0,0.0,0.0,0.0,0.0,0.0,0.0,0.0,0.0,251124.64624023438,0.0,789073.25,0.0,-1690.407470703125,0.0,1690.4375,0.0,-0.6686340255022533,0.0,0.2146906703710556,0.0,TX
7725603,TX,4818,0.1208961233496666,4,2.0,171461.529296875,509154.78125,4,0,105136.7421875,0.0,391903.25,0.0,0.0,0.0,0.0,0.0,0.0,0.0,0.0,0.0,0.0,0.0,0.0,0.0,0.0,0.0,0.0,0.0,0.0,0.0,0.0,0.0,0.0,0.0,0.0,0.0,0.0,0.0,0.0,0.0,0.0,0.0,0.0,0.0,0.0,0.0,0.0,0.0,0.0,0.0,0.0,0.0,0.0,0.0,0.0,0.0,0.0,0.0,0.0,0.0,0.0,0.0,0.0,0.0,0.0,0.0,0.0,0.0,0.0,0.0,0.0,0.0,0.0,0.0,0.0,0.0,0.0,0.0,0.0,0.0,0.0,0.0,0.0,0.0,0.0,0.0,0.0,0.0,0.0,0.0,0.0,0.0,0.0,0.0,0.0,0.0,0.0,0.0,0.0,0.0,105136.7421875,0.0,391903.25,0.0,0.0,0.0,0.0,0.0,0.0,0.0,0.0,0.0,TX
7725604,TX,4818,0.12242601066827774,1,0.0,142037.640625,536836.625,1,0,116339.7109375,0.0,427903.25,0.0,0.0,0.0,0.0,0.0,-362.25,0.0,362.25,0.0,0.0,0.0,0.0,0.0,0.0,0.0,0.0,0.0,0.0,0.0,0.0,0.0,0.0,0.0,0.0,0.0,0.0,0.0,0.0,0.0,0.0,0.0,0.0,0.0,0.0,0.0,0.0,0.0,0.0,0.0,0.0,0.0,0.0,0.0,0.0,0.0,0.0,0.0,0.0,0.0,0.0,0.0,0.0,0.0,0.0,0.0,0.0,0.0,0.0,0.0,0.0,0.0,0.0,0.0,0.0,0.0,0.0,0.0,0.0,0.0,0.0,0.0,0.0,0.0,0.0,0.0,0.0,0.0,0.0,0.0,0.0,0.0,0.0,0.0,0.0,0.0,0.0,0.0,0.0,0.0,115977.4609375,0.0,428265.5,0.0,-362.25,0.0,362.25,0.0,-0.311372614802703,0.0,0.08465699106454849,0.0,TX
7725605,TX,4818,0.11596755683422089,4,2.0,53017.08203125,53593.6875,4,0,-4260.9921875,0.0,70764.0703125,2006.5458984375,0.0,11619.31640625,3383.1650390625,17009.02734375,0.0,0.0,0.0,0.0,-190.0,0.0,190.0,0.0,0.0,0.0,0.0,0.0,0.0,0.0,0.0,0.0,-400.0,0.0,400.0,0.0,0.0,0.0,0.0,0.0,0.0,0.0,0.0,0.0,0.0,0.0,0.0,0.0,0.0,0.0,0.0,0.0,0.0,0.0,0.0,0.0,0.0,0.0,0.0,0.0,0.0,0.0,0.0,0.0,0.0,0.0,0.0,0.0,0.0,0.0,0.0,0.0,0.0,0.0,0.0,0.0,0.0,0.0,0.0,0.0,0.0,0.0,0.0,0.0,-544.7587890625,0.0,544.7578125,0.0,0.0,0.0,0.0,0.0,0.0,0.0,0.0,0.0,0.0,0.0,0.0,0.0,-5395.7509765625,0.0,71898.828125,17009.02734375,-1134.7587890625,0.0,1134.7578125,0.0,-26.631327614057028,0.0,1.6035791635513306,0.0,TX
7725606,TX,4818,0.12002144008874893,2,0.0,101153.87109375,1918967.75,2,0,451036.09375,0.0,1478662.25,0.0,0.0,0.0,0.0,0.0,0.0,0.0,0.0,0.0,0.0,0.0,0.0,0.0,0.0,0.0,0.0,0.0,0.0,0.0,0.0,0.0,0.0,0.0,0.0,0.0,0.0,0.0,0.0,0.0,-1300.0,0.0,1300.0,0.0,0.0,0.0,0.0,0.0,0.0,0.0,0.0,0.0,0.0,0.0,0.0,0.0,0.0,0.0,0.0,0.0,0.0,0.0,0.0,0.0,0.0,0.0,0.0,0.0,0.0,0.0,0.0,0.0,0.0,0.0,0.0,0.0,0.0,0.0,0.0,0.0,0.0,0.0,0.0,0.0,0.0,0.0,0.0,0.0,0.0,0.0,0.0,0.0,0.0,0.0,0.0,0.0,0.0,0.0,0.0,0.0,449736.09375,0.0,1479962.25,0.0,-1300.0,0.0,1300.0,0.0,-0.28822527021985145,0.0,0.08791730552911758,0.0,TX
7725607,TX,4818,8.059090614318848,1,0.0,4687.6982421875,4687.6982421875,1,0,0.0,0.0,40715.6328125,18337.115234375,0.0,0.0,0.0,18337.115234375,0.0,0.0,0.0,0.0,0.0,0.0,0.0,0.0,0.0,0.0,0.0,0.0,0.0,0.0,0.0,0.0,0.0,0.0,0.0,0.0,0.0,0.0,0.0,0.0,0.0,0.0,0.0,0.0,0.0,0.0,0.0,0.0,0.0,0.0,0.0,0.0,0.0,0.0,0.0,0.0,0.0,0.0,0.0,0.0,0.0,0.0,0.0,0.0,0.0,0.0,0.0,0.0,0.0,0.0,0.0,0.0,0.0,0.0,0.0,0.0,0.0,0.0,0.0,0.0,0.0,0.0,0.0,0.0,0.0,0.0,0.0,0.0,0.0,0.0,0.0,0.0,0.0,0.0,0.0,0.0,0.0,0.0,0.0,0.0,0.0,0.0,40715.6328125,18337.115234375,0.0,0.0,0.0,0.0,0.0,0.0,0.0,0.0,TX
7725608,TX,4818,0.1048908457159996,4,2.0,1364910.642578125,1671792.375,4,0,492644.9375,0.0,1205060.75,0.0,0.0,0.0,0.0,0.0,-734.0,0.0,734.0,0.0,0.0,0.0,0.0,0.0,0.0,0.0,0.0,0.0,0.0,0.0,0.0,0.0,0.0,0.0,0.0,0.0,0.0,0.0,0.0,0.0,-219.6875,0.0,219.625,0.0,0.0,0.0,0.0,0.0,0.0,0.0,0.0,0.0,0.0,0.0,0.0,0.0,0.0,0.0,0.0,0.0,0.0,0.0,0.0,0.0,0.0,0.0,0.0,0.0,0.0,0.0,0.0,0.0,0.0,0.0,0.0,0.0,0.0,0.0,0.0,0.0,0.0,0.0,0.0,0.0,0.0,0.0,0.0,0.0,0.0,0.0,0.0,0.0,0.0,0.0,0.0,0.0,0.0,0.0,0.0,0.0,491691.25,0.0,1206014.375,0.0,-953.6875,0.0,953.625,0.0,-0.19358516193013758,0.0,0.07913501560688019,0.0,TX
7725609,TX,4818,115.23502349853516,2,0.0,11912.26953125,48694.05078125,2,0,2106.813720703125,0.0,109723.0,37431.859375,0.0,0.0,0.0,37431.859375,-5.0,0.0,5.0,0.0,-114.0,0.0,114.0,0.0,0.0,0.0,0.0,0.0,0.0,0.0,0.0,0.0,0.0,0.0,0.0,0.0,0.0,0.0,0.0,0.0,0.0,0.0,0.0,0.0,0.0,0.0,0.0,0.0,0.0,0.0,0.0,0.0,0.0,0.0,0.0,0.0,0.0,0.0,0.0,0.0,0.0,0.0,0.0,0.0,0.0,0.0,0.0,0.0,0.0,0.0,0.0,0.0,0.0,0.0,0.0,0.0,0.0,0.0,0.0,0.0,-720.0,0.0,720.0,0.0,0.0,0.0,0.0,0.0,0.0,0.0,0.0,0.0,0.0,0.0,0.0,0.0,0.0,0.0,0.0,0.0,1267.813720703125,0.0,110562.0,37431.859375,-839.0,0.0,839.0,0.0,-39.82316954533566,0.0,0.7646527886390686,0.0,TX
7725610,TX,4818,0.11476483941078186,2,0.0,64011.857421875,63955.0703125,0,2,3552.425048828125,0.0,67471.8203125,0.0,0.0,11966.083984375,0.0,11966.083984375,-10.0,0.0,10.0,0.0,-228.0,0.0,228.0,0.0,0.0,0.0,0.0,0.0,0.0,0.0,0.0,0.0,0.0,0.0,0.0,0.0,0.0,0.0,0.0,0.0,0.0,0.0,0.0,0.0,0.0,0.0,0.0,0.0,0.0,0.0,0.0,0.0,0.0,0.0,0.0,0.0,0.0,0.0,0.0,0.0,0.0,0.0,0.0,0.0,0.0,0.0,0.0,0.0,0.0,0.0,0.0,0.0,0.0,0.0,0.0,0.0,0.0,0.0,0.0,0.0,0.0,0.0,0.0,0.0,-89.49609375,0.0,89.5,0.0,0.0,0.0,0.0,0.0,0.0,0.0,0.0,0.0,0.0,0.0,0.0,0.0,3224.928955078125,0.0,67799.3203125,11966.083984375,-327.49609375,0.0,327.5,0.0,-9.218944502658388,0.0,0.48538780212402344,0.0,TX
7725611,TX,4818,0.12234798073768616,3,1.0,135081.21875,140750.546875,3,0,11006.09765625,0.0,170890.1875,0.0,0.0,0.0,0.0,0.0,-230.0,0.0,230.0,0.0,-417.9990234375,0.0,418.0,0.0,0.0,0.0,0.0,0.0,0.0,0.0,0.0,0.0,-200.0,0.0,200.0,0.0,0.0,0.0,0.0,0.0,0.0,0.0,0.0,0.0,0.0,0.0,0.0,0.0,0.0,0.0,0.0,0.0,0.0,0.0,0.0,0.0,-440.0,0.0,440.0,0.0,0.0,0.0,0.0,0.0,0.0,0.0,0.0,0.0,0.0,0.0,0.0,0.0,0.0,0.0,0.0,0.0,0.0,0.0,0.0,0.0,0.0,0.0,0.0,0.0,0.0,0.0,0.0,0.0,0.0,0.0,0.0,0.0,0.0,0.0,0.0,0.0,0.0,0.0,0.0,0.0,9718.0986328125,0.0,172178.1875,0.0,-1287.9990234375,0.0,1288.0,0.0,-11.70259490389028,0.0,0.7537004351615906,0.0,TX
7725612,TX,4818,0.10558810830116272,1,0.0,206258.734375,248565.203125,1,0,47629.66796875,0.0,212377.0625,23735.17578125,0.0,0.0,0.0,23735.17578125,-369.0,0.0,369.0,0.0,0.0,0.0,0.0,0.0,0.0,0.0,0.0,0.0,0.0,0.0,0.0,0.0,0.0,0.0,0.0,0.0,0.0,0.0,0.0,0.0,0.0,0.0,0.0,0.0,0.0,0.0,0.0,0.0,0.0,0.0,0.0,0.0,0.0,0.0,0.0,0.0,0.0,0.0,0.0,0.0,0.0,0.0,0.0,0.0,0.0,0.0,0.0,0.0,0.0,0.0,0.0,0.0,0.0,0.0,0.0,0.0,0.0,0.0,0.0,0.0,0.0,0.0,0.0,0.0,0.0,0.0,0.0,0.0,0.0,0.0,0.0,0.0,0.0,0.0,0.0,0.0,0.0,0.0,0.0,0.0,47260.66796875,0.0,212746.0625,23735.17578125,-369.0,0.0,369.0,0.0,-0.7747272146471864,0.0,0.17374756932258606,0.0,TX
7725613,TX,4818,0.13792061805725098,6,0.0,522468.61779785156,583062.5826416016,6,0,91743.09448242188,0.0,513912.9375,38779.02734375,0.0,0.0,0.0,38779.02734375,-719.0,0.0,719.0,0.0,-741.0,0.0,741.0,0.0,0.0,0.0,0.0,0.0,0.0,0.0,0.0,0.0,0.0,0.0,0.0,0.0,0.0,0.0,0.0,0.0,-802.361328125,0.0,802.375,0.0,0.0,0.0,0.0,0.0,0.0,0.0,0.0,0.0,0.0,0.0,0.0,0.0,-440.0,0.0,440.0,0.0,0.0,0.0,0.0,0.0,0.0,0.0,0.0,0.0,0.0,0.0,0.0,0.0,0.0,0.0,0.0,0.0,-2160.513671875,0.0,2160.5,0.0,0.0,0.0,0.0,0.0,0.0,0.0,0.0,0.0,0.0,0.0,0.0,0.0,0.0,0.0,0.0,0.0,0.0,0.0,0.0,0.0,86880.21948242188,0.0,518775.8125,38779.02734375,-4862.875,0.0,4862.875,0.0,-5.300535181895063,0.0,0.9462448954582214,0.0,TX
7725614,TX,4818,0.11377107352018356,2,0.0,13358.439453125,12685.4931640625,2,0,0.0,0.0,41349.53125,0.0,0.0,0.0,0.0,0.0,0.0,0.0,0.0,0.0,0.0,0.0,0.0,0.0,0.0,0.0,0.0,0.0,0.0,0.0,0.0,0.0,0.0,0.0,0.0,0.0,0.0,0.0,0.0,0.0,0.0,0.0,0.0,0.0,0.0,0.0,0.0,0.0,0.0,0.0,0.0,0.0,0.0,0.0,0.0,0.0,0.0,0.0,0.0,0.0,0.0,0.0,0.0,0.0,0.0,0.0,0.0,0.0,0.0,0.0,0.0,0.0,0.0,0.0,0.0,0.0,0.0,0.0,0.0,0.0,0.0,0.0,0.0,0.0,0.0,0.0,0.0,0.0,0.0,0.0,0.0,0.0,0.0,0.0,0.0,0.0,0.0,0.0,0.0,0.0,0.0,0.0,41349.53125,0.0,0.0,0.0,0.0,0.0,0.0,0.0,0.0,0.0,TX
7725615,TX,4818,0.2933637201786041,1,0.0,45471.05078125,45296.41015625,1,0,3368.906982421875,0.0,47024.328125,0.0,0.0,0.0,0.0,0.0,-5.0,0.0,5.0,0.0,-114.0,0.0,114.0,0.0,0.0,0.0,0.0,0.0,0.0,0.0,0.0,0.0,0.0,0.0,0.0,0.0,0.0,0.0,0.0,0.0,0.0,0.0,0.0,0.0,0.0,0.0,0.0,0.0,0.0,0.0,0.0,0.0,0.0,0.0,0.0,0.0,0.0,0.0,0.0,0.0,0.0,0.0,0.0,0.0,0.0,0.0,0.0,0.0,0.0,0.0,0.0,0.0,0.0,0.0,0.0,0.0,0.0,0.0,0.0,0.0,0.0,0.0,0.0,0.0,0.0,0.0,0.0,0.0,0.0,0.0,0.0,0.0,0.0,0.0,0.0,0.0,0.0,0.0,0.0,0.0,3249.906982421875,0.0,47143.328125,0.0,-119.0,0.0,119.0,0.0,-3.5323029285436682,0.0,0.253060519695282,0.0,TX
7725616,TX,4818,0.15379653871059418,2,0.0,320144.1015625,372242.8125,2,0,64439.5859375,0.0,304661.3125,13274.3974609375,0.0,0.0,0.0,13274.3974609375,-262.0,0.0,262.0,0.0,-228.0,0.0,228.0,0.0,0.0,0.0,0.0,0.0,0.0,0.0,0.0,0.0,0.0,0.0,0.0,0.0,0.0,0.0,0.0,0.0,-19.173828125,0.0,19.1875,0.0,0.0,0.0,0.0,0.0,0.0,0.0,0.0,0.0,0.0,0.0,0.0,0.0,-240.0,0.0,240.0,0.0,0.0,0.0,0.0,0.0,0.0,0.0,0.0,0.0,0.0,0.0,0.0,0.0,0.0,0.0,0.0,0.0,0.0,0.0,0.0,0.0,0.0,0.0,0.0,0.0,0.0,0.0,0.0,0.0,0.0,0.0,0.0,0.0,0.0,0.0,0.0,0.0,0.0,0.0,0.0,0.0,63690.412109375,0.0,305410.5,13274.3974609375,-749.173828125,0.0,749.1875,0.0,-1.162598761655024,0.0,0.24590831995010376,0.0,TX
7725617,TX,4818,120.84913635253906,1,0.0,0.0,0.0,1,0,0.0,0.0,39656.47265625,21804.3203125,0.0,0.0,0.0,21804.3203125,0.0,0.0,0.0,0.0,0.0,0.0,0.0,0.0,0.0,0.0,0.0,0.0,0.0,0.0,0.0,0.0,0.0,0.0,0.0,0.0,0.0,0.0,0.0,0.0,0.0,0.0,0.0,0.0,0.0,0.0,0.0,0.0,0.0,0.0,0.0,0.0,0.0,0.0,0.0,0.0,0.0,0.0,0.0,0.0,0.0,0.0,0.0,0.0,0.0,0.0,0.0,0.0,0.0,0.0,0.0,0.0,0.0,0.0,0.0,0.0,0.0,0.0,0.0,0.0,0.0,0.0,0.0,0.0,0.0,0.0,0.0,0.0,0.0,0.0,0.0,0.0,0.0,0.0,0.0,0.0,0.0,0.0,0.0,0.0,0.0,0.0,39656.47265625,21804.3203125,0.0,0.0,0.0,0.0,0.0,0.0,0.0,0.0,TX
7725618,TX,4818,0.246576189994812,4,2.0,64689.3828125,64696.0859375,4,0,941.5302734375,0.0,77107.1953125,0.0,0.0,0.0,3383.1650390625,3383.1650390625,-10.0,0.0,10.0,0.0,-228.0,0.0,228.0,0.0,0.0,0.0,0.0,0.0,0.0,0.0,0.0,0.0,-200.0,0.0,200.0,0.0,0.0,0.0,0.0,0.0,0.0,0.0,0.0,0.0,0.0,0.0,0.0,0.0,0.0,0.0,0.0,0.0,0.0,0.0,0.0,0.0,0.0,0.0,0.0,0.0,0.0,0.0,0.0,0.0,0.0,0.0,0.0,0.0,0.0,0.0,0.0,0.0,0.0,0.0,0.0,0.0,0.0,0.0,0.0,0.0,0.0,0.0,0.0,0.0,0.0,0.0,0.0,0.0,0.0,0.0,0.0,0.0,0.0,0.0,0.0,0.0,0.0,0.0,0.0,0.0,503.5302734375,0.0,77545.1953125,3383.1650390625,-438.0,0.0,438.0,0.0,-46.520012405004735,0.0,0.5680403709411621,0.0,TX
7725619,TX,4818,0.12171567231416702,4,2.0,914360.1875,978045.6875,4,0,270352.4375,0.0,677968.625,0.0,0.0,0.0,0.0,0.0,-734.0,0.0,734.0,0.0,-703.0,0.0,703.0,0.0,0.0,0.0,0.0,0.0,0.0,0.0,0.0,0.0,0.0,0.0,0.0,0.0,0.0,0.0,0.0,0.0,-1850.0,0.0,1850.0,0.0,0.0,0.0,0.0,0.0,0.0,0.0,0.0,0.0,0.0,0.0,0.0,0.0,0.0,0.0,0.0,0.0,0.0,0.0,0.0,0.0,0.0,0.0,0.0,0.0,0.0,0.0,0.0,0.0,0.0,0.0,0.0,0.0,0.0,0.0,0.0,0.0,0.0,0.0,0.0,0.0,0.0,0.0,0.0,0.0,0.0,0.0,0.0,0.0,0.0,0.0,0.0,0.0,0.0,0.0,0.0,0.0,267065.4375,0.0,681255.625,0.0,-3287.0,0.0,3287.0,0.0,-1.2158203678115533,0.0,0.48483070731163025,0.0,TX
7725620,TX,4818,0.1569327563047409,3,0.0,195007.76953125,308764.86328125,3,0,38940.19384765625,0.0,271195.28125,15041.1923828125,0.0,783.5810546875,0.0,15824.7734375,-235.0,0.0,235.0,0.0,-532.0,0.0,532.0,0.0,0.0,0.0,0.0,0.0,0.0,0.0,0.0,0.0,0.0,0.0,0.0,0.0,0.0,0.0,0.0,0.0,-62.64453125,0.0,62.65625,0.0,0.0,0.0,0.0,0.0,0.0,0.0,0.0,0.0,0.0,0.0,0.0,0.0,-440.0,0.0,440.0,0.0,0.0,0.0,0.0,0.0,0.0,0.0,0.0,0.0,0.0,0.0,0.0,0.0,0.0,0.0,0.0,0.0,0.0,0.0,0.0,0.0,0.0,0.0,0.0,0.0,0.0,0.0,0.0,0.0,0.0,0.0,0.0,0.0,0.0,0.0,0.0,0.0,0.0,0.0,0.0,0.0,37670.54931640625,0.0,272464.9375,15824.7734375,-1269.64453125,0.0,1269.65625,0.0,-3.2604987438356527,0.0,0.46817049384117126,0.0,TX
7725621,TX,4818,149.53604125976562,1,0.0,2460.028076171875,2460.028076171875,1,0,0.0,0.0,40491.49609375,18139.8359375,0.0,0.0,0.0,18139.8359375,0.0,0.0,0.0,0.0,0.0,0.0,0.0,0.0,0.0,0.0,0.0,0.0,0.0,0.0,0.0,0.0,0.0,0.0,0.0,0.0,0.0,0.0,0.0,0.0,0.0,0.0,0.0,0.0,0.0,0.0,0.0,0.0,0.0,0.0,0.0,0.0,0.0,0.0,0.0,0.0,0.0,0.0,0.0,0.0,0.0,0.0,0.0,0.0,0.0,0.0,0.0,0.0,0.0,0.0,0.0,0.0,0.0,0.0,0.0,0.0,0.0,0.0,0.0,0.0,0.0,0.0,0.0,0.0,0.0,0.0,0.0,0.0,0.0,0.0,0.0,0.0,0.0,0.0,0.0,0.0,0.0,0.0,0.0,0.0,0.0,0.0,40491.49609375,18139.8359375,0.0,0.0,0.0,0.0,0.0,0.0,0.0,0.0,TX
7725622,TX,4818,107.80712890625,3,2.0,0.0,0.0,3,0,0.0,0.0,23516.27734375,9422.6904296875,14093.5859375,0.0,0.0,23516.2763671875,0.0,0.0,0.0,0.0,0.0,0.0,0.0,0.0,0.0,0.0,0.0,0.0,0.0,0.0,0.0,0.0,0.0,0.0,0.0,0.0,0.0,0.0,0.0,0.0,0.0,0.0,0.0,0.0,0.0,0.0,0.0,0.0,0.0,0.0,0.0,0.0,0.0,0.0,0.0,0.0,0.0,0.0,0.0,0.0,0.0,0.0,0.0,0.0,0.0,0.0,0.0,0.0,0.0,0.0,0.0,0.0,0.0,0.0,0.0,0.0,0.0,0.0,0.0,0.0,0.0,0.0,0.0,0.0,0.0,0.0,0.0,0.0,0.0,0.0,0.0,0.0,0.0,0.0,0.0,0.0,0.0,0.0,0.0,0.0,0.0,0.0,23516.27734375,23516.2763671875,0.0,0.0,0.0,0.0,0.0,0.0,0.0,0.0,TX
7725623,TX,4818,0.12480680644512177,2,0.0,77075.40625,595830.71875,2,0,110012.015625,0.0,509488.875,8144.16650390625,20223.16015625,0.0,0.0,28367.32666015625,0.0,0.0,0.0,0.0,0.0,0.0,0.0,0.0,0.0,0.0,0.0,0.0,0.0,0.0,0.0,0.0,0.0,0.0,0.0,0.0,0.0,0.0,0.0,0.0,0.0,0.0,0.0,0.0,0.0,0.0,0.0,0.0,0.0,0.0,0.0,0.0,0.0,0.0,0.0,0.0,0.0,0.0,0.0,0.0,0.0,0.0,0.0,0.0,0.0,0.0,0.0,0.0,0.0,0.0,0.0,0.0,0.0,0.0,0.0,0.0,0.0,0.0,0.0,0.0,0.0,0.0,0.0,0.0,0.0,0.0,0.0,0.0,0.0,0.0,0.0,0.0,0.0,0.0,0.0,0.0,0.0,0.0,0.0,0.0,110012.015625,0.0,509488.875,28367.32666015625,0.0,0.0,0.0,0.0,0.0,0.0,0.0,0.0,TX
7725624,TX,4818,0.11426299810409546,1,0.0,3584.710693359375,3584.710693359375,1,0,-274.2303771972656,0.0,38078.375,14270.501953125,20223.16015625,0.0,0.0,34493.662109375,0.0,0.0,0.0,0.0,0.0,0.0,0.0,0.0,0.0,0.0,0.0,0.0,0.0,0.0,0.0,0.0,0.0,0.0,0.0,0.0,0.0,0.0,0.0,0.0,0.0,0.0,0.0,0.0,0.0,0.0,0.0,0.0,0.0,0.0,0.0,0.0,0.0,0.0,0.0,0.0,0.0,0.0,0.0,0.0,0.0,0.0,0.0,0.0,0.0,0.0,0.0,0.0,0.0,0.0,0.0,0.0,0.0,0.0,0.0,0.0,0.0,0.0,0.0,0.0,0.0,0.0,0.0,0.0,0.0,0.0,0.0,0.0,0.0,0.0,0.0,0.0,0.0,0.0,0.0,0.0,0.0,0.0,0.0,0.0,-274.2303771972656,0.0,38078.375,34493.662109375,0.0,0.0,0.0,0.0,0.0,0.0,0.0,0.0,TX
7725625,TX,4818,722.2403564453125,2,0.0,0.0,-645.3011474609375,2,0,0.0,0.0,56689.1796875,12068.439453125,40446.3203125,0.0,0.0,52514.759765625,0.0,0.0,0.0,0.0,0.0,0.0,0.0,0.0,0.0,0.0,0.0,0.0,0.0,0.0,0.0,0.0,0.0,0.0,0.0,0.0,0.0,0.0,0.0,0.0,0.0,0.0,0.0,0.0,0.0,0.0,0.0,0.0,0.0,0.0,0.0,0.0,0.0,0.0,0.0,0.0,0.0,0.0,0.0,0.0,0.0,0.0,0.0,0.0,0.0,0.0,0.0,0.0,0.0,0.0,0.0,0.0,0.0,0.0,0.0,0.0,0.0,0.0,0.0,0.0,0.0,0.0,0.0,0.0,0.0,0.0,0.0,0.0,0.0,0.0,0.0,0.0,0.0,0.0,0.0,0.0,0.0,0.0,0.0,0.0,0.0,0.0,56689.1796875,52514.759765625,0.0,0.0,0.0,0.0,0.0,0.0,0.0,0.0,TX
7725626,TX,4818,0.34582361578941345,2,0.0,55286.34375,166565.8828125,2,0,9557.0703125,0.0,194504.390625,30527.08203125,0.0,0.0,0.0,30527.08203125,-115.0,0.0,115.0,0.0,-209.0,0.0,209.0,0.0,0.0,0.0,0.0,0.0,0.0,0.0,0.0,0.0,0.0,0.0,0.0,0.0,0.0,0.0,0.0,0.0,0.0,0.0,0.0,0.0,0.0,0.0,0.0,0.0,0.0,0.0,0.0,0.0,0.0,0.0,0.0,0.0,0.0,0.0,0.0,0.0,0.0,0.0,0.0,0.0,0.0,0.0,0.0,0.0,0.0,0.0,0.0,0.0,0.0,0.0,0.0,0.0,0.0,0.0,0.0,0.0,-1172.09521484375,0.0,1172.09375,0.0,-2200.0,0.0,2200.0,0.0,0.0,0.0,0.0,0.0,0.0,0.0,0.0,0.0,0.0,0.0,0.0,0.0,5860.97509765625,0.0,198200.484375,30527.08203125,-3696.09521484375,0.0,3696.09375,0.0,-38.67393556798999,0.0,1.9002623558044434,0.0,TX
7725627,TX,4818,0.18321309983730316,6,2.0,170688.75,343934.701171875,5,1,45855.67053222656,0.0,322245.71875,16936.6015625,0.0,5968.64404296875,0.0,22905.24560546875,-292.0,0.0,292.0,0.0,-551.0000305175781,0.0,551.0,0.0,0.0,0.0,0.0,0.0,0.0,0.0,0.0,0.0,-200.0,0.0,200.0,0.0,0.0,0.0,0.0,0.0,0.0,0.0,0.0,0.0,0.0,0.0,0.0,0.0,0.0,0.0,0.0,0.0,0.0,0.0,0.0,0.0,-480.0,0.0,480.0,0.0,0.0,0.0,0.0,0.0,0.0,0.0,0.0,0.0,0.0,0.0,0.0,0.0,0.0,0.0,0.0,0.0,0.0,0.0,0.0,0.0,0.0,0.0,0.0,0.0,-20.26629638671875,0.0,20.25,0.0,0.0,0.0,0.0,0.0,0.0,0.0,0.0,0.0,0.0,0.0,0.0,0.0,44312.404205322266,0.0,323788.96875,22905.24560546875,-1543.2663269042969,0.0,1543.25,0.0,-3.365486337877703,0.0,0.47890475392341614,0.0,TX
7725628,TX,4818,0.12397371977567673,3,1.0,94877.775390625,111912.703125,0,3,6523.7705078125,0.0,97548.7578125,0.0,0.0,0.0,0.0,0.0,-10.0,0.0,10.0,0.0,-228.0,0.0,228.0,0.0,0.0,0.0,0.0,0.0,2000.0,0.0,-2000.0,0.0,0.0,0.0,0.0,0.0,0.0,0.0,0.0,0.0,-416.24609375,0.0,416.2421875,0.0,0.0,0.0,0.0,0.0,0.0,0.0,0.0,0.0,0.0,0.0,0.0,0.0,-203.4013671875,0.0,203.40625,0.0,0.0,0.0,0.0,0.0,0.0,0.0,0.0,0.0,0.0,0.0,0.0,0.0,0.0,0.0,0.0,0.0,0.0,0.0,0.0,0.0,0.0,0.0,0.0,0.0,0.0,0.0,0.0,0.0,0.0,0.0,0.0,0.0,0.0,0.0,0.0,0.0,0.0,0.0,0.0,0.0,7666.123046875,0.0,96406.40625,0.0,1142.3525390625,0.0,-1142.3515625,0.0,17.51061809569302,0.0,-1.1710569858551025,0.0,TX
7725629,TX,4818,0.195487841963768,2,0.0,171865.34375,372523.78125,2,0,52989.44140625,0.0,317520.0625,0.0,0.0,0.0,0.0,0.0,-292.0,0.0,292.0,0.0,0.0,0.0,0.0,0.0,0.0,0.0,0.0,0.0,0.0,0.0,0.0,0.0,0.0,0.0,0.0,0.0,0.0,0.0,0.0,0.0,0.0,0.0,0.0,0.0,0.0,0.0,0.0,0.0,0.0,0.0,0.0,0.0,0.0,0.0,0.0,0.0,0.0,0.0,0.0,0.0,0.0,0.0,0.0,0.0,0.0,0.0,0.0,0.0,-1736.046875,0.0,1736.0625,0.0,0.0,0.0,0.0,0.0,0.0,0.0,0.0,0.0,0.0,0.0,0.0,0.0,0.0,0.0,0.0,0.0,0.0,0.0,0.0,0.0,0.0,0.0,0.0,0.0,0.0,0.0,0.0,0.0,50961.39453125,0.0,319548.125,0.0,-2028.046875,0.0,2028.0625,0.0,-3.8272660008844626,0.0,0.6387194395065308,0.0,TX
7725630,TX,4818,0.09069031476974487,1,0.0,21272.95703125,21272.95703125,1,0,0.0,0.0,38669.3671875,1656.065185546875,0.0,14237.080078125,0.0,15893.145263671875,0.0,0.0,0.0,0.0,0.0,0.0,0.0,0.0,0.0,0.0,0.0,0.0,0.0,0.0,0.0,0.0,0.0,0.0,0.0,0.0,0.0,0.0,0.0,0.0,0.0,0.0,0.0,0.0,0.0,0.0,0.0,0.0,0.0,0.0,0.0,0.0,0.0,0.0,0.0,0.0,0.0,0.0,0.0,0.0,0.0,0.0,0.0,0.0,0.0,0.0,0.0,0.0,0.0,0.0,0.0,0.0,0.0,0.0,0.0,0.0,0.0,0.0,0.0,0.0,0.0,0.0,0.0,0.0,0.0,0.0,0.0,0.0,0.0,0.0,0.0,0.0,0.0,0.0,0.0,0.0,0.0,0.0,0.0,0.0,0.0,0.0,38669.3671875,15893.145263671875,0.0,0.0,0.0,0.0,0.0,0.0,0.0,0.0,TX
7725631,TX,4818,0.15793244540691376,4,2.0,298775.890625,421373.28125,4,0,70260.0078125,0.0,361017.75,0.0,0.0,0.0,0.0,0.0,-292.0,0.0,292.0,0.0,0.0,0.0,0.0,0.0,0.0,0.0,0.0,0.0,0.0,0.0,0.0,0.0,0.0,0.0,0.0,0.0,0.0,0.0,0.0,0.0,0.0,0.0,0.0,0.0,0.0,0.0,0.0,0.0,0.0,0.0,0.0,0.0,0.0,0.0,0.0,0.0,0.0,0.0,0.0,0.0,0.0,0.0,0.0,0.0,0.0,0.0,0.0,0.0,-1347.2890625,0.0,1347.28125,0.0,0.0,0.0,0.0,0.0,0.0,0.0,0.0,0.0,0.0,0.0,0.0,0.0,0.0,0.0,0.0,0.0,0.0,0.0,0.0,0.0,0.0,0.0,0.0,0.0,0.0,0.0,0.0,0.0,68620.71875,0.0,362657.03125,0.0,-1639.2890625,0.0,1639.28125,0.0,-2.3331751782247214,0.0,0.45407217741012573,0.0,TX
7725632,TX,4818,855.6138916015625,2,0.0,7489.763671875,7489.763671875,2,0,0.0,0.0,69573.9765625,17360.94921875,40446.3203125,0.0,0.0,57807.26953125,0.0,0.0,0.0,0.0,0.0,0.0,0.0,0.0,0.0,0.0,0.0,0.0,0.0,0.0,0.0,0.0,0.0,0.0,0.0,0.0,0.0,0.0,0.0,0.0,0.0,0.0,0.0,0.0,0.0,0.0,0.0,0.0,0.0,0.0,0.0,0.0,0.0,0.0,0.0,0.0,0.0,0.0,0.0,0.0,0.0,0.0,0.0,0.0,0.0,0.0,0.0,0.0,0.0,0.0,0.0,0.0,0.0,0.0,0.0,0.0,0.0,0.0,0.0,0.0,0.0,0.0,0.0,0.0,0.0,0.0,0.0,0.0,0.0,0.0,0.0,0.0,0.0,0.0,0.0,0.0,0.0,0.0,0.0,0.0,0.0,0.0,69573.9765625,57807.26953125,0.0,0.0,0.0,0.0,0.0,0.0,0.0,0.0,TX
7725633,TX,4818,0.25044986605644226,2,0.0,54850.82421875,76016.703125,2,0,5000.00439453125,0.0,97737.5859375,15001.955078125,0.0,0.0,0.0,15001.955078125,-10.0,0.0,10.0,0.0,-228.0,0.0,228.0,0.0,0.0,0.0,0.0,0.0,0.0,0.0,0.0,0.0,0.0,0.0,0.0,0.0,0.0,0.0,0.0,0.0,0.0,0.0,0.0,0.0,0.0,0.0,0.0,0.0,0.0,0.0,0.0,0.0,0.0,0.0,0.0,0.0,0.0,0.0,0.0,0.0,0.0,0.0,0.0,0.0,0.0,0.0,0.0,0.0,0.0,0.0,0.0,0.0,0.0,0.0,0.0,0.0,0.0,0.0,0.0,0.0,0.0,0.0,0.0,0.0,0.0,0.0,0.0,0.0,0.0,0.0,0.0,0.0,0.0,0.0,0.0,0.0,0.0,0.0,0.0,0.0,4762.00439453125,0.0,97975.5859375,15001.955078125,-238.0,0.0,238.0,0.0,-4.759995816409926,0.0,0.2435091882944107,0.0,TX
7725634,TX,4818,0.25788772106170654,3,1.0,127739.2890625,127739.2890625,3,0,9206.71484375,0.0,120924.640625,0.0,0.0,0.0,0.0,0.0,-10.0,0.0,10.0,0.0,-228.0,0.0,228.0,0.0,0.0,0.0,0.0,0.0,0.0,0.0,0.0,0.0,-200.0,0.0,200.0,0.0,0.0,0.0,0.0,0.0,0.0,0.0,0.0,0.0,0.0,0.0,0.0,0.0,0.0,0.0,0.0,0.0,0.0,0.0,0.0,0.0,0.0,0.0,0.0,0.0,0.0,0.0,0.0,0.0,0.0,0.0,0.0,0.0,0.0,0.0,0.0,0.0,0.0,0.0,0.0,0.0,0.0,0.0,0.0,0.0,0.0,0.0,0.0,0.0,0.0,0.0,0.0,0.0,0.0,0.0,0.0,0.0,0.0,0.0,0.0,0.0,0.0,0.0,0.0,0.0,8768.71484375,0.0,121362.640625,0.0,-438.0,0.0,438.0,0.0,-4.757397263121898,0.0,0.3622090816497803,0.0,TX
7725635,TX,4818,66.39458465576172,1,0.0,0.0,43279.1484375,1,0,2886.497802734375,0.0,75881.28125,23829.390625,0.0,0.0,0.0,23829.390625,-5.0,0.0,5.0,0.0,-114.0,0.0,114.0,0.0,0.0,0.0,0.0,0.0,0.0,0.0,0.0,0.0,0.0,0.0,0.0,0.0,0.0,0.0,0.0,0.0,0.0,0.0,0.0,0.0,0.0,0.0,0.0,0.0,0.0,0.0,0.0,0.0,0.0,0.0,0.0,0.0,0.0,0.0,0.0,0.0,0.0,0.0,0.0,0.0,0.0,0.0,0.0,0.0,0.0,0.0,0.0,0.0,0.0,0.0,0.0,0.0,0.0,0.0,0.0,0.0,-720.0,0.0,720.0,0.0,0.0,0.0,0.0,0.0,0.0,0.0,0.0,0.0,0.0,0.0,0.0,0.0,0.0,0.0,0.0,0.0,2047.497802734375,0.0,76720.28125,23829.390625,-839.0,0.0,839.0,0.0,-29.066365448302665,0.0,1.1056745052337646,0.0,TX
7725636,TX,4818,0.1262887418270111,2,0.0,206258.734375,420928.96875,2,0,76711.40625,0.0,329638.5,0.0,0.0,0.0,0.0,0.0,-369.0,0.0,369.0,0.0,0.0,0.0,0.0,0.0,0.0,0.0,0.0,0.0,0.0,0.0,0.0,0.0,0.0,0.0,0.0,0.0,0.0,0.0,0.0,0.0,0.0,0.0,0.0,0.0,0.0,0.0,0.0,0.0,0.0,0.0,0.0,0.0,0.0,0.0,0.0,0.0,0.0,0.0,0.0,0.0,0.0,0.0,0.0,0.0,0.0,0.0,0.0,0.0,0.0,0.0,0.0,0.0,0.0,0.0,0.0,0.0,0.0,0.0,0.0,0.0,0.0,0.0,0.0,0.0,0.0,0.0,0.0,0.0,0.0,0.0,0.0,0.0,0.0,0.0,0.0,0.0,0.0,0.0,0.0,0.0,76342.40625,0.0,330007.5,0.0,-369.0,0.0,369.0,0.0,-0.48102364177426354,0.0,0.11194080859422684,0.0,TX
7725637,TX,4818,133.5465087890625,4,2.0,1346.1141357421875,32674.75,4,0,0.0,0.0,83749.921875,24436.453125,8275.0205078125,0.0,0.0,32711.4736328125,0.0,0.0,0.0,0.0,0.0,0.0,0.0,0.0,0.0,0.0,0.0,0.0,0.0,0.0,0.0,0.0,0.0,0.0,0.0,0.0,0.0,0.0,0.0,0.0,0.0,0.0,0.0,0.0,0.0,0.0,0.0,0.0,0.0,0.0,0.0,0.0,0.0,0.0,0.0,0.0,0.0,0.0,0.0,0.0,0.0,0.0,0.0,0.0,0.0,0.0,0.0,0.0,0.0,0.0,0.0,0.0,0.0,0.0,0.0,0.0,0.0,0.0,0.0,0.0,0.0,0.0,0.0,0.0,0.0,0.0,0.0,0.0,0.0,0.0,0.0,0.0,0.0,0.0,0.0,0.0,0.0,0.0,0.0,0.0,0.0,0.0,83749.921875,32711.4736328125,0.0,0.0,0.0,0.0,0.0,0.0,0.0,0.0,TX
7725638,TX,4818,0.11620757728815079,2,0.0,227728.0859375,231345.81640625,2,0,34664.8251953125,0.0,183159.890625,0.0,0.0,0.0,0.0,0.0,-136.0,0.0,136.0,0.0,-113.99951171875,0.0,114.0,0.0,0.0,0.0,0.0,0.0,0.0,0.0,0.0,0.0,0.0,0.0,0.0,0.0,0.0,0.0,0.0,0.0,-513.174560546875,0.0,513.171875,0.0,0.0,0.0,0.0,0.0,0.0,0.0,0.0,0.0,0.0,0.0,0.0,0.0,0.0,0.0,0.0,0.0,0.0,0.0,0.0,0.0,0.0,0.0,0.0,0.0,0.0,0.0,0.0,0.0,-5375.384765625,0.0,5375.375,0.0,0.0,0.0,0.0,0.0,0.0,0.0,0.0,0.0,-34.50146484375,0.0,34.5,0.0,0.0,0.0,0.0,0.0,0.0,0.0,0.0,0.0,0.0,0.0,0.0,0.0,28491.764892578125,0.0,189332.9375,0.0,-6173.060302734375,0.0,6173.046875,0.0,-17.807850661162767,0.0,3.370304822921753,0.0,TX
7725639,TX,4818,0.11511234194040298,2,0.0,105244.3828125,454670.875,2,0,67504.7578125,0.0,426753.90625,0.0,0.0,0.0,0.0,0.0,-292.0,0.0,292.0,0.0,-456.0,0.0,456.0,0.0,0.0,0.0,0.0,0.0,0.0,0.0,0.0,0.0,0.0,0.0,0.0,0.0,0.0,0.0,0.0,0.0,0.0,0.0,0.0,0.0,0.0,0.0,0.0,0.0,0.0,0.0,0.0,0.0,0.0,0.0,0.0,0.0,-480.0,0.0,480.0,0.0,0.0,0.0,0.0,0.0,0.0,0.0,0.0,0.0,0.0,0.0,0.0,0.0,0.0,0.0,0.0,0.0,0.0,0.0,0.0,0.0,0.0,0.0,0.0,0.0,0.0,0.0,0.0,0.0,0.0,0.0,0.0,0.0,0.0,0.0,0.0,0.0,0.0,0.0,0.0,0.0,66276.7578125,0.0,427981.90625,0.0,-1228.0,0.0,1228.0,0.0,-1.8191310357869452,0.0,0.2877536714076996,0.0,TX
7725640,TX,4818,0.15394525229930878,1,0.0,0.0,18444.25390625,1,0,94.50727844238281,0.0,19347.169921875,330.0,0.0,0.0,0.0,330.0,0.0,0.0,0.0,0.0,-75.99999809265137,0.0,76.0,0.0,0.0,0.0,0.0,0.0,0.0,0.0,0.0,0.0,0.0,0.0,0.0,0.0,0.0,0.0,0.0,0.0,0.0,0.0,0.0,0.0,0.0,0.0,0.0,0.0,0.0,0.0,0.0,0.0,0.0,0.0,0.0,0.0,0.0,0.0,0.0,0.0,0.0,0.0,0.0,0.0,0.0,0.0,0.0,0.0,0.0,0.0,0.0,0.0,0.0,0.0,0.0,0.0,0.0,0.0,0.0,0.0,-18.507280349731445,0.0,18.5078125,0.0,0.0,0.0,0.0,0.0,0.0,0.0,0.0,0.0,0.0,0.0,0.0,0.0,0.0,0.0,0.0,0.0,0.0,0.0,19441.677734375,330.0,-94.50727844238281,0.0,94.5078125,0.0,-100.0,0.0,0.48848390579223633,0.0,TX
7725641,TX,4818,747.1046752929688,3,0.0,19123.0517578125,19123.0517578125,3,0,1.608300805091858,0.0,39825.890625,7001.27978515625,0.0,0.0,0.0,7001.27978515625,0.0,0.0,0.0,0.0,-1.608300805091858,0.0,1.609375,0.0,0.0,0.0,0.0,0.0,0.0,0.0,0.0,0.0,0.0,0.0,0.0,0.0,0.0,0.0,0.0,0.0,0.0,0.0,0.0,0.0,0.0,0.0,0.0,0.0,0.0,0.0,0.0,0.0,0.0,0.0,0.0,0.0,0.0,0.0,0.0,0.0,0.0,0.0,0.0,0.0,0.0,0.0,0.0,0.0,0.0,0.0,0.0,0.0,0.0,0.0,0.0,0.0,0.0,0.0,0.0,0.0,0.0,0.0,0.0,0.0,0.0,0.0,0.0,0.0,0.0,0.0,0.0,0.0,0.0,0.0,0.0,0.0,0.0,0.0,0.0,0.0,0.0,0.0,39827.5,7001.27978515625,-1.608300805091858,0.0,1.609375,0.0,-100.0,0.0,0.004041026812046766,0.0,TX
7725642,TX,4818,0.10735660046339035,4,2.0,130955.6875,133315.1875,4,0,9176.28125,0.0,160139.21875,0.0,0.0,0.0,0.0,0.0,-75.150390625,0.0,75.15625,0.0,0.0,0.0,0.0,0.0,0.0,0.0,0.0,0.0,0.0,0.0,0.0,0.0,-200.0,0.0,200.0,0.0,0.0,0.0,0.0,0.0,-761.3701171875,0.0,761.359375,0.0,0.0,0.0,0.0,0.0,0.0,0.0,0.0,0.0,0.0,0.0,0.0,0.0,-4.7451171875,0.0,4.75,0.0,0.0,0.0,0.0,0.0,0.0,0.0,0.0,0.0,0.0,0.0,0.0,0.0,0.0,0.0,0.0,0.0,-696.833984375,0.0,696.828125,0.0,0.0,0.0,0.0,0.0,0.0,0.0,0.0,0.0,0.0,0.0,0.0,0.0,0.0,0.0,0.0,0.0,0.0,0.0,0.0,0.0,7438.181640625,0.0,161877.3125,0.0,-1738.099609375,0.0,1738.09375,0.0,-18.94121989095528,0.0,1.0853642225265503,0.0,TX
7725643,TX,4818,0.0008937682723626494,3,1.0,87829.8173828125,87422.921875,3,0,3754.814453125,0.0,84852.796875,0.0,0.0,0.0,0.0,0.0,-10.0,0.0,10.0,0.0,-228.0,0.0,228.0,0.0,0.0,0.0,0.0,0.0,0.0,0.0,0.0,0.0,-200.0,0.0,200.0,0.0,0.0,0.0,0.0,0.0,0.0,0.0,0.0,0.0,0.0,0.0,0.0,0.0,0.0,0.0,0.0,0.0,0.0,0.0,0.0,0.0,-129.0234375,0.0,129.015625,0.0,0.0,0.0,0.0,0.0,0.0,0.0,0.0,0.0,0.0,0.0,0.0,0.0,0.0,0.0,0.0,0.0,-1780.46484375,0.0,1780.46875,0.0,0.0,0.0,0.0,0.0,-56.42138671875,0.0,56.421875,0.0,0.0,0.0,0.0,0.0,0.0,0.0,0.0,0.0,0.0,0.0,0.0,0.0,1350.90478515625,0.0,87256.703125,0.0,-2403.90966796875,0.0,2403.90625,0.0,-64.02206282038945,0.0,2.833031415939331,0.0,TX
7725644,TX,4818,12.117962837219238,1,0.0,4701.48583984375,4701.48583984375,0,1,0.0,0.0,4341.822265625,0.0,0.0,0.0,0.0,0.0,0.0,0.0,0.0,0.0,0.0,0.0,0.0,0.0,0.0,0.0,0.0,0.0,0.0,0.0,0.0,0.0,0.0,0.0,0.0,0.0,0.0,0.0,0.0,0.0,0.0,0.0,0.0,0.0,0.0,0.0,0.0,0.0,0.0,0.0,0.0,0.0,0.0,0.0,0.0,0.0,0.0,0.0,0.0,0.0,0.0,0.0,0.0,0.0,0.0,0.0,0.0,0.0,0.0,0.0,0.0,0.0,0.0,0.0,0.0,0.0,0.0,0.0,0.0,0.0,0.0,0.0,0.0,0.0,0.0,0.0,0.0,0.0,0.0,0.0,0.0,0.0,0.0,0.0,0.0,0.0,0.0,0.0,0.0,0.0,0.0,0.0,4341.822265625,0.0,0.0,0.0,0.0,0.0,0.0,0.0,0.0,0.0,TX
7725645,TX,4818,0.15949393808841705,5,1.0,262074.4609375,261955.06249999997,4,1,25487.558593749996,0.0,222057.375,0.0,0.0,0.0,0.0,0.0,-239.99999999999272,0.0,240.0,0.0,-646.0000000000073,0.0,646.0,0.0,0.0,0.0,0.0,0.0,0.0,0.0,0.0,0.0,-199.99999999999272,0.0,200.0,0.0,0.0,0.0,0.0,0.0,0.0,0.0,0.0,0.0,0.0,0.0,0.0,0.0,0.0,0.0,0.0,0.0,0.0,0.0,0.0,0.0,-195.2578125,0.0,195.25,0.0,0.0,0.0,0.0,0.0,0.0,0.0,0.0,0.0,0.0,0.0,0.0,0.0,0.0,0.0,0.0,0.0,0.0,0.0,0.0,0.0,0.0,0.0,0.0,0.0,-163.42822265625,0.0,163.4375,0.0,0.0,0.0,0.0,0.0,0.0,0.0,0.0,0.0,0.0,0.0,0.0,0.0,24042.872558593754,0.0,223502.0625,0.0,-1444.6860351562427,0.0,1444.6875,0.0,-5.668200937497817,0.0,0.650592029094696,0.0,TX
7725646,TX,4818,0.13111481070518494,1,0.0,0.0,442907.375,1,0,127293.4375,0.0,346232.40625,12425.3330078125,0.0,0.0,0.0,12425.3330078125,-362.25,0.0,362.25,0.0,-332.5,0.0,332.5,0.0,0.0,0.0,0.0,0.0,0.0,0.0,0.0,0.0,0.0,0.0,0.0,0.0,0.0,0.0,0.0,0.0,-1683.875,0.0,1683.875,0.0,0.0,0.0,0.0,0.0,0.0,0.0,0.0,0.0,0.0,0.0,0.0,0.0,-350.0,0.0,350.0,0.0,0.0,0.0,0.0,0.0,0.0,0.0,0.0,0.0,0.0,0.0,0.0,0.0,0.0,0.0,0.0,0.0,0.0,0.0,0.0,0.0,0.0,0.0,0.0,0.0,0.0,0.0,0.0,0.0,0.0,0.0,0.0,0.0,0.0,0.0,0.0,0.0,0.0,0.0,0.0,0.0,124564.8125,0.0,348961.03125,12425.3330078125,-2728.625,0.0,2728.625,0.0,-2.1435708341209656,0.0,0.7880905866622925,0.0,TX
7725647,TX,4818,0.17996422946453094,3,1.0,41418.390625,41418.390625,3,0,611.839111328125,0.0,37638.04296875,0.0,0.0,0.0,0.0,0.0,0.0,0.0,0.0,0.0,-190.00006103515625,0.0,190.0,0.0,0.0,0.0,0.0,0.0,0.0,0.0,0.0,0.0,0.0,0.0,0.0,0.0,0.0,0.0,0.0,0.0,0.0,0.0,0.0,0.0,0.0,0.0,0.0,0.0,0.0,0.0,0.0,0.0,0.0,0.0,0.0,0.0,0.0,0.0,0.0,0.0,0.0,0.0,0.0,0.0,0.0,0.0,0.0,0.0,0.0,0.0,0.0,0.0,0.0,0.0,0.0,0.0,0.0,0.0,0.0,0.0,0.0,0.0,0.0,0.0,-263.29998779296875,0.0,263.30078125,0.0,0.0,0.0,0.0,0.0,0.0,0.0,0.0,0.0,0.0,0.0,0.0,0.0,158.5390625,0.0,38091.34375,0.0,-453.300048828125,0.0,453.30078125,0.0,-74.08811245233117,0.0,1.2043687105178833,0.0,TX
7725648,TX,4818,31.34139633178711,1,0.0,4232.7158203125,4232.7158203125,1,0,0.0,0.0,4298.0263671875,389.11334228515625,0.0,0.0,0.0,389.11334228515625,0.0,0.0,0.0,0.0,0.0,0.0,0.0,0.0,0.0,0.0,0.0,0.0,0.0,0.0,0.0,0.0,0.0,0.0,0.0,0.0,0.0,0.0,0.0,0.0,0.0,0.0,0.0,0.0,0.0,0.0,0.0,0.0,0.0,0.0,0.0,0.0,0.0,0.0,0.0,0.0,0.0,0.0,0.0,0.0,0.0,0.0,0.0,0.0,0.0,0.0,0.0,0.0,0.0,0.0,0.0,0.0,0.0,0.0,0.0,0.0,0.0,0.0,0.0,0.0,0.0,0.0,0.0,0.0,0.0,0.0,0.0,0.0,0.0,0.0,0.0,0.0,0.0,0.0,0.0,0.0,0.0,0.0,0.0,0.0,0.0,0.0,4298.0263671875,389.11334228515625,0.0,0.0,0.0,0.0,0.0,0.0,0.0,0.0,TX
7725649,TX,4818,0.6963620781898499,4,2.0,36733.814453125,36733.8125,4,0,-3521.61865234375,0.0,81033.84375,2591.924560546875,28498.1806640625,8169.17578125,0.0,39259.281005859375,0.0,0.0,0.0,0.0,-78.38134765625,0.0,78.3828125,0.0,0.0,0.0,0.0,0.0,0.0,0.0,0.0,0.0,200.0,0.0,-200.0,0.0,0.0,0.0,0.0,0.0,0.0,0.0,0.0,0.0,0.0,0.0,0.0,0.0,0.0,0.0,0.0,0.0,0.0,0.0,0.0,0.0,0.0,0.0,0.0,0.0,0.0,0.0,0.0,0.0,0.0,0.0,0.0,0.0,0.0,0.0,0.0,0.0,0.0,0.0,0.0,0.0,0.0,0.0,0.0,0.0,0.0,0.0,0.0,0.0,0.0,0.0,0.0,0.0,0.0,0.0,0.0,0.0,0.0,0.0,0.0,0.0,0.0,0.0,0.0,0.0,-3400.0,0.0,80912.2265625,39259.281005859375,121.61865234375,0.0,-121.6171875,0.0,3.4534872838320783,0.0,-0.15008196234703064,0.0,TX
7725650,TX,4818,0.1326141506433487,3,1.0,374682.5234375,426851.0,3,0,77481.234375,0.0,353119.1875,0.0,0.0,0.0,0.0,0.0,-292.0,0.0,292.0,0.0,-456.0,0.0,456.0,0.0,0.0,0.0,0.0,0.0,0.0,0.0,0.0,0.0,-200.0,0.0,200.0,0.0,0.0,0.0,0.0,0.0,-1104.25,0.0,1104.25,0.0,0.0,0.0,0.0,0.0,0.0,0.0,0.0,0.0,0.0,0.0,0.0,0.0,-480.0,0.0,480.0,0.0,0.0,0.0,0.0,0.0,0.0,0.0,0.0,0.0,0.0,0.0,0.0,0.0,0.0,0.0,0.0,0.0,0.0,0.0,0.0,0.0,0.0,0.0,0.0,0.0,0.0,0.0,0.0,0.0,0.0,0.0,0.0,0.0,0.0,0.0,0.0,0.0,0.0,0.0,0.0,0.0,74948.984375,0.0,355651.4375,0.0,-2532.25,0.0,2532.25,0.0,-3.2682107098916493,0.0,0.7171091437339783,0.0,TX
7725651,TX,4818,5.466968536376953,1,0.0,0.0,19804.09765625,1,0,260.4097595214844,0.0,74038.6796875,26222.90234375,0.0,0.0,0.0,26222.90234375,0.0,0.0,0.0,0.0,-95.0,0.0,95.0,0.0,0.0,0.0,0.0,0.0,0.0,0.0,0.0,0.0,0.0,0.0,0.0,0.0,0.0,0.0,0.0,0.0,0.0,0.0,0.0,0.0,0.0,0.0,0.0,0.0,0.0,0.0,0.0,0.0,0.0,0.0,0.0,0.0,0.0,0.0,0.0,0.0,0.0,0.0,0.0,0.0,0.0,0.0,0.0,0.0,0.0,0.0,0.0,0.0,0.0,0.0,0.0,0.0,0.0,0.0,0.0,0.0,-165.40975952148438,0.0,165.40625,0.0,0.0,0.0,0.0,0.0,0.0,0.0,0.0,0.0,0.0,0.0,0.0,0.0,0.0,0.0,0.0,0.0,0.0,0.0,74299.0859375,26222.90234375,-260.4097595214844,0.0,260.40625,0.0,-100.0,0.0,0.3517164885997772,0.0,TX
7725652,TX,4818,0.11166172474622726,4,2.0,691597.4604492188,973270.25,1,3,248280.8125,0.0,728152.8125,0.0,0.0,0.0,0.0,0.0,-749.0,0.0,749.0,0.0,-665.0,0.0,665.0,0.0,0.0,0.0,0.0,0.0,0.0,0.0,0.0,0.0,0.0,0.0,0.0,0.0,0.0,0.0,0.0,0.0,-1750.0,0.0,1750.0,0.0,0.0,0.0,0.0,0.0,0.0,0.0,0.0,0.0,0.0,0.0,0.0,0.0,-700.0,0.0,700.0,0.0,0.0,0.0,0.0,0.0,0.0,0.0,0.0,0.0,0.0,0.0,0.0,0.0,0.0,0.0,0.0,0.0,0.0,0.0,0.0,0.0,0.0,0.0,0.0,0.0,0.0,0.0,0.0,0.0,0.0,0.0,0.0,0.0,0.0,0.0,0.0,0.0,0.0,0.0,0.0,0.0,244416.8125,0.0,732016.8125,0.0,-3864.0,0.0,3864.0,0.0,-1.5563023018542763,0.0,0.5306578278541565,0.0,TX
7725653,TX,4818,0.1044822409749031,7,0.0,179214.3291015625,183757.3759765625,2,5,9365.869720458984,0.0,198226.765625,3491.32275390625,0.0,11090.48486328125,0.0,14581.8076171875,-20.0,0.0,20.0,0.0,-645.9999923706055,0.0,646.0,0.0,0.0,0.0,0.0,0.0,0.0,0.0,0.0,0.0,0.0,0.0,0.0,0.0,0.0,0.0,0.0,0.0,0.0,0.0,0.0,0.0,0.0,0.0,0.0,0.0,0.0,0.0,0.0,0.0,0.0,0.0,0.0,0.0,0.0,0.0,0.0,0.0,0.0,0.0,0.0,0.0,0.0,0.0,0.0,0.0,0.0,0.0,0.0,0.0,0.0,0.0,0.0,0.0,0.0,0.0,0.0,0.0,0.0,0.0,0.0,0.0,0.0,0.0,0.0,0.0,0.0,0.0,0.0,0.0,0.0,0.0,0.0,0.0,0.0,0.0,0.0,0.0,8699.869728088379,0.0,198892.765625,14581.8076171875,-665.9999923706055,0.0,666.0,0.0,-7.110925223695802,0.0,0.3359788656234741,0.0,TX
7725654,TX,4818,0.12123068422079086,2,0.0,93478.22265625,93478.22265625,2,0,7095.38671875,0.0,79231.75,0.0,0.0,0.0,0.0,0.0,-10.0,0.0,10.0,0.0,-228.0,0.0,228.0,0.0,0.0,0.0,0.0,0.0,0.0,0.0,0.0,0.0,0.0,0.0,0.0,0.0,0.0,0.0,0.0,0.0,0.0,0.0,0.0,0.0,0.0,0.0,0.0,0.0,0.0,0.0,0.0,0.0,0.0,0.0,0.0,0.0,0.0,0.0,0.0,0.0,0.0,0.0,0.0,0.0,0.0,0.0,0.0,0.0,0.0,0.0,0.0,0.0,0.0,0.0,0.0,0.0,-582.076904296875,0.0,582.078125,0.0,0.0,0.0,0.0,0.0,-576.27685546875,0.0,576.2734375,0.0,0.0,0.0,0.0,0.0,0.0,0.0,0.0,0.0,0.0,0.0,0.0,0.0,5699.032958984375,0.0,80628.1015625,0.0,-1396.353759765625,0.0,1396.3515625,0.0,-19.67974143080424,0.0,1.7623636722564697,0.0,TX
7725655,TX,4818,0.16342538595199585,4,2.0,295315.46875,319281.3125,4,0,45408.73828125,0.0,274698.71875,14744.0830078125,0.0,0.0,0.0,14744.0830078125,-292.0,0.0,292.0,0.0,0.0,0.0,0.0,0.0,0.0,0.0,0.0,0.0,0.0,0.0,0.0,0.0,-400.0,0.0,400.0,0.0,0.0,0.0,0.0,0.0,-844.80078125,0.0,844.78125,0.0,0.0,0.0,0.0,0.0,0.0,0.0,0.0,0.0,0.0,0.0,0.0,0.0,0.0,0.0,0.0,0.0,0.0,0.0,0.0,0.0,0.0,0.0,0.0,0.0,-1087.875,0.0,1087.875,0.0,0.0,0.0,0.0,0.0,0.0,0.0,0.0,0.0,0.0,0.0,0.0,0.0,0.0,0.0,0.0,0.0,0.0,0.0,0.0,0.0,0.0,0.0,0.0,0.0,0.0,0.0,0.0,0.0,42784.0625,0.0,277323.375,14744.0830078125,-2624.67578125,0.0,2624.65625,0.0,-5.78011167144402,0.0,0.9554672241210938,0.0,TX
7725656,TX,4818,0.009704606607556343,2,0.0,175194.54321289062,191711.49633789062,2,0,25420.83984375,0.0,158156.34375,0.0,0.0,0.0,0.0,0.0,-131.0,0.0,131.0,0.0,0.0,0.0,0.0,0.0,0.0,0.0,0.0,0.0,0.0,0.0,0.0,0.0,0.0,0.0,0.0,0.0,0.0,0.0,0.0,0.0,-1081.671875,0.0,1081.671875,0.0,0.0,0.0,0.0,0.0,0.0,0.0,0.0,0.0,0.0,0.0,0.0,0.0,0.0,0.0,0.0,0.0,0.0,0.0,0.0,0.0,0.0,0.0,0.0,0.0,0.0,0.0,0.0,0.0,0.0,0.0,0.0,0.0,0.0,0.0,0.0,0.0,0.0,0.0,0.0,0.0,0.0,0.0,0.0,0.0,0.0,0.0,0.0,0.0,0.0,0.0,0.0,0.0,0.0,0.0,0.0,0.0,24208.16796875,0.0,159369.015625,0.0,-1212.671875,0.0,1212.671875,0.0,-4.770384780572657,0.0,0.7667551040649414,0.0,TX
7725657,TX,4818,0.10030502825975418,2,0.0,109113.83203125,109113.83203125,2,0,10115.291625976562,0.0,93352.90625,0.0,0.0,0.0,0.0,0.0,-120.0,0.0,120.0,0.0,-323.0,0.0,323.0,0.0,0.0,0.0,0.0,0.0,0.0,0.0,0.0,0.0,0.0,0.0,0.0,0.0,0.0,0.0,0.0,0.0,0.0,0.0,0.0,0.0,0.0,0.0,0.0,0.0,0.0,0.0,0.0,0.0,0.0,0.0,0.0,0.0,0.0,0.0,0.0,0.0,0.0,0.0,0.0,0.0,0.0,0.0,0.0,0.0,0.0,0.0,0.0,0.0,0.0,0.0,0.0,0.0,0.0,0.0,0.0,0.0,0.0,0.0,0.0,0.0,0.0,0.0,0.0,0.0,0.0,0.0,0.0,0.0,0.0,0.0,0.0,0.0,0.0,0.0,0.0,0.0,9672.291625976562,0.0,93795.90625,0.0,-443.0,0.0,443.0,0.0,-4.379507940852188,0.0,0.47454336285591125,0.0,TX
7725658,TX,4818,0.11234600096940994,2,0.0,116778.8388671875,116832.4404296875,2,0,16165.84375,0.0,127988.828125,18127.90625,0.0,0.0,0.0,18127.90625,-115.0,0.0,115.0,0.0,-209.0,0.0,209.0,0.0,0.0,0.0,0.0,0.0,0.0,0.0,0.0,0.0,0.0,0.0,0.0,0.0,0.0,0.0,0.0,0.0,0.0,0.0,0.0,0.0,0.0,0.0,0.0,0.0,0.0,0.0,0.0,0.0,0.0,0.0,0.0,0.0,-220.0,0.0,220.0,0.0,0.0,0.0,0.0,0.0,0.0,0.0,0.0,0.0,0.0,0.0,0.0,0.0,0.0,0.0,0.0,0.0,0.0,0.0,0.0,0.0,0.0,0.0,0.0,0.0,0.0,0.0,0.0,0.0,0.0,0.0,0.0,0.0,0.0,0.0,0.0,0.0,0.0,0.0,0.0,0.0,15621.84375,0.0,128532.828125,18127.90625,-544.0,0.0,544.0,0.0,-3.365119745141666,0.0,0.42503708600997925,0.0,TX
7725659,TX,4818,0.10101516544818878,3,1.0,147776.6796875,154540.03125,3,0,14386.806640625,0.0,154573.59375,6763.3408203125,0.0,0.0,0.0,6763.3408203125,-230.0,0.0,230.0,0.0,-418.0,0.0,418.0,0.0,0.0,0.0,0.0,0.0,0.0,0.0,0.0,0.0,-200.0,0.0,200.0,0.0,0.0,0.0,0.0,0.0,0.0,0.0,0.0,0.0,0.0,0.0,0.0,0.0,0.0,0.0,0.0,0.0,0.0,0.0,0.0,0.0,-281.1220703125,0.0,281.125,0.0,0.0,0.0,0.0,0.0,0.0,0.0,0.0,0.0,0.0,0.0,0.0,0.0,0.0,0.0,0.0,0.0,0.0,0.0,0.0,0.0,0.0,0.0,0.0,0.0,0.0,0.0,0.0,0.0,0.0,0.0,0.0,0.0,0.0,0.0,0.0,0.0,0.0,0.0,0.0,0.0,13257.6845703125,0.0,155702.71875,6763.3408203125,-1129.1220703125,0.0,1129.125,0.0,-7.848316158807068,0.0,0.7304772734642029,0.0,TX
7725660,TX,4818,0.15238717198371887,3,1.0,329061.265625,497980.65625,3,0,89454.796875,0.0,401711.25,0.0,0.0,0.0,0.0,0.0,-292.0,0.0,292.0,0.0,-458.203125,0.0,458.1875,0.0,0.0,0.0,0.0,0.0,0.0,0.0,0.0,0.0,0.0,0.0,0.0,0.0,0.0,0.0,0.0,0.0,-900.234375,0.0,900.25,0.0,0.0,0.0,0.0,0.0,0.0,0.0,0.0,0.0,0.0,0.0,0.0,0.0,-480.0,0.0,480.0,0.0,0.0,0.0,0.0,0.0,0.0,0.0,0.0,0.0,0.0,0.0,0.0,0.0,0.0,0.0,0.0,0.0,0.0,0.0,0.0,0.0,0.0,0.0,0.0,0.0,0.0,0.0,0.0,0.0,0.0,0.0,0.0,0.0,0.0,0.0,0.0,0.0,0.0,0.0,0.0,0.0,87324.359375,0.0,403841.6875,0.0,-2130.4375,0.0,2130.4375,0.0,-2.381579942523345,0.0,0.5303405523300171,0.0,TX
7725661,TX,4818,0.10894107073545456,2,0.0,52585.640625,52585.640625,2,0,2028.56396484375,0.0,52956.984375,0.0,0.0,3171.6494140625,0.0,3171.6494140625,0.0,0.0,0.0,0.0,-189.9998779296875,0.0,190.0,0.0,0.0,0.0,0.0,0.0,0.0,0.0,0.0,0.0,0.0,0.0,0.0,0.0,0.0,0.0,0.0,0.0,0.0,0.0,0.0,0.0,0.0,0.0,0.0,0.0,0.0,0.0,0.0,0.0,0.0,0.0,0.0,0.0,0.0,0.0,0.0,0.0,0.0,0.0,0.0,0.0,0.0,0.0,0.0,0.0,0.0,0.0,0.0,0.0,0.0,0.0,0.0,0.0,0.0,0.0,0.0,0.0,0.0,0.0,0.0,0.0,0.0,0.0,0.0,0.0,0.0,0.0,0.0,0.0,0.0,0.0,0.0,0.0,0.0,0.0,0.0,0.0,1838.5640869140625,0.0,53146.984375,3171.6494140625,-189.9998779296875,0.0,190.0,0.0,-9.366225626724185,0.0,0.35878175497055054,0.0,TX
7725662,TX,4818,143.8379364013672,1,0.0,0.0,0.0,1,0,0.0,0.0,46812.0546875,26776.279296875,0.0,0.0,0.0,26776.279296875,0.0,0.0,0.0,0.0,0.0,0.0,0.0,0.0,0.0,0.0,0.0,0.0,0.0,0.0,0.0,0.0,0.0,0.0,0.0,0.0,0.0,0.0,0.0,0.0,0.0,0.0,0.0,0.0,0.0,0.0,0.0,0.0,0.0,0.0,0.0,0.0,0.0,0.0,0.0,0.0,0.0,0.0,0.0,0.0,0.0,0.0,0.0,0.0,0.0,0.0,0.0,0.0,0.0,0.0,0.0,0.0,0.0,0.0,0.0,0.0,0.0,0.0,0.0,0.0,0.0,0.0,0.0,0.0,0.0,0.0,0.0,0.0,0.0,0.0,0.0,0.0,0.0,0.0,0.0,0.0,0.0,0.0,0.0,0.0,0.0,0.0,46812.0546875,26776.279296875,0.0,0.0,0.0,0.0,0.0,0.0,0.0,0.0,TX
7725663,TX,4818,0.13008320331573486,2,0.0,268832.16015625,1119605.75,2,0,196896.75,0.0,912090.4375,0.0,0.0,0.0,0.0,0.0,-749.0,0.0,749.0,0.0,0.0,0.0,0.0,0.0,0.0,0.0,0.0,0.0,0.0,0.0,0.0,0.0,0.0,0.0,0.0,0.0,0.0,0.0,0.0,0.0,0.0,0.0,0.0,0.0,0.0,0.0,0.0,0.0,0.0,0.0,0.0,0.0,0.0,0.0,0.0,0.0,0.0,0.0,0.0,0.0,0.0,0.0,0.0,0.0,0.0,0.0,0.0,0.0,0.0,0.0,0.0,0.0,0.0,0.0,0.0,0.0,0.0,0.0,0.0,0.0,0.0,0.0,0.0,0.0,0.0,0.0,0.0,0.0,0.0,0.0,0.0,0.0,0.0,0.0,0.0,0.0,0.0,0.0,0.0,0.0,196147.75,0.0,912839.4375,0.0,-749.0,0.0,749.0,0.0,-0.3804024190343416,0.0,0.08211904764175415,0.0,TX
7725664,TX,4818,0.13378459215164185,2,0.0,51425.66296386719,1514391.5,2,0,360322.375,0.0,1237017.5,16567.111328125,0.0,0.0,0.0,16567.111328125,0.0,0.0,0.0,0.0,0.0,0.0,0.0,0.0,0.0,0.0,0.0,0.0,0.0,0.0,0.0,0.0,0.0,0.0,0.0,0.0,0.0,0.0,0.0,0.0,-1640.5625,0.0,1640.5,0.0,0.0,0.0,0.0,0.0,0.0,0.0,0.0,0.0,0.0,0.0,0.0,0.0,-275.21875,0.0,275.25,0.0,0.0,0.0,0.0,0.0,0.0,0.0,0.0,0.0,0.0,0.0,0.0,0.0,0.0,0.0,0.0,0.0,0.0,0.0,0.0,0.0,0.0,0.0,0.0,0.0,0.0,0.0,0.0,0.0,0.0,0.0,0.0,0.0,0.0,0.0,0.0,0.0,0.0,0.0,0.0,0.0,358406.59375,0.0,1238933.25,16567.111328125,-1915.78125,0.0,1915.75,0.0,-0.5316853414945436,0.0,0.1548684686422348,0.0,TX
7725665,TX,4818,78.94953918457031,1,0.0,2460.028076171875,2460.028076171875,1,0,0.0,0.0,38189.6015625,16845.046875,0.0,0.0,0.0,16845.046875,0.0,0.0,0.0,0.0,0.0,0.0,0.0,0.0,0.0,0.0,0.0,0.0,0.0,0.0,0.0,0.0,0.0,0.0,0.0,0.0,0.0,0.0,0.0,0.0,0.0,0.0,0.0,0.0,0.0,0.0,0.0,0.0,0.0,0.0,0.0,0.0,0.0,0.0,0.0,0.0,0.0,0.0,0.0,0.0,0.0,0.0,0.0,0.0,0.0,0.0,0.0,0.0,0.0,0.0,0.0,0.0,0.0,0.0,0.0,0.0,0.0,0.0,0.0,0.0,0.0,0.0,0.0,0.0,0.0,0.0,0.0,0.0,0.0,0.0,0.0,0.0,0.0,0.0,0.0,0.0,0.0,0.0,0.0,0.0,0.0,0.0,38189.6015625,16845.046875,0.0,0.0,0.0,0.0,0.0,0.0,0.0,0.0,TX
7725666,TX,4818,98.9631576538086,2,0.0,21880.283203125,47183.921875,2,0,1358.3922119140625,0.0,127688.0078125,48588.5,0.0,0.0,0.0,48588.5,0.0,0.0,0.0,0.0,-190.0,0.0,190.0,0.0,0.0,0.0,0.0,0.0,0.0,0.0,0.0,0.0,0.0,0.0,0.0,0.0,0.0,0.0,0.0,0.0,0.0,0.0,0.0,0.0,0.0,0.0,0.0,0.0,0.0,0.0,0.0,0.0,0.0,0.0,0.0,0.0,-200.0,0.0,200.0,0.0,0.0,0.0,0.0,0.0,0.0,0.0,0.0,0.0,0.0,0.0,0.0,0.0,0.0,0.0,0.0,0.0,0.0,0.0,0.0,0.0,-968.3922119140625,0.0,968.390625,0.0,0.0,0.0,0.0,0.0,0.0,0.0,0.0,0.0,0.0,0.0,0.0,0.0,0.0,0.0,0.0,0.0,0.0,0.0,129046.3984375,48588.5,-1358.3922119140625,0.0,1358.390625,0.0,-100.0,0.0,1.0638357400894165,0.0,TX
7725667,TX,4818,0.1813783496618271,3,0.0,237117.1328125,313276.3515625,3,0,51784.2998046875,0.0,293591.25,32358.18359375,0.0,0.0,0.0,32358.18359375,-484.0,0.0,484.0,0.0,-411.2734375,0.0,411.25,0.0,0.0,0.0,0.0,0.0,0.0,0.0,0.0,0.0,0.0,0.0,0.0,0.0,0.0,0.0,0.0,0.0,0.0,0.0,0.0,0.0,0.0,0.0,0.0,0.0,0.0,0.0,0.0,0.0,0.0,0.0,0.0,0.0,-0.87109375,0.0,0.875,0.0,0.0,0.0,0.0,0.0,0.0,0.0,0.0,0.0,0.0,0.0,0.0,0.0,0.0,0.0,0.0,0.0,0.0,0.0,0.0,0.0,0.0,0.0,0.0,0.0,0.0,0.0,0.0,0.0,0.0,0.0,0.0,0.0,0.0,0.0,0.0,0.0,0.0,0.0,0.0,0.0,50888.1552734375,0.0,294487.375,32358.18359375,-896.14453125,0.0,896.125,0.0,-1.730533259366155,0.0,0.3052287697792053,0.0,TX
7725668,TX,4818,0.21579737961292267,1,0.0,68385.25,77279.171875,1,0,8495.41796875,0.0,75601.4453125,10479.6513671875,0.0,0.0,0.0,10479.6513671875,-115.0,0.0,115.0,0.0,-209.0,0.0,209.0,0.0,0.0,0.0,0.0,0.0,0.0,0.0,0.0,0.0,0.0,0.0,0.0,0.0,0.0,0.0,0.0,0.0,0.0,0.0,0.0,0.0,0.0,0.0,0.0,0.0,0.0,0.0,0.0,0.0,0.0,0.0,0.0,0.0,0.0,0.0,0.0,0.0,0.0,0.0,0.0,0.0,0.0,0.0,0.0,0.0,0.0,0.0,0.0,0.0,0.0,0.0,0.0,0.0,0.0,0.0,0.0,0.0,0.0,0.0,0.0,0.0,-1155.6669921875,0.0,1155.6640625,0.0,0.0,0.0,0.0,0.0,0.0,0.0,0.0,0.0,0.0,0.0,0.0,0.0,7015.7509765625,0.0,77081.109375,10479.6513671875,-1479.6669921875,0.0,1479.6640625,0.0,-17.417235945663723,0.0,1.9571902751922607,0.0,TX
7725669,TX,4818,93.24756622314453,1,0.0,0.0,29788.77734375,1,0,1267.6533203125,0.0,78149.828125,28315.58984375,0.0,0.0,0.0,28315.58984375,-5.0,0.0,5.0,0.0,-98.775634765625,0.0,98.78125,0.0,0.0,0.0,0.0,0.0,0.0,0.0,0.0,0.0,0.0,0.0,0.0,0.0,0.0,0.0,0.0,0.0,0.0,0.0,0.0,0.0,0.0,0.0,0.0,0.0,0.0,0.0,0.0,0.0,0.0,0.0,0.0,0.0,0.0,0.0,0.0,0.0,0.0,0.0,0.0,0.0,0.0,0.0,0.0,0.0,0.0,0.0,0.0,0.0,0.0,0.0,0.0,0.0,0.0,0.0,0.0,0.0,-599.9999389648438,0.0,600.0,0.0,0.0,0.0,0.0,0.0,0.0,0.0,0.0,0.0,0.0,0.0,0.0,0.0,0.0,0.0,0.0,0.0,563.8777465820312,0.0,78853.609375,28315.58984375,-703.7755737304688,0.0,703.78125,0.0,-55.51798448782315,0.0,0.900553822517395,0.0,TX
7725670,TX,4818,0.30300015211105347,1,0.0,61874.796875,75026.6875,1,0,7548.87109375,0.0,80568.515625,15472.8095703125,0.0,0.0,0.0,15472.8095703125,-115.0,0.0,115.0,0.0,-209.0,0.0,209.0,0.0,0.0,0.0,0.0,0.0,0.0,0.0,0.0,0.0,0.0,0.0,0.0,0.0,0.0,0.0,0.0,0.0,0.0,0.0,0.0,0.0,0.0,0.0,0.0,0.0,0.0,0.0,0.0,0.0,0.0,0.0,0.0,0.0,0.0,0.0,0.0,0.0,0.0,0.0,0.0,0.0,0.0,0.0,0.0,0.0,0.0,0.0,0.0,0.0,0.0,0.0,0.0,0.0,0.0,0.0,0.0,0.0,-1319.6474609375,0.0,1319.6484375,0.0,0.0,0.0,0.0,0.0,0.0,0.0,0.0,0.0,0.0,0.0,0.0,0.0,0.0,0.0,0.0,0.0,5905.2236328125,0.0,82212.1640625,15472.8095703125,-1643.6474609375,0.0,1643.6484375,0.0,-21.77342069462994,0.0,2.0400631427764893,0.0,TX
7725671,TX,4818,0.1231633648276329,2,0.0,79828.75,504409.97265625,0,2,89942.9375,0.0,425799.3125,6516.76025390625,0.0,0.0,0.0,6516.76025390625,-131.0,0.0,131.0,0.0,-228.0,0.0,228.0,0.0,0.0,0.0,0.0,0.0,0.0,0.0,0.0,0.0,0.0,0.0,0.0,0.0,0.0,0.0,0.0,0.0,-1172.734375,0.0,1172.75,0.0,0.0,0.0,0.0,0.0,0.0,0.0,0.0,0.0,0.0,0.0,0.0,0.0,0.0,0.0,0.0,0.0,0.0,0.0,0.0,0.0,0.0,0.0,0.0,0.0,0.0,0.0,0.0,0.0,0.0,0.0,0.0,0.0,0.0,0.0,0.0,0.0,0.0,0.0,0.0,0.0,0.0,0.0,0.0,0.0,0.0,0.0,0.0,0.0,0.0,0.0,0.0,0.0,0.0,0.0,0.0,0.0,88411.203125,0.0,427331.0625,6516.76025390625,-1531.734375,0.0,1531.75,0.0,-1.7030068369737201,0.0,0.3597351908683777,0.0,TX
7725672,TX,4818,0.22968491911888123,4,2.0,135058.54345703125,134739.765625,4,0,10130.748046875,0.0,113244.8515625,0.0,0.0,0.0,0.0,0.0,-230.0,0.0,230.0,0.0,-418.0,0.0,418.0,0.0,0.0,0.0,0.0,0.0,0.0,0.0,0.0,0.0,-200.0,0.0,200.0,0.0,0.0,0.0,0.0,0.0,0.0,0.0,0.0,0.0,0.0,0.0,0.0,0.0,0.0,0.0,0.0,0.0,0.0,0.0,0.0,0.0,-413.9765625,0.0,413.9765625,0.0,0.0,0.0,0.0,0.0,0.0,0.0,0.0,0.0,0.0,0.0,0.0,0.0,0.0,0.0,0.0,0.0,-108.0634765625,0.0,108.0625,0.0,0.0,0.0,0.0,0.0,-218.8759765625,0.0,218.875,0.0,0.0,0.0,0.0,0.0,0.0,0.0,0.0,0.0,0.0,0.0,0.0,0.0,8541.83203125,0.0,114833.765625,0.0,-1588.916015625,0.0,1588.9140625,0.0,-15.684093694494038,0.0,1.4030784368515015,0.0,TX
7725673,TX,4818,1189.1591796875,4,3.0,0.0,0.0,4,0,0.0,0.0,33618.828125,15387.73046875,18231.09619140625,0.0,0.0,33618.82666015625,0.0,0.0,0.0,0.0,0.0,0.0,0.0,0.0,0.0,0.0,0.0,0.0,0.0,0.0,0.0,0.0,0.0,0.0,0.0,0.0,0.0,0.0,0.0,0.0,0.0,0.0,0.0,0.0,0.0,0.0,0.0,0.0,0.0,0.0,0.0,0.0,0.0,0.0,0.0,0.0,0.0,0.0,0.0,0.0,0.0,0.0,0.0,0.0,0.0,0.0,0.0,0.0,0.0,0.0,0.0,0.0,0.0,0.0,0.0,0.0,0.0,0.0,0.0,0.0,0.0,0.0,0.0,0.0,0.0,0.0,0.0,0.0,0.0,0.0,0.0,0.0,0.0,0.0,0.0,0.0,0.0,0.0,0.0,0.0,0.0,0.0,33618.828125,33618.82666015625,0.0,0.0,0.0,0.0,0.0,0.0,0.0,0.0,TX
7725674,TX,4818,0.11084858328104019,6,1.0,391942.181640625,541509.978515625,3,3,76705.57580566406,0.0,479414.15625,25918.80859375,0.0,0.0,1691.58251953125,27610.39111328125,-599.0,0.0,599.0,0.0,-964.5,0.0,964.5,0.0,0.0,0.0,0.0,0.0,0.0,0.0,0.0,0.0,-200.0,0.0,200.0,0.0,-29.934814453125,0.0,29.9375,0.0,-63.728515625,0.0,63.71875,0.0,0.0,0.0,0.0,0.0,0.0,0.0,0.0,0.0,0.0,0.0,0.0,0.0,-760.0,0.0,760.0,0.0,0.0,0.0,0.0,0.0,0.0,0.0,0.0,0.0,0.0,0.0,0.0,0.0,0.0,0.0,0.0,0.0,0.0,0.0,0.0,0.0,0.0,0.0,0.0,0.0,0.0,0.0,0.0,0.0,0.0,0.0,0.0,0.0,0.0,0.0,0.0,0.0,0.0,0.0,0.0,0.0,74088.41247558594,0.0,482031.3125,27610.39111328125,-2617.163330078125,0.0,2617.15625,0.0,-3.4119596947017112,0.0,0.5459071397781372,0.0,TX
7725675,TX,4818,65.07000732421875,1,0.0,2269.79248046875,2269.79248046875,1,0,0.0,0.0,60310.34375,27898.142578125,0.0,0.0,0.0,27898.142578125,0.0,0.0,0.0,0.0,0.0,0.0,0.0,0.0,0.0,0.0,0.0,0.0,0.0,0.0,0.0,0.0,0.0,0.0,0.0,0.0,0.0,0.0,0.0,0.0,0.0,0.0,0.0,0.0,0.0,0.0,0.0,0.0,0.0,0.0,0.0,0.0,0.0,0.0,0.0,0.0,0.0,0.0,0.0,0.0,0.0,0.0,0.0,0.0,0.0,0.0,0.0,0.0,0.0,0.0,0.0,0.0,0.0,0.0,0.0,0.0,0.0,0.0,0.0,0.0,0.0,0.0,0.0,0.0,0.0,0.0,0.0,0.0,0.0,0.0,0.0,0.0,0.0,0.0,0.0,0.0,0.0,0.0,0.0,0.0,0.0,0.0,60310.34375,27898.142578125,0.0,0.0,0.0,0.0,0.0,0.0,0.0,0.0,TX
7725676,TX,4818,843.3408203125,1,0.0,0.0,0.0,1,0,0.0,0.0,28076.5234375,14169.0087890625,0.0,0.0,0.0,14169.0087890625,0.0,0.0,0.0,0.0,0.0,0.0,0.0,0.0,0.0,0.0,0.0,0.0,0.0,0.0,0.0,0.0,0.0,0.0,0.0,0.0,0.0,0.0,0.0,0.0,0.0,0.0,0.0,0.0,0.0,0.0,0.0,0.0,0.0,0.0,0.0,0.0,0.0,0.0,0.0,0.0,0.0,0.0,0.0,0.0,0.0,0.0,0.0,0.0,0.0,0.0,0.0,0.0,0.0,0.0,0.0,0.0,0.0,0.0,0.0,0.0,0.0,0.0,0.0,0.0,0.0,0.0,0.0,0.0,0.0,0.0,0.0,0.0,0.0,0.0,0.0,0.0,0.0,0.0,0.0,0.0,0.0,0.0,0.0,0.0,0.0,0.0,28076.5234375,14169.0087890625,0.0,0.0,0.0,0.0,0.0,0.0,0.0,0.0,TX
7725677,TX,4818,0.11633426696062088,3,1.0,119851.09375,119851.09375,3,0,8260.130859375,0.0,109176.28125,0.0,0.0,0.0,0.0,0.0,-10.0,0.0,10.0,0.0,-228.0,0.0,228.0,0.0,0.0,0.0,0.0,0.0,0.0,0.0,0.0,0.0,-200.0,0.0,200.0,0.0,0.0,0.0,0.0,0.0,0.0,0.0,0.0,0.0,0.0,0.0,0.0,0.0,0.0,0.0,0.0,0.0,0.0,0.0,0.0,0.0,-153.3388671875,0.0,153.34375,0.0,0.0,0.0,0.0,0.0,0.0,0.0,0.0,0.0,0.0,0.0,0.0,0.0,0.0,0.0,0.0,0.0,0.0,0.0,0.0,0.0,0.0,0.0,0.0,0.0,-548.001953125,0.0,548.0,0.0,0.0,0.0,0.0,0.0,0.0,0.0,0.0,0.0,0.0,0.0,0.0,0.0,7120.7900390625,0.0,110315.625,0.0,-1139.3408203125,0.0,1139.34375,0.0,-13.793253880710408,0.0,1.0435817241668701,0.0,TX
7725678,TX,4818,0.13201682269573212,10,5.0,249532.9091796875,633658.5273437498,10,0,81450.34512329103,0.0,546731.75,0.0,0.0,0.0,0.0,0.0,-302.0000000000582,0.0,302.0,0.0,-322.9999999999418,0.0,323.0625,0.0,0.0,0.0,0.0,0.0,0.0,0.0,0.0,0.0,-1000.0000000000146,0.0,1000.0,0.0,0.0,0.0,0.0,0.0,-239.7294921875,0.0,239.6875,0.0,0.0,0.0,0.0,0.0,0.0,0.0,0.0,0.0,0.0,0.0,0.0,0.0,0.0,0.0,0.0,0.0,0.0,0.0,0.0,0.0,0.0,0.0,0.0,0.0,0.0,0.0,0.0,0.0,0.0,0.0,0.0,0.0,0.0,0.0,0.0,0.0,0.0,0.0,0.0,0.0,0.0,0.0,0.0,0.0,0.0,0.0,0.0,0.0,0.0,0.0,0.0,0.0,0.0,0.0,0.0,0.0,79585.61563110352,0.0,548596.5,0.0,-1864.7294921875146,0.0,1864.75,0.0,-2.2894064959023583,0.0,0.3410722017288208,0.0,TX
7725679,TX,4818,0.11805038154125214,3,0.0,201469.732421875,310637.794921875,3,0,42097.78106689453,0.0,283728.9375,0.0,0.0,0.0,0.0,0.0,-292.0,0.0,292.0,0.0,-95.0,0.0,95.0,0.0,0.0,0.0,0.0,0.0,0.0,0.0,0.0,0.0,0.0,0.0,0.0,0.0,0.0,0.0,0.0,0.0,0.0,0.0,0.0,0.0,0.0,0.0,0.0,0.0,0.0,0.0,0.0,0.0,0.0,0.0,0.0,0.0,0.0,0.0,0.0,0.0,0.0,0.0,0.0,0.0,0.0,0.0,0.0,0.0,0.0,0.0,0.0,0.0,0.0,0.0,0.0,0.0,0.0,0.0,0.0,0.0,0.0,0.0,0.0,0.0,0.0,0.0,0.0,0.0,0.0,0.0,0.0,0.0,0.0,0.0,0.0,0.0,0.0,0.0,0.0,0.0,41710.78106689453,0.0,284115.9375,0.0,-387.0,0.0,387.0,0.0,-0.9192883572296753,0.0,0.13639779388904572,0.0,TX
7725680,TX,4818,0.10790900141000748,2,0.0,108158.203125,108158.203125,2,0,8856.984375,0.0,101775.3359375,0.0,0.0,0.0,0.0,0.0,-10.0,0.0,10.0,0.0,-228.0,0.0,228.0,0.0,0.0,0.0,0.0,0.0,0.0,0.0,0.0,0.0,0.0,0.0,0.0,0.0,0.0,0.0,0.0,0.0,0.0,0.0,0.0,0.0,0.0,0.0,0.0,0.0,0.0,0.0,0.0,0.0,0.0,0.0,0.0,0.0,0.0,0.0,0.0,0.0,0.0,0.0,0.0,0.0,0.0,0.0,0.0,0.0,0.0,0.0,0.0,0.0,0.0,0.0,0.0,0.0,0.0,0.0,0.0,0.0,0.0,0.0,0.0,0.0,-46.693359375,0.0,46.6953125,0.0,0.0,0.0,0.0,0.0,0.0,0.0,0.0,0.0,0.0,0.0,0.0,0.0,8572.291015625,0.0,102060.03125,0.0,-284.693359375,0.0,284.6953125,0.0,-3.214337378516601,0.0,0.2797291874885559,0.0,TX
7725681,TX,4818,106.46956634521484,1,0.0,0.0,0.0,1,0,0.0,0.0,58355.9375,32239.37890625,0.0,0.0,0.0,32239.37890625,0.0,0.0,0.0,0.0,0.0,0.0,0.0,0.0,0.0,0.0,0.0,0.0,0.0,0.0,0.0,0.0,0.0,0.0,0.0,0.0,0.0,0.0,0.0,0.0,0.0,0.0,0.0,0.0,0.0,0.0,0.0,0.0,0.0,0.0,0.0,0.0,0.0,0.0,0.0,0.0,0.0,0.0,0.0,0.0,0.0,0.0,0.0,0.0,0.0,0.0,0.0,0.0,0.0,0.0,0.0,0.0,0.0,0.0,0.0,0.0,0.0,0.0,0.0,0.0,0.0,0.0,0.0,0.0,0.0,0.0,0.0,0.0,0.0,0.0,0.0,0.0,0.0,0.0,0.0,0.0,0.0,0.0,0.0,0.0,0.0,0.0,58355.9375,32239.37890625,0.0,0.0,0.0,0.0,0.0,0.0,0.0,0.0,TX
7725682,TX,4818,0.15526710450649261,4,1.0,147131.623046875,182178.19531250003,2,2,13677.427734375,0.0,167050.921875,0.0,0.0,0.0,0.0,0.0,-15.000000000001819,0.0,15.0,0.0,-342.0,0.0,342.0,0.0,0.0,0.0,0.0,0.0,0.0,0.0,0.0,0.0,-199.99999999999818,0.0,200.0,0.0,0.0,0.0,0.0,0.0,0.0,0.0,0.0,0.0,0.0,0.0,0.0,0.0,0.0,0.0,0.0,0.0,0.0,0.0,0.0,0.0,-78.919921875,0.0,78.921875,0.0,0.0,0.0,0.0,0.0,0.0,0.0,0.0,0.0,0.0,0.0,0.0,0.0,0.0,0.0,0.0,0.0,0.0,0.0,0.0,0.0,0.0,0.0,0.0,0.0,0.0,0.0,0.0,0.0,0.0,0.0,0.0,0.0,0.0,0.0,0.0,0.0,0.0,0.0,0.0,0.0,13041.5078125,0.0,167686.84375,0.0,-635.919921875,0.0,635.921875,0.0,-4.64941167465842,0.0,0.38067546486854553,0.0,TX
7725683,TX,4818,0.1354297250509262,4,2.0,690314.8837890625,694606.875,4,0,170799.453125,0.0,526851.5625,0.0,0.0,0.0,0.0,0.0,-749.0,0.0,749.0,0.0,-665.0,0.0,665.0,0.0,0.0,0.0,0.0,0.0,0.0,0.0,0.0,0.0,0.0,0.0,0.0,0.0,0.0,0.0,0.0,0.0,-1750.0,0.0,1750.0,0.0,0.0,0.0,0.0,0.0,0.0,0.0,0.0,0.0,0.0,0.0,0.0,0.0,-700.0,0.0,700.0,0.0,0.0,0.0,0.0,0.0,0.0,0.0,0.0,0.0,0.0,0.0,0.0,0.0,0.0,0.0,0.0,0.0,0.0,0.0,0.0,0.0,0.0,0.0,0.0,0.0,0.0,0.0,0.0,0.0,0.0,0.0,0.0,0.0,0.0,0.0,0.0,0.0,0.0,0.0,0.0,0.0,166935.453125,0.0,530715.5625,0.0,-3864.0,0.0,3864.0,0.0,-2.2623023255069334,0.0,0.7334133982658386,0.0,TX
7725684,TX,4818,109.34851837158203,1,0.0,0.0,65564.078125,1,0,5560.689453125,0.0,86440.65625,18912.6640625,0.0,0.0,0.0,18912.6640625,-5.0,0.0,5.0,0.0,-114.0,0.0,114.0,0.0,0.0,0.0,0.0,0.0,0.0,0.0,0.0,0.0,0.0,0.0,0.0,0.0,0.0,0.0,0.0,0.0,0.0,0.0,0.0,0.0,0.0,0.0,0.0,0.0,0.0,0.0,0.0,0.0,0.0,0.0,0.0,0.0,0.0,0.0,0.0,0.0,0.0,0.0,0.0,0.0,0.0,0.0,0.0,0.0,0.0,0.0,0.0,0.0,0.0,0.0,0.0,0.0,0.0,0.0,0.0,0.0,-720.0,0.0,720.0,0.0,0.0,0.0,0.0,0.0,0.0,0.0,0.0,0.0,0.0,0.0,0.0,0.0,0.0,0.0,0.0,0.0,4721.689453125,0.0,87279.65625,18912.6640625,-839.0,0.0,839.0,0.0,-15.088057102856162,0.0,0.970608115196228,0.0,TX
7725685,TX,4818,0.12380599975585938,2,0.0,147010.8955078125,387207.8125,2,0,65522.71484375,0.0,340408.0625,13026.98046875,0.0,0.0,0.0,13026.98046875,-292.0,0.0,292.0,0.0,0.0,0.0,0.0,0.0,0.0,0.0,0.0,0.0,0.0,0.0,0.0,0.0,0.0,0.0,0.0,0.0,0.0,0.0,0.0,0.0,0.0,0.0,0.0,0.0,0.0,0.0,0.0,0.0,0.0,0.0,0.0,0.0,0.0,0.0,0.0,0.0,-258.1171875,0.0,258.125,0.0,0.0,0.0,0.0,0.0,0.0,0.0,0.0,0.0,0.0,0.0,0.0,0.0,0.0,0.0,0.0,0.0,0.0,0.0,0.0,0.0,0.0,0.0,0.0,0.0,0.0,0.0,0.0,0.0,0.0,0.0,0.0,0.0,0.0,0.0,0.0,0.0,0.0,0.0,0.0,0.0,64972.59765625,0.0,340958.1875,13026.98046875,-550.1171875,0.0,550.125,0.0,-0.8395824086530107,0.0,0.1616075187921524,0.0,TX
7725686,TX,4818,0.11073996871709824,2,0.0,205133.078125,431242.84375,2,0,79468.6328125,0.0,392304.25,20992.2734375,20223.16015625,0.0,0.0,41215.43359375,-369.0,0.0,369.0,0.0,0.0,0.0,0.0,0.0,0.0,0.0,0.0,0.0,0.0,0.0,0.0,0.0,0.0,0.0,0.0,0.0,0.0,0.0,0.0,0.0,0.0,0.0,0.0,0.0,0.0,0.0,0.0,0.0,0.0,0.0,0.0,0.0,0.0,0.0,0.0,0.0,0.0,0.0,0.0,0.0,0.0,0.0,0.0,0.0,0.0,0.0,0.0,0.0,0.0,0.0,0.0,0.0,0.0,0.0,0.0,0.0,0.0,0.0,0.0,0.0,0.0,0.0,0.0,0.0,0.0,0.0,0.0,0.0,0.0,0.0,0.0,0.0,0.0,0.0,0.0,0.0,0.0,0.0,0.0,0.0,79099.6328125,0.0,392673.25,41215.43359375,-369.0,0.0,369.0,0.0,-0.4643341491360831,0.0,0.09405965358018875,0.0,TX
7725687,TX,4818,0.4575836956501007,5,3.0,44713.462890625,44713.4609375,5,0,-4558.65380859375,0.0,62782.609375,3392.88671875,12412.53076171875,0.0,0.0,15805.41748046875,0.0,0.0,0.0,0.0,-190.0,0.0,190.0,0.0,0.0,0.0,0.0,0.0,0.0,0.0,0.0,0.0,-351.34619140625,0.0,351.34765625,0.0,0.0,0.0,0.0,0.0,0.0,0.0,0.0,0.0,0.0,0.0,0.0,0.0,0.0,0.0,0.0,0.0,0.0,0.0,0.0,0.0,0.0,0.0,0.0,0.0,0.0,0.0,0.0,0.0,0.0,0.0,0.0,0.0,0.0,0.0,0.0,0.0,0.0,0.0,0.0,0.0,0.0,0.0,0.0,0.0,0.0,0.0,0.0,0.0,0.0,0.0,0.0,0.0,0.0,0.0,0.0,0.0,0.0,0.0,0.0,0.0,0.0,0.0,0.0,0.0,-5100.0,0.0,63323.95703125,15805.41748046875,-541.34619140625,0.0,541.34765625,0.0,-11.875132750500395,0.0,0.8622573614120483,0.0,TX
7725688,TX,4818,0.4111032485961914,1,0.0,0.0,9310.4287109375,1,0,0.0,0.0,36346.015625,6812.4287109375,20223.16015625,0.0,0.0,27035.5888671875,0.0,0.0,0.0,0.0,0.0,0.0,0.0,0.0,0.0,0.0,0.0,0.0,0.0,0.0,0.0,0.0,0.0,0.0,0.0,0.0,0.0,0.0,0.0,0.0,0.0,0.0,0.0,0.0,0.0,0.0,0.0,0.0,0.0,0.0,0.0,0.0,0.0,0.0,0.0,0.0,0.0,0.0,0.0,0.0,0.0,0.0,0.0,0.0,0.0,0.0,0.0,0.0,0.0,0.0,0.0,0.0,0.0,0.0,0.0,0.0,0.0,0.0,0.0,0.0,0.0,0.0,0.0,0.0,0.0,0.0,0.0,0.0,0.0,0.0,0.0,0.0,0.0,0.0,0.0,0.0,0.0,0.0,0.0,0.0,0.0,0.0,36346.015625,27035.5888671875,0.0,0.0,0.0,0.0,0.0,0.0,0.0,0.0,TX
7725689,TX,4818,149.7544708251953,4,2.0,2615.3173828125,2617.9287109375,4,0,0.0,0.0,24726.6015625,1130.9622802734375,15774.64111328125,0.0,0.0,16905.603393554688,0.0,0.0,0.0,0.0,0.0,0.0,0.0,0.0,0.0,0.0,0.0,0.0,0.0,0.0,0.0,0.0,0.0,0.0,0.0,0.0,0.0,0.0,0.0,0.0,0.0,0.0,0.0,0.0,0.0,0.0,0.0,0.0,0.0,0.0,0.0,0.0,0.0,0.0,0.0,0.0,0.0,0.0,0.0,0.0,0.0,0.0,0.0,0.0,0.0,0.0,0.0,0.0,0.0,0.0,0.0,0.0,0.0,0.0,0.0,0.0,0.0,0.0,0.0,0.0,0.0,0.0,0.0,0.0,0.0,0.0,0.0,0.0,0.0,0.0,0.0,0.0,0.0,0.0,0.0,0.0,0.0,0.0,0.0,0.0,0.0,0.0,24726.6015625,16905.603393554688,0.0,0.0,0.0,0.0,0.0,0.0,0.0,0.0,TX
7725690,TX,4818,0.1251821666955948,1,0.0,66262.359375,66262.359375,1,0,6071.71923828125,0.0,59588.3046875,0.0,0.0,0.0,0.0,0.0,-115.0,0.0,115.0,0.0,-185.236328125,0.0,185.234375,0.0,0.0,0.0,0.0,0.0,0.0,0.0,0.0,0.0,0.0,0.0,0.0,0.0,0.0,0.0,0.0,0.0,0.0,0.0,0.0,0.0,0.0,0.0,0.0,0.0,0.0,0.0,0.0,0.0,0.0,0.0,0.0,0.0,0.0,0.0,0.0,0.0,0.0,0.0,0.0,0.0,0.0,0.0,0.0,0.0,0.0,0.0,0.0,0.0,0.0,0.0,0.0,0.0,0.0,0.0,0.0,0.0,0.0,0.0,0.0,0.0,0.0,0.0,0.0,0.0,0.0,0.0,0.0,0.0,0.0,0.0,0.0,0.0,0.0,0.0,0.0,0.0,5771.48291015625,0.0,59888.5390625,0.0,-300.236328125,0.0,300.234375,0.0,-4.944832202254288,0.0,0.5038478374481201,0.0,TX
7725691,TX,4818,0.2781274914741516,4,2.0,10005.33203125,35872.09765625,4,0,-10489.1630859375,0.0,108708.1640625,53269.79296875,8275.0205078125,0.0,0.0,61544.8134765625,0.0,0.0,0.0,0.0,0.0,0.0,0.0,0.0,0.0,0.0,0.0,0.0,0.0,0.0,0.0,0.0,200.0,0.0,-200.0,0.0,0.0,0.0,0.0,0.0,0.0,0.0,0.0,0.0,0.0,0.0,0.0,0.0,0.0,0.0,0.0,0.0,0.0,0.0,0.0,0.0,0.0,0.0,0.0,0.0,0.0,0.0,0.0,0.0,0.0,0.0,0.0,0.0,0.0,0.0,0.0,0.0,0.0,0.0,0.0,0.0,0.0,0.0,0.0,0.0,0.0,0.0,0.0,0.0,0.0,0.0,0.0,0.0,0.0,0.0,0.0,0.0,0.0,0.0,0.0,0.0,0.0,0.0,0.0,0.0,-10289.1630859375,0.0,108508.1640625,61544.8134765625,200.0,0.0,-200.0,0.0,1.906729815919574,0.0,-0.18397881090641022,0.0,TX
7725692,TX,4818,0.12252812087535858,4,1.0,143734.037109375,155070.388671875,4,0,10359.0185546875,0.0,155380.75,12355.5810546875,4137.51025390625,0.0,0.0,16493.09130859375,-230.0,0.0,230.0,0.0,-359.3642578125,0.0,359.359375,0.0,0.0,0.0,0.0,0.0,0.0,0.0,0.0,0.0,100.0,0.0,-100.0,0.0,0.0,0.0,0.0,0.0,0.0,0.0,0.0,0.0,0.0,0.0,0.0,0.0,0.0,0.0,0.0,0.0,0.0,0.0,0.0,0.0,-127.0771484375,0.0,127.078125,0.0,0.0,0.0,0.0,0.0,0.0,0.0,0.0,0.0,0.0,0.0,0.0,0.0,0.0,0.0,0.0,0.0,0.0,0.0,0.0,0.0,-734.97265625,0.0,734.984375,0.0,0.0,0.0,0.0,0.0,0.0,0.0,0.0,0.0,0.0,0.0,0.0,0.0,0.0,0.0,0.0,0.0,9007.6044921875,0.0,156732.171875,16493.09130859375,-1351.4140625,0.0,1351.421875,0.0,-13.045773162443844,0.0,0.8697485327720642,0.0,TX
7725693,TX,4818,0.13297714293003082,7,0.0,475317.9521484375,704224.7607421875,5,2,114047.72930908203,0.0,645578.6875,34855.23828125,0.0,0.0,0.0,34855.23828125,-522.0,0.0,522.0,0.0,-969.0,0.0,969.0,0.0,0.0,0.0,0.0,0.0,0.0,0.0,0.0,0.0,0.0,0.0,0.0,0.0,0.0,0.0,0.0,0.0,-49.1640625,0.0,49.1875,0.0,0.0,0.0,0.0,0.0,0.0,0.0,0.0,0.0,0.0,0.0,0.0,0.0,-727.3671875,0.0,727.375,0.0,0.0,0.0,0.0,0.0,0.0,0.0,0.0,0.0,0.0,0.0,0.0,0.0,0.0,0.0,0.0,0.0,-252.5078125,0.0,252.5,0.0,-270.68243408203125,0.0,270.6875,0.0,-352.0,0.0,352.0,0.0,0.0,0.0,0.0,0.0,0.0,0.0,0.0,0.0,0.0,0.0,0.0,0.0,110905.0078125,0.0,648721.4375,34855.23828125,-3142.7214965820312,0.0,3142.75,0.0,-2.7556195249314492,0.0,0.4868113100528717,0.0,TX
7725694,TX,4818,508.5105285644531,5,2.0,18591.224609375,18591.224609375,5,0,0.0,0.0,78758.296875,18438.755859375,34316.74609375,0.0,0.0,52755.501953125,0.0,0.0,0.0,0.0,0.0,0.0,0.0,0.0,0.0,0.0,0.0,0.0,0.0,0.0,0.0,0.0,0.0,0.0,0.0,0.0,0.0,0.0,0.0,0.0,0.0,0.0,0.0,0.0,0.0,0.0,0.0,0.0,0.0,0.0,0.0,0.0,0.0,0.0,0.0,0.0,0.0,0.0,0.0,0.0,0.0,0.0,0.0,0.0,0.0,0.0,0.0,0.0,0.0,0.0,0.0,0.0,0.0,0.0,0.0,0.0,0.0,0.0,0.0,0.0,0.0,0.0,0.0,0.0,0.0,0.0,0.0,0.0,0.0,0.0,0.0,0.0,0.0,0.0,0.0,0.0,0.0,0.0,0.0,0.0,0.0,0.0,78758.296875,52755.501953125,0.0,0.0,0.0,0.0,0.0,0.0,0.0,0.0,TX
7725695,TX,4818,64.8255386352539,2,0.0,22639.354736328125,20118.390625,2,0,0.0,0.0,-747.658447265625,0.0,0.0,0.0,0.0,0.0,0.0,0.0,0.0,0.0,0.0,0.0,0.0,0.0,0.0,0.0,0.0,0.0,0.0,0.0,0.0,0.0,0.0,0.0,0.0,0.0,0.0,0.0,0.0,0.0,0.0,0.0,0.0,0.0,0.0,0.0,0.0,0.0,0.0,0.0,0.0,0.0,0.0,0.0,0.0,0.0,0.0,0.0,0.0,0.0,0.0,0.0,0.0,0.0,0.0,0.0,0.0,0.0,0.0,0.0,0.0,0.0,0.0,0.0,0.0,0.0,0.0,0.0,0.0,0.0,0.0,0.0,0.0,0.0,0.0,0.0,0.0,0.0,0.0,0.0,0.0,0.0,0.0,0.0,0.0,0.0,0.0,0.0,0.0,0.0,0.0,0.0,-747.658447265625,0.0,0.0,0.0,0.0,0.0,0.0,0.0,0.0,0.0,TX
7725696,TX,4818,0.26496100425720215,5,2.0,118441.6171875,121171.234375,4,1,3674.125732421875,0.0,140302.1875,0.0,0.0,0.0,3383.1650390625,3383.1650390625,-15.0,0.0,15.0,0.0,-314.0888671875,0.0,314.09375,0.0,0.0,0.0,0.0,0.0,0.0,0.0,0.0,0.0,-400.0,0.0,400.0,0.0,0.0,0.0,0.0,0.0,-279.266357421875,0.0,279.265625,0.0,0.0,0.0,0.0,0.0,0.0,0.0,0.0,0.0,0.0,0.0,0.0,0.0,-200.0,0.0,200.0,0.0,0.0,0.0,0.0,0.0,0.0,0.0,0.0,0.0,0.0,0.0,0.0,0.0,0.0,0.0,0.0,0.0,-7.89013671875,0.0,7.890625,0.0,0.0,0.0,0.0,0.0,0.0,0.0,0.0,0.0,0.0,0.0,0.0,0.0,0.0,0.0,0.0,0.0,0.0,0.0,0.0,0.0,2457.88037109375,0.0,141518.4375,3383.1650390625,-1216.245361328125,0.0,1216.25,0.0,-33.102986939056436,0.0,0.866878867149353,0.0,TX
7725697,TX,4818,0.13899624347686768,7,3.9999999999999996,208994.1484375,217866.20312500003,7,0,14072.523437500002,0.0,189971.828125,389.11334228515625,0.0,0.0,0.0,389.11334228515625,-195.20117187500182,0.0,195.203125,0.0,-405.0,0.0,405.0,0.0,0.0,0.0,0.0,0.0,0.0,0.0,0.0,0.0,-400.0000000000018,0.0,400.0,0.0,0.0,0.0,0.0,0.0,0.0,0.0,0.0,0.0,0.0,0.0,0.0,0.0,0.0,0.0,0.0,0.0,0.0,0.0,0.0,0.0,-130.1142578125,0.0,130.109375,0.0,0.0,0.0,0.0,0.0,0.0,0.0,0.0,0.0,0.0,0.0,0.0,0.0,0.0,0.0,0.0,0.0,-123.3720703125,0.0,123.375,0.0,0.0,0.0,0.0,0.0,0.0,0.0,0.0,0.0,0.0,0.0,0.0,0.0,0.0,0.0,0.0,0.0,0.0,0.0,0.0,0.0,12818.835937499998,0.0,191225.515625,389.11334228515625,-1253.6875000000036,0.0,1253.6875,0.0,-8.908761144140062,0.0,0.6599333882331848,0.0,TX
7725698,TX,4818,0.12187636643648148,2,0.0,87952.94140625,1353086.375,2,0,286071.8125,0.0,1096364.125,0.0,0.0,0.0,0.0,0.0,0.0,0.0,0.0,0.0,0.0,0.0,0.0,0.0,0.0,0.0,0.0,0.0,0.0,0.0,0.0,0.0,0.0,0.0,0.0,0.0,0.0,0.0,0.0,0.0,0.0,0.0,0.0,0.0,0.0,0.0,0.0,0.0,0.0,0.0,0.0,0.0,0.0,0.0,0.0,0.0,0.0,0.0,0.0,0.0,0.0,0.0,0.0,0.0,0.0,0.0,0.0,0.0,0.0,0.0,0.0,0.0,0.0,0.0,0.0,0.0,0.0,0.0,0.0,0.0,0.0,0.0,0.0,0.0,0.0,0.0,0.0,0.0,0.0,0.0,0.0,0.0,0.0,0.0,0.0,0.0,0.0,0.0,0.0,0.0,286071.8125,0.0,1096364.125,0.0,0.0,0.0,0.0,0.0,0.0,0.0,0.0,0.0,TX
7725699,TX,4818,0.1506168097257614,2,0.0,72128.328125,153053.75,2,0,15933.8251953125,0.0,196256.15625,54200.609375,0.0,0.0,0.0,54200.609375,-230.0,0.0,230.0,0.0,-418.0,0.0,418.0,0.0,0.0,0.0,0.0,0.0,0.0,0.0,0.0,0.0,0.0,0.0,0.0,0.0,0.0,0.0,0.0,0.0,0.0,0.0,0.0,0.0,0.0,0.0,0.0,0.0,0.0,0.0,0.0,0.0,0.0,0.0,0.0,0.0,0.0,0.0,0.0,0.0,0.0,0.0,0.0,0.0,0.0,0.0,0.0,0.0,0.0,0.0,0.0,0.0,0.0,0.0,0.0,0.0,0.0,0.0,0.0,0.0,-2599.6904296875,0.0,2599.6875,0.0,0.0,0.0,0.0,0.0,0.0,0.0,0.0,0.0,0.0,0.0,0.0,0.0,0.0,0.0,0.0,0.0,12686.134765625,0.0,199503.84375,54200.609375,-3247.6904296875,0.0,3247.6875,0.0,-20.38236512499788,0.0,1.6548206806182861,0.0,TX
7725700,TX,4818,0.14589165151119232,1,0.0,0.0,547810.0625,1,0,167437.203125,0.0,400763.3125,3531.410400390625,0.0,0.0,0.0,3531.410400390625,-362.25,0.0,362.25,0.0,0.0,0.0,0.0,0.0,0.0,0.0,0.0,0.0,0.0,0.0,0.0,0.0,0.0,0.0,0.0,0.0,0.0,0.0,0.0,0.0,-1683.875,0.0,1683.875,0.0,0.0,0.0,0.0,0.0,0.0,0.0,0.0,0.0,0.0,0.0,0.0,0.0,-124.03125,0.0,124.0,0.0,0.0,0.0,0.0,0.0,0.0,0.0,0.0,0.0,0.0,0.0,0.0,0.0,0.0,0.0,0.0,0.0,0.0,0.0,0.0,0.0,0.0,0.0,0.0,0.0,0.0,0.0,0.0,0.0,0.0,0.0,0.0,0.0,0.0,0.0,0.0,0.0,0.0,0.0,0.0,0.0,165267.046875,0.0,402933.4375,3531.410400390625,-2170.15625,0.0,2170.125,0.0,-1.2961015888326042,0.0,0.5414978861808777,0.0,TX
7725701,TX,4818,0.12210028618574142,5,3.0,237719.0546875,257326.65625,5,0,31468.548828125,0.0,214105.15625,0.0,0.0,0.0,0.0,0.0,-292.0,0.0,292.0,0.0,-36.1796875,0.0,36.1875,0.0,0.0,0.0,0.0,0.0,0.0,0.0,0.0,0.0,-600.0,0.0,600.0,0.0,0.0,0.0,0.0,0.0,-314.28125,0.0,314.28125,0.0,0.0,0.0,0.0,0.0,0.0,0.0,0.0,0.0,0.0,0.0,0.0,0.0,-480.0,0.0,480.0,0.0,0.0,0.0,0.0,0.0,0.0,0.0,0.0,0.0,0.0,0.0,0.0,0.0,0.0,0.0,0.0,0.0,0.0,0.0,0.0,0.0,0.0,0.0,0.0,0.0,0.0,0.0,0.0,0.0,0.0,0.0,0.0,0.0,0.0,0.0,0.0,0.0,0.0,0.0,0.0,0.0,29746.087890625,0.0,215827.625,0.0,-1722.4609375,0.0,1722.46875,0.0,-5.473595070772858,0.0,0.8044966459274292,0.0,TX
7725702,TX,4818,424.4722595214844,1,0.0,0.0,0.0,1,0,0.0,0.0,15369.5390625,3926.039794921875,0.0,0.0,0.0,3926.039794921875,0.0,0.0,0.0,0.0,0.0,0.0,0.0,0.0,0.0,0.0,0.0,0.0,0.0,0.0,0.0,0.0,0.0,0.0,0.0,0.0,0.0,0.0,0.0,0.0,0.0,0.0,0.0,0.0,0.0,0.0,0.0,0.0,0.0,0.0,0.0,0.0,0.0,0.0,0.0,0.0,0.0,0.0,0.0,0.0,0.0,0.0,0.0,0.0,0.0,0.0,0.0,0.0,0.0,0.0,0.0,0.0,0.0,0.0,0.0,0.0,0.0,0.0,0.0,0.0,0.0,0.0,0.0,0.0,0.0,0.0,0.0,0.0,0.0,0.0,0.0,0.0,0.0,0.0,0.0,0.0,0.0,0.0,0.0,0.0,0.0,0.0,15369.5390625,3926.039794921875,0.0,0.0,0.0,0.0,0.0,0.0,0.0,0.0,TX
7725703,TX,4818,6.0509538650512695,1,0.0,2149.347412109375,89291.9609375,1,0,10687.2314453125,0.0,119558.0625,33547.30859375,0.0,0.0,0.0,33547.30859375,-115.0,0.0,115.0,0.0,-209.0,0.0,209.0,0.0,0.0,0.0,0.0,0.0,0.0,0.0,0.0,0.0,0.0,0.0,0.0,0.0,0.0,0.0,0.0,0.0,0.0,0.0,0.0,0.0,0.0,0.0,0.0,0.0,0.0,0.0,0.0,0.0,0.0,0.0,0.0,0.0,0.0,0.0,0.0,0.0,0.0,0.0,0.0,0.0,0.0,0.0,0.0,0.0,0.0,0.0,0.0,0.0,0.0,0.0,0.0,0.0,0.0,0.0,0.0,0.0,-1131.3466796875,0.0,1131.34375,0.0,0.0,0.0,0.0,0.0,0.0,0.0,0.0,0.0,0.0,0.0,0.0,0.0,0.0,0.0,0.0,0.0,9231.884765625,0.0,121013.40625,33547.30859375,-1455.3466796875,0.0,1455.34375,0.0,-13.617621056815663,0.0,1.2172694206237793,0.0,TX
7725704,TX,4818,0.13565130531787872,2,0.0,84578.09375,84703.0625,2,0,6027.67919921875,0.0,110056.3984375,0.0,0.0,0.0,0.0,0.0,-10.0,0.0,10.0,0.0,-228.0,0.0,228.0,0.0,0.0,0.0,0.0,0.0,0.0,0.0,0.0,0.0,0.0,0.0,0.0,0.0,0.0,0.0,0.0,0.0,0.0,0.0,0.0,0.0,0.0,0.0,0.0,0.0,0.0,0.0,0.0,0.0,0.0,0.0,0.0,0.0,-240.0,0.0,240.0,0.0,0.0,0.0,0.0,0.0,0.0,0.0,0.0,0.0,0.0,0.0,0.0,0.0,0.0,0.0,0.0,0.0,0.0,0.0,0.0,0.0,0.0,0.0,0.0,0.0,0.0,0.0,0.0,0.0,0.0,0.0,0.0,0.0,0.0,0.0,0.0,0.0,0.0,0.0,0.0,0.0,5549.67919921875,0.0,110534.3984375,0.0,-478.0,0.0,478.0,0.0,-7.930083606007994,0.0,0.4343227446079254,0.0,TX
7725705,TX,4818,0.1603369414806366,2,0.0,161037.06640625,429172.0,2,0,77169.9453125,0.0,227512.90625,0.0,0.0,0.0,0.0,0.0,-292.0,0.0,292.0,0.0,-456.0,0.0,456.0,0.0,0.0,0.0,0.0,0.0,0.0,0.0,0.0,0.0,0.0,0.0,0.0,0.0,0.0,0.0,0.0,0.0,0.0,0.0,0.0,0.0,0.0,0.0,0.0,0.0,0.0,0.0,0.0,0.0,0.0,0.0,0.0,0.0,-480.0,0.0,480.0,0.0,0.0,0.0,0.0,0.0,0.0,0.0,0.0,0.0,0.0,0.0,0.0,0.0,0.0,0.0,0.0,0.0,0.0,0.0,0.0,0.0,0.0,0.0,0.0,0.0,0.0,0.0,0.0,0.0,0.0,0.0,0.0,0.0,0.0,0.0,0.0,0.0,0.0,0.0,0.0,0.0,75941.9453125,0.0,228740.90625,0.0,-1228.0,0.0,1228.0,0.0,-1.5912930805214505,0.0,0.5397495627403259,0.0,TX
7725706,TX,4818,0.11840930581092834,2,0.0,439238.96484375,447980.46875,2,0,82364.75,0.0,356707.0625,0.0,0.0,0.0,0.0,0.0,-292.0,0.0,292.0,0.0,0.0,0.0,0.0,0.0,0.0,0.0,0.0,0.0,0.0,0.0,0.0,0.0,0.0,0.0,0.0,0.0,0.0,0.0,0.0,0.0,-1024.453125,0.0,1024.4375,0.0,0.0,0.0,0.0,0.0,0.0,0.0,0.0,0.0,0.0,0.0,0.0,0.0,0.0,0.0,0.0,0.0,0.0,0.0,0.0,0.0,0.0,0.0,0.0,0.0,0.0,0.0,0.0,0.0,0.0,0.0,0.0,0.0,0.0,0.0,0.0,0.0,0.0,0.0,0.0,0.0,0.0,0.0,0.0,0.0,0.0,0.0,0.0,0.0,0.0,0.0,0.0,0.0,0.0,0.0,0.0,0.0,81048.296875,0.0,358023.5,0.0,-1316.453125,0.0,1316.4375,0.0,-1.5983210353943889,0.0,0.36905282735824585,0.0,TX
7725707,TX,4818,0.15734829008579254,2,0.0,76705.6875,160270.078125,2,0,17680.8125,0.0,191485.4375,35314.10546875,0.0,0.0,0.0,35314.10546875,-230.0,0.0,230.0,0.0,-417.99951171875,0.0,418.0,0.0,0.0,0.0,0.0,0.0,0.0,0.0,0.0,0.0,0.0,0.0,0.0,0.0,0.0,0.0,0.0,0.0,0.0,0.0,0.0,0.0,0.0,0.0,0.0,0.0,0.0,0.0,0.0,0.0,0.0,0.0,0.0,0.0,0.0,0.0,0.0,0.0,0.0,0.0,0.0,0.0,0.0,0.0,0.0,0.0,0.0,0.0,0.0,0.0,0.0,0.0,0.0,0.0,0.0,0.0,0.0,0.0,-1206.94921875,0.0,1206.953125,0.0,-133.16357421875,0.0,133.15625,0.0,0.0,0.0,0.0,0.0,0.0,0.0,0.0,0.0,0.0,0.0,0.0,0.0,15692.7001953125,0.0,193473.546875,35314.10546875,-1988.1123046875,0.0,1988.109375,0.0,-11.244462349722333,0.0,1.0382561683654785,0.0,TX
7725708,TX,4818,0.1161518394947052,4,1.0,58917.4287109375,155247.6474609375,4,0,14532.76953125,0.0,143377.953125,0.0,0.0,0.0,0.0,0.0,-229.998046875,0.0,230.0,0.0,-418.0,0.0,418.0,0.0,0.0,0.0,0.0,0.0,0.0,0.0,0.0,0.0,-200.0,0.0,200.0,0.0,0.0,0.0,0.0,0.0,0.0,0.0,0.0,0.0,0.0,0.0,0.0,0.0,0.0,0.0,0.0,0.0,0.0,0.0,0.0,0.0,-9.5078125,0.0,9.5,0.0,0.0,0.0,0.0,0.0,0.0,0.0,0.0,0.0,0.0,0.0,0.0,0.0,0.0,0.0,0.0,0.0,0.0,0.0,0.0,0.0,0.0,0.0,0.0,0.0,0.0,0.0,0.0,0.0,0.0,0.0,0.0,0.0,0.0,0.0,0.0,0.0,0.0,0.0,0.0,0.0,13675.263671875,0.0,144235.453125,0.0,-857.505859375,0.0,857.5,0.0,-5.900498576896126,0.0,0.5980696678161621,0.0,TX
7725709,TX,4818,0.13669930398464203,10,7.999999999999999,116283.5234375,262684.4375,10,0,15299.400390624998,0.0,248028.546875,0.0,0.0,0.0,0.0,0.0,-230.0,0.0,230.0,0.0,0.0,0.0,0.0,0.0,0.0,0.0,0.0,0.0,0.0,0.0,0.0,0.0,-1400.0,0.0,1400.0,0.0,0.0,0.0,0.0,0.0,0.0,0.0,0.0,0.0,0.0,0.0,0.0,0.0,0.0,0.0,0.0,0.0,0.0,0.0,0.0,0.0,0.0,0.0,0.0,0.0,0.0,0.0,0.0,0.0,0.0,0.0,0.0,0.0,0.0,0.0,0.0,0.0,0.0,0.0,0.0,0.0,-791.7695312499964,0.0,791.78125,0.0,0.0,0.0,0.0,0.0,0.0,0.0,0.0,0.0,0.0,0.0,0.0,0.0,0.0,0.0,0.0,0.0,0.0,0.0,0.0,0.0,12877.630859375002,0.0,250450.328125,0.0,-2421.7695312499964,0.0,2421.78125,0.0,-15.829179375774634,0.0,0.976412296295166,0.0,TX
7725710,TX,4818,0.12960484623908997,4,2.0,384429.2109375,649796.75,4,0,147458.890625,0.0,568322.6875,0.0,0.0,0.0,0.0,0.0,-749.0,0.0,749.0,0.0,0.0,0.0,0.0,0.0,0.0,0.0,0.0,0.0,0.0,0.0,0.0,0.0,0.0,0.0,0.0,0.0,0.0,0.0,0.0,0.0,-1750.0,0.0,1750.0,0.0,0.0,0.0,0.0,0.0,0.0,0.0,0.0,0.0,0.0,0.0,0.0,0.0,0.0,0.0,0.0,0.0,0.0,0.0,0.0,0.0,0.0,0.0,0.0,0.0,0.0,0.0,0.0,0.0,0.0,0.0,0.0,0.0,0.0,0.0,0.0,0.0,0.0,0.0,0.0,0.0,0.0,0.0,0.0,0.0,0.0,0.0,0.0,0.0,0.0,0.0,0.0,0.0,0.0,0.0,0.0,0.0,144959.890625,0.0,570821.6875,0.0,-2499.0,0.0,2499.0,0.0,-1.6947096166314999,0.0,0.4397149682044983,0.0,TX
7725711,TX,4818,0.13485248386859894,2,0.0,137430.59375,601052.4375,2,0,135205.5625,0.0,472853.6875,0.0,0.0,0.0,0.0,0.0,-764.0,0.0,764.0,0.0,-608.0,0.0,608.0,0.0,0.0,0.0,0.0,0.0,0.0,0.0,0.0,0.0,0.0,0.0,0.0,0.0,0.0,0.0,0.0,0.0,0.0,0.0,0.0,0.0,0.0,0.0,0.0,0.0,0.0,0.0,0.0,0.0,0.0,0.0,0.0,0.0,-640.0,0.0,640.0,0.0,0.0,0.0,0.0,0.0,0.0,0.0,0.0,0.0,0.0,0.0,0.0,0.0,0.0,0.0,0.0,0.0,0.0,0.0,0.0,0.0,0.0,0.0,0.0,0.0,0.0,0.0,0.0,0.0,0.0,0.0,0.0,0.0,0.0,0.0,0.0,0.0,0.0,0.0,0.0,0.0,133193.5625,0.0,474865.6875,0.0,-2012.0,0.0,2012.0,0.0,-1.4881044557615741,0.0,0.42550158500671387,0.0,TX
7725712,TX,4818,47.886009216308594,1,0.0,177.201171875,20406.001953125,1,0,320.6001892089844,0.0,24872.20703125,288.7731018066406,0.0,0.0,0.0,288.7731018066406,0.0,0.0,0.0,0.0,-95.0,0.0,95.0,0.0,0.0,0.0,0.0,0.0,0.0,0.0,0.0,0.0,0.0,0.0,0.0,0.0,0.0,0.0,0.0,0.0,0.0,0.0,0.0,0.0,0.0,0.0,0.0,0.0,0.0,0.0,0.0,0.0,0.0,0.0,0.0,0.0,0.0,0.0,0.0,0.0,0.0,0.0,0.0,0.0,0.0,0.0,0.0,0.0,0.0,0.0,0.0,0.0,0.0,0.0,0.0,0.0,0.0,0.0,0.0,0.0,-225.60018920898438,0.0,225.599609375,0.0,0.0,0.0,0.0,0.0,0.0,0.0,0.0,0.0,0.0,0.0,0.0,0.0,0.0,0.0,0.0,0.0,0.0,0.0,25192.806640625,288.7731018066406,-320.6001892089844,0.0,320.599609375,0.0,-100.0,0.0,1.288987398147583,0.0,TX
7725713,TX,4818,476.0269775390625,3,1.0,0.0,0.17323553562164307,3,0,0.0,0.0,19708.666015625,3933.85205078125,15774.64111328125,0.0,0.0,19708.4931640625,0.0,0.0,0.0,0.0,0.0,0.0,0.0,0.0,0.0,0.0,0.0,0.0,0.0,0.0,0.0,0.0,0.0,0.0,0.0,0.0,0.0,0.0,0.0,0.0,0.0,0.0,0.0,0.0,0.0,0.0,0.0,0.0,0.0,0.0,0.0,0.0,0.0,0.0,0.0,0.0,0.0,0.0,0.0,0.0,0.0,0.0,0.0,0.0,0.0,0.0,0.0,0.0,0.0,0.0,0.0,0.0,0.0,0.0,0.0,0.0,0.0,0.0,0.0,0.0,0.0,0.0,0.0,0.0,0.0,0.0,0.0,0.0,0.0,0.0,0.0,0.0,0.0,0.0,0.0,0.0,0.0,0.0,0.0,0.0,0.0,0.0,19708.666015625,19708.4931640625,0.0,0.0,0.0,0.0,0.0,0.0,0.0,0.0,TX
7725714,TX,4818,201.0062255859375,1,0.0,0.0,0.0,1,0,0.0,0.0,48000.9609375,24144.322265625,0.0,0.0,0.0,24144.322265625,0.0,0.0,0.0,0.0,0.0,0.0,0.0,0.0,0.0,0.0,0.0,0.0,0.0,0.0,0.0,0.0,0.0,0.0,0.0,0.0,0.0,0.0,0.0,0.0,0.0,0.0,0.0,0.0,0.0,0.0,0.0,0.0,0.0,0.0,0.0,0.0,0.0,0.0,0.0,0.0,0.0,0.0,0.0,0.0,0.0,0.0,0.0,0.0,0.0,0.0,0.0,0.0,0.0,0.0,0.0,0.0,0.0,0.0,0.0,0.0,0.0,0.0,0.0,0.0,0.0,0.0,0.0,0.0,0.0,0.0,0.0,0.0,0.0,0.0,0.0,0.0,0.0,0.0,0.0,0.0,0.0,0.0,0.0,0.0,0.0,0.0,48000.9609375,24144.322265625,0.0,0.0,0.0,0.0,0.0,0.0,0.0,0.0,TX
7725715,TX,4818,0.06598623842000961,2,0.0,313196.03125,1171348.125,2,0,282638.5,0.0,870027.125,0.0,0.0,0.0,0.0,0.0,-749.0,0.0,749.0,0.0,0.0,0.0,0.0,0.0,0.0,0.0,0.0,0.0,0.0,0.0,0.0,0.0,0.0,0.0,0.0,0.0,0.0,0.0,0.0,0.0,0.0,0.0,0.0,0.0,0.0,0.0,0.0,0.0,0.0,0.0,0.0,0.0,0.0,0.0,0.0,0.0,0.0,0.0,0.0,0.0,0.0,0.0,0.0,0.0,0.0,0.0,0.0,0.0,0.0,0.0,0.0,0.0,0.0,0.0,0.0,0.0,0.0,0.0,0.0,0.0,0.0,0.0,0.0,0.0,0.0,0.0,0.0,0.0,0.0,0.0,0.0,0.0,0.0,0.0,0.0,0.0,0.0,0.0,0.0,0.0,281889.5,0.0,870776.125,0.0,-749.0,0.0,749.0,0.0,-0.2650028216255039,0.0,0.08608926832675934,0.0,TX
7725716,TX,4818,0.11914674937725067,1,0.0,813.1962890625,8929.205078125,1,0,-277.3945617675781,0.0,43278.46875,11098.0419921875,20223.16015625,0.0,0.0,31321.2021484375,0.0,0.0,0.0,0.0,0.0,0.0,0.0,0.0,0.0,0.0,0.0,0.0,0.0,0.0,0.0,0.0,0.0,0.0,0.0,0.0,0.0,0.0,0.0,0.0,0.0,0.0,0.0,0.0,0.0,0.0,0.0,0.0,0.0,0.0,0.0,0.0,0.0,0.0,0.0,0.0,0.0,0.0,0.0,0.0,0.0,0.0,0.0,0.0,0.0,0.0,0.0,0.0,0.0,0.0,0.0,0.0,0.0,0.0,0.0,0.0,0.0,0.0,0.0,0.0,0.0,0.0,0.0,0.0,0.0,0.0,0.0,0.0,0.0,0.0,0.0,0.0,0.0,0.0,0.0,0.0,0.0,0.0,0.0,0.0,-277.3945617675781,0.0,43278.46875,31321.2021484375,0.0,0.0,0.0,0.0,0.0,0.0,0.0,0.0,TX
7725717,TX,4818,314.70306396484375,1,0.0,1705.9580078125,1668.7723388671875,1,0,0.0,0.0,7399.1044921875,3596.039794921875,0.0,0.0,0.0,3596.039794921875,0.0,0.0,0.0,0.0,0.0,0.0,0.0,0.0,0.0,0.0,0.0,0.0,0.0,0.0,0.0,0.0,0.0,0.0,0.0,0.0,0.0,0.0,0.0,0.0,0.0,0.0,0.0,0.0,0.0,0.0,0.0,0.0,0.0,0.0,0.0,0.0,0.0,0.0,0.0,0.0,0.0,0.0,0.0,0.0,0.0,0.0,0.0,0.0,0.0,0.0,0.0,0.0,0.0,0.0,0.0,0.0,0.0,0.0,0.0,0.0,0.0,0.0,0.0,0.0,0.0,0.0,0.0,0.0,0.0,0.0,0.0,0.0,0.0,0.0,0.0,0.0,0.0,0.0,0.0,0.0,0.0,0.0,0.0,0.0,0.0,0.0,7399.1044921875,3596.039794921875,0.0,0.0,0.0,0.0,0.0,0.0,0.0,0.0,TX
7725718,TX,4818,0.44066911935806274,3,2.0,5619.13330078125,5619.13330078125,3,0,-5721.765625,0.0,35881.765625,11229.814453125,8275.0205078125,0.0,0.0,19504.8349609375,0.0,0.0,0.0,0.0,0.0,0.0,0.0,0.0,0.0,0.0,0.0,0.0,0.0,0.0,0.0,0.0,0.0,0.0,0.0,0.0,0.0,0.0,0.0,0.0,0.0,0.0,0.0,0.0,0.0,0.0,0.0,0.0,0.0,0.0,0.0,0.0,0.0,0.0,0.0,0.0,0.0,0.0,0.0,0.0,0.0,0.0,0.0,0.0,0.0,0.0,0.0,0.0,0.0,0.0,0.0,0.0,0.0,0.0,0.0,0.0,0.0,0.0,0.0,0.0,0.0,0.0,0.0,0.0,0.0,0.0,0.0,0.0,0.0,0.0,0.0,0.0,0.0,0.0,0.0,0.0,0.0,0.0,0.0,0.0,-5721.765625,0.0,35881.765625,19504.8349609375,0.0,0.0,0.0,0.0,0.0,0.0,0.0,0.0,TX
7725719,TX,4818,0.15118065476417542,3,1.0,171939.1875,172411.671875,0,3,20418.568359375,0.0,135151.5625,0.0,0.0,0.0,0.0,0.0,-230.0,0.0,230.0,0.0,-418.0,0.0,418.0,0.0,0.0,0.0,0.0,0.0,500.0,0.0,-500.0,0.0,0.0,0.0,0.0,0.0,0.0,0.0,0.0,0.0,0.0,0.0,0.0,0.0,0.0,0.0,0.0,0.0,0.0,0.0,0.0,0.0,0.0,0.0,0.0,0.0,0.0,0.0,0.0,0.0,0.0,0.0,0.0,0.0,0.0,0.0,0.0,0.0,0.0,0.0,0.0,0.0,0.0,0.0,0.0,0.0,0.0,0.0,0.0,0.0,0.0,0.0,0.0,0.0,-72.90625,0.0,72.90625,0.0,0.0,0.0,0.0,0.0,0.0,0.0,0.0,0.0,0.0,0.0,0.0,0.0,20197.662109375,0.0,135372.46875,0.0,-220.90625,0.0,220.90625,0.0,-1.0818890243035717,0.0,0.16345076262950897,0.0,TX
7725720,TX,4818,313.0863952636719,1,0.0,4100.69091796875,4100.69091796875,1,0,0.0,0.0,13858.119140625,3583.1396484375,0.0,0.0,0.0,3583.1396484375,0.0,0.0,0.0,0.0,0.0,0.0,0.0,0.0,0.0,0.0,0.0,0.0,0.0,0.0,0.0,0.0,0.0,0.0,0.0,0.0,0.0,0.0,0.0,0.0,0.0,0.0,0.0,0.0,0.0,0.0,0.0,0.0,0.0,0.0,0.0,0.0,0.0,0.0,0.0,0.0,0.0,0.0,0.0,0.0,0.0,0.0,0.0,0.0,0.0,0.0,0.0,0.0,0.0,0.0,0.0,0.0,0.0,0.0,0.0,0.0,0.0,0.0,0.0,0.0,0.0,0.0,0.0,0.0,0.0,0.0,0.0,0.0,0.0,0.0,0.0,0.0,0.0,0.0,0.0,0.0,0.0,0.0,0.0,0.0,0.0,0.0,13858.119140625,3583.1396484375,0.0,0.0,0.0,0.0,0.0,0.0,0.0,0.0,TX
7725721,TX,4818,0.021077848970890045,1,0.0,0.0,69410.78125,1,0,5198.3642578125,0.0,87887.2421875,20586.814453125,0.0,0.0,0.0,20586.814453125,-5.0,0.0,5.0,0.0,0.0,0.0,0.0,0.0,0.0,0.0,0.0,0.0,0.0,0.0,0.0,0.0,0.0,0.0,0.0,0.0,0.0,0.0,0.0,0.0,-408.7724609375,0.0,408.7734375,0.0,0.0,0.0,0.0,0.0,0.0,0.0,0.0,0.0,0.0,0.0,0.0,0.0,0.0,0.0,0.0,0.0,0.0,0.0,0.0,0.0,0.0,0.0,0.0,0.0,0.0,0.0,0.0,0.0,0.0,0.0,0.0,0.0,0.0,0.0,0.0,0.0,-720.0,0.0,720.0,0.0,0.0,0.0,0.0,0.0,0.0,0.0,0.0,0.0,0.0,0.0,0.0,0.0,0.0,0.0,0.0,0.0,4064.591796875,0.0,89021.015625,20586.814453125,-1133.7724609375,0.0,1133.7734375,0.0,-21.810177292473874,0.0,1.290031909942627,0.0,TX
7725722,TX,4818,0.12493037432432175,2,0.0,55127.3828125,275417.5625,2,0,41827.08984375,0.0,335463.3125,52186.3984375,0.0,0.0,0.0,52186.3984375,-292.0,0.0,292.0,0.0,-436.6640625,0.0,436.6875,0.0,0.0,0.0,0.0,0.0,0.0,0.0,0.0,0.0,0.0,0.0,0.0,0.0,0.0,0.0,0.0,0.0,0.0,0.0,0.0,0.0,0.0,0.0,0.0,0.0,0.0,0.0,0.0,0.0,0.0,0.0,0.0,0.0,-440.0,0.0,440.0,0.0,0.0,0.0,0.0,0.0,0.0,0.0,0.0,0.0,0.0,0.0,0.0,0.0,0.0,0.0,0.0,0.0,0.0,0.0,0.0,0.0,-984.48828125,0.0,984.46875,0.0,0.0,0.0,0.0,0.0,0.0,0.0,0.0,0.0,0.0,0.0,0.0,0.0,0.0,0.0,0.0,0.0,39673.9375,0.0,337616.46875,52186.3984375,-2153.15234375,0.0,2153.15625,0.0,-5.147745998570192,0.0,0.6418455243110657,0.0,TX
7725723,TX,4818,0.12925465404987335,2,0.0,197842.171875,199928.8671875,2,0,27148.16455078125,0.0,159425.515625,0.0,0.0,0.0,0.0,0.0,-246.0,0.0,246.0,0.0,-400.912109375,0.0,400.921875,0.0,0.0,0.0,0.0,0.0,0.0,0.0,0.0,0.0,0.0,0.0,0.0,0.0,0.0,0.0,0.0,0.0,-1101.01953125,0.0,1101.015625,0.0,0.0,0.0,0.0,0.0,0.0,0.0,0.0,0.0,0.0,0.0,0.0,0.0,-230.462890625,0.0,230.453125,0.0,0.0,0.0,0.0,0.0,0.0,0.0,0.0,0.0,0.0,0.0,0.0,0.0,0.0,0.0,0.0,0.0,0.0,0.0,0.0,0.0,0.0,0.0,0.0,0.0,0.0,0.0,0.0,0.0,0.0,0.0,0.0,0.0,0.0,0.0,0.0,0.0,0.0,0.0,0.0,0.0,25169.77001953125,0.0,161403.90625,0.0,-1978.39453125,0.0,1978.390625,0.0,-7.28739700818215,0.0,1.2409497499465942,0.0,TX
7725724,TX,4818,0.3720729947090149,3,1.0,134236.734375,157021.734375,3,0,10690.0078125,0.0,140791.265625,0.0,0.0,0.0,0.0,0.0,-230.0,0.0,230.0,0.0,0.0,0.0,0.0,0.0,0.0,0.0,0.0,0.0,0.0,0.0,0.0,0.0,-200.0,0.0,200.0,0.0,0.0,0.0,0.0,0.0,-65.115234375,0.0,65.109375,0.0,0.0,0.0,0.0,0.0,0.0,0.0,0.0,0.0,0.0,0.0,0.0,0.0,0.0,0.0,0.0,0.0,0.0,0.0,0.0,0.0,0.0,0.0,0.0,0.0,-2796.83203125,0.0,2796.828125,0.0,0.0,0.0,0.0,0.0,0.0,0.0,0.0,0.0,0.0,0.0,0.0,0.0,-103.763671875,0.0,103.765625,0.0,0.0,0.0,0.0,0.0,0.0,0.0,0.0,0.0,0.0,0.0,0.0,0.0,7294.296875,0.0,144186.96875,0.0,-3395.7109375,0.0,3395.703125,0.0,-31.76528022298861,0.0,2.4118707180023193,0.0,TX
7725725,TX,4818,0.22061216831207275,6,3.9999999999999996,137708.4765625,135803.265625,6,0,3598.9638671874995,0.0,168465.421875,0.0,0.0,0.0,0.0,0.0,-229.9999999999991,0.0,230.0,0.0,-418.00000000000045,0.0,418.0,0.0,0.0,0.0,0.0,0.0,0.0,0.0,0.0,0.0,-800.0,0.0,800.0,0.0,0.0,0.0,0.0,0.0,0.0,0.0,0.0,0.0,0.0,0.0,0.0,0.0,0.0,0.0,0.0,0.0,0.0,0.0,0.0,0.0,-440.0,0.0,440.0,0.0,0.0,0.0,0.0,0.0,0.0,0.0,0.0,0.0,0.0,0.0,0.0,0.0,0.0,0.0,0.0,0.0,0.0,0.0,0.0,0.0,0.0,0.0,0.0,0.0,-193.76171875,0.0,193.75,0.0,0.0,0.0,0.0,0.0,0.0,0.0,0.0,0.0,0.0,0.0,0.0,0.0,1517.2021484375,0.0,170547.171875,0.0,-2081.7617187499995,0.0,2081.75,0.0,-57.843362578042345,0.0,1.2357134819030762,0.0,TX
7725726,TX,4818,362.80352783203125,1,0.0,0.0,0.0,1,0,0.0,0.0,8406.927734375,3926.039794921875,0.0,0.0,0.0,3926.039794921875,0.0,0.0,0.0,0.0,0.0,0.0,0.0,0.0,0.0,0.0,0.0,0.0,0.0,0.0,0.0,0.0,0.0,0.0,0.0,0.0,0.0,0.0,0.0,0.0,0.0,0.0,0.0,0.0,0.0,0.0,0.0,0.0,0.0,0.0,0.0,0.0,0.0,0.0,0.0,0.0,0.0,0.0,0.0,0.0,0.0,0.0,0.0,0.0,0.0,0.0,0.0,0.0,0.0,0.0,0.0,0.0,0.0,0.0,0.0,0.0,0.0,0.0,0.0,0.0,0.0,0.0,0.0,0.0,0.0,0.0,0.0,0.0,0.0,0.0,0.0,0.0,0.0,0.0,0.0,0.0,0.0,0.0,0.0,0.0,0.0,0.0,8406.927734375,3926.039794921875,0.0,0.0,0.0,0.0,0.0,0.0,0.0,0.0,TX
7725727,TX,4818,0.1404561847448349,4,2.0,69256.75,62483.625,3,1,876.034912109375,0.0,64555.82421875,0.0,0.0,0.0,0.0,0.0,-10.0,0.0,10.0,0.0,-228.0,0.0,228.0,0.0,0.0,0.0,0.0,0.0,0.0,0.0,0.0,0.0,-200.0,0.0,200.0,0.0,0.0,0.0,0.0,0.0,0.0,0.0,0.0,0.0,0.0,0.0,0.0,0.0,0.0,0.0,0.0,0.0,0.0,0.0,0.0,0.0,0.0,0.0,0.0,0.0,0.0,0.0,0.0,0.0,0.0,0.0,0.0,0.0,0.0,0.0,0.0,0.0,0.0,0.0,0.0,0.0,0.0,0.0,0.0,0.0,0.0,0.0,0.0,0.0,-695.720458984375,0.0,695.72265625,0.0,0.0,0.0,0.0,0.0,0.0,0.0,0.0,0.0,0.0,0.0,0.0,0.0,-257.685546875,0.0,65689.546875,0.0,-1133.720458984375,0.0,1133.72265625,0.0,-129.41498601403083,0.0,1.7561895847320557,0.0,TX
7725728,TX,4818,0.1039525717496872,4,2.0,168343.5234375,206160.765625,2,2,19685.640625,0.0,171492.984375,0.0,0.0,0.0,0.0,0.0,-262.0,0.0,262.0,0.0,-533.5,0.0,533.5,0.0,0.0,0.0,0.0,0.0,4000.0,0.0,-4000.0,0.0,0.0,0.0,0.0,0.0,0.0,0.0,0.0,0.0,0.0,0.0,0.0,0.0,0.0,0.0,0.0,0.0,0.0,0.0,0.0,0.0,0.0,0.0,0.0,0.0,0.0,0.0,0.0,0.0,0.0,0.0,0.0,0.0,0.0,0.0,0.0,0.0,0.0,0.0,0.0,0.0,0.0,0.0,0.0,0.0,0.0,0.0,0.0,0.0,0.0,0.0,0.0,0.0,0.0,0.0,0.0,0.0,0.0,0.0,0.0,0.0,0.0,0.0,0.0,0.0,0.0,0.0,0.0,0.0,22890.140625,0.0,168288.484375,0.0,3204.5,0.0,-3204.5,0.0,16.278362797756294,0.0,-1.8685896396636963,0.0,TX
7725729,TX,4818,0.44110336899757385,4,2.0,14615.314453125,14681.2080078125,4,0,-10916.0,0.0,56665.87890625,8944.0693359375,8275.0205078125,0.0,0.0,17219.08984375,0.0,0.0,0.0,0.0,0.0,0.0,0.0,0.0,0.0,0.0,0.0,0.0,0.0,0.0,0.0,0.0,200.0,0.0,-200.0,0.0,0.0,0.0,0.0,0.0,0.0,0.0,0.0,0.0,0.0,0.0,0.0,0.0,0.0,0.0,0.0,0.0,0.0,0.0,0.0,0.0,0.0,0.0,0.0,0.0,0.0,0.0,0.0,0.0,0.0,0.0,0.0,0.0,0.0,0.0,0.0,0.0,0.0,0.0,0.0,0.0,0.0,0.0,0.0,0.0,0.0,0.0,0.0,0.0,0.0,0.0,0.0,0.0,0.0,0.0,0.0,0.0,0.0,0.0,0.0,0.0,0.0,0.0,0.0,0.0,-10716.0,0.0,56465.87890625,17219.08984375,200.0,0.0,-200.0,0.0,1.8321729571271528,0.0,-0.35294607281684875,0.0,TX
7725730,TX,4818,0.11764954030513763,1,0.0,82702.3984375,286656.6875,1,0,44863.32421875,0.0,240514.59375,2452.368408203125,0.0,0.0,0.0,2452.368408203125,-115.0,0.0,115.0,0.0,-209.0,0.0,209.0,0.0,0.0,0.0,0.0,0.0,0.0,0.0,0.0,0.0,0.0,0.0,0.0,0.0,0.0,0.0,0.0,0.0,0.0,0.0,0.0,0.0,0.0,0.0,0.0,0.0,0.0,0.0,0.0,0.0,0.0,0.0,0.0,0.0,-220.0,0.0,220.0,0.0,0.0,0.0,0.0,0.0,0.0,0.0,0.0,0.0,0.0,0.0,0.0,0.0,0.0,0.0,0.0,0.0,0.0,0.0,0.0,0.0,0.0,0.0,0.0,0.0,0.0,0.0,0.0,0.0,0.0,0.0,0.0,0.0,0.0,0.0,0.0,0.0,0.0,0.0,0.0,0.0,44319.32421875,0.0,241058.59375,2452.368408203125,-544.0,0.0,544.0,0.0,-1.2125717598354935,0.0,0.22618170082569122,0.0,TX
7725731,TX,4818,0.11024313420057297,5,3.0,217825.9296875,258894.125,3,2,33812.40234375,0.0,208198.625,0.0,0.0,0.0,0.0,0.0,-292.0,0.0,292.0,0.0,-456.0,0.0,456.0,0.0,0.0,0.0,0.0,0.0,0.0,0.0,0.0,0.0,-400.0,0.0,400.0,0.0,0.0,0.0,0.0,0.0,0.0,0.0,0.0,0.0,0.0,0.0,0.0,0.0,0.0,0.0,0.0,0.0,0.0,0.0,0.0,0.0,-480.0,0.0,480.0,0.0,0.0,0.0,0.0,0.0,0.0,0.0,0.0,0.0,0.0,0.0,0.0,0.0,0.0,0.0,0.0,0.0,0.0,0.0,0.0,0.0,0.0,0.0,0.0,0.0,0.0,0.0,0.0,0.0,0.0,0.0,0.0,0.0,0.0,0.0,0.0,0.0,0.0,0.0,0.0,0.0,32184.40234375,0.0,209826.625,0.0,-1628.0,0.0,1628.0,0.0,-4.814801336648962,0.0,0.7819455862045288,0.0,TX
7725732,TX,4818,0.11487362533807755,4,2.0,474814.546875,637047.625,4,0,131720.90625,0.0,499861.125,0.0,0.0,0.0,0.0,0.0,-764.0,0.0,764.0,0.0,0.0,0.0,0.0,0.0,0.0,0.0,0.0,0.0,0.0,0.0,0.0,0.0,0.0,0.0,0.0,0.0,0.0,0.0,0.0,0.0,0.0,0.0,0.0,0.0,0.0,0.0,0.0,0.0,0.0,0.0,0.0,0.0,0.0,0.0,0.0,0.0,0.0,0.0,0.0,0.0,0.0,0.0,0.0,0.0,0.0,0.0,0.0,0.0,0.0,0.0,0.0,0.0,0.0,0.0,0.0,0.0,0.0,0.0,0.0,0.0,0.0,0.0,0.0,0.0,0.0,0.0,0.0,0.0,0.0,0.0,0.0,0.0,0.0,0.0,0.0,0.0,0.0,0.0,0.0,0.0,130956.90625,0.0,500625.125,0.0,-764.0,0.0,764.0,0.0,-0.5800142298975414,0.0,0.1528424620628357,0.0,TX
7725733,TX,4818,0.13064703345298767,5,3.0,1073068.455078125,1278719.125,5,0,381522.28125,0.0,872434.125,0.0,0.0,0.0,0.0,0.0,-734.0,0.0,734.0,0.0,-703.0,0.0,703.0,0.0,0.0,0.0,0.0,0.0,0.0,0.0,0.0,0.0,0.0,0.0,0.0,0.0,0.0,0.0,0.0,0.0,-1850.0,0.0,1850.0,0.0,0.0,0.0,0.0,0.0,0.0,0.0,0.0,0.0,0.0,0.0,0.0,0.0,-740.0,0.0,740.0,0.0,0.0,0.0,0.0,0.0,0.0,0.0,0.0,0.0,0.0,0.0,0.0,0.0,0.0,0.0,0.0,0.0,0.0,0.0,0.0,0.0,0.0,0.0,0.0,0.0,0.0,0.0,0.0,0.0,0.0,0.0,0.0,0.0,0.0,0.0,0.0,0.0,0.0,0.0,0.0,0.0,377495.28125,0.0,876461.125,0.0,-4027.0,0.0,4027.0,0.0,-1.0555084716955832,0.0,0.46158215403556824,0.0,TX
7725734,TX,4818,76.75465393066406,1,0.0,2079.556640625,40108.1015625,1,0,2505.97216796875,0.0,66023.7734375,17630.89453125,0.0,0.0,0.0,17630.89453125,-5.0,0.0,5.0,0.0,-114.0,0.0,114.0,0.0,0.0,0.0,0.0,0.0,0.0,0.0,0.0,0.0,0.0,0.0,0.0,0.0,0.0,0.0,0.0,0.0,0.0,0.0,0.0,0.0,0.0,0.0,0.0,0.0,0.0,0.0,0.0,0.0,0.0,0.0,0.0,0.0,0.0,0.0,0.0,0.0,0.0,0.0,0.0,0.0,0.0,0.0,0.0,0.0,0.0,0.0,0.0,0.0,0.0,0.0,0.0,0.0,0.0,0.0,0.0,0.0,-720.0,0.0,720.0,0.0,0.0,0.0,0.0,0.0,0.0,0.0,0.0,0.0,0.0,0.0,0.0,0.0,0.0,0.0,0.0,0.0,1666.97216796875,0.0,66862.7734375,17630.89453125,-839.0,0.0,839.0,0.0,-33.480020677167495,0.0,1.270754337310791,0.0,TX
7725735,TX,4818,0.11024600267410278,1,0.0,50645.8359375,50645.8359375,1,0,4016.500244140625,0.0,52911.296875,0.0,0.0,0.0,0.0,0.0,-5.0,0.0,5.0,0.0,-114.0,0.0,114.0,0.0,0.0,0.0,0.0,0.0,0.0,0.0,0.0,0.0,0.0,0.0,0.0,0.0,0.0,0.0,0.0,0.0,0.0,0.0,0.0,0.0,0.0,0.0,0.0,0.0,0.0,0.0,0.0,0.0,0.0,0.0,0.0,0.0,0.0,0.0,0.0,0.0,0.0,0.0,0.0,0.0,0.0,0.0,0.0,0.0,0.0,0.0,0.0,0.0,0.0,0.0,0.0,0.0,0.0,0.0,0.0,0.0,0.0,0.0,0.0,0.0,0.0,0.0,0.0,0.0,0.0,0.0,0.0,0.0,0.0,0.0,0.0,0.0,0.0,0.0,0.0,0.0,3897.500244140625,0.0,53030.296875,0.0,-119.0,0.0,119.0,0.0,-2.962778358437804,0.0,0.22490471601486206,0.0,TX
7725736,TX,4818,218.61248779296875,1,0.0,0.0,8560.9619140625,1,0,0.0,0.0,46714.734375,39567.89453125,0.0,0.0,0.0,39567.89453125,0.0,0.0,0.0,0.0,0.0,0.0,0.0,0.0,0.0,0.0,0.0,0.0,0.0,0.0,0.0,0.0,0.0,0.0,0.0,0.0,0.0,0.0,0.0,0.0,0.0,0.0,0.0,0.0,0.0,0.0,0.0,0.0,0.0,0.0,0.0,0.0,0.0,0.0,0.0,0.0,0.0,0.0,0.0,0.0,0.0,0.0,0.0,0.0,0.0,0.0,0.0,0.0,0.0,0.0,0.0,0.0,0.0,0.0,0.0,0.0,0.0,0.0,0.0,0.0,0.0,0.0,0.0,0.0,0.0,0.0,0.0,0.0,0.0,0.0,0.0,0.0,0.0,0.0,0.0,0.0,0.0,0.0,0.0,0.0,0.0,0.0,46714.734375,39567.89453125,0.0,0.0,0.0,0.0,0.0,0.0,0.0,0.0,TX
7725737,TX,4818,0.13515353202819824,4,2.0,411022.40625,676557.8125,4,0,162042.90625,0.0,581654.875,0.0,0.0,0.0,0.0,0.0,-749.0,0.0,749.0,0.0,0.0,0.0,0.0,0.0,0.0,0.0,0.0,0.0,0.0,0.0,0.0,0.0,0.0,0.0,0.0,0.0,0.0,0.0,0.0,0.0,-2000.0,0.0,2000.0,0.0,0.0,0.0,0.0,0.0,0.0,0.0,0.0,0.0,0.0,0.0,0.0,0.0,0.0,0.0,0.0,0.0,0.0,0.0,0.0,0.0,0.0,0.0,0.0,0.0,0.0,0.0,0.0,0.0,0.0,0.0,0.0,0.0,0.0,0.0,0.0,0.0,0.0,0.0,0.0,0.0,0.0,0.0,0.0,0.0,0.0,0.0,0.0,0.0,0.0,0.0,0.0,0.0,0.0,0.0,0.0,0.0,159293.90625,0.0,584403.875,0.0,-2749.0,0.0,2749.0,0.0,-1.6964642659264821,0.0,0.4726170003414154,0.0,TX
7725738,TX,4818,0.10334775596857071,1,0.0,2874.03271484375,2874.03271484375,1,0,-664.0,0.0,13742.0517578125,3026.340087890625,0.0,0.0,0.0,3026.340087890625,0.0,0.0,0.0,0.0,0.0,0.0,0.0,0.0,0.0,0.0,0.0,0.0,0.0,0.0,0.0,0.0,0.0,0.0,0.0,0.0,0.0,0.0,0.0,0.0,0.0,0.0,0.0,0.0,0.0,0.0,0.0,0.0,0.0,0.0,0.0,0.0,0.0,0.0,0.0,0.0,0.0,0.0,0.0,0.0,0.0,0.0,0.0,0.0,0.0,0.0,0.0,0.0,0.0,0.0,0.0,0.0,0.0,0.0,0.0,0.0,0.0,0.0,0.0,0.0,0.0,0.0,0.0,0.0,0.0,0.0,0.0,0.0,0.0,0.0,0.0,0.0,0.0,0.0,0.0,0.0,0.0,0.0,0.0,0.0,-664.0,0.0,13742.0517578125,3026.340087890625,0.0,0.0,0.0,0.0,0.0,0.0,0.0,0.0,TX
7725739,TX,4818,230.84078979492188,2,0.0,27377.51953125,41400.5,2,0,780.0499877929688,0.0,112392.2890625,40282.05859375,0.0,0.0,0.0,40282.05859375,0.0,0.0,0.0,0.0,-190.0,0.0,190.0,0.0,0.0,0.0,0.0,0.0,0.0,0.0,0.0,0.0,0.0,0.0,0.0,0.0,0.0,0.0,0.0,0.0,0.0,0.0,0.0,0.0,0.0,0.0,0.0,0.0,0.0,0.0,0.0,0.0,0.0,0.0,0.0,0.0,-23.04449462890625,0.0,23.046875,0.0,0.0,0.0,0.0,0.0,0.0,0.0,0.0,0.0,0.0,0.0,0.0,0.0,0.0,0.0,0.0,0.0,0.0,0.0,0.0,0.0,-567.0054931640625,0.0,567.0,0.0,0.0,0.0,0.0,0.0,0.0,0.0,0.0,0.0,0.0,0.0,0.0,0.0,0.0,0.0,0.0,0.0,0.0,0.0,113172.3359375,40282.05859375,-780.0499877929688,0.0,780.046875,0.0,-100.0,0.0,0.694039523601532,0.0,TX
7725740,TX,4818,0.23908944427967072,4,3.0,56518.66796875,85727.46875,4,0,1216.29638671875,0.0,87504.2421875,0.0,0.0,0.0,0.0,0.0,-7.0,0.0,7.0,0.0,-177.0,0.0,177.0,0.0,0.0,0.0,0.0,0.0,0.0,0.0,0.0,0.0,-600.0,0.0,600.0,0.0,0.0,0.0,0.0,0.0,0.0,0.0,0.0,0.0,0.0,0.0,0.0,0.0,0.0,0.0,0.0,0.0,0.0,0.0,0.0,0.0,0.0,0.0,0.0,0.0,0.0,0.0,0.0,0.0,0.0,0.0,0.0,0.0,0.0,0.0,0.0,0.0,0.0,0.0,0.0,0.0,0.0,0.0,0.0,0.0,0.0,0.0,0.0,0.0,-217.90380859375,0.0,217.90625,0.0,0.0,0.0,0.0,0.0,0.0,0.0,0.0,0.0,0.0,0.0,0.0,0.0,214.392578125,0.0,88506.1484375,0.0,-1001.90380859375,0.0,1001.90625,0.0,-82.37332771304409,0.0,1.1449801921844482,0.0,TX
7725741,TX,4818,0.1580876111984253,4,2.0,133681.7861328125,459000.90625,4,0,77030.078125,0.0,365704.0,0.0,0.0,0.0,0.0,0.0,-292.0,0.0,292.0,0.0,-936.9375,0.0,936.9375,0.0,0.0,0.0,0.0,0.0,0.0,0.0,0.0,0.0,-400.0,0.0,400.0,0.0,0.0,0.0,0.0,0.0,0.0,0.0,0.0,0.0,0.0,0.0,0.0,0.0,0.0,0.0,0.0,0.0,0.0,0.0,0.0,0.0,-998.28125,0.0,998.28125,0.0,0.0,0.0,0.0,0.0,0.0,0.0,0.0,0.0,0.0,0.0,0.0,0.0,0.0,0.0,0.0,0.0,0.0,0.0,0.0,0.0,0.0,0.0,0.0,0.0,0.0,0.0,0.0,0.0,0.0,0.0,0.0,0.0,0.0,0.0,0.0,0.0,0.0,0.0,0.0,0.0,74402.859375,0.0,368331.21875,0.0,-2627.21875,0.0,2627.21875,0.0,-3.4106401213000197,0.0,0.7184003591537476,0.0,TX
7725742,TX,4818,0.2669895887374878,7,5.0,100425.158203125,96575.6640625,7,0,-2582.0751953124995,0.0,117694.28125,2251.68115234375,4137.51025390625,0.0,6766.330078125,13155.521484375,-10.000000000000455,0.0,10.0,0.0,-227.99999999999955,0.0,228.0,0.0,0.0,0.0,0.0,0.0,0.0,0.0,0.0,0.0,-1000.0000000000005,0.0,1000.0,0.0,0.0,0.0,0.0,0.0,0.0,0.0,0.0,0.0,0.0,0.0,0.0,0.0,0.0,0.0,0.0,0.0,0.0,0.0,0.0,0.0,0.0,0.0,0.0,0.0,0.0,0.0,0.0,0.0,0.0,0.0,0.0,0.0,0.0,0.0,0.0,0.0,0.0,0.0,0.0,0.0,0.0,0.0,0.0,0.0,0.0,0.0,0.0,0.0,-259.4091796874991,0.0,259.40625,0.0,0.0,0.0,0.0,0.0,0.0,0.0,0.0,0.0,0.0,0.0,0.0,0.0,-4079.484374999999,0.0,119191.6875,13155.521484375,-1497.4091796874995,0.0,1497.40625,0.0,-57.992469870974205,0.0,1.2722846269607544,0.0,TX
7725743,TX,4818,0.1414480209350586,2,0.0,269950.140625,298309.8125,2,0,48436.12890625,0.0,227039.90625,0.0,0.0,0.0,0.0,0.0,-292.0,0.0,292.0,0.0,-456.0,0.0,456.0,0.0,0.0,0.0,0.0,0.0,0.0,0.0,0.0,0.0,0.0,0.0,0.0,0.0,0.0,0.0,0.0,0.0,-68.33984375,0.0,68.34375,0.0,0.0,0.0,0.0,0.0,0.0,0.0,0.0,0.0,0.0,0.0,0.0,0.0,-480.0,0.0,480.0,0.0,0.0,0.0,0.0,0.0,0.0,0.0,0.0,0.0,0.0,0.0,0.0,0.0,0.0,0.0,0.0,0.0,0.0,0.0,0.0,0.0,0.0,0.0,0.0,0.0,0.0,0.0,0.0,0.0,0.0,0.0,0.0,0.0,0.0,0.0,0.0,0.0,0.0,0.0,0.0,0.0,47139.7890625,0.0,228336.25,0.0,-1296.33984375,0.0,1296.34375,0.0,-2.6763902752408555,0.0,0.570976197719574,0.0,TX
7725744,TX,4818,0.18290503323078156,6,3.9999999999999996,236728.515625,288803.625,6,0,36749.8828125,0.0,234767.0,0.0,0.0,0.0,0.0,0.0,-288.84375,0.0,288.84375,0.0,-418.0,0.0,418.0,0.0,0.0,0.0,0.0,0.0,0.0,0.0,0.0,0.0,-800.0,0.0,800.0,0.0,0.0,0.0,0.0,0.0,0.0,0.0,0.0,0.0,0.0,0.0,0.0,0.0,0.0,0.0,0.0,0.0,0.0,0.0,0.0,0.0,-440.0,0.0,440.0,0.0,0.0,0.0,0.0,0.0,0.0,0.0,0.0,0.0,0.0,0.0,0.0,0.0,0.0,0.0,0.0,0.0,0.0,0.0,0.0,0.0,0.0,0.0,0.0,0.0,0.0,0.0,0.0,0.0,0.0,0.0,0.0,0.0,0.0,0.0,0.0,0.0,0.0,0.0,0.0,0.0,34803.0390625,0.0,236713.84375,0.0,-1946.84375,0.0,1946.84375,0.0,-5.297550906306036,0.0,0.829266369342804,0.0,TX
7725745,TX,4818,1.1269820928573608,2,0.0,109448.7265625,553840.9375,2,0,134503.515625,0.0,485804.46875,36347.3671875,0.0,0.0,0.0,36347.3671875,0.0,0.0,0.0,0.0,0.0,0.0,0.0,0.0,0.0,0.0,0.0,0.0,0.0,0.0,0.0,0.0,0.0,0.0,0.0,0.0,0.0,0.0,0.0,0.0,-1399.984375,0.0,1399.96875,0.0,0.0,0.0,0.0,0.0,0.0,0.0,0.0,0.0,0.0,0.0,0.0,0.0,0.0,0.0,0.0,0.0,0.0,0.0,0.0,0.0,0.0,0.0,0.0,0.0,0.0,0.0,0.0,0.0,0.0,0.0,0.0,0.0,0.0,0.0,0.0,0.0,0.0,0.0,0.0,0.0,0.0,0.0,0.0,0.0,0.0,0.0,0.0,0.0,0.0,0.0,0.0,0.0,0.0,0.0,0.0,0.0,133103.53125,0.0,487204.4375,36347.3671875,-1399.984375,0.0,1399.96875,0.0,-1.0408533698875204,0.0,0.2881753444671631,0.0,TX
7725746,TX,4818,0.1335374265909195,5,3.0,276229.3203125,488422.84375,5,0,87313.125,0.0,406302.5625,0.0,0.0,0.0,0.0,0.0,-764.0,0.0,764.0,0.0,0.0,0.0,0.0,0.0,0.0,0.0,0.0,0.0,0.0,0.0,0.0,0.0,-400.0,0.0,400.0,0.0,0.0,0.0,0.0,0.0,0.0,0.0,0.0,0.0,0.0,0.0,0.0,0.0,0.0,0.0,0.0,0.0,0.0,0.0,0.0,0.0,0.0,0.0,0.0,0.0,0.0,0.0,0.0,0.0,0.0,0.0,0.0,0.0,0.0,0.0,0.0,0.0,0.0,0.0,0.0,0.0,0.0,0.0,0.0,0.0,0.0,0.0,0.0,0.0,0.0,0.0,0.0,0.0,0.0,0.0,0.0,0.0,0.0,0.0,0.0,0.0,0.0,0.0,0.0,0.0,86149.125,0.0,407466.5625,0.0,-1164.0,0.0,1164.0,0.0,-1.3331329052762686,0.0,0.2864859998226166,0.0,TX
7725747,TX,4818,0.10697011649608612,2,0.0,93430.0703125,678743.6875,2,0,78823.328125,0.0,599123.5625,0.0,0.0,0.0,0.0,0.0,-292.0,0.0,292.0,0.0,0.0,0.0,0.0,0.0,0.0,0.0,0.0,0.0,0.0,0.0,0.0,0.0,0.0,0.0,0.0,0.0,0.0,0.0,0.0,0.0,0.0,0.0,0.0,0.0,0.0,0.0,0.0,0.0,0.0,0.0,0.0,0.0,0.0,0.0,0.0,0.0,0.0,0.0,0.0,0.0,0.0,0.0,0.0,0.0,0.0,0.0,0.0,0.0,0.0,0.0,0.0,0.0,0.0,0.0,0.0,0.0,0.0,0.0,0.0,0.0,0.0,0.0,0.0,0.0,0.0,0.0,0.0,0.0,0.0,0.0,0.0,0.0,0.0,0.0,0.0,0.0,0.0,0.0,0.0,0.0,78531.328125,0.0,599415.5625,0.0,-292.0,0.0,292.0,0.0,-0.3704487071859477,0.0,0.04873786121606827,0.0,TX
7725748,TX,4818,0.19491074979305267,2,0.0,261249.75,294739.1875,2,0,47235.79296875,0.0,249144.0,0.0,0.0,0.0,0.0,0.0,-292.0,0.0,292.0,0.0,0.0,0.0,0.0,0.0,0.0,0.0,0.0,0.0,0.0,0.0,0.0,0.0,0.0,0.0,0.0,0.0,0.0,0.0,0.0,0.0,-793.2890625,0.0,793.296875,0.0,0.0,0.0,0.0,0.0,0.0,0.0,0.0,0.0,0.0,0.0,0.0,0.0,0.0,0.0,0.0,0.0,0.0,0.0,0.0,0.0,0.0,0.0,0.0,0.0,0.0,0.0,0.0,0.0,-1889.27734375,0.0,1889.28125,0.0,0.0,0.0,0.0,0.0,0.0,0.0,0.0,0.0,0.0,0.0,0.0,0.0,0.0,0.0,0.0,0.0,0.0,0.0,0.0,0.0,0.0,0.0,0.0,0.0,44261.2265625,0.0,252118.578125,0.0,-2974.56640625,0.0,2974.578125,0.0,-6.297272088176645,0.0,1.1939191818237305,0.0,TX
7725749,TX,4818,93.28630065917969,1,0.0,4687.6982421875,6855.0693359375,1,0,0.0,0.0,38959.21484375,16375.2197265625,0.0,0.0,0.0,16375.2197265625,0.0,0.0,0.0,0.0,0.0,0.0,0.0,0.0,0.0,0.0,0.0,0.0,0.0,0.0,0.0,0.0,0.0,0.0,0.0,0.0,0.0,0.0,0.0,0.0,0.0,0.0,0.0,0.0,0.0,0.0,0.0,0.0,0.0,0.0,0.0,0.0,0.0,0.0,0.0,0.0,0.0,0.0,0.0,0.0,0.0,0.0,0.0,0.0,0.0,0.0,0.0,0.0,0.0,0.0,0.0,0.0,0.0,0.0,0.0,0.0,0.0,0.0,0.0,0.0,0.0,0.0,0.0,0.0,0.0,0.0,0.0,0.0,0.0,0.0,0.0,0.0,0.0,0.0,0.0,0.0,0.0,0.0,0.0,0.0,0.0,0.0,38959.21484375,16375.2197265625,0.0,0.0,0.0,0.0,0.0,0.0,0.0,0.0,TX
7725750,TX,4818,22.591798782348633,1,0.0,0.0,59113.625,1,0,4786.634765625,0.0,86663.6484375,26158.595703125,0.0,0.0,0.0,26158.595703125,-5.0,0.0,5.0,0.0,-114.0,0.0,114.0,0.0,0.0,0.0,0.0,0.0,0.0,0.0,0.0,0.0,0.0,0.0,0.0,0.0,0.0,0.0,0.0,0.0,0.0,0.0,0.0,0.0,0.0,0.0,0.0,0.0,0.0,0.0,0.0,0.0,0.0,0.0,0.0,0.0,0.0,0.0,0.0,0.0,0.0,0.0,0.0,0.0,0.0,0.0,0.0,0.0,0.0,0.0,0.0,0.0,0.0,0.0,0.0,0.0,0.0,0.0,0.0,0.0,-719.999755859375,0.0,720.0,0.0,0.0,0.0,0.0,0.0,0.0,0.0,0.0,0.0,0.0,0.0,0.0,0.0,0.0,0.0,0.0,0.0,3947.635009765625,0.0,87502.6484375,26158.595703125,-838.999755859375,0.0,839.0,0.0,-17.52796686901231,0.0,0.9681106805801392,0.0,TX
7725751,TX,4818,0.09791238605976105,3,0.0,286142.81640625,725242.20703125,3,0,148427.98974609375,0.0,587625.6875,15236.2919921875,0.0,0.0,0.0,15236.2919921875,-477.25,0.0,477.25,0.0,-209.0,0.0,209.0,0.0,0.0,0.0,0.0,0.0,0.0,0.0,0.0,0.0,0.0,0.0,0.0,0.0,0.0,0.0,0.0,0.0,-1488.921875,0.0,1488.9375,0.0,0.0,0.0,0.0,0.0,0.0,0.0,0.0,0.0,0.0,0.0,0.0,0.0,0.0,0.0,0.0,0.0,0.0,0.0,0.0,0.0,0.0,0.0,0.0,0.0,0.0,0.0,0.0,0.0,0.0,0.0,0.0,0.0,0.0,0.0,0.0,0.0,0.0,0.0,0.0,0.0,-79.263671875,0.0,79.25,0.0,0.0,0.0,0.0,0.0,0.0,0.0,0.0,0.0,0.0,0.0,0.0,0.0,146173.55419921875,0.0,589880.125,15236.2919921875,-2254.435546875,0.0,2254.4375,0.0,-1.5188749444976775,0.0,0.3836519420146942,0.0,TX
7725752,TX,4818,665.3358764648438,2,0.0,3956.96875,3956.96875,2,0,0.0,0.0,14475.6943359375,6588.7177734375,0.0,0.0,0.0,6588.7177734375,0.0,0.0,0.0,0.0,0.0,0.0,0.0,0.0,0.0,0.0,0.0,0.0,0.0,0.0,0.0,0.0,0.0,0.0,0.0,0.0,0.0,0.0,0.0,0.0,0.0,0.0,0.0,0.0,0.0,0.0,0.0,0.0,0.0,0.0,0.0,0.0,0.0,0.0,0.0,0.0,0.0,0.0,0.0,0.0,0.0,0.0,0.0,0.0,0.0,0.0,0.0,0.0,0.0,0.0,0.0,0.0,0.0,0.0,0.0,0.0,0.0,0.0,0.0,0.0,0.0,0.0,0.0,0.0,0.0,0.0,0.0,0.0,0.0,0.0,0.0,0.0,0.0,0.0,0.0,0.0,0.0,0.0,0.0,0.0,0.0,0.0,14475.6943359375,6588.7177734375,0.0,0.0,0.0,0.0,0.0,0.0,0.0,0.0,TX
7725753,TX,4818,0.10472971946001053,2,0.0,90169.2578125,90209.5914144516,2,0,11339.5693359375,0.0,115523.953125,21775.94140625,0.0,0.0,0.0,21775.94140625,-115.0,0.0,115.0,0.0,-209.0,0.0,209.0,0.0,0.0,0.0,0.0,0.0,0.0,0.0,0.0,0.0,0.0,0.0,0.0,0.0,0.0,0.0,0.0,0.0,0.0,0.0,0.0,0.0,0.0,0.0,0.0,0.0,0.0,0.0,0.0,0.0,0.0,0.0,0.0,0.0,0.0,0.0,0.0,0.0,0.0,0.0,0.0,0.0,0.0,0.0,0.0,0.0,0.0,0.0,0.0,0.0,0.0,0.0,0.0,0.0,0.0,0.0,0.0,0.0,0.0,0.0,0.0,0.0,-216.390625,0.0,216.390625,0.0,0.0,0.0,0.0,0.0,0.0,0.0,0.0,0.0,0.0,0.0,0.0,0.0,10799.1787109375,0.0,116064.34375,21775.94140625,-540.390625,0.0,540.390625,0.0,-4.765530409407944,0.0,0.4677736759185791,0.0,TX
7725754,TX,4818,0.10100890696048737,3,0.0,39605.65185546875,181834.71435546875,3,0,16558.16973876953,0.0,175141.75,10280.328125,0.0,0.0,0.0,10280.328125,-10.0,0.0,10.0,0.0,-114.0,0.0,114.0,0.0,0.0,0.0,0.0,0.0,0.0,0.0,0.0,0.0,0.0,0.0,0.0,0.0,0.0,0.0,0.0,0.0,0.0,0.0,0.0,0.0,0.0,0.0,0.0,0.0,0.0,0.0,0.0,0.0,0.0,0.0,0.0,0.0,0.0,0.0,0.0,0.0,0.0,0.0,0.0,0.0,0.0,0.0,0.0,0.0,0.0,0.0,0.0,0.0,0.0,0.0,0.0,0.0,0.0,0.0,0.0,0.0,-530.888671875,0.0,530.875,0.0,-129.6829833984375,0.0,129.6875,0.0,0.0,0.0,0.0,0.0,0.0,0.0,0.0,0.0,0.0,0.0,0.0,0.0,15773.598083496094,0.0,175926.3125,10280.328125,-784.5716552734375,0.0,784.5625,0.0,-4.73827522999979,0.0,0.4479585587978363,0.0,TX
7725755,TX,4818,0.13995195925235748,2,0.0,298712.8359375,906119.9375,2,0,184595.40625,0.0,728987.75,0.0,0.0,0.0,0.0,0.0,0.0,0.0,0.0,0.0,0.0,0.0,0.0,0.0,0.0,0.0,0.0,0.0,0.0,0.0,0.0,0.0,0.0,0.0,0.0,0.0,0.0,0.0,0.0,0.0,0.0,0.0,0.0,0.0,0.0,0.0,0.0,0.0,0.0,0.0,0.0,0.0,0.0,0.0,0.0,0.0,-420.515625,0.0,420.5,0.0,0.0,0.0,0.0,0.0,0.0,0.0,0.0,0.0,0.0,0.0,0.0,0.0,0.0,0.0,0.0,0.0,0.0,0.0,0.0,0.0,0.0,0.0,0.0,0.0,0.0,0.0,0.0,0.0,0.0,0.0,0.0,0.0,0.0,0.0,0.0,0.0,0.0,0.0,0.0,0.0,184174.890625,0.0,729408.25,0.0,-420.515625,0.0,420.5,0.0,-0.2278039489403599,0.0,0.05768272653222084,0.0,TX
7725756,TX,4818,28.127782821655273,1,0.0,3042.408203125,3042.408203125,1,0,0.0,0.0,4013.75927734375,0.0,0.0,0.0,0.0,0.0,0.0,0.0,0.0,0.0,0.0,0.0,0.0,0.0,0.0,0.0,0.0,0.0,0.0,0.0,0.0,0.0,0.0,0.0,0.0,0.0,0.0,0.0,0.0,0.0,0.0,0.0,0.0,0.0,0.0,0.0,0.0,0.0,0.0,0.0,0.0,0.0,0.0,0.0,0.0,0.0,0.0,0.0,0.0,0.0,0.0,0.0,0.0,0.0,0.0,0.0,0.0,0.0,0.0,0.0,0.0,0.0,0.0,0.0,0.0,0.0,0.0,0.0,0.0,0.0,0.0,0.0,0.0,0.0,0.0,0.0,0.0,0.0,0.0,0.0,0.0,0.0,0.0,0.0,0.0,0.0,0.0,0.0,0.0,0.0,0.0,0.0,4013.75927734375,0.0,0.0,0.0,0.0,0.0,0.0,0.0,0.0,0.0,TX
7725757,TX,4818,0.10644488781690598,2,0.0,87969.31640625,217005.5,2,0,29128.88671875,0.0,215891.125,18311.017578125,0.0,0.0,0.0,18311.017578125,-230.0,0.0,230.0,0.0,-418.0,0.0,418.0,0.0,0.0,0.0,0.0,0.0,0.0,0.0,0.0,0.0,0.0,0.0,0.0,0.0,0.0,0.0,0.0,0.0,0.0,0.0,0.0,0.0,0.0,0.0,0.0,0.0,0.0,0.0,0.0,0.0,0.0,0.0,0.0,0.0,-440.0,0.0,440.0,0.0,0.0,0.0,0.0,0.0,0.0,0.0,0.0,0.0,0.0,0.0,0.0,0.0,0.0,0.0,0.0,0.0,0.0,0.0,0.0,0.0,-1755.52734375,0.0,1755.515625,0.0,0.0,0.0,0.0,0.0,0.0,0.0,0.0,0.0,0.0,0.0,0.0,0.0,0.0,0.0,0.0,0.0,26285.359375,0.0,218734.640625,18311.017578125,-2843.52734375,0.0,2843.515625,0.0,-9.7618812940065,0.0,1.3171062469482422,0.0,TX
7725758,TX,4818,336.2366027832031,2,0.0,0.0,110776.7578125,2,0,8775.2109375,0.0,111038.03125,0.0,0.0,0.0,0.0,0.0,-10.0,0.0,10.0,0.0,-228.0,0.0,228.0,0.0,0.0,0.0,0.0,0.0,0.0,0.0,0.0,0.0,0.0,0.0,0.0,0.0,0.0,0.0,0.0,0.0,0.0,0.0,0.0,0.0,0.0,0.0,0.0,0.0,0.0,0.0,0.0,0.0,0.0,0.0,0.0,0.0,0.0,0.0,0.0,0.0,0.0,0.0,0.0,0.0,0.0,0.0,0.0,0.0,0.0,0.0,0.0,0.0,0.0,0.0,0.0,0.0,0.0,0.0,0.0,0.0,-1440.0,0.0,1440.0,0.0,0.0,0.0,0.0,0.0,0.0,0.0,0.0,0.0,0.0,0.0,0.0,0.0,0.0,0.0,0.0,0.0,7097.2109375,0.0,112716.03125,0.0,-1678.0,0.0,1678.0,0.0,-19.12204745790477,0.0,1.511193871498108,0.0,TX
7725759,TX,4818,0.1133309006690979,2,0.0,268805.5390625,876205.0,1,1,176817.203125,0.0,707006.25,0.0,0.0,0.0,0.0,0.0,0.0,0.0,0.0,0.0,0.0,0.0,0.0,0.0,0.0,0.0,0.0,0.0,0.0,0.0,0.0,0.0,0.0,0.0,0.0,0.0,0.0,0.0,0.0,0.0,0.0,0.0,0.0,0.0,0.0,0.0,0.0,0.0,0.0,0.0,0.0,0.0,0.0,0.0,0.0,0.0,-352.5625,0.0,352.625,0.0,0.0,0.0,0.0,0.0,0.0,0.0,0.0,0.0,0.0,0.0,0.0,0.0,0.0,0.0,0.0,0.0,0.0,0.0,0.0,0.0,0.0,0.0,0.0,0.0,0.0,0.0,0.0,0.0,0.0,0.0,0.0,0.0,0.0,0.0,0.0,0.0,0.0,0.0,0.0,0.0,176464.640625,0.0,707358.875,0.0,-352.5625,0.0,352.625,0.0,-0.19939377717153334,0.0,0.04987579956650734,0.0,TX
7725760,TX,4818,0.18518683314323425,4,2.0,395838.1796875,494384.0,4,0,91814.4609375,0.0,432168.875,0.0,0.0,0.0,0.0,0.0,-292.0,0.0,292.0,0.0,-456.0,0.0,456.0,0.0,0.0,0.0,0.0,0.0,0.0,0.0,0.0,0.0,0.0,0.0,0.0,0.0,0.0,0.0,0.0,0.0,0.0,0.0,0.0,0.0,0.0,0.0,0.0,0.0,0.0,0.0,0.0,0.0,0.0,0.0,0.0,0.0,-31.21875,0.0,31.25,0.0,0.0,0.0,0.0,0.0,0.0,0.0,0.0,0.0,-625.7109375,0.0,625.6875,0.0,0.0,0.0,0.0,0.0,0.0,0.0,0.0,0.0,0.0,0.0,0.0,0.0,0.0,0.0,0.0,0.0,0.0,0.0,0.0,0.0,0.0,0.0,0.0,0.0,0.0,0.0,0.0,0.0,90409.53125,0.0,433573.8125,0.0,-1404.9296875,0.0,1404.9375,0.0,-1.5301834516638557,0.0,0.3250899314880371,0.0,TX
7725761,TX,4818,0.1831137239933014,1,0.0,50461.6953125,51724.91015625,1,0,4119.50732421875,0.0,43661.203125,0.0,0.0,0.0,0.0,0.0,-5.0,0.0,5.0,0.0,-114.000244140625,0.0,114.0,0.0,0.0,0.0,0.0,0.0,0.0,0.0,0.0,0.0,0.0,0.0,0.0,0.0,0.0,0.0,0.0,0.0,-573.517822265625,0.0,573.51953125,0.0,0.0,0.0,0.0,0.0,0.0,0.0,0.0,0.0,0.0,0.0,0.0,0.0,0.0,0.0,0.0,0.0,0.0,0.0,0.0,0.0,0.0,0.0,0.0,0.0,0.0,0.0,0.0,0.0,0.0,0.0,0.0,0.0,0.0,0.0,0.0,0.0,0.0,0.0,0.0,0.0,0.0,0.0,0.0,0.0,0.0,0.0,0.0,0.0,0.0,0.0,0.0,0.0,0.0,0.0,0.0,0.0,3426.9892578125,0.0,44353.72265625,0.0,-692.51806640625,0.0,692.51953125,0.0,-16.810701181058917,0.0,1.5861210823059082,0.0,TX
7725762,TX,4818,0.08988693356513977,1,0.0,51978.3046875,66874.703125,1,0,6206.4345703125,0.0,84456.28125,25135.578125,0.0,0.0,0.0,25135.578125,-115.0,0.0,115.0,0.0,-209.0,0.0,209.0,0.0,0.0,0.0,0.0,0.0,0.0,0.0,0.0,0.0,0.0,0.0,0.0,0.0,0.0,0.0,0.0,0.0,0.0,0.0,0.0,0.0,0.0,0.0,0.0,0.0,0.0,0.0,0.0,0.0,0.0,0.0,0.0,0.0,0.0,0.0,0.0,0.0,0.0,0.0,0.0,0.0,0.0,0.0,0.0,0.0,0.0,0.0,0.0,0.0,0.0,0.0,0.0,0.0,0.0,0.0,0.0,0.0,0.0,0.0,0.0,0.0,0.0,0.0,0.0,0.0,0.0,0.0,0.0,0.0,0.0,0.0,0.0,0.0,0.0,0.0,0.0,0.0,5882.4345703125,0.0,84780.28125,25135.578125,-324.0,0.0,324.0,0.0,-5.220388555287489,0.0,0.3836304545402527,0.0,TX
7725763,TX,4818,77.13258361816406,1,0.0,0.0,7488.69970703125,1,0,0.0,0.0,45527.26953125,19447.765625,0.0,0.0,0.0,19447.765625,0.0,0.0,0.0,0.0,0.0,0.0,0.0,0.0,0.0,0.0,0.0,0.0,0.0,0.0,0.0,0.0,0.0,0.0,0.0,0.0,0.0,0.0,0.0,0.0,0.0,0.0,0.0,0.0,0.0,0.0,0.0,0.0,0.0,0.0,0.0,0.0,0.0,0.0,0.0,0.0,0.0,0.0,0.0,0.0,0.0,0.0,0.0,0.0,0.0,0.0,0.0,0.0,0.0,0.0,0.0,0.0,0.0,0.0,0.0,0.0,0.0,0.0,0.0,0.0,0.0,0.0,0.0,0.0,0.0,0.0,0.0,0.0,0.0,0.0,0.0,0.0,0.0,0.0,0.0,0.0,0.0,0.0,0.0,0.0,0.0,0.0,45527.26953125,19447.765625,0.0,0.0,0.0,0.0,0.0,0.0,0.0,0.0,TX
7725764,TX,4818,0.10780961066484451,4,2.0,234570.9921875,311510.375,4,0,44363.36328125,0.0,277887.40625,0.0,0.0,0.0,0.0,0.0,-292.0,0.0,292.0,0.0,-456.0,0.0,456.0,0.0,0.0,0.0,0.0,0.0,0.0,0.0,0.0,0.0,-400.0,0.0,400.0,0.0,0.0,0.0,0.0,0.0,0.0,0.0,0.0,0.0,0.0,0.0,0.0,0.0,0.0,0.0,0.0,0.0,0.0,0.0,0.0,0.0,-479.99609375,0.0,479.96875,0.0,0.0,0.0,0.0,0.0,0.0,0.0,0.0,0.0,0.0,0.0,0.0,0.0,0.0,0.0,0.0,0.0,0.0,0.0,0.0,0.0,0.0,0.0,0.0,0.0,0.0,0.0,0.0,0.0,0.0,0.0,0.0,0.0,0.0,0.0,0.0,0.0,0.0,0.0,0.0,0.0,42735.3671875,0.0,279515.375,0.0,-1627.99609375,0.0,1627.96875,0.0,-3.669685914994786,0.0,0.5858375430107117,0.0,TX
7725765,TX,4818,37.72648620605469,1,0.0,4425.73876953125,4425.73876953125,1,0,0.0,0.0,4087.169677734375,0.0,0.0,0.0,0.0,0.0,0.0,0.0,0.0,0.0,0.0,0.0,0.0,0.0,0.0,0.0,0.0,0.0,0.0,0.0,0.0,0.0,0.0,0.0,0.0,0.0,0.0,0.0,0.0,0.0,0.0,0.0,0.0,0.0,0.0,0.0,0.0,0.0,0.0,0.0,0.0,0.0,0.0,0.0,0.0,0.0,0.0,0.0,0.0,0.0,0.0,0.0,0.0,0.0,0.0,0.0,0.0,0.0,0.0,0.0,0.0,0.0,0.0,0.0,0.0,0.0,0.0,0.0,0.0,0.0,0.0,0.0,0.0,0.0,0.0,0.0,0.0,0.0,0.0,0.0,0.0,0.0,0.0,0.0,0.0,0.0,0.0,0.0,0.0,0.0,0.0,0.0,4087.169677734375,0.0,0.0,0.0,0.0,0.0,0.0,0.0,0.0,0.0,TX
7725766,TX,4818,0.2623569369316101,2,0.0,115893.34765625,377075.50390625,2,0,83198.10400390625,0.0,312456.875,18611.841796875,0.0,3915.324462890625,0.0,22527.166259765625,-367.25,0.0,367.25,0.0,-446.5,0.0,446.5,0.0,0.0,0.0,0.0,0.0,0.0,0.0,0.0,0.0,0.0,0.0,0.0,0.0,0.0,0.0,0.0,0.0,0.0,0.0,0.0,0.0,0.0,0.0,0.0,0.0,0.0,0.0,0.0,0.0,0.0,0.0,0.0,0.0,0.0,0.0,0.0,0.0,0.0,0.0,0.0,0.0,0.0,0.0,0.0,0.0,0.0,0.0,0.0,0.0,0.0,0.0,0.0,0.0,0.0,0.0,0.0,0.0,0.0,0.0,0.0,0.0,-95.332763671875,0.0,95.3125,0.0,0.0,0.0,0.0,0.0,0.0,0.0,0.0,0.0,0.0,0.0,0.0,0.0,82289.02124023438,0.0,313365.9375,22527.166259765625,-909.082763671875,0.0,909.0625,0.0,-1.0926724527630973,0.0,0.29094013571739197,0.0,TX
7725767,TX,4818,0.1012510284781456,3,1.0,631782.28125,1282901.125,3,0,284338.5,0.0,995485.5,0.0,0.0,0.0,0.0,0.0,-749.0,0.0,749.0,0.0,0.0,0.0,0.0,0.0,0.0,0.0,0.0,0.0,0.0,0.0,0.0,0.0,0.0,0.0,0.0,0.0,0.0,0.0,0.0,0.0,0.0,0.0,0.0,0.0,0.0,0.0,0.0,0.0,0.0,0.0,0.0,0.0,0.0,0.0,0.0,0.0,0.0,0.0,0.0,0.0,0.0,0.0,0.0,0.0,0.0,0.0,0.0,0.0,0.0,0.0,0.0,0.0,0.0,0.0,0.0,0.0,0.0,0.0,0.0,0.0,0.0,0.0,0.0,0.0,0.0,0.0,0.0,0.0,0.0,0.0,0.0,0.0,0.0,0.0,0.0,0.0,0.0,0.0,0.0,0.0,283589.5,0.0,996234.5,0.0,-749.0,0.0,749.0,0.0,-0.263418425573744,0.0,0.07523967325687408,0.0,TX
7725768,TX,4818,0.1286851465702057,2,1.0,145725.75,156892.328125,2,0,21156.158203125,0.0,149547.953125,20647.552734375,0.0,0.0,0.0,20647.552734375,-163.0,0.0,163.0,0.0,-354.0,0.0,354.0,0.0,0.0,0.0,0.0,0.0,0.0,0.0,0.0,0.0,-200.0,0.0,200.0,0.0,0.0,0.0,0.0,0.0,0.0,0.0,0.0,0.0,0.0,0.0,0.0,0.0,0.0,0.0,0.0,0.0,0.0,0.0,0.0,0.0,-3.25390625,0.0,3.25,0.0,0.0,0.0,0.0,0.0,0.0,0.0,0.0,0.0,0.0,0.0,0.0,0.0,0.0,0.0,0.0,0.0,0.0,0.0,0.0,0.0,0.0,0.0,0.0,0.0,0.0,0.0,0.0,0.0,0.0,0.0,0.0,0.0,0.0,0.0,0.0,0.0,0.0,0.0,0.0,0.0,20435.904296875,0.0,150268.203125,20647.552734375,-720.25390625,0.0,720.25,0.0,-3.404464550390867,0.0,0.48161810636520386,0.0,TX
7725769,TX,4818,0.12296074628829956,4,2.0,969816.0,1068395.375,3,1,303889.5625,0.0,776916.5,0.0,0.0,0.0,0.0,0.0,-734.0,0.0,734.0,0.0,-703.0,0.0,703.0,0.0,0.0,0.0,0.0,0.0,0.0,0.0,0.0,0.0,0.0,0.0,0.0,0.0,0.0,0.0,0.0,0.0,-1850.0,0.0,1850.0,0.0,0.0,0.0,0.0,0.0,0.0,0.0,0.0,0.0,0.0,0.0,0.0,0.0,-740.0,0.0,740.0,0.0,0.0,0.0,0.0,0.0,0.0,0.0,0.0,0.0,0.0,0.0,0.0,0.0,0.0,0.0,0.0,0.0,0.0,0.0,0.0,0.0,0.0,0.0,0.0,0.0,0.0,0.0,0.0,0.0,0.0,0.0,0.0,0.0,0.0,0.0,0.0,0.0,0.0,0.0,0.0,0.0,299862.5625,0.0,780943.5,0.0,-4027.0,0.0,4027.0,0.0,-1.3251524556721161,0.0,0.5183311104774475,0.0,TX
7725770,TX,4818,0.1043664813041687,5,0.0,351234.81640625,399781.01171875,4,1,55865.027740478516,0.0,332173.125,0.0,0.0,6018.6943359375,0.0,6018.6943359375,-407.0,0.0,407.0,0.0,-760.0,0.0,760.0,0.0,0.0,0.0,0.0,0.0,0.0,0.0,0.0,0.0,0.0,0.0,0.0,0.0,0.0,0.0,0.0,0.0,-401.109375,0.0,401.125,0.0,0.0,0.0,0.0,0.0,0.0,0.0,0.0,0.0,0.0,0.0,0.0,0.0,-700.0,0.0,700.0,0.0,0.0,0.0,0.0,0.0,0.0,0.0,0.0,0.0,0.0,0.0,0.0,0.0,0.0,0.0,0.0,0.0,0.0,0.0,0.0,0.0,0.0,0.0,0.0,0.0,0.0,0.0,0.0,0.0,0.0,0.0,0.0,0.0,0.0,0.0,0.0,0.0,0.0,0.0,0.0,0.0,53596.918365478516,0.0,334441.25,6018.6943359375,-2268.109375,0.0,2268.125,0.0,-4.059980754930477,0.0,0.6828141212463379,0.0,TX
7725771,TX,4818,594.9360961914062,2,0.0,25249.2294921875,25249.2294921875,2,0,0.0,0.0,29239.791015625,5320.07958984375,0.0,0.0,0.0,5320.07958984375,0.0,0.0,0.0,0.0,0.0,0.0,0.0,0.0,0.0,0.0,0.0,0.0,0.0,0.0,0.0,0.0,0.0,0.0,0.0,0.0,0.0,0.0,0.0,0.0,0.0,0.0,0.0,0.0,0.0,0.0,0.0,0.0,0.0,0.0,0.0,0.0,0.0,0.0,0.0,0.0,0.0,0.0,0.0,0.0,0.0,0.0,0.0,0.0,0.0,0.0,0.0,0.0,0.0,0.0,0.0,0.0,0.0,0.0,0.0,0.0,0.0,0.0,0.0,0.0,0.0,0.0,0.0,0.0,0.0,0.0,0.0,0.0,0.0,0.0,0.0,0.0,0.0,0.0,0.0,0.0,0.0,0.0,0.0,0.0,0.0,0.0,29239.791015625,5320.07958984375,0.0,0.0,0.0,0.0,0.0,0.0,0.0,0.0,TX
7725772,TX,4818,0.18542781472206116,4,1.0,106429.927734375,111671.48242187499,4,0,4819.074417114258,0.0,126169.3984375,0.0,0.0,0.0,0.0,0.0,-10.0,0.0,10.0,0.0,-298.5451202392578,0.0,298.5390625,0.0,0.0,0.0,0.0,0.0,0.0,0.0,0.0,0.0,-200.0,0.0,200.0,0.0,0.0,0.0,0.0,0.0,0.0,0.0,0.0,0.0,0.0,0.0,0.0,0.0,0.0,0.0,0.0,0.0,0.0,0.0,0.0,0.0,-127.333984375,0.0,127.3359375,0.0,0.0,0.0,0.0,0.0,0.0,0.0,0.0,0.0,0.0,0.0,0.0,0.0,0.0,0.0,0.0,0.0,0.0,0.0,0.0,0.0,0.0,0.0,0.0,0.0,-153.212890625,0.0,153.2109375,0.0,0.0,0.0,0.0,0.0,0.0,0.0,0.0,0.0,0.0,0.0,0.0,0.0,4029.982421875,0.0,126958.484375,0.0,-789.0919952392578,0.0,789.0859375,0.0,-16.374347580873824,0.0,0.6254178285598755,0.0,TX
7725773,TX,4818,310.7484436035156,1,0.0,4020.503173828125,4020.503173828125,1,0,0.0,0.0,7714.2099609375,3596.039794921875,0.0,0.0,0.0,3596.039794921875,0.0,0.0,0.0,0.0,0.0,0.0,0.0,0.0,0.0,0.0,0.0,0.0,0.0,0.0,0.0,0.0,0.0,0.0,0.0,0.0,0.0,0.0,0.0,0.0,0.0,0.0,0.0,0.0,0.0,0.0,0.0,0.0,0.0,0.0,0.0,0.0,0.0,0.0,0.0,0.0,0.0,0.0,0.0,0.0,0.0,0.0,0.0,0.0,0.0,0.0,0.0,0.0,0.0,0.0,0.0,0.0,0.0,0.0,0.0,0.0,0.0,0.0,0.0,0.0,0.0,0.0,0.0,0.0,0.0,0.0,0.0,0.0,0.0,0.0,0.0,0.0,0.0,0.0,0.0,0.0,0.0,0.0,0.0,0.0,0.0,0.0,7714.2099609375,3596.039794921875,0.0,0.0,0.0,0.0,0.0,0.0,0.0,0.0,TX
7725774,TX,4818,125.209716796875,5,3.0,0.0,0.0,5,0,0.0,0.0,23305.0390625,3392.88671875,19912.1513671875,0.0,0.0,23305.0380859375,0.0,0.0,0.0,0.0,0.0,0.0,0.0,0.0,0.0,0.0,0.0,0.0,0.0,0.0,0.0,0.0,0.0,0.0,0.0,0.0,0.0,0.0,0.0,0.0,0.0,0.0,0.0,0.0,0.0,0.0,0.0,0.0,0.0,0.0,0.0,0.0,0.0,0.0,0.0,0.0,0.0,0.0,0.0,0.0,0.0,0.0,0.0,0.0,0.0,0.0,0.0,0.0,0.0,0.0,0.0,0.0,0.0,0.0,0.0,0.0,0.0,0.0,0.0,0.0,0.0,0.0,0.0,0.0,0.0,0.0,0.0,0.0,0.0,0.0,0.0,0.0,0.0,0.0,0.0,0.0,0.0,0.0,0.0,0.0,0.0,0.0,23305.0390625,23305.0380859375,0.0,0.0,0.0,0.0,0.0,0.0,0.0,0.0,TX
7725775,TX,4818,0.09541767835617065,5,1.0,387562.3671875,403311.15625,5,0,49477.96826171875,0.0,335402.28125,16198.1904296875,0.0,0.0,0.0,16198.1904296875,-371.8955078125,0.0,371.90625,0.0,-780.5,0.0,780.5,0.0,0.0,0.0,0.0,0.0,0.0,0.0,0.0,0.0,-200.0,0.0,200.0,0.0,0.0,0.0,0.0,0.0,0.0,0.0,0.0,0.0,0.0,0.0,0.0,0.0,0.0,0.0,0.0,0.0,0.0,0.0,0.0,0.0,-220.0,0.0,220.0,0.0,0.0,0.0,0.0,0.0,0.0,0.0,0.0,0.0,0.0,0.0,0.0,0.0,0.0,0.0,0.0,0.0,0.0,0.0,0.0,0.0,-35.033203125,0.0,35.03125,0.0,-95.453125,0.0,95.46875,0.0,0.0,0.0,0.0,0.0,0.0,0.0,0.0,0.0,0.0,0.0,0.0,0.0,47775.08642578125,0.0,337105.1875,16198.1904296875,-1702.8818359375,0.0,1702.90625,0.0,-3.441697175053618,0.0,0.5077205300331116,0.0,TX
7725776,TX,4818,0.345287948846817,4,2.0,4169.5166015625,4169.5166015625,4,0,-3537.03564453125,0.0,32504.9375,2261.924560546875,19912.1513671875,0.0,0.0,22174.075927734375,0.0,0.0,0.0,0.0,0.0,0.0,0.0,0.0,0.0,0.0,0.0,0.0,0.0,0.0,0.0,0.0,0.0,0.0,0.0,0.0,0.0,0.0,0.0,0.0,0.0,0.0,0.0,0.0,0.0,0.0,0.0,0.0,0.0,0.0,0.0,0.0,0.0,0.0,0.0,0.0,0.0,0.0,0.0,0.0,0.0,0.0,0.0,0.0,0.0,0.0,0.0,0.0,0.0,0.0,0.0,0.0,0.0,0.0,0.0,0.0,0.0,0.0,0.0,0.0,0.0,0.0,0.0,0.0,0.0,0.0,0.0,0.0,0.0,0.0,0.0,0.0,0.0,0.0,0.0,0.0,0.0,0.0,0.0,0.0,-3537.03564453125,0.0,32504.9375,22174.075927734375,0.0,0.0,0.0,0.0,0.0,0.0,0.0,0.0,TX
7725777,TX,4818,0.11449465900659561,1,0.0,85343.6875,97621.984375,0,1,12430.591796875,0.0,78662.6015625,0.0,0.0,0.0,0.0,0.0,-115.0,0.0,115.0,0.0,-209.0,0.0,209.0,0.0,0.0,0.0,0.0,0.0,0.0,0.0,0.0,0.0,0.0,0.0,0.0,0.0,0.0,0.0,0.0,0.0,-559.7548828125,0.0,559.7578125,0.0,0.0,0.0,0.0,0.0,0.0,0.0,0.0,0.0,0.0,0.0,0.0,0.0,0.0,0.0,0.0,0.0,0.0,0.0,0.0,0.0,0.0,0.0,0.0,0.0,0.0,0.0,0.0,0.0,0.0,0.0,0.0,0.0,0.0,0.0,0.0,0.0,0.0,0.0,0.0,0.0,-93.21484375,0.0,93.2109375,0.0,0.0,0.0,0.0,0.0,0.0,0.0,0.0,0.0,0.0,0.0,0.0,0.0,11453.6220703125,0.0,79639.5703125,0.0,-976.9697265625,0.0,976.96875,0.0,-7.859398349868638,0.0,1.241973638534546,0.0,TX
7725778,TX,4818,0.19937172532081604,3,1.0,81553.140625,78553.140625,3,0,2704.376953125,0.0,92695.125,0.0,0.0,12549.6552734375,0.0,12549.6552734375,-10.0,0.0,10.0,0.0,-228.0,0.0,228.0,0.0,0.0,0.0,0.0,0.0,0.0,0.0,0.0,0.0,-200.0,0.0,200.0,0.0,0.0,0.0,0.0,0.0,0.0,0.0,0.0,0.0,0.0,0.0,0.0,0.0,0.0,0.0,0.0,0.0,0.0,0.0,0.0,0.0,0.0,0.0,0.0,0.0,0.0,0.0,0.0,0.0,0.0,0.0,0.0,0.0,0.0,0.0,0.0,0.0,0.0,0.0,0.0,0.0,-36.86474609375,0.0,36.859375,0.0,0.0,0.0,0.0,0.0,0.0,0.0,0.0,0.0,0.0,0.0,0.0,0.0,0.0,0.0,0.0,0.0,0.0,0.0,0.0,0.0,2229.51220703125,0.0,93169.984375,12549.6552734375,-474.86474609375,0.0,474.859375,0.0,-17.559118211868636,0.0,0.5122808814048767,0.0,TX
7725779,TX,4818,0.07671208679676056,3,1.0,171162.173828125,185360.28125,3,0,21999.203125,0.0,150340.859375,0.0,0.0,0.0,0.0,0.0,-230.0,0.0,230.0,0.0,-418.0,0.0,418.0,0.0,0.0,0.0,0.0,0.0,0.0,0.0,0.0,0.0,-200.0,0.0,200.0,0.0,0.0,0.0,0.0,0.0,0.0,0.0,0.0,0.0,0.0,0.0,0.0,0.0,0.0,0.0,0.0,0.0,0.0,0.0,0.0,0.0,-439.99609375,0.0,440.0,0.0,0.0,0.0,0.0,0.0,0.0,0.0,0.0,0.0,0.0,0.0,0.0,0.0,0.0,0.0,0.0,0.0,0.0,0.0,0.0,0.0,0.0,0.0,0.0,0.0,0.0,0.0,0.0,0.0,0.0,0.0,0.0,0.0,0.0,0.0,0.0,0.0,0.0,0.0,0.0,0.0,20711.20703125,0.0,151628.859375,0.0,-1287.99609375,0.0,1288.0,0.0,-5.85473976685235,0.0,0.8567197918891907,0.0,TX
7725780,TX,4818,221.94406127929688,2,0.0,21655.15234375,83541.375,2,0,5506.96484375,0.0,183745.40625,71359.5625,0.0,0.0,0.0,71359.5625,-10.0,0.0,10.0,0.0,-228.0,0.0,228.0,0.0,0.0,0.0,0.0,0.0,0.0,0.0,0.0,0.0,0.0,0.0,0.0,0.0,0.0,0.0,0.0,0.0,0.0,0.0,0.0,0.0,0.0,0.0,0.0,0.0,0.0,0.0,0.0,0.0,0.0,0.0,0.0,0.0,-240.0,0.0,240.0,0.0,0.0,0.0,0.0,0.0,0.0,0.0,0.0,0.0,0.0,0.0,0.0,0.0,0.0,0.0,0.0,0.0,0.0,0.0,0.0,0.0,-1439.999755859375,0.0,1440.0,0.0,0.0,0.0,0.0,0.0,0.0,0.0,0.0,0.0,0.0,0.0,0.0,0.0,0.0,0.0,0.0,0.0,3588.965087890625,0.0,185663.40625,71359.5625,-1917.999755859375,0.0,1918.0,0.0,-34.82861812775441,0.0,1.0438356399536133,0.0,TX
7725781,TX,4818,0.12207403033971786,6,1.0,228112.49072265625,530779.4799804688,6,0,100082.78393554688,0.0,514227.28125,25897.009765625,0.0,0.0,1691.58251953125,27588.59228515625,-362.25,0.0,362.25,0.0,-522.5,0.0,522.5,0.0,0.0,0.0,0.0,0.0,0.0,0.0,0.0,0.0,-200.0,0.0,200.0,0.0,0.0,0.0,0.0,0.0,-1750.0,0.0,1750.0,0.0,0.0,0.0,0.0,0.0,0.0,0.0,0.0,0.0,0.0,0.0,0.0,0.0,-350.0,0.0,350.0,0.0,0.0,0.0,0.0,0.0,0.0,0.0,0.0,0.0,0.0,0.0,0.0,0.0,0.0,0.0,0.0,0.0,0.0,0.0,0.0,0.0,0.0,0.0,0.0,0.0,0.0,0.0,0.0,0.0,0.0,0.0,0.0,0.0,0.0,0.0,0.0,0.0,0.0,0.0,0.0,0.0,96898.03393554688,0.0,517412.03125,27588.59228515625,-3184.75,0.0,3184.75,0.0,-3.1821157193738467,0.0,0.6193273067474365,0.0,TX
7725782,TX,4818,0.12101831287145615,1,0.0,3447.1484375,7505.15283203125,1,0,-664.0,0.0,21501.5234375,7654.0439453125,0.0,0.0,0.0,7654.0439453125,0.0,0.0,0.0,0.0,0.0,0.0,0.0,0.0,0.0,0.0,0.0,0.0,0.0,0.0,0.0,0.0,0.0,0.0,0.0,0.0,0.0,0.0,0.0,0.0,0.0,0.0,0.0,0.0,0.0,0.0,0.0,0.0,0.0,0.0,0.0,0.0,0.0,0.0,0.0,0.0,0.0,0.0,0.0,0.0,0.0,0.0,0.0,0.0,0.0,0.0,0.0,0.0,0.0,0.0,0.0,0.0,0.0,0.0,0.0,0.0,0.0,0.0,0.0,0.0,0.0,0.0,0.0,0.0,0.0,0.0,0.0,0.0,0.0,0.0,0.0,0.0,0.0,0.0,0.0,0.0,0.0,0.0,0.0,0.0,-664.0,0.0,21501.5234375,7654.0439453125,0.0,0.0,0.0,0.0,0.0,0.0,0.0,0.0,TX
7725783,TX,4818,0.11956198513507843,5,1.0,292889.220703125,538560.125,3,2,76435.33203125,0.0,441553.25,0.0,0.0,0.0,0.0,0.0,-522.0,0.0,522.0,0.0,-874.0,0.0,874.0,0.0,0.0,0.0,0.0,0.0,0.0,0.0,0.0,0.0,-200.0,0.0,200.0,0.0,0.0,0.0,0.0,0.0,0.0,0.0,0.0,0.0,0.0,0.0,0.0,0.0,0.0,0.0,0.0,0.0,0.0,0.0,0.0,0.0,-920.0,0.0,920.0,0.0,0.0,0.0,0.0,0.0,0.0,0.0,0.0,0.0,0.0,0.0,0.0,0.0,0.0,0.0,0.0,0.0,0.0,0.0,0.0,0.0,0.0,0.0,0.0,0.0,0.0,0.0,0.0,0.0,0.0,0.0,0.0,0.0,0.0,0.0,0.0,0.0,0.0,0.0,0.0,0.0,73919.33203125,0.0,444069.25,0.0,-2516.0,0.0,2516.0,0.0,-3.2916714471409017,0.0,0.569806694984436,0.0,TX
7725784,TX,4818,9.739213943481445,1,0.0,0.0,0.0,1,0,0.0,0.0,42140.09375,21378.888671875,0.0,0.0,0.0,21378.888671875,0.0,0.0,0.0,0.0,0.0,0.0,0.0,0.0,0.0,0.0,0.0,0.0,0.0,0.0,0.0,0.0,0.0,0.0,0.0,0.0,0.0,0.0,0.0,0.0,0.0,0.0,0.0,0.0,0.0,0.0,0.0,0.0,0.0,0.0,0.0,0.0,0.0,0.0,0.0,0.0,0.0,0.0,0.0,0.0,0.0,0.0,0.0,0.0,0.0,0.0,0.0,0.0,0.0,0.0,0.0,0.0,0.0,0.0,0.0,0.0,0.0,0.0,0.0,0.0,0.0,0.0,0.0,0.0,0.0,0.0,0.0,0.0,0.0,0.0,0.0,0.0,0.0,0.0,0.0,0.0,0.0,0.0,0.0,0.0,0.0,0.0,42140.09375,21378.888671875,0.0,0.0,0.0,0.0,0.0,0.0,0.0,0.0,TX
7725785,TX,4818,0.13099242746829987,3,0.0,153873.0390625,588853.453125,3,0,140329.642578125,0.0,449216.25,0.0,0.0,0.0,0.0,0.0,-592.25,0.0,592.25,0.0,-750.5,0.0,750.5,0.0,0.0,0.0,0.0,0.0,0.0,0.0,0.0,0.0,0.0,0.0,0.0,0.0,0.0,0.0,0.0,0.0,-2567.287109375,0.0,2567.28125,0.0,0.0,0.0,0.0,0.0,0.0,0.0,0.0,0.0,0.0,0.0,0.0,0.0,-790.0,0.0,790.0,0.0,0.0,0.0,0.0,0.0,0.0,0.0,0.0,0.0,0.0,0.0,0.0,0.0,0.0,0.0,0.0,0.0,0.0,0.0,0.0,0.0,0.0,0.0,0.0,0.0,-516.005859375,0.0,516.03125,0.0,0.0,0.0,0.0,0.0,0.0,0.0,0.0,0.0,0.0,0.0,0.0,0.0,135113.599609375,0.0,454432.3125,0.0,-5216.04296875,0.0,5216.0625,0.0,-3.716992983749744,0.0,1.1611473560333252,0.0,TX
7725786,TX,4818,0.12125784903764725,2,0.0,235953.953125,270857.34375,2,0,41819.625,0.0,222638.28125,0.0,0.0,0.0,0.0,0.0,-292.0,0.0,292.0,0.0,-456.0,0.0,456.0,0.0,0.0,0.0,0.0,0.0,0.0,0.0,0.0,0.0,0.0,0.0,0.0,0.0,0.0,0.0,0.0,0.0,0.0,0.0,0.0,0.0,0.0,0.0,0.0,0.0,0.0,0.0,0.0,0.0,0.0,0.0,0.0,0.0,-480.0,0.0,480.0,0.0,0.0,0.0,0.0,0.0,0.0,0.0,0.0,0.0,0.0,0.0,0.0,0.0,0.0,0.0,0.0,0.0,0.0,0.0,0.0,0.0,0.0,0.0,0.0,0.0,0.0,0.0,0.0,0.0,0.0,0.0,0.0,0.0,0.0,0.0,0.0,0.0,0.0,0.0,0.0,0.0,40591.625,0.0,223866.28125,0.0,-1228.0,0.0,1228.0,0.0,-2.936420400708997,0.0,0.5515673160552979,0.0,TX
7725787,TX,4818,292.2024841308594,1,0.0,8695.283203125,8695.283203125,1,0,0.0,0.0,11851.2646484375,3596.039794921875,0.0,0.0,0.0,3596.039794921875,0.0,0.0,0.0,0.0,0.0,0.0,0.0,0.0,0.0,0.0,0.0,0.0,0.0,0.0,0.0,0.0,0.0,0.0,0.0,0.0,0.0,0.0,0.0,0.0,0.0,0.0,0.0,0.0,0.0,0.0,0.0,0.0,0.0,0.0,0.0,0.0,0.0,0.0,0.0,0.0,0.0,0.0,0.0,0.0,0.0,0.0,0.0,0.0,0.0,0.0,0.0,0.0,0.0,0.0,0.0,0.0,0.0,0.0,0.0,0.0,0.0,0.0,0.0,0.0,0.0,0.0,0.0,0.0,0.0,0.0,0.0,0.0,0.0,0.0,0.0,0.0,0.0,0.0,0.0,0.0,0.0,0.0,0.0,0.0,0.0,0.0,11851.2646484375,3596.039794921875,0.0,0.0,0.0,0.0,0.0,0.0,0.0,0.0,TX
7725788,TX,4818,0.09157483279705048,4,1.9999999999999998,67311.1796875,75744.8828125,4,0,2752.83984375,0.0,92247.4921875,6522.2099609375,4137.51025390625,14216.70703125,0.0,24876.42724609375,-10.0,0.0,10.0,0.0,-228.0,0.0,228.0,0.0,0.0,0.0,0.0,0.0,0.0,0.0,0.0,0.0,-200.0,0.0,200.0,0.0,0.0,0.0,0.0,0.0,0.0,0.0,0.0,0.0,0.0,0.0,0.0,0.0,0.0,0.0,0.0,0.0,0.0,0.0,0.0,0.0,-240.0,0.0,240.0,0.0,0.0,0.0,0.0,0.0,0.0,0.0,0.0,0.0,0.0,0.0,0.0,0.0,0.0,0.0,0.0,0.0,0.0,0.0,0.0,0.0,-719.999755859375,0.0,720.0,0.0,-14.591796875,0.0,14.59375,0.0,0.0,0.0,0.0,0.0,0.0,0.0,0.0,0.0,0.0,0.0,0.0,0.0,1340.248291015625,0.0,93660.0859375,24876.42724609375,-1412.591552734375,0.0,1412.59375,0.0,-51.313975127957356,0.0,1.531308650970459,0.0,TX
7725789,TX,4818,0.26754432916641235,2,1.0,0.0,16806.984375,2,0,-4427.0,0.0,90996.015625,28774.455078125,0.0,13706.9560546875,1691.58251953125,44172.99365234375,0.0,0.0,0.0,0.0,0.0,0.0,0.0,0.0,0.0,0.0,0.0,0.0,0.0,0.0,0.0,0.0,0.0,0.0,0.0,0.0,0.0,0.0,0.0,0.0,0.0,0.0,0.0,0.0,0.0,0.0,0.0,0.0,0.0,0.0,0.0,0.0,0.0,0.0,0.0,0.0,0.0,0.0,0.0,0.0,0.0,0.0,0.0,0.0,0.0,0.0,0.0,0.0,0.0,0.0,0.0,0.0,0.0,0.0,0.0,0.0,0.0,0.0,0.0,0.0,0.0,0.0,0.0,0.0,0.0,0.0,0.0,0.0,0.0,0.0,0.0,0.0,0.0,0.0,0.0,0.0,0.0,0.0,0.0,0.0,-4427.0,0.0,90996.015625,44172.99365234375,0.0,0.0,0.0,0.0,0.0,0.0,0.0,0.0,TX
7725790,TX,4818,0.08617278188467026,3,0.0,382939.53125,780878.203125,3,0,152613.88671875,0.0,616386.125,0.0,0.0,0.0,0.0,0.0,-617.33984375,0.0,617.375,0.0,-418.0,0.0,418.0,0.0,0.0,0.0,0.0,0.0,0.0,0.0,0.0,0.0,0.0,0.0,0.0,0.0,0.0,0.0,0.0,0.0,0.0,0.0,0.0,0.0,0.0,0.0,0.0,0.0,0.0,0.0,0.0,0.0,0.0,0.0,0.0,0.0,-440.0,0.0,440.0,0.0,0.0,0.0,0.0,0.0,0.0,0.0,0.0,0.0,0.0,0.0,0.0,0.0,0.0,0.0,0.0,0.0,0.0,0.0,0.0,0.0,0.0,0.0,0.0,0.0,0.0,0.0,0.0,0.0,0.0,0.0,0.0,0.0,0.0,0.0,0.0,0.0,0.0,0.0,0.0,0.0,151138.546875,0.0,617861.5,0.0,-1475.33984375,0.0,1475.375,0.0,-0.9667140228653525,0.0,0.23935888707637787,0.0,TX
7725791,TX,4818,338.5185546875,1,0.0,0.0,544.472900390625,1,0,0.0,0.0,15542.6494140625,3596.039794921875,0.0,0.0,0.0,3596.039794921875,0.0,0.0,0.0,0.0,0.0,0.0,0.0,0.0,0.0,0.0,0.0,0.0,0.0,0.0,0.0,0.0,0.0,0.0,0.0,0.0,0.0,0.0,0.0,0.0,0.0,0.0,0.0,0.0,0.0,0.0,0.0,0.0,0.0,0.0,0.0,0.0,0.0,0.0,0.0,0.0,0.0,0.0,0.0,0.0,0.0,0.0,0.0,0.0,0.0,0.0,0.0,0.0,0.0,0.0,0.0,0.0,0.0,0.0,0.0,0.0,0.0,0.0,0.0,0.0,0.0,0.0,0.0,0.0,0.0,0.0,0.0,0.0,0.0,0.0,0.0,0.0,0.0,0.0,0.0,0.0,0.0,0.0,0.0,0.0,0.0,0.0,15542.6494140625,3596.039794921875,0.0,0.0,0.0,0.0,0.0,0.0,0.0,0.0,TX
7725792,TX,4818,0.11902790516614914,6,1.0,495560.0859375,565509.30859375,3,3,86186.63989257812,0.0,450288.6875,0.0,0.0,0.0,0.0,0.0,-306.99999999998545,0.0,307.0,0.0,-798.0,0.0,798.0,0.0,0.0,0.0,0.0,0.0,0.0,0.0,0.0,0.0,-200.00000000001455,0.0,200.0,0.0,0.0,0.0,0.0,0.0,0.0,0.0,0.0,0.0,0.0,0.0,0.0,0.0,0.0,0.0,0.0,0.0,0.0,0.0,0.0,0.0,-480.0,0.0,480.0,0.0,0.0,0.0,0.0,0.0,0.0,0.0,0.0,0.0,0.0,0.0,0.0,0.0,0.0,0.0,0.0,0.0,0.0,0.0,0.0,0.0,0.0,0.0,0.0,0.0,0.0,0.0,0.0,0.0,0.0,0.0,0.0,0.0,0.0,0.0,0.0,0.0,0.0,0.0,0.0,0.0,84401.63989257812,0.0,452073.6875,0.0,-1785.0,0.0,1785.0,0.0,-2.0710866582393748,0.0,0.39641237258911133,0.0,TX
7725793,TX,4818,0.3185241222381592,4,1.0,16889.60595703125,60237.0341796875,4,0,-1893.952880859375,0.0,63220.50390625,1003.27294921875,0.0,0.0,1691.58251953125,2694.85546875,0.0,0.0,0.0,0.0,-190.0,0.0,190.0,0.0,0.0,0.0,0.0,0.0,0.0,0.0,0.0,0.0,-200.0,0.0,200.0,0.0,0.0,0.0,0.0,0.0,0.0,0.0,0.0,0.0,0.0,0.0,0.0,0.0,0.0,0.0,0.0,0.0,0.0,0.0,0.0,0.0,0.0,0.0,0.0,0.0,0.0,0.0,0.0,0.0,0.0,0.0,0.0,0.0,0.0,0.0,0.0,0.0,0.0,0.0,0.0,0.0,0.0,0.0,0.0,0.0,0.0,0.0,0.0,0.0,-356.68701171875,0.0,356.6875,0.0,0.0,0.0,0.0,0.0,0.0,0.0,0.0,0.0,0.0,0.0,0.0,0.0,-2640.639892578125,0.0,63967.19140625,2694.85546875,-746.68701171875,0.0,746.6875,0.0,-39.42479347109962,0.0,1.181084394454956,0.0,TX
7725794,TX,4818,222.9735565185547,1,0.0,0.0,50930.87109375,1,0,3804.70458984375,0.0,75118.609375,21580.841796875,0.0,0.0,0.0,21580.841796875,-5.0,0.0,5.0,0.0,-114.0,0.0,114.0,0.0,0.0,0.0,0.0,0.0,0.0,0.0,0.0,0.0,0.0,0.0,0.0,0.0,0.0,0.0,0.0,0.0,0.0,0.0,0.0,0.0,0.0,0.0,0.0,0.0,0.0,0.0,0.0,0.0,0.0,0.0,0.0,0.0,0.0,0.0,0.0,0.0,0.0,0.0,0.0,0.0,0.0,0.0,0.0,0.0,0.0,0.0,0.0,0.0,0.0,0.0,0.0,0.0,0.0,0.0,0.0,0.0,-720.0,0.0,720.0,0.0,0.0,0.0,0.0,0.0,0.0,0.0,0.0,0.0,0.0,0.0,0.0,0.0,0.0,0.0,0.0,0.0,2965.70458984375,0.0,75957.609375,21580.841796875,-839.0,0.0,839.0,0.0,-22.05164632859067,0.0,1.1169003248214722,0.0,TX
7725795,TX,4818,0.4685780107975006,2,0.0,1296.0107421875,766407.6484375,2,0,183190.49365234375,0.0,589908.9375,15498.9677734375,0.0,0.0,0.0,15498.9677734375,-115.0,0.0,115.0,0.0,-167.19970703125,0.0,167.1875,0.0,0.0,0.0,0.0,0.0,0.0,0.0,0.0,0.0,0.0,0.0,0.0,0.0,0.0,0.0,0.0,0.0,-2067.734375,0.0,2067.75,0.0,0.0,0.0,0.0,0.0,0.0,0.0,0.0,0.0,0.0,0.0,0.0,0.0,0.0,0.0,0.0,0.0,0.0,0.0,0.0,0.0,0.0,0.0,0.0,0.0,0.0,0.0,0.0,0.0,0.0,0.0,0.0,0.0,0.0,0.0,0.0,0.0,-567.7822265625,0.0,567.8125,0.0,0.0,0.0,0.0,0.0,0.0,0.0,0.0,0.0,0.0,0.0,0.0,0.0,0.0,0.0,0.0,0.0,180272.77734375,0.0,592826.6875,15498.9677734375,-2917.71630859375,0.0,2917.75,0.0,-1.5927225536773484,0.0,0.4946102499961853,0.0,TX
7725796,TX,4818,75.45108032226562,1,0.0,0.0,28039.28515625,1,0,1083.928466796875,0.0,54620.80078125,15642.8408203125,0.0,0.0,0.0,15642.8408203125,0.0,0.0,0.0,0.0,-94.99993896484375,0.0,95.0,0.0,0.0,0.0,0.0,0.0,0.0,0.0,0.0,0.0,0.0,0.0,0.0,0.0,0.0,0.0,0.0,0.0,0.0,0.0,0.0,0.0,0.0,0.0,0.0,0.0,0.0,0.0,0.0,0.0,0.0,0.0,0.0,0.0,0.0,0.0,0.0,0.0,0.0,0.0,0.0,0.0,0.0,0.0,0.0,0.0,0.0,0.0,0.0,0.0,0.0,0.0,0.0,0.0,0.0,0.0,0.0,0.0,-600.0,0.0,600.0,0.0,0.0,0.0,0.0,0.0,0.0,0.0,0.0,0.0,0.0,0.0,0.0,0.0,0.0,0.0,0.0,0.0,388.92852783203125,0.0,55315.80078125,15642.8408203125,-694.9999389648438,0.0,695.0,0.0,-64.11861670342908,0.0,1.2724090814590454,0.0,TX
7725797,TX,4818,0.11215831339359283,2,0.0,13396.2734375,-57204.44921875,1,1,0.0,0.0,36379.37890625,43491.68359375,0.0,0.0,0.0,43491.68359375,0.0,0.0,0.0,0.0,0.0,0.0,0.0,0.0,0.0,0.0,0.0,0.0,0.0,0.0,0.0,0.0,0.0,0.0,0.0,0.0,0.0,0.0,0.0,0.0,0.0,0.0,0.0,0.0,0.0,0.0,0.0,0.0,0.0,0.0,0.0,0.0,0.0,0.0,0.0,0.0,0.0,0.0,0.0,0.0,0.0,0.0,0.0,0.0,0.0,0.0,0.0,0.0,0.0,0.0,0.0,0.0,0.0,0.0,0.0,0.0,0.0,0.0,0.0,0.0,0.0,0.0,0.0,0.0,0.0,0.0,0.0,0.0,0.0,0.0,0.0,0.0,0.0,0.0,0.0,0.0,0.0,0.0,0.0,0.0,0.0,0.0,36379.37890625,43491.68359375,0.0,0.0,0.0,0.0,0.0,0.0,0.0,0.0,TX
7725798,TX,4818,0.2344127744436264,4,2.0,277123.4921875,442841.34375,4,0,74263.4296875,0.0,360989.4375,0.0,0.0,0.0,0.0,0.0,-292.0,0.0,292.0,0.0,-380.0390625,0.0,380.03125,0.0,0.0,0.0,0.0,0.0,0.0,0.0,0.0,0.0,-400.0,0.0,400.0,0.0,0.0,0.0,0.0,0.0,-856.1484375,0.0,856.15625,0.0,0.0,0.0,0.0,0.0,0.0,0.0,0.0,0.0,0.0,0.0,0.0,0.0,-480.0,0.0,480.0,0.0,0.0,0.0,0.0,0.0,0.0,0.0,0.0,0.0,0.0,0.0,0.0,0.0,0.0,0.0,0.0,0.0,0.0,0.0,0.0,0.0,0.0,0.0,0.0,0.0,0.0,0.0,0.0,0.0,0.0,0.0,0.0,0.0,0.0,0.0,0.0,0.0,0.0,0.0,0.0,0.0,71855.2421875,0.0,363397.625,0.0,-2408.1875,0.0,2408.1875,0.0,-3.242763645758937,0.0,0.6671074628829956,0.0,TX
7725799,TX,4818,0.4478207528591156,2,0.0,52055.9375,422101.8125,2,0,66448.7734375,0.0,449187.09375,89567.03125,0.0,0.0,0.0,89567.03125,-292.0,0.0,292.0,0.0,-456.0,0.0,456.0,0.0,0.0,0.0,0.0,0.0,0.0,0.0,0.0,0.0,0.0,0.0,0.0,0.0,0.0,0.0,0.0,0.0,0.0,0.0,0.0,0.0,0.0,0.0,0.0,0.0,0.0,0.0,0.0,0.0,0.0,0.0,0.0,0.0,-480.00390625,0.0,480.0,0.0,0.0,0.0,0.0,0.0,0.0,0.0,0.0,0.0,0.0,0.0,0.0,0.0,0.0,0.0,0.0,0.0,0.0,0.0,0.0,0.0,0.0,0.0,0.0,0.0,0.0,0.0,0.0,0.0,0.0,0.0,0.0,0.0,0.0,0.0,0.0,0.0,0.0,0.0,0.0,0.0,65220.76953125,0.0,450415.09375,89567.03125,-1228.00390625,0.0,1228.0,0.0,-1.8480460100667302,0.0,0.2733827233314514,0.0,TX
7725800,TX,4818,276.789794921875,1,0.0,8272.4091796875,8272.4091796875,1,0,0.0,0.0,10709.1103515625,3069.53955078125,0.0,0.0,0.0,3069.53955078125,0.0,0.0,0.0,0.0,0.0,0.0,0.0,0.0,0.0,0.0,0.0,0.0,0.0,0.0,0.0,0.0,0.0,0.0,0.0,0.0,0.0,0.0,0.0,0.0,0.0,0.0,0.0,0.0,0.0,0.0,0.0,0.0,0.0,0.0,0.0,0.0,0.0,0.0,0.0,0.0,0.0,0.0,0.0,0.0,0.0,0.0,0.0,0.0,0.0,0.0,0.0,0.0,0.0,0.0,0.0,0.0,0.0,0.0,0.0,0.0,0.0,0.0,0.0,0.0,0.0,0.0,0.0,0.0,0.0,0.0,0.0,0.0,0.0,0.0,0.0,0.0,0.0,0.0,0.0,0.0,0.0,0.0,0.0,0.0,0.0,0.0,10709.1103515625,3069.53955078125,0.0,0.0,0.0,0.0,0.0,0.0,0.0,0.0,TX
7725801,TX,4818,0.09551641345024109,2,0.0,0.0,94092.5,2,0,8360.080078125,0.0,83563.90625,389.11334228515625,0.0,0.0,0.0,389.11334228515625,-115.0,0.0,115.0,0.0,-167.2001953125,0.0,167.203125,0.0,0.0,0.0,0.0,0.0,0.0,0.0,0.0,0.0,0.0,0.0,0.0,0.0,0.0,0.0,0.0,0.0,0.0,0.0,0.0,0.0,0.0,0.0,0.0,0.0,0.0,0.0,0.0,0.0,0.0,0.0,0.0,0.0,0.0,0.0,0.0,0.0,0.0,0.0,0.0,0.0,0.0,0.0,0.0,0.0,0.0,0.0,0.0,0.0,0.0,0.0,0.0,0.0,0.0,0.0,0.0,0.0,-854.3828125,0.0,854.3828125,0.0,0.0,0.0,0.0,0.0,0.0,0.0,0.0,0.0,0.0,0.0,0.0,0.0,0.0,0.0,0.0,0.0,7223.4970703125,0.0,84700.4921875,389.11334228515625,-1136.5830078125,0.0,1136.5859375,0.0,-13.595360297881417,0.0,1.3601398468017578,0.0,TX
7725802,TX,4818,0.13870325684547424,4,2.0,4154.119140625,34589.15234375,4,0,-1909.765625,0.0,90761.609375,33086.0703125,8275.0205078125,13219.396484375,0.0,54580.4873046875,0.0,0.0,0.0,0.0,0.0,0.0,0.0,0.0,0.0,0.0,0.0,0.0,0.0,0.0,0.0,0.0,0.0,0.0,0.0,0.0,0.0,0.0,0.0,0.0,0.0,0.0,0.0,0.0,0.0,0.0,0.0,0.0,0.0,0.0,0.0,0.0,0.0,0.0,0.0,0.0,0.0,0.0,0.0,0.0,0.0,0.0,0.0,0.0,0.0,0.0,0.0,0.0,0.0,0.0,0.0,0.0,0.0,0.0,0.0,0.0,0.0,0.0,0.0,0.0,0.0,0.0,0.0,0.0,0.0,0.0,0.0,0.0,0.0,0.0,0.0,0.0,0.0,0.0,0.0,0.0,0.0,0.0,0.0,0.0,-1909.765625,0.0,90761.609375,54580.4873046875,0.0,0.0,0.0,0.0,0.0,0.0,0.0,0.0,TX
7725803,TX,4818,0.3364153206348419,2,0.0,55118.4638671875,65433.4921875,2,0,143.75619506835938,0.0,64373.5,0.0,0.0,0.0,0.0,0.0,0.0,0.0,0.0,0.0,0.0,0.0,0.0,0.0,0.0,0.0,0.0,0.0,0.0,0.0,0.0,0.0,0.0,0.0,0.0,0.0,0.0,0.0,0.0,0.0,0.0,0.0,0.0,0.0,0.0,0.0,0.0,0.0,0.0,0.0,0.0,0.0,0.0,0.0,0.0,0.0,0.0,0.0,0.0,0.0,0.0,0.0,0.0,0.0,0.0,0.0,0.0,0.0,-76.15585327148438,0.0,76.15625,0.0,0.0,0.0,0.0,0.0,-67.600341796875,0.0,67.6015625,0.0,0.0,0.0,0.0,0.0,0.0,0.0,0.0,0.0,0.0,0.0,0.0,0.0,0.0,0.0,0.0,0.0,0.0,0.0,0.0,0.0,0.0,0.0,64517.2578125,0.0,-143.75619506835938,0.0,143.7578125,0.0,-100.0,0.0,0.22331830859184265,0.0,TX
7725804,TX,4818,0.11801990121603012,3,0.0,318541.58984375,463820.4375,3,0,74360.39453125,0.0,370064.96875,942.7993774414062,0.0,0.0,0.0,942.7993774414062,-361.0,0.0,361.0,0.0,-418.00390625,0.0,418.0,0.0,0.0,0.0,0.0,0.0,0.0,0.0,0.0,0.0,0.0,0.0,0.0,0.0,0.0,0.0,0.0,0.0,-646.2421875,0.0,646.21875,0.0,0.0,0.0,0.0,0.0,0.0,0.0,0.0,0.0,0.0,0.0,0.0,0.0,-440.0,0.0,440.0,0.0,0.0,0.0,0.0,0.0,0.0,0.0,0.0,0.0,0.0,0.0,0.0,0.0,0.0,0.0,0.0,0.0,0.0,0.0,0.0,0.0,0.0,0.0,0.0,0.0,0.0,0.0,0.0,0.0,0.0,0.0,0.0,0.0,0.0,0.0,0.0,0.0,0.0,0.0,0.0,0.0,72495.1484375,0.0,371930.1875,942.7993774414062,-1865.24609375,0.0,1865.21875,0.0,-2.508386494595761,0.0,0.5040246248245239,0.0,TX
7725805,TX,4818,0.011040315963327885,3,1.0,142285.43359375,810802.58984375,3,0,185184.96447753906,0.0,625655.4375,8893.4013671875,0.0,4091.8681640625,0.0,12985.26953125,-5.0,0.0,5.0,0.0,-114.0,0.0,114.0,0.0,0.0,0.0,0.0,0.0,0.0,0.0,0.0,0.0,0.0,0.0,0.0,0.0,0.0,0.0,0.0,0.0,-1894.390625,0.0,1894.375,0.0,0.0,0.0,0.0,0.0,0.0,0.0,0.0,0.0,0.0,0.0,0.0,0.0,0.0,0.0,0.0,0.0,0.0,0.0,0.0,0.0,0.0,0.0,0.0,0.0,0.0,0.0,0.0,0.0,0.0,0.0,0.0,0.0,0.0,0.0,0.0,0.0,0.0,0.0,0.0,0.0,0.0,0.0,0.0,0.0,0.0,0.0,0.0,0.0,0.0,0.0,0.0,0.0,0.0,0.0,0.0,0.0,183171.57385253906,0.0,627668.8125,12985.26953125,-2013.390625,0.0,2013.375,0.0,-1.0872322332865219,0.0,0.3218025267124176,0.0,TX
7725806,TX,4818,0.45059266686439514,2,0.0,21094.642578125,3616.529296875,2,0,594.4642333984375,0.0,2798.995849609375,287.68316650390625,0.0,0.0,0.0,287.68316650390625,0.0,0.0,0.0,0.0,-94.99996948242188,0.0,95.0,0.0,0.0,0.0,0.0,0.0,0.0,0.0,0.0,0.0,0.0,0.0,0.0,0.0,0.0,0.0,0.0,0.0,0.0,0.0,0.0,0.0,0.0,0.0,0.0,0.0,0.0,0.0,0.0,0.0,0.0,0.0,0.0,0.0,0.0,0.0,0.0,0.0,0.0,0.0,0.0,0.0,0.0,0.0,0.0,0.0,0.0,0.0,0.0,0.0,0.0,0.0,0.0,0.0,0.0,0.0,0.0,0.0,0.0,0.0,0.0,0.0,-111.22149658203125,0.0,111.221435546875,0.0,0.0,0.0,0.0,0.0,0.0,0.0,0.0,0.0,0.0,0.0,0.0,0.0,388.2427673339844,0.0,3005.21728515625,287.68316650390625,-206.22146606445312,0.0,206.221435546875,0.0,-34.690306746551386,0.0,7.3676934242248535,0.0,TX
7725807,TX,4818,0.3827066421508789,3,1.0,53952.71484375,4755.0625,3,0,1541.010498046875,0.0,39201.21875,24136.22265625,9956.07568359375,0.0,0.0,34092.29833984375,-5.0,0.0,5.0,0.0,-114.0,0.0,114.0,0.0,0.0,0.0,0.0,0.0,0.0,0.0,0.0,0.0,0.0,0.0,0.0,0.0,0.0,0.0,0.0,0.0,0.0,0.0,0.0,0.0,0.0,0.0,0.0,0.0,0.0,0.0,0.0,0.0,0.0,0.0,0.0,0.0,0.0,0.0,0.0,0.0,0.0,0.0,0.0,0.0,0.0,0.0,0.0,0.0,0.0,0.0,0.0,0.0,0.0,0.0,0.0,0.0,0.0,0.0,0.0,0.0,0.0,0.0,0.0,0.0,-134.80615234375,0.0,134.8046875,0.0,0.0,0.0,0.0,0.0,0.0,0.0,0.0,0.0,0.0,0.0,0.0,0.0,1287.204345703125,0.0,39455.0234375,34092.29833984375,-253.80615234375,0.0,253.8046875,0.0,-16.470111830219967,0.0,0.6474407911300659,0.0,TX
7725808,TX,4818,0.142477348446846,3,1.0,153527.98828125,199851.96875,3,0,23214.453125,0.0,169282.6875,0.0,0.0,0.0,0.0,0.0,-230.0,0.0,230.0,0.0,-418.0,0.0,418.0,0.0,0.0,0.0,0.0,0.0,0.0,0.0,0.0,0.0,0.0,0.0,0.0,0.0,0.0,0.0,0.0,0.0,0.0,0.0,0.0,0.0,0.0,0.0,0.0,0.0,0.0,0.0,0.0,0.0,0.0,0.0,0.0,0.0,-337.56640625,0.0,337.5625,0.0,0.0,0.0,0.0,0.0,0.0,0.0,0.0,0.0,0.0,0.0,0.0,0.0,0.0,0.0,0.0,0.0,0.0,0.0,0.0,0.0,0.0,0.0,0.0,0.0,-102.015625,0.0,102.015625,0.0,0.0,0.0,0.0,0.0,0.0,0.0,0.0,0.0,0.0,0.0,0.0,0.0,22126.87109375,0.0,170370.265625,0.0,-1087.58203125,0.0,1087.578125,0.0,-4.6849349644113145,0.0,0.6424626708030701,0.0,TX
7725809,TX,4818,0.13652217388153076,2,0.0,88015.671875,103733.859375,2,0,7993.76513671875,0.0,92998.6953125,0.0,0.0,1032.8818359375,0.0,1032.8818359375,-10.0,0.0,10.0,0.0,-227.999755859375,0.0,228.0,0.0,0.0,0.0,0.0,0.0,0.0,0.0,0.0,0.0,0.0,0.0,0.0,0.0,0.0,0.0,0.0,0.0,-267.702392578125,0.0,267.703125,0.0,0.0,0.0,0.0,0.0,0.0,0.0,0.0,0.0,0.0,0.0,0.0,0.0,0.0,0.0,0.0,0.0,0.0,0.0,0.0,0.0,0.0,0.0,0.0,0.0,0.0,0.0,0.0,0.0,0.0,0.0,0.0,0.0,0.0,0.0,0.0,0.0,0.0,0.0,0.0,0.0,0.0,0.0,0.0,0.0,0.0,0.0,0.0,0.0,0.0,0.0,0.0,0.0,0.0,0.0,0.0,0.0,7488.06298828125,0.0,93504.3984375,1032.8818359375,-505.7021484375,0.0,505.703125,0.0,-6.326207235118727,0.0,0.543774425983429,0.0,TX
7725810,TX,4818,0.17645062506198883,4,3.0,15520.6455078125,15520.6455078125,4,0,-10916.791015625,0.0,69122.3984375,26575.130859375,12412.53076171875,0.0,0.0,38987.66162109375,0.0,0.0,0.0,0.0,0.0,0.0,0.0,0.0,0.0,0.0,0.0,0.0,0.0,0.0,0.0,0.0,0.0,0.0,0.0,0.0,0.0,0.0,0.0,0.0,0.0,0.0,0.0,0.0,0.0,0.0,0.0,0.0,0.0,0.0,0.0,0.0,0.0,0.0,0.0,0.0,0.0,0.0,0.0,0.0,0.0,0.0,0.0,0.0,0.0,0.0,0.0,0.0,0.0,0.0,0.0,0.0,0.0,0.0,0.0,0.0,0.0,0.0,0.0,0.0,0.0,0.0,0.0,0.0,0.0,0.0,0.0,0.0,0.0,0.0,0.0,0.0,0.0,0.0,0.0,0.0,0.0,0.0,0.0,0.0,-10916.791015625,0.0,69122.3984375,38987.66162109375,0.0,0.0,0.0,0.0,0.0,0.0,0.0,0.0,TX
7725811,TX,4818,97.41791534423828,1,0.0,0.0,7488.69970703125,1,0,0.0,0.0,41367.40625,12197.53515625,20223.16015625,0.0,0.0,32420.6953125,0.0,0.0,0.0,0.0,0.0,0.0,0.0,0.0,0.0,0.0,0.0,0.0,0.0,0.0,0.0,0.0,0.0,0.0,0.0,0.0,0.0,0.0,0.0,0.0,0.0,0.0,0.0,0.0,0.0,0.0,0.0,0.0,0.0,0.0,0.0,0.0,0.0,0.0,0.0,0.0,0.0,0.0,0.0,0.0,0.0,0.0,0.0,0.0,0.0,0.0,0.0,0.0,0.0,0.0,0.0,0.0,0.0,0.0,0.0,0.0,0.0,0.0,0.0,0.0,0.0,0.0,0.0,0.0,0.0,0.0,0.0,0.0,0.0,0.0,0.0,0.0,0.0,0.0,0.0,0.0,0.0,0.0,0.0,0.0,0.0,0.0,41367.40625,32420.6953125,0.0,0.0,0.0,0.0,0.0,0.0,0.0,0.0,TX
7725812,TX,4818,0.9115635752677917,5,2.0,710934.17578125,992598.759765625,0,5,251469.53125,0.0,742620.4375,0.0,0.0,0.0,0.0,0.0,-734.0,0.0,734.0,0.0,-703.0,0.0,703.0,0.0,0.0,0.0,0.0,0.0,0.0,0.0,0.0,0.0,0.0,0.0,0.0,0.0,0.0,0.0,0.0,0.0,-1794.359375,0.0,1794.3125,0.0,0.0,0.0,0.0,0.0,0.0,0.0,0.0,0.0,0.0,0.0,0.0,0.0,-700.0,0.0,700.0,0.0,0.0,0.0,0.0,0.0,0.0,0.0,0.0,0.0,0.0,0.0,0.0,0.0,0.0,0.0,0.0,0.0,0.0,0.0,0.0,0.0,0.0,0.0,0.0,0.0,0.0,0.0,0.0,0.0,0.0,0.0,0.0,0.0,0.0,0.0,0.0,0.0,0.0,0.0,0.0,0.0,247538.171875,0.0,746551.75,0.0,-3931.359375,0.0,3931.3125,0.0,-1.5633541588350972,0.0,0.5293838381767273,0.0,TX
7725813,TX,4818,0.12337145209312439,1,0.0,111677.5234375,136627.0625,1,0,21370.201171875,0.0,144172.6875,19160.08203125,0.0,0.0,0.0,19160.08203125,-131.0,0.0,131.0,0.0,-228.0,0.0,228.0,0.0,0.0,0.0,0.0,0.0,0.0,0.0,0.0,0.0,0.0,0.0,0.0,0.0,0.0,0.0,0.0,0.0,0.0,0.0,0.0,0.0,0.0,0.0,0.0,0.0,0.0,0.0,0.0,0.0,0.0,0.0,0.0,0.0,-240.0,0.0,240.0,0.0,0.0,0.0,0.0,0.0,0.0,0.0,0.0,0.0,0.0,0.0,0.0,0.0,0.0,0.0,0.0,0.0,0.0,0.0,0.0,0.0,-552.5703125,0.0,552.5625,0.0,0.0,0.0,0.0,0.0,0.0,0.0,0.0,0.0,0.0,0.0,0.0,0.0,0.0,0.0,0.0,0.0,20218.630859375,0.0,145324.25,19160.08203125,-1151.5703125,0.0,1151.5625,0.0,-5.388673242887224,0.0,0.7987383008003235,0.0,TX
7725814,TX,4818,0.6018098592758179,2,0.0,39254.33984375,145154.421875,2,0,9894.4287109375,0.0,187165.359375,33768.5703125,0.0,0.0,0.0,33768.5703125,-10.0,0.0,10.0,0.0,0.0,0.0,0.0,0.0,0.0,0.0,0.0,0.0,0.0,0.0,0.0,0.0,0.0,0.0,0.0,0.0,0.0,0.0,0.0,0.0,-356.7919921875,0.0,356.78125,0.0,0.0,0.0,0.0,0.0,0.0,0.0,0.0,0.0,0.0,0.0,0.0,0.0,0.0,0.0,0.0,0.0,0.0,0.0,0.0,0.0,0.0,0.0,0.0,0.0,0.0,0.0,0.0,0.0,0.0,0.0,0.0,0.0,0.0,0.0,0.0,0.0,-1440.0,0.0,1440.0,0.0,0.0,0.0,0.0,0.0,0.0,0.0,0.0,0.0,0.0,0.0,0.0,0.0,0.0,0.0,0.0,0.0,8087.63671875,0.0,188972.140625,33768.5703125,-1806.7919921875,0.0,1806.78125,0.0,-18.260700490875596,0.0,0.9653396010398865,0.0,TX
7725815,TX,4818,0.09928452968597412,2,0.0,200855.59375,312879.609375,2,0,48266.548828125,0.0,300186.28125,38801.91796875,0.0,0.0,0.0,38801.91796875,-136.0,0.0,136.0,0.0,-256.5,0.0,256.5,0.0,0.0,0.0,0.0,0.0,0.0,0.0,0.0,0.0,0.0,0.0,0.0,0.0,0.0,0.0,0.0,0.0,0.0,0.0,0.0,0.0,0.0,0.0,0.0,0.0,0.0,0.0,0.0,0.0,0.0,0.0,0.0,0.0,0.0,0.0,0.0,0.0,0.0,0.0,0.0,0.0,0.0,0.0,0.0,0.0,0.0,0.0,0.0,0.0,0.0,0.0,0.0,0.0,0.0,0.0,0.0,0.0,-1290.1513671875,0.0,1290.15625,0.0,0.0,0.0,0.0,0.0,0.0,0.0,0.0,0.0,0.0,0.0,0.0,0.0,0.0,0.0,0.0,0.0,46583.8974609375,0.0,301868.9375,38801.91796875,-1682.6513671875,0.0,1682.65625,0.0,-3.4861646586321,0.0,0.5605373382568359,0.0,TX
7725816,TX,4818,0.2236129343509674,2,0.0,145021.20703125,178010.83984375,2,0,24503.726806640625,0.0,160408.8125,36190.41796875,0.0,5430.7890625,0.0,41621.20703125,-136.0,0.0,136.0,0.0,-342.0,0.0,342.0,0.0,0.0,0.0,0.0,0.0,0.0,0.0,0.0,0.0,0.0,0.0,0.0,0.0,0.0,0.0,0.0,0.0,0.0,0.0,0.0,0.0,0.0,0.0,0.0,0.0,0.0,0.0,0.0,0.0,0.0,0.0,0.0,0.0,0.0,0.0,0.0,0.0,0.0,0.0,0.0,0.0,0.0,0.0,0.0,0.0,0.0,0.0,0.0,0.0,0.0,0.0,0.0,0.0,0.0,0.0,0.0,0.0,-472.841796875,0.0,472.84375,0.0,-202.2091064453125,0.0,202.21875,0.0,0.0,0.0,0.0,0.0,0.0,0.0,0.0,0.0,0.0,0.0,0.0,0.0,23350.675903320312,0.0,161561.875,41621.20703125,-1153.0509033203125,0.0,1153.0625,0.0,-4.705614425181357,0.0,0.7188274264335632,0.0,TX
7725817,TX,4818,0.1658501774072647,4,0.0,354958.328125,748429.5390625,4,0,125051.30419921875,0.0,599594.125,0.0,0.0,0.0,0.0,0.0,-522.00048828125,0.0,522.0,0.0,-418.0,0.0,418.0,0.0,0.0,0.0,0.0,0.0,0.0,0.0,0.0,0.0,0.0,0.0,0.0,0.0,0.0,0.0,0.0,0.0,-1200.0,0.0,1200.0,0.0,0.0,0.0,0.0,0.0,0.0,0.0,0.0,0.0,0.0,0.0,0.0,0.0,0.0,0.0,0.0,0.0,0.0,0.0,0.0,0.0,0.0,0.0,0.0,0.0,0.0,0.0,0.0,0.0,-2489.40380859375,0.0,2489.375,0.0,0.0,0.0,0.0,0.0,0.0,0.0,0.0,0.0,-133.2177734375,0.0,133.1875,0.0,0.0,0.0,0.0,0.0,0.0,0.0,0.0,0.0,0.0,0.0,0.0,0.0,120288.68212890625,0.0,604356.6875,0.0,-4762.6220703125,0.0,4762.5625,0.0,-3.8085345057458855,0.0,0.7942977547645569,0.0,TX
7725818,TX,4818,0.02138453535735607,4,1.0,112160.07421875,105452.349609375,4,0,6533.504150390625,0.0,120641.25,12931.107421875,4137.51025390625,6009.4619140625,0.0,23078.07958984375,-115.0,0.0,115.0,0.0,-331.021484375,0.0,331.015625,0.0,0.0,0.0,0.0,0.0,0.0,0.0,0.0,0.0,100.0,0.0,-100.0,0.0,0.0,0.0,0.0,0.0,0.0,0.0,0.0,0.0,0.0,0.0,0.0,0.0,0.0,0.0,0.0,0.0,0.0,0.0,0.0,0.0,0.0,0.0,0.0,0.0,0.0,0.0,0.0,0.0,0.0,0.0,0.0,0.0,0.0,0.0,0.0,0.0,0.0,0.0,0.0,0.0,-1682.056640625,0.0,1682.0625,0.0,0.0,0.0,0.0,0.0,0.0,0.0,0.0,0.0,0.0,0.0,0.0,0.0,0.0,0.0,0.0,0.0,0.0,0.0,0.0,0.0,4505.426025390625,0.0,122669.328125,23078.07958984375,-2028.078125,0.0,2028.078125,0.0,-31.04120053063325,0.0,1.681081771850586,0.0,TX
7725819,TX,4818,0.13479723036289215,2,0.0,198063.96875,238349.994140625,2,0,38962.56640625,0.0,286055.53125,58595.2578125,0.0,0.0,0.0,58595.2578125,-131.0,0.0,131.0,0.0,0.0,0.0,0.0,0.0,0.0,0.0,0.0,0.0,0.0,0.0,0.0,0.0,0.0,0.0,0.0,0.0,0.0,0.0,0.0,0.0,0.0,0.0,0.0,0.0,0.0,0.0,0.0,0.0,0.0,0.0,0.0,0.0,0.0,0.0,0.0,0.0,0.0,0.0,0.0,0.0,0.0,0.0,0.0,0.0,0.0,0.0,0.0,0.0,0.0,0.0,0.0,0.0,0.0,0.0,0.0,0.0,0.0,0.0,0.0,0.0,0.0,0.0,0.0,0.0,0.0,0.0,0.0,0.0,0.0,0.0,0.0,0.0,0.0,0.0,0.0,0.0,0.0,0.0,0.0,0.0,38831.56640625,0.0,286186.53125,58595.2578125,-131.0,0.0,131.0,0.0,-0.33622015201489974,0.0,0.04579530656337738,0.0,TX
7725820,TX,4818,1045.4522705078125,3,0.0,11827.2783203125,11827.2783203125,3,0,0.0,0.0,21199.115234375,10164.0576171875,0.0,0.0,0.0,10164.0576171875,0.0,0.0,0.0,0.0,0.0,0.0,0.0,0.0,0.0,0.0,0.0,0.0,0.0,0.0,0.0,0.0,0.0,0.0,0.0,0.0,0.0,0.0,0.0,0.0,0.0,0.0,0.0,0.0,0.0,0.0,0.0,0.0,0.0,0.0,0.0,0.0,0.0,0.0,0.0,0.0,0.0,0.0,0.0,0.0,0.0,0.0,0.0,0.0,0.0,0.0,0.0,0.0,0.0,0.0,0.0,0.0,0.0,0.0,0.0,0.0,0.0,0.0,0.0,0.0,0.0,0.0,0.0,0.0,0.0,0.0,0.0,0.0,0.0,0.0,0.0,0.0,0.0,0.0,0.0,0.0,0.0,0.0,0.0,0.0,0.0,0.0,21199.115234375,10164.0576171875,0.0,0.0,0.0,0.0,0.0,0.0,0.0,0.0,TX
7725821,TX,4818,0.5804905891418457,4,2.0,152476.197265625,153792.421875,4,0,12765.3046875,0.0,131642.890625,389.11334228515625,0.0,0.0,0.0,389.11334228515625,-230.0,0.0,230.0,0.0,-418.0,0.0,418.0,0.0,0.0,0.0,0.0,0.0,0.0,0.0,0.0,0.0,-400.0,0.0,400.0,0.0,0.0,0.0,0.0,0.0,-1042.9716796875,0.0,1042.96875,0.0,0.0,0.0,0.0,0.0,0.0,0.0,0.0,0.0,0.0,0.0,0.0,0.0,-17.001953125,0.0,17.0,0.0,0.0,0.0,0.0,0.0,0.0,0.0,0.0,0.0,0.0,0.0,0.0,0.0,0.0,0.0,0.0,0.0,-1281.3544921875,0.0,1281.359375,0.0,0.0,0.0,0.0,0.0,-321.01953125,0.0,321.015625,0.0,0.0,0.0,0.0,0.0,0.0,0.0,0.0,0.0,0.0,0.0,0.0,0.0,9054.95703125,0.0,135353.234375,389.11334228515625,-3710.34765625,0.0,3710.34375,0.0,-29.06587619395591,0.0,2.8184914588928223,0.0,TX
7725822,TX,4818,0.17526063323020935,4,2.0,765665.109375,1085495.625,4,0,278690.71875,0.0,782339.625,0.0,0.0,0.0,0.0,0.0,-734.0,0.0,734.0,0.0,0.0,0.0,0.0,0.0,0.0,0.0,0.0,0.0,0.0,0.0,0.0,0.0,0.0,0.0,0.0,0.0,0.0,0.0,0.0,0.0,-1823.25,0.0,1823.25,0.0,0.0,0.0,0.0,0.0,0.0,0.0,0.0,0.0,0.0,0.0,0.0,0.0,0.0,0.0,0.0,0.0,0.0,0.0,0.0,0.0,0.0,0.0,0.0,0.0,0.0,0.0,0.0,0.0,0.0,0.0,0.0,0.0,0.0,0.0,0.0,0.0,0.0,0.0,0.0,0.0,0.0,0.0,0.0,0.0,0.0,0.0,0.0,0.0,0.0,0.0,0.0,0.0,0.0,0.0,0.0,0.0,276133.46875,0.0,784896.875,0.0,-2557.25,0.0,2557.25,0.0,-0.9175942462203004,0.0,0.3268721103668213,0.0,TX
7725823,TX,4818,0.174782395362854,7,5.0,310646.953125,385515.9375,7,0,61713.421875,0.0,509202.875,23913.634765625,28498.1806640625,0.0,0.0,52411.8154296875,-292.0,0.0,292.0,0.0,-456.0,0.0,456.0,0.0,0.0,0.0,0.0,0.0,0.0,0.0,0.0,0.0,0.0,0.0,0.0,0.0,0.0,0.0,0.0,0.0,0.0,0.0,0.0,0.0,0.0,0.0,0.0,0.0,0.0,0.0,0.0,0.0,0.0,0.0,0.0,0.0,-480.0,0.0,480.0,0.0,0.0,0.0,0.0,0.0,0.0,0.0,0.0,0.0,0.0,0.0,0.0,0.0,0.0,0.0,0.0,0.0,0.0,0.0,0.0,0.0,0.0,0.0,0.0,0.0,0.0,0.0,0.0,0.0,0.0,0.0,0.0,0.0,0.0,0.0,0.0,0.0,0.0,0.0,-4137.53125,-4137.51025390625,60485.421875,0.0,506293.34375,48274.30517578125,-1228.0,0.0,-2909.53125,-4137.51025390625,-1.989842667430277,0.0,-0.571389377117157,-7.894231901691866,TX
7725824,TX,4818,0.11049456149339676,6,3.9999999999999996,156443.609375,476654.625,6,0,70487.828125,0.0,394769.75,0.0,0.0,0.0,0.0,0.0,0.0,0.0,0.0,0.0,0.0,0.0,0.0,0.0,0.0,0.0,0.0,0.0,0.0,0.0,0.0,0.0,-800.0,0.0,800.0,0.0,0.0,0.0,0.0,0.0,-609.875,0.0,609.875,0.0,0.0,0.0,0.0,0.0,0.0,0.0,0.0,0.0,0.0,0.0,0.0,0.0,0.0,0.0,0.0,0.0,0.0,0.0,0.0,0.0,0.0,0.0,0.0,0.0,0.0,0.0,0.0,0.0,0.0,0.0,0.0,0.0,0.0,0.0,0.0,0.0,0.0,0.0,0.0,0.0,0.0,0.0,0.0,0.0,0.0,0.0,0.0,0.0,0.0,0.0,0.0,0.0,0.0,0.0,0.0,0.0,69077.953125,0.0,396179.625,0.0,-1409.875,0.0,1409.875,0.0,-2.000168025463616,0.0,0.3571385443210602,0.0,TX
7725825,TX,4818,0.0966305211186409,5,3.0,315947.2265625,483561.1875,5,0,89263.9296875,0.0,388622.40625,0.0,0.0,0.0,0.0,0.0,-571.171875,0.0,571.1875,0.0,-499.3828125,0.0,499.375,0.0,0.0,0.0,0.0,0.0,0.0,0.0,0.0,0.0,-600.0,0.0,600.0,0.0,0.0,0.0,0.0,0.0,0.0,0.0,0.0,0.0,0.0,0.0,0.0,0.0,0.0,0.0,0.0,0.0,0.0,0.0,0.0,0.0,-525.671875,0.0,525.65625,0.0,0.0,0.0,0.0,0.0,0.0,0.0,0.0,0.0,0.0,0.0,0.0,0.0,0.0,0.0,0.0,0.0,0.0,0.0,0.0,0.0,0.0,0.0,0.0,0.0,0.0,0.0,0.0,0.0,0.0,0.0,0.0,0.0,0.0,0.0,0.0,0.0,0.0,0.0,0.0,0.0,87067.703125,0.0,390818.625,0.0,-2196.2265625,0.0,2196.21875,0.0,-2.4603740505136495,0.0,0.5651292204856873,0.0,TX
7725826,TX,4818,0.0009222814696840942,6,3.9999999999999996,715588.75390625,721931.1875,6,0,179015.859375,0.0,523088.9375,0.0,0.0,0.0,0.0,0.0,-749.0,0.0,749.0,0.0,0.0,0.0,0.0,0.0,0.0,0.0,0.0,0.0,0.0,0.0,0.0,0.0,0.0,0.0,0.0,0.0,0.0,0.0,0.0,0.0,0.0,0.0,0.0,0.0,0.0,0.0,0.0,0.0,0.0,0.0,0.0,0.0,0.0,0.0,0.0,0.0,0.0,0.0,0.0,0.0,0.0,0.0,0.0,0.0,0.0,0.0,0.0,0.0,0.0,0.0,0.0,0.0,0.0,0.0,0.0,0.0,0.0,0.0,0.0,0.0,0.0,0.0,0.0,0.0,0.0,0.0,0.0,0.0,0.0,0.0,0.0,0.0,0.0,0.0,0.0,0.0,0.0,0.0,0.0,0.0,178266.859375,0.0,523837.9375,0.0,-749.0,0.0,749.0,0.0,-0.4183986841249663,0.0,0.14318789541721344,0.0,TX
7725827,TX,4818,358.8345031738281,1,0.0,4687.6982421875,4687.6982421875,1,0,0.0,0.0,34860.828125,10308.5791015625,20223.16015625,0.0,0.0,30531.7392578125,0.0,0.0,0.0,0.0,0.0,0.0,0.0,0.0,0.0,0.0,0.0,0.0,0.0,0.0,0.0,0.0,0.0,0.0,0.0,0.0,0.0,0.0,0.0,0.0,0.0,0.0,0.0,0.0,0.0,0.0,0.0,0.0,0.0,0.0,0.0,0.0,0.0,0.0,0.0,0.0,0.0,0.0,0.0,0.0,0.0,0.0,0.0,0.0,0.0,0.0,0.0,0.0,0.0,0.0,0.0,0.0,0.0,0.0,0.0,0.0,0.0,0.0,0.0,0.0,0.0,0.0,0.0,0.0,0.0,0.0,0.0,0.0,0.0,0.0,-3596.0390625,-3596.03955078125,0.0,0.0,0.0,0.0,0.0,0.0,0.0,0.0,0.0,0.0,31264.7890625,26935.69970703125,0.0,0.0,-3596.0390625,-3596.03955078125,0.0,0.0,-10.315415382385254,-11.778037013928353,TX
7725828,TX,4818,152.16928100585938,2,0.0,18455.01953125,54552.2734375,2,0,2095.227294921875,0.0,127513.84375,46431.5078125,0.0,0.0,0.0,46431.5078125,0.0,0.0,0.0,0.0,-190.0,0.0,190.0,0.0,0.0,0.0,0.0,0.0,0.0,0.0,0.0,0.0,0.0,0.0,0.0,0.0,0.0,0.0,0.0,0.0,0.0,0.0,0.0,0.0,0.0,0.0,0.0,0.0,0.0,0.0,0.0,0.0,0.0,0.0,0.0,0.0,0.0,0.0,0.0,0.0,0.0,0.0,0.0,0.0,0.0,0.0,0.0,0.0,0.0,0.0,0.0,0.0,0.0,0.0,0.0,0.0,0.0,0.0,0.0,0.0,-1199.9999389648438,0.0,1200.0,0.0,0.0,0.0,0.0,0.0,0.0,0.0,0.0,0.0,0.0,0.0,0.0,0.0,0.0,0.0,0.0,0.0,705.2273559570312,0.0,128903.84375,46431.5078125,-1389.9999389648438,0.0,1390.0,0.0,-66.34124814685907,0.0,1.0900776386260986,0.0,TX
7725829,TX,4818,0.11610133945941925,1,0.0,74904.578125,74904.578125,1,0,7973.00732421875,0.0,61989.33203125,0.0,0.0,0.0,0.0,0.0,-115.0,0.0,115.0,0.0,-209.0,0.0,209.0,0.0,0.0,0.0,0.0,0.0,0.0,0.0,0.0,0.0,0.0,0.0,0.0,0.0,0.0,0.0,0.0,0.0,0.0,0.0,0.0,0.0,0.0,0.0,0.0,0.0,0.0,0.0,0.0,0.0,0.0,0.0,0.0,0.0,0.0,0.0,0.0,0.0,0.0,0.0,0.0,0.0,0.0,0.0,0.0,0.0,0.0,0.0,0.0,0.0,0.0,0.0,0.0,0.0,0.0,0.0,0.0,0.0,0.0,0.0,0.0,0.0,0.0,0.0,0.0,0.0,0.0,0.0,0.0,0.0,0.0,0.0,0.0,0.0,0.0,0.0,0.0,0.0,7649.00732421875,0.0,62313.33203125,0.0,-324.0,0.0,324.0,0.0,-4.063711305216288,0.0,0.522670567035675,0.0,TX
7725830,TX,4818,75.70313262939453,2,0.0,0.0,253360.65625,2,0,38251.5625,0.0,236263.0625,16937.69140625,0.0,0.0,0.0,16937.69140625,-292.0,0.0,292.0,0.0,-456.0,0.0,456.0,0.0,0.0,0.0,0.0,0.0,0.0,0.0,0.0,0.0,0.0,0.0,0.0,0.0,0.0,0.0,0.0,0.0,0.0,0.0,0.0,0.0,0.0,0.0,0.0,0.0,0.0,0.0,0.0,0.0,0.0,0.0,0.0,0.0,0.0,0.0,0.0,0.0,0.0,0.0,0.0,0.0,0.0,0.0,0.0,0.0,0.0,0.0,0.0,0.0,0.0,0.0,0.0,0.0,0.0,0.0,0.0,0.0,-1391.60546875,0.0,1391.609375,0.0,0.0,0.0,0.0,0.0,0.0,0.0,0.0,0.0,0.0,0.0,0.0,0.0,0.0,0.0,0.0,0.0,36111.95703125,0.0,238402.671875,16937.69140625,-2139.60546875,0.0,2139.609375,0.0,-5.593511294473265,0.0,0.9056046605110168,0.0,TX
7725831,TX,4818,91.20626831054688,4,2.0,1443.943603515625,1443.943603515625,4,0,0.0,0.0,24070.38671875,2261.924560546875,19912.1513671875,0.0,0.0,22174.075927734375,0.0,0.0,0.0,0.0,0.0,0.0,0.0,0.0,0.0,0.0,0.0,0.0,0.0,0.0,0.0,0.0,0.0,0.0,0.0,0.0,0.0,0.0,0.0,0.0,0.0,0.0,0.0,0.0,0.0,0.0,0.0,0.0,0.0,0.0,0.0,0.0,0.0,0.0,0.0,0.0,0.0,0.0,0.0,0.0,0.0,0.0,0.0,0.0,0.0,0.0,0.0,0.0,0.0,0.0,0.0,0.0,0.0,0.0,0.0,0.0,0.0,0.0,0.0,0.0,0.0,0.0,0.0,0.0,0.0,0.0,0.0,0.0,0.0,0.0,0.0,0.0,0.0,0.0,0.0,0.0,0.0,0.0,0.0,0.0,0.0,0.0,24070.38671875,22174.075927734375,0.0,0.0,0.0,0.0,0.0,0.0,0.0,0.0,TX
7725832,TX,4818,83.44245910644531,4,2.0,23353.015625,23413.12890625,4,0,0.0,0.0,27466.357421875,1130.9622802734375,4137.51025390625,0.0,0.0,5268.4725341796875,0.0,0.0,0.0,0.0,0.0,0.0,0.0,0.0,0.0,0.0,0.0,0.0,0.0,0.0,0.0,0.0,0.0,0.0,0.0,0.0,0.0,0.0,0.0,0.0,0.0,0.0,0.0,0.0,0.0,0.0,0.0,0.0,0.0,0.0,0.0,0.0,0.0,0.0,0.0,0.0,0.0,0.0,0.0,0.0,0.0,0.0,0.0,0.0,0.0,0.0,0.0,0.0,0.0,0.0,0.0,0.0,0.0,0.0,0.0,0.0,0.0,0.0,0.0,0.0,0.0,0.0,0.0,0.0,0.0,0.0,0.0,0.0,0.0,0.0,0.0,0.0,0.0,0.0,0.0,0.0,0.0,0.0,0.0,0.0,0.0,0.0,27466.357421875,5268.4725341796875,0.0,0.0,0.0,0.0,0.0,0.0,0.0,0.0,TX
7725833,TX,4818,0.10638835281133652,1,0.0,93470.2109375,118070.765625,1,0,16387.14453125,0.0,97220.90625,0.0,0.0,0.0,0.0,0.0,-115.0,0.0,115.0,0.0,-209.0,0.0,209.0,0.0,0.0,0.0,0.0,0.0,0.0,0.0,0.0,0.0,0.0,0.0,0.0,0.0,0.0,0.0,0.0,0.0,-17.576171875,0.0,17.578125,0.0,0.0,0.0,0.0,0.0,0.0,0.0,0.0,0.0,0.0,0.0,0.0,0.0,-220.0,0.0,220.0,0.0,0.0,0.0,0.0,0.0,0.0,0.0,0.0,0.0,0.0,0.0,0.0,0.0,0.0,0.0,0.0,0.0,0.0,0.0,0.0,0.0,0.0,0.0,0.0,0.0,0.0,0.0,0.0,0.0,0.0,0.0,0.0,0.0,0.0,0.0,0.0,0.0,0.0,0.0,0.0,0.0,15825.568359375,0.0,97782.484375,0.0,-561.576171875,0.0,561.578125,0.0,-3.4269312191888224,0.0,0.5776310563087463,0.0,TX
7725834,TX,4818,230.19622802734375,1,0.0,0.0,1401.56689453125,1,0,0.0,0.0,59757.50390625,32239.37890625,0.0,0.0,0.0,32239.37890625,0.0,0.0,0.0,0.0,0.0,0.0,0.0,0.0,0.0,0.0,0.0,0.0,0.0,0.0,0.0,0.0,0.0,0.0,0.0,0.0,0.0,0.0,0.0,0.0,0.0,0.0,0.0,0.0,0.0,0.0,0.0,0.0,0.0,0.0,0.0,0.0,0.0,0.0,0.0,0.0,0.0,0.0,0.0,0.0,0.0,0.0,0.0,0.0,0.0,0.0,0.0,0.0,0.0,0.0,0.0,0.0,0.0,0.0,0.0,0.0,0.0,0.0,0.0,0.0,0.0,0.0,0.0,0.0,0.0,0.0,0.0,0.0,0.0,0.0,0.0,0.0,0.0,0.0,0.0,0.0,0.0,0.0,0.0,0.0,0.0,0.0,59757.50390625,32239.37890625,0.0,0.0,0.0,0.0,0.0,0.0,0.0,0.0,TX
7725835,TX,4818,235.34422302246094,1,0.0,132634.296875,1751209.875,1,0,646389.625,0.0,1262870.25,0.0,0.0,0.0,0.0,0.0,-350.25,0.0,350.25,0.0,0.0,0.0,0.0,0.0,0.0,0.0,0.0,0.0,0.0,0.0,0.0,0.0,0.0,0.0,0.0,0.0,0.0,0.0,0.0,0.0,-1848.875,0.0,1848.75,0.0,0.0,0.0,0.0,0.0,0.0,0.0,0.0,0.0,0.0,0.0,0.0,0.0,0.0,0.0,0.0,0.0,0.0,0.0,0.0,0.0,0.0,0.0,0.0,0.0,0.0,0.0,0.0,0.0,0.0,0.0,0.0,0.0,0.0,0.0,0.0,0.0,0.0,0.0,0.0,0.0,0.0,0.0,0.0,0.0,0.0,0.0,0.0,0.0,0.0,0.0,0.0,0.0,0.0,0.0,0.0,0.0,644190.5,0.0,1265069.25,0.0,-2199.125,0.0,2199.0,0.0,-0.3402166301787409,0.0,0.17412714660167694,0.0,TX
7725836,TX,4818,0.1712825745344162,4,1.0,115043.125,128439.28125,4,0,5930.73095703125,0.0,135719.5625,0.0,0.0,0.0,0.0,0.0,-17.0,0.0,17.0,0.0,-405.0,0.0,405.0,0.0,0.0,0.0,0.0,0.0,0.0,0.0,0.0,0.0,-200.0,0.0,200.0,0.0,-158.9404296875,0.0,158.9375,0.0,0.0,0.0,0.0,0.0,0.0,0.0,0.0,0.0,0.0,0.0,0.0,0.0,0.0,0.0,0.0,0.0,-240.0,0.0,240.0,0.0,0.0,0.0,0.0,0.0,0.0,0.0,0.0,0.0,0.0,0.0,0.0,0.0,0.0,0.0,0.0,0.0,0.0,0.0,0.0,0.0,0.0,0.0,0.0,0.0,-46.69384765625,0.0,46.703125,0.0,0.0,0.0,0.0,0.0,0.0,0.0,0.0,0.0,0.0,0.0,0.0,0.0,4863.0966796875,0.0,136787.203125,0.0,-1067.63427734375,0.0,1067.640625,0.0,-18.001731744010463,0.0,0.7866519689559937,0.0,TX
7725837,TX,4818,0.22378557920455933,3,1.0,215150.90625,248164.921875,3,0,32917.609375,0.0,205210.53125,0.0,0.0,0.0,0.0,0.0,-230.0,0.0,230.0,0.0,-418.0,0.0,418.0,0.0,0.0,0.0,0.0,0.0,0.0,0.0,0.0,0.0,-200.0,0.0,200.0,0.0,0.0,0.0,0.0,0.0,0.0,0.0,0.0,0.0,0.0,0.0,0.0,0.0,0.0,0.0,0.0,0.0,0.0,0.0,0.0,0.0,-440.0,0.0,440.0,0.0,0.0,0.0,0.0,0.0,0.0,0.0,0.0,0.0,0.0,0.0,0.0,0.0,0.0,0.0,0.0,0.0,0.0,0.0,0.0,0.0,0.0,0.0,0.0,0.0,0.0,0.0,0.0,0.0,0.0,0.0,0.0,0.0,0.0,0.0,0.0,0.0,0.0,0.0,0.0,0.0,31629.609375,0.0,206498.53125,0.0,-1288.0,0.0,1288.0,0.0,-3.912799332803918,0.0,0.627648115158081,0.0,TX
7725838,TX,4818,0.12455157935619354,2,0.0,255058.28125,473869.0625,2,0,89701.921875,0.0,394360.875,20337.21875,0.0,0.0,0.0,20337.21875,-292.0,0.0,292.0,0.0,-477.296875,0.0,477.3125,0.0,0.0,0.0,0.0,0.0,0.0,0.0,0.0,0.0,0.0,0.0,0.0,0.0,0.0,0.0,0.0,0.0,-418.140625,0.0,418.125,0.0,0.0,0.0,0.0,0.0,0.0,0.0,0.0,0.0,0.0,0.0,0.0,0.0,-480.0,0.0,480.0,0.0,0.0,0.0,0.0,0.0,0.0,0.0,0.0,0.0,0.0,0.0,0.0,0.0,0.0,0.0,0.0,0.0,0.0,0.0,0.0,0.0,0.0,0.0,0.0,0.0,0.0,0.0,0.0,0.0,0.0,0.0,0.0,0.0,0.0,0.0,0.0,0.0,0.0,0.0,0.0,0.0,88034.484375,0.0,396028.3125,20337.21875,-1667.4375,0.0,1667.4375,0.0,-1.8588648550067648,0.0,0.42282021045684814,0.0,TX
7725839,TX,4818,298.9410705566406,1,0.0,0.0,0.0,1,0,0.0,0.0,3596.039794921875,3596.039794921875,0.0,0.0,0.0,3596.039794921875,0.0,0.0,0.0,0.0,0.0,0.0,0.0,0.0,0.0,0.0,0.0,0.0,0.0,0.0,0.0,0.0,0.0,0.0,0.0,0.0,0.0,0.0,0.0,0.0,0.0,0.0,0.0,0.0,0.0,0.0,0.0,0.0,0.0,0.0,0.0,0.0,0.0,0.0,0.0,0.0,0.0,0.0,0.0,0.0,0.0,0.0,0.0,0.0,0.0,0.0,0.0,0.0,0.0,0.0,0.0,0.0,0.0,0.0,0.0,0.0,0.0,0.0,0.0,0.0,0.0,0.0,0.0,0.0,0.0,0.0,0.0,0.0,0.0,0.0,0.0,0.0,0.0,0.0,0.0,0.0,0.0,0.0,0.0,0.0,0.0,0.0,3596.039794921875,3596.039794921875,0.0,0.0,0.0,0.0,0.0,0.0,0.0,0.0,TX
7725840,TX,4818,0.09733066707849503,1,0.0,51426.80859375,51409.40625,1,0,4021.047119140625,0.0,43535.84375,0.0,0.0,0.0,0.0,0.0,-5.0,0.0,5.0,0.0,-114.0,0.0,114.0,0.0,0.0,0.0,0.0,0.0,0.0,0.0,0.0,0.0,0.0,0.0,0.0,0.0,0.0,0.0,0.0,0.0,0.0,0.0,0.0,0.0,0.0,0.0,0.0,0.0,0.0,0.0,0.0,0.0,0.0,0.0,0.0,0.0,-120.0,0.0,120.0,0.0,0.0,0.0,0.0,0.0,0.0,0.0,0.0,0.0,0.0,0.0,0.0,0.0,0.0,0.0,0.0,0.0,0.0,0.0,0.0,0.0,0.0,0.0,0.0,0.0,0.0,0.0,0.0,0.0,0.0,0.0,0.0,0.0,0.0,0.0,0.0,0.0,0.0,0.0,0.0,0.0,3782.047119140625,0.0,43774.84375,0.0,-239.0,0.0,239.0,0.0,-5.943725425706498,0.0,0.5489729642868042,0.0,TX
7725841,TX,4818,0.10123444348573685,2,0.0,16092.056640625,340186.65625,2,0,47765.953125,0.0,293385.3125,0.0,0.0,0.0,0.0,0.0,-230.0,0.0,230.0,0.0,-418.0,0.0,418.0,0.0,0.0,0.0,0.0,0.0,0.0,0.0,0.0,0.0,0.0,0.0,0.0,0.0,0.0,0.0,0.0,0.0,0.0,0.0,0.0,0.0,0.0,0.0,0.0,0.0,0.0,0.0,0.0,0.0,0.0,0.0,0.0,0.0,-440.0,0.0,440.0,0.0,0.0,0.0,0.0,0.0,0.0,0.0,0.0,0.0,0.0,0.0,0.0,0.0,0.0,0.0,0.0,0.0,0.0,0.0,0.0,0.0,-129.5390625,0.0,129.53125,0.0,0.0,0.0,0.0,0.0,0.0,0.0,0.0,0.0,0.0,0.0,0.0,0.0,0.0,0.0,0.0,0.0,46548.4140625,0.0,294602.84375,0.0,-1217.5390625,0.0,1217.53125,0.0,-2.548968423834838,0.0,0.41499394178390503,0.0,TX
7725842,TX,4818,0.09432826936244965,3,0.0,80818.2119140625,126470.5009765625,3,0,12824.7646484375,0.0,121446.734375,0.0,0.0,0.0,0.0,0.0,-120.0,0.0,120.0,0.0,-323.0,0.0,323.0,0.0,0.0,0.0,0.0,0.0,0.0,0.0,0.0,0.0,0.0,0.0,0.0,0.0,0.0,0.0,0.0,0.0,0.0,0.0,0.0,0.0,0.0,0.0,0.0,0.0,0.0,0.0,0.0,0.0,0.0,0.0,0.0,0.0,0.0,0.0,0.0,0.0,0.0,0.0,0.0,0.0,0.0,0.0,0.0,0.0,0.0,0.0,0.0,0.0,0.0,0.0,0.0,0.0,0.0,0.0,0.0,0.0,0.0,0.0,0.0,0.0,-352.1820068359375,0.0,352.1875,0.0,0.0,0.0,0.0,0.0,0.0,0.0,0.0,0.0,0.0,0.0,0.0,0.0,12029.582641601562,0.0,122241.921875,0.0,-795.1820068359375,0.0,795.1875,0.0,-6.200363348833993,0.0,0.6547623872756958,0.0,TX
7725843,TX,4818,24.276418685913086,1,0.0,5363.2783203125,5363.2783203125,1,0,0.0,0.0,5809.037109375,856.0493774414062,0.0,0.0,0.0,856.0493774414062,0.0,0.0,0.0,0.0,0.0,0.0,0.0,0.0,0.0,0.0,0.0,0.0,0.0,0.0,0.0,0.0,0.0,0.0,0.0,0.0,0.0,0.0,0.0,0.0,0.0,0.0,0.0,0.0,0.0,0.0,0.0,0.0,0.0,0.0,0.0,0.0,0.0,0.0,0.0,0.0,0.0,0.0,0.0,0.0,0.0,0.0,0.0,0.0,0.0,0.0,0.0,0.0,0.0,0.0,0.0,0.0,0.0,0.0,0.0,0.0,0.0,0.0,0.0,0.0,0.0,0.0,0.0,0.0,0.0,0.0,0.0,0.0,0.0,0.0,0.0,0.0,0.0,0.0,0.0,0.0,0.0,0.0,0.0,0.0,0.0,0.0,5809.037109375,856.0493774414062,0.0,0.0,0.0,0.0,0.0,0.0,0.0,0.0,TX
7725844,TX,4818,0.11551417410373688,3,0.0,95851.9248046875,1921840.3662109375,3,0,450707.75,0.0,1473255.5,0.0,0.0,0.0,0.0,0.0,0.0,0.0,0.0,0.0,0.0,0.0,0.0,0.0,0.0,0.0,0.0,0.0,0.0,0.0,0.0,0.0,0.0,0.0,0.0,0.0,0.0,0.0,0.0,0.0,0.0,0.0,0.0,0.0,0.0,0.0,0.0,0.0,0.0,0.0,0.0,0.0,0.0,0.0,0.0,0.0,-85.84375,0.0,85.75,0.0,0.0,0.0,0.0,0.0,0.0,0.0,0.0,0.0,0.0,0.0,0.0,0.0,0.0,0.0,0.0,0.0,0.0,0.0,0.0,0.0,0.0,0.0,0.0,0.0,0.0,0.0,0.0,0.0,0.0,0.0,0.0,0.0,0.0,0.0,0.0,0.0,0.0,0.0,0.0,0.0,450621.90625,0.0,1473341.25,0.0,-85.84375,0.0,85.75,0.0,-0.019046433082191287,0.0,0.0058204433880746365,0.0,TX
7725845,TX,4818,153.41592407226562,1,0.0,0.0,0.0,1,0,0.0,0.0,38547.71875,18324.55859375,20223.16015625,0.0,0.0,38547.71875,0.0,0.0,0.0,0.0,0.0,0.0,0.0,0.0,0.0,0.0,0.0,0.0,0.0,0.0,0.0,0.0,0.0,0.0,0.0,0.0,0.0,0.0,0.0,0.0,0.0,0.0,0.0,0.0,0.0,0.0,0.0,0.0,0.0,0.0,0.0,0.0,0.0,0.0,0.0,0.0,0.0,0.0,0.0,0.0,0.0,0.0,0.0,0.0,0.0,0.0,0.0,0.0,0.0,0.0,0.0,0.0,0.0,0.0,0.0,0.0,0.0,0.0,0.0,0.0,0.0,0.0,0.0,0.0,0.0,0.0,0.0,0.0,0.0,0.0,0.0,0.0,0.0,0.0,0.0,0.0,0.0,0.0,0.0,0.0,0.0,0.0,38547.71875,38547.71875,0.0,0.0,0.0,0.0,0.0,0.0,0.0,0.0,TX
7725846,TX,4818,0.1299288123846054,2,0.0,117466.1025390625,498117.46875,2,0,83040.9296875,0.0,413769.1875,0.0,0.0,0.0,0.0,0.0,-292.0,0.0,292.0,0.0,0.0,0.0,0.0,0.0,0.0,0.0,0.0,0.0,0.0,0.0,0.0,0.0,0.0,0.0,0.0,0.0,0.0,0.0,0.0,0.0,0.0,0.0,0.0,0.0,0.0,0.0,0.0,0.0,0.0,0.0,0.0,0.0,0.0,0.0,0.0,0.0,0.0,0.0,0.0,0.0,0.0,0.0,0.0,0.0,0.0,0.0,0.0,0.0,0.0,0.0,0.0,0.0,0.0,0.0,0.0,0.0,0.0,0.0,0.0,0.0,0.0,0.0,0.0,0.0,0.0,0.0,0.0,0.0,0.0,0.0,0.0,0.0,0.0,0.0,0.0,0.0,0.0,0.0,0.0,0.0,82748.9296875,0.0,414061.1875,0.0,-292.0,0.0,292.0,0.0,-0.3516338281602286,0.0,0.07057074457406998,0.0,TX
7725847,TX,4818,0.19298270344734192,4,1.0,113418.8203125,114230.236328125,4,0,5762.81240272522,0.0,128940.625,0.0,0.0,19605.703125,0.0,19605.703125,-10.0,0.0,10.0,0.0,-251.78066444396973,0.0,251.78125,0.0,0.0,0.0,0.0,0.0,0.0,0.0,0.0,0.0,-200.0,0.0,200.0,0.0,0.0,0.0,0.0,0.0,0.0,0.0,0.0,0.0,0.0,0.0,0.0,0.0,0.0,0.0,0.0,0.0,0.0,0.0,0.0,0.0,-125.49658203125,0.0,125.4921875,0.0,0.0,0.0,0.0,0.0,0.0,0.0,0.0,0.0,0.0,0.0,0.0,0.0,0.0,0.0,0.0,0.0,0.0,0.0,0.0,0.0,0.0,0.0,0.0,0.0,0.0,0.0,0.0,0.0,0.0,0.0,0.0,0.0,0.0,0.0,0.0,0.0,0.0,0.0,0.0,0.0,5175.53515625,0.0,129527.8984375,19605.703125,-587.2772464752197,0.0,587.2734375,0.0,-10.19080971987736,0.0,0.4554603695869446,0.0,TX
7725848,TX,4818,0.16381891071796417,2,0.0,80361.80981445312,109988.76293945312,2,0,13907.936614990234,0.0,133068.328125,34855.23828125,0.0,0.0,0.0,34855.23828125,-115.0,0.0,115.0,0.0,-209.0,0.0,209.0,0.0,0.0,0.0,0.0,0.0,0.0,0.0,0.0,0.0,0.0,0.0,0.0,0.0,0.0,0.0,0.0,0.0,0.0,0.0,0.0,0.0,0.0,0.0,0.0,0.0,0.0,0.0,0.0,0.0,0.0,0.0,0.0,0.0,0.0,0.0,0.0,0.0,0.0,0.0,0.0,0.0,0.0,0.0,0.0,0.0,0.0,0.0,0.0,0.0,0.0,0.0,0.0,0.0,0.0,0.0,0.0,0.0,-894.5908203125,0.0,894.59375,0.0,-52.244140625,0.0,52.234375,0.0,0.0,0.0,0.0,0.0,0.0,0.0,0.0,0.0,0.0,0.0,0.0,0.0,12637.101654052734,0.0,134339.15625,34855.23828125,-1270.8349609375,0.0,1270.828125,0.0,-9.137480246838129,0.0,0.9550192356109619,0.0,TX
7725849,TX,4818,143.46775817871094,2,1.0,0.0,0.0,2,0,0.0,0.0,37778.44921875,13417.779296875,24360.67041015625,0.0,0.0,37778.44970703125,0.0,0.0,0.0,0.0,0.0,0.0,0.0,0.0,0.0,0.0,0.0,0.0,0.0,0.0,0.0,0.0,0.0,0.0,0.0,0.0,0.0,0.0,0.0,0.0,0.0,0.0,0.0,0.0,0.0,0.0,0.0,0.0,0.0,0.0,0.0,0.0,0.0,0.0,0.0,0.0,0.0,0.0,0.0,0.0,0.0,0.0,0.0,0.0,0.0,0.0,0.0,0.0,0.0,0.0,0.0,0.0,0.0,0.0,0.0,0.0,0.0,0.0,0.0,0.0,0.0,0.0,0.0,0.0,0.0,0.0,0.0,0.0,0.0,0.0,0.0,0.0,0.0,0.0,0.0,0.0,0.0,0.0,0.0,0.0,0.0,0.0,37778.44921875,37778.44970703125,0.0,0.0,0.0,0.0,0.0,0.0,0.0,0.0,TX
7725850,TX,4818,0.12191464006900787,5,3.0,493832.8447265625,936495.375,5,0,205757.1875,0.0,720353.8125,0.0,0.0,0.0,0.0,0.0,-749.0,0.0,749.0,0.0,-760.0,0.0,760.0,0.0,0.0,0.0,0.0,0.0,0.0,0.0,0.0,0.0,0.0,0.0,0.0,0.0,0.0,0.0,0.0,0.0,-1914.578125,0.0,1914.5625,0.0,0.0,0.0,0.0,0.0,0.0,0.0,0.0,0.0,0.0,0.0,0.0,0.0,-740.0,0.0,740.0,0.0,0.0,0.0,0.0,0.0,0.0,0.0,0.0,0.0,0.0,0.0,0.0,0.0,0.0,0.0,0.0,0.0,0.0,0.0,0.0,0.0,0.0,0.0,0.0,0.0,0.0,0.0,0.0,0.0,0.0,0.0,0.0,0.0,0.0,0.0,0.0,0.0,0.0,0.0,0.0,0.0,201593.609375,0.0,724517.375,0.0,-4163.578125,0.0,4163.5625,0.0,-2.023539578659919,0.0,0.5779885053634644,0.0,TX
7725851,TX,4818,0.11039318889379501,6,3.9999999999999996,462046.41796875,505372.56250000006,6,0,104258.65624999999,0.0,382283.65625,0.0,0.0,0.0,0.0,0.0,-763.9999999999854,0.0,764.0,0.0,-609.9218749999854,0.0,609.9375,0.0,0.0,0.0,0.0,0.0,0.0,0.0,0.0,0.0,-100.00000000001455,0.0,100.0,0.0,0.0,0.0,0.0,0.0,-1438.3125,0.0,1438.3125,0.0,0.0,0.0,0.0,0.0,0.0,0.0,0.0,0.0,0.0,0.0,0.0,0.0,-640.0000000000146,0.0,640.0,0.0,0.0,0.0,0.0,0.0,0.0,0.0,0.0,0.0,0.0,0.0,0.0,0.0,0.0,0.0,0.0,0.0,0.0,0.0,0.0,0.0,0.0,0.0,0.0,0.0,0.0,0.0,0.0,0.0,0.0,0.0,0.0,0.0,0.0,0.0,0.0,0.0,0.0,0.0,0.0,0.0,100706.42187499999,0.0,385835.90625,0.0,-3552.234375,0.0,3552.25,0.0,-3.407136158058819,0.0,0.9292183518409729,0.0,TX
7725852,TX,4818,0.13906538486480713,4,2.0,61442.756103515625,61449.78125,4,0,348.54443359375,0.0,99278.7734375,15417.5234375,20223.16015625,0.0,1691.58251953125,37332.26611328125,-10.0,0.0,10.0,0.0,0.0,0.0,0.0,0.0,0.0,0.0,0.0,0.0,0.0,0.0,0.0,0.0,-200.0,0.0,200.0,0.0,0.0,0.0,0.0,0.0,0.0,0.0,0.0,0.0,0.0,0.0,0.0,0.0,0.0,0.0,0.0,0.0,0.0,0.0,0.0,0.0,0.0,0.0,0.0,0.0,0.0,0.0,0.0,0.0,0.0,0.0,0.0,0.0,0.0,0.0,0.0,0.0,0.0,0.0,0.0,0.0,0.0,0.0,0.0,0.0,0.0,0.0,0.0,0.0,0.0,0.0,0.0,0.0,0.0,0.0,0.0,0.0,0.0,0.0,0.0,0.0,0.0,0.0,0.0,0.0,138.54443359375,0.0,99488.7734375,37332.26611328125,-210.0,0.0,210.0,0.0,-60.250567720948865,0.0,0.2115255743265152,0.0,TX
7725853,TX,4818,0.17135974764823914,1,0.0,68661.0,85502.9375,1,0,10304.646484375,0.0,92731.8828125,19814.046875,0.0,0.0,0.0,19814.046875,-115.0,0.0,115.0,0.0,-209.0,0.0,209.0,0.0,0.0,0.0,0.0,0.0,0.0,0.0,0.0,0.0,0.0,0.0,0.0,0.0,0.0,0.0,0.0,0.0,0.0,0.0,0.0,0.0,0.0,0.0,0.0,0.0,0.0,0.0,0.0,0.0,0.0,0.0,0.0,0.0,0.0,0.0,0.0,0.0,0.0,0.0,0.0,0.0,0.0,0.0,0.0,0.0,0.0,0.0,0.0,0.0,0.0,0.0,0.0,0.0,0.0,0.0,0.0,0.0,0.0,0.0,0.0,0.0,0.0,0.0,0.0,0.0,0.0,0.0,0.0,0.0,0.0,0.0,0.0,0.0,0.0,0.0,0.0,0.0,9980.646484375,0.0,93055.8828125,19814.046875,-324.0,0.0,324.0,0.0,-3.144212666502274,0.0,0.34939438104629517,0.0,TX
7725854,TX,4818,0.15223783254623413,2,0.0,81103.197265625,81103.546875,2,0,5610.42578125,0.0,73767.9609375,0.0,0.0,0.0,0.0,0.0,-10.0,0.0,10.0,0.0,-228.0,0.0,228.0,0.0,0.0,0.0,0.0,0.0,0.0,0.0,0.0,0.0,0.0,0.0,0.0,0.0,0.0,0.0,0.0,0.0,0.0,0.0,0.0,0.0,0.0,0.0,0.0,0.0,0.0,0.0,0.0,0.0,0.0,0.0,0.0,0.0,-240.0,0.0,240.0,0.0,0.0,0.0,0.0,0.0,0.0,0.0,0.0,0.0,0.0,0.0,0.0,0.0,0.0,0.0,0.0,0.0,-511.1396484375,0.0,511.140625,0.0,0.0,0.0,0.0,0.0,0.0,0.0,0.0,0.0,0.0,0.0,0.0,0.0,0.0,0.0,0.0,0.0,0.0,0.0,0.0,0.0,4621.2861328125,0.0,74757.1015625,0.0,-989.1396484375,0.0,989.140625,0.0,-17.63038469813106,0.0,1.340881109237671,0.0,TX
7725855,TX,4818,68.6258544921875,1,0.0,0.0,0.0,1,0,0.0,0.0,37422.890625,18876.4453125,0.0,0.0,0.0,18876.4453125,0.0,0.0,0.0,0.0,0.0,0.0,0.0,0.0,0.0,0.0,0.0,0.0,0.0,0.0,0.0,0.0,0.0,0.0,0.0,0.0,0.0,0.0,0.0,0.0,0.0,0.0,0.0,0.0,0.0,0.0,0.0,0.0,0.0,0.0,0.0,0.0,0.0,0.0,0.0,0.0,0.0,0.0,0.0,0.0,0.0,0.0,0.0,0.0,0.0,0.0,0.0,0.0,0.0,0.0,0.0,0.0,0.0,0.0,0.0,0.0,0.0,0.0,0.0,0.0,0.0,0.0,0.0,0.0,0.0,0.0,0.0,0.0,0.0,0.0,0.0,0.0,0.0,0.0,0.0,0.0,0.0,0.0,0.0,0.0,0.0,0.0,37422.890625,18876.4453125,0.0,0.0,0.0,0.0,0.0,0.0,0.0,0.0,TX
7725856,TX,4818,0.11265888810157776,3,1.0,1478008.107421875,1989195.75,3,0,597301.1875,0.0,1351401.25,0.0,0.0,0.0,0.0,0.0,-734.0,0.0,734.0,0.0,-703.0,0.0,703.0,0.0,0.0,0.0,0.0,0.0,0.0,0.0,0.0,0.0,0.0,0.0,0.0,0.0,0.0,0.0,0.0,0.0,0.0,0.0,0.0,0.0,0.0,0.0,0.0,0.0,0.0,0.0,0.0,0.0,0.0,0.0,0.0,0.0,-740.0,0.0,740.0,0.0,0.0,0.0,0.0,0.0,0.0,0.0,0.0,0.0,0.0,0.0,0.0,0.0,0.0,0.0,0.0,0.0,0.0,0.0,0.0,0.0,0.0,0.0,0.0,0.0,0.0,0.0,0.0,0.0,0.0,0.0,0.0,0.0,0.0,0.0,0.0,0.0,0.0,0.0,0.0,0.0,595124.1875,0.0,1353578.25,0.0,-2177.0,0.0,2177.0,0.0,-0.36447273930792246,0.0,0.16109205782413483,0.0,TX
7725857,TX,4818,0.11644212156534195,2,0.0,110510.7844543457,540737.75,2,0,92166.21875,0.0,451454.1875,0.0,0.0,0.0,0.0,0.0,-292.0,0.0,292.0,0.0,-456.40625,0.0,456.4375,0.0,0.0,0.0,0.0,0.0,0.0,0.0,0.0,0.0,0.0,0.0,0.0,0.0,0.0,0.0,0.0,0.0,0.0,0.0,0.0,0.0,0.0,0.0,0.0,0.0,0.0,0.0,0.0,0.0,0.0,0.0,0.0,0.0,-465.953125,0.0,465.9375,0.0,0.0,0.0,0.0,0.0,0.0,0.0,0.0,0.0,0.0,0.0,0.0,0.0,0.0,0.0,0.0,0.0,0.0,0.0,0.0,0.0,0.0,0.0,0.0,0.0,0.0,0.0,0.0,0.0,0.0,0.0,0.0,0.0,0.0,0.0,0.0,0.0,0.0,0.0,0.0,0.0,90951.859375,0.0,452668.5625,0.0,-1214.359375,0.0,1214.375,0.0,-1.3175753453593864,0.0,0.2689918577671051,0.0,TX
7725858,TX,4818,6.49159049987793,1,0.0,0.0,0.0,1,0,0.0,0.0,58830.68359375,29415.341796875,0.0,0.0,0.0,29415.341796875,0.0,0.0,0.0,0.0,0.0,0.0,0.0,0.0,0.0,0.0,0.0,0.0,0.0,0.0,0.0,0.0,0.0,0.0,0.0,0.0,0.0,0.0,0.0,0.0,0.0,0.0,0.0,0.0,0.0,0.0,0.0,0.0,0.0,0.0,0.0,0.0,0.0,0.0,0.0,0.0,0.0,0.0,0.0,0.0,0.0,0.0,0.0,0.0,0.0,0.0,0.0,0.0,0.0,0.0,0.0,0.0,0.0,0.0,0.0,0.0,0.0,0.0,0.0,0.0,0.0,0.0,0.0,0.0,0.0,0.0,0.0,0.0,0.0,0.0,0.0,0.0,0.0,0.0,0.0,0.0,0.0,0.0,0.0,0.0,0.0,0.0,58830.68359375,29415.341796875,0.0,0.0,0.0,0.0,0.0,0.0,0.0,0.0,TX
7725859,TX,4818,0.12344902008771896,2,0.0,87329.814453125,87329.814453125,2,0,6357.5780029296875,0.0,81730.1640625,0.0,0.0,4737.0849609375,0.0,4737.0849609375,-10.0,0.0,10.0,0.0,-228.0,0.0,228.0,0.0,0.0,0.0,0.0,0.0,0.0,0.0,0.0,0.0,0.0,0.0,0.0,0.0,0.0,0.0,0.0,0.0,0.0,0.0,0.0,0.0,0.0,0.0,0.0,0.0,0.0,0.0,0.0,0.0,0.0,0.0,0.0,0.0,0.0,0.0,0.0,0.0,0.0,0.0,0.0,0.0,0.0,0.0,0.0,0.0,0.0,0.0,0.0,0.0,0.0,0.0,0.0,0.0,-324.4229736328125,0.0,324.421875,0.0,0.0,0.0,0.0,0.0,-37.9520263671875,0.0,37.953125,0.0,0.0,0.0,0.0,0.0,0.0,0.0,0.0,0.0,0.0,0.0,0.0,0.0,5757.2030029296875,0.0,82330.5390625,4737.0849609375,-600.375,0.0,600.375,0.0,-9.443454720073214,0.0,0.7345818877220154,0.0,TX
7725860,TX,4818,0.2505168914794922,2,0.0,36109.6015625,40929.359375,2,0,0.0,0.0,64847.2421875,0.0,0.0,0.0,0.0,0.0,0.0,0.0,0.0,0.0,0.0,0.0,0.0,0.0,0.0,0.0,0.0,0.0,0.0,0.0,0.0,0.0,0.0,0.0,0.0,0.0,0.0,0.0,0.0,0.0,0.0,0.0,0.0,0.0,0.0,0.0,0.0,0.0,0.0,0.0,0.0,0.0,0.0,0.0,0.0,0.0,0.0,0.0,0.0,0.0,0.0,0.0,0.0,0.0,0.0,0.0,0.0,0.0,0.0,0.0,0.0,0.0,0.0,0.0,0.0,0.0,0.0,0.0,0.0,0.0,0.0,0.0,0.0,0.0,0.0,0.0,0.0,0.0,0.0,0.0,0.0,0.0,0.0,0.0,0.0,0.0,0.0,0.0,0.0,0.0,0.0,0.0,64847.2421875,0.0,0.0,0.0,0.0,0.0,0.0,0.0,0.0,0.0,TX
7725861,TX,4818,0.12576180696487427,6,3.9999999999999996,110219.70703125,110219.70312499999,6,0,1607.3735351562498,0.0,108261.3046875,0.0,0.0,0.0,0.0,0.0,-9.999999999999545,0.0,10.0,0.0,-228.00000000000023,0.0,228.0,0.0,0.0,0.0,0.0,0.0,0.0,0.0,0.0,0.0,-600.0000000000001,0.0,600.0,0.0,0.0,0.0,0.0,0.0,0.0,0.0,0.0,0.0,0.0,0.0,0.0,0.0,0.0,0.0,0.0,0.0,0.0,0.0,0.0,0.0,-16.874999999999886,0.0,16.875,0.0,0.0,0.0,0.0,0.0,0.0,0.0,0.0,0.0,0.0,0.0,0.0,0.0,0.0,0.0,0.0,0.0,0.0,0.0,0.0,0.0,0.0,0.0,0.0,0.0,0.0,0.0,0.0,0.0,0.0,0.0,0.0,0.0,0.0,0.0,0.0,0.0,0.0,0.0,0.0,0.0,752.49853515625,0.0,109116.1796875,0.0,-854.8749999999998,0.0,854.875,0.0,-53.18458847942268,0.0,0.7896403670310974,0.0,TX
7725862,TX,4818,436.4232482910156,1,0.0,0.0,0.0,1,0,0.0,0.0,23819.19921875,3596.039794921875,20223.16015625,0.0,0.0,23819.199951171875,0.0,0.0,0.0,0.0,0.0,0.0,0.0,0.0,0.0,0.0,0.0,0.0,0.0,0.0,0.0,0.0,0.0,0.0,0.0,0.0,0.0,0.0,0.0,0.0,0.0,0.0,0.0,0.0,0.0,0.0,0.0,0.0,0.0,0.0,0.0,0.0,0.0,0.0,0.0,0.0,0.0,0.0,0.0,0.0,0.0,0.0,0.0,0.0,0.0,0.0,0.0,0.0,0.0,0.0,0.0,0.0,0.0,0.0,0.0,0.0,0.0,0.0,0.0,0.0,0.0,0.0,0.0,0.0,0.0,0.0,0.0,0.0,0.0,0.0,0.0,0.0,0.0,0.0,0.0,0.0,0.0,0.0,0.0,0.0,0.0,0.0,23819.19921875,23819.199951171875,0.0,0.0,0.0,0.0,0.0,0.0,0.0,0.0,TX
7725863,TX,4818,0.11305368691682816,2,0.0,228273.15625,228677.81640625,2,0,35421.408203125,0.0,178044.8125,0.0,0.0,0.0,0.0,0.0,-136.0,0.0,136.0,0.0,-342.0,0.0,342.0,0.0,0.0,0.0,0.0,0.0,0.0,0.0,0.0,0.0,0.0,0.0,0.0,0.0,0.0,0.0,0.0,0.0,0.0,0.0,0.0,0.0,0.0,0.0,0.0,0.0,0.0,0.0,0.0,0.0,0.0,0.0,0.0,0.0,-240.0,0.0,240.0,0.0,0.0,0.0,0.0,0.0,0.0,0.0,0.0,0.0,0.0,0.0,0.0,0.0,0.0,0.0,0.0,0.0,0.0,0.0,0.0,0.0,0.0,0.0,0.0,0.0,0.0,0.0,0.0,0.0,0.0,0.0,0.0,0.0,0.0,0.0,0.0,0.0,0.0,0.0,0.0,0.0,34703.408203125,0.0,178762.8125,0.0,-718.0,0.0,718.0,0.0,-2.027022742525114,0.0,0.4032692313194275,0.0,TX
7725864,TX,4818,0.11034993082284927,1,0.0,54735.7734375,54735.7734375,1,0,4507.29296875,0.0,49831.19921875,0.0,0.0,3790.00537109375,0.0,3790.00537109375,-5.0,0.0,5.0,0.0,-114.0,0.0,114.0,0.0,0.0,0.0,0.0,0.0,0.0,0.0,0.0,0.0,0.0,0.0,0.0,0.0,0.0,0.0,0.0,0.0,0.0,0.0,0.0,0.0,0.0,0.0,0.0,0.0,0.0,0.0,0.0,0.0,0.0,0.0,0.0,0.0,0.0,0.0,0.0,0.0,0.0,0.0,0.0,0.0,0.0,0.0,0.0,0.0,0.0,0.0,0.0,0.0,0.0,0.0,0.0,0.0,0.0,0.0,0.0,0.0,0.0,0.0,0.0,0.0,0.0,0.0,0.0,0.0,0.0,0.0,0.0,0.0,0.0,0.0,0.0,0.0,0.0,0.0,0.0,0.0,4388.29296875,0.0,49950.19921875,3790.00537109375,-119.0,0.0,119.0,0.0,-2.640165634340873,0.0,0.23880621790885925,0.0,TX
7725865,TX,4818,0.11281684041023254,3,1.0,130325.8359375,200955.828125,3,0,23633.53515625,0.0,167064.34375,0.0,0.0,0.0,0.0,0.0,-230.0,0.0,230.0,0.0,-418.0,0.0,418.0,0.0,0.0,0.0,0.0,0.0,0.0,0.0,0.0,0.0,-200.0,0.0,200.0,0.0,0.0,0.0,0.0,0.0,-371.431640625,0.0,371.4375,0.0,0.0,0.0,0.0,0.0,0.0,0.0,0.0,0.0,0.0,0.0,0.0,0.0,-440.0,0.0,440.0,0.0,0.0,0.0,0.0,0.0,0.0,0.0,0.0,0.0,0.0,0.0,0.0,0.0,0.0,0.0,0.0,0.0,0.0,0.0,0.0,0.0,-647.3828125,0.0,647.375,0.0,-954.72265625,0.0,954.71875,0.0,0.0,0.0,0.0,0.0,0.0,0.0,0.0,0.0,0.0,0.0,0.0,0.0,20371.998046875,0.0,170325.875,0.0,-3261.537109375,0.0,3261.53125,0.0,-13.800462299913145,0.0,1.9522604942321777,0.0,TX
7725866,TX,4818,0.1214221715927124,2,0.0,82203.77734375,208783.71875,2,0,27648.07421875,0.0,177662.53125,1.3526681661605835,0.0,0.0,0.0,1.3526681661605835,-230.0,0.0,230.0,0.0,-418.0,0.0,418.0,0.0,0.0,0.0,0.0,0.0,0.0,0.0,0.0,0.0,0.0,0.0,0.0,0.0,0.0,0.0,0.0,0.0,0.0,0.0,0.0,0.0,0.0,0.0,0.0,0.0,0.0,0.0,0.0,0.0,0.0,0.0,0.0,0.0,-249.177734375,0.0,249.1875,0.0,0.0,0.0,0.0,0.0,0.0,0.0,0.0,0.0,0.0,0.0,0.0,0.0,0.0,0.0,0.0,0.0,-105.84375,0.0,105.84375,0.0,0.0,0.0,0.0,0.0,0.0,0.0,0.0,0.0,0.0,0.0,0.0,0.0,0.0,0.0,0.0,0.0,0.0,0.0,0.0,0.0,26645.052734375,0.0,178665.5625,1.3526681661605835,-1003.021484375,0.0,1003.03125,0.0,-3.627816810817096,0.0,0.5645710229873657,0.0,TX
7725867,TX,4818,327.3150634765625,1,0.0,0.0,0.0,1,0,0.0,0.0,9993.369140625,3596.039794921875,0.0,0.0,0.0,3596.039794921875,0.0,0.0,0.0,0.0,0.0,0.0,0.0,0.0,0.0,0.0,0.0,0.0,0.0,0.0,0.0,0.0,0.0,0.0,0.0,0.0,0.0,0.0,0.0,0.0,0.0,0.0,0.0,0.0,0.0,0.0,0.0,0.0,0.0,0.0,0.0,0.0,0.0,0.0,0.0,0.0,0.0,0.0,0.0,0.0,0.0,0.0,0.0,0.0,0.0,0.0,0.0,0.0,0.0,0.0,0.0,0.0,0.0,0.0,0.0,0.0,0.0,0.0,0.0,0.0,0.0,0.0,0.0,0.0,0.0,0.0,0.0,0.0,0.0,0.0,-3596.03955078125,-3596.039794921875,0.0,0.0,0.0,0.0,0.0,0.0,0.0,0.0,0.0,0.0,6397.32958984375,0.0,0.0,0.0,-3596.03955078125,-3596.039794921875,0.0,0.0,-35.984256744384766,-100.0,TX
7725868,TX,4818,0.10628603398799896,2,0.0,115134.99609375,521046.45703125,2,0,91674.7568359375,0.0,431947.34375,0.0,0.0,10980.5078125,0.0,10980.5078125,-136.0,0.0,136.0,0.0,-342.0,0.0,342.0,0.0,0.0,0.0,0.0,0.0,0.0,0.0,0.0,0.0,0.0,0.0,0.0,0.0,0.0,0.0,0.0,0.0,-1172.71875,0.0,1172.71875,0.0,0.0,0.0,0.0,0.0,0.0,0.0,0.0,0.0,0.0,0.0,0.0,0.0,0.0,0.0,0.0,0.0,0.0,0.0,0.0,0.0,0.0,0.0,0.0,0.0,0.0,0.0,0.0,0.0,0.0,0.0,0.0,0.0,0.0,0.0,0.0,0.0,0.0,0.0,0.0,0.0,0.0,0.0,0.0,0.0,0.0,0.0,0.0,0.0,0.0,0.0,0.0,0.0,0.0,0.0,0.0,0.0,90024.0380859375,0.0,433598.0625,10980.5078125,-1650.71875,0.0,1650.71875,0.0,-1.8006251742277872,0.0,0.3821573853492737,0.0,TX
7725869,TX,4818,0.11562857776880264,5,1.0,157706.59399414062,229049.24633789062,5,0,23005.296325683594,0.0,215671.84375,0.0,20223.16015625,0.0,0.0,20223.16015625,-230.0,0.0,230.0,0.0,0.0,0.0,0.0,0.0,0.0,0.0,0.0,0.0,0.0,0.0,0.0,0.0,-200.0,0.0,200.0,0.0,0.0,0.0,0.0,0.0,0.0,0.0,0.0,0.0,0.0,0.0,0.0,0.0,0.0,0.0,0.0,0.0,0.0,0.0,0.0,0.0,0.0,0.0,0.0,0.0,0.0,0.0,0.0,0.0,0.0,0.0,0.0,0.0,0.0,0.0,0.0,0.0,0.0,0.0,0.0,0.0,0.0,0.0,0.0,0.0,0.0,0.0,0.0,0.0,0.0,0.0,0.0,0.0,0.0,0.0,0.0,0.0,0.0,0.0,0.0,0.0,0.0,0.0,0.0,0.0,22575.296325683594,0.0,216101.84375,20223.16015625,-430.0,0.0,430.0,0.0,-1.869134802319147,0.0,0.19937697052955627,0.0,TX
7725870,TX,4818,383.61187744140625,1,0.0,4687.6982421875,4687.6982421875,1,0,0.0,0.0,28146.189453125,3593.9404296875,20223.16015625,0.0,0.0,23817.1005859375,0.0,0.0,0.0,0.0,0.0,0.0,0.0,0.0,0.0,0.0,0.0,0.0,0.0,0.0,0.0,0.0,0.0,0.0,0.0,0.0,0.0,0.0,0.0,0.0,0.0,0.0,0.0,0.0,0.0,0.0,0.0,0.0,0.0,0.0,0.0,0.0,0.0,0.0,0.0,0.0,0.0,0.0,0.0,0.0,0.0,0.0,0.0,0.0,0.0,0.0,0.0,0.0,0.0,0.0,0.0,0.0,0.0,0.0,0.0,0.0,0.0,0.0,0.0,0.0,0.0,0.0,0.0,0.0,0.0,0.0,0.0,0.0,0.0,0.0,0.0,0.0,0.0,0.0,0.0,0.0,0.0,0.0,0.0,0.0,0.0,0.0,28146.189453125,23817.1005859375,0.0,0.0,0.0,0.0,0.0,0.0,0.0,0.0,TX
7725871,TX,4818,89.61559295654297,1,0.0,4687.6982421875,4687.6982421875,1,0,0.0,0.0,33982.8125,15135.7041015625,0.0,0.0,0.0,15135.7041015625,0.0,0.0,0.0,0.0,0.0,0.0,0.0,0.0,0.0,0.0,0.0,0.0,0.0,0.0,0.0,0.0,0.0,0.0,0.0,0.0,0.0,0.0,0.0,0.0,0.0,0.0,0.0,0.0,0.0,0.0,0.0,0.0,0.0,0.0,0.0,0.0,0.0,0.0,0.0,0.0,0.0,0.0,0.0,0.0,0.0,0.0,0.0,0.0,0.0,0.0,0.0,0.0,0.0,0.0,0.0,0.0,0.0,0.0,0.0,0.0,0.0,0.0,0.0,0.0,0.0,0.0,0.0,0.0,0.0,0.0,0.0,0.0,0.0,0.0,0.0,0.0,0.0,0.0,0.0,0.0,0.0,0.0,0.0,0.0,0.0,0.0,33982.8125,15135.7041015625,0.0,0.0,0.0,0.0,0.0,0.0,0.0,0.0,TX
7725872,TX,4818,97.85955810546875,1,0.0,0.0,0.0,1,0,0.0,0.0,37432.890625,18860.287109375,0.0,0.0,0.0,18860.287109375,0.0,0.0,0.0,0.0,0.0,0.0,0.0,0.0,0.0,0.0,0.0,0.0,0.0,0.0,0.0,0.0,0.0,0.0,0.0,0.0,0.0,0.0,0.0,0.0,0.0,0.0,0.0,0.0,0.0,0.0,0.0,0.0,0.0,0.0,0.0,0.0,0.0,0.0,0.0,0.0,0.0,0.0,0.0,0.0,0.0,0.0,0.0,0.0,0.0,0.0,0.0,0.0,0.0,0.0,0.0,0.0,0.0,0.0,0.0,0.0,0.0,0.0,0.0,0.0,0.0,0.0,0.0,0.0,0.0,0.0,0.0,0.0,0.0,0.0,0.0,0.0,0.0,0.0,0.0,0.0,0.0,0.0,0.0,0.0,0.0,0.0,37432.890625,18860.287109375,0.0,0.0,0.0,0.0,0.0,0.0,0.0,0.0,TX
7725873,TX,4818,0.21632206439971924,1,0.0,61491.57421875,61491.57421875,1,0,5317.98876953125,0.0,62714.4609375,0.0,0.0,11244.98046875,0.0,11244.98046875,-5.0,0.0,5.0,0.0,-114.0,0.0,114.0,0.0,0.0,0.0,0.0,0.0,0.0,0.0,0.0,0.0,0.0,0.0,0.0,0.0,0.0,0.0,0.0,0.0,0.0,0.0,0.0,0.0,0.0,0.0,0.0,0.0,0.0,0.0,0.0,0.0,0.0,0.0,0.0,0.0,0.0,0.0,0.0,0.0,0.0,0.0,0.0,0.0,0.0,0.0,0.0,0.0,0.0,0.0,0.0,0.0,0.0,0.0,0.0,0.0,0.0,0.0,0.0,0.0,0.0,0.0,0.0,0.0,0.0,0.0,0.0,0.0,0.0,0.0,0.0,0.0,0.0,0.0,0.0,0.0,0.0,0.0,0.0,0.0,5198.98876953125,0.0,62833.4609375,11244.98046875,-119.0,0.0,119.0,0.0,-2.2376880651158118,0.0,0.18974889814853668,0.0,TX
7725874,TX,4818,21.6495361328125,2,1.0,0.0,0.0,2,0,0.0,0.0,11087.0380859375,1130.9622802734375,9956.07568359375,0.0,0.0,11087.037963867188,0.0,0.0,0.0,0.0,0.0,0.0,0.0,0.0,0.0,0.0,0.0,0.0,0.0,0.0,0.0,0.0,0.0,0.0,0.0,0.0,0.0,0.0,0.0,0.0,0.0,0.0,0.0,0.0,0.0,0.0,0.0,0.0,0.0,0.0,0.0,0.0,0.0,0.0,0.0,0.0,0.0,0.0,0.0,0.0,0.0,0.0,0.0,0.0,0.0,0.0,0.0,0.0,0.0,0.0,0.0,0.0,0.0,0.0,0.0,0.0,0.0,0.0,0.0,0.0,0.0,0.0,0.0,0.0,0.0,0.0,0.0,0.0,0.0,0.0,0.0,0.0,0.0,0.0,0.0,0.0,0.0,0.0,0.0,0.0,0.0,0.0,11087.0380859375,11087.037963867188,0.0,0.0,0.0,0.0,0.0,0.0,0.0,0.0,TX
7725875,TX,4818,0.09896712005138397,1,0.0,0.0,0.0,1,0,0.0,0.0,42821.0390625,12526.8173828125,20223.16015625,0.0,0.0,32749.9775390625,0.0,0.0,0.0,0.0,0.0,0.0,0.0,0.0,0.0,0.0,0.0,0.0,0.0,0.0,0.0,0.0,0.0,0.0,0.0,0.0,0.0,0.0,0.0,0.0,0.0,0.0,0.0,0.0,0.0,0.0,0.0,0.0,0.0,0.0,0.0,0.0,0.0,0.0,0.0,0.0,0.0,0.0,0.0,0.0,0.0,0.0,0.0,0.0,0.0,0.0,0.0,0.0,0.0,0.0,0.0,0.0,0.0,0.0,0.0,0.0,0.0,0.0,0.0,0.0,0.0,0.0,0.0,0.0,0.0,0.0,0.0,0.0,0.0,0.0,0.0,0.0,0.0,0.0,0.0,0.0,0.0,0.0,0.0,0.0,0.0,0.0,42821.0390625,32749.9775390625,0.0,0.0,0.0,0.0,0.0,0.0,0.0,0.0,TX
7725876,TX,4818,10.220593452453613,1,0.0,0.0,0.0,1,0,0.0,0.0,65396.48828125,32698.244140625,0.0,0.0,0.0,32698.244140625,0.0,0.0,0.0,0.0,0.0,0.0,0.0,0.0,0.0,0.0,0.0,0.0,0.0,0.0,0.0,0.0,0.0,0.0,0.0,0.0,0.0,0.0,0.0,0.0,0.0,0.0,0.0,0.0,0.0,0.0,0.0,0.0,0.0,0.0,0.0,0.0,0.0,0.0,0.0,0.0,0.0,0.0,0.0,0.0,0.0,0.0,0.0,0.0,0.0,0.0,0.0,0.0,0.0,0.0,0.0,0.0,0.0,0.0,0.0,0.0,0.0,0.0,0.0,0.0,0.0,0.0,0.0,0.0,0.0,0.0,0.0,0.0,0.0,0.0,0.0,0.0,0.0,0.0,0.0,0.0,0.0,0.0,0.0,0.0,0.0,0.0,65396.48828125,32698.244140625,0.0,0.0,0.0,0.0,0.0,0.0,0.0,0.0,TX
7725877,TX,4818,323.17303466796875,1,0.0,0.0,0.0,1,0,0.0,0.0,4395.7060546875,3596.039794921875,0.0,0.0,0.0,3596.039794921875,0.0,0.0,0.0,0.0,0.0,0.0,0.0,0.0,0.0,0.0,0.0,0.0,0.0,0.0,0.0,0.0,0.0,0.0,0.0,0.0,0.0,0.0,0.0,0.0,0.0,0.0,0.0,0.0,0.0,0.0,0.0,0.0,0.0,0.0,0.0,0.0,0.0,0.0,0.0,0.0,0.0,0.0,0.0,0.0,0.0,0.0,0.0,0.0,0.0,0.0,0.0,0.0,0.0,0.0,0.0,0.0,0.0,0.0,0.0,0.0,0.0,0.0,0.0,0.0,0.0,0.0,0.0,0.0,0.0,0.0,0.0,0.0,0.0,0.0,0.0,0.0,0.0,0.0,0.0,0.0,0.0,0.0,0.0,0.0,0.0,0.0,4395.7060546875,3596.039794921875,0.0,0.0,0.0,0.0,0.0,0.0,0.0,0.0,TX
7725878,TX,4818,0.08013442158699036,2,0.0,41362.046875,483318.0,2,0,76116.2265625,0.0,-445105.78125,0.0,20223.16015625,0.0,0.0,20223.16015625,-5.0,0.0,5.0,0.0,-256.5,0.0,256.5,0.0,0.0,0.0,0.0,0.0,0.0,0.0,0.0,0.0,0.0,0.0,0.0,0.0,0.0,0.0,0.0,0.0,0.0,0.0,0.0,0.0,0.0,0.0,0.0,0.0,0.0,0.0,0.0,0.0,0.0,0.0,0.0,0.0,0.0,0.0,0.0,0.0,0.0,0.0,0.0,0.0,0.0,0.0,0.0,0.0,0.0,0.0,0.0,0.0,0.0,0.0,0.0,0.0,0.0,0.0,0.0,0.0,0.0,0.0,0.0,0.0,0.0,0.0,0.0,0.0,0.0,0.0,0.0,0.0,0.0,0.0,0.0,0.0,0.0,0.0,0.0,0.0,75854.7265625,0.0,-444844.28125,20223.16015625,-261.5,0.0,261.5,0.0,-0.34355355199496,0.0,0.058750081807374954,0.0,TX
7725879,TX,4818,0.10834498703479767,1,0.0,101061.265625,106229.9296875,1,0,14864.5849609375,0.0,91016.171875,6469.89697265625,0.0,0.0,0.0,6469.89697265625,-115.0,0.0,115.0,0.0,-209.0,0.0,209.0,0.0,0.0,0.0,0.0,0.0,0.0,0.0,0.0,0.0,0.0,0.0,0.0,0.0,0.0,0.0,0.0,0.0,0.0,0.0,0.0,0.0,0.0,0.0,0.0,0.0,0.0,0.0,0.0,0.0,0.0,0.0,0.0,0.0,-220.0,0.0,220.0,0.0,0.0,0.0,0.0,0.0,0.0,0.0,0.0,0.0,0.0,0.0,0.0,0.0,0.0,0.0,0.0,0.0,0.0,0.0,0.0,0.0,0.0,0.0,0.0,0.0,0.0,0.0,0.0,0.0,0.0,0.0,0.0,0.0,0.0,0.0,0.0,0.0,0.0,0.0,0.0,0.0,14320.5849609375,0.0,91560.171875,6469.89697265625,-544.0,0.0,544.0,0.0,-3.6597052755228106,0.0,0.5976959466934204,0.0,TX
7725880,TX,4818,0.1330815702676773,2,0.0,344057.125,551379.875,2,0,102586.5234375,0.0,410496.125,0.0,0.0,0.0,0.0,0.0,-292.0,0.0,292.0,0.0,-456.0,0.0,456.0,0.0,0.0,0.0,0.0,0.0,0.0,0.0,0.0,0.0,0.0,0.0,0.0,0.0,0.0,0.0,0.0,0.0,-1198.078125,0.0,1198.0625,0.0,0.0,0.0,0.0,0.0,0.0,0.0,0.0,0.0,0.0,0.0,0.0,0.0,-480.0,0.0,480.0,0.0,0.0,0.0,0.0,0.0,0.0,0.0,0.0,0.0,0.0,0.0,0.0,0.0,0.0,0.0,0.0,0.0,0.0,0.0,0.0,0.0,0.0,0.0,0.0,0.0,0.0,0.0,0.0,0.0,0.0,0.0,0.0,0.0,0.0,0.0,0.0,0.0,0.0,0.0,0.0,0.0,100160.4453125,0.0,412922.1875,0.0,-2426.078125,0.0,2426.0625,0.0,-2.364909194410968,0.0,0.59100741147995,0.0,TX
7725881,TX,4818,113.4891586303711,1,0.0,0.0,2384.108642578125,1,0,0.0,0.0,54919.2890625,26267.58984375,0.0,0.0,0.0,26267.58984375,0.0,0.0,0.0,0.0,0.0,0.0,0.0,0.0,0.0,0.0,0.0,0.0,0.0,0.0,0.0,0.0,0.0,0.0,0.0,0.0,0.0,0.0,0.0,0.0,0.0,0.0,0.0,0.0,0.0,0.0,0.0,0.0,0.0,0.0,0.0,0.0,0.0,0.0,0.0,0.0,0.0,0.0,0.0,0.0,0.0,0.0,0.0,0.0,0.0,0.0,0.0,0.0,0.0,0.0,0.0,0.0,0.0,0.0,0.0,0.0,0.0,0.0,0.0,0.0,0.0,0.0,0.0,0.0,0.0,0.0,0.0,0.0,0.0,0.0,0.0,0.0,0.0,0.0,0.0,0.0,0.0,0.0,0.0,0.0,0.0,0.0,54919.2890625,26267.58984375,0.0,0.0,0.0,0.0,0.0,0.0,0.0,0.0,TX
7725882,TX,4818,35.15230941772461,1,0.0,2571.4677734375,9796.0390625,1,0,0.0,0.0,44806.17578125,16545.3125,0.0,0.0,0.0,16545.3125,0.0,0.0,0.0,0.0,0.0,0.0,0.0,0.0,0.0,0.0,0.0,0.0,0.0,0.0,0.0,0.0,0.0,0.0,0.0,0.0,0.0,0.0,0.0,0.0,0.0,0.0,0.0,0.0,0.0,0.0,0.0,0.0,0.0,0.0,0.0,0.0,0.0,0.0,0.0,0.0,0.0,0.0,0.0,0.0,0.0,0.0,0.0,0.0,0.0,0.0,0.0,0.0,0.0,0.0,0.0,0.0,0.0,0.0,0.0,0.0,0.0,0.0,0.0,0.0,0.0,0.0,0.0,0.0,0.0,0.0,0.0,0.0,0.0,0.0,0.0,0.0,0.0,0.0,0.0,0.0,0.0,0.0,0.0,0.0,0.0,0.0,44806.17578125,16545.3125,0.0,0.0,0.0,0.0,0.0,0.0,0.0,0.0,TX
7725883,TX,4818,0.10534755885601044,3,1.0,358440.890625,1045171.0625,3,0,212117.84375,0.0,815709.125,0.0,0.0,0.0,0.0,0.0,0.0,0.0,0.0,0.0,0.0,0.0,0.0,0.0,0.0,0.0,0.0,0.0,0.0,0.0,0.0,0.0,0.0,0.0,0.0,0.0,0.0,0.0,0.0,0.0,-538.625,0.0,538.625,0.0,0.0,0.0,0.0,0.0,0.0,0.0,0.0,0.0,0.0,0.0,0.0,0.0,0.0,0.0,0.0,0.0,0.0,0.0,0.0,0.0,0.0,0.0,0.0,0.0,0.0,0.0,0.0,0.0,0.0,0.0,0.0,0.0,0.0,0.0,0.0,0.0,0.0,0.0,0.0,0.0,0.0,0.0,0.0,0.0,0.0,0.0,0.0,0.0,0.0,0.0,0.0,0.0,0.0,0.0,0.0,0.0,211579.21875,0.0,816247.75,0.0,-538.625,0.0,538.625,0.0,-0.2539272465143565,0.0,0.06603150069713593,0.0,TX
7725884,TX,4818,250.25146484375,2,0.0,33184.91796875,72461.1875,2,0,4375.34228515625,0.0,94892.0625,20708.888671875,0.0,5529.63818359375,0.0,26238.52685546875,-10.0,0.0,10.0,0.0,-228.0,0.0,228.0,0.0,0.0,0.0,0.0,0.0,0.0,0.0,0.0,0.0,0.0,0.0,0.0,0.0,0.0,0.0,0.0,0.0,0.0,0.0,0.0,0.0,0.0,0.0,0.0,0.0,0.0,0.0,0.0,0.0,0.0,0.0,0.0,0.0,0.0,0.0,0.0,0.0,0.0,0.0,0.0,0.0,0.0,0.0,0.0,0.0,0.0,0.0,0.0,0.0,0.0,0.0,0.0,0.0,0.0,0.0,0.0,0.0,-719.999755859375,0.0,720.0,0.0,0.0,0.0,0.0,0.0,0.0,0.0,0.0,0.0,0.0,0.0,0.0,0.0,0.0,0.0,0.0,0.0,3417.342529296875,0.0,95850.0625,26238.52685546875,-957.999755859375,0.0,958.0,0.0,-21.8954242530802,0.0,1.0095680952072144,0.0,TX
7725885,TX,4818,59.93484115600586,2,0.0,182.5196075439453,182.5196075439453,2,0,0.0,0.0,6084.96826171875,0.0,0.0,0.0,0.0,0.0,0.0,0.0,0.0,0.0,0.0,0.0,0.0,0.0,0.0,0.0,0.0,0.0,0.0,0.0,0.0,0.0,0.0,0.0,0.0,0.0,0.0,0.0,0.0,0.0,0.0,0.0,0.0,0.0,0.0,0.0,0.0,0.0,0.0,0.0,0.0,0.0,0.0,0.0,0.0,0.0,0.0,0.0,0.0,0.0,0.0,0.0,0.0,0.0,0.0,0.0,0.0,0.0,0.0,0.0,0.0,0.0,0.0,0.0,0.0,0.0,0.0,0.0,0.0,0.0,0.0,0.0,0.0,0.0,0.0,0.0,0.0,0.0,0.0,0.0,0.0,0.0,0.0,0.0,0.0,0.0,0.0,0.0,0.0,0.0,0.0,0.0,6084.96826171875,0.0,0.0,0.0,0.0,0.0,0.0,0.0,0.0,0.0,TX
7725886,TX,4818,0.10276549309492111,3,1.0,154243.2578125,490468.0,3,0,78811.015625,0.0,403710.71875,0.0,0.0,0.0,0.0,0.0,-230.0,0.0,230.0,0.0,-418.0,0.0,418.0,0.0,0.0,0.0,0.0,0.0,0.0,0.0,0.0,0.0,0.0,0.0,0.0,0.0,0.0,0.0,0.0,0.0,0.0,0.0,0.0,0.0,0.0,0.0,0.0,0.0,0.0,0.0,0.0,0.0,0.0,0.0,0.0,0.0,-440.0,0.0,440.0,0.0,0.0,0.0,0.0,0.0,0.0,0.0,0.0,0.0,0.0,0.0,0.0,0.0,0.0,0.0,0.0,0.0,0.0,0.0,0.0,0.0,0.0,0.0,0.0,0.0,0.0,0.0,0.0,0.0,0.0,0.0,0.0,0.0,0.0,0.0,0.0,0.0,0.0,0.0,0.0,0.0,77723.015625,0.0,404798.71875,0.0,-1088.0,0.0,1088.0,0.0,-1.3805176743019545,0.0,0.26949989795684814,0.0,TX
7725887,TX,4818,0.12585407495498657,1,0.0,195228.84375,482005.75,1,0,102914.0078125,0.0,389403.125,8042.67822265625,0.0,0.0,0.0,8042.67822265625,-362.25,0.0,362.25,0.0,-332.5,0.0,332.5,0.0,0.0,0.0,0.0,0.0,0.0,0.0,0.0,0.0,0.0,0.0,0.0,0.0,0.0,0.0,0.0,0.0,-1750.0,0.0,1750.0,0.0,0.0,0.0,0.0,0.0,0.0,0.0,0.0,0.0,0.0,0.0,0.0,0.0,-350.0,0.0,350.0,0.0,0.0,0.0,0.0,0.0,0.0,0.0,0.0,0.0,0.0,0.0,0.0,0.0,0.0,0.0,0.0,0.0,0.0,0.0,0.0,0.0,0.0,0.0,0.0,0.0,0.0,0.0,0.0,0.0,0.0,0.0,0.0,0.0,0.0,0.0,0.0,0.0,0.0,0.0,0.0,0.0,100119.2578125,0.0,392197.875,8042.67822265625,-2794.75,0.0,2794.75,0.0,-2.7156167167173018,0.0,0.7177009582519531,0.0,TX
7725888,TX,4818,0.4279312193393707,2,0.0,46274.78125,105705.265625,2,0,6647.75146484375,0.0,122178.2890625,40086.95703125,0.0,0.0,0.0,40086.95703125,-10.0,0.0,10.0,0.0,-228.0,0.0,228.0,0.0,0.0,0.0,0.0,0.0,0.0,0.0,0.0,0.0,0.0,0.0,0.0,0.0,0.0,0.0,0.0,0.0,0.0,0.0,0.0,0.0,0.0,0.0,0.0,0.0,0.0,0.0,0.0,0.0,0.0,0.0,0.0,0.0,-240.0,0.0,240.0,0.0,0.0,0.0,0.0,0.0,0.0,0.0,0.0,0.0,0.0,0.0,0.0,0.0,0.0,0.0,0.0,0.0,0.0,0.0,0.0,0.0,-720.0,0.0,720.0,0.0,0.0,0.0,0.0,0.0,0.0,0.0,0.0,0.0,0.0,0.0,0.0,0.0,0.0,0.0,0.0,0.0,5449.75146484375,0.0,123376.2890625,40086.95703125,-1198.0,0.0,1198.0,0.0,-18.021130999489884,0.0,0.9805343151092529,0.0,TX
7725889,TX,4818,0.11032167077064514,4,2.0,581883.75,623120.1875,4,0,138622.890625,0.0,464620.6875,0.0,0.0,0.0,0.0,0.0,-749.0,0.0,749.0,0.0,0.0,0.0,0.0,0.0,0.0,0.0,0.0,0.0,0.0,0.0,0.0,0.0,0.0,0.0,0.0,0.0,0.0,0.0,0.0,0.0,-1747.8125,0.0,1747.8125,0.0,0.0,0.0,0.0,0.0,0.0,0.0,0.0,0.0,0.0,0.0,0.0,0.0,0.0,0.0,0.0,0.0,0.0,0.0,0.0,0.0,0.0,0.0,0.0,0.0,0.0,0.0,0.0,0.0,0.0,0.0,0.0,0.0,0.0,0.0,0.0,0.0,0.0,0.0,0.0,0.0,0.0,0.0,0.0,0.0,0.0,0.0,0.0,0.0,0.0,0.0,0.0,0.0,0.0,0.0,0.0,0.0,136126.078125,0.0,467117.5,0.0,-2496.8125,0.0,2496.8125,0.0,-1.8011545486771947,0.0,0.5373872518539429,0.0,TX
7725890,TX,4818,0.11192788183689117,2,0.0,37412.25146484375,37412.25146484375,0,2,2339.921630859375,0.0,41777.15625,0.0,0.0,4941.494140625,0.0,4941.494140625,-5.0,0.0,5.0,0.0,-114.0,0.0,114.0,0.0,0.0,0.0,0.0,0.0,0.0,0.0,0.0,0.0,0.0,0.0,0.0,0.0,0.0,0.0,0.0,0.0,0.0,0.0,0.0,0.0,0.0,0.0,0.0,0.0,0.0,0.0,0.0,0.0,0.0,0.0,0.0,0.0,-120.0,0.0,120.0,0.0,0.0,0.0,0.0,0.0,0.0,0.0,0.0,0.0,0.0,0.0,0.0,0.0,0.0,0.0,0.0,0.0,0.0,0.0,0.0,0.0,0.0,0.0,0.0,0.0,0.0,0.0,0.0,0.0,0.0,0.0,0.0,0.0,0.0,0.0,0.0,0.0,0.0,0.0,0.0,0.0,2100.921630859375,0.0,42016.15625,4941.494140625,-239.0,0.0,239.0,0.0,-10.214017292204067,0.0,0.5720829367637634,0.0,TX
7725891,TX,4818,84.26123809814453,1,0.0,1897.200927734375,34068.31640625,1,0,1781.197998046875,0.0,84910.2890625,29623.51953125,0.0,0.0,0.0,29623.51953125,-5.0,0.0,5.0,0.0,-114.0,0.0,114.0,0.0,0.0,0.0,0.0,0.0,0.0,0.0,0.0,0.0,0.0,0.0,0.0,0.0,0.0,0.0,0.0,0.0,0.0,0.0,0.0,0.0,0.0,0.0,0.0,0.0,0.0,0.0,0.0,0.0,0.0,0.0,0.0,0.0,0.0,0.0,0.0,0.0,0.0,0.0,0.0,0.0,0.0,0.0,0.0,0.0,0.0,0.0,0.0,0.0,0.0,0.0,0.0,0.0,0.0,0.0,0.0,0.0,-670.3663330078125,0.0,670.3671875,0.0,0.0,0.0,0.0,0.0,0.0,0.0,0.0,0.0,0.0,0.0,0.0,0.0,0.0,0.0,0.0,0.0,991.8316650390625,0.0,85699.65625,29623.51953125,-789.3663330078125,0.0,789.3671875,0.0,-44.31659668792414,0.0,0.9296483993530273,0.0,TX
7725892,TX,4818,0.1765923947095871,3,1.0,488714.5625,643002.1875,3,0,145991.015625,0.0,548594.0,0.0,0.0,0.0,0.0,0.0,-749.0,0.0,749.0,0.0,-665.0,0.0,665.0,0.0,0.0,0.0,0.0,0.0,0.0,0.0,0.0,0.0,0.0,0.0,0.0,0.0,0.0,0.0,0.0,0.0,-1750.0,0.0,1750.0,0.0,0.0,0.0,0.0,0.0,0.0,0.0,0.0,0.0,0.0,0.0,0.0,0.0,-700.0,0.0,700.0,0.0,0.0,0.0,0.0,0.0,0.0,0.0,0.0,0.0,0.0,0.0,0.0,0.0,0.0,0.0,0.0,0.0,0.0,0.0,0.0,0.0,0.0,0.0,0.0,0.0,0.0,0.0,0.0,0.0,0.0,0.0,0.0,0.0,0.0,0.0,0.0,0.0,0.0,0.0,0.0,0.0,142127.015625,0.0,552458.0,0.0,-3864.0,0.0,3864.0,0.0,-2.646738214305782,0.0,0.7043460607528687,0.0,TX
7725893,TX,4818,0.15893584489822388,2,0.0,84930.0703125,232364.45703125,2,0,31040.19024658203,0.0,286308.21875,18701.216796875,0.0,0.0,0.0,18701.216796875,-115.0,0.0,115.0,0.0,-304.0,0.0,304.0,0.0,0.0,0.0,0.0,0.0,0.0,0.0,0.0,0.0,0.0,0.0,0.0,0.0,0.0,0.0,0.0,0.0,0.0,0.0,0.0,0.0,0.0,0.0,0.0,0.0,0.0,0.0,0.0,0.0,0.0,0.0,0.0,0.0,-220.0,0.0,220.0,0.0,0.0,0.0,0.0,0.0,0.0,0.0,0.0,0.0,0.0,0.0,0.0,0.0,0.0,0.0,0.0,0.0,0.0,0.0,0.0,0.0,-395.56134033203125,0.0,395.5625,0.0,0.0,0.0,0.0,0.0,0.0,0.0,0.0,0.0,0.0,0.0,0.0,0.0,0.0,0.0,0.0,0.0,30005.62890625,0.0,287342.78125,18701.216796875,-1034.5613403320312,0.0,1034.5625,0.0,-3.332973580746501,0.0,0.36134573817253113,0.0,TX
7725894,TX,4818,0.289521723985672,2,0.0,171451.888671875,247812.109375,2,0,34592.703125,0.0,365527.0625,60164.76953125,0.0,0.0,0.0,60164.76953125,-136.0,0.0,136.0,0.0,0.0,0.0,0.0,0.0,0.0,0.0,0.0,0.0,0.0,0.0,0.0,0.0,0.0,0.0,0.0,0.0,0.0,0.0,0.0,0.0,-94.5,0.0,94.5,0.0,0.0,0.0,0.0,0.0,0.0,0.0,0.0,0.0,0.0,0.0,0.0,0.0,0.0,0.0,0.0,0.0,0.0,0.0,0.0,0.0,0.0,0.0,0.0,0.0,0.0,0.0,0.0,0.0,0.0,0.0,0.0,0.0,0.0,0.0,0.0,0.0,-719.999755859375,0.0,720.0,0.0,-145.917236328125,0.0,145.9375,0.0,0.0,0.0,0.0,0.0,0.0,0.0,0.0,0.0,0.0,0.0,0.0,0.0,33496.2861328125,0.0,366623.5,60164.76953125,-1096.4169921875,0.0,1096.4375,0.0,-3.1695036615832546,0.0,0.2999607026576996,0.0,TX
7725895,TX,4818,155.51260375976562,3,1.0,23942.1328125,24984.8203125,3,0,0.0,0.0,33535.55859375,330.0,0.0,0.0,0.0,330.0,0.0,0.0,0.0,0.0,0.0,0.0,0.0,0.0,0.0,0.0,0.0,0.0,0.0,0.0,0.0,0.0,0.0,0.0,0.0,0.0,0.0,0.0,0.0,0.0,0.0,0.0,0.0,0.0,0.0,0.0,0.0,0.0,0.0,0.0,0.0,0.0,0.0,0.0,0.0,0.0,0.0,0.0,0.0,0.0,0.0,0.0,0.0,0.0,0.0,0.0,0.0,0.0,0.0,0.0,0.0,0.0,0.0,0.0,0.0,0.0,0.0,0.0,0.0,0.0,0.0,0.0,0.0,0.0,0.0,0.0,0.0,0.0,0.0,0.0,0.0,0.0,0.0,0.0,0.0,0.0,0.0,0.0,0.0,0.0,0.0,0.0,33535.55859375,330.0,0.0,0.0,0.0,0.0,0.0,0.0,0.0,0.0,TX
7725896,TX,4818,0.1198681890964508,3,1.0,176450.5078125,176454.25,3,0,19807.935546875,0.0,152780.625,0.0,0.0,0.0,0.0,0.0,-230.0,0.0,230.0,0.0,-418.0,0.0,418.0,0.0,0.0,0.0,0.0,0.0,0.0,0.0,0.0,0.0,-200.0,0.0,200.0,0.0,0.0,0.0,0.0,0.0,0.0,0.0,0.0,0.0,0.0,0.0,0.0,0.0,0.0,0.0,0.0,0.0,0.0,0.0,0.0,0.0,-440.0,0.0,440.0,0.0,0.0,0.0,0.0,0.0,0.0,0.0,0.0,0.0,0.0,0.0,0.0,0.0,0.0,0.0,0.0,0.0,0.0,0.0,0.0,0.0,0.0,0.0,0.0,0.0,0.0,0.0,0.0,0.0,0.0,0.0,0.0,0.0,0.0,0.0,0.0,0.0,0.0,0.0,0.0,0.0,18519.935546875,0.0,154068.625,0.0,-1288.0,0.0,1288.0,0.0,-6.502444421590424,0.0,0.8430388569831848,0.0,TX
7725897,TX,4818,0.2020743489265442,1,0.0,195172.5625,475113.15625,1,0,100501.6015625,0.0,375730.96875,0.0,0.0,0.0,0.0,0.0,-362.25,0.0,362.25,0.0,-332.5,0.0,332.5,0.0,0.0,0.0,0.0,0.0,0.0,0.0,0.0,0.0,0.0,0.0,0.0,0.0,0.0,0.0,0.0,0.0,-1750.0,0.0,1750.0,0.0,0.0,0.0,0.0,0.0,0.0,0.0,0.0,0.0,0.0,0.0,0.0,0.0,-350.0,0.0,350.0,0.0,0.0,0.0,0.0,0.0,0.0,0.0,0.0,0.0,0.0,0.0,0.0,0.0,0.0,0.0,0.0,0.0,0.0,0.0,0.0,0.0,0.0,0.0,0.0,0.0,0.0,0.0,0.0,0.0,0.0,0.0,0.0,0.0,0.0,0.0,0.0,0.0,0.0,0.0,0.0,0.0,97706.8515625,0.0,378525.71875,0.0,-2794.75,0.0,2794.75,0.0,-2.780801456444452,0.0,0.7438167929649353,0.0,TX
7725898,TX,4818,0.11046980321407318,3,0.0,40327.99365234375,46179.43701171875,0,3,1179.608642578125,0.0,51216.2890625,2844.539794921875,0.0,6457.01171875,0.0,9301.551513671875,0.0,0.0,0.0,0.0,-95.0,0.0,95.0,0.0,0.0,0.0,0.0,0.0,0.0,0.0,0.0,0.0,0.0,0.0,0.0,0.0,0.0,0.0,0.0,0.0,0.0,0.0,0.0,0.0,0.0,0.0,0.0,0.0,0.0,0.0,0.0,0.0,0.0,0.0,0.0,0.0,0.0,0.0,0.0,0.0,0.0,0.0,0.0,0.0,0.0,0.0,0.0,0.0,0.0,0.0,0.0,0.0,0.0,0.0,0.0,0.0,0.0,0.0,0.0,0.0,0.0,0.0,0.0,0.0,0.0,0.0,0.0,0.0,0.0,0.0,0.0,0.0,0.0,0.0,0.0,0.0,0.0,0.0,0.0,0.0,1084.608642578125,0.0,51311.2890625,9301.551513671875,-95.0,0.0,95.0,0.0,-8.05351847815986,0.0,0.18548786640167236,0.0,TX
7725899,TX,4818,0.09272824972867966,2,0.0,80132.4375,139152.05859375,2,0,10327.025390625,0.0,153062.9375,8794.0869140625,20223.16015625,0.0,0.0,29017.2470703125,-115.0,0.0,115.0,0.0,-209.0,0.0,209.0,0.0,0.0,0.0,0.0,0.0,0.0,0.0,0.0,0.0,0.0,0.0,0.0,0.0,0.0,0.0,0.0,0.0,0.0,0.0,0.0,0.0,0.0,0.0,0.0,0.0,0.0,0.0,0.0,0.0,0.0,0.0,0.0,0.0,0.0,0.0,0.0,0.0,0.0,0.0,0.0,0.0,0.0,0.0,0.0,0.0,0.0,0.0,0.0,0.0,0.0,0.0,0.0,0.0,0.0,0.0,0.0,0.0,0.0,0.0,0.0,0.0,0.0,0.0,0.0,0.0,0.0,0.0,0.0,0.0,0.0,0.0,0.0,0.0,0.0,0.0,0.0,0.0,10003.025390625,0.0,153386.9375,29017.2470703125,-324.0,0.0,324.0,0.0,-3.1373990839039787,0.0,0.21167762577533722,0.0,TX
7725900,TX,4818,0.15822306275367737,2,0.0,78991.8984375,335774.375,2,0,58935.50390625,0.0,328146.6875,49056.0859375,0.0,0.0,0.0,49056.0859375,-292.0,0.0,292.0,0.0,-456.0,0.0,456.0,0.0,0.0,0.0,0.0,0.0,0.0,0.0,0.0,0.0,0.0,0.0,0.0,0.0,0.0,0.0,0.0,0.0,0.0,0.0,0.0,0.0,0.0,0.0,0.0,0.0,0.0,0.0,0.0,0.0,0.0,0.0,0.0,0.0,-480.0,0.0,480.0,0.0,0.0,0.0,0.0,0.0,0.0,0.0,0.0,0.0,0.0,0.0,0.0,0.0,0.0,0.0,0.0,0.0,0.0,0.0,0.0,0.0,0.0,0.0,0.0,0.0,0.0,0.0,0.0,0.0,0.0,0.0,0.0,0.0,0.0,0.0,0.0,0.0,0.0,0.0,0.0,0.0,57707.50390625,0.0,329374.6875,49056.0859375,-1228.0,0.0,1228.0,0.0,-2.083633664952465,0.0,0.37422290444374084,0.0,TX
7725901,TX,4818,108.33084106445312,2,0.0,0.0,36420.77734375,2,0,282.0777282714844,0.0,118456.421875,46365.01953125,0.0,0.0,0.0,46365.01953125,0.0,0.0,0.0,0.0,-189.99999237060547,0.0,190.0,0.0,0.0,0.0,0.0,0.0,0.0,0.0,0.0,0.0,0.0,0.0,0.0,0.0,0.0,0.0,0.0,0.0,0.0,0.0,0.0,0.0,0.0,0.0,0.0,0.0,0.0,0.0,0.0,0.0,0.0,0.0,0.0,0.0,0.0,0.0,0.0,0.0,0.0,0.0,0.0,0.0,0.0,0.0,0.0,0.0,0.0,0.0,0.0,0.0,0.0,0.0,0.0,0.0,0.0,0.0,0.0,0.0,-92.0777359008789,0.0,92.078125,0.0,0.0,0.0,0.0,0.0,0.0,0.0,0.0,0.0,0.0,0.0,0.0,0.0,0.0,0.0,0.0,0.0,0.0,0.0,118738.5,46365.01953125,-282.0777282714844,0.0,282.078125,0.0,-100.0,0.0,0.2381281852722168,0.0,TX
7725902,TX,4818,0.16469939053058624,5,3.0,572929.515625,1287834.875,3,2,308010.0,0.0,950970.625,0.0,0.0,0.0,0.0,0.0,-749.0,0.0,749.0,0.0,0.0,0.0,0.0,0.0,0.0,0.0,0.0,0.0,0.0,0.0,0.0,0.0,0.0,0.0,0.0,0.0,0.0,0.0,0.0,0.0,-1671.53125,0.0,1671.5,0.0,0.0,0.0,0.0,0.0,0.0,0.0,0.0,0.0,0.0,0.0,0.0,0.0,0.0,0.0,0.0,0.0,0.0,0.0,0.0,0.0,0.0,0.0,0.0,0.0,0.0,0.0,0.0,0.0,0.0,0.0,0.0,0.0,0.0,0.0,0.0,0.0,0.0,0.0,0.0,0.0,0.0,0.0,0.0,0.0,0.0,0.0,0.0,0.0,0.0,0.0,0.0,0.0,0.0,0.0,0.0,0.0,305589.46875,0.0,953391.125,0.0,-2420.53125,0.0,2420.5,0.0,-0.7858612545047239,0.0,0.2545294165611267,0.0,TX
7725903,TX,4818,4.465715408325195,2,0.0,0.0,0.0,0,2,0.0,0.0,73336.0625,22172.806640625,40446.3203125,0.0,0.0,62619.126953125,0.0,0.0,0.0,0.0,0.0,0.0,0.0,0.0,0.0,0.0,0.0,0.0,0.0,0.0,0.0,0.0,0.0,0.0,0.0,0.0,0.0,0.0,0.0,0.0,0.0,0.0,0.0,0.0,0.0,0.0,0.0,0.0,0.0,0.0,0.0,0.0,0.0,0.0,0.0,0.0,0.0,0.0,0.0,0.0,0.0,0.0,0.0,0.0,0.0,0.0,0.0,0.0,0.0,0.0,0.0,0.0,0.0,0.0,0.0,0.0,0.0,0.0,0.0,0.0,0.0,0.0,0.0,0.0,0.0,0.0,0.0,0.0,0.0,0.0,0.0,0.0,0.0,0.0,0.0,0.0,0.0,0.0,0.0,0.0,0.0,0.0,73336.0625,62619.126953125,0.0,0.0,0.0,0.0,0.0,0.0,0.0,0.0,TX
7725904,TX,4818,191.13497924804688,2,0.0,0.0,77774.359375,2,0,4615.97119140625,0.0,95201.1875,17997.11328125,0.0,0.0,0.0,17997.11328125,-10.0,0.0,10.0,0.0,-228.0,0.0,228.0,0.0,0.0,0.0,0.0,0.0,0.0,0.0,0.0,0.0,0.0,0.0,0.0,0.0,0.0,0.0,0.0,0.0,0.0,0.0,0.0,0.0,0.0,0.0,0.0,0.0,0.0,0.0,0.0,0.0,0.0,0.0,0.0,0.0,0.0,0.0,0.0,0.0,0.0,0.0,0.0,0.0,0.0,0.0,0.0,0.0,0.0,0.0,0.0,0.0,0.0,0.0,0.0,0.0,0.0,0.0,0.0,0.0,-1440.0,0.0,1440.0,0.0,-530.294189453125,0.0,530.2890625,0.0,0.0,0.0,0.0,0.0,0.0,0.0,0.0,0.0,0.0,0.0,0.0,0.0,2407.677001953125,0.0,97409.4765625,17997.11328125,-2208.294189453125,0.0,2208.2890625,0.0,-47.84029401146178,0.0,2.3196024894714355,0.0,TX
7725905,TX,4818,0.24781355261802673,3,0.0,533332.5,629234.3125,3,0,134887.25622558594,0.0,470698.5625,0.0,0.0,0.0,0.0,0.0,-749.0,0.0,749.0,0.0,-95.0,0.0,95.0,0.0,0.0,0.0,0.0,0.0,0.0,0.0,0.0,0.0,0.0,0.0,0.0,0.0,0.0,0.0,0.0,0.0,-1750.0,0.0,1750.0,0.0,0.0,0.0,0.0,0.0,0.0,0.0,0.0,0.0,0.0,0.0,0.0,0.0,0.0,0.0,0.0,0.0,0.0,0.0,0.0,0.0,0.0,0.0,0.0,0.0,0.0,0.0,0.0,0.0,0.0,0.0,0.0,0.0,0.0,0.0,0.0,0.0,0.0,0.0,0.0,0.0,-22.6982421875,0.0,22.6875,0.0,0.0,0.0,0.0,0.0,0.0,0.0,0.0,0.0,0.0,0.0,0.0,0.0,132270.55798339844,0.0,473315.25,0.0,-2616.6982421875,0.0,2616.6875,0.0,-1.9399150930991764,0.0,0.5559157729148865,0.0,TX
7725906,TX,4818,362.6189880371094,1,0.0,0.0,0.0,1,0,0.0,0.0,35111.515625,14888.357421875,20223.16015625,0.0,0.0,35111.517578125,0.0,0.0,0.0,0.0,0.0,0.0,0.0,0.0,0.0,0.0,0.0,0.0,0.0,0.0,0.0,0.0,0.0,0.0,0.0,0.0,0.0,0.0,0.0,0.0,0.0,0.0,0.0,0.0,0.0,0.0,0.0,0.0,0.0,0.0,0.0,0.0,0.0,0.0,0.0,0.0,0.0,0.0,0.0,0.0,0.0,0.0,0.0,0.0,0.0,0.0,0.0,0.0,0.0,0.0,0.0,0.0,0.0,0.0,0.0,0.0,0.0,0.0,0.0,0.0,0.0,0.0,0.0,0.0,0.0,0.0,0.0,0.0,0.0,0.0,0.0,0.0,0.0,0.0,0.0,0.0,0.0,0.0,0.0,0.0,0.0,0.0,35111.515625,35111.517578125,0.0,0.0,0.0,0.0,0.0,0.0,0.0,0.0,TX
7725907,TX,4818,0.2669427692890167,1,0.0,57661.47265625,140694.546875,1,0,22367.69140625,0.0,152302.96875,29690.005859375,0.0,0.0,0.0,29690.005859375,-131.0,0.0,131.0,0.0,-228.0,0.0,228.0,0.0,0.0,0.0,0.0,0.0,0.0,0.0,0.0,0.0,0.0,0.0,0.0,0.0,0.0,0.0,0.0,0.0,0.0,0.0,0.0,0.0,0.0,0.0,0.0,0.0,0.0,0.0,0.0,0.0,0.0,0.0,0.0,0.0,0.0,0.0,0.0,0.0,0.0,0.0,0.0,0.0,0.0,0.0,0.0,0.0,0.0,0.0,0.0,0.0,0.0,0.0,0.0,0.0,0.0,0.0,0.0,0.0,-493.998046875,0.0,494.0,0.0,0.0,0.0,0.0,0.0,0.0,0.0,0.0,0.0,0.0,0.0,0.0,0.0,0.0,0.0,0.0,0.0,21514.693359375,0.0,153155.96875,29690.005859375,-852.998046875,0.0,853.0,0.0,-3.8135274283901044,0.0,0.560067892074585,0.0,TX
7725908,TX,4818,0.47131359577178955,2,0.0,0.0,17679.19921875,2,0,0.0,0.0,100088.484375,49069.1640625,0.0,0.0,0.0,49069.1640625,0.0,0.0,0.0,0.0,0.0,0.0,0.0,0.0,0.0,0.0,0.0,0.0,0.0,0.0,0.0,0.0,0.0,0.0,0.0,0.0,0.0,0.0,0.0,0.0,0.0,0.0,0.0,0.0,0.0,0.0,0.0,0.0,0.0,0.0,0.0,0.0,0.0,0.0,0.0,0.0,0.0,0.0,0.0,0.0,0.0,0.0,0.0,0.0,0.0,0.0,0.0,0.0,0.0,0.0,0.0,0.0,0.0,0.0,0.0,0.0,0.0,0.0,0.0,0.0,0.0,0.0,0.0,0.0,0.0,0.0,0.0,0.0,0.0,0.0,0.0,0.0,0.0,0.0,0.0,0.0,0.0,0.0,0.0,0.0,0.0,0.0,100088.484375,49069.1640625,0.0,0.0,0.0,0.0,0.0,0.0,0.0,0.0,TX
7725909,TX,4818,134.10641479492188,1,0.0,0.0,0.0,1,0,0.0,0.0,47634.7421875,23961.212890625,0.0,0.0,0.0,23961.212890625,0.0,0.0,0.0,0.0,0.0,0.0,0.0,0.0,0.0,0.0,0.0,0.0,0.0,0.0,0.0,0.0,0.0,0.0,0.0,0.0,0.0,0.0,0.0,0.0,0.0,0.0,0.0,0.0,0.0,0.0,0.0,0.0,0.0,0.0,0.0,0.0,0.0,0.0,0.0,0.0,0.0,0.0,0.0,0.0,0.0,0.0,0.0,0.0,0.0,0.0,0.0,0.0,0.0,0.0,0.0,0.0,0.0,0.0,0.0,0.0,0.0,0.0,0.0,0.0,0.0,0.0,0.0,0.0,0.0,0.0,0.0,0.0,0.0,0.0,0.0,0.0,0.0,0.0,0.0,0.0,0.0,0.0,0.0,0.0,0.0,0.0,47634.7421875,23961.212890625,0.0,0.0,0.0,0.0,0.0,0.0,0.0,0.0,TX
7725910,TX,4818,0.11078494042158127,2,0.0,531252.42578125,690946.25,2,0,148344.9375,0.0,513037.53125,0.0,0.0,0.0,0.0,0.0,-749.0,0.0,749.0,0.0,-760.0,0.0,760.0,0.0,0.0,0.0,0.0,0.0,0.0,0.0,0.0,0.0,0.0,0.0,0.0,0.0,0.0,0.0,0.0,0.0,-1883.53125,0.0,1883.53125,0.0,0.0,0.0,0.0,0.0,0.0,0.0,0.0,0.0,0.0,0.0,0.0,0.0,-740.0,0.0,740.0,0.0,0.0,0.0,0.0,0.0,0.0,0.0,0.0,0.0,0.0,0.0,0.0,0.0,0.0,0.0,0.0,0.0,0.0,0.0,0.0,0.0,0.0,0.0,0.0,0.0,0.0,0.0,0.0,0.0,0.0,0.0,0.0,0.0,0.0,0.0,0.0,0.0,0.0,0.0,0.0,0.0,144212.40625,0.0,517170.0625,0.0,-4132.53125,0.0,4132.53125,0.0,-2.7857581927930637,0.0,0.8055027723312378,0.0,TX
7725911,TX,4818,0.8247753381729126,1,0.0,4688.16796875,-7481.7783203125,1,0,0.0,0.0,-1226.3203125,3926.039794921875,0.0,0.0,0.0,3926.039794921875,0.0,0.0,0.0,0.0,0.0,0.0,0.0,0.0,0.0,0.0,0.0,0.0,0.0,0.0,0.0,0.0,0.0,0.0,0.0,0.0,0.0,0.0,0.0,0.0,0.0,0.0,0.0,0.0,0.0,0.0,0.0,0.0,0.0,0.0,0.0,0.0,0.0,0.0,0.0,0.0,0.0,0.0,0.0,0.0,0.0,0.0,0.0,0.0,0.0,0.0,0.0,0.0,0.0,0.0,0.0,0.0,0.0,0.0,0.0,0.0,0.0,0.0,0.0,0.0,0.0,0.0,0.0,0.0,0.0,0.0,0.0,0.0,0.0,0.0,0.0,0.0,0.0,0.0,0.0,0.0,0.0,0.0,0.0,0.0,0.0,0.0,-1226.3203125,3926.039794921875,0.0,0.0,0.0,0.0,0.0,0.0,0.0,0.0,TX
7725912,TX,4818,0.10918641090393066,1,0.0,204029.9375,272415.5625,1,0,55269.6171875,0.0,231905.875,23528.56640625,0.0,0.0,0.0,23528.56640625,-369.0,0.0,369.0,0.0,0.0,0.0,0.0,0.0,0.0,0.0,0.0,0.0,0.0,0.0,0.0,0.0,0.0,0.0,0.0,0.0,0.0,0.0,0.0,0.0,0.0,0.0,0.0,0.0,0.0,0.0,0.0,0.0,0.0,0.0,0.0,0.0,0.0,0.0,0.0,0.0,0.0,0.0,0.0,0.0,0.0,0.0,0.0,0.0,0.0,0.0,0.0,0.0,0.0,0.0,0.0,0.0,0.0,0.0,0.0,0.0,0.0,0.0,0.0,0.0,0.0,0.0,0.0,0.0,0.0,0.0,0.0,0.0,0.0,0.0,0.0,0.0,0.0,0.0,0.0,0.0,0.0,0.0,0.0,0.0,54900.6171875,0.0,232274.875,23528.56640625,-369.0,0.0,369.0,0.0,-0.6676362507599465,0.0,0.15911626815795898,0.0,TX
7725913,TX,4818,0.1089661493897438,4,2.0,126311.1484375,681437.5625,4,0,131422.421875,0.0,659469.1875,14582.3271484375,44583.83056640625,0.0,0.0,59166.15771484375,-749.0078125,0.0,749.0625,0.0,-665.0,0.0,665.0,0.0,0.0,0.0,0.0,0.0,0.0,0.0,0.0,0.0,0.0,0.0,0.0,0.0,0.0,0.0,0.0,0.0,0.0,0.0,0.0,0.0,0.0,0.0,0.0,0.0,0.0,0.0,0.0,0.0,0.0,0.0,0.0,0.0,-700.0,0.0,700.0,0.0,0.0,0.0,0.0,0.0,0.0,0.0,0.0,0.0,0.0,0.0,0.0,0.0,0.0,0.0,0.0,0.0,0.0,0.0,0.0,0.0,0.0,0.0,0.0,0.0,0.0,0.0,0.0,0.0,0.0,0.0,0.0,0.0,0.0,0.0,0.0,0.0,0.0,0.0,0.0,0.0,129308.4140625,0.0,661583.25,59166.15771484375,-2114.0078125,0.0,2114.0625,0.0,-1.6085594697917678,0.0,0.32057031989097595,0.0,TX
7725914,TX,4818,0.12142840027809143,4,2.0,709282.43359375,724432.1875,4,0,181241.296875,0.0,541436.375,0.0,0.0,0.0,0.0,0.0,-749.0,0.0,749.0,0.0,-665.0,0.0,665.0,0.0,0.0,0.0,0.0,0.0,0.0,0.0,0.0,0.0,0.0,0.0,0.0,0.0,0.0,0.0,0.0,0.0,-1750.0,0.0,1750.0,0.0,0.0,0.0,0.0,0.0,0.0,0.0,0.0,0.0,0.0,0.0,0.0,0.0,-700.0,0.0,700.0,0.0,0.0,0.0,0.0,0.0,0.0,0.0,0.0,0.0,0.0,0.0,0.0,0.0,0.0,0.0,0.0,0.0,0.0,0.0,0.0,0.0,0.0,0.0,0.0,0.0,0.0,0.0,0.0,0.0,0.0,0.0,0.0,0.0,0.0,0.0,0.0,0.0,0.0,0.0,0.0,0.0,177377.296875,0.0,545300.375,0.0,-3864.0,0.0,3864.0,0.0,-2.1319644400166458,0.0,0.7136572599411011,0.0,TX
7725915,TX,4818,0.200982466340065,2,0.0,33059.12646484375,33060.328125,2,0,276.0328063964844,0.0,104893.890625,0.0,0.0,0.0,0.0,0.0,0.0,0.0,0.0,0.0,-189.99999237060547,0.0,190.0,0.0,0.0,0.0,0.0,0.0,0.0,0.0,0.0,0.0,0.0,0.0,0.0,0.0,0.0,0.0,0.0,0.0,0.0,0.0,0.0,0.0,0.0,0.0,0.0,0.0,0.0,0.0,0.0,0.0,0.0,0.0,0.0,0.0,0.0,0.0,0.0,0.0,0.0,0.0,0.0,0.0,0.0,0.0,0.0,0.0,0.0,0.0,0.0,0.0,0.0,0.0,0.0,0.0,0.0,0.0,0.0,0.0,0.0,0.0,0.0,0.0,0.0,0.0,0.0,0.0,0.0,0.0,0.0,0.0,0.0,0.0,0.0,0.0,0.0,0.0,0.0,0.0,86.0328140258789,0.0,105083.890625,0.0,-189.99999237060547,0.0,190.0,0.0,-68.83239526887822,0.0,0.18113543093204498,0.0,TX
7725916,TX,4818,0.12332788109779358,6,3.9999999999999996,120763.26171875,1946745.4999999998,6,0,461071.24999999994,0.0,1477640.0,0.0,0.0,0.0,0.0,0.0,0.0,0.0,0.0,0.0,0.0,0.0,0.0,0.0,0.0,0.0,0.0,0.0,0.0,0.0,0.0,0.0,0.0,0.0,0.0,0.0,0.0,0.0,0.0,0.0,0.0,0.0,0.0,0.0,0.0,0.0,0.0,0.0,0.0,0.0,0.0,0.0,0.0,0.0,0.0,0.0,-85.875,0.0,85.875,0.0,0.0,0.0,0.0,0.0,0.0,0.0,0.0,0.0,0.0,0.0,0.0,0.0,0.0,0.0,0.0,0.0,0.0,0.0,0.0,0.0,0.0,0.0,0.0,0.0,0.0,0.0,0.0,0.0,0.0,0.0,0.0,0.0,0.0,0.0,0.0,0.0,0.0,0.0,0.0,0.0,460985.37499999994,0.0,1477725.875,0.0,-85.875,0.0,85.875,0.0,-0.018625104037608073,0.0,0.005811632145196199,0.0,TX
7725917,TX,4818,46.76154708862305,1,0.0,0.0,0.0,1,0,-119.18473815917969,0.0,1677.1551513671875,0.0,0.0,0.0,0.0,0.0,0.0,0.0,0.0,0.0,0.0,0.0,0.0,0.0,0.0,0.0,0.0,0.0,0.0,0.0,0.0,0.0,0.0,0.0,0.0,0.0,0.0,0.0,0.0,0.0,0.0,0.0,0.0,0.0,0.0,0.0,0.0,0.0,0.0,0.0,0.0,0.0,0.0,0.0,0.0,0.0,0.0,0.0,0.0,0.0,0.0,0.0,0.0,0.0,0.0,0.0,0.0,0.0,0.0,0.0,0.0,0.0,0.0,0.0,0.0,0.0,0.0,0.0,0.0,0.0,0.0,0.0,0.0,0.0,0.0,0.0,0.0,0.0,0.0,0.0,0.0,0.0,0.0,0.0,0.0,0.0,0.0,0.0,0.0,0.0,-119.18473815917969,0.0,1677.1551513671875,0.0,0.0,0.0,0.0,0.0,0.0,0.0,0.0,0.0,TX
7725918,TX,4818,5.6588664054870605,1,0.0,0.0,0.0,1,0,0.0,0.0,57548.91015625,28774.455078125,0.0,0.0,0.0,28774.455078125,0.0,0.0,0.0,0.0,0.0,0.0,0.0,0.0,0.0,0.0,0.0,0.0,0.0,0.0,0.0,0.0,0.0,0.0,0.0,0.0,0.0,0.0,0.0,0.0,0.0,0.0,0.0,0.0,0.0,0.0,0.0,0.0,0.0,0.0,0.0,0.0,0.0,0.0,0.0,0.0,0.0,0.0,0.0,0.0,0.0,0.0,0.0,0.0,0.0,0.0,0.0,0.0,0.0,0.0,0.0,0.0,0.0,0.0,0.0,0.0,0.0,0.0,0.0,0.0,0.0,0.0,0.0,0.0,0.0,0.0,0.0,0.0,0.0,0.0,0.0,0.0,0.0,0.0,0.0,0.0,0.0,0.0,0.0,0.0,0.0,0.0,57548.91015625,28774.455078125,0.0,0.0,0.0,0.0,0.0,0.0,0.0,0.0,TX
7725919,TX,4818,47.2452278137207,1,0.0,0.0,0.0,1,0,0.0,0.0,37716.37890625,22232.19921875,0.0,0.0,0.0,22232.19921875,0.0,0.0,0.0,0.0,0.0,0.0,0.0,0.0,0.0,0.0,0.0,0.0,0.0,0.0,0.0,0.0,0.0,0.0,0.0,0.0,0.0,0.0,0.0,0.0,0.0,0.0,0.0,0.0,0.0,0.0,0.0,0.0,0.0,0.0,0.0,0.0,0.0,0.0,0.0,0.0,0.0,0.0,0.0,0.0,0.0,0.0,0.0,0.0,0.0,0.0,0.0,0.0,0.0,0.0,0.0,0.0,0.0,0.0,0.0,0.0,0.0,0.0,0.0,0.0,0.0,0.0,0.0,0.0,0.0,0.0,0.0,0.0,0.0,0.0,0.0,0.0,0.0,0.0,0.0,0.0,0.0,0.0,0.0,0.0,0.0,0.0,37716.37890625,22232.19921875,0.0,0.0,0.0,0.0,0.0,0.0,0.0,0.0,TX
7725920,TX,4818,0.11530701071023941,4,2.0,901272.0625,964957.5625,4,0,265509.8125,0.0,683118.8125,0.0,0.0,0.0,0.0,0.0,-734.0,0.0,734.0,0.0,-703.0,0.0,703.0,0.0,0.0,0.0,0.0,0.0,0.0,0.0,0.0,0.0,0.0,0.0,0.0,0.0,0.0,0.0,0.0,0.0,-1850.0,0.0,1850.0,0.0,0.0,0.0,0.0,0.0,0.0,0.0,0.0,0.0,0.0,0.0,0.0,0.0,0.0,0.0,0.0,0.0,0.0,0.0,0.0,0.0,0.0,0.0,0.0,0.0,0.0,0.0,0.0,0.0,0.0,0.0,0.0,0.0,0.0,0.0,0.0,0.0,0.0,0.0,0.0,0.0,0.0,0.0,0.0,0.0,0.0,0.0,0.0,0.0,0.0,0.0,0.0,0.0,0.0,0.0,0.0,0.0,262222.8125,0.0,686405.8125,0.0,-3287.0,0.0,3287.0,0.0,-1.2379956767134548,0.0,0.4811754524707794,0.0,TX
7725921,TX,4818,121.40633392333984,2,0.0,2433.935791015625,2433.935791015625,2,0,0.0,0.0,6542.0302734375,0.0,0.0,0.0,0.0,0.0,0.0,0.0,0.0,0.0,0.0,0.0,0.0,0.0,0.0,0.0,0.0,0.0,0.0,0.0,0.0,0.0,0.0,0.0,0.0,0.0,0.0,0.0,0.0,0.0,0.0,0.0,0.0,0.0,0.0,0.0,0.0,0.0,0.0,0.0,0.0,0.0,0.0,0.0,0.0,0.0,0.0,0.0,0.0,0.0,0.0,0.0,0.0,0.0,0.0,0.0,0.0,0.0,0.0,0.0,0.0,0.0,0.0,0.0,0.0,0.0,0.0,0.0,0.0,0.0,0.0,0.0,0.0,0.0,0.0,0.0,0.0,0.0,0.0,0.0,0.0,0.0,0.0,0.0,0.0,0.0,0.0,0.0,0.0,0.0,0.0,0.0,6542.0302734375,0.0,0.0,0.0,0.0,0.0,0.0,0.0,0.0,0.0,TX
7725922,TX,4818,0.48654478788375854,3,2.0,29509.83984375,29509.83984375,3,0,-8038.8701171875,0.0,56289.78515625,4731.8134765625,8275.0205078125,0.0,0.0,13006.833984375,0.0,0.0,0.0,0.0,0.0,0.0,0.0,0.0,0.0,0.0,0.0,0.0,0.0,0.0,0.0,0.0,200.0,0.0,-200.0,0.0,0.0,0.0,0.0,0.0,0.0,0.0,0.0,0.0,0.0,0.0,0.0,0.0,0.0,0.0,0.0,0.0,0.0,0.0,0.0,0.0,0.0,0.0,0.0,0.0,0.0,0.0,0.0,0.0,0.0,0.0,0.0,0.0,0.0,0.0,0.0,0.0,0.0,0.0,0.0,0.0,0.0,0.0,0.0,0.0,0.0,0.0,0.0,0.0,0.0,0.0,0.0,0.0,0.0,0.0,0.0,0.0,0.0,0.0,0.0,0.0,0.0,0.0,0.0,0.0,-7838.8701171875,0.0,56089.78515625,13006.833984375,200.0,0.0,-200.0,0.0,2.4879118219908807,0.0,-0.3553042411804199,0.0,TX
7725923,TX,4818,0.12366864830255508,5,3.0,283970.3125,374943.78125,5,0,53589.94140625,0.0,317324.71875,0.0,0.0,0.0,0.0,0.0,-292.0,0.0,292.0,0.0,0.0,0.0,0.0,0.0,0.0,0.0,0.0,0.0,0.0,0.0,0.0,0.0,-600.0,0.0,600.0,0.0,0.0,0.0,0.0,0.0,0.0,0.0,0.0,0.0,0.0,0.0,0.0,0.0,0.0,0.0,0.0,0.0,0.0,0.0,0.0,0.0,0.0,0.0,0.0,0.0,0.0,0.0,0.0,0.0,0.0,0.0,0.0,0.0,0.0,0.0,0.0,0.0,0.0,0.0,0.0,0.0,0.0,0.0,0.0,0.0,0.0,0.0,0.0,0.0,0.0,0.0,0.0,0.0,0.0,0.0,0.0,0.0,0.0,0.0,0.0,0.0,0.0,0.0,0.0,0.0,52697.94140625,0.0,318216.71875,0.0,-892.0,0.0,892.0,0.0,-1.6644914634968593,0.0,0.2811000645160675,0.0,TX
7725924,TX,4818,0.06327167898416519,3,1.0,717717.64453125,779921.625,3,0,196825.0,0.0,559163.3125,0.0,4137.51025390625,0.0,0.0,4137.51025390625,-749.0,0.0,749.0,0.0,-665.0,0.0,665.0,0.0,0.0,0.0,0.0,0.0,0.0,0.0,0.0,0.0,0.0,0.0,0.0,0.0,0.0,0.0,0.0,0.0,-725.0625,0.0,725.0625,0.0,0.0,0.0,0.0,0.0,0.0,0.0,0.0,0.0,0.0,0.0,0.0,0.0,-699.0,0.0,699.0,0.0,0.0,0.0,0.0,0.0,0.0,0.0,0.0,0.0,0.0,0.0,0.0,0.0,0.0,0.0,0.0,0.0,0.0,0.0,0.0,0.0,0.0,0.0,0.0,0.0,0.0,0.0,0.0,0.0,0.0,0.0,0.0,0.0,0.0,0.0,0.0,0.0,0.0,0.0,0.0,0.0,193986.9375,0.0,562001.375,4137.51025390625,-2838.0625,0.0,2838.0625,0.0,-1.44192175790677,0.0,0.5075551867485046,0.0,TX
7725925,TX,4818,281.40618896484375,2,0.0,0.0,-2566.994873046875,2,0,0.0,0.0,45340.4140625,30825.623046875,0.0,0.0,0.0,30825.623046875,0.0,0.0,0.0,0.0,0.0,0.0,0.0,0.0,0.0,0.0,0.0,0.0,0.0,0.0,0.0,0.0,0.0,0.0,0.0,0.0,0.0,0.0,0.0,0.0,0.0,0.0,0.0,0.0,0.0,0.0,0.0,0.0,0.0,0.0,0.0,0.0,0.0,0.0,0.0,0.0,0.0,0.0,0.0,0.0,0.0,0.0,0.0,0.0,0.0,0.0,0.0,0.0,0.0,0.0,0.0,0.0,0.0,0.0,0.0,0.0,0.0,0.0,0.0,0.0,0.0,0.0,0.0,0.0,0.0,0.0,0.0,0.0,0.0,0.0,0.0,0.0,0.0,0.0,0.0,0.0,0.0,0.0,0.0,0.0,0.0,0.0,45340.4140625,30825.623046875,0.0,0.0,0.0,0.0,0.0,0.0,0.0,0.0,TX
7725926,TX,4818,1.1615087985992432,1,0.0,1296.0107421875,686091.875,0,1,177550.5625,0.0,523045.4375,16911.533203125,0.0,0.0,0.0,16911.533203125,0.0,0.0,0.0,0.0,0.0,0.0,0.0,0.0,0.0,0.0,0.0,0.0,0.0,0.0,0.0,0.0,0.0,0.0,0.0,0.0,0.0,0.0,0.0,0.0,-2067.6875,0.0,2067.6875,0.0,0.0,0.0,0.0,0.0,0.0,0.0,0.0,0.0,0.0,0.0,0.0,0.0,0.0,0.0,0.0,0.0,0.0,0.0,0.0,0.0,0.0,0.0,0.0,0.0,0.0,0.0,0.0,0.0,0.0,0.0,0.0,0.0,0.0,0.0,0.0,0.0,0.0,0.0,0.0,0.0,0.0,0.0,0.0,0.0,0.0,0.0,0.0,0.0,0.0,0.0,0.0,0.0,0.0,0.0,0.0,0.0,175482.875,0.0,525113.125,16911.533203125,-2067.6875,0.0,2067.6875,0.0,-1.1645626298705756,0.0,0.395317018032074,0.0,TX
7725927,TX,4818,117.19658660888672,2,0.0,0.0,21138.52734375,2,0,0.0,0.0,67388.765625,22234.806640625,0.0,0.0,0.0,22234.806640625,0.0,0.0,0.0,0.0,0.0,0.0,0.0,0.0,0.0,0.0,0.0,0.0,0.0,0.0,0.0,0.0,0.0,0.0,0.0,0.0,0.0,0.0,0.0,0.0,0.0,0.0,0.0,0.0,0.0,0.0,0.0,0.0,0.0,0.0,0.0,0.0,0.0,0.0,0.0,0.0,0.0,0.0,0.0,0.0,0.0,0.0,0.0,0.0,0.0,0.0,0.0,0.0,0.0,0.0,0.0,0.0,0.0,0.0,0.0,0.0,0.0,0.0,0.0,0.0,0.0,0.0,0.0,0.0,0.0,0.0,0.0,0.0,0.0,0.0,0.0,0.0,0.0,0.0,0.0,0.0,0.0,0.0,0.0,0.0,0.0,0.0,67388.765625,22234.806640625,0.0,0.0,0.0,0.0,0.0,0.0,0.0,0.0,TX
7725928,TX,4818,0.19541990756988525,2,0.0,125623.34375,1964596.625,2,0,463500.75,0.0,1497742.0,0.0,0.0,0.0,0.0,0.0,0.0,0.0,0.0,0.0,0.0,0.0,0.0,0.0,0.0,0.0,0.0,0.0,0.0,0.0,0.0,0.0,0.0,0.0,0.0,0.0,0.0,0.0,0.0,0.0,-1300.0,0.0,1300.0,0.0,0.0,0.0,0.0,0.0,0.0,0.0,0.0,0.0,0.0,0.0,0.0,0.0,0.0,0.0,0.0,0.0,0.0,0.0,0.0,0.0,0.0,0.0,0.0,0.0,0.0,0.0,0.0,0.0,0.0,0.0,0.0,0.0,0.0,0.0,0.0,0.0,0.0,0.0,0.0,0.0,0.0,0.0,0.0,0.0,0.0,0.0,0.0,0.0,0.0,0.0,0.0,0.0,0.0,0.0,0.0,0.0,462200.75,0.0,1499042.0,0.0,-1300.0,0.0,1300.0,0.0,-0.28047419556494785,0.0,0.0867973268032074,0.0,TX
7725929,TX,4818,0.2857156991958618,1,0.0,18750.79296875,18750.79296875,1,0,360.07928466796875,0.0,16956.27734375,0.0,0.0,0.0,0.0,0.0,0.0,0.0,0.0,0.0,-95.0,0.0,95.0,0.0,0.0,0.0,0.0,0.0,0.0,0.0,0.0,0.0,0.0,0.0,0.0,0.0,0.0,0.0,0.0,0.0,0.0,0.0,0.0,0.0,0.0,0.0,0.0,0.0,0.0,0.0,0.0,0.0,0.0,0.0,0.0,0.0,0.0,0.0,0.0,0.0,0.0,0.0,0.0,0.0,0.0,0.0,0.0,0.0,0.0,0.0,0.0,0.0,0.0,0.0,0.0,0.0,0.0,0.0,0.0,0.0,0.0,0.0,0.0,0.0,0.0,0.0,0.0,0.0,0.0,0.0,0.0,0.0,0.0,0.0,0.0,0.0,0.0,0.0,0.0,0.0,265.07928466796875,0.0,17051.27734375,0.0,-95.0,0.0,95.0,0.0,-26.383078406634823,0.0,0.5602644681930542,0.0,TX
7725930,TX,4818,48.55686569213867,1,0.0,0.0,0.0,1,0,0.0,0.0,28607.380859375,14612.5322265625,0.0,0.0,0.0,14612.5322265625,0.0,0.0,0.0,0.0,0.0,0.0,0.0,0.0,0.0,0.0,0.0,0.0,0.0,0.0,0.0,0.0,0.0,0.0,0.0,0.0,0.0,0.0,0.0,0.0,0.0,0.0,0.0,0.0,0.0,0.0,0.0,0.0,0.0,0.0,0.0,0.0,0.0,0.0,0.0,0.0,0.0,0.0,0.0,0.0,0.0,0.0,0.0,0.0,0.0,0.0,0.0,0.0,0.0,0.0,0.0,0.0,0.0,0.0,0.0,0.0,0.0,0.0,0.0,0.0,0.0,0.0,0.0,0.0,0.0,0.0,0.0,0.0,0.0,0.0,0.0,0.0,0.0,0.0,0.0,0.0,0.0,0.0,0.0,0.0,0.0,0.0,28607.380859375,14612.5322265625,0.0,0.0,0.0,0.0,0.0,0.0,0.0,0.0,TX
7725931,TX,4818,97.69851684570312,1,0.0,4687.6982421875,4687.6982421875,1,0,0.0,0.0,39450.89453125,18118.71875,0.0,0.0,0.0,18118.71875,0.0,0.0,0.0,0.0,0.0,0.0,0.0,0.0,0.0,0.0,0.0,0.0,0.0,0.0,0.0,0.0,0.0,0.0,0.0,0.0,0.0,0.0,0.0,0.0,0.0,0.0,0.0,0.0,0.0,0.0,0.0,0.0,0.0,0.0,0.0,0.0,0.0,0.0,0.0,0.0,0.0,0.0,0.0,0.0,0.0,0.0,0.0,0.0,0.0,0.0,0.0,0.0,0.0,0.0,0.0,0.0,0.0,0.0,0.0,0.0,0.0,0.0,0.0,0.0,0.0,0.0,0.0,0.0,0.0,0.0,0.0,0.0,0.0,0.0,0.0,0.0,0.0,0.0,0.0,0.0,0.0,0.0,0.0,0.0,0.0,0.0,39450.89453125,18118.71875,0.0,0.0,0.0,0.0,0.0,0.0,0.0,0.0,TX
7725932,TX,4818,0.8462914228439331,2,0.0,110847.59375,2002454.75,2,0,478035.90625,0.0,1501270.375,0.0,0.0,0.0,0.0,0.0,0.0,0.0,0.0,0.0,0.0,0.0,0.0,0.0,0.0,0.0,0.0,0.0,0.0,0.0,0.0,0.0,0.0,0.0,0.0,0.0,0.0,0.0,0.0,0.0,-1300.0,0.0,1300.0,0.0,0.0,0.0,0.0,0.0,0.0,0.0,0.0,0.0,0.0,0.0,0.0,0.0,-520.0,0.0,520.0,0.0,0.0,0.0,0.0,0.0,0.0,0.0,0.0,0.0,0.0,0.0,0.0,0.0,0.0,0.0,0.0,0.0,0.0,0.0,0.0,0.0,0.0,0.0,0.0,0.0,0.0,0.0,0.0,0.0,0.0,0.0,0.0,0.0,0.0,0.0,0.0,0.0,0.0,0.0,0.0,0.0,476215.90625,0.0,1503090.375,0.0,-1820.0,0.0,1820.0,0.0,-0.38072453893205854,0.0,0.12123065441846848,0.0,TX
7725933,TX,4818,196.45272827148438,2,0.0,21478.08203125,60677.87109375,2,0,2763.344482421875,0.0,78427.84375,15433.5712890625,0.0,0.0,0.0,15433.5712890625,-10.0,0.0,10.0,0.0,-228.0,0.0,228.0,0.0,0.0,0.0,0.0,0.0,0.0,0.0,0.0,0.0,0.0,0.0,0.0,0.0,0.0,0.0,0.0,0.0,0.0,0.0,0.0,0.0,0.0,0.0,0.0,0.0,0.0,0.0,0.0,0.0,0.0,0.0,0.0,0.0,0.0,0.0,0.0,0.0,0.0,0.0,0.0,0.0,0.0,0.0,0.0,0.0,0.0,0.0,0.0,0.0,0.0,0.0,0.0,0.0,0.0,0.0,0.0,0.0,-1207.557373046875,0.0,1207.5546875,0.0,0.0,0.0,0.0,0.0,0.0,0.0,0.0,0.0,0.0,0.0,0.0,0.0,0.0,0.0,0.0,0.0,1317.787109375,0.0,79873.3984375,15433.5712890625,-1445.557373046875,0.0,1445.5546875,0.0,-52.311877228565685,0.0,1.8431652784347534,0.0,TX
7725934,TX,4818,0.11783748865127563,2,0.0,170275.265625,184939.859375,2,0,23606.228515625,0.0,166360.09375,17428.1640625,0.0,0.0,0.0,17428.1640625,-230.0,0.0,230.0,0.0,-418.0,0.0,418.0,0.0,0.0,0.0,0.0,0.0,0.0,0.0,0.0,0.0,0.0,0.0,0.0,0.0,0.0,0.0,0.0,0.0,0.0,0.0,0.0,0.0,0.0,0.0,0.0,0.0,0.0,0.0,0.0,0.0,0.0,0.0,0.0,0.0,-440.0,0.0,440.0,0.0,0.0,0.0,0.0,0.0,0.0,0.0,0.0,0.0,0.0,0.0,0.0,0.0,0.0,0.0,0.0,0.0,0.0,0.0,0.0,0.0,0.0,0.0,0.0,0.0,0.0,0.0,0.0,0.0,0.0,0.0,0.0,0.0,0.0,0.0,0.0,0.0,0.0,0.0,0.0,0.0,22518.228515625,0.0,167448.09375,17428.1640625,-1088.0,0.0,1088.0,0.0,-4.608953095916406,0.0,0.6540029644966125,0.0,TX
7725935,TX,4818,2.203240156173706,2,0.0,105212.47265625,352846.4375,2,0,60483.8203125,0.0,380581.3125,1549.8968505859375,0.0,0.0,0.0,1549.8968505859375,-292.0,0.0,292.0,0.0,-456.0,0.0,456.0,0.0,0.0,0.0,0.0,0.0,0.0,0.0,0.0,0.0,0.0,0.0,0.0,0.0,0.0,0.0,0.0,0.0,0.0,0.0,0.0,0.0,0.0,0.0,0.0,0.0,0.0,0.0,0.0,0.0,0.0,0.0,0.0,0.0,-390.046875,0.0,390.0625,0.0,0.0,0.0,0.0,0.0,0.0,0.0,0.0,0.0,0.0,0.0,0.0,0.0,0.0,0.0,0.0,0.0,0.0,0.0,0.0,0.0,0.0,0.0,0.0,0.0,0.0,0.0,0.0,0.0,0.0,0.0,0.0,0.0,0.0,0.0,0.0,0.0,0.0,0.0,0.0,0.0,59345.7734375,0.0,381719.375,1549.8968505859375,-1138.046875,0.0,1138.0625,0.0,-1.881572409150226,0.0,0.29903268814086914,0.0,TX
7725936,TX,4818,0.14927121996879578,1,0.0,55954.9375,97586.265625,1,0,12511.7578125,0.0,108063.953125,21775.94140625,0.0,0.0,0.0,21775.94140625,-115.0,0.0,115.0,0.0,-209.0,0.0,209.0,0.0,0.0,0.0,0.0,0.0,0.0,0.0,0.0,0.0,0.0,0.0,0.0,0.0,0.0,0.0,0.0,0.0,0.0,0.0,0.0,0.0,0.0,0.0,0.0,0.0,0.0,0.0,0.0,0.0,0.0,0.0,0.0,0.0,0.0,0.0,0.0,0.0,0.0,0.0,0.0,0.0,0.0,0.0,0.0,0.0,0.0,0.0,0.0,0.0,0.0,0.0,0.0,0.0,0.0,0.0,0.0,0.0,-1021.8623046875,0.0,1021.8671875,0.0,0.0,0.0,0.0,0.0,0.0,0.0,0.0,0.0,0.0,0.0,0.0,0.0,0.0,0.0,0.0,0.0,11165.8955078125,0.0,109409.8203125,21775.94140625,-1345.8623046875,0.0,1345.8671875,0.0,-10.756780340991755,0.0,1.2454358339309692,0.0,TX
7725937,TX,4818,0.3288327157497406,1,0.0,55481.0390625,259842.484375,1,0,54470.18359375,0.0,262084.109375,50656.12109375,0.0,0.0,0.0,50656.12109375,-369.0,0.0,369.015625,0.0,-304.0,0.0,304.0,0.0,0.0,0.0,0.0,0.0,0.0,0.0,0.0,0.0,0.0,0.0,0.0,0.0,0.0,0.0,0.0,0.0,0.0,0.0,0.0,0.0,0.0,0.0,0.0,0.0,0.0,0.0,0.0,0.0,0.0,0.0,0.0,0.0,0.0,0.0,0.0,0.0,0.0,0.0,0.0,0.0,0.0,0.0,0.0,0.0,0.0,0.0,0.0,0.0,0.0,0.0,0.0,0.0,0.0,0.0,0.0,0.0,0.0,0.0,0.0,0.0,0.0,0.0,0.0,0.0,0.0,0.0,0.0,0.0,0.0,0.0,0.0,0.0,0.0,0.0,0.0,0.0,53797.18359375,0.0,262757.125,50656.12109375,-673.0,0.0,673.015625,0.0,-1.2355383360176908,0.0,0.2567937672138214,0.0,TX
7725938,TX,4818,0.1246541291475296,2,0.0,79881.875,80017.09375,2,0,5480.05126953125,0.0,74622.28125,0.0,0.0,0.0,0.0,0.0,-10.0,0.0,10.0,0.0,-228.0,0.0,228.0,0.0,0.0,0.0,0.0,0.0,0.0,0.0,0.0,0.0,0.0,0.0,0.0,0.0,0.0,0.0,0.0,0.0,0.0,0.0,0.0,0.0,0.0,0.0,0.0,0.0,0.0,0.0,0.0,0.0,0.0,0.0,0.0,0.0,0.0,0.0,0.0,0.0,0.0,0.0,0.0,0.0,0.0,0.0,0.0,0.0,0.0,0.0,0.0,0.0,0.0,0.0,0.0,0.0,0.0,0.0,0.0,0.0,0.0,0.0,0.0,0.0,-87.55029296875,0.0,87.546875,0.0,0.0,0.0,0.0,0.0,0.0,0.0,0.0,0.0,0.0,0.0,0.0,0.0,5154.5009765625,0.0,74947.828125,0.0,-325.55029296875,0.0,325.546875,0.0,-5.940643197606375,0.0,0.4362596273422241,0.0,TX
7725939,TX,4818,0.19117435812950134,4,2.0,589645.2294921875,631312.625,4,0,139512.84375,0.0,467717.125,0.0,0.0,0.0,0.0,0.0,-749.0,0.0,749.0,0.0,0.0,0.0,0.0,0.0,0.0,0.0,0.0,0.0,0.0,0.0,0.0,0.0,0.0,0.0,0.0,0.0,0.0,0.0,0.0,0.0,-1749.5625,0.0,1749.5625,0.0,0.0,0.0,0.0,0.0,0.0,0.0,0.0,0.0,0.0,0.0,0.0,0.0,0.0,0.0,0.0,0.0,0.0,0.0,0.0,0.0,0.0,0.0,0.0,0.0,0.0,0.0,0.0,0.0,0.0,0.0,0.0,0.0,0.0,0.0,0.0,0.0,0.0,0.0,0.0,0.0,0.0,0.0,0.0,0.0,0.0,0.0,0.0,0.0,0.0,0.0,0.0,0.0,0.0,0.0,0.0,0.0,137014.28125,0.0,470215.6875,0.0,-2498.5625,0.0,2498.5625,0.0,-1.7909193396396523,0.0,0.5342037677764893,0.0,TX
7725940,TX,4818,0.11718501150608063,4,2.0,77252.375,182509.4375,4,0,13300.783203125,0.0,156754.8125,0.0,0.0,0.0,0.0,0.0,-230.0,0.0,230.0,0.0,-284.466796875,0.0,284.46875,0.0,0.0,0.0,0.0,0.0,0.0,0.0,0.0,0.0,-400.0,0.0,400.0,0.0,0.0,0.0,0.0,0.0,0.0,0.0,0.0,0.0,0.0,0.0,0.0,0.0,0.0,0.0,0.0,0.0,0.0,0.0,0.0,0.0,-455.302734375,0.0,455.296875,0.0,0.0,0.0,0.0,0.0,0.0,0.0,0.0,0.0,0.0,0.0,0.0,0.0,0.0,0.0,0.0,0.0,0.0,0.0,0.0,0.0,0.0,0.0,0.0,0.0,0.0,0.0,0.0,0.0,0.0,0.0,0.0,0.0,0.0,0.0,0.0,0.0,0.0,0.0,0.0,0.0,11931.013671875,0.0,158124.578125,0.0,-1369.76953125,0.0,1369.765625,0.0,-10.298412584667755,0.0,0.873826801776886,0.0,TX
7725941,TX,4818,0.30919286608695984,2,0.0,7936.426025390625,7932.8662109375,2,0,-664.0,0.0,-33899.609375,0.0,0.0,0.0,0.0,0.0,0.0,0.0,0.0,0.0,0.0,0.0,0.0,0.0,0.0,0.0,0.0,0.0,0.0,0.0,0.0,0.0,0.0,0.0,0.0,0.0,0.0,0.0,0.0,0.0,0.0,0.0,0.0,0.0,0.0,0.0,0.0,0.0,0.0,0.0,0.0,0.0,0.0,0.0,0.0,0.0,0.0,0.0,0.0,0.0,0.0,0.0,0.0,0.0,0.0,0.0,0.0,0.0,0.0,0.0,0.0,0.0,0.0,0.0,0.0,0.0,0.0,0.0,0.0,0.0,0.0,0.0,0.0,0.0,0.0,0.0,0.0,0.0,0.0,0.0,0.0,0.0,0.0,0.0,0.0,0.0,0.0,0.0,0.0,0.0,-664.0,0.0,-33899.609375,0.0,0.0,0.0,0.0,0.0,0.0,0.0,0.0,0.0,TX
7725942,TX,4818,0.11443674564361572,4,2.0,239333.0078125,264916.0625,4,0,40139.05859375,0.0,225489.625,0.0,0.0,0.0,0.0,0.0,-292.0,0.0,292.0,0.0,-456.0,0.0,456.0,0.0,0.0,0.0,0.0,0.0,0.0,0.0,0.0,0.0,0.0,0.0,0.0,0.0,0.0,0.0,0.0,0.0,-764.30078125,0.0,764.3125,0.0,0.0,0.0,0.0,0.0,0.0,0.0,0.0,0.0,0.0,0.0,0.0,0.0,-480.0,0.0,480.0,0.0,0.0,0.0,0.0,0.0,0.0,0.0,0.0,0.0,0.0,0.0,0.0,0.0,0.0,0.0,0.0,0.0,0.0,0.0,0.0,0.0,0.0,0.0,0.0,0.0,0.0,0.0,0.0,0.0,0.0,0.0,0.0,0.0,0.0,0.0,0.0,0.0,0.0,0.0,0.0,0.0,38146.7578125,0.0,227481.9375,0.0,-1992.30078125,0.0,1992.3125,0.0,-4.963496531929672,0.0,0.8835495710372925,0.0,TX
7725943,TX,4818,0.21687276661396027,4,3.0,45360.37890625,45360.37890625,4,0,-8186.4521484375,0.0,83900.5,26784.28125,8275.0205078125,0.0,0.0,35059.3017578125,0.0,0.0,0.0,0.0,-190.0,0.0,190.0,0.0,0.0,0.0,0.0,0.0,0.0,0.0,0.0,0.0,-416.0380859375,0.0,416.0390625,0.0,0.0,0.0,0.0,0.0,0.0,0.0,0.0,0.0,0.0,0.0,0.0,0.0,0.0,0.0,0.0,0.0,0.0,0.0,0.0,0.0,0.0,0.0,0.0,0.0,0.0,0.0,0.0,0.0,0.0,0.0,0.0,0.0,0.0,0.0,0.0,0.0,0.0,0.0,0.0,0.0,0.0,0.0,0.0,0.0,0.0,0.0,0.0,0.0,0.0,0.0,0.0,0.0,0.0,0.0,0.0,0.0,0.0,0.0,0.0,0.0,0.0,0.0,0.0,0.0,-8792.490234375,0.0,84506.5390625,35059.3017578125,-606.0380859375,0.0,606.0390625,0.0,-7.402939331333792,0.0,0.7223306894302368,0.0,TX
7725944,TX,4818,0.12413369864225388,1,0.0,348957.8125,1440351.875,1,0,337545.78125,0.0,1186739.25,15275.5302734375,0.0,0.0,0.0,15275.5302734375,-362.25,0.0,362.25,0.0,0.0,0.0,0.0,0.0,0.0,0.0,0.0,0.0,0.0,0.0,0.0,0.0,0.0,0.0,0.0,0.0,0.0,0.0,0.0,0.0,0.0,0.0,0.0,0.0,0.0,0.0,0.0,0.0,0.0,0.0,0.0,0.0,0.0,0.0,0.0,0.0,0.0,0.0,0.0,0.0,0.0,0.0,0.0,0.0,0.0,0.0,0.0,0.0,0.0,0.0,0.0,0.0,0.0,0.0,0.0,0.0,0.0,0.0,0.0,0.0,0.0,0.0,0.0,0.0,0.0,0.0,0.0,0.0,0.0,0.0,0.0,0.0,0.0,0.0,0.0,0.0,0.0,0.0,0.0,0.0,337183.53125,0.0,1187101.5,15275.5302734375,-362.25,0.0,362.25,0.0,-0.10731877574014265,0.0,0.03052482008934021,0.0,TX
7725945,TX,4818,0.1163858026266098,3,0.0,117647.4423828125,174006.3369140625,3,0,18423.650390625,0.0,169897.65625,17132.791015625,0.0,0.0,0.0,17132.791015625,-120.0,0.0,120.0,0.0,-323.0,0.0,323.0,0.0,0.0,0.0,0.0,0.0,0.0,0.0,0.0,0.0,0.0,0.0,0.0,0.0,0.0,0.0,0.0,0.0,0.0,0.0,0.0,0.0,0.0,0.0,0.0,0.0,0.0,0.0,0.0,0.0,0.0,0.0,0.0,0.0,0.0,0.0,0.0,0.0,0.0,0.0,0.0,0.0,0.0,0.0,0.0,0.0,0.0,0.0,0.0,0.0,-1441.439697265625,0.0,1441.453125,0.0,0.0,0.0,0.0,0.0,0.0,0.0,0.0,0.0,-102.9990234375,0.0,103.0,0.0,0.0,0.0,0.0,0.0,0.0,0.0,0.0,0.0,0.0,0.0,0.0,0.0,16436.211669921875,0.0,171885.109375,17132.791015625,-1987.438720703125,0.0,1987.453125,0.0,-10.787431798610587,0.0,1.1697943210601807,0.0,TX
7725946,TX,4818,0.15458187460899353,2,0.0,40199.890625,257613.609375,2,0,38776.2734375,0.0,274030.75,39000.28515625,0.0,0.0,0.0,39000.28515625,-292.0,0.0,292.0,0.0,-456.0,0.0,456.0,0.0,0.0,0.0,0.0,0.0,0.0,0.0,0.0,0.0,0.0,0.0,0.0,0.0,0.0,0.0,0.0,0.0,-778.421875,0.0,778.4375,0.0,0.0,0.0,0.0,0.0,0.0,0.0,0.0,0.0,0.0,0.0,0.0,0.0,-480.0,0.0,480.0,0.0,0.0,0.0,0.0,0.0,0.0,0.0,0.0,0.0,0.0,0.0,0.0,0.0,0.0,0.0,0.0,0.0,0.0,0.0,0.0,0.0,-1223.19140625,0.0,1223.1875,0.0,0.0,0.0,0.0,0.0,0.0,0.0,0.0,0.0,0.0,0.0,0.0,0.0,0.0,0.0,0.0,0.0,35546.66015625,0.0,277260.375,39000.28515625,-3229.61328125,0.0,3229.625,0.0,-8.328838732931684,0.0,1.1785629987716675,0.0,TX
7725947,TX,4818,0.10871114581823349,1,0.0,206258.734375,216402.234375,1,0,39091.67578125,0.0,176222.15625,11731.0400390625,0.0,0.0,0.0,11731.0400390625,-131.0,0.0,131.0,0.0,0.0,0.0,0.0,0.0,0.0,0.0,0.0,0.0,0.0,0.0,0.0,0.0,0.0,0.0,0.0,0.0,0.0,0.0,0.0,0.0,0.0,0.0,0.0,0.0,0.0,0.0,0.0,0.0,0.0,0.0,0.0,0.0,0.0,0.0,0.0,0.0,0.0,0.0,0.0,0.0,0.0,0.0,0.0,0.0,0.0,0.0,0.0,0.0,0.0,0.0,0.0,0.0,0.0,0.0,0.0,0.0,0.0,0.0,0.0,0.0,0.0,0.0,0.0,0.0,0.0,0.0,0.0,0.0,0.0,0.0,0.0,0.0,0.0,0.0,0.0,0.0,0.0,0.0,0.0,0.0,38960.67578125,0.0,176353.15625,11731.0400390625,-131.0,0.0,131.0,0.0,-0.3351097065601702,0.0,0.07433798909187317,0.0,TX
7725948,TX,4818,0.10984686017036438,1,0.0,192481.125,472421.71875,1,0,99559.59375,0.0,376712.0,0.0,0.0,0.0,0.0,0.0,-362.25,0.0,362.25,0.0,-332.5,0.0,332.5,0.0,0.0,0.0,0.0,0.0,0.0,0.0,0.0,0.0,0.0,0.0,0.0,0.0,0.0,0.0,0.0,0.0,-1750.0,0.0,1750.0,0.0,0.0,0.0,0.0,0.0,0.0,0.0,0.0,0.0,0.0,0.0,0.0,0.0,-350.0,0.0,350.0,0.0,0.0,0.0,0.0,0.0,0.0,0.0,0.0,0.0,0.0,0.0,0.0,0.0,0.0,0.0,0.0,0.0,0.0,0.0,0.0,0.0,0.0,0.0,0.0,0.0,0.0,0.0,0.0,0.0,0.0,0.0,0.0,0.0,0.0,0.0,0.0,0.0,0.0,0.0,0.0,0.0,96764.84375,0.0,379506.75,0.0,-2794.75,0.0,2794.75,0.0,-2.80711269977435,0.0,0.7418797612190247,0.0,TX
7725949,TX,4818,0.10153284668922424,8,6.0,179016.453125,723464.125,7,1,146607.609375,0.0,622613.5625,0.0,0.0,0.0,0.0,0.0,-749.0,0.0,749.0,0.0,-665.0,0.0,665.0,0.0,0.0,0.0,0.0,0.0,0.0,0.0,0.0,0.0,0.0,0.0,0.0,0.0,0.0,0.0,0.0,0.0,0.0,0.0,0.0,0.0,0.0,0.0,0.0,0.0,0.0,0.0,0.0,0.0,0.0,0.0,0.0,0.0,-700.0,0.0,700.0,0.0,0.0,0.0,0.0,0.0,0.0,0.0,0.0,0.0,0.0,0.0,0.0,0.0,0.0,0.0,0.0,0.0,0.0,0.0,0.0,0.0,0.0,0.0,0.0,0.0,0.0,0.0,0.0,0.0,0.0,0.0,0.0,0.0,0.0,0.0,0.0,0.0,0.0,0.0,0.0,0.0,144493.609375,0.0,624727.5625,0.0,-2114.0,0.0,2114.0,0.0,-1.441944254470932,0.0,0.3395364582538605,0.0,TX
7725950,TX,4818,0.13609705865383148,4,2.0,195631.89453125,212762.90625,4,0,22370.00390625,0.0,181406.15625,0.0,0.0,0.0,0.0,0.0,-230.0,0.0,230.0,0.0,-418.0,0.0,418.0,0.0,0.0,0.0,0.0,0.0,0.0,0.0,0.0,0.0,-400.0,0.0,400.0,0.0,0.0,0.0,0.0,0.0,0.0,0.0,0.0,0.0,0.0,0.0,0.0,0.0,0.0,0.0,0.0,0.0,0.0,0.0,0.0,0.0,-440.0,0.0,440.0,0.0,0.0,0.0,0.0,0.0,0.0,0.0,0.0,0.0,0.0,0.0,0.0,0.0,0.0,0.0,0.0,0.0,0.0,0.0,0.0,0.0,0.0,0.0,0.0,0.0,0.0,0.0,0.0,0.0,0.0,0.0,0.0,0.0,0.0,0.0,0.0,0.0,0.0,0.0,0.0,0.0,20882.00390625,0.0,182894.15625,0.0,-1488.0,0.0,1488.0,0.0,-6.651764596179908,0.0,0.8202587962150574,0.0,TX
7725951,TX,4818,0.13465480506420135,4,2.0,369385.4599609375,539330.5625,4,0,99347.484375,0.0,515141.90625,0.0,0.0,0.0,0.0,0.0,-292.0,0.0,292.0,0.0,-468.96875,0.0,468.96875,0.0,0.0,0.0,0.0,0.0,0.0,0.0,0.0,0.0,0.0,0.0,0.0,0.0,0.0,0.0,0.0,0.0,-1109.0,0.0,1109.0,0.0,0.0,0.0,0.0,0.0,0.0,0.0,0.0,0.0,0.0,0.0,0.0,0.0,-480.0,0.0,480.0,0.0,0.0,0.0,0.0,0.0,0.0,0.0,0.0,0.0,0.0,0.0,0.0,0.0,-256.0625,0.0,256.0625,0.0,0.0,0.0,0.0,0.0,0.0,0.0,0.0,0.0,0.0,0.0,0.0,0.0,0.0,0.0,0.0,0.0,0.0,0.0,0.0,0.0,0.0,0.0,0.0,0.0,96741.453125,0.0,517747.9375,0.0,-2606.03125,0.0,2606.03125,0.0,-2.6231476986001945,0.0,0.5058860778808594,0.0,TX
7725952,TX,4818,0.15223786234855652,2,0.0,55478.41796875,226440.765625,2,0,27567.41015625,0.0,227341.0,34843.25,0.0,0.0,0.0,34843.25,-230.0,0.0,230.0,0.0,-418.0,0.0,418.0,0.0,0.0,0.0,0.0,0.0,0.0,0.0,0.0,0.0,0.0,0.0,0.0,0.0,0.0,0.0,0.0,0.0,0.0,0.0,0.0,0.0,0.0,0.0,0.0,0.0,0.0,0.0,0.0,0.0,0.0,0.0,0.0,0.0,0.0,0.0,0.0,0.0,0.0,0.0,0.0,0.0,0.0,0.0,0.0,0.0,0.0,0.0,0.0,0.0,0.0,0.0,0.0,0.0,0.0,0.0,0.0,0.0,-310.98046875,0.0,310.984375,0.0,0.0,0.0,0.0,0.0,0.0,0.0,0.0,0.0,0.0,0.0,0.0,0.0,0.0,0.0,0.0,0.0,26608.4296875,0.0,228299.984375,34843.25,-958.98046875,0.0,958.984375,0.0,-3.4786745048394865,0.0,0.42182639241218567,0.0,TX
7725953,TX,4818,0.10162965208292007,3,0.0,455357.79296875,624298.73828125,3,0,116618.80505371094,0.0,489959.96875,0.0,0.0,5531.3896484375,0.0,5531.3896484375,-764.0,0.0,764.0,0.0,-703.0,0.0,703.0,0.0,0.0,0.0,0.0,0.0,0.0,0.0,0.0,0.0,0.0,0.0,0.0,0.0,0.0,0.0,0.0,0.0,-1502.9609375,0.0,1502.96875,0.0,0.0,0.0,0.0,0.0,0.0,0.0,0.0,0.0,0.0,0.0,0.0,0.0,-640.0,0.0,640.0,0.0,0.0,0.0,0.0,0.0,0.0,0.0,0.0,0.0,0.0,0.0,0.0,0.0,0.0,0.0,0.0,0.0,0.0,0.0,0.0,0.0,0.0,0.0,0.0,0.0,0.0,0.0,0.0,0.0,0.0,0.0,0.0,0.0,0.0,0.0,0.0,0.0,0.0,0.0,0.0,0.0,113008.84411621094,0.0,493569.9375,5531.3896484375,-3609.9609375,0.0,3609.96875,0.0,-3.0955221465674994,0.0,0.7367885112762451,0.0,TX
7725954,TX,4818,0.11782483011484146,1,0.0,74100.4765625,74100.4765625,1,0,7345.10498046875,0.0,61437.890625,0.0,0.0,0.0,0.0,0.0,-115.0,0.0,115.0,0.0,-209.0,0.0,209.0,0.0,0.0,0.0,0.0,0.0,0.0,0.0,0.0,0.0,0.0,0.0,0.0,0.0,0.0,0.0,0.0,0.0,0.0,0.0,0.0,0.0,0.0,0.0,0.0,0.0,0.0,0.0,0.0,0.0,0.0,0.0,0.0,0.0,-29.83251953125,0.0,29.828125,0.0,0.0,0.0,0.0,0.0,0.0,0.0,0.0,0.0,0.0,0.0,0.0,0.0,0.0,0.0,0.0,0.0,0.0,0.0,0.0,0.0,-1261.4873046875,0.0,1261.48828125,0.0,0.0,0.0,0.0,0.0,0.0,0.0,0.0,0.0,0.0,0.0,0.0,0.0,0.0,0.0,0.0,0.0,5729.78515625,0.0,63053.20703125,0.0,-1615.31982421875,0.0,1615.31640625,0.0,-21.991786754770978,0.0,2.629185914993286,0.0,TX
7725955,TX,4818,0.1096077635884285,3,0.0,495506.193359375,770002.53515625,3,0,166702.15478515625,0.0,595572.75,0.0,0.0,0.0,0.0,0.0,-754.0,0.0,754.0,0.0,-864.460693359375,0.0,864.5,0.0,0.0,0.0,0.0,0.0,0.0,0.0,0.0,0.0,0.0,0.0,0.0,0.0,0.0,0.0,0.0,0.0,-1978.046875,0.0,1978.0,0.0,0.0,0.0,0.0,0.0,0.0,0.0,0.0,0.0,0.0,0.0,0.0,0.0,-800.0,0.0,800.0,0.0,0.0,0.0,0.0,0.0,0.0,0.0,0.0,0.0,0.0,0.0,0.0,0.0,0.0,0.0,0.0,0.0,0.0,0.0,0.0,0.0,0.0,0.0,0.0,0.0,0.0,0.0,0.0,0.0,0.0,0.0,0.0,0.0,0.0,0.0,0.0,0.0,0.0,0.0,0.0,0.0,162305.64721679688,0.0,599969.25,0.0,-4396.507568359375,0.0,4396.5,0.0,-2.637342974975663,0.0,0.7381969690322876,0.0,TX
7725956,TX,4818,0.12835603952407837,4,2.0,414843.4921875,690750.8125,3,1,165024.609375,0.0,585785.5625,0.0,0.0,0.0,0.0,0.0,-749.0,0.0,749.0,0.0,0.0,0.0,0.0,0.0,0.0,0.0,0.0,0.0,0.0,0.0,0.0,0.0,0.0,0.0,0.0,0.0,0.0,0.0,0.0,0.0,-1922.484375,0.0,1922.5,0.0,0.0,0.0,0.0,0.0,0.0,0.0,0.0,0.0,0.0,0.0,0.0,0.0,0.0,0.0,0.0,0.0,0.0,0.0,0.0,0.0,0.0,0.0,0.0,0.0,0.0,0.0,0.0,0.0,0.0,0.0,0.0,0.0,0.0,0.0,0.0,0.0,0.0,0.0,0.0,0.0,0.0,0.0,0.0,0.0,0.0,0.0,0.0,0.0,0.0,0.0,0.0,0.0,0.0,0.0,0.0,0.0,162353.125,0.0,588457.0625,0.0,-2671.484375,0.0,2671.5,0.0,-1.618839993088152,0.0,0.4560542702674866,0.0,TX
7725957,TX,4818,0.1558568924665451,2,0.0,107499.46875,488150.84375,2,0,79846.265625,0.0,414676.59375,0.0,0.0,0.0,0.0,0.0,-230.0,0.0,230.0,0.0,0.0,0.0,0.0,0.0,0.0,0.0,0.0,0.0,0.0,0.0,0.0,0.0,0.0,0.0,0.0,0.0,0.0,0.0,0.0,0.0,0.0,0.0,0.0,0.0,0.0,0.0,0.0,0.0,0.0,0.0,0.0,0.0,0.0,0.0,0.0,0.0,0.0,0.0,0.0,0.0,0.0,0.0,0.0,0.0,0.0,0.0,0.0,0.0,0.0,0.0,0.0,0.0,-1328.28125,0.0,1328.28125,0.0,0.0,0.0,0.0,0.0,0.0,0.0,0.0,0.0,0.0,0.0,0.0,0.0,0.0,0.0,0.0,0.0,0.0,0.0,0.0,0.0,0.0,0.0,0.0,0.0,78287.984375,0.0,416234.875,0.0,-1558.28125,0.0,1558.28125,0.0,-1.951601916260564,0.0,0.375782310962677,0.0,TX
7725958,TX,4818,0.1210990622639656,2,0.0,82702.3984375,235707.03125,2,0,37347.42578125,0.0,311671.21875,67415.0625,0.0,0.0,0.0,67415.0625,-131.0,0.0,131.0,0.0,-228.00390625,0.0,228.0,0.0,0.0,0.0,0.0,0.0,0.0,0.0,0.0,0.0,0.0,0.0,0.0,0.0,0.0,0.0,0.0,0.0,0.0,0.0,0.0,0.0,0.0,0.0,0.0,0.0,0.0,0.0,0.0,0.0,0.0,0.0,0.0,0.0,-240.0,0.0,240.0,0.0,0.0,0.0,0.0,0.0,0.0,0.0,0.0,0.0,0.0,0.0,0.0,0.0,0.0,0.0,0.0,0.0,0.0,0.0,0.0,0.0,0.0,0.0,0.0,0.0,0.0,0.0,0.0,0.0,0.0,0.0,0.0,0.0,0.0,0.0,0.0,0.0,0.0,0.0,0.0,0.0,36748.421875,0.0,312270.21875,67415.0625,-599.00390625,0.0,599.0,0.0,-1.603869326251464,0.0,0.19218970835208893,0.0,TX
7725959,TX,4818,390.6387023925781,1,0.0,0.0,0.0,1,0,0.0,0.0,36106.015625,15882.857421875,20223.16015625,0.0,0.0,36106.017578125,0.0,0.0,0.0,0.0,0.0,0.0,0.0,0.0,0.0,0.0,0.0,0.0,0.0,0.0,0.0,0.0,0.0,0.0,0.0,0.0,0.0,0.0,0.0,0.0,0.0,0.0,0.0,0.0,0.0,0.0,0.0,0.0,0.0,0.0,0.0,0.0,0.0,0.0,0.0,0.0,0.0,0.0,0.0,0.0,0.0,0.0,0.0,0.0,0.0,0.0,0.0,0.0,0.0,0.0,0.0,0.0,0.0,0.0,0.0,0.0,0.0,0.0,0.0,0.0,0.0,0.0,0.0,0.0,0.0,0.0,0.0,0.0,0.0,0.0,0.0,0.0,0.0,0.0,0.0,0.0,0.0,0.0,0.0,0.0,0.0,0.0,36106.015625,36106.017578125,0.0,0.0,0.0,0.0,0.0,0.0,0.0,0.0,TX
7725960,TX,4818,2.393112897872925,5,2.0,1391626.6823730469,1698497.3073730469,5,0,504931.40625,0.0,1169382.0,0.0,0.0,0.0,0.0,0.0,-734.0,0.0,734.0,0.0,0.0,0.0,0.0,0.0,0.0,0.0,0.0,0.0,0.0,0.0,0.0,0.0,0.0,0.0,0.0,0.0,0.0,0.0,0.0,0.0,-219.6875,0.0,219.75,0.0,0.0,0.0,0.0,0.0,0.0,0.0,0.0,0.0,0.0,0.0,0.0,0.0,0.0,0.0,0.0,0.0,0.0,0.0,0.0,0.0,0.0,0.0,0.0,0.0,0.0,0.0,0.0,0.0,0.0,0.0,0.0,0.0,0.0,0.0,0.0,0.0,0.0,0.0,0.0,0.0,0.0,0.0,0.0,0.0,0.0,0.0,0.0,0.0,0.0,0.0,0.0,0.0,0.0,0.0,0.0,0.0,503977.71875,0.0,1170335.75,0.0,-953.6875,0.0,953.75,0.0,-0.1888746645970786,0.0,0.0815601721405983,0.0,TX
7725961,TX,4818,0.1623615324497223,3,1.0,215098.2421875,212378.21875,3,0,27879.251953125,0.0,180652.640625,0.0,0.0,0.0,0.0,0.0,-230.0,0.0,230.0,0.0,0.0,0.0,0.0,0.0,0.0,0.0,0.0,0.0,0.0,0.0,0.0,0.0,0.0,0.0,0.0,0.0,0.0,0.0,0.0,0.0,0.0,0.0,0.0,0.0,0.0,0.0,0.0,0.0,0.0,0.0,0.0,0.0,0.0,0.0,0.0,0.0,0.0,0.0,0.0,0.0,0.0,0.0,0.0,0.0,0.0,0.0,0.0,0.0,0.0,0.0,0.0,0.0,0.0,0.0,0.0,0.0,0.0,0.0,0.0,0.0,0.0,0.0,0.0,0.0,0.0,0.0,0.0,0.0,0.0,0.0,0.0,0.0,0.0,0.0,0.0,0.0,0.0,0.0,0.0,0.0,27649.251953125,0.0,180882.640625,0.0,-230.0,0.0,230.0,0.0,-0.8249862671592204,0.0,0.1273161619901657,0.0,TX
7725962,TX,4818,78.33040618896484,2,0.0,26010.0078125,98405.0,2,0,7134.52978515625,0.0,125961.6875,32698.244140625,0.0,0.0,0.0,32698.244140625,-10.0,0.0,10.0,0.0,-228.0,0.0,228.0,0.0,0.0,0.0,0.0,0.0,0.0,0.0,0.0,0.0,0.0,0.0,0.0,0.0,0.0,0.0,0.0,0.0,0.0,0.0,0.0,0.0,0.0,0.0,0.0,0.0,0.0,0.0,0.0,0.0,0.0,0.0,0.0,0.0,-113.904296875,0.0,113.90625,0.0,0.0,0.0,0.0,0.0,0.0,0.0,0.0,0.0,0.0,0.0,0.0,0.0,0.0,0.0,0.0,0.0,0.0,0.0,0.0,0.0,-720.0,0.0,720.0,0.0,-152.259765625,0.0,152.2578125,0.0,0.0,0.0,0.0,0.0,0.0,0.0,0.0,0.0,0.0,0.0,0.0,0.0,5910.36572265625,0.0,127185.8515625,32698.244140625,-1224.1640625,0.0,1224.1640625,0.0,-17.15830053785654,0.0,0.9718542695045471,0.0,TX
7725963,TX,4818,0.24519109725952148,4,2.0,359991.65625,518436.375,2,2,85857.75,0.0,444046.9375,0.0,0.0,0.0,0.0,0.0,-292.0,0.0,292.0,0.0,0.0,0.0,0.0,0.0,0.0,0.0,0.0,0.0,0.0,0.0,0.0,0.0,0.0,0.0,0.0,0.0,0.0,0.0,0.0,0.0,0.0,0.0,0.0,0.0,0.0,0.0,0.0,0.0,0.0,0.0,0.0,0.0,0.0,0.0,0.0,0.0,0.0,0.0,0.0,0.0,0.0,0.0,0.0,0.0,0.0,0.0,0.0,0.0,0.0,0.0,0.0,0.0,0.0,0.0,0.0,0.0,0.0,0.0,0.0,0.0,0.0,0.0,0.0,0.0,0.0,0.0,0.0,0.0,0.0,0.0,0.0,0.0,0.0,0.0,0.0,0.0,0.0,0.0,0.0,0.0,85565.75,0.0,444338.9375,0.0,-292.0,0.0,292.0,0.0,-0.34009742859555486,0.0,0.06575880944728851,0.0,TX
7725964,TX,4818,0.16612474620342255,1,0.0,122707.3984375,534063.1875,1,0,103791.296875,0.0,420734.875,0.0,0.0,0.0,0.0,0.0,-369.0,0.0,369.0,0.0,0.0,0.0,0.0,0.0,0.0,0.0,0.0,0.0,0.0,0.0,0.0,0.0,0.0,0.0,0.0,0.0,0.0,0.0,0.0,0.0,-1600.0,0.0,1600.0,0.0,0.0,0.0,0.0,0.0,0.0,0.0,0.0,0.0,0.0,0.0,0.0,0.0,-262.75,0.0,262.75,0.0,0.0,0.0,0.0,0.0,0.0,0.0,0.0,0.0,0.0,0.0,0.0,0.0,0.0,0.0,0.0,0.0,0.0,0.0,0.0,0.0,0.0,0.0,0.0,0.0,0.0,0.0,0.0,0.0,0.0,0.0,0.0,0.0,0.0,0.0,0.0,0.0,0.0,0.0,0.0,0.0,101559.546875,0.0,422966.625,0.0,-2231.75,0.0,2231.75,0.0,-2.150228455751724,0.0,0.5304409265518188,0.0,TX
7725965,TX,4818,0.10646889358758926,3,0.0,117430.9814453125,228844.2158203125,3,0,26509.376953125,0.0,189007.265625,0.0,0.0,0.0,0.0,0.0,-230.0,0.0,230.0,0.0,-418.0,0.0,418.0,0.0,0.0,0.0,0.0,0.0,0.0,0.0,0.0,0.0,0.0,0.0,0.0,0.0,0.0,0.0,0.0,0.0,0.0,0.0,0.0,0.0,0.0,0.0,0.0,0.0,0.0,0.0,0.0,0.0,0.0,0.0,0.0,0.0,-440.0,0.0,440.0,0.0,0.0,0.0,0.0,0.0,0.0,0.0,0.0,0.0,0.0,0.0,0.0,0.0,0.0,0.0,0.0,0.0,0.0,0.0,0.0,0.0,0.0,0.0,0.0,0.0,0.0,0.0,0.0,0.0,0.0,0.0,0.0,0.0,0.0,0.0,0.0,0.0,0.0,0.0,0.0,0.0,25421.376953125,0.0,190095.265625,0.0,-1088.0,0.0,1088.0,0.0,-4.104208114448889,0.0,0.5756392478942871,0.0,TX
7725966,TX,4818,0.09337303042411804,1,0.0,0.0,34569.71484375,1,0,1627.3408203125,0.0,87130.8515625,32515.134765625,0.0,0.0,0.0,32515.134765625,-5.0,0.0,5.0,0.0,-114.0,0.0,114.0,0.0,0.0,0.0,0.0,0.0,0.0,0.0,0.0,0.0,0.0,0.0,0.0,0.0,0.0,0.0,0.0,0.0,-366.369384765625,0.0,366.3671875,0.0,0.0,0.0,0.0,0.0,0.0,0.0,0.0,0.0,0.0,0.0,0.0,0.0,0.0,0.0,0.0,0.0,0.0,0.0,0.0,0.0,0.0,0.0,0.0,0.0,0.0,0.0,0.0,0.0,0.0,0.0,0.0,0.0,0.0,0.0,0.0,0.0,-599.9999389648438,0.0,600.0,0.0,0.0,0.0,0.0,0.0,0.0,0.0,0.0,0.0,0.0,0.0,0.0,0.0,0.0,0.0,0.0,0.0,541.9714965820312,0.0,88216.21875,32515.134765625,-1085.3693237304688,0.0,1085.3671875,0.0,-66.69588264381177,0.0,1.245674967765808,0.0,TX
7725967,TX,4818,0.10971303284168243,3,0.0,317613.01171875,587439.578125,3,0,96074.35205078125,0.0,551821.5,64664.046875,0.0,0.0,0.0,64664.046875,-599.0,0.0,599.0,0.0,-418.0,0.0,418.0,0.0,0.0,0.0,0.0,0.0,0.0,0.0,0.0,0.0,0.0,0.0,0.0,0.0,0.0,0.0,0.0,0.0,0.0,0.0,0.0,0.0,0.0,0.0,0.0,0.0,0.0,0.0,0.0,0.0,0.0,0.0,0.0,0.0,0.0,0.0,0.0,0.0,0.0,0.0,0.0,0.0,0.0,0.0,0.0,0.0,0.0,0.0,0.0,0.0,0.0,0.0,0.0,0.0,0.0,0.0,0.0,0.0,-2451.2685546875,0.0,2451.25,0.0,-275.6220703125,0.0,275.625,0.0,0.0,0.0,0.0,0.0,0.0,0.0,0.0,0.0,0.0,0.0,0.0,0.0,92330.46142578125,0.0,555565.375,64664.046875,-3743.890625,0.0,3743.875,0.0,-3.896867941426367,0.0,0.6784576177597046,0.0,TX
7725968,TX,4818,0.144206702709198,1,0.0,48325.58984375,88066.171875,1,0,10258.3779296875,0.0,77212.84375,0.0,0.0,0.0,0.0,0.0,-115.0,0.0,115.0,0.0,-209.0,0.0,209.0,0.0,0.0,0.0,0.0,0.0,0.0,0.0,0.0,0.0,0.0,0.0,0.0,0.0,0.0,0.0,0.0,0.0,-940.8203125,0.0,940.8203125,0.0,0.0,0.0,0.0,0.0,0.0,0.0,0.0,0.0,0.0,0.0,0.0,0.0,0.0,0.0,0.0,0.0,0.0,0.0,0.0,0.0,0.0,0.0,0.0,0.0,0.0,0.0,0.0,0.0,0.0,0.0,0.0,0.0,0.0,0.0,0.0,0.0,0.0,0.0,0.0,0.0,0.0,0.0,0.0,0.0,0.0,0.0,0.0,0.0,0.0,0.0,0.0,0.0,0.0,0.0,0.0,0.0,8993.5576171875,0.0,78477.6640625,0.0,-1264.8203125,0.0,1264.8203125,0.0,-12.329632629732235,0.0,1.6380958557128906,0.0,TX
7725969,TX,4818,0.4381248950958252,1,0.0,0.0,9726.94140625,1,0,0.0,0.0,80447.703125,35798.0390625,0.0,0.0,0.0,35798.0390625,0.0,0.0,0.0,0.0,0.0,0.0,0.0,0.0,0.0,0.0,0.0,0.0,0.0,0.0,0.0,0.0,0.0,0.0,0.0,0.0,0.0,0.0,0.0,0.0,0.0,0.0,0.0,0.0,0.0,0.0,0.0,0.0,0.0,0.0,0.0,0.0,0.0,0.0,0.0,0.0,0.0,0.0,0.0,0.0,0.0,0.0,0.0,0.0,0.0,0.0,0.0,0.0,0.0,0.0,0.0,0.0,0.0,0.0,0.0,0.0,0.0,0.0,0.0,0.0,0.0,0.0,0.0,0.0,0.0,0.0,0.0,0.0,0.0,0.0,0.0,0.0,0.0,0.0,0.0,0.0,0.0,0.0,0.0,0.0,0.0,0.0,80447.703125,35798.0390625,0.0,0.0,0.0,0.0,0.0,0.0,0.0,0.0,TX
7725970,TX,4818,0.31181907653808594,2,0.0,71794.27734375,71858.51171875,2,0,4356.143310546875,0.0,63150.8984375,0.0,0.0,0.0,0.0,0.0,-10.0,0.0,10.0,0.0,-228.0,0.0,228.0,0.0,0.0,0.0,0.0,0.0,0.0,0.0,0.0,0.0,0.0,0.0,0.0,0.0,0.0,0.0,0.0,0.0,0.0,0.0,0.0,0.0,0.0,0.0,0.0,0.0,0.0,0.0,0.0,0.0,0.0,0.0,0.0,0.0,0.0,0.0,0.0,0.0,0.0,0.0,0.0,0.0,0.0,0.0,0.0,0.0,0.0,0.0,0.0,0.0,0.0,0.0,0.0,0.0,0.0,0.0,0.0,0.0,0.0,0.0,0.0,0.0,-333.0809326171875,0.0,333.08203125,0.0,0.0,0.0,0.0,0.0,0.0,0.0,0.0,0.0,0.0,0.0,0.0,0.0,3785.0623779296875,0.0,63721.98046875,0.0,-571.0809326171875,0.0,571.08203125,0.0,-13.109782941128568,0.0,0.9043133854866028,0.0,TX
7725971,TX,4818,0.2999202013015747,4,2.0,370266.9375,654202.1875,3,1,133603.90625,0.0,538867.75,0.0,0.0,0.0,0.0,0.0,-764.0,0.0,764.0,0.0,-703.0,0.0,703.0,0.0,0.0,0.0,0.0,0.0,0.0,0.0,0.0,0.0,0.0,0.0,0.0,0.0,0.0,0.0,0.0,0.0,-1850.0,0.0,1850.0,0.0,0.0,0.0,0.0,0.0,0.0,0.0,0.0,0.0,0.0,0.0,0.0,0.0,-740.0,0.0,740.0,0.0,0.0,0.0,0.0,0.0,0.0,0.0,0.0,0.0,0.0,0.0,0.0,0.0,0.0,0.0,0.0,0.0,0.0,0.0,0.0,0.0,0.0,0.0,0.0,0.0,0.0,0.0,0.0,0.0,0.0,0.0,0.0,0.0,0.0,0.0,0.0,0.0,0.0,0.0,0.0,0.0,129546.90625,0.0,542924.75,0.0,-4057.0,0.0,4057.0,0.0,-3.036587861741505,0.0,0.7528749108314514,0.0,TX
7725972,TX,4818,54.643917083740234,1,0.0,0.0,9391.943359375,0,1,0.0,0.0,61709.1328125,26158.595703125,0.0,0.0,0.0,26158.595703125,0.0,0.0,0.0,0.0,0.0,0.0,0.0,0.0,0.0,0.0,0.0,0.0,0.0,0.0,0.0,0.0,0.0,0.0,0.0,0.0,0.0,0.0,0.0,0.0,0.0,0.0,0.0,0.0,0.0,0.0,0.0,0.0,0.0,0.0,0.0,0.0,0.0,0.0,0.0,0.0,0.0,0.0,0.0,0.0,0.0,0.0,0.0,0.0,0.0,0.0,0.0,0.0,0.0,0.0,0.0,0.0,0.0,0.0,0.0,0.0,0.0,0.0,0.0,0.0,0.0,0.0,0.0,0.0,0.0,0.0,0.0,0.0,0.0,0.0,0.0,0.0,0.0,0.0,0.0,0.0,0.0,0.0,0.0,0.0,0.0,0.0,61709.1328125,26158.595703125,0.0,0.0,0.0,0.0,0.0,0.0,0.0,0.0,TX
7725973,TX,4818,0.17882369458675385,1,0.0,143388.421875,545068.5625,1,0,125416.7734375,0.0,464845.25,34122.796875,0.0,0.0,0.0,34122.796875,-362.25,0.0,362.25,0.0,-332.5,0.0,332.5,0.0,0.0,0.0,0.0,0.0,0.0,0.0,0.0,0.0,0.0,0.0,0.0,0.0,0.0,0.0,0.0,0.0,0.0,0.0,0.0,0.0,0.0,0.0,0.0,0.0,0.0,0.0,0.0,0.0,0.0,0.0,0.0,0.0,-350.0,0.0,350.0,0.0,0.0,0.0,0.0,0.0,0.0,0.0,0.0,0.0,0.0,0.0,0.0,0.0,0.0,0.0,0.0,0.0,0.0,0.0,0.0,0.0,0.0,0.0,0.0,0.0,0.0,0.0,0.0,0.0,0.0,0.0,0.0,0.0,0.0,0.0,0.0,0.0,0.0,0.0,0.0,0.0,124372.0234375,0.0,465890.0,34122.796875,-1044.75,0.0,1044.75,0.0,-0.8330225466377822,0.0,0.22475221753120422,0.0,TX
7725974,TX,4818,0.16961327195167542,4,2.0,346805.1435546875,564373.125,4,0,111292.3359375,0.0,532508.0625,26158.595703125,0.0,0.0,0.0,26158.595703125,-764.0,0.0,764.0,0.0,-608.0,0.0,608.0,0.0,0.0,0.0,0.0,0.0,0.0,0.0,0.0,0.0,0.0,0.0,0.0,0.0,0.0,0.0,0.0,0.0,0.0,0.0,0.0,0.0,0.0,0.0,0.0,0.0,0.0,0.0,0.0,0.0,0.0,0.0,0.0,0.0,-640.0,0.0,640.0,0.0,0.0,0.0,0.0,0.0,0.0,0.0,0.0,0.0,0.0,0.0,0.0,0.0,0.0,0.0,0.0,0.0,0.0,0.0,0.0,0.0,0.0,0.0,0.0,0.0,0.0,0.0,0.0,0.0,0.0,0.0,0.0,0.0,0.0,0.0,0.0,0.0,0.0,0.0,0.0,0.0,109280.3359375,0.0,534520.0625,26158.595703125,-2012.0,0.0,2012.0,0.0,-1.8078513520732524,0.0,0.37783464789390564,0.0,TX
7725975,TX,4818,0.19670073688030243,2,0.0,354050.111328125,458661.71875,1,1,84747.4765625,0.0,379049.875,0.0,0.0,0.0,0.0,0.0,-292.0,0.0,292.0,0.0,-499.0,0.0,499.0,0.0,0.0,0.0,0.0,0.0,0.0,0.0,0.0,0.0,0.0,0.0,0.0,0.0,0.0,0.0,0.0,0.0,0.0,0.0,0.0,0.0,0.0,0.0,0.0,0.0,0.0,0.0,0.0,0.0,0.0,0.0,0.0,0.0,-525.2734375,0.0,525.28125,0.0,0.0,0.0,0.0,0.0,0.0,0.0,0.0,0.0,0.0,0.0,0.0,0.0,0.0,0.0,0.0,0.0,0.0,0.0,0.0,0.0,0.0,0.0,0.0,0.0,0.0,0.0,0.0,0.0,0.0,0.0,0.0,0.0,0.0,0.0,0.0,0.0,0.0,0.0,0.0,0.0,83431.203125,0.0,380366.15625,0.0,-1316.2734375,0.0,1316.28125,0.0,-1.553171245788384,0.0,0.347258061170578,0.0,TX
7725976,TX,4818,0.2022109478712082,2,0.0,199403.19921875,134161.25,2,0,12285.3828125,0.0,106621.5234375,0.0,0.0,0.0,0.0,0.0,-224.5654296875,0.0,224.5625,0.0,-236.1513671875,0.0,236.1484375,0.0,0.0,0.0,0.0,0.0,0.0,0.0,0.0,0.0,0.0,0.0,0.0,0.0,0.0,0.0,0.0,0.0,0.0,0.0,0.0,0.0,0.0,0.0,0.0,0.0,0.0,0.0,0.0,0.0,0.0,0.0,0.0,0.0,-68.46484375,0.0,68.46875,0.0,0.0,0.0,0.0,0.0,0.0,0.0,0.0,0.0,0.0,0.0,0.0,0.0,0.0,0.0,0.0,0.0,0.0,0.0,0.0,0.0,0.0,0.0,0.0,0.0,-187.9423828125,0.0,187.9453125,0.0,0.0,0.0,0.0,0.0,0.0,0.0,0.0,0.0,0.0,0.0,0.0,0.0,11568.2587890625,0.0,107338.6484375,0.0,-717.1240234375,0.0,717.125,0.0,-5.837213494949855,0.0,0.6725893616676331,0.0,TX
7725977,TX,4818,228.29452514648438,2,0.0,0.0,10139.607421875,2,0,0.0,0.0,106053.03125,47607.5546875,0.0,0.0,0.0,47607.5546875,0.0,0.0,0.0,0.0,0.0,0.0,0.0,0.0,0.0,0.0,0.0,0.0,0.0,0.0,0.0,0.0,0.0,0.0,0.0,0.0,0.0,0.0,0.0,0.0,0.0,0.0,0.0,0.0,0.0,0.0,0.0,0.0,0.0,0.0,0.0,0.0,0.0,0.0,0.0,0.0,0.0,0.0,0.0,0.0,0.0,0.0,0.0,0.0,0.0,0.0,0.0,0.0,0.0,0.0,0.0,0.0,0.0,0.0,0.0,0.0,0.0,0.0,0.0,0.0,0.0,0.0,0.0,0.0,0.0,0.0,0.0,0.0,0.0,0.0,0.0,0.0,0.0,0.0,0.0,0.0,0.0,0.0,0.0,0.0,0.0,0.0,106053.03125,47607.5546875,0.0,0.0,0.0,0.0,0.0,0.0,0.0,0.0,TX
7725978,TX,4818,0.22609809041023254,2,0.0,26884.838623046875,405092.65625,2,0,64511.69921875,0.0,410543.84375,52535.1796875,0.0,0.0,0.0,52535.1796875,-230.0,0.0,230.0,0.0,-418.0,0.0,418.0,0.0,0.0,0.0,0.0,0.0,0.0,0.0,0.0,0.0,0.0,0.0,0.0,0.0,0.0,0.0,0.0,0.0,0.0,0.0,0.0,0.0,0.0,0.0,0.0,0.0,0.0,0.0,0.0,0.0,0.0,0.0,0.0,0.0,-440.0,0.0,440.0,0.0,0.0,0.0,0.0,0.0,0.0,0.0,0.0,0.0,0.0,0.0,0.0,0.0,0.0,0.0,0.0,0.0,0.0,0.0,0.0,0.0,0.0,0.0,0.0,0.0,0.0,0.0,0.0,0.0,0.0,0.0,0.0,0.0,0.0,0.0,0.0,0.0,0.0,0.0,0.0,0.0,63423.69921875,0.0,411631.84375,52535.1796875,-1088.0,0.0,1088.0,0.0,-1.686515799732304,0.0,0.26501432061195374,0.0,TX
7725979,TX,4818,0.2760434150695801,2,0.0,93607.953125,93607.953125,2,0,7110.95458984375,0.0,81362.171875,0.0,0.0,0.0,0.0,0.0,-10.0,0.0,10.0,0.0,-228.0,0.0,228.0,0.0,0.0,0.0,0.0,0.0,0.0,0.0,0.0,0.0,0.0,0.0,0.0,0.0,0.0,0.0,0.0,0.0,0.0,0.0,0.0,0.0,0.0,0.0,0.0,0.0,0.0,0.0,0.0,0.0,0.0,0.0,0.0,0.0,0.0,0.0,0.0,0.0,0.0,0.0,0.0,0.0,0.0,0.0,0.0,0.0,0.0,0.0,0.0,0.0,0.0,0.0,0.0,0.0,-474.03564453125,0.0,474.03125,0.0,0.0,0.0,0.0,0.0,-260.7060546875,0.0,260.7109375,0.0,0.0,0.0,0.0,0.0,0.0,0.0,0.0,0.0,0.0,0.0,0.0,0.0,6138.212890625,0.0,82334.9140625,0.0,-972.74169921875,0.0,972.7421875,0.0,-13.67948124163347,0.0,1.1955705881118774,0.0,TX
7725980,TX,4818,0.13158203661441803,2,0.0,135976.23046875,440142.03125,2,0,80778.8359375,0.0,413291.0625,0.0,0.0,0.0,0.0,0.0,-292.0,0.0,292.0,0.0,-458.0859375,0.0,458.09375,0.0,0.0,0.0,0.0,0.0,0.0,0.0,0.0,0.0,0.0,0.0,0.0,0.0,0.0,0.0,0.0,0.0,0.0,0.0,0.0,0.0,0.0,0.0,0.0,0.0,0.0,0.0,0.0,0.0,0.0,0.0,0.0,0.0,-480.0,0.0,480.0,0.0,0.0,0.0,0.0,0.0,0.0,0.0,0.0,0.0,0.0,0.0,0.0,0.0,-2636.59375,0.0,2636.59375,0.0,0.0,0.0,0.0,0.0,0.0,0.0,0.0,0.0,0.0,0.0,0.0,0.0,0.0,0.0,0.0,0.0,0.0,0.0,0.0,0.0,0.0,0.0,0.0,0.0,76912.15625,0.0,417157.75,0.0,-3866.6796875,0.0,3866.6875,0.0,-4.786748462792553,0.0,0.9355846047401428,0.0,TX
7725981,TX,4818,0.11420901864767075,2,0.0,324063.140625,543294.1875,1,1,105921.109375,0.0,412175.375,0.0,0.0,0.0,0.0,0.0,-764.0,0.0,764.0,0.0,-608.0,0.0,608.0,0.0,0.0,0.0,0.0,0.0,0.0,0.0,0.0,0.0,0.0,0.0,0.0,0.0,0.0,0.0,0.0,0.0,-1600.0,0.0,1600.0,0.0,0.0,0.0,0.0,0.0,0.0,0.0,0.0,0.0,0.0,0.0,0.0,0.0,-640.0,0.0,640.0,0.0,0.0,0.0,0.0,0.0,0.0,0.0,0.0,0.0,0.0,0.0,0.0,0.0,0.0,0.0,0.0,0.0,0.0,0.0,0.0,0.0,0.0,0.0,0.0,0.0,0.0,0.0,0.0,0.0,0.0,0.0,0.0,0.0,0.0,0.0,0.0,0.0,0.0,0.0,0.0,0.0,102309.109375,0.0,415787.375,0.0,-3612.0,0.0,3612.0,0.0,-3.4100851296904198,0.0,0.8763260245323181,0.0,TX
7725982,TX,4818,0.11441213637590408,3,0.0,722269.109375,970390.203125,3,0,230054.4609375,0.0,720022.125,0.0,0.0,0.0,0.0,0.0,-880.0,0.0,880.0,0.0,-228.0,0.0,228.0,0.0,0.0,0.0,0.0,0.0,0.0,0.0,0.0,0.0,0.0,0.0,0.0,0.0,0.0,0.0,0.0,0.0,-1649.15625,0.0,1649.125,0.0,0.0,0.0,0.0,0.0,0.0,0.0,0.0,0.0,0.0,0.0,0.0,0.0,-240.0,0.0,240.0,0.0,0.0,0.0,0.0,0.0,0.0,0.0,0.0,0.0,0.0,0.0,0.0,0.0,0.0,0.0,0.0,0.0,0.0,0.0,0.0,0.0,0.0,0.0,0.0,0.0,0.0,0.0,0.0,0.0,0.0,0.0,0.0,0.0,0.0,0.0,0.0,0.0,0.0,0.0,0.0,0.0,227057.3046875,0.0,723019.25,0.0,-2997.15625,0.0,2997.125,0.0,-1.30280292665755,0.0,0.41625458002090454,0.0,TX
7725983,TX,4818,313.6554260253906,1,0.0,4232.7158203125,4232.7158203125,1,0,0.0,0.0,7504.953125,3596.039794921875,0.0,0.0,0.0,3596.039794921875,0.0,0.0,0.0,0.0,0.0,0.0,0.0,0.0,0.0,0.0,0.0,0.0,0.0,0.0,0.0,0.0,0.0,0.0,0.0,0.0,0.0,0.0,0.0,0.0,0.0,0.0,0.0,0.0,0.0,0.0,0.0,0.0,0.0,0.0,0.0,0.0,0.0,0.0,0.0,0.0,0.0,0.0,0.0,0.0,0.0,0.0,0.0,0.0,0.0,0.0,0.0,0.0,0.0,0.0,0.0,0.0,0.0,0.0,0.0,0.0,0.0,0.0,0.0,0.0,0.0,0.0,0.0,0.0,0.0,0.0,0.0,0.0,0.0,0.0,0.0,0.0,0.0,0.0,0.0,0.0,0.0,0.0,0.0,0.0,0.0,0.0,7504.953125,3596.039794921875,0.0,0.0,0.0,0.0,0.0,0.0,0.0,0.0,TX
7725984,TX,4818,147.52268981933594,2,0.0,0.0,40689.73828125,2,0,708.9738159179688,0.0,71831.59375,18964.982421875,0.0,0.0,0.0,18964.982421875,0.0,0.0,0.0,0.0,-190.0,0.0,190.0,0.0,0.0,0.0,0.0,0.0,0.0,0.0,0.0,0.0,0.0,0.0,0.0,0.0,0.0,0.0,0.0,0.0,0.0,0.0,0.0,0.0,0.0,0.0,0.0,0.0,0.0,0.0,0.0,0.0,0.0,0.0,0.0,0.0,0.0,0.0,0.0,0.0,0.0,0.0,0.0,0.0,0.0,0.0,0.0,0.0,0.0,0.0,0.0,0.0,0.0,0.0,0.0,0.0,0.0,0.0,0.0,0.0,-518.9738159179688,0.0,518.9765625,0.0,0.0,0.0,0.0,0.0,0.0,0.0,0.0,0.0,0.0,0.0,0.0,0.0,0.0,0.0,0.0,0.0,0.0,0.0,72540.5703125,18964.982421875,-708.9738159179688,0.0,708.9765625,0.0,-100.0,0.0,0.9869982600212097,0.0,TX
7725985,TX,4818,159.6084442138672,1,0.0,0.0,0.0,1,0,0.0,0.0,42546.484375,23799.48828125,0.0,0.0,0.0,23799.48828125,0.0,0.0,0.0,0.0,0.0,0.0,0.0,0.0,0.0,0.0,0.0,0.0,0.0,0.0,0.0,0.0,0.0,0.0,0.0,0.0,0.0,0.0,0.0,0.0,0.0,0.0,0.0,0.0,0.0,0.0,0.0,0.0,0.0,0.0,0.0,0.0,0.0,0.0,0.0,0.0,0.0,0.0,0.0,0.0,0.0,0.0,0.0,0.0,0.0,0.0,0.0,0.0,0.0,0.0,0.0,0.0,0.0,0.0,0.0,0.0,0.0,0.0,0.0,0.0,0.0,0.0,0.0,0.0,0.0,0.0,0.0,0.0,0.0,0.0,0.0,0.0,0.0,0.0,0.0,0.0,0.0,0.0,0.0,0.0,0.0,0.0,42546.484375,23799.48828125,0.0,0.0,0.0,0.0,0.0,0.0,0.0,0.0,TX
7725986,TX,4818,0.10283270478248596,2,0.0,137735.60546875,128063.76953125,2,0,14242.915893554688,0.0,117382.453125,4301.8642578125,0.0,0.0,0.0,4301.8642578125,-120.0,0.0,120.0,0.0,-323.0,0.0,323.0,0.0,0.0,0.0,0.0,0.0,0.0,0.0,0.0,0.0,0.0,0.0,0.0,0.0,0.0,0.0,0.0,0.0,0.0,0.0,0.0,0.0,0.0,0.0,0.0,0.0,0.0,0.0,0.0,0.0,0.0,0.0,0.0,0.0,0.0,0.0,0.0,0.0,0.0,0.0,0.0,0.0,0.0,0.0,0.0,0.0,0.0,0.0,0.0,0.0,0.0,0.0,0.0,0.0,0.0,0.0,0.0,0.0,0.0,0.0,0.0,0.0,0.0,0.0,0.0,0.0,0.0,0.0,0.0,0.0,0.0,0.0,0.0,0.0,0.0,0.0,0.0,0.0,13799.915893554688,0.0,117825.453125,4301.8642578125,-443.0,0.0,443.0,0.0,-3.1103181631541457,0.0,0.377398818731308,0.0,TX
7725987,TX,4818,193.86785888671875,1,0.0,0.0,0.0,1,0,0.0,0.0,63356.12109375,31678.060546875,0.0,0.0,0.0,31678.060546875,0.0,0.0,0.0,0.0,0.0,0.0,0.0,0.0,0.0,0.0,0.0,0.0,0.0,0.0,0.0,0.0,0.0,0.0,0.0,0.0,0.0,0.0,0.0,0.0,0.0,0.0,0.0,0.0,0.0,0.0,0.0,0.0,0.0,0.0,0.0,0.0,0.0,0.0,0.0,0.0,0.0,0.0,0.0,0.0,0.0,0.0,0.0,0.0,0.0,0.0,0.0,0.0,0.0,0.0,0.0,0.0,0.0,0.0,0.0,0.0,0.0,0.0,0.0,0.0,0.0,0.0,0.0,0.0,0.0,0.0,0.0,0.0,0.0,0.0,0.0,0.0,0.0,0.0,0.0,0.0,0.0,0.0,0.0,0.0,0.0,0.0,63356.12109375,31678.060546875,0.0,0.0,0.0,0.0,0.0,0.0,0.0,0.0,TX
7725988,TX,4818,0.11571082472801208,3,1.0,505915.53125,1110730.625,3,0,226059.875,0.0,917100.75,0.0,0.0,0.0,0.0,0.0,-764.0,0.0,764.0,0.0,0.0,0.0,0.0,0.0,0.0,0.0,0.0,0.0,0.0,0.0,0.0,0.0,0.0,0.0,0.0,0.0,0.0,0.0,0.0,0.0,0.0,0.0,0.0,0.0,0.0,0.0,0.0,0.0,0.0,0.0,0.0,0.0,0.0,0.0,0.0,0.0,0.0,0.0,0.0,0.0,0.0,0.0,0.0,0.0,0.0,0.0,0.0,0.0,0.0,0.0,0.0,0.0,0.0,0.0,0.0,0.0,0.0,0.0,0.0,0.0,0.0,0.0,0.0,0.0,0.0,0.0,0.0,0.0,0.0,0.0,0.0,0.0,0.0,0.0,0.0,0.0,0.0,0.0,0.0,0.0,225295.875,0.0,917864.75,0.0,-764.0,0.0,764.0,0.0,-0.33796355943309264,0.0,0.08330600708723068,0.0,TX
7725989,TX,4818,499.37396240234375,2,0.0,0.0,14449.142578125,2,0,0.0,0.0,60109.328125,7426.21728515625,40446.3203125,0.0,0.0,47872.53759765625,0.0,0.0,0.0,0.0,0.0,0.0,0.0,0.0,0.0,0.0,0.0,0.0,0.0,0.0,0.0,0.0,0.0,0.0,0.0,0.0,0.0,0.0,0.0,0.0,0.0,0.0,0.0,0.0,0.0,0.0,0.0,0.0,0.0,0.0,0.0,0.0,0.0,0.0,0.0,0.0,0.0,0.0,0.0,0.0,0.0,0.0,0.0,0.0,0.0,0.0,0.0,0.0,0.0,0.0,0.0,0.0,0.0,0.0,0.0,0.0,0.0,0.0,0.0,0.0,0.0,0.0,0.0,0.0,0.0,0.0,0.0,0.0,0.0,0.0,0.0,0.0,0.0,0.0,0.0,0.0,0.0,0.0,0.0,0.0,0.0,0.0,60109.328125,47872.53759765625,0.0,0.0,0.0,0.0,0.0,0.0,0.0,0.0,TX
7725990,TX,4818,0.11505469679832458,5,0.0,442225.2214355469,957261.3376464844,3,2,217918.30085754395,0.0,122784.1953125,0.0,0.0,14217.8994140625,0.0,14217.8994140625,-749.0,0.0,749.0,0.0,-190.0,0.0,190.0,0.0,0.0,0.0,0.0,0.0,0.0,0.0,0.0,0.0,0.0,0.0,0.0,0.0,0.0,0.0,0.0,0.0,0.0,0.0,0.0,0.0,0.0,0.0,0.0,0.0,0.0,0.0,0.0,0.0,0.0,0.0,0.0,0.0,-200.0,0.0,200.0,0.0,0.0,0.0,0.0,0.0,0.0,0.0,0.0,0.0,0.0,0.0,0.0,0.0,0.0,0.0,0.0,0.0,0.0,0.0,0.0,0.0,0.0,0.0,0.0,0.0,-77.8226318359375,0.0,77.828125,0.0,0.0,0.0,0.0,0.0,0.0,0.0,0.0,0.0,0.0,0.0,0.0,0.0,216701.478225708,0.0,124001.0234375,14217.8994140625,-1216.8226318359375,0.0,1216.828125,0.0,-0.558384783218088,0.0,0.9910299181938171,0.0,TX
7725991,TX,4818,0.4497538208961487,4,0.0,77535.18359375,77535.185546875,4,0,2892.7874755859375,0.0,96879.359375,0.0,0.0,0.0,0.0,0.0,-5.0,0.0,5.0,0.0,-297.332275390625,0.0,297.328125,0.0,0.0,0.0,0.0,0.0,0.0,0.0,0.0,0.0,0.0,0.0,0.0,0.0,0.0,0.0,0.0,0.0,0.0,0.0,0.0,0.0,0.0,0.0,0.0,0.0,0.0,0.0,0.0,0.0,0.0,0.0,0.0,0.0,0.0,0.0,0.0,0.0,0.0,0.0,0.0,0.0,0.0,0.0,0.0,0.0,0.0,0.0,0.0,0.0,0.0,0.0,0.0,0.0,-333.4378662109375,0.0,333.4375,0.0,0.0,0.0,0.0,0.0,0.0,0.0,0.0,0.0,0.0,0.0,0.0,0.0,0.0,0.0,0.0,0.0,0.0,0.0,0.0,0.0,2257.017333984375,0.0,97515.125,0.0,-635.7701416015625,0.0,635.765625,0.0,-21.977768742682574,0.0,0.656244695186615,0.0,TX
7725992,TX,4818,0.12250839918851852,1,0.0,61491.57421875,61491.57421875,1,0,5071.98876953125,0.0,63349.57421875,389.11334228515625,0.0,11244.98046875,0.0,11634.093811035156,-5.0,0.0,5.0,0.0,-114.0,0.0,114.0,0.0,0.0,0.0,0.0,0.0,0.0,0.0,0.0,0.0,0.0,0.0,0.0,0.0,0.0,0.0,0.0,0.0,0.0,0.0,0.0,0.0,0.0,0.0,0.0,0.0,0.0,0.0,0.0,0.0,0.0,0.0,0.0,0.0,0.0,0.0,0.0,0.0,0.0,0.0,0.0,0.0,0.0,0.0,0.0,0.0,0.0,0.0,0.0,0.0,0.0,0.0,0.0,0.0,0.0,0.0,0.0,0.0,0.0,0.0,0.0,0.0,0.0,0.0,0.0,0.0,0.0,0.0,0.0,0.0,0.0,0.0,0.0,0.0,0.0,0.0,0.0,0.0,4952.98876953125,0.0,63468.57421875,11634.093811035156,-119.0,0.0,119.0,0.0,-2.3462197060621235,0.0,0.1878465712070465,0.0,TX
7725993,TX,4818,0.12385847419500351,1,0.0,142938.15625,547887.375,1,0,120226.8046875,0.0,458075.65625,22186.96875,0.0,0.0,0.0,22186.96875,-362.25,0.0,362.25,0.0,0.0,0.0,0.0,0.0,0.0,0.0,0.0,0.0,0.0,0.0,0.0,0.0,0.0,0.0,0.0,0.0,0.0,0.0,0.0,0.0,0.0,0.0,0.0,0.0,0.0,0.0,0.0,0.0,0.0,0.0,0.0,0.0,0.0,0.0,0.0,0.0,0.0,0.0,0.0,0.0,0.0,0.0,0.0,0.0,0.0,0.0,0.0,0.0,0.0,0.0,0.0,0.0,0.0,0.0,0.0,0.0,0.0,0.0,0.0,0.0,0.0,0.0,0.0,0.0,0.0,0.0,0.0,0.0,0.0,0.0,0.0,0.0,0.0,0.0,0.0,0.0,0.0,0.0,0.0,0.0,119864.5546875,0.0,458437.90625,22186.96875,-362.25,0.0,362.25,0.0,-0.30130552079594874,0.0,0.07908082008361816,0.0,TX
7725994,TX,4818,0.46626150608062744,4,2.0,7413.744140625,7413.744140625,4,0,-737.0616455078125,0.0,49930.234375,34071.55859375,8275.0205078125,0.0,0.0,42346.5791015625,0.0,0.0,0.0,0.0,0.0,0.0,0.0,0.0,0.0,0.0,0.0,0.0,0.0,0.0,0.0,0.0,0.0,0.0,0.0,0.0,0.0,0.0,0.0,0.0,0.0,0.0,0.0,0.0,0.0,0.0,0.0,0.0,0.0,0.0,0.0,0.0,0.0,0.0,0.0,0.0,0.0,0.0,0.0,0.0,0.0,0.0,0.0,0.0,0.0,0.0,0.0,0.0,0.0,0.0,0.0,0.0,0.0,0.0,0.0,0.0,0.0,0.0,0.0,0.0,0.0,0.0,0.0,0.0,0.0,0.0,0.0,0.0,0.0,0.0,0.0,0.0,0.0,0.0,0.0,0.0,0.0,0.0,0.0,0.0,-737.0616455078125,0.0,49930.234375,42346.5791015625,0.0,0.0,0.0,0.0,0.0,0.0,0.0,0.0,TX
7725995,TX,4818,290.3502197265625,2,0.0,4687.6982421875,4687.6982421875,2,0,0.0,0.0,64307.85546875,15391.7578125,40446.3203125,0.0,0.0,55838.078125,0.0,0.0,0.0,0.0,0.0,0.0,0.0,0.0,0.0,0.0,0.0,0.0,0.0,0.0,0.0,0.0,0.0,0.0,0.0,0.0,0.0,0.0,0.0,0.0,0.0,0.0,0.0,0.0,0.0,0.0,0.0,0.0,0.0,0.0,0.0,0.0,0.0,0.0,0.0,0.0,0.0,0.0,0.0,0.0,0.0,0.0,0.0,0.0,0.0,0.0,0.0,0.0,0.0,0.0,0.0,0.0,0.0,0.0,0.0,0.0,0.0,0.0,0.0,0.0,0.0,0.0,0.0,0.0,0.0,0.0,0.0,0.0,0.0,0.0,0.0,0.0,0.0,0.0,0.0,0.0,0.0,0.0,0.0,0.0,0.0,0.0,64307.85546875,55838.078125,0.0,0.0,0.0,0.0,0.0,0.0,0.0,0.0,TX
7725996,TX,4818,0.09248536080121994,2,0.0,42832.796875,1333231.625,2,0,291509.1875,0.0,1132583.75,16544.22265625,0.0,0.0,0.0,16544.22265625,0.0,0.0,0.0,0.0,0.0,0.0,0.0,0.0,0.0,0.0,0.0,0.0,0.0,0.0,0.0,0.0,0.0,0.0,0.0,0.0,0.0,0.0,0.0,0.0,-1640.53125,0.0,1640.5,0.0,0.0,0.0,0.0,0.0,0.0,0.0,0.0,0.0,0.0,0.0,0.0,0.0,-347.34375,0.0,347.375,0.0,0.0,0.0,0.0,0.0,0.0,0.0,0.0,0.0,0.0,0.0,0.0,0.0,0.0,0.0,0.0,0.0,0.0,0.0,0.0,0.0,0.0,0.0,0.0,0.0,0.0,0.0,0.0,0.0,0.0,0.0,0.0,0.0,0.0,0.0,0.0,0.0,0.0,0.0,0.0,0.0,289521.3125,0.0,1134571.625,16544.22265625,-1987.875,0.0,1987.875,0.0,-0.6819253338284579,0.0,0.17551681399345398,0.0,TX
7725997,TX,4818,0.12693294882774353,5,1.0,205116.37890625,598156.1171875,3,2,86492.97265625,0.0,517236.15625,17059.763671875,0.0,0.0,0.0,17059.763671875,-240.00000000001455,0.0,240.0,0.0,-645.9999999999854,0.0,646.0,0.0,0.0,0.0,0.0,0.0,0.0,0.0,0.0,0.0,0.0,0.0,0.0,0.0,0.0,0.0,0.0,0.0,0.0,0.0,0.0,0.0,0.0,0.0,0.0,0.0,0.0,0.0,0.0,0.0,0.0,0.0,0.0,0.0,-680.0000000000146,0.0,680.0,0.0,0.0,0.0,0.0,0.0,0.0,0.0,0.0,0.0,0.0,0.0,0.0,0.0,0.0,0.0,0.0,0.0,0.0,0.0,0.0,0.0,0.0,0.0,0.0,0.0,0.0,0.0,0.0,0.0,0.0,0.0,0.0,0.0,0.0,0.0,0.0,0.0,0.0,0.0,0.0,0.0,84926.97265624999,0.0,518802.15625,17059.763671875,-1566.0000000000146,0.0,1566.0,0.0,-1.8105517152518114,0.0,0.30276304483413696,0.0,TX
7725998,TX,4818,0.22111116349697113,2,0.0,180101.36328125,185741.40625,2,0,23077.9453125,0.0,155639.609375,0.0,0.0,0.0,0.0,0.0,-230.0,0.0,230.0,0.0,-418.0,0.0,418.0,0.0,0.0,0.0,0.0,0.0,0.0,0.0,0.0,0.0,0.0,0.0,0.0,0.0,0.0,0.0,0.0,0.0,0.0,0.0,0.0,0.0,0.0,0.0,0.0,0.0,0.0,0.0,0.0,0.0,0.0,0.0,0.0,0.0,-219.609375,0.0,219.609375,0.0,0.0,0.0,0.0,0.0,0.0,0.0,0.0,0.0,0.0,0.0,0.0,0.0,0.0,0.0,0.0,0.0,0.0,0.0,0.0,0.0,0.0,0.0,0.0,0.0,-1129.390625,0.0,1129.390625,0.0,0.0,0.0,0.0,0.0,0.0,0.0,0.0,0.0,0.0,0.0,0.0,0.0,21080.9453125,0.0,157636.609375,0.0,-1997.0,0.0,1997.0,0.0,-8.653283353255627,0.0,1.2830923795700073,0.0,TX
7725999,TX,4818,0.17374379932880402,5,0.0,652555.27734375,764350.6875,5,0,125949.142578125,0.0,660474.5,83454.6484375,0.0,0.0,0.0,83454.6484375,-907.0,0.0,907.0,0.0,-437.0,0.0,437.0,0.0,0.0,0.0,0.0,0.0,0.0,0.0,0.0,0.0,0.0,0.0,0.0,0.0,0.0,0.0,0.0,0.0,0.0,0.0,0.0,0.0,0.0,0.0,0.0,0.0,0.0,0.0,0.0,0.0,0.0,0.0,0.0,0.0,-237.48046875,0.0,237.5,0.0,0.0,0.0,0.0,0.0,0.0,0.0,0.0,0.0,-4330.1328125,0.0,4330.125,0.0,0.0,0.0,0.0,0.0,0.0,0.0,0.0,0.0,-1854.0859375,0.0,1854.125,0.0,-148.287109375,0.0,148.25,0.0,0.0,0.0,0.0,0.0,0.0,0.0,0.0,0.0,0.0,0.0,0.0,0.0,118035.15625,0.0,668388.5,83454.6484375,-7913.986328125,0.0,7914.0,0.0,-6.28347773246335,0.0,1.198229432106018,0.0,TX
7726000,TX,4818,0.004904687870293856,5,3.0,47879.9814453125,47879.98046875,3,2,-4362.41162109375,0.0,116795.09375,48970.6171875,12412.53076171875,0.0,0.0,61383.14794921875,0.0,0.0,0.0,0.0,-190.0,0.0,190.0,0.0,0.0,0.0,0.0,0.0,6000.0001220703125,0.0,-6000.0,0.0,0.0,0.0,0.0,0.0,0.0,0.0,0.0,0.0,0.0,0.0,0.0,0.0,0.0,0.0,0.0,0.0,0.0,0.0,0.0,0.0,0.0,0.0,0.0,0.0,0.0,0.0,0.0,0.0,0.0,0.0,0.0,0.0,0.0,0.0,0.0,0.0,0.0,0.0,0.0,0.0,0.0,0.0,0.0,0.0,0.0,0.0,0.0,0.0,0.0,0.0,0.0,0.0,-101.6019287109375,0.0,101.6015625,0.0,0.0,0.0,0.0,0.0,0.0,0.0,0.0,0.0,0.0,0.0,0.0,0.0,1345.986572265625,0.0,111086.6953125,61383.14794921875,5708.398193359375,0.0,-5708.3984375,0.0,130.85418546377696,0.0,-4.887532711029053,0.0,TX
7726001,TX,4818,0.11898516863584518,5,1.0,346864.82177734375,424464.58593749994,5,0,66725.09570312499,0.0,357321.84375,0.0,0.0,0.0,1691.58251953125,1691.58251953125,-301.99999999998545,0.0,302.0,0.0,-657.5209960937354,0.0,657.5,0.0,0.0,0.0,0.0,0.0,0.0,0.0,0.0,0.0,-200.00000000001455,0.0,200.0,0.0,0.0,0.0,0.0,0.0,0.0,0.0,0.0,0.0,0.0,0.0,0.0,0.0,0.0,0.0,0.0,0.0,0.0,0.0,0.0,0.0,-266.7265625,0.0,266.75,0.0,0.0,0.0,0.0,0.0,0.0,0.0,0.0,0.0,0.0,0.0,0.0,0.0,-238.35546875,0.0,238.34375,0.0,0.0,0.0,0.0,0.0,0.0,0.0,0.0,0.0,0.0,0.0,0.0,0.0,0.0,0.0,0.0,0.0,0.0,0.0,0.0,0.0,0.0,0.0,0.0,0.0,65060.49267578125,0.0,358986.4375,1691.58251953125,-1664.6030273437354,0.0,1664.59375,0.0,-2.4947180814096246,0.0,0.4658527672290802,0.0,TX
7726002,TX,4818,0.16527031362056732,4,0.0,103642.71484375,123840.6015625,4,0,6768.682140350342,0.0,119708.75,0.0,0.0,13389.29833984375,0.0,13389.29833984375,-10.0,0.0,10.0,0.0,-282.2395133972168,0.0,282.2421875,0.0,0.0,0.0,0.0,0.0,0.0,0.0,0.0,0.0,0.0,0.0,0.0,0.0,0.0,0.0,0.0,0.0,0.0,0.0,0.0,0.0,0.0,0.0,0.0,0.0,0.0,0.0,0.0,0.0,0.0,0.0,0.0,0.0,-120.0,0.0,120.0,0.0,0.0,0.0,0.0,0.0,0.0,0.0,0.0,0.0,0.0,0.0,0.0,0.0,0.0,0.0,0.0,0.0,0.0,0.0,0.0,0.0,0.0,0.0,0.0,0.0,0.0,0.0,0.0,0.0,0.0,0.0,0.0,0.0,0.0,0.0,0.0,0.0,0.0,0.0,0.0,0.0,6356.442626953125,0.0,120120.9921875,13389.29833984375,-412.2395133972168,0.0,412.2421875,0.0,-6.090395513474054,0.0,0.3443709909915924,0.0,TX
7726003,TX,4818,127.93045806884766,1,0.0,0.0,23072.873046875,1,0,587.2872924804688,0.0,22485.5859375,0.0,0.0,0.0,0.0,0.0,0.0,0.0,0.0,0.0,-95.0,0.0,95.0,0.0,0.0,0.0,0.0,0.0,0.0,0.0,0.0,0.0,0.0,0.0,0.0,0.0,0.0,0.0,0.0,0.0,0.0,0.0,0.0,0.0,0.0,0.0,0.0,0.0,0.0,0.0,0.0,0.0,0.0,0.0,0.0,0.0,0.0,0.0,0.0,0.0,0.0,0.0,0.0,0.0,0.0,0.0,0.0,0.0,0.0,0.0,0.0,0.0,0.0,0.0,0.0,0.0,0.0,0.0,0.0,0.0,-492.28729248046875,0.0,492.287109375,0.0,0.0,0.0,0.0,0.0,0.0,0.0,0.0,0.0,0.0,0.0,0.0,0.0,0.0,0.0,0.0,0.0,0.0,0.0,23072.873046875,0.0,-587.2872924804688,0.0,587.287109375,0.0,-100.0,0.0,2.6118381023406982,0.0,TX
7726004,TX,4818,0.12675820291042328,2,0.0,195441.734375,644579.4375,2,0,112195.3828125,0.0,519381.625,0.0,0.0,0.0,0.0,0.0,-292.0,0.0,292.0,0.0,-456.0,0.0,456.0,0.0,0.0,0.0,0.0,0.0,0.0,0.0,0.0,0.0,0.0,0.0,0.0,0.0,0.0,0.0,0.0,0.0,0.0,0.0,0.0,0.0,0.0,0.0,0.0,0.0,0.0,0.0,0.0,0.0,0.0,0.0,0.0,0.0,-480.0,0.0,480.0,0.0,0.0,0.0,0.0,0.0,0.0,0.0,0.0,0.0,0.0,0.0,0.0,0.0,0.0,0.0,0.0,0.0,0.0,0.0,0.0,0.0,0.0,0.0,0.0,0.0,0.0,0.0,0.0,0.0,0.0,0.0,0.0,0.0,0.0,0.0,0.0,0.0,0.0,0.0,0.0,0.0,110967.3828125,0.0,520609.625,0.0,-1228.0,0.0,1228.0,0.0,-1.094519194298952,0.0,0.23643499612808228,0.0,TX
7726005,TX,4818,0.12115422636270523,1,0.0,79828.75,495132.15625,1,0,92141.8125,0.0,397078.0,194.55667114257812,0.0,0.0,0.0,194.55667114257812,-131.0,0.0,131.0,0.0,-228.0,0.0,228.0,0.0,0.0,0.0,0.0,0.0,0.0,0.0,0.0,0.0,0.0,0.0,0.0,0.0,0.0,0.0,0.0,0.0,-1172.7265625,0.0,1172.75,0.0,0.0,0.0,0.0,0.0,0.0,0.0,0.0,0.0,0.0,0.0,0.0,0.0,0.0,0.0,0.0,0.0,0.0,0.0,0.0,0.0,0.0,0.0,0.0,0.0,0.0,0.0,0.0,0.0,0.0,0.0,0.0,0.0,0.0,0.0,0.0,0.0,0.0,0.0,0.0,0.0,0.0,0.0,0.0,0.0,0.0,0.0,0.0,0.0,0.0,0.0,0.0,0.0,0.0,0.0,0.0,0.0,90610.0859375,0.0,398609.75,194.55667114257812,-1531.7265625,0.0,1531.75,0.0,-1.662357751536524,0.0,0.3857554495334625,0.0,TX
7726006,TX,4818,0.1581670194864273,3,1.0,38885.404296875,216753.796875,3,0,21203.390625,0.0,239797.5625,0.0,0.0,0.0,0.0,0.0,-230.0,0.0,230.0,0.0,-418.0,0.0,418.0,0.0,0.0,0.0,0.0,0.0,0.0,0.0,0.0,0.0,-200.0,0.0,200.0,0.0,0.0,0.0,0.0,0.0,0.0,0.0,0.0,0.0,0.0,0.0,0.0,0.0,0.0,0.0,0.0,0.0,0.0,0.0,0.0,0.0,-440.0,0.0,440.0,0.0,0.0,0.0,0.0,0.0,0.0,0.0,0.0,0.0,0.0,0.0,0.0,0.0,0.0,0.0,0.0,0.0,0.0,0.0,0.0,0.0,0.0,0.0,0.0,0.0,0.0,0.0,0.0,0.0,0.0,0.0,0.0,0.0,0.0,0.0,0.0,0.0,0.0,0.0,0.0,0.0,19915.390625,0.0,241085.5625,0.0,-1288.0,0.0,1288.0,0.0,-6.074500172068588,0.0,0.5371196866035461,0.0,TX
7726007,TX,4818,92.15702056884766,2,0.0,25489.880859375,25489.880859375,2,0,0.0,0.0,31422.94140625,0.0,4137.51025390625,0.0,0.0,4137.51025390625,0.0,0.0,0.0,0.0,0.0,0.0,0.0,0.0,0.0,0.0,0.0,0.0,0.0,0.0,0.0,0.0,0.0,0.0,0.0,0.0,0.0,0.0,0.0,0.0,0.0,0.0,0.0,0.0,0.0,0.0,0.0,0.0,0.0,0.0,0.0,0.0,0.0,0.0,0.0,0.0,0.0,0.0,0.0,0.0,0.0,0.0,0.0,0.0,0.0,0.0,0.0,0.0,0.0,0.0,0.0,0.0,0.0,0.0,0.0,0.0,0.0,0.0,0.0,0.0,0.0,0.0,0.0,0.0,0.0,0.0,0.0,0.0,0.0,0.0,0.0,0.0,0.0,0.0,0.0,0.0,0.0,0.0,0.0,0.0,0.0,0.0,31422.94140625,4137.51025390625,0.0,0.0,0.0,0.0,0.0,0.0,0.0,0.0,TX
7726008,TX,4818,0.12153409421443939,3,0.0,168680.2880859375,182252.2041015625,3,0,22992.3857421875,0.0,153864.0,0.0,0.0,0.0,0.0,0.0,-230.0,0.0,230.0,0.0,-418.0009765625,0.0,418.015625,0.0,0.0,0.0,0.0,0.0,0.0,0.0,0.0,0.0,0.0,0.0,0.0,0.0,0.0,0.0,0.0,0.0,-559.755859375,0.0,559.75,0.0,0.0,0.0,0.0,0.0,0.0,0.0,0.0,0.0,0.0,0.0,0.0,0.0,0.0,0.0,0.0,0.0,0.0,0.0,0.0,0.0,0.0,0.0,0.0,0.0,0.0,0.0,0.0,0.0,0.0,0.0,0.0,0.0,0.0,0.0,0.0,0.0,0.0,0.0,0.0,0.0,0.0,0.0,0.0,0.0,0.0,0.0,0.0,0.0,0.0,0.0,0.0,0.0,0.0,0.0,0.0,0.0,21784.62890625,0.0,155071.765625,0.0,-1207.7568359375,0.0,1207.765625,0.0,-5.252855660478293,0.0,0.7849565744400024,0.0,TX
7726009,TX,4818,0.922190248966217,4,2.0,0.0,-48679.78515625,1,3,0.0,0.0,-11523.71484375,14256.7685546875,19912.1513671875,0.0,0.0,34168.919921875,0.0,0.0,0.0,0.0,0.0,0.0,0.0,0.0,0.0,0.0,0.0,0.0,0.0,0.0,0.0,0.0,0.0,0.0,0.0,0.0,0.0,0.0,0.0,0.0,0.0,0.0,0.0,0.0,0.0,0.0,0.0,0.0,0.0,0.0,0.0,0.0,0.0,0.0,0.0,0.0,0.0,0.0,0.0,0.0,0.0,0.0,0.0,0.0,0.0,0.0,0.0,0.0,0.0,0.0,0.0,0.0,0.0,0.0,0.0,0.0,0.0,0.0,0.0,0.0,0.0,0.0,0.0,0.0,0.0,0.0,0.0,0.0,0.0,0.0,0.0,0.0,0.0,0.0,0.0,0.0,0.0,0.0,0.0,0.0,0.0,0.0,-11523.71484375,34168.919921875,0.0,0.0,0.0,0.0,0.0,0.0,0.0,0.0,TX
7726010,TX,4818,0.10829555243253708,2,0.0,139293.06640625,164625.296875,2,0,17981.77734375,0.0,132790.546875,0.0,0.0,0.0,0.0,0.0,-230.0,0.0,230.0,0.0,-418.0,0.0,418.0,0.0,0.0,0.0,0.0,0.0,0.0,0.0,0.0,0.0,0.0,0.0,0.0,0.0,0.0,0.0,0.0,0.0,0.0,0.0,0.0,0.0,0.0,0.0,0.0,0.0,0.0,0.0,0.0,0.0,0.0,0.0,0.0,0.0,-7.4765625,0.0,7.46875,0.0,0.0,0.0,0.0,0.0,0.0,0.0,0.0,0.0,0.0,0.0,0.0,0.0,0.0,0.0,0.0,0.0,0.0,0.0,0.0,0.0,0.0,0.0,0.0,0.0,-65.05859375,0.0,65.0625,0.0,0.0,0.0,0.0,0.0,0.0,0.0,0.0,0.0,0.0,0.0,0.0,0.0,17261.2421875,0.0,133511.078125,0.0,-720.53515625,0.0,720.53125,0.0,-4.007029686086283,0.0,0.5426073670387268,0.0,TX
7726011,TX,4818,0.1087019145488739,4,2.0,237043.5,252039.703125,4,0,33602.49609375,0.0,212537.765625,0.0,0.0,0.0,0.0,0.0,-237.13671875,0.0,237.140625,0.0,-418.0,0.0,418.0,0.0,0.0,0.0,0.0,0.0,0.0,0.0,0.0,0.0,-400.0,0.0,400.0,0.0,0.0,0.0,0.0,0.0,0.0,0.0,0.0,0.0,0.0,0.0,0.0,0.0,0.0,0.0,0.0,0.0,0.0,0.0,0.0,0.0,-440.0,0.0,440.0,0.0,0.0,0.0,0.0,0.0,0.0,0.0,0.0,0.0,0.0,0.0,0.0,0.0,0.0,0.0,0.0,0.0,-32.31640625,0.0,32.3125,0.0,0.0,0.0,0.0,0.0,0.0,0.0,0.0,0.0,0.0,0.0,0.0,0.0,0.0,0.0,0.0,0.0,0.0,0.0,0.0,0.0,32075.04296875,0.0,214065.21875,0.0,-1527.453125,0.0,1527.453125,0.0,-4.545653753633211,0.0,0.7186737656593323,0.0,TX
7726012,TX,4818,328.74835205078125,1,0.0,0.0,0.0,1,0,0.0,0.0,5098.86083984375,3596.039794921875,0.0,0.0,0.0,3596.039794921875,0.0,0.0,0.0,0.0,0.0,0.0,0.0,0.0,0.0,0.0,0.0,0.0,0.0,0.0,0.0,0.0,0.0,0.0,0.0,0.0,0.0,0.0,0.0,0.0,0.0,0.0,0.0,0.0,0.0,0.0,0.0,0.0,0.0,0.0,0.0,0.0,0.0,0.0,0.0,0.0,0.0,0.0,0.0,0.0,0.0,0.0,0.0,0.0,0.0,0.0,0.0,0.0,0.0,0.0,0.0,0.0,0.0,0.0,0.0,0.0,0.0,0.0,0.0,0.0,0.0,0.0,0.0,0.0,0.0,0.0,0.0,0.0,0.0,0.0,0.0,0.0,0.0,0.0,0.0,0.0,0.0,0.0,0.0,0.0,0.0,0.0,5098.86083984375,3596.039794921875,0.0,0.0,0.0,0.0,0.0,0.0,0.0,0.0,TX
7726013,TX,4818,0.3475759029388428,1,0.0,0.0,96129.328125,1,0,12065.599609375,0.0,124824.8984375,41592.16796875,0.0,0.0,0.0,41592.16796875,-115.0,0.0,115.0,0.0,-209.0,0.0,209.0,0.0,0.0,0.0,0.0,0.0,0.0,0.0,0.0,0.0,0.0,0.0,0.0,0.0,0.0,0.0,0.0,0.0,0.0,0.0,0.0,0.0,0.0,0.0,0.0,0.0,0.0,0.0,0.0,0.0,0.0,0.0,0.0,0.0,0.0,0.0,0.0,0.0,0.0,0.0,0.0,0.0,0.0,0.0,0.0,0.0,0.0,0.0,0.0,0.0,0.0,0.0,0.0,0.0,0.0,0.0,0.0,0.0,-1041.0927734375,0.0,1041.09375,0.0,0.0,0.0,0.0,0.0,0.0,0.0,0.0,0.0,0.0,0.0,0.0,0.0,0.0,0.0,0.0,0.0,10700.5068359375,0.0,126189.9921875,41592.16796875,-1365.0927734375,0.0,1365.09375,0.0,-11.313924028912908,0.0,1.093606948852539,0.0,TX
7726014,TX,4818,0.1655212789773941,4,0.0,211402.013671875,474589.77734375,4,0,68910.80187988281,0.0,395774.03125,0.0,0.0,0.0,0.0,0.0,-412.0,0.0,412.0,0.0,-779.0,0.0,779.0,0.0,0.0,0.0,0.0,0.0,0.0,0.0,0.0,0.0,0.0,0.0,0.0,0.0,0.0,0.0,0.0,0.0,0.0,0.0,0.0,0.0,0.0,0.0,0.0,0.0,0.0,0.0,0.0,0.0,0.0,0.0,0.0,0.0,-480.0,0.0,480.0,0.0,0.0,0.0,0.0,0.0,0.0,0.0,0.0,0.0,0.0,0.0,0.0,0.0,0.0,0.0,0.0,0.0,0.0,0.0,0.0,0.0,0.0,0.0,0.0,0.0,-71.6617431640625,0.0,71.65625,0.0,0.0,0.0,0.0,0.0,0.0,0.0,0.0,0.0,0.0,0.0,0.0,0.0,67168.14013671875,0.0,397516.6875,0.0,-1742.6617431640625,0.0,1742.65625,0.0,-2.528865860829286,0.0,0.44031596183776855,0.0,TX
7726015,TX,4818,0.12176326662302017,4,2.0,159984.484375,503029.8125,4,0,88289.96875,0.0,402249.1875,0.0,0.0,0.0,0.0,0.0,-764.0,0.0,764.0,0.0,0.0,0.0,0.0,0.0,0.0,0.0,0.0,0.0,0.0,0.0,0.0,0.0,0.0,0.0,0.0,0.0,0.0,0.0,0.0,0.0,0.0,0.0,0.0,0.0,0.0,0.0,0.0,0.0,0.0,0.0,0.0,0.0,0.0,0.0,0.0,0.0,0.0,0.0,0.0,0.0,0.0,0.0,0.0,0.0,0.0,0.0,0.0,0.0,0.0,0.0,0.0,0.0,0.0,0.0,0.0,0.0,0.0,0.0,0.0,0.0,0.0,0.0,0.0,0.0,0.0,0.0,0.0,0.0,0.0,0.0,0.0,0.0,0.0,0.0,0.0,0.0,0.0,0.0,0.0,0.0,87525.96875,0.0,403013.1875,0.0,-764.0,0.0,764.0,0.0,-0.8653304682475607,0.0,0.18993201851844788,0.0,TX
7726016,TX,4818,0.1301015317440033,4,2.0,687107.25,691399.25,4,0,169679.765625,0.0,532424.625,0.0,0.0,0.0,0.0,0.0,-749.0,0.0,749.0,0.0,-665.0,0.0,665.0,0.0,0.0,0.0,0.0,0.0,0.0,0.0,0.0,0.0,0.0,0.0,0.0,0.0,0.0,0.0,0.0,0.0,-1750.0,0.0,1750.0,0.0,0.0,0.0,0.0,0.0,0.0,0.0,0.0,0.0,0.0,0.0,0.0,0.0,-700.0,0.0,700.0,0.0,0.0,0.0,0.0,0.0,0.0,0.0,0.0,0.0,0.0,0.0,0.0,0.0,0.0,0.0,0.0,0.0,0.0,0.0,0.0,0.0,0.0,0.0,0.0,0.0,0.0,0.0,0.0,0.0,0.0,0.0,0.0,0.0,0.0,0.0,0.0,0.0,0.0,0.0,0.0,0.0,165815.765625,0.0,536288.625,0.0,-3864.0,0.0,3864.0,0.0,-2.2772308682578073,0.0,0.7257364988327026,0.0,TX
7726017,TX,4818,0.11590757220983505,6,2.0,467407.328125,639704.484375,4,2,104262.4337387085,0.0,548466.125,0.0,0.0,0.0,0.0,0.0,-299.0,0.0,299.0,0.0,-266.9222640991211,0.0,266.875,0.0,0.0,0.0,0.0,0.0,0.0,0.0,0.0,0.0,-400.0,0.0,400.0,0.0,0.0,0.0,0.0,0.0,-1127.21875,0.0,1127.25,0.0,0.0,0.0,0.0,0.0,0.0,0.0,0.0,0.0,0.0,0.0,0.0,0.0,0.0,0.0,0.0,0.0,0.0,0.0,0.0,0.0,0.0,0.0,0.0,0.0,0.0,0.0,0.0,0.0,0.0,0.0,0.0,0.0,0.0,0.0,0.0,0.0,0.0,0.0,0.0,0.0,-50.195556640625,0.0,50.1875,0.0,0.0,0.0,0.0,0.0,0.0,0.0,0.0,0.0,0.0,0.0,0.0,0.0,102119.09716796875,0.0,550609.4375,0.0,-2143.336570739746,0.0,2143.3125,0.0,-2.055713159459859,0.0,0.39078304171562195,0.0,TX
7726018,TX,4818,0.11489694565534592,3,0.0,250378.2421875,316689.9609375,2,1,41392.26708984375,0.0,251386.015625,0.0,0.0,0.0,0.0,0.0,-345.0,0.0,345.0,0.0,-627.0,0.0,627.0,0.0,0.0,0.0,0.0,0.0,0.0,0.0,0.0,0.0,0.0,0.0,0.0,0.0,0.0,0.0,0.0,0.0,-17.57421875,0.0,17.578125,0.0,0.0,0.0,0.0,0.0,0.0,0.0,0.0,0.0,0.0,0.0,0.0,0.0,-440.0,0.0,440.0,0.0,0.0,0.0,0.0,0.0,0.0,0.0,0.0,0.0,0.0,0.0,0.0,0.0,0.0,0.0,0.0,0.0,0.0,0.0,0.0,0.0,0.0,0.0,0.0,0.0,0.0,0.0,0.0,0.0,0.0,0.0,0.0,0.0,0.0,0.0,0.0,0.0,0.0,0.0,0.0,0.0,39962.69287109375,0.0,252815.59375,0.0,-1429.57421875,0.0,1429.578125,0.0,-3.453722927635362,0.0,0.5686784386634827,0.0,TX
7726019,TX,4818,68.21743774414062,1,0.0,0.0,0.0,1,0,0.0,0.0,41076.3125,20846.998046875,0.0,0.0,0.0,20846.998046875,0.0,0.0,0.0,0.0,0.0,0.0,0.0,0.0,0.0,0.0,0.0,0.0,0.0,0.0,0.0,0.0,0.0,0.0,0.0,0.0,0.0,0.0,0.0,0.0,0.0,0.0,0.0,0.0,0.0,0.0,0.0,0.0,0.0,0.0,0.0,0.0,0.0,0.0,0.0,0.0,0.0,0.0,0.0,0.0,0.0,0.0,0.0,0.0,0.0,0.0,0.0,0.0,0.0,0.0,0.0,0.0,0.0,0.0,0.0,0.0,0.0,0.0,0.0,0.0,0.0,0.0,0.0,0.0,0.0,0.0,0.0,0.0,0.0,0.0,0.0,0.0,0.0,0.0,0.0,0.0,0.0,0.0,0.0,0.0,0.0,0.0,41076.3125,20846.998046875,0.0,0.0,0.0,0.0,0.0,0.0,0.0,0.0,TX
7726020,TX,4818,1659.7156982421875,1,0.0,41362.046875,483318.0,1,0,76116.2265625,0.0,-465328.9375,0.0,0.0,0.0,0.0,0.0,-5.0,0.0,5.0,0.0,-256.5,0.0,256.5,0.0,0.0,0.0,0.0,0.0,0.0,0.0,0.0,0.0,0.0,0.0,0.0,0.0,0.0,0.0,0.0,0.0,0.0,0.0,0.0,0.0,0.0,0.0,0.0,0.0,0.0,0.0,0.0,0.0,0.0,0.0,0.0,0.0,0.0,0.0,0.0,0.0,0.0,0.0,0.0,0.0,0.0,0.0,0.0,0.0,0.0,0.0,0.0,0.0,0.0,0.0,0.0,0.0,0.0,0.0,0.0,0.0,0.0,0.0,0.0,0.0,0.0,0.0,0.0,0.0,0.0,0.0,0.0,0.0,0.0,0.0,0.0,0.0,0.0,0.0,0.0,0.0,75854.7265625,0.0,-465067.4375,0.0,-261.5,0.0,261.5,0.0,-0.34355355199496,0.0,0.05619680881500244,0.0,TX
7726021,TX,4818,297.2437744140625,4,1.0,222013.3681640625,566482.9619140625,4,0,96653.5546875,0.0,465388.25,8996.376953125,0.0,0.0,0.0,8996.376953125,-292.0,0.0,292.0,0.0,-456.0,0.0,456.0,0.0,0.0,0.0,0.0,0.0,0.0,0.0,0.0,0.0,0.0,0.0,0.0,0.0,0.0,0.0,0.0,0.0,0.0,0.0,0.0,0.0,0.0,0.0,0.0,0.0,0.0,0.0,0.0,0.0,0.0,0.0,0.0,0.0,-480.0,0.0,480.0,0.0,0.0,0.0,0.0,0.0,0.0,0.0,0.0,0.0,0.0,0.0,0.0,0.0,0.0,0.0,0.0,0.0,0.0,0.0,0.0,0.0,0.0,0.0,0.0,0.0,0.0,0.0,0.0,0.0,0.0,0.0,0.0,0.0,0.0,0.0,0.0,0.0,0.0,0.0,0.0,0.0,95425.5546875,0.0,466616.25,8996.376953125,-1228.0,0.0,1228.0,0.0,-1.2705171620126814,0.0,0.26386570930480957,0.0,TX
7726022,TX,4818,88.33824920654297,3,1.0,199529.2158203125,327951.5625,3,0,50149.0078125,0.0,272050.5,0.0,0.0,0.0,0.0,0.0,-292.0,0.0,292.0,0.0,-456.0,0.0,456.0,0.0,0.0,0.0,0.0,0.0,0.0,0.0,0.0,0.0,-200.0,0.0,200.0,0.0,0.0,0.0,0.0,0.0,0.0,0.0,0.0,0.0,0.0,0.0,0.0,0.0,0.0,0.0,0.0,0.0,0.0,0.0,0.0,0.0,-480.0,0.0,480.0,0.0,0.0,0.0,0.0,0.0,0.0,0.0,0.0,0.0,0.0,0.0,0.0,0.0,0.0,0.0,0.0,0.0,0.0,0.0,0.0,0.0,0.0,0.0,0.0,0.0,0.0,0.0,0.0,0.0,0.0,0.0,0.0,0.0,0.0,0.0,0.0,0.0,0.0,0.0,0.0,0.0,48721.0078125,0.0,273478.5,0.0,-1428.0,0.0,1428.0,0.0,-2.8475139634648183,0.0,0.5249025225639343,0.0,TX
7726023,TX,4818,7366.28271484375,6,4.0,125051.248046875,125051.248046875,6,0,-3282.955078125,0.0,162430.109375,35387.3125,8275.0205078125,0.0,0.0,43662.3330078125,-147.0,0.0,147.0,0.0,-324.5,0.0,324.5,0.0,0.0,0.0,0.0,0.0,0.0,0.0,0.0,0.0,-200.0,0.0,200.0,0.0,0.0,0.0,0.0,0.0,0.0,0.0,0.0,0.0,0.0,0.0,0.0,0.0,0.0,0.0,0.0,0.0,0.0,0.0,0.0,0.0,0.0,0.0,0.0,0.0,0.0,0.0,0.0,0.0,0.0,0.0,0.0,0.0,0.0,0.0,0.0,0.0,0.0,0.0,0.0,0.0,0.0,0.0,0.0,0.0,0.0,0.0,0.0,0.0,-212.8134765625,0.0,212.8125,0.0,0.0,0.0,0.0,0.0,0.0,0.0,0.0,0.0,0.0,0.0,0.0,0.0,-4167.2685546875,0.0,163314.421875,43662.3330078125,-884.3134765625,0.0,884.3125,0.0,-26.936508588096782,0.0,0.544426441192627,0.0,TX
7726024,TX,4818,101.04537963867188,2,0.0,130993.40625,1419868.125,2,0,321815.1875,0.0,1128873.75,0.0,0.0,0.0,0.0,0.0,0.0,0.0,0.0,0.0,0.0,0.0,0.0,0.0,0.0,0.0,0.0,0.0,0.0,0.0,0.0,0.0,0.0,0.0,0.0,0.0,0.0,0.0,0.0,0.0,-1950.0,0.0,1950.0,0.0,0.0,0.0,0.0,0.0,0.0,0.0,0.0,0.0,0.0,0.0,0.0,0.0,0.0,0.0,0.0,0.0,0.0,0.0,0.0,0.0,0.0,0.0,0.0,0.0,0.0,0.0,0.0,0.0,0.0,0.0,0.0,0.0,0.0,0.0,0.0,0.0,0.0,0.0,0.0,0.0,0.0,0.0,0.0,0.0,0.0,0.0,0.0,0.0,0.0,0.0,0.0,0.0,0.0,0.0,0.0,0.0,319865.1875,0.0,1130823.75,0.0,-1950.0,0.0,1950.0,0.0,-0.6059378412648719,0.0,0.17273853719234467,0.0,TX
7726025,TX,4818,0.8142151236534119,4,2.0,128253.43676757812,128253.4375,4,0,7268.412109375,0.0,123679.609375,0.0,0.0,12505.966796875,0.0,12505.966796875,-10.0,0.0,10.0,0.0,-228.0,0.0,228.0,0.0,0.0,0.0,0.0,0.0,0.0,0.0,0.0,0.0,-400.0,0.0,400.0,0.0,0.0,0.0,0.0,0.0,0.0,0.0,0.0,0.0,0.0,0.0,0.0,0.0,0.0,0.0,0.0,0.0,0.0,0.0,0.0,0.0,0.0,0.0,0.0,0.0,0.0,0.0,0.0,0.0,0.0,0.0,0.0,0.0,0.0,0.0,0.0,0.0,0.0,0.0,0.0,0.0,0.0,0.0,0.0,0.0,0.0,0.0,0.0,0.0,-350.2021484375,0.0,350.203125,0.0,0.0,0.0,0.0,0.0,0.0,0.0,0.0,0.0,0.0,0.0,0.0,0.0,6280.2099609375,0.0,124667.8125,12505.966796875,-988.2021484375,0.0,988.203125,0.0,-13.595846432027283,0.0,0.7990025281906128,0.0,TX
7726026,TX,4818,667.5975952148438,2,0.0,36941.712890625,50355.68359375,2,0,1648.553466796875,0.0,58057.8671875,0.0,0.0,12279.458984375,0.0,12279.458984375,0.0,0.0,0.0,0.0,-190.0,0.0,190.0,0.0,0.0,0.0,0.0,0.0,0.0,0.0,0.0,0.0,0.0,0.0,0.0,0.0,0.0,0.0,0.0,0.0,-472.985107421875,0.0,472.984375,0.0,0.0,0.0,0.0,0.0,0.0,0.0,0.0,0.0,0.0,0.0,0.0,0.0,-200.0,0.0,200.0,0.0,0.0,0.0,0.0,0.0,0.0,0.0,0.0,0.0,0.0,0.0,0.0,0.0,0.0,0.0,0.0,0.0,0.0,0.0,0.0,0.0,-600.0,0.0,600.0,0.0,0.0,0.0,0.0,0.0,0.0,0.0,0.0,0.0,0.0,0.0,0.0,0.0,0.0,0.0,0.0,0.0,185.568359375,0.0,59520.8515625,12279.458984375,-1462.985107421875,0.0,1462.984375,0.0,-88.74356439675822,0.0,2.5198726654052734,0.0,TX
7726027,TX,4818,1082.6314697265625,1,0.0,79828.75,527742.0625,1,0,97780.234375,0.0,448173.625,19283.80078125,0.0,0.0,0.0,19283.80078125,-131.0,0.0,131.0,0.0,-228.0,0.0,228.0,0.0,0.0,0.0,0.0,0.0,0.0,0.0,0.0,0.0,0.0,0.0,0.0,0.0,0.0,0.0,0.0,0.0,0.0,0.0,0.0,0.0,0.0,0.0,0.0,0.0,0.0,0.0,0.0,0.0,0.0,0.0,0.0,0.0,-240.0,0.0,240.0,0.0,0.0,0.0,0.0,0.0,0.0,0.0,0.0,0.0,0.0,0.0,0.0,0.0,0.0,0.0,0.0,0.0,0.0,0.0,0.0,0.0,0.0,0.0,0.0,0.0,0.0,0.0,0.0,0.0,0.0,0.0,0.0,0.0,0.0,0.0,0.0,0.0,0.0,0.0,0.0,0.0,97181.234375,0.0,448772.625,19283.80078125,-599.0,0.0,599.0,0.0,-0.612598245267808,0.0,0.13365355134010315,0.0,TX
7726028,TX,4818,5547.49658203125,10,4.0,539496.86328125,728076.29296875,10,0,99021.70959472656,0.0,667857.0625,52583.69140625,0.0,14725.91552734375,5074.74755859375,72384.3544921875,-439.99999999998545,0.0,440.0,0.0,-1089.0,0.0,1089.0,0.0,0.0,0.0,0.0,0.0,0.0,0.0,0.0,0.0,-800.0000000000146,0.0,800.0,0.0,0.0,0.0,0.0,0.0,0.0,0.0,0.0,0.0,0.0,0.0,0.0,0.0,0.0,0.0,0.0,0.0,0.0,0.0,0.0,0.0,-720.0,0.0,720.0,0.0,0.0,0.0,0.0,0.0,0.0,0.0,0.0,0.0,0.0,0.0,0.0,0.0,0.0,0.0,0.0,0.0,0.0,0.0,0.0,0.0,0.0,0.0,0.0,0.0,-38.911865234375,0.0,38.9375,0.0,0.0,0.0,0.0,0.0,0.0,0.0,-7219.8125,-7219.77392578125,0.0,0.0,0.0,0.0,95933.79772949219,0.0,663725.1875,65164.58056640625,-3087.911865234375,0.0,-4131.875,-7219.77392578125,-3.1184190596915555,0.0,-0.6186765432357788,-9.974218843880807,TX
7726029,TX,4818,2625.852783203125,8,1.9999999999999998,98555.220703125,68000.888671875,8,0,3332.5902404785156,0.0,120177.5,12103.9140625,34316.74609375,0.0,0.0,46420.66015625,-5.0,0.0,5.0,0.0,-399.0,0.0,399.0,0.0,0.0,0.0,0.0,0.0,0.0,0.0,0.0,0.0,0.0,0.0,0.0,0.0,0.0,0.0,0.0,0.0,0.0,0.0,0.0,0.0,0.0,0.0,0.0,0.0,0.0,0.0,0.0,0.0,0.0,0.0,0.0,0.0,0.0,0.0,0.0,0.0,0.0,0.0,0.0,0.0,0.0,0.0,0.0,0.0,0.0,0.0,0.0,0.0,0.0,0.0,0.0,0.0,-16.663330078125,0.0,16.65625,0.0,0.0,0.0,0.0,0.0,-32.3448486328125,0.0,32.34375,0.0,0.0,0.0,0.0,0.0,0.0,0.0,0.0,0.0,0.0,0.0,0.0,0.0,2879.582061767578,0.0,120630.5,46420.66015625,-453.0081787109375,0.0,453.0,0.0,-13.593275681137792,0.0,0.3769424259662628,0.0,TX
7726030,TX,4818,65.18587493896484,3,2.0,56123.703125,434034.03125,3,0,102450.0,0.0,342186.375,0.0,0.0,0.0,0.0,0.0,-390.421875,0.0,390.4375,0.0,-516.25,0.0,516.25,0.0,0.0,0.0,0.0,0.0,0.0,0.0,0.0,0.0,0.0,0.0,0.0,0.0,0.0,0.0,0.0,0.0,-1750.0,0.0,1750.0,0.0,0.0,0.0,0.0,0.0,0.0,0.0,0.0,0.0,0.0,0.0,0.0,0.0,0.0,0.0,0.0,0.0,0.0,0.0,0.0,0.0,0.0,0.0,0.0,0.0,0.0,0.0,0.0,0.0,0.0,0.0,0.0,0.0,0.0,0.0,0.0,0.0,0.0,0.0,0.0,0.0,0.0,0.0,0.0,0.0,0.0,0.0,0.0,0.0,0.0,0.0,0.0,0.0,0.0,0.0,0.0,0.0,99793.328125,0.0,344843.0625,0.0,-2656.671875,0.0,2656.6875,0.0,-2.593139946315276,0.0,0.7763861417770386,0.0,TX
7726031,TX,4818,469.502197265625,2,0.0,44387.6953125,44934.75390625,2,0,2429.785888671875,0.0,44962.7109375,0.0,0.0,0.0,0.0,0.0,-5.0,0.0,5.0,0.0,-114.0,0.0,114.0,0.0,0.0,0.0,0.0,0.0,0.0,0.0,0.0,0.0,0.0,0.0,0.0,0.0,0.0,0.0,0.0,0.0,0.0,0.0,0.0,0.0,0.0,0.0,0.0,0.0,0.0,0.0,0.0,0.0,0.0,0.0,0.0,0.0,-120.0,0.0,120.0,0.0,0.0,0.0,0.0,0.0,0.0,0.0,0.0,0.0,0.0,0.0,0.0,0.0,0.0,0.0,0.0,0.0,0.0,0.0,0.0,0.0,0.0,0.0,0.0,0.0,0.0,0.0,0.0,0.0,0.0,0.0,0.0,0.0,0.0,0.0,0.0,0.0,0.0,0.0,0.0,0.0,2190.785888671875,0.0,45201.7109375,0.0,-239.0,0.0,239.0,0.0,-9.836257635467534,0.0,0.5315515398979187,0.0,TX
7726032,TX,4818,277.2034606933594,1,0.0,51151.0625,45790.796875,1,0,3428.2333984375,0.0,43870.2421875,0.0,0.0,0.0,0.0,0.0,-5.0,0.0,5.0,0.0,-114.0,0.0,114.0,0.0,0.0,0.0,0.0,0.0,0.0,0.0,0.0,0.0,0.0,0.0,0.0,0.0,0.0,0.0,0.0,0.0,0.0,0.0,0.0,0.0,0.0,0.0,0.0,0.0,0.0,0.0,0.0,0.0,0.0,0.0,0.0,0.0,-120.0,0.0,120.0,0.0,0.0,0.0,0.0,0.0,0.0,0.0,0.0,0.0,0.0,0.0,0.0,0.0,0.0,0.0,0.0,0.0,0.0,0.0,0.0,0.0,0.0,0.0,0.0,0.0,-249.03271484375,0.0,249.03125,0.0,0.0,0.0,0.0,0.0,0.0,0.0,0.0,0.0,0.0,0.0,0.0,0.0,2940.20068359375,0.0,44358.2734375,0.0,-488.03271484375,0.0,488.03125,0.0,-14.23569104326977,0.0,1.1124426126480103,0.0,TX
7726033,TX,4818,1303.1837158203125,2,0.0,73537.6796875,217545.84375,2,0,28602.125,0.0,185974.953125,0.0,0.0,0.0,0.0,0.0,-230.0,0.0,230.0,0.0,-418.0,0.0,418.0,0.0,0.0,0.0,0.0,0.0,0.0,0.0,0.0,0.0,0.0,0.0,0.0,0.0,0.0,0.0,0.0,0.0,-646.2421875,0.0,646.25,0.0,0.0,0.0,0.0,0.0,0.0,0.0,0.0,0.0,0.0,0.0,0.0,0.0,-440.0,0.0,440.0,0.0,0.0,0.0,0.0,0.0,0.0,0.0,0.0,0.0,0.0,0.0,0.0,0.0,0.0,0.0,0.0,0.0,0.0,0.0,0.0,0.0,0.0,0.0,0.0,0.0,0.0,0.0,0.0,0.0,0.0,0.0,0.0,0.0,0.0,0.0,0.0,0.0,0.0,0.0,0.0,0.0,26867.8828125,0.0,187709.203125,0.0,-1734.2421875,0.0,1734.25,0.0,-6.063333362468698,0.0,0.9325180053710938,0.0,TX
7726034,TX,4818,213.77561950683594,2,0.0,30778.015625,35289.75,2,0,168.97500610351562,0.0,73689.4140625,20490.900390625,0.0,0.0,0.0,20490.900390625,0.0,0.0,0.0,0.0,-168.97500610351562,0.0,168.9765625,0.0,0.0,0.0,0.0,0.0,0.0,0.0,0.0,0.0,0.0,0.0,0.0,0.0,0.0,0.0,0.0,0.0,0.0,0.0,0.0,0.0,0.0,0.0,0.0,0.0,0.0,0.0,0.0,0.0,0.0,0.0,0.0,0.0,0.0,0.0,0.0,0.0,0.0,0.0,0.0,0.0,0.0,0.0,0.0,0.0,0.0,0.0,0.0,0.0,0.0,0.0,0.0,0.0,0.0,0.0,0.0,0.0,0.0,0.0,0.0,0.0,0.0,0.0,0.0,0.0,0.0,0.0,0.0,0.0,0.0,0.0,0.0,0.0,0.0,0.0,0.0,0.0,0.0,0.0,73858.390625,20490.900390625,-168.97500610351562,0.0,168.9765625,0.0,-100.0,0.0,0.22930915653705597,0.0,TX
7726035,TX,4818,520.4407348632812,2,0.0,34717.515625,25639.57421875,2,0,0.0,0.0,51540.1640625,0.0,0.0,0.0,0.0,0.0,0.0,0.0,0.0,0.0,0.0,0.0,0.0,0.0,0.0,0.0,0.0,0.0,0.0,0.0,0.0,0.0,0.0,0.0,0.0,0.0,0.0,0.0,0.0,0.0,0.0,0.0,0.0,0.0,0.0,0.0,0.0,0.0,0.0,0.0,0.0,0.0,0.0,0.0,0.0,0.0,0.0,0.0,0.0,0.0,0.0,0.0,0.0,0.0,0.0,0.0,0.0,0.0,0.0,0.0,0.0,0.0,0.0,0.0,0.0,0.0,0.0,0.0,0.0,0.0,0.0,0.0,0.0,0.0,0.0,0.0,0.0,0.0,0.0,0.0,0.0,0.0,0.0,0.0,0.0,0.0,0.0,0.0,0.0,0.0,0.0,0.0,51540.1640625,0.0,0.0,0.0,0.0,0.0,0.0,0.0,0.0,0.0,TX
7726036,TX,4818,153.7550811767578,3,0.0,1296.0107421875,671713.5027925968,3,0,171277.03085327148,0.0,447719.8125,0.0,0.0,0.0,0.0,0.0,0.0,0.0,0.0,0.0,0.0,0.0,0.0,0.0,0.0,0.0,0.0,0.0,0.0,0.0,0.0,0.0,0.0,0.0,0.0,0.0,0.0,0.0,0.0,0.0,-2067.71875,0.0,2067.75,0.0,0.0,0.0,0.0,0.0,0.0,0.0,0.0,0.0,0.0,0.0,0.0,0.0,0.0,0.0,0.0,0.0,0.0,0.0,0.0,0.0,0.0,0.0,0.0,0.0,0.0,0.0,0.0,0.0,0.0,0.0,0.0,0.0,0.0,0.0,0.0,0.0,0.0,0.0,0.0,0.0,0.0,0.0,0.0,0.0,0.0,0.0,0.0,0.0,0.0,0.0,0.0,0.0,0.0,0.0,0.0,0.0,169209.31210327148,0.0,449787.5625,0.0,-2067.71875,0.0,2067.75,0.0,-1.2072364517874905,0.0,0.4618401527404785,0.0,TX
7726037,TX,4818,13.393759727478027,2,0.0,108999.59375,231595.125,2,0,31289.71875,0.0,250276.34375,46167.7421875,0.0,0.0,0.0,46167.7421875,-246.0,0.0,246.0,0.0,-437.0,0.0,437.0,0.0,0.0,0.0,0.0,0.0,0.0,0.0,0.0,0.0,0.0,0.0,0.0,0.0,0.0,0.0,0.0,0.0,0.0,0.0,0.0,0.0,0.0,0.0,0.0,0.0,0.0,0.0,0.0,0.0,0.0,0.0,0.0,0.0,0.0,0.0,0.0,0.0,0.0,0.0,0.0,0.0,0.0,0.0,0.0,0.0,0.0,0.0,0.0,0.0,0.0,0.0,0.0,0.0,0.0,0.0,0.0,0.0,-1610.5400390625,0.0,1610.53125,0.0,0.0,0.0,0.0,0.0,0.0,0.0,0.0,0.0,0.0,0.0,0.0,0.0,0.0,0.0,0.0,0.0,28996.1787109375,0.0,252569.875,46167.7421875,-2293.5400390625,0.0,2293.53125,0.0,-7.330011680154523,0.0,0.9163995385169983,0.0,TX
7726038,TX,4818,341.1358337402344,1,0.0,0.0,98138.2578125,1,0,9072.1328125,0.0,86508.5078125,0.0,0.0,0.0,0.0,0.0,-115.0,0.0,115.0,0.0,-167.19921875,0.0,167.1953125,0.0,0.0,0.0,0.0,0.0,0.0,0.0,0.0,0.0,0.0,0.0,0.0,0.0,0.0,0.0,0.0,0.0,0.0,0.0,0.0,0.0,0.0,0.0,0.0,0.0,0.0,0.0,0.0,0.0,0.0,0.0,0.0,0.0,0.0,0.0,0.0,0.0,0.0,0.0,0.0,0.0,0.0,0.0,0.0,0.0,0.0,0.0,0.0,0.0,0.0,0.0,0.0,0.0,0.0,0.0,0.0,0.0,-811.66015625,0.0,811.6640625,0.0,0.0,0.0,0.0,0.0,0.0,0.0,0.0,0.0,0.0,0.0,0.0,0.0,0.0,0.0,0.0,0.0,7978.2734375,0.0,87602.3671875,0.0,-1093.859375,0.0,1093.859375,0.0,-12.057356275613937,0.0,1.2644529342651367,0.0,TX
7726039,TX,4818,350.7297668457031,1,0.0,75085.8984375,75085.8984375,1,0,8012.8974609375,0.0,68553.5,0.0,0.0,0.0,0.0,0.0,-115.0,0.0,115.0,0.0,-209.0,0.0,209.0,0.0,0.0,0.0,0.0,0.0,0.0,0.0,0.0,0.0,0.0,0.0,0.0,0.0,0.0,0.0,0.0,0.0,0.0,0.0,0.0,0.0,0.0,0.0,0.0,0.0,0.0,0.0,0.0,0.0,0.0,0.0,0.0,0.0,0.0,0.0,0.0,0.0,0.0,0.0,0.0,0.0,0.0,0.0,0.0,0.0,0.0,0.0,0.0,0.0,0.0,0.0,0.0,0.0,0.0,0.0,0.0,0.0,0.0,0.0,0.0,0.0,-237.79150390625,0.0,237.7890625,0.0,0.0,0.0,0.0,0.0,0.0,0.0,0.0,0.0,0.0,0.0,0.0,0.0,7451.10595703125,0.0,69115.2890625,0.0,-561.79150390625,0.0,561.7890625,0.0,-7.0110906403701945,0.0,0.8194900155067444,0.0,TX
7726040,TX,4818,166.2637939453125,6,3.9999999999999996,132538.28125,821751.4374999999,6,0,110902.6171875,0.0,727809.0,0.0,0.0,0.0,0.0,0.0,-763.9999999999854,0.0,764.0,0.0,0.0,0.0,0.0,0.0,0.0,0.0,0.0,0.0,0.0,0.0,0.0,0.0,0.0,0.0,0.0,0.0,0.0,0.0,0.0,0.0,0.0,0.0,0.0,0.0,0.0,0.0,0.0,0.0,0.0,0.0,0.0,0.0,0.0,0.0,0.0,0.0,0.0,0.0,0.0,0.0,0.0,0.0,0.0,0.0,0.0,0.0,0.0,0.0,0.0,0.0,0.0,0.0,0.0,0.0,0.0,0.0,0.0,0.0,0.0,0.0,0.0,0.0,0.0,0.0,0.0,0.0,0.0,0.0,0.0,0.0,0.0,0.0,0.0,0.0,0.0,0.0,0.0,0.0,0.0,0.0,110138.61718750001,0.0,728573.0,0.0,-763.9999999999854,0.0,764.0,0.0,-0.6888926694203363,0.0,0.10497259348630905,0.0,TX
7726041,TX,4818,0.8464850187301636,2,0.0,193142.8125,194889.609375,2,0,25795.052734375,0.0,157342.859375,0.0,0.0,0.0,0.0,0.0,-230.0,0.0,230.0,0.0,-418.0,0.0,418.0,0.0,0.0,0.0,0.0,0.0,0.0,0.0,0.0,0.0,0.0,0.0,0.0,0.0,0.0,0.0,0.0,0.0,0.0,0.0,0.0,0.0,0.0,0.0,0.0,0.0,0.0,0.0,0.0,0.0,0.0,0.0,0.0,0.0,-440.0,0.0,440.0,0.0,0.0,0.0,0.0,0.0,0.0,0.0,0.0,0.0,0.0,0.0,0.0,0.0,0.0,0.0,0.0,0.0,0.0,0.0,0.0,0.0,0.0,0.0,0.0,0.0,-504.119140625,0.0,504.125,0.0,0.0,0.0,0.0,0.0,0.0,0.0,0.0,0.0,0.0,0.0,0.0,0.0,24202.93359375,0.0,158934.984375,0.0,-1592.119140625,0.0,1592.125,0.0,-6.172187965730772,0.0,1.0118826627731323,0.0,TX
7726042,TX,4818,0.7478789687156677,2,0.0,15749.9609375,16054.8203125,2,0,-664.0,0.0,85881.9296875,27466.525390625,0.0,15434.931640625,0.0,42901.45703125,0.0,0.0,0.0,0.0,0.0,0.0,0.0,0.0,0.0,0.0,0.0,0.0,0.0,0.0,0.0,0.0,0.0,0.0,0.0,0.0,0.0,0.0,0.0,0.0,0.0,0.0,0.0,0.0,0.0,0.0,0.0,0.0,0.0,0.0,0.0,0.0,0.0,0.0,0.0,0.0,0.0,0.0,0.0,0.0,0.0,0.0,0.0,0.0,0.0,0.0,0.0,0.0,0.0,0.0,0.0,0.0,0.0,0.0,0.0,0.0,0.0,0.0,0.0,0.0,0.0,0.0,0.0,0.0,0.0,0.0,0.0,0.0,0.0,0.0,0.0,0.0,0.0,0.0,0.0,0.0,0.0,0.0,0.0,0.0,-664.0,0.0,85881.9296875,42901.45703125,0.0,0.0,0.0,0.0,0.0,0.0,0.0,0.0,TX
7726043,TX,4818,184.72775268554688,5,3.0,170298.1015625,203742.59375,5,0,19998.49609375,0.0,181622.8125,0.0,0.0,0.0,0.0,0.0,-230.0,0.0,230.0,0.0,-418.0,0.0,418.0,0.0,0.0,0.0,0.0,0.0,0.0,0.0,0.0,0.0,-600.0,0.0,600.0,0.0,0.0,0.0,0.0,0.0,0.0,0.0,0.0,0.0,0.0,0.0,0.0,0.0,0.0,0.0,0.0,0.0,0.0,0.0,0.0,0.0,-440.0,0.0,440.0,0.0,0.0,0.0,0.0,0.0,0.0,0.0,0.0,0.0,0.0,0.0,0.0,0.0,0.0,0.0,0.0,0.0,0.0,0.0,0.0,0.0,0.0,0.0,0.0,0.0,0.0,0.0,0.0,0.0,0.0,0.0,0.0,0.0,0.0,0.0,0.0,0.0,0.0,0.0,0.0,0.0,18310.49609375,0.0,183310.8125,0.0,-1688.0,0.0,1688.0,0.0,-8.440634696163677,0.0,0.9293986558914185,0.0,TX
7726044,TX,4818,10722.0693359375,5,4.0,64524.79296875,64524.79296875,5,0,-4435.79248046875,0.0,78223.6484375,3218.418212890625,0.0,4214.46533203125,6766.330078125,14199.213623046875,-7.0,0.0,7.0,0.0,-177.0,0.0,177.0,0.0,0.0,0.0,0.0,0.0,0.0,0.0,0.0,0.0,-800.0,0.0,800.0,0.0,-276.94189453125,0.0,276.9453125,0.0,0.0,0.0,0.0,0.0,0.0,0.0,0.0,0.0,0.0,0.0,0.0,0.0,0.0,0.0,0.0,0.0,0.0,0.0,0.0,0.0,0.0,0.0,0.0,0.0,0.0,0.0,0.0,0.0,0.0,0.0,0.0,0.0,0.0,0.0,0.0,0.0,0.0,0.0,0.0,0.0,0.0,0.0,0.0,0.0,-552.541015625,0.0,552.5390625,0.0,0.0,0.0,0.0,0.0,0.0,0.0,0.0,0.0,0.0,0.0,0.0,0.0,-6249.275390625,0.0,80037.1328125,14199.213623046875,-1813.48291015625,0.0,1813.484375,0.0,-40.88295198977864,0.0,2.3183326721191406,0.0,TX
7726045,TX,4818,1166.111083984375,4,1.0,213222.5234375,659379.265625,4,0,105902.3642578125,0.0,541082.75,0.0,0.0,0.0,0.0,0.0,-361.0,0.0,361.0,0.0,-646.0,0.0,646.0,0.0,0.0,0.0,0.0,0.0,0.0,0.0,0.0,0.0,-200.0,0.0,200.0,0.0,0.0,0.0,0.0,0.0,0.0,0.0,0.0,0.0,0.0,0.0,0.0,0.0,0.0,0.0,0.0,0.0,0.0,0.0,0.0,0.0,-569.5009765625,0.0,569.5,0.0,0.0,0.0,0.0,0.0,0.0,0.0,0.0,0.0,0.0,0.0,0.0,0.0,-207.98828125,0.0,208.0,0.0,0.0,0.0,0.0,0.0,0.0,0.0,0.0,0.0,-562.076171875,0.0,562.0625,0.0,0.0,0.0,0.0,0.0,0.0,0.0,0.0,0.0,0.0,0.0,0.0,0.0,103355.798828125,0.0,543629.3125,0.0,-2546.5654296875,0.0,2546.5625,0.0,-2.404635106623352,0.0,0.47064194083213806,0.0,TX
7726046,TX,4818,54.134769439697266,4,2.0,78117.640625,79425.28125,4,0,1252.1162109375,0.0,110336.0078125,0.0,0.0,0.0,0.0,0.0,-10.0,0.0,10.0,0.0,-228.0,0.0,228.0,0.0,0.0,0.0,0.0,0.0,0.0,0.0,0.0,0.0,-400.0,0.0,400.0,0.0,0.0,0.0,0.0,0.0,0.0,0.0,0.0,0.0,0.0,0.0,0.0,0.0,0.0,0.0,0.0,0.0,0.0,0.0,0.0,0.0,-29.0517578125,0.0,29.0546875,0.0,0.0,0.0,0.0,0.0,0.0,0.0,0.0,0.0,0.0,0.0,0.0,0.0,0.0,0.0,0.0,0.0,0.0,0.0,0.0,0.0,0.0,0.0,0.0,0.0,0.0,0.0,0.0,0.0,0.0,0.0,0.0,0.0,0.0,0.0,0.0,0.0,0.0,0.0,0.0,0.0,585.064453125,0.0,111003.0625,0.0,-667.0517578125,0.0,667.0546875,0.0,-53.27394949331873,0.0,0.6045666337013245,0.0,TX
7726047,TX,4818,1131.18359375,5,1.0,117756.513671875,185527.4453125,5,0,13345.316162109375,0.0,164979.90625,0.0,0.0,0.0,0.0,0.0,-20.0,0.0,20.0,0.0,-456.0,0.0,456.0,0.0,0.0,0.0,0.0,0.0,0.0,0.0,0.0,0.0,0.0,0.0,0.0,0.0,0.0,0.0,0.0,0.0,0.0,0.0,0.0,0.0,0.0,0.0,0.0,0.0,0.0,0.0,0.0,0.0,0.0,0.0,0.0,0.0,-145.505126953125,0.0,145.5,0.0,0.0,0.0,0.0,0.0,0.0,0.0,0.0,0.0,0.0,0.0,0.0,0.0,0.0,0.0,0.0,0.0,0.0,0.0,0.0,0.0,0.0,0.0,0.0,0.0,0.0,0.0,0.0,0.0,0.0,0.0,0.0,0.0,0.0,0.0,0.0,0.0,0.0,0.0,0.0,0.0,12723.81103515625,0.0,165601.40625,0.0,-621.505126953125,0.0,621.5,0.0,-4.657103057009099,0.0,0.3767125606536865,0.0,TX
7726048,TX,4818,10.050634384155273,3,1.0,281943.62109375,450863.03125,3,0,78071.359375,0.0,359723.75,0.0,0.0,0.0,0.0,0.0,-292.0,0.0,292.0,0.0,-458.203125,0.0,458.21875,0.0,0.0,0.0,0.0,0.0,0.0,0.0,0.0,0.0,0.0,0.0,0.0,0.0,0.0,0.0,0.0,0.0,-825.03125,0.0,825.03125,0.0,0.0,0.0,0.0,0.0,0.0,0.0,0.0,0.0,0.0,0.0,0.0,0.0,-480.0,0.0,480.0,0.0,0.0,0.0,0.0,0.0,0.0,0.0,0.0,0.0,0.0,0.0,0.0,0.0,0.0,0.0,0.0,0.0,0.0,0.0,0.0,0.0,0.0,0.0,0.0,0.0,0.0,0.0,0.0,0.0,0.0,0.0,0.0,0.0,0.0,0.0,0.0,0.0,0.0,0.0,0.0,0.0,76016.125,0.0,361779.0,0.0,-2055.234375,0.0,2055.25,0.0,-2.6325074796355175,0.0,0.5713412165641785,0.0,TX
7726049,TX,4818,3.1859822273254395,3,0.0,156917.83178710938,536155.8161621094,3,0,110008.7265625,0.0,420723.0,0.0,0.0,0.0,0.0,0.0,-764.0,0.0,764.0,0.0,-643.6796875,0.0,643.6875,0.0,0.0,0.0,0.0,0.0,0.0,0.0,0.0,0.0,0.0,0.0,0.0,0.0,0.0,0.0,0.0,0.0,-1499.3203125,0.0,1499.3125,0.0,0.0,0.0,0.0,0.0,0.0,0.0,0.0,0.0,0.0,0.0,0.0,0.0,-640.0,0.0,640.0,0.0,0.0,0.0,0.0,0.0,0.0,0.0,0.0,0.0,0.0,0.0,0.0,0.0,0.0,0.0,0.0,0.0,0.0,0.0,0.0,0.0,0.0,0.0,0.0,0.0,0.0,0.0,0.0,0.0,0.0,0.0,0.0,0.0,0.0,0.0,0.0,0.0,0.0,0.0,0.0,0.0,106461.7265625,0.0,424270.0,0.0,-3547.0,0.0,3547.0,0.0,-3.2242896639520855,0.0,0.8430724740028381,0.0,TX
7726050,TX,4818,0.8817703723907471,3,1.0,139950.2265625,139950.21875,3,0,13277.0478515625,0.0,115966.9765625,0.0,0.0,0.0,0.0,0.0,-230.0,0.0,230.0,0.0,-418.0,0.0,418.0,0.0,0.0,0.0,0.0,0.0,0.0,0.0,0.0,0.0,0.0,0.0,0.0,0.0,0.0,0.0,0.0,0.0,0.0,0.0,0.0,0.0,0.0,0.0,0.0,0.0,0.0,0.0,0.0,0.0,0.0,0.0,0.0,0.0,-274.45703125,0.0,274.4609375,0.0,0.0,0.0,0.0,0.0,0.0,0.0,0.0,0.0,0.0,0.0,0.0,0.0,0.0,0.0,0.0,0.0,0.0,0.0,0.0,0.0,0.0,0.0,0.0,0.0,-585.298828125,0.0,585.296875,0.0,0.0,0.0,0.0,0.0,0.0,0.0,0.0,0.0,0.0,0.0,0.0,0.0,11769.2919921875,0.0,117474.734375,0.0,-1507.755859375,0.0,1507.7578125,0.0,-11.356107744972546,0.0,1.300161361694336,0.0,TX
7726051,TX,4818,721.9807739257812,2,0.0,281331.77734375,946565.875,1,1,189397.09375,0.0,751321.875,0.0,0.0,0.0,0.0,0.0,0.0,0.0,0.0,0.0,0.0,0.0,0.0,0.0,0.0,0.0,0.0,0.0,0.0,0.0,0.0,0.0,0.0,0.0,0.0,0.0,0.0,0.0,0.0,0.0,-988.0625,0.0,988.125,0.0,0.0,0.0,0.0,0.0,0.0,0.0,0.0,0.0,0.0,0.0,0.0,0.0,0.0,0.0,0.0,0.0,0.0,0.0,0.0,0.0,0.0,0.0,0.0,0.0,0.0,0.0,0.0,0.0,0.0,0.0,0.0,0.0,0.0,0.0,0.0,0.0,0.0,0.0,0.0,0.0,0.0,0.0,0.0,0.0,0.0,0.0,0.0,0.0,0.0,0.0,0.0,0.0,0.0,0.0,0.0,0.0,188409.03125,0.0,752310.0,0.0,-988.0625,0.0,988.125,0.0,-0.5216883112811755,0.0,0.1315182000398636,0.0,TX
7726052,TX,4818,4443.94287109375,3,1.0,170398.11328125,210597.30078125,3,0,23772.8447265625,0.0,181724.875,0.0,0.0,6773.94140625,1691.58251953125,8465.52392578125,-131.0,0.0,131.0,0.0,-418.0,0.0,418.0,0.0,0.0,0.0,0.0,0.0,0.0,0.0,0.0,0.0,-119.85986328125,0.0,119.875,0.0,0.0,0.0,0.0,0.0,-857.0390625,0.0,857.03125,0.0,0.0,0.0,0.0,0.0,0.0,0.0,0.0,0.0,0.0,0.0,0.0,0.0,0.0,0.0,0.0,0.0,0.0,0.0,0.0,0.0,0.0,0.0,0.0,0.0,0.0,0.0,0.0,0.0,-5254.578125,0.0,5254.5625,0.0,0.0,0.0,0.0,0.0,0.0,0.0,0.0,0.0,0.0,0.0,0.0,0.0,0.0,0.0,0.0,0.0,0.0,0.0,0.0,0.0,0.0,0.0,0.0,0.0,16992.36767578125,0.0,188505.34375,8465.52392578125,-6780.47705078125,0.0,6780.46875,0.0,-28.521942278136827,0.0,3.731172561645508,0.0,TX
7726053,TX,4818,14.575878143310547,3,0.0,177145.732421875,418202.400390625,3,0,59358.3251953125,0.0,380994.625,15695.1572265625,0.0,0.0,0.0,15695.1572265625,-235.0,0.0,235.0,0.0,-532.0,0.0,532.0,0.0,0.0,0.0,0.0,0.0,0.0,0.0,0.0,0.0,0.0,0.0,0.0,0.0,0.0,0.0,0.0,0.0,0.0,0.0,0.0,0.0,0.0,0.0,0.0,0.0,0.0,0.0,0.0,0.0,0.0,0.0,0.0,0.0,-220.0,0.0,220.0,0.0,0.0,0.0,0.0,0.0,0.0,0.0,0.0,0.0,0.0,0.0,0.0,0.0,0.0,0.0,0.0,0.0,0.0,0.0,0.0,0.0,-945.626953125,0.0,945.625,0.0,0.0,0.0,0.0,0.0,0.0,0.0,0.0,0.0,0.0,0.0,0.0,0.0,0.0,0.0,0.0,0.0,57425.6982421875,0.0,382927.25,15695.1572265625,-1932.626953125,0.0,1932.625,0.0,-3.2558650311744626,0.0,0.5072578191757202,0.0,TX
7726054,TX,4818,4245.43359375,3,1.0,23934.8369140625,23934.8369140625,3,0,-6223.50732421875,0.0,61922.19921875,29457.361328125,4137.51025390625,0.0,0.0,33594.87158203125,0.0,0.0,0.0,0.0,0.0,0.0,0.0,0.0,0.0,0.0,0.0,0.0,0.0,0.0,0.0,0.0,96.50732421875,0.0,-96.5078125,0.0,0.0,0.0,0.0,0.0,0.0,0.0,0.0,0.0,0.0,0.0,0.0,0.0,0.0,0.0,0.0,0.0,0.0,0.0,0.0,0.0,0.0,0.0,0.0,0.0,0.0,0.0,0.0,0.0,0.0,0.0,0.0,0.0,0.0,0.0,0.0,0.0,0.0,0.0,0.0,0.0,0.0,0.0,0.0,0.0,0.0,0.0,0.0,0.0,0.0,0.0,0.0,0.0,0.0,0.0,0.0,0.0,0.0,0.0,0.0,0.0,0.0,0.0,0.0,0.0,-6127.0,0.0,61825.69140625,33594.87158203125,96.50732421875,0.0,-96.5078125,0.0,1.5506902971447016,0.0,-0.15585334599018097,0.0,TX
7726055,TX,4818,1.2171741724014282,7,5.0,149065.609375,149275.78125,7,0,5825.610351562501,0.0,151184.0,0.0,0.0,0.0,0.0,0.0,-230.0000000000009,0.0,230.0,0.0,-418.0000000000009,0.0,418.0,0.0,0.0,0.0,0.0,0.0,0.0,0.0,0.0,0.0,-999.9999999999982,0.0,1000.0,0.0,0.0,0.0,0.0,0.0,0.0,0.0,0.0,0.0,0.0,0.0,0.0,0.0,0.0,0.0,0.0,0.0,0.0,0.0,0.0,0.0,-70.4921875,0.0,70.484375,0.0,0.0,0.0,0.0,0.0,0.0,0.0,0.0,0.0,0.0,0.0,0.0,0.0,0.0,0.0,0.0,0.0,0.0,0.0,0.0,0.0,0.0,0.0,0.0,0.0,-549.2978515625005,0.0,549.296875,0.0,0.0,0.0,0.0,0.0,0.0,0.0,0.0,0.0,0.0,0.0,0.0,0.0,3557.8203125000005,0.0,153451.78125,0.0,-2267.7900390625005,0.0,2267.78125,0.0,-38.92793891466241,0.0,1.500014066696167,0.0,TX
7726056,TX,4818,3644.634521484375,3,1.0,63712.73046875,63712.73046875,3,0,-2958.7662353515625,0.0,78967.5703125,0.0,4137.51025390625,6705.5908203125,0.0,10843.10107421875,-5.0,0.0,5.0,0.0,-261.5,0.0,261.5,0.0,0.0,0.0,0.0,0.0,0.0,0.0,0.0,0.0,-200.0,0.0,200.0,0.0,0.0,0.0,0.0,0.0,0.0,0.0,0.0,0.0,0.0,0.0,0.0,0.0,0.0,0.0,0.0,0.0,0.0,0.0,0.0,0.0,0.0,0.0,0.0,0.0,0.0,0.0,0.0,0.0,0.0,0.0,0.0,0.0,0.0,0.0,0.0,0.0,0.0,0.0,0.0,0.0,-683.7705078125,0.0,683.7734375,0.0,0.0,0.0,0.0,0.0,0.0,0.0,0.0,0.0,0.0,0.0,0.0,0.0,0.0,0.0,0.0,0.0,0.0,0.0,0.0,0.0,-4109.0367431640625,0.0,80117.84375,10843.10107421875,-1150.2705078125,0.0,1150.2734375,0.0,-38.876694416374676,0.0,1.4566402435302734,0.0,TX
7726057,TX,4818,220.83824157714844,7,3.9999999999999996,295806.78125,1345840.171875,6,1,263039.421875,0.0,1074826.375,0.0,0.0,0.0,0.0,0.0,-879.0,0.0,879.0,0.0,-911.9999999999709,0.0,912.0,0.0,0.0,0.0,0.0,0.0,0.0,0.0,0.0,0.0,0.0,0.0,0.0,0.0,0.0,0.0,0.0,0.0,0.0,0.0,0.0,0.0,0.0,0.0,0.0,0.0,0.0,0.0,0.0,0.0,0.0,0.0,0.0,0.0,-960.0000000000291,0.0,960.0,0.0,0.0,0.0,0.0,0.0,0.0,0.0,0.0,0.0,0.0,0.0,0.0,0.0,0.0,0.0,0.0,0.0,0.0,0.0,0.0,0.0,0.0,0.0,0.0,0.0,0.0,0.0,0.0,0.0,0.0,0.0,0.0,0.0,0.0,0.0,0.0,0.0,0.0,0.0,0.0,0.0,260288.421875,0.0,1077577.375,0.0,-2751.0,0.0,2751.0,0.0,-1.0458508387793346,0.0,0.2559483051300049,0.0,TX
7726058,TX,4818,1.1608586311340332,4,1.0,108292.28125,116059.18359375,4,0,1676.968994140625,0.0,123481.640625,5275.40576171875,0.0,0.0,1691.58251953125,6966.98828125,-12.0,0.0,12.0,0.0,-386.0001220703125,0.0,385.9921875,0.0,0.0,0.0,0.0,0.0,0.0,0.0,0.0,0.0,-200.0,0.0,200.0,0.0,0.0,0.0,0.0,0.0,0.0,0.0,0.0,0.0,0.0,0.0,0.0,0.0,0.0,0.0,0.0,0.0,0.0,0.0,0.0,0.0,-16.2720947265625,0.0,16.28125,0.0,0.0,0.0,0.0,0.0,0.0,0.0,0.0,0.0,0.0,0.0,0.0,0.0,0.0,0.0,0.0,0.0,-315.85565185546875,0.0,315.8515625,0.0,0.0,0.0,0.0,0.0,0.0,0.0,0.0,0.0,0.0,0.0,0.0,0.0,0.0,0.0,0.0,0.0,0.0,0.0,0.0,0.0,746.8411254882812,0.0,124411.765625,6966.98828125,-930.1278686523438,0.0,930.125,0.0,-55.4648220630337,0.0,0.7532496452331543,0.0,TX
7726059,TX,4818,3804.097900390625,2,0.0,141220.0234375,1966173.75,2,0,466850.9375,0.0,1503555.375,0.0,0.0,0.0,0.0,0.0,0.0,0.0,0.0,0.0,0.0,0.0,0.0,0.0,0.0,0.0,0.0,0.0,0.0,0.0,0.0,0.0,0.0,0.0,0.0,0.0,0.0,0.0,0.0,0.0,0.0,0.0,0.0,0.0,0.0,0.0,0.0,0.0,0.0,0.0,0.0,0.0,0.0,0.0,0.0,0.0,-85.84375,0.0,85.875,0.0,0.0,0.0,0.0,0.0,0.0,0.0,0.0,0.0,0.0,0.0,0.0,0.0,0.0,0.0,0.0,0.0,0.0,0.0,0.0,0.0,0.0,0.0,0.0,0.0,0.0,0.0,0.0,0.0,0.0,0.0,0.0,0.0,0.0,0.0,0.0,0.0,0.0,0.0,0.0,0.0,466765.09375,0.0,1503641.25,0.0,-85.84375,0.0,85.875,0.0,-0.01838782855609024,0.0,0.00571146234869957,0.0,TX
7726060,TX,4818,1.0229350328445435,2,0.0,340312.7109375,477673.1875,2,0,87932.1484375,0.0,376016.65625,0.0,0.0,0.0,0.0,0.0,-292.0,0.0,292.0,0.0,-456.0,0.0,456.0,0.0,0.0,0.0,0.0,0.0,0.0,0.0,0.0,0.0,0.0,0.0,0.0,0.0,0.0,0.0,0.0,0.0,0.0,0.0,0.0,0.0,0.0,0.0,0.0,0.0,0.0,0.0,0.0,0.0,0.0,0.0,0.0,0.0,-480.0,0.0,480.0,0.0,0.0,0.0,0.0,0.0,0.0,0.0,0.0,0.0,0.0,0.0,0.0,0.0,0.0,0.0,0.0,0.0,0.0,0.0,0.0,0.0,0.0,0.0,0.0,0.0,0.0,0.0,0.0,0.0,0.0,0.0,0.0,0.0,0.0,0.0,0.0,0.0,0.0,0.0,0.0,0.0,86704.1484375,0.0,377244.65625,0.0,-1228.0,0.0,1228.0,0.0,-1.396531327643873,0.0,0.32658126950263977,0.0,TX
7726061,TX,4818,5.809753894805908,3,1.0,504225.5625,827861.0625,3,0,194890.484375,0.0,666023.125,0.0,0.0,0.0,0.0,0.0,-749.0,0.0,749.0,0.0,0.0,0.0,0.0,0.0,0.0,0.0,0.0,0.0,0.0,0.0,0.0,0.0,0.0,0.0,0.0,0.0,0.0,0.0,0.0,0.0,0.0,0.0,0.0,0.0,0.0,0.0,0.0,0.0,0.0,0.0,0.0,0.0,0.0,0.0,0.0,0.0,0.0,0.0,0.0,0.0,0.0,0.0,0.0,0.0,0.0,0.0,0.0,0.0,0.0,0.0,0.0,0.0,0.0,0.0,0.0,0.0,0.0,0.0,0.0,0.0,0.0,0.0,0.0,0.0,0.0,0.0,0.0,0.0,0.0,0.0,0.0,0.0,0.0,0.0,0.0,0.0,0.0,0.0,0.0,0.0,194141.484375,0.0,666772.125,0.0,-749.0,0.0,749.0,0.0,-0.38431840446289106,0.0,0.11245856434106827,0.0,TX
7726062,TX,4818,186.9149169921875,2,0.0,29129.697265625,102245.890625,2,0,7750.5556640625,0.0,146726.296875,44248.35546875,0.0,0.0,0.0,44248.35546875,-10.0,0.0,10.0,0.0,-228.0,0.0,228.0,0.0,0.0,0.0,0.0,0.0,0.0,0.0,0.0,0.0,0.0,0.0,0.0,0.0,0.0,0.0,0.0,0.0,0.0,0.0,0.0,0.0,0.0,0.0,0.0,0.0,0.0,0.0,0.0,0.0,0.0,0.0,0.0,0.0,0.0,0.0,0.0,0.0,0.0,0.0,0.0,0.0,0.0,0.0,0.0,0.0,0.0,0.0,0.0,0.0,0.0,0.0,0.0,0.0,0.0,0.0,0.0,0.0,-1440.0009765625,0.0,1440.015625,0.0,0.0,0.0,0.0,0.0,0.0,0.0,0.0,0.0,0.0,0.0,0.0,0.0,0.0,0.0,0.0,0.0,6072.5546875,0.0,148404.3125,44248.35546875,-1678.0009765625,0.0,1678.015625,0.0,-21.650073224336612,0.0,1.1436365842819214,0.0,TX
7726063,TX,4818,0.025672804564237595,4,1.0,379446.27880859375,434441.1875,4,0,67937.60546875,0.0,418150.53125,37082.51171875,20223.16015625,0.0,0.0,57305.671875,-423.0,0.0,423.0,0.0,-684.0,0.0,684.0,0.0,0.0,0.0,0.0,0.0,0.0,0.0,0.0,0.0,-200.0,0.0,200.0,0.0,0.0,0.0,0.0,0.0,-76.015625,0.0,76.03125,0.0,0.0,0.0,0.0,0.0,0.0,0.0,0.0,0.0,0.0,0.0,0.0,0.0,-720.0,0.0,720.0,0.0,0.0,0.0,0.0,0.0,0.0,0.0,0.0,0.0,0.0,0.0,0.0,0.0,0.0,0.0,0.0,0.0,0.0,0.0,0.0,0.0,-453.56640625,0.0,453.5625,0.0,0.0,0.0,0.0,0.0,0.0,0.0,0.0,0.0,0.0,0.0,0.0,0.0,0.0,0.0,0.0,0.0,65381.0234375,0.0,420707.125,57305.671875,-2556.58203125,0.0,2556.59375,0.0,-3.7631323824416785,0.0,0.6114051342010498,0.0,TX
7726064,TX,4818,0.14813823997974396,3,0.0,92851.00390625,155214.46875,3,0,12046.736083984375,0.0,189360.90625,40883.70703125,0.0,0.0,0.0,40883.70703125,-15.0,0.0,15.0,0.0,-342.0,0.0,342.0,0.0,0.0,0.0,0.0,0.0,0.0,0.0,0.0,0.0,0.0,0.0,0.0,0.0,0.0,0.0,0.0,0.0,0.0,0.0,0.0,0.0,0.0,0.0,0.0,0.0,0.0,0.0,0.0,0.0,0.0,0.0,0.0,0.0,-240.0,0.0,240.0,0.0,0.0,0.0,0.0,0.0,0.0,0.0,0.0,0.0,0.0,0.0,0.0,0.0,0.0,0.0,0.0,0.0,0.0,0.0,0.0,0.0,-1440.0,0.0,1440.0,0.0,-363.1722412109375,0.0,363.171875,0.0,0.0,0.0,0.0,0.0,0.0,0.0,0.0,0.0,0.0,0.0,0.0,0.0,9646.563842773438,0.0,191761.078125,40883.70703125,-2400.1722412109375,0.0,2400.171875,0.0,-19.923838494327644,0.0,1.2675118446350098,0.0,TX
7726065,TX,4818,0.114859439432621,2,0.0,315809.640625,348733.15625,2,0,60725.50390625,0.0,281355.125,0.0,0.0,0.0,0.0,0.0,-292.0,0.0,292.0,0.0,-456.0,0.0,456.0,0.0,0.0,0.0,0.0,0.0,0.0,0.0,0.0,0.0,0.0,0.0,0.0,0.0,0.0,0.0,0.0,0.0,-68.515625,0.0,68.5,0.0,0.0,0.0,0.0,0.0,0.0,0.0,0.0,0.0,0.0,0.0,0.0,0.0,-480.0,0.0,480.0,0.0,0.0,0.0,0.0,0.0,0.0,0.0,0.0,0.0,0.0,0.0,0.0,0.0,0.0,0.0,0.0,0.0,0.0,0.0,0.0,0.0,0.0,0.0,0.0,0.0,0.0,0.0,0.0,0.0,0.0,0.0,0.0,0.0,0.0,0.0,0.0,0.0,0.0,0.0,0.0,0.0,59428.98828125,0.0,282651.625,0.0,-1296.515625,0.0,1296.5,0.0,-2.1350430076325146,0.0,0.4608055651187897,0.0,TX
7726066,TX,4818,0.11649207770824432,2,0.0,155981.0859375,523190.46875,2,0,95545.3515625,0.0,444377.78125,0.0,0.0,0.0,0.0,0.0,-292.0,0.0,292.0,0.0,-470.1328125,0.0,470.125,0.0,0.0,0.0,0.0,0.0,0.0,0.0,0.0,0.0,0.0,0.0,0.0,0.0,0.0,0.0,0.0,0.0,-646.7578125,0.0,646.78125,0.0,0.0,0.0,0.0,0.0,0.0,0.0,0.0,0.0,0.0,0.0,0.0,0.0,-480.0,0.0,480.0,0.0,0.0,0.0,0.0,0.0,0.0,0.0,0.0,0.0,0.0,0.0,0.0,0.0,-406.3125,0.0,406.3125,0.0,0.0,0.0,0.0,0.0,0.0,0.0,0.0,0.0,0.0,0.0,0.0,0.0,0.0,0.0,0.0,0.0,0.0,0.0,0.0,0.0,0.0,0.0,0.0,0.0,93250.1484375,0.0,446673.0,0.0,-2295.203125,0.0,2295.21875,0.0,-2.4022132814055497,0.0,0.5165016651153564,0.0,TX
7726067,TX,4818,246.22100830078125,2,0.0,27015.1953125,32811.5234375,2,0,0.0,0.0,85370.4765625,27466.525390625,0.0,0.0,0.0,27466.525390625,0.0,0.0,0.0,0.0,0.0,0.0,0.0,0.0,0.0,0.0,0.0,0.0,0.0,0.0,0.0,0.0,0.0,0.0,0.0,0.0,0.0,0.0,0.0,0.0,0.0,0.0,0.0,0.0,0.0,0.0,0.0,0.0,0.0,0.0,0.0,0.0,0.0,0.0,0.0,0.0,0.0,0.0,0.0,0.0,0.0,0.0,0.0,0.0,0.0,0.0,0.0,0.0,0.0,0.0,0.0,0.0,0.0,0.0,0.0,0.0,0.0,0.0,0.0,0.0,0.0,0.0,0.0,0.0,0.0,0.0,0.0,0.0,0.0,0.0,0.0,0.0,0.0,0.0,0.0,0.0,0.0,0.0,0.0,0.0,0.0,0.0,85370.4765625,27466.525390625,0.0,0.0,0.0,0.0,0.0,0.0,0.0,0.0,TX
