Household ID,State,Congressional District,Household Weight,Household Size,Number of Dependents,Employment Income,Adjusted Gross Income,Num with Valid SSN,Num without Valid SSN,Baseline Federal Tax Liability,Baseline State Tax Liability,Baseline Net Income,Baseline Benefits,Baseline Medicaid,Baseline ACA PTC,Baseline CHIP,Baseline Total Benefits,Change in federal tax after Tax Rate Reform,Change in state tax after Tax Rate Reform,Change in net income after Tax Rate Reform,Change in benefits after Tax Rate Reform,Change in federal tax after Standard Deduction Reform,Change in state tax after Standard Deduction Reform,Change in net income after Standard Deduction Reform,Change in benefits after Standard Deduction Reform,Change in federal tax after Exemption Reform,Change in state tax after Exemption Reform,Change in net income after Exemption Reform,Change in benefits after Exemption Reform,Change in federal tax after CTC SSN Requirement,Change in state tax after CTC SSN Requirement,Change in net income after CTC SSN Requirement,Change in benefits after CTC SSN Requirement,Change in federal tax after CTC Expansion,Change in state tax after CTC Expansion,Change in net income after CTC Expansion,Change in benefits after CTC Expansion,Change in federal tax after CDCC Reform,Change in state tax after CDCC Reform,Change in net income after CDCC Reform,Change in benefits after CDCC Reform,Change in federal tax after QBI Deduction Reform,Change in state tax after QBI Deduction Reform,Change in net income after QBI Deduction Reform,Change in benefits after QBI Deduction Reform,Change in federal tax after AMT Reform,Change in state tax after AMT Reform,Change in net income after AMT Reform,Change in benefits after AMT Reform,Change in federal tax after Miscellaneous Reform,Change in state tax after Miscellaneous Reform,Change in net income after Miscellaneous Reform,Change in benefits after Miscellaneous Reform,Change in federal tax after Casualty Loss Repeal,Change in state tax after Casualty Loss Repeal,Change in net income after Casualty Loss Repeal,Change in benefits after Casualty Loss Repeal,Change in federal tax after Other Itemized Deductions Reform,Change in state tax after Other Itemized Deductions Reform,Change in net income after Other Itemized Deductions Reform,Change in benefits after Other Itemized Deductions Reform,Change in federal tax after Limitation on Itemized Deductions Reform,Change in state tax after Limitation on Itemized Deductions Reform,Change in net income after Limitation on Itemized Deductions Reform,Change in benefits after Limitation on Itemized Deductions Reform,Change in federal tax after Estate Tax Reform,Change in state tax after Estate Tax Reform,Change in net income after Estate Tax Reform,Change in benefits after Estate Tax Reform,Change in federal tax after SALT Cap Reform,Change in state tax after SALT Cap Reform,Change in net income after SALT Cap Reform,Change in benefits after SALT Cap Reform,Change in federal tax after Tip Income Exemption,Change in state tax after Tip Income Exemption,Change in net income after Tip Income Exemption,Change in benefits after Tip Income Exemption,Change in federal tax after Overtime Exemption,Change in state tax after Overtime Exemption,Change in net income after Overtime Exemption,Change in benefits after Overtime Exemption,Change in federal tax after Senior Deduction,Change in state tax after Senior Deduction,Change in net income after Senior Deduction,Change in benefits after Senior Deduction,Change in federal tax after Auto Loan Interest,Change in state tax after Auto Loan Interest,Change in net income after Auto Loan Interest,Change in benefits after Auto Loan Interest,Change in federal tax after SNAP Takeup Reform,Change in state tax after SNAP Takeup Reform,Change in net income after SNAP Takeup Reform,Change in benefits after SNAP Takeup Reform,Change in federal tax after ACA Takeup Reform,Change in state tax after ACA Takeup Reform,Change in net income after ACA Takeup Reform,Change in benefits after ACA Takeup Reform,Change in federal tax after Medicaid Takeup Reform,Change in state tax after Medicaid Takeup Reform,Change in net income after Medicaid Takeup Reform,Change in benefits after Medicaid Takeup Reform,Final Federal Tax Liability,Final State Tax Liability,Final Net Income,Final Total Benefits,Total change in federal tax,Total change in state tax,Total change in net income,Total change in benefits,Percentage change in federal tax,Percentage change in state tax,Percentage change in net income,Percentage change in benefits,State Code
325000,FL,1205,22.157365798950195,1,0.0,0.0,2771.900634765625,1,0,0.0,0.0,43437.3828125,20640.998046875,0.0,0.0,0.0,20640.998046875,0.0,0.0,0.0,0.0,0.0,0.0,0.0,0.0,0.0,0.0,0.0,0.0,0.0,0.0,0.0,0.0,0.0,0.0,0.0,0.0,0.0,0.0,0.0,0.0,0.0,0.0,0.0,0.0,0.0,0.0,0.0,0.0,0.0,0.0,0.0,0.0,0.0,0.0,0.0,0.0,0.0,0.0,0.0,0.0,0.0,0.0,0.0,0.0,0.0,0.0,0.0,0.0,0.0,0.0,0.0,0.0,0.0,0.0,0.0,0.0,0.0,0.0,0.0,0.0,0.0,0.0,0.0,0.0,0.0,0.0,0.0,0.0,0.0,0.0,0.0,0.0,0.0,0.0,0.0,0.0,0.0,0.0,0.0,0.0,0.0,0.0,43437.3828125,20640.998046875,0.0,0.0,0.0,0.0,0.0,0.0,0.0,0.0,FL
325001,FL,1205,12.470806121826172,1,0.0,2787.483154296875,2787.483154296875,1,0,0.0,0.0,2963.35400390625,389.11334228515625,0.0,0.0,0.0,389.11334228515625,0.0,0.0,0.0,0.0,0.0,0.0,0.0,0.0,0.0,0.0,0.0,0.0,0.0,0.0,0.0,0.0,0.0,0.0,0.0,0.0,0.0,0.0,0.0,0.0,0.0,0.0,0.0,0.0,0.0,0.0,0.0,0.0,0.0,0.0,0.0,0.0,0.0,0.0,0.0,0.0,0.0,0.0,0.0,0.0,0.0,0.0,0.0,0.0,0.0,0.0,0.0,0.0,0.0,0.0,0.0,0.0,0.0,0.0,0.0,0.0,0.0,0.0,0.0,0.0,0.0,0.0,0.0,0.0,0.0,0.0,0.0,0.0,0.0,0.0,0.0,0.0,0.0,0.0,0.0,0.0,0.0,0.0,0.0,0.0,0.0,0.0,2963.35400390625,389.11334228515625,0.0,0.0,0.0,0.0,0.0,0.0,0.0,0.0,FL
325002,FL,1205,0.05363429710268974,2,0.0,0.0,12100.9921875,2,0,0.0,0.0,91535.125,31546.17578125,0.0,16331.6572265625,0.0,47877.8330078125,0.0,0.0,0.0,0.0,0.0,0.0,0.0,0.0,0.0,0.0,0.0,0.0,0.0,0.0,0.0,0.0,0.0,0.0,0.0,0.0,0.0,0.0,0.0,0.0,0.0,0.0,0.0,0.0,0.0,0.0,0.0,0.0,0.0,0.0,0.0,0.0,0.0,0.0,0.0,0.0,0.0,0.0,0.0,0.0,0.0,0.0,0.0,0.0,0.0,0.0,0.0,0.0,0.0,0.0,0.0,0.0,0.0,0.0,0.0,0.0,0.0,0.0,0.0,0.0,0.0,0.0,0.0,0.0,0.0,0.0,0.0,0.0,0.0,0.0,0.0,0.0,0.0,0.0,0.0,0.0,0.0,0.0,0.0,0.0,0.0,0.0,91535.125,47877.8330078125,0.0,0.0,0.0,0.0,0.0,0.0,0.0,0.0,FL
325003,FL,1205,0.029250500723719597,2,0.0,148774.984375,263880.375,2,0,38178.7578125,0.0,259543.078125,30605.556640625,0.0,0.0,0.0,30605.556640625,-230.0,0.0,230.0,0.0,-418.0,0.0,418.0,0.0,0.0,0.0,0.0,0.0,0.0,0.0,0.0,0.0,0.0,0.0,0.0,0.0,0.0,0.0,0.0,0.0,0.0,0.0,0.0,0.0,0.0,0.0,0.0,0.0,0.0,0.0,0.0,0.0,0.0,0.0,0.0,0.0,0.0,0.0,0.0,0.0,0.0,0.0,0.0,0.0,0.0,0.0,0.0,0.0,0.0,0.0,0.0,0.0,0.0,0.0,0.0,0.0,0.0,0.0,0.0,0.0,-1136.77734375,0.0,1136.78125,0.0,0.0,0.0,0.0,0.0,0.0,0.0,0.0,0.0,0.0,0.0,0.0,0.0,0.0,0.0,0.0,0.0,36393.98046875,0.0,261327.859375,30605.556640625,-1784.77734375,0.0,1784.78125,0.0,-4.674791549047337,0.0,0.6876628398895264,0.0,FL
325004,FL,1205,0.05429055169224739,2,0.0,0.0,157727.8125,2,0,15031.259765625,0.0,212056.828125,54497.07421875,0.0,0.0,0.0,54497.07421875,-10.0,0.0,10.0,0.0,-513.0,0.0,513.0,0.0,0.0,0.0,0.0,0.0,0.0,0.0,0.0,0.0,0.0,0.0,0.0,0.0,0.0,0.0,0.0,0.0,0.0,0.0,0.0,0.0,0.0,0.0,0.0,0.0,0.0,0.0,0.0,0.0,0.0,0.0,0.0,0.0,0.0,0.0,0.0,0.0,0.0,0.0,0.0,0.0,0.0,0.0,0.0,0.0,0.0,0.0,0.0,0.0,0.0,0.0,0.0,0.0,0.0,0.0,0.0,0.0,-3114.80859375,0.0,3114.8125,0.0,0.0,0.0,0.0,0.0,0.0,0.0,0.0,0.0,0.0,0.0,0.0,0.0,0.0,0.0,0.0,0.0,11393.451171875,0.0,215694.640625,54497.07421875,-3637.80859375,0.0,3637.8125,0.0,-24.20162149063053,0.0,1.7154895067214966,0.0,FL
325005,FL,1205,1163.944580078125,4,2.0,195941.83325195312,394253.6875,4,0,47139.80078125,0.0,364463.4375,0.0,0.0,0.0,0.0,0.0,-292.0,0.0,292.0,0.0,0.0,0.0,0.0,0.0,0.0,0.0,0.0,0.0,0.0,0.0,0.0,0.0,-200.0,0.0,200.0,0.0,0.0,0.0,0.0,0.0,0.0,0.0,0.0,0.0,0.0,0.0,0.0,0.0,0.0,0.0,0.0,0.0,0.0,0.0,0.0,0.0,0.0,0.0,0.0,0.0,0.0,0.0,0.0,0.0,0.0,0.0,0.0,0.0,0.0,0.0,0.0,0.0,0.0,0.0,0.0,0.0,0.0,0.0,0.0,0.0,0.0,0.0,0.0,0.0,0.0,0.0,0.0,0.0,0.0,0.0,0.0,0.0,0.0,0.0,0.0,0.0,0.0,0.0,0.0,0.0,46647.80078125,0.0,364955.4375,0.0,-492.0,0.0,492.0,0.0,-1.0437040289650408,0.0,0.13499295711517334,0.0,FL
325006,FL,1205,1041.5418701171875,2,0.0,256148.5390625,257240.5390625,2,0,40626.951171875,0.0,202710.125,0.0,0.0,0.0,0.0,0.0,-246.0,0.0,246.0,0.0,-437.0,0.0,437.0,0.0,0.0,0.0,0.0,0.0,0.0,0.0,0.0,0.0,0.0,0.0,0.0,0.0,0.0,0.0,0.0,0.0,0.0,0.0,0.0,0.0,0.0,0.0,0.0,0.0,0.0,0.0,0.0,0.0,0.0,0.0,0.0,0.0,0.0,0.0,0.0,0.0,0.0,0.0,0.0,0.0,0.0,0.0,0.0,0.0,0.0,0.0,0.0,0.0,0.0,0.0,0.0,0.0,0.0,0.0,0.0,0.0,0.0,0.0,0.0,0.0,0.0,0.0,0.0,0.0,0.0,0.0,0.0,0.0,0.0,0.0,0.0,0.0,0.0,0.0,0.0,0.0,39943.951171875,0.0,203393.125,0.0,-683.0,0.0,683.0,0.0,-1.6811500255348313,0.0,0.33693432807922363,0.0,FL
325007,FL,1205,1.751924991607666,2,0.0,506938.453125,513805.625,2,0,107696.515625,0.0,390005.4375,0.0,0.0,0.0,0.0,0.0,-764.0,0.0,764.0,0.0,0.0,0.0,0.0,0.0,0.0,0.0,0.0,0.0,0.0,0.0,0.0,0.0,0.0,0.0,0.0,0.0,0.0,0.0,0.0,0.0,0.0,0.0,0.0,0.0,0.0,0.0,0.0,0.0,0.0,0.0,0.0,0.0,0.0,0.0,0.0,0.0,-285.765625,0.0,285.75,0.0,0.0,0.0,0.0,0.0,0.0,0.0,0.0,0.0,-2154.4453125,0.0,2154.4375,0.0,0.0,0.0,0.0,0.0,0.0,0.0,0.0,0.0,0.0,0.0,0.0,0.0,0.0,0.0,0.0,0.0,0.0,0.0,0.0,0.0,0.0,0.0,0.0,0.0,0.0,0.0,0.0,0.0,104492.3046875,0.0,393209.625,0.0,-3204.2109375,0.0,3204.1875,0.0,-2.9752224748450398,0.0,0.8215750455856323,0.0,FL
325008,FL,1205,1446.1527099609375,2,0.0,0.0,223254.46875,2,0,22479.91796875,0.0,261712.203125,52447.984375,0.0,0.0,0.0,52447.984375,-10.0,0.0,10.0,0.0,0.0,0.0,0.0,0.0,0.0,0.0,0.0,0.0,0.0,0.0,0.0,0.0,0.0,0.0,0.0,0.0,0.0,0.0,0.0,0.0,0.0,0.0,0.0,0.0,0.0,0.0,0.0,0.0,0.0,0.0,0.0,0.0,0.0,0.0,0.0,0.0,0.0,0.0,0.0,0.0,0.0,0.0,0.0,0.0,0.0,0.0,0.0,0.0,0.0,0.0,0.0,0.0,0.0,0.0,0.0,0.0,0.0,0.0,0.0,0.0,-2053.2734375,0.0,2053.265625,0.0,0.0,0.0,0.0,0.0,0.0,0.0,0.0,0.0,0.0,0.0,0.0,0.0,0.0,0.0,0.0,0.0,20416.64453125,0.0,263775.46875,52447.984375,-2063.2734375,0.0,2063.265625,0.0,-9.178296114639819,0.0,0.7883719205856323,0.0,FL
325009,FL,1205,192.245361328125,4,2.0,425022.40234375,589735.25,4,0,105168.21875,0.0,499712.09375,0.0,0.0,0.0,0.0,0.0,-764.0,0.0,764.0,0.0,0.0,0.0,0.0,0.0,0.0,0.0,0.0,0.0,0.0,0.0,0.0,0.0,0.0,0.0,0.0,0.0,0.0,0.0,0.0,0.0,0.0,0.0,0.0,0.0,0.0,0.0,0.0,0.0,0.0,0.0,0.0,0.0,0.0,0.0,0.0,0.0,0.0,0.0,0.0,0.0,0.0,0.0,0.0,0.0,0.0,0.0,0.0,0.0,0.0,0.0,0.0,0.0,0.0,0.0,0.0,0.0,0.0,0.0,0.0,0.0,0.0,0.0,0.0,0.0,0.0,0.0,0.0,0.0,0.0,0.0,0.0,0.0,0.0,0.0,0.0,0.0,0.0,0.0,0.0,0.0,104404.21875,0.0,500476.09375,0.0,-764.0,0.0,764.0,0.0,-0.7264552058413559,0.0,0.15288802981376648,0.0,FL
325010,FL,1205,638.5914306640625,2,0.0,116738.4921875,160047.328125,2,0,24858.984375,0.0,193766.25,19357.361328125,0.0,0.0,0.0,19357.361328125,-131.0,0.0,131.0,0.0,-228.0,0.0,228.0,0.0,0.0,0.0,0.0,0.0,0.0,0.0,0.0,0.0,0.0,0.0,0.0,0.0,0.0,0.0,0.0,0.0,-90.302734375,0.0,90.3125,0.0,0.0,0.0,0.0,0.0,0.0,0.0,0.0,0.0,0.0,0.0,0.0,0.0,-143.1953125,0.0,143.1875,0.0,0.0,0.0,0.0,0.0,0.0,0.0,0.0,0.0,0.0,0.0,0.0,0.0,0.0,0.0,0.0,0.0,0.0,0.0,0.0,0.0,0.0,0.0,0.0,0.0,0.0,0.0,0.0,0.0,0.0,0.0,0.0,0.0,0.0,0.0,0.0,0.0,0.0,0.0,0.0,0.0,24266.486328125,0.0,194358.75,19357.361328125,-592.498046875,0.0,592.5,0.0,-2.3834362576407546,0.0,0.305780827999115,0.0,FL
325011,FL,1205,10.441715240478516,3,0.0,379804.6630859375,463093.515625,3,0,80499.00952148438,0.0,447144.90625,22234.806640625,0.0,0.0,0.0,22234.806640625,-297.0,0.0,297.0,0.0,-114.0,0.0,114.0,0.0,0.0,0.0,0.0,0.0,0.0,0.0,0.0,0.0,0.0,0.0,0.0,0.0,0.0,0.0,0.0,0.0,0.0,0.0,0.0,0.0,0.0,0.0,0.0,0.0,0.0,0.0,0.0,0.0,0.0,0.0,0.0,0.0,0.0,0.0,0.0,0.0,0.0,0.0,0.0,0.0,0.0,0.0,0.0,0.0,0.0,0.0,0.0,0.0,0.0,0.0,0.0,0.0,0.0,0.0,0.0,0.0,-720.0,0.0,720.0,0.0,0.0,0.0,0.0,0.0,0.0,0.0,0.0,0.0,0.0,0.0,0.0,0.0,0.0,0.0,0.0,0.0,79368.00952148438,0.0,448275.90625,22234.806640625,-1131.0,0.0,1131.0,0.0,-1.4049862311636858,0.0,0.2529381215572357,0.0,FL
325012,FL,1205,222.3905029296875,2,0.0,15206.2578125,15207.0849609375,2,0,0.0,0.0,55782.37890625,19723.216796875,0.0,0.0,0.0,19723.216796875,0.0,0.0,0.0,0.0,0.0,0.0,0.0,0.0,0.0,0.0,0.0,0.0,0.0,0.0,0.0,0.0,0.0,0.0,0.0,0.0,0.0,0.0,0.0,0.0,0.0,0.0,0.0,0.0,0.0,0.0,0.0,0.0,0.0,0.0,0.0,0.0,0.0,0.0,0.0,0.0,0.0,0.0,0.0,0.0,0.0,0.0,0.0,0.0,0.0,0.0,0.0,0.0,0.0,0.0,0.0,0.0,0.0,0.0,0.0,0.0,0.0,0.0,0.0,0.0,0.0,0.0,0.0,0.0,0.0,0.0,0.0,0.0,0.0,0.0,0.0,0.0,0.0,0.0,0.0,0.0,0.0,0.0,0.0,0.0,0.0,0.0,55782.37890625,19723.216796875,0.0,0.0,0.0,0.0,0.0,0.0,0.0,0.0,FL
325013,FL,1205,1.1699937582015991,4,2.0,124383.84375,124387.15625,4,0,6804.458984375,0.0,111445.8515625,0.0,0.0,0.0,0.0,0.0,-10.0,0.0,10.0,0.0,-228.0,0.0,228.0,0.0,0.0,0.0,0.0,0.0,0.0,0.0,0.0,0.0,-400.0,0.0,400.0,0.0,0.0,0.0,0.0,0.0,0.0,0.0,0.0,0.0,0.0,0.0,0.0,0.0,0.0,0.0,0.0,0.0,0.0,0.0,0.0,0.0,-240.0,0.0,240.0,0.0,0.0,0.0,0.0,0.0,0.0,0.0,0.0,0.0,0.0,0.0,0.0,0.0,0.0,0.0,0.0,0.0,0.0,0.0,0.0,0.0,0.0,0.0,0.0,0.0,-321.66796875,0.0,321.6640625,0.0,0.0,0.0,0.0,0.0,0.0,0.0,0.0,0.0,0.0,0.0,0.0,0.0,5604.791015625,0.0,112645.515625,0.0,-1199.66796875,0.0,1199.6640625,0.0,-17.63061503500548,0.0,1.0764546394348145,0.0,FL
325014,FL,1205,3.751621961593628,2,1.0,440623.78125,529373.25,2,0,147050.78125,0.0,548647.3125,0.0,0.0,0.0,0.0,0.0,-390.421875,0.0,390.4375,0.0,-516.25,0.0,516.25,0.0,0.0,0.0,0.0,0.0,0.0,0.0,0.0,0.0,0.0,0.0,0.0,0.0,0.0,0.0,0.0,0.0,0.0,0.0,0.0,0.0,0.0,0.0,0.0,0.0,0.0,0.0,0.0,0.0,0.0,0.0,0.0,0.0,0.0,0.0,0.0,0.0,0.0,0.0,0.0,0.0,0.0,0.0,0.0,0.0,0.0,0.0,0.0,0.0,0.0,0.0,0.0,0.0,0.0,0.0,0.0,0.0,0.0,0.0,0.0,0.0,0.0,0.0,0.0,0.0,0.0,0.0,0.0,0.0,0.0,0.0,0.0,0.0,0.0,0.0,0.0,0.0,146144.109375,0.0,549554.0,0.0,-906.671875,0.0,906.6875,0.0,-0.6165705937043432,0.0,0.1652587205171585,0.0,FL
325015,FL,1205,1.2101696729660034,3,0.0,228073.0859375,246440.6171875,3,0,28398.1943359375,0.0,203260.328125,0.0,0.0,0.0,0.0,0.0,-235.0,0.0,235.0,0.0,-418.0,0.0,418.0,0.0,0.0,0.0,0.0,0.0,0.0,0.0,0.0,0.0,0.0,0.0,0.0,0.0,0.0,0.0,0.0,0.0,-305.298828125,0.0,305.296875,0.0,0.0,0.0,0.0,0.0,0.0,0.0,0.0,0.0,0.0,0.0,0.0,0.0,0.0,0.0,0.0,0.0,0.0,0.0,0.0,0.0,0.0,0.0,0.0,0.0,0.0,0.0,0.0,0.0,0.0,0.0,0.0,0.0,0.0,0.0,0.0,0.0,-1976.666015625,0.0,1976.65625,0.0,-319.5712890625,0.0,319.578125,0.0,0.0,0.0,0.0,0.0,0.0,0.0,0.0,0.0,0.0,0.0,0.0,0.0,25143.658203125,0.0,206514.859375,0.0,-3254.5361328125,0.0,3254.53125,0.0,-11.46036291713777,0.0,1.6011641025543213,0.0,FL
325016,FL,1205,1381.4334716796875,5,3.0,416282.6875,421825.375,5,0,74764.71875,0.0,344058.6875,0.0,0.0,0.0,0.0,0.0,-292.0,0.0,292.0,0.0,-456.0,0.0,456.0,0.0,0.0,0.0,0.0,0.0,0.0,0.0,0.0,0.0,-600.0,0.0,600.0,0.0,0.0,0.0,0.0,0.0,0.0,0.0,0.0,0.0,0.0,0.0,0.0,0.0,0.0,0.0,0.0,0.0,0.0,0.0,0.0,0.0,-19.4921875,0.0,19.46875,0.0,0.0,0.0,0.0,0.0,0.0,0.0,0.0,0.0,0.0,0.0,0.0,0.0,0.0,0.0,0.0,0.0,0.0,0.0,0.0,0.0,0.0,0.0,0.0,0.0,0.0,0.0,0.0,0.0,0.0,0.0,0.0,0.0,0.0,0.0,0.0,0.0,0.0,0.0,0.0,0.0,73397.2265625,0.0,345426.15625,0.0,-1367.4921875,0.0,1367.46875,0.0,-1.8290608329212767,0.0,0.3974522054195404,0.0,FL
325017,FL,1205,3548.755859375,4,2.0,83624.49609375,83461.22265625,4,0,-3565.167724609375,0.0,89825.6796875,0.0,5527.08642578125,3506.20166015625,0.0,9033.2880859375,-5.0,0.0,5.0,0.0,-261.5,0.0,261.5,0.0,0.0,0.0,0.0,0.0,0.0,0.0,0.0,0.0,-400.0,0.0,400.0,0.0,0.0,0.0,0.0,0.0,0.0,0.0,0.0,0.0,0.0,0.0,0.0,0.0,0.0,0.0,0.0,0.0,0.0,0.0,0.0,0.0,0.0,0.0,0.0,0.0,0.0,0.0,0.0,0.0,0.0,0.0,0.0,0.0,0.0,0.0,0.0,0.0,0.0,0.0,0.0,0.0,0.0,0.0,0.0,0.0,0.0,0.0,0.0,0.0,-216.768798828125,0.0,216.7734375,0.0,0.0,0.0,0.0,0.0,0.0,0.0,0.0,0.0,0.0,0.0,0.0,0.0,-4448.4365234375,0.0,90708.953125,9033.2880859375,-883.268798828125,0.0,883.2734375,0.0,-24.774957787572312,0.0,0.9833195209503174,0.0,FL
325018,FL,1205,949.9689331054688,2,0.0,204036.765625,204070.6875,2,0,27883.55078125,0.0,163295.859375,0.0,0.0,0.0,0.0,0.0,-230.0,0.0,230.0,0.0,-418.0,0.0,418.0,0.0,0.0,0.0,0.0,0.0,0.0,0.0,0.0,0.0,0.0,0.0,0.0,0.0,0.0,0.0,0.0,0.0,0.0,0.0,0.0,0.0,0.0,0.0,0.0,0.0,0.0,0.0,0.0,0.0,0.0,0.0,0.0,0.0,0.0,0.0,0.0,0.0,0.0,0.0,0.0,0.0,0.0,0.0,0.0,0.0,0.0,0.0,0.0,0.0,0.0,0.0,0.0,0.0,0.0,0.0,0.0,0.0,0.0,0.0,0.0,0.0,0.0,0.0,0.0,0.0,0.0,0.0,0.0,0.0,0.0,0.0,0.0,0.0,0.0,0.0,0.0,0.0,27235.55078125,0.0,163943.859375,0.0,-648.0,0.0,648.0,0.0,-2.3239507948024354,0.0,0.39682573080062866,0.0,FL
325019,FL,1205,1.9688502550125122,4,0.0,214442.0615234375,285473.7314453125,4,0,35657.837646484375,0.0,247306.65625,0.0,0.0,0.0,0.0,0.0,-235.0,0.0,235.0,0.0,-532.0,0.0,532.0,0.0,0.0,0.0,0.0,0.0,0.0,0.0,0.0,0.0,0.0,0.0,0.0,0.0,0.0,0.0,0.0,0.0,-941.0625,0.0,941.0625,0.0,0.0,0.0,0.0,0.0,0.0,0.0,0.0,0.0,0.0,0.0,0.0,0.0,0.0,0.0,0.0,0.0,0.0,0.0,0.0,0.0,0.0,0.0,0.0,0.0,0.0,0.0,0.0,0.0,0.0,0.0,0.0,0.0,0.0,0.0,0.0,0.0,0.0,0.0,0.0,0.0,0.0,0.0,0.0,0.0,0.0,0.0,0.0,0.0,0.0,0.0,0.0,0.0,0.0,0.0,0.0,0.0,33949.775146484375,0.0,249014.71875,0.0,-1708.0625,0.0,1708.0625,0.0,-4.790146045685425,0.0,0.6906657814979553,0.0,FL
325020,FL,1205,8.538468360900879,5,3.0,170605.4140625,171536.921875,5,0,14726.123046875,0.0,147810.125,0.0,0.0,0.0,0.0,0.0,-230.0,0.0,230.0,0.0,-418.0,0.0,418.0,0.0,0.0,0.0,0.0,0.0,0.0,0.0,0.0,0.0,-600.0,0.0,600.0,0.0,0.0,0.0,0.0,0.0,0.0,0.0,0.0,0.0,0.0,0.0,0.0,0.0,0.0,0.0,0.0,0.0,0.0,0.0,0.0,0.0,0.0,0.0,0.0,0.0,0.0,0.0,0.0,0.0,0.0,0.0,0.0,0.0,0.0,0.0,0.0,0.0,0.0,0.0,0.0,0.0,0.0,0.0,0.0,0.0,0.0,0.0,0.0,0.0,0.0,0.0,0.0,0.0,0.0,0.0,0.0,0.0,0.0,0.0,0.0,0.0,0.0,0.0,0.0,0.0,13478.123046875,0.0,149058.125,0.0,-1248.0,0.0,1248.0,0.0,-8.474735651925952,0.0,0.8443264365196228,0.0,FL
325021,FL,1205,1433.32177734375,2,0.0,0.0,63956.5546875,2,0,2660.40966796875,0.0,85419.375,18546.4453125,0.0,0.0,0.0,18546.4453125,-10.0,0.0,10.0,0.0,-218.401611328125,0.0,218.3984375,0.0,0.0,0.0,0.0,0.0,0.0,0.0,0.0,0.0,0.0,0.0,0.0,0.0,0.0,0.0,0.0,0.0,0.0,0.0,0.0,0.0,0.0,0.0,0.0,0.0,0.0,0.0,0.0,0.0,0.0,0.0,0.0,0.0,-200.0,0.0,200.0,0.0,0.0,0.0,0.0,0.0,0.0,0.0,0.0,0.0,0.0,0.0,0.0,0.0,0.0,0.0,0.0,0.0,0.0,0.0,0.0,0.0,-1200.0,0.0,1200.0,0.0,0.0,0.0,0.0,0.0,0.0,0.0,0.0,0.0,0.0,0.0,0.0,0.0,0.0,0.0,0.0,0.0,1032.008056640625,0.0,87047.7734375,18546.4453125,-1628.401611328125,0.0,1628.3984375,0.0,-61.20867890889249,0.0,1.9063571691513062,0.0,FL
325022,FL,1205,46.903499603271484,1,0.0,0.0,842.1610717773438,1,0,0.0,0.0,43576.9375,21478.07421875,0.0,0.0,0.0,21478.07421875,0.0,0.0,0.0,0.0,0.0,0.0,0.0,0.0,0.0,0.0,0.0,0.0,0.0,0.0,0.0,0.0,0.0,0.0,0.0,0.0,0.0,0.0,0.0,0.0,0.0,0.0,0.0,0.0,0.0,0.0,0.0,0.0,0.0,0.0,0.0,0.0,0.0,0.0,0.0,0.0,0.0,0.0,0.0,0.0,0.0,0.0,0.0,0.0,0.0,0.0,0.0,0.0,0.0,0.0,0.0,0.0,0.0,0.0,0.0,0.0,0.0,0.0,0.0,0.0,0.0,0.0,0.0,0.0,0.0,0.0,0.0,0.0,0.0,0.0,0.0,0.0,0.0,0.0,0.0,0.0,0.0,0.0,0.0,0.0,0.0,0.0,43576.9375,21478.07421875,0.0,0.0,0.0,0.0,0.0,0.0,0.0,0.0,FL
325023,FL,1205,1.7109671831130981,2,0.0,171327.015625,226380.84375,2,0,32031.453125,0.0,246044.3125,50021.7734375,0.0,0.0,0.0,50021.7734375,-230.0,0.0,230.0,0.0,-418.0,0.0,418.0,0.0,0.0,0.0,0.0,0.0,0.0,0.0,0.0,0.0,0.0,0.0,0.0,0.0,0.0,0.0,0.0,0.0,0.0,0.0,0.0,0.0,0.0,0.0,0.0,0.0,0.0,0.0,0.0,0.0,0.0,0.0,0.0,0.0,-440.0,0.0,440.0,0.0,0.0,0.0,0.0,0.0,0.0,0.0,0.0,0.0,0.0,0.0,0.0,0.0,0.0,0.0,0.0,0.0,0.0,0.0,0.0,0.0,-1631.771484375,0.0,1631.78125,0.0,0.0,0.0,0.0,0.0,0.0,0.0,0.0,0.0,0.0,0.0,0.0,0.0,0.0,0.0,0.0,0.0,29311.681640625,0.0,248764.09375,50021.7734375,-2719.771484375,0.0,2719.78125,0.0,-8.490940057453294,0.0,1.1054030656814575,0.0,FL
325024,FL,1205,0.812096893787384,1,0.0,106560.046875,120649.671875,1,0,17796.478515625,0.0,126575.0234375,4463.80517578125,0.0,0.0,0.0,4463.80517578125,-115.0,0.0,115.0,0.0,-201.189453125,0.0,201.1875,0.0,0.0,0.0,0.0,0.0,0.0,0.0,0.0,0.0,0.0,0.0,0.0,0.0,0.0,0.0,0.0,0.0,0.0,0.0,0.0,0.0,0.0,0.0,0.0,0.0,0.0,0.0,0.0,0.0,0.0,0.0,0.0,0.0,-220.0,0.0,220.0,0.0,0.0,0.0,0.0,0.0,0.0,0.0,0.0,0.0,-257.068359375,0.0,257.0703125,0.0,0.0,0.0,0.0,0.0,0.0,0.0,0.0,0.0,0.0,0.0,0.0,0.0,0.0,0.0,0.0,0.0,0.0,0.0,0.0,0.0,0.0,0.0,0.0,0.0,0.0,0.0,0.0,0.0,17003.220703125,0.0,127368.28125,4463.80517578125,-793.2578125,0.0,793.2578125,0.0,-4.457386396997212,0.0,0.6267095804214478,0.0,FL
325025,FL,1205,189.90745544433594,1,0.0,0.0,10114.400390625,1,0,0.0,0.0,56282.14453125,23083.87109375,0.0,0.0,0.0,23083.87109375,0.0,0.0,0.0,0.0,0.0,0.0,0.0,0.0,0.0,0.0,0.0,0.0,0.0,0.0,0.0,0.0,0.0,0.0,0.0,0.0,0.0,0.0,0.0,0.0,0.0,0.0,0.0,0.0,0.0,0.0,0.0,0.0,0.0,0.0,0.0,0.0,0.0,0.0,0.0,0.0,0.0,0.0,0.0,0.0,0.0,0.0,0.0,0.0,0.0,0.0,0.0,0.0,0.0,0.0,0.0,0.0,0.0,0.0,0.0,0.0,0.0,0.0,0.0,0.0,0.0,0.0,0.0,0.0,0.0,0.0,0.0,0.0,0.0,0.0,0.0,0.0,0.0,0.0,0.0,0.0,0.0,0.0,0.0,0.0,0.0,0.0,56282.14453125,23083.87109375,0.0,0.0,0.0,0.0,0.0,0.0,0.0,0.0,FL
325026,FL,1205,46.23135757446289,1,0.0,0.0,0.0,1,0,0.0,0.0,31262.796875,15960.0185546875,0.0,0.0,0.0,15960.0185546875,0.0,0.0,0.0,0.0,0.0,0.0,0.0,0.0,0.0,0.0,0.0,0.0,0.0,0.0,0.0,0.0,0.0,0.0,0.0,0.0,0.0,0.0,0.0,0.0,0.0,0.0,0.0,0.0,0.0,0.0,0.0,0.0,0.0,0.0,0.0,0.0,0.0,0.0,0.0,0.0,0.0,0.0,0.0,0.0,0.0,0.0,0.0,0.0,0.0,0.0,0.0,0.0,0.0,0.0,0.0,0.0,0.0,0.0,0.0,0.0,0.0,0.0,0.0,0.0,0.0,0.0,0.0,0.0,0.0,0.0,0.0,0.0,0.0,0.0,0.0,0.0,0.0,0.0,0.0,0.0,0.0,0.0,0.0,0.0,0.0,0.0,31262.796875,15960.0185546875,0.0,0.0,0.0,0.0,0.0,0.0,0.0,0.0,FL
325027,FL,1205,67.3768539428711,2,0.0,235800.0625,420497.1875,2,0,78168.5625,0.0,332410.1875,0.0,0.0,0.0,0.0,0.0,-292.0,0.0,292.0,0.0,-456.0,0.0,456.0,0.0,0.0,0.0,0.0,0.0,0.0,0.0,0.0,0.0,0.0,0.0,0.0,0.0,0.0,0.0,0.0,0.0,0.0,0.0,0.0,0.0,0.0,0.0,0.0,0.0,0.0,0.0,0.0,0.0,0.0,0.0,0.0,0.0,0.0,0.0,0.0,0.0,0.0,0.0,0.0,0.0,0.0,0.0,0.0,0.0,0.0,0.0,0.0,0.0,0.0,0.0,0.0,0.0,0.0,0.0,0.0,0.0,0.0,0.0,0.0,0.0,0.0,0.0,0.0,0.0,0.0,0.0,0.0,0.0,0.0,0.0,0.0,0.0,0.0,0.0,0.0,0.0,77420.5625,0.0,333158.1875,0.0,-748.0,0.0,748.0,0.0,-0.9569064289752034,0.0,0.22502318024635315,0.0,FL
325028,FL,1205,22.32008171081543,1,0.0,0.0,55976.53125,1,0,4410.18359375,0.0,103311.21875,45923.34375,0.0,0.0,0.0,45923.34375,-5.0,0.0,5.0,0.0,-114.0,0.0,114.0,0.0,0.0,0.0,0.0,0.0,0.0,0.0,0.0,0.0,0.0,0.0,0.0,0.0,0.0,0.0,0.0,0.0,0.0,0.0,0.0,0.0,0.0,0.0,0.0,0.0,0.0,0.0,0.0,0.0,0.0,0.0,0.0,0.0,0.0,0.0,0.0,0.0,0.0,0.0,0.0,0.0,0.0,0.0,0.0,0.0,0.0,0.0,0.0,0.0,0.0,0.0,0.0,0.0,0.0,0.0,0.0,0.0,-719.999755859375,0.0,720.0,0.0,0.0,0.0,0.0,0.0,0.0,0.0,0.0,0.0,0.0,0.0,0.0,0.0,0.0,0.0,0.0,0.0,3571.183837890625,0.0,104150.21875,45923.34375,-838.999755859375,0.0,839.0,0.0,-19.024145775889785,0.0,0.8121092915534973,0.0,FL
325029,FL,1205,1262.218994140625,3,0.0,161157.33203125,161487.43359375,3,0,14892.70703125,0.0,147375.59375,0.0,0.0,0.0,0.0,0.0,-125.0,0.0,125.0,0.0,-436.9991455078125,0.0,437.0,0.0,0.0,0.0,0.0,0.0,0.0,0.0,0.0,0.0,0.0,0.0,0.0,0.0,0.0,0.0,0.0,0.0,0.0,0.0,0.0,0.0,0.0,0.0,0.0,0.0,0.0,0.0,0.0,0.0,0.0,0.0,0.0,0.0,0.0,0.0,0.0,0.0,0.0,0.0,0.0,0.0,0.0,0.0,0.0,0.0,0.0,0.0,0.0,0.0,0.0,0.0,0.0,0.0,-1804.24609375,0.0,1804.25,0.0,0.0,0.0,0.0,0.0,0.0,0.0,0.0,0.0,0.0,0.0,0.0,0.0,0.0,0.0,0.0,0.0,0.0,0.0,0.0,0.0,12526.461791992188,0.0,149741.84375,0.0,-2366.2452392578125,0.0,2366.25,0.0,-15.888617390328164,0.0,1.6055915355682373,0.0,FL
325030,FL,1205,1353.17822265625,3,0.0,108733.83203125,316653.39453125,3,0,39970.0107421875,0.0,341756.4375,57351.6328125,0.0,0.0,0.0,57351.6328125,-254.0546875,0.0,254.0625,0.0,-532.0,0.0,532.0,0.0,0.0,0.0,0.0,0.0,0.0,0.0,0.0,0.0,0.0,0.0,0.0,0.0,0.0,0.0,0.0,0.0,0.0,0.0,0.0,0.0,0.0,0.0,0.0,0.0,0.0,0.0,0.0,0.0,0.0,0.0,0.0,0.0,-440.0,0.0,440.0,0.0,0.0,0.0,0.0,0.0,0.0,0.0,0.0,0.0,0.0,0.0,0.0,0.0,0.0,0.0,0.0,0.0,0.0,0.0,0.0,0.0,-1135.41015625,0.0,1135.40625,0.0,0.0,0.0,0.0,0.0,0.0,0.0,0.0,0.0,0.0,0.0,0.0,0.0,0.0,0.0,0.0,0.0,37608.5458984375,0.0,344117.90625,57351.6328125,-2361.46484375,0.0,2361.46875,0.0,-5.908091591422876,0.0,0.6909800171852112,0.0,FL
325031,FL,1205,953.253662109375,4,2.0,73534.578125,117075.25,4,0,3664.0361328125,0.0,115859.8203125,0.0,0.0,0.0,0.0,0.0,-10.0,0.0,10.0,0.0,-228.0,0.0,228.0,0.0,0.0,0.0,0.0,0.0,0.0,0.0,0.0,0.0,-400.0,0.0,400.0,0.0,0.0,0.0,0.0,0.0,0.0,0.0,0.0,0.0,0.0,0.0,0.0,0.0,0.0,0.0,0.0,0.0,0.0,0.0,0.0,0.0,-240.0,0.0,240.0,0.0,0.0,0.0,0.0,0.0,0.0,0.0,0.0,0.0,0.0,0.0,0.0,0.0,0.0,0.0,0.0,0.0,-256.74169921875,0.0,256.7421875,0.0,0.0,0.0,0.0,0.0,0.0,0.0,0.0,0.0,0.0,0.0,0.0,0.0,0.0,0.0,0.0,0.0,0.0,0.0,0.0,0.0,2529.29443359375,0.0,116994.5625,0.0,-1134.74169921875,0.0,1134.7421875,0.0,-30.969719131774138,0.0,0.9794095754623413,0.0,FL
325032,FL,1205,339.5234069824219,1,0.0,0.0,24094.314453125,1,0,551.5451049804688,0.0,25678.095703125,2129.486328125,0.0,0.0,0.0,2129.486328125,0.0,0.0,0.0,0.0,-76.0,0.0,76.0,0.0,0.0,0.0,0.0,0.0,0.0,0.0,0.0,0.0,0.0,0.0,0.0,0.0,0.0,0.0,0.0,0.0,-381.11366271972656,0.0,381.11328125,0.0,0.0,0.0,0.0,0.0,0.0,0.0,0.0,0.0,0.0,0.0,0.0,0.0,0.0,0.0,0.0,0.0,0.0,0.0,0.0,0.0,0.0,0.0,0.0,0.0,0.0,0.0,0.0,0.0,0.0,0.0,0.0,0.0,0.0,0.0,0.0,0.0,-94.43144226074219,0.0,94.431640625,0.0,0.0,0.0,0.0,0.0,0.0,0.0,0.0,0.0,0.0,0.0,0.0,0.0,0.0,0.0,0.0,0.0,0.0,0.0,26229.640625,2129.486328125,-551.5451049804688,0.0,551.544921875,0.0,-100.0,0.0,2.1479198932647705,0.0,FL
325033,FL,1205,112.92633819580078,1,0.0,261730.671875,286087.5,1,0,63904.41796875,0.0,221440.0,0.0,0.0,0.0,0.0,0.0,-362.25,0.0,362.25,0.0,0.0,0.0,0.0,0.0,0.0,0.0,0.0,0.0,0.0,0.0,0.0,0.0,0.0,0.0,0.0,0.0,0.0,0.0,0.0,0.0,0.0,0.0,0.0,0.0,0.0,0.0,0.0,0.0,0.0,0.0,0.0,0.0,0.0,0.0,0.0,0.0,-51.1640625,0.0,51.171875,0.0,0.0,0.0,0.0,0.0,0.0,0.0,0.0,0.0,0.0,0.0,0.0,0.0,0.0,0.0,0.0,0.0,0.0,0.0,0.0,0.0,0.0,0.0,0.0,0.0,0.0,0.0,0.0,0.0,0.0,0.0,0.0,0.0,0.0,0.0,0.0,0.0,0.0,0.0,0.0,0.0,63491.00390625,0.0,221853.421875,0.0,-413.4140625,0.0,413.421875,0.0,-0.6469256361933603,0.0,0.18669702112674713,0.0,FL
325034,FL,1205,40.88300323486328,1,0.0,0.0,0.0,1,0,0.0,0.0,37230.72265625,21732.84375,0.0,0.0,0.0,21732.84375,0.0,0.0,0.0,0.0,0.0,0.0,0.0,0.0,0.0,0.0,0.0,0.0,0.0,0.0,0.0,0.0,0.0,0.0,0.0,0.0,0.0,0.0,0.0,0.0,0.0,0.0,0.0,0.0,0.0,0.0,0.0,0.0,0.0,0.0,0.0,0.0,0.0,0.0,0.0,0.0,0.0,0.0,0.0,0.0,0.0,0.0,0.0,0.0,0.0,0.0,0.0,0.0,0.0,0.0,0.0,0.0,0.0,0.0,0.0,0.0,0.0,0.0,0.0,0.0,0.0,0.0,0.0,0.0,0.0,0.0,0.0,0.0,0.0,0.0,0.0,0.0,0.0,0.0,0.0,0.0,0.0,0.0,0.0,0.0,0.0,0.0,37230.72265625,21732.84375,0.0,0.0,0.0,0.0,0.0,0.0,0.0,0.0,FL
325035,FL,1205,1202.052734375,4,2.0,554795.0625,554865.6875,4,0,121888.078125,0.0,413392.25,0.0,0.0,0.0,0.0,0.0,-749.0,0.0,749.0,0.0,-665.0078125,0.0,665.0,0.0,0.0,0.0,0.0,0.0,0.0,0.0,0.0,0.0,0.0,0.0,0.0,0.0,0.0,0.0,0.0,0.0,0.0,0.0,0.0,0.0,0.0,0.0,0.0,0.0,0.0,0.0,0.0,0.0,0.0,0.0,0.0,0.0,-700.0,0.0,700.0,0.0,0.0,0.0,0.0,0.0,0.0,0.0,0.0,0.0,0.0,0.0,0.0,0.0,0.0,0.0,0.0,0.0,0.0,0.0,0.0,0.0,0.0,0.0,0.0,0.0,0.0,0.0,0.0,0.0,0.0,0.0,0.0,0.0,0.0,0.0,0.0,0.0,0.0,0.0,0.0,0.0,119774.0703125,0.0,415506.25,0.0,-2114.0078125,0.0,2114.0,0.0,-1.734384400032971,0.0,0.5113787055015564,0.0,FL
325036,FL,1205,1.2040084600448608,4,2.0,309944.0,319199.375,4,0,48057.98046875,0.0,270163.5,0.0,0.0,0.0,0.0,0.0,-292.0,0.0,292.0,0.0,0.0,0.0,0.0,0.0,0.0,0.0,0.0,0.0,0.0,0.0,0.0,0.0,-400.0,0.0,400.0,0.0,0.0,0.0,0.0,0.0,-1137.7578125,0.0,1137.75,0.0,0.0,0.0,0.0,0.0,0.0,0.0,0.0,0.0,0.0,0.0,0.0,0.0,0.0,0.0,0.0,0.0,0.0,0.0,0.0,0.0,0.0,0.0,0.0,0.0,-184.0078125,0.0,184.0,0.0,0.0,0.0,0.0,0.0,0.0,0.0,0.0,0.0,0.0,0.0,0.0,0.0,0.0,0.0,0.0,0.0,0.0,0.0,0.0,0.0,0.0,0.0,0.0,0.0,0.0,0.0,0.0,0.0,46044.21484375,0.0,272177.25,0.0,-2013.765625,0.0,2013.75,0.0,-4.19028349788744,0.0,0.7453819513320923,0.0,FL
325037,FL,1205,488.3440246582031,2,0.0,156233.1015625,173511.9921875,2,0,23341.466796875,0.0,141473.703125,0.0,0.0,0.0,0.0,0.0,-136.0,0.0,136.0,0.0,-341.9998779296875,0.0,342.0,0.0,0.0,0.0,0.0,0.0,0.0,0.0,0.0,0.0,0.0,0.0,0.0,0.0,0.0,0.0,0.0,0.0,-47.8125,0.0,47.8125,0.0,0.0,0.0,0.0,0.0,0.0,0.0,0.0,0.0,0.0,0.0,0.0,0.0,0.0,0.0,0.0,0.0,0.0,0.0,0.0,0.0,0.0,0.0,0.0,0.0,0.0,0.0,0.0,0.0,0.0,0.0,0.0,0.0,0.0,0.0,0.0,0.0,0.0,0.0,0.0,0.0,0.0,0.0,0.0,0.0,0.0,0.0,0.0,0.0,0.0,0.0,0.0,0.0,0.0,0.0,0.0,0.0,22815.654418945312,0.0,141999.515625,0.0,-525.8123779296875,0.0,525.8125,0.0,-2.2526963815319623,0.0,0.3716680109500885,0.0,FL
325038,FL,1205,0.6729889512062073,4,2.0,315505.15625,315772.78125,4,0,50006.984375,0.0,282071.3125,0.0,0.0,0.0,0.0,0.0,-292.0,0.0,292.0,0.0,-456.0,0.0,456.0,0.0,0.0,0.0,0.0,0.0,0.0,0.0,0.0,0.0,-400.0,0.0,400.0,0.0,0.0,0.0,0.0,0.0,0.0,0.0,0.0,0.0,0.0,0.0,0.0,0.0,0.0,0.0,0.0,0.0,0.0,0.0,0.0,0.0,0.0,0.0,0.0,0.0,0.0,0.0,0.0,0.0,0.0,0.0,0.0,0.0,0.0,0.0,0.0,0.0,0.0,0.0,0.0,0.0,0.0,0.0,0.0,0.0,0.0,0.0,0.0,0.0,0.0,0.0,0.0,0.0,0.0,0.0,0.0,0.0,0.0,0.0,0.0,0.0,0.0,0.0,0.0,0.0,48858.984375,0.0,283219.3125,0.0,-1148.0,0.0,1148.0,0.0,-2.295679322294667,0.0,0.40698927640914917,0.0,FL
325039,FL,1205,1055.921630859375,2,0.0,154039.4921875,159474.5,2,0,17989.142578125,0.0,176739.90625,0.0,0.0,0.0,0.0,0.0,-230.0,0.0,230.0,0.0,-418.0,0.0,418.0,0.0,0.0,0.0,0.0,0.0,0.0,0.0,0.0,0.0,0.0,0.0,0.0,0.0,0.0,0.0,0.0,0.0,0.0,0.0,0.0,0.0,0.0,0.0,0.0,0.0,0.0,0.0,0.0,0.0,0.0,0.0,0.0,0.0,-440.0,0.0,440.0,0.0,0.0,0.0,0.0,0.0,0.0,0.0,0.0,0.0,0.0,0.0,0.0,0.0,0.0,0.0,0.0,0.0,0.0,0.0,0.0,0.0,0.0,0.0,0.0,0.0,0.0,0.0,0.0,0.0,0.0,0.0,0.0,0.0,0.0,0.0,0.0,0.0,0.0,0.0,0.0,0.0,16901.142578125,0.0,177827.90625,0.0,-1088.0,0.0,1088.0,0.0,-6.048092594046257,0.0,0.6155938506126404,0.0,FL
325040,FL,1205,0.17863786220550537,1,0.0,0.0,32645.685546875,1,0,1610.4822998046875,0.0,55136.51171875,14634.64453125,0.0,0.0,0.0,14634.64453125,-5.0,0.0,5.0,0.0,-114.0,0.0,114.0,0.0,0.0,0.0,0.0,0.0,0.0,0.0,0.0,0.0,0.0,0.0,0.0,0.0,0.0,0.0,0.0,0.0,0.0,0.0,0.0,0.0,0.0,0.0,0.0,0.0,0.0,0.0,0.0,0.0,0.0,0.0,0.0,0.0,0.0,0.0,0.0,0.0,0.0,0.0,0.0,0.0,0.0,0.0,0.0,0.0,0.0,0.0,0.0,0.0,0.0,0.0,0.0,0.0,0.0,0.0,0.0,0.0,-641.9137573242188,0.0,641.91015625,0.0,0.0,0.0,0.0,0.0,0.0,0.0,0.0,0.0,0.0,0.0,0.0,0.0,0.0,0.0,0.0,0.0,849.5685424804688,0.0,55897.421875,14634.64453125,-760.9137573242188,0.0,760.91015625,0.0,-47.24757033445814,0.0,1.3800476789474487,0.0,FL
325041,FL,1205,198.52816772460938,2,0.0,0.0,4.136350989341736,2,0,0.0,0.0,36094.37109375,9624.521484375,26463.767578125,0.0,0.0,36088.2890625,0.0,0.0,0.0,0.0,0.0,0.0,0.0,0.0,0.0,0.0,0.0,0.0,0.0,0.0,0.0,0.0,0.0,0.0,0.0,0.0,0.0,0.0,0.0,0.0,0.0,0.0,0.0,0.0,0.0,0.0,0.0,0.0,0.0,0.0,0.0,0.0,0.0,0.0,0.0,0.0,0.0,0.0,0.0,0.0,0.0,0.0,0.0,0.0,0.0,0.0,0.0,0.0,0.0,0.0,0.0,0.0,0.0,0.0,0.0,0.0,0.0,0.0,0.0,0.0,0.0,0.0,0.0,0.0,0.0,0.0,0.0,0.0,0.0,0.0,0.0,0.0,0.0,0.0,0.0,0.0,0.0,0.0,0.0,0.0,0.0,0.0,36094.37109375,36088.2890625,0.0,0.0,0.0,0.0,0.0,0.0,0.0,0.0,FL
325042,FL,1205,22.56874656677246,2,0.0,0.0,21.50902557373047,2,0,0.0,0.0,71727.921875,35991.98828125,0.0,0.0,0.0,35991.98828125,0.0,0.0,0.0,0.0,0.0,0.0,0.0,0.0,0.0,0.0,0.0,0.0,0.0,0.0,0.0,0.0,0.0,0.0,0.0,0.0,0.0,0.0,0.0,0.0,0.0,0.0,0.0,0.0,0.0,0.0,0.0,0.0,0.0,0.0,0.0,0.0,0.0,0.0,0.0,0.0,0.0,0.0,0.0,0.0,0.0,0.0,0.0,0.0,0.0,0.0,0.0,0.0,0.0,0.0,0.0,0.0,0.0,0.0,0.0,0.0,0.0,0.0,0.0,0.0,0.0,0.0,0.0,0.0,0.0,0.0,0.0,0.0,0.0,0.0,0.0,0.0,0.0,0.0,0.0,0.0,0.0,0.0,0.0,0.0,0.0,0.0,71727.921875,35991.98828125,0.0,0.0,0.0,0.0,0.0,0.0,0.0,0.0,FL
325043,FL,1205,0.07007359713315964,2,0.0,120358.6328125,127018.984375,2,0,11120.2783203125,0.0,136971.234375,0.0,0.0,0.0,0.0,0.0,-10.0,0.0,10.0,0.0,-228.0,0.0,228.0,0.0,0.0,0.0,0.0,0.0,0.0,0.0,0.0,0.0,0.0,0.0,0.0,0.0,0.0,0.0,0.0,0.0,0.0,0.0,0.0,0.0,0.0,0.0,0.0,0.0,0.0,0.0,0.0,0.0,0.0,0.0,0.0,0.0,0.0,0.0,0.0,0.0,0.0,0.0,0.0,0.0,0.0,0.0,0.0,0.0,0.0,0.0,0.0,0.0,0.0,0.0,0.0,0.0,0.0,0.0,0.0,0.0,0.0,0.0,0.0,0.0,-217.9033203125,0.0,217.90625,0.0,0.0,0.0,0.0,0.0,0.0,0.0,0.0,0.0,0.0,0.0,0.0,0.0,10664.375,0.0,137427.140625,0.0,-455.9033203125,0.0,455.90625,0.0,-4.09974739103192,0.0,0.3328481614589691,0.0,FL
325044,FL,1205,0.05355703458189964,2,0.0,0.0,58371.154296875,2,0,2694.123291015625,0.0,76426.96875,389.11334228515625,0.0,24789.0556640625,0.0,25178.169006347656,-5.0,0.0,5.0,0.0,-190.0,0.0,190.0,0.0,0.0,0.0,0.0,0.0,0.0,0.0,0.0,0.0,0.0,0.0,0.0,0.0,0.0,0.0,0.0,0.0,-303.2923583984375,0.0,303.2890625,0.0,0.0,0.0,0.0,0.0,0.0,0.0,0.0,0.0,0.0,0.0,0.0,0.0,0.0,0.0,0.0,0.0,0.0,0.0,0.0,0.0,0.0,0.0,0.0,0.0,0.0,0.0,0.0,0.0,0.0,0.0,0.0,0.0,0.0,0.0,0.0,0.0,0.0,0.0,0.0,0.0,0.0,0.0,0.0,0.0,0.0,0.0,0.0,0.0,0.0,0.0,0.0,0.0,0.0,0.0,0.0,0.0,2195.8309326171875,0.0,76925.2578125,25178.169006347656,-498.2923583984375,0.0,498.2890625,0.0,-18.49552914152612,0.0,0.6519806385040283,0.0,FL
325045,FL,1205,62.71639633178711,1,0.0,4065.07958984375,4065.07958984375,0,1,0.0,0.0,10245.80859375,6491.70751953125,0.0,0.0,0.0,6491.70751953125,0.0,0.0,0.0,0.0,0.0,0.0,0.0,0.0,0.0,0.0,0.0,0.0,0.0,0.0,0.0,0.0,0.0,0.0,0.0,0.0,0.0,0.0,0.0,0.0,0.0,0.0,0.0,0.0,0.0,0.0,0.0,0.0,0.0,0.0,0.0,0.0,0.0,0.0,0.0,0.0,0.0,0.0,0.0,0.0,0.0,0.0,0.0,0.0,0.0,0.0,0.0,0.0,0.0,0.0,0.0,0.0,0.0,0.0,0.0,0.0,0.0,0.0,0.0,0.0,0.0,0.0,0.0,0.0,0.0,0.0,0.0,0.0,0.0,0.0,0.0,0.0,0.0,0.0,0.0,0.0,0.0,0.0,0.0,0.0,0.0,0.0,10245.80859375,6491.70751953125,0.0,0.0,0.0,0.0,0.0,0.0,0.0,0.0,FL
325046,FL,1205,0.05141381546854973,2,0.0,153392.375,153480.0625,2,0,16692.708984375,0.0,140112.15625,0.0,0.0,0.0,0.0,0.0,-230.0,0.0,230.0,0.0,-417.9990234375,0.0,418.0,0.0,0.0,0.0,0.0,0.0,0.0,0.0,0.0,0.0,0.0,0.0,0.0,0.0,0.0,0.0,0.0,0.0,0.0,0.0,0.0,0.0,0.0,0.0,0.0,0.0,0.0,0.0,0.0,0.0,0.0,0.0,0.0,0.0,0.0,0.0,0.0,0.0,0.0,0.0,0.0,0.0,0.0,0.0,0.0,0.0,0.0,0.0,0.0,0.0,0.0,0.0,0.0,0.0,0.0,0.0,0.0,0.0,0.0,0.0,0.0,0.0,0.0,0.0,0.0,0.0,0.0,0.0,0.0,0.0,0.0,0.0,0.0,0.0,0.0,0.0,0.0,0.0,16044.7099609375,0.0,140760.15625,0.0,-647.9990234375,0.0,648.0,0.0,-3.8819284757438193,0.0,0.4624866545200348,0.0,FL
325047,FL,1205,0.022718297317624092,3,1.0,142542.15234375,226718.5625,3,0,30266.08203125,0.0,247544.34375,0.0,0.0,0.0,0.0,0.0,-229.998046875,0.0,230.0,0.0,-418.0,0.0,418.0,0.0,0.0,0.0,0.0,0.0,0.0,0.0,0.0,0.0,-200.0,0.0,200.0,0.0,0.0,0.0,0.0,0.0,0.0,0.0,0.0,0.0,0.0,0.0,0.0,0.0,0.0,0.0,0.0,0.0,0.0,0.0,0.0,0.0,-326.71484375,0.0,326.71875,0.0,0.0,0.0,0.0,0.0,0.0,0.0,0.0,0.0,0.0,0.0,0.0,0.0,0.0,0.0,0.0,0.0,0.0,0.0,0.0,0.0,0.0,0.0,0.0,0.0,0.0,0.0,0.0,0.0,0.0,0.0,0.0,0.0,0.0,0.0,0.0,0.0,0.0,0.0,0.0,0.0,29091.369140625,0.0,248719.0625,0.0,-1174.712890625,0.0,1174.71875,0.0,-3.8812849625270243,0.0,0.4745488166809082,0.0,FL
325048,FL,1205,0.03445565328001976,2,0.0,410822.6875,419025.53125,2,0,84532.224609375,0.0,352762.0625,0.0,0.0,0.0,0.0,0.0,-493.25,0.0,493.25,0.0,-560.5,0.0,560.5,0.0,0.0,0.0,0.0,0.0,0.0,0.0,0.0,0.0,0.0,0.0,0.0,0.0,0.0,0.0,0.0,0.0,0.0,0.0,0.0,0.0,0.0,0.0,0.0,0.0,0.0,0.0,0.0,0.0,0.0,0.0,0.0,0.0,0.0,0.0,0.0,0.0,0.0,0.0,0.0,0.0,0.0,0.0,0.0,0.0,0.0,0.0,0.0,0.0,0.0,0.0,0.0,0.0,0.0,0.0,0.0,0.0,0.0,0.0,0.0,0.0,0.0,0.0,0.0,0.0,0.0,0.0,0.0,0.0,0.0,0.0,0.0,0.0,0.0,0.0,0.0,0.0,83478.474609375,0.0,353815.8125,0.0,-1053.75,0.0,1053.75,0.0,-1.246566034277932,0.0,0.2987141013145447,0.0,FL
325049,FL,1205,63.439552307128906,3,1.0,0.0,8.27270221710205,3,0,0.0,0.0,10736.33203125,1130.9622802734375,9327.858642578125,0.0,0.0,10458.820922851562,0.0,0.0,0.0,0.0,0.0,0.0,0.0,0.0,0.0,0.0,0.0,0.0,0.0,0.0,0.0,0.0,0.0,0.0,0.0,0.0,0.0,0.0,0.0,0.0,0.0,0.0,0.0,0.0,0.0,0.0,0.0,0.0,0.0,0.0,0.0,0.0,0.0,0.0,0.0,0.0,0.0,0.0,0.0,0.0,0.0,0.0,0.0,0.0,0.0,0.0,0.0,0.0,0.0,0.0,0.0,0.0,0.0,0.0,0.0,0.0,0.0,0.0,0.0,0.0,0.0,0.0,0.0,0.0,0.0,0.0,0.0,0.0,0.0,0.0,0.0,0.0,0.0,0.0,0.0,0.0,0.0,0.0,0.0,0.0,0.0,0.0,10736.33203125,10458.820922851562,0.0,0.0,0.0,0.0,0.0,0.0,0.0,0.0,FL
325050,FL,1205,0.04081756994128227,4,2.0,211353.125,238824.6875,4,0,30522.08203125,0.0,240774.0625,0.0,0.0,0.0,0.0,0.0,-230.0,0.0,230.0,0.0,-418.0,0.0,418.0,0.0,0.0,0.0,0.0,0.0,0.0,0.0,0.0,0.0,-400.0,0.0,400.0,0.0,0.0,0.0,0.0,0.0,-93.375,0.0,93.375,0.0,0.0,0.0,0.0,0.0,0.0,0.0,0.0,0.0,0.0,0.0,0.0,0.0,-440.0,0.0,440.0,0.0,0.0,0.0,0.0,0.0,0.0,0.0,0.0,0.0,0.0,0.0,0.0,0.0,0.0,0.0,0.0,0.0,0.0,0.0,0.0,0.0,0.0,0.0,0.0,0.0,0.0,0.0,0.0,0.0,0.0,0.0,0.0,0.0,0.0,0.0,0.0,0.0,0.0,0.0,0.0,0.0,28940.70703125,0.0,242355.4375,0.0,-1581.375,0.0,1581.375,0.0,-5.181084954758037,0.0,0.6567879319190979,0.0,FL
325051,FL,1205,0.02101532742381096,2,0.0,151553.11328125,171117.328125,2,0,20418.53125,0.0,168881.953125,11362.412109375,0.0,0.0,0.0,11362.412109375,-230.0,0.0,230.0,0.0,-418.0,0.0,418.0,0.0,0.0,0.0,0.0,0.0,0.0,0.0,0.0,0.0,0.0,0.0,0.0,0.0,0.0,0.0,0.0,0.0,-884.71875,0.0,884.71875,0.0,0.0,0.0,0.0,0.0,0.0,0.0,0.0,0.0,0.0,0.0,0.0,0.0,-440.0,0.0,440.0,0.0,0.0,0.0,0.0,0.0,0.0,0.0,0.0,0.0,0.0,0.0,0.0,0.0,0.0,0.0,0.0,0.0,0.0,0.0,0.0,0.0,0.0,0.0,0.0,0.0,-164.908203125,0.0,164.90625,0.0,0.0,0.0,0.0,0.0,0.0,0.0,0.0,0.0,0.0,0.0,0.0,0.0,18280.904296875,0.0,171019.578125,11362.412109375,-2137.626953125,0.0,2137.625,0.0,-10.46905346399487,0.0,1.2657510042190552,0.0,FL
325052,FL,1205,89.80732727050781,1,0.0,0.0,0.0,1,0,0.0,0.0,49846.359375,23195.119140625,13231.8837890625,0.0,0.0,36427.0029296875,0.0,0.0,0.0,0.0,0.0,0.0,0.0,0.0,0.0,0.0,0.0,0.0,0.0,0.0,0.0,0.0,0.0,0.0,0.0,0.0,0.0,0.0,0.0,0.0,0.0,0.0,0.0,0.0,0.0,0.0,0.0,0.0,0.0,0.0,0.0,0.0,0.0,0.0,0.0,0.0,0.0,0.0,0.0,0.0,0.0,0.0,0.0,0.0,0.0,0.0,0.0,0.0,0.0,0.0,0.0,0.0,0.0,0.0,0.0,0.0,0.0,0.0,0.0,0.0,0.0,0.0,0.0,0.0,0.0,0.0,0.0,0.0,0.0,0.0,0.0,0.0,0.0,0.0,0.0,0.0,0.0,0.0,0.0,0.0,0.0,0.0,49846.359375,36427.0029296875,0.0,0.0,0.0,0.0,0.0,0.0,0.0,0.0,FL
325053,FL,1205,0.0661475658416748,2,0.0,342131.734375,349056.625,2,0,61973.52734375,0.0,272659.59375,0.0,0.0,0.0,0.0,0.0,-292.0,0.0,292.0,0.0,-456.0,0.0,456.0,0.0,0.0,0.0,0.0,0.0,0.0,0.0,0.0,0.0,0.0,0.0,0.0,0.0,0.0,0.0,0.0,0.0,0.0,0.0,0.0,0.0,0.0,0.0,0.0,0.0,0.0,0.0,0.0,0.0,0.0,0.0,0.0,0.0,-76.8984375,0.0,76.90625,0.0,0.0,0.0,0.0,0.0,0.0,0.0,0.0,0.0,0.0,0.0,0.0,0.0,0.0,0.0,0.0,0.0,0.0,0.0,0.0,0.0,0.0,0.0,0.0,0.0,0.0,0.0,0.0,0.0,0.0,0.0,0.0,0.0,0.0,0.0,0.0,0.0,0.0,0.0,0.0,0.0,61148.62890625,0.0,273484.5,0.0,-824.8984375,0.0,824.90625,0.0,-1.33104968017153,0.0,0.30254068970680237,0.0,FL
325054,FL,1205,84.0293197631836,2,0.0,8724.685546875,8793.146725654602,1,1,0.0,0.0,11020.5986328125,0.0,0.0,0.0,0.0,0.0,0.0,0.0,0.0,0.0,0.0,0.0,0.0,0.0,0.0,0.0,0.0,0.0,0.0,0.0,0.0,0.0,0.0,0.0,0.0,0.0,0.0,0.0,0.0,0.0,0.0,0.0,0.0,0.0,0.0,0.0,0.0,0.0,0.0,0.0,0.0,0.0,0.0,0.0,0.0,0.0,0.0,0.0,0.0,0.0,0.0,0.0,0.0,0.0,0.0,0.0,0.0,0.0,0.0,0.0,0.0,0.0,0.0,0.0,0.0,0.0,0.0,0.0,0.0,0.0,0.0,0.0,0.0,0.0,0.0,0.0,0.0,0.0,0.0,0.0,0.0,0.0,0.0,0.0,0.0,0.0,0.0,0.0,0.0,0.0,0.0,0.0,11020.5986328125,0.0,0.0,0.0,0.0,0.0,0.0,0.0,0.0,0.0,FL
325055,FL,1205,236.3976287841797,2,0.0,0.0,0.8272702097892761,2,0,0.0,0.0,61158.9296875,25997.30078125,26463.767578125,0.0,0.0,52461.068359375,0.0,0.0,0.0,0.0,0.0,0.0,0.0,0.0,0.0,0.0,0.0,0.0,0.0,0.0,0.0,0.0,0.0,0.0,0.0,0.0,0.0,0.0,0.0,0.0,0.0,0.0,0.0,0.0,0.0,0.0,0.0,0.0,0.0,0.0,0.0,0.0,0.0,0.0,0.0,0.0,0.0,0.0,0.0,0.0,0.0,0.0,0.0,0.0,0.0,0.0,0.0,0.0,0.0,0.0,0.0,0.0,0.0,0.0,0.0,0.0,0.0,0.0,0.0,0.0,0.0,0.0,0.0,0.0,0.0,0.0,0.0,0.0,0.0,0.0,-6588.71875,-6588.71875,0.0,0.0,0.0,0.0,0.0,0.0,0.0,0.0,0.0,0.0,54570.2109375,45872.349609375,0.0,0.0,-6588.71875,-6588.71875,0.0,0.0,-10.773109436035156,-12.559253854430072,FL
325056,FL,1205,0.044775139540433884,5,2.0,305676.48828125,305676.48828125,5,0,36283.3427734375,0.0,258716.609375,0.0,0.0,5953.796875,0.0,5953.796875,-283.0,0.0,283.0,0.0,-677.0,0.0,677.0,0.0,0.0,0.0,0.0,0.0,0.0,0.0,0.0,0.0,-400.0,0.0,400.0,0.0,0.0,0.0,0.0,0.0,0.0,0.0,0.0,0.0,0.0,0.0,0.0,0.0,0.0,0.0,0.0,0.0,0.0,0.0,0.0,0.0,0.0,0.0,0.0,0.0,0.0,0.0,0.0,0.0,0.0,0.0,0.0,0.0,0.0,0.0,0.0,0.0,0.0,0.0,0.0,0.0,0.0,0.0,0.0,0.0,0.0,0.0,0.0,0.0,-96.7158203125,0.0,96.71875,0.0,0.0,0.0,0.0,0.0,0.0,0.0,0.0,0.0,0.0,0.0,0.0,0.0,34826.626953125,0.0,260173.328125,5953.796875,-1456.7158203125,0.0,1456.71875,0.0,-4.014833554362968,0.0,0.5630557537078857,0.0,FL
325057,FL,1205,0.15489403903484344,2,0.0,50371.96875,306210.875,2,0,50884.19921875,0.0,317420.625,22995.359375,0.0,0.0,0.0,22995.359375,-292.0,0.0,292.0,0.0,-456.0,0.0,456.0,0.0,0.0,0.0,0.0,0.0,0.0,0.0,0.0,0.0,0.0,0.0,0.0,0.0,0.0,0.0,0.0,0.0,0.0,0.0,0.0,0.0,0.0,0.0,0.0,0.0,0.0,0.0,0.0,0.0,0.0,0.0,0.0,0.0,-22.859375,0.0,22.84375,0.0,0.0,0.0,0.0,0.0,0.0,0.0,0.0,0.0,0.0,0.0,0.0,0.0,0.0,0.0,0.0,0.0,0.0,0.0,0.0,0.0,0.0,0.0,0.0,0.0,0.0,0.0,0.0,0.0,0.0,0.0,0.0,0.0,0.0,0.0,0.0,0.0,0.0,0.0,0.0,0.0,50113.33984375,0.0,318191.46875,22995.359375,-770.859375,0.0,770.84375,0.0,-1.5149287732447028,0.0,0.24284613132476807,0.0,FL
325058,FL,1205,35.9757194519043,1,0.0,0.0,421.90777587890625,1,0,0.0,0.0,44957.47265625,23410.142578125,0.0,0.0,0.0,23410.142578125,0.0,0.0,0.0,0.0,0.0,0.0,0.0,0.0,0.0,0.0,0.0,0.0,0.0,0.0,0.0,0.0,0.0,0.0,0.0,0.0,0.0,0.0,0.0,0.0,0.0,0.0,0.0,0.0,0.0,0.0,0.0,0.0,0.0,0.0,0.0,0.0,0.0,0.0,0.0,0.0,0.0,0.0,0.0,0.0,0.0,0.0,0.0,0.0,0.0,0.0,0.0,0.0,0.0,0.0,0.0,0.0,0.0,0.0,0.0,0.0,0.0,0.0,0.0,0.0,0.0,0.0,0.0,0.0,0.0,0.0,0.0,0.0,0.0,0.0,0.0,0.0,0.0,0.0,0.0,0.0,0.0,0.0,0.0,0.0,0.0,0.0,44957.47265625,23410.142578125,0.0,0.0,0.0,0.0,0.0,0.0,0.0,0.0,FL
325059,FL,1205,238.79653930664062,1,0.0,0.0,0.0,1,0,0.0,0.0,26143.9453125,12912.0615234375,13231.8837890625,0.0,0.0,26143.9453125,0.0,0.0,0.0,0.0,0.0,0.0,0.0,0.0,0.0,0.0,0.0,0.0,0.0,0.0,0.0,0.0,0.0,0.0,0.0,0.0,0.0,0.0,0.0,0.0,0.0,0.0,0.0,0.0,0.0,0.0,0.0,0.0,0.0,0.0,0.0,0.0,0.0,0.0,0.0,0.0,0.0,0.0,0.0,0.0,0.0,0.0,0.0,0.0,0.0,0.0,0.0,0.0,0.0,0.0,0.0,0.0,0.0,0.0,0.0,0.0,0.0,0.0,0.0,0.0,0.0,0.0,0.0,0.0,0.0,0.0,0.0,0.0,0.0,0.0,0.0,0.0,0.0,0.0,0.0,0.0,0.0,0.0,0.0,0.0,0.0,0.0,26143.9453125,26143.9453125,0.0,0.0,0.0,0.0,0.0,0.0,0.0,0.0,FL
325060,FL,1205,0.0326039083302021,3,1.0,501023.59375,546603.8125,3,0,116783.9609375,0.0,441142.75,0.0,0.0,0.0,0.0,0.0,-764.0,0.0,764.0,0.0,-608.0,0.0,608.0,0.0,0.0,0.0,0.0,0.0,0.0,0.0,0.0,0.0,0.0,0.0,0.0,0.0,0.0,0.0,0.0,0.0,0.0,0.0,0.0,0.0,0.0,0.0,0.0,0.0,0.0,0.0,0.0,0.0,0.0,0.0,0.0,0.0,-640.0,0.0,640.0,0.0,0.0,0.0,0.0,0.0,0.0,0.0,0.0,0.0,0.0,0.0,0.0,0.0,0.0,0.0,0.0,0.0,0.0,0.0,0.0,0.0,0.0,0.0,0.0,0.0,0.0,0.0,0.0,0.0,0.0,0.0,0.0,0.0,0.0,0.0,0.0,0.0,0.0,0.0,0.0,0.0,114771.9609375,0.0,443154.75,0.0,-2012.0,0.0,2012.0,0.0,-1.722839321297532,0.0,0.45608818531036377,0.0,FL
325061,FL,1205,0.04823834449052811,4,2.0,227669.90625,227665.109375,3,1,28818.51171875,0.0,189581.9375,0.0,0.0,0.0,0.0,0.0,-230.0,0.0,230.0,0.0,-163.744140625,0.0,163.75,0.0,0.0,0.0,0.0,0.0,0.0,0.0,0.0,0.0,-400.0,0.0,400.0,0.0,0.0,0.0,0.0,0.0,0.0,0.0,0.0,0.0,0.0,0.0,0.0,0.0,0.0,0.0,0.0,0.0,0.0,0.0,0.0,0.0,-440.0,0.0,440.0,0.0,0.0,0.0,0.0,0.0,0.0,0.0,0.0,0.0,0.0,0.0,0.0,0.0,0.0,0.0,0.0,0.0,0.0,0.0,0.0,0.0,0.0,0.0,0.0,0.0,0.0,0.0,0.0,0.0,0.0,0.0,0.0,0.0,0.0,0.0,0.0,0.0,0.0,0.0,0.0,0.0,27584.767578125,0.0,190815.6875,0.0,-1233.744140625,0.0,1233.75,0.0,-4.281082078996803,0.0,0.6507740616798401,0.0,FL
325062,FL,1205,409.76220703125,2,0.0,0.0,0.0,2,0,0.0,0.0,33052.484375,6588.7177734375,26463.767578125,0.0,0.0,33052.4853515625,0.0,0.0,0.0,0.0,0.0,0.0,0.0,0.0,0.0,0.0,0.0,0.0,0.0,0.0,0.0,0.0,0.0,0.0,0.0,0.0,0.0,0.0,0.0,0.0,0.0,0.0,0.0,0.0,0.0,0.0,0.0,0.0,0.0,0.0,0.0,0.0,0.0,0.0,0.0,0.0,0.0,0.0,0.0,0.0,0.0,0.0,0.0,0.0,0.0,0.0,0.0,0.0,0.0,0.0,0.0,0.0,0.0,0.0,0.0,0.0,0.0,0.0,0.0,0.0,0.0,0.0,0.0,0.0,0.0,0.0,0.0,0.0,0.0,0.0,0.0,0.0,0.0,0.0,0.0,0.0,0.0,0.0,0.0,0.0,0.0,0.0,33052.484375,33052.4853515625,0.0,0.0,0.0,0.0,0.0,0.0,0.0,0.0,FL
325063,FL,1205,49.71916580200195,1,0.0,0.0,0.0,1,0,0.0,0.0,34559.640625,19531.525390625,0.0,0.0,0.0,19531.525390625,0.0,0.0,0.0,0.0,0.0,0.0,0.0,0.0,0.0,0.0,0.0,0.0,0.0,0.0,0.0,0.0,0.0,0.0,0.0,0.0,0.0,0.0,0.0,0.0,0.0,0.0,0.0,0.0,0.0,0.0,0.0,0.0,0.0,0.0,0.0,0.0,0.0,0.0,0.0,0.0,0.0,0.0,0.0,0.0,0.0,0.0,0.0,0.0,0.0,0.0,0.0,0.0,0.0,0.0,0.0,0.0,0.0,0.0,0.0,0.0,0.0,0.0,0.0,0.0,0.0,0.0,0.0,0.0,0.0,0.0,0.0,0.0,0.0,0.0,0.0,0.0,0.0,0.0,0.0,0.0,0.0,0.0,0.0,0.0,0.0,0.0,34559.640625,19531.525390625,0.0,0.0,0.0,0.0,0.0,0.0,0.0,0.0,FL
325064,FL,1205,41.95302200317383,1,0.0,0.0,484.7803649902344,1,0,0.0,0.0,57631.7734375,28603.2734375,0.0,0.0,0.0,28603.2734375,0.0,0.0,0.0,0.0,0.0,0.0,0.0,0.0,0.0,0.0,0.0,0.0,0.0,0.0,0.0,0.0,0.0,0.0,0.0,0.0,0.0,0.0,0.0,0.0,0.0,0.0,0.0,0.0,0.0,0.0,0.0,0.0,0.0,0.0,0.0,0.0,0.0,0.0,0.0,0.0,0.0,0.0,0.0,0.0,0.0,0.0,0.0,0.0,0.0,0.0,0.0,0.0,0.0,0.0,0.0,0.0,0.0,0.0,0.0,0.0,0.0,0.0,0.0,0.0,0.0,0.0,0.0,0.0,0.0,0.0,0.0,0.0,0.0,0.0,0.0,0.0,0.0,0.0,0.0,0.0,0.0,0.0,0.0,0.0,0.0,0.0,57631.7734375,28603.2734375,0.0,0.0,0.0,0.0,0.0,0.0,0.0,0.0,FL
325065,FL,1205,176.23878479003906,1,0.0,0.0,2.858635663986206,1,0,0.0,0.0,17522.7890625,3926.039794921875,13231.8837890625,0.0,0.0,17157.923583984375,0.0,0.0,0.0,0.0,0.0,0.0,0.0,0.0,0.0,0.0,0.0,0.0,0.0,0.0,0.0,0.0,0.0,0.0,0.0,0.0,0.0,0.0,0.0,0.0,0.0,0.0,0.0,0.0,0.0,0.0,0.0,0.0,0.0,0.0,0.0,0.0,0.0,0.0,0.0,0.0,0.0,0.0,0.0,0.0,0.0,0.0,0.0,0.0,0.0,0.0,0.0,0.0,0.0,0.0,0.0,0.0,0.0,0.0,0.0,0.0,0.0,0.0,0.0,0.0,0.0,0.0,0.0,0.0,0.0,0.0,0.0,0.0,0.0,0.0,0.0,0.0,0.0,0.0,0.0,0.0,0.0,0.0,0.0,0.0,0.0,0.0,17522.7890625,17157.923583984375,0.0,0.0,0.0,0.0,0.0,0.0,0.0,0.0,FL
325066,FL,1205,86.2447509765625,2,0.0,0.0,-60.975006103515625,1,1,0.0,0.0,37329.00390625,22864.390625,0.0,0.0,0.0,22864.390625,0.0,0.0,0.0,0.0,0.0,0.0,0.0,0.0,0.0,0.0,0.0,0.0,0.0,0.0,0.0,0.0,0.0,0.0,0.0,0.0,0.0,0.0,0.0,0.0,0.0,0.0,0.0,0.0,0.0,0.0,0.0,0.0,0.0,0.0,0.0,0.0,0.0,0.0,0.0,0.0,0.0,0.0,0.0,0.0,0.0,0.0,0.0,0.0,0.0,0.0,0.0,0.0,0.0,0.0,0.0,0.0,0.0,0.0,0.0,0.0,0.0,0.0,0.0,0.0,0.0,0.0,0.0,0.0,0.0,0.0,0.0,0.0,0.0,0.0,0.0,0.0,0.0,0.0,0.0,0.0,0.0,0.0,0.0,0.0,0.0,0.0,37329.00390625,22864.390625,0.0,0.0,0.0,0.0,0.0,0.0,0.0,0.0,FL
325067,FL,1205,0.03519783914089203,3,1.0,39016.5703125,39016.5703125,3,0,-2294.577880859375,0.0,53041.35546875,11956.8173828125,0.0,0.0,2285.38671875,14242.2041015625,0.0,0.0,0.0,0.0,-147.5,0.0,147.5,0.0,0.0,0.0,0.0,0.0,0.0,0.0,0.0,0.0,-200.0,0.0,200.0,0.0,0.0,0.0,0.0,0.0,0.0,0.0,0.0,0.0,0.0,0.0,0.0,0.0,0.0,0.0,0.0,0.0,0.0,0.0,0.0,0.0,0.0,0.0,0.0,0.0,0.0,0.0,0.0,0.0,0.0,0.0,0.0,0.0,0.0,0.0,0.0,0.0,0.0,0.0,0.0,0.0,0.0,0.0,0.0,0.0,0.0,0.0,0.0,0.0,0.0,0.0,0.0,0.0,0.0,0.0,0.0,0.0,0.0,0.0,0.0,0.0,0.0,0.0,0.0,0.0,-2642.077880859375,0.0,53388.85546875,14242.2041015625,-347.5,0.0,347.5,0.0,-15.144397708124547,0.0,0.6551491618156433,0.0,FL
325068,FL,1205,0.026724403724074364,3,0.0,52265.30859375,117115.34375,3,0,8375.71875,0.0,99817.875,0.0,0.0,0.0,0.0,0.0,-10.0,0.0,10.0,0.0,-228.0,0.0,228.0,0.0,0.0,0.0,0.0,0.0,0.0,0.0,0.0,0.0,0.0,0.0,0.0,0.0,0.0,0.0,0.0,0.0,0.0,0.0,0.0,0.0,0.0,0.0,0.0,0.0,0.0,0.0,0.0,0.0,0.0,0.0,0.0,0.0,0.0,0.0,0.0,0.0,0.0,0.0,0.0,0.0,0.0,0.0,0.0,0.0,0.0,0.0,0.0,0.0,0.0,0.0,0.0,0.0,0.0,0.0,0.0,0.0,0.0,0.0,0.0,0.0,0.0,0.0,0.0,0.0,0.0,0.0,0.0,0.0,0.0,0.0,0.0,0.0,0.0,0.0,0.0,0.0,8137.71875,0.0,100055.875,0.0,-238.0,0.0,238.0,0.0,-2.8415471806524066,0.0,0.23843425512313843,0.0,FL
325069,FL,1205,0.8620010614395142,2,0.0,58072.56640625,76130.091796875,2,0,5013.6109619140625,0.0,91723.5,17760.533203125,0.0,7149.28125,0.0,24909.814453125,-10.0,0.0,10.0,0.0,-228.0,0.0,228.0,0.0,0.0,0.0,0.0,0.0,0.0,0.0,0.0,0.0,0.0,0.0,0.0,0.0,0.0,0.0,0.0,0.0,0.0,0.0,0.0,0.0,0.0,0.0,0.0,0.0,0.0,0.0,0.0,0.0,0.0,0.0,0.0,0.0,0.0,0.0,0.0,0.0,0.0,0.0,0.0,0.0,0.0,0.0,0.0,0.0,0.0,0.0,0.0,0.0,-1583.9957275390625,0.0,1584.0,0.0,0.0,0.0,0.0,0.0,0.0,0.0,0.0,0.0,0.0,0.0,0.0,0.0,0.0,0.0,0.0,0.0,0.0,0.0,0.0,0.0,0.0,0.0,0.0,0.0,3191.615234375,0.0,93545.5,24909.814453125,-1821.9957275390625,0.0,1822.0,0.0,-36.34098739171962,0.0,1.9864048957824707,0.0,FL
325070,FL,1205,187.32176208496094,2,0.0,0.0,2084.720947265625,2,0,0.0,0.0,62498.09375,29716.1640625,0.0,0.0,0.0,29716.1640625,0.0,0.0,0.0,0.0,0.0,0.0,0.0,0.0,0.0,0.0,0.0,0.0,0.0,0.0,0.0,0.0,0.0,0.0,0.0,0.0,0.0,0.0,0.0,0.0,0.0,0.0,0.0,0.0,0.0,0.0,0.0,0.0,0.0,0.0,0.0,0.0,0.0,0.0,0.0,0.0,0.0,0.0,0.0,0.0,0.0,0.0,0.0,0.0,0.0,0.0,0.0,0.0,0.0,0.0,0.0,0.0,0.0,0.0,0.0,0.0,0.0,0.0,0.0,0.0,0.0,0.0,0.0,0.0,0.0,0.0,0.0,0.0,0.0,0.0,0.0,0.0,0.0,0.0,0.0,0.0,0.0,0.0,0.0,0.0,0.0,0.0,62498.09375,29716.1640625,0.0,0.0,0.0,0.0,0.0,0.0,0.0,0.0,FL
325071,FL,1205,0.02728014439344406,4,2.0,96117.0,198270.96875,4,0,16934.005859375,0.0,181913.828125,5965.2666015625,0.0,0.0,0.0,5965.2666015625,-230.0,0.0,230.0,0.0,0.0,0.0,0.0,0.0,0.0,0.0,0.0,0.0,0.0,0.0,0.0,0.0,0.0,0.0,0.0,0.0,0.0,0.0,0.0,0.0,0.0,0.0,0.0,0.0,0.0,0.0,0.0,0.0,0.0,0.0,0.0,0.0,0.0,0.0,0.0,0.0,0.0,0.0,0.0,0.0,0.0,0.0,0.0,0.0,0.0,0.0,0.0,0.0,0.0,0.0,0.0,0.0,0.0,0.0,0.0,0.0,0.0,0.0,0.0,0.0,0.0,0.0,0.0,0.0,0.0,0.0,0.0,0.0,0.0,0.0,0.0,0.0,0.0,0.0,0.0,0.0,0.0,0.0,0.0,0.0,16704.005859375,0.0,182143.828125,5965.2666015625,-230.0,0.0,230.0,0.0,-1.35821377357483,0.0,0.12643349170684814,0.0,FL
325072,FL,1205,0.03200249373912811,5,3.0,297653.390625,317384.8125,5,0,49045.07421875,0.0,293466.96875,0.0,0.0,0.0,0.0,0.0,-292.0,0.0,292.0,0.0,-456.0,0.0,456.0,0.0,0.0,0.0,0.0,0.0,0.0,0.0,0.0,0.0,-600.0,0.0,600.0,0.0,0.0,0.0,0.0,0.0,0.0,0.0,0.0,0.0,0.0,0.0,0.0,0.0,0.0,0.0,0.0,0.0,0.0,0.0,0.0,0.0,-77.0546875,0.0,77.0625,0.0,0.0,0.0,0.0,0.0,0.0,0.0,0.0,0.0,0.0,0.0,0.0,0.0,0.0,0.0,0.0,0.0,0.0,0.0,0.0,0.0,0.0,0.0,0.0,0.0,0.0,0.0,0.0,0.0,0.0,0.0,0.0,0.0,0.0,0.0,0.0,0.0,0.0,0.0,0.0,0.0,47620.01953125,0.0,294892.03125,0.0,-1425.0546875,0.0,1425.0625,0.0,-2.90560206136909,0.0,0.48559555411338806,0.0,FL
325073,FL,1205,0.03501133620738983,4,0.0,1753750.625,1767648.71875,4,0,549535.43359375,0.0,1173505.25,0.0,0.0,0.0,0.0,0.0,-739.0,0.0,739.0,0.0,-817.0,0.0,817.0,0.0,0.0,0.0,0.0,0.0,0.0,0.0,0.0,0.0,0.0,0.0,0.0,0.0,0.0,0.0,0.0,0.0,0.0,0.0,0.0,0.0,0.0,0.0,0.0,0.0,0.0,0.0,0.0,0.0,0.0,0.0,0.0,0.0,-740.0,0.0,740.0,0.0,0.0,0.0,0.0,0.0,0.0,0.0,0.0,0.0,0.0,0.0,0.0,0.0,0.0,0.0,0.0,0.0,0.0,0.0,0.0,0.0,0.0,0.0,0.0,0.0,0.0,0.0,0.0,0.0,0.0,0.0,0.0,0.0,0.0,0.0,0.0,0.0,0.0,0.0,0.0,0.0,547239.43359375,0.0,1175801.25,0.0,-2296.0,0.0,2296.0,0.0,-0.41780745328559515,0.0,0.19565315544605255,0.0,FL
325074,FL,1205,0.04284321144223213,4,1.0,1130004.3359375,1307427.3203125,4,0,359495.439453125,0.0,915839.75,0.0,0.0,0.0,0.0,0.0,-849.0,0.0,849.0,0.0,-912.0,0.0,912.0,0.0,0.0,0.0,0.0,0.0,0.0,0.0,0.0,0.0,0.0,0.0,0.0,0.0,0.0,0.0,0.0,0.0,0.0,0.0,0.0,0.0,0.0,0.0,0.0,0.0,0.0,0.0,0.0,0.0,0.0,0.0,0.0,0.0,-179.53125,0.0,179.5,0.0,0.0,0.0,0.0,0.0,0.0,0.0,0.0,0.0,0.0,0.0,0.0,0.0,0.0,0.0,0.0,0.0,0.0,0.0,0.0,0.0,0.0,0.0,0.0,0.0,0.0,0.0,0.0,0.0,0.0,0.0,0.0,0.0,0.0,0.0,0.0,0.0,0.0,0.0,0.0,0.0,357554.908203125,0.0,917780.25,0.0,-1940.53125,0.0,1940.5,0.0,-0.5397930090440071,0.0,0.21188205480575562,0.0,FL
325075,FL,1205,19.656269073486328,1,0.0,0.0,0.0,1,0,0.0,0.0,39984.19140625,20300.9375,0.0,0.0,0.0,20300.9375,0.0,0.0,0.0,0.0,0.0,0.0,0.0,0.0,0.0,0.0,0.0,0.0,0.0,0.0,0.0,0.0,0.0,0.0,0.0,0.0,0.0,0.0,0.0,0.0,0.0,0.0,0.0,0.0,0.0,0.0,0.0,0.0,0.0,0.0,0.0,0.0,0.0,0.0,0.0,0.0,0.0,0.0,0.0,0.0,0.0,0.0,0.0,0.0,0.0,0.0,0.0,0.0,0.0,0.0,0.0,0.0,0.0,0.0,0.0,0.0,0.0,0.0,0.0,0.0,0.0,0.0,0.0,0.0,0.0,0.0,0.0,0.0,0.0,0.0,0.0,0.0,0.0,0.0,0.0,0.0,0.0,0.0,0.0,0.0,0.0,0.0,39984.19140625,20300.9375,0.0,0.0,0.0,0.0,0.0,0.0,0.0,0.0,FL
325076,FL,1205,15.287068367004395,1,0.0,0.0,1489.50341796875,1,0,0.0,0.0,57754.65234375,28403.818359375,0.0,0.0,0.0,28403.818359375,0.0,0.0,0.0,0.0,0.0,0.0,0.0,0.0,0.0,0.0,0.0,0.0,0.0,0.0,0.0,0.0,0.0,0.0,0.0,0.0,0.0,0.0,0.0,0.0,0.0,0.0,0.0,0.0,0.0,0.0,0.0,0.0,0.0,0.0,0.0,0.0,0.0,0.0,0.0,0.0,0.0,0.0,0.0,0.0,0.0,0.0,0.0,0.0,0.0,0.0,0.0,0.0,0.0,0.0,0.0,0.0,0.0,0.0,0.0,0.0,0.0,0.0,0.0,0.0,0.0,0.0,0.0,0.0,0.0,0.0,0.0,0.0,0.0,0.0,0.0,0.0,0.0,0.0,0.0,0.0,0.0,0.0,0.0,0.0,0.0,0.0,57754.65234375,28403.818359375,0.0,0.0,0.0,0.0,0.0,0.0,0.0,0.0,FL
325077,FL,1205,25.636247634887695,1,0.0,1672.489990234375,1672.489990234375,1,0,0.0,0.0,64805.1015625,22851.400390625,0.0,18175.439453125,0.0,41026.83984375,0.0,0.0,0.0,0.0,0.0,0.0,0.0,0.0,0.0,0.0,0.0,0.0,0.0,0.0,0.0,0.0,0.0,0.0,0.0,0.0,0.0,0.0,0.0,0.0,0.0,0.0,0.0,0.0,0.0,0.0,0.0,0.0,0.0,0.0,0.0,0.0,0.0,0.0,0.0,0.0,0.0,0.0,0.0,0.0,0.0,0.0,0.0,0.0,0.0,0.0,0.0,0.0,0.0,0.0,0.0,0.0,0.0,0.0,0.0,0.0,0.0,0.0,0.0,0.0,0.0,0.0,0.0,0.0,0.0,0.0,0.0,0.0,0.0,0.0,0.0,0.0,0.0,0.0,0.0,0.0,0.0,0.0,0.0,0.0,0.0,0.0,64805.1015625,41026.83984375,0.0,0.0,0.0,0.0,0.0,0.0,0.0,0.0,FL
325078,FL,1205,68.74824523925781,1,0.0,0.0,1601.4466552734375,1,0,0.0,0.0,49495.65625,23947.10546875,0.0,0.0,0.0,23947.10546875,0.0,0.0,0.0,0.0,0.0,0.0,0.0,0.0,0.0,0.0,0.0,0.0,0.0,0.0,0.0,0.0,0.0,0.0,0.0,0.0,0.0,0.0,0.0,0.0,0.0,0.0,0.0,0.0,0.0,0.0,0.0,0.0,0.0,0.0,0.0,0.0,0.0,0.0,0.0,0.0,0.0,0.0,0.0,0.0,0.0,0.0,0.0,0.0,0.0,0.0,0.0,0.0,0.0,0.0,0.0,0.0,0.0,0.0,0.0,0.0,0.0,0.0,0.0,0.0,0.0,0.0,0.0,0.0,0.0,0.0,0.0,0.0,0.0,0.0,0.0,0.0,0.0,0.0,0.0,0.0,0.0,0.0,0.0,0.0,0.0,0.0,49495.65625,23947.10546875,0.0,0.0,0.0,0.0,0.0,0.0,0.0,0.0,FL
325079,FL,1205,20.194538116455078,1,0.0,0.0,0.0,1,0,0.0,0.0,33706.12890625,17161.90625,0.0,0.0,0.0,17161.90625,0.0,0.0,0.0,0.0,0.0,0.0,0.0,0.0,0.0,0.0,0.0,0.0,0.0,0.0,0.0,0.0,0.0,0.0,0.0,0.0,0.0,0.0,0.0,0.0,0.0,0.0,0.0,0.0,0.0,0.0,0.0,0.0,0.0,0.0,0.0,0.0,0.0,0.0,0.0,0.0,0.0,0.0,0.0,0.0,0.0,0.0,0.0,0.0,0.0,0.0,0.0,0.0,0.0,0.0,0.0,0.0,0.0,0.0,0.0,0.0,0.0,0.0,0.0,0.0,0.0,0.0,0.0,0.0,0.0,0.0,0.0,0.0,0.0,0.0,0.0,0.0,0.0,0.0,0.0,0.0,0.0,0.0,0.0,0.0,0.0,0.0,33706.12890625,17161.90625,0.0,0.0,0.0,0.0,0.0,0.0,0.0,0.0,FL
325080,FL,1205,0.07934320718050003,2,0.0,0.0,148901.421875,2,0,15020.3125,0.0,202789.171875,52578.77734375,0.0,0.0,0.0,52578.77734375,-230.0,0.0,230.0,0.0,-418.0,0.0,418.0,0.0,0.0,0.0,0.0,0.0,0.0,0.0,0.0,0.0,0.0,0.0,0.0,0.0,0.0,0.0,0.0,0.0,0.0,0.0,0.0,0.0,0.0,0.0,0.0,0.0,0.0,0.0,0.0,0.0,0.0,0.0,0.0,0.0,0.0,0.0,0.0,0.0,0.0,0.0,0.0,0.0,0.0,0.0,0.0,0.0,0.0,0.0,0.0,0.0,0.0,0.0,0.0,0.0,0.0,0.0,0.0,0.0,-2640.0,0.0,2640.0,0.0,0.0,0.0,0.0,0.0,0.0,0.0,0.0,0.0,0.0,0.0,0.0,0.0,0.0,0.0,0.0,0.0,11732.3125,0.0,206077.171875,52578.77734375,-3288.0,0.0,3288.0,0.0,-21.890356808488505,0.0,1.62138831615448,0.0,FL
325081,FL,1205,0.08357052505016327,3,0.0,19428.7578125,25867.5,3,0,422.3759765625,0.0,89273.015625,32332.0234375,0.0,0.0,0.0,32332.0234375,0.0,0.0,0.0,0.0,-95.0,0.0,95.0,0.0,0.0,0.0,0.0,0.0,0.0,0.0,0.0,0.0,0.0,0.0,0.0,0.0,0.0,0.0,0.0,0.0,0.0,0.0,0.0,0.0,0.0,0.0,0.0,0.0,0.0,0.0,0.0,0.0,0.0,0.0,0.0,0.0,0.0,0.0,0.0,0.0,0.0,0.0,0.0,0.0,0.0,0.0,0.0,0.0,0.0,0.0,0.0,0.0,0.0,0.0,0.0,0.0,0.0,0.0,0.0,0.0,0.0,0.0,0.0,0.0,0.0,0.0,0.0,0.0,0.0,0.0,0.0,0.0,0.0,0.0,0.0,0.0,0.0,0.0,0.0,0.0,327.3759765625,0.0,89368.015625,32332.0234375,-95.0,0.0,95.0,0.0,-22.49180949474351,0.0,0.10641513019800186,0.0,FL
325082,FL,1205,0.03264910355210304,1,0.0,62151.4453125,62980.37109375,0,1,5496.64453125,0.0,56009.05078125,0.0,0.0,0.0,0.0,0.0,-5.0,0.0,5.0,0.0,-114.0,0.0,114.0,0.0,0.0,0.0,0.0,0.0,0.0,0.0,0.0,0.0,0.0,0.0,0.0,0.0,0.0,0.0,0.0,0.0,0.0,0.0,0.0,0.0,0.0,0.0,0.0,0.0,0.0,0.0,0.0,0.0,0.0,0.0,0.0,0.0,0.0,0.0,0.0,0.0,0.0,0.0,0.0,0.0,0.0,0.0,0.0,0.0,0.0,0.0,0.0,0.0,0.0,0.0,0.0,0.0,0.0,0.0,0.0,0.0,0.0,0.0,0.0,0.0,-267.76171875,0.0,267.76171875,0.0,0.0,0.0,0.0,0.0,0.0,0.0,0.0,0.0,0.0,0.0,0.0,0.0,5109.8828125,0.0,56395.8125,0.0,-386.76171875,0.0,386.76171875,0.0,-7.036324007331177,0.0,0.6905343532562256,0.0,FL
325083,FL,1205,165.88421630859375,1,0.0,0.0,0.0,1,0,0.0,0.0,39665.80859375,15918.16796875,13231.8837890625,0.0,0.0,29150.0517578125,0.0,0.0,0.0,0.0,0.0,0.0,0.0,0.0,0.0,0.0,0.0,0.0,0.0,0.0,0.0,0.0,0.0,0.0,0.0,0.0,0.0,0.0,0.0,0.0,0.0,0.0,0.0,0.0,0.0,0.0,0.0,0.0,0.0,0.0,0.0,0.0,0.0,0.0,0.0,0.0,0.0,0.0,0.0,0.0,0.0,0.0,0.0,0.0,0.0,0.0,0.0,0.0,0.0,0.0,0.0,0.0,0.0,0.0,0.0,0.0,0.0,0.0,0.0,0.0,0.0,0.0,0.0,0.0,0.0,0.0,0.0,0.0,0.0,0.0,0.0,0.0,0.0,0.0,0.0,0.0,0.0,0.0,0.0,0.0,0.0,0.0,39665.80859375,29150.0517578125,0.0,0.0,0.0,0.0,0.0,0.0,0.0,0.0,FL
325084,FL,1205,0.12088027596473694,2,0.0,0.0,127413.4296875,2,0,10041.1650390625,0.0,161537.0625,40545.82421875,0.0,0.0,0.0,40545.82421875,-10.0,0.0,10.0,0.0,0.0,0.0,0.0,0.0,0.0,0.0,0.0,0.0,0.0,0.0,0.0,0.0,0.0,0.0,0.0,0.0,0.0,0.0,0.0,0.0,0.0,0.0,0.0,0.0,0.0,0.0,0.0,0.0,0.0,0.0,0.0,0.0,0.0,0.0,0.0,0.0,-185.1435546875,0.0,185.15625,0.0,0.0,0.0,0.0,0.0,0.0,0.0,0.0,0.0,-579.2138671875,0.0,579.203125,0.0,0.0,0.0,0.0,0.0,0.0,0.0,0.0,0.0,0.0,0.0,0.0,0.0,-181.5869140625,0.0,181.59375,0.0,0.0,0.0,0.0,0.0,0.0,0.0,0.0,0.0,0.0,0.0,0.0,0.0,9085.220703125,0.0,162493.015625,40545.82421875,-955.9443359375,0.0,955.953125,0.0,-9.520253199889167,0.0,0.5917856693267822,0.0,FL
325085,FL,1205,87.79736328125,1,0.0,0.0,0.0,1,0,0.0,0.0,28931.755859375,15699.8720703125,13231.8837890625,0.0,0.0,28931.755859375,0.0,0.0,0.0,0.0,0.0,0.0,0.0,0.0,0.0,0.0,0.0,0.0,0.0,0.0,0.0,0.0,0.0,0.0,0.0,0.0,0.0,0.0,0.0,0.0,0.0,0.0,0.0,0.0,0.0,0.0,0.0,0.0,0.0,0.0,0.0,0.0,0.0,0.0,0.0,0.0,0.0,0.0,0.0,0.0,0.0,0.0,0.0,0.0,0.0,0.0,0.0,0.0,0.0,0.0,0.0,0.0,0.0,0.0,0.0,0.0,0.0,0.0,0.0,0.0,0.0,0.0,0.0,0.0,0.0,0.0,0.0,0.0,0.0,0.0,0.0,0.0,0.0,0.0,0.0,0.0,0.0,0.0,0.0,0.0,0.0,0.0,28931.755859375,28931.755859375,0.0,0.0,0.0,0.0,0.0,0.0,0.0,0.0,FL
325086,FL,1205,169.86187744140625,1,0.0,13799.6142578125,16786.86328125,1,0,0.0,0.0,48807.28125,18038.8046875,0.0,0.0,0.0,18038.8046875,0.0,0.0,0.0,0.0,0.0,0.0,0.0,0.0,0.0,0.0,0.0,0.0,0.0,0.0,0.0,0.0,0.0,0.0,0.0,0.0,0.0,0.0,0.0,0.0,0.0,0.0,0.0,0.0,0.0,0.0,0.0,0.0,0.0,0.0,0.0,0.0,0.0,0.0,0.0,0.0,0.0,0.0,0.0,0.0,0.0,0.0,0.0,0.0,0.0,0.0,0.0,0.0,0.0,0.0,0.0,0.0,0.0,0.0,0.0,0.0,0.0,0.0,0.0,0.0,0.0,0.0,0.0,0.0,0.0,0.0,0.0,0.0,0.0,0.0,0.0,0.0,0.0,0.0,0.0,0.0,0.0,0.0,0.0,0.0,0.0,0.0,48807.28125,18038.8046875,0.0,0.0,0.0,0.0,0.0,0.0,0.0,0.0,FL
325087,FL,1205,0.05159324035048485,4,2.0,623758.421875,705616.8125,3,1,177759.015625,0.0,569175.875,0.0,0.0,0.0,0.0,0.0,-749.0,0.0,749.0,0.0,-665.0,0.0,665.0,0.0,0.0,0.0,0.0,0.0,0.0,0.0,0.0,0.0,0.0,0.0,0.0,0.0,0.0,0.0,0.0,0.0,0.0,0.0,0.0,0.0,0.0,0.0,0.0,0.0,0.0,0.0,0.0,0.0,0.0,0.0,0.0,0.0,-2.453125,0.0,2.5,0.0,0.0,0.0,0.0,0.0,0.0,0.0,0.0,0.0,0.0,0.0,0.0,0.0,0.0,0.0,0.0,0.0,0.0,0.0,0.0,0.0,0.0,0.0,0.0,0.0,0.0,0.0,0.0,0.0,0.0,0.0,0.0,0.0,0.0,0.0,0.0,0.0,0.0,0.0,0.0,0.0,176342.5625,0.0,570592.375,0.0,-1416.453125,0.0,1416.5,0.0,-0.7968389788949698,0.0,0.24886859953403473,0.0,FL
325088,FL,1205,100.34274291992188,1,0.0,0.0,0.0,1,0,0.0,0.0,56227.78125,30069.185546875,0.0,0.0,0.0,30069.185546875,0.0,0.0,0.0,0.0,0.0,0.0,0.0,0.0,0.0,0.0,0.0,0.0,0.0,0.0,0.0,0.0,0.0,0.0,0.0,0.0,0.0,0.0,0.0,0.0,0.0,0.0,0.0,0.0,0.0,0.0,0.0,0.0,0.0,0.0,0.0,0.0,0.0,0.0,0.0,0.0,0.0,0.0,0.0,0.0,0.0,0.0,0.0,0.0,0.0,0.0,0.0,0.0,0.0,0.0,0.0,0.0,0.0,0.0,0.0,0.0,0.0,0.0,0.0,0.0,0.0,0.0,0.0,0.0,0.0,0.0,0.0,0.0,0.0,0.0,0.0,0.0,0.0,0.0,0.0,0.0,0.0,0.0,0.0,0.0,0.0,0.0,56227.78125,30069.185546875,0.0,0.0,0.0,0.0,0.0,0.0,0.0,0.0,FL
325089,FL,1205,0.4389432370662689,4,2.0,75884.21484375,84001.046875,4,0,1177.5341796875,0.0,95339.796875,8116.0087890625,0.0,3788.7998046875,0.0,11904.80859375,-10.0,0.0,10.0,0.0,0.0,0.0,0.0,0.0,0.0,0.0,0.0,0.0,0.0,0.0,0.0,0.0,-400.0,0.0,400.0,0.0,0.0,0.0,0.0,0.0,0.0,0.0,0.0,0.0,0.0,0.0,0.0,0.0,0.0,0.0,0.0,0.0,0.0,0.0,0.0,0.0,0.0,0.0,0.0,0.0,0.0,0.0,0.0,0.0,0.0,0.0,0.0,0.0,-2137.60986328125,0.0,2137.6171875,0.0,0.0,0.0,0.0,0.0,0.0,0.0,0.0,0.0,0.0,0.0,0.0,0.0,-124.516357421875,0.0,124.515625,0.0,0.0,0.0,0.0,0.0,0.0,0.0,0.0,0.0,0.0,0.0,0.0,0.0,-1494.592041015625,0.0,98011.9296875,11904.80859375,-2672.126220703125,0.0,2672.1328125,0.0,-226.92557607221792,0.0,2.802746534347534,0.0,FL
325090,FL,1205,0.041640620678663254,2,0.0,428611.34375,429166.25,2,0,81329.890625,0.0,320515.1875,0.0,0.0,0.0,0.0,0.0,-387.234375,0.0,387.25,0.0,-456.0,0.0,456.0,0.0,0.0,0.0,0.0,0.0,0.0,0.0,0.0,0.0,0.0,0.0,0.0,0.0,0.0,0.0,0.0,0.0,0.0,0.0,0.0,0.0,0.0,0.0,0.0,0.0,0.0,0.0,0.0,0.0,0.0,0.0,0.0,0.0,0.0,0.0,0.0,0.0,0.0,0.0,0.0,0.0,0.0,0.0,0.0,0.0,0.0,0.0,0.0,0.0,0.0,0.0,0.0,0.0,0.0,0.0,0.0,0.0,0.0,0.0,0.0,0.0,0.0,0.0,0.0,0.0,0.0,0.0,0.0,0.0,0.0,0.0,0.0,0.0,0.0,0.0,0.0,0.0,80486.65625,0.0,321358.4375,0.0,-843.234375,0.0,843.25,0.0,-1.0368074622011088,0.0,0.2630920708179474,0.0,FL
325091,FL,1205,178.6829071044922,1,0.0,0.0,0.0,1,0,0.0,0.0,27563.44140625,14331.556640625,13231.8837890625,0.0,0.0,27563.4404296875,0.0,0.0,0.0,0.0,0.0,0.0,0.0,0.0,0.0,0.0,0.0,0.0,0.0,0.0,0.0,0.0,0.0,0.0,0.0,0.0,0.0,0.0,0.0,0.0,0.0,0.0,0.0,0.0,0.0,0.0,0.0,0.0,0.0,0.0,0.0,0.0,0.0,0.0,0.0,0.0,0.0,0.0,0.0,0.0,0.0,0.0,0.0,0.0,0.0,0.0,0.0,0.0,0.0,0.0,0.0,0.0,0.0,0.0,0.0,0.0,0.0,0.0,0.0,0.0,0.0,0.0,0.0,0.0,0.0,0.0,0.0,0.0,0.0,0.0,0.0,0.0,0.0,0.0,0.0,0.0,0.0,0.0,0.0,0.0,0.0,0.0,27563.44140625,27563.4404296875,0.0,0.0,0.0,0.0,0.0,0.0,0.0,0.0,FL
325092,FL,1205,0.027787022292613983,2,0.0,251064.109375,441907.125,2,0,91939.109375,0.0,469476.75,0.0,0.0,0.0,0.0,0.0,-764.0,0.0,764.0,0.0,-608.0,0.0,608.0,0.0,0.0,0.0,0.0,0.0,0.0,0.0,0.0,0.0,0.0,0.0,0.0,0.0,0.0,0.0,0.0,0.0,0.0,0.0,0.0,0.0,0.0,0.0,0.0,0.0,0.0,0.0,0.0,0.0,0.0,0.0,0.0,0.0,-478.1171875,0.0,478.125,0.0,0.0,0.0,0.0,0.0,0.0,0.0,0.0,0.0,0.0,0.0,0.0,0.0,0.0,0.0,0.0,0.0,0.0,0.0,0.0,0.0,0.0,0.0,0.0,0.0,0.0,0.0,0.0,0.0,0.0,0.0,0.0,0.0,0.0,0.0,0.0,0.0,0.0,0.0,0.0,0.0,90088.9921875,0.0,471326.875,0.0,-1850.1171875,0.0,1850.125,0.0,-2.0123288120551255,0.0,0.39408233761787415,0.0,FL
325093,FL,1205,132.24990844726562,2,0.0,0.0,1013.406005859375,2,0,0.0,0.0,83858.3671875,41220.59375,0.0,0.0,0.0,41220.59375,0.0,0.0,0.0,0.0,0.0,0.0,0.0,0.0,0.0,0.0,0.0,0.0,0.0,0.0,0.0,0.0,0.0,0.0,0.0,0.0,0.0,0.0,0.0,0.0,0.0,0.0,0.0,0.0,0.0,0.0,0.0,0.0,0.0,0.0,0.0,0.0,0.0,0.0,0.0,0.0,0.0,0.0,0.0,0.0,0.0,0.0,0.0,0.0,0.0,0.0,0.0,0.0,0.0,0.0,0.0,0.0,0.0,0.0,0.0,0.0,0.0,0.0,0.0,0.0,0.0,0.0,0.0,0.0,0.0,0.0,0.0,0.0,0.0,0.0,0.0,0.0,0.0,0.0,0.0,0.0,0.0,0.0,0.0,0.0,0.0,0.0,83858.3671875,41220.59375,0.0,0.0,0.0,0.0,0.0,0.0,0.0,0.0,FL
325094,FL,1205,0.03404104709625244,5,3.0,108751.55078125,1924915.0,5,0,486815.65625,0.0,1482939.5,0.0,0.0,0.0,0.0,0.0,0.0,0.0,0.0,0.0,0.0,0.0,0.0,0.0,0.0,0.0,0.0,0.0,0.0,0.0,0.0,0.0,0.0,0.0,0.0,0.0,0.0,0.0,0.0,0.0,-1400.0,0.0,1400.0,0.0,0.0,0.0,0.0,0.0,0.0,0.0,0.0,0.0,0.0,0.0,0.0,0.0,0.0,0.0,0.0,0.0,0.0,0.0,0.0,0.0,0.0,0.0,0.0,0.0,0.0,0.0,0.0,0.0,0.0,0.0,0.0,0.0,0.0,0.0,0.0,0.0,0.0,0.0,0.0,0.0,0.0,0.0,0.0,0.0,0.0,0.0,0.0,0.0,0.0,0.0,0.0,0.0,0.0,0.0,0.0,0.0,485415.65625,0.0,1484339.5,0.0,-1400.0,0.0,1400.0,0.0,-0.28758319130168686,0.0,0.0944070890545845,0.0,FL
325095,FL,1205,0.03285277634859085,5,3.0,224797.28125,231473.328125,5,0,27454.5234375,0.0,188815.484375,0.0,0.0,0.0,0.0,0.0,-230.0,0.0,230.0,0.0,-418.0,0.0,418.0,0.0,0.0,0.0,0.0,0.0,0.0,0.0,0.0,0.0,-600.0,0.0,600.0,0.0,0.0,0.0,0.0,0.0,-835.046875,0.0,835.046875,0.0,0.0,0.0,0.0,0.0,0.0,0.0,0.0,0.0,0.0,0.0,0.0,0.0,-341.8203125,0.0,341.8125,0.0,0.0,0.0,0.0,0.0,0.0,0.0,0.0,0.0,0.0,0.0,0.0,0.0,-5500.0,0.0,5500.0,0.0,0.0,0.0,0.0,0.0,0.0,0.0,0.0,0.0,0.0,0.0,0.0,0.0,0.0,0.0,0.0,0.0,0.0,0.0,0.0,0.0,0.0,0.0,0.0,0.0,19529.65625,0.0,196740.34375,0.0,-7924.8671875,0.0,7924.859375,0.0,-28.865433434096555,0.0,4.197144985198975,0.0,FL
325096,FL,1205,0.17537610232830048,4,2.0,74926.328125,102850.3515625,4,0,3490.0341796875,0.0,95677.3203125,0.0,0.0,0.0,0.0,0.0,-10.0,0.0,10.0,0.0,-228.0,0.0,228.0,0.0,0.0,0.0,0.0,0.0,0.0,0.0,0.0,0.0,-400.0,0.0,400.0,0.0,0.0,0.0,0.0,0.0,0.0,0.0,0.0,0.0,0.0,0.0,0.0,0.0,0.0,0.0,0.0,0.0,0.0,0.0,0.0,0.0,0.0,0.0,0.0,0.0,0.0,0.0,0.0,0.0,0.0,0.0,0.0,0.0,0.0,0.0,0.0,0.0,0.0,0.0,0.0,0.0,0.0,0.0,0.0,0.0,0.0,0.0,0.0,0.0,-576.27685546875,0.0,576.2734375,0.0,0.0,0.0,0.0,0.0,0.0,0.0,0.0,0.0,0.0,0.0,0.0,0.0,2275.75732421875,0.0,96891.59375,0.0,-1214.27685546875,0.0,1214.2734375,0.0,-34.79269236204091,0.0,1.2691340446472168,0.0,FL
325097,FL,1205,151.73048400878906,2,0.0,0.0,471.5440216064453,2,0,0.0,0.0,80477.1640625,39891.859375,0.0,0.0,0.0,39891.859375,0.0,0.0,0.0,0.0,0.0,0.0,0.0,0.0,0.0,0.0,0.0,0.0,0.0,0.0,0.0,0.0,0.0,0.0,0.0,0.0,0.0,0.0,0.0,0.0,0.0,0.0,0.0,0.0,0.0,0.0,0.0,0.0,0.0,0.0,0.0,0.0,0.0,0.0,0.0,0.0,0.0,0.0,0.0,0.0,0.0,0.0,0.0,0.0,0.0,0.0,0.0,0.0,0.0,0.0,0.0,0.0,0.0,0.0,0.0,0.0,0.0,0.0,0.0,0.0,0.0,0.0,0.0,0.0,0.0,0.0,0.0,0.0,0.0,0.0,0.0,0.0,0.0,0.0,0.0,0.0,0.0,0.0,0.0,0.0,0.0,0.0,80477.1640625,39891.859375,0.0,0.0,0.0,0.0,0.0,0.0,0.0,0.0,FL
325098,FL,1205,27.846181869506836,2,1.0,0.0,0.0,2,0,0.0,0.0,27614.748046875,21569.046875,6045.700927734375,0.0,0.0,27614.747802734375,0.0,0.0,0.0,0.0,0.0,0.0,0.0,0.0,0.0,0.0,0.0,0.0,0.0,0.0,0.0,0.0,0.0,0.0,0.0,0.0,0.0,0.0,0.0,0.0,0.0,0.0,0.0,0.0,0.0,0.0,0.0,0.0,0.0,0.0,0.0,0.0,0.0,0.0,0.0,0.0,0.0,0.0,0.0,0.0,0.0,0.0,0.0,0.0,0.0,0.0,0.0,0.0,0.0,0.0,0.0,0.0,0.0,0.0,0.0,0.0,0.0,0.0,0.0,0.0,0.0,0.0,0.0,0.0,0.0,0.0,0.0,0.0,0.0,0.0,0.0,0.0,0.0,0.0,0.0,0.0,0.0,0.0,0.0,0.0,0.0,0.0,27614.748046875,27614.747802734375,0.0,0.0,0.0,0.0,0.0,0.0,0.0,0.0,FL
325099,FL,1205,0.0585733987390995,3,1.0,159046.3203125,214515.46875,3,0,26074.33203125,0.0,214568.109375,16570.185546875,0.0,0.0,0.0,16570.185546875,-230.0,0.0,230.0,0.0,-418.0,0.0,418.0,0.0,0.0,0.0,0.0,0.0,0.0,0.0,0.0,0.0,-200.0,0.0,200.0,0.0,0.0,0.0,0.0,0.0,-782.12109375,0.0,782.125,0.0,0.0,0.0,0.0,0.0,0.0,0.0,0.0,0.0,0.0,0.0,0.0,0.0,-440.0,0.0,440.0,0.0,0.0,0.0,0.0,0.0,0.0,0.0,0.0,0.0,0.0,0.0,0.0,0.0,0.0,0.0,0.0,0.0,-855.435546875,0.0,855.421875,0.0,0.0,0.0,0.0,0.0,0.0,0.0,0.0,0.0,0.0,0.0,0.0,0.0,0.0,0.0,0.0,0.0,0.0,0.0,0.0,0.0,23148.775390625,0.0,217493.65625,16570.185546875,-2925.556640625,0.0,2925.546875,0.0,-11.220063613206774,0.0,1.3634583950042725,0.0,FL
325100,FL,1205,0.03611895442008972,2,0.0,48307.62109375,51636.349609375,2,0,1928.6348876953125,0.0,83990.375,18964.982421875,0.0,0.0,0.0,18964.982421875,0.0,0.0,0.0,0.0,-189.99993896484375,0.0,190.0,0.0,0.0,0.0,0.0,0.0,0.0,0.0,0.0,0.0,0.0,0.0,0.0,0.0,0.0,0.0,0.0,0.0,0.0,0.0,0.0,0.0,0.0,0.0,0.0,0.0,0.0,0.0,0.0,0.0,0.0,0.0,0.0,0.0,0.0,0.0,0.0,0.0,0.0,0.0,0.0,0.0,0.0,0.0,0.0,0.0,0.0,0.0,0.0,0.0,0.0,0.0,0.0,0.0,0.0,0.0,0.0,0.0,-599.9999694824219,0.0,600.0,0.0,0.0,0.0,0.0,0.0,0.0,0.0,0.0,0.0,0.0,0.0,0.0,0.0,0.0,0.0,0.0,0.0,1138.6349792480469,0.0,84780.375,18964.982421875,-789.9999084472656,0.0,790.0,0.0,-40.961610385017075,0.0,0.9405839443206787,0.0,FL
325101,FL,1205,62.96104431152344,1,0.0,0.0,1.6545404195785522,1,0,0.0,0.0,41121.56640625,20559.56640625,0.0,0.0,0.0,20559.56640625,0.0,0.0,0.0,0.0,0.0,0.0,0.0,0.0,0.0,0.0,0.0,0.0,0.0,0.0,0.0,0.0,0.0,0.0,0.0,0.0,0.0,0.0,0.0,0.0,0.0,0.0,0.0,0.0,0.0,0.0,0.0,0.0,0.0,0.0,0.0,0.0,0.0,0.0,0.0,0.0,0.0,0.0,0.0,0.0,0.0,0.0,0.0,0.0,0.0,0.0,0.0,0.0,0.0,0.0,0.0,0.0,0.0,0.0,0.0,0.0,0.0,0.0,0.0,0.0,0.0,0.0,0.0,0.0,0.0,0.0,0.0,0.0,0.0,0.0,0.0,0.0,0.0,0.0,0.0,0.0,0.0,0.0,0.0,0.0,0.0,0.0,41121.56640625,20559.56640625,0.0,0.0,0.0,0.0,0.0,0.0,0.0,0.0,FL
325102,FL,1205,0.03930641710758209,2,0.0,0.0,49132.52734375,2,0,1553.252685546875,0.0,114422.71875,40922.94140625,0.0,0.0,0.0,40922.94140625,0.0,0.0,0.0,0.0,-190.0,0.0,190.0,0.0,0.0,0.0,0.0,0.0,0.0,0.0,0.0,0.0,0.0,0.0,0.0,0.0,0.0,0.0,0.0,0.0,0.0,0.0,0.0,0.0,0.0,0.0,0.0,0.0,0.0,0.0,0.0,0.0,0.0,0.0,0.0,0.0,-200.0,0.0,200.0,0.0,0.0,0.0,0.0,0.0,0.0,0.0,0.0,0.0,0.0,0.0,0.0,0.0,0.0,0.0,0.0,0.0,0.0,0.0,0.0,0.0,-1163.252685546875,0.0,1163.25,0.0,0.0,0.0,0.0,0.0,0.0,0.0,0.0,0.0,0.0,0.0,0.0,0.0,0.0,0.0,0.0,0.0,0.0,0.0,115975.96875,40922.94140625,-1553.252685546875,0.0,1553.25,0.0,-100.0,0.0,1.357466459274292,0.0,FL
325103,FL,1205,0.07157313078641891,1,0.0,0.0,6961.771484375,1,0,0.0,0.0,51177.1171875,22416.513671875,0.0,0.0,0.0,22416.513671875,0.0,0.0,0.0,0.0,0.0,0.0,0.0,0.0,0.0,0.0,0.0,0.0,0.0,0.0,0.0,0.0,0.0,0.0,0.0,0.0,0.0,0.0,0.0,0.0,0.0,0.0,0.0,0.0,0.0,0.0,0.0,0.0,0.0,0.0,0.0,0.0,0.0,0.0,0.0,0.0,0.0,0.0,0.0,0.0,0.0,0.0,0.0,0.0,0.0,0.0,0.0,0.0,0.0,0.0,0.0,0.0,0.0,0.0,0.0,0.0,0.0,0.0,0.0,0.0,0.0,0.0,0.0,0.0,0.0,0.0,0.0,0.0,0.0,0.0,0.0,0.0,0.0,0.0,0.0,0.0,0.0,0.0,0.0,0.0,0.0,0.0,51177.1171875,22416.513671875,0.0,0.0,0.0,0.0,0.0,0.0,0.0,0.0,FL
325104,FL,1205,75.259033203125,1,0.0,0.0,0.0,1,0,0.0,0.0,68038.5078125,34019.25390625,0.0,0.0,0.0,34019.25390625,0.0,0.0,0.0,0.0,0.0,0.0,0.0,0.0,0.0,0.0,0.0,0.0,0.0,0.0,0.0,0.0,0.0,0.0,0.0,0.0,0.0,0.0,0.0,0.0,0.0,0.0,0.0,0.0,0.0,0.0,0.0,0.0,0.0,0.0,0.0,0.0,0.0,0.0,0.0,0.0,0.0,0.0,0.0,0.0,0.0,0.0,0.0,0.0,0.0,0.0,0.0,0.0,0.0,0.0,0.0,0.0,0.0,0.0,0.0,0.0,0.0,0.0,0.0,0.0,0.0,0.0,0.0,0.0,0.0,0.0,0.0,0.0,0.0,0.0,0.0,0.0,0.0,0.0,0.0,0.0,0.0,0.0,0.0,0.0,0.0,0.0,68038.5078125,34019.25390625,0.0,0.0,0.0,0.0,0.0,0.0,0.0,0.0,FL
325105,FL,1205,0.034520719200372696,2,0.0,216111.078125,835186.375,2,0,238949.03125,0.0,593572.75,0.0,0.0,0.0,0.0,0.0,-734.0,0.0,734.0,0.0,0.0,0.0,0.0,0.0,0.0,0.0,0.0,0.0,0.0,0.0,0.0,0.0,0.0,0.0,0.0,0.0,0.0,0.0,0.0,0.0,-1850.0,0.0,1850.0,0.0,0.0,0.0,0.0,0.0,0.0,0.0,0.0,0.0,0.0,0.0,0.0,0.0,0.0,0.0,0.0,0.0,0.0,0.0,0.0,0.0,0.0,0.0,0.0,0.0,0.0,0.0,0.0,0.0,0.0,0.0,0.0,0.0,0.0,0.0,0.0,0.0,0.0,0.0,0.0,0.0,0.0,0.0,0.0,0.0,0.0,0.0,0.0,0.0,0.0,0.0,0.0,0.0,0.0,0.0,0.0,0.0,236365.03125,0.0,596156.75,0.0,-2584.0,0.0,2584.0,0.0,-1.0814021661784827,0.0,0.43532997369766235,0.0,FL
325106,FL,1205,0.04258525371551514,5,0.0,249022.80859375,260022.64453125,5,0,23354.77587890625,0.0,227532.9375,0.0,0.0,7467.96044921875,0.0,7467.96044921875,-240.0,0.0,240.0,0.0,-523.18359375,0.0,523.171875,0.0,0.0,0.0,0.0,0.0,0.0,0.0,0.0,0.0,0.0,0.0,0.0,0.0,0.0,0.0,0.0,0.0,0.0,0.0,0.0,0.0,0.0,0.0,0.0,0.0,0.0,0.0,0.0,0.0,0.0,0.0,0.0,0.0,-240.0,0.0,240.0,0.0,0.0,0.0,0.0,0.0,0.0,0.0,0.0,0.0,0.0,0.0,0.0,0.0,0.0,0.0,0.0,0.0,0.0,0.0,0.0,0.0,-2436.4853515625,0.0,2436.5,0.0,-172.544921875,0.0,172.53125,0.0,0.0,0.0,0.0,0.0,0.0,0.0,0.0,0.0,0.0,0.0,0.0,0.0,19742.56201171875,0.0,231145.140625,7467.96044921875,-3612.2138671875,0.0,3612.203125,0.0,-15.46670319559781,0.0,1.5875518321990967,0.0,FL
325107,FL,1205,150.78787231445312,1,0.0,13937.416015625,13937.416015625,1,0,0.0,0.0,15753.5439453125,2882.340087890625,0.0,0.0,0.0,2882.340087890625,0.0,0.0,0.0,0.0,0.0,0.0,0.0,0.0,0.0,0.0,0.0,0.0,0.0,0.0,0.0,0.0,0.0,0.0,0.0,0.0,0.0,0.0,0.0,0.0,0.0,0.0,0.0,0.0,0.0,0.0,0.0,0.0,0.0,0.0,0.0,0.0,0.0,0.0,0.0,0.0,0.0,0.0,0.0,0.0,0.0,0.0,0.0,0.0,0.0,0.0,0.0,0.0,0.0,0.0,0.0,0.0,0.0,0.0,0.0,0.0,0.0,0.0,0.0,0.0,0.0,0.0,0.0,0.0,0.0,0.0,0.0,0.0,0.0,0.0,0.0,0.0,0.0,0.0,0.0,0.0,0.0,0.0,0.0,0.0,0.0,0.0,15753.5439453125,2882.340087890625,0.0,0.0,0.0,0.0,0.0,0.0,0.0,0.0,FL
325108,FL,1205,0.06732292473316193,1,0.0,21722.625,22144.533203125,1,0,699.4533081054688,0.0,20599.52734375,617.6831665039062,0.0,0.0,0.0,617.6831665039062,0.0,0.0,0.0,0.0,-95.0,0.0,95.0,0.0,0.0,0.0,0.0,0.0,0.0,0.0,0.0,0.0,0.0,0.0,0.0,0.0,0.0,0.0,0.0,0.0,0.0,0.0,0.0,0.0,0.0,0.0,0.0,0.0,0.0,0.0,0.0,0.0,0.0,0.0,0.0,0.0,-59.66424560546875,0.0,59.6640625,0.0,0.0,0.0,0.0,0.0,0.0,0.0,0.0,0.0,0.0,0.0,0.0,0.0,0.0,0.0,0.0,0.0,0.0,0.0,0.0,0.0,0.0,0.0,0.0,0.0,0.0,0.0,0.0,0.0,0.0,0.0,0.0,0.0,0.0,0.0,0.0,0.0,0.0,0.0,0.0,0.0,544.7890625,0.0,20754.19140625,617.6831665039062,-154.66424560546875,0.0,154.6640625,0.0,-22.112161571497968,0.0,0.7508136034011841,0.0,FL
325109,FL,1205,82.55232238769531,3,2.0,0.0,0.0,3,0,0.0,0.0,71383.140625,29835.666015625,13231.8837890625,0.0,0.0,43067.5498046875,0.0,0.0,0.0,0.0,0.0,0.0,0.0,0.0,0.0,0.0,0.0,0.0,0.0,0.0,0.0,0.0,0.0,0.0,0.0,0.0,0.0,0.0,0.0,0.0,0.0,0.0,0.0,0.0,0.0,0.0,0.0,0.0,0.0,0.0,0.0,0.0,0.0,0.0,0.0,0.0,0.0,0.0,0.0,0.0,0.0,0.0,0.0,0.0,0.0,0.0,0.0,0.0,0.0,0.0,0.0,0.0,0.0,0.0,0.0,0.0,0.0,0.0,0.0,0.0,0.0,0.0,0.0,0.0,0.0,0.0,0.0,0.0,0.0,0.0,0.0,0.0,0.0,0.0,0.0,0.0,0.0,0.0,0.0,0.0,0.0,0.0,71383.140625,43067.5498046875,0.0,0.0,0.0,0.0,0.0,0.0,0.0,0.0,FL
325110,FL,1205,0.045644257217645645,2,0.0,0.0,45667.7265625,2,0,1016.5257568359375,0.0,106975.6796875,37471.09765625,0.0,0.0,0.0,37471.09765625,0.0,0.0,0.0,0.0,-190.0,0.0,190.0,0.0,0.0,0.0,0.0,0.0,0.0,0.0,0.0,0.0,0.0,0.0,0.0,0.0,0.0,0.0,0.0,0.0,-309.75311279296875,0.0,309.75,0.0,0.0,0.0,0.0,0.0,0.0,0.0,0.0,0.0,0.0,0.0,0.0,0.0,-85.49685668945312,0.0,85.5,0.0,0.0,0.0,0.0,0.0,0.0,0.0,0.0,0.0,0.0,0.0,0.0,0.0,0.0,0.0,0.0,0.0,0.0,0.0,0.0,0.0,-431.2757873535156,0.0,431.2734375,0.0,0.0,0.0,0.0,0.0,0.0,0.0,0.0,0.0,0.0,0.0,0.0,0.0,0.0,0.0,0.0,0.0,0.0,0.0,107992.203125,37471.09765625,-1016.5257568359375,0.0,1016.5234375,0.0,-100.0,0.0,0.9502379298210144,0.0,FL
325111,FL,1205,0.04974837228655815,6,3.9999999999999996,161518.31640625,175227.0,6,0,12853.531250000002,0.0,164313.5,0.0,0.0,0.0,0.0,0.0,-230.00000000000182,0.0,230.0,0.0,-418.0,0.0,418.0,0.0,0.0,0.0,0.0,0.0,0.0,0.0,0.0,0.0,-799.9990234375,0.0,800.0,0.0,0.0,0.0,0.0,0.0,-511.919921875,0.0,511.921875,0.0,0.0,0.0,0.0,0.0,0.0,0.0,0.0,0.0,0.0,0.0,0.0,0.0,0.0,0.0,0.0,0.0,0.0,0.0,0.0,0.0,0.0,0.0,0.0,0.0,0.0,0.0,0.0,0.0,0.0,0.0,0.0,0.0,0.0,0.0,0.0,0.0,0.0,0.0,0.0,0.0,0.0,0.0,0.0,0.0,0.0,0.0,0.0,0.0,0.0,0.0,0.0,0.0,0.0,0.0,0.0,0.0,10893.6123046875,0.0,166273.421875,0.0,-1959.9189453125018,0.0,1959.921875,0.0,-15.248097251971139,0.0,1.1927942037582397,0.0,FL
325112,FL,1205,0.06087896227836609,3,1.0,124894.515625,131000.3046875,3,0,8742.0341796875,0.0,122676.234375,0.0,0.0,0.0,0.0,0.0,-10.0,0.0,10.0,0.0,-228.0,0.0,228.0,0.0,0.0,0.0,0.0,0.0,0.0,0.0,0.0,0.0,-200.0,0.0,200.0,0.0,0.0,0.0,0.0,0.0,-343.998046875,0.0,344.0,0.0,0.0,0.0,0.0,0.0,0.0,0.0,0.0,0.0,0.0,0.0,0.0,0.0,-36.0625,0.0,36.0625,0.0,0.0,0.0,0.0,0.0,0.0,0.0,0.0,0.0,0.0,0.0,0.0,0.0,0.0,0.0,0.0,0.0,0.0,0.0,0.0,0.0,0.0,0.0,0.0,0.0,0.0,0.0,0.0,0.0,0.0,0.0,0.0,0.0,0.0,0.0,0.0,0.0,0.0,0.0,0.0,0.0,7923.9736328125,0.0,123494.296875,0.0,-818.060546875,0.0,818.0625,0.0,-9.357782525899975,0.0,0.666846752166748,0.0,FL
325113,FL,1205,0.04435965418815613,4,2.0,447014.6484375,460440.875,4,0,90333.421875,0.0,376773.625,0.0,0.0,0.0,0.0,0.0,-764.0,0.0,764.0,0.0,-608.9609375,0.0,608.96875,0.0,0.0,0.0,0.0,0.0,0.0,0.0,0.0,0.0,-400.0,0.0,400.0,0.0,0.0,0.0,0.0,0.0,0.0,0.0,0.0,0.0,0.0,0.0,0.0,0.0,0.0,0.0,0.0,0.0,0.0,0.0,0.0,0.0,-641.03125,0.0,641.03125,0.0,0.0,0.0,0.0,0.0,0.0,0.0,0.0,0.0,0.0,0.0,0.0,0.0,0.0,0.0,0.0,0.0,0.0,0.0,0.0,0.0,0.0,0.0,0.0,0.0,0.0,0.0,0.0,0.0,0.0,0.0,0.0,0.0,0.0,0.0,0.0,0.0,0.0,0.0,0.0,0.0,87919.4296875,0.0,379187.625,0.0,-2413.9921875,0.0,2414.0,0.0,-2.672313455412319,0.0,0.640703022480011,0.0,FL
325114,FL,1205,0.041474681347608566,6,3.9999999999999996,158114.28173828125,146806.609375,6,0,9467.5556640625,0.0,175187.015625,892.760986328125,0.0,0.0,0.0,892.760986328125,-230.0,0.0,230.0,0.0,-418.0,0.0,418.0,0.0,0.0,0.0,0.0,0.0,0.0,0.0,0.0,0.0,-400.0,0.0,400.0,0.0,0.0,0.0,0.0,0.0,-282.1015624999991,0.0,282.109375,0.0,0.0,0.0,0.0,0.0,0.0,0.0,0.0,0.0,0.0,0.0,0.0,0.0,-440.0000000000018,0.0,440.0,0.0,0.0,0.0,0.0,0.0,0.0,0.0,0.0,0.0,0.0,0.0,0.0,0.0,-530.6396484375,0.0,530.625,0.0,-975.2207031249982,0.0,975.21875,0.0,0.0,0.0,0.0,0.0,0.0,0.0,0.0,0.0,0.0,0.0,0.0,0.0,0.0,0.0,0.0,0.0,0.0,0.0,0.0,0.0,6191.593750000001,0.0,178462.96875,892.760986328125,-3275.961914062499,0.0,3275.953125,0.0,-34.601982077566085,0.0,1.8699748516082764,0.0,FL
325115,FL,1205,0.7667112350463867,2,0.0,7778.73046875,156428.625,2,0,17039.296875,0.0,196220.671875,11928.3193359375,0.0,0.0,0.0,11928.3193359375,-230.0,0.0,230.0,0.0,-418.0,0.0,418.0,0.0,0.0,0.0,0.0,0.0,0.0,0.0,0.0,0.0,0.0,0.0,0.0,0.0,0.0,0.0,0.0,0.0,0.0,0.0,0.0,0.0,0.0,0.0,0.0,0.0,0.0,0.0,0.0,0.0,0.0,0.0,0.0,0.0,0.0,0.0,0.0,0.0,0.0,0.0,0.0,0.0,0.0,0.0,0.0,0.0,0.0,0.0,0.0,0.0,0.0,0.0,0.0,0.0,0.0,0.0,0.0,0.0,-1235.1416015625,0.0,1235.140625,0.0,0.0,0.0,0.0,0.0,0.0,0.0,0.0,0.0,0.0,0.0,0.0,0.0,0.0,0.0,0.0,0.0,15156.1552734375,0.0,198103.8125,11928.3193359375,-1883.1416015625,0.0,1883.140625,0.0,-11.051756509539072,0.0,0.9597055912017822,0.0,FL
325116,FL,1205,0.04083769768476486,4,2.0,278389.8046875,322885.3125,4,0,49882.86328125,0.0,305496.0625,0.0,0.0,0.0,0.0,0.0,-292.0,0.0,292.0,0.0,-456.0,0.0,456.0,0.0,0.0,0.0,0.0,0.0,0.0,0.0,0.0,0.0,-400.0,0.0,400.0,0.0,0.0,0.0,0.0,0.0,-185.52734375,0.0,185.53125,0.0,0.0,0.0,0.0,0.0,0.0,0.0,0.0,0.0,0.0,0.0,0.0,0.0,-480.0,0.0,480.0,0.0,0.0,0.0,0.0,0.0,0.0,0.0,0.0,0.0,0.0,0.0,0.0,0.0,0.0,0.0,0.0,0.0,0.0,0.0,0.0,0.0,0.0,0.0,0.0,0.0,0.0,0.0,0.0,0.0,0.0,0.0,0.0,0.0,0.0,0.0,0.0,0.0,0.0,0.0,0.0,0.0,48069.3359375,0.0,307309.59375,0.0,-1813.52734375,0.0,1813.53125,0.0,-3.6355718666848653,0.0,0.5936349034309387,0.0,FL
325117,FL,1205,0.03299131989479065,2,0.0,1340067.30078125,1336417.2890625,2,0,427455.578125,0.0,884210.75,0.0,0.0,0.0,0.0,0.0,-355.25,0.0,355.25,0.0,-351.5,0.0,351.5,0.0,0.0,0.0,0.0,0.0,0.0,0.0,0.0,0.0,0.0,0.0,0.0,0.0,0.0,0.0,0.0,0.0,0.0,0.0,0.0,0.0,0.0,0.0,0.0,0.0,0.0,0.0,0.0,0.0,0.0,0.0,0.0,0.0,0.0,0.0,0.0,0.0,0.0,0.0,0.0,0.0,0.0,0.0,0.0,0.0,0.0,0.0,0.0,0.0,0.0,0.0,0.0,0.0,0.0,0.0,0.0,0.0,0.0,0.0,0.0,0.0,0.0,0.0,0.0,0.0,0.0,0.0,0.0,0.0,0.0,0.0,0.0,0.0,0.0,0.0,0.0,0.0,426748.828125,0.0,884917.5,0.0,-706.75,0.0,706.75,0.0,-0.16533881791883565,0.0,0.07993003726005554,0.0,FL
325118,FL,1205,0.27433472871780396,2,0.0,276434.71875,547937.5,2,0,121707.34375,0.0,518669.8125,0.0,0.0,0.0,0.0,0.0,-764.0,0.0,764.0,0.0,-608.0,0.0,608.0,0.0,0.0,0.0,0.0,0.0,0.0,0.0,0.0,0.0,0.0,0.0,0.0,0.0,0.0,0.0,0.0,0.0,0.0,0.0,0.0,0.0,0.0,0.0,0.0,0.0,0.0,0.0,0.0,0.0,0.0,0.0,0.0,0.0,-640.0,0.0,640.0,0.0,0.0,0.0,0.0,0.0,0.0,0.0,0.0,0.0,0.0,0.0,0.0,0.0,0.0,0.0,0.0,0.0,0.0,0.0,0.0,0.0,0.0,0.0,0.0,0.0,0.0,0.0,0.0,0.0,0.0,0.0,0.0,0.0,0.0,0.0,0.0,0.0,0.0,0.0,0.0,0.0,119695.34375,0.0,520681.8125,0.0,-2012.0,0.0,2012.0,0.0,-1.6531459302347975,0.0,0.38791537284851074,0.0,FL
325119,FL,1205,0.03924557939171791,2,0.0,42792.0,513783.0625,2,0,104641.1796875,0.0,473835.5,0.0,0.0,0.0,0.0,0.0,-764.0,0.0,764.0,0.0,-608.0,0.0,608.0,0.0,0.0,0.0,0.0,0.0,0.0,0.0,0.0,0.0,0.0,0.0,0.0,0.0,0.0,0.0,0.0,0.0,0.0,0.0,0.0,0.0,0.0,0.0,0.0,0.0,0.0,0.0,0.0,0.0,0.0,0.0,0.0,0.0,0.0,0.0,0.0,0.0,0.0,0.0,0.0,0.0,0.0,0.0,0.0,0.0,0.0,0.0,0.0,0.0,0.0,0.0,0.0,0.0,0.0,0.0,0.0,0.0,0.0,0.0,0.0,0.0,0.0,0.0,0.0,0.0,0.0,0.0,0.0,0.0,0.0,0.0,0.0,0.0,0.0,0.0,0.0,0.0,103269.1796875,0.0,475207.5,0.0,-1372.0,0.0,1372.0,0.0,-1.311147297935034,0.0,0.2895519733428955,0.0,FL
325120,FL,1205,0.0834927186369896,2,0.0,0.0,164379.03125,2,0,18280.611328125,0.0,217900.515625,60164.7734375,0.0,0.0,0.0,60164.7734375,-230.0,0.0,230.0,0.0,-418.0,0.0,418.0,0.0,0.0,0.0,0.0,0.0,0.0,0.0,0.0,0.0,0.0,0.0,0.0,0.0,0.0,0.0,0.0,0.0,0.0,0.0,0.0,0.0,0.0,0.0,0.0,0.0,0.0,0.0,0.0,0.0,0.0,0.0,0.0,0.0,0.0,0.0,0.0,0.0,0.0,0.0,0.0,0.0,0.0,0.0,0.0,0.0,0.0,0.0,0.0,0.0,0.0,0.0,0.0,0.0,0.0,0.0,0.0,0.0,-2450.197265625,0.0,2450.203125,0.0,0.0,0.0,0.0,0.0,0.0,0.0,0.0,0.0,0.0,0.0,0.0,0.0,0.0,0.0,0.0,0.0,15182.4140625,0.0,220998.71875,60164.7734375,-3098.197265625,0.0,3098.203125,0.0,-16.947995939601736,0.0,1.4218429327011108,0.0,FL
325121,FL,1205,315.5013427734375,2,0.0,0.0,905.404468536377,2,0,0.0,0.0,41590.1875,10394.3837890625,26463.767578125,0.0,0.0,36858.1513671875,0.0,0.0,0.0,0.0,0.0,0.0,0.0,0.0,0.0,0.0,0.0,0.0,0.0,0.0,0.0,0.0,0.0,0.0,0.0,0.0,0.0,0.0,0.0,0.0,0.0,0.0,0.0,0.0,0.0,0.0,0.0,0.0,0.0,0.0,0.0,0.0,0.0,0.0,0.0,0.0,0.0,0.0,0.0,0.0,0.0,0.0,0.0,0.0,0.0,0.0,0.0,0.0,0.0,0.0,0.0,0.0,0.0,0.0,0.0,0.0,0.0,0.0,0.0,0.0,0.0,0.0,0.0,0.0,0.0,0.0,0.0,0.0,0.0,0.0,0.0,0.0,0.0,0.0,0.0,0.0,0.0,0.0,0.0,0.0,0.0,0.0,41590.1875,36858.1513671875,0.0,0.0,0.0,0.0,0.0,0.0,0.0,0.0,FL
325122,FL,1205,0.029578056186437607,2,0.0,102100.109375,586308.5,2,0,132841.40625,0.0,476396.75,0.0,0.0,0.0,0.0,0.0,-749.0,0.0,749.0,0.0,-665.0,0.0,665.0,0.0,0.0,0.0,0.0,0.0,0.0,0.0,0.0,0.0,0.0,0.0,0.0,0.0,0.0,0.0,0.0,0.0,0.0,0.0,0.0,0.0,0.0,0.0,0.0,0.0,0.0,0.0,0.0,0.0,0.0,0.0,0.0,0.0,-226.125,0.0,226.125,0.0,0.0,0.0,0.0,0.0,0.0,0.0,0.0,0.0,0.0,0.0,0.0,0.0,0.0,0.0,0.0,0.0,0.0,0.0,0.0,0.0,0.0,0.0,0.0,0.0,0.0,0.0,0.0,0.0,0.0,0.0,0.0,0.0,0.0,0.0,0.0,0.0,0.0,0.0,0.0,0.0,131201.28125,0.0,478036.875,0.0,-1640.125,0.0,1640.125,0.0,-1.2346489293506706,0.0,0.34427711367607117,0.0,FL
325123,FL,1205,0.035621412098407745,4,2.0,255143.875,322040.9375,4,0,52844.18359375,0.0,310483.8125,0.0,0.0,0.0,0.0,0.0,-292.0,0.0,292.0,0.0,-456.0,0.0,456.0,0.0,0.0,0.0,0.0,0.0,0.0,0.0,0.0,0.0,-400.0,0.0,400.0,0.0,0.0,0.0,0.0,0.0,0.0,0.0,0.0,0.0,0.0,0.0,0.0,0.0,0.0,0.0,0.0,0.0,0.0,0.0,0.0,0.0,0.0,0.0,0.0,0.0,0.0,0.0,0.0,0.0,0.0,0.0,0.0,0.0,0.0,0.0,0.0,0.0,0.0,0.0,0.0,0.0,0.0,0.0,0.0,0.0,0.0,0.0,0.0,0.0,0.0,0.0,0.0,0.0,0.0,0.0,0.0,0.0,0.0,0.0,0.0,0.0,0.0,0.0,0.0,0.0,51696.18359375,0.0,311631.8125,0.0,-1148.0,0.0,1148.0,0.0,-2.1724245166232006,0.0,0.36974552273750305,0.0,FL
325124,FL,1205,0.15881036221981049,2,0.0,62866.734375,137756.818359375,2,0,16269.5947265625,0.0,229291.46875,82922.75,0.0,0.0,0.0,82922.75,-115.0,0.0,115.0,0.0,-304.0,0.0,304.0,0.0,0.0,0.0,0.0,0.0,0.0,0.0,0.0,0.0,0.0,0.0,0.0,0.0,0.0,0.0,0.0,0.0,0.0,0.0,0.0,0.0,0.0,0.0,0.0,0.0,0.0,0.0,0.0,0.0,0.0,0.0,0.0,0.0,-129.83203125,0.0,129.84375,0.0,0.0,0.0,0.0,0.0,0.0,0.0,0.0,0.0,-18.5419921875,0.0,18.53125,0.0,0.0,0.0,0.0,0.0,0.0,0.0,0.0,0.0,-1460.48046875,0.0,1460.484375,0.0,-21.509368896484375,0.0,21.515625,0.0,0.0,0.0,0.0,0.0,0.0,0.0,0.0,0.0,0.0,0.0,0.0,0.0,14220.230865478516,0.0,231340.84375,82922.75,-2049.3638610839844,0.0,2049.375,0.0,-12.59628094938405,0.0,0.8937860131263733,0.0,FL
325125,FL,1205,0.04014011099934578,4,2.0,210616.546875,215877.984375,4,0,25281.15625,0.0,198634.34375,0.0,0.0,0.0,0.0,0.0,-230.0,0.0,230.0,0.0,-418.0,0.0,418.0,0.0,0.0,0.0,0.0,0.0,0.0,0.0,0.0,0.0,-400.0,0.0,400.0,0.0,0.0,0.0,0.0,0.0,0.0,0.0,0.0,0.0,0.0,0.0,0.0,0.0,0.0,0.0,0.0,0.0,0.0,0.0,0.0,0.0,-440.0,0.0,440.0,0.0,0.0,0.0,0.0,0.0,0.0,0.0,0.0,0.0,0.0,0.0,0.0,0.0,0.0,0.0,0.0,0.0,0.0,0.0,0.0,0.0,0.0,0.0,0.0,0.0,0.0,0.0,0.0,0.0,0.0,0.0,0.0,0.0,0.0,0.0,0.0,0.0,0.0,0.0,0.0,0.0,23793.15625,0.0,200122.34375,0.0,-1488.0,0.0,1488.0,0.0,-5.885806745884101,0.0,0.7491151690483093,0.0,FL
325126,FL,1205,0.03732886165380478,1,0.0,1273542.875,1608092.5,1,0,522817.15625,0.0,1053954.0,0.0,0.0,0.0,0.0,0.0,-350.25,0.0,350.25,0.0,-327.75,0.0,327.75,0.0,0.0,0.0,0.0,0.0,0.0,0.0,0.0,0.0,0.0,0.0,0.0,0.0,0.0,0.0,0.0,0.0,0.0,0.0,0.0,0.0,0.0,0.0,0.0,0.0,0.0,0.0,0.0,0.0,0.0,0.0,0.0,0.0,-370.0,0.0,370.0,0.0,0.0,0.0,0.0,0.0,0.0,0.0,0.0,0.0,0.0,0.0,0.0,0.0,0.0,0.0,0.0,0.0,0.0,0.0,0.0,0.0,0.0,0.0,0.0,0.0,0.0,0.0,0.0,0.0,0.0,0.0,0.0,0.0,0.0,0.0,0.0,0.0,0.0,0.0,0.0,0.0,521769.15625,0.0,1055002.0,0.0,-1048.0,0.0,1048.0,0.0,-0.20045248849845868,0.0,0.09943507611751556,0.0,FL
325127,FL,1205,0.028613345697522163,6,3.9999999999999996,179272.6328125,215723.00000000003,6,0,20884.060546875,0.0,228066.296875,0.0,0.0,0.0,0.0,0.0,-230.0,0.0,230.0,0.0,-418.0,0.0,418.0,0.0,0.0,0.0,0.0,0.0,0.0,0.0,0.0,0.0,-800.0,0.0,800.0,0.0,0.0,0.0,0.0,0.0,0.0,0.0,0.0,0.0,0.0,0.0,0.0,0.0,0.0,0.0,0.0,0.0,0.0,0.0,0.0,0.0,0.0,0.0,0.0,0.0,0.0,0.0,0.0,0.0,0.0,0.0,0.0,0.0,0.0,0.0,0.0,0.0,0.0,0.0,0.0,0.0,0.0,0.0,0.0,0.0,0.0,0.0,0.0,0.0,0.0,0.0,0.0,0.0,0.0,0.0,0.0,0.0,0.0,0.0,0.0,0.0,0.0,0.0,0.0,0.0,19436.060546875,0.0,229514.296875,0.0,-1448.0,0.0,1448.0,0.0,-6.933517534819983,0.0,0.634903073310852,0.0,FL
325128,FL,1205,77.71782684326172,1,0.0,0.0,0.8272702097892761,1,0,0.0,0.0,71019.625,35509.203125,0.0,0.0,0.0,35509.203125,0.0,0.0,0.0,0.0,0.0,0.0,0.0,0.0,0.0,0.0,0.0,0.0,0.0,0.0,0.0,0.0,0.0,0.0,0.0,0.0,0.0,0.0,0.0,0.0,0.0,0.0,0.0,0.0,0.0,0.0,0.0,0.0,0.0,0.0,0.0,0.0,0.0,0.0,0.0,0.0,0.0,0.0,0.0,0.0,0.0,0.0,0.0,0.0,0.0,0.0,0.0,0.0,0.0,0.0,0.0,0.0,0.0,0.0,0.0,0.0,0.0,0.0,0.0,0.0,0.0,0.0,0.0,0.0,0.0,0.0,0.0,0.0,0.0,0.0,0.0,0.0,0.0,0.0,0.0,0.0,0.0,0.0,0.0,0.0,0.0,0.0,71019.625,35509.203125,0.0,0.0,0.0,0.0,0.0,0.0,0.0,0.0,FL
325129,FL,1205,0.5938727855682373,4,2.0,75387.853515625,114059.99609374999,4,0,4060.3984374999995,0.0,136729.875,24304.287109375,0.0,0.0,4570.7734375,28875.060546875,-121.99999999999955,0.0,122.0,0.0,-386.0,0.0,386.0,0.0,0.0,0.0,0.0,0.0,0.0,0.0,0.0,0.0,-399.99999999999955,0.0,400.0,0.0,-384.67382812499955,0.0,384.65625,0.0,0.0,0.0,0.0,0.0,0.0,0.0,0.0,0.0,0.0,0.0,0.0,0.0,0.0,0.0,0.0,0.0,0.0,0.0,0.0,0.0,0.0,0.0,0.0,0.0,0.0,0.0,0.0,0.0,0.0,0.0,0.0,0.0,0.0,0.0,0.0,0.0,0.0,0.0,0.0,0.0,0.0,0.0,0.0,0.0,-88.87451171875,0.0,88.875,0.0,0.0,0.0,0.0,0.0,0.0,0.0,0.0,0.0,0.0,0.0,0.0,0.0,2678.850097656251,0.0,138111.40625,28875.060546875,-1381.5483398437486,0.0,1381.53125,0.0,-34.02494511583874,0.0,1.0104092359542847,0.0,FL
325130,FL,1205,60.36699676513672,1,0.0,0.0,2152.92236328125,1,0,0.0,0.0,50936.5234375,24391.80078125,0.0,0.0,0.0,24391.80078125,0.0,0.0,0.0,0.0,0.0,0.0,0.0,0.0,0.0,0.0,0.0,0.0,0.0,0.0,0.0,0.0,0.0,0.0,0.0,0.0,0.0,0.0,0.0,0.0,0.0,0.0,0.0,0.0,0.0,0.0,0.0,0.0,0.0,0.0,0.0,0.0,0.0,0.0,0.0,0.0,0.0,0.0,0.0,0.0,0.0,0.0,0.0,0.0,0.0,0.0,0.0,0.0,0.0,0.0,0.0,0.0,0.0,0.0,0.0,0.0,0.0,0.0,0.0,0.0,0.0,0.0,0.0,0.0,0.0,0.0,0.0,0.0,0.0,0.0,0.0,0.0,0.0,0.0,0.0,0.0,0.0,0.0,0.0,0.0,0.0,0.0,50936.5234375,24391.80078125,0.0,0.0,0.0,0.0,0.0,0.0,0.0,0.0,FL
325131,FL,1205,0.09441421926021576,6,4.0,121637.20703125,121637.20703125,6,0,454.465087890625,0.0,122835.203125,0.0,0.0,3786.359375,6856.16015625,10642.51953125,-14.0,0.0,14.0,0.0,-354.0,0.0,354.0,0.0,0.0,0.0,0.0,0.0,0.0,0.0,0.0,0.0,-800.0,0.0,800.0,0.0,0.0,0.0,0.0,0.0,0.0,0.0,0.0,0.0,0.0,0.0,0.0,0.0,0.0,0.0,0.0,0.0,0.0,0.0,0.0,0.0,0.0,0.0,0.0,0.0,0.0,0.0,0.0,0.0,0.0,0.0,0.0,0.0,0.0,0.0,0.0,0.0,0.0,0.0,0.0,0.0,-696.87109375,0.0,696.859375,0.0,0.0,0.0,0.0,0.0,0.0,0.0,0.0,0.0,0.0,0.0,0.0,0.0,0.0,0.0,0.0,0.0,0.0,0.0,0.0,0.0,-1410.406005859375,0.0,124700.0625,10642.51953125,-1864.87109375,0.0,1864.859375,0.0,-410.3441922031234,0.0,1.5181798934936523,0.0,FL
325132,FL,1205,151.02857971191406,2,0.0,0.0,836.3701782226562,2,0,0.0,0.0,77698.375,36396.0390625,0.0,0.0,0.0,36396.0390625,0.0,0.0,0.0,0.0,0.0,0.0,0.0,0.0,0.0,0.0,0.0,0.0,0.0,0.0,0.0,0.0,0.0,0.0,0.0,0.0,0.0,0.0,0.0,0.0,0.0,0.0,0.0,0.0,0.0,0.0,0.0,0.0,0.0,0.0,0.0,0.0,0.0,0.0,0.0,0.0,0.0,0.0,0.0,0.0,0.0,0.0,0.0,0.0,0.0,0.0,0.0,0.0,0.0,0.0,0.0,0.0,0.0,0.0,0.0,0.0,0.0,0.0,0.0,0.0,0.0,0.0,0.0,0.0,0.0,0.0,0.0,0.0,0.0,0.0,0.0,0.0,0.0,0.0,0.0,0.0,0.0,0.0,0.0,0.0,0.0,0.0,77698.375,36396.0390625,0.0,0.0,0.0,0.0,0.0,0.0,0.0,0.0,FL
325133,FL,1205,0.025197802111506462,5,1.0,314054.5498046875,359256.001953125,5,0,55232.503173828125,0.0,343987.0,0.0,0.0,0.0,0.0,0.0,-297.0,0.0,297.0,0.0,-570.0,0.0,570.0,0.0,0.0,0.0,0.0,0.0,0.0,0.0,0.0,0.0,-200.0,0.0,200.0,0.0,0.0,0.0,0.0,0.0,0.0,0.0,0.0,0.0,0.0,0.0,0.0,0.0,0.0,0.0,0.0,0.0,0.0,0.0,0.0,0.0,-27.2109375,0.0,27.21875,0.0,0.0,0.0,0.0,0.0,0.0,0.0,0.0,0.0,0.0,0.0,0.0,0.0,0.0,0.0,0.0,0.0,0.0,0.0,0.0,0.0,0.0,0.0,0.0,0.0,0.0,0.0,0.0,0.0,0.0,0.0,0.0,0.0,0.0,0.0,0.0,0.0,0.0,0.0,0.0,0.0,54138.292236328125,0.0,345081.21875,0.0,-1094.2109375,0.0,1094.21875,0.0,-1.9810996688965763,0.0,0.31809887290000916,0.0,FL
325134,FL,1205,0.07464589923620224,5,3.0,70267.806640625,70576.3798828125,5,0,-1369.384765625,0.0,82339.265625,3009.81884765625,0.0,5757.80322265625,6856.16015625,15623.7822265625,-7.0,0.0,7.0,0.0,-177.0,0.0,177.0,0.0,0.0,0.0,0.0,0.0,0.0,0.0,0.0,0.0,-600.0,0.0,600.0,0.0,0.0,0.0,0.0,0.0,0.0,0.0,0.0,0.0,0.0,0.0,0.0,0.0,0.0,0.0,0.0,0.0,0.0,0.0,0.0,0.0,0.0,0.0,0.0,0.0,0.0,0.0,0.0,0.0,0.0,0.0,0.0,0.0,0.0,0.0,0.0,0.0,0.0,0.0,0.0,0.0,0.0,0.0,0.0,0.0,0.0,0.0,0.0,0.0,-101.42919921875,0.0,101.4296875,0.0,0.0,0.0,0.0,0.0,0.0,0.0,0.0,0.0,0.0,0.0,0.0,0.0,-2254.81396484375,0.0,83224.6953125,15623.7822265625,-885.42919921875,0.0,885.4296875,0.0,-64.65890533071848,0.0,1.0753432512283325,0.0,FL
325135,FL,1205,90.1103286743164,1,0.0,0.0,62.045265197753906,1,0,0.0,0.0,52042.15234375,26119.296875,0.0,0.0,0.0,26119.296875,0.0,0.0,0.0,0.0,0.0,0.0,0.0,0.0,0.0,0.0,0.0,0.0,0.0,0.0,0.0,0.0,0.0,0.0,0.0,0.0,0.0,0.0,0.0,0.0,0.0,0.0,0.0,0.0,0.0,0.0,0.0,0.0,0.0,0.0,0.0,0.0,0.0,0.0,0.0,0.0,0.0,0.0,0.0,0.0,0.0,0.0,0.0,0.0,0.0,0.0,0.0,0.0,0.0,0.0,0.0,0.0,0.0,0.0,0.0,0.0,0.0,0.0,0.0,0.0,0.0,0.0,0.0,0.0,0.0,0.0,0.0,0.0,0.0,0.0,0.0,0.0,0.0,0.0,0.0,0.0,0.0,0.0,0.0,0.0,0.0,0.0,52042.15234375,26119.296875,0.0,0.0,0.0,0.0,0.0,0.0,0.0,0.0,FL
325136,FL,1205,273.37652587890625,1,0.0,0.0,9.09997272491455,0,1,0.0,0.0,26413.72265625,13168.45703125,13231.8837890625,0.0,0.0,26400.3408203125,0.0,0.0,0.0,0.0,0.0,0.0,0.0,0.0,0.0,0.0,0.0,0.0,0.0,0.0,0.0,0.0,0.0,0.0,0.0,0.0,0.0,0.0,0.0,0.0,0.0,0.0,0.0,0.0,0.0,0.0,0.0,0.0,0.0,0.0,0.0,0.0,0.0,0.0,0.0,0.0,0.0,0.0,0.0,0.0,0.0,0.0,0.0,0.0,0.0,0.0,0.0,0.0,0.0,0.0,0.0,0.0,0.0,0.0,0.0,0.0,0.0,0.0,0.0,0.0,0.0,0.0,0.0,0.0,0.0,0.0,0.0,0.0,0.0,0.0,0.0,0.0,0.0,0.0,0.0,0.0,0.0,0.0,0.0,0.0,0.0,0.0,26413.72265625,26400.3408203125,0.0,0.0,0.0,0.0,0.0,0.0,0.0,0.0,FL
325137,FL,1205,0.42183351516723633,1,0.0,0.0,0.0,0,1,0.0,0.0,0.0,0.0,0.0,0.0,0.0,0.0,0.0,0.0,0.0,0.0,0.0,0.0,0.0,0.0,0.0,0.0,0.0,0.0,0.0,0.0,0.0,0.0,0.0,0.0,0.0,0.0,0.0,0.0,0.0,0.0,0.0,0.0,0.0,0.0,0.0,0.0,0.0,0.0,0.0,0.0,0.0,0.0,0.0,0.0,0.0,0.0,0.0,0.0,0.0,0.0,0.0,0.0,0.0,0.0,0.0,0.0,0.0,0.0,0.0,0.0,0.0,0.0,0.0,0.0,0.0,0.0,0.0,0.0,0.0,0.0,0.0,0.0,0.0,0.0,0.0,0.0,0.0,0.0,0.0,0.0,0.0,0.0,0.0,0.0,0.0,0.0,0.0,0.0,0.0,0.0,0.0,0.0,0.0,0.0,0.0,0.0,0.0,0.0,0.0,0.0,0.0,0.0,FL
325138,FL,1205,0.06250614672899246,2,0.0,0.0,97051.1875,2,0,6197.435546875,0.0,164713.9375,54749.94140625,0.0,0.0,0.0,54749.94140625,-10.0,0.0,10.0,0.0,-228.0,0.0,228.0,0.0,0.0,0.0,0.0,0.0,0.0,0.0,0.0,0.0,0.0,0.0,0.0,0.0,0.0,0.0,0.0,0.0,0.0,0.0,0.0,0.0,0.0,0.0,0.0,0.0,0.0,0.0,0.0,0.0,0.0,0.0,0.0,0.0,0.0,0.0,0.0,0.0,0.0,0.0,0.0,0.0,0.0,0.0,0.0,0.0,0.0,0.0,0.0,0.0,0.0,0.0,0.0,0.0,0.0,0.0,0.0,0.0,-1440.0,0.0,1440.0,0.0,0.0,0.0,0.0,0.0,0.0,0.0,0.0,0.0,0.0,0.0,0.0,0.0,0.0,0.0,0.0,0.0,4519.435546875,0.0,166391.9375,54749.94140625,-1678.0,0.0,1678.0,0.0,-27.075715226213465,0.0,1.0187358856201172,0.0,FL
325139,FL,1205,0.0395892895758152,4,2.0,41812.248046875,41812.248046875,4,0,-9227.287109375,0.0,62076.65625,3134.69384765625,5527.08642578125,5573.974609375,0.0,14235.7548828125,0.0,0.0,0.0,0.0,-147.5,0.0,147.5,0.0,0.0,0.0,0.0,0.0,0.0,0.0,0.0,0.0,-2.2734375,0.0,2.2734375,0.0,0.0,0.0,0.0,0.0,0.0,0.0,0.0,0.0,0.0,0.0,0.0,0.0,0.0,0.0,0.0,0.0,0.0,0.0,0.0,0.0,0.0,0.0,0.0,0.0,0.0,0.0,0.0,0.0,0.0,0.0,0.0,0.0,0.0,0.0,0.0,0.0,0.0,0.0,0.0,0.0,0.0,0.0,0.0,0.0,0.0,0.0,0.0,0.0,0.0,0.0,0.0,0.0,0.0,0.0,0.0,0.0,0.0,0.0,0.0,0.0,0.0,0.0,0.0,0.0,-9377.060546875,0.0,62226.4296875,14235.7548828125,-149.7734375,0.0,149.7734375,0.0,-1.6231578764665178,0.0,0.2412717491388321,0.0,FL
325140,FL,1205,0.04959399253129959,6,3.9999999999999996,185939.60400390625,182455.25,6,0,16028.154296874998,0.0,159064.03125,0.0,0.0,0.0,0.0,0.0,-229.99999999999636,0.0,230.0,0.0,-418.00000000000364,0.0,418.0,0.0,0.0,0.0,0.0,0.0,0.0,0.0,0.0,0.0,-600.0,0.0,600.0,0.0,0.0,0.0,0.0,0.0,0.0,0.0,0.0,0.0,0.0,0.0,0.0,0.0,0.0,0.0,0.0,0.0,0.0,0.0,0.0,0.0,0.0,0.0,0.0,0.0,0.0,0.0,0.0,0.0,0.0,0.0,0.0,0.0,0.0,0.0,0.0,0.0,0.0,0.0,0.0,0.0,0.0,0.0,0.0,0.0,0.0,0.0,0.0,0.0,-518.384765625,0.0,518.375,0.0,0.0,0.0,0.0,0.0,0.0,0.0,0.0,0.0,0.0,0.0,0.0,0.0,14261.769531249998,0.0,160830.40625,0.0,-1766.384765625,0.0,1766.375,0.0,-11.020512611170652,0.0,1.1104804277420044,0.0,FL
325141,FL,1205,0.21354636549949646,4,0.0,113509.58984375,135370.361328125,4,0,7958.45947265625,0.0,149035.109375,22146.80078125,0.0,7033.44775390625,0.0,29180.24853515625,-15.0,0.0,15.0,0.0,-436.999755859375,0.0,437.0,0.0,0.0,0.0,0.0,0.0,0.0,0.0,0.0,0.0,0.0,0.0,0.0,0.0,0.0,0.0,0.0,0.0,0.0,0.0,0.0,0.0,0.0,0.0,0.0,0.0,0.0,0.0,0.0,0.0,0.0,0.0,0.0,0.0,0.0,0.0,0.0,0.0,0.0,0.0,0.0,0.0,0.0,0.0,0.0,0.0,0.0,0.0,0.0,0.0,-865.43994140625,0.0,865.4375,0.0,0.0,0.0,0.0,0.0,0.0,0.0,0.0,0.0,0.0,0.0,0.0,0.0,0.0,0.0,0.0,0.0,0.0,0.0,0.0,0.0,0.0,0.0,0.0,0.0,6641.019775390625,0.0,150352.546875,29180.24853515625,-1317.439697265625,0.0,1317.4375,0.0,-16.55395371167117,0.0,0.8839779496192932,0.0,FL
325142,FL,1205,0.03786886855959892,1,0.0,0.0,121115.09375,1,0,17688.3203125,0.0,156289.21875,43597.66015625,0.0,0.0,0.0,43597.66015625,-115.0,0.0,115.0,0.0,-209.0,0.0,209.0,0.0,0.0,0.0,0.0,0.0,0.0,0.0,0.0,0.0,0.0,0.0,0.0,0.0,0.0,0.0,0.0,0.0,0.0,0.0,0.0,0.0,0.0,0.0,0.0,0.0,0.0,0.0,0.0,0.0,0.0,0.0,0.0,0.0,0.0,0.0,0.0,0.0,0.0,0.0,0.0,0.0,0.0,0.0,0.0,0.0,0.0,0.0,0.0,0.0,0.0,0.0,0.0,0.0,0.0,0.0,0.0,0.0,-711.28125,0.0,711.28125,0.0,0.0,0.0,0.0,0.0,0.0,0.0,0.0,0.0,0.0,0.0,0.0,0.0,0.0,0.0,0.0,0.0,16653.0390625,0.0,157324.5,43597.66015625,-1035.28125,0.0,1035.28125,0.0,-5.852908765273695,0.0,0.6624137759208679,0.0,FL
325143,FL,1205,21.44527816772461,1,0.0,0.0,1733.8970947265625,1,0,0.0,0.0,39625.3984375,19254.59375,0.0,0.0,0.0,19254.59375,0.0,0.0,0.0,0.0,0.0,0.0,0.0,0.0,0.0,0.0,0.0,0.0,0.0,0.0,0.0,0.0,0.0,0.0,0.0,0.0,0.0,0.0,0.0,0.0,0.0,0.0,0.0,0.0,0.0,0.0,0.0,0.0,0.0,0.0,0.0,0.0,0.0,0.0,0.0,0.0,0.0,0.0,0.0,0.0,0.0,0.0,0.0,0.0,0.0,0.0,0.0,0.0,0.0,0.0,0.0,0.0,0.0,0.0,0.0,0.0,0.0,0.0,0.0,0.0,0.0,0.0,0.0,0.0,0.0,0.0,0.0,0.0,0.0,0.0,0.0,0.0,0.0,0.0,0.0,0.0,0.0,0.0,0.0,0.0,0.0,0.0,39625.3984375,19254.59375,0.0,0.0,0.0,0.0,0.0,0.0,0.0,0.0,FL
325144,FL,1205,32.1259765625,1,0.0,0.0,0.0,1,0,0.0,0.0,37239.71875,18928.701171875,0.0,0.0,0.0,18928.701171875,0.0,0.0,0.0,0.0,0.0,0.0,0.0,0.0,0.0,0.0,0.0,0.0,0.0,0.0,0.0,0.0,0.0,0.0,0.0,0.0,0.0,0.0,0.0,0.0,0.0,0.0,0.0,0.0,0.0,0.0,0.0,0.0,0.0,0.0,0.0,0.0,0.0,0.0,0.0,0.0,0.0,0.0,0.0,0.0,0.0,0.0,0.0,0.0,0.0,0.0,0.0,0.0,0.0,0.0,0.0,0.0,0.0,0.0,0.0,0.0,0.0,0.0,0.0,0.0,0.0,0.0,0.0,0.0,0.0,0.0,0.0,0.0,0.0,0.0,0.0,0.0,0.0,0.0,0.0,0.0,0.0,0.0,0.0,0.0,0.0,0.0,37239.71875,18928.701171875,0.0,0.0,0.0,0.0,0.0,0.0,0.0,0.0,FL
325145,FL,1205,32.58966064453125,1,0.0,0.0,0.0,1,0,0.0,0.0,26286.041015625,13054.1572265625,13231.8837890625,0.0,0.0,26286.041015625,0.0,0.0,0.0,0.0,0.0,0.0,0.0,0.0,0.0,0.0,0.0,0.0,0.0,0.0,0.0,0.0,0.0,0.0,0.0,0.0,0.0,0.0,0.0,0.0,0.0,0.0,0.0,0.0,0.0,0.0,0.0,0.0,0.0,0.0,0.0,0.0,0.0,0.0,0.0,0.0,0.0,0.0,0.0,0.0,0.0,0.0,0.0,0.0,0.0,0.0,0.0,0.0,0.0,0.0,0.0,0.0,0.0,0.0,0.0,0.0,0.0,0.0,0.0,0.0,0.0,0.0,0.0,0.0,0.0,0.0,0.0,0.0,0.0,0.0,0.0,0.0,0.0,0.0,0.0,0.0,0.0,0.0,0.0,0.0,0.0,0.0,26286.041015625,26286.041015625,0.0,0.0,0.0,0.0,0.0,0.0,0.0,0.0,FL
325146,FL,1205,0.029198482632637024,2,0.0,180024.9609375,180521.3203125,2,0,22702.6904296875,0.0,144280.3125,0.0,0.0,0.0,0.0,0.0,-230.0,0.0,230.0,0.0,-418.0,0.0,418.0,0.0,0.0,0.0,0.0,0.0,0.0,0.0,0.0,0.0,0.0,0.0,0.0,0.0,0.0,0.0,0.0,0.0,0.0,0.0,0.0,0.0,0.0,0.0,0.0,0.0,0.0,0.0,0.0,0.0,0.0,0.0,0.0,0.0,0.0,0.0,0.0,0.0,0.0,0.0,0.0,0.0,0.0,0.0,0.0,0.0,0.0,0.0,0.0,0.0,0.0,0.0,0.0,0.0,0.0,0.0,0.0,0.0,0.0,0.0,0.0,0.0,0.0,0.0,0.0,0.0,0.0,0.0,0.0,0.0,0.0,0.0,0.0,0.0,0.0,0.0,0.0,0.0,22054.6904296875,0.0,144928.3125,0.0,-648.0,0.0,648.0,0.0,-2.8542872573051232,0.0,0.449125736951828,0.0,FL
325147,FL,1205,0.023936480283737183,3,2.0,34621.890625,65122.6953125,2,1,69.403564453125,0.0,84942.84375,2828.398193359375,13231.8837890625,7964.3173828125,0.0,24024.599365234375,-7.0,0.0,7.0,0.0,-177.0,0.0,177.0,0.0,0.0,0.0,0.0,0.0,4000.0,0.0,-3999.9921875,0.0,0.0,0.0,0.0,0.0,0.0,0.0,0.0,0.0,0.0,0.0,0.0,0.0,0.0,0.0,0.0,0.0,0.0,0.0,0.0,0.0,0.0,0.0,0.0,0.0,0.0,0.0,0.0,0.0,0.0,0.0,0.0,0.0,0.0,0.0,0.0,0.0,0.0,0.0,0.0,0.0,0.0,0.0,0.0,0.0,0.0,0.0,0.0,0.0,0.0,0.0,0.0,0.0,0.0,0.0,0.0,0.0,0.0,0.0,0.0,0.0,0.0,0.0,0.0,0.0,0.0,0.0,0.0,0.0,3885.403564453125,0.0,81126.8515625,24024.599365234375,3816.0,0.0,-3815.9921875,0.0,5498.276680842981,0.0,-4.4924235343933105,0.0,FL
325148,FL,1205,0.0646117776632309,3,1.0,142245.55078125,142260.4375,3,0,12285.2958984375,0.0,152233.96875,0.0,0.0,0.0,0.0,0.0,-230.0,0.0,230.0,0.0,-418.0,0.0,418.0,0.0,0.0,0.0,0.0,0.0,0.0,0.0,0.0,0.0,-200.0,0.0,200.0,0.0,0.0,0.0,0.0,0.0,0.0,0.0,0.0,0.0,0.0,0.0,0.0,0.0,0.0,0.0,0.0,0.0,0.0,0.0,0.0,0.0,-440.0,0.0,440.0,0.0,0.0,0.0,0.0,0.0,0.0,0.0,0.0,0.0,0.0,0.0,0.0,0.0,0.0,0.0,0.0,0.0,0.0,0.0,0.0,0.0,0.0,0.0,0.0,0.0,-428.4990234375,0.0,428.5,0.0,0.0,0.0,0.0,0.0,0.0,0.0,0.0,0.0,0.0,0.0,0.0,0.0,10568.796875,0.0,153950.46875,0.0,-1716.4990234375,0.0,1716.5,0.0,-13.97197949180705,0.0,1.1275407075881958,0.0,FL
325149,FL,1205,27.48012924194336,1,0.0,0.0,0.8272702097892761,1,0,0.0,0.0,29966.666015625,15291.56640625,0.0,0.0,0.0,15291.56640625,0.0,0.0,0.0,0.0,0.0,0.0,0.0,0.0,0.0,0.0,0.0,0.0,0.0,0.0,0.0,0.0,0.0,0.0,0.0,0.0,0.0,0.0,0.0,0.0,0.0,0.0,0.0,0.0,0.0,0.0,0.0,0.0,0.0,0.0,0.0,0.0,0.0,0.0,0.0,0.0,0.0,0.0,0.0,0.0,0.0,0.0,0.0,0.0,0.0,0.0,0.0,0.0,0.0,0.0,0.0,0.0,0.0,0.0,0.0,0.0,0.0,0.0,0.0,0.0,0.0,0.0,0.0,0.0,0.0,0.0,0.0,0.0,0.0,0.0,0.0,0.0,0.0,0.0,0.0,0.0,0.0,0.0,0.0,0.0,0.0,0.0,29966.666015625,15291.56640625,0.0,0.0,0.0,0.0,0.0,0.0,0.0,0.0,FL
325150,FL,1205,0.15313339233398438,4,2.0,74547.6640625,193462.96875,4,0,17745.998046875,0.0,202660.171875,32464.03515625,0.0,0.0,0.0,32464.03515625,-230.0,0.0,230.0,0.0,-418.0,0.0,418.0,0.0,0.0,0.0,0.0,0.0,0.0,0.0,0.0,0.0,-400.0,0.0,400.0,0.0,0.0,0.0,0.0,0.0,0.0,0.0,0.0,0.0,0.0,0.0,0.0,0.0,0.0,0.0,0.0,0.0,0.0,0.0,0.0,0.0,-440.0,0.0,440.0,0.0,0.0,0.0,0.0,0.0,0.0,0.0,0.0,0.0,0.0,0.0,0.0,0.0,0.0,0.0,0.0,0.0,0.0,0.0,0.0,0.0,0.0,0.0,0.0,0.0,0.0,0.0,0.0,0.0,0.0,0.0,0.0,0.0,0.0,0.0,0.0,0.0,0.0,0.0,0.0,0.0,16257.998046875,0.0,204148.171875,32464.03515625,-1488.0,0.0,1488.0,0.0,-8.384989089199358,0.0,0.7342340350151062,0.0,FL
325151,FL,1205,0.011003734543919563,3,1.0,179078.28125,256796.796875,3,0,34082.19140625,0.0,216167.3125,0.0,0.0,0.0,0.0,0.0,-230.0,0.0,230.0,0.0,-418.0,0.0,418.0,0.0,0.0,0.0,0.0,0.0,0.0,0.0,0.0,0.0,-200.0,0.0,200.0,0.0,0.0,0.0,0.0,0.0,0.0,0.0,0.0,0.0,0.0,0.0,0.0,0.0,0.0,0.0,0.0,0.0,0.0,0.0,0.0,0.0,-440.0,0.0,440.0,0.0,0.0,0.0,0.0,0.0,0.0,0.0,0.0,0.0,0.0,0.0,0.0,0.0,0.0,0.0,0.0,0.0,0.0,0.0,0.0,0.0,0.0,0.0,0.0,0.0,0.0,0.0,0.0,0.0,0.0,0.0,0.0,0.0,0.0,0.0,0.0,0.0,0.0,0.0,0.0,0.0,32794.19140625,0.0,217455.3125,0.0,-1288.0,0.0,1288.0,0.0,-3.7790997199898544,0.0,0.5958347320556641,0.0,FL
325152,FL,1205,42.5662956237793,1,0.0,0.0,124.09053039550781,1,0,0.0,0.0,42653.921875,21544.560546875,0.0,0.0,0.0,21544.560546875,0.0,0.0,0.0,0.0,0.0,0.0,0.0,0.0,0.0,0.0,0.0,0.0,0.0,0.0,0.0,0.0,0.0,0.0,0.0,0.0,0.0,0.0,0.0,0.0,0.0,0.0,0.0,0.0,0.0,0.0,0.0,0.0,0.0,0.0,0.0,0.0,0.0,0.0,0.0,0.0,0.0,0.0,0.0,0.0,0.0,0.0,0.0,0.0,0.0,0.0,0.0,0.0,0.0,0.0,0.0,0.0,0.0,0.0,0.0,0.0,0.0,0.0,0.0,0.0,0.0,0.0,0.0,0.0,0.0,0.0,0.0,0.0,0.0,0.0,0.0,0.0,0.0,0.0,0.0,0.0,0.0,0.0,0.0,0.0,0.0,0.0,42653.921875,21544.560546875,0.0,0.0,0.0,0.0,0.0,0.0,0.0,0.0,FL
325153,FL,1205,17.955657958984375,1,0.0,0.0,17.3726749420166,1,0,0.0,0.0,43250.140625,22115.693359375,0.0,0.0,0.0,22115.693359375,0.0,0.0,0.0,0.0,0.0,0.0,0.0,0.0,0.0,0.0,0.0,0.0,0.0,0.0,0.0,0.0,0.0,0.0,0.0,0.0,0.0,0.0,0.0,0.0,0.0,0.0,0.0,0.0,0.0,0.0,0.0,0.0,0.0,0.0,0.0,0.0,0.0,0.0,0.0,0.0,0.0,0.0,0.0,0.0,0.0,0.0,0.0,0.0,0.0,0.0,0.0,0.0,0.0,0.0,0.0,0.0,0.0,0.0,0.0,0.0,0.0,0.0,0.0,0.0,0.0,0.0,0.0,0.0,0.0,0.0,0.0,0.0,0.0,0.0,0.0,0.0,0.0,0.0,0.0,0.0,0.0,0.0,0.0,0.0,0.0,0.0,43250.140625,22115.693359375,0.0,0.0,0.0,0.0,0.0,0.0,0.0,0.0,FL
325154,FL,1205,128.58999633789062,1,0.0,13937.416015625,13937.416015625,1,0,0.0,0.0,32514.45703125,6411.3681640625,13231.8837890625,0.0,0.0,19643.251953125,0.0,0.0,0.0,0.0,0.0,0.0,0.0,0.0,0.0,0.0,0.0,0.0,0.0,0.0,0.0,0.0,0.0,0.0,0.0,0.0,0.0,0.0,0.0,0.0,0.0,0.0,0.0,0.0,0.0,0.0,0.0,0.0,0.0,0.0,0.0,0.0,0.0,0.0,0.0,0.0,0.0,0.0,0.0,0.0,0.0,0.0,0.0,0.0,0.0,0.0,0.0,0.0,0.0,0.0,0.0,0.0,0.0,0.0,0.0,0.0,0.0,0.0,0.0,0.0,0.0,0.0,0.0,0.0,0.0,0.0,0.0,0.0,0.0,0.0,0.0,0.0,0.0,0.0,0.0,0.0,0.0,0.0,0.0,0.0,0.0,0.0,32514.45703125,19643.251953125,0.0,0.0,0.0,0.0,0.0,0.0,0.0,0.0,FL
325155,FL,1205,0.024796752259135246,3,1.0,110822.2109375,168731.125,3,0,18108.84765625,0.0,174718.5625,0.0,0.0,0.0,0.0,0.0,-230.0,0.0,230.0,0.0,-418.0,0.0,418.0,0.0,0.0,0.0,0.0,0.0,0.0,0.0,0.0,0.0,-200.0,0.0,200.0,0.0,0.0,0.0,0.0,0.0,0.0,0.0,0.0,0.0,0.0,0.0,0.0,0.0,0.0,0.0,0.0,0.0,0.0,0.0,0.0,0.0,-92.259765625,0.0,92.265625,0.0,0.0,0.0,0.0,0.0,0.0,0.0,0.0,0.0,0.0,0.0,0.0,0.0,0.0,0.0,0.0,0.0,0.0,0.0,0.0,0.0,0.0,0.0,0.0,0.0,0.0,0.0,0.0,0.0,0.0,0.0,0.0,0.0,0.0,0.0,0.0,0.0,0.0,0.0,0.0,0.0,17168.587890625,0.0,175658.828125,0.0,-940.259765625,0.0,940.265625,0.0,-5.192267246781345,0.0,0.5381601452827454,0.0,FL
325156,FL,1205,0.10040269792079926,2,1.0,66399.6953125,66402.1796875,2,0,2776.852294921875,0.0,63181.3125,0.0,0.0,1463.158203125,0.0,1463.158203125,-7.0,0.0,7.0,0.0,-177.0,0.0,177.0,0.0,0.0,0.0,0.0,0.0,0.0,0.0,0.0,0.0,-200.0,0.0,200.0,0.0,-24.08203125,0.0,24.0859375,0.0,0.0,0.0,0.0,0.0,0.0,0.0,0.0,0.0,0.0,0.0,0.0,0.0,0.0,0.0,0.0,0.0,0.0,0.0,0.0,0.0,0.0,0.0,0.0,0.0,0.0,0.0,0.0,0.0,0.0,0.0,0.0,0.0,0.0,0.0,0.0,0.0,0.0,0.0,0.0,0.0,0.0,0.0,0.0,0.0,0.0,0.0,0.0,0.0,0.0,0.0,0.0,0.0,0.0,0.0,0.0,0.0,0.0,0.0,0.0,0.0,2368.770263671875,0.0,63589.3984375,1463.158203125,-408.08203125,0.0,408.0859375,0.0,-14.69584939740128,0.0,0.6458965539932251,0.0,FL
325157,FL,1205,0.03021135739982128,2,0.0,11233.15625,441610.75,2,0,65523.484375,0.0,464796.4375,61891.2421875,0.0,0.0,0.0,61891.2421875,-230.0,0.0,230.0,0.0,-418.0,0.0,418.0,0.0,0.0,0.0,0.0,0.0,0.0,0.0,0.0,0.0,0.0,0.0,0.0,0.0,0.0,0.0,0.0,0.0,0.0,0.0,0.0,0.0,0.0,0.0,0.0,0.0,0.0,0.0,0.0,0.0,0.0,0.0,0.0,0.0,0.0,0.0,0.0,0.0,0.0,0.0,0.0,0.0,0.0,0.0,0.0,0.0,0.0,0.0,0.0,0.0,0.0,0.0,0.0,0.0,0.0,0.0,0.0,0.0,0.0,0.0,0.0,0.0,0.0,0.0,0.0,0.0,0.0,0.0,0.0,0.0,0.0,0.0,0.0,0.0,0.0,0.0,0.0,0.0,64875.484375,0.0,465444.4375,61891.2421875,-648.0,0.0,648.0,0.0,-0.9889583958804846,0.0,0.13941587507724762,0.0,FL
325158,FL,1205,28.537187576293945,1,0.0,0.0,152.16644287109375,1,0,0.0,0.0,27147.880859375,13915.6376953125,0.0,0.0,0.0,13915.6376953125,0.0,0.0,0.0,0.0,0.0,0.0,0.0,0.0,0.0,0.0,0.0,0.0,0.0,0.0,0.0,0.0,0.0,0.0,0.0,0.0,0.0,0.0,0.0,0.0,0.0,0.0,0.0,0.0,0.0,0.0,0.0,0.0,0.0,0.0,0.0,0.0,0.0,0.0,0.0,0.0,0.0,0.0,0.0,0.0,0.0,0.0,0.0,0.0,0.0,0.0,0.0,0.0,0.0,0.0,0.0,0.0,0.0,0.0,0.0,0.0,0.0,0.0,0.0,0.0,0.0,0.0,0.0,0.0,0.0,0.0,0.0,0.0,0.0,0.0,0.0,0.0,0.0,0.0,0.0,0.0,0.0,0.0,0.0,0.0,0.0,0.0,27147.880859375,13915.6376953125,0.0,0.0,0.0,0.0,0.0,0.0,0.0,0.0,FL
325159,FL,1205,46.608123779296875,1,0.0,0.0,0.0,1,0,0.0,0.0,15862.2236328125,2630.340087890625,13231.8837890625,0.0,0.0,15862.223876953125,0.0,0.0,0.0,0.0,0.0,0.0,0.0,0.0,0.0,0.0,0.0,0.0,0.0,0.0,0.0,0.0,0.0,0.0,0.0,0.0,0.0,0.0,0.0,0.0,0.0,0.0,0.0,0.0,0.0,0.0,0.0,0.0,0.0,0.0,0.0,0.0,0.0,0.0,0.0,0.0,0.0,0.0,0.0,0.0,0.0,0.0,0.0,0.0,0.0,0.0,0.0,0.0,0.0,0.0,0.0,0.0,0.0,0.0,0.0,0.0,0.0,0.0,0.0,0.0,0.0,0.0,0.0,0.0,0.0,0.0,0.0,0.0,0.0,0.0,0.0,0.0,0.0,0.0,0.0,0.0,0.0,0.0,0.0,0.0,0.0,0.0,15862.2236328125,15862.223876953125,0.0,0.0,0.0,0.0,0.0,0.0,0.0,0.0,FL
325160,FL,1205,0.04816491901874542,2,0.0,0.0,57373.11584472656,2,0,4568.859672546387,0.0,48511.1328125,0.0,0.0,0.0,0.0,0.0,-5.0,0.0,5.0,0.0,-114.0,0.0,114.0,0.0,0.0,0.0,0.0,0.0,0.0,0.0,0.0,0.0,0.0,0.0,0.0,0.0,0.0,0.0,0.0,0.0,0.0,0.0,0.0,0.0,0.0,0.0,0.0,0.0,0.0,0.0,0.0,0.0,0.0,0.0,0.0,0.0,0.0,0.0,0.0,0.0,0.0,0.0,0.0,0.0,0.0,0.0,0.0,0.0,0.0,0.0,0.0,0.0,0.0,0.0,0.0,0.0,0.0,0.0,0.0,0.0,0.0,0.0,0.0,0.0,0.0,0.0,0.0,0.0,0.0,0.0,0.0,0.0,0.0,0.0,0.0,0.0,0.0,0.0,0.0,0.0,4449.859672546387,0.0,48630.1328125,0.0,-119.0,0.0,119.0,0.0,-2.604588639809922,0.0,0.24530452489852905,0.0,FL
325161,FL,1205,0.03389289975166321,3,1.0,58556.83984375,420469.8984375,2,1,71380.10546875,0.0,359996.1875,3700.351318359375,0.0,0.0,0.0,3700.351318359375,-369.25,0.0,369.25,0.0,-509.5,0.0,509.5,0.0,0.0,0.0,0.0,0.0,0.0,0.0,0.0,0.0,-200.0,0.0,200.0,0.0,0.0,0.0,0.0,0.0,0.0,0.0,0.0,0.0,0.0,0.0,0.0,0.0,0.0,0.0,0.0,0.0,0.0,0.0,0.0,0.0,-350.0,0.0,350.0,0.0,0.0,0.0,0.0,0.0,0.0,0.0,0.0,0.0,0.0,0.0,0.0,0.0,0.0,0.0,0.0,0.0,0.0,0.0,0.0,0.0,0.0,0.0,0.0,0.0,0.0,0.0,0.0,0.0,0.0,0.0,0.0,0.0,0.0,0.0,0.0,0.0,0.0,0.0,0.0,0.0,69951.35546875,0.0,361424.9375,3700.351318359375,-1428.75,0.0,1428.75,0.0,-2.001608138034347,0.0,0.3968791961669922,0.0,FL
325162,FL,1205,65.0139389038086,2,0.0,0.0,82.72702026367188,2,0,0.0,0.0,123982.609375,61930.4765625,0.0,0.0,0.0,61930.4765625,0.0,0.0,0.0,0.0,0.0,0.0,0.0,0.0,0.0,0.0,0.0,0.0,0.0,0.0,0.0,0.0,0.0,0.0,0.0,0.0,0.0,0.0,0.0,0.0,0.0,0.0,0.0,0.0,0.0,0.0,0.0,0.0,0.0,0.0,0.0,0.0,0.0,0.0,0.0,0.0,0.0,0.0,0.0,0.0,0.0,0.0,0.0,0.0,0.0,0.0,0.0,0.0,0.0,0.0,0.0,0.0,0.0,0.0,0.0,0.0,0.0,0.0,0.0,0.0,0.0,0.0,0.0,0.0,0.0,0.0,0.0,0.0,0.0,0.0,0.0,0.0,0.0,0.0,0.0,0.0,0.0,0.0,0.0,0.0,0.0,0.0,123982.609375,61930.4765625,0.0,0.0,0.0,0.0,0.0,0.0,0.0,0.0,FL
325163,FL,1205,0.05788592994213104,2,0.0,0.0,175268.375,2,0,20821.04296875,0.0,258144.453125,82687.328125,0.0,0.0,0.0,82687.328125,-230.0,0.0,230.0,0.0,-418.0,0.0,418.0,0.0,0.0,0.0,0.0,0.0,0.0,0.0,0.0,0.0,0.0,0.0,0.0,0.0,0.0,0.0,0.0,0.0,0.0,0.0,0.0,0.0,0.0,0.0,0.0,0.0,0.0,0.0,0.0,0.0,0.0,0.0,0.0,0.0,0.0,0.0,0.0,0.0,0.0,0.0,0.0,0.0,0.0,0.0,0.0,0.0,0.0,0.0,0.0,0.0,0.0,0.0,0.0,0.0,0.0,0.0,0.0,0.0,-2306.458984375,0.0,2306.46875,0.0,0.0,0.0,0.0,0.0,0.0,0.0,0.0,0.0,0.0,0.0,0.0,0.0,0.0,0.0,0.0,0.0,17866.583984375,0.0,261098.921875,82687.328125,-2954.458984375,0.0,2954.46875,0.0,-14.189774204920013,0.0,1.1445021629333496,0.0,FL
325164,FL,1205,0.04410770535469055,4,1.0,207562.09375,207833.171875,4,0,17946.4931640625,0.0,167547.21875,0.0,0.0,0.0,0.0,0.0,-125.0,0.0,125.0,0.0,-437.0,0.0,437.0,0.0,0.0,0.0,0.0,0.0,0.0,0.0,0.0,0.0,-200.0,0.0,200.0,0.0,0.0,0.0,0.0,0.0,-220.498046875,0.0,220.5,0.0,0.0,0.0,0.0,0.0,0.0,0.0,0.0,0.0,0.0,0.0,0.0,0.0,-240.0,0.0,240.0,0.0,0.0,0.0,0.0,0.0,0.0,0.0,0.0,0.0,0.0,0.0,0.0,0.0,0.0,0.0,0.0,0.0,0.0,0.0,0.0,0.0,0.0,0.0,0.0,0.0,0.0,0.0,0.0,0.0,0.0,0.0,0.0,0.0,0.0,0.0,0.0,0.0,0.0,0.0,0.0,0.0,16723.9951171875,0.0,168769.71875,0.0,-1222.498046875,0.0,1222.5,0.0,-6.811904898072389,0.0,0.7296450138092041,0.0,FL
325165,FL,1205,0.025012100115418434,2,0.0,0.0,417350.25,2,0,65128.7890625,0.0,358275.125,0.0,0.0,0.0,0.0,0.0,-292.0,0.0,292.0,0.0,-456.0,0.0,456.0,0.0,0.0,0.0,0.0,0.0,0.0,0.0,0.0,0.0,0.0,0.0,0.0,0.0,0.0,0.0,0.0,0.0,0.0,0.0,0.0,0.0,0.0,0.0,0.0,0.0,0.0,0.0,0.0,0.0,0.0,0.0,0.0,0.0,0.0,0.0,0.0,0.0,0.0,0.0,0.0,0.0,0.0,0.0,0.0,0.0,0.0,0.0,0.0,0.0,0.0,0.0,0.0,0.0,0.0,0.0,0.0,0.0,0.0,0.0,0.0,0.0,0.0,0.0,0.0,0.0,0.0,0.0,0.0,0.0,0.0,0.0,0.0,0.0,0.0,0.0,0.0,0.0,64380.7890625,0.0,359023.125,0.0,-748.0,0.0,748.0,0.0,-1.1484936397054633,0.0,0.20877809822559357,0.0,FL
325166,FL,1205,57.53330612182617,1,0.0,0.0,0.0,1,0,0.0,0.0,27802.24609375,14570.3623046875,13231.8837890625,0.0,0.0,27802.24609375,0.0,0.0,0.0,0.0,0.0,0.0,0.0,0.0,0.0,0.0,0.0,0.0,0.0,0.0,0.0,0.0,0.0,0.0,0.0,0.0,0.0,0.0,0.0,0.0,0.0,0.0,0.0,0.0,0.0,0.0,0.0,0.0,0.0,0.0,0.0,0.0,0.0,0.0,0.0,0.0,0.0,0.0,0.0,0.0,0.0,0.0,0.0,0.0,0.0,0.0,0.0,0.0,0.0,0.0,0.0,0.0,0.0,0.0,0.0,0.0,0.0,0.0,0.0,0.0,0.0,0.0,0.0,0.0,0.0,0.0,0.0,0.0,0.0,0.0,0.0,0.0,0.0,0.0,0.0,0.0,0.0,0.0,0.0,0.0,0.0,0.0,27802.24609375,27802.24609375,0.0,0.0,0.0,0.0,0.0,0.0,0.0,0.0,FL
325167,FL,1205,44.33989334106445,1,0.0,0.0,4136.35107421875,1,0,0.0,0.0,44797.53125,19501.171875,0.0,0.0,0.0,19501.171875,0.0,0.0,0.0,0.0,0.0,0.0,0.0,0.0,0.0,0.0,0.0,0.0,0.0,0.0,0.0,0.0,0.0,0.0,0.0,0.0,0.0,0.0,0.0,0.0,0.0,0.0,0.0,0.0,0.0,0.0,0.0,0.0,0.0,0.0,0.0,0.0,0.0,0.0,0.0,0.0,0.0,0.0,0.0,0.0,0.0,0.0,0.0,0.0,0.0,0.0,0.0,0.0,0.0,0.0,0.0,0.0,0.0,0.0,0.0,0.0,0.0,0.0,0.0,0.0,0.0,0.0,0.0,0.0,0.0,0.0,0.0,0.0,0.0,0.0,0.0,0.0,0.0,0.0,0.0,0.0,0.0,0.0,0.0,0.0,0.0,0.0,44797.53125,19501.171875,0.0,0.0,0.0,0.0,0.0,0.0,0.0,0.0,FL
325168,FL,1205,73.24353790283203,1,0.0,0.0,0.0,1,0,0.0,0.0,59536.90234375,29912.29296875,0.0,0.0,0.0,29912.29296875,0.0,0.0,0.0,0.0,0.0,0.0,0.0,0.0,0.0,0.0,0.0,0.0,0.0,0.0,0.0,0.0,0.0,0.0,0.0,0.0,0.0,0.0,0.0,0.0,0.0,0.0,0.0,0.0,0.0,0.0,0.0,0.0,0.0,0.0,0.0,0.0,0.0,0.0,0.0,0.0,0.0,0.0,0.0,0.0,0.0,0.0,0.0,0.0,0.0,0.0,0.0,0.0,0.0,0.0,0.0,0.0,0.0,0.0,0.0,0.0,0.0,0.0,0.0,0.0,0.0,0.0,0.0,0.0,0.0,0.0,0.0,0.0,0.0,0.0,0.0,0.0,0.0,0.0,0.0,0.0,0.0,0.0,0.0,0.0,0.0,0.0,59536.90234375,29912.29296875,0.0,0.0,0.0,0.0,0.0,0.0,0.0,0.0,FL
325169,FL,1205,51.647483825683594,1,0.0,3390.25244140625,3398.525146484375,1,0,0.0,0.0,50563.26171875,22064.71484375,0.0,0.0,0.0,22064.71484375,0.0,0.0,0.0,0.0,0.0,0.0,0.0,0.0,0.0,0.0,0.0,0.0,0.0,0.0,0.0,0.0,0.0,0.0,0.0,0.0,0.0,0.0,0.0,0.0,0.0,0.0,0.0,0.0,0.0,0.0,0.0,0.0,0.0,0.0,0.0,0.0,0.0,0.0,0.0,0.0,0.0,0.0,0.0,0.0,0.0,0.0,0.0,0.0,0.0,0.0,0.0,0.0,0.0,0.0,0.0,0.0,0.0,0.0,0.0,0.0,0.0,0.0,0.0,0.0,0.0,0.0,0.0,0.0,0.0,0.0,0.0,0.0,0.0,0.0,0.0,0.0,0.0,0.0,0.0,0.0,0.0,0.0,0.0,0.0,0.0,0.0,50563.26171875,22064.71484375,0.0,0.0,0.0,0.0,0.0,0.0,0.0,0.0,FL
325170,FL,1205,0.0371752567589283,2,0.0,366788.328125,439046.6875,2,0,82865.0234375,0.0,331950.375,0.0,0.0,0.0,0.0,0.0,-292.0,0.0,292.0,0.0,-456.0,0.0,456.0,0.0,0.0,0.0,0.0,0.0,0.0,0.0,0.0,0.0,0.0,0.0,0.0,0.0,0.0,0.0,0.0,0.0,0.0,0.0,0.0,0.0,0.0,0.0,0.0,0.0,0.0,0.0,0.0,0.0,0.0,0.0,0.0,0.0,-13.015625,0.0,13.03125,0.0,0.0,0.0,0.0,0.0,0.0,0.0,0.0,0.0,0.0,0.0,0.0,0.0,0.0,0.0,0.0,0.0,0.0,0.0,0.0,0.0,0.0,0.0,0.0,0.0,0.0,0.0,0.0,0.0,0.0,0.0,0.0,0.0,0.0,0.0,0.0,0.0,0.0,0.0,0.0,0.0,82104.0078125,0.0,332711.40625,0.0,-761.015625,0.0,761.03125,0.0,-0.9183797861035873,0.0,0.22926056385040283,0.0,FL
325171,FL,1205,105.78104400634766,1,0.0,0.0,0.0,1,0,0.0,0.0,36937.1328125,13359.525390625,13231.8837890625,0.0,0.0,26591.4091796875,0.0,0.0,0.0,0.0,0.0,0.0,0.0,0.0,0.0,0.0,0.0,0.0,0.0,0.0,0.0,0.0,0.0,0.0,0.0,0.0,0.0,0.0,0.0,0.0,0.0,0.0,0.0,0.0,0.0,0.0,0.0,0.0,0.0,0.0,0.0,0.0,0.0,0.0,0.0,0.0,0.0,0.0,0.0,0.0,0.0,0.0,0.0,0.0,0.0,0.0,0.0,0.0,0.0,0.0,0.0,0.0,0.0,0.0,0.0,0.0,0.0,0.0,0.0,0.0,0.0,0.0,0.0,0.0,0.0,0.0,0.0,0.0,0.0,0.0,0.0,0.0,0.0,0.0,0.0,0.0,0.0,0.0,0.0,0.0,0.0,0.0,36937.1328125,26591.4091796875,0.0,0.0,0.0,0.0,0.0,0.0,0.0,0.0,FL
325172,FL,1205,582.6113891601562,3,0.0,0.0,0.0,3,0,0.0,0.0,70229.5625,19786.001953125,39695.6513671875,0.0,0.0,59481.6533203125,0.0,0.0,0.0,0.0,0.0,0.0,0.0,0.0,0.0,0.0,0.0,0.0,0.0,0.0,0.0,0.0,0.0,0.0,0.0,0.0,0.0,0.0,0.0,0.0,0.0,0.0,0.0,0.0,0.0,0.0,0.0,0.0,0.0,0.0,0.0,0.0,0.0,0.0,0.0,0.0,0.0,0.0,0.0,0.0,0.0,0.0,0.0,0.0,0.0,0.0,0.0,0.0,0.0,0.0,0.0,0.0,0.0,0.0,0.0,0.0,0.0,0.0,0.0,0.0,0.0,0.0,0.0,0.0,0.0,0.0,0.0,0.0,0.0,0.0,0.0,0.0,0.0,0.0,0.0,0.0,0.0,0.0,0.0,0.0,0.0,0.0,70229.5625,59481.6533203125,0.0,0.0,0.0,0.0,0.0,0.0,0.0,0.0,FL
325173,FL,1205,0.020720550790429115,2,0.0,93905.07421875,92000.57421875,2,0,6628.951416015625,0.0,105092.640625,0.0,0.0,12596.69140625,0.0,12596.69140625,-10.0,0.0,10.0,0.0,-114.0,0.0,114.0,0.0,0.0,0.0,0.0,0.0,0.0,0.0,0.0,0.0,0.0,0.0,0.0,0.0,0.0,0.0,0.0,0.0,0.0,0.0,0.0,0.0,0.0,0.0,0.0,0.0,0.0,0.0,0.0,0.0,0.0,0.0,0.0,0.0,0.0,0.0,0.0,0.0,0.0,0.0,0.0,0.0,0.0,0.0,0.0,0.0,0.0,0.0,0.0,0.0,0.0,0.0,0.0,0.0,0.0,0.0,0.0,0.0,0.0,0.0,0.0,0.0,-89.949462890625,0.0,89.9375,0.0,0.0,0.0,0.0,0.0,0.0,0.0,-8041.578125,-8041.583984375,0.0,0.0,0.0,0.0,6415.001953125,0.0,97265.0,4555.107421875,-213.949462890625,0.0,-7827.640625,-8041.583984375,-3.2275008438547395,0.0,-7.448324680328369,-63.83885835597331,FL
325174,FL,1205,308.3897399902344,1,0.0,0.0,0.0,1,0,0.0,0.0,30455.88671875,12895.84375,13231.8837890625,0.0,0.0,26127.7275390625,0.0,0.0,0.0,0.0,0.0,0.0,0.0,0.0,0.0,0.0,0.0,0.0,0.0,0.0,0.0,0.0,0.0,0.0,0.0,0.0,0.0,0.0,0.0,0.0,0.0,0.0,0.0,0.0,0.0,0.0,0.0,0.0,0.0,0.0,0.0,0.0,0.0,0.0,0.0,0.0,0.0,0.0,0.0,0.0,0.0,0.0,0.0,0.0,0.0,0.0,0.0,0.0,0.0,0.0,0.0,0.0,0.0,0.0,0.0,0.0,0.0,0.0,0.0,0.0,0.0,0.0,0.0,0.0,0.0,0.0,0.0,0.0,0.0,0.0,0.0,0.0,0.0,0.0,0.0,0.0,0.0,0.0,0.0,0.0,0.0,0.0,30455.88671875,26127.7275390625,0.0,0.0,0.0,0.0,0.0,0.0,0.0,0.0,FL
325175,FL,1205,0.06949406862258911,1,0.0,54817.3828125,55649.6171875,1,0,4616.9541015625,0.0,50485.95703125,0.0,0.0,0.0,0.0,0.0,-5.0,0.0,5.0,0.0,-114.0,0.0,114.0,0.0,0.0,0.0,0.0,0.0,0.0,0.0,0.0,0.0,0.0,0.0,0.0,0.0,0.0,0.0,0.0,0.0,0.0,0.0,0.0,0.0,0.0,0.0,0.0,0.0,0.0,0.0,0.0,0.0,0.0,0.0,0.0,0.0,0.0,0.0,0.0,0.0,0.0,0.0,0.0,0.0,0.0,0.0,0.0,0.0,0.0,0.0,0.0,0.0,0.0,0.0,0.0,0.0,0.0,0.0,0.0,0.0,0.0,0.0,0.0,0.0,0.0,0.0,0.0,0.0,0.0,0.0,0.0,0.0,0.0,0.0,0.0,0.0,0.0,0.0,0.0,0.0,4497.9541015625,0.0,50604.95703125,0.0,-119.0,0.0,119.0,0.0,-2.577456855369804,0.0,0.23570910096168518,0.0,FL
325176,FL,1205,0.04119136184453964,4,2.0,129176.62890625,174662.84375,4,0,4913.974609375,0.0,193476.234375,0.0,0.0,0.0,0.0,0.0,-10.0,0.0,10.0,0.0,0.0,0.0,0.0,0.0,0.0,0.0,0.0,0.0,0.0,0.0,0.0,0.0,-400.0,0.0,400.0,0.0,0.0,0.0,0.0,0.0,0.0,0.0,0.0,0.0,0.0,0.0,0.0,0.0,0.0,0.0,0.0,0.0,0.0,0.0,0.0,0.0,0.0,0.0,0.0,0.0,0.0,0.0,0.0,0.0,0.0,0.0,0.0,0.0,0.0,0.0,0.0,0.0,0.0,0.0,0.0,0.0,0.0,0.0,0.0,0.0,0.0,0.0,0.0,0.0,0.0,0.0,0.0,0.0,0.0,0.0,0.0,0.0,0.0,0.0,0.0,0.0,0.0,0.0,0.0,0.0,4503.974609375,0.0,193886.234375,0.0,-410.0,0.0,410.0,0.0,-8.343551454616636,0.0,0.21191231906414032,0.0,FL
325177,FL,1205,100.04704284667969,1,0.0,0.0,2852.131591796875,1,0,0.0,0.0,33941.7265625,9763.453125,13231.8837890625,0.0,0.0,22995.3369140625,0.0,0.0,0.0,0.0,0.0,0.0,0.0,0.0,0.0,0.0,0.0,0.0,0.0,0.0,0.0,0.0,0.0,0.0,0.0,0.0,0.0,0.0,0.0,0.0,0.0,0.0,0.0,0.0,0.0,0.0,0.0,0.0,0.0,0.0,0.0,0.0,0.0,0.0,0.0,0.0,0.0,0.0,0.0,0.0,0.0,0.0,0.0,0.0,0.0,0.0,0.0,0.0,0.0,0.0,0.0,0.0,0.0,0.0,0.0,0.0,0.0,0.0,0.0,0.0,0.0,0.0,0.0,0.0,0.0,0.0,0.0,0.0,0.0,0.0,0.0,0.0,0.0,0.0,0.0,0.0,0.0,0.0,0.0,0.0,0.0,0.0,33941.7265625,22995.3369140625,0.0,0.0,0.0,0.0,0.0,0.0,0.0,0.0,FL
325178,FL,1205,0.035004496574401855,2,0.0,27710.9453125,328652.4375,2,0,57885.5234375,0.0,278102.53125,0.0,0.0,0.0,0.0,0.0,-369.0,0.0,369.0,0.0,-304.0,0.0,304.0,0.0,0.0,0.0,0.0,0.0,0.0,0.0,0.0,0.0,0.0,0.0,0.0,0.0,0.0,0.0,0.0,0.0,0.0,0.0,0.0,0.0,0.0,0.0,0.0,0.0,0.0,0.0,0.0,0.0,0.0,0.0,0.0,0.0,-320.0,0.0,320.0,0.0,0.0,0.0,0.0,0.0,0.0,0.0,0.0,0.0,0.0,0.0,0.0,0.0,0.0,0.0,0.0,0.0,0.0,0.0,0.0,0.0,0.0,0.0,0.0,0.0,0.0,0.0,0.0,0.0,0.0,0.0,0.0,0.0,0.0,0.0,0.0,0.0,0.0,0.0,0.0,0.0,56892.5234375,0.0,279095.53125,0.0,-993.0,0.0,993.0,0.0,-1.7154548167335124,0.0,0.35706254839897156,0.0,FL
325179,FL,1205,23.296539306640625,2,0.0,0.0,28.08690643310547,2,0,0.0,0.0,695.8729858398438,660.0,0.0,0.0,0.0,660.0,0.0,0.0,0.0,0.0,0.0,0.0,0.0,0.0,0.0,0.0,0.0,0.0,0.0,0.0,0.0,0.0,0.0,0.0,0.0,0.0,0.0,0.0,0.0,0.0,0.0,0.0,0.0,0.0,0.0,0.0,0.0,0.0,0.0,0.0,0.0,0.0,0.0,0.0,0.0,0.0,0.0,0.0,0.0,0.0,0.0,0.0,0.0,0.0,0.0,0.0,0.0,0.0,0.0,0.0,0.0,0.0,0.0,0.0,0.0,0.0,0.0,0.0,0.0,0.0,0.0,0.0,0.0,0.0,0.0,0.0,0.0,0.0,0.0,0.0,0.0,0.0,0.0,0.0,0.0,0.0,0.0,0.0,0.0,0.0,0.0,0.0,695.8729858398438,660.0,0.0,0.0,0.0,0.0,0.0,0.0,0.0,0.0,FL
325180,FL,1205,20.985210418701172,1,0.0,0.0,2.4818105697631836,1,0,0.0,0.0,38812.8828125,19713.458984375,0.0,0.0,0.0,19713.458984375,0.0,0.0,0.0,0.0,0.0,0.0,0.0,0.0,0.0,0.0,0.0,0.0,0.0,0.0,0.0,0.0,0.0,0.0,0.0,0.0,0.0,0.0,0.0,0.0,0.0,0.0,0.0,0.0,0.0,0.0,0.0,0.0,0.0,0.0,0.0,0.0,0.0,0.0,0.0,0.0,0.0,0.0,0.0,0.0,0.0,0.0,0.0,0.0,0.0,0.0,0.0,0.0,0.0,0.0,0.0,0.0,0.0,0.0,0.0,0.0,0.0,0.0,0.0,0.0,0.0,0.0,0.0,0.0,0.0,0.0,0.0,0.0,0.0,0.0,-287.6796875,-287.68359375,0.0,0.0,0.0,0.0,0.0,0.0,0.0,0.0,0.0,0.0,38525.203125,19425.775390625,0.0,0.0,-287.6796875,-287.68359375,0.0,0.0,-0.7411963939666748,-1.4593258036452135,FL
325181,FL,1205,0.030826613306999207,4,0.0,42214.3359375,42214.3359375,4,0,3004.72021484375,0.0,119435.6875,28315.8515625,26463.767578125,0.0,0.0,54779.619140625,-5.0,0.0,5.0,0.0,-114.0,0.0,114.0,0.0,0.0,0.0,0.0,0.0,0.0,0.0,0.0,0.0,0.0,0.0,0.0,0.0,0.0,0.0,0.0,0.0,0.0,0.0,0.0,0.0,0.0,0.0,0.0,0.0,0.0,0.0,0.0,0.0,0.0,0.0,0.0,0.0,-120.0,0.0,120.0,0.0,0.0,0.0,0.0,0.0,0.0,0.0,0.0,0.0,0.0,0.0,0.0,0.0,0.0,0.0,0.0,0.0,0.0,0.0,0.0,0.0,0.0,0.0,0.0,0.0,0.0,0.0,0.0,0.0,0.0,0.0,0.0,0.0,0.0,0.0,0.0,0.0,0.0,0.0,0.0,0.0,2765.72021484375,0.0,119674.6875,54779.619140625,-239.0,0.0,239.0,0.0,-7.954151565237442,0.0,0.20010769367218018,0.0,FL
325182,FL,1205,0.058989401906728745,3,1.0,86884.8828125,87071.015625,3,0,6326.52197265625,0.0,83681.6875,0.0,2763.543212890625,0.0,0.0,2763.543212890625,-10.0,0.0,10.0,0.0,-228.0,0.0,228.0,0.0,0.0,0.0,0.0,0.0,0.0,0.0,0.0,0.0,0.0,0.0,0.0,0.0,0.0,0.0,0.0,0.0,0.0,0.0,0.0,0.0,0.0,0.0,0.0,0.0,0.0,0.0,0.0,0.0,0.0,0.0,0.0,0.0,0.0,0.0,0.0,0.0,0.0,0.0,0.0,0.0,0.0,0.0,0.0,0.0,0.0,0.0,0.0,0.0,0.0,0.0,0.0,0.0,0.0,0.0,0.0,0.0,0.0,0.0,0.0,0.0,-60.52880859375,0.0,60.5234375,0.0,0.0,0.0,0.0,0.0,0.0,0.0,0.0,0.0,0.0,0.0,0.0,0.0,6027.9931640625,0.0,83980.2109375,2763.543212890625,-298.52880859375,0.0,298.5234375,0.0,-4.718687611993069,0.0,0.3567368686199188,0.0,FL
325183,FL,1205,0.03151853755116463,2,0.0,37659.8212890625,37664.78515625,2,0,1086.6510009765625,0.0,47134.8671875,0.0,13231.8837890625,0.0,0.0,13231.8837890625,0.0,0.0,0.0,0.0,-95.0,0.0,95.0,0.0,0.0,0.0,0.0,0.0,0.0,0.0,0.0,0.0,0.0,0.0,0.0,0.0,0.0,0.0,0.0,0.0,0.0,0.0,0.0,0.0,0.0,0.0,0.0,0.0,0.0,0.0,0.0,0.0,0.0,0.0,0.0,0.0,0.0,0.0,0.0,0.0,0.0,0.0,0.0,0.0,0.0,0.0,0.0,0.0,0.0,0.0,0.0,0.0,0.0,0.0,0.0,0.0,0.0,0.0,0.0,0.0,0.0,0.0,0.0,0.0,0.0,0.0,0.0,0.0,0.0,0.0,0.0,0.0,0.0,0.0,0.0,0.0,0.0,0.0,0.0,0.0,991.6510009765625,0.0,47229.8671875,13231.8837890625,-95.0,0.0,95.0,0.0,-8.74245732204953,0.0,0.20154930651187897,0.0,FL
325184,FL,1205,49.733821868896484,1,0.0,0.0,165.45404052734375,1,0,0.0,0.0,42191.578125,21282.974609375,0.0,0.0,0.0,21282.974609375,0.0,0.0,0.0,0.0,0.0,0.0,0.0,0.0,0.0,0.0,0.0,0.0,0.0,0.0,0.0,0.0,0.0,0.0,0.0,0.0,0.0,0.0,0.0,0.0,0.0,0.0,0.0,0.0,0.0,0.0,0.0,0.0,0.0,0.0,0.0,0.0,0.0,0.0,0.0,0.0,0.0,0.0,0.0,0.0,0.0,0.0,0.0,0.0,0.0,0.0,0.0,0.0,0.0,0.0,0.0,0.0,0.0,0.0,0.0,0.0,0.0,0.0,0.0,0.0,0.0,0.0,0.0,0.0,0.0,0.0,0.0,0.0,0.0,0.0,0.0,0.0,0.0,0.0,0.0,0.0,0.0,0.0,0.0,0.0,0.0,0.0,42191.578125,21282.974609375,0.0,0.0,0.0,0.0,0.0,0.0,0.0,0.0,FL
325185,FL,1205,83.91728973388672,1,0.0,0.0,0.0,1,0,0.0,0.0,51870.25390625,26078.96875,0.0,0.0,0.0,26078.96875,0.0,0.0,0.0,0.0,0.0,0.0,0.0,0.0,0.0,0.0,0.0,0.0,0.0,0.0,0.0,0.0,0.0,0.0,0.0,0.0,0.0,0.0,0.0,0.0,0.0,0.0,0.0,0.0,0.0,0.0,0.0,0.0,0.0,0.0,0.0,0.0,0.0,0.0,0.0,0.0,0.0,0.0,0.0,0.0,0.0,0.0,0.0,0.0,0.0,0.0,0.0,0.0,0.0,0.0,0.0,0.0,0.0,0.0,0.0,0.0,0.0,0.0,0.0,0.0,0.0,0.0,0.0,0.0,0.0,0.0,0.0,0.0,0.0,0.0,0.0,0.0,0.0,0.0,0.0,0.0,0.0,0.0,0.0,0.0,0.0,0.0,51870.25390625,26078.96875,0.0,0.0,0.0,0.0,0.0,0.0,0.0,0.0,FL
325186,FL,1205,0.03822116181254387,1,0.0,220649.046875,222303.59375,1,0,43177.01953125,0.0,176629.125,0.0,0.0,0.0,0.0,0.0,-369.0,0.0,369.0,0.0,-304.0,0.0,304.0,0.0,0.0,0.0,0.0,0.0,0.0,0.0,0.0,0.0,0.0,0.0,0.0,0.0,0.0,0.0,0.0,0.0,0.0,0.0,0.0,0.0,0.0,0.0,0.0,0.0,0.0,0.0,0.0,0.0,0.0,0.0,0.0,0.0,0.0,0.0,0.0,0.0,0.0,0.0,0.0,0.0,0.0,0.0,0.0,0.0,0.0,0.0,0.0,0.0,0.0,0.0,0.0,0.0,0.0,0.0,0.0,0.0,0.0,0.0,0.0,0.0,0.0,0.0,0.0,0.0,0.0,0.0,0.0,0.0,0.0,0.0,0.0,0.0,0.0,0.0,0.0,0.0,42504.01953125,0.0,177302.125,0.0,-673.0,0.0,673.0,0.0,-1.5586995288382663,0.0,0.3810243606567383,0.0,FL
325187,FL,1205,203.12013244628906,3,2.0,0.0,0.0,3,0,0.0,0.0,24946.935546875,6187.96435546875,18758.97021484375,0.0,0.0,24946.9345703125,0.0,0.0,0.0,0.0,0.0,0.0,0.0,0.0,0.0,0.0,0.0,0.0,0.0,0.0,0.0,0.0,0.0,0.0,0.0,0.0,0.0,0.0,0.0,0.0,0.0,0.0,0.0,0.0,0.0,0.0,0.0,0.0,0.0,0.0,0.0,0.0,0.0,0.0,0.0,0.0,0.0,0.0,0.0,0.0,0.0,0.0,0.0,0.0,0.0,0.0,0.0,0.0,0.0,0.0,0.0,0.0,0.0,0.0,0.0,0.0,0.0,0.0,0.0,0.0,0.0,0.0,0.0,0.0,0.0,0.0,0.0,0.0,0.0,0.0,0.0,0.0,0.0,0.0,0.0,0.0,0.0,0.0,0.0,0.0,0.0,0.0,24946.935546875,24946.9345703125,0.0,0.0,0.0,0.0,0.0,0.0,0.0,0.0,FL
325188,FL,1205,0.031980566680431366,2,0.0,435536.8046875,437645.96875,2,0,84062.90625,0.0,369817.25,0.0,0.0,0.0,0.0,0.0,-764.0,0.0,764.0,0.0,-608.0,0.0,608.0,0.0,0.0,0.0,0.0,0.0,0.0,0.0,0.0,0.0,0.0,0.0,0.0,0.0,0.0,0.0,0.0,0.0,0.0,0.0,0.0,0.0,0.0,0.0,0.0,0.0,0.0,0.0,0.0,0.0,0.0,0.0,0.0,0.0,-610.9921875,0.0,611.0,0.0,0.0,0.0,0.0,0.0,0.0,0.0,0.0,0.0,0.0,0.0,0.0,0.0,0.0,0.0,0.0,0.0,0.0,0.0,0.0,0.0,0.0,0.0,0.0,0.0,0.0,0.0,0.0,0.0,0.0,0.0,0.0,0.0,0.0,0.0,0.0,0.0,0.0,0.0,0.0,0.0,82079.9140625,0.0,371800.25,0.0,-1982.9921875,0.0,1983.0,0.0,-2.358938414052274,0.0,0.5362107753753662,0.0,FL
325189,FL,1205,410.7663269042969,2,1.0,0.0,0.0,2,0,0.0,0.0,24104.220703125,8108.79345703125,15995.427001953125,0.0,0.0,24104.220458984375,0.0,0.0,0.0,0.0,0.0,0.0,0.0,0.0,0.0,0.0,0.0,0.0,0.0,0.0,0.0,0.0,0.0,0.0,0.0,0.0,0.0,0.0,0.0,0.0,0.0,0.0,0.0,0.0,0.0,0.0,0.0,0.0,0.0,0.0,0.0,0.0,0.0,0.0,0.0,0.0,0.0,0.0,0.0,0.0,0.0,0.0,0.0,0.0,0.0,0.0,0.0,0.0,0.0,0.0,0.0,0.0,0.0,0.0,0.0,0.0,0.0,0.0,0.0,0.0,0.0,0.0,0.0,0.0,0.0,0.0,0.0,0.0,0.0,0.0,-6588.71875,-6588.7177734375,0.0,0.0,0.0,0.0,0.0,0.0,0.0,0.0,0.0,0.0,17515.501953125,17515.502685546875,0.0,0.0,-6588.71875,-6588.7177734375,0.0,0.0,-27.334293365478516,-27.334291041059927,FL
325190,FL,1205,88.3474349975586,1,0.0,0.0,496.36212158203125,1,0,0.0,0.0,58872.9765625,28603.2734375,0.0,0.0,0.0,28603.2734375,0.0,0.0,0.0,0.0,0.0,0.0,0.0,0.0,0.0,0.0,0.0,0.0,0.0,0.0,0.0,0.0,0.0,0.0,0.0,0.0,0.0,0.0,0.0,0.0,0.0,0.0,0.0,0.0,0.0,0.0,0.0,0.0,0.0,0.0,0.0,0.0,0.0,0.0,0.0,0.0,0.0,0.0,0.0,0.0,0.0,0.0,0.0,0.0,0.0,0.0,0.0,0.0,0.0,0.0,0.0,0.0,0.0,0.0,0.0,0.0,0.0,0.0,0.0,0.0,0.0,0.0,0.0,0.0,0.0,0.0,0.0,0.0,0.0,0.0,0.0,0.0,0.0,0.0,0.0,0.0,0.0,0.0,0.0,0.0,0.0,0.0,58872.9765625,28603.2734375,0.0,0.0,0.0,0.0,0.0,0.0,0.0,0.0,FL
325191,FL,1205,0.09869390726089478,1,0.0,77023.6640625,77026.1484375,1,0,8439.7529296875,0.0,76478.0078125,0.0,0.0,0.0,0.0,0.0,-115.0,0.0,115.0,0.0,-209.00048828125,0.0,209.0,0.0,0.0,0.0,0.0,0.0,0.0,0.0,0.0,0.0,0.0,0.0,0.0,0.0,0.0,0.0,0.0,0.0,0.0,0.0,0.0,0.0,0.0,0.0,0.0,0.0,0.0,0.0,0.0,0.0,0.0,0.0,0.0,0.0,0.0,0.0,0.0,0.0,0.0,0.0,0.0,0.0,0.0,0.0,0.0,0.0,0.0,0.0,0.0,0.0,0.0,0.0,0.0,0.0,0.0,0.0,0.0,0.0,0.0,0.0,0.0,0.0,0.0,0.0,0.0,0.0,0.0,0.0,0.0,0.0,0.0,0.0,0.0,0.0,0.0,0.0,0.0,0.0,8115.75244140625,0.0,76802.0078125,0.0,-324.00048828125,0.0,324.0,0.0,-3.8389807258640545,0.0,0.42365118861198425,0.0,FL
325192,FL,1205,87.8281021118164,1,0.0,0.0,0.0,1,0,0.0,0.0,48864.1953125,24575.939453125,0.0,0.0,0.0,24575.939453125,0.0,0.0,0.0,0.0,0.0,0.0,0.0,0.0,0.0,0.0,0.0,0.0,0.0,0.0,0.0,0.0,0.0,0.0,0.0,0.0,0.0,0.0,0.0,0.0,0.0,0.0,0.0,0.0,0.0,0.0,0.0,0.0,0.0,0.0,0.0,0.0,0.0,0.0,0.0,0.0,0.0,0.0,0.0,0.0,0.0,0.0,0.0,0.0,0.0,0.0,0.0,0.0,0.0,0.0,0.0,0.0,0.0,0.0,0.0,0.0,0.0,0.0,0.0,0.0,0.0,0.0,0.0,0.0,0.0,0.0,0.0,0.0,0.0,0.0,0.0,0.0,0.0,0.0,0.0,0.0,0.0,0.0,0.0,0.0,0.0,0.0,48864.1953125,24575.939453125,0.0,0.0,0.0,0.0,0.0,0.0,0.0,0.0,FL
325193,FL,1205,242.48358154296875,2,0.0,0.0,0.0,2,0,0.0,0.0,330.0,330.0,0.0,0.0,0.0,330.0,0.0,0.0,0.0,0.0,0.0,0.0,0.0,0.0,0.0,0.0,0.0,0.0,0.0,0.0,0.0,0.0,0.0,0.0,0.0,0.0,0.0,0.0,0.0,0.0,0.0,0.0,0.0,0.0,0.0,0.0,0.0,0.0,0.0,0.0,0.0,0.0,0.0,0.0,0.0,0.0,0.0,0.0,0.0,0.0,0.0,0.0,0.0,0.0,0.0,0.0,0.0,0.0,0.0,0.0,0.0,0.0,0.0,0.0,0.0,0.0,0.0,0.0,0.0,0.0,0.0,0.0,0.0,0.0,0.0,0.0,0.0,0.0,0.0,0.0,0.0,0.0,0.0,0.0,0.0,0.0,0.0,0.0,0.0,0.0,0.0,0.0,330.0,330.0,0.0,0.0,0.0,0.0,0.0,0.0,0.0,0.0,FL
325194,FL,1205,0.8336053490638733,1,0.0,0.0,144478.921875,1,0,17588.890625,0.0,125471.28125,0.0,0.0,0.0,0.0,0.0,-115.0,0.0,115.0,0.0,-167.19921875,0.0,167.1953125,0.0,0.0,0.0,0.0,0.0,0.0,0.0,0.0,0.0,0.0,0.0,0.0,0.0,0.0,0.0,0.0,0.0,0.0,0.0,0.0,0.0,0.0,0.0,0.0,0.0,0.0,0.0,0.0,0.0,0.0,0.0,0.0,0.0,0.0,0.0,0.0,0.0,0.0,0.0,0.0,0.0,0.0,0.0,0.0,0.0,0.0,0.0,0.0,0.0,0.0,0.0,0.0,0.0,0.0,0.0,0.0,0.0,0.0,0.0,0.0,0.0,0.0,0.0,0.0,0.0,0.0,0.0,0.0,0.0,0.0,0.0,0.0,0.0,0.0,0.0,0.0,0.0,17306.69140625,0.0,125753.4765625,0.0,-282.19921875,0.0,282.1953125,0.0,-1.6044173834869133,0.0,0.2249082773923874,0.0,FL
325195,FL,1205,1.0120506286621094,3,1.0,139374.15625,210707.40625,3,0,26967.599609375,0.0,206450.71875,0.0,0.0,0.0,0.0,0.0,-230.0,0.0,230.0,0.0,-418.0,0.0,418.0,0.0,0.0,0.0,0.0,0.0,0.0,0.0,0.0,0.0,-200.0,0.0,200.0,0.0,0.0,0.0,0.0,0.0,0.0,0.0,0.0,0.0,0.0,0.0,0.0,0.0,0.0,0.0,0.0,0.0,0.0,0.0,0.0,0.0,-118.806640625,0.0,118.8125,0.0,0.0,0.0,0.0,0.0,0.0,0.0,0.0,0.0,0.0,0.0,0.0,0.0,0.0,0.0,0.0,0.0,0.0,0.0,0.0,0.0,-518.66015625,0.0,518.65625,0.0,0.0,0.0,0.0,0.0,0.0,0.0,0.0,0.0,0.0,0.0,0.0,0.0,0.0,0.0,0.0,0.0,25482.1328125,0.0,207936.1875,0.0,-1485.466796875,0.0,1485.46875,0.0,-5.508338963763736,0.0,0.7195270657539368,0.0,FL
325196,FL,1205,485.5122985839844,2,0.0,0.0,1454.0142798423767,2,0,0.0,0.0,81118.71875,42807.3203125,0.0,0.0,0.0,42807.3203125,0.0,0.0,0.0,0.0,0.0,0.0,0.0,0.0,0.0,0.0,0.0,0.0,0.0,0.0,0.0,0.0,0.0,0.0,0.0,0.0,0.0,0.0,0.0,0.0,0.0,0.0,0.0,0.0,0.0,0.0,0.0,0.0,0.0,0.0,0.0,0.0,0.0,0.0,0.0,0.0,0.0,0.0,0.0,0.0,0.0,0.0,0.0,0.0,0.0,0.0,0.0,0.0,0.0,0.0,0.0,0.0,0.0,0.0,0.0,0.0,0.0,0.0,0.0,0.0,0.0,0.0,0.0,0.0,0.0,0.0,0.0,0.0,0.0,0.0,0.0,0.0,0.0,0.0,0.0,0.0,0.0,0.0,0.0,0.0,0.0,0.0,81118.71875,42807.3203125,0.0,0.0,0.0,0.0,0.0,0.0,0.0,0.0,FL
325197,FL,1205,0.03872157260775566,2,0.0,432100.7578125,600168.5625,2,0,134821.0,0.0,429416.0625,0.0,0.0,0.0,0.0,0.0,-749.0,0.0,749.0,0.0,-665.0,0.0,665.0,0.0,0.0,0.0,0.0,0.0,0.0,0.0,0.0,0.0,0.0,0.0,0.0,0.0,0.0,0.0,0.0,0.0,-1750.0,0.0,1750.0,0.0,0.0,0.0,0.0,0.0,0.0,0.0,0.0,0.0,0.0,0.0,0.0,0.0,0.0,0.0,0.0,0.0,0.0,0.0,0.0,0.0,0.0,0.0,0.0,0.0,0.0,0.0,0.0,0.0,0.0,0.0,0.0,0.0,0.0,0.0,0.0,0.0,0.0,0.0,0.0,0.0,0.0,0.0,0.0,0.0,0.0,0.0,0.0,0.0,0.0,0.0,0.0,0.0,0.0,0.0,0.0,0.0,131657.0,0.0,432580.0625,0.0,-3164.0,0.0,3164.0,0.0,-2.3468154070953338,0.0,0.736814558506012,0.0,FL
325198,FL,1205,119.85311889648438,1,0.0,0.0,0.0,1,0,0.0,0.0,51453.8984375,25870.791015625,0.0,0.0,0.0,25870.791015625,0.0,0.0,0.0,0.0,0.0,0.0,0.0,0.0,0.0,0.0,0.0,0.0,0.0,0.0,0.0,0.0,0.0,0.0,0.0,0.0,0.0,0.0,0.0,0.0,0.0,0.0,0.0,0.0,0.0,0.0,0.0,0.0,0.0,0.0,0.0,0.0,0.0,0.0,0.0,0.0,0.0,0.0,0.0,0.0,0.0,0.0,0.0,0.0,0.0,0.0,0.0,0.0,0.0,0.0,0.0,0.0,0.0,0.0,0.0,0.0,0.0,0.0,0.0,0.0,0.0,0.0,0.0,0.0,0.0,0.0,0.0,0.0,0.0,0.0,0.0,0.0,0.0,0.0,0.0,0.0,0.0,0.0,0.0,0.0,0.0,0.0,51453.8984375,25870.791015625,0.0,0.0,0.0,0.0,0.0,0.0,0.0,0.0,FL
325199,FL,1205,0.02233351394534111,3,0.0,242487.4609375,862019.1796875,3,0,115499.78686523438,0.0,741325.1875,0.0,0.0,0.0,0.0,0.0,-769.0,0.0,769.0,0.0,-114.0,0.0,114.0,0.0,0.0,0.0,0.0,0.0,0.0,0.0,0.0,0.0,0.0,0.0,0.0,0.0,0.0,0.0,0.0,0.0,0.0,0.0,0.0,0.0,0.0,0.0,0.0,0.0,0.0,0.0,0.0,0.0,0.0,0.0,0.0,0.0,0.0,0.0,0.0,0.0,0.0,0.0,0.0,0.0,0.0,0.0,0.0,0.0,0.0,0.0,0.0,0.0,0.0,0.0,0.0,0.0,0.0,0.0,0.0,0.0,0.0,0.0,0.0,0.0,0.0,0.0,0.0,0.0,0.0,0.0,0.0,0.0,0.0,0.0,0.0,0.0,0.0,0.0,0.0,0.0,114616.78686523438,0.0,742208.1875,0.0,-883.0,0.0,883.0,0.0,-0.7645035752579249,0.0,0.11911102384328842,0.0,FL
325200,FL,1205,161.3395233154297,2,0.0,0.0,-404.0516061782837,2,0,0.0,0.0,91349.71875,45671.8203125,0.0,0.0,0.0,45671.8203125,0.0,0.0,0.0,0.0,0.0,0.0,0.0,0.0,0.0,0.0,0.0,0.0,0.0,0.0,0.0,0.0,0.0,0.0,0.0,0.0,0.0,0.0,0.0,0.0,0.0,0.0,0.0,0.0,0.0,0.0,0.0,0.0,0.0,0.0,0.0,0.0,0.0,0.0,0.0,0.0,0.0,0.0,0.0,0.0,0.0,0.0,0.0,0.0,0.0,0.0,0.0,0.0,0.0,0.0,0.0,0.0,0.0,0.0,0.0,0.0,0.0,0.0,0.0,0.0,0.0,0.0,0.0,0.0,0.0,0.0,0.0,0.0,0.0,0.0,0.0,0.0,0.0,0.0,0.0,0.0,0.0,0.0,0.0,0.0,0.0,0.0,91349.71875,45671.8203125,0.0,0.0,0.0,0.0,0.0,0.0,0.0,0.0,FL
325201,FL,1205,50.10159683227539,2,0.0,0.0,1341021.375,2,0,356846.1875,0.0,1046251.9375,48890.4140625,0.0,0.0,0.0,48890.4140625,-734.0,0.0,734.0,0.0,-703.0,0.0,703.0,0.0,0.0,0.0,0.0,0.0,0.0,0.0,0.0,0.0,0.0,0.0,0.0,0.0,0.0,0.0,0.0,0.0,-1732.75,0.0,1732.8125,0.0,0.0,0.0,0.0,0.0,0.0,0.0,0.0,0.0,0.0,0.0,0.0,0.0,0.0,0.0,0.0,0.0,0.0,0.0,0.0,0.0,0.0,0.0,0.0,0.0,0.0,0.0,0.0,0.0,0.0,0.0,0.0,0.0,0.0,0.0,0.0,0.0,0.0,0.0,0.0,0.0,0.0,0.0,0.0,0.0,0.0,0.0,0.0,0.0,0.0,0.0,0.0,0.0,0.0,0.0,0.0,0.0,353676.4375,0.0,1049421.75,48890.4140625,-3169.75,0.0,3169.8125,0.0,-0.888267861906189,0.0,0.3029683828353882,0.0,FL
325202,FL,1205,20.967144012451172,1,0.0,0.0,0.0,1,0,0.0,0.0,37185.22265625,18901.453125,0.0,0.0,0.0,18901.453125,0.0,0.0,0.0,0.0,0.0,0.0,0.0,0.0,0.0,0.0,0.0,0.0,0.0,0.0,0.0,0.0,0.0,0.0,0.0,0.0,0.0,0.0,0.0,0.0,0.0,0.0,0.0,0.0,0.0,0.0,0.0,0.0,0.0,0.0,0.0,0.0,0.0,0.0,0.0,0.0,0.0,0.0,0.0,0.0,0.0,0.0,0.0,0.0,0.0,0.0,0.0,0.0,0.0,0.0,0.0,0.0,0.0,0.0,0.0,0.0,0.0,0.0,0.0,0.0,0.0,0.0,0.0,0.0,0.0,0.0,0.0,0.0,0.0,0.0,0.0,0.0,0.0,0.0,0.0,0.0,0.0,0.0,0.0,0.0,0.0,0.0,37185.22265625,18901.453125,0.0,0.0,0.0,0.0,0.0,0.0,0.0,0.0,FL
325203,FL,1205,0.06945616751909256,3,1.0,304694.09375,550738.5,3,0,113310.9375,0.0,430394.8125,0.0,0.0,0.0,0.0,0.0,0.0,0.0,0.0,0.0,0.0,0.0,0.0,0.0,0.0,0.0,0.0,0.0,0.0,0.0,0.0,0.0,0.0,0.0,0.0,0.0,0.0,0.0,0.0,0.0,-1049.015625,0.0,1049.0,0.0,0.0,0.0,0.0,0.0,0.0,0.0,0.0,0.0,0.0,0.0,0.0,0.0,-560.0,0.0,560.0,0.0,0.0,0.0,0.0,0.0,0.0,0.0,0.0,0.0,0.0,0.0,0.0,0.0,0.0,0.0,0.0,0.0,0.0,0.0,0.0,0.0,0.0,0.0,0.0,0.0,0.0,0.0,0.0,0.0,0.0,0.0,0.0,0.0,0.0,0.0,0.0,0.0,0.0,0.0,0.0,0.0,111701.921875,0.0,432003.8125,0.0,-1609.015625,0.0,1609.0,0.0,-1.420000275789793,0.0,0.3738428056240082,0.0,FL
325204,FL,1205,9.86924934387207,1,0.0,0.0,17.3726749420166,1,0,0.0,0.0,36059.8515625,18182.15234375,0.0,0.0,0.0,18182.15234375,0.0,0.0,0.0,0.0,0.0,0.0,0.0,0.0,0.0,0.0,0.0,0.0,0.0,0.0,0.0,0.0,0.0,0.0,0.0,0.0,0.0,0.0,0.0,0.0,0.0,0.0,0.0,0.0,0.0,0.0,0.0,0.0,0.0,0.0,0.0,0.0,0.0,0.0,0.0,0.0,0.0,0.0,0.0,0.0,0.0,0.0,0.0,0.0,0.0,0.0,0.0,0.0,0.0,0.0,0.0,0.0,0.0,0.0,0.0,0.0,0.0,0.0,0.0,0.0,0.0,0.0,0.0,0.0,0.0,0.0,0.0,0.0,0.0,0.0,0.0,0.0,0.0,0.0,0.0,0.0,0.0,0.0,0.0,0.0,0.0,0.0,36059.8515625,18182.15234375,0.0,0.0,0.0,0.0,0.0,0.0,0.0,0.0,FL
325205,FL,1205,39.44590377807617,1,0.0,0.0,0.0,1,0,0.0,0.0,49071.28515625,24679.484375,0.0,0.0,0.0,24679.484375,0.0,0.0,0.0,0.0,0.0,0.0,0.0,0.0,0.0,0.0,0.0,0.0,0.0,0.0,0.0,0.0,0.0,0.0,0.0,0.0,0.0,0.0,0.0,0.0,0.0,0.0,0.0,0.0,0.0,0.0,0.0,0.0,0.0,0.0,0.0,0.0,0.0,0.0,0.0,0.0,0.0,0.0,0.0,0.0,0.0,0.0,0.0,0.0,0.0,0.0,0.0,0.0,0.0,0.0,0.0,0.0,0.0,0.0,0.0,0.0,0.0,0.0,0.0,0.0,0.0,0.0,0.0,0.0,0.0,0.0,0.0,0.0,0.0,0.0,0.0,0.0,0.0,0.0,0.0,0.0,0.0,0.0,0.0,0.0,0.0,0.0,49071.28515625,24679.484375,0.0,0.0,0.0,0.0,0.0,0.0,0.0,0.0,FL
325206,FL,1205,0.03420209884643555,2,0.0,0.0,300941.5,2,0,45806.21875,0.0,311590.34375,16493.439453125,26463.767578125,0.0,0.0,42957.20703125,-369.0,0.0,369.0,0.0,0.0,0.0,0.0,0.0,0.0,0.0,0.0,0.0,0.0,0.0,0.0,0.0,0.0,0.0,0.0,0.0,0.0,0.0,0.0,0.0,0.0,0.0,0.0,0.0,0.0,0.0,0.0,0.0,0.0,0.0,0.0,0.0,0.0,0.0,0.0,0.0,0.0,0.0,0.0,0.0,0.0,0.0,0.0,0.0,0.0,0.0,0.0,0.0,0.0,0.0,0.0,0.0,0.0,0.0,0.0,0.0,0.0,0.0,0.0,0.0,0.0,0.0,0.0,0.0,0.0,0.0,0.0,0.0,0.0,0.0,0.0,0.0,0.0,0.0,0.0,0.0,0.0,0.0,0.0,0.0,45437.21875,0.0,311959.34375,42957.20703125,-369.0,0.0,369.0,0.0,-0.8055674754860659,0.0,0.11842472106218338,0.0,FL
325207,FL,1205,0.03339090198278427,3,1.0,270031.21875,290657.03125,3,0,46222.6640625,0.0,274185.1875,0.0,0.0,0.0,0.0,0.0,-292.0,0.0,292.0,0.0,-456.0,0.0,456.0,0.0,0.0,0.0,0.0,0.0,0.0,0.0,0.0,0.0,-200.0,0.0,200.0,0.0,0.0,0.0,0.0,0.0,-1093.0390625,0.0,1093.03125,0.0,0.0,0.0,0.0,0.0,0.0,0.0,0.0,0.0,0.0,0.0,0.0,0.0,-480.0,0.0,480.0,0.0,0.0,0.0,0.0,0.0,0.0,0.0,0.0,0.0,0.0,0.0,0.0,0.0,0.0,0.0,0.0,0.0,0.0,0.0,0.0,0.0,0.0,0.0,0.0,0.0,0.0,0.0,0.0,0.0,0.0,0.0,0.0,0.0,0.0,0.0,0.0,0.0,0.0,0.0,0.0,0.0,43701.625,0.0,276706.21875,0.0,-2521.0390625,0.0,2521.03125,0.0,-5.454118912512649,0.0,0.9194629192352295,0.0,FL
325208,FL,1205,0.04416203126311302,2,0.0,140808.455078125,201188.421875,2,0,27234.974609375,0.0,179035.4375,0.0,0.0,0.0,0.0,0.0,-230.0,0.0,230.0,0.0,-418.0,0.0,418.0,0.0,0.0,0.0,0.0,0.0,0.0,0.0,0.0,0.0,0.0,0.0,0.0,0.0,0.0,0.0,0.0,0.0,0.0,0.0,0.0,0.0,0.0,0.0,0.0,0.0,0.0,0.0,0.0,0.0,0.0,0.0,0.0,0.0,-440.0,0.0,440.0,0.0,0.0,0.0,0.0,0.0,0.0,0.0,0.0,0.0,0.0,0.0,0.0,0.0,0.0,0.0,0.0,0.0,0.0,0.0,0.0,0.0,0.0,0.0,0.0,0.0,-2112.0,0.0,2112.0,0.0,0.0,0.0,0.0,0.0,0.0,0.0,0.0,0.0,0.0,0.0,0.0,0.0,24034.974609375,0.0,182235.4375,0.0,-3200.0,0.0,3200.0,0.0,-11.749597882490683,0.0,1.7873557806015015,0.0,FL
325209,FL,1205,0.03566215559840202,4,1.0,702892.8125,857556.9921875,4,0,212868.94079589844,0.0,627659.75,0.0,0.0,4475.0908203125,0.0,4475.0908203125,-754.0,0.0,754.0,0.0,-756.2000732421875,0.0,756.1875,0.0,0.0,0.0,0.0,0.0,0.0,0.0,0.0,0.0,0.0,0.0,0.0,0.0,0.0,0.0,0.0,0.0,-1936.7196044921875,0.0,1936.75,0.0,0.0,0.0,0.0,0.0,0.0,0.0,0.0,0.0,0.0,0.0,0.0,0.0,0.0,0.0,0.0,0.0,0.0,0.0,0.0,0.0,0.0,0.0,0.0,0.0,0.0,0.0,0.0,0.0,0.0,0.0,0.0,0.0,0.0,0.0,0.0,0.0,0.0,0.0,0.0,0.0,0.0,0.0,0.0,0.0,0.0,0.0,0.0,0.0,0.0,0.0,-4475.0625,-4475.0908203125,0.0,0.0,0.0,0.0,209422.02111816406,0.0,626631.625,0.0,-3446.919677734375,0.0,-1028.125,-4475.0908203125,-1.6192684873831957,0.0,-0.16380292177200317,-100.0,FL
325210,FL,1205,0.005780892912298441,2,0.0,0.0,553669.0,2,0,100729.859375,0.0,632533.5,115607.921875,0.0,0.0,0.0,115607.921875,-292.0,0.0,292.0,0.0,-456.0,0.0,456.0,0.0,0.0,0.0,0.0,0.0,0.0,0.0,0.0,0.0,0.0,0.0,0.0,0.0,0.0,0.0,0.0,0.0,0.0,0.0,0.0,0.0,0.0,0.0,0.0,0.0,0.0,0.0,0.0,0.0,0.0,0.0,0.0,0.0,0.0,0.0,0.0,0.0,0.0,0.0,0.0,0.0,0.0,0.0,0.0,0.0,0.0,0.0,0.0,0.0,0.0,0.0,0.0,0.0,0.0,0.0,0.0,0.0,0.0,0.0,0.0,0.0,0.0,0.0,0.0,0.0,0.0,0.0,0.0,0.0,0.0,0.0,0.0,0.0,0.0,0.0,0.0,0.0,99981.859375,0.0,633281.5,115607.921875,-748.0,0.0,748.0,0.0,-0.7425802087296918,0.0,0.11825460195541382,0.0,FL
325211,FL,1205,0.03632679209113121,4,2.0,138844.5078125,171395.03125,4,0,11001.6318359375,0.0,188865.515625,0.0,0.0,0.0,0.0,0.0,-230.0,0.0,230.0,0.0,0.0,0.0,0.0,0.0,0.0,0.0,0.0,0.0,0.0,0.0,0.0,0.0,-400.0,0.0,400.0,0.0,0.0,0.0,0.0,0.0,0.0,0.0,0.0,0.0,0.0,0.0,0.0,0.0,0.0,0.0,0.0,0.0,0.0,0.0,0.0,0.0,0.0,0.0,0.0,0.0,0.0,0.0,0.0,0.0,0.0,0.0,0.0,0.0,0.0,0.0,0.0,0.0,-5.2802734375,0.0,5.28125,0.0,0.0,0.0,0.0,0.0,0.0,0.0,0.0,0.0,-124.1259765625,0.0,124.125,0.0,0.0,0.0,0.0,0.0,0.0,0.0,0.0,0.0,0.0,0.0,0.0,0.0,10242.2255859375,0.0,189624.921875,0.0,-759.40625,0.0,759.40625,0.0,-6.902669179669813,0.0,0.40208837389945984,0.0,FL
325212,FL,1205,117.70315551757812,1,0.0,0.0,0.0,1,0,0.0,0.0,59742.90625,30209.8515625,0.0,0.0,0.0,30209.8515625,0.0,0.0,0.0,0.0,0.0,0.0,0.0,0.0,0.0,0.0,0.0,0.0,0.0,0.0,0.0,0.0,0.0,0.0,0.0,0.0,0.0,0.0,0.0,0.0,0.0,0.0,0.0,0.0,0.0,0.0,0.0,0.0,0.0,0.0,0.0,0.0,0.0,0.0,0.0,0.0,0.0,0.0,0.0,0.0,0.0,0.0,0.0,0.0,0.0,0.0,0.0,0.0,0.0,0.0,0.0,0.0,0.0,0.0,0.0,0.0,0.0,0.0,0.0,0.0,0.0,0.0,0.0,0.0,0.0,0.0,0.0,0.0,0.0,0.0,0.0,0.0,0.0,0.0,0.0,0.0,0.0,0.0,0.0,0.0,0.0,0.0,59742.90625,30209.8515625,0.0,0.0,0.0,0.0,0.0,0.0,0.0,0.0,FL
325213,FL,1205,116.3656997680664,1,0.0,0.0,0.0,1,0,0.0,0.0,18270.431640625,2684.273681640625,13231.8837890625,0.0,0.0,15916.157470703125,0.0,0.0,0.0,0.0,0.0,0.0,0.0,0.0,0.0,0.0,0.0,0.0,0.0,0.0,0.0,0.0,0.0,0.0,0.0,0.0,0.0,0.0,0.0,0.0,0.0,0.0,0.0,0.0,0.0,0.0,0.0,0.0,0.0,0.0,0.0,0.0,0.0,0.0,0.0,0.0,0.0,0.0,0.0,0.0,0.0,0.0,0.0,0.0,0.0,0.0,0.0,0.0,0.0,0.0,0.0,0.0,0.0,0.0,0.0,0.0,0.0,0.0,0.0,0.0,0.0,0.0,0.0,0.0,0.0,0.0,0.0,0.0,0.0,0.0,0.0,0.0,0.0,0.0,0.0,0.0,0.0,0.0,0.0,0.0,0.0,0.0,18270.431640625,15916.157470703125,0.0,0.0,0.0,0.0,0.0,0.0,0.0,0.0,FL
325214,FL,1205,0.029066843912005424,4,1.0,37273.83203125,112928.00390625001,4,0,5538.3681640625,0.0,102189.0859375,0.0,0.0,0.0,0.0,0.0,-14.99999999999909,0.0,15.0,0.0,-114.0,0.0,114.0,0.0,0.0,0.0,0.0,0.0,0.0,0.0,0.0,0.0,0.0,0.0,0.0,0.0,0.0,0.0,0.0,0.0,0.0,0.0,0.0,0.0,0.0,0.0,0.0,0.0,0.0,0.0,0.0,0.0,0.0,0.0,0.0,0.0,0.0,0.0,0.0,0.0,0.0,0.0,0.0,0.0,0.0,0.0,0.0,0.0,0.0,0.0,0.0,0.0,0.0,0.0,0.0,0.0,0.0,0.0,0.0,0.0,0.0,0.0,0.0,0.0,0.0,0.0,0.0,0.0,0.0,0.0,0.0,0.0,0.0,0.0,0.0,0.0,0.0,0.0,0.0,0.0,5409.368164062501,0.0,102318.0859375,0.0,-128.9999999999991,0.0,129.0,0.0,-2.329205935370232,0.0,0.12623657286167145,0.0,FL
325215,FL,1205,26.10944366455078,1,0.0,0.0,1098.1348876953125,1,0,0.0,0.0,42651.84375,21085.6953125,0.0,0.0,0.0,21085.6953125,0.0,0.0,0.0,0.0,0.0,0.0,0.0,0.0,0.0,0.0,0.0,0.0,0.0,0.0,0.0,0.0,0.0,0.0,0.0,0.0,0.0,0.0,0.0,0.0,0.0,0.0,0.0,0.0,0.0,0.0,0.0,0.0,0.0,0.0,0.0,0.0,0.0,0.0,0.0,0.0,0.0,0.0,0.0,0.0,0.0,0.0,0.0,0.0,0.0,0.0,0.0,0.0,0.0,0.0,0.0,0.0,0.0,0.0,0.0,0.0,0.0,0.0,0.0,0.0,0.0,0.0,0.0,0.0,0.0,0.0,0.0,0.0,0.0,0.0,0.0,0.0,0.0,0.0,0.0,0.0,0.0,0.0,0.0,0.0,0.0,0.0,42651.84375,21085.6953125,0.0,0.0,0.0,0.0,0.0,0.0,0.0,0.0,FL
325216,FL,1205,0.035185907036066055,5,1.0,339675.5703125,426426.671875,5,0,59641.65136718749,0.0,361200.6875,0.0,0.0,0.0,0.0,0.0,-521.9999999999854,0.0,522.0,0.0,-874.0,0.0,874.0,0.0,0.0,0.0,0.0,0.0,0.0,0.0,0.0,0.0,0.0,0.0,0.0,0.0,0.0,0.0,0.0,0.0,0.0,0.0,0.0,0.0,0.0,0.0,0.0,0.0,0.0,0.0,0.0,0.0,0.0,0.0,0.0,0.0,0.0,0.0,0.0,0.0,0.0,0.0,0.0,0.0,0.0,0.0,0.0,0.0,0.0,0.0,0.0,0.0,0.0,0.0,0.0,0.0,0.0,0.0,0.0,0.0,0.0,0.0,0.0,0.0,0.0,0.0,0.0,0.0,0.0,0.0,0.0,0.0,0.0,0.0,0.0,0.0,0.0,0.0,0.0,0.0,58245.65136718751,0.0,362596.6875,0.0,-1395.9999999999854,0.0,1396.0,0.0,-2.3406461222970263,0.0,0.38648873567581177,0.0,FL
325217,FL,1205,129.4393310546875,1,0.0,0.0,3307.640869140625,1,0,0.0,0.0,44833.75390625,22424.109375,0.0,0.0,0.0,22424.109375,0.0,0.0,0.0,0.0,0.0,0.0,0.0,0.0,0.0,0.0,0.0,0.0,0.0,0.0,0.0,0.0,0.0,0.0,0.0,0.0,0.0,0.0,0.0,0.0,0.0,0.0,0.0,0.0,0.0,0.0,0.0,0.0,0.0,0.0,0.0,0.0,0.0,0.0,0.0,0.0,0.0,0.0,0.0,0.0,0.0,0.0,0.0,0.0,0.0,0.0,0.0,0.0,0.0,0.0,0.0,0.0,0.0,0.0,0.0,0.0,0.0,0.0,0.0,0.0,0.0,0.0,0.0,0.0,0.0,0.0,0.0,0.0,0.0,0.0,0.0,0.0,0.0,0.0,0.0,0.0,0.0,0.0,0.0,0.0,0.0,0.0,44833.75390625,22424.109375,0.0,0.0,0.0,0.0,0.0,0.0,0.0,0.0,FL
325218,FL,1205,0.041184861212968826,3,1.0,114118.95703125,115856.21875,3,0,7180.74609375,0.0,102789.1015625,0.0,0.0,0.0,0.0,0.0,-10.0,0.0,10.0,0.0,-228.0,0.0,228.0,0.0,0.0,0.0,0.0,0.0,0.0,0.0,0.0,0.0,-200.0,0.0,200.0,0.0,0.0,0.0,0.0,0.0,0.0,0.0,0.0,0.0,0.0,0.0,0.0,0.0,0.0,0.0,0.0,0.0,0.0,0.0,0.0,0.0,0.0,0.0,0.0,0.0,0.0,0.0,0.0,0.0,0.0,0.0,0.0,0.0,0.0,0.0,0.0,0.0,0.0,0.0,0.0,0.0,-398.2119140625,0.0,398.2109375,0.0,0.0,0.0,0.0,0.0,0.0,0.0,0.0,0.0,0.0,0.0,0.0,0.0,0.0,0.0,0.0,0.0,0.0,0.0,0.0,0.0,6344.5341796875,0.0,103625.3125,0.0,-836.2119140625,0.0,836.2109375,0.0,-11.645195403724479,0.0,0.8135209679603577,0.0,FL
325219,FL,1205,0.021195435896515846,2,0.0,0.0,221498.4375,2,0,29769.044921875,0.0,302413.5625,67879.375,0.0,0.0,0.0,67879.375,-230.0,0.0,230.0,0.0,-418.0,0.0,418.0,0.0,0.0,0.0,0.0,0.0,0.0,0.0,0.0,0.0,0.0,0.0,0.0,0.0,0.0,0.0,0.0,0.0,0.0,0.0,0.0,0.0,0.0,0.0,0.0,0.0,0.0,0.0,0.0,0.0,0.0,0.0,0.0,0.0,0.0,0.0,0.0,0.0,0.0,0.0,0.0,0.0,0.0,0.0,0.0,0.0,0.0,0.0,0.0,0.0,0.0,0.0,0.0,0.0,0.0,0.0,0.0,0.0,-1696.220703125,0.0,1696.21875,0.0,0.0,0.0,0.0,0.0,0.0,0.0,0.0,0.0,0.0,0.0,0.0,0.0,0.0,0.0,0.0,0.0,27424.82421875,0.0,304757.78125,67879.375,-2344.220703125,0.0,2344.21875,0.0,-7.874692349979999,0.0,0.775169849395752,0.0,FL
325220,FL,1205,62.179683685302734,1,0.0,0.0,24.818105697631836,1,0,0.0,0.0,59756.515625,30003.849609375,0.0,0.0,0.0,30003.849609375,0.0,0.0,0.0,0.0,0.0,0.0,0.0,0.0,0.0,0.0,0.0,0.0,0.0,0.0,0.0,0.0,0.0,0.0,0.0,0.0,0.0,0.0,0.0,0.0,0.0,0.0,0.0,0.0,0.0,0.0,0.0,0.0,0.0,0.0,0.0,0.0,0.0,0.0,0.0,0.0,0.0,0.0,0.0,0.0,0.0,0.0,0.0,0.0,0.0,0.0,0.0,0.0,0.0,0.0,0.0,0.0,0.0,0.0,0.0,0.0,0.0,0.0,0.0,0.0,0.0,0.0,0.0,0.0,0.0,0.0,0.0,0.0,0.0,0.0,0.0,0.0,0.0,0.0,0.0,0.0,0.0,0.0,0.0,0.0,0.0,0.0,59756.515625,30003.849609375,0.0,0.0,0.0,0.0,0.0,0.0,0.0,0.0,FL
325221,FL,1205,0.0530758835375309,6,1.9999999999999998,173703.390625,318369.10156250006,6,0,33637.52575683594,0.0,366814.59375,80632.78125,0.0,9315.07861328125,2285.38671875,92233.24658203125,-235.0,0.0,235.0,0.0,-679.5,0.0,679.5,0.0,0.0,0.0,0.0,0.0,0.0,0.0,0.0,0.0,-200.0,0.0,200.0,0.0,0.0,0.0,0.0,0.0,0.0,0.0,0.0,0.0,0.0,0.0,0.0,0.0,0.0,0.0,0.0,0.0,0.0,0.0,0.0,0.0,-440.0,0.0,440.0,0.0,0.0,0.0,0.0,0.0,0.0,0.0,0.0,0.0,0.0,0.0,0.0,0.0,0.0,0.0,0.0,0.0,0.0,0.0,0.0,0.0,-1398.748046875,0.0,1398.75,0.0,-60.1826171875,0.0,60.15625,0.0,0.0,0.0,0.0,0.0,0.0,0.0,0.0,0.0,0.0,0.0,0.0,0.0,30624.095092773438,0.0,369828.0,92233.24658203125,-3013.4306640625,0.0,3013.40625,0.0,-8.958538406916269,0.0,0.8215066194534302,0.0,FL
325222,FL,1205,0.05325010046362877,3,1.0,199958.671875,200059.59375,3,0,26501.111328125,0.0,196460.15625,0.0,0.0,0.0,0.0,0.0,-230.0,0.0,230.0,0.0,-418.0,0.0,418.0,0.0,0.0,0.0,0.0,0.0,0.0,0.0,0.0,0.0,0.0,0.0,0.0,0.0,0.0,0.0,0.0,0.0,0.0,0.0,0.0,0.0,0.0,0.0,0.0,0.0,0.0,0.0,0.0,0.0,0.0,0.0,0.0,0.0,0.0,0.0,0.0,0.0,0.0,0.0,0.0,0.0,0.0,0.0,0.0,0.0,0.0,0.0,0.0,0.0,0.0,0.0,0.0,0.0,0.0,0.0,0.0,0.0,0.0,0.0,0.0,0.0,-368.806640625,0.0,368.8125,0.0,0.0,0.0,0.0,0.0,0.0,0.0,0.0,0.0,0.0,0.0,0.0,0.0,25484.3046875,0.0,197476.96875,0.0,-1016.806640625,0.0,1016.8125,0.0,-3.8368452856008615,0.0,0.5175668001174927,0.0,FL
325223,FL,1205,0.03798979893326759,4,1.0,38954.55078125,161860.27734375,4,0,7997.912109375,0.0,220126.15625,55456.22265625,0.0,0.0,2285.38671875,57741.609375,-10.0,0.0,10.0,0.0,-375.5,0.0,375.5,0.0,0.0,0.0,0.0,0.0,0.0,0.0,0.0,0.0,-200.0,0.0,200.0,0.0,0.0,0.0,0.0,0.0,0.0,0.0,0.0,0.0,0.0,0.0,0.0,0.0,0.0,0.0,0.0,0.0,0.0,0.0,0.0,0.0,-33.900146484375,0.0,33.890625,0.0,0.0,0.0,0.0,0.0,0.0,0.0,0.0,0.0,0.0,0.0,0.0,0.0,0.0,0.0,0.0,0.0,0.0,0.0,0.0,0.0,-1440.0,0.0,1440.0,0.0,0.0,0.0,0.0,0.0,0.0,0.0,0.0,0.0,0.0,0.0,0.0,0.0,0.0,0.0,0.0,0.0,5938.511962890625,0.0,222185.546875,57741.609375,-2059.400146484375,0.0,2059.390625,0.0,-25.74922202596332,0.0,0.9355501532554626,0.0,FL
325224,FL,1205,41.79854965209961,1,0.0,0.0,0.0,1,0,0.0,0.0,56945.0234375,28616.353515625,0.0,0.0,0.0,28616.353515625,0.0,0.0,0.0,0.0,0.0,0.0,0.0,0.0,0.0,0.0,0.0,0.0,0.0,0.0,0.0,0.0,0.0,0.0,0.0,0.0,0.0,0.0,0.0,0.0,0.0,0.0,0.0,0.0,0.0,0.0,0.0,0.0,0.0,0.0,0.0,0.0,0.0,0.0,0.0,0.0,0.0,0.0,0.0,0.0,0.0,0.0,0.0,0.0,0.0,0.0,0.0,0.0,0.0,0.0,0.0,0.0,0.0,0.0,0.0,0.0,0.0,0.0,0.0,0.0,0.0,0.0,0.0,0.0,0.0,0.0,0.0,0.0,0.0,0.0,0.0,0.0,0.0,0.0,0.0,0.0,0.0,0.0,0.0,0.0,0.0,0.0,56945.0234375,28616.353515625,0.0,0.0,0.0,0.0,0.0,0.0,0.0,0.0,FL
325225,FL,1205,153.04043579101562,1,0.0,0.0,905.7119140625,1,0,0.0,0.0,27275.37109375,8453.6572265625,13231.8837890625,0.0,0.0,21685.541015625,0.0,0.0,0.0,0.0,0.0,0.0,0.0,0.0,0.0,0.0,0.0,0.0,0.0,0.0,0.0,0.0,0.0,0.0,0.0,0.0,0.0,0.0,0.0,0.0,0.0,0.0,0.0,0.0,0.0,0.0,0.0,0.0,0.0,0.0,0.0,0.0,0.0,0.0,0.0,0.0,0.0,0.0,0.0,0.0,0.0,0.0,0.0,0.0,0.0,0.0,0.0,0.0,0.0,0.0,0.0,0.0,0.0,0.0,0.0,0.0,0.0,0.0,0.0,0.0,0.0,0.0,0.0,0.0,0.0,0.0,0.0,0.0,0.0,0.0,0.0,0.0,0.0,0.0,0.0,0.0,0.0,0.0,0.0,0.0,0.0,0.0,27275.37109375,21685.541015625,0.0,0.0,0.0,0.0,0.0,0.0,0.0,0.0,FL
325226,FL,1205,0.06962809711694717,1,0.0,51374.84765625,51865.37890625,1,0,4136.78564453125,0.0,77212.2421875,0.0,0.0,0.0,0.0,0.0,-5.0,0.0,5.0,0.0,-113.99951171875,0.0,114.0,0.0,0.0,0.0,0.0,0.0,0.0,0.0,0.0,0.0,0.0,0.0,0.0,0.0,0.0,0.0,0.0,0.0,0.0,0.0,0.0,0.0,0.0,0.0,0.0,0.0,0.0,0.0,0.0,0.0,0.0,0.0,0.0,0.0,0.0,0.0,0.0,0.0,0.0,0.0,0.0,0.0,0.0,0.0,0.0,0.0,0.0,0.0,0.0,0.0,0.0,0.0,0.0,0.0,0.0,0.0,0.0,0.0,0.0,0.0,0.0,0.0,-233.468017578125,0.0,233.46875,0.0,0.0,0.0,0.0,0.0,0.0,0.0,0.0,0.0,0.0,0.0,0.0,0.0,3784.318115234375,0.0,77564.7109375,0.0,-352.467529296875,0.0,352.46875,0.0,-8.520323738863052,0.0,0.4564933478832245,0.0,FL
325227,FL,1205,0.035090986639261246,1,0.0,1277595.25,1327444.25,1,0,443750.625,0.0,850397.375,0.0,0.0,0.0,0.0,0.0,-350.25,0.0,350.25,0.0,-351.5,0.0,351.5,0.0,0.0,0.0,0.0,0.0,0.0,0.0,0.0,0.0,0.0,0.0,0.0,0.0,0.0,0.0,0.0,0.0,-1850.0,0.0,1850.0,0.0,0.0,0.0,0.0,0.0,0.0,0.0,0.0,0.0,0.0,0.0,0.0,0.0,0.0,0.0,0.0,0.0,0.0,0.0,0.0,0.0,0.0,0.0,0.0,0.0,0.0,0.0,0.0,0.0,0.0,0.0,0.0,0.0,0.0,0.0,0.0,0.0,0.0,0.0,0.0,0.0,0.0,0.0,0.0,0.0,0.0,0.0,0.0,0.0,0.0,0.0,0.0,0.0,0.0,0.0,0.0,0.0,441198.875,0.0,852949.125,0.0,-2551.75,0.0,2551.75,0.0,-0.5750414436036005,0.0,0.3000655770301819,0.0,FL
325228,FL,1205,183.68182373046875,3,0.0,0.0,0.0,3,0,0.0,0.0,40724.05859375,7460.14501953125,26463.767578125,0.0,0.0,33923.91259765625,0.0,0.0,0.0,0.0,0.0,0.0,0.0,0.0,0.0,0.0,0.0,0.0,0.0,0.0,0.0,0.0,0.0,0.0,0.0,0.0,0.0,0.0,0.0,0.0,0.0,0.0,0.0,0.0,0.0,0.0,0.0,0.0,0.0,0.0,0.0,0.0,0.0,0.0,0.0,0.0,0.0,0.0,0.0,0.0,0.0,0.0,0.0,0.0,0.0,0.0,0.0,0.0,0.0,0.0,0.0,0.0,0.0,0.0,0.0,0.0,0.0,0.0,0.0,0.0,0.0,0.0,0.0,0.0,0.0,0.0,0.0,0.0,0.0,0.0,0.0,0.0,0.0,0.0,0.0,0.0,0.0,0.0,0.0,0.0,0.0,0.0,40724.05859375,33923.91259765625,0.0,0.0,0.0,0.0,0.0,0.0,0.0,0.0,FL
325229,FL,1205,0.038050051778554916,2,0.0,255406.40625,261820.875,2,0,41263.1484375,0.0,237751.203125,0.0,0.0,0.0,0.0,0.0,-246.0,0.0,246.0,0.0,-437.0,0.0,437.0,0.0,0.0,0.0,0.0,0.0,0.0,0.0,0.0,0.0,0.0,0.0,0.0,0.0,0.0,0.0,0.0,0.0,0.0,0.0,0.0,0.0,0.0,0.0,0.0,0.0,0.0,0.0,0.0,0.0,0.0,0.0,0.0,0.0,0.0,0.0,0.0,0.0,0.0,0.0,0.0,0.0,0.0,0.0,0.0,0.0,0.0,0.0,0.0,0.0,0.0,0.0,0.0,0.0,0.0,0.0,0.0,0.0,0.0,0.0,0.0,0.0,0.0,0.0,0.0,0.0,0.0,0.0,0.0,0.0,0.0,0.0,0.0,0.0,0.0,0.0,0.0,0.0,40580.1484375,0.0,238434.203125,0.0,-683.0,0.0,683.0,0.0,-1.6552299712042542,0.0,0.2872750759124756,0.0,FL
325230,FL,1205,0.04857556149363518,2,0.0,335855.1171875,335915.125,2,0,58837.2578125,0.0,273459.78125,0.0,0.0,0.0,0.0,0.0,-292.0,0.0,292.0,0.0,-456.0,0.0,456.0,0.0,0.0,0.0,0.0,0.0,0.0,0.0,0.0,0.0,0.0,0.0,0.0,0.0,0.0,0.0,0.0,0.0,0.0,0.0,0.0,0.0,0.0,0.0,0.0,0.0,0.0,0.0,0.0,0.0,0.0,0.0,0.0,0.0,0.0,0.0,0.0,0.0,0.0,0.0,0.0,0.0,0.0,0.0,0.0,0.0,0.0,0.0,0.0,0.0,0.0,0.0,0.0,0.0,0.0,0.0,0.0,0.0,0.0,0.0,0.0,0.0,0.0,0.0,0.0,0.0,0.0,0.0,0.0,0.0,0.0,0.0,0.0,0.0,0.0,0.0,0.0,0.0,58089.2578125,0.0,274207.78125,0.0,-748.0,0.0,748.0,0.0,-1.2713032996603848,0.0,0.2735320031642914,0.0,FL
325231,FL,1205,0.03295127674937248,7,5.0,1399743.46875,1425490.0000000002,7,0,439742.81249999994,0.0,994344.5,0.0,0.0,0.0,0.0,0.0,-733.9999999998836,0.0,734.0,0.0,-703.0000000000582,0.0,703.0,0.0,0.0,0.0,0.0,0.0,0.0,0.0,0.0,0.0,0.0,0.0,0.0,0.0,0.0,0.0,0.0,0.0,-1850.0000000000582,0.0,1850.0,0.0,0.0,0.0,0.0,0.0,0.0,0.0,0.0,0.0,0.0,0.0,0.0,0.0,-739.9999999999418,0.0,740.0,0.0,0.0,0.0,0.0,0.0,0.0,0.0,0.0,0.0,0.0,0.0,0.0,0.0,0.0,0.0,0.0,0.0,0.0,0.0,0.0,0.0,0.0,0.0,0.0,0.0,0.0,0.0,0.0,0.0,0.0,0.0,0.0,0.0,0.0,0.0,0.0,0.0,0.0,0.0,0.0,0.0,435715.8125,0.0,998371.5,0.0,-4026.999999999942,0.0,4027.0,0.0,-0.9157625515482284,0.0,0.40499040484428406,0.0,FL
325232,FL,1205,0.05783764272928238,1,0.0,0.0,25114.87890625,1,0,738.2307739257812,0.0,75876.875,28120.490234375,0.0,0.0,0.0,28120.490234375,0.0,0.0,0.0,0.0,-95.0,0.0,95.0,0.0,0.0,0.0,0.0,0.0,0.0,0.0,0.0,0.0,0.0,0.0,0.0,0.0,0.0,0.0,0.0,0.0,0.0,0.0,0.0,0.0,0.0,0.0,0.0,0.0,0.0,0.0,0.0,0.0,0.0,0.0,0.0,0.0,0.0,0.0,0.0,0.0,0.0,0.0,0.0,0.0,0.0,0.0,0.0,0.0,0.0,0.0,0.0,0.0,0.0,0.0,0.0,0.0,0.0,0.0,0.0,0.0,-599.9999923706055,0.0,600.0,0.0,0.0,0.0,0.0,0.0,0.0,0.0,0.0,0.0,0.0,0.0,0.0,0.0,0.0,0.0,0.0,0.0,43.23078155517578,0.0,76571.875,28120.490234375,-694.9999923706055,0.0,695.0,0.0,-94.14400170216665,0.0,0.9159576296806335,0.0,FL
325233,FL,1205,18.919979095458984,1,0.0,0.0,8.27270221710205,1,0,0.0,0.0,12.165739059448242,0.0,0.0,0.0,0.0,0.0,0.0,0.0,0.0,0.0,0.0,0.0,0.0,0.0,0.0,0.0,0.0,0.0,0.0,0.0,0.0,0.0,0.0,0.0,0.0,0.0,0.0,0.0,0.0,0.0,0.0,0.0,0.0,0.0,0.0,0.0,0.0,0.0,0.0,0.0,0.0,0.0,0.0,0.0,0.0,0.0,0.0,0.0,0.0,0.0,0.0,0.0,0.0,0.0,0.0,0.0,0.0,0.0,0.0,0.0,0.0,0.0,0.0,0.0,0.0,0.0,0.0,0.0,0.0,0.0,0.0,0.0,0.0,0.0,0.0,0.0,0.0,0.0,0.0,0.0,0.0,0.0,0.0,0.0,0.0,0.0,0.0,0.0,0.0,0.0,0.0,0.0,12.165739059448242,0.0,0.0,0.0,0.0,0.0,0.0,0.0,0.0,0.0,FL
325234,FL,1205,0.0036582741886377335,1,0.0,236409.046875,517141.84375,1,0,118981.5625,0.0,392374.4375,0.0,0.0,0.0,0.0,0.0,-362.25,0.0,362.25,0.0,-332.5,0.0,332.5,0.0,0.0,0.0,0.0,0.0,0.0,0.0,0.0,0.0,0.0,0.0,0.0,0.0,0.0,0.0,0.0,0.0,0.0,0.0,0.0,0.0,0.0,0.0,0.0,0.0,0.0,0.0,0.0,0.0,0.0,0.0,0.0,0.0,-350.0,0.0,350.0,0.0,0.0,0.0,0.0,0.0,0.0,0.0,0.0,0.0,0.0,0.0,0.0,0.0,0.0,0.0,0.0,0.0,0.0,0.0,0.0,0.0,0.0,0.0,0.0,0.0,0.0,0.0,0.0,0.0,0.0,0.0,0.0,0.0,0.0,0.0,0.0,0.0,0.0,0.0,0.0,0.0,117936.8125,0.0,393419.1875,0.0,-1044.75,0.0,1044.75,0.0,-0.8780772230991671,0.0,0.26626351475715637,0.0,FL
325235,FL,1205,106.57492065429688,2,0.0,0.0,0.0,2,0,0.0,0.0,69102.234375,34694.95703125,0.0,0.0,0.0,34694.95703125,0.0,0.0,0.0,0.0,0.0,0.0,0.0,0.0,0.0,0.0,0.0,0.0,0.0,0.0,0.0,0.0,0.0,0.0,0.0,0.0,0.0,0.0,0.0,0.0,0.0,0.0,0.0,0.0,0.0,0.0,0.0,0.0,0.0,0.0,0.0,0.0,0.0,0.0,0.0,0.0,0.0,0.0,0.0,0.0,0.0,0.0,0.0,0.0,0.0,0.0,0.0,0.0,0.0,0.0,0.0,0.0,0.0,0.0,0.0,0.0,0.0,0.0,0.0,0.0,0.0,0.0,0.0,0.0,0.0,0.0,0.0,0.0,0.0,0.0,0.0,0.0,0.0,0.0,0.0,0.0,0.0,0.0,0.0,0.0,0.0,0.0,69102.234375,34694.95703125,0.0,0.0,0.0,0.0,0.0,0.0,0.0,0.0,FL
325236,FL,1205,0.03717968985438347,1,0.0,58072.56640625,58072.56640625,1,0,4907.7080078125,0.0,48722.3046875,0.0,0.0,0.0,0.0,0.0,-5.0,0.0,5.0,0.0,-114.0,0.0,114.0,0.0,0.0,0.0,0.0,0.0,0.0,0.0,0.0,0.0,0.0,0.0,0.0,0.0,0.0,0.0,0.0,0.0,0.0,0.0,0.0,0.0,0.0,0.0,0.0,0.0,0.0,0.0,0.0,0.0,0.0,0.0,0.0,0.0,0.0,0.0,0.0,0.0,0.0,0.0,0.0,0.0,0.0,0.0,0.0,0.0,0.0,0.0,0.0,0.0,0.0,0.0,0.0,0.0,0.0,0.0,0.0,0.0,0.0,0.0,0.0,0.0,0.0,0.0,0.0,0.0,0.0,0.0,0.0,0.0,0.0,0.0,0.0,0.0,0.0,0.0,0.0,0.0,4788.7080078125,0.0,48841.3046875,0.0,-119.0,0.0,119.0,0.0,-2.424757133280257,0.0,0.24424132704734802,0.0,FL
325237,FL,1205,0.03478078171610832,4,0.0,717107.75,728034.671875,4,0,170712.48291015625,0.0,526948.5625,0.0,0.0,0.0,0.0,0.0,-500.556884765625,0.0,500.5625,0.0,-767.3046875,0.0,767.3125,0.0,0.0,0.0,0.0,0.0,0.0,0.0,0.0,0.0,0.0,0.0,0.0,0.0,0.0,0.0,0.0,0.0,-623.177734375,0.0,623.1875,0.0,0.0,0.0,0.0,0.0,0.0,0.0,0.0,0.0,0.0,0.0,0.0,0.0,0.0,0.0,0.0,0.0,0.0,0.0,0.0,0.0,0.0,0.0,0.0,0.0,0.0,0.0,0.0,0.0,-247.68017578125,0.0,247.6875,0.0,-643.1267700195312,0.0,643.125,0.0,0.0,0.0,0.0,0.0,-19.55841064453125,0.0,19.5625,0.0,0.0,0.0,0.0,0.0,0.0,0.0,0.0,0.0,0.0,0.0,0.0,0.0,167911.0782470703,0.0,529750.0,0.0,-2801.4046630859375,0.0,2801.4375,0.0,-1.6410075088417995,0.0,0.5316339731216431,0.0,FL
325238,FL,1205,0.04025547578930855,2,0.0,182227.453125,184307.21875,2,0,23535.587890625,0.0,147930.34375,0.0,0.0,0.0,0.0,0.0,-230.0,0.0,230.0,0.0,-418.0,0.0,418.0,0.0,0.0,0.0,0.0,0.0,0.0,0.0,0.0,0.0,0.0,0.0,0.0,0.0,0.0,0.0,0.0,0.0,0.0,0.0,0.0,0.0,0.0,0.0,0.0,0.0,0.0,0.0,0.0,0.0,0.0,0.0,0.0,0.0,0.0,0.0,0.0,0.0,0.0,0.0,0.0,0.0,0.0,0.0,0.0,0.0,0.0,0.0,0.0,0.0,0.0,0.0,0.0,0.0,0.0,0.0,0.0,0.0,0.0,0.0,0.0,0.0,0.0,0.0,0.0,0.0,0.0,0.0,0.0,0.0,0.0,0.0,0.0,0.0,0.0,0.0,0.0,0.0,22887.587890625,0.0,148578.34375,0.0,-648.0,0.0,648.0,0.0,-2.753277305038638,0.0,0.4380439817905426,0.0,FL
325239,FL,1205,0.03571333736181259,1,0.0,156233.109375,458042.8125,1,0,133232.109375,0.0,313791.5625,0.0,0.0,0.0,0.0,0.0,-362.25,0.0,362.25,0.0,-332.5,0.0,332.5,0.0,0.0,0.0,0.0,0.0,0.0,0.0,0.0,0.0,0.0,0.0,0.0,0.0,0.0,0.0,0.0,0.0,-1750.0,0.0,1750.0,0.0,0.0,0.0,0.0,0.0,0.0,0.0,0.0,0.0,0.0,0.0,0.0,0.0,0.0,0.0,0.0,0.0,0.0,0.0,0.0,0.0,0.0,0.0,0.0,0.0,0.0,0.0,0.0,0.0,0.0,0.0,0.0,0.0,0.0,0.0,0.0,0.0,0.0,0.0,0.0,0.0,0.0,0.0,0.0,0.0,0.0,0.0,0.0,0.0,0.0,0.0,0.0,0.0,0.0,0.0,0.0,0.0,130787.359375,0.0,316236.3125,0.0,-2444.75,0.0,2444.75,0.0,-1.8349555609893684,0.0,0.7791000008583069,0.0,FL
325240,FL,1205,142.2987518310547,1,0.0,0.0,8.27270221710205,1,0,0.0,0.0,43871.796875,26649.453125,0.0,0.0,0.0,26649.453125,0.0,0.0,0.0,0.0,0.0,0.0,0.0,0.0,0.0,0.0,0.0,0.0,0.0,0.0,0.0,0.0,0.0,0.0,0.0,0.0,0.0,0.0,0.0,0.0,0.0,0.0,0.0,0.0,0.0,0.0,0.0,0.0,0.0,0.0,0.0,0.0,0.0,0.0,0.0,0.0,0.0,0.0,0.0,0.0,0.0,0.0,0.0,0.0,0.0,0.0,0.0,0.0,0.0,0.0,0.0,0.0,0.0,0.0,0.0,0.0,0.0,0.0,0.0,0.0,0.0,0.0,0.0,0.0,0.0,0.0,0.0,0.0,0.0,0.0,0.0,0.0,0.0,0.0,0.0,0.0,0.0,0.0,0.0,0.0,0.0,0.0,43871.796875,26649.453125,0.0,0.0,0.0,0.0,0.0,0.0,0.0,0.0,FL
325241,FL,1205,259.25469970703125,1,0.0,0.0,0.0,1,0,0.0,0.0,49955.49609375,24991.484375,13231.8837890625,0.0,0.0,38223.3681640625,0.0,0.0,0.0,0.0,0.0,0.0,0.0,0.0,0.0,0.0,0.0,0.0,0.0,0.0,0.0,0.0,0.0,0.0,0.0,0.0,0.0,0.0,0.0,0.0,0.0,0.0,0.0,0.0,0.0,0.0,0.0,0.0,0.0,0.0,0.0,0.0,0.0,0.0,0.0,0.0,0.0,0.0,0.0,0.0,0.0,0.0,0.0,0.0,0.0,0.0,0.0,0.0,0.0,0.0,0.0,0.0,0.0,0.0,0.0,0.0,0.0,0.0,0.0,0.0,0.0,0.0,0.0,0.0,0.0,0.0,0.0,0.0,0.0,0.0,0.0,0.0,0.0,0.0,0.0,0.0,0.0,0.0,0.0,0.0,0.0,0.0,49955.49609375,38223.3681640625,0.0,0.0,0.0,0.0,0.0,0.0,0.0,0.0,FL
325242,FL,1205,0.033380575478076935,1,0.0,207711.4375,207715.90625,1,0,38944.94140625,0.0,155506.78125,0.0,0.0,0.0,0.0,0.0,-131.0,0.0,131.0,0.0,-228.0,0.0,228.0,0.0,0.0,0.0,0.0,0.0,0.0,0.0,0.0,0.0,0.0,0.0,0.0,0.0,0.0,0.0,0.0,0.0,0.0,0.0,0.0,0.0,0.0,0.0,0.0,0.0,0.0,0.0,0.0,0.0,0.0,0.0,0.0,0.0,0.0,0.0,0.0,0.0,0.0,0.0,0.0,0.0,0.0,0.0,0.0,0.0,0.0,0.0,0.0,0.0,0.0,0.0,0.0,0.0,0.0,0.0,0.0,0.0,0.0,0.0,0.0,0.0,0.0,0.0,0.0,0.0,0.0,0.0,0.0,0.0,0.0,0.0,0.0,0.0,0.0,0.0,0.0,0.0,38585.94140625,0.0,155865.78125,0.0,-359.0,0.0,359.0,0.0,-0.9218141998344016,0.0,0.23085810244083405,0.0,FL
325243,FL,1205,290.8532409667969,2,0.0,6497.28857421875,6266.963623046875,2,0,0.0,0.0,26563.1015625,15184.0673828125,0.0,0.0,0.0,15184.0673828125,0.0,0.0,0.0,0.0,0.0,0.0,0.0,0.0,0.0,0.0,0.0,0.0,0.0,0.0,0.0,0.0,0.0,0.0,0.0,0.0,0.0,0.0,0.0,0.0,0.0,0.0,0.0,0.0,0.0,0.0,0.0,0.0,0.0,0.0,0.0,0.0,0.0,0.0,0.0,0.0,0.0,0.0,0.0,0.0,0.0,0.0,0.0,0.0,0.0,0.0,0.0,0.0,0.0,0.0,0.0,0.0,0.0,0.0,0.0,0.0,0.0,0.0,0.0,0.0,0.0,0.0,0.0,0.0,0.0,0.0,0.0,0.0,0.0,0.0,0.0,0.0,0.0,0.0,0.0,0.0,0.0,0.0,0.0,0.0,0.0,0.0,26563.1015625,15184.0673828125,0.0,0.0,0.0,0.0,0.0,0.0,0.0,0.0,FL
325244,FL,1205,0.030719276517629623,4,2.0,168303.880859375,188134.8125,4,0,18806.796875,0.0,197035.78125,0.0,0.0,0.0,0.0,0.0,-230.0,0.0,230.0,0.0,-418.0,0.0,418.0,0.0,0.0,0.0,0.0,0.0,0.0,0.0,0.0,0.0,-400.0,0.0,400.0,0.0,0.0,0.0,0.0,0.0,-729.138671875,0.0,729.140625,0.0,0.0,0.0,0.0,0.0,0.0,0.0,0.0,0.0,0.0,0.0,0.0,0.0,-283.978515625,0.0,283.984375,0.0,0.0,0.0,0.0,0.0,0.0,0.0,0.0,0.0,0.0,0.0,0.0,0.0,0.0,0.0,0.0,0.0,0.0,0.0,0.0,0.0,0.0,0.0,0.0,0.0,-383.013671875,0.0,383.0,0.0,0.0,0.0,0.0,0.0,0.0,0.0,0.0,0.0,0.0,0.0,0.0,0.0,16362.666015625,0.0,199479.90625,0.0,-2444.130859375,0.0,2444.125,0.0,-12.99599754078271,0.0,1.2404472827911377,0.0,FL
325245,FL,1205,0.061926957219839096,3,0.0,43986.23046875,116954.07421875,3,0,7455.48876953125,0.0,139729.828125,27248.537109375,0.0,0.0,0.0,27248.537109375,-15.0,0.0,15.0,0.0,-341.999755859375,0.0,342.0,0.0,0.0,0.0,0.0,0.0,0.0,0.0,0.0,0.0,0.0,0.0,0.0,0.0,0.0,0.0,0.0,0.0,0.0,0.0,0.0,0.0,0.0,0.0,0.0,0.0,0.0,0.0,0.0,0.0,0.0,0.0,0.0,0.0,0.0,0.0,0.0,0.0,0.0,0.0,0.0,0.0,0.0,0.0,0.0,0.0,0.0,0.0,0.0,0.0,-2809.724609375,0.0,2809.734375,0.0,0.0,0.0,0.0,0.0,-1440.0,0.0,1440.0,0.0,0.0,0.0,0.0,0.0,0.0,0.0,0.0,0.0,0.0,0.0,0.0,0.0,0.0,0.0,0.0,0.0,2848.764404296875,0.0,144336.5625,27248.537109375,-4606.724365234375,0.0,4606.734375,0.0,-61.78970296435728,0.0,3.296886682510376,0.0,FL
325246,FL,1205,133.52467346191406,2,0.0,0.0,5809.37451171875,2,0,0.0,0.0,81398.484375,37210.6015625,0.0,0.0,0.0,37210.6015625,0.0,0.0,0.0,0.0,0.0,0.0,0.0,0.0,0.0,0.0,0.0,0.0,0.0,0.0,0.0,0.0,0.0,0.0,0.0,0.0,0.0,0.0,0.0,0.0,0.0,0.0,0.0,0.0,0.0,0.0,0.0,0.0,0.0,0.0,0.0,0.0,0.0,0.0,0.0,0.0,0.0,0.0,0.0,0.0,0.0,0.0,0.0,0.0,0.0,0.0,0.0,0.0,0.0,0.0,0.0,0.0,0.0,0.0,0.0,0.0,0.0,0.0,0.0,0.0,0.0,0.0,0.0,0.0,0.0,0.0,0.0,0.0,0.0,0.0,0.0,0.0,0.0,0.0,0.0,0.0,0.0,0.0,0.0,0.0,0.0,0.0,81398.484375,37210.6015625,0.0,0.0,0.0,0.0,0.0,0.0,0.0,0.0,FL
325247,FL,1205,81.44005584716797,1,0.0,0.0,-408.1879577636719,1,0,0.0,0.0,43171.37109375,17920.701171875,13231.8837890625,0.0,0.0,31152.5849609375,0.0,0.0,0.0,0.0,0.0,0.0,0.0,0.0,0.0,0.0,0.0,0.0,0.0,0.0,0.0,0.0,0.0,0.0,0.0,0.0,0.0,0.0,0.0,0.0,0.0,0.0,0.0,0.0,0.0,0.0,0.0,0.0,0.0,0.0,0.0,0.0,0.0,0.0,0.0,0.0,0.0,0.0,0.0,0.0,0.0,0.0,0.0,0.0,0.0,0.0,0.0,0.0,0.0,0.0,0.0,0.0,0.0,0.0,0.0,0.0,0.0,0.0,0.0,0.0,0.0,0.0,0.0,0.0,0.0,0.0,0.0,0.0,0.0,0.0,0.0,0.0,0.0,0.0,0.0,0.0,0.0,0.0,0.0,0.0,0.0,0.0,43171.37109375,31152.5849609375,0.0,0.0,0.0,0.0,0.0,0.0,0.0,0.0,FL
325248,FL,1205,0.03626202419400215,4,2.0,54286.3125,55215.55468749999,4,0,-816.2963867187498,0.0,89537.234375,12070.5595703125,5527.08642578125,7644.43994140625,0.0,25242.0859375,-5.000000000000114,0.0,5.0,0.0,-114.0,0.0,114.0,0.0,0.0,0.0,0.0,0.0,0.0,0.0,0.0,0.0,0.0,0.0,0.0,0.0,0.0,0.0,0.0,0.0,0.0,0.0,0.0,0.0,0.0,0.0,0.0,0.0,0.0,0.0,0.0,0.0,0.0,0.0,0.0,0.0,0.0,0.0,0.0,0.0,0.0,0.0,0.0,0.0,0.0,0.0,0.0,0.0,0.0,0.0,0.0,0.0,0.0,0.0,0.0,0.0,0.0,0.0,0.0,0.0,0.0,0.0,0.0,0.0,0.0,0.0,0.0,0.0,0.0,0.0,0.0,0.0,0.0,0.0,0.0,0.0,0.0,0.0,0.0,0.0,-935.2963867187499,0.0,89656.234375,25242.0859375,-119.00000000000011,0.0,119.0,0.0,-14.578038312571984,0.0,0.13290560245513916,0.0,FL
325249,FL,1205,21.88823127746582,1,0.0,0.0,2.4818105697631836,1,0,0.0,0.0,39440.6875,20027.361328125,0.0,0.0,0.0,20027.361328125,0.0,0.0,0.0,0.0,0.0,0.0,0.0,0.0,0.0,0.0,0.0,0.0,0.0,0.0,0.0,0.0,0.0,0.0,0.0,0.0,0.0,0.0,0.0,0.0,0.0,0.0,0.0,0.0,0.0,0.0,0.0,0.0,0.0,0.0,0.0,0.0,0.0,0.0,0.0,0.0,0.0,0.0,0.0,0.0,0.0,0.0,0.0,0.0,0.0,0.0,0.0,0.0,0.0,0.0,0.0,0.0,0.0,0.0,0.0,0.0,0.0,0.0,0.0,0.0,0.0,0.0,0.0,0.0,0.0,0.0,0.0,0.0,0.0,0.0,0.0,0.0,0.0,0.0,0.0,0.0,0.0,0.0,0.0,0.0,0.0,0.0,39440.6875,20027.361328125,0.0,0.0,0.0,0.0,0.0,0.0,0.0,0.0,FL
325250,FL,1205,0.0362609438598156,3,0.0,151635.646484375,149596.58203125,3,0,13752.4814453125,0.0,149774.5,287.68316650390625,0.0,6402.20654296875,0.0,6689.889709472656,-120.0,0.0,120.0,0.0,-418.0,0.0,418.0,0.0,0.0,0.0,0.0,0.0,0.0,0.0,0.0,0.0,0.0,0.0,0.0,0.0,0.0,0.0,0.0,0.0,0.0,0.0,0.0,0.0,0.0,0.0,0.0,0.0,0.0,0.0,0.0,0.0,0.0,0.0,0.0,0.0,0.0,0.0,0.0,0.0,0.0,0.0,0.0,0.0,0.0,0.0,0.0,0.0,0.0,0.0,0.0,0.0,0.0,0.0,0.0,0.0,-506.8154296875,0.0,506.8125,0.0,0.0,0.0,0.0,0.0,0.0,0.0,0.0,0.0,0.0,0.0,0.0,0.0,0.0,0.0,0.0,0.0,0.0,0.0,0.0,0.0,12707.666015625,0.0,150819.3125,6689.889709472656,-1044.8154296875,0.0,1044.8125,0.0,-7.5972865976388775,0.0,0.6975903511047363,0.0,FL
325251,FL,1205,100.37584686279297,2,0.0,29036.283203125,34863.6796875,2,0,456.36798095703125,0.0,115919.2421875,29036.041015625,0.0,31445.935546875,0.0,60481.9765625,0.0,0.0,0.0,0.0,-190.0,0.0,190.0,0.0,0.0,0.0,0.0,0.0,0.0,0.0,0.0,0.0,0.0,0.0,0.0,0.0,0.0,0.0,0.0,0.0,0.0,0.0,0.0,0.0,0.0,0.0,0.0,0.0,0.0,0.0,0.0,0.0,0.0,0.0,0.0,0.0,-200.00001525878906,0.0,200.0,0.0,0.0,0.0,0.0,0.0,0.0,0.0,0.0,0.0,0.0,0.0,0.0,0.0,0.0,0.0,0.0,0.0,0.0,0.0,0.0,0.0,0.0,0.0,0.0,0.0,-66.36796569824219,0.0,66.3671875,0.0,0.0,0.0,0.0,0.0,0.0,0.0,0.0,0.0,0.0,0.0,0.0,0.0,0.0,0.0,116375.609375,60481.9765625,-456.36798095703125,0.0,456.3671875,0.0,-100.0,0.0,0.39369407296180725,0.0,FL
325252,FL,1205,0.05010654032230377,4,0.0,214453.740234375,219722.62109375,4,0,20333.996704101562,0.0,226527.953125,0.0,0.0,0.0,0.0,0.0,-125.0,0.0,125.0,0.0,-532.0,0.0,532.0,0.0,0.0,0.0,0.0,0.0,0.0,0.0,0.0,0.0,0.0,0.0,0.0,0.0,0.0,0.0,0.0,0.0,0.0,0.0,0.0,0.0,0.0,0.0,0.0,0.0,0.0,0.0,0.0,0.0,0.0,0.0,0.0,0.0,-120.0,0.0,120.0,0.0,0.0,0.0,0.0,0.0,0.0,0.0,0.0,0.0,0.0,0.0,0.0,0.0,-1739.759765625,0.0,1739.75,0.0,0.0,0.0,0.0,0.0,0.0,0.0,0.0,0.0,-113.491943359375,0.0,113.5,0.0,0.0,0.0,0.0,0.0,0.0,0.0,0.0,0.0,0.0,0.0,0.0,0.0,17703.744995117188,0.0,229158.203125,0.0,-2630.251708984375,0.0,2630.25,0.0,-12.935242132963602,0.0,1.1611149311065674,0.0,FL
325253,FL,1205,0.039059653878211975,4,2.0,361178.78125,423570.375,4,0,72620.7265625,0.0,357868.21875,0.0,0.0,0.0,0.0,0.0,-292.0,0.0,292.0,0.0,0.0,0.0,0.0,0.0,0.0,0.0,0.0,0.0,0.0,0.0,0.0,0.0,-400.0,0.0,400.0,0.0,0.0,0.0,0.0,0.0,0.0,0.0,0.0,0.0,0.0,0.0,0.0,0.0,0.0,0.0,0.0,0.0,0.0,0.0,0.0,0.0,0.0,0.0,0.0,0.0,0.0,0.0,0.0,0.0,0.0,0.0,0.0,0.0,0.0,0.0,0.0,0.0,0.0,0.0,0.0,0.0,0.0,0.0,0.0,0.0,0.0,0.0,0.0,0.0,0.0,0.0,0.0,0.0,0.0,0.0,0.0,0.0,0.0,0.0,0.0,0.0,0.0,0.0,0.0,0.0,71928.7265625,0.0,358560.21875,0.0,-692.0,0.0,692.0,0.0,-0.9528960019484796,0.0,0.19336727261543274,0.0,FL
325254,FL,1205,0.05671413242816925,4,2.0,119273.12646484375,117699.7421875,4,0,6779.4765625,0.0,157570.984375,0.0,0.0,0.0,0.0,0.0,-10.0,0.0,10.0,0.0,-228.0,0.0,228.0,0.0,0.0,0.0,0.0,0.0,0.0,0.0,0.0,0.0,-200.0,0.0,200.0,0.0,0.0,0.0,0.0,0.0,0.0,0.0,0.0,0.0,0.0,0.0,0.0,0.0,0.0,0.0,0.0,0.0,0.0,0.0,0.0,0.0,-240.0,0.0,240.0,0.0,0.0,0.0,0.0,0.0,0.0,0.0,0.0,0.0,0.0,0.0,0.0,0.0,0.0,0.0,0.0,0.0,0.0,0.0,0.0,0.0,0.0,0.0,0.0,0.0,-228.279296875,0.0,228.28125,0.0,0.0,0.0,0.0,0.0,0.0,0.0,0.0,0.0,0.0,0.0,0.0,0.0,5873.197265625,0.0,158477.265625,0.0,-906.279296875,0.0,906.28125,0.0,-13.367983332046515,0.0,0.5751574635505676,0.0,FL
325255,FL,1205,40.44109344482422,1,0.0,0.0,0.0,1,0,0.0,0.0,44040.953125,22329.318359375,0.0,0.0,0.0,22329.318359375,0.0,0.0,0.0,0.0,0.0,0.0,0.0,0.0,0.0,0.0,0.0,0.0,0.0,0.0,0.0,0.0,0.0,0.0,0.0,0.0,0.0,0.0,0.0,0.0,0.0,0.0,0.0,0.0,0.0,0.0,0.0,0.0,0.0,0.0,0.0,0.0,0.0,0.0,0.0,0.0,0.0,0.0,0.0,0.0,0.0,0.0,0.0,0.0,0.0,0.0,0.0,0.0,0.0,0.0,0.0,0.0,0.0,0.0,0.0,0.0,0.0,0.0,0.0,0.0,0.0,0.0,0.0,0.0,0.0,0.0,0.0,0.0,0.0,0.0,0.0,0.0,0.0,0.0,0.0,0.0,0.0,0.0,0.0,0.0,0.0,0.0,44040.953125,22329.318359375,0.0,0.0,0.0,0.0,0.0,0.0,0.0,0.0,FL
325256,FL,1205,0.04368746653199196,2,0.0,3176.602294921875,166075.328125,2,0,18765.99609375,0.0,175458.34375,26158.595703125,0.0,0.0,0.0,26158.595703125,-230.0,0.0,230.0,0.0,-417.998046875,0.0,417.984375,0.0,0.0,0.0,0.0,0.0,0.0,0.0,0.0,0.0,0.0,0.0,0.0,0.0,0.0,0.0,0.0,0.0,0.0,0.0,0.0,0.0,0.0,0.0,0.0,0.0,0.0,0.0,0.0,0.0,0.0,0.0,0.0,0.0,0.0,0.0,0.0,0.0,0.0,0.0,0.0,0.0,0.0,0.0,0.0,0.0,0.0,0.0,0.0,0.0,0.0,0.0,0.0,0.0,0.0,0.0,0.0,0.0,-2427.806640625,0.0,2427.8125,0.0,0.0,0.0,0.0,0.0,0.0,0.0,0.0,0.0,0.0,0.0,0.0,0.0,0.0,0.0,0.0,0.0,15690.19140625,0.0,178534.140625,26158.595703125,-3075.8046875,0.0,3075.796875,0.0,-16.390308684570144,0.0,1.753006935119629,0.0,FL
325257,FL,1205,71.0087890625,1,0.0,2481.66796875,2481.66796875,1,0,0.0,0.0,44910.69921875,19906.630859375,0.0,0.0,0.0,19906.630859375,0.0,0.0,0.0,0.0,0.0,0.0,0.0,0.0,0.0,0.0,0.0,0.0,0.0,0.0,0.0,0.0,0.0,0.0,0.0,0.0,0.0,0.0,0.0,0.0,0.0,0.0,0.0,0.0,0.0,0.0,0.0,0.0,0.0,0.0,0.0,0.0,0.0,0.0,0.0,0.0,0.0,0.0,0.0,0.0,0.0,0.0,0.0,0.0,0.0,0.0,0.0,0.0,0.0,0.0,0.0,0.0,0.0,0.0,0.0,0.0,0.0,0.0,0.0,0.0,0.0,0.0,0.0,0.0,0.0,0.0,0.0,0.0,0.0,0.0,0.0,0.0,0.0,0.0,0.0,0.0,0.0,0.0,0.0,0.0,0.0,0.0,44910.69921875,19906.630859375,0.0,0.0,0.0,0.0,0.0,0.0,0.0,0.0,FL
325258,FL,1205,9.869270324707031,1,0.0,0.0,0.0,1,0,0.0,0.0,31720.314453125,16025.1572265625,0.0,0.0,0.0,16025.1572265625,0.0,0.0,0.0,0.0,0.0,0.0,0.0,0.0,0.0,0.0,0.0,0.0,0.0,0.0,0.0,0.0,0.0,0.0,0.0,0.0,0.0,0.0,0.0,0.0,0.0,0.0,0.0,0.0,0.0,0.0,0.0,0.0,0.0,0.0,0.0,0.0,0.0,0.0,0.0,0.0,0.0,0.0,0.0,0.0,0.0,0.0,0.0,0.0,0.0,0.0,0.0,0.0,0.0,0.0,0.0,0.0,0.0,0.0,0.0,0.0,0.0,0.0,0.0,0.0,0.0,0.0,0.0,0.0,0.0,0.0,0.0,0.0,0.0,0.0,0.0,0.0,0.0,0.0,0.0,0.0,0.0,0.0,0.0,0.0,0.0,0.0,31720.314453125,16025.1572265625,0.0,0.0,0.0,0.0,0.0,0.0,0.0,0.0,FL
325259,FL,1205,159.4955291748047,2,0.0,0.0,-1436.8216552734375,2,0,0.0,0.0,88677.640625,44338.8203125,0.0,0.0,0.0,44338.8203125,0.0,0.0,0.0,0.0,0.0,0.0,0.0,0.0,0.0,0.0,0.0,0.0,0.0,0.0,0.0,0.0,0.0,0.0,0.0,0.0,0.0,0.0,0.0,0.0,0.0,0.0,0.0,0.0,0.0,0.0,0.0,0.0,0.0,0.0,0.0,0.0,0.0,0.0,0.0,0.0,0.0,0.0,0.0,0.0,0.0,0.0,0.0,0.0,0.0,0.0,0.0,0.0,0.0,0.0,0.0,0.0,0.0,0.0,0.0,0.0,0.0,0.0,0.0,0.0,0.0,0.0,0.0,0.0,0.0,0.0,0.0,0.0,0.0,0.0,0.0,0.0,0.0,0.0,0.0,0.0,0.0,0.0,0.0,0.0,0.0,0.0,88677.640625,44338.8203125,0.0,0.0,0.0,0.0,0.0,0.0,0.0,0.0,FL
325260,FL,1205,0.034909725189208984,2,0.0,138048.82421875,138048.828125,2,0,13358.7421875,0.0,123584.8515625,0.0,0.0,0.0,0.0,0.0,-230.0,0.0,230.0,0.0,-418.0,0.0,418.0,0.0,0.0,0.0,0.0,0.0,0.0,0.0,0.0,0.0,0.0,0.0,0.0,0.0,0.0,0.0,0.0,0.0,0.0,0.0,0.0,0.0,0.0,0.0,0.0,0.0,0.0,0.0,0.0,0.0,0.0,0.0,0.0,0.0,0.0,0.0,0.0,0.0,0.0,0.0,0.0,0.0,0.0,0.0,0.0,0.0,0.0,0.0,0.0,0.0,0.0,0.0,0.0,0.0,0.0,0.0,0.0,0.0,0.0,0.0,0.0,0.0,0.0,0.0,0.0,0.0,0.0,0.0,0.0,0.0,0.0,0.0,0.0,0.0,0.0,0.0,0.0,0.0,12710.7421875,0.0,124232.8515625,0.0,-648.0,0.0,648.0,0.0,-4.850756088446294,0.0,0.5243360996246338,0.0,FL
325261,FL,1205,68.71105194091797,1,0.0,8073.87646484375,8516.4658203125,1,0,0.0,0.0,9633.3583984375,1469.983642578125,0.0,0.0,0.0,1469.983642578125,0.0,0.0,0.0,0.0,0.0,0.0,0.0,0.0,0.0,0.0,0.0,0.0,0.0,0.0,0.0,0.0,0.0,0.0,0.0,0.0,0.0,0.0,0.0,0.0,0.0,0.0,0.0,0.0,0.0,0.0,0.0,0.0,0.0,0.0,0.0,0.0,0.0,0.0,0.0,0.0,0.0,0.0,0.0,0.0,0.0,0.0,0.0,0.0,0.0,0.0,0.0,0.0,0.0,0.0,0.0,0.0,0.0,0.0,0.0,0.0,0.0,0.0,0.0,0.0,0.0,0.0,0.0,0.0,0.0,0.0,0.0,0.0,0.0,0.0,0.0,0.0,0.0,0.0,0.0,0.0,0.0,0.0,0.0,0.0,0.0,0.0,9633.3583984375,1469.983642578125,0.0,0.0,0.0,0.0,0.0,0.0,0.0,0.0,FL
325262,FL,1205,0.04465309903025627,2,0.0,0.0,87066.0,2,0,5588.66064453125,0.0,137364.0,38374.66015625,0.0,0.0,0.0,38374.66015625,-10.0,0.0,10.0,0.0,-228.0,0.0,228.0,0.0,0.0,0.0,0.0,0.0,0.0,0.0,0.0,0.0,0.0,0.0,0.0,0.0,0.0,0.0,0.0,0.0,0.0,0.0,0.0,0.0,0.0,0.0,0.0,0.0,0.0,0.0,0.0,0.0,0.0,0.0,0.0,0.0,0.0,0.0,0.0,0.0,0.0,0.0,0.0,0.0,0.0,0.0,0.0,0.0,0.0,0.0,0.0,0.0,0.0,0.0,0.0,0.0,0.0,0.0,0.0,0.0,-1440.0,0.0,1440.0,0.0,-190.66455078125,0.0,190.65625,0.0,0.0,0.0,0.0,0.0,0.0,0.0,0.0,0.0,0.0,0.0,0.0,0.0,3719.99609375,0.0,139232.65625,38374.66015625,-1868.66455078125,0.0,1868.65625,0.0,-33.43671533553966,0.0,1.360368251800537,0.0,FL
325263,FL,1205,0.04633320868015289,4,2.0,77402.228515625,80297.671875,4,0,1513.720703125,0.0,95546.375,0.0,0.0,0.0,0.0,0.0,-10.0,0.0,10.0,0.0,-228.0,0.0,228.0,0.0,0.0,0.0,0.0,0.0,0.0,0.0,0.0,0.0,-400.0,0.0,400.0,0.0,0.0,0.0,0.0,0.0,0.0,0.0,0.0,0.0,0.0,0.0,0.0,0.0,0.0,0.0,0.0,0.0,0.0,0.0,0.0,0.0,-63.7294921875,0.0,63.734375,0.0,0.0,0.0,0.0,0.0,0.0,0.0,0.0,0.0,0.0,0.0,0.0,0.0,0.0,0.0,0.0,0.0,0.0,0.0,0.0,0.0,0.0,0.0,0.0,0.0,0.0,0.0,0.0,0.0,0.0,0.0,0.0,0.0,0.0,0.0,0.0,0.0,0.0,0.0,0.0,0.0,811.9912109375,0.0,96248.109375,0.0,-701.7294921875,0.0,701.734375,0.0,-46.357923937937485,0.0,0.734443724155426,0.0,FL
325264,FL,1205,48.925045013427734,2,0.0,0.0,421.433349609375,2,0,0.0,0.0,61787.2578125,30826.75390625,0.0,0.0,0.0,30826.75390625,0.0,0.0,0.0,0.0,0.0,0.0,0.0,0.0,0.0,0.0,0.0,0.0,0.0,0.0,0.0,0.0,0.0,0.0,0.0,0.0,0.0,0.0,0.0,0.0,0.0,0.0,0.0,0.0,0.0,0.0,0.0,0.0,0.0,0.0,0.0,0.0,0.0,0.0,0.0,0.0,0.0,0.0,0.0,0.0,0.0,0.0,0.0,0.0,0.0,0.0,0.0,0.0,0.0,0.0,0.0,0.0,0.0,0.0,0.0,0.0,0.0,0.0,0.0,0.0,0.0,0.0,0.0,0.0,0.0,0.0,0.0,0.0,0.0,0.0,0.0,0.0,0.0,0.0,0.0,0.0,0.0,0.0,0.0,0.0,0.0,0.0,61787.2578125,30826.75390625,0.0,0.0,0.0,0.0,0.0,0.0,0.0,0.0,FL
325265,FL,1205,0.029419055208563805,6,3.0,209777.16796875,274278.0947265625,6,0,35418.482482910156,0.0,276056.53125,1158.539794921875,13231.8837890625,0.0,0.0,14390.423583984375,-292.0,0.0,292.0,0.0,-456.0,0.0,456.0,0.0,0.0,0.0,0.0,0.0,0.0,0.0,0.0,0.0,0.0,0.0,0.0,0.0,0.0,0.0,0.0,0.0,0.0,0.0,0.0,0.0,0.0,0.0,0.0,0.0,0.0,0.0,0.0,0.0,0.0,0.0,0.0,0.0,-480.0,0.0,480.0,0.0,0.0,0.0,0.0,0.0,0.0,0.0,0.0,0.0,0.0,0.0,0.0,0.0,0.0,0.0,0.0,0.0,0.0,0.0,0.0,0.0,0.0,0.0,0.0,0.0,0.0,0.0,0.0,0.0,0.0,0.0,0.0,0.0,0.0,0.0,0.0,0.0,0.0,0.0,0.0,0.0,34190.482482910156,0.0,277284.53125,14390.423583984375,-1228.0,0.0,1228.0,0.0,-3.467116358224904,0.0,0.44483640789985657,0.0,FL
325266,FL,1205,0.05959220975637436,7,3.9999999999999996,42841.27734375,44489.34765625,7,0,-8987.9189453125,0.0,148573.359375,62947.140625,8290.629638671875,0.0,2285.38671875,73523.15698242188,0.0,0.0,0.0,0.0,0.0,0.0,0.0,0.0,0.0,0.0,0.0,0.0,0.0,0.0,0.0,0.0,100.0,0.0,-100.0,0.0,0.0,0.0,0.0,0.0,0.0,0.0,0.0,0.0,0.0,0.0,0.0,0.0,0.0,0.0,0.0,0.0,0.0,0.0,0.0,0.0,0.0,0.0,0.0,0.0,0.0,0.0,0.0,0.0,0.0,0.0,0.0,0.0,0.0,0.0,0.0,0.0,0.0,0.0,0.0,0.0,0.0,0.0,0.0,0.0,0.0,0.0,0.0,0.0,0.0,0.0,0.0,0.0,0.0,0.0,0.0,0.0,0.0,0.0,0.0,0.0,0.0,0.0,0.0,0.0,-8887.9189453125,0.0,148473.359375,73523.15698242188,100.0,0.0,-100.0,0.0,1.112604604118658,0.0,-0.06730681657791138,0.0,FL
325267,FL,1205,118.27222442626953,1,0.0,0.0,0.0,1,0,0.0,0.0,26630.654296875,12526.8173828125,13231.8837890625,0.0,0.0,25758.701171875,0.0,0.0,0.0,0.0,0.0,0.0,0.0,0.0,0.0,0.0,0.0,0.0,0.0,0.0,0.0,0.0,0.0,0.0,0.0,0.0,0.0,0.0,0.0,0.0,0.0,0.0,0.0,0.0,0.0,0.0,0.0,0.0,0.0,0.0,0.0,0.0,0.0,0.0,0.0,0.0,0.0,0.0,0.0,0.0,0.0,0.0,0.0,0.0,0.0,0.0,0.0,0.0,0.0,0.0,0.0,0.0,0.0,0.0,0.0,0.0,0.0,0.0,0.0,0.0,0.0,0.0,0.0,0.0,0.0,0.0,0.0,0.0,0.0,0.0,0.0,0.0,0.0,0.0,0.0,0.0,0.0,0.0,0.0,0.0,0.0,0.0,26630.654296875,25758.701171875,0.0,0.0,0.0,0.0,0.0,0.0,0.0,0.0,FL
325268,FL,1205,465.8624572753906,3,1.0,0.0,0.0,3,0,0.0,0.0,36516.89453125,20521.46875,15995.427001953125,0.0,0.0,36516.895751953125,0.0,0.0,0.0,0.0,0.0,0.0,0.0,0.0,0.0,0.0,0.0,0.0,0.0,0.0,0.0,0.0,0.0,0.0,0.0,0.0,0.0,0.0,0.0,0.0,0.0,0.0,0.0,0.0,0.0,0.0,0.0,0.0,0.0,0.0,0.0,0.0,0.0,0.0,0.0,0.0,0.0,0.0,0.0,0.0,0.0,0.0,0.0,0.0,0.0,0.0,0.0,0.0,0.0,0.0,0.0,0.0,0.0,0.0,0.0,0.0,0.0,0.0,0.0,0.0,0.0,0.0,0.0,0.0,0.0,0.0,0.0,0.0,0.0,0.0,0.0,0.0,0.0,0.0,0.0,0.0,0.0,0.0,0.0,0.0,0.0,0.0,36516.89453125,36516.895751953125,0.0,0.0,0.0,0.0,0.0,0.0,0.0,0.0,FL
325269,FL,1205,0.1133459210395813,2,0.0,0.0,114730.421875,2,0,8999.5390625,0.0,163608.3125,26693.7578125,0.0,0.0,0.0,26693.7578125,-10.0,0.0,10.0,0.0,-228.0,0.0,228.0,0.0,0.0,0.0,0.0,0.0,0.0,0.0,0.0,0.0,0.0,0.0,0.0,0.0,0.0,0.0,0.0,0.0,0.0,0.0,0.0,0.0,0.0,0.0,0.0,0.0,0.0,0.0,0.0,0.0,0.0,0.0,0.0,0.0,0.0,0.0,0.0,0.0,0.0,0.0,0.0,0.0,0.0,0.0,0.0,0.0,0.0,0.0,0.0,0.0,0.0,0.0,0.0,0.0,0.0,0.0,0.0,0.0,-1440.001953125,0.0,1440.0,0.0,0.0,0.0,0.0,0.0,0.0,0.0,0.0,0.0,0.0,0.0,0.0,0.0,0.0,0.0,0.0,0.0,7321.537109375,0.0,165286.3125,26693.7578125,-1678.001953125,0.0,1678.0,0.0,-18.645421076253037,0.0,1.0256203413009644,0.0,FL
325270,FL,1205,0.04045116528868675,2,0.0,669752.1591796875,675407.375,2,0,164289.96875,0.0,488658.71875,0.0,0.0,0.0,0.0,0.0,-749.0,0.0,749.0,0.0,-665.0,0.0,665.0,0.0,0.0,0.0,0.0,0.0,0.0,0.0,0.0,0.0,0.0,0.0,0.0,0.0,0.0,0.0,0.0,0.0,0.0,0.0,0.0,0.0,0.0,0.0,0.0,0.0,0.0,0.0,0.0,0.0,0.0,0.0,0.0,0.0,-88.75,0.0,88.75,0.0,0.0,0.0,0.0,0.0,0.0,0.0,0.0,0.0,0.0,0.0,0.0,0.0,0.0,0.0,0.0,0.0,0.0,0.0,0.0,0.0,0.0,0.0,0.0,0.0,0.0,0.0,0.0,0.0,0.0,0.0,0.0,0.0,0.0,0.0,0.0,0.0,0.0,0.0,0.0,0.0,162787.21875,0.0,490161.46875,0.0,-1502.75,0.0,1502.75,0.0,-0.9146937037201184,0.0,0.3075254559516907,0.0,FL
325271,FL,1205,0.03375425562262535,1,0.0,37204.62109375,37229.921875,1,0,2406.342529296875,0.0,34271.87890625,0.0,0.0,0.0,0.0,0.0,-5.0,0.0,5.0,0.0,-114.0,0.0,114.0,0.0,0.0,0.0,0.0,0.0,0.0,0.0,0.0,0.0,0.0,0.0,0.0,0.0,0.0,0.0,0.0,0.0,0.0,0.0,0.0,0.0,0.0,0.0,0.0,0.0,0.0,0.0,0.0,0.0,0.0,0.0,0.0,0.0,0.0,0.0,0.0,0.0,0.0,0.0,0.0,0.0,0.0,0.0,0.0,0.0,0.0,0.0,0.0,0.0,0.0,0.0,0.0,0.0,0.0,0.0,0.0,0.0,0.0,0.0,0.0,0.0,-90.793212890625,0.0,90.79296875,0.0,0.0,0.0,0.0,0.0,0.0,0.0,0.0,0.0,0.0,0.0,0.0,0.0,2196.54931640625,0.0,34481.671875,0.0,-209.793212890625,0.0,209.79296875,0.0,-8.718343724404267,0.0,0.6121432185173035,0.0,FL
325272,FL,1205,270.453125,2,1.0,0.0,0.0,2,0,0.0,0.0,36180.9140625,30135.2109375,6045.700927734375,0.0,0.0,36180.911865234375,0.0,0.0,0.0,0.0,0.0,0.0,0.0,0.0,0.0,0.0,0.0,0.0,0.0,0.0,0.0,0.0,0.0,0.0,0.0,0.0,0.0,0.0,0.0,0.0,0.0,0.0,0.0,0.0,0.0,0.0,0.0,0.0,0.0,0.0,0.0,0.0,0.0,0.0,0.0,0.0,0.0,0.0,0.0,0.0,0.0,0.0,0.0,0.0,0.0,0.0,0.0,0.0,0.0,0.0,0.0,0.0,0.0,0.0,0.0,0.0,0.0,0.0,0.0,0.0,0.0,0.0,0.0,0.0,0.0,0.0,0.0,0.0,0.0,0.0,-6588.720703125,-6588.71875,0.0,0.0,0.0,0.0,0.0,0.0,0.0,0.0,0.0,0.0,29592.193359375,29592.193115234375,0.0,0.0,-6588.720703125,-6588.71875,0.0,0.0,-18.210487365722656,-18.210482849469,FL
325273,FL,1205,171.47195434570312,1,0.0,0.0,0.0,1,0,0.0,0.0,26666.7421875,13434.857421875,13231.8837890625,0.0,0.0,26666.7412109375,0.0,0.0,0.0,0.0,0.0,0.0,0.0,0.0,0.0,0.0,0.0,0.0,0.0,0.0,0.0,0.0,0.0,0.0,0.0,0.0,0.0,0.0,0.0,0.0,0.0,0.0,0.0,0.0,0.0,0.0,0.0,0.0,0.0,0.0,0.0,0.0,0.0,0.0,0.0,0.0,0.0,0.0,0.0,0.0,0.0,0.0,0.0,0.0,0.0,0.0,0.0,0.0,0.0,0.0,0.0,0.0,0.0,0.0,0.0,0.0,0.0,0.0,0.0,0.0,0.0,0.0,0.0,0.0,0.0,0.0,0.0,0.0,0.0,0.0,0.0,0.0,0.0,0.0,0.0,0.0,0.0,0.0,0.0,0.0,0.0,0.0,26666.7421875,26666.7412109375,0.0,0.0,0.0,0.0,0.0,0.0,0.0,0.0,FL
325274,FL,1205,0.044239066541194916,5,1.0,189603.064453125,189769.345703125,5,0,8976.51513671875,0.0,188588.15625,0.0,2763.543212890625,0.0,0.0,2763.543212890625,-108.4287109375,0.0,108.4375,0.0,-489.5,0.0,489.5,0.0,0.0,0.0,0.0,0.0,0.0,0.0,0.0,0.0,-79.1474609375,0.0,79.15625,0.0,0.0,0.0,0.0,0.0,0.0,0.0,0.0,0.0,0.0,0.0,0.0,0.0,0.0,0.0,0.0,0.0,0.0,0.0,0.0,0.0,0.0,0.0,0.0,0.0,0.0,0.0,0.0,0.0,0.0,0.0,0.0,0.0,0.0,0.0,0.0,0.0,0.0,0.0,0.0,0.0,-440.12890625,0.0,440.125,0.0,0.0,0.0,0.0,0.0,-140.236328125,0.0,140.234375,0.0,0.0,0.0,0.0,0.0,0.0,0.0,0.0,0.0,0.0,0.0,0.0,0.0,7719.07373046875,0.0,189845.609375,2763.543212890625,-1257.44140625,0.0,1257.453125,0.0,-14.008124390125426,0.0,0.6667720675468445,0.0,FL
325275,FL,1205,156.25860595703125,2,1.0,0.0,115.41502380371094,2,0,0.0,0.0,43252.71484375,15518.189453125,13231.8837890625,0.0,0.0,28750.0732421875,0.0,0.0,0.0,0.0,0.0,0.0,0.0,0.0,0.0,0.0,0.0,0.0,0.0,0.0,0.0,0.0,0.0,0.0,0.0,0.0,0.0,0.0,0.0,0.0,0.0,0.0,0.0,0.0,0.0,0.0,0.0,0.0,0.0,0.0,0.0,0.0,0.0,0.0,0.0,0.0,0.0,0.0,0.0,0.0,0.0,0.0,0.0,0.0,0.0,0.0,0.0,0.0,0.0,0.0,0.0,0.0,0.0,0.0,0.0,0.0,0.0,0.0,0.0,0.0,0.0,0.0,0.0,0.0,0.0,0.0,0.0,0.0,0.0,0.0,0.0,0.0,0.0,0.0,0.0,0.0,0.0,0.0,0.0,0.0,0.0,0.0,43252.71484375,28750.0732421875,0.0,0.0,0.0,0.0,0.0,0.0,0.0,0.0,FL
325276,FL,1205,66.26679992675781,1,0.0,0.0,0.0,1,0,0.0,0.0,44223.21484375,18370.900390625,13231.8837890625,0.0,0.0,31602.7841796875,0.0,0.0,0.0,0.0,0.0,0.0,0.0,0.0,0.0,0.0,0.0,0.0,0.0,0.0,0.0,0.0,0.0,0.0,0.0,0.0,0.0,0.0,0.0,0.0,0.0,0.0,0.0,0.0,0.0,0.0,0.0,0.0,0.0,0.0,0.0,0.0,0.0,0.0,0.0,0.0,0.0,0.0,0.0,0.0,0.0,0.0,0.0,0.0,0.0,0.0,0.0,0.0,0.0,0.0,0.0,0.0,0.0,0.0,0.0,0.0,0.0,0.0,0.0,0.0,0.0,0.0,0.0,0.0,0.0,0.0,0.0,0.0,0.0,0.0,0.0,0.0,0.0,0.0,0.0,0.0,0.0,0.0,0.0,0.0,0.0,0.0,44223.21484375,31602.7841796875,0.0,0.0,0.0,0.0,0.0,0.0,0.0,0.0,FL
325277,FL,1205,347.85504150390625,1,0.0,0.0,0.0,1,0,0.0,0.0,36991.44921875,20543.146484375,13231.8837890625,0.0,0.0,33775.0302734375,0.0,0.0,0.0,0.0,0.0,0.0,0.0,0.0,0.0,0.0,0.0,0.0,0.0,0.0,0.0,0.0,0.0,0.0,0.0,0.0,0.0,0.0,0.0,0.0,0.0,0.0,0.0,0.0,0.0,0.0,0.0,0.0,0.0,0.0,0.0,0.0,0.0,0.0,0.0,0.0,0.0,0.0,0.0,0.0,0.0,0.0,0.0,0.0,0.0,0.0,0.0,0.0,0.0,0.0,0.0,0.0,0.0,0.0,0.0,0.0,0.0,0.0,0.0,0.0,0.0,0.0,0.0,0.0,0.0,0.0,0.0,0.0,0.0,0.0,0.0,0.0,0.0,0.0,0.0,0.0,0.0,0.0,0.0,0.0,0.0,0.0,36991.44921875,33775.0302734375,0.0,0.0,0.0,0.0,0.0,0.0,0.0,0.0,FL
325278,FL,1205,17.693359375,1,0.0,0.0,10.754512786865234,1,0,0.0,0.0,36337.8046875,18469.8359375,0.0,0.0,0.0,18469.8359375,0.0,0.0,0.0,0.0,0.0,0.0,0.0,0.0,0.0,0.0,0.0,0.0,0.0,0.0,0.0,0.0,0.0,0.0,0.0,0.0,0.0,0.0,0.0,0.0,0.0,0.0,0.0,0.0,0.0,0.0,0.0,0.0,0.0,0.0,0.0,0.0,0.0,0.0,0.0,0.0,0.0,0.0,0.0,0.0,0.0,0.0,0.0,0.0,0.0,0.0,0.0,0.0,0.0,0.0,0.0,0.0,0.0,0.0,0.0,0.0,0.0,0.0,0.0,0.0,0.0,0.0,0.0,0.0,0.0,0.0,0.0,0.0,0.0,0.0,0.0,0.0,0.0,0.0,0.0,0.0,0.0,0.0,0.0,0.0,0.0,0.0,36337.8046875,18469.8359375,0.0,0.0,0.0,0.0,0.0,0.0,0.0,0.0,FL
325279,FL,1205,135.4501190185547,2,0.0,0.0,0.0,2,0,0.0,0.0,94240.703125,47120.3515625,0.0,0.0,0.0,47120.3515625,0.0,0.0,0.0,0.0,0.0,0.0,0.0,0.0,0.0,0.0,0.0,0.0,0.0,0.0,0.0,0.0,0.0,0.0,0.0,0.0,0.0,0.0,0.0,0.0,0.0,0.0,0.0,0.0,0.0,0.0,0.0,0.0,0.0,0.0,0.0,0.0,0.0,0.0,0.0,0.0,0.0,0.0,0.0,0.0,0.0,0.0,0.0,0.0,0.0,0.0,0.0,0.0,0.0,0.0,0.0,0.0,0.0,0.0,0.0,0.0,0.0,0.0,0.0,0.0,0.0,0.0,0.0,0.0,0.0,0.0,0.0,0.0,0.0,0.0,0.0,0.0,0.0,0.0,0.0,0.0,0.0,0.0,0.0,0.0,0.0,0.0,94240.703125,47120.3515625,0.0,0.0,0.0,0.0,0.0,0.0,0.0,0.0,FL
325280,FL,1205,164.8651580810547,2,0.0,12870.748046875,12874.884765625,2,0,0.0,0.0,91910.7890625,37733.7734375,0.0,0.0,0.0,37733.7734375,0.0,0.0,0.0,0.0,0.0,0.0,0.0,0.0,0.0,0.0,0.0,0.0,0.0,0.0,0.0,0.0,0.0,0.0,0.0,0.0,0.0,0.0,0.0,0.0,0.0,0.0,0.0,0.0,0.0,0.0,0.0,0.0,0.0,0.0,0.0,0.0,0.0,0.0,0.0,0.0,0.0,0.0,0.0,0.0,0.0,0.0,0.0,0.0,0.0,0.0,0.0,0.0,0.0,0.0,0.0,0.0,0.0,0.0,0.0,0.0,0.0,0.0,0.0,0.0,0.0,0.0,0.0,0.0,0.0,0.0,0.0,0.0,0.0,0.0,0.0,0.0,0.0,0.0,0.0,0.0,0.0,0.0,0.0,0.0,0.0,0.0,91910.7890625,37733.7734375,0.0,0.0,0.0,0.0,0.0,0.0,0.0,0.0,FL
325281,FL,1205,178.533447265625,2,0.0,0.0,162.14495849609375,2,0,0.0,0.0,144681.84375,72221.703125,0.0,0.0,0.0,72221.703125,0.0,0.0,0.0,0.0,0.0,0.0,0.0,0.0,0.0,0.0,0.0,0.0,0.0,0.0,0.0,0.0,0.0,0.0,0.0,0.0,0.0,0.0,0.0,0.0,0.0,0.0,0.0,0.0,0.0,0.0,0.0,0.0,0.0,0.0,0.0,0.0,0.0,0.0,0.0,0.0,0.0,0.0,0.0,0.0,0.0,0.0,0.0,0.0,0.0,0.0,0.0,0.0,0.0,0.0,0.0,0.0,0.0,0.0,0.0,0.0,0.0,0.0,0.0,0.0,0.0,0.0,0.0,0.0,0.0,0.0,0.0,0.0,0.0,0.0,0.0,0.0,0.0,0.0,0.0,0.0,0.0,0.0,0.0,0.0,0.0,0.0,144681.84375,72221.703125,0.0,0.0,0.0,0.0,0.0,0.0,0.0,0.0,FL
325282,FL,1205,71.98271179199219,2,1.0,0.0,0.0,2,0,0.0,0.0,15059.451171875,9013.75,6045.700927734375,0.0,0.0,15059.450927734375,0.0,0.0,0.0,0.0,0.0,0.0,0.0,0.0,0.0,0.0,0.0,0.0,0.0,0.0,0.0,0.0,0.0,0.0,0.0,0.0,0.0,0.0,0.0,0.0,0.0,0.0,0.0,0.0,0.0,0.0,0.0,0.0,0.0,0.0,0.0,0.0,0.0,0.0,0.0,0.0,0.0,0.0,0.0,0.0,0.0,0.0,0.0,0.0,0.0,0.0,0.0,0.0,0.0,0.0,0.0,0.0,0.0,0.0,0.0,0.0,0.0,0.0,0.0,0.0,0.0,0.0,0.0,0.0,0.0,0.0,0.0,0.0,0.0,0.0,0.0,0.0,0.0,0.0,0.0,0.0,0.0,0.0,0.0,0.0,0.0,0.0,15059.451171875,15059.450927734375,0.0,0.0,0.0,0.0,0.0,0.0,0.0,0.0,FL
325283,FL,1205,0.032463010400533676,2,0.0,164345.3671875,172543.75,0,2,20605.27734375,0.0,138971.171875,0.0,0.0,0.0,0.0,0.0,-230.0,0.0,230.0,0.0,-418.0,0.0,418.0,0.0,0.0,0.0,0.0,0.0,0.0,0.0,0.0,0.0,0.0,0.0,0.0,0.0,0.0,0.0,0.0,0.0,-757.65234375,0.0,757.65625,0.0,0.0,0.0,0.0,0.0,0.0,0.0,0.0,0.0,0.0,0.0,0.0,0.0,-206.71484375,0.0,206.71875,0.0,0.0,0.0,0.0,0.0,0.0,0.0,0.0,0.0,0.0,0.0,0.0,0.0,0.0,0.0,0.0,0.0,0.0,0.0,0.0,0.0,0.0,0.0,0.0,0.0,-451.802734375,0.0,451.796875,0.0,0.0,0.0,0.0,0.0,0.0,0.0,0.0,0.0,0.0,0.0,0.0,0.0,18541.107421875,0.0,141035.34375,0.0,-2064.169921875,0.0,2064.171875,0.0,-10.01767599357795,0.0,1.4853237867355347,0.0,FL
325284,FL,1205,670.1484985351562,2,0.0,0.0,-366.8244400024414,2,0,0.0,0.0,60315.6875,27665.623046875,26463.767578125,0.0,0.0,54129.390625,0.0,0.0,0.0,0.0,0.0,0.0,0.0,0.0,0.0,0.0,0.0,0.0,0.0,0.0,0.0,0.0,0.0,0.0,0.0,0.0,0.0,0.0,0.0,0.0,0.0,0.0,0.0,0.0,0.0,0.0,0.0,0.0,0.0,0.0,0.0,0.0,0.0,0.0,0.0,0.0,0.0,0.0,0.0,0.0,0.0,0.0,0.0,0.0,0.0,0.0,0.0,0.0,0.0,0.0,0.0,0.0,0.0,0.0,0.0,0.0,0.0,0.0,0.0,0.0,0.0,0.0,0.0,0.0,0.0,0.0,0.0,0.0,0.0,0.0,0.0,0.0,0.0,0.0,0.0,0.0,0.0,0.0,-13231.8828125,-13231.8837890625,0.0,0.0,47083.8046875,40897.5068359375,0.0,0.0,-13231.8828125,-13231.8837890625,0.0,0.0,-21.937713623046875,-24.444915481740654,FL
325285,FL,1205,0.03556723892688751,2,0.0,810836.1875,911769.75,2,0,248433.734375,0.0,636207.4375,0.0,0.0,0.0,0.0,0.0,-734.0,0.0,734.0,0.0,-703.0,0.0,703.0,0.0,0.0,0.0,0.0,0.0,0.0,0.0,0.0,0.0,0.0,0.0,0.0,0.0,0.0,0.0,0.0,0.0,-1850.0,0.0,1850.0,0.0,0.0,0.0,0.0,0.0,0.0,0.0,0.0,0.0,0.0,0.0,0.0,0.0,0.0,0.0,0.0,0.0,0.0,0.0,0.0,0.0,0.0,0.0,0.0,0.0,0.0,0.0,0.0,0.0,0.0,0.0,0.0,0.0,0.0,0.0,0.0,0.0,0.0,0.0,0.0,0.0,0.0,0.0,0.0,0.0,0.0,0.0,0.0,0.0,0.0,0.0,0.0,0.0,0.0,0.0,0.0,0.0,245146.734375,0.0,639494.4375,0.0,-3287.0,0.0,3287.0,0.0,-1.3230892367613873,0.0,0.5166553854942322,0.0,FL
325286,FL,1205,11.081440925598145,4,2.0,0.0,0.0,4,0,0.0,0.0,8119.0107421875,2591.924560546875,5527.08642578125,0.0,0.0,8119.010986328125,0.0,0.0,0.0,0.0,0.0,0.0,0.0,0.0,0.0,0.0,0.0,0.0,0.0,0.0,0.0,0.0,0.0,0.0,0.0,0.0,0.0,0.0,0.0,0.0,0.0,0.0,0.0,0.0,0.0,0.0,0.0,0.0,0.0,0.0,0.0,0.0,0.0,0.0,0.0,0.0,0.0,0.0,0.0,0.0,0.0,0.0,0.0,0.0,0.0,0.0,0.0,0.0,0.0,0.0,0.0,0.0,0.0,0.0,0.0,0.0,0.0,0.0,0.0,0.0,0.0,0.0,0.0,0.0,0.0,0.0,0.0,0.0,0.0,0.0,0.0,0.0,0.0,0.0,0.0,0.0,0.0,0.0,0.0,0.0,0.0,0.0,8119.0107421875,8119.010986328125,0.0,0.0,0.0,0.0,0.0,0.0,0.0,0.0,FL
325287,FL,1205,129.56776428222656,1,0.0,0.0,534.6182861328125,1,0,0.0,0.0,53139.4921875,26446.279296875,0.0,0.0,0.0,26446.279296875,0.0,0.0,0.0,0.0,0.0,0.0,0.0,0.0,0.0,0.0,0.0,0.0,0.0,0.0,0.0,0.0,0.0,0.0,0.0,0.0,0.0,0.0,0.0,0.0,0.0,0.0,0.0,0.0,0.0,0.0,0.0,0.0,0.0,0.0,0.0,0.0,0.0,0.0,0.0,0.0,0.0,0.0,0.0,0.0,0.0,0.0,0.0,0.0,0.0,0.0,0.0,0.0,0.0,0.0,0.0,0.0,0.0,0.0,0.0,0.0,0.0,0.0,0.0,0.0,0.0,0.0,0.0,0.0,0.0,0.0,0.0,0.0,0.0,0.0,0.0,0.0,0.0,0.0,0.0,0.0,0.0,0.0,0.0,0.0,0.0,0.0,53139.4921875,26446.279296875,0.0,0.0,0.0,0.0,0.0,0.0,0.0,0.0,FL
325288,FL,1205,0.04260023310780525,4,2.0,893220.5625,902220.875,4,0,244651.234375,0.0,653107.75,0.0,0.0,0.0,0.0,0.0,-734.0,0.0,734.0,0.0,-703.0,0.0,703.0,0.0,0.0,0.0,0.0,0.0,0.0,0.0,0.0,0.0,0.0,0.0,0.0,0.0,0.0,0.0,0.0,0.0,-1850.0,0.0,1850.0,0.0,0.0,0.0,0.0,0.0,0.0,0.0,0.0,0.0,0.0,0.0,0.0,0.0,-740.0,0.0,740.0,0.0,0.0,0.0,0.0,0.0,0.0,0.0,0.0,0.0,0.0,0.0,0.0,0.0,0.0,0.0,0.0,0.0,0.0,0.0,0.0,0.0,0.0,0.0,0.0,0.0,0.0,0.0,0.0,0.0,0.0,0.0,0.0,0.0,0.0,0.0,0.0,0.0,0.0,0.0,0.0,0.0,240624.234375,0.0,657134.75,0.0,-4027.0,0.0,4027.0,0.0,-1.6460166286459188,0.0,0.6165904402732849,0.0,FL
325289,FL,1205,147.08641052246094,2,0.0,17718.494140625,17719.322265625,2,0,0.0,0.0,74849.390625,28229.484375,0.0,0.0,0.0,28229.484375,0.0,0.0,0.0,0.0,0.0,0.0,0.0,0.0,0.0,0.0,0.0,0.0,0.0,0.0,0.0,0.0,0.0,0.0,0.0,0.0,0.0,0.0,0.0,0.0,0.0,0.0,0.0,0.0,0.0,0.0,0.0,0.0,0.0,0.0,0.0,0.0,0.0,0.0,0.0,0.0,0.0,0.0,0.0,0.0,0.0,0.0,0.0,0.0,0.0,0.0,0.0,0.0,0.0,0.0,0.0,0.0,0.0,0.0,0.0,0.0,0.0,0.0,0.0,0.0,0.0,0.0,0.0,0.0,0.0,0.0,0.0,0.0,0.0,0.0,0.0,0.0,0.0,0.0,0.0,0.0,0.0,0.0,0.0,0.0,0.0,0.0,74849.390625,28229.484375,0.0,0.0,0.0,0.0,0.0,0.0,0.0,0.0,FL
325290,FL,1205,0.04625518620014191,4,2.0,99826.6953125,109158.65625,4,0,4599.3447265625,0.0,122201.1328125,0.0,0.0,0.0,0.0,0.0,-10.0,0.0,10.0,0.0,-228.0,0.0,228.0,0.0,0.0,0.0,0.0,0.0,0.0,0.0,0.0,0.0,-400.0,0.0,400.0,0.0,0.0,0.0,0.0,0.0,-222.30615234375,0.0,222.3046875,0.0,0.0,0.0,0.0,0.0,0.0,0.0,0.0,0.0,0.0,0.0,0.0,0.0,-240.0,0.0,240.0,0.0,0.0,0.0,0.0,0.0,0.0,0.0,0.0,0.0,0.0,0.0,0.0,0.0,0.0,0.0,0.0,0.0,0.0,0.0,0.0,0.0,0.0,0.0,0.0,0.0,-47.0830078125,0.0,47.0859375,0.0,0.0,0.0,0.0,0.0,0.0,0.0,0.0,0.0,0.0,0.0,0.0,0.0,3451.95556640625,0.0,123348.5234375,0.0,-1147.38916015625,0.0,1147.390625,0.0,-24.9467963018679,0.0,0.9389361143112183,0.0,FL
325291,FL,1205,50.590274810791016,4,0.0,0.0,0.0,4,0,0.0,0.0,95490.609375,47910.3046875,0.0,0.0,0.0,47910.3046875,0.0,0.0,0.0,0.0,0.0,0.0,0.0,0.0,0.0,0.0,0.0,0.0,0.0,0.0,0.0,0.0,0.0,0.0,0.0,0.0,0.0,0.0,0.0,0.0,0.0,0.0,0.0,0.0,0.0,0.0,0.0,0.0,0.0,0.0,0.0,0.0,0.0,0.0,0.0,0.0,0.0,0.0,0.0,0.0,0.0,0.0,0.0,0.0,0.0,0.0,0.0,0.0,0.0,0.0,0.0,0.0,0.0,0.0,0.0,0.0,0.0,0.0,0.0,0.0,0.0,0.0,0.0,0.0,0.0,0.0,0.0,0.0,0.0,0.0,0.0,0.0,0.0,0.0,0.0,0.0,0.0,0.0,0.0,0.0,0.0,0.0,95490.609375,47910.3046875,0.0,0.0,0.0,0.0,0.0,0.0,0.0,0.0,FL
325292,FL,1205,125.3084487915039,1,0.0,0.0,0.0,1,0,0.0,0.0,3926.039794921875,3926.039794921875,0.0,0.0,0.0,3926.039794921875,0.0,0.0,0.0,0.0,0.0,0.0,0.0,0.0,0.0,0.0,0.0,0.0,0.0,0.0,0.0,0.0,0.0,0.0,0.0,0.0,0.0,0.0,0.0,0.0,0.0,0.0,0.0,0.0,0.0,0.0,0.0,0.0,0.0,0.0,0.0,0.0,0.0,0.0,0.0,0.0,0.0,0.0,0.0,0.0,0.0,0.0,0.0,0.0,0.0,0.0,0.0,0.0,0.0,0.0,0.0,0.0,0.0,0.0,0.0,0.0,0.0,0.0,0.0,0.0,0.0,0.0,0.0,0.0,0.0,0.0,0.0,0.0,0.0,0.0,0.0,0.0,0.0,0.0,0.0,0.0,0.0,0.0,0.0,0.0,0.0,0.0,3926.039794921875,3926.039794921875,0.0,0.0,0.0,0.0,0.0,0.0,0.0,0.0,FL
325293,FL,1205,93.34111785888672,2,0.0,0.0,55.25179481506348,2,0,0.0,0.0,52646.671875,15445.755859375,26463.767578125,0.0,0.0,41909.5234375,0.0,0.0,0.0,0.0,0.0,0.0,0.0,0.0,0.0,0.0,0.0,0.0,0.0,0.0,0.0,0.0,0.0,0.0,0.0,0.0,0.0,0.0,0.0,0.0,0.0,0.0,0.0,0.0,0.0,0.0,0.0,0.0,0.0,0.0,0.0,0.0,0.0,0.0,0.0,0.0,0.0,0.0,0.0,0.0,0.0,0.0,0.0,0.0,0.0,0.0,0.0,0.0,0.0,0.0,0.0,0.0,0.0,0.0,0.0,0.0,0.0,0.0,0.0,0.0,0.0,0.0,0.0,0.0,0.0,0.0,0.0,0.0,0.0,0.0,0.0,0.0,0.0,0.0,0.0,0.0,0.0,0.0,0.0,0.0,0.0,0.0,52646.671875,41909.5234375,0.0,0.0,0.0,0.0,0.0,0.0,0.0,0.0,FL
325294,FL,1205,0.040901631116867065,4,2.0,440679.859375,444255.5625,4,0,83899.3828125,0.0,411468.25,0.0,0.0,0.0,0.0,0.0,-764.0,0.0,764.0,0.0,-608.0,0.0,608.0,0.0,0.0,0.0,0.0,0.0,0.0,0.0,0.0,0.0,-400.0,0.0,400.0,0.0,0.0,0.0,0.0,0.0,0.0,0.0,0.0,0.0,0.0,0.0,0.0,0.0,0.0,0.0,0.0,0.0,0.0,0.0,0.0,0.0,-640.0,0.0,640.0,0.0,0.0,0.0,0.0,0.0,0.0,0.0,0.0,0.0,0.0,0.0,0.0,0.0,0.0,0.0,0.0,0.0,0.0,0.0,0.0,0.0,0.0,0.0,0.0,0.0,0.0,0.0,0.0,0.0,0.0,0.0,0.0,0.0,0.0,0.0,0.0,0.0,0.0,0.0,0.0,0.0,81487.3828125,0.0,413880.25,0.0,-2412.0,0.0,2412.0,0.0,-2.874872161324935,0.0,0.5861935019493103,0.0,FL
325295,FL,1205,0.05542968213558197,4,2.0,663182.765625,668638.875,4,0,160128.6875,0.0,505336.53125,0.0,0.0,0.0,0.0,0.0,-749.0,0.0,749.0,0.0,-171.078125,0.0,171.09375,0.0,0.0,0.0,0.0,0.0,0.0,0.0,0.0,0.0,0.0,0.0,0.0,0.0,0.0,0.0,0.0,0.0,-1750.0,0.0,1750.0,0.0,0.0,0.0,0.0,0.0,0.0,0.0,0.0,0.0,0.0,0.0,0.0,0.0,-700.0,0.0,700.0,0.0,0.0,0.0,0.0,0.0,0.0,0.0,0.0,0.0,0.0,0.0,0.0,0.0,0.0,0.0,0.0,0.0,0.0,0.0,0.0,0.0,0.0,0.0,0.0,0.0,0.0,0.0,0.0,0.0,0.0,0.0,0.0,0.0,0.0,0.0,0.0,0.0,0.0,0.0,0.0,0.0,156758.609375,0.0,508706.625,0.0,-3370.078125,0.0,3370.09375,0.0,-2.1046061000156513,0.0,0.6669008731842041,0.0,FL
325296,FL,1205,0.050703004002571106,8,3.0,144857.23046875,144857.23046874997,8,0,4889.07470703125,0.0,181172.375,17003.087890625,3282.15771484375,5531.7265625,9141.546875,34958.51904296875,-125.0,0.0,125.0,0.0,-437.0000000000018,0.0,437.0,0.0,0.0,0.0,0.0,0.0,0.0,0.0,0.0,0.0,-599.9999999999995,0.0,600.0,0.0,0.0,0.0,0.0,0.0,0.0,0.0,0.0,0.0,0.0,0.0,0.0,0.0,0.0,0.0,0.0,0.0,0.0,0.0,0.0,0.0,0.0,0.0,0.0,0.0,0.0,0.0,0.0,0.0,0.0,0.0,0.0,0.0,0.0,0.0,0.0,0.0,0.0,0.0,0.0,0.0,0.0,0.0,0.0,0.0,0.0,0.0,0.0,0.0,-184.87939453124864,0.0,184.890625,0.0,0.0,0.0,0.0,0.0,0.0,0.0,0.0,0.0,0.0,0.0,0.0,0.0,3542.1953125,0.0,182519.265625,34958.51904296875,-1346.87939453125,0.0,1346.890625,0.0,-27.548758716945514,0.0,0.743430495262146,0.0,FL
325297,FL,1205,1.6773322820663452,2,1.0,10453.0625,19315.744140625,2,0,-4747.0009765625,0.0,57601.48046875,18342.970703125,15995.427001953125,0.0,0.0,34338.397705078125,0.0,0.0,0.0,0.0,0.0,0.0,0.0,0.0,0.0,0.0,0.0,0.0,0.0,0.0,0.0,0.0,0.0,0.0,0.0,0.0,0.0,0.0,0.0,0.0,0.0,0.0,0.0,0.0,0.0,0.0,0.0,0.0,0.0,0.0,0.0,0.0,0.0,0.0,0.0,0.0,0.0,0.0,0.0,0.0,0.0,0.0,0.0,0.0,0.0,0.0,0.0,0.0,0.0,0.0,0.0,0.0,0.0,0.0,0.0,0.0,0.0,0.0,0.0,0.0,0.0,0.0,0.0,0.0,0.0,0.0,0.0,0.0,0.0,0.0,0.0,0.0,0.0,0.0,0.0,0.0,0.0,0.0,0.0,0.0,-4747.0009765625,0.0,57601.48046875,34338.397705078125,0.0,0.0,0.0,0.0,0.0,0.0,0.0,0.0,FL
325298,FL,1205,134.44647216796875,2,0.0,8806.1181640625,8806.1181640625,2,0,0.0,0.0,73630.2265625,31671.619140625,0.0,0.0,0.0,31671.619140625,0.0,0.0,0.0,0.0,0.0,0.0,0.0,0.0,0.0,0.0,0.0,0.0,0.0,0.0,0.0,0.0,0.0,0.0,0.0,0.0,0.0,0.0,0.0,0.0,0.0,0.0,0.0,0.0,0.0,0.0,0.0,0.0,0.0,0.0,0.0,0.0,0.0,0.0,0.0,0.0,0.0,0.0,0.0,0.0,0.0,0.0,0.0,0.0,0.0,0.0,0.0,0.0,0.0,0.0,0.0,0.0,0.0,0.0,0.0,0.0,0.0,0.0,0.0,0.0,0.0,0.0,0.0,0.0,0.0,0.0,0.0,0.0,0.0,0.0,0.0,0.0,0.0,0.0,0.0,0.0,0.0,0.0,0.0,0.0,0.0,0.0,73630.2265625,31671.619140625,0.0,0.0,0.0,0.0,0.0,0.0,0.0,0.0,FL
325299,FL,1205,0.04298847168684006,1,0.0,0.0,116387.359375,1,0,15588.59765625,0.0,163161.265625,33087.359375,0.0,0.0,0.0,33087.359375,-115.0,0.0,115.0,0.0,-209.0,0.0,209.0,0.0,0.0,0.0,0.0,0.0,0.0,0.0,0.0,0.0,0.0,0.0,0.0,0.0,0.0,0.0,0.0,0.0,-591.390625,0.0,591.390625,0.0,0.0,0.0,0.0,0.0,0.0,0.0,0.0,0.0,0.0,0.0,0.0,0.0,0.0,0.0,0.0,0.0,0.0,0.0,0.0,0.0,0.0,0.0,0.0,0.0,0.0,0.0,0.0,0.0,0.0,0.0,0.0,0.0,0.0,0.0,0.0,0.0,-773.6865234375,0.0,773.6875,0.0,0.0,0.0,0.0,0.0,0.0,0.0,0.0,0.0,0.0,0.0,0.0,0.0,0.0,0.0,0.0,0.0,13899.5205078125,0.0,164850.34375,33087.359375,-1689.0771484375,0.0,1689.078125,0.0,-10.835337377254659,0.0,1.0352200269699097,0.0,FL
325300,FL,1205,58.05339813232422,1,0.0,0.0,8.27270221710205,1,0,0.0,0.0,26846.6875,13601.546875,13231.8837890625,0.0,0.0,26833.4306640625,0.0,0.0,0.0,0.0,0.0,0.0,0.0,0.0,0.0,0.0,0.0,0.0,0.0,0.0,0.0,0.0,0.0,0.0,0.0,0.0,0.0,0.0,0.0,0.0,0.0,0.0,0.0,0.0,0.0,0.0,0.0,0.0,0.0,0.0,0.0,0.0,0.0,0.0,0.0,0.0,0.0,0.0,0.0,0.0,0.0,0.0,0.0,0.0,0.0,0.0,0.0,0.0,0.0,0.0,0.0,0.0,0.0,0.0,0.0,0.0,0.0,0.0,0.0,0.0,0.0,0.0,0.0,0.0,0.0,0.0,0.0,0.0,0.0,0.0,0.0,0.0,0.0,0.0,0.0,0.0,0.0,0.0,0.0,0.0,0.0,0.0,26846.6875,26833.4306640625,0.0,0.0,0.0,0.0,0.0,0.0,0.0,0.0,FL
325301,FL,1205,123.4126205444336,5,3.0,0.0,0.0,5,0,0.0,0.0,55556.8671875,11437.8896484375,35273.01171875,0.0,0.0,46710.9013671875,0.0,0.0,0.0,0.0,0.0,0.0,0.0,0.0,0.0,0.0,0.0,0.0,0.0,0.0,0.0,0.0,0.0,0.0,0.0,0.0,0.0,0.0,0.0,0.0,0.0,0.0,0.0,0.0,0.0,0.0,0.0,0.0,0.0,0.0,0.0,0.0,0.0,0.0,0.0,0.0,0.0,0.0,0.0,0.0,0.0,0.0,0.0,0.0,0.0,0.0,0.0,0.0,0.0,0.0,0.0,0.0,0.0,0.0,0.0,0.0,0.0,0.0,0.0,0.0,0.0,0.0,0.0,0.0,0.0,0.0,0.0,0.0,0.0,0.0,0.0,0.0,0.0,0.0,0.0,0.0,0.0,0.0,0.0,0.0,0.0,0.0,55556.8671875,46710.9013671875,0.0,0.0,0.0,0.0,0.0,0.0,0.0,0.0,FL
325302,FL,1205,65.13768768310547,1,0.0,0.0,1.6545404195785522,1,0,0.0,0.0,49206.69140625,24745.970703125,0.0,0.0,0.0,24745.970703125,0.0,0.0,0.0,0.0,0.0,0.0,0.0,0.0,0.0,0.0,0.0,0.0,0.0,0.0,0.0,0.0,0.0,0.0,0.0,0.0,0.0,0.0,0.0,0.0,0.0,0.0,0.0,0.0,0.0,0.0,0.0,0.0,0.0,0.0,0.0,0.0,0.0,0.0,0.0,0.0,0.0,0.0,0.0,0.0,0.0,0.0,0.0,0.0,0.0,0.0,0.0,0.0,0.0,0.0,0.0,0.0,0.0,0.0,0.0,0.0,0.0,0.0,0.0,0.0,0.0,0.0,0.0,0.0,0.0,0.0,0.0,0.0,0.0,0.0,0.0,0.0,0.0,0.0,0.0,0.0,0.0,0.0,0.0,0.0,0.0,0.0,49206.69140625,24745.970703125,0.0,0.0,0.0,0.0,0.0,0.0,0.0,0.0,FL
325303,FL,1205,0.15404894948005676,2,0.0,148773.390625,183298.88232421875,2,0,31243.818359375,0.0,201513.6875,43815.5859375,0.0,0.0,0.0,43815.5859375,-131.0,0.0,131.0,0.0,-228.0,0.0,228.0,0.0,0.0,0.0,0.0,0.0,0.0,0.0,0.0,0.0,0.0,0.0,0.0,0.0,0.0,0.0,0.0,0.0,0.0,0.0,0.0,0.0,0.0,0.0,0.0,0.0,0.0,0.0,0.0,0.0,0.0,0.0,0.0,0.0,0.0,0.0,0.0,0.0,0.0,0.0,0.0,0.0,0.0,0.0,0.0,0.0,0.0,0.0,0.0,0.0,0.0,0.0,0.0,0.0,0.0,0.0,0.0,0.0,0.0,0.0,0.0,0.0,0.0,0.0,0.0,0.0,0.0,0.0,0.0,0.0,0.0,0.0,0.0,0.0,0.0,0.0,0.0,0.0,30884.818359375,0.0,201872.6875,43815.5859375,-359.0,0.0,359.0,0.0,-1.149027291961191,0.0,0.1781516671180725,0.0,FL
325304,FL,1205,79.1884994506836,1,0.0,13937.416015625,15685.0634765625,1,0,53.50634765625,0.0,29750.4375,5914.40234375,0.0,9270.6904296875,0.0,15185.0927734375,0.0,0.0,0.0,0.0,-53.50634765625,0.0,53.50390625,0.0,0.0,0.0,0.0,0.0,0.0,0.0,0.0,0.0,0.0,0.0,0.0,0.0,0.0,0.0,0.0,0.0,0.0,0.0,0.0,0.0,0.0,0.0,0.0,0.0,0.0,0.0,0.0,0.0,0.0,0.0,0.0,0.0,0.0,0.0,0.0,0.0,0.0,0.0,0.0,0.0,0.0,0.0,0.0,0.0,0.0,0.0,0.0,0.0,0.0,0.0,0.0,0.0,0.0,0.0,0.0,0.0,0.0,0.0,0.0,0.0,0.0,0.0,0.0,0.0,0.0,0.0,0.0,0.0,0.0,0.0,0.0,0.0,0.0,0.0,0.0,0.0,0.0,0.0,29803.94140625,15185.0927734375,-53.50634765625,0.0,53.50390625,0.0,-100.0,0.0,0.17984241247177124,0.0,FL
325305,FL,1205,0.049695804715156555,4,1.0,476195.0625,476827.07812500006,4,0,79654.515625,0.0,363245.5,0.0,0.0,0.0,0.0,0.0,-423.0,0.0,423.0,0.0,-684.0,0.0,684.0,0.0,0.0,0.0,0.0,0.0,0.0,0.0,0.0,0.0,-200.0,0.0,200.0,0.0,0.0,0.0,0.0,0.0,0.0,0.0,0.0,0.0,0.0,0.0,0.0,0.0,0.0,0.0,0.0,0.0,0.0,0.0,0.0,0.0,0.0,0.0,0.0,0.0,0.0,0.0,0.0,0.0,0.0,0.0,0.0,0.0,0.0,0.0,0.0,0.0,0.0,0.0,0.0,0.0,0.0,0.0,0.0,0.0,0.0,0.0,0.0,0.0,0.0,0.0,0.0,0.0,0.0,0.0,0.0,0.0,0.0,0.0,0.0,0.0,0.0,0.0,0.0,0.0,78347.515625,0.0,364552.5,0.0,-1307.0,0.0,1307.0,0.0,-1.640836040172707,0.0,0.3598117530345917,0.0,FL
325306,FL,1205,1.6394927501678467,1,0.0,0.0,0.0,1,0,0.0,0.0,0.0,0.0,0.0,0.0,0.0,0.0,0.0,0.0,0.0,0.0,0.0,0.0,0.0,0.0,0.0,0.0,0.0,0.0,0.0,0.0,0.0,0.0,0.0,0.0,0.0,0.0,0.0,0.0,0.0,0.0,0.0,0.0,0.0,0.0,0.0,0.0,0.0,0.0,0.0,0.0,0.0,0.0,0.0,0.0,0.0,0.0,0.0,0.0,0.0,0.0,0.0,0.0,0.0,0.0,0.0,0.0,0.0,0.0,0.0,0.0,0.0,0.0,0.0,0.0,0.0,0.0,0.0,0.0,0.0,0.0,0.0,0.0,0.0,0.0,0.0,0.0,0.0,0.0,0.0,0.0,0.0,0.0,0.0,0.0,0.0,0.0,0.0,0.0,0.0,0.0,0.0,0.0,0.0,0.0,0.0,0.0,0.0,0.0,0.0,0.0,0.0,0.0,FL
325307,FL,1205,39.627113342285156,1,0.0,0.0,0.0,1,0,0.0,0.0,31129.1171875,9722.6708984375,13231.8837890625,0.0,0.0,22954.5546875,0.0,0.0,0.0,0.0,0.0,0.0,0.0,0.0,0.0,0.0,0.0,0.0,0.0,0.0,0.0,0.0,0.0,0.0,0.0,0.0,0.0,0.0,0.0,0.0,0.0,0.0,0.0,0.0,0.0,0.0,0.0,0.0,0.0,0.0,0.0,0.0,0.0,0.0,0.0,0.0,0.0,0.0,0.0,0.0,0.0,0.0,0.0,0.0,0.0,0.0,0.0,0.0,0.0,0.0,0.0,0.0,0.0,0.0,0.0,0.0,0.0,0.0,0.0,0.0,0.0,0.0,0.0,0.0,0.0,0.0,0.0,0.0,0.0,0.0,0.0,0.0,0.0,0.0,0.0,0.0,0.0,0.0,0.0,0.0,0.0,0.0,31129.1171875,22954.5546875,0.0,0.0,0.0,0.0,0.0,0.0,0.0,0.0,FL
325308,FL,1205,0.3455027639865875,2,0.0,0.0,350470.125,2,0,51156.11328125,0.0,303636.4375,0.0,0.0,0.0,0.0,0.0,-230.0,0.0,230.0,0.0,0.0,0.0,0.0,0.0,0.0,0.0,0.0,0.0,0.0,0.0,0.0,0.0,0.0,0.0,0.0,0.0,0.0,0.0,0.0,0.0,0.0,0.0,0.0,0.0,0.0,0.0,0.0,0.0,0.0,0.0,0.0,0.0,0.0,0.0,0.0,0.0,0.0,0.0,0.0,0.0,0.0,0.0,0.0,0.0,0.0,0.0,0.0,0.0,0.0,0.0,0.0,0.0,0.0,0.0,0.0,0.0,0.0,0.0,0.0,0.0,0.0,0.0,0.0,0.0,0.0,0.0,0.0,0.0,0.0,0.0,0.0,0.0,0.0,0.0,0.0,0.0,0.0,0.0,0.0,0.0,50926.11328125,0.0,303866.4375,0.0,-230.0,0.0,230.0,0.0,-0.44960413379235514,0.0,0.0757484883069992,0.0,FL
325309,FL,1205,0.3946833610534668,4,2.0,1152420.625,1326825.625,4,0,389208.78125,0.0,976696.25,0.0,0.0,0.0,0.0,0.0,-734.0,0.0,734.0,0.0,-703.0,0.0,703.0,0.0,0.0,0.0,0.0,0.0,0.0,0.0,0.0,0.0,0.0,0.0,0.0,0.0,0.0,0.0,0.0,0.0,-1845.9375,0.0,1845.875,0.0,0.0,0.0,0.0,0.0,0.0,0.0,0.0,0.0,0.0,0.0,0.0,0.0,0.0,0.0,0.0,0.0,0.0,0.0,0.0,0.0,0.0,0.0,0.0,0.0,0.0,0.0,0.0,0.0,0.0,0.0,0.0,0.0,0.0,0.0,0.0,0.0,0.0,0.0,0.0,0.0,0.0,0.0,0.0,0.0,0.0,0.0,0.0,0.0,0.0,0.0,0.0,0.0,0.0,0.0,0.0,0.0,385925.84375,0.0,979979.125,0.0,-3282.9375,0.0,3282.875,0.0,-0.8434900901917921,0.0,0.3361203670501709,0.0,FL
325310,FL,1205,0.11011379212141037,4,2.0,141804.453125,141806.3125,4,0,10185.388671875,0.0,123940.3828125,2.1798830032348633,0.0,0.0,0.0,2.1798830032348633,-230.0,0.0,230.0,0.0,-418.0,0.0,418.0,0.0,0.0,0.0,0.0,0.0,0.0,0.0,0.0,0.0,-400.0,0.0,400.0,0.0,0.0,0.0,0.0,0.0,0.0,0.0,0.0,0.0,0.0,0.0,0.0,0.0,0.0,0.0,0.0,0.0,0.0,0.0,0.0,0.0,-0.4912109375,0.0,0.4921875,0.0,0.0,0.0,0.0,0.0,0.0,0.0,0.0,0.0,0.0,0.0,0.0,0.0,0.0,0.0,0.0,0.0,0.0,0.0,0.0,0.0,0.0,0.0,0.0,0.0,0.0,0.0,0.0,0.0,0.0,0.0,0.0,0.0,0.0,0.0,0.0,0.0,0.0,0.0,0.0,0.0,9136.8974609375,0.0,124988.875,2.1798830032348633,-1048.4912109375,0.0,1048.4921875,0.0,-10.294071681650282,0.0,0.8459649085998535,0.0,FL
325311,FL,1205,0.42347490787506104,1,0.0,0.0,0.0,1,0,0.0,0.0,0.0,0.0,0.0,0.0,0.0,0.0,0.0,0.0,0.0,0.0,0.0,0.0,0.0,0.0,0.0,0.0,0.0,0.0,0.0,0.0,0.0,0.0,0.0,0.0,0.0,0.0,0.0,0.0,0.0,0.0,0.0,0.0,0.0,0.0,0.0,0.0,0.0,0.0,0.0,0.0,0.0,0.0,0.0,0.0,0.0,0.0,0.0,0.0,0.0,0.0,0.0,0.0,0.0,0.0,0.0,0.0,0.0,0.0,0.0,0.0,0.0,0.0,0.0,0.0,0.0,0.0,0.0,0.0,0.0,0.0,0.0,0.0,0.0,0.0,0.0,0.0,0.0,0.0,0.0,0.0,0.0,0.0,0.0,0.0,0.0,0.0,0.0,0.0,0.0,0.0,0.0,0.0,0.0,0.0,0.0,0.0,0.0,0.0,0.0,0.0,0.0,0.0,FL
325312,FL,1205,0.05667813867330551,2,0.0,106647.09375,107457.8203125,2,0,10053.946899414062,0.0,99124.921875,0.0,0.0,0.0,0.0,0.0,-120.0,0.0,120.0,0.0,-323.0,0.0,323.0,0.0,0.0,0.0,0.0,0.0,0.0,0.0,0.0,0.0,0.0,0.0,0.0,0.0,0.0,0.0,0.0,0.0,0.0,0.0,0.0,0.0,0.0,0.0,0.0,0.0,0.0,0.0,0.0,0.0,0.0,0.0,0.0,0.0,0.0,0.0,0.0,0.0,0.0,0.0,0.0,0.0,0.0,0.0,0.0,0.0,0.0,0.0,0.0,0.0,0.0,0.0,0.0,0.0,0.0,0.0,0.0,0.0,0.0,0.0,0.0,0.0,0.0,0.0,0.0,0.0,0.0,0.0,0.0,0.0,0.0,0.0,0.0,0.0,0.0,0.0,0.0,0.0,9610.946899414062,0.0,99567.921875,0.0,-443.0,0.0,443.0,0.0,-4.406229756652263,0.0,0.4469108283519745,0.0,FL
325313,FL,1205,395.0135498046875,3,1.0,0.0,3298.838134765625,3,0,0.0,0.0,37234.12109375,3036.04736328125,3282.15771484375,0.0,0.0,6318.205078125,0.0,0.0,0.0,0.0,0.0,0.0,0.0,0.0,0.0,0.0,0.0,0.0,0.0,0.0,0.0,0.0,0.0,0.0,0.0,0.0,0.0,0.0,0.0,0.0,0.0,0.0,0.0,0.0,0.0,0.0,0.0,0.0,0.0,0.0,0.0,0.0,0.0,0.0,0.0,0.0,0.0,0.0,0.0,0.0,0.0,0.0,0.0,0.0,0.0,0.0,0.0,0.0,0.0,0.0,0.0,0.0,0.0,0.0,0.0,0.0,0.0,0.0,0.0,0.0,0.0,0.0,0.0,0.0,0.0,0.0,0.0,0.0,0.0,0.0,0.0,0.0,0.0,0.0,0.0,0.0,0.0,0.0,0.0,0.0,0.0,0.0,37234.12109375,6318.205078125,0.0,0.0,0.0,0.0,0.0,0.0,0.0,0.0,FL
325314,FL,1205,0.120050810277462,2,0.0,92450.3671875,92450.3671875,2,0,6972.0439453125,0.0,78405.8671875,0.0,0.0,0.0,0.0,0.0,-10.0,0.0,10.0,0.0,-228.0,0.0,228.0,0.0,0.0,0.0,0.0,0.0,0.0,0.0,0.0,0.0,0.0,0.0,0.0,0.0,0.0,0.0,0.0,0.0,0.0,0.0,0.0,0.0,0.0,0.0,0.0,0.0,0.0,0.0,0.0,0.0,0.0,0.0,0.0,0.0,0.0,0.0,0.0,0.0,0.0,0.0,0.0,0.0,0.0,0.0,0.0,0.0,0.0,0.0,0.0,0.0,0.0,0.0,0.0,0.0,-371.16796875,0.0,371.171875,0.0,0.0,0.0,0.0,0.0,0.0,0.0,0.0,0.0,0.0,0.0,0.0,0.0,0.0,0.0,0.0,0.0,0.0,0.0,0.0,0.0,6362.8759765625,0.0,79015.0390625,0.0,-609.16796875,0.0,609.171875,0.0,-8.737293877207424,0.0,0.7769467830657959,0.0,FL
325315,FL,1205,122.62890625,1,0.0,0.0,0.0,1,0,0.0,0.0,44492.640625,20797.318359375,13231.8837890625,0.0,0.0,34029.2021484375,0.0,0.0,0.0,0.0,0.0,0.0,0.0,0.0,0.0,0.0,0.0,0.0,0.0,0.0,0.0,0.0,0.0,0.0,0.0,0.0,0.0,0.0,0.0,0.0,0.0,0.0,0.0,0.0,0.0,0.0,0.0,0.0,0.0,0.0,0.0,0.0,0.0,0.0,0.0,0.0,0.0,0.0,0.0,0.0,0.0,0.0,0.0,0.0,0.0,0.0,0.0,0.0,0.0,0.0,0.0,0.0,0.0,0.0,0.0,0.0,0.0,0.0,0.0,0.0,0.0,0.0,0.0,0.0,0.0,0.0,0.0,0.0,0.0,0.0,0.0,0.0,0.0,0.0,0.0,0.0,0.0,0.0,0.0,0.0,0.0,0.0,44492.640625,34029.2021484375,0.0,0.0,0.0,0.0,0.0,0.0,0.0,0.0,FL
325316,FL,1205,124.15632629394531,3,0.0,0.0,0.8272702097892761,3,0,0.0,0.0,125649.671875,62824.2265625,0.0,0.0,0.0,62824.2265625,0.0,0.0,0.0,0.0,0.0,0.0,0.0,0.0,0.0,0.0,0.0,0.0,0.0,0.0,0.0,0.0,0.0,0.0,0.0,0.0,0.0,0.0,0.0,0.0,0.0,0.0,0.0,0.0,0.0,0.0,0.0,0.0,0.0,0.0,0.0,0.0,0.0,0.0,0.0,0.0,0.0,0.0,0.0,0.0,0.0,0.0,0.0,0.0,0.0,0.0,0.0,0.0,0.0,0.0,0.0,0.0,0.0,0.0,0.0,0.0,0.0,0.0,0.0,0.0,0.0,0.0,0.0,0.0,0.0,0.0,0.0,0.0,0.0,0.0,0.0,0.0,0.0,0.0,0.0,0.0,0.0,0.0,0.0,0.0,0.0,0.0,125649.671875,62824.2265625,0.0,0.0,0.0,0.0,0.0,0.0,0.0,0.0,FL
325317,FL,1205,217.9546661376953,1,0.0,10038.59765625,10039.4248046875,1,0,0.0,0.0,27675.701171875,3596.039794921875,13231.8837890625,0.0,0.0,16827.923583984375,0.0,0.0,0.0,0.0,0.0,0.0,0.0,0.0,0.0,0.0,0.0,0.0,0.0,0.0,0.0,0.0,0.0,0.0,0.0,0.0,0.0,0.0,0.0,0.0,0.0,0.0,0.0,0.0,0.0,0.0,0.0,0.0,0.0,0.0,0.0,0.0,0.0,0.0,0.0,0.0,0.0,0.0,0.0,0.0,0.0,0.0,0.0,0.0,0.0,0.0,0.0,0.0,0.0,0.0,0.0,0.0,0.0,0.0,0.0,0.0,0.0,0.0,0.0,0.0,0.0,0.0,0.0,0.0,0.0,0.0,0.0,0.0,0.0,0.0,0.0,0.0,0.0,0.0,0.0,0.0,0.0,0.0,0.0,0.0,0.0,0.0,27675.701171875,16827.923583984375,0.0,0.0,0.0,0.0,0.0,0.0,0.0,0.0,FL
325318,FL,1205,0.19650885462760925,5,1.0,273711.203125,273711.1875,5,0,41906.68359375,0.0,213559.25,0.0,0.0,0.0,0.0,0.0,-292.0,0.0,292.0,0.0,-456.0,0.0,456.0,0.0,0.0,0.0,0.0,0.0,0.0,0.0,0.0,0.0,-200.0,0.0,200.0,0.0,0.0,0.0,0.0,0.0,0.0,0.0,0.0,0.0,0.0,0.0,0.0,0.0,0.0,0.0,0.0,0.0,0.0,0.0,0.0,0.0,-104.84765625,0.0,104.84375,0.0,0.0,0.0,0.0,0.0,0.0,0.0,0.0,0.0,0.0,0.0,0.0,0.0,0.0,0.0,0.0,0.0,-931.52734375,0.0,931.53125,0.0,0.0,0.0,0.0,0.0,0.0,0.0,0.0,0.0,0.0,0.0,0.0,0.0,0.0,0.0,0.0,0.0,0.0,0.0,0.0,0.0,39922.30859375,0.0,215543.625,0.0,-1984.375,0.0,1984.375,0.0,-4.735223190736934,0.0,0.9291918277740479,0.0,FL
325319,FL,1205,0.043618474155664444,4,0.0,171197.92456054688,173921.92456054688,3,1,14136.788299560547,0.0,150298.015625,0.0,0.0,2354.78271484375,0.0,2354.78271484375,-15.0,0.0,15.0,0.0,-342.0,0.0,342.0,0.0,0.0,0.0,0.0,0.0,0.0,0.0,0.0,0.0,0.0,0.0,0.0,0.0,0.0,0.0,0.0,0.0,0.0,0.0,0.0,0.0,0.0,0.0,0.0,0.0,0.0,0.0,0.0,0.0,0.0,0.0,0.0,0.0,0.0,0.0,0.0,0.0,0.0,0.0,0.0,0.0,0.0,0.0,0.0,0.0,0.0,0.0,0.0,0.0,0.0,0.0,0.0,0.0,0.0,0.0,0.0,0.0,0.0,0.0,0.0,0.0,0.0,0.0,0.0,0.0,0.0,0.0,0.0,0.0,0.0,0.0,0.0,0.0,0.0,0.0,0.0,0.0,13779.788299560547,0.0,150655.015625,2354.78271484375,-357.0,0.0,357.0,0.0,-2.525326067244691,0.0,0.23752810060977936,0.0,FL
325320,FL,1205,24.653257369995117,1,0.0,0.0,11.581783294677734,1,0,0.0,0.0,17.032033920288086,0.0,0.0,0.0,0.0,0.0,0.0,0.0,0.0,0.0,0.0,0.0,0.0,0.0,0.0,0.0,0.0,0.0,0.0,0.0,0.0,0.0,0.0,0.0,0.0,0.0,0.0,0.0,0.0,0.0,0.0,0.0,0.0,0.0,0.0,0.0,0.0,0.0,0.0,0.0,0.0,0.0,0.0,0.0,0.0,0.0,0.0,0.0,0.0,0.0,0.0,0.0,0.0,0.0,0.0,0.0,0.0,0.0,0.0,0.0,0.0,0.0,0.0,0.0,0.0,0.0,0.0,0.0,0.0,0.0,0.0,0.0,0.0,0.0,0.0,0.0,0.0,0.0,0.0,0.0,0.0,0.0,0.0,0.0,0.0,0.0,0.0,0.0,0.0,0.0,0.0,0.0,17.032033920288086,0.0,0.0,0.0,0.0,0.0,0.0,0.0,0.0,0.0,FL
325321,FL,1205,0.14703339338302612,2,0.0,69635.7265625,172526.71875,2,0,16724.537109375,0.0,173621.484375,0.0,0.0,0.0,0.0,0.0,-230.0,0.0,230.0,0.0,-418.0,0.0,418.0,0.0,0.0,0.0,0.0,0.0,0.0,0.0,0.0,0.0,0.0,0.0,0.0,0.0,0.0,0.0,0.0,0.0,0.0,0.0,0.0,0.0,0.0,0.0,0.0,0.0,0.0,0.0,0.0,0.0,0.0,0.0,0.0,0.0,0.0,0.0,0.0,0.0,0.0,0.0,0.0,0.0,0.0,0.0,0.0,0.0,0.0,0.0,0.0,0.0,0.0,0.0,0.0,0.0,-148.556640625,0.0,148.546875,0.0,0.0,0.0,0.0,0.0,-383.0107421875,0.0,383.015625,0.0,0.0,0.0,0.0,0.0,0.0,0.0,0.0,0.0,0.0,0.0,0.0,0.0,15544.9697265625,0.0,174801.046875,0.0,-1179.5673828125,0.0,1179.5625,0.0,-7.05291497814483,0.0,0.6793873906135559,0.0,FL
325322,FL,1205,0.09689664840698242,1,0.0,275391.625,275391.625,1,0,59498.5703125,0.0,214660.5625,0.0,0.0,0.0,0.0,0.0,-362.25,0.0,362.25,0.0,-332.5,0.0,332.5,0.0,0.0,0.0,0.0,0.0,0.0,0.0,0.0,0.0,0.0,0.0,0.0,0.0,0.0,0.0,0.0,0.0,0.0,0.0,0.0,0.0,0.0,0.0,0.0,0.0,0.0,0.0,0.0,0.0,0.0,0.0,0.0,0.0,0.0,0.0,0.0,0.0,0.0,0.0,0.0,0.0,0.0,0.0,0.0,0.0,0.0,0.0,0.0,0.0,0.0,0.0,0.0,0.0,0.0,0.0,0.0,0.0,0.0,0.0,0.0,0.0,0.0,0.0,0.0,0.0,0.0,0.0,0.0,0.0,0.0,0.0,0.0,0.0,0.0,0.0,0.0,0.0,58803.8203125,0.0,215355.3125,0.0,-694.75,0.0,694.75,0.0,-1.1676751161431531,0.0,0.3236505091190338,0.0,FL
325323,FL,1205,286.6546325683594,2,0.0,0.0,0.0,2,0,0.0,0.0,33817.2890625,7353.5224609375,26463.767578125,0.0,0.0,33817.2900390625,0.0,0.0,0.0,0.0,0.0,0.0,0.0,0.0,0.0,0.0,0.0,0.0,0.0,0.0,0.0,0.0,0.0,0.0,0.0,0.0,0.0,0.0,0.0,0.0,0.0,0.0,0.0,0.0,0.0,0.0,0.0,0.0,0.0,0.0,0.0,0.0,0.0,0.0,0.0,0.0,0.0,0.0,0.0,0.0,0.0,0.0,0.0,0.0,0.0,0.0,0.0,0.0,0.0,0.0,0.0,0.0,0.0,0.0,0.0,0.0,0.0,0.0,0.0,0.0,0.0,0.0,0.0,0.0,0.0,0.0,0.0,0.0,0.0,0.0,0.0,0.0,0.0,0.0,0.0,0.0,0.0,0.0,0.0,0.0,0.0,0.0,33817.2890625,33817.2900390625,0.0,0.0,0.0,0.0,0.0,0.0,0.0,0.0,FL
325324,FL,1205,208.06117248535156,2,0.0,0.0,41.36351013183594,2,0,0.0,0.0,106526.3125,53232.7421875,0.0,0.0,0.0,53232.7421875,0.0,0.0,0.0,0.0,0.0,0.0,0.0,0.0,0.0,0.0,0.0,0.0,0.0,0.0,0.0,0.0,0.0,0.0,0.0,0.0,0.0,0.0,0.0,0.0,0.0,0.0,0.0,0.0,0.0,0.0,0.0,0.0,0.0,0.0,0.0,0.0,0.0,0.0,0.0,0.0,0.0,0.0,0.0,0.0,0.0,0.0,0.0,0.0,0.0,0.0,0.0,0.0,0.0,0.0,0.0,0.0,0.0,0.0,0.0,0.0,0.0,0.0,0.0,0.0,0.0,0.0,0.0,0.0,0.0,0.0,0.0,0.0,0.0,0.0,0.0,0.0,0.0,0.0,0.0,0.0,0.0,0.0,0.0,0.0,0.0,0.0,106526.3125,53232.7421875,0.0,0.0,0.0,0.0,0.0,0.0,0.0,0.0,FL
325325,FL,1205,231.14039611816406,1,0.0,0.0,0.0,1,0,0.0,0.0,48015.5703125,20579.572265625,13231.8837890625,0.0,0.0,33811.4560546875,0.0,0.0,0.0,0.0,0.0,0.0,0.0,0.0,0.0,0.0,0.0,0.0,0.0,0.0,0.0,0.0,0.0,0.0,0.0,0.0,0.0,0.0,0.0,0.0,0.0,0.0,0.0,0.0,0.0,0.0,0.0,0.0,0.0,0.0,0.0,0.0,0.0,0.0,0.0,0.0,0.0,0.0,0.0,0.0,0.0,0.0,0.0,0.0,0.0,0.0,0.0,0.0,0.0,0.0,0.0,0.0,0.0,0.0,0.0,0.0,0.0,0.0,0.0,0.0,0.0,0.0,0.0,0.0,0.0,0.0,0.0,0.0,0.0,0.0,0.0,0.0,0.0,0.0,0.0,0.0,0.0,0.0,0.0,0.0,0.0,0.0,48015.5703125,33811.4560546875,0.0,0.0,0.0,0.0,0.0,0.0,0.0,0.0,FL
325326,FL,1205,214.15565490722656,1,0.0,0.0,2409.017578125,1,0,0.0,0.0,30842.54296875,15353.837890625,0.0,0.0,0.0,15353.837890625,0.0,0.0,0.0,0.0,0.0,0.0,0.0,0.0,0.0,0.0,0.0,0.0,0.0,0.0,0.0,0.0,0.0,0.0,0.0,0.0,0.0,0.0,0.0,0.0,0.0,0.0,0.0,0.0,0.0,0.0,0.0,0.0,0.0,0.0,0.0,0.0,0.0,0.0,0.0,0.0,0.0,0.0,0.0,0.0,0.0,0.0,0.0,0.0,0.0,0.0,0.0,0.0,0.0,0.0,0.0,0.0,0.0,0.0,0.0,0.0,0.0,0.0,0.0,0.0,0.0,0.0,0.0,0.0,0.0,0.0,0.0,0.0,0.0,0.0,0.0,0.0,0.0,0.0,0.0,0.0,0.0,0.0,0.0,0.0,0.0,0.0,30842.54296875,15353.837890625,0.0,0.0,0.0,0.0,0.0,0.0,0.0,0.0,FL
325327,FL,1205,24.788061141967773,1,0.0,0.0,0.0,1,0,0.0,0.0,20990.92578125,4044.520751953125,13231.8837890625,0.0,0.0,17276.404541015625,0.0,0.0,0.0,0.0,0.0,0.0,0.0,0.0,0.0,0.0,0.0,0.0,0.0,0.0,0.0,0.0,0.0,0.0,0.0,0.0,0.0,0.0,0.0,0.0,0.0,0.0,0.0,0.0,0.0,0.0,0.0,0.0,0.0,0.0,0.0,0.0,0.0,0.0,0.0,0.0,0.0,0.0,0.0,0.0,0.0,0.0,0.0,0.0,0.0,0.0,0.0,0.0,0.0,0.0,0.0,0.0,0.0,0.0,0.0,0.0,0.0,0.0,0.0,0.0,0.0,0.0,0.0,0.0,0.0,0.0,0.0,0.0,0.0,0.0,0.0,0.0,0.0,0.0,0.0,0.0,0.0,0.0,0.0,0.0,0.0,0.0,20990.92578125,17276.404541015625,0.0,0.0,0.0,0.0,0.0,0.0,0.0,0.0,FL
325328,FL,1205,20.88637924194336,1,0.0,0.0,0.0,1,0,0.0,0.0,32385.1171875,16501.400390625,0.0,0.0,0.0,16501.400390625,0.0,0.0,0.0,0.0,0.0,0.0,0.0,0.0,0.0,0.0,0.0,0.0,0.0,0.0,0.0,0.0,0.0,0.0,0.0,0.0,0.0,0.0,0.0,0.0,0.0,0.0,0.0,0.0,0.0,0.0,0.0,0.0,0.0,0.0,0.0,0.0,0.0,0.0,0.0,0.0,0.0,0.0,0.0,0.0,0.0,0.0,0.0,0.0,0.0,0.0,0.0,0.0,0.0,0.0,0.0,0.0,0.0,0.0,0.0,0.0,0.0,0.0,0.0,0.0,0.0,0.0,0.0,0.0,0.0,0.0,0.0,0.0,0.0,0.0,0.0,0.0,0.0,0.0,0.0,0.0,0.0,0.0,0.0,0.0,0.0,0.0,32385.1171875,16501.400390625,0.0,0.0,0.0,0.0,0.0,0.0,0.0,0.0,FL
325329,FL,1205,77.23092651367188,1,0.0,0.0,691.5978393554688,1,0,0.0,0.0,71711.5625,32698.244140625,0.0,0.0,0.0,32698.244140625,0.0,0.0,0.0,0.0,0.0,0.0,0.0,0.0,0.0,0.0,0.0,0.0,0.0,0.0,0.0,0.0,0.0,0.0,0.0,0.0,0.0,0.0,0.0,0.0,0.0,0.0,0.0,0.0,0.0,0.0,0.0,0.0,0.0,0.0,0.0,0.0,0.0,0.0,0.0,0.0,0.0,0.0,0.0,0.0,0.0,0.0,0.0,0.0,0.0,0.0,0.0,0.0,0.0,0.0,0.0,0.0,0.0,0.0,0.0,0.0,0.0,0.0,0.0,0.0,0.0,0.0,0.0,0.0,0.0,0.0,0.0,0.0,0.0,0.0,0.0,0.0,0.0,0.0,0.0,0.0,0.0,0.0,0.0,0.0,0.0,0.0,71711.5625,32698.244140625,0.0,0.0,0.0,0.0,0.0,0.0,0.0,0.0,FL
325330,FL,1205,0.42328697443008423,1,0.0,0.0,0.8272702097892761,1,0,0.0,0.0,48272.63671875,19618.947265625,0.0,9033.52734375,0.0,28652.474609375,0.0,0.0,0.0,0.0,0.0,0.0,0.0,0.0,0.0,0.0,0.0,0.0,0.0,0.0,0.0,0.0,0.0,0.0,0.0,0.0,0.0,0.0,0.0,0.0,0.0,0.0,0.0,0.0,0.0,0.0,0.0,0.0,0.0,0.0,0.0,0.0,0.0,0.0,0.0,0.0,0.0,0.0,0.0,0.0,0.0,0.0,0.0,0.0,0.0,0.0,0.0,0.0,0.0,0.0,0.0,0.0,0.0,0.0,0.0,0.0,0.0,0.0,0.0,0.0,0.0,0.0,0.0,0.0,0.0,0.0,0.0,0.0,0.0,0.0,0.0,0.0,0.0,0.0,0.0,0.0,0.0,0.0,0.0,0.0,0.0,0.0,48272.63671875,28652.474609375,0.0,0.0,0.0,0.0,0.0,0.0,0.0,0.0,FL
325331,FL,1205,2.7321596145629883,3,0.0,21405.466796875,1320443.419921875,3,0,392269.47326660156,0.0,898963.625,287.68316650390625,0.0,11487.41796875,0.0,11775.101135253906,-734.0,0.0,734.0,0.0,-798.0,0.0,798.0,0.0,0.0,0.0,0.0,0.0,0.0,0.0,0.0,0.0,0.0,0.0,0.0,0.0,0.0,0.0,0.0,0.0,-1773.0625,0.0,1773.0625,0.0,0.0,0.0,0.0,0.0,0.0,0.0,0.0,0.0,0.0,0.0,0.0,0.0,0.0,0.0,0.0,0.0,0.0,0.0,0.0,0.0,0.0,0.0,0.0,0.0,0.0,0.0,0.0,0.0,0.0,0.0,0.0,0.0,0.0,0.0,0.0,0.0,0.0,0.0,0.0,0.0,-29.712127685546875,0.0,29.75,0.0,0.0,0.0,0.0,0.0,0.0,0.0,0.0,0.0,0.0,0.0,0.0,0.0,388934.698638916,0.0,902298.4375,11775.101135253906,-3334.774627685547,0.0,3334.8125,0.0,-0.8501234113160533,0.0,0.37096190452575684,0.0,FL
325332,FL,1205,0.35395652055740356,3,0.0,343789.59375,528963.640625,3,0,91321.271484375,0.0,448522.34375,4577.75439453125,0.0,0.0,0.0,4577.75439453125,-407.0,0.0,407.0,0.0,-209.0,0.0,209.0,0.0,0.0,0.0,0.0,0.0,0.0,0.0,0.0,0.0,0.0,0.0,0.0,0.0,0.0,0.0,0.0,0.0,0.0,0.0,0.0,0.0,0.0,0.0,0.0,0.0,0.0,0.0,0.0,0.0,0.0,0.0,0.0,0.0,-312.15625,0.0,312.15625,0.0,0.0,0.0,0.0,0.0,0.0,0.0,0.0,0.0,0.0,0.0,0.0,0.0,0.0,0.0,0.0,0.0,0.0,0.0,0.0,0.0,0.0,0.0,0.0,0.0,0.0,0.0,0.0,0.0,0.0,0.0,0.0,0.0,0.0,0.0,0.0,0.0,0.0,0.0,0.0,0.0,90393.115234375,0.0,449450.5,4577.75439453125,-928.15625,0.0,928.15625,0.0,-1.0163636958983941,0.0,0.20693644881248474,0.0,FL
325333,FL,1205,24.7879581451416,1,0.0,0.0,0.0,1,0,0.0,0.0,13564.0634765625,331.0899353027344,13231.8837890625,0.0,0.0,13562.973724365234,0.0,0.0,0.0,0.0,0.0,0.0,0.0,0.0,0.0,0.0,0.0,0.0,0.0,0.0,0.0,0.0,0.0,0.0,0.0,0.0,0.0,0.0,0.0,0.0,0.0,0.0,0.0,0.0,0.0,0.0,0.0,0.0,0.0,0.0,0.0,0.0,0.0,0.0,0.0,0.0,0.0,0.0,0.0,0.0,0.0,0.0,0.0,0.0,0.0,0.0,0.0,0.0,0.0,0.0,0.0,0.0,0.0,0.0,0.0,0.0,0.0,0.0,0.0,0.0,0.0,0.0,0.0,0.0,0.0,0.0,0.0,0.0,0.0,0.0,0.0,0.0,0.0,0.0,0.0,0.0,0.0,0.0,0.0,0.0,0.0,0.0,13564.0634765625,13562.973724365234,0.0,0.0,0.0,0.0,0.0,0.0,0.0,0.0,FL
325334,FL,1205,0.088161900639534,4,2.0,371585.546875,420105.9375,4,0,72467.8515625,0.0,369247.96875,0.0,0.0,0.0,0.0,0.0,-292.0,0.0,292.0,0.0,0.0,0.0,0.0,0.0,0.0,0.0,0.0,0.0,0.0,0.0,0.0,0.0,-400.0,0.0,400.0,0.0,0.0,0.0,0.0,0.0,0.0,0.0,0.0,0.0,0.0,0.0,0.0,0.0,0.0,0.0,0.0,0.0,0.0,0.0,0.0,0.0,0.0,0.0,0.0,0.0,0.0,0.0,0.0,0.0,0.0,0.0,0.0,0.0,0.0,0.0,0.0,0.0,0.0,0.0,0.0,0.0,0.0,0.0,0.0,0.0,0.0,0.0,0.0,0.0,0.0,0.0,0.0,0.0,0.0,0.0,0.0,0.0,0.0,0.0,0.0,0.0,0.0,0.0,0.0,0.0,71775.8515625,0.0,369939.96875,0.0,-692.0,0.0,692.0,0.0,-0.9549061895441783,0.0,0.1874079406261444,0.0,FL
325335,FL,1205,0.07189719378948212,2,0.0,295225.7421875,295225.75,2,0,49070.1796875,0.0,229917.703125,0.0,0.0,0.0,0.0,0.0,-292.0,0.0,292.0,0.0,-456.0,0.0,456.0,0.0,0.0,0.0,0.0,0.0,0.0,0.0,0.0,0.0,0.0,0.0,0.0,0.0,0.0,0.0,0.0,0.0,0.0,0.0,0.0,0.0,0.0,0.0,0.0,0.0,0.0,0.0,0.0,0.0,0.0,0.0,0.0,0.0,-33.75,0.0,33.75,0.0,0.0,0.0,0.0,0.0,0.0,0.0,0.0,0.0,0.0,0.0,0.0,0.0,0.0,0.0,0.0,0.0,0.0,0.0,0.0,0.0,0.0,0.0,0.0,0.0,0.0,0.0,0.0,0.0,0.0,0.0,0.0,0.0,0.0,0.0,0.0,0.0,0.0,0.0,0.0,0.0,48288.4296875,0.0,230699.453125,0.0,-781.75,0.0,781.75,0.0,-1.5931264262297795,0.0,0.34001296758651733,0.0,FL
325336,FL,1205,0.389525443315506,3,0.0,605837.4375,609975.4522702098,3,0,181069.328125,0.0,464358.75,11956.8173828125,13231.8837890625,0.0,0.0,25188.701171875,-355.25,0.0,355.25,0.0,-351.5,0.0,351.5,0.0,0.0,0.0,0.0,0.0,0.0,0.0,0.0,0.0,0.0,0.0,0.0,0.0,0.0,0.0,0.0,0.0,0.0,0.0,0.0,0.0,0.0,0.0,0.0,0.0,0.0,0.0,0.0,0.0,0.0,0.0,0.0,0.0,0.0,0.0,0.0,0.0,0.0,0.0,0.0,0.0,0.0,0.0,0.0,0.0,0.0,0.0,0.0,0.0,0.0,0.0,0.0,0.0,0.0,0.0,0.0,0.0,0.0,0.0,0.0,0.0,0.0,0.0,0.0,0.0,0.0,0.0,0.0,0.0,0.0,0.0,0.0,0.0,0.0,0.0,0.0,0.0,180362.578125,0.0,465065.5,25188.701171875,-706.75,0.0,706.75,0.0,-0.39032010960580793,0.0,0.1521991342306137,0.0,FL
325337,FL,1205,0.03601294383406639,3,0.0,31526.482421875,31526.482421875,3,0,1722.1778564453125,0.0,60112.3984375,5378.08935546875,26463.767578125,0.0,0.0,31841.85693359375,-5.0,0.0,5.0,0.0,-114.0,0.0,114.0,0.0,0.0,0.0,0.0,0.0,0.0,0.0,0.0,0.0,0.0,0.0,0.0,0.0,0.0,0.0,0.0,0.0,0.0,0.0,0.0,0.0,0.0,0.0,0.0,0.0,0.0,0.0,0.0,0.0,0.0,0.0,0.0,0.0,0.0,0.0,0.0,0.0,0.0,0.0,0.0,0.0,0.0,0.0,0.0,0.0,0.0,0.0,0.0,0.0,0.0,0.0,0.0,0.0,0.0,0.0,0.0,0.0,0.0,0.0,0.0,0.0,0.0,0.0,0.0,0.0,0.0,0.0,0.0,0.0,0.0,0.0,0.0,0.0,0.0,0.0,0.0,0.0,1603.1778564453125,0.0,60231.3984375,31841.85693359375,-119.0,0.0,119.0,0.0,-6.909855422576607,0.0,0.19796249270439148,0.0,FL
325338,FL,1205,38.52165222167969,1,0.0,0.0,0.0,1,0,0.0,0.0,43020.76953125,21819.2265625,0.0,0.0,0.0,21819.2265625,0.0,0.0,0.0,0.0,0.0,0.0,0.0,0.0,0.0,0.0,0.0,0.0,0.0,0.0,0.0,0.0,0.0,0.0,0.0,0.0,0.0,0.0,0.0,0.0,0.0,0.0,0.0,0.0,0.0,0.0,0.0,0.0,0.0,0.0,0.0,0.0,0.0,0.0,0.0,0.0,0.0,0.0,0.0,0.0,0.0,0.0,0.0,0.0,0.0,0.0,0.0,0.0,0.0,0.0,0.0,0.0,0.0,0.0,0.0,0.0,0.0,0.0,0.0,0.0,0.0,0.0,0.0,0.0,0.0,0.0,0.0,0.0,0.0,0.0,0.0,0.0,0.0,0.0,0.0,0.0,0.0,0.0,0.0,0.0,0.0,0.0,43020.76953125,21819.2265625,0.0,0.0,0.0,0.0,0.0,0.0,0.0,0.0,FL
325339,FL,1205,42.62995529174805,1,0.0,0.0,0.0,1,0,0.0,0.0,27113.623046875,14531.337890625,0.0,0.0,0.0,14531.337890625,0.0,0.0,0.0,0.0,0.0,0.0,0.0,0.0,0.0,0.0,0.0,0.0,0.0,0.0,0.0,0.0,0.0,0.0,0.0,0.0,0.0,0.0,0.0,0.0,0.0,0.0,0.0,0.0,0.0,0.0,0.0,0.0,0.0,0.0,0.0,0.0,0.0,0.0,0.0,0.0,0.0,0.0,0.0,0.0,0.0,0.0,0.0,0.0,0.0,0.0,0.0,0.0,0.0,0.0,0.0,0.0,0.0,0.0,0.0,0.0,0.0,0.0,0.0,0.0,0.0,0.0,0.0,0.0,0.0,0.0,0.0,0.0,0.0,0.0,0.0,0.0,0.0,0.0,0.0,0.0,0.0,0.0,0.0,0.0,0.0,0.0,27113.623046875,14531.337890625,0.0,0.0,0.0,0.0,0.0,0.0,0.0,0.0,FL
325340,FL,1205,80.44178771972656,2,0.0,0.0,3.3090808391571045,2,0,0.0,0.0,4.866295337677002,0.0,0.0,0.0,0.0,0.0,0.0,0.0,0.0,0.0,0.0,0.0,0.0,0.0,0.0,0.0,0.0,0.0,0.0,0.0,0.0,0.0,0.0,0.0,0.0,0.0,0.0,0.0,0.0,0.0,0.0,0.0,0.0,0.0,0.0,0.0,0.0,0.0,0.0,0.0,0.0,0.0,0.0,0.0,0.0,0.0,0.0,0.0,0.0,0.0,0.0,0.0,0.0,0.0,0.0,0.0,0.0,0.0,0.0,0.0,0.0,0.0,0.0,0.0,0.0,0.0,0.0,0.0,0.0,0.0,0.0,0.0,0.0,0.0,0.0,0.0,0.0,0.0,0.0,0.0,0.0,0.0,0.0,0.0,0.0,0.0,0.0,0.0,0.0,0.0,0.0,0.0,4.866295337677002,0.0,0.0,0.0,0.0,0.0,0.0,0.0,0.0,0.0,FL
325341,FL,1205,123.16664123535156,2,0.0,0.0,0.0,2,0,0.0,0.0,91738.1953125,45869.09765625,0.0,0.0,0.0,45869.09765625,0.0,0.0,0.0,0.0,0.0,0.0,0.0,0.0,0.0,0.0,0.0,0.0,0.0,0.0,0.0,0.0,0.0,0.0,0.0,0.0,0.0,0.0,0.0,0.0,0.0,0.0,0.0,0.0,0.0,0.0,0.0,0.0,0.0,0.0,0.0,0.0,0.0,0.0,0.0,0.0,0.0,0.0,0.0,0.0,0.0,0.0,0.0,0.0,0.0,0.0,0.0,0.0,0.0,0.0,0.0,0.0,0.0,0.0,0.0,0.0,0.0,0.0,0.0,0.0,0.0,0.0,0.0,0.0,0.0,0.0,0.0,0.0,0.0,0.0,0.0,0.0,0.0,0.0,0.0,0.0,0.0,0.0,0.0,0.0,0.0,0.0,91738.1953125,45869.09765625,0.0,0.0,0.0,0.0,0.0,0.0,0.0,0.0,FL
325342,FL,1205,0.021419594064354897,2,0.0,0.0,1279950.75,2,0,386391.0625,0.0,856533.875,0.0,0.0,0.0,0.0,0.0,-734.0,0.0,734.0,0.0,-703.0,0.0,703.0,0.0,0.0,0.0,0.0,0.0,0.0,0.0,0.0,0.0,0.0,0.0,0.0,0.0,0.0,0.0,0.0,0.0,-1850.0,0.0,1850.0,0.0,0.0,0.0,0.0,0.0,0.0,0.0,0.0,0.0,0.0,0.0,0.0,0.0,-740.0,0.0,740.0,0.0,0.0,0.0,0.0,0.0,0.0,0.0,0.0,0.0,0.0,0.0,0.0,0.0,0.0,0.0,0.0,0.0,0.0,0.0,0.0,0.0,0.0,0.0,0.0,0.0,0.0,0.0,0.0,0.0,0.0,0.0,0.0,0.0,0.0,0.0,0.0,0.0,0.0,0.0,0.0,0.0,382364.0625,0.0,860560.875,0.0,-4027.0,0.0,4027.0,0.0,-1.0422083714733956,0.0,0.4701506793498993,0.0,FL
325343,FL,1205,21.675682067871094,1,0.0,0.0,0.0,1,0,0.0,0.0,0.0,0.0,0.0,0.0,0.0,0.0,0.0,0.0,0.0,0.0,0.0,0.0,0.0,0.0,0.0,0.0,0.0,0.0,0.0,0.0,0.0,0.0,0.0,0.0,0.0,0.0,0.0,0.0,0.0,0.0,0.0,0.0,0.0,0.0,0.0,0.0,0.0,0.0,0.0,0.0,0.0,0.0,0.0,0.0,0.0,0.0,0.0,0.0,0.0,0.0,0.0,0.0,0.0,0.0,0.0,0.0,0.0,0.0,0.0,0.0,0.0,0.0,0.0,0.0,0.0,0.0,0.0,0.0,0.0,0.0,0.0,0.0,0.0,0.0,0.0,0.0,0.0,0.0,0.0,0.0,0.0,0.0,0.0,0.0,0.0,0.0,0.0,0.0,0.0,0.0,0.0,0.0,0.0,0.0,0.0,0.0,0.0,0.0,0.0,0.0,0.0,0.0,FL
325344,FL,1205,170.76959228515625,3,1.0,0.0,0.0,3,0,0.0,0.0,96168.796875,47398.81640625,2763.543212890625,0.0,0.0,50162.359619140625,0.0,0.0,0.0,0.0,0.0,0.0,0.0,0.0,0.0,0.0,0.0,0.0,0.0,0.0,0.0,0.0,0.0,0.0,0.0,0.0,0.0,0.0,0.0,0.0,0.0,0.0,0.0,0.0,0.0,0.0,0.0,0.0,0.0,0.0,0.0,0.0,0.0,0.0,0.0,0.0,0.0,0.0,0.0,0.0,0.0,0.0,0.0,0.0,0.0,0.0,0.0,0.0,0.0,0.0,0.0,0.0,0.0,0.0,0.0,0.0,0.0,0.0,0.0,0.0,0.0,0.0,0.0,0.0,0.0,0.0,0.0,0.0,0.0,0.0,0.0,0.0,0.0,0.0,0.0,0.0,0.0,0.0,0.0,0.0,0.0,0.0,96168.796875,50162.359619140625,0.0,0.0,0.0,0.0,0.0,0.0,0.0,0.0,FL
325345,FL,1205,212.7285614013672,1,0.0,0.0,0.0,1,0,0.0,0.0,23540.462890625,10308.5791015625,13231.8837890625,0.0,0.0,23540.462890625,0.0,0.0,0.0,0.0,0.0,0.0,0.0,0.0,0.0,0.0,0.0,0.0,0.0,0.0,0.0,0.0,0.0,0.0,0.0,0.0,0.0,0.0,0.0,0.0,0.0,0.0,0.0,0.0,0.0,0.0,0.0,0.0,0.0,0.0,0.0,0.0,0.0,0.0,0.0,0.0,0.0,0.0,0.0,0.0,0.0,0.0,0.0,0.0,0.0,0.0,0.0,0.0,0.0,0.0,0.0,0.0,0.0,0.0,0.0,0.0,0.0,0.0,0.0,0.0,0.0,0.0,0.0,0.0,0.0,0.0,0.0,0.0,0.0,0.0,-3596.0390625,-3596.03955078125,0.0,0.0,0.0,0.0,0.0,0.0,0.0,0.0,0.0,0.0,19944.423828125,19944.42333984375,0.0,0.0,-3596.0390625,-3596.03955078125,0.0,0.0,-15.275991439819336,-15.275993371453092,FL
325346,FL,1205,0.036457695066928864,5,3.0,301359.796875,462403.6875,5,0,81490.2265625,0.0,396390.625,0.0,0.0,0.0,0.0,0.0,-764.0,0.0,764.0,0.0,-782.9765625,0.0,783.0,0.0,0.0,0.0,0.0,0.0,0.0,0.0,0.0,0.0,-600.0,0.0,600.0,0.0,0.0,0.0,0.0,0.0,0.0,0.0,0.0,0.0,0.0,0.0,0.0,0.0,0.0,0.0,0.0,0.0,0.0,0.0,0.0,0.0,-701.65625,0.0,701.625,0.0,0.0,0.0,0.0,0.0,0.0,0.0,0.0,0.0,0.0,0.0,0.0,0.0,0.0,0.0,0.0,0.0,0.0,0.0,0.0,0.0,0.0,0.0,0.0,0.0,0.0,0.0,0.0,0.0,0.0,0.0,0.0,0.0,0.0,0.0,0.0,0.0,0.0,0.0,0.0,0.0,78641.59375,0.0,399239.25,0.0,-2848.6328125,0.0,2848.625,0.0,-3.4956741840878354,0.0,0.7186408638954163,0.0,FL
325347,FL,1205,0.0167602077126503,9,3.9999999999999996,222643.212890625,223065.12695312497,9,0,4756.605712890625,0.0,237009.03125,14575.4677734375,5527.08642578125,5784.57275390625,0.0,25887.126953125,-235.0,0.0,235.0,0.0,-626.9998779296875,0.0,627.0,0.0,0.0,0.0,0.0,0.0,0.0,0.0,0.0,0.0,-400.0,0.0,400.0,0.0,0.0,0.0,0.0,0.0,0.0,0.0,0.0,0.0,0.0,0.0,0.0,0.0,0.0,0.0,0.0,0.0,0.0,0.0,0.0,0.0,-18.5439453125,0.0,18.546875,0.0,0.0,0.0,0.0,0.0,0.0,0.0,0.0,0.0,0.0,0.0,0.0,0.0,0.0,0.0,0.0,0.0,0.0,0.0,0.0,0.0,0.0,0.0,0.0,0.0,-222.59814453125,0.0,222.59375,0.0,0.0,0.0,0.0,0.0,0.0,0.0,0.0,0.0,0.0,0.0,0.0,0.0,3253.4637451171875,0.0,238512.171875,25887.126953125,-1503.1419677734375,0.0,1503.140625,0.0,-31.60114708898095,0.0,0.6342123746871948,0.0,FL
325348,FL,1205,233.7207489013672,2,0.0,0.0,0.0,2,0,0.0,0.0,25188.701171875,11956.8173828125,13231.8837890625,0.0,0.0,25188.701171875,0.0,0.0,0.0,0.0,0.0,0.0,0.0,0.0,0.0,0.0,0.0,0.0,0.0,0.0,0.0,0.0,0.0,0.0,0.0,0.0,0.0,0.0,0.0,0.0,0.0,0.0,0.0,0.0,0.0,0.0,0.0,0.0,0.0,0.0,0.0,0.0,0.0,0.0,0.0,0.0,0.0,0.0,0.0,0.0,0.0,0.0,0.0,0.0,0.0,0.0,0.0,0.0,0.0,0.0,0.0,0.0,0.0,0.0,0.0,0.0,0.0,0.0,0.0,0.0,0.0,0.0,0.0,0.0,0.0,0.0,0.0,0.0,0.0,0.0,0.0,0.0,0.0,0.0,0.0,0.0,0.0,0.0,0.0,0.0,0.0,0.0,25188.701171875,25188.701171875,0.0,0.0,0.0,0.0,0.0,0.0,0.0,0.0,FL
325349,FL,1205,47.035011291503906,1,0.0,0.0,2889.82861328125,1,0,0.0,0.0,34294.0,16010.927734375,0.0,0.0,0.0,16010.927734375,0.0,0.0,0.0,0.0,0.0,0.0,0.0,0.0,0.0,0.0,0.0,0.0,0.0,0.0,0.0,0.0,0.0,0.0,0.0,0.0,0.0,0.0,0.0,0.0,0.0,0.0,0.0,0.0,0.0,0.0,0.0,0.0,0.0,0.0,0.0,0.0,0.0,0.0,0.0,0.0,0.0,0.0,0.0,0.0,0.0,0.0,0.0,0.0,0.0,0.0,0.0,0.0,0.0,0.0,0.0,0.0,0.0,0.0,0.0,0.0,0.0,0.0,0.0,0.0,0.0,0.0,0.0,0.0,0.0,0.0,0.0,0.0,0.0,0.0,0.0,0.0,0.0,0.0,0.0,0.0,0.0,0.0,0.0,0.0,0.0,0.0,34294.0,16010.927734375,0.0,0.0,0.0,0.0,0.0,0.0,0.0,0.0,FL
325350,FL,1205,0.03098236210644245,4,3.0,107929.6875,110161.3046875,4,0,5071.3896484375,0.0,111720.6640625,0.0,0.0,11700.572265625,0.0,11700.572265625,-147.0,0.0,147.0,0.0,-324.5,0.0,324.5,0.0,0.0,0.0,0.0,0.0,0.0,0.0,0.0,0.0,-600.0,0.0,600.0,0.0,0.0,0.0,0.0,0.0,0.0,0.0,0.0,0.0,0.0,0.0,0.0,0.0,0.0,0.0,0.0,0.0,0.0,0.0,0.0,0.0,0.0,0.0,0.0,0.0,0.0,0.0,0.0,0.0,0.0,0.0,0.0,0.0,0.0,0.0,0.0,0.0,0.0,0.0,0.0,0.0,0.0,0.0,0.0,0.0,0.0,0.0,0.0,0.0,0.0,0.0,0.0,0.0,0.0,0.0,0.0,0.0,0.0,0.0,0.0,0.0,0.0,0.0,0.0,0.0,3999.8896484375,0.0,112792.1640625,11700.572265625,-1071.5,0.0,1071.5,0.0,-21.128331173096313,0.0,0.9590884447097778,0.0,FL
325351,FL,1205,3.6923985481262207,2,0.0,0.0,0.0,2,0,0.0,0.0,50930.7890625,25465.39453125,0.0,0.0,0.0,25465.39453125,0.0,0.0,0.0,0.0,0.0,0.0,0.0,0.0,0.0,0.0,0.0,0.0,0.0,0.0,0.0,0.0,0.0,0.0,0.0,0.0,0.0,0.0,0.0,0.0,0.0,0.0,0.0,0.0,0.0,0.0,0.0,0.0,0.0,0.0,0.0,0.0,0.0,0.0,0.0,0.0,0.0,0.0,0.0,0.0,0.0,0.0,0.0,0.0,0.0,0.0,0.0,0.0,0.0,0.0,0.0,0.0,0.0,0.0,0.0,0.0,0.0,0.0,0.0,0.0,0.0,0.0,0.0,0.0,0.0,0.0,0.0,0.0,0.0,0.0,0.0,0.0,0.0,0.0,0.0,0.0,0.0,0.0,0.0,0.0,0.0,0.0,50930.7890625,25465.39453125,0.0,0.0,0.0,0.0,0.0,0.0,0.0,0.0,FL
325352,FL,1205,0.14518938958644867,2,0.0,87108.8515625,95551.15625,2,0,7146.138671875,0.0,90182.6171875,8440.6494140625,0.0,0.0,0.0,8440.6494140625,-10.0,0.0,10.0,0.0,-228.0,0.0,228.0,0.0,0.0,0.0,0.0,0.0,0.0,0.0,0.0,0.0,0.0,0.0,0.0,0.0,0.0,0.0,0.0,0.0,0.0,0.0,0.0,0.0,0.0,0.0,0.0,0.0,0.0,0.0,0.0,0.0,0.0,0.0,0.0,0.0,0.0,0.0,0.0,0.0,0.0,0.0,0.0,0.0,0.0,0.0,0.0,0.0,0.0,0.0,0.0,0.0,0.0,0.0,0.0,0.0,-178.26953125,0.0,178.2734375,0.0,-720.0,0.0,720.0,0.0,-268.48828125,0.0,268.484375,0.0,0.0,0.0,0.0,0.0,0.0,0.0,0.0,0.0,0.0,0.0,0.0,0.0,5741.380859375,0.0,91587.375,8440.6494140625,-1404.7578125,0.0,1404.7578125,0.0,-19.657578407045108,0.0,1.5576813220977783,0.0,FL
325353,FL,1205,167.9215850830078,1,0.0,1754.90087890625,1763.173583984375,1,0,0.0,0.0,47826.609375,21214.560546875,0.0,0.0,0.0,21214.560546875,0.0,0.0,0.0,0.0,0.0,0.0,0.0,0.0,0.0,0.0,0.0,0.0,0.0,0.0,0.0,0.0,0.0,0.0,0.0,0.0,0.0,0.0,0.0,0.0,0.0,0.0,0.0,0.0,0.0,0.0,0.0,0.0,0.0,0.0,0.0,0.0,0.0,0.0,0.0,0.0,0.0,0.0,0.0,0.0,0.0,0.0,0.0,0.0,0.0,0.0,0.0,0.0,0.0,0.0,0.0,0.0,0.0,0.0,0.0,0.0,0.0,0.0,0.0,0.0,0.0,0.0,0.0,0.0,0.0,0.0,0.0,0.0,0.0,0.0,0.0,0.0,0.0,0.0,0.0,0.0,0.0,0.0,0.0,0.0,0.0,0.0,47826.609375,21214.560546875,0.0,0.0,0.0,0.0,0.0,0.0,0.0,0.0,FL
325354,FL,1205,127.99153900146484,3,1.0,0.0,0.0,3,0,0.0,0.0,72528.796875,24598.08984375,29227.310791015625,0.0,0.0,53825.400634765625,0.0,0.0,0.0,0.0,0.0,0.0,0.0,0.0,0.0,0.0,0.0,0.0,0.0,0.0,0.0,0.0,0.0,0.0,0.0,0.0,0.0,0.0,0.0,0.0,0.0,0.0,0.0,0.0,0.0,0.0,0.0,0.0,0.0,0.0,0.0,0.0,0.0,0.0,0.0,0.0,0.0,0.0,0.0,0.0,0.0,0.0,0.0,0.0,0.0,0.0,0.0,0.0,0.0,0.0,0.0,0.0,0.0,0.0,0.0,0.0,0.0,0.0,0.0,0.0,0.0,0.0,0.0,0.0,0.0,0.0,0.0,0.0,0.0,0.0,0.0,0.0,0.0,0.0,0.0,0.0,0.0,0.0,0.0,0.0,0.0,0.0,72528.796875,53825.400634765625,0.0,0.0,0.0,0.0,0.0,0.0,0.0,0.0,FL
325355,FL,1205,50.746620178222656,1,0.0,0.0,4.136351108551025,1,0,0.0,0.0,41823.5546875,21217.578125,0.0,0.0,0.0,21217.578125,0.0,0.0,0.0,0.0,0.0,0.0,0.0,0.0,0.0,0.0,0.0,0.0,0.0,0.0,0.0,0.0,0.0,0.0,0.0,0.0,0.0,0.0,0.0,0.0,0.0,0.0,0.0,0.0,0.0,0.0,0.0,0.0,0.0,0.0,0.0,0.0,0.0,0.0,0.0,0.0,0.0,0.0,0.0,0.0,0.0,0.0,0.0,0.0,0.0,0.0,0.0,0.0,0.0,0.0,0.0,0.0,0.0,0.0,0.0,0.0,0.0,0.0,0.0,0.0,0.0,0.0,0.0,0.0,0.0,0.0,0.0,0.0,0.0,0.0,0.0,0.0,0.0,0.0,0.0,0.0,0.0,0.0,0.0,0.0,0.0,0.0,41823.5546875,21217.578125,0.0,0.0,0.0,0.0,0.0,0.0,0.0,0.0,FL
325356,FL,1205,0.6022835969924927,2,0.0,78183.53125,328345.34375,2,0,50490.40625,0.0,376391.96875,54279.0859375,0.0,0.0,0.0,54279.0859375,-230.0,0.0,230.0,0.0,-418.0,0.0,418.0,0.0,0.0,0.0,0.0,0.0,0.0,0.0,0.0,0.0,0.0,0.0,0.0,0.0,0.0,0.0,0.0,0.0,0.0,0.0,0.0,0.0,0.0,0.0,0.0,0.0,0.0,0.0,0.0,0.0,0.0,0.0,0.0,0.0,0.0,0.0,0.0,0.0,0.0,0.0,0.0,0.0,0.0,0.0,0.0,0.0,0.0,0.0,0.0,0.0,0.0,0.0,0.0,0.0,0.0,0.0,0.0,0.0,-285.84375,0.0,285.84375,0.0,0.0,0.0,0.0,0.0,0.0,0.0,0.0,0.0,0.0,0.0,0.0,0.0,0.0,0.0,0.0,0.0,49556.5625,0.0,377325.8125,54279.0859375,-933.84375,0.0,933.84375,0.0,-1.8495469126870019,0.0,0.2481040507555008,0.0,FL
325357,FL,1205,259.9938659667969,2,0.0,0.0,895.7827758789062,2,0,0.0,0.0,32913.625,12438.9833984375,13231.8837890625,0.0,0.0,25670.8671875,0.0,0.0,0.0,0.0,0.0,0.0,0.0,0.0,0.0,0.0,0.0,0.0,0.0,0.0,0.0,0.0,0.0,0.0,0.0,0.0,0.0,0.0,0.0,0.0,0.0,0.0,0.0,0.0,0.0,0.0,0.0,0.0,0.0,0.0,0.0,0.0,0.0,0.0,0.0,0.0,0.0,0.0,0.0,0.0,0.0,0.0,0.0,0.0,0.0,0.0,0.0,0.0,0.0,0.0,0.0,0.0,0.0,0.0,0.0,0.0,0.0,0.0,0.0,0.0,0.0,0.0,0.0,0.0,0.0,0.0,0.0,0.0,0.0,0.0,0.0,0.0,0.0,0.0,0.0,0.0,0.0,0.0,0.0,0.0,0.0,0.0,32913.625,25670.8671875,0.0,0.0,0.0,0.0,0.0,0.0,0.0,0.0,FL
325358,FL,1205,0.06637688726186752,1,0.0,63015.09375,63015.09375,1,0,5500.81103515625,0.0,54719.80859375,0.0,0.0,0.0,0.0,0.0,-5.0,0.0,5.0,0.0,-114.0,0.0,114.0,0.0,0.0,0.0,0.0,0.0,0.0,0.0,0.0,0.0,0.0,0.0,0.0,0.0,0.0,0.0,0.0,0.0,0.0,0.0,0.0,0.0,0.0,0.0,0.0,0.0,0.0,0.0,0.0,0.0,0.0,0.0,0.0,0.0,0.0,0.0,0.0,0.0,0.0,0.0,0.0,0.0,0.0,0.0,0.0,0.0,0.0,0.0,0.0,0.0,0.0,0.0,0.0,0.0,0.0,0.0,0.0,0.0,0.0,0.0,0.0,0.0,-33.72314453125,0.0,33.72265625,0.0,0.0,0.0,0.0,0.0,0.0,0.0,0.0,0.0,0.0,0.0,0.0,0.0,5348.087890625,0.0,54872.53125,0.0,-152.72314453125,0.0,152.72265625,0.0,-2.7763750391566018,0.0,0.27909940481185913,0.0,FL
325359,FL,1205,74.25869750976562,1,0.0,0.0,0.0,1,0,0.0,0.0,49071.28515625,24679.484375,0.0,0.0,0.0,24679.484375,0.0,0.0,0.0,0.0,0.0,0.0,0.0,0.0,0.0,0.0,0.0,0.0,0.0,0.0,0.0,0.0,0.0,0.0,0.0,0.0,0.0,0.0,0.0,0.0,0.0,0.0,0.0,0.0,0.0,0.0,0.0,0.0,0.0,0.0,0.0,0.0,0.0,0.0,0.0,0.0,0.0,0.0,0.0,0.0,0.0,0.0,0.0,0.0,0.0,0.0,0.0,0.0,0.0,0.0,0.0,0.0,0.0,0.0,0.0,0.0,0.0,0.0,0.0,0.0,0.0,0.0,0.0,0.0,0.0,0.0,0.0,0.0,0.0,0.0,0.0,0.0,0.0,0.0,0.0,0.0,0.0,0.0,0.0,0.0,0.0,0.0,49071.28515625,24679.484375,0.0,0.0,0.0,0.0,0.0,0.0,0.0,0.0,FL
325360,FL,1205,65.02971649169922,1,0.0,0.0,374.75341796875,1,0,0.0,0.0,53496.109375,26472.5,0.0,0.0,0.0,26472.5,0.0,0.0,0.0,0.0,0.0,0.0,0.0,0.0,0.0,0.0,0.0,0.0,0.0,0.0,0.0,0.0,0.0,0.0,0.0,0.0,0.0,0.0,0.0,0.0,0.0,0.0,0.0,0.0,0.0,0.0,0.0,0.0,0.0,0.0,0.0,0.0,0.0,0.0,0.0,0.0,0.0,0.0,0.0,0.0,0.0,0.0,0.0,0.0,0.0,0.0,0.0,0.0,0.0,0.0,0.0,0.0,0.0,0.0,0.0,0.0,0.0,0.0,0.0,0.0,0.0,0.0,0.0,0.0,0.0,0.0,0.0,0.0,0.0,0.0,0.0,0.0,0.0,0.0,0.0,0.0,0.0,0.0,0.0,0.0,0.0,0.0,53496.109375,26472.5,0.0,0.0,0.0,0.0,0.0,0.0,0.0,0.0,FL
325361,FL,1205,0.04580491781234741,3,0.0,257620.44921875,278368.62890625,3,0,36375.292724609375,0.0,265610.5625,0.0,0.0,0.0,0.0,0.0,-234.99609375,0.0,235.0,0.0,-114.0,0.0,114.0,0.0,0.0,0.0,0.0,0.0,0.0,0.0,0.0,0.0,0.0,0.0,0.0,0.0,0.0,0.0,0.0,0.0,-448.193359375,0.0,448.1875,0.0,0.0,0.0,0.0,0.0,0.0,0.0,0.0,0.0,0.0,0.0,0.0,0.0,-220.85546875,0.0,220.84375,0.0,0.0,0.0,0.0,0.0,0.0,0.0,0.0,0.0,0.0,0.0,0.0,0.0,-116.639892578125,0.0,116.65625,0.0,0.0,0.0,0.0,0.0,0.0,0.0,0.0,0.0,0.0,0.0,0.0,0.0,0.0,0.0,0.0,0.0,0.0,0.0,0.0,0.0,0.0,0.0,0.0,0.0,35240.60791015625,0.0,266745.25,0.0,-1134.684814453125,0.0,1134.6875,0.0,-3.119383321650809,0.0,0.42719966173171997,0.0,FL
325362,FL,1205,1.9580860137939453,4,2.0,782703.6875,1720034.25,4,0,546632.6875,0.0,1160049.0,0.0,0.0,0.0,0.0,0.0,-734.0,0.0,734.0,0.0,-703.0,0.0,703.0,0.0,0.0,0.0,0.0,0.0,0.0,0.0,0.0,0.0,0.0,0.0,0.0,0.0,0.0,0.0,0.0,0.0,-1850.0,0.0,1850.0,0.0,0.0,0.0,0.0,0.0,0.0,0.0,0.0,0.0,0.0,0.0,0.0,0.0,-740.0,0.0,740.0,0.0,0.0,0.0,0.0,0.0,0.0,0.0,0.0,0.0,0.0,0.0,0.0,0.0,0.0,0.0,0.0,0.0,0.0,0.0,0.0,0.0,0.0,0.0,0.0,0.0,0.0,0.0,0.0,0.0,0.0,0.0,0.0,0.0,0.0,0.0,0.0,0.0,0.0,0.0,0.0,0.0,542605.6875,0.0,1164076.0,0.0,-4027.0,0.0,4027.0,0.0,-0.7366921320452502,0.0,0.34714049100875854,0.0,FL
325363,FL,1205,1.2266395092010498,2,0.0,164865.25,373262.0625,0,2,67399.296875,0.0,374261.8125,0.0,0.0,0.0,0.0,0.0,-292.0,0.0,292.0,0.0,-456.0,0.0,456.0,0.0,0.0,0.0,0.0,0.0,0.0,0.0,0.0,0.0,0.0,0.0,0.0,0.0,0.0,0.0,0.0,0.0,0.0,0.0,0.0,0.0,0.0,0.0,0.0,0.0,0.0,0.0,0.0,0.0,0.0,0.0,0.0,0.0,-3.53125,0.0,3.5625,0.0,0.0,0.0,0.0,0.0,0.0,0.0,0.0,0.0,0.0,0.0,0.0,0.0,0.0,0.0,0.0,0.0,0.0,0.0,0.0,0.0,0.0,0.0,0.0,0.0,0.0,0.0,0.0,0.0,0.0,0.0,0.0,0.0,0.0,0.0,0.0,0.0,0.0,0.0,0.0,0.0,66647.765625,0.0,375013.375,0.0,-751.53125,0.0,751.5625,0.0,-1.1150431604558189,0.0,0.2008119523525238,0.0,FL
325364,FL,1205,0.35985106229782104,4,1.0,0.0,0.0,4,0,0.0,0.0,111199.96875,54833.11328125,29227.310791015625,0.0,0.0,84060.42407226562,0.0,0.0,0.0,0.0,0.0,0.0,0.0,0.0,0.0,0.0,0.0,0.0,0.0,0.0,0.0,0.0,0.0,0.0,0.0,0.0,0.0,0.0,0.0,0.0,0.0,0.0,0.0,0.0,0.0,0.0,0.0,0.0,0.0,0.0,0.0,0.0,0.0,0.0,0.0,0.0,0.0,0.0,0.0,0.0,0.0,0.0,0.0,0.0,0.0,0.0,0.0,0.0,0.0,0.0,0.0,0.0,0.0,0.0,0.0,0.0,0.0,0.0,0.0,0.0,0.0,0.0,0.0,0.0,0.0,0.0,0.0,0.0,0.0,0.0,0.0,0.0,0.0,0.0,0.0,0.0,0.0,0.0,0.0,0.0,0.0,0.0,111199.96875,84060.42407226562,0.0,0.0,0.0,0.0,0.0,0.0,0.0,0.0,FL
325365,FL,1205,36.44174575805664,5,0.0,8130.1591796875,8130.1591796875,5,0,0.0,0.0,21070.0859375,330.0,13231.8837890625,0.0,0.0,13561.8837890625,0.0,0.0,0.0,0.0,0.0,0.0,0.0,0.0,0.0,0.0,0.0,0.0,0.0,0.0,0.0,0.0,0.0,0.0,0.0,0.0,0.0,0.0,0.0,0.0,0.0,0.0,0.0,0.0,0.0,0.0,0.0,0.0,0.0,0.0,0.0,0.0,0.0,0.0,0.0,0.0,0.0,0.0,0.0,0.0,0.0,0.0,0.0,0.0,0.0,0.0,0.0,0.0,0.0,0.0,0.0,0.0,0.0,0.0,0.0,0.0,0.0,0.0,0.0,0.0,0.0,0.0,0.0,0.0,0.0,0.0,0.0,0.0,0.0,0.0,0.0,0.0,0.0,0.0,0.0,0.0,0.0,0.0,0.0,0.0,0.0,0.0,21070.0859375,13561.8837890625,0.0,0.0,0.0,0.0,0.0,0.0,0.0,0.0,FL
325366,FL,1205,341.492919921875,2,0.0,0.0,16422.18359375,2,0,0.0,0.0,21334.7578125,6021.4169921875,0.0,0.0,0.0,6021.4169921875,0.0,0.0,0.0,0.0,0.0,0.0,0.0,0.0,0.0,0.0,0.0,0.0,0.0,0.0,0.0,0.0,0.0,0.0,0.0,0.0,0.0,0.0,0.0,0.0,0.0,0.0,0.0,0.0,0.0,0.0,0.0,0.0,0.0,0.0,0.0,0.0,0.0,0.0,0.0,0.0,0.0,0.0,0.0,0.0,0.0,0.0,0.0,0.0,0.0,0.0,0.0,0.0,0.0,0.0,0.0,0.0,0.0,0.0,0.0,0.0,0.0,0.0,0.0,0.0,0.0,0.0,0.0,0.0,0.0,0.0,0.0,0.0,0.0,0.0,0.0,0.0,0.0,0.0,0.0,0.0,0.0,0.0,0.0,0.0,0.0,0.0,21334.7578125,6021.4169921875,0.0,0.0,0.0,0.0,0.0,0.0,0.0,0.0,FL
325367,FL,1205,100.2686538696289,1,0.0,0.0,0.8272702097892761,1,0,0.0,0.0,37577.765625,13619.640625,13231.8837890625,0.0,0.0,26851.5244140625,0.0,0.0,0.0,0.0,0.0,0.0,0.0,0.0,0.0,0.0,0.0,0.0,0.0,0.0,0.0,0.0,0.0,0.0,0.0,0.0,0.0,0.0,0.0,0.0,0.0,0.0,0.0,0.0,0.0,0.0,0.0,0.0,0.0,0.0,0.0,0.0,0.0,0.0,0.0,0.0,0.0,0.0,0.0,0.0,0.0,0.0,0.0,0.0,0.0,0.0,0.0,0.0,0.0,0.0,0.0,0.0,0.0,0.0,0.0,0.0,0.0,0.0,0.0,0.0,0.0,0.0,0.0,0.0,0.0,0.0,0.0,0.0,0.0,0.0,0.0,0.0,0.0,0.0,0.0,0.0,0.0,0.0,0.0,0.0,0.0,0.0,37577.765625,26851.5244140625,0.0,0.0,0.0,0.0,0.0,0.0,0.0,0.0,FL
325368,FL,1205,0.039037905633449554,3,1.0,52265.30859375,52496.13671875,3,0,-798.625,0.0,56907.28515625,2002.6798095703125,2763.543212890625,2844.59423828125,0.0,7610.8172607421875,0.0,0.0,0.0,0.0,-190.0,0.0,190.0,0.0,0.0,0.0,0.0,0.0,0.0,0.0,0.0,0.0,-200.0,0.0,199.99609375,0.0,0.0,0.0,0.0,0.0,0.0,0.0,0.0,0.0,0.0,0.0,0.0,0.0,0.0,0.0,0.0,0.0,0.0,0.0,0.0,0.0,-72.9058837890625,0.0,72.90625,0.0,0.0,0.0,0.0,0.0,0.0,0.0,0.0,0.0,0.0,0.0,0.0,0.0,0.0,0.0,0.0,0.0,0.0,0.0,0.0,0.0,0.0,0.0,0.0,0.0,-208.0675048828125,0.0,208.06640625,0.0,0.0,0.0,0.0,0.0,0.0,0.0,0.0,0.0,0.0,0.0,0.0,0.0,-1469.598388671875,0.0,57578.25390625,7610.8172607421875,-670.973388671875,0.0,670.96875,0.0,-84.01607621497888,0.0,1.17905592918396,0.0,FL
325369,FL,1205,3.965115547180176,1,0.0,0.0,371.4443359375,1,0,0.0,0.0,41788.28515625,20786.021484375,0.0,0.0,0.0,20786.021484375,0.0,0.0,0.0,0.0,0.0,0.0,0.0,0.0,0.0,0.0,0.0,0.0,0.0,0.0,0.0,0.0,0.0,0.0,0.0,0.0,0.0,0.0,0.0,0.0,0.0,0.0,0.0,0.0,0.0,0.0,0.0,0.0,0.0,0.0,0.0,0.0,0.0,0.0,0.0,0.0,0.0,0.0,0.0,0.0,0.0,0.0,0.0,0.0,0.0,0.0,0.0,0.0,0.0,0.0,0.0,0.0,0.0,0.0,0.0,0.0,0.0,0.0,0.0,0.0,0.0,0.0,0.0,0.0,0.0,0.0,0.0,0.0,0.0,0.0,0.0,0.0,0.0,0.0,0.0,0.0,0.0,0.0,0.0,0.0,0.0,0.0,41788.28515625,20786.021484375,0.0,0.0,0.0,0.0,0.0,0.0,0.0,0.0,FL
325370,FL,1205,21.687091827392578,1,0.0,0.0,12.409052848815918,1,0,0.0,0.0,36340.234375,18469.8359375,0.0,0.0,0.0,18469.8359375,0.0,0.0,0.0,0.0,0.0,0.0,0.0,0.0,0.0,0.0,0.0,0.0,0.0,0.0,0.0,0.0,0.0,0.0,0.0,0.0,0.0,0.0,0.0,0.0,0.0,0.0,0.0,0.0,0.0,0.0,0.0,0.0,0.0,0.0,0.0,0.0,0.0,0.0,0.0,0.0,0.0,0.0,0.0,0.0,0.0,0.0,0.0,0.0,0.0,0.0,0.0,0.0,0.0,0.0,0.0,0.0,0.0,0.0,0.0,0.0,0.0,0.0,0.0,0.0,0.0,0.0,0.0,0.0,0.0,0.0,0.0,0.0,0.0,0.0,0.0,0.0,0.0,0.0,0.0,0.0,0.0,0.0,0.0,0.0,0.0,0.0,36340.234375,18469.8359375,0.0,0.0,0.0,0.0,0.0,0.0,0.0,0.0,FL
325371,FL,1205,771.0655517578125,6,5.0,0.0,0.0,6,0,0.0,0.0,73279.0625,56179.1875,17099.873779296875,0.0,0.0,73279.06127929688,0.0,0.0,0.0,0.0,0.0,0.0,0.0,0.0,0.0,0.0,0.0,0.0,0.0,0.0,0.0,0.0,0.0,0.0,0.0,0.0,0.0,0.0,0.0,0.0,0.0,0.0,0.0,0.0,0.0,0.0,0.0,0.0,0.0,0.0,0.0,0.0,0.0,0.0,0.0,0.0,0.0,0.0,0.0,0.0,0.0,0.0,0.0,0.0,0.0,0.0,0.0,0.0,0.0,0.0,0.0,0.0,0.0,0.0,0.0,0.0,0.0,0.0,0.0,0.0,0.0,0.0,0.0,0.0,0.0,0.0,0.0,0.0,0.0,0.0,0.0,0.0,0.0,0.0,0.0,0.0,0.0,0.0,-2763.546875,-2763.543212890625,0.0,0.0,70515.515625,70515.51806640625,0.0,0.0,-2763.546875,-2763.543212890625,0.0,0.0,-3.77126407623291,-3.771259026309871,FL
325372,FL,1205,325.428466796875,2,1.0,0.0,0.8272702097892761,2,0,0.0,0.0,43092.8515625,37045.93359375,6045.700927734375,0.0,0.0,43091.634521484375,0.0,0.0,0.0,0.0,0.0,0.0,0.0,0.0,0.0,0.0,0.0,0.0,0.0,0.0,0.0,0.0,0.0,0.0,0.0,0.0,0.0,0.0,0.0,0.0,0.0,0.0,0.0,0.0,0.0,0.0,0.0,0.0,0.0,0.0,0.0,0.0,0.0,0.0,0.0,0.0,0.0,0.0,0.0,0.0,0.0,0.0,0.0,0.0,0.0,0.0,0.0,0.0,0.0,0.0,0.0,0.0,0.0,0.0,0.0,0.0,0.0,0.0,0.0,0.0,0.0,0.0,0.0,0.0,0.0,0.0,0.0,0.0,0.0,0.0,0.0,0.0,0.0,0.0,0.0,0.0,0.0,0.0,-3282.16015625,-3282.15771484375,0.0,0.0,39810.69140625,39809.476806640625,0.0,0.0,-3282.16015625,-3282.15771484375,0.0,0.0,-7.61648416519165,-7.6166934749419895,FL
325373,FL,1205,0.025222398340702057,1,0.0,249855.21875,293058.0,1,0,65779.4453125,0.0,236264.90625,0.0,0.0,0.0,0.0,0.0,-362.25,0.0,362.25,0.0,0.0,0.0,0.0,0.0,0.0,0.0,0.0,0.0,0.0,0.0,0.0,0.0,0.0,0.0,0.0,0.0,0.0,0.0,0.0,0.0,0.0,0.0,0.0,0.0,0.0,0.0,0.0,0.0,0.0,0.0,0.0,0.0,0.0,0.0,0.0,0.0,0.0,0.0,0.0,0.0,0.0,0.0,0.0,0.0,0.0,0.0,0.0,0.0,0.0,0.0,0.0,0.0,0.0,0.0,0.0,0.0,0.0,0.0,0.0,0.0,0.0,0.0,0.0,0.0,0.0,0.0,0.0,0.0,0.0,0.0,0.0,0.0,0.0,0.0,0.0,0.0,0.0,0.0,0.0,0.0,65417.1953125,0.0,236627.15625,0.0,-362.25,0.0,362.25,0.0,-0.5507039444906386,0.0,0.15332366526126862,0.0,FL
325374,FL,1205,133.69764709472656,2,0.0,0.0,3482.243408203125,2,0,0.0,0.0,71102.15625,33953.796875,0.0,0.0,0.0,33953.796875,0.0,0.0,0.0,0.0,0.0,0.0,0.0,0.0,0.0,0.0,0.0,0.0,0.0,0.0,0.0,0.0,0.0,0.0,0.0,0.0,0.0,0.0,0.0,0.0,0.0,0.0,0.0,0.0,0.0,0.0,0.0,0.0,0.0,0.0,0.0,0.0,0.0,0.0,0.0,0.0,0.0,0.0,0.0,0.0,0.0,0.0,0.0,0.0,0.0,0.0,0.0,0.0,0.0,0.0,0.0,0.0,0.0,0.0,0.0,0.0,0.0,0.0,0.0,0.0,0.0,0.0,0.0,0.0,0.0,0.0,0.0,0.0,0.0,0.0,0.0,0.0,0.0,0.0,0.0,0.0,0.0,0.0,0.0,0.0,0.0,0.0,71102.15625,33953.796875,0.0,0.0,0.0,0.0,0.0,0.0,0.0,0.0,FL
325375,FL,1205,167.4292449951172,2,0.0,0.0,3295.231689453125,2,0,0.0,0.0,50744.6953125,15533.421875,26463.767578125,0.0,0.0,41997.189453125,0.0,0.0,0.0,0.0,0.0,0.0,0.0,0.0,0.0,0.0,0.0,0.0,0.0,0.0,0.0,0.0,0.0,0.0,0.0,0.0,0.0,0.0,0.0,0.0,0.0,0.0,0.0,0.0,0.0,0.0,0.0,0.0,0.0,0.0,0.0,0.0,0.0,0.0,0.0,0.0,0.0,0.0,0.0,0.0,0.0,0.0,0.0,0.0,0.0,0.0,0.0,0.0,0.0,0.0,0.0,0.0,0.0,0.0,0.0,0.0,0.0,0.0,0.0,0.0,0.0,0.0,0.0,0.0,0.0,0.0,0.0,0.0,0.0,0.0,0.0,0.0,0.0,0.0,0.0,0.0,0.0,0.0,0.0,0.0,0.0,0.0,50744.6953125,41997.189453125,0.0,0.0,0.0,0.0,0.0,0.0,0.0,0.0,FL
325376,FL,1205,0.04884113743901253,4,2.0,174217.703125,174243.3125,4,0,16121.166015625,0.0,144801.09375,0.0,0.0,0.0,0.0,0.0,-230.0,0.0,230.0,0.0,-418.0,0.0,418.0,0.0,0.0,0.0,0.0,0.0,0.0,0.0,0.0,0.0,-400.0,0.0,400.0,0.0,0.0,0.0,0.0,0.0,0.0,0.0,0.0,0.0,0.0,0.0,0.0,0.0,0.0,0.0,0.0,0.0,0.0,0.0,0.0,0.0,-357.974609375,0.0,357.984375,0.0,0.0,0.0,0.0,0.0,0.0,0.0,0.0,0.0,0.0,0.0,0.0,0.0,0.0,0.0,0.0,0.0,0.0,0.0,0.0,0.0,0.0,0.0,0.0,0.0,-523.138671875,0.0,523.140625,0.0,0.0,0.0,0.0,0.0,0.0,0.0,0.0,0.0,0.0,0.0,0.0,0.0,14192.052734375,0.0,146730.21875,0.0,-1929.11328125,0.0,1929.125,0.0,-11.966338411131426,0.0,1.3322585821151733,0.0,FL
325377,FL,1205,76.5210952758789,2,1.0,0.0,0.0,2,0,0.0,0.0,19042.005859375,3046.5791015625,15995.427001953125,0.0,0.0,19042.006103515625,0.0,0.0,0.0,0.0,0.0,0.0,0.0,0.0,0.0,0.0,0.0,0.0,0.0,0.0,0.0,0.0,0.0,0.0,0.0,0.0,0.0,0.0,0.0,0.0,0.0,0.0,0.0,0.0,0.0,0.0,0.0,0.0,0.0,0.0,0.0,0.0,0.0,0.0,0.0,0.0,0.0,0.0,0.0,0.0,0.0,0.0,0.0,0.0,0.0,0.0,0.0,0.0,0.0,0.0,0.0,0.0,0.0,0.0,0.0,0.0,0.0,0.0,0.0,0.0,0.0,0.0,0.0,0.0,0.0,0.0,0.0,0.0,0.0,0.0,0.0,0.0,0.0,0.0,0.0,0.0,0.0,0.0,0.0,0.0,0.0,0.0,19042.005859375,19042.006103515625,0.0,0.0,0.0,0.0,0.0,0.0,0.0,0.0,FL
325378,FL,1205,0.03444089740514755,1,0.0,52075.9765625,52158.703125,1,0,4198.04443359375,0.0,45366.5625,0.0,0.0,0.0,0.0,0.0,-5.0,0.0,5.0,0.0,-114.0,0.0,114.0,0.0,0.0,0.0,0.0,0.0,0.0,0.0,0.0,0.0,0.0,0.0,0.0,0.0,0.0,0.0,0.0,0.0,0.0,0.0,0.0,0.0,0.0,0.0,0.0,0.0,0.0,0.0,0.0,0.0,0.0,0.0,0.0,0.0,0.0,0.0,0.0,0.0,0.0,0.0,0.0,0.0,0.0,0.0,0.0,0.0,0.0,0.0,0.0,0.0,0.0,0.0,0.0,0.0,0.0,0.0,0.0,0.0,0.0,0.0,0.0,0.0,0.0,0.0,0.0,0.0,0.0,0.0,0.0,0.0,0.0,0.0,0.0,0.0,0.0,0.0,0.0,0.0,4079.04443359375,0.0,45485.5625,0.0,-119.0,0.0,119.0,0.0,-2.8346531791739435,0.0,0.262307733297348,0.0,FL
325379,FL,1205,0.035171616822481155,1,0.0,59663.5546875,60052.37109375,1,0,5145.28466796875,0.0,55903.515625,0.0,0.0,0.0,0.0,0.0,-5.0,0.0,5.0,0.0,-114.0,0.0,114.0,0.0,0.0,0.0,0.0,0.0,0.0,0.0,0.0,0.0,0.0,0.0,0.0,0.0,0.0,0.0,0.0,0.0,0.0,0.0,0.0,0.0,0.0,0.0,0.0,0.0,0.0,0.0,0.0,0.0,0.0,0.0,0.0,0.0,0.0,0.0,0.0,0.0,0.0,0.0,0.0,0.0,0.0,0.0,0.0,0.0,0.0,0.0,0.0,0.0,0.0,0.0,0.0,0.0,0.0,0.0,0.0,0.0,0.0,0.0,0.0,0.0,0.0,0.0,0.0,0.0,0.0,0.0,0.0,0.0,0.0,0.0,0.0,0.0,0.0,0.0,0.0,0.0,5026.28466796875,0.0,56022.515625,0.0,-119.0,0.0,119.0,0.0,-2.3127972051928993,0.0,0.21286676824092865,0.0,FL
325380,FL,1205,32.743263244628906,1,0.0,0.0,0.0,1,0,0.0,0.0,42875.8984375,16512.3984375,13231.8837890625,0.0,0.0,29744.2822265625,0.0,0.0,0.0,0.0,0.0,0.0,0.0,0.0,0.0,0.0,0.0,0.0,0.0,0.0,0.0,0.0,0.0,0.0,0.0,0.0,0.0,0.0,0.0,0.0,0.0,0.0,0.0,0.0,0.0,0.0,0.0,0.0,0.0,0.0,0.0,0.0,0.0,0.0,0.0,0.0,0.0,0.0,0.0,0.0,0.0,0.0,0.0,0.0,0.0,0.0,0.0,0.0,0.0,0.0,0.0,0.0,0.0,0.0,0.0,0.0,0.0,0.0,0.0,0.0,0.0,0.0,0.0,0.0,0.0,0.0,0.0,0.0,0.0,0.0,0.0,0.0,0.0,0.0,0.0,0.0,0.0,0.0,0.0,0.0,0.0,0.0,42875.8984375,29744.2822265625,0.0,0.0,0.0,0.0,0.0,0.0,0.0,0.0,FL
325381,FL,1205,78.7716293334961,1,0.0,0.0,397.0896911621094,1,0,0.0,0.0,44991.125,22512.427734375,0.0,0.0,0.0,22512.427734375,0.0,0.0,0.0,0.0,0.0,0.0,0.0,0.0,0.0,0.0,0.0,0.0,0.0,0.0,0.0,0.0,0.0,0.0,0.0,0.0,0.0,0.0,0.0,0.0,0.0,0.0,0.0,0.0,0.0,0.0,0.0,0.0,0.0,0.0,0.0,0.0,0.0,0.0,0.0,0.0,0.0,0.0,0.0,0.0,0.0,0.0,0.0,0.0,0.0,0.0,0.0,0.0,0.0,0.0,0.0,0.0,0.0,0.0,0.0,0.0,0.0,0.0,0.0,0.0,0.0,0.0,0.0,0.0,0.0,0.0,0.0,0.0,0.0,0.0,0.0,0.0,0.0,0.0,0.0,0.0,0.0,0.0,0.0,0.0,0.0,0.0,44991.125,22512.427734375,0.0,0.0,0.0,0.0,0.0,0.0,0.0,0.0,FL
325382,FL,1205,41.804569244384766,1,0.0,0.0,0.0,1,0,0.0,0.0,39695.359375,20351.078125,0.0,0.0,0.0,20351.078125,0.0,0.0,0.0,0.0,0.0,0.0,0.0,0.0,0.0,0.0,0.0,0.0,0.0,0.0,0.0,0.0,0.0,0.0,0.0,0.0,0.0,0.0,0.0,0.0,0.0,0.0,0.0,0.0,0.0,0.0,0.0,0.0,0.0,0.0,0.0,0.0,0.0,0.0,0.0,0.0,0.0,0.0,0.0,0.0,0.0,0.0,0.0,0.0,0.0,0.0,0.0,0.0,0.0,0.0,0.0,0.0,0.0,0.0,0.0,0.0,0.0,0.0,0.0,0.0,0.0,0.0,0.0,0.0,0.0,0.0,0.0,0.0,0.0,0.0,-287.68359375,-287.68359375,0.0,0.0,0.0,0.0,0.0,0.0,0.0,0.0,0.0,0.0,39407.67578125,20063.39453125,0.0,0.0,-287.68359375,-287.68359375,0.0,0.0,-0.724728524684906,-1.413603701892329,FL
325383,FL,1205,167.26268005371094,2,0.0,0.0,0.0,2,0,0.0,0.0,57843.2734375,17671.310546875,26463.767578125,0.0,0.0,44135.078125,0.0,0.0,0.0,0.0,0.0,0.0,0.0,0.0,0.0,0.0,0.0,0.0,0.0,0.0,0.0,0.0,0.0,0.0,0.0,0.0,0.0,0.0,0.0,0.0,0.0,0.0,0.0,0.0,0.0,0.0,0.0,0.0,0.0,0.0,0.0,0.0,0.0,0.0,0.0,0.0,0.0,0.0,0.0,0.0,0.0,0.0,0.0,0.0,0.0,0.0,0.0,0.0,0.0,0.0,0.0,0.0,0.0,0.0,0.0,0.0,0.0,0.0,0.0,0.0,0.0,0.0,0.0,0.0,0.0,0.0,0.0,0.0,0.0,0.0,0.0,0.0,0.0,0.0,0.0,0.0,0.0,0.0,0.0,0.0,0.0,0.0,57843.2734375,44135.078125,0.0,0.0,0.0,0.0,0.0,0.0,0.0,0.0,FL
325384,FL,1205,27.31368064880371,2,0.0,0.0,8.27270221710205,2,0,0.0,0.0,71800.84375,29587.23828125,13231.8837890625,0.0,0.0,42819.1220703125,0.0,0.0,0.0,0.0,0.0,0.0,0.0,0.0,0.0,0.0,0.0,0.0,0.0,0.0,0.0,0.0,0.0,0.0,0.0,0.0,0.0,0.0,0.0,0.0,0.0,0.0,0.0,0.0,0.0,0.0,0.0,0.0,0.0,0.0,0.0,0.0,0.0,0.0,0.0,0.0,0.0,0.0,0.0,0.0,0.0,0.0,0.0,0.0,0.0,0.0,0.0,0.0,0.0,0.0,0.0,0.0,0.0,0.0,0.0,0.0,0.0,0.0,0.0,0.0,0.0,0.0,0.0,0.0,0.0,0.0,0.0,0.0,0.0,0.0,-287.6875,-287.68359375,0.0,0.0,0.0,0.0,0.0,0.0,0.0,0.0,0.0,0.0,71513.15625,42531.4384765625,0.0,0.0,-287.6875,-287.68359375,0.0,0.0,-0.4006742537021637,-0.6718577584977105,FL
325385,FL,1205,0.0361347496509552,4,1.0,1412990.04296875,1438093.78515625,4,0,438844.63671875,0.0,959860.5625,0.0,0.0,0.0,0.0,0.0,-362.25,0.0,362.25,0.0,-642.5,0.0,642.5,0.0,0.0,0.0,0.0,0.0,0.0,0.0,0.0,0.0,-200.0,0.0,200.0,0.0,0.0,0.0,0.0,0.0,0.0,0.0,0.0,0.0,0.0,0.0,0.0,0.0,0.0,0.0,0.0,0.0,0.0,0.0,0.0,0.0,0.0,0.0,0.0,0.0,0.0,0.0,0.0,0.0,0.0,0.0,0.0,0.0,0.0,0.0,0.0,0.0,0.0,0.0,0.0,0.0,0.0,0.0,0.0,0.0,0.0,0.0,0.0,0.0,0.0,0.0,0.0,0.0,0.0,0.0,0.0,0.0,0.0,0.0,0.0,0.0,0.0,0.0,0.0,0.0,437639.88671875,0.0,961065.3125,0.0,-1204.75,0.0,1204.75,0.0,-0.27452768000264044,0.0,0.12551303207874298,0.0,FL
325386,FL,1205,102.87905883789062,1,0.0,0.0,0.0,1,0,0.0,0.0,58096.0625,29048.03125,0.0,0.0,0.0,29048.03125,0.0,0.0,0.0,0.0,0.0,0.0,0.0,0.0,0.0,0.0,0.0,0.0,0.0,0.0,0.0,0.0,0.0,0.0,0.0,0.0,0.0,0.0,0.0,0.0,0.0,0.0,0.0,0.0,0.0,0.0,0.0,0.0,0.0,0.0,0.0,0.0,0.0,0.0,0.0,0.0,0.0,0.0,0.0,0.0,0.0,0.0,0.0,0.0,0.0,0.0,0.0,0.0,0.0,0.0,0.0,0.0,0.0,0.0,0.0,0.0,0.0,0.0,0.0,0.0,0.0,0.0,0.0,0.0,0.0,0.0,0.0,0.0,0.0,0.0,0.0,0.0,0.0,0.0,0.0,0.0,0.0,0.0,0.0,0.0,0.0,0.0,58096.0625,29048.03125,0.0,0.0,0.0,0.0,0.0,0.0,0.0,0.0,FL
325387,FL,1205,15.281657218933105,1,0.0,0.0,14.063593864440918,1,0,0.0,0.0,43093.765625,21845.384765625,0.0,0.0,0.0,21845.384765625,0.0,0.0,0.0,0.0,0.0,0.0,0.0,0.0,0.0,0.0,0.0,0.0,0.0,0.0,0.0,0.0,0.0,0.0,0.0,0.0,0.0,0.0,0.0,0.0,0.0,0.0,0.0,0.0,0.0,0.0,0.0,0.0,0.0,0.0,0.0,0.0,0.0,0.0,0.0,0.0,0.0,0.0,0.0,0.0,0.0,0.0,0.0,0.0,0.0,0.0,0.0,0.0,0.0,0.0,0.0,0.0,0.0,0.0,0.0,0.0,0.0,0.0,0.0,0.0,0.0,0.0,0.0,0.0,0.0,0.0,0.0,0.0,0.0,0.0,0.0,0.0,0.0,0.0,0.0,0.0,0.0,0.0,0.0,0.0,0.0,0.0,43093.765625,21845.384765625,0.0,0.0,0.0,0.0,0.0,0.0,0.0,0.0,FL
325388,FL,1205,0.03140443190932274,5,3.0,10453.0625,36750.06640625,5,0,-12434.77734375,0.0,80964.4921875,3392.88671875,21522.513427734375,0.0,0.0,24915.400146484375,0.0,0.0,0.0,0.0,0.0,0.0,0.0,0.0,0.0,0.0,0.0,0.0,0.0,0.0,0.0,0.0,300.0,0.0,-300.0,0.0,0.0,0.0,0.0,0.0,0.0,0.0,0.0,0.0,0.0,0.0,0.0,0.0,0.0,0.0,0.0,0.0,0.0,0.0,0.0,0.0,0.0,0.0,0.0,0.0,0.0,0.0,0.0,0.0,0.0,0.0,0.0,0.0,0.0,0.0,0.0,0.0,0.0,0.0,0.0,0.0,0.0,0.0,0.0,0.0,0.0,0.0,0.0,0.0,0.0,0.0,0.0,0.0,0.0,0.0,0.0,0.0,0.0,0.0,0.0,0.0,0.0,0.0,0.0,0.0,-12134.77734375,0.0,80664.4921875,24915.400146484375,300.0,0.0,-300.0,0.0,2.4125884340887436,0.0,-0.3705328106880188,0.0,FL
325389,FL,1205,160.75283813476562,3,1.0,0.0,0.8272702097892761,3,0,0.0,0.0,29108.8203125,38487.79296875,2763.543212890625,0.0,0.0,41251.336181640625,0.0,0.0,0.0,0.0,0.0,0.0,0.0,0.0,0.0,0.0,0.0,0.0,0.0,0.0,0.0,0.0,0.0,0.0,0.0,0.0,0.0,0.0,0.0,0.0,0.0,0.0,0.0,0.0,0.0,0.0,0.0,0.0,0.0,0.0,0.0,0.0,0.0,0.0,0.0,0.0,0.0,0.0,0.0,0.0,0.0,0.0,0.0,0.0,0.0,0.0,0.0,0.0,0.0,0.0,0.0,0.0,0.0,0.0,0.0,0.0,0.0,0.0,0.0,0.0,0.0,0.0,0.0,0.0,0.0,0.0,0.0,0.0,0.0,0.0,-468.1796875,-468.1796875,0.0,0.0,0.0,0.0,0.0,0.0,0.0,0.0,0.0,0.0,28640.640625,40783.156494140625,0.0,0.0,-468.1796875,-468.1796875,0.0,0.0,-1.6083773374557495,-1.134944297170109,FL
325390,FL,1205,24.460966110229492,1,0.0,0.0,0.0,1,0,0.0,0.0,26139.3046875,13518.8720703125,0.0,0.0,0.0,13518.8720703125,0.0,0.0,0.0,0.0,0.0,0.0,0.0,0.0,0.0,0.0,0.0,0.0,0.0,0.0,0.0,0.0,0.0,0.0,0.0,0.0,0.0,0.0,0.0,0.0,0.0,0.0,0.0,0.0,0.0,0.0,0.0,0.0,0.0,0.0,0.0,0.0,0.0,0.0,0.0,0.0,0.0,0.0,0.0,0.0,0.0,0.0,0.0,0.0,0.0,0.0,0.0,0.0,0.0,0.0,0.0,0.0,0.0,0.0,0.0,0.0,0.0,0.0,0.0,0.0,0.0,0.0,0.0,0.0,0.0,0.0,0.0,0.0,0.0,0.0,0.0,0.0,0.0,0.0,0.0,0.0,0.0,0.0,0.0,0.0,0.0,0.0,26139.3046875,13518.8720703125,0.0,0.0,0.0,0.0,0.0,0.0,0.0,0.0,FL
325391,FL,1205,0.16954976320266724,5,1.0,80379.908203125,97690.154296875,5,0,4553.947265625,0.0,169440.25,36992.3125,3282.15771484375,8109.65087890625,0.0,48384.12109375,-12.0,0.0,12.0,0.0,-291.0,0.0,291.0,0.0,0.0,0.0,0.0,0.0,0.0,0.0,0.0,0.0,-200.0,0.0,200.0,0.0,0.0,0.0,0.0,0.0,0.0,0.0,0.0,0.0,0.0,0.0,0.0,0.0,0.0,0.0,0.0,0.0,0.0,0.0,0.0,0.0,0.0,0.0,0.0,0.0,0.0,0.0,0.0,0.0,0.0,0.0,0.0,0.0,0.0,0.0,0.0,0.0,0.0,0.0,0.0,0.0,0.0,0.0,0.0,0.0,0.0,0.0,0.0,0.0,0.0,0.0,0.0,0.0,0.0,0.0,0.0,0.0,0.0,0.0,0.0,0.0,0.0,0.0,0.0,0.0,4050.947265625,0.0,169943.25,48384.12109375,-503.0,0.0,503.0,0.0,-11.045362861288348,0.0,0.2968598008155823,0.0,FL
325392,FL,1205,88.67990112304688,1,0.0,17517.001953125,18565.5234375,1,0,136.55233764648438,0.0,56977.34765625,19549.1953125,0.0,0.0,0.0,19549.1953125,0.0,0.0,0.0,0.0,-94.99999237060547,0.0,95.0,0.0,0.0,0.0,0.0,0.0,0.0,0.0,0.0,0.0,0.0,0.0,0.0,0.0,0.0,0.0,0.0,0.0,0.0,0.0,0.0,0.0,0.0,0.0,0.0,0.0,0.0,0.0,0.0,0.0,0.0,0.0,0.0,0.0,-41.552345275878906,0.0,41.55078125,0.0,0.0,0.0,0.0,0.0,0.0,0.0,0.0,0.0,0.0,0.0,0.0,0.0,0.0,0.0,0.0,0.0,0.0,0.0,0.0,0.0,0.0,0.0,0.0,0.0,0.0,0.0,0.0,0.0,0.0,0.0,0.0,0.0,0.0,0.0,0.0,0.0,0.0,0.0,0.0,0.0,0.0,0.0,57113.8984375,19549.1953125,-136.55233764648438,0.0,136.55078125,0.0,-100.0,0.0,0.23965801298618317,0.0,FL
325393,FL,1205,9.645369529724121,2,1.0,0.0,0.0,2,0,0.0,0.0,3894.50537109375,1130.9622802734375,2763.543212890625,0.0,0.0,3894.5054931640625,0.0,0.0,0.0,0.0,0.0,0.0,0.0,0.0,0.0,0.0,0.0,0.0,0.0,0.0,0.0,0.0,0.0,0.0,0.0,0.0,0.0,0.0,0.0,0.0,0.0,0.0,0.0,0.0,0.0,0.0,0.0,0.0,0.0,0.0,0.0,0.0,0.0,0.0,0.0,0.0,0.0,0.0,0.0,0.0,0.0,0.0,0.0,0.0,0.0,0.0,0.0,0.0,0.0,0.0,0.0,0.0,0.0,0.0,0.0,0.0,0.0,0.0,0.0,0.0,0.0,0.0,0.0,0.0,0.0,0.0,0.0,0.0,0.0,0.0,0.0,0.0,0.0,0.0,0.0,0.0,0.0,0.0,0.0,0.0,0.0,0.0,3894.50537109375,3894.5054931640625,0.0,0.0,0.0,0.0,0.0,0.0,0.0,0.0,FL
325394,FL,1205,21.394168853759766,1,0.0,0.0,0.8272702097892761,1,0,0.0,0.0,36639.2890625,18627.876953125,0.0,0.0,0.0,18627.876953125,0.0,0.0,0.0,0.0,0.0,0.0,0.0,0.0,0.0,0.0,0.0,0.0,0.0,0.0,0.0,0.0,0.0,0.0,0.0,0.0,0.0,0.0,0.0,0.0,0.0,0.0,0.0,0.0,0.0,0.0,0.0,0.0,0.0,0.0,0.0,0.0,0.0,0.0,0.0,0.0,0.0,0.0,0.0,0.0,0.0,0.0,0.0,0.0,0.0,0.0,0.0,0.0,0.0,0.0,0.0,0.0,0.0,0.0,0.0,0.0,0.0,0.0,0.0,0.0,0.0,0.0,0.0,0.0,0.0,0.0,0.0,0.0,0.0,0.0,0.0,0.0,0.0,0.0,0.0,0.0,0.0,0.0,0.0,0.0,0.0,0.0,36639.2890625,18627.876953125,0.0,0.0,0.0,0.0,0.0,0.0,0.0,0.0,FL
325395,FL,1205,0.05240724980831146,4,2.0,331578.0625,335218.875,4,0,54764.78125,0.0,281500.65625,0.0,0.0,0.0,0.0,0.0,-292.0,0.0,292.0,0.0,-456.0,0.0,456.0,0.0,0.0,0.0,0.0,0.0,0.0,0.0,0.0,0.0,-400.0,0.0,400.0,0.0,0.0,0.0,0.0,0.0,0.0,0.0,0.0,0.0,0.0,0.0,0.0,0.0,0.0,0.0,0.0,0.0,0.0,0.0,0.0,0.0,-480.0,0.0,480.0,0.0,0.0,0.0,0.0,0.0,0.0,0.0,0.0,0.0,0.0,0.0,0.0,0.0,0.0,0.0,0.0,0.0,0.0,0.0,0.0,0.0,0.0,0.0,0.0,0.0,0.0,0.0,0.0,0.0,0.0,0.0,0.0,0.0,0.0,0.0,0.0,0.0,0.0,0.0,0.0,0.0,53136.78125,0.0,283128.65625,0.0,-1628.0,0.0,1628.0,0.0,-2.972713416982744,0.0,0.5783290266990662,0.0,FL
325396,FL,1205,142.7718048095703,2,0.0,0.0,0.0,2,0,0.0,0.0,74183.5390625,37235.609375,0.0,0.0,0.0,37235.609375,0.0,0.0,0.0,0.0,0.0,0.0,0.0,0.0,0.0,0.0,0.0,0.0,0.0,0.0,0.0,0.0,0.0,0.0,0.0,0.0,0.0,0.0,0.0,0.0,0.0,0.0,0.0,0.0,0.0,0.0,0.0,0.0,0.0,0.0,0.0,0.0,0.0,0.0,0.0,0.0,0.0,0.0,0.0,0.0,0.0,0.0,0.0,0.0,0.0,0.0,0.0,0.0,0.0,0.0,0.0,0.0,0.0,0.0,0.0,0.0,0.0,0.0,0.0,0.0,0.0,0.0,0.0,0.0,0.0,0.0,0.0,0.0,0.0,0.0,0.0,0.0,0.0,0.0,0.0,0.0,0.0,0.0,0.0,0.0,0.0,0.0,74183.5390625,37235.609375,0.0,0.0,0.0,0.0,0.0,0.0,0.0,0.0,FL
325397,FL,1205,734.06787109375,4,3.0,0.0,0.0,4,0,0.0,0.0,62369.8046875,40328.67578125,22041.1279296875,0.0,0.0,62369.8037109375,0.0,0.0,0.0,0.0,0.0,0.0,0.0,0.0,0.0,0.0,0.0,0.0,0.0,0.0,0.0,0.0,0.0,0.0,0.0,0.0,0.0,0.0,0.0,0.0,0.0,0.0,0.0,0.0,0.0,0.0,0.0,0.0,0.0,0.0,0.0,0.0,0.0,0.0,0.0,0.0,0.0,0.0,0.0,0.0,0.0,0.0,0.0,0.0,0.0,0.0,0.0,0.0,0.0,0.0,0.0,0.0,0.0,0.0,0.0,0.0,0.0,0.0,0.0,0.0,0.0,0.0,0.0,0.0,0.0,0.0,0.0,0.0,0.0,0.0,-7236.54296875,-7236.54296875,0.0,0.0,0.0,0.0,0.0,0.0,0.0,0.0,0.0,0.0,55133.26171875,55133.2607421875,0.0,0.0,-7236.54296875,-7236.54296875,0.0,0.0,-11.602638244628906,-11.602638677987311,FL
325398,FL,1205,0.031337618827819824,5,2.0,179598.4140625,207377.37353515625,5,0,17937.45703125,0.0,278906.21875,36824.76171875,0.0,2602.27734375,0.0,39427.0390625,-230.0,0.0,230.0,0.0,0.0,0.0,0.0,0.0,0.0,0.0,0.0,0.0,0.0,0.0,0.0,0.0,-400.0,0.0,400.0,0.0,0.0,0.0,0.0,0.0,-291.337890625,0.0,291.3125,0.0,0.0,0.0,0.0,0.0,0.0,0.0,0.0,0.0,0.0,0.0,0.0,0.0,0.0,0.0,0.0,0.0,0.0,0.0,0.0,0.0,0.0,0.0,0.0,0.0,0.0,0.0,0.0,0.0,0.0,0.0,0.0,0.0,0.0,0.0,0.0,0.0,0.0,0.0,0.0,0.0,0.0,0.0,0.0,0.0,0.0,0.0,0.0,0.0,0.0,0.0,0.0,0.0,0.0,0.0,0.0,0.0,17016.119140625,0.0,279827.53125,39427.0390625,-921.337890625,0.0,921.3125,0.0,-5.136390788392569,0.0,0.33033058047294617,0.0,FL
325399,FL,1205,0.0315210185945034,3,0.0,94942.828125,128033.640625,3,0,11242.037109375,0.0,133529.28125,0.0,0.0,0.0,0.0,0.0,-10.0,0.0,10.0,0.0,-228.0,0.0,228.0,0.0,0.0,0.0,0.0,0.0,0.0,0.0,0.0,0.0,0.0,0.0,0.0,0.0,0.0,0.0,0.0,0.0,0.0,0.0,0.0,0.0,0.0,0.0,0.0,0.0,0.0,0.0,0.0,0.0,0.0,0.0,0.0,0.0,0.0,0.0,0.0,0.0,0.0,0.0,0.0,0.0,0.0,0.0,0.0,0.0,0.0,0.0,0.0,0.0,0.0,0.0,0.0,0.0,0.0,0.0,0.0,0.0,0.0,0.0,0.0,0.0,-391.578125,0.0,391.5625,0.0,0.0,0.0,0.0,0.0,0.0,0.0,0.0,0.0,0.0,0.0,0.0,0.0,10612.458984375,0.0,134158.84375,0.0,-629.578125,0.0,629.5625,0.0,-5.600213901402086,0.0,0.47147896885871887,0.0,FL
325400,FL,1205,19.083227157592773,2,0.0,0.0,0.0,2,0,0.0,0.0,83124.8984375,28804.408203125,26463.767578125,0.0,0.0,55268.17578125,0.0,0.0,0.0,0.0,0.0,0.0,0.0,0.0,0.0,0.0,0.0,0.0,0.0,0.0,0.0,0.0,0.0,0.0,0.0,0.0,0.0,0.0,0.0,0.0,0.0,0.0,0.0,0.0,0.0,0.0,0.0,0.0,0.0,0.0,0.0,0.0,0.0,0.0,0.0,0.0,0.0,0.0,0.0,0.0,0.0,0.0,0.0,0.0,0.0,0.0,0.0,0.0,0.0,0.0,0.0,0.0,0.0,0.0,0.0,0.0,0.0,0.0,0.0,0.0,0.0,0.0,0.0,0.0,0.0,0.0,0.0,0.0,0.0,0.0,0.0,0.0,0.0,0.0,0.0,0.0,0.0,0.0,0.0,0.0,0.0,0.0,83124.8984375,55268.17578125,0.0,0.0,0.0,0.0,0.0,0.0,0.0,0.0,FL
325401,FL,1205,0.0508279874920845,2,1.0,87359.4296875,87364.390625,2,0,5412.72705078125,0.0,83150.578125,0.0,0.0,0.0,0.0,0.0,-7.0,0.0,7.0,0.0,-177.0,0.0,177.0,0.0,0.0,0.0,0.0,0.0,0.0,0.0,0.0,0.0,-200.0,0.0,200.0,0.0,0.0,0.0,0.0,0.0,0.0,0.0,0.0,0.0,0.0,0.0,0.0,0.0,0.0,0.0,0.0,0.0,0.0,0.0,0.0,0.0,-118.98779296875,0.0,118.9921875,0.0,0.0,0.0,0.0,0.0,0.0,0.0,0.0,0.0,0.0,0.0,0.0,0.0,0.0,0.0,0.0,0.0,0.0,0.0,0.0,0.0,0.0,0.0,0.0,0.0,-181.5859375,0.0,181.5859375,0.0,0.0,0.0,0.0,0.0,0.0,0.0,0.0,0.0,0.0,0.0,0.0,0.0,4728.1533203125,0.0,83835.15625,0.0,-684.57373046875,0.0,684.578125,0.0,-12.647482942446572,0.0,0.8232992887496948,0.0,FL
325402,FL,1205,420.6253356933594,2,0.0,0.0,0.0,2,0,0.0,0.0,37156.87109375,21631.744140625,0.0,0.0,0.0,21631.744140625,0.0,0.0,0.0,0.0,0.0,0.0,0.0,0.0,0.0,0.0,0.0,0.0,0.0,0.0,0.0,0.0,0.0,0.0,0.0,0.0,0.0,0.0,0.0,0.0,0.0,0.0,0.0,0.0,0.0,0.0,0.0,0.0,0.0,0.0,0.0,0.0,0.0,0.0,0.0,0.0,0.0,0.0,0.0,0.0,0.0,0.0,0.0,0.0,0.0,0.0,0.0,0.0,0.0,0.0,0.0,0.0,0.0,0.0,0.0,0.0,0.0,0.0,0.0,0.0,0.0,0.0,0.0,0.0,0.0,0.0,0.0,0.0,0.0,0.0,0.0,0.0,0.0,0.0,0.0,0.0,0.0,0.0,0.0,0.0,0.0,0.0,37156.87109375,21631.744140625,0.0,0.0,0.0,0.0,0.0,0.0,0.0,0.0,FL
325403,FL,1205,113.1410140991211,1,0.0,0.0,27.694190979003906,1,0,0.0,0.0,25546.39453125,12286.8173828125,13231.8837890625,0.0,0.0,25518.701171875,0.0,0.0,0.0,0.0,0.0,0.0,0.0,0.0,0.0,0.0,0.0,0.0,0.0,0.0,0.0,0.0,0.0,0.0,0.0,0.0,0.0,0.0,0.0,0.0,0.0,0.0,0.0,0.0,0.0,0.0,0.0,0.0,0.0,0.0,0.0,0.0,0.0,0.0,0.0,0.0,0.0,0.0,0.0,0.0,0.0,0.0,0.0,0.0,0.0,0.0,0.0,0.0,0.0,0.0,0.0,0.0,0.0,0.0,0.0,0.0,0.0,0.0,0.0,0.0,0.0,0.0,0.0,0.0,0.0,0.0,0.0,0.0,0.0,0.0,0.0,0.0,0.0,0.0,0.0,0.0,0.0,0.0,0.0,0.0,0.0,0.0,25546.39453125,25518.701171875,0.0,0.0,0.0,0.0,0.0,0.0,0.0,0.0,FL
325404,FL,1205,91.11467742919922,1,0.0,0.0,0.0,1,0,0.0,0.0,5898.3095703125,5898.3095703125,0.0,0.0,0.0,5898.3095703125,0.0,0.0,0.0,0.0,0.0,0.0,0.0,0.0,0.0,0.0,0.0,0.0,0.0,0.0,0.0,0.0,0.0,0.0,0.0,0.0,0.0,0.0,0.0,0.0,0.0,0.0,0.0,0.0,0.0,0.0,0.0,0.0,0.0,0.0,0.0,0.0,0.0,0.0,0.0,0.0,0.0,0.0,0.0,0.0,0.0,0.0,0.0,0.0,0.0,0.0,0.0,0.0,0.0,0.0,0.0,0.0,0.0,0.0,0.0,0.0,0.0,0.0,0.0,0.0,0.0,0.0,0.0,0.0,0.0,0.0,0.0,0.0,0.0,0.0,0.0,0.0,0.0,0.0,0.0,0.0,0.0,0.0,0.0,0.0,0.0,0.0,5898.3095703125,5898.3095703125,0.0,0.0,0.0,0.0,0.0,0.0,0.0,0.0,FL
325405,FL,1205,51.234806060791016,1,0.0,0.0,0.0,1,0,0.0,0.0,17157.923828125,3926.039794921875,13231.8837890625,0.0,0.0,17157.923583984375,0.0,0.0,0.0,0.0,0.0,0.0,0.0,0.0,0.0,0.0,0.0,0.0,0.0,0.0,0.0,0.0,0.0,0.0,0.0,0.0,0.0,0.0,0.0,0.0,0.0,0.0,0.0,0.0,0.0,0.0,0.0,0.0,0.0,0.0,0.0,0.0,0.0,0.0,0.0,0.0,0.0,0.0,0.0,0.0,0.0,0.0,0.0,0.0,0.0,0.0,0.0,0.0,0.0,0.0,0.0,0.0,0.0,0.0,0.0,0.0,0.0,0.0,0.0,0.0,0.0,0.0,0.0,0.0,0.0,0.0,0.0,0.0,0.0,0.0,0.0,0.0,0.0,0.0,0.0,0.0,0.0,0.0,0.0,0.0,0.0,0.0,17157.923828125,17157.923583984375,0.0,0.0,0.0,0.0,0.0,0.0,0.0,0.0,FL
325406,FL,1205,25.920808792114258,1,0.0,0.0,0.8272702097892761,1,0,0.0,0.0,13233.1005859375,0.0,13231.8837890625,0.0,0.0,13231.8837890625,0.0,0.0,0.0,0.0,0.0,0.0,0.0,0.0,0.0,0.0,0.0,0.0,0.0,0.0,0.0,0.0,0.0,0.0,0.0,0.0,0.0,0.0,0.0,0.0,0.0,0.0,0.0,0.0,0.0,0.0,0.0,0.0,0.0,0.0,0.0,0.0,0.0,0.0,0.0,0.0,0.0,0.0,0.0,0.0,0.0,0.0,0.0,0.0,0.0,0.0,0.0,0.0,0.0,0.0,0.0,0.0,0.0,0.0,0.0,0.0,0.0,0.0,0.0,0.0,0.0,0.0,0.0,0.0,0.0,0.0,0.0,0.0,0.0,0.0,0.0,0.0,0.0,0.0,0.0,0.0,0.0,0.0,0.0,0.0,0.0,0.0,13233.1005859375,13231.8837890625,0.0,0.0,0.0,0.0,0.0,0.0,0.0,0.0,FL
325407,FL,1205,60.49678421020508,3,1.0,0.0,0.0,3,0,0.0,0.0,32365.36328125,13087.779296875,19277.584716796875,0.0,0.0,32365.364013671875,0.0,0.0,0.0,0.0,0.0,0.0,0.0,0.0,0.0,0.0,0.0,0.0,0.0,0.0,0.0,0.0,0.0,0.0,0.0,0.0,0.0,0.0,0.0,0.0,0.0,0.0,0.0,0.0,0.0,0.0,0.0,0.0,0.0,0.0,0.0,0.0,0.0,0.0,0.0,0.0,0.0,0.0,0.0,0.0,0.0,0.0,0.0,0.0,0.0,0.0,0.0,0.0,0.0,0.0,0.0,0.0,0.0,0.0,0.0,0.0,0.0,0.0,0.0,0.0,0.0,0.0,0.0,0.0,0.0,0.0,0.0,0.0,0.0,0.0,0.0,0.0,0.0,0.0,0.0,0.0,0.0,0.0,0.0,0.0,0.0,0.0,32365.36328125,32365.364013671875,0.0,0.0,0.0,0.0,0.0,0.0,0.0,0.0,FL
325408,FL,1205,217.24888610839844,2,0.0,0.0,59.362052619457245,2,0,0.0,0.0,129017.65625,64478.7578125,0.0,0.0,0.0,64478.7578125,0.0,0.0,0.0,0.0,0.0,0.0,0.0,0.0,0.0,0.0,0.0,0.0,0.0,0.0,0.0,0.0,0.0,0.0,0.0,0.0,0.0,0.0,0.0,0.0,0.0,0.0,0.0,0.0,0.0,0.0,0.0,0.0,0.0,0.0,0.0,0.0,0.0,0.0,0.0,0.0,0.0,0.0,0.0,0.0,0.0,0.0,0.0,0.0,0.0,0.0,0.0,0.0,0.0,0.0,0.0,0.0,0.0,0.0,0.0,0.0,0.0,0.0,0.0,0.0,0.0,0.0,0.0,0.0,0.0,0.0,0.0,0.0,0.0,0.0,0.0,0.0,0.0,0.0,0.0,0.0,0.0,0.0,0.0,0.0,0.0,0.0,129017.65625,64478.7578125,0.0,0.0,0.0,0.0,0.0,0.0,0.0,0.0,FL
325409,FL,1205,0.4212818443775177,1,0.0,0.0,303.608154296875,1,0,0.0,0.0,13398.7705078125,12080.3349609375,0.0,0.0,0.0,12080.3349609375,0.0,0.0,0.0,0.0,0.0,0.0,0.0,0.0,0.0,0.0,0.0,0.0,0.0,0.0,0.0,0.0,0.0,0.0,0.0,0.0,0.0,0.0,0.0,0.0,0.0,0.0,0.0,0.0,0.0,0.0,0.0,0.0,0.0,0.0,0.0,0.0,0.0,0.0,0.0,0.0,0.0,0.0,0.0,0.0,0.0,0.0,0.0,0.0,0.0,0.0,0.0,0.0,0.0,0.0,0.0,0.0,0.0,0.0,0.0,0.0,0.0,0.0,0.0,0.0,0.0,0.0,0.0,0.0,0.0,0.0,0.0,0.0,0.0,0.0,0.0,0.0,0.0,0.0,0.0,0.0,0.0,0.0,0.0,0.0,0.0,0.0,13398.7705078125,12080.3349609375,0.0,0.0,0.0,0.0,0.0,0.0,0.0,0.0,FL
325410,FL,1205,0.42417246103286743,1,0.0,0.0,0.0,1,0,0.0,0.0,0.0,0.0,0.0,0.0,0.0,0.0,0.0,0.0,0.0,0.0,0.0,0.0,0.0,0.0,0.0,0.0,0.0,0.0,0.0,0.0,0.0,0.0,0.0,0.0,0.0,0.0,0.0,0.0,0.0,0.0,0.0,0.0,0.0,0.0,0.0,0.0,0.0,0.0,0.0,0.0,0.0,0.0,0.0,0.0,0.0,0.0,0.0,0.0,0.0,0.0,0.0,0.0,0.0,0.0,0.0,0.0,0.0,0.0,0.0,0.0,0.0,0.0,0.0,0.0,0.0,0.0,0.0,0.0,0.0,0.0,0.0,0.0,0.0,0.0,0.0,0.0,0.0,0.0,0.0,0.0,0.0,0.0,0.0,0.0,0.0,0.0,0.0,0.0,0.0,0.0,0.0,0.0,0.0,0.0,0.0,0.0,0.0,0.0,0.0,0.0,0.0,0.0,FL
325411,FL,1205,34.188812255859375,2,0.0,348.4353942871094,348.4353942871094,2,0,0.0,0.0,74179.828125,35287.9453125,3282.15771484375,0.0,0.0,38570.10302734375,0.0,0.0,0.0,0.0,0.0,0.0,0.0,0.0,0.0,0.0,0.0,0.0,0.0,0.0,0.0,0.0,0.0,0.0,0.0,0.0,0.0,0.0,0.0,0.0,0.0,0.0,0.0,0.0,0.0,0.0,0.0,0.0,0.0,0.0,0.0,0.0,0.0,0.0,0.0,0.0,0.0,0.0,0.0,0.0,0.0,0.0,0.0,0.0,0.0,0.0,0.0,0.0,0.0,0.0,0.0,0.0,0.0,0.0,0.0,0.0,0.0,0.0,0.0,0.0,0.0,0.0,0.0,0.0,0.0,0.0,0.0,0.0,0.0,0.0,0.0,0.0,0.0,0.0,0.0,0.0,0.0,0.0,0.0,0.0,0.0,0.0,74179.828125,38570.10302734375,0.0,0.0,0.0,0.0,0.0,0.0,0.0,0.0,FL
325412,FL,1205,134.57859802246094,1,0.0,0.0,0.0,1,0,0.0,0.0,3926.039794921875,3926.039794921875,0.0,0.0,0.0,3926.039794921875,0.0,0.0,0.0,0.0,0.0,0.0,0.0,0.0,0.0,0.0,0.0,0.0,0.0,0.0,0.0,0.0,0.0,0.0,0.0,0.0,0.0,0.0,0.0,0.0,0.0,0.0,0.0,0.0,0.0,0.0,0.0,0.0,0.0,0.0,0.0,0.0,0.0,0.0,0.0,0.0,0.0,0.0,0.0,0.0,0.0,0.0,0.0,0.0,0.0,0.0,0.0,0.0,0.0,0.0,0.0,0.0,0.0,0.0,0.0,0.0,0.0,0.0,0.0,0.0,0.0,0.0,0.0,0.0,0.0,0.0,0.0,0.0,0.0,0.0,0.0,0.0,0.0,0.0,0.0,0.0,0.0,0.0,0.0,0.0,0.0,0.0,3926.039794921875,3926.039794921875,0.0,0.0,0.0,0.0,0.0,0.0,0.0,0.0,FL
325413,FL,1205,0.04058203846216202,1,0.0,44016.6953125,44400.546875,1,0,3267.065673828125,0.0,38239.515625,0.0,0.0,0.0,0.0,0.0,-5.0,0.0,5.0,0.0,-114.0,0.0,114.0,0.0,0.0,0.0,0.0,0.0,0.0,0.0,0.0,0.0,0.0,0.0,0.0,0.0,0.0,0.0,0.0,0.0,0.0,0.0,0.0,0.0,0.0,0.0,0.0,0.0,0.0,0.0,0.0,0.0,0.0,0.0,0.0,0.0,0.0,0.0,0.0,0.0,0.0,0.0,0.0,0.0,0.0,0.0,0.0,0.0,0.0,0.0,0.0,0.0,0.0,0.0,0.0,0.0,0.0,0.0,0.0,0.0,0.0,0.0,0.0,0.0,0.0,0.0,0.0,0.0,0.0,0.0,0.0,0.0,0.0,0.0,0.0,0.0,0.0,0.0,0.0,0.0,3148.065673828125,0.0,38358.515625,0.0,-119.0,0.0,119.0,0.0,-3.6424122402340298,0.0,0.3111964166164398,0.0,FL
325414,FL,1205,317.26898193359375,2,0.0,0.0,1.6545404195785522,2,0,0.0,0.0,40749.3203125,14282.0283203125,26463.767578125,0.0,0.0,40745.7958984375,0.0,0.0,0.0,0.0,0.0,0.0,0.0,0.0,0.0,0.0,0.0,0.0,0.0,0.0,0.0,0.0,0.0,0.0,0.0,0.0,0.0,0.0,0.0,0.0,0.0,0.0,0.0,0.0,0.0,0.0,0.0,0.0,0.0,0.0,0.0,0.0,0.0,0.0,0.0,0.0,0.0,0.0,0.0,0.0,0.0,0.0,0.0,0.0,0.0,0.0,0.0,0.0,0.0,0.0,0.0,0.0,0.0,0.0,0.0,0.0,0.0,0.0,0.0,0.0,0.0,0.0,0.0,0.0,0.0,0.0,0.0,0.0,0.0,0.0,-4656.41796875,-4656.4169921875,0.0,0.0,0.0,0.0,0.0,0.0,0.0,0.0,0.0,0.0,36092.90234375,36089.37890625,0.0,0.0,-4656.41796875,-4656.4169921875,0.0,0.0,-11.426982879638672,-11.427969167160292,FL
325415,FL,1205,58.21739959716797,2,0.0,0.0,0.0,2,0,0.0,0.0,0.0,0.0,0.0,0.0,0.0,0.0,0.0,0.0,0.0,0.0,0.0,0.0,0.0,0.0,0.0,0.0,0.0,0.0,0.0,0.0,0.0,0.0,0.0,0.0,0.0,0.0,0.0,0.0,0.0,0.0,0.0,0.0,0.0,0.0,0.0,0.0,0.0,0.0,0.0,0.0,0.0,0.0,0.0,0.0,0.0,0.0,0.0,0.0,0.0,0.0,0.0,0.0,0.0,0.0,0.0,0.0,0.0,0.0,0.0,0.0,0.0,0.0,0.0,0.0,0.0,0.0,0.0,0.0,0.0,0.0,0.0,0.0,0.0,0.0,0.0,0.0,0.0,0.0,0.0,0.0,0.0,0.0,0.0,0.0,0.0,0.0,0.0,0.0,0.0,0.0,0.0,0.0,0.0,0.0,0.0,0.0,0.0,0.0,0.0,0.0,0.0,0.0,FL
325416,FL,1205,333.0464782714844,4,0.0,0.0,0.0,4,0,0.0,0.0,120309.546875,51104.8125,26463.767578125,0.0,0.0,77568.580078125,0.0,0.0,0.0,0.0,0.0,0.0,0.0,0.0,0.0,0.0,0.0,0.0,0.0,0.0,0.0,0.0,0.0,0.0,0.0,0.0,0.0,0.0,0.0,0.0,0.0,0.0,0.0,0.0,0.0,0.0,0.0,0.0,0.0,0.0,0.0,0.0,0.0,0.0,0.0,0.0,0.0,0.0,0.0,0.0,0.0,0.0,0.0,0.0,0.0,0.0,0.0,0.0,0.0,0.0,0.0,0.0,0.0,0.0,0.0,0.0,0.0,0.0,0.0,0.0,0.0,0.0,0.0,0.0,0.0,0.0,0.0,0.0,0.0,0.0,0.0,0.0,0.0,0.0,0.0,0.0,0.0,0.0,0.0,0.0,0.0,0.0,120309.546875,77568.580078125,0.0,0.0,0.0,0.0,0.0,0.0,0.0,0.0,FL
325417,FL,1205,96.91156005859375,3,0.0,10974.91796875,10974.91796875,3,0,0.0,0.0,110996.8125,49530.2109375,0.0,0.0,0.0,49530.2109375,0.0,0.0,0.0,0.0,0.0,0.0,0.0,0.0,0.0,0.0,0.0,0.0,0.0,0.0,0.0,0.0,0.0,0.0,0.0,0.0,0.0,0.0,0.0,0.0,0.0,0.0,0.0,0.0,0.0,0.0,0.0,0.0,0.0,0.0,0.0,0.0,0.0,0.0,0.0,0.0,0.0,0.0,0.0,0.0,0.0,0.0,0.0,0.0,0.0,0.0,0.0,0.0,0.0,0.0,0.0,0.0,0.0,0.0,0.0,0.0,0.0,0.0,0.0,0.0,0.0,0.0,0.0,0.0,0.0,0.0,0.0,0.0,0.0,0.0,0.0,0.0,0.0,0.0,0.0,0.0,0.0,0.0,0.0,0.0,0.0,0.0,110996.8125,49530.2109375,0.0,0.0,0.0,0.0,0.0,0.0,0.0,0.0,FL
325418,FL,1205,0.03831365332007408,4,2.0,239459.4296875,244163.234375,4,0,34089.453125,0.0,198796.75,0.0,0.0,0.0,0.0,0.0,-292.0,0.0,292.0,0.0,-448.453125,0.0,448.4375,0.0,0.0,0.0,0.0,0.0,0.0,0.0,0.0,0.0,-200.0,0.0,200.0,0.0,0.0,0.0,0.0,0.0,-893.08984375,0.0,893.09375,0.0,0.0,0.0,0.0,0.0,0.0,0.0,0.0,0.0,0.0,0.0,0.0,0.0,0.0,0.0,0.0,0.0,0.0,0.0,0.0,0.0,0.0,0.0,0.0,0.0,0.0,0.0,0.0,0.0,0.0,0.0,0.0,0.0,0.0,0.0,0.0,0.0,0.0,0.0,0.0,0.0,0.0,0.0,0.0,0.0,0.0,0.0,0.0,0.0,0.0,0.0,0.0,0.0,0.0,0.0,0.0,0.0,32255.91015625,0.0,200630.28125,0.0,-1833.54296875,0.0,1833.53125,0.0,-5.378622420332535,0.0,0.9223145246505737,0.0,FL
325419,FL,1205,193.87664794921875,1,0.0,0.0,0.0,1,0,0.0,0.0,23147.02734375,9915.142578125,13231.8837890625,0.0,0.0,23147.0263671875,0.0,0.0,0.0,0.0,0.0,0.0,0.0,0.0,0.0,0.0,0.0,0.0,0.0,0.0,0.0,0.0,0.0,0.0,0.0,0.0,0.0,0.0,0.0,0.0,0.0,0.0,0.0,0.0,0.0,0.0,0.0,0.0,0.0,0.0,0.0,0.0,0.0,0.0,0.0,0.0,0.0,0.0,0.0,0.0,0.0,0.0,0.0,0.0,0.0,0.0,0.0,0.0,0.0,0.0,0.0,0.0,0.0,0.0,0.0,0.0,0.0,0.0,0.0,0.0,0.0,0.0,0.0,0.0,0.0,0.0,0.0,0.0,0.0,0.0,0.0,0.0,0.0,0.0,0.0,0.0,0.0,0.0,0.0,0.0,0.0,0.0,23147.02734375,23147.0263671875,0.0,0.0,0.0,0.0,0.0,0.0,0.0,0.0,FL
325420,FL,1205,130.05609130859375,2,0.0,0.0,0.0,2,0,0.0,0.0,86227.453125,43113.7265625,0.0,0.0,0.0,43113.7265625,0.0,0.0,0.0,0.0,0.0,0.0,0.0,0.0,0.0,0.0,0.0,0.0,0.0,0.0,0.0,0.0,0.0,0.0,0.0,0.0,0.0,0.0,0.0,0.0,0.0,0.0,0.0,0.0,0.0,0.0,0.0,0.0,0.0,0.0,0.0,0.0,0.0,0.0,0.0,0.0,0.0,0.0,0.0,0.0,0.0,0.0,0.0,0.0,0.0,0.0,0.0,0.0,0.0,0.0,0.0,0.0,0.0,0.0,0.0,0.0,0.0,0.0,0.0,0.0,0.0,0.0,0.0,0.0,0.0,0.0,0.0,0.0,0.0,0.0,0.0,0.0,0.0,0.0,0.0,0.0,0.0,0.0,0.0,0.0,0.0,0.0,86227.453125,43113.7265625,0.0,0.0,0.0,0.0,0.0,0.0,0.0,0.0,FL
325421,FL,1205,163.70794677734375,2,0.0,22257.138671875,22257.138671875,2,0,505.7138671875,0.0,69561.3515625,16636.8046875,13231.8837890625,0.0,0.0,29868.6884765625,0.0,0.0,0.0,0.0,-95.0,0.0,95.0,0.0,0.0,0.0,0.0,0.0,0.0,0.0,0.0,0.0,0.0,0.0,0.0,0.0,0.0,0.0,0.0,0.0,0.0,0.0,0.0,0.0,0.0,0.0,0.0,0.0,0.0,0.0,0.0,0.0,0.0,0.0,0.0,0.0,-100.0,0.0,100.0,0.0,0.0,0.0,0.0,0.0,0.0,0.0,0.0,0.0,0.0,0.0,0.0,0.0,0.0,0.0,0.0,0.0,0.0,0.0,0.0,0.0,-310.7138671875,0.0,310.71875,0.0,0.0,0.0,0.0,0.0,0.0,0.0,0.0,0.0,0.0,0.0,0.0,0.0,0.0,0.0,0.0,0.0,0.0,0.0,70067.0703125,29868.6884765625,-505.7138671875,0.0,505.71875,0.0,-100.0,0.0,0.7270111441612244,0.0,FL
325422,FL,1205,70.05012512207031,1,0.0,0.0,4.136351108551025,1,0,0.0,0.0,46662.95703125,23493.4375,0.0,0.0,0.0,23493.4375,0.0,0.0,0.0,0.0,0.0,0.0,0.0,0.0,0.0,0.0,0.0,0.0,0.0,0.0,0.0,0.0,0.0,0.0,0.0,0.0,0.0,0.0,0.0,0.0,0.0,0.0,0.0,0.0,0.0,0.0,0.0,0.0,0.0,0.0,0.0,0.0,0.0,0.0,0.0,0.0,0.0,0.0,0.0,0.0,0.0,0.0,0.0,0.0,0.0,0.0,0.0,0.0,0.0,0.0,0.0,0.0,0.0,0.0,0.0,0.0,0.0,0.0,0.0,0.0,0.0,0.0,0.0,0.0,0.0,0.0,0.0,0.0,0.0,0.0,0.0,0.0,0.0,0.0,0.0,0.0,0.0,0.0,0.0,0.0,0.0,0.0,46662.95703125,23493.4375,0.0,0.0,0.0,0.0,0.0,0.0,0.0,0.0,FL
325423,FL,1205,0.05170341581106186,1,0.0,15528.4296875,15529.2568359375,1,0,37.925682067871094,0.0,29190.990234375,1379.3399658203125,0.0,0.0,0.0,1379.3399658203125,0.0,0.0,0.0,0.0,-37.925682067871094,0.0,37.923828125,0.0,0.0,0.0,0.0,0.0,0.0,0.0,0.0,0.0,0.0,0.0,0.0,0.0,0.0,0.0,0.0,0.0,0.0,0.0,0.0,0.0,0.0,0.0,0.0,0.0,0.0,0.0,0.0,0.0,0.0,0.0,0.0,0.0,0.0,0.0,0.0,0.0,0.0,0.0,0.0,0.0,0.0,0.0,0.0,0.0,0.0,0.0,0.0,0.0,0.0,0.0,0.0,0.0,0.0,0.0,0.0,0.0,0.0,0.0,0.0,0.0,0.0,0.0,0.0,0.0,0.0,0.0,0.0,0.0,0.0,0.0,0.0,0.0,0.0,0.0,0.0,0.0,0.0,0.0,29228.9140625,1379.3399658203125,-37.925682067871094,0.0,37.923828125,0.0,-100.0,0.0,0.1299162060022354,0.0,FL
325424,FL,1205,31.277076721191406,2,0.0,12775.96484375,12999.328125,2,0,0.0,0.0,14890.62109375,0.0,2763.543212890625,0.0,0.0,2763.543212890625,0.0,0.0,0.0,0.0,0.0,0.0,0.0,0.0,0.0,0.0,0.0,0.0,0.0,0.0,0.0,0.0,0.0,0.0,0.0,0.0,0.0,0.0,0.0,0.0,0.0,0.0,0.0,0.0,0.0,0.0,0.0,0.0,0.0,0.0,0.0,0.0,0.0,0.0,0.0,0.0,0.0,0.0,0.0,0.0,0.0,0.0,0.0,0.0,0.0,0.0,0.0,0.0,0.0,0.0,0.0,0.0,0.0,0.0,0.0,0.0,0.0,0.0,0.0,0.0,0.0,0.0,0.0,0.0,0.0,0.0,0.0,0.0,0.0,0.0,0.0,0.0,0.0,0.0,0.0,0.0,0.0,0.0,0.0,0.0,0.0,0.0,14890.62109375,2763.543212890625,0.0,0.0,0.0,0.0,0.0,0.0,0.0,0.0,FL
325425,FL,1205,0.031865548342466354,2,0.0,66985.5078125,74226.625,2,0,4611.80517578125,0.0,67199.7890625,0.0,0.0,0.0,0.0,0.0,-10.0,0.0,10.0,0.0,-228.0,0.0,228.0,0.0,0.0,0.0,0.0,0.0,0.0,0.0,0.0,0.0,0.0,0.0,0.0,0.0,0.0,0.0,0.0,0.0,-426.610107421875,0.0,426.609375,0.0,0.0,0.0,0.0,0.0,0.0,0.0,0.0,0.0,0.0,0.0,0.0,0.0,0.0,0.0,0.0,0.0,0.0,0.0,0.0,0.0,0.0,0.0,0.0,0.0,0.0,0.0,0.0,0.0,0.0,0.0,0.0,0.0,0.0,0.0,0.0,0.0,0.0,0.0,0.0,0.0,0.0,0.0,0.0,0.0,0.0,0.0,0.0,0.0,0.0,0.0,0.0,0.0,0.0,0.0,0.0,0.0,3947.195068359375,0.0,67864.3984375,0.0,-664.610107421875,0.0,664.609375,0.0,-14.411062091522297,0.0,0.9890051484107971,0.0,FL
325426,FL,1205,136.16140747070312,2,0.0,0.0,0.0,2,0,0.0,0.0,51536.546875,16898.21875,26463.767578125,0.0,0.0,43361.986328125,0.0,0.0,0.0,0.0,0.0,0.0,0.0,0.0,0.0,0.0,0.0,0.0,0.0,0.0,0.0,0.0,0.0,0.0,0.0,0.0,0.0,0.0,0.0,0.0,0.0,0.0,0.0,0.0,0.0,0.0,0.0,0.0,0.0,0.0,0.0,0.0,0.0,0.0,0.0,0.0,0.0,0.0,0.0,0.0,0.0,0.0,0.0,0.0,0.0,0.0,0.0,0.0,0.0,0.0,0.0,0.0,0.0,0.0,0.0,0.0,0.0,0.0,0.0,0.0,0.0,0.0,0.0,0.0,0.0,0.0,0.0,0.0,0.0,0.0,0.0,0.0,0.0,0.0,0.0,0.0,0.0,0.0,0.0,0.0,0.0,0.0,51536.546875,43361.986328125,0.0,0.0,0.0,0.0,0.0,0.0,0.0,0.0,FL
325427,FL,1205,64.94679260253906,1,0.0,0.0,0.0,1,0,0.0,0.0,58096.0625,29048.03125,0.0,0.0,0.0,29048.03125,0.0,0.0,0.0,0.0,0.0,0.0,0.0,0.0,0.0,0.0,0.0,0.0,0.0,0.0,0.0,0.0,0.0,0.0,0.0,0.0,0.0,0.0,0.0,0.0,0.0,0.0,0.0,0.0,0.0,0.0,0.0,0.0,0.0,0.0,0.0,0.0,0.0,0.0,0.0,0.0,0.0,0.0,0.0,0.0,0.0,0.0,0.0,0.0,0.0,0.0,0.0,0.0,0.0,0.0,0.0,0.0,0.0,0.0,0.0,0.0,0.0,0.0,0.0,0.0,0.0,0.0,0.0,0.0,0.0,0.0,0.0,0.0,0.0,0.0,0.0,0.0,0.0,0.0,0.0,0.0,0.0,0.0,0.0,0.0,0.0,0.0,58096.0625,29048.03125,0.0,0.0,0.0,0.0,0.0,0.0,0.0,0.0,FL
325428,FL,1205,23.76414680480957,2,0.0,0.0,0.0,2,0,0.0,0.0,85818.421875,33417.54296875,0.0,19271.017578125,0.0,52688.560546875,0.0,0.0,0.0,0.0,0.0,0.0,0.0,0.0,0.0,0.0,0.0,0.0,0.0,0.0,0.0,0.0,0.0,0.0,0.0,0.0,0.0,0.0,0.0,0.0,0.0,0.0,0.0,0.0,0.0,0.0,0.0,0.0,0.0,0.0,0.0,0.0,0.0,0.0,0.0,0.0,0.0,0.0,0.0,0.0,0.0,0.0,0.0,0.0,0.0,0.0,0.0,0.0,0.0,0.0,0.0,0.0,0.0,0.0,0.0,0.0,0.0,0.0,0.0,0.0,0.0,0.0,0.0,0.0,0.0,0.0,0.0,0.0,0.0,0.0,0.0,0.0,0.0,0.0,0.0,0.0,0.0,0.0,0.0,0.0,0.0,0.0,85818.421875,52688.560546875,0.0,0.0,0.0,0.0,0.0,0.0,0.0,0.0,FL
325429,FL,1205,25.50436782836914,1,0.0,0.0,0.0,1,0,0.0,0.0,45036.5234375,17417.4140625,13231.8837890625,0.0,0.0,30649.2978515625,0.0,0.0,0.0,0.0,0.0,0.0,0.0,0.0,0.0,0.0,0.0,0.0,0.0,0.0,0.0,0.0,0.0,0.0,0.0,0.0,0.0,0.0,0.0,0.0,0.0,0.0,0.0,0.0,0.0,0.0,0.0,0.0,0.0,0.0,0.0,0.0,0.0,0.0,0.0,0.0,0.0,0.0,0.0,0.0,0.0,0.0,0.0,0.0,0.0,0.0,0.0,0.0,0.0,0.0,0.0,0.0,0.0,0.0,0.0,0.0,0.0,0.0,0.0,0.0,0.0,0.0,0.0,0.0,0.0,0.0,0.0,0.0,0.0,0.0,0.0,0.0,0.0,0.0,0.0,0.0,0.0,0.0,0.0,0.0,0.0,0.0,45036.5234375,30649.2978515625,0.0,0.0,0.0,0.0,0.0,0.0,0.0,0.0,FL
325430,FL,1205,2.125731945037842,2,1.0,18020.392578125,33243.07421875,2,0,-3934.720703125,0.0,66752.953125,21741.57421875,0.0,6329.66552734375,2285.38671875,30356.62646484375,0.0,0.0,0.0,0.0,-147.5,0.0,147.5,0.0,0.0,0.0,0.0,0.0,0.0,0.0,0.0,0.0,-200.0,0.0,200.0,0.0,0.0,0.0,0.0,0.0,0.0,0.0,0.0,0.0,0.0,0.0,0.0,0.0,0.0,0.0,0.0,0.0,0.0,0.0,0.0,0.0,-100.0,0.0,100.0,0.0,0.0,0.0,0.0,0.0,0.0,0.0,0.0,0.0,0.0,0.0,0.0,0.0,0.0,0.0,0.0,0.0,0.0,0.0,0.0,0.0,0.0,0.0,0.0,0.0,-242.115234375,0.0,242.1171875,0.0,0.0,0.0,0.0,0.0,0.0,0.0,0.0,0.0,0.0,0.0,0.0,0.0,-4624.3359375,0.0,67442.5703125,30356.62646484375,-689.615234375,0.0,689.6171875,0.0,-17.526408769682174,0.0,1.0330886840820312,0.0,FL
325431,FL,1205,21.833364486694336,1,0.0,0.0,2351.671630859375,1,0,0.0,0.0,41519.57421875,19892.208984375,0.0,0.0,0.0,19892.208984375,0.0,0.0,0.0,0.0,0.0,0.0,0.0,0.0,0.0,0.0,0.0,0.0,0.0,0.0,0.0,0.0,0.0,0.0,0.0,0.0,0.0,0.0,0.0,0.0,0.0,0.0,0.0,0.0,0.0,0.0,0.0,0.0,0.0,0.0,0.0,0.0,0.0,0.0,0.0,0.0,0.0,0.0,0.0,0.0,0.0,0.0,0.0,0.0,0.0,0.0,0.0,0.0,0.0,0.0,0.0,0.0,0.0,0.0,0.0,0.0,0.0,0.0,0.0,0.0,0.0,0.0,0.0,0.0,0.0,0.0,0.0,0.0,0.0,0.0,0.0,0.0,0.0,0.0,0.0,0.0,0.0,0.0,0.0,0.0,0.0,0.0,41519.57421875,19892.208984375,0.0,0.0,0.0,0.0,0.0,0.0,0.0,0.0,FL
325432,FL,1205,4.921115875244141,2,0.0,0.0,569747.3125,2,0,105417.5390625,0.0,503884.78125,23346.546875,0.0,0.0,0.0,23346.546875,-292.0,0.0,292.0,0.0,-456.0,0.0,456.0,0.0,0.0,0.0,0.0,0.0,0.0,0.0,0.0,0.0,0.0,0.0,0.0,0.0,0.0,0.0,0.0,0.0,0.0,0.0,0.0,0.0,0.0,0.0,0.0,0.0,0.0,0.0,0.0,0.0,0.0,0.0,0.0,0.0,-480.0,0.0,480.0,0.0,0.0,0.0,0.0,0.0,0.0,0.0,0.0,0.0,0.0,0.0,0.0,0.0,0.0,0.0,0.0,0.0,0.0,0.0,0.0,0.0,0.0,0.0,0.0,0.0,0.0,0.0,0.0,0.0,0.0,0.0,0.0,0.0,0.0,0.0,0.0,0.0,0.0,0.0,0.0,0.0,104189.5390625,0.0,505112.78125,23346.546875,-1228.0,0.0,1228.0,0.0,-1.164891545487457,0.0,0.24370650947093964,0.0,FL
325433,FL,1205,0.03292499855160713,6,4.0,230714.34375,230714.34375,6,0,45805.58984375,0.0,233592.671875,47925.45703125,14336.33056640625,0.0,0.0,62261.78759765625,-369.0,0.0,369.0,0.0,-304.0,0.0,304.0,0.0,0.0,0.0,0.0,0.0,0.0,0.0,0.0,0.0,0.0,0.0,0.0,0.0,0.0,0.0,0.0,0.0,0.0,0.0,0.0,0.0,0.0,0.0,0.0,0.0,0.0,0.0,0.0,0.0,0.0,0.0,0.0,0.0,0.0,0.0,0.0,0.0,0.0,0.0,0.0,0.0,0.0,0.0,0.0,0.0,0.0,0.0,0.0,0.0,0.0,0.0,0.0,0.0,0.0,0.0,0.0,0.0,0.0,0.0,0.0,0.0,0.0,0.0,0.0,0.0,0.0,0.0,0.0,0.0,0.0,0.0,0.0,0.0,0.0,0.0,0.0,0.0,45132.58984375,0.0,234265.671875,62261.78759765625,-673.0,0.0,673.0,0.0,-1.4692529935663046,0.0,0.28810834884643555,0.0,FL
325434,FL,1205,0.08067060261964798,1,0.0,0.0,10114.400390625,1,0,0.0,0.0,58898.00390625,24391.80078125,0.0,0.0,0.0,24391.80078125,0.0,0.0,0.0,0.0,0.0,0.0,0.0,0.0,0.0,0.0,0.0,0.0,0.0,0.0,0.0,0.0,0.0,0.0,0.0,0.0,0.0,0.0,0.0,0.0,0.0,0.0,0.0,0.0,0.0,0.0,0.0,0.0,0.0,0.0,0.0,0.0,0.0,0.0,0.0,0.0,0.0,0.0,0.0,0.0,0.0,0.0,0.0,0.0,0.0,0.0,0.0,0.0,0.0,0.0,0.0,0.0,0.0,0.0,0.0,0.0,0.0,0.0,0.0,0.0,0.0,0.0,0.0,0.0,0.0,0.0,0.0,0.0,0.0,0.0,0.0,0.0,0.0,0.0,0.0,0.0,0.0,0.0,0.0,0.0,0.0,0.0,58898.00390625,24391.80078125,0.0,0.0,0.0,0.0,0.0,0.0,0.0,0.0,FL
325435,FL,1205,206.91250610351562,1,0.0,0.0,303.608154296875,1,0,0.0,0.0,25208.80859375,10658.48828125,13231.8837890625,0.0,0.0,23890.3720703125,0.0,0.0,0.0,0.0,0.0,0.0,0.0,0.0,0.0,0.0,0.0,0.0,0.0,0.0,0.0,0.0,0.0,0.0,0.0,0.0,0.0,0.0,0.0,0.0,0.0,0.0,0.0,0.0,0.0,0.0,0.0,0.0,0.0,0.0,0.0,0.0,0.0,0.0,0.0,0.0,0.0,0.0,0.0,0.0,0.0,0.0,0.0,0.0,0.0,0.0,0.0,0.0,0.0,0.0,0.0,0.0,0.0,0.0,0.0,0.0,0.0,0.0,0.0,0.0,0.0,0.0,0.0,0.0,0.0,0.0,0.0,0.0,0.0,0.0,0.0,0.0,0.0,0.0,0.0,0.0,0.0,0.0,0.0,0.0,0.0,0.0,25208.80859375,23890.3720703125,0.0,0.0,0.0,0.0,0.0,0.0,0.0,0.0,FL
325436,FL,1205,0.030760515481233597,4,0.0,93493.19140625,95331.51171875,4,0,5000.7574462890625,0.0,89246.0859375,0.0,0.0,0.0,0.0,0.0,-15.0,0.0,15.0,0.0,-342.0001220703125,0.0,342.0,0.0,0.0,0.0,0.0,0.0,0.0,0.0,0.0,0.0,0.0,0.0,0.0,0.0,0.0,0.0,0.0,0.0,0.0,0.0,0.0,0.0,0.0,0.0,0.0,0.0,0.0,0.0,0.0,0.0,0.0,0.0,0.0,0.0,0.0,0.0,0.0,0.0,0.0,0.0,0.0,0.0,0.0,0.0,0.0,0.0,0.0,0.0,0.0,0.0,0.0,0.0,0.0,0.0,0.0,0.0,0.0,0.0,0.0,0.0,0.0,0.0,0.0,0.0,0.0,0.0,0.0,0.0,0.0,0.0,0.0,0.0,0.0,0.0,0.0,0.0,0.0,0.0,4643.75732421875,0.0,89603.0859375,0.0,-357.0001220703125,0.0,357.0,0.0,-7.1389209715666855,0.0,0.40001752972602844,0.0,FL
325437,FL,1205,0.21086443960666656,3,1.0,246310.8671875,338387.46875,2,1,60634.49609375,0.0,357691.5,0.0,0.0,0.0,0.0,0.0,-292.0,0.0,292.0,0.0,-456.0,0.0,456.0,0.0,0.0,0.0,0.0,0.0,0.0,0.0,0.0,0.0,-200.0,0.0,200.0,0.0,0.0,0.0,0.0,0.0,-1142.20703125,0.0,1142.21875,0.0,0.0,0.0,0.0,0.0,0.0,0.0,0.0,0.0,0.0,0.0,0.0,0.0,0.0,0.0,0.0,0.0,0.0,0.0,0.0,0.0,0.0,0.0,0.0,0.0,0.0,0.0,0.0,0.0,0.0,0.0,0.0,0.0,0.0,0.0,0.0,0.0,0.0,0.0,0.0,0.0,0.0,0.0,0.0,0.0,0.0,0.0,0.0,0.0,0.0,0.0,0.0,0.0,0.0,0.0,0.0,0.0,58544.2890625,0.0,359781.71875,0.0,-2090.20703125,0.0,2090.21875,0.0,-3.447224213784555,0.0,0.584363579750061,0.0,FL
325438,FL,1205,0.17427481710910797,2,0.0,274023.7890625,275645.25,2,0,44432.47265625,0.0,250364.84375,0.0,0.0,0.0,0.0,0.0,-292.0,0.0,292.0,0.0,-456.0,0.0,456.0,0.0,0.0,0.0,0.0,0.0,0.0,0.0,0.0,0.0,0.0,0.0,0.0,0.0,0.0,0.0,0.0,0.0,0.0,0.0,0.0,0.0,0.0,0.0,0.0,0.0,0.0,0.0,0.0,0.0,0.0,0.0,0.0,0.0,0.0,0.0,0.0,0.0,0.0,0.0,0.0,0.0,0.0,0.0,0.0,0.0,0.0,0.0,0.0,0.0,0.0,0.0,0.0,0.0,0.0,0.0,0.0,0.0,0.0,0.0,0.0,0.0,0.0,0.0,0.0,0.0,0.0,0.0,0.0,0.0,0.0,0.0,0.0,0.0,0.0,0.0,0.0,0.0,43684.47265625,0.0,251112.84375,0.0,-748.0,0.0,748.0,0.0,-1.6834534638368457,0.0,0.2987639904022217,0.0,FL
325439,FL,1205,0.12134429812431335,3,1.0,193916.2265625,335523.25,3,0,46390.21875,0.0,322803.71875,194.55667114257812,0.0,0.0,0.0,194.55667114257812,-292.0,0.0,292.0,0.0,0.0,0.0,0.0,0.0,0.0,0.0,0.0,0.0,0.0,0.0,0.0,0.0,-200.0,0.0,200.0,0.0,0.0,0.0,0.0,0.0,0.0,0.0,0.0,0.0,0.0,0.0,0.0,0.0,0.0,0.0,0.0,0.0,0.0,0.0,0.0,0.0,0.0,0.0,0.0,0.0,0.0,0.0,0.0,0.0,0.0,0.0,0.0,0.0,-1076.6015625,0.0,1076.59375,0.0,0.0,0.0,0.0,0.0,0.0,0.0,0.0,0.0,0.0,0.0,0.0,0.0,0.0,0.0,0.0,0.0,0.0,0.0,0.0,0.0,0.0,0.0,0.0,0.0,0.0,0.0,0.0,0.0,44821.6171875,0.0,324372.3125,194.55667114257812,-1568.6015625,0.0,1568.59375,0.0,-3.381319607379519,0.0,0.4859280288219452,0.0,FL
325440,FL,1205,156.02883911132812,2,0.0,0.0,0.0,2,0,0.0,0.0,63954.875,26264.705078125,13231.8837890625,0.0,0.0,39496.5888671875,0.0,0.0,0.0,0.0,0.0,0.0,0.0,0.0,0.0,0.0,0.0,0.0,0.0,0.0,0.0,0.0,0.0,0.0,0.0,0.0,0.0,0.0,0.0,0.0,0.0,0.0,0.0,0.0,0.0,0.0,0.0,0.0,0.0,0.0,0.0,0.0,0.0,0.0,0.0,0.0,0.0,0.0,0.0,0.0,0.0,0.0,0.0,0.0,0.0,0.0,0.0,0.0,0.0,0.0,0.0,0.0,0.0,0.0,0.0,0.0,0.0,0.0,0.0,0.0,0.0,0.0,0.0,0.0,0.0,0.0,0.0,0.0,0.0,0.0,0.0,0.0,0.0,0.0,0.0,0.0,0.0,0.0,0.0,0.0,0.0,0.0,63954.875,39496.5888671875,0.0,0.0,0.0,0.0,0.0,0.0,0.0,0.0,FL
325441,FL,1205,1.9075658321380615,1,0.0,0.0,0.0,1,0,0.0,0.0,0.0,0.0,0.0,0.0,0.0,0.0,0.0,0.0,0.0,0.0,0.0,0.0,0.0,0.0,0.0,0.0,0.0,0.0,0.0,0.0,0.0,0.0,0.0,0.0,0.0,0.0,0.0,0.0,0.0,0.0,0.0,0.0,0.0,0.0,0.0,0.0,0.0,0.0,0.0,0.0,0.0,0.0,0.0,0.0,0.0,0.0,0.0,0.0,0.0,0.0,0.0,0.0,0.0,0.0,0.0,0.0,0.0,0.0,0.0,0.0,0.0,0.0,0.0,0.0,0.0,0.0,0.0,0.0,0.0,0.0,0.0,0.0,0.0,0.0,0.0,0.0,0.0,0.0,0.0,0.0,0.0,0.0,0.0,0.0,0.0,0.0,0.0,0.0,0.0,0.0,0.0,0.0,0.0,0.0,0.0,0.0,0.0,0.0,0.0,0.0,0.0,0.0,FL
325442,FL,1205,145.83506774902344,3,2.0,0.0,0.0,3,0,0.0,0.0,21020.89453125,2261.924560546875,18758.97021484375,0.0,0.0,21020.894775390625,0.0,0.0,0.0,0.0,0.0,0.0,0.0,0.0,0.0,0.0,0.0,0.0,0.0,0.0,0.0,0.0,0.0,0.0,0.0,0.0,0.0,0.0,0.0,0.0,0.0,0.0,0.0,0.0,0.0,0.0,0.0,0.0,0.0,0.0,0.0,0.0,0.0,0.0,0.0,0.0,0.0,0.0,0.0,0.0,0.0,0.0,0.0,0.0,0.0,0.0,0.0,0.0,0.0,0.0,0.0,0.0,0.0,0.0,0.0,0.0,0.0,0.0,0.0,0.0,0.0,0.0,0.0,0.0,0.0,0.0,0.0,0.0,0.0,0.0,0.0,0.0,0.0,0.0,0.0,0.0,0.0,0.0,0.0,0.0,0.0,0.0,21020.89453125,21020.894775390625,0.0,0.0,0.0,0.0,0.0,0.0,0.0,0.0,FL
325443,FL,1205,0.030862528830766678,3,1.0,300012.4150390625,290720.8125,3,0,45988.99609375,0.0,241878.90625,0.0,0.0,0.0,0.0,0.0,-292.0,0.0,292.0,0.0,-456.0,0.0,456.0,0.0,0.0,0.0,0.0,0.0,0.0,0.0,0.0,0.0,-200.0,0.0,200.0,0.0,0.0,0.0,0.0,0.0,0.0,0.0,0.0,0.0,0.0,0.0,0.0,0.0,0.0,0.0,0.0,0.0,0.0,0.0,0.0,0.0,0.0,0.0,0.0,0.0,0.0,0.0,0.0,0.0,0.0,0.0,0.0,0.0,0.0,0.0,0.0,0.0,0.0,0.0,0.0,0.0,0.0,0.0,0.0,0.0,0.0,0.0,0.0,0.0,0.0,0.0,0.0,0.0,0.0,0.0,0.0,0.0,0.0,0.0,0.0,0.0,0.0,0.0,0.0,0.0,45040.99609375,0.0,242826.90625,0.0,-948.0,0.0,948.0,0.0,-2.061362674817847,0.0,0.3919316530227661,0.0,FL
325444,FL,1205,0.03203817084431648,8,2.0,173085.54296875,173085.5390625,8,0,8526.264404296875,0.0,180325.21875,0.0,0.0,0.0,0.0,0.0,-20.0,0.0,20.0,0.0,-456.0,0.0,456.0,0.0,0.0,0.0,0.0,0.0,0.0,0.0,0.0,0.0,-400.0,0.0,400.0,0.0,0.0,0.0,0.0,0.0,0.0,0.0,0.0,0.0,0.0,0.0,0.0,0.0,0.0,0.0,0.0,0.0,0.0,0.0,0.0,0.0,0.0,0.0,0.0,0.0,0.0,0.0,0.0,0.0,0.0,0.0,0.0,0.0,0.0,0.0,0.0,0.0,0.0,0.0,0.0,0.0,-880.10400390625,0.0,880.109375,0.0,0.0,0.0,0.0,0.0,-45.720458984375,0.0,45.71875,0.0,0.0,0.0,0.0,0.0,0.0,0.0,0.0,0.0,0.0,0.0,0.0,0.0,6724.43994140625,0.0,182127.046875,0.0,-1801.824462890625,0.0,1801.828125,0.0,-21.13263649180973,0.0,0.9992102980613708,0.0,FL
325445,FL,1205,207.89041137695312,2,0.0,3579.586669921875,3591.99560546875,2,0,0.0,0.0,96736.171875,45592.25,0.0,0.0,0.0,45592.25,0.0,0.0,0.0,0.0,0.0,0.0,0.0,0.0,0.0,0.0,0.0,0.0,0.0,0.0,0.0,0.0,0.0,0.0,0.0,0.0,0.0,0.0,0.0,0.0,0.0,0.0,0.0,0.0,0.0,0.0,0.0,0.0,0.0,0.0,0.0,0.0,0.0,0.0,0.0,0.0,0.0,0.0,0.0,0.0,0.0,0.0,0.0,0.0,0.0,0.0,0.0,0.0,0.0,0.0,0.0,0.0,0.0,0.0,0.0,0.0,0.0,0.0,0.0,0.0,0.0,0.0,0.0,0.0,0.0,0.0,0.0,0.0,0.0,0.0,0.0,0.0,0.0,0.0,0.0,0.0,0.0,0.0,0.0,0.0,0.0,0.0,96736.171875,45592.25,0.0,0.0,0.0,0.0,0.0,0.0,0.0,0.0,FL
325446,FL,1205,6.57723331451416,1,0.0,0.0,523.6620483398438,1,0,0.0,0.0,1100.09130859375,330.0,0.0,0.0,0.0,330.0,0.0,0.0,0.0,0.0,0.0,0.0,0.0,0.0,0.0,0.0,0.0,0.0,0.0,0.0,0.0,0.0,0.0,0.0,0.0,0.0,0.0,0.0,0.0,0.0,0.0,0.0,0.0,0.0,0.0,0.0,0.0,0.0,0.0,0.0,0.0,0.0,0.0,0.0,0.0,0.0,0.0,0.0,0.0,0.0,0.0,0.0,0.0,0.0,0.0,0.0,0.0,0.0,0.0,0.0,0.0,0.0,0.0,0.0,0.0,0.0,0.0,0.0,0.0,0.0,0.0,0.0,0.0,0.0,0.0,0.0,0.0,0.0,0.0,0.0,0.0,0.0,0.0,0.0,0.0,0.0,0.0,0.0,0.0,0.0,0.0,0.0,1100.09130859375,330.0,0.0,0.0,0.0,0.0,0.0,0.0,0.0,0.0,FL
325447,FL,1205,106.79463195800781,3,0.0,40418.505859375,40419.333984375,3,0,10.6884765625,0.0,50878.90234375,330.0,13231.8837890625,0.0,0.0,13561.8837890625,0.0,0.0,0.0,0.0,-10.6884765625,0.0,10.6875,0.0,0.0,0.0,0.0,0.0,0.0,0.0,0.0,0.0,0.0,0.0,0.0,0.0,0.0,0.0,0.0,0.0,0.0,0.0,0.0,0.0,0.0,0.0,0.0,0.0,0.0,0.0,0.0,0.0,0.0,0.0,0.0,0.0,0.0,0.0,0.0,0.0,0.0,0.0,0.0,0.0,0.0,0.0,0.0,0.0,0.0,0.0,0.0,0.0,0.0,0.0,0.0,0.0,0.0,0.0,0.0,0.0,0.0,0.0,0.0,0.0,0.0,0.0,0.0,0.0,0.0,0.0,0.0,0.0,0.0,0.0,0.0,0.0,0.0,0.0,0.0,0.0,0.0,0.0,50889.58984375,13561.8837890625,-10.6884765625,0.0,10.6875,0.0,-100.0,0.0,0.02100575901567936,0.0,FL
325448,FL,1205,66.75334930419922,1,0.0,0.0,0.0,1,0,0.0,0.0,59380.01171875,29690.005859375,0.0,0.0,0.0,29690.005859375,0.0,0.0,0.0,0.0,0.0,0.0,0.0,0.0,0.0,0.0,0.0,0.0,0.0,0.0,0.0,0.0,0.0,0.0,0.0,0.0,0.0,0.0,0.0,0.0,0.0,0.0,0.0,0.0,0.0,0.0,0.0,0.0,0.0,0.0,0.0,0.0,0.0,0.0,0.0,0.0,0.0,0.0,0.0,0.0,0.0,0.0,0.0,0.0,0.0,0.0,0.0,0.0,0.0,0.0,0.0,0.0,0.0,0.0,0.0,0.0,0.0,0.0,0.0,0.0,0.0,0.0,0.0,0.0,0.0,0.0,0.0,0.0,0.0,0.0,0.0,0.0,0.0,0.0,0.0,0.0,0.0,0.0,0.0,0.0,0.0,0.0,59380.01171875,29690.005859375,0.0,0.0,0.0,0.0,0.0,0.0,0.0,0.0,FL
325449,FL,1205,19.770509719848633,2,0.0,0.0,0.0,2,0,0.0,0.0,77897.5390625,26190.728515625,26463.767578125,0.0,0.0,52654.49609375,0.0,0.0,0.0,0.0,0.0,0.0,0.0,0.0,0.0,0.0,0.0,0.0,0.0,0.0,0.0,0.0,0.0,0.0,0.0,0.0,0.0,0.0,0.0,0.0,0.0,0.0,0.0,0.0,0.0,0.0,0.0,0.0,0.0,0.0,0.0,0.0,0.0,0.0,0.0,0.0,0.0,0.0,0.0,0.0,0.0,0.0,0.0,0.0,0.0,0.0,0.0,0.0,0.0,0.0,0.0,0.0,0.0,0.0,0.0,0.0,0.0,0.0,0.0,0.0,0.0,0.0,0.0,0.0,0.0,0.0,0.0,0.0,0.0,0.0,0.0,0.0,0.0,0.0,0.0,0.0,0.0,0.0,0.0,0.0,0.0,0.0,77897.5390625,52654.49609375,0.0,0.0,0.0,0.0,0.0,0.0,0.0,0.0,FL
325450,FL,1205,20.055932998657227,1,0.0,0.0,0.8272702097892761,1,0,0.0,0.0,31987.326171875,16761.806640625,0.0,0.0,0.0,16761.806640625,0.0,0.0,0.0,0.0,0.0,0.0,0.0,0.0,0.0,0.0,0.0,0.0,0.0,0.0,0.0,0.0,0.0,0.0,0.0,0.0,0.0,0.0,0.0,0.0,0.0,0.0,0.0,0.0,0.0,0.0,0.0,0.0,0.0,0.0,0.0,0.0,0.0,0.0,0.0,0.0,0.0,0.0,0.0,0.0,0.0,0.0,0.0,0.0,0.0,0.0,0.0,0.0,0.0,0.0,0.0,0.0,0.0,0.0,0.0,0.0,0.0,0.0,0.0,0.0,0.0,0.0,0.0,0.0,0.0,0.0,0.0,0.0,0.0,0.0,0.0,0.0,0.0,0.0,0.0,0.0,0.0,0.0,0.0,0.0,0.0,0.0,31987.326171875,16761.806640625,0.0,0.0,0.0,0.0,0.0,0.0,0.0,0.0,FL
325451,FL,1205,0.15816769003868103,3,1.0,181668.91796875,183003.3125,3,0,20648.728515625,0.0,170669.9375,0.0,0.0,0.0,0.0,0.0,-230.0,0.0,230.0,0.0,-418.0,0.0,418.0,0.0,0.0,0.0,0.0,0.0,0.0,0.0,0.0,0.0,-200.0,0.0,200.0,0.0,0.0,0.0,0.0,0.0,0.0,0.0,0.0,0.0,0.0,0.0,0.0,0.0,0.0,0.0,0.0,0.0,0.0,0.0,0.0,0.0,0.0,0.0,0.0,0.0,0.0,0.0,0.0,0.0,0.0,0.0,0.0,0.0,0.0,0.0,0.0,0.0,0.0,0.0,0.0,0.0,0.0,0.0,0.0,0.0,0.0,0.0,0.0,0.0,0.0,0.0,0.0,0.0,0.0,0.0,0.0,0.0,0.0,0.0,0.0,0.0,0.0,0.0,0.0,0.0,19800.728515625,0.0,171517.9375,0.0,-848.0,0.0,848.0,0.0,-4.106790398054359,0.0,0.49686548113822937,0.0,FL
325452,FL,1205,1.5237106084823608,2,0.0,0.0,500870.4375,2,0,103839.90625,0.0,543959.125,68666.3125,0.0,0.0,0.0,68666.3125,-764.0,0.0,764.0,0.0,-608.0,0.0,608.0,0.0,0.0,0.0,0.0,0.0,0.0,0.0,0.0,0.0,0.0,0.0,0.0,0.0,0.0,0.0,0.0,0.0,0.0,0.0,0.0,0.0,0.0,0.0,0.0,0.0,0.0,0.0,0.0,0.0,0.0,0.0,0.0,0.0,0.0,0.0,0.0,0.0,0.0,0.0,0.0,0.0,0.0,0.0,0.0,0.0,0.0,0.0,0.0,0.0,0.0,0.0,0.0,0.0,0.0,0.0,0.0,0.0,0.0,0.0,0.0,0.0,0.0,0.0,0.0,0.0,0.0,0.0,0.0,0.0,0.0,0.0,0.0,0.0,0.0,0.0,0.0,0.0,102467.90625,0.0,545331.125,68666.3125,-1372.0,0.0,1372.0,0.0,-1.3212646751595079,0.0,0.2522248327732086,0.0,FL
325453,FL,1205,0.033084917813539505,4,2.0,96496.046875,96578.7734375,1,3,3467.45263671875,0.0,91356.859375,0.0,0.0,0.0,0.0,0.0,-10.0,0.0,10.0,0.0,-228.0,0.0,228.0,0.0,0.0,0.0,0.0,0.0,4000.0,0.0,-4000.0,0.0,0.0,0.0,0.0,0.0,0.0,0.0,0.0,0.0,0.0,0.0,0.0,0.0,0.0,0.0,0.0,0.0,0.0,0.0,0.0,0.0,0.0,0.0,0.0,0.0,0.0,0.0,0.0,0.0,0.0,0.0,0.0,0.0,0.0,0.0,0.0,0.0,0.0,0.0,0.0,0.0,0.0,0.0,0.0,0.0,0.0,0.0,0.0,0.0,0.0,0.0,0.0,0.0,-31.51806640625,0.0,31.515625,0.0,0.0,0.0,0.0,0.0,0.0,0.0,0.0,0.0,0.0,0.0,0.0,0.0,7197.9345703125,0.0,87626.375,0.0,3730.48193359375,0.0,-3730.484375,0.0,107.58566372586142,0.0,-4.0834197998046875,0.0,FL
325454,FL,1205,102.1064453125,2,0.0,0.0,0.0,2,0,0.0,0.0,88718.078125,37537.5859375,0.0,13642.908203125,0.0,51180.494140625,0.0,0.0,0.0,0.0,0.0,0.0,0.0,0.0,0.0,0.0,0.0,0.0,0.0,0.0,0.0,0.0,0.0,0.0,0.0,0.0,0.0,0.0,0.0,0.0,0.0,0.0,0.0,0.0,0.0,0.0,0.0,0.0,0.0,0.0,0.0,0.0,0.0,0.0,0.0,0.0,0.0,0.0,0.0,0.0,0.0,0.0,0.0,0.0,0.0,0.0,0.0,0.0,0.0,0.0,0.0,0.0,0.0,0.0,0.0,0.0,0.0,0.0,0.0,0.0,0.0,0.0,0.0,0.0,0.0,0.0,0.0,0.0,0.0,0.0,0.0,0.0,0.0,0.0,0.0,0.0,0.0,0.0,0.0,0.0,0.0,0.0,88718.078125,51180.494140625,0.0,0.0,0.0,0.0,0.0,0.0,0.0,0.0,FL
325455,FL,1205,2.859023332595825,3,1.0,225331.6171875,848371.9375,2,1,210165.40625,0.0,697704.125,0.0,0.0,0.0,0.0,0.0,-749.0,0.0,749.0,0.0,-760.0,0.0,760.0,0.0,0.0,0.0,0.0,0.0,0.0,0.0,0.0,0.0,0.0,0.0,0.0,0.0,0.0,0.0,0.0,0.0,0.0,0.0,0.0,0.0,0.0,0.0,0.0,0.0,0.0,0.0,0.0,0.0,0.0,0.0,0.0,0.0,0.0,0.0,0.0,0.0,0.0,0.0,0.0,0.0,0.0,0.0,0.0,0.0,0.0,0.0,0.0,0.0,0.0,0.0,0.0,0.0,0.0,0.0,0.0,0.0,0.0,0.0,0.0,0.0,0.0,0.0,0.0,0.0,0.0,0.0,0.0,0.0,0.0,0.0,0.0,0.0,0.0,0.0,0.0,0.0,208656.40625,0.0,699213.125,0.0,-1509.0,0.0,1509.0,0.0,-0.7180058920852964,0.0,0.21628078818321228,0.0,FL
325456,FL,1205,0.07207711786031723,6,3.9999999999999996,91543.0,481433.18749999994,4,2,69841.609375,0.0,423398.96875,0.0,0.0,0.0,0.0,0.0,-292.0,0.0,292.0,0.0,0.0,0.0,0.0,0.0,0.0,0.0,0.0,0.0,0.0,0.0,0.0,0.0,-800.0,0.0,800.0,0.0,0.0,0.0,0.0,0.0,0.0,0.0,0.0,0.0,0.0,0.0,0.0,0.0,0.0,0.0,0.0,0.0,0.0,0.0,0.0,0.0,-169.25,0.0,169.25,0.0,0.0,0.0,0.0,0.0,0.0,0.0,0.0,0.0,0.0,0.0,0.0,0.0,0.0,0.0,0.0,0.0,0.0,0.0,0.0,0.0,0.0,0.0,0.0,0.0,0.0,0.0,0.0,0.0,0.0,0.0,0.0,0.0,0.0,0.0,0.0,0.0,0.0,0.0,0.0,0.0,68580.359375,0.0,424660.21875,0.0,-1261.25,0.0,1261.25,0.0,-1.805871902561667,0.0,0.2978868782520294,0.0,FL
325457,FL,1205,0.2783444821834564,4,2.0,4092.90234375,205674.1875,4,0,22419.77734375,0.0,260998.703125,56623.5703125,0.0,0.0,0.0,56623.5703125,-230.0,0.0,230.0,0.0,-418.0,0.0,418.0,0.0,0.0,0.0,0.0,0.0,0.0,0.0,0.0,0.0,-400.0,0.0,400.0,0.0,0.0,0.0,0.0,0.0,-969.330078125,0.0,969.328125,0.0,0.0,0.0,0.0,0.0,0.0,0.0,0.0,0.0,0.0,0.0,0.0,0.0,-440.0,0.0,440.0,0.0,0.0,0.0,0.0,0.0,0.0,0.0,0.0,0.0,0.0,0.0,0.0,0.0,0.0,0.0,0.0,0.0,0.0,0.0,0.0,0.0,0.0,0.0,0.0,0.0,0.0,0.0,0.0,0.0,0.0,0.0,0.0,0.0,0.0,0.0,0.0,0.0,0.0,0.0,0.0,0.0,19962.447265625,0.0,263456.03125,56623.5703125,-2457.330078125,0.0,2457.328125,0.0,-10.960546308949112,0.0,0.9415097236633301,0.0,FL
325458,FL,1205,76.68624114990234,3,0.0,50817.53515625,50825.80859375,3,0,16.309667587280273,0.0,77199.578125,3755.9326171875,26463.767578125,0.0,0.0,30219.7001953125,0.0,0.0,0.0,0.0,-16.309667587280273,0.0,16.3125,0.0,0.0,0.0,0.0,0.0,0.0,0.0,0.0,0.0,0.0,0.0,0.0,0.0,0.0,0.0,0.0,0.0,0.0,0.0,0.0,0.0,0.0,0.0,0.0,0.0,0.0,0.0,0.0,0.0,0.0,0.0,0.0,0.0,0.0,0.0,0.0,0.0,0.0,0.0,0.0,0.0,0.0,0.0,0.0,0.0,0.0,0.0,0.0,0.0,0.0,0.0,0.0,0.0,0.0,0.0,0.0,0.0,0.0,0.0,0.0,0.0,0.0,0.0,0.0,0.0,0.0,0.0,0.0,0.0,0.0,0.0,0.0,0.0,0.0,0.0,0.0,0.0,0.0,0.0,77215.890625,30219.7001953125,-16.309667587280273,0.0,16.3125,0.0,-100.0,0.0,0.02113029547035694,0.0,FL
325459,FL,1205,0.08008810877799988,3,0.0,172902.27734375,173853.23046875,3,0,16714.45233154297,0.0,161231.546875,0.0,0.0,6319.54443359375,0.0,6319.54443359375,-230.0,0.0,230.0,0.0,-297.943359375,0.0,297.9375,0.0,0.0,0.0,0.0,0.0,0.0,0.0,0.0,0.0,0.0,0.0,0.0,0.0,0.0,0.0,0.0,0.0,0.0,0.0,0.0,0.0,0.0,0.0,0.0,0.0,0.0,0.0,0.0,0.0,0.0,0.0,0.0,0.0,-440.0,0.0,440.0,0.0,0.0,0.0,0.0,0.0,0.0,0.0,0.0,0.0,0.0,0.0,0.0,0.0,0.0,0.0,0.0,0.0,0.0,0.0,0.0,0.0,0.0,0.0,0.0,0.0,0.0,0.0,0.0,0.0,0.0,0.0,0.0,0.0,0.0,0.0,0.0,0.0,0.0,0.0,0.0,0.0,15746.508972167969,0.0,162199.484375,6319.54443359375,-967.943359375,0.0,967.9375,0.0,-5.79105638746134,0.0,0.6003400087356567,0.0,FL
325460,FL,1205,97.53002166748047,3,1.0,29036.283203125,29037.939453125,1,2,0.0,0.0,43488.296875,1460.9622802734375,2763.543212890625,12446.349609375,0.0,16670.855102539062,0.0,0.0,0.0,0.0,0.0,0.0,0.0,0.0,0.0,0.0,0.0,0.0,0.0,0.0,0.0,0.0,0.0,0.0,0.0,0.0,0.0,0.0,0.0,0.0,0.0,0.0,0.0,0.0,0.0,0.0,0.0,0.0,0.0,0.0,0.0,0.0,0.0,0.0,0.0,0.0,0.0,0.0,0.0,0.0,0.0,0.0,0.0,0.0,0.0,0.0,0.0,0.0,0.0,0.0,0.0,0.0,0.0,0.0,0.0,0.0,0.0,0.0,0.0,0.0,0.0,0.0,0.0,0.0,0.0,0.0,0.0,0.0,0.0,0.0,0.0,0.0,0.0,0.0,0.0,0.0,0.0,0.0,0.0,0.0,0.0,0.0,43488.296875,16670.855102539062,0.0,0.0,0.0,0.0,0.0,0.0,0.0,0.0,FL
325461,FL,1205,0.06007448211312294,5,3.0,58072.56640625,34846.84765625,5,0,-11035.595703125,0.0,92423.0546875,8993.6123046875,18758.97021484375,0.0,0.0,27752.58251953125,0.0,0.0,0.0,0.0,0.0,0.0,0.0,0.0,0.0,0.0,0.0,0.0,0.0,0.0,0.0,0.0,200.0,0.0,-200.0,0.0,0.0,0.0,0.0,0.0,0.0,0.0,0.0,0.0,0.0,0.0,0.0,0.0,0.0,0.0,0.0,0.0,0.0,0.0,0.0,0.0,0.0,0.0,0.0,0.0,0.0,0.0,0.0,0.0,0.0,0.0,0.0,0.0,0.0,0.0,0.0,0.0,0.0,0.0,0.0,0.0,0.0,0.0,0.0,0.0,0.0,0.0,0.0,0.0,0.0,0.0,0.0,0.0,0.0,0.0,0.0,0.0,0.0,0.0,0.0,0.0,0.0,0.0,0.0,0.0,-10835.595703125,0.0,92223.0546875,27752.58251953125,200.0,0.0,-200.0,0.0,1.812317208606737,0.0,-0.21639622747898102,0.0,FL
325462,FL,1205,11.489562034606934,1,0.0,10235.0908203125,10235.0908203125,1,0,0.0,0.0,9902.3681640625,0.0,0.0,0.0,0.0,0.0,0.0,0.0,0.0,0.0,0.0,0.0,0.0,0.0,0.0,0.0,0.0,0.0,0.0,0.0,0.0,0.0,0.0,0.0,0.0,0.0,0.0,0.0,0.0,0.0,0.0,0.0,0.0,0.0,0.0,0.0,0.0,0.0,0.0,0.0,0.0,0.0,0.0,0.0,0.0,0.0,0.0,0.0,0.0,0.0,0.0,0.0,0.0,0.0,0.0,0.0,0.0,0.0,0.0,0.0,0.0,0.0,0.0,0.0,0.0,0.0,0.0,0.0,0.0,0.0,0.0,0.0,0.0,0.0,0.0,0.0,0.0,0.0,0.0,0.0,0.0,0.0,0.0,0.0,0.0,0.0,0.0,0.0,0.0,0.0,0.0,0.0,9902.3681640625,0.0,0.0,0.0,0.0,0.0,0.0,0.0,0.0,0.0,FL
325463,FL,1205,6.3145599365234375,5,3.0,235939.49609375,1406106.125,5,0,386265.71875,0.0,1035134.25,0.0,0.0,0.0,0.0,0.0,-734.0,0.0,734.0,0.0,-703.0,0.0,703.0,0.0,0.0,0.0,0.0,0.0,0.0,0.0,0.0,0.0,0.0,0.0,0.0,0.0,0.0,0.0,0.0,0.0,0.0,0.0,0.0,0.0,0.0,0.0,0.0,0.0,0.0,0.0,0.0,0.0,0.0,0.0,0.0,0.0,0.0,0.0,0.0,0.0,0.0,0.0,0.0,0.0,0.0,0.0,0.0,0.0,0.0,0.0,0.0,0.0,0.0,0.0,0.0,0.0,0.0,0.0,0.0,0.0,0.0,0.0,0.0,0.0,0.0,0.0,0.0,0.0,0.0,0.0,0.0,0.0,0.0,0.0,0.0,0.0,0.0,0.0,0.0,0.0,384828.71875,0.0,1036571.25,0.0,-1437.0,0.0,1437.0,0.0,-0.37202369515221184,0.0,0.13882257044315338,0.0,FL
325464,FL,1205,0.06825831532478333,3,0.0,171516.345703125,173890.607421875,3,0,16046.1875,0.0,154349.328125,0.0,0.0,0.0,0.0,0.0,-235.0,0.0,235.0,0.0,-532.0,0.0,532.0,0.0,0.0,0.0,0.0,0.0,0.0,0.0,0.0,0.0,0.0,0.0,0.0,0.0,0.0,0.0,0.0,0.0,0.0,0.0,0.0,0.0,0.0,0.0,0.0,0.0,0.0,0.0,0.0,0.0,0.0,0.0,0.0,0.0,-440.0,0.0,440.0,0.0,0.0,0.0,0.0,0.0,0.0,0.0,0.0,0.0,0.0,0.0,0.0,0.0,-1573.4990234375,0.0,1573.5,0.0,-2024.1689453125,0.0,2024.171875,0.0,0.0,0.0,0.0,0.0,0.0,0.0,0.0,0.0,0.0,0.0,0.0,0.0,0.0,0.0,0.0,0.0,0.0,0.0,0.0,0.0,11241.51953125,0.0,159154.0,0.0,-4804.66796875,0.0,4804.671875,0.0,-29.942738539917972,0.0,3.1128556728363037,0.0,FL
325465,FL,1205,13.201781272888184,1,0.0,0.0,12.409052848815918,1,0,0.0,0.0,18.248607635498047,0.0,0.0,0.0,0.0,0.0,0.0,0.0,0.0,0.0,0.0,0.0,0.0,0.0,0.0,0.0,0.0,0.0,0.0,0.0,0.0,0.0,0.0,0.0,0.0,0.0,0.0,0.0,0.0,0.0,0.0,0.0,0.0,0.0,0.0,0.0,0.0,0.0,0.0,0.0,0.0,0.0,0.0,0.0,0.0,0.0,0.0,0.0,0.0,0.0,0.0,0.0,0.0,0.0,0.0,0.0,0.0,0.0,0.0,0.0,0.0,0.0,0.0,0.0,0.0,0.0,0.0,0.0,0.0,0.0,0.0,0.0,0.0,0.0,0.0,0.0,0.0,0.0,0.0,0.0,0.0,0.0,0.0,0.0,0.0,0.0,0.0,0.0,0.0,0.0,0.0,0.0,18.248607635498047,0.0,0.0,0.0,0.0,0.0,0.0,0.0,0.0,0.0,FL
325466,FL,1205,66.76997375488281,1,0.0,11418.0205078125,11418.0205078125,1,0,0.0,0.0,13225.935546875,1555.7396240234375,0.0,0.0,0.0,1555.7396240234375,0.0,0.0,0.0,0.0,0.0,0.0,0.0,0.0,0.0,0.0,0.0,0.0,0.0,0.0,0.0,0.0,0.0,0.0,0.0,0.0,0.0,0.0,0.0,0.0,0.0,0.0,0.0,0.0,0.0,0.0,0.0,0.0,0.0,0.0,0.0,0.0,0.0,0.0,0.0,0.0,0.0,0.0,0.0,0.0,0.0,0.0,0.0,0.0,0.0,0.0,0.0,0.0,0.0,0.0,0.0,0.0,0.0,0.0,0.0,0.0,0.0,0.0,0.0,0.0,0.0,0.0,0.0,0.0,0.0,0.0,0.0,0.0,0.0,0.0,0.0,0.0,0.0,0.0,0.0,0.0,0.0,0.0,0.0,0.0,0.0,0.0,13225.935546875,1555.7396240234375,0.0,0.0,0.0,0.0,0.0,0.0,0.0,0.0,FL
325467,FL,1205,0.08585397899150848,4,1.0,341611.875,391394.11328125006,4,0,64791.79577636719,0.0,303744.59375,0.0,0.0,0.0,0.0,0.0,-297.0,0.0,297.0,0.0,-570.0,0.0,570.0,0.0,0.0,0.0,0.0,0.0,0.0,0.0,0.0,0.0,0.0,0.0,0.0,0.0,0.0,0.0,0.0,0.0,-169.05859375,0.0,169.0625,0.0,0.0,0.0,0.0,0.0,0.0,0.0,0.0,0.0,0.0,0.0,0.0,0.0,0.0,0.0,0.0,0.0,0.0,0.0,0.0,0.0,0.0,0.0,0.0,0.0,0.0,0.0,0.0,0.0,0.0,0.0,0.0,0.0,0.0,0.0,0.0,0.0,0.0,0.0,0.0,0.0,0.0,0.0,0.0,0.0,0.0,0.0,0.0,0.0,0.0,0.0,0.0,0.0,0.0,0.0,0.0,0.0,63755.73718261719,0.0,304780.65625,0.0,-1036.05859375,0.0,1036.0625,0.0,-1.599058308749489,0.0,0.3410966098308563,0.0,FL
325468,FL,1205,158.5260467529297,2,0.0,0.0,166.28131073713303,2,0,0.0,0.0,100226.78125,50007.3359375,0.0,0.0,0.0,50007.3359375,0.0,0.0,0.0,0.0,0.0,0.0,0.0,0.0,0.0,0.0,0.0,0.0,0.0,0.0,0.0,0.0,0.0,0.0,0.0,0.0,0.0,0.0,0.0,0.0,0.0,0.0,0.0,0.0,0.0,0.0,0.0,0.0,0.0,0.0,0.0,0.0,0.0,0.0,0.0,0.0,0.0,0.0,0.0,0.0,0.0,0.0,0.0,0.0,0.0,0.0,0.0,0.0,0.0,0.0,0.0,0.0,0.0,0.0,0.0,0.0,0.0,0.0,0.0,0.0,0.0,0.0,0.0,0.0,0.0,0.0,0.0,0.0,0.0,0.0,0.0,0.0,0.0,0.0,0.0,0.0,0.0,0.0,0.0,0.0,0.0,0.0,100226.78125,50007.3359375,0.0,0.0,0.0,0.0,0.0,0.0,0.0,0.0,FL
325469,FL,1205,78.60346221923828,2,0.0,31359.185546875,31359.185546875,1,1,0.0,0.0,61396.5859375,1587.021484375,13231.8837890625,17617.47265625,0.0,32436.3779296875,0.0,0.0,0.0,0.0,0.0,0.0,0.0,0.0,0.0,0.0,0.0,0.0,0.0,0.0,0.0,0.0,0.0,0.0,0.0,0.0,0.0,0.0,0.0,0.0,0.0,0.0,0.0,0.0,0.0,0.0,0.0,0.0,0.0,0.0,0.0,0.0,0.0,0.0,0.0,0.0,0.0,0.0,0.0,0.0,0.0,0.0,0.0,0.0,0.0,0.0,0.0,0.0,0.0,0.0,0.0,0.0,0.0,0.0,0.0,0.0,0.0,0.0,0.0,0.0,0.0,0.0,0.0,0.0,0.0,0.0,0.0,0.0,0.0,0.0,0.0,0.0,0.0,0.0,0.0,0.0,0.0,0.0,0.0,0.0,0.0,0.0,61396.5859375,32436.3779296875,0.0,0.0,0.0,0.0,0.0,0.0,0.0,0.0,FL
325470,FL,1205,188.75025939941406,3,2.0,0.0,324.2899169921875,3,0,0.0,0.0,65387.24609375,32701.49609375,5527.08642578125,0.0,0.0,38228.58251953125,0.0,0.0,0.0,0.0,0.0,0.0,0.0,0.0,0.0,0.0,0.0,0.0,0.0,0.0,0.0,0.0,0.0,0.0,0.0,0.0,0.0,0.0,0.0,0.0,0.0,0.0,0.0,0.0,0.0,0.0,0.0,0.0,0.0,0.0,0.0,0.0,0.0,0.0,0.0,0.0,0.0,0.0,0.0,0.0,0.0,0.0,0.0,0.0,0.0,0.0,0.0,0.0,0.0,0.0,0.0,0.0,0.0,0.0,0.0,0.0,0.0,0.0,0.0,0.0,0.0,0.0,0.0,0.0,0.0,0.0,0.0,0.0,0.0,0.0,0.0,0.0,0.0,0.0,0.0,0.0,0.0,0.0,0.0,0.0,0.0,0.0,65387.24609375,38228.58251953125,0.0,0.0,0.0,0.0,0.0,0.0,0.0,0.0,FL
325471,FL,1205,161.46197509765625,1,0.0,0.0,165.45404052734375,1,0,0.0,0.0,17071.23828125,3596.039794921875,13231.8837890625,0.0,0.0,16827.923583984375,0.0,0.0,0.0,0.0,0.0,0.0,0.0,0.0,0.0,0.0,0.0,0.0,0.0,0.0,0.0,0.0,0.0,0.0,0.0,0.0,0.0,0.0,0.0,0.0,0.0,0.0,0.0,0.0,0.0,0.0,0.0,0.0,0.0,0.0,0.0,0.0,0.0,0.0,0.0,0.0,0.0,0.0,0.0,0.0,0.0,0.0,0.0,0.0,0.0,0.0,0.0,0.0,0.0,0.0,0.0,0.0,0.0,0.0,0.0,0.0,0.0,0.0,0.0,0.0,0.0,0.0,0.0,0.0,0.0,0.0,0.0,0.0,0.0,0.0,0.0,0.0,0.0,0.0,0.0,0.0,0.0,0.0,0.0,0.0,0.0,0.0,17071.23828125,16827.923583984375,0.0,0.0,0.0,0.0,0.0,0.0,0.0,0.0,FL
325472,FL,1205,0.037874072790145874,1,0.0,37166.44140625,37166.44140625,1,0,2398.972900390625,0.0,31924.236328125,0.0,0.0,0.0,0.0,0.0,-5.0,0.0,5.0,0.0,-114.0,0.0,114.0,0.0,0.0,0.0,0.0,0.0,0.0,0.0,0.0,0.0,0.0,0.0,0.0,0.0,0.0,0.0,0.0,0.0,0.0,0.0,0.0,0.0,0.0,0.0,0.0,0.0,0.0,0.0,0.0,0.0,0.0,0.0,0.0,0.0,0.0,0.0,0.0,0.0,0.0,0.0,0.0,0.0,0.0,0.0,0.0,0.0,0.0,0.0,0.0,0.0,0.0,0.0,0.0,0.0,0.0,0.0,0.0,0.0,0.0,0.0,0.0,0.0,-60.63671875,0.0,60.63671875,0.0,0.0,0.0,0.0,0.0,0.0,0.0,0.0,0.0,0.0,0.0,0.0,0.0,2219.336181640625,0.0,32103.873046875,0.0,-179.63671875,0.0,179.63671875,0.0,-7.48806786107295,0.0,0.5626969933509827,0.0,FL
325473,FL,1205,0.4218288064002991,1,0.0,0.0,0.0,1,0,0.0,0.0,69708.296875,34854.1484375,0.0,0.0,0.0,34854.1484375,0.0,0.0,0.0,0.0,0.0,0.0,0.0,0.0,0.0,0.0,0.0,0.0,0.0,0.0,0.0,0.0,0.0,0.0,0.0,0.0,0.0,0.0,0.0,0.0,0.0,0.0,0.0,0.0,0.0,0.0,0.0,0.0,0.0,0.0,0.0,0.0,0.0,0.0,0.0,0.0,0.0,0.0,0.0,0.0,0.0,0.0,0.0,0.0,0.0,0.0,0.0,0.0,0.0,0.0,0.0,0.0,0.0,0.0,0.0,0.0,0.0,0.0,0.0,0.0,0.0,0.0,0.0,0.0,0.0,0.0,0.0,0.0,0.0,0.0,0.0,0.0,0.0,0.0,0.0,0.0,0.0,0.0,0.0,0.0,0.0,0.0,69708.296875,34854.1484375,0.0,0.0,0.0,0.0,0.0,0.0,0.0,0.0,FL
325474,FL,1205,201.51687622070312,2,0.0,0.0,1.2040952444076538,2,0,0.0,0.0,124960.4140625,62780.62890625,0.0,0.0,0.0,62780.62890625,0.0,0.0,0.0,0.0,0.0,0.0,0.0,0.0,0.0,0.0,0.0,0.0,0.0,0.0,0.0,0.0,0.0,0.0,0.0,0.0,0.0,0.0,0.0,0.0,0.0,0.0,0.0,0.0,0.0,0.0,0.0,0.0,0.0,0.0,0.0,0.0,0.0,0.0,0.0,0.0,0.0,0.0,0.0,0.0,0.0,0.0,0.0,0.0,0.0,0.0,0.0,0.0,0.0,0.0,0.0,0.0,0.0,0.0,0.0,0.0,0.0,0.0,0.0,0.0,0.0,0.0,0.0,0.0,0.0,0.0,0.0,0.0,0.0,0.0,0.0,0.0,0.0,0.0,0.0,0.0,0.0,0.0,0.0,0.0,0.0,0.0,124960.4140625,62780.62890625,0.0,0.0,0.0,0.0,0.0,0.0,0.0,0.0,FL
325475,FL,1205,0.03637590631842613,4,1.0,123462.2734375,123466.41406249999,4,0,8132.969726562499,0.0,109653.828125,0.0,0.0,3763.303955078125,0.0,3763.303955078125,-14.99999999999909,0.0,15.0,0.0,-341.9998779296875,0.0,342.0,0.0,0.0,0.0,0.0,0.0,0.0,0.0,0.0,0.0,0.0,0.0,0.0,0.0,0.0,0.0,0.0,0.0,0.0,0.0,0.0,0.0,0.0,0.0,0.0,0.0,0.0,0.0,0.0,0.0,0.0,0.0,0.0,0.0,0.0,0.0,0.0,0.0,0.0,0.0,0.0,0.0,0.0,0.0,0.0,0.0,0.0,0.0,0.0,0.0,0.0,0.0,0.0,0.0,-474.9443359374991,0.0,474.9453125,0.0,0.0,0.0,0.0,0.0,-114.13989257812682,0.0,114.140625,0.0,0.0,0.0,0.0,0.0,0.0,0.0,0.0,0.0,0.0,0.0,0.0,0.0,7186.885620117187,0.0,110599.9140625,3763.303955078125,-946.0841064453125,0.0,946.0859375,0.0,-11.632701685282022,0.0,0.8627933263778687,0.0,FL
325476,FL,1205,424.5242919921875,3,1.0,0.0,0.0,3,0,0.0,0.0,17471.583984375,11425.8828125,6045.700927734375,0.0,0.0,17471.583740234375,0.0,0.0,0.0,0.0,0.0,0.0,0.0,0.0,0.0,0.0,0.0,0.0,0.0,0.0,0.0,0.0,0.0,0.0,0.0,0.0,0.0,0.0,0.0,0.0,0.0,0.0,0.0,0.0,0.0,0.0,0.0,0.0,0.0,0.0,0.0,0.0,0.0,0.0,0.0,0.0,0.0,0.0,0.0,0.0,0.0,0.0,0.0,0.0,0.0,0.0,0.0,0.0,0.0,0.0,0.0,0.0,0.0,0.0,0.0,0.0,0.0,0.0,0.0,0.0,0.0,0.0,0.0,0.0,0.0,0.0,0.0,0.0,0.0,0.0,0.0,0.0,0.0,0.0,0.0,0.0,0.0,0.0,0.0,0.0,0.0,0.0,17471.583984375,17471.583740234375,0.0,0.0,0.0,0.0,0.0,0.0,0.0,0.0,FL
325477,FL,1205,0.034674640744924545,2,0.0,711.7548828125,43265.328125,2,0,966.5328369140625,0.0,53481.0703125,0.0,0.0,0.0,0.0,0.0,0.0,0.0,0.0,0.0,-190.0,0.0,190.0,0.0,0.0,0.0,0.0,0.0,0.0,0.0,0.0,0.0,0.0,0.0,0.0,0.0,0.0,0.0,0.0,0.0,0.0,0.0,0.0,0.0,0.0,0.0,0.0,0.0,0.0,0.0,0.0,0.0,0.0,0.0,0.0,0.0,0.0,0.0,0.0,0.0,0.0,0.0,0.0,0.0,0.0,0.0,0.0,0.0,0.0,0.0,0.0,0.0,0.0,0.0,0.0,0.0,0.0,0.0,0.0,0.0,-776.5328369140625,0.0,776.53125,0.0,0.0,0.0,0.0,0.0,0.0,0.0,0.0,0.0,0.0,0.0,0.0,0.0,0.0,0.0,0.0,0.0,0.0,0.0,54447.6015625,0.0,-966.5328369140625,0.0,966.53125,0.0,-100.0,0.0,1.8072398900985718,0.0,FL
325478,FL,1205,0.03155823051929474,2,0.0,93860.53515625,93863.84765625,2,0,7141.66162109375,0.0,84406.234375,0.0,0.0,0.0,0.0,0.0,-10.0,0.0,10.0,0.0,-228.0,0.0,228.0,0.0,0.0,0.0,0.0,0.0,0.0,0.0,0.0,0.0,0.0,0.0,0.0,0.0,0.0,0.0,0.0,0.0,0.0,0.0,0.0,0.0,0.0,0.0,0.0,0.0,0.0,0.0,0.0,0.0,0.0,0.0,0.0,0.0,0.0,0.0,0.0,0.0,0.0,0.0,0.0,0.0,0.0,0.0,0.0,0.0,0.0,0.0,0.0,0.0,0.0,0.0,0.0,0.0,0.0,0.0,0.0,0.0,0.0,0.0,0.0,0.0,-51.88134765625,0.0,51.8828125,0.0,0.0,0.0,0.0,0.0,0.0,0.0,0.0,0.0,0.0,0.0,0.0,0.0,6851.7802734375,0.0,84696.1171875,0.0,-289.88134765625,0.0,289.8828125,0.0,-4.059018237437221,0.0,0.34343767166137695,0.0,FL
325479,FL,1205,391.781494140625,4,2.0,24949.8828125,25151.259841918945,4,0,961.14697265625,0.0,87958.71875,37898.69140625,18758.97021484375,8010.65380859375,0.0,64668.3154296875,0.0,0.0,0.0,0.0,-95.0,0.0,95.0,0.0,0.0,0.0,0.0,0.0,0.0,0.0,0.0,0.0,0.0,0.0,0.0,0.0,0.0,0.0,0.0,0.0,0.0,0.0,0.0,0.0,0.0,0.0,0.0,0.0,0.0,0.0,0.0,0.0,0.0,0.0,0.0,0.0,-37.9681396484375,0.0,37.96875,0.0,0.0,0.0,0.0,0.0,0.0,0.0,0.0,0.0,0.0,0.0,0.0,0.0,0.0,0.0,0.0,0.0,0.0,0.0,0.0,0.0,0.0,0.0,0.0,0.0,-51.23321533203125,0.0,51.234375,0.0,0.0,0.0,0.0,0.0,0.0,0.0,0.0,0.0,0.0,0.0,0.0,0.0,776.9456176757812,0.0,88142.921875,64668.3154296875,-184.20135498046875,0.0,184.203125,0.0,-19.164743813467492,0.0,0.20941996574401855,0.0,FL
325480,FL,1205,149.06973266601562,2,0.0,0.0,0.0,2,0,0.0,0.0,54357.8828125,19586.248046875,0.0,15185.384765625,0.0,34771.6328125,0.0,0.0,0.0,0.0,0.0,0.0,0.0,0.0,0.0,0.0,0.0,0.0,0.0,0.0,0.0,0.0,0.0,0.0,0.0,0.0,0.0,0.0,0.0,0.0,0.0,0.0,0.0,0.0,0.0,0.0,0.0,0.0,0.0,0.0,0.0,0.0,0.0,0.0,0.0,0.0,0.0,0.0,0.0,0.0,0.0,0.0,0.0,0.0,0.0,0.0,0.0,0.0,0.0,0.0,0.0,0.0,0.0,0.0,0.0,0.0,0.0,0.0,0.0,0.0,0.0,0.0,0.0,0.0,0.0,0.0,0.0,0.0,0.0,0.0,0.0,0.0,0.0,0.0,0.0,0.0,0.0,0.0,0.0,0.0,0.0,0.0,54357.8828125,34771.6328125,0.0,0.0,0.0,0.0,0.0,0.0,0.0,0.0,FL
325481,FL,1205,0.06803927570581436,3,1.0,122514.2578125,131449.234375,3,0,8943.83203125,0.0,129519.09375,7574.94189453125,0.0,0.0,0.0,7574.94189453125,-99.923828125,0.0,99.921875,0.0,-228.0,0.0,228.0,0.0,0.0,0.0,0.0,0.0,0.0,0.0,0.0,0.0,-200.0,0.0,200.0,0.0,0.0,0.0,0.0,0.0,0.0,0.0,0.0,0.0,0.0,0.0,0.0,0.0,0.0,0.0,0.0,0.0,0.0,0.0,0.0,0.0,0.0,0.0,0.0,0.0,0.0,0.0,0.0,0.0,0.0,0.0,0.0,0.0,0.0,0.0,0.0,0.0,0.0,0.0,0.0,0.0,0.0,0.0,0.0,0.0,-720.0,0.0,720.0,0.0,-576.27734375,0.0,576.28125,0.0,0.0,0.0,0.0,0.0,0.0,0.0,0.0,0.0,0.0,0.0,0.0,0.0,7119.630859375,0.0,131343.296875,7574.94189453125,-1824.201171875,0.0,1824.203125,0.0,-20.396192208230097,0.0,1.4084434509277344,0.0,FL
325482,FL,1205,0.07568362355232239,3,1.0,75418.75256347656,129107.171875,3,0,9149.4736328125,0.0,137227.84375,13526.681640625,0.0,0.0,0.0,13526.681640625,-10.0,0.0,10.0,0.0,-228.0,0.0,228.0,0.0,0.0,0.0,0.0,0.0,0.0,0.0,0.0,0.0,-200.0,0.0,200.0,0.0,0.0,0.0,0.0,0.0,-384.81640625,0.0,384.8125,0.0,0.0,0.0,0.0,0.0,0.0,0.0,0.0,0.0,0.0,0.0,0.0,0.0,-92.712890625,0.0,92.703125,0.0,0.0,0.0,0.0,0.0,0.0,0.0,0.0,0.0,0.0,0.0,0.0,0.0,0.0,0.0,0.0,0.0,0.0,0.0,0.0,0.0,0.0,0.0,0.0,0.0,-119.3291015625,0.0,119.328125,0.0,0.0,0.0,0.0,0.0,0.0,0.0,0.0,0.0,0.0,0.0,0.0,0.0,8114.615234375,0.0,138262.6875,13526.681640625,-1034.8583984375,0.0,1034.84375,0.0,-11.31057850941519,0.0,0.7541062235832214,0.0,FL
325483,FL,1205,0.04078695550560951,2,0.0,194336.15625,204885.53125,2,0,27899.4921875,0.0,177305.015625,0.0,0.0,0.0,0.0,0.0,-230.0,0.0,230.0,0.0,-418.0,0.0,418.0,0.0,0.0,0.0,0.0,0.0,0.0,0.0,0.0,0.0,0.0,0.0,0.0,0.0,0.0,0.0,0.0,0.0,0.0,0.0,0.0,0.0,0.0,0.0,0.0,0.0,0.0,0.0,0.0,0.0,0.0,0.0,0.0,0.0,-111.791015625,0.0,111.78125,0.0,0.0,0.0,0.0,0.0,0.0,0.0,0.0,0.0,0.0,0.0,0.0,0.0,0.0,0.0,0.0,0.0,0.0,0.0,0.0,0.0,0.0,0.0,0.0,0.0,-208.498046875,0.0,208.5,0.0,0.0,0.0,0.0,0.0,0.0,0.0,0.0,0.0,0.0,0.0,0.0,0.0,26931.203125,0.0,178273.296875,0.0,-968.2890625,0.0,968.28125,0.0,-3.4706332860561138,0.0,0.5461104512214661,0.0,FL
325484,FL,1205,0.05016987770795822,4,2.0,29036.283203125,29077.646484375,4,0,-6227.0,0.0,67414.984375,18316.724609375,15995.427001953125,0.0,0.0,34312.151611328125,0.0,0.0,0.0,0.0,0.0,0.0,0.0,0.0,0.0,0.0,0.0,0.0,0.0,0.0,0.0,0.0,100.0,0.0,-100.0,0.0,0.0,0.0,0.0,0.0,0.0,0.0,0.0,0.0,0.0,0.0,0.0,0.0,0.0,0.0,0.0,0.0,0.0,0.0,0.0,0.0,0.0,0.0,0.0,0.0,0.0,0.0,0.0,0.0,0.0,0.0,0.0,0.0,0.0,0.0,0.0,0.0,0.0,0.0,0.0,0.0,0.0,0.0,0.0,0.0,0.0,0.0,0.0,0.0,0.0,0.0,0.0,0.0,0.0,0.0,-4568.9453125,-4568.9453125,0.0,0.0,0.0,0.0,0.0,0.0,0.0,0.0,-6127.0,0.0,62746.0390625,29743.206298828125,100.0,0.0,-4668.9453125,-4568.9453125,1.6059097478721696,0.0,-6.9256792068481445,-13.315822814770867,FL
325485,FL,1205,0.09799891710281372,2,0.0,0.0,22206.02734375,2,0,0.0,0.0,60440.171875,0.0,0.0,29280.158203125,0.0,29280.158203125,0.0,0.0,0.0,0.0,0.0,0.0,0.0,0.0,0.0,0.0,0.0,0.0,0.0,0.0,0.0,0.0,0.0,0.0,0.0,0.0,0.0,0.0,0.0,0.0,0.0,0.0,0.0,0.0,0.0,0.0,0.0,0.0,0.0,0.0,0.0,0.0,0.0,0.0,0.0,0.0,0.0,0.0,0.0,0.0,0.0,0.0,0.0,0.0,0.0,0.0,0.0,0.0,0.0,0.0,0.0,0.0,0.0,0.0,0.0,0.0,0.0,0.0,0.0,0.0,0.0,0.0,0.0,0.0,0.0,0.0,0.0,0.0,0.0,0.0,0.0,0.0,0.0,0.0,0.0,0.0,0.0,0.0,0.0,0.0,0.0,0.0,60440.171875,29280.158203125,0.0,0.0,0.0,0.0,0.0,0.0,0.0,0.0,FL
325486,FL,1205,27.396482467651367,1,0.0,0.0,0.0,0,1,0.0,0.0,35931.7890625,18274.736328125,0.0,0.0,0.0,18274.736328125,0.0,0.0,0.0,0.0,0.0,0.0,0.0,0.0,0.0,0.0,0.0,0.0,0.0,0.0,0.0,0.0,0.0,0.0,0.0,0.0,0.0,0.0,0.0,0.0,0.0,0.0,0.0,0.0,0.0,0.0,0.0,0.0,0.0,0.0,0.0,0.0,0.0,0.0,0.0,0.0,0.0,0.0,0.0,0.0,0.0,0.0,0.0,0.0,0.0,0.0,0.0,0.0,0.0,0.0,0.0,0.0,0.0,0.0,0.0,0.0,0.0,0.0,0.0,0.0,0.0,0.0,0.0,0.0,0.0,0.0,0.0,0.0,0.0,0.0,0.0,0.0,0.0,0.0,0.0,0.0,0.0,0.0,0.0,0.0,0.0,0.0,35931.7890625,18274.736328125,0.0,0.0,0.0,0.0,0.0,0.0,0.0,0.0,FL
325487,FL,1205,91.9310302734375,1,0.0,0.0,0.0,1,0,0.0,0.0,52082.12109375,26289.74609375,0.0,0.0,0.0,26289.74609375,0.0,0.0,0.0,0.0,0.0,0.0,0.0,0.0,0.0,0.0,0.0,0.0,0.0,0.0,0.0,0.0,0.0,0.0,0.0,0.0,0.0,0.0,0.0,0.0,0.0,0.0,0.0,0.0,0.0,0.0,0.0,0.0,0.0,0.0,0.0,0.0,0.0,0.0,0.0,0.0,0.0,0.0,0.0,0.0,0.0,0.0,0.0,0.0,0.0,0.0,0.0,0.0,0.0,0.0,0.0,0.0,0.0,0.0,0.0,0.0,0.0,0.0,0.0,0.0,0.0,0.0,0.0,0.0,0.0,0.0,0.0,0.0,0.0,0.0,0.0,0.0,0.0,0.0,0.0,0.0,0.0,0.0,0.0,0.0,0.0,0.0,52082.12109375,26289.74609375,0.0,0.0,0.0,0.0,0.0,0.0,0.0,0.0,FL
325488,FL,1205,2.2955713272094727,2,0.0,0.0,14208.806640625,0,2,0.0,0.0,74012.1796875,32752.751953125,0.0,11352.740234375,0.0,44105.4921875,0.0,0.0,0.0,0.0,0.0,0.0,0.0,0.0,0.0,0.0,0.0,0.0,0.0,0.0,0.0,0.0,0.0,0.0,0.0,0.0,0.0,0.0,0.0,0.0,0.0,0.0,0.0,0.0,0.0,0.0,0.0,0.0,0.0,0.0,0.0,0.0,0.0,0.0,0.0,0.0,0.0,0.0,0.0,0.0,0.0,0.0,0.0,0.0,0.0,0.0,0.0,0.0,0.0,0.0,0.0,0.0,0.0,0.0,0.0,0.0,0.0,0.0,0.0,0.0,0.0,0.0,0.0,0.0,0.0,0.0,0.0,0.0,0.0,0.0,0.0,0.0,0.0,0.0,0.0,0.0,0.0,0.0,0.0,0.0,0.0,0.0,74012.1796875,44105.4921875,0.0,0.0,0.0,0.0,0.0,0.0,0.0,0.0,FL
325489,FL,1205,288.22357177734375,1,0.0,8130.1591796875,8130.986328125,1,0,0.0,0.0,24337.34375,3596.039794921875,13231.8837890625,0.0,0.0,16827.923583984375,0.0,0.0,0.0,0.0,0.0,0.0,0.0,0.0,0.0,0.0,0.0,0.0,0.0,0.0,0.0,0.0,0.0,0.0,0.0,0.0,0.0,0.0,0.0,0.0,0.0,0.0,0.0,0.0,0.0,0.0,0.0,0.0,0.0,0.0,0.0,0.0,0.0,0.0,0.0,0.0,0.0,0.0,0.0,0.0,0.0,0.0,0.0,0.0,0.0,0.0,0.0,0.0,0.0,0.0,0.0,0.0,0.0,0.0,0.0,0.0,0.0,0.0,0.0,0.0,0.0,0.0,0.0,0.0,0.0,0.0,0.0,0.0,0.0,0.0,0.0,0.0,0.0,0.0,0.0,0.0,0.0,0.0,0.0,0.0,0.0,0.0,24337.34375,16827.923583984375,0.0,0.0,0.0,0.0,0.0,0.0,0.0,0.0,FL
325490,FL,1205,189.99839782714844,1,0.0,0.0,0.0,1,0,0.0,0.0,27007.3203125,13774.3466796875,13231.8837890625,0.0,0.0,27006.23046875,0.0,0.0,0.0,0.0,0.0,0.0,0.0,0.0,0.0,0.0,0.0,0.0,0.0,0.0,0.0,0.0,0.0,0.0,0.0,0.0,0.0,0.0,0.0,0.0,0.0,0.0,0.0,0.0,0.0,0.0,0.0,0.0,0.0,0.0,0.0,0.0,0.0,0.0,0.0,0.0,0.0,0.0,0.0,0.0,0.0,0.0,0.0,0.0,0.0,0.0,0.0,0.0,0.0,0.0,0.0,0.0,0.0,0.0,0.0,0.0,0.0,0.0,0.0,0.0,0.0,0.0,0.0,0.0,0.0,0.0,0.0,0.0,0.0,0.0,0.0,0.0,0.0,0.0,0.0,0.0,0.0,0.0,0.0,0.0,0.0,0.0,27007.3203125,27006.23046875,0.0,0.0,0.0,0.0,0.0,0.0,0.0,0.0,FL
325491,FL,1205,292.508056640625,1,0.0,0.0,16.5454044342041,1,0,0.0,0.0,17184.435546875,3927.129638671875,13231.8837890625,0.0,0.0,17159.013427734375,0.0,0.0,0.0,0.0,0.0,0.0,0.0,0.0,0.0,0.0,0.0,0.0,0.0,0.0,0.0,0.0,0.0,0.0,0.0,0.0,0.0,0.0,0.0,0.0,0.0,0.0,0.0,0.0,0.0,0.0,0.0,0.0,0.0,0.0,0.0,0.0,0.0,0.0,0.0,0.0,0.0,0.0,0.0,0.0,0.0,0.0,0.0,0.0,0.0,0.0,0.0,0.0,0.0,0.0,0.0,0.0,0.0,0.0,0.0,0.0,0.0,0.0,0.0,0.0,0.0,0.0,0.0,0.0,0.0,0.0,0.0,0.0,0.0,0.0,0.0,0.0,0.0,0.0,0.0,0.0,0.0,0.0,0.0,0.0,0.0,0.0,17184.435546875,17159.013427734375,0.0,0.0,0.0,0.0,0.0,0.0,0.0,0.0,FL
325492,FL,1205,0.04796719551086426,2,0.0,0.0,172391.4921875,2,0,18817.7197265625,0.0,220720.625,55848.6015625,0.0,0.0,0.0,55848.6015625,-230.0,0.0,230.0,0.0,-418.0,0.0,418.0,0.0,0.0,0.0,0.0,0.0,0.0,0.0,0.0,0.0,0.0,0.0,0.0,0.0,0.0,0.0,0.0,0.0,0.0,0.0,0.0,0.0,0.0,0.0,0.0,0.0,0.0,0.0,0.0,0.0,0.0,0.0,0.0,0.0,-220.0,0.0,220.0,0.0,0.0,0.0,0.0,0.0,0.0,0.0,0.0,0.0,0.0,0.0,0.0,0.0,0.0,0.0,0.0,0.0,0.0,0.0,0.0,0.0,-2427.74755859375,0.0,2427.75,0.0,0.0,0.0,0.0,0.0,0.0,0.0,0.0,0.0,0.0,0.0,0.0,0.0,0.0,0.0,0.0,0.0,15521.97216796875,0.0,224016.375,55848.6015625,-3295.74755859375,0.0,3295.75,0.0,-17.51406443758208,0.0,1.4931771755218506,0.0,FL
325493,FL,1205,24.597326278686523,1,0.0,0.0,0.0,1,0,0.0,0.0,35451.8046875,18448.71875,0.0,0.0,0.0,18448.71875,0.0,0.0,0.0,0.0,0.0,0.0,0.0,0.0,0.0,0.0,0.0,0.0,0.0,0.0,0.0,0.0,0.0,0.0,0.0,0.0,0.0,0.0,0.0,0.0,0.0,0.0,0.0,0.0,0.0,0.0,0.0,0.0,0.0,0.0,0.0,0.0,0.0,0.0,0.0,0.0,0.0,0.0,0.0,0.0,0.0,0.0,0.0,0.0,0.0,0.0,0.0,0.0,0.0,0.0,0.0,0.0,0.0,0.0,0.0,0.0,0.0,0.0,0.0,0.0,0.0,0.0,0.0,0.0,0.0,0.0,0.0,0.0,0.0,0.0,0.0,0.0,0.0,0.0,0.0,0.0,0.0,0.0,0.0,0.0,0.0,0.0,35451.8046875,18448.71875,0.0,0.0,0.0,0.0,0.0,0.0,0.0,0.0,FL
325494,FL,1205,0.43313881754875183,3,1.0,109912.794921875,86630.783203125,3,0,1156.600830078125,0.0,142677.78125,10063.8515625,2763.543212890625,8680.70703125,0.0,21508.101806640625,-5.0,0.0,5.0,0.0,-114.0,0.0,114.0,0.0,0.0,0.0,0.0,0.0,0.0,0.0,0.0,0.0,0.0,0.0,0.0,0.0,0.0,0.0,0.0,0.0,0.0,0.0,0.0,0.0,0.0,0.0,0.0,0.0,0.0,0.0,0.0,0.0,0.0,0.0,0.0,0.0,0.0,0.0,0.0,0.0,0.0,0.0,0.0,0.0,0.0,0.0,0.0,0.0,0.0,0.0,0.0,0.0,0.0,0.0,0.0,0.0,0.0,0.0,0.0,0.0,0.0,0.0,0.0,0.0,-37.83056640625,0.0,37.828125,0.0,0.0,0.0,0.0,0.0,0.0,0.0,0.0,0.0,0.0,0.0,0.0,0.0,999.770263671875,0.0,142834.609375,21508.101806640625,-156.83056640625,0.0,156.828125,0.0,-13.559610396929816,0.0,0.10991769284009933,0.0,FL
325495,FL,1205,0.14697594940662384,3,1.0,86349.296875,87011.9375,3,0,4319.4326171875,0.0,80642.5234375,0.0,0.0,0.0,0.0,0.0,-10.0,0.0,10.0,0.0,-228.0,0.0,228.0,0.0,0.0,0.0,0.0,0.0,0.0,0.0,0.0,0.0,-200.0,0.0,200.0,0.0,0.0,0.0,0.0,0.0,0.0,0.0,0.0,0.0,0.0,0.0,0.0,0.0,0.0,0.0,0.0,0.0,0.0,0.0,0.0,0.0,-130.8427734375,0.0,130.84375,0.0,0.0,0.0,0.0,0.0,0.0,0.0,0.0,0.0,0.0,0.0,0.0,0.0,0.0,0.0,0.0,0.0,0.0,0.0,0.0,0.0,0.0,0.0,0.0,0.0,-587.36669921875,0.0,587.3671875,0.0,0.0,0.0,0.0,0.0,0.0,0.0,0.0,0.0,0.0,0.0,0.0,0.0,3163.22314453125,0.0,81798.734375,0.0,-1156.20947265625,0.0,1156.2109375,0.0,-26.767623785947364,0.0,1.433748483657837,0.0,FL
325496,FL,1205,22.46414566040039,1,0.0,0.0,0.0,1,0,0.0,0.0,39855.578125,20236.630859375,0.0,0.0,0.0,20236.630859375,0.0,0.0,0.0,0.0,0.0,0.0,0.0,0.0,0.0,0.0,0.0,0.0,0.0,0.0,0.0,0.0,0.0,0.0,0.0,0.0,0.0,0.0,0.0,0.0,0.0,0.0,0.0,0.0,0.0,0.0,0.0,0.0,0.0,0.0,0.0,0.0,0.0,0.0,0.0,0.0,0.0,0.0,0.0,0.0,0.0,0.0,0.0,0.0,0.0,0.0,0.0,0.0,0.0,0.0,0.0,0.0,0.0,0.0,0.0,0.0,0.0,0.0,0.0,0.0,0.0,0.0,0.0,0.0,0.0,0.0,0.0,0.0,0.0,0.0,0.0,0.0,0.0,0.0,0.0,0.0,0.0,0.0,0.0,0.0,0.0,0.0,39855.578125,20236.630859375,0.0,0.0,0.0,0.0,0.0,0.0,0.0,0.0,FL
325497,FL,1205,37.400604248046875,1,0.0,0.0,771.015869140625,1,0,0.0,0.0,28960.90625,12088.310546875,13231.8837890625,0.0,0.0,25320.1943359375,0.0,0.0,0.0,0.0,0.0,0.0,0.0,0.0,0.0,0.0,0.0,0.0,0.0,0.0,0.0,0.0,0.0,0.0,0.0,0.0,0.0,0.0,0.0,0.0,0.0,0.0,0.0,0.0,0.0,0.0,0.0,0.0,0.0,0.0,0.0,0.0,0.0,0.0,0.0,0.0,0.0,0.0,0.0,0.0,0.0,0.0,0.0,0.0,0.0,0.0,0.0,0.0,0.0,0.0,0.0,0.0,0.0,0.0,0.0,0.0,0.0,0.0,0.0,0.0,0.0,0.0,0.0,0.0,0.0,0.0,0.0,0.0,0.0,0.0,0.0,0.0,0.0,0.0,0.0,0.0,0.0,0.0,0.0,0.0,0.0,0.0,28960.90625,25320.1943359375,0.0,0.0,0.0,0.0,0.0,0.0,0.0,0.0,FL
325498,FL,1205,43.08995056152344,1,0.0,0.0,2.4818105697631836,1,0,0.0,0.0,32845.90625,17147.09765625,0.0,0.0,0.0,17147.09765625,0.0,0.0,0.0,0.0,0.0,0.0,0.0,0.0,0.0,0.0,0.0,0.0,0.0,0.0,0.0,0.0,0.0,0.0,0.0,0.0,0.0,0.0,0.0,0.0,0.0,0.0,0.0,0.0,0.0,0.0,0.0,0.0,0.0,0.0,0.0,0.0,0.0,0.0,0.0,0.0,0.0,0.0,0.0,0.0,0.0,0.0,0.0,0.0,0.0,0.0,0.0,0.0,0.0,0.0,0.0,0.0,0.0,0.0,0.0,0.0,0.0,0.0,0.0,0.0,0.0,0.0,0.0,0.0,0.0,0.0,0.0,0.0,0.0,0.0,0.0,0.0,0.0,0.0,0.0,0.0,0.0,0.0,0.0,0.0,0.0,0.0,32845.90625,17147.09765625,0.0,0.0,0.0,0.0,0.0,0.0,0.0,0.0,FL
325499,FL,1205,99.86263275146484,1,0.0,0.0,0.0,1,0,0.0,0.0,43182.0078125,16965.65234375,13231.8837890625,0.0,0.0,30197.5361328125,0.0,0.0,0.0,0.0,0.0,0.0,0.0,0.0,0.0,0.0,0.0,0.0,0.0,0.0,0.0,0.0,0.0,0.0,0.0,0.0,0.0,0.0,0.0,0.0,0.0,0.0,0.0,0.0,0.0,0.0,0.0,0.0,0.0,0.0,0.0,0.0,0.0,0.0,0.0,0.0,0.0,0.0,0.0,0.0,0.0,0.0,0.0,0.0,0.0,0.0,0.0,0.0,0.0,0.0,0.0,0.0,0.0,0.0,0.0,0.0,0.0,0.0,0.0,0.0,0.0,0.0,0.0,0.0,0.0,0.0,0.0,0.0,0.0,0.0,0.0,0.0,0.0,0.0,0.0,0.0,0.0,0.0,0.0,0.0,0.0,0.0,43182.0078125,30197.5361328125,0.0,0.0,0.0,0.0,0.0,0.0,0.0,0.0,FL
325500,FL,1205,0.02430008351802826,4,1.0,43412.4921875,575197.86328125,4,0,93837.73010253906,0.0,527758.75,0.0,0.0,0.0,0.0,0.0,-230.0,0.0,230.0,0.0,-513.0,0.0,513.0,0.0,0.0,0.0,0.0,0.0,0.0,0.0,0.0,0.0,0.0,0.0,0.0,0.0,0.0,0.0,0.0,0.0,0.0,0.0,0.0,0.0,0.0,0.0,0.0,0.0,0.0,0.0,0.0,0.0,0.0,0.0,0.0,0.0,-66.5,0.0,66.5,0.0,0.0,0.0,0.0,0.0,0.0,0.0,0.0,0.0,0.0,0.0,0.0,0.0,0.0,0.0,0.0,0.0,0.0,0.0,0.0,0.0,0.0,0.0,0.0,0.0,0.0,0.0,0.0,0.0,0.0,0.0,0.0,0.0,0.0,0.0,0.0,0.0,0.0,0.0,0.0,0.0,93028.23010253906,0.0,528568.25,0.0,-809.5,0.0,809.5,0.0,-0.8626594005582159,0.0,0.1533844769001007,0.0,FL
325501,FL,1205,0.03537996485829353,4,2.0,163563.73828125,163969.9375,4,0,13589.59375,0.0,164973.140625,0.0,0.0,0.0,0.0,0.0,-230.0,0.0,230.0,0.0,0.0,0.0,0.0,0.0,0.0,0.0,0.0,0.0,0.0,0.0,0.0,0.0,-400.0,0.0,400.0,0.0,0.0,0.0,0.0,0.0,0.0,0.0,0.0,0.0,0.0,0.0,0.0,0.0,0.0,0.0,0.0,0.0,0.0,0.0,0.0,0.0,0.0,0.0,0.0,0.0,0.0,0.0,0.0,0.0,0.0,0.0,0.0,0.0,0.0,0.0,0.0,0.0,0.0,0.0,0.0,0.0,0.0,0.0,0.0,0.0,0.0,0.0,0.0,0.0,0.0,0.0,0.0,0.0,0.0,0.0,0.0,0.0,0.0,0.0,0.0,0.0,0.0,0.0,0.0,0.0,12959.59375,0.0,165603.140625,0.0,-630.0,0.0,630.0,0.0,-4.635900171776658,0.0,0.38188034296035767,0.0,FL
325502,FL,1205,0.03972558677196503,2,1.0,34843.5390625,34843.5390625,2,0,-3454.28076171875,0.0,46121.125,1418.6455078125,0.0,6784.8046875,2285.38671875,10488.8369140625,0.0,0.0,0.0,0.0,-147.5,0.0,147.5,0.0,0.0,0.0,0.0,0.0,0.0,0.0,0.0,0.0,-200.0,0.0,200.0,0.0,0.0,0.0,0.0,0.0,0.0,0.0,0.0,0.0,0.0,0.0,0.0,0.0,0.0,0.0,0.0,0.0,0.0,0.0,0.0,0.0,0.0,0.0,0.0,0.0,0.0,0.0,0.0,0.0,0.0,0.0,0.0,0.0,0.0,0.0,0.0,0.0,0.0,0.0,0.0,0.0,0.0,0.0,0.0,0.0,0.0,0.0,0.0,0.0,0.0,0.0,0.0,0.0,0.0,0.0,0.0,0.0,0.0,0.0,0.0,0.0,0.0,0.0,0.0,0.0,-3801.78076171875,0.0,46468.625,10488.8369140625,-347.5,0.0,347.5,0.0,-10.059981338259663,0.0,0.7534508109092712,0.0,FL
325503,FL,1205,0.2266029715538025,3,1.0,68663.59375,82033.734375,3,0,3412.36328125,0.0,86829.6640625,12174.013671875,0.0,0.0,0.0,12174.013671875,-10.0,0.0,10.0,0.0,-228.0,0.0,228.0,0.0,0.0,0.0,0.0,0.0,0.0,0.0,0.0,0.0,-200.0,0.0,200.0,0.0,0.0,0.0,0.0,0.0,0.0,0.0,0.0,0.0,0.0,0.0,0.0,0.0,0.0,0.0,0.0,0.0,0.0,0.0,0.0,0.0,0.0,0.0,0.0,0.0,0.0,0.0,0.0,0.0,0.0,0.0,0.0,0.0,0.0,0.0,0.0,0.0,0.0,0.0,0.0,0.0,0.0,0.0,0.0,0.0,0.0,0.0,0.0,0.0,-64.85205078125,0.0,64.8515625,0.0,0.0,0.0,0.0,0.0,0.0,0.0,0.0,0.0,0.0,0.0,0.0,0.0,2909.51123046875,0.0,87332.515625,12174.013671875,-502.85205078125,0.0,502.8515625,0.0,-14.736181623576952,0.0,0.5791241526603699,0.0,FL
325504,FL,1205,260.4680480957031,1,0.0,0.0,0.0,1,0,0.0,0.0,27479.67578125,13222.1572265625,13231.8837890625,0.0,0.0,26454.041015625,0.0,0.0,0.0,0.0,0.0,0.0,0.0,0.0,0.0,0.0,0.0,0.0,0.0,0.0,0.0,0.0,0.0,0.0,0.0,0.0,0.0,0.0,0.0,0.0,0.0,0.0,0.0,0.0,0.0,0.0,0.0,0.0,0.0,0.0,0.0,0.0,0.0,0.0,0.0,0.0,0.0,0.0,0.0,0.0,0.0,0.0,0.0,0.0,0.0,0.0,0.0,0.0,0.0,0.0,0.0,0.0,0.0,0.0,0.0,0.0,0.0,0.0,0.0,0.0,0.0,0.0,0.0,0.0,0.0,0.0,0.0,0.0,0.0,0.0,0.0,0.0,0.0,0.0,0.0,0.0,0.0,0.0,0.0,0.0,0.0,0.0,27479.67578125,26454.041015625,0.0,0.0,0.0,0.0,0.0,0.0,0.0,0.0,FL
325505,FL,1205,123.49886322021484,2,0.0,0.0,0.0,2,0,0.0,0.0,41046.6015625,20830.373046875,13231.8837890625,0.0,0.0,34062.2568359375,0.0,0.0,0.0,0.0,0.0,0.0,0.0,0.0,0.0,0.0,0.0,0.0,0.0,0.0,0.0,0.0,0.0,0.0,0.0,0.0,0.0,0.0,0.0,0.0,0.0,0.0,0.0,0.0,0.0,0.0,0.0,0.0,0.0,0.0,0.0,0.0,0.0,0.0,0.0,0.0,0.0,0.0,0.0,0.0,0.0,0.0,0.0,0.0,0.0,0.0,0.0,0.0,0.0,0.0,0.0,0.0,0.0,0.0,0.0,0.0,0.0,0.0,0.0,0.0,0.0,0.0,0.0,0.0,0.0,0.0,0.0,0.0,0.0,0.0,0.0,0.0,0.0,0.0,0.0,0.0,0.0,0.0,0.0,0.0,0.0,0.0,41046.6015625,34062.2568359375,0.0,0.0,0.0,0.0,0.0,0.0,0.0,0.0,FL
325506,FL,1205,170.5757293701172,1,0.0,0.0,0.0,1,0,0.0,0.0,32958.8125,13222.15625,13231.8837890625,0.0,0.0,26454.0400390625,0.0,0.0,0.0,0.0,0.0,0.0,0.0,0.0,0.0,0.0,0.0,0.0,0.0,0.0,0.0,0.0,0.0,0.0,0.0,0.0,0.0,0.0,0.0,0.0,0.0,0.0,0.0,0.0,0.0,0.0,0.0,0.0,0.0,0.0,0.0,0.0,0.0,0.0,0.0,0.0,0.0,0.0,0.0,0.0,0.0,0.0,0.0,0.0,0.0,0.0,0.0,0.0,0.0,0.0,0.0,0.0,0.0,0.0,0.0,0.0,0.0,0.0,0.0,0.0,0.0,0.0,0.0,0.0,0.0,0.0,0.0,0.0,0.0,0.0,-695.33984375,-695.33984375,0.0,0.0,0.0,0.0,0.0,0.0,0.0,0.0,0.0,0.0,32263.47265625,25758.7001953125,0.0,0.0,-695.33984375,-695.33984375,0.0,0.0,-2.1097235679626465,-2.6284826163536796,FL
325507,FL,1205,0.5281119346618652,5,3.0,95512.1591796875,127662.1328125,5,0,5135.892578125,0.0,153104.046875,27442.4765625,0.0,0.0,0.0,27442.4765625,-10.0,0.0,10.0,0.0,-228.0,0.0,228.0,0.0,0.0,0.0,0.0,0.0,0.0,0.0,0.0,0.0,-600.0,0.0,600.0,0.0,0.0,0.0,0.0,0.0,-538.4365234375,0.0,538.4375,0.0,0.0,0.0,0.0,0.0,0.0,0.0,0.0,0.0,0.0,0.0,0.0,0.0,-240.0,0.0,240.0,0.0,0.0,0.0,0.0,0.0,0.0,0.0,0.0,0.0,0.0,0.0,0.0,0.0,0.0,0.0,0.0,0.0,0.0,0.0,0.0,0.0,0.0,0.0,0.0,0.0,0.0,0.0,0.0,0.0,0.0,0.0,0.0,0.0,0.0,0.0,0.0,0.0,0.0,0.0,0.0,0.0,3519.4560546875,0.0,154720.484375,27442.4765625,-1616.4365234375,0.0,1616.4375,0.0,-31.473332022602875,0.0,1.0557771921157837,0.0,FL
325508,FL,1205,62.273033142089844,1,0.0,0.0,2481.810546875,1,0,0.0,0.0,32754.17578125,14717.2275390625,0.0,0.0,0.0,14717.2275390625,0.0,0.0,0.0,0.0,0.0,0.0,0.0,0.0,0.0,0.0,0.0,0.0,0.0,0.0,0.0,0.0,0.0,0.0,0.0,0.0,0.0,0.0,0.0,0.0,0.0,0.0,0.0,0.0,0.0,0.0,0.0,0.0,0.0,0.0,0.0,0.0,0.0,0.0,0.0,0.0,0.0,0.0,0.0,0.0,0.0,0.0,0.0,0.0,0.0,0.0,0.0,0.0,0.0,0.0,0.0,0.0,0.0,0.0,0.0,0.0,0.0,0.0,0.0,0.0,0.0,0.0,0.0,0.0,0.0,0.0,0.0,0.0,0.0,0.0,0.0,0.0,0.0,0.0,0.0,0.0,0.0,0.0,0.0,0.0,0.0,0.0,32754.17578125,14717.2275390625,0.0,0.0,0.0,0.0,0.0,0.0,0.0,0.0,FL
325509,FL,1205,0.032594382762908936,2,0.0,157144.3671875,157144.3671875,2,0,17581.93505859375,0.0,127540.8984375,0.0,0.0,0.0,0.0,0.0,-120.0,0.0,120.0,0.0,-323.0,0.0,323.0,0.0,0.0,0.0,0.0,0.0,0.0,0.0,0.0,0.0,0.0,0.0,0.0,0.0,0.0,0.0,0.0,0.0,0.0,0.0,0.0,0.0,0.0,0.0,0.0,0.0,0.0,0.0,0.0,0.0,0.0,0.0,0.0,0.0,0.0,0.0,0.0,0.0,0.0,0.0,0.0,0.0,0.0,0.0,0.0,0.0,0.0,0.0,0.0,0.0,-794.6396484375,0.0,794.6328125,0.0,-2114.642578125,0.0,2114.6484375,0.0,0.0,0.0,0.0,0.0,-129.17529296875,0.0,129.171875,0.0,0.0,0.0,0.0,0.0,0.0,0.0,0.0,0.0,0.0,0.0,0.0,0.0,14100.4775390625,0.0,131022.3515625,0.0,-3481.45751953125,0.0,3481.453125,0.0,-19.801333061059015,0.0,2.7296760082244873,0.0,FL
325510,FL,1205,22.307775497436523,1,0.0,0.0,0.0,1,0,0.0,0.0,41791.3125,21204.498046875,0.0,0.0,0.0,21204.498046875,0.0,0.0,0.0,0.0,0.0,0.0,0.0,0.0,0.0,0.0,0.0,0.0,0.0,0.0,0.0,0.0,0.0,0.0,0.0,0.0,0.0,0.0,0.0,0.0,0.0,0.0,0.0,0.0,0.0,0.0,0.0,0.0,0.0,0.0,0.0,0.0,0.0,0.0,0.0,0.0,0.0,0.0,0.0,0.0,0.0,0.0,0.0,0.0,0.0,0.0,0.0,0.0,0.0,0.0,0.0,0.0,0.0,0.0,0.0,0.0,0.0,0.0,0.0,0.0,0.0,0.0,0.0,0.0,0.0,0.0,0.0,0.0,0.0,0.0,0.0,0.0,0.0,0.0,0.0,0.0,0.0,0.0,0.0,0.0,0.0,0.0,41791.3125,21204.498046875,0.0,0.0,0.0,0.0,0.0,0.0,0.0,0.0,FL
325511,FL,1205,0.10229507088661194,6,3.0,37467.13671875,37467.13671875,6,0,-12287.82421875,0.0,99413.1640625,34778.30078125,8290.629638671875,0.0,0.0,43068.930419921875,0.0,0.0,0.0,0.0,0.0,0.0,0.0,0.0,0.0,0.0,0.0,0.0,0.0,0.0,0.0,0.0,0.0,0.0,0.0,0.0,0.0,0.0,0.0,0.0,0.0,0.0,0.0,0.0,0.0,0.0,0.0,0.0,0.0,0.0,0.0,0.0,0.0,0.0,0.0,0.0,0.0,0.0,0.0,0.0,0.0,0.0,0.0,0.0,0.0,0.0,0.0,0.0,0.0,0.0,0.0,0.0,0.0,0.0,0.0,0.0,0.0,0.0,0.0,0.0,0.0,0.0,0.0,0.0,0.0,0.0,0.0,0.0,0.0,0.0,0.0,0.0,0.0,0.0,0.0,0.0,0.0,0.0,0.0,0.0,-12287.82421875,0.0,99413.1640625,43068.930419921875,0.0,0.0,0.0,0.0,0.0,0.0,0.0,0.0,FL
325512,FL,1205,0.5456732511520386,1,0.0,0.0,0.0,1,0,0.0,0.0,59366.484375,26158.595703125,0.0,7049.2939453125,0.0,33207.8896484375,0.0,0.0,0.0,0.0,0.0,0.0,0.0,0.0,0.0,0.0,0.0,0.0,0.0,0.0,0.0,0.0,0.0,0.0,0.0,0.0,0.0,0.0,0.0,0.0,0.0,0.0,0.0,0.0,0.0,0.0,0.0,0.0,0.0,0.0,0.0,0.0,0.0,0.0,0.0,0.0,0.0,0.0,0.0,0.0,0.0,0.0,0.0,0.0,0.0,0.0,0.0,0.0,0.0,0.0,0.0,0.0,0.0,0.0,0.0,0.0,0.0,0.0,0.0,0.0,0.0,0.0,0.0,0.0,0.0,0.0,0.0,0.0,0.0,0.0,0.0,0.0,0.0,0.0,0.0,0.0,0.0,0.0,0.0,0.0,0.0,0.0,59366.484375,33207.8896484375,0.0,0.0,0.0,0.0,0.0,0.0,0.0,0.0,FL
325513,FL,1205,309.0688171386719,1,0.0,0.0,0.0,1,0,0.0,0.0,27749.44140625,14517.556640625,13231.8837890625,0.0,0.0,27749.4404296875,0.0,0.0,0.0,0.0,0.0,0.0,0.0,0.0,0.0,0.0,0.0,0.0,0.0,0.0,0.0,0.0,0.0,0.0,0.0,0.0,0.0,0.0,0.0,0.0,0.0,0.0,0.0,0.0,0.0,0.0,0.0,0.0,0.0,0.0,0.0,0.0,0.0,0.0,0.0,0.0,0.0,0.0,0.0,0.0,0.0,0.0,0.0,0.0,0.0,0.0,0.0,0.0,0.0,0.0,0.0,0.0,0.0,0.0,0.0,0.0,0.0,0.0,0.0,0.0,0.0,0.0,0.0,0.0,0.0,0.0,0.0,0.0,0.0,0.0,0.0,0.0,0.0,0.0,0.0,0.0,0.0,0.0,-13231.884765625,-13231.8837890625,0.0,0.0,14517.556640625,14517.556640625,0.0,0.0,-13231.884765625,-13231.8837890625,0.0,0.0,-47.68342590332031,-47.68342562650915,FL
325514,FL,1205,43.32664108276367,2,0.0,31359.185546875,31360.83984375,2,0,106.083984375,0.0,31141.943359375,0.0,0.0,0.0,2285.38671875,2285.38671875,0.0,0.0,0.0,0.0,-106.083984375,0.0,106.083984375,0.0,0.0,0.0,0.0,0.0,0.0,0.0,0.0,0.0,0.0,0.0,0.0,0.0,0.0,0.0,0.0,0.0,0.0,0.0,0.0,0.0,0.0,0.0,0.0,0.0,0.0,0.0,0.0,0.0,0.0,0.0,0.0,0.0,0.0,0.0,0.0,0.0,0.0,0.0,0.0,0.0,0.0,0.0,0.0,0.0,0.0,0.0,0.0,0.0,0.0,0.0,0.0,0.0,0.0,0.0,0.0,0.0,0.0,0.0,0.0,0.0,0.0,0.0,0.0,0.0,0.0,0.0,0.0,0.0,0.0,0.0,0.0,0.0,0.0,0.0,0.0,0.0,0.0,0.0,31248.02734375,2285.38671875,-106.083984375,0.0,106.083984375,0.0,-100.0,0.0,0.3406466543674469,0.0,FL
325515,FL,1205,35.763771057128906,1,0.0,0.0,0.0,1,0,0.0,0.0,45025.76171875,18714.58203125,13231.8837890625,0.0,0.0,31946.4658203125,0.0,0.0,0.0,0.0,0.0,0.0,0.0,0.0,0.0,0.0,0.0,0.0,0.0,0.0,0.0,0.0,0.0,0.0,0.0,0.0,0.0,0.0,0.0,0.0,0.0,0.0,0.0,0.0,0.0,0.0,0.0,0.0,0.0,0.0,0.0,0.0,0.0,0.0,0.0,0.0,0.0,0.0,0.0,0.0,0.0,0.0,0.0,0.0,0.0,0.0,0.0,0.0,0.0,0.0,0.0,0.0,0.0,0.0,0.0,0.0,0.0,0.0,0.0,0.0,0.0,0.0,0.0,0.0,0.0,0.0,0.0,0.0,0.0,0.0,0.0,0.0,0.0,0.0,0.0,0.0,0.0,0.0,0.0,0.0,0.0,0.0,45025.76171875,31946.4658203125,0.0,0.0,0.0,0.0,0.0,0.0,0.0,0.0,FL
325516,FL,1205,0.11336047202348709,2,0.0,0.0,123073.65625,2,0,9898.2578125,0.0,187136.875,29690.0078125,0.0,0.0,0.0,29690.0078125,-10.0,0.0,10.0,0.0,-228.0,0.0,228.0,0.0,0.0,0.0,0.0,0.0,0.0,0.0,0.0,0.0,0.0,0.0,0.0,0.0,0.0,0.0,0.0,0.0,-311.017578125,0.0,311.015625,0.0,0.0,0.0,0.0,0.0,0.0,0.0,0.0,0.0,0.0,0.0,0.0,0.0,0.0,0.0,0.0,0.0,0.0,0.0,0.0,0.0,0.0,0.0,0.0,0.0,0.0,0.0,0.0,0.0,0.0,0.0,0.0,0.0,0.0,0.0,0.0,0.0,-1439.9990234375,0.0,1440.0,0.0,0.0,0.0,0.0,0.0,0.0,0.0,0.0,0.0,0.0,0.0,0.0,0.0,0.0,0.0,0.0,0.0,7909.2412109375,0.0,189125.890625,29690.0078125,-1989.0166015625,0.0,1989.015625,0.0,-20.094613004024538,0.0,1.0628668069839478,0.0,FL
325517,FL,1205,35.370479583740234,1,0.0,0.0,0.0,1,0,0.0,0.0,42595.74609375,14846.9306640625,13231.8837890625,0.0,0.0,28078.814453125,0.0,0.0,0.0,0.0,0.0,0.0,0.0,0.0,0.0,0.0,0.0,0.0,0.0,0.0,0.0,0.0,0.0,0.0,0.0,0.0,0.0,0.0,0.0,0.0,0.0,0.0,0.0,0.0,0.0,0.0,0.0,0.0,0.0,0.0,0.0,0.0,0.0,0.0,0.0,0.0,0.0,0.0,0.0,0.0,0.0,0.0,0.0,0.0,0.0,0.0,0.0,0.0,0.0,0.0,0.0,0.0,0.0,0.0,0.0,0.0,0.0,0.0,0.0,0.0,0.0,0.0,0.0,0.0,0.0,0.0,0.0,0.0,0.0,0.0,0.0,0.0,0.0,0.0,0.0,0.0,0.0,0.0,0.0,0.0,0.0,0.0,42595.74609375,28078.814453125,0.0,0.0,0.0,0.0,0.0,0.0,0.0,0.0,FL
325518,FL,1205,111.15829467773438,1,0.0,0.0,0.0,0,1,0.0,0.0,23897.39453125,13543.8134765625,0.0,0.0,0.0,13543.8134765625,0.0,0.0,0.0,0.0,0.0,0.0,0.0,0.0,0.0,0.0,0.0,0.0,0.0,0.0,0.0,0.0,0.0,0.0,0.0,0.0,0.0,0.0,0.0,0.0,0.0,0.0,0.0,0.0,0.0,0.0,0.0,0.0,0.0,0.0,0.0,0.0,0.0,0.0,0.0,0.0,0.0,0.0,0.0,0.0,0.0,0.0,0.0,0.0,0.0,0.0,0.0,0.0,0.0,0.0,0.0,0.0,0.0,0.0,0.0,0.0,0.0,0.0,0.0,0.0,0.0,0.0,0.0,0.0,0.0,0.0,0.0,0.0,0.0,0.0,0.0,0.0,0.0,0.0,0.0,0.0,0.0,0.0,0.0,0.0,0.0,0.0,23897.39453125,13543.8134765625,0.0,0.0,0.0,0.0,0.0,0.0,0.0,0.0,FL
325519,FL,1205,242.770263671875,2,0.0,0.0,0.0,2,0,0.0,0.0,33712.484375,7248.7177734375,26463.767578125,0.0,0.0,33712.4853515625,0.0,0.0,0.0,0.0,0.0,0.0,0.0,0.0,0.0,0.0,0.0,0.0,0.0,0.0,0.0,0.0,0.0,0.0,0.0,0.0,0.0,0.0,0.0,0.0,0.0,0.0,0.0,0.0,0.0,0.0,0.0,0.0,0.0,0.0,0.0,0.0,0.0,0.0,0.0,0.0,0.0,0.0,0.0,0.0,0.0,0.0,0.0,0.0,0.0,0.0,0.0,0.0,0.0,0.0,0.0,0.0,0.0,0.0,0.0,0.0,0.0,0.0,0.0,0.0,0.0,0.0,0.0,0.0,0.0,0.0,0.0,0.0,0.0,0.0,0.0,0.0,0.0,0.0,0.0,0.0,0.0,0.0,0.0,0.0,0.0,0.0,33712.484375,33712.4853515625,0.0,0.0,0.0,0.0,0.0,0.0,0.0,0.0,FL
325520,FL,1205,67.58939361572266,1,0.0,0.0,0.0,1,0,0.0,0.0,62649.77734375,31468.73046875,0.0,0.0,0.0,31468.73046875,0.0,0.0,0.0,0.0,0.0,0.0,0.0,0.0,0.0,0.0,0.0,0.0,0.0,0.0,0.0,0.0,0.0,0.0,0.0,0.0,0.0,0.0,0.0,0.0,0.0,0.0,0.0,0.0,0.0,0.0,0.0,0.0,0.0,0.0,0.0,0.0,0.0,0.0,0.0,0.0,0.0,0.0,0.0,0.0,0.0,0.0,0.0,0.0,0.0,0.0,0.0,0.0,0.0,0.0,0.0,0.0,0.0,0.0,0.0,0.0,0.0,0.0,0.0,0.0,0.0,0.0,0.0,0.0,0.0,0.0,0.0,0.0,0.0,0.0,0.0,0.0,0.0,0.0,0.0,0.0,0.0,0.0,0.0,0.0,0.0,0.0,62649.77734375,31468.73046875,0.0,0.0,0.0,0.0,0.0,0.0,0.0,0.0,FL
325521,FL,1205,0.05730242654681206,2,0.0,104130.146484375,104130.974609375,2,0,7189.875244140625,0.0,92088.015625,389.11334228515625,0.0,0.0,0.0,389.11334228515625,-10.0,0.0,10.0,0.0,-114.0,0.0,114.0,0.0,0.0,0.0,0.0,0.0,0.0,0.0,0.0,0.0,0.0,0.0,0.0,0.0,0.0,0.0,0.0,0.0,0.0,0.0,0.0,0.0,0.0,0.0,0.0,0.0,0.0,0.0,0.0,0.0,0.0,0.0,0.0,0.0,0.0,0.0,0.0,0.0,0.0,0.0,0.0,0.0,0.0,0.0,0.0,0.0,0.0,0.0,0.0,0.0,-1258.3837280273438,0.0,1258.390625,0.0,0.0,0.0,0.0,0.0,0.0,0.0,0.0,0.0,-60.161529541015625,0.0,60.15625,0.0,0.0,0.0,0.0,0.0,0.0,0.0,0.0,0.0,0.0,0.0,0.0,0.0,5747.329986572266,0.0,93530.5625,389.11334228515625,-1442.5452575683594,0.0,1442.546875,0.0,-20.063564506824495,0.0,1.566487193107605,0.0,FL
325522,FL,1205,44.33747100830078,1,0.0,0.0,205.72811889648438,1,0,0.0,0.0,44407.53125,22380.544921875,0.0,0.0,0.0,22380.544921875,0.0,0.0,0.0,0.0,0.0,0.0,0.0,0.0,0.0,0.0,0.0,0.0,0.0,0.0,0.0,0.0,0.0,0.0,0.0,0.0,0.0,0.0,0.0,0.0,0.0,0.0,0.0,0.0,0.0,0.0,0.0,0.0,0.0,0.0,0.0,0.0,0.0,0.0,0.0,0.0,0.0,0.0,0.0,0.0,0.0,0.0,0.0,0.0,0.0,0.0,0.0,0.0,0.0,0.0,0.0,0.0,0.0,0.0,0.0,0.0,0.0,0.0,0.0,0.0,0.0,0.0,0.0,0.0,0.0,0.0,0.0,0.0,0.0,0.0,0.0,0.0,0.0,0.0,0.0,0.0,0.0,0.0,0.0,0.0,0.0,0.0,44407.53125,22380.544921875,0.0,0.0,0.0,0.0,0.0,0.0,0.0,0.0,FL
325523,FL,1205,0.33482596278190613,4,2.0,156101.3828125,159554.203125,4,0,9900.8447265625,0.0,163753.03125,14744.0830078125,0.0,0.0,0.0,14744.0830078125,-230.0,0.0,230.0,0.0,0.0,0.0,0.0,0.0,0.0,0.0,0.0,0.0,0.0,0.0,0.0,0.0,-400.0,0.0,400.0,0.0,0.0,0.0,0.0,0.0,0.0,0.0,0.0,0.0,0.0,0.0,0.0,0.0,0.0,0.0,0.0,0.0,0.0,0.0,0.0,0.0,0.0,0.0,0.0,0.0,0.0,0.0,0.0,0.0,0.0,0.0,0.0,0.0,0.0,0.0,0.0,0.0,0.0,0.0,0.0,0.0,0.0,0.0,0.0,0.0,0.0,0.0,0.0,0.0,-518.3857421875,0.0,518.375,0.0,0.0,0.0,0.0,0.0,0.0,0.0,0.0,0.0,0.0,0.0,0.0,0.0,8752.458984375,0.0,164901.40625,14744.0830078125,-1148.3857421875,0.0,1148.375,0.0,-11.59886629780741,0.0,0.7012847065925598,0.0,FL
325524,FL,1205,69.70729064941406,2,0.0,30197.734375,30232.478515625,2,0,0.0,0.0,61051.9765625,3991.42431640625,13231.8837890625,15889.962890625,0.0,33113.27099609375,0.0,0.0,0.0,0.0,0.0,0.0,0.0,0.0,0.0,0.0,0.0,0.0,0.0,0.0,0.0,0.0,0.0,0.0,0.0,0.0,0.0,0.0,0.0,0.0,0.0,0.0,0.0,0.0,0.0,0.0,0.0,0.0,0.0,0.0,0.0,0.0,0.0,0.0,0.0,0.0,0.0,0.0,0.0,0.0,0.0,0.0,0.0,0.0,0.0,0.0,0.0,0.0,0.0,0.0,0.0,0.0,0.0,0.0,0.0,0.0,0.0,0.0,0.0,0.0,0.0,0.0,0.0,0.0,0.0,0.0,0.0,0.0,0.0,0.0,0.0,0.0,0.0,0.0,0.0,0.0,0.0,0.0,0.0,0.0,0.0,0.0,61051.9765625,33113.27099609375,0.0,0.0,0.0,0.0,0.0,0.0,0.0,0.0,FL
325525,FL,1205,144.6511993408203,2,0.0,6103.9814453125,21189.568359375,2,0,0.0,0.0,92777.25,35968.0703125,0.0,0.0,0.0,35968.0703125,0.0,0.0,0.0,0.0,0.0,0.0,0.0,0.0,0.0,0.0,0.0,0.0,0.0,0.0,0.0,0.0,0.0,0.0,0.0,0.0,0.0,0.0,0.0,0.0,0.0,0.0,0.0,0.0,0.0,0.0,0.0,0.0,0.0,0.0,0.0,0.0,0.0,0.0,0.0,0.0,0.0,0.0,0.0,0.0,0.0,0.0,0.0,0.0,0.0,0.0,0.0,0.0,0.0,0.0,0.0,0.0,0.0,0.0,0.0,0.0,0.0,0.0,0.0,0.0,0.0,0.0,0.0,0.0,0.0,0.0,0.0,0.0,0.0,0.0,0.0,0.0,0.0,0.0,0.0,0.0,0.0,0.0,0.0,0.0,0.0,0.0,92777.25,35968.0703125,0.0,0.0,0.0,0.0,0.0,0.0,0.0,0.0,FL
325526,FL,1205,0.03447471931576729,2,0.0,139374.1640625,139417.890625,1,1,13658.849609375,0.0,115101.203125,0.0,0.0,0.0,0.0,0.0,-230.0,0.0,230.0,0.0,-418.0,0.0,418.0,0.0,0.0,0.0,0.0,0.0,0.0,0.0,0.0,0.0,0.0,0.0,0.0,0.0,0.0,0.0,0.0,0.0,0.0,0.0,0.0,0.0,0.0,0.0,0.0,0.0,0.0,0.0,0.0,0.0,0.0,0.0,0.0,0.0,-68.44921875,0.0,68.4453125,0.0,0.0,0.0,0.0,0.0,0.0,0.0,0.0,0.0,0.0,0.0,0.0,0.0,0.0,0.0,0.0,0.0,0.0,0.0,0.0,0.0,0.0,0.0,0.0,0.0,0.0,0.0,0.0,0.0,0.0,0.0,0.0,0.0,0.0,0.0,0.0,0.0,0.0,0.0,0.0,0.0,12942.400390625,0.0,115817.6484375,0.0,-716.44921875,0.0,716.4453125,0.0,-5.245311568979075,0.0,0.6224481463432312,0.0,FL
325527,FL,1205,0.04262186214327812,5,1.0,216028.021484375,223710.63867187497,5,0,19911.966552734375,0.0,206432.515625,0.0,0.0,0.0,0.0,0.0,-240.0,0.0,240.0,0.0,-646.0,0.0,646.0,0.0,0.0,0.0,0.0,0.0,0.0,0.0,0.0,0.0,0.0,0.0,0.0,0.0,0.0,0.0,0.0,0.0,-941.0595703125,0.0,941.0625,0.0,0.0,0.0,0.0,0.0,0.0,0.0,0.0,0.0,0.0,0.0,0.0,0.0,-9.5087890625,0.0,9.5,0.0,0.0,0.0,0.0,0.0,0.0,0.0,0.0,0.0,0.0,0.0,0.0,0.0,0.0,0.0,0.0,0.0,-383.989990234375,0.0,384.0,0.0,0.0,0.0,0.0,0.0,-151.752685546875,0.0,151.75,0.0,0.0,0.0,0.0,0.0,0.0,0.0,0.0,0.0,0.0,0.0,0.0,0.0,17539.655517578125,0.0,208804.828125,0.0,-2372.31103515625,0.0,2372.3125,0.0,-11.913996685729048,0.0,1.1491951942443848,0.0,FL
325528,FL,1205,0.04815591499209404,3,0.0,128450.009765625,128209.171875,1,2,7933.31298828125,0.0,148192.828125,0.0,0.0,12305.21826171875,0.0,12305.21826171875,-15.0,0.0,15.0,0.0,-228.0,0.0,228.0,0.0,0.0,0.0,0.0,0.0,0.0,0.0,0.0,0.0,0.0,0.0,0.0,0.0,0.0,0.0,0.0,0.0,0.0,0.0,0.0,0.0,0.0,0.0,0.0,0.0,0.0,0.0,0.0,0.0,0.0,0.0,0.0,0.0,-240.0,0.0,240.0,0.0,0.0,0.0,0.0,0.0,0.0,0.0,0.0,0.0,0.0,0.0,0.0,0.0,0.0,0.0,0.0,0.0,0.0,0.0,0.0,0.0,0.0,0.0,0.0,0.0,-249.032958984375,0.0,249.03125,0.0,0.0,0.0,0.0,0.0,0.0,0.0,0.0,0.0,0.0,0.0,0.0,0.0,7201.280029296875,0.0,148924.859375,12305.21826171875,-732.032958984375,0.0,732.03125,0.0,-9.227329869194657,0.0,0.4939720928668976,0.0,FL
325529,FL,1205,0.04973287135362625,2,0.0,447695.7265625,504394.5,2,0,95166.7109375,0.0,476342.25,66704.421875,0.0,0.0,0.0,66704.421875,-764.0,0.0,764.0,0.0,0.0,0.0,0.0,0.0,0.0,0.0,0.0,0.0,0.0,0.0,0.0,0.0,0.0,0.0,0.0,0.0,0.0,0.0,0.0,0.0,0.0,0.0,0.0,0.0,0.0,0.0,0.0,0.0,0.0,0.0,0.0,0.0,0.0,0.0,0.0,0.0,0.0,0.0,0.0,0.0,0.0,0.0,0.0,0.0,0.0,0.0,0.0,0.0,0.0,0.0,0.0,0.0,0.0,0.0,0.0,0.0,0.0,0.0,0.0,0.0,0.0,0.0,0.0,0.0,0.0,0.0,0.0,0.0,0.0,0.0,0.0,0.0,0.0,0.0,0.0,0.0,0.0,0.0,0.0,0.0,94402.7109375,0.0,477106.25,66704.421875,-764.0,0.0,764.0,0.0,-0.8028017281187232,0.0,0.16038888692855835,0.0,FL
325530,FL,1205,0.05949997901916504,1,0.0,59278.1484375,85430.0546875,1,0,9837.6123046875,0.0,111028.1875,30749.4296875,0.0,0.0,0.0,30749.4296875,-115.0,0.0,115.0,0.0,-209.0,0.0,209.0,0.0,0.0,0.0,0.0,0.0,0.0,0.0,0.0,0.0,0.0,0.0,0.0,0.0,0.0,0.0,0.0,0.0,0.0,0.0,0.0,0.0,0.0,0.0,0.0,0.0,0.0,0.0,0.0,0.0,0.0,0.0,0.0,0.0,0.0,0.0,0.0,0.0,0.0,0.0,0.0,0.0,0.0,0.0,0.0,0.0,0.0,0.0,0.0,0.0,0.0,0.0,0.0,0.0,0.0,0.0,0.0,0.0,-1182.3232421875,0.0,1182.3203125,0.0,0.0,0.0,0.0,0.0,0.0,0.0,0.0,0.0,0.0,0.0,0.0,0.0,0.0,0.0,0.0,0.0,8331.2890625,0.0,112534.5078125,30749.4296875,-1506.3232421875,0.0,1506.3203125,0.0,-15.311878487727714,0.0,1.3567007780075073,0.0,FL
325531,FL,1205,18.815214157104492,1,0.0,0.0,0.8272702097892761,1,0,0.0,0.0,33535.1328125,17075.80078125,0.0,0.0,0.0,17075.80078125,0.0,0.0,0.0,0.0,0.0,0.0,0.0,0.0,0.0,0.0,0.0,0.0,0.0,0.0,0.0,0.0,0.0,0.0,0.0,0.0,0.0,0.0,0.0,0.0,0.0,0.0,0.0,0.0,0.0,0.0,0.0,0.0,0.0,0.0,0.0,0.0,0.0,0.0,0.0,0.0,0.0,0.0,0.0,0.0,0.0,0.0,0.0,0.0,0.0,0.0,0.0,0.0,0.0,0.0,0.0,0.0,0.0,0.0,0.0,0.0,0.0,0.0,0.0,0.0,0.0,0.0,0.0,0.0,0.0,0.0,0.0,0.0,0.0,0.0,-287.6796875,-287.68359375,0.0,0.0,0.0,0.0,0.0,0.0,0.0,0.0,0.0,0.0,33247.453125,16788.1171875,0.0,0.0,-287.6796875,-287.68359375,0.0,0.0,-0.857845664024353,-1.6847443785236098,FL
325532,FL,1205,0.017528342083096504,1,0.0,188.8858642578125,38278.0078125,1,0,1904.5938720703125,0.0,41323.0234375,0.0,0.0,0.0,0.0,0.0,-5.0,0.0,5.0,0.0,-91.2000732421875,0.0,91.19921875,0.0,0.0,0.0,0.0,0.0,0.0,0.0,0.0,0.0,0.0,0.0,0.0,0.0,0.0,0.0,0.0,0.0,-85.9014892578125,0.0,85.90234375,0.0,0.0,0.0,0.0,0.0,0.0,0.0,0.0,0.0,0.0,0.0,0.0,0.0,-120.0,0.0,120.0,0.0,0.0,0.0,0.0,0.0,0.0,0.0,0.0,0.0,0.0,0.0,0.0,0.0,0.0,0.0,0.0,0.0,0.0,0.0,0.0,0.0,0.0,0.0,0.0,0.0,-35.6688232421875,0.0,35.66796875,0.0,0.0,0.0,0.0,0.0,0.0,0.0,0.0,0.0,0.0,0.0,0.0,0.0,1566.823486328125,0.0,41660.79296875,0.0,-337.7703857421875,0.0,337.76953125,0.0,-17.734509739602792,0.0,0.8173881769180298,0.0,FL
325533,FL,1205,0.026514679193496704,2,0.0,136164.8671875,146905.64453125,2,0,16670.6171875,0.0,136934.046875,0.0,0.0,0.0,0.0,0.0,-120.0,0.0,120.0,0.0,-323.0,0.0,323.0,0.0,0.0,0.0,0.0,0.0,0.0,0.0,0.0,0.0,0.0,0.0,0.0,0.0,0.0,0.0,0.0,0.0,0.0,0.0,0.0,0.0,0.0,0.0,0.0,0.0,0.0,0.0,0.0,0.0,0.0,0.0,0.0,0.0,0.0,0.0,0.0,0.0,0.0,0.0,0.0,0.0,0.0,0.0,0.0,0.0,0.0,0.0,0.0,0.0,0.0,0.0,0.0,0.0,0.0,0.0,0.0,0.0,-720.0,0.0,720.0,0.0,0.0,0.0,0.0,0.0,0.0,0.0,0.0,0.0,0.0,0.0,0.0,0.0,0.0,0.0,0.0,0.0,15507.6171875,0.0,138097.046875,0.0,-1163.0,0.0,1163.0,0.0,-6.976346387895243,0.0,0.8493139147758484,0.0,FL
325534,FL,1205,0.6080321073532104,7,5.0,589932.0,669771.8750000001,7,0,165136.57812500003,0.0,521469.75,0.0,0.0,0.0,0.0,0.0,-749.0,0.0,749.0,0.0,-665.0,0.0,665.0,0.0,0.0,0.0,0.0,0.0,0.0,0.0,0.0,0.0,0.0,0.0,0.0,0.0,0.0,0.0,0.0,0.0,0.0,0.0,0.0,0.0,0.0,0.0,0.0,0.0,0.0,0.0,0.0,0.0,0.0,0.0,0.0,0.0,0.0,0.0,0.0,0.0,0.0,0.0,0.0,0.0,0.0,0.0,0.0,0.0,0.0,0.0,0.0,0.0,0.0,0.0,0.0,0.0,0.0,0.0,0.0,0.0,0.0,0.0,0.0,0.0,0.0,0.0,0.0,0.0,0.0,0.0,0.0,0.0,0.0,0.0,0.0,0.0,0.0,0.0,0.0,0.0,163722.57812500003,0.0,522883.75,0.0,-1414.0,0.0,1414.0,0.0,-0.8562609302281131,0.0,0.2711566686630249,0.0,FL
325535,FL,1205,0.05328768864274025,4,0.0,122843.6875,123140.68233203888,2,2,10641.5791015625,0.0,155216.109375,12620.4326171875,26463.767578125,0.0,0.0,39084.2001953125,-10.0,0.0,10.0,0.0,-228.0,0.0,228.0,0.0,0.0,0.0,0.0,0.0,0.0,0.0,0.0,0.0,0.0,0.0,0.0,0.0,0.0,0.0,0.0,0.0,0.0,0.0,0.0,0.0,0.0,0.0,0.0,0.0,0.0,0.0,0.0,0.0,0.0,0.0,0.0,0.0,-240.0,0.0,240.0,0.0,0.0,0.0,0.0,0.0,0.0,0.0,0.0,0.0,0.0,0.0,0.0,0.0,0.0,0.0,0.0,0.0,0.0,0.0,0.0,0.0,0.0,0.0,0.0,0.0,-166.5400390625,0.0,166.546875,0.0,0.0,0.0,0.0,0.0,0.0,0.0,0.0,0.0,0.0,0.0,0.0,0.0,9997.0390625,0.0,155860.65625,39084.2001953125,-644.5400390625,0.0,644.546875,0.0,-6.056808232228076,0.0,0.4152577519416809,0.0,FL
325536,FL,1205,88.65989685058594,2,0.0,0.0,0.0,2,0,0.0,0.0,65684.171875,32985.9296875,0.0,0.0,0.0,32985.9296875,0.0,0.0,0.0,0.0,0.0,0.0,0.0,0.0,0.0,0.0,0.0,0.0,0.0,0.0,0.0,0.0,0.0,0.0,0.0,0.0,0.0,0.0,0.0,0.0,0.0,0.0,0.0,0.0,0.0,0.0,0.0,0.0,0.0,0.0,0.0,0.0,0.0,0.0,0.0,0.0,0.0,0.0,0.0,0.0,0.0,0.0,0.0,0.0,0.0,0.0,0.0,0.0,0.0,0.0,0.0,0.0,0.0,0.0,0.0,0.0,0.0,0.0,0.0,0.0,0.0,0.0,0.0,0.0,0.0,0.0,0.0,0.0,0.0,0.0,0.0,0.0,0.0,0.0,0.0,0.0,0.0,0.0,0.0,0.0,0.0,0.0,65684.171875,32985.9296875,0.0,0.0,0.0,0.0,0.0,0.0,0.0,0.0,FL
325537,FL,1205,22.085227966308594,1,0.0,0.0,1559.4044189453125,1,0,0.0,0.0,52099.1484375,25046.794921875,0.0,0.0,0.0,25046.794921875,0.0,0.0,0.0,0.0,0.0,0.0,0.0,0.0,0.0,0.0,0.0,0.0,0.0,0.0,0.0,0.0,0.0,0.0,0.0,0.0,0.0,0.0,0.0,0.0,0.0,0.0,0.0,0.0,0.0,0.0,0.0,0.0,0.0,0.0,0.0,0.0,0.0,0.0,0.0,0.0,0.0,0.0,0.0,0.0,0.0,0.0,0.0,0.0,0.0,0.0,0.0,0.0,0.0,0.0,0.0,0.0,0.0,0.0,0.0,0.0,0.0,0.0,0.0,0.0,0.0,0.0,0.0,0.0,0.0,0.0,0.0,0.0,0.0,0.0,0.0,0.0,0.0,0.0,0.0,0.0,0.0,0.0,0.0,0.0,0.0,0.0,52099.1484375,25046.794921875,0.0,0.0,0.0,0.0,0.0,0.0,0.0,0.0,FL
325538,FL,1205,19.176218032836914,1,0.0,10453.0625,10461.3349609375,1,0,0.0,0.0,71070.4296875,28509.603515625,0.0,4774.767578125,0.0,33284.37109375,0.0,0.0,0.0,0.0,0.0,0.0,0.0,0.0,0.0,0.0,0.0,0.0,0.0,0.0,0.0,0.0,0.0,0.0,0.0,0.0,0.0,0.0,0.0,0.0,0.0,0.0,0.0,0.0,0.0,0.0,0.0,0.0,0.0,0.0,0.0,0.0,0.0,0.0,0.0,0.0,0.0,0.0,0.0,0.0,0.0,0.0,0.0,0.0,0.0,0.0,0.0,0.0,0.0,0.0,0.0,0.0,0.0,0.0,0.0,0.0,0.0,0.0,0.0,0.0,0.0,0.0,0.0,0.0,0.0,0.0,0.0,0.0,0.0,0.0,0.0,0.0,0.0,0.0,0.0,0.0,0.0,0.0,0.0,0.0,0.0,0.0,71070.4296875,33284.37109375,0.0,0.0,0.0,0.0,0.0,0.0,0.0,0.0,FL
325539,FL,1205,0.17523403465747833,2,0.0,45834.685546875,51364.265625,2,0,2046.2218017578125,0.0,52375.0,5207.7724609375,0.0,0.0,0.0,5207.7724609375,0.0,0.0,0.0,0.0,-190.0,0.0,190.0,0.0,0.0,0.0,0.0,0.0,0.0,0.0,0.0,0.0,0.0,0.0,0.0,0.0,0.0,0.0,0.0,0.0,0.0,0.0,0.0,0.0,0.0,0.0,0.0,0.0,0.0,0.0,0.0,0.0,0.0,0.0,0.0,0.0,-200.0,0.0,200.0,0.0,0.0,0.0,0.0,0.0,0.0,0.0,0.0,0.0,0.0,0.0,0.0,0.0,0.0,0.0,0.0,0.0,0.0,0.0,0.0,0.0,0.0,0.0,0.0,0.0,0.0,0.0,0.0,0.0,0.0,0.0,0.0,0.0,0.0,0.0,0.0,0.0,0.0,0.0,0.0,0.0,1656.2218017578125,0.0,52765.0,5207.7724609375,-390.0,0.0,390.0,0.0,-19.05951738296256,0.0,0.7446300983428955,0.0,FL
325540,FL,1205,0.03272194042801857,6,3.0,197441.28955078125,198268.55517578125,5,1,19569.673828125,0.0,178211.265625,0.0,3282.15771484375,0.0,0.0,3282.15771484375,-230.0,0.0,230.0,0.0,-418.0,0.0,418.0,0.0,0.0,0.0,0.0,0.0,0.0,0.0,0.0,0.0,-600.0,0.0,600.0,0.0,0.0,0.0,0.0,0.0,0.0,0.0,0.0,0.0,0.0,0.0,0.0,0.0,0.0,0.0,0.0,0.0,0.0,0.0,0.0,0.0,0.0,0.0,0.0,0.0,0.0,0.0,0.0,0.0,0.0,0.0,0.0,0.0,0.0,0.0,0.0,0.0,0.0,0.0,0.0,0.0,0.0,0.0,0.0,0.0,0.0,0.0,0.0,0.0,-87.982421875,0.0,87.984375,0.0,0.0,0.0,0.0,0.0,0.0,0.0,0.0,0.0,0.0,0.0,0.0,0.0,18233.69140625,0.0,179547.25,3282.15771484375,-1335.982421875,0.0,1335.984375,0.0,-6.826799637073984,0.0,0.749663233757019,0.0,FL
325541,FL,1205,0.03535255789756775,2,0.0,54480.337890625,54480.337890625,2,0,2632.369186401367,0.0,50314.25,0.0,0.0,0.0,0.0,0.0,-5.0,0.0,5.0,0.0,-208.99999618530273,0.0,209.0,0.0,0.0,0.0,0.0,0.0,0.0,0.0,0.0,0.0,0.0,0.0,0.0,0.0,0.0,0.0,0.0,0.0,0.0,0.0,0.0,0.0,0.0,0.0,0.0,0.0,0.0,0.0,0.0,0.0,0.0,0.0,0.0,0.0,-36.35722732543945,0.0,36.359375,0.0,0.0,0.0,0.0,0.0,0.0,0.0,0.0,0.0,0.0,0.0,0.0,0.0,0.0,0.0,0.0,0.0,0.0,0.0,0.0,0.0,0.0,0.0,0.0,0.0,-22.0498046875,0.0,22.05078125,0.0,0.0,0.0,0.0,0.0,0.0,0.0,0.0,0.0,0.0,0.0,0.0,0.0,2359.962158203125,0.0,50586.66015625,0.0,-272.4070281982422,0.0,272.41015625,0.0,-10.348359554027512,0.0,0.5414174795150757,0.0,FL
325542,FL,1205,118.96430969238281,1,0.0,0.0,413.6351013183594,1,0,0.0,0.0,67940.515625,33666.11328125,0.0,0.0,0.0,33666.11328125,0.0,0.0,0.0,0.0,0.0,0.0,0.0,0.0,0.0,0.0,0.0,0.0,0.0,0.0,0.0,0.0,0.0,0.0,0.0,0.0,0.0,0.0,0.0,0.0,0.0,0.0,0.0,0.0,0.0,0.0,0.0,0.0,0.0,0.0,0.0,0.0,0.0,0.0,0.0,0.0,0.0,0.0,0.0,0.0,0.0,0.0,0.0,0.0,0.0,0.0,0.0,0.0,0.0,0.0,0.0,0.0,0.0,0.0,0.0,0.0,0.0,0.0,0.0,0.0,0.0,0.0,0.0,0.0,0.0,0.0,0.0,0.0,0.0,0.0,0.0,0.0,0.0,0.0,0.0,0.0,0.0,0.0,0.0,0.0,0.0,0.0,67940.515625,33666.11328125,0.0,0.0,0.0,0.0,0.0,0.0,0.0,0.0,FL
325543,FL,1205,0.21308988332748413,8,3.0,178559.9609375,533651.76953125,8,0,104453.640625,0.0,422810.8125,0.0,0.0,0.0,0.0,0.0,-764.0,0.0,764.0,0.0,-693.4921875,0.0,693.5,0.0,0.0,0.0,0.0,0.0,0.0,0.0,0.0,0.0,0.0,0.0,0.0,0.0,0.0,0.0,0.0,0.0,-72.7578125,0.0,72.75,0.0,0.0,0.0,0.0,0.0,0.0,0.0,0.0,0.0,0.0,0.0,0.0,0.0,0.0,0.0,0.0,0.0,0.0,0.0,0.0,0.0,0.0,0.0,0.0,0.0,0.0,0.0,0.0,0.0,0.0,0.0,0.0,0.0,0.0,0.0,0.0,0.0,0.0,0.0,0.0,0.0,0.0,0.0,0.0,0.0,0.0,0.0,0.0,0.0,0.0,0.0,0.0,0.0,0.0,0.0,0.0,0.0,102923.390625,0.0,424341.0625,0.0,-1530.25,0.0,1530.25,0.0,-1.4650039872652836,0.0,0.36192309856414795,0.0,FL
325544,FL,1205,0.03362106904387474,1,0.0,213188.453125,214556.734375,1,0,40587.58203125,0.0,184333.6875,0.0,0.0,0.0,0.0,0.0,-132.68359375,0.0,132.6875,0.0,-228.0,0.0,228.0,0.0,0.0,0.0,0.0,0.0,0.0,0.0,0.0,0.0,0.0,0.0,0.0,0.0,0.0,0.0,0.0,0.0,0.0,0.0,0.0,0.0,0.0,0.0,0.0,0.0,0.0,0.0,0.0,0.0,0.0,0.0,0.0,0.0,0.0,0.0,0.0,0.0,0.0,0.0,0.0,0.0,0.0,0.0,0.0,0.0,0.0,0.0,0.0,0.0,0.0,0.0,0.0,0.0,0.0,0.0,0.0,0.0,0.0,0.0,0.0,0.0,0.0,0.0,0.0,0.0,0.0,0.0,0.0,0.0,0.0,0.0,0.0,0.0,0.0,0.0,0.0,0.0,40226.8984375,0.0,184694.375,0.0,-360.68359375,0.0,360.6875,0.0,-0.8886550410228806,0.0,0.1956709623336792,0.0,FL
325545,FL,1205,0.12145121395587921,3,1.0,564603.140625,585037.8125,3,0,131942.34375,0.0,491888.25,17554.927734375,0.0,0.0,0.0,17554.927734375,-749.0,0.0,749.0,0.0,-665.015625,0.0,665.0,0.0,0.0,0.0,0.0,0.0,0.0,0.0,0.0,0.0,0.0,0.0,0.0,0.0,0.0,0.0,0.0,0.0,0.0,0.0,0.0,0.0,0.0,0.0,0.0,0.0,0.0,0.0,0.0,0.0,0.0,0.0,0.0,0.0,-125.046875,0.0,125.0625,0.0,0.0,0.0,0.0,0.0,0.0,0.0,0.0,0.0,0.0,0.0,0.0,0.0,0.0,0.0,0.0,0.0,0.0,0.0,0.0,0.0,0.0,0.0,0.0,0.0,0.0,0.0,0.0,0.0,0.0,0.0,0.0,0.0,0.0,0.0,0.0,0.0,0.0,0.0,0.0,0.0,130403.28125,0.0,493427.3125,17554.927734375,-1539.0625,0.0,1539.0625,0.0,-1.166465939786673,0.0,0.31288865208625793,0.0,FL
325546,FL,1205,0.09344248473644257,7,5.0,214854.60766601562,190762.6875,7,0,17315.9765625,0.0,219619.625,0.0,0.0,0.0,0.0,0.0,-230.0,0.0,230.0,0.0,-417.99999999999636,0.0,418.0,0.0,0.0,0.0,0.0,0.0,0.0,0.0,0.0,0.0,-600.0000000000018,0.0,599.984375,0.0,0.0,0.0,0.0,0.0,0.0,0.0,0.0,0.0,0.0,0.0,0.0,0.0,0.0,0.0,0.0,0.0,0.0,0.0,0.0,0.0,-47.73242187499818,0.0,47.734375,0.0,0.0,0.0,0.0,0.0,0.0,0.0,0.0,0.0,0.0,0.0,0.0,0.0,-950.400390625,0.0,950.40625,0.0,-819.9941406250018,0.0,820.0,0.0,0.0,0.0,0.0,0.0,0.0,0.0,0.0,0.0,0.0,0.0,0.0,0.0,0.0,0.0,0.0,0.0,0.0,0.0,0.0,0.0,14249.849609375002,0.0,222685.75,0.0,-3066.126953124998,0.0,3066.125,0.0,-17.706924827821116,0.0,1.3961070775985718,0.0,FL
325547,FL,1205,0.1100543960928917,3,1.0,706080.46875,835091.75,2,1,210779.25,0.0,593293.125,0.0,0.0,0.0,0.0,0.0,-734.0,0.0,734.0,0.0,-703.0,0.0,703.0,0.0,0.0,0.0,0.0,0.0,0.0,0.0,0.0,0.0,0.0,0.0,0.0,0.0,0.0,0.0,0.0,0.0,0.0,0.0,0.0,0.0,0.0,0.0,0.0,0.0,0.0,0.0,0.0,0.0,0.0,0.0,0.0,0.0,-740.0,0.0,740.0,0.0,0.0,0.0,0.0,0.0,0.0,0.0,0.0,0.0,0.0,0.0,0.0,0.0,0.0,0.0,0.0,0.0,0.0,0.0,0.0,0.0,0.0,0.0,0.0,0.0,0.0,0.0,0.0,0.0,0.0,0.0,0.0,0.0,0.0,0.0,0.0,0.0,0.0,0.0,0.0,0.0,208602.25,0.0,595470.125,0.0,-2177.0,0.0,2177.0,0.0,-1.032834114363724,0.0,0.36693498492240906,0.0,FL
325548,FL,1205,0.8276235461235046,1,0.0,186170.390625,453869.78125,1,0,124830.390625,0.0,415628.5625,50656.12109375,0.0,0.0,0.0,50656.12109375,-362.25,0.0,362.25,0.0,-332.5,0.0,332.5,0.0,0.0,0.0,0.0,0.0,0.0,0.0,0.0,0.0,0.0,0.0,0.0,0.0,0.0,0.0,0.0,0.0,0.0,0.0,0.0,0.0,0.0,0.0,0.0,0.0,0.0,0.0,0.0,0.0,0.0,0.0,0.0,0.0,-350.0,0.0,350.0,0.0,0.0,0.0,0.0,0.0,0.0,0.0,0.0,0.0,0.0,0.0,0.0,0.0,0.0,0.0,0.0,0.0,0.0,0.0,0.0,0.0,0.0,0.0,0.0,0.0,0.0,0.0,0.0,0.0,0.0,0.0,0.0,0.0,0.0,0.0,0.0,0.0,0.0,0.0,0.0,0.0,123785.640625,0.0,416673.3125,50656.12109375,-1044.75,0.0,1044.75,0.0,-0.8369356170153377,0.0,0.2513662576675415,0.0,FL
325549,FL,1205,0.08379531651735306,2,0.0,268411.0703125,841140.5625,2,0,122836.8203125,0.0,724206.375,0.0,0.0,0.0,0.0,0.0,-749.0,0.0,749.0,0.0,0.0,0.0,0.0,0.0,0.0,0.0,0.0,0.0,0.0,0.0,0.0,0.0,0.0,0.0,0.0,0.0,0.0,0.0,0.0,0.0,0.0,0.0,0.0,0.0,0.0,0.0,0.0,0.0,0.0,0.0,0.0,0.0,0.0,0.0,0.0,0.0,0.0,0.0,0.0,0.0,0.0,0.0,0.0,0.0,0.0,0.0,0.0,0.0,0.0,0.0,0.0,0.0,0.0,0.0,0.0,0.0,0.0,0.0,0.0,0.0,0.0,0.0,0.0,0.0,0.0,0.0,0.0,0.0,0.0,0.0,0.0,0.0,0.0,0.0,0.0,0.0,0.0,0.0,0.0,0.0,122087.8203125,0.0,724955.375,0.0,-749.0,0.0,749.0,0.0,-0.6097520255689823,0.0,0.10342355817556381,0.0,FL
325550,FL,1205,0.020772667601704597,2,0.0,373466.65625,403093.7109375,2,0,83067.6015625,0.0,322735.375,0.0,0.0,0.0,0.0,0.0,-477.25,0.0,477.25,0.0,-541.5,0.0,541.5,0.0,0.0,0.0,0.0,0.0,0.0,0.0,0.0,0.0,0.0,0.0,0.0,0.0,0.0,0.0,0.0,0.0,0.0,0.0,0.0,0.0,0.0,0.0,0.0,0.0,0.0,0.0,0.0,0.0,0.0,0.0,0.0,0.0,0.0,0.0,0.0,0.0,0.0,0.0,0.0,0.0,0.0,0.0,0.0,0.0,0.0,0.0,0.0,0.0,0.0,0.0,0.0,0.0,0.0,0.0,0.0,0.0,0.0,0.0,0.0,0.0,0.0,0.0,0.0,0.0,0.0,0.0,0.0,0.0,0.0,0.0,0.0,0.0,0.0,0.0,0.0,0.0,82048.8515625,0.0,323754.125,0.0,-1018.75,0.0,1018.75,0.0,-1.226410755622327,0.0,0.31566110253334045,0.0,FL
325551,FL,1205,0.057524729520082474,1,0.0,0.0,60705.1328125,1,0,3984.862060546875,0.0,87513.8125,25699.73046875,0.0,0.0,0.0,25699.73046875,-5.0,0.0,5.0,0.0,-114.0,0.0,114.0,0.0,0.0,0.0,0.0,0.0,0.0,0.0,0.0,0.0,0.0,0.0,0.0,0.0,0.0,0.0,0.0,0.0,0.0,0.0,0.0,0.0,0.0,0.0,0.0,0.0,0.0,0.0,0.0,0.0,0.0,0.0,0.0,0.0,0.0,0.0,0.0,0.0,0.0,0.0,0.0,0.0,0.0,0.0,0.0,0.0,0.0,0.0,0.0,0.0,0.0,0.0,0.0,0.0,0.0,0.0,0.0,0.0,-720.0,0.0,720.0,0.0,0.0,0.0,0.0,0.0,0.0,0.0,0.0,0.0,0.0,0.0,0.0,0.0,0.0,0.0,0.0,0.0,3145.862060546875,0.0,88352.8125,25699.73046875,-839.0,0.0,839.0,0.0,-21.05468112200745,0.0,0.9587057828903198,0.0,FL
325552,FL,1205,0.1281406581401825,3,1.0,220454.203125,220454.203125,3,0,29487.923828125,0.0,176575.40625,0.0,0.0,0.0,0.0,0.0,-230.0,0.0,230.0,0.0,-418.0,0.0,418.0,0.0,0.0,0.0,0.0,0.0,0.0,0.0,0.0,0.0,-200.0,0.0,200.0,0.0,0.0,0.0,0.0,0.0,0.0,0.0,0.0,0.0,0.0,0.0,0.0,0.0,0.0,0.0,0.0,0.0,0.0,0.0,0.0,0.0,0.0,0.0,0.0,0.0,0.0,0.0,0.0,0.0,0.0,0.0,0.0,0.0,0.0,0.0,0.0,0.0,0.0,0.0,0.0,0.0,0.0,0.0,0.0,0.0,0.0,0.0,0.0,0.0,0.0,0.0,0.0,0.0,0.0,0.0,0.0,0.0,0.0,0.0,0.0,0.0,0.0,0.0,0.0,0.0,28639.923828125,0.0,177423.40625,0.0,-848.0,0.0,848.0,0.0,-2.875753494693968,0.0,0.4802480936050415,0.0,FL
325553,FL,1205,0.1104869544506073,4,2.0,202972.578125,226099.421875,4,0,28005.990234375,0.0,183920.375,0.0,0.0,0.0,0.0,0.0,-230.0,0.0,230.0,0.0,-418.0,0.0,418.0,0.0,0.0,0.0,0.0,0.0,0.0,0.0,0.0,0.0,-400.0,0.0,400.0,0.0,0.0,0.0,0.0,0.0,0.0,0.0,0.0,0.0,0.0,0.0,0.0,0.0,0.0,0.0,0.0,0.0,0.0,0.0,0.0,0.0,-63.546875,0.0,63.546875,0.0,0.0,0.0,0.0,0.0,0.0,0.0,0.0,0.0,0.0,0.0,0.0,0.0,0.0,0.0,0.0,0.0,0.0,0.0,0.0,0.0,0.0,0.0,0.0,0.0,0.0,0.0,0.0,0.0,0.0,0.0,0.0,0.0,0.0,0.0,0.0,0.0,0.0,0.0,0.0,0.0,26894.443359375,0.0,185031.921875,0.0,-1111.546875,0.0,1111.546875,0.0,-3.968961160443703,0.0,0.6043630838394165,0.0,FL
325554,FL,1205,42.715065002441406,4,3.0,0.0,3.3090808391571045,4,0,0.0,0.0,15359.6533203125,3782.0,11572.787353515625,0.0,0.0,15354.787353515625,0.0,0.0,0.0,0.0,0.0,0.0,0.0,0.0,0.0,0.0,0.0,0.0,0.0,0.0,0.0,0.0,0.0,0.0,0.0,0.0,0.0,0.0,0.0,0.0,0.0,0.0,0.0,0.0,0.0,0.0,0.0,0.0,0.0,0.0,0.0,0.0,0.0,0.0,0.0,0.0,0.0,0.0,0.0,0.0,0.0,0.0,0.0,0.0,0.0,0.0,0.0,0.0,0.0,0.0,0.0,0.0,0.0,0.0,0.0,0.0,0.0,0.0,0.0,0.0,0.0,0.0,0.0,0.0,0.0,0.0,0.0,0.0,0.0,0.0,0.0,0.0,0.0,0.0,0.0,0.0,0.0,0.0,0.0,0.0,0.0,0.0,15359.6533203125,15354.787353515625,0.0,0.0,0.0,0.0,0.0,0.0,0.0,0.0,FL
325555,FL,1205,0.059525903314352036,4,2.0,303166.53125,303190.03125,4,0,46981.97265625,0.0,234844.15625,0.0,0.0,0.0,0.0,0.0,-292.0,0.0,292.0,0.0,-456.0,0.0,456.0,0.0,0.0,0.0,0.0,0.0,0.0,0.0,0.0,0.0,-400.0,0.0,400.0,0.0,0.0,0.0,0.0,0.0,0.0,0.0,0.0,0.0,0.0,0.0,0.0,0.0,0.0,0.0,0.0,0.0,0.0,0.0,0.0,0.0,-480.0,0.0,480.0,0.0,0.0,0.0,0.0,0.0,0.0,0.0,0.0,0.0,0.0,0.0,0.0,0.0,0.0,0.0,0.0,0.0,0.0,0.0,0.0,0.0,0.0,0.0,0.0,0.0,0.0,0.0,0.0,0.0,0.0,0.0,0.0,0.0,0.0,0.0,0.0,0.0,0.0,0.0,0.0,0.0,45353.97265625,0.0,236472.15625,0.0,-1628.0,0.0,1628.0,0.0,-3.4651588853271096,0.0,0.6932256817817688,0.0,FL
325556,FL,1205,0.04771257936954498,3,0.0,1168173.25,1168182.3515625,3,0,319258.1572265625,0.0,803465.125,0.0,0.0,0.0,0.0,0.0,-834.25,0.0,834.25,0.0,-864.5,0.0,864.5,0.0,0.0,0.0,0.0,0.0,0.0,0.0,0.0,0.0,0.0,0.0,0.0,0.0,0.0,0.0,0.0,0.0,0.0,0.0,0.0,0.0,0.0,0.0,0.0,0.0,0.0,0.0,0.0,0.0,0.0,0.0,0.0,0.0,0.0,0.0,0.0,0.0,0.0,0.0,0.0,0.0,0.0,0.0,0.0,0.0,0.0,0.0,0.0,0.0,0.0,0.0,0.0,0.0,0.0,0.0,0.0,0.0,0.0,0.0,0.0,0.0,-203.5498046875,0.0,203.5,0.0,0.0,0.0,0.0,0.0,0.0,0.0,0.0,0.0,0.0,0.0,0.0,0.0,317355.857421875,0.0,805367.375,0.0,-1902.2998046875,0.0,1902.25,0.0,-0.5958500234459247,0.0,0.23675577342510223,0.0,FL
325557,FL,1205,0.03992800787091255,1,0.0,44107.6875,73452.8671875,1,0,7202.630859375,0.0,112368.921875,38243.8671875,0.0,0.0,0.0,38243.8671875,-115.0,0.0,115.0,0.0,-209.0,0.0,209.0,0.0,0.0,0.0,0.0,0.0,0.0,0.0,0.0,0.0,0.0,0.0,0.0,0.0,0.0,0.0,0.0,0.0,0.0,0.0,0.0,0.0,0.0,0.0,0.0,0.0,0.0,0.0,0.0,0.0,0.0,0.0,0.0,0.0,0.0,0.0,0.0,0.0,0.0,0.0,0.0,0.0,0.0,0.0,0.0,0.0,0.0,0.0,0.0,0.0,0.0,0.0,0.0,0.0,0.0,0.0,0.0,0.0,-1210.28662109375,0.0,1210.28125,0.0,0.0,0.0,0.0,0.0,0.0,0.0,0.0,0.0,0.0,0.0,0.0,0.0,0.0,0.0,0.0,0.0,5668.34423828125,0.0,113903.203125,38243.8671875,-1534.28662109375,0.0,1534.28125,0.0,-21.3017528046257,0.0,1.365396499633789,0.0,FL
325558,FL,1205,0.45886966586112976,4,2.0,58072.56640625,89914.375,4,0,5667.72509765625,0.0,127213.734375,31841.80859375,0.0,15567.81640625,0.0,47409.625,-10.0,0.0,10.0,0.0,-228.0,0.0,228.0,0.0,0.0,0.0,0.0,0.0,0.0,0.0,0.0,0.0,0.0,0.0,0.0,0.0,0.0,0.0,0.0,0.0,0.0,0.0,0.0,0.0,0.0,0.0,0.0,0.0,0.0,0.0,0.0,0.0,0.0,0.0,0.0,0.0,-117.58740234375,0.0,117.578125,0.0,0.0,0.0,0.0,0.0,0.0,0.0,0.0,0.0,0.0,0.0,0.0,0.0,0.0,0.0,0.0,0.0,0.0,0.0,0.0,0.0,0.0,0.0,0.0,0.0,0.0,0.0,0.0,0.0,0.0,0.0,0.0,0.0,0.0,0.0,0.0,0.0,0.0,0.0,0.0,0.0,5312.1376953125,0.0,127569.3125,47409.625,-355.58740234375,0.0,355.578125,0.0,-6.273899954865393,0.0,0.2795123755931854,0.0,FL
325559,FL,1205,0.10930997133255005,6,3.9999999999999996,92960.8984375,119063.18749999999,6,0,2115.9443359375,0.0,142564.078125,25302.70703125,0.0,0.0,0.0,25302.70703125,-10.0,0.0,10.0,0.0,-228.0,0.0,228.0,0.0,0.0,0.0,0.0,0.0,0.0,0.0,0.0,0.0,-800.0,0.0,800.0,0.0,0.0,0.0,0.0,0.0,0.0,0.0,0.0,0.0,0.0,0.0,0.0,0.0,0.0,0.0,0.0,0.0,0.0,0.0,0.0,0.0,0.0,0.0,0.0,0.0,0.0,0.0,0.0,0.0,0.0,0.0,0.0,0.0,0.0,0.0,0.0,0.0,0.0,0.0,0.0,0.0,0.0,0.0,0.0,0.0,0.0,0.0,0.0,0.0,-46.6923828125,0.0,46.6875,0.0,0.0,0.0,0.0,0.0,0.0,0.0,0.0,0.0,0.0,0.0,0.0,0.0,1031.251953125,0.0,143648.765625,25302.70703125,-1084.6923828125,0.0,1084.6875,0.0,-51.262803297323565,0.0,0.7608420848846436,0.0,FL
325560,FL,1205,71.36647033691406,1,0.0,0.0,1047.620849609375,1,0,0.0,0.0,100166.65625,49596.69921875,0.0,0.0,0.0,49596.69921875,0.0,0.0,0.0,0.0,0.0,0.0,0.0,0.0,0.0,0.0,0.0,0.0,0.0,0.0,0.0,0.0,0.0,0.0,0.0,0.0,0.0,0.0,0.0,0.0,0.0,0.0,0.0,0.0,0.0,0.0,0.0,0.0,0.0,0.0,0.0,0.0,0.0,0.0,0.0,0.0,0.0,0.0,0.0,0.0,0.0,0.0,0.0,0.0,0.0,0.0,0.0,0.0,0.0,0.0,0.0,0.0,0.0,0.0,0.0,0.0,0.0,0.0,0.0,0.0,0.0,0.0,0.0,0.0,0.0,0.0,0.0,0.0,0.0,0.0,0.0,0.0,0.0,0.0,0.0,0.0,0.0,0.0,0.0,0.0,0.0,0.0,100166.65625,49596.69921875,0.0,0.0,0.0,0.0,0.0,0.0,0.0,0.0,FL
325561,FL,1205,0.03025188110768795,1,0.0,441351.5,441351.5,0,1,118302.0234375,0.0,302945.71875,0.0,0.0,0.0,0.0,0.0,-362.25,0.0,362.25,0.0,-332.5,0.0,332.5,0.0,0.0,0.0,0.0,0.0,0.0,0.0,0.0,0.0,0.0,0.0,0.0,0.0,0.0,0.0,0.0,0.0,0.0,0.0,0.0,0.0,0.0,0.0,0.0,0.0,0.0,0.0,0.0,0.0,0.0,0.0,0.0,0.0,0.0,0.0,0.0,0.0,0.0,0.0,0.0,0.0,0.0,0.0,0.0,0.0,0.0,0.0,0.0,0.0,0.0,0.0,0.0,0.0,0.0,0.0,0.0,0.0,0.0,0.0,0.0,0.0,0.0,0.0,0.0,0.0,0.0,0.0,0.0,0.0,0.0,0.0,0.0,0.0,0.0,0.0,0.0,0.0,117607.2734375,0.0,303640.46875,0.0,-694.75,0.0,694.75,0.0,-0.5872680617056754,0.0,0.22933150827884674,0.0,FL
325562,FL,1205,0.03987805172801018,1,0.0,32141.96875,32142.796875,1,0,1796.1356201171875,0.0,30589.7578125,0.0,0.0,0.0,0.0,0.0,-5.0,0.0,5.0,0.0,-114.0,0.0,114.0,0.0,0.0,0.0,0.0,0.0,0.0,0.0,0.0,0.0,0.0,0.0,0.0,0.0,0.0,0.0,0.0,0.0,0.0,0.0,0.0,0.0,0.0,0.0,0.0,0.0,0.0,0.0,0.0,0.0,0.0,0.0,0.0,0.0,0.0,0.0,0.0,0.0,0.0,0.0,0.0,0.0,0.0,0.0,0.0,0.0,0.0,0.0,0.0,0.0,0.0,0.0,0.0,0.0,0.0,0.0,0.0,0.0,0.0,0.0,0.0,0.0,0.0,0.0,0.0,0.0,0.0,0.0,0.0,0.0,0.0,0.0,0.0,0.0,0.0,0.0,0.0,0.0,1677.1356201171875,0.0,30708.7578125,0.0,-119.0,0.0,119.0,0.0,-6.625334894936048,0.0,0.38901910185813904,0.0,FL
325563,FL,1205,0.3034305274486542,3,1.0,69687.078125,78554.71875,3,0,2834.96923828125,0.0,79642.828125,9251.794921875,0.0,0.0,0.0,9251.794921875,-10.0,0.0,10.0,0.0,-228.0,0.0,228.0,0.0,0.0,0.0,0.0,0.0,0.0,0.0,0.0,0.0,-200.0,0.0,200.0,0.0,0.0,0.0,0.0,0.0,0.0,0.0,0.0,0.0,0.0,0.0,0.0,0.0,0.0,0.0,0.0,0.0,0.0,0.0,0.0,0.0,-40.68017578125,0.0,40.6796875,0.0,0.0,0.0,0.0,0.0,0.0,0.0,0.0,0.0,0.0,0.0,0.0,0.0,0.0,0.0,0.0,0.0,0.0,0.0,0.0,0.0,0.0,0.0,0.0,0.0,-166.02197265625,0.0,166.0234375,0.0,0.0,0.0,0.0,0.0,0.0,0.0,0.0,0.0,0.0,0.0,0.0,0.0,2190.26708984375,0.0,80287.53125,9251.794921875,-644.7021484375,0.0,644.703125,0.0,-22.741063279697595,0.0,0.8094930052757263,0.0,FL
325564,FL,1205,0.03065798431634903,7,3.9999999999999996,189171.7559814453,251484.28125,7,0,33056.21484375,0.0,217869.1875,3782.0,8809.244140625,0.0,0.0,12591.244140625,-235.21875,0.0,235.21875,0.0,-418.0,0.0,418.0,0.0,0.0,0.0,0.0,0.0,0.0,0.0,0.0,0.0,-200.0,0.0,200.0,0.0,0.0,0.0,0.0,0.0,0.0,0.0,0.0,0.0,0.0,0.0,0.0,0.0,0.0,0.0,0.0,0.0,0.0,0.0,0.0,0.0,-141.94140625,0.0,141.9375,0.0,0.0,0.0,0.0,0.0,0.0,0.0,0.0,0.0,0.0,0.0,0.0,0.0,0.0,0.0,0.0,0.0,-1719.3828125,0.0,1719.390625,0.0,0.0,0.0,0.0,0.0,0.0,0.0,0.0,0.0,0.0,0.0,0.0,0.0,0.0,0.0,0.0,0.0,0.0,0.0,0.0,0.0,30341.671875,0.0,220583.734375,12591.244140625,-2714.54296875,0.0,2714.546875,0.0,-8.211898977487568,0.0,1.2459527254104614,0.0,FL
325565,FL,1205,33.070796966552734,1,0.0,0.0,0.0,0,1,0.0,0.0,31090.267578125,15853.9755859375,0.0,0.0,0.0,15853.9755859375,0.0,0.0,0.0,0.0,0.0,0.0,0.0,0.0,0.0,0.0,0.0,0.0,0.0,0.0,0.0,0.0,0.0,0.0,0.0,0.0,0.0,0.0,0.0,0.0,0.0,0.0,0.0,0.0,0.0,0.0,0.0,0.0,0.0,0.0,0.0,0.0,0.0,0.0,0.0,0.0,0.0,0.0,0.0,0.0,0.0,0.0,0.0,0.0,0.0,0.0,0.0,0.0,0.0,0.0,0.0,0.0,0.0,0.0,0.0,0.0,0.0,0.0,0.0,0.0,0.0,0.0,0.0,0.0,0.0,0.0,0.0,0.0,0.0,0.0,0.0,0.0,0.0,0.0,0.0,0.0,0.0,0.0,0.0,0.0,0.0,0.0,31090.267578125,15853.9755859375,0.0,0.0,0.0,0.0,0.0,0.0,0.0,0.0,FL
325566,FL,1205,145.3081512451172,2,0.0,8943.175109863281,13340.173828125,2,0,0.0,0.0,17441.6953125,4785.28466796875,0.0,0.0,0.0,4785.28466796875,0.0,0.0,0.0,0.0,0.0,0.0,0.0,0.0,0.0,0.0,0.0,0.0,0.0,0.0,0.0,0.0,0.0,0.0,0.0,0.0,0.0,0.0,0.0,0.0,0.0,0.0,0.0,0.0,0.0,0.0,0.0,0.0,0.0,0.0,0.0,0.0,0.0,0.0,0.0,0.0,0.0,0.0,0.0,0.0,0.0,0.0,0.0,0.0,0.0,0.0,0.0,0.0,0.0,0.0,0.0,0.0,0.0,0.0,0.0,0.0,0.0,0.0,0.0,0.0,0.0,0.0,0.0,0.0,0.0,0.0,0.0,0.0,0.0,0.0,0.0,0.0,0.0,0.0,0.0,0.0,0.0,0.0,0.0,0.0,0.0,0.0,17441.6953125,4785.28466796875,0.0,0.0,0.0,0.0,0.0,0.0,0.0,0.0,FL
325567,FL,1205,0.03618784621357918,4,2.0,1128236.21875,1209889.5,4,0,354464.3125,0.0,860984.625,0.0,0.0,0.0,0.0,0.0,-734.0,0.0,734.0,0.0,0.0,0.0,0.0,0.0,0.0,0.0,0.0,0.0,0.0,0.0,0.0,0.0,0.0,0.0,0.0,0.0,0.0,0.0,0.0,0.0,0.0,0.0,0.0,0.0,0.0,0.0,0.0,0.0,0.0,0.0,0.0,0.0,0.0,0.0,0.0,0.0,0.0,0.0,0.0,0.0,0.0,0.0,0.0,0.0,0.0,0.0,0.0,0.0,0.0,0.0,0.0,0.0,0.0,0.0,0.0,0.0,0.0,0.0,0.0,0.0,0.0,0.0,0.0,0.0,0.0,0.0,0.0,0.0,0.0,0.0,0.0,0.0,0.0,0.0,0.0,0.0,0.0,0.0,0.0,0.0,353730.3125,0.0,861718.625,0.0,-734.0,0.0,734.0,0.0,-0.2070730322111059,0.0,0.08525123447179794,0.0,FL
325568,FL,1205,47.31688690185547,2,0.0,27874.83203125,27875.66015625,0,2,0.0,0.0,60674.1953125,719.1133422851562,0.0,34211.45703125,0.0,34930.570373535156,0.0,0.0,0.0,0.0,0.0,0.0,0.0,0.0,0.0,0.0,0.0,0.0,0.0,0.0,0.0,0.0,0.0,0.0,0.0,0.0,0.0,0.0,0.0,0.0,0.0,0.0,0.0,0.0,0.0,0.0,0.0,0.0,0.0,0.0,0.0,0.0,0.0,0.0,0.0,0.0,0.0,0.0,0.0,0.0,0.0,0.0,0.0,0.0,0.0,0.0,0.0,0.0,0.0,0.0,0.0,0.0,0.0,0.0,0.0,0.0,0.0,0.0,0.0,0.0,0.0,0.0,0.0,0.0,0.0,0.0,0.0,0.0,0.0,0.0,0.0,0.0,0.0,0.0,0.0,0.0,0.0,0.0,0.0,0.0,0.0,0.0,60674.1953125,34930.570373535156,0.0,0.0,0.0,0.0,0.0,0.0,0.0,0.0,FL
325569,FL,1205,113.38378143310547,2,0.0,27990.976440429688,27990.9765625,1,1,0.0,0.0,57065.421875,7153.224609375,0.0,17196.986328125,0.0,24350.2109375,0.0,0.0,0.0,0.0,0.0,0.0,0.0,0.0,0.0,0.0,0.0,0.0,0.0,0.0,0.0,0.0,0.0,0.0,0.0,0.0,0.0,0.0,0.0,0.0,0.0,0.0,0.0,0.0,0.0,0.0,0.0,0.0,0.0,0.0,0.0,0.0,0.0,0.0,0.0,0.0,0.0,0.0,0.0,0.0,0.0,0.0,0.0,0.0,0.0,0.0,0.0,0.0,0.0,0.0,0.0,0.0,0.0,0.0,0.0,0.0,0.0,0.0,0.0,0.0,0.0,0.0,0.0,0.0,0.0,0.0,0.0,0.0,0.0,0.0,0.0,0.0,0.0,0.0,0.0,0.0,0.0,0.0,0.0,0.0,0.0,0.0,57065.421875,24350.2109375,0.0,0.0,0.0,0.0,0.0,0.0,0.0,0.0,FL
325570,FL,1205,290.46710205078125,1,0.0,0.0,0.0,1,0,0.0,0.0,31302.19140625,18070.30859375,13231.8837890625,0.0,0.0,31302.1923828125,0.0,0.0,0.0,0.0,0.0,0.0,0.0,0.0,0.0,0.0,0.0,0.0,0.0,0.0,0.0,0.0,0.0,0.0,0.0,0.0,0.0,0.0,0.0,0.0,0.0,0.0,0.0,0.0,0.0,0.0,0.0,0.0,0.0,0.0,0.0,0.0,0.0,0.0,0.0,0.0,0.0,0.0,0.0,0.0,0.0,0.0,0.0,0.0,0.0,0.0,0.0,0.0,0.0,0.0,0.0,0.0,0.0,0.0,0.0,0.0,0.0,0.0,0.0,0.0,0.0,0.0,0.0,0.0,0.0,0.0,0.0,0.0,0.0,0.0,0.0,0.0,0.0,0.0,0.0,0.0,0.0,0.0,0.0,0.0,0.0,0.0,31302.19140625,31302.1923828125,0.0,0.0,0.0,0.0,0.0,0.0,0.0,0.0,FL
325571,FL,1205,109.58883666992188,1,0.0,0.0,0.0,1,0,0.0,0.0,22037.734375,8805.8505859375,13231.8837890625,0.0,0.0,22037.734375,0.0,0.0,0.0,0.0,0.0,0.0,0.0,0.0,0.0,0.0,0.0,0.0,0.0,0.0,0.0,0.0,0.0,0.0,0.0,0.0,0.0,0.0,0.0,0.0,0.0,0.0,0.0,0.0,0.0,0.0,0.0,0.0,0.0,0.0,0.0,0.0,0.0,0.0,0.0,0.0,0.0,0.0,0.0,0.0,0.0,0.0,0.0,0.0,0.0,0.0,0.0,0.0,0.0,0.0,0.0,0.0,0.0,0.0,0.0,0.0,0.0,0.0,0.0,0.0,0.0,0.0,0.0,0.0,0.0,0.0,0.0,0.0,0.0,0.0,0.0,0.0,0.0,0.0,0.0,0.0,0.0,0.0,-13231.8837890625,-13231.8837890625,0.0,0.0,8805.8505859375,8805.8505859375,0.0,0.0,-13231.8837890625,-13231.8837890625,0.0,0.0,-60.04193878173828,-60.0419424424726,FL
325572,FL,1205,0.03236706554889679,3,0.0,149448.55859375,149509.77734375,2,1,11758.1728515625,0.0,129049.171875,0.0,0.0,0.0,0.0,0.0,-15.0,0.0,15.0,0.0,-342.0,0.0,342.0,0.0,0.0,0.0,0.0,0.0,0.0,0.0,0.0,0.0,0.0,0.0,0.0,0.0,0.0,0.0,0.0,0.0,0.0,0.0,0.0,0.0,0.0,0.0,0.0,0.0,0.0,0.0,0.0,0.0,0.0,0.0,0.0,0.0,-61.2685546875,0.0,61.265625,0.0,0.0,0.0,0.0,0.0,0.0,0.0,0.0,0.0,0.0,0.0,0.0,0.0,0.0,0.0,0.0,0.0,0.0,0.0,0.0,0.0,0.0,0.0,0.0,0.0,0.0,0.0,0.0,0.0,0.0,0.0,0.0,0.0,0.0,0.0,0.0,0.0,0.0,0.0,0.0,0.0,11339.904296875,0.0,129467.4375,0.0,-418.2685546875,0.0,418.265625,0.0,-3.5572580873559607,0.0,0.3241133689880371,0.0,FL
325573,FL,1205,0.03341241553425789,1,0.0,41812.25,41812.25,1,0,2956.469970703125,0.0,35657.14453125,0.0,0.0,0.0,0.0,0.0,-5.0,0.0,5.0,0.0,-114.0,0.0,114.0,0.0,0.0,0.0,0.0,0.0,0.0,0.0,0.0,0.0,0.0,0.0,0.0,0.0,0.0,0.0,0.0,0.0,0.0,0.0,0.0,0.0,0.0,0.0,0.0,0.0,0.0,0.0,0.0,0.0,0.0,0.0,0.0,0.0,0.0,0.0,0.0,0.0,0.0,0.0,0.0,0.0,0.0,0.0,0.0,0.0,0.0,0.0,0.0,0.0,0.0,0.0,0.0,0.0,0.0,0.0,0.0,0.0,0.0,0.0,0.0,0.0,0.0,0.0,0.0,0.0,0.0,0.0,0.0,0.0,0.0,0.0,0.0,0.0,0.0,0.0,0.0,0.0,2837.469970703125,0.0,35776.14453125,0.0,-119.0,0.0,119.0,0.0,-4.025070478618754,0.0,0.3337339460849762,0.0,FL
325574,FL,1205,267.3032531738281,4,2.0,47038.7783203125,12197.6064453125,3,1,0.0,0.0,53255.1953125,1003.27294921875,8809.244140625,0.0,0.0,9812.51708984375,0.0,0.0,0.0,0.0,0.0,0.0,0.0,0.0,0.0,0.0,0.0,0.0,0.0,0.0,0.0,0.0,0.0,0.0,0.0,0.0,0.0,0.0,0.0,0.0,0.0,0.0,0.0,0.0,0.0,0.0,0.0,0.0,0.0,0.0,0.0,0.0,0.0,0.0,0.0,0.0,0.0,0.0,0.0,0.0,0.0,0.0,0.0,0.0,0.0,0.0,0.0,0.0,0.0,0.0,0.0,0.0,0.0,0.0,0.0,0.0,0.0,0.0,0.0,0.0,0.0,0.0,0.0,0.0,0.0,0.0,0.0,0.0,0.0,0.0,0.0,0.0,0.0,0.0,0.0,0.0,0.0,0.0,0.0,0.0,0.0,0.0,53255.1953125,9812.51708984375,0.0,0.0,0.0,0.0,0.0,0.0,0.0,0.0,FL
325575,FL,1205,73.9295883178711,3,1.0,0.0,297.8172912597656,3,0,0.0,0.0,86192.5078125,38740.06640625,2763.543212890625,6844.1376953125,0.0,48347.747314453125,0.0,0.0,0.0,0.0,0.0,0.0,0.0,0.0,0.0,0.0,0.0,0.0,0.0,0.0,0.0,0.0,0.0,0.0,0.0,0.0,0.0,0.0,0.0,0.0,0.0,0.0,0.0,0.0,0.0,0.0,0.0,0.0,0.0,0.0,0.0,0.0,0.0,0.0,0.0,0.0,0.0,0.0,0.0,0.0,0.0,0.0,0.0,0.0,0.0,0.0,0.0,0.0,0.0,0.0,0.0,0.0,0.0,0.0,0.0,0.0,0.0,0.0,0.0,0.0,0.0,0.0,0.0,0.0,0.0,0.0,0.0,0.0,0.0,0.0,0.0,0.0,0.0,0.0,0.0,0.0,0.0,0.0,0.0,0.0,0.0,0.0,86192.5078125,48347.747314453125,0.0,0.0,0.0,0.0,0.0,0.0,0.0,0.0,FL
325576,FL,1205,0.02880709432065487,1,0.0,70538.1171875,70955.890625,1,0,7104.2958984375,0.0,61285.34375,0.0,0.0,0.0,0.0,0.0,-115.0,0.0,115.0,0.0,-209.0,0.0,209.0,0.0,0.0,0.0,0.0,0.0,0.0,0.0,0.0,0.0,0.0,0.0,0.0,0.0,0.0,0.0,0.0,0.0,0.0,0.0,0.0,0.0,0.0,0.0,0.0,0.0,0.0,0.0,0.0,0.0,0.0,0.0,0.0,0.0,0.0,0.0,0.0,0.0,0.0,0.0,0.0,0.0,0.0,0.0,0.0,0.0,0.0,0.0,0.0,0.0,0.0,0.0,0.0,0.0,0.0,0.0,0.0,0.0,0.0,0.0,0.0,0.0,0.0,0.0,0.0,0.0,0.0,0.0,0.0,0.0,0.0,0.0,0.0,0.0,0.0,0.0,0.0,0.0,6780.2958984375,0.0,61609.34375,0.0,-324.0,0.0,324.0,0.0,-4.560620850143076,0.0,0.5286745429039001,0.0,FL
325577,FL,1205,0.058312904089689255,3,0.0,59426.732421875,184697.939453125,3,0,15857.00927734375,0.0,229409.640625,52707.390625,0.0,0.0,0.0,52707.390625,-235.0,0.0,235.0,0.0,-532.0,0.0,532.0,0.0,0.0,0.0,0.0,0.0,0.0,0.0,0.0,0.0,0.0,0.0,0.0,0.0,0.0,0.0,0.0,0.0,0.0,0.0,0.0,0.0,0.0,0.0,0.0,0.0,0.0,0.0,0.0,0.0,0.0,0.0,0.0,0.0,0.0,0.0,0.0,0.0,0.0,0.0,0.0,0.0,0.0,0.0,0.0,0.0,0.0,0.0,0.0,0.0,0.0,0.0,0.0,0.0,0.0,0.0,0.0,0.0,-1245.2666015625,0.0,1245.265625,0.0,0.0,0.0,0.0,0.0,0.0,0.0,0.0,0.0,0.0,0.0,0.0,0.0,0.0,0.0,0.0,0.0,13844.74267578125,0.0,231421.90625,52707.390625,-2012.2666015625,0.0,2012.265625,0.0,-12.690076459989182,0.0,0.8771495819091797,0.0,FL
325578,FL,1205,0.05744282528758049,3,1.0,149052.83984375,150707.375,2,1,13543.6220703125,0.0,134282.90625,0.0,0.0,0.0,0.0,0.0,-230.0,0.0,230.0,0.0,-418.0,0.0,418.0,0.0,0.0,0.0,0.0,0.0,0.0,0.0,0.0,0.0,-200.0,0.0,200.0,0.0,0.0,0.0,0.0,0.0,0.0,0.0,0.0,0.0,0.0,0.0,0.0,0.0,0.0,0.0,0.0,0.0,0.0,0.0,0.0,0.0,-102.5126953125,0.0,102.515625,0.0,0.0,0.0,0.0,0.0,0.0,0.0,0.0,0.0,0.0,0.0,0.0,0.0,0.0,0.0,0.0,0.0,0.0,0.0,0.0,0.0,0.0,0.0,0.0,0.0,0.0,0.0,0.0,0.0,0.0,0.0,0.0,0.0,0.0,0.0,0.0,0.0,0.0,0.0,0.0,0.0,12593.109375,0.0,135233.421875,0.0,-950.5126953125,0.0,950.515625,0.0,-7.0181572579171085,0.0,0.7078455686569214,0.0,FL
325579,FL,1205,130.13604736328125,1,0.0,0.0,41.36351013183594,1,0,0.0,0.0,66608.296875,33273.734375,0.0,0.0,0.0,33273.734375,0.0,0.0,0.0,0.0,0.0,0.0,0.0,0.0,0.0,0.0,0.0,0.0,0.0,0.0,0.0,0.0,0.0,0.0,0.0,0.0,0.0,0.0,0.0,0.0,0.0,0.0,0.0,0.0,0.0,0.0,0.0,0.0,0.0,0.0,0.0,0.0,0.0,0.0,0.0,0.0,0.0,0.0,0.0,0.0,0.0,0.0,0.0,0.0,0.0,0.0,0.0,0.0,0.0,0.0,0.0,0.0,0.0,0.0,0.0,0.0,0.0,0.0,0.0,0.0,0.0,0.0,0.0,0.0,0.0,0.0,0.0,0.0,0.0,0.0,0.0,0.0,0.0,0.0,0.0,0.0,0.0,0.0,0.0,0.0,0.0,0.0,66608.296875,33273.734375,0.0,0.0,0.0,0.0,0.0,0.0,0.0,0.0,FL
325580,FL,1205,0.03060332126915455,2,0.0,0.0,157873.9375,2,0,15790.8779296875,0.0,204743.421875,34006.17578125,0.0,0.0,0.0,34006.17578125,-230.0,0.0,230.0,0.0,-418.0,0.0,418.0,0.0,0.0,0.0,0.0,0.0,0.0,0.0,0.0,0.0,0.0,0.0,0.0,0.0,0.0,0.0,0.0,0.0,0.0,0.0,0.0,0.0,0.0,0.0,0.0,0.0,0.0,0.0,0.0,0.0,0.0,0.0,0.0,0.0,0.0,0.0,0.0,0.0,0.0,0.0,0.0,0.0,0.0,0.0,0.0,0.0,0.0,0.0,0.0,0.0,0.0,0.0,0.0,0.0,0.0,0.0,0.0,0.0,-2608.3076171875,0.0,2608.296875,0.0,0.0,0.0,0.0,0.0,0.0,0.0,0.0,0.0,0.0,0.0,0.0,0.0,0.0,0.0,0.0,0.0,12534.5703125,0.0,207999.71875,34006.17578125,-3256.3076171875,0.0,3256.296875,0.0,-20.621447595801545,0.0,1.590428113937378,0.0,FL
325581,FL,1205,208.32623291015625,3,2.0,0.0,0.0,2,1,0.0,0.0,34611.4453125,25802.201171875,8809.244140625,0.0,0.0,34611.4453125,0.0,0.0,0.0,0.0,0.0,0.0,0.0,0.0,0.0,0.0,0.0,0.0,0.0,0.0,0.0,0.0,0.0,0.0,0.0,0.0,0.0,0.0,0.0,0.0,0.0,0.0,0.0,0.0,0.0,0.0,0.0,0.0,0.0,0.0,0.0,0.0,0.0,0.0,0.0,0.0,0.0,0.0,0.0,0.0,0.0,0.0,0.0,0.0,0.0,0.0,0.0,0.0,0.0,0.0,0.0,0.0,0.0,0.0,0.0,0.0,0.0,0.0,0.0,0.0,0.0,0.0,0.0,0.0,0.0,0.0,0.0,0.0,0.0,0.0,0.0,0.0,0.0,0.0,0.0,0.0,0.0,0.0,0.0,0.0,0.0,0.0,34611.4453125,34611.4453125,0.0,0.0,0.0,0.0,0.0,0.0,0.0,0.0,FL
325582,FL,1205,43.205970764160156,4,2.0,0.0,-10857.7998046875,4,0,0.0,0.0,43014.578125,20039.70703125,5527.08642578125,0.0,0.0,25566.79345703125,0.0,0.0,0.0,0.0,0.0,0.0,0.0,0.0,0.0,0.0,0.0,0.0,0.0,0.0,0.0,0.0,0.0,0.0,0.0,0.0,0.0,0.0,0.0,0.0,0.0,0.0,0.0,0.0,0.0,0.0,0.0,0.0,0.0,0.0,0.0,0.0,0.0,0.0,0.0,0.0,0.0,0.0,0.0,0.0,0.0,0.0,0.0,0.0,0.0,0.0,0.0,0.0,0.0,0.0,0.0,0.0,0.0,0.0,0.0,0.0,0.0,0.0,0.0,0.0,0.0,0.0,0.0,0.0,0.0,0.0,0.0,0.0,0.0,0.0,0.0,0.0,0.0,0.0,0.0,0.0,0.0,0.0,0.0,0.0,0.0,0.0,43014.578125,25566.79345703125,0.0,0.0,0.0,0.0,0.0,0.0,0.0,0.0,FL
325583,FL,1205,120.74827575683594,2,0.0,0.0,2167.371337890625,2,0,0.0,0.0,108737.5,53285.0625,0.0,0.0,0.0,53285.0625,0.0,0.0,0.0,0.0,0.0,0.0,0.0,0.0,0.0,0.0,0.0,0.0,0.0,0.0,0.0,0.0,0.0,0.0,0.0,0.0,0.0,0.0,0.0,0.0,0.0,0.0,0.0,0.0,0.0,0.0,0.0,0.0,0.0,0.0,0.0,0.0,0.0,0.0,0.0,0.0,0.0,0.0,0.0,0.0,0.0,0.0,0.0,0.0,0.0,0.0,0.0,0.0,0.0,0.0,0.0,0.0,0.0,0.0,0.0,0.0,0.0,0.0,0.0,0.0,0.0,0.0,0.0,0.0,0.0,0.0,0.0,0.0,0.0,0.0,0.0,0.0,0.0,0.0,0.0,0.0,0.0,0.0,0.0,0.0,0.0,0.0,108737.5,53285.0625,0.0,0.0,0.0,0.0,0.0,0.0,0.0,0.0,FL
325584,FL,1205,277.1799011230469,1,0.0,0.0,0.0,1,0,0.0,0.0,69584.9296875,28135.947265625,0.0,17906.244140625,0.0,46042.19140625,0.0,0.0,0.0,0.0,0.0,0.0,0.0,0.0,0.0,0.0,0.0,0.0,0.0,0.0,0.0,0.0,0.0,0.0,0.0,0.0,0.0,0.0,0.0,0.0,0.0,0.0,0.0,0.0,0.0,0.0,0.0,0.0,0.0,0.0,0.0,0.0,0.0,0.0,0.0,0.0,0.0,0.0,0.0,0.0,0.0,0.0,0.0,0.0,0.0,0.0,0.0,0.0,0.0,0.0,0.0,0.0,0.0,0.0,0.0,0.0,0.0,0.0,0.0,0.0,0.0,0.0,0.0,0.0,0.0,0.0,0.0,0.0,0.0,0.0,0.0,0.0,0.0,0.0,0.0,0.0,0.0,0.0,0.0,0.0,0.0,0.0,69584.9296875,46042.19140625,0.0,0.0,0.0,0.0,0.0,0.0,0.0,0.0,FL
325585,FL,1205,0.04672129079699516,5,1.0,461454.140625,476645.6376953125,4,1,82531.89365386963,0.0,396063.875,0.0,0.0,14563.1953125,0.0,14563.1953125,-297.0,0.0,297.0,0.0,-665.0000019073486,0.0,665.0,0.0,0.0,0.0,0.0,0.0,0.0,0.0,0.0,0.0,0.0,0.0,0.0,0.0,0.0,0.0,0.0,0.0,-101.8671875,0.0,101.875,0.0,0.0,0.0,0.0,0.0,0.0,0.0,0.0,0.0,0.0,0.0,0.0,0.0,-13.9453125,0.0,13.9375,0.0,0.0,0.0,0.0,0.0,0.0,0.0,0.0,0.0,0.0,0.0,0.0,0.0,0.0,0.0,0.0,0.0,0.0,0.0,0.0,0.0,0.0,0.0,0.0,0.0,0.0,0.0,0.0,0.0,0.0,0.0,0.0,0.0,0.0,0.0,-14563.1875,-14563.1953125,0.0,0.0,0.0,0.0,81454.08115196228,0.0,382578.5,0.0,-1077.8125019073486,0.0,-13485.375,-14563.1953125,-1.3059345353537926,0.0,-3.404848575592041,-100.0,FL
325586,FL,1205,0.039202746003866196,6,1.0,252885.578125,253415.869140625,6,0,18873.377685546875,0.0,234929.0625,0.0,0.0,4499.52734375,2285.38671875,6784.9140625,-240.0,0.0,240.0,0.0,-781.0462646484375,0.0,781.03125,0.0,0.0,0.0,0.0,0.0,0.0,0.0,0.0,0.0,-200.0,0.0,200.0,0.0,0.0,0.0,0.0,0.0,0.0,0.0,0.0,0.0,0.0,0.0,0.0,0.0,0.0,0.0,0.0,0.0,0.0,0.0,0.0,0.0,0.0,0.0,0.0,0.0,0.0,0.0,0.0,0.0,0.0,0.0,0.0,0.0,0.0,0.0,0.0,0.0,0.0,0.0,0.0,0.0,0.0,0.0,0.0,0.0,0.0,0.0,0.0,0.0,0.0,0.0,0.0,0.0,0.0,0.0,0.0,0.0,0.0,0.0,0.0,0.0,0.0,0.0,0.0,0.0,17652.331420898438,0.0,236150.09375,6784.9140625,-1221.0462646484375,0.0,1221.03125,0.0,-6.469675354314071,0.0,0.5197446942329407,0.0,FL
325587,FL,1205,118.28435516357422,2,0.0,0.0,-5388.0810546875,2,0,0.0,0.0,67122.890625,33705.2890625,0.0,0.0,0.0,33705.2890625,0.0,0.0,0.0,0.0,0.0,0.0,0.0,0.0,0.0,0.0,0.0,0.0,0.0,0.0,0.0,0.0,0.0,0.0,0.0,0.0,0.0,0.0,0.0,0.0,0.0,0.0,0.0,0.0,0.0,0.0,0.0,0.0,0.0,0.0,0.0,0.0,0.0,0.0,0.0,0.0,0.0,0.0,0.0,0.0,0.0,0.0,0.0,0.0,0.0,0.0,0.0,0.0,0.0,0.0,0.0,0.0,0.0,0.0,0.0,0.0,0.0,0.0,0.0,0.0,0.0,0.0,0.0,0.0,0.0,0.0,0.0,0.0,0.0,0.0,0.0,0.0,0.0,0.0,0.0,0.0,0.0,0.0,0.0,0.0,0.0,0.0,67122.890625,33705.2890625,0.0,0.0,0.0,0.0,0.0,0.0,0.0,0.0,FL
325588,FL,1205,0.052832771092653275,5,2.0,90480.640625,96260.2978515625,5,0,2446.69384765625,0.0,138989.84375,27923.2109375,0.0,0.0,0.0,27923.2109375,-10.0,0.0,10.0,0.0,-228.0,0.0,228.0,0.0,0.0,0.0,0.0,0.0,0.0,0.0,0.0,0.0,-400.0,0.0,400.0,0.0,0.0,0.0,0.0,0.0,0.0,0.0,0.0,0.0,0.0,0.0,0.0,0.0,0.0,0.0,0.0,0.0,0.0,0.0,0.0,0.0,0.0,0.0,0.0,0.0,0.0,0.0,0.0,0.0,0.0,0.0,0.0,0.0,0.0,0.0,0.0,0.0,0.0,0.0,0.0,0.0,0.0,0.0,0.0,0.0,0.0,0.0,0.0,0.0,0.0,0.0,0.0,0.0,0.0,0.0,0.0,0.0,0.0,0.0,0.0,0.0,0.0,0.0,0.0,0.0,1808.69384765625,0.0,139627.84375,27923.2109375,-638.0,0.0,638.0,0.0,-26.07600458926058,0.0,0.45902636647224426,0.0,FL
325589,FL,1205,166.8651885986328,1,0.0,0.0,0.0,1,0,0.0,0.0,17157.923828125,3926.039794921875,13231.8837890625,0.0,0.0,17157.923583984375,0.0,0.0,0.0,0.0,0.0,0.0,0.0,0.0,0.0,0.0,0.0,0.0,0.0,0.0,0.0,0.0,0.0,0.0,0.0,0.0,0.0,0.0,0.0,0.0,0.0,0.0,0.0,0.0,0.0,0.0,0.0,0.0,0.0,0.0,0.0,0.0,0.0,0.0,0.0,0.0,0.0,0.0,0.0,0.0,0.0,0.0,0.0,0.0,0.0,0.0,0.0,0.0,0.0,0.0,0.0,0.0,0.0,0.0,0.0,0.0,0.0,0.0,0.0,0.0,0.0,0.0,0.0,0.0,0.0,0.0,0.0,0.0,0.0,0.0,0.0,0.0,0.0,0.0,0.0,0.0,0.0,0.0,0.0,0.0,0.0,0.0,17157.923828125,17157.923583984375,0.0,0.0,0.0,0.0,0.0,0.0,0.0,0.0,FL
325590,FL,1205,0.05666514113545418,1,0.0,111840.265625,112837.953125,1,0,16318.349609375,0.0,114805.765625,0.0,0.0,0.0,0.0,0.0,-115.0,0.0,115.0,0.0,-209.0,0.0,209.0,0.0,0.0,0.0,0.0,0.0,0.0,0.0,0.0,0.0,0.0,0.0,0.0,0.0,0.0,0.0,0.0,0.0,0.0,0.0,0.0,0.0,0.0,0.0,0.0,0.0,0.0,0.0,0.0,0.0,0.0,0.0,0.0,0.0,0.0,0.0,0.0,0.0,0.0,0.0,0.0,0.0,0.0,0.0,0.0,0.0,0.0,0.0,0.0,0.0,0.0,0.0,0.0,0.0,0.0,0.0,0.0,0.0,0.0,0.0,0.0,0.0,0.0,0.0,0.0,0.0,0.0,0.0,0.0,0.0,0.0,0.0,0.0,0.0,0.0,0.0,0.0,0.0,15994.349609375,0.0,115129.765625,0.0,-324.0,0.0,324.0,0.0,-1.9854949045451253,0.0,0.28221580386161804,0.0,FL
325591,FL,1205,0.13186755776405334,2,0.0,90214.5390625,90642.2421875,2,0,6755.06884765625,0.0,79888.59375,0.0,0.0,0.0,0.0,0.0,-10.0,0.0,10.0,0.0,-228.0,0.0,228.0,0.0,0.0,0.0,0.0,0.0,0.0,0.0,0.0,0.0,0.0,0.0,0.0,0.0,0.0,0.0,0.0,0.0,0.0,0.0,0.0,0.0,0.0,0.0,0.0,0.0,0.0,0.0,0.0,0.0,0.0,0.0,0.0,0.0,-240.0,0.0,240.0,0.0,0.0,0.0,0.0,0.0,0.0,0.0,0.0,0.0,0.0,0.0,0.0,0.0,0.0,0.0,0.0,0.0,0.0,0.0,0.0,0.0,0.0,0.0,0.0,0.0,-262.71630859375,0.0,262.71875,0.0,0.0,0.0,0.0,0.0,0.0,0.0,0.0,0.0,0.0,0.0,0.0,0.0,6014.3525390625,0.0,80629.3125,0.0,-740.71630859375,0.0,740.71875,0.0,-10.965340624925684,0.0,0.9271896481513977,0.0,FL
325592,FL,1205,79.29833984375,1,0.0,0.0,165.45404052734375,1,0,0.0,0.0,54679.2890625,27361.830078125,0.0,0.0,0.0,27361.830078125,0.0,0.0,0.0,0.0,0.0,0.0,0.0,0.0,0.0,0.0,0.0,0.0,0.0,0.0,0.0,0.0,0.0,0.0,0.0,0.0,0.0,0.0,0.0,0.0,0.0,0.0,0.0,0.0,0.0,0.0,0.0,0.0,0.0,0.0,0.0,0.0,0.0,0.0,0.0,0.0,0.0,0.0,0.0,0.0,0.0,0.0,0.0,0.0,0.0,0.0,0.0,0.0,0.0,0.0,0.0,0.0,0.0,0.0,0.0,0.0,0.0,0.0,0.0,0.0,0.0,0.0,0.0,0.0,0.0,0.0,0.0,0.0,0.0,0.0,0.0,0.0,0.0,0.0,0.0,0.0,0.0,0.0,0.0,0.0,0.0,0.0,54679.2890625,27361.830078125,0.0,0.0,0.0,0.0,0.0,0.0,0.0,0.0,FL
325593,FL,1205,127.02674865722656,1,0.0,0.0,806.3076171875,1,0,0.0,0.0,51575.5234375,24981.3984375,0.0,0.0,0.0,24981.3984375,0.0,0.0,0.0,0.0,0.0,0.0,0.0,0.0,0.0,0.0,0.0,0.0,0.0,0.0,0.0,0.0,0.0,0.0,0.0,0.0,0.0,0.0,0.0,0.0,0.0,0.0,0.0,0.0,0.0,0.0,0.0,0.0,0.0,0.0,0.0,0.0,0.0,0.0,0.0,0.0,0.0,0.0,0.0,0.0,0.0,0.0,0.0,0.0,0.0,0.0,0.0,0.0,0.0,0.0,0.0,0.0,0.0,0.0,0.0,0.0,0.0,0.0,0.0,0.0,0.0,0.0,0.0,0.0,0.0,0.0,0.0,0.0,0.0,0.0,0.0,0.0,0.0,0.0,0.0,0.0,0.0,0.0,0.0,0.0,0.0,0.0,51575.5234375,24981.3984375,0.0,0.0,0.0,0.0,0.0,0.0,0.0,0.0,FL
325594,FL,1205,1.2406846284866333,1,0.0,23229.02734375,31345.03515625,1,0,1700.4041748046875,0.0,44833.4140625,8116.0087890625,0.0,8849.796875,0.0,16965.8056640625,-5.0,0.0,5.0,0.0,-114.0,0.0,114.0,0.0,0.0,0.0,0.0,0.0,0.0,0.0,0.0,0.0,0.0,0.0,0.0,0.0,0.0,0.0,0.0,0.0,0.0,0.0,0.0,0.0,0.0,0.0,0.0,0.0,0.0,0.0,0.0,0.0,0.0,0.0,0.0,0.0,0.0,0.0,0.0,0.0,0.0,0.0,0.0,0.0,0.0,0.0,0.0,0.0,0.0,0.0,0.0,0.0,0.0,0.0,0.0,0.0,0.0,0.0,0.0,0.0,0.0,0.0,0.0,0.0,0.0,0.0,0.0,0.0,0.0,0.0,0.0,0.0,0.0,0.0,0.0,0.0,0.0,0.0,0.0,0.0,1581.4041748046875,0.0,44952.4140625,16965.8056640625,-119.0,0.0,119.0,0.0,-6.998336146385234,0.0,0.26542702317237854,0.0,FL
325595,FL,1205,70.41944885253906,1,0.0,0.0,19.85448455810547,1,0,0.0,0.0,65948.859375,32959.83203125,0.0,0.0,0.0,32959.83203125,0.0,0.0,0.0,0.0,0.0,0.0,0.0,0.0,0.0,0.0,0.0,0.0,0.0,0.0,0.0,0.0,0.0,0.0,0.0,0.0,0.0,0.0,0.0,0.0,0.0,0.0,0.0,0.0,0.0,0.0,0.0,0.0,0.0,0.0,0.0,0.0,0.0,0.0,0.0,0.0,0.0,0.0,0.0,0.0,0.0,0.0,0.0,0.0,0.0,0.0,0.0,0.0,0.0,0.0,0.0,0.0,0.0,0.0,0.0,0.0,0.0,0.0,0.0,0.0,0.0,0.0,0.0,0.0,0.0,0.0,0.0,0.0,0.0,0.0,0.0,0.0,0.0,0.0,0.0,0.0,0.0,0.0,0.0,0.0,0.0,0.0,65948.859375,32959.83203125,0.0,0.0,0.0,0.0,0.0,0.0,0.0,0.0,FL
325596,FL,1205,0.04877880960702896,2,0.0,271729.2109375,290051.505859375,2,0,58600.51385498047,0.0,259922.375,0.0,0.0,0.0,0.0,0.0,-369.0,0.0,369.0,0.0,-399.0,0.0,399.0,0.0,0.0,0.0,0.0,0.0,0.0,0.0,0.0,0.0,0.0,0.0,0.0,0.0,0.0,0.0,0.0,0.0,0.0,0.0,0.0,0.0,0.0,0.0,0.0,0.0,0.0,0.0,0.0,0.0,0.0,0.0,0.0,0.0,0.0,0.0,0.0,0.0,0.0,0.0,0.0,0.0,0.0,0.0,0.0,0.0,-955.30078125,0.0,955.296875,0.0,0.0,0.0,0.0,0.0,0.0,0.0,0.0,0.0,0.0,0.0,0.0,0.0,0.0,0.0,0.0,0.0,0.0,0.0,0.0,0.0,0.0,0.0,0.0,0.0,0.0,0.0,0.0,0.0,56877.21307373047,0.0,261645.671875,0.0,-1723.30078125,0.0,1723.296875,0.0,-2.9407605290197236,0.0,0.663004457950592,0.0,FL
325597,FL,1205,92.81243133544922,1,0.0,0.0,0.0,1,0,0.0,0.0,93277.1953125,46638.59765625,0.0,0.0,0.0,46638.59765625,0.0,0.0,0.0,0.0,0.0,0.0,0.0,0.0,0.0,0.0,0.0,0.0,0.0,0.0,0.0,0.0,0.0,0.0,0.0,0.0,0.0,0.0,0.0,0.0,0.0,0.0,0.0,0.0,0.0,0.0,0.0,0.0,0.0,0.0,0.0,0.0,0.0,0.0,0.0,0.0,0.0,0.0,0.0,0.0,0.0,0.0,0.0,0.0,0.0,0.0,0.0,0.0,0.0,0.0,0.0,0.0,0.0,0.0,0.0,0.0,0.0,0.0,0.0,0.0,0.0,0.0,0.0,0.0,0.0,0.0,0.0,0.0,0.0,0.0,0.0,0.0,0.0,0.0,0.0,0.0,0.0,0.0,0.0,0.0,0.0,0.0,93277.1953125,46638.59765625,0.0,0.0,0.0,0.0,0.0,0.0,0.0,0.0,FL
325598,FL,1205,0.029484879225492477,1,0.0,474216.5,566274.0625,1,0,165484.34375,0.0,447944.25,0.0,0.0,0.0,0.0,0.0,-362.25,0.0,362.25,0.0,-332.5,0.0,332.5,0.0,0.0,0.0,0.0,0.0,0.0,0.0,0.0,0.0,0.0,0.0,0.0,0.0,0.0,0.0,0.0,0.0,0.0,0.0,0.0,0.0,0.0,0.0,0.0,0.0,0.0,0.0,0.0,0.0,0.0,0.0,0.0,0.0,0.0,0.0,0.0,0.0,0.0,0.0,0.0,0.0,0.0,0.0,0.0,0.0,0.0,0.0,0.0,0.0,0.0,0.0,0.0,0.0,0.0,0.0,0.0,0.0,0.0,0.0,0.0,0.0,0.0,0.0,0.0,0.0,0.0,0.0,0.0,0.0,0.0,0.0,0.0,0.0,0.0,0.0,0.0,0.0,164789.59375,0.0,448639.0,0.0,-694.75,0.0,694.75,0.0,-0.4198282352616817,0.0,0.15509742498397827,0.0,FL
325599,FL,1205,0.03357696905732155,4,2.0,299053.75,380550.25,4,0,66428.234375,0.0,370550.625,0.0,0.0,0.0,0.0,0.0,-292.0,0.0,292.0,0.0,0.0,0.0,0.0,0.0,0.0,0.0,0.0,0.0,0.0,0.0,0.0,0.0,-400.0,0.0,400.0,0.0,0.0,0.0,0.0,0.0,-853.21875,0.0,853.25,0.0,0.0,0.0,0.0,0.0,0.0,0.0,0.0,0.0,0.0,0.0,0.0,0.0,0.0,0.0,0.0,0.0,0.0,0.0,0.0,0.0,0.0,0.0,0.0,0.0,0.0,0.0,0.0,0.0,0.0,0.0,0.0,0.0,0.0,0.0,0.0,0.0,0.0,0.0,0.0,0.0,0.0,0.0,0.0,0.0,0.0,0.0,0.0,0.0,0.0,0.0,0.0,0.0,0.0,0.0,0.0,0.0,64883.015625,0.0,372095.875,0.0,-1545.21875,0.0,1545.25,0.0,-2.3261475553857816,0.0,0.41701453924179077,0.0,FL
325600,FL,1205,0.038481712341308594,4,1.0,786242.57421875,842364.82421875,4,0,208089.32836914062,0.0,644997.8125,0.0,0.0,0.0,0.0,0.0,-754.0,0.0,754.0,0.0,-779.0,0.0,779.0,0.0,0.0,0.0,0.0,0.0,0.0,0.0,0.0,0.0,0.0,0.0,0.0,0.0,0.0,0.0,0.0,0.0,0.0,0.0,0.0,0.0,0.0,0.0,0.0,0.0,0.0,0.0,0.0,0.0,0.0,0.0,0.0,0.0,-178.4375,0.0,178.4375,0.0,0.0,0.0,0.0,0.0,0.0,0.0,0.0,0.0,0.0,0.0,0.0,0.0,0.0,0.0,0.0,0.0,0.0,0.0,0.0,0.0,0.0,0.0,0.0,0.0,0.0,0.0,0.0,0.0,0.0,0.0,0.0,0.0,0.0,0.0,0.0,0.0,0.0,0.0,0.0,0.0,206377.89086914062,0.0,646709.25,0.0,-1711.4375,0.0,1711.4375,0.0,-0.8224532768753959,0.0,0.26534003019332886,0.0,FL
325601,FL,1205,63.301456451416016,1,0.0,0.0,0.0,1,0,0.0,0.0,77691.03125,38845.515625,0.0,0.0,0.0,38845.515625,0.0,0.0,0.0,0.0,0.0,0.0,0.0,0.0,0.0,0.0,0.0,0.0,0.0,0.0,0.0,0.0,0.0,0.0,0.0,0.0,0.0,0.0,0.0,0.0,0.0,0.0,0.0,0.0,0.0,0.0,0.0,0.0,0.0,0.0,0.0,0.0,0.0,0.0,0.0,0.0,0.0,0.0,0.0,0.0,0.0,0.0,0.0,0.0,0.0,0.0,0.0,0.0,0.0,0.0,0.0,0.0,0.0,0.0,0.0,0.0,0.0,0.0,0.0,0.0,0.0,0.0,0.0,0.0,0.0,0.0,0.0,0.0,0.0,0.0,0.0,0.0,0.0,0.0,0.0,0.0,0.0,0.0,0.0,0.0,0.0,0.0,77691.03125,38845.515625,0.0,0.0,0.0,0.0,0.0,0.0,0.0,0.0,FL
325602,FL,1205,127.21278381347656,1,0.0,0.0,0.0,1,0,0.0,0.0,26286.041015625,13054.1572265625,13231.8837890625,0.0,0.0,26286.041015625,0.0,0.0,0.0,0.0,0.0,0.0,0.0,0.0,0.0,0.0,0.0,0.0,0.0,0.0,0.0,0.0,0.0,0.0,0.0,0.0,0.0,0.0,0.0,0.0,0.0,0.0,0.0,0.0,0.0,0.0,0.0,0.0,0.0,0.0,0.0,0.0,0.0,0.0,0.0,0.0,0.0,0.0,0.0,0.0,0.0,0.0,0.0,0.0,0.0,0.0,0.0,0.0,0.0,0.0,0.0,0.0,0.0,0.0,0.0,0.0,0.0,0.0,0.0,0.0,0.0,0.0,0.0,0.0,0.0,0.0,0.0,0.0,0.0,0.0,0.0,0.0,0.0,0.0,0.0,0.0,0.0,0.0,0.0,0.0,0.0,0.0,26286.041015625,26286.041015625,0.0,0.0,0.0,0.0,0.0,0.0,0.0,0.0,FL
325603,FL,1205,0.033890895545482635,2,0.0,254572.625,255246.8515625,2,0,36715.0703125,0.0,206128.1875,0.0,0.0,0.0,0.0,0.0,-246.0,0.0,246.0,0.0,-209.0,0.0,209.0,0.0,0.0,0.0,0.0,0.0,0.0,0.0,0.0,0.0,0.0,0.0,0.0,0.0,0.0,0.0,0.0,0.0,0.0,0.0,0.0,0.0,0.0,0.0,0.0,0.0,0.0,0.0,0.0,0.0,0.0,0.0,0.0,0.0,0.0,0.0,0.0,0.0,0.0,0.0,0.0,0.0,0.0,0.0,0.0,0.0,0.0,0.0,0.0,0.0,0.0,0.0,0.0,0.0,0.0,0.0,0.0,0.0,0.0,0.0,0.0,0.0,-303.18359375,0.0,303.1875,0.0,0.0,0.0,0.0,0.0,0.0,0.0,0.0,0.0,0.0,0.0,0.0,0.0,35956.88671875,0.0,206886.375,0.0,-758.18359375,0.0,758.1875,0.0,-2.0650473696406597,0.0,0.3678233027458191,0.0,FL
325604,FL,1205,0.02579197846353054,2,0.0,308946.0625,385588.6875,1,1,73207.9140625,0.0,323145.8125,389.11334228515625,0.0,0.0,0.0,389.11334228515625,-292.0,0.0,292.0,0.0,-456.0,0.0,456.0,0.0,0.0,0.0,0.0,0.0,0.0,0.0,0.0,0.0,0.0,0.0,0.0,0.0,0.0,0.0,0.0,0.0,-737.625,0.0,737.625,0.0,0.0,0.0,0.0,0.0,0.0,0.0,0.0,0.0,0.0,0.0,0.0,0.0,0.0,0.0,0.0,0.0,0.0,0.0,0.0,0.0,0.0,0.0,0.0,0.0,0.0,0.0,0.0,0.0,0.0,0.0,0.0,0.0,0.0,0.0,0.0,0.0,0.0,0.0,0.0,0.0,0.0,0.0,0.0,0.0,0.0,0.0,0.0,0.0,0.0,0.0,0.0,0.0,0.0,0.0,0.0,0.0,71722.2890625,0.0,324631.4375,389.11334228515625,-1485.625,0.0,1485.625,0.0,-2.0293229482425534,0.0,0.45973825454711914,0.0,FL
325605,FL,1205,0.04665391519665718,4,2.0,472440.953125,607170.0625,4,0,114267.75,0.0,513280.9375,0.0,0.0,0.0,0.0,0.0,-764.0,0.0,764.0,0.0,0.0,0.0,0.0,0.0,0.0,0.0,0.0,0.0,0.0,0.0,0.0,0.0,0.0,0.0,0.0,0.0,0.0,0.0,0.0,0.0,0.0,0.0,0.0,0.0,0.0,0.0,0.0,0.0,0.0,0.0,0.0,0.0,0.0,0.0,0.0,0.0,0.0,0.0,0.0,0.0,0.0,0.0,0.0,0.0,0.0,0.0,0.0,0.0,0.0,0.0,0.0,0.0,0.0,0.0,0.0,0.0,0.0,0.0,0.0,0.0,0.0,0.0,0.0,0.0,0.0,0.0,0.0,0.0,0.0,0.0,0.0,0.0,0.0,0.0,0.0,0.0,0.0,0.0,0.0,0.0,113503.75,0.0,514044.9375,0.0,-764.0,0.0,764.0,0.0,-0.6686050963635847,0.0,0.1488463580608368,0.0,FL
325606,FL,1205,0.019851097837090492,7,3.0,91779.8125,369988.40625,5,2,59184.05078125,0.0,432761.28125,8964.521484375,26463.767578125,0.0,0.0,35428.2890625,-292.0,0.0,292.0,0.0,-456.0,0.0,456.0,0.0,0.0,0.0,0.0,0.0,0.0,0.0,0.0,0.0,0.0,0.0,0.0,0.0,0.0,0.0,0.0,0.0,0.0,0.0,0.0,0.0,0.0,0.0,0.0,0.0,0.0,0.0,0.0,0.0,0.0,0.0,0.0,0.0,-480.0,0.0,480.0,0.0,0.0,0.0,0.0,0.0,0.0,0.0,0.0,0.0,0.0,0.0,0.0,0.0,0.0,0.0,0.0,0.0,0.0,0.0,0.0,0.0,0.0,0.0,0.0,0.0,0.0,0.0,0.0,0.0,0.0,0.0,0.0,0.0,0.0,0.0,0.0,0.0,0.0,0.0,0.0,0.0,57956.05078125,0.0,433989.28125,35428.2890625,-1228.0,0.0,1228.0,0.0,-2.0748833237839825,0.0,0.283759206533432,0.0,FL
325607,FL,1205,0.034818779677152634,4,1.0,399032.5546875,442241.36718750006,4,0,71710.9599609375,0.0,384852.0,0.0,0.0,0.0,0.0,0.0,-407.0,0.0,407.0,0.0,-209.0,0.0,209.0,0.0,0.0,0.0,0.0,0.0,0.0,0.0,0.0,0.0,0.0,0.0,0.0,0.0,0.0,0.0,0.0,0.0,-658.18359375,0.0,658.1875,0.0,0.0,0.0,0.0,0.0,0.0,0.0,0.0,0.0,0.0,0.0,0.0,0.0,0.0,0.0,0.0,0.0,0.0,0.0,0.0,0.0,0.0,0.0,0.0,0.0,0.0,0.0,0.0,0.0,0.0,0.0,0.0,0.0,0.0,0.0,0.0,0.0,0.0,0.0,0.0,0.0,-2200.0,0.0,2200.0,0.0,0.0,0.0,0.0,0.0,0.0,0.0,0.0,0.0,0.0,0.0,0.0,0.0,68236.7763671875,0.0,388326.1875,0.0,-3474.18359375,0.0,3474.1875,0.0,-4.844703788155203,0.0,0.9027333855628967,0.0,FL
325608,FL,1205,0.09309022128582001,3,1.0,15098.8671875,282477.8125,3,0,41346.0546875,0.0,331079.6875,0.0,0.0,0.0,0.0,0.0,-292.0,0.0,292.0,0.0,-456.0,0.0,456.0,0.0,0.0,0.0,0.0,0.0,0.0,0.0,0.0,0.0,0.0,0.0,0.0,0.0,0.0,0.0,0.0,0.0,0.0,0.0,0.0,0.0,0.0,0.0,0.0,0.0,0.0,0.0,0.0,0.0,0.0,0.0,0.0,0.0,-196.625,0.0,196.625,0.0,0.0,0.0,0.0,0.0,0.0,0.0,0.0,0.0,0.0,0.0,0.0,0.0,0.0,0.0,0.0,0.0,0.0,0.0,0.0,0.0,0.0,0.0,0.0,0.0,0.0,0.0,0.0,0.0,0.0,0.0,0.0,0.0,0.0,0.0,0.0,0.0,0.0,0.0,0.0,0.0,40401.4296875,0.0,332024.3125,0.0,-944.625,0.0,944.625,0.0,-2.2846798978514995,0.0,0.285316526889801,0.0,FL
325609,FL,1205,149.6820831298828,1,0.0,0.0,0.0,1,0,0.0,0.0,37867.64453125,24635.76171875,13231.8837890625,0.0,0.0,37867.6455078125,0.0,0.0,0.0,0.0,0.0,0.0,0.0,0.0,0.0,0.0,0.0,0.0,0.0,0.0,0.0,0.0,0.0,0.0,0.0,0.0,0.0,0.0,0.0,0.0,0.0,0.0,0.0,0.0,0.0,0.0,0.0,0.0,0.0,0.0,0.0,0.0,0.0,0.0,0.0,0.0,0.0,0.0,0.0,0.0,0.0,0.0,0.0,0.0,0.0,0.0,0.0,0.0,0.0,0.0,0.0,0.0,0.0,0.0,0.0,0.0,0.0,0.0,0.0,0.0,0.0,0.0,0.0,0.0,0.0,0.0,0.0,0.0,0.0,0.0,0.0,0.0,0.0,0.0,0.0,0.0,0.0,0.0,0.0,0.0,0.0,0.0,37867.64453125,37867.6455078125,0.0,0.0,0.0,0.0,0.0,0.0,0.0,0.0,FL
325610,FL,1205,0.03534390777349472,6,0.0,397589.484375,418907.8820800781,6,0,58096.169921875,0.0,371171.5625,0.0,26463.767578125,993.9892578125,0.0,27457.7568359375,-412.0,0.0,412.0,0.0,-779.0,0.0,779.0,0.0,0.0,0.0,0.0,0.0,0.0,0.0,0.0,0.0,0.0,0.0,0.0,0.0,0.0,0.0,0.0,0.0,0.0,0.0,0.0,0.0,0.0,0.0,0.0,0.0,0.0,0.0,0.0,0.0,0.0,0.0,0.0,0.0,-356.66796875,0.0,356.6875,0.0,0.0,0.0,0.0,0.0,0.0,0.0,0.0,0.0,0.0,0.0,0.0,0.0,0.0,0.0,0.0,0.0,0.0,0.0,0.0,0.0,0.0,0.0,0.0,0.0,0.0,0.0,0.0,0.0,0.0,0.0,0.0,0.0,0.0,0.0,0.0,0.0,0.0,0.0,0.0,0.0,56548.501953125,0.0,372719.25,27457.7568359375,-1547.66796875,0.0,1547.6875,0.0,-2.663975905522225,0.0,0.4169735908508301,0.0,FL
325611,FL,1205,302.2734375,1,0.0,0.0,0.8272702097892761,1,0,0.0,0.0,55526.1640625,29213.767578125,13231.8837890625,0.0,0.0,42445.6513671875,0.0,0.0,0.0,0.0,0.0,0.0,0.0,0.0,0.0,0.0,0.0,0.0,0.0,0.0,0.0,0.0,0.0,0.0,0.0,0.0,0.0,0.0,0.0,0.0,0.0,0.0,0.0,0.0,0.0,0.0,0.0,0.0,0.0,0.0,0.0,0.0,0.0,0.0,0.0,0.0,0.0,0.0,0.0,0.0,0.0,0.0,0.0,0.0,0.0,0.0,0.0,0.0,0.0,0.0,0.0,0.0,0.0,0.0,0.0,0.0,0.0,0.0,0.0,0.0,0.0,0.0,0.0,0.0,0.0,0.0,0.0,0.0,0.0,0.0,0.0,0.0,0.0,0.0,0.0,0.0,0.0,0.0,0.0,0.0,0.0,0.0,55526.1640625,42445.6513671875,0.0,0.0,0.0,0.0,0.0,0.0,0.0,0.0,FL
325612,FL,1205,0.04373178631067276,2,0.0,489608.5625,511059.3125,2,0,106246.1328125,0.0,384060.0,0.0,0.0,0.0,0.0,0.0,-764.0,0.0,764.0,0.0,-609.6171875,0.0,609.625,0.0,0.0,0.0,0.0,0.0,0.0,0.0,0.0,0.0,0.0,0.0,0.0,0.0,0.0,0.0,0.0,0.0,-1586.4140625,0.0,1586.4375,0.0,0.0,0.0,0.0,0.0,0.0,0.0,0.0,0.0,0.0,0.0,0.0,0.0,0.0,0.0,0.0,0.0,0.0,0.0,0.0,0.0,0.0,0.0,0.0,0.0,0.0,0.0,0.0,0.0,0.0,0.0,0.0,0.0,0.0,0.0,0.0,0.0,0.0,0.0,0.0,0.0,0.0,0.0,0.0,0.0,0.0,0.0,0.0,0.0,0.0,0.0,0.0,0.0,0.0,0.0,0.0,0.0,103286.1015625,0.0,387020.0625,0.0,-2960.03125,0.0,2960.0625,0.0,-2.7860131673910193,0.0,0.7707291841506958,0.0,FL
325613,FL,1205,0.05635261535644531,4,1.0,507577.8125,532251.3359375,4,0,138845.828125,0.0,420877.25,0.0,13231.8837890625,0.0,0.0,13231.8837890625,-390.421875,0.0,390.40625,0.0,0.0,0.0,0.0,0.0,0.0,0.0,0.0,0.0,0.0,0.0,0.0,0.0,0.0,0.0,0.0,0.0,0.0,0.0,0.0,0.0,0.0,0.0,0.0,0.0,0.0,0.0,0.0,0.0,0.0,0.0,0.0,0.0,0.0,0.0,0.0,0.0,0.0,0.0,0.0,0.0,0.0,0.0,0.0,0.0,0.0,0.0,0.0,0.0,-2114.390625,0.0,2114.40625,0.0,0.0,0.0,0.0,0.0,0.0,0.0,0.0,0.0,0.0,0.0,0.0,0.0,0.0,0.0,0.0,0.0,0.0,0.0,0.0,0.0,0.0,0.0,0.0,0.0,0.0,0.0,0.0,0.0,136341.015625,0.0,423382.0625,13231.8837890625,-2504.8125,0.0,2504.8125,0.0,-1.8040243151886202,0.0,0.5951408743858337,0.0,FL
325614,FL,1205,0.04006437212228775,4,2.0,352129.359375,380989.4375,2,2,65387.2734375,0.0,330575.0,0.0,0.0,0.0,0.0,0.0,-292.0,0.0,292.0,0.0,-456.0,0.0,456.0,0.0,0.0,0.0,0.0,0.0,4000.0,0.0,-4000.0,0.0,0.0,0.0,0.0,0.0,0.0,0.0,0.0,0.0,0.0,0.0,0.0,0.0,0.0,0.0,0.0,0.0,0.0,0.0,0.0,0.0,0.0,0.0,0.0,0.0,-390.515625,0.0,390.53125,0.0,0.0,0.0,0.0,0.0,0.0,0.0,0.0,0.0,0.0,0.0,0.0,0.0,0.0,0.0,0.0,0.0,0.0,0.0,0.0,0.0,0.0,0.0,0.0,0.0,0.0,0.0,0.0,0.0,0.0,0.0,0.0,0.0,0.0,0.0,0.0,0.0,0.0,0.0,0.0,0.0,68248.7578125,0.0,327713.53125,0.0,2861.484375,0.0,-2861.46875,0.0,4.37620996344974,0.0,-0.865603506565094,0.0,FL
325615,FL,1205,0.022958416491746902,2,0.0,376908.859375,380616.359375,0,2,69551.533203125,0.0,284865.0625,0.0,0.0,0.0,0.0,0.0,-262.0,0.0,262.0,0.0,-456.0,0.0,456.0,0.0,0.0,0.0,0.0,0.0,0.0,0.0,0.0,0.0,0.0,0.0,0.0,0.0,0.0,0.0,0.0,0.0,0.0,0.0,0.0,0.0,0.0,0.0,0.0,0.0,0.0,0.0,0.0,0.0,0.0,0.0,0.0,0.0,0.0,0.0,0.0,0.0,0.0,0.0,0.0,0.0,0.0,0.0,0.0,0.0,0.0,0.0,0.0,0.0,0.0,0.0,0.0,0.0,0.0,0.0,0.0,0.0,0.0,0.0,0.0,0.0,0.0,0.0,0.0,0.0,0.0,0.0,0.0,0.0,0.0,0.0,0.0,0.0,0.0,0.0,0.0,0.0,68833.533203125,0.0,285583.0625,0.0,-718.0,0.0,718.0,0.0,-1.0323280694662527,0.0,0.25204914808273315,0.0,FL
325616,FL,1205,0.05110864341259003,4,0.0,269968.21484375,404902.203125,4,0,50115.84228515625,0.0,342913.90625,0.0,0.0,0.0,0.0,0.0,-460.0,0.0,460.0,0.0,-836.0,0.0,836.0,0.0,0.0,0.0,0.0,0.0,0.0,0.0,0.0,0.0,0.0,0.0,0.0,0.0,0.0,0.0,0.0,0.0,0.0,0.0,0.0,0.0,0.0,0.0,0.0,0.0,0.0,0.0,0.0,0.0,0.0,0.0,0.0,0.0,-440.0,0.0,440.0,0.0,0.0,0.0,0.0,0.0,0.0,0.0,0.0,0.0,0.0,0.0,0.0,0.0,0.0,0.0,0.0,0.0,0.0,0.0,0.0,0.0,0.0,0.0,0.0,0.0,-262.75830078125,0.0,262.75,0.0,0.0,0.0,0.0,0.0,0.0,0.0,0.0,0.0,0.0,0.0,0.0,0.0,48117.083984375,0.0,344912.65625,0.0,-1998.75830078125,0.0,1998.75,0.0,-3.988276380567308,0.0,0.582872211933136,0.0,FL
325617,FL,1205,0.1268104910850525,3,1.0,0.0,46811.375,3,0,782.202880859375,0.0,169244.75,72132.328125,0.0,0.0,0.0,72132.328125,0.0,0.0,0.0,0.0,-190.0,0.0,190.0,0.0,0.0,0.0,0.0,0.0,0.0,0.0,0.0,0.0,0.0,0.0,0.0,0.0,0.0,0.0,0.0,0.0,0.0,0.0,0.0,0.0,0.0,0.0,0.0,0.0,0.0,0.0,0.0,0.0,0.0,0.0,0.0,0.0,0.0,0.0,0.0,0.0,0.0,0.0,0.0,0.0,0.0,0.0,0.0,0.0,0.0,0.0,0.0,0.0,0.0,0.0,0.0,0.0,0.0,0.0,0.0,0.0,-592.202880859375,0.0,592.203125,0.0,0.0,0.0,0.0,0.0,0.0,0.0,0.0,0.0,0.0,0.0,0.0,0.0,0.0,0.0,0.0,0.0,0.0,0.0,170026.953125,72132.328125,-782.202880859375,0.0,782.203125,0.0,-100.0,0.0,0.4621727466583252,0.0,FL
325618,FL,1205,0.03874886408448219,2,0.0,915871.4375,1002533.3125,2,0,281483.1875,0.0,752311.25,41559.46875,0.0,0.0,0.0,41559.46875,-734.0,0.0,734.0,0.0,-703.0,0.0,703.0,0.0,0.0,0.0,0.0,0.0,0.0,0.0,0.0,0.0,0.0,0.0,0.0,0.0,0.0,0.0,0.0,0.0,0.0,0.0,0.0,0.0,0.0,0.0,0.0,0.0,0.0,0.0,0.0,0.0,0.0,0.0,0.0,0.0,0.0,0.0,0.0,0.0,0.0,0.0,0.0,0.0,0.0,0.0,0.0,0.0,0.0,0.0,0.0,0.0,0.0,0.0,0.0,0.0,0.0,0.0,0.0,0.0,0.0,0.0,0.0,0.0,0.0,0.0,0.0,0.0,0.0,0.0,0.0,0.0,0.0,0.0,0.0,0.0,0.0,0.0,0.0,0.0,280046.1875,0.0,753748.25,41559.46875,-1437.0,0.0,1437.0,0.0,-0.51051006376713,0.0,0.19101135432720184,0.0,FL
325619,FL,1205,0.024018438532948494,2,0.0,0.0,504826.40625,2,0,94161.640625,0.0,380135.09375,0.0,0.0,0.0,0.0,0.0,-764.0,0.0,764.0,0.0,-1220.75,0.0,1220.75,0.0,0.0,0.0,0.0,0.0,0.0,0.0,0.0,0.0,0.0,0.0,0.0,0.0,0.0,0.0,0.0,0.0,0.0,0.0,0.0,0.0,0.0,0.0,0.0,0.0,0.0,0.0,0.0,0.0,0.0,0.0,0.0,0.0,0.0,0.0,0.0,0.0,0.0,0.0,0.0,0.0,0.0,0.0,0.0,0.0,0.0,0.0,0.0,0.0,0.0,0.0,0.0,0.0,0.0,0.0,0.0,0.0,0.0,0.0,0.0,0.0,0.0,0.0,0.0,0.0,0.0,0.0,0.0,0.0,0.0,0.0,0.0,0.0,0.0,0.0,0.0,0.0,92176.890625,0.0,382119.84375,0.0,-1984.75,0.0,1984.75,0.0,-2.1078116171576635,0.0,0.522117018699646,0.0,FL
325620,FL,1205,394.3128967285156,4,3.0,0.0,0.0,3,1,0.0,0.0,27806.4140625,16233.626953125,11572.787353515625,0.0,0.0,27806.414306640625,0.0,0.0,0.0,0.0,0.0,0.0,0.0,0.0,0.0,0.0,0.0,0.0,0.0,0.0,0.0,0.0,0.0,0.0,0.0,0.0,0.0,0.0,0.0,0.0,0.0,0.0,0.0,0.0,0.0,0.0,0.0,0.0,0.0,0.0,0.0,0.0,0.0,0.0,0.0,0.0,0.0,0.0,0.0,0.0,0.0,0.0,0.0,0.0,0.0,0.0,0.0,0.0,0.0,0.0,0.0,0.0,0.0,0.0,0.0,0.0,0.0,0.0,0.0,0.0,0.0,0.0,0.0,0.0,0.0,0.0,0.0,0.0,0.0,0.0,0.0,0.0,0.0,0.0,0.0,0.0,0.0,0.0,-2763.54296875,-2763.543212890625,0.0,0.0,25042.87109375,25042.87109375,0.0,0.0,-2763.54296875,-2763.543212890625,0.0,0.0,-9.938508987426758,-9.938509807180159,FL
325621,FL,1205,3147.497314453125,2,0.0,0.0,131647.59375,2,0,11279.7109375,0.0,180760.0,52317.19140625,0.0,0.0,0.0,52317.19140625,-10.0,0.0,10.0,0.0,-228.0,0.0,228.0,0.0,0.0,0.0,0.0,0.0,0.0,0.0,0.0,0.0,0.0,0.0,0.0,0.0,0.0,0.0,0.0,0.0,0.0,0.0,0.0,0.0,0.0,0.0,0.0,0.0,0.0,0.0,0.0,0.0,0.0,0.0,0.0,0.0,0.0,0.0,0.0,0.0,0.0,0.0,0.0,0.0,0.0,0.0,0.0,0.0,0.0,0.0,0.0,0.0,0.0,0.0,0.0,0.0,0.0,0.0,0.0,0.0,-1440.0,0.0,1440.0,0.0,0.0,0.0,0.0,0.0,0.0,0.0,0.0,0.0,0.0,0.0,0.0,0.0,0.0,0.0,0.0,0.0,9601.7109375,0.0,182438.0,52317.19140625,-1678.0,0.0,1678.0,0.0,-14.876267745668903,0.0,0.9283027648925781,0.0,FL
325622,FL,1205,903.6710205078125,4,2.0,153127.302734375,153575.0,4,0,12760.92578125,0.0,138582.71875,0.0,0.0,0.0,0.0,0.0,-230.0,0.0,230.0,0.0,-417.998046875,0.0,418.0,0.0,0.0,0.0,0.0,0.0,0.0,0.0,0.0,0.0,-400.0,0.0,400.0,0.0,0.0,0.0,0.0,0.0,0.0,0.0,0.0,0.0,0.0,0.0,0.0,0.0,0.0,0.0,0.0,0.0,0.0,0.0,0.0,0.0,-440.0,0.0,440.0,0.0,0.0,0.0,0.0,0.0,0.0,0.0,0.0,0.0,0.0,0.0,0.0,0.0,-3257.7607421875,0.0,3257.765625,0.0,0.0,0.0,0.0,0.0,0.0,0.0,0.0,0.0,0.0,0.0,0.0,0.0,0.0,0.0,0.0,0.0,0.0,0.0,0.0,0.0,0.0,0.0,0.0,0.0,8015.1669921875,0.0,143328.484375,0.0,-4745.7587890625,0.0,4745.765625,0.0,-37.18976875514456,0.0,3.4245002269744873,0.0,FL
325623,FL,1205,811.7454833984375,1,0.0,0.0,2124.90283203125,1,0,0.0,0.0,37486.78515625,11229.4150390625,13231.8837890625,0.0,0.0,24461.298828125,0.0,0.0,0.0,0.0,0.0,0.0,0.0,0.0,0.0,0.0,0.0,0.0,0.0,0.0,0.0,0.0,0.0,0.0,0.0,0.0,0.0,0.0,0.0,0.0,0.0,0.0,0.0,0.0,0.0,0.0,0.0,0.0,0.0,0.0,0.0,0.0,0.0,0.0,0.0,0.0,0.0,0.0,0.0,0.0,0.0,0.0,0.0,0.0,0.0,0.0,0.0,0.0,0.0,0.0,0.0,0.0,0.0,0.0,0.0,0.0,0.0,0.0,0.0,0.0,0.0,0.0,0.0,0.0,0.0,0.0,0.0,0.0,0.0,0.0,0.0,0.0,0.0,0.0,0.0,0.0,0.0,0.0,0.0,0.0,0.0,0.0,37486.78515625,24461.298828125,0.0,0.0,0.0,0.0,0.0,0.0,0.0,0.0,FL
325624,FL,1205,153.5921173095703,3,1.0,145750.8798828125,138552.265625,3,0,11400.3828125,0.0,164626.15625,0.0,0.0,0.0,0.0,0.0,-230.0,0.0,230.0,0.0,-418.0,0.0,418.0,0.0,0.0,0.0,0.0,0.0,0.0,0.0,0.0,0.0,-200.0,0.0,200.0,0.0,0.0,0.0,0.0,0.0,0.0,0.0,0.0,0.0,0.0,0.0,0.0,0.0,0.0,0.0,0.0,0.0,0.0,0.0,0.0,0.0,-112.1533203125,0.0,112.15625,0.0,0.0,0.0,0.0,0.0,0.0,0.0,0.0,0.0,0.0,0.0,0.0,0.0,0.0,0.0,0.0,0.0,0.0,0.0,0.0,0.0,0.0,0.0,0.0,0.0,0.0,0.0,0.0,0.0,0.0,0.0,0.0,0.0,0.0,0.0,0.0,0.0,0.0,0.0,0.0,0.0,10440.2294921875,0.0,165586.3125,0.0,-960.1533203125,0.0,960.15625,0.0,-8.422114731618798,0.0,0.5832343101501465,0.0,FL
325625,FL,1205,185.6678924560547,2,0.0,581897.1875,605428.890625,2,0,142507.46875,0.0,468760.5625,0.0,0.0,0.0,0.0,0.0,-493.25,0.0,493.25,0.0,-560.5,0.0,560.5,0.0,0.0,0.0,0.0,0.0,0.0,0.0,0.0,0.0,0.0,0.0,0.0,0.0,0.0,0.0,0.0,0.0,-982.828125,0.0,982.84375,0.0,0.0,0.0,0.0,0.0,0.0,0.0,0.0,0.0,0.0,0.0,0.0,0.0,0.0,0.0,0.0,0.0,0.0,0.0,0.0,0.0,0.0,0.0,0.0,0.0,0.0,0.0,0.0,0.0,0.0,0.0,0.0,0.0,0.0,0.0,0.0,0.0,0.0,0.0,0.0,0.0,0.0,0.0,0.0,0.0,0.0,0.0,0.0,0.0,0.0,0.0,0.0,0.0,0.0,0.0,0.0,0.0,140470.890625,0.0,470797.15625,0.0,-2036.578125,0.0,2036.59375,0.0,-1.4291027290455611,0.0,0.4344635605812073,0.0,FL
325626,FL,1205,613.4454956054688,8,1.9999999999999998,374624.79595947266,397191.3171386719,8,0,50430.037109375,0.0,370409.59375,486.39166259765625,6045.700927734375,0.0,0.0,6532.092590332031,-459.9999999999927,0.0,460.0,0.0,-836.0000000000073,0.0,836.0,0.0,0.0,0.0,0.0,0.0,0.0,0.0,0.0,0.0,-199.99999999999272,0.0,200.0,0.0,0.0,0.0,0.0,0.0,0.0,0.0,0.0,0.0,0.0,0.0,0.0,0.0,0.0,0.0,0.0,0.0,0.0,0.0,0.0,0.0,0.0,0.0,0.0,0.0,0.0,0.0,0.0,0.0,0.0,0.0,0.0,0.0,0.0,0.0,0.0,0.0,0.0,0.0,0.0,0.0,-94.05615234375,0.0,94.0625,0.0,0.0,0.0,0.0,0.0,-16.9423828125,0.0,16.9375,0.0,0.0,0.0,0.0,0.0,0.0,0.0,0.0,0.0,0.0,0.0,0.0,0.0,48823.03857421876,0.0,372016.59375,6532.092590332031,-1606.9985351562427,0.0,1607.0,0.0,-3.186590030998609,0.0,0.43384405970573425,0.0,FL
325627,FL,1205,1.6452722549438477,1,0.0,1274186.75,1311128.875,1,0,431758.84375,0.0,870585.5,23542.736328125,0.0,0.0,0.0,23542.736328125,-350.25,0.0,350.25,0.0,0.0,0.0,0.0,0.0,0.0,0.0,0.0,0.0,0.0,0.0,0.0,0.0,0.0,0.0,0.0,0.0,0.0,0.0,0.0,0.0,-1850.0,0.0,1850.0,0.0,0.0,0.0,0.0,0.0,0.0,0.0,0.0,0.0,0.0,0.0,0.0,0.0,0.0,0.0,0.0,0.0,0.0,0.0,0.0,0.0,0.0,0.0,0.0,0.0,0.0,0.0,0.0,0.0,0.0,0.0,0.0,0.0,0.0,0.0,0.0,0.0,0.0,0.0,0.0,0.0,0.0,0.0,0.0,0.0,0.0,0.0,0.0,0.0,0.0,0.0,0.0,0.0,0.0,0.0,0.0,0.0,429558.59375,0.0,872785.75,23542.736328125,-2200.25,0.0,2200.25,0.0,-0.5096016055837884,0.0,0.25273221731185913,0.0,FL
325628,FL,1205,730.9285278320312,4,0.0,63427.986328125,64563.0785446167,4,0,3489.55712890625,0.0,167734.40625,52173.3203125,0.0,4382.79541015625,0.0,56556.11572265625,-10.0,0.0,10.0,0.0,-211.7265625,0.0,211.71875,0.0,0.0,0.0,0.0,0.0,0.0,0.0,0.0,0.0,0.0,0.0,0.0,0.0,0.0,0.0,0.0,0.0,0.0,0.0,0.0,0.0,0.0,0.0,0.0,0.0,0.0,0.0,0.0,0.0,0.0,0.0,0.0,0.0,0.0,0.0,0.0,0.0,0.0,0.0,0.0,0.0,0.0,0.0,0.0,0.0,0.0,0.0,0.0,0.0,0.0,0.0,0.0,0.0,0.0,0.0,0.0,0.0,0.0,0.0,0.0,0.0,-166.4541015625,0.0,166.453125,0.0,0.0,0.0,0.0,0.0,0.0,0.0,0.0,0.0,0.0,0.0,0.0,0.0,3101.37646484375,0.0,168122.578125,56556.11572265625,-388.1806640625,0.0,388.171875,0.0,-11.124066743225077,0.0,0.23142054677009583,0.0,FL
325629,FL,1205,110.9166488647461,1,0.0,0.0,408.08892822265625,1,0,0.0,0.0,30372.6875,9721.353515625,13231.8837890625,0.0,0.0,22953.2373046875,0.0,0.0,0.0,0.0,0.0,0.0,0.0,0.0,0.0,0.0,0.0,0.0,0.0,0.0,0.0,0.0,0.0,0.0,0.0,0.0,0.0,0.0,0.0,0.0,0.0,0.0,0.0,0.0,0.0,0.0,0.0,0.0,0.0,0.0,0.0,0.0,0.0,0.0,0.0,0.0,0.0,0.0,0.0,0.0,0.0,0.0,0.0,0.0,0.0,0.0,0.0,0.0,0.0,0.0,0.0,0.0,0.0,0.0,0.0,0.0,0.0,0.0,0.0,0.0,0.0,0.0,0.0,0.0,0.0,0.0,0.0,0.0,0.0,0.0,0.0,0.0,0.0,0.0,0.0,0.0,0.0,0.0,0.0,0.0,0.0,0.0,30372.6875,22953.2373046875,0.0,0.0,0.0,0.0,0.0,0.0,0.0,0.0,FL
325630,FL,1205,456.5541687011719,1,0.0,80851.328125,80851.328125,1,0,9281.2919921875,0.0,65835.171875,0.0,0.0,0.0,0.0,0.0,-115.0,0.0,115.0,0.0,-209.0,0.0,209.0,0.0,0.0,0.0,0.0,0.0,0.0,0.0,0.0,0.0,0.0,0.0,0.0,0.0,0.0,0.0,0.0,0.0,0.0,0.0,0.0,0.0,0.0,0.0,0.0,0.0,0.0,0.0,0.0,0.0,0.0,0.0,0.0,0.0,0.0,0.0,0.0,0.0,0.0,0.0,0.0,0.0,0.0,0.0,0.0,0.0,0.0,0.0,0.0,0.0,0.0,0.0,0.0,0.0,-3336.4990234375,0.0,3336.5,0.0,0.0,0.0,0.0,0.0,-103.76318359375,0.0,103.765625,0.0,0.0,0.0,0.0,0.0,0.0,0.0,0.0,0.0,0.0,0.0,0.0,0.0,5517.02978515625,0.0,69599.4375,0.0,-3764.26220703125,0.0,3764.265625,0.0,-40.557523782247195,0.0,5.71771240234375,0.0,FL
325631,FL,1205,561.6867065429688,2,0.0,339708.25,372117.84375,2,0,67841.25,0.0,332226.9375,28315.58984375,0.0,0.0,0.0,28315.58984375,-292.0,0.0,292.0,0.0,-456.0,0.0,456.0,0.0,0.0,0.0,0.0,0.0,0.0,0.0,0.0,0.0,0.0,0.0,0.0,0.0,0.0,0.0,0.0,0.0,0.0,0.0,0.0,0.0,0.0,0.0,0.0,0.0,0.0,0.0,0.0,0.0,0.0,0.0,0.0,0.0,0.0,0.0,0.0,0.0,0.0,0.0,0.0,0.0,0.0,0.0,0.0,0.0,0.0,0.0,0.0,0.0,0.0,0.0,0.0,0.0,0.0,0.0,0.0,0.0,0.0,0.0,0.0,0.0,0.0,0.0,0.0,0.0,0.0,0.0,0.0,0.0,0.0,0.0,0.0,0.0,0.0,0.0,0.0,0.0,67093.25,0.0,332974.9375,28315.58984375,-748.0,0.0,748.0,0.0,-1.1025740239161277,0.0,0.2251473069190979,0.0,FL
325632,FL,1205,3533.9091796875,5,0.0,500895.140625,513793.125,4,1,72778.599609375,0.0,480025.65625,11771.3681640625,0.0,0.0,0.0,11771.3681640625,-492.0,0.0,492.0,0.0,-456.0,0.0,456.0,0.0,0.0,0.0,0.0,0.0,0.0,0.0,0.0,0.0,0.0,0.0,0.0,0.0,0.0,0.0,0.0,0.0,0.0,0.0,0.0,0.0,0.0,0.0,0.0,0.0,0.0,0.0,0.0,0.0,0.0,0.0,0.0,0.0,0.0,0.0,0.0,0.0,0.0,0.0,0.0,0.0,0.0,0.0,0.0,0.0,0.0,0.0,0.0,0.0,0.0,0.0,0.0,0.0,0.0,0.0,0.0,0.0,-833.919921875,0.0,833.90625,0.0,-422.6025390625,0.0,422.625,0.0,0.0,0.0,0.0,0.0,0.0,0.0,0.0,0.0,0.0,0.0,0.0,0.0,70574.0771484375,0.0,482230.1875,11771.3681640625,-2204.5224609375,0.0,2204.53125,0.0,-3.029080626406452,0.0,0.45925280451774597,0.0,FL
325633,FL,1205,71.20304107666016,2,0.0,358538.9609375,387948.28125,2,0,72115.8515625,0.0,339663.9375,0.0,0.0,0.0,0.0,0.0,-292.0,0.0,292.0,0.0,-456.0,0.0,456.0,0.0,0.0,0.0,0.0,0.0,0.0,0.0,0.0,0.0,0.0,0.0,0.0,0.0,0.0,0.0,0.0,0.0,-1130.6484375,0.0,1130.65625,0.0,0.0,0.0,0.0,0.0,0.0,0.0,0.0,0.0,0.0,0.0,0.0,0.0,-390.046875,0.0,390.03125,0.0,0.0,0.0,0.0,0.0,0.0,0.0,0.0,0.0,0.0,0.0,0.0,0.0,0.0,0.0,0.0,0.0,0.0,0.0,0.0,0.0,0.0,0.0,0.0,0.0,0.0,0.0,0.0,0.0,0.0,0.0,0.0,0.0,0.0,0.0,0.0,0.0,0.0,0.0,0.0,0.0,69847.15625,0.0,341932.625,0.0,-2268.6953125,0.0,2268.6875,0.0,-3.1459037969395816,0.0,0.667921245098114,0.0,FL
325634,FL,1205,386.4886169433594,4,2.0,209045.734375,242391.0,4,0,19890.623046875,0.0,259621.6875,0.0,0.0,0.0,0.0,0.0,-230.0,0.0,230.0,0.0,0.0,0.0,0.0,0.0,0.0,0.0,0.0,0.0,0.0,0.0,0.0,0.0,-400.0,0.0,400.0,0.0,0.0,0.0,0.0,0.0,0.0,0.0,0.0,0.0,0.0,0.0,0.0,0.0,0.0,0.0,0.0,0.0,0.0,0.0,0.0,0.0,0.0,0.0,0.0,0.0,0.0,0.0,0.0,0.0,0.0,0.0,0.0,0.0,0.0,0.0,0.0,0.0,0.0,0.0,0.0,0.0,0.0,0.0,0.0,0.0,0.0,0.0,0.0,0.0,0.0,0.0,0.0,0.0,0.0,0.0,0.0,0.0,0.0,0.0,0.0,0.0,0.0,0.0,0.0,0.0,19260.623046875,0.0,260251.6875,0.0,-630.0,0.0,630.0,0.0,-3.1673215993049486,0.0,0.2426607757806778,0.0,FL
325635,FL,1205,52.77408981323242,2,0.0,211683.2578125,316878.1875,2,0,45632.37890625,0.0,374360.25,0.0,0.0,0.0,0.0,0.0,-292.0,0.0,292.0,0.0,0.0,0.0,0.0,0.0,0.0,0.0,0.0,0.0,0.0,0.0,0.0,0.0,0.0,0.0,0.0,0.0,0.0,0.0,0.0,0.0,-130.33203125,0.0,130.34375,0.0,0.0,0.0,0.0,0.0,0.0,0.0,0.0,0.0,0.0,0.0,0.0,0.0,0.0,0.0,0.0,0.0,0.0,0.0,0.0,0.0,0.0,0.0,0.0,0.0,0.0,0.0,0.0,0.0,0.0,0.0,0.0,0.0,0.0,0.0,0.0,0.0,0.0,0.0,0.0,0.0,0.0,0.0,0.0,0.0,0.0,0.0,0.0,0.0,0.0,0.0,0.0,0.0,0.0,0.0,0.0,0.0,45210.046875,0.0,374782.59375,0.0,-422.33203125,0.0,422.34375,0.0,-0.9255095644206173,0.0,0.11281747370958328,0.0,FL
325636,FL,1205,179.435546875,2,0.0,220552.84375,486787.65625,2,0,95899.2421875,0.0,481080.46875,76641.796875,0.0,0.0,0.0,76641.796875,-764.0,0.0,764.0,0.0,-726.5859375,0.0,726.59375,0.0,0.0,0.0,0.0,0.0,0.0,0.0,0.0,0.0,0.0,0.0,0.0,0.0,0.0,0.0,0.0,0.0,0.0,0.0,0.0,0.0,0.0,0.0,0.0,0.0,0.0,0.0,0.0,0.0,0.0,0.0,0.0,0.0,0.0,0.0,0.0,0.0,0.0,0.0,0.0,0.0,0.0,0.0,0.0,0.0,0.0,0.0,0.0,0.0,0.0,0.0,0.0,0.0,0.0,0.0,0.0,0.0,0.0,0.0,0.0,0.0,0.0,0.0,0.0,0.0,0.0,0.0,0.0,0.0,0.0,0.0,0.0,0.0,0.0,0.0,0.0,0.0,94408.65625,0.0,482571.0625,76641.796875,-1490.5859375,0.0,1490.59375,0.0,-1.5543250431381308,0.0,0.30984291434288025,0.0,FL
325637,FL,1205,2771.0263671875,6,3.9999999999999996,99536.3779296875,651504.0,6,0,72839.4375,0.0,582206.375,0.0,0.0,0.0,0.0,0.0,-292.0,0.0,292.0,0.0,0.0,0.0,0.0,0.0,0.0,0.0,0.0,0.0,0.0,0.0,0.0,0.0,0.0,0.0,0.0,0.0,0.0,0.0,0.0,0.0,0.0,0.0,0.0,0.0,0.0,0.0,0.0,0.0,0.0,0.0,0.0,0.0,0.0,0.0,0.0,0.0,0.0,0.0,0.0,0.0,0.0,0.0,0.0,0.0,0.0,0.0,0.0,0.0,0.0,0.0,0.0,0.0,0.0,0.0,0.0,0.0,0.0,0.0,0.0,0.0,0.0,0.0,0.0,0.0,0.0,0.0,0.0,0.0,0.0,0.0,0.0,0.0,0.0,0.0,0.0,0.0,0.0,0.0,0.0,0.0,72547.4375,0.0,582498.375,0.0,-292.0,0.0,292.0,0.0,-0.40088173388214315,0.0,0.05015403777360916,0.0,FL
325638,FL,1205,28.621702194213867,2,0.0,267244.3349609375,461650.03125,2,0,96253.140625,0.0,444231.625,0.0,0.0,0.0,0.0,0.0,-764.0,0.0,764.0,0.0,-608.0,0.0,608.0,0.0,0.0,0.0,0.0,0.0,0.0,0.0,0.0,0.0,0.0,0.0,0.0,0.0,0.0,0.0,0.0,0.0,0.0,0.0,0.0,0.0,0.0,0.0,0.0,0.0,0.0,0.0,0.0,0.0,0.0,0.0,0.0,0.0,-195.875,0.0,195.875,0.0,0.0,0.0,0.0,0.0,0.0,0.0,0.0,0.0,0.0,0.0,0.0,0.0,0.0,0.0,0.0,0.0,0.0,0.0,0.0,0.0,0.0,0.0,0.0,0.0,0.0,0.0,0.0,0.0,0.0,0.0,0.0,0.0,0.0,0.0,0.0,0.0,0.0,0.0,0.0,0.0,94685.265625,0.0,445799.5,0.0,-1567.875,0.0,1567.875,0.0,-1.628907887908203,0.0,0.3529408574104309,0.0,FL
325639,FL,1205,758.0992431640625,2,0.0,344014.548828125,437577.5625,2,0,81925.3125,0.0,375838.5625,0.0,0.0,0.0,0.0,0.0,-292.0,0.0,292.0,0.0,-456.0,0.0,456.0,0.0,0.0,0.0,0.0,0.0,0.0,0.0,0.0,0.0,0.0,0.0,0.0,0.0,0.0,0.0,0.0,0.0,-853.21875,0.0,853.1875,0.0,0.0,0.0,0.0,0.0,0.0,0.0,0.0,0.0,0.0,0.0,0.0,0.0,0.0,0.0,0.0,0.0,0.0,0.0,0.0,0.0,0.0,0.0,0.0,0.0,0.0,0.0,0.0,0.0,0.0,0.0,0.0,0.0,0.0,0.0,0.0,0.0,0.0,0.0,0.0,0.0,0.0,0.0,0.0,0.0,0.0,0.0,0.0,0.0,0.0,0.0,0.0,0.0,0.0,0.0,0.0,0.0,80324.09375,0.0,377439.75,0.0,-1601.21875,0.0,1601.1875,0.0,-1.9544859838038455,0.0,0.4260306656360626,0.0,FL
325640,FL,1205,903.85498046875,5,3.0,498560.296875,499606.96875,5,0,101871.1640625,0.0,427842.96875,0.0,0.0,0.0,0.0,0.0,-764.0,0.0,764.0,0.0,-608.0,0.0,608.0,0.0,0.0,0.0,0.0,0.0,0.0,0.0,0.0,0.0,-600.0,0.0,600.0,0.0,0.0,0.0,0.0,0.0,0.0,0.0,0.0,0.0,0.0,0.0,0.0,0.0,0.0,0.0,0.0,0.0,0.0,0.0,0.0,0.0,-640.0,0.0,640.0,0.0,0.0,0.0,0.0,0.0,0.0,0.0,0.0,0.0,0.0,0.0,0.0,0.0,0.0,0.0,0.0,0.0,0.0,0.0,0.0,0.0,0.0,0.0,0.0,0.0,0.0,0.0,0.0,0.0,0.0,0.0,0.0,0.0,0.0,0.0,0.0,0.0,0.0,0.0,0.0,0.0,99259.1640625,0.0,430454.96875,0.0,-2612.0,0.0,2612.0,0.0,-2.564022924482816,0.0,0.6105043292045593,0.0,FL
325641,FL,1205,1629.4449462890625,6,3.0,230652.88671875,230652.88671875,6,0,20038.97705078125,0.0,199114.46875,0.0,0.0,1023.76513671875,0.0,1023.76513671875,-235.0,0.0,235.0,0.0,-532.0,0.0,532.0,0.0,0.0,0.0,0.0,0.0,0.0,0.0,0.0,0.0,-600.0,0.0,600.0,0.0,0.0,0.0,0.0,0.0,0.0,0.0,0.0,0.0,0.0,0.0,0.0,0.0,0.0,0.0,0.0,0.0,0.0,0.0,0.0,0.0,0.0,0.0,0.0,0.0,0.0,0.0,0.0,0.0,0.0,0.0,0.0,0.0,0.0,0.0,0.0,0.0,0.0,0.0,0.0,0.0,0.0,0.0,0.0,0.0,0.0,0.0,0.0,0.0,-450.5419921875,0.0,450.546875,0.0,0.0,0.0,0.0,0.0,0.0,0.0,0.0,0.0,0.0,0.0,0.0,0.0,18221.43505859375,0.0,200932.015625,1023.76513671875,-1817.5419921875,0.0,1817.546875,0.0,-9.070033802532054,0.0,0.9128150343894958,0.0,FL
325642,FL,1205,772.78564453125,2,0.0,272941.0703125,285270.0,2,0,10557.6962890625,0.0,253626.625,0.0,0.0,0.0,0.0,0.0,-10.0,0.0,10.0,0.0,0.0,0.0,0.0,0.0,0.0,0.0,0.0,0.0,0.0,0.0,0.0,0.0,0.0,0.0,0.0,0.0,0.0,0.0,0.0,0.0,-234.224609375,0.0,234.21875,0.0,0.0,0.0,0.0,0.0,0.0,0.0,0.0,0.0,0.0,0.0,0.0,0.0,0.0,0.0,0.0,0.0,0.0,0.0,0.0,0.0,0.0,0.0,0.0,0.0,0.0,0.0,0.0,0.0,0.0,0.0,0.0,0.0,0.0,0.0,0.0,0.0,0.0,0.0,0.0,0.0,0.0,0.0,0.0,0.0,0.0,0.0,0.0,0.0,0.0,0.0,0.0,0.0,0.0,0.0,0.0,0.0,10313.4716796875,0.0,253870.84375,0.0,-244.224609375,0.0,244.21875,0.0,-2.3132376864071222,0.0,0.09629065543413162,0.0,FL
325643,FL,1205,1189.3787841796875,2,0.0,249694.9140625,249708.1484375,2,0,34601.5146484375,0.0,201835.578125,0.0,0.0,0.0,0.0,0.0,-246.0,0.0,246.0,0.0,-228.0,0.0,228.0,0.0,0.0,0.0,0.0,0.0,0.0,0.0,0.0,0.0,0.0,0.0,0.0,0.0,0.0,0.0,0.0,0.0,0.0,0.0,0.0,0.0,0.0,0.0,0.0,0.0,0.0,0.0,0.0,0.0,0.0,0.0,0.0,0.0,0.0,0.0,0.0,0.0,0.0,0.0,0.0,0.0,0.0,0.0,0.0,0.0,0.0,0.0,0.0,0.0,0.0,0.0,0.0,0.0,0.0,0.0,0.0,0.0,0.0,0.0,0.0,0.0,0.0,0.0,0.0,0.0,0.0,0.0,0.0,0.0,0.0,0.0,0.0,0.0,0.0,0.0,0.0,0.0,34127.5146484375,0.0,202309.578125,0.0,-474.0,0.0,474.0,0.0,-1.3698822286133778,0.0,0.2348446249961853,0.0,FL
325644,FL,1205,688.732666015625,2,0.0,105674.95703125,108479.578125,2,0,9121.01904296875,0.0,98771.4375,0.0,0.0,0.0,0.0,0.0,-120.0,0.0,120.0,0.0,-323.0,0.0,323.0,0.0,0.0,0.0,0.0,0.0,0.0,0.0,0.0,0.0,0.0,0.0,0.0,0.0,0.0,0.0,0.0,0.0,-556.871826171875,0.0,556.875,0.0,0.0,0.0,0.0,0.0,0.0,0.0,0.0,0.0,0.0,0.0,0.0,0.0,0.0,0.0,0.0,0.0,0.0,0.0,0.0,0.0,0.0,0.0,0.0,0.0,0.0,0.0,0.0,0.0,0.0,0.0,0.0,0.0,0.0,0.0,0.0,0.0,0.0,0.0,0.0,0.0,-245.184326171875,0.0,245.1875,0.0,0.0,0.0,0.0,0.0,0.0,0.0,0.0,0.0,0.0,0.0,0.0,0.0,7875.962890625,0.0,100016.5,0.0,-1245.05615234375,0.0,1245.0625,0.0,-13.65040623726736,0.0,1.2605490684509277,0.0,FL
325645,FL,1205,660.710205078125,3,1.0,534267.625,572995.25,3,0,126444.3828125,0.0,416563.8125,0.0,0.0,0.0,0.0,0.0,-749.0,0.0,749.0,0.0,-665.0,0.0,665.0,0.0,0.0,0.0,0.0,0.0,0.0,0.0,0.0,0.0,0.0,0.0,0.0,0.0,0.0,0.0,0.0,0.0,-1750.015625,0.0,1750.0,0.0,0.0,0.0,0.0,0.0,0.0,0.0,0.0,0.0,0.0,0.0,0.0,0.0,-52.6484375,0.0,52.6875,0.0,0.0,0.0,0.0,0.0,0.0,0.0,0.0,0.0,0.0,0.0,0.0,0.0,0.0,0.0,0.0,0.0,0.0,0.0,0.0,0.0,0.0,0.0,0.0,0.0,0.0,0.0,0.0,0.0,0.0,0.0,0.0,0.0,0.0,0.0,0.0,0.0,0.0,0.0,0.0,0.0,123227.71875,0.0,419780.5,0.0,-3216.6640625,0.0,3216.6875,0.0,-2.5439359115460904,0.0,0.7721956372261047,0.0,FL
325646,FL,1205,768.7435302734375,2,0.0,125436.74609375,125438.40625,2,0,10930.6083984375,0.0,104912.65625,0.0,0.0,0.0,0.0,0.0,-10.0,0.0,10.0,0.0,-228.0,0.0,228.0,0.0,0.0,0.0,0.0,0.0,0.0,0.0,0.0,0.0,0.0,0.0,0.0,0.0,0.0,0.0,0.0,0.0,0.0,0.0,0.0,0.0,0.0,0.0,0.0,0.0,0.0,0.0,0.0,0.0,0.0,0.0,0.0,0.0,-240.0,0.0,240.0,0.0,0.0,0.0,0.0,0.0,0.0,0.0,0.0,0.0,0.0,0.0,0.0,0.0,0.0,0.0,0.0,0.0,0.0,0.0,0.0,0.0,0.0,0.0,0.0,0.0,-91.181640625,0.0,91.1875,0.0,0.0,0.0,0.0,0.0,0.0,0.0,0.0,0.0,0.0,0.0,0.0,0.0,10361.4267578125,0.0,105481.84375,0.0,-569.181640625,0.0,569.1875,0.0,-5.20722744679393,0.0,0.5425346493721008,0.0,FL
325647,FL,1205,1634.0224609375,3,0.0,75796.69140625,107169.0234375,3,0,6767.9927978515625,0.0,150332.5,36465.546875,0.0,0.0,0.0,36465.546875,-53.40869140625,0.0,53.40625,0.0,-304.0,0.0,304.0,0.0,0.0,0.0,0.0,0.0,0.0,0.0,0.0,0.0,0.0,0.0,0.0,0.0,0.0,0.0,0.0,0.0,0.0,0.0,0.0,0.0,0.0,0.0,0.0,0.0,0.0,0.0,0.0,0.0,0.0,0.0,0.0,0.0,-108.0762939453125,0.0,108.078125,0.0,0.0,0.0,0.0,0.0,0.0,0.0,0.0,0.0,0.0,0.0,0.0,0.0,0.0,0.0,0.0,0.0,0.0,0.0,0.0,0.0,-720.0,0.0,720.0,0.0,0.0,0.0,0.0,0.0,0.0,0.0,0.0,0.0,0.0,0.0,0.0,0.0,0.0,0.0,0.0,0.0,5582.5078125,0.0,151517.984375,36465.546875,-1185.4849853515625,0.0,1185.484375,0.0,-17.516049747096123,0.0,0.7885749340057373,0.0,FL
325648,FL,1205,21.582921981811523,2,0.0,44385.7265625,126232.4140625,1,1,8725.8271484375,0.0,119049.2109375,0.0,0.0,0.0,0.0,0.0,-10.0,0.0,10.0,0.0,-120.8017578125,0.0,120.8046875,0.0,0.0,0.0,0.0,0.0,0.0,0.0,0.0,0.0,0.0,0.0,0.0,0.0,0.0,0.0,0.0,0.0,0.0,0.0,0.0,0.0,0.0,0.0,0.0,0.0,0.0,0.0,0.0,0.0,0.0,0.0,0.0,0.0,-240.0,0.0,240.0,0.0,0.0,0.0,0.0,0.0,0.0,0.0,0.0,0.0,0.0,0.0,0.0,0.0,0.0,0.0,0.0,0.0,0.0,0.0,0.0,0.0,0.0,0.0,0.0,0.0,0.0,0.0,0.0,0.0,0.0,0.0,0.0,0.0,0.0,0.0,0.0,0.0,0.0,0.0,0.0,0.0,8355.025390625,0.0,119420.015625,0.0,-370.8017578125,0.0,370.8046875,0.0,-4.249474021255372,0.0,0.3114717900753021,0.0,FL
325649,FL,1205,1265.3609619140625,2,0.0,93130.890625,93133.375,2,0,1863.390625,0.0,90900.5625,0.0,0.0,0.0,0.0,0.0,0.0,0.0,0.0,0.0,0.0,0.0,0.0,0.0,0.0,0.0,0.0,0.0,0.0,0.0,0.0,0.0,0.0,0.0,0.0,0.0,0.0,0.0,0.0,0.0,0.0,0.0,0.0,0.0,0.0,0.0,0.0,0.0,0.0,0.0,0.0,0.0,0.0,0.0,0.0,0.0,0.0,0.0,0.0,0.0,0.0,0.0,0.0,0.0,0.0,0.0,0.0,0.0,0.0,0.0,0.0,0.0,0.0,0.0,0.0,0.0,-852.4827880859375,0.0,852.484375,0.0,0.0,0.0,0.0,0.0,0.0,0.0,0.0,0.0,0.0,0.0,0.0,0.0,0.0,0.0,0.0,0.0,0.0,0.0,0.0,0.0,1010.9078369140625,0.0,91753.046875,0.0,-852.4827880859375,0.0,852.484375,0.0,-45.74901132637916,0.0,0.9378207921981812,0.0,FL
325650,FL,1205,347.0049743652344,1,0.0,44867.81640625,46315.2109375,1,0,3496.8251953125,0.0,41485.609375,972.7833251953125,0.0,0.0,0.0,972.7833251953125,-5.0,0.0,5.0,0.0,-114.0,0.0,114.0,0.0,0.0,0.0,0.0,0.0,0.0,0.0,0.0,0.0,0.0,0.0,0.0,0.0,0.0,0.0,0.0,0.0,0.0,0.0,0.0,0.0,0.0,0.0,0.0,0.0,0.0,0.0,0.0,0.0,0.0,0.0,0.0,0.0,0.0,0.0,0.0,0.0,0.0,0.0,0.0,0.0,0.0,0.0,0.0,0.0,0.0,0.0,0.0,0.0,0.0,0.0,0.0,0.0,0.0,0.0,0.0,0.0,0.0,0.0,0.0,0.0,-59.015625,0.0,59.015625,0.0,0.0,0.0,0.0,0.0,0.0,0.0,0.0,0.0,0.0,0.0,0.0,0.0,3318.8095703125,0.0,41663.625,972.7833251953125,-178.015625,0.0,178.015625,0.0,-5.090778493549814,0.0,0.4291021227836609,0.0,FL
325651,FL,1205,151.1306610107422,2,0.0,170042.59375,191754.09375,2,0,24810.900390625,0.0,184033.296875,23591.09765625,0.0,0.0,0.0,23591.09765625,-230.0,0.0,230.0,0.0,-418.0,0.0,418.0,0.0,0.0,0.0,0.0,0.0,0.0,0.0,0.0,0.0,0.0,0.0,0.0,0.0,0.0,0.0,0.0,0.0,0.0,0.0,0.0,0.0,0.0,0.0,0.0,0.0,0.0,0.0,0.0,0.0,0.0,0.0,0.0,0.0,-65.552734375,0.0,65.546875,0.0,0.0,0.0,0.0,0.0,0.0,0.0,0.0,0.0,0.0,0.0,0.0,0.0,0.0,0.0,0.0,0.0,0.0,0.0,0.0,0.0,-768.845703125,0.0,768.84375,0.0,0.0,0.0,0.0,0.0,0.0,0.0,0.0,0.0,0.0,0.0,0.0,0.0,0.0,0.0,0.0,0.0,23328.501953125,0.0,185515.6875,23591.09765625,-1482.3984375,0.0,1482.390625,0.0,-5.974786945096666,0.0,0.8055013418197632,0.0,FL
325652,FL,1205,2.0612826347351074,2,0.0,220233.46875,221963.546875,2,0,31754.224609375,0.0,193577.75,0.0,0.0,0.0,0.0,0.0,-230.0,0.0,230.0,0.0,-418.0,0.0,418.0,0.0,0.0,0.0,0.0,0.0,0.0,0.0,0.0,0.0,0.0,0.0,0.0,0.0,0.0,0.0,0.0,0.0,0.0,0.0,0.0,0.0,0.0,0.0,0.0,0.0,0.0,0.0,0.0,0.0,0.0,0.0,0.0,0.0,-94.2734375,0.0,94.28125,0.0,0.0,0.0,0.0,0.0,0.0,0.0,0.0,0.0,0.0,0.0,0.0,0.0,0.0,0.0,0.0,0.0,-1657.73046875,0.0,1657.734375,0.0,0.0,0.0,0.0,0.0,0.0,0.0,0.0,0.0,0.0,0.0,0.0,0.0,0.0,0.0,0.0,0.0,0.0,0.0,0.0,0.0,29354.220703125,0.0,195977.765625,0.0,-2400.00390625,0.0,2400.015625,0.0,-7.558061756423527,0.0,1.2398200035095215,0.0,FL
325653,FL,1205,1.9593313932418823,6,3.9999999999999996,78359.6796875,83830.578125,6,0,-2062.548828125,0.0,123591.6484375,0.0,0.0,0.0,9141.546875,9141.546875,-10.0,0.0,10.0,0.0,-228.0,0.0,228.0,0.0,0.0,0.0,0.0,0.0,0.0,0.0,0.0,0.0,-800.0000000000005,0.0,800.0,0.0,0.0,0.0,0.0,0.0,0.0,0.0,0.0,0.0,0.0,0.0,0.0,0.0,0.0,0.0,0.0,0.0,0.0,0.0,0.0,0.0,-16.875,0.0,16.875,0.0,0.0,0.0,0.0,0.0,0.0,0.0,0.0,0.0,0.0,0.0,0.0,0.0,0.0,0.0,0.0,0.0,-1203.6865234374995,0.0,1203.6875,0.0,0.0,0.0,0.0,0.0,-282.75537109375,0.0,282.7578125,0.0,0.0,0.0,0.0,0.0,0.0,0.0,0.0,0.0,0.0,0.0,0.0,0.0,-4603.86572265625,0.0,126132.96875,9141.546875,-2541.31689453125,0.0,2541.3203125,0.0,-123.21244762197865,0.0,2.0562233924865723,0.0,FL
325654,FL,1205,8.552909851074219,2,0.0,174217.703125,753335.75,2,0,191354.859375,0.0,535912.6875,0.0,0.0,0.0,0.0,0.0,-749.0,0.0,749.0,0.0,-665.0,0.0,665.0,0.0,0.0,0.0,0.0,0.0,0.0,0.0,0.0,0.0,0.0,0.0,0.0,0.0,0.0,0.0,0.0,0.0,0.0,0.0,0.0,0.0,0.0,0.0,0.0,0.0,0.0,0.0,0.0,0.0,0.0,0.0,0.0,0.0,-11.90625,0.0,11.9375,0.0,0.0,0.0,0.0,0.0,0.0,0.0,0.0,0.0,0.0,0.0,0.0,0.0,0.0,0.0,0.0,0.0,0.0,0.0,0.0,0.0,0.0,0.0,0.0,0.0,0.0,0.0,0.0,0.0,0.0,0.0,0.0,0.0,0.0,0.0,0.0,0.0,0.0,0.0,0.0,0.0,189928.953125,0.0,537338.625,0.0,-1425.90625,0.0,1425.9375,0.0,-0.7451633340576094,0.0,0.2660764753818512,0.0,FL
325655,FL,1205,588.0321044921875,3,1.0,56697.89453125,57223.2109375,3,0,544.785400390625,0.0,60894.10546875,0.0,0.0,0.0,2285.38671875,2285.38671875,-10.0,0.0,10.0,0.0,-228.0,0.0,228.0,0.0,0.0,0.0,0.0,0.0,0.0,0.0,0.0,0.0,-200.0,0.0,200.0,0.0,0.0,0.0,0.0,0.0,0.0,0.0,0.0,0.0,0.0,0.0,0.0,0.0,0.0,0.0,0.0,0.0,0.0,0.0,0.0,0.0,0.0,0.0,0.0,0.0,0.0,0.0,0.0,0.0,0.0,0.0,0.0,0.0,0.0,0.0,0.0,0.0,0.0,0.0,0.0,0.0,0.0,0.0,0.0,0.0,0.0,0.0,0.0,0.0,-315.214599609375,0.0,315.21875,0.0,0.0,0.0,0.0,0.0,0.0,0.0,0.0,0.0,0.0,0.0,0.0,0.0,-208.42919921875,0.0,61647.32421875,2285.38671875,-753.214599609375,0.0,753.21875,0.0,-138.25895463962524,0.0,1.2369321584701538,0.0,FL
325656,FL,1205,683.1323852539062,2,0.0,101725.71484375,102160.03125,2,0,8137.20361328125,0.0,88088.6484375,0.0,0.0,0.0,0.0,0.0,-10.0,0.0,10.0,0.0,-228.0,0.0,228.0,0.0,0.0,0.0,0.0,0.0,0.0,0.0,0.0,0.0,0.0,0.0,0.0,0.0,0.0,0.0,0.0,0.0,0.0,0.0,0.0,0.0,0.0,0.0,0.0,0.0,0.0,0.0,0.0,0.0,0.0,0.0,0.0,0.0,-27.77685546875,0.0,27.7734375,0.0,0.0,0.0,0.0,0.0,0.0,0.0,0.0,0.0,0.0,0.0,0.0,0.0,0.0,0.0,0.0,0.0,0.0,0.0,0.0,0.0,0.0,0.0,0.0,0.0,-36.31787109375,0.0,36.3203125,0.0,0.0,0.0,0.0,0.0,0.0,0.0,0.0,0.0,0.0,0.0,0.0,0.0,7835.10888671875,0.0,88390.7421875,0.0,-302.0947265625,0.0,302.09375,0.0,-3.7125128105364342,0.0,0.34294289350509644,0.0,FL
325657,FL,1205,3.2490017414093018,7,3.9999999999999996,58072.56640625,451233.62500000006,6,1,61705.96093749999,0.0,402953.59375,4853.84912109375,13231.8837890625,0.0,0.0,18085.73291015625,-291.9999999999927,0.0,292.0,0.0,-456.0,0.0,456.0,0.0,0.0,0.0,0.0,0.0,0.0,0.0,0.0,0.0,-800.0000000000073,0.0,800.0,0.0,0.0,0.0,0.0,0.0,0.0,0.0,0.0,0.0,0.0,0.0,0.0,0.0,0.0,0.0,0.0,0.0,0.0,0.0,0.0,0.0,-480.0,0.0,480.0,0.0,0.0,0.0,0.0,0.0,0.0,0.0,0.0,0.0,0.0,0.0,0.0,0.0,0.0,0.0,0.0,0.0,0.0,0.0,0.0,0.0,0.0,0.0,0.0,0.0,0.0,0.0,0.0,0.0,0.0,0.0,0.0,0.0,0.0,0.0,0.0,0.0,0.0,0.0,0.0,0.0,59677.96093749999,0.0,404981.59375,18085.73291015625,-2028.0,0.0,2028.0,0.0,-3.2865544417241903,0.0,0.5032837390899658,0.0,FL
325658,FL,1205,26.302431106567383,4,2.0,341040.263671875,574480.1875,4,0,134088.9375,0.0,513025.375,0.0,0.0,0.0,0.0,0.0,-749.0,0.0,749.0,0.0,-665.0,0.0,665.0,0.0,0.0,0.0,0.0,0.0,0.0,0.0,0.0,0.0,0.0,0.0,0.0,0.0,0.0,0.0,0.0,0.0,-1749.9921875,0.0,1750.0,0.0,0.0,0.0,0.0,0.0,0.0,0.0,0.0,0.0,0.0,0.0,0.0,0.0,-700.0,0.0,700.0,0.0,0.0,0.0,0.0,0.0,0.0,0.0,0.0,0.0,0.0,0.0,0.0,0.0,0.0,0.0,0.0,0.0,0.0,0.0,0.0,0.0,0.0,0.0,0.0,0.0,0.0,0.0,0.0,0.0,0.0,0.0,0.0,0.0,0.0,0.0,0.0,0.0,0.0,0.0,0.0,0.0,130224.9453125,0.0,516889.375,0.0,-3863.9921875,0.0,3864.0,0.0,-2.881663662597073,0.0,0.7531790733337402,0.0,FL
325659,FL,1205,373.89044189453125,3,1.0,0.0,0.0,2,1,0.0,0.0,52762.13671875,23534.826171875,29227.310791015625,0.0,0.0,52762.136962890625,0.0,0.0,0.0,0.0,0.0,0.0,0.0,0.0,0.0,0.0,0.0,0.0,0.0,0.0,0.0,0.0,0.0,0.0,0.0,0.0,0.0,0.0,0.0,0.0,0.0,0.0,0.0,0.0,0.0,0.0,0.0,0.0,0.0,0.0,0.0,0.0,0.0,0.0,0.0,0.0,0.0,0.0,0.0,0.0,0.0,0.0,0.0,0.0,0.0,0.0,0.0,0.0,0.0,0.0,0.0,0.0,0.0,0.0,0.0,0.0,0.0,0.0,0.0,0.0,0.0,0.0,0.0,0.0,0.0,0.0,0.0,0.0,0.0,0.0,0.0,0.0,0.0,0.0,0.0,0.0,0.0,0.0,0.0,0.0,0.0,0.0,52762.13671875,52762.136962890625,0.0,0.0,0.0,0.0,0.0,0.0,0.0,0.0,FL
325660,FL,1205,52.010555267333984,2,0.0,0.0,0.0,2,0,0.0,0.0,65084.19921875,33015.94140625,0.0,0.0,0.0,33015.94140625,0.0,0.0,0.0,0.0,0.0,0.0,0.0,0.0,0.0,0.0,0.0,0.0,0.0,0.0,0.0,0.0,0.0,0.0,0.0,0.0,0.0,0.0,0.0,0.0,0.0,0.0,0.0,0.0,0.0,0.0,0.0,0.0,0.0,0.0,0.0,0.0,0.0,0.0,0.0,0.0,0.0,0.0,0.0,0.0,0.0,0.0,0.0,0.0,0.0,0.0,0.0,0.0,0.0,0.0,0.0,0.0,0.0,0.0,0.0,0.0,0.0,0.0,0.0,0.0,0.0,0.0,0.0,0.0,0.0,0.0,0.0,0.0,0.0,0.0,0.0,0.0,0.0,0.0,0.0,0.0,0.0,0.0,0.0,0.0,0.0,0.0,65084.19921875,33015.94140625,0.0,0.0,0.0,0.0,0.0,0.0,0.0,0.0,FL
325661,FL,1205,0.041502438485622406,4,2.0,173891.6015625,180837.96875,4,0,18759.04296875,0.0,154540.046875,0.0,0.0,0.0,0.0,0.0,-230.0,0.0,230.0,0.0,-418.0,0.0,418.0,0.0,0.0,0.0,0.0,0.0,0.0,0.0,0.0,0.0,-400.0,0.0,400.0,0.0,0.0,0.0,0.0,0.0,0.0,0.0,0.0,0.0,0.0,0.0,0.0,0.0,0.0,0.0,0.0,0.0,0.0,0.0,0.0,0.0,0.0,0.0,0.0,0.0,0.0,0.0,0.0,0.0,0.0,0.0,0.0,0.0,0.0,0.0,0.0,0.0,0.0,0.0,0.0,0.0,0.0,0.0,0.0,0.0,0.0,0.0,0.0,0.0,-512.345703125,0.0,512.34375,0.0,0.0,0.0,0.0,0.0,0.0,0.0,0.0,0.0,0.0,0.0,0.0,0.0,17198.697265625,0.0,156100.390625,0.0,-1560.345703125,0.0,1560.34375,0.0,-8.317832128879509,0.0,1.009669542312622,0.0,FL
325662,FL,1205,0.03284263610839844,1,0.0,0.0,806751.0625,1,0,269350.1875,0.0,537405.8125,2.4426097869873047,0.0,0.0,0.0,2.4426097869873047,-350.25,0.0,350.25,0.0,0.0,0.0,0.0,0.0,0.0,0.0,0.0,0.0,0.0,0.0,0.0,0.0,0.0,0.0,0.0,0.0,0.0,0.0,0.0,0.0,-1821.53125,0.0,1821.5625,0.0,0.0,0.0,0.0,0.0,0.0,0.0,0.0,0.0,0.0,0.0,0.0,0.0,0.0,0.0,0.0,0.0,0.0,0.0,0.0,0.0,0.0,0.0,0.0,0.0,0.0,0.0,0.0,0.0,0.0,0.0,0.0,0.0,0.0,0.0,0.0,0.0,0.0,0.0,0.0,0.0,0.0,0.0,0.0,0.0,0.0,0.0,0.0,0.0,0.0,0.0,0.0,0.0,0.0,0.0,0.0,0.0,267178.40625,0.0,539577.625,2.4426097869873047,-2171.78125,0.0,2171.8125,0.0,-0.8063039681381324,0.0,0.40412893891334534,0.0,FL
325663,FL,1205,0.8586286306381226,1,0.0,0.0,4.136351108551025,1,0,0.0,0.0,81878.125,40936.0234375,0.0,0.0,0.0,40936.0234375,0.0,0.0,0.0,0.0,0.0,0.0,0.0,0.0,0.0,0.0,0.0,0.0,0.0,0.0,0.0,0.0,0.0,0.0,0.0,0.0,0.0,0.0,0.0,0.0,0.0,0.0,0.0,0.0,0.0,0.0,0.0,0.0,0.0,0.0,0.0,0.0,0.0,0.0,0.0,0.0,0.0,0.0,0.0,0.0,0.0,0.0,0.0,0.0,0.0,0.0,0.0,0.0,0.0,0.0,0.0,0.0,0.0,0.0,0.0,0.0,0.0,0.0,0.0,0.0,0.0,0.0,0.0,0.0,0.0,0.0,0.0,0.0,0.0,0.0,0.0,0.0,0.0,0.0,0.0,0.0,0.0,0.0,0.0,0.0,0.0,0.0,81878.125,40936.0234375,0.0,0.0,0.0,0.0,0.0,0.0,0.0,0.0,FL
325664,FL,1205,0.025113286450505257,4,2.0,292909.015625,501278.75,3,1,110141.1875,0.0,480528.65625,0.0,0.0,0.0,0.0,0.0,-764.0,0.0,764.0,0.0,-608.0,0.0,608.0,0.0,0.0,0.0,0.0,0.0,0.0,0.0,0.0,0.0,0.0,0.0,0.0,0.0,0.0,0.0,0.0,0.0,0.0,0.0,0.0,0.0,0.0,0.0,0.0,0.0,0.0,0.0,0.0,0.0,0.0,0.0,0.0,0.0,-640.0,0.0,640.0,0.0,0.0,0.0,0.0,0.0,0.0,0.0,0.0,0.0,0.0,0.0,0.0,0.0,0.0,0.0,0.0,0.0,0.0,0.0,0.0,0.0,0.0,0.0,0.0,0.0,0.0,0.0,0.0,0.0,0.0,0.0,0.0,0.0,0.0,0.0,0.0,0.0,0.0,0.0,0.0,0.0,108129.1875,0.0,482540.65625,0.0,-2012.0,0.0,2012.0,0.0,-1.8267462387764795,0.0,0.418705552816391,0.0,FL
325665,FL,1205,0.02649274840950966,4,1.0,251507.908203125,569529.046875,4,0,121234.115234375,0.0,505356.4375,25699.73046875,0.0,0.0,0.0,25699.73046875,-592.25,0.0,592.25,0.0,-750.5,0.0,750.5,0.0,0.0,0.0,0.0,0.0,0.0,0.0,0.0,0.0,0.0,0.0,0.0,0.0,0.0,0.0,0.0,0.0,-1750.0,0.0,1750.0,0.0,0.0,0.0,0.0,0.0,0.0,0.0,0.0,0.0,0.0,0.0,0.0,0.0,-322.12109375,0.0,322.125,0.0,0.0,0.0,0.0,0.0,0.0,0.0,0.0,0.0,0.0,0.0,0.0,0.0,0.0,0.0,0.0,0.0,0.0,0.0,0.0,0.0,0.0,0.0,0.0,0.0,0.0,0.0,0.0,0.0,0.0,0.0,0.0,0.0,0.0,0.0,0.0,0.0,0.0,0.0,0.0,0.0,117819.244140625,0.0,508771.3125,25699.73046875,-3414.87109375,0.0,3414.875,0.0,-2.816757549760828,0.0,0.6757359504699707,0.0,FL
325666,FL,1205,0.03674986585974693,1,0.0,0.0,356362.09375,1,0,61445.03125,0.0,316915.0625,19121.93359375,0.0,0.0,0.0,19121.93359375,-131.0,0.0,131.0,0.0,-228.0,0.0,228.0,0.0,0.0,0.0,0.0,0.0,0.0,0.0,0.0,0.0,0.0,0.0,0.0,0.0,0.0,0.0,0.0,0.0,-1200.0,0.0,1200.0,0.0,0.0,0.0,0.0,0.0,0.0,0.0,0.0,0.0,0.0,0.0,0.0,0.0,0.0,0.0,0.0,0.0,0.0,0.0,0.0,0.0,0.0,0.0,0.0,0.0,0.0,0.0,0.0,0.0,0.0,0.0,0.0,0.0,0.0,0.0,0.0,0.0,0.0,0.0,0.0,0.0,0.0,0.0,0.0,0.0,0.0,0.0,0.0,0.0,0.0,0.0,0.0,0.0,0.0,0.0,0.0,0.0,59886.03125,0.0,318474.0625,19121.93359375,-1559.0,0.0,1559.0,0.0,-2.5372271252608405,0.0,0.49192994832992554,0.0,FL
325667,FL,1205,0.028972361236810684,3,0.0,307358.189453125,446981.564453125,2,1,74336.45556640625,0.0,364218.03125,0.0,0.0,4693.587890625,0.0,4693.587890625,-297.0,0.0,297.0,0.0,-570.0,0.0,570.0,0.0,0.0,0.0,0.0,0.0,0.0,0.0,0.0,0.0,0.0,0.0,0.0,0.0,0.0,0.0,0.0,0.0,0.0,0.0,0.0,0.0,0.0,0.0,0.0,0.0,0.0,0.0,0.0,0.0,0.0,0.0,0.0,0.0,-3.4375,0.0,3.4375,0.0,0.0,0.0,0.0,0.0,0.0,0.0,0.0,0.0,0.0,0.0,0.0,0.0,0.0,0.0,0.0,0.0,0.0,0.0,0.0,0.0,0.0,0.0,0.0,0.0,0.0,0.0,0.0,0.0,0.0,0.0,0.0,0.0,0.0,0.0,0.0,0.0,0.0,0.0,0.0,0.0,73466.01806640625,0.0,365088.46875,4693.587890625,-870.4375,0.0,870.4375,0.0,-1.170942969190158,0.0,0.23898804187774658,0.0,FL
325668,FL,1205,0.0786646157503128,1,0.0,0.0,24.58601951599121,1,0,0.0,0.0,38572.29296875,19438.853515625,0.0,0.0,0.0,19438.853515625,0.0,0.0,0.0,0.0,0.0,0.0,0.0,0.0,0.0,0.0,0.0,0.0,0.0,0.0,0.0,0.0,0.0,0.0,0.0,0.0,0.0,0.0,0.0,0.0,0.0,0.0,0.0,0.0,0.0,0.0,0.0,0.0,0.0,0.0,0.0,0.0,0.0,0.0,0.0,0.0,0.0,0.0,0.0,0.0,0.0,0.0,0.0,0.0,0.0,0.0,0.0,0.0,0.0,0.0,0.0,0.0,0.0,0.0,0.0,0.0,0.0,0.0,0.0,0.0,0.0,0.0,0.0,0.0,0.0,0.0,0.0,0.0,0.0,0.0,0.0,0.0,0.0,0.0,0.0,0.0,0.0,0.0,0.0,0.0,0.0,0.0,38572.29296875,19438.853515625,0.0,0.0,0.0,0.0,0.0,0.0,0.0,0.0,FL
325669,FL,1205,105.20046997070312,2,0.0,0.0,0.0,2,0,0.0,0.0,81242.8125,30866.671875,26463.767578125,0.0,0.0,57330.439453125,0.0,0.0,0.0,0.0,0.0,0.0,0.0,0.0,0.0,0.0,0.0,0.0,0.0,0.0,0.0,0.0,0.0,0.0,0.0,0.0,0.0,0.0,0.0,0.0,0.0,0.0,0.0,0.0,0.0,0.0,0.0,0.0,0.0,0.0,0.0,0.0,0.0,0.0,0.0,0.0,0.0,0.0,0.0,0.0,0.0,0.0,0.0,0.0,0.0,0.0,0.0,0.0,0.0,0.0,0.0,0.0,0.0,0.0,0.0,0.0,0.0,0.0,0.0,0.0,0.0,0.0,0.0,0.0,0.0,0.0,0.0,0.0,0.0,0.0,0.0,0.0,0.0,0.0,0.0,0.0,0.0,0.0,0.0,0.0,0.0,0.0,81242.8125,57330.439453125,0.0,0.0,0.0,0.0,0.0,0.0,0.0,0.0,FL
325670,FL,1205,0.09031814336776733,2,0.0,0.0,57113.1875,2,0,133.0959014892578,0.0,167636.328125,52317.1953125,0.0,0.0,0.0,52317.1953125,0.0,0.0,0.0,0.0,-133.0959014892578,0.0,133.09375,0.0,0.0,0.0,0.0,0.0,0.0,0.0,0.0,0.0,0.0,0.0,0.0,0.0,0.0,0.0,0.0,0.0,0.0,0.0,0.0,0.0,0.0,0.0,0.0,0.0,0.0,0.0,0.0,0.0,0.0,0.0,0.0,0.0,0.0,0.0,0.0,0.0,0.0,0.0,0.0,0.0,0.0,0.0,0.0,0.0,0.0,0.0,0.0,0.0,0.0,0.0,0.0,0.0,0.0,0.0,0.0,0.0,0.0,0.0,0.0,0.0,0.0,0.0,0.0,0.0,0.0,0.0,0.0,0.0,0.0,0.0,0.0,0.0,0.0,0.0,0.0,0.0,0.0,0.0,167769.421875,52317.1953125,-133.0959014892578,0.0,133.09375,0.0,-100.0,0.0,0.07939433306455612,0.0,FL
325671,FL,1205,0.03430335223674774,2,0.0,288960.15625,325460.0,2,0,71827.0234375,0.0,280453.53125,19388.177734375,13231.8837890625,0.0,0.0,32620.0615234375,-362.25,0.0,362.25,0.0,-332.5,0.0,332.5,0.0,0.0,0.0,0.0,0.0,0.0,0.0,0.0,0.0,0.0,0.0,0.0,0.0,0.0,0.0,0.0,0.0,0.0,0.0,0.0,0.0,0.0,0.0,0.0,0.0,0.0,0.0,0.0,0.0,0.0,0.0,0.0,0.0,-350.0,0.0,350.0,0.0,0.0,0.0,0.0,0.0,0.0,0.0,0.0,0.0,0.0,0.0,0.0,0.0,0.0,0.0,0.0,0.0,0.0,0.0,0.0,0.0,0.0,0.0,0.0,0.0,0.0,0.0,0.0,0.0,0.0,0.0,0.0,0.0,0.0,0.0,0.0,0.0,0.0,0.0,0.0,0.0,70782.2734375,0.0,281498.28125,32620.0615234375,-1044.75,0.0,1044.75,0.0,-1.4545361202515723,0.0,0.37252160906791687,0.0,FL
325672,FL,1205,0.03547467663884163,2,0.0,46660.0234375,1356672.125,2,0,301551.09375,0.0,1167929.875,39211.734375,0.0,0.0,0.0,39211.734375,0.0,0.0,0.0,0.0,0.0,0.0,0.0,0.0,0.0,0.0,0.0,0.0,0.0,0.0,0.0,0.0,0.0,0.0,0.0,0.0,0.0,0.0,0.0,0.0,-1640.53125,0.0,1640.625,0.0,0.0,0.0,0.0,0.0,0.0,0.0,0.0,0.0,0.0,0.0,0.0,0.0,-393.0625,0.0,393.0,0.0,0.0,0.0,0.0,0.0,0.0,0.0,0.0,0.0,0.0,0.0,0.0,0.0,0.0,0.0,0.0,0.0,0.0,0.0,0.0,0.0,0.0,0.0,0.0,0.0,0.0,0.0,0.0,0.0,0.0,0.0,0.0,0.0,0.0,0.0,0.0,0.0,0.0,0.0,0.0,0.0,299517.5,0.0,1169963.5,39211.734375,-2033.59375,0.0,2033.625,0.0,-0.6743778391617921,0.0,0.1741221845149994,0.0,FL
325673,FL,1205,786.3975830078125,4,1.0,76030.7109375,761770.7082214355,4,0,185726.4130859375,0.0,604083.1875,18311.017578125,15995.427001953125,0.0,0.0,34306.444580078125,-115.00048828125,0.0,115.0,0.0,-209.0,0.0,209.0,0.0,0.0,0.0,0.0,0.0,0.0,0.0,0.0,0.0,0.0,0.0,0.0,0.0,0.0,0.0,0.0,0.0,-2067.71875,0.0,2067.75,0.0,0.0,0.0,0.0,0.0,0.0,0.0,0.0,0.0,0.0,0.0,0.0,0.0,0.0,0.0,0.0,0.0,0.0,0.0,0.0,0.0,0.0,0.0,0.0,0.0,0.0,0.0,0.0,0.0,0.0,0.0,0.0,0.0,0.0,0.0,0.0,0.0,0.0,0.0,0.0,0.0,-59.4482421875,0.0,59.4375,0.0,0.0,0.0,0.0,0.0,0.0,0.0,0.0,0.0,0.0,0.0,0.0,0.0,183275.24560546875,0.0,606534.375,34306.444580078125,-2451.16748046875,0.0,2451.1875,0.0,-1.3197732297422715,0.0,0.40576985478401184,0.0,FL
325674,FL,1205,3.0732619762420654,2,0.0,153321.578125,181919.701171875,2,0,27728.025390625,0.0,206169.0,37458.01953125,0.0,0.0,0.0,37458.01953125,-131.0,0.0,131.0,0.0,0.0,0.0,0.0,0.0,0.0,0.0,0.0,0.0,0.0,0.0,0.0,0.0,0.0,0.0,0.0,0.0,0.0,0.0,0.0,0.0,0.0,0.0,0.0,0.0,0.0,0.0,0.0,0.0,0.0,0.0,0.0,0.0,0.0,0.0,0.0,0.0,0.0,0.0,0.0,0.0,0.0,0.0,0.0,0.0,0.0,0.0,0.0,0.0,0.0,0.0,0.0,0.0,0.0,0.0,0.0,0.0,0.0,0.0,0.0,0.0,-65.232421875,0.0,65.234375,0.0,0.0,0.0,0.0,0.0,0.0,0.0,0.0,0.0,0.0,0.0,0.0,0.0,0.0,0.0,0.0,0.0,27531.79296875,0.0,206365.234375,37458.01953125,-196.232421875,0.0,196.234375,0.0,-0.7077042779301091,0.0,0.09518131613731384,0.0,FL
325675,FL,1205,4.380527973175049,2,0.0,146486.1015625,223898.234375,2,0,28076.3359375,0.0,194825.71875,0.0,0.0,0.0,0.0,0.0,-230.0,0.0,230.0,0.0,0.0,0.0,0.0,0.0,0.0,0.0,0.0,0.0,0.0,0.0,0.0,0.0,0.0,0.0,0.0,0.0,0.0,0.0,0.0,0.0,0.0,0.0,0.0,0.0,0.0,0.0,0.0,0.0,0.0,0.0,0.0,0.0,0.0,0.0,0.0,0.0,0.0,0.0,0.0,0.0,0.0,0.0,0.0,0.0,0.0,0.0,0.0,0.0,-1491.47265625,0.0,1491.46875,0.0,0.0,0.0,0.0,0.0,0.0,0.0,0.0,0.0,0.0,0.0,0.0,0.0,0.0,0.0,0.0,0.0,0.0,0.0,0.0,0.0,0.0,0.0,0.0,0.0,0.0,0.0,0.0,0.0,26354.86328125,0.0,196547.1875,0.0,-1721.47265625,0.0,1721.46875,0.0,-6.131400693032472,0.0,0.8835941553115845,0.0,FL
325676,FL,1205,5.654398441314697,2,0.0,0.0,95564.046875,2,0,6947.09814453125,0.0,136230.875,40936.0234375,0.0,0.0,0.0,40936.0234375,-10.0,0.0,10.0,0.0,-228.0,0.0,228.0,0.0,0.0,0.0,0.0,0.0,0.0,0.0,0.0,0.0,0.0,0.0,0.0,0.0,0.0,0.0,0.0,0.0,0.0,0.0,0.0,0.0,0.0,0.0,0.0,0.0,0.0,0.0,0.0,0.0,0.0,0.0,0.0,0.0,0.0,0.0,0.0,0.0,0.0,0.0,0.0,0.0,0.0,0.0,0.0,0.0,0.0,0.0,0.0,0.0,0.0,0.0,0.0,0.0,0.0,0.0,0.0,0.0,-1440.0,0.0,1440.0,0.0,0.0,0.0,0.0,0.0,0.0,0.0,0.0,0.0,0.0,0.0,0.0,0.0,0.0,0.0,0.0,0.0,5269.09814453125,0.0,137908.875,40936.0234375,-1678.0,0.0,1678.0,0.0,-24.153969975520216,0.0,1.2317324876785278,0.0,FL
325677,FL,1205,3180.359130859375,2,0.0,239998.5693359375,847662.5625,2,0,169026.1875,0.0,668882.375,0.0,0.0,0.0,0.0,0.0,0.0,0.0,0.0,0.0,0.0,0.0,0.0,0.0,0.0,0.0,0.0,0.0,0.0,0.0,0.0,0.0,0.0,0.0,0.0,0.0,0.0,0.0,0.0,0.0,0.0,0.0,0.0,0.0,0.0,0.0,0.0,0.0,0.0,0.0,0.0,0.0,0.0,0.0,0.0,0.0,-352.578125,0.0,352.625,0.0,0.0,0.0,0.0,0.0,0.0,0.0,0.0,0.0,0.0,0.0,0.0,0.0,0.0,0.0,0.0,0.0,0.0,0.0,0.0,0.0,0.0,0.0,0.0,0.0,0.0,0.0,0.0,0.0,0.0,0.0,0.0,0.0,0.0,0.0,0.0,0.0,0.0,0.0,0.0,0.0,168673.609375,0.0,669235.0,0.0,-352.578125,0.0,352.625,0.0,-0.20859378668763975,0.0,0.05271853879094124,0.0,FL
325678,FL,1205,195.3566131591797,3,0.0,80813.16259765625,101537.9267578125,3,0,7219.142395019531,0.0,117918.2421875,23166.703125,0.0,5531.279296875,0.0,28697.982421875,-115.0,0.0,115.0,0.0,-304.0,0.0,304.0,0.0,0.0,0.0,0.0,0.0,0.0,0.0,0.0,0.0,0.0,0.0,0.0,0.0,0.0,0.0,0.0,0.0,0.0,0.0,0.0,0.0,0.0,0.0,0.0,0.0,0.0,0.0,0.0,0.0,0.0,0.0,0.0,0.0,-220.0,0.0,220.0,0.0,0.0,0.0,0.0,0.0,0.0,0.0,0.0,0.0,0.0,0.0,0.0,0.0,0.0,0.0,0.0,0.0,0.0,0.0,0.0,0.0,0.0,0.0,0.0,0.0,-84.1639404296875,0.0,84.1640625,0.0,0.0,0.0,0.0,0.0,0.0,0.0,0.0,0.0,0.0,0.0,0.0,0.0,6495.978454589844,0.0,118641.40625,28697.982421875,-723.1639404296875,0.0,723.1640625,0.0,-10.017310933340179,0.0,0.6132758259773254,0.0,FL
325679,FL,1205,1.215337872505188,3,0.0,165428.1357421875,276535.2451171875,3,0,40562.66015625,0.0,275905.34375,0.0,0.0,0.0,0.0,0.0,-292.0,0.0,292.0,0.0,-456.0,0.0,456.0,0.0,0.0,0.0,0.0,0.0,0.0,0.0,0.0,0.0,0.0,0.0,0.0,0.0,0.0,0.0,0.0,0.0,0.0,0.0,0.0,0.0,0.0,0.0,0.0,0.0,0.0,0.0,0.0,0.0,0.0,0.0,0.0,0.0,-480.0,0.0,480.0,0.0,0.0,0.0,0.0,0.0,0.0,0.0,0.0,0.0,0.0,0.0,0.0,0.0,0.0,0.0,0.0,0.0,0.0,0.0,0.0,0.0,0.0,0.0,0.0,0.0,0.0,0.0,0.0,0.0,0.0,0.0,0.0,0.0,0.0,0.0,0.0,0.0,0.0,0.0,0.0,0.0,39334.66015625,0.0,277133.34375,0.0,-1228.0,0.0,1228.0,0.0,-3.027414857086947,0.0,0.4450801610946655,0.0,FL
325680,FL,1205,1.3880475759506226,2,0.0,391323.78125,819161.5625,2,0,174092.53125,0.0,626871.75,0.0,0.0,0.0,0.0,0.0,-764.0,0.0,764.0,0.0,-703.0,0.0,703.0,0.0,0.0,0.0,0.0,0.0,0.0,0.0,0.0,0.0,0.0,0.0,0.0,0.0,0.0,0.0,0.0,0.0,0.0,0.0,0.0,0.0,0.0,0.0,0.0,0.0,0.0,0.0,0.0,0.0,0.0,0.0,0.0,0.0,-740.0,0.0,740.0,0.0,0.0,0.0,0.0,0.0,0.0,0.0,0.0,0.0,0.0,0.0,0.0,0.0,0.0,0.0,0.0,0.0,0.0,0.0,0.0,0.0,0.0,0.0,0.0,0.0,0.0,0.0,0.0,0.0,0.0,0.0,0.0,0.0,0.0,0.0,0.0,0.0,0.0,0.0,0.0,0.0,171885.53125,0.0,629078.75,0.0,-2207.0,0.0,2207.0,0.0,-1.267716647091947,0.0,0.3520656228065491,0.0,FL
325681,FL,1205,200.80206298828125,2,0.0,75237.203125,551409.1544799805,2,0,108736.53125,0.0,496831.75,27661.625,0.0,0.0,0.0,27661.625,-369.0,0.0,369.0,0.0,-304.0,0.0,304.0,0.0,0.0,0.0,0.0,0.0,0.0,0.0,0.0,0.0,0.0,0.0,0.0,0.0,0.0,0.0,0.0,0.0,-1563.640625,0.0,1563.65625,0.0,0.0,0.0,0.0,0.0,0.0,0.0,0.0,0.0,0.0,0.0,0.0,0.0,0.0,0.0,0.0,0.0,0.0,0.0,0.0,0.0,0.0,0.0,0.0,0.0,0.0,0.0,0.0,0.0,0.0,0.0,0.0,0.0,0.0,0.0,0.0,0.0,0.0,0.0,0.0,0.0,0.0,0.0,0.0,0.0,0.0,0.0,0.0,0.0,0.0,0.0,0.0,0.0,0.0,0.0,0.0,0.0,106499.890625,0.0,499068.40625,27661.625,-2236.640625,0.0,2236.65625,0.0,-2.0569357871621454,0.0,0.45018380880355835,0.0,FL
325682,FL,1205,92.94708251953125,4,2.0,136689.0166015625,524039.4375,4,0,102441.140625,0.0,404398.9375,0.0,0.0,0.0,0.0,0.0,-764.0,0.0,764.0,0.0,-740.9375,0.0,740.9375,0.0,0.0,0.0,0.0,0.0,0.0,0.0,0.0,0.0,0.0,0.0,0.0,0.0,0.0,0.0,0.0,0.0,-936.5546875,0.0,936.5625,0.0,0.0,0.0,0.0,0.0,0.0,0.0,0.0,0.0,0.0,0.0,0.0,0.0,-640.0,0.0,640.0,0.0,0.0,0.0,0.0,0.0,0.0,0.0,0.0,0.0,-1175.875,0.0,1175.875,0.0,0.0,0.0,0.0,0.0,0.0,0.0,0.0,0.0,0.0,0.0,0.0,0.0,0.0,0.0,0.0,0.0,0.0,0.0,0.0,0.0,0.0,0.0,0.0,0.0,0.0,0.0,0.0,0.0,98183.7734375,0.0,408656.3125,0.0,-4257.3671875,0.0,4257.375,0.0,-4.15591544717828,0.0,1.0527660846710205,0.0,FL
325683,FL,1205,1.0774178504943848,4,2.0,486642.515625,542892.0,3,1,112070.5,0.0,443028.0625,0.0,0.0,0.0,0.0,0.0,-764.0,0.0,764.0,0.0,-608.0,0.0,608.0,0.0,0.0,0.0,0.0,0.0,0.0,0.0,0.0,0.0,0.0,0.0,0.0,0.0,0.0,0.0,0.0,0.0,-1589.359375,0.0,1589.375,0.0,0.0,0.0,0.0,0.0,0.0,0.0,0.0,0.0,0.0,0.0,0.0,0.0,-640.0,0.0,640.0,0.0,0.0,0.0,0.0,0.0,0.0,0.0,0.0,0.0,0.0,0.0,0.0,0.0,0.0,0.0,0.0,0.0,0.0,0.0,0.0,0.0,0.0,0.0,0.0,0.0,0.0,0.0,0.0,0.0,0.0,0.0,0.0,0.0,0.0,0.0,0.0,0.0,0.0,0.0,0.0,0.0,108469.140625,0.0,446629.4375,0.0,-3601.359375,0.0,3601.375,0.0,-3.213476673165552,0.0,0.8128999471664429,0.0,FL
325684,FL,1205,194.25697326660156,5,3.0,121549.95703125,541068.875,5,0,91684.0,0.0,469376.25,0.0,0.0,0.0,0.0,0.0,-271.7890625,0.0,271.78125,0.0,-420.78125,0.0,420.78125,0.0,0.0,0.0,0.0,0.0,0.0,0.0,0.0,0.0,0.0,0.0,0.0,0.0,0.0,0.0,0.0,0.0,-969.375,0.0,969.375,0.0,0.0,0.0,0.0,0.0,0.0,0.0,0.0,0.0,0.0,0.0,0.0,0.0,-440.0,0.0,440.0,0.0,0.0,0.0,0.0,0.0,0.0,0.0,0.0,0.0,0.0,0.0,0.0,0.0,0.0,0.0,0.0,0.0,0.0,0.0,0.0,0.0,0.0,0.0,0.0,0.0,0.0,0.0,0.0,0.0,0.0,0.0,0.0,0.0,0.0,0.0,0.0,0.0,0.0,0.0,0.0,0.0,89582.0546875,0.0,471478.1875,0.0,-2101.9453125,0.0,2101.9375,0.0,-2.2925977406090485,0.0,0.44781506061553955,0.0,FL
325685,FL,1205,12.014318466186523,4,2.0,340680.7421875,1016756.75,4,0,252079.328125,0.0,747274.625,0.0,0.0,0.0,0.0,0.0,-749.0,0.0,749.0,0.0,0.0,0.0,0.0,0.0,0.0,0.0,0.0,0.0,0.0,0.0,0.0,0.0,0.0,0.0,0.0,0.0,0.0,0.0,0.0,0.0,0.0,0.0,0.0,0.0,0.0,0.0,0.0,0.0,0.0,0.0,0.0,0.0,0.0,0.0,0.0,0.0,0.0,0.0,0.0,0.0,0.0,0.0,0.0,0.0,0.0,0.0,0.0,0.0,0.0,0.0,0.0,0.0,0.0,0.0,0.0,0.0,0.0,0.0,0.0,0.0,0.0,0.0,0.0,0.0,0.0,0.0,0.0,0.0,0.0,0.0,0.0,0.0,0.0,0.0,0.0,0.0,0.0,0.0,0.0,0.0,251330.328125,0.0,748023.625,0.0,-749.0,0.0,749.0,0.0,-0.297128687850433,0.0,0.10023088753223419,0.0,FL
325686,FL,1205,165.96768188476562,2,0.0,0.0,8254.1376953125,2,0,0.0,0.0,67224.4296875,29453.427734375,0.0,0.0,0.0,29453.427734375,0.0,0.0,0.0,0.0,0.0,0.0,0.0,0.0,0.0,0.0,0.0,0.0,0.0,0.0,0.0,0.0,0.0,0.0,0.0,0.0,0.0,0.0,0.0,0.0,0.0,0.0,0.0,0.0,0.0,0.0,0.0,0.0,0.0,0.0,0.0,0.0,0.0,0.0,0.0,0.0,0.0,0.0,0.0,0.0,0.0,0.0,0.0,0.0,0.0,0.0,0.0,0.0,0.0,0.0,0.0,0.0,0.0,0.0,0.0,0.0,0.0,0.0,0.0,0.0,0.0,0.0,0.0,0.0,0.0,0.0,0.0,0.0,0.0,0.0,0.0,0.0,0.0,0.0,0.0,0.0,0.0,0.0,0.0,0.0,0.0,0.0,67224.4296875,29453.427734375,0.0,0.0,0.0,0.0,0.0,0.0,0.0,0.0,FL
325687,FL,1205,25.490951538085938,1,0.0,206258.734375,646415.1875,1,0,141355.984375,0.0,530865.8125,24609.142578125,0.0,0.0,0.0,24609.142578125,-362.25,0.0,362.25,0.0,0.0,0.0,0.0,0.0,0.0,0.0,0.0,0.0,0.0,0.0,0.0,0.0,0.0,0.0,0.0,0.0,0.0,0.0,0.0,0.0,-1488.9375,0.0,1488.9375,0.0,0.0,0.0,0.0,0.0,0.0,0.0,0.0,0.0,0.0,0.0,0.0,0.0,0.0,0.0,0.0,0.0,0.0,0.0,0.0,0.0,0.0,0.0,0.0,0.0,0.0,0.0,0.0,0.0,0.0,0.0,0.0,0.0,0.0,0.0,0.0,0.0,0.0,0.0,0.0,0.0,0.0,0.0,0.0,0.0,0.0,0.0,0.0,0.0,0.0,0.0,0.0,0.0,0.0,0.0,0.0,0.0,139504.796875,0.0,532717.0,24609.142578125,-1851.1875,0.0,1851.1875,0.0,-1.3095925921954799,0.0,0.3487110137939453,0.0,FL
325688,FL,1205,513.6009521484375,1,0.0,66270.109375,75719.90625,1,0,8152.37939453125,0.0,87268.65625,20712.2890625,0.0,0.0,0.0,20712.2890625,-115.0,0.0,115.0,0.0,-209.0,0.0,209.0,0.0,0.0,0.0,0.0,0.0,0.0,0.0,0.0,0.0,0.0,0.0,0.0,0.0,0.0,0.0,0.0,0.0,0.0,0.0,0.0,0.0,0.0,0.0,0.0,0.0,0.0,0.0,0.0,0.0,0.0,0.0,0.0,0.0,0.0,0.0,0.0,0.0,0.0,0.0,0.0,0.0,0.0,0.0,0.0,0.0,0.0,0.0,0.0,0.0,0.0,0.0,0.0,0.0,0.0,0.0,0.0,0.0,0.0,0.0,0.0,0.0,0.0,0.0,0.0,0.0,0.0,0.0,0.0,0.0,0.0,0.0,0.0,0.0,0.0,0.0,0.0,0.0,7828.37939453125,0.0,87592.65625,20712.2890625,-324.0,0.0,324.0,0.0,-3.974299824874987,0.0,0.37126731872558594,0.0,FL
325689,FL,1205,554.0443115234375,1,0.0,103680.859375,113985.25,1,0,16553.138671875,0.0,109465.2734375,18197.2421875,0.0,0.0,0.0,18197.2421875,-115.0,0.0,115.0,0.0,-209.0,0.0,209.0,0.0,0.0,0.0,0.0,0.0,0.0,0.0,0.0,0.0,0.0,0.0,0.0,0.0,0.0,0.0,0.0,0.0,0.0,0.0,0.0,0.0,0.0,0.0,0.0,0.0,0.0,0.0,0.0,0.0,0.0,0.0,0.0,0.0,-220.0,0.0,220.0,0.0,0.0,0.0,0.0,0.0,0.0,0.0,0.0,0.0,0.0,0.0,0.0,0.0,0.0,0.0,0.0,0.0,0.0,0.0,0.0,0.0,0.0,0.0,0.0,0.0,0.0,0.0,0.0,0.0,0.0,0.0,0.0,0.0,0.0,0.0,0.0,0.0,0.0,0.0,0.0,0.0,16009.138671875,0.0,110009.2734375,18197.2421875,-544.0,0.0,544.0,0.0,-3.2863858074498946,0.0,0.4969612658023834,0.0,FL
325690,FL,1205,108.19357299804688,2,0.0,404107.20703125,1464360.375,2,0,352366.107421875,0.0,1168748.25,2310.357177734375,0.0,0.0,0.0,2310.357177734375,-367.25,0.0,367.25,0.0,-114.0,0.0,114.0,0.0,0.0,0.0,0.0,0.0,0.0,0.0,0.0,0.0,0.0,0.0,0.0,0.0,0.0,0.0,0.0,0.0,-1750.0,0.0,1750.0,0.0,0.0,0.0,0.0,0.0,0.0,0.0,0.0,0.0,0.0,0.0,0.0,0.0,0.0,0.0,0.0,0.0,0.0,0.0,0.0,0.0,0.0,0.0,0.0,0.0,0.0,0.0,0.0,0.0,0.0,0.0,0.0,0.0,0.0,0.0,0.0,0.0,0.0,0.0,0.0,0.0,0.0,0.0,0.0,0.0,0.0,0.0,0.0,0.0,0.0,0.0,0.0,0.0,0.0,0.0,0.0,0.0,350134.857421875,0.0,1170979.5,2310.357177734375,-2231.25,0.0,2231.25,0.0,-0.6332192435660693,0.0,0.19090938568115234,0.0,FL
325691,FL,1205,17.992996215820312,2,0.0,222426.859375,829826.3125,2,0,163710.984375,0.0,657872.875,0.0,0.0,0.0,0.0,0.0,0.0,0.0,0.0,0.0,0.0,0.0,0.0,0.0,0.0,0.0,0.0,0.0,0.0,0.0,0.0,0.0,0.0,0.0,0.0,0.0,0.0,0.0,0.0,0.0,0.0,0.0,0.0,0.0,0.0,0.0,0.0,0.0,0.0,0.0,0.0,0.0,0.0,0.0,0.0,0.0,-352.5625,0.0,352.5625,0.0,0.0,0.0,0.0,0.0,0.0,0.0,0.0,0.0,0.0,0.0,0.0,0.0,0.0,0.0,0.0,0.0,0.0,0.0,0.0,0.0,0.0,0.0,0.0,0.0,0.0,0.0,0.0,0.0,0.0,0.0,0.0,0.0,0.0,0.0,0.0,0.0,0.0,0.0,0.0,0.0,163358.421875,0.0,658225.4375,0.0,-352.5625,0.0,352.5625,0.0,-0.21535665511143257,0.0,0.0535912811756134,0.0,FL
325692,FL,1205,461.4515686035156,2,0.0,47255.880859375,47255.880859375,2,0,1595.177001953125,0.0,52938.21875,0.0,0.0,5756.544921875,0.0,5756.544921875,-5.0,0.0,5.0,0.0,-192.9573974609375,0.0,192.953125,0.0,0.0,0.0,0.0,0.0,0.0,0.0,0.0,0.0,0.0,0.0,0.0,0.0,0.0,0.0,0.0,0.0,0.0,0.0,0.0,0.0,0.0,0.0,0.0,0.0,0.0,0.0,0.0,0.0,0.0,0.0,0.0,0.0,0.0,0.0,0.0,0.0,0.0,0.0,0.0,0.0,0.0,0.0,0.0,0.0,0.0,0.0,0.0,0.0,0.0,0.0,0.0,0.0,-345.80078125,0.0,345.8046875,0.0,0.0,0.0,0.0,0.0,0.0,0.0,0.0,0.0,0.0,0.0,0.0,0.0,0.0,0.0,0.0,0.0,0.0,0.0,0.0,0.0,1051.4188232421875,0.0,53481.9765625,5756.544921875,-543.7581787109375,0.0,543.7578125,0.0,-34.087639054798515,0.0,1.0271555185317993,0.0,FL
325693,FL,1205,1135.3197021484375,3,1.0,291098.80078125,1138872.375,3,0,207975.875,0.0,908489.25,0.0,2763.543212890625,0.0,0.0,2763.543212890625,-749.0,0.0,749.0,0.0,0.0,0.0,0.0,0.0,0.0,0.0,0.0,0.0,0.0,0.0,0.0,0.0,0.0,0.0,0.0,0.0,0.0,0.0,0.0,0.0,0.0,0.0,0.0,0.0,0.0,0.0,0.0,0.0,0.0,0.0,0.0,0.0,0.0,0.0,0.0,0.0,0.0,0.0,0.0,0.0,0.0,0.0,0.0,0.0,0.0,0.0,0.0,0.0,0.0,0.0,0.0,0.0,0.0,0.0,0.0,0.0,0.0,0.0,0.0,0.0,0.0,0.0,0.0,0.0,0.0,0.0,0.0,0.0,0.0,0.0,0.0,0.0,0.0,0.0,0.0,0.0,0.0,0.0,0.0,0.0,207226.875,0.0,909238.25,2763.543212890625,-749.0,0.0,749.0,0.0,-0.3601379246511164,0.0,0.08244456350803375,0.0,FL
325694,FL,1205,0.4695936143398285,2,0.0,79828.75,114860.90625,2,0,8616.7333984375,0.0,115562.359375,0.0,0.0,0.0,0.0,0.0,-10.0,0.0,10.0,0.0,-228.0,0.0,228.0,0.0,0.0,0.0,0.0,0.0,0.0,0.0,0.0,0.0,0.0,0.0,0.0,0.0,0.0,0.0,0.0,0.0,0.0,0.0,0.0,0.0,0.0,0.0,0.0,0.0,0.0,0.0,0.0,0.0,0.0,0.0,0.0,0.0,0.0,0.0,0.0,0.0,0.0,0.0,0.0,0.0,0.0,0.0,0.0,0.0,0.0,0.0,0.0,0.0,0.0,0.0,0.0,0.0,0.0,0.0,0.0,0.0,-1440.0009765625,0.0,1440.0,0.0,0.0,0.0,0.0,0.0,0.0,0.0,0.0,0.0,0.0,0.0,0.0,0.0,0.0,0.0,0.0,0.0,6938.732421875,0.0,117240.359375,0.0,-1678.0009765625,0.0,1678.0,0.0,-19.473748333292722,0.0,1.452029824256897,0.0,FL
325695,FL,1205,295.78985595703125,1,0.0,38519.9609375,38519.9609375,1,0,2561.395263671875,0.0,34475.140625,0.0,0.0,0.0,0.0,0.0,-5.0,0.0,5.0,0.0,-114.0,0.0,114.0,0.0,0.0,0.0,0.0,0.0,0.0,0.0,0.0,0.0,0.0,0.0,0.0,0.0,0.0,0.0,0.0,0.0,0.0,0.0,0.0,0.0,0.0,0.0,0.0,0.0,0.0,0.0,0.0,0.0,0.0,0.0,0.0,0.0,-120.0,0.0,120.0,0.0,0.0,0.0,0.0,0.0,0.0,0.0,0.0,0.0,0.0,0.0,0.0,0.0,0.0,0.0,0.0,0.0,-436.181396484375,0.0,436.1796875,0.0,0.0,0.0,0.0,0.0,-62.25830078125,0.0,62.2578125,0.0,0.0,0.0,0.0,0.0,0.0,0.0,0.0,0.0,0.0,0.0,0.0,0.0,1823.95556640625,0.0,35212.578125,0.0,-737.439697265625,0.0,737.4375,0.0,-28.790546610462304,0.0,2.1390414237976074,0.0,FL
325696,FL,1205,599.0025024414062,1,0.0,117195.609375,112473.5703125,1,0,13275.0927734375,0.0,97272.4296875,0.0,0.0,0.0,0.0,0.0,-115.0,0.0,115.0,0.0,0.0,0.0,0.0,0.0,0.0,0.0,0.0,0.0,0.0,0.0,0.0,0.0,0.0,0.0,0.0,0.0,0.0,0.0,0.0,0.0,0.0,0.0,0.0,0.0,0.0,0.0,0.0,0.0,0.0,0.0,0.0,0.0,0.0,0.0,0.0,0.0,0.0,0.0,0.0,0.0,0.0,0.0,0.0,0.0,0.0,0.0,0.0,0.0,0.0,0.0,0.0,0.0,0.0,0.0,0.0,0.0,-3268.2900390625,0.0,3268.2890625,0.0,0.0,0.0,0.0,0.0,0.0,0.0,0.0,0.0,0.0,0.0,0.0,0.0,0.0,0.0,0.0,0.0,0.0,0.0,0.0,0.0,9891.802734375,0.0,100655.71875,0.0,-3383.2900390625,0.0,3383.2890625,0.0,-25.485999207720933,0.0,3.4781582355499268,0.0,FL
325697,FL,1205,1721.421875,3,0.0,74257.79443359375,83096.38037109375,2,1,5131.585632324219,0.0,77404.765625,2941.423095703125,0.0,0.0,0.0,2941.423095703125,-5.0,0.0,5.0,0.0,-209.0,0.0,209.0,0.0,0.0,0.0,0.0,0.0,0.0,0.0,0.0,0.0,0.0,0.0,0.0,0.0,0.0,0.0,0.0,0.0,0.0,0.0,0.0,0.0,0.0,0.0,0.0,0.0,0.0,0.0,0.0,0.0,0.0,0.0,0.0,0.0,-120.0,0.0,120.0,0.0,0.0,0.0,0.0,0.0,0.0,0.0,0.0,0.0,0.0,0.0,0.0,0.0,0.0,0.0,0.0,0.0,0.0,0.0,0.0,0.0,0.0,0.0,0.0,0.0,0.0,0.0,0.0,0.0,0.0,0.0,0.0,0.0,0.0,0.0,0.0,0.0,0.0,0.0,0.0,0.0,4797.585632324219,0.0,77738.765625,2941.423095703125,-334.0,0.0,334.0,0.0,-6.5087094697613646,0.0,0.4314979910850525,0.0,FL
325698,FL,1205,712.9429321289062,5,2.0,198855.53076171875,214490.29785156247,5,0,21267.63525390625,0.0,186694.375,0.0,5527.08642578125,0.0,0.0,5527.08642578125,-136.0,0.0,136.0,0.0,-342.0,0.0,342.0,0.0,0.0,0.0,0.0,0.0,0.0,0.0,0.0,0.0,0.0,0.0,0.0,0.0,0.0,0.0,0.0,0.0,0.0,0.0,0.0,0.0,0.0,0.0,0.0,0.0,0.0,0.0,0.0,0.0,0.0,0.0,0.0,0.0,0.0,0.0,0.0,0.0,0.0,0.0,0.0,0.0,0.0,0.0,0.0,0.0,0.0,0.0,0.0,0.0,0.0,0.0,0.0,0.0,0.0,0.0,0.0,0.0,0.0,0.0,0.0,0.0,0.0,0.0,0.0,0.0,0.0,0.0,0.0,0.0,0.0,0.0,0.0,0.0,0.0,0.0,-2763.546875,-2763.543212890625,20789.63525390625,0.0,184408.828125,2763.543212890625,-478.0,0.0,-2285.546875,-2763.543212890625,-2.247546538641174,0.0,-1.2242183685302734,-50.0,FL
325699,FL,1205,641.915771484375,3,0.0,67568.0693359375,66629.08203125,3,0,2087.1165161132812,0.0,66678.5078125,0.0,0.0,0.0,0.0,0.0,-5.0,0.0,5.0,0.0,-304.0,0.0,304.0,0.0,0.0,0.0,0.0,0.0,0.0,0.0,0.0,0.0,0.0,0.0,0.0,0.0,0.0,0.0,0.0,0.0,0.0,0.0,0.0,0.0,0.0,0.0,0.0,0.0,0.0,0.0,0.0,0.0,0.0,0.0,0.0,0.0,0.0,0.0,0.0,0.0,0.0,0.0,0.0,0.0,0.0,0.0,0.0,0.0,0.0,0.0,0.0,0.0,0.0,0.0,0.0,0.0,0.0,0.0,0.0,0.0,0.0,0.0,0.0,0.0,-164.34637451171875,0.0,164.34375,0.0,0.0,0.0,0.0,0.0,0.0,0.0,0.0,0.0,0.0,0.0,0.0,0.0,1613.7701416015625,0.0,67151.8515625,0.0,-473.34637451171875,0.0,473.34375,0.0,-22.679441749289822,0.0,0.7098895311355591,0.0,FL
325700,FL,1205,2.935497283935547,5,0.0,324124.95703125,561382.572265625,5,0,91222.5874633789,0.0,307041.4375,29820.798828125,0.0,0.0,0.0,29820.798828125,-384.0,0.0,384.0,0.0,-404.26904296875,0.0,404.25,0.0,0.0,0.0,0.0,0.0,0.0,0.0,0.0,0.0,0.0,0.0,0.0,0.0,0.0,0.0,0.0,0.0,0.0,0.0,0.0,0.0,0.0,0.0,0.0,0.0,0.0,0.0,0.0,0.0,0.0,0.0,0.0,0.0,0.0,0.0,0.0,0.0,0.0,0.0,0.0,0.0,0.0,0.0,0.0,0.0,0.0,0.0,0.0,0.0,-527.0388793945312,0.0,527.0625,0.0,0.0,0.0,0.0,0.0,0.0,0.0,0.0,0.0,0.0,0.0,0.0,0.0,0.0,0.0,0.0,0.0,0.0,0.0,0.0,0.0,0.0,0.0,0.0,0.0,89907.27954101562,0.0,308356.75,29820.798828125,-1315.3079223632812,0.0,1315.3125,0.0,-1.4418664926505276,0.0,0.4283827245235443,0.0,FL
325701,FL,1205,1213.033203125,3,0.0,211069.125,622424.890625,3,0,108922.07403564453,0.0,539824.25,0.0,0.0,0.0,0.0,0.0,-484.0,0.0,484.0,0.0,-303.99951171875,0.0,304.0,0.0,0.0,0.0,0.0,0.0,0.0,0.0,0.0,0.0,0.0,0.0,0.0,0.0,0.0,0.0,0.0,0.0,-1600.0,0.0,1600.0,0.0,0.0,0.0,0.0,0.0,0.0,0.0,0.0,0.0,0.0,0.0,0.0,0.0,-104.41259765625,0.0,104.4375,0.0,0.0,0.0,0.0,0.0,0.0,0.0,0.0,0.0,0.0,0.0,0.0,0.0,0.0,0.0,0.0,0.0,0.0,0.0,0.0,0.0,0.0,0.0,0.0,0.0,0.0,0.0,0.0,0.0,0.0,0.0,0.0,0.0,0.0,0.0,0.0,0.0,0.0,0.0,0.0,0.0,106429.66192626953,0.0,542316.6875,0.0,-2492.412109375,0.0,2492.4375,0.0,-2.288252524974289,0.0,0.4617127478122711,0.0,FL
325702,FL,1205,119.40595245361328,2,0.0,86364.8515625,214649.4140625,2,0,30033.6396484375,0.0,237848.140625,53820.046875,0.0,0.0,0.0,53820.046875,-230.0,0.0,230.0,0.0,-418.0,0.0,418.0,0.0,0.0,0.0,0.0,0.0,0.0,0.0,0.0,0.0,0.0,0.0,0.0,0.0,0.0,0.0,0.0,0.0,0.0,0.0,0.0,0.0,0.0,0.0,0.0,0.0,0.0,0.0,0.0,0.0,0.0,0.0,0.0,0.0,0.0,0.0,0.0,0.0,0.0,0.0,0.0,0.0,0.0,0.0,0.0,0.0,0.0,0.0,0.0,0.0,0.0,0.0,0.0,0.0,0.0,0.0,0.0,0.0,0.0,0.0,0.0,0.0,0.0,0.0,0.0,0.0,0.0,0.0,0.0,0.0,0.0,0.0,0.0,0.0,0.0,0.0,0.0,0.0,29385.6396484375,0.0,238496.140625,53820.046875,-648.0,0.0,648.0,0.0,-2.157580658172784,0.0,0.2724427580833435,0.0,FL
325703,FL,1205,271.3301696777344,1,0.0,0.0,0.0,1,0,0.0,0.0,52604.875,26446.279296875,0.0,0.0,0.0,26446.279296875,0.0,0.0,0.0,0.0,0.0,0.0,0.0,0.0,0.0,0.0,0.0,0.0,0.0,0.0,0.0,0.0,0.0,0.0,0.0,0.0,0.0,0.0,0.0,0.0,0.0,0.0,0.0,0.0,0.0,0.0,0.0,0.0,0.0,0.0,0.0,0.0,0.0,0.0,0.0,0.0,0.0,0.0,0.0,0.0,0.0,0.0,0.0,0.0,0.0,0.0,0.0,0.0,0.0,0.0,0.0,0.0,0.0,0.0,0.0,0.0,0.0,0.0,0.0,0.0,0.0,0.0,0.0,0.0,0.0,0.0,0.0,0.0,0.0,0.0,0.0,0.0,0.0,0.0,0.0,0.0,0.0,0.0,0.0,0.0,0.0,0.0,52604.875,26446.279296875,0.0,0.0,0.0,0.0,0.0,0.0,0.0,0.0,FL
325704,FL,1205,1655.9725341796875,2,0.0,52805.54296875,52805.54296875,2,0,3977.1758422851562,0.0,48690.5625,0.0,0.0,0.0,0.0,0.0,-5.0,0.0,5.0,0.0,-114.0,0.0,114.0,0.0,0.0,0.0,0.0,0.0,0.0,0.0,0.0,0.0,0.0,0.0,0.0,0.0,0.0,0.0,0.0,0.0,0.0,0.0,0.0,0.0,0.0,0.0,0.0,0.0,0.0,0.0,0.0,0.0,0.0,0.0,0.0,0.0,0.0,0.0,0.0,0.0,0.0,0.0,0.0,0.0,0.0,0.0,0.0,0.0,0.0,0.0,0.0,0.0,0.0,0.0,0.0,0.0,0.0,0.0,0.0,0.0,0.0,0.0,0.0,0.0,0.0,0.0,0.0,0.0,0.0,0.0,0.0,0.0,0.0,0.0,0.0,0.0,0.0,0.0,0.0,0.0,3858.1758422851562,0.0,48809.5625,0.0,-119.0,0.0,119.0,0.0,-2.9920728858602956,0.0,0.2444005310535431,0.0,FL
325705,FL,1205,330.76336669921875,2,0.0,44212.36328125,87072.1328125,2,0,10649.869140625,0.0,76145.8359375,0.0,0.0,0.0,0.0,0.0,-115.0,0.0,115.0,0.0,-209.0,0.0,209.0,0.0,0.0,0.0,0.0,0.0,0.0,0.0,0.0,0.0,0.0,0.0,0.0,0.0,0.0,0.0,0.0,0.0,0.0,0.0,0.0,0.0,0.0,0.0,0.0,0.0,0.0,0.0,0.0,0.0,0.0,0.0,0.0,0.0,0.0,0.0,0.0,0.0,0.0,0.0,0.0,0.0,0.0,0.0,0.0,0.0,0.0,0.0,0.0,0.0,0.0,0.0,0.0,0.0,0.0,0.0,0.0,0.0,0.0,0.0,0.0,0.0,0.0,0.0,0.0,0.0,0.0,0.0,0.0,0.0,0.0,0.0,0.0,0.0,0.0,0.0,0.0,0.0,10325.869140625,0.0,76469.8359375,0.0,-324.0,0.0,324.0,0.0,-3.042290902562073,0.0,0.4254993200302124,0.0,FL
325706,FL,1205,54.40022659301758,5,3.0,394171.87890625,1472581.81640625,5,0,326618.23974609375,0.0,1220701.375,0.0,0.0,0.0,6856.16015625,6856.16015625,-369.25,0.0,369.25,0.0,-177.0,0.0,177.0,0.0,0.0,0.0,0.0,0.0,0.0,0.0,0.0,0.0,-600.0,0.0,600.0,0.0,0.0,0.0,0.0,0.0,0.0,0.0,0.0,0.0,0.0,0.0,0.0,0.0,0.0,0.0,0.0,0.0,0.0,0.0,0.0,0.0,0.0,0.0,0.0,0.0,0.0,0.0,0.0,0.0,0.0,0.0,0.0,0.0,0.0,0.0,0.0,0.0,0.0,0.0,0.0,0.0,0.0,0.0,0.0,0.0,0.0,0.0,0.0,0.0,0.0,0.0,0.0,0.0,0.0,0.0,0.0,0.0,0.0,0.0,0.0,0.0,0.0,0.0,0.0,0.0,325471.98974609375,0.0,1221847.625,6856.16015625,-1146.25,0.0,1146.25,0.0,-0.3509448832040339,0.0,0.09390093386173248,0.0,FL
325707,FL,1205,0.9015619158744812,2,0.0,70185.71875,70813.234375,2,0,4360.5283203125,0.0,66438.9375,0.0,0.0,0.0,0.0,0.0,-10.0,0.0,10.0,0.0,-228.0,0.0,228.0,0.0,0.0,0.0,0.0,0.0,0.0,0.0,0.0,0.0,0.0,0.0,0.0,0.0,0.0,0.0,0.0,0.0,0.0,0.0,0.0,0.0,0.0,0.0,0.0,0.0,0.0,0.0,0.0,0.0,0.0,0.0,0.0,0.0,0.0,0.0,0.0,0.0,0.0,0.0,0.0,0.0,0.0,0.0,0.0,0.0,0.0,0.0,0.0,0.0,0.0,0.0,0.0,0.0,0.0,0.0,0.0,0.0,0.0,0.0,0.0,0.0,-129.704833984375,0.0,129.703125,0.0,0.0,0.0,0.0,0.0,0.0,0.0,0.0,0.0,0.0,0.0,0.0,0.0,3992.823486328125,0.0,66806.640625,0.0,-367.704833984375,0.0,367.703125,0.0,-8.432575297619515,0.0,0.5534452199935913,0.0,FL
325708,FL,1205,3048.7568359375,2,0.0,18813.615234375,18813.615234375,2,0,-190.90650939941406,0.0,31303.591796875,0.0,0.0,0.0,0.0,0.0,0.0,0.0,0.0,0.0,0.0,0.0,0.0,0.0,0.0,0.0,0.0,0.0,0.0,0.0,0.0,0.0,0.0,0.0,0.0,0.0,0.0,0.0,0.0,0.0,0.0,0.0,0.0,0.0,0.0,0.0,0.0,0.0,0.0,0.0,0.0,0.0,0.0,0.0,0.0,0.0,0.0,0.0,0.0,0.0,0.0,0.0,0.0,0.0,0.0,0.0,0.0,0.0,0.0,0.0,0.0,0.0,0.0,0.0,0.0,0.0,0.0,0.0,0.0,0.0,0.0,0.0,0.0,0.0,0.0,0.0,0.0,0.0,0.0,0.0,0.0,0.0,0.0,0.0,0.0,0.0,0.0,0.0,0.0,0.0,-190.90650939941406,0.0,31303.591796875,0.0,0.0,0.0,0.0,0.0,0.0,0.0,0.0,0.0,FL
325709,FL,1205,1363.49365234375,2,0.0,0.0,37969.546875,2,0,436.9546813964844,0.0,81052.4921875,24850.666015625,0.0,0.0,0.0,24850.666015625,0.0,0.0,0.0,0.0,-190.0,0.0,190.0,0.0,0.0,0.0,0.0,0.0,0.0,0.0,0.0,0.0,0.0,0.0,0.0,0.0,0.0,0.0,0.0,0.0,0.0,0.0,0.0,0.0,0.0,0.0,0.0,0.0,0.0,0.0,0.0,0.0,0.0,0.0,0.0,0.0,0.0,0.0,0.0,0.0,0.0,0.0,0.0,0.0,0.0,0.0,0.0,0.0,0.0,0.0,0.0,0.0,0.0,0.0,0.0,0.0,0.0,0.0,0.0,0.0,-246.95468139648438,0.0,246.953125,0.0,0.0,0.0,0.0,0.0,0.0,0.0,0.0,0.0,0.0,0.0,0.0,0.0,0.0,0.0,0.0,0.0,0.0,0.0,81489.4453125,24850.666015625,-436.9546813964844,0.0,436.953125,0.0,-100.0,0.0,0.5390989780426025,0.0,FL
325710,FL,1205,731.2840576171875,3,0.0,53888.675048828125,57506.405517578125,3,0,3167.2036743164062,0.0,63004.390625,0.0,0.0,0.0,0.0,0.0,-5.0,0.0,5.0,0.0,-113.999755859375,0.0,114.0,0.0,0.0,0.0,0.0,0.0,0.0,0.0,0.0,0.0,0.0,0.0,0.0,0.0,0.0,0.0,0.0,0.0,-513.174560546875,0.0,513.17578125,0.0,0.0,0.0,0.0,0.0,0.0,0.0,0.0,0.0,0.0,0.0,0.0,0.0,0.0,0.0,0.0,0.0,0.0,0.0,0.0,0.0,0.0,0.0,0.0,0.0,0.0,0.0,0.0,0.0,0.0,0.0,0.0,0.0,-477.254150390625,0.0,477.25390625,0.0,0.0,0.0,0.0,0.0,0.0,0.0,0.0,0.0,0.0,0.0,0.0,0.0,0.0,0.0,0.0,0.0,0.0,0.0,0.0,0.0,2057.7752075195312,0.0,64113.8203125,0.0,-1109.428466796875,0.0,1109.4296875,0.0,-35.02864295698724,0.0,1.7608767747879028,0.0,FL
325711,FL,1205,1195.0369873046875,4,2.0,137539.41015625,184990.828125,4,0,16367.845703125,0.0,166175.234375,0.0,0.0,0.0,0.0,0.0,-230.0,0.0,230.0,0.0,-418.0,0.0,418.0,0.0,0.0,0.0,0.0,0.0,0.0,0.0,0.0,0.0,-400.0,0.0,400.0,0.0,0.0,0.0,0.0,0.0,0.0,0.0,0.0,0.0,0.0,0.0,0.0,0.0,0.0,0.0,0.0,0.0,0.0,0.0,0.0,0.0,-440.0,0.0,440.0,0.0,0.0,0.0,0.0,0.0,0.0,0.0,0.0,0.0,0.0,0.0,0.0,0.0,0.0,0.0,0.0,0.0,-227.341796875,0.0,227.34375,0.0,0.0,0.0,0.0,0.0,0.0,0.0,0.0,0.0,0.0,0.0,0.0,0.0,0.0,0.0,0.0,0.0,0.0,0.0,0.0,0.0,14652.50390625,0.0,167890.578125,0.0,-1715.341796875,0.0,1715.34375,0.0,-10.47994847939886,0.0,1.032249927520752,0.0,FL
325712,FL,1205,2.934440851211548,2,0.0,400443.75,432150.15625,2,0,80481.6015625,0.0,328667.125,0.0,0.0,0.0,0.0,0.0,-292.0,0.0,292.0,0.0,-456.0,0.0,456.0,0.0,0.0,0.0,0.0,0.0,0.0,0.0,0.0,0.0,0.0,0.0,0.0,0.0,0.0,0.0,0.0,0.0,0.0,0.0,0.0,0.0,0.0,0.0,0.0,0.0,0.0,0.0,0.0,0.0,0.0,0.0,0.0,0.0,-480.0,0.0,480.0,0.0,0.0,0.0,0.0,0.0,0.0,0.0,0.0,0.0,0.0,0.0,0.0,0.0,0.0,0.0,0.0,0.0,0.0,0.0,0.0,0.0,0.0,0.0,0.0,0.0,0.0,0.0,0.0,0.0,0.0,0.0,0.0,0.0,0.0,0.0,0.0,0.0,0.0,0.0,0.0,0.0,79253.6015625,0.0,329895.125,0.0,-1228.0,0.0,1228.0,0.0,-1.5258145665085527,0.0,0.3736303150653839,0.0,FL
325713,FL,1205,6.936807632446289,6,3.9999999999999996,246999.9296875,475756.00000000006,6,0,79757.96875,0.0,453212.75,0.0,0.0,0.0,0.0,0.0,-292.0,0.0,292.0,0.0,0.0,0.0,0.0,0.0,0.0,0.0,0.0,0.0,0.0,0.0,0.0,0.0,-800.0,0.0,800.0,0.0,0.0,0.0,0.0,0.0,0.0,0.0,0.0,0.0,0.0,0.0,0.0,0.0,0.0,0.0,0.0,0.0,0.0,0.0,0.0,0.0,0.0,0.0,0.0,0.0,0.0,0.0,0.0,0.0,0.0,0.0,0.0,0.0,0.0,0.0,0.0,0.0,0.0,0.0,0.0,0.0,0.0,0.0,0.0,0.0,0.0,0.0,0.0,0.0,0.0,0.0,0.0,0.0,0.0,0.0,0.0,0.0,0.0,0.0,0.0,0.0,0.0,0.0,0.0,0.0,78665.96875,0.0,454304.75,0.0,-1092.0,0.0,1092.0,0.0,-1.3691421899457539,0.0,0.2409464418888092,0.0,FL
325714,FL,1205,2.681950569152832,4,2.0,387935.6640625,1096584.25,4,0,219916.765625,0.0,873331.125,0.0,0.0,0.0,0.0,0.0,0.0,0.0,0.0,0.0,0.0,0.0,0.0,0.0,0.0,0.0,0.0,0.0,0.0,0.0,0.0,0.0,0.0,0.0,0.0,0.0,0.0,0.0,0.0,0.0,-1300.0,0.0,1300.0,0.0,0.0,0.0,0.0,0.0,0.0,0.0,0.0,0.0,0.0,0.0,0.0,0.0,0.0,0.0,0.0,0.0,0.0,0.0,0.0,0.0,0.0,0.0,0.0,0.0,0.0,0.0,0.0,0.0,0.0,0.0,0.0,0.0,0.0,0.0,0.0,0.0,0.0,0.0,0.0,0.0,0.0,0.0,0.0,0.0,0.0,0.0,0.0,0.0,0.0,0.0,0.0,0.0,0.0,0.0,0.0,0.0,218616.765625,0.0,874631.125,0.0,-1300.0,0.0,1300.0,0.0,-0.5911327389275758,0.0,0.1488553285598755,0.0,FL
325715,FL,1205,0.34390923380851746,4,2.0,490.3909912109375,490.3909912109375,4,0,-2278.0234375,0.0,20088.630859375,2261.924560546875,12091.40185546875,0.0,0.0,14353.326416015625,0.0,0.0,0.0,0.0,0.0,0.0,0.0,0.0,0.0,0.0,0.0,0.0,0.0,0.0,0.0,0.0,0.0,0.0,0.0,0.0,0.0,0.0,0.0,0.0,0.0,0.0,0.0,0.0,0.0,0.0,0.0,0.0,0.0,0.0,0.0,0.0,0.0,0.0,0.0,0.0,0.0,0.0,0.0,0.0,0.0,0.0,0.0,0.0,0.0,0.0,0.0,0.0,0.0,0.0,0.0,0.0,0.0,0.0,0.0,0.0,0.0,0.0,0.0,0.0,0.0,0.0,0.0,0.0,0.0,0.0,0.0,0.0,0.0,0.0,0.0,0.0,0.0,0.0,0.0,0.0,0.0,0.0,0.0,0.0,-2278.0234375,0.0,20088.630859375,14353.326416015625,0.0,0.0,0.0,0.0,0.0,0.0,0.0,0.0,FL
325716,FL,1205,0.038355275988578796,5,3.0,1066630.828125,1114321.125,5,0,324037.6875,0.0,765158.0,0.0,0.0,0.0,0.0,0.0,-734.0,0.0,734.0,0.0,-703.0,0.0,703.0,0.0,0.0,0.0,0.0,0.0,0.0,0.0,0.0,0.0,0.0,0.0,0.0,0.0,0.0,0.0,0.0,0.0,-1850.0,0.0,1850.0,0.0,0.0,0.0,0.0,0.0,0.0,0.0,0.0,0.0,0.0,0.0,0.0,0.0,-740.0,0.0,740.0,0.0,0.0,0.0,0.0,0.0,0.0,0.0,0.0,0.0,0.0,0.0,0.0,0.0,0.0,0.0,0.0,0.0,0.0,0.0,0.0,0.0,0.0,0.0,0.0,0.0,0.0,0.0,0.0,0.0,0.0,0.0,0.0,0.0,0.0,0.0,0.0,0.0,0.0,0.0,0.0,0.0,320010.6875,0.0,769185.0,0.0,-4027.0,0.0,4027.0,0.0,-1.2427566778015597,0.0,0.5262965559959412,0.0,FL
325717,FL,1205,20.48035430908203,1,0.0,4687.6982421875,4687.6982421875,1,0,0.0,0.0,41045.6328125,18667.115234375,0.0,0.0,0.0,18667.115234375,0.0,0.0,0.0,0.0,0.0,0.0,0.0,0.0,0.0,0.0,0.0,0.0,0.0,0.0,0.0,0.0,0.0,0.0,0.0,0.0,0.0,0.0,0.0,0.0,0.0,0.0,0.0,0.0,0.0,0.0,0.0,0.0,0.0,0.0,0.0,0.0,0.0,0.0,0.0,0.0,0.0,0.0,0.0,0.0,0.0,0.0,0.0,0.0,0.0,0.0,0.0,0.0,0.0,0.0,0.0,0.0,0.0,0.0,0.0,0.0,0.0,0.0,0.0,0.0,0.0,0.0,0.0,0.0,0.0,0.0,0.0,0.0,0.0,0.0,0.0,0.0,0.0,0.0,0.0,0.0,0.0,0.0,0.0,0.0,0.0,0.0,41045.6328125,18667.115234375,0.0,0.0,0.0,0.0,0.0,0.0,0.0,0.0,FL
325718,FL,1205,0.07170117646455765,3,1.0,149589.74609375,150671.875,3,0,13535.8125,0.0,127900.2421875,1082.134521484375,0.0,0.0,0.0,1082.134521484375,-230.0,0.0,230.0,0.0,-418.0,0.0,418.0,0.0,0.0,0.0,0.0,0.0,0.0,0.0,0.0,0.0,-200.0,0.0,200.0,0.0,0.0,0.0,0.0,0.0,0.0,0.0,0.0,0.0,0.0,0.0,0.0,0.0,0.0,0.0,0.0,0.0,0.0,0.0,0.0,0.0,-281.1220703125,0.0,281.125,0.0,0.0,0.0,0.0,0.0,0.0,0.0,0.0,0.0,0.0,0.0,0.0,0.0,0.0,0.0,0.0,0.0,0.0,0.0,0.0,0.0,0.0,0.0,0.0,0.0,-512.345703125,0.0,512.34375,0.0,0.0,0.0,0.0,0.0,0.0,0.0,0.0,0.0,0.0,0.0,0.0,0.0,11894.3447265625,0.0,129541.7109375,1082.134521484375,-1641.4677734375,0.0,1641.46875,0.0,-12.126850703919695,0.0,1.2833976745605469,0.0,FL
325719,FL,1205,114.8241958618164,2,0.0,11912.26953125,48694.05078125,2,0,2106.813720703125,0.0,109723.0,37431.859375,0.0,0.0,0.0,37431.859375,-5.0,0.0,5.0,0.0,-114.0,0.0,114.0,0.0,0.0,0.0,0.0,0.0,0.0,0.0,0.0,0.0,0.0,0.0,0.0,0.0,0.0,0.0,0.0,0.0,0.0,0.0,0.0,0.0,0.0,0.0,0.0,0.0,0.0,0.0,0.0,0.0,0.0,0.0,0.0,0.0,0.0,0.0,0.0,0.0,0.0,0.0,0.0,0.0,0.0,0.0,0.0,0.0,0.0,0.0,0.0,0.0,0.0,0.0,0.0,0.0,0.0,0.0,0.0,0.0,-720.0,0.0,720.0,0.0,0.0,0.0,0.0,0.0,0.0,0.0,0.0,0.0,0.0,0.0,0.0,0.0,0.0,0.0,0.0,0.0,1267.813720703125,0.0,110562.0,37431.859375,-839.0,0.0,839.0,0.0,-39.82316954533566,0.0,0.7646527886390686,0.0,FL
325720,FL,1205,0.04747791215777397,2,0.0,4075.7744140625,33430.9375,2,0,0.0,0.0,68835.1484375,17879.400390625,0.0,0.0,0.0,17879.400390625,0.0,0.0,0.0,0.0,0.0,0.0,0.0,0.0,0.0,0.0,0.0,0.0,0.0,0.0,0.0,0.0,0.0,0.0,0.0,0.0,0.0,0.0,0.0,0.0,0.0,0.0,0.0,0.0,0.0,0.0,0.0,0.0,0.0,0.0,0.0,0.0,0.0,0.0,0.0,0.0,0.0,0.0,0.0,0.0,0.0,0.0,0.0,0.0,0.0,0.0,0.0,0.0,0.0,0.0,0.0,0.0,0.0,0.0,0.0,0.0,0.0,0.0,0.0,0.0,0.0,0.0,0.0,0.0,0.0,0.0,0.0,0.0,0.0,0.0,0.0,0.0,0.0,0.0,0.0,0.0,0.0,0.0,0.0,0.0,0.0,0.0,68835.1484375,17879.400390625,0.0,0.0,0.0,0.0,0.0,0.0,0.0,0.0,FL
325721,FL,1205,0.03527693450450897,4,2.0,126889.5703125,591145.9375,4,0,104981.1640625,0.0,554284.5,0.0,0.0,0.0,0.0,0.0,-292.0,0.0,292.0,0.0,-456.0,0.0,456.0,0.0,0.0,0.0,0.0,0.0,0.0,0.0,0.0,0.0,0.0,0.0,0.0,0.0,0.0,0.0,0.0,0.0,-798.9375,0.0,799.0,0.0,0.0,0.0,0.0,0.0,0.0,0.0,0.0,0.0,0.0,0.0,0.0,0.0,-480.0,0.0,480.0,0.0,0.0,0.0,0.0,0.0,0.0,0.0,0.0,0.0,0.0,0.0,0.0,0.0,0.0,0.0,0.0,0.0,0.0,0.0,0.0,0.0,0.0,0.0,0.0,0.0,0.0,0.0,0.0,0.0,0.0,0.0,0.0,0.0,0.0,0.0,0.0,0.0,0.0,0.0,0.0,0.0,102954.2265625,0.0,556311.5,0.0,-2026.9375,0.0,2027.0,0.0,-1.930763026016051,0.0,0.3656966984272003,0.0,FL
325722,FL,1205,116.07996368408203,1,0.0,0.0,0.0,1,0,0.0,0.0,39656.47265625,21804.3203125,0.0,0.0,0.0,21804.3203125,0.0,0.0,0.0,0.0,0.0,0.0,0.0,0.0,0.0,0.0,0.0,0.0,0.0,0.0,0.0,0.0,0.0,0.0,0.0,0.0,0.0,0.0,0.0,0.0,0.0,0.0,0.0,0.0,0.0,0.0,0.0,0.0,0.0,0.0,0.0,0.0,0.0,0.0,0.0,0.0,0.0,0.0,0.0,0.0,0.0,0.0,0.0,0.0,0.0,0.0,0.0,0.0,0.0,0.0,0.0,0.0,0.0,0.0,0.0,0.0,0.0,0.0,0.0,0.0,0.0,0.0,0.0,0.0,0.0,0.0,0.0,0.0,0.0,0.0,0.0,0.0,0.0,0.0,0.0,0.0,0.0,0.0,0.0,0.0,0.0,0.0,39656.47265625,21804.3203125,0.0,0.0,0.0,0.0,0.0,0.0,0.0,0.0,FL
325723,FL,1205,0.07707109302282333,1,0.0,41715.42578125,41715.42578125,1,0,2902.609619140625,0.0,35819.69921875,0.0,0.0,0.0,0.0,0.0,-5.0,0.0,5.0,0.0,-113.999755859375,0.0,114.0,0.0,0.0,0.0,0.0,0.0,0.0,0.0,0.0,0.0,0.0,0.0,0.0,0.0,0.0,0.0,0.0,0.0,0.0,0.0,0.0,0.0,0.0,0.0,0.0,0.0,0.0,0.0,0.0,0.0,0.0,0.0,0.0,0.0,0.0,0.0,0.0,0.0,0.0,0.0,0.0,0.0,0.0,0.0,0.0,0.0,0.0,0.0,0.0,0.0,0.0,0.0,0.0,0.0,-951.550537109375,0.0,951.55078125,0.0,0.0,0.0,0.0,0.0,0.0,0.0,0.0,0.0,0.0,0.0,0.0,0.0,0.0,0.0,0.0,0.0,0.0,0.0,0.0,0.0,1832.059326171875,0.0,36890.25,0.0,-1070.55029296875,0.0,1070.55078125,0.0,-36.88233808326273,0.0,2.988720655441284,0.0,FL
325724,FL,1205,0.08312468975782394,2,0.0,80393.1328125,137401.015625,2,0,12853.2236328125,0.0,124775.1875,5545.62255859375,0.0,0.0,0.0,5545.62255859375,-230.0,0.0,230.0,0.0,-418.0,0.0,418.0,0.0,0.0,0.0,0.0,0.0,0.0,0.0,0.0,0.0,0.0,0.0,0.0,0.0,0.0,0.0,0.0,0.0,0.0,0.0,0.0,0.0,0.0,0.0,0.0,0.0,0.0,0.0,0.0,0.0,0.0,0.0,0.0,0.0,-70.4931640625,0.0,70.4921875,0.0,0.0,0.0,0.0,0.0,0.0,0.0,0.0,0.0,0.0,0.0,0.0,0.0,0.0,0.0,0.0,0.0,0.0,0.0,0.0,0.0,-963.0595703125,0.0,963.0546875,0.0,-217.90234375,0.0,217.90625,0.0,0.0,0.0,0.0,0.0,0.0,0.0,0.0,0.0,0.0,0.0,0.0,0.0,10953.7685546875,0.0,126674.640625,5545.62255859375,-1899.455078125,0.0,1899.453125,0.0,-14.778044266466775,0.0,1.522300362586975,0.0,FL
325725,FL,1205,76.86170196533203,1,0.0,2460.028076171875,2460.028076171875,1,0,0.0,0.0,40821.49609375,18469.8359375,0.0,0.0,0.0,18469.8359375,0.0,0.0,0.0,0.0,0.0,0.0,0.0,0.0,0.0,0.0,0.0,0.0,0.0,0.0,0.0,0.0,0.0,0.0,0.0,0.0,0.0,0.0,0.0,0.0,0.0,0.0,0.0,0.0,0.0,0.0,0.0,0.0,0.0,0.0,0.0,0.0,0.0,0.0,0.0,0.0,0.0,0.0,0.0,0.0,0.0,0.0,0.0,0.0,0.0,0.0,0.0,0.0,0.0,0.0,0.0,0.0,0.0,0.0,0.0,0.0,0.0,0.0,0.0,0.0,0.0,0.0,0.0,0.0,0.0,0.0,0.0,0.0,0.0,0.0,0.0,0.0,0.0,0.0,0.0,0.0,0.0,0.0,0.0,0.0,0.0,0.0,40821.49609375,18469.8359375,0.0,0.0,0.0,0.0,0.0,0.0,0.0,0.0,FL
325726,FL,1205,0.015300395898520947,6,3.9999999999999996,758042.7421875,833046.2499999999,6,0,218701.453125,0.0,583552.875,0.0,0.0,0.0,0.0,0.0,-734.0000000000291,0.0,734.0,0.0,-702.9999999999709,0.0,703.0,0.0,0.0,0.0,0.0,0.0,0.0,0.0,0.0,0.0,0.0,0.0,0.0,0.0,0.0,0.0,0.0,0.0,0.0,0.0,0.0,0.0,0.0,0.0,0.0,0.0,0.0,0.0,0.0,0.0,0.0,0.0,0.0,0.0,-738.9375,0.0,738.9375,0.0,0.0,0.0,0.0,0.0,0.0,0.0,0.0,0.0,0.0,0.0,0.0,0.0,0.0,0.0,0.0,0.0,0.0,0.0,0.0,0.0,0.0,0.0,0.0,0.0,0.0,0.0,0.0,0.0,0.0,0.0,0.0,0.0,0.0,0.0,0.0,0.0,0.0,0.0,0.0,0.0,216525.515625,0.0,585728.8125,0.0,-2175.9375,0.0,2175.9375,0.0,-0.9949350902375262,0.0,0.3728775382041931,0.0,FL
325727,FL,1205,107.80712890625,3,2.0,0.0,0.0,3,0,0.0,0.0,18231.93359375,9422.6904296875,8809.244140625,0.0,0.0,18231.9345703125,0.0,0.0,0.0,0.0,0.0,0.0,0.0,0.0,0.0,0.0,0.0,0.0,0.0,0.0,0.0,0.0,0.0,0.0,0.0,0.0,0.0,0.0,0.0,0.0,0.0,0.0,0.0,0.0,0.0,0.0,0.0,0.0,0.0,0.0,0.0,0.0,0.0,0.0,0.0,0.0,0.0,0.0,0.0,0.0,0.0,0.0,0.0,0.0,0.0,0.0,0.0,0.0,0.0,0.0,0.0,0.0,0.0,0.0,0.0,0.0,0.0,0.0,0.0,0.0,0.0,0.0,0.0,0.0,0.0,0.0,0.0,0.0,0.0,0.0,0.0,0.0,0.0,0.0,0.0,0.0,0.0,0.0,0.0,0.0,0.0,0.0,18231.93359375,18231.9345703125,0.0,0.0,0.0,0.0,0.0,0.0,0.0,0.0,FL
325728,FL,1205,375.3924560546875,2,0.0,0.0,-645.3011474609375,2,0,0.0,0.0,42706.625,12068.439453125,26463.767578125,0.0,0.0,38532.20703125,0.0,0.0,0.0,0.0,0.0,0.0,0.0,0.0,0.0,0.0,0.0,0.0,0.0,0.0,0.0,0.0,0.0,0.0,0.0,0.0,0.0,0.0,0.0,0.0,0.0,0.0,0.0,0.0,0.0,0.0,0.0,0.0,0.0,0.0,0.0,0.0,0.0,0.0,0.0,0.0,0.0,0.0,0.0,0.0,0.0,0.0,0.0,0.0,0.0,0.0,0.0,0.0,0.0,0.0,0.0,0.0,0.0,0.0,0.0,0.0,0.0,0.0,0.0,0.0,0.0,0.0,0.0,0.0,0.0,0.0,0.0,0.0,0.0,0.0,0.0,0.0,0.0,0.0,0.0,0.0,0.0,0.0,0.0,0.0,0.0,0.0,42706.625,38532.20703125,0.0,0.0,0.0,0.0,0.0,0.0,0.0,0.0,FL
325729,FL,1205,0.09916780889034271,2,0.0,158187.2265625,88270.765625,2,0,6470.49169921875,0.0,90153.453125,10463.4384765625,0.0,0.0,0.0,10463.4384765625,-10.0,0.0,10.0,0.0,-228.0,0.0,228.0,0.0,0.0,0.0,0.0,0.0,0.0,0.0,0.0,0.0,0.0,0.0,0.0,0.0,0.0,0.0,0.0,0.0,0.0,0.0,0.0,0.0,0.0,0.0,0.0,0.0,0.0,0.0,0.0,0.0,0.0,0.0,0.0,0.0,0.0,0.0,0.0,0.0,0.0,0.0,0.0,0.0,0.0,0.0,0.0,0.0,0.0,0.0,0.0,0.0,0.0,0.0,0.0,0.0,0.0,0.0,0.0,0.0,0.0,0.0,0.0,0.0,-89.94970703125,0.0,89.953125,0.0,0.0,0.0,0.0,0.0,0.0,0.0,0.0,0.0,0.0,0.0,0.0,0.0,6142.5419921875,0.0,90481.40625,10463.4384765625,-327.94970703125,0.0,327.953125,0.0,-5.068389270491558,0.0,0.36377209424972534,0.0,FL
325730,FL,1205,0.030383732169866562,2,0.0,239277.9609375,533485.25,2,0,90546.234375,0.0,447604.25,0.0,0.0,0.0,0.0,0.0,-243.5546875,0.0,243.5625,0.0,-418.0,0.0,418.0,0.0,0.0,0.0,0.0,0.0,0.0,0.0,0.0,0.0,0.0,0.0,0.0,0.0,0.0,0.0,0.0,0.0,0.0,0.0,0.0,0.0,0.0,0.0,0.0,0.0,0.0,0.0,0.0,0.0,0.0,0.0,0.0,0.0,-90.4453125,0.0,90.4375,0.0,0.0,0.0,0.0,0.0,0.0,0.0,0.0,0.0,0.0,0.0,0.0,0.0,0.0,0.0,0.0,0.0,0.0,0.0,0.0,0.0,0.0,0.0,0.0,0.0,0.0,0.0,0.0,0.0,0.0,0.0,0.0,0.0,0.0,0.0,0.0,0.0,0.0,0.0,0.0,0.0,89794.234375,0.0,448356.25,0.0,-752.0,0.0,752.0,0.0,-0.8305149354809931,0.0,0.1680055558681488,0.0,FL
325731,FL,1205,1.037718653678894,2,0.0,76499.8125,51460.01171875,2,0,0.0,0.0,108407.2265625,32195.60546875,0.0,15219.853515625,0.0,47415.458984375,0.0,0.0,0.0,0.0,0.0,0.0,0.0,0.0,0.0,0.0,0.0,0.0,0.0,0.0,0.0,0.0,0.0,0.0,0.0,0.0,0.0,0.0,0.0,0.0,0.0,0.0,0.0,0.0,0.0,0.0,0.0,0.0,0.0,0.0,0.0,0.0,0.0,0.0,0.0,0.0,0.0,0.0,0.0,0.0,0.0,0.0,0.0,0.0,0.0,0.0,0.0,0.0,0.0,0.0,0.0,0.0,0.0,0.0,0.0,0.0,0.0,0.0,0.0,0.0,0.0,0.0,0.0,0.0,0.0,0.0,0.0,0.0,0.0,0.0,0.0,0.0,0.0,0.0,0.0,0.0,0.0,0.0,0.0,0.0,0.0,0.0,108407.2265625,47415.458984375,0.0,0.0,0.0,0.0,0.0,0.0,0.0,0.0,FL
325732,FL,1205,0.04309815540909767,3,1.0,328639.166015625,1025649.0,2,1,215218.5625,0.0,810157.375,0.0,0.0,0.0,0.0,0.0,0.0,0.0,0.0,0.0,0.0,0.0,0.0,0.0,0.0,0.0,0.0,0.0,0.0,0.0,0.0,0.0,0.0,0.0,0.0,0.0,0.0,0.0,0.0,0.0,0.0,0.0,0.0,0.0,0.0,0.0,0.0,0.0,0.0,0.0,0.0,0.0,0.0,0.0,0.0,0.0,-232.1875,0.0,232.1875,0.0,0.0,0.0,0.0,0.0,0.0,0.0,0.0,0.0,0.0,0.0,0.0,0.0,0.0,0.0,0.0,0.0,0.0,0.0,0.0,0.0,0.0,0.0,0.0,0.0,0.0,0.0,0.0,0.0,0.0,0.0,0.0,0.0,0.0,0.0,0.0,0.0,0.0,0.0,0.0,0.0,214986.375,0.0,810389.5625,0.0,-232.1875,0.0,232.1875,0.0,-0.10788451391129425,0.0,0.028659554198384285,0.0,FL
325733,FL,1205,0.04824655503034592,2,0.0,106542.203125,208700.03125,2,0,28082.0390625,0.0,174744.921875,1.0899415016174316,0.0,0.0,0.0,1.0899415016174316,-230.0,0.0,230.0,0.0,-418.0,0.0,418.0,0.0,0.0,0.0,0.0,0.0,0.0,0.0,0.0,0.0,0.0,0.0,0.0,0.0,0.0,0.0,0.0,0.0,0.0,0.0,0.0,0.0,0.0,0.0,0.0,0.0,0.0,0.0,0.0,0.0,0.0,0.0,0.0,0.0,-440.0,0.0,440.0,0.0,0.0,0.0,0.0,0.0,0.0,0.0,0.0,0.0,0.0,0.0,0.0,0.0,0.0,0.0,0.0,0.0,0.0,0.0,0.0,0.0,-1865.16015625,0.0,1865.15625,0.0,0.0,0.0,0.0,0.0,0.0,0.0,0.0,0.0,0.0,0.0,0.0,0.0,0.0,0.0,0.0,0.0,25128.87890625,0.0,177698.078125,1.0899415016174316,-2953.16015625,0.0,2953.15625,0.0,-10.516188477899991,0.0,1.6899811029434204,0.0,FL
325734,FL,1205,0.029043786227703094,1,0.0,142276.28125,464090.375,1,0,106021.9375,0.0,365217.84375,0.0,0.0,0.0,0.0,0.0,-362.25,0.0,362.25,0.0,-332.5,0.0,332.5,0.0,0.0,0.0,0.0,0.0,0.0,0.0,0.0,0.0,0.0,0.0,0.0,0.0,0.0,0.0,0.0,0.0,0.0,0.0,0.0,0.0,0.0,0.0,0.0,0.0,0.0,0.0,0.0,0.0,0.0,0.0,0.0,0.0,-350.0,0.0,350.0,0.0,0.0,0.0,0.0,0.0,0.0,0.0,0.0,0.0,0.0,0.0,0.0,0.0,0.0,0.0,0.0,0.0,0.0,0.0,0.0,0.0,0.0,0.0,0.0,0.0,0.0,0.0,0.0,0.0,0.0,0.0,0.0,0.0,0.0,0.0,0.0,0.0,0.0,0.0,0.0,0.0,104977.1875,0.0,366262.59375,0.0,-1044.75,0.0,1044.75,0.0,-0.9854092696617623,0.0,0.2860621511936188,0.0,FL
325735,FL,1205,0.008890203200280666,4,2.0,189807.97265625,610983.0625,4,0,109972.265625,0.0,557838.75,4202.42431640625,0.0,0.0,0.0,4202.42431640625,-292.0,0.0,292.0,0.0,-456.0,0.0,456.0,0.0,0.0,0.0,0.0,0.0,0.0,0.0,0.0,0.0,0.0,0.0,0.0,0.0,0.0,0.0,0.0,0.0,-897.71875,0.0,897.75,0.0,0.0,0.0,0.0,0.0,0.0,0.0,0.0,0.0,0.0,0.0,0.0,0.0,-480.0,0.0,480.0,0.0,0.0,0.0,0.0,0.0,0.0,0.0,0.0,0.0,0.0,0.0,0.0,0.0,0.0,0.0,0.0,0.0,0.0,0.0,0.0,0.0,0.0,0.0,0.0,0.0,0.0,0.0,0.0,0.0,0.0,0.0,0.0,0.0,0.0,0.0,0.0,0.0,0.0,0.0,0.0,0.0,107846.546875,0.0,559964.5,4202.42431640625,-2125.71875,0.0,2125.75,0.0,-1.932958949166871,0.0,0.3810689151287079,0.0,FL
325736,FL,1205,0.055388398468494415,2,0.0,20405.275390625,53724.392578125,2,0,2216.8215942382812,0.0,108161.03125,25112.251953125,0.0,15878.59765625,0.0,40990.849609375,-5.0,0.0,5.0,0.0,-209.0,0.0,209.0,0.0,0.0,0.0,0.0,0.0,0.0,0.0,0.0,0.0,0.0,0.0,0.0,0.0,0.0,0.0,0.0,0.0,0.0,0.0,0.0,0.0,0.0,0.0,0.0,0.0,0.0,0.0,0.0,0.0,0.0,0.0,0.0,0.0,0.0,0.0,0.0,0.0,0.0,0.0,0.0,0.0,0.0,0.0,0.0,0.0,0.0,0.0,0.0,0.0,0.0,0.0,0.0,0.0,0.0,0.0,0.0,0.0,-655.38232421875,0.0,655.390625,0.0,0.0,0.0,0.0,0.0,0.0,0.0,0.0,0.0,0.0,0.0,0.0,0.0,0.0,0.0,0.0,0.0,1347.4392700195312,0.0,109030.421875,40990.849609375,-869.38232421875,0.0,869.390625,0.0,-39.217514232013656,0.0,0.8037928342819214,0.0,FL
325737,FL,1205,529.5997924804688,2,0.0,7489.763671875,7489.763671875,2,0,0.0,0.0,60270.8671875,22040.396484375,26463.767578125,0.0,0.0,48504.1640625,0.0,0.0,0.0,0.0,0.0,0.0,0.0,0.0,0.0,0.0,0.0,0.0,0.0,0.0,0.0,0.0,0.0,0.0,0.0,0.0,0.0,0.0,0.0,0.0,0.0,0.0,0.0,0.0,0.0,0.0,0.0,0.0,0.0,0.0,0.0,0.0,0.0,0.0,0.0,0.0,0.0,0.0,0.0,0.0,0.0,0.0,0.0,0.0,0.0,0.0,0.0,0.0,0.0,0.0,0.0,0.0,0.0,0.0,0.0,0.0,0.0,0.0,0.0,0.0,0.0,0.0,0.0,0.0,0.0,0.0,0.0,0.0,0.0,0.0,0.0,0.0,0.0,0.0,0.0,0.0,0.0,0.0,0.0,0.0,0.0,0.0,60270.8671875,48504.1640625,0.0,0.0,0.0,0.0,0.0,0.0,0.0,0.0,FL
325738,FL,1205,0.06704655289649963,3,1.0,127739.2890625,127739.2890625,3,0,9206.71484375,0.0,120924.640625,0.0,0.0,0.0,0.0,0.0,-10.0,0.0,10.0,0.0,-228.0,0.0,228.0,0.0,0.0,0.0,0.0,0.0,0.0,0.0,0.0,0.0,-200.0,0.0,200.0,0.0,0.0,0.0,0.0,0.0,0.0,0.0,0.0,0.0,0.0,0.0,0.0,0.0,0.0,0.0,0.0,0.0,0.0,0.0,0.0,0.0,0.0,0.0,0.0,0.0,0.0,0.0,0.0,0.0,0.0,0.0,0.0,0.0,0.0,0.0,0.0,0.0,0.0,0.0,0.0,0.0,0.0,0.0,0.0,0.0,0.0,0.0,0.0,0.0,0.0,0.0,0.0,0.0,0.0,0.0,0.0,0.0,0.0,0.0,0.0,0.0,0.0,0.0,0.0,0.0,8768.71484375,0.0,121362.640625,0.0,-438.0,0.0,438.0,0.0,-4.757397263121898,0.0,0.3622090816497803,0.0,FL
325739,FL,1205,149.47332763671875,1,0.0,0.0,43279.1484375,1,0,2886.497802734375,0.0,75881.28125,23829.390625,0.0,0.0,0.0,23829.390625,-5.0,0.0,5.0,0.0,-114.0,0.0,114.0,0.0,0.0,0.0,0.0,0.0,0.0,0.0,0.0,0.0,0.0,0.0,0.0,0.0,0.0,0.0,0.0,0.0,0.0,0.0,0.0,0.0,0.0,0.0,0.0,0.0,0.0,0.0,0.0,0.0,0.0,0.0,0.0,0.0,0.0,0.0,0.0,0.0,0.0,0.0,0.0,0.0,0.0,0.0,0.0,0.0,0.0,0.0,0.0,0.0,0.0,0.0,0.0,0.0,0.0,0.0,0.0,0.0,-720.0,0.0,720.0,0.0,0.0,0.0,0.0,0.0,0.0,0.0,0.0,0.0,0.0,0.0,0.0,0.0,0.0,0.0,0.0,0.0,2047.497802734375,0.0,76720.28125,23829.390625,-839.0,0.0,839.0,0.0,-29.066365448302665,0.0,1.1056745052337646,0.0,FL
325740,FL,1205,0.04085646942257881,6,2.0,424254.61328125,537450.09375,6,0,89987.078125,0.0,428228.65625,24211.029296875,13231.8837890625,0.0,0.0,37442.9130859375,-407.0,0.0,407.0,0.0,-665.0,0.0,665.0,0.0,0.0,0.0,0.0,0.0,0.0,0.0,0.0,0.0,-200.0,0.0,200.0,0.0,0.0,0.0,0.0,0.0,0.0,0.0,0.0,0.0,0.0,0.0,0.0,0.0,0.0,0.0,0.0,0.0,0.0,0.0,0.0,0.0,-700.0,0.0,700.0,0.0,0.0,0.0,0.0,0.0,0.0,0.0,0.0,0.0,0.0,0.0,0.0,0.0,0.0,0.0,0.0,0.0,0.0,0.0,0.0,0.0,-668.171875,0.0,668.1875,0.0,0.0,0.0,0.0,0.0,0.0,0.0,0.0,0.0,0.0,0.0,0.0,0.0,0.0,0.0,0.0,0.0,87346.90625,0.0,430868.84375,37442.9130859375,-2640.171875,0.0,2640.1875,0.0,-2.933945550862945,0.0,0.6165368556976318,0.0,FL
325741,FL,1205,132.56040954589844,4,2.0,1346.1141357421875,32674.75,4,0,0.0,0.0,81001.984375,24436.453125,5527.08642578125,0.0,0.0,29963.53955078125,0.0,0.0,0.0,0.0,0.0,0.0,0.0,0.0,0.0,0.0,0.0,0.0,0.0,0.0,0.0,0.0,0.0,0.0,0.0,0.0,0.0,0.0,0.0,0.0,0.0,0.0,0.0,0.0,0.0,0.0,0.0,0.0,0.0,0.0,0.0,0.0,0.0,0.0,0.0,0.0,0.0,0.0,0.0,0.0,0.0,0.0,0.0,0.0,0.0,0.0,0.0,0.0,0.0,0.0,0.0,0.0,0.0,0.0,0.0,0.0,0.0,0.0,0.0,0.0,0.0,0.0,0.0,0.0,0.0,0.0,0.0,0.0,0.0,0.0,0.0,0.0,0.0,0.0,0.0,0.0,0.0,0.0,0.0,0.0,0.0,0.0,81001.984375,29963.53955078125,0.0,0.0,0.0,0.0,0.0,0.0,0.0,0.0,FL
325742,FL,1205,373.1213684082031,3,0.0,19123.0517578125,19123.0517578125,3,0,1.608300805091858,0.0,39825.890625,7001.27978515625,0.0,0.0,0.0,7001.27978515625,0.0,0.0,0.0,0.0,-1.608300805091858,0.0,1.609375,0.0,0.0,0.0,0.0,0.0,0.0,0.0,0.0,0.0,0.0,0.0,0.0,0.0,0.0,0.0,0.0,0.0,0.0,0.0,0.0,0.0,0.0,0.0,0.0,0.0,0.0,0.0,0.0,0.0,0.0,0.0,0.0,0.0,0.0,0.0,0.0,0.0,0.0,0.0,0.0,0.0,0.0,0.0,0.0,0.0,0.0,0.0,0.0,0.0,0.0,0.0,0.0,0.0,0.0,0.0,0.0,0.0,0.0,0.0,0.0,0.0,0.0,0.0,0.0,0.0,0.0,0.0,0.0,0.0,0.0,0.0,0.0,0.0,0.0,0.0,0.0,0.0,0.0,0.0,39827.5,7001.27978515625,-1.608300805091858,0.0,1.609375,0.0,-100.0,0.0,0.004041026812046766,0.0,FL
325743,FL,1205,0.02908763475716114,2,0.0,141334.296875,141334.296875,2,0,14081.54541015625,0.0,117505.1796875,389.11334228515625,0.0,0.0,0.0,389.11334228515625,-230.0,0.0,230.0,0.0,-418.0,0.0,418.0,0.0,0.0,0.0,0.0,0.0,0.0,0.0,0.0,0.0,0.0,0.0,0.0,0.0,0.0,0.0,0.0,0.0,0.0,0.0,0.0,0.0,0.0,0.0,0.0,0.0,0.0,0.0,0.0,0.0,0.0,0.0,0.0,0.0,-152.14404296875,0.0,152.140625,0.0,0.0,0.0,0.0,0.0,0.0,0.0,0.0,0.0,0.0,0.0,0.0,0.0,0.0,0.0,0.0,0.0,0.0,0.0,0.0,0.0,0.0,0.0,0.0,0.0,0.0,0.0,0.0,0.0,0.0,0.0,0.0,0.0,0.0,0.0,0.0,0.0,0.0,0.0,0.0,0.0,13281.4013671875,0.0,118305.3203125,389.11334228515625,-800.14404296875,0.0,800.140625,0.0,-5.682217538365141,0.0,0.6809407472610474,0.0,FL
325744,FL,1205,166.4715576171875,1,0.0,0.0,0.0,1,0,0.0,0.0,78475.7890625,39237.89453125,0.0,0.0,0.0,39237.89453125,0.0,0.0,0.0,0.0,0.0,0.0,0.0,0.0,0.0,0.0,0.0,0.0,0.0,0.0,0.0,0.0,0.0,0.0,0.0,0.0,0.0,0.0,0.0,0.0,0.0,0.0,0.0,0.0,0.0,0.0,0.0,0.0,0.0,0.0,0.0,0.0,0.0,0.0,0.0,0.0,0.0,0.0,0.0,0.0,0.0,0.0,0.0,0.0,0.0,0.0,0.0,0.0,0.0,0.0,0.0,0.0,0.0,0.0,0.0,0.0,0.0,0.0,0.0,0.0,0.0,0.0,0.0,0.0,0.0,0.0,0.0,0.0,0.0,0.0,0.0,0.0,0.0,0.0,0.0,0.0,0.0,0.0,0.0,0.0,0.0,0.0,78475.7890625,39237.89453125,0.0,0.0,0.0,0.0,0.0,0.0,0.0,0.0,FL
325745,FL,1205,0.003960216883569956,3,0.0,112831.80859375,114384.08984375,3,0,6721.6806640625,0.0,101038.09375,0.0,0.0,1444.49169921875,0.0,1444.49169921875,-5.0,0.0,5.0,0.0,-304.0,0.0,304.0,0.0,0.0,0.0,0.0,0.0,0.0,0.0,0.0,0.0,0.0,0.0,0.0,0.0,0.0,0.0,0.0,0.0,0.0,0.0,0.0,0.0,0.0,0.0,0.0,0.0,0.0,0.0,0.0,0.0,0.0,0.0,0.0,0.0,0.0,0.0,0.0,0.0,0.0,0.0,0.0,0.0,0.0,0.0,0.0,0.0,0.0,0.0,0.0,0.0,0.0,0.0,0.0,0.0,0.0,0.0,0.0,0.0,-599.9998779296875,0.0,600.0,0.0,0.0,0.0,0.0,0.0,0.0,0.0,0.0,0.0,0.0,0.0,0.0,0.0,0.0,0.0,0.0,0.0,5812.6807861328125,0.0,101947.09375,1444.49169921875,-908.9998779296875,0.0,909.0,0.0,-13.523401710968805,0.0,0.8996607065200806,0.0,FL
325746,FL,1205,0.028968507423996925,2,0.0,144215.662109375,555571.451171875,0,2,104788.37322998047,0.0,439600.6875,0.0,0.0,0.0,0.0,0.0,-369.0,0.0,369.0,0.0,-399.0,0.0,399.0,0.0,0.0,0.0,0.0,0.0,0.0,0.0,0.0,0.0,0.0,0.0,0.0,0.0,0.0,0.0,0.0,0.0,-1600.0,0.0,1600.0,0.0,0.0,0.0,0.0,0.0,0.0,0.0,0.0,0.0,0.0,0.0,0.0,0.0,-320.0,0.0,320.0,0.0,0.0,0.0,0.0,0.0,0.0,0.0,0.0,0.0,0.0,0.0,0.0,0.0,0.0,0.0,0.0,0.0,0.0,0.0,0.0,0.0,0.0,0.0,0.0,0.0,0.0,0.0,0.0,0.0,0.0,0.0,0.0,0.0,0.0,0.0,0.0,0.0,0.0,0.0,0.0,0.0,102100.37322998047,0.0,442288.6875,0.0,-2688.0,0.0,2688.0,0.0,-2.565170082467651,0.0,0.6114640235900879,0.0,FL
325747,FL,1205,12.117969512939453,1,0.0,4701.48583984375,4701.48583984375,0,1,0.0,0.0,4341.822265625,0.0,0.0,0.0,0.0,0.0,0.0,0.0,0.0,0.0,0.0,0.0,0.0,0.0,0.0,0.0,0.0,0.0,0.0,0.0,0.0,0.0,0.0,0.0,0.0,0.0,0.0,0.0,0.0,0.0,0.0,0.0,0.0,0.0,0.0,0.0,0.0,0.0,0.0,0.0,0.0,0.0,0.0,0.0,0.0,0.0,0.0,0.0,0.0,0.0,0.0,0.0,0.0,0.0,0.0,0.0,0.0,0.0,0.0,0.0,0.0,0.0,0.0,0.0,0.0,0.0,0.0,0.0,0.0,0.0,0.0,0.0,0.0,0.0,0.0,0.0,0.0,0.0,0.0,0.0,0.0,0.0,0.0,0.0,0.0,0.0,0.0,0.0,0.0,0.0,0.0,0.0,4341.822265625,0.0,0.0,0.0,0.0,0.0,0.0,0.0,0.0,0.0,FL
325748,FL,1205,31.329248428344727,1,0.0,4232.7158203125,4232.7158203125,1,0,0.0,0.0,4298.0263671875,389.11334228515625,0.0,0.0,0.0,389.11334228515625,0.0,0.0,0.0,0.0,0.0,0.0,0.0,0.0,0.0,0.0,0.0,0.0,0.0,0.0,0.0,0.0,0.0,0.0,0.0,0.0,0.0,0.0,0.0,0.0,0.0,0.0,0.0,0.0,0.0,0.0,0.0,0.0,0.0,0.0,0.0,0.0,0.0,0.0,0.0,0.0,0.0,0.0,0.0,0.0,0.0,0.0,0.0,0.0,0.0,0.0,0.0,0.0,0.0,0.0,0.0,0.0,0.0,0.0,0.0,0.0,0.0,0.0,0.0,0.0,0.0,0.0,0.0,0.0,0.0,0.0,0.0,0.0,0.0,0.0,0.0,0.0,0.0,0.0,0.0,0.0,0.0,0.0,0.0,0.0,0.0,0.0,4298.0263671875,389.11334228515625,0.0,0.0,0.0,0.0,0.0,0.0,0.0,0.0,FL
325749,FL,1205,0.03325129300355911,6,3.9999999999999996,526981.1484375,566670.125,6,0,123625.546875,0.0,421804.5,0.0,0.0,0.0,0.0,0.0,-748.9999999999854,0.0,749.0,0.0,-665.0000000000291,0.0,665.0,0.0,0.0,0.0,0.0,0.0,0.0,0.0,0.0,0.0,-450.0,0.0,450.0,0.0,0.0,0.0,0.0,0.0,-1719.8515624999854,0.0,1719.84375,0.0,0.0,0.0,0.0,0.0,0.0,0.0,0.0,0.0,0.0,0.0,0.0,0.0,-700.0000000000146,0.0,700.0,0.0,0.0,0.0,0.0,0.0,0.0,0.0,0.0,0.0,0.0,0.0,0.0,0.0,0.0,0.0,0.0,0.0,0.0,0.0,0.0,0.0,0.0,0.0,0.0,0.0,0.0,0.0,0.0,0.0,0.0,0.0,0.0,0.0,0.0,0.0,0.0,0.0,0.0,0.0,0.0,0.0,119341.69531249999,0.0,426088.34375,0.0,-4283.851562500015,0.0,4283.84375,0.0,-3.465183103967575,0.0,1.0155993700027466,0.0,FL
325750,FL,1205,0.03797287493944168,1,0.0,2585.783935546875,2585.783935546875,1,0,-378.6488342285156,0.0,8726.5341796875,3596.039794921875,0.0,0.0,0.0,3596.039794921875,0.0,0.0,0.0,0.0,0.0,0.0,0.0,0.0,0.0,0.0,0.0,0.0,0.0,0.0,0.0,0.0,0.0,0.0,0.0,0.0,0.0,0.0,0.0,0.0,0.0,0.0,0.0,0.0,0.0,0.0,0.0,0.0,0.0,0.0,0.0,0.0,0.0,0.0,0.0,0.0,0.0,0.0,0.0,0.0,0.0,0.0,0.0,0.0,0.0,0.0,0.0,0.0,0.0,0.0,0.0,0.0,0.0,0.0,0.0,0.0,0.0,0.0,0.0,0.0,0.0,0.0,0.0,0.0,0.0,0.0,0.0,0.0,0.0,0.0,0.0,0.0,0.0,0.0,0.0,0.0,0.0,0.0,0.0,0.0,-378.6488342285156,0.0,8726.5341796875,3596.039794921875,0.0,0.0,0.0,0.0,0.0,0.0,0.0,0.0,FL
325751,FL,1205,41.63411331176758,1,0.0,0.0,19804.09765625,1,0,260.4097595214844,0.0,74038.6796875,26222.90234375,0.0,0.0,0.0,26222.90234375,0.0,0.0,0.0,0.0,-95.0,0.0,95.0,0.0,0.0,0.0,0.0,0.0,0.0,0.0,0.0,0.0,0.0,0.0,0.0,0.0,0.0,0.0,0.0,0.0,0.0,0.0,0.0,0.0,0.0,0.0,0.0,0.0,0.0,0.0,0.0,0.0,0.0,0.0,0.0,0.0,0.0,0.0,0.0,0.0,0.0,0.0,0.0,0.0,0.0,0.0,0.0,0.0,0.0,0.0,0.0,0.0,0.0,0.0,0.0,0.0,0.0,0.0,0.0,0.0,-165.40975952148438,0.0,165.40625,0.0,0.0,0.0,0.0,0.0,0.0,0.0,0.0,0.0,0.0,0.0,0.0,0.0,0.0,0.0,0.0,0.0,0.0,0.0,74299.0859375,26222.90234375,-260.4097595214844,0.0,260.40625,0.0,-100.0,0.0,0.3517164885997772,0.0,FL
325752,FL,1205,0.05258993059396744,3,0.0,145797.609375,338166.5078125,3,0,34727.87890625,0.0,295942.34375,0.0,0.0,0.0,0.0,0.0,-15.0,0.0,15.0,0.0,-627.0,0.0,627.0,0.0,0.0,0.0,0.0,0.0,0.0,0.0,0.0,0.0,0.0,0.0,0.0,0.0,0.0,0.0,0.0,0.0,0.0,0.0,0.0,0.0,0.0,0.0,0.0,0.0,0.0,0.0,0.0,0.0,0.0,0.0,0.0,0.0,-540.0,0.0,540.0,0.0,0.0,0.0,0.0,0.0,0.0,0.0,0.0,0.0,0.0,0.0,0.0,0.0,0.0,0.0,0.0,0.0,0.0,0.0,0.0,0.0,-1222.958984375,0.0,1222.96875,0.0,-69.638671875,0.0,69.625,0.0,0.0,0.0,0.0,0.0,0.0,0.0,0.0,0.0,0.0,0.0,0.0,0.0,32253.28125,0.0,298416.9375,0.0,-2474.59765625,0.0,2474.59375,0.0,-7.125680387593857,0.0,0.8361743092536926,0.0,FL
325753,FL,1205,0.04310770332813263,3,1.0,78748.017578125,409084.96875,3,0,66873.6328125,0.0,408695.875,43161.68359375,0.0,0.0,0.0,43161.68359375,-292.0,0.0,292.0,0.0,-456.0,0.0,456.0,0.0,0.0,0.0,0.0,0.0,0.0,0.0,0.0,0.0,0.0,0.0,0.0,0.0,0.0,0.0,0.0,0.0,0.0,0.0,0.0,0.0,0.0,0.0,0.0,0.0,0.0,0.0,0.0,0.0,0.0,0.0,0.0,0.0,-480.0,0.0,480.0,0.0,0.0,0.0,0.0,0.0,0.0,0.0,0.0,0.0,0.0,0.0,0.0,0.0,0.0,0.0,0.0,0.0,0.0,0.0,0.0,0.0,0.0,0.0,0.0,0.0,0.0,0.0,0.0,0.0,0.0,0.0,0.0,0.0,0.0,0.0,0.0,0.0,0.0,0.0,0.0,0.0,65645.6328125,0.0,409923.875,43161.68359375,-1228.0,0.0,1228.0,0.0,-1.8362992234070206,0.0,0.30046790838241577,0.0,FL
325754,FL,1205,0.03215315192937851,2,0.0,93478.22265625,93478.22265625,2,0,7095.38671875,0.0,79231.75,0.0,0.0,0.0,0.0,0.0,-10.0,0.0,10.0,0.0,-228.0,0.0,228.0,0.0,0.0,0.0,0.0,0.0,0.0,0.0,0.0,0.0,0.0,0.0,0.0,0.0,0.0,0.0,0.0,0.0,0.0,0.0,0.0,0.0,0.0,0.0,0.0,0.0,0.0,0.0,0.0,0.0,0.0,0.0,0.0,0.0,0.0,0.0,0.0,0.0,0.0,0.0,0.0,0.0,0.0,0.0,0.0,0.0,0.0,0.0,0.0,0.0,0.0,0.0,0.0,0.0,-582.076904296875,0.0,582.078125,0.0,0.0,0.0,0.0,0.0,-576.27685546875,0.0,576.2734375,0.0,0.0,0.0,0.0,0.0,0.0,0.0,0.0,0.0,0.0,0.0,0.0,0.0,5699.032958984375,0.0,80628.1015625,0.0,-1396.353759765625,0.0,1396.3515625,0.0,-19.67974143080424,0.0,1.7623636722564697,0.0,FL
325755,FL,1205,0.18300937116146088,1,0.0,38991.7265625,45300.5703125,1,0,3375.068359375,0.0,59856.4140625,6308.84423828125,0.0,14026.96875,0.0,20335.81298828125,-5.0,0.0,5.0,0.0,-114.0,0.0,114.0,0.0,0.0,0.0,0.0,0.0,0.0,0.0,0.0,0.0,0.0,0.0,0.0,0.0,0.0,0.0,0.0,0.0,0.0,0.0,0.0,0.0,0.0,0.0,0.0,0.0,0.0,0.0,0.0,0.0,0.0,0.0,0.0,0.0,0.0,0.0,0.0,0.0,0.0,0.0,0.0,0.0,0.0,0.0,0.0,0.0,0.0,0.0,0.0,0.0,0.0,0.0,0.0,0.0,0.0,0.0,0.0,0.0,0.0,0.0,0.0,0.0,0.0,0.0,0.0,0.0,0.0,0.0,0.0,0.0,0.0,0.0,0.0,0.0,0.0,0.0,0.0,0.0,3256.068359375,0.0,59975.4140625,20335.81298828125,-119.0,0.0,119.0,0.0,-3.525854511048677,0.0,0.19880910217761993,0.0,FL
325756,FL,1205,0.1260535567998886,3,0.0,90582.87890625,165711.21875,3,0,12903.193603515625,0.0,178473.75,24850.666015625,0.0,4017.046142578125,0.0,28867.712158203125,-125.0,0.0,125.0,0.0,-323.0,0.0,323.0,0.0,0.0,0.0,0.0,0.0,0.0,0.0,0.0,0.0,0.0,0.0,0.0,0.0,0.0,0.0,0.0,0.0,0.0,0.0,0.0,0.0,0.0,0.0,0.0,0.0,0.0,0.0,0.0,0.0,0.0,0.0,0.0,0.0,0.0,0.0,0.0,0.0,0.0,0.0,0.0,0.0,0.0,0.0,0.0,0.0,-425.183837890625,0.0,425.1875,0.0,0.0,0.0,0.0,0.0,0.0,0.0,0.0,0.0,-1320.0,0.0,1320.0,0.0,-202.0443115234375,0.0,202.046875,0.0,0.0,0.0,0.0,0.0,0.0,0.0,0.0,0.0,0.0,0.0,0.0,0.0,10507.965454101562,0.0,180868.984375,28867.712158203125,-2395.2281494140625,0.0,2395.234375,0.0,-18.563064486310232,0.0,1.3420653343200684,0.0,FL
325757,FL,1205,55.035430908203125,1,0.0,0.0,58908.3671875,1,0,4762.00390625,0.0,108918.90625,38779.02734375,0.0,0.0,0.0,38779.02734375,-5.0,0.0,5.0,0.0,-114.0,0.0,114.0,0.0,0.0,0.0,0.0,0.0,0.0,0.0,0.0,0.0,0.0,0.0,0.0,0.0,0.0,0.0,0.0,0.0,0.0,0.0,0.0,0.0,0.0,0.0,0.0,0.0,0.0,0.0,0.0,0.0,0.0,0.0,0.0,0.0,0.0,0.0,0.0,0.0,0.0,0.0,0.0,0.0,0.0,0.0,0.0,0.0,0.0,0.0,0.0,0.0,0.0,0.0,0.0,0.0,0.0,0.0,0.0,0.0,-719.999755859375,0.0,719.9921875,0.0,0.0,0.0,0.0,0.0,0.0,0.0,0.0,0.0,0.0,0.0,0.0,0.0,0.0,0.0,0.0,0.0,3923.004150390625,0.0,109757.8984375,38779.02734375,-838.999755859375,0.0,838.9921875,0.0,-17.6186280477051,0.0,0.7702906727790833,0.0,FL
325758,FL,1205,0.065912626683712,4,2.0,202477.4375,298364.125,4,0,40439.73046875,0.0,265532.34375,0.0,0.0,0.0,0.0,0.0,-292.0,0.0,292.0,0.0,0.0,0.0,0.0,0.0,0.0,0.0,0.0,0.0,0.0,0.0,0.0,0.0,-400.0,0.0,400.0,0.0,0.0,0.0,0.0,0.0,0.0,0.0,0.0,0.0,0.0,0.0,0.0,0.0,0.0,0.0,0.0,0.0,0.0,0.0,0.0,0.0,-154.83984375,0.0,154.84375,0.0,0.0,0.0,0.0,0.0,0.0,0.0,0.0,0.0,-1472.859375,0.0,1472.875,0.0,0.0,0.0,0.0,0.0,0.0,0.0,0.0,0.0,0.0,0.0,0.0,0.0,0.0,0.0,0.0,0.0,0.0,0.0,0.0,0.0,0.0,0.0,0.0,0.0,0.0,0.0,0.0,0.0,38120.03125,0.0,267852.0625,0.0,-2319.69921875,0.0,2319.71875,0.0,-5.736188624062564,0.0,0.8736106753349304,0.0,FL
325759,FL,1205,0.04809926822781563,2,0.0,34132.08984375,105663.2109375,2,0,8161.58544921875,0.0,147692.328125,43946.44140625,0.0,0.0,0.0,43946.44140625,-10.0,0.0,10.0,0.0,-228.0,0.0,228.0,0.0,0.0,0.0,0.0,0.0,0.0,0.0,0.0,0.0,0.0,0.0,0.0,0.0,0.0,0.0,0.0,0.0,0.0,0.0,0.0,0.0,0.0,0.0,0.0,0.0,0.0,0.0,0.0,0.0,0.0,0.0,0.0,0.0,0.0,0.0,0.0,0.0,0.0,0.0,0.0,0.0,0.0,0.0,0.0,0.0,0.0,0.0,0.0,0.0,0.0,0.0,0.0,0.0,0.0,0.0,0.0,0.0,-1440.0,0.0,1440.0,0.0,0.0,0.0,0.0,0.0,0.0,0.0,0.0,0.0,0.0,0.0,0.0,0.0,0.0,0.0,0.0,0.0,6483.58544921875,0.0,149370.328125,43946.44140625,-1678.0,0.0,1678.0,0.0,-20.55973083220764,0.0,1.1361455917358398,0.0,FL
325760,FL,1205,0.024654189124703407,3,1.0,67638.43408203125,75582.1015625,3,0,1709.068359375,0.0,71958.9140625,0.0,0.0,0.0,0.0,0.0,-10.0,0.0,10.0,0.0,-228.000244140625,0.0,228.0,0.0,0.0,0.0,0.0,0.0,0.0,0.0,0.0,0.0,-200.0,0.0,200.0,0.0,0.0,0.0,0.0,0.0,0.0,0.0,0.0,0.0,0.0,0.0,0.0,0.0,0.0,0.0,0.0,0.0,0.0,0.0,0.0,0.0,-115.23193359375,0.0,115.2265625,0.0,0.0,0.0,0.0,0.0,0.0,0.0,0.0,0.0,0.0,0.0,0.0,0.0,0.0,0.0,0.0,0.0,-59.779296875,0.0,59.78125,0.0,0.0,0.0,0.0,0.0,0.0,0.0,0.0,0.0,0.0,0.0,0.0,0.0,0.0,0.0,0.0,0.0,0.0,0.0,0.0,0.0,1096.056884765625,0.0,72571.921875,0.0,-613.011474609375,0.0,613.0078125,0.0,-35.86816590727541,0.0,0.8518858551979065,0.0,FL
325761,FL,1205,0.03108796663582325,2,0.0,146022.669921875,565599.5,2,0,101607.2734375,0.0,480764.5625,8879.7529296875,0.0,0.0,0.0,8879.7529296875,-764.0,0.0,764.0,0.0,-197.5390625,0.0,197.5625,0.0,0.0,0.0,0.0,0.0,0.0,0.0,0.0,0.0,0.0,0.0,0.0,0.0,0.0,0.0,0.0,0.0,0.0,0.0,0.0,0.0,0.0,0.0,0.0,0.0,0.0,0.0,0.0,0.0,0.0,0.0,0.0,0.0,-640.0,0.0,640.0,0.0,0.0,0.0,0.0,0.0,0.0,0.0,0.0,0.0,0.0,0.0,0.0,0.0,0.0,0.0,0.0,0.0,0.0,0.0,0.0,0.0,0.0,0.0,0.0,0.0,0.0,0.0,0.0,0.0,0.0,0.0,0.0,0.0,0.0,0.0,0.0,0.0,0.0,0.0,0.0,0.0,100005.734375,0.0,482366.125,8879.7529296875,-1601.5390625,0.0,1601.5625,0.0,-1.5762051360281095,0.0,0.3331282436847687,0.0,FL
325762,FL,1205,137.63780212402344,1,0.0,0.0,0.0,1,0,0.0,0.0,46812.0546875,26776.279296875,0.0,0.0,0.0,26776.279296875,0.0,0.0,0.0,0.0,0.0,0.0,0.0,0.0,0.0,0.0,0.0,0.0,0.0,0.0,0.0,0.0,0.0,0.0,0.0,0.0,0.0,0.0,0.0,0.0,0.0,0.0,0.0,0.0,0.0,0.0,0.0,0.0,0.0,0.0,0.0,0.0,0.0,0.0,0.0,0.0,0.0,0.0,0.0,0.0,0.0,0.0,0.0,0.0,0.0,0.0,0.0,0.0,0.0,0.0,0.0,0.0,0.0,0.0,0.0,0.0,0.0,0.0,0.0,0.0,0.0,0.0,0.0,0.0,0.0,0.0,0.0,0.0,0.0,0.0,0.0,0.0,0.0,0.0,0.0,0.0,0.0,0.0,0.0,0.0,0.0,0.0,46812.0546875,26776.279296875,0.0,0.0,0.0,0.0,0.0,0.0,0.0,0.0,FL
325763,FL,1205,0.0561138354241848,1,0.0,108395.1171875,134997.75,1,0,20983.34375,0.0,144596.375,28690.529296875,0.0,0.0,0.0,28690.529296875,-131.0,0.0,131.0,0.0,-228.0,0.0,228.0,0.0,0.0,0.0,0.0,0.0,0.0,0.0,0.0,0.0,0.0,0.0,0.0,0.0,0.0,0.0,0.0,0.0,0.0,0.0,0.0,0.0,0.0,0.0,0.0,0.0,0.0,0.0,0.0,0.0,0.0,0.0,0.0,0.0,0.0,0.0,0.0,0.0,0.0,0.0,0.0,0.0,0.0,0.0,0.0,0.0,0.0,0.0,0.0,0.0,0.0,0.0,0.0,0.0,0.0,0.0,0.0,0.0,-576.033203125,0.0,576.046875,0.0,0.0,0.0,0.0,0.0,0.0,0.0,0.0,0.0,0.0,0.0,0.0,0.0,0.0,0.0,0.0,0.0,20048.310546875,0.0,145531.421875,28690.529296875,-935.033203125,0.0,935.046875,0.0,-4.4560734183511626,0.0,0.6466599702835083,0.0,FL
325764,FL,1205,79.10968780517578,1,0.0,2460.028076171875,2460.028076171875,1,0,0.0,0.0,38519.6015625,17175.046875,0.0,0.0,0.0,17175.046875,0.0,0.0,0.0,0.0,0.0,0.0,0.0,0.0,0.0,0.0,0.0,0.0,0.0,0.0,0.0,0.0,0.0,0.0,0.0,0.0,0.0,0.0,0.0,0.0,0.0,0.0,0.0,0.0,0.0,0.0,0.0,0.0,0.0,0.0,0.0,0.0,0.0,0.0,0.0,0.0,0.0,0.0,0.0,0.0,0.0,0.0,0.0,0.0,0.0,0.0,0.0,0.0,0.0,0.0,0.0,0.0,0.0,0.0,0.0,0.0,0.0,0.0,0.0,0.0,0.0,0.0,0.0,0.0,0.0,0.0,0.0,0.0,0.0,0.0,0.0,0.0,0.0,0.0,0.0,0.0,0.0,0.0,0.0,0.0,0.0,0.0,38519.6015625,17175.046875,0.0,0.0,0.0,0.0,0.0,0.0,0.0,0.0,FL
325765,FL,1205,0.03379872813820839,4,1.0,377334.49609375,1078748.83984375,4,0,223860.62460327148,0.0,903725.5625,27466.525390625,0.0,0.0,0.0,27466.525390625,0.0,0.0,0.0,0.0,-95.0,0.0,95.0,0.0,0.0,0.0,0.0,0.0,0.0,0.0,0.0,0.0,0.0,0.0,0.0,0.0,0.0,0.0,0.0,0.0,0.0,0.0,0.0,0.0,0.0,0.0,0.0,0.0,0.0,0.0,0.0,0.0,0.0,0.0,0.0,0.0,-268.875,0.0,268.875,0.0,0.0,0.0,0.0,0.0,0.0,0.0,0.0,0.0,0.0,0.0,0.0,0.0,0.0,0.0,0.0,0.0,0.0,0.0,0.0,0.0,-386.1089782714844,0.0,386.125,0.0,0.0,0.0,0.0,0.0,0.0,0.0,0.0,0.0,0.0,0.0,0.0,0.0,0.0,0.0,0.0,0.0,223110.640625,0.0,904475.5625,27466.525390625,-749.9839782714844,0.0,750.0,0.0,-0.33502273104107305,0.0,0.08298979699611664,0.0,FL
325766,FL,1205,171.02195739746094,2,0.0,21880.283203125,47183.921875,2,0,1358.3922119140625,0.0,127688.0078125,48588.5,0.0,0.0,0.0,48588.5,0.0,0.0,0.0,0.0,-190.0,0.0,190.0,0.0,0.0,0.0,0.0,0.0,0.0,0.0,0.0,0.0,0.0,0.0,0.0,0.0,0.0,0.0,0.0,0.0,0.0,0.0,0.0,0.0,0.0,0.0,0.0,0.0,0.0,0.0,0.0,0.0,0.0,0.0,0.0,0.0,-200.0,0.0,200.0,0.0,0.0,0.0,0.0,0.0,0.0,0.0,0.0,0.0,0.0,0.0,0.0,0.0,0.0,0.0,0.0,0.0,0.0,0.0,0.0,0.0,-968.3922119140625,0.0,968.390625,0.0,0.0,0.0,0.0,0.0,0.0,0.0,0.0,0.0,0.0,0.0,0.0,0.0,0.0,0.0,0.0,0.0,0.0,0.0,129046.3984375,48588.5,-1358.3922119140625,0.0,1358.390625,0.0,-100.0,0.0,1.0638357400894165,0.0,FL
325767,FL,1205,0.03208446502685547,1,0.0,139336.0625,557459.375,1,0,122545.046875,0.0,476785.34375,27440.3671875,0.0,0.0,0.0,27440.3671875,-362.25,0.0,362.25,0.0,0.0,0.0,0.0,0.0,0.0,0.0,0.0,0.0,0.0,0.0,0.0,0.0,0.0,0.0,0.0,0.0,0.0,0.0,0.0,0.0,0.0,0.0,0.0,0.0,0.0,0.0,0.0,0.0,0.0,0.0,0.0,0.0,0.0,0.0,0.0,0.0,0.0,0.0,0.0,0.0,0.0,0.0,0.0,0.0,0.0,0.0,0.0,0.0,0.0,0.0,0.0,0.0,0.0,0.0,0.0,0.0,0.0,0.0,0.0,0.0,0.0,0.0,0.0,0.0,0.0,0.0,0.0,0.0,0.0,0.0,0.0,0.0,0.0,0.0,0.0,0.0,0.0,0.0,0.0,0.0,122182.796875,0.0,477147.59375,27440.3671875,-362.25,0.0,362.25,0.0,-0.2956055827939802,0.0,0.07597758620977402,0.0,FL
325768,FL,1205,0.06664489954710007,1,0.0,59677.51953125,124815.0625,1,0,18064.615234375,0.0,133893.53125,25635.423828125,0.0,0.0,0.0,25635.423828125,-128.30078125,0.0,128.296875,0.0,-209.0,0.0,209.0,0.0,0.0,0.0,0.0,0.0,0.0,0.0,0.0,0.0,0.0,0.0,0.0,0.0,0.0,0.0,0.0,0.0,0.0,0.0,0.0,0.0,0.0,0.0,0.0,0.0,0.0,0.0,0.0,0.0,0.0,0.0,0.0,0.0,0.0,0.0,0.0,0.0,0.0,0.0,0.0,0.0,0.0,0.0,0.0,0.0,0.0,0.0,0.0,0.0,0.0,0.0,0.0,0.0,0.0,0.0,0.0,0.0,-662.44140625,0.0,662.4375,0.0,0.0,0.0,0.0,0.0,0.0,0.0,0.0,0.0,0.0,0.0,0.0,0.0,0.0,0.0,0.0,0.0,17064.873046875,0.0,134893.265625,25635.423828125,-999.7421875,0.0,999.734375,0.0,-5.534256747398634,0.0,0.7466636896133423,0.0,FL
325769,FL,1205,0.035038936883211136,2,0.0,256556.06640625,902778.8125,2,0,180100.984375,0.0,712315.75,0.0,0.0,0.0,0.0,0.0,0.0,0.0,0.0,0.0,0.0,0.0,0.0,0.0,0.0,0.0,0.0,0.0,0.0,0.0,0.0,0.0,0.0,0.0,0.0,0.0,0.0,0.0,0.0,0.0,-988.0625,0.0,988.0625,0.0,0.0,0.0,0.0,0.0,0.0,0.0,0.0,0.0,0.0,0.0,0.0,0.0,0.0,0.0,0.0,0.0,0.0,0.0,0.0,0.0,0.0,0.0,0.0,0.0,0.0,0.0,0.0,0.0,0.0,0.0,0.0,0.0,0.0,0.0,0.0,0.0,0.0,0.0,0.0,0.0,0.0,0.0,0.0,0.0,0.0,0.0,0.0,0.0,0.0,0.0,0.0,0.0,0.0,0.0,0.0,0.0,179112.921875,0.0,713303.8125,0.0,-988.0625,0.0,988.0625,0.0,-0.5486158242992668,0.0,0.13871131837368011,0.0,FL
325770,FL,1205,559.9823608398438,4,3.0,0.0,0.0,4,0,0.0,0.0,26960.517578125,15387.73046875,11572.787353515625,0.0,0.0,26960.517822265625,0.0,0.0,0.0,0.0,0.0,0.0,0.0,0.0,0.0,0.0,0.0,0.0,0.0,0.0,0.0,0.0,0.0,0.0,0.0,0.0,0.0,0.0,0.0,0.0,0.0,0.0,0.0,0.0,0.0,0.0,0.0,0.0,0.0,0.0,0.0,0.0,0.0,0.0,0.0,0.0,0.0,0.0,0.0,0.0,0.0,0.0,0.0,0.0,0.0,0.0,0.0,0.0,0.0,0.0,0.0,0.0,0.0,0.0,0.0,0.0,0.0,0.0,0.0,0.0,0.0,0.0,0.0,0.0,0.0,0.0,0.0,0.0,0.0,0.0,0.0,0.0,0.0,0.0,0.0,0.0,0.0,0.0,0.0,0.0,0.0,0.0,26960.517578125,26960.517822265625,0.0,0.0,0.0,0.0,0.0,0.0,0.0,0.0,FL
325771,FL,1205,0.03554427623748779,2,0.0,199167.109375,699898.0,2,0,149322.5,0.0,617107.5625,62710.875,0.0,0.0,0.0,62710.875,-757.578125,0.0,757.5625,0.0,-709.421875,0.0,709.4375,0.0,0.0,0.0,0.0,0.0,0.0,0.0,0.0,0.0,0.0,0.0,0.0,0.0,0.0,0.0,0.0,0.0,-1830.390625,0.0,1830.375,0.0,0.0,0.0,0.0,0.0,0.0,0.0,0.0,0.0,0.0,0.0,0.0,0.0,-740.0,0.0,740.0,0.0,0.0,0.0,0.0,0.0,0.0,0.0,0.0,0.0,0.0,0.0,0.0,0.0,0.0,0.0,0.0,0.0,0.0,0.0,0.0,0.0,0.0,0.0,0.0,0.0,0.0,0.0,0.0,0.0,0.0,0.0,0.0,0.0,0.0,0.0,0.0,0.0,0.0,0.0,0.0,0.0,145285.109375,0.0,621144.9375,62710.875,-4037.390625,0.0,4037.375,0.0,-2.7038059401630696,0.0,0.654241681098938,0.0,FL
325772,FL,1205,64.91806030273438,1,0.0,2269.79248046875,2269.79248046875,1,0,0.0,0.0,60310.34375,27898.142578125,0.0,0.0,0.0,27898.142578125,0.0,0.0,0.0,0.0,0.0,0.0,0.0,0.0,0.0,0.0,0.0,0.0,0.0,0.0,0.0,0.0,0.0,0.0,0.0,0.0,0.0,0.0,0.0,0.0,0.0,0.0,0.0,0.0,0.0,0.0,0.0,0.0,0.0,0.0,0.0,0.0,0.0,0.0,0.0,0.0,0.0,0.0,0.0,0.0,0.0,0.0,0.0,0.0,0.0,0.0,0.0,0.0,0.0,0.0,0.0,0.0,0.0,0.0,0.0,0.0,0.0,0.0,0.0,0.0,0.0,0.0,0.0,0.0,0.0,0.0,0.0,0.0,0.0,0.0,0.0,0.0,0.0,0.0,0.0,0.0,0.0,0.0,0.0,0.0,0.0,0.0,60310.34375,27898.142578125,0.0,0.0,0.0,0.0,0.0,0.0,0.0,0.0,FL
325773,FL,1205,0.03734802454710007,3,1.0,116611.36328125,116611.36328125,3,0,7154.949462890625,0.0,109330.6875,0.0,0.0,0.0,2285.38671875,2285.38671875,-122.0,0.0,122.0,0.0,-386.0,0.0,386.0,0.0,0.0,0.0,0.0,0.0,0.0,0.0,0.0,0.0,-200.0,0.0,200.0,0.0,0.0,0.0,0.0,0.0,0.0,0.0,0.0,0.0,0.0,0.0,0.0,0.0,0.0,0.0,0.0,0.0,0.0,0.0,0.0,0.0,0.0,0.0,0.0,0.0,0.0,0.0,0.0,0.0,0.0,0.0,0.0,0.0,0.0,0.0,0.0,0.0,0.0,0.0,0.0,0.0,0.0,0.0,0.0,0.0,0.0,0.0,0.0,0.0,-143.193359375,0.0,143.203125,0.0,0.0,0.0,0.0,0.0,0.0,0.0,0.0,0.0,0.0,0.0,0.0,0.0,6303.756103515625,0.0,110181.890625,2285.38671875,-851.193359375,0.0,851.203125,0.0,-11.896567037821045,0.0,0.7785583138465881,0.0,FL
325774,FL,1205,686.0390014648438,1,0.0,0.0,0.0,1,0,0.0,0.0,28076.5234375,14169.0087890625,0.0,0.0,0.0,14169.0087890625,0.0,0.0,0.0,0.0,0.0,0.0,0.0,0.0,0.0,0.0,0.0,0.0,0.0,0.0,0.0,0.0,0.0,0.0,0.0,0.0,0.0,0.0,0.0,0.0,0.0,0.0,0.0,0.0,0.0,0.0,0.0,0.0,0.0,0.0,0.0,0.0,0.0,0.0,0.0,0.0,0.0,0.0,0.0,0.0,0.0,0.0,0.0,0.0,0.0,0.0,0.0,0.0,0.0,0.0,0.0,0.0,0.0,0.0,0.0,0.0,0.0,0.0,0.0,0.0,0.0,0.0,0.0,0.0,0.0,0.0,0.0,0.0,0.0,0.0,0.0,0.0,0.0,0.0,0.0,0.0,0.0,0.0,0.0,0.0,0.0,0.0,28076.5234375,14169.0087890625,0.0,0.0,0.0,0.0,0.0,0.0,0.0,0.0,FL
325775,FL,1205,0.23200403153896332,1,0.0,47153.10546875,47153.10546875,1,0,3597.37255859375,0.0,44911.58984375,0.0,0.0,0.0,0.0,0.0,-5.0,0.0,5.0,0.0,-114.0,0.0,114.0,0.0,0.0,0.0,0.0,0.0,0.0,0.0,0.0,0.0,0.0,0.0,0.0,0.0,0.0,0.0,0.0,0.0,0.0,0.0,0.0,0.0,0.0,0.0,0.0,0.0,0.0,0.0,0.0,0.0,0.0,0.0,0.0,0.0,0.0,0.0,0.0,0.0,0.0,0.0,0.0,0.0,0.0,0.0,0.0,0.0,0.0,0.0,0.0,0.0,0.0,0.0,0.0,0.0,0.0,0.0,0.0,0.0,0.0,0.0,0.0,0.0,-252.534423828125,0.0,252.53515625,0.0,0.0,0.0,0.0,0.0,0.0,0.0,0.0,0.0,0.0,0.0,0.0,0.0,3225.838134765625,0.0,45283.125,0.0,-371.534423828125,0.0,371.53515625,0.0,-10.327938454430242,0.0,0.8272590041160583,0.0,FL
325776,FL,1205,104.4363021850586,1,0.0,0.0,0.0,1,0,0.0,0.0,58355.9375,32239.37890625,0.0,0.0,0.0,32239.37890625,0.0,0.0,0.0,0.0,0.0,0.0,0.0,0.0,0.0,0.0,0.0,0.0,0.0,0.0,0.0,0.0,0.0,0.0,0.0,0.0,0.0,0.0,0.0,0.0,0.0,0.0,0.0,0.0,0.0,0.0,0.0,0.0,0.0,0.0,0.0,0.0,0.0,0.0,0.0,0.0,0.0,0.0,0.0,0.0,0.0,0.0,0.0,0.0,0.0,0.0,0.0,0.0,0.0,0.0,0.0,0.0,0.0,0.0,0.0,0.0,0.0,0.0,0.0,0.0,0.0,0.0,0.0,0.0,0.0,0.0,0.0,0.0,0.0,0.0,0.0,0.0,0.0,0.0,0.0,0.0,0.0,0.0,0.0,0.0,0.0,0.0,58355.9375,32239.37890625,0.0,0.0,0.0,0.0,0.0,0.0,0.0,0.0,FL
325777,FL,1205,0.026794206351041794,1,0.0,50308.453125,95960.734375,1,0,12428.130859375,0.0,80940.2421875,0.0,0.0,0.0,0.0,0.0,-115.0,0.0,115.0,0.0,-209.0,0.0,209.0,0.0,0.0,0.0,0.0,0.0,0.0,0.0,0.0,0.0,0.0,0.0,0.0,0.0,0.0,0.0,0.0,0.0,0.0,0.0,0.0,0.0,0.0,0.0,0.0,0.0,0.0,0.0,0.0,0.0,0.0,0.0,0.0,0.0,0.0,0.0,0.0,0.0,0.0,0.0,0.0,0.0,0.0,0.0,0.0,0.0,0.0,0.0,0.0,0.0,0.0,0.0,0.0,0.0,0.0,0.0,0.0,0.0,0.0,0.0,0.0,0.0,-485.0927734375,0.0,485.09375,0.0,0.0,0.0,0.0,0.0,0.0,0.0,0.0,0.0,0.0,0.0,0.0,0.0,11619.0380859375,0.0,81749.3359375,0.0,-809.0927734375,0.0,809.09375,0.0,-6.5101726284702846,0.0,0.9996185898780823,0.0,FL
325778,FL,1205,0.033114053308963776,5,2.0,415249.46875,720764.4140625,5,0,119424.51953125,0.0,663052.9375,50090.4453125,0.0,0.0,0.0,50090.4453125,-407.0,0.0,407.0,0.0,-209.0,0.0,209.0,0.0,0.0,0.0,0.0,0.0,0.0,0.0,0.0,0.0,0.0,0.0,0.0,0.0,0.0,0.0,0.0,0.0,0.0,0.0,0.0,0.0,0.0,0.0,0.0,0.0,0.0,0.0,0.0,0.0,0.0,0.0,0.0,0.0,0.0,0.0,0.0,0.0,0.0,0.0,0.0,0.0,0.0,0.0,0.0,0.0,0.0,0.0,0.0,0.0,0.0,0.0,0.0,0.0,0.0,0.0,0.0,0.0,-819.2294921875,0.0,819.1875,0.0,0.0,0.0,0.0,0.0,0.0,0.0,0.0,0.0,0.0,0.0,0.0,0.0,0.0,0.0,0.0,0.0,117989.2900390625,0.0,664488.125,50090.4453125,-1435.2294921875,0.0,1435.1875,0.0,-1.201787955958191,0.0,0.21645142138004303,0.0,FL
325779,FL,1205,109.82508850097656,1,0.0,0.0,65564.078125,1,0,5560.689453125,0.0,86440.65625,18912.6640625,0.0,0.0,0.0,18912.6640625,-5.0,0.0,5.0,0.0,-114.0,0.0,114.0,0.0,0.0,0.0,0.0,0.0,0.0,0.0,0.0,0.0,0.0,0.0,0.0,0.0,0.0,0.0,0.0,0.0,0.0,0.0,0.0,0.0,0.0,0.0,0.0,0.0,0.0,0.0,0.0,0.0,0.0,0.0,0.0,0.0,0.0,0.0,0.0,0.0,0.0,0.0,0.0,0.0,0.0,0.0,0.0,0.0,0.0,0.0,0.0,0.0,0.0,0.0,0.0,0.0,0.0,0.0,0.0,0.0,-720.0,0.0,720.0,0.0,0.0,0.0,0.0,0.0,0.0,0.0,0.0,0.0,0.0,0.0,0.0,0.0,0.0,0.0,0.0,0.0,4721.689453125,0.0,87279.65625,18912.6640625,-839.0,0.0,839.0,0.0,-15.088057102856162,0.0,0.970608115196228,0.0,FL
325780,FL,1205,0.13246335089206696,5,2.0,69677.1318359375,69677.1298828125,5,0,1541.398193359375,0.0,96511.2109375,0.0,0.0,0.0,0.0,0.0,-10.0,0.0,10.0,0.0,-228.0,0.0,228.0,0.0,0.0,0.0,0.0,0.0,0.0,0.0,0.0,0.0,0.0,0.0,0.0,0.0,0.0,0.0,0.0,0.0,0.0,0.0,0.0,0.0,0.0,0.0,0.0,0.0,0.0,0.0,0.0,0.0,0.0,0.0,0.0,0.0,0.0,0.0,0.0,0.0,0.0,0.0,0.0,0.0,0.0,0.0,0.0,0.0,0.0,0.0,0.0,0.0,0.0,0.0,0.0,0.0,-54.478515625,0.0,54.4765625,0.0,0.0,0.0,0.0,0.0,-125.381103515625,0.0,125.3828125,0.0,0.0,0.0,0.0,0.0,0.0,0.0,0.0,0.0,0.0,0.0,0.0,0.0,1123.53857421875,0.0,96929.0703125,0.0,-417.859619140625,0.0,417.859375,0.0,-27.10912864312678,0.0,0.43296459317207336,0.0,FL
325781,FL,1205,149.3497772216797,4,2.0,2615.3173828125,2617.9287109375,4,0,0.0,0.0,21561.9765625,1130.9622802734375,12610.016357421875,0.0,0.0,13740.978637695312,0.0,0.0,0.0,0.0,0.0,0.0,0.0,0.0,0.0,0.0,0.0,0.0,0.0,0.0,0.0,0.0,0.0,0.0,0.0,0.0,0.0,0.0,0.0,0.0,0.0,0.0,0.0,0.0,0.0,0.0,0.0,0.0,0.0,0.0,0.0,0.0,0.0,0.0,0.0,0.0,0.0,0.0,0.0,0.0,0.0,0.0,0.0,0.0,0.0,0.0,0.0,0.0,0.0,0.0,0.0,0.0,0.0,0.0,0.0,0.0,0.0,0.0,0.0,0.0,0.0,0.0,0.0,0.0,0.0,0.0,0.0,0.0,0.0,0.0,0.0,0.0,0.0,0.0,0.0,0.0,0.0,0.0,0.0,0.0,0.0,0.0,21561.9765625,13740.978637695312,0.0,0.0,0.0,0.0,0.0,0.0,0.0,0.0,FL
325782,FL,1205,0.07092940807342529,4,2.0,48208.539794921875,50885.56640625,4,0,-4800.365234375,0.0,99910.4921875,38209.70703125,2763.543212890625,0.0,2285.38671875,43258.636962890625,0.0,0.0,0.0,0.0,-190.0,0.0,190.0,0.0,0.0,0.0,0.0,0.0,0.0,0.0,0.0,0.0,-400.0,0.0,400.0,0.0,-183.1611328125,0.0,183.15625,0.0,-97.19580078125,0.0,97.1953125,0.0,0.0,0.0,0.0,0.0,0.0,0.0,0.0,0.0,0.0,0.0,0.0,0.0,0.0,0.0,0.0,0.0,0.0,0.0,0.0,0.0,0.0,0.0,0.0,0.0,0.0,0.0,0.0,0.0,0.0,0.0,0.0,0.0,0.0,0.0,0.0,0.0,0.0,0.0,0.0,0.0,0.0,0.0,0.0,0.0,0.0,0.0,0.0,0.0,0.0,0.0,0.0,0.0,0.0,0.0,0.0,0.0,-5670.72216796875,0.0,100780.84375,43258.636962890625,-870.35693359375,0.0,870.3515625,0.0,-18.131056515475098,0.0,0.8711313009262085,0.0,FL
325783,FL,1205,0.041001155972480774,3,1.0,303735.921875,557358.7421875,3,0,108779.587890625,0.0,440056.625,0.0,0.0,0.0,0.0,0.0,-505.421875,0.0,505.40625,0.0,-725.25,0.0,725.25,0.0,0.0,0.0,0.0,0.0,0.0,0.0,0.0,0.0,0.0,0.0,0.0,0.0,0.0,0.0,0.0,0.0,-1614.8984375,0.0,1614.90625,0.0,0.0,0.0,0.0,0.0,0.0,0.0,0.0,0.0,0.0,0.0,0.0,0.0,-350.0,0.0,350.0,0.0,0.0,0.0,0.0,0.0,0.0,0.0,0.0,0.0,0.0,0.0,0.0,0.0,0.0,0.0,0.0,0.0,0.0,0.0,0.0,0.0,0.0,0.0,0.0,0.0,-83.615234375,0.0,83.625,0.0,0.0,0.0,0.0,0.0,0.0,0.0,0.0,0.0,0.0,0.0,0.0,0.0,105500.40234375,0.0,443335.8125,0.0,-3279.185546875,0.0,3279.1875,0.0,-3.014522862664395,0.0,0.745173990726471,0.0,FL
325784,FL,1205,0.03467421978712082,1,0.0,104611.96875,103100.1640625,0,1,13905.26953125,0.0,84513.3125,0.0,0.0,0.0,0.0,0.0,-115.0,0.0,115.0,0.0,0.0,0.0,0.0,0.0,0.0,0.0,0.0,0.0,0.0,0.0,0.0,0.0,0.0,0.0,0.0,0.0,0.0,0.0,0.0,0.0,0.0,0.0,0.0,0.0,0.0,0.0,0.0,0.0,0.0,0.0,0.0,0.0,0.0,0.0,0.0,0.0,-161.5361328125,0.0,161.5390625,0.0,0.0,0.0,0.0,0.0,0.0,0.0,0.0,0.0,0.0,0.0,0.0,0.0,0.0,0.0,0.0,0.0,0.0,0.0,0.0,0.0,0.0,0.0,0.0,0.0,-57.037109375,0.0,57.0390625,0.0,0.0,0.0,0.0,0.0,0.0,0.0,0.0,0.0,0.0,0.0,0.0,0.0,13571.6962890625,0.0,84846.890625,0.0,-333.5732421875,0.0,333.578125,0.0,-2.3988980683750456,0.0,0.3947048485279083,0.0,FL
325785,FL,1205,0.038217462599277496,2,0.0,43190.28125,1359745.5,2,0,302908.375,0.0,1181977.0,45515.95703125,0.0,0.0,0.0,45515.95703125,0.0,0.0,0.0,0.0,0.0,0.0,0.0,0.0,0.0,0.0,0.0,0.0,0.0,0.0,0.0,0.0,0.0,0.0,0.0,0.0,0.0,0.0,0.0,0.0,-1640.5625,0.0,1640.625,0.0,0.0,0.0,0.0,0.0,0.0,0.0,0.0,0.0,0.0,0.0,0.0,0.0,-399.0625,0.0,399.125,0.0,0.0,0.0,0.0,0.0,0.0,0.0,0.0,0.0,0.0,0.0,0.0,0.0,0.0,0.0,0.0,0.0,0.0,0.0,0.0,0.0,0.0,0.0,0.0,0.0,0.0,0.0,0.0,0.0,0.0,0.0,0.0,0.0,0.0,0.0,0.0,0.0,0.0,0.0,0.0,0.0,300868.75,0.0,1184016.75,45515.95703125,-2039.625,0.0,2039.75,0.0,-0.6733471796545738,0.0,0.17257103323936462,0.0,FL
325786,FL,1205,0.031280141323804855,2,0.0,82600.1875,163737.453125,1,1,16831.35693359375,0.0,141203.4375,0.0,0.0,0.0,0.0,0.0,-230.0,0.0,230.0,0.0,-418.0,0.0,418.0,0.0,0.0,0.0,0.0,0.0,0.0,0.0,0.0,0.0,0.0,0.0,0.0,0.0,0.0,0.0,0.0,0.0,0.0,0.0,0.0,0.0,0.0,0.0,0.0,0.0,0.0,0.0,0.0,0.0,0.0,0.0,0.0,0.0,-131.2607421875,0.0,131.265625,0.0,0.0,0.0,0.0,0.0,0.0,0.0,0.0,0.0,0.0,0.0,0.0,0.0,0.0,0.0,0.0,0.0,0.0,0.0,0.0,0.0,-1149.13671875,0.0,1149.140625,0.0,0.0,0.0,0.0,0.0,0.0,0.0,0.0,0.0,0.0,0.0,0.0,0.0,0.0,0.0,0.0,0.0,14902.95947265625,0.0,143131.84375,0.0,-1928.3974609375,0.0,1928.40625,0.0,-11.457171685834828,0.0,1.3656935691833496,0.0,FL
325787,FL,1205,512.2447509765625,5,2.0,18591.224609375,18591.224609375,5,0,0.0,0.0,66482.6875,18438.755859375,22041.1279296875,0.0,0.0,40479.8837890625,0.0,0.0,0.0,0.0,0.0,0.0,0.0,0.0,0.0,0.0,0.0,0.0,0.0,0.0,0.0,0.0,0.0,0.0,0.0,0.0,0.0,0.0,0.0,0.0,0.0,0.0,0.0,0.0,0.0,0.0,0.0,0.0,0.0,0.0,0.0,0.0,0.0,0.0,0.0,0.0,0.0,0.0,0.0,0.0,0.0,0.0,0.0,0.0,0.0,0.0,0.0,0.0,0.0,0.0,0.0,0.0,0.0,0.0,0.0,0.0,0.0,0.0,0.0,0.0,0.0,0.0,0.0,0.0,0.0,0.0,0.0,0.0,0.0,0.0,0.0,0.0,0.0,0.0,0.0,0.0,0.0,0.0,0.0,0.0,0.0,0.0,66482.6875,40479.8837890625,0.0,0.0,0.0,0.0,0.0,0.0,0.0,0.0,FL
325788,FL,1205,64.79074096679688,2,0.0,22639.354736328125,20118.390625,2,0,0.0,0.0,-747.658447265625,0.0,0.0,0.0,0.0,0.0,0.0,0.0,0.0,0.0,0.0,0.0,0.0,0.0,0.0,0.0,0.0,0.0,0.0,0.0,0.0,0.0,0.0,0.0,0.0,0.0,0.0,0.0,0.0,0.0,0.0,0.0,0.0,0.0,0.0,0.0,0.0,0.0,0.0,0.0,0.0,0.0,0.0,0.0,0.0,0.0,0.0,0.0,0.0,0.0,0.0,0.0,0.0,0.0,0.0,0.0,0.0,0.0,0.0,0.0,0.0,0.0,0.0,0.0,0.0,0.0,0.0,0.0,0.0,0.0,0.0,0.0,0.0,0.0,0.0,0.0,0.0,0.0,0.0,0.0,0.0,0.0,0.0,0.0,0.0,0.0,0.0,0.0,0.0,0.0,0.0,0.0,-747.658447265625,0.0,0.0,0.0,0.0,0.0,0.0,0.0,0.0,0.0,FL
325789,FL,1205,0.03048771619796753,1,0.0,79052.046875,539860.625,1,0,101252.953125,0.0,474129.3125,33481.9140625,0.0,0.0,0.0,33481.9140625,-203.2578125,0.0,203.25,0.0,-228.0,0.0,228.0,0.0,0.0,0.0,0.0,0.0,0.0,0.0,0.0,0.0,0.0,0.0,0.0,0.0,0.0,0.0,0.0,0.0,0.0,0.0,0.0,0.0,0.0,0.0,0.0,0.0,0.0,0.0,0.0,0.0,0.0,0.0,0.0,0.0,-240.0,0.0,240.0,0.0,0.0,0.0,0.0,0.0,0.0,0.0,0.0,0.0,0.0,0.0,0.0,0.0,0.0,0.0,0.0,0.0,0.0,0.0,0.0,0.0,0.0,0.0,0.0,0.0,0.0,0.0,0.0,0.0,0.0,0.0,0.0,0.0,0.0,0.0,0.0,0.0,0.0,0.0,0.0,0.0,100581.6953125,0.0,474800.5625,33481.9140625,-671.2578125,0.0,671.25,0.0,-0.6629513429315101,0.0,0.14157530665397644,0.0,FL
325790,FL,1205,0.0296014491468668,3,0.0,199898.84765625,206725.3046875,0,3,20699.86181640625,0.0,-36017.90234375,0.0,0.0,0.0,0.0,0.0,-235.0,0.0,235.0,0.0,-532.0,0.0,532.0,0.0,0.0,0.0,0.0,0.0,0.0,0.0,0.0,0.0,0.0,0.0,0.0,0.0,0.0,0.0,0.0,0.0,0.0,0.0,0.0,0.0,0.0,0.0,0.0,0.0,0.0,0.0,0.0,0.0,0.0,0.0,0.0,0.0,-440.0,0.0,440.0,0.0,0.0,0.0,0.0,0.0,0.0,0.0,0.0,0.0,0.0,0.0,0.0,0.0,0.0,0.0,0.0,0.0,0.0,0.0,0.0,0.0,0.0,0.0,0.0,0.0,0.0,0.0,0.0,0.0,0.0,0.0,0.0,0.0,0.0,0.0,0.0,0.0,0.0,0.0,0.0,0.0,19492.86181640625,0.0,-34810.90234375,0.0,-1207.0,0.0,1207.0,0.0,-5.830956799157754,0.0,3.35111141204834,0.0,FL
325791,FL,1205,0.05079205334186554,4,2.0,101996.72265625,101996.71875,4,0,3250.65771484375,0.0,96963.7890625,0.0,0.0,0.0,0.0,0.0,-10.0,0.0,10.0,0.0,-228.0,0.0,228.0,0.0,0.0,0.0,0.0,0.0,0.0,0.0,0.0,0.0,-400.0,0.0,400.0,0.0,0.0,0.0,0.0,0.0,0.0,0.0,0.0,0.0,0.0,0.0,0.0,0.0,0.0,0.0,0.0,0.0,0.0,0.0,0.0,0.0,-240.0,0.0,240.0,0.0,0.0,0.0,0.0,0.0,0.0,0.0,0.0,0.0,0.0,0.0,0.0,0.0,0.0,0.0,0.0,0.0,0.0,0.0,0.0,0.0,0.0,0.0,0.0,0.0,0.0,0.0,0.0,0.0,0.0,0.0,0.0,0.0,0.0,0.0,0.0,0.0,0.0,0.0,0.0,0.0,2372.65771484375,0.0,97841.7890625,0.0,-878.0,0.0,878.0,0.0,-27.009918515588865,0.0,0.9054926037788391,0.0,FL
325792,FL,1205,0.06099308282136917,3,1.0,125120.625,125120.625,3,0,8292.474609375,0.0,127200.890625,0.0,0.0,0.0,0.0,0.0,-10.0,0.0,10.0,0.0,-228.0,0.0,228.0,0.0,0.0,0.0,0.0,0.0,0.0,0.0,0.0,0.0,-200.0,0.0,200.0,0.0,0.0,0.0,0.0,0.0,0.0,0.0,0.0,0.0,0.0,0.0,0.0,0.0,0.0,0.0,0.0,0.0,0.0,0.0,0.0,0.0,-240.0,0.0,240.0,0.0,0.0,0.0,0.0,0.0,0.0,0.0,0.0,0.0,0.0,0.0,0.0,0.0,-2999.99951171875,0.0,3000.0,0.0,0.0,0.0,0.0,0.0,0.0,0.0,0.0,0.0,0.0,0.0,0.0,0.0,0.0,0.0,0.0,0.0,0.0,0.0,0.0,0.0,0.0,0.0,0.0,0.0,4614.47509765625,0.0,130878.890625,0.0,-3677.99951171875,0.0,3678.0,0.0,-44.35346124015397,0.0,2.891489028930664,0.0,FL
325793,FL,1205,276.57232666015625,1,0.0,0.0,0.0,1,0,0.0,0.0,15369.5390625,3926.039794921875,0.0,0.0,0.0,3926.039794921875,0.0,0.0,0.0,0.0,0.0,0.0,0.0,0.0,0.0,0.0,0.0,0.0,0.0,0.0,0.0,0.0,0.0,0.0,0.0,0.0,0.0,0.0,0.0,0.0,0.0,0.0,0.0,0.0,0.0,0.0,0.0,0.0,0.0,0.0,0.0,0.0,0.0,0.0,0.0,0.0,0.0,0.0,0.0,0.0,0.0,0.0,0.0,0.0,0.0,0.0,0.0,0.0,0.0,0.0,0.0,0.0,0.0,0.0,0.0,0.0,0.0,0.0,0.0,0.0,0.0,0.0,0.0,0.0,0.0,0.0,0.0,0.0,0.0,0.0,0.0,0.0,0.0,0.0,0.0,0.0,0.0,0.0,0.0,0.0,0.0,0.0,15369.5390625,3926.039794921875,0.0,0.0,0.0,0.0,0.0,0.0,0.0,0.0,FL
325794,FL,1205,44.79544448852539,1,0.0,2149.347412109375,89291.9609375,1,0,10687.2314453125,0.0,119558.0625,33547.30859375,0.0,0.0,0.0,33547.30859375,-115.0,0.0,115.0,0.0,-209.0,0.0,209.0,0.0,0.0,0.0,0.0,0.0,0.0,0.0,0.0,0.0,0.0,0.0,0.0,0.0,0.0,0.0,0.0,0.0,0.0,0.0,0.0,0.0,0.0,0.0,0.0,0.0,0.0,0.0,0.0,0.0,0.0,0.0,0.0,0.0,0.0,0.0,0.0,0.0,0.0,0.0,0.0,0.0,0.0,0.0,0.0,0.0,0.0,0.0,0.0,0.0,0.0,0.0,0.0,0.0,0.0,0.0,0.0,0.0,-1131.3466796875,0.0,1131.34375,0.0,0.0,0.0,0.0,0.0,0.0,0.0,0.0,0.0,0.0,0.0,0.0,0.0,0.0,0.0,0.0,0.0,9231.884765625,0.0,121013.40625,33547.30859375,-1455.3466796875,0.0,1455.34375,0.0,-13.617621056815663,0.0,1.2172694206237793,0.0,FL
325795,FL,1205,0.034568268805742264,3,1.0,365637.1640625,1065554.0,3,0,226336.0625,0.0,831731.0625,1950.5474853515625,0.0,0.0,0.0,1950.5474853515625,0.0,0.0,0.0,0.0,0.0,0.0,0.0,0.0,0.0,0.0,0.0,0.0,0.0,0.0,0.0,0.0,0.0,0.0,0.0,0.0,0.0,0.0,0.0,0.0,0.0,0.0,0.0,0.0,0.0,0.0,0.0,0.0,0.0,0.0,0.0,0.0,0.0,0.0,0.0,0.0,-268.875,0.0,268.875,0.0,0.0,0.0,0.0,0.0,0.0,0.0,0.0,0.0,0.0,0.0,0.0,0.0,0.0,0.0,0.0,0.0,0.0,0.0,0.0,0.0,0.0,0.0,0.0,0.0,0.0,0.0,0.0,0.0,0.0,0.0,0.0,0.0,0.0,0.0,0.0,0.0,0.0,0.0,0.0,0.0,226067.1875,0.0,831999.9375,1950.5474853515625,-268.875,0.0,268.875,0.0,-0.11879459111824038,0.0,0.03232715651392937,0.0,FL
325796,FL,1205,0.0790616050362587,3,1.0,210846.0322265625,271555.09375,3,0,39813.8671875,0.0,248831.78125,27824.384765625,0.0,0.0,0.0,27824.384765625,-292.0,0.0,292.0,0.0,0.0,0.0,0.0,0.0,0.0,0.0,0.0,0.0,0.0,0.0,0.0,0.0,0.0,0.0,0.0,0.0,0.0,0.0,0.0,0.0,0.0,0.0,0.0,0.0,0.0,0.0,0.0,0.0,0.0,0.0,0.0,0.0,0.0,0.0,0.0,0.0,0.0,0.0,0.0,0.0,0.0,0.0,0.0,0.0,0.0,0.0,0.0,0.0,0.0,0.0,0.0,0.0,-63.36328125,0.0,63.375,0.0,0.0,0.0,0.0,0.0,0.0,0.0,0.0,0.0,0.0,0.0,0.0,0.0,0.0,0.0,0.0,0.0,0.0,0.0,0.0,0.0,0.0,0.0,0.0,0.0,39458.50390625,0.0,249187.15625,27824.384765625,-355.36328125,0.0,355.375,0.0,-0.8925615780462798,0.0,0.14281736314296722,0.0,FL
325797,FL,1205,18.494007110595703,1,0.0,12449.9755859375,12449.9755859375,1,0,0.0,0.0,47907.9296875,14216.0458984375,0.0,8265.966796875,0.0,22482.0126953125,0.0,0.0,0.0,0.0,0.0,0.0,0.0,0.0,0.0,0.0,0.0,0.0,0.0,0.0,0.0,0.0,0.0,0.0,0.0,0.0,0.0,0.0,0.0,0.0,0.0,0.0,0.0,0.0,0.0,0.0,0.0,0.0,0.0,0.0,0.0,0.0,0.0,0.0,0.0,0.0,0.0,0.0,0.0,0.0,0.0,0.0,0.0,0.0,0.0,0.0,0.0,0.0,0.0,0.0,0.0,0.0,0.0,0.0,0.0,0.0,0.0,0.0,0.0,0.0,0.0,0.0,0.0,0.0,0.0,0.0,0.0,0.0,0.0,0.0,0.0,0.0,0.0,0.0,-8265.96875,-8265.966796875,0.0,0.0,0.0,0.0,0.0,0.0,39641.9609375,14216.0458984375,0.0,0.0,-8265.96875,-8265.966796875,0.0,0.0,-17.253864288330078,-36.76702308151643,FL
325798,FL,1205,0.019068658351898193,4,2.0,289588.375,741531.5,4,0,178825.625,0.0,533353.25,0.0,0.0,0.0,0.0,0.0,-749.0,0.0,749.0,0.0,0.0,0.0,0.0,0.0,0.0,0.0,0.0,0.0,0.0,0.0,0.0,0.0,0.0,0.0,0.0,0.0,0.0,0.0,0.0,0.0,-146.453125,0.0,146.4375,0.0,0.0,0.0,0.0,0.0,0.0,0.0,0.0,0.0,0.0,0.0,0.0,0.0,-481.6875,0.0,481.6875,0.0,0.0,0.0,0.0,0.0,0.0,0.0,0.0,0.0,0.0,0.0,0.0,0.0,0.0,0.0,0.0,0.0,0.0,0.0,0.0,0.0,0.0,0.0,0.0,0.0,0.0,0.0,0.0,0.0,0.0,0.0,0.0,0.0,0.0,0.0,0.0,0.0,0.0,0.0,0.0,0.0,177448.484375,0.0,534730.375,0.0,-1377.140625,0.0,1377.125,0.0,-0.770102509078327,0.0,0.2582013010978699,0.0,FL
325799,FL,1205,0.03509697690606117,3,1.0,423624.953125,470835.4375,3,0,86302.2890625,0.0,367847.5,0.0,0.0,0.0,0.0,0.0,-292.0,0.0,292.0,0.0,0.0,0.0,0.0,0.0,0.0,0.0,0.0,0.0,0.0,0.0,0.0,0.0,0.0,0.0,0.0,0.0,0.0,0.0,0.0,0.0,-1125.484375,0.0,1125.5,0.0,0.0,0.0,0.0,0.0,0.0,0.0,0.0,0.0,0.0,0.0,0.0,0.0,0.0,0.0,0.0,0.0,0.0,0.0,0.0,0.0,0.0,0.0,0.0,0.0,0.0,0.0,0.0,0.0,0.0,0.0,0.0,0.0,0.0,0.0,0.0,0.0,0.0,0.0,0.0,0.0,0.0,0.0,0.0,0.0,0.0,0.0,0.0,0.0,0.0,0.0,0.0,0.0,0.0,0.0,0.0,0.0,84884.8046875,0.0,369265.0,0.0,-1417.484375,0.0,1417.5,0.0,-1.6424644008845,0.0,0.38534989953041077,0.0,FL
325800,FL,1205,62.125335693359375,1,0.0,0.0,-60.49698257446289,1,0,0.0,0.0,44242.04296875,22460.111328125,0.0,0.0,0.0,22460.111328125,0.0,0.0,0.0,0.0,0.0,0.0,0.0,0.0,0.0,0.0,0.0,0.0,0.0,0.0,0.0,0.0,0.0,0.0,0.0,0.0,0.0,0.0,0.0,0.0,0.0,0.0,0.0,0.0,0.0,0.0,0.0,0.0,0.0,0.0,0.0,0.0,0.0,0.0,0.0,0.0,0.0,0.0,0.0,0.0,0.0,0.0,0.0,0.0,0.0,0.0,0.0,0.0,0.0,0.0,0.0,0.0,0.0,0.0,0.0,0.0,0.0,0.0,0.0,0.0,0.0,0.0,0.0,0.0,0.0,0.0,0.0,0.0,0.0,0.0,0.0,0.0,0.0,0.0,0.0,0.0,0.0,0.0,0.0,0.0,0.0,0.0,44242.04296875,22460.111328125,0.0,0.0,0.0,0.0,0.0,0.0,0.0,0.0,FL
325801,FL,1205,229.38888549804688,3,1.0,0.0,0.17323553562164307,3,0,0.0,0.0,13261.8837890625,3933.85205078125,9327.858642578125,0.0,0.0,13261.710693359375,0.0,0.0,0.0,0.0,0.0,0.0,0.0,0.0,0.0,0.0,0.0,0.0,0.0,0.0,0.0,0.0,0.0,0.0,0.0,0.0,0.0,0.0,0.0,0.0,0.0,0.0,0.0,0.0,0.0,0.0,0.0,0.0,0.0,0.0,0.0,0.0,0.0,0.0,0.0,0.0,0.0,0.0,0.0,0.0,0.0,0.0,0.0,0.0,0.0,0.0,0.0,0.0,0.0,0.0,0.0,0.0,0.0,0.0,0.0,0.0,0.0,0.0,0.0,0.0,0.0,0.0,0.0,0.0,0.0,0.0,0.0,0.0,0.0,0.0,0.0,0.0,0.0,0.0,0.0,0.0,0.0,0.0,0.0,0.0,0.0,0.0,13261.8837890625,13261.710693359375,0.0,0.0,0.0,0.0,0.0,0.0,0.0,0.0,FL
325802,FL,1205,0.1300051510334015,4,1.0,85927.6640625,759845.271484375,3,1,24002.689453125,0.0,818889.5625,4582.88525390625,0.0,0.0,0.0,4582.88525390625,-5.0,0.0,5.0,0.0,-114.0,0.0,114.0,0.0,0.0,0.0,0.0,0.0,0.0,0.0,0.0,0.0,0.0,0.0,0.0,0.0,0.0,0.0,0.0,0.0,0.0,0.0,0.0,0.0,0.0,0.0,0.0,0.0,0.0,0.0,0.0,0.0,0.0,0.0,0.0,0.0,0.0,0.0,0.0,0.0,0.0,0.0,0.0,0.0,0.0,0.0,0.0,0.0,0.0,0.0,0.0,0.0,0.0,0.0,0.0,0.0,0.0,0.0,0.0,0.0,0.0,0.0,0.0,0.0,-93.37109375,0.0,93.375,0.0,0.0,0.0,0.0,0.0,0.0,0.0,0.0,0.0,0.0,0.0,0.0,0.0,23790.318359375,0.0,819101.9375,4582.88525390625,-212.37109375,0.0,212.375,0.0,-0.8847804083152466,0.0,0.025934509932994843,0.0,FL
325803,FL,1205,193.50369262695312,1,0.0,0.0,0.0,1,0,0.0,0.0,48330.9609375,24474.322265625,0.0,0.0,0.0,24474.322265625,0.0,0.0,0.0,0.0,0.0,0.0,0.0,0.0,0.0,0.0,0.0,0.0,0.0,0.0,0.0,0.0,0.0,0.0,0.0,0.0,0.0,0.0,0.0,0.0,0.0,0.0,0.0,0.0,0.0,0.0,0.0,0.0,0.0,0.0,0.0,0.0,0.0,0.0,0.0,0.0,0.0,0.0,0.0,0.0,0.0,0.0,0.0,0.0,0.0,0.0,0.0,0.0,0.0,0.0,0.0,0.0,0.0,0.0,0.0,0.0,0.0,0.0,0.0,0.0,0.0,0.0,0.0,0.0,0.0,0.0,0.0,0.0,0.0,0.0,0.0,0.0,0.0,0.0,0.0,0.0,0.0,0.0,0.0,0.0,0.0,0.0,48330.9609375,24474.322265625,0.0,0.0,0.0,0.0,0.0,0.0,0.0,0.0,FL
325804,FL,1205,88.88678741455078,2,0.0,0.0,0.0,2,0,0.0,0.0,106988.65625,53494.328125,0.0,0.0,0.0,53494.328125,0.0,0.0,0.0,0.0,0.0,0.0,0.0,0.0,0.0,0.0,0.0,0.0,0.0,0.0,0.0,0.0,0.0,0.0,0.0,0.0,0.0,0.0,0.0,0.0,0.0,0.0,0.0,0.0,0.0,0.0,0.0,0.0,0.0,0.0,0.0,0.0,0.0,0.0,0.0,0.0,0.0,0.0,0.0,0.0,0.0,0.0,0.0,0.0,0.0,0.0,0.0,0.0,0.0,0.0,0.0,0.0,0.0,0.0,0.0,0.0,0.0,0.0,0.0,0.0,0.0,0.0,0.0,0.0,0.0,0.0,0.0,0.0,0.0,0.0,0.0,0.0,0.0,0.0,0.0,0.0,0.0,0.0,0.0,0.0,0.0,0.0,106988.65625,53494.328125,0.0,0.0,0.0,0.0,0.0,0.0,0.0,0.0,FL
325805,FL,1205,0.04065931215882301,5,3.0,614636.5625,1086443.625,5,0,264325.5,0.0,790178.0,0.0,0.0,0.0,0.0,0.0,-749.0,0.0,749.0,0.0,-665.0,0.0,665.0,0.0,0.0,0.0,0.0,0.0,0.0,0.0,0.0,0.0,0.0,0.0,0.0,0.0,0.0,0.0,0.0,0.0,-1750.0,0.0,1750.0,0.0,0.0,0.0,0.0,0.0,0.0,0.0,0.0,0.0,0.0,0.0,0.0,0.0,-700.0,0.0,700.0,0.0,0.0,0.0,0.0,0.0,0.0,0.0,0.0,0.0,0.0,0.0,0.0,0.0,0.0,0.0,0.0,0.0,0.0,0.0,0.0,0.0,0.0,0.0,0.0,0.0,0.0,0.0,0.0,0.0,0.0,0.0,0.0,0.0,0.0,0.0,0.0,0.0,0.0,0.0,0.0,0.0,260461.5,0.0,794042.0,0.0,-3864.0,0.0,3864.0,0.0,-1.4618339887752032,0.0,0.4890037178993225,0.0,FL
325806,FL,1205,0.032140690833330154,2,0.0,313196.03125,1171348.125,2,0,282879.5625,0.0,869786.0,0.0,0.0,0.0,0.0,0.0,-749.0,0.0,749.0,0.0,0.0,0.0,0.0,0.0,0.0,0.0,0.0,0.0,0.0,0.0,0.0,0.0,0.0,0.0,0.0,0.0,0.0,0.0,0.0,0.0,0.0,0.0,0.0,0.0,0.0,0.0,0.0,0.0,0.0,0.0,0.0,0.0,0.0,0.0,0.0,0.0,0.0,0.0,0.0,0.0,0.0,0.0,0.0,0.0,0.0,0.0,0.0,0.0,0.0,0.0,0.0,0.0,0.0,0.0,0.0,0.0,0.0,0.0,0.0,0.0,0.0,0.0,0.0,0.0,0.0,0.0,0.0,0.0,0.0,0.0,0.0,0.0,0.0,0.0,0.0,0.0,0.0,0.0,0.0,0.0,282130.5625,0.0,870535.0,0.0,-749.0,0.0,749.0,0.0,-0.26477699321243825,0.0,0.08611313253641129,0.0,FL
325807,FL,1205,0.031959835439920425,1,0.0,72047.28125,90946.8671875,1,0,10966.392578125,0.0,102443.28125,22234.806640625,0.0,0.0,0.0,22234.806640625,-115.0,0.0,115.0,0.0,-209.0,0.0,209.0,0.0,0.0,0.0,0.0,0.0,0.0,0.0,0.0,0.0,0.0,0.0,0.0,0.0,0.0,0.0,0.0,0.0,0.0,0.0,0.0,0.0,0.0,0.0,0.0,0.0,0.0,0.0,0.0,0.0,0.0,0.0,0.0,0.0,-29.8310546875,0.0,29.828125,0.0,0.0,0.0,0.0,0.0,0.0,0.0,0.0,0.0,0.0,0.0,0.0,0.0,0.0,0.0,0.0,0.0,0.0,0.0,0.0,0.0,-1109.5009765625,0.0,1109.5,0.0,0.0,0.0,0.0,0.0,0.0,0.0,0.0,0.0,0.0,0.0,0.0,0.0,0.0,0.0,0.0,0.0,9503.060546875,0.0,103906.609375,22234.806640625,-1463.33203125,0.0,1463.328125,0.0,-13.343786672099933,0.0,1.4284276962280273,0.0,FL
325808,FL,1205,1.5576128959655762,1,0.0,813.1962890625,8929.205078125,1,0,-277.3945617675781,0.0,33629.421875,8440.26953125,13231.8837890625,0.0,0.0,21672.1533203125,0.0,0.0,0.0,0.0,0.0,0.0,0.0,0.0,0.0,0.0,0.0,0.0,0.0,0.0,0.0,0.0,0.0,0.0,0.0,0.0,0.0,0.0,0.0,0.0,0.0,0.0,0.0,0.0,0.0,0.0,0.0,0.0,0.0,0.0,0.0,0.0,0.0,0.0,0.0,0.0,0.0,0.0,0.0,0.0,0.0,0.0,0.0,0.0,0.0,0.0,0.0,0.0,0.0,0.0,0.0,0.0,0.0,0.0,0.0,0.0,0.0,0.0,0.0,0.0,0.0,0.0,0.0,0.0,0.0,0.0,0.0,0.0,0.0,0.0,0.0,0.0,0.0,0.0,0.0,0.0,0.0,0.0,0.0,0.0,-277.3945617675781,0.0,33629.421875,21672.1533203125,0.0,0.0,0.0,0.0,0.0,0.0,0.0,0.0,FL
325809,FL,1205,0.03279637172818184,3,0.0,200254.0947265625,227812.5751953125,3,0,28444.48046875,0.0,193400.25,0.0,0.0,0.0,0.0,0.0,-230.0,0.0,230.0,0.0,-418.0,0.0,418.0,0.0,0.0,0.0,0.0,0.0,0.0,0.0,0.0,0.0,0.0,0.0,0.0,0.0,0.0,0.0,0.0,0.0,0.0,0.0,0.0,0.0,0.0,0.0,0.0,0.0,0.0,0.0,0.0,0.0,0.0,0.0,0.0,0.0,-126.251953125,0.0,126.25,0.0,0.0,0.0,0.0,0.0,0.0,0.0,0.0,0.0,0.0,0.0,0.0,0.0,0.0,0.0,0.0,0.0,0.0,0.0,0.0,0.0,0.0,0.0,0.0,0.0,0.0,0.0,0.0,0.0,0.0,0.0,0.0,0.0,0.0,0.0,0.0,0.0,0.0,0.0,0.0,0.0,27670.228515625,0.0,194174.5,0.0,-774.251953125,0.0,774.25,0.0,-2.7219760753782003,0.0,0.4003355801105499,0.0,FL
325810,FL,1205,158.41021728515625,1,0.0,1705.9580078125,1668.7723388671875,1,0,0.0,0.0,7399.1044921875,3596.039794921875,0.0,0.0,0.0,3596.039794921875,0.0,0.0,0.0,0.0,0.0,0.0,0.0,0.0,0.0,0.0,0.0,0.0,0.0,0.0,0.0,0.0,0.0,0.0,0.0,0.0,0.0,0.0,0.0,0.0,0.0,0.0,0.0,0.0,0.0,0.0,0.0,0.0,0.0,0.0,0.0,0.0,0.0,0.0,0.0,0.0,0.0,0.0,0.0,0.0,0.0,0.0,0.0,0.0,0.0,0.0,0.0,0.0,0.0,0.0,0.0,0.0,0.0,0.0,0.0,0.0,0.0,0.0,0.0,0.0,0.0,0.0,0.0,0.0,0.0,0.0,0.0,0.0,0.0,0.0,0.0,0.0,0.0,0.0,0.0,0.0,0.0,0.0,0.0,0.0,0.0,0.0,7399.1044921875,3596.039794921875,0.0,0.0,0.0,0.0,0.0,0.0,0.0,0.0,FL
325811,FL,1205,0.007069909479469061,4,2.0,512746.640625,1121714.625,4,0,305563.0,0.0,799700.625,0.0,0.0,0.0,0.0,0.0,-734.0,0.0,734.0,0.0,-703.0,0.0,703.0,0.0,0.0,0.0,0.0,0.0,0.0,0.0,0.0,0.0,0.0,0.0,0.0,0.0,0.0,0.0,0.0,0.0,-1850.0,0.0,1850.0,0.0,0.0,0.0,0.0,0.0,0.0,0.0,0.0,0.0,0.0,0.0,0.0,0.0,-740.0,0.0,740.0,0.0,0.0,0.0,0.0,0.0,0.0,0.0,0.0,0.0,0.0,0.0,0.0,0.0,0.0,0.0,0.0,0.0,0.0,0.0,0.0,0.0,0.0,0.0,0.0,0.0,0.0,0.0,0.0,0.0,0.0,0.0,0.0,0.0,0.0,0.0,0.0,0.0,0.0,0.0,0.0,0.0,301536.0,0.0,803727.625,0.0,-4027.0,0.0,4027.0,0.0,-1.3178951640087315,0.0,0.5035634636878967,0.0,FL
325812,FL,1205,0.08452461659908295,5,3.0,54761.5390625,26655.537109375,5,0,-12491.125,0.0,78524.9765625,27995.41015625,8290.629638671875,0.0,0.0,36286.039794921875,0.0,0.0,0.0,0.0,0.0,0.0,0.0,0.0,0.0,0.0,0.0,0.0,0.0,0.0,0.0,0.0,0.0,0.0,0.0,0.0,0.0,0.0,0.0,0.0,0.0,0.0,0.0,0.0,0.0,0.0,0.0,0.0,0.0,0.0,0.0,0.0,0.0,0.0,0.0,0.0,0.0,0.0,0.0,0.0,0.0,0.0,0.0,0.0,0.0,0.0,0.0,0.0,0.0,0.0,0.0,0.0,0.0,0.0,0.0,0.0,0.0,0.0,0.0,0.0,0.0,0.0,0.0,0.0,0.0,0.0,0.0,0.0,0.0,0.0,0.0,0.0,0.0,0.0,0.0,0.0,0.0,0.0,0.0,0.0,-12491.125,0.0,78524.9765625,36286.039794921875,0.0,0.0,0.0,0.0,0.0,0.0,0.0,0.0,FL
325813,FL,1205,0.04271918907761574,5,3.0,173842.515625,184750.140625,3,2,20355.41796875,0.0,167100.421875,11509.7822265625,0.0,0.0,0.0,11509.7822265625,-230.0,0.0,230.0,0.0,-157.255859375,0.0,157.265625,0.0,0.0,0.0,0.0,0.0,3000.0,0.0,-3000.0,0.0,0.0,0.0,0.0,0.0,0.0,0.0,0.0,0.0,0.0,0.0,0.0,0.0,0.0,0.0,0.0,0.0,0.0,0.0,0.0,0.0,0.0,0.0,0.0,0.0,-440.0,0.0,440.0,0.0,0.0,0.0,0.0,0.0,0.0,0.0,0.0,0.0,0.0,0.0,0.0,0.0,0.0,0.0,0.0,0.0,0.0,0.0,0.0,0.0,0.0,0.0,0.0,0.0,0.0,0.0,0.0,0.0,0.0,0.0,0.0,0.0,0.0,0.0,0.0,0.0,0.0,0.0,0.0,0.0,22528.162109375,0.0,164927.6875,11509.7822265625,2172.744140625,0.0,-2172.734375,0.0,10.674033537216655,0.0,-1.3002567291259766,0.0,FL
325814,FL,1205,0.06060250848531723,2,0.0,88942.375,94601.515625,2,0,8867.23828125,0.0,83942.21875,2825.12841796875,0.0,0.0,0.0,2825.12841796875,-115.0,0.0,115.0,0.0,0.0,0.0,0.0,0.0,0.0,0.0,0.0,0.0,0.0,0.0,0.0,0.0,0.0,0.0,0.0,0.0,0.0,0.0,0.0,0.0,-893.06591796875,0.0,893.0703125,0.0,0.0,0.0,0.0,0.0,0.0,0.0,0.0,0.0,0.0,0.0,0.0,0.0,0.0,0.0,0.0,0.0,0.0,0.0,0.0,0.0,0.0,0.0,0.0,0.0,0.0,0.0,0.0,0.0,0.0,0.0,0.0,0.0,0.0,0.0,0.0,0.0,-1061.26025390625,0.0,1061.2578125,0.0,0.0,0.0,0.0,0.0,0.0,0.0,0.0,0.0,0.0,0.0,0.0,0.0,0.0,0.0,0.0,0.0,6797.912109375,0.0,86011.546875,2825.12841796875,-2069.326171875,0.0,2069.328125,0.0,-23.33676062648099,0.0,2.465181589126587,0.0,FL
325815,FL,1205,0.03196931257843971,3,0.0,324048.09033203125,471567.41845703125,3,0,84281.4140625,0.0,381099.25,0.0,0.0,0.0,0.0,0.0,-292.0,0.0,292.0,0.0,-487.3515625,0.0,487.34375,0.0,0.0,0.0,0.0,0.0,0.0,0.0,0.0,0.0,0.0,0.0,0.0,0.0,0.0,0.0,0.0,0.0,0.0,0.0,0.0,0.0,0.0,0.0,0.0,0.0,0.0,0.0,0.0,0.0,0.0,0.0,0.0,0.0,-513.0,0.0,513.0,0.0,0.0,0.0,0.0,0.0,0.0,0.0,0.0,0.0,0.0,0.0,0.0,0.0,0.0,0.0,0.0,0.0,0.0,0.0,0.0,0.0,0.0,0.0,0.0,0.0,0.0,0.0,0.0,0.0,0.0,0.0,0.0,0.0,0.0,0.0,0.0,0.0,0.0,0.0,0.0,0.0,82989.0625,0.0,382391.59375,0.0,-1292.3515625,0.0,1292.34375,0.0,-1.533376696244844,0.0,0.33910951018333435,0.0,FL
325816,FL,1205,0.04071950167417526,1,0.0,45970.41015625,56696.7890625,1,0,4742.61474609375,0.0,56137.5234375,3269.824462890625,0.0,0.0,0.0,3269.824462890625,-5.0,0.0,5.0,0.0,-114.0,0.0,114.0,0.0,0.0,0.0,0.0,0.0,0.0,0.0,0.0,0.0,0.0,0.0,0.0,0.0,0.0,0.0,0.0,0.0,0.0,0.0,0.0,0.0,0.0,0.0,0.0,0.0,0.0,0.0,0.0,0.0,0.0,0.0,0.0,0.0,0.0,0.0,0.0,0.0,0.0,0.0,0.0,0.0,0.0,0.0,0.0,0.0,0.0,0.0,0.0,0.0,0.0,0.0,0.0,0.0,0.0,0.0,0.0,0.0,0.0,0.0,0.0,0.0,0.0,0.0,0.0,0.0,0.0,0.0,0.0,0.0,0.0,0.0,0.0,0.0,0.0,0.0,0.0,0.0,4623.61474609375,0.0,56256.5234375,3269.824462890625,-119.0,0.0,119.0,0.0,-2.5091643823275804,0.0,0.21197941899299622,0.0,FL
325817,FL,1205,0.041881412267684937,5,3.0,368702.59375,395330.5625,5,0,67288.4609375,0.0,307722.5,0.0,0.0,0.0,0.0,0.0,-292.0,0.0,292.0,0.0,-456.0,0.0,456.0,0.0,0.0,0.0,0.0,0.0,0.0,0.0,0.0,0.0,-400.0,0.0,400.0,0.0,0.0,0.0,0.0,0.0,-188.375,0.0,188.375,0.0,0.0,0.0,0.0,0.0,0.0,0.0,0.0,0.0,0.0,0.0,0.0,0.0,-480.0,0.0,480.0,0.0,0.0,0.0,0.0,0.0,0.0,0.0,0.0,0.0,0.0,0.0,0.0,0.0,0.0,0.0,0.0,0.0,0.0,0.0,0.0,0.0,0.0,0.0,0.0,0.0,0.0,0.0,0.0,0.0,0.0,0.0,0.0,0.0,0.0,0.0,0.0,0.0,0.0,0.0,0.0,0.0,65472.0859375,0.0,309538.875,0.0,-1816.375,0.0,1816.375,0.0,-2.699385562833895,0.0,0.5902639627456665,0.0,FL
325818,FL,1205,166.24610900878906,1,0.0,4100.69091796875,4100.69091796875,1,0,0.0,0.0,13858.119140625,3583.1396484375,0.0,0.0,0.0,3583.1396484375,0.0,0.0,0.0,0.0,0.0,0.0,0.0,0.0,0.0,0.0,0.0,0.0,0.0,0.0,0.0,0.0,0.0,0.0,0.0,0.0,0.0,0.0,0.0,0.0,0.0,0.0,0.0,0.0,0.0,0.0,0.0,0.0,0.0,0.0,0.0,0.0,0.0,0.0,0.0,0.0,0.0,0.0,0.0,0.0,0.0,0.0,0.0,0.0,0.0,0.0,0.0,0.0,0.0,0.0,0.0,0.0,0.0,0.0,0.0,0.0,0.0,0.0,0.0,0.0,0.0,0.0,0.0,0.0,0.0,0.0,0.0,0.0,0.0,0.0,0.0,0.0,0.0,0.0,0.0,0.0,0.0,0.0,0.0,0.0,0.0,0.0,13858.119140625,3583.1396484375,0.0,0.0,0.0,0.0,0.0,0.0,0.0,0.0,FL
325819,FL,1205,0.07813052833080292,3,1.0,60521.45703125,61215.96875,3,0,995.790771484375,0.0,70598.0859375,0.0,0.0,0.0,0.0,0.0,-10.0,0.0,10.0,0.0,-228.0,0.0,228.0,0.0,0.0,0.0,0.0,0.0,0.0,0.0,0.0,0.0,-200.0,0.0,200.0,0.0,0.0,0.0,0.0,0.0,0.0,0.0,0.0,0.0,0.0,0.0,0.0,0.0,0.0,0.0,0.0,0.0,0.0,0.0,0.0,0.0,-240.0,0.0,240.0,0.0,0.0,0.0,0.0,0.0,0.0,0.0,0.0,0.0,0.0,0.0,0.0,0.0,0.0,0.0,0.0,0.0,-237.5146484375,0.0,237.5078125,0.0,0.0,0.0,0.0,0.0,-168.2294921875,0.0,168.234375,0.0,0.0,0.0,0.0,0.0,0.0,0.0,0.0,0.0,0.0,0.0,0.0,0.0,-87.953369140625,0.0,71681.828125,0.0,-1083.744140625,0.0,1083.7421875,0.0,-108.83251498801474,0.0,1.53508722782135,0.0,FL
325820,FL,1205,0.04501880332827568,2,0.0,102844.375,104107.58984375,2,0,8344.4287109375,0.0,94852.484375,0.0,0.0,0.0,0.0,0.0,-10.0,0.0,10.0,0.0,-228.000244140625,0.0,228.0,0.0,0.0,0.0,0.0,0.0,0.0,0.0,0.0,0.0,0.0,0.0,0.0,0.0,0.0,0.0,0.0,0.0,-573.517822265625,0.0,573.515625,0.0,0.0,0.0,0.0,0.0,0.0,0.0,0.0,0.0,0.0,0.0,0.0,0.0,0.0,0.0,0.0,0.0,0.0,0.0,0.0,0.0,0.0,0.0,0.0,0.0,0.0,0.0,0.0,0.0,0.0,0.0,0.0,0.0,-375.305908203125,0.0,375.3125,0.0,0.0,0.0,0.0,0.0,0.0,0.0,0.0,0.0,0.0,0.0,0.0,0.0,0.0,0.0,0.0,0.0,0.0,0.0,0.0,0.0,7157.604736328125,0.0,96039.3125,0.0,-1186.823974609375,0.0,1186.828125,0.0,-14.222950614387056,0.0,1.2512357234954834,0.0,FL
325821,FL,1205,0.030246926471590996,4,2.0,55100.95703125,81691.26953125,4,0,-4583.399658203125,0.0,87124.15625,0.0,2763.543212890625,0.0,0.0,2763.543212890625,-7.0,0.0,7.0,0.0,-289.10009765625,0.0,289.1015625,0.0,0.0,0.0,0.0,0.0,0.0,0.0,0.0,0.0,-295.119140625,0.0,295.125,0.0,0.0,0.0,0.0,0.0,0.0,0.0,0.0,0.0,0.0,0.0,0.0,0.0,0.0,0.0,0.0,0.0,0.0,0.0,0.0,0.0,0.0,0.0,0.0,0.0,0.0,0.0,0.0,0.0,0.0,0.0,0.0,0.0,0.0,0.0,0.0,0.0,0.0,0.0,0.0,0.0,0.0,0.0,0.0,0.0,0.0,0.0,0.0,0.0,-8.405029296875,0.0,8.3984375,0.0,0.0,0.0,0.0,0.0,0.0,0.0,0.0,0.0,0.0,0.0,0.0,0.0,-5183.02392578125,0.0,87723.78125,2763.543212890625,-599.624267578125,0.0,599.625,0.0,-13.08252197699909,0.0,0.6882419586181641,0.0,FL
325822,FL,1205,206.1004180908203,1,0.0,0.0,0.0,1,0,0.0,0.0,8406.927734375,3926.039794921875,0.0,0.0,0.0,3926.039794921875,0.0,0.0,0.0,0.0,0.0,0.0,0.0,0.0,0.0,0.0,0.0,0.0,0.0,0.0,0.0,0.0,0.0,0.0,0.0,0.0,0.0,0.0,0.0,0.0,0.0,0.0,0.0,0.0,0.0,0.0,0.0,0.0,0.0,0.0,0.0,0.0,0.0,0.0,0.0,0.0,0.0,0.0,0.0,0.0,0.0,0.0,0.0,0.0,0.0,0.0,0.0,0.0,0.0,0.0,0.0,0.0,0.0,0.0,0.0,0.0,0.0,0.0,0.0,0.0,0.0,0.0,0.0,0.0,0.0,0.0,0.0,0.0,0.0,0.0,0.0,0.0,0.0,0.0,0.0,0.0,0.0,0.0,0.0,0.0,0.0,0.0,8406.927734375,3926.039794921875,0.0,0.0,0.0,0.0,0.0,0.0,0.0,0.0,FL
325823,FL,1205,0.032389309257268906,1,0.0,39198.0546875,39198.0546875,1,0,2642.7666015625,0.0,36409.9921875,0.0,0.0,0.0,0.0,0.0,-5.0,0.0,5.0,0.0,-114.0,0.0,114.0,0.0,0.0,0.0,0.0,0.0,0.0,0.0,0.0,0.0,0.0,0.0,0.0,0.0,0.0,0.0,0.0,0.0,0.0,0.0,0.0,0.0,0.0,0.0,0.0,0.0,0.0,0.0,0.0,0.0,0.0,0.0,0.0,0.0,0.0,0.0,0.0,0.0,0.0,0.0,0.0,0.0,0.0,0.0,0.0,0.0,0.0,0.0,0.0,0.0,0.0,0.0,0.0,0.0,0.0,0.0,0.0,0.0,0.0,0.0,0.0,0.0,0.0,0.0,0.0,0.0,0.0,0.0,0.0,0.0,0.0,0.0,0.0,0.0,0.0,0.0,0.0,0.0,2523.7666015625,0.0,36528.9921875,0.0,-119.0,0.0,119.0,0.0,-4.502856965486202,0.0,0.3268333673477173,0.0,FL
325824,FL,1205,0.04176609218120575,1,0.0,67603.78125,586359.125,1,0,110709.046875,0.0,471539.25,0.0,0.0,0.0,0.0,0.0,0.0,0.0,0.0,0.0,0.0,0.0,0.0,0.0,0.0,0.0,0.0,0.0,0.0,0.0,0.0,0.0,0.0,0.0,0.0,0.0,0.0,0.0,0.0,0.0,0.0,0.0,0.0,0.0,0.0,0.0,0.0,0.0,0.0,0.0,0.0,0.0,0.0,0.0,0.0,0.0,0.0,0.0,0.0,0.0,0.0,0.0,0.0,0.0,0.0,0.0,0.0,0.0,0.0,0.0,0.0,0.0,0.0,0.0,0.0,0.0,0.0,0.0,0.0,0.0,0.0,0.0,0.0,0.0,0.0,0.0,0.0,0.0,0.0,0.0,0.0,0.0,0.0,0.0,0.0,0.0,0.0,0.0,0.0,0.0,110709.046875,0.0,471539.25,0.0,0.0,0.0,0.0,0.0,0.0,0.0,0.0,0.0,FL
325825,FL,1205,0.046681251376867294,2,0.0,58281.7109375,168376.75,2,0,19169.408203125,0.0,233355.015625,73898.03125,0.0,0.0,0.0,73898.03125,-230.0,0.0,230.0,0.0,-418.001953125,0.0,418.0,0.0,0.0,0.0,0.0,0.0,0.0,0.0,0.0,0.0,0.0,0.0,0.0,0.0,0.0,0.0,0.0,0.0,0.0,0.0,0.0,0.0,0.0,0.0,0.0,0.0,0.0,0.0,0.0,0.0,0.0,0.0,0.0,0.0,-440.0,0.0,440.0,0.0,0.0,0.0,0.0,0.0,0.0,0.0,0.0,0.0,0.0,0.0,0.0,0.0,0.0,0.0,0.0,0.0,0.0,0.0,0.0,0.0,-2397.4267578125,0.0,2397.421875,0.0,0.0,0.0,0.0,0.0,0.0,0.0,0.0,0.0,0.0,0.0,0.0,0.0,0.0,0.0,0.0,0.0,15683.9794921875,0.0,236840.4375,73898.03125,-3485.4287109375,0.0,3485.421875,0.0,-18.18224472036286,0.0,1.4936134815216064,0.0,FL
325826,FL,1205,76.71674346923828,1,0.0,2079.556640625,40108.1015625,1,0,2505.97216796875,0.0,66023.7734375,17630.89453125,0.0,0.0,0.0,17630.89453125,-5.0,0.0,5.0,0.0,-114.0,0.0,114.0,0.0,0.0,0.0,0.0,0.0,0.0,0.0,0.0,0.0,0.0,0.0,0.0,0.0,0.0,0.0,0.0,0.0,0.0,0.0,0.0,0.0,0.0,0.0,0.0,0.0,0.0,0.0,0.0,0.0,0.0,0.0,0.0,0.0,0.0,0.0,0.0,0.0,0.0,0.0,0.0,0.0,0.0,0.0,0.0,0.0,0.0,0.0,0.0,0.0,0.0,0.0,0.0,0.0,0.0,0.0,0.0,0.0,-720.0,0.0,720.0,0.0,0.0,0.0,0.0,0.0,0.0,0.0,0.0,0.0,0.0,0.0,0.0,0.0,0.0,0.0,0.0,0.0,1666.97216796875,0.0,66862.7734375,17630.89453125,-839.0,0.0,839.0,0.0,-33.480020677167495,0.0,1.270754337310791,0.0,FL
325827,FL,1205,0.024623025208711624,3,1.0,185030.796875,211492.90625,3,0,26040.7578125,0.0,178133.234375,0.0,0.0,0.0,0.0,0.0,-230.0,0.0,230.0,0.0,-418.0,0.0,418.0,0.0,0.0,0.0,0.0,0.0,0.0,0.0,0.0,0.0,-200.0,0.0,200.0,0.0,0.0,0.0,0.0,0.0,-265.9921875,0.0,266.0,0.0,0.0,0.0,0.0,0.0,0.0,0.0,0.0,0.0,0.0,0.0,0.0,0.0,-440.0,0.0,440.0,0.0,0.0,0.0,0.0,0.0,0.0,0.0,0.0,0.0,0.0,0.0,0.0,0.0,0.0,0.0,0.0,0.0,0.0,0.0,0.0,0.0,0.0,0.0,0.0,0.0,0.0,0.0,0.0,0.0,0.0,0.0,0.0,0.0,0.0,0.0,0.0,0.0,0.0,0.0,0.0,0.0,24486.765625,0.0,179687.234375,0.0,-1553.9921875,0.0,1554.0,0.0,-5.967538267085521,0.0,0.8723807334899902,0.0,FL
325828,FL,1205,0.036393072456121445,5,3.0,486983.052734375,1201888.375,5,0,276852.25,0.0,921906.375,0.0,0.0,0.0,0.0,0.0,-749.0,0.0,749.0,0.0,0.0,0.0,0.0,0.0,0.0,0.0,0.0,0.0,0.0,0.0,0.0,0.0,0.0,0.0,0.0,0.0,0.0,0.0,0.0,0.0,-1910.3125,0.0,1910.3125,0.0,0.0,0.0,0.0,0.0,0.0,0.0,0.0,0.0,0.0,0.0,0.0,0.0,-659.1875,0.0,659.1875,0.0,0.0,0.0,0.0,0.0,0.0,0.0,0.0,0.0,0.0,0.0,0.0,0.0,0.0,0.0,0.0,0.0,0.0,0.0,0.0,0.0,0.0,0.0,0.0,0.0,0.0,0.0,0.0,0.0,0.0,0.0,0.0,0.0,0.0,0.0,0.0,0.0,0.0,0.0,0.0,0.0,273533.75,0.0,925224.875,0.0,-3318.5,0.0,3318.5,0.0,-1.1986537945781548,0.0,0.3599606156349182,0.0,FL
325829,FL,1205,0.03985748067498207,5,3.0,1189954.42578125,1217951.75,5,0,347639.875,0.0,855337.875,0.0,0.0,0.0,0.0,0.0,-734.0,0.0,734.0,0.0,0.0,0.0,0.0,0.0,0.0,0.0,0.0,0.0,0.0,0.0,0.0,0.0,0.0,0.0,0.0,0.0,0.0,0.0,0.0,0.0,-1738.90625,0.0,1738.875,0.0,0.0,0.0,0.0,0.0,0.0,0.0,0.0,0.0,0.0,0.0,0.0,0.0,0.0,0.0,0.0,0.0,0.0,0.0,0.0,0.0,0.0,0.0,0.0,0.0,0.0,0.0,0.0,0.0,0.0,0.0,0.0,0.0,0.0,0.0,0.0,0.0,0.0,0.0,0.0,0.0,0.0,0.0,0.0,0.0,0.0,0.0,0.0,0.0,0.0,0.0,0.0,0.0,0.0,0.0,0.0,0.0,345166.96875,0.0,857810.75,0.0,-2472.90625,0.0,2472.875,0.0,-0.7113413701463331,0.0,0.2891108989715576,0.0,FL
325830,FL,1205,218.36972045898438,1,0.0,0.0,8560.9619140625,1,0,0.0,0.0,55038.85546875,47892.015625,0.0,0.0,0.0,47892.015625,0.0,0.0,0.0,0.0,0.0,0.0,0.0,0.0,0.0,0.0,0.0,0.0,0.0,0.0,0.0,0.0,0.0,0.0,0.0,0.0,0.0,0.0,0.0,0.0,0.0,0.0,0.0,0.0,0.0,0.0,0.0,0.0,0.0,0.0,0.0,0.0,0.0,0.0,0.0,0.0,0.0,0.0,0.0,0.0,0.0,0.0,0.0,0.0,0.0,0.0,0.0,0.0,0.0,0.0,0.0,0.0,0.0,0.0,0.0,0.0,0.0,0.0,0.0,0.0,0.0,0.0,0.0,0.0,0.0,0.0,0.0,0.0,0.0,0.0,0.0,0.0,0.0,0.0,0.0,0.0,0.0,0.0,0.0,0.0,0.0,0.0,55038.85546875,47892.015625,0.0,0.0,0.0,0.0,0.0,0.0,0.0,0.0,FL
325831,FL,1205,0.03502463921904564,2,0.0,203770.4609375,502471.21875,2,0,82516.0234375,0.0,413120.84375,1217.4013671875,0.0,0.0,0.0,1217.4013671875,-230.0,0.0,230.0,0.0,-418.0,0.0,418.0,0.0,0.0,0.0,0.0,0.0,0.0,0.0,0.0,0.0,0.0,0.0,0.0,0.0,0.0,0.0,0.0,0.0,0.0,0.0,0.0,0.0,0.0,0.0,0.0,0.0,0.0,0.0,0.0,0.0,0.0,0.0,0.0,0.0,-440.0,0.0,440.0,0.0,0.0,0.0,0.0,0.0,0.0,0.0,0.0,0.0,0.0,0.0,0.0,0.0,0.0,0.0,0.0,0.0,0.0,0.0,0.0,0.0,0.0,0.0,0.0,0.0,0.0,0.0,0.0,0.0,0.0,0.0,0.0,0.0,0.0,0.0,0.0,0.0,0.0,0.0,0.0,0.0,81428.0234375,0.0,414208.84375,1217.4013671875,-1088.0,0.0,1088.0,0.0,-1.3185317889489456,0.0,0.2633611857891083,0.0,FL
325832,FL,1205,0.02239331230521202,2,0.0,141163.3046875,543936.875,2,0,93451.7890625,0.0,473136.65625,0.0,0.0,0.0,0.0,0.0,-292.0,0.0,292.0,0.0,-456.0,0.0,456.0,0.0,0.0,0.0,0.0,0.0,0.0,0.0,0.0,0.0,0.0,0.0,0.0,0.0,0.0,0.0,0.0,0.0,0.0,0.0,0.0,0.0,0.0,0.0,0.0,0.0,0.0,0.0,0.0,0.0,0.0,0.0,0.0,0.0,-480.015625,0.0,480.03125,0.0,0.0,0.0,0.0,0.0,0.0,0.0,0.0,0.0,0.0,0.0,0.0,0.0,0.0,0.0,0.0,0.0,0.0,0.0,0.0,0.0,0.0,0.0,0.0,0.0,0.0,0.0,0.0,0.0,0.0,0.0,0.0,0.0,0.0,0.0,0.0,0.0,0.0,0.0,0.0,0.0,92223.7734375,0.0,474364.6875,0.0,-1228.015625,0.0,1228.03125,0.0,-1.314063259055116,0.0,0.259551078081131,0.0,FL
325833,FL,1205,230.24278259277344,2,0.0,27377.51953125,41400.5,2,0,780.0499877929688,0.0,112392.2890625,40282.05859375,0.0,0.0,0.0,40282.05859375,0.0,0.0,0.0,0.0,-190.0,0.0,190.0,0.0,0.0,0.0,0.0,0.0,0.0,0.0,0.0,0.0,0.0,0.0,0.0,0.0,0.0,0.0,0.0,0.0,0.0,0.0,0.0,0.0,0.0,0.0,0.0,0.0,0.0,0.0,0.0,0.0,0.0,0.0,0.0,0.0,-23.04449462890625,0.0,23.046875,0.0,0.0,0.0,0.0,0.0,0.0,0.0,0.0,0.0,0.0,0.0,0.0,0.0,0.0,0.0,0.0,0.0,0.0,0.0,0.0,0.0,-567.0054931640625,0.0,567.0,0.0,0.0,0.0,0.0,0.0,0.0,0.0,0.0,0.0,0.0,0.0,0.0,0.0,0.0,0.0,0.0,0.0,0.0,0.0,113172.3359375,40282.05859375,-780.0499877929688,0.0,780.046875,0.0,-100.0,0.0,0.694039523601532,0.0,FL
325834,FL,1205,0.028931008651852608,2,0.0,48750.0,48750.0,2,0,1645.0,0.0,52848.84375,0.0,0.0,0.0,0.0,0.0,0.0,0.0,0.0,0.0,-190.0,0.0,190.0,0.0,0.0,0.0,0.0,0.0,0.0,0.0,0.0,0.0,0.0,0.0,0.0,0.0,0.0,0.0,0.0,0.0,0.0,0.0,0.0,0.0,0.0,0.0,0.0,0.0,0.0,0.0,0.0,0.0,0.0,0.0,0.0,0.0,0.0,0.0,0.0,0.0,0.0,0.0,0.0,0.0,0.0,0.0,0.0,0.0,0.0,0.0,0.0,0.0,0.0,0.0,0.0,0.0,0.0,0.0,0.0,0.0,0.0,0.0,0.0,0.0,0.0,0.0,0.0,0.0,0.0,0.0,0.0,0.0,0.0,0.0,0.0,0.0,0.0,0.0,0.0,0.0,1455.0,0.0,53038.84375,0.0,-190.0,0.0,190.0,0.0,-11.55015197568389,0.0,0.359515905380249,0.0,FL
325835,FL,1205,0.06154470890760422,1,0.0,75349.7734375,110491.890625,1,0,15351.2158203125,0.0,141400.59375,41343.66015625,0.0,0.0,0.0,41343.66015625,-115.0,0.0,115.0,0.0,-209.0,0.0,209.0,0.0,0.0,0.0,0.0,0.0,0.0,0.0,0.0,0.0,0.0,0.0,0.0,0.0,0.0,0.0,0.0,0.0,0.0,0.0,0.0,0.0,0.0,0.0,0.0,0.0,0.0,0.0,0.0,0.0,0.0,0.0,0.0,0.0,0.0,0.0,0.0,0.0,0.0,0.0,0.0,0.0,0.0,0.0,0.0,0.0,0.0,0.0,0.0,0.0,0.0,0.0,0.0,0.0,0.0,0.0,0.0,0.0,-851.5068359375,0.0,851.5,0.0,0.0,0.0,0.0,0.0,0.0,0.0,0.0,0.0,0.0,0.0,0.0,0.0,0.0,0.0,0.0,0.0,14175.708984375,0.0,142576.09375,41343.66015625,-1175.5068359375,0.0,1175.5,0.0,-7.657418472236491,0.0,0.8313261270523071,0.0,FL
325836,FL,1205,0.019989127293229103,2,0.0,669330.6328125,697888.8125,2,0,170501.234375,0.0,541506.3125,0.0,0.0,0.0,0.0,0.0,-749.0,0.0,749.0,0.0,0.0,0.0,0.0,0.0,0.0,0.0,0.0,0.0,0.0,0.0,0.0,0.0,0.0,0.0,0.0,0.0,0.0,0.0,0.0,0.0,-1750.0,0.0,1750.0,0.0,0.0,0.0,0.0,0.0,0.0,0.0,0.0,0.0,0.0,0.0,0.0,0.0,-460.984375,0.0,460.9375,0.0,0.0,0.0,0.0,0.0,0.0,0.0,0.0,0.0,0.0,0.0,0.0,0.0,0.0,0.0,0.0,0.0,0.0,0.0,0.0,0.0,0.0,0.0,0.0,0.0,0.0,0.0,0.0,0.0,0.0,0.0,0.0,0.0,0.0,0.0,0.0,0.0,0.0,0.0,0.0,0.0,167541.25,0.0,544466.25,0.0,-2959.984375,0.0,2959.9375,0.0,-1.7360486484747775,0.0,0.5466117858886719,0.0,FL
325837,FL,1205,62.351505279541016,1,0.0,0.0,0.0,1,0,0.0,0.0,56918.86328125,28603.2734375,0.0,0.0,0.0,28603.2734375,0.0,0.0,0.0,0.0,0.0,0.0,0.0,0.0,0.0,0.0,0.0,0.0,0.0,0.0,0.0,0.0,0.0,0.0,0.0,0.0,0.0,0.0,0.0,0.0,0.0,0.0,0.0,0.0,0.0,0.0,0.0,0.0,0.0,0.0,0.0,0.0,0.0,0.0,0.0,0.0,0.0,0.0,0.0,0.0,0.0,0.0,0.0,0.0,0.0,0.0,0.0,0.0,0.0,0.0,0.0,0.0,0.0,0.0,0.0,0.0,0.0,0.0,0.0,0.0,0.0,0.0,0.0,0.0,0.0,0.0,0.0,0.0,0.0,0.0,0.0,0.0,0.0,0.0,0.0,0.0,0.0,0.0,0.0,0.0,0.0,0.0,56918.86328125,28603.2734375,0.0,0.0,0.0,0.0,0.0,0.0,0.0,0.0,FL
325838,FL,1205,0.03596687689423561,1,0.0,125064.1875,497833.03125,1,0,117831.8671875,0.0,474618.1875,59946.78125,0.0,0.0,0.0,59946.78125,-362.25,0.0,362.25,0.0,-332.5,0.0,332.5,0.0,0.0,0.0,0.0,0.0,0.0,0.0,0.0,0.0,0.0,0.0,0.0,0.0,0.0,0.0,0.0,0.0,0.0,0.0,0.0,0.0,0.0,0.0,0.0,0.0,0.0,0.0,0.0,0.0,0.0,0.0,0.0,0.0,-350.0,0.0,350.0,0.0,0.0,0.0,0.0,0.0,0.0,0.0,0.0,0.0,0.0,0.0,0.0,0.0,0.0,0.0,0.0,0.0,0.0,0.0,0.0,0.0,0.0,0.0,0.0,0.0,0.0,0.0,0.0,0.0,0.0,0.0,0.0,0.0,0.0,0.0,0.0,0.0,0.0,0.0,0.0,0.0,116787.1171875,0.0,475662.9375,59946.78125,-1044.75,0.0,1044.75,0.0,-0.8866446954774476,0.0,0.22012430429458618,0.0,FL
325839,FL,1205,0.09323637932538986,2,0.0,0.0,14964.63671875,2,0,0.0,0.0,80751.328125,32893.34375,0.0,0.0,0.0,32893.34375,0.0,0.0,0.0,0.0,0.0,0.0,0.0,0.0,0.0,0.0,0.0,0.0,0.0,0.0,0.0,0.0,0.0,0.0,0.0,0.0,0.0,0.0,0.0,0.0,0.0,0.0,0.0,0.0,0.0,0.0,0.0,0.0,0.0,0.0,0.0,0.0,0.0,0.0,0.0,0.0,0.0,0.0,0.0,0.0,0.0,0.0,0.0,0.0,0.0,0.0,0.0,0.0,0.0,0.0,0.0,0.0,0.0,0.0,0.0,0.0,0.0,0.0,0.0,0.0,0.0,0.0,0.0,0.0,0.0,0.0,0.0,0.0,0.0,0.0,0.0,0.0,0.0,0.0,0.0,0.0,0.0,0.0,0.0,0.0,0.0,0.0,80751.328125,32893.34375,0.0,0.0,0.0,0.0,0.0,0.0,0.0,0.0,FL
325840,FL,1205,0.03107696957886219,2,0.0,147520.064453125,376642.75,2,0,62688.9453125,0.0,321405.3125,12244.5009765625,13231.8837890625,0.0,0.0,25476.384765625,-292.0,0.0,292.0,0.0,-183.6640625,0.0,183.65625,0.0,0.0,0.0,0.0,0.0,0.0,0.0,0.0,0.0,0.0,0.0,0.0,0.0,0.0,0.0,0.0,0.0,0.0,0.0,0.0,0.0,0.0,0.0,0.0,0.0,0.0,0.0,0.0,0.0,0.0,0.0,0.0,0.0,-480.0,0.0,480.0,0.0,0.0,0.0,0.0,0.0,0.0,0.0,0.0,0.0,0.0,0.0,0.0,0.0,0.0,0.0,0.0,0.0,0.0,0.0,0.0,0.0,0.0,0.0,0.0,0.0,0.0,0.0,0.0,0.0,0.0,0.0,0.0,0.0,0.0,0.0,0.0,0.0,0.0,0.0,0.0,0.0,61733.28125,0.0,322360.96875,25476.384765625,-955.6640625,0.0,955.65625,0.0,-1.5244538853478578,0.0,0.29733678698539734,0.0,FL
325841,FL,1205,0.11074366420507431,1,0.0,33227.51171875,33230.95703125,1,0,1926.71484375,0.0,28762.341796875,0.0,0.0,0.0,0.0,0.0,-5.0,0.0,5.0,0.0,-114.0,0.0,114.0,0.0,0.0,0.0,0.0,0.0,0.0,0.0,0.0,0.0,0.0,0.0,0.0,0.0,0.0,0.0,0.0,0.0,0.0,0.0,0.0,0.0,0.0,0.0,0.0,0.0,0.0,0.0,0.0,0.0,0.0,0.0,0.0,0.0,0.0,0.0,0.0,0.0,0.0,0.0,0.0,0.0,0.0,0.0,0.0,0.0,0.0,0.0,0.0,0.0,0.0,0.0,0.0,0.0,-745.4671630859375,0.0,745.466796875,0.0,0.0,0.0,0.0,0.0,0.0,0.0,0.0,0.0,0.0,0.0,0.0,0.0,0.0,0.0,0.0,0.0,0.0,0.0,0.0,0.0,1062.2476806640625,0.0,29626.80859375,0.0,-864.4671630859375,0.0,864.466796875,0.0,-44.86741594845501,0.0,3.0055508613586426,0.0,FL
325842,FL,1205,0.032769184559583664,4,2.0,694433.9111328125,986956.25,4,0,252033.140625,0.0,734192.25,0.0,0.0,0.0,0.0,0.0,-734.0,0.0,734.0,0.0,-703.0,0.0,703.0,0.0,0.0,0.0,0.0,0.0,0.0,0.0,0.0,0.0,0.0,0.0,0.0,0.0,0.0,0.0,0.0,0.0,-1850.0,0.0,1850.0,0.0,0.0,0.0,0.0,0.0,0.0,0.0,0.0,0.0,0.0,0.0,0.0,0.0,-739.703125,0.0,739.75,0.0,0.0,0.0,0.0,0.0,0.0,0.0,0.0,0.0,0.0,0.0,0.0,0.0,0.0,0.0,0.0,0.0,0.0,0.0,0.0,0.0,0.0,0.0,0.0,0.0,0.0,0.0,0.0,0.0,0.0,0.0,0.0,0.0,0.0,0.0,0.0,0.0,0.0,0.0,0.0,0.0,248006.4375,0.0,738219.0,0.0,-4026.703125,0.0,4026.75,0.0,-1.5976879528678056,0.0,0.5484598875045776,0.0,FL
325843,FL,1205,19.44913101196289,1,0.0,4687.6982421875,6855.0693359375,1,0,0.0,0.0,39289.21484375,16705.21875,0.0,0.0,0.0,16705.21875,0.0,0.0,0.0,0.0,0.0,0.0,0.0,0.0,0.0,0.0,0.0,0.0,0.0,0.0,0.0,0.0,0.0,0.0,0.0,0.0,0.0,0.0,0.0,0.0,0.0,0.0,0.0,0.0,0.0,0.0,0.0,0.0,0.0,0.0,0.0,0.0,0.0,0.0,0.0,0.0,0.0,0.0,0.0,0.0,0.0,0.0,0.0,0.0,0.0,0.0,0.0,0.0,0.0,0.0,0.0,0.0,0.0,0.0,0.0,0.0,0.0,0.0,0.0,0.0,0.0,0.0,0.0,0.0,0.0,0.0,0.0,0.0,0.0,0.0,0.0,0.0,0.0,0.0,0.0,0.0,0.0,0.0,0.0,0.0,0.0,0.0,39289.21484375,16705.21875,0.0,0.0,0.0,0.0,0.0,0.0,0.0,0.0,FL
325844,FL,1205,0.03931967541575432,8,5.0,226508.9921875,264215.2578125,8,0,25633.80517578125,0.0,308489.25,23083.87109375,0.0,0.0,11426.93359375,34510.8046875,-141.0,0.0,141.0,0.0,0.0,0.0,0.0,0.0,0.0,0.0,0.0,0.0,0.0,0.0,0.0,0.0,-381.44189453125,0.0,381.4375,0.0,0.0,0.0,0.0,0.0,0.0,0.0,0.0,0.0,0.0,0.0,0.0,0.0,0.0,0.0,0.0,0.0,0.0,0.0,0.0,0.0,0.0,0.0,0.0,0.0,0.0,0.0,0.0,0.0,0.0,0.0,0.0,0.0,0.0,0.0,0.0,0.0,0.0,0.0,0.0,0.0,0.0,0.0,0.0,0.0,0.0,0.0,0.0,0.0,0.0,0.0,0.0,0.0,0.0,0.0,0.0,0.0,0.0,0.0,0.0,0.0,0.0,0.0,0.0,0.0,25111.36328125,0.0,309011.6875,34510.8046875,-522.44189453125,0.0,522.4375,0.0,-2.038097313093616,0.0,0.16935354471206665,0.0,FL
325845,FL,1205,0.035497233271598816,1,0.0,0.0,723058.25,1,0,193154.078125,0.0,577044.0625,44077.234375,0.0,0.0,0.0,44077.234375,0.0,0.0,0.0,0.0,0.0,0.0,0.0,0.0,0.0,0.0,0.0,0.0,0.0,0.0,0.0,0.0,0.0,0.0,0.0,0.0,0.0,0.0,0.0,0.0,-2067.671875,0.0,2067.6875,0.0,0.0,0.0,0.0,0.0,0.0,0.0,0.0,0.0,0.0,0.0,0.0,0.0,0.0,0.0,0.0,0.0,0.0,0.0,0.0,0.0,0.0,0.0,0.0,0.0,0.0,0.0,0.0,0.0,0.0,0.0,0.0,0.0,0.0,0.0,0.0,0.0,0.0,0.0,0.0,0.0,0.0,0.0,0.0,0.0,0.0,0.0,0.0,0.0,0.0,0.0,0.0,0.0,0.0,0.0,0.0,0.0,191086.40625,0.0,579111.75,44077.234375,-2067.671875,0.0,2067.6875,0.0,-1.0704779806212026,0.0,0.3583240211009979,0.0,FL
325846,FL,1205,0.042305100709199905,3,0.0,267724.42578125,852596.3671875,3,0,187536.3662109375,0.0,729257.8125,64310.90625,0.0,0.0,0.0,64310.90625,-115.0,0.0,115.0,0.0,-209.0,0.0,209.0,0.0,0.0,0.0,0.0,0.0,0.0,0.0,0.0,0.0,0.0,0.0,0.0,0.0,0.0,0.0,0.0,0.0,0.0,0.0,0.0,0.0,0.0,0.0,0.0,0.0,0.0,0.0,0.0,0.0,0.0,0.0,0.0,0.0,0.0,0.0,0.0,0.0,0.0,0.0,0.0,0.0,0.0,0.0,0.0,0.0,0.0,0.0,0.0,0.0,0.0,0.0,0.0,0.0,0.0,0.0,0.0,0.0,-1284.90625,0.0,1284.9375,0.0,0.0,0.0,0.0,0.0,0.0,0.0,0.0,0.0,0.0,0.0,0.0,0.0,0.0,0.0,0.0,0.0,185927.4599609375,0.0,730866.75,64310.90625,-1608.90625,0.0,1608.9375,0.0,-0.8579169376622833,0.0,0.22062671184539795,0.0,FL
325847,FL,1205,0.4549870789051056,3,1.0,15060.726318359375,15060.726318359375,3,0,-6490.354553222656,0.0,38296.640625,12229.97265625,2763.543212890625,0.0,0.0,14993.515869140625,0.0,0.0,0.0,0.0,0.0,0.0,0.0,0.0,0.0,0.0,0.0,0.0,0.0,0.0,0.0,0.0,96.50732421875,0.0,-96.5078125,0.0,0.0,0.0,0.0,0.0,0.0,0.0,0.0,0.0,0.0,0.0,0.0,0.0,0.0,0.0,0.0,0.0,0.0,0.0,0.0,0.0,0.0,0.0,0.0,0.0,0.0,0.0,0.0,0.0,0.0,0.0,0.0,0.0,0.0,0.0,0.0,0.0,0.0,0.0,0.0,0.0,0.0,0.0,0.0,0.0,0.0,0.0,0.0,0.0,0.0,0.0,0.0,0.0,0.0,0.0,0.0,0.0,0.0,0.0,0.0,0.0,0.0,0.0,0.0,0.0,-6393.847229003906,0.0,38200.1328125,14993.515869140625,96.50732421875,0.0,-96.5078125,0.0,1.486934549220138,0.0,-0.25200071930885315,0.0,FL
325848,FL,1205,0.034312717616558075,2,0.0,276159.2734375,518947.4375,2,0,91998.3125,0.0,445630.0625,19357.361328125,0.0,0.0,0.0,19357.361328125,-292.0,0.0,292.0,0.0,-456.0,0.0,456.0,0.0,0.0,0.0,0.0,0.0,0.0,0.0,0.0,0.0,0.0,0.0,0.0,0.0,0.0,0.0,0.0,0.0,0.0,0.0,0.0,0.0,0.0,0.0,0.0,0.0,0.0,0.0,0.0,0.0,0.0,0.0,0.0,0.0,-480.0,0.0,480.0,0.0,0.0,0.0,0.0,0.0,0.0,0.0,0.0,0.0,0.0,0.0,0.0,0.0,0.0,0.0,0.0,0.0,0.0,0.0,0.0,0.0,0.0,0.0,0.0,0.0,0.0,0.0,0.0,0.0,0.0,0.0,0.0,0.0,0.0,0.0,0.0,0.0,0.0,0.0,0.0,0.0,90770.3125,0.0,446858.0625,19357.361328125,-1228.0,0.0,1228.0,0.0,-1.3348070922496542,0.0,0.27556487917900085,0.0,FL
325849,FL,1205,0.13307523727416992,3,1.0,28772.1484375,28772.1484375,2,1,-1800.0,0.0,55818.57421875,0.0,2763.543212890625,0.0,0.0,2763.543212890625,0.0,0.0,0.0,0.0,0.0,0.0,0.0,0.0,0.0,0.0,0.0,0.0,0.0,0.0,0.0,0.0,100.0,0.0,-100.0,0.0,0.0,0.0,0.0,0.0,0.0,0.0,0.0,0.0,0.0,0.0,0.0,0.0,0.0,0.0,0.0,0.0,0.0,0.0,0.0,0.0,0.0,0.0,0.0,0.0,0.0,0.0,0.0,0.0,0.0,0.0,0.0,0.0,0.0,0.0,0.0,0.0,0.0,0.0,0.0,0.0,0.0,0.0,0.0,0.0,0.0,0.0,0.0,0.0,0.0,0.0,0.0,0.0,0.0,0.0,0.0,0.0,0.0,0.0,0.0,0.0,0.0,0.0,0.0,0.0,-1700.0,0.0,55718.57421875,2763.543212890625,100.0,0.0,-100.0,0.0,5.555555555555555,0.0,-0.17915183305740356,0.0,FL
325850,FL,1205,0.04530124366283417,2,0.0,71773.0546875,171528.84375,2,0,19967.873046875,0.0,202808.109375,42701.7265625,0.0,0.0,0.0,42701.7265625,-230.0,0.0,230.0,0.0,-418.0,0.0,418.0,0.0,0.0,0.0,0.0,0.0,0.0,0.0,0.0,0.0,0.0,0.0,0.0,0.0,0.0,0.0,0.0,0.0,0.0,0.0,0.0,0.0,0.0,0.0,0.0,0.0,0.0,0.0,0.0,0.0,0.0,0.0,0.0,0.0,-440.0,0.0,440.0,0.0,0.0,0.0,0.0,0.0,0.0,0.0,0.0,0.0,0.0,0.0,0.0,0.0,0.0,0.0,0.0,0.0,0.0,0.0,0.0,0.0,-2355.818359375,0.0,2355.828125,0.0,0.0,0.0,0.0,0.0,0.0,0.0,0.0,0.0,0.0,0.0,0.0,0.0,0.0,0.0,0.0,0.0,16524.0546875,0.0,206251.9375,42701.7265625,-3443.818359375,0.0,3443.828125,0.0,-17.246796147444268,0.0,1.6980721950531006,0.0,FL
325851,FL,1205,0.032828155905008316,5,3.0,98099.837890625,106245.5546875,5,0,2430.94921875,0.0,118126.078125,0.0,0.0,22434.3359375,0.0,22434.3359375,-10.0,0.0,10.0,0.0,-228.0,0.0,228.0,0.0,0.0,0.0,0.0,0.0,0.0,0.0,0.0,0.0,-600.0,0.0,600.0,0.0,0.0,0.0,0.0,0.0,-404.81787109375,0.0,404.8203125,0.0,0.0,0.0,0.0,0.0,0.0,0.0,0.0,0.0,0.0,0.0,0.0,0.0,-146.7216796875,0.0,146.71875,0.0,0.0,0.0,0.0,0.0,0.0,0.0,0.0,0.0,0.0,0.0,0.0,0.0,0.0,0.0,0.0,0.0,0.0,0.0,0.0,0.0,0.0,0.0,0.0,0.0,-142.67529296875,0.0,142.671875,0.0,0.0,0.0,0.0,0.0,0.0,0.0,0.0,0.0,0.0,0.0,0.0,0.0,898.734375,0.0,119658.2890625,22434.3359375,-1532.21484375,0.0,1532.2109375,0.0,-63.02948790258435,0.0,1.29709792137146,0.0,FL
325852,FL,1205,0.029472677037119865,2,0.0,36533.8740234375,36533.8740234375,2,0,1711.098876953125,0.0,47880.29296875,11037.9765625,0.0,0.0,0.0,11037.9765625,-5.0,0.0,5.0,0.0,-114.0,0.0,114.0,0.0,0.0,0.0,0.0,0.0,0.0,0.0,0.0,0.0,0.0,0.0,0.0,0.0,0.0,0.0,0.0,0.0,0.0,0.0,0.0,0.0,0.0,0.0,0.0,0.0,0.0,0.0,0.0,0.0,0.0,0.0,0.0,0.0,0.0,0.0,0.0,0.0,0.0,0.0,0.0,0.0,0.0,0.0,0.0,0.0,0.0,0.0,0.0,0.0,0.0,0.0,0.0,0.0,-239.4644775390625,0.0,239.46484375,0.0,0.0,0.0,0.0,0.0,0.0,0.0,0.0,0.0,0.0,0.0,0.0,0.0,0.0,0.0,0.0,0.0,0.0,0.0,0.0,0.0,1352.6343994140625,0.0,48238.7578125,11037.9765625,-358.4644775390625,0.0,358.46484375,0.0,-20.949372497828044,0.0,0.7486688494682312,0.0,FL
325853,FL,1205,0.06101200729608536,3,0.0,51228.56640625,51228.56640625,3,0,2802.8868408203125,0.0,55843.80859375,5322.4169921875,0.0,3114.133056640625,0.0,8436.550048828125,-5.0,0.0,5.0,0.0,-114.0,0.0,114.0,0.0,0.0,0.0,0.0,0.0,0.0,0.0,0.0,0.0,0.0,0.0,0.0,0.0,0.0,0.0,0.0,0.0,0.0,0.0,0.0,0.0,0.0,0.0,0.0,0.0,0.0,0.0,0.0,0.0,0.0,0.0,0.0,0.0,0.0,0.0,0.0,0.0,0.0,0.0,0.0,0.0,0.0,0.0,0.0,0.0,0.0,0.0,0.0,0.0,0.0,0.0,0.0,0.0,0.0,0.0,0.0,0.0,0.0,0.0,0.0,0.0,0.0,0.0,0.0,0.0,0.0,0.0,0.0,0.0,0.0,0.0,0.0,0.0,0.0,0.0,0.0,0.0,2683.8868408203125,0.0,55962.80859375,8436.550048828125,-119.0,0.0,119.0,0.0,-4.245622701099578,0.0,0.21309435367584229,0.0,FL
325854,FL,1205,339.11181640625,2,0.0,3956.96875,3956.96875,2,0,0.0,0.0,14475.6943359375,6588.7177734375,0.0,0.0,0.0,6588.7177734375,0.0,0.0,0.0,0.0,0.0,0.0,0.0,0.0,0.0,0.0,0.0,0.0,0.0,0.0,0.0,0.0,0.0,0.0,0.0,0.0,0.0,0.0,0.0,0.0,0.0,0.0,0.0,0.0,0.0,0.0,0.0,0.0,0.0,0.0,0.0,0.0,0.0,0.0,0.0,0.0,0.0,0.0,0.0,0.0,0.0,0.0,0.0,0.0,0.0,0.0,0.0,0.0,0.0,0.0,0.0,0.0,0.0,0.0,0.0,0.0,0.0,0.0,0.0,0.0,0.0,0.0,0.0,0.0,0.0,0.0,0.0,0.0,0.0,0.0,0.0,0.0,0.0,0.0,0.0,0.0,0.0,0.0,0.0,0.0,0.0,0.0,14475.6943359375,6588.7177734375,0.0,0.0,0.0,0.0,0.0,0.0,0.0,0.0,FL
325855,FL,1205,0.02616014890372753,3,0.0,74879.478515625,209331.5,2,1,20596.949096679688,0.0,234027.40625,29874.20703125,0.0,0.0,0.0,29874.20703125,-230.0,0.0,230.0,0.0,-304.0,0.0,304.0,0.0,0.0,0.0,0.0,0.0,0.0,0.0,0.0,0.0,0.0,0.0,0.0,0.0,0.0,0.0,0.0,0.0,0.0,0.0,0.0,0.0,0.0,0.0,0.0,0.0,0.0,0.0,0.0,0.0,0.0,0.0,0.0,0.0,0.0,0.0,0.0,0.0,0.0,0.0,0.0,0.0,0.0,0.0,0.0,0.0,0.0,0.0,0.0,0.0,0.0,0.0,0.0,0.0,0.0,0.0,0.0,0.0,-1396.0820083618164,0.0,1396.078125,0.0,0.0,0.0,0.0,0.0,0.0,0.0,0.0,0.0,0.0,0.0,0.0,0.0,0.0,0.0,0.0,0.0,18666.86708831787,0.0,235957.484375,29874.20703125,-1930.0820083618164,0.0,1930.078125,0.0,-9.370717960714646,0.0,0.8247231245040894,0.0,FL
325856,FL,1205,0.02799905464053154,2,0.0,305450.62890625,935229.5625,0,2,188613.078125,0.0,744821.0625,0.0,0.0,0.0,0.0,0.0,0.0,0.0,0.0,0.0,0.0,0.0,0.0,0.0,0.0,0.0,0.0,0.0,0.0,0.0,0.0,0.0,0.0,0.0,0.0,0.0,0.0,0.0,0.0,0.0,-988.0625,0.0,988.0625,0.0,0.0,0.0,0.0,0.0,0.0,0.0,0.0,0.0,0.0,0.0,0.0,0.0,0.0,0.0,0.0,0.0,0.0,0.0,0.0,0.0,0.0,0.0,0.0,0.0,0.0,0.0,0.0,0.0,0.0,0.0,0.0,0.0,0.0,0.0,0.0,0.0,0.0,0.0,0.0,0.0,0.0,0.0,0.0,0.0,0.0,0.0,0.0,0.0,0.0,0.0,0.0,0.0,0.0,0.0,0.0,0.0,187625.015625,0.0,745809.125,0.0,-988.0625,0.0,988.0625,0.0,-0.523856834225026,0.0,0.1326577067375183,0.0,FL
325857,FL,1205,0.035680849105119705,3,0.0,87840.4365234375,87840.4365234375,3,0,5149.020660400391,0.0,77142.3046875,0.0,0.0,0.0,0.0,0.0,-5.0,0.0,5.0,0.0,-209.0,0.0,209.0,0.0,0.0,0.0,0.0,0.0,0.0,0.0,0.0,0.0,0.0,0.0,0.0,0.0,0.0,0.0,0.0,0.0,0.0,0.0,0.0,0.0,0.0,0.0,0.0,0.0,0.0,0.0,0.0,0.0,0.0,0.0,0.0,0.0,0.0,0.0,0.0,0.0,0.0,0.0,0.0,0.0,0.0,0.0,0.0,0.0,0.0,0.0,0.0,0.0,0.0,0.0,0.0,0.0,-109.57305908203125,0.0,109.5703125,0.0,-720.0,0.0,720.0,0.0,0.0,0.0,0.0,0.0,0.0,0.0,0.0,0.0,0.0,0.0,0.0,0.0,0.0,0.0,0.0,0.0,4105.447601318359,0.0,78185.875,0.0,-1043.5730590820312,0.0,1043.5703125,0.0,-20.2674086571034,0.0,1.3527859449386597,0.0,FL
325858,FL,1205,28.126874923706055,1,0.0,3042.408203125,3042.408203125,1,0,0.0,0.0,4013.75927734375,0.0,0.0,0.0,0.0,0.0,0.0,0.0,0.0,0.0,0.0,0.0,0.0,0.0,0.0,0.0,0.0,0.0,0.0,0.0,0.0,0.0,0.0,0.0,0.0,0.0,0.0,0.0,0.0,0.0,0.0,0.0,0.0,0.0,0.0,0.0,0.0,0.0,0.0,0.0,0.0,0.0,0.0,0.0,0.0,0.0,0.0,0.0,0.0,0.0,0.0,0.0,0.0,0.0,0.0,0.0,0.0,0.0,0.0,0.0,0.0,0.0,0.0,0.0,0.0,0.0,0.0,0.0,0.0,0.0,0.0,0.0,0.0,0.0,0.0,0.0,0.0,0.0,0.0,0.0,0.0,0.0,0.0,0.0,0.0,0.0,0.0,0.0,0.0,0.0,0.0,0.0,4013.75927734375,0.0,0.0,0.0,0.0,0.0,0.0,0.0,0.0,0.0,FL
325859,FL,1205,402.447998046875,2,0.0,0.0,110776.7578125,2,0,8775.2109375,0.0,111038.03125,0.0,0.0,0.0,0.0,0.0,-10.0,0.0,10.0,0.0,-228.0,0.0,228.0,0.0,0.0,0.0,0.0,0.0,0.0,0.0,0.0,0.0,0.0,0.0,0.0,0.0,0.0,0.0,0.0,0.0,0.0,0.0,0.0,0.0,0.0,0.0,0.0,0.0,0.0,0.0,0.0,0.0,0.0,0.0,0.0,0.0,0.0,0.0,0.0,0.0,0.0,0.0,0.0,0.0,0.0,0.0,0.0,0.0,0.0,0.0,0.0,0.0,0.0,0.0,0.0,0.0,0.0,0.0,0.0,0.0,-1440.0,0.0,1440.0,0.0,0.0,0.0,0.0,0.0,0.0,0.0,0.0,0.0,0.0,0.0,0.0,0.0,0.0,0.0,0.0,0.0,7097.2109375,0.0,112716.03125,0.0,-1678.0,0.0,1678.0,0.0,-19.12204745790477,0.0,1.511193871498108,0.0,FL
325860,FL,1205,0.07036115974187851,1,0.0,75886.8125,461213.34375,1,0,125253.640625,0.0,339475.375,0.0,0.0,0.0,0.0,0.0,-362.25,0.0,362.25,0.0,-332.5,0.0,332.5,0.0,0.0,0.0,0.0,0.0,0.0,0.0,0.0,0.0,0.0,0.0,0.0,0.0,0.0,0.0,0.0,0.0,0.0,0.0,0.0,0.0,0.0,0.0,0.0,0.0,0.0,0.0,0.0,0.0,0.0,0.0,0.0,0.0,-350.0,0.0,350.0,0.0,0.0,0.0,0.0,0.0,0.0,0.0,0.0,0.0,0.0,0.0,0.0,0.0,0.0,0.0,0.0,0.0,0.0,0.0,0.0,0.0,0.0,0.0,0.0,0.0,0.0,0.0,0.0,0.0,0.0,0.0,0.0,0.0,0.0,0.0,0.0,0.0,0.0,0.0,0.0,0.0,124208.890625,0.0,340520.125,0.0,-1044.75,0.0,1044.75,0.0,-0.834107491636034,0.0,0.3077542781829834,0.0,FL
325861,FL,1205,75.89617919921875,1,0.0,0.0,7488.69970703125,1,0,0.0,0.0,45527.26953125,19447.765625,0.0,0.0,0.0,19447.765625,0.0,0.0,0.0,0.0,0.0,0.0,0.0,0.0,0.0,0.0,0.0,0.0,0.0,0.0,0.0,0.0,0.0,0.0,0.0,0.0,0.0,0.0,0.0,0.0,0.0,0.0,0.0,0.0,0.0,0.0,0.0,0.0,0.0,0.0,0.0,0.0,0.0,0.0,0.0,0.0,0.0,0.0,0.0,0.0,0.0,0.0,0.0,0.0,0.0,0.0,0.0,0.0,0.0,0.0,0.0,0.0,0.0,0.0,0.0,0.0,0.0,0.0,0.0,0.0,0.0,0.0,0.0,0.0,0.0,0.0,0.0,0.0,0.0,0.0,0.0,0.0,0.0,0.0,0.0,0.0,0.0,0.0,0.0,0.0,0.0,0.0,45527.26953125,19447.765625,0.0,0.0,0.0,0.0,0.0,0.0,0.0,0.0,FL
325862,FL,1205,36.53990173339844,1,0.0,4425.73876953125,4425.73876953125,1,0,0.0,0.0,4087.169677734375,0.0,0.0,0.0,0.0,0.0,0.0,0.0,0.0,0.0,0.0,0.0,0.0,0.0,0.0,0.0,0.0,0.0,0.0,0.0,0.0,0.0,0.0,0.0,0.0,0.0,0.0,0.0,0.0,0.0,0.0,0.0,0.0,0.0,0.0,0.0,0.0,0.0,0.0,0.0,0.0,0.0,0.0,0.0,0.0,0.0,0.0,0.0,0.0,0.0,0.0,0.0,0.0,0.0,0.0,0.0,0.0,0.0,0.0,0.0,0.0,0.0,0.0,0.0,0.0,0.0,0.0,0.0,0.0,0.0,0.0,0.0,0.0,0.0,0.0,0.0,0.0,0.0,0.0,0.0,0.0,0.0,0.0,0.0,0.0,0.0,0.0,0.0,0.0,0.0,0.0,0.0,4087.169677734375,0.0,0.0,0.0,0.0,0.0,0.0,0.0,0.0,0.0,FL
325863,FL,1205,0.07666146010160446,4,2.0,28127.12890625,35724.16015625,4,0,-9299.908203125,0.0,75811.625,27649.462890625,2763.543212890625,0.0,0.0,30413.006103515625,0.0,0.0,0.0,0.0,0.0,0.0,0.0,0.0,0.0,0.0,0.0,0.0,0.0,0.0,0.0,0.0,200.0,0.0,-200.0,0.0,0.0,0.0,0.0,0.0,0.0,0.0,0.0,0.0,0.0,0.0,0.0,0.0,0.0,0.0,0.0,0.0,0.0,0.0,0.0,0.0,0.0,0.0,0.0,0.0,0.0,0.0,0.0,0.0,0.0,0.0,0.0,0.0,0.0,0.0,0.0,0.0,0.0,0.0,0.0,0.0,0.0,0.0,0.0,0.0,0.0,0.0,0.0,0.0,0.0,0.0,0.0,0.0,0.0,0.0,-26309.58203125,-26309.576049804688,0.0,0.0,0.0,0.0,0.0,0.0,0.0,0.0,-9099.908203125,0.0,49302.04296875,4103.4300537109375,200.0,0.0,-26509.58203125,-26309.576049804688,2.1505588617831197,0.0,-34.96770095825195,-86.50764728832051,FL
325864,FL,1205,0.05892990157008171,1,0.0,59677.51953125,80355.890625,1,0,8721.2958984375,0.0,97273.5546875,24327.494140625,0.0,0.0,0.0,24327.494140625,-115.0,0.0,115.0,0.0,-209.0,0.0,209.0,0.0,0.0,0.0,0.0,0.0,0.0,0.0,0.0,0.0,0.0,0.0,0.0,0.0,0.0,0.0,0.0,0.0,0.0,0.0,0.0,0.0,0.0,0.0,0.0,0.0,0.0,0.0,0.0,0.0,0.0,0.0,0.0,0.0,0.0,0.0,0.0,0.0,0.0,0.0,0.0,0.0,0.0,0.0,0.0,0.0,0.0,0.0,0.0,0.0,0.0,0.0,0.0,0.0,0.0,0.0,0.0,0.0,-1249.302734375,0.0,1249.3046875,0.0,0.0,0.0,0.0,0.0,0.0,0.0,0.0,0.0,0.0,0.0,0.0,0.0,0.0,0.0,0.0,0.0,7147.9931640625,0.0,98846.859375,24327.494140625,-1573.302734375,0.0,1573.3046875,0.0,-18.039781618427504,0.0,1.617402195930481,0.0,FL
325865,FL,1205,0.04202879220247269,1,0.0,109578.2109375,169264.3125,1,0,28767.212890625,0.0,147909.46875,33156.01953125,0.0,0.0,0.0,33156.01953125,-131.0,0.0,131.0,0.0,-228.0,0.0,228.0,0.0,0.0,0.0,0.0,0.0,0.0,0.0,0.0,0.0,0.0,0.0,0.0,0.0,0.0,0.0,0.0,0.0,0.0,0.0,0.0,0.0,0.0,0.0,0.0,0.0,0.0,0.0,0.0,0.0,0.0,0.0,0.0,0.0,0.0,0.0,0.0,0.0,0.0,0.0,0.0,0.0,0.0,0.0,0.0,0.0,0.0,0.0,0.0,0.0,0.0,0.0,0.0,0.0,0.0,0.0,0.0,0.0,-82.59375,0.0,82.59375,0.0,0.0,0.0,0.0,0.0,0.0,0.0,0.0,0.0,0.0,0.0,0.0,0.0,0.0,0.0,0.0,0.0,28325.619140625,0.0,148351.0625,33156.01953125,-441.59375,0.0,441.59375,0.0,-1.5350592067398778,0.0,0.29855677485466003,0.0,FL
325866,FL,1205,0.031163593754172325,5,3.0,1068254.125,1114802.375,3,2,324188.75,0.0,755219.5,0.0,0.0,0.0,0.0,0.0,-734.0,0.0,734.0,0.0,-703.0,0.0,703.0,0.0,0.0,0.0,0.0,0.0,0.0,0.0,0.0,0.0,0.0,0.0,0.0,0.0,0.0,0.0,0.0,0.0,-1850.0,0.0,1850.0,0.0,0.0,0.0,0.0,0.0,0.0,0.0,0.0,0.0,0.0,0.0,0.0,0.0,-574.875,0.0,574.875,0.0,0.0,0.0,0.0,0.0,0.0,0.0,0.0,0.0,0.0,0.0,0.0,0.0,0.0,0.0,0.0,0.0,0.0,0.0,0.0,0.0,0.0,0.0,0.0,0.0,0.0,0.0,0.0,0.0,0.0,0.0,0.0,0.0,0.0,0.0,0.0,0.0,0.0,0.0,0.0,0.0,320326.875,0.0,759081.375,0.0,-3861.875,0.0,3861.875,0.0,-1.1912427559562138,0.0,0.5113579034805298,0.0,FL
325867,FL,1205,299.1438293457031,2,0.0,25249.2294921875,25249.2294921875,2,0,0.0,0.0,29239.791015625,5320.07958984375,0.0,0.0,0.0,5320.07958984375,0.0,0.0,0.0,0.0,0.0,0.0,0.0,0.0,0.0,0.0,0.0,0.0,0.0,0.0,0.0,0.0,0.0,0.0,0.0,0.0,0.0,0.0,0.0,0.0,0.0,0.0,0.0,0.0,0.0,0.0,0.0,0.0,0.0,0.0,0.0,0.0,0.0,0.0,0.0,0.0,0.0,0.0,0.0,0.0,0.0,0.0,0.0,0.0,0.0,0.0,0.0,0.0,0.0,0.0,0.0,0.0,0.0,0.0,0.0,0.0,0.0,0.0,0.0,0.0,0.0,0.0,0.0,0.0,0.0,0.0,0.0,0.0,0.0,0.0,0.0,0.0,0.0,0.0,0.0,0.0,0.0,0.0,0.0,0.0,0.0,0.0,29239.791015625,5320.07958984375,0.0,0.0,0.0,0.0,0.0,0.0,0.0,0.0,FL
325868,FL,1205,0.03896656632423401,2,0.0,71653.875,543572.0625,2,0,114099.5625,0.0,424563.09375,0.0,0.0,0.0,0.0,0.0,-764.0,0.0,764.0,0.0,-622.890625,0.0,622.90625,0.0,0.0,0.0,0.0,0.0,0.0,0.0,0.0,0.0,0.0,0.0,0.0,0.0,0.0,0.0,0.0,0.0,0.0,0.0,0.0,0.0,0.0,0.0,0.0,0.0,0.0,0.0,0.0,0.0,0.0,0.0,0.0,0.0,-1022.21875,0.0,1022.21875,0.0,0.0,0.0,0.0,0.0,0.0,0.0,0.0,0.0,0.0,0.0,0.0,0.0,0.0,0.0,0.0,0.0,0.0,0.0,0.0,0.0,0.0,0.0,0.0,0.0,0.0,0.0,0.0,0.0,0.0,0.0,0.0,0.0,0.0,0.0,0.0,0.0,0.0,0.0,0.0,0.0,111690.453125,0.0,426972.21875,0.0,-2409.109375,0.0,2409.125,0.0,-2.111409826834349,0.0,0.5674362778663635,0.0,FL
325869,FL,1205,0.04733509197831154,3,1.0,98662.1875,86235.1640625,3,0,4226.2197265625,0.0,87049.78125,0.0,0.0,0.0,0.0,0.0,-10.0,0.0,10.0,0.0,-228.0,0.0,228.0,0.0,0.0,0.0,0.0,0.0,0.0,0.0,0.0,0.0,-200.0,0.0,200.0,0.0,0.0,0.0,0.0,0.0,0.0,0.0,0.0,0.0,0.0,0.0,0.0,0.0,0.0,0.0,0.0,0.0,0.0,0.0,0.0,0.0,0.0,0.0,0.0,0.0,0.0,0.0,0.0,0.0,0.0,0.0,0.0,0.0,0.0,0.0,0.0,0.0,0.0,0.0,0.0,0.0,0.0,0.0,0.0,0.0,0.0,0.0,0.0,0.0,-23.3466796875,0.0,23.34375,0.0,0.0,0.0,0.0,0.0,0.0,0.0,0.0,0.0,0.0,0.0,0.0,0.0,3764.873046875,0.0,87511.125,0.0,-461.3466796875,0.0,461.34375,0.0,-10.916296585051144,0.0,0.5299769639968872,0.0,FL
325870,FL,1205,0.0016119591891765594,2,0.0,102164.25390625,68761.63671875,2,0,3883.396484375,0.0,69616.9296875,6076.6533203125,0.0,6477.595703125,0.0,12554.2490234375,-10.0,0.0,10.0,0.0,-228.0001220703125,0.0,228.0,0.0,0.0,0.0,0.0,0.0,0.0,0.0,0.0,0.0,0.0,0.0,0.0,0.0,0.0,0.0,0.0,0.0,0.0,0.0,0.0,0.0,0.0,0.0,0.0,0.0,0.0,0.0,0.0,0.0,0.0,0.0,0.0,0.0,0.0,0.0,0.0,0.0,0.0,0.0,0.0,0.0,0.0,0.0,0.0,0.0,0.0,0.0,0.0,0.0,0.0,0.0,0.0,0.0,0.0,0.0,0.0,0.0,0.0,0.0,0.0,0.0,0.0,0.0,0.0,0.0,0.0,0.0,0.0,0.0,0.0,0.0,0.0,0.0,0.0,0.0,0.0,0.0,3645.3963623046875,0.0,69854.9296875,12554.2490234375,-238.0001220703125,0.0,238.0,0.0,-6.128658843564272,0.0,0.34187087416648865,0.0,FL
325871,FL,1205,0.03602190315723419,3,0.0,87756.47265625,107111.328125,3,0,8499.146682739258,0.0,96506.203125,389.11334228515625,0.0,5689.60546875,0.0,6078.718811035156,-115.0,0.0,115.0,0.0,-279.5451202392578,0.0,279.546875,0.0,0.0,0.0,0.0,0.0,0.0,0.0,0.0,0.0,0.0,0.0,0.0,0.0,0.0,0.0,0.0,0.0,-248.38720703125,0.0,248.390625,0.0,0.0,0.0,0.0,0.0,0.0,0.0,0.0,0.0,0.0,0.0,0.0,0.0,0.0,0.0,0.0,0.0,0.0,0.0,0.0,0.0,0.0,0.0,0.0,0.0,0.0,0.0,0.0,0.0,0.0,0.0,0.0,0.0,0.0,0.0,0.0,0.0,0.0,0.0,0.0,0.0,-68.4833984375,0.0,68.484375,0.0,0.0,0.0,0.0,0.0,0.0,0.0,0.0,0.0,0.0,0.0,0.0,0.0,7787.73095703125,0.0,97217.625,6078.718811035156,-711.4157257080078,0.0,711.421875,0.0,-8.370437083440475,0.0,0.7371773719787598,0.0,FL
325872,FL,1205,0.030767513439059258,1,0.0,77601.078125,509949.96875,1,0,93469.9453125,0.0,415059.46875,0.0,0.0,0.0,0.0,0.0,-131.0,0.0,131.0,0.0,-228.0,0.0,228.0,0.0,0.0,0.0,0.0,0.0,0.0,0.0,0.0,0.0,0.0,0.0,0.0,0.0,0.0,0.0,0.0,0.0,0.0,0.0,0.0,0.0,0.0,0.0,0.0,0.0,0.0,0.0,0.0,0.0,0.0,0.0,0.0,0.0,-240.0,0.0,240.0,0.0,0.0,0.0,0.0,0.0,0.0,0.0,0.0,0.0,0.0,0.0,0.0,0.0,0.0,0.0,0.0,0.0,0.0,0.0,0.0,0.0,0.0,0.0,0.0,0.0,0.0,0.0,0.0,0.0,0.0,0.0,0.0,0.0,0.0,0.0,0.0,0.0,0.0,0.0,0.0,0.0,92870.9453125,0.0,415658.46875,0.0,-599.0,0.0,599.0,0.0,-0.6408477056420124,0.0,0.1443166583776474,0.0,FL
325873,FL,1205,155.26979064941406,1,0.0,4020.503173828125,4020.503173828125,1,0,0.0,0.0,7714.2099609375,3596.039794921875,0.0,0.0,0.0,3596.039794921875,0.0,0.0,0.0,0.0,0.0,0.0,0.0,0.0,0.0,0.0,0.0,0.0,0.0,0.0,0.0,0.0,0.0,0.0,0.0,0.0,0.0,0.0,0.0,0.0,0.0,0.0,0.0,0.0,0.0,0.0,0.0,0.0,0.0,0.0,0.0,0.0,0.0,0.0,0.0,0.0,0.0,0.0,0.0,0.0,0.0,0.0,0.0,0.0,0.0,0.0,0.0,0.0,0.0,0.0,0.0,0.0,0.0,0.0,0.0,0.0,0.0,0.0,0.0,0.0,0.0,0.0,0.0,0.0,0.0,0.0,0.0,0.0,0.0,0.0,0.0,0.0,0.0,0.0,0.0,0.0,0.0,0.0,0.0,0.0,0.0,0.0,7714.2099609375,3596.039794921875,0.0,0.0,0.0,0.0,0.0,0.0,0.0,0.0,FL
325874,FL,1205,125.23951721191406,5,3.0,0.0,0.0,5,0,0.0,0.0,15484.2890625,3392.88671875,12091.40185546875,0.0,0.0,15484.28857421875,0.0,0.0,0.0,0.0,0.0,0.0,0.0,0.0,0.0,0.0,0.0,0.0,0.0,0.0,0.0,0.0,0.0,0.0,0.0,0.0,0.0,0.0,0.0,0.0,0.0,0.0,0.0,0.0,0.0,0.0,0.0,0.0,0.0,0.0,0.0,0.0,0.0,0.0,0.0,0.0,0.0,0.0,0.0,0.0,0.0,0.0,0.0,0.0,0.0,0.0,0.0,0.0,0.0,0.0,0.0,0.0,0.0,0.0,0.0,0.0,0.0,0.0,0.0,0.0,0.0,0.0,0.0,0.0,0.0,0.0,0.0,0.0,0.0,0.0,0.0,0.0,0.0,0.0,0.0,0.0,0.0,0.0,0.0,0.0,0.0,0.0,15484.2890625,15484.28857421875,0.0,0.0,0.0,0.0,0.0,0.0,0.0,0.0,FL
325875,FL,1205,0.03726077824831009,4,1.0,232730.43359375,232757.45703125,4,0,20253.818359375,0.0,194699.75,0.0,0.0,0.0,0.0,0.0,-267.0,0.0,267.0,0.0,-647.5,0.0,647.5,0.0,0.0,0.0,0.0,0.0,0.0,0.0,0.0,0.0,-200.0,0.0,200.0,0.0,0.0,0.0,0.0,0.0,0.0,0.0,0.0,0.0,0.0,0.0,0.0,0.0,0.0,0.0,0.0,0.0,0.0,0.0,0.0,0.0,0.0,0.0,0.0,0.0,0.0,0.0,0.0,0.0,0.0,0.0,0.0,0.0,0.0,0.0,0.0,0.0,0.0,0.0,0.0,0.0,0.0,0.0,0.0,0.0,-720.0,0.0,720.0,0.0,0.0,0.0,0.0,0.0,0.0,0.0,0.0,0.0,0.0,0.0,0.0,0.0,0.0,0.0,0.0,0.0,18419.318359375,0.0,196534.25,0.0,-1834.5,0.0,1834.5,0.0,-9.057551358708887,0.0,0.9422199726104736,0.0,FL
325876,FL,1205,0.033497851341962814,1,0.0,79828.75,498724.40625,1,0,93094.6015625,0.0,417089.75,15275.5302734375,0.0,0.0,0.0,15275.5302734375,-131.0,0.0,131.0,0.0,-228.0,0.0,228.0,0.0,0.0,0.0,0.0,0.0,0.0,0.0,0.0,0.0,0.0,0.0,0.0,0.0,0.0,0.0,0.0,0.0,-1172.7265625,0.0,1172.71875,0.0,0.0,0.0,0.0,0.0,0.0,0.0,0.0,0.0,0.0,0.0,0.0,0.0,0.0,0.0,0.0,0.0,0.0,0.0,0.0,0.0,0.0,0.0,0.0,0.0,0.0,0.0,0.0,0.0,0.0,0.0,0.0,0.0,0.0,0.0,0.0,0.0,0.0,0.0,0.0,0.0,0.0,0.0,0.0,0.0,0.0,0.0,0.0,0.0,0.0,0.0,0.0,0.0,0.0,0.0,0.0,0.0,91562.875,0.0,418621.46875,15275.5302734375,-1531.7265625,0.0,1531.71875,0.0,-1.645344130370073,0.0,0.3672395944595337,0.0,FL
325877,FL,1205,0.0287074763327837,2,0.0,299242.78125,1150018.0,2,0,207126.78125,0.0,938693.875,0.0,0.0,0.0,0.0,0.0,-749.0,0.0,749.0,0.0,0.0,0.0,0.0,0.0,0.0,0.0,0.0,0.0,0.0,0.0,0.0,0.0,0.0,0.0,0.0,0.0,0.0,0.0,0.0,0.0,0.0,0.0,0.0,0.0,0.0,0.0,0.0,0.0,0.0,0.0,0.0,0.0,0.0,0.0,0.0,0.0,0.0,0.0,0.0,0.0,0.0,0.0,0.0,0.0,0.0,0.0,0.0,0.0,0.0,0.0,0.0,0.0,0.0,0.0,0.0,0.0,0.0,0.0,0.0,0.0,0.0,0.0,0.0,0.0,0.0,0.0,0.0,0.0,0.0,0.0,0.0,0.0,0.0,0.0,0.0,0.0,0.0,0.0,0.0,0.0,206377.78125,0.0,939442.875,0.0,-749.0,0.0,749.0,0.0,-0.36161427096960697,0.0,0.07979171723127365,0.0,FL
325878,FL,1205,0.036477867513895035,1,0.0,79828.75,93202.0625,1,0,11547.4541015625,0.0,93641.0078125,15733.3056640625,0.0,0.0,0.0,15733.3056640625,-115.0,0.0,115.0,0.0,-209.0,0.0,209.0,0.0,0.0,0.0,0.0,0.0,0.0,0.0,0.0,0.0,0.0,0.0,0.0,0.0,0.0,0.0,0.0,0.0,0.0,0.0,0.0,0.0,0.0,0.0,0.0,0.0,0.0,0.0,0.0,0.0,0.0,0.0,0.0,0.0,0.0,0.0,0.0,0.0,0.0,0.0,0.0,0.0,0.0,0.0,0.0,0.0,0.0,0.0,0.0,0.0,0.0,0.0,0.0,0.0,0.0,0.0,0.0,0.0,-1079.732421875,0.0,1079.7265625,0.0,0.0,0.0,0.0,0.0,0.0,0.0,0.0,0.0,0.0,0.0,0.0,0.0,0.0,0.0,0.0,0.0,10143.7216796875,0.0,95044.734375,15733.3056640625,-1403.732421875,0.0,1403.7265625,0.0,-12.156206983191726,0.0,1.4990510940551758,0.0,FL
325879,FL,1205,0.018825052306056023,3,0.0,250923.22265625,278476.83203125,3,0,39433.029296875,0.0,260294.75,27936.8359375,0.0,5978.56689453125,0.0,33915.40283203125,-141.0,0.0,141.0,0.0,-456.0,0.0,456.0,0.0,0.0,0.0,0.0,0.0,0.0,0.0,0.0,0.0,0.0,0.0,0.0,0.0,0.0,0.0,0.0,0.0,0.0,0.0,0.0,0.0,0.0,0.0,0.0,0.0,0.0,0.0,0.0,0.0,0.0,0.0,0.0,0.0,-0.65234375,0.0,0.65625,0.0,0.0,0.0,0.0,0.0,0.0,0.0,0.0,0.0,0.0,0.0,0.0,0.0,0.0,0.0,0.0,0.0,0.0,0.0,0.0,0.0,0.0,0.0,0.0,0.0,-121.0576171875,0.0,121.0625,0.0,0.0,0.0,0.0,0.0,0.0,0.0,0.0,0.0,0.0,0.0,0.0,0.0,38714.3193359375,0.0,261013.46875,33915.40283203125,-718.7099609375,0.0,718.71875,0.0,-1.8226090507189527,0.0,0.2761172652244568,0.0,FL
325880,FL,1205,0.026501838117837906,5,1.0,587809.8427734375,1675971.1552734375,5,0,349637.70349121094,0.0,1377277.75,0.0,0.0,0.0,2285.38671875,2285.38671875,-484.25,0.0,484.25,0.0,-161.2259521484375,0.0,161.25,0.0,0.0,0.0,0.0,0.0,0.0,0.0,0.0,0.0,0.0,0.0,0.0,0.0,0.0,0.0,0.0,0.0,0.0,0.0,0.0,0.0,0.0,0.0,0.0,0.0,0.0,0.0,0.0,0.0,0.0,0.0,0.0,0.0,0.0,0.0,0.0,0.0,0.0,0.0,0.0,0.0,0.0,0.0,0.0,0.0,0.0,0.0,0.0,0.0,0.0,0.0,0.0,0.0,0.0,0.0,0.0,0.0,0.0,0.0,0.0,0.0,0.0,0.0,0.0,0.0,0.0,0.0,0.0,0.0,0.0,0.0,0.0,0.0,0.0,0.0,0.0,0.0,348992.2275390625,0.0,1377923.25,2285.38671875,-645.4759521484375,0.0,645.5,0.0,-0.184612799392976,0.0,0.046867817640304565,0.0,FL
325881,FL,1205,0.03482811152935028,4,2.0,352099.203125,520621.96875,4,0,108495.859375,0.0,406604.6875,0.0,0.0,0.0,0.0,0.0,-764.0,0.0,764.0,0.0,-608.0,0.0,608.0,0.0,0.0,0.0,0.0,0.0,0.0,0.0,0.0,0.0,0.0,0.0,0.0,0.0,0.0,0.0,0.0,0.0,0.0,0.0,0.0,0.0,0.0,0.0,0.0,0.0,0.0,0.0,0.0,0.0,0.0,0.0,0.0,0.0,-640.0,0.0,640.0,0.0,0.0,0.0,0.0,0.0,0.0,0.0,0.0,0.0,0.0,0.0,0.0,0.0,0.0,0.0,0.0,0.0,0.0,0.0,0.0,0.0,0.0,0.0,0.0,0.0,0.0,0.0,0.0,0.0,0.0,0.0,0.0,0.0,0.0,0.0,0.0,0.0,0.0,0.0,0.0,0.0,106483.859375,0.0,408616.6875,0.0,-2012.0,0.0,2012.0,0.0,-1.8544486504741324,0.0,0.4948295056819916,0.0,FL
325882,FL,1205,21.323972702026367,1,0.0,4687.6982421875,4687.6982421875,1,0,0.0,0.0,41457.625,12257.1689453125,13231.8837890625,0.0,0.0,25489.052734375,0.0,0.0,0.0,0.0,0.0,0.0,0.0,0.0,0.0,0.0,0.0,0.0,0.0,0.0,0.0,0.0,0.0,0.0,0.0,0.0,0.0,0.0,0.0,0.0,0.0,0.0,0.0,0.0,0.0,0.0,0.0,0.0,0.0,0.0,0.0,0.0,0.0,0.0,0.0,0.0,0.0,0.0,0.0,0.0,0.0,0.0,0.0,0.0,0.0,0.0,0.0,0.0,0.0,0.0,0.0,0.0,0.0,0.0,0.0,0.0,0.0,0.0,0.0,0.0,0.0,0.0,0.0,0.0,0.0,0.0,0.0,0.0,0.0,0.0,0.0,0.0,0.0,0.0,0.0,0.0,0.0,0.0,0.0,0.0,0.0,0.0,41457.625,25489.052734375,0.0,0.0,0.0,0.0,0.0,0.0,0.0,0.0,FL
325883,FL,1205,0.03886907547712326,1,0.0,85343.6875,97621.984375,0,1,12430.591796875,0.0,78662.6015625,0.0,0.0,0.0,0.0,0.0,-115.0,0.0,115.0,0.0,-209.0,0.0,209.0,0.0,0.0,0.0,0.0,0.0,0.0,0.0,0.0,0.0,0.0,0.0,0.0,0.0,0.0,0.0,0.0,0.0,-559.7548828125,0.0,559.7578125,0.0,0.0,0.0,0.0,0.0,0.0,0.0,0.0,0.0,0.0,0.0,0.0,0.0,0.0,0.0,0.0,0.0,0.0,0.0,0.0,0.0,0.0,0.0,0.0,0.0,0.0,0.0,0.0,0.0,0.0,0.0,0.0,0.0,0.0,0.0,0.0,0.0,0.0,0.0,0.0,0.0,-93.21484375,0.0,93.2109375,0.0,0.0,0.0,0.0,0.0,0.0,0.0,0.0,0.0,0.0,0.0,0.0,0.0,11453.6220703125,0.0,79639.5703125,0.0,-976.9697265625,0.0,976.96875,0.0,-7.859398349868638,0.0,1.241973638534546,0.0,FL
325884,FL,1205,0.015167465433478355,3,1.0,209900.06640625,209900.0625,3,0,27166.013671875,0.0,169378.28125,0.0,0.0,0.0,0.0,0.0,-230.0,0.0,230.0,0.0,-418.0,0.0,418.0,0.0,0.0,0.0,0.0,0.0,0.0,0.0,0.0,0.0,-200.0,0.0,200.0,0.0,0.0,0.0,0.0,0.0,0.0,0.0,0.0,0.0,0.0,0.0,0.0,0.0,0.0,0.0,0.0,0.0,0.0,0.0,0.0,0.0,0.0,0.0,0.0,0.0,0.0,0.0,0.0,0.0,0.0,0.0,0.0,0.0,0.0,0.0,0.0,0.0,0.0,0.0,0.0,0.0,0.0,0.0,0.0,0.0,0.0,0.0,0.0,0.0,0.0,0.0,0.0,0.0,0.0,0.0,0.0,0.0,0.0,0.0,0.0,0.0,0.0,0.0,0.0,0.0,26318.013671875,0.0,170226.28125,0.0,-848.0,0.0,848.0,0.0,-3.121547424081345,0.0,0.5006545186042786,0.0,FL
325885,FL,1205,222.04029846191406,2,0.0,21655.15234375,83541.375,2,0,5506.96484375,0.0,183745.40625,71359.5625,0.0,0.0,0.0,71359.5625,-10.0,0.0,10.0,0.0,-228.0,0.0,228.0,0.0,0.0,0.0,0.0,0.0,0.0,0.0,0.0,0.0,0.0,0.0,0.0,0.0,0.0,0.0,0.0,0.0,0.0,0.0,0.0,0.0,0.0,0.0,0.0,0.0,0.0,0.0,0.0,0.0,0.0,0.0,0.0,0.0,-240.0,0.0,240.0,0.0,0.0,0.0,0.0,0.0,0.0,0.0,0.0,0.0,0.0,0.0,0.0,0.0,0.0,0.0,0.0,0.0,0.0,0.0,0.0,0.0,-1439.999755859375,0.0,1440.0,0.0,0.0,0.0,0.0,0.0,0.0,0.0,0.0,0.0,0.0,0.0,0.0,0.0,0.0,0.0,0.0,0.0,3588.965087890625,0.0,185663.40625,71359.5625,-1917.999755859375,0.0,1918.0,0.0,-34.82861812775441,0.0,1.0438356399536133,0.0,FL
325886,FL,1205,0.03277622535824776,2,0.0,126429.98828125,312694.875,1,1,54983.1689453125,0.0,248039.8125,0.0,0.0,0.0,0.0,0.0,-484.0,0.0,484.0,0.0,-513.0,0.0,513.0,0.0,0.0,0.0,0.0,0.0,0.0,0.0,0.0,0.0,0.0,0.0,0.0,0.0,0.0,0.0,0.0,0.0,0.0,0.0,0.0,0.0,0.0,0.0,0.0,0.0,0.0,0.0,0.0,0.0,0.0,0.0,0.0,0.0,-320.0,0.0,320.0,0.0,0.0,0.0,0.0,0.0,0.0,0.0,0.0,0.0,0.0,0.0,0.0,0.0,0.0,0.0,0.0,0.0,0.0,0.0,0.0,0.0,0.0,0.0,0.0,0.0,0.0,0.0,0.0,0.0,0.0,0.0,0.0,0.0,0.0,0.0,0.0,0.0,0.0,0.0,0.0,0.0,53666.1689453125,0.0,249356.8125,0.0,-1317.0,0.0,1317.0,0.0,-2.3952784556850806,0.0,0.5309631824493408,0.0,FL
325887,FL,1205,0.03560865670442581,2,0.0,1608.98876953125,19670.41650390625,2,0,-372.85723876953125,0.0,36095.02734375,287.68316650390625,0.0,0.0,0.0,287.68316650390625,0.0,0.0,0.0,0.0,-94.99998474121094,0.0,95.0,0.0,0.0,0.0,0.0,0.0,0.0,0.0,0.0,0.0,0.0,0.0,0.0,0.0,0.0,0.0,0.0,0.0,0.0,0.0,0.0,0.0,0.0,0.0,0.0,0.0,0.0,0.0,0.0,0.0,0.0,0.0,0.0,0.0,0.0,0.0,0.0,0.0,0.0,0.0,0.0,0.0,0.0,0.0,0.0,0.0,0.0,0.0,0.0,0.0,0.0,0.0,0.0,0.0,0.0,0.0,0.0,0.0,0.0,0.0,0.0,0.0,0.0,0.0,0.0,0.0,0.0,0.0,0.0,0.0,0.0,0.0,0.0,0.0,0.0,0.0,0.0,0.0,-467.8572235107422,0.0,36190.02734375,287.68316650390625,-94.99998474121094,0.0,95.0,0.0,-25.478916556567615,0.0,0.26319414377212524,0.0,FL
325888,FL,1205,0.03116866573691368,2,0.0,244691.703125,574869.875,1,1,99089.296875,0.0,469972.46875,0.0,0.0,0.0,0.0,0.0,-292.0,0.0,292.0,0.0,-456.0,0.0,456.0,0.0,0.0,0.0,0.0,0.0,0.0,0.0,0.0,0.0,0.0,0.0,0.0,0.0,0.0,0.0,0.0,0.0,0.0,0.0,0.0,0.0,0.0,0.0,0.0,0.0,0.0,0.0,0.0,0.0,0.0,0.0,0.0,0.0,-480.0,0.0,480.0,0.0,0.0,0.0,0.0,0.0,0.0,0.0,0.0,0.0,0.0,0.0,0.0,0.0,0.0,0.0,0.0,0.0,0.0,0.0,0.0,0.0,0.0,0.0,0.0,0.0,0.0,0.0,0.0,0.0,0.0,0.0,0.0,0.0,0.0,0.0,0.0,0.0,0.0,0.0,0.0,0.0,97861.296875,0.0,471200.46875,0.0,-1228.0,0.0,1228.0,0.0,-1.2392862183179154,0.0,0.2612919211387634,0.0,FL
325889,FL,1205,0.04118754714727402,2,0.0,229232.3671875,381445.65625,2,0,63524.42578125,0.0,304194.4375,0.0,0.0,0.0,0.0,0.0,-292.0,0.0,292.0,0.0,-456.0,0.0,456.0,0.0,0.0,0.0,0.0,0.0,0.0,0.0,0.0,0.0,0.0,0.0,0.0,0.0,0.0,0.0,0.0,0.0,0.0,0.0,0.0,0.0,0.0,0.0,0.0,0.0,0.0,0.0,0.0,0.0,0.0,0.0,0.0,0.0,-480.0,0.0,480.0,0.0,0.0,0.0,0.0,0.0,0.0,0.0,0.0,0.0,0.0,0.0,0.0,0.0,0.0,0.0,0.0,0.0,0.0,0.0,0.0,0.0,0.0,0.0,0.0,0.0,0.0,0.0,0.0,0.0,0.0,0.0,0.0,0.0,0.0,0.0,0.0,0.0,0.0,0.0,0.0,0.0,62296.42578125,0.0,305422.4375,0.0,-1228.0,0.0,1228.0,0.0,-1.9331146797433296,0.0,0.4036891758441925,0.0,FL
325890,FL,1205,0.8427682518959045,1,0.0,3447.1484375,7505.15283203125,1,0,-664.0,0.0,21501.5234375,7654.0439453125,0.0,0.0,0.0,7654.0439453125,0.0,0.0,0.0,0.0,0.0,0.0,0.0,0.0,0.0,0.0,0.0,0.0,0.0,0.0,0.0,0.0,0.0,0.0,0.0,0.0,0.0,0.0,0.0,0.0,0.0,0.0,0.0,0.0,0.0,0.0,0.0,0.0,0.0,0.0,0.0,0.0,0.0,0.0,0.0,0.0,0.0,0.0,0.0,0.0,0.0,0.0,0.0,0.0,0.0,0.0,0.0,0.0,0.0,0.0,0.0,0.0,0.0,0.0,0.0,0.0,0.0,0.0,0.0,0.0,0.0,0.0,0.0,0.0,0.0,0.0,0.0,0.0,0.0,0.0,0.0,0.0,0.0,0.0,0.0,0.0,0.0,0.0,0.0,0.0,-664.0,0.0,21501.5234375,7654.0439453125,0.0,0.0,0.0,0.0,0.0,0.0,0.0,0.0,FL
325891,FL,1205,0.031843993812799454,4,2.0,906478.9375,973776.75,4,0,268772.9375,0.0,683345.625,0.0,0.0,0.0,0.0,0.0,-734.03125,0.0,734.0625,0.0,-703.0,0.0,703.0,0.0,0.0,0.0,0.0,0.0,0.0,0.0,0.0,0.0,0.0,0.0,0.0,0.0,0.0,0.0,0.0,0.0,-1850.0,0.0,1850.0,0.0,0.0,0.0,0.0,0.0,0.0,0.0,0.0,0.0,0.0,0.0,0.0,0.0,0.0,0.0,0.0,0.0,0.0,0.0,0.0,0.0,0.0,0.0,0.0,0.0,0.0,0.0,0.0,0.0,0.0,0.0,0.0,0.0,0.0,0.0,0.0,0.0,0.0,0.0,0.0,0.0,0.0,0.0,0.0,0.0,0.0,0.0,0.0,0.0,0.0,0.0,0.0,0.0,0.0,0.0,0.0,0.0,265485.90625,0.0,686632.6875,0.0,-3287.03125,0.0,3287.0625,0.0,-1.222977015682615,0.0,0.4810248911380768,0.0,FL
325892,FL,1205,0.0725860744714737,2,0.0,71055.90234375,71107.140625,2,0,4410.85693359375,0.0,64868.9609375,389.11334228515625,0.0,0.0,0.0,389.11334228515625,-10.0,0.0,10.0,0.0,-228.0,0.0,228.0,0.0,0.0,0.0,0.0,0.0,0.0,0.0,0.0,0.0,0.0,0.0,0.0,0.0,0.0,0.0,0.0,0.0,0.0,0.0,0.0,0.0,0.0,0.0,0.0,0.0,0.0,0.0,0.0,0.0,0.0,0.0,0.0,0.0,0.0,0.0,0.0,0.0,0.0,0.0,0.0,0.0,0.0,0.0,0.0,0.0,0.0,0.0,0.0,0.0,0.0,0.0,0.0,0.0,0.0,0.0,0.0,0.0,0.0,0.0,0.0,0.0,-236.06201171875,0.0,236.0625,0.0,0.0,0.0,0.0,0.0,0.0,0.0,0.0,0.0,0.0,0.0,0.0,0.0,3936.794921875,0.0,65343.0234375,389.11334228515625,-474.06201171875,0.0,474.0625,0.0,-10.747617047114415,0.0,0.730800211429596,0.0,FL
325893,FL,1205,23.836824417114258,1,0.0,0.0,0.0,1,0,0.0,0.0,42140.09375,21378.888671875,0.0,0.0,0.0,21378.888671875,0.0,0.0,0.0,0.0,0.0,0.0,0.0,0.0,0.0,0.0,0.0,0.0,0.0,0.0,0.0,0.0,0.0,0.0,0.0,0.0,0.0,0.0,0.0,0.0,0.0,0.0,0.0,0.0,0.0,0.0,0.0,0.0,0.0,0.0,0.0,0.0,0.0,0.0,0.0,0.0,0.0,0.0,0.0,0.0,0.0,0.0,0.0,0.0,0.0,0.0,0.0,0.0,0.0,0.0,0.0,0.0,0.0,0.0,0.0,0.0,0.0,0.0,0.0,0.0,0.0,0.0,0.0,0.0,0.0,0.0,0.0,0.0,0.0,0.0,0.0,0.0,0.0,0.0,0.0,0.0,0.0,0.0,0.0,0.0,0.0,0.0,42140.09375,21378.888671875,0.0,0.0,0.0,0.0,0.0,0.0,0.0,0.0,FL
325894,FL,1205,0.032744016498327255,2,0.0,114167.8642578125,524693.375,2,0,92149.5546875,0.0,434190.375,0.0,0.0,0.0,0.0,0.0,-292.0,0.0,292.0,0.0,0.0,0.0,0.0,0.0,0.0,0.0,0.0,0.0,0.0,0.0,0.0,0.0,0.0,0.0,0.0,0.0,0.0,0.0,0.0,0.0,-518.4609375,0.0,518.4375,0.0,0.0,0.0,0.0,0.0,0.0,0.0,0.0,0.0,0.0,0.0,0.0,0.0,-420.7734375,0.0,420.78125,0.0,0.0,0.0,0.0,0.0,0.0,0.0,0.0,0.0,0.0,0.0,0.0,0.0,0.0,0.0,0.0,0.0,0.0,0.0,0.0,0.0,0.0,0.0,0.0,0.0,0.0,0.0,0.0,0.0,0.0,0.0,0.0,0.0,0.0,0.0,0.0,0.0,0.0,0.0,0.0,0.0,90918.3203125,0.0,435421.59375,0.0,-1231.234375,0.0,1231.21875,0.0,-1.3361262343322162,0.0,0.28356656432151794,0.0,FL
325895,FL,1205,0.03080347739160061,3,2.0,143050.71875,515667.46875,3,0,115843.890625,0.0,411666.40625,0.0,5527.08642578125,0.0,0.0,5527.08642578125,-362.25,0.0,362.25,0.0,-332.5,0.0,332.5,0.0,0.0,0.0,0.0,0.0,0.0,0.0,0.0,0.0,0.0,0.0,0.0,0.0,0.0,0.0,0.0,0.0,0.0,0.0,0.0,0.0,0.0,0.0,0.0,0.0,0.0,0.0,0.0,0.0,0.0,0.0,0.0,0.0,-350.0,0.0,350.0,0.0,0.0,0.0,0.0,0.0,0.0,0.0,0.0,0.0,0.0,0.0,0.0,0.0,0.0,0.0,0.0,0.0,0.0,0.0,0.0,0.0,0.0,0.0,0.0,0.0,0.0,0.0,0.0,0.0,0.0,0.0,0.0,0.0,0.0,0.0,0.0,0.0,0.0,0.0,0.0,0.0,114799.140625,0.0,412711.15625,5527.08642578125,-1044.75,0.0,1044.75,0.0,-0.9018602486185275,0.0,0.2537855803966522,0.0,FL
325896,FL,1205,0.058568075299263,2,0.0,99317.796875,180620.90625,2,0,20829.66796875,0.0,198547.875,26158.595703125,0.0,0.0,0.0,26158.595703125,-230.0,0.0,230.0,0.0,0.0,0.0,0.0,0.0,0.0,0.0,0.0,0.0,0.0,0.0,0.0,0.0,0.0,0.0,0.0,0.0,0.0,0.0,0.0,0.0,-745.328125,0.0,745.3125,0.0,0.0,0.0,0.0,0.0,0.0,0.0,0.0,0.0,0.0,0.0,0.0,0.0,0.0,0.0,0.0,0.0,0.0,0.0,0.0,0.0,0.0,0.0,0.0,0.0,0.0,0.0,0.0,0.0,0.0,0.0,0.0,0.0,0.0,0.0,0.0,0.0,0.0,0.0,0.0,0.0,0.0,0.0,0.0,0.0,0.0,0.0,0.0,0.0,0.0,0.0,0.0,0.0,0.0,0.0,0.0,0.0,19854.33984375,0.0,199523.1875,26158.595703125,-975.328125,0.0,975.3125,0.0,-4.682398809540554,0.0,0.4912228286266327,0.0,FL
325897,FL,1205,148.77978515625,1,0.0,8695.283203125,8695.283203125,1,0,0.0,0.0,11851.2646484375,3596.039794921875,0.0,0.0,0.0,3596.039794921875,0.0,0.0,0.0,0.0,0.0,0.0,0.0,0.0,0.0,0.0,0.0,0.0,0.0,0.0,0.0,0.0,0.0,0.0,0.0,0.0,0.0,0.0,0.0,0.0,0.0,0.0,0.0,0.0,0.0,0.0,0.0,0.0,0.0,0.0,0.0,0.0,0.0,0.0,0.0,0.0,0.0,0.0,0.0,0.0,0.0,0.0,0.0,0.0,0.0,0.0,0.0,0.0,0.0,0.0,0.0,0.0,0.0,0.0,0.0,0.0,0.0,0.0,0.0,0.0,0.0,0.0,0.0,0.0,0.0,0.0,0.0,0.0,0.0,0.0,0.0,0.0,0.0,0.0,0.0,0.0,0.0,0.0,0.0,0.0,0.0,0.0,11851.2646484375,3596.039794921875,0.0,0.0,0.0,0.0,0.0,0.0,0.0,0.0,FL
325898,FL,1205,0.027687441557645798,2,0.0,66648.04296875,66648.04296875,2,0,4556.92724609375,0.0,56992.54296875,0.0,0.0,0.0,0.0,0.0,-5.0,0.0,5.0,0.0,-114.0,0.0,114.0,0.0,0.0,0.0,0.0,0.0,0.0,0.0,0.0,0.0,0.0,0.0,0.0,0.0,0.0,0.0,0.0,0.0,0.0,0.0,0.0,0.0,0.0,0.0,0.0,0.0,0.0,0.0,0.0,0.0,0.0,0.0,0.0,0.0,0.0,0.0,0.0,0.0,0.0,0.0,0.0,0.0,0.0,0.0,0.0,0.0,0.0,0.0,0.0,0.0,0.0,0.0,0.0,0.0,0.0,0.0,0.0,0.0,0.0,0.0,0.0,0.0,-77.822265625,0.0,77.82421875,0.0,0.0,0.0,0.0,0.0,0.0,0.0,0.0,0.0,0.0,0.0,0.0,0.0,4360.10498046875,0.0,57189.3671875,0.0,-196.822265625,0.0,196.82421875,0.0,-4.31918823794517,0.0,0.34535083174705505,0.0,FL
325899,FL,1205,0.03417453542351723,2,0.0,230176.765625,523590.625,2,0,95384.40625,0.0,413232.875,0.0,0.0,0.0,0.0,0.0,-292.0,0.0,292.0,0.0,-456.0,0.0,456.0,0.0,0.0,0.0,0.0,0.0,0.0,0.0,0.0,0.0,0.0,0.0,0.0,0.0,0.0,0.0,0.0,0.0,0.0,0.0,0.0,0.0,0.0,0.0,0.0,0.0,0.0,0.0,0.0,0.0,0.0,0.0,0.0,0.0,-480.0,0.0,480.0,0.0,0.0,0.0,0.0,0.0,0.0,0.0,0.0,0.0,0.0,0.0,0.0,0.0,0.0,0.0,0.0,0.0,0.0,0.0,0.0,0.0,0.0,0.0,0.0,0.0,0.0,0.0,0.0,0.0,0.0,0.0,0.0,0.0,0.0,0.0,0.0,0.0,0.0,0.0,0.0,0.0,94156.40625,0.0,414460.875,0.0,-1228.0,0.0,1228.0,0.0,-1.2874221775637462,0.0,0.2971689999103546,0.0,FL
325900,FL,1205,0.03579393029212952,1,0.0,0.0,445296.6875,1,0,128220.484375,0.0,350927.21875,15236.2919921875,0.0,0.0,0.0,15236.2919921875,-362.25,0.0,362.25,0.0,-332.5,0.0,332.5,0.0,0.0,0.0,0.0,0.0,0.0,0.0,0.0,0.0,0.0,0.0,0.0,0.0,0.0,0.0,0.0,0.0,-1683.8671875,0.0,1683.875,0.0,0.0,0.0,0.0,0.0,0.0,0.0,0.0,0.0,0.0,0.0,0.0,0.0,-350.0,0.0,350.0,0.0,0.0,0.0,0.0,0.0,0.0,0.0,0.0,0.0,0.0,0.0,0.0,0.0,0.0,0.0,0.0,0.0,0.0,0.0,0.0,0.0,0.0,0.0,0.0,0.0,0.0,0.0,0.0,0.0,0.0,0.0,0.0,0.0,0.0,0.0,0.0,0.0,0.0,0.0,0.0,0.0,125491.8671875,0.0,353655.84375,15236.2919921875,-2728.6171875,0.0,2728.625,0.0,-2.128066510433505,0.0,0.7775472402572632,0.0,FL
325901,FL,1205,0.11462502926588058,5,3.0,33151.19921875,33151.19921875,5,0,-4935.34814453125,0.0,66667.53125,2006.5458984375,2763.543212890625,0.0,0.0,4770.089111328125,0.0,0.0,0.0,0.0,0.0,0.0,0.0,0.0,0.0,0.0,0.0,0.0,0.0,0.0,0.0,0.0,200.0,0.0,-200.0,0.0,0.0,0.0,0.0,0.0,0.0,0.0,0.0,0.0,0.0,0.0,0.0,0.0,0.0,0.0,0.0,0.0,0.0,0.0,0.0,0.0,0.0,0.0,0.0,0.0,0.0,0.0,0.0,0.0,0.0,0.0,0.0,0.0,0.0,0.0,0.0,0.0,0.0,0.0,0.0,0.0,0.0,0.0,0.0,0.0,0.0,0.0,0.0,0.0,0.0,0.0,0.0,0.0,0.0,0.0,0.0,0.0,0.0,0.0,0.0,0.0,0.0,0.0,0.0,0.0,-4735.34814453125,0.0,66467.53125,4770.089111328125,200.0,0.0,-200.0,0.0,4.052399023189794,0.0,-0.29999610781669617,0.0,FL
325902,FL,1205,0.027688492089509964,2,0.0,63201.2021484375,764842.296875,2,0,185297.8037109375,0.0,610920.8125,35701.03515625,0.0,0.0,0.0,35701.03515625,-115.0,0.0,115.0,0.0,-209.0,0.0,209.0,0.0,0.0,0.0,0.0,0.0,0.0,0.0,0.0,0.0,0.0,0.0,0.0,0.0,0.0,0.0,0.0,0.0,-2067.703125,0.0,2067.6875,0.0,0.0,0.0,0.0,0.0,0.0,0.0,0.0,0.0,0.0,0.0,0.0,0.0,0.0,0.0,0.0,0.0,0.0,0.0,0.0,0.0,0.0,0.0,0.0,0.0,0.0,0.0,0.0,0.0,0.0,0.0,0.0,0.0,0.0,0.0,0.0,0.0,-1229.9423828125,0.0,1230.0,0.0,0.0,0.0,0.0,0.0,0.0,0.0,0.0,0.0,0.0,0.0,0.0,0.0,0.0,0.0,0.0,0.0,181676.158203125,0.0,614542.5,35701.03515625,-3621.6455078125,0.0,3621.6875,0.0,-1.9544999645339707,0.0,0.592824399471283,0.0,FL
325903,FL,1205,0.03923145309090614,1,0.0,25208.24609375,25208.24609375,1,0,945.6198120117188,0.0,24574.7109375,287.68316650390625,0.0,0.0,0.0,287.68316650390625,0.0,0.0,0.0,0.0,-95.0,0.0,95.0,0.0,0.0,0.0,0.0,0.0,0.0,0.0,0.0,0.0,0.0,0.0,0.0,0.0,0.0,0.0,0.0,0.0,0.0,0.0,0.0,0.0,0.0,0.0,0.0,0.0,0.0,0.0,0.0,0.0,0.0,0.0,0.0,0.0,0.0,0.0,0.0,0.0,0.0,0.0,0.0,0.0,0.0,0.0,0.0,0.0,0.0,0.0,0.0,0.0,0.0,0.0,0.0,0.0,0.0,0.0,0.0,0.0,0.0,0.0,0.0,0.0,0.0,0.0,0.0,0.0,0.0,0.0,0.0,0.0,0.0,0.0,0.0,0.0,0.0,0.0,0.0,0.0,850.6198120117188,0.0,24669.7109375,287.68316650390625,-95.0,0.0,95.0,0.0,-10.04632081448212,0.0,0.38657626509666443,0.0,FL
325904,FL,1205,182.6699981689453,1,0.0,0.0,544.472900390625,1,0,0.0,0.0,15542.6494140625,3596.039794921875,0.0,0.0,0.0,3596.039794921875,0.0,0.0,0.0,0.0,0.0,0.0,0.0,0.0,0.0,0.0,0.0,0.0,0.0,0.0,0.0,0.0,0.0,0.0,0.0,0.0,0.0,0.0,0.0,0.0,0.0,0.0,0.0,0.0,0.0,0.0,0.0,0.0,0.0,0.0,0.0,0.0,0.0,0.0,0.0,0.0,0.0,0.0,0.0,0.0,0.0,0.0,0.0,0.0,0.0,0.0,0.0,0.0,0.0,0.0,0.0,0.0,0.0,0.0,0.0,0.0,0.0,0.0,0.0,0.0,0.0,0.0,0.0,0.0,0.0,0.0,0.0,0.0,0.0,0.0,0.0,0.0,0.0,0.0,0.0,0.0,0.0,0.0,0.0,0.0,0.0,0.0,15542.6494140625,3596.039794921875,0.0,0.0,0.0,0.0,0.0,0.0,0.0,0.0,FL
325905,FL,1205,0.031003054231405258,2,0.0,62594.560546875,62594.560546875,2,0,3389.3472900390625,0.0,69816.1015625,0.0,0.0,15399.3740234375,0.0,15399.3740234375,-10.0,0.0,10.0,0.0,-212.2513427734375,0.0,212.2578125,0.0,0.0,0.0,0.0,0.0,0.0,0.0,0.0,0.0,0.0,0.0,0.0,0.0,0.0,0.0,0.0,0.0,0.0,0.0,0.0,0.0,0.0,0.0,0.0,0.0,0.0,0.0,0.0,0.0,0.0,0.0,0.0,0.0,0.0,0.0,0.0,0.0,0.0,0.0,0.0,0.0,0.0,0.0,0.0,0.0,0.0,0.0,0.0,0.0,0.0,0.0,0.0,0.0,0.0,0.0,0.0,0.0,0.0,0.0,0.0,0.0,-83.1080322265625,0.0,83.1015625,0.0,0.0,0.0,0.0,0.0,0.0,0.0,0.0,0.0,0.0,0.0,0.0,0.0,3083.9879150390625,0.0,70121.4609375,15399.3740234375,-305.359375,0.0,305.359375,0.0,-9.009385845393279,0.0,0.4373767375946045,0.0,FL
325906,FL,1205,222.9554901123047,1,0.0,0.0,50930.87109375,1,0,3804.70458984375,0.0,75118.609375,21580.841796875,0.0,0.0,0.0,21580.841796875,-5.0,0.0,5.0,0.0,-114.0,0.0,114.0,0.0,0.0,0.0,0.0,0.0,0.0,0.0,0.0,0.0,0.0,0.0,0.0,0.0,0.0,0.0,0.0,0.0,0.0,0.0,0.0,0.0,0.0,0.0,0.0,0.0,0.0,0.0,0.0,0.0,0.0,0.0,0.0,0.0,0.0,0.0,0.0,0.0,0.0,0.0,0.0,0.0,0.0,0.0,0.0,0.0,0.0,0.0,0.0,0.0,0.0,0.0,0.0,0.0,0.0,0.0,0.0,0.0,-720.0,0.0,720.0,0.0,0.0,0.0,0.0,0.0,0.0,0.0,0.0,0.0,0.0,0.0,0.0,0.0,0.0,0.0,0.0,0.0,2965.70458984375,0.0,75957.609375,21580.841796875,-839.0,0.0,839.0,0.0,-22.05164632859067,0.0,1.1169003248214722,0.0,FL
325907,FL,1205,0.033671341836452484,2,0.0,813498.28125,1061190.875,2,0,278707.84375,0.0,757882.625,0.0,0.0,0.0,0.0,0.0,-734.0,0.0,734.0,0.0,-703.0,0.0,703.0,0.0,0.0,0.0,0.0,0.0,0.0,0.0,0.0,0.0,0.0,0.0,0.0,0.0,0.0,0.0,0.0,0.0,-1829.6875,0.0,1829.75,0.0,0.0,0.0,0.0,0.0,0.0,0.0,0.0,0.0,0.0,0.0,0.0,0.0,-740.0,0.0,740.0,0.0,0.0,0.0,0.0,0.0,0.0,0.0,0.0,0.0,0.0,0.0,0.0,0.0,0.0,0.0,0.0,0.0,0.0,0.0,0.0,0.0,0.0,0.0,0.0,0.0,0.0,0.0,0.0,0.0,0.0,0.0,0.0,0.0,0.0,0.0,0.0,0.0,0.0,0.0,0.0,0.0,274701.15625,0.0,761889.375,0.0,-4006.6875,0.0,4006.75,0.0,-1.4375940935462101,0.0,0.5286768674850464,0.0,FL
325908,FL,1205,0.15509659051895142,2,0.0,77414.21875,571304.75,2,0,106932.5,0.0,557920.8125,78685.0546875,0.0,0.0,0.0,78685.0546875,-292.0,0.0,292.0,0.0,-456.0,0.0,456.0,0.0,0.0,0.0,0.0,0.0,0.0,0.0,0.0,0.0,0.0,0.0,0.0,0.0,0.0,0.0,0.0,0.0,0.0,0.0,0.0,0.0,0.0,0.0,0.0,0.0,0.0,0.0,0.0,0.0,0.0,0.0,0.0,0.0,-480.0,0.0,480.0,0.0,0.0,0.0,0.0,0.0,0.0,0.0,0.0,0.0,0.0,0.0,0.0,0.0,0.0,0.0,0.0,0.0,0.0,0.0,0.0,0.0,0.0,0.0,0.0,0.0,0.0,0.0,0.0,0.0,0.0,0.0,0.0,0.0,0.0,0.0,0.0,0.0,0.0,0.0,0.0,0.0,105704.5,0.0,559148.8125,78685.0546875,-1228.0,0.0,1228.0,0.0,-1.1483880017768218,0.0,0.22010290622711182,0.0,FL
325909,FL,1205,2.927021026611328,5,4.0,348957.8125,1427367.625,5,0,330140.71875,0.0,1163593.25,0.0,0.0,0.0,0.0,0.0,-390.4375,0.0,390.375,0.0,0.0,0.0,0.0,0.0,0.0,0.0,0.0,0.0,0.0,0.0,0.0,0.0,0.0,0.0,0.0,0.0,0.0,0.0,0.0,0.0,0.0,0.0,0.0,0.0,0.0,0.0,0.0,0.0,0.0,0.0,0.0,0.0,0.0,0.0,0.0,0.0,0.0,0.0,0.0,0.0,0.0,0.0,0.0,0.0,0.0,0.0,0.0,0.0,0.0,0.0,0.0,0.0,0.0,0.0,0.0,0.0,0.0,0.0,0.0,0.0,0.0,0.0,0.0,0.0,0.0,0.0,0.0,0.0,0.0,0.0,0.0,0.0,0.0,0.0,0.0,0.0,0.0,0.0,0.0,0.0,329750.28125,0.0,1163983.625,0.0,-390.4375,0.0,390.375,0.0,-0.1182639637662084,0.0,0.03354909271001816,0.0,FL
325910,FL,1205,0.29232391715049744,3,0.0,114914.50732421875,249455.35498046875,3,0,30339.984375,0.0,211848.15625,0.0,0.0,0.0,0.0,0.0,-230.0,0.0,230.0,0.0,-418.0,0.0,418.0,0.0,0.0,0.0,0.0,0.0,0.0,0.0,0.0,0.0,0.0,0.0,0.0,0.0,0.0,0.0,0.0,0.0,0.0,0.0,0.0,0.0,0.0,0.0,0.0,0.0,0.0,0.0,0.0,0.0,0.0,0.0,0.0,0.0,-440.0,0.0,440.0,0.0,0.0,0.0,0.0,0.0,0.0,0.0,0.0,0.0,0.0,0.0,0.0,0.0,0.0,0.0,0.0,0.0,0.0,0.0,0.0,0.0,0.0,0.0,0.0,0.0,0.0,0.0,0.0,0.0,0.0,0.0,0.0,0.0,0.0,0.0,0.0,0.0,0.0,0.0,0.0,0.0,29251.984375,0.0,212936.15625,0.0,-1088.0,0.0,1088.0,0.0,-3.586026896231716,0.0,0.5135754346847534,0.0,FL
325911,FL,1205,155.19696044921875,1,0.0,0.0,28039.28515625,1,0,1083.928466796875,0.0,54620.80078125,15642.8408203125,0.0,0.0,0.0,15642.8408203125,0.0,0.0,0.0,0.0,-94.99993896484375,0.0,95.0,0.0,0.0,0.0,0.0,0.0,0.0,0.0,0.0,0.0,0.0,0.0,0.0,0.0,0.0,0.0,0.0,0.0,0.0,0.0,0.0,0.0,0.0,0.0,0.0,0.0,0.0,0.0,0.0,0.0,0.0,0.0,0.0,0.0,0.0,0.0,0.0,0.0,0.0,0.0,0.0,0.0,0.0,0.0,0.0,0.0,0.0,0.0,0.0,0.0,0.0,0.0,0.0,0.0,0.0,0.0,0.0,0.0,-600.0,0.0,600.0,0.0,0.0,0.0,0.0,0.0,0.0,0.0,0.0,0.0,0.0,0.0,0.0,0.0,0.0,0.0,0.0,0.0,388.92852783203125,0.0,55315.80078125,15642.8408203125,-694.9999389648438,0.0,695.0,0.0,-64.11861670342908,0.0,1.2724090814590454,0.0,FL
325912,FL,1205,22.208545684814453,1,0.0,0.0,7488.69970703125,1,0,0.0,0.0,40780.31640625,10623.3466796875,13231.8837890625,0.0,0.0,23855.23046875,0.0,0.0,0.0,0.0,0.0,0.0,0.0,0.0,0.0,0.0,0.0,0.0,0.0,0.0,0.0,0.0,0.0,0.0,0.0,0.0,0.0,0.0,0.0,0.0,0.0,0.0,0.0,0.0,0.0,0.0,0.0,0.0,0.0,0.0,0.0,0.0,0.0,0.0,0.0,0.0,0.0,0.0,0.0,0.0,0.0,0.0,0.0,0.0,0.0,0.0,0.0,0.0,0.0,0.0,0.0,0.0,0.0,0.0,0.0,0.0,0.0,0.0,0.0,0.0,0.0,0.0,0.0,0.0,0.0,0.0,0.0,0.0,0.0,0.0,0.0,0.0,0.0,0.0,0.0,0.0,0.0,0.0,0.0,0.0,0.0,0.0,40780.31640625,23855.23046875,0.0,0.0,0.0,0.0,0.0,0.0,0.0,0.0,FL
325913,FL,1205,0.05217241868376732,1,0.0,0.0,16525.703125,1,0,0.0,0.0,62654.1875,40163.13671875,13231.8837890625,0.0,0.0,53395.0205078125,0.0,0.0,0.0,0.0,0.0,0.0,0.0,0.0,0.0,0.0,0.0,0.0,0.0,0.0,0.0,0.0,0.0,0.0,0.0,0.0,0.0,0.0,0.0,0.0,0.0,0.0,0.0,0.0,0.0,0.0,0.0,0.0,0.0,0.0,0.0,0.0,0.0,0.0,0.0,0.0,0.0,0.0,0.0,0.0,0.0,0.0,0.0,0.0,0.0,0.0,0.0,0.0,0.0,0.0,0.0,0.0,0.0,0.0,0.0,0.0,0.0,0.0,0.0,0.0,0.0,0.0,0.0,0.0,0.0,0.0,0.0,0.0,0.0,0.0,0.0,0.0,0.0,0.0,0.0,0.0,0.0,0.0,0.0,0.0,0.0,0.0,62654.1875,53395.0205078125,0.0,0.0,0.0,0.0,0.0,0.0,0.0,0.0,FL
325914,FL,1205,0.025970663875341415,4,1.0,298807.5546875,472151.65625,2,2,67963.828125,0.0,388603.25,6103.67236328125,0.0,0.0,0.0,6103.67236328125,-345.0,0.0,345.0,0.0,-627.0,0.0,627.0,0.0,0.0,0.0,0.0,0.0,500.0,0.0,-500.0,0.0,0.0,0.0,0.0,0.0,0.0,0.0,0.0,0.0,-630.6640625,0.0,630.6875,0.0,0.0,0.0,0.0,0.0,0.0,0.0,0.0,0.0,0.0,0.0,0.0,0.0,-146.833984375,0.0,146.8125,0.0,0.0,0.0,0.0,0.0,0.0,0.0,0.0,0.0,0.0,0.0,0.0,0.0,0.0,0.0,0.0,0.0,0.0,0.0,0.0,0.0,0.0,0.0,0.0,0.0,0.0,0.0,0.0,0.0,0.0,0.0,0.0,0.0,0.0,0.0,0.0,0.0,0.0,0.0,0.0,0.0,66714.330078125,0.0,389852.75,6103.67236328125,-1249.498046875,0.0,1249.5,0.0,-1.838475084977418,0.0,0.3215361535549164,0.0,FL
325915,FL,1205,0.822467565536499,2,0.0,49025.140625,1382553.625,2,0,312547.71875,0.0,1199033.625,50486.08984375,0.0,0.0,0.0,50486.08984375,0.0,0.0,0.0,0.0,0.0,0.0,0.0,0.0,0.0,0.0,0.0,0.0,0.0,0.0,0.0,0.0,0.0,0.0,0.0,0.0,0.0,0.0,0.0,0.0,-1640.53125,0.0,1640.5,0.0,0.0,0.0,0.0,0.0,0.0,0.0,0.0,0.0,0.0,0.0,0.0,0.0,-443.5,0.0,443.5,0.0,0.0,0.0,0.0,0.0,0.0,0.0,0.0,0.0,0.0,0.0,0.0,0.0,0.0,0.0,0.0,0.0,0.0,0.0,0.0,0.0,0.0,0.0,0.0,0.0,0.0,0.0,0.0,0.0,0.0,0.0,0.0,0.0,0.0,0.0,0.0,0.0,0.0,0.0,0.0,0.0,310463.6875,0.0,1201117.625,50486.08984375,-2084.03125,0.0,2084.0,0.0,-0.6667881814446934,0.0,0.17380663752555847,0.0,FL
325916,FL,1205,0.0983806848526001,1,0.0,77601.078125,506390.34375,1,0,94934.421875,0.0,407747.09375,0.0,0.0,0.0,0.0,0.0,-131.0,0.0,131.0,0.0,-228.0,0.0,228.0,0.0,0.0,0.0,0.0,0.0,0.0,0.0,0.0,0.0,0.0,0.0,0.0,0.0,0.0,0.0,0.0,0.0,-1172.7265625,0.0,1172.71875,0.0,0.0,0.0,0.0,0.0,0.0,0.0,0.0,0.0,0.0,0.0,0.0,0.0,0.0,0.0,0.0,0.0,0.0,0.0,0.0,0.0,0.0,0.0,0.0,0.0,0.0,0.0,0.0,0.0,0.0,0.0,0.0,0.0,0.0,0.0,0.0,0.0,0.0,0.0,0.0,0.0,0.0,0.0,0.0,0.0,0.0,0.0,0.0,0.0,0.0,0.0,0.0,0.0,0.0,0.0,0.0,0.0,93402.6953125,0.0,409278.8125,0.0,-1531.7265625,0.0,1531.71875,0.0,-1.613457513352556,0.0,0.3756541311740875,0.0,FL
325917,FL,1205,129.1321258544922,1,0.0,8272.4091796875,8272.4091796875,1,0,0.0,0.0,10709.1103515625,3069.53955078125,0.0,0.0,0.0,3069.53955078125,0.0,0.0,0.0,0.0,0.0,0.0,0.0,0.0,0.0,0.0,0.0,0.0,0.0,0.0,0.0,0.0,0.0,0.0,0.0,0.0,0.0,0.0,0.0,0.0,0.0,0.0,0.0,0.0,0.0,0.0,0.0,0.0,0.0,0.0,0.0,0.0,0.0,0.0,0.0,0.0,0.0,0.0,0.0,0.0,0.0,0.0,0.0,0.0,0.0,0.0,0.0,0.0,0.0,0.0,0.0,0.0,0.0,0.0,0.0,0.0,0.0,0.0,0.0,0.0,0.0,0.0,0.0,0.0,0.0,0.0,0.0,0.0,0.0,0.0,0.0,0.0,0.0,0.0,0.0,0.0,0.0,0.0,0.0,0.0,0.0,0.0,10709.1103515625,3069.53955078125,0.0,0.0,0.0,0.0,0.0,0.0,0.0,0.0,FL
325918,FL,1205,0.1136808693408966,2,0.0,269509.421875,553702.125,1,1,102612.421875,0.0,445337.59375,0.0,0.0,0.0,0.0,0.0,-292.0,0.0,292.0,0.0,-456.0,0.0,456.0,0.0,0.0,0.0,0.0,0.0,0.0,0.0,0.0,0.0,0.0,0.0,0.0,0.0,0.0,0.0,0.0,0.0,0.0,0.0,0.0,0.0,0.0,0.0,0.0,0.0,0.0,0.0,0.0,0.0,0.0,0.0,0.0,0.0,-480.0,0.0,480.0,0.0,0.0,0.0,0.0,0.0,0.0,0.0,0.0,0.0,0.0,0.0,0.0,0.0,0.0,0.0,0.0,0.0,0.0,0.0,0.0,0.0,0.0,0.0,0.0,0.0,0.0,0.0,0.0,0.0,0.0,0.0,0.0,0.0,0.0,0.0,0.0,0.0,0.0,0.0,0.0,0.0,101384.421875,0.0,446565.59375,0.0,-1228.0,0.0,1228.0,0.0,-1.1967362016812353,0.0,0.27574586868286133,0.0,FL
325919,FL,1205,0.03469913825392723,3,0.0,379918.484375,1186937.0,3,0,230884.78125,0.0,943579.5,12620.4326171875,0.0,0.0,0.0,12620.4326171875,-115.0,0.0,115.0,0.0,-209.0,0.0,209.0,0.0,0.0,0.0,0.0,0.0,0.0,0.0,0.0,0.0,0.0,0.0,0.0,0.0,0.0,0.0,0.0,0.0,0.0,0.0,0.0,0.0,0.0,0.0,0.0,0.0,0.0,0.0,0.0,0.0,0.0,0.0,0.0,0.0,-352.578125,0.0,352.5625,0.0,0.0,0.0,0.0,0.0,0.0,0.0,0.0,0.0,0.0,0.0,0.0,0.0,0.0,0.0,0.0,0.0,0.0,0.0,0.0,0.0,0.0,0.0,0.0,0.0,0.0,0.0,0.0,0.0,0.0,0.0,0.0,0.0,0.0,0.0,0.0,0.0,0.0,0.0,0.0,0.0,230208.203125,0.0,944256.0625,12620.4326171875,-676.578125,0.0,676.5625,0.0,-0.29303712498374124,0.0,0.07170169055461884,0.0,FL
325920,FL,1205,0.03467473387718201,2,0.0,214995.318359375,291995.537109375,2,0,53320.0078125,0.0,243338.75,15695.1572265625,0.0,0.0,0.0,15695.1572265625,-369.0,0.0,369.0,0.0,0.0,0.0,0.0,0.0,0.0,0.0,0.0,0.0,0.0,0.0,0.0,0.0,0.0,0.0,0.0,0.0,0.0,0.0,0.0,0.0,0.0,0.0,0.0,0.0,0.0,0.0,0.0,0.0,0.0,0.0,0.0,0.0,0.0,0.0,0.0,0.0,0.0,0.0,0.0,0.0,0.0,0.0,0.0,0.0,0.0,0.0,0.0,0.0,0.0,0.0,0.0,0.0,0.0,0.0,0.0,0.0,0.0,0.0,0.0,0.0,0.0,0.0,0.0,0.0,0.0,0.0,0.0,0.0,0.0,0.0,0.0,0.0,0.0,0.0,0.0,0.0,0.0,0.0,0.0,0.0,52951.0078125,0.0,243707.75,15695.1572265625,-369.0,0.0,369.0,0.0,-0.6920479106034452,0.0,0.15164045989513397,0.0,FL
325921,FL,1205,15.139228820800781,4,2.0,4154.119140625,34589.15234375,4,0,-1909.765625,0.0,88013.6796875,33086.0703125,5527.08642578125,13219.396484375,0.0,51832.55322265625,0.0,0.0,0.0,0.0,0.0,0.0,0.0,0.0,0.0,0.0,0.0,0.0,0.0,0.0,0.0,0.0,0.0,0.0,0.0,0.0,0.0,0.0,0.0,0.0,0.0,0.0,0.0,0.0,0.0,0.0,0.0,0.0,0.0,0.0,0.0,0.0,0.0,0.0,0.0,0.0,0.0,0.0,0.0,0.0,0.0,0.0,0.0,0.0,0.0,0.0,0.0,0.0,0.0,0.0,0.0,0.0,0.0,0.0,0.0,0.0,0.0,0.0,0.0,0.0,0.0,0.0,0.0,0.0,0.0,0.0,0.0,0.0,0.0,0.0,0.0,0.0,0.0,0.0,0.0,0.0,0.0,0.0,0.0,0.0,-1909.765625,0.0,88013.6796875,51832.55322265625,0.0,0.0,0.0,0.0,0.0,0.0,0.0,0.0,FL
325922,FL,1205,0.0616413950920105,5,2.0,138517.0390625,154293.9375,5,0,9499.974609375,0.0,139482.421875,0.0,0.0,0.0,0.0,0.0,-15.0,0.0,15.0,0.0,-341.999755859375,0.0,342.0,0.0,0.0,0.0,0.0,0.0,0.0,0.0,0.0,0.0,-200.0,0.0,200.0,0.0,0.0,0.0,0.0,0.0,-267.702392578125,0.0,267.703125,0.0,0.0,0.0,0.0,0.0,0.0,0.0,0.0,0.0,0.0,0.0,0.0,0.0,0.0,0.0,0.0,0.0,0.0,0.0,0.0,0.0,0.0,0.0,0.0,0.0,0.0,0.0,0.0,0.0,0.0,0.0,0.0,0.0,0.0,0.0,0.0,0.0,0.0,0.0,0.0,0.0,-226.722900390625,0.0,226.71875,0.0,0.0,0.0,0.0,0.0,0.0,0.0,0.0,0.0,0.0,0.0,0.0,0.0,8448.549560546875,0.0,140533.84375,0.0,-1051.425048828125,0.0,1051.421875,0.0,-11.067661673437861,0.0,0.7538024187088013,0.0,FL
325923,FL,1205,0.03861718997359276,3,1.0,136545.0380859375,220381.875,2,1,26977.61328125,0.0,179777.46875,0.0,0.0,0.0,0.0,0.0,-230.0,0.0,230.0,0.0,-418.0,0.0,418.0,0.0,0.0,0.0,0.0,0.0,0.0,0.0,0.0,0.0,0.0,0.0,0.0,0.0,0.0,0.0,0.0,0.0,0.0,0.0,0.0,0.0,0.0,0.0,0.0,0.0,0.0,0.0,0.0,0.0,0.0,0.0,0.0,0.0,-94.626953125,0.0,94.625,0.0,0.0,0.0,0.0,0.0,0.0,0.0,0.0,0.0,0.0,0.0,0.0,0.0,0.0,0.0,0.0,0.0,0.0,0.0,0.0,0.0,0.0,0.0,0.0,0.0,0.0,0.0,0.0,0.0,0.0,0.0,0.0,0.0,0.0,0.0,0.0,0.0,0.0,0.0,0.0,0.0,26234.986328125,0.0,180520.09375,0.0,-742.626953125,0.0,742.625,0.0,-2.75275260781183,0.0,0.4130801260471344,0.0,FL
325924,FL,1205,0.0752205029129982,2,0.0,45441.583984375,45441.583984375,1,1,1514.1583862304688,0.0,43265.28125,0.0,0.0,0.0,0.0,0.0,0.0,0.0,0.0,0.0,-189.99996948242188,0.0,190.0,0.0,0.0,0.0,0.0,0.0,0.0,0.0,0.0,0.0,0.0,0.0,0.0,0.0,0.0,0.0,0.0,0.0,0.0,0.0,0.0,0.0,0.0,0.0,0.0,0.0,0.0,0.0,0.0,0.0,0.0,0.0,0.0,0.0,0.0,0.0,0.0,0.0,0.0,0.0,0.0,0.0,0.0,0.0,0.0,0.0,0.0,0.0,0.0,0.0,0.0,0.0,0.0,0.0,0.0,0.0,0.0,0.0,0.0,0.0,0.0,0.0,0.0,0.0,0.0,0.0,0.0,0.0,0.0,0.0,0.0,0.0,0.0,0.0,0.0,0.0,0.0,0.0,1324.1584167480469,0.0,43455.28125,0.0,-189.99996948242188,0.0,190.0,0.0,-12.548222907871024,0.0,0.43915119767189026,0.0,FL
325925,FL,1205,0.10975729674100876,2,0.0,137589.67529296875,510206.44091796875,2,0,113317.0546875,0.0,468291.0625,27466.525390625,0.0,0.0,0.0,27466.525390625,-362.25,0.0,362.25,0.0,0.0,0.0,0.0,0.0,0.0,0.0,0.0,0.0,0.0,0.0,0.0,0.0,0.0,0.0,0.0,0.0,0.0,0.0,0.0,0.0,0.0,0.0,0.0,0.0,0.0,0.0,0.0,0.0,0.0,0.0,0.0,0.0,0.0,0.0,0.0,0.0,-144.625,0.0,144.625,0.0,0.0,0.0,0.0,0.0,0.0,0.0,0.0,0.0,-2118.9609375,0.0,2118.96875,0.0,0.0,0.0,0.0,0.0,0.0,0.0,0.0,0.0,0.0,0.0,0.0,0.0,0.0,0.0,0.0,0.0,0.0,0.0,0.0,0.0,0.0,0.0,0.0,0.0,0.0,0.0,0.0,0.0,110691.21875,0.0,470916.90625,27466.525390625,-2625.8359375,0.0,2625.84375,0.0,-2.317246900514134,0.0,0.5607289671897888,0.0,FL
325926,FL,1205,0.07181698828935623,2,0.0,132910.046875,270946.734375,2,0,36813.47265625,0.0,298835.6875,4337.96728515625,0.0,0.0,0.0,4337.96728515625,-246.0,0.0,246.0,0.0,-228.0,0.0,228.0,0.0,0.0,0.0,0.0,0.0,0.0,0.0,0.0,0.0,0.0,0.0,0.0,0.0,0.0,0.0,0.0,0.0,-205.3984375,0.0,205.375,0.0,0.0,0.0,0.0,0.0,0.0,0.0,0.0,0.0,0.0,0.0,0.0,0.0,-356.10107421875,0.0,356.125,0.0,0.0,0.0,0.0,0.0,0.0,0.0,0.0,0.0,-520.107421875,0.0,520.09375,0.0,0.0,0.0,0.0,0.0,0.0,0.0,0.0,0.0,-1065.9658203125,0.0,1065.96875,0.0,-45.39697265625,0.0,45.40625,0.0,0.0,0.0,0.0,0.0,0.0,0.0,0.0,0.0,0.0,0.0,0.0,0.0,34146.5029296875,0.0,301502.65625,4337.96728515625,-2666.9697265625,0.0,2666.96875,0.0,-7.244548080170632,0.0,0.8924532532691956,0.0,FL
325927,FL,1205,0.03321075811982155,1,0.0,75462.3359375,481373.8125,1,0,88316.9921875,0.0,391650.3125,0.0,0.0,0.0,0.0,0.0,-131.0,0.0,131.0,0.0,-228.0,0.0,228.0,0.0,0.0,0.0,0.0,0.0,0.0,0.0,0.0,0.0,0.0,0.0,0.0,0.0,0.0,0.0,0.0,0.0,-1172.7265625,0.0,1172.75,0.0,0.0,0.0,0.0,0.0,0.0,0.0,0.0,0.0,0.0,0.0,0.0,0.0,0.0,0.0,0.0,0.0,0.0,0.0,0.0,0.0,0.0,0.0,0.0,0.0,0.0,0.0,0.0,0.0,0.0,0.0,0.0,0.0,0.0,0.0,0.0,0.0,0.0,0.0,0.0,0.0,0.0,0.0,0.0,0.0,0.0,0.0,0.0,0.0,0.0,0.0,0.0,0.0,0.0,0.0,0.0,0.0,86785.265625,0.0,393182.0625,0.0,-1531.7265625,0.0,1531.75,0.0,-1.734350915447949,0.0,0.3911014199256897,0.0,FL
325928,FL,1205,0.20720216631889343,2,0.0,46900.7578125,46703.40625,2,0,567.594482421875,0.0,66629.8125,0.0,0.0,0.0,0.0,0.0,0.0,0.0,0.0,0.0,-190.0,0.0,190.0,0.0,0.0,0.0,0.0,0.0,0.0,0.0,0.0,0.0,0.0,0.0,0.0,0.0,0.0,0.0,0.0,0.0,0.0,0.0,0.0,0.0,0.0,0.0,0.0,0.0,0.0,0.0,0.0,0.0,0.0,0.0,0.0,0.0,-200.00006103515625,0.0,200.0,0.0,0.0,0.0,0.0,0.0,0.0,0.0,0.0,0.0,0.0,0.0,0.0,0.0,0.0,0.0,0.0,0.0,0.0,0.0,0.0,0.0,-177.59442138671875,0.0,177.59375,0.0,0.0,0.0,0.0,0.0,0.0,0.0,0.0,0.0,0.0,0.0,0.0,0.0,0.0,0.0,0.0,0.0,0.0,0.0,67197.40625,0.0,-567.594482421875,0.0,567.59375,0.0,-100.0,0.0,0.8518615961074829,0.0,FL
325929,FL,1205,97.42019653320312,1,0.0,0.0,7488.69970703125,1,0,0.0,0.0,34376.1328125,12197.53515625,13231.8837890625,0.0,0.0,25429.4189453125,0.0,0.0,0.0,0.0,0.0,0.0,0.0,0.0,0.0,0.0,0.0,0.0,0.0,0.0,0.0,0.0,0.0,0.0,0.0,0.0,0.0,0.0,0.0,0.0,0.0,0.0,0.0,0.0,0.0,0.0,0.0,0.0,0.0,0.0,0.0,0.0,0.0,0.0,0.0,0.0,0.0,0.0,0.0,0.0,0.0,0.0,0.0,0.0,0.0,0.0,0.0,0.0,0.0,0.0,0.0,0.0,0.0,0.0,0.0,0.0,0.0,0.0,0.0,0.0,0.0,0.0,0.0,0.0,0.0,0.0,0.0,0.0,0.0,0.0,0.0,0.0,0.0,0.0,0.0,0.0,0.0,0.0,0.0,0.0,0.0,0.0,34376.1328125,25429.4189453125,0.0,0.0,0.0,0.0,0.0,0.0,0.0,0.0,FL
325930,FL,1205,0.30903318524360657,2,0.0,72355.890625,80784.5625,2,0,5572.1474609375,0.0,71892.46875,0.0,0.0,0.0,0.0,0.0,-10.0,0.0,10.0,0.0,-228.0,0.0,228.0,0.0,0.0,0.0,0.0,0.0,0.0,0.0,0.0,0.0,0.0,0.0,0.0,0.0,0.0,0.0,0.0,0.0,0.0,0.0,0.0,0.0,0.0,0.0,0.0,0.0,0.0,0.0,0.0,0.0,0.0,0.0,0.0,0.0,0.0,0.0,0.0,0.0,0.0,0.0,0.0,0.0,0.0,0.0,0.0,0.0,0.0,0.0,0.0,0.0,0.0,0.0,0.0,0.0,0.0,0.0,0.0,0.0,0.0,0.0,0.0,0.0,-210.80859375,0.0,210.8125,0.0,0.0,0.0,0.0,0.0,0.0,0.0,0.0,0.0,0.0,0.0,0.0,0.0,5123.3388671875,0.0,72341.28125,0.0,-448.80859375,0.0,448.8125,0.0,-8.054499578417278,0.0,0.6242830753326416,0.0,FL
325931,FL,1205,0.13711239397525787,4,2.0,222528.8125,502344.6875,4,0,89806.4609375,0.0,404546.8125,0.0,0.0,0.0,0.0,0.0,-292.0,0.0,292.0,0.0,0.0,0.0,0.0,0.0,0.0,0.0,0.0,0.0,0.0,0.0,0.0,0.0,0.0,0.0,0.0,0.0,0.0,0.0,0.0,0.0,0.0,0.0,0.0,0.0,0.0,0.0,0.0,0.0,0.0,0.0,0.0,0.0,0.0,0.0,0.0,0.0,0.0,0.0,0.0,0.0,0.0,0.0,0.0,0.0,0.0,0.0,0.0,0.0,-1221.640625,0.0,1221.625,0.0,0.0,0.0,0.0,0.0,0.0,0.0,0.0,0.0,0.0,0.0,0.0,0.0,0.0,0.0,0.0,0.0,0.0,0.0,0.0,0.0,0.0,0.0,0.0,0.0,0.0,0.0,0.0,0.0,88292.8203125,0.0,406060.4375,0.0,-1513.640625,0.0,1513.625,0.0,-1.6854473600216853,0.0,0.3741532266139984,0.0,FL
325932,FL,1205,0.036277759820222855,2,1.0,96711.34375,102731.8203125,2,0,8055.0,0.0,90663.203125,0.0,0.0,0.0,0.0,0.0,-147.0,0.0,147.0,0.0,-324.5,0.0,324.5,0.0,0.0,0.0,0.0,0.0,0.0,0.0,0.0,0.0,-200.0,0.0,200.0,0.0,0.0,0.0,0.0,0.0,0.0,0.0,0.0,0.0,0.0,0.0,0.0,0.0,0.0,0.0,0.0,0.0,0.0,0.0,0.0,0.0,0.0,0.0,0.0,0.0,0.0,0.0,0.0,0.0,0.0,0.0,0.0,0.0,0.0,0.0,0.0,0.0,0.0,0.0,0.0,0.0,0.0,0.0,0.0,0.0,0.0,0.0,0.0,0.0,0.0,0.0,0.0,0.0,0.0,0.0,0.0,0.0,0.0,0.0,0.0,0.0,0.0,0.0,0.0,0.0,7383.5,0.0,91334.703125,0.0,-671.5,0.0,671.5,0.0,-8.336436995654871,0.0,0.7406532764434814,0.0,FL
325933,FL,1205,0.6456133127212524,2,0.0,770302.78125,787673.0,2,0,201101.3125,0.0,627856.75,0.0,0.0,0.0,0.0,0.0,-749.0,0.0,749.0,0.0,0.0,0.0,0.0,0.0,0.0,0.0,0.0,0.0,0.0,0.0,0.0,0.0,0.0,0.0,0.0,0.0,0.0,0.0,0.0,0.0,-1750.0,0.0,1750.0,0.0,0.0,0.0,0.0,0.0,0.0,0.0,0.0,0.0,0.0,0.0,0.0,0.0,0.0,0.0,0.0,0.0,0.0,0.0,0.0,0.0,0.0,0.0,0.0,0.0,0.0,0.0,0.0,0.0,0.0,0.0,0.0,0.0,0.0,0.0,0.0,0.0,0.0,0.0,0.0,0.0,0.0,0.0,0.0,0.0,0.0,0.0,0.0,0.0,0.0,0.0,0.0,0.0,0.0,0.0,0.0,0.0,198602.3125,0.0,630355.75,0.0,-2499.0,0.0,2499.0,0.0,-1.242657230295302,0.0,0.3980207145214081,0.0,FL
325934,FL,1205,0.04110807925462723,4,0.0,354958.328125,748429.5390625,4,0,125216.60107421875,0.0,599428.8125,0.0,0.0,0.0,0.0,0.0,-522.00048828125,0.0,522.0,0.0,-418.0,0.0,418.0,0.0,0.0,0.0,0.0,0.0,0.0,0.0,0.0,0.0,0.0,0.0,0.0,0.0,0.0,0.0,0.0,0.0,-1200.0,0.0,1200.0,0.0,0.0,0.0,0.0,0.0,0.0,0.0,0.0,0.0,0.0,0.0,0.0,0.0,0.0,0.0,0.0,0.0,0.0,0.0,0.0,0.0,0.0,0.0,0.0,0.0,0.0,0.0,0.0,0.0,-2489.40380859375,0.0,2489.375,0.0,0.0,0.0,0.0,0.0,0.0,0.0,0.0,0.0,-133.2177734375,0.0,133.1875,0.0,0.0,0.0,0.0,0.0,0.0,0.0,0.0,0.0,0.0,0.0,0.0,0.0,120453.97900390625,0.0,604191.375,0.0,-4762.6220703125,0.0,4762.5625,0.0,-3.8035069067955174,0.0,0.7945168018341064,0.0,FL
325935,FL,1205,0.23316529393196106,1,0.0,0.0,93670.203125,1,0,3240.5625,0.0,112542.53125,19213.48828125,0.0,0.0,0.0,19213.48828125,0.0,0.0,0.0,0.0,0.0,0.0,0.0,0.0,0.0,0.0,0.0,0.0,0.0,0.0,0.0,0.0,0.0,0.0,0.0,0.0,0.0,0.0,0.0,0.0,0.0,0.0,0.0,0.0,0.0,0.0,0.0,0.0,0.0,0.0,0.0,0.0,0.0,0.0,0.0,0.0,0.0,0.0,0.0,0.0,0.0,0.0,0.0,0.0,0.0,0.0,0.0,0.0,0.0,0.0,0.0,0.0,0.0,0.0,0.0,0.0,0.0,0.0,0.0,0.0,-731.96728515625,0.0,731.96875,0.0,-218.876953125,0.0,218.875,0.0,0.0,0.0,0.0,0.0,0.0,0.0,0.0,0.0,0.0,0.0,0.0,0.0,2289.71826171875,0.0,113493.375,19213.48828125,-950.84423828125,0.0,950.84375,0.0,-29.341950302802367,0.0,0.8448750972747803,0.0,FL
325936,FL,1205,496.0372009277344,3,0.0,11827.2783203125,11827.2783203125,3,0,0.0,0.0,21199.115234375,10164.0576171875,0.0,0.0,0.0,10164.0576171875,0.0,0.0,0.0,0.0,0.0,0.0,0.0,0.0,0.0,0.0,0.0,0.0,0.0,0.0,0.0,0.0,0.0,0.0,0.0,0.0,0.0,0.0,0.0,0.0,0.0,0.0,0.0,0.0,0.0,0.0,0.0,0.0,0.0,0.0,0.0,0.0,0.0,0.0,0.0,0.0,0.0,0.0,0.0,0.0,0.0,0.0,0.0,0.0,0.0,0.0,0.0,0.0,0.0,0.0,0.0,0.0,0.0,0.0,0.0,0.0,0.0,0.0,0.0,0.0,0.0,0.0,0.0,0.0,0.0,0.0,0.0,0.0,0.0,0.0,0.0,0.0,0.0,0.0,0.0,0.0,0.0,0.0,0.0,0.0,0.0,0.0,21199.115234375,10164.0576171875,0.0,0.0,0.0,0.0,0.0,0.0,0.0,0.0,FL
325937,FL,1205,0.09754901379346848,5,1.0,452368.46325683594,790104.2421875001,1,4,158428.21411132812,0.0,620053.8125,0.0,0.0,3978.6640625,4570.7734375,8549.4375,-759.0000000000291,0.0,759.0,0.0,-982.9523925780668,0.0,982.9375,0.0,0.0,0.0,0.0,0.0,1999.999999999971,0.0,-2000.0,0.0,0.0,0.0,0.0,0.0,0.0,0.0,0.0,0.0,0.0,0.0,0.0,0.0,0.0,0.0,0.0,0.0,0.0,0.0,0.0,0.0,0.0,0.0,0.0,0.0,-800.0,0.0,800.0,0.0,0.0,0.0,0.0,0.0,0.0,0.0,0.0,0.0,0.0,0.0,0.0,0.0,0.0,0.0,0.0,0.0,0.0,0.0,0.0,0.0,0.0,0.0,0.0,0.0,0.0,0.0,0.0,0.0,0.0,0.0,0.0,0.0,0.0,0.0,0.0,0.0,0.0,0.0,0.0,0.0,157886.26171875,0.0,620595.75,8549.4375,-541.952392578125,0.0,541.9375,0.0,-0.3420807307701474,0.0,0.08740168809890747,0.0,FL
325938,FL,1205,0.2089836299419403,4,2.0,147342.1640625,132345.109375,4,0,9240.923828125,0.0,113773.4921875,0.0,0.0,0.0,0.0,0.0,-189.5107421875,0.0,189.5078125,0.0,-228.0,0.0,228.0,0.0,0.0,0.0,0.0,0.0,0.0,0.0,0.0,0.0,-200.0,0.0,200.0,0.0,0.0,0.0,0.0,0.0,0.0,0.0,0.0,0.0,0.0,0.0,0.0,0.0,0.0,0.0,0.0,0.0,0.0,0.0,0.0,0.0,0.0,0.0,0.0,0.0,0.0,0.0,0.0,0.0,0.0,0.0,0.0,0.0,0.0,0.0,0.0,0.0,0.0,0.0,0.0,0.0,0.0,0.0,0.0,0.0,0.0,0.0,0.0,0.0,-233.7275390625,0.0,233.734375,0.0,0.0,0.0,0.0,0.0,0.0,0.0,0.0,0.0,0.0,0.0,0.0,0.0,8389.685546875,0.0,114624.734375,0.0,-851.23828125,0.0,851.2421875,0.0,-9.211614521258507,0.0,0.7481902241706848,0.0,FL
325939,FL,1205,0.27888673543930054,5,2.0,445397.99658203125,1246815.0014648438,4,1,323615.560546875,0.0,958601.4375,0.0,0.0,0.0,0.0,0.0,0.0,0.0,0.0,0.0,0.0,0.0,0.0,0.0,0.0,0.0,0.0,0.0,0.0,0.0,0.0,0.0,0.0,0.0,0.0,0.0,0.0,0.0,0.0,0.0,-1382.5625,0.0,1382.5625,0.0,0.0,0.0,0.0,0.0,0.0,0.0,0.0,0.0,0.0,0.0,0.0,0.0,0.0,0.0,0.0,0.0,0.0,0.0,0.0,0.0,0.0,0.0,0.0,0.0,0.0,0.0,0.0,0.0,0.0,0.0,0.0,0.0,0.0,0.0,0.0,0.0,0.0,0.0,0.0,0.0,0.0,0.0,0.0,0.0,0.0,0.0,0.0,0.0,0.0,0.0,0.0,0.0,0.0,0.0,0.0,0.0,322232.998046875,0.0,959984.0,0.0,-1382.5625,0.0,1382.5625,0.0,-0.4272237396939814,0.0,0.1442270427942276,0.0,FL
325940,FL,1205,0.9318256378173828,2,0.0,197350.3046875,607213.0,2,0,111715.34375,0.0,516494.9375,0.0,0.0,0.0,0.0,0.0,-292.0,0.0,292.0,0.0,0.0,0.0,0.0,0.0,0.0,0.0,0.0,0.0,0.0,0.0,0.0,0.0,0.0,0.0,0.0,0.0,0.0,0.0,0.0,0.0,-798.9296875,0.0,798.90625,0.0,0.0,0.0,0.0,0.0,0.0,0.0,0.0,0.0,0.0,0.0,0.0,0.0,0.0,0.0,0.0,0.0,0.0,0.0,0.0,0.0,0.0,0.0,0.0,0.0,0.0,0.0,0.0,0.0,0.0,0.0,0.0,0.0,0.0,0.0,0.0,0.0,0.0,0.0,0.0,0.0,0.0,0.0,0.0,0.0,0.0,0.0,0.0,0.0,0.0,0.0,0.0,0.0,0.0,0.0,0.0,0.0,110624.4140625,0.0,517585.84375,0.0,-1090.9296875,0.0,1090.90625,0.0,-0.9765262773046787,0.0,0.2112133502960205,0.0,FL
325941,FL,1205,0.017425015568733215,2,0.0,142647.921875,213545.625,2,0,28390.974609375,0.0,252035.9375,61054.1640625,0.0,0.0,0.0,61054.1640625,-230.0,0.0,230.0,0.0,-418.0,0.0,418.0,0.0,0.0,0.0,0.0,0.0,0.0,0.0,0.0,0.0,0.0,0.0,0.0,0.0,0.0,0.0,0.0,0.0,0.0,0.0,0.0,0.0,0.0,0.0,0.0,0.0,0.0,0.0,0.0,0.0,0.0,0.0,0.0,0.0,-435.548828125,0.0,435.53125,0.0,0.0,0.0,0.0,0.0,0.0,0.0,0.0,0.0,0.0,0.0,0.0,0.0,0.0,0.0,0.0,0.0,0.0,0.0,0.0,0.0,-1801.19921875,0.0,1801.203125,0.0,0.0,0.0,0.0,0.0,0.0,0.0,0.0,0.0,0.0,0.0,0.0,0.0,0.0,0.0,0.0,0.0,25506.2265625,0.0,254920.671875,61054.1640625,-2884.748046875,0.0,2884.734375,0.0,-10.160792598935387,0.0,1.1445726156234741,0.0,FL
325942,FL,1205,0.07790707051753998,4,1.0,224781.2109375,254207.8984375,4,0,27956.73828125,0.0,251974.625,34974.04296875,0.0,0.0,0.0,34974.04296875,-345.0,0.0,345.0,0.0,-627.0,0.0,627.0,0.0,0.0,0.0,0.0,0.0,0.0,0.0,0.0,0.0,-200.0,0.0,200.0,0.0,0.0,0.0,0.0,0.0,0.0,0.0,0.0,0.0,0.0,0.0,0.0,0.0,0.0,0.0,0.0,0.0,0.0,0.0,0.0,0.0,0.0,0.0,0.0,0.0,0.0,0.0,0.0,0.0,0.0,0.0,0.0,0.0,0.0,0.0,0.0,0.0,0.0,0.0,0.0,0.0,-450.791015625,0.0,450.78125,0.0,-894.8759765625,0.0,894.890625,0.0,-215.7958984375,0.0,215.796875,0.0,0.0,0.0,0.0,0.0,0.0,0.0,0.0,0.0,0.0,0.0,0.0,0.0,25223.275390625,0.0,254708.09375,34974.04296875,-2733.462890625,0.0,2733.46875,0.0,-9.777474264436192,0.0,1.0848190784454346,0.0,FL
325943,FL,1205,0.028320664539933205,3,1.0,194759.640625,236431.984375,3,0,29391.6455078125,0.0,192342.375,0.0,0.0,0.0,0.0,0.0,-262.0,0.0,262.0,0.0,-533.5,0.0,533.5,0.0,0.0,0.0,0.0,0.0,0.0,0.0,0.0,0.0,0.0,0.0,0.0,0.0,0.0,0.0,0.0,0.0,0.0,0.0,0.0,0.0,0.0,0.0,0.0,0.0,0.0,0.0,0.0,0.0,0.0,0.0,0.0,0.0,-220.0,0.0,220.0,0.0,0.0,0.0,0.0,0.0,0.0,0.0,0.0,0.0,0.0,0.0,0.0,0.0,0.0,0.0,0.0,0.0,0.0,0.0,0.0,0.0,0.0,0.0,0.0,0.0,0.0,0.0,0.0,0.0,0.0,0.0,0.0,0.0,0.0,0.0,0.0,0.0,0.0,0.0,0.0,0.0,28376.1455078125,0.0,193357.875,0.0,-1015.5,0.0,1015.5,0.0,-3.4550634455974,0.0,0.5279647707939148,0.0,FL
325944,FL,1205,211.4617462158203,2,0.0,0.0,7166.77490234375,2,0,0.0,0.0,83654.515625,38243.8671875,0.0,0.0,0.0,38243.8671875,0.0,0.0,0.0,0.0,0.0,0.0,0.0,0.0,0.0,0.0,0.0,0.0,0.0,0.0,0.0,0.0,0.0,0.0,0.0,0.0,0.0,0.0,0.0,0.0,0.0,0.0,0.0,0.0,0.0,0.0,0.0,0.0,0.0,0.0,0.0,0.0,0.0,0.0,0.0,0.0,0.0,0.0,0.0,0.0,0.0,0.0,0.0,0.0,0.0,0.0,0.0,0.0,0.0,0.0,0.0,0.0,0.0,0.0,0.0,0.0,0.0,0.0,0.0,0.0,0.0,0.0,0.0,0.0,0.0,0.0,0.0,0.0,0.0,0.0,0.0,0.0,0.0,0.0,0.0,0.0,0.0,0.0,0.0,0.0,0.0,0.0,83654.515625,38243.8671875,0.0,0.0,0.0,0.0,0.0,0.0,0.0,0.0,FL
325945,FL,1205,105.83447265625,1,0.0,4687.6982421875,4687.6982421875,1,0,0.0,0.0,27869.55078125,10308.5791015625,13231.8837890625,0.0,0.0,23540.462890625,0.0,0.0,0.0,0.0,0.0,0.0,0.0,0.0,0.0,0.0,0.0,0.0,0.0,0.0,0.0,0.0,0.0,0.0,0.0,0.0,0.0,0.0,0.0,0.0,0.0,0.0,0.0,0.0,0.0,0.0,0.0,0.0,0.0,0.0,0.0,0.0,0.0,0.0,0.0,0.0,0.0,0.0,0.0,0.0,0.0,0.0,0.0,0.0,0.0,0.0,0.0,0.0,0.0,0.0,0.0,0.0,0.0,0.0,0.0,0.0,0.0,0.0,0.0,0.0,0.0,0.0,0.0,0.0,0.0,0.0,0.0,0.0,0.0,0.0,-3596.0390625,-3596.03955078125,0.0,0.0,0.0,0.0,0.0,0.0,0.0,0.0,0.0,0.0,24273.51171875,19944.42333984375,0.0,0.0,-3596.0390625,-3596.03955078125,0.0,0.0,-12.90311050415039,-15.275993371453092,FL
325946,FL,1205,0.03531325235962868,4,1.0,188380.19140625,371756.1171875,4,0,53968.61865234375,0.0,315546.0,0.0,0.0,0.0,0.0,0.0,-297.0,0.0,297.0,0.0,0.0,0.0,0.0,0.0,0.0,0.0,0.0,0.0,0.0,0.0,0.0,0.0,-200.0,0.0,200.0,0.0,0.0,0.0,0.0,0.0,-721.98046875,0.0,721.96875,0.0,0.0,0.0,0.0,0.0,0.0,0.0,0.0,0.0,0.0,0.0,0.0,0.0,-450.7109375,0.0,450.71875,0.0,0.0,0.0,0.0,0.0,0.0,0.0,0.0,0.0,0.0,0.0,0.0,0.0,-2736.7578125,0.0,2736.75,0.0,-1326.2734375,0.0,1326.28125,0.0,0.0,0.0,0.0,0.0,0.0,0.0,0.0,0.0,0.0,0.0,0.0,0.0,0.0,0.0,0.0,0.0,0.0,0.0,0.0,0.0,48235.89599609375,0.0,321278.71875,0.0,-5732.72265625,0.0,5732.71875,0.0,-10.622326083939965,0.0,1.8167617321014404,0.0,FL
325947,FL,1205,0.02993529848754406,1,0.0,0.0,78058.28125,1,0,7496.390625,0.0,100224.1640625,26288.298828125,0.0,0.0,0.0,26288.298828125,-115.0,0.0,115.0,0.0,-209.0,0.0,209.0,0.0,0.0,0.0,0.0,0.0,0.0,0.0,0.0,0.0,0.0,0.0,0.0,0.0,0.0,0.0,0.0,0.0,-643.345703125,0.0,643.34375,0.0,0.0,0.0,0.0,0.0,0.0,0.0,0.0,0.0,0.0,0.0,0.0,0.0,0.0,0.0,0.0,0.0,0.0,0.0,0.0,0.0,0.0,0.0,0.0,0.0,0.0,0.0,0.0,0.0,0.0,0.0,0.0,0.0,0.0,0.0,0.0,0.0,-1336.505859375,0.0,1336.5078125,0.0,0.0,0.0,0.0,0.0,0.0,0.0,0.0,0.0,0.0,0.0,0.0,0.0,0.0,0.0,0.0,0.0,5192.5390625,0.0,102528.015625,26288.298828125,-2303.8515625,0.0,2303.8515625,0.0,-30.73281099862642,0.0,2.298698663711548,0.0,FL
325948,FL,1205,247.38597106933594,2,0.0,18455.01953125,54552.2734375,2,0,2095.227294921875,0.0,127513.84375,46431.5078125,0.0,0.0,0.0,46431.5078125,0.0,0.0,0.0,0.0,-190.0,0.0,190.0,0.0,0.0,0.0,0.0,0.0,0.0,0.0,0.0,0.0,0.0,0.0,0.0,0.0,0.0,0.0,0.0,0.0,0.0,0.0,0.0,0.0,0.0,0.0,0.0,0.0,0.0,0.0,0.0,0.0,0.0,0.0,0.0,0.0,0.0,0.0,0.0,0.0,0.0,0.0,0.0,0.0,0.0,0.0,0.0,0.0,0.0,0.0,0.0,0.0,0.0,0.0,0.0,0.0,0.0,0.0,0.0,0.0,-1199.9999389648438,0.0,1200.0,0.0,0.0,0.0,0.0,0.0,0.0,0.0,0.0,0.0,0.0,0.0,0.0,0.0,0.0,0.0,0.0,0.0,705.2273559570312,0.0,128903.84375,46431.5078125,-1389.9999389648438,0.0,1390.0,0.0,-66.34124814685907,0.0,1.0900776386260986,0.0,FL
325949,FL,1205,156.2429656982422,2,0.0,0.0,253360.65625,2,0,38251.5625,0.0,236263.0625,16937.69140625,0.0,0.0,0.0,16937.69140625,-292.0,0.0,292.0,0.0,-456.0,0.0,456.0,0.0,0.0,0.0,0.0,0.0,0.0,0.0,0.0,0.0,0.0,0.0,0.0,0.0,0.0,0.0,0.0,0.0,0.0,0.0,0.0,0.0,0.0,0.0,0.0,0.0,0.0,0.0,0.0,0.0,0.0,0.0,0.0,0.0,0.0,0.0,0.0,0.0,0.0,0.0,0.0,0.0,0.0,0.0,0.0,0.0,0.0,0.0,0.0,0.0,0.0,0.0,0.0,0.0,0.0,0.0,0.0,0.0,-1391.60546875,0.0,1391.609375,0.0,0.0,0.0,0.0,0.0,0.0,0.0,0.0,0.0,0.0,0.0,0.0,0.0,0.0,0.0,0.0,0.0,36111.95703125,0.0,238402.671875,16937.69140625,-2139.60546875,0.0,2139.609375,0.0,-5.593511294473265,0.0,0.9056046605110168,0.0,FL
325950,FL,1205,90.7158432006836,4,2.0,1443.943603515625,1443.943603515625,4,0,0.0,0.0,16249.6357421875,2261.924560546875,12091.40185546875,0.0,0.0,14353.326416015625,0.0,0.0,0.0,0.0,0.0,0.0,0.0,0.0,0.0,0.0,0.0,0.0,0.0,0.0,0.0,0.0,0.0,0.0,0.0,0.0,0.0,0.0,0.0,0.0,0.0,0.0,0.0,0.0,0.0,0.0,0.0,0.0,0.0,0.0,0.0,0.0,0.0,0.0,0.0,0.0,0.0,0.0,0.0,0.0,0.0,0.0,0.0,0.0,0.0,0.0,0.0,0.0,0.0,0.0,0.0,0.0,0.0,0.0,0.0,0.0,0.0,0.0,0.0,0.0,0.0,0.0,0.0,0.0,0.0,0.0,0.0,0.0,0.0,0.0,0.0,0.0,0.0,0.0,0.0,0.0,0.0,0.0,0.0,0.0,0.0,0.0,16249.6357421875,14353.326416015625,0.0,0.0,0.0,0.0,0.0,0.0,0.0,0.0,FL
325951,FL,1205,260.1898193359375,2,0.0,0.0,0.0,2,0,0.0,0.0,119328.515625,63199.16796875,0.0,0.0,0.0,63199.16796875,0.0,0.0,0.0,0.0,0.0,0.0,0.0,0.0,0.0,0.0,0.0,0.0,0.0,0.0,0.0,0.0,0.0,0.0,0.0,0.0,0.0,0.0,0.0,0.0,0.0,0.0,0.0,0.0,0.0,0.0,0.0,0.0,0.0,0.0,0.0,0.0,0.0,0.0,0.0,0.0,0.0,0.0,0.0,0.0,0.0,0.0,0.0,0.0,0.0,0.0,0.0,0.0,0.0,0.0,0.0,0.0,0.0,0.0,0.0,0.0,0.0,0.0,0.0,0.0,0.0,0.0,0.0,0.0,0.0,0.0,0.0,0.0,0.0,0.0,0.0,0.0,0.0,0.0,0.0,0.0,0.0,0.0,0.0,0.0,0.0,0.0,119328.515625,63199.16796875,0.0,0.0,0.0,0.0,0.0,0.0,0.0,0.0,FL
325952,FL,1205,83.74080657958984,4,2.0,23353.015625,23413.12890625,4,0,0.0,0.0,26092.390625,1130.9622802734375,2763.543212890625,0.0,0.0,3894.5054931640625,0.0,0.0,0.0,0.0,0.0,0.0,0.0,0.0,0.0,0.0,0.0,0.0,0.0,0.0,0.0,0.0,0.0,0.0,0.0,0.0,0.0,0.0,0.0,0.0,0.0,0.0,0.0,0.0,0.0,0.0,0.0,0.0,0.0,0.0,0.0,0.0,0.0,0.0,0.0,0.0,0.0,0.0,0.0,0.0,0.0,0.0,0.0,0.0,0.0,0.0,0.0,0.0,0.0,0.0,0.0,0.0,0.0,0.0,0.0,0.0,0.0,0.0,0.0,0.0,0.0,0.0,0.0,0.0,0.0,0.0,0.0,0.0,0.0,0.0,0.0,0.0,0.0,0.0,0.0,0.0,0.0,0.0,0.0,0.0,0.0,0.0,26092.390625,3894.5054931640625,0.0,0.0,0.0,0.0,0.0,0.0,0.0,0.0,FL
325953,FL,1205,312.2608642578125,1,0.0,0.0,1401.56689453125,1,0,0.0,0.0,60045.1875,32527.0625,0.0,0.0,0.0,32527.0625,0.0,0.0,0.0,0.0,0.0,0.0,0.0,0.0,0.0,0.0,0.0,0.0,0.0,0.0,0.0,0.0,0.0,0.0,0.0,0.0,0.0,0.0,0.0,0.0,0.0,0.0,0.0,0.0,0.0,0.0,0.0,0.0,0.0,0.0,0.0,0.0,0.0,0.0,0.0,0.0,0.0,0.0,0.0,0.0,0.0,0.0,0.0,0.0,0.0,0.0,0.0,0.0,0.0,0.0,0.0,0.0,0.0,0.0,0.0,0.0,0.0,0.0,0.0,0.0,0.0,0.0,0.0,0.0,0.0,0.0,0.0,0.0,0.0,0.0,0.0,0.0,0.0,0.0,0.0,0.0,0.0,0.0,0.0,0.0,0.0,0.0,60045.1875,32527.0625,0.0,0.0,0.0,0.0,0.0,0.0,0.0,0.0,FL
325954,FL,1205,0.03554103896021843,2,0.0,246072.0,471555.6015625,2,0,84225.8427734375,0.0,394544.8125,12699.998046875,0.0,0.0,0.0,12699.998046875,-374.0,0.0,374.0,0.0,-114.0,0.0,114.0,0.0,0.0,0.0,0.0,0.0,0.0,0.0,0.0,0.0,0.0,0.0,0.0,0.0,0.0,0.0,0.0,0.0,0.0,0.0,0.0,0.0,0.0,0.0,0.0,0.0,0.0,0.0,0.0,0.0,0.0,0.0,0.0,0.0,0.0,0.0,0.0,0.0,0.0,0.0,0.0,0.0,0.0,0.0,0.0,0.0,0.0,0.0,0.0,0.0,0.0,0.0,0.0,0.0,-1059.84130859375,0.0,1059.8125,0.0,0.0,0.0,0.0,0.0,0.0,0.0,0.0,0.0,0.0,0.0,0.0,0.0,0.0,0.0,0.0,0.0,0.0,0.0,0.0,0.0,82678.00146484375,0.0,396092.625,12699.998046875,-1547.84130859375,0.0,1547.8125,0.0,-1.8377273027203194,0.0,0.39230334758758545,0.0,FL
325955,FL,1205,0.40850263833999634,4,2.0,219064.6484375,844852.8125,4,0,202646.078125,0.0,659953.0625,12025.59765625,2763.543212890625,0.0,0.0,14789.140869140625,-749.0,0.0,749.0,0.0,0.0,0.0,0.0,0.0,0.0,0.0,0.0,0.0,0.0,0.0,0.0,0.0,0.0,0.0,0.0,0.0,0.0,0.0,0.0,0.0,-1841.734375,0.0,1841.75,0.0,0.0,0.0,0.0,0.0,0.0,0.0,0.0,0.0,0.0,0.0,0.0,0.0,0.0,0.0,0.0,0.0,0.0,0.0,0.0,0.0,0.0,0.0,0.0,0.0,0.0,0.0,0.0,0.0,0.0,0.0,0.0,0.0,0.0,0.0,0.0,0.0,0.0,0.0,0.0,0.0,0.0,0.0,0.0,0.0,0.0,0.0,0.0,0.0,0.0,0.0,0.0,0.0,0.0,0.0,0.0,0.0,200055.34375,0.0,662543.8125,14789.140869140625,-2590.734375,0.0,2590.75,0.0,-1.278452758114536,0.0,0.3925657868385315,0.0,FL
325956,FL,1205,106.70005798339844,1,0.0,0.0,1040.3382568359375,1,0,0.0,0.0,44936.875,22289.53515625,0.0,0.0,0.0,22289.53515625,0.0,0.0,0.0,0.0,0.0,0.0,0.0,0.0,0.0,0.0,0.0,0.0,0.0,0.0,0.0,0.0,0.0,0.0,0.0,0.0,0.0,0.0,0.0,0.0,0.0,0.0,0.0,0.0,0.0,0.0,0.0,0.0,0.0,0.0,0.0,0.0,0.0,0.0,0.0,0.0,0.0,0.0,0.0,0.0,0.0,0.0,0.0,0.0,0.0,0.0,0.0,0.0,0.0,0.0,0.0,0.0,0.0,0.0,0.0,0.0,0.0,0.0,0.0,0.0,0.0,0.0,0.0,0.0,0.0,0.0,0.0,0.0,0.0,0.0,0.0,0.0,0.0,0.0,0.0,0.0,0.0,0.0,0.0,0.0,0.0,0.0,44936.875,22289.53515625,0.0,0.0,0.0,0.0,0.0,0.0,0.0,0.0,FL
325957,FL,1205,0.035802409052848816,3,0.0,344670.6875,389539.984375,3,0,59617.0751953125,0.0,363316.53125,47254.4140625,0.0,0.0,0.0,47254.4140625,-361.0,0.0,361.0,0.0,-437.0,0.0,437.0,0.0,0.0,0.0,0.0,0.0,0.0,0.0,0.0,0.0,0.0,0.0,0.0,0.0,0.0,0.0,0.0,0.0,-893.0654296875,0.0,893.0625,0.0,0.0,0.0,0.0,0.0,0.0,0.0,0.0,0.0,0.0,0.0,0.0,0.0,-240.0,0.0,240.0,0.0,0.0,0.0,0.0,0.0,0.0,0.0,0.0,0.0,0.0,0.0,0.0,0.0,0.0,0.0,0.0,0.0,0.0,0.0,0.0,0.0,-1123.8984375,0.0,1123.90625,0.0,0.0,0.0,0.0,0.0,0.0,0.0,0.0,0.0,0.0,0.0,0.0,0.0,0.0,0.0,0.0,0.0,56562.111328125,0.0,366371.5,47254.4140625,-3054.9638671875,0.0,3054.96875,0.0,-5.124310203375596,0.0,0.8408559560775757,0.0,FL
325958,FL,1205,26.338237762451172,1,0.0,132634.296875,1751209.875,1,0,646500.75,0.0,1262759.0,0.0,0.0,0.0,0.0,0.0,-350.25,0.0,350.25,0.0,0.0,0.0,0.0,0.0,0.0,0.0,0.0,0.0,0.0,0.0,0.0,0.0,0.0,0.0,0.0,0.0,0.0,0.0,0.0,0.0,-1848.875,0.0,1849.0,0.0,0.0,0.0,0.0,0.0,0.0,0.0,0.0,0.0,0.0,0.0,0.0,0.0,0.0,0.0,0.0,0.0,0.0,0.0,0.0,0.0,0.0,0.0,0.0,0.0,0.0,0.0,0.0,0.0,0.0,0.0,0.0,0.0,0.0,0.0,0.0,0.0,0.0,0.0,0.0,0.0,0.0,0.0,0.0,0.0,0.0,0.0,0.0,0.0,0.0,0.0,0.0,0.0,0.0,0.0,0.0,0.0,644301.625,0.0,1264958.25,0.0,-2199.125,0.0,2199.25,0.0,-0.34015815140198985,0.0,0.17416229844093323,0.0,FL
325959,FL,1205,0.3926590383052826,4,1.0,202067.92578125,444804.54296875,4,0,68606.10363769531,0.0,383373.1875,4196.27490234375,0.0,0.0,0.0,4196.27490234375,-297.0,0.0,297.0,0.0,-570.0,0.0,570.0,0.0,0.0,0.0,0.0,0.0,0.0,0.0,0.0,0.0,0.0,0.0,0.0,0.0,0.0,0.0,0.0,0.0,0.0,0.0,0.0,0.0,0.0,0.0,0.0,0.0,0.0,0.0,0.0,0.0,0.0,0.0,0.0,0.0,-480.0,0.0,480.0,0.0,0.0,0.0,0.0,0.0,0.0,0.0,0.0,0.0,0.0,0.0,0.0,0.0,0.0,0.0,0.0,0.0,-143.88427734375,0.0,143.875,0.0,0.0,0.0,0.0,0.0,0.0,0.0,0.0,0.0,0.0,0.0,0.0,0.0,0.0,0.0,0.0,0.0,0.0,0.0,0.0,0.0,67115.21936035156,0.0,384864.0625,4196.27490234375,-1490.88427734375,0.0,1490.875,0.0,-2.1731073451088547,0.0,0.38888347148895264,0.0,FL
325960,FL,1205,0.04994978755712509,2,0.0,78806.46875,230219.671875,2,0,33111.6484375,0.0,192179.5625,0.0,0.0,0.0,0.0,0.0,-230.0,0.0,230.0,0.0,-418.00390625,0.0,418.0,0.0,0.0,0.0,0.0,0.0,0.0,0.0,0.0,0.0,0.0,0.0,0.0,0.0,0.0,0.0,0.0,0.0,-954.96875,0.0,954.96875,0.0,0.0,0.0,0.0,0.0,0.0,0.0,0.0,0.0,0.0,0.0,0.0,0.0,-307.271484375,0.0,307.28125,0.0,0.0,0.0,0.0,0.0,0.0,0.0,0.0,0.0,0.0,0.0,0.0,0.0,0.0,0.0,0.0,0.0,0.0,0.0,0.0,0.0,-261.1015625,0.0,261.09375,0.0,0.0,0.0,0.0,0.0,0.0,0.0,0.0,0.0,0.0,0.0,0.0,0.0,0.0,0.0,0.0,0.0,30940.302734375,0.0,194350.90625,0.0,-2171.345703125,0.0,2171.34375,0.0,-6.557649061850637,0.0,1.1298515796661377,0.0,FL
325961,FL,1205,0.03579108789563179,2,0.0,703381.4453125,820548.25,2,0,149183.625,0.0,649270.625,0.0,0.0,0.0,0.0,0.0,-749.0,0.0,749.0,0.0,0.0,0.0,0.0,0.0,0.0,0.0,0.0,0.0,0.0,0.0,0.0,0.0,0.0,0.0,0.0,0.0,0.0,0.0,0.0,0.0,-2000.0,0.0,2000.0,0.0,0.0,0.0,0.0,0.0,0.0,0.0,0.0,0.0,0.0,0.0,0.0,0.0,0.0,0.0,0.0,0.0,0.0,0.0,0.0,0.0,0.0,0.0,0.0,0.0,0.0,0.0,0.0,0.0,0.0,0.0,0.0,0.0,0.0,0.0,0.0,0.0,0.0,0.0,0.0,0.0,0.0,0.0,0.0,0.0,0.0,0.0,0.0,0.0,0.0,0.0,0.0,0.0,0.0,0.0,0.0,0.0,146434.625,0.0,652019.625,0.0,-2749.0,0.0,2749.0,0.0,-1.842695537127483,0.0,0.4233981966972351,0.0,FL
325962,FL,1205,0.028218379244208336,5,3.0,44135.1865234375,62617.01953125,5,0,-3050.8154296875,0.0,111986.40625,35799.07421875,0.0,0.0,6856.16015625,42655.234375,-10.0,0.0,10.0,0.0,-228.0,0.0,228.0,0.0,0.0,0.0,0.0,0.0,0.0,0.0,0.0,0.0,-600.0,0.0,600.0,0.0,0.0,0.0,0.0,0.0,-157.142333984375,0.0,157.15625,0.0,0.0,0.0,0.0,0.0,0.0,0.0,0.0,0.0,0.0,0.0,0.0,0.0,0.0,0.0,0.0,0.0,0.0,0.0,0.0,0.0,0.0,0.0,0.0,0.0,0.0,0.0,0.0,0.0,0.0,0.0,0.0,0.0,-763.448974609375,0.0,763.4375,0.0,0.0,0.0,0.0,0.0,-145.91748046875,0.0,145.921875,0.0,0.0,0.0,0.0,0.0,0.0,0.0,0.0,0.0,0.0,0.0,0.0,0.0,-4955.32421875,0.0,113890.921875,42655.234375,-1904.5087890625,0.0,1904.515625,0.0,-62.426221217111845,0.0,1.7006667852401733,0.0,FL
325963,FL,1205,1.0750415325164795,2,0.0,366927.171875,1748617.375,2,0,445659.21875,0.0,1282238.125,4835.78857421875,0.0,0.0,0.0,4835.78857421875,-734.0,0.0,734.0,0.0,0.0,0.0,0.0,0.0,0.0,0.0,0.0,0.0,0.0,0.0,0.0,0.0,0.0,0.0,0.0,0.0,0.0,0.0,0.0,0.0,-175.4375,0.0,175.5,0.0,0.0,0.0,0.0,0.0,0.0,0.0,0.0,0.0,0.0,0.0,0.0,0.0,0.0,0.0,0.0,0.0,0.0,0.0,0.0,0.0,0.0,0.0,0.0,0.0,0.0,0.0,0.0,0.0,0.0,0.0,0.0,0.0,0.0,0.0,0.0,0.0,0.0,0.0,0.0,0.0,0.0,0.0,0.0,0.0,0.0,0.0,0.0,0.0,0.0,0.0,0.0,0.0,0.0,0.0,0.0,0.0,444749.78125,0.0,1283147.625,4835.78857421875,-909.4375,0.0,909.5,0.0,-0.20406567658374059,0.0,0.07093065977096558,0.0,FL
325964,FL,1205,0.08784493058919907,1,0.0,55151.265625,79053.6875,1,0,8434.8115234375,0.0,105492.2890625,28120.490234375,0.0,0.0,0.0,28120.490234375,-115.0,0.0,115.0,0.0,-209.00048828125,0.0,209.0,0.0,0.0,0.0,0.0,0.0,0.0,0.0,0.0,0.0,0.0,0.0,0.0,0.0,0.0,0.0,0.0,0.0,0.0,0.0,0.0,0.0,0.0,0.0,0.0,0.0,0.0,0.0,0.0,0.0,0.0,0.0,0.0,0.0,0.0,0.0,0.0,0.0,0.0,0.0,0.0,0.0,0.0,0.0,0.0,0.0,0.0,0.0,0.0,0.0,0.0,0.0,0.0,0.0,0.0,0.0,0.0,0.0,-1266.49169921875,0.0,1266.4921875,0.0,0.0,0.0,0.0,0.0,0.0,0.0,0.0,0.0,0.0,0.0,0.0,0.0,0.0,0.0,0.0,0.0,6844.3193359375,0.0,107082.78125,28120.490234375,-1590.4921875,0.0,1590.4921875,0.0,-18.856286036511403,0.0,1.507685661315918,0.0,FL
325965,FL,1205,64.67362976074219,1,0.0,0.0,0.0,1,0,0.0,0.0,34990.078125,17803.880859375,0.0,0.0,0.0,17803.880859375,0.0,0.0,0.0,0.0,0.0,0.0,0.0,0.0,0.0,0.0,0.0,0.0,0.0,0.0,0.0,0.0,0.0,0.0,0.0,0.0,0.0,0.0,0.0,0.0,0.0,0.0,0.0,0.0,0.0,0.0,0.0,0.0,0.0,0.0,0.0,0.0,0.0,0.0,0.0,0.0,0.0,0.0,0.0,0.0,0.0,0.0,0.0,0.0,0.0,0.0,0.0,0.0,0.0,0.0,0.0,0.0,0.0,0.0,0.0,0.0,0.0,0.0,0.0,0.0,0.0,0.0,0.0,0.0,0.0,0.0,0.0,0.0,0.0,0.0,0.0,0.0,0.0,0.0,0.0,0.0,0.0,0.0,0.0,0.0,0.0,0.0,34990.078125,17803.880859375,0.0,0.0,0.0,0.0,0.0,0.0,0.0,0.0,FL
325966,FL,1205,0.048833418637514114,4,2.0,154131.078125,162650.828125,4,0,14119.21875,0.0,161701.265625,0.0,0.0,0.0,0.0,0.0,-230.0,0.0,230.0,0.0,-418.0,0.0,418.0,0.0,0.0,0.0,0.0,0.0,0.0,0.0,0.0,0.0,-400.0,0.0,400.0,0.0,0.0,0.0,0.0,0.0,-448.037109375,0.0,448.046875,0.0,0.0,0.0,0.0,0.0,0.0,0.0,0.0,0.0,0.0,0.0,0.0,0.0,-281.892578125,0.0,281.890625,0.0,0.0,0.0,0.0,0.0,0.0,0.0,0.0,0.0,0.0,0.0,0.0,0.0,0.0,0.0,0.0,0.0,0.0,0.0,0.0,0.0,0.0,0.0,0.0,0.0,0.0,0.0,0.0,0.0,0.0,0.0,0.0,0.0,0.0,0.0,0.0,0.0,0.0,0.0,0.0,0.0,12341.2890625,0.0,163479.203125,0.0,-1777.9296875,0.0,1777.9375,0.0,-12.592266746345295,0.0,1.0995198488235474,0.0,FL
325967,FL,1205,0.03748345002532005,2,0.0,73343.76953125,199922.34375,2,0,25698.5703125,0.0,171314.5625,0.0,0.0,0.0,0.0,0.0,-230.0,0.0,230.0,0.0,-418.0,0.0,418.0,0.0,0.0,0.0,0.0,0.0,0.0,0.0,0.0,0.0,0.0,0.0,0.0,0.0,0.0,0.0,0.0,0.0,0.0,0.0,0.0,0.0,0.0,0.0,0.0,0.0,0.0,0.0,0.0,0.0,0.0,0.0,0.0,0.0,-249.17578125,0.0,249.171875,0.0,0.0,0.0,0.0,0.0,0.0,0.0,0.0,0.0,0.0,0.0,0.0,0.0,0.0,0.0,0.0,0.0,0.0,0.0,0.0,0.0,0.0,0.0,0.0,0.0,0.0,0.0,0.0,0.0,0.0,0.0,0.0,0.0,0.0,0.0,0.0,0.0,0.0,0.0,0.0,0.0,24801.39453125,0.0,172211.734375,0.0,-897.17578125,0.0,897.171875,0.0,-3.491150559506442,0.0,0.5236985683441162,0.0,FL
325968,FL,1205,2.110715389251709,1,0.0,344567.75,1402510.625,1,0,345987.78125,0.0,1119678.5,0.0,0.0,0.0,0.0,0.0,-362.25,0.0,362.25,0.0,0.0,0.0,0.0,0.0,0.0,0.0,0.0,0.0,0.0,0.0,0.0,0.0,0.0,0.0,0.0,0.0,0.0,0.0,0.0,0.0,-1750.0,0.0,1750.0,0.0,0.0,0.0,0.0,0.0,0.0,0.0,0.0,0.0,0.0,0.0,0.0,0.0,0.0,0.0,0.0,0.0,0.0,0.0,0.0,0.0,0.0,0.0,0.0,0.0,0.0,0.0,0.0,0.0,0.0,0.0,0.0,0.0,0.0,0.0,0.0,0.0,0.0,0.0,0.0,0.0,0.0,0.0,0.0,0.0,0.0,0.0,0.0,0.0,0.0,0.0,0.0,0.0,0.0,0.0,0.0,0.0,343875.53125,0.0,1121790.75,0.0,-2112.25,0.0,2112.25,0.0,-0.6104984379415855,0.0,0.18864789605140686,0.0,FL
325969,FL,1205,0.045965272933244705,7,5.0,168067.859375,169547.875,7,0,10269.087890624998,0.0,146556.65625,0.0,0.0,0.0,0.0,0.0,-229.99999999999636,0.0,230.0,0.0,-418.0000000000018,0.0,418.0,0.0,0.0,0.0,0.0,0.0,0.0,0.0,0.0,0.0,-1000.0,0.0,1000.0,0.0,0.0,0.0,0.0,0.0,0.0,0.0,0.0,0.0,0.0,0.0,0.0,0.0,0.0,0.0,0.0,0.0,0.0,0.0,0.0,0.0,-288.6367187500018,0.0,288.640625,0.0,0.0,0.0,0.0,0.0,0.0,0.0,0.0,0.0,0.0,0.0,0.0,0.0,0.0,0.0,0.0,0.0,0.0,0.0,0.0,0.0,0.0,0.0,0.0,0.0,0.0,0.0,0.0,0.0,0.0,0.0,0.0,0.0,0.0,0.0,0.0,0.0,0.0,0.0,0.0,0.0,8332.451171874998,0.0,148493.296875,0.0,-1936.63671875,0.0,1936.640625,0.0,-18.8588971033934,0.0,1.3214279413223267,0.0,FL
325970,FL,1205,0.3703009784221649,3,1.0,268522.09619140625,548262.6875,3,0,106405.8828125,0.0,428470.4375,0.0,0.0,0.0,0.0,0.0,0.0,0.0,0.0,0.0,0.0,0.0,0.0,0.0,0.0,0.0,0.0,0.0,0.0,0.0,0.0,0.0,0.0,0.0,0.0,0.0,0.0,0.0,0.0,0.0,-1150.1484375,0.0,1150.15625,0.0,0.0,0.0,0.0,0.0,0.0,0.0,0.0,0.0,0.0,0.0,0.0,0.0,0.0,0.0,0.0,0.0,0.0,0.0,0.0,0.0,0.0,0.0,0.0,0.0,0.0,0.0,0.0,0.0,0.0,0.0,0.0,0.0,0.0,0.0,0.0,0.0,0.0,0.0,0.0,0.0,0.0,0.0,0.0,0.0,0.0,0.0,0.0,0.0,0.0,0.0,0.0,0.0,0.0,0.0,0.0,0.0,105255.734375,0.0,429620.59375,0.0,-1150.1484375,0.0,1150.15625,0.0,-1.0809068137019269,0.0,0.2684330642223358,0.0,FL
325971,FL,1205,137.04864501953125,1,0.0,0.0,0.0,1,0,0.0,0.0,3596.039794921875,3596.039794921875,0.0,0.0,0.0,3596.039794921875,0.0,0.0,0.0,0.0,0.0,0.0,0.0,0.0,0.0,0.0,0.0,0.0,0.0,0.0,0.0,0.0,0.0,0.0,0.0,0.0,0.0,0.0,0.0,0.0,0.0,0.0,0.0,0.0,0.0,0.0,0.0,0.0,0.0,0.0,0.0,0.0,0.0,0.0,0.0,0.0,0.0,0.0,0.0,0.0,0.0,0.0,0.0,0.0,0.0,0.0,0.0,0.0,0.0,0.0,0.0,0.0,0.0,0.0,0.0,0.0,0.0,0.0,0.0,0.0,0.0,0.0,0.0,0.0,0.0,0.0,0.0,0.0,0.0,0.0,0.0,0.0,0.0,0.0,0.0,0.0,0.0,0.0,0.0,0.0,0.0,0.0,3596.039794921875,3596.039794921875,0.0,0.0,0.0,0.0,0.0,0.0,0.0,0.0,FL
325972,FL,1205,273.5748596191406,2,0.0,15952.1865234375,31324.7890625,2,0,0.0,0.0,175482.53125,78148.8046875,0.0,0.0,0.0,78148.8046875,0.0,0.0,0.0,0.0,0.0,0.0,0.0,0.0,0.0,0.0,0.0,0.0,0.0,0.0,0.0,0.0,0.0,0.0,0.0,0.0,0.0,0.0,0.0,0.0,0.0,0.0,0.0,0.0,0.0,0.0,0.0,0.0,0.0,0.0,0.0,0.0,0.0,0.0,0.0,0.0,0.0,0.0,0.0,0.0,0.0,0.0,0.0,0.0,0.0,0.0,0.0,0.0,0.0,0.0,0.0,0.0,0.0,0.0,0.0,0.0,0.0,0.0,0.0,0.0,0.0,0.0,0.0,0.0,0.0,0.0,0.0,0.0,0.0,0.0,0.0,0.0,0.0,0.0,0.0,0.0,0.0,0.0,0.0,0.0,0.0,0.0,175482.53125,78148.8046875,0.0,0.0,0.0,0.0,0.0,0.0,0.0,0.0,FL
325973,FL,1205,0.034788891673088074,2,0.0,40515.90625,40515.90625,2,0,1140.6691284179688,0.0,10446.0029296875,0.0,0.0,4614.423828125,0.0,4614.423828125,-5.0,0.0,5.0,0.0,-114.0,0.0,114.0,0.0,0.0,0.0,0.0,0.0,0.0,0.0,0.0,0.0,0.0,0.0,0.0,0.0,0.0,0.0,0.0,0.0,0.0,0.0,0.0,0.0,0.0,0.0,0.0,0.0,0.0,0.0,0.0,0.0,0.0,0.0,0.0,0.0,0.0,0.0,0.0,0.0,0.0,0.0,0.0,0.0,0.0,0.0,0.0,0.0,0.0,0.0,0.0,0.0,0.0,0.0,0.0,0.0,0.0,0.0,0.0,0.0,0.0,0.0,0.0,0.0,0.0,0.0,0.0,0.0,0.0,0.0,0.0,0.0,0.0,0.0,0.0,0.0,0.0,0.0,0.0,0.0,1021.6691284179688,0.0,10565.0029296875,4614.423828125,-119.0,0.0,119.0,0.0,-10.432473101559694,0.0,1.139191746711731,0.0,FL
325974,FL,1205,24.276548385620117,1,0.0,5363.2783203125,5363.2783203125,1,0,0.0,0.0,5809.037109375,856.0493774414062,0.0,0.0,0.0,856.0493774414062,0.0,0.0,0.0,0.0,0.0,0.0,0.0,0.0,0.0,0.0,0.0,0.0,0.0,0.0,0.0,0.0,0.0,0.0,0.0,0.0,0.0,0.0,0.0,0.0,0.0,0.0,0.0,0.0,0.0,0.0,0.0,0.0,0.0,0.0,0.0,0.0,0.0,0.0,0.0,0.0,0.0,0.0,0.0,0.0,0.0,0.0,0.0,0.0,0.0,0.0,0.0,0.0,0.0,0.0,0.0,0.0,0.0,0.0,0.0,0.0,0.0,0.0,0.0,0.0,0.0,0.0,0.0,0.0,0.0,0.0,0.0,0.0,0.0,0.0,0.0,0.0,0.0,0.0,0.0,0.0,0.0,0.0,0.0,0.0,0.0,0.0,5809.037109375,856.0493774414062,0.0,0.0,0.0,0.0,0.0,0.0,0.0,0.0,FL
325975,FL,1205,0.03079339675605297,2,0.0,205458.9453125,499728.09375,2,0,81819.5625,0.0,402190.9375,0.0,0.0,0.0,0.0,0.0,-230.0,0.0,230.0,0.0,-418.0,0.0,418.0,0.0,0.0,0.0,0.0,0.0,0.0,0.0,0.0,0.0,0.0,0.0,0.0,0.0,0.0,0.0,0.0,0.0,0.0,0.0,0.0,0.0,0.0,0.0,0.0,0.0,0.0,0.0,0.0,0.0,0.0,0.0,0.0,0.0,-82.578125,0.0,82.5625,0.0,0.0,0.0,0.0,0.0,0.0,0.0,0.0,0.0,0.0,0.0,0.0,0.0,0.0,0.0,0.0,0.0,0.0,0.0,0.0,0.0,0.0,0.0,0.0,0.0,0.0,0.0,0.0,0.0,0.0,0.0,0.0,0.0,0.0,0.0,0.0,0.0,0.0,0.0,0.0,0.0,81088.984375,0.0,402921.5,0.0,-730.578125,0.0,730.5625,0.0,-0.8929137515248875,0.0,0.1816456913948059,0.0,FL
325976,FL,1205,0.027599232271313667,3,1.0,163142.830078125,166640.5625,3,0,19464.8046875,0.0,137458.890625,0.0,2763.543212890625,0.0,0.0,2763.543212890625,-230.0,0.0,230.0,0.0,-418.0,0.0,418.0,0.0,0.0,0.0,0.0,0.0,0.0,0.0,0.0,0.0,0.0,0.0,0.0,0.0,0.0,0.0,0.0,0.0,0.0,0.0,0.0,0.0,0.0,0.0,0.0,0.0,0.0,0.0,0.0,0.0,0.0,0.0,0.0,0.0,-440.001953125,0.0,440.0,0.0,0.0,0.0,0.0,0.0,0.0,0.0,0.0,0.0,0.0,0.0,0.0,0.0,0.0,0.0,0.0,0.0,0.0,0.0,0.0,0.0,0.0,0.0,0.0,0.0,0.0,0.0,0.0,0.0,0.0,0.0,0.0,0.0,0.0,0.0,0.0,0.0,0.0,0.0,0.0,0.0,18376.802734375,0.0,138546.890625,2763.543212890625,-1088.001953125,0.0,1088.0,0.0,-5.589585770792235,0.0,0.7915093302726746,0.0,FL
325977,FL,1205,153.2723846435547,1,0.0,0.0,0.0,1,0,0.0,0.0,31556.44140625,18324.55859375,13231.8837890625,0.0,0.0,31556.4423828125,0.0,0.0,0.0,0.0,0.0,0.0,0.0,0.0,0.0,0.0,0.0,0.0,0.0,0.0,0.0,0.0,0.0,0.0,0.0,0.0,0.0,0.0,0.0,0.0,0.0,0.0,0.0,0.0,0.0,0.0,0.0,0.0,0.0,0.0,0.0,0.0,0.0,0.0,0.0,0.0,0.0,0.0,0.0,0.0,0.0,0.0,0.0,0.0,0.0,0.0,0.0,0.0,0.0,0.0,0.0,0.0,0.0,0.0,0.0,0.0,0.0,0.0,0.0,0.0,0.0,0.0,0.0,0.0,0.0,0.0,0.0,0.0,0.0,0.0,0.0,0.0,0.0,0.0,0.0,0.0,0.0,0.0,0.0,0.0,0.0,0.0,31556.44140625,31556.4423828125,0.0,0.0,0.0,0.0,0.0,0.0,0.0,0.0,FL
325978,FL,1205,0.04350339248776436,2,0.0,43945.5322265625,41613.73828125,2,0,65.744384765625,0.0,52206.62890625,0.0,0.0,0.0,0.0,0.0,0.0,0.0,0.0,0.0,-65.744384765625,0.0,65.74609375,0.0,0.0,0.0,0.0,0.0,0.0,0.0,0.0,0.0,0.0,0.0,0.0,0.0,0.0,0.0,0.0,0.0,0.0,0.0,0.0,0.0,0.0,0.0,0.0,0.0,0.0,0.0,0.0,0.0,0.0,0.0,0.0,0.0,0.0,0.0,0.0,0.0,0.0,0.0,0.0,0.0,0.0,0.0,0.0,0.0,0.0,0.0,0.0,0.0,0.0,0.0,0.0,0.0,0.0,0.0,0.0,0.0,0.0,0.0,0.0,0.0,0.0,0.0,0.0,0.0,0.0,0.0,0.0,0.0,0.0,0.0,0.0,0.0,0.0,0.0,0.0,0.0,0.0,0.0,52272.375,0.0,-65.744384765625,0.0,65.74609375,0.0,-100.0,0.0,0.12593437731266022,0.0,FL
325979,FL,1205,0.06300469487905502,4,1.0,113418.8203125,114230.236328125,4,0,5762.81240272522,0.0,128940.625,0.0,0.0,19605.703125,0.0,19605.703125,-10.0,0.0,10.0,0.0,-251.78066444396973,0.0,251.78125,0.0,0.0,0.0,0.0,0.0,0.0,0.0,0.0,0.0,-200.0,0.0,200.0,0.0,0.0,0.0,0.0,0.0,0.0,0.0,0.0,0.0,0.0,0.0,0.0,0.0,0.0,0.0,0.0,0.0,0.0,0.0,0.0,0.0,-125.49658203125,0.0,125.4921875,0.0,0.0,0.0,0.0,0.0,0.0,0.0,0.0,0.0,0.0,0.0,0.0,0.0,0.0,0.0,0.0,0.0,0.0,0.0,0.0,0.0,0.0,0.0,0.0,0.0,0.0,0.0,0.0,0.0,0.0,0.0,0.0,0.0,0.0,0.0,0.0,0.0,0.0,0.0,0.0,0.0,5175.53515625,0.0,129527.8984375,19605.703125,-587.2772464752197,0.0,587.2734375,0.0,-10.19080971987736,0.0,0.4554603695869446,0.0,FL
325980,FL,1205,47.545692443847656,1,0.0,0.0,4883.810546875,1,0,0.0,0.0,50713.609375,23058.7421875,0.0,0.0,0.0,23058.7421875,0.0,0.0,0.0,0.0,0.0,0.0,0.0,0.0,0.0,0.0,0.0,0.0,0.0,0.0,0.0,0.0,0.0,0.0,0.0,0.0,0.0,0.0,0.0,0.0,0.0,0.0,0.0,0.0,0.0,0.0,0.0,0.0,0.0,0.0,0.0,0.0,0.0,0.0,0.0,0.0,0.0,0.0,0.0,0.0,0.0,0.0,0.0,0.0,0.0,0.0,0.0,0.0,0.0,0.0,0.0,0.0,0.0,0.0,0.0,0.0,0.0,0.0,0.0,0.0,0.0,0.0,0.0,0.0,0.0,0.0,0.0,0.0,0.0,0.0,0.0,0.0,0.0,0.0,0.0,0.0,0.0,0.0,0.0,0.0,0.0,0.0,50713.609375,23058.7421875,0.0,0.0,0.0,0.0,0.0,0.0,0.0,0.0,FL
325981,FL,1205,0.04630871117115021,2,0.0,0.0,15498.482421875,2,0,0.0,0.0,119802.0234375,52539.5390625,0.0,0.0,0.0,52539.5390625,0.0,0.0,0.0,0.0,0.0,0.0,0.0,0.0,0.0,0.0,0.0,0.0,0.0,0.0,0.0,0.0,0.0,0.0,0.0,0.0,0.0,0.0,0.0,0.0,0.0,0.0,0.0,0.0,0.0,0.0,0.0,0.0,0.0,0.0,0.0,0.0,0.0,0.0,0.0,0.0,0.0,0.0,0.0,0.0,0.0,0.0,0.0,0.0,0.0,0.0,0.0,0.0,0.0,0.0,0.0,0.0,0.0,0.0,0.0,0.0,0.0,0.0,0.0,0.0,0.0,0.0,0.0,0.0,0.0,0.0,0.0,0.0,0.0,0.0,0.0,0.0,0.0,0.0,0.0,0.0,0.0,0.0,0.0,0.0,0.0,0.0,119802.0234375,52539.5390625,0.0,0.0,0.0,0.0,0.0,0.0,0.0,0.0,FL
325982,FL,1205,132.17198181152344,1,0.0,0.0,12281.771484375,1,0,0.0,0.0,41343.91015625,14674.9111328125,0.0,0.0,0.0,14674.9111328125,0.0,0.0,0.0,0.0,0.0,0.0,0.0,0.0,0.0,0.0,0.0,0.0,0.0,0.0,0.0,0.0,0.0,0.0,0.0,0.0,0.0,0.0,0.0,0.0,0.0,0.0,0.0,0.0,0.0,0.0,0.0,0.0,0.0,0.0,0.0,0.0,0.0,0.0,0.0,0.0,0.0,0.0,0.0,0.0,0.0,0.0,0.0,0.0,0.0,0.0,0.0,0.0,0.0,0.0,0.0,0.0,0.0,0.0,0.0,0.0,0.0,0.0,0.0,0.0,0.0,0.0,0.0,0.0,0.0,0.0,0.0,0.0,0.0,0.0,0.0,0.0,0.0,0.0,0.0,0.0,0.0,0.0,0.0,0.0,0.0,0.0,41343.91015625,14674.9111328125,0.0,0.0,0.0,0.0,0.0,0.0,0.0,0.0,FL
325983,FL,1205,0.0423189140856266,4,3.0,238585.40625,236903.671875,4,0,38267.5234375,0.0,188085.9375,0.0,0.0,0.0,0.0,0.0,-351.87890625,0.0,351.875,0.0,0.0,0.0,0.0,0.0,0.0,0.0,0.0,0.0,0.0,0.0,0.0,0.0,-200.0,0.0,200.0,0.0,0.0,0.0,0.0,0.0,0.0,0.0,0.0,0.0,0.0,0.0,0.0,0.0,0.0,0.0,0.0,0.0,0.0,0.0,0.0,0.0,0.0,0.0,0.0,0.0,0.0,0.0,0.0,0.0,0.0,0.0,0.0,0.0,0.0,0.0,0.0,0.0,0.0,0.0,0.0,0.0,0.0,0.0,0.0,0.0,0.0,0.0,0.0,0.0,0.0,0.0,0.0,0.0,0.0,0.0,0.0,0.0,0.0,0.0,0.0,0.0,0.0,0.0,0.0,0.0,37715.64453125,0.0,188637.8125,0.0,-551.87890625,0.0,551.875,0.0,-1.4421599745051439,0.0,0.29341641068458557,0.0,FL
325984,FL,1205,143.89837646484375,2,1.0,0.0,0.0,2,0,0.0,0.0,17456.388671875,1460.9622802734375,15995.427001953125,0.0,0.0,17456.389282226562,0.0,0.0,0.0,0.0,0.0,0.0,0.0,0.0,0.0,0.0,0.0,0.0,0.0,0.0,0.0,0.0,0.0,0.0,0.0,0.0,0.0,0.0,0.0,0.0,0.0,0.0,0.0,0.0,0.0,0.0,0.0,0.0,0.0,0.0,0.0,0.0,0.0,0.0,0.0,0.0,0.0,0.0,0.0,0.0,0.0,0.0,0.0,0.0,0.0,0.0,0.0,0.0,0.0,0.0,0.0,0.0,0.0,0.0,0.0,0.0,0.0,0.0,0.0,0.0,0.0,0.0,0.0,0.0,0.0,0.0,0.0,0.0,0.0,0.0,0.0,0.0,0.0,0.0,0.0,0.0,0.0,0.0,0.0,0.0,0.0,0.0,17456.388671875,17456.389282226562,0.0,0.0,0.0,0.0,0.0,0.0,0.0,0.0,FL
325985,FL,1205,0.029786333441734314,2,0.0,381066.1484375,486130.25,2,0,93461.8828125,0.0,381669.59375,11771.3681640625,0.0,0.0,0.0,11771.3681640625,-292.0,0.0,292.0,0.0,-456.0,0.0,456.0,0.0,0.0,0.0,0.0,0.0,0.0,0.0,0.0,0.0,0.0,0.0,0.0,0.0,0.0,0.0,0.0,0.0,0.0,0.0,0.0,0.0,0.0,0.0,0.0,0.0,0.0,0.0,0.0,0.0,0.0,0.0,0.0,0.0,-480.0,0.0,480.0,0.0,0.0,0.0,0.0,0.0,0.0,0.0,0.0,0.0,0.0,0.0,0.0,0.0,0.0,0.0,0.0,0.0,0.0,0.0,0.0,0.0,0.0,0.0,0.0,0.0,0.0,0.0,0.0,0.0,0.0,0.0,0.0,0.0,0.0,0.0,0.0,0.0,0.0,0.0,0.0,0.0,92233.8828125,0.0,382897.59375,11771.3681640625,-1228.0,0.0,1228.0,0.0,-1.313904624052536,0.0,0.32174426317214966,0.0,FL
325986,FL,1205,0.032170332968235016,4,1.0,109333.6767578125,109345.9736328125,4,0,4173.973413109779,0.0,110462.640625,0.0,0.0,13654.67138671875,0.0,13654.67138671875,-7.0,0.0,7.0,0.0,-273.60830080509186,0.0,273.609375,0.0,0.0,0.0,0.0,0.0,0.0,0.0,0.0,0.0,-200.0,0.0,200.0,0.0,0.0,0.0,0.0,0.0,0.0,0.0,0.0,0.0,0.0,0.0,0.0,0.0,0.0,0.0,0.0,0.0,0.0,0.0,0.0,0.0,-120.0,0.0,120.0,0.0,0.0,0.0,0.0,0.0,0.0,0.0,0.0,0.0,0.0,0.0,0.0,0.0,0.0,0.0,0.0,0.0,0.0,0.0,0.0,0.0,0.0,0.0,0.0,0.0,0.0,0.0,0.0,0.0,0.0,0.0,0.0,0.0,0.0,0.0,-4870.15625,-4870.15576171875,0.0,0.0,0.0,0.0,3573.3651123046875,0.0,106193.09375,8784.515625,-600.6083008050919,0.0,-4269.546875,-4870.15576171875,-14.389365752035644,0.0,-3.865149974822998,-35.66659074971017,FL
325987,FL,1205,0.03514504060149193,2,0.0,135253.88671875,154408.31640625,2,0,20429.834350585938,0.0,137490.1875,28331.83203125,13231.8837890625,0.0,0.0,41563.7158203125,-131.0,0.0,131.0,0.0,-323.0,0.0,323.0,0.0,0.0,0.0,0.0,0.0,0.0,0.0,0.0,0.0,0.0,0.0,0.0,0.0,0.0,0.0,0.0,0.0,0.0,0.0,0.0,0.0,0.0,0.0,0.0,0.0,0.0,0.0,0.0,0.0,0.0,0.0,0.0,0.0,0.0,0.0,0.0,0.0,0.0,0.0,0.0,0.0,0.0,0.0,0.0,0.0,0.0,0.0,0.0,0.0,0.0,0.0,0.0,0.0,0.0,0.0,0.0,0.0,-1210.2015380859375,0.0,1210.203125,0.0,0.0,0.0,0.0,0.0,0.0,0.0,0.0,0.0,0.0,0.0,0.0,0.0,0.0,0.0,0.0,0.0,18765.6328125,0.0,139154.390625,41563.7158203125,-1664.2015380859375,0.0,1664.203125,0.0,-8.14593750261224,0.0,1.2104159593582153,0.0,FL
325988,FL,1205,0.16001342236995697,4,1.0,8646.25146484375,-3713.154296875,4,0,-2231.037109375,0.0,9525.6640625,0.0,9327.858642578125,0.0,0.0,9327.858642578125,0.0,0.0,0.0,0.0,0.0,0.0,0.0,0.0,0.0,0.0,0.0,0.0,0.0,0.0,0.0,0.0,0.0,0.0,0.0,0.0,0.0,0.0,0.0,0.0,0.0,0.0,0.0,0.0,0.0,0.0,0.0,0.0,0.0,0.0,0.0,0.0,0.0,0.0,0.0,0.0,0.0,0.0,0.0,0.0,0.0,0.0,0.0,0.0,0.0,0.0,0.0,0.0,0.0,0.0,0.0,0.0,0.0,0.0,0.0,0.0,0.0,0.0,0.0,0.0,0.0,0.0,0.0,0.0,0.0,0.0,0.0,0.0,0.0,0.0,0.0,0.0,0.0,0.0,0.0,0.0,0.0,0.0,0.0,0.0,-2231.037109375,0.0,9525.6640625,9327.858642578125,0.0,0.0,0.0,0.0,0.0,0.0,0.0,0.0,FL
325989,FL,1205,68.64280700683594,1,0.0,0.0,0.0,1,0,0.0,0.0,37422.890625,18876.4453125,0.0,0.0,0.0,18876.4453125,0.0,0.0,0.0,0.0,0.0,0.0,0.0,0.0,0.0,0.0,0.0,0.0,0.0,0.0,0.0,0.0,0.0,0.0,0.0,0.0,0.0,0.0,0.0,0.0,0.0,0.0,0.0,0.0,0.0,0.0,0.0,0.0,0.0,0.0,0.0,0.0,0.0,0.0,0.0,0.0,0.0,0.0,0.0,0.0,0.0,0.0,0.0,0.0,0.0,0.0,0.0,0.0,0.0,0.0,0.0,0.0,0.0,0.0,0.0,0.0,0.0,0.0,0.0,0.0,0.0,0.0,0.0,0.0,0.0,0.0,0.0,0.0,0.0,0.0,0.0,0.0,0.0,0.0,0.0,0.0,0.0,0.0,0.0,0.0,0.0,0.0,37422.890625,18876.4453125,0.0,0.0,0.0,0.0,0.0,0.0,0.0,0.0,FL
325990,FL,1205,0.035355839878320694,3,0.0,188129.5703125,137557.1640625,3,0,10250.6435546875,0.0,171668.5,21463.12890625,0.0,0.0,0.0,21463.12890625,-10.0,0.0,10.0,0.0,-228.0,0.0,228.0,0.0,0.0,0.0,0.0,0.0,0.0,0.0,0.0,0.0,0.0,0.0,0.0,0.0,0.0,0.0,0.0,0.0,0.0,0.0,0.0,0.0,0.0,0.0,0.0,0.0,0.0,0.0,0.0,0.0,0.0,0.0,0.0,0.0,-30.4287109375,0.0,30.421875,0.0,0.0,0.0,0.0,0.0,0.0,0.0,0.0,0.0,0.0,0.0,0.0,0.0,0.0,0.0,0.0,0.0,-784.791015625,0.0,784.796875,0.0,0.0,0.0,0.0,0.0,0.0,0.0,0.0,0.0,0.0,0.0,0.0,0.0,0.0,0.0,0.0,0.0,0.0,0.0,0.0,0.0,9197.423828125,0.0,172721.71875,21463.12890625,-1053.2197265625,0.0,1053.21875,0.0,-10.274669301917877,0.0,0.6135189533233643,0.0,FL
325991,FL,1205,67.25507354736328,1,0.0,0.0,0.0,1,0,0.0,0.0,59118.3671875,29703.025390625,0.0,0.0,0.0,29703.025390625,0.0,0.0,0.0,0.0,0.0,0.0,0.0,0.0,0.0,0.0,0.0,0.0,0.0,0.0,0.0,0.0,0.0,0.0,0.0,0.0,0.0,0.0,0.0,0.0,0.0,0.0,0.0,0.0,0.0,0.0,0.0,0.0,0.0,0.0,0.0,0.0,0.0,0.0,0.0,0.0,0.0,0.0,0.0,0.0,0.0,0.0,0.0,0.0,0.0,0.0,0.0,0.0,0.0,0.0,0.0,0.0,0.0,0.0,0.0,0.0,0.0,0.0,0.0,0.0,0.0,0.0,0.0,0.0,0.0,0.0,0.0,0.0,0.0,0.0,0.0,0.0,0.0,0.0,0.0,0.0,0.0,0.0,0.0,0.0,0.0,0.0,59118.3671875,29703.025390625,0.0,0.0,0.0,0.0,0.0,0.0,0.0,0.0,FL
325992,FL,1205,0.023648008704185486,2,0.0,263117.1015625,586817.375,2,0,123165.796875,0.0,493878.25,20686.0,0.0,0.0,0.0,20686.0,-749.0,0.0,749.0,0.0,0.0,0.0,0.0,0.0,0.0,0.0,0.0,0.0,0.0,0.0,0.0,0.0,0.0,0.0,0.0,0.0,0.0,0.0,0.0,0.0,-1750.0,0.0,1750.0,0.0,0.0,0.0,0.0,0.0,0.0,0.0,0.0,0.0,0.0,0.0,0.0,0.0,0.0,0.0,0.0,0.0,0.0,0.0,0.0,0.0,0.0,0.0,0.0,0.0,0.0,0.0,0.0,0.0,0.0,0.0,0.0,0.0,0.0,0.0,0.0,0.0,0.0,0.0,0.0,0.0,0.0,0.0,0.0,0.0,0.0,0.0,0.0,0.0,0.0,0.0,0.0,0.0,0.0,0.0,0.0,0.0,120666.796875,0.0,496377.25,20686.0,-2499.0,0.0,2499.0,0.0,-2.0289723798370867,0.0,0.5059951543807983,0.0,FL
325993,FL,1205,0.02529098652303219,2,0.0,214932.82421875,397425.9375,2,0,71559.3359375,0.0,399483.71875,38320.1640625,0.0,0.0,0.0,38320.1640625,-292.0,0.0,292.0,0.0,-456.0,0.0,456.0,0.0,0.0,0.0,0.0,0.0,0.0,0.0,0.0,0.0,0.0,0.0,0.0,0.0,0.0,0.0,0.0,0.0,0.0,0.0,0.0,0.0,0.0,0.0,0.0,0.0,0.0,0.0,0.0,0.0,0.0,0.0,0.0,0.0,-480.0,0.0,480.0,0.0,0.0,0.0,0.0,0.0,0.0,0.0,0.0,0.0,0.0,0.0,0.0,0.0,0.0,0.0,0.0,0.0,0.0,0.0,0.0,0.0,0.0,0.0,0.0,0.0,0.0,0.0,0.0,0.0,0.0,0.0,0.0,0.0,0.0,0.0,0.0,0.0,0.0,0.0,0.0,0.0,70331.3359375,0.0,400711.71875,38320.1640625,-1228.0,0.0,1228.0,0.0,-1.716058406512515,0.0,0.3073967397212982,0.0,FL
325994,FL,1205,258.97308349609375,1,0.0,0.0,0.0,1,0,0.0,0.0,28031.44140625,14799.556640625,13231.8837890625,0.0,0.0,28031.4404296875,0.0,0.0,0.0,0.0,0.0,0.0,0.0,0.0,0.0,0.0,0.0,0.0,0.0,0.0,0.0,0.0,0.0,0.0,0.0,0.0,0.0,0.0,0.0,0.0,0.0,0.0,0.0,0.0,0.0,0.0,0.0,0.0,0.0,0.0,0.0,0.0,0.0,0.0,0.0,0.0,0.0,0.0,0.0,0.0,0.0,0.0,0.0,0.0,0.0,0.0,0.0,0.0,0.0,0.0,0.0,0.0,0.0,0.0,0.0,0.0,0.0,0.0,0.0,0.0,0.0,0.0,0.0,0.0,0.0,0.0,0.0,0.0,0.0,0.0,0.0,0.0,0.0,0.0,0.0,0.0,0.0,0.0,0.0,0.0,0.0,0.0,28031.44140625,28031.4404296875,0.0,0.0,0.0,0.0,0.0,0.0,0.0,0.0,FL
325995,FL,1205,83.96292114257812,1,0.0,0.0,13139.451171875,1,0,0.0,0.0,62477.8671875,21580.841796875,0.0,0.0,0.0,21580.841796875,0.0,0.0,0.0,0.0,0.0,0.0,0.0,0.0,0.0,0.0,0.0,0.0,0.0,0.0,0.0,0.0,0.0,0.0,0.0,0.0,0.0,0.0,0.0,0.0,0.0,0.0,0.0,0.0,0.0,0.0,0.0,0.0,0.0,0.0,0.0,0.0,0.0,0.0,0.0,0.0,0.0,0.0,0.0,0.0,0.0,0.0,0.0,0.0,0.0,0.0,0.0,0.0,0.0,0.0,0.0,0.0,0.0,0.0,0.0,0.0,0.0,0.0,0.0,0.0,0.0,0.0,0.0,0.0,0.0,0.0,0.0,0.0,0.0,0.0,0.0,0.0,0.0,0.0,0.0,0.0,0.0,0.0,0.0,0.0,0.0,0.0,62477.8671875,21580.841796875,0.0,0.0,0.0,0.0,0.0,0.0,0.0,0.0,FL
325996,FL,1205,0.018534783273935318,5,2.0,204265.099609375,524099.396484375,5,0,96077.29721069336,0.0,476800.625,0.0,2763.543212890625,0.0,0.0,2763.543212890625,-764.0,0.0,764.0,0.0,-679.5625,0.0,679.5625,0.0,0.0,0.0,0.0,0.0,0.0,0.0,0.0,0.0,0.0,0.0,0.0,0.0,0.0,0.0,0.0,0.0,0.0,0.0,0.0,0.0,0.0,0.0,0.0,0.0,0.0,0.0,0.0,0.0,0.0,0.0,0.0,0.0,-715.328125,0.0,715.3125,0.0,0.0,0.0,0.0,0.0,0.0,0.0,0.0,0.0,0.0,0.0,0.0,0.0,0.0,0.0,0.0,0.0,0.0,0.0,0.0,0.0,0.0,0.0,0.0,0.0,0.0,0.0,0.0,0.0,0.0,0.0,0.0,0.0,0.0,0.0,0.0,0.0,0.0,0.0,0.0,0.0,93918.40658569336,0.0,478959.5,2763.543212890625,-2158.890625,0.0,2158.875,0.0,-2.2470351349139706,0.0,0.45278361439704895,0.0,FL
325997,FL,1205,0.0194377638399601,4,2.0,255067.9765625,702680.5,4,0,166881.59375,0.0,516219.875,0.0,0.0,0.0,0.0,0.0,-749.0,0.0,749.0,0.0,-510.578125,0.0,510.5625,0.0,0.0,0.0,0.0,0.0,0.0,0.0,0.0,0.0,0.0,0.0,0.0,0.0,0.0,0.0,0.0,0.0,-202.875,0.0,202.875,0.0,0.0,0.0,0.0,0.0,0.0,0.0,0.0,0.0,0.0,0.0,0.0,0.0,-800.0,0.0,800.0,0.0,0.0,0.0,0.0,0.0,0.0,0.0,0.0,0.0,0.0,0.0,0.0,0.0,0.0,0.0,0.0,0.0,0.0,0.0,0.0,0.0,0.0,0.0,0.0,0.0,0.0,0.0,0.0,0.0,0.0,0.0,0.0,0.0,0.0,0.0,0.0,0.0,0.0,0.0,0.0,0.0,164619.140625,0.0,518482.3125,0.0,-2262.453125,0.0,2262.4375,0.0,-1.3557235847047993,0.0,0.43827012181282043,0.0,FL
325998,FL,1205,0.039675019681453705,1,0.0,57744.734375,71285.734375,1,0,7176.861328125,0.0,81482.6640625,15930.5849609375,0.0,0.0,0.0,15930.5849609375,-115.0,0.0,115.0,0.0,-209.0,0.0,209.0,0.0,0.0,0.0,0.0,0.0,0.0,0.0,0.0,0.0,0.0,0.0,0.0,0.0,0.0,0.0,0.0,0.0,0.0,0.0,0.0,0.0,0.0,0.0,0.0,0.0,0.0,0.0,0.0,0.0,0.0,0.0,0.0,0.0,0.0,0.0,0.0,0.0,0.0,0.0,0.0,0.0,0.0,0.0,0.0,0.0,0.0,0.0,0.0,0.0,0.0,0.0,0.0,0.0,0.0,0.0,0.0,0.0,0.0,0.0,0.0,0.0,0.0,0.0,0.0,0.0,0.0,0.0,0.0,0.0,0.0,0.0,0.0,0.0,0.0,0.0,0.0,0.0,6852.861328125,0.0,81806.6640625,15930.5849609375,-324.0,0.0,324.0,0.0,-4.514508295294693,0.0,0.39763060212135315,0.0,FL
325999,FL,1205,0.07741934806108475,2,1.0,29515.9921875,29515.9921875,2,0,-3471.041259765625,0.0,43718.015625,1418.6455078125,0.0,0.0,0.0,1418.6455078125,0.0,0.0,0.0,0.0,0.0,0.0,0.0,0.0,0.0,0.0,0.0,0.0,0.0,0.0,0.0,0.0,100.0,0.0,-100.0,0.0,0.0,0.0,0.0,0.0,0.0,0.0,0.0,0.0,0.0,0.0,0.0,0.0,0.0,0.0,0.0,0.0,0.0,0.0,0.0,0.0,0.0,0.0,0.0,0.0,0.0,0.0,0.0,0.0,0.0,0.0,0.0,0.0,0.0,0.0,0.0,0.0,0.0,0.0,0.0,0.0,0.0,0.0,0.0,0.0,0.0,0.0,0.0,0.0,0.0,0.0,0.0,0.0,0.0,0.0,0.0,0.0,0.0,0.0,0.0,0.0,0.0,0.0,0.0,0.0,-3371.041259765625,0.0,43618.015625,1418.6455078125,100.0,0.0,-100.0,0.0,2.8809798707708905,0.0,-0.22873865067958832,0.0,FL
326000,FL,1205,0.2831600308418274,2,1.0,28815.55859375,34477.828125,2,0,2076.33935546875,0.0,45429.8828125,6665.5419921875,2763.543212890625,5803.6982421875,0.0,15232.783447265625,-5.0,0.0,5.0,0.0,-114.0,0.0,114.0,0.0,0.0,0.0,0.0,0.0,0.0,0.0,0.0,0.0,0.0,0.0,0.0,0.0,0.0,0.0,0.0,0.0,0.0,0.0,0.0,0.0,0.0,0.0,0.0,0.0,0.0,0.0,0.0,0.0,0.0,0.0,0.0,0.0,0.0,0.0,0.0,0.0,0.0,0.0,0.0,0.0,0.0,0.0,0.0,0.0,0.0,0.0,0.0,0.0,0.0,0.0,0.0,0.0,0.0,0.0,0.0,0.0,0.0,0.0,0.0,0.0,-127.3372802734375,0.0,127.33984375,0.0,0.0,0.0,0.0,0.0,0.0,0.0,0.0,0.0,0.0,0.0,0.0,0.0,1830.0020751953125,0.0,45676.22265625,15232.783447265625,-246.3372802734375,0.0,246.33984375,0.0,-11.864018260050988,0.0,0.5422418713569641,0.0,FL
326001,FL,1205,171.00230407714844,1,0.0,0.0,0.0,1,0,0.0,0.0,9993.369140625,3596.039794921875,0.0,0.0,0.0,3596.039794921875,0.0,0.0,0.0,0.0,0.0,0.0,0.0,0.0,0.0,0.0,0.0,0.0,0.0,0.0,0.0,0.0,0.0,0.0,0.0,0.0,0.0,0.0,0.0,0.0,0.0,0.0,0.0,0.0,0.0,0.0,0.0,0.0,0.0,0.0,0.0,0.0,0.0,0.0,0.0,0.0,0.0,0.0,0.0,0.0,0.0,0.0,0.0,0.0,0.0,0.0,0.0,0.0,0.0,0.0,0.0,0.0,0.0,0.0,0.0,0.0,0.0,0.0,0.0,0.0,0.0,0.0,0.0,0.0,0.0,0.0,0.0,0.0,0.0,0.0,-3596.03955078125,-3596.039794921875,0.0,0.0,0.0,0.0,0.0,0.0,0.0,0.0,0.0,0.0,6397.32958984375,0.0,0.0,0.0,-3596.03955078125,-3596.039794921875,0.0,0.0,-35.984256744384766,-100.0,FL
326002,FL,1205,0.04276049882173538,2,0.0,98091.86328125,160357.625,2,0,16752.400390625,0.0,167413.0625,23241.912109375,0.0,0.0,0.0,23241.912109375,-230.0,0.0,230.0,0.0,-418.0,0.0,418.0,0.0,0.0,0.0,0.0,0.0,0.0,0.0,0.0,0.0,0.0,0.0,0.0,0.0,0.0,0.0,0.0,0.0,0.0,0.0,0.0,0.0,0.0,0.0,0.0,0.0,0.0,0.0,0.0,0.0,0.0,0.0,0.0,0.0,-440.0,0.0,440.0,0.0,0.0,0.0,0.0,0.0,0.0,0.0,0.0,0.0,0.0,0.0,0.0,0.0,0.0,0.0,0.0,0.0,0.0,0.0,0.0,0.0,0.0,0.0,0.0,0.0,-166.4541015625,0.0,166.46875,0.0,0.0,0.0,0.0,0.0,0.0,0.0,0.0,0.0,0.0,0.0,0.0,0.0,15497.9462890625,0.0,168667.53125,23241.912109375,-1254.4541015625,0.0,1254.46875,0.0,-7.488205106800809,0.0,0.7493254542350769,0.0,FL
326003,FL,1205,0.03485024720430374,2,0.0,462058.625,462887.96875,2,0,87011.2421875,0.0,362533.40625,0.0,0.0,0.0,0.0,0.0,-292.0,0.0,292.0,0.0,-192.953125,0.0,192.9375,0.0,0.0,0.0,0.0,0.0,0.0,0.0,0.0,0.0,0.0,0.0,0.0,0.0,0.0,0.0,0.0,0.0,-530.3984375,0.0,530.40625,0.0,0.0,0.0,0.0,0.0,0.0,0.0,0.0,0.0,0.0,0.0,0.0,0.0,-133.9296875,0.0,133.9375,0.0,0.0,0.0,0.0,0.0,0.0,0.0,0.0,0.0,0.0,0.0,0.0,0.0,0.0,0.0,0.0,0.0,0.0,0.0,0.0,0.0,0.0,0.0,0.0,0.0,0.0,0.0,0.0,0.0,0.0,0.0,0.0,0.0,0.0,0.0,0.0,0.0,0.0,0.0,0.0,0.0,85861.9609375,0.0,363682.6875,0.0,-1149.28125,0.0,1149.28125,0.0,-1.320842251077649,0.0,0.3170138895511627,0.0,FL
326004,FL,1205,177.2571563720703,1,0.0,4687.6982421875,4687.6982421875,1,0,0.0,0.0,28301.625,10740.65234375,13231.8837890625,0.0,0.0,23972.5361328125,0.0,0.0,0.0,0.0,0.0,0.0,0.0,0.0,0.0,0.0,0.0,0.0,0.0,0.0,0.0,0.0,0.0,0.0,0.0,0.0,0.0,0.0,0.0,0.0,0.0,0.0,0.0,0.0,0.0,0.0,0.0,0.0,0.0,0.0,0.0,0.0,0.0,0.0,0.0,0.0,0.0,0.0,0.0,0.0,0.0,0.0,0.0,0.0,0.0,0.0,0.0,0.0,0.0,0.0,0.0,0.0,0.0,0.0,0.0,0.0,0.0,0.0,0.0,0.0,0.0,0.0,0.0,0.0,0.0,0.0,0.0,0.0,0.0,0.0,0.0,0.0,0.0,0.0,0.0,0.0,0.0,0.0,0.0,0.0,0.0,0.0,28301.625,23972.5361328125,0.0,0.0,0.0,0.0,0.0,0.0,0.0,0.0,FL
326005,FL,1205,15.3125581741333,1,0.0,4687.6982421875,4687.6982421875,1,0,0.0,0.0,33982.8125,15135.7041015625,0.0,0.0,0.0,15135.7041015625,0.0,0.0,0.0,0.0,0.0,0.0,0.0,0.0,0.0,0.0,0.0,0.0,0.0,0.0,0.0,0.0,0.0,0.0,0.0,0.0,0.0,0.0,0.0,0.0,0.0,0.0,0.0,0.0,0.0,0.0,0.0,0.0,0.0,0.0,0.0,0.0,0.0,0.0,0.0,0.0,0.0,0.0,0.0,0.0,0.0,0.0,0.0,0.0,0.0,0.0,0.0,0.0,0.0,0.0,0.0,0.0,0.0,0.0,0.0,0.0,0.0,0.0,0.0,0.0,0.0,0.0,0.0,0.0,0.0,0.0,0.0,0.0,0.0,0.0,0.0,0.0,0.0,0.0,0.0,0.0,0.0,0.0,0.0,0.0,0.0,0.0,33982.8125,15135.7041015625,0.0,0.0,0.0,0.0,0.0,0.0,0.0,0.0,FL
326006,FL,1205,78.97803497314453,1,0.0,0.0,0.0,1,0,0.0,0.0,37432.890625,18860.287109375,0.0,0.0,0.0,18860.287109375,0.0,0.0,0.0,0.0,0.0,0.0,0.0,0.0,0.0,0.0,0.0,0.0,0.0,0.0,0.0,0.0,0.0,0.0,0.0,0.0,0.0,0.0,0.0,0.0,0.0,0.0,0.0,0.0,0.0,0.0,0.0,0.0,0.0,0.0,0.0,0.0,0.0,0.0,0.0,0.0,0.0,0.0,0.0,0.0,0.0,0.0,0.0,0.0,0.0,0.0,0.0,0.0,0.0,0.0,0.0,0.0,0.0,0.0,0.0,0.0,0.0,0.0,0.0,0.0,0.0,0.0,0.0,0.0,0.0,0.0,0.0,0.0,0.0,0.0,0.0,0.0,0.0,0.0,0.0,0.0,0.0,0.0,0.0,0.0,0.0,0.0,37432.890625,18860.287109375,0.0,0.0,0.0,0.0,0.0,0.0,0.0,0.0,FL
326007,FL,1205,0.03418074920773506,2,0.0,117424.0078125,411693.15625,2,0,58488.15625,0.0,345694.78125,0.0,0.0,0.0,0.0,0.0,-10.0,0.0,10.0,0.0,-513.0,0.0,513.0,0.0,0.0,0.0,0.0,0.0,0.0,0.0,0.0,0.0,0.0,0.0,0.0,0.0,0.0,0.0,0.0,0.0,0.0,0.0,0.0,0.0,0.0,0.0,0.0,0.0,0.0,0.0,0.0,0.0,0.0,0.0,0.0,0.0,-101.35546875,0.0,101.34375,0.0,0.0,0.0,0.0,0.0,0.0,0.0,0.0,0.0,0.0,0.0,0.0,0.0,0.0,0.0,0.0,0.0,0.0,0.0,0.0,0.0,0.0,0.0,0.0,0.0,0.0,0.0,0.0,0.0,0.0,0.0,0.0,0.0,0.0,0.0,0.0,0.0,0.0,0.0,0.0,0.0,57863.80078125,0.0,346319.125,0.0,-624.35546875,0.0,624.34375,0.0,-1.067490426747723,0.0,0.18060548603534698,0.0,FL
326008,FL,1205,21.65074920654297,2,1.0,0.0,0.0,2,0,0.0,0.0,7176.66357421875,1130.9622802734375,6045.700927734375,0.0,0.0,7176.6632080078125,0.0,0.0,0.0,0.0,0.0,0.0,0.0,0.0,0.0,0.0,0.0,0.0,0.0,0.0,0.0,0.0,0.0,0.0,0.0,0.0,0.0,0.0,0.0,0.0,0.0,0.0,0.0,0.0,0.0,0.0,0.0,0.0,0.0,0.0,0.0,0.0,0.0,0.0,0.0,0.0,0.0,0.0,0.0,0.0,0.0,0.0,0.0,0.0,0.0,0.0,0.0,0.0,0.0,0.0,0.0,0.0,0.0,0.0,0.0,0.0,0.0,0.0,0.0,0.0,0.0,0.0,0.0,0.0,0.0,0.0,0.0,0.0,0.0,0.0,0.0,0.0,0.0,0.0,0.0,0.0,0.0,0.0,0.0,0.0,0.0,0.0,7176.66357421875,7176.6632080078125,0.0,0.0,0.0,0.0,0.0,0.0,0.0,0.0,FL
326009,FL,1205,0.4132419526576996,2,0.0,108573.3203125,550529.2734375,2,0,81933.48388671875,0.0,-398527.1875,0.0,0.0,0.0,0.0,0.0,-120.0,0.0,120.0,0.0,-465.5,0.0,465.5,0.0,0.0,0.0,0.0,0.0,0.0,0.0,0.0,0.0,0.0,0.0,0.0,0.0,0.0,0.0,0.0,0.0,0.0,0.0,0.0,0.0,0.0,0.0,0.0,0.0,0.0,0.0,0.0,0.0,0.0,0.0,0.0,0.0,0.0,0.0,0.0,0.0,0.0,0.0,0.0,0.0,0.0,0.0,0.0,0.0,0.0,0.0,0.0,0.0,0.0,0.0,0.0,0.0,0.0,0.0,0.0,0.0,0.0,0.0,0.0,0.0,0.0,0.0,0.0,0.0,0.0,0.0,0.0,0.0,0.0,0.0,0.0,0.0,0.0,0.0,0.0,0.0,81347.98388671875,0.0,-397941.6875,0.0,-585.5,0.0,585.5,0.0,-0.7146040571270135,0.0,0.14691594243049622,0.0,FL
326010,FL,1205,0.05715539678931236,2,0.0,98617.46875,18569.865234375,2,0,-48.81988525390625,0.0,67478.6640625,26550.974609375,0.0,0.0,0.0,26550.974609375,0.0,0.0,0.0,0.0,0.0,0.0,0.0,0.0,0.0,0.0,0.0,0.0,0.0,0.0,0.0,0.0,0.0,0.0,0.0,0.0,0.0,0.0,0.0,0.0,0.0,0.0,0.0,0.0,0.0,0.0,0.0,0.0,0.0,0.0,0.0,0.0,0.0,0.0,0.0,0.0,0.0,0.0,0.0,0.0,0.0,0.0,0.0,0.0,0.0,0.0,0.0,0.0,0.0,0.0,0.0,0.0,0.0,0.0,0.0,0.0,0.0,0.0,0.0,0.0,0.0,0.0,0.0,0.0,0.0,0.0,0.0,0.0,0.0,0.0,0.0,0.0,0.0,0.0,0.0,0.0,0.0,0.0,0.0,0.0,-48.81988525390625,0.0,67478.6640625,26550.974609375,0.0,0.0,0.0,0.0,0.0,0.0,0.0,0.0,FL
326011,FL,1205,0.037127792835235596,1,0.0,0.0,0.0,1,0,0.0,0.0,33704.00390625,10401.0595703125,13231.8837890625,0.0,0.0,23632.943359375,0.0,0.0,0.0,0.0,0.0,0.0,0.0,0.0,0.0,0.0,0.0,0.0,0.0,0.0,0.0,0.0,0.0,0.0,0.0,0.0,0.0,0.0,0.0,0.0,0.0,0.0,0.0,0.0,0.0,0.0,0.0,0.0,0.0,0.0,0.0,0.0,0.0,0.0,0.0,0.0,0.0,0.0,0.0,0.0,0.0,0.0,0.0,0.0,0.0,0.0,0.0,0.0,0.0,0.0,0.0,0.0,0.0,0.0,0.0,0.0,0.0,0.0,0.0,0.0,0.0,0.0,0.0,0.0,0.0,0.0,0.0,0.0,0.0,0.0,0.0,0.0,0.0,0.0,0.0,0.0,0.0,0.0,0.0,0.0,0.0,0.0,33704.00390625,23632.943359375,0.0,0.0,0.0,0.0,0.0,0.0,0.0,0.0,FL
326012,FL,1205,0.03449138253927231,3,1.0,331696.09375,498342.34375,3,0,88904.4765625,0.0,412273.4375,0.0,0.0,0.0,0.0,0.0,0.0,0.0,0.0,0.0,0.0,0.0,0.0,0.0,0.0,0.0,0.0,0.0,0.0,0.0,0.0,0.0,0.0,0.0,0.0,0.0,0.0,0.0,0.0,0.0,0.0,0.0,0.0,0.0,0.0,0.0,0.0,0.0,0.0,0.0,0.0,0.0,0.0,0.0,0.0,0.0,0.0,0.0,0.0,0.0,0.0,0.0,0.0,0.0,0.0,0.0,0.0,0.0,0.0,0.0,0.0,0.0,0.0,0.0,0.0,0.0,0.0,0.0,0.0,0.0,0.0,0.0,0.0,0.0,0.0,0.0,0.0,0.0,0.0,0.0,0.0,0.0,0.0,0.0,0.0,0.0,0.0,0.0,0.0,0.0,88904.4765625,0.0,412273.4375,0.0,0.0,0.0,0.0,0.0,0.0,0.0,0.0,0.0,FL
326013,FL,1205,72.23085021972656,1,0.0,0.0,0.0,1,0,0.0,0.0,65396.48828125,32698.244140625,0.0,0.0,0.0,32698.244140625,0.0,0.0,0.0,0.0,0.0,0.0,0.0,0.0,0.0,0.0,0.0,0.0,0.0,0.0,0.0,0.0,0.0,0.0,0.0,0.0,0.0,0.0,0.0,0.0,0.0,0.0,0.0,0.0,0.0,0.0,0.0,0.0,0.0,0.0,0.0,0.0,0.0,0.0,0.0,0.0,0.0,0.0,0.0,0.0,0.0,0.0,0.0,0.0,0.0,0.0,0.0,0.0,0.0,0.0,0.0,0.0,0.0,0.0,0.0,0.0,0.0,0.0,0.0,0.0,0.0,0.0,0.0,0.0,0.0,0.0,0.0,0.0,0.0,0.0,0.0,0.0,0.0,0.0,0.0,0.0,0.0,0.0,0.0,0.0,0.0,0.0,65396.48828125,32698.244140625,0.0,0.0,0.0,0.0,0.0,0.0,0.0,0.0,FL
326014,FL,1205,167.0482940673828,1,0.0,0.0,0.0,1,0,0.0,0.0,4395.7060546875,3596.039794921875,0.0,0.0,0.0,3596.039794921875,0.0,0.0,0.0,0.0,0.0,0.0,0.0,0.0,0.0,0.0,0.0,0.0,0.0,0.0,0.0,0.0,0.0,0.0,0.0,0.0,0.0,0.0,0.0,0.0,0.0,0.0,0.0,0.0,0.0,0.0,0.0,0.0,0.0,0.0,0.0,0.0,0.0,0.0,0.0,0.0,0.0,0.0,0.0,0.0,0.0,0.0,0.0,0.0,0.0,0.0,0.0,0.0,0.0,0.0,0.0,0.0,0.0,0.0,0.0,0.0,0.0,0.0,0.0,0.0,0.0,0.0,0.0,0.0,0.0,0.0,0.0,0.0,0.0,0.0,0.0,0.0,0.0,0.0,0.0,0.0,0.0,0.0,0.0,0.0,0.0,0.0,4395.7060546875,3596.039794921875,0.0,0.0,0.0,0.0,0.0,0.0,0.0,0.0,FL
326015,FL,1205,0.20892100036144257,1,0.0,6466.265625,16580.666015625,1,0,-224.83905029296875,0.0,23823.091796875,287.68316650390625,0.0,0.0,0.0,287.68316650390625,0.0,0.0,0.0,0.0,0.0,0.0,0.0,0.0,0.0,0.0,0.0,0.0,0.0,0.0,0.0,0.0,0.0,0.0,0.0,0.0,0.0,0.0,0.0,0.0,0.0,0.0,0.0,0.0,0.0,0.0,0.0,0.0,0.0,0.0,0.0,0.0,0.0,0.0,0.0,0.0,0.0,0.0,0.0,0.0,0.0,0.0,0.0,0.0,0.0,0.0,0.0,0.0,0.0,0.0,0.0,0.0,0.0,0.0,0.0,0.0,0.0,0.0,0.0,0.0,0.0,0.0,0.0,0.0,0.0,0.0,0.0,0.0,0.0,0.0,0.0,0.0,0.0,0.0,0.0,0.0,0.0,0.0,0.0,0.0,-224.83905029296875,0.0,23823.091796875,287.68316650390625,0.0,0.0,0.0,0.0,0.0,0.0,0.0,0.0,FL
326016,FL,1205,0.042310550808906555,4,0.0,239282.94140625,252376.927734375,4,0,34376.7822265625,0.0,254473.5,20468.01171875,0.0,6096.5107421875,0.0,26564.5224609375,-141.0,0.0,141.0,0.0,-456.0,0.0,456.0,0.0,0.0,0.0,0.0,0.0,0.0,0.0,0.0,0.0,0.0,0.0,0.0,0.0,0.0,0.0,0.0,0.0,0.0,0.0,0.0,0.0,0.0,0.0,0.0,0.0,0.0,0.0,0.0,0.0,0.0,0.0,0.0,0.0,-406.990234375,0.0,406.984375,0.0,0.0,0.0,0.0,0.0,0.0,0.0,0.0,0.0,0.0,0.0,0.0,0.0,0.0,0.0,0.0,0.0,0.0,0.0,0.0,0.0,0.0,0.0,0.0,0.0,-293.68310546875,0.0,293.6875,0.0,0.0,0.0,0.0,0.0,0.0,0.0,0.0,0.0,0.0,0.0,0.0,0.0,33079.10888671875,0.0,255771.171875,26564.5224609375,-1297.67333984375,0.0,1297.671875,0.0,-3.7748540025978765,0.0,0.5099438428878784,0.0,FL
326017,FL,1205,0.038010936230421066,2,0.0,206258.734375,638776.6875,2,0,159060.60546875,0.0,481466.3125,0.0,0.0,0.0,0.0,0.0,-493.25,0.0,493.25,0.0,-332.5,0.0,332.5,0.0,0.0,0.0,0.0,0.0,0.0,0.0,0.0,0.0,0.0,0.0,0.0,0.0,0.0,0.0,0.0,0.0,-1683.8671875,0.0,1683.875,0.0,0.0,0.0,0.0,0.0,0.0,0.0,0.0,0.0,0.0,0.0,0.0,0.0,-350.0,0.0,350.0,0.0,0.0,0.0,0.0,0.0,0.0,0.0,0.0,0.0,0.0,0.0,0.0,0.0,0.0,0.0,0.0,0.0,0.0,0.0,0.0,0.0,0.0,0.0,0.0,0.0,0.0,0.0,0.0,0.0,0.0,0.0,0.0,0.0,0.0,0.0,0.0,0.0,0.0,0.0,0.0,0.0,156200.98828125,0.0,484325.9375,0.0,-2859.6171875,0.0,2859.625,0.0,-1.7978161085661262,0.0,0.593940794467926,0.0,FL
326018,FL,1205,0.041300106793642044,1,0.0,75278.921875,75318.953125,1,0,8063.94970703125,0.0,61496.15625,0.0,0.0,0.0,0.0,0.0,-115.0,0.0,115.0,0.0,-209.0,0.0,209.0,0.0,0.0,0.0,0.0,0.0,0.0,0.0,0.0,0.0,0.0,0.0,0.0,0.0,0.0,0.0,0.0,0.0,0.0,0.0,0.0,0.0,0.0,0.0,0.0,0.0,0.0,0.0,0.0,0.0,0.0,0.0,0.0,0.0,0.0,0.0,0.0,0.0,0.0,0.0,0.0,0.0,0.0,0.0,0.0,0.0,0.0,0.0,0.0,0.0,0.0,0.0,0.0,0.0,0.0,0.0,0.0,0.0,0.0,0.0,0.0,0.0,0.0,0.0,0.0,0.0,0.0,0.0,0.0,0.0,0.0,0.0,0.0,0.0,0.0,0.0,0.0,0.0,7739.94970703125,0.0,61820.15625,0.0,-324.0,0.0,324.0,0.0,-4.017882201292657,0.0,0.5268622040748596,0.0,FL
326019,FL,1205,113.49775695800781,1,0.0,0.0,2384.108642578125,1,0,0.0,0.0,54919.2890625,26267.58984375,0.0,0.0,0.0,26267.58984375,0.0,0.0,0.0,0.0,0.0,0.0,0.0,0.0,0.0,0.0,0.0,0.0,0.0,0.0,0.0,0.0,0.0,0.0,0.0,0.0,0.0,0.0,0.0,0.0,0.0,0.0,0.0,0.0,0.0,0.0,0.0,0.0,0.0,0.0,0.0,0.0,0.0,0.0,0.0,0.0,0.0,0.0,0.0,0.0,0.0,0.0,0.0,0.0,0.0,0.0,0.0,0.0,0.0,0.0,0.0,0.0,0.0,0.0,0.0,0.0,0.0,0.0,0.0,0.0,0.0,0.0,0.0,0.0,0.0,0.0,0.0,0.0,0.0,0.0,0.0,0.0,0.0,0.0,0.0,0.0,0.0,0.0,0.0,0.0,0.0,0.0,54919.2890625,26267.58984375,0.0,0.0,0.0,0.0,0.0,0.0,0.0,0.0,FL
326020,FL,1205,49.76939392089844,1,0.0,2571.4677734375,9796.0390625,1,0,0.0,0.0,45093.859375,16832.99609375,0.0,0.0,0.0,16832.99609375,0.0,0.0,0.0,0.0,0.0,0.0,0.0,0.0,0.0,0.0,0.0,0.0,0.0,0.0,0.0,0.0,0.0,0.0,0.0,0.0,0.0,0.0,0.0,0.0,0.0,0.0,0.0,0.0,0.0,0.0,0.0,0.0,0.0,0.0,0.0,0.0,0.0,0.0,0.0,0.0,0.0,0.0,0.0,0.0,0.0,0.0,0.0,0.0,0.0,0.0,0.0,0.0,0.0,0.0,0.0,0.0,0.0,0.0,0.0,0.0,0.0,0.0,0.0,0.0,0.0,0.0,0.0,0.0,0.0,0.0,0.0,0.0,0.0,0.0,0.0,0.0,0.0,0.0,0.0,0.0,0.0,0.0,0.0,0.0,0.0,0.0,45093.859375,16832.99609375,0.0,0.0,0.0,0.0,0.0,0.0,0.0,0.0,FL
326021,FL,1205,0.027288196608424187,6,3.9999999999999996,128752.390625,331569.34375,6,0,43084.1484375,0.0,266648.0625,0.0,0.0,0.0,0.0,0.0,-292.0,0.0,292.0,0.0,-456.0,0.0,456.0,0.0,0.0,0.0,0.0,0.0,0.0,0.0,0.0,0.0,-400.0,0.0,400.0,0.0,0.0,0.0,0.0,0.0,0.0,0.0,0.0,0.0,0.0,0.0,0.0,0.0,0.0,0.0,0.0,0.0,0.0,0.0,0.0,0.0,-471.87109375,0.0,471.875,0.0,0.0,0.0,0.0,0.0,0.0,0.0,0.0,0.0,0.0,0.0,0.0,0.0,0.0,0.0,0.0,0.0,0.0,0.0,0.0,0.0,0.0,0.0,0.0,0.0,0.0,0.0,0.0,0.0,0.0,0.0,0.0,0.0,0.0,0.0,0.0,0.0,0.0,0.0,0.0,0.0,41464.27734375,0.0,268267.9375,0.0,-1619.87109375,0.0,1619.875,0.0,-3.759784404465752,0.0,0.6074955463409424,0.0,FL
326022,FL,1205,0.03201166167855263,4,2.0,208357.5859375,558375.4375,4,0,117213.5234375,0.0,422357.875,0.0,0.0,0.0,0.0,0.0,-764.0,0.0,764.0,0.0,-608.0,0.0,608.0,0.0,0.0,0.0,0.0,0.0,0.0,0.0,0.0,0.0,0.0,0.0,0.0,0.0,0.0,0.0,0.0,0.0,-1600.0,0.0,1600.0,0.0,0.0,0.0,0.0,0.0,0.0,0.0,0.0,0.0,0.0,0.0,0.0,0.0,-640.0,0.0,640.0,0.0,0.0,0.0,0.0,0.0,0.0,0.0,0.0,0.0,0.0,0.0,0.0,0.0,0.0,0.0,0.0,0.0,0.0,0.0,0.0,0.0,0.0,0.0,0.0,0.0,0.0,0.0,0.0,0.0,0.0,0.0,0.0,0.0,0.0,0.0,0.0,0.0,0.0,0.0,0.0,0.0,113601.5234375,0.0,425969.875,0.0,-3612.0,0.0,3612.0,0.0,-3.0815556891999516,0.0,0.8551989793777466,0.0,FL
326023,FL,1205,0.03234073892235756,2,0.0,32400.2685546875,32400.2685546875,2,0,210.02684938907623,0.0,35749.75390625,0.0,0.0,6038.13232421875,0.0,6038.13232421875,0.0,0.0,0.0,0.0,-96.60829317569733,0.0,96.609375,0.0,0.0,0.0,0.0,0.0,0.0,0.0,0.0,0.0,0.0,0.0,0.0,0.0,0.0,0.0,0.0,0.0,0.0,0.0,0.0,0.0,0.0,0.0,0.0,0.0,0.0,0.0,0.0,0.0,0.0,0.0,0.0,0.0,0.0,0.0,0.0,0.0,0.0,0.0,0.0,0.0,0.0,0.0,0.0,0.0,0.0,0.0,0.0,0.0,0.0,0.0,0.0,0.0,0.0,0.0,0.0,0.0,0.0,0.0,0.0,0.0,0.0,0.0,0.0,0.0,0.0,0.0,0.0,0.0,0.0,0.0,0.0,0.0,0.0,0.0,0.0,0.0,113.4185562133789,0.0,35846.36328125,6038.13232421875,-96.60829317569733,0.0,96.609375,0.0,-45.99806808353811,0.0,0.27023786306381226,0.0,FL
326024,FL,1205,250.32284545898438,2,0.0,33184.91796875,72461.1875,2,0,4375.34228515625,0.0,94892.0625,20708.888671875,0.0,5529.63818359375,0.0,26238.52685546875,-10.0,0.0,10.0,0.0,-228.0,0.0,228.0,0.0,0.0,0.0,0.0,0.0,0.0,0.0,0.0,0.0,0.0,0.0,0.0,0.0,0.0,0.0,0.0,0.0,0.0,0.0,0.0,0.0,0.0,0.0,0.0,0.0,0.0,0.0,0.0,0.0,0.0,0.0,0.0,0.0,0.0,0.0,0.0,0.0,0.0,0.0,0.0,0.0,0.0,0.0,0.0,0.0,0.0,0.0,0.0,0.0,0.0,0.0,0.0,0.0,0.0,0.0,0.0,0.0,-719.999755859375,0.0,720.0,0.0,0.0,0.0,0.0,0.0,0.0,0.0,0.0,0.0,0.0,0.0,0.0,0.0,0.0,0.0,0.0,0.0,3417.342529296875,0.0,95850.0625,26238.52685546875,-957.999755859375,0.0,958.0,0.0,-21.8954242530802,0.0,1.0095680952072144,0.0,FL
326025,FL,1205,0.05475987121462822,3,1.0,101213.46484375,101309.3046875,3,0,6035.11669921875,0.0,93309.0703125,0.0,0.0,0.0,0.0,0.0,-10.0,0.0,10.0,0.0,-228.0,0.0,228.0,0.0,0.0,0.0,0.0,0.0,0.0,0.0,0.0,0.0,-200.0,0.0,200.0,0.0,0.0,0.0,0.0,0.0,0.0,0.0,0.0,0.0,0.0,0.0,0.0,0.0,0.0,0.0,0.0,0.0,0.0,0.0,0.0,0.0,-218.654296875,0.0,218.6484375,0.0,0.0,0.0,0.0,0.0,0.0,0.0,0.0,0.0,0.0,0.0,0.0,0.0,0.0,0.0,0.0,0.0,0.0,0.0,0.0,0.0,0.0,0.0,0.0,0.0,0.0,0.0,0.0,0.0,0.0,0.0,0.0,0.0,0.0,0.0,0.0,0.0,0.0,0.0,0.0,0.0,5378.46240234375,0.0,93965.71875,0.0,-656.654296875,0.0,656.6484375,0.0,-10.880556741512626,0.0,0.7037348747253418,0.0,FL
326026,FL,1205,59.956111907958984,2,0.0,182.5196075439453,182.5196075439453,2,0,0.0,0.0,6084.96826171875,0.0,0.0,0.0,0.0,0.0,0.0,0.0,0.0,0.0,0.0,0.0,0.0,0.0,0.0,0.0,0.0,0.0,0.0,0.0,0.0,0.0,0.0,0.0,0.0,0.0,0.0,0.0,0.0,0.0,0.0,0.0,0.0,0.0,0.0,0.0,0.0,0.0,0.0,0.0,0.0,0.0,0.0,0.0,0.0,0.0,0.0,0.0,0.0,0.0,0.0,0.0,0.0,0.0,0.0,0.0,0.0,0.0,0.0,0.0,0.0,0.0,0.0,0.0,0.0,0.0,0.0,0.0,0.0,0.0,0.0,0.0,0.0,0.0,0.0,0.0,0.0,0.0,0.0,0.0,0.0,0.0,0.0,0.0,0.0,0.0,0.0,0.0,0.0,0.0,0.0,0.0,6084.96826171875,0.0,0.0,0.0,0.0,0.0,0.0,0.0,0.0,0.0,FL
326027,FL,1205,0.0324917696416378,2,0.0,137985.28125,460415.46875,2,0,104735.7265625,0.0,422735.4375,27951.548828125,0.0,0.0,0.0,27951.548828125,-362.25,0.0,362.25,0.0,-332.5,0.0,332.5,0.0,0.0,0.0,0.0,0.0,0.0,0.0,0.0,0.0,0.0,0.0,0.0,0.0,0.0,0.0,0.0,0.0,0.0,0.0,0.0,0.0,0.0,0.0,0.0,0.0,0.0,0.0,0.0,0.0,0.0,0.0,0.0,0.0,-350.0,0.0,350.0,0.0,0.0,0.0,0.0,0.0,0.0,0.0,0.0,0.0,0.0,0.0,0.0,0.0,0.0,0.0,0.0,0.0,0.0,0.0,0.0,0.0,0.0,0.0,0.0,0.0,0.0,0.0,0.0,0.0,0.0,0.0,0.0,0.0,0.0,0.0,0.0,0.0,0.0,0.0,0.0,0.0,103690.9765625,0.0,423780.1875,27951.548828125,-1044.75,0.0,1044.75,0.0,-0.9975106243966865,0.0,0.24714039266109467,0.0,FL
326028,FL,1205,0.05414377525448799,4,2.0,815444.4375,819736.4375,4,0,213008.984375,0.0,599151.6875,0.0,0.0,0.0,0.0,0.0,-734.0,0.0,734.0,0.0,0.0,0.0,0.0,0.0,0.0,0.0,0.0,0.0,0.0,0.0,0.0,0.0,0.0,0.0,0.0,0.0,0.0,0.0,0.0,0.0,-1850.0,0.0,1850.0,0.0,0.0,0.0,0.0,0.0,0.0,0.0,0.0,0.0,0.0,0.0,0.0,0.0,-393.953125,0.0,393.9375,0.0,0.0,0.0,0.0,0.0,0.0,0.0,0.0,0.0,0.0,0.0,0.0,0.0,0.0,0.0,0.0,0.0,0.0,0.0,0.0,0.0,0.0,0.0,0.0,0.0,0.0,0.0,0.0,0.0,0.0,0.0,0.0,0.0,0.0,0.0,0.0,0.0,0.0,0.0,0.0,0.0,210031.03125,0.0,602129.625,0.0,-2977.953125,0.0,2977.9375,0.0,-1.3980410890825834,0.0,0.49702560901641846,0.0,FL
326029,FL,1205,0.03018701635301113,1,0.0,44395.26171875,44395.26171875,1,0,3266.431396484375,0.0,37732.59375,0.0,0.0,0.0,0.0,0.0,-5.0,0.0,5.0,0.0,-114.0,0.0,114.0,0.0,0.0,0.0,0.0,0.0,0.0,0.0,0.0,0.0,0.0,0.0,0.0,0.0,0.0,0.0,0.0,0.0,0.0,0.0,0.0,0.0,0.0,0.0,0.0,0.0,0.0,0.0,0.0,0.0,0.0,0.0,0.0,0.0,0.0,0.0,0.0,0.0,0.0,0.0,0.0,0.0,0.0,0.0,0.0,0.0,0.0,0.0,0.0,0.0,0.0,0.0,0.0,0.0,-280.391357421875,0.0,280.390625,0.0,0.0,0.0,0.0,0.0,0.0,0.0,0.0,0.0,0.0,0.0,0.0,0.0,0.0,0.0,0.0,0.0,0.0,0.0,0.0,0.0,2867.0400390625,0.0,38131.984375,0.0,-399.391357421875,0.0,399.390625,0.0,-12.227146660778967,0.0,1.0584765672683716,0.0,FL
326030,FL,1205,0.045949045568704605,1,0.0,75375.6640625,87819.8984375,1,0,10363.3779296875,0.0,82384.2109375,5426.81884765625,0.0,0.0,0.0,5426.81884765625,-115.0,0.0,115.0,0.0,-209.0,0.0,209.0,0.0,0.0,0.0,0.0,0.0,0.0,0.0,0.0,0.0,0.0,0.0,0.0,0.0,0.0,0.0,0.0,0.0,0.0,0.0,0.0,0.0,0.0,0.0,0.0,0.0,0.0,0.0,0.0,0.0,0.0,0.0,0.0,0.0,0.0,0.0,0.0,0.0,0.0,0.0,0.0,0.0,0.0,0.0,0.0,0.0,0.0,0.0,0.0,0.0,0.0,0.0,0.0,0.0,0.0,0.0,0.0,0.0,-1150.77734375,0.0,1150.78125,0.0,0.0,0.0,0.0,0.0,0.0,0.0,0.0,0.0,0.0,0.0,0.0,0.0,0.0,0.0,0.0,0.0,8888.6005859375,0.0,83858.9921875,5426.81884765625,-1474.77734375,0.0,1474.78125,0.0,-14.230662567320564,0.0,1.790126085281372,0.0,FL
326031,FL,1205,84.58114624023438,1,0.0,1897.200927734375,34068.31640625,1,0,1781.197998046875,0.0,84910.2890625,29623.51953125,0.0,0.0,0.0,29623.51953125,-5.0,0.0,5.0,0.0,-114.0,0.0,114.0,0.0,0.0,0.0,0.0,0.0,0.0,0.0,0.0,0.0,0.0,0.0,0.0,0.0,0.0,0.0,0.0,0.0,0.0,0.0,0.0,0.0,0.0,0.0,0.0,0.0,0.0,0.0,0.0,0.0,0.0,0.0,0.0,0.0,0.0,0.0,0.0,0.0,0.0,0.0,0.0,0.0,0.0,0.0,0.0,0.0,0.0,0.0,0.0,0.0,0.0,0.0,0.0,0.0,0.0,0.0,0.0,0.0,-670.3663330078125,0.0,670.3671875,0.0,0.0,0.0,0.0,0.0,0.0,0.0,0.0,0.0,0.0,0.0,0.0,0.0,0.0,0.0,0.0,0.0,991.8316650390625,0.0,85699.65625,29623.51953125,-789.3663330078125,0.0,789.3671875,0.0,-44.31659668792414,0.0,0.9296483993530273,0.0,FL
326032,FL,1205,0.48441195487976074,3,0.0,863915.0625,1280229.1875,3,0,324514.29296875,0.0,985787.75,11312.5029296875,0.0,0.0,0.0,11312.5029296875,-1067.98046875,0.0,1068.0,0.0,-931.0,0.0,931.0,0.0,0.0,0.0,0.0,0.0,0.0,0.0,0.0,0.0,0.0,0.0,0.0,0.0,0.0,0.0,0.0,0.0,-1850.0,0.0,1850.0,0.0,0.0,0.0,0.0,0.0,0.0,0.0,0.0,0.0,0.0,0.0,0.0,0.0,-980.0,0.0,980.0,0.0,0.0,0.0,0.0,0.0,0.0,0.0,0.0,0.0,0.0,0.0,0.0,0.0,0.0,0.0,0.0,0.0,0.0,0.0,0.0,0.0,0.0,0.0,0.0,0.0,0.0,0.0,0.0,0.0,0.0,0.0,0.0,0.0,0.0,0.0,0.0,0.0,0.0,0.0,0.0,0.0,319685.3125,0.0,990616.75,11312.5029296875,-4828.98046875,0.0,4829.0,0.0,-1.4880640308853883,0.0,0.48986202478408813,0.0,FL
326033,FL,1205,0.027631698176264763,4,2.0,128575.998046875,206389.15625,4,0,21815.48828125,0.0,179527.84375,0.0,0.0,0.0,0.0,0.0,-230.0,0.0,230.0,0.0,-418.0,0.0,418.0,0.0,0.0,0.0,0.0,0.0,0.0,0.0,0.0,0.0,-400.0,0.0,400.0,0.0,0.0,0.0,0.0,0.0,-315.3125,0.0,315.3125,0.0,0.0,0.0,0.0,0.0,0.0,0.0,0.0,0.0,0.0,0.0,0.0,0.0,-440.0,0.0,440.0,0.0,0.0,0.0,0.0,0.0,0.0,0.0,0.0,0.0,0.0,0.0,0.0,0.0,0.0,0.0,0.0,0.0,0.0,0.0,0.0,0.0,0.0,0.0,0.0,0.0,0.0,0.0,0.0,0.0,0.0,0.0,0.0,0.0,0.0,0.0,0.0,0.0,0.0,0.0,0.0,0.0,20012.17578125,0.0,181331.15625,0.0,-1803.3125,0.0,1803.3125,0.0,-8.266202785614077,0.0,1.0044751167297363,0.0,FL
326034,FL,1205,0.09494397789239883,5,2.0,184716.87561035156,278020.38342285156,4,1,40198.98828125,0.0,237173.671875,0.0,0.0,0.0,0.0,0.0,-292.0,0.0,292.0,0.0,-386.37890625,0.0,386.375,0.0,0.0,0.0,0.0,0.0,0.0,0.0,0.0,0.0,0.0,0.0,0.0,0.0,0.0,0.0,0.0,0.0,0.0,0.0,0.0,0.0,0.0,0.0,0.0,0.0,0.0,0.0,0.0,0.0,0.0,0.0,0.0,0.0,-480.0,0.0,480.0,0.0,0.0,0.0,0.0,0.0,0.0,0.0,0.0,0.0,0.0,0.0,0.0,0.0,0.0,0.0,0.0,0.0,0.0,0.0,0.0,0.0,0.0,0.0,0.0,0.0,0.0,0.0,0.0,0.0,0.0,0.0,0.0,0.0,0.0,0.0,0.0,0.0,0.0,0.0,0.0,0.0,39040.609375,0.0,238332.046875,0.0,-1158.37890625,0.0,1158.375,0.0,-2.8816120897010293,0.0,0.4884079098701477,0.0,FL
326035,FL,1205,0.15062999725341797,4,2.0,149938.24047851562,287114.9375,4,0,42431.87890625,0.0,233831.90625,0.0,0.0,0.0,0.0,0.0,-292.0,0.0,292.0,0.0,-456.0,0.0,456.0,0.0,0.0,0.0,0.0,0.0,0.0,0.0,0.0,0.0,-200.0,0.0,200.0,0.0,0.0,0.0,0.0,0.0,0.0,0.0,0.0,0.0,0.0,0.0,0.0,0.0,0.0,0.0,0.0,0.0,0.0,0.0,0.0,0.0,-144.109375,0.0,144.109375,0.0,0.0,0.0,0.0,0.0,0.0,0.0,0.0,0.0,0.0,0.0,0.0,0.0,0.0,0.0,0.0,0.0,-74.8984375,0.0,74.890625,0.0,0.0,0.0,0.0,0.0,0.0,0.0,0.0,0.0,0.0,0.0,0.0,0.0,0.0,0.0,0.0,0.0,0.0,0.0,0.0,0.0,41264.87109375,0.0,234998.90625,0.0,-1167.0078125,0.0,1167.0,0.0,-2.7503090661585237,0.0,0.4990764558315277,0.0,FL
326036,FL,1205,0.057106129825115204,3,0.0,404141.6953125,540747.15625,3,0,93955.0,0.0,434312.5625,0.0,0.0,0.0,0.0,0.0,-407.0,0.0,407.0,0.0,-665.0,0.0,665.0,0.0,0.0,0.0,0.0,0.0,0.0,0.0,0.0,0.0,0.0,0.0,0.0,0.0,0.0,0.0,0.0,0.0,0.0,0.0,0.0,0.0,0.0,0.0,0.0,0.0,0.0,0.0,0.0,0.0,0.0,0.0,0.0,0.0,-314.109375,0.0,314.09375,0.0,0.0,0.0,0.0,0.0,0.0,0.0,0.0,0.0,0.0,0.0,0.0,0.0,0.0,0.0,0.0,0.0,0.0,0.0,0.0,0.0,0.0,0.0,0.0,0.0,0.0,0.0,0.0,0.0,0.0,0.0,0.0,0.0,0.0,0.0,0.0,0.0,0.0,0.0,0.0,0.0,92568.890625,0.0,435698.65625,0.0,-1386.109375,0.0,1386.09375,0.0,-1.4752906976744184,0.0,0.31914660334587097,0.0,FL
326037,FL,1205,0.043867502361536026,6,3.9999999999999996,117976.12890625,119339.26562500001,6,0,5181.287109375,0.0,84856.0625,0.0,0.0,0.0,0.0,0.0,-10.0,0.0,10.0,0.0,-228.0,0.0,228.0,0.0,0.0,0.0,0.0,0.0,0.0,0.0,0.0,0.0,-400.0,0.0,400.0,0.0,0.0,0.0,0.0,0.0,0.0,0.0,0.0,0.0,0.0,0.0,0.0,0.0,0.0,0.0,0.0,0.0,0.0,0.0,0.0,0.0,-4.078125,0.0,4.078125,0.0,0.0,0.0,0.0,0.0,0.0,0.0,0.0,0.0,0.0,0.0,0.0,0.0,0.0,0.0,0.0,0.0,0.0,0.0,0.0,0.0,0.0,0.0,0.0,0.0,0.0,0.0,0.0,0.0,0.0,0.0,0.0,0.0,0.0,0.0,0.0,0.0,0.0,0.0,0.0,0.0,4539.208984375,0.0,85498.140625,0.0,-642.078125,0.0,642.078125,0.0,-12.392251412553966,0.0,0.7566673755645752,0.0,FL
326038,FL,1205,0.03256222978234291,2,0.0,90815.134765625,91038.6640625,2,0,6802.6396484375,0.0,95350.1015625,0.0,0.0,0.0,0.0,0.0,-10.0,0.0,10.0,0.0,-228.0,0.0,228.0,0.0,0.0,0.0,0.0,0.0,0.0,0.0,0.0,0.0,0.0,0.0,0.0,0.0,0.0,0.0,0.0,0.0,0.0,0.0,0.0,0.0,0.0,0.0,0.0,0.0,0.0,0.0,0.0,0.0,0.0,0.0,0.0,0.0,0.0,0.0,0.0,0.0,0.0,0.0,0.0,0.0,0.0,0.0,0.0,0.0,0.0,0.0,0.0,0.0,0.0,0.0,0.0,0.0,0.0,0.0,0.0,0.0,0.0,0.0,0.0,0.0,0.0,0.0,0.0,0.0,0.0,0.0,0.0,0.0,0.0,0.0,0.0,0.0,0.0,0.0,0.0,0.0,6564.6396484375,0.0,95588.1015625,0.0,-238.0,0.0,238.0,0.0,-3.4986418846199836,0.0,0.2496064454317093,0.0,FL
326039,FL,1205,0.21639065444469452,4,2.0,105165.9755859375,105165.9765625,4,0,4497.9169921875,0.0,105878.90625,0.0,0.0,0.0,0.0,0.0,-10.0,0.0,10.0,0.0,-228.0,0.0,228.0,0.0,0.0,0.0,0.0,0.0,0.0,0.0,0.0,0.0,-400.0,0.0,400.0,0.0,0.0,0.0,0.0,0.0,0.0,0.0,0.0,0.0,0.0,0.0,0.0,0.0,0.0,0.0,0.0,0.0,0.0,0.0,0.0,0.0,0.0,0.0,0.0,0.0,0.0,0.0,0.0,0.0,0.0,0.0,0.0,0.0,0.0,0.0,0.0,0.0,0.0,0.0,0.0,0.0,-174.46484375,0.0,174.4609375,0.0,0.0,0.0,0.0,0.0,-560.3232421875,0.0,560.3203125,0.0,0.0,0.0,0.0,0.0,0.0,0.0,0.0,0.0,0.0,0.0,0.0,0.0,3125.12890625,0.0,107251.6875,0.0,-1372.7880859375,0.0,1372.78125,0.0,-30.52052957673333,0.0,1.296557903289795,0.0,FL
326040,FL,1205,0.041810959577560425,1,0.0,25368.72265625,25368.72265625,1,0,1021.8722534179688,0.0,39484.6484375,304.1998291015625,0.0,16774.30859375,0.0,17078.508422851562,0.0,0.0,0.0,0.0,-95.0,0.0,95.0,0.0,0.0,0.0,0.0,0.0,0.0,0.0,0.0,0.0,0.0,0.0,0.0,0.0,0.0,0.0,0.0,0.0,0.0,0.0,0.0,0.0,0.0,0.0,0.0,0.0,0.0,0.0,0.0,0.0,0.0,0.0,0.0,0.0,0.0,0.0,0.0,0.0,0.0,0.0,0.0,0.0,0.0,0.0,0.0,0.0,0.0,0.0,0.0,0.0,0.0,0.0,0.0,0.0,0.0,0.0,0.0,0.0,0.0,0.0,0.0,0.0,0.0,0.0,0.0,0.0,0.0,0.0,0.0,0.0,0.0,0.0,0.0,0.0,0.0,0.0,0.0,0.0,926.8722534179688,0.0,39579.6484375,17078.508422851562,-95.0,0.0,95.0,0.0,-9.296661073068872,0.0,0.2405998259782791,0.0,FL
326041,FL,1205,155.4750213623047,3,1.0,23942.1328125,24984.8203125,3,0,0.0,0.0,33535.55859375,330.0,0.0,0.0,0.0,330.0,0.0,0.0,0.0,0.0,0.0,0.0,0.0,0.0,0.0,0.0,0.0,0.0,0.0,0.0,0.0,0.0,0.0,0.0,0.0,0.0,0.0,0.0,0.0,0.0,0.0,0.0,0.0,0.0,0.0,0.0,0.0,0.0,0.0,0.0,0.0,0.0,0.0,0.0,0.0,0.0,0.0,0.0,0.0,0.0,0.0,0.0,0.0,0.0,0.0,0.0,0.0,0.0,0.0,0.0,0.0,0.0,0.0,0.0,0.0,0.0,0.0,0.0,0.0,0.0,0.0,0.0,0.0,0.0,0.0,0.0,0.0,0.0,0.0,0.0,0.0,0.0,0.0,0.0,0.0,0.0,0.0,0.0,0.0,0.0,0.0,0.0,33535.55859375,330.0,0.0,0.0,0.0,0.0,0.0,0.0,0.0,0.0,FL
326042,FL,1205,8.283628463745117,1,0.0,38904.04296875,480860.0,1,0,75359.1640625,0.0,-464383.8125,0.0,0.0,0.0,0.0,0.0,-5.0,0.0,5.0,0.0,-256.5,0.0,256.5,0.0,0.0,0.0,0.0,0.0,0.0,0.0,0.0,0.0,0.0,0.0,0.0,0.0,0.0,0.0,0.0,0.0,0.0,0.0,0.0,0.0,0.0,0.0,0.0,0.0,0.0,0.0,0.0,0.0,0.0,0.0,0.0,0.0,0.0,0.0,0.0,0.0,0.0,0.0,0.0,0.0,0.0,0.0,0.0,0.0,0.0,0.0,0.0,0.0,0.0,0.0,0.0,0.0,0.0,0.0,0.0,0.0,0.0,0.0,0.0,0.0,0.0,0.0,0.0,0.0,0.0,0.0,0.0,0.0,0.0,0.0,0.0,0.0,0.0,0.0,0.0,0.0,75097.6640625,0.0,-464122.3125,0.0,-261.5,0.0,261.5,0.0,-0.34700491075394885,0.0,0.05631117895245552,0.0,FL
326043,FL,1205,0.02750992588698864,4,2.0,66730.76953125,88077.83203125,1,3,956.1652832031253,0.0,90338.7578125,0.0,0.0,10190.42431640625,4570.7734375,14761.19775390625,-5.0,0.0,5.0,0.0,-232.00000000000034,0.0,232.0,0.0,0.0,0.0,0.0,0.0,3999.9998779296875,0.0,-3999.9921875,0.0,0.0,0.0,0.0,0.0,0.0,0.0,0.0,0.0,-115.4127197265625,0.0,115.4140625,0.0,0.0,0.0,0.0,0.0,0.0,0.0,0.0,0.0,0.0,0.0,0.0,0.0,0.0,0.0,0.0,0.0,0.0,0.0,0.0,0.0,0.0,0.0,0.0,0.0,0.0,0.0,0.0,0.0,0.0,0.0,0.0,0.0,0.0,0.0,0.0,0.0,0.0,0.0,0.0,0.0,0.0,0.0,0.0,0.0,0.0,0.0,0.0,0.0,0.0,0.0,0.0,0.0,0.0,0.0,0.0,0.0,4603.75244140625,0.0,86691.1796875,14761.19775390625,3647.5871582031245,0.0,-3647.578125,0.0,381.48081950683417,0.0,-4.037667274475098,0.0,FL
326044,FL,1205,0.2781203091144562,1,0.0,190395.65625,453472.46875,1,0,84459.859375,0.0,416237.71875,39237.89453125,0.0,0.0,0.0,39237.89453125,-369.0,0.0,369.0,0.0,0.0,0.0,0.0,0.0,0.0,0.0,0.0,0.0,0.0,0.0,0.0,0.0,0.0,0.0,0.0,0.0,0.0,0.0,0.0,0.0,0.0,0.0,0.0,0.0,0.0,0.0,0.0,0.0,0.0,0.0,0.0,0.0,0.0,0.0,0.0,0.0,0.0,0.0,0.0,0.0,0.0,0.0,0.0,0.0,0.0,0.0,0.0,0.0,-3200.0,0.0,3200.0,0.0,0.0,0.0,0.0,0.0,0.0,0.0,0.0,0.0,0.0,0.0,0.0,0.0,0.0,0.0,0.0,0.0,0.0,0.0,0.0,0.0,0.0,0.0,0.0,0.0,0.0,0.0,0.0,0.0,80890.859375,0.0,419806.71875,39237.89453125,-3569.0,0.0,3569.0,0.0,-4.225675991424181,0.0,0.8574427366256714,0.0,FL
326045,FL,1205,0.5256166458129883,3,1.0,1450021.6938476562,1983351.5,2,1,615831.125,0.0,1358799.875,0.0,0.0,0.0,0.0,0.0,-734.0,0.0,734.0,0.0,-703.0,0.0,703.0,0.0,0.0,0.0,0.0,0.0,0.0,0.0,0.0,0.0,0.0,0.0,0.0,0.0,0.0,0.0,0.0,0.0,0.0,0.0,0.0,0.0,0.0,0.0,0.0,0.0,0.0,0.0,0.0,0.0,0.0,0.0,0.0,0.0,-740.0,0.0,740.0,0.0,0.0,0.0,0.0,0.0,0.0,0.0,0.0,0.0,0.0,0.0,0.0,0.0,0.0,0.0,0.0,0.0,0.0,0.0,0.0,0.0,0.0,0.0,0.0,0.0,0.0,0.0,0.0,0.0,0.0,0.0,0.0,0.0,0.0,0.0,0.0,0.0,0.0,0.0,0.0,0.0,613654.125,0.0,1360976.875,0.0,-2177.0,0.0,2177.0,0.0,-0.3535060037766035,0.0,0.16021491587162018,0.0,FL
326046,FL,1205,0.06546580046415329,4,2.0,202108.3515625,269958.03125,4,0,38998.51953125,0.0,215705.125,0.0,0.0,0.0,0.0,0.0,-230.00390625,0.0,230.0,0.0,-418.0,0.0,418.0,0.0,0.0,0.0,0.0,0.0,0.0,0.0,0.0,0.0,0.0,0.0,0.0,0.0,0.0,0.0,0.0,0.0,-959.13671875,0.0,959.140625,0.0,0.0,0.0,0.0,0.0,0.0,0.0,0.0,0.0,0.0,0.0,0.0,0.0,-440.0,0.0,440.0,0.0,0.0,0.0,0.0,0.0,0.0,0.0,0.0,0.0,0.0,0.0,0.0,0.0,0.0,0.0,0.0,0.0,0.0,0.0,0.0,0.0,0.0,0.0,0.0,0.0,0.0,0.0,0.0,0.0,0.0,0.0,0.0,0.0,0.0,0.0,0.0,0.0,0.0,0.0,0.0,0.0,36951.37890625,0.0,217752.265625,0.0,-2047.140625,0.0,2047.140625,0.0,-5.249277792095673,0.0,0.9490458965301514,0.0,FL
326047,FL,1205,0.5848111510276794,4,2.0,220817.734375,541941.875,4,0,116742.0234375,0.0,411870.125,0.0,0.0,0.0,0.0,0.0,-764.0,0.0,764.0,0.0,-608.0078125,0.0,608.0,0.0,0.0,0.0,0.0,0.0,0.0,0.0,0.0,0.0,0.0,0.0,0.0,0.0,0.0,0.0,0.0,0.0,-1599.9921875,0.0,1600.0,0.0,0.0,0.0,0.0,0.0,0.0,0.0,0.0,0.0,0.0,0.0,0.0,0.0,-217.609375,0.0,217.59375,0.0,0.0,0.0,0.0,0.0,0.0,0.0,0.0,0.0,0.0,0.0,0.0,0.0,0.0,0.0,0.0,0.0,0.0,0.0,0.0,0.0,0.0,0.0,0.0,0.0,0.0,0.0,0.0,0.0,0.0,0.0,0.0,0.0,0.0,0.0,0.0,0.0,0.0,0.0,0.0,0.0,113552.4140625,0.0,415059.71875,0.0,-3189.609375,0.0,3189.59375,0.0,-2.7321861323635668,0.0,0.7744173407554626,0.0,FL
326048,FL,1205,0.031014414504170418,2,0.0,64609.927490234375,580667.4375,2,0,127379.71875,0.0,514163.0625,48001.0234375,0.0,0.0,0.0,48001.0234375,-764.0,0.0,764.0,0.0,-608.0234375,0.0,608.03125,0.0,0.0,0.0,0.0,0.0,0.0,0.0,0.0,0.0,0.0,0.0,0.0,0.0,0.0,0.0,0.0,0.0,0.0,0.0,0.0,0.0,0.0,0.0,0.0,0.0,0.0,0.0,0.0,0.0,0.0,0.0,0.0,0.0,-640.0,0.0,640.0,0.0,0.0,0.0,0.0,0.0,0.0,0.0,0.0,0.0,0.0,0.0,0.0,0.0,0.0,0.0,0.0,0.0,0.0,0.0,0.0,0.0,0.0,0.0,0.0,0.0,0.0,0.0,0.0,0.0,0.0,0.0,0.0,0.0,0.0,0.0,0.0,0.0,0.0,0.0,0.0,0.0,125367.6953125,0.0,516175.09375,48001.0234375,-2012.0234375,0.0,2012.03125,0.0,-1.5795477154796278,0.0,0.3913216292858124,0.0,FL
326049,FL,1205,0.03370890021324158,8,3.9999999999999996,302140.13671875,596359.75,3,5,88383.1640625,0.0,512988.78125,626.4485473632812,11054.1728515625,14014.974609375,0.0,25695.59600830078,-292.0,0.0,292.0,0.0,-640.09326171875,0.0,640.0625,0.0,0.0,0.0,0.0,0.0,7994.09326171875,0.0,-7994.0625,0.0,0.0,0.0,0.0,0.0,0.0,0.0,0.0,0.0,0.0,0.0,0.0,0.0,0.0,0.0,0.0,0.0,0.0,0.0,0.0,0.0,0.0,0.0,0.0,0.0,-81.3671875,0.0,81.375,0.0,0.0,0.0,0.0,0.0,0.0,0.0,0.0,0.0,0.0,0.0,0.0,0.0,0.0,0.0,0.0,0.0,0.0,0.0,0.0,0.0,0.0,0.0,0.0,0.0,-102.9527587890625,0.0,102.9375,0.0,0.0,0.0,0.0,0.0,0.0,0.0,0.0,0.0,0.0,0.0,0.0,0.0,95260.84411621094,0.0,506111.09375,25695.59600830078,6877.6800537109375,0.0,-6877.6875,0.0,7.781663087833558,0.0,-1.3407092094421387,0.0,FL
326050,FL,1205,0.4057791829109192,3,1.0,142175.509765625,144738.626953125,1,2,16067.030883789062,0.0,99773.0703125,0.0,0.0,9724.1865234375,2285.38671875,12009.5732421875,-115.0,0.0,115.0,0.0,-356.5,0.0,356.5,0.0,0.0,0.0,0.0,0.0,500.0,0.0,-500.0,0.0,0.0,0.0,0.0,0.0,0.0,0.0,0.0,0.0,0.0,0.0,0.0,0.0,0.0,0.0,0.0,0.0,0.0,0.0,0.0,0.0,0.0,0.0,0.0,0.0,-220.0,0.0,220.0,0.0,0.0,0.0,0.0,0.0,0.0,0.0,0.0,0.0,0.0,0.0,0.0,0.0,0.0,0.0,0.0,0.0,0.0,0.0,0.0,0.0,0.0,0.0,0.0,0.0,0.0,0.0,0.0,0.0,0.0,0.0,0.0,0.0,0.0,0.0,0.0,0.0,0.0,0.0,0.0,0.0,15875.530883789062,0.0,99964.5703125,12009.5732421875,-191.5,0.0,191.5,0.0,-1.1918816947891424,0.0,0.19193555414676666,0.0,FL
326051,FL,1205,0.04004143550992012,2,0.0,228960.9765625,319741.1875,0,2,49494.875,0.0,266081.96875,0.0,0.0,0.0,0.0,0.0,-292.0,0.0,292.0,0.0,0.0,0.0,0.0,0.0,0.0,0.0,0.0,0.0,0.0,0.0,0.0,0.0,0.0,0.0,0.0,0.0,0.0,0.0,0.0,0.0,0.0,0.0,0.0,0.0,0.0,0.0,0.0,0.0,0.0,0.0,0.0,0.0,0.0,0.0,0.0,0.0,0.0,0.0,0.0,0.0,0.0,0.0,0.0,0.0,0.0,0.0,0.0,0.0,0.0,0.0,0.0,0.0,0.0,0.0,0.0,0.0,0.0,0.0,0.0,0.0,0.0,0.0,0.0,0.0,0.0,0.0,0.0,0.0,0.0,0.0,0.0,0.0,0.0,0.0,0.0,0.0,0.0,0.0,0.0,0.0,49202.875,0.0,266373.96875,0.0,-292.0,0.0,292.0,0.0,-0.5899600716235772,0.0,0.10974061489105225,0.0,FL
326052,FL,1205,3.441720962524414,5,2.0,92170.88134765625,1848739.8813476562,5,0,445575.78125,0.0,1454404.0,14282.59375,0.0,0.0,0.0,14282.59375,-734.0,0.0,734.0,0.0,0.0,0.0,0.0,0.0,0.0,0.0,0.0,0.0,0.0,0.0,0.0,0.0,0.0,0.0,0.0,0.0,0.0,0.0,0.0,0.0,0.0,0.0,0.0,0.0,0.0,0.0,0.0,0.0,0.0,0.0,0.0,0.0,0.0,0.0,0.0,0.0,0.0,0.0,0.0,0.0,0.0,0.0,0.0,0.0,0.0,0.0,0.0,0.0,0.0,0.0,0.0,0.0,0.0,0.0,0.0,0.0,0.0,0.0,0.0,0.0,0.0,0.0,0.0,0.0,0.0,0.0,0.0,0.0,0.0,0.0,0.0,0.0,0.0,0.0,0.0,0.0,0.0,0.0,0.0,0.0,444841.78125,0.0,1455138.0,14282.59375,-734.0,0.0,734.0,0.0,-0.16473067677531003,0.0,0.05046740919351578,0.0,FL
326053,FL,1205,0.08154581487178802,4,2.0,140750.328125,205584.953125,2,2,20994.701171875,0.0,187407.203125,7574.94189453125,0.0,0.0,0.0,7574.94189453125,-230.0,0.0,230.0,0.0,-418.0,0.0,418.0,0.0,0.0,0.0,0.0,0.0,0.0,0.0,0.0,0.0,-400.0,0.0,400.0,0.0,0.0,0.0,0.0,0.0,0.0,0.0,0.0,0.0,0.0,0.0,0.0,0.0,0.0,0.0,0.0,0.0,0.0,0.0,0.0,0.0,-440.0,0.0,440.0,0.0,0.0,0.0,0.0,0.0,0.0,0.0,0.0,0.0,0.0,0.0,0.0,0.0,0.0,0.0,0.0,0.0,0.0,0.0,0.0,0.0,0.0,0.0,0.0,0.0,0.0,0.0,0.0,0.0,0.0,0.0,0.0,0.0,0.0,0.0,0.0,0.0,0.0,0.0,0.0,0.0,19506.701171875,0.0,188895.203125,7574.94189453125,-1488.0,0.0,1488.0,0.0,-7.087502640872832,0.0,0.7939929366111755,0.0,FL
326054,FL,1205,0.06453683227300644,2,0.0,1296.0107421875,755115.84375,2,0,177960.9697265625,0.0,566022.9375,0.0,0.0,0.0,0.0,0.0,-115.0,0.0,115.0,0.0,-167.2001953125,0.0,167.1875,0.0,0.0,0.0,0.0,0.0,0.0,0.0,0.0,0.0,0.0,0.0,0.0,0.0,0.0,0.0,0.0,0.0,-2067.71875,0.0,2067.75,0.0,0.0,0.0,0.0,0.0,0.0,0.0,0.0,0.0,0.0,0.0,0.0,0.0,0.0,0.0,0.0,0.0,0.0,0.0,0.0,0.0,0.0,0.0,0.0,0.0,0.0,0.0,0.0,0.0,0.0,0.0,0.0,0.0,0.0,0.0,0.0,0.0,-707.525390625,0.0,707.5,0.0,0.0,0.0,0.0,0.0,0.0,0.0,0.0,0.0,0.0,0.0,0.0,0.0,0.0,0.0,0.0,0.0,174903.525390625,0.0,569080.375,0.0,-3057.4443359375,0.0,3057.4375,0.0,-1.7180420744139973,0.0,0.5401614308357239,0.0,FL
326055,FL,1205,0.17267143726348877,1,0.0,51123.48828125,51123.48828125,1,0,4073.818603515625,0.0,46751.0078125,0.0,0.0,0.0,0.0,0.0,-5.0,0.0,5.0,0.0,-114.0,0.0,114.0,0.0,0.0,0.0,0.0,0.0,0.0,0.0,0.0,0.0,0.0,0.0,0.0,0.0,0.0,0.0,0.0,0.0,0.0,0.0,0.0,0.0,0.0,0.0,0.0,0.0,0.0,0.0,0.0,0.0,0.0,0.0,0.0,0.0,0.0,0.0,0.0,0.0,0.0,0.0,0.0,0.0,0.0,0.0,0.0,0.0,0.0,0.0,0.0,0.0,0.0,0.0,0.0,0.0,0.0,0.0,0.0,0.0,0.0,0.0,0.0,0.0,0.0,0.0,0.0,0.0,0.0,0.0,0.0,0.0,0.0,0.0,0.0,0.0,0.0,0.0,0.0,0.0,3954.818603515625,0.0,46870.0078125,0.0,-119.0,0.0,119.0,0.0,-2.921092262117546,0.0,0.25453996658325195,0.0,FL
326056,FL,1205,0.035072941333055496,1,0.0,203962.40625,225235.453125,1,0,41591.38671875,0.0,191976.609375,17879.400390625,0.0,0.0,0.0,17879.400390625,-369.0,0.0,369.0,0.0,0.0,0.0,0.0,0.0,0.0,0.0,0.0,0.0,0.0,0.0,0.0,0.0,0.0,0.0,0.0,0.0,0.0,0.0,0.0,0.0,0.0,0.0,0.0,0.0,0.0,0.0,0.0,0.0,0.0,0.0,0.0,0.0,0.0,0.0,0.0,0.0,0.0,0.0,0.0,0.0,0.0,0.0,0.0,0.0,0.0,0.0,0.0,0.0,0.0,0.0,0.0,0.0,0.0,0.0,0.0,0.0,0.0,0.0,0.0,0.0,0.0,0.0,0.0,0.0,0.0,0.0,0.0,0.0,0.0,0.0,0.0,0.0,0.0,0.0,0.0,0.0,0.0,0.0,0.0,0.0,41222.38671875,0.0,192345.609375,17879.400390625,-369.0,0.0,369.0,0.0,-0.8872029261617512,0.0,0.19221091270446777,0.0,FL
326057,FL,1205,0.04001658782362938,4,0.0,76621.30755615234,77206.90673828125,4,0,2116.7923889160156,0.0,103547.96875,0.0,0.0,32417.03515625,0.0,32417.03515625,-10.0,0.0,10.0,0.0,-228.0,0.0,228.0,0.0,0.0,0.0,0.0,0.0,0.0,0.0,0.0,0.0,0.0,0.0,0.0,0.0,0.0,0.0,0.0,0.0,0.0,0.0,0.0,0.0,0.0,0.0,0.0,0.0,0.0,0.0,0.0,0.0,0.0,0.0,0.0,0.0,-23.113525390625,0.0,23.109375,0.0,0.0,0.0,0.0,0.0,0.0,0.0,0.0,0.0,0.0,0.0,0.0,0.0,0.0,0.0,0.0,0.0,0.0,0.0,0.0,0.0,0.0,0.0,0.0,0.0,0.0,0.0,0.0,0.0,0.0,0.0,0.0,0.0,0.0,0.0,0.0,0.0,0.0,0.0,0.0,0.0,1855.6788635253906,0.0,103809.078125,32417.03515625,-261.113525390625,0.0,261.109375,0.0,-12.33533939170757,0.0,0.25216272473335266,0.0,FL
326058,FL,1205,0.6363592147827148,2,0.0,68883.68359375,492861.71875,2,0,82114.5390625,0.0,472711.1875,0.0,0.0,0.0,0.0,0.0,-292.0,0.0,292.0,0.0,0.0,0.0,0.0,0.0,0.0,0.0,0.0,0.0,0.0,0.0,0.0,0.0,0.0,0.0,0.0,0.0,0.0,0.0,0.0,0.0,-275.40625,0.0,275.375,0.0,0.0,0.0,0.0,0.0,0.0,0.0,0.0,0.0,0.0,0.0,0.0,0.0,0.0,0.0,0.0,0.0,0.0,0.0,0.0,0.0,0.0,0.0,0.0,0.0,0.0,0.0,0.0,0.0,0.0,0.0,0.0,0.0,0.0,0.0,0.0,0.0,0.0,0.0,0.0,0.0,0.0,0.0,0.0,0.0,0.0,0.0,0.0,0.0,0.0,0.0,0.0,0.0,0.0,0.0,0.0,0.0,81547.1328125,0.0,473278.5625,0.0,-567.40625,0.0,567.375,0.0,-0.6909936492100734,0.0,0.12002572417259216,0.0,FL
326059,FL,1205,0.06028095260262489,2,0.0,90858.625,260021.291015625,2,0,36304.04296875,0.0,287703.5625,34725.53515625,0.0,0.0,0.0,34725.53515625,-115.0,0.0,115.0,0.0,-209.0,0.0,209.0,0.0,0.0,0.0,0.0,0.0,0.0,0.0,0.0,0.0,0.0,0.0,0.0,0.0,0.0,0.0,0.0,0.0,0.0,0.0,0.0,0.0,0.0,0.0,0.0,0.0,0.0,0.0,0.0,0.0,0.0,0.0,0.0,0.0,0.0,0.0,0.0,0.0,0.0,0.0,0.0,0.0,0.0,0.0,0.0,0.0,0.0,0.0,0.0,0.0,0.0,0.0,0.0,0.0,0.0,0.0,0.0,0.0,0.0,0.0,0.0,0.0,0.0,0.0,0.0,0.0,0.0,0.0,0.0,0.0,0.0,0.0,0.0,0.0,0.0,0.0,0.0,0.0,35980.04296875,0.0,288027.5625,34725.53515625,-324.0,0.0,324.0,0.0,-0.8924625840678256,0.0,0.1126159131526947,0.0,FL
326060,FL,1205,179.4709930419922,2,0.0,0.0,36420.77734375,2,0,282.0777282714844,0.0,118456.421875,46365.01953125,0.0,0.0,0.0,46365.01953125,0.0,0.0,0.0,0.0,-189.99999237060547,0.0,190.0,0.0,0.0,0.0,0.0,0.0,0.0,0.0,0.0,0.0,0.0,0.0,0.0,0.0,0.0,0.0,0.0,0.0,0.0,0.0,0.0,0.0,0.0,0.0,0.0,0.0,0.0,0.0,0.0,0.0,0.0,0.0,0.0,0.0,0.0,0.0,0.0,0.0,0.0,0.0,0.0,0.0,0.0,0.0,0.0,0.0,0.0,0.0,0.0,0.0,0.0,0.0,0.0,0.0,0.0,0.0,0.0,0.0,-92.0777359008789,0.0,92.078125,0.0,0.0,0.0,0.0,0.0,0.0,0.0,0.0,0.0,0.0,0.0,0.0,0.0,0.0,0.0,0.0,0.0,0.0,0.0,118738.5,46365.01953125,-282.0777282714844,0.0,282.078125,0.0,-100.0,0.0,0.2381281852722168,0.0,FL
326061,FL,1205,0.11744968593120575,3,1.0,132094.07421875,152078.59375,3,0,14445.291015625,0.0,145112.796875,17584.685546875,0.0,0.0,0.0,17584.685546875,-230.0,0.0,230.0,0.0,-418.0,0.0,418.0,0.0,0.0,0.0,0.0,0.0,0.0,0.0,0.0,0.0,-200.0,0.0,200.0,0.0,0.0,0.0,0.0,0.0,0.0,0.0,0.0,0.0,0.0,0.0,0.0,0.0,0.0,0.0,0.0,0.0,0.0,0.0,0.0,0.0,-440.0,0.0,440.0,0.0,0.0,0.0,0.0,0.0,0.0,0.0,0.0,0.0,0.0,0.0,0.0,0.0,0.0,0.0,0.0,0.0,0.0,0.0,0.0,0.0,0.0,0.0,0.0,0.0,-112.951171875,0.0,112.953125,0.0,0.0,0.0,0.0,0.0,0.0,0.0,0.0,0.0,0.0,0.0,0.0,0.0,13044.33984375,0.0,146513.75,17584.685546875,-1400.951171875,0.0,1400.953125,0.0,-9.698324321466677,0.0,0.965423583984375,0.0,FL
326062,FL,1205,0.06757757067680359,1,0.0,191893.53125,496570.375,1,0,107291.3984375,0.0,427191.59375,29101.4375,0.0,0.0,0.0,29101.4375,-362.25,0.0,362.25,0.0,0.0,0.0,0.0,0.0,0.0,0.0,0.0,0.0,0.0,0.0,0.0,0.0,0.0,0.0,0.0,0.0,0.0,0.0,0.0,0.0,-1750.0,0.0,1750.0,0.0,0.0,0.0,0.0,0.0,0.0,0.0,0.0,0.0,0.0,0.0,0.0,0.0,0.0,0.0,0.0,0.0,0.0,0.0,0.0,0.0,0.0,0.0,0.0,0.0,-372.0546875,0.0,372.03125,0.0,0.0,0.0,0.0,0.0,0.0,0.0,0.0,0.0,0.0,0.0,0.0,0.0,0.0,0.0,0.0,0.0,0.0,0.0,0.0,0.0,0.0,0.0,0.0,0.0,0.0,0.0,0.0,0.0,104807.09375,0.0,429675.875,29101.4375,-2484.3046875,0.0,2484.28125,0.0,-2.31547423528753,0.0,0.5815379619598389,0.0,FL
326063,FL,1205,0.04307284578680992,2,0.0,213124.5078125,616175.0,1,1,110966.5625,0.0,500241.15625,0.0,0.0,0.0,0.0,0.0,-292.0,0.0,292.0,0.0,-456.0,0.0,456.0,0.0,0.0,0.0,0.0,0.0,0.0,0.0,0.0,0.0,0.0,0.0,0.0,0.0,0.0,0.0,0.0,0.0,0.0,0.0,0.0,0.0,0.0,0.0,0.0,0.0,0.0,0.0,0.0,0.0,0.0,0.0,0.0,0.0,-480.0,0.0,480.0,0.0,0.0,0.0,0.0,0.0,0.0,0.0,0.0,0.0,0.0,0.0,0.0,0.0,0.0,0.0,0.0,0.0,0.0,0.0,0.0,0.0,0.0,0.0,0.0,0.0,0.0,0.0,0.0,0.0,0.0,0.0,0.0,0.0,0.0,0.0,0.0,0.0,0.0,0.0,0.0,0.0,109738.5625,0.0,501469.15625,0.0,-1228.0,0.0,1228.0,0.0,-1.1066396690444475,0.0,0.24548159539699554,0.0,FL
326064,FL,1205,4.46576452255249,2,0.0,0.0,0.0,0,2,0.0,0.0,59353.515625,22172.806640625,26463.767578125,0.0,0.0,48636.57421875,0.0,0.0,0.0,0.0,0.0,0.0,0.0,0.0,0.0,0.0,0.0,0.0,0.0,0.0,0.0,0.0,0.0,0.0,0.0,0.0,0.0,0.0,0.0,0.0,0.0,0.0,0.0,0.0,0.0,0.0,0.0,0.0,0.0,0.0,0.0,0.0,0.0,0.0,0.0,0.0,0.0,0.0,0.0,0.0,0.0,0.0,0.0,0.0,0.0,0.0,0.0,0.0,0.0,0.0,0.0,0.0,0.0,0.0,0.0,0.0,0.0,0.0,0.0,0.0,0.0,0.0,0.0,0.0,0.0,0.0,0.0,0.0,0.0,0.0,0.0,0.0,0.0,0.0,0.0,0.0,0.0,0.0,0.0,0.0,0.0,0.0,59353.515625,48636.57421875,0.0,0.0,0.0,0.0,0.0,0.0,0.0,0.0,FL
326065,FL,1205,258.6127624511719,2,0.0,0.0,77774.359375,2,0,4615.97119140625,0.0,95201.1875,17997.11328125,0.0,0.0,0.0,17997.11328125,-10.0,0.0,10.0,0.0,-228.0,0.0,228.0,0.0,0.0,0.0,0.0,0.0,0.0,0.0,0.0,0.0,0.0,0.0,0.0,0.0,0.0,0.0,0.0,0.0,0.0,0.0,0.0,0.0,0.0,0.0,0.0,0.0,0.0,0.0,0.0,0.0,0.0,0.0,0.0,0.0,0.0,0.0,0.0,0.0,0.0,0.0,0.0,0.0,0.0,0.0,0.0,0.0,0.0,0.0,0.0,0.0,0.0,0.0,0.0,0.0,0.0,0.0,0.0,0.0,-1440.0,0.0,1440.0,0.0,-530.294189453125,0.0,530.2890625,0.0,0.0,0.0,0.0,0.0,0.0,0.0,0.0,0.0,0.0,0.0,0.0,0.0,2407.677001953125,0.0,97409.4765625,17997.11328125,-2208.294189453125,0.0,2208.2890625,0.0,-47.84029401146178,0.0,2.3196024894714355,0.0,FL
326066,FL,1205,1.0093287229537964,4,2.0,340678.8125,962580.6875,4,0,243872.171875,0.0,687375.9375,0.0,0.0,0.0,0.0,0.0,-734.0,0.0,734.0,0.0,0.0,0.0,0.0,0.0,0.0,0.0,0.0,0.0,0.0,0.0,0.0,0.0,0.0,0.0,0.0,0.0,0.0,0.0,0.0,0.0,0.0,0.0,0.0,0.0,0.0,0.0,0.0,0.0,0.0,0.0,0.0,0.0,0.0,0.0,0.0,0.0,0.0,0.0,0.0,0.0,0.0,0.0,0.0,0.0,0.0,0.0,0.0,0.0,0.0,0.0,0.0,0.0,0.0,0.0,0.0,0.0,0.0,0.0,0.0,0.0,0.0,0.0,0.0,0.0,0.0,0.0,0.0,0.0,0.0,0.0,0.0,0.0,0.0,0.0,0.0,0.0,0.0,0.0,0.0,0.0,243138.171875,0.0,688109.9375,0.0,-734.0,0.0,734.0,0.0,-0.30097734987828856,0.0,0.10678290575742722,0.0,FL
326067,FL,1205,0.06084361672401428,3,0.0,533332.5,629234.3125,3,0,134887.25622558594,0.0,470698.5625,0.0,0.0,0.0,0.0,0.0,-749.0,0.0,749.0,0.0,-95.0,0.0,95.0,0.0,0.0,0.0,0.0,0.0,0.0,0.0,0.0,0.0,0.0,0.0,0.0,0.0,0.0,0.0,0.0,0.0,-1750.0,0.0,1750.0,0.0,0.0,0.0,0.0,0.0,0.0,0.0,0.0,0.0,0.0,0.0,0.0,0.0,0.0,0.0,0.0,0.0,0.0,0.0,0.0,0.0,0.0,0.0,0.0,0.0,0.0,0.0,0.0,0.0,0.0,0.0,0.0,0.0,0.0,0.0,0.0,0.0,0.0,0.0,0.0,0.0,-22.6982421875,0.0,22.6875,0.0,0.0,0.0,0.0,0.0,0.0,0.0,0.0,0.0,0.0,0.0,0.0,0.0,132270.55798339844,0.0,473315.25,0.0,-2616.6982421875,0.0,2616.6875,0.0,-1.9399150930991764,0.0,0.5559157729148865,0.0,FL
326068,FL,1205,0.055966608226299286,3,0.0,205831.611328125,204409.572265625,1,2,22589.250610351562,0.0,179361.84375,0.0,0.0,0.0,0.0,0.0,-235.0,0.0,235.0,0.0,-532.0,0.0,532.0,0.0,0.0,0.0,0.0,0.0,0.0,0.0,0.0,0.0,0.0,0.0,0.0,0.0,0.0,0.0,0.0,0.0,-930.68359375,0.0,930.6875,0.0,0.0,0.0,0.0,0.0,0.0,0.0,0.0,0.0,0.0,0.0,0.0,0.0,-440.0,0.0,440.0,0.0,0.0,0.0,0.0,0.0,0.0,0.0,0.0,0.0,0.0,0.0,0.0,0.0,0.0,0.0,0.0,0.0,0.0,0.0,0.0,0.0,0.0,0.0,0.0,0.0,0.0,0.0,0.0,0.0,0.0,0.0,0.0,0.0,0.0,0.0,0.0,0.0,0.0,0.0,0.0,0.0,20451.567016601562,0.0,181499.53125,0.0,-2137.68359375,0.0,2137.6875,0.0,-9.46327804593218,0.0,1.1918295621871948,0.0,FL
326069,FL,1205,161.41561889648438,1,0.0,0.0,0.0,1,0,0.0,0.0,17157.923828125,3926.039794921875,13231.8837890625,0.0,0.0,17157.923583984375,0.0,0.0,0.0,0.0,0.0,0.0,0.0,0.0,0.0,0.0,0.0,0.0,0.0,0.0,0.0,0.0,0.0,0.0,0.0,0.0,0.0,0.0,0.0,0.0,0.0,0.0,0.0,0.0,0.0,0.0,0.0,0.0,0.0,0.0,0.0,0.0,0.0,0.0,0.0,0.0,0.0,0.0,0.0,0.0,0.0,0.0,0.0,0.0,0.0,0.0,0.0,0.0,0.0,0.0,0.0,0.0,0.0,0.0,0.0,0.0,0.0,0.0,0.0,0.0,0.0,0.0,0.0,0.0,0.0,0.0,0.0,0.0,0.0,0.0,0.0,0.0,0.0,0.0,0.0,0.0,0.0,0.0,0.0,0.0,0.0,0.0,17157.923828125,17157.923583984375,0.0,0.0,0.0,0.0,0.0,0.0,0.0,0.0,FL
326070,FL,1205,126.95632934570312,1,0.0,0.0,0.0,1,0,0.0,0.0,47964.7421875,24291.212890625,0.0,0.0,0.0,24291.212890625,0.0,0.0,0.0,0.0,0.0,0.0,0.0,0.0,0.0,0.0,0.0,0.0,0.0,0.0,0.0,0.0,0.0,0.0,0.0,0.0,0.0,0.0,0.0,0.0,0.0,0.0,0.0,0.0,0.0,0.0,0.0,0.0,0.0,0.0,0.0,0.0,0.0,0.0,0.0,0.0,0.0,0.0,0.0,0.0,0.0,0.0,0.0,0.0,0.0,0.0,0.0,0.0,0.0,0.0,0.0,0.0,0.0,0.0,0.0,0.0,0.0,0.0,0.0,0.0,0.0,0.0,0.0,0.0,0.0,0.0,0.0,0.0,0.0,0.0,0.0,0.0,0.0,0.0,0.0,0.0,0.0,0.0,0.0,0.0,0.0,0.0,47964.7421875,24291.212890625,0.0,0.0,0.0,0.0,0.0,0.0,0.0,0.0,FL
326071,FL,1205,0.0557476207613945,4,2.0,33286.172607421875,28910.87890625,4,0,-3600.0,0.0,69332.703125,33841.12890625,5527.08642578125,0.0,0.0,39368.21533203125,0.0,0.0,0.0,0.0,0.0,0.0,0.0,0.0,0.0,0.0,0.0,0.0,0.0,0.0,0.0,0.0,200.0,0.0,-200.0,0.0,0.0,0.0,0.0,0.0,0.0,0.0,0.0,0.0,0.0,0.0,0.0,0.0,0.0,0.0,0.0,0.0,0.0,0.0,0.0,0.0,0.0,0.0,0.0,0.0,0.0,0.0,0.0,0.0,0.0,0.0,0.0,0.0,0.0,0.0,0.0,0.0,0.0,0.0,0.0,0.0,0.0,0.0,0.0,0.0,0.0,0.0,0.0,0.0,0.0,0.0,0.0,0.0,0.0,0.0,0.0,0.0,0.0,0.0,0.0,0.0,0.0,0.0,0.0,0.0,-3400.0,0.0,69132.703125,39368.21533203125,200.0,0.0,-200.0,0.0,5.555555555555555,0.0,-0.28846415877342224,0.0,FL
326072,FL,1205,0.0043707117438316345,2,0.0,432548.09375,621305.3125,2,0,125991.09375,0.0,498425.4375,0.0,0.0,0.0,0.0,0.0,-764.0,0.0,764.0,0.0,0.0,0.0,0.0,0.0,0.0,0.0,0.0,0.0,0.0,0.0,0.0,0.0,0.0,0.0,0.0,0.0,0.0,0.0,0.0,0.0,0.0,0.0,0.0,0.0,0.0,0.0,0.0,0.0,0.0,0.0,0.0,0.0,0.0,0.0,0.0,0.0,0.0,0.0,0.0,0.0,0.0,0.0,0.0,0.0,0.0,0.0,0.0,0.0,0.0,0.0,0.0,0.0,0.0,0.0,0.0,0.0,0.0,0.0,0.0,0.0,0.0,0.0,0.0,0.0,0.0,0.0,0.0,0.0,0.0,0.0,0.0,0.0,0.0,0.0,0.0,0.0,0.0,0.0,0.0,0.0,125227.09375,0.0,499189.4375,0.0,-764.0,0.0,764.0,0.0,-0.6063920688838373,0.0,0.15328270196914673,0.0,FL
326073,FL,1205,0.062044672667980194,3,1.0,157516.5859375,158602.75,3,0,15625.361328125,0.0,140894.015625,0.0,0.0,0.0,0.0,0.0,-230.0,0.0,230.0,0.0,-313.90234375,0.0,313.90625,0.0,0.0,0.0,0.0,0.0,0.0,0.0,0.0,0.0,-200.0,0.0,200.0,0.0,0.0,0.0,0.0,0.0,-948.853515625,0.0,948.859375,0.0,0.0,0.0,0.0,0.0,0.0,0.0,0.0,0.0,0.0,0.0,0.0,0.0,-440.0,0.0,440.0,0.0,0.0,0.0,0.0,0.0,0.0,0.0,0.0,0.0,0.0,0.0,0.0,0.0,0.0,0.0,0.0,0.0,0.0,0.0,0.0,0.0,0.0,0.0,0.0,0.0,0.0,0.0,0.0,0.0,0.0,0.0,0.0,0.0,0.0,0.0,0.0,0.0,0.0,0.0,0.0,0.0,13492.60546875,0.0,143026.78125,0.0,-2132.755859375,0.0,2132.765625,0.0,-13.649321859432002,0.0,1.5137375593185425,0.0,FL
326074,FL,1205,1074.777099609375,3,1.0,5747.81787109375,-6679.20751953125,3,0,0.0,0.0,38384.65234375,20553.720703125,5527.08642578125,0.0,0.0,26080.80712890625,0.0,0.0,0.0,0.0,0.0,0.0,0.0,0.0,0.0,0.0,0.0,0.0,0.0,0.0,0.0,0.0,0.0,0.0,0.0,0.0,0.0,0.0,0.0,0.0,0.0,0.0,0.0,0.0,0.0,0.0,0.0,0.0,0.0,0.0,0.0,0.0,0.0,0.0,0.0,0.0,0.0,0.0,0.0,0.0,0.0,0.0,0.0,0.0,0.0,0.0,0.0,0.0,0.0,0.0,0.0,0.0,0.0,0.0,0.0,0.0,0.0,0.0,0.0,0.0,0.0,0.0,0.0,0.0,0.0,0.0,0.0,0.0,0.0,0.0,0.0,0.0,0.0,0.0,0.0,0.0,0.0,0.0,0.0,0.0,0.0,0.0,38384.65234375,26080.80712890625,0.0,0.0,0.0,0.0,0.0,0.0,0.0,0.0,FL
326075,FL,1205,0.028733132407069206,2,0.0,282580.890625,406592.03125,2,0,71618.90625,0.0,347268.875,0.0,0.0,0.0,0.0,0.0,-292.0,0.0,292.0,0.0,0.0,0.0,0.0,0.0,0.0,0.0,0.0,0.0,0.0,0.0,0.0,0.0,0.0,0.0,0.0,0.0,0.0,0.0,0.0,0.0,-974.21875,0.0,974.1875,0.0,0.0,0.0,0.0,0.0,0.0,0.0,0.0,0.0,0.0,0.0,0.0,0.0,0.0,0.0,0.0,0.0,0.0,0.0,0.0,0.0,0.0,0.0,0.0,0.0,0.0,0.0,0.0,0.0,0.0,0.0,0.0,0.0,0.0,0.0,0.0,0.0,0.0,0.0,0.0,0.0,0.0,0.0,0.0,0.0,0.0,0.0,0.0,0.0,0.0,0.0,0.0,0.0,0.0,0.0,0.0,0.0,70352.6875,0.0,348535.0625,0.0,-1266.21875,0.0,1266.1875,0.0,-1.7679950955687764,0.0,0.36461302638053894,0.0,FL
326076,FL,1205,47.51304244995117,1,0.0,0.0,0.0,1,0,-119.18473815917969,0.0,1677.1551513671875,0.0,0.0,0.0,0.0,0.0,0.0,0.0,0.0,0.0,0.0,0.0,0.0,0.0,0.0,0.0,0.0,0.0,0.0,0.0,0.0,0.0,0.0,0.0,0.0,0.0,0.0,0.0,0.0,0.0,0.0,0.0,0.0,0.0,0.0,0.0,0.0,0.0,0.0,0.0,0.0,0.0,0.0,0.0,0.0,0.0,0.0,0.0,0.0,0.0,0.0,0.0,0.0,0.0,0.0,0.0,0.0,0.0,0.0,0.0,0.0,0.0,0.0,0.0,0.0,0.0,0.0,0.0,0.0,0.0,0.0,0.0,0.0,0.0,0.0,0.0,0.0,0.0,0.0,0.0,0.0,0.0,0.0,0.0,0.0,0.0,0.0,0.0,0.0,0.0,-119.18473815917969,0.0,1677.1551513671875,0.0,0.0,0.0,0.0,0.0,0.0,0.0,0.0,0.0,FL
326077,FL,1205,0.03685542941093445,1,0.0,72577.84375,72577.84375,1,0,7044.8427734375,0.0,69299.796875,0.0,0.0,0.0,0.0,0.0,-115.0,0.0,115.0,0.0,-209.0,0.0,209.0,0.0,0.0,0.0,0.0,0.0,0.0,0.0,0.0,0.0,0.0,0.0,0.0,0.0,0.0,0.0,0.0,0.0,0.0,0.0,0.0,0.0,0.0,0.0,0.0,0.0,0.0,0.0,0.0,0.0,0.0,0.0,0.0,0.0,0.0,0.0,0.0,0.0,0.0,0.0,0.0,0.0,0.0,0.0,0.0,0.0,0.0,0.0,0.0,0.0,0.0,0.0,0.0,0.0,0.0,0.0,0.0,0.0,0.0,0.0,0.0,0.0,0.0,0.0,0.0,0.0,0.0,0.0,0.0,0.0,0.0,0.0,0.0,0.0,0.0,0.0,0.0,0.0,6720.8427734375,0.0,69623.796875,0.0,-324.0,0.0,324.0,0.0,-4.599109027977719,0.0,0.4675338566303253,0.0,FL
326078,FL,1205,59.028690338134766,1,0.0,0.0,0.0,1,0,0.0,0.0,57836.59375,29062.138671875,0.0,0.0,0.0,29062.138671875,0.0,0.0,0.0,0.0,0.0,0.0,0.0,0.0,0.0,0.0,0.0,0.0,0.0,0.0,0.0,0.0,0.0,0.0,0.0,0.0,0.0,0.0,0.0,0.0,0.0,0.0,0.0,0.0,0.0,0.0,0.0,0.0,0.0,0.0,0.0,0.0,0.0,0.0,0.0,0.0,0.0,0.0,0.0,0.0,0.0,0.0,0.0,0.0,0.0,0.0,0.0,0.0,0.0,0.0,0.0,0.0,0.0,0.0,0.0,0.0,0.0,0.0,0.0,0.0,0.0,0.0,0.0,0.0,0.0,0.0,0.0,0.0,0.0,0.0,0.0,0.0,0.0,0.0,0.0,0.0,0.0,0.0,0.0,0.0,0.0,0.0,57836.59375,29062.138671875,0.0,0.0,0.0,0.0,0.0,0.0,0.0,0.0,FL
326079,FL,1205,53.83438491821289,1,0.0,0.0,0.0,1,0,0.0,0.0,37716.37890625,22232.19921875,0.0,0.0,0.0,22232.19921875,0.0,0.0,0.0,0.0,0.0,0.0,0.0,0.0,0.0,0.0,0.0,0.0,0.0,0.0,0.0,0.0,0.0,0.0,0.0,0.0,0.0,0.0,0.0,0.0,0.0,0.0,0.0,0.0,0.0,0.0,0.0,0.0,0.0,0.0,0.0,0.0,0.0,0.0,0.0,0.0,0.0,0.0,0.0,0.0,0.0,0.0,0.0,0.0,0.0,0.0,0.0,0.0,0.0,0.0,0.0,0.0,0.0,0.0,0.0,0.0,0.0,0.0,0.0,0.0,0.0,0.0,0.0,0.0,0.0,0.0,0.0,0.0,0.0,0.0,0.0,0.0,0.0,0.0,0.0,0.0,0.0,0.0,0.0,0.0,0.0,0.0,37716.37890625,22232.19921875,0.0,0.0,0.0,0.0,0.0,0.0,0.0,0.0,FL
326080,FL,1205,35.30302047729492,1,0.0,0.0,15289.0849609375,1,0,0.0,0.0,64924.8671875,25308.44140625,0.0,0.0,0.0,25308.44140625,0.0,0.0,0.0,0.0,0.0,0.0,0.0,0.0,0.0,0.0,0.0,0.0,0.0,0.0,0.0,0.0,0.0,0.0,0.0,0.0,0.0,0.0,0.0,0.0,0.0,0.0,0.0,0.0,0.0,0.0,0.0,0.0,0.0,0.0,0.0,0.0,0.0,0.0,0.0,0.0,0.0,0.0,0.0,0.0,0.0,0.0,0.0,0.0,0.0,0.0,0.0,0.0,0.0,0.0,0.0,0.0,0.0,0.0,0.0,0.0,0.0,0.0,0.0,0.0,0.0,0.0,0.0,0.0,0.0,0.0,0.0,0.0,0.0,0.0,0.0,0.0,0.0,0.0,0.0,0.0,0.0,0.0,0.0,0.0,0.0,0.0,64924.8671875,25308.44140625,0.0,0.0,0.0,0.0,0.0,0.0,0.0,0.0,FL
326081,FL,1205,0.028594527393579483,4,2.0,970607.66796875,999562.625,3,1,278282.71875,0.0,752393.625,0.0,0.0,0.0,0.0,0.0,-734.0,0.0,734.0,0.0,-703.0,0.0,703.0,0.0,0.0,0.0,0.0,0.0,0.0,0.0,0.0,0.0,0.0,0.0,0.0,0.0,0.0,0.0,0.0,0.0,-1850.0,0.0,1850.0,0.0,0.0,0.0,0.0,0.0,0.0,0.0,0.0,0.0,0.0,0.0,0.0,0.0,-740.0,0.0,740.0,0.0,0.0,0.0,0.0,0.0,0.0,0.0,0.0,0.0,0.0,0.0,0.0,0.0,0.0,0.0,0.0,0.0,0.0,0.0,0.0,0.0,0.0,0.0,0.0,0.0,0.0,0.0,0.0,0.0,0.0,0.0,0.0,0.0,0.0,0.0,0.0,0.0,0.0,0.0,0.0,0.0,274255.71875,0.0,756420.625,0.0,-4027.0,0.0,4027.0,0.0,-1.447089498797704,0.0,0.5352251529693604,0.0,FL
326082,FL,1205,121.27335357666016,2,0.0,2433.935791015625,2433.935791015625,2,0,0.0,0.0,9824.1875,0.0,3282.15771484375,0.0,0.0,3282.15771484375,0.0,0.0,0.0,0.0,0.0,0.0,0.0,0.0,0.0,0.0,0.0,0.0,0.0,0.0,0.0,0.0,0.0,0.0,0.0,0.0,0.0,0.0,0.0,0.0,0.0,0.0,0.0,0.0,0.0,0.0,0.0,0.0,0.0,0.0,0.0,0.0,0.0,0.0,0.0,0.0,0.0,0.0,0.0,0.0,0.0,0.0,0.0,0.0,0.0,0.0,0.0,0.0,0.0,0.0,0.0,0.0,0.0,0.0,0.0,0.0,0.0,0.0,0.0,0.0,0.0,0.0,0.0,0.0,0.0,0.0,0.0,0.0,0.0,0.0,0.0,0.0,0.0,0.0,0.0,0.0,0.0,0.0,0.0,0.0,0.0,0.0,9824.1875,3282.15771484375,0.0,0.0,0.0,0.0,0.0,0.0,0.0,0.0,FL
326083,FL,1205,0.3172118663787842,3,2.0,29509.83984375,29509.83984375,3,0,-8038.8701171875,0.0,53541.8515625,4731.8134765625,5527.08642578125,0.0,0.0,10258.89990234375,0.0,0.0,0.0,0.0,0.0,0.0,0.0,0.0,0.0,0.0,0.0,0.0,0.0,0.0,0.0,0.0,200.0,0.0,-200.0,0.0,0.0,0.0,0.0,0.0,0.0,0.0,0.0,0.0,0.0,0.0,0.0,0.0,0.0,0.0,0.0,0.0,0.0,0.0,0.0,0.0,0.0,0.0,0.0,0.0,0.0,0.0,0.0,0.0,0.0,0.0,0.0,0.0,0.0,0.0,0.0,0.0,0.0,0.0,0.0,0.0,0.0,0.0,0.0,0.0,0.0,0.0,0.0,0.0,0.0,0.0,0.0,0.0,0.0,0.0,0.0,0.0,0.0,0.0,0.0,0.0,0.0,0.0,0.0,0.0,-7838.8701171875,0.0,53341.8515625,10258.89990234375,200.0,0.0,-200.0,0.0,2.4879118219908807,0.0,-0.3735395669937134,0.0,FL
326084,FL,1205,43.95890426635742,1,0.0,0.0,-1156.655517578125,1,0,0.0,0.0,55895.1796875,28669.759765625,0.0,0.0,0.0,28669.759765625,0.0,0.0,0.0,0.0,0.0,0.0,0.0,0.0,0.0,0.0,0.0,0.0,0.0,0.0,0.0,0.0,0.0,0.0,0.0,0.0,0.0,0.0,0.0,0.0,0.0,0.0,0.0,0.0,0.0,0.0,0.0,0.0,0.0,0.0,0.0,0.0,0.0,0.0,0.0,0.0,0.0,0.0,0.0,0.0,0.0,0.0,0.0,0.0,0.0,0.0,0.0,0.0,0.0,0.0,0.0,0.0,0.0,0.0,0.0,0.0,0.0,0.0,0.0,0.0,0.0,0.0,0.0,0.0,0.0,0.0,0.0,0.0,0.0,0.0,0.0,0.0,0.0,0.0,0.0,0.0,0.0,0.0,0.0,0.0,0.0,0.0,55895.1796875,28669.759765625,0.0,0.0,0.0,0.0,0.0,0.0,0.0,0.0,FL
326085,FL,1205,0.0270857997238636,4,2.0,292267.4375,1160278.375,4,0,291934.96875,0.0,903317.625,0.0,0.0,0.0,0.0,0.0,-749.0,0.0,749.0,0.0,0.0,0.0,0.0,0.0,0.0,0.0,0.0,0.0,0.0,0.0,0.0,0.0,0.0,0.0,0.0,0.0,0.0,0.0,0.0,0.0,0.0,0.0,0.0,0.0,0.0,0.0,0.0,0.0,0.0,0.0,0.0,0.0,0.0,0.0,0.0,0.0,0.0,0.0,0.0,0.0,0.0,0.0,0.0,0.0,0.0,0.0,0.0,0.0,0.0,0.0,0.0,0.0,0.0,0.0,0.0,0.0,0.0,0.0,0.0,0.0,0.0,0.0,0.0,0.0,0.0,0.0,0.0,0.0,0.0,0.0,0.0,0.0,0.0,0.0,0.0,0.0,0.0,0.0,0.0,0.0,291185.96875,0.0,904066.625,0.0,-749.0,0.0,749.0,0.0,-0.25656398861946883,0.0,0.08291656523942947,0.0,FL
326086,FL,1205,0.03931219503283501,5,3.0,151016.08203125,164718.75,5,0,12689.2265625,0.0,161595.09375,0.0,0.0,0.0,0.0,0.0,-230.0,0.0,230.0,0.0,-418.0,0.0,418.0,0.0,0.0,0.0,0.0,0.0,0.0,0.0,0.0,0.0,-600.0,0.0,600.0,0.0,0.0,0.0,0.0,0.0,0.0,0.0,0.0,0.0,0.0,0.0,0.0,0.0,0.0,0.0,0.0,0.0,0.0,0.0,0.0,0.0,-440.0,0.0,440.0,0.0,0.0,0.0,0.0,0.0,0.0,0.0,0.0,0.0,0.0,0.0,0.0,0.0,0.0,0.0,0.0,0.0,-2725.892578125,0.0,2725.890625,0.0,0.0,0.0,0.0,0.0,-177.74609375,0.0,177.75,0.0,0.0,0.0,0.0,0.0,0.0,0.0,0.0,0.0,0.0,0.0,0.0,0.0,8097.587890625,0.0,166186.734375,0.0,-4591.638671875,0.0,4591.640625,0.0,-36.18533130651556,0.0,2.8414480686187744,0.0,FL
326087,FL,1205,77.95712280273438,1,0.0,0.0,10957.6572265625,1,0,0.0,0.0,79581.671875,34878.12890625,0.0,0.0,0.0,34878.12890625,0.0,0.0,0.0,0.0,0.0,0.0,0.0,0.0,0.0,0.0,0.0,0.0,0.0,0.0,0.0,0.0,0.0,0.0,0.0,0.0,0.0,0.0,0.0,0.0,0.0,0.0,0.0,0.0,0.0,0.0,0.0,0.0,0.0,0.0,0.0,0.0,0.0,0.0,0.0,0.0,0.0,0.0,0.0,0.0,0.0,0.0,0.0,0.0,0.0,0.0,0.0,0.0,0.0,0.0,0.0,0.0,0.0,0.0,0.0,0.0,0.0,0.0,0.0,0.0,0.0,0.0,0.0,0.0,0.0,0.0,0.0,0.0,0.0,0.0,0.0,0.0,0.0,0.0,0.0,0.0,0.0,0.0,0.0,0.0,0.0,0.0,79581.671875,34878.12890625,0.0,0.0,0.0,0.0,0.0,0.0,0.0,0.0,FL
326088,FL,1205,0.04403187334537506,2,0.0,77333.78515625,75509.875,2,0,4933.5234375,0.0,82544.484375,0.0,0.0,0.0,0.0,0.0,-10.0,0.0,10.0,0.0,-228.0,0.0,228.0,0.0,0.0,0.0,0.0,0.0,0.0,0.0,0.0,0.0,0.0,0.0,0.0,0.0,0.0,0.0,0.0,0.0,0.0,0.0,0.0,0.0,0.0,0.0,0.0,0.0,0.0,0.0,0.0,0.0,0.0,0.0,0.0,0.0,0.0,0.0,0.0,0.0,0.0,0.0,0.0,0.0,0.0,0.0,0.0,0.0,0.0,0.0,0.0,0.0,0.0,0.0,0.0,0.0,0.0,0.0,0.0,0.0,0.0,0.0,0.0,0.0,-201.8203125,0.0,201.8125,0.0,0.0,0.0,0.0,0.0,0.0,0.0,0.0,0.0,0.0,0.0,0.0,0.0,4493.703125,0.0,82984.296875,0.0,-439.8203125,0.0,439.8125,0.0,-8.914933071096817,0.0,0.5328187942504883,0.0,FL
326089,FL,1205,183.1539764404297,2,0.0,0.0,-2566.994873046875,2,0,0.0,0.0,46000.4140625,31485.623046875,0.0,0.0,0.0,31485.623046875,0.0,0.0,0.0,0.0,0.0,0.0,0.0,0.0,0.0,0.0,0.0,0.0,0.0,0.0,0.0,0.0,0.0,0.0,0.0,0.0,0.0,0.0,0.0,0.0,0.0,0.0,0.0,0.0,0.0,0.0,0.0,0.0,0.0,0.0,0.0,0.0,0.0,0.0,0.0,0.0,0.0,0.0,0.0,0.0,0.0,0.0,0.0,0.0,0.0,0.0,0.0,0.0,0.0,0.0,0.0,0.0,0.0,0.0,0.0,0.0,0.0,0.0,0.0,0.0,0.0,0.0,0.0,0.0,0.0,0.0,0.0,0.0,0.0,0.0,0.0,0.0,0.0,0.0,0.0,0.0,0.0,0.0,0.0,0.0,0.0,0.0,46000.4140625,31485.623046875,0.0,0.0,0.0,0.0,0.0,0.0,0.0,0.0,FL
326090,FL,1205,188.03590393066406,2,0.0,0.0,21138.52734375,2,0,0.0,0.0,67388.765625,22234.806640625,0.0,0.0,0.0,22234.806640625,0.0,0.0,0.0,0.0,0.0,0.0,0.0,0.0,0.0,0.0,0.0,0.0,0.0,0.0,0.0,0.0,0.0,0.0,0.0,0.0,0.0,0.0,0.0,0.0,0.0,0.0,0.0,0.0,0.0,0.0,0.0,0.0,0.0,0.0,0.0,0.0,0.0,0.0,0.0,0.0,0.0,0.0,0.0,0.0,0.0,0.0,0.0,0.0,0.0,0.0,0.0,0.0,0.0,0.0,0.0,0.0,0.0,0.0,0.0,0.0,0.0,0.0,0.0,0.0,0.0,0.0,0.0,0.0,0.0,0.0,0.0,0.0,0.0,0.0,0.0,0.0,0.0,0.0,0.0,0.0,0.0,0.0,0.0,0.0,0.0,0.0,67388.765625,22234.806640625,0.0,0.0,0.0,0.0,0.0,0.0,0.0,0.0,FL
326091,FL,1205,0.049588754773139954,2,0.0,280723.1015625,752350.0625,2,0,168993.40625,0.0,577734.8125,0.0,0.0,0.0,0.0,0.0,0.0,0.0,0.0,0.0,0.0,0.0,0.0,0.0,0.0,0.0,0.0,0.0,0.0,0.0,0.0,0.0,0.0,0.0,0.0,0.0,0.0,0.0,0.0,0.0,-1364.5625,0.0,1364.5625,0.0,0.0,0.0,0.0,0.0,0.0,0.0,0.0,0.0,0.0,0.0,0.0,0.0,0.0,0.0,0.0,0.0,0.0,0.0,0.0,0.0,0.0,0.0,0.0,0.0,0.0,0.0,0.0,0.0,0.0,0.0,0.0,0.0,0.0,0.0,0.0,0.0,0.0,0.0,0.0,0.0,0.0,0.0,0.0,0.0,0.0,0.0,0.0,0.0,0.0,0.0,0.0,0.0,0.0,0.0,0.0,0.0,167628.84375,0.0,579099.375,0.0,-1364.5625,0.0,1364.5625,0.0,-0.8074649362243977,0.0,0.23619183897972107,0.0,FL
326092,FL,1205,53.72151565551758,1,0.0,0.0,0.0,1,0,0.0,0.0,28607.380859375,14612.5322265625,0.0,0.0,0.0,14612.5322265625,0.0,0.0,0.0,0.0,0.0,0.0,0.0,0.0,0.0,0.0,0.0,0.0,0.0,0.0,0.0,0.0,0.0,0.0,0.0,0.0,0.0,0.0,0.0,0.0,0.0,0.0,0.0,0.0,0.0,0.0,0.0,0.0,0.0,0.0,0.0,0.0,0.0,0.0,0.0,0.0,0.0,0.0,0.0,0.0,0.0,0.0,0.0,0.0,0.0,0.0,0.0,0.0,0.0,0.0,0.0,0.0,0.0,0.0,0.0,0.0,0.0,0.0,0.0,0.0,0.0,0.0,0.0,0.0,0.0,0.0,0.0,0.0,0.0,0.0,0.0,0.0,0.0,0.0,0.0,0.0,0.0,0.0,0.0,0.0,0.0,0.0,28607.380859375,14612.5322265625,0.0,0.0,0.0,0.0,0.0,0.0,0.0,0.0,FL
326093,FL,1205,1.1245615482330322,1,0.0,0.0,772680.3125,1,0,214099.5625,0.0,576089.375,18311.017578125,0.0,0.0,0.0,18311.017578125,0.0,0.0,0.0,0.0,0.0,0.0,0.0,0.0,0.0,0.0,0.0,0.0,0.0,0.0,0.0,0.0,0.0,0.0,0.0,0.0,0.0,0.0,0.0,0.0,-2067.671875,0.0,2067.6875,0.0,0.0,0.0,0.0,0.0,0.0,0.0,0.0,0.0,0.0,0.0,0.0,0.0,0.0,0.0,0.0,0.0,0.0,0.0,0.0,0.0,0.0,0.0,0.0,0.0,0.0,0.0,0.0,0.0,0.0,0.0,0.0,0.0,0.0,0.0,0.0,0.0,0.0,0.0,0.0,0.0,0.0,0.0,0.0,0.0,0.0,0.0,0.0,0.0,0.0,0.0,0.0,0.0,0.0,0.0,0.0,0.0,212031.890625,0.0,578157.0625,18311.017578125,-2067.671875,0.0,2067.6875,0.0,-0.9657524989104077,0.0,0.35891783237457275,0.0,FL
326094,FL,1205,23.493946075439453,1,0.0,4687.6982421875,4687.6982421875,1,0,0.0,0.0,39780.89453125,18448.71875,0.0,0.0,0.0,18448.71875,0.0,0.0,0.0,0.0,0.0,0.0,0.0,0.0,0.0,0.0,0.0,0.0,0.0,0.0,0.0,0.0,0.0,0.0,0.0,0.0,0.0,0.0,0.0,0.0,0.0,0.0,0.0,0.0,0.0,0.0,0.0,0.0,0.0,0.0,0.0,0.0,0.0,0.0,0.0,0.0,0.0,0.0,0.0,0.0,0.0,0.0,0.0,0.0,0.0,0.0,0.0,0.0,0.0,0.0,0.0,0.0,0.0,0.0,0.0,0.0,0.0,0.0,0.0,0.0,0.0,0.0,0.0,0.0,0.0,0.0,0.0,0.0,0.0,0.0,0.0,0.0,0.0,0.0,0.0,0.0,0.0,0.0,0.0,0.0,0.0,0.0,39780.89453125,18448.71875,0.0,0.0,0.0,0.0,0.0,0.0,0.0,0.0,FL
326095,FL,1205,0.03075227327644825,2,0.0,76958.328125,92522.6953125,2,0,11397.9931640625,0.0,142744.0,43161.68359375,0.0,0.0,0.0,43161.68359375,-115.0,0.0,115.0,0.0,-209.0,0.0,209.0,0.0,0.0,0.0,0.0,0.0,0.0,0.0,0.0,0.0,0.0,0.0,0.0,0.0,0.0,0.0,0.0,0.0,0.0,0.0,0.0,0.0,0.0,0.0,0.0,0.0,0.0,0.0,0.0,0.0,0.0,0.0,0.0,0.0,0.0,0.0,0.0,0.0,0.0,0.0,0.0,0.0,0.0,0.0,0.0,0.0,0.0,0.0,0.0,0.0,0.0,0.0,0.0,0.0,0.0,0.0,0.0,0.0,-1088.701171875,0.0,1088.6875,0.0,-111.1669921875,0.0,111.171875,0.0,0.0,0.0,0.0,0.0,0.0,0.0,0.0,0.0,0.0,0.0,0.0,0.0,9874.125,0.0,144267.859375,43161.68359375,-1523.8681640625,0.0,1523.859375,0.0,-13.369618161091784,0.0,1.067547082901001,0.0,FL
326096,FL,1205,0.6062068939208984,2,0.0,161455.88671875,633441.625,2,0,132350.8125,0.0,522168.25,14496.2216796875,0.0,0.0,0.0,14496.2216796875,0.0,0.0,0.0,0.0,0.0,0.0,0.0,0.0,0.0,0.0,0.0,0.0,0.0,0.0,0.0,0.0,0.0,0.0,0.0,0.0,0.0,0.0,0.0,0.0,-1399.9921875,0.0,1400.0,0.0,0.0,0.0,0.0,0.0,0.0,0.0,0.0,0.0,0.0,0.0,0.0,0.0,0.0,0.0,0.0,0.0,0.0,0.0,0.0,0.0,0.0,0.0,0.0,0.0,0.0,0.0,0.0,0.0,0.0,0.0,0.0,0.0,0.0,0.0,0.0,0.0,0.0,0.0,0.0,0.0,0.0,0.0,0.0,0.0,0.0,0.0,0.0,0.0,0.0,0.0,0.0,0.0,0.0,0.0,0.0,0.0,130950.8203125,0.0,523568.25,14496.2216796875,-1399.9921875,0.0,1400.0,0.0,-1.0577888877712782,0.0,0.26811280846595764,0.0,FL
326097,FL,1205,0.11190958321094513,2,0.0,68565.875,183168.4375,2,0,22559.056640625,0.0,225531.75,56631.1796875,0.0,0.0,0.0,56631.1796875,-230.0,0.0,230.0,0.0,-418.0,0.0,418.0,0.0,0.0,0.0,0.0,0.0,0.0,0.0,0.0,0.0,0.0,0.0,0.0,0.0,0.0,0.0,0.0,0.0,0.0,0.0,0.0,0.0,0.0,0.0,0.0,0.0,0.0,0.0,0.0,0.0,0.0,0.0,0.0,0.0,0.0,0.0,0.0,0.0,0.0,0.0,0.0,0.0,0.0,0.0,0.0,0.0,0.0,0.0,0.0,0.0,0.0,0.0,0.0,0.0,0.0,0.0,0.0,0.0,-2202.17578125,0.0,2202.171875,0.0,-146.6953125,0.0,146.703125,0.0,0.0,0.0,0.0,0.0,0.0,0.0,0.0,0.0,0.0,0.0,0.0,0.0,19562.185546875,0.0,228528.625,56631.1796875,-2996.87109375,0.0,2996.875,0.0,-13.284558576590246,0.0,1.3288040161132812,0.0,FL
326098,FL,1205,0.17997732758522034,3,1.0,512601.67578125,836237.125,3,0,197349.5625,0.0,639178.875,0.0,0.0,0.0,0.0,0.0,-749.0,0.0,749.0,0.0,0.0,0.0,0.0,0.0,0.0,0.0,0.0,0.0,0.0,0.0,0.0,0.0,0.0,0.0,0.0,0.0,0.0,0.0,0.0,0.0,0.0,0.0,0.0,0.0,0.0,0.0,0.0,0.0,0.0,0.0,0.0,0.0,0.0,0.0,0.0,0.0,0.0,0.0,0.0,0.0,0.0,0.0,0.0,0.0,0.0,0.0,0.0,0.0,0.0,0.0,0.0,0.0,0.0,0.0,0.0,0.0,0.0,0.0,0.0,0.0,0.0,0.0,0.0,0.0,0.0,0.0,0.0,0.0,0.0,0.0,0.0,0.0,0.0,0.0,0.0,0.0,0.0,0.0,0.0,0.0,196600.5625,0.0,639927.875,0.0,-749.0,0.0,749.0,0.0,-0.3795295973863636,0.0,0.11718159168958664,0.0,FL
326099,FL,1205,195.47412109375,2,0.0,21478.08203125,60677.87109375,2,0,2763.344482421875,0.0,78427.84375,15433.5712890625,0.0,0.0,0.0,15433.5712890625,-10.0,0.0,10.0,0.0,-228.0,0.0,228.0,0.0,0.0,0.0,0.0,0.0,0.0,0.0,0.0,0.0,0.0,0.0,0.0,0.0,0.0,0.0,0.0,0.0,0.0,0.0,0.0,0.0,0.0,0.0,0.0,0.0,0.0,0.0,0.0,0.0,0.0,0.0,0.0,0.0,0.0,0.0,0.0,0.0,0.0,0.0,0.0,0.0,0.0,0.0,0.0,0.0,0.0,0.0,0.0,0.0,0.0,0.0,0.0,0.0,0.0,0.0,0.0,0.0,-1207.557373046875,0.0,1207.5546875,0.0,0.0,0.0,0.0,0.0,0.0,0.0,0.0,0.0,0.0,0.0,0.0,0.0,0.0,0.0,0.0,0.0,1317.787109375,0.0,79873.3984375,15433.5712890625,-1445.557373046875,0.0,1445.5546875,0.0,-52.311877228565685,0.0,1.8431652784347534,0.0,FL
326100,FL,1205,0.03320014476776123,3,0.0,663418.02734375,691624.392578125,3,0,162404.34552001953,0.0,530720.125,0.0,0.0,5707.12109375,0.0,5707.12109375,-749.0,0.0,749.0,0.0,-760.0,0.0,760.0,0.0,0.0,0.0,0.0,0.0,0.0,0.0,0.0,0.0,0.0,0.0,0.0,0.0,0.0,0.0,0.0,0.0,-1750.0,0.0,1750.0,0.0,0.0,0.0,0.0,0.0,0.0,0.0,0.0,0.0,0.0,0.0,0.0,0.0,-511.046875,0.0,511.0625,0.0,0.0,0.0,0.0,0.0,0.0,0.0,0.0,0.0,0.0,0.0,0.0,0.0,-513.2517700195312,0.0,513.25,0.0,0.0,0.0,0.0,0.0,0.0,0.0,0.0,0.0,0.0,0.0,0.0,0.0,0.0,0.0,0.0,0.0,0.0,0.0,0.0,0.0,0.0,0.0,0.0,0.0,158121.046875,0.0,535003.4375,5707.12109375,-4283.298645019531,0.0,4283.3125,0.0,-2.6374285930000134,0.0,0.807075560092926,0.0,FL
326101,FL,1205,0.0315142460167408,5,2.0,111279.10107421875,134381.603515625,5,0,-2644.392578125001,0.0,154620.796875,13486.2900390625,5527.08642578125,5436.87158203125,0.0,24450.248046875,-120.0,0.0,120.0,0.0,-114.0,0.0,114.0,0.0,0.0,0.0,0.0,0.0,0.0,0.0,0.0,0.0,200.00000000000182,0.0,-200.0,0.0,0.0,0.0,0.0,0.0,0.0,0.0,0.0,0.0,0.0,0.0,0.0,0.0,0.0,0.0,0.0,0.0,0.0,0.0,0.0,0.0,0.0,0.0,0.0,0.0,0.0,0.0,0.0,0.0,0.0,0.0,0.0,0.0,0.0,0.0,0.0,0.0,0.0,0.0,0.0,0.0,0.0,0.0,0.0,0.0,-925.8720703125005,0.0,925.875,0.0,0.0,0.0,0.0,0.0,0.0,0.0,0.0,0.0,0.0,0.0,0.0,0.0,0.0,0.0,0.0,0.0,-3604.2646484374995,0.0,155580.671875,24450.248046875,-959.8720703124986,0.0,959.875,0.0,-36.298395262971624,0.0,0.6207929253578186,0.0,FL
326102,FL,1205,1.0882962942123413,1,0.0,0.0,693589.125,1,0,180715.1875,0.0,537151.0625,24196.701171875,0.0,0.0,0.0,24196.701171875,0.0,0.0,0.0,0.0,0.0,0.0,0.0,0.0,0.0,0.0,0.0,0.0,0.0,0.0,0.0,0.0,0.0,0.0,0.0,0.0,0.0,0.0,0.0,0.0,-2067.71875,0.0,2067.75,0.0,0.0,0.0,0.0,0.0,0.0,0.0,0.0,0.0,0.0,0.0,0.0,0.0,0.0,0.0,0.0,0.0,0.0,0.0,0.0,0.0,0.0,0.0,0.0,0.0,0.0,0.0,0.0,0.0,0.0,0.0,0.0,0.0,0.0,0.0,0.0,0.0,0.0,0.0,0.0,0.0,0.0,0.0,0.0,0.0,0.0,0.0,0.0,0.0,0.0,0.0,0.0,0.0,0.0,0.0,0.0,0.0,178647.46875,0.0,539218.8125,24196.701171875,-2067.71875,0.0,2067.75,0.0,-1.1441864840496596,0.0,0.38494759798049927,0.0,FL
326103,FL,1205,1.9914536476135254,2,0.0,105212.47265625,352846.4375,2,0,60483.8203125,0.0,380581.3125,1549.8968505859375,0.0,0.0,0.0,1549.8968505859375,-292.0,0.0,292.0,0.0,-456.0,0.0,456.0,0.0,0.0,0.0,0.0,0.0,0.0,0.0,0.0,0.0,0.0,0.0,0.0,0.0,0.0,0.0,0.0,0.0,0.0,0.0,0.0,0.0,0.0,0.0,0.0,0.0,0.0,0.0,0.0,0.0,0.0,0.0,0.0,0.0,-390.046875,0.0,390.0625,0.0,0.0,0.0,0.0,0.0,0.0,0.0,0.0,0.0,0.0,0.0,0.0,0.0,0.0,0.0,0.0,0.0,0.0,0.0,0.0,0.0,0.0,0.0,0.0,0.0,0.0,0.0,0.0,0.0,0.0,0.0,0.0,0.0,0.0,0.0,0.0,0.0,0.0,0.0,0.0,0.0,59345.7734375,0.0,381719.375,1549.8968505859375,-1138.046875,0.0,1138.0625,0.0,-1.881572409150226,0.0,0.29903268814086914,0.0,FL
326104,FL,1205,113.02897644042969,2,0.0,351.1186828613281,903.863525390625,2,0,0.0,0.0,67712.15625,33561.41796875,0.0,0.0,0.0,33561.41796875,0.0,0.0,0.0,0.0,0.0,0.0,0.0,0.0,0.0,0.0,0.0,0.0,0.0,0.0,0.0,0.0,0.0,0.0,0.0,0.0,0.0,0.0,0.0,0.0,0.0,0.0,0.0,0.0,0.0,0.0,0.0,0.0,0.0,0.0,0.0,0.0,0.0,0.0,0.0,0.0,0.0,0.0,0.0,0.0,0.0,0.0,0.0,0.0,0.0,0.0,0.0,0.0,0.0,0.0,0.0,0.0,0.0,0.0,0.0,0.0,0.0,0.0,0.0,0.0,0.0,0.0,0.0,0.0,0.0,0.0,0.0,0.0,0.0,0.0,0.0,0.0,0.0,0.0,0.0,0.0,0.0,0.0,0.0,0.0,0.0,0.0,67712.15625,33561.41796875,0.0,0.0,0.0,0.0,0.0,0.0,0.0,0.0,FL
326105,FL,1205,0.32685399055480957,5,3.0,122802.28125,1750187.0458984375,5,0,637978.173828125,0.0,1288464.0,0.0,8290.629638671875,0.0,0.0,8290.629638671875,-350.25,0.0,350.25,0.0,0.0,0.0,0.0,0.0,0.0,0.0,0.0,0.0,0.0,0.0,0.0,0.0,0.0,0.0,0.0,0.0,0.0,0.0,0.0,0.0,-1848.8125,0.0,1848.875,0.0,0.0,0.0,0.0,0.0,0.0,0.0,0.0,0.0,0.0,0.0,0.0,0.0,0.0,0.0,0.0,0.0,0.0,0.0,0.0,0.0,0.0,0.0,0.0,0.0,0.0,0.0,0.0,0.0,0.0,0.0,0.0,0.0,0.0,0.0,0.0,0.0,0.0,0.0,0.0,0.0,0.0,0.0,0.0,0.0,0.0,0.0,0.0,0.0,0.0,0.0,0.0,0.0,0.0,0.0,-2763.5,-2763.543212890625,635779.111328125,0.0,1287899.625,5527.08642578125,-2199.0625,0.0,-564.375,-2763.543212890625,-0.3446924346650831,0.0,-0.043802157044410706,-33.33333333333333,FL
326106,FL,1205,0.0330425426363945,3,0.0,108485.318359375,108485.318359375,0,3,7647.104736328125,0.0,116465.5625,23836.435546875,0.0,0.0,0.0,23836.435546875,-10.0,0.0,10.0,0.0,-228.0,0.0,228.0,0.0,0.0,0.0,0.0,0.0,0.0,0.0,0.0,0.0,0.0,0.0,0.0,0.0,0.0,0.0,0.0,0.0,0.0,0.0,0.0,0.0,0.0,0.0,0.0,0.0,0.0,0.0,0.0,0.0,0.0,0.0,0.0,0.0,0.0,0.0,0.0,0.0,0.0,0.0,0.0,0.0,0.0,0.0,0.0,0.0,0.0,0.0,0.0,0.0,0.0,0.0,0.0,0.0,0.0,0.0,0.0,0.0,0.0,0.0,0.0,0.0,-79.552001953125,0.0,79.5546875,0.0,0.0,0.0,0.0,0.0,0.0,0.0,0.0,0.0,0.0,0.0,0.0,0.0,7329.552734375,0.0,116783.1171875,23836.435546875,-317.552001953125,0.0,317.5546875,0.0,-4.152578170461969,0.0,0.2726597189903259,0.0,FL
326107,FL,1205,0.05681220069527626,4,2.0,162918.64453125,185183.109375,4,0,14006.58203125,0.0,183025.75,0.0,0.0,0.0,0.0,0.0,-230.0,0.0,230.0,0.0,0.0,0.0,0.0,0.0,0.0,0.0,0.0,0.0,0.0,0.0,0.0,0.0,-400.0,0.0,400.0,0.0,0.0,0.0,0.0,0.0,-113.08203125,0.0,113.09375,0.0,0.0,0.0,0.0,0.0,0.0,0.0,0.0,0.0,0.0,0.0,0.0,0.0,0.0,0.0,0.0,0.0,0.0,0.0,0.0,0.0,0.0,0.0,0.0,0.0,0.0,0.0,0.0,0.0,-5500.0009765625,0.0,5500.0,0.0,0.0,0.0,0.0,0.0,0.0,0.0,0.0,0.0,-532.65234375,0.0,532.640625,0.0,0.0,0.0,0.0,0.0,0.0,0.0,0.0,0.0,0.0,0.0,0.0,0.0,7230.8466796875,0.0,189801.484375,0.0,-6775.7353515625,0.0,6775.734375,0.0,-48.37536621315034,0.0,3.70206618309021,0.0,FL
326108,FL,1205,0.035456325858831406,1,0.0,0.0,278420.4375,1,0,60558.65234375,0.0,236316.09375,16047.208984375,0.0,0.0,0.0,16047.208984375,-362.25,0.0,362.25,0.0,-332.5,0.0,332.5,0.0,0.0,0.0,0.0,0.0,0.0,0.0,0.0,0.0,0.0,0.0,0.0,0.0,0.0,0.0,0.0,0.0,0.0,0.0,0.0,0.0,0.0,0.0,0.0,0.0,0.0,0.0,0.0,0.0,0.0,0.0,0.0,0.0,0.0,0.0,0.0,0.0,0.0,0.0,0.0,0.0,0.0,0.0,0.0,0.0,0.0,0.0,0.0,0.0,0.0,0.0,0.0,0.0,0.0,0.0,0.0,0.0,0.0,0.0,0.0,0.0,0.0,0.0,0.0,0.0,0.0,0.0,0.0,0.0,0.0,0.0,0.0,0.0,0.0,0.0,0.0,0.0,59863.90234375,0.0,237010.84375,16047.208984375,-694.75,0.0,694.75,0.0,-1.1472349088225742,0.0,0.2939918339252472,0.0,FL
326109,FL,1205,0.031045982614159584,2,0.0,264587.921875,1039750.75,2,0,219391.703125,0.0,825160.125,0.0,0.0,0.0,0.0,0.0,0.0,0.0,0.0,0.0,0.0,0.0,0.0,0.0,0.0,0.0,0.0,0.0,0.0,0.0,0.0,0.0,0.0,0.0,0.0,0.0,0.0,0.0,0.0,0.0,-159.125,0.0,159.125,0.0,0.0,0.0,0.0,0.0,0.0,0.0,0.0,0.0,0.0,0.0,0.0,0.0,-560.0,0.0,560.0,0.0,0.0,0.0,0.0,0.0,0.0,0.0,0.0,0.0,0.0,0.0,0.0,0.0,0.0,0.0,0.0,0.0,0.0,0.0,0.0,0.0,0.0,0.0,0.0,0.0,0.0,0.0,0.0,0.0,0.0,0.0,0.0,0.0,0.0,0.0,0.0,0.0,0.0,0.0,0.0,0.0,218672.578125,0.0,825879.25,0.0,-719.125,0.0,719.125,0.0,-0.3277813106680125,0.0,0.08714974671602249,0.0,FL
326110,FL,1205,0.035544153302907944,2,0.0,103680.859375,117858.61328125,2,0,10212.742431640625,0.0,117637.546875,15550.1953125,0.0,0.0,0.0,15550.1953125,-120.0,0.0,120.0,0.0,-323.0,0.0,323.0,0.0,0.0,0.0,0.0,0.0,0.0,0.0,0.0,0.0,0.0,0.0,0.0,0.0,0.0,0.0,0.0,0.0,0.0,0.0,0.0,0.0,0.0,0.0,0.0,0.0,0.0,0.0,0.0,0.0,0.0,0.0,0.0,0.0,0.0,0.0,0.0,0.0,0.0,0.0,0.0,0.0,0.0,0.0,0.0,0.0,0.0,0.0,0.0,0.0,0.0,0.0,0.0,0.0,0.0,0.0,0.0,0.0,0.0,0.0,0.0,0.0,0.0,0.0,0.0,0.0,0.0,0.0,0.0,0.0,0.0,0.0,0.0,0.0,0.0,0.0,0.0,0.0,9769.742431640625,0.0,118080.546875,15550.1953125,-443.0,0.0,443.0,0.0,-4.337718325564726,0.0,0.37658044695854187,0.0,FL
326111,FL,1205,0.06039196625351906,5,2.0,146969.53515625,172888.4453125,5,0,11300.635986328125,0.0,165020.78125,43552.76953125,0.0,4099.3095703125,0.0,47652.0791015625,-235.0,0.0,235.0,0.0,-532.0,0.0,532.0,0.0,0.0,0.0,0.0,0.0,0.0,0.0,0.0,0.0,-400.0,0.0,400.0,0.0,0.0,0.0,0.0,0.0,-927.0224609375,0.0,927.015625,0.0,0.0,0.0,0.0,0.0,0.0,0.0,0.0,0.0,0.0,0.0,0.0,0.0,-240.0,0.0,240.0,0.0,0.0,0.0,0.0,0.0,0.0,0.0,0.0,0.0,0.0,0.0,0.0,0.0,0.0,0.0,0.0,0.0,0.0,0.0,0.0,0.0,0.0,0.0,0.0,0.0,-782.1177978515625,0.0,782.125,0.0,0.0,0.0,0.0,0.0,0.0,0.0,0.0,0.0,0.0,0.0,0.0,0.0,8184.4957275390625,0.0,168136.921875,47652.0791015625,-3116.1402587890625,0.0,3116.140625,0.0,-27.574910496710714,0.0,1.8883323669433594,0.0,FL
326112,FL,1205,0.030083851888775826,4,2.0,707704.28125,864519.6875,4,0,218648.109375,0.0,646625.6875,0.0,0.0,0.0,0.0,0.0,-734.0,0.0,734.0,0.0,0.0,0.0,0.0,0.0,0.0,0.0,0.0,0.0,0.0,0.0,0.0,0.0,0.0,0.0,0.0,0.0,0.0,0.0,0.0,0.0,-1850.0,0.0,1850.0,0.0,0.0,0.0,0.0,0.0,0.0,0.0,0.0,0.0,0.0,0.0,0.0,0.0,0.0,0.0,0.0,0.0,0.0,0.0,0.0,0.0,0.0,0.0,0.0,0.0,0.0,0.0,0.0,0.0,0.0,0.0,0.0,0.0,0.0,0.0,0.0,0.0,0.0,0.0,0.0,0.0,0.0,0.0,0.0,0.0,0.0,0.0,0.0,0.0,0.0,0.0,0.0,0.0,0.0,0.0,0.0,0.0,216064.109375,0.0,649209.6875,0.0,-2584.0,0.0,2584.0,0.0,-1.1818076119598278,0.0,0.3996129631996155,0.0,FL
326113,FL,1205,0.018974322825670242,4,2.0,187284.796875,540914.9375,4,0,112826.1640625,0.0,428546.96875,0.0,0.0,0.0,0.0,0.0,-764.0,0.0,764.0,0.0,-610.421875,0.0,610.40625,0.0,0.0,0.0,0.0,0.0,0.0,0.0,0.0,0.0,0.0,0.0,0.0,0.0,0.0,0.0,0.0,0.0,-1597.578125,0.0,1597.59375,0.0,0.0,0.0,0.0,0.0,0.0,0.0,0.0,0.0,0.0,0.0,0.0,0.0,-640.0,0.0,640.0,0.0,0.0,0.0,0.0,0.0,0.0,0.0,0.0,0.0,0.0,0.0,0.0,0.0,0.0,0.0,0.0,0.0,0.0,0.0,0.0,0.0,0.0,0.0,0.0,0.0,0.0,0.0,0.0,0.0,0.0,0.0,0.0,0.0,0.0,0.0,0.0,0.0,0.0,0.0,0.0,0.0,109214.1640625,0.0,432158.96875,0.0,-3612.0,0.0,3612.0,0.0,-3.201385095392532,0.0,0.8428481221199036,0.0,FL
326114,FL,1205,0.03323715180158615,2,0.0,199167.109375,499577.90625,2,0,90148.3984375,0.0,472267.1875,18244.53125,0.0,0.0,0.0,18244.53125,-292.0,0.0,292.0,0.0,-493.2421875,0.0,493.25,0.0,0.0,0.0,0.0,0.0,0.0,0.0,0.0,0.0,0.0,0.0,0.0,0.0,0.0,0.0,0.0,0.0,-224.8984375,0.0,224.875,0.0,0.0,0.0,0.0,0.0,0.0,0.0,0.0,0.0,0.0,0.0,0.0,0.0,-480.0,0.0,480.0,0.0,0.0,0.0,0.0,0.0,0.0,0.0,0.0,0.0,0.0,0.0,0.0,0.0,0.0,0.0,0.0,0.0,0.0,0.0,0.0,0.0,0.0,0.0,0.0,0.0,0.0,0.0,0.0,0.0,0.0,0.0,0.0,0.0,0.0,0.0,0.0,0.0,0.0,0.0,0.0,0.0,88658.2578125,0.0,473757.3125,18244.53125,-1490.140625,0.0,1490.125,0.0,-1.6529862436026708,0.0,0.3155258595943451,0.0,FL
326115,FL,1205,0.03700949251651764,4,2.0,901991.375,965676.875,4,0,265775.96875,0.0,682835.75,0.0,0.0,0.0,0.0,0.0,-734.0,0.0,734.0,0.0,-703.0,0.0,703.0,0.0,0.0,0.0,0.0,0.0,0.0,0.0,0.0,0.0,0.0,0.0,0.0,0.0,0.0,0.0,0.0,0.0,-1850.0,0.0,1850.0,0.0,0.0,0.0,0.0,0.0,0.0,0.0,0.0,0.0,0.0,0.0,0.0,0.0,0.0,0.0,0.0,0.0,0.0,0.0,0.0,0.0,0.0,0.0,0.0,0.0,0.0,0.0,0.0,0.0,0.0,0.0,0.0,0.0,0.0,0.0,0.0,0.0,0.0,0.0,0.0,0.0,0.0,0.0,0.0,0.0,0.0,0.0,0.0,0.0,0.0,0.0,0.0,0.0,0.0,0.0,0.0,0.0,262488.96875,0.0,686122.75,0.0,-3287.0,0.0,3287.0,0.0,-1.236755909670633,0.0,0.48137491941452026,0.0,FL
326116,FL,1205,0.042362503707408905,1,0.0,202342.578125,501138.5625,1,0,101504.421875,0.0,430490.21875,35561.51953125,0.0,0.0,0.0,35561.51953125,-362.25,0.0,362.25,0.0,0.0,0.0,0.0,0.0,0.0,0.0,0.0,0.0,0.0,0.0,0.0,0.0,0.0,0.0,0.0,0.0,0.0,0.0,0.0,0.0,0.0,0.0,0.0,0.0,0.0,0.0,0.0,0.0,0.0,0.0,0.0,0.0,0.0,0.0,0.0,0.0,0.0,0.0,0.0,0.0,0.0,0.0,0.0,0.0,0.0,0.0,0.0,0.0,0.0,0.0,0.0,0.0,0.0,0.0,0.0,0.0,0.0,0.0,0.0,0.0,0.0,0.0,0.0,0.0,0.0,0.0,0.0,0.0,0.0,0.0,0.0,0.0,0.0,0.0,0.0,0.0,0.0,0.0,0.0,0.0,101142.171875,0.0,430852.46875,35561.51953125,-362.25,0.0,362.25,0.0,-0.3568810041065021,0.0,0.08414825797080994,0.0,FL
326117,FL,1205,60.81661605834961,1,0.0,0.0,0.0,1,0,0.0,0.0,40181.6484375,18011.611328125,13231.8837890625,0.0,0.0,31243.4951171875,0.0,0.0,0.0,0.0,0.0,0.0,0.0,0.0,0.0,0.0,0.0,0.0,0.0,0.0,0.0,0.0,0.0,0.0,0.0,0.0,0.0,0.0,0.0,0.0,0.0,0.0,0.0,0.0,0.0,0.0,0.0,0.0,0.0,0.0,0.0,0.0,0.0,0.0,0.0,0.0,0.0,0.0,0.0,0.0,0.0,0.0,0.0,0.0,0.0,0.0,0.0,0.0,0.0,0.0,0.0,0.0,0.0,0.0,0.0,0.0,0.0,0.0,0.0,0.0,0.0,0.0,0.0,0.0,0.0,0.0,0.0,0.0,0.0,0.0,0.0,0.0,0.0,0.0,0.0,0.0,0.0,0.0,0.0,0.0,0.0,0.0,40181.6484375,31243.4951171875,0.0,0.0,0.0,0.0,0.0,0.0,0.0,0.0,FL
326118,FL,1205,0.03311680257320404,2,0.0,313263.578125,1099423.125,2,0,270277.1875,0.0,806156.5,0.0,0.0,0.0,0.0,0.0,-749.0,0.0,749.0,0.0,0.0,0.0,0.0,0.0,0.0,0.0,0.0,0.0,0.0,0.0,0.0,0.0,0.0,0.0,0.0,0.0,0.0,0.0,0.0,0.0,0.0,0.0,0.0,0.0,0.0,0.0,0.0,0.0,0.0,0.0,0.0,0.0,0.0,0.0,0.0,0.0,-39.59375,0.0,39.625,0.0,0.0,0.0,0.0,0.0,0.0,0.0,0.0,0.0,0.0,0.0,0.0,0.0,0.0,0.0,0.0,0.0,0.0,0.0,0.0,0.0,0.0,0.0,0.0,0.0,0.0,0.0,0.0,0.0,0.0,0.0,0.0,0.0,0.0,0.0,0.0,0.0,0.0,0.0,0.0,0.0,269488.59375,0.0,806945.125,0.0,-788.59375,0.0,788.625,0.0,-0.2917722199547455,0.0,0.0978252962231636,0.0,FL
326119,FL,1205,0.03151429072022438,3,1.0,127671.890625,578367.9375,3,0,100436.2890625,0.0,476414.125,0.0,0.0,0.0,0.0,0.0,-292.0,0.0,292.0,0.0,-456.0,0.0,456.0,0.0,0.0,0.0,0.0,0.0,0.0,0.0,0.0,0.0,0.0,0.0,0.0,0.0,0.0,0.0,0.0,0.0,-1189.640625,0.0,1189.65625,0.0,0.0,0.0,0.0,0.0,0.0,0.0,0.0,0.0,0.0,0.0,0.0,0.0,-322.6171875,0.0,322.59375,0.0,0.0,0.0,0.0,0.0,0.0,0.0,0.0,0.0,0.0,0.0,0.0,0.0,0.0,0.0,0.0,0.0,0.0,0.0,0.0,0.0,0.0,0.0,0.0,0.0,0.0,0.0,0.0,0.0,0.0,0.0,0.0,0.0,0.0,0.0,0.0,0.0,0.0,0.0,0.0,0.0,98176.03125,0.0,478674.375,0.0,-2260.2578125,0.0,2260.25,0.0,-2.2504393915763607,0.0,0.4744296967983246,0.0,FL
326120,FL,1205,0.02976519800722599,7,5.0,192669.6171875,738828.0,7,0,152327.953125,0.0,630312.1875,0.0,0.0,0.0,0.0,0.0,-749.0,0.0,749.0,0.0,-760.0,0.0,760.0,0.0,0.0,0.0,0.0,0.0,0.0,0.0,0.0,0.0,0.0,0.0,0.0,0.0,0.0,0.0,0.0,0.0,0.0,0.0,0.0,0.0,0.0,0.0,0.0,0.0,0.0,0.0,0.0,0.0,0.0,0.0,0.0,0.0,-800.0,0.0,800.0,0.0,0.0,0.0,0.0,0.0,0.0,0.0,0.0,0.0,0.0,0.0,0.0,0.0,0.0,0.0,0.0,0.0,0.0,0.0,0.0,0.0,0.0,0.0,0.0,0.0,0.0,0.0,0.0,0.0,0.0,0.0,0.0,0.0,0.0,0.0,0.0,0.0,0.0,0.0,0.0,0.0,150018.953125,0.0,632621.1875,0.0,-2309.0,0.0,2309.0,0.0,-1.5158084597284909,0.0,0.36632639169692993,0.0,FL
326121,FL,1205,0.03232824429869652,3,1.0,112878.05078125,183786.828125,0,3,20972.544921875,0.0,162880.3125,0.0,0.0,0.0,0.0,0.0,-230.0,0.0,230.0,0.0,-418.0,0.0,418.0,0.0,0.0,0.0,0.0,0.0,2000.0,0.0,-2000.0,0.0,0.0,0.0,0.0,0.0,0.0,0.0,0.0,0.0,0.0,0.0,0.0,0.0,0.0,0.0,0.0,0.0,0.0,0.0,0.0,0.0,0.0,0.0,0.0,0.0,-440.0,0.0,440.0,0.0,0.0,0.0,0.0,0.0,0.0,0.0,0.0,0.0,0.0,0.0,0.0,0.0,0.0,0.0,0.0,0.0,0.0,0.0,0.0,0.0,0.0,0.0,0.0,0.0,-261.5703125,0.0,261.5625,0.0,0.0,0.0,0.0,0.0,0.0,0.0,0.0,0.0,0.0,0.0,0.0,0.0,21622.974609375,0.0,162229.875,0.0,650.4296875,0.0,-650.4375,0.0,3.101338869092525,0.0,-0.3993346393108368,0.0,FL
326122,FL,1205,233.97174072265625,1,0.0,0.0,0.0,1,0,0.0,0.0,29114.7421875,15882.857421875,13231.8837890625,0.0,0.0,29114.7412109375,0.0,0.0,0.0,0.0,0.0,0.0,0.0,0.0,0.0,0.0,0.0,0.0,0.0,0.0,0.0,0.0,0.0,0.0,0.0,0.0,0.0,0.0,0.0,0.0,0.0,0.0,0.0,0.0,0.0,0.0,0.0,0.0,0.0,0.0,0.0,0.0,0.0,0.0,0.0,0.0,0.0,0.0,0.0,0.0,0.0,0.0,0.0,0.0,0.0,0.0,0.0,0.0,0.0,0.0,0.0,0.0,0.0,0.0,0.0,0.0,0.0,0.0,0.0,0.0,0.0,0.0,0.0,0.0,0.0,0.0,0.0,0.0,0.0,0.0,0.0,0.0,0.0,0.0,0.0,0.0,0.0,0.0,0.0,0.0,0.0,0.0,29114.7421875,29114.7412109375,0.0,0.0,0.0,0.0,0.0,0.0,0.0,0.0,FL
326123,FL,1205,78.33059692382812,2,0.0,26010.0078125,98405.0,2,0,7134.52978515625,0.0,125961.6875,32698.244140625,0.0,0.0,0.0,32698.244140625,-10.0,0.0,10.0,0.0,-228.0,0.0,228.0,0.0,0.0,0.0,0.0,0.0,0.0,0.0,0.0,0.0,0.0,0.0,0.0,0.0,0.0,0.0,0.0,0.0,0.0,0.0,0.0,0.0,0.0,0.0,0.0,0.0,0.0,0.0,0.0,0.0,0.0,0.0,0.0,0.0,-113.904296875,0.0,113.90625,0.0,0.0,0.0,0.0,0.0,0.0,0.0,0.0,0.0,0.0,0.0,0.0,0.0,0.0,0.0,0.0,0.0,0.0,0.0,0.0,0.0,-720.0,0.0,720.0,0.0,-152.259765625,0.0,152.2578125,0.0,0.0,0.0,0.0,0.0,0.0,0.0,0.0,0.0,0.0,0.0,0.0,0.0,5910.36572265625,0.0,127185.8515625,32698.244140625,-1224.1640625,0.0,1224.1640625,0.0,-17.15830053785654,0.0,0.9718542695045471,0.0,FL
326124,FL,1205,1.1908459663391113,4,2.0,90847.453125,477705.90625,3,1,80234.265625,0.0,382818.90625,0.0,0.0,0.0,0.0,0.0,-292.0,0.0,292.0,0.0,-215.546875,0.0,215.53125,0.0,0.0,0.0,0.0,0.0,0.0,0.0,0.0,0.0,-400.0,0.0,400.0,0.0,0.0,0.0,0.0,0.0,0.0,0.0,0.0,0.0,0.0,0.0,0.0,0.0,0.0,0.0,0.0,0.0,0.0,0.0,0.0,0.0,-840.4140625,0.0,840.4375,0.0,0.0,0.0,0.0,0.0,0.0,0.0,0.0,0.0,0.0,0.0,0.0,0.0,0.0,0.0,0.0,0.0,0.0,0.0,0.0,0.0,0.0,0.0,0.0,0.0,0.0,0.0,0.0,0.0,0.0,0.0,0.0,0.0,0.0,0.0,0.0,0.0,0.0,0.0,0.0,0.0,78486.3046875,0.0,384566.875,0.0,-1747.9609375,0.0,1747.96875,0.0,-2.1785716163585813,0.0,0.45660459995269775,0.0,FL
326125,FL,1205,1.9250426292419434,3,1.0,321117.53125,1437979.0,3,0,390221.34375,0.0,1152730.5,0.0,0.0,0.0,0.0,0.0,0.0,0.0,0.0,0.0,0.0,0.0,0.0,0.0,0.0,0.0,0.0,0.0,0.0,0.0,0.0,0.0,0.0,0.0,0.0,0.0,0.0,0.0,0.0,0.0,-1725.96875,0.0,1726.0,0.0,0.0,0.0,0.0,0.0,0.0,0.0,0.0,0.0,0.0,0.0,0.0,0.0,0.0,0.0,0.0,0.0,0.0,0.0,0.0,0.0,0.0,0.0,0.0,0.0,0.0,0.0,0.0,0.0,0.0,0.0,0.0,0.0,0.0,0.0,0.0,0.0,0.0,0.0,0.0,0.0,0.0,0.0,0.0,0.0,0.0,0.0,0.0,0.0,0.0,0.0,0.0,0.0,0.0,0.0,0.0,0.0,388495.375,0.0,1154456.5,0.0,-1725.96875,0.0,1726.0,0.0,-0.4423050603571707,0.0,0.14973144233226776,0.0,FL
326126,FL,1205,0.938836395740509,5,2.0,227952.45703125,850862.8125,3,2,201801.578125,0.0,650638.25,0.0,0.0,0.0,0.0,0.0,-749.0,0.0,749.0,0.0,0.0,0.0,0.0,0.0,0.0,0.0,0.0,0.0,0.0,0.0,0.0,0.0,0.0,0.0,0.0,0.0,0.0,0.0,0.0,0.0,0.0,0.0,0.0,0.0,0.0,0.0,0.0,0.0,0.0,0.0,0.0,0.0,0.0,0.0,0.0,0.0,0.0,0.0,0.0,0.0,0.0,0.0,0.0,0.0,0.0,0.0,0.0,0.0,0.0,0.0,0.0,0.0,0.0,0.0,0.0,0.0,0.0,0.0,0.0,0.0,0.0,0.0,0.0,0.0,0.0,0.0,0.0,0.0,0.0,0.0,0.0,0.0,0.0,0.0,0.0,0.0,0.0,0.0,0.0,0.0,201052.578125,0.0,651387.25,0.0,-749.0,0.0,749.0,0.0,-0.37115666138946357,0.0,0.11511773616075516,0.0,FL
326127,FL,1205,0.43829345703125,5,3.0,25031.576171875,52747.5703125,5,0,-3379.736572265625,0.0,75405.7734375,9729.7529296875,5527.08642578125,5936.541015625,0.0,21193.38037109375,0.0,0.0,0.0,0.0,0.0,0.0,0.0,0.0,0.0,0.0,0.0,0.0,0.0,0.0,0.0,0.0,0.0,0.0,0.0,0.0,0.0,0.0,0.0,0.0,0.0,0.0,0.0,0.0,0.0,0.0,0.0,0.0,0.0,0.0,0.0,0.0,0.0,0.0,0.0,0.0,0.0,0.0,0.0,0.0,0.0,0.0,0.0,0.0,0.0,0.0,0.0,0.0,0.0,0.0,0.0,0.0,0.0,0.0,0.0,0.0,0.0,0.0,0.0,0.0,0.0,0.0,0.0,0.0,0.0,0.0,0.0,0.0,0.0,0.0,0.0,0.0,0.0,0.0,0.0,0.0,0.0,0.0,0.0,0.0,-3379.736572265625,0.0,75405.7734375,21193.38037109375,0.0,0.0,0.0,0.0,0.0,0.0,0.0,0.0,FL
326128,FL,1205,0.5362399220466614,4,1.0,240626.1484375,605320.1875,4,0,130038.734375,0.0,600295.75,56266.05078125,13231.8837890625,0.0,0.0,69497.9345703125,-764.0,0.0,764.0,0.0,0.0,0.0,0.0,0.0,0.0,0.0,0.0,0.0,0.0,0.0,0.0,0.0,0.0,0.0,0.0,0.0,0.0,0.0,0.0,0.0,-465.8359375,0.0,465.8125,0.0,0.0,0.0,0.0,0.0,0.0,0.0,0.0,0.0,0.0,0.0,0.0,0.0,0.0,0.0,0.0,0.0,0.0,0.0,0.0,0.0,0.0,0.0,0.0,0.0,0.0,0.0,0.0,0.0,0.0,0.0,0.0,0.0,0.0,0.0,0.0,0.0,0.0,0.0,0.0,0.0,0.0,0.0,0.0,0.0,0.0,0.0,0.0,0.0,0.0,0.0,0.0,0.0,0.0,0.0,0.0,0.0,128808.8984375,0.0,601525.5625,69497.9345703125,-1229.8359375,0.0,1229.8125,0.0,-0.945745852888304,0.0,0.20486778020858765,0.0,FL
326129,FL,1205,0.8134458065032959,3,1.0,1511220.59765625,2194506.25,3,0,674804.3125,0.0,1536944.25,0.0,0.0,0.0,0.0,0.0,-734.0,0.0,734.0,0.0,-703.0,0.0,703.0,0.0,0.0,0.0,0.0,0.0,0.0,0.0,0.0,0.0,0.0,0.0,0.0,0.0,0.0,0.0,0.0,0.0,0.0,0.0,0.0,0.0,0.0,0.0,0.0,0.0,0.0,0.0,0.0,0.0,0.0,0.0,0.0,0.0,-740.0,0.0,740.0,0.0,0.0,0.0,0.0,0.0,0.0,0.0,0.0,0.0,0.0,0.0,0.0,0.0,0.0,0.0,0.0,0.0,0.0,0.0,0.0,0.0,0.0,0.0,0.0,0.0,0.0,0.0,0.0,0.0,0.0,0.0,0.0,0.0,0.0,0.0,0.0,0.0,0.0,0.0,0.0,0.0,672627.3125,0.0,1539121.25,0.0,-2177.0,0.0,2177.0,0.0,-0.3226120461404135,0.0,0.1416447013616562,0.0,FL
326130,FL,1205,2.0970559120178223,6,1.0,87185.14794921875,757349.1640625,6,0,20656.02783203125,0.0,821608.0625,0.0,0.0,0.0,0.0,0.0,-5.0,0.0,5.0,0.0,-209.0,0.0,209.0,0.0,0.0,0.0,0.0,0.0,0.0,0.0,0.0,0.0,0.0,0.0,0.0,0.0,0.0,0.0,0.0,0.0,0.0,0.0,0.0,0.0,0.0,0.0,0.0,0.0,0.0,0.0,0.0,0.0,0.0,0.0,0.0,0.0,0.0,0.0,0.0,0.0,0.0,0.0,0.0,0.0,0.0,0.0,0.0,0.0,0.0,0.0,0.0,0.0,0.0,0.0,0.0,0.0,0.0,0.0,0.0,0.0,0.0,0.0,0.0,0.0,-17.83447265625,0.0,17.8125,0.0,0.0,0.0,0.0,0.0,0.0,0.0,0.0,0.0,0.0,0.0,0.0,0.0,20424.193359375,0.0,821839.875,0.0,-231.83447265625,0.0,231.8125,0.0,-1.1223574761878703,0.0,0.028214488178491592,0.0,FL
326131,FL,1205,0.029425952583551407,2,0.0,207957.984375,646737.0625,2,0,143112.328125,0.0,497240.65625,0.0,0.0,0.0,0.0,0.0,0.0,0.0,0.0,0.0,0.0,0.0,0.0,0.0,0.0,0.0,0.0,0.0,0.0,0.0,0.0,0.0,0.0,0.0,0.0,0.0,0.0,0.0,0.0,0.0,0.0,0.0,0.0,0.0,0.0,0.0,0.0,0.0,0.0,0.0,0.0,0.0,0.0,0.0,0.0,0.0,0.0,0.0,0.0,0.0,0.0,0.0,0.0,0.0,0.0,0.0,0.0,0.0,0.0,0.0,0.0,0.0,0.0,0.0,0.0,0.0,0.0,0.0,0.0,0.0,0.0,0.0,0.0,0.0,0.0,0.0,0.0,0.0,0.0,0.0,0.0,0.0,0.0,0.0,0.0,0.0,0.0,0.0,0.0,0.0,143112.328125,0.0,497240.65625,0.0,0.0,0.0,0.0,0.0,0.0,0.0,0.0,0.0,FL
326132,FL,1205,0.1009930744767189,3,0.0,242311.8984375,647342.84375,3,0,104775.33203125,0.0,527486.4375,0.0,0.0,0.0,0.0,0.0,-423.0,0.0,423.0,0.0,-456.0,0.0,456.0,0.0,0.0,0.0,0.0,0.0,0.0,0.0,0.0,0.0,0.0,0.0,0.0,0.0,0.0,0.0,0.0,0.0,-522.77734375,0.0,522.8125,0.0,0.0,0.0,0.0,0.0,0.0,0.0,0.0,0.0,0.0,0.0,0.0,0.0,-480.0,0.0,480.0,0.0,0.0,0.0,0.0,0.0,0.0,0.0,0.0,0.0,0.0,0.0,0.0,0.0,0.0,0.0,0.0,0.0,0.0,0.0,0.0,0.0,0.0,0.0,0.0,0.0,0.0,0.0,0.0,0.0,0.0,0.0,0.0,0.0,0.0,0.0,0.0,0.0,0.0,0.0,0.0,0.0,102893.5546875,0.0,529368.25,0.0,-1881.77734375,0.0,1881.8125,0.0,-1.7960118162056944,0.0,0.35675087571144104,0.0,FL
326133,FL,1205,21.806081771850586,1,0.0,4687.6982421875,4687.6982421875,1,0,0.0,0.0,41150.265625,18719.431640625,0.0,0.0,0.0,18719.431640625,0.0,0.0,0.0,0.0,0.0,0.0,0.0,0.0,0.0,0.0,0.0,0.0,0.0,0.0,0.0,0.0,0.0,0.0,0.0,0.0,0.0,0.0,0.0,0.0,0.0,0.0,0.0,0.0,0.0,0.0,0.0,0.0,0.0,0.0,0.0,0.0,0.0,0.0,0.0,0.0,0.0,0.0,0.0,0.0,0.0,0.0,0.0,0.0,0.0,0.0,0.0,0.0,0.0,0.0,0.0,0.0,0.0,0.0,0.0,0.0,0.0,0.0,0.0,0.0,0.0,0.0,0.0,0.0,0.0,0.0,0.0,0.0,0.0,0.0,0.0,0.0,0.0,0.0,0.0,0.0,0.0,0.0,0.0,0.0,0.0,0.0,41150.265625,18719.431640625,0.0,0.0,0.0,0.0,0.0,0.0,0.0,0.0,FL
326134,FL,1205,1.5464653968811035,3,0.0,394042.443359375,1472452.255859375,2,1,335148.2029571533,0.0,1210879.25,0.0,0.0,10657.8193359375,0.0,10657.8193359375,-367.25,0.0,367.25,0.0,-184.5451202392578,0.0,184.5,0.0,0.0,0.0,0.0,0.0,0.0,0.0,0.0,0.0,0.0,0.0,0.0,0.0,0.0,0.0,0.0,0.0,0.0,0.0,0.0,0.0,0.0,0.0,0.0,0.0,0.0,0.0,0.0,0.0,0.0,0.0,0.0,0.0,0.0,0.0,0.0,0.0,0.0,0.0,0.0,0.0,0.0,0.0,0.0,0.0,0.0,0.0,0.0,0.0,0.0,0.0,0.0,0.0,0.0,0.0,0.0,0.0,0.0,0.0,0.0,0.0,0.0,0.0,0.0,0.0,0.0,0.0,0.0,0.0,0.0,0.0,0.0,0.0,0.0,0.0,0.0,0.0,334596.40783691406,0.0,1211431.0,10657.8193359375,-551.7951202392578,0.0,551.75,0.0,-0.1646421241022741,0.0,0.04556606337428093,0.0,FL
326135,FL,1205,0.21359865367412567,2,0.0,68634.142578125,82928.5234375,2,0,5829.4228515625,0.0,102444.9375,0.0,0.0,29020.42578125,0.0,29020.42578125,-10.0,0.0,10.0,0.0,-228.0,0.0,228.0,0.0,0.0,0.0,0.0,0.0,0.0,0.0,0.0,0.0,0.0,0.0,0.0,0.0,0.0,0.0,0.0,0.0,0.0,0.0,0.0,0.0,0.0,0.0,0.0,0.0,0.0,0.0,0.0,0.0,0.0,0.0,0.0,0.0,-208.07373046875,0.0,208.078125,0.0,0.0,0.0,0.0,0.0,0.0,0.0,0.0,0.0,0.0,0.0,0.0,0.0,0.0,0.0,0.0,0.0,0.0,0.0,0.0,0.0,0.0,0.0,0.0,0.0,0.0,0.0,0.0,0.0,0.0,0.0,0.0,0.0,0.0,0.0,0.0,0.0,0.0,0.0,0.0,0.0,5383.34912109375,0.0,102891.015625,29020.42578125,-446.07373046875,0.0,446.078125,0.0,-7.65210796724389,0.0,0.435432106256485,0.0,FL
326136,FL,1205,1.0620604753494263,4,2.0,80336.31176757812,466373.5625,4,0,75534.2421875,0.0,386522.0,0.0,0.0,0.0,0.0,0.0,-292.0,0.0,292.0,0.0,-797.6484375,0.0,797.625,0.0,0.0,0.0,0.0,0.0,0.0,0.0,0.0,0.0,-400.0,0.0,400.0,0.0,0.0,0.0,0.0,0.0,0.0,0.0,0.0,0.0,0.0,0.0,0.0,0.0,0.0,0.0,0.0,0.0,0.0,0.0,0.0,0.0,-839.625,0.0,839.625,0.0,0.0,0.0,0.0,0.0,0.0,0.0,0.0,0.0,0.0,0.0,0.0,0.0,0.0,0.0,0.0,0.0,0.0,0.0,0.0,0.0,0.0,0.0,0.0,0.0,0.0,0.0,0.0,0.0,0.0,0.0,0.0,0.0,0.0,0.0,0.0,0.0,0.0,0.0,0.0,0.0,73204.96875,0.0,388851.25,0.0,-2329.2734375,0.0,2329.25,0.0,-3.0837317884490094,0.0,0.6026177406311035,0.0,FL
326137,FL,1205,132.55996704101562,1,0.0,0.0,9391.943359375,0,1,0.0,0.0,61709.1328125,26158.595703125,0.0,0.0,0.0,26158.595703125,0.0,0.0,0.0,0.0,0.0,0.0,0.0,0.0,0.0,0.0,0.0,0.0,0.0,0.0,0.0,0.0,0.0,0.0,0.0,0.0,0.0,0.0,0.0,0.0,0.0,0.0,0.0,0.0,0.0,0.0,0.0,0.0,0.0,0.0,0.0,0.0,0.0,0.0,0.0,0.0,0.0,0.0,0.0,0.0,0.0,0.0,0.0,0.0,0.0,0.0,0.0,0.0,0.0,0.0,0.0,0.0,0.0,0.0,0.0,0.0,0.0,0.0,0.0,0.0,0.0,0.0,0.0,0.0,0.0,0.0,0.0,0.0,0.0,0.0,0.0,0.0,0.0,0.0,0.0,0.0,0.0,0.0,0.0,0.0,0.0,0.0,61709.1328125,26158.595703125,0.0,0.0,0.0,0.0,0.0,0.0,0.0,0.0,FL
326138,FL,1205,0.08922755718231201,2,0.0,82402.03515625,760632.375,2,0,93781.96875,0.0,703720.0625,0.0,0.0,0.0,0.0,0.0,-353.015625,0.0,353.0625,0.0,0.0,0.0,0.0,0.0,0.0,0.0,0.0,0.0,0.0,0.0,0.0,0.0,0.0,0.0,0.0,0.0,0.0,0.0,0.0,0.0,0.0,0.0,0.0,0.0,0.0,0.0,0.0,0.0,0.0,0.0,0.0,0.0,0.0,0.0,0.0,0.0,0.0,0.0,0.0,0.0,0.0,0.0,0.0,0.0,0.0,0.0,0.0,0.0,0.0,0.0,0.0,0.0,0.0,0.0,0.0,0.0,0.0,0.0,0.0,0.0,0.0,0.0,0.0,0.0,0.0,0.0,0.0,0.0,0.0,0.0,0.0,0.0,0.0,0.0,0.0,0.0,0.0,0.0,0.0,0.0,93428.953125,0.0,704073.125,0.0,-353.015625,0.0,353.0625,0.0,-0.37642164022068475,0.0,0.05017087236046791,0.0,FL
326139,FL,1205,0.029614819213747978,4,2.0,378326.4729003906,662261.625,4,0,136592.515625,0.0,536578.0625,0.0,0.0,0.0,0.0,0.0,-764.0,0.0,764.0,0.0,-703.0,0.0,703.0,0.0,0.0,0.0,0.0,0.0,0.0,0.0,0.0,0.0,0.0,0.0,0.0,0.0,0.0,0.0,0.0,0.0,-1850.0,0.0,1850.0,0.0,0.0,0.0,0.0,0.0,0.0,0.0,0.0,0.0,0.0,0.0,0.0,0.0,-740.0,0.0,740.0,0.0,0.0,0.0,0.0,0.0,0.0,0.0,0.0,0.0,0.0,0.0,0.0,0.0,0.0,0.0,0.0,0.0,0.0,0.0,0.0,0.0,0.0,0.0,0.0,0.0,0.0,0.0,0.0,0.0,0.0,0.0,0.0,0.0,0.0,0.0,0.0,0.0,0.0,0.0,0.0,0.0,132535.515625,0.0,540635.0625,0.0,-4057.0,0.0,4057.0,0.0,-2.970148094452009,0.0,0.756087601184845,0.0,FL
326140,FL,1205,227.18251037597656,2,0.0,0.0,10139.607421875,2,0,0.0,0.0,106053.03125,47607.5546875,0.0,0.0,0.0,47607.5546875,0.0,0.0,0.0,0.0,0.0,0.0,0.0,0.0,0.0,0.0,0.0,0.0,0.0,0.0,0.0,0.0,0.0,0.0,0.0,0.0,0.0,0.0,0.0,0.0,0.0,0.0,0.0,0.0,0.0,0.0,0.0,0.0,0.0,0.0,0.0,0.0,0.0,0.0,0.0,0.0,0.0,0.0,0.0,0.0,0.0,0.0,0.0,0.0,0.0,0.0,0.0,0.0,0.0,0.0,0.0,0.0,0.0,0.0,0.0,0.0,0.0,0.0,0.0,0.0,0.0,0.0,0.0,0.0,0.0,0.0,0.0,0.0,0.0,0.0,0.0,0.0,0.0,0.0,0.0,0.0,0.0,0.0,0.0,0.0,0.0,0.0,106053.03125,47607.5546875,0.0,0.0,0.0,0.0,0.0,0.0,0.0,0.0,FL
326141,FL,1205,0.02960432879626751,2,0.0,324063.140625,543294.1875,1,1,105921.109375,0.0,412175.375,0.0,0.0,0.0,0.0,0.0,-764.0,0.0,764.0,0.0,-608.0,0.0,608.0,0.0,0.0,0.0,0.0,0.0,0.0,0.0,0.0,0.0,0.0,0.0,0.0,0.0,0.0,0.0,0.0,0.0,-1600.0,0.0,1600.0,0.0,0.0,0.0,0.0,0.0,0.0,0.0,0.0,0.0,0.0,0.0,0.0,0.0,-640.0,0.0,640.0,0.0,0.0,0.0,0.0,0.0,0.0,0.0,0.0,0.0,0.0,0.0,0.0,0.0,0.0,0.0,0.0,0.0,0.0,0.0,0.0,0.0,0.0,0.0,0.0,0.0,0.0,0.0,0.0,0.0,0.0,0.0,0.0,0.0,0.0,0.0,0.0,0.0,0.0,0.0,0.0,0.0,102309.109375,0.0,415787.375,0.0,-3612.0,0.0,3612.0,0.0,-3.4100851296904198,0.0,0.8763260245323181,0.0,FL
326142,FL,1205,157.38153076171875,1,0.0,4232.7158203125,4232.7158203125,1,0,0.0,0.0,7504.953125,3596.039794921875,0.0,0.0,0.0,3596.039794921875,0.0,0.0,0.0,0.0,0.0,0.0,0.0,0.0,0.0,0.0,0.0,0.0,0.0,0.0,0.0,0.0,0.0,0.0,0.0,0.0,0.0,0.0,0.0,0.0,0.0,0.0,0.0,0.0,0.0,0.0,0.0,0.0,0.0,0.0,0.0,0.0,0.0,0.0,0.0,0.0,0.0,0.0,0.0,0.0,0.0,0.0,0.0,0.0,0.0,0.0,0.0,0.0,0.0,0.0,0.0,0.0,0.0,0.0,0.0,0.0,0.0,0.0,0.0,0.0,0.0,0.0,0.0,0.0,0.0,0.0,0.0,0.0,0.0,0.0,0.0,0.0,0.0,0.0,0.0,0.0,0.0,0.0,0.0,0.0,0.0,0.0,7504.953125,3596.039794921875,0.0,0.0,0.0,0.0,0.0,0.0,0.0,0.0,FL
326143,FL,1205,149.9730682373047,1,0.0,0.0,0.0,1,0,0.0,0.0,42546.484375,23799.48828125,0.0,0.0,0.0,23799.48828125,0.0,0.0,0.0,0.0,0.0,0.0,0.0,0.0,0.0,0.0,0.0,0.0,0.0,0.0,0.0,0.0,0.0,0.0,0.0,0.0,0.0,0.0,0.0,0.0,0.0,0.0,0.0,0.0,0.0,0.0,0.0,0.0,0.0,0.0,0.0,0.0,0.0,0.0,0.0,0.0,0.0,0.0,0.0,0.0,0.0,0.0,0.0,0.0,0.0,0.0,0.0,0.0,0.0,0.0,0.0,0.0,0.0,0.0,0.0,0.0,0.0,0.0,0.0,0.0,0.0,0.0,0.0,0.0,0.0,0.0,0.0,0.0,0.0,0.0,0.0,0.0,0.0,0.0,0.0,0.0,0.0,0.0,0.0,0.0,0.0,0.0,42546.484375,23799.48828125,0.0,0.0,0.0,0.0,0.0,0.0,0.0,0.0,FL
326144,FL,1205,0.038490764796733856,3,1.0,98801.6591796875,99244.2060546875,3,0,5256.359375,0.0,111444.328125,0.0,2763.543212890625,0.0,0.0,2763.543212890625,-115.0,0.0,115.0,0.0,-209.0,0.0,209.0,0.0,0.0,0.0,0.0,0.0,0.0,0.0,0.0,0.0,100.0,0.0,-100.0,0.0,0.0,0.0,0.0,0.0,0.0,0.0,0.0,0.0,0.0,0.0,0.0,0.0,0.0,0.0,0.0,0.0,0.0,0.0,0.0,0.0,0.0,0.0,0.0,0.0,0.0,0.0,0.0,0.0,0.0,0.0,0.0,0.0,0.0,0.0,0.0,0.0,0.0,0.0,0.0,0.0,0.0,0.0,0.0,0.0,0.0,0.0,0.0,0.0,0.0,0.0,0.0,0.0,0.0,0.0,0.0,0.0,0.0,0.0,0.0,0.0,0.0,0.0,0.0,0.0,5032.359375,0.0,111668.328125,2763.543212890625,-224.0,0.0,224.0,0.0,-4.261504665479612,0.0,0.2009972184896469,0.0,FL
326145,FL,1205,0.0352930948138237,3,0.0,419701.5380859375,488710.6240234375,3,0,90670.30990600586,0.0,395607.4375,0.0,0.0,0.0,0.0,0.0,-764.0,0.0,764.0,0.0,-629.4375,0.0,629.4375,0.0,0.0,0.0,0.0,0.0,0.0,0.0,0.0,0.0,0.0,0.0,0.0,0.0,0.0,0.0,0.0,0.0,-791.0,0.0,791.0,0.0,0.0,0.0,0.0,0.0,0.0,0.0,0.0,0.0,0.0,0.0,0.0,0.0,-480.0,0.0,480.0,0.0,0.0,0.0,0.0,0.0,0.0,0.0,0.0,0.0,0.0,0.0,0.0,0.0,0.0,0.0,0.0,0.0,0.0,0.0,0.0,0.0,0.0,0.0,0.0,0.0,0.0,0.0,0.0,0.0,0.0,0.0,0.0,0.0,0.0,0.0,0.0,0.0,0.0,0.0,0.0,0.0,88005.87240600586,0.0,398271.875,0.0,-2664.4375,0.0,2664.4375,0.0,-2.938599749755032,0.0,0.673505425453186,0.0,FL
326146,FL,1205,193.87229919433594,1,0.0,0.0,0.0,1,0,0.0,0.0,63356.12109375,31678.060546875,0.0,0.0,0.0,31678.060546875,0.0,0.0,0.0,0.0,0.0,0.0,0.0,0.0,0.0,0.0,0.0,0.0,0.0,0.0,0.0,0.0,0.0,0.0,0.0,0.0,0.0,0.0,0.0,0.0,0.0,0.0,0.0,0.0,0.0,0.0,0.0,0.0,0.0,0.0,0.0,0.0,0.0,0.0,0.0,0.0,0.0,0.0,0.0,0.0,0.0,0.0,0.0,0.0,0.0,0.0,0.0,0.0,0.0,0.0,0.0,0.0,0.0,0.0,0.0,0.0,0.0,0.0,0.0,0.0,0.0,0.0,0.0,0.0,0.0,0.0,0.0,0.0,0.0,0.0,0.0,0.0,0.0,0.0,0.0,0.0,0.0,0.0,0.0,0.0,0.0,0.0,63356.12109375,31678.060546875,0.0,0.0,0.0,0.0,0.0,0.0,0.0,0.0,FL
326147,FL,1205,0.035023145377635956,2,0.0,165356.26953125,166650.21484375,2,0,21774.0576171875,0.0,146501.6875,0.0,0.0,8254.8095703125,0.0,8254.8095703125,-136.0,0.0,136.0,0.0,-342.0,0.0,342.0,0.0,0.0,0.0,0.0,0.0,0.0,0.0,0.0,0.0,0.0,0.0,0.0,0.0,0.0,0.0,0.0,0.0,0.0,0.0,0.0,0.0,0.0,0.0,0.0,0.0,0.0,0.0,0.0,0.0,0.0,0.0,0.0,0.0,-146.44921875,0.0,146.453125,0.0,0.0,0.0,0.0,0.0,0.0,0.0,0.0,0.0,0.0,0.0,0.0,0.0,0.0,0.0,0.0,0.0,0.0,0.0,0.0,0.0,0.0,0.0,0.0,0.0,0.0,0.0,0.0,0.0,0.0,0.0,0.0,0.0,0.0,0.0,0.0,0.0,0.0,0.0,0.0,0.0,21149.6083984375,0.0,147126.140625,8254.8095703125,-624.44921875,0.0,624.453125,0.0,-2.867858759853225,0.0,0.42624297738075256,0.0,FL
326148,FL,1205,17.273664474487305,1,0.0,0.0,0.0,0,1,0.0,0.0,30255.373046875,15436.5283203125,0.0,0.0,0.0,15436.5283203125,0.0,0.0,0.0,0.0,0.0,0.0,0.0,0.0,0.0,0.0,0.0,0.0,0.0,0.0,0.0,0.0,0.0,0.0,0.0,0.0,0.0,0.0,0.0,0.0,0.0,0.0,0.0,0.0,0.0,0.0,0.0,0.0,0.0,0.0,0.0,0.0,0.0,0.0,0.0,0.0,0.0,0.0,0.0,0.0,0.0,0.0,0.0,0.0,0.0,0.0,0.0,0.0,0.0,0.0,0.0,0.0,0.0,0.0,0.0,0.0,0.0,0.0,0.0,0.0,0.0,0.0,0.0,0.0,0.0,0.0,0.0,0.0,0.0,0.0,0.0,0.0,0.0,0.0,0.0,0.0,0.0,0.0,0.0,0.0,0.0,0.0,30255.373046875,15436.5283203125,0.0,0.0,0.0,0.0,0.0,0.0,0.0,0.0,FL
326149,FL,1205,0.03718601539731026,2,0.0,56803.875,162199.0703125,2,0,15119.908203125,0.0,155467.921875,13297.2861328125,0.0,0.0,0.0,13297.2861328125,-120.0,0.0,120.0,0.0,-296.2890625,0.0,296.296875,0.0,0.0,0.0,0.0,0.0,0.0,0.0,0.0,0.0,0.0,0.0,0.0,0.0,0.0,0.0,0.0,0.0,0.0,0.0,0.0,0.0,0.0,0.0,0.0,0.0,0.0,0.0,0.0,0.0,0.0,0.0,0.0,0.0,0.0,0.0,0.0,0.0,0.0,0.0,0.0,0.0,0.0,0.0,0.0,0.0,0.0,0.0,0.0,0.0,0.0,0.0,0.0,0.0,0.0,0.0,0.0,0.0,-735.0263671875,0.0,735.015625,0.0,0.0,0.0,0.0,0.0,0.0,0.0,0.0,0.0,0.0,0.0,0.0,0.0,0.0,0.0,0.0,0.0,13968.5927734375,0.0,156619.234375,13297.2861328125,-1151.3154296875,0.0,1151.3125,0.0,-7.614566267337157,0.0,0.7405466437339783,0.0,FL
326150,FL,1205,0.08216546475887299,9,5.0,175225.1796875,182168.06054687497,9,0,5132.733398437499,0.0,180041.6875,2190.2158203125,2763.543212890625,2315.7856445312505,9141.546875,16411.091552734375,-15.00000000000091,0.0,15.0,0.0,-436.9999999999991,0.0,437.0,0.0,0.0,0.0,0.0,0.0,0.0,0.0,0.0,0.0,-799.9999999999977,0.0,800.0,0.0,0.0,0.0,0.0,0.0,0.0,0.0,0.0,0.0,0.0,0.0,0.0,0.0,0.0,0.0,0.0,0.0,0.0,0.0,0.0,0.0,-115.23193359375045,0.0,115.234375,0.0,0.0,0.0,0.0,0.0,0.0,0.0,0.0,0.0,0.0,0.0,0.0,0.0,0.0,0.0,0.0,0.0,0.0,0.0,0.0,0.0,0.0,0.0,0.0,0.0,-324.6212158203143,0.0,324.609375,0.0,0.0,0.0,0.0,0.0,0.0,0.0,0.0,0.0,0.0,0.0,0.0,0.0,3440.8802490234366,0.0,181733.53125,16411.091552734375,-1691.8531494140625,0.0,1691.84375,0.0,-32.96203052215988,0.0,0.9396955370903015,0.0,FL
326151,FL,1205,291.7621154785156,2,0.0,0.0,14449.142578125,2,0,0.0,0.0,44354.125,5653.56689453125,26463.767578125,0.0,0.0,32117.33447265625,0.0,0.0,0.0,0.0,0.0,0.0,0.0,0.0,0.0,0.0,0.0,0.0,0.0,0.0,0.0,0.0,0.0,0.0,0.0,0.0,0.0,0.0,0.0,0.0,0.0,0.0,0.0,0.0,0.0,0.0,0.0,0.0,0.0,0.0,0.0,0.0,0.0,0.0,0.0,0.0,0.0,0.0,0.0,0.0,0.0,0.0,0.0,0.0,0.0,0.0,0.0,0.0,0.0,0.0,0.0,0.0,0.0,0.0,0.0,0.0,0.0,0.0,0.0,0.0,0.0,0.0,0.0,0.0,0.0,0.0,0.0,0.0,0.0,0.0,0.0,0.0,0.0,0.0,0.0,0.0,0.0,0.0,0.0,0.0,0.0,0.0,44354.125,32117.33447265625,0.0,0.0,0.0,0.0,0.0,0.0,0.0,0.0,FL
326152,FL,1205,0.034578967839479446,4,0.0,199946.81640625,608272.74609375,4,0,119957.34802246094,0.0,499571.21875,0.0,13231.8837890625,0.0,0.0,13231.8837890625,-764.0,0.0,764.0,0.0,-797.9999847412109,0.0,798.0,0.0,0.0,0.0,0.0,0.0,0.0,0.0,0.0,0.0,0.0,0.0,0.0,0.0,0.0,0.0,0.0,0.0,-1570.2578125,0.0,1570.28125,0.0,0.0,0.0,0.0,0.0,0.0,0.0,0.0,0.0,0.0,0.0,0.0,0.0,-640.0,0.0,640.0,0.0,0.0,0.0,0.0,0.0,0.0,0.0,0.0,0.0,0.0,0.0,0.0,0.0,0.0,0.0,0.0,0.0,0.0,0.0,0.0,0.0,-225.5275421142578,0.0,225.5,0.0,0.0,0.0,0.0,0.0,0.0,0.0,0.0,0.0,0.0,0.0,0.0,0.0,0.0,0.0,0.0,0.0,115959.56268310547,0.0,503569.0,13231.8837890625,-3997.7853393554688,0.0,3997.78125,0.0,-3.332672325005817,0.0,0.80024254322052,0.0,FL
326153,FL,1205,0.037495873868465424,3,1.0,206485.640625,344083.9375,2,1,50635.4296875,0.0,277344.25,3487.812744140625,0.0,0.0,0.0,3487.812744140625,-292.0,0.0,292.0,0.0,0.0,0.0,0.0,0.0,0.0,0.0,0.0,0.0,0.0,0.0,0.0,0.0,-200.0,0.0,200.0,0.0,0.0,0.0,0.0,0.0,0.0,0.0,0.0,0.0,0.0,0.0,0.0,0.0,0.0,0.0,0.0,0.0,0.0,0.0,0.0,0.0,0.0,0.0,0.0,0.0,0.0,0.0,0.0,0.0,0.0,0.0,0.0,0.0,-38.9609375,0.0,38.9375,0.0,0.0,0.0,0.0,0.0,0.0,0.0,0.0,0.0,0.0,0.0,0.0,0.0,0.0,0.0,0.0,0.0,0.0,0.0,0.0,0.0,0.0,0.0,0.0,0.0,0.0,0.0,0.0,0.0,50104.46875,0.0,277875.1875,3487.812744140625,-530.9609375,0.0,530.9375,0.0,-1.0485956982627807,0.0,0.1914362758398056,0.0,FL
326154,FL,1205,0.1469624787569046,2,0.0,104862.41015625,113952.33984375,1,1,10452.27294921875,0.0,106143.9375,9089.9296875,0.0,0.0,0.0,9089.9296875,-120.0,0.0,120.0,0.0,-323.0,0.0,323.0,0.0,0.0,0.0,0.0,0.0,0.0,0.0,0.0,0.0,0.0,0.0,0.0,0.0,0.0,0.0,0.0,0.0,0.0,0.0,0.0,0.0,0.0,0.0,0.0,0.0,0.0,0.0,0.0,0.0,0.0,0.0,0.0,0.0,0.0,0.0,0.0,0.0,0.0,0.0,0.0,0.0,0.0,0.0,0.0,0.0,0.0,0.0,0.0,0.0,0.0,0.0,0.0,0.0,0.0,0.0,0.0,0.0,0.0,0.0,0.0,0.0,0.0,0.0,0.0,0.0,0.0,0.0,0.0,0.0,0.0,0.0,0.0,0.0,0.0,0.0,0.0,0.0,10009.27294921875,0.0,106586.9375,9089.9296875,-443.0,0.0,443.0,0.0,-4.238312586671513,0.0,0.41735777258872986,0.0,FL
326155,FL,1205,0.03491777181625366,5,3.0,312796.421875,354116.125,3,2,57282.734375,0.0,274891.125,0.0,0.0,0.0,0.0,0.0,-292.0,0.0,292.0,0.0,-456.0,0.0,456.0,0.0,0.0,0.0,0.0,0.0,4500.0,0.0,-4500.0,0.0,0.0,0.0,0.0,0.0,0.0,0.0,0.0,0.0,0.0,0.0,0.0,0.0,0.0,0.0,0.0,0.0,0.0,0.0,0.0,0.0,0.0,0.0,0.0,0.0,-480.0,0.0,480.0,0.0,0.0,0.0,0.0,0.0,0.0,0.0,0.0,0.0,0.0,0.0,0.0,0.0,0.0,0.0,0.0,0.0,0.0,0.0,0.0,0.0,0.0,0.0,0.0,0.0,0.0,0.0,0.0,0.0,0.0,0.0,0.0,0.0,0.0,0.0,0.0,0.0,0.0,0.0,0.0,0.0,60554.734375,0.0,271619.125,0.0,3272.0,0.0,-3272.0,0.0,5.712017828234129,0.0,-1.1902893781661987,0.0,FL
326156,FL,1205,290.2792053222656,2,0.0,4687.6982421875,4687.6982421875,2,0,0.0,0.0,46322.94921875,11389.4052734375,26463.767578125,0.0,0.0,37853.1728515625,0.0,0.0,0.0,0.0,0.0,0.0,0.0,0.0,0.0,0.0,0.0,0.0,0.0,0.0,0.0,0.0,0.0,0.0,0.0,0.0,0.0,0.0,0.0,0.0,0.0,0.0,0.0,0.0,0.0,0.0,0.0,0.0,0.0,0.0,0.0,0.0,0.0,0.0,0.0,0.0,0.0,0.0,0.0,0.0,0.0,0.0,0.0,0.0,0.0,0.0,0.0,0.0,0.0,0.0,0.0,0.0,0.0,0.0,0.0,0.0,0.0,0.0,0.0,0.0,0.0,0.0,0.0,0.0,0.0,0.0,0.0,0.0,0.0,0.0,0.0,0.0,0.0,0.0,0.0,0.0,0.0,0.0,0.0,0.0,0.0,0.0,46322.94921875,37853.1728515625,0.0,0.0,0.0,0.0,0.0,0.0,0.0,0.0,FL
326157,FL,1205,0.07812228798866272,2,1.0,69935.0234375,78816.546875,2,0,4173.8291015625,0.0,83336.828125,0.0,0.0,0.0,0.0,0.0,-7.0,0.0,7.0,0.0,-177.0,0.0,177.0,0.0,0.0,0.0,0.0,0.0,0.0,0.0,0.0,0.0,-200.0,0.0,200.0,0.0,0.0,0.0,0.0,0.0,-386.84326171875,0.0,386.84375,0.0,0.0,0.0,0.0,0.0,0.0,0.0,0.0,0.0,0.0,0.0,0.0,0.0,0.0,0.0,0.0,0.0,0.0,0.0,0.0,0.0,0.0,0.0,0.0,0.0,0.0,0.0,0.0,0.0,0.0,0.0,0.0,0.0,0.0,0.0,0.0,0.0,0.0,0.0,0.0,0.0,-333.08154296875,0.0,333.078125,0.0,0.0,0.0,0.0,0.0,0.0,0.0,0.0,0.0,0.0,0.0,0.0,0.0,3069.904296875,0.0,84440.75,0.0,-1103.9248046875,0.0,1103.921875,0.0,-26.448730358275537,0.0,1.324650764465332,0.0,FL
326158,FL,1205,0.023310504853725433,2,0.0,121029.875,609340.6875,2,0,89239.36328125,0.0,-337784.6875,11349.57421875,0.0,0.0,0.0,11349.57421875,-115.0,0.0,115.0,0.0,-446.5,0.0,446.5,0.0,0.0,0.0,0.0,0.0,0.0,0.0,0.0,0.0,0.0,0.0,0.0,0.0,0.0,0.0,0.0,0.0,0.0,0.0,0.0,0.0,0.0,0.0,0.0,0.0,0.0,0.0,0.0,0.0,0.0,0.0,0.0,0.0,0.0,0.0,0.0,0.0,0.0,0.0,0.0,0.0,0.0,0.0,0.0,0.0,0.0,0.0,0.0,0.0,0.0,0.0,0.0,0.0,0.0,0.0,0.0,0.0,0.0,0.0,0.0,0.0,0.0,0.0,0.0,0.0,0.0,0.0,0.0,0.0,0.0,0.0,0.0,0.0,0.0,0.0,0.0,0.0,88677.86328125,0.0,-337223.1875,11349.57421875,-561.5,0.0,561.5,0.0,-0.6292066408299624,0.0,0.16623014211654663,0.0,FL
326159,FL,1205,0.05016354098916054,5,1.0,293631.09326171875,295148.15625,4,1,31470.20361328125,0.0,242113.765625,0.0,0.0,0.0,0.0,0.0,-350.00000000000364,0.0,350.0,0.0,-323.0,0.0,323.0,0.0,0.0,0.0,0.0,0.0,0.0,0.0,0.0,0.0,0.0,0.0,0.0,0.0,0.0,0.0,0.0,0.0,0.0,0.0,0.0,0.0,0.0,0.0,0.0,0.0,0.0,0.0,0.0,0.0,0.0,0.0,0.0,0.0,-220.0,0.0,220.0,0.0,0.0,0.0,0.0,0.0,0.0,0.0,0.0,0.0,-36.294921874992724,0.0,36.296875,0.0,0.0,0.0,0.0,0.0,0.0,0.0,0.0,0.0,0.0,0.0,0.0,0.0,-134.89208984375364,0.0,134.890625,0.0,0.0,0.0,0.0,0.0,0.0,0.0,0.0,0.0,0.0,0.0,0.0,0.0,30406.0166015625,0.0,243177.953125,0.0,-1064.18701171875,0.0,1064.1875,0.0,-3.381570150596786,0.0,0.43954023718833923,0.0,FL
326160,FL,1205,0.03535111993551254,5,0.0,131764.19921875,924090.421875,5,0,216467.32690429688,0.0,795108.75,59819.2578125,0.0,0.0,0.0,59819.2578125,-235.0,0.0,235.0,0.0,-532.0,0.0,532.0,0.0,0.0,0.0,0.0,0.0,0.0,0.0,0.0,0.0,0.0,0.0,0.0,0.0,0.0,0.0,0.0,0.0,-2067.6875,0.0,2067.6875,0.0,0.0,0.0,0.0,0.0,0.0,0.0,0.0,0.0,0.0,0.0,0.0,0.0,-29.83203125,0.0,29.8125,0.0,0.0,0.0,0.0,0.0,0.0,0.0,0.0,0.0,0.0,0.0,0.0,0.0,0.0,0.0,0.0,0.0,0.0,0.0,0.0,0.0,-2941.553466796875,0.0,2941.5625,0.0,0.0,0.0,0.0,0.0,0.0,0.0,0.0,0.0,0.0,0.0,0.0,0.0,0.0,0.0,0.0,0.0,210661.25390625,0.0,800914.8125,59819.2578125,-5806.072998046875,0.0,5806.0625,0.0,-2.6821936968870217,0.0,0.7302224040031433,0.0,FL
326161,FL,1205,0.08994406461715698,2,0.0,118917.78515625,191538.05859375,2,0,25130.14501953125,0.0,165909.71875,3582.6376953125,0.0,0.0,0.0,3582.6376953125,-136.0,0.0,136.0,0.0,-342.0,0.0,342.0,0.0,0.0,0.0,0.0,0.0,0.0,0.0,0.0,0.0,0.0,0.0,0.0,0.0,0.0,0.0,0.0,0.0,0.0,0.0,0.0,0.0,0.0,0.0,0.0,0.0,0.0,0.0,0.0,0.0,0.0,0.0,0.0,0.0,0.0,0.0,0.0,0.0,0.0,0.0,0.0,0.0,0.0,0.0,0.0,0.0,0.0,0.0,0.0,0.0,0.0,0.0,0.0,0.0,0.0,0.0,0.0,0.0,-647.330078125,0.0,647.34375,0.0,0.0,0.0,0.0,0.0,0.0,0.0,0.0,0.0,0.0,0.0,0.0,0.0,0.0,0.0,0.0,0.0,24004.81494140625,0.0,167035.0625,3582.6376953125,-1125.330078125,0.0,1125.34375,0.0,-4.478008691356094,0.0,0.6782867908477783,0.0,FL
326162,FL,1205,0.04050176218152046,4,2.0,922536.8686523438,988612.5625,4,0,274262.1875,0.0,682797.25,0.0,0.0,0.0,0.0,0.0,-734.0,0.0,734.0,0.0,-703.0,0.0,703.0,0.0,0.0,0.0,0.0,0.0,0.0,0.0,0.0,0.0,0.0,0.0,0.0,0.0,0.0,0.0,0.0,0.0,-1850.0,0.0,1850.0,0.0,0.0,0.0,0.0,0.0,0.0,0.0,0.0,0.0,0.0,0.0,0.0,0.0,0.0,0.0,0.0,0.0,0.0,0.0,0.0,0.0,0.0,0.0,0.0,0.0,0.0,0.0,0.0,0.0,0.0,0.0,0.0,0.0,0.0,0.0,0.0,0.0,0.0,0.0,0.0,0.0,0.0,0.0,0.0,0.0,0.0,0.0,0.0,0.0,0.0,0.0,0.0,0.0,0.0,0.0,0.0,0.0,270975.1875,0.0,686084.25,0.0,-3287.0,0.0,3287.0,0.0,-1.1984882166813462,0.0,0.48140203952789307,0.0,FL
326163,FL,1205,0.05715179815888405,5,2.0,132618.779296875,136273.400390625,5,0,3341.9716796875,0.0,158907.6875,0.0,0.0,0.0,0.0,0.0,-15.0,0.0,15.0,0.0,-104.4306640625,0.0,104.4375,0.0,0.0,0.0,0.0,0.0,0.0,0.0,0.0,0.0,-400.0,0.0,400.0,0.0,0.0,0.0,0.0,0.0,-338.14013671875,0.0,338.140625,0.0,0.0,0.0,0.0,0.0,0.0,0.0,0.0,0.0,0.0,0.0,0.0,0.0,0.0,0.0,0.0,0.0,0.0,0.0,0.0,0.0,0.0,0.0,0.0,0.0,0.0,0.0,0.0,0.0,0.0,0.0,0.0,0.0,0.0,0.0,0.0,0.0,0.0,0.0,0.0,0.0,-240.7315673828125,0.0,240.71875,0.0,0.0,0.0,0.0,0.0,0.0,0.0,0.0,0.0,0.0,0.0,0.0,0.0,2243.6693115234375,0.0,160005.984375,0.0,-1098.3023681640625,0.0,1098.296875,0.0,-32.86390410904865,0.0,0.6911540627479553,0.0,FL
326164,FL,1205,0.0499429851770401,1,0.0,42051.41015625,42051.41015625,1,0,2985.169189453125,0.0,35849.30859375,0.0,0.0,0.0,0.0,0.0,-5.0,0.0,5.0,0.0,-114.0,0.0,114.0,0.0,0.0,0.0,0.0,0.0,0.0,0.0,0.0,0.0,0.0,0.0,0.0,0.0,0.0,0.0,0.0,0.0,0.0,0.0,0.0,0.0,0.0,0.0,0.0,0.0,0.0,0.0,0.0,0.0,0.0,0.0,0.0,0.0,0.0,0.0,0.0,0.0,0.0,0.0,0.0,0.0,0.0,0.0,0.0,0.0,0.0,0.0,0.0,0.0,0.0,0.0,0.0,0.0,0.0,0.0,0.0,0.0,0.0,0.0,0.0,0.0,0.0,0.0,0.0,0.0,0.0,0.0,0.0,0.0,0.0,0.0,0.0,0.0,0.0,0.0,0.0,0.0,2866.169189453125,0.0,35968.30859375,0.0,-119.0,0.0,119.0,0.0,-3.9863737177925405,0.0,0.3319450318813324,0.0,FL
326165,FL,1205,0.03395618870854378,6,0.0,284057.740234375,352110.814453125,6,0,48105.473693847656,0.0,379209.4375,36582.796875,0.0,6725.0146484375,0.0,43307.8115234375,-141.0,0.0,141.0,0.0,-323.0,0.0,323.0,0.0,0.0,0.0,0.0,0.0,0.0,0.0,0.0,0.0,0.0,0.0,0.0,0.0,0.0,0.0,0.0,0.0,-405.451416015625,0.0,405.46875,0.0,0.0,0.0,0.0,0.0,0.0,0.0,0.0,0.0,0.0,0.0,0.0,0.0,0.0,0.0,0.0,0.0,0.0,0.0,0.0,0.0,0.0,0.0,0.0,0.0,0.0,0.0,0.0,0.0,0.0,0.0,0.0,0.0,-459.43701171875,0.0,459.4375,0.0,-720.0,0.0,720.0,0.0,0.0,0.0,0.0,0.0,0.0,0.0,0.0,0.0,0.0,0.0,0.0,0.0,0.0,0.0,0.0,0.0,46056.58526611328,0.0,381258.34375,43307.8115234375,-2048.888427734375,0.0,2048.90625,0.0,-4.259158616281151,0.0,0.5403099060058594,0.0,FL
326166,FL,1205,0.03380334749817848,3,0.0,171859.2958984375,566658.3115234375,2,1,116824.48651123047,0.0,481145.9375,8170.20703125,13231.8837890625,6135.8818359375,0.0,27537.97265625,-362.25,0.0,362.25,0.0,-95.0,0.0,95.0,0.0,0.0,0.0,0.0,0.0,0.0,0.0,0.0,0.0,0.0,0.0,0.0,0.0,0.0,0.0,0.0,0.0,0.0,0.0,0.0,0.0,0.0,0.0,0.0,0.0,0.0,0.0,0.0,0.0,0.0,0.0,0.0,0.0,0.0,0.0,0.0,0.0,0.0,0.0,0.0,0.0,0.0,0.0,0.0,0.0,0.0,0.0,0.0,0.0,0.0,0.0,0.0,0.0,0.0,0.0,0.0,0.0,0.0,0.0,0.0,0.0,0.0,0.0,0.0,0.0,0.0,0.0,0.0,0.0,0.0,0.0,0.0,0.0,0.0,0.0,0.0,0.0,116367.23651123047,0.0,481603.1875,27537.97265625,-457.25,0.0,457.25,0.0,-0.3913991096002327,0.0,0.09503353387117386,0.0,FL
326167,FL,1205,0.043096739798784256,3,1.0,155885.203125,208777.65625,1,2,26151.966796875,0.0,167352.53125,0.0,0.0,0.0,0.0,0.0,-230.0,0.0,230.0,0.0,-418.0,0.0,418.0,0.0,0.0,0.0,0.0,0.0,500.0,0.0,-500.0,0.0,0.0,0.0,0.0,0.0,0.0,0.0,0.0,0.0,0.0,0.0,0.0,0.0,0.0,0.0,0.0,0.0,0.0,0.0,0.0,0.0,0.0,0.0,0.0,0.0,-96.443359375,0.0,96.4375,0.0,0.0,0.0,0.0,0.0,0.0,0.0,0.0,0.0,0.0,0.0,0.0,0.0,0.0,0.0,0.0,0.0,0.0,0.0,0.0,0.0,0.0,0.0,0.0,0.0,0.0,0.0,0.0,0.0,0.0,0.0,0.0,0.0,0.0,0.0,0.0,0.0,0.0,0.0,0.0,0.0,25907.5234375,0.0,167596.96875,0.0,-244.443359375,0.0,244.4375,0.0,-0.9347035397896325,0.0,0.14606142044067383,0.0,FL
326168,FL,1205,0.07474299520254135,7,3.0,55786.208984375,157367.41064453125,7,0,1155.3173828125,0.0,179448.578125,17668.439453125,2763.543212890625,0.0,4570.7734375,25002.756103515625,-115.0,0.0,115.0,0.0,-167.2001953125,0.0,167.203125,0.0,0.0,0.0,0.0,0.0,0.0,0.0,0.0,0.0,264.31103515625,0.0,-264.3125,0.0,0.0,0.0,0.0,0.0,0.0,0.0,0.0,0.0,0.0,0.0,0.0,0.0,0.0,0.0,0.0,0.0,0.0,0.0,0.0,0.0,0.0,0.0,0.0,0.0,0.0,0.0,0.0,0.0,0.0,0.0,0.0,0.0,0.0,0.0,0.0,0.0,0.0,0.0,0.0,0.0,0.0,0.0,0.0,0.0,-854.3828125,0.0,854.375,0.0,-48.9716796875,0.0,48.96875,0.0,0.0,0.0,0.0,0.0,0.0,0.0,0.0,0.0,0.0,0.0,0.0,0.0,234.07373046875,0.0,180369.8125,25002.756103515625,-921.24365234375,0.0,921.234375,0.0,-79.73944355455626,0.0,0.5133695602416992,0.0,FL
326169,FL,1205,0.02700723335146904,3,1.0,199161.5625,220130.078125,3,0,28697.75,0.0,201184.671875,389.11334228515625,0.0,0.0,0.0,389.11334228515625,-230.0,0.0,230.0,0.0,-418.0,0.0,418.0,0.0,0.0,0.0,0.0,0.0,0.0,0.0,0.0,0.0,-200.0,0.0,200.0,0.0,0.0,0.0,0.0,0.0,-381.1328125,0.0,381.140625,0.0,0.0,0.0,0.0,0.0,0.0,0.0,0.0,0.0,0.0,0.0,0.0,0.0,-440.0,0.0,440.0,0.0,0.0,0.0,0.0,0.0,0.0,0.0,0.0,0.0,0.0,0.0,0.0,0.0,0.0,0.0,0.0,0.0,0.0,0.0,0.0,0.0,0.0,0.0,0.0,0.0,0.0,0.0,0.0,0.0,0.0,0.0,0.0,0.0,0.0,0.0,0.0,0.0,0.0,0.0,0.0,0.0,27028.6171875,0.0,202853.8125,389.11334228515625,-1669.1328125,0.0,1669.140625,0.0,-5.816249749544825,0.0,0.8296559453010559,0.0,FL
326170,FL,1205,0.02840413711965084,2,0.0,378078.41796875,453865.78125,2,0,84476.546875,0.0,360617.8125,0.0,0.0,0.0,0.0,0.0,-292.0,0.0,292.0,0.0,-478.59375,0.0,478.59375,0.0,0.0,0.0,0.0,0.0,0.0,0.0,0.0,0.0,0.0,0.0,0.0,0.0,0.0,0.0,0.0,0.0,-133.28125,0.0,133.28125,0.0,0.0,0.0,0.0,0.0,0.0,0.0,0.0,0.0,0.0,0.0,0.0,0.0,-379.453125,0.0,379.4375,0.0,0.0,0.0,0.0,0.0,0.0,0.0,0.0,0.0,0.0,0.0,0.0,0.0,0.0,0.0,0.0,0.0,0.0,0.0,0.0,0.0,0.0,0.0,0.0,0.0,0.0,0.0,0.0,0.0,0.0,0.0,0.0,0.0,0.0,0.0,0.0,0.0,0.0,0.0,0.0,0.0,83193.21875,0.0,361901.125,0.0,-1283.328125,0.0,1283.3125,0.0,-1.519153152529946,0.0,0.3558649718761444,0.0,FL
326171,FL,1205,128.00221252441406,1,0.0,0.0,23072.873046875,1,0,587.2872924804688,0.0,22815.5859375,330.0,0.0,0.0,0.0,330.0,0.0,0.0,0.0,0.0,-95.0,0.0,95.0,0.0,0.0,0.0,0.0,0.0,0.0,0.0,0.0,0.0,0.0,0.0,0.0,0.0,0.0,0.0,0.0,0.0,0.0,0.0,0.0,0.0,0.0,0.0,0.0,0.0,0.0,0.0,0.0,0.0,0.0,0.0,0.0,0.0,0.0,0.0,0.0,0.0,0.0,0.0,0.0,0.0,0.0,0.0,0.0,0.0,0.0,0.0,0.0,0.0,0.0,0.0,0.0,0.0,0.0,0.0,0.0,0.0,-492.28729248046875,0.0,492.287109375,0.0,0.0,0.0,0.0,0.0,0.0,0.0,0.0,0.0,0.0,0.0,0.0,0.0,0.0,0.0,0.0,0.0,0.0,0.0,23402.873046875,330.0,-587.2872924804688,0.0,587.287109375,0.0,-100.0,0.0,2.574061155319214,0.0,FL
326172,FL,1205,255.98623657226562,1,0.0,2458.90234375,2458.90234375,1,0,0.0,0.0,29679.484375,7937.0244140625,13231.8837890625,0.0,0.0,21168.908203125,0.0,0.0,0.0,0.0,0.0,0.0,0.0,0.0,0.0,0.0,0.0,0.0,0.0,0.0,0.0,0.0,0.0,0.0,0.0,0.0,0.0,0.0,0.0,0.0,0.0,0.0,0.0,0.0,0.0,0.0,0.0,0.0,0.0,0.0,0.0,0.0,0.0,0.0,0.0,0.0,0.0,0.0,0.0,0.0,0.0,0.0,0.0,0.0,0.0,0.0,0.0,0.0,0.0,0.0,0.0,0.0,0.0,0.0,0.0,0.0,0.0,0.0,0.0,0.0,0.0,0.0,0.0,0.0,0.0,0.0,0.0,0.0,0.0,0.0,0.0,0.0,0.0,0.0,0.0,0.0,0.0,0.0,0.0,0.0,0.0,0.0,29679.484375,21168.908203125,0.0,0.0,0.0,0.0,0.0,0.0,0.0,0.0,FL
326173,FL,1205,92.21099853515625,2,0.0,25489.880859375,25489.880859375,2,0,0.0,0.0,30048.974609375,0.0,2763.543212890625,0.0,0.0,2763.543212890625,0.0,0.0,0.0,0.0,0.0,0.0,0.0,0.0,0.0,0.0,0.0,0.0,0.0,0.0,0.0,0.0,0.0,0.0,0.0,0.0,0.0,0.0,0.0,0.0,0.0,0.0,0.0,0.0,0.0,0.0,0.0,0.0,0.0,0.0,0.0,0.0,0.0,0.0,0.0,0.0,0.0,0.0,0.0,0.0,0.0,0.0,0.0,0.0,0.0,0.0,0.0,0.0,0.0,0.0,0.0,0.0,0.0,0.0,0.0,0.0,0.0,0.0,0.0,0.0,0.0,0.0,0.0,0.0,0.0,0.0,0.0,0.0,0.0,0.0,0.0,0.0,0.0,0.0,0.0,0.0,0.0,0.0,0.0,0.0,0.0,0.0,30048.974609375,2763.543212890625,0.0,0.0,0.0,0.0,0.0,0.0,0.0,0.0,FL
326174,FL,1205,0.03991742432117462,2,1.0,18337.173828125,18539.3359375,2,0,-6227.0,0.0,59386.4140625,20027.447265625,15995.427001953125,0.0,0.0,36022.874267578125,0.0,0.0,0.0,0.0,0.0,0.0,0.0,0.0,0.0,0.0,0.0,0.0,0.0,0.0,0.0,0.0,100.0,0.0,-100.0,0.0,0.0,0.0,0.0,0.0,0.0,0.0,0.0,0.0,0.0,0.0,0.0,0.0,0.0,0.0,0.0,0.0,0.0,0.0,0.0,0.0,0.0,0.0,0.0,0.0,0.0,0.0,0.0,0.0,0.0,0.0,0.0,0.0,0.0,0.0,0.0,0.0,0.0,0.0,0.0,0.0,0.0,0.0,0.0,0.0,0.0,0.0,0.0,0.0,0.0,0.0,0.0,0.0,0.0,0.0,0.0,0.0,0.0,0.0,0.0,0.0,0.0,0.0,0.0,0.0,-6127.0,0.0,59286.4140625,36022.874267578125,100.0,0.0,-100.0,0.0,1.6059097478721696,0.0,-0.16838867962360382,0.0,FL
326175,FL,1205,0.0701541006565094,3,1.0,87977.08984375,97548.078125,3,0,3646.20849609375,0.0,26774.44140625,0.0,0.0,0.0,0.0,0.0,-10.0,0.0,10.0,0.0,-228.0,0.0,228.0,0.0,0.0,0.0,0.0,0.0,0.0,0.0,0.0,0.0,-200.0,0.0,200.0,0.0,0.0,0.0,0.0,0.0,0.0,0.0,0.0,0.0,0.0,0.0,0.0,0.0,0.0,0.0,0.0,0.0,0.0,0.0,0.0,0.0,-153.33984375,0.0,153.33984375,0.0,0.0,0.0,0.0,0.0,0.0,0.0,0.0,0.0,0.0,0.0,0.0,0.0,0.0,0.0,0.0,0.0,-146.08251953125,0.0,146.083984375,0.0,0.0,0.0,0.0,0.0,0.0,0.0,0.0,0.0,0.0,0.0,0.0,0.0,0.0,0.0,0.0,0.0,0.0,0.0,0.0,0.0,2908.7861328125,0.0,27511.865234375,0.0,-737.42236328125,0.0,737.423828125,0.0,-20.224360841440202,0.0,2.7542080879211426,0.0,FL
326176,FL,1205,0.03209652751684189,2,0.0,0.0,514789.15625,2,0,86189.171875,0.0,511321.40625,57758.1796875,0.0,0.0,0.0,57758.1796875,-230.0,0.0,230.0,0.0,-431.046875,0.0,431.03125,0.0,0.0,0.0,0.0,0.0,0.0,0.0,0.0,0.0,0.0,0.0,0.0,0.0,0.0,0.0,0.0,0.0,-890.734375,0.0,890.75,0.0,0.0,0.0,0.0,0.0,0.0,0.0,0.0,0.0,0.0,0.0,0.0,0.0,-440.0,0.0,440.0,0.0,0.0,0.0,0.0,0.0,0.0,0.0,0.0,0.0,0.0,0.0,0.0,0.0,0.0,0.0,0.0,0.0,0.0,0.0,0.0,0.0,0.0,0.0,0.0,0.0,0.0,0.0,0.0,0.0,0.0,0.0,0.0,0.0,0.0,0.0,0.0,0.0,0.0,0.0,0.0,0.0,84197.390625,0.0,513313.1875,57758.1796875,-1991.78125,0.0,1991.78125,0.0,-2.3109413939939887,0.0,0.389536052942276,0.0,FL
326177,FL,1205,0.03740248829126358,2,0.0,73393.33203125,73393.33203125,2,0,4862.5537109375,0.0,64526.02734375,0.0,0.0,0.0,0.0,0.0,-5.0,0.0,5.0,0.0,-209.0,0.0,209.0,0.0,0.0,0.0,0.0,0.0,0.0,0.0,0.0,0.0,0.0,0.0,0.0,0.0,0.0,0.0,0.0,0.0,0.0,0.0,0.0,0.0,0.0,0.0,0.0,0.0,0.0,0.0,0.0,0.0,0.0,0.0,0.0,0.0,0.0,0.0,0.0,0.0,0.0,0.0,0.0,0.0,0.0,0.0,0.0,0.0,0.0,0.0,0.0,0.0,-289.43994140625,0.0,289.44140625,0.0,0.0,0.0,0.0,0.0,0.0,0.0,0.0,0.0,0.0,0.0,0.0,0.0,0.0,0.0,0.0,0.0,0.0,0.0,0.0,0.0,0.0,0.0,0.0,0.0,4359.11376953125,0.0,65029.46875,0.0,-503.43994140625,0.0,503.44140625,0.0,-10.353406282666784,0.0,0.7802144885063171,0.0,FL
326178,FL,1205,0.04515364393591881,4,2.0,97496.09375,150655.828125,4,0,8547.44140625,0.0,141349.71875,0.0,0.0,0.0,0.0,0.0,-10.0,0.0,10.0,0.0,-513.0,0.0,513.0,0.0,0.0,0.0,0.0,0.0,0.0,0.0,0.0,0.0,-400.0,0.0,400.0,0.0,0.0,0.0,0.0,0.0,-1212.9150390625,0.0,1212.921875,0.0,0.0,0.0,0.0,0.0,0.0,0.0,0.0,0.0,0.0,0.0,0.0,0.0,-540.0,0.0,540.0,0.0,0.0,0.0,0.0,0.0,0.0,0.0,0.0,0.0,0.0,0.0,0.0,0.0,0.0,0.0,0.0,0.0,0.0,0.0,0.0,0.0,0.0,0.0,0.0,0.0,-644.9541015625,0.0,644.953125,0.0,0.0,0.0,0.0,0.0,0.0,0.0,0.0,0.0,0.0,0.0,0.0,0.0,5226.572265625,0.0,144670.59375,0.0,-3320.869140625,0.0,3320.875,0.0,-38.852201293789946,0.0,2.3494033813476562,0.0,FL
326179,FL,1205,0.023992009460926056,3,2.0,35464.7578125,1455213.875,3,0,476642.125,0.0,977923.375,28112.357421875,0.0,0.0,0.0,28112.357421875,-378.4375,0.0,378.4375,0.0,-545.75,0.0,545.75,0.0,0.0,0.0,0.0,0.0,0.0,0.0,0.0,0.0,0.0,0.0,0.0,0.0,0.0,0.0,0.0,0.0,-1231.6875,0.0,1231.6875,0.0,0.0,0.0,0.0,0.0,0.0,0.0,0.0,0.0,0.0,0.0,0.0,0.0,0.0,0.0,0.0,0.0,0.0,0.0,0.0,0.0,0.0,0.0,0.0,0.0,0.0,0.0,0.0,0.0,0.0,0.0,0.0,0.0,0.0,0.0,0.0,0.0,0.0,0.0,0.0,0.0,0.0,0.0,0.0,0.0,0.0,0.0,0.0,0.0,0.0,0.0,0.0,0.0,0.0,0.0,0.0,0.0,474486.25,0.0,980079.25,28112.357421875,-2155.875,0.0,2155.875,0.0,-0.4523047559004568,0.0,0.2204543948173523,0.0,FL
326180,FL,1205,0.03556260094046593,9,3.0,287081.745513916,984697.4726562499,9,0,145106.5631103516,0.0,831317.8125,0.0,0.0,0.0,0.0,0.0,-466.765625,0.0,466.75,0.0,-646.0,0.0,646.0,0.0,0.0,0.0,0.0,0.0,0.0,0.0,0.0,0.0,-600.0,0.0,600.0,0.0,0.0,0.0,0.0,0.0,0.0,0.0,0.0,0.0,0.0,0.0,0.0,0.0,0.0,0.0,0.0,0.0,0.0,0.0,0.0,0.0,-440.0,0.0,440.0,0.0,0.0,0.0,0.0,0.0,0.0,0.0,0.0,0.0,0.0,0.0,0.0,0.0,0.0,0.0,0.0,0.0,0.0,0.0,0.0,0.0,0.0,0.0,0.0,0.0,-37.614501953125,0.0,37.625,0.0,0.0,0.0,0.0,0.0,0.0,0.0,0.0,0.0,0.0,0.0,0.0,0.0,142916.18298339847,0.0,833508.1875,0.0,-2190.380126953125,0.0,2190.375,0.0,-1.509497627124812,0.0,0.2634822726249695,0.0,FL
326181,FL,1205,0.041780125349760056,1,0.0,107031.7421875,109439.9296875,1,0,15570.7841796875,0.0,87707.3984375,0.0,0.0,0.0,0.0,0.0,-115.0,0.0,115.0,0.0,-209.0,0.0,209.0,0.0,0.0,0.0,0.0,0.0,0.0,0.0,0.0,0.0,0.0,0.0,0.0,0.0,0.0,0.0,0.0,0.0,0.0,0.0,0.0,0.0,0.0,0.0,0.0,0.0,0.0,0.0,0.0,0.0,0.0,0.0,0.0,0.0,0.0,0.0,0.0,0.0,0.0,0.0,0.0,0.0,0.0,0.0,0.0,0.0,0.0,0.0,0.0,0.0,0.0,0.0,0.0,0.0,0.0,0.0,0.0,0.0,0.0,0.0,0.0,0.0,0.0,0.0,0.0,0.0,0.0,0.0,0.0,0.0,0.0,0.0,0.0,0.0,0.0,0.0,0.0,0.0,15246.7841796875,0.0,88031.3984375,0.0,-324.0,0.0,324.0,0.0,-2.0808200554386116,0.0,0.36941012740135193,0.0,FL
326182,FL,1205,0.0355292372405529,2,0.0,73430.892578125,632743.5,0,2,69447.3671875,0.0,608725.0625,0.0,0.0,0.0,0.0,0.0,-292.0,0.0,292.0,0.0,0.0,0.0,0.0,0.0,0.0,0.0,0.0,0.0,0.0,0.0,0.0,0.0,0.0,0.0,0.0,0.0,0.0,0.0,0.0,0.0,0.0,0.0,0.0,0.0,0.0,0.0,0.0,0.0,0.0,0.0,0.0,0.0,0.0,0.0,0.0,0.0,0.0,0.0,0.0,0.0,0.0,0.0,0.0,0.0,0.0,0.0,0.0,0.0,0.0,0.0,0.0,0.0,0.0,0.0,0.0,0.0,0.0,0.0,0.0,0.0,0.0,0.0,0.0,0.0,0.0,0.0,0.0,0.0,0.0,0.0,0.0,0.0,0.0,0.0,0.0,0.0,0.0,0.0,0.0,0.0,69155.3671875,0.0,609017.0625,0.0,-292.0,0.0,292.0,0.0,-0.4204623037927891,0.0,0.04796911031007767,0.0,FL
326183,FL,1205,173.61355590820312,1,0.0,0.0,0.0,1,0,0.0,0.0,5098.86083984375,3596.039794921875,0.0,0.0,0.0,3596.039794921875,0.0,0.0,0.0,0.0,0.0,0.0,0.0,0.0,0.0,0.0,0.0,0.0,0.0,0.0,0.0,0.0,0.0,0.0,0.0,0.0,0.0,0.0,0.0,0.0,0.0,0.0,0.0,0.0,0.0,0.0,0.0,0.0,0.0,0.0,0.0,0.0,0.0,0.0,0.0,0.0,0.0,0.0,0.0,0.0,0.0,0.0,0.0,0.0,0.0,0.0,0.0,0.0,0.0,0.0,0.0,0.0,0.0,0.0,0.0,0.0,0.0,0.0,0.0,0.0,0.0,0.0,0.0,0.0,0.0,0.0,0.0,0.0,0.0,0.0,0.0,0.0,0.0,0.0,0.0,0.0,0.0,0.0,0.0,0.0,0.0,0.0,5098.86083984375,3596.039794921875,0.0,0.0,0.0,0.0,0.0,0.0,0.0,0.0,FL
326184,FL,1205,0.1839068979024887,2,0.0,0.0,26729.955078125,2,0,0.0,0.0,82162.15625,40330.8671875,0.0,0.0,0.0,40330.8671875,0.0,0.0,0.0,0.0,0.0,0.0,0.0,0.0,0.0,0.0,0.0,0.0,0.0,0.0,0.0,0.0,0.0,0.0,0.0,0.0,0.0,0.0,0.0,0.0,0.0,0.0,0.0,0.0,0.0,0.0,0.0,0.0,0.0,0.0,0.0,0.0,0.0,0.0,0.0,0.0,0.0,0.0,0.0,0.0,0.0,0.0,0.0,0.0,0.0,0.0,0.0,0.0,0.0,0.0,0.0,0.0,0.0,0.0,0.0,0.0,0.0,0.0,0.0,0.0,0.0,0.0,0.0,0.0,0.0,0.0,0.0,0.0,0.0,0.0,0.0,0.0,0.0,0.0,0.0,0.0,0.0,0.0,0.0,0.0,0.0,0.0,82162.15625,40330.8671875,0.0,0.0,0.0,0.0,0.0,0.0,0.0,0.0,FL
326185,FL,1205,0.04893718659877777,2,0.0,70401.4921875,80524.2734375,2,0,4621.1181640625,0.0,71804.3125,0.0,0.0,0.0,0.0,0.0,-10.0,0.0,10.0,0.0,-228.0,0.0,228.0,0.0,0.0,0.0,0.0,0.0,0.0,0.0,0.0,0.0,0.0,0.0,0.0,0.0,0.0,0.0,0.0,0.0,0.0,0.0,0.0,0.0,0.0,0.0,0.0,0.0,0.0,0.0,0.0,0.0,0.0,0.0,0.0,0.0,-240.0,0.0,240.0,0.0,0.0,0.0,0.0,0.0,0.0,0.0,0.0,0.0,0.0,0.0,0.0,0.0,0.0,0.0,0.0,0.0,0.0,0.0,0.0,0.0,0.0,0.0,0.0,0.0,0.0,0.0,0.0,0.0,0.0,0.0,0.0,0.0,0.0,0.0,0.0,0.0,0.0,0.0,0.0,0.0,4143.1181640625,0.0,72282.3125,0.0,-478.0,0.0,478.0,0.0,-10.343816864872862,0.0,0.6656981706619263,0.0,FL
326186,FL,1205,104.95750427246094,1,0.0,0.0,0.0,1,0,0.0,0.0,75810.734375,35561.51953125,0.0,0.0,0.0,35561.51953125,0.0,0.0,0.0,0.0,0.0,0.0,0.0,0.0,0.0,0.0,0.0,0.0,0.0,0.0,0.0,0.0,0.0,0.0,0.0,0.0,0.0,0.0,0.0,0.0,0.0,0.0,0.0,0.0,0.0,0.0,0.0,0.0,0.0,0.0,0.0,0.0,0.0,0.0,0.0,0.0,0.0,0.0,0.0,0.0,0.0,0.0,0.0,0.0,0.0,0.0,0.0,0.0,0.0,0.0,0.0,0.0,0.0,0.0,0.0,0.0,0.0,0.0,0.0,0.0,0.0,0.0,0.0,0.0,0.0,0.0,0.0,0.0,0.0,0.0,0.0,0.0,0.0,0.0,0.0,0.0,0.0,0.0,0.0,0.0,0.0,0.0,75810.734375,35561.51953125,0.0,0.0,0.0,0.0,0.0,0.0,0.0,0.0,FL
326187,FL,1205,0.11673513054847717,1,0.0,52621.0390625,52645.625,1,0,4256.47509765625,0.0,58059.75,0.0,0.0,0.0,0.0,0.0,-5.0,0.0,5.0,0.0,-114.0,0.0,114.0,0.0,0.0,0.0,0.0,0.0,0.0,0.0,0.0,0.0,0.0,0.0,0.0,0.0,0.0,0.0,0.0,0.0,0.0,0.0,0.0,0.0,0.0,0.0,0.0,0.0,0.0,0.0,0.0,0.0,0.0,0.0,0.0,0.0,0.0,0.0,0.0,0.0,0.0,0.0,0.0,0.0,0.0,0.0,0.0,0.0,0.0,0.0,0.0,0.0,0.0,0.0,0.0,0.0,0.0,0.0,0.0,0.0,0.0,0.0,0.0,0.0,0.0,0.0,0.0,0.0,0.0,0.0,0.0,0.0,0.0,0.0,0.0,0.0,0.0,0.0,0.0,0.0,4137.47509765625,0.0,58178.75,0.0,-119.0,0.0,119.0,0.0,-2.7957405428149964,0.0,0.20496125519275665,0.0,FL
326188,FL,1205,0.02908378094434738,4,2.0,197766.28125,764431.875,3,1,175223.203125,0.0,649702.9375,0.0,0.0,0.0,0.0,0.0,0.0,0.0,0.0,0.0,0.0,0.0,0.0,0.0,0.0,0.0,0.0,0.0,0.0,0.0,0.0,0.0,0.0,0.0,0.0,0.0,0.0,0.0,0.0,0.0,0.0,0.0,0.0,0.0,0.0,0.0,0.0,0.0,0.0,0.0,0.0,0.0,0.0,0.0,0.0,0.0,0.0,0.0,0.0,0.0,0.0,0.0,0.0,0.0,0.0,0.0,0.0,0.0,0.0,0.0,0.0,0.0,0.0,0.0,0.0,0.0,0.0,0.0,0.0,0.0,0.0,0.0,0.0,0.0,0.0,0.0,0.0,0.0,0.0,0.0,0.0,0.0,0.0,0.0,0.0,0.0,0.0,0.0,0.0,0.0,175223.203125,0.0,649702.9375,0.0,0.0,0.0,0.0,0.0,0.0,0.0,0.0,0.0,FL
326189,FL,1205,0.05108309164643288,3,0.0,120012.23828125,148410.49609375,3,0,11420.630249023438,0.0,159435.203125,21775.94140625,0.0,0.0,0.0,21775.94140625,-15.0,0.0,15.0,0.0,-342.0,0.0,342.0,0.0,0.0,0.0,0.0,0.0,0.0,0.0,0.0,0.0,0.0,0.0,0.0,0.0,0.0,0.0,0.0,0.0,0.0,0.0,0.0,0.0,0.0,0.0,0.0,0.0,0.0,0.0,0.0,0.0,0.0,0.0,0.0,0.0,-64.8037109375,0.0,64.796875,0.0,0.0,0.0,0.0,0.0,0.0,0.0,0.0,0.0,0.0,0.0,0.0,0.0,0.0,0.0,0.0,0.0,-85.1282958984375,0.0,85.125,0.0,-720.0,0.0,720.0,0.0,-190.6070556640625,0.0,190.609375,0.0,0.0,0.0,0.0,0.0,0.0,0.0,0.0,0.0,0.0,0.0,0.0,0.0,10003.091186523438,0.0,160852.734375,21775.94140625,-1417.5390625,0.0,1417.53125,0.0,-12.412091378417681,0.0,0.8890954852104187,0.0,FL
326190,FL,1205,628.5869750976562,2,0.0,0.0,2652.5048828125,2,0,0.0,0.0,22553.302734375,16463.03125,0.0,0.0,0.0,16463.03125,0.0,0.0,0.0,0.0,0.0,0.0,0.0,0.0,0.0,0.0,0.0,0.0,0.0,0.0,0.0,0.0,0.0,0.0,0.0,0.0,0.0,0.0,0.0,0.0,0.0,0.0,0.0,0.0,0.0,0.0,0.0,0.0,0.0,0.0,0.0,0.0,0.0,0.0,0.0,0.0,0.0,0.0,0.0,0.0,0.0,0.0,0.0,0.0,0.0,0.0,0.0,0.0,0.0,0.0,0.0,0.0,0.0,0.0,0.0,0.0,0.0,0.0,0.0,0.0,0.0,0.0,0.0,0.0,0.0,0.0,0.0,0.0,0.0,0.0,0.0,0.0,0.0,0.0,0.0,0.0,0.0,0.0,0.0,0.0,0.0,0.0,22553.302734375,16463.03125,0.0,0.0,0.0,0.0,0.0,0.0,0.0,0.0,FL
326191,FL,1205,771.2832641601562,5,3.0,95961.8330078125,93845.21875,5,0,1139.42626953125,0.0,113548.828125,0.0,0.0,25866.478515625,0.0,25866.478515625,-10.0,0.0,10.0,0.0,-228.0,0.0,228.0,0.0,0.0,0.0,0.0,0.0,0.0,0.0,0.0,0.0,-600.0,0.0,600.0,0.0,0.0,0.0,0.0,0.0,0.0,0.0,0.0,0.0,0.0,0.0,0.0,0.0,0.0,0.0,0.0,0.0,0.0,0.0,0.0,0.0,-240.0,0.0,240.0,0.0,0.0,0.0,0.0,0.0,0.0,0.0,0.0,0.0,0.0,0.0,0.0,0.0,0.0,0.0,0.0,0.0,0.0,0.0,0.0,0.0,0.0,0.0,0.0,0.0,0.0,0.0,0.0,0.0,0.0,0.0,0.0,0.0,0.0,0.0,-25866.4765625,-25866.478515625,0.0,0.0,0.0,0.0,61.42626953125,0.0,88760.3515625,0.0,-1078.0,0.0,-24788.4765625,-25866.478515625,-94.60901761054534,0.0,-21.830677032470703,-100.0,FL
326192,FL,1205,1544.3232421875,1,0.0,41362.046875,483318.0,1,0,76116.2265625,0.0,-465328.9375,0.0,0.0,0.0,0.0,0.0,-5.0,0.0,5.0,0.0,-256.5,0.0,256.5,0.0,0.0,0.0,0.0,0.0,0.0,0.0,0.0,0.0,0.0,0.0,0.0,0.0,0.0,0.0,0.0,0.0,0.0,0.0,0.0,0.0,0.0,0.0,0.0,0.0,0.0,0.0,0.0,0.0,0.0,0.0,0.0,0.0,0.0,0.0,0.0,0.0,0.0,0.0,0.0,0.0,0.0,0.0,0.0,0.0,0.0,0.0,0.0,0.0,0.0,0.0,0.0,0.0,0.0,0.0,0.0,0.0,0.0,0.0,0.0,0.0,0.0,0.0,0.0,0.0,0.0,0.0,0.0,0.0,0.0,0.0,0.0,0.0,0.0,0.0,0.0,0.0,75854.7265625,0.0,-465067.4375,0.0,-261.5,0.0,261.5,0.0,-0.34355355199496,0.0,0.05619680881500244,0.0,FL
326193,FL,1205,92.68435668945312,1,0.0,7748.48974609375,171593.34375,1,0,22224.3046875,0.0,150058.96875,972.7833251953125,0.0,0.0,0.0,972.7833251953125,-131.0,0.0,131.0,0.0,-182.40234375,0.0,182.390625,0.0,0.0,0.0,0.0,0.0,0.0,0.0,0.0,0.0,0.0,0.0,0.0,0.0,0.0,0.0,0.0,0.0,0.0,0.0,0.0,0.0,0.0,0.0,0.0,0.0,0.0,0.0,0.0,0.0,0.0,0.0,0.0,0.0,0.0,0.0,0.0,0.0,0.0,0.0,0.0,0.0,0.0,0.0,0.0,0.0,0.0,0.0,0.0,0.0,0.0,0.0,0.0,0.0,0.0,0.0,0.0,0.0,-39.2421875,0.0,39.25,0.0,0.0,0.0,0.0,0.0,0.0,0.0,0.0,0.0,0.0,0.0,0.0,0.0,0.0,0.0,0.0,0.0,21871.66015625,0.0,150411.609375,972.7833251953125,-352.64453125,0.0,352.640625,0.0,-1.5867516946361158,0.0,0.2350013703107834,0.0,FL
326194,FL,1205,3448.9267578125,9,0.0,495076.77734375,516418.6171875,9,0,49032.8427734375,0.0,447994.03125,24247.927734375,0.0,9099.0546875,0.0,33346.982421875,-391.0,0.0,391.0,0.0,-1102.0,0.0,1102.0,0.0,0.0,0.0,0.0,0.0,0.0,0.0,0.0,0.0,0.0,0.0,0.0,0.0,0.0,0.0,0.0,0.0,0.0,0.0,0.0,0.0,0.0,0.0,0.0,0.0,0.0,0.0,0.0,0.0,0.0,0.0,0.0,0.0,-120.0,0.0,120.0,0.0,0.0,0.0,0.0,0.0,0.0,0.0,0.0,0.0,0.0,0.0,0.0,0.0,0.0,0.0,0.0,0.0,-490.5621337890625,0.0,490.5625,0.0,-720.0,0.0,720.0,0.0,-156.7265625,0.0,156.71875,0.0,0.0,0.0,0.0,0.0,0.0,0.0,0.0,0.0,0.0,0.0,0.0,0.0,46052.55407714844,0.0,450974.3125,33346.982421875,-2980.2886962890625,0.0,2980.28125,0.0,-6.078147885611826,0.0,0.6652502417564392,0.0,FL
326195,FL,1205,1885.244873046875,4,1.0,222013.3681640625,566482.9619140625,4,0,96653.5546875,0.0,465388.25,8996.376953125,0.0,0.0,0.0,8996.376953125,-292.0,0.0,292.0,0.0,-456.0,0.0,456.0,0.0,0.0,0.0,0.0,0.0,0.0,0.0,0.0,0.0,0.0,0.0,0.0,0.0,0.0,0.0,0.0,0.0,0.0,0.0,0.0,0.0,0.0,0.0,0.0,0.0,0.0,0.0,0.0,0.0,0.0,0.0,0.0,0.0,-480.0,0.0,480.0,0.0,0.0,0.0,0.0,0.0,0.0,0.0,0.0,0.0,0.0,0.0,0.0,0.0,0.0,0.0,0.0,0.0,0.0,0.0,0.0,0.0,0.0,0.0,0.0,0.0,0.0,0.0,0.0,0.0,0.0,0.0,0.0,0.0,0.0,0.0,0.0,0.0,0.0,0.0,0.0,0.0,95425.5546875,0.0,466616.25,8996.376953125,-1228.0,0.0,1228.0,0.0,-1.2705171620126814,0.0,0.26386570930480957,0.0,FL
326196,FL,1205,91.45109558105469,3,1.0,199529.2158203125,327951.5625,3,0,50149.0078125,0.0,272050.5,0.0,0.0,0.0,0.0,0.0,-292.0,0.0,292.0,0.0,-456.0,0.0,456.0,0.0,0.0,0.0,0.0,0.0,0.0,0.0,0.0,0.0,-200.0,0.0,200.0,0.0,0.0,0.0,0.0,0.0,0.0,0.0,0.0,0.0,0.0,0.0,0.0,0.0,0.0,0.0,0.0,0.0,0.0,0.0,0.0,0.0,-480.0,0.0,480.0,0.0,0.0,0.0,0.0,0.0,0.0,0.0,0.0,0.0,0.0,0.0,0.0,0.0,0.0,0.0,0.0,0.0,0.0,0.0,0.0,0.0,0.0,0.0,0.0,0.0,0.0,0.0,0.0,0.0,0.0,0.0,0.0,0.0,0.0,0.0,0.0,0.0,0.0,0.0,0.0,0.0,48721.0078125,0.0,273478.5,0.0,-1428.0,0.0,1428.0,0.0,-2.8475139634648183,0.0,0.5249025225639343,0.0,FL
326197,FL,1205,3711.619384765625,6,4.0,125051.248046875,125051.248046875,6,0,-3282.955078125,0.0,160355.5,36060.62109375,5527.08642578125,0.0,0.0,41587.70751953125,-147.0,0.0,147.0,0.0,-324.5,0.0,324.5,0.0,0.0,0.0,0.0,0.0,0.0,0.0,0.0,0.0,-200.0,0.0,200.0,0.0,0.0,0.0,0.0,0.0,0.0,0.0,0.0,0.0,0.0,0.0,0.0,0.0,0.0,0.0,0.0,0.0,0.0,0.0,0.0,0.0,0.0,0.0,0.0,0.0,0.0,0.0,0.0,0.0,0.0,0.0,0.0,0.0,0.0,0.0,0.0,0.0,0.0,0.0,0.0,0.0,0.0,0.0,0.0,0.0,0.0,0.0,0.0,0.0,-212.8134765625,0.0,212.8125,0.0,0.0,0.0,0.0,0.0,0.0,0.0,0.0,0.0,0.0,0.0,0.0,0.0,-4167.2685546875,0.0,161239.8125,41587.70751953125,-884.3134765625,0.0,884.3125,0.0,-26.936508588096782,0.0,0.5514699816703796,0.0,FL
326198,FL,1205,11.212494850158691,2,0.0,130993.40625,1419868.125,2,0,321815.1875,0.0,1128873.75,0.0,0.0,0.0,0.0,0.0,0.0,0.0,0.0,0.0,0.0,0.0,0.0,0.0,0.0,0.0,0.0,0.0,0.0,0.0,0.0,0.0,0.0,0.0,0.0,0.0,0.0,0.0,0.0,0.0,-1950.0,0.0,1950.0,0.0,0.0,0.0,0.0,0.0,0.0,0.0,0.0,0.0,0.0,0.0,0.0,0.0,0.0,0.0,0.0,0.0,0.0,0.0,0.0,0.0,0.0,0.0,0.0,0.0,0.0,0.0,0.0,0.0,0.0,0.0,0.0,0.0,0.0,0.0,0.0,0.0,0.0,0.0,0.0,0.0,0.0,0.0,0.0,0.0,0.0,0.0,0.0,0.0,0.0,0.0,0.0,0.0,0.0,0.0,0.0,0.0,319865.1875,0.0,1130823.75,0.0,-1950.0,0.0,1950.0,0.0,-0.6059378412648719,0.0,0.17273853719234467,0.0,FL
326199,FL,1205,271.3260498046875,4,1.0,22749.125,46807.0234375,3,1,759.9124755859375,0.0,65679.2421875,1663.27294921875,15995.427001953125,5542.576171875,0.0,23201.276123046875,0.0,0.0,0.0,0.0,-95.0,0.0,95.0,0.0,0.0,0.0,0.0,0.0,0.0,0.0,0.0,0.0,0.0,0.0,0.0,0.0,0.0,0.0,0.0,0.0,0.0,0.0,0.0,0.0,0.0,0.0,0.0,0.0,0.0,0.0,0.0,0.0,0.0,0.0,0.0,0.0,0.0,0.0,0.0,0.0,0.0,0.0,0.0,0.0,0.0,0.0,0.0,0.0,0.0,0.0,0.0,0.0,0.0,0.0,0.0,0.0,0.0,0.0,0.0,0.0,0.0,0.0,0.0,0.0,0.0,0.0,0.0,0.0,0.0,0.0,0.0,0.0,0.0,0.0,0.0,0.0,0.0,0.0,0.0,0.0,664.9124755859375,0.0,65774.2421875,23201.276123046875,-95.0,0.0,95.0,0.0,-12.501439712086498,0.0,0.14464235305786133,0.0,FL
326200,FL,1205,2806.979736328125,2,0.0,36941.712890625,50355.68359375,2,0,1648.553466796875,0.0,58057.8671875,0.0,0.0,12279.458984375,0.0,12279.458984375,0.0,0.0,0.0,0.0,-190.0,0.0,190.0,0.0,0.0,0.0,0.0,0.0,0.0,0.0,0.0,0.0,0.0,0.0,0.0,0.0,0.0,0.0,0.0,0.0,-472.985107421875,0.0,472.984375,0.0,0.0,0.0,0.0,0.0,0.0,0.0,0.0,0.0,0.0,0.0,0.0,0.0,-200.0,0.0,200.0,0.0,0.0,0.0,0.0,0.0,0.0,0.0,0.0,0.0,0.0,0.0,0.0,0.0,0.0,0.0,0.0,0.0,0.0,0.0,0.0,0.0,-600.0,0.0,600.0,0.0,0.0,0.0,0.0,0.0,0.0,0.0,0.0,0.0,0.0,0.0,0.0,0.0,0.0,0.0,0.0,0.0,185.568359375,0.0,59520.8515625,12279.458984375,-1462.985107421875,0.0,1462.984375,0.0,-88.74356439675822,0.0,2.5198726654052734,0.0,FL
326201,FL,1205,1438.6112060546875,2,0.0,399067.6796875,482591.0625,2,0,92867.09375,0.0,378576.6875,0.0,0.0,0.0,0.0,0.0,-764.0,0.0,764.0,0.0,-617.015625,0.0,617.0,0.0,0.0,0.0,0.0,0.0,0.0,0.0,0.0,0.0,0.0,0.0,0.0,0.0,0.0,0.0,0.0,0.0,-1187.859375,0.0,1187.875,0.0,0.0,0.0,0.0,0.0,0.0,0.0,0.0,0.0,0.0,0.0,0.0,0.0,-350.421875,0.0,350.4375,0.0,0.0,0.0,0.0,0.0,0.0,0.0,0.0,0.0,0.0,0.0,0.0,0.0,0.0,0.0,0.0,0.0,0.0,0.0,0.0,0.0,0.0,0.0,0.0,0.0,0.0,0.0,0.0,0.0,0.0,0.0,0.0,0.0,0.0,0.0,0.0,0.0,0.0,0.0,0.0,0.0,89947.796875,0.0,381496.0,0.0,-2919.296875,0.0,2919.3125,0.0,-3.143521302452732,0.0,0.7711284160614014,0.0,FL
326202,FL,1205,2249.056640625,1,0.0,79828.75,527742.0625,1,0,97780.234375,0.0,448173.625,19283.80078125,0.0,0.0,0.0,19283.80078125,-131.0,0.0,131.0,0.0,-228.0,0.0,228.0,0.0,0.0,0.0,0.0,0.0,0.0,0.0,0.0,0.0,0.0,0.0,0.0,0.0,0.0,0.0,0.0,0.0,0.0,0.0,0.0,0.0,0.0,0.0,0.0,0.0,0.0,0.0,0.0,0.0,0.0,0.0,0.0,0.0,-240.0,0.0,240.0,0.0,0.0,0.0,0.0,0.0,0.0,0.0,0.0,0.0,0.0,0.0,0.0,0.0,0.0,0.0,0.0,0.0,0.0,0.0,0.0,0.0,0.0,0.0,0.0,0.0,0.0,0.0,0.0,0.0,0.0,0.0,0.0,0.0,0.0,0.0,0.0,0.0,0.0,0.0,0.0,0.0,97181.234375,0.0,448772.625,19283.80078125,-599.0,0.0,599.0,0.0,-0.612598245267808,0.0,0.13365355134010315,0.0,FL
326203,FL,1205,5273.52490234375,10,4.0,539496.86328125,728076.29296875,10,0,99021.70959472656,0.0,670178.4375,52583.69140625,0.0,15265.9150390625,6856.16015625,74705.7666015625,-439.99999999998545,0.0,440.0,0.0,-1089.0,0.0,1089.0,0.0,0.0,0.0,0.0,0.0,0.0,0.0,0.0,0.0,-800.0000000000146,0.0,800.0,0.0,0.0,0.0,0.0,0.0,0.0,0.0,0.0,0.0,0.0,0.0,0.0,0.0,0.0,0.0,0.0,0.0,0.0,0.0,0.0,0.0,-720.0,0.0,720.0,0.0,0.0,0.0,0.0,0.0,0.0,0.0,0.0,0.0,0.0,0.0,0.0,0.0,0.0,0.0,0.0,0.0,0.0,0.0,0.0,0.0,0.0,0.0,0.0,0.0,-38.911865234375,0.0,38.9375,0.0,0.0,0.0,0.0,0.0,0.0,0.0,-7423.625,-7423.63623046875,0.0,0.0,0.0,0.0,95933.79772949219,0.0,665842.75,67282.13037109375,-3087.911865234375,0.0,-4335.6875,-7423.63623046875,-3.1184190596915555,0.0,-0.6469452381134033,-9.93716625660526,FL
326204,FL,1205,2153.599365234375,8,1.9999999999999998,98555.220703125,68000.888671875,8,0,3332.5902404785156,0.0,98290.90625,2492.9375,22041.1279296875,0.0,0.0,24534.0654296875,-5.0,0.0,5.0,0.0,-399.0,0.0,399.0,0.0,0.0,0.0,0.0,0.0,0.0,0.0,0.0,0.0,0.0,0.0,0.0,0.0,0.0,0.0,0.0,0.0,0.0,0.0,0.0,0.0,0.0,0.0,0.0,0.0,0.0,0.0,0.0,0.0,0.0,0.0,0.0,0.0,0.0,0.0,0.0,0.0,0.0,0.0,0.0,0.0,0.0,0.0,0.0,0.0,0.0,0.0,0.0,0.0,0.0,0.0,0.0,0.0,-16.663330078125,0.0,16.65625,0.0,0.0,0.0,0.0,0.0,-32.3448486328125,0.0,32.34375,0.0,0.0,0.0,0.0,0.0,0.0,0.0,0.0,0.0,0.0,0.0,0.0,0.0,2879.582061767578,0.0,98743.90625,24534.0654296875,-453.0081787109375,0.0,453.0,0.0,-13.593275681137792,0.0,0.46087679266929626,0.0,FL
326205,FL,1205,13.995453834533691,3,2.0,56123.703125,434034.03125,3,0,102450.0,0.0,342186.375,0.0,0.0,0.0,0.0,0.0,-390.421875,0.0,390.4375,0.0,-516.25,0.0,516.25,0.0,0.0,0.0,0.0,0.0,0.0,0.0,0.0,0.0,0.0,0.0,0.0,0.0,0.0,0.0,0.0,0.0,-1750.0,0.0,1750.0,0.0,0.0,0.0,0.0,0.0,0.0,0.0,0.0,0.0,0.0,0.0,0.0,0.0,0.0,0.0,0.0,0.0,0.0,0.0,0.0,0.0,0.0,0.0,0.0,0.0,0.0,0.0,0.0,0.0,0.0,0.0,0.0,0.0,0.0,0.0,0.0,0.0,0.0,0.0,0.0,0.0,0.0,0.0,0.0,0.0,0.0,0.0,0.0,0.0,0.0,0.0,0.0,0.0,0.0,0.0,0.0,0.0,99793.328125,0.0,344843.0625,0.0,-2656.671875,0.0,2656.6875,0.0,-2.593139946315276,0.0,0.7763861417770386,0.0,FL
326206,FL,1205,0.9666587114334106,1,0.0,47767.5,47785.8671875,1,0,3427.303955078125,0.0,42984.921875,0.0,0.0,0.0,0.0,0.0,-5.0,0.0,5.0,0.0,-114.0,0.0,114.0,0.0,0.0,0.0,0.0,0.0,0.0,0.0,0.0,0.0,0.0,0.0,0.0,0.0,0.0,0.0,0.0,0.0,0.0,0.0,0.0,0.0,0.0,0.0,0.0,0.0,0.0,0.0,0.0,0.0,0.0,0.0,0.0,0.0,0.0,0.0,0.0,0.0,0.0,0.0,0.0,0.0,0.0,0.0,0.0,0.0,0.0,0.0,0.0,0.0,0.0,0.0,0.0,0.0,-584.63232421875,0.0,584.6328125,0.0,0.0,0.0,0.0,0.0,0.0,0.0,0.0,0.0,0.0,0.0,0.0,0.0,0.0,0.0,0.0,0.0,0.0,0.0,0.0,0.0,2723.671630859375,0.0,43688.5546875,0.0,-703.63232421875,0.0,703.6328125,0.0,-20.530199055622155,0.0,1.6369293928146362,0.0,FL
326207,FL,1205,477.59234619140625,2,0.0,44387.6953125,44934.75390625,2,0,2429.785888671875,0.0,44962.7109375,0.0,0.0,0.0,0.0,0.0,-5.0,0.0,5.0,0.0,-114.0,0.0,114.0,0.0,0.0,0.0,0.0,0.0,0.0,0.0,0.0,0.0,0.0,0.0,0.0,0.0,0.0,0.0,0.0,0.0,0.0,0.0,0.0,0.0,0.0,0.0,0.0,0.0,0.0,0.0,0.0,0.0,0.0,0.0,0.0,0.0,-120.0,0.0,120.0,0.0,0.0,0.0,0.0,0.0,0.0,0.0,0.0,0.0,0.0,0.0,0.0,0.0,0.0,0.0,0.0,0.0,0.0,0.0,0.0,0.0,0.0,0.0,0.0,0.0,0.0,0.0,0.0,0.0,0.0,0.0,0.0,0.0,0.0,0.0,0.0,0.0,0.0,0.0,0.0,0.0,2190.785888671875,0.0,45201.7109375,0.0,-239.0,0.0,239.0,0.0,-9.836257635467534,0.0,0.5315515398979187,0.0,FL
326208,FL,1205,281.16131591796875,1,0.0,51151.0625,45790.796875,1,0,3428.2333984375,0.0,43870.2421875,0.0,0.0,0.0,0.0,0.0,-5.0,0.0,5.0,0.0,-114.0,0.0,114.0,0.0,0.0,0.0,0.0,0.0,0.0,0.0,0.0,0.0,0.0,0.0,0.0,0.0,0.0,0.0,0.0,0.0,0.0,0.0,0.0,0.0,0.0,0.0,0.0,0.0,0.0,0.0,0.0,0.0,0.0,0.0,0.0,0.0,-120.0,0.0,120.0,0.0,0.0,0.0,0.0,0.0,0.0,0.0,0.0,0.0,0.0,0.0,0.0,0.0,0.0,0.0,0.0,0.0,0.0,0.0,0.0,0.0,0.0,0.0,0.0,0.0,-249.03271484375,0.0,249.03125,0.0,0.0,0.0,0.0,0.0,0.0,0.0,0.0,0.0,0.0,0.0,0.0,0.0,2940.20068359375,0.0,44358.2734375,0.0,-488.03271484375,0.0,488.03125,0.0,-14.23569104326977,0.0,1.1124426126480103,0.0,FL
326209,FL,1205,237.52145385742188,1,0.0,132634.296875,1751209.875,1,0,647000.625,0.0,1271284.5,9025.267578125,0.0,0.0,0.0,9025.267578125,-350.25,0.0,350.25,0.0,0.0,0.0,0.0,0.0,0.0,0.0,0.0,0.0,0.0,0.0,0.0,0.0,0.0,0.0,0.0,0.0,0.0,0.0,0.0,0.0,-1848.875,0.0,1848.75,0.0,0.0,0.0,0.0,0.0,0.0,0.0,0.0,0.0,0.0,0.0,0.0,0.0,0.0,0.0,0.0,0.0,0.0,0.0,0.0,0.0,0.0,0.0,0.0,0.0,0.0,0.0,0.0,0.0,0.0,0.0,0.0,0.0,0.0,0.0,0.0,0.0,0.0,0.0,0.0,0.0,0.0,0.0,0.0,0.0,0.0,0.0,0.0,0.0,0.0,0.0,0.0,0.0,0.0,0.0,0.0,0.0,644801.5,0.0,1273483.5,9025.267578125,-2199.125,0.0,2199.0,0.0,-0.3398953439959969,0.0,0.17297466099262238,0.0,FL
326210,FL,1205,201.72732543945312,1,0.0,109449.8515625,619661.125,1,0,153025.328125,0.0,504493.9375,24850.666015625,0.0,0.0,0.0,24850.666015625,0.0,0.0,0.0,0.0,0.0,0.0,0.0,0.0,0.0,0.0,0.0,0.0,0.0,0.0,0.0,0.0,0.0,0.0,0.0,0.0,0.0,0.0,0.0,0.0,-1400.0,0.0,1400.0,0.0,0.0,0.0,0.0,0.0,0.0,0.0,0.0,0.0,0.0,0.0,0.0,0.0,0.0,0.0,0.0,0.0,0.0,0.0,0.0,0.0,0.0,0.0,0.0,0.0,0.0,0.0,0.0,0.0,0.0,0.0,0.0,0.0,0.0,0.0,0.0,0.0,0.0,0.0,0.0,0.0,0.0,0.0,0.0,0.0,0.0,0.0,0.0,0.0,0.0,0.0,0.0,0.0,0.0,0.0,0.0,0.0,151625.328125,0.0,505893.9375,24850.666015625,-1400.0,0.0,1400.0,0.0,-0.914881227280492,0.0,0.2775058150291443,0.0,FL
326211,FL,1205,1413.5670166015625,2,0.0,73537.6796875,217545.84375,2,0,28602.125,0.0,185974.953125,0.0,0.0,0.0,0.0,0.0,-230.0,0.0,230.0,0.0,-418.0,0.0,418.0,0.0,0.0,0.0,0.0,0.0,0.0,0.0,0.0,0.0,0.0,0.0,0.0,0.0,0.0,0.0,0.0,0.0,-646.2421875,0.0,646.25,0.0,0.0,0.0,0.0,0.0,0.0,0.0,0.0,0.0,0.0,0.0,0.0,0.0,-440.0,0.0,440.0,0.0,0.0,0.0,0.0,0.0,0.0,0.0,0.0,0.0,0.0,0.0,0.0,0.0,0.0,0.0,0.0,0.0,0.0,0.0,0.0,0.0,0.0,0.0,0.0,0.0,0.0,0.0,0.0,0.0,0.0,0.0,0.0,0.0,0.0,0.0,0.0,0.0,0.0,0.0,0.0,0.0,26867.8828125,0.0,187709.203125,0.0,-1734.2421875,0.0,1734.25,0.0,-6.063333362468698,0.0,0.9325180053710938,0.0,FL
326212,FL,1205,1794.06982421875,2,0.0,30778.015625,35289.75,2,0,168.97500610351562,0.0,73689.4140625,20490.900390625,0.0,0.0,0.0,20490.900390625,0.0,0.0,0.0,0.0,-168.97500610351562,0.0,168.9765625,0.0,0.0,0.0,0.0,0.0,0.0,0.0,0.0,0.0,0.0,0.0,0.0,0.0,0.0,0.0,0.0,0.0,0.0,0.0,0.0,0.0,0.0,0.0,0.0,0.0,0.0,0.0,0.0,0.0,0.0,0.0,0.0,0.0,0.0,0.0,0.0,0.0,0.0,0.0,0.0,0.0,0.0,0.0,0.0,0.0,0.0,0.0,0.0,0.0,0.0,0.0,0.0,0.0,0.0,0.0,0.0,0.0,0.0,0.0,0.0,0.0,0.0,0.0,0.0,0.0,0.0,0.0,0.0,0.0,0.0,0.0,0.0,0.0,0.0,0.0,0.0,0.0,0.0,0.0,73858.390625,20490.900390625,-168.97500610351562,0.0,168.9765625,0.0,-100.0,0.0,0.22930915653705597,0.0,FL
326213,FL,1205,674.4657592773438,2,0.0,34717.515625,25639.57421875,2,0,0.0,0.0,51540.1640625,0.0,0.0,0.0,0.0,0.0,0.0,0.0,0.0,0.0,0.0,0.0,0.0,0.0,0.0,0.0,0.0,0.0,0.0,0.0,0.0,0.0,0.0,0.0,0.0,0.0,0.0,0.0,0.0,0.0,0.0,0.0,0.0,0.0,0.0,0.0,0.0,0.0,0.0,0.0,0.0,0.0,0.0,0.0,0.0,0.0,0.0,0.0,0.0,0.0,0.0,0.0,0.0,0.0,0.0,0.0,0.0,0.0,0.0,0.0,0.0,0.0,0.0,0.0,0.0,0.0,0.0,0.0,0.0,0.0,0.0,0.0,0.0,0.0,0.0,0.0,0.0,0.0,0.0,0.0,0.0,0.0,0.0,0.0,0.0,0.0,0.0,0.0,0.0,0.0,0.0,0.0,51540.1640625,0.0,0.0,0.0,0.0,0.0,0.0,0.0,0.0,0.0,FL
326214,FL,1205,39.04533004760742,3,0.0,1296.0107421875,671713.5027925968,3,0,171277.03085327148,0.0,447719.8125,0.0,0.0,0.0,0.0,0.0,0.0,0.0,0.0,0.0,0.0,0.0,0.0,0.0,0.0,0.0,0.0,0.0,0.0,0.0,0.0,0.0,0.0,0.0,0.0,0.0,0.0,0.0,0.0,0.0,-2067.6875,0.0,2067.6875,0.0,0.0,0.0,0.0,0.0,0.0,0.0,0.0,0.0,0.0,0.0,0.0,0.0,0.0,0.0,0.0,0.0,0.0,0.0,0.0,0.0,0.0,0.0,0.0,0.0,0.0,0.0,0.0,0.0,0.0,0.0,0.0,0.0,0.0,0.0,0.0,0.0,0.0,0.0,0.0,0.0,0.0,0.0,0.0,0.0,0.0,0.0,0.0,0.0,0.0,0.0,0.0,0.0,0.0,0.0,0.0,0.0,169209.34335327148,0.0,449787.5,0.0,-2067.6875,0.0,2067.6875,0.0,-1.2072182064922257,0.0,0.46182623505592346,0.0,FL
326215,FL,1205,2183.968017578125,3,0.0,283471.89453125,433067.98046875,3,0,66837.1474609375,0.0,352434.75,486.39166259765625,0.0,0.0,0.0,486.39166259765625,-297.0,0.0,297.0,0.0,-317.3046875,0.0,317.3125,0.0,0.0,0.0,0.0,0.0,0.0,0.0,0.0,0.0,0.0,0.0,0.0,0.0,0.0,0.0,0.0,0.0,-488.9375,0.0,488.9375,0.0,0.0,0.0,0.0,0.0,0.0,0.0,0.0,0.0,0.0,0.0,0.0,0.0,-480.0,0.0,480.0,0.0,0.0,0.0,0.0,0.0,0.0,0.0,0.0,0.0,0.0,0.0,0.0,0.0,0.0,0.0,0.0,0.0,0.0,0.0,0.0,0.0,0.0,0.0,0.0,0.0,0.0,0.0,0.0,0.0,0.0,0.0,0.0,0.0,0.0,0.0,0.0,0.0,0.0,0.0,0.0,0.0,65253.9052734375,0.0,354018.0,486.39166259765625,-1583.2421875,0.0,1583.25,0.0,-2.368805742981947,0.0,0.4492321014404297,0.0,FL
326216,FL,1205,972.7565307617188,1,0.0,0.0,98138.2578125,1,0,9072.1328125,0.0,86508.5078125,0.0,0.0,0.0,0.0,0.0,-115.0,0.0,115.0,0.0,-167.19921875,0.0,167.1953125,0.0,0.0,0.0,0.0,0.0,0.0,0.0,0.0,0.0,0.0,0.0,0.0,0.0,0.0,0.0,0.0,0.0,0.0,0.0,0.0,0.0,0.0,0.0,0.0,0.0,0.0,0.0,0.0,0.0,0.0,0.0,0.0,0.0,0.0,0.0,0.0,0.0,0.0,0.0,0.0,0.0,0.0,0.0,0.0,0.0,0.0,0.0,0.0,0.0,0.0,0.0,0.0,0.0,0.0,0.0,0.0,0.0,-811.66015625,0.0,811.6640625,0.0,0.0,0.0,0.0,0.0,0.0,0.0,0.0,0.0,0.0,0.0,0.0,0.0,0.0,0.0,0.0,0.0,7978.2734375,0.0,87602.3671875,0.0,-1093.859375,0.0,1093.859375,0.0,-12.057356275613937,0.0,1.2644529342651367,0.0,FL
326217,FL,1205,495.9085388183594,1,0.0,75085.8984375,75085.8984375,1,0,8012.8974609375,0.0,68553.5,0.0,0.0,0.0,0.0,0.0,-115.0,0.0,115.0,0.0,-209.0,0.0,209.0,0.0,0.0,0.0,0.0,0.0,0.0,0.0,0.0,0.0,0.0,0.0,0.0,0.0,0.0,0.0,0.0,0.0,0.0,0.0,0.0,0.0,0.0,0.0,0.0,0.0,0.0,0.0,0.0,0.0,0.0,0.0,0.0,0.0,0.0,0.0,0.0,0.0,0.0,0.0,0.0,0.0,0.0,0.0,0.0,0.0,0.0,0.0,0.0,0.0,0.0,0.0,0.0,0.0,0.0,0.0,0.0,0.0,0.0,0.0,0.0,0.0,-237.79150390625,0.0,237.7890625,0.0,0.0,0.0,0.0,0.0,0.0,0.0,0.0,0.0,0.0,0.0,0.0,0.0,7451.10595703125,0.0,69115.2890625,0.0,-561.79150390625,0.0,561.7890625,0.0,-7.0110906403701945,0.0,0.8194900155067444,0.0,FL
326218,FL,1205,13.854357719421387,3,1.0,1463307.849609375,1962058.5,3,0,587259.8125,0.0,1346556.5,0.0,0.0,0.0,0.0,0.0,-734.0,0.0,734.0,0.0,-703.0,0.0,703.0,0.0,0.0,0.0,0.0,0.0,0.0,0.0,0.0,0.0,0.0,0.0,0.0,0.0,0.0,0.0,0.0,0.0,0.0,0.0,0.0,0.0,0.0,0.0,0.0,0.0,0.0,0.0,0.0,0.0,0.0,0.0,0.0,0.0,-740.0,0.0,740.0,0.0,0.0,0.0,0.0,0.0,0.0,0.0,0.0,0.0,0.0,0.0,0.0,0.0,0.0,0.0,0.0,0.0,0.0,0.0,0.0,0.0,0.0,0.0,0.0,0.0,0.0,0.0,0.0,0.0,0.0,0.0,0.0,0.0,0.0,0.0,0.0,0.0,0.0,0.0,0.0,0.0,585082.8125,0.0,1348733.5,0.0,-2177.0,0.0,2177.0,0.0,-0.37070474663205394,0.0,0.16167163848876953,0.0,FL
326219,FL,1205,13.34656047821045,5,3.0,145709.79296875,148663.125,5,0,9454.001953125,0.0,138132.78125,0.0,0.0,5563.94140625,0.0,5563.94140625,-230.0,0.0,230.0,0.0,-418.0,0.0,418.0,0.0,0.0,0.0,0.0,0.0,0.0,0.0,0.0,0.0,-600.0,0.0,600.0,0.0,0.0,0.0,0.0,0.0,-862.6630859375,0.0,862.671875,0.0,0.0,0.0,0.0,0.0,0.0,0.0,0.0,0.0,0.0,0.0,0.0,0.0,-440.0,0.0,440.0,0.0,0.0,0.0,0.0,0.0,0.0,0.0,0.0,0.0,0.0,0.0,0.0,0.0,0.0,0.0,0.0,0.0,0.0,0.0,0.0,0.0,0.0,0.0,0.0,0.0,-178.3447265625,0.0,178.34375,0.0,0.0,0.0,0.0,0.0,0.0,0.0,-5563.9375,-5563.94140625,0.0,0.0,0.0,0.0,6724.994140625,0.0,135297.859375,0.0,-2729.0078125,0.0,-2834.921875,-5563.94140625,-28.866165101625903,0.0,-2.052316427230835,-100.0,FL
326220,FL,1205,733.3177490234375,6,3.9999999999999996,132538.28125,821751.4374999999,6,0,111300.35937499999,0.0,727411.25,0.0,0.0,0.0,0.0,0.0,-763.9999999999854,0.0,764.0,0.0,0.0,0.0,0.0,0.0,0.0,0.0,0.0,0.0,0.0,0.0,0.0,0.0,0.0,0.0,0.0,0.0,0.0,0.0,0.0,0.0,0.0,0.0,0.0,0.0,0.0,0.0,0.0,0.0,0.0,0.0,0.0,0.0,0.0,0.0,0.0,0.0,0.0,0.0,0.0,0.0,0.0,0.0,0.0,0.0,0.0,0.0,0.0,0.0,0.0,0.0,0.0,0.0,0.0,0.0,0.0,0.0,0.0,0.0,0.0,0.0,0.0,0.0,0.0,0.0,0.0,0.0,0.0,0.0,0.0,0.0,0.0,0.0,0.0,0.0,0.0,0.0,0.0,0.0,0.0,0.0,110536.359375,0.0,728175.25,0.0,-763.9999999999854,0.0,764.0,0.0,-0.6864308473846611,0.0,0.10503000020980835,0.0,FL
326221,FL,1205,372.0454406738281,5,3.0,170298.1015625,203742.59375,5,0,19998.49609375,0.0,181622.8125,0.0,0.0,0.0,0.0,0.0,-230.0,0.0,230.0,0.0,-418.0,0.0,418.0,0.0,0.0,0.0,0.0,0.0,0.0,0.0,0.0,0.0,-600.0,0.0,600.0,0.0,0.0,0.0,0.0,0.0,0.0,0.0,0.0,0.0,0.0,0.0,0.0,0.0,0.0,0.0,0.0,0.0,0.0,0.0,0.0,0.0,-440.0,0.0,440.0,0.0,0.0,0.0,0.0,0.0,0.0,0.0,0.0,0.0,0.0,0.0,0.0,0.0,0.0,0.0,0.0,0.0,0.0,0.0,0.0,0.0,0.0,0.0,0.0,0.0,0.0,0.0,0.0,0.0,0.0,0.0,0.0,0.0,0.0,0.0,0.0,0.0,0.0,0.0,0.0,0.0,18310.49609375,0.0,183310.8125,0.0,-1688.0,0.0,1688.0,0.0,-8.440634696163677,0.0,0.9293986558914185,0.0,FL
326222,FL,1205,4797.525390625,5,4.0,64524.79296875,64524.79296875,5,0,-4435.79248046875,0.0,102991.875,25611.427734375,0.0,4214.46533203125,9141.546875,38967.43994140625,-7.0,0.0,7.0,0.0,-177.0,0.0,177.0,0.0,0.0,0.0,0.0,0.0,0.0,0.0,0.0,0.0,-800.0,0.0,800.0,0.0,-276.94189453125,0.0,276.9375,0.0,0.0,0.0,0.0,0.0,0.0,0.0,0.0,0.0,0.0,0.0,0.0,0.0,0.0,0.0,0.0,0.0,0.0,0.0,0.0,0.0,0.0,0.0,0.0,0.0,0.0,0.0,0.0,0.0,0.0,0.0,0.0,0.0,0.0,0.0,0.0,0.0,0.0,0.0,0.0,0.0,0.0,0.0,0.0,0.0,-552.541015625,0.0,552.546875,0.0,0.0,0.0,0.0,0.0,0.0,0.0,0.0,0.0,0.0,0.0,0.0,0.0,-6249.275390625,0.0,104805.359375,38967.43994140625,-1813.48291015625,0.0,1813.484375,0.0,-40.88295198977864,0.0,1.7608033418655396,0.0,FL
326223,FL,1205,475.22552490234375,2,0.0,733759.4609375,851499.5625,2,0,165778.03125,0.0,652695.8125,0.0,0.0,0.0,0.0,0.0,-749.0,0.0,749.0,0.0,0.0,0.0,0.0,0.0,0.0,0.0,0.0,0.0,0.0,0.0,0.0,0.0,0.0,0.0,0.0,0.0,0.0,0.0,0.0,0.0,-1879.234375,0.0,1879.25,0.0,0.0,0.0,0.0,0.0,0.0,0.0,0.0,0.0,0.0,0.0,0.0,0.0,0.0,0.0,0.0,0.0,0.0,0.0,0.0,0.0,0.0,0.0,0.0,0.0,0.0,0.0,0.0,0.0,0.0,0.0,0.0,0.0,0.0,0.0,0.0,0.0,0.0,0.0,0.0,0.0,0.0,0.0,0.0,0.0,0.0,0.0,0.0,0.0,0.0,0.0,0.0,0.0,0.0,0.0,0.0,0.0,163149.796875,0.0,655324.0625,0.0,-2628.234375,0.0,2628.25,0.0,-1.5853936466626968,0.0,0.4026760756969452,0.0,FL
326224,FL,1205,3177.0458984375,4,1.0,213222.5234375,659379.265625,4,0,105902.3642578125,0.0,541082.75,0.0,0.0,0.0,0.0,0.0,-361.0,0.0,361.0,0.0,-646.0,0.0,646.0,0.0,0.0,0.0,0.0,0.0,0.0,0.0,0.0,0.0,-200.0,0.0,200.0,0.0,0.0,0.0,0.0,0.0,0.0,0.0,0.0,0.0,0.0,0.0,0.0,0.0,0.0,0.0,0.0,0.0,0.0,0.0,0.0,0.0,-569.5009765625,0.0,569.5,0.0,0.0,0.0,0.0,0.0,0.0,0.0,0.0,0.0,0.0,0.0,0.0,0.0,-207.98828125,0.0,208.0,0.0,0.0,0.0,0.0,0.0,0.0,0.0,0.0,0.0,-562.076171875,0.0,562.0625,0.0,0.0,0.0,0.0,0.0,0.0,0.0,0.0,0.0,0.0,0.0,0.0,0.0,103355.798828125,0.0,543629.3125,0.0,-2546.5654296875,0.0,2546.5625,0.0,-2.404635106623352,0.0,0.47064194083213806,0.0,FL
326225,FL,1205,1.0311980247497559,3,1.0,103815.6796875,103816.8671875,3,0,7836.0244140625,0.0,88038.9453125,0.0,0.0,0.0,0.0,0.0,-10.0,0.0,10.0,0.0,-228.00048828125,0.0,228.0,0.0,0.0,0.0,0.0,0.0,0.0,0.0,0.0,0.0,0.0,0.0,0.0,0.0,0.0,0.0,0.0,0.0,0.0,0.0,0.0,0.0,0.0,0.0,0.0,0.0,0.0,0.0,0.0,0.0,0.0,0.0,0.0,0.0,0.0,0.0,0.0,0.0,0.0,0.0,0.0,0.0,0.0,0.0,0.0,0.0,0.0,0.0,0.0,0.0,0.0,0.0,0.0,0.0,0.0,0.0,0.0,0.0,0.0,0.0,0.0,0.0,0.0,0.0,0.0,0.0,0.0,0.0,0.0,0.0,0.0,0.0,0.0,0.0,0.0,0.0,0.0,0.0,7598.02392578125,0.0,88276.9453125,0.0,-238.00048828125,0.0,238.0,0.0,-3.0372606784396337,0.0,0.2703348994255066,0.0,FL
326226,FL,1205,1852.5799560546875,5,1.0,117756.513671875,185527.4453125,5,0,13345.316162109375,0.0,167265.296875,0.0,0.0,0.0,2285.38671875,2285.38671875,-20.0,0.0,20.0,0.0,-456.0,0.0,456.0,0.0,0.0,0.0,0.0,0.0,0.0,0.0,0.0,0.0,0.0,0.0,0.0,0.0,0.0,0.0,0.0,0.0,0.0,0.0,0.0,0.0,0.0,0.0,0.0,0.0,0.0,0.0,0.0,0.0,0.0,0.0,0.0,0.0,-145.505126953125,0.0,145.5,0.0,0.0,0.0,0.0,0.0,0.0,0.0,0.0,0.0,0.0,0.0,0.0,0.0,0.0,0.0,0.0,0.0,0.0,0.0,0.0,0.0,0.0,0.0,0.0,0.0,0.0,0.0,0.0,0.0,0.0,0.0,0.0,0.0,0.0,0.0,0.0,0.0,0.0,0.0,0.0,0.0,12723.81103515625,0.0,167886.796875,2285.38671875,-621.505126953125,0.0,621.5,0.0,-4.657103057009099,0.0,0.37156540155410767,0.0,FL
326227,FL,1205,641.6385498046875,4,2.0,273780.40625,640851.5,4,0,117066.859375,0.0,522150.0625,0.0,0.0,0.0,0.0,0.0,-292.0,0.0,292.0,0.0,-456.0,0.0,456.0,0.0,0.0,0.0,0.0,0.0,0.0,0.0,0.0,0.0,0.0,0.0,0.0,0.0,0.0,0.0,0.0,0.0,-1153.140625,0.0,1153.125,0.0,0.0,0.0,0.0,0.0,0.0,0.0,0.0,0.0,0.0,0.0,0.0,0.0,-480.0,0.0,480.0,0.0,0.0,0.0,0.0,0.0,0.0,0.0,0.0,0.0,0.0,0.0,0.0,0.0,0.0,0.0,0.0,0.0,0.0,0.0,0.0,0.0,0.0,0.0,0.0,0.0,0.0,0.0,0.0,0.0,0.0,0.0,0.0,0.0,0.0,0.0,0.0,0.0,0.0,0.0,0.0,0.0,114685.71875,0.0,524531.1875,0.0,-2381.140625,0.0,2381.125,0.0,-2.034000602486907,0.0,0.45602312684059143,0.0,FL
326228,FL,1205,18.472423553466797,5,2.0,199787.939453125,542390.994140625,5,0,104866.26191711426,0.0,437343.8125,2264.1796875,13231.8837890625,0.0,0.0,15496.0634765625,-764.0,0.0,764.0,0.0,-1095.2968788146973,0.0,1095.3125,0.0,0.0,0.0,0.0,0.0,0.0,0.0,0.0,0.0,0.0,0.0,0.0,0.0,0.0,0.0,0.0,0.0,0.0,0.0,0.0,0.0,0.0,0.0,0.0,0.0,0.0,0.0,0.0,0.0,0.0,0.0,0.0,0.0,-1052.9375,0.0,1052.9375,0.0,0.0,0.0,0.0,0.0,0.0,0.0,0.0,0.0,0.0,0.0,0.0,0.0,0.0,0.0,0.0,0.0,0.0,0.0,0.0,0.0,-20.527538299560547,0.0,20.5,0.0,0.0,0.0,0.0,0.0,0.0,0.0,0.0,0.0,0.0,0.0,0.0,0.0,0.0,0.0,0.0,0.0,101933.5,0.0,440276.5625,15496.0634765625,-2932.761917114258,0.0,2932.75,0.0,-2.7966686935330043,0.0,0.6705822348594666,0.0,FL
326229,FL,1205,913.4938354492188,3,1.0,280519.21875,308180.96875,3,0,44348.859375,0.0,293461.9375,0.0,0.0,0.0,0.0,0.0,-292.0,0.0,292.0,0.0,0.0,0.0,0.0,0.0,0.0,0.0,0.0,0.0,0.0,0.0,0.0,0.0,-200.0,0.0,200.0,0.0,0.0,0.0,0.0,0.0,0.0,0.0,0.0,0.0,0.0,0.0,0.0,0.0,0.0,0.0,0.0,0.0,0.0,0.0,0.0,0.0,0.0,0.0,0.0,0.0,0.0,0.0,0.0,0.0,0.0,0.0,0.0,0.0,0.0,0.0,0.0,0.0,0.0,0.0,0.0,0.0,0.0,0.0,0.0,0.0,0.0,0.0,0.0,0.0,0.0,0.0,0.0,0.0,0.0,0.0,0.0,0.0,0.0,0.0,0.0,0.0,0.0,0.0,0.0,0.0,43856.859375,0.0,293953.9375,0.0,-492.0,0.0,492.0,0.0,-1.1093859164218922,0.0,0.16765376925468445,0.0,FL
326230,FL,1205,2051.369384765625,2,0.0,137760.171875,141808.421875,2,0,14098.60546875,0.0,124804.4296875,0.0,0.0,0.0,0.0,0.0,-230.0,0.0,230.0,0.0,-418.0,0.0,418.0,0.0,0.0,0.0,0.0,0.0,0.0,0.0,0.0,0.0,0.0,0.0,0.0,0.0,0.0,0.0,0.0,0.0,-1012.7529296875,0.0,1012.7578125,0.0,0.0,0.0,0.0,0.0,0.0,0.0,0.0,0.0,0.0,0.0,0.0,0.0,-440.0,0.0,440.0,0.0,0.0,0.0,0.0,0.0,0.0,0.0,0.0,0.0,0.0,0.0,0.0,0.0,0.0,0.0,0.0,0.0,0.0,0.0,0.0,0.0,0.0,0.0,0.0,0.0,0.0,0.0,0.0,0.0,0.0,0.0,0.0,0.0,0.0,0.0,0.0,0.0,0.0,0.0,0.0,0.0,11997.8525390625,0.0,126905.1875,0.0,-2100.7529296875,0.0,2100.7578125,0.0,-14.900430644320705,0.0,1.6832398176193237,0.0,FL
326231,FL,1205,250.58712768554688,3,1.0,139950.2265625,139950.21875,3,0,13277.0478515625,0.0,115966.9765625,0.0,0.0,0.0,0.0,0.0,-230.0,0.0,230.0,0.0,-418.0,0.0,418.0,0.0,0.0,0.0,0.0,0.0,0.0,0.0,0.0,0.0,0.0,0.0,0.0,0.0,0.0,0.0,0.0,0.0,0.0,0.0,0.0,0.0,0.0,0.0,0.0,0.0,0.0,0.0,0.0,0.0,0.0,0.0,0.0,0.0,-274.45703125,0.0,274.4609375,0.0,0.0,0.0,0.0,0.0,0.0,0.0,0.0,0.0,0.0,0.0,0.0,0.0,0.0,0.0,0.0,0.0,0.0,0.0,0.0,0.0,0.0,0.0,0.0,0.0,-585.298828125,0.0,585.296875,0.0,0.0,0.0,0.0,0.0,0.0,0.0,0.0,0.0,0.0,0.0,0.0,0.0,11769.2919921875,0.0,117474.734375,0.0,-1507.755859375,0.0,1507.7578125,0.0,-11.356107744972546,0.0,1.300161361694336,0.0,FL
326232,FL,1205,15.453612327575684,4,1.0,170436.076171875,272439.8203125,4,0,31743.100341796875,0.0,212686.25,0.0,0.0,0.0,0.0,0.0,-235.0,0.0,235.0,0.0,-532.0,0.0,532.0,0.0,0.0,0.0,0.0,0.0,0.0,0.0,0.0,0.0,0.0,0.0,0.0,0.0,0.0,0.0,0.0,0.0,0.0,0.0,0.0,0.0,0.0,0.0,0.0,0.0,0.0,0.0,0.0,0.0,0.0,0.0,0.0,0.0,-107.931640625,0.0,107.9375,0.0,0.0,0.0,0.0,0.0,0.0,0.0,0.0,0.0,0.0,0.0,0.0,0.0,0.0,0.0,0.0,0.0,-4555.591552734379,0.0,4555.59375,0.0,-289.2617187499927,0.0,289.25,0.0,0.0,0.0,0.0,0.0,0.0,0.0,0.0,0.0,0.0,0.0,0.0,0.0,0.0,0.0,0.0,0.0,26023.315429687504,0.0,218406.03125,0.0,-5719.784912109371,0.0,5719.78125,0.0,-18.01898633252908,0.0,2.6893045902252197,0.0,FL
326233,FL,1205,1983.0704345703125,2,0.0,281331.77734375,946565.875,1,1,189397.109375,0.0,751321.875,0.0,0.0,0.0,0.0,0.0,0.0,0.0,0.0,0.0,0.0,0.0,0.0,0.0,0.0,0.0,0.0,0.0,0.0,0.0,0.0,0.0,0.0,0.0,0.0,0.0,0.0,0.0,0.0,0.0,-988.0625,0.0,988.0625,0.0,0.0,0.0,0.0,0.0,0.0,0.0,0.0,0.0,0.0,0.0,0.0,0.0,0.0,0.0,0.0,0.0,0.0,0.0,0.0,0.0,0.0,0.0,0.0,0.0,0.0,0.0,0.0,0.0,0.0,0.0,0.0,0.0,0.0,0.0,0.0,0.0,0.0,0.0,0.0,0.0,0.0,0.0,0.0,0.0,0.0,0.0,0.0,0.0,0.0,0.0,0.0,0.0,0.0,0.0,0.0,0.0,188409.046875,0.0,752309.9375,0.0,-988.0625,0.0,988.0625,0.0,-0.5216882682426103,0.0,0.13150988519191742,0.0,FL
326234,FL,1205,2644.635986328125,3,1.0,170398.11328125,210597.30078125,3,0,23772.8447265625,0.0,182318.6875,0.0,0.0,6773.94140625,2285.38671875,9059.328125,-131.0,0.0,131.0,0.0,-418.0,0.0,418.0,0.0,0.0,0.0,0.0,0.0,0.0,0.0,0.0,0.0,-119.85986328125,0.0,119.859375,0.0,0.0,0.0,0.0,0.0,-857.0390625,0.0,857.03125,0.0,0.0,0.0,0.0,0.0,0.0,0.0,0.0,0.0,0.0,0.0,0.0,0.0,0.0,0.0,0.0,0.0,0.0,0.0,0.0,0.0,0.0,0.0,0.0,0.0,0.0,0.0,0.0,0.0,-5254.578125,0.0,5254.578125,0.0,0.0,0.0,0.0,0.0,0.0,0.0,0.0,0.0,0.0,0.0,0.0,0.0,0.0,0.0,0.0,0.0,0.0,0.0,0.0,0.0,0.0,0.0,0.0,0.0,16992.36767578125,0.0,189099.15625,9059.328125,-6780.47705078125,0.0,6780.46875,0.0,-28.521942278136827,0.0,3.719020366668701,0.0,FL
326235,FL,1205,1526.45947265625,3,0.0,177145.732421875,418202.400390625,3,0,59358.3251953125,0.0,380994.625,15695.1572265625,0.0,0.0,0.0,15695.1572265625,-235.0,0.0,235.0,0.0,-532.0,0.0,532.0,0.0,0.0,0.0,0.0,0.0,0.0,0.0,0.0,0.0,0.0,0.0,0.0,0.0,0.0,0.0,0.0,0.0,0.0,0.0,0.0,0.0,0.0,0.0,0.0,0.0,0.0,0.0,0.0,0.0,0.0,0.0,0.0,0.0,-220.0,0.0,220.0,0.0,0.0,0.0,0.0,0.0,0.0,0.0,0.0,0.0,0.0,0.0,0.0,0.0,0.0,0.0,0.0,0.0,0.0,0.0,0.0,0.0,-945.626953125,0.0,945.625,0.0,0.0,0.0,0.0,0.0,0.0,0.0,0.0,0.0,0.0,0.0,0.0,0.0,0.0,0.0,0.0,0.0,57425.6982421875,0.0,382927.25,15695.1572265625,-1932.626953125,0.0,1932.625,0.0,-3.2558650311744626,0.0,0.5072578191757202,0.0,FL
326236,FL,1205,6.622020721435547,3,1.0,249537.201171875,423401.46875,3,0,69450.15625,0.0,372677.375,0.0,0.0,0.0,0.0,0.0,0.0,0.0,0.0,0.0,0.0,0.0,0.0,0.0,0.0,0.0,0.0,0.0,0.0,0.0,0.0,0.0,-200.0,0.0,200.0,0.0,0.0,0.0,0.0,0.0,0.0,0.0,0.0,0.0,0.0,0.0,0.0,0.0,0.0,0.0,0.0,0.0,0.0,0.0,0.0,0.0,0.0,0.0,0.0,0.0,0.0,0.0,0.0,0.0,0.0,0.0,0.0,0.0,0.0,0.0,0.0,0.0,0.0,0.0,0.0,0.0,0.0,0.0,0.0,0.0,0.0,0.0,0.0,0.0,0.0,0.0,0.0,0.0,0.0,0.0,0.0,0.0,0.0,0.0,0.0,0.0,0.0,0.0,0.0,0.0,69250.15625,0.0,372877.375,0.0,-200.0,0.0,200.0,0.0,-0.2879763139481778,0.0,0.05366572365164757,0.0,FL
326237,FL,1205,413.23406982421875,5,3.0,470552.03125,1154863.75,5,0,257761.75,0.0,900831.9375,0.0,0.0,0.0,0.0,0.0,-764.0,0.0,764.0,0.0,-703.0,0.0,703.0,0.0,0.0,0.0,0.0,0.0,0.0,0.0,0.0,0.0,0.0,0.0,0.0,0.0,0.0,0.0,0.0,0.0,-1850.0,0.0,1850.0,0.0,0.0,0.0,0.0,0.0,0.0,0.0,0.0,0.0,0.0,0.0,0.0,0.0,-740.0,0.0,740.0,0.0,0.0,0.0,0.0,0.0,0.0,0.0,0.0,0.0,0.0,0.0,0.0,0.0,0.0,0.0,0.0,0.0,0.0,0.0,0.0,0.0,0.0,0.0,0.0,0.0,0.0,0.0,0.0,0.0,0.0,0.0,0.0,0.0,0.0,0.0,0.0,0.0,0.0,0.0,0.0,0.0,253704.75,0.0,904888.9375,0.0,-4057.0,0.0,4057.0,0.0,-1.5739340689609687,0.0,0.4503614604473114,0.0,FL
326238,FL,1205,1913.2374267578125,3,1.0,23934.8369140625,23934.8369140625,3,0,-6223.50732421875,0.0,60806.94921875,29716.080078125,2763.543212890625,0.0,0.0,32479.623291015625,0.0,0.0,0.0,0.0,0.0,0.0,0.0,0.0,0.0,0.0,0.0,0.0,0.0,0.0,0.0,0.0,96.50732421875,0.0,-96.5078125,0.0,0.0,0.0,0.0,0.0,0.0,0.0,0.0,0.0,0.0,0.0,0.0,0.0,0.0,0.0,0.0,0.0,0.0,0.0,0.0,0.0,0.0,0.0,0.0,0.0,0.0,0.0,0.0,0.0,0.0,0.0,0.0,0.0,0.0,0.0,0.0,0.0,0.0,0.0,0.0,0.0,0.0,0.0,0.0,0.0,0.0,0.0,0.0,0.0,0.0,0.0,0.0,0.0,0.0,0.0,0.0,0.0,0.0,0.0,0.0,0.0,0.0,0.0,0.0,0.0,-6127.0,0.0,60710.44140625,32479.623291015625,96.50732421875,0.0,-96.5078125,0.0,1.5506902971447016,0.0,-0.15871182084083557,0.0,FL
326239,FL,1205,546.1221923828125,1,0.0,90858.625,247732.6875,1,0,36746.7421875,0.0,204035.265625,0.0,0.0,0.0,0.0,0.0,-115.0,0.0,115.0,0.0,-209.0,0.0,209.0,0.0,0.0,0.0,0.0,0.0,0.0,0.0,0.0,0.0,0.0,0.0,0.0,0.0,0.0,0.0,0.0,0.0,0.0,0.0,0.0,0.0,0.0,0.0,0.0,0.0,0.0,0.0,0.0,0.0,0.0,0.0,0.0,0.0,0.0,0.0,0.0,0.0,0.0,0.0,0.0,0.0,0.0,0.0,0.0,0.0,0.0,0.0,0.0,0.0,0.0,0.0,0.0,0.0,0.0,0.0,0.0,0.0,0.0,0.0,0.0,0.0,0.0,0.0,0.0,0.0,0.0,0.0,0.0,0.0,0.0,0.0,0.0,0.0,0.0,0.0,0.0,0.0,36422.7421875,0.0,204359.265625,0.0,-324.0,0.0,324.0,0.0,-0.8817108149255579,0.0,0.15879607200622559,0.0,FL
326240,FL,1205,5.931009769439697,3,1.0,521470.35546875,559864.4375,3,0,122339.8125,0.0,442891.375,0.0,0.0,0.0,0.0,0.0,-749.0,0.0,749.0,0.0,-7.46875,0.0,7.46875,0.0,0.0,0.0,0.0,0.0,0.0,0.0,0.0,0.0,0.0,0.0,0.0,0.0,0.0,0.0,0.0,0.0,-1750.0,0.0,1750.0,0.0,0.0,0.0,0.0,0.0,0.0,0.0,0.0,0.0,0.0,0.0,0.0,0.0,-270.421875,0.0,270.40625,0.0,0.0,0.0,0.0,0.0,0.0,0.0,0.0,0.0,0.0,0.0,0.0,0.0,0.0,0.0,0.0,0.0,0.0,0.0,0.0,0.0,0.0,0.0,0.0,0.0,0.0,0.0,0.0,0.0,0.0,0.0,0.0,0.0,0.0,0.0,0.0,0.0,0.0,0.0,0.0,0.0,119562.921875,0.0,445668.25,0.0,-2776.890625,0.0,2776.875,0.0,-2.2698176237600496,0.0,0.6269878149032593,0.0,FL
326241,FL,1205,1868.735595703125,3,1.0,63712.73046875,63712.73046875,3,0,-2958.7662353515625,0.0,77593.6015625,0.0,2763.543212890625,6705.5908203125,0.0,9469.134033203125,-5.0,0.0,5.0,0.0,-261.5,0.0,261.5,0.0,0.0,0.0,0.0,0.0,0.0,0.0,0.0,0.0,-200.0,0.0,200.0,0.0,0.0,0.0,0.0,0.0,0.0,0.0,0.0,0.0,0.0,0.0,0.0,0.0,0.0,0.0,0.0,0.0,0.0,0.0,0.0,0.0,0.0,0.0,0.0,0.0,0.0,0.0,0.0,0.0,0.0,0.0,0.0,0.0,0.0,0.0,0.0,0.0,0.0,0.0,0.0,0.0,-683.7705078125,0.0,683.7734375,0.0,0.0,0.0,0.0,0.0,0.0,0.0,0.0,0.0,0.0,0.0,0.0,0.0,0.0,0.0,0.0,0.0,0.0,0.0,0.0,0.0,-4109.0367431640625,0.0,78743.875,9469.134033203125,-1150.2705078125,0.0,1150.2734375,0.0,-38.876694416374676,0.0,1.4824333190917969,0.0,FL
326242,FL,1205,2197.9443359375,7,3.9999999999999996,295806.78125,1345840.171875,6,1,263039.421875,0.0,1074826.375,0.0,0.0,0.0,0.0,0.0,-879.0,0.0,879.0,0.0,-911.9999999999709,0.0,912.0,0.0,0.0,0.0,0.0,0.0,0.0,0.0,0.0,0.0,0.0,0.0,0.0,0.0,0.0,0.0,0.0,0.0,0.0,0.0,0.0,0.0,0.0,0.0,0.0,0.0,0.0,0.0,0.0,0.0,0.0,0.0,0.0,0.0,-960.0000000000291,0.0,960.0,0.0,0.0,0.0,0.0,0.0,0.0,0.0,0.0,0.0,0.0,0.0,0.0,0.0,0.0,0.0,0.0,0.0,0.0,0.0,0.0,0.0,0.0,0.0,0.0,0.0,0.0,0.0,0.0,0.0,0.0,0.0,0.0,0.0,0.0,0.0,0.0,0.0,0.0,0.0,0.0,0.0,260288.421875,0.0,1077577.375,0.0,-2751.0,0.0,2751.0,0.0,-1.0458508387793346,0.0,0.2559483051300049,0.0,FL
326243,FL,1205,62.49205780029297,2,0.0,48538.73828125,1391984.875,1,1,316410.25,0.0,1142986.875,0.0,0.0,0.0,0.0,0.0,0.0,0.0,0.0,0.0,0.0,0.0,0.0,0.0,0.0,0.0,0.0,0.0,0.0,0.0,0.0,0.0,0.0,0.0,0.0,0.0,0.0,0.0,0.0,0.0,-1640.5,0.0,1640.5,0.0,0.0,0.0,0.0,0.0,0.0,0.0,0.0,0.0,0.0,0.0,0.0,0.0,-461.9375,0.0,462.0,0.0,0.0,0.0,0.0,0.0,0.0,0.0,0.0,0.0,0.0,0.0,0.0,0.0,0.0,0.0,0.0,0.0,0.0,0.0,0.0,0.0,0.0,0.0,0.0,0.0,0.0,0.0,0.0,0.0,0.0,0.0,0.0,0.0,0.0,0.0,0.0,0.0,0.0,0.0,0.0,0.0,314307.8125,0.0,1145089.375,0.0,-2102.4375,0.0,2102.5,0.0,-0.664465673915431,0.0,0.1839478760957718,0.0,FL
326244,FL,1205,689.2086181640625,4,1.0,108292.28125,116059.18359375,4,0,1676.968994140625,0.0,124075.4375,5275.40576171875,0.0,0.0,2285.38671875,7560.79248046875,-12.0,0.0,12.0,0.0,-386.0001220703125,0.0,386.0,0.0,0.0,0.0,0.0,0.0,0.0,0.0,0.0,0.0,-200.0,0.0,200.0,0.0,0.0,0.0,0.0,0.0,0.0,0.0,0.0,0.0,0.0,0.0,0.0,0.0,0.0,0.0,0.0,0.0,0.0,0.0,0.0,0.0,-16.2720947265625,0.0,16.28125,0.0,0.0,0.0,0.0,0.0,0.0,0.0,0.0,0.0,0.0,0.0,0.0,0.0,0.0,0.0,0.0,0.0,-315.85565185546875,0.0,315.84375,0.0,0.0,0.0,0.0,0.0,0.0,0.0,0.0,0.0,0.0,0.0,0.0,0.0,0.0,0.0,0.0,0.0,0.0,0.0,0.0,0.0,746.8411254882812,0.0,125005.5625,7560.79248046875,-930.1278686523438,0.0,930.125,0.0,-55.4648220630337,0.0,0.7496447563171387,0.0,FL
326245,FL,1205,2506.931396484375,2,0.0,141220.0234375,1966173.75,2,0,466850.9375,0.0,1503555.375,0.0,0.0,0.0,0.0,0.0,0.0,0.0,0.0,0.0,0.0,0.0,0.0,0.0,0.0,0.0,0.0,0.0,0.0,0.0,0.0,0.0,0.0,0.0,0.0,0.0,0.0,0.0,0.0,0.0,0.0,0.0,0.0,0.0,0.0,0.0,0.0,0.0,0.0,0.0,0.0,0.0,0.0,0.0,0.0,0.0,-85.84375,0.0,85.875,0.0,0.0,0.0,0.0,0.0,0.0,0.0,0.0,0.0,0.0,0.0,0.0,0.0,0.0,0.0,0.0,0.0,0.0,0.0,0.0,0.0,0.0,0.0,0.0,0.0,0.0,0.0,0.0,0.0,0.0,0.0,0.0,0.0,0.0,0.0,0.0,0.0,0.0,0.0,0.0,0.0,466765.09375,0.0,1503641.25,0.0,-85.84375,0.0,85.875,0.0,-0.01838782855609024,0.0,0.00571146234869957,0.0,FL
326246,FL,1205,2955.142578125,2,0.0,401024.0625,859993.5625,2,0,174358.3125,0.0,674710.5625,0.0,0.0,0.0,0.0,0.0,-731.25,0.0,731.25,0.0,-304.0,0.0,304.0,0.0,0.0,0.0,0.0,0.0,0.0,0.0,0.0,0.0,0.0,0.0,0.0,0.0,0.0,0.0,0.0,0.0,-1600.0,0.0,1600.0,0.0,0.0,0.0,0.0,0.0,0.0,0.0,0.0,0.0,0.0,0.0,0.0,0.0,-320.0,0.0,320.0,0.0,0.0,0.0,0.0,0.0,0.0,0.0,0.0,0.0,0.0,0.0,0.0,0.0,0.0,0.0,0.0,0.0,0.0,0.0,0.0,0.0,0.0,0.0,0.0,0.0,0.0,0.0,0.0,0.0,0.0,0.0,0.0,0.0,0.0,0.0,0.0,0.0,0.0,0.0,0.0,0.0,171403.0625,0.0,677665.8125,0.0,-2955.25,0.0,2955.25,0.0,-1.6949292279942203,0.0,0.43800264596939087,0.0,FL
326247,FL,1205,355.5946350097656,2,0.0,131124.365234375,506765.65625,2,0,86277.28125,0.0,408649.40625,0.0,0.0,0.0,0.0,0.0,-292.0,0.0,292.0,0.0,-504.703125,0.0,504.6875,0.0,0.0,0.0,0.0,0.0,0.0,0.0,0.0,0.0,0.0,0.0,0.0,0.0,0.0,0.0,0.0,0.0,0.0,0.0,0.0,0.0,0.0,0.0,0.0,0.0,0.0,0.0,0.0,0.0,0.0,0.0,0.0,0.0,-531.2578125,0.0,531.28125,0.0,0.0,0.0,0.0,0.0,0.0,0.0,0.0,0.0,0.0,0.0,0.0,0.0,0.0,0.0,0.0,0.0,0.0,0.0,0.0,0.0,0.0,0.0,0.0,0.0,0.0,0.0,0.0,0.0,0.0,0.0,0.0,0.0,0.0,0.0,0.0,0.0,0.0,0.0,0.0,0.0,84949.3203125,0.0,409977.375,0.0,-1327.9609375,0.0,1327.96875,0.0,-1.5391780063769684,0.0,0.32496529817581177,0.0,FL
326248,FL,1205,22.58054542541504,3,1.0,504225.5625,827861.0625,3,0,195203.0,0.0,665710.625,0.0,0.0,0.0,0.0,0.0,-749.0,0.0,749.0,0.0,0.0,0.0,0.0,0.0,0.0,0.0,0.0,0.0,0.0,0.0,0.0,0.0,0.0,0.0,0.0,0.0,0.0,0.0,0.0,0.0,0.0,0.0,0.0,0.0,0.0,0.0,0.0,0.0,0.0,0.0,0.0,0.0,0.0,0.0,0.0,0.0,0.0,0.0,0.0,0.0,0.0,0.0,0.0,0.0,0.0,0.0,0.0,0.0,0.0,0.0,0.0,0.0,0.0,0.0,0.0,0.0,0.0,0.0,0.0,0.0,0.0,0.0,0.0,0.0,0.0,0.0,0.0,0.0,0.0,0.0,0.0,0.0,0.0,0.0,0.0,0.0,0.0,0.0,0.0,0.0,194454.0,0.0,666459.625,0.0,-749.0,0.0,749.0,0.0,-0.3837031193168138,0.0,0.11251134425401688,0.0,FL
326249,FL,1205,0.034370046108961105,3,0.0,148155.248046875,1975597.095703125,1,2,461533.125,0.0,1513452.125,2853.497802734375,0.0,0.0,0.0,2853.497802734375,0.0,0.0,0.0,0.0,0.0,0.0,0.0,0.0,0.0,0.0,0.0,0.0,0.0,0.0,0.0,0.0,0.0,0.0,0.0,0.0,0.0,0.0,0.0,0.0,0.0,0.0,0.0,0.0,0.0,0.0,0.0,0.0,0.0,0.0,0.0,0.0,0.0,0.0,0.0,0.0,0.0,0.0,0.0,0.0,0.0,0.0,0.0,0.0,0.0,0.0,0.0,0.0,0.0,0.0,0.0,0.0,0.0,0.0,0.0,0.0,0.0,0.0,0.0,0.0,0.0,0.0,0.0,0.0,0.0,0.0,0.0,0.0,0.0,0.0,0.0,0.0,0.0,0.0,0.0,0.0,0.0,0.0,0.0,0.0,461533.125,0.0,1513452.125,2853.497802734375,0.0,0.0,0.0,0.0,0.0,0.0,0.0,0.0,FL
326250,FL,1205,0.03363443538546562,2,0.0,29244.367614746094,29245.154296875,2,0,0.0,0.0,42767.12109375,0.0,0.0,0.0,0.0,0.0,0.0,0.0,0.0,0.0,0.0,0.0,0.0,0.0,0.0,0.0,0.0,0.0,0.0,0.0,0.0,0.0,0.0,0.0,0.0,0.0,0.0,0.0,0.0,0.0,0.0,0.0,0.0,0.0,0.0,0.0,0.0,0.0,0.0,0.0,0.0,0.0,0.0,0.0,0.0,0.0,0.0,0.0,0.0,0.0,0.0,0.0,0.0,0.0,0.0,0.0,0.0,0.0,0.0,0.0,0.0,0.0,0.0,0.0,0.0,0.0,0.0,0.0,0.0,0.0,0.0,0.0,0.0,0.0,0.0,0.0,0.0,0.0,0.0,0.0,0.0,0.0,0.0,0.0,0.0,0.0,0.0,0.0,0.0,0.0,0.0,0.0,42767.12109375,0.0,0.0,0.0,0.0,0.0,0.0,0.0,0.0,0.0,FL
326251,FL,1205,0.036019545048475266,4,2.0,419395.96875,439846.28125,4,0,81362.6484375,0.0,357469.5,0.0,0.0,0.0,0.0,0.0,-443.9609375,0.0,443.96875,0.0,-456.0,0.0,456.0,0.0,0.0,0.0,0.0,0.0,0.0,0.0,0.0,0.0,-400.0,0.0,400.0,0.0,0.0,0.0,0.0,0.0,-885.3046875,0.0,885.3125,0.0,0.0,0.0,0.0,0.0,0.0,0.0,0.0,0.0,0.0,0.0,0.0,0.0,-480.0,0.0,480.0,0.0,0.0,0.0,0.0,0.0,0.0,0.0,0.0,0.0,0.0,0.0,0.0,0.0,0.0,0.0,0.0,0.0,0.0,0.0,0.0,0.0,0.0,0.0,0.0,0.0,0.0,0.0,0.0,0.0,0.0,0.0,0.0,0.0,0.0,0.0,0.0,0.0,0.0,0.0,0.0,0.0,78697.3828125,0.0,360134.78125,0.0,-2665.265625,0.0,2665.28125,0.0,-3.275785235835048,0.0,0.7455968260765076,0.0,FL
326252,FL,1205,186.8694305419922,2,0.0,29129.697265625,102245.890625,2,0,7750.5556640625,0.0,146726.296875,44248.35546875,0.0,0.0,0.0,44248.35546875,-10.0,0.0,10.0,0.0,-228.0,0.0,228.0,0.0,0.0,0.0,0.0,0.0,0.0,0.0,0.0,0.0,0.0,0.0,0.0,0.0,0.0,0.0,0.0,0.0,0.0,0.0,0.0,0.0,0.0,0.0,0.0,0.0,0.0,0.0,0.0,0.0,0.0,0.0,0.0,0.0,0.0,0.0,0.0,0.0,0.0,0.0,0.0,0.0,0.0,0.0,0.0,0.0,0.0,0.0,0.0,0.0,0.0,0.0,0.0,0.0,0.0,0.0,0.0,0.0,-1440.0009765625,0.0,1440.015625,0.0,0.0,0.0,0.0,0.0,0.0,0.0,0.0,0.0,0.0,0.0,0.0,0.0,0.0,0.0,0.0,0.0,6072.5546875,0.0,148404.3125,44248.35546875,-1678.0009765625,0.0,1678.015625,0.0,-21.650073224336612,0.0,1.1436365842819214,0.0,FL
326253,FL,1205,0.03123888187110424,5,3.0,296213.6171875,358557.5,5,0,58832.80859375,0.0,280782.125,0.0,0.0,0.0,0.0,0.0,-292.0,0.0,292.0,0.0,0.0,0.0,0.0,0.0,0.0,0.0,0.0,0.0,0.0,0.0,0.0,0.0,0.0,0.0,0.0,0.0,0.0,0.0,0.0,0.0,0.0,0.0,0.0,0.0,0.0,0.0,0.0,0.0,0.0,0.0,0.0,0.0,0.0,0.0,0.0,0.0,0.0,0.0,0.0,0.0,0.0,0.0,0.0,0.0,0.0,0.0,0.0,0.0,0.0,0.0,0.0,0.0,0.0,0.0,0.0,0.0,0.0,0.0,0.0,0.0,0.0,0.0,0.0,0.0,0.0,0.0,0.0,0.0,0.0,0.0,0.0,0.0,0.0,0.0,0.0,0.0,0.0,0.0,0.0,0.0,58540.80859375,0.0,281074.125,0.0,-292.0,0.0,292.0,0.0,-0.49632170718944757,0.0,0.10399522632360458,0.0,FL
326254,FL,1205,245.3316192626953,2,0.0,27015.1953125,32811.5234375,2,0,0.0,0.0,85370.4765625,27466.525390625,0.0,0.0,0.0,27466.525390625,0.0,0.0,0.0,0.0,0.0,0.0,0.0,0.0,0.0,0.0,0.0,0.0,0.0,0.0,0.0,0.0,0.0,0.0,0.0,0.0,0.0,0.0,0.0,0.0,0.0,0.0,0.0,0.0,0.0,0.0,0.0,0.0,0.0,0.0,0.0,0.0,0.0,0.0,0.0,0.0,0.0,0.0,0.0,0.0,0.0,0.0,0.0,0.0,0.0,0.0,0.0,0.0,0.0,0.0,0.0,0.0,0.0,0.0,0.0,0.0,0.0,0.0,0.0,0.0,0.0,0.0,0.0,0.0,0.0,0.0,0.0,0.0,0.0,0.0,0.0,0.0,0.0,0.0,0.0,0.0,0.0,0.0,0.0,0.0,0.0,0.0,85370.4765625,27466.525390625,0.0,0.0,0.0,0.0,0.0,0.0,0.0,0.0,FL
326255,FL,1205,0.03442300483584404,4,1.0,311834.5673828125,429957.5869140625,4,0,73093.16455078125,0.0,371463.5625,21527.587890625,6045.700927734375,0.0,0.0,27573.288818359375,-292.0,0.0,292.0,0.0,-456.0,0.0,456.0,0.0,0.0,0.0,0.0,0.0,0.0,0.0,0.0,0.0,0.0,0.0,0.0,0.0,0.0,0.0,0.0,0.0,0.0,0.0,0.0,0.0,0.0,0.0,0.0,0.0,0.0,0.0,0.0,0.0,0.0,0.0,0.0,0.0,-314.09375,0.0,314.09375,0.0,0.0,0.0,0.0,0.0,0.0,0.0,0.0,0.0,0.0,0.0,0.0,0.0,0.0,0.0,0.0,0.0,0.0,0.0,0.0,0.0,0.0,0.0,0.0,0.0,0.0,0.0,0.0,0.0,0.0,0.0,0.0,0.0,0.0,0.0,0.0,0.0,0.0,0.0,0.0,0.0,72031.07080078125,0.0,372525.65625,27573.288818359375,-1062.09375,0.0,1062.09375,0.0,-1.4530685003549322,0.0,0.2859213948249817,0.0,FL
