Household ID,State,Congressional District,Household Weight,Household Size,Number of Dependents,Employment Income,Adjusted Gross Income,Num with Valid SSN,Num without Valid SSN,Baseline Federal Tax Liability,Baseline State Tax Liability,Baseline Net Income,Baseline Benefits,Baseline Medicaid,Baseline ACA PTC,Baseline CHIP,Baseline Total Benefits,Change in federal tax after Tax Rate Reform,Change in state tax after Tax Rate Reform,Change in net income after Tax Rate Reform,Change in benefits after Tax Rate Reform,Change in federal tax after Standard Deduction Reform,Change in state tax after Standard Deduction Reform,Change in net income after Standard Deduction Reform,Change in benefits after Standard Deduction Reform,Change in federal tax after Exemption Reform,Change in state tax after Exemption Reform,Change in net income after Exemption Reform,Change in benefits after Exemption Reform,Change in federal tax after CTC SSN Requirement,Change in state tax after CTC SSN Requirement,Change in net income after CTC SSN Requirement,Change in benefits after CTC SSN Requirement,Change in federal tax after CTC Expansion,Change in state tax after CTC Expansion,Change in net income after CTC Expansion,Change in benefits after CTC Expansion,Change in federal tax after CDCC Reform,Change in state tax after CDCC Reform,Change in net income after CDCC Reform,Change in benefits after CDCC Reform,Change in federal tax after QBI Deduction Reform,Change in state tax after QBI Deduction Reform,Change in net income after QBI Deduction Reform,Change in benefits after QBI Deduction Reform,Change in federal tax after AMT Reform,Change in state tax after AMT Reform,Change in net income after AMT Reform,Change in benefits after AMT Reform,Change in federal tax after Miscellaneous Reform,Change in state tax after Miscellaneous Reform,Change in net income after Miscellaneous Reform,Change in benefits after Miscellaneous Reform,Change in federal tax after Casualty Loss Repeal,Change in state tax after Casualty Loss Repeal,Change in net income after Casualty Loss Repeal,Change in benefits after Casualty Loss Repeal,Change in federal tax after Other Itemized Deductions Reform,Change in state tax after Other Itemized Deductions Reform,Change in net income after Other Itemized Deductions Reform,Change in benefits after Other Itemized Deductions Reform,Change in federal tax after Limitation on Itemized Deductions Reform,Change in state tax after Limitation on Itemized Deductions Reform,Change in net income after Limitation on Itemized Deductions Reform,Change in benefits after Limitation on Itemized Deductions Reform,Change in federal tax after Estate Tax Reform,Change in state tax after Estate Tax Reform,Change in net income after Estate Tax Reform,Change in benefits after Estate Tax Reform,Change in federal tax after SALT Cap Reform,Change in state tax after SALT Cap Reform,Change in net income after SALT Cap Reform,Change in benefits after SALT Cap Reform,Change in federal tax after Tip Income Exemption,Change in state tax after Tip Income Exemption,Change in net income after Tip Income Exemption,Change in benefits after Tip Income Exemption,Change in federal tax after Overtime Exemption,Change in state tax after Overtime Exemption,Change in net income after Overtime Exemption,Change in benefits after Overtime Exemption,Change in federal tax after Senior Deduction,Change in state tax after Senior Deduction,Change in net income after Senior Deduction,Change in benefits after Senior Deduction,Change in federal tax after Auto Loan Interest,Change in state tax after Auto Loan Interest,Change in net income after Auto Loan Interest,Change in benefits after Auto Loan Interest,Change in federal tax after SNAP Takeup Reform,Change in state tax after SNAP Takeup Reform,Change in net income after SNAP Takeup Reform,Change in benefits after SNAP Takeup Reform,Change in federal tax after ACA Takeup Reform,Change in state tax after ACA Takeup Reform,Change in net income after ACA Takeup Reform,Change in benefits after ACA Takeup Reform,Change in federal tax after Medicaid Takeup Reform,Change in state tax after Medicaid Takeup Reform,Change in net income after Medicaid Takeup Reform,Change in benefits after Medicaid Takeup Reform,Final Federal Tax Liability,Final State Tax Liability,Final Net Income,Final Total Benefits,Total change in federal tax,Total change in state tax,Total change in net income,Total change in benefits,Percentage change in federal tax,Percentage change in state tax,Percentage change in net income,Percentage change in benefits,State Code
275000,FL,1203,12.470913887023926,1,0.0,2787.483154296875,2787.483154296875,1,0,0.0,0.0,2963.35400390625,389.11334228515625,0.0,0.0,0.0,389.11334228515625,0.0,0.0,0.0,0.0,0.0,0.0,0.0,0.0,0.0,0.0,0.0,0.0,0.0,0.0,0.0,0.0,0.0,0.0,0.0,0.0,0.0,0.0,0.0,0.0,0.0,0.0,0.0,0.0,0.0,0.0,0.0,0.0,0.0,0.0,0.0,0.0,0.0,0.0,0.0,0.0,0.0,0.0,0.0,0.0,0.0,0.0,0.0,0.0,0.0,0.0,0.0,0.0,0.0,0.0,0.0,0.0,0.0,0.0,0.0,0.0,0.0,0.0,0.0,0.0,0.0,0.0,0.0,0.0,0.0,0.0,0.0,0.0,0.0,0.0,0.0,0.0,0.0,0.0,0.0,0.0,0.0,0.0,0.0,0.0,0.0,0.0,2963.35400390625,389.11334228515625,0.0,0.0,0.0,0.0,0.0,0.0,0.0,0.0,FL
275001,FL,1203,224.7210693359375,2,0.0,116738.4921875,160047.328125,2,0,24858.984375,0.0,193766.25,19357.361328125,0.0,0.0,0.0,19357.361328125,-131.0,0.0,131.0,0.0,-228.0,0.0,228.0,0.0,0.0,0.0,0.0,0.0,0.0,0.0,0.0,0.0,0.0,0.0,0.0,0.0,0.0,0.0,0.0,0.0,-90.302734375,0.0,90.3125,0.0,0.0,0.0,0.0,0.0,0.0,0.0,0.0,0.0,0.0,0.0,0.0,0.0,-143.1953125,0.0,143.1875,0.0,0.0,0.0,0.0,0.0,0.0,0.0,0.0,0.0,0.0,0.0,0.0,0.0,0.0,0.0,0.0,0.0,0.0,0.0,0.0,0.0,0.0,0.0,0.0,0.0,0.0,0.0,0.0,0.0,0.0,0.0,0.0,0.0,0.0,0.0,0.0,0.0,0.0,0.0,0.0,0.0,24266.486328125,0.0,194358.75,19357.361328125,-592.498046875,0.0,592.5,0.0,-2.3834362576407546,0.0,0.305780827999115,0.0,FL
275002,FL,1203,292.262939453125,2,0.0,15206.2578125,15207.0849609375,2,0,0.0,0.0,55782.37890625,19723.216796875,0.0,0.0,0.0,19723.216796875,0.0,0.0,0.0,0.0,0.0,0.0,0.0,0.0,0.0,0.0,0.0,0.0,0.0,0.0,0.0,0.0,0.0,0.0,0.0,0.0,0.0,0.0,0.0,0.0,0.0,0.0,0.0,0.0,0.0,0.0,0.0,0.0,0.0,0.0,0.0,0.0,0.0,0.0,0.0,0.0,0.0,0.0,0.0,0.0,0.0,0.0,0.0,0.0,0.0,0.0,0.0,0.0,0.0,0.0,0.0,0.0,0.0,0.0,0.0,0.0,0.0,0.0,0.0,0.0,0.0,0.0,0.0,0.0,0.0,0.0,0.0,0.0,0.0,0.0,0.0,0.0,0.0,0.0,0.0,0.0,0.0,0.0,0.0,0.0,0.0,0.0,55782.37890625,19723.216796875,0.0,0.0,0.0,0.0,0.0,0.0,0.0,0.0,FL
275003,FL,1203,0.6301845908164978,4,2.0,300053.453125,317809.90625,4,0,49143.5390625,0.0,260941.390625,0.0,0.0,0.0,0.0,0.0,-292.0,0.0,292.0,0.0,-456.0,0.0,456.0,0.0,0.0,0.0,0.0,0.0,0.0,0.0,0.0,0.0,-400.0,0.0,400.0,0.0,0.0,0.0,0.0,0.0,0.0,0.0,0.0,0.0,0.0,0.0,0.0,0.0,0.0,0.0,0.0,0.0,0.0,0.0,0.0,0.0,0.0,0.0,0.0,0.0,0.0,0.0,0.0,0.0,0.0,0.0,0.0,0.0,0.0,0.0,0.0,0.0,0.0,0.0,0.0,0.0,0.0,0.0,0.0,0.0,0.0,0.0,0.0,0.0,0.0,0.0,0.0,0.0,0.0,0.0,0.0,0.0,0.0,0.0,0.0,0.0,0.0,0.0,0.0,0.0,47995.5390625,0.0,262089.390625,0.0,-1148.0,0.0,1148.0,0.0,-2.3360140964613705,0.0,0.4399455189704895,0.0,FL
275004,FL,1203,0.6985344290733337,4,0.0,553875.703125,607444.5390625,4,0,102724.48828125,0.0,585198.0625,43815.6484375,0.0,0.0,0.0,43815.6484375,-522.0,0.0,522.0,0.0,-874.0,0.0,874.0,0.0,0.0,0.0,0.0,0.0,0.0,0.0,0.0,0.0,0.0,0.0,0.0,0.0,0.0,0.0,0.0,0.0,0.0,0.0,0.0,0.0,0.0,0.0,0.0,0.0,0.0,0.0,0.0,0.0,0.0,0.0,0.0,0.0,-480.0,0.0,480.0,0.0,0.0,0.0,0.0,0.0,0.0,0.0,0.0,0.0,0.0,0.0,0.0,0.0,0.0,0.0,0.0,0.0,0.0,0.0,0.0,0.0,0.0,0.0,0.0,0.0,0.0,0.0,0.0,0.0,0.0,0.0,0.0,0.0,0.0,0.0,0.0,0.0,0.0,0.0,0.0,0.0,100848.48828125,0.0,587074.0625,43815.6484375,-1876.0,0.0,1876.0,0.0,-1.8262441910284217,0.0,0.3205752372741699,0.0,FL
275005,FL,1203,0.5281017422676086,3,1.0,151098.6015625,151436.125,3,0,14303.947265625,0.0,133171.484375,0.0,0.0,0.0,0.0,0.0,-230.0,0.0,230.0,0.0,-418.0,0.0,418.0,0.0,0.0,0.0,0.0,0.0,0.0,0.0,0.0,0.0,-200.0,0.0,200.0,0.0,0.0,0.0,0.0,0.0,0.0,0.0,0.0,0.0,0.0,0.0,0.0,0.0,0.0,0.0,0.0,0.0,0.0,0.0,0.0,0.0,-376.5400390625,0.0,376.53125,0.0,0.0,0.0,0.0,0.0,0.0,0.0,0.0,0.0,0.0,0.0,0.0,0.0,0.0,0.0,0.0,0.0,0.0,0.0,0.0,0.0,0.0,0.0,0.0,0.0,-399.4912109375,0.0,399.5,0.0,0.0,0.0,0.0,0.0,0.0,0.0,0.0,0.0,0.0,0.0,0.0,0.0,12679.916015625,0.0,134795.515625,0.0,-1624.03125,0.0,1624.03125,0.0,-11.353727889523501,0.0,1.2195037603378296,0.0,FL
275006,FL,1203,0.5903508067131042,6,3.0,1176135.8046875,1172813.55078125,5,1,341268.75,0.0,831281.5625,1454.9400634765625,0.0,0.0,0.0,1454.9400634765625,-734.0,0.0,734.0,0.0,-703.0,0.0,703.0,0.0,0.0,0.0,0.0,0.0,0.0,0.0,0.0,0.0,0.0,0.0,0.0,0.0,0.0,0.0,0.0,0.0,-1850.0,0.0,1850.0,0.0,0.0,0.0,0.0,0.0,0.0,0.0,0.0,0.0,0.0,0.0,0.0,0.0,-567.84375,0.0,567.8125,0.0,0.0,0.0,0.0,0.0,0.0,0.0,0.0,0.0,0.0,0.0,0.0,0.0,0.0,0.0,0.0,0.0,0.0,0.0,0.0,0.0,0.0,0.0,0.0,0.0,0.0,0.0,0.0,0.0,0.0,0.0,0.0,0.0,0.0,0.0,0.0,0.0,0.0,0.0,0.0,0.0,337413.90625,0.0,835136.375,1454.9400634765625,-3854.84375,0.0,3854.8125,0.0,-1.1295624782521108,0.0,0.4637192487716675,0.0,FL
275007,FL,1203,0.6312538385391235,2,0.0,93509.552734375,93683.279296875,2,0,7426.112060546875,0.0,91245.3828125,0.0,0.0,8007.58349609375,0.0,8007.58349609375,-115.0,0.0,115.0,0.0,-304.0,0.0,304.0,0.0,0.0,0.0,0.0,0.0,0.0,0.0,0.0,0.0,0.0,0.0,0.0,0.0,0.0,0.0,0.0,0.0,0.0,0.0,0.0,0.0,0.0,0.0,0.0,0.0,0.0,0.0,0.0,0.0,0.0,0.0,0.0,0.0,-99.99993896484375,0.0,100.0,0.0,0.0,0.0,0.0,0.0,0.0,0.0,0.0,0.0,0.0,0.0,0.0,0.0,0.0,0.0,0.0,0.0,0.0,0.0,0.0,0.0,0.0,0.0,0.0,0.0,0.0,0.0,0.0,0.0,0.0,0.0,0.0,0.0,0.0,0.0,0.0,0.0,0.0,0.0,0.0,0.0,6907.112121582031,0.0,91764.3828125,8007.58349609375,-518.9999389648438,0.0,519.0,0.0,-6.988851430375849,0.0,0.568795919418335,0.0,FL
275008,FL,1203,6271.9267578125,4,2.0,83624.49609375,83461.22265625,4,0,-3565.167724609375,0.0,90439.3671875,0.0,5527.08642578125,4119.890625,0.0,9646.97705078125,-5.0,0.0,5.0,0.0,-261.5,0.0,261.5,0.0,0.0,0.0,0.0,0.0,0.0,0.0,0.0,0.0,-400.0,0.0,400.0,0.0,0.0,0.0,0.0,0.0,0.0,0.0,0.0,0.0,0.0,0.0,0.0,0.0,0.0,0.0,0.0,0.0,0.0,0.0,0.0,0.0,0.0,0.0,0.0,0.0,0.0,0.0,0.0,0.0,0.0,0.0,0.0,0.0,0.0,0.0,0.0,0.0,0.0,0.0,0.0,0.0,0.0,0.0,0.0,0.0,0.0,0.0,0.0,0.0,-216.768798828125,0.0,216.7734375,0.0,0.0,0.0,0.0,0.0,0.0,0.0,0.0,0.0,0.0,0.0,0.0,0.0,-4448.4365234375,0.0,91322.640625,9646.97705078125,-883.268798828125,0.0,883.2734375,0.0,-24.774957787572312,0.0,0.9766470789909363,0.0,FL
275009,FL,1203,1162.0606689453125,2,0.0,204036.765625,204070.6875,2,0,27883.55078125,0.0,163295.859375,0.0,0.0,0.0,0.0,0.0,-230.0,0.0,230.0,0.0,-418.0,0.0,418.0,0.0,0.0,0.0,0.0,0.0,0.0,0.0,0.0,0.0,0.0,0.0,0.0,0.0,0.0,0.0,0.0,0.0,0.0,0.0,0.0,0.0,0.0,0.0,0.0,0.0,0.0,0.0,0.0,0.0,0.0,0.0,0.0,0.0,0.0,0.0,0.0,0.0,0.0,0.0,0.0,0.0,0.0,0.0,0.0,0.0,0.0,0.0,0.0,0.0,0.0,0.0,0.0,0.0,0.0,0.0,0.0,0.0,0.0,0.0,0.0,0.0,0.0,0.0,0.0,0.0,0.0,0.0,0.0,0.0,0.0,0.0,0.0,0.0,0.0,0.0,0.0,0.0,27235.55078125,0.0,163943.859375,0.0,-648.0,0.0,648.0,0.0,-2.3239507948024354,0.0,0.39682573080062866,0.0,FL
275010,FL,1203,7109.2685546875,2,0.0,0.0,63956.5546875,2,0,2660.40966796875,0.0,85419.375,18546.4453125,0.0,0.0,0.0,18546.4453125,-10.0,0.0,10.0,0.0,-218.401611328125,0.0,218.3984375,0.0,0.0,0.0,0.0,0.0,0.0,0.0,0.0,0.0,0.0,0.0,0.0,0.0,0.0,0.0,0.0,0.0,0.0,0.0,0.0,0.0,0.0,0.0,0.0,0.0,0.0,0.0,0.0,0.0,0.0,0.0,0.0,0.0,-200.0,0.0,200.0,0.0,0.0,0.0,0.0,0.0,0.0,0.0,0.0,0.0,0.0,0.0,0.0,0.0,0.0,0.0,0.0,0.0,0.0,0.0,0.0,0.0,-1200.0,0.0,1200.0,0.0,0.0,0.0,0.0,0.0,0.0,0.0,0.0,0.0,0.0,0.0,0.0,0.0,0.0,0.0,0.0,0.0,1032.008056640625,0.0,87047.7734375,18546.4453125,-1628.401611328125,0.0,1628.3984375,0.0,-61.20867890889249,0.0,1.9063571691513062,0.0,FL
275011,FL,1203,107.74144744873047,1,0.0,0.0,842.1610717773438,1,0,0.0,0.0,43576.9375,21478.07421875,0.0,0.0,0.0,21478.07421875,0.0,0.0,0.0,0.0,0.0,0.0,0.0,0.0,0.0,0.0,0.0,0.0,0.0,0.0,0.0,0.0,0.0,0.0,0.0,0.0,0.0,0.0,0.0,0.0,0.0,0.0,0.0,0.0,0.0,0.0,0.0,0.0,0.0,0.0,0.0,0.0,0.0,0.0,0.0,0.0,0.0,0.0,0.0,0.0,0.0,0.0,0.0,0.0,0.0,0.0,0.0,0.0,0.0,0.0,0.0,0.0,0.0,0.0,0.0,0.0,0.0,0.0,0.0,0.0,0.0,0.0,0.0,0.0,0.0,0.0,0.0,0.0,0.0,0.0,0.0,0.0,0.0,0.0,0.0,0.0,0.0,0.0,0.0,0.0,0.0,0.0,43576.9375,21478.07421875,0.0,0.0,0.0,0.0,0.0,0.0,0.0,0.0,FL
275012,FL,1203,692.8880004882812,1,0.0,0.0,10114.400390625,1,0,0.0,0.0,56282.14453125,23083.87109375,0.0,0.0,0.0,23083.87109375,0.0,0.0,0.0,0.0,0.0,0.0,0.0,0.0,0.0,0.0,0.0,0.0,0.0,0.0,0.0,0.0,0.0,0.0,0.0,0.0,0.0,0.0,0.0,0.0,0.0,0.0,0.0,0.0,0.0,0.0,0.0,0.0,0.0,0.0,0.0,0.0,0.0,0.0,0.0,0.0,0.0,0.0,0.0,0.0,0.0,0.0,0.0,0.0,0.0,0.0,0.0,0.0,0.0,0.0,0.0,0.0,0.0,0.0,0.0,0.0,0.0,0.0,0.0,0.0,0.0,0.0,0.0,0.0,0.0,0.0,0.0,0.0,0.0,0.0,0.0,0.0,0.0,0.0,0.0,0.0,0.0,0.0,0.0,0.0,0.0,0.0,56282.14453125,23083.87109375,0.0,0.0,0.0,0.0,0.0,0.0,0.0,0.0,FL
275013,FL,1203,106.33780670166016,1,0.0,0.0,0.0,1,0,0.0,0.0,31262.796875,15960.0185546875,0.0,0.0,0.0,15960.0185546875,0.0,0.0,0.0,0.0,0.0,0.0,0.0,0.0,0.0,0.0,0.0,0.0,0.0,0.0,0.0,0.0,0.0,0.0,0.0,0.0,0.0,0.0,0.0,0.0,0.0,0.0,0.0,0.0,0.0,0.0,0.0,0.0,0.0,0.0,0.0,0.0,0.0,0.0,0.0,0.0,0.0,0.0,0.0,0.0,0.0,0.0,0.0,0.0,0.0,0.0,0.0,0.0,0.0,0.0,0.0,0.0,0.0,0.0,0.0,0.0,0.0,0.0,0.0,0.0,0.0,0.0,0.0,0.0,0.0,0.0,0.0,0.0,0.0,0.0,0.0,0.0,0.0,0.0,0.0,0.0,0.0,0.0,0.0,0.0,0.0,0.0,31262.796875,15960.0185546875,0.0,0.0,0.0,0.0,0.0,0.0,0.0,0.0,FL
275014,FL,1203,2.1096537113189697,2,0.0,235800.0625,420497.1875,2,0,78168.5625,0.0,332410.1875,0.0,0.0,0.0,0.0,0.0,-292.0,0.0,292.0,0.0,-456.0,0.0,456.0,0.0,0.0,0.0,0.0,0.0,0.0,0.0,0.0,0.0,0.0,0.0,0.0,0.0,0.0,0.0,0.0,0.0,0.0,0.0,0.0,0.0,0.0,0.0,0.0,0.0,0.0,0.0,0.0,0.0,0.0,0.0,0.0,0.0,0.0,0.0,0.0,0.0,0.0,0.0,0.0,0.0,0.0,0.0,0.0,0.0,0.0,0.0,0.0,0.0,0.0,0.0,0.0,0.0,0.0,0.0,0.0,0.0,0.0,0.0,0.0,0.0,0.0,0.0,0.0,0.0,0.0,0.0,0.0,0.0,0.0,0.0,0.0,0.0,0.0,0.0,0.0,0.0,77420.5625,0.0,333158.1875,0.0,-748.0,0.0,748.0,0.0,-0.9569064289752034,0.0,0.22502318024635315,0.0,FL
275015,FL,1203,1.0509350299835205,1,0.0,0.0,55976.53125,1,0,4410.18359375,0.0,103311.21875,45923.34375,0.0,0.0,0.0,45923.34375,-5.0,0.0,5.0,0.0,-114.0,0.0,114.0,0.0,0.0,0.0,0.0,0.0,0.0,0.0,0.0,0.0,0.0,0.0,0.0,0.0,0.0,0.0,0.0,0.0,0.0,0.0,0.0,0.0,0.0,0.0,0.0,0.0,0.0,0.0,0.0,0.0,0.0,0.0,0.0,0.0,0.0,0.0,0.0,0.0,0.0,0.0,0.0,0.0,0.0,0.0,0.0,0.0,0.0,0.0,0.0,0.0,0.0,0.0,0.0,0.0,0.0,0.0,0.0,0.0,-719.999755859375,0.0,720.0,0.0,0.0,0.0,0.0,0.0,0.0,0.0,0.0,0.0,0.0,0.0,0.0,0.0,0.0,0.0,0.0,0.0,3571.183837890625,0.0,104150.21875,45923.34375,-838.999755859375,0.0,839.0,0.0,-19.024145775889785,0.0,0.8121092915534973,0.0,FL
275016,FL,1203,1342.7689208984375,3,0.0,161157.33203125,161487.43359375,3,0,14892.70703125,0.0,147375.59375,0.0,0.0,0.0,0.0,0.0,-125.0,0.0,125.0,0.0,-436.9991455078125,0.0,437.0,0.0,0.0,0.0,0.0,0.0,0.0,0.0,0.0,0.0,0.0,0.0,0.0,0.0,0.0,0.0,0.0,0.0,0.0,0.0,0.0,0.0,0.0,0.0,0.0,0.0,0.0,0.0,0.0,0.0,0.0,0.0,0.0,0.0,0.0,0.0,0.0,0.0,0.0,0.0,0.0,0.0,0.0,0.0,0.0,0.0,0.0,0.0,0.0,0.0,0.0,0.0,0.0,0.0,-1804.24609375,0.0,1804.25,0.0,0.0,0.0,0.0,0.0,0.0,0.0,0.0,0.0,0.0,0.0,0.0,0.0,0.0,0.0,0.0,0.0,0.0,0.0,0.0,0.0,12526.461791992188,0.0,149741.84375,0.0,-2366.2452392578125,0.0,2366.25,0.0,-15.888617390328164,0.0,1.6055915355682373,0.0,FL
275017,FL,1203,1827.4390869140625,4,2.0,73534.578125,117075.25,4,0,3664.0361328125,0.0,115859.8203125,0.0,0.0,0.0,0.0,0.0,-10.0,0.0,10.0,0.0,-228.0,0.0,228.0,0.0,0.0,0.0,0.0,0.0,0.0,0.0,0.0,0.0,-400.0,0.0,400.0,0.0,0.0,0.0,0.0,0.0,0.0,0.0,0.0,0.0,0.0,0.0,0.0,0.0,0.0,0.0,0.0,0.0,0.0,0.0,0.0,0.0,-240.0,0.0,240.0,0.0,0.0,0.0,0.0,0.0,0.0,0.0,0.0,0.0,0.0,0.0,0.0,0.0,0.0,0.0,0.0,0.0,-256.74169921875,0.0,256.7421875,0.0,0.0,0.0,0.0,0.0,0.0,0.0,0.0,0.0,0.0,0.0,0.0,0.0,0.0,0.0,0.0,0.0,0.0,0.0,0.0,0.0,2529.29443359375,0.0,116994.5625,0.0,-1134.74169921875,0.0,1134.7421875,0.0,-30.969719131774138,0.0,0.9794095754623413,0.0,FL
275018,FL,1203,1113.2645263671875,1,0.0,0.0,24094.314453125,1,0,551.5451049804688,0.0,25678.095703125,2129.486328125,0.0,0.0,0.0,2129.486328125,0.0,0.0,0.0,0.0,-76.0,0.0,76.0,0.0,0.0,0.0,0.0,0.0,0.0,0.0,0.0,0.0,0.0,0.0,0.0,0.0,0.0,0.0,0.0,0.0,-381.11366271972656,0.0,381.11328125,0.0,0.0,0.0,0.0,0.0,0.0,0.0,0.0,0.0,0.0,0.0,0.0,0.0,0.0,0.0,0.0,0.0,0.0,0.0,0.0,0.0,0.0,0.0,0.0,0.0,0.0,0.0,0.0,0.0,0.0,0.0,0.0,0.0,0.0,0.0,0.0,0.0,-94.43144226074219,0.0,94.431640625,0.0,0.0,0.0,0.0,0.0,0.0,0.0,0.0,0.0,0.0,0.0,0.0,0.0,0.0,0.0,0.0,0.0,0.0,0.0,26229.640625,2129.486328125,-551.5451049804688,0.0,551.544921875,0.0,-100.0,0.0,2.1479198932647705,0.0,FL
275019,FL,1203,92.45549011230469,1,0.0,261730.671875,286087.5,1,0,63904.41796875,0.0,221440.0,0.0,0.0,0.0,0.0,0.0,-362.25,0.0,362.25,0.0,0.0,0.0,0.0,0.0,0.0,0.0,0.0,0.0,0.0,0.0,0.0,0.0,0.0,0.0,0.0,0.0,0.0,0.0,0.0,0.0,0.0,0.0,0.0,0.0,0.0,0.0,0.0,0.0,0.0,0.0,0.0,0.0,0.0,0.0,0.0,0.0,-51.1640625,0.0,51.171875,0.0,0.0,0.0,0.0,0.0,0.0,0.0,0.0,0.0,0.0,0.0,0.0,0.0,0.0,0.0,0.0,0.0,0.0,0.0,0.0,0.0,0.0,0.0,0.0,0.0,0.0,0.0,0.0,0.0,0.0,0.0,0.0,0.0,0.0,0.0,0.0,0.0,0.0,0.0,0.0,0.0,63491.00390625,0.0,221853.421875,0.0,-413.4140625,0.0,413.421875,0.0,-0.6469256361933603,0.0,0.18669702112674713,0.0,FL
275020,FL,1203,2.7345569133758545,4,2.0,968767.8774414062,1078123.25,4,0,314769.8125,0.0,808333.5,0.0,0.0,0.0,0.0,0.0,-734.0,0.0,734.0,0.0,-703.0,0.0,703.0,0.0,0.0,0.0,0.0,0.0,0.0,0.0,0.0,0.0,0.0,0.0,0.0,0.0,0.0,0.0,0.0,0.0,-1850.0,0.0,1850.0,0.0,0.0,0.0,0.0,0.0,0.0,0.0,0.0,0.0,0.0,0.0,0.0,0.0,-740.0,0.0,740.0,0.0,0.0,0.0,0.0,0.0,0.0,0.0,0.0,0.0,0.0,0.0,0.0,0.0,0.0,0.0,0.0,0.0,0.0,0.0,0.0,0.0,0.0,0.0,0.0,0.0,0.0,0.0,0.0,0.0,0.0,0.0,0.0,0.0,0.0,0.0,0.0,0.0,0.0,0.0,0.0,0.0,310742.8125,0.0,812360.5,0.0,-4027.0,0.0,4027.0,0.0,-1.2793475867384836,0.0,0.4981854557991028,0.0,FL
275021,FL,1203,941.4339599609375,2,0.0,156233.1015625,173511.9921875,2,0,23341.466796875,0.0,141473.703125,0.0,0.0,0.0,0.0,0.0,-136.0,0.0,136.0,0.0,-341.9998779296875,0.0,342.0,0.0,0.0,0.0,0.0,0.0,0.0,0.0,0.0,0.0,0.0,0.0,0.0,0.0,0.0,0.0,0.0,0.0,-47.8125,0.0,47.8125,0.0,0.0,0.0,0.0,0.0,0.0,0.0,0.0,0.0,0.0,0.0,0.0,0.0,0.0,0.0,0.0,0.0,0.0,0.0,0.0,0.0,0.0,0.0,0.0,0.0,0.0,0.0,0.0,0.0,0.0,0.0,0.0,0.0,0.0,0.0,0.0,0.0,0.0,0.0,0.0,0.0,0.0,0.0,0.0,0.0,0.0,0.0,0.0,0.0,0.0,0.0,0.0,0.0,0.0,0.0,0.0,0.0,22815.654418945312,0.0,141999.515625,0.0,-525.8123779296875,0.0,525.8125,0.0,-2.2526963815319623,0.0,0.3716680109500885,0.0,FL
275022,FL,1203,205.20481872558594,2,0.0,0.0,4.136350989341736,2,0,0.0,0.0,27129.849609375,660.0,26463.767578125,0.0,0.0,27123.767578125,0.0,0.0,0.0,0.0,0.0,0.0,0.0,0.0,0.0,0.0,0.0,0.0,0.0,0.0,0.0,0.0,0.0,0.0,0.0,0.0,0.0,0.0,0.0,0.0,0.0,0.0,0.0,0.0,0.0,0.0,0.0,0.0,0.0,0.0,0.0,0.0,0.0,0.0,0.0,0.0,0.0,0.0,0.0,0.0,0.0,0.0,0.0,0.0,0.0,0.0,0.0,0.0,0.0,0.0,0.0,0.0,0.0,0.0,0.0,0.0,0.0,0.0,0.0,0.0,0.0,0.0,0.0,0.0,0.0,0.0,0.0,0.0,0.0,0.0,0.0,0.0,0.0,0.0,0.0,0.0,0.0,0.0,0.0,0.0,0.0,0.0,27129.849609375,27123.767578125,0.0,0.0,0.0,0.0,0.0,0.0,0.0,0.0,FL
275023,FL,1203,56.89787673950195,2,0.0,0.0,21.50902557373047,2,0,0.0,0.0,71727.921875,35991.98828125,0.0,0.0,0.0,35991.98828125,0.0,0.0,0.0,0.0,0.0,0.0,0.0,0.0,0.0,0.0,0.0,0.0,0.0,0.0,0.0,0.0,0.0,0.0,0.0,0.0,0.0,0.0,0.0,0.0,0.0,0.0,0.0,0.0,0.0,0.0,0.0,0.0,0.0,0.0,0.0,0.0,0.0,0.0,0.0,0.0,0.0,0.0,0.0,0.0,0.0,0.0,0.0,0.0,0.0,0.0,0.0,0.0,0.0,0.0,0.0,0.0,0.0,0.0,0.0,0.0,0.0,0.0,0.0,0.0,0.0,0.0,0.0,0.0,0.0,0.0,0.0,0.0,0.0,0.0,0.0,0.0,0.0,0.0,0.0,0.0,0.0,0.0,0.0,0.0,0.0,0.0,71727.921875,35991.98828125,0.0,0.0,0.0,0.0,0.0,0.0,0.0,0.0,FL
275024,FL,1203,0.17119568586349487,2,0.0,90393.501953125,197537.109375,2,0,25720.1640625,0.0,258108.421875,33552.7578125,0.0,0.0,0.0,33552.7578125,-230.0,0.0,230.0,0.0,-418.0,0.0,418.0,0.0,0.0,0.0,0.0,0.0,0.0,0.0,0.0,0.0,0.0,0.0,0.0,0.0,0.0,0.0,0.0,0.0,0.0,0.0,0.0,0.0,0.0,0.0,0.0,0.0,0.0,0.0,0.0,0.0,0.0,0.0,0.0,0.0,0.0,0.0,0.0,0.0,0.0,0.0,0.0,0.0,0.0,0.0,0.0,0.0,0.0,0.0,0.0,0.0,0.0,0.0,0.0,0.0,0.0,0.0,0.0,0.0,-2012.5078125,0.0,2012.5,0.0,-271.0859375,0.0,271.09375,0.0,0.0,0.0,0.0,0.0,0.0,0.0,0.0,0.0,0.0,0.0,0.0,0.0,22788.5703125,0.0,261040.015625,33552.7578125,-2931.59375,0.0,2931.59375,0.0,-11.398036742208282,0.0,1.1357994079589844,0.0,FL
275025,FL,1203,0.1395995020866394,1,0.0,1249167.625,1413426.0,1,0,457549.5,0.0,946385.8125,0.0,0.0,0.0,0.0,0.0,-350.25,0.0,350.25,0.0,-351.5,0.0,351.5,0.0,0.0,0.0,0.0,0.0,0.0,0.0,0.0,0.0,0.0,0.0,0.0,0.0,0.0,0.0,0.0,0.0,-1850.0,0.0,1850.0,0.0,0.0,0.0,0.0,0.0,0.0,0.0,0.0,0.0,0.0,0.0,0.0,0.0,0.0,0.0,0.0,0.0,0.0,0.0,0.0,0.0,0.0,0.0,0.0,0.0,0.0,0.0,0.0,0.0,0.0,0.0,0.0,0.0,0.0,0.0,0.0,0.0,0.0,0.0,0.0,0.0,0.0,0.0,0.0,0.0,0.0,0.0,0.0,0.0,0.0,0.0,0.0,0.0,0.0,0.0,0.0,0.0,454997.75,0.0,948937.5625,0.0,-2551.75,0.0,2551.75,0.0,-0.5576992216142734,0.0,0.269631028175354,0.0,FL
275026,FL,1203,62.715824127197266,1,0.0,4065.07958984375,4065.07958984375,0,1,0.0,0.0,10245.80859375,6491.70751953125,0.0,0.0,0.0,6491.70751953125,0.0,0.0,0.0,0.0,0.0,0.0,0.0,0.0,0.0,0.0,0.0,0.0,0.0,0.0,0.0,0.0,0.0,0.0,0.0,0.0,0.0,0.0,0.0,0.0,0.0,0.0,0.0,0.0,0.0,0.0,0.0,0.0,0.0,0.0,0.0,0.0,0.0,0.0,0.0,0.0,0.0,0.0,0.0,0.0,0.0,0.0,0.0,0.0,0.0,0.0,0.0,0.0,0.0,0.0,0.0,0.0,0.0,0.0,0.0,0.0,0.0,0.0,0.0,0.0,0.0,0.0,0.0,0.0,0.0,0.0,0.0,0.0,0.0,0.0,0.0,0.0,0.0,0.0,0.0,0.0,0.0,0.0,0.0,0.0,0.0,0.0,10245.80859375,6491.70751953125,0.0,0.0,0.0,0.0,0.0,0.0,0.0,0.0,FL
275027,FL,1203,0.39412280917167664,1,0.0,62799.1953125,62799.1953125,0,1,5474.9033203125,0.0,53600.78125,0.0,0.0,0.0,0.0,0.0,-5.0,0.0,5.0,0.0,-114.0,0.0,114.0,0.0,0.0,0.0,0.0,0.0,0.0,0.0,0.0,0.0,0.0,0.0,0.0,0.0,0.0,0.0,0.0,0.0,0.0,0.0,0.0,0.0,0.0,0.0,0.0,0.0,0.0,0.0,0.0,0.0,0.0,0.0,0.0,0.0,0.0,0.0,0.0,0.0,0.0,0.0,0.0,0.0,0.0,0.0,0.0,0.0,0.0,0.0,0.0,0.0,0.0,0.0,0.0,0.0,0.0,0.0,0.0,0.0,0.0,0.0,0.0,0.0,-129.70458984375,0.0,129.70703125,0.0,0.0,0.0,0.0,0.0,0.0,0.0,0.0,0.0,0.0,0.0,0.0,0.0,5226.19873046875,0.0,53849.48828125,0.0,-248.70458984375,0.0,248.70703125,0.0,-4.542629801717746,0.0,0.4639988839626312,0.0,FL
275028,FL,1203,0.1711745709180832,2,0.0,597758.59375,604148.0625,2,0,139325.421875,0.0,509167.9375,0.0,0.0,0.0,0.0,0.0,-749.0,0.0,749.0,0.0,-665.0,0.0,665.0,0.0,0.0,0.0,0.0,0.0,0.0,0.0,0.0,0.0,0.0,0.0,0.0,0.0,0.0,0.0,0.0,0.0,0.0,0.0,0.0,0.0,0.0,0.0,0.0,0.0,0.0,0.0,0.0,0.0,0.0,0.0,0.0,0.0,0.0,0.0,0.0,0.0,0.0,0.0,0.0,0.0,0.0,0.0,0.0,0.0,0.0,0.0,0.0,0.0,0.0,0.0,0.0,0.0,0.0,0.0,0.0,0.0,0.0,0.0,0.0,0.0,0.0,0.0,0.0,0.0,0.0,0.0,0.0,0.0,0.0,0.0,0.0,0.0,0.0,0.0,0.0,0.0,137911.421875,0.0,510581.9375,0.0,-1414.0,0.0,1414.0,0.0,-1.014890162161944,0.0,0.2777079939842224,0.0,FL
275029,FL,1203,0.13957282900810242,4,2.0,351484.59375,560666.875,3,1,120629.65625,0.0,432085.4375,0.0,0.0,0.0,0.0,0.0,-764.0,0.0,764.0,0.0,-608.0,0.0,608.0,0.0,0.0,0.0,0.0,0.0,0.0,0.0,0.0,0.0,0.0,0.0,0.0,0.0,0.0,0.0,0.0,0.0,-1600.0,0.0,1600.0,0.0,0.0,0.0,0.0,0.0,0.0,0.0,0.0,0.0,0.0,0.0,0.0,0.0,-640.0,0.0,640.0,0.0,0.0,0.0,0.0,0.0,0.0,0.0,0.0,0.0,0.0,0.0,0.0,0.0,0.0,0.0,0.0,0.0,0.0,0.0,0.0,0.0,0.0,0.0,0.0,0.0,0.0,0.0,0.0,0.0,0.0,0.0,0.0,0.0,0.0,0.0,0.0,0.0,0.0,0.0,0.0,0.0,117017.65625,0.0,435697.4375,0.0,-3612.0,0.0,3612.0,0.0,-2.9942885624363207,0.0,0.8359458446502686,0.0,FL
275030,FL,1203,0.19734802842140198,3,1.0,366156.99267578125,408348.375,3,0,74986.296875,0.0,339503.125,0.0,0.0,0.0,0.0,0.0,-292.0,0.0,292.0,0.0,-456.0,0.0,456.0,0.0,0.0,0.0,0.0,0.0,0.0,0.0,0.0,0.0,0.0,0.0,0.0,0.0,0.0,0.0,0.0,0.0,0.0,0.0,0.0,0.0,0.0,0.0,0.0,0.0,0.0,0.0,0.0,0.0,0.0,0.0,0.0,0.0,-480.0,0.0,480.0,0.0,0.0,0.0,0.0,0.0,0.0,0.0,0.0,0.0,0.0,0.0,0.0,0.0,0.0,0.0,0.0,0.0,0.0,0.0,0.0,0.0,0.0,0.0,0.0,0.0,0.0,0.0,0.0,0.0,0.0,0.0,0.0,0.0,0.0,0.0,0.0,0.0,0.0,0.0,0.0,0.0,73758.296875,0.0,340731.125,0.0,-1228.0,0.0,1228.0,0.0,-1.637632542445776,0.0,0.36170506477355957,0.0,FL
275031,FL,1203,63.443328857421875,3,1.0,0.0,8.27270221710205,3,0,0.0,0.0,10736.33203125,1130.9622802734375,9327.858642578125,0.0,0.0,10458.820922851562,0.0,0.0,0.0,0.0,0.0,0.0,0.0,0.0,0.0,0.0,0.0,0.0,0.0,0.0,0.0,0.0,0.0,0.0,0.0,0.0,0.0,0.0,0.0,0.0,0.0,0.0,0.0,0.0,0.0,0.0,0.0,0.0,0.0,0.0,0.0,0.0,0.0,0.0,0.0,0.0,0.0,0.0,0.0,0.0,0.0,0.0,0.0,0.0,0.0,0.0,0.0,0.0,0.0,0.0,0.0,0.0,0.0,0.0,0.0,0.0,0.0,0.0,0.0,0.0,0.0,0.0,0.0,0.0,0.0,0.0,0.0,0.0,0.0,0.0,0.0,0.0,0.0,0.0,0.0,0.0,0.0,0.0,0.0,0.0,0.0,0.0,10736.33203125,10458.820922851562,0.0,0.0,0.0,0.0,0.0,0.0,0.0,0.0,FL
275032,FL,1203,159.6722869873047,1,0.0,0.0,0.0,1,0,0.0,0.0,49846.359375,23195.119140625,13231.8837890625,0.0,0.0,36427.0029296875,0.0,0.0,0.0,0.0,0.0,0.0,0.0,0.0,0.0,0.0,0.0,0.0,0.0,0.0,0.0,0.0,0.0,0.0,0.0,0.0,0.0,0.0,0.0,0.0,0.0,0.0,0.0,0.0,0.0,0.0,0.0,0.0,0.0,0.0,0.0,0.0,0.0,0.0,0.0,0.0,0.0,0.0,0.0,0.0,0.0,0.0,0.0,0.0,0.0,0.0,0.0,0.0,0.0,0.0,0.0,0.0,0.0,0.0,0.0,0.0,0.0,0.0,0.0,0.0,0.0,0.0,0.0,0.0,0.0,0.0,0.0,0.0,0.0,0.0,0.0,0.0,0.0,0.0,0.0,0.0,0.0,0.0,0.0,0.0,0.0,0.0,49846.359375,36427.0029296875,0.0,0.0,0.0,0.0,0.0,0.0,0.0,0.0,FL
275033,FL,1203,0.12854042649269104,3,1.0,399154.15625,451098.5,3,0,88826.0234375,0.0,417857.875,0.0,0.0,0.0,0.0,0.0,-764.0,0.0,764.0,0.0,-609.9921875,0.0,610.0,0.0,0.0,0.0,0.0,0.0,0.0,0.0,0.0,0.0,0.0,0.0,0.0,0.0,0.0,0.0,0.0,0.0,-1504.765625,0.0,1504.75,0.0,0.0,0.0,0.0,0.0,0.0,0.0,0.0,0.0,0.0,0.0,0.0,0.0,-640.0,0.0,640.0,0.0,0.0,0.0,0.0,0.0,0.0,0.0,0.0,0.0,0.0,0.0,0.0,0.0,0.0,0.0,0.0,0.0,0.0,0.0,0.0,0.0,0.0,0.0,0.0,0.0,0.0,0.0,0.0,0.0,0.0,0.0,0.0,0.0,0.0,0.0,0.0,0.0,0.0,0.0,0.0,0.0,85307.265625,0.0,421376.625,0.0,-3518.7578125,0.0,3518.75,0.0,-3.961404188014651,0.0,0.8420925736427307,0.0,FL
275034,FL,1203,0.12277920544147491,6,3.0,357956.984375,365540.53125,6,0,67560.376953125,0.0,313304.71875,5681.2060546875,0.0,0.0,0.0,5681.2060546875,-505.421875,0.0,505.40625,0.0,-725.25,0.0,725.25,0.0,0.0,0.0,0.0,0.0,0.0,0.0,0.0,0.0,-600.0,0.0,600.0,0.0,0.0,0.0,0.0,0.0,0.0,0.0,0.0,0.0,0.0,0.0,0.0,0.0,0.0,0.0,0.0,0.0,0.0,0.0,0.0,0.0,-104.41015625,0.0,104.4375,0.0,0.0,0.0,0.0,0.0,0.0,0.0,0.0,0.0,0.0,0.0,0.0,0.0,0.0,0.0,0.0,0.0,0.0,0.0,0.0,0.0,0.0,0.0,0.0,0.0,0.0,0.0,0.0,0.0,0.0,0.0,0.0,0.0,0.0,0.0,0.0,0.0,0.0,0.0,0.0,0.0,65625.294921875,0.0,315239.8125,5681.2060546875,-1935.08203125,0.0,1935.09375,0.0,-2.864226220337116,0.0,0.6176395416259766,0.0,FL
275035,FL,1203,0.33404025435447693,2,0.0,175527.3984375,179741.5,2,0,21143.583984375,0.0,159780.90625,0.0,0.0,0.0,0.0,0.0,-230.0,0.0,230.0,0.0,0.0,0.0,0.0,0.0,0.0,0.0,0.0,0.0,0.0,0.0,0.0,0.0,0.0,0.0,0.0,0.0,0.0,0.0,0.0,0.0,0.0,0.0,0.0,0.0,0.0,0.0,0.0,0.0,0.0,0.0,0.0,0.0,0.0,0.0,0.0,0.0,0.0,0.0,0.0,0.0,0.0,0.0,0.0,0.0,0.0,0.0,0.0,0.0,-2896.4921875,0.0,2896.5,0.0,0.0,0.0,0.0,0.0,0.0,0.0,0.0,0.0,0.0,0.0,0.0,0.0,0.0,0.0,0.0,0.0,0.0,0.0,0.0,0.0,0.0,0.0,0.0,0.0,0.0,0.0,0.0,0.0,18017.091796875,0.0,162907.40625,0.0,-3126.4921875,0.0,3126.5,0.0,-14.786954708390319,0.0,1.9567419290542603,0.0,FL
275036,FL,1203,0.15743252635002136,3,0.0,284125.5,343567.671875,2,1,50066.8515625,0.0,348948.5,0.0,0.0,0.0,0.0,0.0,-345.0,0.0,345.0,0.0,-627.0,0.0,627.0,0.0,0.0,0.0,0.0,0.0,0.0,0.0,0.0,0.0,0.0,0.0,0.0,0.0,0.0,0.0,0.0,0.0,0.0,0.0,0.0,0.0,0.0,0.0,0.0,0.0,0.0,0.0,0.0,0.0,0.0,0.0,0.0,0.0,-281.890625,0.0,281.875,0.0,0.0,0.0,0.0,0.0,0.0,0.0,0.0,0.0,0.0,0.0,0.0,0.0,0.0,0.0,0.0,0.0,0.0,0.0,0.0,0.0,0.0,0.0,0.0,0.0,0.0,0.0,0.0,0.0,0.0,0.0,0.0,0.0,0.0,0.0,0.0,0.0,0.0,0.0,0.0,0.0,48812.9609375,0.0,350202.375,0.0,-1253.890625,0.0,1253.875,0.0,-2.504432745156203,0.0,0.3593295216560364,0.0,FL
275037,FL,1203,83.99107360839844,2,0.0,8724.685546875,8793.146725654602,1,1,0.0,0.0,11020.5986328125,0.0,0.0,0.0,0.0,0.0,0.0,0.0,0.0,0.0,0.0,0.0,0.0,0.0,0.0,0.0,0.0,0.0,0.0,0.0,0.0,0.0,0.0,0.0,0.0,0.0,0.0,0.0,0.0,0.0,0.0,0.0,0.0,0.0,0.0,0.0,0.0,0.0,0.0,0.0,0.0,0.0,0.0,0.0,0.0,0.0,0.0,0.0,0.0,0.0,0.0,0.0,0.0,0.0,0.0,0.0,0.0,0.0,0.0,0.0,0.0,0.0,0.0,0.0,0.0,0.0,0.0,0.0,0.0,0.0,0.0,0.0,0.0,0.0,0.0,0.0,0.0,0.0,0.0,0.0,0.0,0.0,0.0,0.0,0.0,0.0,0.0,0.0,0.0,0.0,0.0,0.0,11020.5986328125,0.0,0.0,0.0,0.0,0.0,0.0,0.0,0.0,0.0,FL
275038,FL,1203,0.24226921796798706,5,3.0,164944.46875,186294.703125,5,0,14408.900390625,0.0,194411.0,0.0,0.0,0.0,0.0,0.0,-230.0,0.0,230.0,0.0,0.0,0.0,0.0,0.0,0.0,0.0,0.0,0.0,0.0,0.0,0.0,0.0,-600.0,0.0,600.0,0.0,0.0,0.0,0.0,0.0,-298.9453125,0.0,298.953125,0.0,0.0,0.0,0.0,0.0,0.0,0.0,0.0,0.0,0.0,0.0,0.0,0.0,0.0,0.0,0.0,0.0,0.0,0.0,0.0,0.0,0.0,0.0,0.0,0.0,-513.291015625,0.0,513.296875,0.0,0.0,0.0,0.0,0.0,0.0,0.0,0.0,0.0,0.0,0.0,0.0,0.0,-428.501953125,0.0,428.5,0.0,0.0,0.0,0.0,0.0,0.0,0.0,0.0,0.0,0.0,0.0,0.0,0.0,12338.162109375,0.0,196481.75,0.0,-2070.73828125,0.0,2070.75,0.0,-14.37124433587801,0.0,1.0651403665542603,0.0,FL
275039,FL,1203,0.46443700790405273,1,0.0,44135.15234375,44135.15234375,1,0,3235.21826171875,0.0,46811.0703125,0.0,0.0,9287.474609375,0.0,9287.474609375,-5.0,0.0,5.0,0.0,-114.0,0.0,114.0,0.0,0.0,0.0,0.0,0.0,0.0,0.0,0.0,0.0,0.0,0.0,0.0,0.0,0.0,0.0,0.0,0.0,0.0,0.0,0.0,0.0,0.0,0.0,0.0,0.0,0.0,0.0,0.0,0.0,0.0,0.0,0.0,0.0,0.0,0.0,0.0,0.0,0.0,0.0,0.0,0.0,0.0,0.0,0.0,0.0,0.0,0.0,0.0,0.0,0.0,0.0,0.0,0.0,0.0,0.0,0.0,0.0,0.0,0.0,0.0,0.0,-387.81640625,0.0,387.8125,0.0,0.0,0.0,0.0,0.0,0.0,0.0,0.0,0.0,0.0,0.0,0.0,0.0,2728.40185546875,0.0,47317.8828125,9287.474609375,-506.81640625,0.0,506.8125,0.0,-15.665601676616014,0.0,1.0826765298843384,0.0,FL
275040,FL,1203,306.61993408203125,2,0.0,0.0,0.8272702097892761,2,0,0.0,0.0,61158.9296875,25997.30078125,26463.767578125,0.0,0.0,52461.068359375,0.0,0.0,0.0,0.0,0.0,0.0,0.0,0.0,0.0,0.0,0.0,0.0,0.0,0.0,0.0,0.0,0.0,0.0,0.0,0.0,0.0,0.0,0.0,0.0,0.0,0.0,0.0,0.0,0.0,0.0,0.0,0.0,0.0,0.0,0.0,0.0,0.0,0.0,0.0,0.0,0.0,0.0,0.0,0.0,0.0,0.0,0.0,0.0,0.0,0.0,0.0,0.0,0.0,0.0,0.0,0.0,0.0,0.0,0.0,0.0,0.0,0.0,0.0,0.0,0.0,0.0,0.0,0.0,0.0,0.0,0.0,0.0,0.0,0.0,-6588.71875,-6588.71875,0.0,0.0,0.0,0.0,0.0,0.0,0.0,0.0,0.0,0.0,54570.2109375,45872.349609375,0.0,0.0,-6588.71875,-6588.71875,0.0,0.0,-10.773109436035156,-12.559253854430072,FL
275041,FL,1203,0.18918071687221527,5,1.0,42973.6982421875,91488.2451171875,5,0,5380.97021484375,0.0,118840.78125,12196.8173828125,26463.767578125,0.0,0.0,38660.5849609375,-10.0,0.0,10.0,0.0,-228.0,0.0,228.0,0.0,0.0,0.0,0.0,0.0,0.0,0.0,0.0,0.0,0.0,0.0,0.0,0.0,0.0,0.0,0.0,0.0,0.0,0.0,0.0,0.0,0.0,0.0,0.0,0.0,0.0,0.0,0.0,0.0,0.0,0.0,0.0,0.0,-235.9453125,0.0,235.9453125,0.0,0.0,0.0,0.0,0.0,0.0,0.0,0.0,0.0,0.0,0.0,0.0,0.0,0.0,0.0,0.0,0.0,0.0,0.0,0.0,0.0,0.0,0.0,0.0,0.0,0.0,0.0,0.0,0.0,0.0,0.0,0.0,0.0,0.0,0.0,0.0,0.0,0.0,0.0,0.0,0.0,4907.02490234375,0.0,119314.7265625,38660.5849609375,-473.9453125,0.0,473.9453125,0.0,-8.807804049771388,0.0,0.39880695939064026,0.0,FL
275042,FL,1203,0.16374538838863373,4,2.0,314945.57958984375,320878.90625,4,0,52933.81640625,0.0,291251.9375,0.0,0.0,0.0,0.0,0.0,-292.0,0.0,292.0,0.0,-456.0,0.0,456.0,0.0,0.0,0.0,0.0,0.0,0.0,0.0,0.0,0.0,-200.0,0.0,200.0,0.0,0.0,0.0,0.0,0.0,0.0,0.0,0.0,0.0,0.0,0.0,0.0,0.0,0.0,0.0,0.0,0.0,0.0,0.0,0.0,0.0,-480.0,0.0,480.0,0.0,0.0,0.0,0.0,0.0,0.0,0.0,0.0,0.0,0.0,0.0,0.0,0.0,0.0,0.0,0.0,0.0,0.0,0.0,0.0,0.0,0.0,0.0,0.0,0.0,0.0,0.0,0.0,0.0,0.0,0.0,0.0,0.0,0.0,0.0,0.0,0.0,0.0,0.0,0.0,0.0,51505.81640625,0.0,292679.9375,0.0,-1428.0,0.0,1428.0,0.0,-2.697708378025419,0.0,0.4902971386909485,0.0,FL
275043,FL,1203,35.98200607299805,1,0.0,0.0,421.90777587890625,1,0,0.0,0.0,44957.47265625,23410.142578125,0.0,0.0,0.0,23410.142578125,0.0,0.0,0.0,0.0,0.0,0.0,0.0,0.0,0.0,0.0,0.0,0.0,0.0,0.0,0.0,0.0,0.0,0.0,0.0,0.0,0.0,0.0,0.0,0.0,0.0,0.0,0.0,0.0,0.0,0.0,0.0,0.0,0.0,0.0,0.0,0.0,0.0,0.0,0.0,0.0,0.0,0.0,0.0,0.0,0.0,0.0,0.0,0.0,0.0,0.0,0.0,0.0,0.0,0.0,0.0,0.0,0.0,0.0,0.0,0.0,0.0,0.0,0.0,0.0,0.0,0.0,0.0,0.0,0.0,0.0,0.0,0.0,0.0,0.0,0.0,0.0,0.0,0.0,0.0,0.0,0.0,0.0,0.0,0.0,0.0,0.0,44957.47265625,23410.142578125,0.0,0.0,0.0,0.0,0.0,0.0,0.0,0.0,FL
275044,FL,1203,283.5505676269531,1,0.0,0.0,0.0,1,0,0.0,0.0,26143.9453125,12912.0615234375,13231.8837890625,0.0,0.0,26143.9453125,0.0,0.0,0.0,0.0,0.0,0.0,0.0,0.0,0.0,0.0,0.0,0.0,0.0,0.0,0.0,0.0,0.0,0.0,0.0,0.0,0.0,0.0,0.0,0.0,0.0,0.0,0.0,0.0,0.0,0.0,0.0,0.0,0.0,0.0,0.0,0.0,0.0,0.0,0.0,0.0,0.0,0.0,0.0,0.0,0.0,0.0,0.0,0.0,0.0,0.0,0.0,0.0,0.0,0.0,0.0,0.0,0.0,0.0,0.0,0.0,0.0,0.0,0.0,0.0,0.0,0.0,0.0,0.0,0.0,0.0,0.0,0.0,0.0,0.0,0.0,0.0,0.0,0.0,0.0,0.0,0.0,0.0,0.0,0.0,0.0,0.0,26143.9453125,26143.9453125,0.0,0.0,0.0,0.0,0.0,0.0,0.0,0.0,FL
275045,FL,1203,0.11862125247716904,3,1.0,145892.328125,158331.1640625,3,0,12678.33203125,0.0,180285.53125,0.0,0.0,0.0,0.0,0.0,-122.0,0.0,122.0,0.0,-386.0,0.0,386.0,0.0,0.0,0.0,0.0,0.0,0.0,0.0,0.0,0.0,-200.0,0.0,200.0,0.0,0.0,0.0,0.0,0.0,0.0,0.0,0.0,0.0,0.0,0.0,0.0,0.0,0.0,0.0,0.0,0.0,0.0,0.0,0.0,0.0,0.0,0.0,0.0,0.0,0.0,0.0,0.0,0.0,0.0,0.0,0.0,0.0,0.0,0.0,0.0,0.0,0.0,0.0,0.0,0.0,0.0,0.0,0.0,0.0,0.0,0.0,0.0,0.0,0.0,0.0,0.0,0.0,0.0,0.0,0.0,0.0,0.0,0.0,0.0,0.0,0.0,0.0,0.0,0.0,11970.33203125,0.0,180993.53125,0.0,-708.0,0.0,708.0,0.0,-5.5843307956827175,0.0,0.3927103579044342,0.0,FL
275046,FL,1203,0.1532319039106369,6,2.0,492017.7021484375,558925.8520507812,6,0,108662.1103515625,0.0,497863.625,19618.947265625,3282.15771484375,0.0,0.0,22901.10498046875,-769.0,0.0,769.0,0.0,-722.0,0.0,722.0,0.0,0.0,0.0,0.0,0.0,0.0,0.0,0.0,0.0,0.0,0.0,0.0,0.0,0.0,0.0,0.0,0.0,0.0,0.0,0.0,0.0,0.0,0.0,0.0,0.0,0.0,0.0,0.0,0.0,0.0,0.0,0.0,0.0,-640.0,0.0,640.0,0.0,0.0,0.0,0.0,0.0,0.0,0.0,0.0,0.0,0.0,0.0,0.0,0.0,0.0,0.0,0.0,0.0,0.0,0.0,0.0,0.0,-720.0,0.0,720.0,0.0,0.0,0.0,0.0,0.0,0.0,0.0,0.0,0.0,0.0,0.0,0.0,0.0,0.0,0.0,0.0,0.0,105811.1103515625,0.0,500714.625,22901.10498046875,-2851.0,0.0,2851.0,0.0,-2.6237296429969477,0.0,0.5726467967033386,0.0,FL
275047,FL,1203,0.31100669503211975,3,0.0,50225.84765625,113060.265625,3,0,6305.020751953125,0.0,168099.875,43042.87890625,0.0,0.0,0.0,43042.87890625,-5.0,0.0,5.0,0.0,-266.0,0.0,266.0,0.0,0.0,0.0,0.0,0.0,0.0,0.0,0.0,0.0,0.0,0.0,0.0,0.0,0.0,0.0,0.0,0.0,0.0,0.0,0.0,0.0,0.0,0.0,0.0,0.0,0.0,0.0,0.0,0.0,0.0,0.0,0.0,0.0,0.0,0.0,0.0,0.0,0.0,0.0,0.0,0.0,0.0,0.0,0.0,0.0,0.0,0.0,0.0,0.0,0.0,0.0,0.0,0.0,0.0,0.0,0.0,0.0,-1153.39453125,0.0,1153.390625,0.0,0.0,0.0,0.0,0.0,0.0,0.0,0.0,0.0,0.0,0.0,0.0,0.0,0.0,0.0,0.0,0.0,4880.626220703125,0.0,169524.265625,43042.87890625,-1424.39453125,0.0,1424.390625,0.0,-22.591432880038674,0.0,0.8473478555679321,0.0,FL
275048,FL,1203,0.142025426030159,2,0.0,269158.7578125,675826.9375,2,0,136723.125,0.0,570873.0625,0.0,0.0,0.0,0.0,0.0,-749.0,0.0,749.0,0.0,-665.0,0.0,665.0,0.0,0.0,0.0,0.0,0.0,0.0,0.0,0.0,0.0,0.0,0.0,0.0,0.0,0.0,0.0,0.0,0.0,0.0,0.0,0.0,0.0,0.0,0.0,0.0,0.0,0.0,0.0,0.0,0.0,0.0,0.0,0.0,0.0,-700.0,0.0,700.0,0.0,0.0,0.0,0.0,0.0,0.0,0.0,0.0,0.0,0.0,0.0,0.0,0.0,0.0,0.0,0.0,0.0,0.0,0.0,0.0,0.0,0.0,0.0,0.0,0.0,0.0,0.0,0.0,0.0,0.0,0.0,0.0,0.0,0.0,0.0,0.0,0.0,0.0,0.0,0.0,0.0,134609.125,0.0,572987.0625,0.0,-2114.0,0.0,2114.0,0.0,-1.5461905219032992,0.0,0.370309978723526,0.0,FL
275049,FL,1203,0.19945399463176727,4,2.0,200618.828125,200734.25,4,0,23145.916015625,0.0,170683.40625,0.0,0.0,0.0,0.0,0.0,-230.0,0.0,230.0,0.0,-418.0,0.0,418.0,0.0,0.0,0.0,0.0,0.0,0.0,0.0,0.0,0.0,-400.0,0.0,400.0,0.0,0.0,0.0,0.0,0.0,0.0,0.0,0.0,0.0,0.0,0.0,0.0,0.0,0.0,0.0,0.0,0.0,0.0,0.0,0.0,0.0,0.0,0.0,0.0,0.0,0.0,0.0,0.0,0.0,0.0,0.0,0.0,0.0,0.0,0.0,0.0,0.0,0.0,0.0,0.0,0.0,0.0,0.0,0.0,0.0,0.0,0.0,0.0,0.0,0.0,0.0,0.0,0.0,0.0,0.0,0.0,0.0,0.0,0.0,0.0,0.0,0.0,0.0,0.0,0.0,22097.916015625,0.0,171731.40625,0.0,-1048.0,0.0,1048.0,0.0,-4.527796606937189,0.0,0.6140022277832031,0.0,FL
275050,FL,1203,0.1978130340576172,2,0.0,140286.671875,195407.84375,2,0,25447.779296875,0.0,194166.6875,0.0,0.0,0.0,0.0,0.0,-230.0,0.0,230.0,0.0,-418.0,0.0,418.0,0.0,0.0,0.0,0.0,0.0,0.0,0.0,0.0,0.0,0.0,0.0,0.0,0.0,0.0,0.0,0.0,0.0,0.0,0.0,0.0,0.0,0.0,0.0,0.0,0.0,0.0,0.0,0.0,0.0,0.0,0.0,0.0,0.0,-219.603515625,0.0,219.59375,0.0,0.0,0.0,0.0,0.0,0.0,0.0,0.0,0.0,0.0,0.0,0.0,0.0,0.0,0.0,0.0,0.0,0.0,0.0,0.0,0.0,0.0,0.0,0.0,0.0,0.0,0.0,0.0,0.0,0.0,0.0,0.0,0.0,0.0,0.0,0.0,0.0,0.0,0.0,0.0,0.0,24580.17578125,0.0,195034.28125,0.0,-867.603515625,0.0,867.59375,0.0,-3.4093486331498566,0.0,0.44682934880256653,0.0,FL
275051,FL,1203,480.32476806640625,2,0.0,0.0,0.0,2,0,0.0,0.0,41638.10546875,15174.3388671875,26463.767578125,0.0,0.0,41638.1064453125,0.0,0.0,0.0,0.0,0.0,0.0,0.0,0.0,0.0,0.0,0.0,0.0,0.0,0.0,0.0,0.0,0.0,0.0,0.0,0.0,0.0,0.0,0.0,0.0,0.0,0.0,0.0,0.0,0.0,0.0,0.0,0.0,0.0,0.0,0.0,0.0,0.0,0.0,0.0,0.0,0.0,0.0,0.0,0.0,0.0,0.0,0.0,0.0,0.0,0.0,0.0,0.0,0.0,0.0,0.0,0.0,0.0,0.0,0.0,0.0,0.0,0.0,0.0,0.0,0.0,0.0,0.0,0.0,0.0,0.0,0.0,0.0,0.0,0.0,0.0,0.0,0.0,0.0,0.0,0.0,0.0,0.0,0.0,0.0,0.0,0.0,41638.10546875,41638.1064453125,0.0,0.0,0.0,0.0,0.0,0.0,0.0,0.0,FL
275052,FL,1203,102.7125473022461,1,0.0,0.0,484.7803649902344,1,0,0.0,0.0,57631.7734375,28603.2734375,0.0,0.0,0.0,28603.2734375,0.0,0.0,0.0,0.0,0.0,0.0,0.0,0.0,0.0,0.0,0.0,0.0,0.0,0.0,0.0,0.0,0.0,0.0,0.0,0.0,0.0,0.0,0.0,0.0,0.0,0.0,0.0,0.0,0.0,0.0,0.0,0.0,0.0,0.0,0.0,0.0,0.0,0.0,0.0,0.0,0.0,0.0,0.0,0.0,0.0,0.0,0.0,0.0,0.0,0.0,0.0,0.0,0.0,0.0,0.0,0.0,0.0,0.0,0.0,0.0,0.0,0.0,0.0,0.0,0.0,0.0,0.0,0.0,0.0,0.0,0.0,0.0,0.0,0.0,0.0,0.0,0.0,0.0,0.0,0.0,0.0,0.0,0.0,0.0,0.0,0.0,57631.7734375,28603.2734375,0.0,0.0,0.0,0.0,0.0,0.0,0.0,0.0,FL
275053,FL,1203,249.49131774902344,1,0.0,0.0,2.858635663986206,1,0,0.0,0.0,26454.041015625,12857.291015625,13231.8837890625,0.0,0.0,26089.1748046875,0.0,0.0,0.0,0.0,0.0,0.0,0.0,0.0,0.0,0.0,0.0,0.0,0.0,0.0,0.0,0.0,0.0,0.0,0.0,0.0,0.0,0.0,0.0,0.0,0.0,0.0,0.0,0.0,0.0,0.0,0.0,0.0,0.0,0.0,0.0,0.0,0.0,0.0,0.0,0.0,0.0,0.0,0.0,0.0,0.0,0.0,0.0,0.0,0.0,0.0,0.0,0.0,0.0,0.0,0.0,0.0,0.0,0.0,0.0,0.0,0.0,0.0,0.0,0.0,0.0,0.0,0.0,0.0,0.0,0.0,0.0,0.0,0.0,0.0,0.0,0.0,0.0,0.0,0.0,0.0,0.0,0.0,0.0,0.0,0.0,0.0,26454.041015625,26089.1748046875,0.0,0.0,0.0,0.0,0.0,0.0,0.0,0.0,FL
275054,FL,1203,86.2388687133789,2,0.0,0.0,-60.975006103515625,1,1,0.0,0.0,37329.00390625,22864.390625,0.0,0.0,0.0,22864.390625,0.0,0.0,0.0,0.0,0.0,0.0,0.0,0.0,0.0,0.0,0.0,0.0,0.0,0.0,0.0,0.0,0.0,0.0,0.0,0.0,0.0,0.0,0.0,0.0,0.0,0.0,0.0,0.0,0.0,0.0,0.0,0.0,0.0,0.0,0.0,0.0,0.0,0.0,0.0,0.0,0.0,0.0,0.0,0.0,0.0,0.0,0.0,0.0,0.0,0.0,0.0,0.0,0.0,0.0,0.0,0.0,0.0,0.0,0.0,0.0,0.0,0.0,0.0,0.0,0.0,0.0,0.0,0.0,0.0,0.0,0.0,0.0,0.0,0.0,0.0,0.0,0.0,0.0,0.0,0.0,0.0,0.0,0.0,0.0,0.0,0.0,37329.00390625,22864.390625,0.0,0.0,0.0,0.0,0.0,0.0,0.0,0.0,FL
275055,FL,1203,0.08915311843156815,3,0.0,92916.109375,95115.7734375,3,0,12375.6640625,0.0,88696.6953125,0.0,13231.8837890625,0.0,0.0,13231.8837890625,-115.0,0.0,115.0,0.0,-209.0,0.0,209.0,0.0,0.0,0.0,0.0,0.0,0.0,0.0,0.0,0.0,0.0,0.0,0.0,0.0,0.0,0.0,0.0,0.0,0.0,0.0,0.0,0.0,0.0,0.0,0.0,0.0,0.0,0.0,0.0,0.0,0.0,0.0,0.0,0.0,0.0,0.0,0.0,0.0,0.0,0.0,0.0,0.0,0.0,0.0,0.0,0.0,0.0,0.0,0.0,0.0,0.0,0.0,0.0,0.0,0.0,0.0,0.0,0.0,0.0,0.0,0.0,0.0,-142.8330078125,0.0,142.8359375,0.0,0.0,0.0,0.0,0.0,0.0,0.0,0.0,0.0,0.0,0.0,0.0,0.0,11908.8310546875,0.0,89163.53125,13231.8837890625,-466.8330078125,0.0,466.8359375,0.0,-3.772185520347709,0.0,0.526328444480896,0.0,FL
275056,FL,1203,0.4813920557498932,2,0.0,58072.56640625,76130.091796875,2,0,5013.6109619140625,0.0,91919.609375,17760.533203125,0.0,7345.3896484375,0.0,25105.9228515625,-10.0,0.0,10.0,0.0,-228.0,0.0,228.0,0.0,0.0,0.0,0.0,0.0,0.0,0.0,0.0,0.0,0.0,0.0,0.0,0.0,0.0,0.0,0.0,0.0,0.0,0.0,0.0,0.0,0.0,0.0,0.0,0.0,0.0,0.0,0.0,0.0,0.0,0.0,0.0,0.0,0.0,0.0,0.0,0.0,0.0,0.0,0.0,0.0,0.0,0.0,0.0,0.0,0.0,0.0,0.0,0.0,-1583.9957275390625,0.0,1584.0,0.0,0.0,0.0,0.0,0.0,0.0,0.0,0.0,0.0,0.0,0.0,0.0,0.0,0.0,0.0,0.0,0.0,0.0,0.0,0.0,0.0,0.0,0.0,0.0,0.0,3191.615234375,0.0,93741.609375,25105.9228515625,-1821.9957275390625,0.0,1822.0,0.0,-36.34098739171962,0.0,1.9821667671203613,0.0,FL
275057,FL,1203,187.31517028808594,2,0.0,0.0,2084.720947265625,2,0,0.0,0.0,62498.09375,29716.1640625,0.0,0.0,0.0,29716.1640625,0.0,0.0,0.0,0.0,0.0,0.0,0.0,0.0,0.0,0.0,0.0,0.0,0.0,0.0,0.0,0.0,0.0,0.0,0.0,0.0,0.0,0.0,0.0,0.0,0.0,0.0,0.0,0.0,0.0,0.0,0.0,0.0,0.0,0.0,0.0,0.0,0.0,0.0,0.0,0.0,0.0,0.0,0.0,0.0,0.0,0.0,0.0,0.0,0.0,0.0,0.0,0.0,0.0,0.0,0.0,0.0,0.0,0.0,0.0,0.0,0.0,0.0,0.0,0.0,0.0,0.0,0.0,0.0,0.0,0.0,0.0,0.0,0.0,0.0,0.0,0.0,0.0,0.0,0.0,0.0,0.0,0.0,0.0,0.0,0.0,0.0,62498.09375,29716.1640625,0.0,0.0,0.0,0.0,0.0,0.0,0.0,0.0,FL
275058,FL,1203,0.15341340005397797,4,1.0,1130004.3359375,1307427.3203125,4,0,359495.439453125,0.0,915839.75,0.0,0.0,0.0,0.0,0.0,-849.0,0.0,849.0,0.0,-912.0,0.0,912.0,0.0,0.0,0.0,0.0,0.0,0.0,0.0,0.0,0.0,0.0,0.0,0.0,0.0,0.0,0.0,0.0,0.0,0.0,0.0,0.0,0.0,0.0,0.0,0.0,0.0,0.0,0.0,0.0,0.0,0.0,0.0,0.0,0.0,-179.53125,0.0,179.5,0.0,0.0,0.0,0.0,0.0,0.0,0.0,0.0,0.0,0.0,0.0,0.0,0.0,0.0,0.0,0.0,0.0,0.0,0.0,0.0,0.0,0.0,0.0,0.0,0.0,0.0,0.0,0.0,0.0,0.0,0.0,0.0,0.0,0.0,0.0,0.0,0.0,0.0,0.0,0.0,0.0,357554.908203125,0.0,917780.25,0.0,-1940.53125,0.0,1940.5,0.0,-0.5397930090440071,0.0,0.21188205480575562,0.0,FL
275059,FL,1203,0.12614741921424866,4,2.0,349970.34375,355449.78125,4,0,58164.85546875,0.0,274437.84375,389.11334228515625,0.0,0.0,0.0,389.11334228515625,-292.0,0.0,292.0,0.0,-456.0,0.0,456.0,0.0,0.0,0.0,0.0,0.0,0.0,0.0,0.0,0.0,-400.0,0.0,400.0,0.0,0.0,0.0,0.0,0.0,0.0,0.0,0.0,0.0,0.0,0.0,0.0,0.0,0.0,0.0,0.0,0.0,0.0,0.0,0.0,0.0,-451.21484375,0.0,451.21875,0.0,0.0,0.0,0.0,0.0,0.0,0.0,0.0,0.0,0.0,0.0,0.0,0.0,0.0,0.0,0.0,0.0,0.0,0.0,0.0,0.0,0.0,0.0,0.0,0.0,0.0,0.0,0.0,0.0,0.0,0.0,0.0,0.0,0.0,0.0,0.0,0.0,0.0,0.0,0.0,0.0,56565.640625,0.0,276037.0625,389.11334228515625,-1599.21484375,0.0,1599.21875,0.0,-2.7494521061935826,0.0,0.5827253460884094,0.0,FL
275060,FL,1203,0.14618825912475586,5,3.0,530174.15625,540928.1875,5,0,115221.0703125,0.0,439558.9375,0.0,0.0,0.0,0.0,0.0,-764.0,0.0,764.0,0.0,-472.859375,0.0,472.875,0.0,0.0,0.0,0.0,0.0,0.0,0.0,0.0,0.0,0.0,0.0,0.0,0.0,0.0,0.0,0.0,0.0,0.0,0.0,0.0,0.0,0.0,0.0,0.0,0.0,0.0,0.0,0.0,0.0,0.0,0.0,0.0,0.0,-640.0,0.0,640.0,0.0,0.0,0.0,0.0,0.0,0.0,0.0,0.0,0.0,0.0,0.0,0.0,0.0,0.0,0.0,0.0,0.0,0.0,0.0,0.0,0.0,0.0,0.0,0.0,0.0,0.0,0.0,0.0,0.0,0.0,0.0,0.0,0.0,0.0,0.0,0.0,0.0,0.0,0.0,0.0,0.0,113344.2109375,0.0,441435.8125,0.0,-1876.859375,0.0,1876.875,0.0,-1.628920274659508,0.0,0.4269905388355255,0.0,FL
275061,FL,1203,15.294220924377441,1,0.0,0.0,1489.50341796875,1,0,0.0,0.0,57754.65234375,28403.818359375,0.0,0.0,0.0,28403.818359375,0.0,0.0,0.0,0.0,0.0,0.0,0.0,0.0,0.0,0.0,0.0,0.0,0.0,0.0,0.0,0.0,0.0,0.0,0.0,0.0,0.0,0.0,0.0,0.0,0.0,0.0,0.0,0.0,0.0,0.0,0.0,0.0,0.0,0.0,0.0,0.0,0.0,0.0,0.0,0.0,0.0,0.0,0.0,0.0,0.0,0.0,0.0,0.0,0.0,0.0,0.0,0.0,0.0,0.0,0.0,0.0,0.0,0.0,0.0,0.0,0.0,0.0,0.0,0.0,0.0,0.0,0.0,0.0,0.0,0.0,0.0,0.0,0.0,0.0,0.0,0.0,0.0,0.0,0.0,0.0,0.0,0.0,0.0,0.0,0.0,0.0,57754.65234375,28403.818359375,0.0,0.0,0.0,0.0,0.0,0.0,0.0,0.0,FL
275062,FL,1203,0.05545228347182274,2,0.0,69321.2421875,70232.89758270979,2,0,6945.0556640625,0.0,92644.8671875,17241.470703125,0.0,0.0,0.0,17241.470703125,-115.0,0.0,115.0,0.0,-209.0,0.0,209.0,0.0,0.0,0.0,0.0,0.0,0.0,0.0,0.0,0.0,0.0,0.0,0.0,0.0,0.0,0.0,0.0,0.0,0.0,0.0,0.0,0.0,0.0,0.0,0.0,0.0,0.0,0.0,0.0,0.0,0.0,0.0,0.0,0.0,0.0,0.0,0.0,0.0,0.0,0.0,0.0,0.0,0.0,0.0,0.0,0.0,0.0,0.0,0.0,0.0,0.0,0.0,0.0,0.0,0.0,0.0,0.0,0.0,0.0,0.0,0.0,0.0,0.0,0.0,0.0,0.0,0.0,0.0,0.0,0.0,0.0,0.0,0.0,0.0,0.0,0.0,0.0,0.0,6621.0556640625,0.0,92968.8671875,17241.470703125,-324.0,0.0,324.0,0.0,-4.665189390440057,0.0,0.34972256422042847,0.0,FL
275063,FL,1203,0.1438113898038864,2,0.0,127546.42578125,128126.34375,2,0,11253.1611328125,0.0,113409.2578125,0.0,0.0,0.0,0.0,0.0,-10.0,0.0,10.0,0.0,-228.0,0.0,228.0,0.0,0.0,0.0,0.0,0.0,0.0,0.0,0.0,0.0,0.0,0.0,0.0,0.0,0.0,0.0,0.0,0.0,0.0,0.0,0.0,0.0,0.0,0.0,0.0,0.0,0.0,0.0,0.0,0.0,0.0,0.0,0.0,0.0,0.0,0.0,0.0,0.0,0.0,0.0,0.0,0.0,0.0,0.0,0.0,0.0,0.0,0.0,0.0,0.0,0.0,0.0,0.0,0.0,0.0,0.0,0.0,0.0,0.0,0.0,0.0,0.0,-217.904296875,0.0,217.8984375,0.0,0.0,0.0,0.0,0.0,0.0,0.0,0.0,0.0,0.0,0.0,0.0,0.0,10797.2568359375,0.0,113865.15625,0.0,-455.904296875,0.0,455.8984375,0.0,-4.051344253355198,0.0,0.4019940197467804,0.0,FL
275064,FL,1203,68.74063873291016,1,0.0,0.0,1601.4466552734375,1,0,0.0,0.0,49495.65625,23947.10546875,0.0,0.0,0.0,23947.10546875,0.0,0.0,0.0,0.0,0.0,0.0,0.0,0.0,0.0,0.0,0.0,0.0,0.0,0.0,0.0,0.0,0.0,0.0,0.0,0.0,0.0,0.0,0.0,0.0,0.0,0.0,0.0,0.0,0.0,0.0,0.0,0.0,0.0,0.0,0.0,0.0,0.0,0.0,0.0,0.0,0.0,0.0,0.0,0.0,0.0,0.0,0.0,0.0,0.0,0.0,0.0,0.0,0.0,0.0,0.0,0.0,0.0,0.0,0.0,0.0,0.0,0.0,0.0,0.0,0.0,0.0,0.0,0.0,0.0,0.0,0.0,0.0,0.0,0.0,0.0,0.0,0.0,0.0,0.0,0.0,0.0,0.0,0.0,0.0,0.0,0.0,49495.65625,23947.10546875,0.0,0.0,0.0,0.0,0.0,0.0,0.0,0.0,FL
275065,FL,1203,45.42549514770508,1,0.0,0.0,0.0,1,0,0.0,0.0,33706.12890625,17161.90625,0.0,0.0,0.0,17161.90625,0.0,0.0,0.0,0.0,0.0,0.0,0.0,0.0,0.0,0.0,0.0,0.0,0.0,0.0,0.0,0.0,0.0,0.0,0.0,0.0,0.0,0.0,0.0,0.0,0.0,0.0,0.0,0.0,0.0,0.0,0.0,0.0,0.0,0.0,0.0,0.0,0.0,0.0,0.0,0.0,0.0,0.0,0.0,0.0,0.0,0.0,0.0,0.0,0.0,0.0,0.0,0.0,0.0,0.0,0.0,0.0,0.0,0.0,0.0,0.0,0.0,0.0,0.0,0.0,0.0,0.0,0.0,0.0,0.0,0.0,0.0,0.0,0.0,0.0,0.0,0.0,0.0,0.0,0.0,0.0,0.0,0.0,0.0,0.0,0.0,0.0,33706.12890625,17161.90625,0.0,0.0,0.0,0.0,0.0,0.0,0.0,0.0,FL
275066,FL,1203,235.08514404296875,1,0.0,0.0,0.0,1,0,0.0,0.0,39665.80859375,15918.16796875,13231.8837890625,0.0,0.0,29150.0517578125,0.0,0.0,0.0,0.0,0.0,0.0,0.0,0.0,0.0,0.0,0.0,0.0,0.0,0.0,0.0,0.0,0.0,0.0,0.0,0.0,0.0,0.0,0.0,0.0,0.0,0.0,0.0,0.0,0.0,0.0,0.0,0.0,0.0,0.0,0.0,0.0,0.0,0.0,0.0,0.0,0.0,0.0,0.0,0.0,0.0,0.0,0.0,0.0,0.0,0.0,0.0,0.0,0.0,0.0,0.0,0.0,0.0,0.0,0.0,0.0,0.0,0.0,0.0,0.0,0.0,0.0,0.0,0.0,0.0,0.0,0.0,0.0,0.0,0.0,0.0,0.0,0.0,0.0,0.0,0.0,0.0,0.0,0.0,0.0,0.0,0.0,39665.80859375,29150.0517578125,0.0,0.0,0.0,0.0,0.0,0.0,0.0,0.0,FL
275067,FL,1203,0.034715455025434494,4,2.0,135997.1875,135997.1875,4,0,8907.380859375,0.0,120062.9921875,0.0,0.0,0.0,0.0,0.0,-230.0,0.0,230.0,0.0,-418.0,0.0,418.0,0.0,0.0,0.0,0.0,0.0,0.0,0.0,0.0,0.0,-400.0,0.0,400.0,0.0,0.0,0.0,0.0,0.0,0.0,0.0,0.0,0.0,0.0,0.0,0.0,0.0,0.0,0.0,0.0,0.0,0.0,0.0,0.0,0.0,-75.67578125,0.0,75.6796875,0.0,0.0,0.0,0.0,0.0,0.0,0.0,0.0,0.0,0.0,0.0,0.0,0.0,0.0,0.0,0.0,0.0,0.0,0.0,0.0,0.0,0.0,0.0,0.0,0.0,-82.7509765625,0.0,82.75,0.0,0.0,0.0,0.0,0.0,0.0,0.0,0.0,0.0,0.0,0.0,0.0,0.0,7700.9541015625,0.0,121269.421875,0.0,-1206.4267578125,0.0,1206.4296875,0.0,-13.544124550851985,0.0,1.0048305988311768,0.0,FL
275068,FL,1203,87.80101776123047,1,0.0,0.0,0.0,1,0,0.0,0.0,16974.9375,3743.05419921875,13231.8837890625,0.0,0.0,16974.93798828125,0.0,0.0,0.0,0.0,0.0,0.0,0.0,0.0,0.0,0.0,0.0,0.0,0.0,0.0,0.0,0.0,0.0,0.0,0.0,0.0,0.0,0.0,0.0,0.0,0.0,0.0,0.0,0.0,0.0,0.0,0.0,0.0,0.0,0.0,0.0,0.0,0.0,0.0,0.0,0.0,0.0,0.0,0.0,0.0,0.0,0.0,0.0,0.0,0.0,0.0,0.0,0.0,0.0,0.0,0.0,0.0,0.0,0.0,0.0,0.0,0.0,0.0,0.0,0.0,0.0,0.0,0.0,0.0,0.0,0.0,0.0,0.0,0.0,0.0,0.0,0.0,0.0,0.0,0.0,0.0,0.0,0.0,0.0,0.0,0.0,0.0,16974.9375,16974.93798828125,0.0,0.0,0.0,0.0,0.0,0.0,0.0,0.0,FL
275069,FL,1203,0.31428062915802,2,0.0,153797.1875,198866.09375,2,0,25983.5859375,0.0,223257.46875,51156.40625,0.0,0.0,0.0,51156.40625,-230.0,0.0,230.0,0.0,-418.0,0.0,418.0,0.0,0.0,0.0,0.0,0.0,0.0,0.0,0.0,0.0,0.0,0.0,0.0,0.0,0.0,0.0,0.0,0.0,0.0,0.0,0.0,0.0,0.0,0.0,0.0,0.0,0.0,0.0,0.0,0.0,0.0,0.0,0.0,0.0,0.0,0.0,0.0,0.0,0.0,0.0,0.0,0.0,0.0,0.0,0.0,0.0,0.0,0.0,0.0,0.0,0.0,0.0,0.0,0.0,0.0,0.0,0.0,0.0,-1994.966796875,0.0,1994.96875,0.0,-694.828125,0.0,694.8125,0.0,0.0,0.0,0.0,0.0,0.0,0.0,0.0,0.0,0.0,0.0,0.0,0.0,22645.791015625,0.0,226595.25,51156.40625,-3337.794921875,0.0,3337.78125,0.0,-12.845782448595102,0.0,1.4950367212295532,0.0,FL
275070,FL,1203,0.15578776597976685,5,3.0,234763.25244140625,230769.1875,5,0,28057.22265625,0.0,206819.46875,0.0,0.0,0.0,0.0,0.0,-230.0,0.0,230.0,0.0,-418.0,0.0,418.0,0.0,0.0,0.0,0.0,0.0,0.0,0.0,0.0,0.0,-400.0,0.0,400.0,0.0,0.0,0.0,0.0,0.0,0.0,0.0,0.0,0.0,0.0,0.0,0.0,0.0,0.0,0.0,0.0,0.0,0.0,0.0,0.0,0.0,-440.001953125,0.0,440.0,0.0,0.0,0.0,0.0,0.0,0.0,0.0,0.0,0.0,0.0,0.0,0.0,0.0,0.0,0.0,0.0,0.0,0.0,0.0,0.0,0.0,0.0,0.0,0.0,0.0,0.0,0.0,0.0,0.0,0.0,0.0,0.0,0.0,0.0,0.0,0.0,0.0,0.0,0.0,0.0,0.0,26569.220703125,0.0,208307.46875,0.0,-1488.001953125,0.0,1488.0,0.0,-5.303454199140178,0.0,0.7194680571556091,0.0,FL
275071,FL,1203,0.40034952759742737,2,0.0,0.0,28384.07336395979,1,1,1118.3245849609375,0.0,108013.375,42821.62109375,0.0,0.0,0.0,42821.62109375,0.0,0.0,0.0,0.0,-95.0,0.0,95.0,0.0,0.0,0.0,0.0,0.0,0.0,0.0,0.0,0.0,0.0,0.0,0.0,0.0,0.0,0.0,0.0,0.0,0.0,0.0,0.0,0.0,0.0,0.0,0.0,0.0,0.0,0.0,0.0,0.0,0.0,0.0,0.0,0.0,0.0,0.0,0.0,0.0,0.0,0.0,0.0,0.0,0.0,0.0,0.0,0.0,0.0,0.0,0.0,0.0,0.0,0.0,0.0,0.0,0.0,0.0,0.0,0.0,0.0,0.0,0.0,0.0,-105.22265625,0.0,105.2265625,0.0,0.0,0.0,0.0,0.0,0.0,0.0,0.0,0.0,0.0,0.0,0.0,0.0,918.1019287109375,0.0,108213.6015625,42821.62109375,-200.22265625,0.0,200.2265625,0.0,-17.903805294327288,0.0,0.1853720098733902,0.0,FL
275072,FL,1203,170.43954467773438,1,0.0,13799.6142578125,16786.86328125,1,0,0.0,0.0,48807.28125,18038.8046875,0.0,0.0,0.0,18038.8046875,0.0,0.0,0.0,0.0,0.0,0.0,0.0,0.0,0.0,0.0,0.0,0.0,0.0,0.0,0.0,0.0,0.0,0.0,0.0,0.0,0.0,0.0,0.0,0.0,0.0,0.0,0.0,0.0,0.0,0.0,0.0,0.0,0.0,0.0,0.0,0.0,0.0,0.0,0.0,0.0,0.0,0.0,0.0,0.0,0.0,0.0,0.0,0.0,0.0,0.0,0.0,0.0,0.0,0.0,0.0,0.0,0.0,0.0,0.0,0.0,0.0,0.0,0.0,0.0,0.0,0.0,0.0,0.0,0.0,0.0,0.0,0.0,0.0,0.0,0.0,0.0,0.0,0.0,0.0,0.0,0.0,0.0,0.0,0.0,0.0,0.0,48807.28125,18038.8046875,0.0,0.0,0.0,0.0,0.0,0.0,0.0,0.0,FL
275073,FL,1203,0.18550321459770203,1,0.0,82170.6484375,123531.03125,1,0,17093.025390625,0.0,146551.421875,32239.37890625,0.0,0.0,0.0,32239.37890625,-115.0,0.0,115.0,0.0,-209.0,0.0,209.0,0.0,0.0,0.0,0.0,0.0,0.0,0.0,0.0,0.0,0.0,0.0,0.0,0.0,0.0,0.0,0.0,0.0,0.0,0.0,0.0,0.0,0.0,0.0,0.0,0.0,0.0,0.0,0.0,0.0,0.0,0.0,0.0,0.0,-220.0,0.0,220.0,0.0,0.0,0.0,0.0,0.0,0.0,0.0,0.0,0.0,0.0,0.0,0.0,0.0,0.0,0.0,0.0,0.0,0.0,0.0,0.0,0.0,-679.3896484375,0.0,679.390625,0.0,0.0,0.0,0.0,0.0,0.0,0.0,0.0,0.0,0.0,0.0,0.0,0.0,0.0,0.0,0.0,0.0,15869.6357421875,0.0,147774.8125,32239.37890625,-1223.3896484375,0.0,1223.390625,0.0,-7.157244668392593,0.0,0.8347858786582947,0.0,FL
275074,FL,1203,100.34847259521484,1,0.0,0.0,0.0,1,0,0.0,0.0,56227.78125,30069.185546875,0.0,0.0,0.0,30069.185546875,0.0,0.0,0.0,0.0,0.0,0.0,0.0,0.0,0.0,0.0,0.0,0.0,0.0,0.0,0.0,0.0,0.0,0.0,0.0,0.0,0.0,0.0,0.0,0.0,0.0,0.0,0.0,0.0,0.0,0.0,0.0,0.0,0.0,0.0,0.0,0.0,0.0,0.0,0.0,0.0,0.0,0.0,0.0,0.0,0.0,0.0,0.0,0.0,0.0,0.0,0.0,0.0,0.0,0.0,0.0,0.0,0.0,0.0,0.0,0.0,0.0,0.0,0.0,0.0,0.0,0.0,0.0,0.0,0.0,0.0,0.0,0.0,0.0,0.0,0.0,0.0,0.0,0.0,0.0,0.0,0.0,0.0,0.0,0.0,0.0,0.0,56227.78125,30069.185546875,0.0,0.0,0.0,0.0,0.0,0.0,0.0,0.0,FL
275075,FL,1203,255.53744506835938,1,0.0,0.0,0.0,1,0,0.0,0.0,16827.923828125,3596.039794921875,13231.8837890625,0.0,0.0,16827.923583984375,0.0,0.0,0.0,0.0,0.0,0.0,0.0,0.0,0.0,0.0,0.0,0.0,0.0,0.0,0.0,0.0,0.0,0.0,0.0,0.0,0.0,0.0,0.0,0.0,0.0,0.0,0.0,0.0,0.0,0.0,0.0,0.0,0.0,0.0,0.0,0.0,0.0,0.0,0.0,0.0,0.0,0.0,0.0,0.0,0.0,0.0,0.0,0.0,0.0,0.0,0.0,0.0,0.0,0.0,0.0,0.0,0.0,0.0,0.0,0.0,0.0,0.0,0.0,0.0,0.0,0.0,0.0,0.0,0.0,0.0,0.0,0.0,0.0,0.0,0.0,0.0,0.0,0.0,0.0,0.0,0.0,0.0,0.0,0.0,0.0,0.0,16827.923828125,16827.923583984375,0.0,0.0,0.0,0.0,0.0,0.0,0.0,0.0,FL
275076,FL,1203,0.2175518423318863,3,1.0,376017.96875,477105.25,3,0,95438.09375,0.0,420829.6875,0.0,0.0,0.0,0.0,0.0,-764.0,0.0,764.0,0.0,-608.0,0.0,608.0,0.0,0.0,0.0,0.0,0.0,0.0,0.0,0.0,0.0,0.0,0.0,0.0,0.0,0.0,0.0,0.0,0.0,0.0,0.0,0.0,0.0,0.0,0.0,0.0,0.0,0.0,0.0,0.0,0.0,0.0,0.0,0.0,0.0,0.0,0.0,0.0,0.0,0.0,0.0,0.0,0.0,0.0,0.0,0.0,0.0,-993.28125,0.0,993.25,0.0,0.0,0.0,0.0,0.0,0.0,0.0,0.0,0.0,0.0,0.0,0.0,0.0,0.0,0.0,0.0,0.0,0.0,0.0,0.0,0.0,0.0,0.0,0.0,0.0,0.0,0.0,0.0,0.0,93072.8125,0.0,423194.9375,0.0,-2365.28125,0.0,2365.25,0.0,-2.4783408354695893,0.0,0.5620444416999817,0.0,FL
275077,FL,1203,0.239566370844841,2,0.0,0.0,351023.96875,2,0,60604.70703125,0.0,388920.78125,54174.453125,0.0,0.0,0.0,54174.453125,-292.0,0.0,292.0,0.0,-456.0,0.0,456.0,0.0,0.0,0.0,0.0,0.0,0.0,0.0,0.0,0.0,0.0,0.0,0.0,0.0,0.0,0.0,0.0,0.0,0.0,0.0,0.0,0.0,0.0,0.0,0.0,0.0,0.0,0.0,0.0,0.0,0.0,0.0,0.0,0.0,0.0,0.0,0.0,0.0,0.0,0.0,0.0,0.0,0.0,0.0,0.0,0.0,0.0,0.0,0.0,0.0,0.0,0.0,0.0,0.0,0.0,0.0,0.0,0.0,0.0,0.0,0.0,0.0,0.0,0.0,0.0,0.0,0.0,0.0,0.0,0.0,0.0,0.0,0.0,0.0,0.0,0.0,0.0,0.0,59856.70703125,0.0,389668.78125,54174.453125,-748.0,0.0,748.0,0.0,-1.2342275652191568,0.0,0.192327082157135,0.0,FL
275078,FL,1203,0.10903357714414597,1,0.0,62933.15234375,62933.15234375,1,0,5490.978515625,0.0,59381.7109375,0.0,0.0,0.0,0.0,0.0,-5.0,0.0,5.0,0.0,-114.0,0.0,114.0,0.0,0.0,0.0,0.0,0.0,0.0,0.0,0.0,0.0,0.0,0.0,0.0,0.0,0.0,0.0,0.0,0.0,0.0,0.0,0.0,0.0,0.0,0.0,0.0,0.0,0.0,0.0,0.0,0.0,0.0,0.0,0.0,0.0,0.0,0.0,0.0,0.0,0.0,0.0,0.0,0.0,0.0,0.0,0.0,0.0,0.0,0.0,0.0,0.0,0.0,0.0,0.0,0.0,0.0,0.0,0.0,0.0,0.0,0.0,0.0,0.0,-166.021484375,0.0,166.0234375,0.0,0.0,0.0,0.0,0.0,0.0,0.0,0.0,0.0,0.0,0.0,0.0,0.0,5205.95703125,0.0,59666.734375,0.0,-285.021484375,0.0,285.0234375,0.0,-5.1907229934327646,0.0,0.47998520731925964,0.0,FL
275079,FL,1203,132.2334442138672,2,0.0,0.0,1013.406005859375,2,0,0.0,0.0,83858.3671875,41220.59375,0.0,0.0,0.0,41220.59375,0.0,0.0,0.0,0.0,0.0,0.0,0.0,0.0,0.0,0.0,0.0,0.0,0.0,0.0,0.0,0.0,0.0,0.0,0.0,0.0,0.0,0.0,0.0,0.0,0.0,0.0,0.0,0.0,0.0,0.0,0.0,0.0,0.0,0.0,0.0,0.0,0.0,0.0,0.0,0.0,0.0,0.0,0.0,0.0,0.0,0.0,0.0,0.0,0.0,0.0,0.0,0.0,0.0,0.0,0.0,0.0,0.0,0.0,0.0,0.0,0.0,0.0,0.0,0.0,0.0,0.0,0.0,0.0,0.0,0.0,0.0,0.0,0.0,0.0,0.0,0.0,0.0,0.0,0.0,0.0,0.0,0.0,0.0,0.0,0.0,0.0,83858.3671875,41220.59375,0.0,0.0,0.0,0.0,0.0,0.0,0.0,0.0,FL
275080,FL,1203,0.08225223422050476,5,3.0,973491.2802124023,1020422.5,5,0,284693.875,0.0,760754.8125,0.0,0.0,0.0,0.0,0.0,-734.0,0.0,734.0,0.0,-703.0,0.0,703.0,0.0,0.0,0.0,0.0,0.0,0.0,0.0,0.0,0.0,0.0,0.0,0.0,0.0,0.0,0.0,0.0,0.0,-1850.0,0.0,1850.0,0.0,0.0,0.0,0.0,0.0,0.0,0.0,0.0,0.0,0.0,0.0,0.0,0.0,-710.6875,0.0,710.6875,0.0,0.0,0.0,0.0,0.0,0.0,0.0,0.0,0.0,0.0,0.0,0.0,0.0,0.0,0.0,0.0,0.0,0.0,0.0,0.0,0.0,0.0,0.0,0.0,0.0,0.0,0.0,0.0,0.0,0.0,0.0,0.0,0.0,0.0,0.0,0.0,0.0,0.0,0.0,0.0,0.0,280696.1875,0.0,764752.5,0.0,-3997.6875,0.0,3997.6875,0.0,-1.4042056577437783,0.0,0.5254895687103271,0.0,FL
275081,FL,1203,0.26217496395111084,4,1.0,241976.87109375,249088.94140625,4,0,32381.865112304688,0.0,272503.1875,0.0,0.0,0.0,0.0,0.0,-235.0,0.0,235.0,0.0,-526.3902587890625,0.0,526.375,0.0,0.0,0.0,0.0,0.0,0.0,0.0,0.0,0.0,0.0,0.0,0.0,0.0,0.0,0.0,0.0,0.0,0.0,0.0,0.0,0.0,0.0,0.0,0.0,0.0,0.0,0.0,0.0,0.0,0.0,0.0,0.0,0.0,-440.0,0.0,440.0,0.0,0.0,0.0,0.0,0.0,0.0,0.0,0.0,0.0,0.0,0.0,0.0,0.0,0.0,0.0,0.0,0.0,-1867.2578125,0.0,1867.28125,0.0,0.0,0.0,0.0,0.0,0.0,0.0,0.0,0.0,0.0,0.0,0.0,0.0,0.0,0.0,0.0,0.0,0.0,0.0,0.0,0.0,29313.217041015625,0.0,275571.84375,0.0,-3068.6480712890625,0.0,3068.65625,0.0,-9.476440163797161,0.0,1.1260992288589478,0.0,FL
275082,FL,1203,150.72238159179688,2,0.0,0.0,471.5440216064453,2,0,0.0,0.0,80477.1640625,39891.859375,0.0,0.0,0.0,39891.859375,0.0,0.0,0.0,0.0,0.0,0.0,0.0,0.0,0.0,0.0,0.0,0.0,0.0,0.0,0.0,0.0,0.0,0.0,0.0,0.0,0.0,0.0,0.0,0.0,0.0,0.0,0.0,0.0,0.0,0.0,0.0,0.0,0.0,0.0,0.0,0.0,0.0,0.0,0.0,0.0,0.0,0.0,0.0,0.0,0.0,0.0,0.0,0.0,0.0,0.0,0.0,0.0,0.0,0.0,0.0,0.0,0.0,0.0,0.0,0.0,0.0,0.0,0.0,0.0,0.0,0.0,0.0,0.0,0.0,0.0,0.0,0.0,0.0,0.0,0.0,0.0,0.0,0.0,0.0,0.0,0.0,0.0,0.0,0.0,0.0,0.0,80477.1640625,39891.859375,0.0,0.0,0.0,0.0,0.0,0.0,0.0,0.0,FL
275083,FL,1203,27.848390579223633,2,1.0,0.0,0.0,2,0,0.0,0.0,27698.642578125,21652.94140625,6045.700927734375,0.0,0.0,27698.642333984375,0.0,0.0,0.0,0.0,0.0,0.0,0.0,0.0,0.0,0.0,0.0,0.0,0.0,0.0,0.0,0.0,0.0,0.0,0.0,0.0,0.0,0.0,0.0,0.0,0.0,0.0,0.0,0.0,0.0,0.0,0.0,0.0,0.0,0.0,0.0,0.0,0.0,0.0,0.0,0.0,0.0,0.0,0.0,0.0,0.0,0.0,0.0,0.0,0.0,0.0,0.0,0.0,0.0,0.0,0.0,0.0,0.0,0.0,0.0,0.0,0.0,0.0,0.0,0.0,0.0,0.0,0.0,0.0,0.0,0.0,0.0,0.0,0.0,0.0,0.0,0.0,0.0,0.0,0.0,0.0,0.0,0.0,0.0,0.0,0.0,0.0,27698.642578125,27698.642333984375,0.0,0.0,0.0,0.0,0.0,0.0,0.0,0.0,FL
275084,FL,1203,63.013702392578125,1,0.0,0.0,1.6545404195785522,1,0,0.0,0.0,41121.56640625,20559.56640625,0.0,0.0,0.0,20559.56640625,0.0,0.0,0.0,0.0,0.0,0.0,0.0,0.0,0.0,0.0,0.0,0.0,0.0,0.0,0.0,0.0,0.0,0.0,0.0,0.0,0.0,0.0,0.0,0.0,0.0,0.0,0.0,0.0,0.0,0.0,0.0,0.0,0.0,0.0,0.0,0.0,0.0,0.0,0.0,0.0,0.0,0.0,0.0,0.0,0.0,0.0,0.0,0.0,0.0,0.0,0.0,0.0,0.0,0.0,0.0,0.0,0.0,0.0,0.0,0.0,0.0,0.0,0.0,0.0,0.0,0.0,0.0,0.0,0.0,0.0,0.0,0.0,0.0,0.0,0.0,0.0,0.0,0.0,0.0,0.0,0.0,0.0,0.0,0.0,0.0,0.0,41121.56640625,20559.56640625,0.0,0.0,0.0,0.0,0.0,0.0,0.0,0.0,FL
275085,FL,1203,75.12220764160156,1,0.0,0.0,0.0,1,0,0.0,0.0,68038.5078125,34019.25390625,0.0,0.0,0.0,34019.25390625,0.0,0.0,0.0,0.0,0.0,0.0,0.0,0.0,0.0,0.0,0.0,0.0,0.0,0.0,0.0,0.0,0.0,0.0,0.0,0.0,0.0,0.0,0.0,0.0,0.0,0.0,0.0,0.0,0.0,0.0,0.0,0.0,0.0,0.0,0.0,0.0,0.0,0.0,0.0,0.0,0.0,0.0,0.0,0.0,0.0,0.0,0.0,0.0,0.0,0.0,0.0,0.0,0.0,0.0,0.0,0.0,0.0,0.0,0.0,0.0,0.0,0.0,0.0,0.0,0.0,0.0,0.0,0.0,0.0,0.0,0.0,0.0,0.0,0.0,0.0,0.0,0.0,0.0,0.0,0.0,0.0,0.0,0.0,0.0,0.0,0.0,68038.5078125,34019.25390625,0.0,0.0,0.0,0.0,0.0,0.0,0.0,0.0,FL
275086,FL,1203,0.1726023405790329,5,3.0,120790.9375,133475.34375,5,0,6350.947265625,0.0,140209.640625,13928.3623046875,0.0,5934.7978515625,0.0,19863.16015625,-230.0,0.0,230.0,0.0,-418.0,0.0,418.0,0.0,0.0,0.0,0.0,0.0,0.0,0.0,0.0,0.0,-600.0,0.0,600.0,0.0,0.0,0.0,0.0,0.0,0.0,0.0,0.0,0.0,0.0,0.0,0.0,0.0,0.0,0.0,0.0,0.0,0.0,0.0,0.0,0.0,0.0,0.0,0.0,0.0,0.0,0.0,0.0,0.0,0.0,0.0,0.0,0.0,0.0,0.0,0.0,0.0,0.0,0.0,0.0,0.0,0.0,0.0,0.0,0.0,0.0,0.0,0.0,0.0,0.0,0.0,0.0,0.0,0.0,0.0,0.0,0.0,0.0,0.0,0.0,0.0,0.0,0.0,0.0,0.0,5102.947265625,0.0,141457.640625,19863.16015625,-1248.0,0.0,1248.0,0.0,-19.650611913515608,0.0,0.8900957107543945,0.0,FL
275087,FL,1203,0.15735742449760437,2,0.0,424258.046875,469043.59375,2,0,93615.15625,0.0,384328.8125,0.0,0.0,0.0,0.0,0.0,-500.0,0.0,500.0,0.0,-532.0,0.0,532.0,0.0,0.0,0.0,0.0,0.0,0.0,0.0,0.0,0.0,0.0,0.0,0.0,0.0,0.0,0.0,0.0,0.0,-622.03515625,0.0,622.03125,0.0,0.0,0.0,0.0,0.0,0.0,0.0,0.0,0.0,0.0,0.0,0.0,0.0,0.0,0.0,0.0,0.0,0.0,0.0,0.0,0.0,0.0,0.0,0.0,0.0,0.0,0.0,0.0,0.0,0.0,0.0,0.0,0.0,0.0,0.0,0.0,0.0,0.0,0.0,0.0,0.0,0.0,0.0,0.0,0.0,0.0,0.0,0.0,0.0,0.0,0.0,0.0,0.0,0.0,0.0,0.0,0.0,91961.12109375,0.0,385982.84375,0.0,-1654.03515625,0.0,1654.03125,0.0,-1.7668454794145578,0.0,0.4303687810897827,0.0,FL
275088,FL,1203,219.72987365722656,1,0.0,13937.416015625,13937.416015625,1,0,0.0,0.0,15753.5439453125,2882.340087890625,0.0,0.0,0.0,2882.340087890625,0.0,0.0,0.0,0.0,0.0,0.0,0.0,0.0,0.0,0.0,0.0,0.0,0.0,0.0,0.0,0.0,0.0,0.0,0.0,0.0,0.0,0.0,0.0,0.0,0.0,0.0,0.0,0.0,0.0,0.0,0.0,0.0,0.0,0.0,0.0,0.0,0.0,0.0,0.0,0.0,0.0,0.0,0.0,0.0,0.0,0.0,0.0,0.0,0.0,0.0,0.0,0.0,0.0,0.0,0.0,0.0,0.0,0.0,0.0,0.0,0.0,0.0,0.0,0.0,0.0,0.0,0.0,0.0,0.0,0.0,0.0,0.0,0.0,0.0,0.0,0.0,0.0,0.0,0.0,0.0,0.0,0.0,0.0,0.0,0.0,0.0,15753.5439453125,2882.340087890625,0.0,0.0,0.0,0.0,0.0,0.0,0.0,0.0,FL
275089,FL,1203,0.27806317806243896,3,0.0,277587.638671875,282968.953125,3,0,43291.46484375,0.0,251718.46875,270.53363037109375,0.0,0.0,0.0,270.53363037109375,-292.0,0.0,292.0,0.0,-456.0,0.0,456.0,0.0,0.0,0.0,0.0,0.0,0.0,0.0,0.0,0.0,0.0,0.0,0.0,0.0,0.0,0.0,0.0,0.0,0.0,0.0,0.0,0.0,0.0,0.0,0.0,0.0,0.0,0.0,0.0,0.0,0.0,0.0,0.0,0.0,0.0,0.0,0.0,0.0,0.0,0.0,0.0,0.0,0.0,0.0,0.0,0.0,0.0,0.0,0.0,0.0,0.0,0.0,0.0,0.0,0.0,0.0,0.0,0.0,0.0,0.0,0.0,0.0,0.0,0.0,0.0,0.0,0.0,0.0,0.0,0.0,0.0,0.0,0.0,0.0,0.0,0.0,0.0,0.0,42543.46484375,0.0,252466.46875,270.53363037109375,-748.0,0.0,748.0,0.0,-1.7278232619287053,0.0,0.2971573770046234,0.0,FL
275090,FL,1203,82.65299987792969,3,2.0,0.0,0.0,3,0,0.0,0.0,71383.140625,29835.666015625,13231.8837890625,0.0,0.0,43067.5498046875,0.0,0.0,0.0,0.0,0.0,0.0,0.0,0.0,0.0,0.0,0.0,0.0,0.0,0.0,0.0,0.0,0.0,0.0,0.0,0.0,0.0,0.0,0.0,0.0,0.0,0.0,0.0,0.0,0.0,0.0,0.0,0.0,0.0,0.0,0.0,0.0,0.0,0.0,0.0,0.0,0.0,0.0,0.0,0.0,0.0,0.0,0.0,0.0,0.0,0.0,0.0,0.0,0.0,0.0,0.0,0.0,0.0,0.0,0.0,0.0,0.0,0.0,0.0,0.0,0.0,0.0,0.0,0.0,0.0,0.0,0.0,0.0,0.0,0.0,0.0,0.0,0.0,0.0,0.0,0.0,0.0,0.0,0.0,0.0,0.0,0.0,71383.140625,43067.5498046875,0.0,0.0,0.0,0.0,0.0,0.0,0.0,0.0,FL
275091,FL,1203,0.1622782200574875,3,1.0,172746.5078125,177237.75,3,0,19980.3046875,0.0,147627.0625,0.0,0.0,0.0,0.0,0.0,-230.0,0.0,230.0,0.0,-418.0,0.0,418.015625,0.0,0.0,0.0,0.0,0.0,0.0,0.0,0.0,0.0,-200.0,0.0,200.0,0.0,0.0,0.0,0.0,0.0,0.0,0.0,0.0,0.0,0.0,0.0,0.0,0.0,0.0,0.0,0.0,0.0,0.0,0.0,0.0,0.0,0.0,0.0,0.0,0.0,0.0,0.0,0.0,0.0,0.0,0.0,0.0,0.0,0.0,0.0,0.0,0.0,0.0,0.0,0.0,0.0,0.0,0.0,0.0,0.0,0.0,0.0,0.0,0.0,0.0,0.0,0.0,0.0,0.0,0.0,0.0,0.0,0.0,0.0,0.0,0.0,0.0,0.0,0.0,0.0,19132.3046875,0.0,148475.078125,0.0,-848.0,0.0,848.015625,0.0,-4.244179522099692,0.0,0.5744310021400452,0.0,FL
275092,FL,1203,0.15343379974365234,2,0.0,71091.01171875,407790.099609375,2,0,64718.114654541016,0.0,367133.8125,0.0,13231.8837890625,0.0,0.0,13231.8837890625,-115.0,0.0,115.0,0.0,-304.00000762939453,0.0,304.0,0.0,0.0,0.0,0.0,0.0,0.0,0.0,0.0,0.0,0.0,0.0,0.0,0.0,0.0,0.0,0.0,0.0,-1100.0,0.0,1100.0,0.0,0.0,0.0,0.0,0.0,0.0,0.0,0.0,0.0,0.0,0.0,0.0,0.0,0.0,0.0,0.0,0.0,0.0,0.0,0.0,0.0,0.0,0.0,0.0,0.0,0.0,0.0,0.0,0.0,0.0,0.0,0.0,0.0,0.0,0.0,0.0,0.0,-40.059959411621094,0.0,40.0625,0.0,0.0,0.0,0.0,0.0,0.0,0.0,0.0,0.0,0.0,0.0,0.0,0.0,0.0,0.0,0.0,0.0,63159.0546875,0.0,368692.875,13231.8837890625,-1559.0599670410156,0.0,1559.0625,0.0,-2.409000903940304,0.0,0.4246578514575958,0.0,FL
275093,FL,1203,0.156825989484787,4,2.0,278389.8046875,322885.3125,4,0,49882.86328125,0.0,305496.0625,0.0,0.0,0.0,0.0,0.0,-292.0,0.0,292.0,0.0,-456.0,0.0,456.0,0.0,0.0,0.0,0.0,0.0,0.0,0.0,0.0,0.0,-400.0,0.0,400.0,0.0,0.0,0.0,0.0,0.0,-185.52734375,0.0,185.53125,0.0,0.0,0.0,0.0,0.0,0.0,0.0,0.0,0.0,0.0,0.0,0.0,0.0,-480.0,0.0,480.0,0.0,0.0,0.0,0.0,0.0,0.0,0.0,0.0,0.0,0.0,0.0,0.0,0.0,0.0,0.0,0.0,0.0,0.0,0.0,0.0,0.0,0.0,0.0,0.0,0.0,0.0,0.0,0.0,0.0,0.0,0.0,0.0,0.0,0.0,0.0,0.0,0.0,0.0,0.0,0.0,0.0,48069.3359375,0.0,307309.59375,0.0,-1813.52734375,0.0,1813.53125,0.0,-3.6355718666848653,0.0,0.5936349034309387,0.0,FL
275094,FL,1203,386.07196044921875,2,0.0,0.0,905.404468536377,2,0,0.0,0.0,41590.1875,10394.3837890625,26463.767578125,0.0,0.0,36858.1513671875,0.0,0.0,0.0,0.0,0.0,0.0,0.0,0.0,0.0,0.0,0.0,0.0,0.0,0.0,0.0,0.0,0.0,0.0,0.0,0.0,0.0,0.0,0.0,0.0,0.0,0.0,0.0,0.0,0.0,0.0,0.0,0.0,0.0,0.0,0.0,0.0,0.0,0.0,0.0,0.0,0.0,0.0,0.0,0.0,0.0,0.0,0.0,0.0,0.0,0.0,0.0,0.0,0.0,0.0,0.0,0.0,0.0,0.0,0.0,0.0,0.0,0.0,0.0,0.0,0.0,0.0,0.0,0.0,0.0,0.0,0.0,0.0,0.0,0.0,0.0,0.0,0.0,0.0,0.0,0.0,0.0,0.0,0.0,0.0,0.0,0.0,41590.1875,36858.1513671875,0.0,0.0,0.0,0.0,0.0,0.0,0.0,0.0,FL
275095,FL,1203,0.17696978151798248,2,0.0,102100.109375,586308.5,2,0,132841.40625,0.0,476396.75,0.0,0.0,0.0,0.0,0.0,-749.0,0.0,749.0,0.0,-665.0,0.0,665.0,0.0,0.0,0.0,0.0,0.0,0.0,0.0,0.0,0.0,0.0,0.0,0.0,0.0,0.0,0.0,0.0,0.0,0.0,0.0,0.0,0.0,0.0,0.0,0.0,0.0,0.0,0.0,0.0,0.0,0.0,0.0,0.0,0.0,-226.125,0.0,226.125,0.0,0.0,0.0,0.0,0.0,0.0,0.0,0.0,0.0,0.0,0.0,0.0,0.0,0.0,0.0,0.0,0.0,0.0,0.0,0.0,0.0,0.0,0.0,0.0,0.0,0.0,0.0,0.0,0.0,0.0,0.0,0.0,0.0,0.0,0.0,0.0,0.0,0.0,0.0,0.0,0.0,131201.28125,0.0,478036.875,0.0,-1640.125,0.0,1640.125,0.0,-1.2346489293506706,0.0,0.34427711367607117,0.0,FL
275096,FL,1203,0.15210814774036407,1,0.0,1273542.875,1608092.5,1,0,522817.15625,0.0,1053954.0,0.0,0.0,0.0,0.0,0.0,-350.25,0.0,350.25,0.0,-327.75,0.0,327.75,0.0,0.0,0.0,0.0,0.0,0.0,0.0,0.0,0.0,0.0,0.0,0.0,0.0,0.0,0.0,0.0,0.0,0.0,0.0,0.0,0.0,0.0,0.0,0.0,0.0,0.0,0.0,0.0,0.0,0.0,0.0,0.0,0.0,-370.0,0.0,370.0,0.0,0.0,0.0,0.0,0.0,0.0,0.0,0.0,0.0,0.0,0.0,0.0,0.0,0.0,0.0,0.0,0.0,0.0,0.0,0.0,0.0,0.0,0.0,0.0,0.0,0.0,0.0,0.0,0.0,0.0,0.0,0.0,0.0,0.0,0.0,0.0,0.0,0.0,0.0,0.0,0.0,521769.15625,0.0,1055002.0,0.0,-1048.0,0.0,1048.0,0.0,-0.20045248849845868,0.0,0.09943507611751556,0.0,FL
275097,FL,1203,77.68733215332031,1,0.0,0.0,0.8272702097892761,1,0,0.0,0.0,71019.625,35509.203125,0.0,0.0,0.0,35509.203125,0.0,0.0,0.0,0.0,0.0,0.0,0.0,0.0,0.0,0.0,0.0,0.0,0.0,0.0,0.0,0.0,0.0,0.0,0.0,0.0,0.0,0.0,0.0,0.0,0.0,0.0,0.0,0.0,0.0,0.0,0.0,0.0,0.0,0.0,0.0,0.0,0.0,0.0,0.0,0.0,0.0,0.0,0.0,0.0,0.0,0.0,0.0,0.0,0.0,0.0,0.0,0.0,0.0,0.0,0.0,0.0,0.0,0.0,0.0,0.0,0.0,0.0,0.0,0.0,0.0,0.0,0.0,0.0,0.0,0.0,0.0,0.0,0.0,0.0,0.0,0.0,0.0,0.0,0.0,0.0,0.0,0.0,0.0,0.0,0.0,0.0,71019.625,35509.203125,0.0,0.0,0.0,0.0,0.0,0.0,0.0,0.0,FL
275098,FL,1203,60.54214859008789,1,0.0,0.0,2152.92236328125,1,0,0.0,0.0,50936.5234375,24391.80078125,0.0,0.0,0.0,24391.80078125,0.0,0.0,0.0,0.0,0.0,0.0,0.0,0.0,0.0,0.0,0.0,0.0,0.0,0.0,0.0,0.0,0.0,0.0,0.0,0.0,0.0,0.0,0.0,0.0,0.0,0.0,0.0,0.0,0.0,0.0,0.0,0.0,0.0,0.0,0.0,0.0,0.0,0.0,0.0,0.0,0.0,0.0,0.0,0.0,0.0,0.0,0.0,0.0,0.0,0.0,0.0,0.0,0.0,0.0,0.0,0.0,0.0,0.0,0.0,0.0,0.0,0.0,0.0,0.0,0.0,0.0,0.0,0.0,0.0,0.0,0.0,0.0,0.0,0.0,0.0,0.0,0.0,0.0,0.0,0.0,0.0,0.0,0.0,0.0,0.0,0.0,50936.5234375,24391.80078125,0.0,0.0,0.0,0.0,0.0,0.0,0.0,0.0,FL
275099,FL,1203,0.17377914488315582,2,0.0,34990.3828125,181003.90625,2,0,17029.755859375,0.0,182360.078125,13026.98046875,0.0,0.0,0.0,13026.98046875,-230.0,0.0,230.0,0.0,0.0,0.0,0.0,0.0,0.0,0.0,0.0,0.0,0.0,0.0,0.0,0.0,0.0,0.0,0.0,0.0,0.0,0.0,0.0,0.0,0.0,0.0,0.0,0.0,0.0,0.0,0.0,0.0,0.0,0.0,0.0,0.0,0.0,0.0,0.0,0.0,-17.5390625,0.0,17.53125,0.0,0.0,0.0,0.0,0.0,0.0,0.0,0.0,0.0,0.0,0.0,0.0,0.0,0.0,0.0,0.0,0.0,0.0,0.0,0.0,0.0,0.0,0.0,0.0,0.0,-323.396484375,0.0,323.40625,0.0,0.0,0.0,0.0,0.0,0.0,0.0,0.0,0.0,0.0,0.0,0.0,0.0,16458.8203125,0.0,182931.015625,13026.98046875,-570.935546875,0.0,570.9375,0.0,-3.352576229451322,0.0,0.3130824863910675,0.0,FL
275100,FL,1203,220.82225036621094,2,0.0,0.0,836.3701782226562,2,0,0.0,0.0,77698.375,36396.0390625,0.0,0.0,0.0,36396.0390625,0.0,0.0,0.0,0.0,0.0,0.0,0.0,0.0,0.0,0.0,0.0,0.0,0.0,0.0,0.0,0.0,0.0,0.0,0.0,0.0,0.0,0.0,0.0,0.0,0.0,0.0,0.0,0.0,0.0,0.0,0.0,0.0,0.0,0.0,0.0,0.0,0.0,0.0,0.0,0.0,0.0,0.0,0.0,0.0,0.0,0.0,0.0,0.0,0.0,0.0,0.0,0.0,0.0,0.0,0.0,0.0,0.0,0.0,0.0,0.0,0.0,0.0,0.0,0.0,0.0,0.0,0.0,0.0,0.0,0.0,0.0,0.0,0.0,0.0,0.0,0.0,0.0,0.0,0.0,0.0,0.0,0.0,0.0,0.0,0.0,0.0,77698.375,36396.0390625,0.0,0.0,0.0,0.0,0.0,0.0,0.0,0.0,FL
275101,FL,1203,90.28284454345703,1,0.0,0.0,62.045265197753906,1,0,0.0,0.0,52042.15234375,26119.296875,0.0,0.0,0.0,26119.296875,0.0,0.0,0.0,0.0,0.0,0.0,0.0,0.0,0.0,0.0,0.0,0.0,0.0,0.0,0.0,0.0,0.0,0.0,0.0,0.0,0.0,0.0,0.0,0.0,0.0,0.0,0.0,0.0,0.0,0.0,0.0,0.0,0.0,0.0,0.0,0.0,0.0,0.0,0.0,0.0,0.0,0.0,0.0,0.0,0.0,0.0,0.0,0.0,0.0,0.0,0.0,0.0,0.0,0.0,0.0,0.0,0.0,0.0,0.0,0.0,0.0,0.0,0.0,0.0,0.0,0.0,0.0,0.0,0.0,0.0,0.0,0.0,0.0,0.0,0.0,0.0,0.0,0.0,0.0,0.0,0.0,0.0,0.0,0.0,0.0,0.0,52042.15234375,26119.296875,0.0,0.0,0.0,0.0,0.0,0.0,0.0,0.0,FL
275102,FL,1203,0.16303828358650208,2,0.0,510229.90625,584248.375,2,0,124558.5,0.0,470335.28125,0.0,0.0,0.0,0.0,0.0,-764.0,0.0,764.0,0.0,-608.0,0.0,608.0,0.0,0.0,0.0,0.0,0.0,0.0,0.0,0.0,0.0,0.0,0.0,0.0,0.0,0.0,0.0,0.0,0.0,0.0,0.0,0.0,0.0,0.0,0.0,0.0,0.0,0.0,0.0,0.0,0.0,0.0,0.0,0.0,0.0,-520.0625,0.0,520.0625,0.0,0.0,0.0,0.0,0.0,0.0,0.0,0.0,0.0,0.0,0.0,0.0,0.0,0.0,0.0,0.0,0.0,0.0,0.0,0.0,0.0,0.0,0.0,0.0,0.0,0.0,0.0,0.0,0.0,0.0,0.0,0.0,0.0,0.0,0.0,0.0,0.0,0.0,0.0,0.0,0.0,122666.4375,0.0,472227.34375,0.0,-1892.0625,0.0,1892.0625,0.0,-1.5190151615505967,0.0,0.4022795259952545,0.0,FL
275103,FL,1203,0.15223902463912964,2,0.0,0.0,63448.1875,2,0,3095.782470703125,0.0,115705.90625,38147.953125,0.0,0.0,0.0,38147.953125,-10.0,0.0,10.0,0.0,-228.0,0.0,228.0,0.0,0.0,0.0,0.0,0.0,0.0,0.0,0.0,0.0,0.0,0.0,0.0,0.0,0.0,0.0,0.0,0.0,0.0,0.0,0.0,0.0,0.0,0.0,0.0,0.0,0.0,0.0,0.0,0.0,0.0,0.0,0.0,0.0,-240.0,0.0,240.0,0.0,0.0,0.0,0.0,0.0,0.0,0.0,0.0,0.0,0.0,0.0,0.0,0.0,0.0,0.0,0.0,0.0,0.0,0.0,0.0,0.0,-1222.9637451171875,0.0,1222.9609375,0.0,0.0,0.0,0.0,0.0,0.0,0.0,0.0,0.0,0.0,0.0,0.0,0.0,0.0,0.0,0.0,0.0,1394.8187255859375,0.0,117406.8671875,38147.953125,-1700.9637451171875,0.0,1700.9609375,0.0,-54.94454992281349,0.0,1.470072627067566,0.0,FL
275104,FL,1203,0.19974853098392487,3,1.0,48780.95703125,75800.796875,1,2,1732.3350830078125,0.0,87312.21875,0.0,0.0,19028.6005859375,0.0,19028.6005859375,-7.0,0.0,7.0,0.0,-253.0,0.0,253.0,0.0,0.0,0.0,0.0,0.0,0.0,0.0,0.0,0.0,-200.0,0.0,200.0,0.0,0.0,0.0,0.0,0.0,-281.61968994140625,0.0,281.6171875,0.0,0.0,0.0,0.0,0.0,0.0,0.0,0.0,0.0,0.0,0.0,0.0,0.0,0.0,0.0,0.0,0.0,0.0,0.0,0.0,0.0,0.0,0.0,0.0,0.0,0.0,0.0,0.0,0.0,0.0,0.0,0.0,0.0,0.0,0.0,0.0,0.0,0.0,0.0,0.0,0.0,0.0,0.0,0.0,0.0,0.0,0.0,0.0,0.0,0.0,0.0,-10503.3515625,-10503.3515625,0.0,0.0,0.0,0.0,990.7153930664062,0.0,77550.484375,8525.2490234375,-741.6196899414062,0.0,-9761.734375,-10503.3515625,-42.81040644017609,0.0,-11.180261611938477,-55.19770891750273,FL
275105,FL,1203,343.0798645019531,1,0.0,0.0,9.09997272491455,0,1,0.0,0.0,17171.306640625,3926.039794921875,13231.8837890625,0.0,0.0,17157.923583984375,0.0,0.0,0.0,0.0,0.0,0.0,0.0,0.0,0.0,0.0,0.0,0.0,0.0,0.0,0.0,0.0,0.0,0.0,0.0,0.0,0.0,0.0,0.0,0.0,0.0,0.0,0.0,0.0,0.0,0.0,0.0,0.0,0.0,0.0,0.0,0.0,0.0,0.0,0.0,0.0,0.0,0.0,0.0,0.0,0.0,0.0,0.0,0.0,0.0,0.0,0.0,0.0,0.0,0.0,0.0,0.0,0.0,0.0,0.0,0.0,0.0,0.0,0.0,0.0,0.0,0.0,0.0,0.0,0.0,0.0,0.0,0.0,0.0,0.0,0.0,0.0,0.0,0.0,0.0,0.0,0.0,0.0,0.0,0.0,0.0,0.0,17171.306640625,17157.923583984375,0.0,0.0,0.0,0.0,0.0,0.0,0.0,0.0,FL
275106,FL,1203,0.42233017086982727,1,0.0,0.0,0.0,0,1,0.0,0.0,0.0,0.0,0.0,0.0,0.0,0.0,0.0,0.0,0.0,0.0,0.0,0.0,0.0,0.0,0.0,0.0,0.0,0.0,0.0,0.0,0.0,0.0,0.0,0.0,0.0,0.0,0.0,0.0,0.0,0.0,0.0,0.0,0.0,0.0,0.0,0.0,0.0,0.0,0.0,0.0,0.0,0.0,0.0,0.0,0.0,0.0,0.0,0.0,0.0,0.0,0.0,0.0,0.0,0.0,0.0,0.0,0.0,0.0,0.0,0.0,0.0,0.0,0.0,0.0,0.0,0.0,0.0,0.0,0.0,0.0,0.0,0.0,0.0,0.0,0.0,0.0,0.0,0.0,0.0,0.0,0.0,0.0,0.0,0.0,0.0,0.0,0.0,0.0,0.0,0.0,0.0,0.0,0.0,0.0,0.0,0.0,0.0,0.0,0.0,0.0,0.0,0.0,FL
275107,FL,1203,47.7512092590332,1,0.0,0.0,1733.8970947265625,1,0,0.0,0.0,39625.3984375,19254.59375,0.0,0.0,0.0,19254.59375,0.0,0.0,0.0,0.0,0.0,0.0,0.0,0.0,0.0,0.0,0.0,0.0,0.0,0.0,0.0,0.0,0.0,0.0,0.0,0.0,0.0,0.0,0.0,0.0,0.0,0.0,0.0,0.0,0.0,0.0,0.0,0.0,0.0,0.0,0.0,0.0,0.0,0.0,0.0,0.0,0.0,0.0,0.0,0.0,0.0,0.0,0.0,0.0,0.0,0.0,0.0,0.0,0.0,0.0,0.0,0.0,0.0,0.0,0.0,0.0,0.0,0.0,0.0,0.0,0.0,0.0,0.0,0.0,0.0,0.0,0.0,0.0,0.0,0.0,0.0,0.0,0.0,0.0,0.0,0.0,0.0,0.0,0.0,0.0,0.0,0.0,39625.3984375,19254.59375,0.0,0.0,0.0,0.0,0.0,0.0,0.0,0.0,FL
275108,FL,1203,0.13832387328147888,5,1.0,325259.5263671875,324846.06640625,5,0,38160.60302734375,0.0,328168.03125,0.0,0.0,0.0,0.0,0.0,-350.0,0.0,350.0,0.0,-741.0,0.0,741.0,0.0,0.0,0.0,0.0,0.0,0.0,0.0,0.0,0.0,0.0,0.0,0.0,0.0,0.0,0.0,0.0,0.0,0.0,0.0,0.0,0.0,0.0,0.0,0.0,0.0,0.0,0.0,0.0,0.0,0.0,0.0,0.0,0.0,0.0,0.0,0.0,0.0,0.0,0.0,0.0,0.0,0.0,0.0,0.0,0.0,0.0,0.0,0.0,0.0,0.0,0.0,0.0,0.0,0.0,0.0,0.0,0.0,0.0,0.0,0.0,0.0,0.0,0.0,0.0,0.0,0.0,0.0,0.0,0.0,0.0,0.0,0.0,0.0,0.0,0.0,0.0,0.0,37069.60302734375,0.0,329259.03125,0.0,-1091.0,0.0,1091.0,0.0,-2.858969495891484,0.0,0.33245164155960083,0.0,FL
275109,FL,1203,0.13605789840221405,3,1.0,101007.81640625,102906.5078125,3,0,5564.7333984375,0.0,95810.765625,0.0,0.0,0.0,0.0,0.0,-10.0,0.0,10.0,0.0,-228.0,0.0,228.0,0.0,0.0,0.0,0.0,0.0,0.0,0.0,0.0,0.0,-200.0,0.0,200.0,0.0,0.0,0.0,0.0,0.0,0.0,0.0,0.0,0.0,0.0,0.0,0.0,0.0,0.0,0.0,0.0,0.0,0.0,0.0,0.0,0.0,0.0,0.0,0.0,0.0,0.0,0.0,0.0,0.0,0.0,0.0,0.0,0.0,0.0,0.0,0.0,0.0,0.0,0.0,0.0,0.0,0.0,0.0,0.0,0.0,0.0,0.0,0.0,0.0,0.0,0.0,0.0,0.0,0.0,0.0,0.0,0.0,0.0,0.0,0.0,0.0,0.0,0.0,0.0,0.0,5126.7333984375,0.0,96248.765625,0.0,-438.0,0.0,438.0,0.0,-7.870997020683585,0.0,0.4571511447429657,0.0,FL
275110,FL,1203,0.1275661736726761,3,0.0,277059.84375,308121.6268234253,3,0,51754.3671875,0.0,304257.28125,37471.09765625,0.0,0.0,0.0,37471.09765625,-292.0,0.0,292.0,0.0,-456.0,0.0,456.0,0.0,0.0,0.0,0.0,0.0,0.0,0.0,0.0,0.0,0.0,0.0,0.0,0.0,0.0,0.0,0.0,0.0,0.0,0.0,0.0,0.0,0.0,0.0,0.0,0.0,0.0,0.0,0.0,0.0,0.0,0.0,0.0,0.0,-272.65234375,0.0,272.65625,0.0,0.0,0.0,0.0,0.0,0.0,0.0,0.0,0.0,0.0,0.0,0.0,0.0,0.0,0.0,0.0,0.0,0.0,0.0,0.0,0.0,0.0,0.0,0.0,0.0,0.0,0.0,0.0,0.0,0.0,0.0,0.0,0.0,0.0,0.0,0.0,0.0,0.0,0.0,0.0,0.0,50733.71484375,0.0,305277.9375,37471.09765625,-1020.65234375,0.0,1020.65625,0.0,-1.9721086339483127,0.0,0.33545827865600586,0.0,FL
275111,FL,1203,197.56246948242188,1,0.0,13937.416015625,13937.416015625,1,0,0.0,0.0,32514.45703125,6411.3681640625,13231.8837890625,0.0,0.0,19643.251953125,0.0,0.0,0.0,0.0,0.0,0.0,0.0,0.0,0.0,0.0,0.0,0.0,0.0,0.0,0.0,0.0,0.0,0.0,0.0,0.0,0.0,0.0,0.0,0.0,0.0,0.0,0.0,0.0,0.0,0.0,0.0,0.0,0.0,0.0,0.0,0.0,0.0,0.0,0.0,0.0,0.0,0.0,0.0,0.0,0.0,0.0,0.0,0.0,0.0,0.0,0.0,0.0,0.0,0.0,0.0,0.0,0.0,0.0,0.0,0.0,0.0,0.0,0.0,0.0,0.0,0.0,0.0,0.0,0.0,0.0,0.0,0.0,0.0,0.0,0.0,0.0,0.0,0.0,0.0,0.0,0.0,0.0,0.0,0.0,0.0,0.0,32514.45703125,19643.251953125,0.0,0.0,0.0,0.0,0.0,0.0,0.0,0.0,FL
275112,FL,1203,0.18138226866722107,2,0.0,49361.68310546875,53701.50390625,2,0,2007.278564453125,0.0,48242.3203125,324.2611083984375,0.0,0.0,0.0,324.2611083984375,0.0,0.0,0.0,0.0,-190.0,0.0,190.0,0.0,0.0,0.0,0.0,0.0,0.0,0.0,0.0,0.0,0.0,0.0,0.0,0.0,0.0,0.0,0.0,0.0,-167.128173828125,0.0,167.125,0.0,0.0,0.0,0.0,0.0,0.0,0.0,0.0,0.0,0.0,0.0,0.0,0.0,-200.0,0.0,200.0,0.0,0.0,0.0,0.0,0.0,0.0,0.0,0.0,0.0,0.0,0.0,0.0,0.0,0.0,0.0,0.0,0.0,0.0,0.0,0.0,0.0,0.0,0.0,0.0,0.0,0.0,0.0,0.0,0.0,0.0,0.0,0.0,0.0,0.0,0.0,0.0,0.0,0.0,0.0,0.0,0.0,1450.150390625,0.0,48799.4453125,324.2611083984375,-557.128173828125,0.0,557.125,0.0,-27.75539896127533,0.0,1.1548470258712769,0.0,FL
275113,FL,1203,0.17481167614459991,4,2.0,103252.279296875,105644.75,4,0,4555.3701171875,0.0,100240.5859375,0.0,0.0,0.0,0.0,0.0,-10.0,0.0,10.0,0.0,-228.0,0.0,228.0,0.0,0.0,0.0,0.0,0.0,0.0,0.0,0.0,0.0,-400.0,0.0,400.0,0.0,0.0,0.0,0.0,0.0,0.0,0.0,0.0,0.0,0.0,0.0,0.0,0.0,0.0,0.0,0.0,0.0,0.0,0.0,0.0,0.0,0.0,0.0,0.0,0.0,0.0,0.0,0.0,0.0,0.0,0.0,0.0,0.0,0.0,0.0,0.0,0.0,0.0,0.0,0.0,0.0,0.0,0.0,0.0,0.0,0.0,0.0,0.0,0.0,-38.912109375,0.0,38.9140625,0.0,0.0,0.0,0.0,0.0,0.0,0.0,0.0,0.0,0.0,0.0,0.0,0.0,3878.4580078125,0.0,100917.5,0.0,-676.912109375,0.0,676.9140625,0.0,-14.859651180065422,0.0,0.6752894520759583,0.0,FL
275114,FL,1203,0.13197828829288483,2,0.0,343932.78125,518418.1875,2,0,87325.6640625,0.0,418233.0625,0.0,0.0,0.0,0.0,0.0,-764.0,0.0,764.0,0.0,0.0,0.0,0.0,0.0,0.0,0.0,0.0,0.0,0.0,0.0,0.0,0.0,0.0,0.0,0.0,0.0,0.0,0.0,0.0,0.0,0.0,0.0,0.0,0.0,0.0,0.0,0.0,0.0,0.0,0.0,0.0,0.0,0.0,0.0,0.0,0.0,0.0,0.0,0.0,0.0,0.0,0.0,0.0,0.0,0.0,0.0,0.0,0.0,0.0,0.0,0.0,0.0,0.0,0.0,0.0,0.0,0.0,0.0,0.0,0.0,0.0,0.0,0.0,0.0,0.0,0.0,0.0,0.0,0.0,0.0,0.0,0.0,0.0,0.0,0.0,0.0,0.0,0.0,0.0,0.0,86561.6640625,0.0,418997.0625,0.0,-764.0,0.0,764.0,0.0,-0.8748859893618401,0.0,0.18267326056957245,0.0,FL
275115,FL,1203,0.1261468231678009,3,1.0,767867.484375,834351.0625,3,0,220429.296875,0.0,628526.1875,0.0,0.0,0.0,0.0,0.0,-734.0,0.0,734.0,0.0,-703.0,0.0,703.0,0.0,0.0,0.0,0.0,0.0,0.0,0.0,0.0,0.0,0.0,0.0,0.0,0.0,0.0,0.0,0.0,0.0,-1850.0,0.0,1850.0,0.0,0.0,0.0,0.0,0.0,0.0,0.0,0.0,0.0,0.0,0.0,0.0,0.0,-732.5,0.0,732.5,0.0,0.0,0.0,0.0,0.0,0.0,0.0,0.0,0.0,0.0,0.0,0.0,0.0,0.0,0.0,0.0,0.0,0.0,0.0,0.0,0.0,0.0,0.0,0.0,0.0,0.0,0.0,0.0,0.0,0.0,0.0,0.0,0.0,0.0,0.0,0.0,0.0,0.0,0.0,0.0,0.0,216409.796875,0.0,632545.6875,0.0,-4019.5,0.0,4019.5,0.0,-1.823487193845816,0.0,0.6395119428634644,0.0,FL
275116,FL,1203,0.13029998540878296,1,0.0,75601.7265625,75701.0,1,0,6842.0185546875,0.0,66499.125,0.0,0.0,0.0,0.0,0.0,-115.0,0.0,115.0,0.0,-209.0,0.0,209.0,0.0,0.0,0.0,0.0,0.0,0.0,0.0,0.0,0.0,0.0,0.0,0.0,0.0,0.0,0.0,0.0,0.0,0.0,0.0,0.0,0.0,0.0,0.0,0.0,0.0,0.0,0.0,0.0,0.0,0.0,0.0,0.0,0.0,0.0,0.0,0.0,0.0,0.0,0.0,0.0,0.0,0.0,0.0,0.0,0.0,0.0,0.0,0.0,0.0,0.0,0.0,0.0,0.0,0.0,0.0,0.0,0.0,0.0,0.0,0.0,0.0,0.0,0.0,0.0,0.0,0.0,0.0,0.0,0.0,0.0,0.0,0.0,0.0,0.0,0.0,0.0,0.0,6518.0185546875,0.0,66823.125,0.0,-324.0,0.0,324.0,0.0,-4.735444626615724,0.0,0.4872244894504547,0.0,FL
275117,FL,1203,0.13644802570343018,3,1.0,58556.83984375,420469.8984375,2,1,71380.10546875,0.0,359996.1875,3700.351318359375,0.0,0.0,0.0,3700.351318359375,-369.25,0.0,369.25,0.0,-509.5,0.0,509.5,0.0,0.0,0.0,0.0,0.0,0.0,0.0,0.0,0.0,-200.0,0.0,200.0,0.0,0.0,0.0,0.0,0.0,0.0,0.0,0.0,0.0,0.0,0.0,0.0,0.0,0.0,0.0,0.0,0.0,0.0,0.0,0.0,0.0,-350.0,0.0,350.0,0.0,0.0,0.0,0.0,0.0,0.0,0.0,0.0,0.0,0.0,0.0,0.0,0.0,0.0,0.0,0.0,0.0,0.0,0.0,0.0,0.0,0.0,0.0,0.0,0.0,0.0,0.0,0.0,0.0,0.0,0.0,0.0,0.0,0.0,0.0,0.0,0.0,0.0,0.0,0.0,0.0,69951.35546875,0.0,361424.9375,3700.351318359375,-1428.75,0.0,1428.75,0.0,-2.001608138034347,0.0,0.3968791961669922,0.0,FL
275118,FL,1203,0.17072173953056335,4,2.0,0.0,100813.1953125,4,0,860.9541015625,0.0,94599.609375,0.0,0.0,0.0,0.0,0.0,-10.0,0.0,10.0,0.0,0.0,0.0,0.0,0.0,0.0,0.0,0.0,0.0,0.0,0.0,0.0,0.0,-400.0,0.0,400.0,0.0,0.0,0.0,0.0,0.0,0.0,0.0,0.0,0.0,0.0,0.0,0.0,0.0,0.0,0.0,0.0,0.0,0.0,0.0,0.0,0.0,0.0,0.0,0.0,0.0,0.0,0.0,0.0,0.0,0.0,0.0,0.0,0.0,0.0,0.0,0.0,0.0,0.0,0.0,0.0,0.0,0.0,0.0,0.0,0.0,0.0,0.0,0.0,0.0,0.0,0.0,0.0,0.0,0.0,0.0,0.0,0.0,0.0,0.0,0.0,0.0,0.0,0.0,0.0,0.0,450.9541015625,0.0,95009.609375,0.0,-410.0,0.0,410.0,0.0,-47.62158624436689,0.0,0.4334055781364441,0.0,FL
275119,FL,1203,65.03192138671875,2,0.0,0.0,82.72702026367188,2,0,0.0,0.0,123982.609375,61930.4765625,0.0,0.0,0.0,61930.4765625,0.0,0.0,0.0,0.0,0.0,0.0,0.0,0.0,0.0,0.0,0.0,0.0,0.0,0.0,0.0,0.0,0.0,0.0,0.0,0.0,0.0,0.0,0.0,0.0,0.0,0.0,0.0,0.0,0.0,0.0,0.0,0.0,0.0,0.0,0.0,0.0,0.0,0.0,0.0,0.0,0.0,0.0,0.0,0.0,0.0,0.0,0.0,0.0,0.0,0.0,0.0,0.0,0.0,0.0,0.0,0.0,0.0,0.0,0.0,0.0,0.0,0.0,0.0,0.0,0.0,0.0,0.0,0.0,0.0,0.0,0.0,0.0,0.0,0.0,0.0,0.0,0.0,0.0,0.0,0.0,0.0,0.0,0.0,0.0,0.0,0.0,123982.609375,61930.4765625,0.0,0.0,0.0,0.0,0.0,0.0,0.0,0.0,FL
275120,FL,1203,0.1477188915014267,1,0.0,225416.5625,533245.9375,1,0,161424.046875,0.0,363123.90625,0.0,0.0,0.0,0.0,0.0,-362.25,0.0,362.25,0.0,-332.5,0.0,332.5,0.0,0.0,0.0,0.0,0.0,0.0,0.0,0.0,0.0,0.0,0.0,0.0,0.0,0.0,0.0,0.0,0.0,-1750.0,0.0,1750.0,0.0,0.0,0.0,0.0,0.0,0.0,0.0,0.0,0.0,0.0,0.0,0.0,0.0,0.0,0.0,0.0,0.0,0.0,0.0,0.0,0.0,0.0,0.0,0.0,0.0,0.0,0.0,0.0,0.0,0.0,0.0,0.0,0.0,0.0,0.0,0.0,0.0,0.0,0.0,0.0,0.0,0.0,0.0,0.0,0.0,0.0,0.0,0.0,0.0,0.0,0.0,0.0,0.0,0.0,0.0,0.0,0.0,158979.296875,0.0,365568.65625,0.0,-2444.75,0.0,2444.75,0.0,-1.5144893510773594,0.0,0.6732550263404846,0.0,FL
275121,FL,1203,0.13788734376430511,6,3.9999999999999996,282867.0859375,688155.8125,6,0,139701.484375,0.0,528406.1875,0.0,0.0,0.0,0.0,0.0,-749.0,0.0,749.0,0.0,-665.0,0.0,665.0,0.0,0.0,0.0,0.0,0.0,0.0,0.0,0.0,0.0,0.0,0.0,0.0,0.0,0.0,0.0,0.0,0.0,0.0,0.0,0.0,0.0,0.0,0.0,0.0,0.0,0.0,0.0,0.0,0.0,0.0,0.0,0.0,0.0,-700.0,0.0,700.0,0.0,0.0,0.0,0.0,0.0,0.0,0.0,0.0,0.0,0.0,0.0,0.0,0.0,0.0,0.0,0.0,0.0,0.0,0.0,0.0,0.0,0.0,0.0,0.0,0.0,0.0,0.0,0.0,0.0,0.0,0.0,0.0,0.0,0.0,0.0,0.0,0.0,0.0,0.0,0.0,0.0,137587.484375,0.0,530520.1875,0.0,-2114.0,0.0,2114.0,0.0,-1.5132265841395072,0.0,0.40007102489471436,0.0,FL
275122,FL,1203,0.17082160711288452,1,0.0,44562.2265625,46282.94921875,1,0,3492.953857421875,0.0,44409.46484375,0.0,0.0,0.0,0.0,0.0,-5.0,0.0,5.0,0.0,-114.0,0.0,114.0,0.0,0.0,0.0,0.0,0.0,0.0,0.0,0.0,0.0,0.0,0.0,0.0,0.0,0.0,0.0,0.0,0.0,0.0,0.0,0.0,0.0,0.0,0.0,0.0,0.0,0.0,0.0,0.0,0.0,0.0,0.0,0.0,0.0,0.0,0.0,0.0,0.0,0.0,0.0,0.0,0.0,0.0,0.0,0.0,0.0,0.0,0.0,0.0,0.0,0.0,0.0,0.0,0.0,0.0,0.0,0.0,0.0,0.0,0.0,0.0,0.0,0.0,0.0,0.0,0.0,0.0,0.0,0.0,0.0,0.0,0.0,0.0,0.0,0.0,0.0,0.0,0.0,3373.953857421875,0.0,44528.46484375,0.0,-119.0,0.0,119.0,0.0,-3.406858631903974,0.0,0.26796090602874756,0.0,FL
275123,FL,1203,0.10124275088310242,3,1.0,0.0,72052.9453125,3,0,4128.353515625,0.0,151058.40625,59987.03515625,0.0,0.0,0.0,59987.03515625,-10.0,0.0,10.0,0.0,-228.0,0.0,228.0,0.0,0.0,0.0,0.0,0.0,0.0,0.0,0.0,0.0,0.0,0.0,0.0,0.0,0.0,0.0,0.0,0.0,0.0,0.0,0.0,0.0,0.0,0.0,0.0,0.0,0.0,0.0,0.0,0.0,0.0,0.0,0.0,0.0,-240.0,0.0,240.0,0.0,0.0,0.0,0.0,0.0,0.0,0.0,0.0,0.0,0.0,0.0,0.0,0.0,0.0,0.0,0.0,0.0,0.0,0.0,0.0,0.0,-1395.05908203125,0.0,1395.0625,0.0,0.0,0.0,0.0,0.0,0.0,0.0,0.0,0.0,0.0,0.0,0.0,0.0,0.0,0.0,0.0,0.0,2255.29443359375,0.0,152931.46875,59987.03515625,-1873.05908203125,0.0,1873.0625,0.0,-45.37060779659718,0.0,1.2399591207504272,0.0,FL
275124,FL,1203,57.533775329589844,1,0.0,0.0,0.0,1,0,0.0,0.0,15845.4287109375,2613.544677734375,13231.8837890625,0.0,0.0,15845.428466796875,0.0,0.0,0.0,0.0,0.0,0.0,0.0,0.0,0.0,0.0,0.0,0.0,0.0,0.0,0.0,0.0,0.0,0.0,0.0,0.0,0.0,0.0,0.0,0.0,0.0,0.0,0.0,0.0,0.0,0.0,0.0,0.0,0.0,0.0,0.0,0.0,0.0,0.0,0.0,0.0,0.0,0.0,0.0,0.0,0.0,0.0,0.0,0.0,0.0,0.0,0.0,0.0,0.0,0.0,0.0,0.0,0.0,0.0,0.0,0.0,0.0,0.0,0.0,0.0,0.0,0.0,0.0,0.0,0.0,0.0,0.0,0.0,0.0,0.0,0.0,0.0,0.0,0.0,0.0,0.0,0.0,0.0,0.0,0.0,0.0,0.0,15845.4287109375,15845.428466796875,0.0,0.0,0.0,0.0,0.0,0.0,0.0,0.0,FL
275125,FL,1203,0.11999637633562088,2,0.0,0.0,1678407.5703125,2,0,517680.0,0.0,1194016.75,0.0,0.0,0.0,0.0,0.0,-350.25,0.0,350.25,0.0,-351.5,0.0,351.5,0.0,0.0,0.0,0.0,0.0,0.0,0.0,0.0,0.0,0.0,0.0,0.0,0.0,0.0,0.0,0.0,0.0,-1850.0,0.0,1850.0,0.0,0.0,0.0,0.0,0.0,0.0,0.0,0.0,0.0,0.0,0.0,0.0,0.0,0.0,0.0,0.0,0.0,0.0,0.0,0.0,0.0,0.0,0.0,0.0,0.0,0.0,0.0,0.0,0.0,0.0,0.0,0.0,0.0,0.0,0.0,0.0,0.0,0.0,0.0,0.0,0.0,0.0,0.0,0.0,0.0,0.0,0.0,0.0,0.0,0.0,0.0,0.0,0.0,0.0,0.0,0.0,0.0,515128.25,0.0,1196568.5,0.0,-2551.75,0.0,2551.75,0.0,-0.4929203368876526,0.0,0.21371141076087952,0.0,FL
275126,FL,1203,144.17562866210938,1,0.0,0.0,0.0,1,0,0.0,0.0,59536.90234375,29912.29296875,0.0,0.0,0.0,29912.29296875,0.0,0.0,0.0,0.0,0.0,0.0,0.0,0.0,0.0,0.0,0.0,0.0,0.0,0.0,0.0,0.0,0.0,0.0,0.0,0.0,0.0,0.0,0.0,0.0,0.0,0.0,0.0,0.0,0.0,0.0,0.0,0.0,0.0,0.0,0.0,0.0,0.0,0.0,0.0,0.0,0.0,0.0,0.0,0.0,0.0,0.0,0.0,0.0,0.0,0.0,0.0,0.0,0.0,0.0,0.0,0.0,0.0,0.0,0.0,0.0,0.0,0.0,0.0,0.0,0.0,0.0,0.0,0.0,0.0,0.0,0.0,0.0,0.0,0.0,0.0,0.0,0.0,0.0,0.0,0.0,0.0,0.0,0.0,0.0,0.0,0.0,59536.90234375,29912.29296875,0.0,0.0,0.0,0.0,0.0,0.0,0.0,0.0,FL
275127,FL,1203,105.78079223632812,1,0.0,0.0,0.0,1,0,0.0,0.0,36937.1328125,13359.525390625,13231.8837890625,0.0,0.0,26591.4091796875,0.0,0.0,0.0,0.0,0.0,0.0,0.0,0.0,0.0,0.0,0.0,0.0,0.0,0.0,0.0,0.0,0.0,0.0,0.0,0.0,0.0,0.0,0.0,0.0,0.0,0.0,0.0,0.0,0.0,0.0,0.0,0.0,0.0,0.0,0.0,0.0,0.0,0.0,0.0,0.0,0.0,0.0,0.0,0.0,0.0,0.0,0.0,0.0,0.0,0.0,0.0,0.0,0.0,0.0,0.0,0.0,0.0,0.0,0.0,0.0,0.0,0.0,0.0,0.0,0.0,0.0,0.0,0.0,0.0,0.0,0.0,0.0,0.0,0.0,0.0,0.0,0.0,0.0,0.0,0.0,0.0,0.0,0.0,0.0,0.0,0.0,36937.1328125,26591.4091796875,0.0,0.0,0.0,0.0,0.0,0.0,0.0,0.0,FL
275128,FL,1203,0.18342319130897522,3,0.0,89041.1455078125,141072.3759765625,3,0,7634.7939453125,0.0,153959.3125,8615.833984375,13231.8837890625,0.0,0.0,21847.7177734375,-10.0,0.0,10.0,0.0,0.0,0.0,0.0,0.0,0.0,0.0,0.0,0.0,0.0,0.0,0.0,0.0,0.0,0.0,0.0,0.0,0.0,0.0,0.0,0.0,0.0,0.0,0.0,0.0,0.0,0.0,0.0,0.0,0.0,0.0,0.0,0.0,0.0,0.0,0.0,0.0,0.0,0.0,0.0,0.0,0.0,0.0,0.0,0.0,0.0,0.0,0.0,0.0,0.0,0.0,0.0,0.0,0.0,0.0,0.0,0.0,0.0,0.0,0.0,0.0,0.0,0.0,0.0,0.0,0.0,0.0,0.0,0.0,0.0,0.0,0.0,0.0,0.0,0.0,0.0,0.0,0.0,0.0,0.0,0.0,7624.7939453125,0.0,153969.3125,21847.7177734375,-10.0,0.0,10.0,0.0,-0.1309793043745425,0.0,0.006495222449302673,0.0,FL
275129,FL,1203,653.42822265625,3,0.0,0.0,0.0,3,0,0.0,0.0,70229.5625,19786.001953125,39695.6513671875,0.0,0.0,59481.6533203125,0.0,0.0,0.0,0.0,0.0,0.0,0.0,0.0,0.0,0.0,0.0,0.0,0.0,0.0,0.0,0.0,0.0,0.0,0.0,0.0,0.0,0.0,0.0,0.0,0.0,0.0,0.0,0.0,0.0,0.0,0.0,0.0,0.0,0.0,0.0,0.0,0.0,0.0,0.0,0.0,0.0,0.0,0.0,0.0,0.0,0.0,0.0,0.0,0.0,0.0,0.0,0.0,0.0,0.0,0.0,0.0,0.0,0.0,0.0,0.0,0.0,0.0,0.0,0.0,0.0,0.0,0.0,0.0,0.0,0.0,0.0,0.0,0.0,0.0,0.0,0.0,0.0,0.0,0.0,0.0,0.0,0.0,0.0,0.0,0.0,0.0,70229.5625,59481.6533203125,0.0,0.0,0.0,0.0,0.0,0.0,0.0,0.0,FL
275130,FL,1203,378.5480041503906,1,0.0,0.0,0.0,1,0,0.0,0.0,30455.88671875,12895.84375,13231.8837890625,0.0,0.0,26127.7275390625,0.0,0.0,0.0,0.0,0.0,0.0,0.0,0.0,0.0,0.0,0.0,0.0,0.0,0.0,0.0,0.0,0.0,0.0,0.0,0.0,0.0,0.0,0.0,0.0,0.0,0.0,0.0,0.0,0.0,0.0,0.0,0.0,0.0,0.0,0.0,0.0,0.0,0.0,0.0,0.0,0.0,0.0,0.0,0.0,0.0,0.0,0.0,0.0,0.0,0.0,0.0,0.0,0.0,0.0,0.0,0.0,0.0,0.0,0.0,0.0,0.0,0.0,0.0,0.0,0.0,0.0,0.0,0.0,0.0,0.0,0.0,0.0,0.0,0.0,0.0,0.0,0.0,0.0,0.0,0.0,0.0,0.0,0.0,0.0,0.0,0.0,30455.88671875,26127.7275390625,0.0,0.0,0.0,0.0,0.0,0.0,0.0,0.0,FL
275131,FL,1203,287.58477783203125,2,0.0,0.0,1164.784423828125,2,0,0.0,0.0,55511.2421875,24699.125,26463.767578125,0.0,0.0,51162.892578125,0.0,0.0,0.0,0.0,0.0,0.0,0.0,0.0,0.0,0.0,0.0,0.0,0.0,0.0,0.0,0.0,0.0,0.0,0.0,0.0,0.0,0.0,0.0,0.0,0.0,0.0,0.0,0.0,0.0,0.0,0.0,0.0,0.0,0.0,0.0,0.0,0.0,0.0,0.0,0.0,0.0,0.0,0.0,0.0,0.0,0.0,0.0,0.0,0.0,0.0,0.0,0.0,0.0,0.0,0.0,0.0,0.0,0.0,0.0,0.0,0.0,0.0,0.0,0.0,0.0,0.0,0.0,0.0,0.0,0.0,0.0,0.0,0.0,0.0,0.0,0.0,0.0,0.0,0.0,0.0,0.0,0.0,0.0,0.0,0.0,0.0,55511.2421875,51162.892578125,0.0,0.0,0.0,0.0,0.0,0.0,0.0,0.0,FL
275132,FL,1203,0.19125322997570038,4,2.0,175465.4033203125,149141.9375,4,0,12286.9072265625,0.0,192088.078125,0.0,0.0,0.0,0.0,0.0,-230.0,0.0,230.0,0.0,0.0,0.0,0.0,0.0,0.0,0.0,0.0,0.0,0.0,0.0,0.0,0.0,0.0,0.0,0.0,0.0,0.0,0.0,0.0,0.0,0.0,0.0,0.0,0.0,0.0,0.0,0.0,0.0,0.0,0.0,0.0,0.0,0.0,0.0,0.0,0.0,0.0,0.0,0.0,0.0,0.0,0.0,0.0,0.0,0.0,0.0,0.0,0.0,0.0,0.0,0.0,0.0,-530.640625,0.0,530.640625,0.0,-1081.7939453125,0.0,1081.796875,0.0,0.0,0.0,0.0,0.0,0.0,0.0,0.0,0.0,0.0,0.0,0.0,0.0,0.0,0.0,0.0,0.0,0.0,0.0,0.0,0.0,10444.47265625,0.0,193930.515625,0.0,-1842.4345703125,0.0,1842.4375,0.0,-14.995104433843412,0.0,0.9591628909111023,0.0,FL
275133,FL,1203,0.134274423122406,3,0.0,233666.50390625,233683.05859375,3,0,26878.451171875,0.0,195690.828125,0.0,0.0,0.0,0.0,0.0,-235.0,0.0,235.0,0.0,-532.0,0.0,532.0,0.0,0.0,0.0,0.0,0.0,0.0,0.0,0.0,0.0,0.0,0.0,0.0,0.0,0.0,0.0,0.0,0.0,0.0,0.0,0.0,0.0,0.0,0.0,0.0,0.0,0.0,0.0,0.0,0.0,0.0,0.0,0.0,0.0,-23.865234375,0.0,23.859375,0.0,0.0,0.0,0.0,0.0,0.0,0.0,0.0,0.0,0.0,0.0,0.0,0.0,0.0,0.0,0.0,0.0,-595.508056640625,0.0,595.515625,0.0,0.0,0.0,0.0,0.0,-197.22265625,0.0,197.21875,0.0,0.0,0.0,0.0,0.0,0.0,0.0,0.0,0.0,0.0,0.0,0.0,0.0,25294.855224609375,0.0,197274.421875,0.0,-1583.595947265625,0.0,1583.59375,0.0,-5.891693450412291,0.0,0.8092325329780579,0.0,FL
275134,FL,1203,23.29496192932129,2,0.0,0.0,28.08690643310547,2,0,0.0,0.0,695.8729858398438,660.0,0.0,0.0,0.0,660.0,0.0,0.0,0.0,0.0,0.0,0.0,0.0,0.0,0.0,0.0,0.0,0.0,0.0,0.0,0.0,0.0,0.0,0.0,0.0,0.0,0.0,0.0,0.0,0.0,0.0,0.0,0.0,0.0,0.0,0.0,0.0,0.0,0.0,0.0,0.0,0.0,0.0,0.0,0.0,0.0,0.0,0.0,0.0,0.0,0.0,0.0,0.0,0.0,0.0,0.0,0.0,0.0,0.0,0.0,0.0,0.0,0.0,0.0,0.0,0.0,0.0,0.0,0.0,0.0,0.0,0.0,0.0,0.0,0.0,0.0,0.0,0.0,0.0,0.0,0.0,0.0,0.0,0.0,0.0,0.0,0.0,0.0,0.0,0.0,0.0,0.0,695.8729858398438,660.0,0.0,0.0,0.0,0.0,0.0,0.0,0.0,0.0,FL
275135,FL,1203,0.1719750612974167,1,0.0,0.0,108892.3515625,1,0,14847.9892578125,0.0,118699.46875,25216.88671875,0.0,0.0,0.0,25216.88671875,-115.0,0.0,115.0,0.0,-209.0,0.0,209.0,0.0,0.0,0.0,0.0,0.0,0.0,0.0,0.0,0.0,0.0,0.0,0.0,0.0,0.0,0.0,0.0,0.0,0.0,0.0,0.0,0.0,0.0,0.0,0.0,0.0,0.0,0.0,0.0,0.0,0.0,0.0,0.0,0.0,0.0,0.0,0.0,0.0,0.0,0.0,0.0,0.0,0.0,0.0,0.0,0.0,0.0,0.0,0.0,0.0,0.0,0.0,0.0,0.0,0.0,0.0,0.0,0.0,-872.6220703125,0.0,872.625,0.0,0.0,0.0,0.0,0.0,0.0,0.0,0.0,0.0,0.0,0.0,0.0,0.0,0.0,0.0,0.0,0.0,13651.3671875,0.0,119896.09375,25216.88671875,-1196.6220703125,0.0,1196.625,0.0,-8.059152317091547,0.0,1.008113145828247,0.0,FL
275136,FL,1203,51.89142990112305,1,0.0,0.0,2.4818105697631836,1,0,0.0,0.0,38812.8828125,19713.458984375,0.0,0.0,0.0,19713.458984375,0.0,0.0,0.0,0.0,0.0,0.0,0.0,0.0,0.0,0.0,0.0,0.0,0.0,0.0,0.0,0.0,0.0,0.0,0.0,0.0,0.0,0.0,0.0,0.0,0.0,0.0,0.0,0.0,0.0,0.0,0.0,0.0,0.0,0.0,0.0,0.0,0.0,0.0,0.0,0.0,0.0,0.0,0.0,0.0,0.0,0.0,0.0,0.0,0.0,0.0,0.0,0.0,0.0,0.0,0.0,0.0,0.0,0.0,0.0,0.0,0.0,0.0,0.0,0.0,0.0,0.0,0.0,0.0,0.0,0.0,0.0,0.0,0.0,0.0,-287.6796875,-287.68359375,0.0,0.0,0.0,0.0,0.0,0.0,0.0,0.0,0.0,0.0,38525.203125,19425.775390625,0.0,0.0,-287.6796875,-287.68359375,0.0,0.0,-0.7411963939666748,-1.4593258036452135,FL
275137,FL,1203,0.23045949637889862,4,0.0,0.0,140284.46484375,4,0,10191.559753417969,0.0,201743.453125,57939.109375,0.0,0.0,0.0,57939.109375,-10.0,0.0,10.0,0.0,-322.99998474121094,0.0,323.0,0.0,0.0,0.0,0.0,0.0,0.0,0.0,0.0,0.0,0.0,0.0,0.0,0.0,0.0,0.0,0.0,0.0,0.0,0.0,0.0,0.0,0.0,0.0,0.0,0.0,0.0,0.0,0.0,0.0,0.0,0.0,0.0,0.0,-240.2712860107422,0.0,240.28125,0.0,0.0,0.0,0.0,0.0,0.0,0.0,0.0,0.0,0.0,0.0,0.0,0.0,0.0,0.0,0.0,0.0,0.0,0.0,0.0,0.0,-1647.6087951660156,0.0,1647.609375,0.0,0.0,0.0,0.0,0.0,0.0,0.0,0.0,0.0,0.0,0.0,0.0,0.0,0.0,0.0,0.0,0.0,7970.6796875,0.0,203964.34375,57939.109375,-2220.8800659179688,0.0,2220.890625,0.0,-21.79136579337767,0.0,1.100848913192749,0.0,FL
275138,FL,1203,0.14692027866840363,2,0.0,196948.8828125,213441.734375,2,0,29582.181640625,0.0,217923.859375,18877.787109375,0.0,0.0,0.0,18877.787109375,-230.0,0.0,230.0,0.0,-418.0,0.0,418.0,0.0,0.0,0.0,0.0,0.0,0.0,0.0,0.0,0.0,0.0,0.0,0.0,0.0,0.0,0.0,0.0,0.0,0.0,0.0,0.0,0.0,0.0,0.0,0.0,0.0,0.0,0.0,0.0,0.0,0.0,0.0,0.0,0.0,-440.0,0.0,440.0,0.0,0.0,0.0,0.0,0.0,0.0,0.0,0.0,0.0,0.0,0.0,0.0,0.0,0.0,0.0,0.0,0.0,0.0,0.0,0.0,0.0,-482.5703125,0.0,482.5625,0.0,0.0,0.0,0.0,0.0,0.0,0.0,0.0,0.0,0.0,0.0,0.0,0.0,0.0,0.0,0.0,0.0,28011.611328125,0.0,219494.421875,18877.787109375,-1570.5703125,0.0,1570.5625,0.0,-5.309176759104024,0.0,0.7206932306289673,0.0,FL
275139,FL,1203,0.15012702345848083,1,0.0,0.0,121460.4296875,1,0,14362.044921875,0.0,124646.4375,15259.1806640625,0.0,0.0,0.0,15259.1806640625,-115.0,0.0,115.0,0.0,-209.0,0.0,209.0,0.0,0.0,0.0,0.0,0.0,0.0,0.0,0.0,0.0,0.0,0.0,0.0,0.0,0.0,0.0,0.0,0.0,0.0,0.0,0.0,0.0,0.0,0.0,0.0,0.0,0.0,0.0,0.0,0.0,0.0,0.0,0.0,0.0,-220.0,0.0,220.0,0.0,0.0,0.0,0.0,0.0,0.0,0.0,0.0,0.0,0.0,0.0,0.0,0.0,0.0,0.0,0.0,0.0,0.0,0.0,0.0,0.0,-706.72265625,0.0,706.7265625,0.0,0.0,0.0,0.0,0.0,0.0,0.0,0.0,0.0,0.0,0.0,0.0,0.0,0.0,0.0,0.0,0.0,13111.322265625,0.0,125897.1640625,15259.1806640625,-1250.72265625,0.0,1250.7265625,0.0,-8.708527671745474,0.0,1.0034193992614746,0.0,FL
275140,FL,1203,117.0970458984375,1,0.0,0.0,165.45404052734375,1,0,0.0,0.0,42191.578125,21282.974609375,0.0,0.0,0.0,21282.974609375,0.0,0.0,0.0,0.0,0.0,0.0,0.0,0.0,0.0,0.0,0.0,0.0,0.0,0.0,0.0,0.0,0.0,0.0,0.0,0.0,0.0,0.0,0.0,0.0,0.0,0.0,0.0,0.0,0.0,0.0,0.0,0.0,0.0,0.0,0.0,0.0,0.0,0.0,0.0,0.0,0.0,0.0,0.0,0.0,0.0,0.0,0.0,0.0,0.0,0.0,0.0,0.0,0.0,0.0,0.0,0.0,0.0,0.0,0.0,0.0,0.0,0.0,0.0,0.0,0.0,0.0,0.0,0.0,0.0,0.0,0.0,0.0,0.0,0.0,0.0,0.0,0.0,0.0,0.0,0.0,0.0,0.0,0.0,0.0,0.0,0.0,42191.578125,21282.974609375,0.0,0.0,0.0,0.0,0.0,0.0,0.0,0.0,FL
275141,FL,1203,83.91069030761719,1,0.0,0.0,0.0,1,0,0.0,0.0,51870.25390625,26078.96875,0.0,0.0,0.0,26078.96875,0.0,0.0,0.0,0.0,0.0,0.0,0.0,0.0,0.0,0.0,0.0,0.0,0.0,0.0,0.0,0.0,0.0,0.0,0.0,0.0,0.0,0.0,0.0,0.0,0.0,0.0,0.0,0.0,0.0,0.0,0.0,0.0,0.0,0.0,0.0,0.0,0.0,0.0,0.0,0.0,0.0,0.0,0.0,0.0,0.0,0.0,0.0,0.0,0.0,0.0,0.0,0.0,0.0,0.0,0.0,0.0,0.0,0.0,0.0,0.0,0.0,0.0,0.0,0.0,0.0,0.0,0.0,0.0,0.0,0.0,0.0,0.0,0.0,0.0,0.0,0.0,0.0,0.0,0.0,0.0,0.0,0.0,0.0,0.0,0.0,0.0,51870.25390625,26078.96875,0.0,0.0,0.0,0.0,0.0,0.0,0.0,0.0,FL
275142,FL,1203,266.0017395019531,3,2.0,0.0,0.0,3,0,0.0,0.0,36100.0546875,17341.08203125,18758.97021484375,0.0,0.0,36100.05224609375,0.0,0.0,0.0,0.0,0.0,0.0,0.0,0.0,0.0,0.0,0.0,0.0,0.0,0.0,0.0,0.0,0.0,0.0,0.0,0.0,0.0,0.0,0.0,0.0,0.0,0.0,0.0,0.0,0.0,0.0,0.0,0.0,0.0,0.0,0.0,0.0,0.0,0.0,0.0,0.0,0.0,0.0,0.0,0.0,0.0,0.0,0.0,0.0,0.0,0.0,0.0,0.0,0.0,0.0,0.0,0.0,0.0,0.0,0.0,0.0,0.0,0.0,0.0,0.0,0.0,0.0,0.0,0.0,0.0,0.0,0.0,0.0,0.0,0.0,0.0,0.0,0.0,0.0,0.0,0.0,0.0,0.0,0.0,0.0,0.0,0.0,36100.0546875,36100.05224609375,0.0,0.0,0.0,0.0,0.0,0.0,0.0,0.0,FL
275143,FL,1203,481.2773742675781,2,1.0,0.0,0.0,2,0,0.0,0.0,24104.220703125,8108.79345703125,15995.427001953125,0.0,0.0,24104.220458984375,0.0,0.0,0.0,0.0,0.0,0.0,0.0,0.0,0.0,0.0,0.0,0.0,0.0,0.0,0.0,0.0,0.0,0.0,0.0,0.0,0.0,0.0,0.0,0.0,0.0,0.0,0.0,0.0,0.0,0.0,0.0,0.0,0.0,0.0,0.0,0.0,0.0,0.0,0.0,0.0,0.0,0.0,0.0,0.0,0.0,0.0,0.0,0.0,0.0,0.0,0.0,0.0,0.0,0.0,0.0,0.0,0.0,0.0,0.0,0.0,0.0,0.0,0.0,0.0,0.0,0.0,0.0,0.0,0.0,0.0,0.0,0.0,0.0,0.0,-6588.71875,-6588.7177734375,0.0,0.0,0.0,0.0,0.0,0.0,0.0,0.0,0.0,0.0,17515.501953125,17515.502685546875,0.0,0.0,-6588.71875,-6588.7177734375,0.0,0.0,-27.334293365478516,-27.334291041059927,FL
275144,FL,1203,88.30291748046875,1,0.0,0.0,496.36212158203125,1,0,0.0,0.0,58872.9765625,28603.2734375,0.0,0.0,0.0,28603.2734375,0.0,0.0,0.0,0.0,0.0,0.0,0.0,0.0,0.0,0.0,0.0,0.0,0.0,0.0,0.0,0.0,0.0,0.0,0.0,0.0,0.0,0.0,0.0,0.0,0.0,0.0,0.0,0.0,0.0,0.0,0.0,0.0,0.0,0.0,0.0,0.0,0.0,0.0,0.0,0.0,0.0,0.0,0.0,0.0,0.0,0.0,0.0,0.0,0.0,0.0,0.0,0.0,0.0,0.0,0.0,0.0,0.0,0.0,0.0,0.0,0.0,0.0,0.0,0.0,0.0,0.0,0.0,0.0,0.0,0.0,0.0,0.0,0.0,0.0,0.0,0.0,0.0,0.0,0.0,0.0,0.0,0.0,0.0,0.0,0.0,0.0,58872.9765625,28603.2734375,0.0,0.0,0.0,0.0,0.0,0.0,0.0,0.0,FL
275145,FL,1203,88.50724029541016,1,0.0,0.0,0.0,1,0,0.0,0.0,48864.1953125,24575.939453125,0.0,0.0,0.0,24575.939453125,0.0,0.0,0.0,0.0,0.0,0.0,0.0,0.0,0.0,0.0,0.0,0.0,0.0,0.0,0.0,0.0,0.0,0.0,0.0,0.0,0.0,0.0,0.0,0.0,0.0,0.0,0.0,0.0,0.0,0.0,0.0,0.0,0.0,0.0,0.0,0.0,0.0,0.0,0.0,0.0,0.0,0.0,0.0,0.0,0.0,0.0,0.0,0.0,0.0,0.0,0.0,0.0,0.0,0.0,0.0,0.0,0.0,0.0,0.0,0.0,0.0,0.0,0.0,0.0,0.0,0.0,0.0,0.0,0.0,0.0,0.0,0.0,0.0,0.0,0.0,0.0,0.0,0.0,0.0,0.0,0.0,0.0,0.0,0.0,0.0,0.0,48864.1953125,24575.939453125,0.0,0.0,0.0,0.0,0.0,0.0,0.0,0.0,FL
275146,FL,1203,243.4285888671875,2,0.0,0.0,0.0,2,0,0.0,0.0,330.0,330.0,0.0,0.0,0.0,330.0,0.0,0.0,0.0,0.0,0.0,0.0,0.0,0.0,0.0,0.0,0.0,0.0,0.0,0.0,0.0,0.0,0.0,0.0,0.0,0.0,0.0,0.0,0.0,0.0,0.0,0.0,0.0,0.0,0.0,0.0,0.0,0.0,0.0,0.0,0.0,0.0,0.0,0.0,0.0,0.0,0.0,0.0,0.0,0.0,0.0,0.0,0.0,0.0,0.0,0.0,0.0,0.0,0.0,0.0,0.0,0.0,0.0,0.0,0.0,0.0,0.0,0.0,0.0,0.0,0.0,0.0,0.0,0.0,0.0,0.0,0.0,0.0,0.0,0.0,0.0,0.0,0.0,0.0,0.0,0.0,0.0,0.0,0.0,0.0,0.0,0.0,330.0,330.0,0.0,0.0,0.0,0.0,0.0,0.0,0.0,0.0,FL
275147,FL,1203,0.12508070468902588,4,2.0,230394.9765625,232299.3515625,4,0,26713.4814453125,0.0,202366.625,0.0,0.0,0.0,0.0,0.0,-278.0,0.0,278.0,0.0,-563.0,0.0,563.0,0.0,0.0,0.0,0.0,0.0,0.0,0.0,0.0,0.0,-400.0,0.0,400.0,0.0,0.0,0.0,0.0,0.0,0.0,0.0,0.0,0.0,0.0,0.0,0.0,0.0,0.0,0.0,0.0,0.0,0.0,0.0,0.0,0.0,0.0,0.0,0.0,0.0,0.0,0.0,0.0,0.0,0.0,0.0,0.0,0.0,0.0,0.0,0.0,0.0,0.0,0.0,0.0,0.0,0.0,0.0,0.0,0.0,0.0,0.0,0.0,0.0,0.0,0.0,0.0,0.0,0.0,0.0,0.0,0.0,0.0,0.0,0.0,0.0,0.0,0.0,0.0,0.0,25472.4814453125,0.0,203607.625,0.0,-1241.0,0.0,1241.0,0.0,-4.6455944072305195,0.0,0.6132434010505676,0.0,FL
275148,FL,1203,0.2719182074069977,2,0.0,144316.6875,145354.91015625,2,0,16461.9482421875,0.0,120367.5,0.0,0.0,0.0,0.0,0.0,-120.0,0.0,120.0,0.0,-323.0,0.0,323.0,0.0,0.0,0.0,0.0,0.0,0.0,0.0,0.0,0.0,0.0,0.0,0.0,0.0,0.0,0.0,0.0,0.0,0.0,0.0,0.0,0.0,0.0,0.0,0.0,0.0,0.0,0.0,0.0,0.0,0.0,0.0,0.0,0.0,0.0,0.0,0.0,0.0,0.0,0.0,0.0,0.0,0.0,0.0,0.0,0.0,0.0,0.0,0.0,0.0,0.0,0.0,0.0,0.0,0.0,0.0,0.0,0.0,0.0,0.0,0.0,0.0,0.0,0.0,0.0,0.0,0.0,0.0,0.0,0.0,0.0,0.0,0.0,0.0,0.0,0.0,0.0,0.0,16018.9482421875,0.0,120810.5,0.0,-443.0,0.0,443.0,0.0,-2.6910545063233244,0.0,0.3680395483970642,0.0,FL
275149,FL,1203,555.9672241210938,2,0.0,0.0,1454.0142798423767,2,0,0.0,0.0,81118.71875,42807.3203125,0.0,0.0,0.0,42807.3203125,0.0,0.0,0.0,0.0,0.0,0.0,0.0,0.0,0.0,0.0,0.0,0.0,0.0,0.0,0.0,0.0,0.0,0.0,0.0,0.0,0.0,0.0,0.0,0.0,0.0,0.0,0.0,0.0,0.0,0.0,0.0,0.0,0.0,0.0,0.0,0.0,0.0,0.0,0.0,0.0,0.0,0.0,0.0,0.0,0.0,0.0,0.0,0.0,0.0,0.0,0.0,0.0,0.0,0.0,0.0,0.0,0.0,0.0,0.0,0.0,0.0,0.0,0.0,0.0,0.0,0.0,0.0,0.0,0.0,0.0,0.0,0.0,0.0,0.0,0.0,0.0,0.0,0.0,0.0,0.0,0.0,0.0,0.0,0.0,0.0,0.0,81118.71875,42807.3203125,0.0,0.0,0.0,0.0,0.0,0.0,0.0,0.0,FL
275150,FL,1203,0.12067452073097229,1,0.0,46458.0546875,46478.73828125,1,0,3516.448486328125,0.0,39417.98046875,0.0,0.0,0.0,0.0,0.0,-5.0,0.0,5.0,0.0,-114.0,0.0,114.0,0.0,0.0,0.0,0.0,0.0,0.0,0.0,0.0,0.0,0.0,0.0,0.0,0.0,0.0,0.0,0.0,0.0,0.0,0.0,0.0,0.0,0.0,0.0,0.0,0.0,0.0,0.0,0.0,0.0,0.0,0.0,0.0,0.0,0.0,0.0,0.0,0.0,0.0,0.0,0.0,0.0,0.0,0.0,0.0,0.0,0.0,0.0,0.0,0.0,0.0,0.0,0.0,0.0,0.0,0.0,0.0,0.0,0.0,0.0,0.0,0.0,0.0,0.0,0.0,0.0,0.0,0.0,0.0,0.0,0.0,0.0,0.0,0.0,0.0,0.0,0.0,0.0,3397.448486328125,0.0,39536.98046875,0.0,-119.0,0.0,119.0,0.0,-3.3840962113527153,0.0,0.3018926978111267,0.0,FL
275151,FL,1203,119.8856430053711,1,0.0,0.0,0.0,1,0,0.0,0.0,51453.8984375,25870.791015625,0.0,0.0,0.0,25870.791015625,0.0,0.0,0.0,0.0,0.0,0.0,0.0,0.0,0.0,0.0,0.0,0.0,0.0,0.0,0.0,0.0,0.0,0.0,0.0,0.0,0.0,0.0,0.0,0.0,0.0,0.0,0.0,0.0,0.0,0.0,0.0,0.0,0.0,0.0,0.0,0.0,0.0,0.0,0.0,0.0,0.0,0.0,0.0,0.0,0.0,0.0,0.0,0.0,0.0,0.0,0.0,0.0,0.0,0.0,0.0,0.0,0.0,0.0,0.0,0.0,0.0,0.0,0.0,0.0,0.0,0.0,0.0,0.0,0.0,0.0,0.0,0.0,0.0,0.0,0.0,0.0,0.0,0.0,0.0,0.0,0.0,0.0,0.0,0.0,0.0,0.0,51453.8984375,25870.791015625,0.0,0.0,0.0,0.0,0.0,0.0,0.0,0.0,FL
275152,FL,1203,0.36617833375930786,2,0.0,0.0,170659.90625,2,0,19444.1796875,0.0,234773.5,54497.078125,0.0,0.0,0.0,54497.078125,-230.0,0.0,230.0,0.0,-418.0,0.0,418.0,0.0,0.0,0.0,0.0,0.0,0.0,0.0,0.0,0.0,0.0,0.0,0.0,0.0,0.0,0.0,0.0,0.0,0.0,0.0,0.0,0.0,0.0,0.0,0.0,0.0,0.0,0.0,0.0,0.0,0.0,0.0,0.0,0.0,0.0,0.0,0.0,0.0,0.0,0.0,0.0,0.0,0.0,0.0,0.0,0.0,0.0,0.0,0.0,0.0,0.0,0.0,0.0,0.0,0.0,0.0,0.0,0.0,-2367.2890625,0.0,2367.28125,0.0,-665.81640625,0.0,665.8125,0.0,0.0,0.0,0.0,0.0,0.0,0.0,0.0,0.0,0.0,0.0,0.0,0.0,15763.07421875,0.0,238454.59375,54497.078125,-3681.10546875,0.0,3681.09375,0.0,-18.931657328369873,0.0,1.5679340362548828,0.0,FL
275153,FL,1203,161.36830139160156,2,0.0,0.0,-404.0516061782837,2,0,0.0,0.0,91349.71875,45671.8203125,0.0,0.0,0.0,45671.8203125,0.0,0.0,0.0,0.0,0.0,0.0,0.0,0.0,0.0,0.0,0.0,0.0,0.0,0.0,0.0,0.0,0.0,0.0,0.0,0.0,0.0,0.0,0.0,0.0,0.0,0.0,0.0,0.0,0.0,0.0,0.0,0.0,0.0,0.0,0.0,0.0,0.0,0.0,0.0,0.0,0.0,0.0,0.0,0.0,0.0,0.0,0.0,0.0,0.0,0.0,0.0,0.0,0.0,0.0,0.0,0.0,0.0,0.0,0.0,0.0,0.0,0.0,0.0,0.0,0.0,0.0,0.0,0.0,0.0,0.0,0.0,0.0,0.0,0.0,0.0,0.0,0.0,0.0,0.0,0.0,0.0,0.0,0.0,0.0,0.0,0.0,91349.71875,45671.8203125,0.0,0.0,0.0,0.0,0.0,0.0,0.0,0.0,FL
275154,FL,1203,0.14148332178592682,5,1.9999999999999998,188159.19921875,194407.62500000003,5,0,15386.134765624998,0.0,190212.953125,7865.7197265625,2763.543212890625,0.0,0.0,10629.262939453125,-124.99999999999636,0.0,125.0,0.0,-437.0,0.0,437.0,0.0,0.0,0.0,0.0,0.0,0.0,0.0,0.0,0.0,-200.00000000000364,0.0,200.0,0.0,0.0,0.0,0.0,0.0,-624.51806640625,0.0,624.515625,0.0,0.0,0.0,0.0,0.0,0.0,0.0,0.0,0.0,0.0,0.0,0.0,0.0,-61.17578124999636,0.0,61.171875,0.0,0.0,0.0,0.0,0.0,0.0,0.0,0.0,0.0,0.0,0.0,0.0,0.0,0.0,0.0,0.0,0.0,0.0,0.0,0.0,0.0,0.0,0.0,0.0,0.0,0.0,0.0,0.0,0.0,0.0,0.0,0.0,0.0,0.0,0.0,0.0,0.0,0.0,0.0,0.0,0.0,13938.440917968752,0.0,191660.640625,10629.262939453125,-1447.6938476562464,0.0,1447.6875,0.0,-9.409080771153896,0.0,0.7610877752304077,0.0,FL
275155,FL,1203,0.13848824799060822,1,0.0,80849.25,86640.140625,1,0,10554.8310546875,0.0,77723.6171875,0.0,0.0,0.0,0.0,0.0,-115.0,0.0,115.0,0.0,-209.0,0.0,209.0,0.0,0.0,0.0,0.0,0.0,0.0,0.0,0.0,0.0,0.0,0.0,0.0,0.0,0.0,0.0,0.0,0.0,0.0,0.0,0.0,0.0,0.0,0.0,0.0,0.0,0.0,0.0,0.0,0.0,0.0,0.0,0.0,0.0,0.0,0.0,0.0,0.0,0.0,0.0,0.0,0.0,0.0,0.0,0.0,0.0,0.0,0.0,0.0,0.0,0.0,0.0,0.0,0.0,0.0,0.0,0.0,0.0,0.0,0.0,0.0,0.0,0.0,0.0,0.0,0.0,0.0,0.0,0.0,0.0,0.0,0.0,0.0,0.0,0.0,0.0,0.0,0.0,10230.8310546875,0.0,78047.6171875,0.0,-324.0,0.0,324.0,0.0,-3.0696843779049265,0.0,0.41686171293258667,0.0,FL
275156,FL,1203,49.889610290527344,1,0.0,0.0,0.0,1,0,0.0,0.0,37185.22265625,18901.453125,0.0,0.0,0.0,18901.453125,0.0,0.0,0.0,0.0,0.0,0.0,0.0,0.0,0.0,0.0,0.0,0.0,0.0,0.0,0.0,0.0,0.0,0.0,0.0,0.0,0.0,0.0,0.0,0.0,0.0,0.0,0.0,0.0,0.0,0.0,0.0,0.0,0.0,0.0,0.0,0.0,0.0,0.0,0.0,0.0,0.0,0.0,0.0,0.0,0.0,0.0,0.0,0.0,0.0,0.0,0.0,0.0,0.0,0.0,0.0,0.0,0.0,0.0,0.0,0.0,0.0,0.0,0.0,0.0,0.0,0.0,0.0,0.0,0.0,0.0,0.0,0.0,0.0,0.0,0.0,0.0,0.0,0.0,0.0,0.0,0.0,0.0,0.0,0.0,0.0,0.0,37185.22265625,18901.453125,0.0,0.0,0.0,0.0,0.0,0.0,0.0,0.0,FL
275157,FL,1203,0.2152194082736969,3,1.0,928289.765625,943720.15625,3,0,264723.744140625,0.0,660584.9375,0.0,0.0,0.0,0.0,0.0,-513.25,0.0,513.25,0.0,-705.5,0.0,705.5,0.0,0.0,0.0,0.0,0.0,0.0,0.0,0.0,0.0,-200.0,0.0,200.0,0.0,0.0,0.0,0.0,0.0,-1138.869140625,0.0,1138.875,0.0,0.0,0.0,0.0,0.0,0.0,0.0,0.0,0.0,0.0,0.0,0.0,0.0,-172.484375,0.0,172.4375,0.0,0.0,0.0,0.0,0.0,0.0,0.0,0.0,0.0,0.0,0.0,0.0,0.0,0.0,0.0,0.0,0.0,0.0,0.0,0.0,0.0,0.0,0.0,0.0,0.0,0.0,0.0,0.0,0.0,0.0,0.0,0.0,0.0,0.0,0.0,0.0,0.0,0.0,0.0,0.0,0.0,261993.640625,0.0,663315.0,0.0,-2730.103515625,0.0,2730.0625,0.0,-1.0313028491221137,0.0,0.41327956318855286,0.0,FL
275158,FL,1203,0.39100778102874756,2,0.0,468136.4921875,468136.4921875,2,0,109356.51171875,0.0,336296.875,0.0,0.0,0.0,0.0,0.0,-477.25,0.0,477.25,0.0,-541.5,0.0,541.5,0.0,0.0,0.0,0.0,0.0,0.0,0.0,0.0,0.0,0.0,0.0,0.0,0.0,0.0,0.0,0.0,0.0,0.0,0.0,0.0,0.0,0.0,0.0,0.0,0.0,0.0,0.0,0.0,0.0,0.0,0.0,0.0,0.0,0.0,0.0,0.0,0.0,0.0,0.0,0.0,0.0,0.0,0.0,0.0,0.0,-1365.0,0.0,1365.0,0.0,0.0,0.0,0.0,0.0,0.0,0.0,0.0,0.0,0.0,0.0,0.0,0.0,-370.71728515625,0.0,370.75,0.0,0.0,0.0,0.0,0.0,0.0,0.0,0.0,0.0,0.0,0.0,0.0,0.0,106602.04443359375,0.0,339051.375,0.0,-2754.46728515625,0.0,2754.5,0.0,-2.5187958557423293,0.0,0.8190679550170898,0.0,FL
275159,FL,1203,0.05274088308215141,3,0.0,162706.31640625,163874.42578125,3,0,13481.93115234375,0.0,186011.53125,0.0,0.0,0.0,0.0,0.0,-15.0,0.0,15.0,0.0,-342.0,0.0,342.0,0.0,0.0,0.0,0.0,0.0,0.0,0.0,0.0,0.0,0.0,0.0,0.0,0.0,0.0,0.0,0.0,0.0,0.0,0.0,0.0,0.0,0.0,0.0,0.0,0.0,0.0,0.0,0.0,0.0,0.0,0.0,0.0,0.0,-82.98779296875,0.0,83.0,0.0,0.0,0.0,0.0,0.0,0.0,0.0,0.0,0.0,0.0,0.0,0.0,0.0,0.0,0.0,0.0,0.0,0.0,0.0,0.0,0.0,0.0,0.0,0.0,0.0,0.0,0.0,0.0,0.0,0.0,0.0,0.0,0.0,0.0,0.0,0.0,0.0,0.0,0.0,0.0,0.0,13041.943359375,0.0,186451.53125,0.0,-439.98779296875,0.0,440.0,0.0,-3.26353686276065,0.0,0.23654447495937347,0.0,FL
275160,FL,1203,0.20531243085861206,2,0.0,119644.55859375,167541.078125,2,0,19810.806640625,0.0,164068.46875,0.0,0.0,0.0,0.0,0.0,-230.0,0.0,230.0,0.0,-418.0,0.0,418.0,0.0,0.0,0.0,0.0,0.0,0.0,0.0,0.0,0.0,0.0,0.0,0.0,0.0,0.0,0.0,0.0,0.0,0.0,0.0,0.0,0.0,0.0,0.0,0.0,0.0,0.0,0.0,0.0,0.0,0.0,0.0,0.0,0.0,-440.0,0.0,440.0,0.0,0.0,0.0,0.0,0.0,0.0,0.0,0.0,0.0,0.0,0.0,0.0,0.0,0.0,0.0,0.0,0.0,0.0,0.0,0.0,0.0,0.0,0.0,0.0,0.0,0.0,0.0,0.0,0.0,0.0,0.0,0.0,0.0,0.0,0.0,0.0,0.0,0.0,0.0,0.0,0.0,18722.806640625,0.0,165156.46875,0.0,-1088.0,0.0,1088.0,0.0,-5.491952042825426,0.0,0.6631377339363098,0.0,FL
275161,FL,1203,0.28212255239486694,3,1.0,304694.09375,550738.5,3,0,113310.9375,0.0,430394.8125,0.0,0.0,0.0,0.0,0.0,0.0,0.0,0.0,0.0,0.0,0.0,0.0,0.0,0.0,0.0,0.0,0.0,0.0,0.0,0.0,0.0,0.0,0.0,0.0,0.0,0.0,0.0,0.0,0.0,-1049.015625,0.0,1049.0,0.0,0.0,0.0,0.0,0.0,0.0,0.0,0.0,0.0,0.0,0.0,0.0,0.0,-560.0,0.0,560.0,0.0,0.0,0.0,0.0,0.0,0.0,0.0,0.0,0.0,0.0,0.0,0.0,0.0,0.0,0.0,0.0,0.0,0.0,0.0,0.0,0.0,0.0,0.0,0.0,0.0,0.0,0.0,0.0,0.0,0.0,0.0,0.0,0.0,0.0,0.0,0.0,0.0,0.0,0.0,0.0,0.0,111701.921875,0.0,432003.8125,0.0,-1609.015625,0.0,1609.0,0.0,-1.420000275789793,0.0,0.3738428056240082,0.0,FL
275162,FL,1203,9.869199752807617,1,0.0,0.0,17.3726749420166,1,0,0.0,0.0,36059.8515625,18182.15234375,0.0,0.0,0.0,18182.15234375,0.0,0.0,0.0,0.0,0.0,0.0,0.0,0.0,0.0,0.0,0.0,0.0,0.0,0.0,0.0,0.0,0.0,0.0,0.0,0.0,0.0,0.0,0.0,0.0,0.0,0.0,0.0,0.0,0.0,0.0,0.0,0.0,0.0,0.0,0.0,0.0,0.0,0.0,0.0,0.0,0.0,0.0,0.0,0.0,0.0,0.0,0.0,0.0,0.0,0.0,0.0,0.0,0.0,0.0,0.0,0.0,0.0,0.0,0.0,0.0,0.0,0.0,0.0,0.0,0.0,0.0,0.0,0.0,0.0,0.0,0.0,0.0,0.0,0.0,0.0,0.0,0.0,0.0,0.0,0.0,0.0,0.0,0.0,0.0,0.0,0.0,36059.8515625,18182.15234375,0.0,0.0,0.0,0.0,0.0,0.0,0.0,0.0,FL
275163,FL,1203,39.49156188964844,1,0.0,0.0,0.0,1,0,0.0,0.0,49071.28515625,24679.484375,0.0,0.0,0.0,24679.484375,0.0,0.0,0.0,0.0,0.0,0.0,0.0,0.0,0.0,0.0,0.0,0.0,0.0,0.0,0.0,0.0,0.0,0.0,0.0,0.0,0.0,0.0,0.0,0.0,0.0,0.0,0.0,0.0,0.0,0.0,0.0,0.0,0.0,0.0,0.0,0.0,0.0,0.0,0.0,0.0,0.0,0.0,0.0,0.0,0.0,0.0,0.0,0.0,0.0,0.0,0.0,0.0,0.0,0.0,0.0,0.0,0.0,0.0,0.0,0.0,0.0,0.0,0.0,0.0,0.0,0.0,0.0,0.0,0.0,0.0,0.0,0.0,0.0,0.0,0.0,0.0,0.0,0.0,0.0,0.0,0.0,0.0,0.0,0.0,0.0,0.0,49071.28515625,24679.484375,0.0,0.0,0.0,0.0,0.0,0.0,0.0,0.0,FL
275164,FL,1203,0.15256553888320923,6,3.9999999999999996,143453.037109375,709010.875,6,0,82994.9375,0.0,635388.75,0.0,0.0,0.0,0.0,0.0,-764.0,0.0,764.0,0.0,0.0,0.0,0.0,0.0,0.0,0.0,0.0,0.0,0.0,0.0,0.0,0.0,0.0,0.0,0.0,0.0,0.0,0.0,0.0,0.0,0.0,0.0,0.0,0.0,0.0,0.0,0.0,0.0,0.0,0.0,0.0,0.0,0.0,0.0,0.0,0.0,0.0,0.0,0.0,0.0,0.0,0.0,0.0,0.0,0.0,0.0,0.0,0.0,0.0,0.0,0.0,0.0,0.0,0.0,0.0,0.0,0.0,0.0,0.0,0.0,0.0,0.0,0.0,0.0,0.0,0.0,0.0,0.0,0.0,0.0,0.0,0.0,0.0,0.0,0.0,0.0,0.0,0.0,0.0,0.0,82230.9375,0.0,636152.75,0.0,-764.0,0.0,764.0,0.0,-0.9205380749880075,0.0,0.12024134397506714,0.0,FL
275165,FL,1203,0.24368880689144135,3,1.0,34843.5390625,34844.3671875,1,2,-1545.563232421875,0.0,51181.171875,1460.9622802734375,15995.427001953125,0.0,0.0,17456.389282226562,0.0,0.0,0.0,0.0,-190.0,0.0,190.0,0.0,0.0,0.0,0.0,0.0,1999.9999389648438,0.0,-2000.0,0.0,0.0,0.0,0.0,0.0,0.0,0.0,0.0,0.0,0.0,0.0,0.0,0.0,0.0,0.0,0.0,0.0,0.0,0.0,0.0,0.0,0.0,0.0,0.0,0.0,-158.10076904296875,0.0,158.1015625,0.0,0.0,0.0,0.0,0.0,0.0,0.0,0.0,0.0,0.0,0.0,0.0,0.0,0.0,0.0,0.0,0.0,0.0,0.0,0.0,0.0,0.0,0.0,0.0,0.0,0.0,0.0,0.0,0.0,0.0,0.0,0.0,0.0,0.0,0.0,0.0,0.0,0.0,0.0,-2763.54296875,-2763.543212890625,106.3359375,0.0,46765.73046875,14692.846069335938,1651.899169921875,0.0,-4415.44140625,-2763.543212890625,106.88007680755793,0.0,-8.627081871032715,-15.831127320839256,FL
275166,FL,1203,0.3145767152309418,5,3.0,34727.39501953125,27874.83203125,3,2,759.7587890625,0.0,51461.30078125,3490.1650390625,11572.787353515625,4965.70068359375,0.0,20028.653076171875,-5.0,0.0,5.0,0.0,-101.4967041015625,0.0,101.49609375,0.0,0.0,0.0,0.0,0.0,524.2210693359375,0.0,-524.22265625,0.0,0.0,0.0,0.0,0.0,0.0,0.0,0.0,0.0,0.0,0.0,0.0,0.0,0.0,0.0,0.0,0.0,0.0,0.0,0.0,0.0,0.0,0.0,0.0,0.0,0.0,0.0,0.0,0.0,0.0,0.0,0.0,0.0,0.0,0.0,0.0,0.0,0.0,0.0,0.0,0.0,0.0,0.0,0.0,0.0,0.0,0.0,0.0,0.0,0.0,0.0,0.0,0.0,-99.8724365234375,0.0,99.87109375,0.0,0.0,0.0,0.0,0.0,0.0,0.0,0.0,0.0,0.0,0.0,0.0,0.0,1077.6107177734375,0.0,51143.4453125,20028.653076171875,317.8519287109375,0.0,-317.85546875,0.0,41.83590019447475,0.0,-0.6176592111587524,0.0,FL
275167,FL,1203,0.3198370337486267,1,0.0,26672.408203125,35552.86328125,1,0,1959.3436279296875,0.0,65758.6171875,19618.947265625,0.0,0.0,0.0,19618.947265625,-5.0,0.0,5.0,0.0,-114.0,0.0,114.0,0.0,0.0,0.0,0.0,0.0,0.0,0.0,0.0,0.0,0.0,0.0,0.0,0.0,0.0,0.0,0.0,0.0,0.0,0.0,0.0,0.0,0.0,0.0,0.0,0.0,0.0,0.0,0.0,0.0,0.0,0.0,0.0,0.0,-120.0,0.0,120.0,0.0,0.0,0.0,0.0,0.0,0.0,0.0,0.0,0.0,0.0,0.0,0.0,0.0,0.0,0.0,0.0,0.0,0.0,0.0,0.0,0.0,-680.0572509765625,0.0,680.0546875,0.0,0.0,0.0,0.0,0.0,0.0,0.0,0.0,0.0,0.0,0.0,0.0,0.0,0.0,0.0,0.0,0.0,1040.286376953125,0.0,66677.671875,19618.947265625,-919.0572509765625,0.0,919.0546875,0.0,-46.9063842541837,0.0,1.3976186513900757,0.0,FL
275168,FL,1203,0.41256585717201233,2,0.0,0.0,71553.15625,2,0,3509.95458984375,0.0,161989.3125,60646.5234375,0.0,0.0,0.0,60646.5234375,-10.0,0.0,10.0,0.0,-228.0,0.0,228.0,0.0,0.0,0.0,0.0,0.0,0.0,0.0,0.0,0.0,0.0,0.0,0.0,0.0,0.0,0.0,0.0,0.0,0.0,0.0,0.0,0.0,0.0,0.0,0.0,0.0,0.0,0.0,0.0,0.0,0.0,0.0,0.0,0.0,-240.0,0.0,240.0,0.0,0.0,0.0,0.0,0.0,0.0,0.0,0.0,0.0,0.0,0.0,0.0,0.0,0.0,0.0,0.0,0.0,0.0,0.0,0.0,0.0,-1291.992431640625,0.0,1291.984375,0.0,-108.0870361328125,0.0,108.09375,0.0,0.0,0.0,0.0,0.0,0.0,0.0,0.0,0.0,0.0,0.0,0.0,0.0,1631.8751220703125,0.0,163867.390625,60646.5234375,-1878.0794677734375,0.0,1878.078125,0.0,-53.50722978604241,0.0,1.15938401222229,0.0,FL
275169,FL,1203,0.22913217544555664,2,0.0,81301.59375,109175.78125,2,0,8979.09375,0.0,116538.9140625,19618.947265625,0.0,0.0,0.0,19618.947265625,-10.0,0.0,10.0,0.0,-228.0,0.0,228.0,0.0,0.0,0.0,0.0,0.0,0.0,0.0,0.0,0.0,0.0,0.0,0.0,0.0,0.0,0.0,0.0,0.0,0.0,0.0,0.0,0.0,0.0,0.0,0.0,0.0,0.0,0.0,0.0,0.0,0.0,0.0,0.0,0.0,0.0,0.0,0.0,0.0,0.0,0.0,0.0,0.0,0.0,0.0,0.0,0.0,0.0,0.0,0.0,0.0,0.0,0.0,0.0,0.0,-886.9267578125,0.0,886.9296875,0.0,0.0,0.0,0.0,0.0,-189.8876953125,0.0,189.8828125,0.0,0.0,0.0,0.0,0.0,0.0,0.0,0.0,0.0,0.0,0.0,0.0,0.0,7664.279296875,0.0,117853.7265625,19618.947265625,-1314.814453125,0.0,1314.8125,0.0,-14.643064096808212,0.0,1.1282175779342651,0.0,FL
275170,FL,1203,0.2492647022008896,2,0.0,62529.0390625,62538.140625,2,0,5443.57666015625,0.0,81261.296875,13797.5693359375,0.0,0.0,0.0,13797.5693359375,-5.0,0.0,5.0,0.0,-114.0,0.0,114.0,0.0,0.0,0.0,0.0,0.0,0.0,0.0,0.0,0.0,0.0,0.0,0.0,0.0,0.0,0.0,0.0,0.0,0.0,0.0,0.0,0.0,0.0,0.0,0.0,0.0,0.0,0.0,0.0,0.0,0.0,0.0,0.0,0.0,0.0,0.0,0.0,0.0,0.0,0.0,0.0,0.0,0.0,0.0,0.0,0.0,0.0,0.0,0.0,0.0,0.0,0.0,0.0,0.0,0.0,0.0,0.0,0.0,0.0,0.0,0.0,0.0,-118.03125,0.0,118.03125,0.0,0.0,0.0,0.0,0.0,0.0,0.0,0.0,0.0,0.0,0.0,0.0,0.0,5206.54541015625,0.0,81498.328125,13797.5693359375,-237.03125,0.0,237.03125,0.0,-4.354329236050409,0.0,0.2916902005672455,0.0,FL
275171,FL,1203,0.13610315322875977,4,2.0,948354.578125,992330.6875,4,0,277766.125,0.0,740277.125,0.0,0.0,0.0,0.0,0.0,-734.0,0.0,734.0,0.0,-703.0,0.0,703.0,0.0,0.0,0.0,0.0,0.0,0.0,0.0,0.0,0.0,0.0,0.0,0.0,0.0,0.0,0.0,0.0,0.0,-1850.0,0.0,1850.0,0.0,0.0,0.0,0.0,0.0,0.0,0.0,0.0,0.0,0.0,0.0,0.0,0.0,-740.0,0.0,740.0,0.0,0.0,0.0,0.0,0.0,0.0,0.0,0.0,0.0,0.0,0.0,0.0,0.0,0.0,0.0,0.0,0.0,0.0,0.0,0.0,0.0,0.0,0.0,0.0,0.0,0.0,0.0,0.0,0.0,0.0,0.0,0.0,0.0,0.0,0.0,0.0,0.0,0.0,0.0,0.0,0.0,273739.125,0.0,744304.125,0.0,-4027.0,0.0,4027.0,0.0,-1.4497808183053278,0.0,0.5439854860305786,0.0,FL
275172,FL,1203,0.1848931610584259,2,0.0,0.0,129590.828125,2,0,10930.521484375,0.0,181485.25,48968.890625,0.0,0.0,0.0,48968.890625,-10.0,0.0,10.0,0.0,-228.0,0.0,228.0,0.0,0.0,0.0,0.0,0.0,0.0,0.0,0.0,0.0,0.0,0.0,0.0,0.0,0.0,0.0,0.0,0.0,0.0,0.0,0.0,0.0,0.0,0.0,0.0,0.0,0.0,0.0,0.0,0.0,0.0,0.0,0.0,0.0,0.0,0.0,0.0,0.0,0.0,0.0,0.0,0.0,0.0,0.0,0.0,0.0,0.0,0.0,0.0,0.0,0.0,0.0,0.0,0.0,0.0,0.0,0.0,0.0,-1440.0,0.0,1440.0,0.0,0.0,0.0,0.0,0.0,0.0,0.0,0.0,0.0,0.0,0.0,0.0,0.0,0.0,0.0,0.0,0.0,9252.521484375,0.0,183163.25,48968.890625,-1678.0,0.0,1678.0,0.0,-15.351509096786216,0.0,0.9245930314064026,0.0,FL
275173,FL,1203,118.97803497314453,1,0.0,0.0,0.0,1,0,0.0,0.0,59742.90625,30209.8515625,0.0,0.0,0.0,30209.8515625,0.0,0.0,0.0,0.0,0.0,0.0,0.0,0.0,0.0,0.0,0.0,0.0,0.0,0.0,0.0,0.0,0.0,0.0,0.0,0.0,0.0,0.0,0.0,0.0,0.0,0.0,0.0,0.0,0.0,0.0,0.0,0.0,0.0,0.0,0.0,0.0,0.0,0.0,0.0,0.0,0.0,0.0,0.0,0.0,0.0,0.0,0.0,0.0,0.0,0.0,0.0,0.0,0.0,0.0,0.0,0.0,0.0,0.0,0.0,0.0,0.0,0.0,0.0,0.0,0.0,0.0,0.0,0.0,0.0,0.0,0.0,0.0,0.0,0.0,0.0,0.0,0.0,0.0,0.0,0.0,0.0,0.0,0.0,0.0,0.0,0.0,59742.90625,30209.8515625,0.0,0.0,0.0,0.0,0.0,0.0,0.0,0.0,FL
275174,FL,1203,0.12284310162067413,3,0.0,97992.36328125,201279.5859375,3,0,20194.17041015625,0.0,243426.96875,58072.08203125,0.0,0.0,0.0,58072.08203125,-235.0,0.0,235.0,0.0,-532.0,0.0,532.0,0.0,0.0,0.0,0.0,0.0,0.0,0.0,0.0,0.0,0.0,0.0,0.0,0.0,0.0,0.0,0.0,0.0,-1036.4228515625,0.0,1036.4375,0.0,0.0,0.0,0.0,0.0,0.0,0.0,0.0,0.0,0.0,0.0,0.0,0.0,-440.0,0.0,440.0,0.0,0.0,0.0,0.0,0.0,0.0,0.0,0.0,0.0,0.0,0.0,0.0,0.0,0.0,0.0,0.0,0.0,0.0,0.0,0.0,0.0,-2520.361328125,0.0,2520.359375,0.0,0.0,0.0,0.0,0.0,0.0,0.0,0.0,0.0,0.0,0.0,0.0,0.0,0.0,0.0,0.0,0.0,15430.38623046875,0.0,248190.765625,58072.08203125,-4763.7841796875,0.0,4763.796875,0.0,-23.58989789098566,0.0,1.9569717645645142,0.0,FL
275175,FL,1203,116.1981430053711,1,0.0,0.0,0.0,1,0,0.0,0.0,28112.974609375,12526.8173828125,13231.8837890625,0.0,0.0,25758.701171875,0.0,0.0,0.0,0.0,0.0,0.0,0.0,0.0,0.0,0.0,0.0,0.0,0.0,0.0,0.0,0.0,0.0,0.0,0.0,0.0,0.0,0.0,0.0,0.0,0.0,0.0,0.0,0.0,0.0,0.0,0.0,0.0,0.0,0.0,0.0,0.0,0.0,0.0,0.0,0.0,0.0,0.0,0.0,0.0,0.0,0.0,0.0,0.0,0.0,0.0,0.0,0.0,0.0,0.0,0.0,0.0,0.0,0.0,0.0,0.0,0.0,0.0,0.0,0.0,0.0,0.0,0.0,0.0,0.0,0.0,0.0,0.0,0.0,0.0,0.0,0.0,0.0,0.0,0.0,0.0,0.0,0.0,0.0,0.0,0.0,0.0,28112.974609375,25758.701171875,0.0,0.0,0.0,0.0,0.0,0.0,0.0,0.0,FL
275176,FL,1203,291.0179138183594,1,0.0,0.0,3307.640869140625,1,0,0.0,0.0,44833.75390625,22424.109375,0.0,0.0,0.0,22424.109375,0.0,0.0,0.0,0.0,0.0,0.0,0.0,0.0,0.0,0.0,0.0,0.0,0.0,0.0,0.0,0.0,0.0,0.0,0.0,0.0,0.0,0.0,0.0,0.0,0.0,0.0,0.0,0.0,0.0,0.0,0.0,0.0,0.0,0.0,0.0,0.0,0.0,0.0,0.0,0.0,0.0,0.0,0.0,0.0,0.0,0.0,0.0,0.0,0.0,0.0,0.0,0.0,0.0,0.0,0.0,0.0,0.0,0.0,0.0,0.0,0.0,0.0,0.0,0.0,0.0,0.0,0.0,0.0,0.0,0.0,0.0,0.0,0.0,0.0,0.0,0.0,0.0,0.0,0.0,0.0,0.0,0.0,0.0,0.0,0.0,0.0,44833.75390625,22424.109375,0.0,0.0,0.0,0.0,0.0,0.0,0.0,0.0,FL
275177,FL,1203,0.13908971846103668,4,2.0,247444.28540039062,211450.921875,4,0,27007.203125,0.0,219437.875,0.0,0.0,0.0,0.0,0.0,-230.0,0.0,230.0,0.0,-418.0,0.0,418.0,0.0,0.0,0.0,0.0,0.0,0.0,0.0,0.0,0.0,-200.0,0.0,200.0,0.0,0.0,0.0,0.0,0.0,0.0,0.0,0.0,0.0,0.0,0.0,0.0,0.0,0.0,0.0,0.0,0.0,0.0,0.0,0.0,0.0,-39.26953125,0.0,39.265625,0.0,0.0,0.0,0.0,0.0,0.0,0.0,0.0,0.0,0.0,0.0,0.0,0.0,0.0,0.0,0.0,0.0,0.0,0.0,0.0,0.0,0.0,0.0,0.0,0.0,0.0,0.0,0.0,0.0,0.0,0.0,0.0,0.0,0.0,0.0,0.0,0.0,0.0,0.0,0.0,0.0,26119.93359375,0.0,220325.140625,0.0,-887.26953125,0.0,887.265625,0.0,-3.285306986967019,0.0,0.40433570742607117,0.0,FL
275178,FL,1203,0.12295170873403549,1,0.0,71480.40625,76444.03125,1,0,8311.6865234375,0.0,78073.1640625,0.0,0.0,0.0,0.0,0.0,-115.0,0.0,115.0,0.0,-208.99951171875,0.0,209.0,0.0,0.0,0.0,0.0,0.0,0.0,0.0,0.0,0.0,0.0,0.0,0.0,0.0,0.0,0.0,0.0,0.0,0.0,0.0,0.0,0.0,0.0,0.0,0.0,0.0,0.0,0.0,0.0,0.0,0.0,0.0,0.0,0.0,0.0,0.0,0.0,0.0,0.0,0.0,0.0,0.0,0.0,0.0,0.0,0.0,0.0,0.0,0.0,0.0,0.0,0.0,0.0,0.0,0.0,0.0,0.0,0.0,0.0,0.0,0.0,0.0,0.0,0.0,0.0,0.0,0.0,0.0,0.0,0.0,0.0,0.0,0.0,0.0,0.0,0.0,0.0,0.0,7987.68701171875,0.0,78397.1640625,0.0,-323.99951171875,0.0,324.0,0.0,-3.8981199640425337,0.0,0.41499534249305725,0.0,FL
275179,FL,1203,0.13952434062957764,4,2.0,416535.94921875,424483.75,4,0,74949.6875,0.0,337667.0625,0.0,0.0,0.0,0.0,0.0,-292.0,0.0,292.0,0.0,0.0,0.0,0.0,0.0,0.0,0.0,0.0,0.0,0.0,0.0,0.0,0.0,-400.0,0.0,400.0,0.0,0.0,0.0,0.0,0.0,0.0,0.0,0.0,0.0,0.0,0.0,0.0,0.0,0.0,0.0,0.0,0.0,0.0,0.0,0.0,0.0,0.0,0.0,0.0,0.0,0.0,0.0,0.0,0.0,0.0,0.0,0.0,0.0,0.0,0.0,0.0,0.0,0.0,0.0,0.0,0.0,0.0,0.0,0.0,0.0,0.0,0.0,0.0,0.0,0.0,0.0,0.0,0.0,0.0,0.0,0.0,0.0,0.0,0.0,0.0,0.0,0.0,0.0,0.0,0.0,74257.6875,0.0,338359.0625,0.0,-692.0,0.0,692.0,0.0,-0.9232860377169685,0.0,0.20493559539318085,0.0,FL
275180,FL,1203,0.12852996587753296,2,0.0,61185.2578125,61185.2578125,2,0,3362.863525390625,0.0,53141.72265625,0.0,0.0,0.0,0.0,0.0,-5.0,0.0,5.0,0.0,-114.0,0.0,114.0,0.0,0.0,0.0,0.0,0.0,0.0,0.0,0.0,0.0,0.0,0.0,0.0,0.0,0.0,0.0,0.0,0.0,0.0,0.0,0.0,0.0,0.0,0.0,0.0,0.0,0.0,0.0,0.0,0.0,0.0,0.0,0.0,0.0,0.0,0.0,0.0,0.0,0.0,0.0,0.0,0.0,0.0,0.0,0.0,0.0,0.0,0.0,0.0,0.0,0.0,0.0,0.0,0.0,0.0,0.0,0.0,0.0,0.0,0.0,0.0,0.0,0.0,0.0,0.0,0.0,0.0,0.0,0.0,0.0,0.0,0.0,0.0,0.0,0.0,0.0,0.0,0.0,3243.863525390625,0.0,53260.72265625,0.0,-119.0,0.0,119.0,0.0,-3.538650887897009,0.0,0.2239295095205307,0.0,FL
275181,FL,1203,132.66909790039062,1,0.0,0.0,24.818105697631836,1,0,0.0,0.0,59756.515625,30003.849609375,0.0,0.0,0.0,30003.849609375,0.0,0.0,0.0,0.0,0.0,0.0,0.0,0.0,0.0,0.0,0.0,0.0,0.0,0.0,0.0,0.0,0.0,0.0,0.0,0.0,0.0,0.0,0.0,0.0,0.0,0.0,0.0,0.0,0.0,0.0,0.0,0.0,0.0,0.0,0.0,0.0,0.0,0.0,0.0,0.0,0.0,0.0,0.0,0.0,0.0,0.0,0.0,0.0,0.0,0.0,0.0,0.0,0.0,0.0,0.0,0.0,0.0,0.0,0.0,0.0,0.0,0.0,0.0,0.0,0.0,0.0,0.0,0.0,0.0,0.0,0.0,0.0,0.0,0.0,0.0,0.0,0.0,0.0,0.0,0.0,0.0,0.0,0.0,0.0,0.0,0.0,59756.515625,30003.849609375,0.0,0.0,0.0,0.0,0.0,0.0,0.0,0.0,FL
275182,FL,1203,8.39760971069336,1,0.0,0.0,6636.37548828125,1,0,0.0,0.0,66739.8828125,29623.51953125,0.0,0.0,0.0,29623.51953125,0.0,0.0,0.0,0.0,0.0,0.0,0.0,0.0,0.0,0.0,0.0,0.0,0.0,0.0,0.0,0.0,0.0,0.0,0.0,0.0,0.0,0.0,0.0,0.0,0.0,0.0,0.0,0.0,0.0,0.0,0.0,0.0,0.0,0.0,0.0,0.0,0.0,0.0,0.0,0.0,0.0,0.0,0.0,0.0,0.0,0.0,0.0,0.0,0.0,0.0,0.0,0.0,0.0,0.0,0.0,0.0,0.0,0.0,0.0,0.0,0.0,0.0,0.0,0.0,0.0,0.0,0.0,0.0,0.0,0.0,0.0,0.0,0.0,0.0,0.0,0.0,0.0,0.0,0.0,0.0,0.0,0.0,0.0,0.0,0.0,0.0,66739.8828125,29623.51953125,0.0,0.0,0.0,0.0,0.0,0.0,0.0,0.0,FL
275183,FL,1203,0.3676052391529083,2,0.0,52336.904296875,52336.904296875,2,0,2010.1870727539062,0.0,61806.1328125,0.0,13231.8837890625,0.0,0.0,13231.8837890625,-5.0,0.0,5.0,0.0,-196.4967041015625,0.0,196.49609375,0.0,0.0,0.0,0.0,0.0,0.0,0.0,0.0,0.0,0.0,0.0,0.0,0.0,0.0,0.0,0.0,0.0,0.0,0.0,0.0,0.0,0.0,0.0,0.0,0.0,0.0,0.0,0.0,0.0,0.0,0.0,0.0,0.0,0.0,0.0,0.0,0.0,0.0,0.0,0.0,0.0,0.0,0.0,0.0,0.0,0.0,0.0,0.0,0.0,0.0,0.0,0.0,0.0,0.0,0.0,0.0,0.0,0.0,0.0,0.0,0.0,-366.95538330078125,0.0,366.95703125,0.0,0.0,0.0,0.0,0.0,0.0,0.0,0.0,0.0,0.0,0.0,0.0,0.0,1441.7349853515625,0.0,62374.5859375,13231.8837890625,-568.4520874023438,0.0,568.453125,0.0,-28.27856646314905,0.0,0.9197357892990112,0.0,FL
275184,FL,1203,0.17062552273273468,1,0.0,44200.625,45578.5703125,1,0,3341.35595703125,0.0,44680.5703125,0.0,0.0,0.0,0.0,0.0,-5.0,0.0,5.0,0.0,-114.0,0.0,114.0,0.0,0.0,0.0,0.0,0.0,0.0,0.0,0.0,0.0,0.0,0.0,0.0,0.0,0.0,0.0,0.0,0.0,0.0,0.0,0.0,0.0,0.0,0.0,0.0,0.0,0.0,0.0,0.0,0.0,0.0,0.0,0.0,0.0,0.0,0.0,0.0,0.0,0.0,0.0,0.0,0.0,0.0,0.0,0.0,0.0,0.0,0.0,0.0,0.0,0.0,0.0,0.0,0.0,-1375.84521484375,0.0,1375.84375,0.0,0.0,0.0,0.0,0.0,0.0,0.0,0.0,0.0,0.0,0.0,0.0,0.0,0.0,0.0,0.0,0.0,0.0,0.0,0.0,0.0,1846.5107421875,0.0,46175.4140625,0.0,-1494.84521484375,0.0,1494.84375,0.0,-44.73768236808568,0.0,3.34562349319458,0.0,FL
275185,FL,1203,0.24532335996627808,4,2.0,99702.53515625,99584.625,4,0,2628.15478515625,0.0,103621.578125,0.0,0.0,0.0,0.0,0.0,-10.0,0.0,10.0,0.0,-228.0,0.0,228.0,0.0,0.0,0.0,0.0,0.0,0.0,0.0,0.0,0.0,-400.0,0.0,400.0,0.0,0.0,0.0,0.0,0.0,0.0,0.0,0.0,0.0,0.0,0.0,0.0,0.0,0.0,0.0,0.0,0.0,0.0,0.0,0.0,0.0,-240.0,0.0,240.0,0.0,0.0,0.0,0.0,0.0,0.0,0.0,0.0,0.0,0.0,0.0,0.0,0.0,0.0,0.0,0.0,0.0,0.0,0.0,0.0,0.0,0.0,0.0,0.0,0.0,-188.771484375,0.0,188.7734375,0.0,0.0,0.0,0.0,0.0,0.0,0.0,0.0,0.0,0.0,0.0,0.0,0.0,1561.38330078125,0.0,104688.3515625,0.0,-1066.771484375,0.0,1066.7734375,0.0,-40.590131540200666,0.0,1.0294896364212036,0.0,FL
275186,FL,1203,226.5726776123047,1,0.0,0.0,905.7119140625,1,0,0.0,0.0,31423.55859375,12601.845703125,13231.8837890625,0.0,0.0,25833.7294921875,0.0,0.0,0.0,0.0,0.0,0.0,0.0,0.0,0.0,0.0,0.0,0.0,0.0,0.0,0.0,0.0,0.0,0.0,0.0,0.0,0.0,0.0,0.0,0.0,0.0,0.0,0.0,0.0,0.0,0.0,0.0,0.0,0.0,0.0,0.0,0.0,0.0,0.0,0.0,0.0,0.0,0.0,0.0,0.0,0.0,0.0,0.0,0.0,0.0,0.0,0.0,0.0,0.0,0.0,0.0,0.0,0.0,0.0,0.0,0.0,0.0,0.0,0.0,0.0,0.0,0.0,0.0,0.0,0.0,0.0,0.0,0.0,0.0,0.0,0.0,0.0,0.0,0.0,0.0,0.0,0.0,0.0,0.0,0.0,0.0,0.0,31423.55859375,25833.7294921875,0.0,0.0,0.0,0.0,0.0,0.0,0.0,0.0,FL
275187,FL,1203,0.14578619599342346,2,0.0,969658.646484375,1396606.375,2,0,390977.5,0.0,1106800.25,0.0,0.0,0.0,0.0,0.0,-734.0,0.0,734.0,0.0,-703.0,0.0,703.0,0.0,0.0,0.0,0.0,0.0,0.0,0.0,0.0,0.0,0.0,0.0,0.0,0.0,0.0,0.0,0.0,0.0,0.0,0.0,0.0,0.0,0.0,0.0,0.0,0.0,0.0,0.0,0.0,0.0,0.0,0.0,0.0,0.0,-740.0,0.0,740.0,0.0,0.0,0.0,0.0,0.0,0.0,0.0,0.0,0.0,0.0,0.0,0.0,0.0,0.0,0.0,0.0,0.0,0.0,0.0,0.0,0.0,0.0,0.0,0.0,0.0,0.0,0.0,0.0,0.0,0.0,0.0,0.0,0.0,0.0,0.0,0.0,0.0,0.0,0.0,0.0,0.0,388800.5,0.0,1108977.25,0.0,-2177.0,0.0,2177.0,0.0,-0.5568095350755478,0.0,0.19669312238693237,0.0,FL
275188,FL,1203,0.34112998843193054,5,3.0,70119.109375,70119.109375,4,1,-687.29541015625,0.0,91585.96875,3009.81884765625,8290.629638671875,14113.8056640625,0.0,25414.254150390625,-5.0,0.0,5.0,0.0,-114.0,0.0,114.0,0.0,0.0,0.0,0.0,0.0,4049.6570434570312,0.0,-4049.65625,0.0,0.0,0.0,0.0,0.0,0.0,0.0,0.0,0.0,0.0,0.0,0.0,0.0,0.0,0.0,0.0,0.0,0.0,0.0,0.0,0.0,0.0,0.0,0.0,0.0,-100.0,0.0,100.0,0.0,0.0,0.0,0.0,0.0,0.0,0.0,0.0,0.0,0.0,0.0,0.0,0.0,0.0,0.0,0.0,0.0,0.0,0.0,0.0,0.0,0.0,0.0,0.0,0.0,-117.35650634765625,0.0,117.359375,0.0,0.0,0.0,0.0,0.0,0.0,0.0,0.0,0.0,0.0,0.0,0.0,0.0,3026.005126953125,0.0,87872.671875,25414.254150390625,3713.300537109375,0.0,-3713.296875,0.0,540.2772202807512,0.0,-4.054438591003418,0.0,FL
275189,FL,1203,183.9034423828125,3,0.0,0.0,0.0,3,0,0.0,0.0,52092.953125,18829.04296875,26463.767578125,0.0,0.0,45292.810546875,0.0,0.0,0.0,0.0,0.0,0.0,0.0,0.0,0.0,0.0,0.0,0.0,0.0,0.0,0.0,0.0,0.0,0.0,0.0,0.0,0.0,0.0,0.0,0.0,0.0,0.0,0.0,0.0,0.0,0.0,0.0,0.0,0.0,0.0,0.0,0.0,0.0,0.0,0.0,0.0,0.0,0.0,0.0,0.0,0.0,0.0,0.0,0.0,0.0,0.0,0.0,0.0,0.0,0.0,0.0,0.0,0.0,0.0,0.0,0.0,0.0,0.0,0.0,0.0,0.0,0.0,0.0,0.0,0.0,0.0,0.0,0.0,0.0,0.0,0.0,0.0,0.0,0.0,0.0,0.0,0.0,0.0,0.0,0.0,0.0,0.0,52092.953125,45292.810546875,0.0,0.0,0.0,0.0,0.0,0.0,0.0,0.0,FL
275190,FL,1203,0.1372220516204834,2,0.0,404768.09375,522627.3125,2,0,98092.1328125,0.0,447767.125,0.0,0.0,0.0,0.0,0.0,-764.0,0.0,764.0,0.0,0.0,0.0,0.0,0.0,0.0,0.0,0.0,0.0,0.0,0.0,0.0,0.0,0.0,0.0,0.0,0.0,0.0,0.0,0.0,0.0,-767.0078125,0.0,767.03125,0.0,0.0,0.0,0.0,0.0,0.0,0.0,0.0,0.0,0.0,0.0,0.0,0.0,0.0,0.0,0.0,0.0,0.0,0.0,0.0,0.0,0.0,0.0,0.0,0.0,0.0,0.0,0.0,0.0,0.0,0.0,0.0,0.0,0.0,0.0,0.0,0.0,0.0,0.0,0.0,0.0,0.0,0.0,0.0,0.0,0.0,0.0,0.0,0.0,0.0,0.0,0.0,0.0,0.0,0.0,0.0,0.0,96561.125,0.0,449298.15625,0.0,-1531.0078125,0.0,1531.03125,0.0,-1.5607855274453792,0.0,0.34192579984664917,0.0,FL
275191,FL,1203,0.12467784434556961,2,0.0,230246.8125,427624.5625,2,0,78668.921875,0.0,419153.1875,0.0,0.0,0.0,0.0,0.0,-292.0,0.0,292.0,0.0,-456.0,0.0,456.0,0.0,0.0,0.0,0.0,0.0,0.0,0.0,0.0,0.0,0.0,0.0,0.0,0.0,0.0,0.0,0.0,0.0,0.0,0.0,0.0,0.0,0.0,0.0,0.0,0.0,0.0,0.0,0.0,0.0,0.0,0.0,0.0,0.0,0.0,0.0,0.0,0.0,0.0,0.0,0.0,0.0,0.0,0.0,0.0,0.0,0.0,0.0,0.0,0.0,0.0,0.0,0.0,0.0,0.0,0.0,0.0,0.0,0.0,0.0,0.0,0.0,0.0,0.0,0.0,0.0,0.0,0.0,0.0,0.0,0.0,0.0,0.0,0.0,0.0,0.0,0.0,0.0,77920.921875,0.0,419901.1875,0.0,-748.0,0.0,748.0,0.0,-0.950820199606301,0.0,0.17845503985881805,0.0,FL
275192,FL,1203,18.9222412109375,1,0.0,0.0,8.27270221710205,1,0,0.0,0.0,12.165739059448242,0.0,0.0,0.0,0.0,0.0,0.0,0.0,0.0,0.0,0.0,0.0,0.0,0.0,0.0,0.0,0.0,0.0,0.0,0.0,0.0,0.0,0.0,0.0,0.0,0.0,0.0,0.0,0.0,0.0,0.0,0.0,0.0,0.0,0.0,0.0,0.0,0.0,0.0,0.0,0.0,0.0,0.0,0.0,0.0,0.0,0.0,0.0,0.0,0.0,0.0,0.0,0.0,0.0,0.0,0.0,0.0,0.0,0.0,0.0,0.0,0.0,0.0,0.0,0.0,0.0,0.0,0.0,0.0,0.0,0.0,0.0,0.0,0.0,0.0,0.0,0.0,0.0,0.0,0.0,0.0,0.0,0.0,0.0,0.0,0.0,0.0,0.0,0.0,0.0,0.0,0.0,12.165739059448242,0.0,0.0,0.0,0.0,0.0,0.0,0.0,0.0,0.0,FL
275193,FL,1203,176.32620239257812,2,0.0,0.0,0.0,2,0,0.0,0.0,69102.234375,34694.95703125,0.0,0.0,0.0,34694.95703125,0.0,0.0,0.0,0.0,0.0,0.0,0.0,0.0,0.0,0.0,0.0,0.0,0.0,0.0,0.0,0.0,0.0,0.0,0.0,0.0,0.0,0.0,0.0,0.0,0.0,0.0,0.0,0.0,0.0,0.0,0.0,0.0,0.0,0.0,0.0,0.0,0.0,0.0,0.0,0.0,0.0,0.0,0.0,0.0,0.0,0.0,0.0,0.0,0.0,0.0,0.0,0.0,0.0,0.0,0.0,0.0,0.0,0.0,0.0,0.0,0.0,0.0,0.0,0.0,0.0,0.0,0.0,0.0,0.0,0.0,0.0,0.0,0.0,0.0,0.0,0.0,0.0,0.0,0.0,0.0,0.0,0.0,0.0,0.0,0.0,0.0,69102.234375,34694.95703125,0.0,0.0,0.0,0.0,0.0,0.0,0.0,0.0,FL
275194,FL,1203,0.12504950165748596,4,0.0,625331.34375,629827.296875,4,0,107934.19921875,0.0,488024.9375,0.0,0.0,0.0,0.0,0.0,-746.0,0.0,746.0,0.0,-969.0,0.0,969.0,0.0,0.0,0.0,0.0,0.0,0.0,0.0,0.0,0.0,0.0,0.0,0.0,0.0,0.0,0.0,0.0,0.0,0.0,0.0,0.0,0.0,0.0,0.0,0.0,0.0,0.0,0.0,0.0,0.0,0.0,0.0,0.0,0.0,-460.0,0.0,460.0,0.0,0.0,0.0,0.0,0.0,0.0,0.0,0.0,0.0,0.0,0.0,0.0,0.0,0.0,0.0,0.0,0.0,0.0,0.0,0.0,0.0,0.0,0.0,0.0,0.0,0.0,0.0,0.0,0.0,0.0,0.0,0.0,0.0,0.0,0.0,0.0,0.0,0.0,0.0,0.0,0.0,105759.19921875,0.0,490199.9375,0.0,-2175.0,0.0,2175.0,0.0,-2.015116631932324,0.0,0.44567394256591797,0.0,FL
275195,FL,1203,0.1293824166059494,2,0.0,247105.8125,280885.96875,2,0,46801.32421875,0.0,240641.140625,0.0,0.0,0.0,0.0,0.0,-292.0,0.0,292.0,0.0,-456.0,0.0,456.0,0.0,0.0,0.0,0.0,0.0,0.0,0.0,0.0,0.0,0.0,0.0,0.0,0.0,0.0,0.0,0.0,0.0,0.0,0.0,0.0,0.0,0.0,0.0,0.0,0.0,0.0,0.0,0.0,0.0,0.0,0.0,0.0,0.0,0.0,0.0,0.0,0.0,0.0,0.0,0.0,0.0,0.0,0.0,0.0,0.0,0.0,0.0,0.0,0.0,0.0,0.0,0.0,0.0,0.0,0.0,0.0,0.0,0.0,0.0,0.0,0.0,0.0,0.0,0.0,0.0,0.0,0.0,0.0,0.0,0.0,0.0,0.0,0.0,0.0,0.0,0.0,0.0,46053.32421875,0.0,241389.140625,0.0,-748.0,0.0,748.0,0.0,-1.5982453755022792,0.0,0.3108362853527069,0.0,FL
275196,FL,1203,0.12447124719619751,5,3.0,545235.4375,550858.875,5,0,120645.0859375,0.0,445983.75,0.0,0.0,0.0,0.0,0.0,-749.0,0.0,749.0,0.0,-665.0,0.0,665.0,0.0,0.0,0.0,0.0,0.0,0.0,0.0,0.0,0.0,0.0,0.0,0.0,0.0,0.0,0.0,0.0,0.0,0.0,0.0,0.0,0.0,0.0,0.0,0.0,0.0,0.0,0.0,0.0,0.0,0.0,0.0,0.0,0.0,-336.0859375,0.0,336.09375,0.0,0.0,0.0,0.0,0.0,0.0,0.0,0.0,0.0,0.0,0.0,0.0,0.0,0.0,0.0,0.0,0.0,0.0,0.0,0.0,0.0,0.0,0.0,0.0,0.0,0.0,0.0,0.0,0.0,0.0,0.0,0.0,0.0,0.0,0.0,0.0,0.0,0.0,0.0,0.0,0.0,118895.0,0.0,447733.84375,0.0,-1750.0859375,0.0,1750.09375,0.0,-1.4506068969992107,0.0,0.392412006855011,0.0,FL
275197,FL,1203,211.70863342285156,1,0.0,0.0,8.27270221710205,1,0,0.0,0.0,43871.796875,26649.453125,0.0,0.0,0.0,26649.453125,0.0,0.0,0.0,0.0,0.0,0.0,0.0,0.0,0.0,0.0,0.0,0.0,0.0,0.0,0.0,0.0,0.0,0.0,0.0,0.0,0.0,0.0,0.0,0.0,0.0,0.0,0.0,0.0,0.0,0.0,0.0,0.0,0.0,0.0,0.0,0.0,0.0,0.0,0.0,0.0,0.0,0.0,0.0,0.0,0.0,0.0,0.0,0.0,0.0,0.0,0.0,0.0,0.0,0.0,0.0,0.0,0.0,0.0,0.0,0.0,0.0,0.0,0.0,0.0,0.0,0.0,0.0,0.0,0.0,0.0,0.0,0.0,0.0,0.0,0.0,0.0,0.0,0.0,0.0,0.0,0.0,0.0,0.0,0.0,0.0,0.0,43871.796875,26649.453125,0.0,0.0,0.0,0.0,0.0,0.0,0.0,0.0,FL
275198,FL,1203,317.1377258300781,1,0.0,0.0,0.0,1,0,0.0,0.0,49955.49609375,24991.484375,13231.8837890625,0.0,0.0,38223.3681640625,0.0,0.0,0.0,0.0,0.0,0.0,0.0,0.0,0.0,0.0,0.0,0.0,0.0,0.0,0.0,0.0,0.0,0.0,0.0,0.0,0.0,0.0,0.0,0.0,0.0,0.0,0.0,0.0,0.0,0.0,0.0,0.0,0.0,0.0,0.0,0.0,0.0,0.0,0.0,0.0,0.0,0.0,0.0,0.0,0.0,0.0,0.0,0.0,0.0,0.0,0.0,0.0,0.0,0.0,0.0,0.0,0.0,0.0,0.0,0.0,0.0,0.0,0.0,0.0,0.0,0.0,0.0,0.0,0.0,0.0,0.0,0.0,0.0,0.0,0.0,0.0,0.0,0.0,0.0,0.0,0.0,0.0,0.0,0.0,0.0,0.0,49955.49609375,38223.3681640625,0.0,0.0,0.0,0.0,0.0,0.0,0.0,0.0,FL
275199,FL,1203,291.130615234375,2,0.0,6497.28857421875,6266.963623046875,2,0,0.0,0.0,26563.1015625,15184.0673828125,0.0,0.0,0.0,15184.0673828125,0.0,0.0,0.0,0.0,0.0,0.0,0.0,0.0,0.0,0.0,0.0,0.0,0.0,0.0,0.0,0.0,0.0,0.0,0.0,0.0,0.0,0.0,0.0,0.0,0.0,0.0,0.0,0.0,0.0,0.0,0.0,0.0,0.0,0.0,0.0,0.0,0.0,0.0,0.0,0.0,0.0,0.0,0.0,0.0,0.0,0.0,0.0,0.0,0.0,0.0,0.0,0.0,0.0,0.0,0.0,0.0,0.0,0.0,0.0,0.0,0.0,0.0,0.0,0.0,0.0,0.0,0.0,0.0,0.0,0.0,0.0,0.0,0.0,0.0,0.0,0.0,0.0,0.0,0.0,0.0,0.0,0.0,0.0,0.0,0.0,0.0,26563.1015625,15184.0673828125,0.0,0.0,0.0,0.0,0.0,0.0,0.0,0.0,FL
275200,FL,1203,0.14855827391147614,2,0.0,1380710.15625,1394417.5,2,0,427897.3125,0.0,944030.375,0.0,0.0,0.0,0.0,0.0,-734.0,0.0,734.0,0.0,-703.0,0.0,703.0,0.0,0.0,0.0,0.0,0.0,0.0,0.0,0.0,0.0,0.0,0.0,0.0,0.0,0.0,0.0,0.0,0.0,-1850.0,0.0,1850.0,0.0,0.0,0.0,0.0,0.0,0.0,0.0,0.0,0.0,0.0,0.0,0.0,0.0,0.0,0.0,0.0,0.0,0.0,0.0,0.0,0.0,0.0,0.0,0.0,0.0,0.0,0.0,0.0,0.0,0.0,0.0,0.0,0.0,0.0,0.0,0.0,0.0,0.0,0.0,0.0,0.0,0.0,0.0,0.0,0.0,0.0,0.0,0.0,0.0,0.0,0.0,0.0,0.0,0.0,0.0,0.0,0.0,424610.3125,0.0,947317.375,0.0,-3287.0,0.0,3287.0,0.0,-0.7681749578644527,0.0,0.34818795323371887,0.0,FL
275201,FL,1203,0.16701972484588623,4,1.0,757496.328125,866304.6015625,4,0,214765.541015625,0.0,680007.9375,0.0,0.0,0.0,0.0,0.0,-864.0,0.0,864.0,0.0,-874.0,0.0,874.0,0.0,0.0,0.0,0.0,0.0,0.0,0.0,0.0,0.0,0.0,0.0,0.0,0.0,0.0,0.0,0.0,0.0,-1750.0,0.0,1750.0,0.0,0.0,0.0,0.0,0.0,0.0,0.0,0.0,0.0,0.0,0.0,0.0,0.0,-105.796875,0.0,105.8125,0.0,0.0,0.0,0.0,0.0,0.0,0.0,0.0,0.0,0.0,0.0,0.0,0.0,0.0,0.0,0.0,0.0,0.0,0.0,0.0,0.0,0.0,0.0,0.0,0.0,-793.62939453125,0.0,793.625,0.0,0.0,0.0,0.0,0.0,0.0,0.0,0.0,0.0,0.0,0.0,0.0,0.0,210378.11474609375,0.0,684395.375,0.0,-4387.42626953125,0.0,4387.4375,0.0,-2.042891168100402,0.0,0.6452038884162903,0.0,FL
275202,FL,1203,0.11188501119613647,3,1.0,306639.859375,351673.125,3,0,61008.4296875,0.0,328652.0625,389.11334228515625,0.0,0.0,0.0,389.11334228515625,-292.0,0.0,292.0,0.0,-456.0,0.0,456.0,0.0,0.0,0.0,0.0,0.0,0.0,0.0,0.0,0.0,-200.0,0.0,200.0,0.0,0.0,0.0,0.0,0.0,0.0,0.0,0.0,0.0,0.0,0.0,0.0,0.0,0.0,0.0,0.0,0.0,0.0,0.0,0.0,0.0,0.0,0.0,0.0,0.0,0.0,0.0,0.0,0.0,0.0,0.0,0.0,0.0,0.0,0.0,0.0,0.0,0.0,0.0,0.0,0.0,0.0,0.0,0.0,0.0,0.0,0.0,0.0,0.0,0.0,0.0,0.0,0.0,0.0,0.0,0.0,0.0,0.0,0.0,0.0,0.0,0.0,0.0,0.0,0.0,60060.4296875,0.0,329600.0625,389.11334228515625,-948.0,0.0,948.0,0.0,-1.553883626993657,0.0,0.2884509563446045,0.0,FL
275203,FL,1203,0.16874735057353973,3,1.0,343032.25,368750.25,3,0,62402.29296875,0.0,287521.03125,0.0,0.0,0.0,0.0,0.0,-292.0,0.0,292.0,0.0,0.0,0.0,0.0,0.0,0.0,0.0,0.0,0.0,0.0,0.0,0.0,0.0,-200.0,0.0,200.0,0.0,0.0,0.0,0.0,0.0,-138.015625,0.0,138.03125,0.0,0.0,0.0,0.0,0.0,0.0,0.0,0.0,0.0,0.0,0.0,0.0,0.0,0.0,0.0,0.0,0.0,0.0,0.0,0.0,0.0,0.0,0.0,0.0,0.0,-38.9609375,0.0,38.9375,0.0,0.0,0.0,0.0,0.0,0.0,0.0,0.0,0.0,0.0,0.0,0.0,0.0,0.0,0.0,0.0,0.0,0.0,0.0,0.0,0.0,0.0,0.0,0.0,0.0,0.0,0.0,0.0,0.0,61733.31640625,0.0,288190.0,0.0,-668.9765625,0.0,668.96875,0.0,-1.0720384310797875,0.0,0.23266775906085968,0.0,FL
275204,FL,1203,133.85426330566406,2,0.0,0.0,5809.37451171875,2,0,0.0,0.0,81398.484375,37210.6015625,0.0,0.0,0.0,37210.6015625,0.0,0.0,0.0,0.0,0.0,0.0,0.0,0.0,0.0,0.0,0.0,0.0,0.0,0.0,0.0,0.0,0.0,0.0,0.0,0.0,0.0,0.0,0.0,0.0,0.0,0.0,0.0,0.0,0.0,0.0,0.0,0.0,0.0,0.0,0.0,0.0,0.0,0.0,0.0,0.0,0.0,0.0,0.0,0.0,0.0,0.0,0.0,0.0,0.0,0.0,0.0,0.0,0.0,0.0,0.0,0.0,0.0,0.0,0.0,0.0,0.0,0.0,0.0,0.0,0.0,0.0,0.0,0.0,0.0,0.0,0.0,0.0,0.0,0.0,0.0,0.0,0.0,0.0,0.0,0.0,0.0,0.0,0.0,0.0,0.0,0.0,81398.484375,37210.6015625,0.0,0.0,0.0,0.0,0.0,0.0,0.0,0.0,FL
275205,FL,1203,0.17295439541339874,3,0.0,352201.10546875,581161.15234375,3,0,113947.49768066406,0.0,493679.6875,0.0,0.0,0.0,0.0,0.0,-769.0,0.0,769.0,0.0,-722.0,0.0,722.0,0.0,0.0,0.0,0.0,0.0,0.0,0.0,0.0,0.0,0.0,0.0,0.0,0.0,0.0,0.0,0.0,0.0,0.0,0.0,0.0,0.0,0.0,0.0,0.0,0.0,0.0,0.0,0.0,0.0,0.0,0.0,0.0,0.0,0.0,0.0,0.0,0.0,0.0,0.0,0.0,0.0,0.0,0.0,0.0,0.0,0.0,0.0,0.0,0.0,0.0,0.0,0.0,0.0,0.0,0.0,0.0,0.0,0.0,0.0,0.0,0.0,0.0,0.0,0.0,0.0,0.0,0.0,0.0,0.0,0.0,0.0,0.0,0.0,0.0,0.0,0.0,0.0,112456.49768066406,0.0,495170.6875,0.0,-1491.0,0.0,1491.0,0.0,-1.3084973609324027,0.0,0.3020176887512207,0.0,FL
275206,FL,1203,51.27888870239258,1,0.0,0.0,2.4818105697631836,1,0,0.0,0.0,39440.6875,20027.361328125,0.0,0.0,0.0,20027.361328125,0.0,0.0,0.0,0.0,0.0,0.0,0.0,0.0,0.0,0.0,0.0,0.0,0.0,0.0,0.0,0.0,0.0,0.0,0.0,0.0,0.0,0.0,0.0,0.0,0.0,0.0,0.0,0.0,0.0,0.0,0.0,0.0,0.0,0.0,0.0,0.0,0.0,0.0,0.0,0.0,0.0,0.0,0.0,0.0,0.0,0.0,0.0,0.0,0.0,0.0,0.0,0.0,0.0,0.0,0.0,0.0,0.0,0.0,0.0,0.0,0.0,0.0,0.0,0.0,0.0,0.0,0.0,0.0,0.0,0.0,0.0,0.0,0.0,0.0,0.0,0.0,0.0,0.0,0.0,0.0,0.0,0.0,0.0,0.0,0.0,0.0,39440.6875,20027.361328125,0.0,0.0,0.0,0.0,0.0,0.0,0.0,0.0,FL
275207,FL,1203,0.14860980212688446,3,1.0,174495.59765625,171725.8125,3,0,8161.828125,0.0,166997.1875,0.0,0.0,0.0,0.0,0.0,-10.0,0.0,10.0,0.0,0.0,0.0,0.0,0.0,0.0,0.0,0.0,0.0,0.0,0.0,0.0,0.0,-200.0,0.0,200.0,0.0,0.0,0.0,0.0,0.0,0.0,0.0,0.0,0.0,0.0,0.0,0.0,0.0,0.0,0.0,0.0,0.0,0.0,0.0,0.0,0.0,0.0,0.0,0.0,0.0,0.0,0.0,0.0,0.0,0.0,0.0,0.0,0.0,0.0,0.0,0.0,0.0,0.0,0.0,0.0,0.0,0.0,0.0,0.0,0.0,0.0,0.0,0.0,0.0,-103.2451171875,0.0,103.234375,0.0,0.0,0.0,0.0,0.0,0.0,0.0,0.0,0.0,0.0,0.0,0.0,0.0,7848.5830078125,0.0,167310.421875,0.0,-313.2451171875,0.0,313.234375,0.0,-3.8379283708268486,0.0,0.18756866455078125,0.0,FL
275208,FL,1203,0.1778433918952942,3,0.0,173392.05859375,196335.96484375,3,0,21733.248443603516,0.0,171265.234375,0.0,0.0,7227.73779296875,0.0,7227.73779296875,-230.0,0.0,230.0,0.0,-418.0,0.0,418.0,0.0,0.0,0.0,0.0,0.0,0.0,0.0,0.0,0.0,0.0,0.0,0.0,0.0,0.0,0.0,0.0,0.0,0.0,0.0,0.0,0.0,0.0,0.0,0.0,0.0,0.0,0.0,0.0,0.0,0.0,0.0,0.0,0.0,0.0,0.0,0.0,0.0,0.0,0.0,0.0,0.0,0.0,0.0,0.0,0.0,0.0,0.0,0.0,0.0,0.0,0.0,0.0,0.0,-1642.623046875,0.0,1642.625,0.0,-976.138671875,0.0,976.140625,0.0,-277.0474548339844,0.0,277.046875,0.0,0.0,0.0,0.0,0.0,0.0,0.0,0.0,0.0,0.0,0.0,0.0,0.0,18189.43927001953,0.0,174809.046875,7227.73779296875,-3543.8091735839844,0.0,3543.8125,0.0,-16.305934121077012,0.0,2.069195508956909,0.0,FL
275209,FL,1203,100.12612915039062,2,0.0,29036.283203125,34863.6796875,2,0,456.36798095703125,0.0,118713.3984375,29036.041015625,0.0,34240.09375,0.0,63276.134765625,0.0,0.0,0.0,0.0,-190.0,0.0,190.0,0.0,0.0,0.0,0.0,0.0,0.0,0.0,0.0,0.0,0.0,0.0,0.0,0.0,0.0,0.0,0.0,0.0,0.0,0.0,0.0,0.0,0.0,0.0,0.0,0.0,0.0,0.0,0.0,0.0,0.0,0.0,0.0,0.0,-200.00001525878906,0.0,200.0,0.0,0.0,0.0,0.0,0.0,0.0,0.0,0.0,0.0,0.0,0.0,0.0,0.0,0.0,0.0,0.0,0.0,0.0,0.0,0.0,0.0,0.0,0.0,0.0,0.0,-66.36796569824219,0.0,66.3671875,0.0,0.0,0.0,0.0,0.0,0.0,0.0,0.0,0.0,0.0,0.0,0.0,0.0,0.0,0.0,119169.765625,63276.134765625,-456.36798095703125,0.0,456.3671875,0.0,-100.0,0.0,0.3844276964664459,0.0,FL
275210,FL,1203,0.13271746039390564,4,2.0,133837.953125,154665.78125,1,3,12113.80859375,0.0,149632.65625,0.0,0.0,0.0,0.0,0.0,-230.0,0.0,230.0,0.0,-418.0,0.0,418.0,0.0,0.0,0.0,0.0,0.0,0.0,0.0,0.0,0.0,-400.0,0.0,400.0,0.0,0.0,0.0,0.0,0.0,-199.3369140625,0.0,199.328125,0.0,0.0,0.0,0.0,0.0,0.0,0.0,0.0,0.0,0.0,0.0,0.0,0.0,-440.0,0.0,440.0,0.0,0.0,0.0,0.0,0.0,0.0,0.0,0.0,0.0,0.0,0.0,0.0,0.0,0.0,0.0,0.0,0.0,0.0,0.0,0.0,0.0,0.0,0.0,0.0,0.0,0.0,0.0,0.0,0.0,0.0,0.0,0.0,0.0,0.0,0.0,0.0,0.0,0.0,0.0,0.0,0.0,10426.4716796875,0.0,151319.984375,0.0,-1687.3369140625,0.0,1687.328125,0.0,-13.929037271837569,0.0,1.1276469230651855,0.0,FL
275211,FL,1203,0.18958833813667297,4,2.0,424729.484375,424915.625,4,0,77452.8203125,0.0,333377.25,0.0,0.0,0.0,0.0,0.0,-292.0,0.0,292.0,0.0,-456.0,0.0,456.0,0.0,0.0,0.0,0.0,0.0,0.0,0.0,0.0,0.0,-400.0,0.0,400.0,0.0,0.0,0.0,0.0,0.0,0.0,0.0,0.0,0.0,0.0,0.0,0.0,0.0,0.0,0.0,0.0,0.0,0.0,0.0,0.0,0.0,-94.265625,0.0,94.28125,0.0,0.0,0.0,0.0,0.0,0.0,0.0,0.0,0.0,0.0,0.0,0.0,0.0,0.0,0.0,0.0,0.0,0.0,0.0,0.0,0.0,0.0,0.0,0.0,0.0,0.0,0.0,0.0,0.0,0.0,0.0,0.0,0.0,0.0,0.0,0.0,0.0,0.0,0.0,0.0,0.0,76210.5546875,0.0,334619.53125,0.0,-1242.265625,0.0,1242.28125,0.0,-1.6038997934327157,0.0,0.37263527512550354,0.0,FL
275212,FL,1203,0.15570496022701263,2,0.0,98083.703125,241550.6796875,2,0,30674.5703125,0.0,213132.71875,0.0,0.0,0.0,0.0,0.0,-230.0,0.0,230.0,0.0,-376.2001953125,0.0,376.203125,0.0,0.0,0.0,0.0,0.0,0.0,0.0,0.0,0.0,0.0,0.0,0.0,0.0,0.0,0.0,0.0,0.0,0.0,0.0,0.0,0.0,0.0,0.0,0.0,0.0,0.0,0.0,0.0,0.0,0.0,0.0,0.0,0.0,0.0,0.0,0.0,0.0,0.0,0.0,0.0,0.0,0.0,0.0,0.0,0.0,0.0,0.0,0.0,0.0,0.0,0.0,0.0,0.0,0.0,0.0,0.0,0.0,0.0,0.0,0.0,0.0,0.0,0.0,0.0,0.0,0.0,0.0,0.0,0.0,0.0,0.0,0.0,0.0,0.0,0.0,0.0,0.0,30068.3701171875,0.0,213738.921875,0.0,-606.2001953125,0.0,606.203125,0.0,-1.9762304382319944,0.0,0.28442519903182983,0.0,FL
275213,FL,1203,0.15186744928359985,4,2.0,166834.1015625,172831.8125,4,0,16746.09765625,0.0,155851.859375,0.0,0.0,0.0,0.0,0.0,-230.0,0.0,230.0,0.0,-418.0,0.0,418.0,0.0,0.0,0.0,0.0,0.0,0.0,0.0,0.0,0.0,-400.0,0.0,400.0,0.0,0.0,0.0,0.0,0.0,0.0,0.0,0.0,0.0,0.0,0.0,0.0,0.0,0.0,0.0,0.0,0.0,0.0,0.0,0.0,0.0,-7.8125,0.0,7.8125,0.0,0.0,0.0,0.0,0.0,0.0,0.0,0.0,0.0,0.0,0.0,0.0,0.0,0.0,0.0,0.0,0.0,0.0,0.0,0.0,0.0,0.0,0.0,0.0,0.0,0.0,0.0,0.0,0.0,0.0,0.0,0.0,0.0,0.0,0.0,0.0,0.0,0.0,0.0,0.0,0.0,15690.28515625,0.0,156907.671875,0.0,-1055.8125,0.0,1055.8125,0.0,-6.304827080749456,0.0,0.677446186542511,0.0,FL
275214,FL,1203,0.12672355771064758,3,1.0,906099.6875,1266529.0,3,0,380315.78125,0.0,855441.875,0.0,0.0,0.0,0.0,0.0,-734.0,0.0,734.0,0.0,-703.0,0.0,703.0,0.0,0.0,0.0,0.0,0.0,0.0,0.0,0.0,0.0,0.0,0.0,0.0,0.0,0.0,0.0,0.0,0.0,-1850.0,0.0,1850.0,0.0,0.0,0.0,0.0,0.0,0.0,0.0,0.0,0.0,0.0,0.0,0.0,0.0,-238.90625,0.0,238.9375,0.0,0.0,0.0,0.0,0.0,0.0,0.0,0.0,0.0,0.0,0.0,0.0,0.0,0.0,0.0,0.0,0.0,0.0,0.0,0.0,0.0,0.0,0.0,0.0,0.0,0.0,0.0,0.0,0.0,0.0,0.0,0.0,0.0,0.0,0.0,0.0,0.0,0.0,0.0,0.0,0.0,376789.875,0.0,858967.8125,0.0,-3525.90625,0.0,3525.9375,0.0,-0.9270996429365236,0.0,0.41217735409736633,0.0,FL
275215,FL,1203,0.24024471640586853,2,0.0,60395.46875,60395.46875,2,0,2927.456298828125,0.0,51854.12890625,0.0,0.0,0.0,0.0,0.0,-10.0,0.0,10.0,0.0,-228.0,0.0,228.0,0.0,0.0,0.0,0.0,0.0,0.0,0.0,0.0,0.0,0.0,0.0,0.0,0.0,0.0,0.0,0.0,0.0,0.0,0.0,0.0,0.0,0.0,0.0,0.0,0.0,0.0,0.0,0.0,0.0,0.0,0.0,0.0,0.0,-208.073974609375,0.0,208.07421875,0.0,0.0,0.0,0.0,0.0,0.0,0.0,0.0,0.0,0.0,0.0,0.0,0.0,0.0,0.0,0.0,0.0,0.0,0.0,0.0,0.0,-600.2303466796875,0.0,600.23046875,0.0,-16.212890625,0.0,16.21484375,0.0,0.0,0.0,0.0,0.0,0.0,0.0,0.0,0.0,0.0,0.0,0.0,0.0,1864.9390869140625,0.0,52916.6484375,0.0,-1062.5172119140625,0.0,1062.51953125,0.0,-36.29489575435826,0.0,2.0490548610687256,0.0,FL
275216,FL,1203,0.1268833577632904,2,0.0,96400.4609375,96400.4609375,2,0,7446.05517578125,0.0,84951.3515625,0.0,0.0,3371.5751953125,0.0,3371.5751953125,-10.0,0.0,10.0,0.0,-228.0,0.0,228.0,0.0,0.0,0.0,0.0,0.0,0.0,0.0,0.0,0.0,0.0,0.0,0.0,0.0,0.0,0.0,0.0,0.0,0.0,0.0,0.0,0.0,0.0,0.0,0.0,0.0,0.0,0.0,0.0,0.0,0.0,0.0,0.0,0.0,0.0,0.0,0.0,0.0,0.0,0.0,0.0,0.0,0.0,0.0,0.0,0.0,0.0,0.0,0.0,0.0,0.0,0.0,0.0,0.0,0.0,0.0,0.0,0.0,0.0,0.0,0.0,0.0,0.0,0.0,0.0,0.0,0.0,0.0,0.0,0.0,0.0,0.0,0.0,0.0,0.0,0.0,0.0,0.0,7208.05517578125,0.0,85189.3515625,3371.5751953125,-238.0,0.0,238.0,0.0,-3.196323346812008,0.0,0.2801603376865387,0.0,FL
275217,FL,1203,0.1253947764635086,6,3.0,20568.427734375,20568.427734375,6,0,541.8427734375,0.0,93016.234375,43033.703125,11572.787353515625,0.0,0.0,54606.490478515625,0.0,0.0,0.0,0.0,-95.0,0.0,95.0,0.0,0.0,0.0,0.0,0.0,0.0,0.0,0.0,0.0,0.0,0.0,0.0,0.0,0.0,0.0,0.0,0.0,0.0,0.0,0.0,0.0,0.0,0.0,0.0,0.0,0.0,0.0,0.0,0.0,0.0,0.0,0.0,0.0,0.0,0.0,0.0,0.0,0.0,0.0,0.0,0.0,0.0,0.0,0.0,0.0,0.0,0.0,0.0,0.0,0.0,0.0,0.0,0.0,0.0,0.0,0.0,0.0,0.0,0.0,0.0,0.0,0.0,0.0,0.0,0.0,0.0,0.0,0.0,0.0,0.0,0.0,0.0,0.0,0.0,0.0,-2763.546875,-2763.543212890625,446.8427734375,0.0,90347.6875,51842.947265625,-95.0,0.0,-2668.546875,-2763.543212890625,-17.532761283741284,0.0,-2.8689043521881104,-5.060832858280671,FL
275218,FL,1203,140.13565063476562,1,0.0,2481.66796875,2481.66796875,1,0,0.0,0.0,44910.69921875,19906.630859375,0.0,0.0,0.0,19906.630859375,0.0,0.0,0.0,0.0,0.0,0.0,0.0,0.0,0.0,0.0,0.0,0.0,0.0,0.0,0.0,0.0,0.0,0.0,0.0,0.0,0.0,0.0,0.0,0.0,0.0,0.0,0.0,0.0,0.0,0.0,0.0,0.0,0.0,0.0,0.0,0.0,0.0,0.0,0.0,0.0,0.0,0.0,0.0,0.0,0.0,0.0,0.0,0.0,0.0,0.0,0.0,0.0,0.0,0.0,0.0,0.0,0.0,0.0,0.0,0.0,0.0,0.0,0.0,0.0,0.0,0.0,0.0,0.0,0.0,0.0,0.0,0.0,0.0,0.0,0.0,0.0,0.0,0.0,0.0,0.0,0.0,0.0,0.0,0.0,0.0,0.0,44910.69921875,19906.630859375,0.0,0.0,0.0,0.0,0.0,0.0,0.0,0.0,FL
275219,FL,1203,9.869233131408691,1,0.0,0.0,0.0,1,0,0.0,0.0,31720.314453125,16025.1572265625,0.0,0.0,0.0,16025.1572265625,0.0,0.0,0.0,0.0,0.0,0.0,0.0,0.0,0.0,0.0,0.0,0.0,0.0,0.0,0.0,0.0,0.0,0.0,0.0,0.0,0.0,0.0,0.0,0.0,0.0,0.0,0.0,0.0,0.0,0.0,0.0,0.0,0.0,0.0,0.0,0.0,0.0,0.0,0.0,0.0,0.0,0.0,0.0,0.0,0.0,0.0,0.0,0.0,0.0,0.0,0.0,0.0,0.0,0.0,0.0,0.0,0.0,0.0,0.0,0.0,0.0,0.0,0.0,0.0,0.0,0.0,0.0,0.0,0.0,0.0,0.0,0.0,0.0,0.0,0.0,0.0,0.0,0.0,0.0,0.0,0.0,0.0,0.0,0.0,0.0,0.0,31720.314453125,16025.1572265625,0.0,0.0,0.0,0.0,0.0,0.0,0.0,0.0,FL
275220,FL,1203,0.14082160592079163,5,3.0,185758.65625,186230.203125,5,0,18258.64453125,0.0,177285.5,0.0,0.0,0.0,0.0,0.0,-230.0,0.0,230.0,0.0,-418.0,0.0,418.0,0.0,0.0,0.0,0.0,0.0,0.0,0.0,0.0,0.0,-400.0,0.0,400.0,0.0,0.0,0.0,0.0,0.0,0.0,0.0,0.0,0.0,0.0,0.0,0.0,0.0,0.0,0.0,0.0,0.0,0.0,0.0,0.0,0.0,-440.0,0.0,440.0,0.0,0.0,0.0,0.0,0.0,0.0,0.0,0.0,0.0,0.0,0.0,0.0,0.0,0.0,0.0,0.0,0.0,0.0,0.0,0.0,0.0,0.0,0.0,0.0,0.0,0.0,0.0,0.0,0.0,0.0,0.0,0.0,0.0,0.0,0.0,0.0,0.0,0.0,0.0,0.0,0.0,16770.64453125,0.0,178773.5,0.0,-1488.0,0.0,1488.0,0.0,-8.149564429348855,0.0,0.8393241167068481,0.0,FL
275221,FL,1203,162.63719177246094,2,0.0,0.0,-1436.8216552734375,2,0,0.0,0.0,88677.640625,44338.8203125,0.0,0.0,0.0,44338.8203125,0.0,0.0,0.0,0.0,0.0,0.0,0.0,0.0,0.0,0.0,0.0,0.0,0.0,0.0,0.0,0.0,0.0,0.0,0.0,0.0,0.0,0.0,0.0,0.0,0.0,0.0,0.0,0.0,0.0,0.0,0.0,0.0,0.0,0.0,0.0,0.0,0.0,0.0,0.0,0.0,0.0,0.0,0.0,0.0,0.0,0.0,0.0,0.0,0.0,0.0,0.0,0.0,0.0,0.0,0.0,0.0,0.0,0.0,0.0,0.0,0.0,0.0,0.0,0.0,0.0,0.0,0.0,0.0,0.0,0.0,0.0,0.0,0.0,0.0,0.0,0.0,0.0,0.0,0.0,0.0,0.0,0.0,0.0,0.0,0.0,0.0,88677.640625,44338.8203125,0.0,0.0,0.0,0.0,0.0,0.0,0.0,0.0,FL
275222,FL,1203,68.72700500488281,1,0.0,8073.87646484375,8516.4658203125,1,0,0.0,0.0,9633.3583984375,1469.983642578125,0.0,0.0,0.0,1469.983642578125,0.0,0.0,0.0,0.0,0.0,0.0,0.0,0.0,0.0,0.0,0.0,0.0,0.0,0.0,0.0,0.0,0.0,0.0,0.0,0.0,0.0,0.0,0.0,0.0,0.0,0.0,0.0,0.0,0.0,0.0,0.0,0.0,0.0,0.0,0.0,0.0,0.0,0.0,0.0,0.0,0.0,0.0,0.0,0.0,0.0,0.0,0.0,0.0,0.0,0.0,0.0,0.0,0.0,0.0,0.0,0.0,0.0,0.0,0.0,0.0,0.0,0.0,0.0,0.0,0.0,0.0,0.0,0.0,0.0,0.0,0.0,0.0,0.0,0.0,0.0,0.0,0.0,0.0,0.0,0.0,0.0,0.0,0.0,0.0,0.0,0.0,9633.3583984375,1469.983642578125,0.0,0.0,0.0,0.0,0.0,0.0,0.0,0.0,FL
275223,FL,1203,0.13427934050559998,4,2.0,50333.80078125,50337.9375,4,0,-4977.0927734375,0.0,72943.71875,2006.5458984375,0.0,13549.17578125,4570.7734375,20126.4951171875,0.0,0.0,0.0,0.0,-190.0,0.0,190.0,0.0,0.0,0.0,0.0,0.0,0.0,0.0,0.0,0.0,-400.0,0.0,400.0,0.0,0.0,0.0,0.0,0.0,0.0,0.0,0.0,0.0,0.0,0.0,0.0,0.0,0.0,0.0,0.0,0.0,0.0,0.0,0.0,0.0,0.0,0.0,0.0,0.0,0.0,0.0,0.0,0.0,0.0,0.0,0.0,0.0,0.0,0.0,0.0,0.0,0.0,0.0,0.0,0.0,-272.02392578125,0.0,272.03125,0.0,0.0,0.0,0.0,0.0,0.0,0.0,0.0,0.0,0.0,0.0,0.0,0.0,0.0,0.0,0.0,0.0,0.0,0.0,0.0,0.0,-5839.11669921875,0.0,73805.75,20126.4951171875,-862.02392578125,0.0,862.03125,0.0,-17.31982836208779,0.0,1.1817759275436401,0.0,FL
275224,FL,1203,0.13503970205783844,3,1.0,1276638.5,1299374.625,3,0,392448.59375,0.0,866691.125,0.0,0.0,0.0,0.0,0.0,-734.0,0.0,734.0,0.0,-703.0,0.0,703.0,0.0,0.0,0.0,0.0,0.0,0.0,0.0,0.0,0.0,0.0,0.0,0.0,0.0,0.0,0.0,0.0,0.0,-1840.90625,0.0,1840.875,0.0,0.0,0.0,0.0,0.0,0.0,0.0,0.0,0.0,0.0,0.0,0.0,0.0,-9.03125,0.0,9.0,0.0,0.0,0.0,0.0,0.0,0.0,0.0,0.0,0.0,0.0,0.0,0.0,0.0,0.0,0.0,0.0,0.0,0.0,0.0,0.0,0.0,0.0,0.0,0.0,0.0,0.0,0.0,0.0,0.0,0.0,0.0,0.0,0.0,0.0,0.0,0.0,0.0,0.0,0.0,0.0,0.0,389161.65625,0.0,869978.0,0.0,-3286.9375,0.0,3286.875,0.0,-0.8375460002524217,0.0,0.3792440891265869,0.0,FL
275225,FL,1203,0.17344409227371216,3,1.0,405551.15625,481172.8125,3,0,97888.0390625,0.0,365468.84375,0.0,0.0,0.0,0.0,0.0,-764.0,0.0,764.0,0.0,-608.0,0.0,608.0,0.0,0.0,0.0,0.0,0.0,0.0,0.0,0.0,0.0,0.0,0.0,0.0,0.0,0.0,0.0,0.0,0.0,0.0,0.0,0.0,0.0,0.0,0.0,0.0,0.0,0.0,0.0,0.0,0.0,0.0,0.0,0.0,0.0,0.0,0.0,0.0,0.0,0.0,0.0,0.0,0.0,0.0,0.0,0.0,0.0,0.0,0.0,0.0,0.0,0.0,0.0,0.0,0.0,0.0,0.0,0.0,0.0,0.0,0.0,0.0,0.0,0.0,0.0,0.0,0.0,0.0,0.0,0.0,0.0,0.0,0.0,0.0,0.0,0.0,0.0,0.0,0.0,96516.0390625,0.0,366840.84375,0.0,-1372.0,0.0,1372.0,0.0,-1.4016012713504242,0.0,0.37540820240974426,0.0,FL
275226,FL,1203,118.25857543945312,1,0.0,0.0,0.0,1,0,0.0,0.0,26630.654296875,12526.8173828125,13231.8837890625,0.0,0.0,25758.701171875,0.0,0.0,0.0,0.0,0.0,0.0,0.0,0.0,0.0,0.0,0.0,0.0,0.0,0.0,0.0,0.0,0.0,0.0,0.0,0.0,0.0,0.0,0.0,0.0,0.0,0.0,0.0,0.0,0.0,0.0,0.0,0.0,0.0,0.0,0.0,0.0,0.0,0.0,0.0,0.0,0.0,0.0,0.0,0.0,0.0,0.0,0.0,0.0,0.0,0.0,0.0,0.0,0.0,0.0,0.0,0.0,0.0,0.0,0.0,0.0,0.0,0.0,0.0,0.0,0.0,0.0,0.0,0.0,0.0,0.0,0.0,0.0,0.0,0.0,0.0,0.0,0.0,0.0,0.0,0.0,0.0,0.0,0.0,0.0,0.0,0.0,26630.654296875,25758.701171875,0.0,0.0,0.0,0.0,0.0,0.0,0.0,0.0,FL
275227,FL,1203,536.6845703125,3,1.0,0.0,0.0,3,0,0.0,0.0,27259.1796875,11263.751953125,15995.427001953125,0.0,0.0,27259.178955078125,0.0,0.0,0.0,0.0,0.0,0.0,0.0,0.0,0.0,0.0,0.0,0.0,0.0,0.0,0.0,0.0,0.0,0.0,0.0,0.0,0.0,0.0,0.0,0.0,0.0,0.0,0.0,0.0,0.0,0.0,0.0,0.0,0.0,0.0,0.0,0.0,0.0,0.0,0.0,0.0,0.0,0.0,0.0,0.0,0.0,0.0,0.0,0.0,0.0,0.0,0.0,0.0,0.0,0.0,0.0,0.0,0.0,0.0,0.0,0.0,0.0,0.0,0.0,0.0,0.0,0.0,0.0,0.0,0.0,0.0,0.0,0.0,0.0,0.0,0.0,0.0,0.0,0.0,0.0,0.0,0.0,0.0,0.0,0.0,0.0,0.0,27259.1796875,27259.178955078125,0.0,0.0,0.0,0.0,0.0,0.0,0.0,0.0,FL
275228,FL,1203,0.183060422539711,2,0.0,102988.64453125,103027.52734375,2,0,8241.30322265625,0.0,96027.6484375,0.0,0.0,6398.33642578125,0.0,6398.33642578125,-10.0,0.0,10.0,0.0,-228.0,0.0,228.0,0.0,0.0,0.0,0.0,0.0,0.0,0.0,0.0,0.0,0.0,0.0,0.0,0.0,0.0,0.0,0.0,0.0,0.0,0.0,0.0,0.0,0.0,0.0,0.0,0.0,0.0,0.0,0.0,0.0,0.0,0.0,0.0,0.0,0.0,0.0,0.0,0.0,0.0,0.0,0.0,0.0,0.0,0.0,0.0,0.0,0.0,0.0,0.0,0.0,0.0,0.0,0.0,0.0,0.0,0.0,0.0,0.0,0.0,0.0,0.0,0.0,0.0,0.0,0.0,0.0,0.0,0.0,0.0,0.0,0.0,0.0,0.0,0.0,0.0,0.0,0.0,0.0,8003.30322265625,0.0,96265.6484375,6398.33642578125,-238.0,0.0,238.0,0.0,-2.887892770960202,0.0,0.24784529209136963,0.0,FL
275229,FL,1203,0.1312558352947235,3,1.0,150988.67578125,104530.62109375,1,2,8421.674560546875,0.0,144763.609375,4727.001953125,2763.543212890625,6256.703125,0.0,13747.248291015625,-10.0,0.0,10.0,0.0,-228.0,0.0,228.0,0.0,0.0,0.0,0.0,0.0,0.0,0.0,0.0,0.0,0.0,0.0,0.0,0.0,0.0,0.0,0.0,0.0,0.0,0.0,0.0,0.0,0.0,0.0,0.0,0.0,0.0,0.0,0.0,0.0,0.0,0.0,0.0,0.0,0.0,0.0,0.0,0.0,0.0,0.0,0.0,0.0,0.0,0.0,0.0,0.0,0.0,0.0,0.0,0.0,0.0,0.0,0.0,0.0,0.0,0.0,0.0,0.0,0.0,0.0,0.0,0.0,-54.4755859375,0.0,54.484375,0.0,0.0,0.0,0.0,0.0,0.0,0.0,0.0,0.0,0.0,0.0,0.0,0.0,8129.198974609375,0.0,145056.09375,13747.248291015625,-292.4755859375,0.0,292.484375,0.0,-3.472891095883283,0.0,0.20204274356365204,0.0,FL
275230,FL,1203,340.7091064453125,2,1.0,0.0,0.0,2,0,0.0,0.0,35634.0546875,29588.3515625,6045.700927734375,0.0,0.0,35634.052490234375,0.0,0.0,0.0,0.0,0.0,0.0,0.0,0.0,0.0,0.0,0.0,0.0,0.0,0.0,0.0,0.0,0.0,0.0,0.0,0.0,0.0,0.0,0.0,0.0,0.0,0.0,0.0,0.0,0.0,0.0,0.0,0.0,0.0,0.0,0.0,0.0,0.0,0.0,0.0,0.0,0.0,0.0,0.0,0.0,0.0,0.0,0.0,0.0,0.0,0.0,0.0,0.0,0.0,0.0,0.0,0.0,0.0,0.0,0.0,0.0,0.0,0.0,0.0,0.0,0.0,0.0,0.0,0.0,0.0,0.0,0.0,0.0,0.0,0.0,-6588.71875,-6588.716796875,0.0,0.0,0.0,0.0,0.0,0.0,0.0,0.0,0.0,0.0,29045.3359375,29045.335693359375,0.0,0.0,-6588.71875,-6588.716796875,0.0,0.0,-18.48995018005371,-18.4899452530151,FL
275231,FL,1203,240.79684448242188,1,0.0,0.0,0.0,1,0,0.0,0.0,17157.923828125,3926.039794921875,13231.8837890625,0.0,0.0,17157.923583984375,0.0,0.0,0.0,0.0,0.0,0.0,0.0,0.0,0.0,0.0,0.0,0.0,0.0,0.0,0.0,0.0,0.0,0.0,0.0,0.0,0.0,0.0,0.0,0.0,0.0,0.0,0.0,0.0,0.0,0.0,0.0,0.0,0.0,0.0,0.0,0.0,0.0,0.0,0.0,0.0,0.0,0.0,0.0,0.0,0.0,0.0,0.0,0.0,0.0,0.0,0.0,0.0,0.0,0.0,0.0,0.0,0.0,0.0,0.0,0.0,0.0,0.0,0.0,0.0,0.0,0.0,0.0,0.0,0.0,0.0,0.0,0.0,0.0,0.0,0.0,0.0,0.0,0.0,0.0,0.0,0.0,0.0,0.0,0.0,0.0,0.0,17157.923828125,17157.923583984375,0.0,0.0,0.0,0.0,0.0,0.0,0.0,0.0,FL
275232,FL,1203,156.25965881347656,2,1.0,0.0,115.41502380371094,2,0,0.0,0.0,43252.71484375,15518.189453125,13231.8837890625,0.0,0.0,28750.0732421875,0.0,0.0,0.0,0.0,0.0,0.0,0.0,0.0,0.0,0.0,0.0,0.0,0.0,0.0,0.0,0.0,0.0,0.0,0.0,0.0,0.0,0.0,0.0,0.0,0.0,0.0,0.0,0.0,0.0,0.0,0.0,0.0,0.0,0.0,0.0,0.0,0.0,0.0,0.0,0.0,0.0,0.0,0.0,0.0,0.0,0.0,0.0,0.0,0.0,0.0,0.0,0.0,0.0,0.0,0.0,0.0,0.0,0.0,0.0,0.0,0.0,0.0,0.0,0.0,0.0,0.0,0.0,0.0,0.0,0.0,0.0,0.0,0.0,0.0,0.0,0.0,0.0,0.0,0.0,0.0,0.0,0.0,0.0,0.0,0.0,0.0,43252.71484375,28750.0732421875,0.0,0.0,0.0,0.0,0.0,0.0,0.0,0.0,FL
275233,FL,1203,0.10606501251459122,2,0.0,111678.3125,112507.953125,2,0,9378.92578125,0.0,100603.203125,0.0,0.0,0.0,0.0,0.0,-10.0,0.0,10.0,0.0,-228.0,0.0,228.0,0.0,0.0,0.0,0.0,0.0,0.0,0.0,0.0,0.0,0.0,0.0,0.0,0.0,0.0,0.0,0.0,0.0,0.0,0.0,0.0,0.0,0.0,0.0,0.0,0.0,0.0,0.0,0.0,0.0,0.0,0.0,0.0,0.0,-240.0,0.0,240.0,0.0,0.0,0.0,0.0,0.0,0.0,0.0,0.0,0.0,0.0,0.0,0.0,0.0,0.0,0.0,0.0,0.0,0.0,0.0,0.0,0.0,0.0,0.0,0.0,0.0,0.0,0.0,0.0,0.0,0.0,0.0,0.0,0.0,0.0,0.0,0.0,0.0,0.0,0.0,0.0,0.0,8900.92578125,0.0,101081.203125,0.0,-478.0,0.0,478.0,0.0,-5.096532493684936,0.0,0.4751339554786682,0.0,FL
275234,FL,1203,0.283486932516098,3,1.0,182709.517578125,228617.609375,3,0,32732.85546875,0.0,235070.4375,0.0,0.0,0.0,0.0,0.0,-230.0,0.0,230.0,0.0,-418.0,0.0,418.0,0.0,0.0,0.0,0.0,0.0,0.0,0.0,0.0,0.0,0.0,0.0,0.0,0.0,0.0,0.0,0.0,0.0,0.0,0.0,0.0,0.0,0.0,0.0,0.0,0.0,0.0,0.0,0.0,0.0,0.0,0.0,0.0,0.0,-178.6484375,0.0,178.640625,0.0,0.0,0.0,0.0,0.0,0.0,0.0,0.0,0.0,0.0,0.0,0.0,0.0,0.0,0.0,0.0,0.0,0.0,0.0,0.0,0.0,0.0,0.0,0.0,0.0,0.0,0.0,0.0,0.0,0.0,0.0,0.0,0.0,0.0,0.0,0.0,0.0,0.0,0.0,0.0,0.0,31906.20703125,0.0,235897.078125,0.0,-826.6484375,0.0,826.640625,0.0,-2.5254394267227918,0.0,0.35165655612945557,0.0,FL
275235,FL,1203,134.47885131835938,1,0.0,0.0,0.0,1,0,0.0,0.0,44223.21484375,18370.900390625,13231.8837890625,0.0,0.0,31602.7841796875,0.0,0.0,0.0,0.0,0.0,0.0,0.0,0.0,0.0,0.0,0.0,0.0,0.0,0.0,0.0,0.0,0.0,0.0,0.0,0.0,0.0,0.0,0.0,0.0,0.0,0.0,0.0,0.0,0.0,0.0,0.0,0.0,0.0,0.0,0.0,0.0,0.0,0.0,0.0,0.0,0.0,0.0,0.0,0.0,0.0,0.0,0.0,0.0,0.0,0.0,0.0,0.0,0.0,0.0,0.0,0.0,0.0,0.0,0.0,0.0,0.0,0.0,0.0,0.0,0.0,0.0,0.0,0.0,0.0,0.0,0.0,0.0,0.0,0.0,0.0,0.0,0.0,0.0,0.0,0.0,0.0,0.0,0.0,0.0,0.0,0.0,44223.21484375,31602.7841796875,0.0,0.0,0.0,0.0,0.0,0.0,0.0,0.0,FL
275236,FL,1203,417.4728088378906,1,0.0,0.0,0.0,1,0,0.0,0.0,30332.1484375,13883.845703125,13231.8837890625,0.0,0.0,27115.7294921875,0.0,0.0,0.0,0.0,0.0,0.0,0.0,0.0,0.0,0.0,0.0,0.0,0.0,0.0,0.0,0.0,0.0,0.0,0.0,0.0,0.0,0.0,0.0,0.0,0.0,0.0,0.0,0.0,0.0,0.0,0.0,0.0,0.0,0.0,0.0,0.0,0.0,0.0,0.0,0.0,0.0,0.0,0.0,0.0,0.0,0.0,0.0,0.0,0.0,0.0,0.0,0.0,0.0,0.0,0.0,0.0,0.0,0.0,0.0,0.0,0.0,0.0,0.0,0.0,0.0,0.0,0.0,0.0,0.0,0.0,0.0,0.0,0.0,0.0,0.0,0.0,0.0,0.0,0.0,0.0,0.0,0.0,0.0,0.0,0.0,0.0,30332.1484375,27115.7294921875,0.0,0.0,0.0,0.0,0.0,0.0,0.0,0.0,FL
275237,FL,1203,34.25216293334961,1,0.0,0.0,10.754512786865234,1,0,0.0,0.0,36337.8046875,18469.8359375,0.0,0.0,0.0,18469.8359375,0.0,0.0,0.0,0.0,0.0,0.0,0.0,0.0,0.0,0.0,0.0,0.0,0.0,0.0,0.0,0.0,0.0,0.0,0.0,0.0,0.0,0.0,0.0,0.0,0.0,0.0,0.0,0.0,0.0,0.0,0.0,0.0,0.0,0.0,0.0,0.0,0.0,0.0,0.0,0.0,0.0,0.0,0.0,0.0,0.0,0.0,0.0,0.0,0.0,0.0,0.0,0.0,0.0,0.0,0.0,0.0,0.0,0.0,0.0,0.0,0.0,0.0,0.0,0.0,0.0,0.0,0.0,0.0,0.0,0.0,0.0,0.0,0.0,0.0,0.0,0.0,0.0,0.0,0.0,0.0,0.0,0.0,0.0,0.0,0.0,0.0,36337.8046875,18469.8359375,0.0,0.0,0.0,0.0,0.0,0.0,0.0,0.0,FL
275238,FL,1203,135.49571228027344,2,0.0,0.0,0.0,2,0,0.0,0.0,94240.703125,47120.3515625,0.0,0.0,0.0,47120.3515625,0.0,0.0,0.0,0.0,0.0,0.0,0.0,0.0,0.0,0.0,0.0,0.0,0.0,0.0,0.0,0.0,0.0,0.0,0.0,0.0,0.0,0.0,0.0,0.0,0.0,0.0,0.0,0.0,0.0,0.0,0.0,0.0,0.0,0.0,0.0,0.0,0.0,0.0,0.0,0.0,0.0,0.0,0.0,0.0,0.0,0.0,0.0,0.0,0.0,0.0,0.0,0.0,0.0,0.0,0.0,0.0,0.0,0.0,0.0,0.0,0.0,0.0,0.0,0.0,0.0,0.0,0.0,0.0,0.0,0.0,0.0,0.0,0.0,0.0,0.0,0.0,0.0,0.0,0.0,0.0,0.0,0.0,0.0,0.0,0.0,0.0,94240.703125,47120.3515625,0.0,0.0,0.0,0.0,0.0,0.0,0.0,0.0,FL
275239,FL,1203,0.13478675484657288,2,0.0,141602.96875,191840.5625,2,0,24455.263671875,0.0,226639.734375,57156.53125,0.0,0.0,0.0,57156.53125,-230.0,0.0,230.0,0.0,-418.0,0.0,418.0,0.0,0.0,0.0,0.0,0.0,0.0,0.0,0.0,0.0,0.0,0.0,0.0,0.0,0.0,0.0,0.0,0.0,0.0,0.0,0.0,0.0,0.0,0.0,0.0,0.0,0.0,0.0,0.0,0.0,0.0,0.0,0.0,0.0,0.0,0.0,0.0,0.0,0.0,0.0,0.0,0.0,0.0,0.0,0.0,0.0,0.0,0.0,0.0,0.0,0.0,0.0,0.0,0.0,0.0,0.0,0.0,0.0,-2087.703125,0.0,2087.703125,0.0,0.0,0.0,0.0,0.0,0.0,0.0,0.0,0.0,0.0,0.0,0.0,0.0,0.0,0.0,0.0,0.0,21719.560546875,0.0,229375.4375,57156.53125,-2735.703125,0.0,2735.703125,0.0,-11.186561558713514,0.0,1.207071304321289,0.0,FL
275240,FL,1203,164.22171020507812,2,0.0,12870.748046875,12874.884765625,2,0,0.0,0.0,91910.7890625,37733.7734375,0.0,0.0,0.0,37733.7734375,0.0,0.0,0.0,0.0,0.0,0.0,0.0,0.0,0.0,0.0,0.0,0.0,0.0,0.0,0.0,0.0,0.0,0.0,0.0,0.0,0.0,0.0,0.0,0.0,0.0,0.0,0.0,0.0,0.0,0.0,0.0,0.0,0.0,0.0,0.0,0.0,0.0,0.0,0.0,0.0,0.0,0.0,0.0,0.0,0.0,0.0,0.0,0.0,0.0,0.0,0.0,0.0,0.0,0.0,0.0,0.0,0.0,0.0,0.0,0.0,0.0,0.0,0.0,0.0,0.0,0.0,0.0,0.0,0.0,0.0,0.0,0.0,0.0,0.0,0.0,0.0,0.0,0.0,0.0,0.0,0.0,0.0,0.0,0.0,0.0,0.0,91910.7890625,37733.7734375,0.0,0.0,0.0,0.0,0.0,0.0,0.0,0.0,FL
275241,FL,1203,0.13264058530330658,2,0.0,162067.53125,162155.5546875,2,0,18662.185546875,0.0,137481.3125,0.0,0.0,0.0,0.0,0.0,-230.0,0.0,230.0,0.0,-418.0,0.0,418.0,0.0,0.0,0.0,0.0,0.0,0.0,0.0,0.0,0.0,0.0,0.0,0.0,0.0,0.0,0.0,0.0,0.0,0.0,0.0,0.0,0.0,0.0,0.0,0.0,0.0,0.0,0.0,0.0,0.0,0.0,0.0,0.0,0.0,0.0,0.0,0.0,0.0,0.0,0.0,0.0,0.0,0.0,0.0,0.0,0.0,0.0,0.0,0.0,0.0,0.0,0.0,0.0,0.0,0.0,0.0,0.0,0.0,0.0,0.0,0.0,0.0,0.0,0.0,0.0,0.0,0.0,0.0,0.0,0.0,0.0,0.0,0.0,0.0,0.0,0.0,0.0,0.0,18014.185546875,0.0,138129.3125,0.0,-648.0,0.0,648.0,0.0,-3.4722621226349784,0.0,0.4713367819786072,0.0,FL
275242,FL,1203,178.5538787841797,2,0.0,0.0,162.14495849609375,2,0,0.0,0.0,144681.84375,72221.703125,0.0,0.0,0.0,72221.703125,0.0,0.0,0.0,0.0,0.0,0.0,0.0,0.0,0.0,0.0,0.0,0.0,0.0,0.0,0.0,0.0,0.0,0.0,0.0,0.0,0.0,0.0,0.0,0.0,0.0,0.0,0.0,0.0,0.0,0.0,0.0,0.0,0.0,0.0,0.0,0.0,0.0,0.0,0.0,0.0,0.0,0.0,0.0,0.0,0.0,0.0,0.0,0.0,0.0,0.0,0.0,0.0,0.0,0.0,0.0,0.0,0.0,0.0,0.0,0.0,0.0,0.0,0.0,0.0,0.0,0.0,0.0,0.0,0.0,0.0,0.0,0.0,0.0,0.0,0.0,0.0,0.0,0.0,0.0,0.0,0.0,0.0,0.0,0.0,0.0,0.0,144681.84375,72221.703125,0.0,0.0,0.0,0.0,0.0,0.0,0.0,0.0,FL
275243,FL,1203,71.98802947998047,2,1.0,0.0,0.0,2,0,0.0,0.0,15059.451171875,9013.75,6045.700927734375,0.0,0.0,15059.450927734375,0.0,0.0,0.0,0.0,0.0,0.0,0.0,0.0,0.0,0.0,0.0,0.0,0.0,0.0,0.0,0.0,0.0,0.0,0.0,0.0,0.0,0.0,0.0,0.0,0.0,0.0,0.0,0.0,0.0,0.0,0.0,0.0,0.0,0.0,0.0,0.0,0.0,0.0,0.0,0.0,0.0,0.0,0.0,0.0,0.0,0.0,0.0,0.0,0.0,0.0,0.0,0.0,0.0,0.0,0.0,0.0,0.0,0.0,0.0,0.0,0.0,0.0,0.0,0.0,0.0,0.0,0.0,0.0,0.0,0.0,0.0,0.0,0.0,0.0,0.0,0.0,0.0,0.0,0.0,0.0,0.0,0.0,0.0,0.0,0.0,0.0,15059.451171875,15059.450927734375,0.0,0.0,0.0,0.0,0.0,0.0,0.0,0.0,FL
275244,FL,1203,0.14867758750915527,3,0.0,116145.1328125,140227.03515625,3,0,11355.0869140625,0.0,119986.84375,0.0,0.0,0.0,0.0,0.0,-125.0,0.0,125.0,0.0,-437.0,0.0,437.0,0.0,0.0,0.0,0.0,0.0,0.0,0.0,0.0,0.0,0.0,0.0,0.0,0.0,0.0,0.0,0.0,0.0,-40.39599609375,0.0,40.390625,0.0,0.0,0.0,0.0,0.0,0.0,0.0,0.0,0.0,0.0,0.0,0.0,0.0,0.0,0.0,0.0,0.0,0.0,0.0,0.0,0.0,0.0,0.0,0.0,0.0,0.0,0.0,0.0,0.0,0.0,0.0,0.0,0.0,0.0,0.0,0.0,0.0,0.0,0.0,0.0,0.0,-466.337890625,0.0,466.34375,0.0,0.0,0.0,0.0,0.0,0.0,0.0,0.0,0.0,0.0,0.0,0.0,0.0,10286.35302734375,0.0,121055.578125,0.0,-1068.73388671875,0.0,1068.734375,0.0,-9.411939290356255,0.0,0.890709638595581,0.0,FL
275245,FL,1203,741.5003662109375,2,0.0,0.0,-366.8244400024414,2,0,0.0,0.0,46024.2578125,13374.189453125,26463.767578125,0.0,0.0,39837.95703125,0.0,0.0,0.0,0.0,0.0,0.0,0.0,0.0,0.0,0.0,0.0,0.0,0.0,0.0,0.0,0.0,0.0,0.0,0.0,0.0,0.0,0.0,0.0,0.0,0.0,0.0,0.0,0.0,0.0,0.0,0.0,0.0,0.0,0.0,0.0,0.0,0.0,0.0,0.0,0.0,0.0,0.0,0.0,0.0,0.0,0.0,0.0,0.0,0.0,0.0,0.0,0.0,0.0,0.0,0.0,0.0,0.0,0.0,0.0,0.0,0.0,0.0,0.0,0.0,0.0,0.0,0.0,0.0,0.0,0.0,0.0,0.0,0.0,0.0,0.0,0.0,0.0,0.0,0.0,0.0,0.0,0.0,-13231.88671875,-13231.8837890625,0.0,0.0,32792.37109375,26606.0732421875,0.0,0.0,-13231.88671875,-13231.8837890625,0.0,0.0,-28.74980926513672,-33.2142629168535,FL
275246,FL,1203,0.20151551067829132,4,2.0,468315.47314453125,476863.40625,4,0,81265.390625,0.0,390491.9375,0.0,0.0,0.0,0.0,0.0,-332.8203125,0.0,332.84375,0.0,0.0,0.0,0.0,0.0,0.0,0.0,0.0,0.0,0.0,0.0,0.0,0.0,0.0,0.0,0.0,0.0,0.0,0.0,0.0,0.0,-566.796875,0.0,566.78125,0.0,0.0,0.0,0.0,0.0,0.0,0.0,0.0,0.0,0.0,0.0,0.0,0.0,0.0,0.0,0.0,0.0,0.0,0.0,0.0,0.0,0.0,0.0,0.0,0.0,-2518.6875,0.0,2518.6875,0.0,0.0,0.0,0.0,0.0,0.0,0.0,0.0,0.0,0.0,0.0,0.0,0.0,0.0,0.0,0.0,0.0,0.0,0.0,0.0,0.0,0.0,0.0,0.0,0.0,0.0,0.0,0.0,0.0,77847.0859375,0.0,393910.25,0.0,-3418.3046875,0.0,3418.3125,0.0,-4.206347451492362,0.0,0.8753862380981445,0.0,FL
275247,FL,1203,0.2025005966424942,2,0.0,364131.9375,471049.8125,2,0,92122.7890625,0.0,411474.8125,27466.525390625,0.0,0.0,0.0,27466.525390625,-764.0,0.0,764.0,0.0,-643.140625,0.0,643.125,0.0,0.0,0.0,0.0,0.0,0.0,0.0,0.0,0.0,0.0,0.0,0.0,0.0,0.0,0.0,0.0,0.0,-850.859375,0.0,850.875,0.0,0.0,0.0,0.0,0.0,0.0,0.0,0.0,0.0,0.0,0.0,0.0,0.0,-68.1796875,0.0,68.15625,0.0,0.0,0.0,0.0,0.0,0.0,0.0,0.0,0.0,0.0,0.0,0.0,0.0,0.0,0.0,0.0,0.0,0.0,0.0,0.0,0.0,0.0,0.0,0.0,0.0,0.0,0.0,0.0,0.0,0.0,0.0,0.0,0.0,0.0,0.0,0.0,0.0,0.0,0.0,0.0,0.0,89796.609375,0.0,413800.96875,27466.525390625,-2326.1796875,0.0,2326.15625,0.0,-2.525086041328841,0.0,0.5653216242790222,0.0,FL
275248,FL,1203,0.14253641664981842,3,1.0,159475.1875,159558.734375,3,0,16090.921875,0.0,146049.8125,0.0,0.0,0.0,0.0,0.0,-230.0,0.0,230.0,0.0,-418.0,0.0,418.0,0.0,0.0,0.0,0.0,0.0,0.0,0.0,0.0,0.0,-200.0,0.0,200.0,0.0,0.0,0.0,0.0,0.0,0.0,0.0,0.0,0.0,0.0,0.0,0.0,0.0,0.0,0.0,0.0,0.0,0.0,0.0,0.0,0.0,-11.8515625,0.0,11.84375,0.0,0.0,0.0,0.0,0.0,0.0,0.0,0.0,0.0,0.0,0.0,0.0,0.0,0.0,0.0,0.0,0.0,0.0,0.0,0.0,0.0,0.0,0.0,0.0,0.0,-399.48828125,0.0,399.484375,0.0,0.0,0.0,0.0,0.0,0.0,0.0,0.0,0.0,0.0,0.0,0.0,0.0,14831.58203125,0.0,147309.140625,0.0,-1259.33984375,0.0,1259.328125,0.0,-7.826399590607671,0.0,0.8622593283653259,0.0,FL
275249,FL,1203,11.081379890441895,4,2.0,0.0,0.0,4,0,0.0,0.0,8119.0107421875,2591.924560546875,5527.08642578125,0.0,0.0,8119.010986328125,0.0,0.0,0.0,0.0,0.0,0.0,0.0,0.0,0.0,0.0,0.0,0.0,0.0,0.0,0.0,0.0,0.0,0.0,0.0,0.0,0.0,0.0,0.0,0.0,0.0,0.0,0.0,0.0,0.0,0.0,0.0,0.0,0.0,0.0,0.0,0.0,0.0,0.0,0.0,0.0,0.0,0.0,0.0,0.0,0.0,0.0,0.0,0.0,0.0,0.0,0.0,0.0,0.0,0.0,0.0,0.0,0.0,0.0,0.0,0.0,0.0,0.0,0.0,0.0,0.0,0.0,0.0,0.0,0.0,0.0,0.0,0.0,0.0,0.0,0.0,0.0,0.0,0.0,0.0,0.0,0.0,0.0,0.0,0.0,0.0,0.0,8119.0107421875,8119.010986328125,0.0,0.0,0.0,0.0,0.0,0.0,0.0,0.0,FL
275250,FL,1203,0.16248923540115356,2,0.0,145603.546875,145603.546875,2,0,15020.7802734375,0.0,124829.21875,0.0,0.0,0.0,0.0,0.0,-230.0,0.0,230.0,0.0,-418.0,0.0,418.0,0.0,0.0,0.0,0.0,0.0,0.0,0.0,0.0,0.0,0.0,0.0,0.0,0.0,0.0,0.0,0.0,0.0,0.0,0.0,0.0,0.0,0.0,0.0,0.0,0.0,0.0,0.0,0.0,0.0,0.0,0.0,0.0,0.0,-440.0,0.0,440.0,0.0,0.0,0.0,0.0,0.0,0.0,0.0,0.0,0.0,0.0,0.0,0.0,0.0,0.0,0.0,0.0,0.0,0.0,0.0,0.0,0.0,0.0,0.0,0.0,0.0,-95.115234375,0.0,95.1171875,0.0,0.0,0.0,0.0,0.0,0.0,0.0,0.0,0.0,0.0,0.0,0.0,0.0,13837.6650390625,0.0,126012.3359375,0.0,-1183.115234375,0.0,1183.1171875,0.0,-7.876523142191232,0.0,0.947788655757904,0.0,FL
275251,FL,1203,129.2351837158203,1,0.0,0.0,534.6182861328125,1,0,0.0,0.0,53139.4921875,26446.279296875,0.0,0.0,0.0,26446.279296875,0.0,0.0,0.0,0.0,0.0,0.0,0.0,0.0,0.0,0.0,0.0,0.0,0.0,0.0,0.0,0.0,0.0,0.0,0.0,0.0,0.0,0.0,0.0,0.0,0.0,0.0,0.0,0.0,0.0,0.0,0.0,0.0,0.0,0.0,0.0,0.0,0.0,0.0,0.0,0.0,0.0,0.0,0.0,0.0,0.0,0.0,0.0,0.0,0.0,0.0,0.0,0.0,0.0,0.0,0.0,0.0,0.0,0.0,0.0,0.0,0.0,0.0,0.0,0.0,0.0,0.0,0.0,0.0,0.0,0.0,0.0,0.0,0.0,0.0,0.0,0.0,0.0,0.0,0.0,0.0,0.0,0.0,0.0,0.0,0.0,0.0,53139.4921875,26446.279296875,0.0,0.0,0.0,0.0,0.0,0.0,0.0,0.0,FL
275252,FL,1203,150.316650390625,2,0.0,17718.494140625,17719.322265625,2,0,0.0,0.0,74849.390625,28229.484375,0.0,0.0,0.0,28229.484375,0.0,0.0,0.0,0.0,0.0,0.0,0.0,0.0,0.0,0.0,0.0,0.0,0.0,0.0,0.0,0.0,0.0,0.0,0.0,0.0,0.0,0.0,0.0,0.0,0.0,0.0,0.0,0.0,0.0,0.0,0.0,0.0,0.0,0.0,0.0,0.0,0.0,0.0,0.0,0.0,0.0,0.0,0.0,0.0,0.0,0.0,0.0,0.0,0.0,0.0,0.0,0.0,0.0,0.0,0.0,0.0,0.0,0.0,0.0,0.0,0.0,0.0,0.0,0.0,0.0,0.0,0.0,0.0,0.0,0.0,0.0,0.0,0.0,0.0,0.0,0.0,0.0,0.0,0.0,0.0,0.0,0.0,0.0,0.0,0.0,0.0,74849.390625,28229.484375,0.0,0.0,0.0,0.0,0.0,0.0,0.0,0.0,FL
275253,FL,1203,50.71537399291992,4,0.0,0.0,0.0,4,0,0.0,0.0,95490.609375,47910.3046875,0.0,0.0,0.0,47910.3046875,0.0,0.0,0.0,0.0,0.0,0.0,0.0,0.0,0.0,0.0,0.0,0.0,0.0,0.0,0.0,0.0,0.0,0.0,0.0,0.0,0.0,0.0,0.0,0.0,0.0,0.0,0.0,0.0,0.0,0.0,0.0,0.0,0.0,0.0,0.0,0.0,0.0,0.0,0.0,0.0,0.0,0.0,0.0,0.0,0.0,0.0,0.0,0.0,0.0,0.0,0.0,0.0,0.0,0.0,0.0,0.0,0.0,0.0,0.0,0.0,0.0,0.0,0.0,0.0,0.0,0.0,0.0,0.0,0.0,0.0,0.0,0.0,0.0,0.0,0.0,0.0,0.0,0.0,0.0,0.0,0.0,0.0,0.0,0.0,0.0,0.0,95490.609375,47910.3046875,0.0,0.0,0.0,0.0,0.0,0.0,0.0,0.0,FL
275254,FL,1203,194.86195373535156,1,0.0,0.0,0.0,1,0,0.0,0.0,3926.039794921875,3926.039794921875,0.0,0.0,0.0,3926.039794921875,0.0,0.0,0.0,0.0,0.0,0.0,0.0,0.0,0.0,0.0,0.0,0.0,0.0,0.0,0.0,0.0,0.0,0.0,0.0,0.0,0.0,0.0,0.0,0.0,0.0,0.0,0.0,0.0,0.0,0.0,0.0,0.0,0.0,0.0,0.0,0.0,0.0,0.0,0.0,0.0,0.0,0.0,0.0,0.0,0.0,0.0,0.0,0.0,0.0,0.0,0.0,0.0,0.0,0.0,0.0,0.0,0.0,0.0,0.0,0.0,0.0,0.0,0.0,0.0,0.0,0.0,0.0,0.0,0.0,0.0,0.0,0.0,0.0,0.0,0.0,0.0,0.0,0.0,0.0,0.0,0.0,0.0,0.0,0.0,0.0,0.0,3926.039794921875,3926.039794921875,0.0,0.0,0.0,0.0,0.0,0.0,0.0,0.0,FL
275255,FL,1203,162.13458251953125,2,0.0,0.0,55.25179481506348,2,0,0.0,0.0,57851.02734375,20650.111328125,26463.767578125,0.0,0.0,47113.87890625,0.0,0.0,0.0,0.0,0.0,0.0,0.0,0.0,0.0,0.0,0.0,0.0,0.0,0.0,0.0,0.0,0.0,0.0,0.0,0.0,0.0,0.0,0.0,0.0,0.0,0.0,0.0,0.0,0.0,0.0,0.0,0.0,0.0,0.0,0.0,0.0,0.0,0.0,0.0,0.0,0.0,0.0,0.0,0.0,0.0,0.0,0.0,0.0,0.0,0.0,0.0,0.0,0.0,0.0,0.0,0.0,0.0,0.0,0.0,0.0,0.0,0.0,0.0,0.0,0.0,0.0,0.0,0.0,0.0,0.0,0.0,0.0,0.0,0.0,0.0,0.0,0.0,0.0,0.0,0.0,0.0,0.0,0.0,0.0,0.0,0.0,57851.02734375,47113.87890625,0.0,0.0,0.0,0.0,0.0,0.0,0.0,0.0,FL
275256,FL,1203,0.12833748757839203,4,2.0,819160.78125,832753.375,4,0,220243.65625,0.0,589630.0,0.0,0.0,0.0,0.0,0.0,-734.0,0.0,734.0,0.0,-703.0,0.0,703.0,0.0,0.0,0.0,0.0,0.0,0.0,0.0,0.0,0.0,0.0,0.0,0.0,0.0,0.0,0.0,0.0,0.0,0.0,0.0,0.0,0.0,0.0,0.0,0.0,0.0,0.0,0.0,0.0,0.0,0.0,0.0,0.0,0.0,-0.828125,0.0,0.8125,0.0,0.0,0.0,0.0,0.0,0.0,0.0,0.0,0.0,0.0,0.0,0.0,0.0,0.0,0.0,0.0,0.0,0.0,0.0,0.0,0.0,0.0,0.0,0.0,0.0,0.0,0.0,0.0,0.0,0.0,0.0,0.0,0.0,0.0,0.0,0.0,0.0,0.0,0.0,0.0,0.0,218805.828125,0.0,591067.8125,0.0,-1437.828125,0.0,1437.8125,0.0,-0.6528352051002604,0.0,0.2438499629497528,0.0,FL
275257,FL,1203,0.12223394215106964,2,0.0,75325.484375,75329.62072610855,2,0,8065.6064453125,0.0,97640.4765625,17984.03515625,0.0,0.0,0.0,17984.03515625,-115.0,0.0,115.0,0.0,-209.0,0.0,209.0,0.0,0.0,0.0,0.0,0.0,0.0,0.0,0.0,0.0,0.0,0.0,0.0,0.0,0.0,0.0,0.0,0.0,0.0,0.0,0.0,0.0,0.0,0.0,0.0,0.0,0.0,0.0,0.0,0.0,0.0,0.0,0.0,0.0,0.0,0.0,0.0,0.0,0.0,0.0,0.0,0.0,0.0,0.0,0.0,0.0,0.0,0.0,0.0,0.0,0.0,0.0,0.0,0.0,0.0,0.0,0.0,0.0,0.0,0.0,0.0,0.0,0.0,0.0,0.0,0.0,0.0,0.0,0.0,0.0,0.0,0.0,0.0,0.0,0.0,0.0,0.0,0.0,7741.6064453125,0.0,97964.4765625,17984.03515625,-324.0,0.0,324.0,0.0,-4.017056897045846,0.0,0.33182960748672485,0.0,FL
275258,FL,1203,0.12314110994338989,1,0.0,71184.4453125,74493.5234375,1,0,7882.5751953125,0.0,72839.703125,0.0,0.0,0.0,0.0,0.0,-115.0,0.0,115.0,0.0,-209.0,0.0,209.0,0.0,0.0,0.0,0.0,0.0,0.0,0.0,0.0,0.0,0.0,0.0,0.0,0.0,0.0,0.0,0.0,0.0,0.0,0.0,0.0,0.0,0.0,0.0,0.0,0.0,0.0,0.0,0.0,0.0,0.0,0.0,0.0,0.0,0.0,0.0,0.0,0.0,0.0,0.0,0.0,0.0,0.0,0.0,0.0,0.0,0.0,0.0,0.0,0.0,0.0,0.0,0.0,0.0,0.0,0.0,0.0,0.0,0.0,0.0,0.0,0.0,-233.0361328125,0.0,233.0390625,0.0,0.0,0.0,0.0,0.0,0.0,0.0,0.0,0.0,0.0,0.0,0.0,0.0,7325.5390625,0.0,73396.7421875,0.0,-557.0361328125,0.0,557.0390625,0.0,-7.0666770568043615,0.0,0.7647464871406555,0.0,FL
275259,FL,1203,134.36598205566406,2,0.0,8806.1181640625,8806.1181640625,2,0,0.0,0.0,73630.2265625,31671.619140625,0.0,0.0,0.0,31671.619140625,0.0,0.0,0.0,0.0,0.0,0.0,0.0,0.0,0.0,0.0,0.0,0.0,0.0,0.0,0.0,0.0,0.0,0.0,0.0,0.0,0.0,0.0,0.0,0.0,0.0,0.0,0.0,0.0,0.0,0.0,0.0,0.0,0.0,0.0,0.0,0.0,0.0,0.0,0.0,0.0,0.0,0.0,0.0,0.0,0.0,0.0,0.0,0.0,0.0,0.0,0.0,0.0,0.0,0.0,0.0,0.0,0.0,0.0,0.0,0.0,0.0,0.0,0.0,0.0,0.0,0.0,0.0,0.0,0.0,0.0,0.0,0.0,0.0,0.0,0.0,0.0,0.0,0.0,0.0,0.0,0.0,0.0,0.0,0.0,0.0,0.0,73630.2265625,31671.619140625,0.0,0.0,0.0,0.0,0.0,0.0,0.0,0.0,FL
275260,FL,1203,0.132004052400589,1,0.0,29036.283203125,40918.14453125,1,0,2589.823486328125,0.0,35791.65625,0.0,0.0,0.0,0.0,0.0,-5.0,0.0,5.0,0.0,-114.0,0.0,114.0,0.0,0.0,0.0,0.0,0.0,0.0,0.0,0.0,0.0,0.0,0.0,0.0,0.0,0.0,0.0,0.0,0.0,-340.646240234375,0.0,340.64453125,0.0,0.0,0.0,0.0,0.0,0.0,0.0,0.0,0.0,0.0,0.0,0.0,0.0,0.0,0.0,0.0,0.0,0.0,0.0,0.0,0.0,0.0,0.0,0.0,0.0,0.0,0.0,0.0,0.0,0.0,0.0,0.0,0.0,0.0,0.0,0.0,0.0,0.0,0.0,0.0,0.0,0.0,0.0,0.0,0.0,0.0,0.0,0.0,0.0,0.0,0.0,0.0,0.0,0.0,0.0,0.0,0.0,2130.17724609375,0.0,36251.30078125,0.0,-459.646240234375,0.0,459.64453125,0.0,-17.748168655542838,0.0,1.2842226028442383,0.0,FL
275261,FL,1203,123.36136627197266,1,0.0,0.0,8.27270221710205,1,0,0.0,0.0,26846.6875,13601.546875,13231.8837890625,0.0,0.0,26833.4306640625,0.0,0.0,0.0,0.0,0.0,0.0,0.0,0.0,0.0,0.0,0.0,0.0,0.0,0.0,0.0,0.0,0.0,0.0,0.0,0.0,0.0,0.0,0.0,0.0,0.0,0.0,0.0,0.0,0.0,0.0,0.0,0.0,0.0,0.0,0.0,0.0,0.0,0.0,0.0,0.0,0.0,0.0,0.0,0.0,0.0,0.0,0.0,0.0,0.0,0.0,0.0,0.0,0.0,0.0,0.0,0.0,0.0,0.0,0.0,0.0,0.0,0.0,0.0,0.0,0.0,0.0,0.0,0.0,0.0,0.0,0.0,0.0,0.0,0.0,0.0,0.0,0.0,0.0,0.0,0.0,0.0,0.0,0.0,0.0,0.0,0.0,26846.6875,26833.4306640625,0.0,0.0,0.0,0.0,0.0,0.0,0.0,0.0,FL
275262,FL,1203,124.21778869628906,5,3.0,0.0,0.0,5,0,0.0,0.0,58907.71875,14788.7421875,35273.01171875,0.0,0.0,50061.75390625,0.0,0.0,0.0,0.0,0.0,0.0,0.0,0.0,0.0,0.0,0.0,0.0,0.0,0.0,0.0,0.0,0.0,0.0,0.0,0.0,0.0,0.0,0.0,0.0,0.0,0.0,0.0,0.0,0.0,0.0,0.0,0.0,0.0,0.0,0.0,0.0,0.0,0.0,0.0,0.0,0.0,0.0,0.0,0.0,0.0,0.0,0.0,0.0,0.0,0.0,0.0,0.0,0.0,0.0,0.0,0.0,0.0,0.0,0.0,0.0,0.0,0.0,0.0,0.0,0.0,0.0,0.0,0.0,0.0,0.0,0.0,0.0,0.0,0.0,0.0,0.0,0.0,0.0,0.0,0.0,0.0,0.0,0.0,0.0,0.0,0.0,58907.71875,50061.75390625,0.0,0.0,0.0,0.0,0.0,0.0,0.0,0.0,FL
275263,FL,1203,137.03688049316406,1,0.0,0.0,1.6545404195785522,1,0,0.0,0.0,49206.69140625,24745.970703125,0.0,0.0,0.0,24745.970703125,0.0,0.0,0.0,0.0,0.0,0.0,0.0,0.0,0.0,0.0,0.0,0.0,0.0,0.0,0.0,0.0,0.0,0.0,0.0,0.0,0.0,0.0,0.0,0.0,0.0,0.0,0.0,0.0,0.0,0.0,0.0,0.0,0.0,0.0,0.0,0.0,0.0,0.0,0.0,0.0,0.0,0.0,0.0,0.0,0.0,0.0,0.0,0.0,0.0,0.0,0.0,0.0,0.0,0.0,0.0,0.0,0.0,0.0,0.0,0.0,0.0,0.0,0.0,0.0,0.0,0.0,0.0,0.0,0.0,0.0,0.0,0.0,0.0,0.0,0.0,0.0,0.0,0.0,0.0,0.0,0.0,0.0,0.0,0.0,0.0,0.0,49206.69140625,24745.970703125,0.0,0.0,0.0,0.0,0.0,0.0,0.0,0.0,FL
275264,FL,1203,0.12691965699195862,3,1.0,111929.109375,111929.109375,3,0,7309.4931640625,0.0,96788.7109375,0.0,0.0,0.0,0.0,0.0,-10.0,0.0,10.0,0.0,-228.0,0.0,228.0,0.0,0.0,0.0,0.0,0.0,0.0,0.0,0.0,0.0,-200.0,0.0,200.0,0.0,0.0,0.0,0.0,0.0,0.0,0.0,0.0,0.0,0.0,0.0,0.0,0.0,0.0,0.0,0.0,0.0,0.0,0.0,0.0,0.0,0.0,0.0,0.0,0.0,0.0,0.0,0.0,0.0,0.0,0.0,0.0,0.0,0.0,0.0,0.0,0.0,0.0,0.0,0.0,0.0,0.0,0.0,0.0,0.0,0.0,0.0,0.0,0.0,-75.228515625,0.0,75.2265625,0.0,0.0,0.0,0.0,0.0,0.0,0.0,0.0,0.0,0.0,0.0,0.0,0.0,6796.2646484375,0.0,97301.9375,0.0,-513.228515625,0.0,513.2265625,0.0,-7.021396752216891,0.0,0.5302545428276062,0.0,FL
275265,FL,1203,79.18856811523438,1,0.0,13937.416015625,15685.0634765625,1,0,53.50634765625,0.0,29915.14453125,5914.40234375,0.0,9435.3974609375,0.0,15349.7998046875,0.0,0.0,0.0,0.0,-53.50634765625,0.0,53.50390625,0.0,0.0,0.0,0.0,0.0,0.0,0.0,0.0,0.0,0.0,0.0,0.0,0.0,0.0,0.0,0.0,0.0,0.0,0.0,0.0,0.0,0.0,0.0,0.0,0.0,0.0,0.0,0.0,0.0,0.0,0.0,0.0,0.0,0.0,0.0,0.0,0.0,0.0,0.0,0.0,0.0,0.0,0.0,0.0,0.0,0.0,0.0,0.0,0.0,0.0,0.0,0.0,0.0,0.0,0.0,0.0,0.0,0.0,0.0,0.0,0.0,0.0,0.0,0.0,0.0,0.0,0.0,0.0,0.0,0.0,0.0,0.0,0.0,0.0,0.0,0.0,0.0,0.0,0.0,29968.6484375,15349.7998046875,-53.50634765625,0.0,53.50390625,0.0,-100.0,0.0,0.17885223031044006,0.0,FL
275266,FL,1203,1.6460026502609253,1,0.0,0.0,0.0,1,0,0.0,0.0,0.0,0.0,0.0,0.0,0.0,0.0,0.0,0.0,0.0,0.0,0.0,0.0,0.0,0.0,0.0,0.0,0.0,0.0,0.0,0.0,0.0,0.0,0.0,0.0,0.0,0.0,0.0,0.0,0.0,0.0,0.0,0.0,0.0,0.0,0.0,0.0,0.0,0.0,0.0,0.0,0.0,0.0,0.0,0.0,0.0,0.0,0.0,0.0,0.0,0.0,0.0,0.0,0.0,0.0,0.0,0.0,0.0,0.0,0.0,0.0,0.0,0.0,0.0,0.0,0.0,0.0,0.0,0.0,0.0,0.0,0.0,0.0,0.0,0.0,0.0,0.0,0.0,0.0,0.0,0.0,0.0,0.0,0.0,0.0,0.0,0.0,0.0,0.0,0.0,0.0,0.0,0.0,0.0,0.0,0.0,0.0,0.0,0.0,0.0,0.0,0.0,0.0,FL
275267,FL,1203,39.584293365478516,1,0.0,0.0,0.0,1,0,0.0,0.0,30300.12109375,8893.6748046875,13231.8837890625,0.0,0.0,22125.55859375,0.0,0.0,0.0,0.0,0.0,0.0,0.0,0.0,0.0,0.0,0.0,0.0,0.0,0.0,0.0,0.0,0.0,0.0,0.0,0.0,0.0,0.0,0.0,0.0,0.0,0.0,0.0,0.0,0.0,0.0,0.0,0.0,0.0,0.0,0.0,0.0,0.0,0.0,0.0,0.0,0.0,0.0,0.0,0.0,0.0,0.0,0.0,0.0,0.0,0.0,0.0,0.0,0.0,0.0,0.0,0.0,0.0,0.0,0.0,0.0,0.0,0.0,0.0,0.0,0.0,0.0,0.0,0.0,0.0,0.0,0.0,0.0,0.0,0.0,0.0,0.0,0.0,0.0,0.0,0.0,0.0,0.0,0.0,0.0,0.0,0.0,30300.12109375,22125.55859375,0.0,0.0,0.0,0.0,0.0,0.0,0.0,0.0,FL
275268,FL,1203,0.19565117359161377,1,0.0,0.0,62644.671875,1,0,5210.36083984375,0.0,84482.4375,15804.6083984375,0.0,0.0,0.0,15804.6083984375,-5.0,0.0,5.0,0.0,-114.0,0.0,114.0,0.0,0.0,0.0,0.0,0.0,0.0,0.0,0.0,0.0,0.0,0.0,0.0,0.0,0.0,0.0,0.0,0.0,0.0,0.0,0.0,0.0,0.0,0.0,0.0,0.0,0.0,0.0,0.0,0.0,0.0,0.0,0.0,0.0,0.0,0.0,0.0,0.0,0.0,0.0,0.0,0.0,0.0,0.0,0.0,0.0,0.0,0.0,0.0,0.0,0.0,0.0,0.0,0.0,0.0,0.0,0.0,0.0,-720.0,0.0,720.0,0.0,0.0,0.0,0.0,0.0,0.0,0.0,0.0,0.0,0.0,0.0,0.0,0.0,0.0,0.0,0.0,0.0,4371.36083984375,0.0,85321.4375,15804.6083984375,-839.0,0.0,839.0,0.0,-16.10253158637589,0.0,0.9931057691574097,0.0,FL
275269,FL,1203,0.5406091809272766,4,2.0,1152420.625,1326825.625,4,0,389208.78125,0.0,976696.25,0.0,0.0,0.0,0.0,0.0,-734.0,0.0,734.0,0.0,-703.0,0.0,703.0,0.0,0.0,0.0,0.0,0.0,0.0,0.0,0.0,0.0,0.0,0.0,0.0,0.0,0.0,0.0,0.0,0.0,-1845.9375,0.0,1845.875,0.0,0.0,0.0,0.0,0.0,0.0,0.0,0.0,0.0,0.0,0.0,0.0,0.0,0.0,0.0,0.0,0.0,0.0,0.0,0.0,0.0,0.0,0.0,0.0,0.0,0.0,0.0,0.0,0.0,0.0,0.0,0.0,0.0,0.0,0.0,0.0,0.0,0.0,0.0,0.0,0.0,0.0,0.0,0.0,0.0,0.0,0.0,0.0,0.0,0.0,0.0,0.0,0.0,0.0,0.0,0.0,0.0,385925.84375,0.0,979979.125,0.0,-3282.9375,0.0,3282.875,0.0,-0.8434900901917921,0.0,0.3361203670501709,0.0,FL
275270,FL,1203,0.42278701066970825,1,0.0,0.0,0.0,1,0,0.0,0.0,0.0,0.0,0.0,0.0,0.0,0.0,0.0,0.0,0.0,0.0,0.0,0.0,0.0,0.0,0.0,0.0,0.0,0.0,0.0,0.0,0.0,0.0,0.0,0.0,0.0,0.0,0.0,0.0,0.0,0.0,0.0,0.0,0.0,0.0,0.0,0.0,0.0,0.0,0.0,0.0,0.0,0.0,0.0,0.0,0.0,0.0,0.0,0.0,0.0,0.0,0.0,0.0,0.0,0.0,0.0,0.0,0.0,0.0,0.0,0.0,0.0,0.0,0.0,0.0,0.0,0.0,0.0,0.0,0.0,0.0,0.0,0.0,0.0,0.0,0.0,0.0,0.0,0.0,0.0,0.0,0.0,0.0,0.0,0.0,0.0,0.0,0.0,0.0,0.0,0.0,0.0,0.0,0.0,0.0,0.0,0.0,0.0,0.0,0.0,0.0,0.0,0.0,FL
275271,FL,1203,397.0277099609375,3,1.0,0.0,3298.838134765625,3,0,0.0,0.0,37234.12109375,3036.04736328125,3282.15771484375,0.0,0.0,6318.205078125,0.0,0.0,0.0,0.0,0.0,0.0,0.0,0.0,0.0,0.0,0.0,0.0,0.0,0.0,0.0,0.0,0.0,0.0,0.0,0.0,0.0,0.0,0.0,0.0,0.0,0.0,0.0,0.0,0.0,0.0,0.0,0.0,0.0,0.0,0.0,0.0,0.0,0.0,0.0,0.0,0.0,0.0,0.0,0.0,0.0,0.0,0.0,0.0,0.0,0.0,0.0,0.0,0.0,0.0,0.0,0.0,0.0,0.0,0.0,0.0,0.0,0.0,0.0,0.0,0.0,0.0,0.0,0.0,0.0,0.0,0.0,0.0,0.0,0.0,0.0,0.0,0.0,0.0,0.0,0.0,0.0,0.0,0.0,0.0,0.0,0.0,37234.12109375,6318.205078125,0.0,0.0,0.0,0.0,0.0,0.0,0.0,0.0,FL
275272,FL,1203,0.3999987244606018,4,2.0,100853.2421875,213549.78125,4,0,23256.6328125,0.0,245186.15625,0.0,0.0,0.0,0.0,0.0,-230.0,0.0,230.0,0.0,0.0,0.0,0.0,0.0,0.0,0.0,0.0,0.0,0.0,0.0,0.0,0.0,-200.0,0.0,200.0,0.0,0.0,0.0,0.0,0.0,-930.708984375,0.0,930.703125,0.0,0.0,0.0,0.0,0.0,0.0,0.0,0.0,0.0,0.0,0.0,0.0,0.0,0.0,0.0,0.0,0.0,0.0,0.0,0.0,0.0,0.0,0.0,0.0,0.0,0.0,0.0,0.0,0.0,0.0,0.0,0.0,0.0,0.0,0.0,0.0,0.0,0.0,0.0,0.0,0.0,0.0,0.0,0.0,0.0,0.0,0.0,0.0,0.0,0.0,0.0,0.0,0.0,0.0,0.0,0.0,0.0,21895.923828125,0.0,246546.859375,0.0,-1360.708984375,0.0,1360.703125,0.0,-5.850842619158715,0.0,0.5549673438072205,0.0,FL
275273,FL,1203,0.1848391890525818,4,0.0,255185.47265625,255185.47265625,4,0,25635.52978515625,0.0,211108.890625,0.0,0.0,0.0,0.0,0.0,-130.0,0.0,130.0,0.0,-437.0,0.0,437.0,0.0,0.0,0.0,0.0,0.0,0.0,0.0,0.0,0.0,0.0,0.0,0.0,0.0,0.0,0.0,0.0,0.0,0.0,0.0,0.0,0.0,0.0,0.0,0.0,0.0,0.0,0.0,0.0,0.0,0.0,0.0,0.0,0.0,-120.0,0.0,120.0,0.0,0.0,0.0,0.0,0.0,0.0,0.0,0.0,0.0,0.0,0.0,0.0,0.0,0.0,0.0,0.0,0.0,0.0,0.0,0.0,0.0,0.0,0.0,0.0,0.0,0.0,0.0,0.0,0.0,0.0,0.0,0.0,0.0,0.0,0.0,0.0,0.0,0.0,0.0,0.0,0.0,24948.52978515625,0.0,211795.890625,0.0,-687.0,0.0,687.0,0.0,-2.6798743999345542,0.0,0.3254244923591614,0.0,FL
275274,FL,1203,181.64723205566406,1,0.0,0.0,0.0,1,0,0.0,0.0,44492.640625,20797.318359375,13231.8837890625,0.0,0.0,34029.2021484375,0.0,0.0,0.0,0.0,0.0,0.0,0.0,0.0,0.0,0.0,0.0,0.0,0.0,0.0,0.0,0.0,0.0,0.0,0.0,0.0,0.0,0.0,0.0,0.0,0.0,0.0,0.0,0.0,0.0,0.0,0.0,0.0,0.0,0.0,0.0,0.0,0.0,0.0,0.0,0.0,0.0,0.0,0.0,0.0,0.0,0.0,0.0,0.0,0.0,0.0,0.0,0.0,0.0,0.0,0.0,0.0,0.0,0.0,0.0,0.0,0.0,0.0,0.0,0.0,0.0,0.0,0.0,0.0,0.0,0.0,0.0,0.0,0.0,0.0,0.0,0.0,0.0,0.0,0.0,0.0,0.0,0.0,0.0,0.0,0.0,0.0,44492.640625,34029.2021484375,0.0,0.0,0.0,0.0,0.0,0.0,0.0,0.0,FL
275275,FL,1203,124.36222839355469,3,0.0,0.0,0.8272702097892761,3,0,0.0,0.0,125649.671875,62824.2265625,0.0,0.0,0.0,62824.2265625,0.0,0.0,0.0,0.0,0.0,0.0,0.0,0.0,0.0,0.0,0.0,0.0,0.0,0.0,0.0,0.0,0.0,0.0,0.0,0.0,0.0,0.0,0.0,0.0,0.0,0.0,0.0,0.0,0.0,0.0,0.0,0.0,0.0,0.0,0.0,0.0,0.0,0.0,0.0,0.0,0.0,0.0,0.0,0.0,0.0,0.0,0.0,0.0,0.0,0.0,0.0,0.0,0.0,0.0,0.0,0.0,0.0,0.0,0.0,0.0,0.0,0.0,0.0,0.0,0.0,0.0,0.0,0.0,0.0,0.0,0.0,0.0,0.0,0.0,0.0,0.0,0.0,0.0,0.0,0.0,0.0,0.0,0.0,0.0,0.0,0.0,125649.671875,62824.2265625,0.0,0.0,0.0,0.0,0.0,0.0,0.0,0.0,FL
275276,FL,1203,0.1994551122188568,3,1.0,117683.26953125,121902.34375,3,0,8506.28125,0.0,131062.703125,0.0,0.0,0.0,0.0,0.0,-10.0,0.0,10.0,0.0,-228.0,0.0,228.0,0.0,0.0,0.0,0.0,0.0,0.0,0.0,0.0,0.0,-200.0,0.0,200.0,0.0,0.0,0.0,0.0,0.0,0.0,0.0,0.0,0.0,0.0,0.0,0.0,0.0,0.0,0.0,0.0,0.0,0.0,0.0,0.0,0.0,0.0,0.0,0.0,0.0,0.0,0.0,0.0,0.0,0.0,0.0,0.0,0.0,0.0,0.0,0.0,0.0,0.0,0.0,0.0,0.0,0.0,0.0,0.0,0.0,0.0,0.0,0.0,0.0,0.0,0.0,0.0,0.0,0.0,0.0,0.0,0.0,0.0,0.0,0.0,0.0,0.0,0.0,0.0,0.0,8068.28125,0.0,131500.703125,0.0,-438.0,0.0,438.0,0.0,-5.149136116325803,0.0,0.3341911733150482,0.0,FL
275277,FL,1203,295.0808410644531,1,0.0,10038.59765625,10039.4248046875,1,0,0.0,0.0,27675.701171875,3596.039794921875,13231.8837890625,0.0,0.0,16827.923583984375,0.0,0.0,0.0,0.0,0.0,0.0,0.0,0.0,0.0,0.0,0.0,0.0,0.0,0.0,0.0,0.0,0.0,0.0,0.0,0.0,0.0,0.0,0.0,0.0,0.0,0.0,0.0,0.0,0.0,0.0,0.0,0.0,0.0,0.0,0.0,0.0,0.0,0.0,0.0,0.0,0.0,0.0,0.0,0.0,0.0,0.0,0.0,0.0,0.0,0.0,0.0,0.0,0.0,0.0,0.0,0.0,0.0,0.0,0.0,0.0,0.0,0.0,0.0,0.0,0.0,0.0,0.0,0.0,0.0,0.0,0.0,0.0,0.0,0.0,0.0,0.0,0.0,0.0,0.0,0.0,0.0,0.0,0.0,0.0,0.0,0.0,27675.701171875,16827.923583984375,0.0,0.0,0.0,0.0,0.0,0.0,0.0,0.0,FL
275278,FL,1203,0.2874782979488373,4,2.0,372661.8984375,377726.34375,4,0,64769.9765625,0.0,321955.84375,0.0,0.0,0.0,0.0,0.0,-292.0,0.0,292.0,0.0,-401.34375,0.0,401.34375,0.0,0.0,0.0,0.0,0.0,0.0,0.0,0.0,0.0,-400.0,0.0,400.0,0.0,0.0,0.0,0.0,0.0,-1085.265625,0.0,1085.25,0.0,0.0,0.0,0.0,0.0,0.0,0.0,0.0,0.0,0.0,0.0,0.0,0.0,-480.0,0.0,480.0,0.0,0.0,0.0,0.0,0.0,0.0,0.0,0.0,0.0,0.0,0.0,0.0,0.0,0.0,0.0,0.0,0.0,0.0,0.0,0.0,0.0,0.0,0.0,0.0,0.0,0.0,0.0,0.0,0.0,0.0,0.0,0.0,0.0,0.0,0.0,0.0,0.0,0.0,0.0,0.0,0.0,62111.3671875,0.0,324614.4375,0.0,-2658.609375,0.0,2658.59375,0.0,-4.104694051316455,0.0,0.825763463973999,0.0,FL
275279,FL,1203,24.677078247070312,1,0.0,0.0,11.581783294677734,1,0,0.0,0.0,17.032033920288086,0.0,0.0,0.0,0.0,0.0,0.0,0.0,0.0,0.0,0.0,0.0,0.0,0.0,0.0,0.0,0.0,0.0,0.0,0.0,0.0,0.0,0.0,0.0,0.0,0.0,0.0,0.0,0.0,0.0,0.0,0.0,0.0,0.0,0.0,0.0,0.0,0.0,0.0,0.0,0.0,0.0,0.0,0.0,0.0,0.0,0.0,0.0,0.0,0.0,0.0,0.0,0.0,0.0,0.0,0.0,0.0,0.0,0.0,0.0,0.0,0.0,0.0,0.0,0.0,0.0,0.0,0.0,0.0,0.0,0.0,0.0,0.0,0.0,0.0,0.0,0.0,0.0,0.0,0.0,0.0,0.0,0.0,0.0,0.0,0.0,0.0,0.0,0.0,0.0,0.0,0.0,17.032033920288086,0.0,0.0,0.0,0.0,0.0,0.0,0.0,0.0,0.0,FL
275280,FL,1203,0.2952050566673279,1,0.0,275391.625,275391.625,1,0,59498.5703125,0.0,214660.5625,0.0,0.0,0.0,0.0,0.0,-362.25,0.0,362.25,0.0,-332.5,0.0,332.5,0.0,0.0,0.0,0.0,0.0,0.0,0.0,0.0,0.0,0.0,0.0,0.0,0.0,0.0,0.0,0.0,0.0,0.0,0.0,0.0,0.0,0.0,0.0,0.0,0.0,0.0,0.0,0.0,0.0,0.0,0.0,0.0,0.0,0.0,0.0,0.0,0.0,0.0,0.0,0.0,0.0,0.0,0.0,0.0,0.0,0.0,0.0,0.0,0.0,0.0,0.0,0.0,0.0,0.0,0.0,0.0,0.0,0.0,0.0,0.0,0.0,0.0,0.0,0.0,0.0,0.0,0.0,0.0,0.0,0.0,0.0,0.0,0.0,0.0,0.0,0.0,0.0,58803.8203125,0.0,215355.3125,0.0,-694.75,0.0,694.75,0.0,-1.1676751161431531,0.0,0.3236505091190338,0.0,FL
275281,FL,1203,356.0055236816406,2,0.0,0.0,0.0,2,0,0.0,0.0,31351.18359375,4887.4169921875,26463.767578125,0.0,0.0,31351.1845703125,0.0,0.0,0.0,0.0,0.0,0.0,0.0,0.0,0.0,0.0,0.0,0.0,0.0,0.0,0.0,0.0,0.0,0.0,0.0,0.0,0.0,0.0,0.0,0.0,0.0,0.0,0.0,0.0,0.0,0.0,0.0,0.0,0.0,0.0,0.0,0.0,0.0,0.0,0.0,0.0,0.0,0.0,0.0,0.0,0.0,0.0,0.0,0.0,0.0,0.0,0.0,0.0,0.0,0.0,0.0,0.0,0.0,0.0,0.0,0.0,0.0,0.0,0.0,0.0,0.0,0.0,0.0,0.0,0.0,0.0,0.0,0.0,0.0,0.0,0.0,0.0,0.0,0.0,0.0,0.0,0.0,0.0,0.0,0.0,0.0,0.0,31351.18359375,31351.1845703125,0.0,0.0,0.0,0.0,0.0,0.0,0.0,0.0,FL
275282,FL,1203,0.40058550238609314,2,0.0,0.0,450690.34375,1,1,85437.8828125,0.0,414517.625,41853.75390625,0.0,0.0,0.0,41853.75390625,-292.0,0.0,292.0,0.0,-456.0,0.0,456.0,0.0,0.0,0.0,0.0,0.0,0.0,0.0,0.0,0.0,0.0,0.0,0.0,0.0,0.0,0.0,0.0,0.0,0.0,0.0,0.0,0.0,0.0,0.0,0.0,0.0,0.0,0.0,0.0,0.0,0.0,0.0,0.0,0.0,-480.0,0.0,480.0,0.0,0.0,0.0,0.0,0.0,0.0,0.0,0.0,0.0,0.0,0.0,0.0,0.0,0.0,0.0,0.0,0.0,0.0,0.0,0.0,0.0,0.0,0.0,0.0,0.0,0.0,0.0,0.0,0.0,0.0,0.0,0.0,0.0,0.0,0.0,0.0,0.0,0.0,0.0,0.0,0.0,84209.8828125,0.0,415745.625,41853.75390625,-1228.0,0.0,1228.0,0.0,-1.4373015336708899,0.0,0.2962479591369629,0.0,FL
275283,FL,1203,208.83724975585938,2,0.0,0.0,41.36351013183594,2,0,0.0,0.0,106526.3125,53232.7421875,0.0,0.0,0.0,53232.7421875,0.0,0.0,0.0,0.0,0.0,0.0,0.0,0.0,0.0,0.0,0.0,0.0,0.0,0.0,0.0,0.0,0.0,0.0,0.0,0.0,0.0,0.0,0.0,0.0,0.0,0.0,0.0,0.0,0.0,0.0,0.0,0.0,0.0,0.0,0.0,0.0,0.0,0.0,0.0,0.0,0.0,0.0,0.0,0.0,0.0,0.0,0.0,0.0,0.0,0.0,0.0,0.0,0.0,0.0,0.0,0.0,0.0,0.0,0.0,0.0,0.0,0.0,0.0,0.0,0.0,0.0,0.0,0.0,0.0,0.0,0.0,0.0,0.0,0.0,0.0,0.0,0.0,0.0,0.0,0.0,0.0,0.0,0.0,0.0,0.0,0.0,106526.3125,53232.7421875,0.0,0.0,0.0,0.0,0.0,0.0,0.0,0.0,FL
275284,FL,1203,300.98486328125,1,0.0,0.0,0.0,1,0,0.0,0.0,48015.5703125,20579.572265625,13231.8837890625,0.0,0.0,33811.4560546875,0.0,0.0,0.0,0.0,0.0,0.0,0.0,0.0,0.0,0.0,0.0,0.0,0.0,0.0,0.0,0.0,0.0,0.0,0.0,0.0,0.0,0.0,0.0,0.0,0.0,0.0,0.0,0.0,0.0,0.0,0.0,0.0,0.0,0.0,0.0,0.0,0.0,0.0,0.0,0.0,0.0,0.0,0.0,0.0,0.0,0.0,0.0,0.0,0.0,0.0,0.0,0.0,0.0,0.0,0.0,0.0,0.0,0.0,0.0,0.0,0.0,0.0,0.0,0.0,0.0,0.0,0.0,0.0,0.0,0.0,0.0,0.0,0.0,0.0,0.0,0.0,0.0,0.0,0.0,0.0,0.0,0.0,0.0,0.0,0.0,0.0,48015.5703125,33811.4560546875,0.0,0.0,0.0,0.0,0.0,0.0,0.0,0.0,FL
275285,FL,1203,0.12880314886569977,4,2.0,408008.078125,409745.375,2,2,73120.90625,0.0,322925.375,0.0,0.0,0.0,0.0,0.0,-292.0,0.0,292.0,0.0,-456.0,0.0,456.0,0.0,0.0,0.0,0.0,0.0,3500.0,0.0,-3500.0,0.0,0.0,0.0,0.0,0.0,0.0,0.0,0.0,0.0,0.0,0.0,0.0,0.0,0.0,0.0,0.0,0.0,0.0,0.0,0.0,0.0,0.0,0.0,0.0,0.0,0.0,0.0,0.0,0.0,0.0,0.0,0.0,0.0,0.0,0.0,0.0,0.0,0.0,0.0,0.0,0.0,0.0,0.0,0.0,0.0,0.0,0.0,0.0,0.0,0.0,0.0,0.0,0.0,0.0,0.0,0.0,0.0,0.0,0.0,0.0,0.0,0.0,0.0,0.0,0.0,0.0,0.0,0.0,0.0,75872.90625,0.0,320173.375,0.0,2752.0,0.0,-2752.0,0.0,3.7636295023353874,0.0,-0.852209210395813,0.0,FL
275286,FL,1203,0.12266431003808975,2,0.0,93623.76171875,95437.140625,2,0,7330.456787109375,0.0,95027.578125,0.0,0.0,0.0,0.0,0.0,-10.0,0.0,10.0,0.0,-228.0,0.0,228.0,0.0,0.0,0.0,0.0,0.0,0.0,0.0,0.0,0.0,0.0,0.0,0.0,0.0,0.0,0.0,0.0,0.0,0.0,0.0,0.0,0.0,0.0,0.0,0.0,0.0,0.0,0.0,0.0,0.0,0.0,0.0,0.0,0.0,0.0,0.0,0.0,0.0,0.0,0.0,0.0,0.0,0.0,0.0,0.0,0.0,0.0,0.0,0.0,0.0,0.0,0.0,0.0,0.0,0.0,0.0,0.0,0.0,0.0,0.0,0.0,0.0,0.0,0.0,0.0,0.0,0.0,0.0,0.0,0.0,0.0,0.0,0.0,0.0,0.0,0.0,0.0,0.0,7092.456787109375,0.0,95265.578125,0.0,-238.0,0.0,238.0,0.0,-3.2467280950148094,0.0,0.2504536211490631,0.0,FL
275287,FL,1203,284.8538818359375,1,0.0,0.0,2409.017578125,1,0,0.0,0.0,30842.54296875,15353.837890625,0.0,0.0,0.0,15353.837890625,0.0,0.0,0.0,0.0,0.0,0.0,0.0,0.0,0.0,0.0,0.0,0.0,0.0,0.0,0.0,0.0,0.0,0.0,0.0,0.0,0.0,0.0,0.0,0.0,0.0,0.0,0.0,0.0,0.0,0.0,0.0,0.0,0.0,0.0,0.0,0.0,0.0,0.0,0.0,0.0,0.0,0.0,0.0,0.0,0.0,0.0,0.0,0.0,0.0,0.0,0.0,0.0,0.0,0.0,0.0,0.0,0.0,0.0,0.0,0.0,0.0,0.0,0.0,0.0,0.0,0.0,0.0,0.0,0.0,0.0,0.0,0.0,0.0,0.0,0.0,0.0,0.0,0.0,0.0,0.0,0.0,0.0,0.0,0.0,0.0,0.0,30842.54296875,15353.837890625,0.0,0.0,0.0,0.0,0.0,0.0,0.0,0.0,FL
275288,FL,1203,0.018398994579911232,4,1.0,78978.6884765625,92086.1103515625,4,0,1635.45068359375,0.0,117177.65625,27692.25,2763.543212890625,0.0,0.0,30455.793212890625,-10.0,0.0,10.0,0.0,-228.0,0.0,228.0,0.0,0.0,0.0,0.0,0.0,0.0,0.0,0.0,0.0,0.0,0.0,0.0,0.0,0.0,0.0,0.0,0.0,0.0,0.0,0.0,0.0,0.0,0.0,0.0,0.0,0.0,0.0,0.0,0.0,0.0,0.0,0.0,0.0,-240.0,0.0,240.0,0.0,0.0,0.0,0.0,0.0,0.0,0.0,0.0,0.0,0.0,0.0,0.0,0.0,0.0,0.0,0.0,0.0,0.0,0.0,0.0,0.0,0.0,0.0,0.0,0.0,0.0,0.0,0.0,0.0,0.0,0.0,0.0,0.0,0.0,0.0,0.0,0.0,0.0,0.0,0.0,0.0,1157.45068359375,0.0,117655.65625,30455.793212890625,-478.0,0.0,478.0,0.0,-29.22741754276807,0.0,0.40792757272720337,0.0,FL
275289,FL,1203,24.7879581451416,1,0.0,0.0,0.0,1,0,0.0,0.0,20990.92578125,4044.520751953125,13231.8837890625,0.0,0.0,17276.404541015625,0.0,0.0,0.0,0.0,0.0,0.0,0.0,0.0,0.0,0.0,0.0,0.0,0.0,0.0,0.0,0.0,0.0,0.0,0.0,0.0,0.0,0.0,0.0,0.0,0.0,0.0,0.0,0.0,0.0,0.0,0.0,0.0,0.0,0.0,0.0,0.0,0.0,0.0,0.0,0.0,0.0,0.0,0.0,0.0,0.0,0.0,0.0,0.0,0.0,0.0,0.0,0.0,0.0,0.0,0.0,0.0,0.0,0.0,0.0,0.0,0.0,0.0,0.0,0.0,0.0,0.0,0.0,0.0,0.0,0.0,0.0,0.0,0.0,0.0,0.0,0.0,0.0,0.0,0.0,0.0,0.0,0.0,0.0,0.0,0.0,0.0,20990.92578125,17276.404541015625,0.0,0.0,0.0,0.0,0.0,0.0,0.0,0.0,FL
275290,FL,1203,48.70792007446289,1,0.0,0.0,0.0,1,0,0.0,0.0,32385.1171875,16501.400390625,0.0,0.0,0.0,16501.400390625,0.0,0.0,0.0,0.0,0.0,0.0,0.0,0.0,0.0,0.0,0.0,0.0,0.0,0.0,0.0,0.0,0.0,0.0,0.0,0.0,0.0,0.0,0.0,0.0,0.0,0.0,0.0,0.0,0.0,0.0,0.0,0.0,0.0,0.0,0.0,0.0,0.0,0.0,0.0,0.0,0.0,0.0,0.0,0.0,0.0,0.0,0.0,0.0,0.0,0.0,0.0,0.0,0.0,0.0,0.0,0.0,0.0,0.0,0.0,0.0,0.0,0.0,0.0,0.0,0.0,0.0,0.0,0.0,0.0,0.0,0.0,0.0,0.0,0.0,0.0,0.0,0.0,0.0,0.0,0.0,0.0,0.0,0.0,0.0,0.0,0.0,32385.1171875,16501.400390625,0.0,0.0,0.0,0.0,0.0,0.0,0.0,0.0,FL
275291,FL,1203,77.30535125732422,1,0.0,0.0,691.5978393554688,1,0,0.0,0.0,71711.5625,32698.244140625,0.0,0.0,0.0,32698.244140625,0.0,0.0,0.0,0.0,0.0,0.0,0.0,0.0,0.0,0.0,0.0,0.0,0.0,0.0,0.0,0.0,0.0,0.0,0.0,0.0,0.0,0.0,0.0,0.0,0.0,0.0,0.0,0.0,0.0,0.0,0.0,0.0,0.0,0.0,0.0,0.0,0.0,0.0,0.0,0.0,0.0,0.0,0.0,0.0,0.0,0.0,0.0,0.0,0.0,0.0,0.0,0.0,0.0,0.0,0.0,0.0,0.0,0.0,0.0,0.0,0.0,0.0,0.0,0.0,0.0,0.0,0.0,0.0,0.0,0.0,0.0,0.0,0.0,0.0,0.0,0.0,0.0,0.0,0.0,0.0,0.0,0.0,0.0,0.0,0.0,0.0,71711.5625,32698.244140625,0.0,0.0,0.0,0.0,0.0,0.0,0.0,0.0,FL
275292,FL,1203,0.4239577651023865,1,0.0,0.0,0.8272702097892761,1,0,0.0,0.0,49359.89453125,19618.947265625,0.0,10120.78515625,0.0,29739.732421875,0.0,0.0,0.0,0.0,0.0,0.0,0.0,0.0,0.0,0.0,0.0,0.0,0.0,0.0,0.0,0.0,0.0,0.0,0.0,0.0,0.0,0.0,0.0,0.0,0.0,0.0,0.0,0.0,0.0,0.0,0.0,0.0,0.0,0.0,0.0,0.0,0.0,0.0,0.0,0.0,0.0,0.0,0.0,0.0,0.0,0.0,0.0,0.0,0.0,0.0,0.0,0.0,0.0,0.0,0.0,0.0,0.0,0.0,0.0,0.0,0.0,0.0,0.0,0.0,0.0,0.0,0.0,0.0,0.0,0.0,0.0,0.0,0.0,0.0,0.0,0.0,0.0,0.0,0.0,0.0,0.0,0.0,0.0,0.0,0.0,0.0,49359.89453125,29739.732421875,0.0,0.0,0.0,0.0,0.0,0.0,0.0,0.0,FL
275293,FL,1203,0.3134758472442627,3,0.0,84280.755859375,88875.736328125,3,0,4377.04443359375,0.0,82990.40625,0.0,0.0,0.0,0.0,0.0,-15.0,0.0,15.0,0.0,-342.0,0.0,342.0,0.0,0.0,0.0,0.0,0.0,0.0,0.0,0.0,0.0,0.0,0.0,0.0,0.0,0.0,0.0,0.0,0.0,-452.00341796875,0.0,452.0078125,0.0,0.0,0.0,0.0,0.0,0.0,0.0,0.0,0.0,0.0,0.0,0.0,0.0,-200.0,0.0,200.0,0.0,0.0,0.0,0.0,0.0,0.0,0.0,0.0,0.0,0.0,0.0,0.0,0.0,0.0,0.0,0.0,0.0,-468.0096435546875,0.0,468.0078125,0.0,0.0,0.0,0.0,0.0,-206.3255615234375,0.0,206.328125,0.0,0.0,0.0,0.0,0.0,0.0,0.0,0.0,0.0,0.0,0.0,0.0,0.0,2693.705810546875,0.0,84673.75,0.0,-1683.338623046875,0.0,1683.34375,0.0,-38.458339836060986,0.0,2.0283594131469727,0.0,FL
275294,FL,1203,24.786954879760742,1,0.0,0.0,0.0,1,0,0.0,0.0,13564.0634765625,331.0899353027344,13231.8837890625,0.0,0.0,13562.973724365234,0.0,0.0,0.0,0.0,0.0,0.0,0.0,0.0,0.0,0.0,0.0,0.0,0.0,0.0,0.0,0.0,0.0,0.0,0.0,0.0,0.0,0.0,0.0,0.0,0.0,0.0,0.0,0.0,0.0,0.0,0.0,0.0,0.0,0.0,0.0,0.0,0.0,0.0,0.0,0.0,0.0,0.0,0.0,0.0,0.0,0.0,0.0,0.0,0.0,0.0,0.0,0.0,0.0,0.0,0.0,0.0,0.0,0.0,0.0,0.0,0.0,0.0,0.0,0.0,0.0,0.0,0.0,0.0,0.0,0.0,0.0,0.0,0.0,0.0,0.0,0.0,0.0,0.0,0.0,0.0,0.0,0.0,0.0,0.0,0.0,0.0,13564.0634765625,13562.973724365234,0.0,0.0,0.0,0.0,0.0,0.0,0.0,0.0,FL
275295,FL,1203,0.29817402362823486,4,2.0,371585.546875,420105.9375,4,0,72467.8515625,0.0,369247.96875,0.0,0.0,0.0,0.0,0.0,-292.0,0.0,292.0,0.0,0.0,0.0,0.0,0.0,0.0,0.0,0.0,0.0,0.0,0.0,0.0,0.0,-400.0,0.0,400.0,0.0,0.0,0.0,0.0,0.0,0.0,0.0,0.0,0.0,0.0,0.0,0.0,0.0,0.0,0.0,0.0,0.0,0.0,0.0,0.0,0.0,0.0,0.0,0.0,0.0,0.0,0.0,0.0,0.0,0.0,0.0,0.0,0.0,0.0,0.0,0.0,0.0,0.0,0.0,0.0,0.0,0.0,0.0,0.0,0.0,0.0,0.0,0.0,0.0,0.0,0.0,0.0,0.0,0.0,0.0,0.0,0.0,0.0,0.0,0.0,0.0,0.0,0.0,0.0,0.0,71775.8515625,0.0,369939.96875,0.0,-692.0,0.0,692.0,0.0,-0.9549061895441783,0.0,0.1874079406261444,0.0,FL
275296,FL,1203,99.84745025634766,1,0.0,0.0,0.0,1,0,0.0,0.0,43020.76953125,21819.2265625,0.0,0.0,0.0,21819.2265625,0.0,0.0,0.0,0.0,0.0,0.0,0.0,0.0,0.0,0.0,0.0,0.0,0.0,0.0,0.0,0.0,0.0,0.0,0.0,0.0,0.0,0.0,0.0,0.0,0.0,0.0,0.0,0.0,0.0,0.0,0.0,0.0,0.0,0.0,0.0,0.0,0.0,0.0,0.0,0.0,0.0,0.0,0.0,0.0,0.0,0.0,0.0,0.0,0.0,0.0,0.0,0.0,0.0,0.0,0.0,0.0,0.0,0.0,0.0,0.0,0.0,0.0,0.0,0.0,0.0,0.0,0.0,0.0,0.0,0.0,0.0,0.0,0.0,0.0,0.0,0.0,0.0,0.0,0.0,0.0,0.0,0.0,0.0,0.0,0.0,0.0,43020.76953125,21819.2265625,0.0,0.0,0.0,0.0,0.0,0.0,0.0,0.0,FL
275297,FL,1203,0.17237824201583862,2,0.0,0.0,169960.1875,2,0,18057.3515625,0.0,176489.71875,12361.0263671875,0.0,0.0,0.0,12361.0263671875,-230.0,0.0,230.0,0.0,-418.0,0.0,418.0,0.0,0.0,0.0,0.0,0.0,0.0,0.0,0.0,0.0,0.0,0.0,0.0,0.0,0.0,0.0,0.0,0.0,0.0,0.0,0.0,0.0,0.0,0.0,0.0,0.0,0.0,0.0,0.0,0.0,0.0,0.0,0.0,0.0,0.0,0.0,0.0,0.0,0.0,0.0,0.0,0.0,0.0,0.0,0.0,0.0,0.0,0.0,0.0,0.0,0.0,0.0,0.0,0.0,0.0,0.0,0.0,0.0,-1056.5263671875,0.0,1056.515625,0.0,-118.896484375,0.0,118.890625,0.0,0.0,0.0,0.0,0.0,0.0,0.0,0.0,0.0,0.0,0.0,0.0,0.0,16233.9287109375,0.0,178313.125,12361.0263671875,-1823.4228515625,0.0,1823.40625,0.0,-10.097952876706639,0.0,1.0331515073776245,0.0,FL
275298,FL,1203,85.80899047851562,1,0.0,0.0,0.0,1,0,0.0,0.0,27113.623046875,14531.337890625,0.0,0.0,0.0,14531.337890625,0.0,0.0,0.0,0.0,0.0,0.0,0.0,0.0,0.0,0.0,0.0,0.0,0.0,0.0,0.0,0.0,0.0,0.0,0.0,0.0,0.0,0.0,0.0,0.0,0.0,0.0,0.0,0.0,0.0,0.0,0.0,0.0,0.0,0.0,0.0,0.0,0.0,0.0,0.0,0.0,0.0,0.0,0.0,0.0,0.0,0.0,0.0,0.0,0.0,0.0,0.0,0.0,0.0,0.0,0.0,0.0,0.0,0.0,0.0,0.0,0.0,0.0,0.0,0.0,0.0,0.0,0.0,0.0,0.0,0.0,0.0,0.0,0.0,0.0,0.0,0.0,0.0,0.0,0.0,0.0,0.0,0.0,0.0,0.0,0.0,0.0,27113.623046875,14531.337890625,0.0,0.0,0.0,0.0,0.0,0.0,0.0,0.0,FL
275299,FL,1203,80.40727233886719,2,0.0,0.0,3.3090808391571045,2,0,0.0,0.0,4.866295337677002,0.0,0.0,0.0,0.0,0.0,0.0,0.0,0.0,0.0,0.0,0.0,0.0,0.0,0.0,0.0,0.0,0.0,0.0,0.0,0.0,0.0,0.0,0.0,0.0,0.0,0.0,0.0,0.0,0.0,0.0,0.0,0.0,0.0,0.0,0.0,0.0,0.0,0.0,0.0,0.0,0.0,0.0,0.0,0.0,0.0,0.0,0.0,0.0,0.0,0.0,0.0,0.0,0.0,0.0,0.0,0.0,0.0,0.0,0.0,0.0,0.0,0.0,0.0,0.0,0.0,0.0,0.0,0.0,0.0,0.0,0.0,0.0,0.0,0.0,0.0,0.0,0.0,0.0,0.0,0.0,0.0,0.0,0.0,0.0,0.0,0.0,0.0,0.0,0.0,0.0,0.0,4.866295337677002,0.0,0.0,0.0,0.0,0.0,0.0,0.0,0.0,0.0,FL
275300,FL,1203,0.4073939919471741,4,2.0,341805.1865234375,485581.6875,4,0,85415.8671875,0.0,435327.75,0.0,0.0,0.0,0.0,0.0,-764.0,0.0,764.0,0.0,0.0,0.0,0.0,0.0,0.0,0.0,0.0,0.0,0.0,0.0,0.0,0.0,0.0,0.0,0.0,0.0,0.0,0.0,0.0,0.0,0.0,0.0,0.0,0.0,0.0,0.0,0.0,0.0,0.0,0.0,0.0,0.0,0.0,0.0,0.0,0.0,0.0,0.0,0.0,0.0,0.0,0.0,0.0,0.0,0.0,0.0,0.0,0.0,-1701.484375,0.0,1701.46875,0.0,0.0,0.0,0.0,0.0,0.0,0.0,0.0,0.0,0.0,0.0,0.0,0.0,0.0,0.0,0.0,0.0,0.0,0.0,0.0,0.0,0.0,0.0,0.0,0.0,0.0,0.0,0.0,0.0,82950.3828125,0.0,437793.21875,0.0,-2465.484375,0.0,2465.46875,0.0,-2.8864477481542283,0.0,0.5663477182388306,0.0,FL
275301,FL,1203,0.2663709819316864,2,0.0,0.0,102818.6328125,2,0,7264.2939453125,0.0,223046.328125,88067.2734375,0.0,0.0,0.0,88067.2734375,-10.0,0.0,10.0,0.0,-228.0,0.0,228.0,0.0,0.0,0.0,0.0,0.0,0.0,0.0,0.0,0.0,0.0,0.0,0.0,0.0,0.0,0.0,0.0,0.0,0.0,0.0,0.0,0.0,0.0,0.0,0.0,0.0,0.0,0.0,0.0,0.0,0.0,0.0,0.0,0.0,0.0,0.0,0.0,0.0,0.0,0.0,0.0,0.0,0.0,0.0,0.0,0.0,0.0,0.0,0.0,0.0,0.0,0.0,0.0,0.0,0.0,0.0,0.0,0.0,-1440.0,0.0,1440.0,0.0,0.0,0.0,0.0,0.0,0.0,0.0,0.0,0.0,0.0,0.0,0.0,0.0,0.0,0.0,0.0,0.0,5586.2939453125,0.0,224724.328125,88067.2734375,-1678.0,0.0,1678.0,0.0,-23.099285527711597,0.0,0.7523100972175598,0.0,FL
275302,FL,1203,0.17721876502037048,3,2.0,38757.453125,38765.7265625,3,0,-4929.6298828125,0.0,91188.828125,34183.12109375,2763.543212890625,0.0,0.0,36946.664306640625,0.0,0.0,0.0,0.0,0.0,0.0,0.0,0.0,0.0,0.0,0.0,0.0,0.0,0.0,0.0,0.0,200.0,0.0,-200.0,0.0,0.0,0.0,0.0,0.0,0.0,0.0,0.0,0.0,0.0,0.0,0.0,0.0,0.0,0.0,0.0,0.0,0.0,0.0,0.0,0.0,0.0,0.0,0.0,0.0,0.0,0.0,0.0,0.0,0.0,0.0,0.0,0.0,0.0,0.0,0.0,0.0,0.0,0.0,0.0,0.0,0.0,0.0,0.0,0.0,0.0,0.0,0.0,0.0,0.0,0.0,0.0,0.0,0.0,0.0,0.0,0.0,0.0,0.0,0.0,0.0,0.0,0.0,0.0,0.0,-4729.6298828125,0.0,90988.828125,36946.664306640625,200.0,0.0,-200.0,0.0,4.057099716498271,0.0,-0.21932511031627655,0.0,FL
275303,FL,1203,121.04885864257812,2,0.0,0.0,0.0,2,0,0.0,0.0,91738.1953125,45869.09765625,0.0,0.0,0.0,45869.09765625,0.0,0.0,0.0,0.0,0.0,0.0,0.0,0.0,0.0,0.0,0.0,0.0,0.0,0.0,0.0,0.0,0.0,0.0,0.0,0.0,0.0,0.0,0.0,0.0,0.0,0.0,0.0,0.0,0.0,0.0,0.0,0.0,0.0,0.0,0.0,0.0,0.0,0.0,0.0,0.0,0.0,0.0,0.0,0.0,0.0,0.0,0.0,0.0,0.0,0.0,0.0,0.0,0.0,0.0,0.0,0.0,0.0,0.0,0.0,0.0,0.0,0.0,0.0,0.0,0.0,0.0,0.0,0.0,0.0,0.0,0.0,0.0,0.0,0.0,0.0,0.0,0.0,0.0,0.0,0.0,0.0,0.0,0.0,0.0,0.0,0.0,91738.1953125,45869.09765625,0.0,0.0,0.0,0.0,0.0,0.0,0.0,0.0,FL
275304,FL,1203,21.69236946105957,1,0.0,0.0,0.0,1,0,0.0,0.0,0.0,0.0,0.0,0.0,0.0,0.0,0.0,0.0,0.0,0.0,0.0,0.0,0.0,0.0,0.0,0.0,0.0,0.0,0.0,0.0,0.0,0.0,0.0,0.0,0.0,0.0,0.0,0.0,0.0,0.0,0.0,0.0,0.0,0.0,0.0,0.0,0.0,0.0,0.0,0.0,0.0,0.0,0.0,0.0,0.0,0.0,0.0,0.0,0.0,0.0,0.0,0.0,0.0,0.0,0.0,0.0,0.0,0.0,0.0,0.0,0.0,0.0,0.0,0.0,0.0,0.0,0.0,0.0,0.0,0.0,0.0,0.0,0.0,0.0,0.0,0.0,0.0,0.0,0.0,0.0,0.0,0.0,0.0,0.0,0.0,0.0,0.0,0.0,0.0,0.0,0.0,0.0,0.0,0.0,0.0,0.0,0.0,0.0,0.0,0.0,0.0,0.0,FL
275305,FL,1203,171.14268493652344,3,1.0,0.0,0.0,3,0,0.0,0.0,96168.796875,47398.81640625,2763.543212890625,0.0,0.0,50162.359619140625,0.0,0.0,0.0,0.0,0.0,0.0,0.0,0.0,0.0,0.0,0.0,0.0,0.0,0.0,0.0,0.0,0.0,0.0,0.0,0.0,0.0,0.0,0.0,0.0,0.0,0.0,0.0,0.0,0.0,0.0,0.0,0.0,0.0,0.0,0.0,0.0,0.0,0.0,0.0,0.0,0.0,0.0,0.0,0.0,0.0,0.0,0.0,0.0,0.0,0.0,0.0,0.0,0.0,0.0,0.0,0.0,0.0,0.0,0.0,0.0,0.0,0.0,0.0,0.0,0.0,0.0,0.0,0.0,0.0,0.0,0.0,0.0,0.0,0.0,0.0,0.0,0.0,0.0,0.0,0.0,0.0,0.0,0.0,0.0,0.0,0.0,96168.796875,50162.359619140625,0.0,0.0,0.0,0.0,0.0,0.0,0.0,0.0,FL
275306,FL,1203,282.8096923828125,1,0.0,0.0,0.0,1,0,0.0,0.0,34131.98046875,20900.09765625,13231.8837890625,0.0,0.0,34131.9814453125,0.0,0.0,0.0,0.0,0.0,0.0,0.0,0.0,0.0,0.0,0.0,0.0,0.0,0.0,0.0,0.0,0.0,0.0,0.0,0.0,0.0,0.0,0.0,0.0,0.0,0.0,0.0,0.0,0.0,0.0,0.0,0.0,0.0,0.0,0.0,0.0,0.0,0.0,0.0,0.0,0.0,0.0,0.0,0.0,0.0,0.0,0.0,0.0,0.0,0.0,0.0,0.0,0.0,0.0,0.0,0.0,0.0,0.0,0.0,0.0,0.0,0.0,0.0,0.0,0.0,0.0,0.0,0.0,0.0,0.0,0.0,0.0,0.0,0.0,-2230.73828125,-2230.740234375,0.0,0.0,0.0,0.0,0.0,0.0,0.0,0.0,0.0,0.0,31901.2421875,31901.2412109375,0.0,0.0,-2230.73828125,-2230.740234375,0.0,0.0,-6.535625457763672,-6.535630631198991,FL
275307,FL,1203,114.0992660522461,1,0.0,0.0,0.0,1,0,0.0,0.0,14323.9072265625,1092.0234375,13231.8837890625,0.0,0.0,14323.9072265625,0.0,0.0,0.0,0.0,0.0,0.0,0.0,0.0,0.0,0.0,0.0,0.0,0.0,0.0,0.0,0.0,0.0,0.0,0.0,0.0,0.0,0.0,0.0,0.0,0.0,0.0,0.0,0.0,0.0,0.0,0.0,0.0,0.0,0.0,0.0,0.0,0.0,0.0,0.0,0.0,0.0,0.0,0.0,0.0,0.0,0.0,0.0,0.0,0.0,0.0,0.0,0.0,0.0,0.0,0.0,0.0,0.0,0.0,0.0,0.0,0.0,0.0,0.0,0.0,0.0,0.0,0.0,0.0,0.0,0.0,0.0,0.0,0.0,0.0,0.0,0.0,0.0,0.0,0.0,0.0,0.0,0.0,0.0,0.0,0.0,0.0,14323.9072265625,14323.9072265625,0.0,0.0,0.0,0.0,0.0,0.0,0.0,0.0,FL
275308,FL,1203,233.4889373779297,2,0.0,0.0,0.0,2,0,0.0,0.0,25188.701171875,11956.8173828125,13231.8837890625,0.0,0.0,25188.701171875,0.0,0.0,0.0,0.0,0.0,0.0,0.0,0.0,0.0,0.0,0.0,0.0,0.0,0.0,0.0,0.0,0.0,0.0,0.0,0.0,0.0,0.0,0.0,0.0,0.0,0.0,0.0,0.0,0.0,0.0,0.0,0.0,0.0,0.0,0.0,0.0,0.0,0.0,0.0,0.0,0.0,0.0,0.0,0.0,0.0,0.0,0.0,0.0,0.0,0.0,0.0,0.0,0.0,0.0,0.0,0.0,0.0,0.0,0.0,0.0,0.0,0.0,0.0,0.0,0.0,0.0,0.0,0.0,0.0,0.0,0.0,0.0,0.0,0.0,0.0,0.0,0.0,0.0,0.0,0.0,0.0,0.0,0.0,0.0,0.0,0.0,25188.701171875,25188.701171875,0.0,0.0,0.0,0.0,0.0,0.0,0.0,0.0,FL
275309,FL,1203,0.15046599507331848,2,0.0,460077.90625,1990472.25,2,0,669866.6875,0.0,1392675.0,0.0,0.0,0.0,0.0,0.0,-734.0,0.0,734.0,0.0,-703.0,0.0,703.0,0.0,0.0,0.0,0.0,0.0,0.0,0.0,0.0,0.0,0.0,0.0,0.0,0.0,0.0,0.0,0.0,0.0,-1850.0,0.0,1850.0,0.0,0.0,0.0,0.0,0.0,0.0,0.0,0.0,0.0,0.0,0.0,0.0,0.0,-740.0,0.0,740.0,0.0,0.0,0.0,0.0,0.0,0.0,0.0,0.0,0.0,0.0,0.0,0.0,0.0,0.0,0.0,0.0,0.0,0.0,0.0,0.0,0.0,0.0,0.0,0.0,0.0,0.0,0.0,0.0,0.0,0.0,0.0,0.0,0.0,0.0,0.0,0.0,0.0,0.0,0.0,0.0,0.0,665839.6875,0.0,1396702.0,0.0,-4027.0,0.0,4027.0,0.0,-0.6011643921313821,0.0,0.2891557514667511,0.0,FL
275310,FL,1203,104.63618469238281,1,0.0,0.0,2889.82861328125,1,0,0.0,0.0,34294.0,16010.927734375,0.0,0.0,0.0,16010.927734375,0.0,0.0,0.0,0.0,0.0,0.0,0.0,0.0,0.0,0.0,0.0,0.0,0.0,0.0,0.0,0.0,0.0,0.0,0.0,0.0,0.0,0.0,0.0,0.0,0.0,0.0,0.0,0.0,0.0,0.0,0.0,0.0,0.0,0.0,0.0,0.0,0.0,0.0,0.0,0.0,0.0,0.0,0.0,0.0,0.0,0.0,0.0,0.0,0.0,0.0,0.0,0.0,0.0,0.0,0.0,0.0,0.0,0.0,0.0,0.0,0.0,0.0,0.0,0.0,0.0,0.0,0.0,0.0,0.0,0.0,0.0,0.0,0.0,0.0,0.0,0.0,0.0,0.0,0.0,0.0,0.0,0.0,0.0,0.0,0.0,0.0,34294.0,16010.927734375,0.0,0.0,0.0,0.0,0.0,0.0,0.0,0.0,FL
275311,FL,1203,0.18153907358646393,4,2.0,77852.546875,369254.875,4,0,49980.703125,0.0,356380.5,12294.095703125,15995.427001953125,0.0,0.0,28289.522705078125,-292.0,0.0,292.0,0.0,0.0,0.0,0.0,0.0,0.0,0.0,0.0,0.0,0.0,0.0,0.0,0.0,0.0,0.0,0.0,0.0,0.0,0.0,0.0,0.0,0.0,0.0,0.0,0.0,0.0,0.0,0.0,0.0,0.0,0.0,0.0,0.0,0.0,0.0,0.0,0.0,0.0,0.0,0.0,0.0,0.0,0.0,0.0,0.0,0.0,0.0,0.0,0.0,0.0,0.0,0.0,0.0,0.0,0.0,0.0,0.0,-1060.3359375,0.0,1060.3125,0.0,0.0,0.0,0.0,0.0,0.0,0.0,0.0,0.0,0.0,0.0,0.0,0.0,0.0,0.0,0.0,0.0,0.0,0.0,0.0,0.0,48628.3671875,0.0,357732.8125,28289.522705078125,-1352.3359375,0.0,1352.3125,0.0,-2.7057161123120954,0.0,0.3794574737548828,0.0,FL
275312,FL,1203,0.2065557837486267,2,0.0,134687.2734375,138414.125,2,0,13439.107421875,0.0,130403.75,0.0,0.0,0.0,0.0,0.0,-230.0,0.0,230.0,0.0,-418.0,0.0,418.0,0.0,0.0,0.0,0.0,0.0,0.0,0.0,0.0,0.0,0.0,0.0,0.0,0.0,0.0,0.0,0.0,0.0,0.0,0.0,0.0,0.0,0.0,0.0,0.0,0.0,0.0,0.0,0.0,0.0,0.0,0.0,0.0,0.0,0.0,0.0,0.0,0.0,0.0,0.0,0.0,0.0,0.0,0.0,0.0,0.0,0.0,0.0,0.0,0.0,0.0,0.0,0.0,0.0,0.0,0.0,0.0,0.0,0.0,0.0,0.0,0.0,0.0,0.0,0.0,0.0,0.0,0.0,0.0,0.0,0.0,0.0,0.0,0.0,0.0,0.0,0.0,0.0,12791.107421875,0.0,131051.75,0.0,-648.0,0.0,648.0,0.0,-4.8217487937126124,0.0,0.4969182312488556,0.0,FL
275313,FL,1203,3.6905462741851807,2,0.0,0.0,0.0,2,0,0.0,0.0,50930.7890625,25465.39453125,0.0,0.0,0.0,25465.39453125,0.0,0.0,0.0,0.0,0.0,0.0,0.0,0.0,0.0,0.0,0.0,0.0,0.0,0.0,0.0,0.0,0.0,0.0,0.0,0.0,0.0,0.0,0.0,0.0,0.0,0.0,0.0,0.0,0.0,0.0,0.0,0.0,0.0,0.0,0.0,0.0,0.0,0.0,0.0,0.0,0.0,0.0,0.0,0.0,0.0,0.0,0.0,0.0,0.0,0.0,0.0,0.0,0.0,0.0,0.0,0.0,0.0,0.0,0.0,0.0,0.0,0.0,0.0,0.0,0.0,0.0,0.0,0.0,0.0,0.0,0.0,0.0,0.0,0.0,0.0,0.0,0.0,0.0,0.0,0.0,0.0,0.0,0.0,0.0,0.0,0.0,50930.7890625,25465.39453125,0.0,0.0,0.0,0.0,0.0,0.0,0.0,0.0,FL
275314,FL,1203,170.2410430908203,1,0.0,1754.90087890625,1763.173583984375,1,0,0.0,0.0,47826.609375,21214.560546875,0.0,0.0,0.0,21214.560546875,0.0,0.0,0.0,0.0,0.0,0.0,0.0,0.0,0.0,0.0,0.0,0.0,0.0,0.0,0.0,0.0,0.0,0.0,0.0,0.0,0.0,0.0,0.0,0.0,0.0,0.0,0.0,0.0,0.0,0.0,0.0,0.0,0.0,0.0,0.0,0.0,0.0,0.0,0.0,0.0,0.0,0.0,0.0,0.0,0.0,0.0,0.0,0.0,0.0,0.0,0.0,0.0,0.0,0.0,0.0,0.0,0.0,0.0,0.0,0.0,0.0,0.0,0.0,0.0,0.0,0.0,0.0,0.0,0.0,0.0,0.0,0.0,0.0,0.0,0.0,0.0,0.0,0.0,0.0,0.0,0.0,0.0,0.0,0.0,0.0,0.0,47826.609375,21214.560546875,0.0,0.0,0.0,0.0,0.0,0.0,0.0,0.0,FL
275315,FL,1203,127.98526000976562,3,1.0,0.0,0.0,3,0,0.0,0.0,76643.1875,28712.4765625,29227.310791015625,0.0,0.0,57939.787353515625,0.0,0.0,0.0,0.0,0.0,0.0,0.0,0.0,0.0,0.0,0.0,0.0,0.0,0.0,0.0,0.0,0.0,0.0,0.0,0.0,0.0,0.0,0.0,0.0,0.0,0.0,0.0,0.0,0.0,0.0,0.0,0.0,0.0,0.0,0.0,0.0,0.0,0.0,0.0,0.0,0.0,0.0,0.0,0.0,0.0,0.0,0.0,0.0,0.0,0.0,0.0,0.0,0.0,0.0,0.0,0.0,0.0,0.0,0.0,0.0,0.0,0.0,0.0,0.0,0.0,0.0,0.0,0.0,0.0,0.0,0.0,0.0,0.0,0.0,0.0,0.0,0.0,0.0,0.0,0.0,0.0,0.0,0.0,0.0,0.0,0.0,76643.1875,57939.787353515625,0.0,0.0,0.0,0.0,0.0,0.0,0.0,0.0,FL
275316,FL,1203,114.39714813232422,1,0.0,0.0,4.136351108551025,1,0,0.0,0.0,41823.5546875,21217.578125,0.0,0.0,0.0,21217.578125,0.0,0.0,0.0,0.0,0.0,0.0,0.0,0.0,0.0,0.0,0.0,0.0,0.0,0.0,0.0,0.0,0.0,0.0,0.0,0.0,0.0,0.0,0.0,0.0,0.0,0.0,0.0,0.0,0.0,0.0,0.0,0.0,0.0,0.0,0.0,0.0,0.0,0.0,0.0,0.0,0.0,0.0,0.0,0.0,0.0,0.0,0.0,0.0,0.0,0.0,0.0,0.0,0.0,0.0,0.0,0.0,0.0,0.0,0.0,0.0,0.0,0.0,0.0,0.0,0.0,0.0,0.0,0.0,0.0,0.0,0.0,0.0,0.0,0.0,0.0,0.0,0.0,0.0,0.0,0.0,0.0,0.0,0.0,0.0,0.0,0.0,41823.5546875,21217.578125,0.0,0.0,0.0,0.0,0.0,0.0,0.0,0.0,FL
275317,FL,1203,330.32171630859375,2,0.0,0.0,895.7827758789062,2,0,0.0,0.0,38818.12109375,18343.478515625,13231.8837890625,0.0,0.0,31575.3623046875,0.0,0.0,0.0,0.0,0.0,0.0,0.0,0.0,0.0,0.0,0.0,0.0,0.0,0.0,0.0,0.0,0.0,0.0,0.0,0.0,0.0,0.0,0.0,0.0,0.0,0.0,0.0,0.0,0.0,0.0,0.0,0.0,0.0,0.0,0.0,0.0,0.0,0.0,0.0,0.0,0.0,0.0,0.0,0.0,0.0,0.0,0.0,0.0,0.0,0.0,0.0,0.0,0.0,0.0,0.0,0.0,0.0,0.0,0.0,0.0,0.0,0.0,0.0,0.0,0.0,0.0,0.0,0.0,0.0,0.0,0.0,0.0,0.0,0.0,0.0,0.0,0.0,0.0,0.0,0.0,0.0,0.0,0.0,0.0,0.0,0.0,38818.12109375,31575.3623046875,0.0,0.0,0.0,0.0,0.0,0.0,0.0,0.0,FL
275318,FL,1203,0.2383323609828949,4,2.0,377358.71875,917582.75,4,0,206245.625,0.0,715383.6875,0.0,0.0,0.0,0.0,0.0,-749.0,0.0,749.0,0.0,0.0,0.0,0.0,0.0,0.0,0.0,0.0,0.0,0.0,0.0,0.0,0.0,0.0,0.0,0.0,0.0,0.0,0.0,0.0,0.0,0.0,0.0,0.0,0.0,0.0,0.0,0.0,0.0,0.0,0.0,0.0,0.0,0.0,0.0,0.0,0.0,0.0,0.0,0.0,0.0,0.0,0.0,0.0,0.0,0.0,0.0,0.0,0.0,0.0,0.0,0.0,0.0,0.0,0.0,0.0,0.0,0.0,0.0,0.0,0.0,0.0,0.0,0.0,0.0,0.0,0.0,0.0,0.0,0.0,0.0,0.0,0.0,0.0,0.0,0.0,0.0,0.0,0.0,0.0,0.0,205496.625,0.0,716132.6875,0.0,-749.0,0.0,749.0,0.0,-0.3631592185288779,0.0,0.10469906032085419,0.0,FL
275319,FL,1203,74.22209167480469,1,0.0,0.0,0.0,1,0,0.0,0.0,49071.28515625,24679.484375,0.0,0.0,0.0,24679.484375,0.0,0.0,0.0,0.0,0.0,0.0,0.0,0.0,0.0,0.0,0.0,0.0,0.0,0.0,0.0,0.0,0.0,0.0,0.0,0.0,0.0,0.0,0.0,0.0,0.0,0.0,0.0,0.0,0.0,0.0,0.0,0.0,0.0,0.0,0.0,0.0,0.0,0.0,0.0,0.0,0.0,0.0,0.0,0.0,0.0,0.0,0.0,0.0,0.0,0.0,0.0,0.0,0.0,0.0,0.0,0.0,0.0,0.0,0.0,0.0,0.0,0.0,0.0,0.0,0.0,0.0,0.0,0.0,0.0,0.0,0.0,0.0,0.0,0.0,0.0,0.0,0.0,0.0,0.0,0.0,0.0,0.0,0.0,0.0,0.0,0.0,49071.28515625,24679.484375,0.0,0.0,0.0,0.0,0.0,0.0,0.0,0.0,FL
275320,FL,1203,64.99066162109375,1,0.0,0.0,374.75341796875,1,0,0.0,0.0,53496.109375,26472.5,0.0,0.0,0.0,26472.5,0.0,0.0,0.0,0.0,0.0,0.0,0.0,0.0,0.0,0.0,0.0,0.0,0.0,0.0,0.0,0.0,0.0,0.0,0.0,0.0,0.0,0.0,0.0,0.0,0.0,0.0,0.0,0.0,0.0,0.0,0.0,0.0,0.0,0.0,0.0,0.0,0.0,0.0,0.0,0.0,0.0,0.0,0.0,0.0,0.0,0.0,0.0,0.0,0.0,0.0,0.0,0.0,0.0,0.0,0.0,0.0,0.0,0.0,0.0,0.0,0.0,0.0,0.0,0.0,0.0,0.0,0.0,0.0,0.0,0.0,0.0,0.0,0.0,0.0,0.0,0.0,0.0,0.0,0.0,0.0,0.0,0.0,0.0,0.0,0.0,0.0,53496.109375,26472.5,0.0,0.0,0.0,0.0,0.0,0.0,0.0,0.0,FL
275321,FL,1203,0.13344989717006683,3,2.0,87891.6328125,87891.6328125,3,0,3916.8388671875,0.0,79952.65625,0.0,0.0,0.0,0.0,0.0,-7.0,0.0,7.0,0.0,-177.0,0.0,177.0,0.0,0.0,0.0,0.0,0.0,0.0,0.0,0.0,0.0,-400.0,0.0,400.0,0.0,0.0,0.0,0.0,0.0,0.0,0.0,0.0,0.0,0.0,0.0,0.0,0.0,0.0,0.0,0.0,0.0,0.0,0.0,0.0,0.0,0.0,0.0,0.0,0.0,0.0,0.0,0.0,0.0,0.0,0.0,0.0,0.0,0.0,0.0,0.0,0.0,0.0,0.0,0.0,0.0,0.0,0.0,0.0,0.0,0.0,0.0,0.0,0.0,-70.041015625,0.0,70.0390625,0.0,0.0,0.0,0.0,0.0,0.0,0.0,0.0,0.0,0.0,0.0,0.0,0.0,3262.7978515625,0.0,80606.6953125,0.0,-654.041015625,0.0,654.0390625,0.0,-16.69818539394337,0.0,0.81803297996521,0.0,FL
275322,FL,1203,279.801025390625,4,1.0,0.0,0.0,4,0,0.0,0.0,111201.390625,54834.53125,29227.310791015625,0.0,0.0,84061.84204101562,0.0,0.0,0.0,0.0,0.0,0.0,0.0,0.0,0.0,0.0,0.0,0.0,0.0,0.0,0.0,0.0,0.0,0.0,0.0,0.0,0.0,0.0,0.0,0.0,0.0,0.0,0.0,0.0,0.0,0.0,0.0,0.0,0.0,0.0,0.0,0.0,0.0,0.0,0.0,0.0,0.0,0.0,0.0,0.0,0.0,0.0,0.0,0.0,0.0,0.0,0.0,0.0,0.0,0.0,0.0,0.0,0.0,0.0,0.0,0.0,0.0,0.0,0.0,0.0,0.0,0.0,0.0,0.0,0.0,0.0,0.0,0.0,0.0,0.0,0.0,0.0,0.0,0.0,0.0,0.0,0.0,0.0,0.0,0.0,0.0,0.0,111201.390625,84061.84204101562,0.0,0.0,0.0,0.0,0.0,0.0,0.0,0.0,FL
275323,FL,1203,36.431312561035156,5,0.0,8130.1591796875,8130.1591796875,5,0,0.0,0.0,21070.0859375,330.0,13231.8837890625,0.0,0.0,13561.8837890625,0.0,0.0,0.0,0.0,0.0,0.0,0.0,0.0,0.0,0.0,0.0,0.0,0.0,0.0,0.0,0.0,0.0,0.0,0.0,0.0,0.0,0.0,0.0,0.0,0.0,0.0,0.0,0.0,0.0,0.0,0.0,0.0,0.0,0.0,0.0,0.0,0.0,0.0,0.0,0.0,0.0,0.0,0.0,0.0,0.0,0.0,0.0,0.0,0.0,0.0,0.0,0.0,0.0,0.0,0.0,0.0,0.0,0.0,0.0,0.0,0.0,0.0,0.0,0.0,0.0,0.0,0.0,0.0,0.0,0.0,0.0,0.0,0.0,0.0,0.0,0.0,0.0,0.0,0.0,0.0,0.0,0.0,0.0,0.0,0.0,0.0,21070.0859375,13561.8837890625,0.0,0.0,0.0,0.0,0.0,0.0,0.0,0.0,FL
275324,FL,1203,412.1676025390625,2,0.0,0.0,16422.18359375,2,0,0.0,0.0,21334.7578125,6021.4169921875,0.0,0.0,0.0,6021.4169921875,0.0,0.0,0.0,0.0,0.0,0.0,0.0,0.0,0.0,0.0,0.0,0.0,0.0,0.0,0.0,0.0,0.0,0.0,0.0,0.0,0.0,0.0,0.0,0.0,0.0,0.0,0.0,0.0,0.0,0.0,0.0,0.0,0.0,0.0,0.0,0.0,0.0,0.0,0.0,0.0,0.0,0.0,0.0,0.0,0.0,0.0,0.0,0.0,0.0,0.0,0.0,0.0,0.0,0.0,0.0,0.0,0.0,0.0,0.0,0.0,0.0,0.0,0.0,0.0,0.0,0.0,0.0,0.0,0.0,0.0,0.0,0.0,0.0,0.0,0.0,0.0,0.0,0.0,0.0,0.0,0.0,0.0,0.0,0.0,0.0,0.0,21334.7578125,6021.4169921875,0.0,0.0,0.0,0.0,0.0,0.0,0.0,0.0,FL
275325,FL,1203,169.54360961914062,1,0.0,0.0,0.8272702097892761,1,0,0.0,0.0,36547.2890625,12589.1640625,13231.8837890625,0.0,0.0,25821.0478515625,0.0,0.0,0.0,0.0,0.0,0.0,0.0,0.0,0.0,0.0,0.0,0.0,0.0,0.0,0.0,0.0,0.0,0.0,0.0,0.0,0.0,0.0,0.0,0.0,0.0,0.0,0.0,0.0,0.0,0.0,0.0,0.0,0.0,0.0,0.0,0.0,0.0,0.0,0.0,0.0,0.0,0.0,0.0,0.0,0.0,0.0,0.0,0.0,0.0,0.0,0.0,0.0,0.0,0.0,0.0,0.0,0.0,0.0,0.0,0.0,0.0,0.0,0.0,0.0,0.0,0.0,0.0,0.0,0.0,0.0,0.0,0.0,0.0,0.0,0.0,0.0,0.0,0.0,0.0,0.0,0.0,0.0,0.0,0.0,0.0,0.0,36547.2890625,25821.0478515625,0.0,0.0,0.0,0.0,0.0,0.0,0.0,0.0,FL
275326,FL,1203,3.9651410579681396,1,0.0,0.0,371.4443359375,1,0,0.0,0.0,41788.28515625,20786.021484375,0.0,0.0,0.0,20786.021484375,0.0,0.0,0.0,0.0,0.0,0.0,0.0,0.0,0.0,0.0,0.0,0.0,0.0,0.0,0.0,0.0,0.0,0.0,0.0,0.0,0.0,0.0,0.0,0.0,0.0,0.0,0.0,0.0,0.0,0.0,0.0,0.0,0.0,0.0,0.0,0.0,0.0,0.0,0.0,0.0,0.0,0.0,0.0,0.0,0.0,0.0,0.0,0.0,0.0,0.0,0.0,0.0,0.0,0.0,0.0,0.0,0.0,0.0,0.0,0.0,0.0,0.0,0.0,0.0,0.0,0.0,0.0,0.0,0.0,0.0,0.0,0.0,0.0,0.0,0.0,0.0,0.0,0.0,0.0,0.0,0.0,0.0,0.0,0.0,0.0,0.0,41788.28515625,20786.021484375,0.0,0.0,0.0,0.0,0.0,0.0,0.0,0.0,FL
275327,FL,1203,842.102294921875,6,5.0,0.0,0.0,6,0,0.0,0.0,73500.359375,56400.484375,17099.873779296875,0.0,0.0,73500.35815429688,0.0,0.0,0.0,0.0,0.0,0.0,0.0,0.0,0.0,0.0,0.0,0.0,0.0,0.0,0.0,0.0,0.0,0.0,0.0,0.0,0.0,0.0,0.0,0.0,0.0,0.0,0.0,0.0,0.0,0.0,0.0,0.0,0.0,0.0,0.0,0.0,0.0,0.0,0.0,0.0,0.0,0.0,0.0,0.0,0.0,0.0,0.0,0.0,0.0,0.0,0.0,0.0,0.0,0.0,0.0,0.0,0.0,0.0,0.0,0.0,0.0,0.0,0.0,0.0,0.0,0.0,0.0,0.0,0.0,0.0,0.0,0.0,0.0,0.0,0.0,0.0,0.0,0.0,0.0,0.0,0.0,0.0,-2763.546875,-2763.543212890625,0.0,0.0,70736.8125,70736.81494140625,0.0,0.0,-2763.546875,-2763.543212890625,0.0,0.0,-3.7599093914031982,-3.7599044171855738,FL
275328,FL,1203,395.8760681152344,2,1.0,0.0,0.8272702097892761,2,0,0.0,0.0,43273.71875,37226.80078125,6045.700927734375,0.0,0.0,43272.501708984375,0.0,0.0,0.0,0.0,0.0,0.0,0.0,0.0,0.0,0.0,0.0,0.0,0.0,0.0,0.0,0.0,0.0,0.0,0.0,0.0,0.0,0.0,0.0,0.0,0.0,0.0,0.0,0.0,0.0,0.0,0.0,0.0,0.0,0.0,0.0,0.0,0.0,0.0,0.0,0.0,0.0,0.0,0.0,0.0,0.0,0.0,0.0,0.0,0.0,0.0,0.0,0.0,0.0,0.0,0.0,0.0,0.0,0.0,0.0,0.0,0.0,0.0,0.0,0.0,0.0,0.0,0.0,0.0,0.0,0.0,0.0,0.0,0.0,0.0,0.0,0.0,0.0,0.0,0.0,0.0,0.0,0.0,-3282.16015625,-3282.15771484375,0.0,0.0,39991.55859375,39990.343994140625,0.0,0.0,-3282.16015625,-3282.15771484375,0.0,0.0,-7.584650039672852,-7.584857785475106,FL
275329,FL,1203,132.78219604492188,2,0.0,0.0,3482.243408203125,2,0,0.0,0.0,71102.15625,33953.796875,0.0,0.0,0.0,33953.796875,0.0,0.0,0.0,0.0,0.0,0.0,0.0,0.0,0.0,0.0,0.0,0.0,0.0,0.0,0.0,0.0,0.0,0.0,0.0,0.0,0.0,0.0,0.0,0.0,0.0,0.0,0.0,0.0,0.0,0.0,0.0,0.0,0.0,0.0,0.0,0.0,0.0,0.0,0.0,0.0,0.0,0.0,0.0,0.0,0.0,0.0,0.0,0.0,0.0,0.0,0.0,0.0,0.0,0.0,0.0,0.0,0.0,0.0,0.0,0.0,0.0,0.0,0.0,0.0,0.0,0.0,0.0,0.0,0.0,0.0,0.0,0.0,0.0,0.0,0.0,0.0,0.0,0.0,0.0,0.0,0.0,0.0,0.0,0.0,0.0,0.0,71102.15625,33953.796875,0.0,0.0,0.0,0.0,0.0,0.0,0.0,0.0,FL
275330,FL,1203,0.13071458041667938,4,0.0,153311.5732421875,204392.2685546875,4,0,11907.667724609375,0.0,180758.203125,0.0,0.0,0.0,0.0,0.0,-15.0,0.0,15.0,0.0,-114.0,0.0,114.0,0.0,0.0,0.0,0.0,0.0,0.0,0.0,0.0,0.0,0.0,0.0,0.0,0.0,0.0,0.0,0.0,0.0,0.0,0.0,0.0,0.0,0.0,0.0,0.0,0.0,0.0,0.0,0.0,0.0,0.0,0.0,0.0,0.0,0.0,0.0,0.0,0.0,0.0,0.0,0.0,0.0,0.0,0.0,0.0,0.0,0.0,0.0,0.0,0.0,-1583.102294921875,0.0,1583.09375,0.0,-759.7744140625,0.0,759.78125,0.0,0.0,0.0,0.0,0.0,-56.033203125,0.0,56.03125,0.0,0.0,0.0,0.0,0.0,0.0,0.0,0.0,0.0,0.0,0.0,0.0,0.0,9379.7578125,0.0,183286.109375,0.0,-2527.909912109375,0.0,2527.90625,0.0,-21.22926143534377,0.0,1.3985015153884888,0.0,FL
275331,FL,1203,167.4230194091797,2,0.0,0.0,3295.231689453125,2,0,0.0,0.0,41323.1640625,6111.8876953125,26463.767578125,0.0,0.0,32575.6552734375,0.0,0.0,0.0,0.0,0.0,0.0,0.0,0.0,0.0,0.0,0.0,0.0,0.0,0.0,0.0,0.0,0.0,0.0,0.0,0.0,0.0,0.0,0.0,0.0,0.0,0.0,0.0,0.0,0.0,0.0,0.0,0.0,0.0,0.0,0.0,0.0,0.0,0.0,0.0,0.0,0.0,0.0,0.0,0.0,0.0,0.0,0.0,0.0,0.0,0.0,0.0,0.0,0.0,0.0,0.0,0.0,0.0,0.0,0.0,0.0,0.0,0.0,0.0,0.0,0.0,0.0,0.0,0.0,0.0,0.0,0.0,0.0,0.0,0.0,0.0,0.0,0.0,0.0,0.0,0.0,0.0,0.0,0.0,0.0,0.0,0.0,41323.1640625,32575.6552734375,0.0,0.0,0.0,0.0,0.0,0.0,0.0,0.0,FL
275332,FL,1203,0.180587500333786,2,0.0,98723.3671875,356716.125,2,0,50866.00390625,0.0,282526.375,0.0,0.0,0.0,0.0,0.0,-292.0,0.0,292.0,0.0,0.0,0.0,0.0,0.0,0.0,0.0,0.0,0.0,0.0,0.0,0.0,0.0,0.0,0.0,0.0,0.0,0.0,0.0,0.0,0.0,0.0,0.0,0.0,0.0,0.0,0.0,0.0,0.0,0.0,0.0,0.0,0.0,0.0,0.0,0.0,0.0,-474.4140625,0.0,474.40625,0.0,0.0,0.0,0.0,0.0,0.0,0.0,0.0,0.0,0.0,0.0,0.0,0.0,0.0,0.0,0.0,0.0,0.0,0.0,0.0,0.0,0.0,0.0,0.0,0.0,0.0,0.0,0.0,0.0,0.0,0.0,0.0,0.0,0.0,0.0,0.0,0.0,0.0,0.0,0.0,0.0,50099.58984375,0.0,283292.78125,0.0,-766.4140625,0.0,766.40625,0.0,-1.5067314191076633,0.0,0.27126890420913696,0.0,FL
275333,FL,1203,145.50291442871094,2,1.0,0.0,0.0,2,0,0.0,0.0,19042.005859375,3046.5791015625,15995.427001953125,0.0,0.0,19042.006103515625,0.0,0.0,0.0,0.0,0.0,0.0,0.0,0.0,0.0,0.0,0.0,0.0,0.0,0.0,0.0,0.0,0.0,0.0,0.0,0.0,0.0,0.0,0.0,0.0,0.0,0.0,0.0,0.0,0.0,0.0,0.0,0.0,0.0,0.0,0.0,0.0,0.0,0.0,0.0,0.0,0.0,0.0,0.0,0.0,0.0,0.0,0.0,0.0,0.0,0.0,0.0,0.0,0.0,0.0,0.0,0.0,0.0,0.0,0.0,0.0,0.0,0.0,0.0,0.0,0.0,0.0,0.0,0.0,0.0,0.0,0.0,0.0,0.0,0.0,0.0,0.0,0.0,0.0,0.0,0.0,0.0,0.0,0.0,0.0,0.0,0.0,19042.005859375,19042.006103515625,0.0,0.0,0.0,0.0,0.0,0.0,0.0,0.0,FL
275334,FL,1203,0.19981056451797485,4,2.0,68776.2109375,68532.78125,4,0,101.93359375,0.0,75937.4609375,0.0,0.0,0.0,4570.7734375,4570.7734375,-9.999755859375,0.0,10.0,0.0,-228.0,0.0,227.9921875,0.0,0.0,0.0,0.0,0.0,0.0,0.0,0.0,0.0,-400.0,0.0,400.0,0.0,0.0,0.0,0.0,0.0,0.0,0.0,0.0,0.0,0.0,0.0,0.0,0.0,0.0,0.0,0.0,0.0,0.0,0.0,0.0,0.0,-49.333740234375,0.0,49.3359375,0.0,0.0,0.0,0.0,0.0,0.0,0.0,0.0,0.0,0.0,0.0,0.0,0.0,0.0,0.0,0.0,0.0,-836.244873046875,0.0,836.25,0.0,0.0,0.0,0.0,0.0,-627.817626953125,0.0,627.8125,0.0,0.0,0.0,0.0,0.0,0.0,0.0,0.0,0.0,0.0,0.0,0.0,0.0,-2049.46240234375,0.0,78088.8515625,4570.7734375,-2151.39599609375,0.0,2151.390625,0.0,-2110.585840199272,0.0,2.833108425140381,0.0,FL
275335,FL,1203,0.13149966299533844,7,3.0,1173338.875,2014377.431755066,7,0,666182.4375,0.0,1483102.25,77465.1953125,8290.629638671875,0.0,0.0,85755.82495117188,-734.0,0.0,734.0,0.0,0.0,0.0,0.0,0.0,0.0,0.0,0.0,0.0,0.0,0.0,0.0,0.0,0.0,0.0,0.0,0.0,0.0,0.0,0.0,0.0,-1590.25,0.0,1590.25,0.0,0.0,0.0,0.0,0.0,0.0,0.0,0.0,0.0,0.0,0.0,0.0,0.0,0.0,0.0,0.0,0.0,0.0,0.0,0.0,0.0,0.0,0.0,0.0,0.0,0.0,0.0,0.0,0.0,0.0,0.0,0.0,0.0,0.0,0.0,0.0,0.0,0.0,0.0,0.0,0.0,0.0,0.0,0.0,0.0,0.0,0.0,0.0,0.0,0.0,0.0,0.0,0.0,0.0,0.0,0.0,0.0,663858.1875,0.0,1485426.5,85755.82495117188,-2324.25,0.0,2324.25,0.0,-0.3488909147353498,0.0,0.15671543776988983,0.0,FL
275336,FL,1203,0.11879578977823257,4,2.0,282537.7734375,329827.0,4,0,53543.09765625,0.0,274441.34375,0.0,0.0,0.0,0.0,0.0,-292.0,0.0,292.0,0.0,-456.0,0.0,456.0,0.0,0.0,0.0,0.0,0.0,0.0,0.0,0.0,0.0,-400.0,0.0,400.0,0.0,0.0,0.0,0.0,0.0,0.0,0.0,0.0,0.0,0.0,0.0,0.0,0.0,0.0,0.0,0.0,0.0,0.0,0.0,0.0,0.0,-156.48828125,0.0,156.46875,0.0,0.0,0.0,0.0,0.0,0.0,0.0,0.0,0.0,0.0,0.0,0.0,0.0,0.0,0.0,0.0,0.0,0.0,0.0,0.0,0.0,0.0,0.0,0.0,0.0,0.0,0.0,0.0,0.0,0.0,0.0,0.0,0.0,0.0,0.0,0.0,0.0,0.0,0.0,0.0,0.0,52238.609375,0.0,275745.8125,0.0,-1304.48828125,0.0,1304.46875,0.0,-2.4363332312689407,0.0,0.47531789541244507,0.0,FL
275337,FL,1203,0.1255117505788803,2,0.0,1099208.625,1195872.5,1,1,350693.40625,0.0,847465.5625,0.0,0.0,0.0,0.0,0.0,-734.0,0.0,734.0,0.0,-703.0,0.0,703.0,0.0,0.0,0.0,0.0,0.0,0.0,0.0,0.0,0.0,0.0,0.0,0.0,0.0,0.0,0.0,0.0,0.0,0.0,0.0,0.0,0.0,0.0,0.0,0.0,0.0,0.0,0.0,0.0,0.0,0.0,0.0,0.0,0.0,-740.0,0.0,740.0,0.0,0.0,0.0,0.0,0.0,0.0,0.0,0.0,0.0,0.0,0.0,0.0,0.0,0.0,0.0,0.0,0.0,0.0,0.0,0.0,0.0,0.0,0.0,0.0,0.0,0.0,0.0,0.0,0.0,0.0,0.0,0.0,0.0,0.0,0.0,0.0,0.0,0.0,0.0,0.0,0.0,348516.40625,0.0,849642.5625,0.0,-2177.0,0.0,2177.0,0.0,-0.6207701545571902,0.0,0.2568835914134979,0.0,FL
275338,FL,1203,0.16188004612922668,3,2.0,27874.83203125,27874.83203125,3,0,-10066.263671875,0.0,54062.0625,2261.924560546875,5527.08642578125,10464.3798828125,0.0,18253.390869140625,0.0,0.0,0.0,0.0,0.0,0.0,0.0,0.0,0.0,0.0,0.0,0.0,0.0,0.0,0.0,0.0,200.0,0.0,-200.0,0.0,0.0,0.0,0.0,0.0,0.0,0.0,0.0,0.0,0.0,0.0,0.0,0.0,0.0,0.0,0.0,0.0,0.0,0.0,0.0,0.0,0.0,0.0,0.0,0.0,0.0,0.0,0.0,0.0,0.0,0.0,0.0,0.0,0.0,0.0,0.0,0.0,0.0,0.0,0.0,0.0,0.0,0.0,0.0,0.0,0.0,0.0,0.0,0.0,0.0,0.0,0.0,0.0,0.0,0.0,0.0,0.0,0.0,0.0,0.0,0.0,0.0,0.0,0.0,0.0,-9866.263671875,0.0,53862.0625,18253.390869140625,200.0,0.0,-200.0,0.0,1.9868345050288838,0.0,-0.3699451982975006,0.0,FL
275339,FL,1203,79.67391204833984,1,0.0,0.0,0.0,1,0,0.0,0.0,42875.8984375,16512.3984375,13231.8837890625,0.0,0.0,29744.2822265625,0.0,0.0,0.0,0.0,0.0,0.0,0.0,0.0,0.0,0.0,0.0,0.0,0.0,0.0,0.0,0.0,0.0,0.0,0.0,0.0,0.0,0.0,0.0,0.0,0.0,0.0,0.0,0.0,0.0,0.0,0.0,0.0,0.0,0.0,0.0,0.0,0.0,0.0,0.0,0.0,0.0,0.0,0.0,0.0,0.0,0.0,0.0,0.0,0.0,0.0,0.0,0.0,0.0,0.0,0.0,0.0,0.0,0.0,0.0,0.0,0.0,0.0,0.0,0.0,0.0,0.0,0.0,0.0,0.0,0.0,0.0,0.0,0.0,0.0,0.0,0.0,0.0,0.0,0.0,0.0,0.0,0.0,0.0,0.0,0.0,0.0,42875.8984375,29744.2822265625,0.0,0.0,0.0,0.0,0.0,0.0,0.0,0.0,FL
275340,FL,1203,78.7284164428711,1,0.0,0.0,397.0896911621094,1,0,0.0,0.0,44991.125,22512.427734375,0.0,0.0,0.0,22512.427734375,0.0,0.0,0.0,0.0,0.0,0.0,0.0,0.0,0.0,0.0,0.0,0.0,0.0,0.0,0.0,0.0,0.0,0.0,0.0,0.0,0.0,0.0,0.0,0.0,0.0,0.0,0.0,0.0,0.0,0.0,0.0,0.0,0.0,0.0,0.0,0.0,0.0,0.0,0.0,0.0,0.0,0.0,0.0,0.0,0.0,0.0,0.0,0.0,0.0,0.0,0.0,0.0,0.0,0.0,0.0,0.0,0.0,0.0,0.0,0.0,0.0,0.0,0.0,0.0,0.0,0.0,0.0,0.0,0.0,0.0,0.0,0.0,0.0,0.0,0.0,0.0,0.0,0.0,0.0,0.0,0.0,0.0,0.0,0.0,0.0,0.0,44991.125,22512.427734375,0.0,0.0,0.0,0.0,0.0,0.0,0.0,0.0,FL
275341,FL,1203,0.1112130805850029,2,0.0,321945.3125,330187.3125,2,0,57467.90234375,0.0,293351.4375,9481.4013671875,0.0,0.0,0.0,9481.4013671875,-292.0,0.0,292.0,0.0,-456.0,0.0,456.0,0.0,0.0,0.0,0.0,0.0,0.0,0.0,0.0,0.0,0.0,0.0,0.0,0.0,0.0,0.0,0.0,0.0,0.0,0.0,0.0,0.0,0.0,0.0,0.0,0.0,0.0,0.0,0.0,0.0,0.0,0.0,0.0,0.0,0.0,0.0,0.0,0.0,0.0,0.0,0.0,0.0,0.0,0.0,0.0,0.0,0.0,0.0,0.0,0.0,0.0,0.0,0.0,0.0,0.0,0.0,0.0,0.0,0.0,0.0,0.0,0.0,0.0,0.0,0.0,0.0,0.0,0.0,0.0,0.0,0.0,0.0,0.0,0.0,0.0,0.0,0.0,0.0,56719.90234375,0.0,294099.4375,9481.4013671875,-748.0,0.0,748.0,0.0,-1.3015961423574558,0.0,0.2549842596054077,0.0,FL
275342,FL,1203,252.57200622558594,2,0.0,0.0,0.0,2,0,0.0,0.0,65773.046875,25601.087890625,26463.767578125,0.0,0.0,52064.85546875,0.0,0.0,0.0,0.0,0.0,0.0,0.0,0.0,0.0,0.0,0.0,0.0,0.0,0.0,0.0,0.0,0.0,0.0,0.0,0.0,0.0,0.0,0.0,0.0,0.0,0.0,0.0,0.0,0.0,0.0,0.0,0.0,0.0,0.0,0.0,0.0,0.0,0.0,0.0,0.0,0.0,0.0,0.0,0.0,0.0,0.0,0.0,0.0,0.0,0.0,0.0,0.0,0.0,0.0,0.0,0.0,0.0,0.0,0.0,0.0,0.0,0.0,0.0,0.0,0.0,0.0,0.0,0.0,0.0,0.0,0.0,0.0,0.0,0.0,0.0,0.0,0.0,0.0,0.0,0.0,0.0,0.0,0.0,0.0,0.0,0.0,65773.046875,52064.85546875,0.0,0.0,0.0,0.0,0.0,0.0,0.0,0.0,FL
275343,FL,1203,27.314476013183594,2,0.0,0.0,8.27270221710205,2,0,0.0,0.0,71800.84375,29587.23828125,13231.8837890625,0.0,0.0,42819.1220703125,0.0,0.0,0.0,0.0,0.0,0.0,0.0,0.0,0.0,0.0,0.0,0.0,0.0,0.0,0.0,0.0,0.0,0.0,0.0,0.0,0.0,0.0,0.0,0.0,0.0,0.0,0.0,0.0,0.0,0.0,0.0,0.0,0.0,0.0,0.0,0.0,0.0,0.0,0.0,0.0,0.0,0.0,0.0,0.0,0.0,0.0,0.0,0.0,0.0,0.0,0.0,0.0,0.0,0.0,0.0,0.0,0.0,0.0,0.0,0.0,0.0,0.0,0.0,0.0,0.0,0.0,0.0,0.0,0.0,0.0,0.0,0.0,0.0,0.0,-287.6875,-287.68359375,0.0,0.0,0.0,0.0,0.0,0.0,0.0,0.0,0.0,0.0,71513.15625,42531.4384765625,0.0,0.0,-287.6875,-287.68359375,0.0,0.0,-0.4006742537021637,-0.6718577584977105,FL
275344,FL,1203,103.0152816772461,1,0.0,0.0,0.0,1,0,0.0,0.0,58096.0625,29048.03125,0.0,0.0,0.0,29048.03125,0.0,0.0,0.0,0.0,0.0,0.0,0.0,0.0,0.0,0.0,0.0,0.0,0.0,0.0,0.0,0.0,0.0,0.0,0.0,0.0,0.0,0.0,0.0,0.0,0.0,0.0,0.0,0.0,0.0,0.0,0.0,0.0,0.0,0.0,0.0,0.0,0.0,0.0,0.0,0.0,0.0,0.0,0.0,0.0,0.0,0.0,0.0,0.0,0.0,0.0,0.0,0.0,0.0,0.0,0.0,0.0,0.0,0.0,0.0,0.0,0.0,0.0,0.0,0.0,0.0,0.0,0.0,0.0,0.0,0.0,0.0,0.0,0.0,0.0,0.0,0.0,0.0,0.0,0.0,0.0,0.0,0.0,0.0,0.0,0.0,0.0,58096.0625,29048.03125,0.0,0.0,0.0,0.0,0.0,0.0,0.0,0.0,FL
275345,FL,1203,15.27945613861084,1,0.0,0.0,14.063593864440918,1,0,0.0,0.0,43093.765625,21845.384765625,0.0,0.0,0.0,21845.384765625,0.0,0.0,0.0,0.0,0.0,0.0,0.0,0.0,0.0,0.0,0.0,0.0,0.0,0.0,0.0,0.0,0.0,0.0,0.0,0.0,0.0,0.0,0.0,0.0,0.0,0.0,0.0,0.0,0.0,0.0,0.0,0.0,0.0,0.0,0.0,0.0,0.0,0.0,0.0,0.0,0.0,0.0,0.0,0.0,0.0,0.0,0.0,0.0,0.0,0.0,0.0,0.0,0.0,0.0,0.0,0.0,0.0,0.0,0.0,0.0,0.0,0.0,0.0,0.0,0.0,0.0,0.0,0.0,0.0,0.0,0.0,0.0,0.0,0.0,0.0,0.0,0.0,0.0,0.0,0.0,0.0,0.0,0.0,0.0,0.0,0.0,43093.765625,21845.384765625,0.0,0.0,0.0,0.0,0.0,0.0,0.0,0.0,FL
275346,FL,1203,0.15776696801185608,4,2.0,39489.34375,38450.484375,4,0,-7349.2041015625,0.0,88359.859375,12960.08984375,15995.427001953125,15356.6728515625,0.0,44312.189697265625,0.0,0.0,0.0,0.0,0.0,0.0,0.0,0.0,0.0,0.0,0.0,0.0,0.0,0.0,0.0,0.0,100.0,0.0,-100.0,0.0,0.0,0.0,0.0,0.0,0.0,0.0,0.0,0.0,0.0,0.0,0.0,0.0,0.0,0.0,0.0,0.0,0.0,0.0,0.0,0.0,0.0,0.0,0.0,0.0,0.0,0.0,0.0,0.0,0.0,0.0,0.0,0.0,0.0,0.0,0.0,0.0,0.0,0.0,0.0,0.0,0.0,0.0,0.0,0.0,0.0,0.0,0.0,0.0,0.0,0.0,0.0,0.0,0.0,0.0,0.0,0.0,0.0,0.0,0.0,0.0,0.0,0.0,0.0,0.0,-7249.2041015625,0.0,88259.859375,44312.189697265625,100.0,0.0,-100.0,0.0,1.3606915608554018,0.0,-0.11317355930805206,0.0,FL
275347,FL,1203,160.25787353515625,3,1.0,0.0,0.8272702097892761,3,0,0.0,0.0,29108.8203125,38487.79296875,2763.543212890625,0.0,0.0,41251.336181640625,0.0,0.0,0.0,0.0,0.0,0.0,0.0,0.0,0.0,0.0,0.0,0.0,0.0,0.0,0.0,0.0,0.0,0.0,0.0,0.0,0.0,0.0,0.0,0.0,0.0,0.0,0.0,0.0,0.0,0.0,0.0,0.0,0.0,0.0,0.0,0.0,0.0,0.0,0.0,0.0,0.0,0.0,0.0,0.0,0.0,0.0,0.0,0.0,0.0,0.0,0.0,0.0,0.0,0.0,0.0,0.0,0.0,0.0,0.0,0.0,0.0,0.0,0.0,0.0,0.0,0.0,0.0,0.0,0.0,0.0,0.0,0.0,0.0,0.0,-468.1796875,-468.1796875,0.0,0.0,0.0,0.0,0.0,0.0,0.0,0.0,0.0,0.0,28640.640625,40783.156494140625,0.0,0.0,-468.1796875,-468.1796875,0.0,0.0,-1.6083773374557495,-1.134944297170109,FL
275348,FL,1203,0.14495885372161865,3,1.0,91478.20703125,87111.4765625,3,0,3731.376953125,0.0,90718.28125,0.0,0.0,0.0,0.0,0.0,-10.0,0.0,10.0,0.0,-228.0,0.0,228.0,0.0,0.0,0.0,0.0,0.0,0.0,0.0,0.0,0.0,-200.0,0.0,200.0,0.0,0.0,0.0,0.0,0.0,0.0,0.0,0.0,0.0,0.0,0.0,0.0,0.0,0.0,0.0,0.0,0.0,0.0,0.0,0.0,0.0,-240.0,0.0,240.0,0.0,0.0,0.0,0.0,0.0,0.0,0.0,0.0,0.0,0.0,0.0,0.0,0.0,0.0,0.0,0.0,0.0,0.0,0.0,0.0,0.0,0.0,0.0,0.0,0.0,0.0,0.0,0.0,0.0,0.0,0.0,0.0,0.0,0.0,0.0,0.0,0.0,0.0,0.0,0.0,0.0,3053.376953125,0.0,91396.28125,0.0,-678.0,0.0,678.0,0.0,-18.170236042010714,0.0,0.7473686933517456,0.0,FL
275349,FL,1203,88.6124267578125,1,0.0,17517.001953125,18565.5234375,1,0,136.55233764648438,0.0,56977.34765625,19549.1953125,0.0,0.0,0.0,19549.1953125,0.0,0.0,0.0,0.0,-94.99999237060547,0.0,95.0,0.0,0.0,0.0,0.0,0.0,0.0,0.0,0.0,0.0,0.0,0.0,0.0,0.0,0.0,0.0,0.0,0.0,0.0,0.0,0.0,0.0,0.0,0.0,0.0,0.0,0.0,0.0,0.0,0.0,0.0,0.0,0.0,0.0,-41.552345275878906,0.0,41.55078125,0.0,0.0,0.0,0.0,0.0,0.0,0.0,0.0,0.0,0.0,0.0,0.0,0.0,0.0,0.0,0.0,0.0,0.0,0.0,0.0,0.0,0.0,0.0,0.0,0.0,0.0,0.0,0.0,0.0,0.0,0.0,0.0,0.0,0.0,0.0,0.0,0.0,0.0,0.0,0.0,0.0,0.0,0.0,57113.8984375,19549.1953125,-136.55233764648438,0.0,136.55078125,0.0,-100.0,0.0,0.23965801298618317,0.0,FL
275350,FL,1203,0.1736004501581192,1,0.0,0.0,59684.2109375,1,0,4805.46728515625,0.0,104643.953125,35876.515625,0.0,0.0,0.0,35876.515625,-5.0,0.0,5.0,0.0,-114.0,0.0,114.0,0.0,0.0,0.0,0.0,0.0,0.0,0.0,0.0,0.0,0.0,0.0,0.0,0.0,0.0,0.0,0.0,0.0,0.0,0.0,0.0,0.0,0.0,0.0,0.0,0.0,0.0,0.0,0.0,0.0,0.0,0.0,0.0,0.0,0.0,0.0,0.0,0.0,0.0,0.0,0.0,0.0,0.0,0.0,0.0,0.0,0.0,0.0,0.0,0.0,0.0,0.0,0.0,0.0,0.0,0.0,0.0,0.0,-719.999755859375,0.0,720.0,0.0,0.0,0.0,0.0,0.0,0.0,0.0,0.0,0.0,0.0,0.0,0.0,0.0,0.0,0.0,0.0,0.0,3966.467529296875,0.0,105482.953125,35876.515625,-838.999755859375,0.0,839.0,0.0,-17.459275156257668,0.0,0.8017663955688477,0.0,FL
275351,FL,1203,9.64542007446289,2,1.0,0.0,0.0,2,0,0.0,0.0,3894.50537109375,1130.9622802734375,2763.543212890625,0.0,0.0,3894.5054931640625,0.0,0.0,0.0,0.0,0.0,0.0,0.0,0.0,0.0,0.0,0.0,0.0,0.0,0.0,0.0,0.0,0.0,0.0,0.0,0.0,0.0,0.0,0.0,0.0,0.0,0.0,0.0,0.0,0.0,0.0,0.0,0.0,0.0,0.0,0.0,0.0,0.0,0.0,0.0,0.0,0.0,0.0,0.0,0.0,0.0,0.0,0.0,0.0,0.0,0.0,0.0,0.0,0.0,0.0,0.0,0.0,0.0,0.0,0.0,0.0,0.0,0.0,0.0,0.0,0.0,0.0,0.0,0.0,0.0,0.0,0.0,0.0,0.0,0.0,0.0,0.0,0.0,0.0,0.0,0.0,0.0,0.0,0.0,0.0,0.0,0.0,3894.50537109375,3894.5054931640625,0.0,0.0,0.0,0.0,0.0,0.0,0.0,0.0,FL
275352,FL,1203,142.7720184326172,2,0.0,0.0,0.0,2,0,0.0,0.0,74183.5390625,37235.609375,0.0,0.0,0.0,37235.609375,0.0,0.0,0.0,0.0,0.0,0.0,0.0,0.0,0.0,0.0,0.0,0.0,0.0,0.0,0.0,0.0,0.0,0.0,0.0,0.0,0.0,0.0,0.0,0.0,0.0,0.0,0.0,0.0,0.0,0.0,0.0,0.0,0.0,0.0,0.0,0.0,0.0,0.0,0.0,0.0,0.0,0.0,0.0,0.0,0.0,0.0,0.0,0.0,0.0,0.0,0.0,0.0,0.0,0.0,0.0,0.0,0.0,0.0,0.0,0.0,0.0,0.0,0.0,0.0,0.0,0.0,0.0,0.0,0.0,0.0,0.0,0.0,0.0,0.0,0.0,0.0,0.0,0.0,0.0,0.0,0.0,0.0,0.0,0.0,0.0,0.0,74183.5390625,37235.609375,0.0,0.0,0.0,0.0,0.0,0.0,0.0,0.0,FL
275353,FL,1203,0.14144271612167358,2,0.0,0.0,143619.71875,2,0,13846.677734375,0.0,162628.59375,28552.107421875,0.0,0.0,0.0,28552.107421875,-230.0,0.0,230.0,0.0,-418.0,0.0,418.0,0.0,0.0,0.0,0.0,0.0,0.0,0.0,0.0,0.0,0.0,0.0,0.0,0.0,0.0,0.0,0.0,0.0,0.0,0.0,0.0,0.0,0.0,0.0,0.0,0.0,0.0,0.0,0.0,0.0,0.0,0.0,0.0,0.0,0.0,0.0,0.0,0.0,0.0,0.0,0.0,0.0,0.0,0.0,0.0,0.0,0.0,0.0,0.0,0.0,0.0,0.0,0.0,0.0,0.0,0.0,0.0,0.0,-2166.671875,0.0,2166.671875,0.0,0.0,0.0,0.0,0.0,0.0,0.0,0.0,0.0,0.0,0.0,0.0,0.0,0.0,0.0,0.0,0.0,11032.005859375,0.0,165443.265625,28552.107421875,-2814.671875,0.0,2814.671875,0.0,-20.327416648200387,0.0,1.7307361364364624,0.0,FL
275354,FL,1203,804.391845703125,4,3.0,0.0,0.0,4,0,0.0,0.0,62244.7734375,40203.64453125,22041.1279296875,0.0,0.0,62244.7724609375,0.0,0.0,0.0,0.0,0.0,0.0,0.0,0.0,0.0,0.0,0.0,0.0,0.0,0.0,0.0,0.0,0.0,0.0,0.0,0.0,0.0,0.0,0.0,0.0,0.0,0.0,0.0,0.0,0.0,0.0,0.0,0.0,0.0,0.0,0.0,0.0,0.0,0.0,0.0,0.0,0.0,0.0,0.0,0.0,0.0,0.0,0.0,0.0,0.0,0.0,0.0,0.0,0.0,0.0,0.0,0.0,0.0,0.0,0.0,0.0,0.0,0.0,0.0,0.0,0.0,0.0,0.0,0.0,0.0,0.0,0.0,0.0,0.0,0.0,-7236.54296875,-7236.54296875,0.0,0.0,0.0,0.0,0.0,0.0,0.0,0.0,0.0,0.0,55008.23046875,55008.2294921875,0.0,0.0,-7236.54296875,-7236.54296875,0.0,0.0,-11.625945091247559,-11.625944931024344,FL
275355,FL,1203,0.1263439953327179,1,0.0,44135.15234375,44304.7421875,1,0,3255.569091796875,0.0,42299.59765625,0.0,0.0,4546.95849609375,0.0,4546.95849609375,-5.0,0.0,5.0,0.0,-114.0,0.0,114.0,0.0,0.0,0.0,0.0,0.0,0.0,0.0,0.0,0.0,0.0,0.0,0.0,0.0,0.0,0.0,0.0,0.0,0.0,0.0,0.0,0.0,0.0,0.0,0.0,0.0,0.0,0.0,0.0,0.0,0.0,0.0,0.0,0.0,0.0,0.0,0.0,0.0,0.0,0.0,0.0,0.0,0.0,0.0,0.0,0.0,0.0,0.0,0.0,0.0,0.0,0.0,0.0,0.0,0.0,0.0,0.0,0.0,0.0,0.0,0.0,0.0,0.0,0.0,0.0,0.0,0.0,0.0,0.0,0.0,0.0,0.0,0.0,0.0,0.0,0.0,0.0,0.0,3136.569091796875,0.0,42418.59765625,4546.95849609375,-119.0,0.0,119.0,0.0,-3.6552749041587465,0.0,0.2813265323638916,0.0,FL
275356,FL,1203,0.1747148185968399,1,0.0,47554.328125,47589.90234375,1,0,3649.788330078125,0.0,43868.4765625,0.0,0.0,0.0,0.0,0.0,-5.0,0.0,5.0,0.0,-114.0,0.0,114.0,0.0,0.0,0.0,0.0,0.0,0.0,0.0,0.0,0.0,0.0,0.0,0.0,0.0,0.0,0.0,0.0,0.0,0.0,0.0,0.0,0.0,0.0,0.0,0.0,0.0,0.0,0.0,0.0,0.0,0.0,0.0,0.0,0.0,0.0,0.0,0.0,0.0,0.0,0.0,0.0,0.0,0.0,0.0,0.0,0.0,0.0,0.0,0.0,0.0,0.0,0.0,0.0,0.0,0.0,0.0,0.0,0.0,0.0,0.0,0.0,0.0,0.0,0.0,0.0,0.0,0.0,0.0,0.0,0.0,0.0,0.0,0.0,0.0,0.0,0.0,0.0,0.0,3530.788330078125,0.0,43987.4765625,0.0,-119.0,0.0,119.0,0.0,-3.2604630525916765,0.0,0.2712653875350952,0.0,FL
275357,FL,1203,19.080448150634766,2,0.0,0.0,0.0,2,0,0.0,0.0,83124.8984375,28804.408203125,26463.767578125,0.0,0.0,55268.17578125,0.0,0.0,0.0,0.0,0.0,0.0,0.0,0.0,0.0,0.0,0.0,0.0,0.0,0.0,0.0,0.0,0.0,0.0,0.0,0.0,0.0,0.0,0.0,0.0,0.0,0.0,0.0,0.0,0.0,0.0,0.0,0.0,0.0,0.0,0.0,0.0,0.0,0.0,0.0,0.0,0.0,0.0,0.0,0.0,0.0,0.0,0.0,0.0,0.0,0.0,0.0,0.0,0.0,0.0,0.0,0.0,0.0,0.0,0.0,0.0,0.0,0.0,0.0,0.0,0.0,0.0,0.0,0.0,0.0,0.0,0.0,0.0,0.0,0.0,0.0,0.0,0.0,0.0,0.0,0.0,0.0,0.0,0.0,0.0,0.0,0.0,83124.8984375,55268.17578125,0.0,0.0,0.0,0.0,0.0,0.0,0.0,0.0,FL
275358,FL,1203,491.3084411621094,2,0.0,0.0,0.0,2,0,0.0,0.0,43954.75390625,28429.626953125,0.0,0.0,0.0,28429.626953125,0.0,0.0,0.0,0.0,0.0,0.0,0.0,0.0,0.0,0.0,0.0,0.0,0.0,0.0,0.0,0.0,0.0,0.0,0.0,0.0,0.0,0.0,0.0,0.0,0.0,0.0,0.0,0.0,0.0,0.0,0.0,0.0,0.0,0.0,0.0,0.0,0.0,0.0,0.0,0.0,0.0,0.0,0.0,0.0,0.0,0.0,0.0,0.0,0.0,0.0,0.0,0.0,0.0,0.0,0.0,0.0,0.0,0.0,0.0,0.0,0.0,0.0,0.0,0.0,0.0,0.0,0.0,0.0,0.0,0.0,0.0,0.0,0.0,0.0,0.0,0.0,0.0,0.0,0.0,0.0,0.0,0.0,0.0,0.0,0.0,0.0,43954.75390625,28429.626953125,0.0,0.0,0.0,0.0,0.0,0.0,0.0,0.0,FL
275359,FL,1203,113.14533233642578,1,0.0,0.0,27.694190979003906,1,0,0.0,0.0,13589.578125,330.0,13231.8837890625,0.0,0.0,13561.8837890625,0.0,0.0,0.0,0.0,0.0,0.0,0.0,0.0,0.0,0.0,0.0,0.0,0.0,0.0,0.0,0.0,0.0,0.0,0.0,0.0,0.0,0.0,0.0,0.0,0.0,0.0,0.0,0.0,0.0,0.0,0.0,0.0,0.0,0.0,0.0,0.0,0.0,0.0,0.0,0.0,0.0,0.0,0.0,0.0,0.0,0.0,0.0,0.0,0.0,0.0,0.0,0.0,0.0,0.0,0.0,0.0,0.0,0.0,0.0,0.0,0.0,0.0,0.0,0.0,0.0,0.0,0.0,0.0,0.0,0.0,0.0,0.0,0.0,0.0,0.0,0.0,0.0,0.0,0.0,0.0,0.0,0.0,0.0,0.0,0.0,0.0,13589.578125,13561.8837890625,0.0,0.0,0.0,0.0,0.0,0.0,0.0,0.0,FL
275360,FL,1203,91.10986328125,1,0.0,0.0,0.0,1,0,0.0,0.0,5898.3095703125,5898.3095703125,0.0,0.0,0.0,5898.3095703125,0.0,0.0,0.0,0.0,0.0,0.0,0.0,0.0,0.0,0.0,0.0,0.0,0.0,0.0,0.0,0.0,0.0,0.0,0.0,0.0,0.0,0.0,0.0,0.0,0.0,0.0,0.0,0.0,0.0,0.0,0.0,0.0,0.0,0.0,0.0,0.0,0.0,0.0,0.0,0.0,0.0,0.0,0.0,0.0,0.0,0.0,0.0,0.0,0.0,0.0,0.0,0.0,0.0,0.0,0.0,0.0,0.0,0.0,0.0,0.0,0.0,0.0,0.0,0.0,0.0,0.0,0.0,0.0,0.0,0.0,0.0,0.0,0.0,0.0,0.0,0.0,0.0,0.0,0.0,0.0,0.0,0.0,0.0,0.0,0.0,0.0,5898.3095703125,5898.3095703125,0.0,0.0,0.0,0.0,0.0,0.0,0.0,0.0,FL
275361,FL,1203,25.920808792114258,1,0.0,0.0,0.8272702097892761,1,0,0.0,0.0,25189.91796875,11956.8173828125,13231.8837890625,0.0,0.0,25188.701171875,0.0,0.0,0.0,0.0,0.0,0.0,0.0,0.0,0.0,0.0,0.0,0.0,0.0,0.0,0.0,0.0,0.0,0.0,0.0,0.0,0.0,0.0,0.0,0.0,0.0,0.0,0.0,0.0,0.0,0.0,0.0,0.0,0.0,0.0,0.0,0.0,0.0,0.0,0.0,0.0,0.0,0.0,0.0,0.0,0.0,0.0,0.0,0.0,0.0,0.0,0.0,0.0,0.0,0.0,0.0,0.0,0.0,0.0,0.0,0.0,0.0,0.0,0.0,0.0,0.0,0.0,0.0,0.0,0.0,0.0,0.0,0.0,0.0,0.0,0.0,0.0,0.0,0.0,0.0,0.0,0.0,0.0,0.0,0.0,0.0,0.0,25189.91796875,25188.701171875,0.0,0.0,0.0,0.0,0.0,0.0,0.0,0.0,FL
275362,FL,1203,60.49658203125,3,1.0,0.0,0.0,3,0,0.0,0.0,20408.546875,1130.9622802734375,19277.584716796875,0.0,0.0,20408.546997070312,0.0,0.0,0.0,0.0,0.0,0.0,0.0,0.0,0.0,0.0,0.0,0.0,0.0,0.0,0.0,0.0,0.0,0.0,0.0,0.0,0.0,0.0,0.0,0.0,0.0,0.0,0.0,0.0,0.0,0.0,0.0,0.0,0.0,0.0,0.0,0.0,0.0,0.0,0.0,0.0,0.0,0.0,0.0,0.0,0.0,0.0,0.0,0.0,0.0,0.0,0.0,0.0,0.0,0.0,0.0,0.0,0.0,0.0,0.0,0.0,0.0,0.0,0.0,0.0,0.0,0.0,0.0,0.0,0.0,0.0,0.0,0.0,0.0,0.0,0.0,0.0,0.0,0.0,0.0,0.0,0.0,0.0,0.0,0.0,0.0,0.0,20408.546875,20408.546997070312,0.0,0.0,0.0,0.0,0.0,0.0,0.0,0.0,FL
275363,FL,1203,216.9312744140625,2,0.0,0.0,59.362052619457245,2,0,0.0,0.0,129017.65625,64478.7578125,0.0,0.0,0.0,64478.7578125,0.0,0.0,0.0,0.0,0.0,0.0,0.0,0.0,0.0,0.0,0.0,0.0,0.0,0.0,0.0,0.0,0.0,0.0,0.0,0.0,0.0,0.0,0.0,0.0,0.0,0.0,0.0,0.0,0.0,0.0,0.0,0.0,0.0,0.0,0.0,0.0,0.0,0.0,0.0,0.0,0.0,0.0,0.0,0.0,0.0,0.0,0.0,0.0,0.0,0.0,0.0,0.0,0.0,0.0,0.0,0.0,0.0,0.0,0.0,0.0,0.0,0.0,0.0,0.0,0.0,0.0,0.0,0.0,0.0,0.0,0.0,0.0,0.0,0.0,0.0,0.0,0.0,0.0,0.0,0.0,0.0,0.0,0.0,0.0,0.0,0.0,129017.65625,64478.7578125,0.0,0.0,0.0,0.0,0.0,0.0,0.0,0.0,FL
275364,FL,1203,0.4219464659690857,1,0.0,0.0,303.608154296875,1,0,0.0,0.0,13398.7705078125,12080.3349609375,0.0,0.0,0.0,12080.3349609375,0.0,0.0,0.0,0.0,0.0,0.0,0.0,0.0,0.0,0.0,0.0,0.0,0.0,0.0,0.0,0.0,0.0,0.0,0.0,0.0,0.0,0.0,0.0,0.0,0.0,0.0,0.0,0.0,0.0,0.0,0.0,0.0,0.0,0.0,0.0,0.0,0.0,0.0,0.0,0.0,0.0,0.0,0.0,0.0,0.0,0.0,0.0,0.0,0.0,0.0,0.0,0.0,0.0,0.0,0.0,0.0,0.0,0.0,0.0,0.0,0.0,0.0,0.0,0.0,0.0,0.0,0.0,0.0,0.0,0.0,0.0,0.0,0.0,0.0,0.0,0.0,0.0,0.0,0.0,0.0,0.0,0.0,0.0,0.0,0.0,0.0,13398.7705078125,12080.3349609375,0.0,0.0,0.0,0.0,0.0,0.0,0.0,0.0,FL
275365,FL,1203,0.42361128330230713,1,0.0,0.0,0.0,1,0,0.0,0.0,0.0,0.0,0.0,0.0,0.0,0.0,0.0,0.0,0.0,0.0,0.0,0.0,0.0,0.0,0.0,0.0,0.0,0.0,0.0,0.0,0.0,0.0,0.0,0.0,0.0,0.0,0.0,0.0,0.0,0.0,0.0,0.0,0.0,0.0,0.0,0.0,0.0,0.0,0.0,0.0,0.0,0.0,0.0,0.0,0.0,0.0,0.0,0.0,0.0,0.0,0.0,0.0,0.0,0.0,0.0,0.0,0.0,0.0,0.0,0.0,0.0,0.0,0.0,0.0,0.0,0.0,0.0,0.0,0.0,0.0,0.0,0.0,0.0,0.0,0.0,0.0,0.0,0.0,0.0,0.0,0.0,0.0,0.0,0.0,0.0,0.0,0.0,0.0,0.0,0.0,0.0,0.0,0.0,0.0,0.0,0.0,0.0,0.0,0.0,0.0,0.0,0.0,FL
275366,FL,1203,34.17568588256836,2,0.0,348.4353942871094,348.4353942871094,2,0,0.0,0.0,74179.828125,35287.9453125,3282.15771484375,0.0,0.0,38570.10302734375,0.0,0.0,0.0,0.0,0.0,0.0,0.0,0.0,0.0,0.0,0.0,0.0,0.0,0.0,0.0,0.0,0.0,0.0,0.0,0.0,0.0,0.0,0.0,0.0,0.0,0.0,0.0,0.0,0.0,0.0,0.0,0.0,0.0,0.0,0.0,0.0,0.0,0.0,0.0,0.0,0.0,0.0,0.0,0.0,0.0,0.0,0.0,0.0,0.0,0.0,0.0,0.0,0.0,0.0,0.0,0.0,0.0,0.0,0.0,0.0,0.0,0.0,0.0,0.0,0.0,0.0,0.0,0.0,0.0,0.0,0.0,0.0,0.0,0.0,0.0,0.0,0.0,0.0,0.0,0.0,0.0,0.0,0.0,0.0,0.0,0.0,74179.828125,38570.10302734375,0.0,0.0,0.0,0.0,0.0,0.0,0.0,0.0,FL
275367,FL,1203,204.5191650390625,1,0.0,0.0,0.0,1,0,0.0,0.0,3926.039794921875,3926.039794921875,0.0,0.0,0.0,3926.039794921875,0.0,0.0,0.0,0.0,0.0,0.0,0.0,0.0,0.0,0.0,0.0,0.0,0.0,0.0,0.0,0.0,0.0,0.0,0.0,0.0,0.0,0.0,0.0,0.0,0.0,0.0,0.0,0.0,0.0,0.0,0.0,0.0,0.0,0.0,0.0,0.0,0.0,0.0,0.0,0.0,0.0,0.0,0.0,0.0,0.0,0.0,0.0,0.0,0.0,0.0,0.0,0.0,0.0,0.0,0.0,0.0,0.0,0.0,0.0,0.0,0.0,0.0,0.0,0.0,0.0,0.0,0.0,0.0,0.0,0.0,0.0,0.0,0.0,0.0,0.0,0.0,0.0,0.0,0.0,0.0,0.0,0.0,0.0,0.0,0.0,0.0,3926.039794921875,3926.039794921875,0.0,0.0,0.0,0.0,0.0,0.0,0.0,0.0,FL
275368,FL,1203,387.81817626953125,2,0.0,0.0,1.6545404195785522,2,0,0.0,0.0,40749.3203125,14282.0283203125,26463.767578125,0.0,0.0,40745.7958984375,0.0,0.0,0.0,0.0,0.0,0.0,0.0,0.0,0.0,0.0,0.0,0.0,0.0,0.0,0.0,0.0,0.0,0.0,0.0,0.0,0.0,0.0,0.0,0.0,0.0,0.0,0.0,0.0,0.0,0.0,0.0,0.0,0.0,0.0,0.0,0.0,0.0,0.0,0.0,0.0,0.0,0.0,0.0,0.0,0.0,0.0,0.0,0.0,0.0,0.0,0.0,0.0,0.0,0.0,0.0,0.0,0.0,0.0,0.0,0.0,0.0,0.0,0.0,0.0,0.0,0.0,0.0,0.0,0.0,0.0,0.0,0.0,0.0,0.0,-4656.41796875,-4656.4169921875,0.0,0.0,0.0,0.0,0.0,0.0,0.0,0.0,0.0,0.0,36092.90234375,36089.37890625,0.0,0.0,-4656.41796875,-4656.4169921875,0.0,0.0,-11.426982879638672,-11.427969167160292,FL
275369,FL,1203,58.29384231567383,2,0.0,0.0,0.0,2,0,0.0,0.0,0.0,0.0,0.0,0.0,0.0,0.0,0.0,0.0,0.0,0.0,0.0,0.0,0.0,0.0,0.0,0.0,0.0,0.0,0.0,0.0,0.0,0.0,0.0,0.0,0.0,0.0,0.0,0.0,0.0,0.0,0.0,0.0,0.0,0.0,0.0,0.0,0.0,0.0,0.0,0.0,0.0,0.0,0.0,0.0,0.0,0.0,0.0,0.0,0.0,0.0,0.0,0.0,0.0,0.0,0.0,0.0,0.0,0.0,0.0,0.0,0.0,0.0,0.0,0.0,0.0,0.0,0.0,0.0,0.0,0.0,0.0,0.0,0.0,0.0,0.0,0.0,0.0,0.0,0.0,0.0,0.0,0.0,0.0,0.0,0.0,0.0,0.0,0.0,0.0,0.0,0.0,0.0,0.0,0.0,0.0,0.0,0.0,0.0,0.0,0.0,0.0,0.0,FL
275370,FL,1203,403.4746398925781,4,0.0,0.0,0.0,4,0,0.0,0.0,120309.546875,51104.8125,26463.767578125,0.0,0.0,77568.580078125,0.0,0.0,0.0,0.0,0.0,0.0,0.0,0.0,0.0,0.0,0.0,0.0,0.0,0.0,0.0,0.0,0.0,0.0,0.0,0.0,0.0,0.0,0.0,0.0,0.0,0.0,0.0,0.0,0.0,0.0,0.0,0.0,0.0,0.0,0.0,0.0,0.0,0.0,0.0,0.0,0.0,0.0,0.0,0.0,0.0,0.0,0.0,0.0,0.0,0.0,0.0,0.0,0.0,0.0,0.0,0.0,0.0,0.0,0.0,0.0,0.0,0.0,0.0,0.0,0.0,0.0,0.0,0.0,0.0,0.0,0.0,0.0,0.0,0.0,0.0,0.0,0.0,0.0,0.0,0.0,0.0,0.0,0.0,0.0,0.0,0.0,120309.546875,77568.580078125,0.0,0.0,0.0,0.0,0.0,0.0,0.0,0.0,FL
275371,FL,1203,96.81414794921875,3,0.0,10974.91796875,10974.91796875,3,0,0.0,0.0,110996.8125,49530.2109375,0.0,0.0,0.0,49530.2109375,0.0,0.0,0.0,0.0,0.0,0.0,0.0,0.0,0.0,0.0,0.0,0.0,0.0,0.0,0.0,0.0,0.0,0.0,0.0,0.0,0.0,0.0,0.0,0.0,0.0,0.0,0.0,0.0,0.0,0.0,0.0,0.0,0.0,0.0,0.0,0.0,0.0,0.0,0.0,0.0,0.0,0.0,0.0,0.0,0.0,0.0,0.0,0.0,0.0,0.0,0.0,0.0,0.0,0.0,0.0,0.0,0.0,0.0,0.0,0.0,0.0,0.0,0.0,0.0,0.0,0.0,0.0,0.0,0.0,0.0,0.0,0.0,0.0,0.0,0.0,0.0,0.0,0.0,0.0,0.0,0.0,0.0,0.0,0.0,0.0,0.0,110996.8125,49530.2109375,0.0,0.0,0.0,0.0,0.0,0.0,0.0,0.0,FL
275372,FL,1203,0.12339424341917038,4,2.0,239459.4296875,244163.234375,4,0,34089.453125,0.0,198796.75,0.0,0.0,0.0,0.0,0.0,-292.0,0.0,292.0,0.0,-448.453125,0.0,448.4375,0.0,0.0,0.0,0.0,0.0,0.0,0.0,0.0,0.0,-200.0,0.0,200.0,0.0,0.0,0.0,0.0,0.0,-893.08984375,0.0,893.09375,0.0,0.0,0.0,0.0,0.0,0.0,0.0,0.0,0.0,0.0,0.0,0.0,0.0,0.0,0.0,0.0,0.0,0.0,0.0,0.0,0.0,0.0,0.0,0.0,0.0,0.0,0.0,0.0,0.0,0.0,0.0,0.0,0.0,0.0,0.0,0.0,0.0,0.0,0.0,0.0,0.0,0.0,0.0,0.0,0.0,0.0,0.0,0.0,0.0,0.0,0.0,0.0,0.0,0.0,0.0,0.0,0.0,32255.91015625,0.0,200630.28125,0.0,-1833.54296875,0.0,1833.53125,0.0,-5.378622420332535,0.0,0.9223145246505737,0.0,FL
275373,FL,1203,70.56482696533203,1,0.0,0.0,0.0,1,0,0.0,0.0,36321.98828125,18469.8359375,0.0,0.0,0.0,18469.8359375,0.0,0.0,0.0,0.0,0.0,0.0,0.0,0.0,0.0,0.0,0.0,0.0,0.0,0.0,0.0,0.0,0.0,0.0,0.0,0.0,0.0,0.0,0.0,0.0,0.0,0.0,0.0,0.0,0.0,0.0,0.0,0.0,0.0,0.0,0.0,0.0,0.0,0.0,0.0,0.0,0.0,0.0,0.0,0.0,0.0,0.0,0.0,0.0,0.0,0.0,0.0,0.0,0.0,0.0,0.0,0.0,0.0,0.0,0.0,0.0,0.0,0.0,0.0,0.0,0.0,0.0,0.0,0.0,0.0,0.0,0.0,0.0,0.0,0.0,0.0,0.0,0.0,0.0,0.0,0.0,0.0,0.0,0.0,0.0,0.0,0.0,36321.98828125,18469.8359375,0.0,0.0,0.0,0.0,0.0,0.0,0.0,0.0,FL
275374,FL,1203,220.9707794189453,1,0.0,0.0,0.0,1,0,0.0,0.0,23147.02734375,9915.142578125,13231.8837890625,0.0,0.0,23147.0263671875,0.0,0.0,0.0,0.0,0.0,0.0,0.0,0.0,0.0,0.0,0.0,0.0,0.0,0.0,0.0,0.0,0.0,0.0,0.0,0.0,0.0,0.0,0.0,0.0,0.0,0.0,0.0,0.0,0.0,0.0,0.0,0.0,0.0,0.0,0.0,0.0,0.0,0.0,0.0,0.0,0.0,0.0,0.0,0.0,0.0,0.0,0.0,0.0,0.0,0.0,0.0,0.0,0.0,0.0,0.0,0.0,0.0,0.0,0.0,0.0,0.0,0.0,0.0,0.0,0.0,0.0,0.0,0.0,0.0,0.0,0.0,0.0,0.0,0.0,0.0,0.0,0.0,0.0,0.0,0.0,0.0,0.0,0.0,0.0,0.0,0.0,23147.02734375,23147.0263671875,0.0,0.0,0.0,0.0,0.0,0.0,0.0,0.0,FL
275375,FL,1203,0.16950733959674835,3,1.0,183189.5078125,193759.96875,3,0,23615.193359375,0.0,159172.46875,0.0,0.0,0.0,0.0,0.0,-230.0,0.0,230.0,0.0,-418.0,0.0,418.0,0.0,0.0,0.0,0.0,0.0,0.0,0.0,0.0,0.0,-200.0,0.0,200.0,0.0,0.0,0.0,0.0,0.0,0.0,0.0,0.0,0.0,0.0,0.0,0.0,0.0,0.0,0.0,0.0,0.0,0.0,0.0,0.0,0.0,0.0,0.0,0.0,0.0,0.0,0.0,0.0,0.0,0.0,0.0,0.0,0.0,0.0,0.0,0.0,0.0,0.0,0.0,0.0,0.0,-3855.3359375,0.0,3855.328125,0.0,0.0,0.0,0.0,0.0,0.0,0.0,0.0,0.0,0.0,0.0,0.0,0.0,0.0,0.0,0.0,0.0,0.0,0.0,0.0,0.0,18911.857421875,0.0,163875.796875,0.0,-4703.3359375,0.0,4703.328125,0.0,-19.916567550071836,0.0,2.9548628330230713,0.0,FL
275376,FL,1203,130.10769653320312,2,0.0,0.0,0.0,2,0,0.0,0.0,86227.453125,43113.7265625,0.0,0.0,0.0,43113.7265625,0.0,0.0,0.0,0.0,0.0,0.0,0.0,0.0,0.0,0.0,0.0,0.0,0.0,0.0,0.0,0.0,0.0,0.0,0.0,0.0,0.0,0.0,0.0,0.0,0.0,0.0,0.0,0.0,0.0,0.0,0.0,0.0,0.0,0.0,0.0,0.0,0.0,0.0,0.0,0.0,0.0,0.0,0.0,0.0,0.0,0.0,0.0,0.0,0.0,0.0,0.0,0.0,0.0,0.0,0.0,0.0,0.0,0.0,0.0,0.0,0.0,0.0,0.0,0.0,0.0,0.0,0.0,0.0,0.0,0.0,0.0,0.0,0.0,0.0,0.0,0.0,0.0,0.0,0.0,0.0,0.0,0.0,0.0,0.0,0.0,0.0,86227.453125,43113.7265625,0.0,0.0,0.0,0.0,0.0,0.0,0.0,0.0,FL
275377,FL,1203,161.9891357421875,2,0.0,22257.138671875,22257.138671875,2,0,505.7138671875,0.0,69561.3515625,16636.8046875,13231.8837890625,0.0,0.0,29868.6884765625,0.0,0.0,0.0,0.0,-95.0,0.0,95.0,0.0,0.0,0.0,0.0,0.0,0.0,0.0,0.0,0.0,0.0,0.0,0.0,0.0,0.0,0.0,0.0,0.0,0.0,0.0,0.0,0.0,0.0,0.0,0.0,0.0,0.0,0.0,0.0,0.0,0.0,0.0,0.0,0.0,-100.0,0.0,100.0,0.0,0.0,0.0,0.0,0.0,0.0,0.0,0.0,0.0,0.0,0.0,0.0,0.0,0.0,0.0,0.0,0.0,0.0,0.0,0.0,0.0,-310.7138671875,0.0,310.71875,0.0,0.0,0.0,0.0,0.0,0.0,0.0,0.0,0.0,0.0,0.0,0.0,0.0,0.0,0.0,0.0,0.0,0.0,0.0,70067.0703125,29868.6884765625,-505.7138671875,0.0,505.71875,0.0,-100.0,0.0,0.7270111441612244,0.0,FL
275378,FL,1203,69.92574310302734,1,0.0,0.0,4.136351108551025,1,0,0.0,0.0,46662.95703125,23493.4375,0.0,0.0,0.0,23493.4375,0.0,0.0,0.0,0.0,0.0,0.0,0.0,0.0,0.0,0.0,0.0,0.0,0.0,0.0,0.0,0.0,0.0,0.0,0.0,0.0,0.0,0.0,0.0,0.0,0.0,0.0,0.0,0.0,0.0,0.0,0.0,0.0,0.0,0.0,0.0,0.0,0.0,0.0,0.0,0.0,0.0,0.0,0.0,0.0,0.0,0.0,0.0,0.0,0.0,0.0,0.0,0.0,0.0,0.0,0.0,0.0,0.0,0.0,0.0,0.0,0.0,0.0,0.0,0.0,0.0,0.0,0.0,0.0,0.0,0.0,0.0,0.0,0.0,0.0,0.0,0.0,0.0,0.0,0.0,0.0,0.0,0.0,0.0,0.0,0.0,0.0,46662.95703125,23493.4375,0.0,0.0,0.0,0.0,0.0,0.0,0.0,0.0,FL
275379,FL,1203,31.278541564941406,2,0.0,12775.96484375,12999.328125,2,0,0.0,0.0,14890.62109375,0.0,2763.543212890625,0.0,0.0,2763.543212890625,0.0,0.0,0.0,0.0,0.0,0.0,0.0,0.0,0.0,0.0,0.0,0.0,0.0,0.0,0.0,0.0,0.0,0.0,0.0,0.0,0.0,0.0,0.0,0.0,0.0,0.0,0.0,0.0,0.0,0.0,0.0,0.0,0.0,0.0,0.0,0.0,0.0,0.0,0.0,0.0,0.0,0.0,0.0,0.0,0.0,0.0,0.0,0.0,0.0,0.0,0.0,0.0,0.0,0.0,0.0,0.0,0.0,0.0,0.0,0.0,0.0,0.0,0.0,0.0,0.0,0.0,0.0,0.0,0.0,0.0,0.0,0.0,0.0,0.0,0.0,0.0,0.0,0.0,0.0,0.0,0.0,0.0,0.0,0.0,0.0,0.0,14890.62109375,2763.543212890625,0.0,0.0,0.0,0.0,0.0,0.0,0.0,0.0,FL
275380,FL,1203,205.29612731933594,2,0.0,0.0,0.0,2,0,0.0,0.0,55032.5859375,20394.259765625,26463.767578125,0.0,0.0,46858.02734375,0.0,0.0,0.0,0.0,0.0,0.0,0.0,0.0,0.0,0.0,0.0,0.0,0.0,0.0,0.0,0.0,0.0,0.0,0.0,0.0,0.0,0.0,0.0,0.0,0.0,0.0,0.0,0.0,0.0,0.0,0.0,0.0,0.0,0.0,0.0,0.0,0.0,0.0,0.0,0.0,0.0,0.0,0.0,0.0,0.0,0.0,0.0,0.0,0.0,0.0,0.0,0.0,0.0,0.0,0.0,0.0,0.0,0.0,0.0,0.0,0.0,0.0,0.0,0.0,0.0,0.0,0.0,0.0,0.0,0.0,0.0,0.0,0.0,0.0,0.0,0.0,0.0,0.0,0.0,0.0,0.0,0.0,0.0,0.0,0.0,0.0,55032.5859375,46858.02734375,0.0,0.0,0.0,0.0,0.0,0.0,0.0,0.0,FL
275381,FL,1203,64.864501953125,1,0.0,0.0,0.0,1,0,0.0,0.0,58096.0625,29048.03125,0.0,0.0,0.0,29048.03125,0.0,0.0,0.0,0.0,0.0,0.0,0.0,0.0,0.0,0.0,0.0,0.0,0.0,0.0,0.0,0.0,0.0,0.0,0.0,0.0,0.0,0.0,0.0,0.0,0.0,0.0,0.0,0.0,0.0,0.0,0.0,0.0,0.0,0.0,0.0,0.0,0.0,0.0,0.0,0.0,0.0,0.0,0.0,0.0,0.0,0.0,0.0,0.0,0.0,0.0,0.0,0.0,0.0,0.0,0.0,0.0,0.0,0.0,0.0,0.0,0.0,0.0,0.0,0.0,0.0,0.0,0.0,0.0,0.0,0.0,0.0,0.0,0.0,0.0,0.0,0.0,0.0,0.0,0.0,0.0,0.0,0.0,0.0,0.0,0.0,0.0,58096.0625,29048.03125,0.0,0.0,0.0,0.0,0.0,0.0,0.0,0.0,FL
275382,FL,1203,0.12821020185947418,3,1.0,404974.359375,420473.125,3,0,78052.1640625,0.0,378564.375,0.0,0.0,0.0,0.0,0.0,-292.0,0.0,292.0,0.0,-456.0,0.0,456.0,0.0,0.0,0.0,0.0,0.0,0.0,0.0,0.0,0.0,-200.0,0.0,200.0,0.0,0.0,0.0,0.0,0.0,0.0,0.0,0.0,0.0,0.0,0.0,0.0,0.0,0.0,0.0,0.0,0.0,0.0,0.0,0.0,0.0,-159.703125,0.0,159.6875,0.0,0.0,0.0,0.0,0.0,0.0,0.0,0.0,0.0,0.0,0.0,0.0,0.0,0.0,0.0,0.0,0.0,0.0,0.0,0.0,0.0,0.0,0.0,0.0,0.0,0.0,0.0,0.0,0.0,0.0,0.0,0.0,0.0,0.0,0.0,0.0,0.0,0.0,0.0,0.0,0.0,76944.4609375,0.0,379672.0625,0.0,-1107.703125,0.0,1107.6875,0.0,-1.4191831044082397,0.0,0.29260215163230896,0.0,FL
275383,FL,1203,0.27749204635620117,5,3.0,500570.0,838114.3125,5,0,220821.859375,0.0,619634.0625,0.0,0.0,0.0,0.0,0.0,-734.0,0.0,734.0,0.0,-703.0,0.0,703.0,0.0,0.0,0.0,0.0,0.0,0.0,0.0,0.0,0.0,0.0,0.0,0.0,0.0,0.0,0.0,0.0,0.0,-849.796875,0.0,849.8125,0.0,0.0,0.0,0.0,0.0,0.0,0.0,0.0,0.0,0.0,0.0,0.0,0.0,-740.0,0.0,740.0,0.0,0.0,0.0,0.0,0.0,0.0,0.0,0.0,0.0,0.0,0.0,0.0,0.0,0.0,0.0,0.0,0.0,0.0,0.0,0.0,0.0,0.0,0.0,0.0,0.0,0.0,0.0,0.0,0.0,0.0,0.0,0.0,0.0,0.0,0.0,0.0,0.0,0.0,0.0,0.0,0.0,217795.0625,0.0,622660.875,0.0,-3026.796875,0.0,3026.8125,0.0,-1.3706962180134028,0.0,0.48848384618759155,0.0,FL
275384,FL,1203,58.02865982055664,1,0.0,0.0,2351.671630859375,1,0,0.0,0.0,41519.57421875,19892.208984375,0.0,0.0,0.0,19892.208984375,0.0,0.0,0.0,0.0,0.0,0.0,0.0,0.0,0.0,0.0,0.0,0.0,0.0,0.0,0.0,0.0,0.0,0.0,0.0,0.0,0.0,0.0,0.0,0.0,0.0,0.0,0.0,0.0,0.0,0.0,0.0,0.0,0.0,0.0,0.0,0.0,0.0,0.0,0.0,0.0,0.0,0.0,0.0,0.0,0.0,0.0,0.0,0.0,0.0,0.0,0.0,0.0,0.0,0.0,0.0,0.0,0.0,0.0,0.0,0.0,0.0,0.0,0.0,0.0,0.0,0.0,0.0,0.0,0.0,0.0,0.0,0.0,0.0,0.0,0.0,0.0,0.0,0.0,0.0,0.0,0.0,0.0,0.0,0.0,0.0,0.0,41519.57421875,19892.208984375,0.0,0.0,0.0,0.0,0.0,0.0,0.0,0.0,FL
275385,FL,1203,206.9132843017578,1,0.0,0.0,303.608154296875,1,0,0.0,0.0,25208.80859375,10658.48828125,13231.8837890625,0.0,0.0,23890.3720703125,0.0,0.0,0.0,0.0,0.0,0.0,0.0,0.0,0.0,0.0,0.0,0.0,0.0,0.0,0.0,0.0,0.0,0.0,0.0,0.0,0.0,0.0,0.0,0.0,0.0,0.0,0.0,0.0,0.0,0.0,0.0,0.0,0.0,0.0,0.0,0.0,0.0,0.0,0.0,0.0,0.0,0.0,0.0,0.0,0.0,0.0,0.0,0.0,0.0,0.0,0.0,0.0,0.0,0.0,0.0,0.0,0.0,0.0,0.0,0.0,0.0,0.0,0.0,0.0,0.0,0.0,0.0,0.0,0.0,0.0,0.0,0.0,0.0,0.0,0.0,0.0,0.0,0.0,0.0,0.0,0.0,0.0,0.0,0.0,0.0,0.0,25208.80859375,23890.3720703125,0.0,0.0,0.0,0.0,0.0,0.0,0.0,0.0,FL
275386,FL,1203,0.03996177762746811,1,0.0,323751.4375,333796.5625,1,0,81029.171875,0.0,264784.0,0.0,0.0,0.0,0.0,0.0,-362.25,0.0,362.25,0.0,-332.5,0.0,332.5,0.0,0.0,0.0,0.0,0.0,0.0,0.0,0.0,0.0,0.0,0.0,0.0,0.0,0.0,0.0,0.0,0.0,0.0,0.0,0.0,0.0,0.0,0.0,0.0,0.0,0.0,0.0,0.0,0.0,0.0,0.0,0.0,0.0,0.0,0.0,0.0,0.0,0.0,0.0,0.0,0.0,0.0,0.0,0.0,0.0,0.0,0.0,0.0,0.0,0.0,0.0,0.0,0.0,0.0,0.0,0.0,0.0,0.0,0.0,0.0,0.0,0.0,0.0,0.0,0.0,0.0,0.0,0.0,0.0,0.0,0.0,0.0,0.0,0.0,0.0,0.0,0.0,80334.421875,0.0,265478.75,0.0,-694.75,0.0,694.75,0.0,-0.8574072570700327,0.0,0.26238366961479187,0.0,FL
275387,FL,1203,0.04684145748615265,3,1.0,246310.8671875,338387.46875,2,1,60634.49609375,0.0,357691.5,0.0,0.0,0.0,0.0,0.0,-292.0,0.0,292.0,0.0,-456.0,0.0,456.0,0.0,0.0,0.0,0.0,0.0,0.0,0.0,0.0,0.0,-200.0,0.0,200.0,0.0,0.0,0.0,0.0,0.0,-1142.20703125,0.0,1142.21875,0.0,0.0,0.0,0.0,0.0,0.0,0.0,0.0,0.0,0.0,0.0,0.0,0.0,0.0,0.0,0.0,0.0,0.0,0.0,0.0,0.0,0.0,0.0,0.0,0.0,0.0,0.0,0.0,0.0,0.0,0.0,0.0,0.0,0.0,0.0,0.0,0.0,0.0,0.0,0.0,0.0,0.0,0.0,0.0,0.0,0.0,0.0,0.0,0.0,0.0,0.0,0.0,0.0,0.0,0.0,0.0,0.0,58544.2890625,0.0,359781.71875,0.0,-2090.20703125,0.0,2090.21875,0.0,-3.447224213784555,0.0,0.584363579750061,0.0,FL
275388,FL,1203,0.2741246819496155,2,0.0,152112.6484375,201193.765625,2,0,26887.62890625,0.0,248522.34375,0.0,0.0,0.0,0.0,0.0,-230.0,0.0,230.0,0.0,-418.0,0.0,418.0,0.0,0.0,0.0,0.0,0.0,0.0,0.0,0.0,0.0,0.0,0.0,0.0,0.0,0.0,0.0,0.0,0.0,0.0,0.0,0.0,0.0,0.0,0.0,0.0,0.0,0.0,0.0,0.0,0.0,0.0,0.0,0.0,0.0,0.0,0.0,0.0,0.0,0.0,0.0,0.0,0.0,0.0,0.0,0.0,0.0,0.0,0.0,0.0,0.0,0.0,0.0,0.0,0.0,0.0,0.0,0.0,0.0,-644.2421875,0.0,644.25,0.0,0.0,0.0,0.0,0.0,0.0,0.0,0.0,0.0,0.0,0.0,0.0,0.0,0.0,0.0,0.0,0.0,25595.38671875,0.0,249814.59375,0.0,-1292.2421875,0.0,1292.25,0.0,-4.806084582637258,0.0,0.5199733376502991,0.0,FL
275389,FL,1203,225.66354370117188,2,0.0,0.0,0.0,2,0,0.0,0.0,63954.875,26264.705078125,13231.8837890625,0.0,0.0,39496.5888671875,0.0,0.0,0.0,0.0,0.0,0.0,0.0,0.0,0.0,0.0,0.0,0.0,0.0,0.0,0.0,0.0,0.0,0.0,0.0,0.0,0.0,0.0,0.0,0.0,0.0,0.0,0.0,0.0,0.0,0.0,0.0,0.0,0.0,0.0,0.0,0.0,0.0,0.0,0.0,0.0,0.0,0.0,0.0,0.0,0.0,0.0,0.0,0.0,0.0,0.0,0.0,0.0,0.0,0.0,0.0,0.0,0.0,0.0,0.0,0.0,0.0,0.0,0.0,0.0,0.0,0.0,0.0,0.0,0.0,0.0,0.0,0.0,0.0,0.0,0.0,0.0,0.0,0.0,0.0,0.0,0.0,0.0,0.0,0.0,0.0,0.0,63954.875,39496.5888671875,0.0,0.0,0.0,0.0,0.0,0.0,0.0,0.0,FL
275390,FL,1203,0.13477575778961182,2,0.0,76061.21875,75654.51171875,2,0,4956.5413818359375,0.0,70058.9296875,0.0,0.0,2942.706298828125,0.0,2942.706298828125,-10.0,0.0,10.0,0.0,-228.0,0.0,228.0,0.0,0.0,0.0,0.0,0.0,0.0,0.0,0.0,0.0,0.0,0.0,0.0,0.0,0.0,0.0,0.0,0.0,0.0,0.0,0.0,0.0,0.0,0.0,0.0,0.0,0.0,0.0,0.0,0.0,0.0,0.0,0.0,0.0,-120.0,0.0,120.0,0.0,0.0,0.0,0.0,0.0,0.0,0.0,0.0,0.0,0.0,0.0,0.0,0.0,-116.639892578125,0.0,116.640625,0.0,0.0,0.0,0.0,0.0,0.0,0.0,0.0,0.0,0.0,0.0,0.0,0.0,0.0,0.0,0.0,0.0,0.0,0.0,0.0,0.0,0.0,0.0,0.0,0.0,4481.9014892578125,0.0,70533.5703125,2942.706298828125,-474.639892578125,0.0,474.640625,0.0,-9.576030058329001,0.0,0.6774876713752747,0.0,FL
275391,FL,1203,0.21706563234329224,2,0.0,263081.453125,263289.09375,2,0,42074.7119140625,0.0,205238.71875,0.0,0.0,0.0,0.0,0.0,-246.0,0.0,246.0,0.0,-437.0,0.0,437.0,0.0,0.0,0.0,0.0,0.0,0.0,0.0,0.0,0.0,0.0,0.0,0.0,0.0,0.0,0.0,0.0,0.0,0.0,0.0,0.0,0.0,0.0,0.0,0.0,0.0,0.0,0.0,0.0,0.0,0.0,0.0,0.0,0.0,0.0,0.0,0.0,0.0,0.0,0.0,0.0,0.0,0.0,0.0,0.0,0.0,0.0,0.0,0.0,0.0,0.0,0.0,0.0,0.0,0.0,0.0,0.0,0.0,0.0,0.0,0.0,0.0,0.0,0.0,0.0,0.0,0.0,0.0,0.0,0.0,0.0,0.0,0.0,0.0,0.0,0.0,0.0,0.0,41391.7119140625,0.0,205921.71875,0.0,-683.0,0.0,683.0,0.0,-1.6233028556322047,0.0,0.33278322219848633,0.0,FL
275392,FL,1203,1.9175827503204346,1,0.0,0.0,0.0,1,0,0.0,0.0,0.0,0.0,0.0,0.0,0.0,0.0,0.0,0.0,0.0,0.0,0.0,0.0,0.0,0.0,0.0,0.0,0.0,0.0,0.0,0.0,0.0,0.0,0.0,0.0,0.0,0.0,0.0,0.0,0.0,0.0,0.0,0.0,0.0,0.0,0.0,0.0,0.0,0.0,0.0,0.0,0.0,0.0,0.0,0.0,0.0,0.0,0.0,0.0,0.0,0.0,0.0,0.0,0.0,0.0,0.0,0.0,0.0,0.0,0.0,0.0,0.0,0.0,0.0,0.0,0.0,0.0,0.0,0.0,0.0,0.0,0.0,0.0,0.0,0.0,0.0,0.0,0.0,0.0,0.0,0.0,0.0,0.0,0.0,0.0,0.0,0.0,0.0,0.0,0.0,0.0,0.0,0.0,0.0,0.0,0.0,0.0,0.0,0.0,0.0,0.0,0.0,0.0,FL
275393,FL,1203,0.23626013100147247,2,0.0,33185.015625,920955.625,2,0,263570.84375,0.0,803446.375,61373.515625,0.0,0.0,0.0,61373.515625,-734.0,0.0,734.0,0.0,-703.0,0.0,703.0,0.0,0.0,0.0,0.0,0.0,0.0,0.0,0.0,0.0,0.0,0.0,0.0,0.0,0.0,0.0,0.0,0.0,-1850.0,0.0,1850.0,0.0,0.0,0.0,0.0,0.0,0.0,0.0,0.0,0.0,0.0,0.0,0.0,0.0,0.0,0.0,0.0,0.0,0.0,0.0,0.0,0.0,0.0,0.0,0.0,0.0,0.0,0.0,0.0,0.0,0.0,0.0,0.0,0.0,0.0,0.0,0.0,0.0,0.0,0.0,0.0,0.0,0.0,0.0,0.0,0.0,0.0,0.0,0.0,0.0,0.0,0.0,0.0,0.0,0.0,0.0,0.0,0.0,260283.84375,0.0,806733.375,61373.515625,-3287.0,0.0,3287.0,0.0,-1.247103038118191,0.0,0.4091125428676605,0.0,FL
275394,FL,1203,145.84454345703125,3,2.0,0.0,0.0,3,0,0.0,0.0,21020.89453125,2261.924560546875,18758.97021484375,0.0,0.0,21020.894775390625,0.0,0.0,0.0,0.0,0.0,0.0,0.0,0.0,0.0,0.0,0.0,0.0,0.0,0.0,0.0,0.0,0.0,0.0,0.0,0.0,0.0,0.0,0.0,0.0,0.0,0.0,0.0,0.0,0.0,0.0,0.0,0.0,0.0,0.0,0.0,0.0,0.0,0.0,0.0,0.0,0.0,0.0,0.0,0.0,0.0,0.0,0.0,0.0,0.0,0.0,0.0,0.0,0.0,0.0,0.0,0.0,0.0,0.0,0.0,0.0,0.0,0.0,0.0,0.0,0.0,0.0,0.0,0.0,0.0,0.0,0.0,0.0,0.0,0.0,0.0,0.0,0.0,0.0,0.0,0.0,0.0,0.0,0.0,0.0,0.0,0.0,21020.89453125,21020.894775390625,0.0,0.0,0.0,0.0,0.0,0.0,0.0,0.0,FL
275395,FL,1203,0.2942664921283722,4,1.0,264486.92578125,408256.5625,4,0,64804.6474609375,0.0,392037.6875,0.0,0.0,0.0,0.0,0.0,-407.0,0.0,407.0,0.0,-665.0,0.0,665.0,0.0,0.0,0.0,0.0,0.0,0.0,0.0,0.0,0.0,0.0,0.0,0.0,0.0,0.0,0.0,0.0,0.0,0.0,0.0,0.0,0.0,0.0,0.0,0.0,0.0,0.0,0.0,0.0,0.0,0.0,0.0,0.0,0.0,0.0,0.0,0.0,0.0,0.0,0.0,0.0,0.0,0.0,0.0,0.0,0.0,0.0,0.0,0.0,0.0,0.0,0.0,0.0,0.0,0.0,0.0,0.0,0.0,0.0,0.0,0.0,0.0,0.0,0.0,0.0,0.0,0.0,0.0,0.0,0.0,0.0,0.0,0.0,0.0,0.0,0.0,0.0,0.0,63732.6474609375,0.0,393109.6875,0.0,-1072.0,0.0,1072.0,0.0,-1.6542023481358692,0.0,0.2734431028366089,0.0,FL
275396,FL,1203,208.56886291503906,2,0.0,3579.586669921875,3591.99560546875,2,0,0.0,0.0,96736.171875,45592.25,0.0,0.0,0.0,45592.25,0.0,0.0,0.0,0.0,0.0,0.0,0.0,0.0,0.0,0.0,0.0,0.0,0.0,0.0,0.0,0.0,0.0,0.0,0.0,0.0,0.0,0.0,0.0,0.0,0.0,0.0,0.0,0.0,0.0,0.0,0.0,0.0,0.0,0.0,0.0,0.0,0.0,0.0,0.0,0.0,0.0,0.0,0.0,0.0,0.0,0.0,0.0,0.0,0.0,0.0,0.0,0.0,0.0,0.0,0.0,0.0,0.0,0.0,0.0,0.0,0.0,0.0,0.0,0.0,0.0,0.0,0.0,0.0,0.0,0.0,0.0,0.0,0.0,0.0,0.0,0.0,0.0,0.0,0.0,0.0,0.0,0.0,0.0,0.0,0.0,0.0,96736.171875,45592.25,0.0,0.0,0.0,0.0,0.0,0.0,0.0,0.0,FL
275397,FL,1203,6.577166557312012,1,0.0,0.0,523.6620483398438,1,0,0.0,0.0,1100.09130859375,330.0,0.0,0.0,0.0,330.0,0.0,0.0,0.0,0.0,0.0,0.0,0.0,0.0,0.0,0.0,0.0,0.0,0.0,0.0,0.0,0.0,0.0,0.0,0.0,0.0,0.0,0.0,0.0,0.0,0.0,0.0,0.0,0.0,0.0,0.0,0.0,0.0,0.0,0.0,0.0,0.0,0.0,0.0,0.0,0.0,0.0,0.0,0.0,0.0,0.0,0.0,0.0,0.0,0.0,0.0,0.0,0.0,0.0,0.0,0.0,0.0,0.0,0.0,0.0,0.0,0.0,0.0,0.0,0.0,0.0,0.0,0.0,0.0,0.0,0.0,0.0,0.0,0.0,0.0,0.0,0.0,0.0,0.0,0.0,0.0,0.0,0.0,0.0,0.0,0.0,0.0,1100.09130859375,330.0,0.0,0.0,0.0,0.0,0.0,0.0,0.0,0.0,FL
275398,FL,1203,0.28807297348976135,3,0.0,75115.669921875,75119.806640625,2,1,4853.839050292969,0.0,67223.1328125,0.0,0.0,0.0,0.0,0.0,-5.0,0.0,5.0,0.0,-114.0,0.0,114.0,0.0,0.0,0.0,0.0,0.0,0.0,0.0,0.0,0.0,0.0,0.0,0.0,0.0,0.0,0.0,0.0,0.0,0.0,0.0,0.0,0.0,0.0,0.0,0.0,0.0,0.0,0.0,0.0,0.0,0.0,0.0,0.0,0.0,0.0,0.0,0.0,0.0,0.0,0.0,0.0,0.0,0.0,0.0,0.0,0.0,0.0,0.0,0.0,0.0,0.0,0.0,0.0,0.0,0.0,0.0,0.0,0.0,0.0,0.0,0.0,0.0,0.0,0.0,0.0,0.0,0.0,0.0,0.0,0.0,0.0,0.0,0.0,0.0,0.0,0.0,0.0,0.0,4734.839050292969,0.0,67342.1328125,0.0,-119.0,0.0,119.0,0.0,-2.4516676133465403,0.0,0.17702239751815796,0.0,FL
275399,FL,1203,106.7797622680664,3,0.0,40418.505859375,40419.333984375,3,0,10.6884765625,0.0,50878.90234375,330.0,13231.8837890625,0.0,0.0,13561.8837890625,0.0,0.0,0.0,0.0,-10.6884765625,0.0,10.6875,0.0,0.0,0.0,0.0,0.0,0.0,0.0,0.0,0.0,0.0,0.0,0.0,0.0,0.0,0.0,0.0,0.0,0.0,0.0,0.0,0.0,0.0,0.0,0.0,0.0,0.0,0.0,0.0,0.0,0.0,0.0,0.0,0.0,0.0,0.0,0.0,0.0,0.0,0.0,0.0,0.0,0.0,0.0,0.0,0.0,0.0,0.0,0.0,0.0,0.0,0.0,0.0,0.0,0.0,0.0,0.0,0.0,0.0,0.0,0.0,0.0,0.0,0.0,0.0,0.0,0.0,0.0,0.0,0.0,0.0,0.0,0.0,0.0,0.0,0.0,0.0,0.0,0.0,0.0,50889.58984375,13561.8837890625,-10.6884765625,0.0,10.6875,0.0,-100.0,0.0,0.02100575901567936,0.0,FL
275400,FL,1203,67.06436920166016,1,0.0,0.0,0.0,1,0,0.0,0.0,59380.01171875,29690.005859375,0.0,0.0,0.0,29690.005859375,0.0,0.0,0.0,0.0,0.0,0.0,0.0,0.0,0.0,0.0,0.0,0.0,0.0,0.0,0.0,0.0,0.0,0.0,0.0,0.0,0.0,0.0,0.0,0.0,0.0,0.0,0.0,0.0,0.0,0.0,0.0,0.0,0.0,0.0,0.0,0.0,0.0,0.0,0.0,0.0,0.0,0.0,0.0,0.0,0.0,0.0,0.0,0.0,0.0,0.0,0.0,0.0,0.0,0.0,0.0,0.0,0.0,0.0,0.0,0.0,0.0,0.0,0.0,0.0,0.0,0.0,0.0,0.0,0.0,0.0,0.0,0.0,0.0,0.0,0.0,0.0,0.0,0.0,0.0,0.0,0.0,0.0,0.0,0.0,0.0,0.0,59380.01171875,29690.005859375,0.0,0.0,0.0,0.0,0.0,0.0,0.0,0.0,FL
275401,FL,1203,0.28061336278915405,2,0.0,124715.390625,158284.359375,2,0,17810.55859375,0.0,159066.125,0.0,0.0,0.0,0.0,0.0,-230.0,0.0,230.0,0.0,-418.0,0.0,418.0,0.0,0.0,0.0,0.0,0.0,0.0,0.0,0.0,0.0,0.0,0.0,0.0,0.0,0.0,0.0,0.0,0.0,0.0,0.0,0.0,0.0,0.0,0.0,0.0,0.0,0.0,0.0,0.0,0.0,0.0,0.0,0.0,0.0,-440.0,0.0,440.0,0.0,0.0,0.0,0.0,0.0,0.0,0.0,0.0,0.0,0.0,0.0,0.0,0.0,0.0,0.0,0.0,0.0,-2741.0244140625,0.0,2741.015625,0.0,0.0,0.0,0.0,0.0,0.0,0.0,0.0,0.0,0.0,0.0,0.0,0.0,0.0,0.0,0.0,0.0,0.0,0.0,0.0,0.0,13981.5341796875,0.0,162895.140625,0.0,-3829.0244140625,0.0,3829.015625,0.0,-21.498620573338805,0.0,2.4071848392486572,0.0,FL
275402,FL,1203,52.16919708251953,2,0.0,0.0,0.0,2,0,0.0,0.0,77897.5390625,26190.728515625,26463.767578125,0.0,0.0,52654.49609375,0.0,0.0,0.0,0.0,0.0,0.0,0.0,0.0,0.0,0.0,0.0,0.0,0.0,0.0,0.0,0.0,0.0,0.0,0.0,0.0,0.0,0.0,0.0,0.0,0.0,0.0,0.0,0.0,0.0,0.0,0.0,0.0,0.0,0.0,0.0,0.0,0.0,0.0,0.0,0.0,0.0,0.0,0.0,0.0,0.0,0.0,0.0,0.0,0.0,0.0,0.0,0.0,0.0,0.0,0.0,0.0,0.0,0.0,0.0,0.0,0.0,0.0,0.0,0.0,0.0,0.0,0.0,0.0,0.0,0.0,0.0,0.0,0.0,0.0,0.0,0.0,0.0,0.0,0.0,0.0,0.0,0.0,0.0,0.0,0.0,0.0,77897.5390625,52654.49609375,0.0,0.0,0.0,0.0,0.0,0.0,0.0,0.0,FL
275403,FL,1203,102.22262573242188,2,0.0,0.0,0.0,2,0,0.0,0.0,89983.84375,37537.5859375,0.0,14908.67578125,0.0,52446.26171875,0.0,0.0,0.0,0.0,0.0,0.0,0.0,0.0,0.0,0.0,0.0,0.0,0.0,0.0,0.0,0.0,0.0,0.0,0.0,0.0,0.0,0.0,0.0,0.0,0.0,0.0,0.0,0.0,0.0,0.0,0.0,0.0,0.0,0.0,0.0,0.0,0.0,0.0,0.0,0.0,0.0,0.0,0.0,0.0,0.0,0.0,0.0,0.0,0.0,0.0,0.0,0.0,0.0,0.0,0.0,0.0,0.0,0.0,0.0,0.0,0.0,0.0,0.0,0.0,0.0,0.0,0.0,0.0,0.0,0.0,0.0,0.0,0.0,0.0,0.0,0.0,0.0,0.0,0.0,0.0,0.0,0.0,0.0,0.0,0.0,0.0,89983.84375,52446.26171875,0.0,0.0,0.0,0.0,0.0,0.0,0.0,0.0,FL
275404,FL,1203,0.2270077019929886,3,0.0,250325.58984375,309274.546875,3,0,42401.0859375,0.0,309387.28125,37929.96484375,0.0,0.0,0.0,37929.96484375,-361.0,0.0,361.0,0.0,-646.0,0.0,646.0,0.0,0.0,0.0,0.0,0.0,0.0,0.0,0.0,0.0,0.0,0.0,0.0,0.0,0.0,0.0,0.0,0.0,0.0,0.0,0.0,0.0,0.0,0.0,0.0,0.0,0.0,0.0,0.0,0.0,0.0,0.0,0.0,0.0,0.0,0.0,0.0,0.0,0.0,0.0,0.0,0.0,0.0,0.0,0.0,0.0,0.0,0.0,0.0,0.0,0.0,0.0,0.0,0.0,-2555.193359375,0.0,2555.1875,0.0,-961.74609375,0.0,961.75,0.0,0.0,0.0,0.0,0.0,0.0,0.0,0.0,0.0,0.0,0.0,0.0,0.0,0.0,0.0,0.0,0.0,37877.146484375,0.0,313911.21875,37929.96484375,-4523.939453125,0.0,4523.9375,0.0,-10.669395259813326,0.0,1.4622247219085693,0.0,FL
275405,FL,1203,150.27896118164062,3,0.0,50817.53515625,50825.80859375,3,0,16.309667587280273,0.0,73443.6484375,0.0,26463.767578125,0.0,0.0,26463.767578125,0.0,0.0,0.0,0.0,-16.309667587280273,0.0,16.3046875,0.0,0.0,0.0,0.0,0.0,0.0,0.0,0.0,0.0,0.0,0.0,0.0,0.0,0.0,0.0,0.0,0.0,0.0,0.0,0.0,0.0,0.0,0.0,0.0,0.0,0.0,0.0,0.0,0.0,0.0,0.0,0.0,0.0,0.0,0.0,0.0,0.0,0.0,0.0,0.0,0.0,0.0,0.0,0.0,0.0,0.0,0.0,0.0,0.0,0.0,0.0,0.0,0.0,0.0,0.0,0.0,0.0,0.0,0.0,0.0,0.0,0.0,0.0,0.0,0.0,0.0,0.0,0.0,0.0,0.0,0.0,0.0,0.0,0.0,0.0,0.0,0.0,0.0,0.0,73459.953125,26463.767578125,-16.309667587280273,0.0,16.3046875,0.0,-100.0,0.0,0.022200269624590874,0.0,FL
275406,FL,1203,97.5295181274414,3,1.0,29036.283203125,29037.939453125,1,2,0.0,0.0,44480.3125,1460.9622802734375,2763.543212890625,13438.36328125,0.0,17662.868774414062,0.0,0.0,0.0,0.0,0.0,0.0,0.0,0.0,0.0,0.0,0.0,0.0,0.0,0.0,0.0,0.0,0.0,0.0,0.0,0.0,0.0,0.0,0.0,0.0,0.0,0.0,0.0,0.0,0.0,0.0,0.0,0.0,0.0,0.0,0.0,0.0,0.0,0.0,0.0,0.0,0.0,0.0,0.0,0.0,0.0,0.0,0.0,0.0,0.0,0.0,0.0,0.0,0.0,0.0,0.0,0.0,0.0,0.0,0.0,0.0,0.0,0.0,0.0,0.0,0.0,0.0,0.0,0.0,0.0,0.0,0.0,0.0,0.0,0.0,0.0,0.0,0.0,0.0,0.0,0.0,0.0,0.0,0.0,0.0,0.0,0.0,44480.3125,17662.868774414062,0.0,0.0,0.0,0.0,0.0,0.0,0.0,0.0,FL
275407,FL,1203,0.15244564414024353,3,1.0,134194.4453125,108654.3984375,3,0,8416.52734375,0.0,118384.671875,0.0,0.0,0.0,0.0,0.0,-10.0,0.0,10.0,0.0,-228.0,0.0,228.0,0.0,0.0,0.0,0.0,0.0,0.0,0.0,0.0,0.0,0.0,0.0,0.0,0.0,0.0,0.0,0.0,0.0,0.0,0.0,0.0,0.0,0.0,0.0,0.0,0.0,0.0,0.0,0.0,0.0,0.0,0.0,0.0,0.0,0.0,0.0,0.0,0.0,0.0,0.0,0.0,0.0,0.0,0.0,0.0,0.0,0.0,0.0,0.0,0.0,0.0,0.0,0.0,0.0,0.0,0.0,0.0,0.0,0.0,0.0,0.0,0.0,0.0,0.0,0.0,0.0,0.0,0.0,0.0,0.0,0.0,0.0,0.0,0.0,0.0,0.0,0.0,0.0,8178.52734375,0.0,118622.671875,0.0,-238.0,0.0,238.0,0.0,-2.827769580963051,0.0,0.20103955268859863,0.0,FL
275408,FL,1203,11.495840072631836,1,0.0,10235.0908203125,10235.0908203125,1,0,0.0,0.0,9902.3681640625,0.0,0.0,0.0,0.0,0.0,0.0,0.0,0.0,0.0,0.0,0.0,0.0,0.0,0.0,0.0,0.0,0.0,0.0,0.0,0.0,0.0,0.0,0.0,0.0,0.0,0.0,0.0,0.0,0.0,0.0,0.0,0.0,0.0,0.0,0.0,0.0,0.0,0.0,0.0,0.0,0.0,0.0,0.0,0.0,0.0,0.0,0.0,0.0,0.0,0.0,0.0,0.0,0.0,0.0,0.0,0.0,0.0,0.0,0.0,0.0,0.0,0.0,0.0,0.0,0.0,0.0,0.0,0.0,0.0,0.0,0.0,0.0,0.0,0.0,0.0,0.0,0.0,0.0,0.0,0.0,0.0,0.0,0.0,0.0,0.0,0.0,0.0,0.0,0.0,0.0,0.0,9902.3681640625,0.0,0.0,0.0,0.0,0.0,0.0,0.0,0.0,0.0,FL
275409,FL,1203,0.20131444931030273,4,1.0,114190.546875,130829.146484375,4,0,6722.207321166992,0.0,120388.34375,389.11334228515625,0.0,0.0,0.0,389.11334228515625,-12.0,0.0,12.0,0.0,-385.99999618530273,0.0,386.0,0.0,0.0,0.0,0.0,0.0,0.0,0.0,0.0,0.0,-200.0,0.0,200.0,0.0,0.0,0.0,0.0,0.0,0.0,0.0,0.0,0.0,0.0,0.0,0.0,0.0,0.0,0.0,0.0,0.0,0.0,0.0,0.0,0.0,-120.0,0.0,120.0,0.0,0.0,0.0,0.0,0.0,0.0,0.0,0.0,0.0,0.0,0.0,0.0,0.0,0.0,0.0,0.0,0.0,0.0,0.0,0.0,0.0,0.0,0.0,0.0,0.0,0.0,0.0,0.0,0.0,0.0,0.0,0.0,0.0,0.0,0.0,0.0,0.0,0.0,0.0,0.0,0.0,6004.207324981689,0.0,121106.34375,389.11334228515625,-717.9999961853027,0.0,718.0,0.0,-10.681015355245785,0.0,0.5964032411575317,0.0,FL
275410,FL,1203,0.12180104851722717,8,5.0,365430.5234375,367912.3359375,6,2,64629.4296875,0.0,340556.8125,0.0,5527.08642578125,11448.3857421875,6856.16015625,23831.63232421875,-372.25,0.0,372.25,0.0,-560.5,0.0,560.5,0.0,0.0,0.0,0.0,0.0,0.0,0.0,0.0,0.0,-600.0,0.0,600.0,0.0,0.0,0.0,0.0,0.0,0.0,0.0,0.0,0.0,0.0,0.0,0.0,0.0,0.0,0.0,0.0,0.0,0.0,0.0,0.0,0.0,-193.705078125,0.0,193.6875,0.0,0.0,0.0,0.0,0.0,0.0,0.0,0.0,0.0,0.0,0.0,0.0,0.0,0.0,0.0,0.0,0.0,0.0,0.0,0.0,0.0,0.0,0.0,0.0,0.0,0.0,0.0,0.0,0.0,0.0,0.0,0.0,0.0,0.0,0.0,-11448.375,-11448.3857421875,0.0,0.0,0.0,0.0,62902.974609375,0.0,330834.875,12383.24658203125,-1726.455078125,0.0,-9721.9375,-11448.3857421875,-2.6713141156789666,0.0,-2.8547182083129883,-48.038613496706006,FL
275411,FL,1203,0.25434544682502747,3,0.0,171516.345703125,173890.607421875,3,0,16046.1875,0.0,154349.328125,0.0,0.0,0.0,0.0,0.0,-235.0,0.0,235.0,0.0,-532.0,0.0,532.0,0.0,0.0,0.0,0.0,0.0,0.0,0.0,0.0,0.0,0.0,0.0,0.0,0.0,0.0,0.0,0.0,0.0,0.0,0.0,0.0,0.0,0.0,0.0,0.0,0.0,0.0,0.0,0.0,0.0,0.0,0.0,0.0,0.0,-440.0,0.0,440.0,0.0,0.0,0.0,0.0,0.0,0.0,0.0,0.0,0.0,0.0,0.0,0.0,0.0,-1573.4990234375,0.0,1573.5,0.0,-2024.1689453125,0.0,2024.171875,0.0,0.0,0.0,0.0,0.0,0.0,0.0,0.0,0.0,0.0,0.0,0.0,0.0,0.0,0.0,0.0,0.0,0.0,0.0,0.0,0.0,11241.51953125,0.0,159154.0,0.0,-4804.66796875,0.0,4804.671875,0.0,-29.942738539917972,0.0,3.1128556728363037,0.0,FL
275412,FL,1203,0.13655051589012146,4,2.0,127586.01220703125,128489.390625,4,0,7145.583984375,0.0,117927.9296875,0.0,0.0,0.0,0.0,0.0,-10.0,0.0,10.0,0.0,-227.9990234375,0.0,228.0,0.0,0.0,0.0,0.0,0.0,0.0,0.0,0.0,0.0,-400.0,0.0,400.0,0.0,0.0,0.0,0.0,0.0,0.0,0.0,0.0,0.0,0.0,0.0,0.0,0.0,0.0,0.0,0.0,0.0,0.0,0.0,0.0,0.0,0.0,0.0,0.0,0.0,0.0,0.0,0.0,0.0,0.0,0.0,0.0,0.0,0.0,0.0,0.0,0.0,0.0,0.0,0.0,0.0,0.0,0.0,0.0,0.0,0.0,0.0,0.0,0.0,0.0,0.0,0.0,0.0,0.0,0.0,0.0,0.0,0.0,0.0,0.0,0.0,0.0,0.0,0.0,0.0,6507.5849609375,0.0,118565.9296875,0.0,-637.9990234375,0.0,638.0,0.0,-8.928577773805337,0.0,0.5410084128379822,0.0,FL
275413,FL,1203,13.201632499694824,1,0.0,0.0,12.409052848815918,1,0,0.0,0.0,18.248607635498047,0.0,0.0,0.0,0.0,0.0,0.0,0.0,0.0,0.0,0.0,0.0,0.0,0.0,0.0,0.0,0.0,0.0,0.0,0.0,0.0,0.0,0.0,0.0,0.0,0.0,0.0,0.0,0.0,0.0,0.0,0.0,0.0,0.0,0.0,0.0,0.0,0.0,0.0,0.0,0.0,0.0,0.0,0.0,0.0,0.0,0.0,0.0,0.0,0.0,0.0,0.0,0.0,0.0,0.0,0.0,0.0,0.0,0.0,0.0,0.0,0.0,0.0,0.0,0.0,0.0,0.0,0.0,0.0,0.0,0.0,0.0,0.0,0.0,0.0,0.0,0.0,0.0,0.0,0.0,0.0,0.0,0.0,0.0,0.0,0.0,0.0,0.0,0.0,0.0,0.0,0.0,18.248607635498047,0.0,0.0,0.0,0.0,0.0,0.0,0.0,0.0,0.0,FL
275414,FL,1203,158.55751037597656,2,0.0,0.0,166.28131073713303,2,0,0.0,0.0,100226.78125,50007.3359375,0.0,0.0,0.0,50007.3359375,0.0,0.0,0.0,0.0,0.0,0.0,0.0,0.0,0.0,0.0,0.0,0.0,0.0,0.0,0.0,0.0,0.0,0.0,0.0,0.0,0.0,0.0,0.0,0.0,0.0,0.0,0.0,0.0,0.0,0.0,0.0,0.0,0.0,0.0,0.0,0.0,0.0,0.0,0.0,0.0,0.0,0.0,0.0,0.0,0.0,0.0,0.0,0.0,0.0,0.0,0.0,0.0,0.0,0.0,0.0,0.0,0.0,0.0,0.0,0.0,0.0,0.0,0.0,0.0,0.0,0.0,0.0,0.0,0.0,0.0,0.0,0.0,0.0,0.0,0.0,0.0,0.0,0.0,0.0,0.0,0.0,0.0,0.0,0.0,0.0,0.0,100226.78125,50007.3359375,0.0,0.0,0.0,0.0,0.0,0.0,0.0,0.0,FL
275415,FL,1203,0.3660712242126465,5,3.0,454926.765625,464041.25,5,0,89150.359375,0.0,386466.0625,0.0,0.0,0.0,0.0,0.0,-764.0,0.0,764.0,0.0,-615.3203125,0.0,615.34375,0.0,0.0,0.0,0.0,0.0,0.0,0.0,0.0,0.0,-600.0,0.0,600.0,0.0,0.0,0.0,0.0,0.0,-1299.6171875,0.0,1299.59375,0.0,0.0,0.0,0.0,0.0,0.0,0.0,0.0,0.0,0.0,0.0,0.0,0.0,-345.6640625,0.0,345.6875,0.0,0.0,0.0,0.0,0.0,0.0,0.0,0.0,0.0,0.0,0.0,0.0,0.0,0.0,0.0,0.0,0.0,0.0,0.0,0.0,0.0,0.0,0.0,0.0,0.0,0.0,0.0,0.0,0.0,0.0,0.0,0.0,0.0,0.0,0.0,0.0,0.0,0.0,0.0,0.0,0.0,85525.7578125,0.0,390090.6875,0.0,-3624.6015625,0.0,3624.625,0.0,-4.065717275747101,0.0,0.9378896355628967,0.0,FL
275416,FL,1203,147.75367736816406,2,0.0,31359.185546875,31359.185546875,1,1,0.0,0.0,61720.7265625,1587.021484375,13231.8837890625,17941.61328125,0.0,32760.5185546875,0.0,0.0,0.0,0.0,0.0,0.0,0.0,0.0,0.0,0.0,0.0,0.0,0.0,0.0,0.0,0.0,0.0,0.0,0.0,0.0,0.0,0.0,0.0,0.0,0.0,0.0,0.0,0.0,0.0,0.0,0.0,0.0,0.0,0.0,0.0,0.0,0.0,0.0,0.0,0.0,0.0,0.0,0.0,0.0,0.0,0.0,0.0,0.0,0.0,0.0,0.0,0.0,0.0,0.0,0.0,0.0,0.0,0.0,0.0,0.0,0.0,0.0,0.0,0.0,0.0,0.0,0.0,0.0,0.0,0.0,0.0,0.0,0.0,0.0,0.0,0.0,0.0,0.0,0.0,0.0,0.0,0.0,0.0,0.0,0.0,0.0,61720.7265625,32760.5185546875,0.0,0.0,0.0,0.0,0.0,0.0,0.0,0.0,FL
275417,FL,1203,258.43267822265625,3,2.0,0.0,324.2899169921875,3,0,0.0,0.0,65387.24609375,32701.49609375,5527.08642578125,0.0,0.0,38228.58251953125,0.0,0.0,0.0,0.0,0.0,0.0,0.0,0.0,0.0,0.0,0.0,0.0,0.0,0.0,0.0,0.0,0.0,0.0,0.0,0.0,0.0,0.0,0.0,0.0,0.0,0.0,0.0,0.0,0.0,0.0,0.0,0.0,0.0,0.0,0.0,0.0,0.0,0.0,0.0,0.0,0.0,0.0,0.0,0.0,0.0,0.0,0.0,0.0,0.0,0.0,0.0,0.0,0.0,0.0,0.0,0.0,0.0,0.0,0.0,0.0,0.0,0.0,0.0,0.0,0.0,0.0,0.0,0.0,0.0,0.0,0.0,0.0,0.0,0.0,0.0,0.0,0.0,0.0,0.0,0.0,0.0,0.0,0.0,0.0,0.0,0.0,65387.24609375,38228.58251953125,0.0,0.0,0.0,0.0,0.0,0.0,0.0,0.0,FL
275418,FL,1203,0.3413563370704651,3,1.0,249425.625,410389.1875,3,0,76904.7421875,0.0,381907.5625,0.0,0.0,0.0,0.0,0.0,-292.0,0.0,292.0,0.0,-456.0,0.0,456.0,0.0,0.0,0.0,0.0,0.0,0.0,0.0,0.0,0.0,0.0,0.0,0.0,0.0,0.0,0.0,0.0,0.0,0.0,0.0,0.0,0.0,0.0,0.0,0.0,0.0,0.0,0.0,0.0,0.0,0.0,0.0,0.0,0.0,-480.0,0.0,480.0,0.0,0.0,0.0,0.0,0.0,0.0,0.0,0.0,0.0,0.0,0.0,0.0,0.0,0.0,0.0,0.0,0.0,0.0,0.0,0.0,0.0,0.0,0.0,0.0,0.0,0.0,0.0,0.0,0.0,0.0,0.0,0.0,0.0,0.0,0.0,0.0,0.0,0.0,0.0,0.0,0.0,75676.7421875,0.0,383135.5625,0.0,-1228.0,0.0,1228.0,0.0,-1.5967805951498235,0.0,0.32154378294944763,0.0,FL
275419,FL,1203,231.01280212402344,1,0.0,0.0,165.45404052734375,1,0,0.0,0.0,17071.23828125,3596.039794921875,13231.8837890625,0.0,0.0,16827.923583984375,0.0,0.0,0.0,0.0,0.0,0.0,0.0,0.0,0.0,0.0,0.0,0.0,0.0,0.0,0.0,0.0,0.0,0.0,0.0,0.0,0.0,0.0,0.0,0.0,0.0,0.0,0.0,0.0,0.0,0.0,0.0,0.0,0.0,0.0,0.0,0.0,0.0,0.0,0.0,0.0,0.0,0.0,0.0,0.0,0.0,0.0,0.0,0.0,0.0,0.0,0.0,0.0,0.0,0.0,0.0,0.0,0.0,0.0,0.0,0.0,0.0,0.0,0.0,0.0,0.0,0.0,0.0,0.0,0.0,0.0,0.0,0.0,0.0,0.0,0.0,0.0,0.0,0.0,0.0,0.0,0.0,0.0,0.0,0.0,0.0,0.0,17071.23828125,16827.923583984375,0.0,0.0,0.0,0.0,0.0,0.0,0.0,0.0,FL
275420,FL,1203,151.6366729736328,2,0.0,0.0,0.0,2,0,0.0,0.0,43254.234375,22536.625,0.0,0.0,0.0,22536.625,0.0,0.0,0.0,0.0,0.0,0.0,0.0,0.0,0.0,0.0,0.0,0.0,0.0,0.0,0.0,0.0,0.0,0.0,0.0,0.0,0.0,0.0,0.0,0.0,0.0,0.0,0.0,0.0,0.0,0.0,0.0,0.0,0.0,0.0,0.0,0.0,0.0,0.0,0.0,0.0,0.0,0.0,0.0,0.0,0.0,0.0,0.0,0.0,0.0,0.0,0.0,0.0,0.0,0.0,0.0,0.0,0.0,0.0,0.0,0.0,0.0,0.0,0.0,0.0,0.0,0.0,0.0,0.0,0.0,0.0,0.0,0.0,0.0,0.0,0.0,0.0,0.0,0.0,0.0,0.0,0.0,0.0,0.0,0.0,0.0,0.0,43254.234375,22536.625,0.0,0.0,0.0,0.0,0.0,0.0,0.0,0.0,FL
275421,FL,1203,0.294490784406662,4,1.0,361913.6796875,420597.8828125,4,0,68238.96435546875,0.0,346204.65625,0.0,0.0,0.0,0.0,0.0,-297.0,0.0,297.0,0.0,-570.0,0.0,570.0,0.0,0.0,0.0,0.0,0.0,0.0,0.0,0.0,0.0,-200.0,0.0,200.0,0.0,0.0,0.0,0.0,0.0,-905.96484375,0.0,905.96875,0.0,0.0,0.0,0.0,0.0,0.0,0.0,0.0,0.0,0.0,0.0,0.0,0.0,-480.0,0.0,480.0,0.0,0.0,0.0,0.0,0.0,0.0,0.0,0.0,0.0,0.0,0.0,0.0,0.0,0.0,0.0,0.0,0.0,0.0,0.0,0.0,0.0,0.0,0.0,0.0,0.0,0.0,0.0,0.0,0.0,0.0,0.0,0.0,0.0,0.0,0.0,0.0,0.0,0.0,0.0,0.0,0.0,65785.99951171875,0.0,348657.625,0.0,-2452.96484375,0.0,2452.96875,0.0,-3.5946689210757587,0.0,0.708531379699707,0.0,FL
275422,FL,1203,0.4269592761993408,1,0.0,0.0,0.0,1,0,0.0,0.0,69708.296875,34854.1484375,0.0,0.0,0.0,34854.1484375,0.0,0.0,0.0,0.0,0.0,0.0,0.0,0.0,0.0,0.0,0.0,0.0,0.0,0.0,0.0,0.0,0.0,0.0,0.0,0.0,0.0,0.0,0.0,0.0,0.0,0.0,0.0,0.0,0.0,0.0,0.0,0.0,0.0,0.0,0.0,0.0,0.0,0.0,0.0,0.0,0.0,0.0,0.0,0.0,0.0,0.0,0.0,0.0,0.0,0.0,0.0,0.0,0.0,0.0,0.0,0.0,0.0,0.0,0.0,0.0,0.0,0.0,0.0,0.0,0.0,0.0,0.0,0.0,0.0,0.0,0.0,0.0,0.0,0.0,0.0,0.0,0.0,0.0,0.0,0.0,0.0,0.0,0.0,0.0,0.0,0.0,69708.296875,34854.1484375,0.0,0.0,0.0,0.0,0.0,0.0,0.0,0.0,FL
275423,FL,1203,200.9609832763672,2,0.0,0.0,1.2040952444076538,2,0,0.0,0.0,124960.4140625,62780.62890625,0.0,0.0,0.0,62780.62890625,0.0,0.0,0.0,0.0,0.0,0.0,0.0,0.0,0.0,0.0,0.0,0.0,0.0,0.0,0.0,0.0,0.0,0.0,0.0,0.0,0.0,0.0,0.0,0.0,0.0,0.0,0.0,0.0,0.0,0.0,0.0,0.0,0.0,0.0,0.0,0.0,0.0,0.0,0.0,0.0,0.0,0.0,0.0,0.0,0.0,0.0,0.0,0.0,0.0,0.0,0.0,0.0,0.0,0.0,0.0,0.0,0.0,0.0,0.0,0.0,0.0,0.0,0.0,0.0,0.0,0.0,0.0,0.0,0.0,0.0,0.0,0.0,0.0,0.0,0.0,0.0,0.0,0.0,0.0,0.0,0.0,0.0,0.0,0.0,0.0,0.0,124960.4140625,62780.62890625,0.0,0.0,0.0,0.0,0.0,0.0,0.0,0.0,FL
275424,FL,1203,495.54852294921875,3,1.0,0.0,0.0,3,0,0.0,0.0,17471.583984375,11425.8828125,6045.700927734375,0.0,0.0,17471.583740234375,0.0,0.0,0.0,0.0,0.0,0.0,0.0,0.0,0.0,0.0,0.0,0.0,0.0,0.0,0.0,0.0,0.0,0.0,0.0,0.0,0.0,0.0,0.0,0.0,0.0,0.0,0.0,0.0,0.0,0.0,0.0,0.0,0.0,0.0,0.0,0.0,0.0,0.0,0.0,0.0,0.0,0.0,0.0,0.0,0.0,0.0,0.0,0.0,0.0,0.0,0.0,0.0,0.0,0.0,0.0,0.0,0.0,0.0,0.0,0.0,0.0,0.0,0.0,0.0,0.0,0.0,0.0,0.0,0.0,0.0,0.0,0.0,0.0,0.0,0.0,0.0,0.0,0.0,0.0,0.0,0.0,0.0,0.0,0.0,0.0,0.0,17471.583984375,17471.583740234375,0.0,0.0,0.0,0.0,0.0,0.0,0.0,0.0,FL
275425,FL,1203,462.4282531738281,4,2.0,24949.8828125,25151.259841918945,4,0,961.14697265625,0.0,89291.296875,37940.15234375,18758.97021484375,9301.7734375,0.0,66000.89599609375,0.0,0.0,0.0,0.0,-95.0,0.0,95.0,0.0,0.0,0.0,0.0,0.0,0.0,0.0,0.0,0.0,0.0,0.0,0.0,0.0,0.0,0.0,0.0,0.0,0.0,0.0,0.0,0.0,0.0,0.0,0.0,0.0,0.0,0.0,0.0,0.0,0.0,0.0,0.0,0.0,-37.9681396484375,0.0,37.96875,0.0,0.0,0.0,0.0,0.0,0.0,0.0,0.0,0.0,0.0,0.0,0.0,0.0,0.0,0.0,0.0,0.0,0.0,0.0,0.0,0.0,0.0,0.0,0.0,0.0,-51.23321533203125,0.0,51.234375,0.0,0.0,0.0,0.0,0.0,0.0,0.0,0.0,0.0,0.0,0.0,0.0,0.0,776.9456176757812,0.0,89475.5,66000.89599609375,-184.20135498046875,0.0,184.203125,0.0,-19.164743813467492,0.0,0.20629461109638214,0.0,FL
275426,FL,1203,148.98985290527344,2,0.0,0.0,0.0,2,0,0.0,0.0,54854.8359375,19586.248046875,0.0,15682.33984375,0.0,35268.587890625,0.0,0.0,0.0,0.0,0.0,0.0,0.0,0.0,0.0,0.0,0.0,0.0,0.0,0.0,0.0,0.0,0.0,0.0,0.0,0.0,0.0,0.0,0.0,0.0,0.0,0.0,0.0,0.0,0.0,0.0,0.0,0.0,0.0,0.0,0.0,0.0,0.0,0.0,0.0,0.0,0.0,0.0,0.0,0.0,0.0,0.0,0.0,0.0,0.0,0.0,0.0,0.0,0.0,0.0,0.0,0.0,0.0,0.0,0.0,0.0,0.0,0.0,0.0,0.0,0.0,0.0,0.0,0.0,0.0,0.0,0.0,0.0,0.0,0.0,0.0,0.0,0.0,0.0,0.0,0.0,0.0,0.0,0.0,0.0,0.0,0.0,54854.8359375,35268.587890625,0.0,0.0,0.0,0.0,0.0,0.0,0.0,0.0,FL
275427,FL,1203,0.14810140430927277,3,1.0,168405.64697265625,513431.75,3,0,99086.4609375,0.0,421245.875,0.0,0.0,0.0,0.0,0.0,-292.0,0.0,292.0,0.0,-507.984375,0.0,508.0,0.0,0.0,0.0,0.0,0.0,0.0,0.0,0.0,0.0,0.0,0.0,0.0,0.0,0.0,0.0,0.0,0.0,-418.28125,0.0,418.28125,0.0,0.0,0.0,0.0,0.0,0.0,0.0,0.0,0.0,0.0,0.0,0.0,0.0,-480.0,0.0,480.0,0.0,0.0,0.0,0.0,0.0,0.0,0.0,0.0,0.0,0.0,0.0,0.0,0.0,0.0,0.0,0.0,0.0,0.0,0.0,0.0,0.0,0.0,0.0,0.0,0.0,0.0,0.0,0.0,0.0,0.0,0.0,0.0,0.0,0.0,0.0,0.0,0.0,0.0,0.0,0.0,0.0,97388.1953125,0.0,422944.15625,0.0,-1698.265625,0.0,1698.28125,0.0,-1.713922980931978,0.0,0.4031567871570587,0.0,FL
275428,FL,1203,0.194830983877182,3,1.0,79907.85009765625,78093.4375,3,0,5249.21240234375,0.0,96458.2421875,8028.50927734375,2763.543212890625,13701.833984375,0.0,24493.886474609375,-10.0,0.0,10.0,0.0,-228.0,0.0,228.0,0.0,0.0,0.0,0.0,0.0,0.0,0.0,0.0,0.0,0.0,0.0,0.0,0.0,0.0,0.0,0.0,0.0,0.0,0.0,0.0,0.0,0.0,0.0,0.0,0.0,0.0,0.0,0.0,0.0,0.0,0.0,0.0,0.0,0.0,0.0,0.0,0.0,0.0,0.0,0.0,0.0,0.0,0.0,0.0,0.0,0.0,0.0,0.0,0.0,0.0,0.0,0.0,0.0,0.0,0.0,0.0,0.0,0.0,0.0,0.0,0.0,0.0,0.0,0.0,0.0,0.0,0.0,0.0,0.0,0.0,0.0,0.0,0.0,0.0,0.0,0.0,0.0,5011.21240234375,0.0,96696.2421875,24493.886474609375,-238.0,0.0,238.0,0.0,-4.534013519699338,0.0,0.24673889577388763,0.0,FL
275429,FL,1203,0.17713601887226105,2,0.0,100657.162109375,107804.5390625,2,0,8267.1806640625,0.0,96311.125,0.0,0.0,0.0,0.0,0.0,-10.0,0.0,10.0,0.0,-228.0,0.0,228.0,0.0,0.0,0.0,0.0,0.0,0.0,0.0,0.0,0.0,0.0,0.0,0.0,0.0,0.0,0.0,0.0,0.0,-448.6357421875,0.0,448.640625,0.0,0.0,0.0,0.0,0.0,0.0,0.0,0.0,0.0,0.0,0.0,0.0,0.0,0.0,0.0,0.0,0.0,0.0,0.0,0.0,0.0,0.0,0.0,0.0,0.0,0.0,0.0,0.0,0.0,0.0,0.0,0.0,0.0,0.0,0.0,0.0,0.0,-1440.0,0.0,1440.0,0.0,-158.88818359375,0.0,158.890625,0.0,0.0,0.0,0.0,0.0,0.0,0.0,0.0,0.0,0.0,0.0,0.0,0.0,5981.65673828125,0.0,98596.65625,0.0,-2285.52392578125,0.0,2285.53125,0.0,-27.645747911575715,0.0,2.37307071685791,0.0,FL
275430,FL,1203,0.14404773712158203,6,3.9999999999999996,148644.451171875,148574.796875,6,0,7674.455078125001,0.0,131501.140625,0.0,0.0,996.2558593749999,0.0,996.2558593749999,-230.00000000000182,0.0,230.0,0.0,-417.9999999999982,0.0,418.0,0.0,0.0,0.0,0.0,0.0,0.0,0.0,0.0,0.0,-800.0000000000018,0.0,800.0,0.0,0.0,0.0,0.0,0.0,0.0,0.0,0.0,0.0,0.0,0.0,0.0,0.0,0.0,0.0,0.0,0.0,0.0,0.0,0.0,0.0,-344.7177734374991,0.0,344.71875,0.0,0.0,0.0,0.0,0.0,0.0,0.0,0.0,0.0,0.0,0.0,0.0,0.0,0.0,0.0,0.0,0.0,0.0,0.0,0.0,0.0,0.0,0.0,0.0,0.0,0.0,0.0,0.0,0.0,0.0,0.0,0.0,0.0,0.0,0.0,0.0,0.0,0.0,0.0,0.0,0.0,5881.7373046875,0.0,133293.859375,996.2558593749999,-1792.717773437501,0.0,1792.71875,0.0,-23.359544817030738,0.0,1.3632724285125732,0.0,FL
275431,FL,1203,0.19692222774028778,4,0.0,72126.12768554688,72126.95581054688,4,0,2223.384521484375,0.0,71365.375,0.0,0.0,6979.064453125,0.0,6979.064453125,0.0,0.0,0.0,0.0,-285.0,0.0,285.0,0.0,0.0,0.0,0.0,0.0,0.0,0.0,0.0,0.0,0.0,0.0,0.0,0.0,0.0,0.0,0.0,0.0,0.0,0.0,0.0,0.0,0.0,0.0,0.0,0.0,0.0,0.0,0.0,0.0,0.0,0.0,0.0,0.0,0.0,0.0,0.0,0.0,0.0,0.0,0.0,0.0,0.0,0.0,0.0,0.0,0.0,0.0,0.0,0.0,0.0,0.0,0.0,0.0,0.0,0.0,0.0,0.0,-600.0,0.0,600.0,0.0,-1062.7191467285156,0.0,1062.71875,0.0,0.0,0.0,0.0,0.0,0.0,0.0,0.0,0.0,0.0,0.0,0.0,0.0,275.6653747558594,0.0,73313.09375,6979.064453125,-1947.7191467285156,0.0,1947.71875,0.0,-87.60154295884817,0.0,2.7292208671569824,0.0,FL
275432,FL,1203,0.157522052526474,4,1.0,300626.57421875,349862.44921875,4,0,58778.59100341797,0.0,293898.1875,0.0,0.0,0.0,0.0,0.0,-292.0,0.0,292.0,0.0,-551.0,0.0,551.0,0.0,0.0,0.0,0.0,0.0,0.0,0.0,0.0,0.0,0.0,0.0,0.0,0.0,0.0,0.0,0.0,0.0,0.0,0.0,0.0,0.0,0.0,0.0,0.0,0.0,0.0,0.0,0.0,0.0,0.0,0.0,0.0,0.0,-480.0,0.0,480.0,0.0,0.0,0.0,0.0,0.0,0.0,0.0,0.0,0.0,0.0,0.0,0.0,0.0,0.0,0.0,0.0,0.0,0.0,0.0,0.0,0.0,0.0,0.0,0.0,0.0,0.0,0.0,0.0,0.0,0.0,0.0,0.0,0.0,0.0,0.0,0.0,0.0,0.0,0.0,0.0,0.0,57455.59100341797,0.0,295221.1875,0.0,-1323.0,0.0,1323.0,0.0,-2.250819520194126,0.0,0.4501558840274811,0.0,FL
275433,FL,1203,0.21561701595783234,1,0.0,0.0,44215.8203125,1,0,0.0,0.0,54827.2265625,0.0,0.0,13335.169921875,0.0,13335.169921875,0.0,0.0,0.0,0.0,0.0,0.0,0.0,0.0,0.0,0.0,0.0,0.0,0.0,0.0,0.0,0.0,0.0,0.0,0.0,0.0,0.0,0.0,0.0,0.0,0.0,0.0,0.0,0.0,0.0,0.0,0.0,0.0,0.0,0.0,0.0,0.0,0.0,0.0,0.0,0.0,0.0,0.0,0.0,0.0,0.0,0.0,0.0,0.0,0.0,0.0,0.0,0.0,0.0,0.0,0.0,0.0,0.0,0.0,0.0,0.0,0.0,0.0,0.0,0.0,0.0,0.0,0.0,0.0,0.0,0.0,0.0,0.0,0.0,0.0,0.0,0.0,0.0,0.0,0.0,0.0,0.0,0.0,0.0,0.0,0.0,0.0,54827.2265625,13335.169921875,0.0,0.0,0.0,0.0,0.0,0.0,0.0,0.0,FL
275434,FL,1203,0.21010930836200714,2,0.0,127687.91015625,145997.09375,2,0,14408.2861328125,0.0,148381.546875,0.0,0.0,0.0,0.0,0.0,-230.0,0.0,230.0,0.0,-418.0,0.0,418.0,0.0,0.0,0.0,0.0,0.0,0.0,0.0,0.0,0.0,0.0,0.0,0.0,0.0,0.0,0.0,0.0,0.0,-446.1669921875,0.0,446.15625,0.0,0.0,0.0,0.0,0.0,0.0,0.0,0.0,0.0,0.0,0.0,0.0,0.0,-440.0,0.0,440.0,0.0,0.0,0.0,0.0,0.0,0.0,0.0,0.0,0.0,0.0,0.0,0.0,0.0,0.0,0.0,0.0,0.0,0.0,0.0,0.0,0.0,0.0,0.0,0.0,0.0,-808.4912109375,0.0,808.5,0.0,0.0,0.0,0.0,0.0,0.0,0.0,0.0,0.0,0.0,0.0,0.0,0.0,12065.6279296875,0.0,150724.203125,0.0,-2342.658203125,0.0,2342.65625,0.0,-16.259103834632917,0.0,1.5788055658340454,0.0,FL
275435,FL,1203,70.34809875488281,1,0.0,0.0,0.0,0,1,0.0,0.0,35931.7890625,18274.736328125,0.0,0.0,0.0,18274.736328125,0.0,0.0,0.0,0.0,0.0,0.0,0.0,0.0,0.0,0.0,0.0,0.0,0.0,0.0,0.0,0.0,0.0,0.0,0.0,0.0,0.0,0.0,0.0,0.0,0.0,0.0,0.0,0.0,0.0,0.0,0.0,0.0,0.0,0.0,0.0,0.0,0.0,0.0,0.0,0.0,0.0,0.0,0.0,0.0,0.0,0.0,0.0,0.0,0.0,0.0,0.0,0.0,0.0,0.0,0.0,0.0,0.0,0.0,0.0,0.0,0.0,0.0,0.0,0.0,0.0,0.0,0.0,0.0,0.0,0.0,0.0,0.0,0.0,0.0,0.0,0.0,0.0,0.0,0.0,0.0,0.0,0.0,0.0,0.0,0.0,0.0,35931.7890625,18274.736328125,0.0,0.0,0.0,0.0,0.0,0.0,0.0,0.0,FL
275436,FL,1203,92.16497802734375,1,0.0,0.0,0.0,1,0,0.0,0.0,52082.12109375,26289.74609375,0.0,0.0,0.0,26289.74609375,0.0,0.0,0.0,0.0,0.0,0.0,0.0,0.0,0.0,0.0,0.0,0.0,0.0,0.0,0.0,0.0,0.0,0.0,0.0,0.0,0.0,0.0,0.0,0.0,0.0,0.0,0.0,0.0,0.0,0.0,0.0,0.0,0.0,0.0,0.0,0.0,0.0,0.0,0.0,0.0,0.0,0.0,0.0,0.0,0.0,0.0,0.0,0.0,0.0,0.0,0.0,0.0,0.0,0.0,0.0,0.0,0.0,0.0,0.0,0.0,0.0,0.0,0.0,0.0,0.0,0.0,0.0,0.0,0.0,0.0,0.0,0.0,0.0,0.0,0.0,0.0,0.0,0.0,0.0,0.0,0.0,0.0,0.0,0.0,0.0,0.0,52082.12109375,26289.74609375,0.0,0.0,0.0,0.0,0.0,0.0,0.0,0.0,FL
275437,FL,1203,2.571406364440918,2,0.0,0.0,14208.806640625,0,2,0.0,0.0,74628.515625,32752.751953125,0.0,11969.076171875,0.0,44721.828125,0.0,0.0,0.0,0.0,0.0,0.0,0.0,0.0,0.0,0.0,0.0,0.0,0.0,0.0,0.0,0.0,0.0,0.0,0.0,0.0,0.0,0.0,0.0,0.0,0.0,0.0,0.0,0.0,0.0,0.0,0.0,0.0,0.0,0.0,0.0,0.0,0.0,0.0,0.0,0.0,0.0,0.0,0.0,0.0,0.0,0.0,0.0,0.0,0.0,0.0,0.0,0.0,0.0,0.0,0.0,0.0,0.0,0.0,0.0,0.0,0.0,0.0,0.0,0.0,0.0,0.0,0.0,0.0,0.0,0.0,0.0,0.0,0.0,0.0,0.0,0.0,0.0,0.0,0.0,0.0,0.0,0.0,0.0,0.0,0.0,0.0,74628.515625,44721.828125,0.0,0.0,0.0,0.0,0.0,0.0,0.0,0.0,FL
275438,FL,1203,0.12180441617965698,8,5.0,86377.8671875,476650.24999999994,8,0,68724.98437500001,0.0,409771.34375,4013.091796875,3282.15771484375,0.0,0.0,7295.24951171875,-292.00000000001455,0.0,292.0,0.0,-456.0,0.0,456.0,0.0,0.0,0.0,0.0,0.0,0.0,0.0,0.0,0.0,-800.0,0.0,800.0,0.0,0.0,0.0,0.0,0.0,0.0,0.0,0.0,0.0,0.0,0.0,0.0,0.0,0.0,0.0,0.0,0.0,0.0,0.0,0.0,0.0,-480.0,0.0,480.0,0.0,0.0,0.0,0.0,0.0,0.0,0.0,0.0,0.0,0.0,0.0,0.0,0.0,0.0,0.0,0.0,0.0,0.0,0.0,0.0,0.0,0.0,0.0,0.0,0.0,0.0,0.0,0.0,0.0,0.0,0.0,0.0,0.0,0.0,0.0,0.0,0.0,0.0,0.0,0.0,0.0,66696.984375,0.0,411799.34375,7295.24951171875,-2028.0000000000146,0.0,2028.0,0.0,-2.950891904076936,0.0,0.49491018056869507,0.0,FL
275439,FL,1203,358.66156005859375,1,0.0,8130.1591796875,8130.986328125,1,0,0.0,0.0,32738.47265625,11997.169921875,13231.8837890625,0.0,0.0,25229.0537109375,0.0,0.0,0.0,0.0,0.0,0.0,0.0,0.0,0.0,0.0,0.0,0.0,0.0,0.0,0.0,0.0,0.0,0.0,0.0,0.0,0.0,0.0,0.0,0.0,0.0,0.0,0.0,0.0,0.0,0.0,0.0,0.0,0.0,0.0,0.0,0.0,0.0,0.0,0.0,0.0,0.0,0.0,0.0,0.0,0.0,0.0,0.0,0.0,0.0,0.0,0.0,0.0,0.0,0.0,0.0,0.0,0.0,0.0,0.0,0.0,0.0,0.0,0.0,0.0,0.0,0.0,0.0,0.0,0.0,0.0,0.0,0.0,0.0,0.0,0.0,0.0,0.0,0.0,0.0,0.0,0.0,0.0,0.0,0.0,0.0,0.0,32738.47265625,25229.0537109375,0.0,0.0,0.0,0.0,0.0,0.0,0.0,0.0,FL
275440,FL,1203,259.86187744140625,1,0.0,0.0,0.0,1,0,0.0,0.0,27007.3203125,13774.3466796875,13231.8837890625,0.0,0.0,27006.23046875,0.0,0.0,0.0,0.0,0.0,0.0,0.0,0.0,0.0,0.0,0.0,0.0,0.0,0.0,0.0,0.0,0.0,0.0,0.0,0.0,0.0,0.0,0.0,0.0,0.0,0.0,0.0,0.0,0.0,0.0,0.0,0.0,0.0,0.0,0.0,0.0,0.0,0.0,0.0,0.0,0.0,0.0,0.0,0.0,0.0,0.0,0.0,0.0,0.0,0.0,0.0,0.0,0.0,0.0,0.0,0.0,0.0,0.0,0.0,0.0,0.0,0.0,0.0,0.0,0.0,0.0,0.0,0.0,0.0,0.0,0.0,0.0,0.0,0.0,0.0,0.0,0.0,0.0,0.0,0.0,0.0,0.0,0.0,0.0,0.0,0.0,27007.3203125,27006.23046875,0.0,0.0,0.0,0.0,0.0,0.0,0.0,0.0,FL
275441,FL,1203,0.13272343575954437,3,1.0,131661.8671875,134988.265625,3,0,10684.875,0.0,136276.71875,0.0,0.0,0.0,0.0,0.0,-230.0,0.0,230.0,0.0,-418.0,0.0,418.0,0.0,0.0,0.0,0.0,0.0,0.0,0.0,0.0,0.0,-200.0,0.0,200.0,0.0,0.0,0.0,0.0,0.0,0.0,0.0,0.0,0.0,0.0,0.0,0.0,0.0,0.0,0.0,0.0,0.0,0.0,0.0,0.0,0.0,-438.05078125,0.0,438.0625,0.0,0.0,0.0,0.0,0.0,0.0,0.0,0.0,0.0,0.0,0.0,0.0,0.0,0.0,0.0,0.0,0.0,0.0,0.0,0.0,0.0,0.0,0.0,0.0,0.0,-127.1103515625,0.0,127.109375,0.0,0.0,0.0,0.0,0.0,0.0,0.0,0.0,0.0,0.0,0.0,0.0,0.0,9271.7138671875,0.0,137689.890625,0.0,-1413.1611328125,0.0,1413.171875,0.0,-13.225808751272242,0.0,1.0369869470596313,0.0,FL
275442,FL,1203,362.4219055175781,1,0.0,0.0,16.5454044342041,1,0,0.0,0.0,17184.435546875,3927.129638671875,13231.8837890625,0.0,0.0,17159.013427734375,0.0,0.0,0.0,0.0,0.0,0.0,0.0,0.0,0.0,0.0,0.0,0.0,0.0,0.0,0.0,0.0,0.0,0.0,0.0,0.0,0.0,0.0,0.0,0.0,0.0,0.0,0.0,0.0,0.0,0.0,0.0,0.0,0.0,0.0,0.0,0.0,0.0,0.0,0.0,0.0,0.0,0.0,0.0,0.0,0.0,0.0,0.0,0.0,0.0,0.0,0.0,0.0,0.0,0.0,0.0,0.0,0.0,0.0,0.0,0.0,0.0,0.0,0.0,0.0,0.0,0.0,0.0,0.0,0.0,0.0,0.0,0.0,0.0,0.0,0.0,0.0,0.0,0.0,0.0,0.0,0.0,0.0,0.0,0.0,0.0,0.0,17184.435546875,17159.013427734375,0.0,0.0,0.0,0.0,0.0,0.0,0.0,0.0,FL
275443,FL,1203,0.2581339180469513,2,0.0,0.0,61080.09375,2,0,2198.407470703125,0.0,96601.7890625,29428.421875,0.0,0.0,0.0,29428.421875,0.0,0.0,0.0,0.0,-152.0,0.0,152.0,0.0,0.0,0.0,0.0,0.0,0.0,0.0,0.0,0.0,0.0,0.0,0.0,0.0,0.0,0.0,0.0,0.0,0.0,0.0,0.0,0.0,0.0,0.0,0.0,0.0,0.0,0.0,0.0,0.0,0.0,0.0,0.0,0.0,0.0,0.0,0.0,0.0,0.0,0.0,0.0,0.0,0.0,0.0,0.0,0.0,0.0,0.0,0.0,0.0,0.0,0.0,0.0,0.0,0.0,0.0,0.0,0.0,-1188.3980712890625,0.0,1188.3984375,0.0,0.0,0.0,0.0,0.0,0.0,0.0,0.0,0.0,0.0,0.0,0.0,0.0,0.0,0.0,0.0,0.0,858.0093994140625,0.0,97942.1875,29428.421875,-1340.3980712890625,0.0,1340.3984375,0.0,-60.97132079251705,0.0,1.3875503540039062,0.0,FL
275444,FL,1203,0.3468377888202667,4,2.0,169796.734375,218999.140625,4,0,26674.10546875,0.0,223731.0,0.0,0.0,0.0,0.0,0.0,-230.0,0.0,230.0,0.0,-418.0,0.0,418.0,0.0,0.0,0.0,0.0,0.0,0.0,0.0,0.0,0.0,-400.0,0.0,400.0,0.0,0.0,0.0,0.0,0.0,-642.490234375,0.0,642.5,0.0,0.0,0.0,0.0,0.0,0.0,0.0,0.0,0.0,0.0,0.0,0.0,0.0,0.0,0.0,0.0,0.0,0.0,0.0,0.0,0.0,0.0,0.0,0.0,0.0,0.0,0.0,0.0,0.0,0.0,0.0,0.0,0.0,0.0,0.0,0.0,0.0,0.0,0.0,0.0,0.0,0.0,0.0,0.0,0.0,0.0,0.0,0.0,0.0,0.0,0.0,0.0,0.0,0.0,0.0,0.0,0.0,24983.615234375,0.0,225421.5,0.0,-1690.490234375,0.0,1690.5,0.0,-6.337570481437478,0.0,0.7555949091911316,0.0,FL
275445,FL,1203,0.2108127474784851,6,3.0,467407.048828125,464011.14453125,6,0,85083.38008117676,0.0,402954.5,0.0,0.0,6520.47265625,0.0,6520.47265625,-764.0,0.0,764.0,0.0,-703.0,0.0,703.0,0.0,0.0,0.0,0.0,0.0,0.0,0.0,0.0,0.0,-400.0,0.0,400.0,0.0,0.0,0.0,0.0,0.0,0.0,0.0,0.0,0.0,0.0,0.0,0.0,0.0,0.0,0.0,0.0,0.0,0.0,0.0,0.0,0.0,-640.0,0.0,640.0,0.0,0.0,0.0,0.0,0.0,0.0,0.0,0.0,0.0,0.0,0.0,0.0,0.0,0.0,0.0,0.0,0.0,0.0,0.0,0.0,0.0,0.0,0.0,0.0,0.0,-27.382034301757812,0.0,27.375,0.0,0.0,0.0,0.0,0.0,0.0,0.0,0.0,0.0,0.0,0.0,0.0,0.0,82548.998046875,0.0,405488.875,6520.47265625,-2534.382034301758,0.0,2534.375,0.0,-2.978703986470381,0.0,0.6289481520652771,0.0,FL
275446,FL,1203,0.2927273213863373,1,0.0,0.0,58623.83984375,1,0,3507.405029296875,0.0,71160.1328125,0.0,0.0,15654.39453125,0.0,15654.39453125,-5.0,0.0,5.0,0.0,0.0,0.0,0.0,0.0,0.0,0.0,0.0,0.0,0.0,0.0,0.0,0.0,0.0,0.0,0.0,0.0,0.0,0.0,0.0,0.0,0.0,0.0,0.0,0.0,0.0,0.0,0.0,0.0,0.0,0.0,0.0,0.0,0.0,0.0,0.0,0.0,0.0,0.0,0.0,0.0,0.0,0.0,0.0,0.0,0.0,0.0,0.0,0.0,0.0,0.0,0.0,0.0,0.0,0.0,0.0,0.0,0.0,0.0,0.0,0.0,0.0,0.0,0.0,0.0,-68.795166015625,0.0,68.796875,0.0,0.0,0.0,0.0,0.0,0.0,0.0,0.0,0.0,0.0,0.0,0.0,0.0,3433.60986328125,0.0,71233.9296875,15654.39453125,-73.795166015625,0.0,73.796875,0.0,-2.10398187261591,0.0,0.10370536148548126,0.0,FL
275447,FL,1203,0.2955508232116699,3,1.0,60611.146484375,60626.0390625,3,0,1153.124755859375,0.0,56950.390625,0.0,0.0,0.0,0.0,0.0,-10.0,0.0,10.0,0.0,-228.0,0.0,228.0,0.0,0.0,0.0,0.0,0.0,0.0,0.0,0.0,0.0,-200.0,0.0,200.0,0.0,0.0,0.0,0.0,0.0,0.0,0.0,0.0,0.0,0.0,0.0,0.0,0.0,0.0,0.0,0.0,0.0,0.0,0.0,0.0,0.0,0.0,0.0,0.0,0.0,0.0,0.0,0.0,0.0,0.0,0.0,0.0,0.0,0.0,0.0,0.0,0.0,0.0,0.0,0.0,0.0,-431.831298828125,0.0,431.83203125,0.0,0.0,0.0,0.0,0.0,-275.8466796875,0.0,275.84765625,0.0,0.0,0.0,0.0,0.0,0.0,0.0,0.0,0.0,0.0,0.0,0.0,0.0,7.44677734375,0.0,58096.0703125,0.0,-1145.677978515625,0.0,1145.6796875,0.0,-99.35420887411264,0.0,2.0117151737213135,0.0,FL
275448,FL,1203,54.94525146484375,1,0.0,0.0,0.0,1,0,0.0,0.0,39855.578125,20236.630859375,0.0,0.0,0.0,20236.630859375,0.0,0.0,0.0,0.0,0.0,0.0,0.0,0.0,0.0,0.0,0.0,0.0,0.0,0.0,0.0,0.0,0.0,0.0,0.0,0.0,0.0,0.0,0.0,0.0,0.0,0.0,0.0,0.0,0.0,0.0,0.0,0.0,0.0,0.0,0.0,0.0,0.0,0.0,0.0,0.0,0.0,0.0,0.0,0.0,0.0,0.0,0.0,0.0,0.0,0.0,0.0,0.0,0.0,0.0,0.0,0.0,0.0,0.0,0.0,0.0,0.0,0.0,0.0,0.0,0.0,0.0,0.0,0.0,0.0,0.0,0.0,0.0,0.0,0.0,0.0,0.0,0.0,0.0,0.0,0.0,0.0,0.0,0.0,0.0,0.0,0.0,39855.578125,20236.630859375,0.0,0.0,0.0,0.0,0.0,0.0,0.0,0.0,FL
275449,FL,1203,0.19540885090827942,5,3.0,115527.0888671875,99847.5,5,0,2830.3154296875,0.0,107798.7421875,0.0,0.0,0.0,0.0,0.0,-10.0,0.0,10.0,0.0,0.0,0.0,0.0,0.0,0.0,0.0,0.0,0.0,0.0,0.0,0.0,0.0,-400.0,0.0,400.0,0.0,0.0,0.0,0.0,0.0,0.0,0.0,0.0,0.0,0.0,0.0,0.0,0.0,0.0,0.0,0.0,0.0,0.0,0.0,0.0,0.0,0.0,0.0,0.0,0.0,0.0,0.0,0.0,0.0,0.0,0.0,0.0,0.0,0.0,0.0,0.0,0.0,0.0,0.0,0.0,0.0,0.0,0.0,0.0,0.0,0.0,0.0,0.0,0.0,0.0,0.0,0.0,0.0,0.0,0.0,0.0,0.0,0.0,0.0,0.0,0.0,0.0,0.0,0.0,0.0,2420.3154296875,0.0,108208.7421875,0.0,-410.0,0.0,410.0,0.0,-14.486017908091211,0.0,0.3803383708000183,0.0,FL
275450,FL,1203,102.80671691894531,1,0.0,0.0,2.4818105697631836,1,0,0.0,0.0,32845.90625,17147.09765625,0.0,0.0,0.0,17147.09765625,0.0,0.0,0.0,0.0,0.0,0.0,0.0,0.0,0.0,0.0,0.0,0.0,0.0,0.0,0.0,0.0,0.0,0.0,0.0,0.0,0.0,0.0,0.0,0.0,0.0,0.0,0.0,0.0,0.0,0.0,0.0,0.0,0.0,0.0,0.0,0.0,0.0,0.0,0.0,0.0,0.0,0.0,0.0,0.0,0.0,0.0,0.0,0.0,0.0,0.0,0.0,0.0,0.0,0.0,0.0,0.0,0.0,0.0,0.0,0.0,0.0,0.0,0.0,0.0,0.0,0.0,0.0,0.0,0.0,0.0,0.0,0.0,0.0,0.0,0.0,0.0,0.0,0.0,0.0,0.0,0.0,0.0,0.0,0.0,0.0,0.0,32845.90625,17147.09765625,0.0,0.0,0.0,0.0,0.0,0.0,0.0,0.0,FL
275451,FL,1203,99.8615493774414,1,0.0,0.0,0.0,1,0,0.0,0.0,43182.0078125,16965.65234375,13231.8837890625,0.0,0.0,30197.5361328125,0.0,0.0,0.0,0.0,0.0,0.0,0.0,0.0,0.0,0.0,0.0,0.0,0.0,0.0,0.0,0.0,0.0,0.0,0.0,0.0,0.0,0.0,0.0,0.0,0.0,0.0,0.0,0.0,0.0,0.0,0.0,0.0,0.0,0.0,0.0,0.0,0.0,0.0,0.0,0.0,0.0,0.0,0.0,0.0,0.0,0.0,0.0,0.0,0.0,0.0,0.0,0.0,0.0,0.0,0.0,0.0,0.0,0.0,0.0,0.0,0.0,0.0,0.0,0.0,0.0,0.0,0.0,0.0,0.0,0.0,0.0,0.0,0.0,0.0,0.0,0.0,0.0,0.0,0.0,0.0,0.0,0.0,0.0,0.0,0.0,0.0,43182.0078125,30197.5361328125,0.0,0.0,0.0,0.0,0.0,0.0,0.0,0.0,FL
275452,FL,1203,0.11512870341539383,4,3.0,6968.7080078125,6968.7080078125,4,0,-3806.224609375,0.0,73080.6953125,51266.08203125,11572.787353515625,0.0,0.0,62838.869384765625,0.0,0.0,0.0,0.0,0.0,0.0,0.0,0.0,0.0,0.0,0.0,0.0,0.0,0.0,0.0,0.0,0.0,0.0,0.0,0.0,0.0,0.0,0.0,0.0,0.0,0.0,0.0,0.0,0.0,0.0,0.0,0.0,0.0,0.0,0.0,0.0,0.0,0.0,0.0,0.0,0.0,0.0,0.0,0.0,0.0,0.0,0.0,0.0,0.0,0.0,0.0,0.0,0.0,0.0,0.0,0.0,0.0,0.0,0.0,0.0,0.0,0.0,0.0,0.0,0.0,0.0,0.0,0.0,0.0,0.0,0.0,0.0,0.0,0.0,0.0,0.0,0.0,0.0,0.0,0.0,0.0,0.0,0.0,0.0,-3806.224609375,0.0,73080.6953125,62838.869384765625,0.0,0.0,0.0,0.0,0.0,0.0,0.0,0.0,FL
275453,FL,1203,325.4007873535156,1,0.0,0.0,0.0,1,0,0.0,0.0,19209.193359375,4951.6748046875,13231.8837890625,0.0,0.0,18183.55859375,0.0,0.0,0.0,0.0,0.0,0.0,0.0,0.0,0.0,0.0,0.0,0.0,0.0,0.0,0.0,0.0,0.0,0.0,0.0,0.0,0.0,0.0,0.0,0.0,0.0,0.0,0.0,0.0,0.0,0.0,0.0,0.0,0.0,0.0,0.0,0.0,0.0,0.0,0.0,0.0,0.0,0.0,0.0,0.0,0.0,0.0,0.0,0.0,0.0,0.0,0.0,0.0,0.0,0.0,0.0,0.0,0.0,0.0,0.0,0.0,0.0,0.0,0.0,0.0,0.0,0.0,0.0,0.0,0.0,0.0,0.0,0.0,0.0,0.0,0.0,0.0,0.0,0.0,0.0,0.0,0.0,0.0,0.0,0.0,0.0,0.0,19209.193359375,18183.55859375,0.0,0.0,0.0,0.0,0.0,0.0,0.0,0.0,FL
275454,FL,1203,0.1255376636981964,3,1.0,225795.578125,247559.421875,3,0,37130.26171875,0.0,218709.03125,8765.2900390625,13231.8837890625,0.0,0.0,21997.173828125,-292.0,0.0,292.0,0.0,-456.0,0.0,456.0,0.0,0.0,0.0,0.0,0.0,0.0,0.0,0.0,0.0,0.0,0.0,0.0,0.0,0.0,0.0,0.0,0.0,0.0,0.0,0.0,0.0,0.0,0.0,0.0,0.0,0.0,0.0,0.0,0.0,0.0,0.0,0.0,0.0,-46.87890625,0.0,46.875,0.0,0.0,0.0,0.0,0.0,0.0,0.0,0.0,0.0,0.0,0.0,0.0,0.0,0.0,0.0,0.0,0.0,0.0,0.0,0.0,0.0,0.0,0.0,0.0,0.0,0.0,0.0,0.0,0.0,0.0,0.0,0.0,0.0,0.0,0.0,0.0,0.0,0.0,0.0,0.0,0.0,36335.3828125,0.0,219503.90625,21997.173828125,-794.87890625,0.0,794.875,0.0,-2.140784550001173,0.0,0.3634394705295563,0.0,FL
275455,FL,1203,192.69334411621094,2,0.0,0.0,0.0,2,0,0.0,0.0,41046.6015625,20830.373046875,13231.8837890625,0.0,0.0,34062.2568359375,0.0,0.0,0.0,0.0,0.0,0.0,0.0,0.0,0.0,0.0,0.0,0.0,0.0,0.0,0.0,0.0,0.0,0.0,0.0,0.0,0.0,0.0,0.0,0.0,0.0,0.0,0.0,0.0,0.0,0.0,0.0,0.0,0.0,0.0,0.0,0.0,0.0,0.0,0.0,0.0,0.0,0.0,0.0,0.0,0.0,0.0,0.0,0.0,0.0,0.0,0.0,0.0,0.0,0.0,0.0,0.0,0.0,0.0,0.0,0.0,0.0,0.0,0.0,0.0,0.0,0.0,0.0,0.0,0.0,0.0,0.0,0.0,0.0,0.0,0.0,0.0,0.0,0.0,0.0,0.0,0.0,0.0,0.0,0.0,0.0,0.0,41046.6015625,34062.2568359375,0.0,0.0,0.0,0.0,0.0,0.0,0.0,0.0,FL
275456,FL,1203,247.8709259033203,1,0.0,0.0,0.0,1,0,0.0,0.0,29334.96484375,9598.310546875,13231.8837890625,0.0,0.0,22830.1943359375,0.0,0.0,0.0,0.0,0.0,0.0,0.0,0.0,0.0,0.0,0.0,0.0,0.0,0.0,0.0,0.0,0.0,0.0,0.0,0.0,0.0,0.0,0.0,0.0,0.0,0.0,0.0,0.0,0.0,0.0,0.0,0.0,0.0,0.0,0.0,0.0,0.0,0.0,0.0,0.0,0.0,0.0,0.0,0.0,0.0,0.0,0.0,0.0,0.0,0.0,0.0,0.0,0.0,0.0,0.0,0.0,0.0,0.0,0.0,0.0,0.0,0.0,0.0,0.0,0.0,0.0,0.0,0.0,0.0,0.0,0.0,0.0,0.0,0.0,-2763.5390625,-2763.53955078125,0.0,0.0,0.0,0.0,0.0,0.0,0.0,0.0,0.0,0.0,26571.42578125,20066.65478515625,0.0,0.0,-2763.5390625,-2763.53955078125,0.0,0.0,-9.420631408691406,-12.104757016593165,FL
275457,FL,1203,62.37910079956055,1,0.0,0.0,2481.810546875,1,0,0.0,0.0,32754.17578125,14717.2275390625,0.0,0.0,0.0,14717.2275390625,0.0,0.0,0.0,0.0,0.0,0.0,0.0,0.0,0.0,0.0,0.0,0.0,0.0,0.0,0.0,0.0,0.0,0.0,0.0,0.0,0.0,0.0,0.0,0.0,0.0,0.0,0.0,0.0,0.0,0.0,0.0,0.0,0.0,0.0,0.0,0.0,0.0,0.0,0.0,0.0,0.0,0.0,0.0,0.0,0.0,0.0,0.0,0.0,0.0,0.0,0.0,0.0,0.0,0.0,0.0,0.0,0.0,0.0,0.0,0.0,0.0,0.0,0.0,0.0,0.0,0.0,0.0,0.0,0.0,0.0,0.0,0.0,0.0,0.0,0.0,0.0,0.0,0.0,0.0,0.0,0.0,0.0,0.0,0.0,0.0,0.0,32754.17578125,14717.2275390625,0.0,0.0,0.0,0.0,0.0,0.0,0.0,0.0,FL
275458,FL,1203,0.12006954848766327,2,0.0,58356.67578125,58367.4296875,2,0,4943.091796875,0.0,54488.265625,0.0,0.0,0.0,0.0,0.0,-5.0,0.0,5.0,0.0,-114.0,0.0,114.0,0.0,0.0,0.0,0.0,0.0,0.0,0.0,0.0,0.0,0.0,0.0,0.0,0.0,0.0,0.0,0.0,0.0,0.0,0.0,0.0,0.0,0.0,0.0,0.0,0.0,0.0,0.0,0.0,0.0,0.0,0.0,0.0,0.0,0.0,0.0,0.0,0.0,0.0,0.0,0.0,0.0,0.0,0.0,0.0,0.0,0.0,0.0,0.0,0.0,0.0,0.0,0.0,0.0,0.0,0.0,0.0,0.0,0.0,0.0,0.0,0.0,0.0,0.0,0.0,0.0,0.0,0.0,0.0,0.0,0.0,0.0,0.0,0.0,0.0,0.0,0.0,0.0,4824.091796875,0.0,54607.265625,0.0,-119.0,0.0,119.0,0.0,-2.4074001635015407,0.0,0.2183956503868103,0.0,FL
275459,FL,1203,50.586788177490234,1,0.0,0.0,0.0,1,0,0.0,0.0,41791.3125,21204.498046875,0.0,0.0,0.0,21204.498046875,0.0,0.0,0.0,0.0,0.0,0.0,0.0,0.0,0.0,0.0,0.0,0.0,0.0,0.0,0.0,0.0,0.0,0.0,0.0,0.0,0.0,0.0,0.0,0.0,0.0,0.0,0.0,0.0,0.0,0.0,0.0,0.0,0.0,0.0,0.0,0.0,0.0,0.0,0.0,0.0,0.0,0.0,0.0,0.0,0.0,0.0,0.0,0.0,0.0,0.0,0.0,0.0,0.0,0.0,0.0,0.0,0.0,0.0,0.0,0.0,0.0,0.0,0.0,0.0,0.0,0.0,0.0,0.0,0.0,0.0,0.0,0.0,0.0,0.0,0.0,0.0,0.0,0.0,0.0,0.0,0.0,0.0,0.0,0.0,0.0,0.0,41791.3125,21204.498046875,0.0,0.0,0.0,0.0,0.0,0.0,0.0,0.0,FL
275460,FL,1203,0.5463880896568298,1,0.0,0.0,0.0,1,0,0.0,0.0,60428.98828125,26158.595703125,0.0,8111.7958984375,0.0,34270.3916015625,0.0,0.0,0.0,0.0,0.0,0.0,0.0,0.0,0.0,0.0,0.0,0.0,0.0,0.0,0.0,0.0,0.0,0.0,0.0,0.0,0.0,0.0,0.0,0.0,0.0,0.0,0.0,0.0,0.0,0.0,0.0,0.0,0.0,0.0,0.0,0.0,0.0,0.0,0.0,0.0,0.0,0.0,0.0,0.0,0.0,0.0,0.0,0.0,0.0,0.0,0.0,0.0,0.0,0.0,0.0,0.0,0.0,0.0,0.0,0.0,0.0,0.0,0.0,0.0,0.0,0.0,0.0,0.0,0.0,0.0,0.0,0.0,0.0,0.0,0.0,0.0,0.0,0.0,0.0,0.0,0.0,0.0,0.0,0.0,0.0,0.0,60428.98828125,34270.3916015625,0.0,0.0,0.0,0.0,0.0,0.0,0.0,0.0,FL
275461,FL,1203,379.1993103027344,1,0.0,0.0,0.0,1,0,0.0,0.0,27749.44140625,14517.556640625,13231.8837890625,0.0,0.0,27749.4404296875,0.0,0.0,0.0,0.0,0.0,0.0,0.0,0.0,0.0,0.0,0.0,0.0,0.0,0.0,0.0,0.0,0.0,0.0,0.0,0.0,0.0,0.0,0.0,0.0,0.0,0.0,0.0,0.0,0.0,0.0,0.0,0.0,0.0,0.0,0.0,0.0,0.0,0.0,0.0,0.0,0.0,0.0,0.0,0.0,0.0,0.0,0.0,0.0,0.0,0.0,0.0,0.0,0.0,0.0,0.0,0.0,0.0,0.0,0.0,0.0,0.0,0.0,0.0,0.0,0.0,0.0,0.0,0.0,0.0,0.0,0.0,0.0,0.0,0.0,0.0,0.0,0.0,0.0,0.0,0.0,0.0,0.0,-13231.884765625,-13231.8837890625,0.0,0.0,14517.556640625,14517.556640625,0.0,0.0,-13231.884765625,-13231.8837890625,0.0,0.0,-47.68342590332031,-47.68342562650915,FL
275462,FL,1203,43.3272819519043,2,0.0,31359.185546875,31360.83984375,2,0,106.083984375,0.0,31141.943359375,0.0,0.0,0.0,2285.38671875,2285.38671875,0.0,0.0,0.0,0.0,-106.083984375,0.0,106.083984375,0.0,0.0,0.0,0.0,0.0,0.0,0.0,0.0,0.0,0.0,0.0,0.0,0.0,0.0,0.0,0.0,0.0,0.0,0.0,0.0,0.0,0.0,0.0,0.0,0.0,0.0,0.0,0.0,0.0,0.0,0.0,0.0,0.0,0.0,0.0,0.0,0.0,0.0,0.0,0.0,0.0,0.0,0.0,0.0,0.0,0.0,0.0,0.0,0.0,0.0,0.0,0.0,0.0,0.0,0.0,0.0,0.0,0.0,0.0,0.0,0.0,0.0,0.0,0.0,0.0,0.0,0.0,0.0,0.0,0.0,0.0,0.0,0.0,0.0,0.0,0.0,0.0,0.0,0.0,31248.02734375,2285.38671875,-106.083984375,0.0,106.083984375,0.0,-100.0,0.0,0.3406466543674469,0.0,FL
275463,FL,1203,90.69291687011719,1,0.0,0.0,0.0,1,0,0.0,0.0,45025.76171875,18714.58203125,13231.8837890625,0.0,0.0,31946.4658203125,0.0,0.0,0.0,0.0,0.0,0.0,0.0,0.0,0.0,0.0,0.0,0.0,0.0,0.0,0.0,0.0,0.0,0.0,0.0,0.0,0.0,0.0,0.0,0.0,0.0,0.0,0.0,0.0,0.0,0.0,0.0,0.0,0.0,0.0,0.0,0.0,0.0,0.0,0.0,0.0,0.0,0.0,0.0,0.0,0.0,0.0,0.0,0.0,0.0,0.0,0.0,0.0,0.0,0.0,0.0,0.0,0.0,0.0,0.0,0.0,0.0,0.0,0.0,0.0,0.0,0.0,0.0,0.0,0.0,0.0,0.0,0.0,0.0,0.0,0.0,0.0,0.0,0.0,0.0,0.0,0.0,0.0,0.0,0.0,0.0,0.0,45025.76171875,31946.4658203125,0.0,0.0,0.0,0.0,0.0,0.0,0.0,0.0,FL
275464,FL,1203,0.1627659797668457,1,0.0,0.0,62004.859375,1,0,4090.14306640625,0.0,82999.484375,21775.94140625,0.0,0.0,0.0,21775.94140625,-5.0,0.0,5.0,0.0,-114.0,0.0,114.0,0.0,0.0,0.0,0.0,0.0,0.0,0.0,0.0,0.0,0.0,0.0,0.0,0.0,0.0,0.0,0.0,0.0,0.0,0.0,0.0,0.0,0.0,0.0,0.0,0.0,0.0,0.0,0.0,0.0,0.0,0.0,0.0,0.0,-107.557861328125,0.0,107.5546875,0.0,0.0,0.0,0.0,0.0,0.0,0.0,0.0,0.0,0.0,0.0,0.0,0.0,0.0,0.0,0.0,0.0,0.0,0.0,0.0,0.0,-576.00048828125,0.0,576.0,0.0,0.0,0.0,0.0,0.0,0.0,0.0,0.0,0.0,0.0,0.0,0.0,0.0,0.0,0.0,0.0,0.0,3287.584716796875,0.0,83802.0390625,21775.94140625,-802.558349609375,0.0,802.5546875,0.0,-19.621767174871277,0.0,0.9669393301010132,0.0,FL
275465,FL,1203,35.37053298950195,1,0.0,0.0,0.0,1,0,0.0,0.0,42595.74609375,14846.9306640625,13231.8837890625,0.0,0.0,28078.814453125,0.0,0.0,0.0,0.0,0.0,0.0,0.0,0.0,0.0,0.0,0.0,0.0,0.0,0.0,0.0,0.0,0.0,0.0,0.0,0.0,0.0,0.0,0.0,0.0,0.0,0.0,0.0,0.0,0.0,0.0,0.0,0.0,0.0,0.0,0.0,0.0,0.0,0.0,0.0,0.0,0.0,0.0,0.0,0.0,0.0,0.0,0.0,0.0,0.0,0.0,0.0,0.0,0.0,0.0,0.0,0.0,0.0,0.0,0.0,0.0,0.0,0.0,0.0,0.0,0.0,0.0,0.0,0.0,0.0,0.0,0.0,0.0,0.0,0.0,0.0,0.0,0.0,0.0,0.0,0.0,0.0,0.0,0.0,0.0,0.0,0.0,42595.74609375,28078.814453125,0.0,0.0,0.0,0.0,0.0,0.0,0.0,0.0,FL
275466,FL,1203,180.45559692382812,1,0.0,0.0,0.0,0,1,0.0,0.0,22030.51171875,11676.9306640625,0.0,0.0,0.0,11676.9306640625,0.0,0.0,0.0,0.0,0.0,0.0,0.0,0.0,0.0,0.0,0.0,0.0,0.0,0.0,0.0,0.0,0.0,0.0,0.0,0.0,0.0,0.0,0.0,0.0,0.0,0.0,0.0,0.0,0.0,0.0,0.0,0.0,0.0,0.0,0.0,0.0,0.0,0.0,0.0,0.0,0.0,0.0,0.0,0.0,0.0,0.0,0.0,0.0,0.0,0.0,0.0,0.0,0.0,0.0,0.0,0.0,0.0,0.0,0.0,0.0,0.0,0.0,0.0,0.0,0.0,0.0,0.0,0.0,0.0,0.0,0.0,0.0,0.0,0.0,0.0,0.0,0.0,0.0,0.0,0.0,0.0,0.0,0.0,0.0,0.0,0.0,22030.51171875,11676.9306640625,0.0,0.0,0.0,0.0,0.0,0.0,0.0,0.0,FL
275467,FL,1203,312.86822509765625,2,0.0,0.0,0.0,2,0,0.0,0.0,33712.484375,7248.7177734375,26463.767578125,0.0,0.0,33712.4853515625,0.0,0.0,0.0,0.0,0.0,0.0,0.0,0.0,0.0,0.0,0.0,0.0,0.0,0.0,0.0,0.0,0.0,0.0,0.0,0.0,0.0,0.0,0.0,0.0,0.0,0.0,0.0,0.0,0.0,0.0,0.0,0.0,0.0,0.0,0.0,0.0,0.0,0.0,0.0,0.0,0.0,0.0,0.0,0.0,0.0,0.0,0.0,0.0,0.0,0.0,0.0,0.0,0.0,0.0,0.0,0.0,0.0,0.0,0.0,0.0,0.0,0.0,0.0,0.0,0.0,0.0,0.0,0.0,0.0,0.0,0.0,0.0,0.0,0.0,0.0,0.0,0.0,0.0,0.0,0.0,0.0,0.0,0.0,0.0,0.0,0.0,33712.484375,33712.4853515625,0.0,0.0,0.0,0.0,0.0,0.0,0.0,0.0,FL
275468,FL,1203,0.16949285566806793,2,0.0,81138.5,118470.546875,2,0,9065.25,0.0,148602.8125,32618.6796875,0.0,0.0,0.0,32618.6796875,-10.0,0.0,10.0,0.0,0.0,0.0,0.0,0.0,0.0,0.0,0.0,0.0,0.0,0.0,0.0,0.0,0.0,0.0,0.0,0.0,0.0,0.0,0.0,0.0,-437.650390625,0.0,437.65625,0.0,0.0,0.0,0.0,0.0,0.0,0.0,0.0,0.0,0.0,0.0,0.0,0.0,0.0,0.0,0.0,0.0,0.0,0.0,0.0,0.0,0.0,0.0,0.0,0.0,0.0,0.0,0.0,0.0,0.0,0.0,0.0,0.0,-550.16162109375,0.0,550.15625,0.0,0.0,0.0,0.0,0.0,0.0,0.0,0.0,0.0,0.0,0.0,0.0,0.0,0.0,0.0,0.0,0.0,0.0,0.0,0.0,0.0,8067.43798828125,0.0,149600.625,32618.6796875,-997.81201171875,0.0,997.8125,0.0,-11.00699938466948,0.0,0.6714627146720886,0.0,FL
275469,FL,1203,67.43779754638672,1,0.0,0.0,0.0,1,0,0.0,0.0,62649.77734375,31468.73046875,0.0,0.0,0.0,31468.73046875,0.0,0.0,0.0,0.0,0.0,0.0,0.0,0.0,0.0,0.0,0.0,0.0,0.0,0.0,0.0,0.0,0.0,0.0,0.0,0.0,0.0,0.0,0.0,0.0,0.0,0.0,0.0,0.0,0.0,0.0,0.0,0.0,0.0,0.0,0.0,0.0,0.0,0.0,0.0,0.0,0.0,0.0,0.0,0.0,0.0,0.0,0.0,0.0,0.0,0.0,0.0,0.0,0.0,0.0,0.0,0.0,0.0,0.0,0.0,0.0,0.0,0.0,0.0,0.0,0.0,0.0,0.0,0.0,0.0,0.0,0.0,0.0,0.0,0.0,0.0,0.0,0.0,0.0,0.0,0.0,0.0,0.0,0.0,0.0,0.0,0.0,62649.77734375,31468.73046875,0.0,0.0,0.0,0.0,0.0,0.0,0.0,0.0,FL
275470,FL,1203,105.28050994873047,1,0.0,0.0,205.72811889648438,1,0,0.0,0.0,44407.53125,22380.544921875,0.0,0.0,0.0,22380.544921875,0.0,0.0,0.0,0.0,0.0,0.0,0.0,0.0,0.0,0.0,0.0,0.0,0.0,0.0,0.0,0.0,0.0,0.0,0.0,0.0,0.0,0.0,0.0,0.0,0.0,0.0,0.0,0.0,0.0,0.0,0.0,0.0,0.0,0.0,0.0,0.0,0.0,0.0,0.0,0.0,0.0,0.0,0.0,0.0,0.0,0.0,0.0,0.0,0.0,0.0,0.0,0.0,0.0,0.0,0.0,0.0,0.0,0.0,0.0,0.0,0.0,0.0,0.0,0.0,0.0,0.0,0.0,0.0,0.0,0.0,0.0,0.0,0.0,0.0,0.0,0.0,0.0,0.0,0.0,0.0,0.0,0.0,0.0,0.0,0.0,0.0,44407.53125,22380.544921875,0.0,0.0,0.0,0.0,0.0,0.0,0.0,0.0,FL
275471,FL,1203,0.20499452948570251,4,2.0,140980.697265625,141445.625,4,0,10106.037109375,0.0,113838.40625,0.0,0.0,0.0,0.0,0.0,-230.0,0.0,230.0,0.0,-418.0,0.0,418.0,0.0,0.0,0.0,0.0,0.0,0.0,0.0,0.0,0.0,-400.0,0.0,400.0,0.0,0.0,0.0,0.0,0.0,0.0,0.0,0.0,0.0,0.0,0.0,0.0,0.0,0.0,0.0,0.0,0.0,0.0,0.0,0.0,0.0,0.0,0.0,0.0,0.0,0.0,0.0,0.0,0.0,0.0,0.0,0.0,0.0,0.0,0.0,0.0,0.0,0.0,0.0,0.0,0.0,0.0,0.0,0.0,0.0,0.0,0.0,0.0,0.0,0.0,0.0,0.0,0.0,0.0,0.0,0.0,0.0,0.0,0.0,0.0,0.0,0.0,0.0,0.0,0.0,9058.037109375,0.0,114886.40625,0.0,-1048.0,0.0,1048.0,0.0,-10.370039102941833,0.0,0.9206031560897827,0.0,FL
275472,FL,1203,0.21917888522148132,4,2.0,96361.02026367188,179038.328125,4,0,16670.828125,0.0,239166.75,38609.0,0.0,0.0,0.0,38609.0,-230.0,0.0,230.0,0.0,-417.9990234375,0.0,417.984375,0.0,0.0,0.0,0.0,0.0,0.0,0.0,0.0,0.0,-400.0,0.0,400.0,0.0,0.0,0.0,0.0,0.0,-149.037109375,0.0,149.046875,0.0,0.0,0.0,0.0,0.0,0.0,0.0,0.0,0.0,0.0,0.0,0.0,0.0,0.0,0.0,0.0,0.0,0.0,0.0,0.0,0.0,0.0,0.0,0.0,0.0,0.0,0.0,0.0,0.0,0.0,0.0,0.0,0.0,-3372.853515625,0.0,3372.84375,0.0,-936.6953125,0.0,936.703125,0.0,-189.7568359375,0.0,189.75,0.0,0.0,0.0,0.0,0.0,0.0,0.0,0.0,0.0,0.0,0.0,0.0,0.0,10974.486328125,0.0,244863.078125,38609.0,-5696.341796875,0.0,5696.328125,0.0,-34.169519079454844,0.0,2.3817391395568848,0.0,FL
275473,FL,1203,0.3014538884162903,7,3.0,72792.765625,84136.8984375,7,0,2715.07421875,0.0,103584.8125,12345.9306640625,13231.8837890625,0.0,0.0,25577.814453125,-10.0,0.0,10.0,0.0,-228.0,0.0,228.0,0.0,0.0,0.0,0.0,0.0,0.0,0.0,0.0,0.0,-200.0,0.0,200.0,0.0,0.0,0.0,0.0,0.0,-340.646484375,0.0,340.6484375,0.0,0.0,0.0,0.0,0.0,0.0,0.0,0.0,0.0,0.0,0.0,0.0,0.0,0.0,0.0,0.0,0.0,0.0,0.0,0.0,0.0,0.0,0.0,0.0,0.0,0.0,0.0,0.0,0.0,0.0,0.0,0.0,0.0,0.0,0.0,0.0,0.0,0.0,0.0,0.0,0.0,-288.87060546875,0.0,288.8671875,0.0,0.0,0.0,0.0,0.0,0.0,0.0,0.0,0.0,0.0,0.0,0.0,0.0,1647.55712890625,0.0,104652.328125,25577.814453125,-1067.51708984375,0.0,1067.515625,0.0,-39.31815500554629,0.0,1.0305715799331665,0.0,FL
275474,FL,1203,144.93475341796875,2,0.0,6103.9814453125,21189.568359375,2,0,0.0,0.0,92777.25,35968.0703125,0.0,0.0,0.0,35968.0703125,0.0,0.0,0.0,0.0,0.0,0.0,0.0,0.0,0.0,0.0,0.0,0.0,0.0,0.0,0.0,0.0,0.0,0.0,0.0,0.0,0.0,0.0,0.0,0.0,0.0,0.0,0.0,0.0,0.0,0.0,0.0,0.0,0.0,0.0,0.0,0.0,0.0,0.0,0.0,0.0,0.0,0.0,0.0,0.0,0.0,0.0,0.0,0.0,0.0,0.0,0.0,0.0,0.0,0.0,0.0,0.0,0.0,0.0,0.0,0.0,0.0,0.0,0.0,0.0,0.0,0.0,0.0,0.0,0.0,0.0,0.0,0.0,0.0,0.0,0.0,0.0,0.0,0.0,0.0,0.0,0.0,0.0,0.0,0.0,0.0,0.0,92777.25,35968.0703125,0.0,0.0,0.0,0.0,0.0,0.0,0.0,0.0,FL
275475,FL,1203,0.3681821823120117,4,3.0,32957.75390625,43492.50390625,4,0,-4097.8994140625,0.0,78581.34375,18584.98828125,0.0,0.0,6856.16015625,25441.1484375,-7.0,0.0,7.0,0.0,-168.35009765625,0.0,168.34375,0.0,0.0,0.0,0.0,0.0,0.0,0.0,0.0,0.0,-600.0,0.0,600.0,0.0,0.0,0.0,0.0,0.0,0.0,0.0,0.0,0.0,0.0,0.0,0.0,0.0,0.0,0.0,0.0,0.0,0.0,0.0,0.0,0.0,0.0,0.0,0.0,0.0,0.0,0.0,0.0,0.0,0.0,0.0,0.0,0.0,0.0,0.0,0.0,0.0,0.0,0.0,0.0,0.0,0.0,0.0,0.0,0.0,-47.96875,0.0,47.96875,0.0,0.0,0.0,0.0,0.0,0.0,0.0,0.0,0.0,0.0,0.0,0.0,0.0,0.0,0.0,0.0,0.0,-4921.21826171875,0.0,79404.65625,25441.1484375,-823.31884765625,0.0,823.3125,0.0,-20.09124101072172,0.0,1.047719955444336,0.0,FL
275476,FL,1203,0.15843068063259125,5,3.0,179971.6953125,193394.96875,5,0,19486.728515625,0.0,175802.140625,0.0,0.0,0.0,0.0,0.0,-230.0,0.0,230.0,0.0,-418.0,0.0,418.0,0.0,0.0,0.0,0.0,0.0,0.0,0.0,0.0,0.0,-600.0,0.0,600.0,0.0,0.0,0.0,0.0,0.0,0.0,0.0,0.0,0.0,0.0,0.0,0.0,0.0,0.0,0.0,0.0,0.0,0.0,0.0,0.0,0.0,-237.63671875,0.0,237.640625,0.0,0.0,0.0,0.0,0.0,0.0,0.0,0.0,0.0,0.0,0.0,0.0,0.0,0.0,0.0,0.0,0.0,0.0,0.0,0.0,0.0,0.0,0.0,0.0,0.0,0.0,0.0,0.0,0.0,0.0,0.0,0.0,0.0,0.0,0.0,0.0,0.0,0.0,0.0,0.0,0.0,18001.091796875,0.0,177287.78125,0.0,-1485.63671875,0.0,1485.640625,0.0,-7.62383853995182,0.0,0.8450640439987183,0.0,FL
275477,FL,1203,0.03749876841902733,2,1.0,75494.3359375,75512.4765625,2,0,3989.56640625,0.0,67140.3984375,0.0,0.0,1392.41064453125,0.0,1392.41064453125,-7.0,0.0,7.0,0.0,-177.0,0.0,177.0,0.0,0.0,0.0,0.0,0.0,0.0,0.0,0.0,0.0,-200.0,0.0,200.0,0.0,0.0,0.0,0.0,0.0,0.0,0.0,0.0,0.0,0.0,0.0,0.0,0.0,0.0,0.0,0.0,0.0,0.0,0.0,0.0,0.0,0.0,0.0,0.0,0.0,0.0,0.0,0.0,0.0,0.0,0.0,0.0,0.0,0.0,0.0,0.0,0.0,0.0,0.0,0.0,0.0,0.0,0.0,0.0,0.0,0.0,0.0,0.0,0.0,-208.82470703125,0.0,208.828125,0.0,0.0,0.0,0.0,0.0,0.0,0.0,0.0,0.0,0.0,0.0,0.0,0.0,3396.74169921875,0.0,67733.2265625,1392.41064453125,-592.82470703125,0.0,592.828125,0.0,-14.859376851141992,0.0,0.8829678297042847,0.0,FL
275478,FL,1203,0.18387557566165924,3,0.0,203129.03125,226621.28125,3,0,22834.91845703125,0.0,211153.90625,14387.2275390625,0.0,0.0,0.0,14387.2275390625,-345.0,0.0,345.0,0.0,-627.0009765625,0.0,627.0,0.0,0.0,0.0,0.0,0.0,0.0,0.0,0.0,0.0,0.0,0.0,0.0,0.0,0.0,0.0,0.0,0.0,-888.078125,0.0,888.09375,0.0,0.0,0.0,0.0,0.0,0.0,0.0,0.0,0.0,0.0,0.0,0.0,0.0,-200.43359375,0.0,200.421875,0.0,0.0,0.0,0.0,0.0,0.0,0.0,0.0,0.0,0.0,0.0,0.0,0.0,0.0,0.0,0.0,0.0,0.0,0.0,0.0,0.0,-2533.62109375,0.0,2533.625,0.0,0.0,0.0,0.0,0.0,0.0,0.0,0.0,0.0,0.0,0.0,0.0,0.0,0.0,0.0,0.0,0.0,18240.78466796875,0.0,215748.046875,14387.2275390625,-4594.1337890625,0.0,4594.140625,0.0,-20.11889728315579,0.0,2.1757309436798096,0.0,FL
275479,FL,1203,49.820674896240234,1,0.0,0.0,0.8272702097892761,1,0,0.0,0.0,33535.1328125,17075.80078125,0.0,0.0,0.0,17075.80078125,0.0,0.0,0.0,0.0,0.0,0.0,0.0,0.0,0.0,0.0,0.0,0.0,0.0,0.0,0.0,0.0,0.0,0.0,0.0,0.0,0.0,0.0,0.0,0.0,0.0,0.0,0.0,0.0,0.0,0.0,0.0,0.0,0.0,0.0,0.0,0.0,0.0,0.0,0.0,0.0,0.0,0.0,0.0,0.0,0.0,0.0,0.0,0.0,0.0,0.0,0.0,0.0,0.0,0.0,0.0,0.0,0.0,0.0,0.0,0.0,0.0,0.0,0.0,0.0,0.0,0.0,0.0,0.0,0.0,0.0,0.0,0.0,0.0,0.0,-287.6796875,-287.68359375,0.0,0.0,0.0,0.0,0.0,0.0,0.0,0.0,0.0,0.0,33247.453125,16788.1171875,0.0,0.0,-287.6796875,-287.68359375,0.0,0.0,-0.857845664024353,-1.6847443785236098,FL
275480,FL,1203,0.15544477105140686,7,5.0,589932.0,669771.8750000001,7,0,165136.57812500003,0.0,521469.75,0.0,0.0,0.0,0.0,0.0,-749.0,0.0,749.0,0.0,-665.0,0.0,665.0,0.0,0.0,0.0,0.0,0.0,0.0,0.0,0.0,0.0,0.0,0.0,0.0,0.0,0.0,0.0,0.0,0.0,0.0,0.0,0.0,0.0,0.0,0.0,0.0,0.0,0.0,0.0,0.0,0.0,0.0,0.0,0.0,0.0,0.0,0.0,0.0,0.0,0.0,0.0,0.0,0.0,0.0,0.0,0.0,0.0,0.0,0.0,0.0,0.0,0.0,0.0,0.0,0.0,0.0,0.0,0.0,0.0,0.0,0.0,0.0,0.0,0.0,0.0,0.0,0.0,0.0,0.0,0.0,0.0,0.0,0.0,0.0,0.0,0.0,0.0,0.0,0.0,163722.57812500003,0.0,522883.75,0.0,-1414.0,0.0,1414.0,0.0,-0.8562609302281131,0.0,0.2711566686630249,0.0,FL
275481,FL,1203,0.13301101326942444,3,1.0,55749.6640625,55749.6640625,3,0,79.975830078125,0.0,67372.7578125,0.0,0.0,13682.53125,2285.38671875,15967.91796875,-10.0,0.0,10.0,0.0,-202.993408203125,0.0,202.9921875,0.0,0.0,0.0,0.0,0.0,0.0,0.0,0.0,0.0,-200.0,0.0,200.0,0.0,0.0,0.0,0.0,0.0,0.0,0.0,0.0,0.0,0.0,0.0,0.0,0.0,0.0,0.0,0.0,0.0,0.0,0.0,0.0,0.0,0.0,0.0,0.0,0.0,0.0,0.0,0.0,0.0,0.0,0.0,0.0,0.0,0.0,0.0,0.0,0.0,0.0,0.0,0.0,0.0,0.0,0.0,0.0,0.0,0.0,0.0,0.0,0.0,0.0,0.0,0.0,0.0,0.0,0.0,0.0,0.0,0.0,0.0,0.0,0.0,0.0,0.0,0.0,0.0,-333.017578125,0.0,67785.75,15967.91796875,-412.993408203125,0.0,412.9921875,0.0,-516.3977764278148,0.0,0.6129958033561707,0.0,FL
275482,FL,1203,57.28400421142578,1,0.0,0.0,1559.4044189453125,1,0,0.0,0.0,52099.1484375,25046.794921875,0.0,0.0,0.0,25046.794921875,0.0,0.0,0.0,0.0,0.0,0.0,0.0,0.0,0.0,0.0,0.0,0.0,0.0,0.0,0.0,0.0,0.0,0.0,0.0,0.0,0.0,0.0,0.0,0.0,0.0,0.0,0.0,0.0,0.0,0.0,0.0,0.0,0.0,0.0,0.0,0.0,0.0,0.0,0.0,0.0,0.0,0.0,0.0,0.0,0.0,0.0,0.0,0.0,0.0,0.0,0.0,0.0,0.0,0.0,0.0,0.0,0.0,0.0,0.0,0.0,0.0,0.0,0.0,0.0,0.0,0.0,0.0,0.0,0.0,0.0,0.0,0.0,0.0,0.0,0.0,0.0,0.0,0.0,0.0,0.0,0.0,0.0,0.0,0.0,0.0,0.0,52099.1484375,25046.794921875,0.0,0.0,0.0,0.0,0.0,0.0,0.0,0.0,FL
275483,FL,1203,19.17620277404785,1,0.0,10453.0625,10461.3349609375,1,0,0.0,0.0,71774.0703125,28509.603515625,0.0,5478.408203125,0.0,33988.01171875,0.0,0.0,0.0,0.0,0.0,0.0,0.0,0.0,0.0,0.0,0.0,0.0,0.0,0.0,0.0,0.0,0.0,0.0,0.0,0.0,0.0,0.0,0.0,0.0,0.0,0.0,0.0,0.0,0.0,0.0,0.0,0.0,0.0,0.0,0.0,0.0,0.0,0.0,0.0,0.0,0.0,0.0,0.0,0.0,0.0,0.0,0.0,0.0,0.0,0.0,0.0,0.0,0.0,0.0,0.0,0.0,0.0,0.0,0.0,0.0,0.0,0.0,0.0,0.0,0.0,0.0,0.0,0.0,0.0,0.0,0.0,0.0,0.0,0.0,0.0,0.0,0.0,0.0,0.0,0.0,0.0,0.0,0.0,0.0,0.0,0.0,71774.0703125,33988.01171875,0.0,0.0,0.0,0.0,0.0,0.0,0.0,0.0,FL
275484,FL,1203,0.18205684423446655,4,2.0,98975.58203125,98979.71875,4,0,2555.56640625,0.0,108396.28125,0.0,0.0,16309.68359375,0.0,16309.68359375,-10.0,0.0,10.0,0.0,-228.0,0.0,228.0,0.0,0.0,0.0,0.0,0.0,0.0,0.0,0.0,0.0,-400.0,0.0,400.0,0.0,0.0,0.0,0.0,0.0,0.0,0.0,0.0,0.0,0.0,0.0,0.0,0.0,0.0,0.0,0.0,0.0,0.0,0.0,0.0,0.0,0.0,0.0,0.0,0.0,0.0,0.0,0.0,0.0,0.0,0.0,0.0,0.0,0.0,0.0,0.0,0.0,0.0,0.0,0.0,0.0,0.0,0.0,0.0,0.0,0.0,0.0,0.0,0.0,0.0,0.0,0.0,0.0,0.0,0.0,0.0,0.0,0.0,0.0,0.0,0.0,0.0,0.0,0.0,0.0,1917.56640625,0.0,109034.28125,16309.68359375,-638.0,0.0,638.0,0.0,-24.965111391340898,0.0,0.5885810852050781,0.0,FL
275485,FL,1203,0.49118947982788086,5,2.0,155572.96484375,272287.64453125,2,3,26379.19384765625,0.0,254006.59375,0.0,0.0,0.0,0.0,0.0,-235.0,0.0,235.0,0.0,-526.87109375,0.0,526.875,0.0,0.0,0.0,0.0,0.0,4000.0,0.0,-4000.0,0.0,0.0,0.0,0.0,0.0,0.0,0.0,0.0,0.0,0.0,0.0,0.0,0.0,0.0,0.0,0.0,0.0,0.0,0.0,0.0,0.0,0.0,0.0,0.0,0.0,-440.0,0.0,440.0,0.0,0.0,0.0,0.0,0.0,0.0,0.0,0.0,0.0,-5120.81640625,0.0,5120.8125,0.0,0.0,0.0,0.0,0.0,0.0,0.0,0.0,0.0,-720.0,0.0,720.0,0.0,-49.183837890625,0.0,49.1875,0.0,0.0,0.0,0.0,0.0,0.0,0.0,0.0,0.0,0.0,0.0,0.0,0.0,23287.322509765625,0.0,257098.46875,0.0,-3091.871337890625,0.0,3091.875,0.0,-11.720871212921212,0.0,1.2172420024871826,0.0,FL
275486,FL,1203,119.12137603759766,1,0.0,0.0,413.6351013183594,1,0,0.0,0.0,67940.515625,33666.11328125,0.0,0.0,0.0,33666.11328125,0.0,0.0,0.0,0.0,0.0,0.0,0.0,0.0,0.0,0.0,0.0,0.0,0.0,0.0,0.0,0.0,0.0,0.0,0.0,0.0,0.0,0.0,0.0,0.0,0.0,0.0,0.0,0.0,0.0,0.0,0.0,0.0,0.0,0.0,0.0,0.0,0.0,0.0,0.0,0.0,0.0,0.0,0.0,0.0,0.0,0.0,0.0,0.0,0.0,0.0,0.0,0.0,0.0,0.0,0.0,0.0,0.0,0.0,0.0,0.0,0.0,0.0,0.0,0.0,0.0,0.0,0.0,0.0,0.0,0.0,0.0,0.0,0.0,0.0,0.0,0.0,0.0,0.0,0.0,0.0,0.0,0.0,0.0,0.0,0.0,0.0,67940.515625,33666.11328125,0.0,0.0,0.0,0.0,0.0,0.0,0.0,0.0,FL
275487,FL,1203,0.12222593277692795,3,1.0,341927.953125,405727.46875,1,2,71454.7890625,0.0,360545.3125,0.0,0.0,0.0,0.0,0.0,-292.0,0.0,292.0,0.0,-456.0,0.0,456.0,0.0,0.0,0.0,0.0,0.0,1700.0,0.0,-1700.0,0.0,0.0,0.0,0.0,0.0,0.0,0.0,0.0,0.0,0.0,0.0,0.0,0.0,0.0,0.0,0.0,0.0,0.0,0.0,0.0,0.0,0.0,0.0,0.0,0.0,-480.0,0.0,480.0,0.0,0.0,0.0,0.0,0.0,0.0,0.0,0.0,0.0,0.0,0.0,0.0,0.0,0.0,0.0,0.0,0.0,0.0,0.0,0.0,0.0,0.0,0.0,0.0,0.0,0.0,0.0,0.0,0.0,0.0,0.0,0.0,0.0,0.0,0.0,0.0,0.0,0.0,0.0,0.0,0.0,71926.7890625,0.0,360073.3125,0.0,472.0,0.0,-472.0,0.0,0.6605575444175639,0.0,-0.13091281056404114,0.0,FL
275488,FL,1203,0.3380593955516815,1,0.0,0.0,60705.1328125,1,0,3984.862060546875,0.0,87513.8125,25699.73046875,0.0,0.0,0.0,25699.73046875,-5.0,0.0,5.0,0.0,-114.0,0.0,114.0,0.0,0.0,0.0,0.0,0.0,0.0,0.0,0.0,0.0,0.0,0.0,0.0,0.0,0.0,0.0,0.0,0.0,0.0,0.0,0.0,0.0,0.0,0.0,0.0,0.0,0.0,0.0,0.0,0.0,0.0,0.0,0.0,0.0,0.0,0.0,0.0,0.0,0.0,0.0,0.0,0.0,0.0,0.0,0.0,0.0,0.0,0.0,0.0,0.0,0.0,0.0,0.0,0.0,0.0,0.0,0.0,0.0,-720.0,0.0,720.0,0.0,0.0,0.0,0.0,0.0,0.0,0.0,0.0,0.0,0.0,0.0,0.0,0.0,0.0,0.0,0.0,0.0,3145.862060546875,0.0,88352.8125,25699.73046875,-839.0,0.0,839.0,0.0,-21.05468112200745,0.0,0.9587057828903198,0.0,FL
275489,FL,1203,0.3256123661994934,3,1.0,220454.203125,220454.203125,3,0,29487.923828125,0.0,176575.40625,0.0,0.0,0.0,0.0,0.0,-230.0,0.0,230.0,0.0,-418.0,0.0,418.0,0.0,0.0,0.0,0.0,0.0,0.0,0.0,0.0,0.0,-200.0,0.0,200.0,0.0,0.0,0.0,0.0,0.0,0.0,0.0,0.0,0.0,0.0,0.0,0.0,0.0,0.0,0.0,0.0,0.0,0.0,0.0,0.0,0.0,0.0,0.0,0.0,0.0,0.0,0.0,0.0,0.0,0.0,0.0,0.0,0.0,0.0,0.0,0.0,0.0,0.0,0.0,0.0,0.0,0.0,0.0,0.0,0.0,0.0,0.0,0.0,0.0,0.0,0.0,0.0,0.0,0.0,0.0,0.0,0.0,0.0,0.0,0.0,0.0,0.0,0.0,0.0,0.0,28639.923828125,0.0,177423.40625,0.0,-848.0,0.0,848.0,0.0,-2.875753494693968,0.0,0.4802480936050415,0.0,FL
275490,FL,1203,0.2470131814479828,1,0.0,148962.5,451069.75,1,0,100578.390625,0.0,341127.3125,0.0,0.0,0.0,0.0,0.0,-362.25,0.0,362.25,0.0,-332.5,0.0,332.5,0.0,0.0,0.0,0.0,0.0,0.0,0.0,0.0,0.0,0.0,0.0,0.0,0.0,0.0,0.0,0.0,0.0,0.0,0.0,0.0,0.0,0.0,0.0,0.0,0.0,0.0,0.0,0.0,0.0,0.0,0.0,0.0,0.0,-350.0,0.0,350.0,0.0,0.0,0.0,0.0,0.0,0.0,0.0,0.0,0.0,0.0,0.0,0.0,0.0,0.0,0.0,0.0,0.0,0.0,0.0,0.0,0.0,0.0,0.0,0.0,0.0,0.0,0.0,0.0,0.0,0.0,0.0,0.0,0.0,0.0,0.0,0.0,0.0,0.0,0.0,0.0,0.0,99533.640625,0.0,342172.0625,0.0,-1044.75,0.0,1044.75,0.0,-1.038742013575543,0.0,0.3062639534473419,0.0,FL
275491,FL,1203,42.70983123779297,4,3.0,0.0,3.3090808391571045,4,0,0.0,0.0,15359.6533203125,3782.0,11572.787353515625,0.0,0.0,15354.787353515625,0.0,0.0,0.0,0.0,0.0,0.0,0.0,0.0,0.0,0.0,0.0,0.0,0.0,0.0,0.0,0.0,0.0,0.0,0.0,0.0,0.0,0.0,0.0,0.0,0.0,0.0,0.0,0.0,0.0,0.0,0.0,0.0,0.0,0.0,0.0,0.0,0.0,0.0,0.0,0.0,0.0,0.0,0.0,0.0,0.0,0.0,0.0,0.0,0.0,0.0,0.0,0.0,0.0,0.0,0.0,0.0,0.0,0.0,0.0,0.0,0.0,0.0,0.0,0.0,0.0,0.0,0.0,0.0,0.0,0.0,0.0,0.0,0.0,0.0,0.0,0.0,0.0,0.0,0.0,0.0,0.0,0.0,0.0,0.0,0.0,0.0,15359.6533203125,15354.787353515625,0.0,0.0,0.0,0.0,0.0,0.0,0.0,0.0,FL
275492,FL,1203,0.1282447725534439,3,0.0,174491.85546875,175079.22265625,3,0,17418.078491210938,0.0,153606.375,0.0,0.0,0.0,0.0,0.0,-230.0,0.0,230.0,0.0,-513.0,0.0,513.0,0.0,0.0,0.0,0.0,0.0,0.0,0.0,0.0,0.0,0.0,0.0,0.0,0.0,0.0,0.0,0.0,0.0,0.0,0.0,0.0,0.0,0.0,0.0,0.0,0.0,0.0,0.0,0.0,0.0,0.0,0.0,0.0,0.0,0.0,0.0,0.0,0.0,0.0,0.0,0.0,0.0,0.0,0.0,0.0,0.0,0.0,0.0,0.0,0.0,0.0,0.0,0.0,0.0,0.0,0.0,0.0,0.0,0.0,0.0,0.0,0.0,0.0,0.0,0.0,0.0,0.0,0.0,0.0,0.0,0.0,0.0,0.0,0.0,0.0,0.0,0.0,0.0,16675.078491210938,0.0,154349.375,0.0,-743.0,0.0,743.0,0.0,-4.265682924640129,0.0,0.4837038815021515,0.0,FL
275493,FL,1203,0.17055349051952362,5,3.0,348435.40625,382014.0625,5,0,62224.3671875,0.0,302692.90625,0.0,0.0,0.0,0.0,0.0,-292.0,0.0,292.0,0.0,-456.0,0.0,456.0,0.0,0.0,0.0,0.0,0.0,0.0,0.0,0.0,0.0,-600.0,0.0,600.0,0.0,0.0,0.0,0.0,0.0,0.0,0.0,0.0,0.0,0.0,0.0,0.0,0.0,0.0,0.0,0.0,0.0,0.0,0.0,0.0,0.0,-480.0,0.0,480.0,0.0,0.0,0.0,0.0,0.0,0.0,0.0,0.0,0.0,0.0,0.0,0.0,0.0,0.0,0.0,0.0,0.0,0.0,0.0,0.0,0.0,0.0,0.0,0.0,0.0,0.0,0.0,0.0,0.0,0.0,0.0,0.0,0.0,0.0,0.0,0.0,0.0,0.0,0.0,0.0,0.0,60396.3671875,0.0,304520.90625,0.0,-1828.0,0.0,1828.0,0.0,-2.937755870608869,0.0,0.6039124131202698,0.0,FL
275494,FL,1203,0.19732506573200226,3,1.0,128224.2265625,164402.0,3,0,15556.17578125,0.0,139341.375,0.0,0.0,0.0,0.0,0.0,-230.0,0.0,230.0,0.0,-418.0,0.0,418.0,0.0,0.0,0.0,0.0,0.0,0.0,0.0,0.0,0.0,-200.0,0.0,200.0,0.0,0.0,0.0,0.0,0.0,0.0,0.0,0.0,0.0,0.0,0.0,0.0,0.0,0.0,0.0,0.0,0.0,0.0,0.0,0.0,0.0,-440.0,0.0,440.0,0.0,0.0,0.0,0.0,0.0,0.0,0.0,0.0,0.0,0.0,0.0,0.0,0.0,0.0,0.0,0.0,0.0,0.0,0.0,0.0,0.0,0.0,0.0,0.0,0.0,-399.490234375,0.0,399.484375,0.0,0.0,0.0,0.0,0.0,0.0,0.0,0.0,0.0,0.0,0.0,0.0,0.0,13868.685546875,0.0,141028.859375,0.0,-1687.490234375,0.0,1687.484375,0.0,-10.847718990222182,0.0,1.2110432386398315,0.0,FL
275495,FL,1203,71.39761352539062,1,0.0,0.0,1047.620849609375,1,0,0.0,0.0,100166.65625,49596.69921875,0.0,0.0,0.0,49596.69921875,0.0,0.0,0.0,0.0,0.0,0.0,0.0,0.0,0.0,0.0,0.0,0.0,0.0,0.0,0.0,0.0,0.0,0.0,0.0,0.0,0.0,0.0,0.0,0.0,0.0,0.0,0.0,0.0,0.0,0.0,0.0,0.0,0.0,0.0,0.0,0.0,0.0,0.0,0.0,0.0,0.0,0.0,0.0,0.0,0.0,0.0,0.0,0.0,0.0,0.0,0.0,0.0,0.0,0.0,0.0,0.0,0.0,0.0,0.0,0.0,0.0,0.0,0.0,0.0,0.0,0.0,0.0,0.0,0.0,0.0,0.0,0.0,0.0,0.0,0.0,0.0,0.0,0.0,0.0,0.0,0.0,0.0,0.0,0.0,0.0,0.0,100166.65625,49596.69921875,0.0,0.0,0.0,0.0,0.0,0.0,0.0,0.0,FL
275496,FL,1203,0.15478363633155823,5,1.0,243669.400390625,247736.78710937503,5,0,23169.600219726562,0.0,238159.96875,0.0,0.0,0.0,0.0,0.0,-240.00000000000364,0.0,240.0,0.0,-645.9999999999964,0.0,646.0,0.0,0.0,0.0,0.0,0.0,0.0,0.0,0.0,0.0,-200.00000000000364,0.0,200.0,0.0,0.0,0.0,0.0,0.0,0.0,0.0,0.0,0.0,0.0,0.0,0.0,0.0,0.0,0.0,0.0,0.0,0.0,0.0,0.0,0.0,0.0,0.0,0.0,0.0,0.0,0.0,0.0,0.0,0.0,0.0,0.0,0.0,0.0,0.0,0.0,0.0,0.0,0.0,0.0,0.0,-578.9389648437464,0.0,578.9375,0.0,0.0,0.0,0.0,0.0,-163.42431640625,0.0,163.4375,0.0,0.0,0.0,0.0,0.0,0.0,0.0,0.0,0.0,0.0,0.0,0.0,0.0,21341.236938476562,0.0,239988.34375,0.0,-1828.36328125,0.0,1828.375,0.0,-7.891216352077297,0.0,0.7677087783813477,0.0,FL
275497,FL,1203,0.12541420757770538,1,0.0,441351.5,441351.5,0,1,118302.0234375,0.0,302945.71875,0.0,0.0,0.0,0.0,0.0,-362.25,0.0,362.25,0.0,-332.5,0.0,332.5,0.0,0.0,0.0,0.0,0.0,0.0,0.0,0.0,0.0,0.0,0.0,0.0,0.0,0.0,0.0,0.0,0.0,0.0,0.0,0.0,0.0,0.0,0.0,0.0,0.0,0.0,0.0,0.0,0.0,0.0,0.0,0.0,0.0,0.0,0.0,0.0,0.0,0.0,0.0,0.0,0.0,0.0,0.0,0.0,0.0,0.0,0.0,0.0,0.0,0.0,0.0,0.0,0.0,0.0,0.0,0.0,0.0,0.0,0.0,0.0,0.0,0.0,0.0,0.0,0.0,0.0,0.0,0.0,0.0,0.0,0.0,0.0,0.0,0.0,0.0,0.0,0.0,117607.2734375,0.0,303640.46875,0.0,-694.75,0.0,694.75,0.0,-0.5872680617056754,0.0,0.22933150827884674,0.0,FL
275498,FL,1203,0.35003671050071716,5,4.0,27874.83203125,27874.83203125,5,0,-11181.1708984375,0.0,52501.59765625,4523.84912109375,11054.1728515625,0.0,0.0,15578.02197265625,0.0,0.0,0.0,0.0,0.0,0.0,0.0,0.0,0.0,0.0,0.0,0.0,0.0,0.0,0.0,0.0,0.0,0.0,0.0,0.0,0.0,0.0,0.0,0.0,0.0,0.0,0.0,0.0,0.0,0.0,0.0,0.0,0.0,0.0,0.0,0.0,0.0,0.0,0.0,0.0,0.0,0.0,0.0,0.0,0.0,0.0,0.0,0.0,0.0,0.0,0.0,0.0,0.0,0.0,0.0,0.0,0.0,0.0,0.0,0.0,0.0,0.0,0.0,0.0,0.0,0.0,0.0,0.0,0.0,0.0,0.0,0.0,0.0,0.0,0.0,0.0,0.0,0.0,0.0,0.0,0.0,0.0,0.0,0.0,-11181.1708984375,0.0,52501.59765625,15578.02197265625,0.0,0.0,0.0,0.0,0.0,0.0,0.0,0.0,FL
275499,FL,1203,0.31158211827278137,3,1.0,0.0,71789.28125,3,0,3043.56005859375,0.0,120739.7578125,0.0,0.0,22796.259765625,0.0,22796.259765625,-10.0,0.0,10.0,0.0,-228.0,0.0,228.0,0.0,0.0,0.0,0.0,0.0,0.0,0.0,0.0,0.0,0.0,0.0,0.0,0.0,0.0,0.0,0.0,0.0,0.0,0.0,0.0,0.0,0.0,0.0,0.0,0.0,0.0,0.0,0.0,0.0,0.0,0.0,0.0,0.0,-240.0,0.0,240.0,0.0,0.0,0.0,0.0,0.0,0.0,0.0,0.0,0.0,0.0,0.0,0.0,0.0,0.0,0.0,0.0,0.0,0.0,0.0,0.0,0.0,0.0,0.0,0.0,0.0,-124.516357421875,0.0,124.515625,0.0,0.0,0.0,0.0,0.0,0.0,0.0,-22796.2578125,-22796.259765625,0.0,0.0,0.0,0.0,2441.043701171875,0.0,98546.015625,0.0,-602.516357421875,0.0,-22193.7421875,-22796.259765625,-19.79643397279508,0.0,-18.3814697265625,-100.0,FL
275500,FL,1203,145.56210327148438,2,0.0,8943.175109863281,13340.173828125,2,0,0.0,0.0,17441.6953125,4785.28466796875,0.0,0.0,0.0,4785.28466796875,0.0,0.0,0.0,0.0,0.0,0.0,0.0,0.0,0.0,0.0,0.0,0.0,0.0,0.0,0.0,0.0,0.0,0.0,0.0,0.0,0.0,0.0,0.0,0.0,0.0,0.0,0.0,0.0,0.0,0.0,0.0,0.0,0.0,0.0,0.0,0.0,0.0,0.0,0.0,0.0,0.0,0.0,0.0,0.0,0.0,0.0,0.0,0.0,0.0,0.0,0.0,0.0,0.0,0.0,0.0,0.0,0.0,0.0,0.0,0.0,0.0,0.0,0.0,0.0,0.0,0.0,0.0,0.0,0.0,0.0,0.0,0.0,0.0,0.0,0.0,0.0,0.0,0.0,0.0,0.0,0.0,0.0,0.0,0.0,0.0,0.0,17441.6953125,4785.28466796875,0.0,0.0,0.0,0.0,0.0,0.0,0.0,0.0,FL
275501,FL,1203,47.32496643066406,2,0.0,27874.83203125,27875.66015625,0,2,0.0,0.0,61271.1953125,719.1133422851562,0.0,34808.45703125,0.0,35527.570373535156,0.0,0.0,0.0,0.0,0.0,0.0,0.0,0.0,0.0,0.0,0.0,0.0,0.0,0.0,0.0,0.0,0.0,0.0,0.0,0.0,0.0,0.0,0.0,0.0,0.0,0.0,0.0,0.0,0.0,0.0,0.0,0.0,0.0,0.0,0.0,0.0,0.0,0.0,0.0,0.0,0.0,0.0,0.0,0.0,0.0,0.0,0.0,0.0,0.0,0.0,0.0,0.0,0.0,0.0,0.0,0.0,0.0,0.0,0.0,0.0,0.0,0.0,0.0,0.0,0.0,0.0,0.0,0.0,0.0,0.0,0.0,0.0,0.0,0.0,0.0,0.0,0.0,0.0,0.0,0.0,0.0,0.0,0.0,0.0,0.0,0.0,61271.1953125,35527.570373535156,0.0,0.0,0.0,0.0,0.0,0.0,0.0,0.0,FL
275502,FL,1203,0.13547122478485107,2,0.0,113027.0703125,350115.03125,2,0,51087.400390625,0.0,288068.34375,7079.169921875,0.0,0.0,0.0,7079.169921875,-262.0,0.0,262.0,0.0,-410.400390625,0.0,410.40625,0.0,0.0,0.0,0.0,0.0,0.0,0.0,0.0,0.0,0.0,0.0,0.0,0.0,0.0,0.0,0.0,0.0,-694.279296875,0.0,694.28125,0.0,0.0,0.0,0.0,0.0,0.0,0.0,0.0,0.0,0.0,0.0,0.0,0.0,0.0,0.0,0.0,0.0,0.0,0.0,0.0,0.0,0.0,0.0,0.0,0.0,0.0,0.0,0.0,0.0,0.0,0.0,0.0,0.0,0.0,0.0,0.0,0.0,-616.2734375,0.0,616.28125,0.0,0.0,0.0,0.0,0.0,0.0,0.0,0.0,0.0,0.0,0.0,0.0,0.0,0.0,0.0,0.0,0.0,49104.447265625,0.0,290051.3125,7079.169921875,-1982.953125,0.0,1982.96875,0.0,-3.88149154162851,0.0,0.688367486000061,0.0,FL
275503,FL,1203,113.64468383789062,2,0.0,27990.976440429688,27990.9765625,1,1,0.0,0.0,57667.390625,7153.224609375,0.0,17798.958984375,0.0,24952.18359375,0.0,0.0,0.0,0.0,0.0,0.0,0.0,0.0,0.0,0.0,0.0,0.0,0.0,0.0,0.0,0.0,0.0,0.0,0.0,0.0,0.0,0.0,0.0,0.0,0.0,0.0,0.0,0.0,0.0,0.0,0.0,0.0,0.0,0.0,0.0,0.0,0.0,0.0,0.0,0.0,0.0,0.0,0.0,0.0,0.0,0.0,0.0,0.0,0.0,0.0,0.0,0.0,0.0,0.0,0.0,0.0,0.0,0.0,0.0,0.0,0.0,0.0,0.0,0.0,0.0,0.0,0.0,0.0,0.0,0.0,0.0,0.0,0.0,0.0,0.0,0.0,0.0,0.0,0.0,0.0,0.0,0.0,0.0,0.0,0.0,0.0,57667.390625,24952.18359375,0.0,0.0,0.0,0.0,0.0,0.0,0.0,0.0,FL
275504,FL,1203,0.5051651000976562,4,2.0,33717.8828125,33717.8828125,2,2,-3600.0,0.0,43653.1328125,2261.924560546875,5527.08642578125,0.0,0.0,7789.010986328125,0.0,0.0,0.0,0.0,0.0,0.0,0.0,0.0,0.0,0.0,0.0,0.0,3751.788284301758,0.0,-3751.7890625,0.0,0.0,0.0,0.0,0.0,0.0,0.0,0.0,0.0,0.0,0.0,0.0,0.0,0.0,0.0,0.0,0.0,0.0,0.0,0.0,0.0,0.0,0.0,0.0,0.0,-151.7882843017578,0.0,151.7890625,0.0,0.0,0.0,0.0,0.0,0.0,0.0,0.0,0.0,0.0,0.0,0.0,0.0,0.0,0.0,0.0,0.0,0.0,0.0,0.0,0.0,0.0,0.0,0.0,0.0,0.0,0.0,0.0,0.0,0.0,0.0,0.0,0.0,0.0,0.0,0.0,0.0,0.0,0.0,0.0,0.0,0.0,0.0,40053.1328125,7789.010986328125,3600.0,0.0,-3600.0,0.0,100.0,0.0,-8.246830940246582,0.0,FL
275505,FL,1203,360.3396301269531,1,0.0,0.0,0.0,1,0,0.0,0.0,31302.19140625,18070.30859375,13231.8837890625,0.0,0.0,31302.1923828125,0.0,0.0,0.0,0.0,0.0,0.0,0.0,0.0,0.0,0.0,0.0,0.0,0.0,0.0,0.0,0.0,0.0,0.0,0.0,0.0,0.0,0.0,0.0,0.0,0.0,0.0,0.0,0.0,0.0,0.0,0.0,0.0,0.0,0.0,0.0,0.0,0.0,0.0,0.0,0.0,0.0,0.0,0.0,0.0,0.0,0.0,0.0,0.0,0.0,0.0,0.0,0.0,0.0,0.0,0.0,0.0,0.0,0.0,0.0,0.0,0.0,0.0,0.0,0.0,0.0,0.0,0.0,0.0,0.0,0.0,0.0,0.0,0.0,0.0,0.0,0.0,0.0,0.0,0.0,0.0,0.0,0.0,0.0,0.0,0.0,0.0,31302.19140625,31302.1923828125,0.0,0.0,0.0,0.0,0.0,0.0,0.0,0.0,FL
275506,FL,1203,109.5881118774414,1,0.0,0.0,0.0,1,0,0.0,0.0,22037.734375,8805.8505859375,13231.8837890625,0.0,0.0,22037.734375,0.0,0.0,0.0,0.0,0.0,0.0,0.0,0.0,0.0,0.0,0.0,0.0,0.0,0.0,0.0,0.0,0.0,0.0,0.0,0.0,0.0,0.0,0.0,0.0,0.0,0.0,0.0,0.0,0.0,0.0,0.0,0.0,0.0,0.0,0.0,0.0,0.0,0.0,0.0,0.0,0.0,0.0,0.0,0.0,0.0,0.0,0.0,0.0,0.0,0.0,0.0,0.0,0.0,0.0,0.0,0.0,0.0,0.0,0.0,0.0,0.0,0.0,0.0,0.0,0.0,0.0,0.0,0.0,0.0,0.0,0.0,0.0,0.0,0.0,0.0,0.0,0.0,0.0,0.0,0.0,0.0,0.0,-13231.8837890625,-13231.8837890625,0.0,0.0,8805.8505859375,8805.8505859375,0.0,0.0,-13231.8837890625,-13231.8837890625,0.0,0.0,-60.04193878173828,-60.0419424424726,FL
275507,FL,1203,262.5698547363281,4,2.0,47038.7783203125,12197.6064453125,3,1,0.0,0.0,53255.1953125,1003.27294921875,8809.244140625,0.0,0.0,9812.51708984375,0.0,0.0,0.0,0.0,0.0,0.0,0.0,0.0,0.0,0.0,0.0,0.0,0.0,0.0,0.0,0.0,0.0,0.0,0.0,0.0,0.0,0.0,0.0,0.0,0.0,0.0,0.0,0.0,0.0,0.0,0.0,0.0,0.0,0.0,0.0,0.0,0.0,0.0,0.0,0.0,0.0,0.0,0.0,0.0,0.0,0.0,0.0,0.0,0.0,0.0,0.0,0.0,0.0,0.0,0.0,0.0,0.0,0.0,0.0,0.0,0.0,0.0,0.0,0.0,0.0,0.0,0.0,0.0,0.0,0.0,0.0,0.0,0.0,0.0,0.0,0.0,0.0,0.0,0.0,0.0,0.0,0.0,0.0,0.0,0.0,0.0,53255.1953125,9812.51708984375,0.0,0.0,0.0,0.0,0.0,0.0,0.0,0.0,FL
275508,FL,1203,0.23928594589233398,5,3.0,104745.40234375,104790.90625,5,0,5452.9091796875,0.0,98100.3125,0.0,0.0,0.0,0.0,0.0,-10.0,0.0,10.0,0.0,-228.0,0.0,228.0,0.0,0.0,0.0,0.0,0.0,0.0,0.0,0.0,0.0,-200.0,0.0,200.0,0.0,0.0,0.0,0.0,0.0,0.0,0.0,0.0,0.0,0.0,0.0,0.0,0.0,0.0,0.0,0.0,0.0,0.0,0.0,0.0,0.0,0.0,0.0,0.0,0.0,0.0,0.0,0.0,0.0,0.0,0.0,0.0,0.0,0.0,0.0,0.0,0.0,0.0,0.0,0.0,0.0,0.0,0.0,0.0,0.0,0.0,0.0,0.0,0.0,-217.9033203125,0.0,217.8984375,0.0,0.0,0.0,0.0,0.0,0.0,0.0,0.0,0.0,0.0,0.0,0.0,0.0,4797.005859375,0.0,98756.2109375,0.0,-655.9033203125,0.0,655.8984375,0.0,-12.028502560720975,0.0,0.6685997247695923,0.0,FL
275509,FL,1203,0.1010281890630722,5,2.0,124275.29296875,55511.712890625,3,2,127.4296875,0.0,155479.953125,3462.57763671875,0.0,34130.16796875,0.0,37592.74560546875,0.0,0.0,0.0,0.0,-127.4296875,0.0,127.421875,0.0,0.0,0.0,0.0,0.0,937.4296875,0.0,-937.421875,0.0,0.0,0.0,0.0,0.0,0.0,0.0,0.0,0.0,0.0,0.0,0.0,0.0,0.0,0.0,0.0,0.0,0.0,0.0,0.0,0.0,0.0,0.0,0.0,0.0,-1.43280029296875,0.0,1.4375,0.0,0.0,0.0,0.0,0.0,0.0,0.0,0.0,0.0,0.0,0.0,0.0,0.0,0.0,0.0,0.0,0.0,0.0,0.0,0.0,0.0,0.0,0.0,0.0,0.0,-140.5133056640625,0.0,140.5,0.0,0.0,0.0,0.0,0.0,0.0,0.0,0.0,0.0,0.0,0.0,0.0,0.0,795.4835815429688,0.0,154811.890625,37592.74560546875,668.0538940429688,0.0,-668.0625,0.0,524.2529485469928,0.0,-0.4296776056289673,0.0,FL
275510,FL,1203,74.05441284179688,3,1.0,0.0,297.8172912597656,3,0,0.0,0.0,86871.8203125,38740.06640625,2763.543212890625,7523.4462890625,0.0,49027.055908203125,0.0,0.0,0.0,0.0,0.0,0.0,0.0,0.0,0.0,0.0,0.0,0.0,0.0,0.0,0.0,0.0,0.0,0.0,0.0,0.0,0.0,0.0,0.0,0.0,0.0,0.0,0.0,0.0,0.0,0.0,0.0,0.0,0.0,0.0,0.0,0.0,0.0,0.0,0.0,0.0,0.0,0.0,0.0,0.0,0.0,0.0,0.0,0.0,0.0,0.0,0.0,0.0,0.0,0.0,0.0,0.0,0.0,0.0,0.0,0.0,0.0,0.0,0.0,0.0,0.0,0.0,0.0,0.0,0.0,0.0,0.0,0.0,0.0,0.0,0.0,0.0,0.0,0.0,0.0,0.0,0.0,0.0,0.0,0.0,0.0,0.0,86871.8203125,49027.055908203125,0.0,0.0,0.0,0.0,0.0,0.0,0.0,0.0,FL
275511,FL,1203,0.23826631903648376,3,1.0,29447.158203125,29474.439453125,3,0,-3643.182373046875,0.0,64934.328125,330.0,0.0,27171.458984375,0.0,27501.458984375,0.0,0.0,0.0,0.0,0.0,0.0,0.0,0.0,0.0,0.0,0.0,0.0,0.0,0.0,0.0,0.0,0.0,0.0,0.0,0.0,0.0,0.0,0.0,0.0,0.0,0.0,0.0,0.0,0.0,0.0,0.0,0.0,0.0,0.0,0.0,0.0,0.0,0.0,0.0,0.0,0.0,0.0,0.0,0.0,0.0,0.0,0.0,0.0,0.0,0.0,0.0,0.0,0.0,0.0,0.0,0.0,0.0,0.0,0.0,0.0,0.0,0.0,0.0,0.0,0.0,0.0,0.0,0.0,0.0,0.0,0.0,0.0,0.0,0.0,0.0,0.0,0.0,0.0,0.0,0.0,0.0,0.0,0.0,0.0,-3643.182373046875,0.0,64934.328125,27501.458984375,0.0,0.0,0.0,0.0,0.0,0.0,0.0,0.0,FL
275512,FL,1203,0.16031773388385773,2,0.0,0.0,1323515.25,0,2,284519.3125,0.0,1046065.1875,0.0,0.0,0.0,0.0,0.0,0.0,0.0,0.0,0.0,0.0,0.0,0.0,0.0,0.0,0.0,0.0,0.0,0.0,0.0,0.0,0.0,0.0,0.0,0.0,0.0,0.0,0.0,0.0,0.0,0.0,0.0,0.0,0.0,0.0,0.0,0.0,0.0,0.0,0.0,0.0,0.0,0.0,0.0,0.0,0.0,0.0,0.0,0.0,0.0,0.0,0.0,0.0,0.0,0.0,0.0,0.0,0.0,0.0,0.0,0.0,0.0,0.0,0.0,0.0,0.0,0.0,0.0,0.0,0.0,0.0,0.0,0.0,0.0,0.0,0.0,0.0,0.0,0.0,0.0,0.0,0.0,0.0,0.0,0.0,0.0,0.0,0.0,0.0,0.0,284519.3125,0.0,1046065.1875,0.0,0.0,0.0,0.0,0.0,0.0,0.0,0.0,0.0,FL
275513,FL,1203,130.19178771972656,1,0.0,0.0,41.36351013183594,1,0,0.0,0.0,66608.296875,33273.734375,0.0,0.0,0.0,33273.734375,0.0,0.0,0.0,0.0,0.0,0.0,0.0,0.0,0.0,0.0,0.0,0.0,0.0,0.0,0.0,0.0,0.0,0.0,0.0,0.0,0.0,0.0,0.0,0.0,0.0,0.0,0.0,0.0,0.0,0.0,0.0,0.0,0.0,0.0,0.0,0.0,0.0,0.0,0.0,0.0,0.0,0.0,0.0,0.0,0.0,0.0,0.0,0.0,0.0,0.0,0.0,0.0,0.0,0.0,0.0,0.0,0.0,0.0,0.0,0.0,0.0,0.0,0.0,0.0,0.0,0.0,0.0,0.0,0.0,0.0,0.0,0.0,0.0,0.0,0.0,0.0,0.0,0.0,0.0,0.0,0.0,0.0,0.0,0.0,0.0,0.0,66608.296875,33273.734375,0.0,0.0,0.0,0.0,0.0,0.0,0.0,0.0,FL
275514,FL,1203,0.11642435193061829,3,0.0,470387.79296875,477246.91796875,1,2,111877.16247558594,0.0,353053.84375,287.68316650390625,0.0,10101.60498046875,0.0,10389.288146972656,-360.25,0.0,360.25,0.0,-560.5,0.0,560.5,0.0,0.0,0.0,0.0,0.0,0.0,0.0,0.0,0.0,0.0,0.0,0.0,0.0,0.0,0.0,0.0,0.0,0.0,0.0,0.0,0.0,0.0,0.0,0.0,0.0,0.0,0.0,0.0,0.0,0.0,0.0,0.0,0.0,-370.0,0.0,370.0,0.0,0.0,0.0,0.0,0.0,0.0,0.0,0.0,0.0,0.0,0.0,0.0,0.0,0.0,0.0,0.0,0.0,0.0,0.0,0.0,0.0,0.0,0.0,0.0,0.0,0.0,0.0,0.0,0.0,0.0,0.0,-287.6875,-287.68316650390625,0.0,0.0,0.0,0.0,0.0,0.0,0.0,0.0,110586.41247558594,0.0,354056.90625,10101.60498046875,-1290.75,0.0,1003.0625,-287.68316650390625,-1.1537207160412832,0.0,0.28411033749580383,-2.7690363616272835,FL
275515,FL,1203,0.13441117107868195,4,0.0,594513.25,596830.4375,4,0,96865.3916015625,0.0,470823.90625,0.0,0.0,0.0,0.0,0.0,-508.0,0.0,508.0,0.0,-665.0,0.0,665.0,0.0,0.0,0.0,0.0,0.0,0.0,0.0,0.0,0.0,0.0,0.0,0.0,0.0,0.0,0.0,0.0,0.0,0.0,0.0,0.0,0.0,0.0,0.0,0.0,0.0,0.0,0.0,0.0,0.0,0.0,0.0,0.0,0.0,0.0,0.0,0.0,0.0,0.0,0.0,0.0,0.0,0.0,0.0,0.0,0.0,0.0,0.0,0.0,0.0,0.0,0.0,0.0,0.0,0.0,0.0,0.0,0.0,0.0,0.0,0.0,0.0,0.0,0.0,0.0,0.0,0.0,0.0,0.0,0.0,0.0,0.0,0.0,0.0,0.0,0.0,0.0,0.0,95692.3916015625,0.0,471996.90625,0.0,-1173.0,0.0,1173.0,0.0,-1.2109588167721594,0.0,0.2491377294063568,0.0,FL
275516,FL,1203,0.08279239386320114,3,1.0,1316479.9375,1396861.5,3,0,424145.90625,0.0,1008124.0,21390.796875,0.0,0.0,0.0,21390.796875,-734.0,0.0,734.0,0.0,-703.0,0.0,703.0,0.0,0.0,0.0,0.0,0.0,0.0,0.0,0.0,0.0,0.0,0.0,0.0,0.0,0.0,0.0,0.0,0.0,0.0,0.0,0.0,0.0,0.0,0.0,0.0,0.0,0.0,0.0,0.0,0.0,0.0,0.0,0.0,0.0,-740.0,0.0,740.0,0.0,0.0,0.0,0.0,0.0,0.0,0.0,0.0,0.0,0.0,0.0,0.0,0.0,0.0,0.0,0.0,0.0,0.0,0.0,0.0,0.0,0.0,0.0,0.0,0.0,0.0,0.0,0.0,0.0,0.0,0.0,0.0,0.0,0.0,0.0,0.0,0.0,0.0,0.0,0.0,0.0,421968.90625,0.0,1010301.0,21390.796875,-2177.0,0.0,2177.0,0.0,-0.5132667716275996,0.0,0.21594564616680145,0.0,FL
275517,FL,1203,0.1742294281721115,2,0.0,237636.796875,347257.21875,2,0,61150.36328125,0.0,274434.25,0.0,0.0,0.0,0.0,0.0,-292.0,0.0,292.0,0.0,-456.0,0.0,456.0,0.0,0.0,0.0,0.0,0.0,0.0,0.0,0.0,0.0,0.0,0.0,0.0,0.0,0.0,0.0,0.0,0.0,0.0,0.0,0.0,0.0,0.0,0.0,0.0,0.0,0.0,0.0,0.0,0.0,0.0,0.0,0.0,0.0,0.0,0.0,0.0,0.0,0.0,0.0,0.0,0.0,0.0,0.0,0.0,0.0,0.0,0.0,0.0,0.0,0.0,0.0,0.0,0.0,0.0,0.0,0.0,0.0,0.0,0.0,0.0,0.0,0.0,0.0,0.0,0.0,0.0,0.0,0.0,0.0,0.0,0.0,0.0,0.0,0.0,0.0,0.0,0.0,60402.36328125,0.0,275182.25,0.0,-748.0,0.0,748.0,0.0,-1.223214319365054,0.0,0.272560715675354,0.0,FL
275518,FL,1203,208.33270263671875,3,2.0,0.0,0.0,2,1,0.0,0.0,34611.4453125,25802.201171875,8809.244140625,0.0,0.0,34611.4453125,0.0,0.0,0.0,0.0,0.0,0.0,0.0,0.0,0.0,0.0,0.0,0.0,0.0,0.0,0.0,0.0,0.0,0.0,0.0,0.0,0.0,0.0,0.0,0.0,0.0,0.0,0.0,0.0,0.0,0.0,0.0,0.0,0.0,0.0,0.0,0.0,0.0,0.0,0.0,0.0,0.0,0.0,0.0,0.0,0.0,0.0,0.0,0.0,0.0,0.0,0.0,0.0,0.0,0.0,0.0,0.0,0.0,0.0,0.0,0.0,0.0,0.0,0.0,0.0,0.0,0.0,0.0,0.0,0.0,0.0,0.0,0.0,0.0,0.0,0.0,0.0,0.0,0.0,0.0,0.0,0.0,0.0,0.0,0.0,0.0,0.0,34611.4453125,34611.4453125,0.0,0.0,0.0,0.0,0.0,0.0,0.0,0.0,FL
275519,FL,1203,43.12960433959961,4,2.0,0.0,-10857.7998046875,4,0,0.0,0.0,43014.578125,20039.70703125,5527.08642578125,0.0,0.0,25566.79345703125,0.0,0.0,0.0,0.0,0.0,0.0,0.0,0.0,0.0,0.0,0.0,0.0,0.0,0.0,0.0,0.0,0.0,0.0,0.0,0.0,0.0,0.0,0.0,0.0,0.0,0.0,0.0,0.0,0.0,0.0,0.0,0.0,0.0,0.0,0.0,0.0,0.0,0.0,0.0,0.0,0.0,0.0,0.0,0.0,0.0,0.0,0.0,0.0,0.0,0.0,0.0,0.0,0.0,0.0,0.0,0.0,0.0,0.0,0.0,0.0,0.0,0.0,0.0,0.0,0.0,0.0,0.0,0.0,0.0,0.0,0.0,0.0,0.0,0.0,0.0,0.0,0.0,0.0,0.0,0.0,0.0,0.0,0.0,0.0,0.0,0.0,43014.578125,25566.79345703125,0.0,0.0,0.0,0.0,0.0,0.0,0.0,0.0,FL
275520,FL,1203,122.1982421875,2,0.0,0.0,2167.371337890625,2,0,0.0,0.0,108737.5,53285.0625,0.0,0.0,0.0,53285.0625,0.0,0.0,0.0,0.0,0.0,0.0,0.0,0.0,0.0,0.0,0.0,0.0,0.0,0.0,0.0,0.0,0.0,0.0,0.0,0.0,0.0,0.0,0.0,0.0,0.0,0.0,0.0,0.0,0.0,0.0,0.0,0.0,0.0,0.0,0.0,0.0,0.0,0.0,0.0,0.0,0.0,0.0,0.0,0.0,0.0,0.0,0.0,0.0,0.0,0.0,0.0,0.0,0.0,0.0,0.0,0.0,0.0,0.0,0.0,0.0,0.0,0.0,0.0,0.0,0.0,0.0,0.0,0.0,0.0,0.0,0.0,0.0,0.0,0.0,0.0,0.0,0.0,0.0,0.0,0.0,0.0,0.0,0.0,0.0,0.0,0.0,108737.5,53285.0625,0.0,0.0,0.0,0.0,0.0,0.0,0.0,0.0,FL
275521,FL,1203,346.9406433105469,1,0.0,0.0,0.0,1,0,0.0,0.0,71020.40625,28135.947265625,0.0,19341.720703125,0.0,47477.66796875,0.0,0.0,0.0,0.0,0.0,0.0,0.0,0.0,0.0,0.0,0.0,0.0,0.0,0.0,0.0,0.0,0.0,0.0,0.0,0.0,0.0,0.0,0.0,0.0,0.0,0.0,0.0,0.0,0.0,0.0,0.0,0.0,0.0,0.0,0.0,0.0,0.0,0.0,0.0,0.0,0.0,0.0,0.0,0.0,0.0,0.0,0.0,0.0,0.0,0.0,0.0,0.0,0.0,0.0,0.0,0.0,0.0,0.0,0.0,0.0,0.0,0.0,0.0,0.0,0.0,0.0,0.0,0.0,0.0,0.0,0.0,0.0,0.0,0.0,0.0,0.0,0.0,0.0,0.0,0.0,0.0,0.0,0.0,0.0,0.0,0.0,71020.40625,47477.66796875,0.0,0.0,0.0,0.0,0.0,0.0,0.0,0.0,FL
275522,FL,1203,118.29681396484375,2,0.0,0.0,-5388.0810546875,2,0,0.0,0.0,67122.890625,33705.2890625,0.0,0.0,0.0,33705.2890625,0.0,0.0,0.0,0.0,0.0,0.0,0.0,0.0,0.0,0.0,0.0,0.0,0.0,0.0,0.0,0.0,0.0,0.0,0.0,0.0,0.0,0.0,0.0,0.0,0.0,0.0,0.0,0.0,0.0,0.0,0.0,0.0,0.0,0.0,0.0,0.0,0.0,0.0,0.0,0.0,0.0,0.0,0.0,0.0,0.0,0.0,0.0,0.0,0.0,0.0,0.0,0.0,0.0,0.0,0.0,0.0,0.0,0.0,0.0,0.0,0.0,0.0,0.0,0.0,0.0,0.0,0.0,0.0,0.0,0.0,0.0,0.0,0.0,0.0,0.0,0.0,0.0,0.0,0.0,0.0,0.0,0.0,0.0,0.0,0.0,0.0,67122.890625,33705.2890625,0.0,0.0,0.0,0.0,0.0,0.0,0.0,0.0,FL
275523,FL,1203,0.18734389543533325,2,0.0,444084.1875,450585.125,2,0,88023.15625,0.0,367646.125,0.0,0.0,0.0,0.0,0.0,-764.0,0.0,764.0,0.0,-608.0,0.0,608.0,0.0,0.0,0.0,0.0,0.0,0.0,0.0,0.0,0.0,0.0,0.0,0.0,0.0,0.0,0.0,0.0,0.0,0.0,0.0,0.0,0.0,0.0,0.0,0.0,0.0,0.0,0.0,0.0,0.0,0.0,0.0,0.0,0.0,0.0,0.0,0.0,0.0,0.0,0.0,0.0,0.0,0.0,0.0,0.0,0.0,0.0,0.0,0.0,0.0,0.0,0.0,0.0,0.0,0.0,0.0,0.0,0.0,0.0,0.0,0.0,0.0,0.0,0.0,0.0,0.0,0.0,0.0,0.0,0.0,0.0,0.0,0.0,0.0,0.0,0.0,0.0,0.0,86651.15625,0.0,369018.125,0.0,-1372.0,0.0,1372.0,0.0,-1.5586807590758256,0.0,0.3731849491596222,0.0,FL
275524,FL,1203,236.56622314453125,1,0.0,0.0,0.0,1,0,0.0,0.0,17157.923828125,3926.039794921875,13231.8837890625,0.0,0.0,17157.923583984375,0.0,0.0,0.0,0.0,0.0,0.0,0.0,0.0,0.0,0.0,0.0,0.0,0.0,0.0,0.0,0.0,0.0,0.0,0.0,0.0,0.0,0.0,0.0,0.0,0.0,0.0,0.0,0.0,0.0,0.0,0.0,0.0,0.0,0.0,0.0,0.0,0.0,0.0,0.0,0.0,0.0,0.0,0.0,0.0,0.0,0.0,0.0,0.0,0.0,0.0,0.0,0.0,0.0,0.0,0.0,0.0,0.0,0.0,0.0,0.0,0.0,0.0,0.0,0.0,0.0,0.0,0.0,0.0,0.0,0.0,0.0,0.0,0.0,0.0,0.0,0.0,0.0,0.0,0.0,0.0,0.0,0.0,0.0,0.0,0.0,0.0,17157.923828125,17157.923583984375,0.0,0.0,0.0,0.0,0.0,0.0,0.0,0.0,FL
275525,FL,1203,79.28763580322266,1,0.0,0.0,165.45404052734375,1,0,0.0,0.0,54679.2890625,27361.830078125,0.0,0.0,0.0,27361.830078125,0.0,0.0,0.0,0.0,0.0,0.0,0.0,0.0,0.0,0.0,0.0,0.0,0.0,0.0,0.0,0.0,0.0,0.0,0.0,0.0,0.0,0.0,0.0,0.0,0.0,0.0,0.0,0.0,0.0,0.0,0.0,0.0,0.0,0.0,0.0,0.0,0.0,0.0,0.0,0.0,0.0,0.0,0.0,0.0,0.0,0.0,0.0,0.0,0.0,0.0,0.0,0.0,0.0,0.0,0.0,0.0,0.0,0.0,0.0,0.0,0.0,0.0,0.0,0.0,0.0,0.0,0.0,0.0,0.0,0.0,0.0,0.0,0.0,0.0,0.0,0.0,0.0,0.0,0.0,0.0,0.0,0.0,0.0,0.0,0.0,0.0,54679.2890625,27361.830078125,0.0,0.0,0.0,0.0,0.0,0.0,0.0,0.0,FL
275526,FL,1203,127.26301574707031,1,0.0,0.0,806.3076171875,1,0,0.0,0.0,51575.5234375,24981.3984375,0.0,0.0,0.0,24981.3984375,0.0,0.0,0.0,0.0,0.0,0.0,0.0,0.0,0.0,0.0,0.0,0.0,0.0,0.0,0.0,0.0,0.0,0.0,0.0,0.0,0.0,0.0,0.0,0.0,0.0,0.0,0.0,0.0,0.0,0.0,0.0,0.0,0.0,0.0,0.0,0.0,0.0,0.0,0.0,0.0,0.0,0.0,0.0,0.0,0.0,0.0,0.0,0.0,0.0,0.0,0.0,0.0,0.0,0.0,0.0,0.0,0.0,0.0,0.0,0.0,0.0,0.0,0.0,0.0,0.0,0.0,0.0,0.0,0.0,0.0,0.0,0.0,0.0,0.0,0.0,0.0,0.0,0.0,0.0,0.0,0.0,0.0,0.0,0.0,0.0,0.0,51575.5234375,24981.3984375,0.0,0.0,0.0,0.0,0.0,0.0,0.0,0.0,FL
275527,FL,1203,70.40178680419922,1,0.0,0.0,19.85448455810547,1,0,0.0,0.0,65948.859375,32959.83203125,0.0,0.0,0.0,32959.83203125,0.0,0.0,0.0,0.0,0.0,0.0,0.0,0.0,0.0,0.0,0.0,0.0,0.0,0.0,0.0,0.0,0.0,0.0,0.0,0.0,0.0,0.0,0.0,0.0,0.0,0.0,0.0,0.0,0.0,0.0,0.0,0.0,0.0,0.0,0.0,0.0,0.0,0.0,0.0,0.0,0.0,0.0,0.0,0.0,0.0,0.0,0.0,0.0,0.0,0.0,0.0,0.0,0.0,0.0,0.0,0.0,0.0,0.0,0.0,0.0,0.0,0.0,0.0,0.0,0.0,0.0,0.0,0.0,0.0,0.0,0.0,0.0,0.0,0.0,0.0,0.0,0.0,0.0,0.0,0.0,0.0,0.0,0.0,0.0,0.0,0.0,65948.859375,32959.83203125,0.0,0.0,0.0,0.0,0.0,0.0,0.0,0.0,FL
275528,FL,1203,92.82097625732422,1,0.0,0.0,0.0,1,0,0.0,0.0,93277.1953125,46638.59765625,0.0,0.0,0.0,46638.59765625,0.0,0.0,0.0,0.0,0.0,0.0,0.0,0.0,0.0,0.0,0.0,0.0,0.0,0.0,0.0,0.0,0.0,0.0,0.0,0.0,0.0,0.0,0.0,0.0,0.0,0.0,0.0,0.0,0.0,0.0,0.0,0.0,0.0,0.0,0.0,0.0,0.0,0.0,0.0,0.0,0.0,0.0,0.0,0.0,0.0,0.0,0.0,0.0,0.0,0.0,0.0,0.0,0.0,0.0,0.0,0.0,0.0,0.0,0.0,0.0,0.0,0.0,0.0,0.0,0.0,0.0,0.0,0.0,0.0,0.0,0.0,0.0,0.0,0.0,0.0,0.0,0.0,0.0,0.0,0.0,0.0,0.0,0.0,0.0,0.0,0.0,93277.1953125,46638.59765625,0.0,0.0,0.0,0.0,0.0,0.0,0.0,0.0,FL
275529,FL,1203,0.1375718116760254,2,0.0,0.0,783000.25,2,0,217531.171875,0.0,608076.125,29973.390625,0.0,0.0,0.0,29973.390625,-749.0,0.0,749.0,0.0,-665.0,0.0,665.0,0.0,0.0,0.0,0.0,0.0,0.0,0.0,0.0,0.0,0.0,0.0,0.0,0.0,0.0,0.0,0.0,0.0,-1750.0,0.0,1750.0,0.0,0.0,0.0,0.0,0.0,0.0,0.0,0.0,0.0,0.0,0.0,0.0,0.0,-700.0,0.0,700.0,0.0,0.0,0.0,0.0,0.0,0.0,0.0,0.0,0.0,0.0,0.0,0.0,0.0,0.0,0.0,0.0,0.0,0.0,0.0,0.0,0.0,0.0,0.0,0.0,0.0,0.0,0.0,0.0,0.0,0.0,0.0,0.0,0.0,0.0,0.0,0.0,0.0,0.0,0.0,0.0,0.0,213667.171875,0.0,611940.125,29973.390625,-3864.0,0.0,3864.0,0.0,-1.776297147068362,0.0,0.6354467272758484,0.0,FL
275530,FL,1203,0.13851182162761688,3,0.0,187064.609375,187064.609375,0,3,17136.89697265625,0.0,155729.828125,0.0,0.0,0.0,0.0,0.0,-125.0,0.0,125.0,0.0,-437.0,0.0,437.0,0.0,0.0,0.0,0.0,0.0,0.0,0.0,0.0,0.0,0.0,0.0,0.0,0.0,0.0,0.0,0.0,0.0,0.0,0.0,0.0,0.0,0.0,0.0,0.0,0.0,0.0,0.0,0.0,0.0,0.0,0.0,0.0,0.0,0.0,0.0,0.0,0.0,0.0,0.0,0.0,0.0,0.0,0.0,0.0,0.0,0.0,0.0,0.0,0.0,0.0,0.0,0.0,0.0,0.0,0.0,0.0,0.0,0.0,0.0,0.0,0.0,0.0,0.0,0.0,0.0,0.0,0.0,0.0,0.0,0.0,0.0,0.0,0.0,0.0,0.0,0.0,0.0,16574.89697265625,0.0,156291.828125,0.0,-562.0,0.0,562.0,0.0,-3.2794735295236417,0.0,0.36088141798973083,0.0,FL
275531,FL,1203,63.38258361816406,1,0.0,0.0,0.0,1,0,0.0,0.0,77691.03125,38845.515625,0.0,0.0,0.0,38845.515625,0.0,0.0,0.0,0.0,0.0,0.0,0.0,0.0,0.0,0.0,0.0,0.0,0.0,0.0,0.0,0.0,0.0,0.0,0.0,0.0,0.0,0.0,0.0,0.0,0.0,0.0,0.0,0.0,0.0,0.0,0.0,0.0,0.0,0.0,0.0,0.0,0.0,0.0,0.0,0.0,0.0,0.0,0.0,0.0,0.0,0.0,0.0,0.0,0.0,0.0,0.0,0.0,0.0,0.0,0.0,0.0,0.0,0.0,0.0,0.0,0.0,0.0,0.0,0.0,0.0,0.0,0.0,0.0,0.0,0.0,0.0,0.0,0.0,0.0,0.0,0.0,0.0,0.0,0.0,0.0,0.0,0.0,0.0,0.0,0.0,0.0,77691.03125,38845.515625,0.0,0.0,0.0,0.0,0.0,0.0,0.0,0.0,FL
275532,FL,1203,194.17990112304688,1,0.0,0.0,0.0,1,0,0.0,0.0,17157.923828125,3926.039794921875,13231.8837890625,0.0,0.0,17157.923583984375,0.0,0.0,0.0,0.0,0.0,0.0,0.0,0.0,0.0,0.0,0.0,0.0,0.0,0.0,0.0,0.0,0.0,0.0,0.0,0.0,0.0,0.0,0.0,0.0,0.0,0.0,0.0,0.0,0.0,0.0,0.0,0.0,0.0,0.0,0.0,0.0,0.0,0.0,0.0,0.0,0.0,0.0,0.0,0.0,0.0,0.0,0.0,0.0,0.0,0.0,0.0,0.0,0.0,0.0,0.0,0.0,0.0,0.0,0.0,0.0,0.0,0.0,0.0,0.0,0.0,0.0,0.0,0.0,0.0,0.0,0.0,0.0,0.0,0.0,0.0,0.0,0.0,0.0,0.0,0.0,0.0,0.0,0.0,0.0,0.0,0.0,17157.923828125,17157.923583984375,0.0,0.0,0.0,0.0,0.0,0.0,0.0,0.0,FL
275533,FL,1203,0.13518936932086945,4,2.0,218352.8515625,249217.703125,4,0,21501.751953125,0.0,221531.34375,9739.2109375,0.0,0.0,0.0,9739.2109375,-230.0,0.0,230.0,0.0,0.0,0.0,0.0,0.0,0.0,0.0,0.0,0.0,0.0,0.0,0.0,0.0,-400.0,0.0,400.0,0.0,0.0,0.0,0.0,0.0,0.0,0.0,0.0,0.0,0.0,0.0,0.0,0.0,0.0,0.0,0.0,0.0,0.0,0.0,0.0,0.0,0.0,0.0,0.0,0.0,0.0,0.0,0.0,0.0,0.0,0.0,0.0,0.0,0.0,0.0,0.0,0.0,0.0,0.0,0.0,0.0,0.0,0.0,0.0,0.0,0.0,0.0,0.0,0.0,0.0,0.0,0.0,0.0,0.0,0.0,0.0,0.0,0.0,0.0,0.0,0.0,0.0,0.0,0.0,0.0,20871.751953125,0.0,222161.34375,9739.2109375,-630.0,0.0,630.0,0.0,-2.929993804102264,0.0,0.2843841314315796,0.0,FL
275534,FL,1203,0.13143716752529144,1,0.0,0.0,1233981.375,1,0,357907.90625,0.0,929340.5,36163.16796875,0.0,0.0,0.0,36163.16796875,-350.25,0.0,350.25,0.0,-351.5,0.0,351.5,0.0,0.0,0.0,0.0,0.0,0.0,0.0,0.0,0.0,0.0,0.0,0.0,0.0,0.0,0.0,0.0,0.0,0.0,0.0,0.0,0.0,0.0,0.0,0.0,0.0,0.0,0.0,0.0,0.0,0.0,0.0,0.0,0.0,0.0,0.0,0.0,0.0,0.0,0.0,0.0,0.0,0.0,0.0,0.0,0.0,0.0,0.0,0.0,0.0,0.0,0.0,0.0,0.0,0.0,0.0,0.0,0.0,0.0,0.0,0.0,0.0,0.0,0.0,0.0,0.0,0.0,0.0,0.0,0.0,0.0,0.0,0.0,0.0,0.0,0.0,0.0,0.0,357206.15625,0.0,930042.25,36163.16796875,-701.75,0.0,701.75,0.0,-0.19606999111939846,0.0,0.07551053166389465,0.0,FL
275535,FL,1203,0.12436698377132416,2,1.0,168410.4453125,69687.078125,2,0,2042.449462890625,0.0,153484.59375,0.0,0.0,0.0,0.0,0.0,-10.0,0.0,10.0,0.0,-228.0,0.0,228.0,0.0,0.0,0.0,0.0,0.0,0.0,0.0,0.0,0.0,-200.0,0.0,200.0,0.0,0.0,0.0,0.0,0.0,0.0,0.0,0.0,0.0,0.0,0.0,0.0,0.0,0.0,0.0,0.0,0.0,0.0,0.0,0.0,0.0,-86.49853515625,0.0,86.5,0.0,0.0,0.0,0.0,0.0,0.0,0.0,0.0,0.0,0.0,0.0,0.0,0.0,0.0,0.0,0.0,0.0,0.0,0.0,0.0,0.0,-720.0,0.0,720.0,0.0,0.0,0.0,0.0,0.0,0.0,0.0,0.0,0.0,0.0,0.0,0.0,0.0,0.0,0.0,0.0,0.0,797.950927734375,0.0,154729.09375,0.0,-1244.49853515625,0.0,1244.5,0.0,-60.931668458270885,0.0,0.8108305931091309,0.0,FL
275536,FL,1203,0.16267918050289154,8,1.0,419713.69921875,440129.4375,7,1,38718.54248046875,0.0,385539.40625,0.0,0.0,15497.1455078125,0.0,15497.1455078125,-365.0,0.0,365.0,0.0,-1083.0,0.0,1083.0,0.0,0.0,0.0,0.0,0.0,0.0,0.0,0.0,0.0,-200.0,0.0,200.0,0.0,0.0,0.0,0.0,0.0,-110.41943359375,0.0,110.4375,0.0,0.0,0.0,0.0,0.0,0.0,0.0,0.0,0.0,0.0,0.0,0.0,0.0,-38.06884765625,0.0,38.0625,0.0,0.0,0.0,0.0,0.0,0.0,0.0,0.0,0.0,0.0,0.0,0.0,0.0,0.0,0.0,0.0,0.0,0.0,0.0,0.0,0.0,-1747.416015625,0.0,1747.4375,0.0,-1102.7568359375,0.0,1102.75,0.0,0.0,0.0,0.0,0.0,0.0,0.0,0.0,0.0,0.0,0.0,0.0,0.0,34071.88134765625,0.0,390186.09375,15497.1455078125,-4646.6611328125,0.0,4646.6875,0.0,-12.00112616624572,0.0,1.2052431106567383,0.0,FL
275537,FL,1203,0.1540166139602661,4,1.0,743492.1875,766075.1875,4,0,196380.8125,0.0,610126.5,0.0,0.0,0.0,0.0,0.0,-749.0,0.0,749.0,0.0,-665.0,0.0,665.0,0.0,0.0,0.0,0.0,0.0,0.0,0.0,0.0,0.0,0.0,0.0,0.0,0.0,0.0,0.0,0.0,0.0,0.0,0.0,0.0,0.0,0.0,0.0,0.0,0.0,0.0,0.0,0.0,0.0,0.0,0.0,0.0,0.0,-700.0,0.0,700.0,0.0,0.0,0.0,0.0,0.0,0.0,0.0,0.0,0.0,0.0,0.0,0.0,0.0,0.0,0.0,0.0,0.0,0.0,0.0,0.0,0.0,0.0,0.0,0.0,0.0,0.0,0.0,0.0,0.0,0.0,0.0,0.0,0.0,0.0,0.0,0.0,0.0,0.0,0.0,0.0,0.0,194266.8125,0.0,612240.5,0.0,-2114.0,0.0,2114.0,0.0,-1.076479913229812,0.0,0.34648552536964417,0.0,FL
275538,FL,1203,149.68264770507812,1,0.0,0.0,0.0,1,0,0.0,0.0,25910.828125,12678.9443359375,13231.8837890625,0.0,0.0,25910.828125,0.0,0.0,0.0,0.0,0.0,0.0,0.0,0.0,0.0,0.0,0.0,0.0,0.0,0.0,0.0,0.0,0.0,0.0,0.0,0.0,0.0,0.0,0.0,0.0,0.0,0.0,0.0,0.0,0.0,0.0,0.0,0.0,0.0,0.0,0.0,0.0,0.0,0.0,0.0,0.0,0.0,0.0,0.0,0.0,0.0,0.0,0.0,0.0,0.0,0.0,0.0,0.0,0.0,0.0,0.0,0.0,0.0,0.0,0.0,0.0,0.0,0.0,0.0,0.0,0.0,0.0,0.0,0.0,0.0,0.0,0.0,0.0,0.0,0.0,0.0,0.0,0.0,0.0,0.0,0.0,0.0,0.0,0.0,0.0,0.0,0.0,25910.828125,25910.828125,0.0,0.0,0.0,0.0,0.0,0.0,0.0,0.0,FL
275539,FL,1203,372.1985778808594,1,0.0,0.0,0.8272702097892761,1,0,0.0,0.0,55526.1640625,29213.767578125,13231.8837890625,0.0,0.0,42445.6513671875,0.0,0.0,0.0,0.0,0.0,0.0,0.0,0.0,0.0,0.0,0.0,0.0,0.0,0.0,0.0,0.0,0.0,0.0,0.0,0.0,0.0,0.0,0.0,0.0,0.0,0.0,0.0,0.0,0.0,0.0,0.0,0.0,0.0,0.0,0.0,0.0,0.0,0.0,0.0,0.0,0.0,0.0,0.0,0.0,0.0,0.0,0.0,0.0,0.0,0.0,0.0,0.0,0.0,0.0,0.0,0.0,0.0,0.0,0.0,0.0,0.0,0.0,0.0,0.0,0.0,0.0,0.0,0.0,0.0,0.0,0.0,0.0,0.0,0.0,0.0,0.0,0.0,0.0,0.0,0.0,0.0,0.0,0.0,0.0,0.0,0.0,55526.1640625,42445.6513671875,0.0,0.0,0.0,0.0,0.0,0.0,0.0,0.0,FL
275540,FL,1203,0.13111789524555206,1,0.0,48221.375,47857.96484375,1,0,2650.974365234375,0.0,69409.21875,0.0,0.0,0.0,0.0,0.0,-5.0,0.0,5.0,0.0,0.0,0.0,0.0,0.0,0.0,0.0,0.0,0.0,0.0,0.0,0.0,0.0,0.0,0.0,0.0,0.0,0.0,0.0,0.0,0.0,0.0,0.0,0.0,0.0,0.0,0.0,0.0,0.0,0.0,0.0,0.0,0.0,0.0,0.0,0.0,0.0,0.0,0.0,0.0,0.0,0.0,0.0,0.0,0.0,0.0,0.0,0.0,0.0,0.0,0.0,0.0,0.0,0.0,0.0,0.0,0.0,0.0,0.0,0.0,0.0,0.0,0.0,0.0,0.0,-74.19091796875,0.0,74.1875,0.0,0.0,0.0,0.0,0.0,0.0,0.0,0.0,0.0,0.0,0.0,0.0,0.0,2571.783447265625,0.0,69488.40625,0.0,-79.19091796875,0.0,79.1875,0.0,-2.9872381644757495,0.0,0.11408787965774536,0.0,FL
275541,FL,1203,0.17172777652740479,2,0.0,528656.1875,534021.375,0,2,114807.015625,0.0,438941.8125,0.0,0.0,0.0,0.0,0.0,-764.0,0.0,764.0,0.0,-608.0,0.0,608.0,0.0,0.0,0.0,0.0,0.0,0.0,0.0,0.0,0.0,0.0,0.0,0.0,0.0,0.0,0.0,0.0,0.0,0.0,0.0,0.0,0.0,0.0,0.0,0.0,0.0,0.0,0.0,0.0,0.0,0.0,0.0,0.0,0.0,0.0,0.0,0.0,0.0,0.0,0.0,0.0,0.0,0.0,0.0,0.0,0.0,0.0,0.0,0.0,0.0,0.0,0.0,0.0,0.0,0.0,0.0,0.0,0.0,0.0,0.0,0.0,0.0,0.0,0.0,0.0,0.0,0.0,0.0,0.0,0.0,0.0,0.0,0.0,0.0,0.0,0.0,0.0,0.0,113435.015625,0.0,440313.8125,0.0,-1372.0,0.0,1372.0,0.0,-1.1950489197292902,0.0,0.31256988644599915,0.0,FL
275542,FL,1203,0.11920256167650223,2,0.0,466635.40625,490009.90625,2,0,113567.6357421875,0.0,384028.03125,0.0,0.0,0.0,0.0,0.0,-477.25,0.0,477.25,0.0,-541.5,0.0,541.5,0.0,0.0,0.0,0.0,0.0,0.0,0.0,0.0,0.0,0.0,0.0,0.0,0.0,0.0,0.0,0.0,0.0,0.0,0.0,0.0,0.0,0.0,0.0,0.0,0.0,0.0,0.0,0.0,0.0,0.0,0.0,0.0,0.0,0.0,0.0,0.0,0.0,0.0,0.0,0.0,0.0,0.0,0.0,0.0,0.0,0.0,0.0,0.0,0.0,0.0,0.0,0.0,0.0,0.0,0.0,0.0,0.0,0.0,0.0,0.0,0.0,0.0,0.0,0.0,0.0,0.0,0.0,0.0,0.0,0.0,0.0,0.0,0.0,0.0,0.0,0.0,0.0,112548.8857421875,0.0,385046.78125,0.0,-1018.75,0.0,1018.75,0.0,-0.8970425362316143,0.0,0.2652800977230072,0.0,FL
275543,FL,1203,0.0017319403123110533,2,0.0,174116.984375,564675.3125,2,0,99025.6796875,0.0,464334.125,0.0,0.0,0.0,0.0,0.0,-764.0,0.0,764.0,0.0,-608.0,0.0,608.0,0.0,0.0,0.0,0.0,0.0,0.0,0.0,0.0,0.0,0.0,0.0,0.0,0.0,0.0,0.0,0.0,0.0,0.0,0.0,0.0,0.0,0.0,0.0,0.0,0.0,0.0,0.0,0.0,0.0,0.0,0.0,0.0,0.0,-640.0,0.0,640.0,0.0,0.0,0.0,0.0,0.0,0.0,0.0,0.0,0.0,0.0,0.0,0.0,0.0,0.0,0.0,0.0,0.0,0.0,0.0,0.0,0.0,0.0,0.0,0.0,0.0,0.0,0.0,0.0,0.0,0.0,0.0,0.0,0.0,0.0,0.0,0.0,0.0,0.0,0.0,0.0,0.0,97013.6796875,0.0,466346.125,0.0,-2012.0,0.0,2012.0,0.0,-2.0317962031155585,0.0,0.4333086907863617,0.0,FL
275544,FL,1203,394.3162841796875,4,3.0,0.0,0.0,3,1,0.0,0.0,27806.4140625,16233.626953125,11572.787353515625,0.0,0.0,27806.414306640625,0.0,0.0,0.0,0.0,0.0,0.0,0.0,0.0,0.0,0.0,0.0,0.0,0.0,0.0,0.0,0.0,0.0,0.0,0.0,0.0,0.0,0.0,0.0,0.0,0.0,0.0,0.0,0.0,0.0,0.0,0.0,0.0,0.0,0.0,0.0,0.0,0.0,0.0,0.0,0.0,0.0,0.0,0.0,0.0,0.0,0.0,0.0,0.0,0.0,0.0,0.0,0.0,0.0,0.0,0.0,0.0,0.0,0.0,0.0,0.0,0.0,0.0,0.0,0.0,0.0,0.0,0.0,0.0,0.0,0.0,0.0,0.0,0.0,0.0,0.0,0.0,0.0,0.0,0.0,0.0,0.0,0.0,-2763.54296875,-2763.543212890625,0.0,0.0,25042.87109375,25042.87109375,0.0,0.0,-2763.54296875,-2763.543212890625,0.0,0.0,-9.938508987426758,-9.938509807180159,FL
275545,FL,1203,9268.04296875,2,0.0,0.0,131647.59375,2,0,11279.7109375,0.0,180760.0,52317.19140625,0.0,0.0,0.0,52317.19140625,-10.0,0.0,10.0,0.0,-228.0,0.0,228.0,0.0,0.0,0.0,0.0,0.0,0.0,0.0,0.0,0.0,0.0,0.0,0.0,0.0,0.0,0.0,0.0,0.0,0.0,0.0,0.0,0.0,0.0,0.0,0.0,0.0,0.0,0.0,0.0,0.0,0.0,0.0,0.0,0.0,0.0,0.0,0.0,0.0,0.0,0.0,0.0,0.0,0.0,0.0,0.0,0.0,0.0,0.0,0.0,0.0,0.0,0.0,0.0,0.0,0.0,0.0,0.0,0.0,-1440.0,0.0,1440.0,0.0,0.0,0.0,0.0,0.0,0.0,0.0,0.0,0.0,0.0,0.0,0.0,0.0,0.0,0.0,0.0,0.0,9601.7109375,0.0,182438.0,52317.19140625,-1678.0,0.0,1678.0,0.0,-14.876267745668903,0.0,0.9283027648925781,0.0,FL
275546,FL,1203,26.521543502807617,3,1.0,145750.8798828125,138552.265625,3,0,11400.3828125,0.0,164626.15625,0.0,0.0,0.0,0.0,0.0,-230.0,0.0,230.0,0.0,-418.0,0.0,418.0,0.0,0.0,0.0,0.0,0.0,0.0,0.0,0.0,0.0,-200.0,0.0,200.0,0.0,0.0,0.0,0.0,0.0,0.0,0.0,0.0,0.0,0.0,0.0,0.0,0.0,0.0,0.0,0.0,0.0,0.0,0.0,0.0,0.0,-112.1533203125,0.0,112.15625,0.0,0.0,0.0,0.0,0.0,0.0,0.0,0.0,0.0,0.0,0.0,0.0,0.0,0.0,0.0,0.0,0.0,0.0,0.0,0.0,0.0,0.0,0.0,0.0,0.0,0.0,0.0,0.0,0.0,0.0,0.0,0.0,0.0,0.0,0.0,0.0,0.0,0.0,0.0,0.0,0.0,10440.2294921875,0.0,165586.3125,0.0,-960.1533203125,0.0,960.15625,0.0,-8.422114731618798,0.0,0.5832343101501465,0.0,FL
275547,FL,1203,62.94382095336914,2,0.0,581897.1875,605428.890625,2,0,142507.46875,0.0,468760.5625,0.0,0.0,0.0,0.0,0.0,-493.25,0.0,493.25,0.0,-560.5,0.0,560.5,0.0,0.0,0.0,0.0,0.0,0.0,0.0,0.0,0.0,0.0,0.0,0.0,0.0,0.0,0.0,0.0,0.0,-982.828125,0.0,982.84375,0.0,0.0,0.0,0.0,0.0,0.0,0.0,0.0,0.0,0.0,0.0,0.0,0.0,0.0,0.0,0.0,0.0,0.0,0.0,0.0,0.0,0.0,0.0,0.0,0.0,0.0,0.0,0.0,0.0,0.0,0.0,0.0,0.0,0.0,0.0,0.0,0.0,0.0,0.0,0.0,0.0,0.0,0.0,0.0,0.0,0.0,0.0,0.0,0.0,0.0,0.0,0.0,0.0,0.0,0.0,0.0,0.0,140470.890625,0.0,470797.15625,0.0,-2036.578125,0.0,2036.59375,0.0,-1.4291027290455611,0.0,0.4344635605812073,0.0,FL
275548,FL,1203,0.6128610968589783,5,3.0,98114.28125,100576.3515625,5,0,1885.11474609375,0.0,109831.828125,0.0,0.0,0.0,0.0,0.0,-10.0,0.0,10.0,0.0,-228.0,0.0,228.0,0.0,0.0,0.0,0.0,0.0,0.0,0.0,0.0,0.0,-600.0,0.0,600.0,0.0,0.0,0.0,0.0,0.0,0.0,0.0,0.0,0.0,0.0,0.0,0.0,0.0,0.0,0.0,0.0,0.0,0.0,0.0,0.0,0.0,-240.0,0.0,240.0,0.0,0.0,0.0,0.0,0.0,0.0,0.0,0.0,0.0,0.0,0.0,0.0,0.0,0.0,0.0,0.0,0.0,0.0,0.0,0.0,0.0,0.0,0.0,0.0,0.0,-217.9033203125,0.0,217.90625,0.0,0.0,0.0,0.0,0.0,0.0,0.0,0.0,0.0,0.0,0.0,0.0,0.0,589.21142578125,0.0,111127.734375,0.0,-1295.9033203125,0.0,1295.90625,0.0,-68.74400208251579,0.0,1.1799005270004272,0.0,FL
275549,FL,1203,0.6248699426651001,1,0.0,1274186.75,1311128.875,1,0,431758.84375,0.0,870585.5,23542.736328125,0.0,0.0,0.0,23542.736328125,-350.25,0.0,350.25,0.0,0.0,0.0,0.0,0.0,0.0,0.0,0.0,0.0,0.0,0.0,0.0,0.0,0.0,0.0,0.0,0.0,0.0,0.0,0.0,0.0,-1850.0,0.0,1850.0,0.0,0.0,0.0,0.0,0.0,0.0,0.0,0.0,0.0,0.0,0.0,0.0,0.0,0.0,0.0,0.0,0.0,0.0,0.0,0.0,0.0,0.0,0.0,0.0,0.0,0.0,0.0,0.0,0.0,0.0,0.0,0.0,0.0,0.0,0.0,0.0,0.0,0.0,0.0,0.0,0.0,0.0,0.0,0.0,0.0,0.0,0.0,0.0,0.0,0.0,0.0,0.0,0.0,0.0,0.0,0.0,0.0,429558.59375,0.0,872785.75,23542.736328125,-2200.25,0.0,2200.25,0.0,-0.5096016055837884,0.0,0.25273221731185913,0.0,FL
275550,FL,1203,1238.7862548828125,4,0.0,63427.986328125,64563.0785446167,4,0,3489.55712890625,0.0,168109.515625,52173.3203125,0.0,4757.91259765625,0.0,56931.23291015625,-10.0,0.0,10.0,0.0,-211.7265625,0.0,211.71875,0.0,0.0,0.0,0.0,0.0,0.0,0.0,0.0,0.0,0.0,0.0,0.0,0.0,0.0,0.0,0.0,0.0,0.0,0.0,0.0,0.0,0.0,0.0,0.0,0.0,0.0,0.0,0.0,0.0,0.0,0.0,0.0,0.0,0.0,0.0,0.0,0.0,0.0,0.0,0.0,0.0,0.0,0.0,0.0,0.0,0.0,0.0,0.0,0.0,0.0,0.0,0.0,0.0,0.0,0.0,0.0,0.0,0.0,0.0,0.0,0.0,-166.4541015625,0.0,166.453125,0.0,0.0,0.0,0.0,0.0,0.0,0.0,0.0,0.0,0.0,0.0,0.0,0.0,3101.37646484375,0.0,168497.6875,56931.23291015625,-388.1806640625,0.0,388.171875,0.0,-11.124066743225077,0.0,0.23090416193008423,0.0,FL
275551,FL,1203,180.18508911132812,1,0.0,0.0,408.08892822265625,1,0,0.0,0.0,33463.453125,12812.12109375,13231.8837890625,0.0,0.0,26044.0048828125,0.0,0.0,0.0,0.0,0.0,0.0,0.0,0.0,0.0,0.0,0.0,0.0,0.0,0.0,0.0,0.0,0.0,0.0,0.0,0.0,0.0,0.0,0.0,0.0,0.0,0.0,0.0,0.0,0.0,0.0,0.0,0.0,0.0,0.0,0.0,0.0,0.0,0.0,0.0,0.0,0.0,0.0,0.0,0.0,0.0,0.0,0.0,0.0,0.0,0.0,0.0,0.0,0.0,0.0,0.0,0.0,0.0,0.0,0.0,0.0,0.0,0.0,0.0,0.0,0.0,0.0,0.0,0.0,0.0,0.0,0.0,0.0,0.0,0.0,0.0,0.0,0.0,0.0,0.0,0.0,0.0,0.0,0.0,0.0,0.0,0.0,33463.453125,26044.0048828125,0.0,0.0,0.0,0.0,0.0,0.0,0.0,0.0,FL
275552,FL,1203,661.1271362304688,1,0.0,80851.328125,80851.328125,1,0,9281.2919921875,0.0,65835.171875,0.0,0.0,0.0,0.0,0.0,-115.0,0.0,115.0,0.0,-209.0,0.0,209.0,0.0,0.0,0.0,0.0,0.0,0.0,0.0,0.0,0.0,0.0,0.0,0.0,0.0,0.0,0.0,0.0,0.0,0.0,0.0,0.0,0.0,0.0,0.0,0.0,0.0,0.0,0.0,0.0,0.0,0.0,0.0,0.0,0.0,0.0,0.0,0.0,0.0,0.0,0.0,0.0,0.0,0.0,0.0,0.0,0.0,0.0,0.0,0.0,0.0,0.0,0.0,0.0,0.0,-3336.4990234375,0.0,3336.5,0.0,0.0,0.0,0.0,0.0,-103.76318359375,0.0,103.765625,0.0,0.0,0.0,0.0,0.0,0.0,0.0,0.0,0.0,0.0,0.0,0.0,0.0,5517.02978515625,0.0,69599.4375,0.0,-3764.26220703125,0.0,3764.265625,0.0,-40.557523782247195,0.0,5.71771240234375,0.0,FL
275553,FL,1203,3693.723876953125,5,0.0,500895.140625,513793.125,4,1,72778.599609375,0.0,480025.65625,11771.3681640625,0.0,0.0,0.0,11771.3681640625,-492.0,0.0,492.0,0.0,-456.0,0.0,456.0,0.0,0.0,0.0,0.0,0.0,0.0,0.0,0.0,0.0,0.0,0.0,0.0,0.0,0.0,0.0,0.0,0.0,0.0,0.0,0.0,0.0,0.0,0.0,0.0,0.0,0.0,0.0,0.0,0.0,0.0,0.0,0.0,0.0,0.0,0.0,0.0,0.0,0.0,0.0,0.0,0.0,0.0,0.0,0.0,0.0,0.0,0.0,0.0,0.0,0.0,0.0,0.0,0.0,0.0,0.0,0.0,0.0,-833.919921875,0.0,833.90625,0.0,-422.6025390625,0.0,422.625,0.0,0.0,0.0,0.0,0.0,0.0,0.0,0.0,0.0,0.0,0.0,0.0,0.0,70574.0771484375,0.0,482230.1875,11771.3681640625,-2204.5224609375,0.0,2204.53125,0.0,-3.029080626406452,0.0,0.45925280451774597,0.0,FL
275554,FL,1203,0.6582435965538025,2,0.0,155597.5703125,155681.125,2,0,17237.84765625,0.0,131262.09375,0.0,0.0,0.0,0.0,0.0,-230.0,0.0,230.0,0.0,-414.4482421875,0.0,414.453125,0.0,0.0,0.0,0.0,0.0,0.0,0.0,0.0,0.0,0.0,0.0,0.0,0.0,0.0,0.0,0.0,0.0,0.0,0.0,0.0,0.0,0.0,0.0,0.0,0.0,0.0,0.0,0.0,0.0,0.0,0.0,0.0,0.0,-220.0,0.0,220.0,0.0,0.0,0.0,0.0,0.0,0.0,0.0,0.0,0.0,0.0,0.0,0.0,0.0,0.0,0.0,0.0,0.0,0.0,0.0,0.0,0.0,0.0,0.0,0.0,0.0,-373.0810546875,0.0,373.078125,0.0,0.0,0.0,0.0,0.0,0.0,0.0,0.0,0.0,0.0,0.0,0.0,0.0,16000.318359375,0.0,132499.625,0.0,-1237.529296875,0.0,1237.53125,0.0,-7.179140467843174,0.0,0.9427940249443054,0.0,FL
275555,FL,1203,3721.5830078125,6,3.9999999999999996,99536.3779296875,651504.0,6,0,72839.4375,0.0,582206.375,0.0,0.0,0.0,0.0,0.0,-292.0,0.0,292.0,0.0,0.0,0.0,0.0,0.0,0.0,0.0,0.0,0.0,0.0,0.0,0.0,0.0,0.0,0.0,0.0,0.0,0.0,0.0,0.0,0.0,0.0,0.0,0.0,0.0,0.0,0.0,0.0,0.0,0.0,0.0,0.0,0.0,0.0,0.0,0.0,0.0,0.0,0.0,0.0,0.0,0.0,0.0,0.0,0.0,0.0,0.0,0.0,0.0,0.0,0.0,0.0,0.0,0.0,0.0,0.0,0.0,0.0,0.0,0.0,0.0,0.0,0.0,0.0,0.0,0.0,0.0,0.0,0.0,0.0,0.0,0.0,0.0,0.0,0.0,0.0,0.0,0.0,0.0,0.0,0.0,72547.4375,0.0,582498.375,0.0,-292.0,0.0,292.0,0.0,-0.40088173388214315,0.0,0.05015403777360916,0.0,FL
275556,FL,1203,3.4712703227996826,3,1.0,315483.015625,439074.125,3,0,86879.7109375,0.0,410010.125,0.0,0.0,0.0,0.0,0.0,-752.1328125,0.0,752.15625,0.0,-456.0,0.0,456.0,0.0,0.0,0.0,0.0,0.0,0.0,0.0,0.0,0.0,-200.0,0.0,200.0,0.0,0.0,0.0,0.0,0.0,-220.8359375,0.0,220.84375,0.0,0.0,0.0,0.0,0.0,0.0,0.0,0.0,0.0,0.0,0.0,0.0,0.0,-104.8515625,0.0,104.84375,0.0,0.0,0.0,0.0,0.0,0.0,0.0,0.0,0.0,0.0,0.0,0.0,0.0,0.0,0.0,0.0,0.0,0.0,0.0,0.0,0.0,0.0,0.0,0.0,0.0,0.0,0.0,0.0,0.0,0.0,0.0,0.0,0.0,0.0,0.0,0.0,0.0,0.0,0.0,0.0,0.0,85145.890625,0.0,411743.96875,0.0,-1733.8203125,0.0,1733.84375,0.0,-1.995656170802968,0.0,0.42287829518318176,0.0,FL
275557,FL,1203,26.2499942779541,2,0.0,267244.3349609375,461650.03125,2,0,96253.140625,0.0,444231.625,0.0,0.0,0.0,0.0,0.0,-764.0,0.0,764.0,0.0,-608.0,0.0,608.0,0.0,0.0,0.0,0.0,0.0,0.0,0.0,0.0,0.0,0.0,0.0,0.0,0.0,0.0,0.0,0.0,0.0,0.0,0.0,0.0,0.0,0.0,0.0,0.0,0.0,0.0,0.0,0.0,0.0,0.0,0.0,0.0,0.0,-195.875,0.0,195.875,0.0,0.0,0.0,0.0,0.0,0.0,0.0,0.0,0.0,0.0,0.0,0.0,0.0,0.0,0.0,0.0,0.0,0.0,0.0,0.0,0.0,0.0,0.0,0.0,0.0,0.0,0.0,0.0,0.0,0.0,0.0,0.0,0.0,0.0,0.0,0.0,0.0,0.0,0.0,0.0,0.0,94685.265625,0.0,445799.5,0.0,-1567.875,0.0,1567.875,0.0,-1.628907887908203,0.0,0.3529408574104309,0.0,FL
275558,FL,1203,1069.6357421875,2,0.0,344014.548828125,437577.5625,2,0,81925.3125,0.0,375838.5625,0.0,0.0,0.0,0.0,0.0,-292.0,0.0,292.0,0.0,-456.0,0.0,456.0,0.0,0.0,0.0,0.0,0.0,0.0,0.0,0.0,0.0,0.0,0.0,0.0,0.0,0.0,0.0,0.0,0.0,-853.21875,0.0,853.1875,0.0,0.0,0.0,0.0,0.0,0.0,0.0,0.0,0.0,0.0,0.0,0.0,0.0,0.0,0.0,0.0,0.0,0.0,0.0,0.0,0.0,0.0,0.0,0.0,0.0,0.0,0.0,0.0,0.0,0.0,0.0,0.0,0.0,0.0,0.0,0.0,0.0,0.0,0.0,0.0,0.0,0.0,0.0,0.0,0.0,0.0,0.0,0.0,0.0,0.0,0.0,0.0,0.0,0.0,0.0,0.0,0.0,80324.09375,0.0,377439.75,0.0,-1601.21875,0.0,1601.1875,0.0,-1.9544859838038455,0.0,0.4260306656360626,0.0,FL
275559,FL,1203,1723.8204345703125,10,3.0000000000000004,379334.07421875,470449.19140625,9,1,46321.42138671874,0.0,477652.0625,20236.630859375,0.0,1604.0322265625,0.0,21840.6630859375,-359.99999999998545,0.0,360.0,0.0,-760.0000000000073,0.0,760.0,0.0,0.0,0.0,0.0,0.0,0.0,0.0,0.0,0.0,-600.0,0.0,600.0,0.0,0.0,0.0,0.0,0.0,0.0,0.0,0.0,0.0,0.0,0.0,0.0,0.0,0.0,0.0,0.0,0.0,0.0,0.0,0.0,0.0,-20.37109375,0.0,20.34375,0.0,0.0,0.0,0.0,0.0,0.0,0.0,0.0,0.0,0.0,0.0,0.0,0.0,0.0,0.0,0.0,0.0,0.0,0.0,0.0,0.0,-1165.6279296875,0.0,1165.65625,0.0,0.0,0.0,0.0,0.0,0.0,0.0,0.0,0.0,0.0,0.0,0.0,0.0,0.0,0.0,0.0,0.0,43415.42236328125,0.0,480558.0625,21840.6630859375,-2905.9990234374927,0.0,2906.0,0.0,-6.273553221038894,0.0,0.608392596244812,0.0,FL
275560,FL,1203,3.2073163986206055,5,2.0,284846.5234375,613126.75,5,0,120857.78125,0.0,576947.0,0.0,0.0,0.0,0.0,0.0,-764.0,0.0,764.0,0.0,0.0,0.0,0.0,0.0,0.0,0.0,0.0,0.0,0.0,0.0,0.0,0.0,0.0,0.0,0.0,0.0,0.0,0.0,0.0,0.0,0.0,0.0,0.0,0.0,0.0,0.0,0.0,0.0,0.0,0.0,0.0,0.0,0.0,0.0,0.0,0.0,0.0,0.0,0.0,0.0,0.0,0.0,0.0,0.0,0.0,0.0,0.0,0.0,0.0,0.0,0.0,0.0,0.0,0.0,0.0,0.0,0.0,0.0,0.0,0.0,0.0,0.0,0.0,0.0,0.0,0.0,0.0,0.0,0.0,0.0,0.0,0.0,0.0,0.0,0.0,0.0,0.0,0.0,0.0,0.0,120093.78125,0.0,577711.0,0.0,-764.0,0.0,764.0,0.0,-0.632147961097871,0.0,0.13242116570472717,0.0,FL
275561,FL,1203,2785.955078125,6,3.0,230652.88671875,230652.88671875,6,0,20038.97705078125,0.0,199449.21875,0.0,0.0,1358.51708984375,0.0,1358.51708984375,-235.0,0.0,235.0,0.0,-532.0,0.0,532.0,0.0,0.0,0.0,0.0,0.0,0.0,0.0,0.0,0.0,-600.0,0.0,600.0,0.0,0.0,0.0,0.0,0.0,0.0,0.0,0.0,0.0,0.0,0.0,0.0,0.0,0.0,0.0,0.0,0.0,0.0,0.0,0.0,0.0,0.0,0.0,0.0,0.0,0.0,0.0,0.0,0.0,0.0,0.0,0.0,0.0,0.0,0.0,0.0,0.0,0.0,0.0,0.0,0.0,0.0,0.0,0.0,0.0,0.0,0.0,0.0,0.0,-450.5419921875,0.0,450.546875,0.0,0.0,0.0,0.0,0.0,0.0,0.0,0.0,0.0,0.0,0.0,0.0,0.0,18221.43505859375,0.0,201266.765625,1358.51708984375,-1817.5419921875,0.0,1817.546875,0.0,-9.070033802532054,0.0,0.911283016204834,0.0,FL
275562,FL,1203,1328.79931640625,2,0.0,249694.9140625,249708.1484375,2,0,34601.5146484375,0.0,201835.578125,0.0,0.0,0.0,0.0,0.0,-246.0,0.0,246.0,0.0,-228.0,0.0,228.0,0.0,0.0,0.0,0.0,0.0,0.0,0.0,0.0,0.0,0.0,0.0,0.0,0.0,0.0,0.0,0.0,0.0,0.0,0.0,0.0,0.0,0.0,0.0,0.0,0.0,0.0,0.0,0.0,0.0,0.0,0.0,0.0,0.0,0.0,0.0,0.0,0.0,0.0,0.0,0.0,0.0,0.0,0.0,0.0,0.0,0.0,0.0,0.0,0.0,0.0,0.0,0.0,0.0,0.0,0.0,0.0,0.0,0.0,0.0,0.0,0.0,0.0,0.0,0.0,0.0,0.0,0.0,0.0,0.0,0.0,0.0,0.0,0.0,0.0,0.0,0.0,0.0,34127.5146484375,0.0,202309.578125,0.0,-474.0,0.0,474.0,0.0,-1.3698822286133778,0.0,0.2348446249961853,0.0,FL
275563,FL,1203,1391.738037109375,2,0.0,105674.95703125,108479.578125,2,0,9121.01904296875,0.0,98771.4375,0.0,0.0,0.0,0.0,0.0,-120.0,0.0,120.0,0.0,-323.0,0.0,323.0,0.0,0.0,0.0,0.0,0.0,0.0,0.0,0.0,0.0,0.0,0.0,0.0,0.0,0.0,0.0,0.0,0.0,-556.871826171875,0.0,556.875,0.0,0.0,0.0,0.0,0.0,0.0,0.0,0.0,0.0,0.0,0.0,0.0,0.0,0.0,0.0,0.0,0.0,0.0,0.0,0.0,0.0,0.0,0.0,0.0,0.0,0.0,0.0,0.0,0.0,0.0,0.0,0.0,0.0,0.0,0.0,0.0,0.0,0.0,0.0,0.0,0.0,-245.184326171875,0.0,245.1875,0.0,0.0,0.0,0.0,0.0,0.0,0.0,0.0,0.0,0.0,0.0,0.0,0.0,7875.962890625,0.0,100016.5,0.0,-1245.05615234375,0.0,1245.0625,0.0,-13.65040623726736,0.0,1.2605490684509277,0.0,FL
275564,FL,1203,1777.774658203125,3,1.0,534267.625,572995.25,3,0,126444.3828125,0.0,416563.8125,0.0,0.0,0.0,0.0,0.0,-749.0,0.0,749.0,0.0,-665.0,0.0,665.0,0.0,0.0,0.0,0.0,0.0,0.0,0.0,0.0,0.0,0.0,0.0,0.0,0.0,0.0,0.0,0.0,0.0,-1750.015625,0.0,1750.0,0.0,0.0,0.0,0.0,0.0,0.0,0.0,0.0,0.0,0.0,0.0,0.0,0.0,-52.6484375,0.0,52.6875,0.0,0.0,0.0,0.0,0.0,0.0,0.0,0.0,0.0,0.0,0.0,0.0,0.0,0.0,0.0,0.0,0.0,0.0,0.0,0.0,0.0,0.0,0.0,0.0,0.0,0.0,0.0,0.0,0.0,0.0,0.0,0.0,0.0,0.0,0.0,0.0,0.0,0.0,0.0,0.0,0.0,123227.71875,0.0,419780.5,0.0,-3216.6640625,0.0,3216.6875,0.0,-2.5439359115460904,0.0,0.7721956372261047,0.0,FL
275565,FL,1203,0.5891493558883667,4,1.0,550179.8828125,534755.974609375,4,0,108838.21795654297,0.0,432489.9375,0.0,0.0,0.0,0.0,0.0,-764.0,0.0,764.0,0.0,0.0,0.0,0.0,0.0,0.0,0.0,0.0,0.0,0.0,0.0,0.0,0.0,0.0,0.0,0.0,0.0,0.0,0.0,0.0,0.0,-1433.390625,0.0,1433.375,0.0,0.0,0.0,0.0,0.0,0.0,0.0,0.0,0.0,0.0,0.0,0.0,0.0,0.0,0.0,0.0,0.0,0.0,0.0,0.0,0.0,0.0,0.0,0.0,0.0,0.0,0.0,0.0,0.0,0.0,0.0,0.0,0.0,0.0,0.0,0.0,0.0,0.0,0.0,0.0,0.0,0.0,0.0,0.0,0.0,0.0,0.0,0.0,0.0,0.0,0.0,0.0,0.0,0.0,0.0,0.0,0.0,106640.82733154297,0.0,434687.3125,0.0,-2197.390625,0.0,2197.375,0.0,-2.0189513079655312,0.0,0.5080754160881042,0.0,FL
275566,FL,1203,1.5064080953598022,1,0.0,124505.328125,168814.8125,1,0,28452.625,0.0,155225.21875,0.0,0.0,0.0,0.0,0.0,-131.0,0.0,131.0,0.0,-228.0,0.0,228.0,0.0,0.0,0.0,0.0,0.0,0.0,0.0,0.0,0.0,0.0,0.0,0.0,0.0,0.0,0.0,0.0,0.0,-44.0703125,0.0,44.0625,0.0,0.0,0.0,0.0,0.0,0.0,0.0,0.0,0.0,0.0,0.0,0.0,0.0,0.0,0.0,0.0,0.0,0.0,0.0,0.0,0.0,0.0,0.0,0.0,0.0,0.0,0.0,0.0,0.0,0.0,0.0,0.0,0.0,0.0,0.0,0.0,0.0,0.0,0.0,0.0,0.0,0.0,0.0,0.0,0.0,0.0,0.0,0.0,0.0,0.0,0.0,0.0,0.0,0.0,0.0,0.0,0.0,28049.5546875,0.0,155628.28125,0.0,-403.0703125,0.0,403.0625,0.0,-1.4166366460036641,0.0,0.25966301560401917,0.0,FL
275567,FL,1203,1348.5849609375,2,0.0,125436.74609375,125438.40625,2,0,10930.6083984375,0.0,104912.65625,0.0,0.0,0.0,0.0,0.0,-10.0,0.0,10.0,0.0,-228.0,0.0,228.0,0.0,0.0,0.0,0.0,0.0,0.0,0.0,0.0,0.0,0.0,0.0,0.0,0.0,0.0,0.0,0.0,0.0,0.0,0.0,0.0,0.0,0.0,0.0,0.0,0.0,0.0,0.0,0.0,0.0,0.0,0.0,0.0,0.0,-240.0,0.0,240.0,0.0,0.0,0.0,0.0,0.0,0.0,0.0,0.0,0.0,0.0,0.0,0.0,0.0,0.0,0.0,0.0,0.0,0.0,0.0,0.0,0.0,0.0,0.0,0.0,0.0,-91.181640625,0.0,91.1875,0.0,0.0,0.0,0.0,0.0,0.0,0.0,0.0,0.0,0.0,0.0,0.0,0.0,10361.4267578125,0.0,105481.84375,0.0,-569.181640625,0.0,569.1875,0.0,-5.20722744679393,0.0,0.5425346493721008,0.0,FL
275568,FL,1203,0.9164478778839111,2,0.0,27239.2890625,150165.46875,2,0,10830.51171875,0.0,148628.96875,13667.8662109375,0.0,0.0,0.0,13667.8662109375,-10.0,0.0,10.0,0.0,-228.0,0.0,228.0,0.0,0.0,0.0,0.0,0.0,0.0,0.0,0.0,0.0,0.0,0.0,0.0,0.0,0.0,0.0,0.0,0.0,0.0,0.0,0.0,0.0,0.0,0.0,0.0,0.0,0.0,0.0,0.0,0.0,0.0,0.0,0.0,0.0,0.0,0.0,0.0,0.0,0.0,0.0,0.0,0.0,0.0,0.0,0.0,0.0,0.0,0.0,0.0,0.0,0.0,0.0,0.0,0.0,0.0,0.0,0.0,0.0,-1231.6728515625,0.0,1231.65625,0.0,-352.5380859375,0.0,352.546875,0.0,0.0,0.0,0.0,0.0,0.0,0.0,0.0,0.0,0.0,0.0,0.0,0.0,9008.30078125,0.0,150451.171875,13667.8662109375,-1822.2109375,0.0,1822.203125,0.0,-16.82479078384959,0.0,1.2260080575942993,0.0,FL
275569,FL,1203,58.38996887207031,3,0.0,75796.69140625,107169.0234375,3,0,6767.9927978515625,0.0,150332.5,36465.546875,0.0,0.0,0.0,36465.546875,-53.40869140625,0.0,53.40625,0.0,-304.0,0.0,304.0,0.0,0.0,0.0,0.0,0.0,0.0,0.0,0.0,0.0,0.0,0.0,0.0,0.0,0.0,0.0,0.0,0.0,0.0,0.0,0.0,0.0,0.0,0.0,0.0,0.0,0.0,0.0,0.0,0.0,0.0,0.0,0.0,0.0,-108.0762939453125,0.0,108.078125,0.0,0.0,0.0,0.0,0.0,0.0,0.0,0.0,0.0,0.0,0.0,0.0,0.0,0.0,0.0,0.0,0.0,0.0,0.0,0.0,0.0,-720.0,0.0,720.0,0.0,0.0,0.0,0.0,0.0,0.0,0.0,0.0,0.0,0.0,0.0,0.0,0.0,0.0,0.0,0.0,0.0,5582.5078125,0.0,151517.984375,36465.546875,-1185.4849853515625,0.0,1185.484375,0.0,-17.516049747096123,0.0,0.7885749340057373,0.0,FL
275570,FL,1203,1.150291085243225,6,3.9999999999999996,201309.92669677734,201021.10937499997,6,0,20705.40625,0.0,174717.8125,0.0,0.0,0.0,0.0,0.0,-230.0,0.0,230.0,0.0,-418.0,0.0,418.0,0.0,0.0,0.0,0.0,0.0,0.0,0.0,0.0,0.0,-600.0,0.0,600.0,0.0,0.0,0.0,0.0,0.0,0.0,0.0,0.0,0.0,0.0,0.0,0.0,0.0,0.0,0.0,0.0,0.0,0.0,0.0,0.0,0.0,-211.2578125,0.0,211.265625,0.0,0.0,0.0,0.0,0.0,0.0,0.0,0.0,0.0,0.0,0.0,0.0,0.0,0.0,0.0,0.0,0.0,0.0,0.0,0.0,0.0,0.0,0.0,0.0,0.0,0.0,0.0,0.0,0.0,0.0,0.0,0.0,0.0,0.0,0.0,0.0,0.0,0.0,0.0,0.0,0.0,19246.1484375,0.0,176177.078125,0.0,-1459.2578125,0.0,1459.265625,0.0,-7.047713987741728,0.0,0.8352128863334656,0.0,FL
275571,FL,1203,2275.75439453125,2,0.0,93130.890625,93133.375,2,0,1863.390625,0.0,90900.5625,0.0,0.0,0.0,0.0,0.0,0.0,0.0,0.0,0.0,0.0,0.0,0.0,0.0,0.0,0.0,0.0,0.0,0.0,0.0,0.0,0.0,0.0,0.0,0.0,0.0,0.0,0.0,0.0,0.0,0.0,0.0,0.0,0.0,0.0,0.0,0.0,0.0,0.0,0.0,0.0,0.0,0.0,0.0,0.0,0.0,0.0,0.0,0.0,0.0,0.0,0.0,0.0,0.0,0.0,0.0,0.0,0.0,0.0,0.0,0.0,0.0,0.0,0.0,0.0,0.0,-852.4827880859375,0.0,852.484375,0.0,0.0,0.0,0.0,0.0,0.0,0.0,0.0,0.0,0.0,0.0,0.0,0.0,0.0,0.0,0.0,0.0,0.0,0.0,0.0,0.0,1010.9078369140625,0.0,91753.046875,0.0,-852.4827880859375,0.0,852.484375,0.0,-45.74901132637916,0.0,0.9378207921981812,0.0,FL
275572,FL,1203,624.2528076171875,1,0.0,44867.81640625,46315.2109375,1,0,3496.8251953125,0.0,41485.609375,972.7833251953125,0.0,0.0,0.0,972.7833251953125,-5.0,0.0,5.0,0.0,-114.0,0.0,114.0,0.0,0.0,0.0,0.0,0.0,0.0,0.0,0.0,0.0,0.0,0.0,0.0,0.0,0.0,0.0,0.0,0.0,0.0,0.0,0.0,0.0,0.0,0.0,0.0,0.0,0.0,0.0,0.0,0.0,0.0,0.0,0.0,0.0,0.0,0.0,0.0,0.0,0.0,0.0,0.0,0.0,0.0,0.0,0.0,0.0,0.0,0.0,0.0,0.0,0.0,0.0,0.0,0.0,0.0,0.0,0.0,0.0,0.0,0.0,0.0,0.0,-59.015625,0.0,59.015625,0.0,0.0,0.0,0.0,0.0,0.0,0.0,0.0,0.0,0.0,0.0,0.0,0.0,3318.8095703125,0.0,41663.625,972.7833251953125,-178.015625,0.0,178.015625,0.0,-5.090778493549814,0.0,0.4291021227836609,0.0,FL
275573,FL,1203,1.2932040691375732,2,0.0,174217.703125,753335.75,2,0,191354.859375,0.0,535912.6875,0.0,0.0,0.0,0.0,0.0,-749.0,0.0,749.0,0.0,-665.0,0.0,665.0,0.0,0.0,0.0,0.0,0.0,0.0,0.0,0.0,0.0,0.0,0.0,0.0,0.0,0.0,0.0,0.0,0.0,0.0,0.0,0.0,0.0,0.0,0.0,0.0,0.0,0.0,0.0,0.0,0.0,0.0,0.0,0.0,0.0,-11.90625,0.0,11.9375,0.0,0.0,0.0,0.0,0.0,0.0,0.0,0.0,0.0,0.0,0.0,0.0,0.0,0.0,0.0,0.0,0.0,0.0,0.0,0.0,0.0,0.0,0.0,0.0,0.0,0.0,0.0,0.0,0.0,0.0,0.0,0.0,0.0,0.0,0.0,0.0,0.0,0.0,0.0,0.0,0.0,189928.953125,0.0,537338.625,0.0,-1425.90625,0.0,1425.9375,0.0,-0.7451633340576094,0.0,0.2660764753818512,0.0,FL
275574,FL,1203,1350.7569580078125,3,1.0,56697.89453125,57223.2109375,3,0,544.785400390625,0.0,60894.10546875,0.0,0.0,0.0,2285.38671875,2285.38671875,-10.0,0.0,10.0,0.0,-228.0,0.0,228.0,0.0,0.0,0.0,0.0,0.0,0.0,0.0,0.0,0.0,-200.0,0.0,200.0,0.0,0.0,0.0,0.0,0.0,0.0,0.0,0.0,0.0,0.0,0.0,0.0,0.0,0.0,0.0,0.0,0.0,0.0,0.0,0.0,0.0,0.0,0.0,0.0,0.0,0.0,0.0,0.0,0.0,0.0,0.0,0.0,0.0,0.0,0.0,0.0,0.0,0.0,0.0,0.0,0.0,0.0,0.0,0.0,0.0,0.0,0.0,0.0,0.0,-315.214599609375,0.0,315.21875,0.0,0.0,0.0,0.0,0.0,0.0,0.0,0.0,0.0,0.0,0.0,0.0,0.0,-208.42919921875,0.0,61647.32421875,2285.38671875,-753.214599609375,0.0,753.21875,0.0,-138.25895463962524,0.0,1.2369321584701538,0.0,FL
275575,FL,1203,1.2727746963500977,3,1.0,157535.33984375,173896.84375,3,0,17704.78125,0.0,155179.5625,0.0,0.0,0.0,0.0,0.0,-230.0,0.0,230.0,0.0,0.0,0.0,0.0,0.0,0.0,0.0,0.0,0.0,0.0,0.0,0.0,0.0,-200.0,0.0,200.0,0.0,0.0,0.0,0.0,0.0,-760.357421875,0.0,760.359375,0.0,0.0,0.0,0.0,0.0,0.0,0.0,0.0,0.0,0.0,0.0,0.0,0.0,0.0,0.0,0.0,0.0,0.0,0.0,0.0,0.0,0.0,0.0,0.0,0.0,0.0,0.0,0.0,0.0,0.0,0.0,0.0,0.0,0.0,0.0,0.0,0.0,0.0,0.0,0.0,0.0,0.0,0.0,0.0,0.0,0.0,0.0,0.0,0.0,0.0,0.0,0.0,0.0,0.0,0.0,0.0,0.0,16514.423828125,0.0,156369.921875,0.0,-1190.357421875,0.0,1190.359375,0.0,-6.7233670106768475,0.0,0.7670851349830627,0.0,FL
275576,FL,1203,0.8542314767837524,1,0.0,99601.5625,109516.9375,1,0,15406.755859375,0.0,104984.6484375,0.0,0.0,0.0,0.0,0.0,-115.0,0.0,115.0,0.0,-209.0,0.0,209.0,0.0,0.0,0.0,0.0,0.0,0.0,0.0,0.0,0.0,0.0,0.0,0.0,0.0,0.0,0.0,0.0,0.0,0.0,0.0,0.0,0.0,0.0,0.0,0.0,0.0,0.0,0.0,0.0,0.0,0.0,0.0,0.0,0.0,0.0,0.0,0.0,0.0,0.0,0.0,0.0,0.0,0.0,0.0,0.0,0.0,0.0,0.0,0.0,0.0,0.0,0.0,0.0,0.0,0.0,0.0,0.0,0.0,0.0,0.0,0.0,0.0,0.0,0.0,0.0,0.0,0.0,0.0,0.0,0.0,0.0,0.0,0.0,0.0,0.0,0.0,0.0,0.0,15082.755859375,0.0,105308.6484375,0.0,-324.0,0.0,324.0,0.0,-2.1029735458736836,0.0,0.3086165487766266,0.0,FL
275577,FL,1203,1.8397421836853027,2,0.0,0.0,174726.90625,2,0,20701.919921875,0.0,220130.109375,56022.9921875,0.0,0.0,0.0,56022.9921875,-230.0,0.0,230.0,0.0,-418.0,0.0,418.0,0.0,0.0,0.0,0.0,0.0,0.0,0.0,0.0,0.0,0.0,0.0,0.0,0.0,0.0,0.0,0.0,0.0,0.0,0.0,0.0,0.0,0.0,0.0,0.0,0.0,0.0,0.0,0.0,0.0,0.0,0.0,0.0,0.0,-440.0,0.0,440.0,0.0,0.0,0.0,0.0,0.0,0.0,0.0,0.0,0.0,0.0,0.0,0.0,0.0,0.0,0.0,0.0,0.0,0.0,0.0,0.0,0.0,-2313.607421875,0.0,2313.609375,0.0,0.0,0.0,0.0,0.0,0.0,0.0,0.0,0.0,0.0,0.0,0.0,0.0,0.0,0.0,0.0,0.0,17300.3125,0.0,223531.71875,56022.9921875,-3401.607421875,0.0,3401.609375,0.0,-16.431362089661256,0.0,1.5452722311019897,0.0,FL
275578,FL,1203,21.455669403076172,4,2.0,341040.263671875,574480.1875,4,0,134088.9375,0.0,513025.375,0.0,0.0,0.0,0.0,0.0,-749.0,0.0,749.0,0.0,-665.0,0.0,665.0,0.0,0.0,0.0,0.0,0.0,0.0,0.0,0.0,0.0,0.0,0.0,0.0,0.0,0.0,0.0,0.0,0.0,-1749.9921875,0.0,1750.0,0.0,0.0,0.0,0.0,0.0,0.0,0.0,0.0,0.0,0.0,0.0,0.0,0.0,-700.0,0.0,700.0,0.0,0.0,0.0,0.0,0.0,0.0,0.0,0.0,0.0,0.0,0.0,0.0,0.0,0.0,0.0,0.0,0.0,0.0,0.0,0.0,0.0,0.0,0.0,0.0,0.0,0.0,0.0,0.0,0.0,0.0,0.0,0.0,0.0,0.0,0.0,0.0,0.0,0.0,0.0,0.0,0.0,130224.9453125,0.0,516889.375,0.0,-3863.9921875,0.0,3864.0,0.0,-2.881663662597073,0.0,0.7531790733337402,0.0,FL
275579,FL,1203,480.5880126953125,3,1.0,0.0,0.0,2,1,0.0,0.0,52762.13671875,23534.826171875,29227.310791015625,0.0,0.0,52762.136962890625,0.0,0.0,0.0,0.0,0.0,0.0,0.0,0.0,0.0,0.0,0.0,0.0,0.0,0.0,0.0,0.0,0.0,0.0,0.0,0.0,0.0,0.0,0.0,0.0,0.0,0.0,0.0,0.0,0.0,0.0,0.0,0.0,0.0,0.0,0.0,0.0,0.0,0.0,0.0,0.0,0.0,0.0,0.0,0.0,0.0,0.0,0.0,0.0,0.0,0.0,0.0,0.0,0.0,0.0,0.0,0.0,0.0,0.0,0.0,0.0,0.0,0.0,0.0,0.0,0.0,0.0,0.0,0.0,0.0,0.0,0.0,0.0,0.0,0.0,0.0,0.0,0.0,0.0,0.0,0.0,0.0,0.0,0.0,0.0,0.0,0.0,52762.13671875,52762.136962890625,0.0,0.0,0.0,0.0,0.0,0.0,0.0,0.0,FL
275580,FL,1203,52.0439338684082,2,0.0,0.0,0.0,2,0,0.0,0.0,65084.19921875,33015.94140625,0.0,0.0,0.0,33015.94140625,0.0,0.0,0.0,0.0,0.0,0.0,0.0,0.0,0.0,0.0,0.0,0.0,0.0,0.0,0.0,0.0,0.0,0.0,0.0,0.0,0.0,0.0,0.0,0.0,0.0,0.0,0.0,0.0,0.0,0.0,0.0,0.0,0.0,0.0,0.0,0.0,0.0,0.0,0.0,0.0,0.0,0.0,0.0,0.0,0.0,0.0,0.0,0.0,0.0,0.0,0.0,0.0,0.0,0.0,0.0,0.0,0.0,0.0,0.0,0.0,0.0,0.0,0.0,0.0,0.0,0.0,0.0,0.0,0.0,0.0,0.0,0.0,0.0,0.0,0.0,0.0,0.0,0.0,0.0,0.0,0.0,0.0,0.0,0.0,0.0,0.0,65084.19921875,33015.94140625,0.0,0.0,0.0,0.0,0.0,0.0,0.0,0.0,FL
275581,FL,1203,0.20029988884925842,2,0.0,79586.43359375,87382.62890625,2,0,6163.91552734375,0.0,89805.921875,0.0,0.0,0.0,0.0,0.0,-10.0,0.0,10.0,0.0,-228.0,0.0,228.0,0.0,0.0,0.0,0.0,0.0,0.0,0.0,0.0,0.0,0.0,0.0,0.0,0.0,0.0,0.0,0.0,0.0,0.0,0.0,0.0,0.0,0.0,0.0,0.0,0.0,0.0,0.0,0.0,0.0,0.0,0.0,0.0,0.0,0.0,0.0,0.0,0.0,0.0,0.0,0.0,0.0,0.0,0.0,0.0,0.0,0.0,0.0,0.0,0.0,0.0,0.0,0.0,0.0,0.0,0.0,0.0,0.0,0.0,0.0,0.0,0.0,-333.34033203125,0.0,333.3359375,0.0,0.0,0.0,0.0,0.0,0.0,0.0,0.0,0.0,0.0,0.0,0.0,0.0,5592.5751953125,0.0,90377.2578125,0.0,-571.34033203125,0.0,571.3359375,0.0,-9.269113593408715,0.0,0.6361896395683289,0.0,FL
275582,FL,1203,0.8580704927444458,1,0.0,0.0,4.136351108551025,1,0,0.0,0.0,81878.125,40936.0234375,0.0,0.0,0.0,40936.0234375,0.0,0.0,0.0,0.0,0.0,0.0,0.0,0.0,0.0,0.0,0.0,0.0,0.0,0.0,0.0,0.0,0.0,0.0,0.0,0.0,0.0,0.0,0.0,0.0,0.0,0.0,0.0,0.0,0.0,0.0,0.0,0.0,0.0,0.0,0.0,0.0,0.0,0.0,0.0,0.0,0.0,0.0,0.0,0.0,0.0,0.0,0.0,0.0,0.0,0.0,0.0,0.0,0.0,0.0,0.0,0.0,0.0,0.0,0.0,0.0,0.0,0.0,0.0,0.0,0.0,0.0,0.0,0.0,0.0,0.0,0.0,0.0,0.0,0.0,0.0,0.0,0.0,0.0,0.0,0.0,0.0,0.0,0.0,0.0,0.0,0.0,81878.125,40936.0234375,0.0,0.0,0.0,0.0,0.0,0.0,0.0,0.0,FL
275583,FL,1203,0.17241209745407104,2,0.0,25510.95703125,83314.171875,2,0,5479.70068359375,0.0,155345.5625,55587.015625,0.0,0.0,0.0,55587.015625,-10.0,0.0,10.0,0.0,-228.0,0.0,228.0,0.0,0.0,0.0,0.0,0.0,0.0,0.0,0.0,0.0,0.0,0.0,0.0,0.0,0.0,0.0,0.0,0.0,0.0,0.0,0.0,0.0,0.0,0.0,0.0,0.0,0.0,0.0,0.0,0.0,0.0,0.0,0.0,0.0,0.0,0.0,0.0,0.0,0.0,0.0,0.0,0.0,0.0,0.0,0.0,0.0,0.0,0.0,0.0,0.0,0.0,0.0,0.0,0.0,0.0,0.0,0.0,0.0,-1440.0,0.0,1440.0,0.0,0.0,0.0,0.0,0.0,0.0,0.0,0.0,0.0,0.0,0.0,0.0,0.0,0.0,0.0,0.0,0.0,3801.70068359375,0.0,157023.5625,55587.015625,-1678.0,0.0,1678.0,0.0,-30.62211052921084,0.0,1.0801725387573242,0.0,FL
275584,FL,1203,0.12397300451993942,7,1.9999999999999998,1147034.42578125,1950091.4375,7,0,607167.56640625,0.0,1342252.75,24732.953125,5527.08642578125,0.0,0.0,30260.03955078125,-849.0,0.0,849.0,0.0,-912.0,0.0,912.0,0.0,0.0,0.0,0.0,0.0,0.0,0.0,0.0,0.0,0.0,0.0,0.0,0.0,0.0,0.0,0.0,0.0,-1850.0,0.0,1850.0,0.0,0.0,0.0,0.0,0.0,0.0,0.0,0.0,0.0,0.0,0.0,0.0,0.0,-740.0,0.0,740.0,0.0,0.0,0.0,0.0,0.0,0.0,0.0,0.0,0.0,0.0,0.0,0.0,0.0,0.0,0.0,0.0,0.0,0.0,0.0,0.0,0.0,0.0,0.0,0.0,0.0,0.0,0.0,0.0,0.0,0.0,0.0,0.0,0.0,0.0,0.0,0.0,0.0,0.0,0.0,0.0,0.0,602816.56640625,0.0,1346603.75,30260.03955078125,-4351.0,0.0,4351.0,0.0,-0.7166061299606356,0.0,0.3241565227508545,0.0,FL
275585,FL,1203,0.15268832445144653,4,1.0,240177.8525390625,273725.2890625,4,0,32140.4287109375,0.0,259255.515625,28727.591796875,0.0,0.0,0.0,28727.591796875,-345.0,0.0,345.0,0.0,-627.0,0.0,627.0,0.0,0.0,0.0,0.0,0.0,0.0,0.0,0.0,0.0,-200.0,0.0,200.0,0.0,0.0,0.0,0.0,0.0,-997.93359375,0.0,997.921875,0.0,0.0,0.0,0.0,0.0,0.0,0.0,0.0,0.0,0.0,0.0,0.0,0.0,-104.41015625,0.0,104.421875,0.0,0.0,0.0,0.0,0.0,0.0,0.0,0.0,0.0,0.0,0.0,0.0,0.0,0.0,0.0,0.0,0.0,0.0,0.0,0.0,0.0,-1128.0068359375,0.0,1128.015625,0.0,-535.03125,0.0,535.0,0.0,0.0,0.0,0.0,0.0,0.0,0.0,0.0,0.0,0.0,0.0,0.0,0.0,28203.046875,0.0,263192.875,28727.591796875,-3937.3818359375,0.0,3937.359375,0.0,-12.250557923011137,0.0,1.518717646598816,0.0,FL
275586,FL,1203,0.16667954623699188,3,1.0,83726.7431640625,257418.078125,3,0,32793.62890625,0.0,237120.75,28338.478515625,0.0,0.0,0.0,28338.478515625,-230.0,0.0,230.0,0.0,-418.0,0.0,418.0,0.0,0.0,0.0,0.0,0.0,0.0,0.0,0.0,0.0,-200.0,0.0,200.0,0.0,0.0,0.0,0.0,0.0,0.0,0.0,0.0,0.0,0.0,0.0,0.0,0.0,0.0,0.0,0.0,0.0,0.0,0.0,0.0,0.0,-107.47265625,0.0,107.46875,0.0,0.0,0.0,0.0,0.0,0.0,0.0,0.0,0.0,0.0,0.0,0.0,0.0,0.0,0.0,0.0,0.0,0.0,0.0,0.0,0.0,0.0,0.0,0.0,0.0,0.0,0.0,0.0,0.0,0.0,0.0,0.0,0.0,0.0,0.0,0.0,0.0,0.0,0.0,0.0,0.0,31838.15625,0.0,238076.21875,28338.478515625,-955.47265625,0.0,955.46875,0.0,-2.9135923291121357,0.0,0.4029460847377777,0.0,FL
275587,FL,1203,174.89154052734375,2,0.0,0.0,0.0,2,0,0.0,0.0,81242.8125,30866.671875,26463.767578125,0.0,0.0,57330.439453125,0.0,0.0,0.0,0.0,0.0,0.0,0.0,0.0,0.0,0.0,0.0,0.0,0.0,0.0,0.0,0.0,0.0,0.0,0.0,0.0,0.0,0.0,0.0,0.0,0.0,0.0,0.0,0.0,0.0,0.0,0.0,0.0,0.0,0.0,0.0,0.0,0.0,0.0,0.0,0.0,0.0,0.0,0.0,0.0,0.0,0.0,0.0,0.0,0.0,0.0,0.0,0.0,0.0,0.0,0.0,0.0,0.0,0.0,0.0,0.0,0.0,0.0,0.0,0.0,0.0,0.0,0.0,0.0,0.0,0.0,0.0,0.0,0.0,0.0,0.0,0.0,0.0,0.0,0.0,0.0,0.0,0.0,0.0,0.0,0.0,0.0,81242.8125,57330.439453125,0.0,0.0,0.0,0.0,0.0,0.0,0.0,0.0,FL
275588,FL,1203,0.7778438329696655,4,2.0,474208.4375,608733.25,4,0,134013.578125,0.0,372450.03125,0.0,0.0,0.0,0.0,0.0,-749.0,0.0,749.0,0.0,0.0,0.0,0.0,0.0,0.0,0.0,0.0,0.0,0.0,0.0,0.0,0.0,0.0,0.0,0.0,0.0,0.0,0.0,0.0,0.0,-1659.78125,0.0,1659.78125,0.0,0.0,0.0,0.0,0.0,0.0,0.0,0.0,0.0,0.0,0.0,0.0,0.0,0.0,0.0,0.0,0.0,0.0,0.0,0.0,0.0,0.0,0.0,0.0,0.0,0.0,0.0,0.0,0.0,0.0,0.0,0.0,0.0,0.0,0.0,0.0,0.0,0.0,0.0,0.0,0.0,0.0,0.0,0.0,0.0,0.0,0.0,0.0,0.0,0.0,0.0,0.0,0.0,0.0,0.0,0.0,0.0,131604.796875,0.0,374858.8125,0.0,-2408.78125,0.0,2408.78125,0.0,-1.797415816890756,0.0,0.6467394828796387,0.0,FL
275589,FL,1203,0.6689599752426147,2,0.0,324254.296875,618556.75,2,0,111369.609375,0.0,491678.28125,0.0,0.0,0.0,0.0,0.0,-292.0,0.0,292.0,0.0,-456.0,0.0,456.0,0.0,0.0,0.0,0.0,0.0,0.0,0.0,0.0,0.0,0.0,0.0,0.0,0.0,0.0,0.0,0.0,0.0,0.0,0.0,0.0,0.0,0.0,0.0,0.0,0.0,0.0,0.0,0.0,0.0,0.0,0.0,0.0,0.0,-90.0859375,0.0,90.09375,0.0,0.0,0.0,0.0,0.0,0.0,0.0,0.0,0.0,0.0,0.0,0.0,0.0,0.0,0.0,0.0,0.0,0.0,0.0,0.0,0.0,0.0,0.0,0.0,0.0,0.0,0.0,0.0,0.0,0.0,0.0,0.0,0.0,0.0,0.0,0.0,0.0,0.0,0.0,0.0,0.0,110531.5234375,0.0,492516.375,0.0,-838.0859375,0.0,838.09375,0.0,-0.7525266023678194,0.0,0.1704557240009308,0.0,FL
275590,FL,1203,0.6800894737243652,2,0.0,5198.4990234375,169123.515625,2,0,17907.533203125,0.0,201034.921875,41670.64453125,0.0,0.0,0.0,41670.64453125,-230.0,0.0,230.0,0.0,-217.951171875,0.0,217.953125,0.0,0.0,0.0,0.0,0.0,0.0,0.0,0.0,0.0,0.0,0.0,0.0,0.0,0.0,0.0,0.0,0.0,0.0,0.0,0.0,0.0,0.0,0.0,0.0,0.0,0.0,0.0,0.0,0.0,0.0,0.0,0.0,0.0,-440.0,0.0,440.0,0.0,0.0,0.0,0.0,0.0,0.0,0.0,0.0,0.0,0.0,0.0,0.0,0.0,0.0,0.0,0.0,0.0,0.0,0.0,0.0,0.0,-2387.5703125,0.0,2387.5625,0.0,0.0,0.0,0.0,0.0,0.0,0.0,0.0,0.0,0.0,0.0,0.0,0.0,0.0,0.0,0.0,0.0,14632.01171875,0.0,204310.4375,41670.64453125,-3275.521484375,0.0,3275.515625,0.0,-18.29130482250563,0.0,1.6293267011642456,0.0,FL
275591,FL,1203,0.670519232749939,2,1.0,87789.078125,96670.609375,2,0,6930.7470703125,0.0,86934.9921875,0.0,0.0,0.0,0.0,0.0,-147.0,0.0,147.0,0.0,-324.5,0.0,324.5,0.0,0.0,0.0,0.0,0.0,0.0,0.0,0.0,0.0,-200.0,0.0,200.0,0.0,0.0,0.0,0.0,0.0,-709.212890625,0.0,709.2109375,0.0,0.0,0.0,0.0,0.0,0.0,0.0,0.0,0.0,0.0,0.0,0.0,0.0,0.0,0.0,0.0,0.0,0.0,0.0,0.0,0.0,0.0,0.0,0.0,0.0,0.0,0.0,0.0,0.0,0.0,0.0,0.0,0.0,0.0,0.0,0.0,0.0,0.0,0.0,0.0,0.0,0.0,0.0,0.0,0.0,0.0,0.0,0.0,0.0,0.0,0.0,0.0,0.0,0.0,0.0,0.0,0.0,5550.0341796875,0.0,88315.703125,0.0,-1380.712890625,0.0,1380.7109375,0.0,-19.921559344435074,0.0,1.5882108211517334,0.0,FL
275592,FL,1203,831.9962768554688,3,0.0,80813.16259765625,101537.9267578125,3,0,7219.142395019531,0.0,118833.84375,23166.703125,0.0,6446.88134765625,0.0,29613.58447265625,-115.0,0.0,115.0,0.0,-304.0,0.0,304.0,0.0,0.0,0.0,0.0,0.0,0.0,0.0,0.0,0.0,0.0,0.0,0.0,0.0,0.0,0.0,0.0,0.0,0.0,0.0,0.0,0.0,0.0,0.0,0.0,0.0,0.0,0.0,0.0,0.0,0.0,0.0,0.0,0.0,-220.0,0.0,220.0,0.0,0.0,0.0,0.0,0.0,0.0,0.0,0.0,0.0,0.0,0.0,0.0,0.0,0.0,0.0,0.0,0.0,0.0,0.0,0.0,0.0,0.0,0.0,0.0,0.0,-84.1639404296875,0.0,84.1640625,0.0,0.0,0.0,0.0,0.0,0.0,0.0,0.0,0.0,0.0,0.0,0.0,0.0,6495.978454589844,0.0,119557.0078125,29613.58447265625,-723.1639404296875,0.0,723.1640625,0.0,-10.017310933340179,0.0,0.6085506081581116,0.0,FL
275593,FL,1203,0.740963876247406,4,0.0,162880.37109375,228043.62109375,4,0,22721.61279296875,0.0,296590.46875,43815.6484375,0.0,0.0,0.0,43815.6484375,-235.0,0.0,235.0,0.0,-501.181640625,0.0,501.15625,0.0,0.0,0.0,0.0,0.0,0.0,0.0,0.0,0.0,0.0,0.0,0.0,0.0,0.0,0.0,0.0,0.0,-565.833984375,0.0,565.84375,0.0,0.0,0.0,0.0,0.0,0.0,0.0,0.0,0.0,0.0,0.0,0.0,0.0,-440.0,0.0,440.0,0.0,0.0,0.0,0.0,0.0,0.0,0.0,0.0,0.0,0.0,0.0,0.0,0.0,0.0,0.0,0.0,0.0,0.0,0.0,0.0,0.0,-2221.720703125,0.0,2221.71875,0.0,0.0,0.0,0.0,0.0,0.0,0.0,0.0,0.0,0.0,0.0,0.0,0.0,0.0,0.0,0.0,0.0,18757.87646484375,0.0,300554.1875,43815.6484375,-3963.736328125,0.0,3963.71875,0.0,-17.444784242391396,0.0,1.3364282846450806,0.0,FL
275594,FL,1203,0.672141969203949,4,2.0,486642.515625,542892.0,3,1,112070.5,0.0,443028.0625,0.0,0.0,0.0,0.0,0.0,-764.0,0.0,764.0,0.0,-608.0,0.0,608.0,0.0,0.0,0.0,0.0,0.0,0.0,0.0,0.0,0.0,0.0,0.0,0.0,0.0,0.0,0.0,0.0,0.0,-1589.359375,0.0,1589.375,0.0,0.0,0.0,0.0,0.0,0.0,0.0,0.0,0.0,0.0,0.0,0.0,0.0,-640.0,0.0,640.0,0.0,0.0,0.0,0.0,0.0,0.0,0.0,0.0,0.0,0.0,0.0,0.0,0.0,0.0,0.0,0.0,0.0,0.0,0.0,0.0,0.0,0.0,0.0,0.0,0.0,0.0,0.0,0.0,0.0,0.0,0.0,0.0,0.0,0.0,0.0,0.0,0.0,0.0,0.0,0.0,0.0,108469.140625,0.0,446629.4375,0.0,-3601.359375,0.0,3601.375,0.0,-3.213476673165552,0.0,0.8128999471664429,0.0,FL
275595,FL,1203,0.837096095085144,4,2.0,340680.7421875,1016756.75,4,0,252079.328125,0.0,747274.625,0.0,0.0,0.0,0.0,0.0,-749.0,0.0,749.0,0.0,0.0,0.0,0.0,0.0,0.0,0.0,0.0,0.0,0.0,0.0,0.0,0.0,0.0,0.0,0.0,0.0,0.0,0.0,0.0,0.0,0.0,0.0,0.0,0.0,0.0,0.0,0.0,0.0,0.0,0.0,0.0,0.0,0.0,0.0,0.0,0.0,0.0,0.0,0.0,0.0,0.0,0.0,0.0,0.0,0.0,0.0,0.0,0.0,0.0,0.0,0.0,0.0,0.0,0.0,0.0,0.0,0.0,0.0,0.0,0.0,0.0,0.0,0.0,0.0,0.0,0.0,0.0,0.0,0.0,0.0,0.0,0.0,0.0,0.0,0.0,0.0,0.0,0.0,0.0,0.0,251330.328125,0.0,748023.625,0.0,-749.0,0.0,749.0,0.0,-0.297128687850433,0.0,0.10023088753223419,0.0,FL
275596,FL,1203,235.21621704101562,2,0.0,0.0,8254.1376953125,2,0,0.0,0.0,67224.4296875,29453.427734375,0.0,0.0,0.0,29453.427734375,0.0,0.0,0.0,0.0,0.0,0.0,0.0,0.0,0.0,0.0,0.0,0.0,0.0,0.0,0.0,0.0,0.0,0.0,0.0,0.0,0.0,0.0,0.0,0.0,0.0,0.0,0.0,0.0,0.0,0.0,0.0,0.0,0.0,0.0,0.0,0.0,0.0,0.0,0.0,0.0,0.0,0.0,0.0,0.0,0.0,0.0,0.0,0.0,0.0,0.0,0.0,0.0,0.0,0.0,0.0,0.0,0.0,0.0,0.0,0.0,0.0,0.0,0.0,0.0,0.0,0.0,0.0,0.0,0.0,0.0,0.0,0.0,0.0,0.0,0.0,0.0,0.0,0.0,0.0,0.0,0.0,0.0,0.0,0.0,0.0,0.0,67224.4296875,29453.427734375,0.0,0.0,0.0,0.0,0.0,0.0,0.0,0.0,FL
275597,FL,1203,144.93994140625,1,0.0,206258.734375,646415.1875,1,0,141355.984375,0.0,530865.8125,24609.142578125,0.0,0.0,0.0,24609.142578125,-362.25,0.0,362.25,0.0,0.0,0.0,0.0,0.0,0.0,0.0,0.0,0.0,0.0,0.0,0.0,0.0,0.0,0.0,0.0,0.0,0.0,0.0,0.0,0.0,-1488.9375,0.0,1488.9375,0.0,0.0,0.0,0.0,0.0,0.0,0.0,0.0,0.0,0.0,0.0,0.0,0.0,0.0,0.0,0.0,0.0,0.0,0.0,0.0,0.0,0.0,0.0,0.0,0.0,0.0,0.0,0.0,0.0,0.0,0.0,0.0,0.0,0.0,0.0,0.0,0.0,0.0,0.0,0.0,0.0,0.0,0.0,0.0,0.0,0.0,0.0,0.0,0.0,0.0,0.0,0.0,0.0,0.0,0.0,0.0,0.0,139504.796875,0.0,532717.0,24609.142578125,-1851.1875,0.0,1851.1875,0.0,-1.3095925921954799,0.0,0.3487110137939453,0.0,FL
275598,FL,1203,837.62255859375,1,0.0,66270.109375,75719.90625,1,0,8152.37939453125,0.0,87268.65625,20712.2890625,0.0,0.0,0.0,20712.2890625,-115.0,0.0,115.0,0.0,-209.0,0.0,209.0,0.0,0.0,0.0,0.0,0.0,0.0,0.0,0.0,0.0,0.0,0.0,0.0,0.0,0.0,0.0,0.0,0.0,0.0,0.0,0.0,0.0,0.0,0.0,0.0,0.0,0.0,0.0,0.0,0.0,0.0,0.0,0.0,0.0,0.0,0.0,0.0,0.0,0.0,0.0,0.0,0.0,0.0,0.0,0.0,0.0,0.0,0.0,0.0,0.0,0.0,0.0,0.0,0.0,0.0,0.0,0.0,0.0,0.0,0.0,0.0,0.0,0.0,0.0,0.0,0.0,0.0,0.0,0.0,0.0,0.0,0.0,0.0,0.0,0.0,0.0,0.0,0.0,7828.37939453125,0.0,87592.65625,20712.2890625,-324.0,0.0,324.0,0.0,-3.974299824874987,0.0,0.37126731872558594,0.0,FL
275599,FL,1203,601.278076171875,1,0.0,103680.859375,113985.25,1,0,16553.138671875,0.0,109465.2734375,18197.2421875,0.0,0.0,0.0,18197.2421875,-115.0,0.0,115.0,0.0,-209.0,0.0,209.0,0.0,0.0,0.0,0.0,0.0,0.0,0.0,0.0,0.0,0.0,0.0,0.0,0.0,0.0,0.0,0.0,0.0,0.0,0.0,0.0,0.0,0.0,0.0,0.0,0.0,0.0,0.0,0.0,0.0,0.0,0.0,0.0,0.0,-220.0,0.0,220.0,0.0,0.0,0.0,0.0,0.0,0.0,0.0,0.0,0.0,0.0,0.0,0.0,0.0,0.0,0.0,0.0,0.0,0.0,0.0,0.0,0.0,0.0,0.0,0.0,0.0,0.0,0.0,0.0,0.0,0.0,0.0,0.0,0.0,0.0,0.0,0.0,0.0,0.0,0.0,0.0,0.0,16009.138671875,0.0,110009.2734375,18197.2421875,-544.0,0.0,544.0,0.0,-3.2863858074498946,0.0,0.4969612658023834,0.0,FL
275600,FL,1203,0.5753063559532166,2,0.0,79828.75,114860.90625,2,0,8616.7333984375,0.0,115562.359375,0.0,0.0,0.0,0.0,0.0,-10.0,0.0,10.0,0.0,-228.0,0.0,228.0,0.0,0.0,0.0,0.0,0.0,0.0,0.0,0.0,0.0,0.0,0.0,0.0,0.0,0.0,0.0,0.0,0.0,0.0,0.0,0.0,0.0,0.0,0.0,0.0,0.0,0.0,0.0,0.0,0.0,0.0,0.0,0.0,0.0,0.0,0.0,0.0,0.0,0.0,0.0,0.0,0.0,0.0,0.0,0.0,0.0,0.0,0.0,0.0,0.0,0.0,0.0,0.0,0.0,0.0,0.0,0.0,0.0,-1440.0009765625,0.0,1440.0,0.0,0.0,0.0,0.0,0.0,0.0,0.0,0.0,0.0,0.0,0.0,0.0,0.0,0.0,0.0,0.0,0.0,6938.732421875,0.0,117240.359375,0.0,-1678.0009765625,0.0,1678.0,0.0,-19.473748333292722,0.0,1.452029824256897,0.0,FL
275601,FL,1203,608.328369140625,1,0.0,38519.9609375,38519.9609375,1,0,2561.395263671875,0.0,34475.140625,0.0,0.0,0.0,0.0,0.0,-5.0,0.0,5.0,0.0,-114.0,0.0,114.0,0.0,0.0,0.0,0.0,0.0,0.0,0.0,0.0,0.0,0.0,0.0,0.0,0.0,0.0,0.0,0.0,0.0,0.0,0.0,0.0,0.0,0.0,0.0,0.0,0.0,0.0,0.0,0.0,0.0,0.0,0.0,0.0,0.0,-120.0,0.0,120.0,0.0,0.0,0.0,0.0,0.0,0.0,0.0,0.0,0.0,0.0,0.0,0.0,0.0,0.0,0.0,0.0,0.0,-436.181396484375,0.0,436.1796875,0.0,0.0,0.0,0.0,0.0,-62.25830078125,0.0,62.2578125,0.0,0.0,0.0,0.0,0.0,0.0,0.0,0.0,0.0,0.0,0.0,0.0,0.0,1823.95556640625,0.0,35212.578125,0.0,-737.439697265625,0.0,737.4375,0.0,-28.790546610462304,0.0,2.1390414237976074,0.0,FL
275602,FL,1203,835.1048583984375,1,0.0,117195.609375,112473.5703125,1,0,13275.0927734375,0.0,97272.4296875,0.0,0.0,0.0,0.0,0.0,-115.0,0.0,115.0,0.0,0.0,0.0,0.0,0.0,0.0,0.0,0.0,0.0,0.0,0.0,0.0,0.0,0.0,0.0,0.0,0.0,0.0,0.0,0.0,0.0,0.0,0.0,0.0,0.0,0.0,0.0,0.0,0.0,0.0,0.0,0.0,0.0,0.0,0.0,0.0,0.0,0.0,0.0,0.0,0.0,0.0,0.0,0.0,0.0,0.0,0.0,0.0,0.0,0.0,0.0,0.0,0.0,0.0,0.0,0.0,0.0,-3268.2900390625,0.0,3268.2890625,0.0,0.0,0.0,0.0,0.0,0.0,0.0,0.0,0.0,0.0,0.0,0.0,0.0,0.0,0.0,0.0,0.0,0.0,0.0,0.0,0.0,9891.802734375,0.0,100655.71875,0.0,-3383.2900390625,0.0,3383.2890625,0.0,-25.485999207720933,0.0,3.4781582355499268,0.0,FL
275603,FL,1203,3091.167724609375,3,0.0,74257.79443359375,83096.38037109375,2,1,5131.585632324219,0.0,77404.765625,2941.423095703125,0.0,0.0,0.0,2941.423095703125,-5.0,0.0,5.0,0.0,-209.0,0.0,209.0,0.0,0.0,0.0,0.0,0.0,0.0,0.0,0.0,0.0,0.0,0.0,0.0,0.0,0.0,0.0,0.0,0.0,0.0,0.0,0.0,0.0,0.0,0.0,0.0,0.0,0.0,0.0,0.0,0.0,0.0,0.0,0.0,0.0,-120.0,0.0,120.0,0.0,0.0,0.0,0.0,0.0,0.0,0.0,0.0,0.0,0.0,0.0,0.0,0.0,0.0,0.0,0.0,0.0,0.0,0.0,0.0,0.0,0.0,0.0,0.0,0.0,0.0,0.0,0.0,0.0,0.0,0.0,0.0,0.0,0.0,0.0,0.0,0.0,0.0,0.0,0.0,0.0,4797.585632324219,0.0,77738.765625,2941.423095703125,-334.0,0.0,334.0,0.0,-6.5087094697613646,0.0,0.4314979910850525,0.0,FL
275604,FL,1203,1319.566162109375,3,0.0,67568.0693359375,66629.08203125,3,0,2087.1165161132812,0.0,66678.5078125,0.0,0.0,0.0,0.0,0.0,-5.0,0.0,5.0,0.0,-304.0,0.0,304.0,0.0,0.0,0.0,0.0,0.0,0.0,0.0,0.0,0.0,0.0,0.0,0.0,0.0,0.0,0.0,0.0,0.0,0.0,0.0,0.0,0.0,0.0,0.0,0.0,0.0,0.0,0.0,0.0,0.0,0.0,0.0,0.0,0.0,0.0,0.0,0.0,0.0,0.0,0.0,0.0,0.0,0.0,0.0,0.0,0.0,0.0,0.0,0.0,0.0,0.0,0.0,0.0,0.0,0.0,0.0,0.0,0.0,0.0,0.0,0.0,0.0,-164.34637451171875,0.0,164.34375,0.0,0.0,0.0,0.0,0.0,0.0,0.0,0.0,0.0,0.0,0.0,0.0,0.0,1613.7701416015625,0.0,67151.8515625,0.0,-473.34637451171875,0.0,473.34375,0.0,-22.679441749289822,0.0,0.7098895311355591,0.0,FL
275605,FL,1203,0.6695746779441833,4,0.0,101120.30517578125,102960.15478515625,4,0,5374.01416015625,0.0,93753.5625,0.0,0.0,0.0,0.0,0.0,-5.0,0.0,5.0,0.0,-114.0,0.0,114.0,0.0,0.0,0.0,0.0,0.0,0.0,0.0,0.0,0.0,0.0,0.0,0.0,0.0,0.0,0.0,0.0,0.0,0.0,0.0,0.0,0.0,0.0,0.0,0.0,0.0,0.0,0.0,0.0,0.0,0.0,0.0,0.0,0.0,0.0,0.0,0.0,0.0,0.0,0.0,0.0,0.0,0.0,0.0,0.0,0.0,0.0,0.0,0.0,0.0,0.0,0.0,0.0,0.0,0.0,0.0,0.0,0.0,0.0,0.0,0.0,0.0,0.0,0.0,0.0,0.0,0.0,0.0,0.0,0.0,0.0,0.0,0.0,0.0,0.0,0.0,0.0,0.0,5255.01416015625,0.0,93872.5625,0.0,-119.0,0.0,119.0,0.0,-2.2143596286419176,0.0,0.12692850828170776,0.0,FL
275606,FL,1203,172.6370391845703,2,0.0,86364.8515625,214649.4140625,2,0,30033.6396484375,0.0,237848.140625,53820.046875,0.0,0.0,0.0,53820.046875,-230.0,0.0,230.0,0.0,-418.0,0.0,418.0,0.0,0.0,0.0,0.0,0.0,0.0,0.0,0.0,0.0,0.0,0.0,0.0,0.0,0.0,0.0,0.0,0.0,0.0,0.0,0.0,0.0,0.0,0.0,0.0,0.0,0.0,0.0,0.0,0.0,0.0,0.0,0.0,0.0,0.0,0.0,0.0,0.0,0.0,0.0,0.0,0.0,0.0,0.0,0.0,0.0,0.0,0.0,0.0,0.0,0.0,0.0,0.0,0.0,0.0,0.0,0.0,0.0,0.0,0.0,0.0,0.0,0.0,0.0,0.0,0.0,0.0,0.0,0.0,0.0,0.0,0.0,0.0,0.0,0.0,0.0,0.0,0.0,29385.6396484375,0.0,238496.140625,53820.046875,-648.0,0.0,648.0,0.0,-2.157580658172784,0.0,0.2724427580833435,0.0,FL
275607,FL,1203,0.6184763312339783,4,2.0,127274.013671875,204181.390625,4,0,20335.52734375,0.0,203132.171875,0.0,0.0,0.0,0.0,0.0,-230.0,0.0,230.0,0.0,-418.0,0.0,418.0,0.0,0.0,0.0,0.0,0.0,0.0,0.0,0.0,0.0,-400.0,0.0,400.0,0.0,0.0,0.0,0.0,0.0,0.0,0.0,0.0,0.0,0.0,0.0,0.0,0.0,0.0,0.0,0.0,0.0,0.0,0.0,0.0,0.0,-440.0,0.0,440.0,0.0,0.0,0.0,0.0,0.0,0.0,0.0,0.0,0.0,0.0,0.0,0.0,0.0,0.0,0.0,0.0,0.0,-386.74609375,0.0,386.734375,0.0,0.0,0.0,0.0,0.0,0.0,0.0,0.0,0.0,0.0,0.0,0.0,0.0,0.0,0.0,0.0,0.0,0.0,0.0,0.0,0.0,18460.78125,0.0,205006.90625,0.0,-1874.74609375,0.0,1874.734375,0.0,-9.219067998874353,0.0,0.9229135513305664,0.0,FL
275608,FL,1203,340.4736328125,1,0.0,0.0,0.0,1,0,0.0,0.0,52604.875,26446.279296875,0.0,0.0,0.0,26446.279296875,0.0,0.0,0.0,0.0,0.0,0.0,0.0,0.0,0.0,0.0,0.0,0.0,0.0,0.0,0.0,0.0,0.0,0.0,0.0,0.0,0.0,0.0,0.0,0.0,0.0,0.0,0.0,0.0,0.0,0.0,0.0,0.0,0.0,0.0,0.0,0.0,0.0,0.0,0.0,0.0,0.0,0.0,0.0,0.0,0.0,0.0,0.0,0.0,0.0,0.0,0.0,0.0,0.0,0.0,0.0,0.0,0.0,0.0,0.0,0.0,0.0,0.0,0.0,0.0,0.0,0.0,0.0,0.0,0.0,0.0,0.0,0.0,0.0,0.0,0.0,0.0,0.0,0.0,0.0,0.0,0.0,0.0,0.0,0.0,0.0,0.0,52604.875,26446.279296875,0.0,0.0,0.0,0.0,0.0,0.0,0.0,0.0,FL
275609,FL,1203,0.6437147259712219,3,0.0,77647.91064453125,80353.24658203125,3,0,8198.0517578125,0.0,76354.2890625,2705.33642578125,0.0,0.0,0.0,2705.33642578125,-115.0,0.0,115.0,0.0,-209.0,0.0,209.0,0.0,0.0,0.0,0.0,0.0,0.0,0.0,0.0,0.0,0.0,0.0,0.0,0.0,0.0,0.0,0.0,0.0,0.0,0.0,0.0,0.0,0.0,0.0,0.0,0.0,0.0,0.0,0.0,0.0,0.0,0.0,0.0,0.0,0.0,0.0,0.0,0.0,0.0,0.0,0.0,0.0,0.0,0.0,0.0,0.0,0.0,0.0,0.0,0.0,0.0,0.0,0.0,0.0,0.0,0.0,0.0,0.0,0.0,0.0,0.0,0.0,-166.8974609375,0.0,166.8984375,0.0,0.0,0.0,0.0,0.0,0.0,0.0,0.0,0.0,0.0,0.0,0.0,0.0,7707.154296875,0.0,76845.1875,2705.33642578125,-490.8974609375,0.0,490.8984375,0.0,-5.987977088211102,0.0,0.6429218649864197,0.0,FL
275610,FL,1203,0.5530282258987427,2,0.0,52805.54296875,52805.54296875,2,0,3977.1758422851562,0.0,48690.5625,0.0,0.0,0.0,0.0,0.0,-5.0,0.0,5.0,0.0,-114.0,0.0,114.0,0.0,0.0,0.0,0.0,0.0,0.0,0.0,0.0,0.0,0.0,0.0,0.0,0.0,0.0,0.0,0.0,0.0,0.0,0.0,0.0,0.0,0.0,0.0,0.0,0.0,0.0,0.0,0.0,0.0,0.0,0.0,0.0,0.0,0.0,0.0,0.0,0.0,0.0,0.0,0.0,0.0,0.0,0.0,0.0,0.0,0.0,0.0,0.0,0.0,0.0,0.0,0.0,0.0,0.0,0.0,0.0,0.0,0.0,0.0,0.0,0.0,0.0,0.0,0.0,0.0,0.0,0.0,0.0,0.0,0.0,0.0,0.0,0.0,0.0,0.0,0.0,0.0,3858.1758422851562,0.0,48809.5625,0.0,-119.0,0.0,119.0,0.0,-2.9920728858602956,0.0,0.2444005310535431,0.0,FL
275611,FL,1203,602.0533447265625,2,0.0,44212.36328125,87072.1328125,2,0,10649.869140625,0.0,76145.8359375,0.0,0.0,0.0,0.0,0.0,-115.0,0.0,115.0,0.0,-209.0,0.0,209.0,0.0,0.0,0.0,0.0,0.0,0.0,0.0,0.0,0.0,0.0,0.0,0.0,0.0,0.0,0.0,0.0,0.0,0.0,0.0,0.0,0.0,0.0,0.0,0.0,0.0,0.0,0.0,0.0,0.0,0.0,0.0,0.0,0.0,0.0,0.0,0.0,0.0,0.0,0.0,0.0,0.0,0.0,0.0,0.0,0.0,0.0,0.0,0.0,0.0,0.0,0.0,0.0,0.0,0.0,0.0,0.0,0.0,0.0,0.0,0.0,0.0,0.0,0.0,0.0,0.0,0.0,0.0,0.0,0.0,0.0,0.0,0.0,0.0,0.0,0.0,0.0,0.0,10325.869140625,0.0,76469.8359375,0.0,-324.0,0.0,324.0,0.0,-3.042290902562073,0.0,0.4254993200302124,0.0,FL
275612,FL,1203,0.9494056701660156,2,0.0,33003.43359375,399918.125,2,0,72136.1875,0.0,387893.0,49437.56640625,0.0,0.0,0.0,49437.56640625,-292.0,0.0,292.0,0.0,-456.0,0.0,456.0,0.0,0.0,0.0,0.0,0.0,0.0,0.0,0.0,0.0,0.0,0.0,0.0,0.0,0.0,0.0,0.0,0.0,0.0,0.0,0.0,0.0,0.0,0.0,0.0,0.0,0.0,0.0,0.0,0.0,0.0,0.0,0.0,0.0,0.0,0.0,0.0,0.0,0.0,0.0,0.0,0.0,0.0,0.0,0.0,0.0,0.0,0.0,0.0,0.0,0.0,0.0,0.0,0.0,0.0,0.0,0.0,0.0,0.0,0.0,0.0,0.0,0.0,0.0,0.0,0.0,0.0,0.0,0.0,0.0,0.0,0.0,0.0,0.0,0.0,0.0,0.0,0.0,71388.1875,0.0,388641.0,49437.56640625,-748.0,0.0,748.0,0.0,-1.036927547633426,0.0,0.1928366869688034,0.0,FL
275613,FL,1203,2.2177846431732178,1,0.0,204043.453125,224834.171875,1,0,41280.6796875,0.0,199742.859375,24834.3203125,0.0,0.0,0.0,24834.3203125,-340.8046875,0.0,340.8125,0.0,0.0,0.0,0.0,0.0,0.0,0.0,0.0,0.0,0.0,0.0,0.0,0.0,0.0,0.0,0.0,0.0,0.0,0.0,0.0,0.0,0.0,0.0,0.0,0.0,0.0,0.0,0.0,0.0,0.0,0.0,0.0,0.0,0.0,0.0,0.0,0.0,0.0,0.0,0.0,0.0,0.0,0.0,0.0,0.0,0.0,0.0,0.0,0.0,0.0,0.0,0.0,0.0,0.0,0.0,0.0,0.0,0.0,0.0,0.0,0.0,0.0,0.0,0.0,0.0,0.0,0.0,0.0,0.0,0.0,0.0,0.0,0.0,0.0,0.0,0.0,0.0,0.0,0.0,0.0,0.0,40939.875,0.0,200083.671875,24834.3203125,-340.8046875,0.0,340.8125,0.0,-0.825579157319925,0.0,0.17062561213970184,0.0,FL
275614,FL,1203,687.1016845703125,3,0.0,53888.675048828125,57506.405517578125,3,0,3167.2036743164062,0.0,63004.390625,0.0,0.0,0.0,0.0,0.0,-5.0,0.0,5.0,0.0,-113.999755859375,0.0,114.0,0.0,0.0,0.0,0.0,0.0,0.0,0.0,0.0,0.0,0.0,0.0,0.0,0.0,0.0,0.0,0.0,0.0,-513.174560546875,0.0,513.17578125,0.0,0.0,0.0,0.0,0.0,0.0,0.0,0.0,0.0,0.0,0.0,0.0,0.0,0.0,0.0,0.0,0.0,0.0,0.0,0.0,0.0,0.0,0.0,0.0,0.0,0.0,0.0,0.0,0.0,0.0,0.0,0.0,0.0,-477.254150390625,0.0,477.25390625,0.0,0.0,0.0,0.0,0.0,0.0,0.0,0.0,0.0,0.0,0.0,0.0,0.0,0.0,0.0,0.0,0.0,0.0,0.0,0.0,0.0,2057.7752075195312,0.0,64113.8203125,0.0,-1109.428466796875,0.0,1109.4296875,0.0,-35.02864295698724,0.0,1.7608767747879028,0.0,FL
275615,FL,1203,1955.1168212890625,4,2.0,137539.41015625,184990.828125,4,0,16367.845703125,0.0,166175.234375,0.0,0.0,0.0,0.0,0.0,-230.0,0.0,230.0,0.0,-418.0,0.0,418.0,0.0,0.0,0.0,0.0,0.0,0.0,0.0,0.0,0.0,-400.0,0.0,400.0,0.0,0.0,0.0,0.0,0.0,0.0,0.0,0.0,0.0,0.0,0.0,0.0,0.0,0.0,0.0,0.0,0.0,0.0,0.0,0.0,0.0,-440.0,0.0,440.0,0.0,0.0,0.0,0.0,0.0,0.0,0.0,0.0,0.0,0.0,0.0,0.0,0.0,0.0,0.0,0.0,0.0,-227.341796875,0.0,227.34375,0.0,0.0,0.0,0.0,0.0,0.0,0.0,0.0,0.0,0.0,0.0,0.0,0.0,0.0,0.0,0.0,0.0,0.0,0.0,0.0,0.0,14652.50390625,0.0,167890.578125,0.0,-1715.341796875,0.0,1715.34375,0.0,-10.47994847939886,0.0,1.032249927520752,0.0,FL
275616,FL,1203,0.17068368196487427,2,0.0,336665.359375,410753.65625,2,0,65458.05078125,0.0,341019.78125,15799.7919921875,0.0,0.0,0.0,15799.7919921875,-484.0,0.0,484.0,0.0,0.0,0.0,0.0,0.0,0.0,0.0,0.0,0.0,0.0,0.0,0.0,0.0,0.0,0.0,0.0,0.0,0.0,0.0,0.0,0.0,0.0,0.0,0.0,0.0,0.0,0.0,0.0,0.0,0.0,0.0,0.0,0.0,0.0,0.0,0.0,0.0,0.0,0.0,0.0,0.0,0.0,0.0,0.0,0.0,0.0,0.0,0.0,0.0,-832.03125,0.0,832.03125,0.0,0.0,0.0,0.0,0.0,0.0,0.0,0.0,0.0,0.0,0.0,0.0,0.0,0.0,0.0,0.0,0.0,0.0,0.0,0.0,0.0,0.0,0.0,0.0,0.0,0.0,0.0,0.0,0.0,64142.01953125,0.0,342335.8125,15799.7919921875,-1316.03125,0.0,1316.03125,0.0,-2.01049562932749,0.0,0.3859105408191681,0.0,FL
275617,FL,1203,0.12742730975151062,5,2.0,1018415.5546875,1047900.0625,5,0,276637.6953125,0.0,816614.0625,14387.2275390625,0.0,0.0,0.0,14387.2275390625,-849.0,0.0,849.0,0.0,-912.0,0.0,912.0,0.0,0.0,0.0,0.0,0.0,0.0,0.0,0.0,0.0,0.0,0.0,0.0,0.0,0.0,0.0,0.0,0.0,-1850.0,0.0,1850.0,0.0,0.0,0.0,0.0,0.0,0.0,0.0,0.0,0.0,0.0,0.0,0.0,0.0,-740.0,0.0,740.0,0.0,0.0,0.0,0.0,0.0,0.0,0.0,0.0,0.0,0.0,0.0,0.0,0.0,0.0,0.0,0.0,0.0,0.0,0.0,0.0,0.0,-914.224609375,0.0,914.25,0.0,0.0,0.0,0.0,0.0,0.0,0.0,0.0,0.0,0.0,0.0,0.0,0.0,0.0,0.0,0.0,0.0,271372.470703125,0.0,821879.3125,14387.2275390625,-5265.224609375,0.0,5265.25,0.0,-1.9032925369867657,0.0,0.6447660326957703,0.0,FL
275618,FL,1203,0.12488143146038055,4,0.0,254532.126953125,256417.2109375,4,0,31079.44189453125,0.0,214414.328125,2084.939697265625,0.0,0.0,0.0,2084.939697265625,-235.0,0.0,235.0,0.0,-532.0,0.0,532.0,0.0,0.0,0.0,0.0,0.0,0.0,0.0,0.0,0.0,0.0,0.0,0.0,0.0,0.0,0.0,0.0,0.0,0.0,0.0,0.0,0.0,0.0,0.0,0.0,0.0,0.0,0.0,0.0,0.0,0.0,0.0,0.0,0.0,-440.0,0.0,440.0,0.0,0.0,0.0,0.0,0.0,0.0,0.0,0.0,0.0,0.0,0.0,0.0,0.0,0.0,0.0,0.0,0.0,-499.998046875,0.0,500.0,0.0,0.0,0.0,0.0,0.0,0.0,0.0,0.0,0.0,0.0,0.0,0.0,0.0,0.0,0.0,0.0,0.0,0.0,0.0,0.0,0.0,29372.44384765625,0.0,216121.328125,2084.939697265625,-1706.998046875,0.0,1707.0,0.0,-5.492370334923434,0.0,0.7961221933364868,0.0,FL
275619,FL,1203,0.22920212149620056,2,0.0,73735.87890625,73589.7265625,2,0,4701.1728515625,0.0,73179.0,0.0,0.0,0.0,0.0,0.0,-10.0,0.0,10.0,0.0,-228.0,0.0,228.0,0.0,0.0,0.0,0.0,0.0,0.0,0.0,0.0,0.0,0.0,0.0,0.0,0.0,0.0,0.0,0.0,0.0,0.0,0.0,0.0,0.0,0.0,0.0,0.0,0.0,0.0,0.0,0.0,0.0,0.0,0.0,0.0,0.0,0.0,0.0,0.0,0.0,0.0,0.0,0.0,0.0,0.0,0.0,0.0,0.0,0.0,0.0,0.0,0.0,0.0,0.0,0.0,0.0,0.0,0.0,0.0,0.0,0.0,0.0,0.0,0.0,-570.69921875,0.0,570.703125,0.0,0.0,0.0,0.0,0.0,0.0,0.0,0.0,0.0,0.0,0.0,0.0,0.0,3892.4736328125,0.0,73987.703125,0.0,-808.69921875,0.0,808.703125,0.0,-17.2020737012726,0.0,1.1051026582717896,0.0,FL
275620,FL,1203,0.13483130931854248,4,1.0,176064.25,291586.37109375,4,0,32551.6083984375,0.0,271278.75,0.0,0.0,0.0,0.0,0.0,-235.0,0.0,235.0,0.0,-532.0,0.0,532.0,0.0,0.0,0.0,0.0,0.0,0.0,0.0,0.0,0.0,-200.0,0.0,200.0,0.0,0.0,0.0,0.0,0.0,0.0,0.0,0.0,0.0,0.0,0.0,0.0,0.0,0.0,0.0,0.0,0.0,0.0,0.0,0.0,0.0,-440.0,0.0,440.0,0.0,0.0,0.0,0.0,0.0,0.0,0.0,0.0,0.0,0.0,0.0,0.0,0.0,0.0,0.0,0.0,0.0,0.0,0.0,0.0,0.0,0.0,0.0,0.0,0.0,0.0,0.0,0.0,0.0,0.0,0.0,0.0,0.0,0.0,0.0,0.0,0.0,0.0,0.0,0.0,0.0,31144.6083984375,0.0,272685.75,0.0,-1407.0,0.0,1407.0,0.0,-4.322367063335454,0.0,0.5186547040939331,0.0,FL
275621,FL,1203,47.629638671875,1,0.0,4687.6982421875,4687.6982421875,1,0,0.0,0.0,41045.6328125,18667.115234375,0.0,0.0,0.0,18667.115234375,0.0,0.0,0.0,0.0,0.0,0.0,0.0,0.0,0.0,0.0,0.0,0.0,0.0,0.0,0.0,0.0,0.0,0.0,0.0,0.0,0.0,0.0,0.0,0.0,0.0,0.0,0.0,0.0,0.0,0.0,0.0,0.0,0.0,0.0,0.0,0.0,0.0,0.0,0.0,0.0,0.0,0.0,0.0,0.0,0.0,0.0,0.0,0.0,0.0,0.0,0.0,0.0,0.0,0.0,0.0,0.0,0.0,0.0,0.0,0.0,0.0,0.0,0.0,0.0,0.0,0.0,0.0,0.0,0.0,0.0,0.0,0.0,0.0,0.0,0.0,0.0,0.0,0.0,0.0,0.0,0.0,0.0,0.0,0.0,0.0,0.0,41045.6328125,18667.115234375,0.0,0.0,0.0,0.0,0.0,0.0,0.0,0.0,FL
275622,FL,1203,0.1226201206445694,1,0.0,53219.1640625,53219.1640625,1,0,4325.2998046875,0.0,44822.59765625,0.0,0.0,0.0,0.0,0.0,-5.0,0.0,5.0,0.0,-114.0,0.0,114.0,0.0,0.0,0.0,0.0,0.0,0.0,0.0,0.0,0.0,0.0,0.0,0.0,0.0,0.0,0.0,0.0,0.0,0.0,0.0,0.0,0.0,0.0,0.0,0.0,0.0,0.0,0.0,0.0,0.0,0.0,0.0,0.0,0.0,0.0,0.0,0.0,0.0,0.0,0.0,0.0,0.0,0.0,0.0,0.0,0.0,0.0,0.0,0.0,0.0,0.0,0.0,0.0,0.0,0.0,0.0,0.0,0.0,0.0,0.0,0.0,0.0,-194.556640625,0.0,194.55859375,0.0,0.0,0.0,0.0,0.0,0.0,0.0,0.0,0.0,0.0,0.0,0.0,0.0,4011.7431640625,0.0,45136.15625,0.0,-313.556640625,0.0,313.55859375,0.0,-7.249362004575641,0.0,0.6995546817779541,0.0,FL
275623,FL,1203,114.81411743164062,2,0.0,11912.26953125,48694.05078125,2,0,2106.813720703125,0.0,109723.0,37431.859375,0.0,0.0,0.0,37431.859375,-5.0,0.0,5.0,0.0,-114.0,0.0,114.0,0.0,0.0,0.0,0.0,0.0,0.0,0.0,0.0,0.0,0.0,0.0,0.0,0.0,0.0,0.0,0.0,0.0,0.0,0.0,0.0,0.0,0.0,0.0,0.0,0.0,0.0,0.0,0.0,0.0,0.0,0.0,0.0,0.0,0.0,0.0,0.0,0.0,0.0,0.0,0.0,0.0,0.0,0.0,0.0,0.0,0.0,0.0,0.0,0.0,0.0,0.0,0.0,0.0,0.0,0.0,0.0,0.0,-720.0,0.0,720.0,0.0,0.0,0.0,0.0,0.0,0.0,0.0,0.0,0.0,0.0,0.0,0.0,0.0,0.0,0.0,0.0,0.0,1267.813720703125,0.0,110562.0,37431.859375,-839.0,0.0,839.0,0.0,-39.82316954533566,0.0,0.7646527886390686,0.0,FL
275624,FL,1203,0.1557512730360031,3,1.0,135081.21875,140750.546875,3,0,11006.09765625,0.0,170890.1875,0.0,0.0,0.0,0.0,0.0,-230.0,0.0,230.0,0.0,-417.9990234375,0.0,418.0,0.0,0.0,0.0,0.0,0.0,0.0,0.0,0.0,0.0,-200.0,0.0,200.0,0.0,0.0,0.0,0.0,0.0,0.0,0.0,0.0,0.0,0.0,0.0,0.0,0.0,0.0,0.0,0.0,0.0,0.0,0.0,0.0,0.0,-440.0,0.0,440.0,0.0,0.0,0.0,0.0,0.0,0.0,0.0,0.0,0.0,0.0,0.0,0.0,0.0,0.0,0.0,0.0,0.0,0.0,0.0,0.0,0.0,0.0,0.0,0.0,0.0,0.0,0.0,0.0,0.0,0.0,0.0,0.0,0.0,0.0,0.0,0.0,0.0,0.0,0.0,0.0,0.0,9718.0986328125,0.0,172178.1875,0.0,-1287.9990234375,0.0,1288.0,0.0,-11.70259490389028,0.0,0.7537004351615906,0.0,FL
275625,FL,1203,0.11645741760730743,2,0.0,128153.72265625,1963248.625,2,0,466051.25,0.0,1486623.375,0.0,0.0,0.0,0.0,0.0,0.0,0.0,0.0,0.0,0.0,0.0,0.0,0.0,0.0,0.0,0.0,0.0,0.0,0.0,0.0,0.0,0.0,0.0,0.0,0.0,0.0,0.0,0.0,0.0,-1300.0,0.0,1300.0,0.0,0.0,0.0,0.0,0.0,0.0,0.0,0.0,0.0,0.0,0.0,0.0,0.0,-85.875,0.0,85.875,0.0,0.0,0.0,0.0,0.0,0.0,0.0,0.0,0.0,0.0,0.0,0.0,0.0,0.0,0.0,0.0,0.0,0.0,0.0,0.0,0.0,0.0,0.0,0.0,0.0,0.0,0.0,0.0,0.0,0.0,0.0,0.0,0.0,0.0,0.0,0.0,0.0,0.0,0.0,0.0,0.0,464665.375,0.0,1488009.25,0.0,-1385.875,0.0,1385.875,0.0,-0.2973653648606242,0.0,0.09322300553321838,0.0,FL
275626,FL,1203,184.52774047851562,1,0.0,0.0,0.0,1,0,0.0,0.0,39656.47265625,21804.3203125,0.0,0.0,0.0,21804.3203125,0.0,0.0,0.0,0.0,0.0,0.0,0.0,0.0,0.0,0.0,0.0,0.0,0.0,0.0,0.0,0.0,0.0,0.0,0.0,0.0,0.0,0.0,0.0,0.0,0.0,0.0,0.0,0.0,0.0,0.0,0.0,0.0,0.0,0.0,0.0,0.0,0.0,0.0,0.0,0.0,0.0,0.0,0.0,0.0,0.0,0.0,0.0,0.0,0.0,0.0,0.0,0.0,0.0,0.0,0.0,0.0,0.0,0.0,0.0,0.0,0.0,0.0,0.0,0.0,0.0,0.0,0.0,0.0,0.0,0.0,0.0,0.0,0.0,0.0,0.0,0.0,0.0,0.0,0.0,0.0,0.0,0.0,0.0,0.0,0.0,0.0,39656.47265625,21804.3203125,0.0,0.0,0.0,0.0,0.0,0.0,0.0,0.0,FL
275627,FL,1203,0.13920734822750092,1,0.0,192765.90625,509763.625,1,0,112629.265625,0.0,450831.3125,43596.5703125,0.0,0.0,0.0,43596.5703125,-362.25,0.0,362.25,0.0,-332.5,0.0,332.5,0.0,0.0,0.0,0.0,0.0,0.0,0.0,0.0,0.0,0.0,0.0,0.0,0.0,0.0,0.0,0.0,0.0,-1750.0,0.0,1750.0,0.0,0.0,0.0,0.0,0.0,0.0,0.0,0.0,0.0,0.0,0.0,0.0,0.0,-350.0,0.0,350.0,0.0,0.0,0.0,0.0,0.0,0.0,0.0,0.0,0.0,0.0,0.0,0.0,0.0,0.0,0.0,0.0,0.0,0.0,0.0,0.0,0.0,0.0,0.0,0.0,0.0,0.0,0.0,0.0,0.0,0.0,0.0,0.0,0.0,0.0,0.0,0.0,0.0,0.0,0.0,0.0,0.0,109834.515625,0.0,453626.0625,43596.5703125,-2794.75,0.0,2794.75,0.0,-2.481371057949664,0.0,0.6199103593826294,0.0,FL
275628,FL,1203,0.2232067883014679,2,0.0,80393.1328125,137401.015625,2,0,12853.2236328125,0.0,124775.1875,5545.62255859375,0.0,0.0,0.0,5545.62255859375,-230.0,0.0,230.0,0.0,-418.0,0.0,418.0,0.0,0.0,0.0,0.0,0.0,0.0,0.0,0.0,0.0,0.0,0.0,0.0,0.0,0.0,0.0,0.0,0.0,0.0,0.0,0.0,0.0,0.0,0.0,0.0,0.0,0.0,0.0,0.0,0.0,0.0,0.0,0.0,0.0,-70.4931640625,0.0,70.4921875,0.0,0.0,0.0,0.0,0.0,0.0,0.0,0.0,0.0,0.0,0.0,0.0,0.0,0.0,0.0,0.0,0.0,0.0,0.0,0.0,0.0,-963.0595703125,0.0,963.0546875,0.0,-217.90234375,0.0,217.90625,0.0,0.0,0.0,0.0,0.0,0.0,0.0,0.0,0.0,0.0,0.0,0.0,0.0,10953.7685546875,0.0,126674.640625,5545.62255859375,-1899.455078125,0.0,1899.453125,0.0,-14.778044266466775,0.0,1.522300362586975,0.0,FL
275629,FL,1203,0.12396065145730972,2,0.0,1296.0107421875,694109.3481140137,2,0,180877.6875,0.0,580253.6875,47111.6328125,0.0,0.0,0.0,47111.6328125,0.0,0.0,0.0,0.0,0.0,0.0,0.0,0.0,0.0,0.0,0.0,0.0,0.0,0.0,0.0,0.0,0.0,0.0,0.0,0.0,0.0,0.0,0.0,0.0,-2067.6875,0.0,2067.6875,0.0,0.0,0.0,0.0,0.0,0.0,0.0,0.0,0.0,0.0,0.0,0.0,0.0,0.0,0.0,0.0,0.0,0.0,0.0,0.0,0.0,0.0,0.0,0.0,0.0,0.0,0.0,0.0,0.0,0.0,0.0,0.0,0.0,0.0,0.0,0.0,0.0,0.0,0.0,0.0,0.0,0.0,0.0,0.0,0.0,0.0,0.0,0.0,0.0,0.0,0.0,0.0,0.0,0.0,0.0,0.0,0.0,178810.0,0.0,582321.375,47111.6328125,-2067.6875,0.0,2067.6875,0.0,-1.143141273298289,0.0,0.35634198784828186,0.0,FL
275630,FL,1203,76.91009521484375,1,0.0,2460.028076171875,2460.028076171875,1,0,0.0,0.0,40821.49609375,18469.8359375,0.0,0.0,0.0,18469.8359375,0.0,0.0,0.0,0.0,0.0,0.0,0.0,0.0,0.0,0.0,0.0,0.0,0.0,0.0,0.0,0.0,0.0,0.0,0.0,0.0,0.0,0.0,0.0,0.0,0.0,0.0,0.0,0.0,0.0,0.0,0.0,0.0,0.0,0.0,0.0,0.0,0.0,0.0,0.0,0.0,0.0,0.0,0.0,0.0,0.0,0.0,0.0,0.0,0.0,0.0,0.0,0.0,0.0,0.0,0.0,0.0,0.0,0.0,0.0,0.0,0.0,0.0,0.0,0.0,0.0,0.0,0.0,0.0,0.0,0.0,0.0,0.0,0.0,0.0,0.0,0.0,0.0,0.0,0.0,0.0,0.0,0.0,0.0,0.0,0.0,0.0,40821.49609375,18469.8359375,0.0,0.0,0.0,0.0,0.0,0.0,0.0,0.0,FL
275631,FL,1203,0.11712528765201569,2,0.0,17489.62109375,-11761.6240234375,2,0,0.0,0.0,27075.853515625,35974.10546875,0.0,0.0,0.0,35974.10546875,0.0,0.0,0.0,0.0,0.0,0.0,0.0,0.0,0.0,0.0,0.0,0.0,0.0,0.0,0.0,0.0,0.0,0.0,0.0,0.0,0.0,0.0,0.0,0.0,0.0,0.0,0.0,0.0,0.0,0.0,0.0,0.0,0.0,0.0,0.0,0.0,0.0,0.0,0.0,0.0,0.0,0.0,0.0,0.0,0.0,0.0,0.0,0.0,0.0,0.0,0.0,0.0,0.0,0.0,0.0,0.0,0.0,0.0,0.0,0.0,0.0,0.0,0.0,0.0,0.0,0.0,0.0,0.0,0.0,0.0,0.0,0.0,0.0,0.0,0.0,0.0,0.0,0.0,0.0,0.0,0.0,0.0,0.0,0.0,0.0,0.0,27075.853515625,35974.10546875,0.0,0.0,0.0,0.0,0.0,0.0,0.0,0.0,FL
275632,FL,1203,107.80723571777344,3,2.0,0.0,0.0,3,0,0.0,0.0,18231.93359375,9422.6904296875,8809.244140625,0.0,0.0,18231.9345703125,0.0,0.0,0.0,0.0,0.0,0.0,0.0,0.0,0.0,0.0,0.0,0.0,0.0,0.0,0.0,0.0,0.0,0.0,0.0,0.0,0.0,0.0,0.0,0.0,0.0,0.0,0.0,0.0,0.0,0.0,0.0,0.0,0.0,0.0,0.0,0.0,0.0,0.0,0.0,0.0,0.0,0.0,0.0,0.0,0.0,0.0,0.0,0.0,0.0,0.0,0.0,0.0,0.0,0.0,0.0,0.0,0.0,0.0,0.0,0.0,0.0,0.0,0.0,0.0,0.0,0.0,0.0,0.0,0.0,0.0,0.0,0.0,0.0,0.0,0.0,0.0,0.0,0.0,0.0,0.0,0.0,0.0,0.0,0.0,0.0,0.0,18231.93359375,18231.9345703125,0.0,0.0,0.0,0.0,0.0,0.0,0.0,0.0,FL
275633,FL,1203,0.1241728886961937,3,2.0,11967.4189453125,33312.0234375,3,0,-8472.23046875,0.0,61292.4453125,16519.1953125,5527.08642578125,0.0,0.0,22046.28173828125,0.0,0.0,0.0,0.0,-118.0,0.0,118.0,0.0,0.0,0.0,0.0,0.0,0.0,0.0,0.0,0.0,-130.9609375,0.0,130.9609375,0.0,0.0,0.0,0.0,0.0,0.0,0.0,0.0,0.0,0.0,0.0,0.0,0.0,0.0,0.0,0.0,0.0,0.0,0.0,0.0,0.0,0.0,0.0,0.0,0.0,0.0,0.0,0.0,0.0,0.0,0.0,0.0,0.0,0.0,0.0,0.0,0.0,0.0,0.0,0.0,0.0,0.0,0.0,0.0,0.0,0.0,0.0,0.0,0.0,0.0,0.0,0.0,0.0,0.0,0.0,0.0,0.0,0.0,0.0,0.0,0.0,0.0,0.0,0.0,0.0,-8721.19140625,0.0,61541.40625,22046.28173828125,-248.9609375,0.0,248.9609375,0.0,-2.9385524675974954,0.0,0.4061853587627411,0.0,FL
275634,FL,1203,0.2334766387939453,2,0.0,102228.0703125,102228.0703125,2,0,8763.07763671875,0.0,92060.7734375,0.0,0.0,0.0,0.0,0.0,-120.0,0.0,120.0,0.0,-323.0,0.0,323.0,0.0,0.0,0.0,0.0,0.0,0.0,0.0,0.0,0.0,0.0,0.0,0.0,0.0,0.0,0.0,0.0,0.0,0.0,0.0,0.0,0.0,0.0,0.0,0.0,0.0,0.0,0.0,0.0,0.0,0.0,0.0,0.0,0.0,0.0,0.0,0.0,0.0,0.0,0.0,0.0,0.0,0.0,0.0,0.0,0.0,0.0,0.0,0.0,0.0,0.0,0.0,0.0,0.0,-768.1287231445312,0.0,768.125,0.0,0.0,0.0,0.0,0.0,-69.17498779296875,0.0,69.1796875,0.0,0.0,0.0,0.0,0.0,0.0,0.0,0.0,0.0,0.0,0.0,0.0,0.0,7482.77392578125,0.0,93341.078125,0.0,-1280.3037109375,0.0,1280.3046875,0.0,-14.610206185699132,0.0,1.390716791152954,0.0,FL
275635,FL,1203,0.1482629030942917,4,2.0,142648.818359375,1761224.427734375,3,1,645245.3482666016,0.0,1279915.625,0.0,5527.08642578125,0.0,0.0,5527.08642578125,-350.25,0.0,350.25,0.0,0.0,0.0,0.0,0.0,0.0,0.0,0.0,0.0,1296.0267333984375,0.0,-1296.0,0.0,0.0,0.0,0.0,0.0,0.0,0.0,0.0,0.0,-1848.9375,0.0,1849.0,0.0,0.0,0.0,0.0,0.0,0.0,0.0,0.0,0.0,0.0,0.0,0.0,0.0,0.0,0.0,0.0,0.0,0.0,0.0,0.0,0.0,0.0,0.0,0.0,0.0,0.0,0.0,0.0,0.0,0.0,0.0,0.0,0.0,0.0,0.0,0.0,0.0,0.0,0.0,0.0,0.0,0.0,0.0,0.0,0.0,0.0,0.0,0.0,0.0,0.0,0.0,0.0,0.0,0.0,0.0,0.0,0.0,644342.1875,0.0,1280818.875,5527.08642578125,-903.1607666015625,0.0,903.25,0.0,-0.13997168193894452,0.0,0.07057105749845505,0.0,FL
275636,FL,1203,445.97943115234375,2,0.0,0.0,-645.3011474609375,2,0,0.0,0.0,48159.984375,17521.798828125,26463.767578125,0.0,0.0,43985.56640625,0.0,0.0,0.0,0.0,0.0,0.0,0.0,0.0,0.0,0.0,0.0,0.0,0.0,0.0,0.0,0.0,0.0,0.0,0.0,0.0,0.0,0.0,0.0,0.0,0.0,0.0,0.0,0.0,0.0,0.0,0.0,0.0,0.0,0.0,0.0,0.0,0.0,0.0,0.0,0.0,0.0,0.0,0.0,0.0,0.0,0.0,0.0,0.0,0.0,0.0,0.0,0.0,0.0,0.0,0.0,0.0,0.0,0.0,0.0,0.0,0.0,0.0,0.0,0.0,0.0,0.0,0.0,0.0,0.0,0.0,0.0,0.0,0.0,0.0,0.0,0.0,0.0,0.0,0.0,0.0,0.0,0.0,0.0,0.0,0.0,0.0,48159.984375,43985.56640625,0.0,0.0,0.0,0.0,0.0,0.0,0.0,0.0,FL
275637,FL,1203,0.1423356682062149,2,0.0,105234.5234375,444563.625,2,0,74879.7890625,0.0,376560.0625,0.0,0.0,0.0,0.0,0.0,-292.0,0.0,292.0,0.0,-456.0,0.0,456.0,0.0,0.0,0.0,0.0,0.0,0.0,0.0,0.0,0.0,0.0,0.0,0.0,0.0,0.0,0.0,0.0,0.0,0.0,0.0,0.0,0.0,0.0,0.0,0.0,0.0,0.0,0.0,0.0,0.0,0.0,0.0,0.0,0.0,-480.0,0.0,480.0,0.0,0.0,0.0,0.0,0.0,0.0,0.0,0.0,0.0,0.0,0.0,0.0,0.0,0.0,0.0,0.0,0.0,0.0,0.0,0.0,0.0,0.0,0.0,0.0,0.0,0.0,0.0,0.0,0.0,0.0,0.0,0.0,0.0,0.0,0.0,0.0,0.0,0.0,0.0,0.0,0.0,73651.7890625,0.0,377788.0625,0.0,-1228.0,0.0,1228.0,0.0,-1.639961884741721,0.0,0.32611000537872314,0.0,FL
275638,FL,1203,0.27842938899993896,3,0.0,65825.490234375,65736.537109375,3,0,1628.6536560058594,0.0,94656.1953125,0.0,0.0,0.0,0.0,0.0,0.0,0.0,0.0,0.0,-285.0,0.0,285.0,0.0,0.0,0.0,0.0,0.0,0.0,0.0,0.0,0.0,0.0,0.0,0.0,0.0,0.0,0.0,0.0,0.0,0.0,0.0,0.0,0.0,0.0,0.0,0.0,0.0,0.0,0.0,0.0,0.0,0.0,0.0,0.0,0.0,-200.0,0.0,200.0,0.0,0.0,0.0,0.0,0.0,0.0,0.0,0.0,0.0,0.0,0.0,0.0,0.0,0.0,0.0,0.0,0.0,0.0,0.0,0.0,0.0,0.0,0.0,0.0,0.0,0.0,0.0,0.0,0.0,0.0,0.0,0.0,0.0,0.0,0.0,0.0,0.0,0.0,0.0,0.0,0.0,1143.6536560058594,0.0,95141.1953125,0.0,-485.0,0.0,485.0,0.0,-29.779198186889104,0.0,0.5123805999755859,0.0,FL
275639,FL,1203,0.15210969746112823,4,2.0,150931.90625,598968.0625,4,0,126621.2578125,0.0,453114.96875,0.0,0.0,0.0,0.0,0.0,-764.0,0.0,764.0,0.0,0.0,0.0,0.0,0.0,0.0,0.0,0.0,0.0,0.0,0.0,0.0,0.0,0.0,0.0,0.0,0.0,0.0,0.0,0.0,0.0,-162.296875,0.0,162.28125,0.0,0.0,0.0,0.0,0.0,0.0,0.0,0.0,0.0,0.0,0.0,0.0,0.0,0.0,0.0,0.0,0.0,0.0,0.0,0.0,0.0,0.0,0.0,0.0,0.0,0.0,0.0,0.0,0.0,0.0,0.0,0.0,0.0,0.0,0.0,0.0,0.0,0.0,0.0,0.0,0.0,0.0,0.0,0.0,0.0,0.0,0.0,0.0,0.0,0.0,0.0,0.0,0.0,0.0,0.0,0.0,0.0,125694.9609375,0.0,454041.25,0.0,-926.296875,0.0,926.28125,0.0,-0.7315492603711573,0.0,0.20442521572113037,0.0,FL
275640,FL,1203,0.34372806549072266,2,0.0,10588.6826171875,10723.905731201172,2,0,-664.0,0.0,62699.21875,16085.357421875,0.0,19950.63671875,0.0,36035.994140625,0.0,0.0,0.0,0.0,0.0,0.0,0.0,0.0,0.0,0.0,0.0,0.0,0.0,0.0,0.0,0.0,0.0,0.0,0.0,0.0,0.0,0.0,0.0,0.0,0.0,0.0,0.0,0.0,0.0,0.0,0.0,0.0,0.0,0.0,0.0,0.0,0.0,0.0,0.0,0.0,0.0,0.0,0.0,0.0,0.0,0.0,0.0,0.0,0.0,0.0,0.0,0.0,0.0,0.0,0.0,0.0,0.0,0.0,0.0,0.0,0.0,0.0,0.0,0.0,0.0,0.0,0.0,0.0,0.0,0.0,0.0,0.0,0.0,0.0,0.0,0.0,0.0,0.0,0.0,0.0,0.0,0.0,0.0,0.0,-664.0,0.0,62699.21875,36035.994140625,0.0,0.0,0.0,0.0,0.0,0.0,0.0,0.0,FL
275641,FL,1203,600.396240234375,2,0.0,7489.763671875,7489.763671875,2,0,0.0,0.0,45791.9765625,7561.5009765625,26463.767578125,0.0,0.0,34025.2685546875,0.0,0.0,0.0,0.0,0.0,0.0,0.0,0.0,0.0,0.0,0.0,0.0,0.0,0.0,0.0,0.0,0.0,0.0,0.0,0.0,0.0,0.0,0.0,0.0,0.0,0.0,0.0,0.0,0.0,0.0,0.0,0.0,0.0,0.0,0.0,0.0,0.0,0.0,0.0,0.0,0.0,0.0,0.0,0.0,0.0,0.0,0.0,0.0,0.0,0.0,0.0,0.0,0.0,0.0,0.0,0.0,0.0,0.0,0.0,0.0,0.0,0.0,0.0,0.0,0.0,0.0,0.0,0.0,0.0,0.0,0.0,0.0,0.0,0.0,0.0,0.0,0.0,0.0,0.0,0.0,0.0,0.0,0.0,0.0,0.0,0.0,45791.9765625,34025.2685546875,0.0,0.0,0.0,0.0,0.0,0.0,0.0,0.0,FL
275642,FL,1203,218.7075653076172,1,0.0,0.0,43279.1484375,1,0,2886.497802734375,0.0,75881.28125,23829.390625,0.0,0.0,0.0,23829.390625,-5.0,0.0,5.0,0.0,-114.0,0.0,114.0,0.0,0.0,0.0,0.0,0.0,0.0,0.0,0.0,0.0,0.0,0.0,0.0,0.0,0.0,0.0,0.0,0.0,0.0,0.0,0.0,0.0,0.0,0.0,0.0,0.0,0.0,0.0,0.0,0.0,0.0,0.0,0.0,0.0,0.0,0.0,0.0,0.0,0.0,0.0,0.0,0.0,0.0,0.0,0.0,0.0,0.0,0.0,0.0,0.0,0.0,0.0,0.0,0.0,0.0,0.0,0.0,0.0,-720.0,0.0,720.0,0.0,0.0,0.0,0.0,0.0,0.0,0.0,0.0,0.0,0.0,0.0,0.0,0.0,0.0,0.0,0.0,0.0,2047.497802734375,0.0,76720.28125,23829.390625,-839.0,0.0,839.0,0.0,-29.066365448302665,0.0,1.1056745052337646,0.0,FL
275643,FL,1203,0.12564663589000702,1,0.0,0.0,690042.375,1,0,179218.09375,0.0,541046.3125,23083.87109375,0.0,0.0,0.0,23083.87109375,0.0,0.0,0.0,0.0,0.0,0.0,0.0,0.0,0.0,0.0,0.0,0.0,0.0,0.0,0.0,0.0,0.0,0.0,0.0,0.0,0.0,0.0,0.0,0.0,-2067.6875,0.0,2067.6875,0.0,0.0,0.0,0.0,0.0,0.0,0.0,0.0,0.0,0.0,0.0,0.0,0.0,0.0,0.0,0.0,0.0,0.0,0.0,0.0,0.0,0.0,0.0,0.0,0.0,0.0,0.0,0.0,0.0,0.0,0.0,0.0,0.0,0.0,0.0,0.0,0.0,0.0,0.0,0.0,0.0,0.0,0.0,0.0,0.0,0.0,0.0,0.0,0.0,0.0,0.0,0.0,0.0,0.0,0.0,0.0,0.0,177150.40625,0.0,543114.0,23083.87109375,-2067.6875,0.0,2067.6875,0.0,-1.1537269796454355,0.0,0.3821645975112915,0.0,FL
275644,FL,1203,0.15887655317783356,6,2.0,424254.61328125,537450.09375,6,0,89987.078125,0.0,416271.84375,12254.2119140625,13231.8837890625,0.0,0.0,25486.095703125,-407.0,0.0,407.0,0.0,-665.0,0.0,665.0,0.0,0.0,0.0,0.0,0.0,0.0,0.0,0.0,0.0,-200.0,0.0,200.0,0.0,0.0,0.0,0.0,0.0,0.0,0.0,0.0,0.0,0.0,0.0,0.0,0.0,0.0,0.0,0.0,0.0,0.0,0.0,0.0,0.0,-700.0,0.0,700.0,0.0,0.0,0.0,0.0,0.0,0.0,0.0,0.0,0.0,0.0,0.0,0.0,0.0,0.0,0.0,0.0,0.0,0.0,0.0,0.0,0.0,-668.171875,0.0,668.1875,0.0,0.0,0.0,0.0,0.0,0.0,0.0,0.0,0.0,0.0,0.0,0.0,0.0,0.0,0.0,0.0,0.0,87346.90625,0.0,418912.03125,25486.095703125,-2640.171875,0.0,2640.1875,0.0,-2.933945550862945,0.0,0.6342459917068481,0.0,FL
275645,FL,1203,132.56930541992188,4,2.0,1346.1141357421875,32674.75,4,0,0.0,0.0,81001.984375,24436.453125,5527.08642578125,0.0,0.0,29963.53955078125,0.0,0.0,0.0,0.0,0.0,0.0,0.0,0.0,0.0,0.0,0.0,0.0,0.0,0.0,0.0,0.0,0.0,0.0,0.0,0.0,0.0,0.0,0.0,0.0,0.0,0.0,0.0,0.0,0.0,0.0,0.0,0.0,0.0,0.0,0.0,0.0,0.0,0.0,0.0,0.0,0.0,0.0,0.0,0.0,0.0,0.0,0.0,0.0,0.0,0.0,0.0,0.0,0.0,0.0,0.0,0.0,0.0,0.0,0.0,0.0,0.0,0.0,0.0,0.0,0.0,0.0,0.0,0.0,0.0,0.0,0.0,0.0,0.0,0.0,0.0,0.0,0.0,0.0,0.0,0.0,0.0,0.0,0.0,0.0,0.0,0.0,81001.984375,29963.53955078125,0.0,0.0,0.0,0.0,0.0,0.0,0.0,0.0,FL
275646,FL,1203,0.14077547192573547,2,0.0,404270.96875,486305.71875,2,0,92369.6328125,0.0,367017.5,0.0,0.0,0.0,0.0,0.0,-764.0,0.0,764.0,0.0,-641.859375,0.0,641.84375,0.0,0.0,0.0,0.0,0.0,0.0,0.0,0.0,0.0,0.0,0.0,0.0,0.0,0.0,0.0,0.0,0.0,-402.0390625,0.0,402.03125,0.0,0.0,0.0,0.0,0.0,0.0,0.0,0.0,0.0,0.0,0.0,0.0,0.0,-480.0,0.0,480.0,0.0,0.0,0.0,0.0,0.0,0.0,0.0,0.0,0.0,0.0,0.0,0.0,0.0,0.0,0.0,0.0,0.0,0.0,0.0,0.0,0.0,0.0,0.0,0.0,0.0,0.0,0.0,0.0,0.0,0.0,0.0,0.0,0.0,0.0,0.0,0.0,0.0,0.0,0.0,0.0,0.0,90081.734375,0.0,369305.375,0.0,-2287.8984375,0.0,2287.875,0.0,-2.4768945895283325,0.0,0.6233694553375244,0.0,FL
275647,FL,1203,0.11698493361473083,3,0.0,78638.060546875,97099.63671875,2,1,4772.009765625,0.0,89606.5546875,0.0,0.0,3294.736328125,0.0,3294.736328125,-5.0,0.0,5.0,0.0,-114.0,0.0,114.0,0.0,0.0,0.0,0.0,0.0,0.0,0.0,0.0,0.0,0.0,0.0,0.0,0.0,0.0,0.0,0.0,0.0,0.0,0.0,0.0,0.0,0.0,0.0,0.0,0.0,0.0,0.0,0.0,0.0,0.0,0.0,0.0,0.0,0.0,0.0,0.0,0.0,0.0,0.0,0.0,0.0,0.0,0.0,0.0,0.0,0.0,0.0,0.0,0.0,0.0,0.0,0.0,0.0,0.0,0.0,0.0,0.0,0.0,0.0,0.0,0.0,0.0,0.0,0.0,0.0,0.0,0.0,0.0,0.0,0.0,0.0,-3294.734375,-3294.736328125,0.0,0.0,0.0,0.0,4653.009765625,0.0,86430.8203125,0.0,-119.0,0.0,-3175.734375,-3294.736328125,-2.4937082245139606,0.0,-3.5440869331359863,-100.0,FL
275648,FL,1203,0.017101667821407318,4,1.0,143524.943359375,145014.71875,4,0,7997.239013671875,0.0,173140.796875,0.0,0.0,0.0,0.0,0.0,-125.0,0.0,125.0,0.0,-32.58642578125,0.0,32.578125,0.0,0.0,0.0,0.0,0.0,0.0,0.0,0.0,0.0,-200.0,0.0,200.0,0.0,0.0,0.0,0.0,0.0,0.0,0.0,0.0,0.0,0.0,0.0,0.0,0.0,0.0,0.0,0.0,0.0,0.0,0.0,0.0,0.0,-70.7724609375,0.0,70.78125,0.0,0.0,0.0,0.0,0.0,0.0,0.0,0.0,0.0,0.0,0.0,0.0,0.0,0.0,0.0,0.0,0.0,0.0,0.0,0.0,0.0,0.0,0.0,0.0,0.0,0.0,0.0,0.0,0.0,0.0,0.0,0.0,0.0,0.0,0.0,0.0,0.0,0.0,0.0,0.0,0.0,7568.880126953125,0.0,173569.15625,0.0,-428.35888671875,0.0,428.359375,0.0,-5.356334679836861,0.0,0.24740521609783173,0.0,FL
275649,FL,1203,443.9524841308594,3,0.0,19123.0517578125,19123.0517578125,3,0,1.608300805091858,0.0,39825.890625,7001.27978515625,0.0,0.0,0.0,7001.27978515625,0.0,0.0,0.0,0.0,-1.608300805091858,0.0,1.609375,0.0,0.0,0.0,0.0,0.0,0.0,0.0,0.0,0.0,0.0,0.0,0.0,0.0,0.0,0.0,0.0,0.0,0.0,0.0,0.0,0.0,0.0,0.0,0.0,0.0,0.0,0.0,0.0,0.0,0.0,0.0,0.0,0.0,0.0,0.0,0.0,0.0,0.0,0.0,0.0,0.0,0.0,0.0,0.0,0.0,0.0,0.0,0.0,0.0,0.0,0.0,0.0,0.0,0.0,0.0,0.0,0.0,0.0,0.0,0.0,0.0,0.0,0.0,0.0,0.0,0.0,0.0,0.0,0.0,0.0,0.0,0.0,0.0,0.0,0.0,0.0,0.0,0.0,0.0,39827.5,7001.27978515625,-1.608300805091858,0.0,1.609375,0.0,-100.0,0.0,0.004041026812046766,0.0,FL
275650,FL,1203,0.1421329826116562,3,1.0,587185.455078125,1019832.125,3,0,248594.453125,0.0,766528.5625,0.0,0.0,0.0,0.0,0.0,-749.0,0.0,749.0,0.0,-665.0,0.0,665.0,0.0,0.0,0.0,0.0,0.0,0.0,0.0,0.0,0.0,0.0,0.0,0.0,0.0,0.0,0.0,0.0,0.0,0.0,0.0,0.0,0.0,0.0,0.0,0.0,0.0,0.0,0.0,0.0,0.0,0.0,0.0,0.0,0.0,-125.0625,0.0,125.0625,0.0,0.0,0.0,0.0,0.0,0.0,0.0,0.0,0.0,0.0,0.0,0.0,0.0,0.0,0.0,0.0,0.0,0.0,0.0,0.0,0.0,0.0,0.0,0.0,0.0,0.0,0.0,0.0,0.0,0.0,0.0,0.0,0.0,0.0,0.0,0.0,0.0,0.0,0.0,0.0,0.0,247055.390625,0.0,768067.625,0.0,-1539.0625,0.0,1539.0625,0.0,-0.6191057284878829,0.0,0.20078346133232117,0.0,FL
275651,FL,1203,0.15139658749103546,1,0.0,107761.375,233313.578125,1,0,39802.890625,0.0,237362.171875,28537.9375,0.0,0.0,0.0,28537.9375,-131.0,0.0,131.0,0.0,-245.0,0.0,245.0,0.0,0.0,0.0,0.0,0.0,0.0,0.0,0.0,0.0,0.0,0.0,0.0,0.0,0.0,0.0,0.0,0.0,-488.671875,0.0,488.671875,0.0,0.0,0.0,0.0,0.0,0.0,0.0,0.0,0.0,0.0,0.0,0.0,0.0,-240.0,0.0,240.0,0.0,0.0,0.0,0.0,0.0,0.0,0.0,0.0,0.0,0.0,0.0,0.0,0.0,0.0,0.0,0.0,0.0,0.0,0.0,0.0,0.0,0.0,0.0,0.0,0.0,0.0,0.0,0.0,0.0,0.0,0.0,0.0,0.0,0.0,0.0,0.0,0.0,0.0,0.0,0.0,0.0,38698.21875,0.0,238466.84375,28537.9375,-1104.671875,0.0,1104.671875,0.0,-2.775355904191946,0.0,0.46539506316185,0.0,FL
275652,FL,1203,235.66067504882812,1,0.0,0.0,0.0,1,0,0.0,0.0,78475.7890625,39237.89453125,0.0,0.0,0.0,39237.89453125,0.0,0.0,0.0,0.0,0.0,0.0,0.0,0.0,0.0,0.0,0.0,0.0,0.0,0.0,0.0,0.0,0.0,0.0,0.0,0.0,0.0,0.0,0.0,0.0,0.0,0.0,0.0,0.0,0.0,0.0,0.0,0.0,0.0,0.0,0.0,0.0,0.0,0.0,0.0,0.0,0.0,0.0,0.0,0.0,0.0,0.0,0.0,0.0,0.0,0.0,0.0,0.0,0.0,0.0,0.0,0.0,0.0,0.0,0.0,0.0,0.0,0.0,0.0,0.0,0.0,0.0,0.0,0.0,0.0,0.0,0.0,0.0,0.0,0.0,0.0,0.0,0.0,0.0,0.0,0.0,0.0,0.0,0.0,0.0,0.0,0.0,78475.7890625,39237.89453125,0.0,0.0,0.0,0.0,0.0,0.0,0.0,0.0,FL
275653,FL,1203,0.21749238669872284,3,1.0,87829.8173828125,87422.921875,3,0,3754.814453125,0.0,84852.796875,0.0,0.0,0.0,0.0,0.0,-10.0,0.0,10.0,0.0,-228.0,0.0,228.0,0.0,0.0,0.0,0.0,0.0,0.0,0.0,0.0,0.0,-200.0,0.0,200.0,0.0,0.0,0.0,0.0,0.0,0.0,0.0,0.0,0.0,0.0,0.0,0.0,0.0,0.0,0.0,0.0,0.0,0.0,0.0,0.0,0.0,-129.0234375,0.0,129.015625,0.0,0.0,0.0,0.0,0.0,0.0,0.0,0.0,0.0,0.0,0.0,0.0,0.0,0.0,0.0,0.0,0.0,-1780.46484375,0.0,1780.46875,0.0,0.0,0.0,0.0,0.0,-56.42138671875,0.0,56.421875,0.0,0.0,0.0,0.0,0.0,0.0,0.0,0.0,0.0,0.0,0.0,0.0,0.0,1350.90478515625,0.0,87256.703125,0.0,-2403.90966796875,0.0,2403.90625,0.0,-64.02206282038945,0.0,2.833031415939331,0.0,FL
275654,FL,1203,0.1276213526725769,4,2.0,126920.03125,184281.734375,4,0,16333.0859375,0.0,159846.46875,389.11334228515625,0.0,0.0,0.0,389.11334228515625,-230.0,0.0,230.0,0.0,-418.0,0.0,418.0,0.0,0.0,0.0,0.0,0.0,0.0,0.0,0.0,0.0,-400.0,0.0,400.0,0.0,0.0,0.0,0.0,0.0,0.0,0.0,0.0,0.0,0.0,0.0,0.0,0.0,0.0,0.0,0.0,0.0,0.0,0.0,0.0,0.0,-440.0,0.0,440.0,0.0,0.0,0.0,0.0,0.0,0.0,0.0,0.0,0.0,0.0,0.0,0.0,0.0,0.0,0.0,0.0,0.0,0.0,0.0,0.0,0.0,0.0,0.0,0.0,0.0,-898.85546875,0.0,898.859375,0.0,0.0,0.0,0.0,0.0,0.0,0.0,0.0,0.0,0.0,0.0,0.0,0.0,13946.23046875,0.0,162233.328125,389.11334228515625,-2386.85546875,0.0,2386.859375,0.0,-14.61362217699407,0.0,1.4932199716567993,0.0,FL
275655,FL,1203,12.11795425415039,1,0.0,4701.48583984375,4701.48583984375,0,1,0.0,0.0,4341.822265625,0.0,0.0,0.0,0.0,0.0,0.0,0.0,0.0,0.0,0.0,0.0,0.0,0.0,0.0,0.0,0.0,0.0,0.0,0.0,0.0,0.0,0.0,0.0,0.0,0.0,0.0,0.0,0.0,0.0,0.0,0.0,0.0,0.0,0.0,0.0,0.0,0.0,0.0,0.0,0.0,0.0,0.0,0.0,0.0,0.0,0.0,0.0,0.0,0.0,0.0,0.0,0.0,0.0,0.0,0.0,0.0,0.0,0.0,0.0,0.0,0.0,0.0,0.0,0.0,0.0,0.0,0.0,0.0,0.0,0.0,0.0,0.0,0.0,0.0,0.0,0.0,0.0,0.0,0.0,0.0,0.0,0.0,0.0,0.0,0.0,0.0,0.0,0.0,0.0,0.0,0.0,4341.822265625,0.0,0.0,0.0,0.0,0.0,0.0,0.0,0.0,0.0,FL
275656,FL,1203,0.13780872523784637,4,2.0,291162.0625,324784.25,2,2,49468.4140625,0.0,174064.828125,64.85222625732422,0.0,0.0,0.0,64.85222625732422,-292.0,0.0,292.0,0.0,0.0,0.0,0.0,0.0,0.0,0.0,0.0,0.0,4000.0,0.0,-4000.0,0.0,0.0,0.0,0.0,0.0,0.0,0.0,0.0,0.0,-469.3515625,0.0,469.359375,0.0,0.0,0.0,0.0,0.0,0.0,0.0,0.0,0.0,0.0,0.0,0.0,0.0,0.0,0.0,0.0,0.0,0.0,0.0,0.0,0.0,0.0,0.0,0.0,0.0,0.0,0.0,0.0,0.0,0.0,0.0,0.0,0.0,0.0,0.0,0.0,0.0,0.0,0.0,0.0,0.0,0.0,0.0,0.0,0.0,0.0,0.0,0.0,0.0,0.0,0.0,0.0,0.0,0.0,0.0,0.0,0.0,52707.0625,0.0,170826.1875,64.85222625732422,3238.6484375,0.0,-3238.640625,0.0,6.546901692478328,0.0,-1.8605945110321045,0.0,FL
275657,FL,1203,0.1402580440044403,3,1.0,36191.78830718994,35308.159423828125,0,3,-488.405029296875,0.0,41225.7734375,2443.45166015625,0.0,5550.341796875,2285.38671875,10279.18017578125,0.0,0.0,0.0,0.0,-147.5,0.0,147.5,0.0,0.0,0.0,0.0,0.0,2000.0,0.0,-2000.0,0.0,0.0,0.0,0.0,0.0,0.0,0.0,0.0,0.0,-457.6727294921875,0.0,457.671875,0.0,0.0,0.0,0.0,0.0,0.0,0.0,0.0,0.0,0.0,0.0,0.0,0.0,0.0,0.0,0.0,0.0,0.0,0.0,0.0,0.0,0.0,0.0,0.0,0.0,0.0,0.0,0.0,0.0,0.0,0.0,0.0,0.0,0.0,0.0,0.0,0.0,0.0,0.0,0.0,0.0,0.0,0.0,0.0,0.0,0.0,0.0,0.0,0.0,0.0,0.0,0.0,0.0,0.0,0.0,0.0,0.0,906.4222412109375,0.0,39830.9453125,10279.18017578125,1394.8272705078125,0.0,-1394.828125,0.0,285.58822838410464,0.0,-3.3833887577056885,0.0,FL
275658,FL,1203,31.344547271728516,1,0.0,4232.7158203125,4232.7158203125,1,0,0.0,0.0,4298.0263671875,389.11334228515625,0.0,0.0,0.0,389.11334228515625,0.0,0.0,0.0,0.0,0.0,0.0,0.0,0.0,0.0,0.0,0.0,0.0,0.0,0.0,0.0,0.0,0.0,0.0,0.0,0.0,0.0,0.0,0.0,0.0,0.0,0.0,0.0,0.0,0.0,0.0,0.0,0.0,0.0,0.0,0.0,0.0,0.0,0.0,0.0,0.0,0.0,0.0,0.0,0.0,0.0,0.0,0.0,0.0,0.0,0.0,0.0,0.0,0.0,0.0,0.0,0.0,0.0,0.0,0.0,0.0,0.0,0.0,0.0,0.0,0.0,0.0,0.0,0.0,0.0,0.0,0.0,0.0,0.0,0.0,0.0,0.0,0.0,0.0,0.0,0.0,0.0,0.0,0.0,0.0,0.0,0.0,4298.0263671875,389.11334228515625,0.0,0.0,0.0,0.0,0.0,0.0,0.0,0.0,FL
275659,FL,1203,0.15369510650634766,1,0.0,203935.390625,655342.75,1,0,142127.453125,0.0,548492.25,29716.166015625,0.0,0.0,0.0,29716.166015625,-362.25,0.0,362.25,0.0,0.0,0.0,0.0,0.0,0.0,0.0,0.0,0.0,0.0,0.0,0.0,0.0,0.0,0.0,0.0,0.0,0.0,0.0,0.0,0.0,-1488.921875,0.0,1488.9375,0.0,0.0,0.0,0.0,0.0,0.0,0.0,0.0,0.0,0.0,0.0,0.0,0.0,0.0,0.0,0.0,0.0,0.0,0.0,0.0,0.0,0.0,0.0,0.0,0.0,0.0,0.0,0.0,0.0,0.0,0.0,0.0,0.0,0.0,0.0,0.0,0.0,0.0,0.0,0.0,0.0,0.0,0.0,0.0,0.0,0.0,0.0,0.0,0.0,0.0,0.0,0.0,0.0,0.0,0.0,0.0,0.0,140276.28125,0.0,550343.4375,29716.166015625,-1851.171875,0.0,1851.1875,0.0,-1.3024731213412433,0.0,0.3375047445297241,0.0,FL
275660,FL,1203,0.18933697044849396,4,1.0,268737.95703125,498850.4609375,4,0,74860.5078125,0.0,418973.09375,0.0,0.0,0.0,0.0,0.0,-292.0,0.0,292.0,0.0,0.0,0.0,0.0,0.0,0.0,0.0,0.0,0.0,0.0,0.0,0.0,0.0,100.0,0.0,-100.0,0.0,0.0,0.0,0.0,0.0,0.0,0.0,0.0,0.0,0.0,0.0,0.0,0.0,0.0,0.0,0.0,0.0,0.0,0.0,0.0,0.0,-319.5234375,0.0,319.53125,0.0,0.0,0.0,0.0,0.0,0.0,0.0,0.0,0.0,0.0,0.0,0.0,0.0,0.0,0.0,0.0,0.0,0.0,0.0,0.0,0.0,0.0,0.0,0.0,0.0,0.0,0.0,0.0,0.0,0.0,0.0,0.0,0.0,0.0,0.0,0.0,0.0,0.0,0.0,0.0,0.0,74348.984375,0.0,419484.625,0.0,-511.5234375,0.0,511.53125,0.0,-0.683302120767323,0.0,0.12209167331457138,0.0,FL
275661,FL,1203,0.12803134322166443,5,3.0,1076267.693359375,1132639.375,5,0,330789.84375,0.0,779511.625,0.0,0.0,0.0,0.0,0.0,-734.0,0.0,734.0,0.0,-703.0,0.0,703.0,0.0,0.0,0.0,0.0,0.0,0.0,0.0,0.0,0.0,0.0,0.0,0.0,0.0,0.0,0.0,0.0,0.0,-1850.0,0.0,1850.0,0.0,0.0,0.0,0.0,0.0,0.0,0.0,0.0,0.0,0.0,0.0,0.0,0.0,-740.0,0.0,740.0,0.0,0.0,0.0,0.0,0.0,0.0,0.0,0.0,0.0,0.0,0.0,0.0,0.0,0.0,0.0,0.0,0.0,0.0,0.0,0.0,0.0,0.0,0.0,0.0,0.0,0.0,0.0,0.0,0.0,0.0,0.0,0.0,0.0,0.0,0.0,0.0,0.0,0.0,0.0,0.0,0.0,326762.84375,0.0,783538.625,0.0,-4027.0,0.0,4027.0,0.0,-1.217389250633545,0.0,0.5166054964065552,0.0,FL
275662,FL,1203,0.15471608936786652,2,0.0,53369.399658203125,495471.15625,2,0,96136.0,0.0,476978.71875,56806.66015625,0.0,0.0,0.0,56806.66015625,0.0,0.0,0.0,0.0,0.0,0.0,0.0,0.0,0.0,0.0,0.0,0.0,0.0,0.0,0.0,0.0,0.0,0.0,0.0,0.0,0.0,0.0,0.0,0.0,0.0,0.0,0.0,0.0,0.0,0.0,0.0,0.0,0.0,0.0,0.0,0.0,0.0,0.0,0.0,0.0,0.0,0.0,0.0,0.0,0.0,0.0,0.0,0.0,0.0,0.0,0.0,0.0,-109.4375,0.0,109.4375,0.0,0.0,0.0,0.0,0.0,0.0,0.0,0.0,0.0,0.0,0.0,0.0,0.0,0.0,0.0,0.0,0.0,0.0,0.0,0.0,0.0,0.0,0.0,0.0,0.0,0.0,0.0,0.0,0.0,96026.5625,0.0,477088.15625,56806.66015625,-109.4375,0.0,109.4375,0.0,-0.11383612798535409,0.0,0.022943895310163498,0.0,FL
275663,FL,1203,121.97964477539062,1,0.0,0.0,58908.3671875,1,0,4762.00390625,0.0,108918.90625,38779.02734375,0.0,0.0,0.0,38779.02734375,-5.0,0.0,5.0,0.0,-114.0,0.0,114.0,0.0,0.0,0.0,0.0,0.0,0.0,0.0,0.0,0.0,0.0,0.0,0.0,0.0,0.0,0.0,0.0,0.0,0.0,0.0,0.0,0.0,0.0,0.0,0.0,0.0,0.0,0.0,0.0,0.0,0.0,0.0,0.0,0.0,0.0,0.0,0.0,0.0,0.0,0.0,0.0,0.0,0.0,0.0,0.0,0.0,0.0,0.0,0.0,0.0,0.0,0.0,0.0,0.0,0.0,0.0,0.0,0.0,-719.999755859375,0.0,719.9921875,0.0,0.0,0.0,0.0,0.0,0.0,0.0,0.0,0.0,0.0,0.0,0.0,0.0,0.0,0.0,0.0,0.0,3923.004150390625,0.0,109757.8984375,38779.02734375,-838.999755859375,0.0,838.9921875,0.0,-17.6186280477051,0.0,0.7702906727790833,0.0,FL
275664,FL,1203,0.15241174399852753,1,0.0,143388.421875,498421.3125,1,0,117572.9140625,0.0,431743.65625,39080.94140625,0.0,0.0,0.0,39080.94140625,-362.25,0.0,362.25,0.0,0.0,0.0,0.0,0.0,0.0,0.0,0.0,0.0,0.0,0.0,0.0,0.0,0.0,0.0,0.0,0.0,0.0,0.0,0.0,0.0,0.0,0.0,0.0,0.0,0.0,0.0,0.0,0.0,0.0,0.0,0.0,0.0,0.0,0.0,0.0,0.0,-217.6484375,0.0,217.65625,0.0,0.0,0.0,0.0,0.0,0.0,0.0,0.0,0.0,-532.71875,0.0,532.71875,0.0,0.0,0.0,0.0,0.0,0.0,0.0,0.0,0.0,0.0,0.0,0.0,0.0,0.0,0.0,0.0,0.0,0.0,0.0,0.0,0.0,0.0,0.0,0.0,0.0,0.0,0.0,0.0,0.0,116460.296875,0.0,432856.28125,39080.94140625,-1112.6171875,0.0,1112.625,0.0,-0.9463210097085365,0.0,0.2577050030231476,0.0,FL
275665,FL,1203,0.4008159935474396,2,0.0,45441.44140625,195539.484375,2,0,25359.6328125,0.0,181337.09375,0.0,0.0,0.0,0.0,0.0,-230.0,0.0,230.0,0.0,-418.0,0.0,418.0,0.0,0.0,0.0,0.0,0.0,0.0,0.0,0.0,0.0,0.0,0.0,0.0,0.0,0.0,0.0,0.0,0.0,0.0,0.0,0.0,0.0,0.0,0.0,0.0,0.0,0.0,0.0,0.0,0.0,0.0,0.0,0.0,0.0,-7.4765625,0.0,7.484375,0.0,0.0,0.0,0.0,0.0,0.0,0.0,0.0,0.0,0.0,0.0,0.0,0.0,0.0,0.0,0.0,0.0,0.0,0.0,0.0,0.0,-718.87890625,0.0,718.875,0.0,-1076.8359375,0.0,1076.828125,0.0,0.0,0.0,0.0,0.0,0.0,0.0,0.0,0.0,0.0,0.0,0.0,0.0,22908.44140625,0.0,183788.28125,0.0,-2451.19140625,0.0,2451.1875,0.0,-9.665721204929216,0.0,1.3517297506332397,0.0,FL
275666,FL,1203,0.27373069524765015,4,2.0,194521.4140625,216428.625,4,0,28229.98828125,0.0,200577.3125,0.0,0.0,0.0,0.0,0.0,-230.0,0.0,230.0,0.0,-418.0,0.0,418.0,0.0,0.0,0.0,0.0,0.0,0.0,0.0,0.0,0.0,0.0,0.0,0.0,0.0,0.0,0.0,0.0,0.0,0.0,0.0,0.0,0.0,0.0,0.0,0.0,0.0,0.0,0.0,0.0,0.0,0.0,0.0,0.0,0.0,-440.0,0.0,440.0,0.0,0.0,0.0,0.0,0.0,0.0,0.0,0.0,0.0,0.0,0.0,0.0,0.0,0.0,0.0,0.0,0.0,0.0,0.0,0.0,0.0,0.0,0.0,0.0,0.0,0.0,0.0,0.0,0.0,0.0,0.0,0.0,0.0,0.0,0.0,0.0,0.0,0.0,0.0,0.0,0.0,27141.98828125,0.0,201665.3125,0.0,-1088.0,0.0,1088.0,0.0,-3.854057568711907,0.0,0.5424342155456543,0.0,FL
275667,FL,1203,0.12393015623092651,3,1.0,890931.625,1591650.25,3,0,435686.9375,0.0,1172795.5,0.0,0.0,0.0,0.0,0.0,-734.0,0.0,734.0,0.0,0.0,0.0,0.0,0.0,0.0,0.0,0.0,0.0,0.0,0.0,0.0,0.0,0.0,0.0,0.0,0.0,0.0,0.0,0.0,0.0,0.0,0.0,0.0,0.0,0.0,0.0,0.0,0.0,0.0,0.0,0.0,0.0,0.0,0.0,0.0,0.0,0.0,0.0,0.0,0.0,0.0,0.0,0.0,0.0,0.0,0.0,0.0,0.0,0.0,0.0,0.0,0.0,0.0,0.0,0.0,0.0,0.0,0.0,0.0,0.0,0.0,0.0,0.0,0.0,0.0,0.0,0.0,0.0,0.0,0.0,0.0,0.0,0.0,0.0,0.0,0.0,0.0,0.0,0.0,0.0,434952.9375,0.0,1173529.5,0.0,-734.0,0.0,734.0,0.0,-0.16846959062205072,0.0,0.0625855028629303,0.0,FL
275668,FL,1203,0.22963984310626984,2,0.0,120234.56030273438,54973.52734375,2,0,1043.3211669921875,0.0,86724.0703125,11551.146484375,13231.8837890625,0.0,0.0,24783.0302734375,0.0,0.0,0.0,0.0,0.0,0.0,0.0,0.0,0.0,0.0,0.0,0.0,0.0,0.0,0.0,0.0,0.0,0.0,0.0,0.0,0.0,0.0,0.0,0.0,0.0,0.0,0.0,0.0,0.0,0.0,0.0,0.0,0.0,0.0,0.0,0.0,0.0,0.0,0.0,0.0,0.0,0.0,0.0,0.0,0.0,0.0,0.0,0.0,0.0,0.0,0.0,0.0,-268.256591796875,0.0,268.2578125,0.0,0.0,0.0,0.0,0.0,0.0,0.0,0.0,0.0,0.0,0.0,0.0,0.0,0.0,0.0,0.0,0.0,0.0,0.0,0.0,0.0,0.0,0.0,0.0,0.0,0.0,0.0,0.0,0.0,775.0645751953125,0.0,86992.328125,24783.0302734375,-268.256591796875,0.0,268.2578125,0.0,-25.711794247425996,0.0,0.30932337045669556,0.0,FL
275669,FL,1203,0.04208341985940933,2,0.0,4554.9287109375,29894.6953125,2,0,0.0,0.0,79991.828125,26027.802734375,0.0,0.0,0.0,26027.802734375,0.0,0.0,0.0,0.0,0.0,0.0,0.0,0.0,0.0,0.0,0.0,0.0,0.0,0.0,0.0,0.0,0.0,0.0,0.0,0.0,0.0,0.0,0.0,0.0,0.0,0.0,0.0,0.0,0.0,0.0,0.0,0.0,0.0,0.0,0.0,0.0,0.0,0.0,0.0,0.0,0.0,0.0,0.0,0.0,0.0,0.0,0.0,0.0,0.0,0.0,0.0,0.0,0.0,0.0,0.0,0.0,0.0,0.0,0.0,0.0,0.0,0.0,0.0,0.0,0.0,0.0,0.0,0.0,0.0,0.0,0.0,0.0,0.0,0.0,0.0,0.0,0.0,0.0,0.0,0.0,0.0,0.0,0.0,0.0,0.0,0.0,79991.828125,26027.802734375,0.0,0.0,0.0,0.0,0.0,0.0,0.0,0.0,FL
275670,FL,1203,206.62490844726562,1,0.0,0.0,0.0,1,0,0.0,0.0,46812.0546875,26776.279296875,0.0,0.0,0.0,26776.279296875,0.0,0.0,0.0,0.0,0.0,0.0,0.0,0.0,0.0,0.0,0.0,0.0,0.0,0.0,0.0,0.0,0.0,0.0,0.0,0.0,0.0,0.0,0.0,0.0,0.0,0.0,0.0,0.0,0.0,0.0,0.0,0.0,0.0,0.0,0.0,0.0,0.0,0.0,0.0,0.0,0.0,0.0,0.0,0.0,0.0,0.0,0.0,0.0,0.0,0.0,0.0,0.0,0.0,0.0,0.0,0.0,0.0,0.0,0.0,0.0,0.0,0.0,0.0,0.0,0.0,0.0,0.0,0.0,0.0,0.0,0.0,0.0,0.0,0.0,0.0,0.0,0.0,0.0,0.0,0.0,0.0,0.0,0.0,0.0,0.0,0.0,46812.0546875,26776.279296875,0.0,0.0,0.0,0.0,0.0,0.0,0.0,0.0,FL
275671,FL,1203,0.1276479810476303,5,3.0,1050063.5380859375,1157570.0,5,0,336396.71875,0.0,822528.9375,0.0,0.0,0.0,0.0,0.0,-734.0,0.0,734.0,0.0,-703.0,0.0,703.0,0.0,0.0,0.0,0.0,0.0,0.0,0.0,0.0,0.0,0.0,0.0,0.0,0.0,0.0,0.0,0.0,0.0,-1850.0,0.0,1850.0,0.0,0.0,0.0,0.0,0.0,0.0,0.0,0.0,0.0,0.0,0.0,0.0,0.0,-740.0,0.0,740.0,0.0,0.0,0.0,0.0,0.0,0.0,0.0,0.0,0.0,0.0,0.0,0.0,0.0,0.0,0.0,0.0,0.0,0.0,0.0,0.0,0.0,0.0,0.0,0.0,0.0,0.0,0.0,0.0,0.0,0.0,0.0,0.0,0.0,0.0,0.0,0.0,0.0,0.0,0.0,0.0,0.0,332369.71875,0.0,826555.9375,0.0,-4027.0,0.0,4027.0,0.0,-1.1970984779410843,0.0,0.48958760499954224,0.0,FL
275672,FL,1203,0.12125152349472046,1,0.0,203670.859375,652775.875,1,0,142594.296875,0.0,543457.4375,27007.66015625,0.0,0.0,0.0,27007.66015625,-362.25,0.0,362.25,0.0,0.0,0.0,0.0,0.0,0.0,0.0,0.0,0.0,0.0,0.0,0.0,0.0,0.0,0.0,0.0,0.0,0.0,0.0,0.0,0.0,-1488.890625,0.0,1488.9375,0.0,0.0,0.0,0.0,0.0,0.0,0.0,0.0,0.0,0.0,0.0,0.0,0.0,0.0,0.0,0.0,0.0,0.0,0.0,0.0,0.0,0.0,0.0,0.0,0.0,0.0,0.0,0.0,0.0,0.0,0.0,0.0,0.0,0.0,0.0,0.0,0.0,0.0,0.0,0.0,0.0,0.0,0.0,0.0,0.0,0.0,0.0,0.0,0.0,0.0,0.0,0.0,0.0,0.0,0.0,0.0,0.0,140743.15625,0.0,545308.625,27007.66015625,-1851.140625,0.0,1851.1875,0.0,-1.298187000159434,0.0,0.34063154458999634,0.0,FL
275673,FL,1203,79.08747863769531,1,0.0,2460.028076171875,2460.028076171875,1,0,0.0,0.0,38519.6015625,17175.046875,0.0,0.0,0.0,17175.046875,0.0,0.0,0.0,0.0,0.0,0.0,0.0,0.0,0.0,0.0,0.0,0.0,0.0,0.0,0.0,0.0,0.0,0.0,0.0,0.0,0.0,0.0,0.0,0.0,0.0,0.0,0.0,0.0,0.0,0.0,0.0,0.0,0.0,0.0,0.0,0.0,0.0,0.0,0.0,0.0,0.0,0.0,0.0,0.0,0.0,0.0,0.0,0.0,0.0,0.0,0.0,0.0,0.0,0.0,0.0,0.0,0.0,0.0,0.0,0.0,0.0,0.0,0.0,0.0,0.0,0.0,0.0,0.0,0.0,0.0,0.0,0.0,0.0,0.0,0.0,0.0,0.0,0.0,0.0,0.0,0.0,0.0,0.0,0.0,0.0,0.0,38519.6015625,17175.046875,0.0,0.0,0.0,0.0,0.0,0.0,0.0,0.0,FL
275674,FL,1203,240.86573791503906,2,0.0,21880.283203125,47183.921875,2,0,1358.3922119140625,0.0,127688.0078125,48588.5,0.0,0.0,0.0,48588.5,0.0,0.0,0.0,0.0,-190.0,0.0,190.0,0.0,0.0,0.0,0.0,0.0,0.0,0.0,0.0,0.0,0.0,0.0,0.0,0.0,0.0,0.0,0.0,0.0,0.0,0.0,0.0,0.0,0.0,0.0,0.0,0.0,0.0,0.0,0.0,0.0,0.0,0.0,0.0,0.0,-200.0,0.0,200.0,0.0,0.0,0.0,0.0,0.0,0.0,0.0,0.0,0.0,0.0,0.0,0.0,0.0,0.0,0.0,0.0,0.0,0.0,0.0,0.0,0.0,-968.3922119140625,0.0,968.390625,0.0,0.0,0.0,0.0,0.0,0.0,0.0,0.0,0.0,0.0,0.0,0.0,0.0,0.0,0.0,0.0,0.0,0.0,0.0,129046.3984375,48588.5,-1358.3922119140625,0.0,1358.390625,0.0,-100.0,0.0,1.0638357400894165,0.0,FL
275675,FL,1203,0.1805231273174286,3,1.0,201635.328125,201712.15625,3,0,26864.673828125,0.0,166082.453125,0.0,0.0,0.0,0.0,0.0,-230.0,0.0,230.0,0.0,-418.0,0.0,418.0,0.0,0.0,0.0,0.0,0.0,0.0,0.0,0.0,0.0,0.0,0.0,0.0,0.0,0.0,0.0,0.0,0.0,0.0,0.0,0.0,0.0,0.0,0.0,0.0,0.0,0.0,0.0,0.0,0.0,0.0,0.0,0.0,0.0,-112.154296875,0.0,112.15625,0.0,0.0,0.0,0.0,0.0,0.0,0.0,0.0,0.0,0.0,0.0,0.0,0.0,0.0,0.0,0.0,0.0,0.0,0.0,0.0,0.0,0.0,0.0,0.0,0.0,-90.341796875,0.0,90.34375,0.0,0.0,0.0,0.0,0.0,0.0,0.0,0.0,0.0,0.0,0.0,0.0,0.0,26014.177734375,0.0,166932.953125,0.0,-850.49609375,0.0,850.5,0.0,-3.165853042517136,0.0,0.512095034122467,0.0,FL
275676,FL,1203,0.1815287172794342,5,2.0,459143.5625,477550.734375,5,0,75465.953125,0.0,402403.5,4642.06103515625,0.0,0.0,0.0,4642.06103515625,-423.0,0.0,423.0,0.0,0.0,0.0,0.0,0.0,0.0,0.0,0.0,0.0,0.0,0.0,0.0,0.0,-400.0,0.0,400.0,0.0,0.0,0.0,0.0,0.0,0.0,0.0,0.0,0.0,0.0,0.0,0.0,0.0,0.0,0.0,0.0,0.0,0.0,0.0,0.0,0.0,-168.0703125,0.0,168.0625,0.0,0.0,0.0,0.0,0.0,0.0,0.0,0.0,0.0,0.0,0.0,0.0,0.0,0.0,0.0,0.0,0.0,0.0,0.0,0.0,0.0,0.0,0.0,0.0,0.0,0.0,0.0,0.0,0.0,0.0,0.0,0.0,0.0,0.0,0.0,0.0,0.0,0.0,0.0,0.0,0.0,74474.8828125,0.0,403394.5625,4642.06103515625,-991.0703125,0.0,991.0625,0.0,-1.3132681314690544,0.0,0.24628576636314392,0.0,FL
275677,FL,1203,0.16898687183856964,6,3.9999999999999996,724512.0234375,840705.6249999999,6,0,159346.21875,0.0,657798.4375,0.0,0.0,0.0,0.0,0.0,-749.0,0.0,749.0,0.0,0.0,0.0,0.0,0.0,0.0,0.0,0.0,0.0,0.0,0.0,0.0,0.0,0.0,0.0,0.0,0.0,0.0,0.0,0.0,0.0,-1965.546875,0.0,1965.5625,0.0,0.0,0.0,0.0,0.0,0.0,0.0,0.0,0.0,0.0,0.0,0.0,0.0,0.0,0.0,0.0,0.0,0.0,0.0,0.0,0.0,0.0,0.0,0.0,0.0,0.0,0.0,0.0,0.0,0.0,0.0,0.0,0.0,0.0,0.0,0.0,0.0,0.0,0.0,0.0,0.0,0.0,0.0,0.0,0.0,0.0,0.0,0.0,0.0,0.0,0.0,0.0,0.0,0.0,0.0,0.0,0.0,156631.671875,0.0,660513.0,0.0,-2714.546875,0.0,2714.5625,0.0,-1.7035527396221946,0.0,0.4126739203929901,0.0,FL
275678,FL,1203,0.12560966610908508,2,0.0,61905.19140625,504310.1328125,2,0,130888.58349609375,0.0,386699.75,1464.88134765625,0.0,0.0,0.0,1464.88134765625,-426.84765625,0.0,426.875,0.0,-446.5,0.0,446.5,0.0,0.0,0.0,0.0,0.0,0.0,0.0,0.0,0.0,0.0,0.0,0.0,0.0,0.0,0.0,0.0,0.0,-1683.875,0.0,1683.875,0.0,0.0,0.0,0.0,0.0,0.0,0.0,0.0,0.0,0.0,0.0,0.0,0.0,-350.0,0.0,350.0,0.0,0.0,0.0,0.0,0.0,0.0,0.0,0.0,0.0,0.0,0.0,0.0,0.0,0.0,0.0,0.0,0.0,0.0,0.0,0.0,0.0,-720.0,0.0,720.0,0.0,0.0,0.0,0.0,0.0,0.0,0.0,0.0,0.0,0.0,0.0,0.0,0.0,0.0,0.0,0.0,0.0,127261.36083984375,0.0,390327.0,1464.88134765625,-3627.22265625,0.0,3627.25,0.0,-2.771229208358154,0.0,0.9380016326904297,0.0,FL
275679,FL,1203,0.24919493496418,4,2.0,111997.78125,112002.8515625,3,1,5318.341796875,0.0,121873.53125,0.0,0.0,0.0,0.0,0.0,-10.0,0.0,10.0,0.0,-228.0,0.0,228.0,0.0,0.0,0.0,0.0,0.0,0.0,0.0,0.0,0.0,-400.0,0.0,400.0,0.0,0.0,0.0,0.0,0.0,0.0,0.0,0.0,0.0,0.0,0.0,0.0,0.0,0.0,0.0,0.0,0.0,0.0,0.0,0.0,0.0,0.0,0.0,0.0,0.0,0.0,0.0,0.0,0.0,0.0,0.0,0.0,0.0,0.0,0.0,0.0,0.0,0.0,0.0,0.0,0.0,0.0,0.0,0.0,0.0,0.0,0.0,0.0,0.0,0.0,0.0,0.0,0.0,0.0,0.0,0.0,0.0,0.0,0.0,0.0,0.0,0.0,0.0,0.0,0.0,4680.341796875,0.0,122511.53125,0.0,-638.0,0.0,638.0,0.0,-11.99622033271502,0.0,0.5234934687614441,0.0,FL
275680,FL,1203,234.71897888183594,1,0.0,0.0,29788.77734375,1,0,1267.6533203125,0.0,78149.828125,28315.58984375,0.0,0.0,0.0,28315.58984375,-5.0,0.0,5.0,0.0,-98.775634765625,0.0,98.78125,0.0,0.0,0.0,0.0,0.0,0.0,0.0,0.0,0.0,0.0,0.0,0.0,0.0,0.0,0.0,0.0,0.0,0.0,0.0,0.0,0.0,0.0,0.0,0.0,0.0,0.0,0.0,0.0,0.0,0.0,0.0,0.0,0.0,0.0,0.0,0.0,0.0,0.0,0.0,0.0,0.0,0.0,0.0,0.0,0.0,0.0,0.0,0.0,0.0,0.0,0.0,0.0,0.0,0.0,0.0,0.0,0.0,-599.9999389648438,0.0,600.0,0.0,0.0,0.0,0.0,0.0,0.0,0.0,0.0,0.0,0.0,0.0,0.0,0.0,0.0,0.0,0.0,0.0,563.8777465820312,0.0,78853.609375,28315.58984375,-703.7755737304688,0.0,703.78125,0.0,-55.51798448782315,0.0,0.900553822517395,0.0,FL
275681,FL,1203,630.8134155273438,4,3.0,0.0,0.0,4,0,0.0,0.0,26960.517578125,15387.73046875,11572.787353515625,0.0,0.0,26960.517822265625,0.0,0.0,0.0,0.0,0.0,0.0,0.0,0.0,0.0,0.0,0.0,0.0,0.0,0.0,0.0,0.0,0.0,0.0,0.0,0.0,0.0,0.0,0.0,0.0,0.0,0.0,0.0,0.0,0.0,0.0,0.0,0.0,0.0,0.0,0.0,0.0,0.0,0.0,0.0,0.0,0.0,0.0,0.0,0.0,0.0,0.0,0.0,0.0,0.0,0.0,0.0,0.0,0.0,0.0,0.0,0.0,0.0,0.0,0.0,0.0,0.0,0.0,0.0,0.0,0.0,0.0,0.0,0.0,0.0,0.0,0.0,0.0,0.0,0.0,0.0,0.0,0.0,0.0,0.0,0.0,0.0,0.0,0.0,0.0,0.0,0.0,26960.517578125,26960.517822265625,0.0,0.0,0.0,0.0,0.0,0.0,0.0,0.0,FL
275682,FL,1203,65.08602905273438,1,0.0,2269.79248046875,2269.79248046875,1,0,0.0,0.0,60310.34375,27898.142578125,0.0,0.0,0.0,27898.142578125,0.0,0.0,0.0,0.0,0.0,0.0,0.0,0.0,0.0,0.0,0.0,0.0,0.0,0.0,0.0,0.0,0.0,0.0,0.0,0.0,0.0,0.0,0.0,0.0,0.0,0.0,0.0,0.0,0.0,0.0,0.0,0.0,0.0,0.0,0.0,0.0,0.0,0.0,0.0,0.0,0.0,0.0,0.0,0.0,0.0,0.0,0.0,0.0,0.0,0.0,0.0,0.0,0.0,0.0,0.0,0.0,0.0,0.0,0.0,0.0,0.0,0.0,0.0,0.0,0.0,0.0,0.0,0.0,0.0,0.0,0.0,0.0,0.0,0.0,0.0,0.0,0.0,0.0,0.0,0.0,0.0,0.0,0.0,0.0,0.0,0.0,60310.34375,27898.142578125,0.0,0.0,0.0,0.0,0.0,0.0,0.0,0.0,FL
275683,FL,1203,757.5066528320312,1,0.0,0.0,0.0,1,0,0.0,0.0,27053.369140625,13145.85546875,0.0,0.0,0.0,13145.85546875,0.0,0.0,0.0,0.0,0.0,0.0,0.0,0.0,0.0,0.0,0.0,0.0,0.0,0.0,0.0,0.0,0.0,0.0,0.0,0.0,0.0,0.0,0.0,0.0,0.0,0.0,0.0,0.0,0.0,0.0,0.0,0.0,0.0,0.0,0.0,0.0,0.0,0.0,0.0,0.0,0.0,0.0,0.0,0.0,0.0,0.0,0.0,0.0,0.0,0.0,0.0,0.0,0.0,0.0,0.0,0.0,0.0,0.0,0.0,0.0,0.0,0.0,0.0,0.0,0.0,0.0,0.0,0.0,0.0,0.0,0.0,0.0,0.0,0.0,0.0,0.0,0.0,0.0,0.0,0.0,0.0,0.0,0.0,0.0,0.0,0.0,27053.369140625,13145.85546875,0.0,0.0,0.0,0.0,0.0,0.0,0.0,0.0,FL
275684,FL,1203,0.1367964744567871,1,0.0,102870.390625,128367.625,1,0,19878.580078125,0.0,128126.7734375,23214.6640625,0.0,0.0,0.0,23214.6640625,-131.0,0.0,131.0,0.0,-228.0,0.0,228.0,0.0,0.0,0.0,0.0,0.0,0.0,0.0,0.0,0.0,0.0,0.0,0.0,0.0,0.0,0.0,0.0,0.0,0.0,0.0,0.0,0.0,0.0,0.0,0.0,0.0,0.0,0.0,0.0,0.0,0.0,0.0,0.0,0.0,-240.0,0.0,240.0,0.0,0.0,0.0,0.0,0.0,0.0,0.0,0.0,0.0,0.0,0.0,0.0,0.0,0.0,0.0,0.0,0.0,0.0,0.0,0.0,0.0,0.0,0.0,0.0,0.0,0.0,0.0,0.0,0.0,0.0,0.0,0.0,0.0,0.0,0.0,0.0,0.0,0.0,0.0,0.0,0.0,19279.580078125,0.0,128725.7734375,23214.6640625,-599.0,0.0,599.0,0.0,-3.013293694247096,0.0,0.46750572323799133,0.0,FL
275685,FL,1203,0.2521836459636688,4,2.0,122435.015625,129193.8046875,4,0,7410.63671875,0.0,125445.7421875,0.0,0.0,0.0,0.0,0.0,-39.3798828125,0.0,39.3828125,0.0,-228.0,0.0,228.0,0.0,0.0,0.0,0.0,0.0,0.0,0.0,0.0,0.0,-400.0,0.0,400.0,0.0,0.0,0.0,0.0,0.0,0.0,0.0,0.0,0.0,0.0,0.0,0.0,0.0,0.0,0.0,0.0,0.0,0.0,0.0,0.0,0.0,-38.609375,0.0,38.609375,0.0,0.0,0.0,0.0,0.0,0.0,0.0,0.0,0.0,0.0,0.0,0.0,0.0,0.0,0.0,0.0,0.0,0.0,0.0,0.0,0.0,0.0,0.0,0.0,0.0,0.0,0.0,0.0,0.0,0.0,0.0,0.0,0.0,0.0,0.0,0.0,0.0,0.0,0.0,0.0,0.0,6704.6474609375,0.0,126151.734375,0.0,-705.9892578125,0.0,705.9921875,0.0,-9.52670174785715,0.0,0.562786877155304,0.0,FL
275686,FL,1203,0.08577220886945724,1,0.0,47153.10546875,47153.10546875,1,0,3597.37255859375,0.0,44911.58984375,0.0,0.0,0.0,0.0,0.0,-5.0,0.0,5.0,0.0,-114.0,0.0,114.0,0.0,0.0,0.0,0.0,0.0,0.0,0.0,0.0,0.0,0.0,0.0,0.0,0.0,0.0,0.0,0.0,0.0,0.0,0.0,0.0,0.0,0.0,0.0,0.0,0.0,0.0,0.0,0.0,0.0,0.0,0.0,0.0,0.0,0.0,0.0,0.0,0.0,0.0,0.0,0.0,0.0,0.0,0.0,0.0,0.0,0.0,0.0,0.0,0.0,0.0,0.0,0.0,0.0,0.0,0.0,0.0,0.0,0.0,0.0,0.0,0.0,-252.534423828125,0.0,252.53515625,0.0,0.0,0.0,0.0,0.0,0.0,0.0,0.0,0.0,0.0,0.0,0.0,0.0,3225.838134765625,0.0,45283.125,0.0,-371.534423828125,0.0,371.53515625,0.0,-10.327938454430242,0.0,0.8272590041160583,0.0,FL
275687,FL,1203,106.99092102050781,1,0.0,0.0,0.0,1,0,0.0,0.0,58355.9375,32239.37890625,0.0,0.0,0.0,32239.37890625,0.0,0.0,0.0,0.0,0.0,0.0,0.0,0.0,0.0,0.0,0.0,0.0,0.0,0.0,0.0,0.0,0.0,0.0,0.0,0.0,0.0,0.0,0.0,0.0,0.0,0.0,0.0,0.0,0.0,0.0,0.0,0.0,0.0,0.0,0.0,0.0,0.0,0.0,0.0,0.0,0.0,0.0,0.0,0.0,0.0,0.0,0.0,0.0,0.0,0.0,0.0,0.0,0.0,0.0,0.0,0.0,0.0,0.0,0.0,0.0,0.0,0.0,0.0,0.0,0.0,0.0,0.0,0.0,0.0,0.0,0.0,0.0,0.0,0.0,0.0,0.0,0.0,0.0,0.0,0.0,0.0,0.0,0.0,0.0,0.0,0.0,58355.9375,32239.37890625,0.0,0.0,0.0,0.0,0.0,0.0,0.0,0.0,FL
275688,FL,1203,109.43458557128906,1,0.0,0.0,65564.078125,1,0,5560.689453125,0.0,86440.65625,18912.6640625,0.0,0.0,0.0,18912.6640625,-5.0,0.0,5.0,0.0,-114.0,0.0,114.0,0.0,0.0,0.0,0.0,0.0,0.0,0.0,0.0,0.0,0.0,0.0,0.0,0.0,0.0,0.0,0.0,0.0,0.0,0.0,0.0,0.0,0.0,0.0,0.0,0.0,0.0,0.0,0.0,0.0,0.0,0.0,0.0,0.0,0.0,0.0,0.0,0.0,0.0,0.0,0.0,0.0,0.0,0.0,0.0,0.0,0.0,0.0,0.0,0.0,0.0,0.0,0.0,0.0,0.0,0.0,0.0,0.0,-720.0,0.0,720.0,0.0,0.0,0.0,0.0,0.0,0.0,0.0,0.0,0.0,0.0,0.0,0.0,0.0,0.0,0.0,0.0,0.0,4721.689453125,0.0,87279.65625,18912.6640625,-839.0,0.0,839.0,0.0,-15.088057102856162,0.0,0.970608115196228,0.0,FL
275689,FL,1203,0.3189328908920288,1,0.0,0.0,8009.78271484375,1,0,0.0,0.0,26440.1171875,9627.1396484375,0.0,0.0,0.0,9627.1396484375,0.0,0.0,0.0,0.0,0.0,0.0,0.0,0.0,0.0,0.0,0.0,0.0,0.0,0.0,0.0,0.0,0.0,0.0,0.0,0.0,0.0,0.0,0.0,0.0,0.0,0.0,0.0,0.0,0.0,0.0,0.0,0.0,0.0,0.0,0.0,0.0,0.0,0.0,0.0,0.0,0.0,0.0,0.0,0.0,0.0,0.0,0.0,0.0,0.0,0.0,0.0,0.0,0.0,0.0,0.0,0.0,0.0,0.0,0.0,0.0,0.0,0.0,0.0,0.0,0.0,0.0,0.0,0.0,0.0,0.0,0.0,0.0,0.0,0.0,0.0,0.0,0.0,0.0,0.0,0.0,0.0,0.0,0.0,0.0,0.0,0.0,26440.1171875,9627.1396484375,0.0,0.0,0.0,0.0,0.0,0.0,0.0,0.0,FL
275690,FL,1203,148.86508178710938,4,2.0,2615.3173828125,2617.9287109375,4,0,0.0,0.0,21561.9765625,1130.9622802734375,12610.016357421875,0.0,0.0,13740.978637695312,0.0,0.0,0.0,0.0,0.0,0.0,0.0,0.0,0.0,0.0,0.0,0.0,0.0,0.0,0.0,0.0,0.0,0.0,0.0,0.0,0.0,0.0,0.0,0.0,0.0,0.0,0.0,0.0,0.0,0.0,0.0,0.0,0.0,0.0,0.0,0.0,0.0,0.0,0.0,0.0,0.0,0.0,0.0,0.0,0.0,0.0,0.0,0.0,0.0,0.0,0.0,0.0,0.0,0.0,0.0,0.0,0.0,0.0,0.0,0.0,0.0,0.0,0.0,0.0,0.0,0.0,0.0,0.0,0.0,0.0,0.0,0.0,0.0,0.0,0.0,0.0,0.0,0.0,0.0,0.0,0.0,0.0,0.0,0.0,0.0,0.0,21561.9765625,13740.978637695312,0.0,0.0,0.0,0.0,0.0,0.0,0.0,0.0,FL
275691,FL,1203,0.14768216013908386,5,2.0,20939.21484375,20939.21484375,5,0,-6026.05322265625,0.0,122839.796875,54345.27734375,5527.08642578125,19681.0859375,0.0,79553.44970703125,0.0,0.0,0.0,0.0,0.0,0.0,0.0,0.0,0.0,0.0,0.0,0.0,0.0,0.0,0.0,0.0,0.0,0.0,0.0,0.0,0.0,0.0,0.0,0.0,0.0,0.0,0.0,0.0,0.0,0.0,0.0,0.0,0.0,0.0,0.0,0.0,0.0,0.0,0.0,0.0,0.0,0.0,0.0,0.0,0.0,0.0,0.0,0.0,0.0,0.0,0.0,0.0,0.0,0.0,0.0,0.0,0.0,0.0,0.0,0.0,0.0,0.0,0.0,0.0,0.0,0.0,0.0,0.0,0.0,0.0,0.0,0.0,0.0,0.0,-11364.84375,-11364.84375,0.0,0.0,0.0,0.0,0.0,0.0,0.0,0.0,-6026.05322265625,0.0,111474.953125,68188.60595703125,0.0,0.0,-11364.84375,-11364.84375,0.0,0.0,-9.251760482788086,-14.285796268864415,FL
275692,FL,1203,0.1426118016242981,1,0.0,112091.140625,124338.5234375,1,0,18343.6640625,0.0,115273.234375,15703.283203125,0.0,0.0,0.0,15703.283203125,-131.0,0.0,131.0,0.0,-228.0,0.0,228.0,0.0,0.0,0.0,0.0,0.0,0.0,0.0,0.0,0.0,0.0,0.0,0.0,0.0,0.0,0.0,0.0,0.0,0.0,0.0,0.0,0.0,0.0,0.0,0.0,0.0,0.0,0.0,0.0,0.0,0.0,0.0,0.0,0.0,-221.5546875,0.0,221.5625,0.0,0.0,0.0,0.0,0.0,0.0,0.0,0.0,0.0,0.0,0.0,0.0,0.0,0.0,0.0,0.0,0.0,0.0,0.0,0.0,0.0,0.0,0.0,0.0,0.0,-55.66796875,0.0,55.6640625,0.0,0.0,0.0,0.0,0.0,0.0,0.0,0.0,0.0,0.0,0.0,0.0,0.0,17707.44140625,0.0,115909.4609375,15703.283203125,-636.22265625,0.0,636.2265625,0.0,-3.468351001644386,0.0,0.5519291162490845,0.0,FL
275693,FL,1203,0.14757096767425537,5,2.0,281594.4921875,297510.109375,5,0,35043.93017578125,0.0,257630.15625,0.0,0.0,0.0,0.0,0.0,-345.0,0.0,345.0,0.0,-627.0,0.0,627.0,0.0,0.0,0.0,0.0,0.0,0.0,0.0,0.0,0.0,-400.0,0.0,400.0,0.0,0.0,0.0,0.0,0.0,0.0,0.0,0.0,0.0,0.0,0.0,0.0,0.0,0.0,0.0,0.0,0.0,0.0,0.0,0.0,0.0,-440.0,0.0,440.0,0.0,0.0,0.0,0.0,0.0,0.0,0.0,0.0,0.0,0.0,0.0,0.0,0.0,0.0,0.0,0.0,0.0,-1263.580078125,0.0,1263.578125,0.0,0.0,0.0,0.0,0.0,0.0,0.0,0.0,0.0,0.0,0.0,0.0,0.0,0.0,0.0,0.0,0.0,0.0,0.0,0.0,0.0,31968.35009765625,0.0,260705.734375,0.0,-3075.580078125,0.0,3075.578125,0.0,-8.77635602712884,0.0,1.1937958002090454,0.0,FL
275694,FL,1203,0.15108716487884521,2,0.0,288519.6328125,937268.0625,2,0,188903.171875,0.0,746820.25,0.0,0.0,0.0,0.0,0.0,0.0,0.0,0.0,0.0,0.0,0.0,0.0,0.0,0.0,0.0,0.0,0.0,0.0,0.0,0.0,0.0,0.0,0.0,0.0,0.0,0.0,0.0,0.0,0.0,-988.078125,0.0,988.0625,0.0,0.0,0.0,0.0,0.0,0.0,0.0,0.0,0.0,0.0,0.0,0.0,0.0,0.0,0.0,0.0,0.0,0.0,0.0,0.0,0.0,0.0,0.0,0.0,0.0,0.0,0.0,0.0,0.0,0.0,0.0,0.0,0.0,0.0,0.0,0.0,0.0,0.0,0.0,0.0,0.0,0.0,0.0,0.0,0.0,0.0,0.0,0.0,0.0,0.0,0.0,0.0,0.0,0.0,0.0,0.0,0.0,187915.09375,0.0,747808.3125,0.0,-988.078125,0.0,988.0625,0.0,-0.5230606321707642,0.0,0.13230259716510773,0.0,FL
275695,FL,1203,508.6259765625,5,2.0,18591.224609375,18591.224609375,5,0,0.0,0.0,67254.4140625,19210.486328125,22041.1279296875,0.0,0.0,41251.6142578125,0.0,0.0,0.0,0.0,0.0,0.0,0.0,0.0,0.0,0.0,0.0,0.0,0.0,0.0,0.0,0.0,0.0,0.0,0.0,0.0,0.0,0.0,0.0,0.0,0.0,0.0,0.0,0.0,0.0,0.0,0.0,0.0,0.0,0.0,0.0,0.0,0.0,0.0,0.0,0.0,0.0,0.0,0.0,0.0,0.0,0.0,0.0,0.0,0.0,0.0,0.0,0.0,0.0,0.0,0.0,0.0,0.0,0.0,0.0,0.0,0.0,0.0,0.0,0.0,0.0,0.0,0.0,0.0,0.0,0.0,0.0,0.0,0.0,0.0,0.0,0.0,0.0,0.0,0.0,0.0,0.0,0.0,0.0,0.0,0.0,0.0,67254.4140625,41251.6142578125,0.0,0.0,0.0,0.0,0.0,0.0,0.0,0.0,FL
275696,FL,1203,65.19952392578125,2,0.0,22639.354736328125,20118.390625,2,0,0.0,0.0,-747.658447265625,0.0,0.0,0.0,0.0,0.0,0.0,0.0,0.0,0.0,0.0,0.0,0.0,0.0,0.0,0.0,0.0,0.0,0.0,0.0,0.0,0.0,0.0,0.0,0.0,0.0,0.0,0.0,0.0,0.0,0.0,0.0,0.0,0.0,0.0,0.0,0.0,0.0,0.0,0.0,0.0,0.0,0.0,0.0,0.0,0.0,0.0,0.0,0.0,0.0,0.0,0.0,0.0,0.0,0.0,0.0,0.0,0.0,0.0,0.0,0.0,0.0,0.0,0.0,0.0,0.0,0.0,0.0,0.0,0.0,0.0,0.0,0.0,0.0,0.0,0.0,0.0,0.0,0.0,0.0,0.0,0.0,0.0,0.0,0.0,0.0,0.0,0.0,0.0,0.0,0.0,0.0,-747.658447265625,0.0,0.0,0.0,0.0,0.0,0.0,0.0,0.0,0.0,FL
275697,FL,1203,0.14102855324745178,1,0.0,73100.890625,87553.515625,1,0,10219.8564453125,0.0,96410.453125,20767.759765625,0.0,0.0,0.0,20767.759765625,-115.0,0.0,115.0,0.0,-209.0,0.0,209.0,0.0,0.0,0.0,0.0,0.0,0.0,0.0,0.0,0.0,0.0,0.0,0.0,0.0,0.0,0.0,0.0,0.0,0.0,0.0,0.0,0.0,0.0,0.0,0.0,0.0,0.0,0.0,0.0,0.0,0.0,0.0,0.0,0.0,-29.833984375,0.0,29.828125,0.0,0.0,0.0,0.0,0.0,0.0,0.0,0.0,0.0,0.0,0.0,0.0,0.0,0.0,0.0,0.0,0.0,0.0,0.0,0.0,0.0,-1154.2919921875,0.0,1154.296875,0.0,0.0,0.0,0.0,0.0,0.0,0.0,0.0,0.0,0.0,0.0,0.0,0.0,0.0,0.0,0.0,0.0,8711.73046875,0.0,97918.578125,20767.759765625,-1508.1259765625,0.0,1508.125,0.0,-14.756821532989594,0.0,1.5642755031585693,0.0,FL
275698,FL,1203,0.12915417551994324,1,0.0,206258.734375,639766.0625,1,0,138683.03125,0.0,516011.96875,14904.8359375,0.0,0.0,0.0,14904.8359375,-362.25,0.0,362.25,0.0,0.0,0.0,0.0,0.0,0.0,0.0,0.0,0.0,0.0,0.0,0.0,0.0,0.0,0.0,0.0,0.0,0.0,0.0,0.0,0.0,-1488.921875,0.0,1488.90625,0.0,0.0,0.0,0.0,0.0,0.0,0.0,0.0,0.0,0.0,0.0,0.0,0.0,0.0,0.0,0.0,0.0,0.0,0.0,0.0,0.0,0.0,0.0,0.0,0.0,0.0,0.0,0.0,0.0,0.0,0.0,0.0,0.0,0.0,0.0,0.0,0.0,0.0,0.0,0.0,0.0,0.0,0.0,0.0,0.0,0.0,0.0,0.0,0.0,0.0,0.0,0.0,0.0,0.0,0.0,0.0,0.0,136831.859375,0.0,517863.125,14904.8359375,-1851.171875,0.0,1851.15625,0.0,-1.3348221900795811,0.0,0.358742892742157,0.0,FL
275699,FL,1203,0.2749125361442566,5,2.0,118441.6171875,121171.234375,4,1,3674.125732421875,0.0,141489.78125,0.0,0.0,0.0,4570.7734375,4570.7734375,-15.0,0.0,15.0,0.0,-314.0888671875,0.0,314.09375,0.0,0.0,0.0,0.0,0.0,0.0,0.0,0.0,0.0,-400.0,0.0,400.0,0.0,0.0,0.0,0.0,0.0,-279.266357421875,0.0,279.28125,0.0,0.0,0.0,0.0,0.0,0.0,0.0,0.0,0.0,0.0,0.0,0.0,0.0,-200.0,0.0,200.0,0.0,0.0,0.0,0.0,0.0,0.0,0.0,0.0,0.0,0.0,0.0,0.0,0.0,0.0,0.0,0.0,0.0,-7.89013671875,0.0,7.875,0.0,0.0,0.0,0.0,0.0,0.0,0.0,0.0,0.0,0.0,0.0,0.0,0.0,0.0,0.0,0.0,0.0,0.0,0.0,0.0,0.0,2457.88037109375,0.0,142706.03125,4570.7734375,-1216.245361328125,0.0,1216.25,0.0,-33.102986939056436,0.0,0.8596027493476868,0.0,FL
275700,FL,1203,0.11115393042564392,4,2.0,92650.984375,105342.27734375,4,0,3098.4259033203125,0.0,107164.2421875,12969.36328125,0.0,0.0,0.0,12969.36328125,-12.0,0.0,12.0,0.0,-291.0,0.0,291.0,0.0,0.0,0.0,0.0,0.0,0.0,0.0,0.0,0.0,-400.0,0.0,400.0,0.0,0.0,0.0,0.0,0.0,-189.3525390625,0.0,189.3515625,0.0,0.0,0.0,0.0,0.0,0.0,0.0,0.0,0.0,0.0,0.0,0.0,0.0,-120.0,0.0,120.0,0.0,0.0,0.0,0.0,0.0,0.0,0.0,0.0,0.0,0.0,0.0,0.0,0.0,0.0,0.0,0.0,0.0,0.0,0.0,0.0,0.0,0.0,0.0,0.0,0.0,0.0,0.0,0.0,0.0,0.0,0.0,0.0,0.0,0.0,0.0,0.0,0.0,0.0,0.0,0.0,0.0,2086.0733642578125,0.0,108176.59375,12969.36328125,-1012.3525390625,0.0,1012.3515625,0.0,-32.673124052366404,0.0,0.9446728825569153,0.0,FL
275701,FL,1203,0.20699836313724518,2,0.0,80393.1328125,80582.859375,1,1,5542.69677734375,0.0,90704.8671875,0.0,0.0,0.0,0.0,0.0,-10.0,0.0,10.0,0.0,-228.0,0.0,228.0,0.0,0.0,0.0,0.0,0.0,0.0,0.0,0.0,0.0,0.0,0.0,0.0,0.0,0.0,0.0,0.0,0.0,0.0,0.0,0.0,0.0,0.0,0.0,0.0,0.0,0.0,0.0,0.0,0.0,0.0,0.0,0.0,0.0,-240.0,0.0,240.0,0.0,0.0,0.0,0.0,0.0,0.0,0.0,0.0,0.0,0.0,0.0,0.0,0.0,0.0,0.0,0.0,0.0,0.0,0.0,0.0,0.0,0.0,0.0,0.0,0.0,0.0,0.0,0.0,0.0,0.0,0.0,0.0,0.0,0.0,0.0,0.0,0.0,0.0,0.0,0.0,0.0,5064.69677734375,0.0,91182.8671875,0.0,-478.0,0.0,478.0,0.0,-8.62396084797325,0.0,0.5269838571548462,0.0,FL
275702,FL,1203,0.1650232970714569,3,1.0,472601.900390625,626889.5,3,0,139751.578125,0.0,538179.6875,0.0,0.0,0.0,0.0,0.0,-749.0,0.0,749.0,0.0,-665.0,0.0,665.0,0.0,0.0,0.0,0.0,0.0,0.0,0.0,0.0,0.0,0.0,0.0,0.0,0.0,0.0,0.0,0.0,0.0,-1750.0,0.0,1750.0,0.0,0.0,0.0,0.0,0.0,0.0,0.0,0.0,0.0,0.0,0.0,0.0,0.0,-700.0,0.0,700.0,0.0,0.0,0.0,0.0,0.0,0.0,0.0,0.0,0.0,0.0,0.0,0.0,0.0,0.0,0.0,0.0,0.0,0.0,0.0,0.0,0.0,0.0,0.0,0.0,0.0,0.0,0.0,0.0,0.0,0.0,0.0,0.0,0.0,0.0,0.0,0.0,0.0,0.0,0.0,0.0,0.0,135887.578125,0.0,542043.6875,0.0,-3864.0,0.0,3864.0,0.0,-2.764906165527424,0.0,0.7179757952690125,0.0,FL
275703,FL,1203,346.808837890625,1,0.0,0.0,0.0,1,0,0.0,0.0,15369.5390625,3926.039794921875,0.0,0.0,0.0,3926.039794921875,0.0,0.0,0.0,0.0,0.0,0.0,0.0,0.0,0.0,0.0,0.0,0.0,0.0,0.0,0.0,0.0,0.0,0.0,0.0,0.0,0.0,0.0,0.0,0.0,0.0,0.0,0.0,0.0,0.0,0.0,0.0,0.0,0.0,0.0,0.0,0.0,0.0,0.0,0.0,0.0,0.0,0.0,0.0,0.0,0.0,0.0,0.0,0.0,0.0,0.0,0.0,0.0,0.0,0.0,0.0,0.0,0.0,0.0,0.0,0.0,0.0,0.0,0.0,0.0,0.0,0.0,0.0,0.0,0.0,0.0,0.0,0.0,0.0,0.0,0.0,0.0,0.0,0.0,0.0,0.0,0.0,0.0,0.0,0.0,0.0,0.0,15369.5390625,3926.039794921875,0.0,0.0,0.0,0.0,0.0,0.0,0.0,0.0,FL
275704,FL,1203,0.16867922246456146,1,0.0,143388.421875,470020.03125,1,0,107589.0078125,0.0,374901.09375,5667.69580078125,0.0,0.0,0.0,5667.69580078125,-362.25,0.0,362.25,0.0,0.0,0.0,0.0,0.0,0.0,0.0,0.0,0.0,0.0,0.0,0.0,0.0,0.0,0.0,0.0,0.0,0.0,0.0,0.0,0.0,0.0,0.0,0.0,0.0,0.0,0.0,0.0,0.0,0.0,0.0,0.0,0.0,0.0,0.0,0.0,0.0,-174.1875,0.0,174.1875,0.0,0.0,0.0,0.0,0.0,0.0,0.0,0.0,0.0,0.0,0.0,0.0,0.0,0.0,0.0,0.0,0.0,0.0,0.0,0.0,0.0,0.0,0.0,0.0,0.0,0.0,0.0,0.0,0.0,0.0,0.0,0.0,0.0,0.0,0.0,0.0,0.0,0.0,0.0,0.0,0.0,107052.5703125,0.0,375437.53125,5667.69580078125,-536.4375,0.0,536.4375,0.0,-0.49859879824793324,0.0,0.1430877298116684,0.0,FL
275705,FL,1203,0.1259092390537262,4,1.0,211635.44079589844,355485.43298339844,3,1,58252.06531524658,0.0,304859.625,13392.111328125,0.0,0.0,0.0,13392.111328125,-292.0,0.0,292.0,0.0,-456.0,0.0,456.0,0.0,0.0,0.0,0.0,0.0,0.0,0.0,0.0,0.0,0.0,0.0,0.0,0.0,0.0,0.0,0.0,0.0,0.0,0.0,0.0,0.0,0.0,0.0,0.0,0.0,0.0,0.0,0.0,0.0,0.0,0.0,0.0,0.0,-480.0,0.0,480.0,0.0,0.0,0.0,0.0,0.0,0.0,0.0,0.0,0.0,0.0,0.0,0.0,0.0,0.0,0.0,0.0,0.0,0.0,0.0,0.0,0.0,0.0,0.0,0.0,0.0,0.0,0.0,0.0,0.0,0.0,0.0,0.0,0.0,0.0,0.0,0.0,0.0,0.0,0.0,0.0,0.0,57024.06531524658,0.0,306087.625,13392.111328125,-1228.0,0.0,1228.0,0.0,-2.1080797622442233,0.0,0.4028083384037018,0.0,FL
275706,FL,1203,0.16103212535381317,2,0.0,192841.75390625,220400.21875,2,0,29680.15234375,0.0,190855.375,0.0,0.0,0.0,0.0,0.0,-230.0,0.0,230.0,0.0,-418.0,0.0,418.0,0.0,0.0,0.0,0.0,0.0,0.0,0.0,0.0,0.0,0.0,0.0,0.0,0.0,0.0,0.0,0.0,0.0,0.0,0.0,0.0,0.0,0.0,0.0,0.0,0.0,0.0,0.0,0.0,0.0,0.0,0.0,0.0,0.0,0.0,0.0,0.0,0.0,0.0,0.0,0.0,0.0,0.0,0.0,0.0,0.0,0.0,0.0,0.0,0.0,0.0,0.0,0.0,0.0,0.0,0.0,0.0,0.0,0.0,0.0,0.0,0.0,0.0,0.0,0.0,0.0,0.0,0.0,0.0,0.0,0.0,0.0,0.0,0.0,0.0,0.0,0.0,0.0,29032.15234375,0.0,191503.375,0.0,-648.0,0.0,648.0,0.0,-2.1832772032130583,0.0,0.3395240902900696,0.0,FL
275707,FL,1203,0.14136740565299988,4,2.0,1006440.4375,1037939.75,4,0,291040.90625,0.0,778850.0,389.11334228515625,0.0,0.0,0.0,389.11334228515625,-734.0,0.0,734.0,0.0,0.0,0.0,0.0,0.0,0.0,0.0,0.0,0.0,0.0,0.0,0.0,0.0,0.0,0.0,0.0,0.0,0.0,0.0,0.0,0.0,-1771.125,0.0,1771.125,0.0,0.0,0.0,0.0,0.0,0.0,0.0,0.0,0.0,0.0,0.0,0.0,0.0,-204.0,0.0,204.0,0.0,0.0,0.0,0.0,0.0,0.0,0.0,0.0,0.0,0.0,0.0,0.0,0.0,0.0,0.0,0.0,0.0,0.0,0.0,0.0,0.0,0.0,0.0,0.0,0.0,0.0,0.0,0.0,0.0,0.0,0.0,0.0,0.0,0.0,0.0,0.0,0.0,0.0,0.0,0.0,0.0,288331.78125,0.0,781559.125,389.11334228515625,-2709.125,0.0,2709.125,0.0,-0.9308399409919719,0.0,0.34783655405044556,0.0,FL
275708,FL,1203,0.11895710229873657,2,0.0,139448.625,537644.7631835938,2,0,114909.9375,0.0,482996.21875,24392.890625,0.0,0.0,0.0,24392.890625,-362.25,0.0,362.25,0.0,0.0,0.0,0.0,0.0,0.0,0.0,0.0,0.0,0.0,0.0,0.0,0.0,0.0,0.0,0.0,0.0,0.0,0.0,0.0,0.0,0.0,0.0,0.0,0.0,0.0,0.0,0.0,0.0,0.0,0.0,0.0,0.0,0.0,0.0,0.0,0.0,0.0,0.0,0.0,0.0,0.0,0.0,0.0,0.0,0.0,0.0,0.0,0.0,0.0,0.0,0.0,0.0,0.0,0.0,0.0,0.0,0.0,0.0,0.0,0.0,0.0,0.0,0.0,0.0,0.0,0.0,0.0,0.0,0.0,0.0,0.0,0.0,0.0,0.0,0.0,0.0,0.0,0.0,0.0,0.0,114547.6875,0.0,483358.46875,24392.890625,-362.25,0.0,362.25,0.0,-0.31524688628431285,0.0,0.0750005915760994,0.0,FL
275709,FL,1203,117.89755249023438,1,0.0,177.201171875,20406.001953125,1,0,320.6001892089844,0.0,24872.20703125,288.7731018066406,0.0,0.0,0.0,288.7731018066406,0.0,0.0,0.0,0.0,-95.0,0.0,95.0,0.0,0.0,0.0,0.0,0.0,0.0,0.0,0.0,0.0,0.0,0.0,0.0,0.0,0.0,0.0,0.0,0.0,0.0,0.0,0.0,0.0,0.0,0.0,0.0,0.0,0.0,0.0,0.0,0.0,0.0,0.0,0.0,0.0,0.0,0.0,0.0,0.0,0.0,0.0,0.0,0.0,0.0,0.0,0.0,0.0,0.0,0.0,0.0,0.0,0.0,0.0,0.0,0.0,0.0,0.0,0.0,0.0,-225.60018920898438,0.0,225.599609375,0.0,0.0,0.0,0.0,0.0,0.0,0.0,0.0,0.0,0.0,0.0,0.0,0.0,0.0,0.0,0.0,0.0,0.0,0.0,25192.806640625,288.7731018066406,-320.6001892089844,0.0,320.599609375,0.0,-100.0,0.0,1.288987398147583,0.0,FL
275710,FL,1203,129.53880310058594,1,0.0,0.0,-60.49698257446289,1,0,0.0,0.0,44242.04296875,22460.111328125,0.0,0.0,0.0,22460.111328125,0.0,0.0,0.0,0.0,0.0,0.0,0.0,0.0,0.0,0.0,0.0,0.0,0.0,0.0,0.0,0.0,0.0,0.0,0.0,0.0,0.0,0.0,0.0,0.0,0.0,0.0,0.0,0.0,0.0,0.0,0.0,0.0,0.0,0.0,0.0,0.0,0.0,0.0,0.0,0.0,0.0,0.0,0.0,0.0,0.0,0.0,0.0,0.0,0.0,0.0,0.0,0.0,0.0,0.0,0.0,0.0,0.0,0.0,0.0,0.0,0.0,0.0,0.0,0.0,0.0,0.0,0.0,0.0,0.0,0.0,0.0,0.0,0.0,0.0,0.0,0.0,0.0,0.0,0.0,0.0,0.0,0.0,0.0,0.0,0.0,0.0,44242.04296875,22460.111328125,0.0,0.0,0.0,0.0,0.0,0.0,0.0,0.0,FL
275711,FL,1203,299.15966796875,3,1.0,0.0,0.17323553562164307,3,0,0.0,0.0,13261.8837890625,3933.85205078125,9327.858642578125,0.0,0.0,13261.710693359375,0.0,0.0,0.0,0.0,0.0,0.0,0.0,0.0,0.0,0.0,0.0,0.0,0.0,0.0,0.0,0.0,0.0,0.0,0.0,0.0,0.0,0.0,0.0,0.0,0.0,0.0,0.0,0.0,0.0,0.0,0.0,0.0,0.0,0.0,0.0,0.0,0.0,0.0,0.0,0.0,0.0,0.0,0.0,0.0,0.0,0.0,0.0,0.0,0.0,0.0,0.0,0.0,0.0,0.0,0.0,0.0,0.0,0.0,0.0,0.0,0.0,0.0,0.0,0.0,0.0,0.0,0.0,0.0,0.0,0.0,0.0,0.0,0.0,0.0,0.0,0.0,0.0,0.0,0.0,0.0,0.0,0.0,0.0,0.0,0.0,0.0,13261.8837890625,13261.710693359375,0.0,0.0,0.0,0.0,0.0,0.0,0.0,0.0,FL
275712,FL,1203,0.1838262975215912,3,0.0,187784.255859375,271542.326171875,3,0,36187.588134765625,0.0,13665.0078125,0.0,0.0,0.0,0.0,0.0,-230.0,0.0,230.0,0.0,-95.0,0.0,95.0,0.0,0.0,0.0,0.0,0.0,0.0,0.0,0.0,0.0,0.0,0.0,0.0,0.0,0.0,0.0,0.0,0.0,-522.67578125,0.0,522.67578125,0.0,0.0,0.0,0.0,0.0,0.0,0.0,0.0,0.0,0.0,0.0,0.0,0.0,0.0,0.0,0.0,0.0,0.0,0.0,0.0,0.0,0.0,0.0,0.0,0.0,0.0,0.0,0.0,0.0,0.0,0.0,0.0,0.0,0.0,0.0,0.0,0.0,0.0,0.0,0.0,0.0,0.0,0.0,0.0,0.0,0.0,0.0,0.0,0.0,0.0,0.0,0.0,0.0,0.0,0.0,0.0,0.0,35339.912353515625,0.0,14512.68359375,0.0,-847.67578125,0.0,847.67578125,0.0,-2.342448958170918,0.0,6.203258991241455,0.0,FL
275713,FL,1203,262.5638732910156,1,0.0,0.0,0.0,1,0,0.0,0.0,48330.9609375,24474.322265625,0.0,0.0,0.0,24474.322265625,0.0,0.0,0.0,0.0,0.0,0.0,0.0,0.0,0.0,0.0,0.0,0.0,0.0,0.0,0.0,0.0,0.0,0.0,0.0,0.0,0.0,0.0,0.0,0.0,0.0,0.0,0.0,0.0,0.0,0.0,0.0,0.0,0.0,0.0,0.0,0.0,0.0,0.0,0.0,0.0,0.0,0.0,0.0,0.0,0.0,0.0,0.0,0.0,0.0,0.0,0.0,0.0,0.0,0.0,0.0,0.0,0.0,0.0,0.0,0.0,0.0,0.0,0.0,0.0,0.0,0.0,0.0,0.0,0.0,0.0,0.0,0.0,0.0,0.0,0.0,0.0,0.0,0.0,0.0,0.0,0.0,0.0,0.0,0.0,0.0,0.0,48330.9609375,24474.322265625,0.0,0.0,0.0,0.0,0.0,0.0,0.0,0.0,FL
275714,FL,1203,0.1866855025291443,4,2.0,176772.33203125,176783.984375,4,0,20880.4765625,0.0,158767.109375,0.0,0.0,0.0,0.0,0.0,-230.0,0.0,230.0,0.0,-418.0,0.0,418.0,0.0,0.0,0.0,0.0,0.0,0.0,0.0,0.0,0.0,0.0,0.0,0.0,0.0,0.0,0.0,0.0,0.0,0.0,0.0,0.0,0.0,0.0,0.0,0.0,0.0,0.0,0.0,0.0,0.0,0.0,0.0,0.0,0.0,-348.984375,0.0,348.984375,0.0,0.0,0.0,0.0,0.0,0.0,0.0,0.0,0.0,0.0,0.0,0.0,0.0,0.0,0.0,0.0,0.0,0.0,0.0,0.0,0.0,0.0,0.0,0.0,0.0,-400.68359375,0.0,400.6875,0.0,0.0,0.0,0.0,0.0,0.0,0.0,0.0,0.0,0.0,0.0,0.0,0.0,19482.80859375,0.0,160164.78125,0.0,-1397.66796875,0.0,1397.671875,0.0,-6.693659335630884,0.0,0.880328357219696,0.0,FL
275715,FL,1203,1.7805705070495605,1,0.0,813.1962890625,8929.205078125,1,0,-277.3945617675781,0.0,33629.421875,8440.26953125,13231.8837890625,0.0,0.0,21672.1533203125,0.0,0.0,0.0,0.0,0.0,0.0,0.0,0.0,0.0,0.0,0.0,0.0,0.0,0.0,0.0,0.0,0.0,0.0,0.0,0.0,0.0,0.0,0.0,0.0,0.0,0.0,0.0,0.0,0.0,0.0,0.0,0.0,0.0,0.0,0.0,0.0,0.0,0.0,0.0,0.0,0.0,0.0,0.0,0.0,0.0,0.0,0.0,0.0,0.0,0.0,0.0,0.0,0.0,0.0,0.0,0.0,0.0,0.0,0.0,0.0,0.0,0.0,0.0,0.0,0.0,0.0,0.0,0.0,0.0,0.0,0.0,0.0,0.0,0.0,0.0,0.0,0.0,0.0,0.0,0.0,0.0,0.0,0.0,0.0,-277.3945617675781,0.0,33629.421875,21672.1533203125,0.0,0.0,0.0,0.0,0.0,0.0,0.0,0.0,FL
275716,FL,1203,225.9741973876953,1,0.0,1705.9580078125,1668.7723388671875,1,0,0.0,0.0,7399.1044921875,3596.039794921875,0.0,0.0,0.0,3596.039794921875,0.0,0.0,0.0,0.0,0.0,0.0,0.0,0.0,0.0,0.0,0.0,0.0,0.0,0.0,0.0,0.0,0.0,0.0,0.0,0.0,0.0,0.0,0.0,0.0,0.0,0.0,0.0,0.0,0.0,0.0,0.0,0.0,0.0,0.0,0.0,0.0,0.0,0.0,0.0,0.0,0.0,0.0,0.0,0.0,0.0,0.0,0.0,0.0,0.0,0.0,0.0,0.0,0.0,0.0,0.0,0.0,0.0,0.0,0.0,0.0,0.0,0.0,0.0,0.0,0.0,0.0,0.0,0.0,0.0,0.0,0.0,0.0,0.0,0.0,0.0,0.0,0.0,0.0,0.0,0.0,0.0,0.0,0.0,0.0,0.0,0.0,7399.1044921875,3596.039794921875,0.0,0.0,0.0,0.0,0.0,0.0,0.0,0.0,FL
275717,FL,1203,0.1939404159784317,2,0.0,88942.375,94601.515625,2,0,8867.23828125,0.0,83942.21875,2825.12841796875,0.0,0.0,0.0,2825.12841796875,-115.0,0.0,115.0,0.0,0.0,0.0,0.0,0.0,0.0,0.0,0.0,0.0,0.0,0.0,0.0,0.0,0.0,0.0,0.0,0.0,0.0,0.0,0.0,0.0,-893.06591796875,0.0,893.0703125,0.0,0.0,0.0,0.0,0.0,0.0,0.0,0.0,0.0,0.0,0.0,0.0,0.0,0.0,0.0,0.0,0.0,0.0,0.0,0.0,0.0,0.0,0.0,0.0,0.0,0.0,0.0,0.0,0.0,0.0,0.0,0.0,0.0,0.0,0.0,0.0,0.0,-1061.26025390625,0.0,1061.2578125,0.0,0.0,0.0,0.0,0.0,0.0,0.0,0.0,0.0,0.0,0.0,0.0,0.0,0.0,0.0,0.0,0.0,6797.912109375,0.0,86011.546875,2825.12841796875,-2069.326171875,0.0,2069.328125,0.0,-23.33676062648099,0.0,2.465181589126587,0.0,FL
275718,FL,1203,0.1283097118139267,1,0.0,0.0,687919.875,1,0,178322.1875,0.0,529723.5,20586.814453125,0.0,0.0,0.0,20586.814453125,0.0,0.0,0.0,0.0,0.0,0.0,0.0,0.0,0.0,0.0,0.0,0.0,0.0,0.0,0.0,0.0,0.0,0.0,0.0,0.0,0.0,0.0,0.0,0.0,-2067.6875,0.0,2067.6875,0.0,0.0,0.0,0.0,0.0,0.0,0.0,0.0,0.0,0.0,0.0,0.0,0.0,0.0,0.0,0.0,0.0,0.0,0.0,0.0,0.0,0.0,0.0,0.0,0.0,0.0,0.0,0.0,0.0,0.0,0.0,0.0,0.0,0.0,0.0,0.0,0.0,0.0,0.0,0.0,0.0,0.0,0.0,0.0,0.0,0.0,0.0,0.0,0.0,0.0,0.0,0.0,0.0,0.0,0.0,0.0,0.0,176254.5,0.0,531791.1875,20586.814453125,-2067.6875,0.0,2067.6875,0.0,-1.1595234047922387,0.0,0.390333354473114,0.0,FL
275719,FL,1203,0.06110067293047905,2,0.0,115507.4453125,581687.1875,2,0,128272.796875,0.0,454180.875,0.0,0.0,0.0,0.0,0.0,-764.0,0.0,764.0,0.0,-608.0,0.0,608.0,0.0,0.0,0.0,0.0,0.0,0.0,0.0,0.0,0.0,0.0,0.0,0.0,0.0,0.0,0.0,0.0,0.0,0.0,0.0,0.0,0.0,0.0,0.0,0.0,0.0,0.0,0.0,0.0,0.0,0.0,0.0,0.0,0.0,-640.0,0.0,640.0,0.0,0.0,0.0,0.0,0.0,0.0,0.0,0.0,0.0,0.0,0.0,0.0,0.0,0.0,0.0,0.0,0.0,0.0,0.0,0.0,0.0,0.0,0.0,0.0,0.0,0.0,0.0,0.0,0.0,0.0,0.0,0.0,0.0,0.0,0.0,0.0,0.0,0.0,0.0,0.0,0.0,126260.796875,0.0,456192.875,0.0,-2012.0,0.0,2012.0,0.0,-1.5685321042470644,0.0,0.4429953098297119,0.0,FL
275720,FL,1203,0.16883862018585205,5,3.0,158391.873046875,466200.03125,5,0,78866.7578125,0.0,397082.875,0.0,0.0,0.0,0.0,0.0,-292.0,0.0,292.0,0.0,-470.9296875,0.0,470.9375,0.0,0.0,0.0,0.0,0.0,0.0,0.0,0.0,0.0,-600.0,0.0,600.0,0.0,0.0,0.0,0.0,0.0,-604.234375,0.0,604.25,0.0,0.0,0.0,0.0,0.0,0.0,0.0,0.0,0.0,0.0,0.0,0.0,0.0,-480.0,0.0,480.0,0.0,0.0,0.0,0.0,0.0,0.0,0.0,0.0,0.0,0.0,0.0,0.0,0.0,0.0,0.0,0.0,0.0,0.0,0.0,0.0,0.0,0.0,0.0,0.0,0.0,0.0,0.0,0.0,0.0,0.0,0.0,0.0,0.0,0.0,0.0,0.0,0.0,0.0,0.0,0.0,0.0,76419.59375,0.0,399530.0625,0.0,-2447.1640625,0.0,2447.1875,0.0,-3.102909426450565,0.0,0.616291344165802,0.0,FL
275721,FL,1203,0.2806180715560913,4,2.0,64689.3828125,86369.796875,4,0,3742.37548828125,0.0,84322.125,0.0,0.0,0.0,0.0,0.0,-10.0,0.0,10.0,0.0,-228.0,0.0,228.0,0.0,0.0,0.0,0.0,0.0,0.0,0.0,0.0,0.0,-200.0,0.0,200.0,0.0,0.0,0.0,0.0,0.0,0.0,0.0,0.0,0.0,0.0,0.0,0.0,0.0,0.0,0.0,0.0,0.0,0.0,0.0,0.0,0.0,-4.2607421875,0.0,4.2578125,0.0,0.0,0.0,0.0,0.0,0.0,0.0,0.0,0.0,0.0,0.0,0.0,0.0,0.0,0.0,0.0,0.0,0.0,0.0,0.0,0.0,0.0,0.0,0.0,0.0,0.0,0.0,0.0,0.0,0.0,0.0,0.0,0.0,0.0,0.0,0.0,0.0,0.0,0.0,0.0,0.0,3300.11474609375,0.0,84764.3828125,0.0,-442.2607421875,0.0,442.2578125,0.0,-11.817647469431664,0.0,0.5244860649108887,0.0,FL
275722,FL,1203,0.16313078999519348,2,0.0,148949.580078125,422219.09375,2,0,66507.3359375,0.0,370176.65625,0.0,0.0,0.0,0.0,0.0,-230.0,0.0,230.0,0.0,-418.0,0.0,418.0,0.0,0.0,0.0,0.0,0.0,0.0,0.0,0.0,0.0,0.0,0.0,0.0,0.0,0.0,0.0,0.0,0.0,0.0,0.0,0.0,0.0,0.0,0.0,0.0,0.0,0.0,0.0,0.0,0.0,0.0,0.0,0.0,0.0,-440.00390625,0.0,440.0,0.0,0.0,0.0,0.0,0.0,0.0,0.0,0.0,0.0,0.0,0.0,0.0,0.0,0.0,0.0,0.0,0.0,0.0,0.0,0.0,0.0,0.0,0.0,0.0,0.0,0.0,0.0,0.0,0.0,0.0,0.0,0.0,0.0,0.0,0.0,0.0,0.0,0.0,0.0,0.0,0.0,65419.33203125,0.0,371264.65625,0.0,-1088.00390625,0.0,1088.0,0.0,-1.6359156338369159,0.0,0.29391372203826904,0.0,FL
275723,FL,1203,235.86404418945312,1,0.0,4100.69091796875,4100.69091796875,1,0,0.0,0.0,13858.119140625,3583.1396484375,0.0,0.0,0.0,3583.1396484375,0.0,0.0,0.0,0.0,0.0,0.0,0.0,0.0,0.0,0.0,0.0,0.0,0.0,0.0,0.0,0.0,0.0,0.0,0.0,0.0,0.0,0.0,0.0,0.0,0.0,0.0,0.0,0.0,0.0,0.0,0.0,0.0,0.0,0.0,0.0,0.0,0.0,0.0,0.0,0.0,0.0,0.0,0.0,0.0,0.0,0.0,0.0,0.0,0.0,0.0,0.0,0.0,0.0,0.0,0.0,0.0,0.0,0.0,0.0,0.0,0.0,0.0,0.0,0.0,0.0,0.0,0.0,0.0,0.0,0.0,0.0,0.0,0.0,0.0,0.0,0.0,0.0,0.0,0.0,0.0,0.0,0.0,0.0,0.0,0.0,0.0,13858.119140625,3583.1396484375,0.0,0.0,0.0,0.0,0.0,0.0,0.0,0.0,FL
275724,FL,1203,0.17495335638523102,3,0.0,97825.49609375,103809.4765625,3,0,6108.361083984375,0.0,137463.71875,10747.9130859375,13231.8837890625,16747.666015625,0.0,40727.462890625,-5.0,0.0,5.0,0.0,-304.00006103515625,0.0,304.0,0.0,0.0,0.0,0.0,0.0,0.0,0.0,0.0,0.0,0.0,0.0,0.0,0.0,0.0,0.0,0.0,0.0,0.0,0.0,0.0,0.0,0.0,0.0,0.0,0.0,0.0,0.0,0.0,0.0,0.0,0.0,0.0,0.0,0.0,0.0,0.0,0.0,0.0,0.0,0.0,0.0,0.0,0.0,0.0,0.0,0.0,0.0,0.0,0.0,0.0,0.0,0.0,0.0,0.0,0.0,0.0,0.0,-1319.999984741211,0.0,1320.0,0.0,0.0,0.0,0.0,0.0,0.0,0.0,0.0,0.0,0.0,0.0,0.0,0.0,0.0,0.0,0.0,0.0,4479.361038208008,0.0,139092.71875,40727.462890625,-1629.0000457763672,0.0,1629.0,0.0,-26.6683652681809,0.0,1.18503999710083,0.0,FL
275725,FL,1203,0.11353593319654465,4,2.0,225685.9296875,726029.125,4,0,133980.3125,0.0,640872.5,0.0,0.0,0.0,0.0,0.0,-292.0,0.0,292.0,0.0,-551.0,0.0,551.0,0.0,0.0,0.0,0.0,0.0,0.0,0.0,0.0,0.0,0.0,0.0,0.0,0.0,0.0,0.0,0.0,0.0,0.0,0.0,0.0,0.0,0.0,0.0,0.0,0.0,0.0,0.0,0.0,0.0,0.0,0.0,0.0,0.0,-580.0,0.0,580.0,0.0,0.0,0.0,0.0,0.0,0.0,0.0,0.0,0.0,0.0,0.0,0.0,0.0,0.0,0.0,0.0,0.0,0.0,0.0,0.0,0.0,0.0,0.0,0.0,0.0,0.0,0.0,0.0,0.0,0.0,0.0,0.0,0.0,0.0,0.0,0.0,0.0,0.0,0.0,0.0,0.0,132557.3125,0.0,642295.5,0.0,-1423.0,0.0,1423.0,0.0,-1.062096343445982,0.0,0.2220410406589508,0.0,FL
275726,FL,1203,276.2641906738281,1,0.0,0.0,0.0,1,0,0.0,0.0,8406.927734375,3926.039794921875,0.0,0.0,0.0,3926.039794921875,0.0,0.0,0.0,0.0,0.0,0.0,0.0,0.0,0.0,0.0,0.0,0.0,0.0,0.0,0.0,0.0,0.0,0.0,0.0,0.0,0.0,0.0,0.0,0.0,0.0,0.0,0.0,0.0,0.0,0.0,0.0,0.0,0.0,0.0,0.0,0.0,0.0,0.0,0.0,0.0,0.0,0.0,0.0,0.0,0.0,0.0,0.0,0.0,0.0,0.0,0.0,0.0,0.0,0.0,0.0,0.0,0.0,0.0,0.0,0.0,0.0,0.0,0.0,0.0,0.0,0.0,0.0,0.0,0.0,0.0,0.0,0.0,0.0,0.0,0.0,0.0,0.0,0.0,0.0,0.0,0.0,0.0,0.0,0.0,0.0,0.0,8406.927734375,3926.039794921875,0.0,0.0,0.0,0.0,0.0,0.0,0.0,0.0,FL
275727,FL,1203,0.02944202721118927,3,1.0,73718.0234375,73718.0234375,3,0,386.596923828125,0.0,120272.15625,0.0,2763.543212890625,0.0,0.0,2763.543212890625,-5.0,0.0,5.0,0.0,-114.0,0.0,114.0,0.0,0.0,0.0,0.0,0.0,0.0,0.0,0.0,0.0,100.0,0.0,-100.0,0.0,0.0,0.0,0.0,0.0,0.0,0.0,0.0,0.0,0.0,0.0,0.0,0.0,0.0,0.0,0.0,0.0,0.0,0.0,0.0,0.0,0.0,0.0,0.0,0.0,0.0,0.0,0.0,0.0,0.0,0.0,0.0,0.0,0.0,0.0,0.0,0.0,0.0,0.0,0.0,0.0,0.0,0.0,0.0,0.0,0.0,0.0,0.0,0.0,0.0,0.0,0.0,0.0,0.0,0.0,0.0,0.0,0.0,0.0,0.0,0.0,0.0,0.0,0.0,0.0,367.596923828125,0.0,120291.15625,2763.543212890625,-19.0,0.0,19.0,0.0,-4.914679561301193,0.0,0.015797505155205727,0.0,FL
275728,FL,1203,0.1321858912706375,2,0.0,74359.21484375,680618.875,2,0,166552.515625,0.0,539315.25,0.0,0.0,0.0,0.0,0.0,-749.0,0.0,749.0,0.0,-760.0,0.0,760.0,0.0,0.0,0.0,0.0,0.0,0.0,0.0,0.0,0.0,0.0,0.0,0.0,0.0,0.0,0.0,0.0,0.0,0.0,0.0,0.0,0.0,0.0,0.0,0.0,0.0,0.0,0.0,0.0,0.0,0.0,0.0,0.0,0.0,-800.0,0.0,800.0,0.0,0.0,0.0,0.0,0.0,0.0,0.0,0.0,0.0,0.0,0.0,0.0,0.0,0.0,0.0,0.0,0.0,0.0,0.0,0.0,0.0,0.0,0.0,0.0,0.0,0.0,0.0,0.0,0.0,0.0,0.0,0.0,0.0,0.0,0.0,0.0,0.0,0.0,0.0,0.0,0.0,164243.515625,0.0,541624.25,0.0,-2309.0,0.0,2309.0,0.0,-1.3863495194505562,0.0,0.4281355142593384,0.0,FL
275729,FL,1203,0.12486409395933151,5,2.0,1142204.8037109375,1180188.9912109375,5,0,335405.875,0.0,876404.625,0.0,13231.8837890625,0.0,0.0,13231.8837890625,-734.0,0.0,734.0,0.0,0.0,0.0,0.0,0.0,0.0,0.0,0.0,0.0,0.0,0.0,0.0,0.0,0.0,0.0,0.0,0.0,0.0,0.0,0.0,0.0,-1850.0,0.0,1850.0,0.0,0.0,0.0,0.0,0.0,0.0,0.0,0.0,0.0,0.0,0.0,0.0,0.0,0.0,0.0,0.0,0.0,0.0,0.0,0.0,0.0,0.0,0.0,0.0,0.0,0.0,0.0,0.0,0.0,0.0,0.0,0.0,0.0,0.0,0.0,0.0,0.0,0.0,0.0,0.0,0.0,0.0,0.0,0.0,0.0,0.0,0.0,0.0,0.0,0.0,0.0,0.0,0.0,0.0,0.0,0.0,0.0,332821.875,0.0,878988.625,13231.8837890625,-2584.0,0.0,2584.0,0.0,-0.7704098802681975,0.0,0.2948409914970398,0.0,FL
275730,FL,1203,0.28744539618492126,3,1.0,0.0,28941.833984375,3,0,-4038.079833984375,0.0,36031.765625,660.0,0.0,0.0,0.0,660.0,0.0,0.0,0.0,0.0,0.0,0.0,0.0,0.0,0.0,0.0,0.0,0.0,0.0,0.0,0.0,0.0,0.0,0.0,0.0,0.0,0.0,0.0,0.0,0.0,0.0,0.0,0.0,0.0,0.0,0.0,0.0,0.0,0.0,0.0,0.0,0.0,0.0,0.0,0.0,0.0,0.0,0.0,0.0,0.0,0.0,0.0,0.0,0.0,0.0,0.0,0.0,0.0,0.0,0.0,0.0,0.0,0.0,0.0,0.0,0.0,0.0,0.0,0.0,0.0,0.0,0.0,0.0,0.0,0.0,0.0,0.0,0.0,0.0,0.0,0.0,0.0,0.0,0.0,0.0,0.0,0.0,0.0,0.0,0.0,-4038.079833984375,0.0,36031.765625,660.0,0.0,0.0,0.0,0.0,0.0,0.0,0.0,0.0,FL
275731,FL,1203,0.15043480694293976,1,0.0,201113.375,221173.59375,1,0,39707.625,0.0,202180.40625,23397.7734375,0.0,0.0,0.0,23397.7734375,-131.0,0.0,131.0,0.0,0.0,0.0,0.0,0.0,0.0,0.0,0.0,0.0,0.0,0.0,0.0,0.0,0.0,0.0,0.0,0.0,0.0,0.0,0.0,0.0,0.0,0.0,0.0,0.0,0.0,0.0,0.0,0.0,0.0,0.0,0.0,0.0,0.0,0.0,0.0,0.0,0.0,0.0,0.0,0.0,0.0,0.0,0.0,0.0,0.0,0.0,0.0,0.0,0.0,0.0,0.0,0.0,0.0,0.0,0.0,0.0,0.0,0.0,0.0,0.0,0.0,0.0,0.0,0.0,0.0,0.0,0.0,0.0,0.0,0.0,0.0,0.0,0.0,0.0,0.0,0.0,0.0,0.0,0.0,0.0,39576.625,0.0,202311.40625,23397.7734375,-131.0,0.0,131.0,0.0,-0.32991144647910825,0.0,0.06479361653327942,0.0,FL
275732,FL,1203,0.13681942224502563,4,2.0,350619.3388671875,439165.59375,4,0,65708.1796875,0.0,383355.34375,0.0,0.0,0.0,0.0,0.0,-292.0,0.0,292.0,0.0,0.0,0.0,0.0,0.0,0.0,0.0,0.0,0.0,0.0,0.0,0.0,0.0,-400.0,0.0,400.0,0.0,0.0,0.0,0.0,0.0,0.0,0.0,0.0,0.0,0.0,0.0,0.0,0.0,0.0,0.0,0.0,0.0,0.0,0.0,0.0,0.0,0.0,0.0,0.0,0.0,0.0,0.0,0.0,0.0,0.0,0.0,0.0,0.0,0.0,0.0,0.0,0.0,0.0,0.0,0.0,0.0,0.0,0.0,0.0,0.0,0.0,0.0,0.0,0.0,0.0,0.0,0.0,0.0,0.0,0.0,0.0,0.0,0.0,0.0,0.0,0.0,0.0,0.0,0.0,0.0,65016.1796875,0.0,384047.34375,0.0,-692.0,0.0,692.0,0.0,-1.053141333835554,0.0,0.18051137030124664,0.0,FL
275733,FL,1203,0.024468697607517242,2,0.0,86568.8046875,88657.078125,2,0,6516.826171875,0.0,93187.953125,0.0,0.0,0.0,0.0,0.0,-10.0,0.0,10.0,0.0,-228.0,0.0,228.0,0.0,0.0,0.0,0.0,0.0,0.0,0.0,0.0,0.0,0.0,0.0,0.0,0.0,0.0,0.0,0.0,0.0,0.0,0.0,0.0,0.0,0.0,0.0,0.0,0.0,0.0,0.0,0.0,0.0,0.0,0.0,0.0,0.0,-99.99853515625,0.0,100.0,0.0,0.0,0.0,0.0,0.0,0.0,0.0,0.0,0.0,0.0,0.0,0.0,0.0,0.0,0.0,0.0,0.0,-512.328125,0.0,512.328125,0.0,0.0,0.0,0.0,0.0,0.0,0.0,0.0,0.0,0.0,0.0,0.0,0.0,0.0,0.0,0.0,0.0,0.0,0.0,0.0,0.0,5666.49951171875,0.0,94038.28125,0.0,-850.32666015625,0.0,850.328125,0.0,-13.04817157508433,0.0,0.9124871492385864,0.0,FL
275734,FL,1203,0.1256982982158661,3,1.0,36398.59765625,36398.59765625,1,2,-630.1402587890625,0.0,55106.19921875,5344.68505859375,13231.8837890625,0.0,2285.38671875,20861.95556640625,0.0,0.0,0.0,0.0,-147.5,0.0,147.5,0.0,0.0,0.0,0.0,0.0,2000.0,0.0,-2000.0,0.0,0.0,0.0,0.0,0.0,0.0,0.0,0.0,0.0,0.0,0.0,0.0,0.0,0.0,0.0,0.0,0.0,0.0,0.0,0.0,0.0,0.0,0.0,0.0,0.0,0.0,0.0,0.0,0.0,0.0,0.0,0.0,0.0,0.0,0.0,0.0,0.0,0.0,0.0,0.0,0.0,0.0,0.0,0.0,0.0,0.0,0.0,0.0,0.0,0.0,0.0,0.0,0.0,-211.8505859375,0.0,211.8515625,0.0,0.0,0.0,0.0,0.0,0.0,0.0,0.0,0.0,0.0,0.0,0.0,0.0,1010.5091552734375,0.0,53465.55078125,20861.95556640625,1640.6494140625,0.0,-1640.6484375,0.0,260.3625766135508,0.0,-2.977248430252075,0.0,FL
275735,FL,1203,0.14873528480529785,2,0.0,108266.7890625,231966.109375,2,0,25295.02734375,0.0,242414.90625,31488.41015625,0.0,0.0,0.0,31488.41015625,-10.0,0.0,10.0,0.0,-513.0,0.0,513.0,0.0,0.0,0.0,0.0,0.0,0.0,0.0,0.0,0.0,0.0,0.0,0.0,0.0,0.0,0.0,0.0,0.0,-999.7734375,0.0,999.78125,0.0,0.0,0.0,0.0,0.0,0.0,0.0,0.0,0.0,0.0,0.0,0.0,0.0,-540.0,0.0,540.0,0.0,0.0,0.0,0.0,0.0,0.0,0.0,0.0,0.0,0.0,0.0,0.0,0.0,-3483.0,0.0,3483.0,0.0,0.0,0.0,0.0,0.0,-1912.1484375,0.0,1912.140625,0.0,0.0,0.0,0.0,0.0,0.0,0.0,0.0,0.0,0.0,0.0,0.0,0.0,0.0,0.0,0.0,0.0,17837.10546875,0.0,249872.828125,31488.41015625,-7457.921875,0.0,7457.921875,0.0,-29.483747037113734,0.0,3.0765111446380615,0.0,FL
275736,FL,1203,0.12375657260417938,5,1.0,207518.404296875,208508.6171875,5,0,14696.19287109375,0.0,186645.34375,0.0,0.0,0.0,0.0,0.0,-76.3115234375,0.0,76.3125,0.0,-463.0771484375,0.0,463.0625,0.0,0.0,0.0,0.0,0.0,0.0,0.0,0.0,0.0,-200.0,0.0,200.0,0.0,0.0,0.0,0.0,0.0,0.0,0.0,0.0,0.0,0.0,0.0,0.0,0.0,0.0,0.0,0.0,0.0,0.0,0.0,0.0,0.0,-120.0,0.0,120.0,0.0,0.0,0.0,0.0,0.0,0.0,0.0,0.0,0.0,0.0,0.0,0.0,0.0,0.0,0.0,0.0,0.0,-670.9208984375,0.0,670.921875,0.0,0.0,0.0,0.0,0.0,0.0,0.0,0.0,0.0,0.0,0.0,0.0,0.0,0.0,0.0,0.0,0.0,0.0,0.0,0.0,0.0,13165.88330078125,0.0,188175.640625,0.0,-1530.3095703125,0.0,1530.296875,0.0,-10.412966022802394,0.0,0.8198955059051514,0.0,FL
275737,FL,1203,76.75446319580078,1,0.0,2079.556640625,40108.1015625,1,0,2505.97216796875,0.0,66023.7734375,17630.89453125,0.0,0.0,0.0,17630.89453125,-5.0,0.0,5.0,0.0,-114.0,0.0,114.0,0.0,0.0,0.0,0.0,0.0,0.0,0.0,0.0,0.0,0.0,0.0,0.0,0.0,0.0,0.0,0.0,0.0,0.0,0.0,0.0,0.0,0.0,0.0,0.0,0.0,0.0,0.0,0.0,0.0,0.0,0.0,0.0,0.0,0.0,0.0,0.0,0.0,0.0,0.0,0.0,0.0,0.0,0.0,0.0,0.0,0.0,0.0,0.0,0.0,0.0,0.0,0.0,0.0,0.0,0.0,0.0,0.0,-720.0,0.0,720.0,0.0,0.0,0.0,0.0,0.0,0.0,0.0,0.0,0.0,0.0,0.0,0.0,0.0,0.0,0.0,0.0,0.0,1666.97216796875,0.0,66862.7734375,17630.89453125,-839.0,0.0,839.0,0.0,-33.480020677167495,0.0,1.270754337310791,0.0,FL
275738,FL,1203,0.04860442876815796,5,3.0,106300.453125,140685.4375,5,0,9522.0576171875,0.0,131564.09375,259.4089050292969,8290.629638671875,0.0,0.0,8550.038543701172,-115.0,0.0,115.0,0.0,0.0,0.0,0.0,0.0,0.0,0.0,0.0,0.0,0.0,0.0,0.0,0.0,0.0,0.0,0.0,0.0,0.0,0.0,0.0,0.0,0.0,0.0,0.0,0.0,0.0,0.0,0.0,0.0,0.0,0.0,0.0,0.0,0.0,0.0,0.0,0.0,0.0,0.0,0.0,0.0,0.0,0.0,0.0,0.0,0.0,0.0,0.0,0.0,0.0,0.0,0.0,0.0,0.0,0.0,0.0,0.0,0.0,0.0,0.0,0.0,0.0,0.0,0.0,0.0,0.0,0.0,0.0,0.0,0.0,0.0,0.0,0.0,0.0,0.0,0.0,0.0,0.0,0.0,-2763.5390625,-2763.543212890625,9407.0576171875,0.0,128915.5546875,5786.495330810547,-115.0,0.0,-2648.5390625,-2763.543212890625,-1.2077221607273492,0.0,-2.0131168365478516,-32.321997132124416,FL
275739,FL,1203,218.37066650390625,1,0.0,0.0,8560.9619140625,1,0,0.0,0.0,46714.734375,39567.89453125,0.0,0.0,0.0,39567.89453125,0.0,0.0,0.0,0.0,0.0,0.0,0.0,0.0,0.0,0.0,0.0,0.0,0.0,0.0,0.0,0.0,0.0,0.0,0.0,0.0,0.0,0.0,0.0,0.0,0.0,0.0,0.0,0.0,0.0,0.0,0.0,0.0,0.0,0.0,0.0,0.0,0.0,0.0,0.0,0.0,0.0,0.0,0.0,0.0,0.0,0.0,0.0,0.0,0.0,0.0,0.0,0.0,0.0,0.0,0.0,0.0,0.0,0.0,0.0,0.0,0.0,0.0,0.0,0.0,0.0,0.0,0.0,0.0,0.0,0.0,0.0,0.0,0.0,0.0,0.0,0.0,0.0,0.0,0.0,0.0,0.0,0.0,0.0,0.0,0.0,0.0,46714.734375,39567.89453125,0.0,0.0,0.0,0.0,0.0,0.0,0.0,0.0,FL
275740,FL,1203,230.2050018310547,2,0.0,27377.51953125,41400.5,2,0,780.0499877929688,0.0,112392.2890625,40282.05859375,0.0,0.0,0.0,40282.05859375,0.0,0.0,0.0,0.0,-190.0,0.0,190.0,0.0,0.0,0.0,0.0,0.0,0.0,0.0,0.0,0.0,0.0,0.0,0.0,0.0,0.0,0.0,0.0,0.0,0.0,0.0,0.0,0.0,0.0,0.0,0.0,0.0,0.0,0.0,0.0,0.0,0.0,0.0,0.0,0.0,-23.04449462890625,0.0,23.046875,0.0,0.0,0.0,0.0,0.0,0.0,0.0,0.0,0.0,0.0,0.0,0.0,0.0,0.0,0.0,0.0,0.0,0.0,0.0,0.0,0.0,-567.0054931640625,0.0,567.0,0.0,0.0,0.0,0.0,0.0,0.0,0.0,0.0,0.0,0.0,0.0,0.0,0.0,0.0,0.0,0.0,0.0,0.0,0.0,113172.3359375,40282.05859375,-780.0499877929688,0.0,780.046875,0.0,-100.0,0.0,0.694039523601532,0.0,FL
275741,FL,1203,0.30985507369041443,5,3.0,147310.359375,256907.546875,5,0,29759.9609375,0.0,234232.375,0.0,0.0,0.0,0.0,0.0,-253.328125,0.0,253.3125,0.0,-418.0,0.0,418.0,0.0,0.0,0.0,0.0,0.0,0.0,0.0,0.0,0.0,-600.0,0.0,600.0,0.0,0.0,0.0,0.0,0.0,0.0,0.0,0.0,0.0,0.0,0.0,0.0,0.0,0.0,0.0,0.0,0.0,0.0,0.0,0.0,0.0,-440.0,0.0,440.0,0.0,0.0,0.0,0.0,0.0,0.0,0.0,0.0,0.0,0.0,0.0,0.0,0.0,0.0,0.0,0.0,0.0,0.0,0.0,0.0,0.0,0.0,0.0,0.0,0.0,0.0,0.0,0.0,0.0,0.0,0.0,0.0,0.0,0.0,0.0,0.0,0.0,0.0,0.0,0.0,0.0,28048.6328125,0.0,235943.6875,0.0,-1711.328125,0.0,1711.3125,0.0,-5.750438075486805,0.0,0.7306045889854431,0.0,FL
275742,FL,1203,0.13536569476127625,2,0.0,267000.9453125,308934.3125,2,0,50220.33984375,0.0,245229.6875,1352.668212890625,0.0,0.0,0.0,1352.668212890625,-292.0,0.0,292.0,0.0,-456.0,0.0,456.0,0.0,0.0,0.0,0.0,0.0,0.0,0.0,0.0,0.0,0.0,0.0,0.0,0.0,0.0,0.0,0.0,0.0,0.0,0.0,0.0,0.0,0.0,0.0,0.0,0.0,0.0,0.0,0.0,0.0,0.0,0.0,0.0,0.0,-480.0,0.0,480.0,0.0,0.0,0.0,0.0,0.0,0.0,0.0,0.0,0.0,0.0,0.0,0.0,0.0,0.0,0.0,0.0,0.0,0.0,0.0,0.0,0.0,0.0,0.0,0.0,0.0,0.0,0.0,0.0,0.0,0.0,0.0,0.0,0.0,0.0,0.0,0.0,0.0,0.0,0.0,0.0,0.0,48992.33984375,0.0,246457.6875,1352.668212890625,-1228.0,0.0,1228.0,0.0,-2.4452243927871917,0.0,0.5007550120353699,0.0,FL
275743,FL,1203,0.3139229714870453,4,2.0,140735.138671875,142738.8125,4,0,5123.615234375,0.0,163447.390625,0.0,0.0,0.0,0.0,0.0,-10.0,0.0,10.0,0.0,0.0,0.0,0.0,0.0,0.0,0.0,0.0,0.0,0.0,0.0,0.0,0.0,-400.0,0.0,400.0,0.0,0.0,0.0,0.0,0.0,-574.419921875,0.0,574.421875,0.0,0.0,0.0,0.0,0.0,0.0,0.0,0.0,0.0,0.0,0.0,0.0,0.0,0.0,0.0,0.0,0.0,0.0,0.0,0.0,0.0,0.0,0.0,0.0,0.0,0.0,0.0,0.0,0.0,0.0,0.0,0.0,0.0,-829.5654296875,0.0,829.5625,0.0,0.0,0.0,0.0,0.0,-67.705078125,0.0,67.71875,0.0,0.0,0.0,0.0,0.0,0.0,0.0,0.0,0.0,0.0,0.0,0.0,0.0,3241.9248046875,0.0,165329.09375,0.0,-1881.6904296875,0.0,1881.703125,0.0,-36.72583407635676,0.0,1.151259183883667,0.0,FL
275744,FL,1203,0.27899837493896484,2,0.0,0.0,14964.63671875,2,0,0.0,0.0,80751.328125,32893.34375,0.0,0.0,0.0,32893.34375,0.0,0.0,0.0,0.0,0.0,0.0,0.0,0.0,0.0,0.0,0.0,0.0,0.0,0.0,0.0,0.0,0.0,0.0,0.0,0.0,0.0,0.0,0.0,0.0,0.0,0.0,0.0,0.0,0.0,0.0,0.0,0.0,0.0,0.0,0.0,0.0,0.0,0.0,0.0,0.0,0.0,0.0,0.0,0.0,0.0,0.0,0.0,0.0,0.0,0.0,0.0,0.0,0.0,0.0,0.0,0.0,0.0,0.0,0.0,0.0,0.0,0.0,0.0,0.0,0.0,0.0,0.0,0.0,0.0,0.0,0.0,0.0,0.0,0.0,0.0,0.0,0.0,0.0,0.0,0.0,0.0,0.0,0.0,0.0,0.0,0.0,80751.328125,32893.34375,0.0,0.0,0.0,0.0,0.0,0.0,0.0,0.0,FL
275745,FL,1203,0.2645014524459839,2,0.0,54312.65234375,163540.75,2,0,16602.921875,0.0,238005.4375,76199.9921875,0.0,0.0,0.0,76199.9921875,-230.0,0.0,230.0,0.0,0.0,0.0,0.0,0.0,0.0,0.0,0.0,0.0,0.0,0.0,0.0,0.0,0.0,0.0,0.0,0.0,0.0,0.0,0.0,0.0,0.0,0.0,0.0,0.0,0.0,0.0,0.0,0.0,0.0,0.0,0.0,0.0,0.0,0.0,0.0,0.0,0.0,0.0,0.0,0.0,0.0,0.0,0.0,0.0,0.0,0.0,0.0,0.0,0.0,0.0,0.0,0.0,0.0,0.0,0.0,0.0,0.0,0.0,0.0,0.0,-2461.2626953125,0.0,2461.265625,0.0,0.0,0.0,0.0,0.0,0.0,0.0,0.0,0.0,0.0,0.0,0.0,0.0,0.0,0.0,0.0,0.0,13911.6591796875,0.0,240696.703125,76199.9921875,-2691.2626953125,0.0,2691.265625,0.0,-16.209572722045348,0.0,1.1307580471038818,0.0,FL
275746,FL,1203,0.17455735802650452,3,1.0,145530.21484375,153999.890625,3,0,14309.8818359375,0.0,140352.578125,0.0,0.0,0.0,0.0,0.0,-230.0,0.0,230.0,0.0,-418.0,0.0,418.0,0.0,0.0,0.0,0.0,0.0,0.0,0.0,0.0,0.0,-200.0,0.0,200.0,0.0,0.0,0.0,0.0,0.0,0.0,0.0,0.0,0.0,0.0,0.0,0.0,0.0,0.0,0.0,0.0,0.0,0.0,0.0,0.0,0.0,-440.0,0.0,440.0,0.0,0.0,0.0,0.0,0.0,0.0,0.0,0.0,0.0,0.0,0.0,0.0,0.0,0.0,0.0,0.0,0.0,0.0,0.0,0.0,0.0,0.0,0.0,0.0,0.0,-99.5390625,0.0,99.53125,0.0,0.0,0.0,0.0,0.0,0.0,0.0,0.0,0.0,0.0,0.0,0.0,0.0,12922.3427734375,0.0,141740.109375,0.0,-1387.5390625,0.0,1387.53125,0.0,-9.696369812190673,0.0,0.9886040091514587,0.0,FL
275747,FL,1203,0.14153225719928741,3,0.0,207009.572265625,209993.037109375,3,0,24369.5322265625,0.0,179351.1875,0.0,0.0,5158.2626953125,0.0,5158.2626953125,-230.0,0.0,230.0,0.0,-513.0,0.0,513.0,0.0,0.0,0.0,0.0,0.0,0.0,0.0,0.0,0.0,0.0,0.0,0.0,0.0,0.0,0.0,0.0,0.0,0.0,0.0,0.0,0.0,0.0,0.0,0.0,0.0,0.0,0.0,0.0,0.0,0.0,0.0,0.0,0.0,-440.0,0.0,440.0,0.0,0.0,0.0,0.0,0.0,0.0,0.0,0.0,0.0,0.0,0.0,0.0,0.0,0.0,0.0,0.0,0.0,0.0,0.0,0.0,0.0,0.0,0.0,0.0,0.0,0.0,0.0,0.0,0.0,0.0,0.0,0.0,0.0,0.0,0.0,0.0,0.0,0.0,0.0,0.0,0.0,23186.5322265625,0.0,180534.1875,5158.2626953125,-1183.0,0.0,1183.0,0.0,-4.854422272047324,0.0,0.659599781036377,0.0,FL
275748,FL,1203,0.4261137843132019,3,1.0,33924.2294921875,33951.248779296875,3,0,-254.074462890625,0.0,60104.4375,23142.021484375,6045.700927734375,0.0,0.0,29187.722412109375,-5.0,0.0,5.0,0.0,-114.0,0.0,114.0,0.0,0.0,0.0,0.0,0.0,0.0,0.0,0.0,0.0,0.0,0.0,0.0,0.0,0.0,0.0,0.0,0.0,0.0,0.0,0.0,0.0,0.0,0.0,0.0,0.0,0.0,0.0,0.0,0.0,0.0,0.0,0.0,0.0,0.0,0.0,0.0,0.0,0.0,0.0,0.0,0.0,0.0,0.0,0.0,0.0,0.0,0.0,0.0,0.0,0.0,0.0,0.0,0.0,0.0,0.0,0.0,0.0,0.0,0.0,0.0,0.0,-88.9771728515625,0.0,88.984375,0.0,0.0,0.0,0.0,0.0,0.0,0.0,0.0,0.0,0.0,0.0,0.0,0.0,-462.0516357421875,0.0,60312.421875,29187.722412109375,-207.9771728515625,0.0,207.984375,0.0,-81.85677949896655,0.0,0.3460383117198944,0.0,FL
275749,FL,1203,0.14224021136760712,2,0.0,62133.930419921875,308662.53125,2,0,50444.5390625,0.0,367176.96875,60830.7265625,0.0,0.0,0.0,60830.7265625,-292.0,0.0,292.0,0.0,-456.0,0.0,456.0,0.0,0.0,0.0,0.0,0.0,0.0,0.0,0.0,0.0,0.0,0.0,0.0,0.0,0.0,0.0,0.0,0.0,0.0,0.0,0.0,0.0,0.0,0.0,0.0,0.0,0.0,0.0,0.0,0.0,0.0,0.0,0.0,0.0,-480.0,0.0,480.0,0.0,0.0,0.0,0.0,0.0,0.0,0.0,0.0,0.0,0.0,0.0,0.0,0.0,0.0,0.0,0.0,0.0,0.0,0.0,0.0,0.0,-595.2578125,0.0,595.25,0.0,0.0,0.0,0.0,0.0,0.0,0.0,0.0,0.0,0.0,0.0,0.0,0.0,0.0,0.0,0.0,0.0,48621.28125,0.0,369000.21875,60830.7265625,-1823.2578125,0.0,1823.25,0.0,-3.614380954578675,0.0,0.49655893445014954,0.0,FL
275750,FL,1203,19.525800704956055,1,0.0,4687.6982421875,6855.0693359375,1,0,0.0,0.0,39289.21484375,16705.21875,0.0,0.0,0.0,16705.21875,0.0,0.0,0.0,0.0,0.0,0.0,0.0,0.0,0.0,0.0,0.0,0.0,0.0,0.0,0.0,0.0,0.0,0.0,0.0,0.0,0.0,0.0,0.0,0.0,0.0,0.0,0.0,0.0,0.0,0.0,0.0,0.0,0.0,0.0,0.0,0.0,0.0,0.0,0.0,0.0,0.0,0.0,0.0,0.0,0.0,0.0,0.0,0.0,0.0,0.0,0.0,0.0,0.0,0.0,0.0,0.0,0.0,0.0,0.0,0.0,0.0,0.0,0.0,0.0,0.0,0.0,0.0,0.0,0.0,0.0,0.0,0.0,0.0,0.0,0.0,0.0,0.0,0.0,0.0,0.0,0.0,0.0,0.0,0.0,0.0,0.0,39289.21484375,16705.21875,0.0,0.0,0.0,0.0,0.0,0.0,0.0,0.0,FL
275751,FL,1203,0.1432468742132187,3,0.0,135094.3212890625,288078.9072265625,3,0,39478.82873535156,0.0,285804.78125,13118.5361328125,0.0,14800.34375,0.0,27918.8798828125,-136.0,0.0,136.0,0.0,-437.0,0.0,437.0,0.0,0.0,0.0,0.0,0.0,0.0,0.0,0.0,0.0,0.0,0.0,0.0,0.0,0.0,0.0,0.0,0.0,0.0,0.0,0.0,0.0,0.0,0.0,0.0,0.0,0.0,0.0,0.0,0.0,0.0,0.0,0.0,0.0,-240.00390625,0.0,240.0,0.0,0.0,0.0,0.0,0.0,0.0,0.0,0.0,0.0,0.0,0.0,0.0,0.0,0.0,0.0,0.0,0.0,0.0,0.0,0.0,0.0,0.0,0.0,0.0,0.0,-54.953765869140625,0.0,54.96875,0.0,0.0,0.0,0.0,0.0,0.0,0.0,0.0,0.0,0.0,0.0,0.0,0.0,38610.87106323242,0.0,286672.75,27918.8798828125,-867.9576721191406,0.0,867.96875,0.0,-2.1985395715195635,0.0,0.30369287729263306,0.0,FL
275752,FL,1203,0.13830867409706116,2,0.0,53323.6640625,1318978.0,2,0,280451.28125,0.0,1057705.375,0.0,0.0,0.0,0.0,0.0,0.0,0.0,0.0,0.0,0.0,0.0,0.0,0.0,0.0,0.0,0.0,0.0,0.0,0.0,0.0,0.0,0.0,0.0,0.0,0.0,0.0,0.0,0.0,0.0,0.0,0.0,0.0,0.0,0.0,0.0,0.0,0.0,0.0,0.0,0.0,0.0,0.0,0.0,0.0,0.0,0.0,0.0,0.0,0.0,0.0,0.0,0.0,0.0,0.0,0.0,0.0,0.0,0.0,0.0,0.0,0.0,0.0,0.0,0.0,0.0,0.0,0.0,0.0,0.0,0.0,0.0,0.0,0.0,0.0,0.0,0.0,0.0,0.0,0.0,0.0,0.0,0.0,0.0,0.0,0.0,0.0,0.0,0.0,0.0,280451.28125,0.0,1057705.375,0.0,0.0,0.0,0.0,0.0,0.0,0.0,0.0,0.0,FL
275753,FL,1203,0.12635071575641632,6,2.0,584225.125,680000.0703125,6,0,146854.609375,0.0,551716.375,44742.17578125,0.0,0.0,0.0,44742.17578125,-749.0,0.0,749.0,0.0,0.0,0.0,0.0,0.0,0.0,0.0,0.0,0.0,0.0,0.0,0.0,0.0,0.0,0.0,0.0,0.0,0.0,0.0,0.0,0.0,-1750.0,0.0,1750.0,0.0,0.0,0.0,0.0,0.0,0.0,0.0,0.0,0.0,0.0,0.0,0.0,0.0,0.0,0.0,0.0,0.0,0.0,0.0,0.0,0.0,0.0,0.0,0.0,0.0,0.0,0.0,0.0,0.0,0.0,0.0,0.0,0.0,0.0,0.0,0.0,0.0,0.0,0.0,0.0,0.0,0.0,0.0,0.0,0.0,0.0,0.0,0.0,0.0,0.0,0.0,0.0,0.0,0.0,0.0,0.0,0.0,144355.609375,0.0,554215.375,44742.17578125,-2499.0,0.0,2499.0,0.0,-1.7016830528067992,0.0,0.452950119972229,0.0,FL
275754,FL,1203,0.1280898153781891,3,0.0,286142.81640625,725242.20703125,3,0,148548.11474609375,0.0,587505.5625,15236.2919921875,0.0,0.0,0.0,15236.2919921875,-477.25,0.0,477.25,0.0,-209.0,0.0,209.0,0.0,0.0,0.0,0.0,0.0,0.0,0.0,0.0,0.0,0.0,0.0,0.0,0.0,0.0,0.0,0.0,0.0,-1488.90625,0.0,1488.9375,0.0,0.0,0.0,0.0,0.0,0.0,0.0,0.0,0.0,0.0,0.0,0.0,0.0,0.0,0.0,0.0,0.0,0.0,0.0,0.0,0.0,0.0,0.0,0.0,0.0,0.0,0.0,0.0,0.0,0.0,0.0,0.0,0.0,0.0,0.0,0.0,0.0,0.0,0.0,0.0,0.0,-79.263671875,0.0,79.25,0.0,0.0,0.0,0.0,0.0,0.0,0.0,0.0,0.0,0.0,0.0,0.0,0.0,146293.69482421875,0.0,589760.0,15236.2919921875,-2254.419921875,0.0,2254.4375,0.0,-1.5176361717739557,0.0,0.383730411529541,0.0,FL
275755,FL,1203,409.6129455566406,2,0.0,3956.96875,3956.96875,2,0,0.0,0.0,14475.6943359375,6588.7177734375,0.0,0.0,0.0,6588.7177734375,0.0,0.0,0.0,0.0,0.0,0.0,0.0,0.0,0.0,0.0,0.0,0.0,0.0,0.0,0.0,0.0,0.0,0.0,0.0,0.0,0.0,0.0,0.0,0.0,0.0,0.0,0.0,0.0,0.0,0.0,0.0,0.0,0.0,0.0,0.0,0.0,0.0,0.0,0.0,0.0,0.0,0.0,0.0,0.0,0.0,0.0,0.0,0.0,0.0,0.0,0.0,0.0,0.0,0.0,0.0,0.0,0.0,0.0,0.0,0.0,0.0,0.0,0.0,0.0,0.0,0.0,0.0,0.0,0.0,0.0,0.0,0.0,0.0,0.0,0.0,0.0,0.0,0.0,0.0,0.0,0.0,0.0,0.0,0.0,0.0,0.0,14475.6943359375,6588.7177734375,0.0,0.0,0.0,0.0,0.0,0.0,0.0,0.0,FL
275756,FL,1203,0.10785655677318573,2,0.0,90169.2578125,90209.5914144516,2,0,11339.5693359375,0.0,115523.953125,21775.94140625,0.0,0.0,0.0,21775.94140625,-115.0,0.0,115.0,0.0,-209.0,0.0,209.0,0.0,0.0,0.0,0.0,0.0,0.0,0.0,0.0,0.0,0.0,0.0,0.0,0.0,0.0,0.0,0.0,0.0,0.0,0.0,0.0,0.0,0.0,0.0,0.0,0.0,0.0,0.0,0.0,0.0,0.0,0.0,0.0,0.0,0.0,0.0,0.0,0.0,0.0,0.0,0.0,0.0,0.0,0.0,0.0,0.0,0.0,0.0,0.0,0.0,0.0,0.0,0.0,0.0,0.0,0.0,0.0,0.0,0.0,0.0,0.0,0.0,-216.390625,0.0,216.390625,0.0,0.0,0.0,0.0,0.0,0.0,0.0,0.0,0.0,0.0,0.0,0.0,0.0,10799.1787109375,0.0,116064.34375,21775.94140625,-540.390625,0.0,540.390625,0.0,-4.765530409407944,0.0,0.4677736759185791,0.0,FL
275757,FL,1203,0.12769527733325958,5,2.0,37478.07604980469,37478.07604980469,5,0,1493.9923095703125,0.0,57598.08203125,11462.37890625,12091.40185546875,0.0,0.0,23553.78076171875,-5.0,0.0,5.0,0.0,-114.0,0.0,114.0,0.0,0.0,0.0,0.0,0.0,0.0,0.0,0.0,0.0,0.0,0.0,0.0,0.0,0.0,0.0,0.0,0.0,0.0,0.0,0.0,0.0,0.0,0.0,0.0,0.0,0.0,0.0,0.0,0.0,0.0,0.0,0.0,0.0,0.0,0.0,0.0,0.0,0.0,0.0,0.0,0.0,0.0,0.0,0.0,0.0,0.0,0.0,0.0,0.0,0.0,0.0,0.0,0.0,0.0,0.0,0.0,0.0,0.0,0.0,0.0,0.0,0.0,0.0,0.0,0.0,0.0,0.0,0.0,0.0,0.0,0.0,0.0,0.0,0.0,0.0,0.0,0.0,1374.9923095703125,0.0,57717.08203125,23553.78076171875,-119.0,0.0,119.0,0.0,-7.965235111165038,0.0,0.20660410821437836,0.0,FL
275758,FL,1203,0.1380724161863327,2,0.0,305450.62890625,935229.5625,0,2,188613.078125,0.0,744821.0625,0.0,0.0,0.0,0.0,0.0,0.0,0.0,0.0,0.0,0.0,0.0,0.0,0.0,0.0,0.0,0.0,0.0,0.0,0.0,0.0,0.0,0.0,0.0,0.0,0.0,0.0,0.0,0.0,0.0,-988.0625,0.0,988.0625,0.0,0.0,0.0,0.0,0.0,0.0,0.0,0.0,0.0,0.0,0.0,0.0,0.0,0.0,0.0,0.0,0.0,0.0,0.0,0.0,0.0,0.0,0.0,0.0,0.0,0.0,0.0,0.0,0.0,0.0,0.0,0.0,0.0,0.0,0.0,0.0,0.0,0.0,0.0,0.0,0.0,0.0,0.0,0.0,0.0,0.0,0.0,0.0,0.0,0.0,0.0,0.0,0.0,0.0,0.0,0.0,0.0,187625.015625,0.0,745809.125,0.0,-988.0625,0.0,988.0625,0.0,-0.523856834225026,0.0,0.1326577067375183,0.0,FL
275759,FL,1203,0.15186452865600586,4,1.0,260198.4140625,353992.86328125,4,0,51479.56994628906,0.0,309304.15625,0.0,0.0,0.0,0.0,0.0,-292.0,0.0,292.0,0.0,-551.0,0.0,551.0,0.0,0.0,0.0,0.0,0.0,0.0,0.0,0.0,0.0,-200.0,0.0,200.0,0.0,0.0,0.0,0.0,0.0,0.0,0.0,0.0,0.0,0.0,0.0,0.0,0.0,0.0,0.0,0.0,0.0,0.0,0.0,0.0,0.0,-480.0,0.0,480.0,0.0,0.0,0.0,0.0,0.0,0.0,0.0,0.0,0.0,0.0,0.0,0.0,0.0,0.0,0.0,0.0,0.0,0.0,0.0,0.0,0.0,0.0,0.0,0.0,0.0,0.0,0.0,0.0,0.0,0.0,0.0,0.0,0.0,0.0,0.0,0.0,0.0,0.0,0.0,0.0,0.0,49956.56994628906,0.0,310827.15625,0.0,-1523.0,0.0,1523.0,0.0,-2.958455172778277,0.0,0.4923956096172333,0.0,FL
275760,FL,1203,0.17397378385066986,4,2.0,391470.3359375,417503.9375,4,0,77135.5546875,0.0,416665.5,0.0,0.0,0.0,0.0,0.0,-292.0,0.0,292.0,0.0,-369.2734375,0.0,369.28125,0.0,0.0,0.0,0.0,0.0,0.0,0.0,0.0,0.0,0.0,0.0,0.0,0.0,0.0,0.0,0.0,0.0,-1095.6796875,0.0,1095.6875,0.0,0.0,0.0,0.0,0.0,0.0,0.0,0.0,0.0,0.0,0.0,0.0,0.0,-480.0,0.0,480.0,0.0,0.0,0.0,0.0,0.0,0.0,0.0,0.0,0.0,0.0,0.0,0.0,0.0,0.0,0.0,0.0,0.0,0.0,0.0,0.0,0.0,0.0,0.0,0.0,0.0,0.0,0.0,0.0,0.0,0.0,0.0,0.0,0.0,0.0,0.0,0.0,0.0,0.0,0.0,0.0,0.0,74898.6015625,0.0,418902.46875,0.0,-2236.953125,0.0,2236.96875,0.0,-2.9000285718597465,0.0,0.536873996257782,0.0,FL
275761,FL,1203,28.133270263671875,1,0.0,3042.408203125,3042.408203125,1,0,0.0,0.0,4013.75927734375,0.0,0.0,0.0,0.0,0.0,0.0,0.0,0.0,0.0,0.0,0.0,0.0,0.0,0.0,0.0,0.0,0.0,0.0,0.0,0.0,0.0,0.0,0.0,0.0,0.0,0.0,0.0,0.0,0.0,0.0,0.0,0.0,0.0,0.0,0.0,0.0,0.0,0.0,0.0,0.0,0.0,0.0,0.0,0.0,0.0,0.0,0.0,0.0,0.0,0.0,0.0,0.0,0.0,0.0,0.0,0.0,0.0,0.0,0.0,0.0,0.0,0.0,0.0,0.0,0.0,0.0,0.0,0.0,0.0,0.0,0.0,0.0,0.0,0.0,0.0,0.0,0.0,0.0,0.0,0.0,0.0,0.0,0.0,0.0,0.0,0.0,0.0,0.0,0.0,0.0,0.0,4013.75927734375,0.0,0.0,0.0,0.0,0.0,0.0,0.0,0.0,0.0,FL
275762,FL,1203,473.14459228515625,2,0.0,0.0,110776.7578125,2,0,8775.2109375,0.0,111038.03125,0.0,0.0,0.0,0.0,0.0,-10.0,0.0,10.0,0.0,-228.0,0.0,228.0,0.0,0.0,0.0,0.0,0.0,0.0,0.0,0.0,0.0,0.0,0.0,0.0,0.0,0.0,0.0,0.0,0.0,0.0,0.0,0.0,0.0,0.0,0.0,0.0,0.0,0.0,0.0,0.0,0.0,0.0,0.0,0.0,0.0,0.0,0.0,0.0,0.0,0.0,0.0,0.0,0.0,0.0,0.0,0.0,0.0,0.0,0.0,0.0,0.0,0.0,0.0,0.0,0.0,0.0,0.0,0.0,0.0,-1440.0,0.0,1440.0,0.0,0.0,0.0,0.0,0.0,0.0,0.0,0.0,0.0,0.0,0.0,0.0,0.0,0.0,0.0,0.0,0.0,7097.2109375,0.0,112716.03125,0.0,-1678.0,0.0,1678.0,0.0,-19.12204745790477,0.0,1.511193871498108,0.0,FL
275763,FL,1203,0.12070238590240479,4,2.0,253946.625,252597.484375,4,0,36295.1875,0.0,217538.75,0.0,0.0,0.0,0.0,0.0,-292.0,0.0,292.0,0.0,-456.0,0.0,456.0,0.0,0.0,0.0,0.0,0.0,0.0,0.0,0.0,0.0,-200.0,0.0,200.0,0.0,0.0,0.0,0.0,0.0,0.0,0.0,0.0,0.0,0.0,0.0,0.0,0.0,0.0,0.0,0.0,0.0,0.0,0.0,0.0,0.0,-94.73046875,0.0,94.734375,0.0,0.0,0.0,0.0,0.0,0.0,0.0,0.0,0.0,0.0,0.0,0.0,0.0,0.0,0.0,0.0,0.0,0.0,0.0,0.0,0.0,0.0,0.0,0.0,0.0,0.0,0.0,0.0,0.0,0.0,0.0,0.0,0.0,0.0,0.0,0.0,0.0,0.0,0.0,0.0,0.0,35252.45703125,0.0,218581.484375,0.0,-1042.73046875,0.0,1042.734375,0.0,-2.872916605679472,0.0,0.47933268547058105,0.0,FL
275764,FL,1203,0.12106157094240189,2,0.0,308191.4296875,937970.3125,2,0,189329.25,0.0,743744.9375,0.0,0.0,0.0,0.0,0.0,0.0,0.0,0.0,0.0,0.0,0.0,0.0,0.0,0.0,0.0,0.0,0.0,0.0,0.0,0.0,0.0,0.0,0.0,0.0,0.0,0.0,0.0,0.0,0.0,-988.0625,0.0,988.0625,0.0,0.0,0.0,0.0,0.0,0.0,0.0,0.0,0.0,0.0,0.0,0.0,0.0,0.0,0.0,0.0,0.0,0.0,0.0,0.0,0.0,0.0,0.0,0.0,0.0,0.0,0.0,0.0,0.0,0.0,0.0,0.0,0.0,0.0,0.0,0.0,0.0,0.0,0.0,0.0,0.0,0.0,0.0,0.0,0.0,0.0,0.0,0.0,0.0,0.0,0.0,0.0,0.0,0.0,0.0,0.0,0.0,188341.1875,0.0,744733.0,0.0,-988.0625,0.0,988.0625,0.0,-0.5218752517109744,0.0,0.13284964859485626,0.0,FL
275765,FL,1203,144.2860870361328,1,0.0,0.0,7488.69970703125,1,0,0.0,0.0,45527.26953125,19447.765625,0.0,0.0,0.0,19447.765625,0.0,0.0,0.0,0.0,0.0,0.0,0.0,0.0,0.0,0.0,0.0,0.0,0.0,0.0,0.0,0.0,0.0,0.0,0.0,0.0,0.0,0.0,0.0,0.0,0.0,0.0,0.0,0.0,0.0,0.0,0.0,0.0,0.0,0.0,0.0,0.0,0.0,0.0,0.0,0.0,0.0,0.0,0.0,0.0,0.0,0.0,0.0,0.0,0.0,0.0,0.0,0.0,0.0,0.0,0.0,0.0,0.0,0.0,0.0,0.0,0.0,0.0,0.0,0.0,0.0,0.0,0.0,0.0,0.0,0.0,0.0,0.0,0.0,0.0,0.0,0.0,0.0,0.0,0.0,0.0,0.0,0.0,0.0,0.0,0.0,0.0,45527.26953125,19447.765625,0.0,0.0,0.0,0.0,0.0,0.0,0.0,0.0,FL
275766,FL,1203,36.5430793762207,1,0.0,4425.73876953125,4425.73876953125,1,0,0.0,0.0,4087.169677734375,0.0,0.0,0.0,0.0,0.0,0.0,0.0,0.0,0.0,0.0,0.0,0.0,0.0,0.0,0.0,0.0,0.0,0.0,0.0,0.0,0.0,0.0,0.0,0.0,0.0,0.0,0.0,0.0,0.0,0.0,0.0,0.0,0.0,0.0,0.0,0.0,0.0,0.0,0.0,0.0,0.0,0.0,0.0,0.0,0.0,0.0,0.0,0.0,0.0,0.0,0.0,0.0,0.0,0.0,0.0,0.0,0.0,0.0,0.0,0.0,0.0,0.0,0.0,0.0,0.0,0.0,0.0,0.0,0.0,0.0,0.0,0.0,0.0,0.0,0.0,0.0,0.0,0.0,0.0,0.0,0.0,0.0,0.0,0.0,0.0,0.0,0.0,0.0,0.0,0.0,0.0,4087.169677734375,0.0,0.0,0.0,0.0,0.0,0.0,0.0,0.0,0.0,FL
275767,FL,1203,0.25142157077789307,4,2.0,28127.12890625,35724.16015625,4,0,-9299.908203125,0.0,75769.515625,27607.353515625,2763.543212890625,0.0,0.0,30370.896728515625,0.0,0.0,0.0,0.0,0.0,0.0,0.0,0.0,0.0,0.0,0.0,0.0,0.0,0.0,0.0,0.0,200.0,0.0,-200.0,0.0,0.0,0.0,0.0,0.0,0.0,0.0,0.0,0.0,0.0,0.0,0.0,0.0,0.0,0.0,0.0,0.0,0.0,0.0,0.0,0.0,0.0,0.0,0.0,0.0,0.0,0.0,0.0,0.0,0.0,0.0,0.0,0.0,0.0,0.0,0.0,0.0,0.0,0.0,0.0,0.0,0.0,0.0,0.0,0.0,0.0,0.0,0.0,0.0,0.0,0.0,0.0,0.0,0.0,0.0,-26309.58203125,-26309.57666015625,0.0,0.0,0.0,0.0,0.0,0.0,0.0,0.0,-9099.908203125,0.0,49259.93359375,4061.320068359375,200.0,0.0,-26509.58203125,-26309.57666015625,2.1505588617831197,0.0,-34.98713302612305,-86.62759251179388,FL
275768,FL,1203,0.14059202373027802,3,0.0,120020.70703125,292980.640625,3,0,35873.3134765625,0.0,323116.96875,47788.484375,0.0,0.0,0.0,47788.484375,-125.0,0.0,125.0,0.0,-437.0,0.0,437.0,0.0,0.0,0.0,0.0,0.0,0.0,0.0,0.0,0.0,0.0,0.0,0.0,0.0,0.0,0.0,0.0,0.0,-273.298828125,0.0,273.3125,0.0,0.0,0.0,0.0,0.0,0.0,0.0,0.0,0.0,0.0,0.0,0.0,0.0,-425.16943359375,0.0,425.15625,0.0,0.0,0.0,0.0,0.0,0.0,0.0,0.0,0.0,0.0,0.0,0.0,0.0,0.0,0.0,0.0,0.0,0.0,0.0,0.0,0.0,-719.999755859375,0.0,720.0,0.0,-155.645263671875,0.0,155.65625,0.0,0.0,0.0,0.0,0.0,0.0,0.0,0.0,0.0,0.0,0.0,0.0,0.0,33737.2001953125,0.0,325253.09375,47788.484375,-2136.11328125,0.0,2136.125,0.0,-5.954602667650453,0.0,0.6610996127128601,0.0,FL
275769,FL,1203,0.14107590913772583,1,0.0,290085.8125,326585.65625,1,0,72221.0078125,0.0,238204.75,389.11334228515625,0.0,0.0,0.0,389.11334228515625,-362.25,0.0,362.25,0.0,-332.5,0.0,332.5,0.0,0.0,0.0,0.0,0.0,0.0,0.0,0.0,0.0,0.0,0.0,0.0,0.0,0.0,0.0,0.0,0.0,0.0,0.0,0.0,0.0,0.0,0.0,0.0,0.0,0.0,0.0,0.0,0.0,0.0,0.0,0.0,0.0,-350.0,0.0,350.0,0.0,0.0,0.0,0.0,0.0,0.0,0.0,0.0,0.0,0.0,0.0,0.0,0.0,0.0,0.0,0.0,0.0,0.0,0.0,0.0,0.0,0.0,0.0,0.0,0.0,0.0,0.0,0.0,0.0,0.0,0.0,0.0,0.0,0.0,0.0,0.0,0.0,0.0,0.0,0.0,0.0,71176.2578125,0.0,239249.5,389.11334228515625,-1044.75,0.0,1044.75,0.0,-1.446601247537804,0.0,0.4385932683944702,0.0,FL
275770,FL,1203,0.12781678140163422,1,0.0,0.0,15355.9873046875,1,0,0.0,0.0,63530.74609375,24523.68359375,0.0,0.0,0.0,24523.68359375,0.0,0.0,0.0,0.0,0.0,0.0,0.0,0.0,0.0,0.0,0.0,0.0,0.0,0.0,0.0,0.0,0.0,0.0,0.0,0.0,0.0,0.0,0.0,0.0,0.0,0.0,0.0,0.0,0.0,0.0,0.0,0.0,0.0,0.0,0.0,0.0,0.0,0.0,0.0,0.0,0.0,0.0,0.0,0.0,0.0,0.0,0.0,0.0,0.0,0.0,0.0,0.0,0.0,0.0,0.0,0.0,0.0,0.0,0.0,0.0,0.0,0.0,0.0,0.0,0.0,0.0,0.0,0.0,0.0,0.0,0.0,0.0,0.0,0.0,0.0,0.0,0.0,0.0,0.0,0.0,0.0,0.0,0.0,0.0,0.0,0.0,63530.74609375,24523.68359375,0.0,0.0,0.0,0.0,0.0,0.0,0.0,0.0,FL
275771,FL,1203,0.2344154417514801,4,2.0,135706.34375,229549.515625,4,0,32244.2578125,0.0,242948.890625,40545.82421875,0.0,0.0,0.0,40545.82421875,-230.0,0.0,230.0,0.0,-417.998046875,0.0,418.0,0.0,0.0,0.0,0.0,0.0,0.0,0.0,0.0,0.0,0.0,0.0,0.0,0.0,0.0,0.0,0.0,0.0,0.0,0.0,0.0,0.0,0.0,0.0,0.0,0.0,0.0,0.0,0.0,0.0,0.0,0.0,0.0,0.0,-440.0,0.0,440.0,0.0,0.0,0.0,0.0,0.0,0.0,0.0,0.0,0.0,0.0,0.0,0.0,0.0,0.0,0.0,0.0,0.0,0.0,0.0,0.0,0.0,0.0,0.0,0.0,0.0,0.0,0.0,0.0,0.0,0.0,0.0,0.0,0.0,0.0,0.0,0.0,0.0,0.0,0.0,0.0,0.0,31156.259765625,0.0,244036.890625,40545.82421875,-1087.998046875,0.0,1088.0,0.0,-3.3742381456000525,0.0,0.44783082604408264,0.0,FL
275772,FL,1203,0.19659635424613953,5,2.0,181434.55078125,185169.296875,5,0,20068.076171875,0.0,151103.390625,0.0,0.0,0.0,0.0,0.0,-230.0,0.0,230.0,0.0,-418.0,0.0,418.0,0.0,0.0,0.0,0.0,0.0,0.0,0.0,0.0,0.0,-200.0,0.0,200.0,0.0,0.0,0.0,0.0,0.0,-1031.6484375,0.0,1031.640625,0.0,0.0,0.0,0.0,0.0,0.0,0.0,0.0,0.0,0.0,0.0,0.0,0.0,-188.1484375,0.0,188.15625,0.0,0.0,0.0,0.0,0.0,0.0,0.0,0.0,0.0,0.0,0.0,0.0,0.0,0.0,0.0,0.0,0.0,0.0,0.0,0.0,0.0,0.0,0.0,0.0,0.0,0.0,0.0,0.0,0.0,0.0,0.0,0.0,0.0,0.0,0.0,0.0,0.0,0.0,0.0,0.0,0.0,18000.279296875,0.0,153171.1875,0.0,-2067.796875,0.0,2067.796875,0.0,-10.303911831359178,0.0,1.3684649467468262,0.0,FL
275773,FL,1203,0.09901092946529388,1,0.0,61229.796875,61229.796875,1,0,5040.57568359375,0.0,52180.5390625,0.0,0.0,0.0,0.0,0.0,-5.0,0.0,5.0,0.0,-114.0,0.0,114.0,0.0,0.0,0.0,0.0,0.0,0.0,0.0,0.0,0.0,0.0,0.0,0.0,0.0,0.0,0.0,0.0,0.0,0.0,0.0,0.0,0.0,0.0,0.0,0.0,0.0,0.0,0.0,0.0,0.0,0.0,0.0,0.0,0.0,0.0,0.0,0.0,0.0,0.0,0.0,0.0,0.0,0.0,0.0,0.0,0.0,0.0,0.0,0.0,0.0,0.0,0.0,0.0,0.0,0.0,0.0,0.0,0.0,-720.0,0.0,720.0,0.0,0.0,0.0,0.0,0.0,0.0,0.0,0.0,0.0,0.0,0.0,0.0,0.0,0.0,0.0,0.0,0.0,4201.57568359375,0.0,53019.5390625,0.0,-839.0,0.0,839.0,0.0,-16.64492416472999,0.0,1.6078790426254272,0.0,FL
275774,FL,1203,0.4556373357772827,4,1.0,37454.2001953125,40480.6484375,4,0,-3762.4656372070312,0.0,83054.265625,21471.28515625,2763.543212890625,0.0,0.0,24234.828369140625,0.0,0.0,0.0,0.0,-95.0,0.0,95.0,0.0,0.0,0.0,0.0,0.0,0.0,0.0,0.0,0.0,0.0,0.0,0.0,0.0,0.0,0.0,0.0,0.0,0.0,0.0,0.0,0.0,0.0,0.0,0.0,0.0,0.0,0.0,0.0,0.0,0.0,0.0,0.0,0.0,0.0,0.0,0.0,0.0,0.0,0.0,0.0,0.0,0.0,0.0,0.0,0.0,0.0,0.0,0.0,0.0,0.0,0.0,0.0,0.0,0.0,0.0,0.0,0.0,-569.5343627929688,0.0,569.53125,0.0,0.0,0.0,0.0,0.0,0.0,0.0,0.0,0.0,0.0,0.0,0.0,0.0,0.0,0.0,0.0,0.0,-4427.0,0.0,83718.796875,24234.828369140625,-664.5343627929688,0.0,664.53125,0.0,-17.662204173279004,0.0,0.8001168966293335,0.0,FL
275775,FL,1203,369.44073486328125,2,0.0,25249.2294921875,25249.2294921875,2,0,0.0,0.0,29239.791015625,5320.07958984375,0.0,0.0,0.0,5320.07958984375,0.0,0.0,0.0,0.0,0.0,0.0,0.0,0.0,0.0,0.0,0.0,0.0,0.0,0.0,0.0,0.0,0.0,0.0,0.0,0.0,0.0,0.0,0.0,0.0,0.0,0.0,0.0,0.0,0.0,0.0,0.0,0.0,0.0,0.0,0.0,0.0,0.0,0.0,0.0,0.0,0.0,0.0,0.0,0.0,0.0,0.0,0.0,0.0,0.0,0.0,0.0,0.0,0.0,0.0,0.0,0.0,0.0,0.0,0.0,0.0,0.0,0.0,0.0,0.0,0.0,0.0,0.0,0.0,0.0,0.0,0.0,0.0,0.0,0.0,0.0,0.0,0.0,0.0,0.0,0.0,0.0,0.0,0.0,0.0,0.0,0.0,29239.791015625,5320.07958984375,0.0,0.0,0.0,0.0,0.0,0.0,0.0,0.0,FL
275776,FL,1203,0.14106838405132294,4,2.0,359903.0546875,635185.875,4,0,147614.703125,0.0,544137.3125,0.0,0.0,0.0,0.0,0.0,-749.0,0.0,749.0,0.0,0.0,0.0,0.0,0.0,0.0,0.0,0.0,0.0,0.0,0.0,0.0,0.0,0.0,0.0,0.0,0.0,0.0,0.0,0.0,0.0,-1750.0,0.0,1750.0,0.0,0.0,0.0,0.0,0.0,0.0,0.0,0.0,0.0,0.0,0.0,0.0,0.0,0.0,0.0,0.0,0.0,0.0,0.0,0.0,0.0,0.0,0.0,0.0,0.0,0.0,0.0,0.0,0.0,0.0,0.0,0.0,0.0,0.0,0.0,0.0,0.0,0.0,0.0,0.0,0.0,0.0,0.0,0.0,0.0,0.0,0.0,0.0,0.0,0.0,0.0,0.0,0.0,0.0,0.0,0.0,0.0,145115.703125,0.0,546636.3125,0.0,-2499.0,0.0,2499.0,0.0,-1.6929207911517112,0.0,0.4592590928077698,0.0,FL
275777,FL,1203,0.12297865003347397,1,0.0,0.0,-61626.53515625,1,0,0.0,0.0,-11680.349609375,26141.861328125,0.0,0.0,0.0,26141.861328125,0.0,0.0,0.0,0.0,0.0,0.0,0.0,0.0,0.0,0.0,0.0,0.0,0.0,0.0,0.0,0.0,0.0,0.0,0.0,0.0,0.0,0.0,0.0,0.0,0.0,0.0,0.0,0.0,0.0,0.0,0.0,0.0,0.0,0.0,0.0,0.0,0.0,0.0,0.0,0.0,0.0,0.0,0.0,0.0,0.0,0.0,0.0,0.0,0.0,0.0,0.0,0.0,0.0,0.0,0.0,0.0,0.0,0.0,0.0,0.0,0.0,0.0,0.0,0.0,0.0,0.0,0.0,0.0,0.0,0.0,0.0,0.0,0.0,0.0,0.0,0.0,0.0,0.0,0.0,0.0,0.0,0.0,0.0,0.0,0.0,0.0,-11680.349609375,26141.861328125,0.0,0.0,0.0,0.0,0.0,0.0,0.0,0.0,FL
275778,FL,1203,0.21390864253044128,5,2.0,5228.4849853515625,5232.032897949219,5,0,-1830.708984375,0.0,23014.119140625,1130.9622802734375,12091.40185546875,0.0,0.0,13222.364135742188,0.0,0.0,0.0,0.0,0.0,0.0,0.0,0.0,0.0,0.0,0.0,0.0,0.0,0.0,0.0,0.0,0.0,0.0,0.0,0.0,0.0,0.0,0.0,0.0,0.0,0.0,0.0,0.0,0.0,0.0,0.0,0.0,0.0,0.0,0.0,0.0,0.0,0.0,0.0,0.0,0.0,0.0,0.0,0.0,0.0,0.0,0.0,0.0,0.0,0.0,0.0,0.0,0.0,0.0,0.0,0.0,0.0,0.0,0.0,0.0,0.0,0.0,0.0,0.0,0.0,0.0,0.0,0.0,0.0,0.0,0.0,0.0,0.0,0.0,0.0,0.0,0.0,0.0,0.0,0.0,0.0,0.0,0.0,0.0,-1830.708984375,0.0,23014.119140625,13222.364135742188,0.0,0.0,0.0,0.0,0.0,0.0,0.0,0.0,FL
275779,FL,1203,0.17685344815254211,1,0.0,35709.23046875,48693.375,1,0,3782.205078125,0.0,62283.7109375,16544.22265625,0.0,0.0,0.0,16544.22265625,-5.0,0.0,5.0,0.0,-114.0,0.0,114.0,0.0,0.0,0.0,0.0,0.0,0.0,0.0,0.0,0.0,0.0,0.0,0.0,0.0,0.0,0.0,0.0,0.0,0.0,0.0,0.0,0.0,0.0,0.0,0.0,0.0,0.0,0.0,0.0,0.0,0.0,0.0,0.0,0.0,0.0,0.0,0.0,0.0,0.0,0.0,0.0,0.0,0.0,0.0,0.0,0.0,0.0,0.0,0.0,0.0,0.0,0.0,0.0,0.0,0.0,0.0,0.0,0.0,0.0,0.0,0.0,0.0,0.0,0.0,0.0,0.0,0.0,0.0,0.0,0.0,0.0,0.0,0.0,0.0,0.0,0.0,0.0,0.0,3663.205078125,0.0,62402.7109375,16544.22265625,-119.0,0.0,119.0,0.0,-3.146312734025342,0.0,0.19106118381023407,0.0,FL
275780,FL,1203,0.12789367139339447,2,0.0,333332.2578125,1318979.5,2,0,268035.6875,0.0,1035601.9375,0.0,0.0,0.0,0.0,0.0,-734.0,0.0,734.0,0.0,0.0,0.0,0.0,0.0,0.0,0.0,0.0,0.0,0.0,0.0,0.0,0.0,0.0,0.0,0.0,0.0,0.0,0.0,0.0,0.0,0.0,0.0,0.0,0.0,0.0,0.0,0.0,0.0,0.0,0.0,0.0,0.0,0.0,0.0,0.0,0.0,0.0,0.0,0.0,0.0,0.0,0.0,0.0,0.0,0.0,0.0,0.0,0.0,0.0,0.0,0.0,0.0,0.0,0.0,0.0,0.0,0.0,0.0,0.0,0.0,0.0,0.0,0.0,0.0,0.0,0.0,0.0,0.0,0.0,0.0,0.0,0.0,0.0,0.0,0.0,0.0,0.0,0.0,0.0,0.0,267301.6875,0.0,1036335.9375,0.0,-734.0,0.0,734.0,0.0,-0.2738441312968819,0.0,0.07087665051221848,0.0,FL
275781,FL,1203,0.1911931186914444,4,1.0,106429.927734375,111671.48242187499,4,0,4819.074417114258,0.0,126169.3984375,0.0,0.0,0.0,0.0,0.0,-10.0,0.0,10.0,0.0,-298.5451202392578,0.0,298.5390625,0.0,0.0,0.0,0.0,0.0,0.0,0.0,0.0,0.0,-200.0,0.0,200.0,0.0,0.0,0.0,0.0,0.0,0.0,0.0,0.0,0.0,0.0,0.0,0.0,0.0,0.0,0.0,0.0,0.0,0.0,0.0,0.0,0.0,-127.333984375,0.0,127.3359375,0.0,0.0,0.0,0.0,0.0,0.0,0.0,0.0,0.0,0.0,0.0,0.0,0.0,0.0,0.0,0.0,0.0,0.0,0.0,0.0,0.0,0.0,0.0,0.0,0.0,-153.212890625,0.0,153.2109375,0.0,0.0,0.0,0.0,0.0,0.0,0.0,0.0,0.0,0.0,0.0,0.0,0.0,4029.982421875,0.0,126958.484375,0.0,-789.0919952392578,0.0,789.0859375,0.0,-16.374347580873824,0.0,0.6254178285598755,0.0,FL
275782,FL,1203,224.13418579101562,1,0.0,4020.503173828125,4020.503173828125,1,0,0.0,0.0,7714.2099609375,3596.039794921875,0.0,0.0,0.0,3596.039794921875,0.0,0.0,0.0,0.0,0.0,0.0,0.0,0.0,0.0,0.0,0.0,0.0,0.0,0.0,0.0,0.0,0.0,0.0,0.0,0.0,0.0,0.0,0.0,0.0,0.0,0.0,0.0,0.0,0.0,0.0,0.0,0.0,0.0,0.0,0.0,0.0,0.0,0.0,0.0,0.0,0.0,0.0,0.0,0.0,0.0,0.0,0.0,0.0,0.0,0.0,0.0,0.0,0.0,0.0,0.0,0.0,0.0,0.0,0.0,0.0,0.0,0.0,0.0,0.0,0.0,0.0,0.0,0.0,0.0,0.0,0.0,0.0,0.0,0.0,0.0,0.0,0.0,0.0,0.0,0.0,0.0,0.0,0.0,0.0,0.0,0.0,7714.2099609375,3596.039794921875,0.0,0.0,0.0,0.0,0.0,0.0,0.0,0.0,FL
275783,FL,1203,125.18040466308594,5,3.0,0.0,0.0,5,0,0.0,0.0,15484.2890625,3392.88671875,12091.40185546875,0.0,0.0,15484.28857421875,0.0,0.0,0.0,0.0,0.0,0.0,0.0,0.0,0.0,0.0,0.0,0.0,0.0,0.0,0.0,0.0,0.0,0.0,0.0,0.0,0.0,0.0,0.0,0.0,0.0,0.0,0.0,0.0,0.0,0.0,0.0,0.0,0.0,0.0,0.0,0.0,0.0,0.0,0.0,0.0,0.0,0.0,0.0,0.0,0.0,0.0,0.0,0.0,0.0,0.0,0.0,0.0,0.0,0.0,0.0,0.0,0.0,0.0,0.0,0.0,0.0,0.0,0.0,0.0,0.0,0.0,0.0,0.0,0.0,0.0,0.0,0.0,0.0,0.0,0.0,0.0,0.0,0.0,0.0,0.0,0.0,0.0,0.0,0.0,0.0,0.0,15484.2890625,15484.28857421875,0.0,0.0,0.0,0.0,0.0,0.0,0.0,0.0,FL
275784,FL,1203,0.13341376185417175,4,2.0,166926.7470703125,648106.4375,4,0,113318.7421875,0.0,587587.75,0.0,0.0,0.0,0.0,0.0,-292.0,0.0,292.0,0.0,-456.0,0.0,456.0,0.0,0.0,0.0,0.0,0.0,0.0,0.0,0.0,0.0,0.0,0.0,0.0,0.0,0.0,0.0,0.0,0.0,0.0,0.0,0.0,0.0,0.0,0.0,0.0,0.0,0.0,0.0,0.0,0.0,0.0,0.0,0.0,0.0,-480.0,0.0,480.0,0.0,0.0,0.0,0.0,0.0,0.0,0.0,0.0,0.0,0.0,0.0,0.0,0.0,0.0,0.0,0.0,0.0,0.0,0.0,0.0,0.0,0.0,0.0,0.0,0.0,0.0,0.0,0.0,0.0,0.0,0.0,0.0,0.0,0.0,0.0,0.0,0.0,0.0,0.0,0.0,0.0,112090.7421875,0.0,588815.75,0.0,-1228.0,0.0,1228.0,0.0,-1.083668929159239,0.0,0.20899006724357605,0.0,FL
275785,FL,1203,45.366024017333984,1,0.0,4687.6982421875,4687.6982421875,1,0,0.0,0.0,41457.625,12257.1689453125,13231.8837890625,0.0,0.0,25489.052734375,0.0,0.0,0.0,0.0,0.0,0.0,0.0,0.0,0.0,0.0,0.0,0.0,0.0,0.0,0.0,0.0,0.0,0.0,0.0,0.0,0.0,0.0,0.0,0.0,0.0,0.0,0.0,0.0,0.0,0.0,0.0,0.0,0.0,0.0,0.0,0.0,0.0,0.0,0.0,0.0,0.0,0.0,0.0,0.0,0.0,0.0,0.0,0.0,0.0,0.0,0.0,0.0,0.0,0.0,0.0,0.0,0.0,0.0,0.0,0.0,0.0,0.0,0.0,0.0,0.0,0.0,0.0,0.0,0.0,0.0,0.0,0.0,0.0,0.0,0.0,0.0,0.0,0.0,0.0,0.0,0.0,0.0,0.0,0.0,0.0,0.0,41457.625,25489.052734375,0.0,0.0,0.0,0.0,0.0,0.0,0.0,0.0,FL
275786,FL,1203,0.13350826501846313,4,2.0,1446086.765625,1780574.875,4,0,525911.4375,0.0,1245326.75,0.0,0.0,0.0,0.0,0.0,-734.0,0.0,734.0,0.0,0.0,0.0,0.0,0.0,0.0,0.0,0.0,0.0,0.0,0.0,0.0,0.0,0.0,0.0,0.0,0.0,0.0,0.0,0.0,0.0,-219.6875,0.0,219.75,0.0,0.0,0.0,0.0,0.0,0.0,0.0,0.0,0.0,0.0,0.0,0.0,0.0,0.0,0.0,0.0,0.0,0.0,0.0,0.0,0.0,0.0,0.0,0.0,0.0,0.0,0.0,0.0,0.0,0.0,0.0,0.0,0.0,0.0,0.0,0.0,0.0,0.0,0.0,0.0,0.0,0.0,0.0,0.0,0.0,0.0,0.0,0.0,0.0,0.0,0.0,0.0,0.0,0.0,0.0,0.0,0.0,524957.75,0.0,1246280.5,0.0,-953.6875,0.0,953.75,0.0,-0.18133994281118862,0.0,0.07658632844686508,0.0,FL
275787,FL,1203,222.31224060058594,2,0.0,21655.15234375,83541.375,2,0,5506.96484375,0.0,183745.40625,71359.5625,0.0,0.0,0.0,71359.5625,-10.0,0.0,10.0,0.0,-228.0,0.0,228.0,0.0,0.0,0.0,0.0,0.0,0.0,0.0,0.0,0.0,0.0,0.0,0.0,0.0,0.0,0.0,0.0,0.0,0.0,0.0,0.0,0.0,0.0,0.0,0.0,0.0,0.0,0.0,0.0,0.0,0.0,0.0,0.0,0.0,-240.0,0.0,240.0,0.0,0.0,0.0,0.0,0.0,0.0,0.0,0.0,0.0,0.0,0.0,0.0,0.0,0.0,0.0,0.0,0.0,0.0,0.0,0.0,0.0,-1439.999755859375,0.0,1440.0,0.0,0.0,0.0,0.0,0.0,0.0,0.0,0.0,0.0,0.0,0.0,0.0,0.0,0.0,0.0,0.0,0.0,3588.965087890625,0.0,185663.40625,71359.5625,-1917.999755859375,0.0,1918.0,0.0,-34.82861812775441,0.0,1.0438356399536133,0.0,FL
275788,FL,1203,0.3147597014904022,4,2.0,180983.28515625,181538.0,4,0,17603.94921875,0.0,152166.421875,389.11334228515625,0.0,0.0,0.0,389.11334228515625,-230.0,0.0,230.0,0.0,0.0,0.0,0.0,0.0,0.0,0.0,0.0,0.0,0.0,0.0,0.0,0.0,-400.0,0.0,400.0,0.0,0.0,0.0,0.0,0.0,0.0,0.0,0.0,0.0,0.0,0.0,0.0,0.0,0.0,0.0,0.0,0.0,0.0,0.0,0.0,0.0,0.0,0.0,0.0,0.0,0.0,0.0,0.0,0.0,0.0,0.0,0.0,0.0,-1892.1796875,0.0,1892.1875,0.0,0.0,0.0,0.0,0.0,0.0,0.0,0.0,0.0,0.0,0.0,0.0,0.0,-401.271484375,0.0,401.265625,0.0,0.0,0.0,0.0,0.0,0.0,0.0,0.0,0.0,0.0,0.0,0.0,0.0,14680.498046875,0.0,155089.875,389.11334228515625,-2923.451171875,0.0,2923.453125,0.0,-16.606791666731386,0.0,1.9212208986282349,0.0,FL
275789,FL,1203,0.15471597015857697,3,0.0,217655.1875,245622.6304769516,3,0,35829.80078125,0.0,282522.25,32698.244140625,0.0,0.0,0.0,32698.244140625,-259.15234375,0.0,259.125,0.0,-418.0,0.0,418.0,0.0,0.0,0.0,0.0,0.0,0.0,0.0,0.0,0.0,0.0,0.0,0.0,0.0,0.0,0.0,0.0,0.0,0.0,0.0,0.0,0.0,0.0,0.0,0.0,0.0,0.0,0.0,0.0,0.0,0.0,0.0,0.0,0.0,-440.0,0.0,440.0,0.0,0.0,0.0,0.0,0.0,0.0,0.0,0.0,0.0,0.0,0.0,0.0,0.0,0.0,0.0,0.0,0.0,0.0,0.0,0.0,0.0,0.0,0.0,0.0,0.0,0.0,0.0,0.0,0.0,0.0,0.0,0.0,0.0,0.0,0.0,0.0,0.0,0.0,0.0,0.0,0.0,34712.6484375,0.0,283639.375,32698.244140625,-1117.15234375,0.0,1117.125,0.0,-3.1179418232618645,0.0,0.39541134238243103,0.0,FL
275790,FL,1203,0.19896537065505981,2,0.0,0.0,114641.84375,2,0,9239.021484375,0.0,148796.671875,37733.7734375,0.0,0.0,0.0,37733.7734375,-10.0,0.0,10.0,0.0,-228.0,0.0,228.0,0.0,0.0,0.0,0.0,0.0,0.0,0.0,0.0,0.0,0.0,0.0,0.0,0.0,0.0,0.0,0.0,0.0,0.0,0.0,0.0,0.0,0.0,0.0,0.0,0.0,0.0,0.0,0.0,0.0,0.0,0.0,0.0,0.0,0.0,0.0,0.0,0.0,0.0,0.0,0.0,0.0,0.0,0.0,0.0,0.0,0.0,0.0,0.0,0.0,0.0,0.0,0.0,0.0,0.0,0.0,0.0,0.0,-1440.0,0.0,1440.0,0.0,0.0,0.0,0.0,0.0,0.0,0.0,0.0,0.0,0.0,0.0,0.0,0.0,0.0,0.0,0.0,0.0,7561.021484375,0.0,150474.671875,37733.7734375,-1678.0,0.0,1678.0,0.0,-18.162096525458107,0.0,1.1277133226394653,0.0,FL
275791,FL,1203,0.12062012404203415,2,0.0,115705.83203125,370668.5625,2,0,55849.4609375,0.0,369695.28125,51541.15625,0.0,0.0,0.0,51541.15625,-230.0,0.0,230.0,0.0,-418.0,0.0,418.0,0.0,0.0,0.0,0.0,0.0,0.0,0.0,0.0,0.0,0.0,0.0,0.0,0.0,0.0,0.0,0.0,0.0,0.0,0.0,0.0,0.0,0.0,0.0,0.0,0.0,0.0,0.0,0.0,0.0,0.0,0.0,0.0,0.0,-440.0,0.0,440.0,0.0,0.0,0.0,0.0,0.0,0.0,0.0,0.0,0.0,0.0,0.0,0.0,0.0,0.0,0.0,0.0,0.0,0.0,0.0,0.0,0.0,0.0,0.0,0.0,0.0,0.0,0.0,0.0,0.0,0.0,0.0,0.0,0.0,0.0,0.0,0.0,0.0,0.0,0.0,0.0,0.0,54761.4609375,0.0,370783.28125,51541.15625,-1088.0,0.0,1088.0,0.0,-1.9480940043764412,0.0,0.29429641366004944,0.0,FL
275792,FL,1203,0.2107398360967636,2,1.0,37662.2734375,37662.2734375,2,0,923.9815673828125,0.0,39566.54296875,0.0,0.0,0.0,2285.38671875,2285.38671875,0.0,0.0,0.0,0.0,-147.5,0.0,147.5,0.0,0.0,0.0,0.0,0.0,0.0,0.0,0.0,0.0,0.0,0.0,0.0,0.0,0.0,0.0,0.0,0.0,0.0,0.0,0.0,0.0,0.0,0.0,0.0,0.0,0.0,0.0,0.0,0.0,0.0,0.0,0.0,0.0,0.0,0.0,0.0,0.0,0.0,0.0,0.0,0.0,0.0,0.0,0.0,0.0,0.0,0.0,0.0,0.0,0.0,0.0,0.0,0.0,-586.9472045898438,0.0,586.9453125,0.0,0.0,0.0,0.0,0.0,0.0,0.0,0.0,0.0,0.0,0.0,0.0,0.0,0.0,0.0,0.0,0.0,0.0,0.0,0.0,0.0,189.53436279296875,0.0,40300.98828125,2285.38671875,-734.4472045898438,0.0,734.4453125,0.0,-79.48721387052917,0.0,1.8562281131744385,0.0,FL
275793,FL,1203,0.15805375576019287,4,2.0,620952.1953125,942556.6875,4,0,225429.359375,0.0,698534.5,0.0,0.0,0.0,0.0,0.0,-749.0,0.0,749.0,0.0,0.0,0.0,0.0,0.0,0.0,0.0,0.0,0.0,0.0,0.0,0.0,0.0,0.0,0.0,0.0,0.0,0.0,0.0,0.0,0.0,-1724.734375,0.0,1724.75,0.0,0.0,0.0,0.0,0.0,0.0,0.0,0.0,0.0,0.0,0.0,0.0,0.0,0.0,0.0,0.0,0.0,0.0,0.0,0.0,0.0,0.0,0.0,0.0,0.0,0.0,0.0,0.0,0.0,0.0,0.0,0.0,0.0,0.0,0.0,0.0,0.0,0.0,0.0,0.0,0.0,0.0,0.0,0.0,0.0,0.0,0.0,0.0,0.0,0.0,0.0,0.0,0.0,0.0,0.0,0.0,0.0,222955.625,0.0,701008.25,0.0,-2473.734375,0.0,2473.75,0.0,-1.0973434790651921,0.0,0.3541342616081238,0.0,FL
275794,FL,1203,0.12359730899333954,5,3.0,505389.7978515625,941630.5,2,3,209028.890625,0.0,710007.6875,389.11334228515625,0.0,0.0,0.0,389.11334228515625,-749.0,0.0,749.0,0.0,-760.0,0.0,760.0,0.0,0.0,0.0,0.0,0.0,0.0,0.0,0.0,0.0,0.0,0.0,0.0,0.0,0.0,0.0,0.0,0.0,-2000.0,0.0,2000.0,0.0,0.0,0.0,0.0,0.0,0.0,0.0,0.0,0.0,0.0,0.0,0.0,0.0,-613.21875,0.0,613.1875,0.0,0.0,0.0,0.0,0.0,0.0,0.0,0.0,0.0,0.0,0.0,0.0,0.0,0.0,0.0,0.0,0.0,0.0,0.0,0.0,0.0,0.0,0.0,0.0,0.0,0.0,0.0,0.0,0.0,0.0,0.0,0.0,0.0,0.0,0.0,0.0,0.0,0.0,0.0,0.0,0.0,204906.671875,0.0,714129.875,389.11334228515625,-4122.21875,0.0,4122.1875,0.0,-1.9720808629249738,0.0,0.5805835127830505,0.0,FL
275795,FL,1203,61.392948150634766,1,0.0,0.0,0.0,1,0,0.0,0.0,42140.09375,21378.888671875,0.0,0.0,0.0,21378.888671875,0.0,0.0,0.0,0.0,0.0,0.0,0.0,0.0,0.0,0.0,0.0,0.0,0.0,0.0,0.0,0.0,0.0,0.0,0.0,0.0,0.0,0.0,0.0,0.0,0.0,0.0,0.0,0.0,0.0,0.0,0.0,0.0,0.0,0.0,0.0,0.0,0.0,0.0,0.0,0.0,0.0,0.0,0.0,0.0,0.0,0.0,0.0,0.0,0.0,0.0,0.0,0.0,0.0,0.0,0.0,0.0,0.0,0.0,0.0,0.0,0.0,0.0,0.0,0.0,0.0,0.0,0.0,0.0,0.0,0.0,0.0,0.0,0.0,0.0,0.0,0.0,0.0,0.0,0.0,0.0,0.0,0.0,0.0,0.0,0.0,0.0,42140.09375,21378.888671875,0.0,0.0,0.0,0.0,0.0,0.0,0.0,0.0,FL
275796,FL,1203,0.1275370568037033,4,0.0,78762.77880859375,93864.99755859375,4,0,4091.7195434570312,0.0,88836.5546875,4921.3798828125,0.0,0.0,0.0,4921.3798828125,-10.0,0.0,10.0,0.0,-228.0,0.0,228.0,0.0,0.0,0.0,0.0,0.0,0.0,0.0,0.0,0.0,0.0,0.0,0.0,0.0,0.0,0.0,0.0,0.0,0.0,0.0,0.0,0.0,0.0,0.0,0.0,0.0,0.0,0.0,0.0,0.0,0.0,0.0,0.0,0.0,-240.0,0.0,240.0,0.0,0.0,0.0,0.0,0.0,0.0,0.0,0.0,0.0,0.0,0.0,0.0,0.0,0.0,0.0,0.0,0.0,-332.49755859375,0.0,332.5,0.0,0.0,0.0,0.0,0.0,-59.6640625,0.0,59.6640625,0.0,0.0,0.0,0.0,0.0,0.0,0.0,0.0,0.0,0.0,0.0,0.0,0.0,3221.5579223632812,0.0,89706.71875,4921.3798828125,-870.16162109375,0.0,870.1640625,0.0,-21.26640430391189,0.0,0.9795112609863281,0.0,FL
275797,FL,1203,0.13515633344650269,2,0.0,185440.375,155899.5,2,0,17190.689453125,0.0,134930.5625,0.0,0.0,0.0,0.0,0.0,-230.0,0.0,230.0,0.0,-418.001953125,0.0,418.0,0.0,0.0,0.0,0.0,0.0,0.0,0.0,0.0,0.0,0.0,0.0,0.0,0.0,0.0,0.0,0.0,0.0,0.0,0.0,0.0,0.0,0.0,0.0,0.0,0.0,0.0,0.0,0.0,0.0,0.0,0.0,0.0,0.0,-440.0,0.0,440.0,0.0,0.0,0.0,0.0,0.0,0.0,0.0,0.0,0.0,0.0,0.0,0.0,0.0,0.0,0.0,0.0,0.0,0.0,0.0,0.0,0.0,0.0,0.0,0.0,0.0,0.0,0.0,0.0,0.0,0.0,0.0,0.0,0.0,0.0,0.0,0.0,0.0,0.0,0.0,0.0,0.0,16102.6875,0.0,136018.5625,0.0,-1088.001953125,0.0,1088.0,0.0,-6.329018717322116,0.0,0.8063406944274902,0.0,FL
275798,FL,1203,0.13539789617061615,5,1.0,248814.63159179688,249921.57421875,5,0,27032.86572265625,0.0,11257.8984375,3752.668701171875,2763.543212890625,0.0,0.0,6516.2119140625,-230.0,0.0,230.0,0.0,-418.0,0.0,418.0,0.0,0.0,0.0,0.0,0.0,0.0,0.0,0.0,0.0,100.0,0.0,-100.0,0.0,0.0,0.0,0.0,0.0,0.0,0.0,0.0,0.0,0.0,0.0,0.0,0.0,0.0,0.0,0.0,0.0,0.0,0.0,0.0,0.0,-440.0,0.0,440.0,0.0,0.0,0.0,0.0,0.0,0.0,0.0,0.0,0.0,0.0,0.0,0.0,0.0,0.0,0.0,0.0,0.0,0.0,0.0,0.0,0.0,0.0,0.0,0.0,0.0,0.0,0.0,0.0,0.0,0.0,0.0,0.0,0.0,0.0,0.0,0.0,0.0,0.0,0.0,0.0,0.0,26044.86572265625,0.0,12245.8984375,6516.2119140625,-988.0,0.0,988.0,0.0,-3.65481044494649,0.0,8.776060104370117,0.0,FL
275799,FL,1203,0.14967632293701172,4,2.0,462079.265625,632024.3125,4,0,125179.140625,0.0,569475.0,0.0,0.0,0.0,0.0,0.0,-764.0,0.0,764.0,0.0,-608.0,0.0,608.0,0.0,0.0,0.0,0.0,0.0,0.0,0.0,0.0,0.0,0.0,0.0,0.0,0.0,0.0,0.0,0.0,0.0,-1502.96875,0.0,1502.9375,0.0,0.0,0.0,0.0,0.0,0.0,0.0,0.0,0.0,0.0,0.0,0.0,0.0,-640.0,0.0,640.0,0.0,0.0,0.0,0.0,0.0,0.0,0.0,0.0,0.0,0.0,0.0,0.0,0.0,0.0,0.0,0.0,0.0,0.0,0.0,0.0,0.0,0.0,0.0,0.0,0.0,0.0,0.0,0.0,0.0,0.0,0.0,0.0,0.0,0.0,0.0,0.0,0.0,0.0,0.0,0.0,0.0,121664.171875,0.0,572989.9375,0.0,-3514.96875,0.0,3514.9375,0.0,-2.8079508554303114,0.0,0.6172242164611816,0.0,FL
275800,FL,1203,218.39431762695312,1,0.0,8695.283203125,8695.283203125,1,0,0.0,0.0,11851.2646484375,3596.039794921875,0.0,0.0,0.0,3596.039794921875,0.0,0.0,0.0,0.0,0.0,0.0,0.0,0.0,0.0,0.0,0.0,0.0,0.0,0.0,0.0,0.0,0.0,0.0,0.0,0.0,0.0,0.0,0.0,0.0,0.0,0.0,0.0,0.0,0.0,0.0,0.0,0.0,0.0,0.0,0.0,0.0,0.0,0.0,0.0,0.0,0.0,0.0,0.0,0.0,0.0,0.0,0.0,0.0,0.0,0.0,0.0,0.0,0.0,0.0,0.0,0.0,0.0,0.0,0.0,0.0,0.0,0.0,0.0,0.0,0.0,0.0,0.0,0.0,0.0,0.0,0.0,0.0,0.0,0.0,0.0,0.0,0.0,0.0,0.0,0.0,0.0,0.0,0.0,0.0,0.0,0.0,11851.2646484375,3596.039794921875,0.0,0.0,0.0,0.0,0.0,0.0,0.0,0.0,FL
275801,FL,1203,0.13527722656726837,1,0.0,65352.03125,65352.03125,1,0,5871.44677734375,0.0,59790.390625,5309.2353515625,0.0,0.0,0.0,5309.2353515625,-95.203125,0.0,95.203125,0.0,-114.0,0.0,114.0,0.0,0.0,0.0,0.0,0.0,0.0,0.0,0.0,0.0,0.0,0.0,0.0,0.0,0.0,0.0,0.0,0.0,0.0,0.0,0.0,0.0,0.0,0.0,0.0,0.0,0.0,0.0,0.0,0.0,0.0,0.0,0.0,0.0,0.0,0.0,0.0,0.0,0.0,0.0,0.0,0.0,0.0,0.0,0.0,0.0,0.0,0.0,0.0,0.0,0.0,0.0,0.0,0.0,0.0,0.0,0.0,0.0,0.0,0.0,0.0,0.0,0.0,0.0,0.0,0.0,0.0,0.0,0.0,0.0,0.0,0.0,0.0,0.0,0.0,0.0,0.0,0.0,5662.24365234375,0.0,59999.59375,5309.2353515625,-209.203125,0.0,209.203125,0.0,-3.5630592072682257,0.0,0.3498942255973816,0.0,FL
275802,FL,1203,0.1457452028989792,3,1.0,135964.72265625,139206.34375,3,0,11521.861328125,0.0,120644.8828125,0.0,0.0,0.0,0.0,0.0,-230.0,0.0,230.0,0.0,-418.0,0.0,418.0,0.0,0.0,0.0,0.0,0.0,0.0,0.0,0.0,0.0,-200.0,0.0,200.0,0.0,0.0,0.0,0.0,0.0,0.0,0.0,0.0,0.0,0.0,0.0,0.0,0.0,0.0,0.0,0.0,0.0,0.0,0.0,0.0,0.0,-440.0,0.0,440.0,0.0,0.0,0.0,0.0,0.0,0.0,0.0,0.0,0.0,0.0,0.0,0.0,0.0,0.0,0.0,0.0,0.0,-569.8994140625,0.0,569.8984375,0.0,0.0,0.0,0.0,0.0,0.0,0.0,0.0,0.0,0.0,0.0,0.0,0.0,0.0,0.0,0.0,0.0,0.0,0.0,0.0,0.0,9663.9619140625,0.0,122502.78125,0.0,-1857.8994140625,0.0,1857.8984375,0.0,-16.124993706766332,0.0,1.5399729013442993,0.0,FL
275803,FL,1203,0.18129843473434448,1,0.0,61519.09375,78862.2421875,1,0,8392.693359375,0.0,89613.6953125,20403.705078125,0.0,0.0,0.0,20403.705078125,-115.0,0.0,115.0,0.0,-209.0,0.0,209.0,0.0,0.0,0.0,0.0,0.0,0.0,0.0,0.0,0.0,0.0,0.0,0.0,0.0,0.0,0.0,0.0,0.0,0.0,0.0,0.0,0.0,0.0,0.0,0.0,0.0,0.0,0.0,0.0,0.0,0.0,0.0,0.0,0.0,0.0,0.0,0.0,0.0,0.0,0.0,0.0,0.0,0.0,0.0,0.0,0.0,0.0,0.0,0.0,0.0,0.0,0.0,0.0,0.0,0.0,0.0,0.0,0.0,-1269.0185546875,0.0,1269.0234375,0.0,0.0,0.0,0.0,0.0,0.0,0.0,0.0,0.0,0.0,0.0,0.0,0.0,0.0,0.0,0.0,0.0,6799.6748046875,0.0,91206.71875,20403.705078125,-1593.0185546875,0.0,1593.0234375,0.0,-18.98101701652223,0.0,1.7776561975479126,0.0,FL
275804,FL,1203,0.13488219678401947,2,0.0,111391.07568359375,597050.0,2,0,114724.4453125,0.0,491073.75,0.0,0.0,0.0,0.0,0.0,-493.25,0.0,493.25,0.0,-514.90234375,0.0,514.90625,0.0,0.0,0.0,0.0,0.0,0.0,0.0,0.0,0.0,0.0,0.0,0.0,0.0,0.0,0.0,0.0,0.0,0.0,0.0,0.0,0.0,0.0,0.0,0.0,0.0,0.0,0.0,0.0,0.0,0.0,0.0,0.0,0.0,-350.0,0.0,350.0,0.0,0.0,0.0,0.0,0.0,0.0,0.0,0.0,0.0,0.0,0.0,0.0,0.0,0.0,0.0,0.0,0.0,0.0,0.0,0.0,0.0,-39.2421875,0.0,39.25,0.0,0.0,0.0,0.0,0.0,0.0,0.0,0.0,0.0,0.0,0.0,0.0,0.0,0.0,0.0,0.0,0.0,113327.05078125,0.0,492471.15625,0.0,-1397.39453125,0.0,1397.40625,0.0,-1.2180442689817428,0.0,0.2845613658428192,0.0,FL
275805,FL,1203,252.55023193359375,1,0.0,0.0,544.472900390625,1,0,0.0,0.0,15542.6494140625,3596.039794921875,0.0,0.0,0.0,3596.039794921875,0.0,0.0,0.0,0.0,0.0,0.0,0.0,0.0,0.0,0.0,0.0,0.0,0.0,0.0,0.0,0.0,0.0,0.0,0.0,0.0,0.0,0.0,0.0,0.0,0.0,0.0,0.0,0.0,0.0,0.0,0.0,0.0,0.0,0.0,0.0,0.0,0.0,0.0,0.0,0.0,0.0,0.0,0.0,0.0,0.0,0.0,0.0,0.0,0.0,0.0,0.0,0.0,0.0,0.0,0.0,0.0,0.0,0.0,0.0,0.0,0.0,0.0,0.0,0.0,0.0,0.0,0.0,0.0,0.0,0.0,0.0,0.0,0.0,0.0,0.0,0.0,0.0,0.0,0.0,0.0,0.0,0.0,0.0,0.0,0.0,0.0,15542.6494140625,3596.039794921875,0.0,0.0,0.0,0.0,0.0,0.0,0.0,0.0,FL
275806,FL,1203,222.9487762451172,1,0.0,0.0,50930.87109375,1,0,3804.70458984375,0.0,75118.609375,21580.841796875,0.0,0.0,0.0,21580.841796875,-5.0,0.0,5.0,0.0,-114.0,0.0,114.0,0.0,0.0,0.0,0.0,0.0,0.0,0.0,0.0,0.0,0.0,0.0,0.0,0.0,0.0,0.0,0.0,0.0,0.0,0.0,0.0,0.0,0.0,0.0,0.0,0.0,0.0,0.0,0.0,0.0,0.0,0.0,0.0,0.0,0.0,0.0,0.0,0.0,0.0,0.0,0.0,0.0,0.0,0.0,0.0,0.0,0.0,0.0,0.0,0.0,0.0,0.0,0.0,0.0,0.0,0.0,0.0,0.0,-720.0,0.0,720.0,0.0,0.0,0.0,0.0,0.0,0.0,0.0,0.0,0.0,0.0,0.0,0.0,0.0,0.0,0.0,0.0,0.0,2965.70458984375,0.0,75957.609375,21580.841796875,-839.0,0.0,839.0,0.0,-22.05164632859067,0.0,1.1169003248214722,0.0,FL
275807,FL,1203,0.11724083870649338,1,0.0,136908.375,158476.015625,1,0,26432.853515625,0.0,141512.34375,17392.201171875,0.0,0.0,0.0,17392.201171875,-131.0,0.0,131.0,0.0,-228.0,0.0,228.0,0.0,0.0,0.0,0.0,0.0,0.0,0.0,0.0,0.0,0.0,0.0,0.0,0.0,0.0,0.0,0.0,0.0,0.0,0.0,0.0,0.0,0.0,0.0,0.0,0.0,0.0,0.0,0.0,0.0,0.0,0.0,0.0,0.0,0.0,0.0,0.0,0.0,0.0,0.0,0.0,0.0,0.0,0.0,0.0,0.0,0.0,0.0,0.0,0.0,0.0,0.0,0.0,0.0,0.0,0.0,0.0,0.0,0.0,0.0,0.0,0.0,0.0,0.0,0.0,0.0,0.0,0.0,0.0,0.0,0.0,0.0,0.0,0.0,0.0,0.0,0.0,0.0,26073.853515625,0.0,141871.34375,17392.201171875,-359.0,0.0,359.0,0.0,-1.3581583228908214,0.0,0.25368812680244446,0.0,FL
275808,FL,1203,0.11476404219865799,2,0.0,204031.0625,902937.3125,2,0,215930.25,0.0,711332.625,35229.66015625,0.0,0.0,0.0,35229.66015625,-150.3671875,0.0,150.375,0.0,0.0,0.0,0.0,0.0,0.0,0.0,0.0,0.0,0.0,0.0,0.0,0.0,0.0,0.0,0.0,0.0,0.0,0.0,0.0,0.0,-2067.671875,0.0,2067.625,0.0,0.0,0.0,0.0,0.0,0.0,0.0,0.0,0.0,0.0,0.0,0.0,0.0,0.0,0.0,0.0,0.0,0.0,0.0,0.0,0.0,0.0,0.0,0.0,0.0,0.0,0.0,0.0,0.0,0.0,0.0,0.0,0.0,0.0,0.0,0.0,0.0,0.0,0.0,0.0,0.0,0.0,0.0,0.0,0.0,0.0,0.0,0.0,0.0,0.0,0.0,0.0,0.0,0.0,0.0,0.0,0.0,213712.2109375,0.0,713550.625,35229.66015625,-2218.0390625,0.0,2218.0,0.0,-1.0272016368711656,0.0,0.31180912256240845,0.0,FL
275809,FL,1203,0.2731846868991852,4,2.0,443144.9140625,611721.6875,4,0,132960.9375,0.0,478416.625,0.0,0.0,0.0,0.0,0.0,-749.0,0.0,749.0,0.0,0.0,0.0,0.0,0.0,0.0,0.0,0.0,0.0,0.0,0.0,0.0,0.0,0.0,0.0,0.0,0.0,0.0,0.0,0.0,0.0,0.0,0.0,0.0,0.0,0.0,0.0,0.0,0.0,0.0,0.0,0.0,0.0,0.0,0.0,0.0,0.0,-626.125,0.0,626.125,0.0,0.0,0.0,0.0,0.0,0.0,0.0,0.0,0.0,0.0,0.0,0.0,0.0,0.0,0.0,0.0,0.0,0.0,0.0,0.0,0.0,0.0,0.0,0.0,0.0,0.0,0.0,0.0,0.0,0.0,0.0,0.0,0.0,0.0,0.0,0.0,0.0,0.0,0.0,0.0,0.0,131585.8125,0.0,479791.75,0.0,-1375.125,0.0,1375.125,0.0,-1.0342323285739468,0.0,0.2874325215816498,0.0,FL
275810,FL,1203,225.03309631347656,1,0.0,0.0,28039.28515625,1,0,1083.928466796875,0.0,54620.80078125,15642.8408203125,0.0,0.0,0.0,15642.8408203125,0.0,0.0,0.0,0.0,-94.99993896484375,0.0,95.0,0.0,0.0,0.0,0.0,0.0,0.0,0.0,0.0,0.0,0.0,0.0,0.0,0.0,0.0,0.0,0.0,0.0,0.0,0.0,0.0,0.0,0.0,0.0,0.0,0.0,0.0,0.0,0.0,0.0,0.0,0.0,0.0,0.0,0.0,0.0,0.0,0.0,0.0,0.0,0.0,0.0,0.0,0.0,0.0,0.0,0.0,0.0,0.0,0.0,0.0,0.0,0.0,0.0,0.0,0.0,0.0,0.0,-600.0,0.0,600.0,0.0,0.0,0.0,0.0,0.0,0.0,0.0,0.0,0.0,0.0,0.0,0.0,0.0,0.0,0.0,0.0,0.0,388.92852783203125,0.0,55315.80078125,15642.8408203125,-694.9999389648438,0.0,695.0,0.0,-64.11861670342908,0.0,1.2724090814590454,0.0,FL
275811,FL,1203,55.284202575683594,1,0.0,0.0,7488.69970703125,1,0,0.0,0.0,40780.31640625,10623.3466796875,13231.8837890625,0.0,0.0,23855.23046875,0.0,0.0,0.0,0.0,0.0,0.0,0.0,0.0,0.0,0.0,0.0,0.0,0.0,0.0,0.0,0.0,0.0,0.0,0.0,0.0,0.0,0.0,0.0,0.0,0.0,0.0,0.0,0.0,0.0,0.0,0.0,0.0,0.0,0.0,0.0,0.0,0.0,0.0,0.0,0.0,0.0,0.0,0.0,0.0,0.0,0.0,0.0,0.0,0.0,0.0,0.0,0.0,0.0,0.0,0.0,0.0,0.0,0.0,0.0,0.0,0.0,0.0,0.0,0.0,0.0,0.0,0.0,0.0,0.0,0.0,0.0,0.0,0.0,0.0,0.0,0.0,0.0,0.0,0.0,0.0,0.0,0.0,0.0,0.0,0.0,0.0,40780.31640625,23855.23046875,0.0,0.0,0.0,0.0,0.0,0.0,0.0,0.0,FL
275812,FL,1203,0.4056403338909149,4,2.0,23564.33837890625,23567.078125,4,0,-10836.8798828125,0.0,60558.80859375,20022.25,5527.08642578125,0.0,0.0,25549.33642578125,0.0,0.0,0.0,0.0,0.0,0.0,0.0,0.0,0.0,0.0,0.0,0.0,0.0,0.0,0.0,0.0,120.8798828125,0.0,-120.87890625,0.0,0.0,0.0,0.0,0.0,0.0,0.0,0.0,0.0,0.0,0.0,0.0,0.0,0.0,0.0,0.0,0.0,0.0,0.0,0.0,0.0,0.0,0.0,0.0,0.0,0.0,0.0,0.0,0.0,0.0,0.0,0.0,0.0,0.0,0.0,0.0,0.0,0.0,0.0,0.0,0.0,0.0,0.0,0.0,0.0,0.0,0.0,0.0,0.0,0.0,0.0,0.0,0.0,0.0,0.0,0.0,0.0,0.0,0.0,0.0,0.0,0.0,0.0,0.0,0.0,-10716.0,0.0,60437.9296875,25549.33642578125,120.8798828125,0.0,-120.87890625,0.0,1.115449134065035,0.0,-0.1996058225631714,0.0,FL
275813,FL,1203,0.2745385468006134,3,1.0,124054.205078125,124102.376953125,3,0,12821.74609375,0.0,102691.015625,0.0,0.0,0.0,0.0,0.0,-147.0,0.0,147.0,0.0,-324.5,0.0,324.5,0.0,0.0,0.0,0.0,0.0,0.0,0.0,0.0,0.0,0.0,0.0,0.0,0.0,0.0,0.0,0.0,0.0,0.0,0.0,0.0,0.0,0.0,0.0,0.0,0.0,0.0,0.0,0.0,0.0,0.0,0.0,0.0,0.0,-104.412109375,0.0,104.40625,0.0,0.0,0.0,0.0,0.0,0.0,0.0,0.0,0.0,0.0,0.0,0.0,0.0,0.0,0.0,0.0,0.0,0.0,0.0,0.0,0.0,0.0,0.0,0.0,0.0,0.0,0.0,0.0,0.0,0.0,0.0,0.0,0.0,0.0,0.0,0.0,0.0,0.0,0.0,0.0,0.0,12245.833984375,0.0,103266.921875,0.0,-575.912109375,0.0,575.90625,0.0,-4.49168237433535,0.0,0.5608146786689758,0.0,FL
275814,FL,1203,0.1411074846982956,6,2.0,318177.23828125,440888.8046875,1,5,57610.46533203125,0.0,354571.3125,0.0,0.0,0.0,0.0,0.0,-412.0,0.0,412.0,0.0,-779.0,0.0,779.0,0.0,0.0,0.0,0.0,0.0,0.0,0.0,0.0,0.0,-200.0,0.0,200.0,0.0,0.0,0.0,0.0,0.0,0.0,0.0,0.0,0.0,0.0,0.0,0.0,0.0,0.0,0.0,0.0,0.0,0.0,0.0,0.0,0.0,-231.7734375,0.0,231.78125,0.0,0.0,0.0,0.0,0.0,0.0,0.0,0.0,0.0,0.0,0.0,0.0,0.0,0.0,0.0,0.0,0.0,0.0,0.0,0.0,0.0,0.0,0.0,0.0,0.0,0.0,0.0,0.0,0.0,0.0,0.0,0.0,0.0,0.0,0.0,0.0,0.0,0.0,0.0,0.0,0.0,55987.69189453125,0.0,356194.09375,0.0,-1622.7734375,0.0,1622.78125,0.0,-2.8168032112695722,0.0,0.45767417550086975,0.0,FL
275815,FL,1203,0.31880325078964233,2,0.0,127594.66015625,121086.5625,2,0,10369.5498046875,0.0,115642.1015625,0.0,0.0,0.0,0.0,0.0,-10.0,0.0,10.0,0.0,-228.0,0.0,228.0,0.0,0.0,0.0,0.0,0.0,0.0,0.0,0.0,0.0,0.0,0.0,0.0,0.0,0.0,0.0,0.0,0.0,-569.1484375,0.0,569.1484375,0.0,0.0,0.0,0.0,0.0,0.0,0.0,0.0,0.0,0.0,0.0,0.0,0.0,-240.0,0.0,240.0,0.0,0.0,0.0,0.0,0.0,0.0,0.0,0.0,0.0,0.0,0.0,0.0,0.0,0.0,0.0,0.0,0.0,0.0,0.0,0.0,0.0,0.0,0.0,0.0,0.0,0.0,0.0,0.0,0.0,0.0,0.0,0.0,0.0,0.0,0.0,0.0,0.0,0.0,0.0,0.0,0.0,9322.4013671875,0.0,116689.25,0.0,-1047.1484375,0.0,1047.1484375,0.0,-10.098301828172348,0.0,0.9055079817771912,0.0,FL
275816,FL,1203,198.4764862060547,1,0.0,8272.4091796875,8272.4091796875,1,0,0.0,0.0,10709.1103515625,3069.53955078125,0.0,0.0,0.0,3069.53955078125,0.0,0.0,0.0,0.0,0.0,0.0,0.0,0.0,0.0,0.0,0.0,0.0,0.0,0.0,0.0,0.0,0.0,0.0,0.0,0.0,0.0,0.0,0.0,0.0,0.0,0.0,0.0,0.0,0.0,0.0,0.0,0.0,0.0,0.0,0.0,0.0,0.0,0.0,0.0,0.0,0.0,0.0,0.0,0.0,0.0,0.0,0.0,0.0,0.0,0.0,0.0,0.0,0.0,0.0,0.0,0.0,0.0,0.0,0.0,0.0,0.0,0.0,0.0,0.0,0.0,0.0,0.0,0.0,0.0,0.0,0.0,0.0,0.0,0.0,0.0,0.0,0.0,0.0,0.0,0.0,0.0,0.0,0.0,0.0,0.0,0.0,10709.1103515625,3069.53955078125,0.0,0.0,0.0,0.0,0.0,0.0,0.0,0.0,FL
275817,FL,1203,0.1777229607105255,7,1.0,335687.3928375244,704381.0411987305,7,0,115108.11264801024,0.0,116817.1171875,37204.98828125,13231.8837890625,0.0,0.0,50436.8720703125,-1108.999999999971,0.0,1109.0,0.0,-1235.0000000000146,0.0,1235.0,0.0,0.0,0.0,0.0,0.0,0.0,0.0,0.0,0.0,0.0,0.0,0.0,0.0,0.0,0.0,0.0,0.0,0.0,0.0,0.0,0.0,0.0,0.0,0.0,0.0,0.0,0.0,0.0,0.0,0.0,0.0,0.0,0.0,-639.9999999999854,0.0,640.0,0.0,0.0,0.0,0.0,0.0,0.0,0.0,0.0,0.0,0.0,0.0,0.0,0.0,0.0,0.0,0.0,0.0,0.0,0.0,0.0,0.0,-930.0185546875,0.0,930.015625,0.0,-311.2900390625,0.0,311.296875,0.0,0.0,0.0,0.0,0.0,0.0,0.0,0.0,0.0,0.0,0.0,0.0,0.0,110882.80405426027,0.0,121042.4296875,50436.8720703125,-4225.308593749971,0.0,4225.3125,0.0,-3.6707304954869393,0.0,3.6170318126678467,0.0,FL
275818,FL,1203,15.371930122375488,4,2.0,4154.119140625,34589.15234375,4,0,-1909.765625,0.0,88252.9375,33086.0703125,5527.08642578125,13458.6591796875,0.0,52071.81591796875,0.0,0.0,0.0,0.0,0.0,0.0,0.0,0.0,0.0,0.0,0.0,0.0,0.0,0.0,0.0,0.0,0.0,0.0,0.0,0.0,0.0,0.0,0.0,0.0,0.0,0.0,0.0,0.0,0.0,0.0,0.0,0.0,0.0,0.0,0.0,0.0,0.0,0.0,0.0,0.0,0.0,0.0,0.0,0.0,0.0,0.0,0.0,0.0,0.0,0.0,0.0,0.0,0.0,0.0,0.0,0.0,0.0,0.0,0.0,0.0,0.0,0.0,0.0,0.0,0.0,0.0,0.0,0.0,0.0,0.0,0.0,0.0,0.0,0.0,0.0,0.0,0.0,0.0,0.0,0.0,0.0,0.0,0.0,0.0,-1909.765625,0.0,88252.9375,52071.81591796875,0.0,0.0,0.0,0.0,0.0,0.0,0.0,0.0,FL
275819,FL,1203,0.3172907531261444,2,0.0,61491.57421875,87736.08984375,2,0,6575.859375,0.0,138955.84375,47546.51953125,13231.8837890625,0.0,0.0,60778.4033203125,-115.0,0.0,115.0,0.0,-209.0,0.0,209.0,0.0,0.0,0.0,0.0,0.0,0.0,0.0,0.0,0.0,0.0,0.0,0.0,0.0,0.0,0.0,0.0,0.0,0.0,0.0,0.0,0.0,0.0,0.0,0.0,0.0,0.0,0.0,0.0,0.0,0.0,0.0,0.0,0.0,0.0,0.0,0.0,0.0,0.0,0.0,0.0,0.0,0.0,0.0,0.0,0.0,0.0,0.0,0.0,0.0,0.0,0.0,0.0,0.0,0.0,0.0,0.0,0.0,0.0,0.0,0.0,0.0,-104.6279296875,0.0,104.625,0.0,0.0,0.0,0.0,0.0,0.0,0.0,0.0,0.0,0.0,0.0,0.0,0.0,6147.2314453125,0.0,139384.46875,60778.4033203125,-428.6279296875,0.0,428.625,0.0,-6.518204013258723,0.0,0.3084613084793091,0.0,FL
275820,FL,1203,0.2955726683139801,3,1.0,229903.640625,338196.375,3,0,57255.203125,0.0,372312.375,90215.546875,0.0,0.0,0.0,90215.546875,-292.0,0.0,292.0,0.0,-456.0,0.0,456.0,0.0,0.0,0.0,0.0,0.0,0.0,0.0,0.0,0.0,0.0,0.0,0.0,0.0,0.0,0.0,0.0,0.0,-871.62109375,0.0,871.59375,0.0,0.0,0.0,0.0,0.0,0.0,0.0,0.0,0.0,0.0,0.0,0.0,0.0,-308.65625,0.0,308.65625,0.0,0.0,0.0,0.0,0.0,0.0,0.0,0.0,0.0,0.0,0.0,0.0,0.0,0.0,0.0,0.0,0.0,0.0,0.0,0.0,0.0,-169.97265625,0.0,170.0,0.0,0.0,0.0,0.0,0.0,0.0,0.0,0.0,0.0,0.0,0.0,0.0,0.0,0.0,0.0,0.0,0.0,55156.953125,0.0,374410.625,90215.546875,-2098.25,0.0,2098.25,0.0,-3.664732435616523,0.0,0.5635724663734436,0.0,FL
275821,FL,1203,0.5925148129463196,2,0.0,74234.201171875,74234.203125,2,0,4786.1044921875,0.0,45979.0546875,0.0,0.0,0.0,0.0,0.0,-10.0,0.0,10.0,0.0,-228.0,0.0,228.0,0.0,0.0,0.0,0.0,0.0,0.0,0.0,0.0,0.0,0.0,0.0,0.0,0.0,0.0,0.0,0.0,0.0,0.0,0.0,0.0,0.0,0.0,0.0,0.0,0.0,0.0,0.0,0.0,0.0,0.0,0.0,0.0,0.0,0.0,0.0,0.0,0.0,0.0,0.0,0.0,0.0,0.0,0.0,0.0,0.0,-528.62109375,0.0,528.625,0.0,0.0,0.0,0.0,0.0,-1419.17578125,0.0,1419.171875,0.0,0.0,0.0,0.0,0.0,0.0,0.0,0.0,0.0,0.0,0.0,0.0,0.0,0.0,0.0,0.0,0.0,0.0,0.0,0.0,0.0,2600.3076171875,0.0,48164.8515625,0.0,-2185.796875,0.0,2185.796875,0.0,-45.66964383180394,0.0,4.753897190093994,0.0,FL
275822,FL,1203,0.31946131587028503,2,0.0,37052.703125,182134.328125,2,0,22619.12890625,0.0,164492.0,0.0,0.0,0.0,0.0,0.0,-230.0,0.0,230.0,0.0,-418.0,0.0,418.0,0.0,0.0,0.0,0.0,0.0,0.0,0.0,0.0,0.0,0.0,0.0,0.0,0.0,0.0,0.0,0.0,0.0,0.0,0.0,0.0,0.0,0.0,0.0,0.0,0.0,0.0,0.0,0.0,0.0,0.0,0.0,0.0,0.0,0.0,0.0,0.0,0.0,0.0,0.0,0.0,0.0,0.0,0.0,0.0,0.0,0.0,0.0,0.0,0.0,0.0,0.0,0.0,0.0,0.0,0.0,0.0,0.0,-895.826171875,0.0,895.828125,0.0,0.0,0.0,0.0,0.0,0.0,0.0,0.0,0.0,0.0,0.0,0.0,0.0,0.0,0.0,0.0,0.0,21075.302734375,0.0,166035.828125,0.0,-1543.826171875,0.0,1543.828125,0.0,-6.825312231402589,0.0,0.9385430216789246,0.0,FL
275823,FL,1203,0.5159788727760315,2,0.0,115705.83203125,323639.0625,2,0,43715.84765625,0.0,296584.75,18311.017578125,0.0,0.0,0.0,18311.017578125,-230.0,0.0,230.0,0.0,-418.0,0.0,418.0,0.0,0.0,0.0,0.0,0.0,0.0,0.0,0.0,0.0,0.0,0.0,0.0,0.0,0.0,0.0,0.0,0.0,0.0,0.0,0.0,0.0,0.0,0.0,0.0,0.0,0.0,0.0,0.0,0.0,0.0,0.0,0.0,0.0,-440.0,0.0,440.0,0.0,0.0,0.0,0.0,0.0,0.0,0.0,0.0,0.0,-2751.73046875,0.0,2751.71875,0.0,0.0,0.0,0.0,0.0,0.0,0.0,0.0,0.0,-427.05078125,0.0,427.0625,0.0,0.0,0.0,0.0,0.0,0.0,0.0,0.0,0.0,0.0,0.0,0.0,0.0,0.0,0.0,0.0,0.0,39449.06640625,0.0,300851.53125,18311.017578125,-4266.78125,0.0,4266.78125,0.0,-9.76026196163666,0.0,1.4386380910873413,0.0,FL
275824,FL,1203,97.4145278930664,1,0.0,0.0,7488.69970703125,1,0,0.0,0.0,34376.1328125,12197.53515625,13231.8837890625,0.0,0.0,25429.4189453125,0.0,0.0,0.0,0.0,0.0,0.0,0.0,0.0,0.0,0.0,0.0,0.0,0.0,0.0,0.0,0.0,0.0,0.0,0.0,0.0,0.0,0.0,0.0,0.0,0.0,0.0,0.0,0.0,0.0,0.0,0.0,0.0,0.0,0.0,0.0,0.0,0.0,0.0,0.0,0.0,0.0,0.0,0.0,0.0,0.0,0.0,0.0,0.0,0.0,0.0,0.0,0.0,0.0,0.0,0.0,0.0,0.0,0.0,0.0,0.0,0.0,0.0,0.0,0.0,0.0,0.0,0.0,0.0,0.0,0.0,0.0,0.0,0.0,0.0,0.0,0.0,0.0,0.0,0.0,0.0,0.0,0.0,0.0,0.0,0.0,0.0,34376.1328125,25429.4189453125,0.0,0.0,0.0,0.0,0.0,0.0,0.0,0.0,FL
275825,FL,1203,0.10732869058847427,1,0.0,53770.66015625,53770.66015625,1,0,4391.47900390625,0.0,55190.27734375,9924.5517578125,0.0,0.0,0.0,9924.5517578125,-5.0,0.0,5.0,0.0,-114.0,0.0,114.0,0.0,0.0,0.0,0.0,0.0,0.0,0.0,0.0,0.0,0.0,0.0,0.0,0.0,0.0,0.0,0.0,0.0,0.0,0.0,0.0,0.0,0.0,0.0,0.0,0.0,0.0,0.0,0.0,0.0,0.0,0.0,0.0,0.0,0.0,0.0,0.0,0.0,0.0,0.0,0.0,0.0,0.0,0.0,0.0,0.0,0.0,0.0,0.0,0.0,0.0,0.0,0.0,0.0,0.0,0.0,0.0,0.0,0.0,0.0,0.0,0.0,0.0,0.0,0.0,0.0,0.0,0.0,0.0,0.0,0.0,0.0,0.0,0.0,0.0,0.0,0.0,0.0,4272.47900390625,0.0,55309.27734375,9924.5517578125,-119.0,0.0,119.0,0.0,-2.709793213041636,0.0,0.21561768651008606,0.0,FL
275826,FL,1203,0.13196109235286713,5,3.0,203392.06640625,318318.8125,5,0,45321.76171875,0.0,282144.53125,0.0,0.0,0.0,0.0,0.0,-292.0,0.0,292.0,0.0,-456.0,0.0,456.0,0.0,0.0,0.0,0.0,0.0,0.0,0.0,0.0,0.0,-600.0,0.0,600.0,0.0,0.0,0.0,0.0,0.0,0.0,0.0,0.0,0.0,0.0,0.0,0.0,0.0,0.0,0.0,0.0,0.0,0.0,0.0,0.0,0.0,-480.0,0.0,480.0,0.0,0.0,0.0,0.0,0.0,0.0,0.0,0.0,0.0,0.0,0.0,0.0,0.0,0.0,0.0,0.0,0.0,0.0,0.0,0.0,0.0,0.0,0.0,0.0,0.0,0.0,0.0,0.0,0.0,0.0,0.0,0.0,0.0,0.0,0.0,0.0,0.0,0.0,0.0,0.0,0.0,43493.76171875,0.0,283972.53125,0.0,-1828.0,0.0,1828.0,0.0,-4.033382487079581,0.0,0.6478949189186096,0.0,FL
275827,FL,1203,0.1930200159549713,6,3.9999999999999996,228948.6953125,297309.3125,3,3,38417.69921875,0.0,259935.90625,15759.4638671875,0.0,0.0,0.0,15759.4638671875,-292.0,0.0,292.0,0.0,-456.0,0.0,456.0,0.0,0.0,0.0,0.0,0.0,8000.0,0.0,-8000.0,0.0,0.0,0.0,0.0,0.0,0.0,0.0,0.0,0.0,-439.63671875,0.0,439.625,0.0,0.0,0.0,0.0,0.0,0.0,0.0,0.0,0.0,0.0,0.0,0.0,0.0,-480.0,0.0,480.0,0.0,0.0,0.0,0.0,0.0,0.0,0.0,0.0,0.0,0.0,0.0,0.0,0.0,0.0,0.0,0.0,0.0,0.0,0.0,0.0,0.0,0.0,0.0,0.0,0.0,0.0,0.0,0.0,0.0,0.0,0.0,0.0,0.0,0.0,0.0,0.0,0.0,0.0,0.0,0.0,0.0,44750.0625,0.0,253603.53125,15759.4638671875,6332.36328125,0.0,-6332.375,0.0,16.48293211208091,0.0,-2.436129331588745,0.0,FL
275828,FL,1203,0.24025417864322662,4,2.0,266732.5234375,651240.8125,4,0,124553.1953125,0.0,532228.875,0.0,0.0,0.0,0.0,0.0,-764.0,0.0,764.0,0.0,0.0,0.0,0.0,0.0,0.0,0.0,0.0,0.0,0.0,0.0,0.0,0.0,0.0,0.0,0.0,0.0,0.0,0.0,0.0,0.0,0.0,0.0,0.0,0.0,0.0,0.0,0.0,0.0,0.0,0.0,0.0,0.0,0.0,0.0,0.0,0.0,0.0,0.0,0.0,0.0,0.0,0.0,0.0,0.0,0.0,0.0,0.0,0.0,0.0,0.0,0.0,0.0,0.0,0.0,0.0,0.0,0.0,0.0,0.0,0.0,0.0,0.0,0.0,0.0,0.0,0.0,0.0,0.0,0.0,0.0,0.0,0.0,0.0,0.0,0.0,0.0,0.0,0.0,0.0,0.0,123789.1953125,0.0,532992.875,0.0,-764.0,0.0,764.0,0.0,-0.6133925332731516,0.0,0.14354726672172546,0.0,FL
275829,FL,1203,566.9099731445312,3,0.0,11827.2783203125,11827.2783203125,3,0,0.0,0.0,21199.115234375,10164.0576171875,0.0,0.0,0.0,10164.0576171875,0.0,0.0,0.0,0.0,0.0,0.0,0.0,0.0,0.0,0.0,0.0,0.0,0.0,0.0,0.0,0.0,0.0,0.0,0.0,0.0,0.0,0.0,0.0,0.0,0.0,0.0,0.0,0.0,0.0,0.0,0.0,0.0,0.0,0.0,0.0,0.0,0.0,0.0,0.0,0.0,0.0,0.0,0.0,0.0,0.0,0.0,0.0,0.0,0.0,0.0,0.0,0.0,0.0,0.0,0.0,0.0,0.0,0.0,0.0,0.0,0.0,0.0,0.0,0.0,0.0,0.0,0.0,0.0,0.0,0.0,0.0,0.0,0.0,0.0,0.0,0.0,0.0,0.0,0.0,0.0,0.0,0.0,0.0,0.0,0.0,0.0,21199.115234375,10164.0576171875,0.0,0.0,0.0,0.0,0.0,0.0,0.0,0.0,FL
275830,FL,1203,0.451620876789093,2,0.0,795568.75,926862.625,2,0,188742.046875,0.0,708008.5,0.0,0.0,0.0,0.0,0.0,-749.0,0.0,749.0,0.0,0.0,0.0,0.0,0.0,0.0,0.0,0.0,0.0,0.0,0.0,0.0,0.0,0.0,0.0,0.0,0.0,0.0,0.0,0.0,0.0,-1749.90625,0.0,1749.875,0.0,0.0,0.0,0.0,0.0,0.0,0.0,0.0,0.0,0.0,0.0,0.0,0.0,0.0,0.0,0.0,0.0,0.0,0.0,0.0,0.0,0.0,0.0,0.0,0.0,0.0,0.0,0.0,0.0,0.0,0.0,0.0,0.0,0.0,0.0,0.0,0.0,0.0,0.0,0.0,0.0,0.0,0.0,0.0,0.0,0.0,0.0,0.0,0.0,0.0,0.0,0.0,0.0,0.0,0.0,0.0,0.0,186243.140625,0.0,710507.375,0.0,-2498.90625,0.0,2498.875,0.0,-1.3239796279495553,0.0,0.35294419527053833,0.0,FL
275831,FL,1203,0.17234386503696442,1,0.0,34900.2421875,34900.2421875,1,0,1927.029052734375,0.0,64064.1015625,0.0,0.0,0.0,0.0,0.0,-5.0,0.0,5.0,0.0,-114.0,0.0,114.0,0.0,0.0,0.0,0.0,0.0,0.0,0.0,0.0,0.0,0.0,0.0,0.0,0.0,0.0,0.0,0.0,0.0,0.0,0.0,0.0,0.0,0.0,0.0,0.0,0.0,0.0,0.0,0.0,0.0,0.0,0.0,0.0,0.0,0.0,0.0,0.0,0.0,0.0,0.0,0.0,0.0,0.0,0.0,0.0,0.0,0.0,0.0,0.0,0.0,0.0,0.0,0.0,0.0,0.0,0.0,0.0,0.0,0.0,0.0,0.0,0.0,0.0,0.0,0.0,0.0,0.0,0.0,0.0,0.0,0.0,0.0,0.0,0.0,0.0,0.0,0.0,0.0,1808.029052734375,0.0,64183.1015625,0.0,-119.0,0.0,119.0,0.0,-6.175309076484544,0.0,0.18575145304203033,0.0,FL
275832,FL,1203,280.598388671875,2,0.0,0.0,7166.77490234375,2,0,0.0,0.0,83654.515625,38243.8671875,0.0,0.0,0.0,38243.8671875,0.0,0.0,0.0,0.0,0.0,0.0,0.0,0.0,0.0,0.0,0.0,0.0,0.0,0.0,0.0,0.0,0.0,0.0,0.0,0.0,0.0,0.0,0.0,0.0,0.0,0.0,0.0,0.0,0.0,0.0,0.0,0.0,0.0,0.0,0.0,0.0,0.0,0.0,0.0,0.0,0.0,0.0,0.0,0.0,0.0,0.0,0.0,0.0,0.0,0.0,0.0,0.0,0.0,0.0,0.0,0.0,0.0,0.0,0.0,0.0,0.0,0.0,0.0,0.0,0.0,0.0,0.0,0.0,0.0,0.0,0.0,0.0,0.0,0.0,0.0,0.0,0.0,0.0,0.0,0.0,0.0,0.0,0.0,0.0,0.0,0.0,83654.515625,38243.8671875,0.0,0.0,0.0,0.0,0.0,0.0,0.0,0.0,FL
275833,FL,1203,0.1314079612493515,2,0.0,86780.625,575779.375,2,0,103549.859375,0.0,554364.5,68797.109375,0.0,0.0,0.0,68797.109375,-292.0,0.0,292.0,0.0,-456.0,0.0,456.0,0.0,0.0,0.0,0.0,0.0,0.0,0.0,0.0,0.0,0.0,0.0,0.0,0.0,0.0,0.0,0.0,0.0,0.0,0.0,0.0,0.0,0.0,0.0,0.0,0.0,0.0,0.0,0.0,0.0,0.0,0.0,0.0,0.0,-480.0,0.0,480.0,0.0,0.0,0.0,0.0,0.0,0.0,0.0,0.0,0.0,0.0,0.0,0.0,0.0,0.0,0.0,0.0,0.0,0.0,0.0,0.0,0.0,0.0,0.0,0.0,0.0,0.0,0.0,0.0,0.0,0.0,0.0,0.0,0.0,0.0,0.0,0.0,0.0,0.0,0.0,0.0,0.0,102321.859375,0.0,555592.5,68797.109375,-1228.0,0.0,1228.0,0.0,-1.1859021416464381,0.0,0.22151491045951843,0.0,FL
275834,FL,1203,175.22528076171875,1,0.0,4687.6982421875,4687.6982421875,1,0,0.0,0.0,27869.55078125,10308.5791015625,13231.8837890625,0.0,0.0,23540.462890625,0.0,0.0,0.0,0.0,0.0,0.0,0.0,0.0,0.0,0.0,0.0,0.0,0.0,0.0,0.0,0.0,0.0,0.0,0.0,0.0,0.0,0.0,0.0,0.0,0.0,0.0,0.0,0.0,0.0,0.0,0.0,0.0,0.0,0.0,0.0,0.0,0.0,0.0,0.0,0.0,0.0,0.0,0.0,0.0,0.0,0.0,0.0,0.0,0.0,0.0,0.0,0.0,0.0,0.0,0.0,0.0,0.0,0.0,0.0,0.0,0.0,0.0,0.0,0.0,0.0,0.0,0.0,0.0,0.0,0.0,0.0,0.0,0.0,0.0,-3596.0390625,-3596.03955078125,0.0,0.0,0.0,0.0,0.0,0.0,0.0,0.0,0.0,0.0,24273.51171875,19944.42333984375,0.0,0.0,-3596.0390625,-3596.03955078125,0.0,0.0,-12.90311050415039,-15.275993371453092,FL
275835,FL,1203,0.14953458309173584,3,1.0,507035.4375,607353.4375,3,0,127605.0546875,0.0,464643.25,0.0,0.0,0.0,0.0,0.0,-749.0,0.0,749.0,0.0,0.0,0.0,0.0,0.0,0.0,0.0,0.0,0.0,0.0,0.0,0.0,0.0,0.0,0.0,0.0,0.0,0.0,0.0,0.0,0.0,-1587.3359375,0.0,1587.3125,0.0,0.0,0.0,0.0,0.0,0.0,0.0,0.0,0.0,0.0,0.0,0.0,0.0,0.0,0.0,0.0,0.0,0.0,0.0,0.0,0.0,0.0,0.0,0.0,0.0,0.0,0.0,0.0,0.0,0.0,0.0,0.0,0.0,0.0,0.0,0.0,0.0,0.0,0.0,0.0,0.0,0.0,0.0,0.0,0.0,0.0,0.0,0.0,0.0,0.0,0.0,0.0,0.0,0.0,0.0,0.0,0.0,125268.71875,0.0,466979.5625,0.0,-2336.3359375,0.0,2336.3125,0.0,-1.8309117481447732,0.0,0.5028185248374939,0.0,FL
275836,FL,1203,316.3577880859375,2,0.0,18455.01953125,54552.2734375,2,0,2095.227294921875,0.0,127513.84375,46431.5078125,0.0,0.0,0.0,46431.5078125,0.0,0.0,0.0,0.0,-190.0,0.0,190.0,0.0,0.0,0.0,0.0,0.0,0.0,0.0,0.0,0.0,0.0,0.0,0.0,0.0,0.0,0.0,0.0,0.0,0.0,0.0,0.0,0.0,0.0,0.0,0.0,0.0,0.0,0.0,0.0,0.0,0.0,0.0,0.0,0.0,0.0,0.0,0.0,0.0,0.0,0.0,0.0,0.0,0.0,0.0,0.0,0.0,0.0,0.0,0.0,0.0,0.0,0.0,0.0,0.0,0.0,0.0,0.0,0.0,-1199.9999389648438,0.0,1200.0,0.0,0.0,0.0,0.0,0.0,0.0,0.0,0.0,0.0,0.0,0.0,0.0,0.0,0.0,0.0,0.0,0.0,705.2273559570312,0.0,128903.84375,46431.5078125,-1389.9999389648438,0.0,1390.0,0.0,-66.34124814685907,0.0,1.0900776386260986,0.0,FL
275837,FL,1203,220.1259765625,2,0.0,0.0,253360.65625,2,0,38251.5625,0.0,236263.0625,16937.69140625,0.0,0.0,0.0,16937.69140625,-292.0,0.0,292.0,0.0,-456.0,0.0,456.0,0.0,0.0,0.0,0.0,0.0,0.0,0.0,0.0,0.0,0.0,0.0,0.0,0.0,0.0,0.0,0.0,0.0,0.0,0.0,0.0,0.0,0.0,0.0,0.0,0.0,0.0,0.0,0.0,0.0,0.0,0.0,0.0,0.0,0.0,0.0,0.0,0.0,0.0,0.0,0.0,0.0,0.0,0.0,0.0,0.0,0.0,0.0,0.0,0.0,0.0,0.0,0.0,0.0,0.0,0.0,0.0,0.0,-1391.60546875,0.0,1391.609375,0.0,0.0,0.0,0.0,0.0,0.0,0.0,0.0,0.0,0.0,0.0,0.0,0.0,0.0,0.0,0.0,0.0,36111.95703125,0.0,238402.671875,16937.69140625,-2139.60546875,0.0,2139.609375,0.0,-5.593511294473265,0.0,0.9056046605110168,0.0,FL
275838,FL,1203,90.68963623046875,4,2.0,1443.943603515625,1443.943603515625,4,0,0.0,0.0,16249.6357421875,2261.924560546875,12091.40185546875,0.0,0.0,14353.326416015625,0.0,0.0,0.0,0.0,0.0,0.0,0.0,0.0,0.0,0.0,0.0,0.0,0.0,0.0,0.0,0.0,0.0,0.0,0.0,0.0,0.0,0.0,0.0,0.0,0.0,0.0,0.0,0.0,0.0,0.0,0.0,0.0,0.0,0.0,0.0,0.0,0.0,0.0,0.0,0.0,0.0,0.0,0.0,0.0,0.0,0.0,0.0,0.0,0.0,0.0,0.0,0.0,0.0,0.0,0.0,0.0,0.0,0.0,0.0,0.0,0.0,0.0,0.0,0.0,0.0,0.0,0.0,0.0,0.0,0.0,0.0,0.0,0.0,0.0,0.0,0.0,0.0,0.0,0.0,0.0,0.0,0.0,0.0,0.0,0.0,0.0,16249.6357421875,14353.326416015625,0.0,0.0,0.0,0.0,0.0,0.0,0.0,0.0,FL
275839,FL,1203,326.3949279785156,2,0.0,0.0,0.0,2,0,0.0,0.0,119328.515625,63199.16796875,0.0,0.0,0.0,63199.16796875,0.0,0.0,0.0,0.0,0.0,0.0,0.0,0.0,0.0,0.0,0.0,0.0,0.0,0.0,0.0,0.0,0.0,0.0,0.0,0.0,0.0,0.0,0.0,0.0,0.0,0.0,0.0,0.0,0.0,0.0,0.0,0.0,0.0,0.0,0.0,0.0,0.0,0.0,0.0,0.0,0.0,0.0,0.0,0.0,0.0,0.0,0.0,0.0,0.0,0.0,0.0,0.0,0.0,0.0,0.0,0.0,0.0,0.0,0.0,0.0,0.0,0.0,0.0,0.0,0.0,0.0,0.0,0.0,0.0,0.0,0.0,0.0,0.0,0.0,0.0,0.0,0.0,0.0,0.0,0.0,0.0,0.0,0.0,0.0,0.0,0.0,119328.515625,63199.16796875,0.0,0.0,0.0,0.0,0.0,0.0,0.0,0.0,FL
275840,FL,1203,83.4208984375,4,2.0,23353.015625,23413.12890625,4,0,0.0,0.0,26092.390625,1130.9622802734375,2763.543212890625,0.0,0.0,3894.5054931640625,0.0,0.0,0.0,0.0,0.0,0.0,0.0,0.0,0.0,0.0,0.0,0.0,0.0,0.0,0.0,0.0,0.0,0.0,0.0,0.0,0.0,0.0,0.0,0.0,0.0,0.0,0.0,0.0,0.0,0.0,0.0,0.0,0.0,0.0,0.0,0.0,0.0,0.0,0.0,0.0,0.0,0.0,0.0,0.0,0.0,0.0,0.0,0.0,0.0,0.0,0.0,0.0,0.0,0.0,0.0,0.0,0.0,0.0,0.0,0.0,0.0,0.0,0.0,0.0,0.0,0.0,0.0,0.0,0.0,0.0,0.0,0.0,0.0,0.0,0.0,0.0,0.0,0.0,0.0,0.0,0.0,0.0,0.0,0.0,0.0,0.0,26092.390625,3894.5054931640625,0.0,0.0,0.0,0.0,0.0,0.0,0.0,0.0,FL
275841,FL,1203,0.13180138170719147,6,2.0,240896.6591796875,253745.0380859375,2,4,25437.37158203125,0.0,261439.96875,17852.15234375,0.0,13040.216796875,0.0,30892.369140625,-235.0,0.0,235.0,0.0,-532.0,0.0,532.0,0.0,0.0,0.0,0.0,0.0,0.0,0.0,0.0,0.0,-400.0,0.0,400.0,0.0,0.0,0.0,0.0,0.0,0.0,0.0,0.0,0.0,0.0,0.0,0.0,0.0,0.0,0.0,0.0,0.0,0.0,0.0,0.0,0.0,-440.0,0.0,440.0,0.0,0.0,0.0,0.0,0.0,0.0,0.0,0.0,0.0,0.0,0.0,0.0,0.0,0.0,0.0,0.0,0.0,0.0,0.0,0.0,0.0,0.0,0.0,0.0,0.0,-549.44091796875,0.0,549.4375,0.0,0.0,0.0,0.0,0.0,0.0,0.0,-13040.21875,-13040.216796875,0.0,0.0,0.0,0.0,23280.9306640625,0.0,250556.1875,17852.15234375,-2156.44091796875,0.0,-10883.78125,-13040.216796875,-8.477451811460119,0.0,-4.163013458251953,-42.21177319717596,FL
275842,FL,1203,0.11262236535549164,1,0.0,93470.2109375,118070.765625,1,0,16387.14453125,0.0,97220.90625,0.0,0.0,0.0,0.0,0.0,-115.0,0.0,115.0,0.0,-209.0,0.0,209.0,0.0,0.0,0.0,0.0,0.0,0.0,0.0,0.0,0.0,0.0,0.0,0.0,0.0,0.0,0.0,0.0,0.0,-17.576171875,0.0,17.578125,0.0,0.0,0.0,0.0,0.0,0.0,0.0,0.0,0.0,0.0,0.0,0.0,0.0,-220.0,0.0,220.0,0.0,0.0,0.0,0.0,0.0,0.0,0.0,0.0,0.0,0.0,0.0,0.0,0.0,0.0,0.0,0.0,0.0,0.0,0.0,0.0,0.0,0.0,0.0,0.0,0.0,0.0,0.0,0.0,0.0,0.0,0.0,0.0,0.0,0.0,0.0,0.0,0.0,0.0,0.0,0.0,0.0,15825.568359375,0.0,97782.484375,0.0,-561.576171875,0.0,561.578125,0.0,-3.4269312191888224,0.0,0.5776310563087463,0.0,FL
275843,FL,1203,381.8219909667969,1,0.0,0.0,1401.56689453125,1,0,0.0,0.0,60045.1875,32527.0625,0.0,0.0,0.0,32527.0625,0.0,0.0,0.0,0.0,0.0,0.0,0.0,0.0,0.0,0.0,0.0,0.0,0.0,0.0,0.0,0.0,0.0,0.0,0.0,0.0,0.0,0.0,0.0,0.0,0.0,0.0,0.0,0.0,0.0,0.0,0.0,0.0,0.0,0.0,0.0,0.0,0.0,0.0,0.0,0.0,0.0,0.0,0.0,0.0,0.0,0.0,0.0,0.0,0.0,0.0,0.0,0.0,0.0,0.0,0.0,0.0,0.0,0.0,0.0,0.0,0.0,0.0,0.0,0.0,0.0,0.0,0.0,0.0,0.0,0.0,0.0,0.0,0.0,0.0,0.0,0.0,0.0,0.0,0.0,0.0,0.0,0.0,0.0,0.0,0.0,0.0,60045.1875,32527.0625,0.0,0.0,0.0,0.0,0.0,0.0,0.0,0.0,FL
275844,FL,1203,0.16370882093906403,2,0.0,246072.0,471555.6015625,2,0,84225.8427734375,0.0,394544.8125,12699.998046875,0.0,0.0,0.0,12699.998046875,-374.0,0.0,374.0,0.0,-114.0,0.0,114.0,0.0,0.0,0.0,0.0,0.0,0.0,0.0,0.0,0.0,0.0,0.0,0.0,0.0,0.0,0.0,0.0,0.0,0.0,0.0,0.0,0.0,0.0,0.0,0.0,0.0,0.0,0.0,0.0,0.0,0.0,0.0,0.0,0.0,0.0,0.0,0.0,0.0,0.0,0.0,0.0,0.0,0.0,0.0,0.0,0.0,0.0,0.0,0.0,0.0,0.0,0.0,0.0,0.0,-1059.84130859375,0.0,1059.8125,0.0,0.0,0.0,0.0,0.0,0.0,0.0,0.0,0.0,0.0,0.0,0.0,0.0,0.0,0.0,0.0,0.0,0.0,0.0,0.0,0.0,82678.00146484375,0.0,396092.625,12699.998046875,-1547.84130859375,0.0,1547.8125,0.0,-1.8377273027203194,0.0,0.39230334758758545,0.0,FL
275845,FL,1203,0.32702744007110596,4,2.0,92865.4453125,112816.2265625,4,0,4937.3876953125,0.0,109215.4375,0.0,0.0,0.0,0.0,0.0,-10.0,0.0,10.0,0.0,-228.0,0.0,228.0,0.0,0.0,0.0,0.0,0.0,0.0,0.0,0.0,0.0,-400.0,0.0,400.0,0.0,0.0,0.0,0.0,0.0,-121.4404296875,0.0,121.4375,0.0,0.0,0.0,0.0,0.0,0.0,0.0,0.0,0.0,0.0,0.0,0.0,0.0,-240.0,0.0,240.0,0.0,0.0,0.0,0.0,0.0,0.0,0.0,0.0,0.0,0.0,0.0,0.0,0.0,0.0,0.0,0.0,0.0,0.0,0.0,0.0,0.0,0.0,0.0,0.0,0.0,-140.080078125,0.0,140.078125,0.0,0.0,0.0,0.0,0.0,0.0,0.0,0.0,0.0,0.0,0.0,0.0,0.0,3797.8671875,0.0,110354.953125,0.0,-1139.5205078125,0.0,1139.515625,0.0,-23.07942130804004,0.0,1.0433650016784668,0.0,FL
275846,FL,1203,0.17972640693187714,4,2.0,219064.6484375,844852.8125,4,0,202646.078125,0.0,659953.0625,12025.59765625,2763.543212890625,0.0,0.0,14789.140869140625,-749.0,0.0,749.0,0.0,0.0,0.0,0.0,0.0,0.0,0.0,0.0,0.0,0.0,0.0,0.0,0.0,0.0,0.0,0.0,0.0,0.0,0.0,0.0,0.0,-1841.734375,0.0,1841.75,0.0,0.0,0.0,0.0,0.0,0.0,0.0,0.0,0.0,0.0,0.0,0.0,0.0,0.0,0.0,0.0,0.0,0.0,0.0,0.0,0.0,0.0,0.0,0.0,0.0,0.0,0.0,0.0,0.0,0.0,0.0,0.0,0.0,0.0,0.0,0.0,0.0,0.0,0.0,0.0,0.0,0.0,0.0,0.0,0.0,0.0,0.0,0.0,0.0,0.0,0.0,0.0,0.0,0.0,0.0,0.0,0.0,200055.34375,0.0,662543.8125,14789.140869140625,-2590.734375,0.0,2590.75,0.0,-1.278452758114536,0.0,0.3925657868385315,0.0,FL
275847,FL,1203,0.15480609238147736,2,0.0,203363.390625,388475.625,2,0,69075.078125,0.0,308092.09375,0.0,0.0,0.0,0.0,0.0,-500.0,0.0,500.0,0.0,-304.0,0.0,304.0,0.0,0.0,0.0,0.0,0.0,0.0,0.0,0.0,0.0,0.0,0.0,0.0,0.0,0.0,0.0,0.0,0.0,-19.173828125,0.0,19.15625,0.0,0.0,0.0,0.0,0.0,0.0,0.0,0.0,0.0,0.0,0.0,0.0,0.0,-320.0,0.0,320.0,0.0,0.0,0.0,0.0,0.0,0.0,0.0,0.0,0.0,0.0,0.0,0.0,0.0,0.0,0.0,0.0,0.0,0.0,0.0,0.0,0.0,0.0,0.0,0.0,0.0,0.0,0.0,0.0,0.0,0.0,0.0,0.0,0.0,0.0,0.0,0.0,0.0,0.0,0.0,0.0,0.0,67931.904296875,0.0,309235.25,0.0,-1143.173828125,0.0,1143.15625,0.0,-1.6549729065181569,0.0,0.37104368209838867,0.0,FL
275848,FL,1203,131.98548889160156,1,0.0,0.0,0.0,1,0,0.0,0.0,34990.078125,17803.880859375,0.0,0.0,0.0,17803.880859375,0.0,0.0,0.0,0.0,0.0,0.0,0.0,0.0,0.0,0.0,0.0,0.0,0.0,0.0,0.0,0.0,0.0,0.0,0.0,0.0,0.0,0.0,0.0,0.0,0.0,0.0,0.0,0.0,0.0,0.0,0.0,0.0,0.0,0.0,0.0,0.0,0.0,0.0,0.0,0.0,0.0,0.0,0.0,0.0,0.0,0.0,0.0,0.0,0.0,0.0,0.0,0.0,0.0,0.0,0.0,0.0,0.0,0.0,0.0,0.0,0.0,0.0,0.0,0.0,0.0,0.0,0.0,0.0,0.0,0.0,0.0,0.0,0.0,0.0,0.0,0.0,0.0,0.0,0.0,0.0,0.0,0.0,0.0,0.0,0.0,0.0,34990.078125,17803.880859375,0.0,0.0,0.0,0.0,0.0,0.0,0.0,0.0,FL
275849,FL,1203,0.22352294623851776,2,0.0,128732.556640625,156289.71875,2,0,15575.841796875,0.0,140088.90625,0.0,0.0,0.0,0.0,0.0,-183.40625,0.0,183.40625,0.0,-297.888671875,0.0,297.875,0.0,0.0,0.0,0.0,0.0,0.0,0.0,0.0,0.0,0.0,0.0,0.0,0.0,0.0,0.0,0.0,0.0,0.0,0.0,0.0,0.0,0.0,0.0,0.0,0.0,0.0,0.0,0.0,0.0,0.0,0.0,0.0,0.0,0.0,0.0,0.0,0.0,0.0,0.0,0.0,0.0,0.0,0.0,0.0,0.0,0.0,0.0,0.0,0.0,0.0,0.0,0.0,0.0,0.0,0.0,0.0,0.0,0.0,0.0,0.0,0.0,0.0,0.0,0.0,0.0,0.0,0.0,0.0,0.0,0.0,0.0,0.0,0.0,0.0,0.0,0.0,0.0,15094.546875,0.0,140570.1875,0.0,-481.294921875,0.0,481.28125,0.0,-3.090009054737336,0.0,0.34355413913726807,0.0,FL
275850,FL,1203,0.14087022840976715,1,0.0,203388.3125,347905.46875,1,0,67349.625,0.0,291301.5625,19618.947265625,0.0,0.0,0.0,19618.947265625,-369.0,0.0,369.0,0.0,0.0,0.0,0.0,0.0,0.0,0.0,0.0,0.0,0.0,0.0,0.0,0.0,0.0,0.0,0.0,0.0,0.0,0.0,0.0,0.0,-1191.140625,0.0,1191.125,0.0,0.0,0.0,0.0,0.0,0.0,0.0,0.0,0.0,0.0,0.0,0.0,0.0,0.0,0.0,0.0,0.0,0.0,0.0,0.0,0.0,0.0,0.0,0.0,0.0,0.0,0.0,0.0,0.0,0.0,0.0,0.0,0.0,0.0,0.0,0.0,0.0,0.0,0.0,0.0,0.0,0.0,0.0,0.0,0.0,0.0,0.0,0.0,0.0,0.0,0.0,0.0,0.0,0.0,0.0,0.0,0.0,65789.484375,0.0,292861.6875,19618.947265625,-1560.140625,0.0,1560.125,0.0,-2.3164800472162983,0.0,0.5355703830718994,0.0,FL
275851,FL,1203,0.12758077681064606,1,0.0,1296.0107421875,683297.6875,1,0,176371.171875,0.0,517650.25,13624.2685546875,0.0,0.0,0.0,13624.2685546875,0.0,0.0,0.0,0.0,0.0,0.0,0.0,0.0,0.0,0.0,0.0,0.0,0.0,0.0,0.0,0.0,0.0,0.0,0.0,0.0,0.0,0.0,0.0,0.0,-2067.703125,0.0,2067.71875,0.0,0.0,0.0,0.0,0.0,0.0,0.0,0.0,0.0,0.0,0.0,0.0,0.0,0.0,0.0,0.0,0.0,0.0,0.0,0.0,0.0,0.0,0.0,0.0,0.0,0.0,0.0,0.0,0.0,0.0,0.0,0.0,0.0,0.0,0.0,0.0,0.0,0.0,0.0,0.0,0.0,0.0,0.0,0.0,0.0,0.0,0.0,0.0,0.0,0.0,0.0,0.0,0.0,0.0,0.0,0.0,0.0,174303.46875,0.0,519717.96875,13624.2685546875,-2067.703125,0.0,2067.71875,0.0,-1.1723588968754195,0.0,0.39944323897361755,0.0,FL
275852,FL,1203,0.09619338810443878,3,1.0,268522.09619140625,548262.6875,3,0,106405.8828125,0.0,428470.4375,0.0,0.0,0.0,0.0,0.0,0.0,0.0,0.0,0.0,0.0,0.0,0.0,0.0,0.0,0.0,0.0,0.0,0.0,0.0,0.0,0.0,0.0,0.0,0.0,0.0,0.0,0.0,0.0,0.0,-1150.1484375,0.0,1150.15625,0.0,0.0,0.0,0.0,0.0,0.0,0.0,0.0,0.0,0.0,0.0,0.0,0.0,0.0,0.0,0.0,0.0,0.0,0.0,0.0,0.0,0.0,0.0,0.0,0.0,0.0,0.0,0.0,0.0,0.0,0.0,0.0,0.0,0.0,0.0,0.0,0.0,0.0,0.0,0.0,0.0,0.0,0.0,0.0,0.0,0.0,0.0,0.0,0.0,0.0,0.0,0.0,0.0,0.0,0.0,0.0,0.0,105255.734375,0.0,429620.59375,0.0,-1150.1484375,0.0,1150.15625,0.0,-1.0809068137019269,0.0,0.2684330642223358,0.0,FL
275853,FL,1203,212.38729858398438,1,0.0,0.0,0.0,1,0,0.0,0.0,3596.039794921875,3596.039794921875,0.0,0.0,0.0,3596.039794921875,0.0,0.0,0.0,0.0,0.0,0.0,0.0,0.0,0.0,0.0,0.0,0.0,0.0,0.0,0.0,0.0,0.0,0.0,0.0,0.0,0.0,0.0,0.0,0.0,0.0,0.0,0.0,0.0,0.0,0.0,0.0,0.0,0.0,0.0,0.0,0.0,0.0,0.0,0.0,0.0,0.0,0.0,0.0,0.0,0.0,0.0,0.0,0.0,0.0,0.0,0.0,0.0,0.0,0.0,0.0,0.0,0.0,0.0,0.0,0.0,0.0,0.0,0.0,0.0,0.0,0.0,0.0,0.0,0.0,0.0,0.0,0.0,0.0,0.0,0.0,0.0,0.0,0.0,0.0,0.0,0.0,0.0,0.0,0.0,0.0,0.0,3596.039794921875,3596.039794921875,0.0,0.0,0.0,0.0,0.0,0.0,0.0,0.0,FL
275854,FL,1203,343.0842590332031,2,0.0,15952.1865234375,31324.7890625,2,0,0.0,0.0,175482.53125,78148.8046875,0.0,0.0,0.0,78148.8046875,0.0,0.0,0.0,0.0,0.0,0.0,0.0,0.0,0.0,0.0,0.0,0.0,0.0,0.0,0.0,0.0,0.0,0.0,0.0,0.0,0.0,0.0,0.0,0.0,0.0,0.0,0.0,0.0,0.0,0.0,0.0,0.0,0.0,0.0,0.0,0.0,0.0,0.0,0.0,0.0,0.0,0.0,0.0,0.0,0.0,0.0,0.0,0.0,0.0,0.0,0.0,0.0,0.0,0.0,0.0,0.0,0.0,0.0,0.0,0.0,0.0,0.0,0.0,0.0,0.0,0.0,0.0,0.0,0.0,0.0,0.0,0.0,0.0,0.0,0.0,0.0,0.0,0.0,0.0,0.0,0.0,0.0,0.0,0.0,0.0,0.0,175482.53125,78148.8046875,0.0,0.0,0.0,0.0,0.0,0.0,0.0,0.0,FL
275855,FL,1203,0.14113934338092804,1,0.0,73900.1875,73900.1875,1,0,7752.041015625,0.0,60494.78125,0.0,0.0,0.0,0.0,0.0,-115.0,0.0,115.0,0.0,-209.0,0.0,209.0,0.0,0.0,0.0,0.0,0.0,0.0,0.0,0.0,0.0,0.0,0.0,0.0,0.0,0.0,0.0,0.0,0.0,0.0,0.0,0.0,0.0,0.0,0.0,0.0,0.0,0.0,0.0,0.0,0.0,0.0,0.0,0.0,0.0,0.0,0.0,0.0,0.0,0.0,0.0,0.0,0.0,0.0,0.0,0.0,0.0,0.0,0.0,0.0,0.0,0.0,0.0,0.0,0.0,0.0,0.0,0.0,0.0,0.0,0.0,0.0,0.0,0.0,0.0,0.0,0.0,0.0,0.0,0.0,0.0,0.0,0.0,0.0,0.0,0.0,0.0,0.0,0.0,7428.041015625,0.0,60818.78125,0.0,-324.0,0.0,324.0,0.0,-4.1795444496094145,0.0,0.5355833768844604,0.0,FL
275856,FL,1203,24.276262283325195,1,0.0,5363.2783203125,5363.2783203125,1,0,0.0,0.0,5809.037109375,856.0493774414062,0.0,0.0,0.0,856.0493774414062,0.0,0.0,0.0,0.0,0.0,0.0,0.0,0.0,0.0,0.0,0.0,0.0,0.0,0.0,0.0,0.0,0.0,0.0,0.0,0.0,0.0,0.0,0.0,0.0,0.0,0.0,0.0,0.0,0.0,0.0,0.0,0.0,0.0,0.0,0.0,0.0,0.0,0.0,0.0,0.0,0.0,0.0,0.0,0.0,0.0,0.0,0.0,0.0,0.0,0.0,0.0,0.0,0.0,0.0,0.0,0.0,0.0,0.0,0.0,0.0,0.0,0.0,0.0,0.0,0.0,0.0,0.0,0.0,0.0,0.0,0.0,0.0,0.0,0.0,0.0,0.0,0.0,0.0,0.0,0.0,0.0,0.0,0.0,0.0,0.0,0.0,5809.037109375,856.0493774414062,0.0,0.0,0.0,0.0,0.0,0.0,0.0,0.0,FL
275857,FL,1203,0.08293317258358002,2,1.0,69682.0078125,69682.0078125,2,0,3290.8408203125,0.0,65442.8125,1680.75341796875,0.0,0.0,0.0,1680.75341796875,-7.0,0.0,7.0,0.0,-177.0,0.0,177.0,0.0,0.0,0.0,0.0,0.0,0.0,0.0,0.0,0.0,-200.0,0.0,200.0,0.0,0.0,0.0,0.0,0.0,0.0,0.0,0.0,0.0,0.0,0.0,0.0,0.0,0.0,0.0,0.0,0.0,0.0,0.0,0.0,0.0,0.0,0.0,0.0,0.0,0.0,0.0,0.0,0.0,0.0,0.0,0.0,0.0,0.0,0.0,0.0,0.0,0.0,0.0,0.0,0.0,0.0,0.0,0.0,0.0,0.0,0.0,0.0,0.0,0.0,0.0,0.0,0.0,0.0,0.0,0.0,0.0,0.0,0.0,0.0,0.0,0.0,0.0,0.0,0.0,2906.8408203125,0.0,65826.8125,1680.75341796875,-384.0,0.0,384.0,0.0,-11.668750357956698,0.0,0.5867718458175659,0.0,FL
275858,FL,1203,153.41848754882812,1,0.0,0.0,0.0,1,0,0.0,0.0,31556.44140625,18324.55859375,13231.8837890625,0.0,0.0,31556.4423828125,0.0,0.0,0.0,0.0,0.0,0.0,0.0,0.0,0.0,0.0,0.0,0.0,0.0,0.0,0.0,0.0,0.0,0.0,0.0,0.0,0.0,0.0,0.0,0.0,0.0,0.0,0.0,0.0,0.0,0.0,0.0,0.0,0.0,0.0,0.0,0.0,0.0,0.0,0.0,0.0,0.0,0.0,0.0,0.0,0.0,0.0,0.0,0.0,0.0,0.0,0.0,0.0,0.0,0.0,0.0,0.0,0.0,0.0,0.0,0.0,0.0,0.0,0.0,0.0,0.0,0.0,0.0,0.0,0.0,0.0,0.0,0.0,0.0,0.0,0.0,0.0,0.0,0.0,0.0,0.0,0.0,0.0,0.0,0.0,0.0,0.0,31556.44140625,31556.4423828125,0.0,0.0,0.0,0.0,0.0,0.0,0.0,0.0,FL
275859,FL,1203,0.2512626349925995,3,2.0,9938.5986328125,8753.458984375,3,0,-664.0,0.0,66029.1640625,27651.974609375,13231.8837890625,0.0,0.0,40883.8583984375,0.0,0.0,0.0,0.0,0.0,0.0,0.0,0.0,0.0,0.0,0.0,0.0,0.0,0.0,0.0,0.0,0.0,0.0,0.0,0.0,0.0,0.0,0.0,0.0,0.0,0.0,0.0,0.0,0.0,0.0,0.0,0.0,0.0,0.0,0.0,0.0,0.0,0.0,0.0,0.0,0.0,0.0,0.0,0.0,0.0,0.0,0.0,0.0,0.0,0.0,0.0,0.0,0.0,0.0,0.0,0.0,0.0,0.0,0.0,0.0,0.0,0.0,0.0,0.0,0.0,0.0,0.0,0.0,0.0,0.0,0.0,0.0,0.0,0.0,0.0,0.0,0.0,0.0,0.0,0.0,0.0,0.0,0.0,0.0,-664.0,0.0,66029.1640625,40883.8583984375,0.0,0.0,0.0,0.0,0.0,0.0,0.0,0.0,FL
275860,FL,1203,114.9447021484375,1,0.0,0.0,4883.810546875,1,0,0.0,0.0,50713.609375,23058.7421875,0.0,0.0,0.0,23058.7421875,0.0,0.0,0.0,0.0,0.0,0.0,0.0,0.0,0.0,0.0,0.0,0.0,0.0,0.0,0.0,0.0,0.0,0.0,0.0,0.0,0.0,0.0,0.0,0.0,0.0,0.0,0.0,0.0,0.0,0.0,0.0,0.0,0.0,0.0,0.0,0.0,0.0,0.0,0.0,0.0,0.0,0.0,0.0,0.0,0.0,0.0,0.0,0.0,0.0,0.0,0.0,0.0,0.0,0.0,0.0,0.0,0.0,0.0,0.0,0.0,0.0,0.0,0.0,0.0,0.0,0.0,0.0,0.0,0.0,0.0,0.0,0.0,0.0,0.0,0.0,0.0,0.0,0.0,0.0,0.0,0.0,0.0,0.0,0.0,0.0,0.0,50713.609375,23058.7421875,0.0,0.0,0.0,0.0,0.0,0.0,0.0,0.0,FL
275861,FL,1203,200.90914916992188,1,0.0,0.0,12281.771484375,1,0,0.0,0.0,41343.91015625,14674.9111328125,0.0,0.0,0.0,14674.9111328125,0.0,0.0,0.0,0.0,0.0,0.0,0.0,0.0,0.0,0.0,0.0,0.0,0.0,0.0,0.0,0.0,0.0,0.0,0.0,0.0,0.0,0.0,0.0,0.0,0.0,0.0,0.0,0.0,0.0,0.0,0.0,0.0,0.0,0.0,0.0,0.0,0.0,0.0,0.0,0.0,0.0,0.0,0.0,0.0,0.0,0.0,0.0,0.0,0.0,0.0,0.0,0.0,0.0,0.0,0.0,0.0,0.0,0.0,0.0,0.0,0.0,0.0,0.0,0.0,0.0,0.0,0.0,0.0,0.0,0.0,0.0,0.0,0.0,0.0,0.0,0.0,0.0,0.0,0.0,0.0,0.0,0.0,0.0,0.0,0.0,0.0,41343.91015625,14674.9111328125,0.0,0.0,0.0,0.0,0.0,0.0,0.0,0.0,FL
275862,FL,1203,0.2657763361930847,1,0.0,9254.326171875,9254.326171875,1,0,-587.2451171875,0.0,13987.560546875,2264.939697265625,0.0,0.0,0.0,2264.939697265625,0.0,0.0,0.0,0.0,0.0,0.0,0.0,0.0,0.0,0.0,0.0,0.0,0.0,0.0,0.0,0.0,0.0,0.0,0.0,0.0,0.0,0.0,0.0,0.0,0.0,0.0,0.0,0.0,0.0,0.0,0.0,0.0,0.0,0.0,0.0,0.0,0.0,0.0,0.0,0.0,0.0,0.0,0.0,0.0,0.0,0.0,0.0,0.0,0.0,0.0,0.0,0.0,0.0,0.0,0.0,0.0,0.0,0.0,0.0,0.0,0.0,0.0,0.0,0.0,0.0,0.0,0.0,0.0,0.0,0.0,0.0,0.0,0.0,0.0,0.0,0.0,0.0,0.0,0.0,0.0,0.0,0.0,0.0,0.0,-587.2451171875,0.0,13987.560546875,2264.939697265625,0.0,0.0,0.0,0.0,0.0,0.0,0.0,0.0,FL
275863,FL,1203,143.73385620117188,2,1.0,0.0,0.0,2,0,0.0,0.0,17456.388671875,1460.9622802734375,15995.427001953125,0.0,0.0,17456.389282226562,0.0,0.0,0.0,0.0,0.0,0.0,0.0,0.0,0.0,0.0,0.0,0.0,0.0,0.0,0.0,0.0,0.0,0.0,0.0,0.0,0.0,0.0,0.0,0.0,0.0,0.0,0.0,0.0,0.0,0.0,0.0,0.0,0.0,0.0,0.0,0.0,0.0,0.0,0.0,0.0,0.0,0.0,0.0,0.0,0.0,0.0,0.0,0.0,0.0,0.0,0.0,0.0,0.0,0.0,0.0,0.0,0.0,0.0,0.0,0.0,0.0,0.0,0.0,0.0,0.0,0.0,0.0,0.0,0.0,0.0,0.0,0.0,0.0,0.0,0.0,0.0,0.0,0.0,0.0,0.0,0.0,0.0,0.0,0.0,0.0,0.0,17456.388671875,17456.389282226562,0.0,0.0,0.0,0.0,0.0,0.0,0.0,0.0,FL
275864,FL,1203,0.1941375583410263,4,2.0,118264.455078125,118451.875,4,0,6065.5458984375,0.0,108155.484375,0.0,0.0,0.0,0.0,0.0,-10.0,0.0,10.0,0.0,-228.0,0.0,228.0,0.0,0.0,0.0,0.0,0.0,0.0,0.0,0.0,0.0,-400.0,0.0,400.0,0.0,0.0,0.0,0.0,0.0,0.0,0.0,0.0,0.0,0.0,0.0,0.0,0.0,0.0,0.0,0.0,0.0,0.0,0.0,0.0,0.0,0.0,0.0,0.0,0.0,0.0,0.0,0.0,0.0,0.0,0.0,0.0,0.0,0.0,0.0,0.0,0.0,0.0,0.0,0.0,0.0,0.0,0.0,0.0,0.0,0.0,0.0,0.0,0.0,0.0,0.0,0.0,0.0,0.0,0.0,0.0,0.0,0.0,0.0,0.0,0.0,0.0,0.0,0.0,0.0,5427.5458984375,0.0,108793.484375,0.0,-638.0,0.0,638.0,0.0,-10.518426711837272,0.0,0.5898914933204651,0.0,FL
275865,FL,1203,0.12403184175491333,3,1.0,54529.861328125,378131.625,3,0,46131.171875,0.0,340636.09375,12807.2333984375,0.0,0.0,0.0,12807.2333984375,-10.0,0.0,10.0,0.0,-513.0,0.0,513.0,0.0,0.0,0.0,0.0,0.0,0.0,0.0,0.0,0.0,-200.0,0.0,200.0,0.0,0.0,0.0,0.0,0.0,0.0,0.0,0.0,0.0,0.0,0.0,0.0,0.0,0.0,0.0,0.0,0.0,0.0,0.0,0.0,0.0,-540.0,0.0,540.0,0.0,0.0,0.0,0.0,0.0,0.0,0.0,0.0,0.0,0.0,0.0,0.0,0.0,0.0,0.0,0.0,0.0,0.0,0.0,0.0,0.0,0.0,0.0,0.0,0.0,0.0,0.0,0.0,0.0,0.0,0.0,0.0,0.0,0.0,0.0,0.0,0.0,0.0,0.0,0.0,0.0,44868.171875,0.0,341899.09375,12807.2333984375,-1263.0,0.0,1263.0,0.0,-2.7378450376728045,0.0,0.3707769215106964,0.0,FL
275866,FL,1203,0.26667320728302,1,0.0,22562.53515625,22562.53515625,1,0,428.18878173828125,0.0,22261.3203125,287.68316650390625,0.0,0.0,0.0,287.68316650390625,0.0,0.0,0.0,0.0,-95.0,0.0,95.0,0.0,0.0,0.0,0.0,0.0,0.0,0.0,0.0,0.0,0.0,0.0,0.0,0.0,0.0,0.0,0.0,0.0,0.0,0.0,0.0,0.0,0.0,0.0,0.0,0.0,0.0,0.0,0.0,0.0,0.0,0.0,0.0,0.0,0.0,0.0,0.0,0.0,0.0,0.0,0.0,0.0,0.0,0.0,0.0,0.0,0.0,0.0,0.0,0.0,0.0,0.0,0.0,0.0,0.0,0.0,0.0,0.0,0.0,0.0,0.0,0.0,0.0,0.0,0.0,0.0,0.0,0.0,0.0,0.0,0.0,0.0,0.0,0.0,0.0,0.0,0.0,0.0,333.18878173828125,0.0,22356.3203125,287.68316650390625,-95.0,0.0,95.0,0.0,-22.18647569755019,0.0,0.42674919962882996,0.0,FL
275867,FL,1203,0.1695612072944641,2,0.0,90322.9296875,107597.15625,2,0,8591.6591796875,0.0,114841.34375,17003.087890625,0.0,0.0,0.0,17003.087890625,-10.0,0.0,10.0,0.0,-228.0,0.0,228.0,0.0,0.0,0.0,0.0,0.0,0.0,0.0,0.0,0.0,0.0,0.0,0.0,0.0,0.0,0.0,0.0,0.0,0.0,0.0,0.0,0.0,0.0,0.0,0.0,0.0,0.0,0.0,0.0,0.0,0.0,0.0,0.0,0.0,0.0,0.0,0.0,0.0,0.0,0.0,0.0,0.0,0.0,0.0,0.0,0.0,0.0,0.0,0.0,0.0,0.0,0.0,0.0,0.0,0.0,0.0,0.0,0.0,-720.00048828125,0.0,720.0,0.0,-139.6142578125,0.0,139.6171875,0.0,0.0,0.0,0.0,0.0,0.0,0.0,0.0,0.0,0.0,0.0,0.0,0.0,7494.04443359375,0.0,115938.9609375,17003.087890625,-1097.61474609375,0.0,1097.6171875,0.0,-12.775352503376105,0.0,0.9557682871818542,0.0,FL
275868,FL,1203,68.58002471923828,1,0.0,0.0,0.0,1,0,0.0,0.0,37422.890625,18876.4453125,0.0,0.0,0.0,18876.4453125,0.0,0.0,0.0,0.0,0.0,0.0,0.0,0.0,0.0,0.0,0.0,0.0,0.0,0.0,0.0,0.0,0.0,0.0,0.0,0.0,0.0,0.0,0.0,0.0,0.0,0.0,0.0,0.0,0.0,0.0,0.0,0.0,0.0,0.0,0.0,0.0,0.0,0.0,0.0,0.0,0.0,0.0,0.0,0.0,0.0,0.0,0.0,0.0,0.0,0.0,0.0,0.0,0.0,0.0,0.0,0.0,0.0,0.0,0.0,0.0,0.0,0.0,0.0,0.0,0.0,0.0,0.0,0.0,0.0,0.0,0.0,0.0,0.0,0.0,0.0,0.0,0.0,0.0,0.0,0.0,0.0,0.0,0.0,0.0,0.0,0.0,37422.890625,18876.4453125,0.0,0.0,0.0,0.0,0.0,0.0,0.0,0.0,FL
275869,FL,1203,0.14335644245147705,3,0.0,188129.5703125,137557.1640625,3,0,10250.6435546875,0.0,171668.5,21463.12890625,0.0,0.0,0.0,21463.12890625,-10.0,0.0,10.0,0.0,-228.0,0.0,228.0,0.0,0.0,0.0,0.0,0.0,0.0,0.0,0.0,0.0,0.0,0.0,0.0,0.0,0.0,0.0,0.0,0.0,0.0,0.0,0.0,0.0,0.0,0.0,0.0,0.0,0.0,0.0,0.0,0.0,0.0,0.0,0.0,0.0,-30.4287109375,0.0,30.421875,0.0,0.0,0.0,0.0,0.0,0.0,0.0,0.0,0.0,0.0,0.0,0.0,0.0,0.0,0.0,0.0,0.0,-784.791015625,0.0,784.796875,0.0,0.0,0.0,0.0,0.0,0.0,0.0,0.0,0.0,0.0,0.0,0.0,0.0,0.0,0.0,0.0,0.0,0.0,0.0,0.0,0.0,9197.423828125,0.0,172721.71875,21463.12890625,-1053.2197265625,0.0,1053.21875,0.0,-10.274669301917877,0.0,0.6135189533233643,0.0,FL
275870,FL,1203,0.35894012451171875,2,1.0,19302.287109375,19302.287109375,2,0,-6227.0,0.0,43894.16796875,3846.07958984375,15995.427001953125,0.0,0.0,19841.506591796875,0.0,0.0,0.0,0.0,0.0,0.0,0.0,0.0,0.0,0.0,0.0,0.0,0.0,0.0,0.0,0.0,100.0,0.0,-100.0,0.0,0.0,0.0,0.0,0.0,0.0,0.0,0.0,0.0,0.0,0.0,0.0,0.0,0.0,0.0,0.0,0.0,0.0,0.0,0.0,0.0,0.0,0.0,0.0,0.0,0.0,0.0,0.0,0.0,0.0,0.0,0.0,0.0,0.0,0.0,0.0,0.0,0.0,0.0,0.0,0.0,0.0,0.0,0.0,0.0,0.0,0.0,0.0,0.0,0.0,0.0,0.0,0.0,0.0,0.0,0.0,0.0,0.0,0.0,0.0,0.0,0.0,0.0,0.0,0.0,-6127.0,0.0,43794.16796875,19841.506591796875,100.0,0.0,-100.0,0.0,1.6059097478721696,0.0,-0.22782069444656372,0.0,FL
275871,FL,1203,0.14193427562713623,4,2.0,960210.375,989382.625,4,0,274516.125,0.0,759843.125,0.0,0.0,0.0,0.0,0.0,-734.0,0.0,734.0,0.0,-703.0,0.0,703.0,0.0,0.0,0.0,0.0,0.0,0.0,0.0,0.0,0.0,0.0,0.0,0.0,0.0,0.0,0.0,0.0,0.0,-1850.0,0.0,1850.0,0.0,0.0,0.0,0.0,0.0,0.0,0.0,0.0,0.0,0.0,0.0,0.0,0.0,-740.0,0.0,740.0,0.0,0.0,0.0,0.0,0.0,0.0,0.0,0.0,0.0,0.0,0.0,0.0,0.0,0.0,0.0,0.0,0.0,0.0,0.0,0.0,0.0,0.0,0.0,0.0,0.0,0.0,0.0,0.0,0.0,0.0,0.0,0.0,0.0,0.0,0.0,0.0,0.0,0.0,0.0,0.0,0.0,270489.125,0.0,763870.125,0.0,-4027.0,0.0,4027.0,0.0,-1.466944792405182,0.0,0.5299777984619141,0.0,FL
275872,FL,1203,0.10542678833007812,5,2.0,322584.15625,322692.328125,5,0,41579.46875,0.0,257217.84375,0.0,0.0,0.0,0.0,0.0,-407.0,0.0,407.0,0.0,-665.0,0.0,665.0,0.0,0.0,0.0,0.0,0.0,0.0,0.0,0.0,0.0,-400.0,0.0,400.0,0.0,0.0,0.0,0.0,0.0,0.0,0.0,0.0,0.0,0.0,0.0,0.0,0.0,0.0,0.0,0.0,0.0,0.0,0.0,0.0,0.0,-6.07421875,0.0,6.078125,0.0,0.0,0.0,0.0,0.0,0.0,0.0,0.0,0.0,0.0,0.0,0.0,0.0,0.0,0.0,0.0,0.0,0.0,0.0,0.0,0.0,0.0,0.0,0.0,0.0,0.0,0.0,0.0,0.0,0.0,0.0,0.0,0.0,0.0,0.0,0.0,0.0,0.0,0.0,0.0,0.0,40101.39453125,0.0,258695.921875,0.0,-1478.07421875,0.0,1478.078125,0.0,-3.5548174692587913,0.0,0.5746406316757202,0.0,FL
275873,FL,1203,0.12271339446306229,1,0.0,0.0,12.293009757995605,1,0,0.0,0.0,33490.43359375,11090.748046875,13231.8837890625,0.0,0.0,24322.6318359375,0.0,0.0,0.0,0.0,0.0,0.0,0.0,0.0,0.0,0.0,0.0,0.0,0.0,0.0,0.0,0.0,0.0,0.0,0.0,0.0,0.0,0.0,0.0,0.0,0.0,0.0,0.0,0.0,0.0,0.0,0.0,0.0,0.0,0.0,0.0,0.0,0.0,0.0,0.0,0.0,0.0,0.0,0.0,0.0,0.0,0.0,0.0,0.0,0.0,0.0,0.0,0.0,0.0,0.0,0.0,0.0,0.0,0.0,0.0,0.0,0.0,0.0,0.0,0.0,0.0,0.0,0.0,0.0,0.0,0.0,0.0,0.0,0.0,0.0,0.0,0.0,0.0,0.0,0.0,0.0,0.0,0.0,0.0,0.0,0.0,0.0,33490.43359375,24322.6318359375,0.0,0.0,0.0,0.0,0.0,0.0,0.0,0.0,FL
275874,FL,1203,0.15471240878105164,1,0.0,189713.140625,233558.375,1,0,44360.88671875,0.0,201789.5,15695.1572265625,0.0,0.0,0.0,15695.1572265625,-190.75,0.0,190.75,0.0,-228.0,0.0,228.0,0.0,0.0,0.0,0.0,0.0,0.0,0.0,0.0,0.0,0.0,0.0,0.0,0.0,0.0,0.0,0.0,0.0,0.0,0.0,0.0,0.0,0.0,0.0,0.0,0.0,0.0,0.0,0.0,0.0,0.0,0.0,0.0,0.0,-240.0,0.0,240.0,0.0,0.0,0.0,0.0,0.0,0.0,0.0,0.0,0.0,0.0,0.0,0.0,0.0,0.0,0.0,0.0,0.0,0.0,0.0,0.0,0.0,0.0,0.0,0.0,0.0,0.0,0.0,0.0,0.0,0.0,0.0,0.0,0.0,0.0,0.0,0.0,0.0,0.0,0.0,0.0,0.0,43702.13671875,0.0,202448.25,15695.1572265625,-658.75,0.0,658.75,0.0,-1.48497933365603,0.0,0.3264540433883667,0.0,FL
275875,FL,1203,0.3259711265563965,2,0.0,0.0,2889.82861328125,2,0,0.0,0.0,52152.80078125,26992.658203125,26463.767578125,0.0,0.0,53456.42578125,0.0,0.0,0.0,0.0,0.0,0.0,0.0,0.0,0.0,0.0,0.0,0.0,0.0,0.0,0.0,0.0,0.0,0.0,0.0,0.0,0.0,0.0,0.0,0.0,0.0,0.0,0.0,0.0,0.0,0.0,0.0,0.0,0.0,0.0,0.0,0.0,0.0,0.0,0.0,0.0,0.0,0.0,0.0,0.0,0.0,0.0,0.0,0.0,0.0,0.0,0.0,0.0,0.0,0.0,0.0,0.0,0.0,0.0,0.0,0.0,0.0,0.0,0.0,0.0,0.0,0.0,0.0,0.0,0.0,0.0,0.0,0.0,0.0,0.0,0.0,0.0,0.0,0.0,0.0,0.0,0.0,0.0,0.0,0.0,0.0,0.0,52152.80078125,53456.42578125,0.0,0.0,0.0,0.0,0.0,0.0,0.0,0.0,FL
275876,FL,1203,350.39990234375,1,0.0,0.0,0.0,1,0,0.0,0.0,28031.44140625,14799.556640625,13231.8837890625,0.0,0.0,28031.4404296875,0.0,0.0,0.0,0.0,0.0,0.0,0.0,0.0,0.0,0.0,0.0,0.0,0.0,0.0,0.0,0.0,0.0,0.0,0.0,0.0,0.0,0.0,0.0,0.0,0.0,0.0,0.0,0.0,0.0,0.0,0.0,0.0,0.0,0.0,0.0,0.0,0.0,0.0,0.0,0.0,0.0,0.0,0.0,0.0,0.0,0.0,0.0,0.0,0.0,0.0,0.0,0.0,0.0,0.0,0.0,0.0,0.0,0.0,0.0,0.0,0.0,0.0,0.0,0.0,0.0,0.0,0.0,0.0,0.0,0.0,0.0,0.0,0.0,0.0,0.0,0.0,0.0,0.0,0.0,0.0,0.0,0.0,0.0,0.0,0.0,0.0,28031.44140625,28031.4404296875,0.0,0.0,0.0,0.0,0.0,0.0,0.0,0.0,FL
275877,FL,1203,0.0008535264059901237,2,0.0,137715.5625,613184.2421875,2,0,144049.6903076172,0.0,510095.3125,22117.09375,0.0,0.0,0.0,22117.09375,-5.0,0.0,5.0,0.0,-114.0,0.0,114.0,0.0,0.0,0.0,0.0,0.0,0.0,0.0,0.0,0.0,0.0,0.0,0.0,0.0,0.0,0.0,0.0,0.0,-1400.0,0.0,1400.0,0.0,0.0,0.0,0.0,0.0,0.0,0.0,0.0,0.0,0.0,0.0,0.0,0.0,-120.0,0.0,120.0,0.0,0.0,0.0,0.0,0.0,0.0,0.0,0.0,0.0,0.0,0.0,0.0,0.0,0.0,0.0,0.0,0.0,-374.387939453125,0.0,374.375,0.0,0.0,0.0,0.0,0.0,0.0,0.0,0.0,0.0,0.0,0.0,0.0,0.0,0.0,0.0,0.0,0.0,0.0,0.0,0.0,0.0,142036.30236816406,0.0,512108.6875,22117.09375,-2013.387939453125,0.0,2013.375,0.0,-1.3977037612184713,0.0,0.3947056233882904,0.0,FL
275878,FL,1203,154.87074279785156,1,0.0,0.0,13139.451171875,1,0,0.0,0.0,62477.8671875,21580.841796875,0.0,0.0,0.0,21580.841796875,0.0,0.0,0.0,0.0,0.0,0.0,0.0,0.0,0.0,0.0,0.0,0.0,0.0,0.0,0.0,0.0,0.0,0.0,0.0,0.0,0.0,0.0,0.0,0.0,0.0,0.0,0.0,0.0,0.0,0.0,0.0,0.0,0.0,0.0,0.0,0.0,0.0,0.0,0.0,0.0,0.0,0.0,0.0,0.0,0.0,0.0,0.0,0.0,0.0,0.0,0.0,0.0,0.0,0.0,0.0,0.0,0.0,0.0,0.0,0.0,0.0,0.0,0.0,0.0,0.0,0.0,0.0,0.0,0.0,0.0,0.0,0.0,0.0,0.0,0.0,0.0,0.0,0.0,0.0,0.0,0.0,0.0,0.0,0.0,0.0,0.0,62477.8671875,21580.841796875,0.0,0.0,0.0,0.0,0.0,0.0,0.0,0.0,FL
275879,FL,1203,0.13780322670936584,3,1.0,130325.8359375,200955.828125,3,0,23633.53515625,0.0,167064.34375,0.0,0.0,0.0,0.0,0.0,-230.0,0.0,230.0,0.0,-418.0,0.0,418.0,0.0,0.0,0.0,0.0,0.0,0.0,0.0,0.0,0.0,-200.0,0.0,200.0,0.0,0.0,0.0,0.0,0.0,-371.431640625,0.0,371.4375,0.0,0.0,0.0,0.0,0.0,0.0,0.0,0.0,0.0,0.0,0.0,0.0,0.0,-440.0,0.0,440.0,0.0,0.0,0.0,0.0,0.0,0.0,0.0,0.0,0.0,0.0,0.0,0.0,0.0,0.0,0.0,0.0,0.0,0.0,0.0,0.0,0.0,-647.3828125,0.0,647.375,0.0,-954.72265625,0.0,954.71875,0.0,0.0,0.0,0.0,0.0,0.0,0.0,0.0,0.0,0.0,0.0,0.0,0.0,20371.998046875,0.0,170325.875,0.0,-3261.537109375,0.0,3261.53125,0.0,-13.800462299913145,0.0,1.9522604942321777,0.0,FL
275880,FL,1203,0.1264106184244156,1,0.0,143388.421875,553083.8125,1,0,122159.7734375,0.0,457578.1875,18073.171875,0.0,0.0,0.0,18073.171875,-362.25,0.0,362.25,0.0,0.0,0.0,0.0,0.0,0.0,0.0,0.0,0.0,0.0,0.0,0.0,0.0,0.0,0.0,0.0,0.0,0.0,0.0,0.0,0.0,0.0,0.0,0.0,0.0,0.0,0.0,0.0,0.0,0.0,0.0,0.0,0.0,0.0,0.0,0.0,0.0,0.0,0.0,0.0,0.0,0.0,0.0,0.0,0.0,0.0,0.0,0.0,0.0,0.0,0.0,0.0,0.0,0.0,0.0,0.0,0.0,0.0,0.0,0.0,0.0,0.0,0.0,0.0,0.0,0.0,0.0,0.0,0.0,0.0,0.0,0.0,0.0,0.0,0.0,0.0,0.0,0.0,0.0,0.0,0.0,121797.5234375,0.0,457940.4375,18073.171875,-362.25,0.0,362.25,0.0,-0.29653787806453014,0.0,0.07916679978370667,0.0,FL
275881,FL,1203,0.13183918595314026,3,0.0,651319.5,1027513.69921875,3,0,255712.93896484375,0.0,823826.8125,0.0,0.0,2470.76806640625,0.0,2470.76806640625,-739.0,0.0,739.0,0.0,-817.0,0.0,817.0,0.0,0.0,0.0,0.0,0.0,0.0,0.0,0.0,0.0,0.0,0.0,0.0,0.0,0.0,0.0,0.0,0.0,-1787.953125,0.0,1787.9375,0.0,0.0,0.0,0.0,0.0,0.0,0.0,0.0,0.0,0.0,0.0,0.0,0.0,-820.0,0.0,820.0,0.0,0.0,0.0,0.0,0.0,0.0,0.0,0.0,0.0,0.0,0.0,0.0,0.0,0.0,0.0,0.0,0.0,0.0,0.0,0.0,0.0,0.0,0.0,0.0,0.0,0.0,0.0,0.0,0.0,0.0,0.0,0.0,0.0,0.0,0.0,0.0,0.0,0.0,0.0,0.0,0.0,251548.98583984375,0.0,827990.75,2470.76806640625,-4163.953125,0.0,4163.9375,0.0,-1.6283701332659095,0.0,0.5054384469985962,0.0,FL
275882,FL,1203,240.80499267578125,1,0.0,0.0,0.0,1,0,0.0,0.0,9993.369140625,3596.039794921875,0.0,0.0,0.0,3596.039794921875,0.0,0.0,0.0,0.0,0.0,0.0,0.0,0.0,0.0,0.0,0.0,0.0,0.0,0.0,0.0,0.0,0.0,0.0,0.0,0.0,0.0,0.0,0.0,0.0,0.0,0.0,0.0,0.0,0.0,0.0,0.0,0.0,0.0,0.0,0.0,0.0,0.0,0.0,0.0,0.0,0.0,0.0,0.0,0.0,0.0,0.0,0.0,0.0,0.0,0.0,0.0,0.0,0.0,0.0,0.0,0.0,0.0,0.0,0.0,0.0,0.0,0.0,0.0,0.0,0.0,0.0,0.0,0.0,0.0,0.0,0.0,0.0,0.0,0.0,-3596.03955078125,-3596.039794921875,0.0,0.0,0.0,0.0,0.0,0.0,0.0,0.0,0.0,0.0,6397.32958984375,0.0,0.0,0.0,-3596.03955078125,-3596.039794921875,0.0,0.0,-35.984256744384766,-100.0,FL
275883,FL,1203,0.12863929569721222,2,0.0,174151.078125,175914.484375,2,0,21549.630859375,0.0,141042.296875,0.0,0.0,0.0,0.0,0.0,-230.0,0.0,230.0,0.0,-418.0,0.0,418.0,0.0,0.0,0.0,0.0,0.0,0.0,0.0,0.0,0.0,0.0,0.0,0.0,0.0,0.0,0.0,0.0,0.0,0.0,0.0,0.0,0.0,0.0,0.0,0.0,0.0,0.0,0.0,0.0,0.0,0.0,0.0,0.0,0.0,-440.0,0.0,440.0,0.0,0.0,0.0,0.0,0.0,0.0,0.0,0.0,0.0,0.0,0.0,0.0,0.0,0.0,0.0,0.0,0.0,0.0,0.0,0.0,0.0,0.0,0.0,0.0,0.0,0.0,0.0,0.0,0.0,0.0,0.0,0.0,0.0,0.0,0.0,0.0,0.0,0.0,0.0,0.0,0.0,20461.630859375,0.0,142130.296875,0.0,-1088.0,0.0,1088.0,0.0,-5.048810381485834,0.0,0.7713997960090637,0.0,FL
275884,FL,1203,177.34811401367188,1,0.0,4687.6982421875,4687.6982421875,1,0,0.0,0.0,21154.9140625,3593.9404296875,13231.8837890625,0.0,0.0,16825.82421875,0.0,0.0,0.0,0.0,0.0,0.0,0.0,0.0,0.0,0.0,0.0,0.0,0.0,0.0,0.0,0.0,0.0,0.0,0.0,0.0,0.0,0.0,0.0,0.0,0.0,0.0,0.0,0.0,0.0,0.0,0.0,0.0,0.0,0.0,0.0,0.0,0.0,0.0,0.0,0.0,0.0,0.0,0.0,0.0,0.0,0.0,0.0,0.0,0.0,0.0,0.0,0.0,0.0,0.0,0.0,0.0,0.0,0.0,0.0,0.0,0.0,0.0,0.0,0.0,0.0,0.0,0.0,0.0,0.0,0.0,0.0,0.0,0.0,0.0,0.0,0.0,0.0,0.0,0.0,0.0,0.0,0.0,0.0,0.0,0.0,0.0,21154.9140625,16825.82421875,0.0,0.0,0.0,0.0,0.0,0.0,0.0,0.0,FL
275885,FL,1203,15.294050216674805,1,0.0,4687.6982421875,4687.6982421875,1,0,0.0,0.0,33982.8125,15135.7041015625,0.0,0.0,0.0,15135.7041015625,0.0,0.0,0.0,0.0,0.0,0.0,0.0,0.0,0.0,0.0,0.0,0.0,0.0,0.0,0.0,0.0,0.0,0.0,0.0,0.0,0.0,0.0,0.0,0.0,0.0,0.0,0.0,0.0,0.0,0.0,0.0,0.0,0.0,0.0,0.0,0.0,0.0,0.0,0.0,0.0,0.0,0.0,0.0,0.0,0.0,0.0,0.0,0.0,0.0,0.0,0.0,0.0,0.0,0.0,0.0,0.0,0.0,0.0,0.0,0.0,0.0,0.0,0.0,0.0,0.0,0.0,0.0,0.0,0.0,0.0,0.0,0.0,0.0,0.0,0.0,0.0,0.0,0.0,0.0,0.0,0.0,0.0,0.0,0.0,0.0,0.0,33982.8125,15135.7041015625,0.0,0.0,0.0,0.0,0.0,0.0,0.0,0.0,FL
275886,FL,1203,157.52923583984375,1,0.0,0.0,0.0,1,0,0.0,0.0,37432.890625,18860.287109375,0.0,0.0,0.0,18860.287109375,0.0,0.0,0.0,0.0,0.0,0.0,0.0,0.0,0.0,0.0,0.0,0.0,0.0,0.0,0.0,0.0,0.0,0.0,0.0,0.0,0.0,0.0,0.0,0.0,0.0,0.0,0.0,0.0,0.0,0.0,0.0,0.0,0.0,0.0,0.0,0.0,0.0,0.0,0.0,0.0,0.0,0.0,0.0,0.0,0.0,0.0,0.0,0.0,0.0,0.0,0.0,0.0,0.0,0.0,0.0,0.0,0.0,0.0,0.0,0.0,0.0,0.0,0.0,0.0,0.0,0.0,0.0,0.0,0.0,0.0,0.0,0.0,0.0,0.0,0.0,0.0,0.0,0.0,0.0,0.0,0.0,0.0,0.0,0.0,0.0,0.0,37432.890625,18860.287109375,0.0,0.0,0.0,0.0,0.0,0.0,0.0,0.0,FL
275887,FL,1203,21.64678382873535,2,1.0,0.0,0.0,2,0,0.0,0.0,7176.66357421875,1130.9622802734375,6045.700927734375,0.0,0.0,7176.6632080078125,0.0,0.0,0.0,0.0,0.0,0.0,0.0,0.0,0.0,0.0,0.0,0.0,0.0,0.0,0.0,0.0,0.0,0.0,0.0,0.0,0.0,0.0,0.0,0.0,0.0,0.0,0.0,0.0,0.0,0.0,0.0,0.0,0.0,0.0,0.0,0.0,0.0,0.0,0.0,0.0,0.0,0.0,0.0,0.0,0.0,0.0,0.0,0.0,0.0,0.0,0.0,0.0,0.0,0.0,0.0,0.0,0.0,0.0,0.0,0.0,0.0,0.0,0.0,0.0,0.0,0.0,0.0,0.0,0.0,0.0,0.0,0.0,0.0,0.0,0.0,0.0,0.0,0.0,0.0,0.0,0.0,0.0,0.0,0.0,0.0,0.0,7176.66357421875,7176.6632080078125,0.0,0.0,0.0,0.0,0.0,0.0,0.0,0.0,FL
275888,FL,1203,236.69418334960938,1,0.0,0.0,0.0,1,0,0.0,0.0,4395.7060546875,3596.039794921875,0.0,0.0,0.0,3596.039794921875,0.0,0.0,0.0,0.0,0.0,0.0,0.0,0.0,0.0,0.0,0.0,0.0,0.0,0.0,0.0,0.0,0.0,0.0,0.0,0.0,0.0,0.0,0.0,0.0,0.0,0.0,0.0,0.0,0.0,0.0,0.0,0.0,0.0,0.0,0.0,0.0,0.0,0.0,0.0,0.0,0.0,0.0,0.0,0.0,0.0,0.0,0.0,0.0,0.0,0.0,0.0,0.0,0.0,0.0,0.0,0.0,0.0,0.0,0.0,0.0,0.0,0.0,0.0,0.0,0.0,0.0,0.0,0.0,0.0,0.0,0.0,0.0,0.0,0.0,0.0,0.0,0.0,0.0,0.0,0.0,0.0,0.0,0.0,0.0,0.0,0.0,4395.7060546875,3596.039794921875,0.0,0.0,0.0,0.0,0.0,0.0,0.0,0.0,FL
275889,FL,1203,0.13214722275733948,3,1.0,117988.84375,449587.84375,3,0,71746.0234375,0.0,360103.65625,0.0,0.0,0.0,0.0,0.0,-292.0,0.0,292.0,0.0,-836.921875,0.0,836.90625,0.0,0.0,0.0,0.0,0.0,0.0,0.0,0.0,0.0,0.0,0.0,0.0,0.0,0.0,0.0,0.0,0.0,0.0,0.0,0.0,0.0,0.0,0.0,0.0,0.0,0.0,0.0,0.0,0.0,0.0,0.0,0.0,0.0,-884.765625,0.0,884.78125,0.0,0.0,0.0,0.0,0.0,0.0,0.0,0.0,0.0,0.0,0.0,0.0,0.0,0.0,0.0,0.0,0.0,0.0,0.0,0.0,0.0,0.0,0.0,0.0,0.0,0.0,0.0,0.0,0.0,0.0,0.0,0.0,0.0,0.0,0.0,0.0,0.0,0.0,0.0,0.0,0.0,69732.3359375,0.0,362117.34375,0.0,-2013.6875,0.0,2013.6875,0.0,-2.8066886546739145,0.0,0.5591965913772583,0.0,FL
275890,FL,1203,113.71233367919922,1,0.0,0.0,2384.108642578125,1,0,0.0,0.0,54919.2890625,26267.58984375,0.0,0.0,0.0,26267.58984375,0.0,0.0,0.0,0.0,0.0,0.0,0.0,0.0,0.0,0.0,0.0,0.0,0.0,0.0,0.0,0.0,0.0,0.0,0.0,0.0,0.0,0.0,0.0,0.0,0.0,0.0,0.0,0.0,0.0,0.0,0.0,0.0,0.0,0.0,0.0,0.0,0.0,0.0,0.0,0.0,0.0,0.0,0.0,0.0,0.0,0.0,0.0,0.0,0.0,0.0,0.0,0.0,0.0,0.0,0.0,0.0,0.0,0.0,0.0,0.0,0.0,0.0,0.0,0.0,0.0,0.0,0.0,0.0,0.0,0.0,0.0,0.0,0.0,0.0,0.0,0.0,0.0,0.0,0.0,0.0,0.0,0.0,0.0,0.0,0.0,0.0,54919.2890625,26267.58984375,0.0,0.0,0.0,0.0,0.0,0.0,0.0,0.0,FL
275891,FL,1203,49.76884841918945,1,0.0,2571.4677734375,9796.0390625,1,0,0.0,0.0,45093.859375,16832.99609375,0.0,0.0,0.0,16832.99609375,0.0,0.0,0.0,0.0,0.0,0.0,0.0,0.0,0.0,0.0,0.0,0.0,0.0,0.0,0.0,0.0,0.0,0.0,0.0,0.0,0.0,0.0,0.0,0.0,0.0,0.0,0.0,0.0,0.0,0.0,0.0,0.0,0.0,0.0,0.0,0.0,0.0,0.0,0.0,0.0,0.0,0.0,0.0,0.0,0.0,0.0,0.0,0.0,0.0,0.0,0.0,0.0,0.0,0.0,0.0,0.0,0.0,0.0,0.0,0.0,0.0,0.0,0.0,0.0,0.0,0.0,0.0,0.0,0.0,0.0,0.0,0.0,0.0,0.0,0.0,0.0,0.0,0.0,0.0,0.0,0.0,0.0,0.0,0.0,0.0,0.0,45093.859375,16832.99609375,0.0,0.0,0.0,0.0,0.0,0.0,0.0,0.0,FL
275892,FL,1203,0.14790110290050507,3,1.0,164483.0703125,1783058.6484375,3,0,642768.3041992188,0.0,1298189.25,0.0,0.0,0.0,2285.38671875,2285.38671875,-350.25,0.0,350.25,0.0,-147.5,0.0,147.5,0.0,0.0,0.0,0.0,0.0,0.0,0.0,0.0,0.0,-200.0,0.0,200.0,0.0,0.0,0.0,0.0,0.0,-1848.875,0.0,1848.875,0.0,0.0,0.0,0.0,0.0,0.0,0.0,0.0,0.0,0.0,0.0,0.0,0.0,0.0,0.0,0.0,0.0,0.0,0.0,0.0,0.0,0.0,0.0,0.0,0.0,0.0,0.0,0.0,0.0,0.0,0.0,0.0,0.0,0.0,0.0,0.0,0.0,0.0,0.0,0.0,0.0,0.0,0.0,0.0,0.0,0.0,0.0,0.0,0.0,0.0,0.0,0.0,0.0,0.0,0.0,0.0,0.0,640221.6791992188,0.0,1300735.875,2285.38671875,-2546.625,0.0,2546.625,0.0,-0.3961964184236911,0.0,0.1961674839258194,0.0,FL
275893,FL,1203,0.13408158719539642,1,0.0,201329.5,433219.65625,1,0,81988.0625,0.0,364995.15625,20258.7421875,0.0,0.0,0.0,20258.7421875,-369.0,0.0,369.0,0.0,0.0,0.0,0.0,0.0,0.0,0.0,0.0,0.0,0.0,0.0,0.0,0.0,0.0,0.0,0.0,0.0,0.0,0.0,0.0,0.0,0.0,0.0,0.0,0.0,0.0,0.0,0.0,0.0,0.0,0.0,0.0,0.0,0.0,0.0,0.0,0.0,0.0,0.0,0.0,0.0,0.0,0.0,0.0,0.0,0.0,0.0,0.0,0.0,0.0,0.0,0.0,0.0,0.0,0.0,0.0,0.0,0.0,0.0,0.0,0.0,0.0,0.0,0.0,0.0,0.0,0.0,0.0,0.0,0.0,0.0,0.0,0.0,0.0,0.0,0.0,0.0,0.0,0.0,0.0,0.0,81619.0625,0.0,365364.15625,20258.7421875,-369.0,0.0,369.0,0.0,-0.45006552020911583,0.0,0.1010972335934639,0.0,FL
275894,FL,1203,250.3179473876953,2,0.0,33184.91796875,72461.1875,2,0,4375.34228515625,0.0,95116.0625,20708.888671875,0.0,5753.64208984375,0.0,26462.53076171875,-10.0,0.0,10.0,0.0,-228.0,0.0,228.0,0.0,0.0,0.0,0.0,0.0,0.0,0.0,0.0,0.0,0.0,0.0,0.0,0.0,0.0,0.0,0.0,0.0,0.0,0.0,0.0,0.0,0.0,0.0,0.0,0.0,0.0,0.0,0.0,0.0,0.0,0.0,0.0,0.0,0.0,0.0,0.0,0.0,0.0,0.0,0.0,0.0,0.0,0.0,0.0,0.0,0.0,0.0,0.0,0.0,0.0,0.0,0.0,0.0,0.0,0.0,0.0,0.0,-719.999755859375,0.0,720.0,0.0,0.0,0.0,0.0,0.0,0.0,0.0,0.0,0.0,0.0,0.0,0.0,0.0,0.0,0.0,0.0,0.0,3417.342529296875,0.0,96074.0625,26462.53076171875,-957.999755859375,0.0,958.0,0.0,-21.8954242530802,0.0,1.0071905851364136,0.0,FL
275895,FL,1203,60.20124435424805,2,0.0,182.5196075439453,182.5196075439453,2,0,0.0,0.0,6084.96826171875,0.0,0.0,0.0,0.0,0.0,0.0,0.0,0.0,0.0,0.0,0.0,0.0,0.0,0.0,0.0,0.0,0.0,0.0,0.0,0.0,0.0,0.0,0.0,0.0,0.0,0.0,0.0,0.0,0.0,0.0,0.0,0.0,0.0,0.0,0.0,0.0,0.0,0.0,0.0,0.0,0.0,0.0,0.0,0.0,0.0,0.0,0.0,0.0,0.0,0.0,0.0,0.0,0.0,0.0,0.0,0.0,0.0,0.0,0.0,0.0,0.0,0.0,0.0,0.0,0.0,0.0,0.0,0.0,0.0,0.0,0.0,0.0,0.0,0.0,0.0,0.0,0.0,0.0,0.0,0.0,0.0,0.0,0.0,0.0,0.0,0.0,0.0,0.0,0.0,0.0,0.0,6084.96826171875,0.0,0.0,0.0,0.0,0.0,0.0,0.0,0.0,0.0,FL
275896,FL,1203,0.1379791796207428,2,0.0,254145.345703125,258090.703125,0,2,39093.08984375,0.0,202195.171875,194.55667114257812,0.0,0.0,0.0,194.55667114257812,-292.0,0.0,292.0,0.0,-456.0,0.0,456.0,0.0,0.0,0.0,0.0,0.0,0.0,0.0,0.0,0.0,0.0,0.0,0.0,0.0,0.0,0.0,0.0,0.0,0.0,0.0,0.0,0.0,0.0,0.0,0.0,0.0,0.0,0.0,0.0,0.0,0.0,0.0,0.0,0.0,0.0,0.0,0.0,0.0,0.0,0.0,0.0,0.0,0.0,0.0,0.0,0.0,0.0,0.0,0.0,0.0,0.0,0.0,0.0,0.0,0.0,0.0,0.0,0.0,0.0,0.0,0.0,0.0,0.0,0.0,0.0,0.0,0.0,0.0,0.0,0.0,0.0,0.0,0.0,0.0,0.0,0.0,0.0,0.0,38345.08984375,0.0,202943.171875,194.55667114257812,-748.0,0.0,748.0,0.0,-1.9133816308448854,0.0,0.3699395954608917,0.0,FL
275897,FL,1203,0.13647091388702393,2,0.0,109496.8046875,2077836.375,2,0,500376.1875,0.0,1615248.0,37975.7421875,0.0,0.0,0.0,37975.7421875,0.0,0.0,0.0,0.0,0.0,0.0,0.0,0.0,0.0,0.0,0.0,0.0,0.0,0.0,0.0,0.0,0.0,0.0,0.0,0.0,0.0,0.0,0.0,0.0,-1400.0,0.0,1400.0,0.0,0.0,0.0,0.0,0.0,0.0,0.0,0.0,0.0,0.0,0.0,0.0,0.0,-560.0,0.0,560.0,0.0,0.0,0.0,0.0,0.0,0.0,0.0,0.0,0.0,0.0,0.0,0.0,0.0,0.0,0.0,0.0,0.0,0.0,0.0,0.0,0.0,0.0,0.0,0.0,0.0,0.0,0.0,0.0,0.0,0.0,0.0,0.0,0.0,0.0,0.0,0.0,0.0,0.0,0.0,0.0,0.0,498416.1875,0.0,1617208.0,37975.7421875,-1960.0,0.0,1960.0,0.0,-0.39170529073188565,0.0,0.12134359031915665,0.0,FL
275898,FL,1203,0.3742641508579254,3,1.0,29862.73193359375,36391.27734375,3,0,-5381.4541015625,0.0,48104.5546875,5852.78173828125,2763.543212890625,0.0,0.0,8616.324951171875,0.0,0.0,0.0,0.0,0.0,0.0,0.0,0.0,0.0,0.0,0.0,0.0,0.0,0.0,0.0,0.0,100.0,0.0,-100.0,0.0,0.0,0.0,0.0,0.0,0.0,0.0,0.0,0.0,0.0,0.0,0.0,0.0,0.0,0.0,0.0,0.0,0.0,0.0,0.0,0.0,0.0,0.0,0.0,0.0,0.0,0.0,0.0,0.0,0.0,0.0,0.0,0.0,0.0,0.0,0.0,0.0,0.0,0.0,0.0,0.0,0.0,0.0,0.0,0.0,0.0,0.0,0.0,0.0,0.0,0.0,0.0,0.0,0.0,0.0,0.0,0.0,0.0,0.0,0.0,0.0,0.0,0.0,0.0,0.0,-5281.4541015625,0.0,48004.5546875,8616.324951171875,100.0,0.0,-100.0,0.0,1.8582338177141584,0.0,-0.20788051187992096,0.0,FL
275899,FL,1203,0.15517863631248474,2,0.0,27325.130859375,33062.8203125,2,0,0.0,0.0,96971.5,32239.37890625,0.0,0.0,0.0,32239.37890625,0.0,0.0,0.0,0.0,0.0,0.0,0.0,0.0,0.0,0.0,0.0,0.0,0.0,0.0,0.0,0.0,0.0,0.0,0.0,0.0,0.0,0.0,0.0,0.0,0.0,0.0,0.0,0.0,0.0,0.0,0.0,0.0,0.0,0.0,0.0,0.0,0.0,0.0,0.0,0.0,0.0,0.0,0.0,0.0,0.0,0.0,0.0,0.0,0.0,0.0,0.0,0.0,0.0,0.0,0.0,0.0,0.0,0.0,0.0,0.0,0.0,0.0,0.0,0.0,0.0,0.0,0.0,0.0,0.0,0.0,0.0,0.0,0.0,0.0,0.0,0.0,0.0,0.0,0.0,0.0,0.0,0.0,0.0,0.0,0.0,0.0,96971.5,32239.37890625,0.0,0.0,0.0,0.0,0.0,0.0,0.0,0.0,FL
275900,FL,1203,0.2232419103384018,3,1.0,272136.1796875,524179.953125,3,0,85631.47021484375,0.0,476010.75,44330.1015625,0.0,0.0,0.0,44330.1015625,-516.0,0.0,516.0,0.0,-233.4140625,0.0,233.4375,0.0,0.0,0.0,0.0,0.0,0.0,0.0,0.0,0.0,-200.0,0.0,200.0,0.0,0.0,0.0,0.0,0.0,0.0,0.0,0.0,0.0,0.0,0.0,0.0,0.0,0.0,0.0,0.0,0.0,0.0,0.0,0.0,0.0,-48.81640625,0.0,48.8125,0.0,0.0,0.0,0.0,0.0,0.0,0.0,0.0,0.0,0.0,0.0,0.0,0.0,0.0,0.0,0.0,0.0,0.0,0.0,0.0,0.0,-592.09765625,0.0,592.09375,0.0,-69.40966796875,0.0,69.40625,0.0,0.0,0.0,0.0,0.0,0.0,0.0,0.0,0.0,0.0,0.0,0.0,0.0,83971.732421875,0.0,477670.5,44330.1015625,-1659.73779296875,0.0,1659.75,0.0,-1.9382334424535475,0.0,0.3486790955066681,0.0,FL
275901,FL,1203,0.22916099429130554,2,0.0,172473.6796875,183346.8671875,2,0,24707.53125,0.0,162021.453125,11771.3681640625,0.0,0.0,0.0,11771.3681640625,-136.0,0.0,136.0,0.0,-341.999755859375,0.0,342.0,0.0,0.0,0.0,0.0,0.0,0.0,0.0,0.0,0.0,0.0,0.0,0.0,0.0,0.0,0.0,0.0,0.0,0.0,0.0,0.0,0.0,0.0,0.0,0.0,0.0,0.0,0.0,0.0,0.0,0.0,0.0,0.0,0.0,0.0,0.0,0.0,0.0,0.0,0.0,0.0,0.0,0.0,0.0,0.0,0.0,0.0,0.0,0.0,0.0,0.0,0.0,0.0,0.0,0.0,0.0,0.0,0.0,0.0,0.0,0.0,0.0,-79.249755859375,0.0,79.25,0.0,0.0,0.0,0.0,0.0,0.0,0.0,0.0,0.0,0.0,0.0,0.0,0.0,24150.28173828125,0.0,162578.703125,11771.3681640625,-557.24951171875,0.0,557.25,0.0,-2.2553832112172274,0.0,0.34393593668937683,0.0,FL
275902,FL,1203,0.14299091696739197,4,1.0,375282.876953125,549731.529296875,2,2,96575.62329101562,0.0,428273.28125,0.0,0.0,0.0,0.0,0.0,-291.99999999998545,0.0,292.0,0.0,-568.2187500000146,0.0,568.21875,0.0,0.0,0.0,0.0,0.0,0.0,0.0,0.0,0.0,0.0,0.0,0.0,0.0,0.0,0.0,0.0,0.0,-847.7578125,0.0,847.75,0.0,0.0,0.0,0.0,0.0,0.0,0.0,0.0,0.0,0.0,0.0,0.0,0.0,-480.0,0.0,480.0,0.0,0.0,0.0,0.0,0.0,0.0,0.0,0.0,0.0,0.0,0.0,0.0,0.0,0.0,0.0,0.0,0.0,0.0,0.0,0.0,0.0,0.0,0.0,0.0,0.0,-96.6568603515625,0.0,96.65625,0.0,0.0,0.0,0.0,0.0,0.0,0.0,0.0,0.0,0.0,0.0,0.0,0.0,94290.98986816406,0.0,430557.90625,0.0,-2284.6334228515625,0.0,2284.625,0.0,-2.3656419135573943,0.0,0.5334502458572388,0.0,FL
275903,FL,1203,0.17743198573589325,2,0.0,128289.01953125,502823.875,2,0,79244.6875,0.0,475385.46875,36895.609375,0.0,0.0,0.0,36895.609375,-230.0,0.0,230.0,0.0,0.0,0.0,0.0,0.0,0.0,0.0,0.0,0.0,0.0,0.0,0.0,0.0,0.0,0.0,0.0,0.0,0.0,0.0,0.0,0.0,-753.1640625,0.0,753.15625,0.0,0.0,0.0,0.0,0.0,0.0,0.0,0.0,0.0,0.0,0.0,0.0,0.0,0.0,0.0,0.0,0.0,0.0,0.0,0.0,0.0,0.0,0.0,0.0,0.0,0.0,0.0,0.0,0.0,0.0,0.0,0.0,0.0,0.0,0.0,0.0,0.0,0.0,0.0,0.0,0.0,0.0,0.0,0.0,0.0,0.0,0.0,0.0,0.0,0.0,0.0,0.0,0.0,0.0,0.0,0.0,0.0,78261.5234375,0.0,476368.625,36895.609375,-983.1640625,0.0,983.15625,0.0,-1.2406687356802308,0.0,0.20681242644786835,0.0,FL
275904,FL,1203,0.11697055399417877,2,0.0,4991.020263671875,4991.020263671875,2,0,-119.18473815917969,0.0,11920.470703125,7192.07958984375,0.0,0.0,0.0,7192.07958984375,0.0,0.0,0.0,0.0,0.0,0.0,0.0,0.0,0.0,0.0,0.0,0.0,0.0,0.0,0.0,0.0,0.0,0.0,0.0,0.0,0.0,0.0,0.0,0.0,0.0,0.0,0.0,0.0,0.0,0.0,0.0,0.0,0.0,0.0,0.0,0.0,0.0,0.0,0.0,0.0,0.0,0.0,0.0,0.0,0.0,0.0,0.0,0.0,0.0,0.0,0.0,0.0,0.0,0.0,0.0,0.0,0.0,0.0,0.0,0.0,0.0,0.0,0.0,0.0,0.0,0.0,0.0,0.0,0.0,0.0,0.0,0.0,0.0,0.0,-3596.0390625,-3596.039794921875,0.0,0.0,0.0,0.0,0.0,0.0,0.0,0.0,-119.18473815917969,0.0,8324.431640625,3596.039794921875,0.0,0.0,-3596.0390625,-3596.039794921875,0.0,0.0,-30.166921615600586,-50.0,FL
275905,FL,1203,0.18618299067020416,2,0.0,714906.5,761687.875,2,0,192270.28125,0.0,541881.0625,0.0,0.0,0.0,0.0,0.0,-749.0,0.0,749.0,0.0,0.0,0.0,0.0,0.0,0.0,0.0,0.0,0.0,0.0,0.0,0.0,0.0,0.0,0.0,0.0,0.0,0.0,0.0,0.0,0.0,0.0,0.0,0.0,0.0,0.0,0.0,0.0,0.0,0.0,0.0,0.0,0.0,0.0,0.0,0.0,0.0,0.0,0.0,0.0,0.0,0.0,0.0,0.0,0.0,0.0,0.0,0.0,0.0,0.0,0.0,0.0,0.0,0.0,0.0,0.0,0.0,0.0,0.0,0.0,0.0,0.0,0.0,0.0,0.0,0.0,0.0,0.0,0.0,0.0,0.0,0.0,0.0,0.0,0.0,0.0,0.0,0.0,0.0,0.0,0.0,191521.28125,0.0,542630.0625,0.0,-749.0,0.0,749.0,0.0,-0.38955578320817585,0.0,0.13822221755981445,0.0,FL
275906,FL,1203,0.19886167347431183,2,0.0,108718.1640625,144241.40625,2,0,11185.9921875,0.0,134193.96875,0.0,0.0,0.0,0.0,0.0,-10.0,0.0,10.0,0.0,-513.0009765625,0.0,513.0,0.0,0.0,0.0,0.0,0.0,0.0,0.0,0.0,0.0,0.0,0.0,0.0,0.0,0.0,0.0,0.0,0.0,0.0,0.0,0.0,0.0,0.0,0.0,0.0,0.0,0.0,0.0,0.0,0.0,0.0,0.0,0.0,0.0,-540.0,0.0,540.0,0.0,0.0,0.0,0.0,0.0,0.0,0.0,0.0,0.0,0.0,0.0,0.0,0.0,0.0,0.0,0.0,0.0,-1190.7802734375,0.0,1190.78125,0.0,0.0,0.0,0.0,0.0,-352.185546875,0.0,352.1875,0.0,0.0,0.0,0.0,0.0,0.0,0.0,0.0,0.0,0.0,0.0,0.0,0.0,8580.025390625,0.0,136799.9375,0.0,-2605.966796875,0.0,2605.96875,0.0,-23.296697809132098,0.0,1.9419418573379517,0.0,FL
275907,FL,1203,0.12092746049165726,2,0.0,108343.8984375,108533.625,2,0,8896.7880859375,0.0,88089.484375,0.0,0.0,0.0,0.0,0.0,-10.0,0.0,10.0,0.0,-228.0,0.0,228.0,0.0,0.0,0.0,0.0,0.0,0.0,0.0,0.0,0.0,0.0,0.0,0.0,0.0,0.0,0.0,0.0,0.0,0.0,0.0,0.0,0.0,0.0,0.0,0.0,0.0,0.0,0.0,0.0,0.0,0.0,0.0,0.0,0.0,-38.451171875,0.0,38.453125,0.0,0.0,0.0,0.0,0.0,0.0,0.0,0.0,0.0,0.0,0.0,0.0,0.0,0.0,0.0,0.0,0.0,-1378.16650390625,0.0,1378.1640625,0.0,0.0,0.0,0.0,0.0,0.0,0.0,0.0,0.0,0.0,0.0,0.0,0.0,0.0,0.0,0.0,0.0,0.0,0.0,0.0,0.0,7242.17041015625,0.0,89744.1015625,0.0,-1654.61767578125,0.0,1654.6171875,0.0,-18.597921629678723,0.0,1.878336787223816,0.0,FL
275908,FL,1203,0.4351356029510498,4,0.0,161624.08276367188,408104.8386230469,4,0,56845.2219543457,0.0,401589.1875,43344.79296875,0.0,0.0,0.0,43344.79296875,-235.0,0.0,235.0,0.0,-532.0,0.0,532.0,0.0,0.0,0.0,0.0,0.0,0.0,0.0,0.0,0.0,0.0,0.0,0.0,0.0,0.0,0.0,0.0,0.0,0.0,0.0,0.0,0.0,0.0,0.0,0.0,0.0,0.0,0.0,0.0,0.0,0.0,0.0,0.0,0.0,-440.0,0.0,440.0,0.0,0.0,0.0,0.0,0.0,0.0,0.0,0.0,0.0,-1690.2265625,0.0,1690.25,0.0,0.0,0.0,0.0,0.0,0.0,0.0,0.0,0.0,-17.65234375,0.0,17.625,0.0,-146.84130859375,0.0,146.875,0.0,0.0,0.0,0.0,0.0,0.0,0.0,0.0,0.0,0.0,0.0,0.0,0.0,53783.50173950195,0.0,404650.9375,43344.79296875,-3061.72021484375,0.0,3061.75,0.0,-5.3860643156652985,0.0,0.762408435344696,0.0,FL
275909,FL,1203,84.3402328491211,1,0.0,1897.200927734375,34068.31640625,1,0,1781.197998046875,0.0,84910.2890625,29623.51953125,0.0,0.0,0.0,29623.51953125,-5.0,0.0,5.0,0.0,-114.0,0.0,114.0,0.0,0.0,0.0,0.0,0.0,0.0,0.0,0.0,0.0,0.0,0.0,0.0,0.0,0.0,0.0,0.0,0.0,0.0,0.0,0.0,0.0,0.0,0.0,0.0,0.0,0.0,0.0,0.0,0.0,0.0,0.0,0.0,0.0,0.0,0.0,0.0,0.0,0.0,0.0,0.0,0.0,0.0,0.0,0.0,0.0,0.0,0.0,0.0,0.0,0.0,0.0,0.0,0.0,0.0,0.0,0.0,0.0,-670.3663330078125,0.0,670.3671875,0.0,0.0,0.0,0.0,0.0,0.0,0.0,0.0,0.0,0.0,0.0,0.0,0.0,0.0,0.0,0.0,0.0,991.8316650390625,0.0,85699.65625,29623.51953125,-789.3663330078125,0.0,789.3671875,0.0,-44.31659668792414,0.0,0.9296483993530273,0.0,FL
275910,FL,1203,0.12039712071418762,4,1.0,30144.654296875,30144.16384857893,4,0,1356.3585205078125,0.0,43160.453125,0.0,6564.3154296875,0.0,0.0,6564.3154296875,-5.0,0.0,5.0,0.0,-114.0,0.0,114.0,0.0,0.0,0.0,0.0,0.0,0.0,0.0,0.0,0.0,0.0,0.0,0.0,0.0,0.0,0.0,0.0,0.0,0.0,0.0,0.0,0.0,0.0,0.0,0.0,0.0,0.0,0.0,0.0,0.0,0.0,0.0,0.0,0.0,0.0,0.0,0.0,0.0,0.0,0.0,0.0,0.0,0.0,0.0,0.0,0.0,0.0,0.0,0.0,0.0,0.0,0.0,0.0,0.0,0.0,0.0,0.0,0.0,0.0,0.0,0.0,0.0,0.0,0.0,0.0,0.0,0.0,0.0,0.0,0.0,0.0,0.0,0.0,0.0,0.0,0.0,0.0,0.0,1237.3585205078125,0.0,43279.453125,6564.3154296875,-119.0,0.0,119.0,0.0,-8.773491536400503,0.0,0.2757153809070587,0.0,FL
275911,FL,1203,0.21118168532848358,3,1.0,488714.5625,643002.1875,3,0,145991.015625,0.0,548594.0,0.0,0.0,0.0,0.0,0.0,-749.0,0.0,749.0,0.0,-665.0,0.0,665.0,0.0,0.0,0.0,0.0,0.0,0.0,0.0,0.0,0.0,0.0,0.0,0.0,0.0,0.0,0.0,0.0,0.0,-1750.0,0.0,1750.0,0.0,0.0,0.0,0.0,0.0,0.0,0.0,0.0,0.0,0.0,0.0,0.0,0.0,-700.0,0.0,700.0,0.0,0.0,0.0,0.0,0.0,0.0,0.0,0.0,0.0,0.0,0.0,0.0,0.0,0.0,0.0,0.0,0.0,0.0,0.0,0.0,0.0,0.0,0.0,0.0,0.0,0.0,0.0,0.0,0.0,0.0,0.0,0.0,0.0,0.0,0.0,0.0,0.0,0.0,0.0,0.0,0.0,142127.015625,0.0,552458.0,0.0,-3864.0,0.0,3864.0,0.0,-2.646738214305782,0.0,0.7043460607528687,0.0,FL
275912,FL,1203,0.1824445277452469,5,2.0,290841.427734375,543917.1796875,5,0,103827.3203125,0.0,522990.8125,0.0,0.0,0.0,0.0,0.0,-764.0,0.0,764.0,0.0,0.0,0.0,0.0,0.0,0.0,0.0,0.0,0.0,0.0,0.0,0.0,0.0,0.0,0.0,0.0,0.0,0.0,0.0,0.0,0.0,0.0,0.0,0.0,0.0,0.0,0.0,0.0,0.0,0.0,0.0,0.0,0.0,0.0,0.0,0.0,0.0,0.0,0.0,0.0,0.0,0.0,0.0,0.0,0.0,0.0,0.0,0.0,0.0,0.0,0.0,0.0,0.0,0.0,0.0,0.0,0.0,0.0,0.0,0.0,0.0,0.0,0.0,0.0,0.0,0.0,0.0,0.0,0.0,0.0,0.0,0.0,0.0,0.0,0.0,0.0,0.0,0.0,0.0,0.0,0.0,103063.3203125,0.0,523754.8125,0.0,-764.0,0.0,764.0,0.0,-0.7358371550960854,0.0,0.14608286321163177,0.0,FL
275913,FL,1203,0.11863967031240463,2,0.0,143135.10546875,545908.6875,2,0,93999.953125,0.0,452464.53125,0.0,0.0,0.0,0.0,0.0,-292.0,0.0,292.0,0.0,-456.0,0.0,456.0,0.0,0.0,0.0,0.0,0.0,0.0,0.0,0.0,0.0,0.0,0.0,0.0,0.0,0.0,0.0,0.0,0.0,0.0,0.0,0.0,0.0,0.0,0.0,0.0,0.0,0.0,0.0,0.0,0.0,0.0,0.0,0.0,0.0,-480.0,0.0,480.0,0.0,0.0,0.0,0.0,0.0,0.0,0.0,0.0,0.0,0.0,0.0,0.0,0.0,0.0,0.0,0.0,0.0,0.0,0.0,0.0,0.0,0.0,0.0,0.0,0.0,0.0,0.0,0.0,0.0,0.0,0.0,0.0,0.0,0.0,0.0,0.0,0.0,0.0,0.0,0.0,0.0,92771.953125,0.0,453692.53125,0.0,-1228.0,0.0,1228.0,0.0,-1.306383630178007,0.0,0.2714024782180786,0.0,FL
275914,FL,1203,156.76527404785156,3,1.0,23942.1328125,24984.8203125,3,0,0.0,0.0,33535.55859375,330.0,0.0,0.0,0.0,330.0,0.0,0.0,0.0,0.0,0.0,0.0,0.0,0.0,0.0,0.0,0.0,0.0,0.0,0.0,0.0,0.0,0.0,0.0,0.0,0.0,0.0,0.0,0.0,0.0,0.0,0.0,0.0,0.0,0.0,0.0,0.0,0.0,0.0,0.0,0.0,0.0,0.0,0.0,0.0,0.0,0.0,0.0,0.0,0.0,0.0,0.0,0.0,0.0,0.0,0.0,0.0,0.0,0.0,0.0,0.0,0.0,0.0,0.0,0.0,0.0,0.0,0.0,0.0,0.0,0.0,0.0,0.0,0.0,0.0,0.0,0.0,0.0,0.0,0.0,0.0,0.0,0.0,0.0,0.0,0.0,0.0,0.0,0.0,0.0,0.0,0.0,33535.55859375,330.0,0.0,0.0,0.0,0.0,0.0,0.0,0.0,0.0,FL
275915,FL,1203,0.1381247341632843,3,1.0,121491.078125,132831.578125,3,0,8807.78955078125,0.0,144336.796875,0.0,0.0,0.0,0.0,0.0,-12.0,0.0,12.0,0.0,-291.0,0.0,291.0,0.0,0.0,0.0,0.0,0.0,0.0,0.0,0.0,0.0,-200.0,0.0,200.0,0.0,0.0,0.0,0.0,0.0,0.0,0.0,0.0,0.0,0.0,0.0,0.0,0.0,0.0,0.0,0.0,0.0,0.0,0.0,0.0,0.0,0.0,0.0,0.0,0.0,0.0,0.0,0.0,0.0,0.0,0.0,0.0,0.0,0.0,0.0,0.0,0.0,0.0,0.0,0.0,0.0,0.0,0.0,0.0,0.0,0.0,0.0,0.0,0.0,0.0,0.0,0.0,0.0,0.0,0.0,0.0,0.0,0.0,0.0,0.0,0.0,0.0,0.0,0.0,0.0,8304.78955078125,0.0,144839.796875,0.0,-503.0,0.0,503.0,0.0,-5.71085397874185,0.0,0.34849047660827637,0.0,FL
275916,FL,1203,0.3653523325920105,2,0.0,185559.9140625,186284.375,2,0,23970.5625,0.0,148118.484375,0.0,0.0,0.0,0.0,0.0,-230.0,0.0,230.0,0.0,-418.0,0.0,418.0,0.0,0.0,0.0,0.0,0.0,0.0,0.0,0.0,0.0,0.0,0.0,0.0,0.0,0.0,0.0,0.0,0.0,0.0,0.0,0.0,0.0,0.0,0.0,0.0,0.0,0.0,0.0,0.0,0.0,0.0,0.0,0.0,0.0,0.0,0.0,0.0,0.0,0.0,0.0,0.0,0.0,0.0,0.0,0.0,0.0,0.0,0.0,0.0,0.0,0.0,0.0,0.0,0.0,0.0,0.0,0.0,0.0,0.0,0.0,0.0,0.0,-237.79296875,0.0,237.796875,0.0,0.0,0.0,0.0,0.0,0.0,0.0,0.0,0.0,0.0,0.0,0.0,0.0,23084.76953125,0.0,149004.28125,0.0,-885.79296875,0.0,885.796875,0.0,-3.6953365977540162,0.0,0.5980326533317566,0.0,FL
275917,FL,1203,0.21712571382522583,2,0.0,424952.4921875,676904.0625,2,0,148707.78125,0.0,510973.8125,0.0,0.0,0.0,0.0,0.0,0.0,0.0,0.0,0.0,0.0,0.0,0.0,0.0,0.0,0.0,0.0,0.0,0.0,0.0,0.0,0.0,0.0,0.0,0.0,0.0,0.0,0.0,0.0,0.0,-1339.578125,0.0,1339.5625,0.0,0.0,0.0,0.0,0.0,0.0,0.0,0.0,0.0,0.0,0.0,0.0,0.0,0.0,0.0,0.0,0.0,0.0,0.0,0.0,0.0,0.0,0.0,0.0,0.0,0.0,0.0,0.0,0.0,0.0,0.0,0.0,0.0,0.0,0.0,0.0,0.0,0.0,0.0,0.0,0.0,0.0,0.0,0.0,0.0,0.0,0.0,0.0,0.0,0.0,0.0,0.0,0.0,0.0,0.0,0.0,0.0,147368.203125,0.0,512313.375,0.0,-1339.578125,0.0,1339.5625,0.0,-0.9008123944422041,0.0,0.26215875148773193,0.0,FL
275918,FL,1203,0.16241450607776642,8,3.9999999999999996,302140.13671875,596359.75,3,5,88383.1640625,0.0,514044.0625,542.8787231445312,11054.1728515625,15153.818359374998,0.0,26750.86993408203,-292.0,0.0,292.0,0.0,-640.09326171875,0.0,640.0625,0.0,0.0,0.0,0.0,0.0,7994.09326171875,0.0,-7994.0625,0.0,0.0,0.0,0.0,0.0,0.0,0.0,0.0,0.0,0.0,0.0,0.0,0.0,0.0,0.0,0.0,0.0,0.0,0.0,0.0,0.0,0.0,0.0,0.0,0.0,-81.3671875,0.0,81.375,0.0,0.0,0.0,0.0,0.0,0.0,0.0,0.0,0.0,0.0,0.0,0.0,0.0,0.0,0.0,0.0,0.0,0.0,0.0,0.0,0.0,0.0,0.0,0.0,0.0,-102.9527587890625,0.0,102.9375,0.0,0.0,0.0,0.0,0.0,0.0,0.0,0.0,0.0,0.0,0.0,0.0,0.0,95260.84411621094,0.0,507166.375,26750.86993408203,6877.6800537109375,0.0,-6877.6875,0.0,7.781663087833558,0.0,-1.3379567861557007,0.0,FL
275919,FL,1203,10.439692497253418,5,2.0,92170.88134765625,1848739.8813476562,5,0,445575.78125,0.0,1454404.0,14282.59375,0.0,0.0,0.0,14282.59375,-734.0,0.0,734.0,0.0,0.0,0.0,0.0,0.0,0.0,0.0,0.0,0.0,0.0,0.0,0.0,0.0,0.0,0.0,0.0,0.0,0.0,0.0,0.0,0.0,0.0,0.0,0.0,0.0,0.0,0.0,0.0,0.0,0.0,0.0,0.0,0.0,0.0,0.0,0.0,0.0,0.0,0.0,0.0,0.0,0.0,0.0,0.0,0.0,0.0,0.0,0.0,0.0,0.0,0.0,0.0,0.0,0.0,0.0,0.0,0.0,0.0,0.0,0.0,0.0,0.0,0.0,0.0,0.0,0.0,0.0,0.0,0.0,0.0,0.0,0.0,0.0,0.0,0.0,0.0,0.0,0.0,0.0,0.0,0.0,444841.78125,0.0,1455138.0,14282.59375,-734.0,0.0,734.0,0.0,-0.16473067677531003,0.0,0.05046740919351578,0.0,FL
275920,FL,1203,0.13575787842273712,4,2.0,84934.90625,84992.1796875,4,0,1847.041015625,0.0,94534.7578125,0.0,0.0,0.0,0.0,0.0,-10.0,0.0,10.0,0.0,0.0,0.0,0.0,0.0,0.0,0.0,0.0,0.0,0.0,0.0,0.0,0.0,-400.0,0.0,400.0,0.0,0.0,0.0,0.0,0.0,0.0,0.0,0.0,0.0,0.0,0.0,0.0,0.0,0.0,0.0,0.0,0.0,0.0,0.0,0.0,0.0,0.0,0.0,0.0,0.0,0.0,0.0,0.0,0.0,0.0,0.0,0.0,0.0,0.0,0.0,0.0,0.0,0.0,0.0,0.0,0.0,0.0,0.0,0.0,0.0,0.0,0.0,0.0,0.0,0.0,0.0,0.0,0.0,0.0,0.0,0.0,0.0,0.0,0.0,0.0,0.0,0.0,0.0,0.0,0.0,1437.041015625,0.0,94944.7578125,0.0,-410.0,0.0,410.0,0.0,-22.197666241930452,0.0,0.43370291590690613,0.0,FL
275921,FL,1203,0.3079735338687897,2,0.0,1296.0107421875,755115.84375,2,0,177960.9697265625,0.0,566022.9375,0.0,0.0,0.0,0.0,0.0,-115.0,0.0,115.0,0.0,-167.2001953125,0.0,167.1875,0.0,0.0,0.0,0.0,0.0,0.0,0.0,0.0,0.0,0.0,0.0,0.0,0.0,0.0,0.0,0.0,0.0,-2067.71875,0.0,2067.75,0.0,0.0,0.0,0.0,0.0,0.0,0.0,0.0,0.0,0.0,0.0,0.0,0.0,0.0,0.0,0.0,0.0,0.0,0.0,0.0,0.0,0.0,0.0,0.0,0.0,0.0,0.0,0.0,0.0,0.0,0.0,0.0,0.0,0.0,0.0,0.0,0.0,-707.525390625,0.0,707.5,0.0,0.0,0.0,0.0,0.0,0.0,0.0,0.0,0.0,0.0,0.0,0.0,0.0,0.0,0.0,0.0,0.0,174903.525390625,0.0,569080.375,0.0,-3057.4443359375,0.0,3057.4375,0.0,-1.7180420744139973,0.0,0.5401614308357239,0.0,FL
275922,FL,1203,0.35813212394714355,1,0.0,51123.48828125,51123.48828125,1,0,4073.818603515625,0.0,46751.0078125,0.0,0.0,0.0,0.0,0.0,-5.0,0.0,5.0,0.0,-114.0,0.0,114.0,0.0,0.0,0.0,0.0,0.0,0.0,0.0,0.0,0.0,0.0,0.0,0.0,0.0,0.0,0.0,0.0,0.0,0.0,0.0,0.0,0.0,0.0,0.0,0.0,0.0,0.0,0.0,0.0,0.0,0.0,0.0,0.0,0.0,0.0,0.0,0.0,0.0,0.0,0.0,0.0,0.0,0.0,0.0,0.0,0.0,0.0,0.0,0.0,0.0,0.0,0.0,0.0,0.0,0.0,0.0,0.0,0.0,0.0,0.0,0.0,0.0,0.0,0.0,0.0,0.0,0.0,0.0,0.0,0.0,0.0,0.0,0.0,0.0,0.0,0.0,0.0,0.0,3954.818603515625,0.0,46870.0078125,0.0,-119.0,0.0,119.0,0.0,-2.921092262117546,0.0,0.25453996658325195,0.0,FL
275923,FL,1203,249.2490997314453,2,0.0,0.0,36420.77734375,2,0,282.0777282714844,0.0,118456.421875,46365.01953125,0.0,0.0,0.0,46365.01953125,0.0,0.0,0.0,0.0,-189.99999237060547,0.0,190.0,0.0,0.0,0.0,0.0,0.0,0.0,0.0,0.0,0.0,0.0,0.0,0.0,0.0,0.0,0.0,0.0,0.0,0.0,0.0,0.0,0.0,0.0,0.0,0.0,0.0,0.0,0.0,0.0,0.0,0.0,0.0,0.0,0.0,0.0,0.0,0.0,0.0,0.0,0.0,0.0,0.0,0.0,0.0,0.0,0.0,0.0,0.0,0.0,0.0,0.0,0.0,0.0,0.0,0.0,0.0,0.0,0.0,-92.0777359008789,0.0,92.078125,0.0,0.0,0.0,0.0,0.0,0.0,0.0,0.0,0.0,0.0,0.0,0.0,0.0,0.0,0.0,0.0,0.0,0.0,0.0,118738.5,46365.01953125,-282.0777282714844,0.0,282.078125,0.0,-100.0,0.0,0.2381281852722168,0.0,FL
275924,FL,1203,0.13341061770915985,4,2.0,61461.642578125,52472.359375,2,2,-2004.996826171875,0.0,62879.4609375,2354.568115234375,0.0,4974.1298828125,2285.38671875,9614.084716796875,0.0,0.0,0.0,0.0,-190.0,0.0,190.0,0.0,0.0,0.0,0.0,0.0,4000.0,0.0,-4000.0,0.0,0.0,0.0,0.0,0.0,0.0,0.0,0.0,0.0,0.0,0.0,0.0,0.0,0.0,0.0,0.0,0.0,0.0,0.0,0.0,0.0,0.0,0.0,0.0,0.0,0.0,0.0,0.0,0.0,0.0,0.0,0.0,0.0,0.0,0.0,0.0,0.0,0.0,0.0,0.0,0.0,0.0,0.0,0.0,0.0,0.0,0.0,0.0,0.0,0.0,0.0,0.0,0.0,-379.92578125,0.0,379.9296875,0.0,0.0,0.0,0.0,0.0,0.0,0.0,0.0,0.0,0.0,0.0,0.0,0.0,1425.077392578125,0.0,59449.390625,9614.084716796875,3430.07421875,0.0,-3430.0703125,0.0,171.07629169164395,0.0,-5.45499324798584,0.0,FL
275925,FL,1203,4.465743064880371,2,0.0,0.0,0.0,0,2,0.0,0.0,55627.4609375,18446.755859375,26463.767578125,0.0,0.0,44910.5234375,0.0,0.0,0.0,0.0,0.0,0.0,0.0,0.0,0.0,0.0,0.0,0.0,0.0,0.0,0.0,0.0,0.0,0.0,0.0,0.0,0.0,0.0,0.0,0.0,0.0,0.0,0.0,0.0,0.0,0.0,0.0,0.0,0.0,0.0,0.0,0.0,0.0,0.0,0.0,0.0,0.0,0.0,0.0,0.0,0.0,0.0,0.0,0.0,0.0,0.0,0.0,0.0,0.0,0.0,0.0,0.0,0.0,0.0,0.0,0.0,0.0,0.0,0.0,0.0,0.0,0.0,0.0,0.0,0.0,0.0,0.0,0.0,0.0,0.0,0.0,0.0,0.0,0.0,0.0,0.0,0.0,0.0,0.0,0.0,0.0,0.0,55627.4609375,44910.5234375,0.0,0.0,0.0,0.0,0.0,0.0,0.0,0.0,FL
275926,FL,1203,0.1451476365327835,1,0.0,30801.6875,30801.6875,1,0,1635.2025146484375,0.0,29511.7265625,0.0,0.0,0.0,0.0,0.0,-5.0,0.0,5.0,0.0,-114.0,0.0,114.0,0.0,0.0,0.0,0.0,0.0,0.0,0.0,0.0,0.0,0.0,0.0,0.0,0.0,0.0,0.0,0.0,0.0,0.0,0.0,0.0,0.0,0.0,0.0,0.0,0.0,0.0,0.0,0.0,0.0,0.0,0.0,0.0,0.0,0.0,0.0,0.0,0.0,0.0,0.0,0.0,0.0,0.0,0.0,0.0,0.0,0.0,0.0,0.0,0.0,0.0,0.0,0.0,0.0,-211.599609375,0.0,211.599609375,0.0,0.0,0.0,0.0,0.0,-390.693115234375,0.0,390.693359375,0.0,0.0,0.0,0.0,0.0,0.0,0.0,0.0,0.0,0.0,0.0,0.0,0.0,913.9097900390625,0.0,30233.01953125,0.0,-721.292724609375,0.0,721.29296875,0.0,-44.11029937563729,0.0,2.444089412689209,0.0,FL
275927,FL,1203,328.0076904296875,2,0.0,0.0,77774.359375,2,0,4615.97119140625,0.0,95201.1875,17997.11328125,0.0,0.0,0.0,17997.11328125,-10.0,0.0,10.0,0.0,-228.0,0.0,228.0,0.0,0.0,0.0,0.0,0.0,0.0,0.0,0.0,0.0,0.0,0.0,0.0,0.0,0.0,0.0,0.0,0.0,0.0,0.0,0.0,0.0,0.0,0.0,0.0,0.0,0.0,0.0,0.0,0.0,0.0,0.0,0.0,0.0,0.0,0.0,0.0,0.0,0.0,0.0,0.0,0.0,0.0,0.0,0.0,0.0,0.0,0.0,0.0,0.0,0.0,0.0,0.0,0.0,0.0,0.0,0.0,0.0,-1440.0,0.0,1440.0,0.0,-530.294189453125,0.0,530.2890625,0.0,0.0,0.0,0.0,0.0,0.0,0.0,0.0,0.0,0.0,0.0,0.0,0.0,2407.677001953125,0.0,97409.4765625,17997.11328125,-2208.294189453125,0.0,2208.2890625,0.0,-47.84029401146178,0.0,2.3196024894714355,0.0,FL
275928,FL,1203,230.2463836669922,1,0.0,0.0,0.0,1,0,0.0,0.0,28023.041015625,14791.1572265625,13231.8837890625,0.0,0.0,28023.041015625,0.0,0.0,0.0,0.0,0.0,0.0,0.0,0.0,0.0,0.0,0.0,0.0,0.0,0.0,0.0,0.0,0.0,0.0,0.0,0.0,0.0,0.0,0.0,0.0,0.0,0.0,0.0,0.0,0.0,0.0,0.0,0.0,0.0,0.0,0.0,0.0,0.0,0.0,0.0,0.0,0.0,0.0,0.0,0.0,0.0,0.0,0.0,0.0,0.0,0.0,0.0,0.0,0.0,0.0,0.0,0.0,0.0,0.0,0.0,0.0,0.0,0.0,0.0,0.0,0.0,0.0,0.0,0.0,0.0,0.0,0.0,0.0,0.0,0.0,0.0,0.0,0.0,0.0,0.0,0.0,0.0,0.0,0.0,0.0,0.0,0.0,28023.041015625,28023.041015625,0.0,0.0,0.0,0.0,0.0,0.0,0.0,0.0,FL
275929,FL,1203,198.78817749023438,1,0.0,0.0,0.0,1,0,0.0,0.0,47964.7421875,24291.212890625,0.0,0.0,0.0,24291.212890625,0.0,0.0,0.0,0.0,0.0,0.0,0.0,0.0,0.0,0.0,0.0,0.0,0.0,0.0,0.0,0.0,0.0,0.0,0.0,0.0,0.0,0.0,0.0,0.0,0.0,0.0,0.0,0.0,0.0,0.0,0.0,0.0,0.0,0.0,0.0,0.0,0.0,0.0,0.0,0.0,0.0,0.0,0.0,0.0,0.0,0.0,0.0,0.0,0.0,0.0,0.0,0.0,0.0,0.0,0.0,0.0,0.0,0.0,0.0,0.0,0.0,0.0,0.0,0.0,0.0,0.0,0.0,0.0,0.0,0.0,0.0,0.0,0.0,0.0,0.0,0.0,0.0,0.0,0.0,0.0,0.0,0.0,0.0,0.0,0.0,0.0,47964.7421875,24291.212890625,0.0,0.0,0.0,0.0,0.0,0.0,0.0,0.0,FL
275930,FL,1203,0.12311186641454697,4,2.0,126311.1484375,681437.5625,4,0,131422.421875,0.0,656069.5625,26539.14453125,29227.310791015625,0.0,0.0,55766.455322265625,-749.0078125,0.0,749.0,0.0,-665.0,0.0,665.0,0.0,0.0,0.0,0.0,0.0,0.0,0.0,0.0,0.0,0.0,0.0,0.0,0.0,0.0,0.0,0.0,0.0,0.0,0.0,0.0,0.0,0.0,0.0,0.0,0.0,0.0,0.0,0.0,0.0,0.0,0.0,0.0,0.0,-700.0,0.0,700.0,0.0,0.0,0.0,0.0,0.0,0.0,0.0,0.0,0.0,0.0,0.0,0.0,0.0,0.0,0.0,0.0,0.0,0.0,0.0,0.0,0.0,0.0,0.0,0.0,0.0,0.0,0.0,0.0,0.0,0.0,0.0,0.0,0.0,0.0,0.0,0.0,0.0,0.0,0.0,0.0,0.0,129308.4140625,0.0,658183.5625,55766.455322265625,-2114.0078125,0.0,2114.0,0.0,-1.6085594697917678,0.0,0.32222190499305725,0.0,FL
275931,FL,1203,0.14245662093162537,5,1.0,429077.796875,516790.6953125,5,0,82793.11444091797,0.0,448402.9375,25857.771484375,0.0,0.0,0.0,25857.771484375,-407.0,0.0,407.0,0.0,-760.0,0.0,760.0,0.0,0.0,0.0,0.0,0.0,0.0,0.0,0.0,0.0,-200.0,0.0,200.0,0.0,0.0,0.0,0.0,0.0,-1007.3251953125,0.0,1007.34375,0.0,0.0,0.0,0.0,0.0,0.0,0.0,0.0,0.0,0.0,0.0,0.0,0.0,-480.0,0.0,480.0,0.0,0.0,0.0,0.0,0.0,0.0,0.0,0.0,0.0,0.0,0.0,0.0,0.0,0.0,0.0,0.0,0.0,0.0,0.0,0.0,0.0,0.0,0.0,0.0,0.0,-51.88201904296875,0.0,51.875,0.0,0.0,0.0,0.0,0.0,0.0,0.0,0.0,0.0,0.0,0.0,0.0,0.0,79886.9072265625,0.0,451309.15625,25857.771484375,-2906.2072143554688,0.0,2906.21875,0.0,-3.510203999427233,0.0,0.6481266021728516,0.0,FL
275932,FL,1203,0.12403855472803116,3,0.0,192735.03955078125,548400.5708007812,3,0,95594.14825439453,0.0,486690.15625,35968.0703125,0.0,0.0,0.0,35968.0703125,-292.0,0.0,292.0,0.0,-456.0,0.0,456.0,0.0,0.0,0.0,0.0,0.0,0.0,0.0,0.0,0.0,0.0,0.0,0.0,0.0,0.0,0.0,0.0,0.0,-804.9375,0.0,804.9375,0.0,0.0,0.0,0.0,0.0,0.0,0.0,0.0,0.0,0.0,0.0,0.0,0.0,-480.0,0.0,480.0,0.0,0.0,0.0,0.0,0.0,0.0,0.0,0.0,0.0,0.0,0.0,0.0,0.0,0.0,0.0,0.0,0.0,0.0,0.0,0.0,0.0,0.0,0.0,0.0,0.0,0.0,0.0,0.0,0.0,0.0,0.0,0.0,0.0,0.0,0.0,0.0,0.0,0.0,0.0,0.0,0.0,93561.21075439453,0.0,488723.09375,35968.0703125,-2032.9375,0.0,2032.9375,0.0,-2.126633833893221,0.0,0.4177067279815674,0.0,FL
275933,FL,1203,0.20375607907772064,2,0.0,33059.12646484375,33060.328125,2,0,276.0328063964844,0.0,104893.890625,0.0,0.0,0.0,0.0,0.0,0.0,0.0,0.0,0.0,-189.99999237060547,0.0,190.0,0.0,0.0,0.0,0.0,0.0,0.0,0.0,0.0,0.0,0.0,0.0,0.0,0.0,0.0,0.0,0.0,0.0,0.0,0.0,0.0,0.0,0.0,0.0,0.0,0.0,0.0,0.0,0.0,0.0,0.0,0.0,0.0,0.0,0.0,0.0,0.0,0.0,0.0,0.0,0.0,0.0,0.0,0.0,0.0,0.0,0.0,0.0,0.0,0.0,0.0,0.0,0.0,0.0,0.0,0.0,0.0,0.0,0.0,0.0,0.0,0.0,0.0,0.0,0.0,0.0,0.0,0.0,0.0,0.0,0.0,0.0,0.0,0.0,0.0,0.0,0.0,0.0,86.0328140258789,0.0,105083.890625,0.0,-189.99999237060547,0.0,190.0,0.0,-68.83239526887822,0.0,0.18113543093204498,0.0,FL
275934,FL,1203,0.1382872760295868,2,0.0,90983.46875,456426.3125,2,0,70641.390625,0.0,406088.0625,0.0,0.0,0.0,0.0,0.0,-230.0,0.0,230.0,0.0,-418.0,0.0,418.0,0.0,0.0,0.0,0.0,0.0,0.0,0.0,0.0,0.0,0.0,0.0,0.0,0.0,0.0,0.0,0.0,0.0,0.0,0.0,0.0,0.0,0.0,0.0,0.0,0.0,0.0,0.0,0.0,0.0,0.0,0.0,0.0,0.0,-440.0,0.0,440.0,0.0,0.0,0.0,0.0,0.0,0.0,0.0,0.0,0.0,0.0,0.0,0.0,0.0,0.0,0.0,0.0,0.0,0.0,0.0,0.0,0.0,0.0,0.0,0.0,0.0,0.0,0.0,0.0,0.0,0.0,0.0,0.0,0.0,0.0,0.0,0.0,0.0,0.0,0.0,0.0,0.0,69553.390625,0.0,407176.0625,0.0,-1088.0,0.0,1088.0,0.0,-1.5401735305235575,0.0,0.26792219281196594,0.0,FL
275935,FL,1203,67.002197265625,1,0.0,0.0,0.0,1,0,-119.18473815917969,0.0,1677.1551513671875,0.0,0.0,0.0,0.0,0.0,0.0,0.0,0.0,0.0,0.0,0.0,0.0,0.0,0.0,0.0,0.0,0.0,0.0,0.0,0.0,0.0,0.0,0.0,0.0,0.0,0.0,0.0,0.0,0.0,0.0,0.0,0.0,0.0,0.0,0.0,0.0,0.0,0.0,0.0,0.0,0.0,0.0,0.0,0.0,0.0,0.0,0.0,0.0,0.0,0.0,0.0,0.0,0.0,0.0,0.0,0.0,0.0,0.0,0.0,0.0,0.0,0.0,0.0,0.0,0.0,0.0,0.0,0.0,0.0,0.0,0.0,0.0,0.0,0.0,0.0,0.0,0.0,0.0,0.0,0.0,0.0,0.0,0.0,0.0,0.0,0.0,0.0,0.0,0.0,-119.18473815917969,0.0,1677.1551513671875,0.0,0.0,0.0,0.0,0.0,0.0,0.0,0.0,0.0,FL
275936,FL,1203,0.10542076081037521,2,0.0,38353.2490234375,152589.625,2,0,15831.7177734375,0.0,222729.6875,68666.3125,0.0,0.0,0.0,68666.3125,-230.0,0.0,230.0,0.0,-418.0,0.0,418.0,0.0,0.0,0.0,0.0,0.0,0.0,0.0,0.0,0.0,0.0,0.0,0.0,0.0,0.0,0.0,0.0,0.0,0.0,0.0,0.0,0.0,0.0,0.0,0.0,0.0,0.0,0.0,0.0,0.0,0.0,0.0,0.0,0.0,0.0,0.0,0.0,0.0,0.0,0.0,0.0,0.0,0.0,0.0,0.0,0.0,0.0,0.0,0.0,0.0,0.0,0.0,0.0,0.0,0.0,0.0,0.0,0.0,-2605.8173828125,0.0,2605.8125,0.0,0.0,0.0,0.0,0.0,0.0,0.0,0.0,0.0,0.0,0.0,0.0,0.0,0.0,0.0,0.0,0.0,12577.900390625,0.0,225983.5,68666.3125,-3253.8173828125,0.0,3253.8125,0.0,-20.55252265974425,0.0,1.4608795642852783,0.0,FL
275937,FL,1203,0.18377524614334106,2,0.0,113035.80859375,113035.80859375,2,0,10729.955322265625,0.0,121817.0078125,0.0,0.0,12144.6259765625,0.0,12144.6259765625,-120.0,0.0,120.0,0.0,-323.00048828125,0.0,323.0,0.0,0.0,0.0,0.0,0.0,0.0,0.0,0.0,0.0,0.0,0.0,0.0,0.0,0.0,0.0,0.0,0.0,0.0,0.0,0.0,0.0,0.0,0.0,0.0,0.0,0.0,0.0,0.0,0.0,0.0,0.0,0.0,0.0,-220.0,0.0,220.0,0.0,0.0,0.0,0.0,0.0,0.0,0.0,0.0,0.0,0.0,0.0,0.0,0.0,0.0,0.0,0.0,0.0,0.0,0.0,0.0,0.0,0.0,0.0,0.0,0.0,0.0,0.0,0.0,0.0,0.0,0.0,0.0,0.0,0.0,0.0,0.0,0.0,0.0,0.0,0.0,0.0,10066.954833984375,0.0,122480.0078125,12144.6259765625,-663.00048828125,0.0,663.0,0.0,-6.178967836943964,0.0,0.5442590117454529,0.0,FL
275938,FL,1203,0.13360631465911865,3,1.0,147857.28125,147857.640625,3,0,15016.6806640625,0.0,154927.078125,0.0,0.0,0.0,0.0,0.0,-230.0,0.0,230.0,0.0,-418.0,0.0,418.0,0.0,0.0,0.0,0.0,0.0,0.0,0.0,0.0,0.0,0.0,0.0,0.0,0.0,0.0,0.0,0.0,0.0,0.0,0.0,0.0,0.0,0.0,0.0,0.0,0.0,0.0,0.0,0.0,0.0,0.0,0.0,0.0,0.0,-102.5126953125,0.0,102.515625,0.0,0.0,0.0,0.0,0.0,0.0,0.0,0.0,0.0,0.0,0.0,0.0,0.0,0.0,0.0,0.0,0.0,0.0,0.0,0.0,0.0,0.0,0.0,0.0,0.0,0.0,0.0,0.0,0.0,0.0,0.0,0.0,0.0,0.0,0.0,0.0,0.0,0.0,0.0,0.0,0.0,14266.16796875,0.0,155677.59375,0.0,-750.5126953125,0.0,750.515625,0.0,-4.997860127029311,0.0,0.48443153500556946,0.0,FL
275939,FL,1203,0.26850926876068115,6,3.9999999999999996,38467.04296875,38467.04296875,6,0,-11610.3046875,0.0,68709.8828125,4523.84912109375,8290.629638671875,0.0,0.0,12814.478759765625,0.0,0.0,0.0,0.0,0.0,0.0,0.0,0.0,0.0,0.0,0.0,0.0,0.0,0.0,0.0,0.0,0.0,0.0,0.0,0.0,0.0,0.0,0.0,0.0,0.0,0.0,0.0,0.0,0.0,0.0,0.0,0.0,0.0,0.0,0.0,0.0,0.0,0.0,0.0,0.0,0.0,0.0,0.0,0.0,0.0,0.0,0.0,0.0,0.0,0.0,0.0,0.0,0.0,0.0,0.0,0.0,0.0,0.0,0.0,0.0,0.0,0.0,0.0,0.0,0.0,0.0,0.0,0.0,0.0,0.0,0.0,0.0,0.0,0.0,0.0,0.0,0.0,0.0,0.0,0.0,0.0,0.0,-2763.546875,-2763.543212890625,-11610.3046875,0.0,65946.3359375,10050.935546875,0.0,0.0,-2763.546875,-2763.543212890625,0.0,0.0,-4.0220513343811035,-21.56578714358234,FL
275940,FL,1203,126.02938079833984,1,0.0,0.0,0.0,1,0,0.0,0.0,57836.59375,29062.138671875,0.0,0.0,0.0,29062.138671875,0.0,0.0,0.0,0.0,0.0,0.0,0.0,0.0,0.0,0.0,0.0,0.0,0.0,0.0,0.0,0.0,0.0,0.0,0.0,0.0,0.0,0.0,0.0,0.0,0.0,0.0,0.0,0.0,0.0,0.0,0.0,0.0,0.0,0.0,0.0,0.0,0.0,0.0,0.0,0.0,0.0,0.0,0.0,0.0,0.0,0.0,0.0,0.0,0.0,0.0,0.0,0.0,0.0,0.0,0.0,0.0,0.0,0.0,0.0,0.0,0.0,0.0,0.0,0.0,0.0,0.0,0.0,0.0,0.0,0.0,0.0,0.0,0.0,0.0,0.0,0.0,0.0,0.0,0.0,0.0,0.0,0.0,0.0,0.0,0.0,0.0,57836.59375,29062.138671875,0.0,0.0,0.0,0.0,0.0,0.0,0.0,0.0,FL
275941,FL,1203,0.028179854154586792,3,1.0,73862.578125,69361.2265625,3,0,-512.824951171875,0.0,100462.96875,0.0,0.0,0.0,0.0,0.0,0.0,0.0,0.0,0.0,0.0,0.0,0.0,0.0,0.0,0.0,0.0,0.0,0.0,0.0,0.0,0.0,-200.0,0.0,200.0,0.0,0.0,0.0,0.0,0.0,0.0,0.0,0.0,0.0,0.0,0.0,0.0,0.0,0.0,0.0,0.0,0.0,0.0,0.0,0.0,0.0,0.0,0.0,0.0,0.0,0.0,0.0,0.0,0.0,0.0,0.0,0.0,0.0,0.0,0.0,0.0,0.0,0.0,0.0,0.0,0.0,0.0,0.0,0.0,0.0,0.0,0.0,0.0,0.0,0.0,0.0,0.0,0.0,0.0,0.0,0.0,0.0,0.0,0.0,0.0,0.0,0.0,0.0,0.0,0.0,-712.824951171875,0.0,100662.96875,0.0,-200.0,0.0,200.0,0.0,-38.99966246630019,0.0,0.19907832145690918,0.0,FL
275942,FL,1203,118.6866683959961,1,0.0,0.0,0.0,1,0,0.0,0.0,37716.37890625,22232.19921875,0.0,0.0,0.0,22232.19921875,0.0,0.0,0.0,0.0,0.0,0.0,0.0,0.0,0.0,0.0,0.0,0.0,0.0,0.0,0.0,0.0,0.0,0.0,0.0,0.0,0.0,0.0,0.0,0.0,0.0,0.0,0.0,0.0,0.0,0.0,0.0,0.0,0.0,0.0,0.0,0.0,0.0,0.0,0.0,0.0,0.0,0.0,0.0,0.0,0.0,0.0,0.0,0.0,0.0,0.0,0.0,0.0,0.0,0.0,0.0,0.0,0.0,0.0,0.0,0.0,0.0,0.0,0.0,0.0,0.0,0.0,0.0,0.0,0.0,0.0,0.0,0.0,0.0,0.0,0.0,0.0,0.0,0.0,0.0,0.0,0.0,0.0,0.0,0.0,0.0,0.0,37716.37890625,22232.19921875,0.0,0.0,0.0,0.0,0.0,0.0,0.0,0.0,FL
275943,FL,1203,92.71737670898438,1,0.0,0.0,15289.0849609375,1,0,0.0,0.0,64924.8671875,25308.44140625,0.0,0.0,0.0,25308.44140625,0.0,0.0,0.0,0.0,0.0,0.0,0.0,0.0,0.0,0.0,0.0,0.0,0.0,0.0,0.0,0.0,0.0,0.0,0.0,0.0,0.0,0.0,0.0,0.0,0.0,0.0,0.0,0.0,0.0,0.0,0.0,0.0,0.0,0.0,0.0,0.0,0.0,0.0,0.0,0.0,0.0,0.0,0.0,0.0,0.0,0.0,0.0,0.0,0.0,0.0,0.0,0.0,0.0,0.0,0.0,0.0,0.0,0.0,0.0,0.0,0.0,0.0,0.0,0.0,0.0,0.0,0.0,0.0,0.0,0.0,0.0,0.0,0.0,0.0,0.0,0.0,0.0,0.0,0.0,0.0,0.0,0.0,0.0,0.0,0.0,0.0,64924.8671875,25308.44140625,0.0,0.0,0.0,0.0,0.0,0.0,0.0,0.0,FL
275944,FL,1203,0.12584231793880463,4,2.0,970607.66796875,999562.625,3,1,278282.71875,0.0,752393.625,0.0,0.0,0.0,0.0,0.0,-734.0,0.0,734.0,0.0,-703.0,0.0,703.0,0.0,0.0,0.0,0.0,0.0,0.0,0.0,0.0,0.0,0.0,0.0,0.0,0.0,0.0,0.0,0.0,0.0,-1850.0,0.0,1850.0,0.0,0.0,0.0,0.0,0.0,0.0,0.0,0.0,0.0,0.0,0.0,0.0,0.0,-740.0,0.0,740.0,0.0,0.0,0.0,0.0,0.0,0.0,0.0,0.0,0.0,0.0,0.0,0.0,0.0,0.0,0.0,0.0,0.0,0.0,0.0,0.0,0.0,0.0,0.0,0.0,0.0,0.0,0.0,0.0,0.0,0.0,0.0,0.0,0.0,0.0,0.0,0.0,0.0,0.0,0.0,0.0,0.0,274255.71875,0.0,756420.625,0.0,-4027.0,0.0,4027.0,0.0,-1.447089498797704,0.0,0.5352251529693604,0.0,FL
275945,FL,1203,121.03453826904297,2,0.0,2433.935791015625,2433.935791015625,2,0,0.0,0.0,9824.1875,0.0,3282.15771484375,0.0,0.0,3282.15771484375,0.0,0.0,0.0,0.0,0.0,0.0,0.0,0.0,0.0,0.0,0.0,0.0,0.0,0.0,0.0,0.0,0.0,0.0,0.0,0.0,0.0,0.0,0.0,0.0,0.0,0.0,0.0,0.0,0.0,0.0,0.0,0.0,0.0,0.0,0.0,0.0,0.0,0.0,0.0,0.0,0.0,0.0,0.0,0.0,0.0,0.0,0.0,0.0,0.0,0.0,0.0,0.0,0.0,0.0,0.0,0.0,0.0,0.0,0.0,0.0,0.0,0.0,0.0,0.0,0.0,0.0,0.0,0.0,0.0,0.0,0.0,0.0,0.0,0.0,0.0,0.0,0.0,0.0,0.0,0.0,0.0,0.0,0.0,0.0,0.0,0.0,9824.1875,3282.15771484375,0.0,0.0,0.0,0.0,0.0,0.0,0.0,0.0,FL
275946,FL,1203,107.06287384033203,1,0.0,0.0,-1156.655517578125,1,0,0.0,0.0,55895.1796875,28669.759765625,0.0,0.0,0.0,28669.759765625,0.0,0.0,0.0,0.0,0.0,0.0,0.0,0.0,0.0,0.0,0.0,0.0,0.0,0.0,0.0,0.0,0.0,0.0,0.0,0.0,0.0,0.0,0.0,0.0,0.0,0.0,0.0,0.0,0.0,0.0,0.0,0.0,0.0,0.0,0.0,0.0,0.0,0.0,0.0,0.0,0.0,0.0,0.0,0.0,0.0,0.0,0.0,0.0,0.0,0.0,0.0,0.0,0.0,0.0,0.0,0.0,0.0,0.0,0.0,0.0,0.0,0.0,0.0,0.0,0.0,0.0,0.0,0.0,0.0,0.0,0.0,0.0,0.0,0.0,0.0,0.0,0.0,0.0,0.0,0.0,0.0,0.0,0.0,0.0,0.0,0.0,55895.1796875,28669.759765625,0.0,0.0,0.0,0.0,0.0,0.0,0.0,0.0,FL
275947,FL,1203,148.7637481689453,1,0.0,0.0,10957.6572265625,1,0,0.0,0.0,79581.671875,34878.12890625,0.0,0.0,0.0,34878.12890625,0.0,0.0,0.0,0.0,0.0,0.0,0.0,0.0,0.0,0.0,0.0,0.0,0.0,0.0,0.0,0.0,0.0,0.0,0.0,0.0,0.0,0.0,0.0,0.0,0.0,0.0,0.0,0.0,0.0,0.0,0.0,0.0,0.0,0.0,0.0,0.0,0.0,0.0,0.0,0.0,0.0,0.0,0.0,0.0,0.0,0.0,0.0,0.0,0.0,0.0,0.0,0.0,0.0,0.0,0.0,0.0,0.0,0.0,0.0,0.0,0.0,0.0,0.0,0.0,0.0,0.0,0.0,0.0,0.0,0.0,0.0,0.0,0.0,0.0,0.0,0.0,0.0,0.0,0.0,0.0,0.0,0.0,0.0,0.0,0.0,0.0,79581.671875,34878.12890625,0.0,0.0,0.0,0.0,0.0,0.0,0.0,0.0,FL
275948,FL,1203,0.15850375592708588,2,0.0,184833.30859375,192840.265625,2,0,24639.693359375,0.0,162180.8125,0.0,0.0,0.0,0.0,0.0,-230.0,0.0,230.0,0.0,-418.0,0.0,418.0,0.0,0.0,0.0,0.0,0.0,0.0,0.0,0.0,0.0,0.0,0.0,0.0,0.0,0.0,0.0,0.0,0.0,0.0,0.0,0.0,0.0,0.0,0.0,0.0,0.0,0.0,0.0,0.0,0.0,0.0,0.0,0.0,0.0,-219.603515625,0.0,219.59375,0.0,0.0,0.0,0.0,0.0,0.0,0.0,0.0,0.0,0.0,0.0,0.0,0.0,0.0,0.0,0.0,0.0,-505.853515625,0.0,505.859375,0.0,0.0,0.0,0.0,0.0,0.0,0.0,0.0,0.0,0.0,0.0,0.0,0.0,0.0,0.0,0.0,0.0,0.0,0.0,0.0,0.0,23266.236328125,0.0,163554.265625,0.0,-1373.45703125,0.0,1373.453125,0.0,-5.574164463891034,0.0,0.8468654155731201,0.0,FL
275949,FL,1203,0.12868160009384155,3,1.0,108396.9296875,109434.484375,3,0,6956.1171875,0.0,113550.6015625,0.0,0.0,0.0,0.0,0.0,-10.0,0.0,10.0,0.0,-228.0,0.0,228.0,0.0,0.0,0.0,0.0,0.0,0.0,0.0,0.0,0.0,-200.0,0.0,200.0,0.0,0.0,0.0,0.0,0.0,0.0,0.0,0.0,0.0,0.0,0.0,0.0,0.0,0.0,0.0,0.0,0.0,0.0,0.0,0.0,0.0,-240.0,0.0,240.0,0.0,0.0,0.0,0.0,0.0,0.0,0.0,0.0,0.0,0.0,0.0,0.0,0.0,0.0,0.0,0.0,0.0,-287.04443359375,0.0,287.046875,0.0,0.0,0.0,0.0,0.0,-219.20068359375,0.0,219.203125,0.0,0.0,0.0,0.0,0.0,0.0,0.0,0.0,0.0,0.0,0.0,0.0,0.0,5771.8720703125,0.0,114734.8515625,0.0,-1184.2451171875,0.0,1184.25,0.0,-17.024513608188833,0.0,1.0429271459579468,0.0,FL
275950,FL,1203,0.14355532824993134,5,3.0,283970.3125,374943.78125,5,0,53946.8046875,0.0,316967.875,0.0,0.0,0.0,0.0,0.0,-292.0,0.0,292.0,0.0,0.0,0.0,0.0,0.0,0.0,0.0,0.0,0.0,0.0,0.0,0.0,0.0,-600.0,0.0,600.0,0.0,0.0,0.0,0.0,0.0,0.0,0.0,0.0,0.0,0.0,0.0,0.0,0.0,0.0,0.0,0.0,0.0,0.0,0.0,0.0,0.0,0.0,0.0,0.0,0.0,0.0,0.0,0.0,0.0,0.0,0.0,0.0,0.0,0.0,0.0,0.0,0.0,0.0,0.0,0.0,0.0,0.0,0.0,0.0,0.0,0.0,0.0,0.0,0.0,0.0,0.0,0.0,0.0,0.0,0.0,0.0,0.0,0.0,0.0,0.0,0.0,0.0,0.0,0.0,0.0,53054.8046875,0.0,317859.875,0.0,-892.0,0.0,892.0,0.0,-1.6534806930032782,0.0,0.28141653537750244,0.0,FL
275951,FL,1203,252.150390625,2,0.0,0.0,-2566.994873046875,2,0,0.0,0.0,46000.4140625,31485.623046875,0.0,0.0,0.0,31485.623046875,0.0,0.0,0.0,0.0,0.0,0.0,0.0,0.0,0.0,0.0,0.0,0.0,0.0,0.0,0.0,0.0,0.0,0.0,0.0,0.0,0.0,0.0,0.0,0.0,0.0,0.0,0.0,0.0,0.0,0.0,0.0,0.0,0.0,0.0,0.0,0.0,0.0,0.0,0.0,0.0,0.0,0.0,0.0,0.0,0.0,0.0,0.0,0.0,0.0,0.0,0.0,0.0,0.0,0.0,0.0,0.0,0.0,0.0,0.0,0.0,0.0,0.0,0.0,0.0,0.0,0.0,0.0,0.0,0.0,0.0,0.0,0.0,0.0,0.0,0.0,0.0,0.0,0.0,0.0,0.0,0.0,0.0,0.0,0.0,0.0,0.0,46000.4140625,31485.623046875,0.0,0.0,0.0,0.0,0.0,0.0,0.0,0.0,FL
275952,FL,1203,256.79608154296875,2,0.0,0.0,21138.52734375,2,0,0.0,0.0,67388.765625,22234.806640625,0.0,0.0,0.0,22234.806640625,0.0,0.0,0.0,0.0,0.0,0.0,0.0,0.0,0.0,0.0,0.0,0.0,0.0,0.0,0.0,0.0,0.0,0.0,0.0,0.0,0.0,0.0,0.0,0.0,0.0,0.0,0.0,0.0,0.0,0.0,0.0,0.0,0.0,0.0,0.0,0.0,0.0,0.0,0.0,0.0,0.0,0.0,0.0,0.0,0.0,0.0,0.0,0.0,0.0,0.0,0.0,0.0,0.0,0.0,0.0,0.0,0.0,0.0,0.0,0.0,0.0,0.0,0.0,0.0,0.0,0.0,0.0,0.0,0.0,0.0,0.0,0.0,0.0,0.0,0.0,0.0,0.0,0.0,0.0,0.0,0.0,0.0,0.0,0.0,0.0,0.0,67388.765625,22234.806640625,0.0,0.0,0.0,0.0,0.0,0.0,0.0,0.0,FL
275953,FL,1203,0.1351606696844101,3,2.0,39952.109375,39952.109375,3,0,-5813.537109375,0.0,51499.3046875,2395.6591796875,0.0,0.0,4570.7734375,6966.4326171875,0.0,0.0,0.0,0.0,-147.5,0.0,147.5,0.0,0.0,0.0,0.0,0.0,0.0,0.0,0.0,0.0,-400.0,0.0,400.0,0.0,0.0,0.0,0.0,0.0,0.0,0.0,0.0,0.0,0.0,0.0,0.0,0.0,0.0,0.0,0.0,0.0,0.0,0.0,0.0,0.0,0.0,0.0,0.0,0.0,0.0,0.0,0.0,0.0,0.0,0.0,0.0,0.0,0.0,0.0,0.0,0.0,0.0,0.0,0.0,0.0,-577.7109375,0.0,577.7109375,0.0,0.0,0.0,0.0,0.0,0.0,0.0,0.0,0.0,0.0,0.0,0.0,0.0,0.0,0.0,0.0,0.0,0.0,0.0,0.0,0.0,-6938.748046875,0.0,52624.515625,6966.4326171875,-1125.2109375,0.0,1125.2109375,0.0,-19.355014276686518,0.0,2.1849050521850586,0.0,FL
275954,FL,1203,0.12842248380184174,2,0.0,130594.13671875,130634.16796875,2,0,12399.95654296875,0.0,112627.765625,0.0,0.0,0.0,0.0,0.0,-120.0,0.0,120.0,0.0,-323.0,0.0,323.0,0.0,0.0,0.0,0.0,0.0,0.0,0.0,0.0,0.0,0.0,0.0,0.0,0.0,0.0,0.0,0.0,0.0,0.0,0.0,0.0,0.0,0.0,0.0,0.0,0.0,0.0,0.0,0.0,0.0,0.0,0.0,0.0,0.0,0.0,0.0,0.0,0.0,0.0,0.0,0.0,0.0,0.0,0.0,0.0,0.0,0.0,0.0,0.0,0.0,0.0,0.0,0.0,0.0,0.0,0.0,0.0,0.0,0.0,0.0,0.0,0.0,-270.109375,0.0,270.109375,0.0,0.0,0.0,0.0,0.0,0.0,0.0,0.0,0.0,0.0,0.0,0.0,0.0,11686.84716796875,0.0,113340.875,0.0,-713.109375,0.0,713.109375,0.0,-5.750902211059444,0.0,0.6331559419631958,0.0,FL
275955,FL,1203,121.70535278320312,1,0.0,0.0,0.0,1,0,0.0,0.0,28607.380859375,14612.5322265625,0.0,0.0,0.0,14612.5322265625,0.0,0.0,0.0,0.0,0.0,0.0,0.0,0.0,0.0,0.0,0.0,0.0,0.0,0.0,0.0,0.0,0.0,0.0,0.0,0.0,0.0,0.0,0.0,0.0,0.0,0.0,0.0,0.0,0.0,0.0,0.0,0.0,0.0,0.0,0.0,0.0,0.0,0.0,0.0,0.0,0.0,0.0,0.0,0.0,0.0,0.0,0.0,0.0,0.0,0.0,0.0,0.0,0.0,0.0,0.0,0.0,0.0,0.0,0.0,0.0,0.0,0.0,0.0,0.0,0.0,0.0,0.0,0.0,0.0,0.0,0.0,0.0,0.0,0.0,0.0,0.0,0.0,0.0,0.0,0.0,0.0,0.0,0.0,0.0,0.0,0.0,28607.380859375,14612.5322265625,0.0,0.0,0.0,0.0,0.0,0.0,0.0,0.0,FL
275956,FL,1203,23.492820739746094,1,0.0,4687.6982421875,4687.6982421875,1,0,0.0,0.0,39780.89453125,18448.71875,0.0,0.0,0.0,18448.71875,0.0,0.0,0.0,0.0,0.0,0.0,0.0,0.0,0.0,0.0,0.0,0.0,0.0,0.0,0.0,0.0,0.0,0.0,0.0,0.0,0.0,0.0,0.0,0.0,0.0,0.0,0.0,0.0,0.0,0.0,0.0,0.0,0.0,0.0,0.0,0.0,0.0,0.0,0.0,0.0,0.0,0.0,0.0,0.0,0.0,0.0,0.0,0.0,0.0,0.0,0.0,0.0,0.0,0.0,0.0,0.0,0.0,0.0,0.0,0.0,0.0,0.0,0.0,0.0,0.0,0.0,0.0,0.0,0.0,0.0,0.0,0.0,0.0,0.0,0.0,0.0,0.0,0.0,0.0,0.0,0.0,0.0,0.0,0.0,0.0,0.0,39780.89453125,18448.71875,0.0,0.0,0.0,0.0,0.0,0.0,0.0,0.0,FL
275957,FL,1203,0.1136685386300087,4,1.0,731140.53125,793344.5,4,0,201523.0,0.0,601723.1875,21916.701171875,2763.543212890625,0.0,0.0,24680.244384765625,-749.0,0.0,749.0,0.0,-665.0,0.0,665.0,0.0,0.0,0.0,0.0,0.0,0.0,0.0,0.0,0.0,0.0,0.0,0.0,0.0,0.0,0.0,0.0,0.0,-725.0625,0.0,725.125,0.0,0.0,0.0,0.0,0.0,0.0,0.0,0.0,0.0,0.0,0.0,0.0,0.0,-699.0,0.0,699.0,0.0,0.0,0.0,0.0,0.0,0.0,0.0,0.0,0.0,0.0,0.0,0.0,0.0,0.0,0.0,0.0,0.0,0.0,0.0,0.0,0.0,0.0,0.0,0.0,0.0,0.0,0.0,0.0,0.0,0.0,0.0,0.0,0.0,0.0,0.0,0.0,0.0,0.0,0.0,0.0,0.0,198684.9375,0.0,604561.3125,24680.244384765625,-2838.0625,0.0,2838.125,0.0,-1.408306992253986,0.0,0.47166621685028076,0.0,FL
275958,FL,1203,196.28990173339844,2,0.0,21478.08203125,60677.87109375,2,0,2763.344482421875,0.0,78427.84375,15433.5712890625,0.0,0.0,0.0,15433.5712890625,-10.0,0.0,10.0,0.0,-228.0,0.0,228.0,0.0,0.0,0.0,0.0,0.0,0.0,0.0,0.0,0.0,0.0,0.0,0.0,0.0,0.0,0.0,0.0,0.0,0.0,0.0,0.0,0.0,0.0,0.0,0.0,0.0,0.0,0.0,0.0,0.0,0.0,0.0,0.0,0.0,0.0,0.0,0.0,0.0,0.0,0.0,0.0,0.0,0.0,0.0,0.0,0.0,0.0,0.0,0.0,0.0,0.0,0.0,0.0,0.0,0.0,0.0,0.0,0.0,-1207.557373046875,0.0,1207.5546875,0.0,0.0,0.0,0.0,0.0,0.0,0.0,0.0,0.0,0.0,0.0,0.0,0.0,0.0,0.0,0.0,0.0,1317.787109375,0.0,79873.3984375,15433.5712890625,-1445.557373046875,0.0,1445.5546875,0.0,-52.311877228565685,0.0,1.8431652784347534,0.0,FL
275959,FL,1203,0.20679554343223572,5,3.0,38382.49609375,191496.09375,3,2,12382.82421875,0.0,179569.90625,3392.88671875,0.0,0.0,0.0,3392.88671875,-230.0,0.0,230.0,0.0,-418.0,0.0,418.0,0.0,0.0,0.0,0.0,0.0,6000.0,0.0,-6000.0,0.0,0.0,0.0,0.0,0.0,0.0,0.0,0.0,0.0,0.0,0.0,0.0,0.0,0.0,0.0,0.0,0.0,0.0,0.0,0.0,0.0,0.0,0.0,0.0,0.0,-316.880859375,0.0,316.875,0.0,0.0,0.0,0.0,0.0,0.0,0.0,0.0,0.0,0.0,0.0,0.0,0.0,0.0,0.0,0.0,0.0,0.0,0.0,0.0,0.0,0.0,0.0,0.0,0.0,-1352.732421875,0.0,1352.734375,0.0,0.0,0.0,0.0,0.0,0.0,0.0,0.0,0.0,0.0,0.0,0.0,0.0,16065.2109375,0.0,175887.515625,3392.88671875,3682.38671875,0.0,-3682.390625,0.0,29.737858292247672,0.0,-2.0506725311279297,0.0,FL
275960,FL,1203,0.2052648514509201,2,0.0,220582.890625,450859.09375,2,0,79077.7265625,0.0,391484.3125,10463.4384765625,0.0,0.0,0.0,10463.4384765625,-292.0,0.0,292.0,0.0,-463.671875,0.0,463.6875,0.0,0.0,0.0,0.0,0.0,0.0,0.0,0.0,0.0,0.0,0.0,0.0,0.0,0.0,0.0,0.0,0.0,-455.5234375,0.0,455.5,0.0,0.0,0.0,0.0,0.0,0.0,0.0,0.0,0.0,0.0,0.0,0.0,0.0,-480.0,0.0,480.0,0.0,0.0,0.0,0.0,0.0,0.0,0.0,0.0,0.0,0.0,0.0,0.0,0.0,0.0,0.0,0.0,0.0,0.0,0.0,0.0,0.0,0.0,0.0,0.0,0.0,0.0,0.0,0.0,0.0,0.0,0.0,0.0,0.0,0.0,0.0,0.0,0.0,0.0,0.0,0.0,0.0,77386.53125,0.0,393175.5,10463.4384765625,-1691.1953125,0.0,1691.1875,0.0,-2.138649384619504,0.0,0.431993693113327,0.0,FL
275961,FL,1203,0.12531450390815735,3,0.0,178749.625,182620.87646484375,3,0,22715.572265625,0.0,148093.796875,194.55667114257812,0.0,0.0,0.0,194.55667114257812,-230.0,0.0,230.0,0.0,-418.0,0.0,418.0,0.0,0.0,0.0,0.0,0.0,0.0,0.0,0.0,0.0,0.0,0.0,0.0,0.0,0.0,0.0,0.0,0.0,0.0,0.0,0.0,0.0,0.0,0.0,0.0,0.0,0.0,0.0,0.0,0.0,0.0,0.0,0.0,0.0,-440.0,0.0,440.0,0.0,0.0,0.0,0.0,0.0,0.0,0.0,0.0,0.0,0.0,0.0,0.0,0.0,0.0,0.0,0.0,0.0,0.0,0.0,0.0,0.0,0.0,0.0,0.0,0.0,0.0,0.0,0.0,0.0,0.0,0.0,0.0,0.0,0.0,0.0,0.0,0.0,0.0,0.0,0.0,0.0,21627.572265625,0.0,149181.796875,194.55667114257812,-1088.0,0.0,1088.0,0.0,-4.789665817252809,0.0,0.7346695065498352,0.0,FL
275962,FL,1203,0.01053217239677906,2,0.0,37450.41796875,353116.90625,2,0,59969.78515625,0.0,333637.21875,32698.244140625,0.0,0.0,0.0,32698.244140625,-292.0,0.0,292.0,0.0,-456.0,0.0,456.0,0.0,0.0,0.0,0.0,0.0,0.0,0.0,0.0,0.0,0.0,0.0,0.0,0.0,0.0,0.0,0.0,0.0,-1044.03125,0.0,1044.03125,0.0,0.0,0.0,0.0,0.0,0.0,0.0,0.0,0.0,0.0,0.0,0.0,0.0,-480.0,0.0,480.0,0.0,0.0,0.0,0.0,0.0,0.0,0.0,0.0,0.0,0.0,0.0,0.0,0.0,0.0,0.0,0.0,0.0,0.0,0.0,0.0,0.0,0.0,0.0,0.0,0.0,0.0,0.0,0.0,0.0,0.0,0.0,0.0,0.0,0.0,0.0,0.0,0.0,0.0,0.0,0.0,0.0,57697.75390625,0.0,335909.25,32698.244140625,-2272.03125,0.0,2272.03125,0.0,-3.7886266293605537,0.0,0.6809885501861572,0.0,FL
275963,FL,1203,0.2266380935907364,5,3.0,87272.38671875,85155.765625,5,0,96.69189453125,0.0,111012.6015625,0.0,0.0,0.0,0.0,0.0,-10.0,0.0,10.0,0.0,-228.0,0.0,228.0,0.0,0.0,0.0,0.0,0.0,0.0,0.0,0.0,0.0,-600.0,0.0,600.0,0.0,0.0,0.0,0.0,0.0,0.0,0.0,0.0,0.0,0.0,0.0,0.0,0.0,0.0,0.0,0.0,0.0,0.0,0.0,0.0,0.0,-240.0,0.0,240.0,0.0,0.0,0.0,0.0,0.0,0.0,0.0,0.0,0.0,0.0,0.0,0.0,0.0,0.0,0.0,0.0,0.0,0.0,0.0,0.0,0.0,0.0,0.0,0.0,0.0,-121.92236328125,0.0,121.921875,0.0,0.0,0.0,0.0,0.0,0.0,0.0,0.0,0.0,0.0,0.0,0.0,0.0,-1103.23046875,0.0,112212.5234375,0.0,-1199.92236328125,0.0,1199.921875,0.0,-1240.975129402853,0.0,1.0808879137039185,0.0,FL
275964,FL,1203,0.16689077019691467,5,1.0,170411.625,493303.73046875,5,0,58195.094329833984,0.0,-428522.34375,0.0,0.0,16486.64404296875,2285.38671875,18772.03076171875,-120.0,0.0,120.0,0.0,-708.0,0.0,708.0,0.0,0.0,0.0,0.0,0.0,0.0,0.0,0.0,0.0,-200.0,0.0,200.0,0.0,0.0,0.0,0.0,0.0,0.0,0.0,0.0,0.0,0.0,0.0,0.0,0.0,0.0,0.0,0.0,0.0,0.0,0.0,0.0,0.0,-220.0,0.0,220.0,0.0,0.0,0.0,0.0,0.0,0.0,0.0,0.0,0.0,0.0,0.0,0.0,0.0,-3141.55029296875,0.0,3141.5625,0.0,0.0,0.0,0.0,0.0,0.0,0.0,0.0,0.0,-93.87979125976562,0.0,93.875,0.0,0.0,0.0,0.0,0.0,0.0,0.0,0.0,0.0,0.0,0.0,0.0,0.0,53711.66424560547,0.0,-424038.90625,18772.03076171875,-4483.430084228516,0.0,4483.4375,0.0,-7.704137497943816,0.0,1.0462552309036255,0.0,FL
275965,FL,1203,0.3245384693145752,4,2.0,8388.3125,8388.3125,4,0,-10229.2822265625,0.0,65713.140625,6793.66796875,3282.15771484375,0.0,0.0,10075.82568359375,0.0,0.0,0.0,0.0,0.0,0.0,0.0,0.0,0.0,0.0,0.0,0.0,0.0,0.0,0.0,0.0,0.0,0.0,0.0,0.0,0.0,0.0,0.0,0.0,0.0,0.0,0.0,0.0,0.0,0.0,0.0,0.0,0.0,0.0,0.0,0.0,0.0,0.0,0.0,0.0,0.0,0.0,0.0,0.0,0.0,0.0,0.0,0.0,0.0,0.0,0.0,0.0,0.0,0.0,0.0,0.0,0.0,0.0,0.0,0.0,0.0,0.0,0.0,0.0,0.0,0.0,0.0,0.0,0.0,0.0,0.0,0.0,0.0,0.0,0.0,0.0,0.0,0.0,0.0,0.0,0.0,0.0,0.0,0.0,-10229.2822265625,0.0,65713.140625,10075.82568359375,0.0,0.0,0.0,0.0,0.0,0.0,0.0,0.0,FL
275966,FL,1203,0.12525974214076996,4,2.0,239333.0078125,264916.0625,4,0,40139.05859375,0.0,225489.625,0.0,0.0,0.0,0.0,0.0,-292.0,0.0,292.0,0.0,-456.0,0.0,456.0,0.0,0.0,0.0,0.0,0.0,0.0,0.0,0.0,0.0,0.0,0.0,0.0,0.0,0.0,0.0,0.0,0.0,-764.30078125,0.0,764.3125,0.0,0.0,0.0,0.0,0.0,0.0,0.0,0.0,0.0,0.0,0.0,0.0,0.0,-480.0,0.0,480.0,0.0,0.0,0.0,0.0,0.0,0.0,0.0,0.0,0.0,0.0,0.0,0.0,0.0,0.0,0.0,0.0,0.0,0.0,0.0,0.0,0.0,0.0,0.0,0.0,0.0,0.0,0.0,0.0,0.0,0.0,0.0,0.0,0.0,0.0,0.0,0.0,0.0,0.0,0.0,0.0,0.0,38146.7578125,0.0,227481.9375,0.0,-1992.30078125,0.0,1992.3125,0.0,-4.963496531929672,0.0,0.8835495710372925,0.0,FL
275967,FL,1203,0.11377997696399689,2,1.0,140493.078125,242293.90625,2,0,36426.8046875,0.0,209573.6875,14500.5859375,0.0,0.0,0.0,14500.5859375,-163.0,0.0,163.0,0.0,0.0,0.0,0.0,0.0,0.0,0.0,0.0,0.0,0.0,0.0,0.0,0.0,-50.0,0.0,50.0,0.0,0.0,0.0,0.0,0.0,0.0,0.0,0.0,0.0,0.0,0.0,0.0,0.0,0.0,0.0,0.0,0.0,0.0,0.0,0.0,0.0,0.0,0.0,0.0,0.0,0.0,0.0,0.0,0.0,0.0,0.0,0.0,0.0,0.0,0.0,0.0,0.0,0.0,0.0,0.0,0.0,0.0,0.0,0.0,0.0,0.0,0.0,0.0,0.0,0.0,0.0,0.0,0.0,0.0,0.0,0.0,0.0,0.0,0.0,0.0,0.0,0.0,0.0,0.0,0.0,36213.8046875,0.0,209786.6875,14500.5859375,-213.0,0.0,213.0,0.0,-0.5847342412470556,0.0,0.10163489729166031,0.0,FL
275968,FL,1203,0.1313980370759964,2,0.0,48126.231201171875,135242.859375,2,0,11452.1474609375,0.0,165930.734375,16281.546875,0.0,0.0,0.0,16281.546875,-10.0,0.0,10.0,0.0,-513.0,0.0,513.0,0.0,0.0,0.0,0.0,0.0,0.0,0.0,0.0,0.0,0.0,0.0,0.0,0.0,0.0,0.0,0.0,0.0,0.0,0.0,0.0,0.0,0.0,0.0,0.0,0.0,0.0,0.0,0.0,0.0,0.0,0.0,0.0,0.0,-366.4287109375,0.0,366.421875,0.0,0.0,0.0,0.0,0.0,0.0,0.0,0.0,0.0,0.0,0.0,0.0,0.0,0.0,0.0,0.0,0.0,0.0,0.0,0.0,0.0,-1440.0,0.0,1440.0,0.0,-90.79296875,0.0,90.796875,0.0,0.0,0.0,0.0,0.0,0.0,0.0,0.0,0.0,0.0,0.0,0.0,0.0,9031.92578125,0.0,168350.953125,16281.546875,-2420.2216796875,0.0,2420.21875,0.0,-21.1333436627734,0.0,1.4585716724395752,0.0,FL
275969,FL,1203,0.15817318856716156,1,0.0,67006.2109375,67006.2109375,1,0,6235.3662109375,0.0,61987.3515625,0.0,0.0,0.0,0.0,0.0,-115.0,0.0,115.0,0.0,-209.0,0.0,209.0,0.0,0.0,0.0,0.0,0.0,0.0,0.0,0.0,0.0,0.0,0.0,0.0,0.0,0.0,0.0,0.0,0.0,0.0,0.0,0.0,0.0,0.0,0.0,0.0,0.0,0.0,0.0,0.0,0.0,0.0,0.0,0.0,0.0,0.0,0.0,0.0,0.0,0.0,0.0,0.0,0.0,0.0,0.0,0.0,0.0,0.0,0.0,0.0,0.0,0.0,0.0,0.0,0.0,0.0,0.0,0.0,0.0,0.0,0.0,0.0,0.0,0.0,0.0,0.0,0.0,0.0,0.0,0.0,0.0,0.0,0.0,0.0,0.0,0.0,0.0,0.0,0.0,5911.3662109375,0.0,62311.3515625,0.0,-324.0,0.0,324.0,0.0,-5.196166336335937,0.0,0.5226873159408569,0.0,FL
275970,FL,1203,0.26450422406196594,6,3.9999999999999996,52317.578125,52317.57812499999,6,0,-5179.88037109375,0.0,108430.3671875,0.0,11054.1728515625,0.0,0.0,11054.1728515625,0.0,0.0,0.0,0.0,-190.0,0.0,190.0,0.0,0.0,0.0,0.0,0.0,0.0,0.0,0.0,0.0,269.88037109375,0.0,-269.8828125,0.0,0.0,0.0,0.0,0.0,0.0,0.0,0.0,0.0,0.0,0.0,0.0,0.0,0.0,0.0,0.0,0.0,0.0,0.0,0.0,0.0,0.0,0.0,0.0,0.0,0.0,0.0,0.0,0.0,0.0,0.0,0.0,0.0,0.0,0.0,0.0,0.0,0.0,0.0,0.0,0.0,0.0,0.0,0.0,0.0,0.0,0.0,0.0,0.0,0.0,0.0,0.0,0.0,0.0,0.0,0.0,0.0,0.0,0.0,0.0,0.0,0.0,0.0,0.0,0.0,-5100.0,0.0,108350.484375,11054.1728515625,79.88037109375,0.0,-79.8828125,0.0,1.5421277205458506,0.0,-0.07367199659347534,0.0,FL
275971,FL,1203,0.15681880712509155,3,1.0,301527.7265625,301750.09375,3,0,48624.46484375,0.0,245624.234375,0.0,0.0,0.0,0.0,0.0,-292.0,0.0,292.0,0.0,-456.0,0.0,456.0,0.0,0.0,0.0,0.0,0.0,0.0,0.0,0.0,0.0,-200.0,0.0,200.0,0.0,0.0,0.0,0.0,0.0,0.0,0.0,0.0,0.0,0.0,0.0,0.0,0.0,0.0,0.0,0.0,0.0,0.0,0.0,0.0,0.0,-480.0,0.0,480.0,0.0,0.0,0.0,0.0,0.0,0.0,0.0,0.0,0.0,0.0,0.0,0.0,0.0,0.0,0.0,0.0,0.0,0.0,0.0,0.0,0.0,0.0,0.0,0.0,0.0,0.0,0.0,0.0,0.0,0.0,0.0,0.0,0.0,0.0,0.0,0.0,0.0,0.0,0.0,0.0,0.0,47196.46484375,0.0,247052.234375,0.0,-1428.0,0.0,1428.0,0.0,-2.9367932471621834,0.0,0.5813758373260498,0.0,FL
275972,FL,1203,0.2951681613922119,1,0.0,67996.1640625,67996.1640625,1,0,5900.88232421875,0.0,62521.84765625,0.0,0.0,0.0,0.0,0.0,-108.5830078125,0.0,108.58203125,0.0,0.0,0.0,0.0,0.0,0.0,0.0,0.0,0.0,0.0,0.0,0.0,0.0,0.0,0.0,0.0,0.0,0.0,0.0,0.0,0.0,0.0,0.0,0.0,0.0,0.0,0.0,0.0,0.0,0.0,0.0,0.0,0.0,0.0,0.0,0.0,0.0,0.0,0.0,0.0,0.0,0.0,0.0,0.0,0.0,0.0,0.0,0.0,0.0,0.0,0.0,0.0,0.0,0.0,0.0,0.0,0.0,0.0,0.0,0.0,0.0,0.0,0.0,0.0,0.0,-778.22705078125,0.0,778.2265625,0.0,0.0,0.0,0.0,0.0,0.0,0.0,0.0,0.0,0.0,0.0,0.0,0.0,5014.072265625,0.0,63408.65625,0.0,-886.81005859375,0.0,886.80859375,0.0,-15.028431510217576,0.0,1.4183979034423828,0.0,FL
275973,FL,1203,0.1371493637561798,3,0.0,408734.1953125,1356922.9609375,3,0,310023.98278808594,0.0,1053651.75,0.0,0.0,0.0,0.0,0.0,-754.0,0.0,754.0,0.0,-779.0,0.0,779.0,0.0,0.0,0.0,0.0,0.0,0.0,0.0,0.0,0.0,0.0,0.0,0.0,0.0,0.0,0.0,0.0,0.0,0.0,0.0,0.0,0.0,0.0,0.0,0.0,0.0,0.0,0.0,0.0,0.0,0.0,0.0,0.0,0.0,-700.0,0.0,700.0,0.0,0.0,0.0,0.0,0.0,0.0,0.0,0.0,0.0,0.0,0.0,0.0,0.0,0.0,0.0,0.0,0.0,0.0,0.0,0.0,0.0,0.0,0.0,0.0,0.0,-10.80859375,0.0,10.75,0.0,0.0,0.0,0.0,0.0,0.0,0.0,0.0,0.0,0.0,0.0,0.0,0.0,307780.17419433594,0.0,1055895.5,0.0,-2243.80859375,0.0,2243.75,0.0,-0.7237532314665266,0.0,0.21294985711574554,0.0,FL
275974,FL,1203,0.13683582842350006,1,0.0,137681.703125,510298.46875,1,0,113964.7421875,0.0,408429.1875,0.0,0.0,0.0,0.0,0.0,-362.25,0.0,362.25,0.0,-332.5,0.0,332.5,0.0,0.0,0.0,0.0,0.0,0.0,0.0,0.0,0.0,0.0,0.0,0.0,0.0,0.0,0.0,0.0,0.0,0.0,0.0,0.0,0.0,0.0,0.0,0.0,0.0,0.0,0.0,0.0,0.0,0.0,0.0,0.0,0.0,-350.0,0.0,350.0,0.0,0.0,0.0,0.0,0.0,0.0,0.0,0.0,0.0,0.0,0.0,0.0,0.0,0.0,0.0,0.0,0.0,0.0,0.0,0.0,0.0,0.0,0.0,0.0,0.0,0.0,0.0,0.0,0.0,0.0,0.0,0.0,0.0,0.0,0.0,0.0,0.0,0.0,0.0,0.0,0.0,112919.9921875,0.0,409473.9375,0.0,-1044.75,0.0,1044.75,0.0,-0.916730894087515,0.0,0.2557971179485321,0.0,FL
275975,FL,1203,133.00621032714844,1,0.0,0.0,0.0,1,0,0.0,0.0,42462.01171875,20291.97265625,13231.8837890625,0.0,0.0,33523.8564453125,0.0,0.0,0.0,0.0,0.0,0.0,0.0,0.0,0.0,0.0,0.0,0.0,0.0,0.0,0.0,0.0,0.0,0.0,0.0,0.0,0.0,0.0,0.0,0.0,0.0,0.0,0.0,0.0,0.0,0.0,0.0,0.0,0.0,0.0,0.0,0.0,0.0,0.0,0.0,0.0,0.0,0.0,0.0,0.0,0.0,0.0,0.0,0.0,0.0,0.0,0.0,0.0,0.0,0.0,0.0,0.0,0.0,0.0,0.0,0.0,0.0,0.0,0.0,0.0,0.0,0.0,0.0,0.0,0.0,0.0,0.0,0.0,0.0,0.0,0.0,0.0,0.0,0.0,0.0,0.0,0.0,0.0,0.0,0.0,0.0,0.0,42462.01171875,33523.8564453125,0.0,0.0,0.0,0.0,0.0,0.0,0.0,0.0,FL
275976,FL,1203,0.1491156667470932,6,3.9999999999999996,460751.0546875,483149.15625,6,0,95860.875,0.0,371640.875,0.0,0.0,0.0,0.0,0.0,-764.0,0.0,764.0,0.0,-608.0,0.0,608.0,0.0,0.0,0.0,0.0,0.0,0.0,0.0,0.0,0.0,0.0,0.0,0.0,0.0,0.0,0.0,0.0,0.0,0.0,0.0,0.0,0.0,0.0,0.0,0.0,0.0,0.0,0.0,0.0,0.0,0.0,0.0,0.0,0.0,-640.0,0.0,640.0,0.0,0.0,0.0,0.0,0.0,0.0,0.0,0.0,0.0,0.0,0.0,0.0,0.0,0.0,0.0,0.0,0.0,0.0,0.0,0.0,0.0,0.0,0.0,0.0,0.0,0.0,0.0,0.0,0.0,0.0,0.0,0.0,0.0,0.0,0.0,0.0,0.0,0.0,0.0,0.0,0.0,93848.875,0.0,373652.875,0.0,-2012.0,0.0,2012.0,0.0,-2.098875062427711,0.0,0.5413828492164612,0.0,FL
275977,FL,1203,0.12821316719055176,3,1.0,106215.8466796875,121387.8125,3,0,5318.1650390625,0.0,132457.71875,0.0,0.0,0.0,0.0,0.0,-10.0,0.0,10.0,0.0,-228.0,0.0,228.0,0.0,0.0,0.0,0.0,0.0,0.0,0.0,0.0,0.0,-200.0,0.0,200.0,0.0,0.0,0.0,0.0,0.0,0.0,0.0,0.0,0.0,0.0,0.0,0.0,0.0,0.0,0.0,0.0,0.0,0.0,0.0,0.0,0.0,-240.0,0.0,240.0,0.0,0.0,0.0,0.0,0.0,0.0,0.0,0.0,0.0,0.0,0.0,0.0,0.0,0.0,0.0,0.0,0.0,0.0,0.0,0.0,0.0,0.0,0.0,0.0,0.0,-548.001953125,0.0,548.0,0.0,0.0,0.0,0.0,0.0,0.0,0.0,0.0,0.0,0.0,0.0,0.0,0.0,4092.1630859375,0.0,133683.71875,0.0,-1226.001953125,0.0,1226.0,0.0,-23.053100912060504,0.0,0.9255783557891846,0.0,FL
275978,FL,1203,0.15740488469600677,7,3.0,193286.7978515625,196204.5517578125,6,1,14501.9931640625,0.0,187471.078125,0.0,0.0,0.0,0.0,0.0,-230.0,0.0,230.0,0.0,-513.0,0.0,513.0,0.0,0.0,0.0,0.0,0.0,0.0,0.0,0.0,0.0,-400.0,0.0,400.0,0.0,0.0,0.0,0.0,0.0,-862.6640625,0.0,862.65625,0.0,0.0,0.0,0.0,0.0,0.0,0.0,0.0,0.0,0.0,0.0,0.0,0.0,-337.267578125,0.0,337.265625,0.0,0.0,0.0,0.0,0.0,0.0,0.0,0.0,0.0,0.0,0.0,0.0,0.0,0.0,0.0,0.0,0.0,0.0,0.0,0.0,0.0,0.0,0.0,0.0,0.0,0.0,0.0,0.0,0.0,0.0,0.0,0.0,0.0,0.0,0.0,0.0,0.0,0.0,0.0,0.0,0.0,12159.0615234375,0.0,189814.0,0.0,-2342.931640625,0.0,2342.921875,0.0,-16.15592845837934,0.0,1.249751091003418,0.0,FL
275979,FL,1203,0.22056181728839874,1,0.0,0.0,21068.3984375,1,0,386.83984375,0.0,75944.1875,29428.419921875,0.0,0.0,0.0,29428.419921875,0.0,0.0,0.0,0.0,-95.0,0.0,95.0,0.0,0.0,0.0,0.0,0.0,0.0,0.0,0.0,0.0,0.0,0.0,0.0,0.0,0.0,0.0,0.0,0.0,0.0,0.0,0.0,0.0,0.0,0.0,0.0,0.0,0.0,0.0,0.0,0.0,0.0,0.0,0.0,0.0,0.0,0.0,0.0,0.0,0.0,0.0,0.0,0.0,0.0,0.0,0.0,0.0,0.0,0.0,0.0,0.0,0.0,0.0,0.0,0.0,0.0,0.0,0.0,0.0,-291.83984375,0.0,291.84375,0.0,0.0,0.0,0.0,0.0,0.0,0.0,0.0,0.0,0.0,0.0,0.0,0.0,0.0,0.0,0.0,0.0,0.0,0.0,76331.03125,29428.419921875,-386.83984375,0.0,386.84375,0.0,-100.0,0.0,0.5093790292739868,0.0,FL
275980,FL,1203,0.14825022220611572,7,1.0,393179.1796875,624386.2890625,7,0,88938.46948242189,0.0,525369.5625,0.0,0.0,0.0,0.0,0.0,-522.0039062500146,0.0,522.0,0.0,-607.9999999999854,0.0,608.0,0.0,0.0,0.0,0.0,0.0,0.0,0.0,0.0,0.0,-200.00000000001455,0.0,200.0,0.0,0.0,0.0,0.0,0.0,-479.91204833984375,0.0,479.9375,0.0,0.0,0.0,0.0,0.0,0.0,0.0,0.0,0.0,0.0,0.0,0.0,0.0,-440.00000000001455,0.0,440.0,0.0,0.0,0.0,0.0,0.0,0.0,0.0,0.0,0.0,-14.29296875,0.0,14.25,0.0,0.0,0.0,0.0,0.0,-1178.044921875,0.0,1178.0625,0.0,0.0,0.0,0.0,0.0,0.0,0.0,0.0,0.0,0.0,0.0,0.0,0.0,0.0,0.0,0.0,0.0,0.0,0.0,0.0,0.0,85496.21563720702,0.0,528811.8125,0.0,-3442.253845214873,0.0,3442.25,0.0,-3.8703767506311904,0.0,0.6552054286003113,0.0,FL
275981,FL,1203,0.1303090900182724,3,1.0,173904.0830078125,554989.875,1,2,99706.0625,0.0,521759.375,13928.3623046875,0.0,0.0,0.0,13928.3623046875,-292.0,0.0,292.0,0.0,0.0,0.0,0.0,0.0,0.0,0.0,0.0,0.0,0.0,0.0,0.0,0.0,0.0,0.0,0.0,0.0,0.0,0.0,0.0,0.0,0.0,0.0,0.0,0.0,0.0,0.0,0.0,0.0,0.0,0.0,0.0,0.0,0.0,0.0,0.0,0.0,-254.171875,0.0,254.1875,0.0,0.0,0.0,0.0,0.0,0.0,0.0,0.0,0.0,0.0,0.0,0.0,0.0,0.0,0.0,0.0,0.0,0.0,0.0,0.0,0.0,0.0,0.0,0.0,0.0,0.0,0.0,0.0,0.0,0.0,0.0,0.0,0.0,0.0,0.0,0.0,0.0,0.0,0.0,0.0,0.0,99159.890625,0.0,522305.5625,13928.3623046875,-546.171875,0.0,546.1875,0.0,-0.54778201175079,0.0,0.10468187928199768,0.0,FL
275982,FL,1203,0.10951168835163116,2,0.0,139729.064453125,313699.0,2,0,41953.1015625,0.0,298192.875,0.0,0.0,0.0,0.0,0.0,-292.0,0.0,292.0,0.0,0.0,0.0,0.0,0.0,0.0,0.0,0.0,0.0,0.0,0.0,0.0,0.0,0.0,0.0,0.0,0.0,0.0,0.0,0.0,0.0,0.0,0.0,0.0,0.0,0.0,0.0,0.0,0.0,0.0,0.0,0.0,0.0,0.0,0.0,0.0,0.0,0.0,0.0,0.0,0.0,0.0,0.0,0.0,0.0,0.0,0.0,0.0,0.0,0.0,0.0,0.0,0.0,0.0,0.0,0.0,0.0,0.0,0.0,0.0,0.0,0.0,0.0,0.0,0.0,0.0,0.0,0.0,0.0,0.0,0.0,0.0,0.0,0.0,0.0,0.0,0.0,0.0,0.0,0.0,0.0,41661.1015625,0.0,298484.875,0.0,-292.0,0.0,292.0,0.0,-0.6960152864144988,0.0,0.09792320430278778,0.0,FL
275983,FL,1203,0.22391603887081146,2,0.0,89861.2109375,104613.6875,2,0,6714.73876953125,0.0,94781.203125,389.11334228515625,0.0,0.0,0.0,389.11334228515625,-10.0,0.0,10.0,0.0,-228.0,0.0,228.0,0.0,0.0,0.0,0.0,0.0,0.0,0.0,0.0,0.0,0.0,0.0,0.0,0.0,0.0,0.0,0.0,0.0,0.0,0.0,0.0,0.0,0.0,0.0,0.0,0.0,0.0,0.0,0.0,0.0,0.0,0.0,0.0,0.0,-240.0,0.0,240.0,0.0,0.0,0.0,0.0,0.0,0.0,0.0,0.0,0.0,0.0,0.0,0.0,0.0,0.0,0.0,0.0,0.0,0.0,0.0,0.0,0.0,0.0,0.0,0.0,0.0,0.0,0.0,0.0,0.0,0.0,0.0,0.0,0.0,0.0,0.0,0.0,0.0,0.0,0.0,0.0,0.0,6236.73876953125,0.0,95259.203125,389.11334228515625,-478.0,0.0,478.0,0.0,-7.118668594658803,0.0,0.504319429397583,0.0,FL
275984,FL,1203,0.13236534595489502,5,3.0,492226.125,1152595.75,5,0,257911.4375,0.0,867010.125,0.0,0.0,0.0,0.0,0.0,-749.0,0.0,749.0,0.0,-760.0,0.0,760.0,0.0,0.0,0.0,0.0,0.0,0.0,0.0,0.0,0.0,0.0,0.0,0.0,0.0,0.0,0.0,0.0,0.0,-1866.375,0.0,1866.375,0.0,0.0,0.0,0.0,0.0,0.0,0.0,0.0,0.0,0.0,0.0,0.0,0.0,-740.0,0.0,740.0,0.0,0.0,0.0,0.0,0.0,0.0,0.0,0.0,0.0,0.0,0.0,0.0,0.0,0.0,0.0,0.0,0.0,0.0,0.0,0.0,0.0,0.0,0.0,0.0,0.0,0.0,0.0,0.0,0.0,0.0,0.0,0.0,0.0,0.0,0.0,0.0,0.0,0.0,0.0,0.0,0.0,253796.0625,0.0,871125.5,0.0,-4115.375,0.0,4115.375,0.0,-1.59565432223222,0.0,0.4746628403663635,0.0,FL
275985,FL,1203,0.17219987511634827,3,0.0,439306.54736328125,608247.5356445312,0,3,115165.6953125,0.0,471061.375,0.0,0.0,0.0,0.0,0.0,-764.0,0.0,764.0,0.0,-131.8671875,0.0,131.875,0.0,0.0,0.0,0.0,0.0,0.0,0.0,0.0,0.0,0.0,0.0,0.0,0.0,0.0,0.0,0.0,0.0,-1502.953125,0.0,1502.9375,0.0,0.0,0.0,0.0,0.0,0.0,0.0,0.0,0.0,0.0,0.0,0.0,0.0,-640.0,0.0,640.0,0.0,0.0,0.0,0.0,0.0,0.0,0.0,0.0,0.0,0.0,0.0,0.0,0.0,0.0,0.0,0.0,0.0,0.0,0.0,0.0,0.0,0.0,0.0,0.0,0.0,0.0,0.0,0.0,0.0,0.0,0.0,0.0,0.0,0.0,0.0,0.0,0.0,0.0,0.0,0.0,0.0,112126.875,0.0,474100.1875,0.0,-3038.8203125,0.0,3038.8125,0.0,-2.6386506018604035,0.0,0.6450990438461304,0.0,FL
275986,FL,1203,304.3568420410156,1,0.0,0.0,0.0,1,0,0.0,0.0,17157.923828125,3926.039794921875,13231.8837890625,0.0,0.0,17157.923583984375,0.0,0.0,0.0,0.0,0.0,0.0,0.0,0.0,0.0,0.0,0.0,0.0,0.0,0.0,0.0,0.0,0.0,0.0,0.0,0.0,0.0,0.0,0.0,0.0,0.0,0.0,0.0,0.0,0.0,0.0,0.0,0.0,0.0,0.0,0.0,0.0,0.0,0.0,0.0,0.0,0.0,0.0,0.0,0.0,0.0,0.0,0.0,0.0,0.0,0.0,0.0,0.0,0.0,0.0,0.0,0.0,0.0,0.0,0.0,0.0,0.0,0.0,0.0,0.0,0.0,0.0,0.0,0.0,0.0,0.0,0.0,0.0,0.0,0.0,0.0,0.0,0.0,0.0,0.0,0.0,0.0,0.0,0.0,0.0,0.0,0.0,17157.923828125,17157.923583984375,0.0,0.0,0.0,0.0,0.0,0.0,0.0,0.0,FL
275987,FL,1203,78.24476623535156,2,0.0,26010.0078125,98405.0,2,0,7134.52978515625,0.0,125961.6875,32698.244140625,0.0,0.0,0.0,32698.244140625,-10.0,0.0,10.0,0.0,-228.0,0.0,228.0,0.0,0.0,0.0,0.0,0.0,0.0,0.0,0.0,0.0,0.0,0.0,0.0,0.0,0.0,0.0,0.0,0.0,0.0,0.0,0.0,0.0,0.0,0.0,0.0,0.0,0.0,0.0,0.0,0.0,0.0,0.0,0.0,0.0,-113.904296875,0.0,113.90625,0.0,0.0,0.0,0.0,0.0,0.0,0.0,0.0,0.0,0.0,0.0,0.0,0.0,0.0,0.0,0.0,0.0,0.0,0.0,0.0,0.0,-720.0,0.0,720.0,0.0,-152.259765625,0.0,152.2578125,0.0,0.0,0.0,0.0,0.0,0.0,0.0,0.0,0.0,0.0,0.0,0.0,0.0,5910.36572265625,0.0,127185.8515625,32698.244140625,-1224.1640625,0.0,1224.1640625,0.0,-17.15830053785654,0.0,0.9718542695045471,0.0,FL
275988,FL,1203,0.07936890423297882,5,3.0,25031.576171875,52747.5703125,5,0,-3379.736572265625,0.0,76482.34375,9771.2119140625,5527.08642578125,6971.6572265625,0.0,22269.95556640625,0.0,0.0,0.0,0.0,0.0,0.0,0.0,0.0,0.0,0.0,0.0,0.0,0.0,0.0,0.0,0.0,0.0,0.0,0.0,0.0,0.0,0.0,0.0,0.0,0.0,0.0,0.0,0.0,0.0,0.0,0.0,0.0,0.0,0.0,0.0,0.0,0.0,0.0,0.0,0.0,0.0,0.0,0.0,0.0,0.0,0.0,0.0,0.0,0.0,0.0,0.0,0.0,0.0,0.0,0.0,0.0,0.0,0.0,0.0,0.0,0.0,0.0,0.0,0.0,0.0,0.0,0.0,0.0,0.0,0.0,0.0,0.0,0.0,0.0,0.0,0.0,0.0,0.0,0.0,0.0,0.0,0.0,0.0,0.0,-3379.736572265625,0.0,76482.34375,22269.95556640625,0.0,0.0,0.0,0.0,0.0,0.0,0.0,0.0,FL
275989,FL,1203,0.12599337100982666,4,2.0,116151.900390625,116803.15625,3,1,5894.37890625,0.0,118965.0,0.0,0.0,16941.84765625,0.0,16941.84765625,-10.0,0.0,10.0,0.0,-228.0,0.0,228.0,0.0,0.0,0.0,0.0,0.0,0.0,0.0,0.0,0.0,-400.0,0.0,400.0,0.0,0.0,0.0,0.0,0.0,0.0,0.0,0.0,0.0,0.0,0.0,0.0,0.0,0.0,0.0,0.0,0.0,0.0,0.0,0.0,0.0,-117.5869140625,0.0,117.59375,0.0,0.0,0.0,0.0,0.0,0.0,0.0,0.0,0.0,0.0,0.0,0.0,0.0,0.0,0.0,0.0,0.0,0.0,0.0,0.0,0.0,0.0,0.0,0.0,0.0,-599.2353515625,0.0,599.234375,0.0,0.0,0.0,0.0,0.0,0.0,0.0,0.0,0.0,0.0,0.0,0.0,0.0,4539.556640625,0.0,120319.828125,16941.84765625,-1354.822265625,0.0,1354.828125,0.0,-22.984987683578304,0.0,1.1388460397720337,0.0,FL
275990,FL,1203,0.24072520434856415,3,1.0,179838.5703125,2406640.0,3,0,568193.875,0.0,1888169.75,0.0,0.0,0.0,0.0,0.0,0.0,0.0,0.0,0.0,0.0,0.0,0.0,0.0,0.0,0.0,0.0,0.0,0.0,0.0,0.0,0.0,0.0,0.0,0.0,0.0,0.0,0.0,0.0,0.0,0.0,0.0,0.0,0.0,0.0,0.0,0.0,0.0,0.0,0.0,0.0,0.0,0.0,0.0,0.0,0.0,0.0,0.0,0.0,0.0,0.0,0.0,0.0,0.0,0.0,0.0,0.0,0.0,0.0,0.0,0.0,0.0,0.0,0.0,0.0,0.0,0.0,0.0,0.0,0.0,0.0,0.0,0.0,0.0,0.0,0.0,0.0,0.0,0.0,0.0,0.0,0.0,0.0,0.0,0.0,0.0,0.0,0.0,0.0,0.0,568193.875,0.0,1888169.75,0.0,0.0,0.0,0.0,0.0,0.0,0.0,0.0,0.0,FL
275991,FL,1203,0.11711333692073822,4,1.0,151172.8291015625,221843.8837890625,3,1,23864.587890625,0.0,213790.6875,0.0,0.0,0.0,0.0,0.0,-230.0,0.0,230.0,0.0,0.0,0.0,0.0,0.0,0.0,0.0,0.0,0.0,0.0,0.0,0.0,0.0,-200.0,0.0,200.0,0.0,0.0,0.0,0.0,0.0,0.0,0.0,0.0,0.0,0.0,0.0,0.0,0.0,0.0,0.0,0.0,0.0,0.0,0.0,0.0,0.0,-285.2734375,0.0,285.265625,0.0,0.0,0.0,0.0,0.0,0.0,0.0,0.0,0.0,0.0,0.0,0.0,0.0,0.0,0.0,0.0,0.0,0.0,0.0,0.0,0.0,0.0,0.0,0.0,0.0,0.0,0.0,0.0,0.0,0.0,0.0,0.0,0.0,0.0,0.0,0.0,0.0,0.0,0.0,0.0,0.0,23149.314453125,0.0,214505.953125,0.0,-715.2734375,0.0,715.265625,0.0,-2.997216799964055,0.0,0.3345634937286377,0.0,FL
275992,FL,1203,0.11249470710754395,4,2.0,80336.31176757812,466373.5625,4,0,75534.2421875,0.0,386522.0,0.0,0.0,0.0,0.0,0.0,-292.0,0.0,292.0,0.0,-797.6484375,0.0,797.625,0.0,0.0,0.0,0.0,0.0,0.0,0.0,0.0,0.0,-400.0,0.0,400.0,0.0,0.0,0.0,0.0,0.0,0.0,0.0,0.0,0.0,0.0,0.0,0.0,0.0,0.0,0.0,0.0,0.0,0.0,0.0,0.0,0.0,-839.625,0.0,839.625,0.0,0.0,0.0,0.0,0.0,0.0,0.0,0.0,0.0,0.0,0.0,0.0,0.0,0.0,0.0,0.0,0.0,0.0,0.0,0.0,0.0,0.0,0.0,0.0,0.0,0.0,0.0,0.0,0.0,0.0,0.0,0.0,0.0,0.0,0.0,0.0,0.0,0.0,0.0,0.0,0.0,73204.96875,0.0,388851.25,0.0,-2329.2734375,0.0,2329.25,0.0,-3.0837317884490094,0.0,0.6026177406311035,0.0,FL
275993,FL,1203,0.22710956633090973,7,3.9999999999999996,760258.53515625,818915.15234375,4,3,201944.89770507815,0.0,596921.8125,0.0,0.0,10698.216796875,0.0,10698.216796875,-754.0000000000291,0.0,754.0,0.0,-114.0,0.0,114.0,0.0,0.0,0.0,0.0,0.0,0.0,0.0,0.0,0.0,0.0,0.0,0.0,0.0,0.0,0.0,0.0,0.0,0.0,0.0,0.0,0.0,0.0,0.0,0.0,0.0,0.0,0.0,0.0,0.0,0.0,0.0,0.0,0.0,-627.5781249999709,0.0,627.5625,0.0,0.0,0.0,0.0,0.0,0.0,0.0,0.0,0.0,0.0,0.0,0.0,0.0,0.0,0.0,0.0,0.0,0.0,0.0,0.0,0.0,0.0,0.0,0.0,0.0,0.0,0.0,0.0,0.0,0.0,0.0,0.0,0.0,0.0,0.0,0.0,0.0,0.0,0.0,0.0,0.0,200449.31958007815,0.0,598417.375,10698.216796875,-1495.578125,0.0,1495.5625,0.0,-0.740587230475193,0.0,0.25054579973220825,0.0,FL
275994,FL,1203,0.2639114558696747,2,0.0,88098.32421875,112602.7421875,2,0,8802.22265625,0.0,104316.3046875,0.0,0.0,0.0,0.0,0.0,-10.0,0.0,10.0,0.0,-228.0,0.0,228.0,0.0,0.0,0.0,0.0,0.0,0.0,0.0,0.0,0.0,0.0,0.0,0.0,0.0,0.0,0.0,0.0,0.0,-11.8935546875,0.0,11.890625,0.0,0.0,0.0,0.0,0.0,0.0,0.0,0.0,0.0,0.0,0.0,0.0,0.0,0.0,0.0,0.0,0.0,0.0,0.0,0.0,0.0,0.0,0.0,0.0,0.0,0.0,0.0,0.0,0.0,0.0,0.0,0.0,0.0,-315.0810546875,0.0,315.0859375,0.0,0.0,0.0,0.0,0.0,0.0,0.0,0.0,0.0,0.0,0.0,0.0,0.0,0.0,0.0,0.0,0.0,0.0,0.0,0.0,0.0,8237.248046875,0.0,104881.28125,0.0,-564.974609375,0.0,564.9765625,0.0,-6.418544854393576,0.0,0.541599452495575,0.0,FL
275995,FL,1203,0.008327922783792019,4,2.0,213247.421875,629799.0,0,4,114266.3203125,0.0,523574.53125,0.0,0.0,0.0,0.0,0.0,-292.0,0.0,292.0,0.0,-456.0,0.0,455.96875,0.0,0.0,0.0,0.0,0.0,0.0,0.0,0.0,0.0,0.0,0.0,0.0,0.0,0.0,0.0,0.0,0.0,-1199.7421875,0.0,1199.75,0.0,0.0,0.0,0.0,0.0,0.0,0.0,0.0,0.0,0.0,0.0,0.0,0.0,-480.0,0.0,480.0,0.0,0.0,0.0,0.0,0.0,0.0,0.0,0.0,0.0,0.0,0.0,0.0,0.0,0.0,0.0,0.0,0.0,0.0,0.0,0.0,0.0,0.0,0.0,0.0,0.0,0.0,0.0,0.0,0.0,0.0,0.0,0.0,0.0,0.0,0.0,0.0,0.0,0.0,0.0,0.0,0.0,111838.578125,0.0,526002.25,0.0,-2427.7421875,0.0,2427.71875,0.0,-2.1246349588054607,0.0,0.46368157863616943,0.0,FL
275996,FL,1203,227.2863311767578,2,0.0,0.0,10139.607421875,2,0,0.0,0.0,106053.03125,47607.5546875,0.0,0.0,0.0,47607.5546875,0.0,0.0,0.0,0.0,0.0,0.0,0.0,0.0,0.0,0.0,0.0,0.0,0.0,0.0,0.0,0.0,0.0,0.0,0.0,0.0,0.0,0.0,0.0,0.0,0.0,0.0,0.0,0.0,0.0,0.0,0.0,0.0,0.0,0.0,0.0,0.0,0.0,0.0,0.0,0.0,0.0,0.0,0.0,0.0,0.0,0.0,0.0,0.0,0.0,0.0,0.0,0.0,0.0,0.0,0.0,0.0,0.0,0.0,0.0,0.0,0.0,0.0,0.0,0.0,0.0,0.0,0.0,0.0,0.0,0.0,0.0,0.0,0.0,0.0,0.0,0.0,0.0,0.0,0.0,0.0,0.0,0.0,0.0,0.0,0.0,0.0,106053.03125,47607.5546875,0.0,0.0,0.0,0.0,0.0,0.0,0.0,0.0,FL
275997,FL,1203,0.5380769968032837,4,2.0,3795.05517578125,3863.593017578125,4,0,-1527.7357177734375,0.0,28344.18359375,2261.924560546875,12091.40185546875,0.0,0.0,14353.326416015625,0.0,0.0,0.0,0.0,0.0,0.0,0.0,0.0,0.0,0.0,0.0,0.0,0.0,0.0,0.0,0.0,0.0,0.0,0.0,0.0,0.0,0.0,0.0,0.0,0.0,0.0,0.0,0.0,0.0,0.0,0.0,0.0,0.0,0.0,0.0,0.0,0.0,0.0,0.0,0.0,0.0,0.0,0.0,0.0,0.0,0.0,0.0,0.0,0.0,0.0,0.0,0.0,0.0,0.0,0.0,0.0,0.0,0.0,0.0,0.0,0.0,0.0,0.0,0.0,0.0,0.0,0.0,0.0,0.0,0.0,0.0,0.0,0.0,0.0,0.0,0.0,0.0,0.0,0.0,0.0,0.0,0.0,0.0,0.0,-1527.7357177734375,0.0,28344.18359375,14353.326416015625,0.0,0.0,0.0,0.0,0.0,0.0,0.0,0.0,FL
275998,FL,1203,227.19131469726562,1,0.0,4232.7158203125,4232.7158203125,1,0,0.0,0.0,7504.953125,3596.039794921875,0.0,0.0,0.0,3596.039794921875,0.0,0.0,0.0,0.0,0.0,0.0,0.0,0.0,0.0,0.0,0.0,0.0,0.0,0.0,0.0,0.0,0.0,0.0,0.0,0.0,0.0,0.0,0.0,0.0,0.0,0.0,0.0,0.0,0.0,0.0,0.0,0.0,0.0,0.0,0.0,0.0,0.0,0.0,0.0,0.0,0.0,0.0,0.0,0.0,0.0,0.0,0.0,0.0,0.0,0.0,0.0,0.0,0.0,0.0,0.0,0.0,0.0,0.0,0.0,0.0,0.0,0.0,0.0,0.0,0.0,0.0,0.0,0.0,0.0,0.0,0.0,0.0,0.0,0.0,0.0,0.0,0.0,0.0,0.0,0.0,0.0,0.0,0.0,0.0,0.0,0.0,7504.953125,3596.039794921875,0.0,0.0,0.0,0.0,0.0,0.0,0.0,0.0,FL
275999,FL,1203,285.6355285644531,2,0.0,0.0,40689.73828125,2,0,708.9738159179688,0.0,71831.59375,18964.982421875,0.0,0.0,0.0,18964.982421875,0.0,0.0,0.0,0.0,-190.0,0.0,190.0,0.0,0.0,0.0,0.0,0.0,0.0,0.0,0.0,0.0,0.0,0.0,0.0,0.0,0.0,0.0,0.0,0.0,0.0,0.0,0.0,0.0,0.0,0.0,0.0,0.0,0.0,0.0,0.0,0.0,0.0,0.0,0.0,0.0,0.0,0.0,0.0,0.0,0.0,0.0,0.0,0.0,0.0,0.0,0.0,0.0,0.0,0.0,0.0,0.0,0.0,0.0,0.0,0.0,0.0,0.0,0.0,0.0,-518.9738159179688,0.0,518.9765625,0.0,0.0,0.0,0.0,0.0,0.0,0.0,0.0,0.0,0.0,0.0,0.0,0.0,0.0,0.0,0.0,0.0,0.0,0.0,72540.5703125,18964.982421875,-708.9738159179688,0.0,708.9765625,0.0,-100.0,0.0,0.9869982600212097,0.0,FL
276000,FL,1203,0.12824499607086182,1,0.0,204502.71875,226225.03125,1,0,41907.234375,0.0,193434.03125,19092.509765625,0.0,0.0,0.0,19092.509765625,-369.0,0.0,369.0,0.0,0.0,0.0,0.0,0.0,0.0,0.0,0.0,0.0,0.0,0.0,0.0,0.0,0.0,0.0,0.0,0.0,0.0,0.0,0.0,0.0,0.0,0.0,0.0,0.0,0.0,0.0,0.0,0.0,0.0,0.0,0.0,0.0,0.0,0.0,0.0,0.0,0.0,0.0,0.0,0.0,0.0,0.0,0.0,0.0,0.0,0.0,0.0,0.0,0.0,0.0,0.0,0.0,0.0,0.0,0.0,0.0,0.0,0.0,0.0,0.0,0.0,0.0,0.0,0.0,0.0,0.0,0.0,0.0,0.0,0.0,0.0,0.0,0.0,0.0,0.0,0.0,0.0,0.0,0.0,0.0,41538.234375,0.0,193803.03125,19092.509765625,-369.0,0.0,369.0,0.0,-0.8805162294845422,0.0,0.1907627135515213,0.0,FL
276001,FL,1203,222.2643280029297,1,0.0,0.0,0.0,1,0,0.0,0.0,42546.484375,23799.48828125,0.0,0.0,0.0,23799.48828125,0.0,0.0,0.0,0.0,0.0,0.0,0.0,0.0,0.0,0.0,0.0,0.0,0.0,0.0,0.0,0.0,0.0,0.0,0.0,0.0,0.0,0.0,0.0,0.0,0.0,0.0,0.0,0.0,0.0,0.0,0.0,0.0,0.0,0.0,0.0,0.0,0.0,0.0,0.0,0.0,0.0,0.0,0.0,0.0,0.0,0.0,0.0,0.0,0.0,0.0,0.0,0.0,0.0,0.0,0.0,0.0,0.0,0.0,0.0,0.0,0.0,0.0,0.0,0.0,0.0,0.0,0.0,0.0,0.0,0.0,0.0,0.0,0.0,0.0,0.0,0.0,0.0,0.0,0.0,0.0,0.0,0.0,0.0,0.0,0.0,0.0,42546.484375,23799.48828125,0.0,0.0,0.0,0.0,0.0,0.0,0.0,0.0,FL
276002,FL,1203,0.1107896938920021,2,0.0,58817.3359375,58824.19921875,0,2,2738.90380859375,0.0,81228.265625,389.11334228515625,0.0,29253.37890625,0.0,29642.492248535156,-10.0,0.0,10.0,0.0,-228.0,0.0,228.0,0.0,0.0,0.0,0.0,0.0,0.0,0.0,0.0,0.0,0.0,0.0,0.0,0.0,0.0,0.0,0.0,0.0,0.0,0.0,0.0,0.0,0.0,0.0,0.0,0.0,0.0,0.0,0.0,0.0,0.0,0.0,0.0,0.0,0.0,0.0,0.0,0.0,0.0,0.0,0.0,0.0,0.0,0.0,0.0,0.0,0.0,0.0,0.0,0.0,0.0,0.0,0.0,0.0,0.0,0.0,0.0,0.0,0.0,0.0,0.0,0.0,-301.82568359375,0.0,301.8203125,0.0,0.0,0.0,0.0,0.0,0.0,0.0,0.0,0.0,0.0,0.0,0.0,0.0,2199.078125,0.0,81768.0859375,29642.492248535156,-539.82568359375,0.0,539.8203125,0.0,-19.709552482272663,0.0,0.66457200050354,0.0,FL
276003,FL,1203,0.1474069356918335,3,1.0,98801.6591796875,99244.2060546875,3,0,5256.359375,0.0,111444.328125,0.0,2763.543212890625,0.0,0.0,2763.543212890625,-115.0,0.0,115.0,0.0,-209.0,0.0,209.0,0.0,0.0,0.0,0.0,0.0,0.0,0.0,0.0,0.0,100.0,0.0,-100.0,0.0,0.0,0.0,0.0,0.0,0.0,0.0,0.0,0.0,0.0,0.0,0.0,0.0,0.0,0.0,0.0,0.0,0.0,0.0,0.0,0.0,0.0,0.0,0.0,0.0,0.0,0.0,0.0,0.0,0.0,0.0,0.0,0.0,0.0,0.0,0.0,0.0,0.0,0.0,0.0,0.0,0.0,0.0,0.0,0.0,0.0,0.0,0.0,0.0,0.0,0.0,0.0,0.0,0.0,0.0,0.0,0.0,0.0,0.0,0.0,0.0,0.0,0.0,0.0,0.0,5032.359375,0.0,111668.328125,2763.543212890625,-224.0,0.0,224.0,0.0,-4.261504665479612,0.0,0.2009972184896469,0.0,FL
276004,FL,1203,0.1314292550086975,7,0.0,198901.5302734375,488265.431640625,7,0,66741.98504638672,0.0,-549421.9375,3840.539794921875,0.0,0.0,0.0,3840.539794921875,-384.0,0.0,384.0,0.0,-883.5,0.0,883.5,0.0,0.0,0.0,0.0,0.0,0.0,0.0,0.0,0.0,0.0,0.0,0.0,0.0,0.0,0.0,0.0,0.0,0.0,0.0,0.0,0.0,0.0,0.0,0.0,0.0,0.0,0.0,0.0,0.0,0.0,0.0,0.0,0.0,0.0,0.0,0.0,0.0,0.0,0.0,0.0,0.0,0.0,0.0,0.0,0.0,0.0,0.0,0.0,0.0,0.0,0.0,0.0,0.0,0.0,0.0,0.0,0.0,0.0,0.0,0.0,0.0,-101.38645935058594,0.0,101.375,0.0,0.0,0.0,0.0,0.0,0.0,0.0,0.0,0.0,0.0,0.0,0.0,0.0,65373.09858703613,0.0,-548053.0625,3840.539794921875,-1368.886459350586,0.0,1368.875,0.0,-2.0510125049460077,0.0,0.24914823472499847,0.0,FL
276005,FL,1203,194.00582885742188,1,0.0,0.0,0.0,1,0,0.0,0.0,63356.12109375,31678.060546875,0.0,0.0,0.0,31678.060546875,0.0,0.0,0.0,0.0,0.0,0.0,0.0,0.0,0.0,0.0,0.0,0.0,0.0,0.0,0.0,0.0,0.0,0.0,0.0,0.0,0.0,0.0,0.0,0.0,0.0,0.0,0.0,0.0,0.0,0.0,0.0,0.0,0.0,0.0,0.0,0.0,0.0,0.0,0.0,0.0,0.0,0.0,0.0,0.0,0.0,0.0,0.0,0.0,0.0,0.0,0.0,0.0,0.0,0.0,0.0,0.0,0.0,0.0,0.0,0.0,0.0,0.0,0.0,0.0,0.0,0.0,0.0,0.0,0.0,0.0,0.0,0.0,0.0,0.0,0.0,0.0,0.0,0.0,0.0,0.0,0.0,0.0,0.0,0.0,0.0,0.0,63356.12109375,31678.060546875,0.0,0.0,0.0,0.0,0.0,0.0,0.0,0.0,FL
276006,FL,1203,30.295297622680664,1,0.0,0.0,0.0,0,1,0.0,0.0,30255.373046875,15436.5283203125,0.0,0.0,0.0,15436.5283203125,0.0,0.0,0.0,0.0,0.0,0.0,0.0,0.0,0.0,0.0,0.0,0.0,0.0,0.0,0.0,0.0,0.0,0.0,0.0,0.0,0.0,0.0,0.0,0.0,0.0,0.0,0.0,0.0,0.0,0.0,0.0,0.0,0.0,0.0,0.0,0.0,0.0,0.0,0.0,0.0,0.0,0.0,0.0,0.0,0.0,0.0,0.0,0.0,0.0,0.0,0.0,0.0,0.0,0.0,0.0,0.0,0.0,0.0,0.0,0.0,0.0,0.0,0.0,0.0,0.0,0.0,0.0,0.0,0.0,0.0,0.0,0.0,0.0,0.0,0.0,0.0,0.0,0.0,0.0,0.0,0.0,0.0,0.0,0.0,0.0,0.0,30255.373046875,15436.5283203125,0.0,0.0,0.0,0.0,0.0,0.0,0.0,0.0,FL
276007,FL,1203,0.12270312011241913,3,0.0,279607.4296875,416873.4138183594,3,0,73680.369140625,0.0,344508.46875,16898.05859375,13231.8837890625,0.0,0.0,30129.9423828125,-484.0,0.0,484.0,0.0,-209.0,0.0,209.0,0.0,0.0,0.0,0.0,0.0,0.0,0.0,0.0,0.0,0.0,0.0,0.0,0.0,0.0,0.0,0.0,0.0,-1191.140625,0.0,1191.15625,0.0,0.0,0.0,0.0,0.0,0.0,0.0,0.0,0.0,0.0,0.0,0.0,0.0,0.0,0.0,0.0,0.0,0.0,0.0,0.0,0.0,0.0,0.0,0.0,0.0,0.0,0.0,0.0,0.0,0.0,0.0,0.0,0.0,0.0,0.0,0.0,0.0,0.0,0.0,0.0,0.0,0.0,0.0,0.0,0.0,0.0,0.0,0.0,0.0,0.0,0.0,0.0,0.0,0.0,0.0,0.0,0.0,71796.228515625,0.0,346392.625,30129.9423828125,-1884.140625,0.0,1884.15625,0.0,-2.5571813048384215,0.0,0.5469114780426025,0.0,FL
276008,FL,1203,361.8387756347656,2,0.0,0.0,14449.142578125,2,0,0.0,0.0,44354.125,5653.56689453125,26463.767578125,0.0,0.0,32117.33447265625,0.0,0.0,0.0,0.0,0.0,0.0,0.0,0.0,0.0,0.0,0.0,0.0,0.0,0.0,0.0,0.0,0.0,0.0,0.0,0.0,0.0,0.0,0.0,0.0,0.0,0.0,0.0,0.0,0.0,0.0,0.0,0.0,0.0,0.0,0.0,0.0,0.0,0.0,0.0,0.0,0.0,0.0,0.0,0.0,0.0,0.0,0.0,0.0,0.0,0.0,0.0,0.0,0.0,0.0,0.0,0.0,0.0,0.0,0.0,0.0,0.0,0.0,0.0,0.0,0.0,0.0,0.0,0.0,0.0,0.0,0.0,0.0,0.0,0.0,0.0,0.0,0.0,0.0,0.0,0.0,0.0,0.0,0.0,0.0,0.0,0.0,44354.125,32117.33447265625,0.0,0.0,0.0,0.0,0.0,0.0,0.0,0.0,FL
276009,FL,1203,0.17918476462364197,3,1.0,158696.30085754395,680389.875,3,0,146357.984375,0.0,654279.875,53334.10546875,0.0,0.0,0.0,53334.10546875,-749.0,0.0,749.0,0.0,-665.0,0.0,665.0,0.0,0.0,0.0,0.0,0.0,0.0,0.0,0.0,0.0,0.0,0.0,0.0,0.0,0.0,0.0,0.0,0.0,0.0,0.0,0.0,0.0,0.0,0.0,0.0,0.0,0.0,0.0,0.0,0.0,0.0,0.0,0.0,0.0,-700.0,0.0,700.0,0.0,0.0,0.0,0.0,0.0,0.0,0.0,0.0,0.0,0.0,0.0,0.0,0.0,0.0,0.0,0.0,0.0,0.0,0.0,0.0,0.0,0.0,0.0,0.0,0.0,0.0,0.0,0.0,0.0,0.0,0.0,0.0,0.0,0.0,0.0,0.0,0.0,0.0,0.0,0.0,0.0,144243.984375,0.0,656393.875,53334.10546875,-2114.0,0.0,2114.0,0.0,-1.4444036032796723,0.0,0.32310330867767334,0.0,FL
276010,FL,1203,0.13815335929393768,5,2.0,335341.57421875,615454.953125,5,0,110372.119140625,0.0,513163.9375,0.0,0.0,0.0,0.0,0.0,-592.25,0.0,592.25,0.0,-750.5,0.0,750.5,0.0,0.0,0.0,0.0,0.0,0.0,0.0,0.0,0.0,-400.0,0.0,400.0,0.0,0.0,0.0,0.0,0.0,-1750.0,0.0,1750.0,0.0,0.0,0.0,0.0,0.0,0.0,0.0,0.0,0.0,0.0,0.0,0.0,0.0,-428.6015625,0.0,428.625,0.0,0.0,0.0,0.0,0.0,0.0,0.0,0.0,0.0,0.0,0.0,0.0,0.0,0.0,0.0,0.0,0.0,0.0,0.0,0.0,0.0,0.0,0.0,0.0,0.0,0.0,0.0,0.0,0.0,0.0,0.0,0.0,0.0,0.0,0.0,0.0,0.0,0.0,0.0,0.0,0.0,106450.767578125,0.0,517085.3125,0.0,-3921.3515625,0.0,3921.375,0.0,-3.552846129106038,0.0,0.7641563415527344,0.0,FL
276011,FL,1203,0.20140065252780914,4,2.0,505083.8359375,690988.8125,4,0,146382.828125,0.0,579226.5,0.0,0.0,0.0,0.0,0.0,-764.0,0.0,764.0,0.0,-703.0,0.0,703.0,0.0,0.0,0.0,0.0,0.0,0.0,0.0,0.0,0.0,0.0,0.0,0.0,0.0,0.0,0.0,0.0,0.0,-1737.796875,0.0,1737.8125,0.0,0.0,0.0,0.0,0.0,0.0,0.0,0.0,0.0,0.0,0.0,0.0,0.0,-740.0,0.0,740.0,0.0,0.0,0.0,0.0,0.0,0.0,0.0,0.0,0.0,0.0,0.0,0.0,0.0,0.0,0.0,0.0,0.0,0.0,0.0,0.0,0.0,0.0,0.0,0.0,0.0,0.0,0.0,0.0,0.0,0.0,0.0,0.0,0.0,0.0,0.0,0.0,0.0,0.0,0.0,0.0,0.0,142438.03125,0.0,583171.3125,0.0,-3944.796875,0.0,3944.8125,0.0,-2.6948494748519534,0.0,0.6810483336448669,0.0,FL
276012,FL,1203,0.1903991401195526,4,0.0,358370.125,1078496.59375,3,1,237910.6953125,0.0,821485.125,6539.64892578125,0.0,0.0,0.0,6539.64892578125,-979.0,0.0,979.0,0.0,-1178.0,0.0,1178.0,0.0,0.0,0.0,0.0,0.0,0.0,0.0,0.0,0.0,0.0,0.0,0.0,0.0,0.0,0.0,0.0,0.0,-2000.0,0.0,2000.0,0.0,0.0,0.0,0.0,0.0,0.0,0.0,0.0,0.0,0.0,0.0,0.0,0.0,-1239.998046875,0.0,1240.0,0.0,0.0,0.0,0.0,0.0,0.0,0.0,0.0,0.0,0.0,0.0,0.0,0.0,0.0,0.0,0.0,0.0,0.0,0.0,0.0,0.0,-1225.1923828125,0.0,1225.25,0.0,-584.9677734375,0.0,584.9375,0.0,0.0,0.0,0.0,0.0,0.0,0.0,0.0,0.0,0.0,0.0,0.0,0.0,230703.537109375,0.0,828692.3125,6539.64892578125,-7207.158203125,0.0,7207.1875,0.0,-3.0293544364023934,0.0,0.877336323261261,0.0,FL
276013,FL,1203,0.13825193047523499,1,0.0,92788.859375,103398.4453125,1,0,14241.658203125,0.0,82058.4375,0.0,0.0,0.0,0.0,0.0,-115.0,0.0,115.0,0.0,-209.0,0.0,209.0,0.0,0.0,0.0,0.0,0.0,0.0,0.0,0.0,0.0,0.0,0.0,0.0,0.0,0.0,0.0,0.0,0.0,0.0,0.0,0.0,0.0,0.0,0.0,0.0,0.0,0.0,0.0,0.0,0.0,0.0,0.0,0.0,0.0,0.0,0.0,0.0,0.0,0.0,0.0,0.0,0.0,0.0,0.0,0.0,0.0,0.0,0.0,0.0,0.0,0.0,0.0,0.0,0.0,0.0,0.0,0.0,0.0,0.0,0.0,0.0,0.0,0.0,0.0,0.0,0.0,0.0,0.0,0.0,0.0,0.0,0.0,0.0,0.0,0.0,0.0,0.0,0.0,13917.658203125,0.0,82382.4375,0.0,-324.0,0.0,324.0,0.0,-2.275015980434819,0.0,0.3948405981063843,0.0,FL
276014,FL,1203,360.4967041015625,2,0.0,4687.6982421875,4687.6982421875,2,0,0.0,0.0,50325.3046875,15391.7578125,26463.767578125,0.0,0.0,41855.525390625,0.0,0.0,0.0,0.0,0.0,0.0,0.0,0.0,0.0,0.0,0.0,0.0,0.0,0.0,0.0,0.0,0.0,0.0,0.0,0.0,0.0,0.0,0.0,0.0,0.0,0.0,0.0,0.0,0.0,0.0,0.0,0.0,0.0,0.0,0.0,0.0,0.0,0.0,0.0,0.0,0.0,0.0,0.0,0.0,0.0,0.0,0.0,0.0,0.0,0.0,0.0,0.0,0.0,0.0,0.0,0.0,0.0,0.0,0.0,0.0,0.0,0.0,0.0,0.0,0.0,0.0,0.0,0.0,0.0,0.0,0.0,0.0,0.0,0.0,0.0,0.0,0.0,0.0,0.0,0.0,0.0,0.0,0.0,0.0,0.0,0.0,50325.3046875,41855.525390625,0.0,0.0,0.0,0.0,0.0,0.0,0.0,0.0,FL
276015,FL,1203,0.23611995577812195,1,0.0,0.0,133490.78125,1,0,10648.98046875,0.0,123509.21875,0.0,0.0,0.0,0.0,0.0,-5.0,0.0,5.0,0.0,0.0,0.0,0.0,0.0,0.0,0.0,0.0,0.0,0.0,0.0,0.0,0.0,0.0,0.0,0.0,0.0,0.0,0.0,0.0,0.0,0.0,0.0,0.0,0.0,0.0,0.0,0.0,0.0,0.0,0.0,0.0,0.0,0.0,0.0,0.0,0.0,0.0,0.0,0.0,0.0,0.0,0.0,0.0,0.0,0.0,0.0,0.0,0.0,-1124.2421875,0.0,1124.25,0.0,-975.240234375,0.0,975.234375,0.0,0.0,0.0,0.0,0.0,-672.4501953125,0.0,672.453125,0.0,0.0,0.0,0.0,0.0,0.0,0.0,0.0,0.0,0.0,0.0,0.0,0.0,0.0,0.0,0.0,0.0,7872.0478515625,0.0,126286.15625,0.0,-2776.9326171875,0.0,2776.9375,0.0,-26.076981034349313,0.0,2.2483644485473633,0.0,FL
276016,FL,1203,0.13625019788742065,9,1.0,319713.55126953125,322480.77783203125,4,5,25103.439514160156,0.0,288916.53125,0.0,0.0,1314.96337890625,0.0,1314.96337890625,-140.0,0.0,140.0,0.0,-874.0000152587891,0.0,874.0,0.0,0.0,0.0,0.0,0.0,500.0,0.0,-500.0,0.0,0.0,0.0,0.0,0.0,0.0,0.0,0.0,0.0,-541.45361328125,0.0,541.4375,0.0,0.0,0.0,0.0,0.0,0.0,0.0,0.0,0.0,0.0,0.0,0.0,0.0,-220.0,0.0,220.0,0.0,0.0,0.0,0.0,0.0,0.0,0.0,0.0,0.0,0.0,0.0,0.0,0.0,0.0,0.0,0.0,0.0,0.0,0.0,0.0,0.0,0.0,0.0,0.0,0.0,-235.3906707763672,0.0,235.40625,0.0,0.0,0.0,0.0,0.0,0.0,0.0,0.0,0.0,0.0,0.0,0.0,0.0,23592.59521484375,0.0,290427.375,1314.96337890625,-1510.8442993164062,0.0,1510.84375,0.0,-6.018475270945165,0.0,0.5229343175888062,0.0,FL
276017,FL,1203,0.14085552096366882,3,1.0,350337.9375,350566.03125,3,0,60340.5078125,0.0,267322.1875,0.0,0.0,0.0,0.0,0.0,-292.0,0.0,292.0,0.0,-456.0,0.0,456.0,0.0,0.0,0.0,0.0,0.0,0.0,0.0,0.0,0.0,-200.0,0.0,200.0,0.0,0.0,0.0,0.0,0.0,0.0,0.0,0.0,0.0,0.0,0.0,0.0,0.0,0.0,0.0,0.0,0.0,0.0,0.0,0.0,0.0,-480.0,0.0,480.0,0.0,0.0,0.0,0.0,0.0,0.0,0.0,0.0,0.0,0.0,0.0,0.0,0.0,0.0,0.0,0.0,0.0,0.0,0.0,0.0,0.0,0.0,0.0,0.0,0.0,0.0,0.0,0.0,0.0,0.0,0.0,0.0,0.0,0.0,0.0,0.0,0.0,0.0,0.0,0.0,0.0,58912.5078125,0.0,268750.1875,0.0,-1428.0,0.0,1428.0,0.0,-2.366569410448645,0.0,0.534186840057373,0.0,FL
276018,FL,1203,0.12504161894321442,2,0.0,374881.296875,915817.75,2,0,215106.71875,0.0,730638.875,28774.455078125,0.0,0.0,0.0,28774.455078125,0.0,0.0,0.0,0.0,0.0,0.0,0.0,0.0,0.0,0.0,0.0,0.0,0.0,0.0,0.0,0.0,0.0,0.0,0.0,0.0,0.0,0.0,0.0,0.0,0.0,0.0,0.0,0.0,0.0,0.0,0.0,0.0,0.0,0.0,0.0,0.0,0.0,0.0,0.0,0.0,0.0,0.0,0.0,0.0,0.0,0.0,0.0,0.0,0.0,0.0,0.0,0.0,0.0,0.0,0.0,0.0,0.0,0.0,0.0,0.0,0.0,0.0,0.0,0.0,0.0,0.0,0.0,0.0,0.0,0.0,0.0,0.0,0.0,0.0,0.0,0.0,0.0,0.0,0.0,0.0,0.0,0.0,0.0,0.0,215106.71875,0.0,730638.875,28774.455078125,0.0,0.0,0.0,0.0,0.0,0.0,0.0,0.0,FL
276019,FL,1203,0.165715754032135,2,0.0,153954.71875,333895.9296875,2,0,50987.615234375,0.0,333174.78125,53494.328125,0.0,0.0,0.0,53494.328125,-246.0,0.0,246.0,0.0,-209.0,0.0,209.0,0.0,0.0,0.0,0.0,0.0,0.0,0.0,0.0,0.0,0.0,0.0,0.0,0.0,0.0,0.0,0.0,0.0,0.0,0.0,0.0,0.0,0.0,0.0,0.0,0.0,0.0,0.0,0.0,0.0,0.0,0.0,0.0,0.0,0.0,0.0,0.0,0.0,0.0,0.0,0.0,0.0,0.0,0.0,0.0,0.0,0.0,0.0,0.0,0.0,0.0,0.0,0.0,0.0,0.0,0.0,0.0,0.0,-616.0224609375,0.0,616.03125,0.0,0.0,0.0,0.0,0.0,0.0,0.0,0.0,0.0,0.0,0.0,0.0,0.0,0.0,0.0,0.0,0.0,49916.5927734375,0.0,334245.8125,53494.328125,-1071.0224609375,0.0,1071.03125,0.0,-2.100554136557135,0.0,0.3214622735977173,0.0,FL
276020,FL,1203,0.45156553387641907,4,2.0,55097.677490234375,55104.37890625,4,0,-1509.474609375,0.0,68329.765625,0.0,0.0,0.0,4570.7734375,4570.7734375,-10.0,0.0,10.0,0.0,-190.08740234375,0.0,190.078125,0.0,0.0,0.0,0.0,0.0,0.0,0.0,0.0,0.0,-400.0,0.0,400.0,0.0,0.0,0.0,0.0,0.0,0.0,0.0,0.0,0.0,0.0,0.0,0.0,0.0,0.0,0.0,0.0,0.0,0.0,0.0,0.0,0.0,-129.08203125,0.0,129.078125,0.0,0.0,0.0,0.0,0.0,0.0,0.0,0.0,0.0,-126.6083984375,0.0,126.609375,0.0,0.0,0.0,0.0,0.0,0.0,0.0,0.0,0.0,0.0,0.0,0.0,0.0,-93.386962890625,0.0,93.390625,0.0,0.0,0.0,0.0,0.0,0.0,0.0,0.0,0.0,0.0,0.0,0.0,0.0,-2458.639404296875,0.0,69278.921875,4570.7734375,-949.164794921875,0.0,949.15625,0.0,-62.88047437345621,0.0,1.3890817165374756,0.0,FL
276021,FL,1203,0.1754799634218216,2,0.0,68823.8203125,111875.9296875,2,0,9065.3681640625,0.0,138281.515625,32698.244140625,0.0,0.0,0.0,32698.244140625,-10.0,0.0,10.0,0.0,-228.0,0.0,228.0,0.0,0.0,0.0,0.0,0.0,0.0,0.0,0.0,0.0,0.0,0.0,0.0,0.0,0.0,0.0,0.0,0.0,-560.2568359375,0.0,560.25,0.0,0.0,0.0,0.0,0.0,0.0,0.0,0.0,0.0,0.0,0.0,0.0,0.0,-240.0,0.0,240.0,0.0,0.0,0.0,0.0,0.0,0.0,0.0,0.0,0.0,0.0,0.0,0.0,0.0,0.0,0.0,0.0,0.0,0.0,0.0,0.0,0.0,-720.0,0.0,720.0,0.0,0.0,0.0,0.0,0.0,0.0,0.0,0.0,0.0,0.0,0.0,0.0,0.0,0.0,0.0,0.0,0.0,7307.111328125,0.0,140039.765625,32698.244140625,-1758.2568359375,0.0,1758.25,0.0,-19.395316374548273,0.0,1.2715003490447998,0.0,FL
276022,FL,1203,0.19954784214496613,4,2.0,411291.25,431752.71875,4,0,78867.6484375,0.0,360166.15625,0.0,0.0,0.0,0.0,0.0,-292.0,0.0,292.0,0.0,-456.0,0.0,456.0,0.0,0.0,0.0,0.0,0.0,0.0,0.0,0.0,0.0,-400.0,0.0,400.0,0.0,0.0,0.0,0.0,0.0,-885.3046875,0.0,885.3125,0.0,0.0,0.0,0.0,0.0,0.0,0.0,0.0,0.0,0.0,0.0,0.0,0.0,-480.0,0.0,480.0,0.0,0.0,0.0,0.0,0.0,0.0,0.0,0.0,0.0,0.0,0.0,0.0,0.0,0.0,0.0,0.0,0.0,0.0,0.0,0.0,0.0,0.0,0.0,0.0,0.0,0.0,0.0,0.0,0.0,0.0,0.0,0.0,0.0,0.0,0.0,0.0,0.0,0.0,0.0,0.0,0.0,76354.34375,0.0,362679.46875,0.0,-2513.3046875,0.0,2513.3125,0.0,-3.1867371948990093,0.0,0.6978203058242798,0.0,FL
276023,FL,1203,0.16012181341648102,6,3.9999999999999996,112866.626953125,400246.06249999994,6,0,59200.32031250001,0.0,389178.375,0.0,0.0,0.0,0.0,0.0,-292.00000000001455,0.0,292.0,0.0,-456.0,0.0,456.0,0.0,0.0,0.0,0.0,0.0,0.0,0.0,0.0,0.0,-799.9999999999854,0.0,800.0,0.0,0.0,0.0,0.0,0.0,0.0,0.0,0.0,0.0,0.0,0.0,0.0,0.0,0.0,0.0,0.0,0.0,0.0,0.0,0.0,0.0,-480.0,0.0,480.0,0.0,0.0,0.0,0.0,0.0,0.0,0.0,0.0,0.0,0.0,0.0,0.0,0.0,0.0,0.0,0.0,0.0,0.0,0.0,0.0,0.0,0.0,0.0,0.0,0.0,0.0,0.0,0.0,0.0,0.0,0.0,0.0,0.0,0.0,0.0,0.0,0.0,0.0,0.0,0.0,0.0,57172.32031250001,0.0,391206.375,0.0,-2028.0,0.0,2028.0,0.0,-3.425657140526979,0.0,0.5210977792739868,0.0,FL
276024,FL,1203,127.94058227539062,1,0.0,0.0,23072.873046875,1,0,587.2872924804688,0.0,22815.5859375,330.0,0.0,0.0,0.0,330.0,0.0,0.0,0.0,0.0,-95.0,0.0,95.0,0.0,0.0,0.0,0.0,0.0,0.0,0.0,0.0,0.0,0.0,0.0,0.0,0.0,0.0,0.0,0.0,0.0,0.0,0.0,0.0,0.0,0.0,0.0,0.0,0.0,0.0,0.0,0.0,0.0,0.0,0.0,0.0,0.0,0.0,0.0,0.0,0.0,0.0,0.0,0.0,0.0,0.0,0.0,0.0,0.0,0.0,0.0,0.0,0.0,0.0,0.0,0.0,0.0,0.0,0.0,0.0,0.0,-492.28729248046875,0.0,492.287109375,0.0,0.0,0.0,0.0,0.0,0.0,0.0,0.0,0.0,0.0,0.0,0.0,0.0,0.0,0.0,0.0,0.0,0.0,0.0,23402.873046875,330.0,-587.2872924804688,0.0,587.287109375,0.0,-100.0,0.0,2.574061155319214,0.0,FL
276025,FL,1203,0.12817175686359406,2,0.0,446475.0625,807540.4375,0,2,176552.75,0.0,623970.875,0.0,0.0,0.0,0.0,0.0,-749.0,0.0,749.0,0.0,0.0,0.0,0.0,0.0,0.0,0.0,0.0,0.0,0.0,0.0,0.0,0.0,0.0,0.0,0.0,0.0,0.0,0.0,0.0,0.0,0.0,0.0,0.0,0.0,0.0,0.0,0.0,0.0,0.0,0.0,0.0,0.0,0.0,0.0,0.0,0.0,0.0,0.0,0.0,0.0,0.0,0.0,0.0,0.0,0.0,0.0,0.0,0.0,0.0,0.0,0.0,0.0,0.0,0.0,0.0,0.0,0.0,0.0,0.0,0.0,0.0,0.0,0.0,0.0,0.0,0.0,0.0,0.0,0.0,0.0,0.0,0.0,0.0,0.0,0.0,0.0,0.0,0.0,0.0,0.0,175803.75,0.0,624719.875,0.0,-749.0,0.0,749.0,0.0,-0.42423581620790385,0.0,0.12003765255212784,0.0,FL
276026,FL,1203,325.8195495605469,1,0.0,2458.90234375,2458.90234375,1,0,0.0,0.0,34646.96875,12904.5078125,13231.8837890625,0.0,0.0,26136.3916015625,0.0,0.0,0.0,0.0,0.0,0.0,0.0,0.0,0.0,0.0,0.0,0.0,0.0,0.0,0.0,0.0,0.0,0.0,0.0,0.0,0.0,0.0,0.0,0.0,0.0,0.0,0.0,0.0,0.0,0.0,0.0,0.0,0.0,0.0,0.0,0.0,0.0,0.0,0.0,0.0,0.0,0.0,0.0,0.0,0.0,0.0,0.0,0.0,0.0,0.0,0.0,0.0,0.0,0.0,0.0,0.0,0.0,0.0,0.0,0.0,0.0,0.0,0.0,0.0,0.0,0.0,0.0,0.0,0.0,0.0,0.0,0.0,0.0,0.0,0.0,0.0,0.0,0.0,0.0,0.0,0.0,0.0,0.0,0.0,0.0,0.0,34646.96875,26136.3916015625,0.0,0.0,0.0,0.0,0.0,0.0,0.0,0.0,FL
276027,FL,1203,92.2522964477539,2,0.0,25489.880859375,25489.880859375,2,0,0.0,0.0,30048.974609375,0.0,2763.543212890625,0.0,0.0,2763.543212890625,0.0,0.0,0.0,0.0,0.0,0.0,0.0,0.0,0.0,0.0,0.0,0.0,0.0,0.0,0.0,0.0,0.0,0.0,0.0,0.0,0.0,0.0,0.0,0.0,0.0,0.0,0.0,0.0,0.0,0.0,0.0,0.0,0.0,0.0,0.0,0.0,0.0,0.0,0.0,0.0,0.0,0.0,0.0,0.0,0.0,0.0,0.0,0.0,0.0,0.0,0.0,0.0,0.0,0.0,0.0,0.0,0.0,0.0,0.0,0.0,0.0,0.0,0.0,0.0,0.0,0.0,0.0,0.0,0.0,0.0,0.0,0.0,0.0,0.0,0.0,0.0,0.0,0.0,0.0,0.0,0.0,0.0,0.0,0.0,0.0,0.0,30048.974609375,2763.543212890625,0.0,0.0,0.0,0.0,0.0,0.0,0.0,0.0,FL
276028,FL,1203,0.11389443278312683,4,2.0,291680.0625,739756.4375,4,0,179734.015625,0.0,528399.25,0.0,0.0,0.0,0.0,0.0,-749.0,0.0,749.0,0.0,-227.234375,0.0,227.25,0.0,0.0,0.0,0.0,0.0,0.0,0.0,0.0,0.0,0.0,0.0,0.0,0.0,0.0,0.0,0.0,0.0,-177.515625,0.0,177.5,0.0,0.0,0.0,0.0,0.0,0.0,0.0,0.0,0.0,0.0,0.0,0.0,0.0,-700.0,0.0,700.0,0.0,0.0,0.0,0.0,0.0,0.0,0.0,0.0,0.0,0.0,0.0,0.0,0.0,0.0,0.0,0.0,0.0,0.0,0.0,0.0,0.0,0.0,0.0,0.0,0.0,0.0,0.0,0.0,0.0,0.0,0.0,0.0,0.0,0.0,0.0,0.0,0.0,0.0,0.0,0.0,0.0,177880.265625,0.0,530253.0,0.0,-1853.75,0.0,1853.75,0.0,-1.0313851796800082,0.0,0.3508237302303314,0.0,FL
276029,FL,1203,0.1360330432653427,5,1.0,207633.26782226562,248409.53881835938,5,0,36696.47265625,0.0,241930.453125,9932.1708984375,26463.767578125,0.0,0.0,36395.9384765625,-275.51171875,0.0,275.5,0.0,-418.0,0.0,418.0,0.0,0.0,0.0,0.0,0.0,0.0,0.0,0.0,0.0,0.0,0.0,0.0,0.0,0.0,0.0,0.0,0.0,0.0,0.0,0.0,0.0,0.0,0.0,0.0,0.0,0.0,0.0,0.0,0.0,0.0,0.0,0.0,0.0,-440.0,0.0,440.0,0.0,0.0,0.0,0.0,0.0,0.0,0.0,0.0,0.0,0.0,0.0,0.0,0.0,0.0,0.0,0.0,0.0,0.0,0.0,0.0,0.0,0.0,0.0,0.0,0.0,0.0,0.0,0.0,0.0,0.0,0.0,0.0,0.0,0.0,0.0,0.0,0.0,0.0,0.0,0.0,0.0,35562.9609375,0.0,243063.953125,36395.9384765625,-1133.51171875,0.0,1133.5,0.0,-3.0888846711999847,0.0,0.4685230553150177,0.0,FL
276030,FL,1203,0.12258521467447281,2,0.0,73393.33203125,73393.33203125,2,0,4862.5537109375,0.0,64526.02734375,0.0,0.0,0.0,0.0,0.0,-5.0,0.0,5.0,0.0,-209.0,0.0,209.0,0.0,0.0,0.0,0.0,0.0,0.0,0.0,0.0,0.0,0.0,0.0,0.0,0.0,0.0,0.0,0.0,0.0,0.0,0.0,0.0,0.0,0.0,0.0,0.0,0.0,0.0,0.0,0.0,0.0,0.0,0.0,0.0,0.0,0.0,0.0,0.0,0.0,0.0,0.0,0.0,0.0,0.0,0.0,0.0,0.0,0.0,0.0,0.0,0.0,-289.43994140625,0.0,289.44140625,0.0,0.0,0.0,0.0,0.0,0.0,0.0,0.0,0.0,0.0,0.0,0.0,0.0,0.0,0.0,0.0,0.0,0.0,0.0,0.0,0.0,0.0,0.0,0.0,0.0,4359.11376953125,0.0,65029.46875,0.0,-503.43994140625,0.0,503.44140625,0.0,-10.353406282666784,0.0,0.7802144885063171,0.0,FL
276031,FL,1203,0.12820757925510406,5,2.0,247587.0234375,419700.7109375,0,5,59538.52978515625,0.0,345461.34375,0.0,0.0,3932.572998046875,0.0,3932.572998046875,-297.0,0.0,297.0,0.0,-570.0,0.0,570.0,0.0,0.0,0.0,0.0,0.0,4000.0,0.0,-4000.0,0.0,0.0,0.0,0.0,0.0,0.0,0.0,0.0,0.0,0.0,0.0,0.0,0.0,0.0,0.0,0.0,0.0,0.0,0.0,0.0,0.0,0.0,0.0,0.0,0.0,-480.0,0.0,480.0,0.0,0.0,0.0,0.0,0.0,0.0,0.0,0.0,0.0,0.0,0.0,0.0,0.0,0.0,0.0,0.0,0.0,0.0,0.0,0.0,0.0,0.0,0.0,0.0,0.0,-9.41650390625,0.0,9.40625,0.0,0.0,0.0,0.0,0.0,0.0,0.0,0.0,0.0,0.0,0.0,0.0,0.0,62182.11328125,0.0,342817.75,3932.572998046875,2643.58349609375,0.0,-2643.59375,0.0,4.440122229475728,0.0,-0.7652357816696167,0.0,FL
276032,FL,1203,0.13370521366596222,2,0.0,612239.640625,1002533.0625,1,1,263803.375,0.0,796852.125,0.0,0.0,0.0,0.0,0.0,-734.0,0.0,734.0,0.0,-703.0,0.0,703.0,0.0,0.0,0.0,0.0,0.0,0.0,0.0,0.0,0.0,0.0,0.0,0.0,0.0,0.0,0.0,0.0,0.0,-1774.484375,0.0,1774.5,0.0,0.0,0.0,0.0,0.0,0.0,0.0,0.0,0.0,0.0,0.0,0.0,0.0,-740.0,0.0,740.0,0.0,0.0,0.0,0.0,0.0,0.0,0.0,0.0,0.0,0.0,0.0,0.0,0.0,0.0,0.0,0.0,0.0,0.0,0.0,0.0,0.0,0.0,0.0,0.0,0.0,0.0,0.0,0.0,0.0,0.0,0.0,0.0,0.0,0.0,0.0,0.0,0.0,0.0,0.0,0.0,0.0,259851.890625,0.0,800803.625,0.0,-3951.484375,0.0,3951.5,0.0,-1.4978900004596225,0.0,0.49588876962661743,0.0,FL
276033,FL,1203,243.31521606445312,1,0.0,0.0,0.0,1,0,0.0,0.0,5098.86083984375,3596.039794921875,0.0,0.0,0.0,3596.039794921875,0.0,0.0,0.0,0.0,0.0,0.0,0.0,0.0,0.0,0.0,0.0,0.0,0.0,0.0,0.0,0.0,0.0,0.0,0.0,0.0,0.0,0.0,0.0,0.0,0.0,0.0,0.0,0.0,0.0,0.0,0.0,0.0,0.0,0.0,0.0,0.0,0.0,0.0,0.0,0.0,0.0,0.0,0.0,0.0,0.0,0.0,0.0,0.0,0.0,0.0,0.0,0.0,0.0,0.0,0.0,0.0,0.0,0.0,0.0,0.0,0.0,0.0,0.0,0.0,0.0,0.0,0.0,0.0,0.0,0.0,0.0,0.0,0.0,0.0,0.0,0.0,0.0,0.0,0.0,0.0,0.0,0.0,0.0,0.0,0.0,0.0,5098.86083984375,3596.039794921875,0.0,0.0,0.0,0.0,0.0,0.0,0.0,0.0,FL
276034,FL,1203,0.15265992283821106,5,2.0,243443.4822998047,677912.25,5,0,90428.234375,0.0,617597.5,22365.599609375,0.0,0.0,0.0,22365.599609375,-407.0,0.0,407.0,0.0,-209.0,0.0,209.0,0.0,0.0,0.0,0.0,0.0,0.0,0.0,0.0,0.0,-400.0,0.0,400.0,0.0,0.0,0.0,0.0,0.0,0.0,0.0,0.0,0.0,0.0,0.0,0.0,0.0,0.0,0.0,0.0,0.0,0.0,0.0,0.0,0.0,-220.0,0.0,220.0,0.0,0.0,0.0,0.0,0.0,0.0,0.0,0.0,0.0,-1663.74609375,0.0,1663.75,0.0,0.0,0.0,0.0,0.0,0.0,0.0,0.0,0.0,0.0,0.0,0.0,0.0,0.0,0.0,0.0,0.0,0.0,0.0,0.0,0.0,0.0,0.0,0.0,0.0,0.0,0.0,0.0,0.0,87528.48828125,0.0,620497.25,22365.599609375,-2899.74609375,0.0,2899.75,0.0,-3.206682198089749,0.0,0.46952101588249207,0.0,FL
276035,FL,1203,136.20774841308594,1,0.0,0.0,0.0,1,0,0.0,0.0,41076.3125,20846.998046875,0.0,0.0,0.0,20846.998046875,0.0,0.0,0.0,0.0,0.0,0.0,0.0,0.0,0.0,0.0,0.0,0.0,0.0,0.0,0.0,0.0,0.0,0.0,0.0,0.0,0.0,0.0,0.0,0.0,0.0,0.0,0.0,0.0,0.0,0.0,0.0,0.0,0.0,0.0,0.0,0.0,0.0,0.0,0.0,0.0,0.0,0.0,0.0,0.0,0.0,0.0,0.0,0.0,0.0,0.0,0.0,0.0,0.0,0.0,0.0,0.0,0.0,0.0,0.0,0.0,0.0,0.0,0.0,0.0,0.0,0.0,0.0,0.0,0.0,0.0,0.0,0.0,0.0,0.0,0.0,0.0,0.0,0.0,0.0,0.0,0.0,0.0,0.0,0.0,0.0,0.0,41076.3125,20846.998046875,0.0,0.0,0.0,0.0,0.0,0.0,0.0,0.0,FL
276036,FL,1203,2751.930419921875,9,0.0,495076.77734375,516418.6171875,9,0,49032.8427734375,0.0,448279.84375,24247.927734375,0.0,9384.873046875,0.0,33632.80078125,-391.0,0.0,391.0,0.0,-1102.0,0.0,1102.0,0.0,0.0,0.0,0.0,0.0,0.0,0.0,0.0,0.0,0.0,0.0,0.0,0.0,0.0,0.0,0.0,0.0,0.0,0.0,0.0,0.0,0.0,0.0,0.0,0.0,0.0,0.0,0.0,0.0,0.0,0.0,0.0,0.0,-120.0,0.0,120.0,0.0,0.0,0.0,0.0,0.0,0.0,0.0,0.0,0.0,0.0,0.0,0.0,0.0,0.0,0.0,0.0,0.0,-490.5621337890625,0.0,490.5625,0.0,-720.0,0.0,720.0,0.0,-156.7265625,0.0,156.71875,0.0,0.0,0.0,0.0,0.0,0.0,0.0,0.0,0.0,0.0,0.0,0.0,0.0,46052.55407714844,0.0,451260.125,33632.80078125,-2980.2886962890625,0.0,2980.28125,0.0,-6.078147885611826,0.0,0.6648260354995728,0.0,FL
276037,FL,1203,6677.58447265625,6,4.0,125051.248046875,125051.248046875,6,0,-3282.955078125,0.0,160439.390625,36144.515625,5527.08642578125,0.0,0.0,41671.60205078125,-147.0,0.0,147.0,0.0,-324.5,0.0,324.5,0.0,0.0,0.0,0.0,0.0,0.0,0.0,0.0,0.0,-200.0,0.0,200.0,0.0,0.0,0.0,0.0,0.0,0.0,0.0,0.0,0.0,0.0,0.0,0.0,0.0,0.0,0.0,0.0,0.0,0.0,0.0,0.0,0.0,0.0,0.0,0.0,0.0,0.0,0.0,0.0,0.0,0.0,0.0,0.0,0.0,0.0,0.0,0.0,0.0,0.0,0.0,0.0,0.0,0.0,0.0,0.0,0.0,0.0,0.0,0.0,0.0,-212.8134765625,0.0,212.8125,0.0,0.0,0.0,0.0,0.0,0.0,0.0,0.0,0.0,0.0,0.0,0.0,0.0,-4167.2685546875,0.0,161323.703125,41671.60205078125,-884.3134765625,0.0,884.3125,0.0,-26.936508588096782,0.0,0.5511816740036011,0.0,FL
276038,FL,1203,1857.98974609375,4,1.0,22749.125,46807.0234375,3,1,759.9124755859375,0.0,71159.828125,1663.27294921875,15995.427001953125,11023.16015625,0.0,28681.860107421875,0.0,0.0,0.0,0.0,-95.0,0.0,95.0,0.0,0.0,0.0,0.0,0.0,0.0,0.0,0.0,0.0,0.0,0.0,0.0,0.0,0.0,0.0,0.0,0.0,0.0,0.0,0.0,0.0,0.0,0.0,0.0,0.0,0.0,0.0,0.0,0.0,0.0,0.0,0.0,0.0,0.0,0.0,0.0,0.0,0.0,0.0,0.0,0.0,0.0,0.0,0.0,0.0,0.0,0.0,0.0,0.0,0.0,0.0,0.0,0.0,0.0,0.0,0.0,0.0,0.0,0.0,0.0,0.0,0.0,0.0,0.0,0.0,0.0,0.0,0.0,0.0,0.0,0.0,0.0,0.0,0.0,0.0,0.0,0.0,664.9124755859375,0.0,71254.828125,28681.860107421875,-95.0,0.0,95.0,0.0,-12.501439712086498,0.0,0.1335022896528244,0.0,FL
276039,FL,1203,7434.92578125,2,0.0,36941.712890625,50355.68359375,2,0,1648.553466796875,0.0,59296.88671875,0.0,0.0,13518.4794921875,0.0,13518.4794921875,0.0,0.0,0.0,0.0,-190.0,0.0,190.0,0.0,0.0,0.0,0.0,0.0,0.0,0.0,0.0,0.0,0.0,0.0,0.0,0.0,0.0,0.0,0.0,0.0,-472.985107421875,0.0,472.984375,0.0,0.0,0.0,0.0,0.0,0.0,0.0,0.0,0.0,0.0,0.0,0.0,0.0,-200.0,0.0,200.0,0.0,0.0,0.0,0.0,0.0,0.0,0.0,0.0,0.0,0.0,0.0,0.0,0.0,0.0,0.0,0.0,0.0,0.0,0.0,0.0,0.0,-600.0,0.0,600.0,0.0,0.0,0.0,0.0,0.0,0.0,0.0,0.0,0.0,0.0,0.0,0.0,0.0,0.0,0.0,0.0,0.0,185.568359375,0.0,60759.87109375,13518.4794921875,-1462.985107421875,0.0,1462.984375,0.0,-88.74356439675822,0.0,2.467219591140747,0.0,FL
276040,FL,1203,1.1675795316696167,1,0.0,8424.0703125,115600.1328125,1,0,12143.8076171875,0.0,108443.3671875,10899.4150390625,0.0,0.0,0.0,10899.4150390625,-115.0,0.0,115.0,0.0,-209.0,0.0,209.0,0.0,0.0,0.0,0.0,0.0,0.0,0.0,0.0,0.0,0.0,0.0,0.0,0.0,0.0,0.0,0.0,0.0,0.0,0.0,0.0,0.0,0.0,0.0,0.0,0.0,0.0,0.0,0.0,0.0,0.0,0.0,0.0,0.0,-220.0,0.0,220.0,0.0,0.0,0.0,0.0,0.0,0.0,0.0,0.0,0.0,0.0,0.0,0.0,0.0,0.0,0.0,0.0,0.0,0.0,0.0,0.0,0.0,-664.5732421875,0.0,664.5703125,0.0,0.0,0.0,0.0,0.0,0.0,0.0,0.0,0.0,0.0,0.0,0.0,0.0,0.0,0.0,0.0,0.0,10935.234375,0.0,109651.9375,10899.4150390625,-1208.5732421875,0.0,1208.5703125,0.0,-9.952177111871977,0.0,1.114471435546875,0.0,FL
276041,FL,1203,0.5767822265625,1,0.0,47767.5,47785.8671875,1,0,3427.303955078125,0.0,42984.921875,0.0,0.0,0.0,0.0,0.0,-5.0,0.0,5.0,0.0,-114.0,0.0,114.0,0.0,0.0,0.0,0.0,0.0,0.0,0.0,0.0,0.0,0.0,0.0,0.0,0.0,0.0,0.0,0.0,0.0,0.0,0.0,0.0,0.0,0.0,0.0,0.0,0.0,0.0,0.0,0.0,0.0,0.0,0.0,0.0,0.0,0.0,0.0,0.0,0.0,0.0,0.0,0.0,0.0,0.0,0.0,0.0,0.0,0.0,0.0,0.0,0.0,0.0,0.0,0.0,0.0,-584.63232421875,0.0,584.6328125,0.0,0.0,0.0,0.0,0.0,0.0,0.0,0.0,0.0,0.0,0.0,0.0,0.0,0.0,0.0,0.0,0.0,0.0,0.0,0.0,0.0,2723.671630859375,0.0,43688.5546875,0.0,-703.63232421875,0.0,703.6328125,0.0,-20.530199055622155,0.0,1.6369293928146362,0.0,FL
276042,FL,1203,947.119384765625,2,0.0,44387.6953125,44934.75390625,2,0,2429.785888671875,0.0,44962.7109375,0.0,0.0,0.0,0.0,0.0,-5.0,0.0,5.0,0.0,-114.0,0.0,114.0,0.0,0.0,0.0,0.0,0.0,0.0,0.0,0.0,0.0,0.0,0.0,0.0,0.0,0.0,0.0,0.0,0.0,0.0,0.0,0.0,0.0,0.0,0.0,0.0,0.0,0.0,0.0,0.0,0.0,0.0,0.0,0.0,0.0,-120.0,0.0,120.0,0.0,0.0,0.0,0.0,0.0,0.0,0.0,0.0,0.0,0.0,0.0,0.0,0.0,0.0,0.0,0.0,0.0,0.0,0.0,0.0,0.0,0.0,0.0,0.0,0.0,0.0,0.0,0.0,0.0,0.0,0.0,0.0,0.0,0.0,0.0,0.0,0.0,0.0,0.0,0.0,0.0,2190.785888671875,0.0,45201.7109375,0.0,-239.0,0.0,239.0,0.0,-9.836257635467534,0.0,0.5315515398979187,0.0,FL
276043,FL,1203,566.2262573242188,1,0.0,51151.0625,45790.796875,1,0,3428.2333984375,0.0,43870.2421875,0.0,0.0,0.0,0.0,0.0,-5.0,0.0,5.0,0.0,-114.0,0.0,114.0,0.0,0.0,0.0,0.0,0.0,0.0,0.0,0.0,0.0,0.0,0.0,0.0,0.0,0.0,0.0,0.0,0.0,0.0,0.0,0.0,0.0,0.0,0.0,0.0,0.0,0.0,0.0,0.0,0.0,0.0,0.0,0.0,0.0,-120.0,0.0,120.0,0.0,0.0,0.0,0.0,0.0,0.0,0.0,0.0,0.0,0.0,0.0,0.0,0.0,0.0,0.0,0.0,0.0,0.0,0.0,0.0,0.0,0.0,0.0,0.0,0.0,-249.03271484375,0.0,249.03125,0.0,0.0,0.0,0.0,0.0,0.0,0.0,0.0,0.0,0.0,0.0,0.0,0.0,2940.20068359375,0.0,44358.2734375,0.0,-488.03271484375,0.0,488.03125,0.0,-14.23569104326977,0.0,1.1124426126480103,0.0,FL
276044,FL,1203,99.28612518310547,1,0.0,132634.296875,1751209.875,1,0,647000.625,0.0,1271284.5,9025.267578125,0.0,0.0,0.0,9025.267578125,-350.25,0.0,350.25,0.0,0.0,0.0,0.0,0.0,0.0,0.0,0.0,0.0,0.0,0.0,0.0,0.0,0.0,0.0,0.0,0.0,0.0,0.0,0.0,0.0,-1848.875,0.0,1848.75,0.0,0.0,0.0,0.0,0.0,0.0,0.0,0.0,0.0,0.0,0.0,0.0,0.0,0.0,0.0,0.0,0.0,0.0,0.0,0.0,0.0,0.0,0.0,0.0,0.0,0.0,0.0,0.0,0.0,0.0,0.0,0.0,0.0,0.0,0.0,0.0,0.0,0.0,0.0,0.0,0.0,0.0,0.0,0.0,0.0,0.0,0.0,0.0,0.0,0.0,0.0,0.0,0.0,0.0,0.0,0.0,0.0,644801.5,0.0,1273483.5,9025.267578125,-2199.125,0.0,2199.0,0.0,-0.3398953439959969,0.0,0.17297466099262238,0.0,FL
276045,FL,1203,604.0094604492188,2,0.0,73537.6796875,217545.84375,2,0,28602.125,0.0,185974.953125,0.0,0.0,0.0,0.0,0.0,-230.0,0.0,230.0,0.0,-418.0,0.0,418.0,0.0,0.0,0.0,0.0,0.0,0.0,0.0,0.0,0.0,0.0,0.0,0.0,0.0,0.0,0.0,0.0,0.0,-646.2421875,0.0,646.25,0.0,0.0,0.0,0.0,0.0,0.0,0.0,0.0,0.0,0.0,0.0,0.0,0.0,-440.0,0.0,440.0,0.0,0.0,0.0,0.0,0.0,0.0,0.0,0.0,0.0,0.0,0.0,0.0,0.0,0.0,0.0,0.0,0.0,0.0,0.0,0.0,0.0,0.0,0.0,0.0,0.0,0.0,0.0,0.0,0.0,0.0,0.0,0.0,0.0,0.0,0.0,0.0,0.0,0.0,0.0,0.0,0.0,26867.8828125,0.0,187709.203125,0.0,-1734.2421875,0.0,1734.25,0.0,-6.063333362468698,0.0,0.9325180053710938,0.0,FL
276046,FL,1203,1531.498046875,2,0.0,34717.515625,25639.57421875,2,0,0.0,0.0,51540.1640625,0.0,0.0,0.0,0.0,0.0,0.0,0.0,0.0,0.0,0.0,0.0,0.0,0.0,0.0,0.0,0.0,0.0,0.0,0.0,0.0,0.0,0.0,0.0,0.0,0.0,0.0,0.0,0.0,0.0,0.0,0.0,0.0,0.0,0.0,0.0,0.0,0.0,0.0,0.0,0.0,0.0,0.0,0.0,0.0,0.0,0.0,0.0,0.0,0.0,0.0,0.0,0.0,0.0,0.0,0.0,0.0,0.0,0.0,0.0,0.0,0.0,0.0,0.0,0.0,0.0,0.0,0.0,0.0,0.0,0.0,0.0,0.0,0.0,0.0,0.0,0.0,0.0,0.0,0.0,0.0,0.0,0.0,0.0,0.0,0.0,0.0,0.0,0.0,0.0,0.0,0.0,51540.1640625,0.0,0.0,0.0,0.0,0.0,0.0,0.0,0.0,0.0,FL
276047,FL,1203,2797.984619140625,1,0.0,0.0,98138.2578125,1,0,9072.1328125,0.0,86508.5078125,0.0,0.0,0.0,0.0,0.0,-115.0,0.0,115.0,0.0,-167.19921875,0.0,167.1953125,0.0,0.0,0.0,0.0,0.0,0.0,0.0,0.0,0.0,0.0,0.0,0.0,0.0,0.0,0.0,0.0,0.0,0.0,0.0,0.0,0.0,0.0,0.0,0.0,0.0,0.0,0.0,0.0,0.0,0.0,0.0,0.0,0.0,0.0,0.0,0.0,0.0,0.0,0.0,0.0,0.0,0.0,0.0,0.0,0.0,0.0,0.0,0.0,0.0,0.0,0.0,0.0,0.0,0.0,0.0,0.0,0.0,-811.66015625,0.0,811.6640625,0.0,0.0,0.0,0.0,0.0,0.0,0.0,0.0,0.0,0.0,0.0,0.0,0.0,0.0,0.0,0.0,0.0,7978.2734375,0.0,87602.3671875,0.0,-1093.859375,0.0,1093.859375,0.0,-12.057356275613937,0.0,1.2644529342651367,0.0,FL
276048,FL,1203,892.7417602539062,1,0.0,75085.8984375,75085.8984375,1,0,8012.8974609375,0.0,68553.5,0.0,0.0,0.0,0.0,0.0,-115.0,0.0,115.0,0.0,-209.0,0.0,209.0,0.0,0.0,0.0,0.0,0.0,0.0,0.0,0.0,0.0,0.0,0.0,0.0,0.0,0.0,0.0,0.0,0.0,0.0,0.0,0.0,0.0,0.0,0.0,0.0,0.0,0.0,0.0,0.0,0.0,0.0,0.0,0.0,0.0,0.0,0.0,0.0,0.0,0.0,0.0,0.0,0.0,0.0,0.0,0.0,0.0,0.0,0.0,0.0,0.0,0.0,0.0,0.0,0.0,0.0,0.0,0.0,0.0,0.0,0.0,0.0,0.0,-237.79150390625,0.0,237.7890625,0.0,0.0,0.0,0.0,0.0,0.0,0.0,0.0,0.0,0.0,0.0,0.0,0.0,7451.10595703125,0.0,69115.2890625,0.0,-561.79150390625,0.0,561.7890625,0.0,-7.0110906403701945,0.0,0.8194900155067444,0.0,FL
276049,FL,1203,0.6446377038955688,5,3.0,145709.79296875,148663.125,5,0,9454.001953125,0.0,138482.28125,0.0,0.0,5913.4375,0.0,5913.4375,-230.0,0.0,230.0,0.0,-418.0,0.0,418.0,0.0,0.0,0.0,0.0,0.0,0.0,0.0,0.0,0.0,-600.0,0.0,600.0,0.0,0.0,0.0,0.0,0.0,-862.6630859375,0.0,862.671875,0.0,0.0,0.0,0.0,0.0,0.0,0.0,0.0,0.0,0.0,0.0,0.0,0.0,-440.0,0.0,440.0,0.0,0.0,0.0,0.0,0.0,0.0,0.0,0.0,0.0,0.0,0.0,0.0,0.0,0.0,0.0,0.0,0.0,0.0,0.0,0.0,0.0,0.0,0.0,0.0,0.0,-178.3447265625,0.0,178.34375,0.0,0.0,0.0,0.0,0.0,0.0,0.0,-5913.4375,-5913.4375,0.0,0.0,0.0,0.0,6724.994140625,0.0,135297.859375,0.0,-2729.0078125,0.0,-3184.421875,-5913.4375,-28.866165101625903,0.0,-2.299515724182129,-100.0,FL
276050,FL,1203,1248.2235107421875,5,3.0,170298.1015625,203742.59375,5,0,19998.49609375,0.0,181622.8125,0.0,0.0,0.0,0.0,0.0,-230.0,0.0,230.0,0.0,-418.0,0.0,418.0,0.0,0.0,0.0,0.0,0.0,0.0,0.0,0.0,0.0,-600.0,0.0,600.0,0.0,0.0,0.0,0.0,0.0,0.0,0.0,0.0,0.0,0.0,0.0,0.0,0.0,0.0,0.0,0.0,0.0,0.0,0.0,0.0,0.0,-440.0,0.0,440.0,0.0,0.0,0.0,0.0,0.0,0.0,0.0,0.0,0.0,0.0,0.0,0.0,0.0,0.0,0.0,0.0,0.0,0.0,0.0,0.0,0.0,0.0,0.0,0.0,0.0,0.0,0.0,0.0,0.0,0.0,0.0,0.0,0.0,0.0,0.0,0.0,0.0,0.0,0.0,0.0,0.0,18310.49609375,0.0,183310.8125,0.0,-1688.0,0.0,1688.0,0.0,-8.440634696163677,0.0,0.9293986558914185,0.0,FL
276051,FL,1203,8549.626953125,5,4.0,64524.79296875,64524.79296875,5,0,-4435.79248046875,0.0,103442.03125,25820.3515625,0.0,4455.703125,9141.546875,39417.6015625,-7.0,0.0,7.0,0.0,-177.0,0.0,177.0,0.0,0.0,0.0,0.0,0.0,0.0,0.0,0.0,0.0,-800.0,0.0,800.0,0.0,-276.94189453125,0.0,276.9453125,0.0,0.0,0.0,0.0,0.0,0.0,0.0,0.0,0.0,0.0,0.0,0.0,0.0,0.0,0.0,0.0,0.0,0.0,0.0,0.0,0.0,0.0,0.0,0.0,0.0,0.0,0.0,0.0,0.0,0.0,0.0,0.0,0.0,0.0,0.0,0.0,0.0,0.0,0.0,0.0,0.0,0.0,0.0,0.0,0.0,-552.541015625,0.0,552.5390625,0.0,0.0,0.0,0.0,0.0,0.0,0.0,0.0,0.0,0.0,0.0,0.0,0.0,-6249.275390625,0.0,105255.515625,39417.6015625,-1813.48291015625,0.0,1813.484375,0.0,-40.88295198977864,0.0,1.7531408071517944,0.0,FL
276052,FL,1203,1055.086181640625,2,0.0,733759.4609375,851499.5625,2,0,165778.03125,0.0,652695.8125,0.0,0.0,0.0,0.0,0.0,-749.0,0.0,749.0,0.0,0.0,0.0,0.0,0.0,0.0,0.0,0.0,0.0,0.0,0.0,0.0,0.0,0.0,0.0,0.0,0.0,0.0,0.0,0.0,0.0,-1879.234375,0.0,1879.25,0.0,0.0,0.0,0.0,0.0,0.0,0.0,0.0,0.0,0.0,0.0,0.0,0.0,0.0,0.0,0.0,0.0,0.0,0.0,0.0,0.0,0.0,0.0,0.0,0.0,0.0,0.0,0.0,0.0,0.0,0.0,0.0,0.0,0.0,0.0,0.0,0.0,0.0,0.0,0.0,0.0,0.0,0.0,0.0,0.0,0.0,0.0,0.0,0.0,0.0,0.0,0.0,0.0,0.0,0.0,0.0,0.0,163149.796875,0.0,655324.0625,0.0,-2628.234375,0.0,2628.25,0.0,-1.5853936466626968,0.0,0.4026760756969452,0.0,FL
276053,FL,1203,6456.86572265625,4,1.0,213222.5234375,659379.265625,4,0,105902.3642578125,0.0,541082.75,0.0,0.0,0.0,0.0,0.0,-361.0,0.0,361.0,0.0,-646.0,0.0,646.0,0.0,0.0,0.0,0.0,0.0,0.0,0.0,0.0,0.0,-200.0,0.0,200.0,0.0,0.0,0.0,0.0,0.0,0.0,0.0,0.0,0.0,0.0,0.0,0.0,0.0,0.0,0.0,0.0,0.0,0.0,0.0,0.0,0.0,-569.5009765625,0.0,569.5,0.0,0.0,0.0,0.0,0.0,0.0,0.0,0.0,0.0,0.0,0.0,0.0,0.0,-207.98828125,0.0,208.0,0.0,0.0,0.0,0.0,0.0,0.0,0.0,0.0,0.0,-562.076171875,0.0,562.0625,0.0,0.0,0.0,0.0,0.0,0.0,0.0,0.0,0.0,0.0,0.0,0.0,0.0,103355.798828125,0.0,543629.3125,0.0,-2546.5654296875,0.0,2546.5625,0.0,-2.404635106623352,0.0,0.47064194083213806,0.0,FL
276054,FL,1203,1.361617088317871,3,0.0,225977.52880859375,378090.11474609375,3,0,62017.453125,0.0,326397.1875,0.0,3282.15771484375,0.0,0.0,3282.15771484375,-292.0,0.0,292.0,0.0,-456.0,0.0,456.0,0.0,0.0,0.0,0.0,0.0,0.0,0.0,0.0,0.0,0.0,0.0,0.0,0.0,0.0,0.0,0.0,0.0,0.0,0.0,0.0,0.0,0.0,0.0,0.0,0.0,0.0,0.0,0.0,0.0,0.0,0.0,0.0,0.0,-480.0,0.0,480.0,0.0,0.0,0.0,0.0,0.0,0.0,0.0,0.0,0.0,0.0,0.0,0.0,0.0,0.0,0.0,0.0,0.0,0.0,0.0,0.0,0.0,0.0,0.0,0.0,0.0,0.0,0.0,0.0,0.0,0.0,0.0,0.0,0.0,0.0,0.0,0.0,0.0,0.0,0.0,0.0,0.0,60789.453125,0.0,327625.1875,3282.15771484375,-1228.0,0.0,1228.0,0.0,-1.9800877625930402,0.0,0.3762287199497223,0.0,FL
276055,FL,1203,0.7839716076850891,4,1.0,83394.91015625,407143.98046875,4,0,53582.11981201172,0.0,368739.0625,0.0,0.0,0.0,0.0,0.0,-10.0,0.0,10.0,0.0,-513.0,0.0,513.0,0.0,0.0,0.0,0.0,0.0,0.0,0.0,0.0,0.0,-200.0,0.0,200.0,0.0,0.0,0.0,0.0,0.0,0.0,0.0,0.0,0.0,0.0,0.0,0.0,0.0,0.0,0.0,0.0,0.0,0.0,0.0,0.0,0.0,0.0,0.0,0.0,0.0,0.0,0.0,0.0,0.0,0.0,0.0,0.0,0.0,0.0,0.0,0.0,0.0,0.0,0.0,0.0,0.0,0.0,0.0,0.0,0.0,0.0,0.0,0.0,0.0,0.0,0.0,0.0,0.0,0.0,0.0,0.0,0.0,0.0,0.0,0.0,0.0,0.0,0.0,0.0,0.0,52859.11981201172,0.0,369462.0625,0.0,-723.0,0.0,723.0,0.0,-1.3493307143065327,0.0,0.19607362151145935,0.0,FL
276056,FL,1203,0.5777501463890076,3,1.0,103815.6796875,103816.8671875,3,0,7836.0244140625,0.0,88038.9453125,0.0,0.0,0.0,0.0,0.0,-10.0,0.0,10.0,0.0,-228.00048828125,0.0,228.0,0.0,0.0,0.0,0.0,0.0,0.0,0.0,0.0,0.0,0.0,0.0,0.0,0.0,0.0,0.0,0.0,0.0,0.0,0.0,0.0,0.0,0.0,0.0,0.0,0.0,0.0,0.0,0.0,0.0,0.0,0.0,0.0,0.0,0.0,0.0,0.0,0.0,0.0,0.0,0.0,0.0,0.0,0.0,0.0,0.0,0.0,0.0,0.0,0.0,0.0,0.0,0.0,0.0,0.0,0.0,0.0,0.0,0.0,0.0,0.0,0.0,0.0,0.0,0.0,0.0,0.0,0.0,0.0,0.0,0.0,0.0,0.0,0.0,0.0,0.0,0.0,0.0,7598.02392578125,0.0,88276.9453125,0.0,-238.00048828125,0.0,238.0,0.0,-3.0372606784396337,0.0,0.2703348994255066,0.0,FL
276057,FL,1203,1.1971238851547241,5,1.0,117756.513671875,185527.4453125,5,0,13345.316162109375,0.0,167265.296875,0.0,0.0,0.0,2285.38671875,2285.38671875,-20.0,0.0,20.0,0.0,-456.0,0.0,456.0,0.0,0.0,0.0,0.0,0.0,0.0,0.0,0.0,0.0,0.0,0.0,0.0,0.0,0.0,0.0,0.0,0.0,0.0,0.0,0.0,0.0,0.0,0.0,0.0,0.0,0.0,0.0,0.0,0.0,0.0,0.0,0.0,0.0,-145.505126953125,0.0,145.5,0.0,0.0,0.0,0.0,0.0,0.0,0.0,0.0,0.0,0.0,0.0,0.0,0.0,0.0,0.0,0.0,0.0,0.0,0.0,0.0,0.0,0.0,0.0,0.0,0.0,0.0,0.0,0.0,0.0,0.0,0.0,0.0,0.0,0.0,0.0,0.0,0.0,0.0,0.0,0.0,0.0,12723.81103515625,0.0,167886.796875,2285.38671875,-621.505126953125,0.0,621.5,0.0,-4.657103057009099,0.0,0.37156540155410767,0.0,FL
276058,FL,1203,15.72189998626709,4,2.0,273780.40625,640851.5,4,0,117066.859375,0.0,522150.0625,0.0,0.0,0.0,0.0,0.0,-292.0,0.0,292.0,0.0,-456.0,0.0,456.0,0.0,0.0,0.0,0.0,0.0,0.0,0.0,0.0,0.0,0.0,0.0,0.0,0.0,0.0,0.0,0.0,0.0,-1153.140625,0.0,1153.125,0.0,0.0,0.0,0.0,0.0,0.0,0.0,0.0,0.0,0.0,0.0,0.0,0.0,-480.0,0.0,480.0,0.0,0.0,0.0,0.0,0.0,0.0,0.0,0.0,0.0,0.0,0.0,0.0,0.0,0.0,0.0,0.0,0.0,0.0,0.0,0.0,0.0,0.0,0.0,0.0,0.0,0.0,0.0,0.0,0.0,0.0,0.0,0.0,0.0,0.0,0.0,0.0,0.0,0.0,0.0,0.0,0.0,114685.71875,0.0,524531.1875,0.0,-2381.140625,0.0,2381.125,0.0,-2.034000602486907,0.0,0.45602312684059143,0.0,FL
276059,FL,1203,1094.1480712890625,5,2.0,199787.939453125,542390.994140625,5,0,104866.26191711426,0.0,437343.8125,2264.1796875,13231.8837890625,0.0,0.0,15496.0634765625,-764.0,0.0,764.0,0.0,-1095.2968788146973,0.0,1095.3125,0.0,0.0,0.0,0.0,0.0,0.0,0.0,0.0,0.0,0.0,0.0,0.0,0.0,0.0,0.0,0.0,0.0,0.0,0.0,0.0,0.0,0.0,0.0,0.0,0.0,0.0,0.0,0.0,0.0,0.0,0.0,0.0,0.0,-1052.9375,0.0,1052.9375,0.0,0.0,0.0,0.0,0.0,0.0,0.0,0.0,0.0,0.0,0.0,0.0,0.0,0.0,0.0,0.0,0.0,0.0,0.0,0.0,0.0,-20.527538299560547,0.0,20.5,0.0,0.0,0.0,0.0,0.0,0.0,0.0,0.0,0.0,0.0,0.0,0.0,0.0,0.0,0.0,0.0,0.0,101933.5,0.0,440276.5625,15496.0634765625,-2932.761917114258,0.0,2932.75,0.0,-2.7966686935330043,0.0,0.6705822348594666,0.0,FL
276060,FL,1203,0.6683239340782166,7,5.0,82832.6337890625,141743.578125,7,0,7945.953125000002,0.0,128282.6640625,0.0,0.0,0.0,0.0,0.0,-230.0000000000009,0.0,230.0,0.0,-418.0000000000018,0.0,418.0,0.0,0.0,0.0,0.0,0.0,0.0,0.0,0.0,0.0,-399.9999999999991,0.0,400.0,0.0,0.0,0.0,0.0,0.0,-374.3662109374991,0.0,374.3671875,0.0,0.0,0.0,0.0,0.0,0.0,0.0,0.0,0.0,0.0,0.0,0.0,0.0,0.0,0.0,0.0,0.0,0.0,0.0,0.0,0.0,0.0,0.0,0.0,0.0,0.0,0.0,0.0,0.0,0.0,0.0,0.0,0.0,0.0,0.0,0.0,0.0,0.0,0.0,0.0,0.0,-665.8164062500009,0.0,665.8125,0.0,0.0,0.0,0.0,0.0,0.0,0.0,0.0,0.0,0.0,0.0,0.0,0.0,5857.7705078125,0.0,130370.84375,0.0,-2088.182617187502,0.0,2088.1796875,0.0,-26.279825520459525,0.0,1.6277958154678345,0.0,FL
276061,FL,1203,17.218355178833008,3,0.0,156917.83178710938,536155.8161621094,3,0,110008.7265625,0.0,420723.0,0.0,0.0,0.0,0.0,0.0,-764.0,0.0,764.0,0.0,-643.6796875,0.0,643.6875,0.0,0.0,0.0,0.0,0.0,0.0,0.0,0.0,0.0,0.0,0.0,0.0,0.0,0.0,0.0,0.0,0.0,-1499.3203125,0.0,1499.3125,0.0,0.0,0.0,0.0,0.0,0.0,0.0,0.0,0.0,0.0,0.0,0.0,0.0,-640.0,0.0,640.0,0.0,0.0,0.0,0.0,0.0,0.0,0.0,0.0,0.0,0.0,0.0,0.0,0.0,0.0,0.0,0.0,0.0,0.0,0.0,0.0,0.0,0.0,0.0,0.0,0.0,0.0,0.0,0.0,0.0,0.0,0.0,0.0,0.0,0.0,0.0,0.0,0.0,0.0,0.0,0.0,0.0,106461.7265625,0.0,424270.0,0.0,-3547.0,0.0,3547.0,0.0,-3.2242896639520855,0.0,0.8430724740028381,0.0,FL
276062,FL,1203,4259.9404296875,3,1.0,170398.11328125,210597.30078125,3,0,23772.8447265625,0.0,182978.578125,0.0,0.0,7433.8330078125,2285.38671875,9719.2197265625,-131.0,0.0,131.0,0.0,-418.0,0.0,418.0,0.0,0.0,0.0,0.0,0.0,0.0,0.0,0.0,0.0,-119.85986328125,0.0,119.859375,0.0,0.0,0.0,0.0,0.0,-857.0390625,0.0,857.03125,0.0,0.0,0.0,0.0,0.0,0.0,0.0,0.0,0.0,0.0,0.0,0.0,0.0,0.0,0.0,0.0,0.0,0.0,0.0,0.0,0.0,0.0,0.0,0.0,0.0,0.0,0.0,0.0,0.0,-5254.578125,0.0,5254.578125,0.0,0.0,0.0,0.0,0.0,0.0,0.0,0.0,0.0,0.0,0.0,0.0,0.0,0.0,0.0,0.0,0.0,0.0,0.0,0.0,0.0,0.0,0.0,0.0,0.0,16992.36767578125,0.0,189759.046875,9719.2197265625,-6780.47705078125,0.0,6780.46875,0.0,-28.521942278136827,0.0,3.7056081295013428,0.0,FL
276063,FL,1203,0.8312118053436279,3,0.0,177145.732421875,418202.400390625,3,0,59358.3251953125,0.0,380994.625,15695.1572265625,0.0,0.0,0.0,15695.1572265625,-235.0,0.0,235.0,0.0,-532.0,0.0,532.0,0.0,0.0,0.0,0.0,0.0,0.0,0.0,0.0,0.0,0.0,0.0,0.0,0.0,0.0,0.0,0.0,0.0,0.0,0.0,0.0,0.0,0.0,0.0,0.0,0.0,0.0,0.0,0.0,0.0,0.0,0.0,0.0,0.0,-220.0,0.0,220.0,0.0,0.0,0.0,0.0,0.0,0.0,0.0,0.0,0.0,0.0,0.0,0.0,0.0,0.0,0.0,0.0,0.0,0.0,0.0,0.0,0.0,-945.626953125,0.0,945.625,0.0,0.0,0.0,0.0,0.0,0.0,0.0,0.0,0.0,0.0,0.0,0.0,0.0,0.0,0.0,0.0,0.0,57425.6982421875,0.0,382927.25,15695.1572265625,-1932.626953125,0.0,1932.625,0.0,-3.2558650311744626,0.0,0.5072578191757202,0.0,FL
276064,FL,1203,3274.96826171875,3,1.0,23934.8369140625,23934.8369140625,3,0,-6223.50732421875,0.0,60806.94921875,29716.080078125,2763.543212890625,0.0,0.0,32479.623291015625,0.0,0.0,0.0,0.0,0.0,0.0,0.0,0.0,0.0,0.0,0.0,0.0,0.0,0.0,0.0,0.0,96.50732421875,0.0,-96.5078125,0.0,0.0,0.0,0.0,0.0,0.0,0.0,0.0,0.0,0.0,0.0,0.0,0.0,0.0,0.0,0.0,0.0,0.0,0.0,0.0,0.0,0.0,0.0,0.0,0.0,0.0,0.0,0.0,0.0,0.0,0.0,0.0,0.0,0.0,0.0,0.0,0.0,0.0,0.0,0.0,0.0,0.0,0.0,0.0,0.0,0.0,0.0,0.0,0.0,0.0,0.0,0.0,0.0,0.0,0.0,0.0,0.0,0.0,0.0,0.0,0.0,0.0,0.0,0.0,0.0,-6127.0,0.0,60710.44140625,32479.623291015625,96.50732421875,0.0,-96.5078125,0.0,1.5506902971447016,0.0,-0.15871182084083557,0.0,FL
276065,FL,1203,4658.73583984375,1,0.0,90858.625,247732.6875,1,0,36746.7421875,0.0,204035.265625,0.0,0.0,0.0,0.0,0.0,-115.0,0.0,115.0,0.0,-209.0,0.0,209.0,0.0,0.0,0.0,0.0,0.0,0.0,0.0,0.0,0.0,0.0,0.0,0.0,0.0,0.0,0.0,0.0,0.0,0.0,0.0,0.0,0.0,0.0,0.0,0.0,0.0,0.0,0.0,0.0,0.0,0.0,0.0,0.0,0.0,0.0,0.0,0.0,0.0,0.0,0.0,0.0,0.0,0.0,0.0,0.0,0.0,0.0,0.0,0.0,0.0,0.0,0.0,0.0,0.0,0.0,0.0,0.0,0.0,0.0,0.0,0.0,0.0,0.0,0.0,0.0,0.0,0.0,0.0,0.0,0.0,0.0,0.0,0.0,0.0,0.0,0.0,0.0,0.0,36422.7421875,0.0,204359.265625,0.0,-324.0,0.0,324.0,0.0,-0.8817108149255579,0.0,0.15879607200622559,0.0,FL
276066,FL,1203,3372.430419921875,3,1.0,63712.73046875,63712.73046875,3,0,-2958.7662353515625,0.0,77726.90625,0.0,2763.543212890625,6838.89111328125,0.0,9602.434326171875,-5.0,0.0,5.0,0.0,-261.5,0.0,261.5,0.0,0.0,0.0,0.0,0.0,0.0,0.0,0.0,0.0,-200.0,0.0,200.0,0.0,0.0,0.0,0.0,0.0,0.0,0.0,0.0,0.0,0.0,0.0,0.0,0.0,0.0,0.0,0.0,0.0,0.0,0.0,0.0,0.0,0.0,0.0,0.0,0.0,0.0,0.0,0.0,0.0,0.0,0.0,0.0,0.0,0.0,0.0,0.0,0.0,0.0,0.0,0.0,0.0,-683.7705078125,0.0,683.7734375,0.0,0.0,0.0,0.0,0.0,0.0,0.0,0.0,0.0,0.0,0.0,0.0,0.0,0.0,0.0,0.0,0.0,0.0,0.0,0.0,0.0,-4109.0367431640625,0.0,78877.1796875,9602.434326171875,-1150.2705078125,0.0,1150.2734375,0.0,-38.876694416374676,0.0,1.4798909425735474,0.0,FL
276067,FL,1203,1.7186850309371948,4,1.0,108292.28125,116059.18359375,4,0,1676.968994140625,0.0,124075.4375,5275.40576171875,0.0,0.0,2285.38671875,7560.79248046875,-12.0,0.0,12.0,0.0,-386.0001220703125,0.0,386.0,0.0,0.0,0.0,0.0,0.0,0.0,0.0,0.0,0.0,-200.0,0.0,200.0,0.0,0.0,0.0,0.0,0.0,0.0,0.0,0.0,0.0,0.0,0.0,0.0,0.0,0.0,0.0,0.0,0.0,0.0,0.0,0.0,0.0,-16.2720947265625,0.0,16.28125,0.0,0.0,0.0,0.0,0.0,0.0,0.0,0.0,0.0,0.0,0.0,0.0,0.0,0.0,0.0,0.0,0.0,-315.85565185546875,0.0,315.84375,0.0,0.0,0.0,0.0,0.0,0.0,0.0,0.0,0.0,0.0,0.0,0.0,0.0,0.0,0.0,0.0,0.0,0.0,0.0,0.0,0.0,746.8411254882812,0.0,125005.5625,7560.79248046875,-930.1278686523438,0.0,930.125,0.0,-55.4648220630337,0.0,0.7496447563171387,0.0,FL
276068,FL,1203,0.6348232626914978,2,0.0,340312.7109375,477673.1875,2,0,87932.1484375,0.0,376016.65625,0.0,0.0,0.0,0.0,0.0,-292.0,0.0,292.0,0.0,-456.0,0.0,456.0,0.0,0.0,0.0,0.0,0.0,0.0,0.0,0.0,0.0,0.0,0.0,0.0,0.0,0.0,0.0,0.0,0.0,0.0,0.0,0.0,0.0,0.0,0.0,0.0,0.0,0.0,0.0,0.0,0.0,0.0,0.0,0.0,0.0,-480.0,0.0,480.0,0.0,0.0,0.0,0.0,0.0,0.0,0.0,0.0,0.0,0.0,0.0,0.0,0.0,0.0,0.0,0.0,0.0,0.0,0.0,0.0,0.0,0.0,0.0,0.0,0.0,0.0,0.0,0.0,0.0,0.0,0.0,0.0,0.0,0.0,0.0,0.0,0.0,0.0,0.0,0.0,0.0,86704.1484375,0.0,377244.65625,0.0,-1228.0,0.0,1228.0,0.0,-1.396531327643873,0.0,0.32658126950263977,0.0,FL
276069,FL,1203,2100.103271484375,2,0.0,401024.0625,859993.5625,2,0,174358.3125,0.0,674710.5625,0.0,0.0,0.0,0.0,0.0,-731.25,0.0,731.25,0.0,-304.0,0.0,304.0,0.0,0.0,0.0,0.0,0.0,0.0,0.0,0.0,0.0,0.0,0.0,0.0,0.0,0.0,0.0,0.0,0.0,-1600.0,0.0,1600.0,0.0,0.0,0.0,0.0,0.0,0.0,0.0,0.0,0.0,0.0,0.0,0.0,0.0,-320.0,0.0,320.0,0.0,0.0,0.0,0.0,0.0,0.0,0.0,0.0,0.0,0.0,0.0,0.0,0.0,0.0,0.0,0.0,0.0,0.0,0.0,0.0,0.0,0.0,0.0,0.0,0.0,0.0,0.0,0.0,0.0,0.0,0.0,0.0,0.0,0.0,0.0,0.0,0.0,0.0,0.0,0.0,0.0,171403.0625,0.0,677665.8125,0.0,-2955.25,0.0,2955.25,0.0,-1.6949292279942203,0.0,0.43800264596939087,0.0,FL
276070,FL,1203,0.11661821603775024,4,2.0,120087.80078125,157428.73828124997,4,0,12460.986816406252,0.0,142630.96875,415.0542297363281,0.0,6386.8955078125,0.0,6801.949737548828,-152.0,0.0,152.0,0.0,-321.662109375,0.0,321.65625,0.0,0.0,0.0,0.0,0.0,0.0,0.0,0.0,0.0,-400.0000000000018,0.0,400.0,0.0,0.0,0.0,0.0,0.0,0.0,0.0,0.0,0.0,0.0,0.0,0.0,0.0,0.0,0.0,0.0,0.0,0.0,0.0,0.0,0.0,-220.00000000000182,0.0,220.0,0.0,0.0,0.0,0.0,0.0,0.0,0.0,0.0,0.0,0.0,0.0,0.0,0.0,0.0,0.0,0.0,0.0,0.0,0.0,0.0,0.0,0.0,0.0,0.0,0.0,-32.42626953125,0.0,32.4375,0.0,0.0,0.0,0.0,0.0,0.0,0.0,0.0,0.0,0.0,0.0,0.0,0.0,11334.898437499998,0.0,143757.0625,6801.949737548828,-1126.0883789062536,0.0,1126.09375,0.0,-9.036911726955967,0.0,0.7895155549049377,0.0,FL
276071,FL,1203,0.12410330772399902,8,2.0,412885.08984375,440309.9765625,8,0,48351.0517578125,0.0,374918.15625,2705.33642578125,0.0,0.0,0.0,2705.33642578125,-575.0,0.0,575.0,0.0,-1045.0,0.0,1045.0,0.0,0.0,0.0,0.0,0.0,0.0,0.0,0.0,0.0,-400.0,0.0,400.0,0.0,0.0,0.0,0.0,0.0,-884.720703125,0.0,884.71875,0.0,0.0,0.0,0.0,0.0,0.0,0.0,0.0,0.0,0.0,0.0,0.0,0.0,-880.0,0.0,880.0,0.0,0.0,0.0,0.0,0.0,0.0,0.0,0.0,0.0,0.0,0.0,0.0,0.0,-2.638671875,0.0,2.625,0.0,0.0,0.0,0.0,0.0,0.0,0.0,0.0,0.0,0.0,0.0,0.0,0.0,0.0,0.0,0.0,0.0,0.0,0.0,0.0,0.0,0.0,0.0,0.0,0.0,44563.6923828125,0.0,378705.5,2705.33642578125,-3787.359375,0.0,3787.34375,0.0,-7.8330444474520515,0.0,1.010178804397583,0.0,FL
276072,FL,1203,0.16517454385757446,2,0.0,75349.7734375,130210.921875,2,0,11089.88671875,0.0,175197.109375,15236.2919921875,0.0,0.0,0.0,15236.2919921875,-10.0,0.0,10.0,0.0,-228.0,0.0,228.0,0.0,0.0,0.0,0.0,0.0,0.0,0.0,0.0,0.0,0.0,0.0,0.0,0.0,0.0,0.0,0.0,0.0,0.0,0.0,0.0,0.0,0.0,0.0,0.0,0.0,0.0,0.0,0.0,0.0,0.0,0.0,0.0,0.0,-240.0,0.0,240.0,0.0,0.0,0.0,0.0,0.0,0.0,0.0,0.0,0.0,0.0,0.0,0.0,0.0,0.0,0.0,0.0,0.0,0.0,0.0,0.0,0.0,-1440.0,0.0,1440.0,0.0,0.0,0.0,0.0,0.0,0.0,0.0,0.0,0.0,0.0,0.0,0.0,0.0,0.0,0.0,0.0,0.0,9171.88671875,0.0,177115.109375,15236.2919921875,-1918.0,0.0,1918.0,0.0,-17.295036898412864,0.0,1.0947668552398682,0.0,FL
276073,FL,1203,188.38197326660156,2,0.0,29129.697265625,102245.890625,2,0,7750.5556640625,0.0,146726.296875,44248.35546875,0.0,0.0,0.0,44248.35546875,-10.0,0.0,10.0,0.0,-228.0,0.0,228.0,0.0,0.0,0.0,0.0,0.0,0.0,0.0,0.0,0.0,0.0,0.0,0.0,0.0,0.0,0.0,0.0,0.0,0.0,0.0,0.0,0.0,0.0,0.0,0.0,0.0,0.0,0.0,0.0,0.0,0.0,0.0,0.0,0.0,0.0,0.0,0.0,0.0,0.0,0.0,0.0,0.0,0.0,0.0,0.0,0.0,0.0,0.0,0.0,0.0,0.0,0.0,0.0,0.0,0.0,0.0,0.0,0.0,-1440.0009765625,0.0,1440.015625,0.0,0.0,0.0,0.0,0.0,0.0,0.0,0.0,0.0,0.0,0.0,0.0,0.0,0.0,0.0,0.0,0.0,6072.5546875,0.0,148404.3125,44248.35546875,-1678.0009765625,0.0,1678.015625,0.0,-21.650073224336612,0.0,1.1436365842819214,0.0,FL
276074,FL,1203,0.16459156572818756,3,0.0,39431.81640625,59375.65234375,2,1,913.1814575195312,0.0,72953.234375,330.0,13231.8837890625,3945.41259765625,0.0,17507.29638671875,0.0,0.0,0.0,0.0,-190.00003051757812,0.0,190.0,0.0,0.0,0.0,0.0,0.0,0.0,0.0,0.0,0.0,0.0,0.0,0.0,0.0,0.0,0.0,0.0,0.0,0.0,0.0,0.0,0.0,0.0,0.0,0.0,0.0,0.0,0.0,0.0,0.0,0.0,0.0,0.0,0.0,0.0,0.0,0.0,0.0,0.0,0.0,0.0,0.0,0.0,0.0,0.0,0.0,0.0,0.0,0.0,0.0,0.0,0.0,0.0,0.0,0.0,0.0,0.0,0.0,0.0,0.0,0.0,0.0,0.0,0.0,0.0,0.0,0.0,0.0,0.0,0.0,0.0,0.0,0.0,0.0,0.0,0.0,0.0,0.0,723.1814270019531,0.0,73143.234375,17507.29638671875,-190.00003051757812,0.0,190.0,0.0,-20.806382888421098,0.0,0.2604408264160156,0.0,FL
276075,FL,1203,0.13297048211097717,9,1.0,344908.3837890625,460371.90332031256,9,0,35693.65688478947,0.0,401894.3125,0.0,0.0,0.0,0.0,0.0,-322.107421875,0.0,322.125,0.0,-552.6082702875137,0.0,552.59375,0.0,0.0,0.0,0.0,0.0,0.0,0.0,0.0,0.0,-200.0,0.0,200.0,0.0,0.0,0.0,0.0,0.0,0.0,0.0,0.0,0.0,0.0,0.0,0.0,0.0,0.0,0.0,0.0,0.0,0.0,0.0,0.0,0.0,-240.0,0.0,240.0,0.0,0.0,0.0,0.0,0.0,0.0,0.0,0.0,0.0,0.0,0.0,0.0,0.0,0.0,0.0,0.0,0.0,0.0,0.0,0.0,0.0,0.0,0.0,0.0,0.0,0.0,0.0,0.0,0.0,0.0,0.0,0.0,0.0,0.0,0.0,0.0,0.0,0.0,0.0,0.0,0.0,34378.94119262695,0.0,403209.03125,0.0,-1314.7156921625137,0.0,1314.71875,0.0,-3.6833314569199214,0.0,0.3271304666996002,0.0,FL
276076,FL,1203,242.10948181152344,2,0.0,27015.1953125,32811.5234375,2,0,0.0,0.0,85370.4765625,27466.525390625,0.0,0.0,0.0,27466.525390625,0.0,0.0,0.0,0.0,0.0,0.0,0.0,0.0,0.0,0.0,0.0,0.0,0.0,0.0,0.0,0.0,0.0,0.0,0.0,0.0,0.0,0.0,0.0,0.0,0.0,0.0,0.0,0.0,0.0,0.0,0.0,0.0,0.0,0.0,0.0,0.0,0.0,0.0,0.0,0.0,0.0,0.0,0.0,0.0,0.0,0.0,0.0,0.0,0.0,0.0,0.0,0.0,0.0,0.0,0.0,0.0,0.0,0.0,0.0,0.0,0.0,0.0,0.0,0.0,0.0,0.0,0.0,0.0,0.0,0.0,0.0,0.0,0.0,0.0,0.0,0.0,0.0,0.0,0.0,0.0,0.0,0.0,0.0,0.0,0.0,0.0,85370.4765625,27466.525390625,0.0,0.0,0.0,0.0,0.0,0.0,0.0,0.0,FL
276077,FL,1203,0.14904679358005524,2,0.0,67218.7880859375,431665.75,2,0,71532.859375,0.0,388721.53125,28774.455078125,0.0,0.0,0.0,28774.455078125,-292.0,0.0,292.0,0.0,-456.0,0.0,456.0,0.0,0.0,0.0,0.0,0.0,0.0,0.0,0.0,0.0,0.0,0.0,0.0,0.0,0.0,0.0,0.0,0.0,0.0,0.0,0.0,0.0,0.0,0.0,0.0,0.0,0.0,0.0,0.0,0.0,0.0,0.0,0.0,0.0,-480.0,0.0,480.0,0.0,0.0,0.0,0.0,0.0,0.0,0.0,0.0,0.0,0.0,0.0,0.0,0.0,0.0,0.0,0.0,0.0,0.0,0.0,0.0,0.0,0.0,0.0,0.0,0.0,0.0,0.0,0.0,0.0,0.0,0.0,0.0,0.0,0.0,0.0,0.0,0.0,0.0,0.0,0.0,0.0,70304.859375,0.0,389949.53125,28774.455078125,-1228.0,0.0,1228.0,0.0,-1.7166935737356719,0.0,0.31590738892555237,0.0,FL
